# MagicaVoxel @ Ephtracy

# group
o 

# material
mtllib Barrel.mtl
usemtl palette

# normals
vn -1 0 0
vn 1 0 0
vn 0 0 1
vn 0 0 -1
vn 0 -1 0
vn 0 1 0

# texcoords
vt 0.533203 0.5
vt 0.541016 0.5
vt 0.544922 0.5
vt 0.982422 0.5

# verts
v -1.4 1.3 0.4
v -1.4 1.3 0.2
v -1.4 1.3 -0.2
v -1.4 1.3 -0.4
v -1.4 2.1 0.4
v -1.4 2.1 0.2
v -1.4 2.1 -0.2
v -1.4 2.1 -0.4
v -1.3 0.8 0.3
v -1.3 0.8 0.1
v -1.3 0.8 -0.3
v -1.3 0.9 0.4
v -1.3 0.9 0.3
v -1.3 0.9 0.1
v -1.3 0.9 -0.3
v -1.3 0.9 -0.4
v -1.3 1.1 0.1
v -1.3 1.1 -0.1
v -1.3 1.2 0.2
v -1.3 1.2 0.1
v -1.3 1.2 -0.1
v -1.3 1.2 -0.2
v -1.3 1.3 0.6
v -1.3 1.3 0.4
v -1.3 1.3 0.2
v -1.3 1.3 -0.2
v -1.3 1.3 -0.4
v -1.3 1.3 -0.6
v -1.3 1.4 0.6
v -1.3 1.4 0.5
v -1.3 1.4 -0.5
v -1.3 1.4 -0.6
v -1.3 2 0.6
v -1.3 2 0.5
v -1.3 2 -0.5
v -1.3 2 -0.6
v -1.3 2.1 0.6
v -1.3 2.1 0.4
v -1.3 2.1 0.2
v -1.3 2.1 -0.2
v -1.3 2.1 -0.4
v -1.3 2.1 -0.6
v -1.3 2.2 0.2
v -1.3 2.2 0.1
v -1.3 2.2 -0.1
v -1.3 2.2 -0.2
v -1.3 2.3 0.1
v -1.3 2.3 -0.1
v -1.3 2.5 0.4
v -1.3 2.5 0.3
v -1.3 2.5 -0.2
v -1.3 2.5 -0.3
v -1.3 2.5 -0.4
v -1.3 2.6 0.3
v -1.3 2.6 -0.2
v -1.3 2.6 -0.3
v -1.2 0.5 0.3
v -1.2 0.5 0.1
v -1.2 0.5 -0.1
v -1.2 0.5 -0.3
v -1.2 0.7 0.1
v -1.2 0.7 -0.1
v -1.2 0.8 0.6
v -1.2 0.8 0.3
v -1.2 0.8 0.1
v -1.2 0.8 -0.3
v -1.2 0.8 -0.5
v -1.2 0.8 -0.6
v -1.2 0.9 0.6
v -1.2 0.9 0.4
v -1.2 0.9 0.3
v -1.2 0.9 -0.3
v -1.2 0.9 -0.4
v -1.2 0.9 -0.5
v -1.2 0.9 -0.6
v -1.2 1 0.6
v -1.2 1 0.5
v -1.2 1 -0.5
v -1.2 1 -0.6
v -1.2 1.1 0.6
v -1.2 1.1 0.5
v -1.2 1.1 -0.5
v -1.2 1.1 -0.6
v -1.2 1.3 0.8
v -1.2 1.3 0.6
v -1.2 1.3 0.4
v -1.2 1.3 -0.4
v -1.2 1.3 -0.6
v -1.2 1.3 -0.8
v -1.2 1.4 0.6
v -1.2 1.4 -0.6
v -1.2 2 0.6
v -1.2 2 -0.6
v -1.2 2.1 0.8
v -1.2 2.1 0.6
v -1.2 2.1 0.4
v -1.2 2.1 -0.4
v -1.2 2.1 -0.6
v -1.2 2.1 -0.8
v -1.2 2.3 0.6
v -1.2 2.3 0.5
v -1.2 2.3 -0.5
v -1.2 2.3 -0.6
v -1.2 2.4 0.6
v -1.2 2.4 0.5
v -1.2 2.4 -0.5
v -1.2 2.4 -0.6
v -1.2 2.5 0.6
v -1.2 2.5 0.5
v -1.2 2.5 0.4
v -1.2 2.5 0.3
v -1.2 2.5 -0.3
v -1.2 2.5 -0.4
v -1.2 2.5 -0.6
v -1.2 2.6 0.6
v -1.2 2.6 0.5
v -1.2 2.6 0.3
v -1.2 2.6 -0.2
v -1.2 2.6 -0.3
v -1.2 2.6 -0.6
v -1.2 2.7 0.1
v -1.2 2.7 -0.1
v -1.2 2.9 0.3
v -1.2 2.9 0.1
v -1.2 2.9 -0.1
v -1.2 2.9 -0.3
v -1.1 0.3 0.3
v -1.1 0.3 -0.3
v -1.1 0.4 0.1
v -1.1 0.4 -0.1
v -1.1 0.5 0.6
v -1.1 0.5 0.3
v -1.1 0.5 0.1
v -1.1 0.5 -0.1
v -1.1 0.5 -0.3
v -1.1 0.5 -0.6
v -1.1 0.8 0.7
v -1.1 0.8 0.6
v -1.1 0.8 0.3
v -1.1 0.8 -0.3
v -1.1 0.8 -0.5
v -1.1 0.8 -0.6
v -1.1 0.8 -0.7
v -1.1 0.9 0.8
v -1.1 0.9 0.7
v -1.1 0.9 0.6
v -1.1 0.9 -0.6
v -1.1 0.9 -0.7
v -1.1 0.9 -0.8
v -1.1 1 0.6
v -1.1 1 -0.6
v -1.1 1.1 0.6
v -1.1 1.1 -0.6
v -1.1 1.3 0.9
v -1.1 1.3 0.8
v -1.1 1.3 0.6
v -1.1 1.3 -0.6
v -1.1 1.3 -0.8
v -1.1 1.3 -0.9
v -1.1 1.5 0.9
v -1.1 1.5 0.8
v -1.1 1.5 -0.8
v -1.1 1.5 -0.9
v -1.1 1.9 0.9
v -1.1 1.9 0.8
v -1.1 1.9 -0.8
v -1.1 1.9 -0.9
v -1.1 2.1 0.9
v -1.1 2.1 0.8
v -1.1 2.1 0.6
v -1.1 2.1 -0.6
v -1.1 2.1 -0.8
v -1.1 2.1 -0.9
v -1.1 2.3 0.6
v -1.1 2.3 -0.6
v -1.1 2.4 0.6
v -1.1 2.4 -0.6
v -1.1 2.5 0.8
v -1.1 2.5 0.7
v -1.1 2.5 0.6
v -1.1 2.5 -0.6
v -1.1 2.5 -0.7
v -1.1 2.5 -0.8
v -1.1 2.6 0.7
v -1.1 2.6 0.6
v -1.1 2.6 0.5
v -1.1 2.6 0.3
v -1.1 2.6 -0.3
v -1.1 2.6 -0.6
v -1.1 2.6 -0.7
v -1.1 2.8 0.5
v -1.1 2.8 0.4
v -1.1 2.8 -0.4
v -1.1 2.8 -0.5
v -1.1 2.9 0.6
v -1.1 2.9 0.5
v -1.1 2.9 0.4
v -1.1 2.9 0.3
v -1.1 2.9 0.1
v -1.1 2.9 -0.1
v -1.1 2.9 -0.3
v -1.1 2.9 -0.4
v -1.1 2.9 -0.5
v -1.1 2.9 -0.6
v -1.1 3 0.1
v -1.1 3 -0.1
v -1.1 3.1 0.3
v -1.1 3.1 -0.3
v -1 0.3 0.6
v -1 0.3 0.3
v -1 0.3 -0.3
v -1 0.3 -0.6
v -1 0.4 0.6
v -1 0.4 0.5
v -1 0.4 -0.5
v -1 0.4 -0.6
v -1 0.5 0.7
v -1 0.5 0.6
v -1 0.5 0.5
v -1 0.5 0.3
v -1 0.5 -0.3
v -1 0.5 -0.5
v -1 0.5 -0.6
v -1 0.5 -0.7
v -1 0.6 0.7
v -1 0.6 0.6
v -1 0.6 -0.6
v -1 0.6 -0.7
v -1 0.8 0.8
v -1 0.8 0.7
v -1 0.8 0.6
v -1 0.8 -0.6
v -1 0.8 -0.7
v -1 0.8 -0.8
v -1 0.9 0.9
v -1 0.9 0.8
v -1 0.9 0.7
v -1 0.9 -0.7
v -1 0.9 -0.8
v -1 0.9 -0.9
v -1 1.3 1
v -1 1.3 0.9
v -1 1.3 0.8
v -1 1.3 -0.8
v -1 1.3 -0.9
v -1 1.3 -1
v -1 1.5 0.9
v -1 1.5 -0.9
v -1 1.6 1
v -1 1.6 0.9
v -1 1.6 -0.9
v -1 1.6 -1
v -1 1.8 1
v -1 1.8 0.9
v -1 1.8 -0.9
v -1 1.8 -1
v -1 1.9 0.9
v -1 1.9 -0.9
v -1 2.1 1
v -1 2.1 0.9
v -1 2.1 0.8
v -1 2.1 -0.8
v -1 2.1 -0.9
v -1 2.1 -1
v -1 2.5 0.9
v -1 2.5 0.8
v -1 2.5 0.7
v -1 2.5 -0.7
v -1 2.5 -0.8
v -1 2.5 -0.9
v -1 2.6 0.8
v -1 2.6 0.7
v -1 2.6 0.6
v -1 2.6 -0.6
v -1 2.6 -0.7
v -1 2.6 -0.8
v -1 2.9 0.7
v -1 2.9 0.6
v -1 2.9 0.5
v -1 2.9 0.4
v -1 2.9 0.3
v -1 2.9 -0.3
v -1 2.9 -0.4
v -1 2.9 -0.5
v -1 2.9 -0.6
v -1 2.9 -0.7
v -1 3 0.5
v -1 3 0.4
v -1 3 -0.4
v -1 3 -0.5
v -1 3.1 0.6
v -1 3.1 0.3
v -1 3.1 -0.3
v -1 3.1 -0.6
v -0.9 0.3 0.7
v -0.9 0.3 0.6
v -0.9 0.3 -0.6
v -0.9 0.3 -0.7
v -0.9 0.4 0.6
v -0.9 0.4 -0.6
v -0.9 0.5 0.8
v -0.9 0.5 0.7
v -0.9 0.5 0.6
v -0.9 0.5 -0.6
v -0.9 0.5 -0.7
v -0.9 0.5 -0.8
v -0.9 0.6 0.7
v -0.9 0.6 -0.7
v -0.9 0.8 0.9
v -0.9 0.8 0.8
v -0.9 0.8 0.7
v -0.9 0.8 -0.7
v -0.9 0.8 -0.8
v -0.9 0.8 -0.9
v -0.9 0.9 1
v -0.9 0.9 0.9
v -0.9 0.9 0.8
v -0.9 0.9 -0.8
v -0.9 0.9 -0.9
v -0.9 0.9 -1
v -0.9 1.3 1.1
v -0.9 1.3 1
v -0.9 1.3 0.9
v -0.9 1.3 -0.9
v -0.9 1.3 -1
v -0.9 1.3 -1.1
v -0.9 1.5 1.1
v -0.9 1.5 1
v -0.9 1.5 -1
v -0.9 1.5 -1.1
v -0.9 1.6 1
v -0.9 1.6 -1
v -0.9 1.8 1
v -0.9 1.8 -1
v -0.9 1.9 1.1
v -0.9 1.9 1
v -0.9 1.9 -1
v -0.9 1.9 -1.1
v -0.9 2.1 1.1
v -0.9 2.1 1
v -0.9 2.1 0.9
v -0.9 2.1 -0.9
v -0.9 2.1 -1
v -0.9 2.1 -1.1
v -0.9 2.5 1
v -0.9 2.5 0.9
v -0.9 2.5 0.8
v -0.9 2.5 -0.8
v -0.9 2.5 -0.9
v -0.9 2.5 -1
v -0.9 2.6 0.9
v -0.9 2.6 0.8
v -0.9 2.6 0.7
v -0.9 2.6 -0.7
v -0.9 2.6 -0.8
v -0.9 2.6 -0.9
v -0.9 2.8 0.8
v -0.9 2.8 0.7
v -0.9 2.8 -0.7
v -0.9 2.8 -0.8
v -0.9 2.9 0.8
v -0.9 2.9 0.7
v -0.9 2.9 0.6
v -0.9 2.9 -0.6
v -0.9 2.9 -0.7
v -0.9 2.9 -0.8
v -0.9 3 0.7
v -0.9 3 0.6
v -0.9 3 -0.6
v -0.9 3 -0.7
v -0.9 3.1 0.7
v -0.9 3.1 0.6
v -0.9 3.1 -0.6
v -0.9 3.1 -0.7
v -0.8 0.3 0.8
v -0.8 0.3 0.7
v -0.8 0.3 -0.7
v -0.8 0.3 -0.8
v -0.8 0.5 0.9
v -0.8 0.5 0.8
v -0.8 0.5 0.7
v -0.8 0.5 -0.7
v -0.8 0.5 -0.8
v -0.8 0.5 -0.9
v -0.8 0.8 1
v -0.8 0.8 0.9
v -0.8 0.8 0.8
v -0.8 0.8 -0.8
v -0.8 0.8 -0.9
v -0.8 0.8 -1
v -0.8 0.9 1.1
v -0.8 0.9 1
v -0.8 0.9 0.9
v -0.8 0.9 -0.9
v -0.8 0.9 -1
v -0.8 0.9 -1.1
v -0.8 1.3 1.2
v -0.8 1.3 1.1
v -0.8 1.3 1
v -0.8 1.3 -1
v -0.8 1.3 -1.1
v -0.8 1.3 -1.2
v -0.8 1.5 1.1
v -0.8 1.5 -1.1
v -0.8 1.9 1.1
v -0.8 1.9 -1.1
v -0.8 2.1 1.2
v -0.8 2.1 1.1
v -0.8 2.1 1
v -0.8 2.1 -1
v -0.8 2.1 -1.1
v -0.8 2.1 -1.2
v -0.8 2.5 1.1
v -0.8 2.5 1
v -0.8 2.5 0.9
v -0.8 2.5 -0.9
v -0.8 2.5 -1
v -0.8 2.5 -1.1
v -0.8 2.6 1
v -0.8 2.6 0.9
v -0.8 2.6 0.8
v -0.8 2.6 -0.8
v -0.8 2.6 -0.9
v -0.8 2.6 -1
v -0.8 2.8 0.9
v -0.8 2.8 0.8
v -0.8 2.8 -0.8
v -0.8 2.8 -0.9
v -0.8 2.9 0.9
v -0.8 2.9 0.8
v -0.8 2.9 0.7
v -0.8 2.9 -0.7
v -0.8 2.9 -0.8
v -0.8 2.9 -0.9
v -0.8 3 0.7
v -0.8 3 -0.7
v -0.8 3.1 0.8
v -0.8 3.1 0.7
v -0.8 3.1 -0.7
v -0.8 3.1 -0.8
v -0.7 0.3 0.9
v -0.7 0.3 0.8
v -0.7 0.3 -0.8
v -0.7 0.3 -0.9
v -0.7 0.5 1
v -0.7 0.5 0.9
v -0.7 0.5 0.8
v -0.7 0.5 -0.8
v -0.7 0.5 -0.9
v -0.7 0.5 -1
v -0.7 0.6 1
v -0.7 0.6 0.9
v -0.7 0.6 -0.9
v -0.7 0.6 -1
v -0.7 0.8 1.1
v -0.7 0.8 1
v -0.7 0.8 0.9
v -0.7 0.8 -0.9
v -0.7 0.8 -1
v -0.7 0.8 -1.1
v -0.7 0.9 1.1
v -0.7 0.9 1
v -0.7 0.9 -1
v -0.7 0.9 -1.1
v -0.7 2.5 1.1
v -0.7 2.5 1
v -0.7 2.5 -1
v -0.7 2.5 -1.1
v -0.7 2.6 1.1
v -0.7 2.6 1
v -0.7 2.6 0.9
v -0.7 2.6 -0.9
v -0.7 2.6 -1
v -0.7 2.6 -1.1
v -0.7 2.8 0.9
v -0.7 2.8 -0.9
v -0.7 2.9 1
v -0.7 2.9 0.9
v -0.7 2.9 0.8
v -0.7 2.9 -0.8
v -0.7 2.9 -0.9
v -0.7 2.9 -1
v -0.7 3 0.9
v -0.7 3 0.8
v -0.7 3 -0.8
v -0.7 3 -0.9
v -0.7 3.1 0.9
v -0.7 3.1 0.8
v -0.7 3.1 -0.8
v -0.7 3.1 -0.9
v -0.6 0.3 1
v -0.6 0.3 0.9
v -0.6 0.3 -0.9
v -0.6 0.3 -1
v -0.6 0.4 1
v -0.6 0.4 0.9
v -0.6 0.4 -0.9
v -0.6 0.4 -1
v -0.6 0.5 1.1
v -0.6 0.5 1
v -0.6 0.5 0.9
v -0.6 0.5 -0.9
v -0.6 0.5 -1
v -0.6 0.5 -1.1
v -0.6 0.6 1
v -0.6 0.6 -1
v -0.6 0.8 1.2
v -0.6 0.8 1.1
v -0.6 0.8 1
v -0.6 0.8 -1
v -0.6 0.8 -1.1
v -0.6 0.8 -1.2
v -0.6 0.9 1.2
v -0.6 0.9 1.1
v -0.6 0.9 -1.1
v -0.6 0.9 -1.2
v -0.6 1 1.2
v -0.6 1 1.1
v -0.6 1 -1.1
v -0.6 1 -1.2
v -0.6 1.1 1.2
v -0.6 1.1 1.1
v -0.6 1.1 -1.1
v -0.6 1.1 -1.2
v -0.6 1.3 1.3
v -0.6 1.3 1.2
v -0.6 1.3 1.1
v -0.6 1.3 -1.1
v -0.6 1.3 -1.2
v -0.6 1.3 -1.3
v -0.6 1.4 1.3
v -0.6 1.4 1.2
v -0.6 1.4 -1.2
v -0.6 1.4 -1.3
v -0.6 2 1.3
v -0.6 2 1.2
v -0.6 2 -1.2
v -0.6 2 -1.3
v -0.6 2.1 1.3
v -0.6 2.1 1.2
v -0.6 2.1 1.1
v -0.6 2.1 -1.1
v -0.6 2.1 -1.2
v -0.6 2.1 -1.3
v -0.6 2.3 1.2
v -0.6 2.3 1.1
v -0.6 2.3 -1.1
v -0.6 2.3 -1.2
v -0.6 2.4 1.2
v -0.6 2.4 1.1
v -0.6 2.4 -1.1
v -0.6 2.4 -1.2
v -0.6 2.5 1.2
v -0.6 2.5 1.1
v -0.6 2.5 -1.1
v -0.6 2.5 -1.2
v -0.6 2.6 1.2
v -0.6 2.6 1.1
v -0.6 2.6 1
v -0.6 2.6 -1
v -0.6 2.6 -1.1
v -0.6 2.6 -1.2
v -0.6 2.9 1.1
v -0.6 2.9 1
v -0.6 2.9 0.9
v -0.6 2.9 -0.9
v -0.6 2.9 -1
v -0.6 2.9 -1.1
v -0.6 3 0.9
v -0.6 3 -0.9
v -0.6 3.1 1
v -0.6 3.1 0.9
v -0.6 3.1 -0.9
v -0.6 3.1 -1
v -0.4 0.9 1.3
v -0.4 0.9 1.2
v -0.4 0.9 -1.2
v -0.4 0.9 -1.3
v -0.4 1.3 1.4
v -0.4 1.3 1.3
v -0.4 1.3 1.2
v -0.4 1.3 -1.2
v -0.4 1.3 -1.3
v -0.4 1.3 -1.4
v -0.4 2.1 1.4
v -0.4 2.1 1.3
v -0.4 2.1 1.2
v -0.4 2.1 -1.2
v -0.4 2.1 -1.3
v -0.4 2.1 -1.4
v -0.4 2.5 1.3
v -0.4 2.5 1.2
v -0.4 2.5 -1.2
v -0.4 2.5 -1.3
v -0.3 0.3 1.1
v -0.3 0.3 1
v -0.3 0.3 -1
v -0.3 0.3 -1.1
v -0.3 0.5 1.2
v -0.3 0.5 1.1
v -0.3 0.5 1
v -0.3 0.5 -1
v -0.3 0.5 -1.1
v -0.3 0.5 -1.2
v -0.3 0.8 1.3
v -0.3 0.8 1.2
v -0.3 0.8 1.1
v -0.3 0.8 -1.1
v -0.3 0.8 -1.2
v -0.3 0.8 -1.3
v -0.3 0.9 1.3
v -0.3 0.9 1.2
v -0.3 0.9 -1.2
v -0.3 0.9 -1.3
v -0.3 2.5 1.3
v -0.3 2.5 1.2
v -0.3 2.5 -1.2
v -0.3 2.5 -1.3
v -0.3 2.6 1.3
v -0.3 2.6 1.2
v -0.3 2.6 1.1
v -0.3 2.6 -1.1
v -0.3 2.6 -1.2
v -0.3 2.6 -1.3
v -0.3 2.9 1.2
v -0.3 2.9 1.1
v -0.3 2.9 1
v -0.3 2.9 -1
v -0.3 2.9 -1.1
v -0.3 2.9 -1.2
v -0.3 3.1 1.1
v -0.3 3.1 1
v -0.3 3.1 -1
v -0.3 3.1 -1.1
v 0.3 0.3 1.1
v 0.3 0.3 1
v 0.3 0.3 -1
v 0.3 0.3 -1.1
v 0.3 0.5 1.2
v 0.3 0.5 1.1
v 0.3 0.5 1
v 0.3 0.5 -1
v 0.3 0.5 -1.1
v 0.3 0.5 -1.2
v 0.3 0.8 1.3
v 0.3 0.8 1.2
v 0.3 0.8 1.1
v 0.3 0.8 -1.1
v 0.3 0.8 -1.2
v 0.3 0.8 -1.3
v 0.3 0.9 1.3
v 0.3 0.9 1.2
v 0.3 0.9 -1.2
v 0.3 0.9 -1.3
v 0.3 2.5 1.3
v 0.3 2.5 1.2
v 0.3 2.5 -1.2
v 0.3 2.5 -1.3
v 0.3 2.6 1.3
v 0.3 2.6 1.2
v 0.3 2.6 1.1
v 0.3 2.6 -1.1
v 0.3 2.6 -1.2
v 0.3 2.6 -1.3
v 0.3 2.9 1.2
v 0.3 2.9 1.1
v 0.3 2.9 1
v 0.3 2.9 -1
v 0.3 2.9 -1.1
v 0.3 2.9 -1.2
v 0.3 3.1 1.1
v 0.3 3.1 1
v 0.3 3.1 -1
v 0.3 3.1 -1.1
v 0.4 0.9 1.3
v 0.4 0.9 1.2
v 0.4 0.9 -1.2
v 0.4 0.9 -1.3
v 0.4 1.3 1.4
v 0.4 1.3 1.3
v 0.4 1.3 1.2
v 0.4 1.3 -1.2
v 0.4 1.3 -1.3
v 0.4 1.3 -1.4
v 0.4 2.1 1.4
v 0.4 2.1 1.3
v 0.4 2.1 1.2
v 0.4 2.1 -1.2
v 0.4 2.1 -1.3
v 0.4 2.1 -1.4
v 0.4 2.5 1.3
v 0.4 2.5 1.2
v 0.4 2.5 -1.2
v 0.4 2.5 -1.3
v 0.6 0.3 1
v 0.6 0.3 0.9
v 0.6 0.3 -0.9
v 0.6 0.3 -1
v 0.6 0.4 1
v 0.6 0.4 0.9
v 0.6 0.4 -0.9
v 0.6 0.4 -1
v 0.6 0.5 1.1
v 0.6 0.5 1
v 0.6 0.5 0.9
v 0.6 0.5 -0.9
v 0.6 0.5 -1
v 0.6 0.5 -1.1
v 0.6 0.6 1
v 0.6 0.6 -1
v 0.6 0.8 1.2
v 0.6 0.8 1.1
v 0.6 0.8 1
v 0.6 0.8 -1
v 0.6 0.8 -1.1
v 0.6 0.8 -1.2
v 0.6 0.9 1.2
v 0.6 0.9 1.1
v 0.6 0.9 -1.1
v 0.6 0.9 -1.2
v 0.6 1 1.2
v 0.6 1 1.1
v 0.6 1 -1.1
v 0.6 1 -1.2
v 0.6 1.1 1.2
v 0.6 1.1 1.1
v 0.6 1.1 -1.1
v 0.6 1.1 -1.2
v 0.6 1.3 1.3
v 0.6 1.3 1.2
v 0.6 1.3 1.1
v 0.6 1.3 -1.1
v 0.6 1.3 -1.2
v 0.6 1.3 -1.3
v 0.6 1.4 1.3
v 0.6 1.4 1.2
v 0.6 1.4 -1.2
v 0.6 1.4 -1.3
v 0.6 2 1.3
v 0.6 2 1.2
v 0.6 2 -1.2
v 0.6 2 -1.3
v 0.6 2.1 1.3
v 0.6 2.1 1.2
v 0.6 2.1 1.1
v 0.6 2.1 -1.1
v 0.6 2.1 -1.2
v 0.6 2.1 -1.3
v 0.6 2.3 1.2
v 0.6 2.3 1.1
v 0.6 2.3 -1.1
v 0.6 2.3 -1.2
v 0.6 2.4 1.2
v 0.6 2.4 1.1
v 0.6 2.4 -1.1
v 0.6 2.4 -1.2
v 0.6 2.5 1.2
v 0.6 2.5 1.1
v 0.6 2.5 -1.1
v 0.6 2.5 -1.2
v 0.6 2.6 1.2
v 0.6 2.6 1.1
v 0.6 2.6 1
v 0.6 2.6 -1
v 0.6 2.6 -1.1
v 0.6 2.6 -1.2
v 0.6 2.9 1.1
v 0.6 2.9 1
v 0.6 2.9 0.9
v 0.6 2.9 -0.9
v 0.6 2.9 -1
v 0.6 2.9 -1.1
v 0.6 3 0.9
v 0.6 3 -0.9
v 0.6 3.1 1
v 0.6 3.1 0.9
v 0.6 3.1 -0.9
v 0.6 3.1 -1
v 0.7 0.3 0.9
v 0.7 0.3 0.8
v 0.7 0.3 -0.8
v 0.7 0.3 -0.9
v 0.7 0.5 1
v 0.7 0.5 0.9
v 0.7 0.5 0.8
v 0.7 0.5 -0.8
v 0.7 0.5 -0.9
v 0.7 0.5 -1
v 0.7 0.6 1
v 0.7 0.6 0.9
v 0.7 0.6 -0.9
v 0.7 0.6 -1
v 0.7 0.8 1.1
v 0.7 0.8 1
v 0.7 0.8 0.9
v 0.7 0.8 -0.9
v 0.7 0.8 -1
v 0.7 0.8 -1.1
v 0.7 0.9 1.1
v 0.7 0.9 1
v 0.7 0.9 -1
v 0.7 0.9 -1.1
v 0.7 2.5 1.1
v 0.7 2.5 1
v 0.7 2.5 -1
v 0.7 2.5 -1.1
v 0.7 2.6 1.1
v 0.7 2.6 1
v 0.7 2.6 0.9
v 0.7 2.6 -0.9
v 0.7 2.6 -1
v 0.7 2.6 -1.1
v 0.7 2.8 0.9
v 0.7 2.8 -0.9
v 0.7 2.9 1
v 0.7 2.9 0.9
v 0.7 2.9 0.8
v 0.7 2.9 -0.8
v 0.7 2.9 -0.9
v 0.7 2.9 -1
v 0.7 3 0.9
v 0.7 3 0.8
v 0.7 3 -0.8
v 0.7 3 -0.9
v 0.7 3.1 0.9
v 0.7 3.1 0.8
v 0.7 3.1 -0.8
v 0.7 3.1 -0.9
v 0.8 0.3 0.8
v 0.8 0.3 0.7
v 0.8 0.3 -0.7
v 0.8 0.3 -0.8
v 0.8 0.5 0.9
v 0.8 0.5 0.8
v 0.8 0.5 0.7
v 0.8 0.5 -0.7
v 0.8 0.5 -0.8
v 0.8 0.5 -0.9
v 0.8 0.8 1
v 0.8 0.8 0.9
v 0.8 0.8 0.8
v 0.8 0.8 -0.8
v 0.8 0.8 -0.9
v 0.8 0.8 -1
v 0.8 0.9 1.1
v 0.8 0.9 1
v 0.8 0.9 0.9
v 0.8 0.9 -0.9
v 0.8 0.9 -1
v 0.8 0.9 -1.1
v 0.8 1.3 1.2
v 0.8 1.3 1.1
v 0.8 1.3 1
v 0.8 1.3 -1
v 0.8 1.3 -1.1
v 0.8 1.3 -1.2
v 0.8 1.5 1.1
v 0.8 1.5 -1.1
v 0.8 1.9 1.1
v 0.8 1.9 -1.1
v 0.8 2.1 1.2
v 0.8 2.1 1.1
v 0.8 2.1 1
v 0.8 2.1 -1
v 0.8 2.1 -1.1
v 0.8 2.1 -1.2
v 0.8 2.5 1.1
v 0.8 2.5 1
v 0.8 2.5 0.9
v 0.8 2.5 -0.9
v 0.8 2.5 -1
v 0.8 2.5 -1.1
v 0.8 2.6 1
v 0.8 2.6 0.9
v 0.8 2.6 0.8
v 0.8 2.6 -0.8
v 0.8 2.6 -0.9
v 0.8 2.6 -1
v 0.8 2.8 0.9
v 0.8 2.8 0.8
v 0.8 2.8 -0.8
v 0.8 2.8 -0.9
v 0.8 2.9 0.9
v 0.8 2.9 0.8
v 0.8 2.9 0.7
v 0.8 2.9 -0.7
v 0.8 2.9 -0.8
v 0.8 2.9 -0.9
v 0.8 3 0.7
v 0.8 3 -0.7
v 0.8 3.1 0.8
v 0.8 3.1 0.7
v 0.8 3.1 -0.7
v 0.8 3.1 -0.8
v 0.9 0.3 0.7
v 0.9 0.3 0.6
v 0.9 0.3 -0.6
v 0.9 0.3 -0.7
v 0.9 0.4 0.6
v 0.9 0.4 -0.6
v 0.9 0.5 0.8
v 0.9 0.5 0.7
v 0.9 0.5 0.6
v 0.9 0.5 -0.6
v 0.9 0.5 -0.7
v 0.9 0.5 -0.8
v 0.9 0.6 0.7
v 0.9 0.6 -0.7
v 0.9 0.8 0.9
v 0.9 0.8 0.8
v 0.9 0.8 0.7
v 0.9 0.8 -0.7
v 0.9 0.8 -0.8
v 0.9 0.8 -0.9
v 0.9 0.9 1
v 0.9 0.9 0.9
v 0.9 0.9 0.8
v 0.9 0.9 -0.8
v 0.9 0.9 -0.9
v 0.9 0.9 -1
v 0.9 1.3 1.1
v 0.9 1.3 1
v 0.9 1.3 0.9
v 0.9 1.3 -0.9
v 0.9 1.3 -1
v 0.9 1.3 -1.1
v 0.9 1.5 1.1
v 0.9 1.5 1
v 0.9 1.5 -1
v 0.9 1.5 -1.1
v 0.9 1.6 1
v 0.9 1.6 -1
v 0.9 1.8 1
v 0.9 1.8 -1
v 0.9 1.9 1.1
v 0.9 1.9 1
v 0.9 1.9 -1
v 0.9 1.9 -1.1
v 0.9 2.1 1.1
v 0.9 2.1 1
v 0.9 2.1 0.9
v 0.9 2.1 -0.9
v 0.9 2.1 -1
v 0.9 2.1 -1.1
v 0.9 2.5 1
v 0.9 2.5 0.9
v 0.9 2.5 0.8
v 0.9 2.5 -0.8
v 0.9 2.5 -0.9
v 0.9 2.5 -1
v 0.9 2.6 0.9
v 0.9 2.6 0.8
v 0.9 2.6 0.7
v 0.9 2.6 -0.7
v 0.9 2.6 -0.8
v 0.9 2.6 -0.9
v 0.9 2.8 0.8
v 0.9 2.8 0.7
v 0.9 2.8 -0.7
v 0.9 2.8 -0.8
v 0.9 2.9 0.8
v 0.9 2.9 0.7
v 0.9 2.9 0.6
v 0.9 2.9 -0.6
v 0.9 2.9 -0.7
v 0.9 2.9 -0.8
v 0.9 3 0.7
v 0.9 3 0.6
v 0.9 3 -0.6
v 0.9 3 -0.7
v 0.9 3.1 0.7
v 0.9 3.1 0.6
v 0.9 3.1 -0.6
v 0.9 3.1 -0.7
v 1 0.3 0.6
v 1 0.3 0.3
v 1 0.3 -0.3
v 1 0.3 -0.6
v 1 0.4 0.6
v 1 0.4 0.5
v 1 0.4 -0.5
v 1 0.4 -0.6
v 1 0.5 0.7
v 1 0.5 0.6
v 1 0.5 0.5
v 1 0.5 0.3
v 1 0.5 -0.3
v 1 0.5 -0.5
v 1 0.5 -0.6
v 1 0.5 -0.7
v 1 0.6 0.7
v 1 0.6 0.6
v 1 0.6 -0.6
v 1 0.6 -0.7
v 1 0.8 0.8
v 1 0.8 0.7
v 1 0.8 0.6
v 1 0.8 -0.6
v 1 0.8 -0.7
v 1 0.8 -0.8
v 1 0.9 0.9
v 1 0.9 0.8
v 1 0.9 0.7
v 1 0.9 -0.7
v 1 0.9 -0.8
v 1 0.9 -0.9
v 1 1.3 1
v 1 1.3 0.9
v 1 1.3 0.8
v 1 1.3 -0.8
v 1 1.3 -0.9
v 1 1.3 -1
v 1 1.5 0.9
v 1 1.5 -0.9
v 1 1.6 1
v 1 1.6 0.9
v 1 1.6 -0.9
v 1 1.6 -1
v 1 1.8 1
v 1 1.8 0.9
v 1 1.8 -0.9
v 1 1.8 -1
v 1 1.9 0.9
v 1 1.9 -0.9
v 1 2.1 1
v 1 2.1 0.9
v 1 2.1 0.8
v 1 2.1 -0.8
v 1 2.1 -0.9
v 1 2.1 -1
v 1 2.5 0.9
v 1 2.5 0.8
v 1 2.5 0.7
v 1 2.5 -0.7
v 1 2.5 -0.8
v 1 2.5 -0.9
v 1 2.6 0.8
v 1 2.6 0.7
v 1 2.6 0.6
v 1 2.6 -0.6
v 1 2.6 -0.7
v 1 2.6 -0.8
v 1 2.9 0.7
v 1 2.9 0.6
v 1 2.9 0.5
v 1 2.9 0.4
v 1 2.9 0.3
v 1 2.9 -0.3
v 1 2.9 -0.4
v 1 2.9 -0.5
v 1 2.9 -0.6
v 1 2.9 -0.7
v 1 3 0.5
v 1 3 0.4
v 1 3 -0.4
v 1 3 -0.5
v 1 3.1 0.6
v 1 3.1 0.3
v 1 3.1 -0.3
v 1 3.1 -0.6
v 1.1 0.3 0.3
v 1.1 0.3 -0.3
v 1.1 0.4 0.1
v 1.1 0.4 -0.1
v 1.1 0.5 0.6
v 1.1 0.5 0.3
v 1.1 0.5 0.1
v 1.1 0.5 -0.1
v 1.1 0.5 -0.3
v 1.1 0.5 -0.6
v 1.1 0.8 0.7
v 1.1 0.8 0.6
v 1.1 0.8 0.3
v 1.1 0.8 -0.3
v 1.1 0.8 -0.5
v 1.1 0.8 -0.6
v 1.1 0.8 -0.7
v 1.1 0.9 0.8
v 1.1 0.9 0.7
v 1.1 0.9 0.6
v 1.1 0.9 -0.6
v 1.1 0.9 -0.7
v 1.1 0.9 -0.8
v 1.1 1 0.6
v 1.1 1 -0.6
v 1.1 1.1 0.6
v 1.1 1.1 -0.6
v 1.1 1.3 0.9
v 1.1 1.3 0.8
v 1.1 1.3 0.6
v 1.1 1.3 -0.6
v 1.1 1.3 -0.8
v 1.1 1.3 -0.9
v 1.1 1.5 0.9
v 1.1 1.5 0.8
v 1.1 1.5 -0.8
v 1.1 1.5 -0.9
v 1.1 1.9 0.9
v 1.1 1.9 0.8
v 1.1 1.9 -0.8
v 1.1 1.9 -0.9
v 1.1 2.1 0.9
v 1.1 2.1 0.8
v 1.1 2.1 0.6
v 1.1 2.1 -0.6
v 1.1 2.1 -0.8
v 1.1 2.1 -0.9
v 1.1 2.3 0.6
v 1.1 2.3 -0.6
v 1.1 2.4 0.6
v 1.1 2.4 -0.6
v 1.1 2.5 0.8
v 1.1 2.5 0.7
v 1.1 2.5 0.6
v 1.1 2.5 -0.6
v 1.1 2.5 -0.7
v 1.1 2.5 -0.8
v 1.1 2.6 0.7
v 1.1 2.6 0.6
v 1.1 2.6 0.3
v 1.1 2.6 -0.3
v 1.1 2.6 -0.6
v 1.1 2.6 -0.7
v 1.1 2.8 0.5
v 1.1 2.8 0.4
v 1.1 2.8 -0.4
v 1.1 2.8 -0.5
v 1.1 2.9 0.6
v 1.1 2.9 0.5
v 1.1 2.9 0.4
v 1.1 2.9 0.3
v 1.1 2.9 0.1
v 1.1 2.9 -0.1
v 1.1 2.9 -0.3
v 1.1 2.9 -0.4
v 1.1 2.9 -0.5
v 1.1 2.9 -0.6
v 1.1 3 0.1
v 1.1 3 -0.1
v 1.1 3.1 0.3
v 1.1 3.1 -0.3
v 1.2 0.5 0.3
v 1.2 0.5 0.1
v 1.2 0.5 -0.1
v 1.2 0.5 -0.3
v 1.2 0.7 0.1
v 1.2 0.7 -0.1
v 1.2 0.8 0.6
v 1.2 0.8 0.3
v 1.2 0.8 0.1
v 1.2 0.8 -0.3
v 1.2 0.8 -0.5
v 1.2 0.8 -0.6
v 1.2 0.9 0.6
v 1.2 0.9 0.4
v 1.2 0.9 0.3
v 1.2 0.9 -0.3
v 1.2 0.9 -0.4
v 1.2 0.9 -0.5
v 1.2 0.9 -0.6
v 1.2 1 0.6
v 1.2 1 0.5
v 1.2 1 -0.5
v 1.2 1 -0.6
v 1.2 1.1 0.6
v 1.2 1.1 0.5
v 1.2 1.1 -0.5
v 1.2 1.1 -0.6
v 1.2 1.3 0.8
v 1.2 1.3 0.6
v 1.2 1.3 0.4
v 1.2 1.3 -0.4
v 1.2 1.3 -0.6
v 1.2 1.3 -0.8
v 1.2 1.4 0.6
v 1.2 1.4 -0.6
v 1.2 2 0.6
v 1.2 2 -0.6
v 1.2 2.1 0.8
v 1.2 2.1 0.6
v 1.2 2.1 0.4
v 1.2 2.1 -0.4
v 1.2 2.1 -0.6
v 1.2 2.1 -0.8
v 1.2 2.3 0.6
v 1.2 2.3 0.5
v 1.2 2.3 -0.5
v 1.2 2.3 -0.6
v 1.2 2.4 0.6
v 1.2 2.4 0.5
v 1.2 2.4 -0.5
v 1.2 2.4 -0.6
v 1.2 2.5 0.6
v 1.2 2.5 0.4
v 1.2 2.5 0.3
v 1.2 2.5 -0.3
v 1.2 2.5 -0.4
v 1.2 2.5 -0.6
v 1.2 2.6 0.6
v 1.2 2.6 0.3
v 1.2 2.6 -0.2
v 1.2 2.6 -0.3
v 1.2 2.6 -0.6
v 1.2 2.7 0.1
v 1.2 2.7 -0.1
v 1.2 2.9 0.3
v 1.2 2.9 0.1
v 1.2 2.9 -0.1
v 1.2 2.9 -0.3
v 1.3 0.8 0.3
v 1.3 0.8 0.1
v 1.3 0.8 -0.3
v 1.3 0.9 0.4
v 1.3 0.9 0.3
v 1.3 0.9 0.1
v 1.3 0.9 -0.3
v 1.3 0.9 -0.4
v 1.3 1.1 0.1
v 1.3 1.1 -0.1
v 1.3 1.2 0.2
v 1.3 1.2 0.1
v 1.3 1.2 -0.1
v 1.3 1.2 -0.2
v 1.3 1.3 0.6
v 1.3 1.3 0.4
v 1.3 1.3 0.2
v 1.3 1.3 -0.2
v 1.3 1.3 -0.4
v 1.3 1.3 -0.6
v 1.3 1.4 0.6
v 1.3 1.4 0.5
v 1.3 1.4 -0.5
v 1.3 1.4 -0.6
v 1.3 2 0.6
v 1.3 2 0.5
v 1.3 2 -0.5
v 1.3 2 -0.6
v 1.3 2.1 0.6
v 1.3 2.1 0.4
v 1.3 2.1 0.2
v 1.3 2.1 -0.2
v 1.3 2.1 -0.4
v 1.3 2.1 -0.6
v 1.3 2.2 0.2
v 1.3 2.2 0.1
v 1.3 2.2 -0.1
v 1.3 2.2 -0.2
v 1.3 2.3 0.1
v 1.3 2.3 -0.1
v 1.3 2.5 0.4
v 1.3 2.5 0.3
v 1.3 2.5 -0.2
v 1.3 2.5 -0.3
v 1.3 2.5 -0.4
v 1.3 2.6 0.3
v 1.3 2.6 -0.2
v 1.3 2.6 -0.3
v 1.4 1.3 0.4
v 1.4 1.3 0.2
v 1.4 1.3 -0.2
v 1.4 1.3 -0.4
v 1.4 2.1 0.4
v 1.4 2.1 0.2
v 1.4 2.1 -0.2
v 1.4 2.1 -0.4
v -0.4 1.3 1.4
v -0.4 2.1 1.4
v -0.2 1.3 1.4
v -0.2 2.1 1.4
v 0.2 1.3 1.4
v 0.2 2.1 1.4
v 0.4 1.3 1.4
v 0.4 2.1 1.4
v -0.6 1.3 1.3
v -0.6 1.4 1.3
v -0.6 2 1.3
v -0.6 2.1 1.3
v -0.5 1.4 1.3
v -0.5 2 1.3
v -0.4 0.9 1.3
v -0.4 1.3 1.3
v -0.4 2.1 1.3
v -0.4 2.5 1.3
v -0.3 0.8 1.3
v -0.3 0.9 1.3
v -0.3 2.5 1.3
v -0.3 2.6 1.3
v -0.2 1.2 1.3
v -0.2 1.3 1.3
v -0.2 2.1 1.3
v -0.2 2.2 1.3
v -0.1 1.1 1.3
v -0.1 1.2 1.3
v -0.1 2.2 1.3
v -0.1 2.3 1.3
v 0 0.8 1.3
v 0 0.9 1.3
v 0.1 0.8 1.3
v 0.1 0.9 1.3
v 0.1 1.1 1.3
v 0.1 1.2 1.3
v 0.1 2.2 1.3
v 0.1 2.3 1.3
v 0.2 1.2 1.3
v 0.2 1.3 1.3
v 0.2 2.1 1.3
v 0.2 2.2 1.3
v 0.2 2.5 1.3
v 0.2 2.6 1.3
v 0.3 0.8 1.3
v 0.3 0.9 1.3
v 0.3 2.5 1.3
v 0.3 2.6 1.3
v 0.4 0.9 1.3
v 0.4 1.3 1.3
v 0.4 2.1 1.3
v 0.4 2.5 1.3
v 0.5 1.4 1.3
v 0.5 2 1.3
v 0.6 1.3 1.3
v 0.6 1.4 1.3
v 0.6 2 1.3
v 0.6 2.1 1.3
v -0.8 1.3 1.2
v -0.8 2.1 1.2
v -0.6 0.8 1.2
v -0.6 0.9 1.2
v -0.6 1 1.2
v -0.6 1.1 1.2
v -0.6 1.3 1.2
v -0.6 1.4 1.2
v -0.6 2 1.2
v -0.6 2.1 1.2
v -0.6 2.3 1.2
v -0.6 2.4 1.2
v -0.6 2.5 1.2
v -0.6 2.6 1.2
v -0.5 0.8 1.2
v -0.5 0.9 1.2
v -0.5 1 1.2
v -0.5 1.1 1.2
v -0.5 2.3 1.2
v -0.5 2.4 1.2
v -0.4 0.9 1.2
v -0.4 1.3 1.2
v -0.4 2.1 1.2
v -0.4 2.5 1.2
v -0.3 0.5 1.2
v -0.3 0.8 1.2
v -0.3 0.9 1.2
v -0.3 2.5 1.2
v -0.3 2.6 1.2
v -0.3 2.9 1.2
v -0.1 0.5 1.2
v -0.1 0.7 1.2
v -0.1 2.7 1.2
v -0.1 2.9 1.2
v 0 0.8 1.2
v 0.1 0.5 1.2
v 0.1 0.7 1.2
v 0.1 0.8 1.2
v 0.1 2.7 1.2
v 0.1 2.9 1.2
v 0.2 2.6 1.2
v 0.3 0.5 1.2
v 0.3 0.8 1.2
v 0.3 0.9 1.2
v 0.3 2.5 1.2
v 0.3 2.6 1.2
v 0.3 2.9 1.2
v 0.4 0.9 1.2
v 0.4 1.3 1.2
v 0.4 2.1 1.2
v 0.4 2.5 1.2
v 0.4 2.6 1.2
v 0.5 1 1.2
v 0.5 1.1 1.2
v 0.5 2.3 1.2
v 0.5 2.4 1.2
v 0.6 0.8 1.2
v 0.6 0.9 1.2
v 0.6 1 1.2
v 0.6 1.1 1.2
v 0.6 1.3 1.2
v 0.6 1.4 1.2
v 0.6 2 1.2
v 0.6 2.1 1.2
v 0.6 2.3 1.2
v 0.6 2.4 1.2
v 0.6 2.5 1.2
v 0.6 2.6 1.2
v 0.8 1.3 1.2
v 0.8 2.1 1.2
v -0.9 1.3 1.1
v -0.9 1.5 1.1
v -0.9 1.9 1.1
v -0.9 2.1 1.1
v -0.8 0.9 1.1
v -0.8 1.3 1.1
v -0.8 1.5 1.1
v -0.8 1.9 1.1
v -0.8 2.1 1.1
v -0.8 2.5 1.1
v -0.7 0.8 1.1
v -0.7 0.9 1.1
v -0.7 2.5 1.1
v -0.7 2.6 1.1
v -0.6 0.5 1.1
v -0.6 0.8 1.1
v -0.6 0.9 1.1
v -0.6 1 1.1
v -0.6 1.1 1.1
v -0.6 1.3 1.1
v -0.6 2.1 1.1
v -0.6 2.3 1.1
v -0.6 2.4 1.1
v -0.6 2.5 1.1
v -0.6 2.6 1.1
v -0.6 2.9 1.1
v -0.5 0.8 1.1
v -0.5 2.8 1.1
v -0.5 2.9 1.1
v -0.4 2.8 1.1
v -0.4 2.9 1.1
v -0.3 0.3 1.1
v -0.3 0.5 1.1
v -0.3 0.8 1.1
v -0.3 2.6 1.1
v -0.3 2.9 1.1
v -0.3 3.1 1.1
v -0.1 0.4 1.1
v -0.1 0.5 1.1
v -0.1 2.9 1.1
v -0.1 3 1.1
v 0.1 0.4 1.1
v 0.1 0.5 1.1
v 0.1 2.9 1.1
v 0.1 3 1.1
v 0.3 0.3 1.1
v 0.3 0.5 1.1
v 0.3 0.8 1.1
v 0.3 2.6 1.1
v 0.3 2.9 1.1
v 0.3 3.1 1.1
v 0.4 2.6 1.1
v 0.4 2.8 1.1
v 0.4 2.9 1.1
v 0.5 2.8 1.1
v 0.5 2.9 1.1
v 0.6 0.5 1.1
v 0.6 0.8 1.1
v 0.6 0.9 1.1
v 0.6 1 1.1
v 0.6 1.1 1.1
v 0.6 1.3 1.1
v 0.6 2.1 1.1
v 0.6 2.3 1.1
v 0.6 2.4 1.1
v 0.6 2.5 1.1
v 0.6 2.6 1.1
v 0.6 2.9 1.1
v 0.7 0.8 1.1
v 0.7 0.9 1.1
v 0.7 2.5 1.1
v 0.7 2.6 1.1
v 0.8 0.9 1.1
v 0.8 1.3 1.1
v 0.8 1.5 1.1
v 0.8 1.9 1.1
v 0.8 2.1 1.1
v 0.8 2.5 1.1
v 0.9 1.3 1.1
v 0.9 1.5 1.1
v 0.9 1.9 1.1
v 0.9 2.1 1.1
v -1 1.3 1
v -1 1.6 1
v -1 1.8 1
v -1 2.1 1
v -0.9 0.9 1
v -0.9 1.3 1
v -0.9 1.5 1
v -0.9 1.6 1
v -0.9 1.8 1
v -0.9 1.9 1
v -0.9 2.1 1
v -0.9 2.5 1
v -0.8 0.8 1
v -0.8 0.9 1
v -0.8 1.3 1
v -0.8 2.1 1
v -0.8 2.5 1
v -0.8 2.6 1
v -0.7 0.5 1
v -0.7 0.6 1
v -0.7 0.8 1
v -0.7 0.9 1
v -0.7 2.5 1
v -0.7 2.6 1
v -0.7 2.9 1
v -0.6 0.3 1
v -0.6 0.4 1
v -0.6 0.5 1
v -0.6 0.6 1
v -0.6 0.8 1
v -0.6 2.6 1
v -0.6 2.9 1
v -0.6 3.1 1
v -0.5 0.4 1
v -0.5 0.5 1
v -0.5 2.9 1
v -0.5 3 1
v -0.4 2.9 1
v -0.4 3 1
v -0.3 0.3 1
v -0.3 0.5 1
v -0.3 2.9 1
v -0.3 3.1 1
v 0.3 0.3 1
v 0.3 0.5 1
v 0.3 2.9 1
v 0.3 3.1 1
v 0.4 2.9 1
v 0.4 3 1
v 0.5 0.4 1
v 0.5 0.5 1
v 0.5 2.9 1
v 0.5 3 1
v 0.6 0.3 1
v 0.6 0.4 1
v 0.6 0.5 1
v 0.6 0.6 1
v 0.6 0.8 1
v 0.6 2.6 1
v 0.6 2.9 1
v 0.6 3.1 1
v 0.7 0.5 1
v 0.7 0.6 1
v 0.7 0.8 1
v 0.7 0.9 1
v 0.7 2.5 1
v 0.7 2.6 1
v 0.7 2.9 1
v 0.8 0.8 1
v 0.8 0.9 1
v 0.8 1.3 1
v 0.8 2.1 1
v 0.8 2.5 1
v 0.8 2.6 1
v 0.9 0.9 1
v 0.9 1.3 1
v 0.9 1.5 1
v 0.9 1.6 1
v 0.9 1.8 1
v 0.9 1.9 1
v 0.9 2.1 1
v 0.9 2.5 1
v 1 1.3 1
v 1 1.6 1
v 1 1.8 1
v 1 2.1 1
v -1.1 1.3 0.9
v -1.1 1.5 0.9
v -1.1 1.9 0.9
v -1.1 2.1 0.9
v -1 0.9 0.9
v -1 1.3 0.9
v -1 1.5 0.9
v -1 1.6 0.9
v -1 1.8 0.9
v -1 1.9 0.9
v -1 2.1 0.9
v -1 2.5 0.9
v -0.9 0.8 0.9
v -0.9 0.9 0.9
v -0.9 1.3 0.9
v -0.9 2.1 0.9
v -0.9 2.5 0.9
v -0.9 2.6 0.9
v -0.8 0.5 0.9
v -0.8 0.8 0.9
v -0.8 0.9 0.9
v -0.8 2.5 0.9
v -0.8 2.6 0.9
v -0.8 2.8 0.9
v -0.8 2.9 0.9
v -0.7 0.3 0.9
v -0.7 0.5 0.9
v -0.7 0.6 0.9
v -0.7 0.8 0.9
v -0.7 2.6 0.9
v -0.7 2.8 0.9
v -0.7 2.9 0.9
v -0.7 3 0.9
v -0.7 3.1 0.9
v -0.6 0.3 0.9
v -0.6 0.4 0.9
v -0.6 0.5 0.9
v -0.6 2.9 0.9
v -0.6 3 0.9
v -0.6 3.1 0.9
v 0.6 0.3 0.9
v 0.6 0.4 0.9
v 0.6 0.5 0.9
v 0.6 2.9 0.9
v 0.6 3 0.9
v 0.6 3.1 0.9
v 0.7 0.3 0.9
v 0.7 0.5 0.9
v 0.7 0.6 0.9
v 0.7 0.8 0.9
v 0.7 2.6 0.9
v 0.7 2.8 0.9
v 0.7 2.9 0.9
v 0.7 3 0.9
v 0.7 3.1 0.9
v 0.8 0.5 0.9
v 0.8 0.8 0.9
v 0.8 0.9 0.9
v 0.8 2.5 0.9
v 0.8 2.6 0.9
v 0.8 2.8 0.9
v 0.8 2.9 0.9
v 0.9 0.8 0.9
v 0.9 0.9 0.9
v 0.9 1.3 0.9
v 0.9 2.1 0.9
v 0.9 2.5 0.9
v 0.9 2.6 0.9
v 1 0.9 0.9
v 1 1.3 0.9
v 1 1.5 0.9
v 1 1.6 0.9
v 1 1.8 0.9
v 1 1.9 0.9
v 1 2.1 0.9
v 1 2.5 0.9
v 1.1 1.3 0.9
v 1.1 1.5 0.9
v 1.1 1.9 0.9
v 1.1 2.1 0.9
v -1.2 1.3 0.8
v -1.2 2.1 0.8
v -1.1 0.9 0.8
v -1.1 1.3 0.8
v -1.1 1.5 0.8
v -1.1 1.9 0.8
v -1.1 2.1 0.8
v -1.1 2.5 0.8
v -1 0.8 0.8
v -1 0.9 0.8
v -1 1.3 0.8
v -1 2.1 0.8
v -1 2.5 0.8
v -1 2.6 0.8
v -0.9 0.5 0.8
v -0.9 0.8 0.8
v -0.9 0.9 0.8
v -0.9 2.5 0.8
v -0.9 2.6 0.8
v -0.9 2.8 0.8
v -0.9 2.9 0.8
v -0.8 0.3 0.8
v -0.8 0.5 0.8
v -0.8 0.8 0.8
v -0.8 2.6 0.8
v -0.8 2.8 0.8
v -0.8 2.9 0.8
v -0.8 3.1 0.8
v -0.7 0.3 0.8
v -0.7 0.5 0.8
v -0.7 2.9 0.8
v -0.7 3 0.8
v -0.7 3.1 0.8
v 0.7 0.3 0.8
v 0.7 0.5 0.8
v 0.7 2.9 0.8
v 0.7 3 0.8
v 0.7 3.1 0.8
v 0.8 0.3 0.8
v 0.8 0.5 0.8
v 0.8 0.8 0.8
v 0.8 2.6 0.8
v 0.8 2.8 0.8
v 0.8 2.9 0.8
v 0.8 3.1 0.8
v 0.9 0.5 0.8
v 0.9 0.8 0.8
v 0.9 0.9 0.8
v 0.9 2.5 0.8
v 0.9 2.6 0.8
v 0.9 2.8 0.8
v 0.9 2.9 0.8
v 1 0.8 0.8
v 1 0.9 0.8
v 1 1.3 0.8
v 1 2.1 0.8
v 1 2.5 0.8
v 1 2.6 0.8
v 1.1 0.9 0.8
v 1.1 1.3 0.8
v 1.1 1.5 0.8
v 1.1 1.9 0.8
v 1.1 2.1 0.8
v 1.1 2.5 0.8
v 1.2 1.3 0.8
v 1.2 2.1 0.8
v -1.1 0.8 0.7
v -1.1 0.9 0.7
v -1.1 2.5 0.7
v -1.1 2.6 0.7
v -1 0.5 0.7
v -1 0.6 0.7
v -1 0.8 0.7
v -1 0.9 0.7
v -1 2.5 0.7
v -1 2.6 0.7
v -1 2.9 0.7
v -0.9 0.3 0.7
v -0.9 0.5 0.7
v -0.9 0.6 0.7
v -0.9 0.8 0.7
v -0.9 2.6 0.7
v -0.9 2.8 0.7
v -0.9 2.9 0.7
v -0.9 3 0.7
v -0.9 3.1 0.7
v -0.8 0.3 0.7
v -0.8 0.5 0.7
v -0.8 2.9 0.7
v -0.8 3 0.7
v -0.8 3.1 0.7
v 0.8 0.3 0.7
v 0.8 0.5 0.7
v 0.8 2.9 0.7
v 0.8 3 0.7
v 0.8 3.1 0.7
v 0.9 0.3 0.7
v 0.9 0.5 0.7
v 0.9 0.6 0.7
v 0.9 0.8 0.7
v 0.9 2.6 0.7
v 0.9 2.8 0.7
v 0.9 2.9 0.7
v 0.9 3 0.7
v 0.9 3.1 0.7
v 1 0.5 0.7
v 1 0.6 0.7
v 1 0.8 0.7
v 1 0.9 0.7
v 1 2.5 0.7
v 1 2.6 0.7
v 1 2.9 0.7
v 1.1 0.8 0.7
v 1.1 0.9 0.7
v 1.1 2.5 0.7
v 1.1 2.6 0.7
v -1.3 1.3 0.6
v -1.3 1.4 0.6
v -1.3 2 0.6
v -1.3 2.1 0.6
v -1.2 0.8 0.6
v -1.2 0.9 0.6
v -1.2 1 0.6
v -1.2 1.1 0.6
v -1.2 1.3 0.6
v -1.2 1.4 0.6
v -1.2 2 0.6
v -1.2 2.1 0.6
v -1.2 2.3 0.6
v -1.2 2.4 0.6
v -1.2 2.5 0.6
v -1.2 2.6 0.6
v -1.1 0.5 0.6
v -1.1 0.8 0.6
v -1.1 0.9 0.6
v -1.1 1 0.6
v -1.1 1.1 0.6
v -1.1 1.3 0.6
v -1.1 2.1 0.6
v -1.1 2.3 0.6
v -1.1 2.4 0.6
v -1.1 2.5 0.6
v -1.1 2.6 0.6
v -1.1 2.9 0.6
v -1 0.3 0.6
v -1 0.4 0.6
v -1 0.5 0.6
v -1 0.6 0.6
v -1 0.8 0.6
v -1 2.6 0.6
v -1 2.9 0.6
v -1 3.1 0.6
v -0.9 0.3 0.6
v -0.9 0.4 0.6
v -0.9 0.5 0.6
v -0.9 2.9 0.6
v -0.9 3 0.6
v -0.9 3.1 0.6
v 0.9 0.3 0.6
v 0.9 0.4 0.6
v 0.9 0.5 0.6
v 0.9 2.9 0.6
v 0.9 3 0.6
v 0.9 3.1 0.6
v 1 0.3 0.6
v 1 0.4 0.6
v 1 0.5 0.6
v 1 0.6 0.6
v 1 0.8 0.6
v 1 2.6 0.6
v 1 2.9 0.6
v 1 3.1 0.6
v 1.1 0.5 0.6
v 1.1 0.8 0.6
v 1.1 0.9 0.6
v 1.1 1 0.6
v 1.1 1.1 0.6
v 1.1 1.3 0.6
v 1.1 2.1 0.6
v 1.1 2.3 0.6
v 1.1 2.4 0.6
v 1.1 2.5 0.6
v 1.1 2.6 0.6
v 1.1 2.9 0.6
v 1.2 0.8 0.6
v 1.2 0.9 0.6
v 1.2 1 0.6
v 1.2 1.1 0.6
v 1.2 1.3 0.6
v 1.2 1.4 0.6
v 1.2 2 0.6
v 1.2 2.1 0.6
v 1.2 2.3 0.6
v 1.2 2.4 0.6
v 1.2 2.5 0.6
v 1.2 2.6 0.6
v 1.3 1.3 0.6
v 1.3 1.4 0.6
v 1.3 2 0.6
v 1.3 2.1 0.6
v -1.4 1.3 0.4
v -1.4 2.1 0.4
v -1.3 0.9 0.4
v -1.3 1.3 0.4
v -1.3 2.1 0.4
v -1.3 2.5 0.4
v -1.2 0.9 0.4
v -1.2 1.3 0.4
v -1.2 2.1 0.4
v -1.2 2.5 0.4
v 1.2 0.9 0.4
v 1.2 1.3 0.4
v 1.2 2.1 0.4
v 1.2 2.5 0.4
v 1.3 0.9 0.4
v 1.3 1.3 0.4
v 1.3 2.1 0.4
v 1.3 2.5 0.4
v 1.4 1.3 0.4
v 1.4 2.1 0.4
v -1.3 0.8 0.3
v -1.3 0.9 0.3
v -1.3 2.5 0.3
v -1.3 2.6 0.3
v -1.2 0.5 0.3
v -1.2 0.8 0.3
v -1.2 0.9 0.3
v -1.2 2.5 0.3
v -1.2 2.6 0.3
v -1.2 2.9 0.3
v -1.1 0.3 0.3
v -1.1 0.5 0.3
v -1.1 0.8 0.3
v -1.1 2.6 0.3
v -1.1 2.9 0.3
v -1.1 3.1 0.3
v -1 0.3 0.3
v -1 0.5 0.3
v -1 2.9 0.3
v -1 3.1 0.3
v 1 0.3 0.3
v 1 0.5 0.3
v 1 2.9 0.3
v 1 3.1 0.3
v 1.1 0.3 0.3
v 1.1 0.5 0.3
v 1.1 0.8 0.3
v 1.1 2.6 0.3
v 1.1 2.9 0.3
v 1.1 3.1 0.3
v 1.2 0.5 0.3
v 1.2 0.8 0.3
v 1.2 0.9 0.3
v 1.2 2.5 0.3
v 1.2 2.6 0.3
v 1.2 2.9 0.3
v 1.3 0.8 0.3
v 1.3 0.9 0.3
v 1.3 2.5 0.3
v 1.3 2.6 0.3
v -1.3 0.8 -0.3
v -1.3 0.9 -0.3
v -1.3 2.5 -0.3
v -1.3 2.6 -0.3
v -1.2 0.5 -0.3
v -1.2 0.8 -0.3
v -1.2 0.9 -0.3
v -1.2 2.5 -0.3
v -1.2 2.6 -0.3
v -1.2 2.9 -0.3
v -1.1 0.3 -0.3
v -1.1 0.5 -0.3
v -1.1 0.8 -0.3
v -1.1 2.6 -0.3
v -1.1 2.9 -0.3
v -1.1 3.1 -0.3
v -1 0.3 -0.3
v -1 0.5 -0.3
v -1 2.9 -0.3
v -1 3.1 -0.3
v 1 0.3 -0.3
v 1 0.5 -0.3
v 1 2.9 -0.3
v 1 3.1 -0.3
v 1.1 0.3 -0.3
v 1.1 0.5 -0.3
v 1.1 0.8 -0.3
v 1.1 2.6 -0.3
v 1.1 2.9 -0.3
v 1.1 3.1 -0.3
v 1.2 0.5 -0.3
v 1.2 0.8 -0.3
v 1.2 0.9 -0.3
v 1.2 2.5 -0.3
v 1.2 2.6 -0.3
v 1.2 2.9 -0.3
v 1.3 0.8 -0.3
v 1.3 0.9 -0.3
v 1.3 2.5 -0.3
v 1.3 2.6 -0.3
v -1.4 1.3 -0.4
v -1.4 2.1 -0.4
v -1.3 0.9 -0.4
v -1.3 1.3 -0.4
v -1.3 2.1 -0.4
v -1.3 2.5 -0.4
v -1.2 0.9 -0.4
v -1.2 1.3 -0.4
v -1.2 2.1 -0.4
v -1.2 2.5 -0.4
v 1.2 0.9 -0.4
v 1.2 1.3 -0.4
v 1.2 2.1 -0.4
v 1.2 2.5 -0.4
v 1.3 0.9 -0.4
v 1.3 1.3 -0.4
v 1.3 2.1 -0.4
v 1.3 2.5 -0.4
v 1.4 1.3 -0.4
v 1.4 2.1 -0.4
v -1.3 1.3 -0.6
v -1.3 1.4 -0.6
v -1.3 2 -0.6
v -1.3 2.1 -0.6
v -1.2 0.8 -0.6
v -1.2 0.9 -0.6
v -1.2 1 -0.6
v -1.2 1.1 -0.6
v -1.2 1.3 -0.6
v -1.2 1.4 -0.6
v -1.2 2 -0.6
v -1.2 2.1 -0.6
v -1.2 2.3 -0.6
v -1.2 2.4 -0.6
v -1.2 2.5 -0.6
v -1.2 2.6 -0.6
v -1.1 0.5 -0.6
v -1.1 0.8 -0.6
v -1.1 0.9 -0.6
v -1.1 1 -0.6
v -1.1 1.1 -0.6
v -1.1 1.3 -0.6
v -1.1 2.1 -0.6
v -1.1 2.3 -0.6
v -1.1 2.4 -0.6
v -1.1 2.5 -0.6
v -1.1 2.6 -0.6
v -1.1 2.9 -0.6
v -1 0.3 -0.6
v -1 0.4 -0.6
v -1 0.5 -0.6
v -1 0.6 -0.6
v -1 0.8 -0.6
v -1 2.6 -0.6
v -1 2.9 -0.6
v -1 3.1 -0.6
v -0.9 0.3 -0.6
v -0.9 0.4 -0.6
v -0.9 0.5 -0.6
v -0.9 2.9 -0.6
v -0.9 3 -0.6
v -0.9 3.1 -0.6
v 0.9 0.3 -0.6
v 0.9 0.4 -0.6
v 0.9 0.5 -0.6
v 0.9 2.9 -0.6
v 0.9 3 -0.6
v 0.9 3.1 -0.6
v 1 0.3 -0.6
v 1 0.4 -0.6
v 1 0.5 -0.6
v 1 0.6 -0.6
v 1 0.8 -0.6
v 1 2.6 -0.6
v 1 2.9 -0.6
v 1 3.1 -0.6
v 1.1 0.5 -0.6
v 1.1 0.8 -0.6
v 1.1 0.9 -0.6
v 1.1 1 -0.6
v 1.1 1.1 -0.6
v 1.1 1.3 -0.6
v 1.1 2.1 -0.6
v 1.1 2.3 -0.6
v 1.1 2.4 -0.6
v 1.1 2.5 -0.6
v 1.1 2.6 -0.6
v 1.1 2.9 -0.6
v 1.2 0.8 -0.6
v 1.2 0.9 -0.6
v 1.2 1 -0.6
v 1.2 1.1 -0.6
v 1.2 1.3 -0.6
v 1.2 1.4 -0.6
v 1.2 2 -0.6
v 1.2 2.1 -0.6
v 1.2 2.3 -0.6
v 1.2 2.4 -0.6
v 1.2 2.5 -0.6
v 1.2 2.6 -0.6
v 1.3 1.3 -0.6
v 1.3 1.4 -0.6
v 1.3 2 -0.6
v 1.3 2.1 -0.6
v -1.1 0.8 -0.7
v -1.1 0.9 -0.7
v -1.1 2.5 -0.7
v -1.1 2.6 -0.7
v -1 0.5 -0.7
v -1 0.6 -0.7
v -1 0.8 -0.7
v -1 0.9 -0.7
v -1 2.5 -0.7
v -1 2.6 -0.7
v -1 2.9 -0.7
v -0.9 0.3 -0.7
v -0.9 0.5 -0.7
v -0.9 0.6 -0.7
v -0.9 0.8 -0.7
v -0.9 2.6 -0.7
v -0.9 2.8 -0.7
v -0.9 2.9 -0.7
v -0.9 3 -0.7
v -0.9 3.1 -0.7
v -0.8 0.3 -0.7
v -0.8 0.5 -0.7
v -0.8 2.9 -0.7
v -0.8 3 -0.7
v -0.8 3.1 -0.7
v 0.8 0.3 -0.7
v 0.8 0.5 -0.7
v 0.8 2.9 -0.7
v 0.8 3 -0.7
v 0.8 3.1 -0.7
v 0.9 0.3 -0.7
v 0.9 0.5 -0.7
v 0.9 0.6 -0.7
v 0.9 0.8 -0.7
v 0.9 2.6 -0.7
v 0.9 2.8 -0.7
v 0.9 2.9 -0.7
v 0.9 3 -0.7
v 0.9 3.1 -0.7
v 1 0.5 -0.7
v 1 0.6 -0.7
v 1 0.8 -0.7
v 1 0.9 -0.7
v 1 2.5 -0.7
v 1 2.6 -0.7
v 1 2.9 -0.7
v 1.1 0.8 -0.7
v 1.1 0.9 -0.7
v 1.1 2.5 -0.7
v 1.1 2.6 -0.7
v -1.2 1.3 -0.8
v -1.2 2.1 -0.8
v -1.1 0.9 -0.8
v -1.1 1.3 -0.8
v -1.1 1.5 -0.8
v -1.1 1.9 -0.8
v -1.1 2.1 -0.8
v -1.1 2.5 -0.8
v -1 0.8 -0.8
v -1 0.9 -0.8
v -1 1.3 -0.8
v -1 2.1 -0.8
v -1 2.5 -0.8
v -1 2.6 -0.8
v -0.9 0.5 -0.8
v -0.9 0.8 -0.8
v -0.9 0.9 -0.8
v -0.9 2.5 -0.8
v -0.9 2.6 -0.8
v -0.9 2.8 -0.8
v -0.9 2.9 -0.8
v -0.8 0.3 -0.8
v -0.8 0.5 -0.8
v -0.8 0.8 -0.8
v -0.8 2.6 -0.8
v -0.8 2.8 -0.8
v -0.8 2.9 -0.8
v -0.8 3.1 -0.8
v -0.7 0.3 -0.8
v -0.7 0.5 -0.8
v -0.7 2.9 -0.8
v -0.7 3 -0.8
v -0.7 3.1 -0.8
v 0.7 0.3 -0.8
v 0.7 0.5 -0.8
v 0.7 2.9 -0.8
v 0.7 3 -0.8
v 0.7 3.1 -0.8
v 0.8 0.3 -0.8
v 0.8 0.5 -0.8
v 0.8 0.8 -0.8
v 0.8 2.6 -0.8
v 0.8 2.8 -0.8
v 0.8 2.9 -0.8
v 0.8 3.1 -0.8
v 0.9 0.5 -0.8
v 0.9 0.8 -0.8
v 0.9 0.9 -0.8
v 0.9 2.5 -0.8
v 0.9 2.6 -0.8
v 0.9 2.8 -0.8
v 0.9 2.9 -0.8
v 1 0.8 -0.8
v 1 0.9 -0.8
v 1 1.3 -0.8
v 1 2.1 -0.8
v 1 2.5 -0.8
v 1 2.6 -0.8
v 1.1 0.9 -0.8
v 1.1 1.3 -0.8
v 1.1 1.5 -0.8
v 1.1 1.9 -0.8
v 1.1 2.1 -0.8
v 1.1 2.5 -0.8
v 1.2 1.3 -0.8
v 1.2 2.1 -0.8
v -1.1 1.3 -0.9
v -1.1 1.5 -0.9
v -1.1 1.9 -0.9
v -1.1 2.1 -0.9
v -1 0.9 -0.9
v -1 1.3 -0.9
v -1 1.5 -0.9
v -1 1.6 -0.9
v -1 1.8 -0.9
v -1 1.9 -0.9
v -1 2.1 -0.9
v -1 2.5 -0.9
v -0.9 0.8 -0.9
v -0.9 0.9 -0.9
v -0.9 1.3 -0.9
v -0.9 2.1 -0.9
v -0.9 2.5 -0.9
v -0.9 2.6 -0.9
v -0.8 0.5 -0.9
v -0.8 0.8 -0.9
v -0.8 0.9 -0.9
v -0.8 2.5 -0.9
v -0.8 2.6 -0.9
v -0.8 2.8 -0.9
v -0.8 2.9 -0.9
v -0.7 0.3 -0.9
v -0.7 0.5 -0.9
v -0.7 0.6 -0.9
v -0.7 0.8 -0.9
v -0.7 2.6 -0.9
v -0.7 2.8 -0.9
v -0.7 2.9 -0.9
v -0.7 3 -0.9
v -0.7 3.1 -0.9
v -0.6 0.3 -0.9
v -0.6 0.4 -0.9
v -0.6 0.5 -0.9
v -0.6 2.9 -0.9
v -0.6 3 -0.9
v -0.6 3.1 -0.9
v 0.6 0.3 -0.9
v 0.6 0.4 -0.9
v 0.6 0.5 -0.9
v 0.6 2.9 -0.9
v 0.6 3 -0.9
v 0.6 3.1 -0.9
v 0.7 0.3 -0.9
v 0.7 0.5 -0.9
v 0.7 0.6 -0.9
v 0.7 0.8 -0.9
v 0.7 2.6 -0.9
v 0.7 2.8 -0.9
v 0.7 2.9 -0.9
v 0.7 3 -0.9
v 0.7 3.1 -0.9
v 0.8 0.5 -0.9
v 0.8 0.8 -0.9
v 0.8 0.9 -0.9
v 0.8 2.5 -0.9
v 0.8 2.6 -0.9
v 0.8 2.8 -0.9
v 0.8 2.9 -0.9
v 0.9 0.8 -0.9
v 0.9 0.9 -0.9
v 0.9 1.3 -0.9
v 0.9 2.1 -0.9
v 0.9 2.5 -0.9
v 0.9 2.6 -0.9
v 1 0.9 -0.9
v 1 1.3 -0.9
v 1 1.5 -0.9
v 1 1.6 -0.9
v 1 1.8 -0.9
v 1 1.9 -0.9
v 1 2.1 -0.9
v 1 2.5 -0.9
v 1.1 1.3 -0.9
v 1.1 1.5 -0.9
v 1.1 1.9 -0.9
v 1.1 2.1 -0.9
v -1 1.3 -1
v -1 1.6 -1
v -1 1.8 -1
v -1 2.1 -1
v -0.9 0.9 -1
v -0.9 1.3 -1
v -0.9 1.5 -1
v -0.9 1.6 -1
v -0.9 1.8 -1
v -0.9 1.9 -1
v -0.9 2.1 -1
v -0.9 2.5 -1
v -0.8 0.8 -1
v -0.8 0.9 -1
v -0.8 1.3 -1
v -0.8 2.1 -1
v -0.8 2.5 -1
v -0.8 2.6 -1
v -0.7 0.5 -1
v -0.7 0.6 -1
v -0.7 0.8 -1
v -0.7 0.9 -1
v -0.7 2.5 -1
v -0.7 2.6 -1
v -0.7 2.9 -1
v -0.6 0.3 -1
v -0.6 0.4 -1
v -0.6 0.5 -1
v -0.6 0.6 -1
v -0.6 0.8 -1
v -0.6 2.6 -1
v -0.6 2.9 -1
v -0.6 3.1 -1
v -0.5 0.4 -1
v -0.5 0.5 -1
v -0.5 2.9 -1
v -0.5 3 -1
v -0.4 2.9 -1
v -0.4 3 -1
v -0.3 0.3 -1
v -0.3 0.5 -1
v -0.3 2.9 -1
v -0.3 3.1 -1
v 0.3 0.3 -1
v 0.3 0.5 -1
v 0.3 2.9 -1
v 0.3 3.1 -1
v 0.4 2.9 -1
v 0.4 3 -1
v 0.5 0.4 -1
v 0.5 0.5 -1
v 0.5 2.9 -1
v 0.5 3 -1
v 0.6 0.3 -1
v 0.6 0.4 -1
v 0.6 0.5 -1
v 0.6 0.6 -1
v 0.6 0.8 -1
v 0.6 2.6 -1
v 0.6 2.9 -1
v 0.6 3.1 -1
v 0.7 0.5 -1
v 0.7 0.6 -1
v 0.7 0.8 -1
v 0.7 0.9 -1
v 0.7 2.5 -1
v 0.7 2.6 -1
v 0.7 2.9 -1
v 0.8 0.8 -1
v 0.8 0.9 -1
v 0.8 1.3 -1
v 0.8 2.1 -1
v 0.8 2.5 -1
v 0.8 2.6 -1
v 0.9 0.9 -1
v 0.9 1.3 -1
v 0.9 1.5 -1
v 0.9 1.6 -1
v 0.9 1.8 -1
v 0.9 1.9 -1
v 0.9 2.1 -1
v 0.9 2.5 -1
v 1 1.3 -1
v 1 1.6 -1
v 1 1.8 -1
v 1 2.1 -1
v -0.9 1.3 -1.1
v -0.9 1.5 -1.1
v -0.9 1.9 -1.1
v -0.9 2.1 -1.1
v -0.8 0.9 -1.1
v -0.8 1.3 -1.1
v -0.8 1.5 -1.1
v -0.8 1.9 -1.1
v -0.8 2.1 -1.1
v -0.8 2.5 -1.1
v -0.7 0.8 -1.1
v -0.7 0.9 -1.1
v -0.7 2.5 -1.1
v -0.7 2.6 -1.1
v -0.6 0.5 -1.1
v -0.6 0.8 -1.1
v -0.6 0.9 -1.1
v -0.6 1 -1.1
v -0.6 1.1 -1.1
v -0.6 1.3 -1.1
v -0.6 2.1 -1.1
v -0.6 2.3 -1.1
v -0.6 2.4 -1.1
v -0.6 2.5 -1.1
v -0.6 2.6 -1.1
v -0.6 2.9 -1.1
v -0.5 2.8 -1.1
v -0.5 2.9 -1.1
v -0.4 0.8 -1.1
v -0.4 2.8 -1.1
v -0.4 2.9 -1.1
v -0.3 0.3 -1.1
v -0.3 0.5 -1.1
v -0.3 0.8 -1.1
v -0.3 2.6 -1.1
v -0.3 2.9 -1.1
v -0.3 3.1 -1.1
v -0.1 0.4 -1.1
v -0.1 0.5 -1.1
v -0.1 2.9 -1.1
v -0.1 3 -1.1
v 0.1 0.4 -1.1
v 0.1 0.5 -1.1
v 0.1 2.9 -1.1
v 0.1 3 -1.1
v 0.3 0.3 -1.1
v 0.3 0.5 -1.1
v 0.3 0.8 -1.1
v 0.3 2.6 -1.1
v 0.3 2.9 -1.1
v 0.3 3.1 -1.1
v 0.4 2.8 -1.1
v 0.4 2.9 -1.1
v 0.5 0.8 -1.1
v 0.5 2.8 -1.1
v 0.5 2.9 -1.1
v 0.6 0.5 -1.1
v 0.6 0.8 -1.1
v 0.6 0.9 -1.1
v 0.6 1 -1.1
v 0.6 1.1 -1.1
v 0.6 1.3 -1.1
v 0.6 2.1 -1.1
v 0.6 2.3 -1.1
v 0.6 2.4 -1.1
v 0.6 2.5 -1.1
v 0.6 2.6 -1.1
v 0.6 2.9 -1.1
v 0.7 0.8 -1.1
v 0.7 0.9 -1.1
v 0.7 2.5 -1.1
v 0.7 2.6 -1.1
v 0.8 0.9 -1.1
v 0.8 1.3 -1.1
v 0.8 1.5 -1.1
v 0.8 1.9 -1.1
v 0.8 2.1 -1.1
v 0.8 2.5 -1.1
v 0.9 1.3 -1.1
v 0.9 1.5 -1.1
v 0.9 1.9 -1.1
v 0.9 2.1 -1.1
v -0.8 1.3 -1.2
v -0.8 2.1 -1.2
v -0.6 0.8 -1.2
v -0.6 0.9 -1.2
v -0.6 1 -1.2
v -0.6 1.1 -1.2
v -0.6 1.3 -1.2
v -0.6 1.4 -1.2
v -0.6 2 -1.2
v -0.6 2.1 -1.2
v -0.6 2.3 -1.2
v -0.6 2.4 -1.2
v -0.6 2.5 -1.2
v -0.6 2.6 -1.2
v -0.5 1 -1.2
v -0.5 1.1 -1.2
v -0.5 2.3 -1.2
v -0.5 2.4 -1.2
v -0.4 0.8 -1.2
v -0.4 0.9 -1.2
v -0.4 1.3 -1.2
v -0.4 2.1 -1.2
v -0.4 2.5 -1.2
v -0.3 0.5 -1.2
v -0.3 0.8 -1.2
v -0.3 0.9 -1.2
v -0.3 2.5 -1.2
v -0.3 2.6 -1.2
v -0.3 2.9 -1.2
v -0.2 0.8 -1.2
v -0.2 2.6 -1.2
v -0.1 0.5 -1.2
v -0.1 0.7 -1.2
v -0.1 2.6 -1.2
v -0.1 2.7 -1.2
v -0.1 2.9 -1.2
v 0.1 0.5 -1.2
v 0.1 0.7 -1.2
v 0.1 2.7 -1.2
v 0.1 2.9 -1.2
v 0.3 0.5 -1.2
v 0.3 0.8 -1.2
v 0.3 0.9 -1.2
v 0.3 2.5 -1.2
v 0.3 2.6 -1.2
v 0.3 2.9 -1.2
v 0.4 0.9 -1.2
v 0.4 1.3 -1.2
v 0.4 2.1 -1.2
v 0.4 2.5 -1.2
v 0.5 0.8 -1.2
v 0.5 0.9 -1.2
v 0.5 1 -1.2
v 0.5 1.1 -1.2
v 0.5 2.3 -1.2
v 0.5 2.4 -1.2
v 0.6 0.8 -1.2
v 0.6 0.9 -1.2
v 0.6 1 -1.2
v 0.6 1.1 -1.2
v 0.6 1.3 -1.2
v 0.6 1.4 -1.2
v 0.6 2 -1.2
v 0.6 2.1 -1.2
v 0.6 2.3 -1.2
v 0.6 2.4 -1.2
v 0.6 2.5 -1.2
v 0.6 2.6 -1.2
v 0.8 1.3 -1.2
v 0.8 2.1 -1.2
v -0.6 1.3 -1.3
v -0.6 1.4 -1.3
v -0.6 2 -1.3
v -0.6 2.1 -1.3
v -0.5 1.4 -1.3
v -0.5 2 -1.3
v -0.4 0.9 -1.3
v -0.4 1.3 -1.3
v -0.4 2.1 -1.3
v -0.4 2.5 -1.3
v -0.3 0.8 -1.3
v -0.3 0.9 -1.3
v -0.3 2.5 -1.3
v -0.3 2.6 -1.3
v -0.2 0.8 -1.3
v -0.2 0.9 -1.3
v -0.2 1.2 -1.3
v -0.2 1.3 -1.3
v -0.2 2.1 -1.3
v -0.2 2.2 -1.3
v -0.2 2.5 -1.3
v -0.2 2.6 -1.3
v -0.1 1.1 -1.3
v -0.1 1.2 -1.3
v -0.1 2.2 -1.3
v -0.1 2.3 -1.3
v -0.1 2.5 -1.3
v -0.1 2.6 -1.3
v 0.1 1.1 -1.3
v 0.1 1.2 -1.3
v 0.1 2.2 -1.3
v 0.1 2.3 -1.3
v 0.2 1.2 -1.3
v 0.2 1.3 -1.3
v 0.2 2.1 -1.3
v 0.2 2.2 -1.3
v 0.3 0.8 -1.3
v 0.3 0.9 -1.3
v 0.3 2.5 -1.3
v 0.3 2.6 -1.3
v 0.4 0.9 -1.3
v 0.4 1.3 -1.3
v 0.4 2.1 -1.3
v 0.4 2.5 -1.3
v 0.5 1.4 -1.3
v 0.5 2 -1.3
v 0.6 1.3 -1.3
v 0.6 1.4 -1.3
v 0.6 2 -1.3
v 0.6 2.1 -1.3
v -0.4 1.3 -1.4
v -0.4 2.1 -1.4
v -0.2 1.3 -1.4
v -0.2 2.1 -1.4
v 0.2 1.3 -1.4
v 0.2 2.1 -1.4
v 0.4 1.3 -1.4
v 0.4 2.1 -1.4
v -0.3 0.3 1.1
v 0.3 0.3 1.1
v -0.6 0.3 1
v -0.3 0.3 1
v 0.3 0.3 1
v 0.6 0.3 1
v -0.7 0.3 0.9
v -0.6 0.3 0.9
v 0.6 0.3 0.9
v 0.7 0.3 0.9
v -0.8 0.3 0.8
v -0.7 0.3 0.8
v 0.7 0.3 0.8
v 0.8 0.3 0.8
v -0.9 0.3 0.7
v -0.8 0.3 0.7
v 0.8 0.3 0.7
v 0.9 0.3 0.7
v -1 0.3 0.6
v -0.9 0.3 0.6
v 0.9 0.3 0.6
v 1 0.3 0.6
v -1.1 0.3 0.3
v -1 0.3 0.3
v 1 0.3 0.3
v 1.1 0.3 0.3
v -1.1 0.3 -0.3
v -1 0.3 -0.3
v 1 0.3 -0.3
v 1.1 0.3 -0.3
v -1 0.3 -0.6
v -0.9 0.3 -0.6
v 0.9 0.3 -0.6
v 1 0.3 -0.6
v -0.9 0.3 -0.7
v -0.8 0.3 -0.7
v 0.8 0.3 -0.7
v 0.9 0.3 -0.7
v -0.8 0.3 -0.8
v -0.7 0.3 -0.8
v 0.7 0.3 -0.8
v 0.8 0.3 -0.8
v -0.7 0.3 -0.9
v -0.6 0.3 -0.9
v 0.6 0.3 -0.9
v 0.7 0.3 -0.9
v -0.6 0.3 -1
v -0.3 0.3 -1
v 0.3 0.3 -1
v 0.6 0.3 -1
v -0.3 0.3 -1.1
v 0.3 0.3 -1.1
v -0.3 0.5 1.2
v -0.1 0.5 1.2
v 0.1 0.5 1.2
v 0.3 0.5 1.2
v -0.6 0.5 1.1
v -0.3 0.5 1.1
v -0.1 0.5 1.1
v 0.1 0.5 1.1
v 0.3 0.5 1.1
v 0.6 0.5 1.1
v -0.7 0.5 1
v -0.6 0.5 1
v -0.5 0.5 1
v -0.3 0.5 1
v 0.3 0.5 1
v 0.5 0.5 1
v 0.6 0.5 1
v 0.7 0.5 1
v -0.8 0.5 0.9
v -0.7 0.5 0.9
v -0.6 0.5 0.9
v 0.6 0.5 0.9
v 0.7 0.5 0.9
v 0.8 0.5 0.9
v -0.9 0.5 0.8
v -0.8 0.5 0.8
v -0.7 0.5 0.8
v 0.7 0.5 0.8
v 0.8 0.5 0.8
v 0.9 0.5 0.8
v -1 0.5 0.7
v -0.9 0.5 0.7
v -0.8 0.5 0.7
v 0.8 0.5 0.7
v 0.9 0.5 0.7
v 1 0.5 0.7
v -1.1 0.5 0.6
v -1 0.5 0.6
v -0.9 0.5 0.6
v 0.9 0.5 0.6
v 1 0.5 0.6
v 1.1 0.5 0.6
v -1 0.5 0.5
v 1 0.5 0.5
v -1.2 0.5 0.3
v -1.1 0.5 0.3
v -1 0.5 0.3
v 1 0.5 0.3
v 1.1 0.5 0.3
v 1.2 0.5 0.3
v -1.2 0.5 0.1
v -1.1 0.5 0.1
v 1.1 0.5 0.1
v 1.2 0.5 0.1
v -1.2 0.5 -0.1
v -1.1 0.5 -0.1
v 1.1 0.5 -0.1
v 1.2 0.5 -0.1
v -1.2 0.5 -0.3
v -1.1 0.5 -0.3
v -1 0.5 -0.3
v 1 0.5 -0.3
v 1.1 0.5 -0.3
v 1.2 0.5 -0.3
v -1 0.5 -0.5
v 1 0.5 -0.5
v -1.1 0.5 -0.6
v -1 0.5 -0.6
v -0.9 0.5 -0.6
v 0.9 0.5 -0.6
v 1 0.5 -0.6
v 1.1 0.5 -0.6
v -1 0.5 -0.7
v -0.9 0.5 -0.7
v -0.8 0.5 -0.7
v 0.8 0.5 -0.7
v 0.9 0.5 -0.7
v 1 0.5 -0.7
v -0.9 0.5 -0.8
v -0.8 0.5 -0.8
v -0.7 0.5 -0.8
v 0.7 0.5 -0.8
v 0.8 0.5 -0.8
v 0.9 0.5 -0.8
v -0.8 0.5 -0.9
v -0.7 0.5 -0.9
v -0.6 0.5 -0.9
v 0.6 0.5 -0.9
v 0.7 0.5 -0.9
v 0.8 0.5 -0.9
v -0.7 0.5 -1
v -0.6 0.5 -1
v -0.5 0.5 -1
v -0.3 0.5 -1
v 0.3 0.5 -1
v 0.5 0.5 -1
v 0.6 0.5 -1
v 0.7 0.5 -1
v -0.6 0.5 -1.1
v -0.3 0.5 -1.1
v -0.1 0.5 -1.1
v 0.1 0.5 -1.1
v 0.3 0.5 -1.1
v 0.6 0.5 -1.1
v -0.3 0.5 -1.2
v -0.1 0.5 -1.2
v 0.1 0.5 -1.2
v 0.3 0.5 -1.2
v -0.3 0.8 1.3
v 0 0.8 1.3
v 0.1 0.8 1.3
v 0.3 0.8 1.3
v -0.6 0.8 1.2
v -0.5 0.8 1.2
v -0.3 0.8 1.2
v 0 0.8 1.2
v 0.1 0.8 1.2
v 0.3 0.8 1.2
v 0.6 0.8 1.2
v -0.7 0.8 1.1
v -0.6 0.8 1.1
v -0.5 0.8 1.1
v -0.3 0.8 1.1
v 0.3 0.8 1.1
v 0.6 0.8 1.1
v 0.7 0.8 1.1
v -0.8 0.8 1
v -0.7 0.8 1
v -0.6 0.8 1
v 0.6 0.8 1
v 0.7 0.8 1
v 0.8 0.8 1
v -0.9 0.8 0.9
v -0.8 0.8 0.9
v -0.7 0.8 0.9
v 0.7 0.8 0.9
v 0.8 0.8 0.9
v 0.9 0.8 0.9
v -1 0.8 0.8
v -0.9 0.8 0.8
v -0.8 0.8 0.8
v 0.8 0.8 0.8
v 0.9 0.8 0.8
v 1 0.8 0.8
v -1.1 0.8 0.7
v -1 0.8 0.7
v -0.9 0.8 0.7
v 0.9 0.8 0.7
v 1 0.8 0.7
v 1.1 0.8 0.7
v -1.2 0.8 0.6
v -1.1 0.8 0.6
v -1 0.8 0.6
v 1 0.8 0.6
v 1.1 0.8 0.6
v 1.2 0.8 0.6
v -1.3 0.8 0.3
v -1.2 0.8 0.3
v -1.1 0.8 0.3
v 1.1 0.8 0.3
v 1.2 0.8 0.3
v 1.3 0.8 0.3
v -1.3 0.8 0.1
v -1.2 0.8 0.1
v 1.2 0.8 0.1
v 1.3 0.8 0.1
v -1.3 0.8 -0.3
v -1.2 0.8 -0.3
v -1.1 0.8 -0.3
v 1.1 0.8 -0.3
v 1.2 0.8 -0.3
v 1.3 0.8 -0.3
v -1.2 0.8 -0.5
v -1.1 0.8 -0.5
v 1.1 0.8 -0.5
v 1.2 0.8 -0.5
v -1.2 0.8 -0.6
v -1.1 0.8 -0.6
v -1 0.8 -0.6
v 1 0.8 -0.6
v 1.1 0.8 -0.6
v 1.2 0.8 -0.6
v -1.1 0.8 -0.7
v -1 0.8 -0.7
v -0.9 0.8 -0.7
v 0.9 0.8 -0.7
v 1 0.8 -0.7
v 1.1 0.8 -0.7
v -1 0.8 -0.8
v -0.9 0.8 -0.8
v -0.8 0.8 -0.8
v 0.8 0.8 -0.8
v 0.9 0.8 -0.8
v 1 0.8 -0.8
v -0.9 0.8 -0.9
v -0.8 0.8 -0.9
v -0.7 0.8 -0.9
v 0.7 0.8 -0.9
v 0.8 0.8 -0.9
v 0.9 0.8 -0.9
v -0.8 0.8 -1
v -0.7 0.8 -1
v -0.6 0.8 -1
v 0.6 0.8 -1
v 0.7 0.8 -1
v 0.8 0.8 -1
v -0.7 0.8 -1.1
v -0.6 0.8 -1.1
v -0.4 0.8 -1.1
v -0.3 0.8 -1.1
v 0.3 0.8 -1.1
v 0.5 0.8 -1.1
v 0.6 0.8 -1.1
v 0.7 0.8 -1.1
v -0.6 0.8 -1.2
v -0.4 0.8 -1.2
v -0.3 0.8 -1.2
v -0.2 0.8 -1.2
v 0.3 0.8 -1.2
v 0.5 0.8 -1.2
v 0.6 0.8 -1.2
v -0.3 0.8 -1.3
v -0.2 0.8 -1.3
v 0.3 0.8 -1.3
v -0.4 0.9 1.3
v -0.3 0.9 1.3
v 0.3 0.9 1.3
v 0.4 0.9 1.3
v -0.4 0.9 1.2
v -0.3 0.9 1.2
v 0.3 0.9 1.2
v 0.4 0.9 1.2
v -0.8 0.9 1.1
v -0.7 0.9 1.1
v 0.7 0.9 1.1
v 0.8 0.9 1.1
v -0.9 0.9 1
v -0.8 0.9 1
v -0.7 0.9 1
v 0.7 0.9 1
v 0.8 0.9 1
v 0.9 0.9 1
v -1 0.9 0.9
v -0.9 0.9 0.9
v -0.8 0.9 0.9
v 0.8 0.9 0.9
v 0.9 0.9 0.9
v 1 0.9 0.9
v -1.1 0.9 0.8
v -1 0.9 0.8
v -0.9 0.9 0.8
v 0.9 0.9 0.8
v 1 0.9 0.8
v 1.1 0.9 0.8
v -1.1 0.9 0.7
v -1 0.9 0.7
v 1 0.9 0.7
v 1.1 0.9 0.7
v -1.3 0.9 0.4
v -1.2 0.9 0.4
v 1.2 0.9 0.4
v 1.3 0.9 0.4
v -1.3 0.9 0.3
v -1.2 0.9 0.3
v 1.2 0.9 0.3
v 1.3 0.9 0.3
v -1.3 0.9 -0.3
v -1.2 0.9 -0.3
v 1.2 0.9 -0.3
v 1.3 0.9 -0.3
v -1.3 0.9 -0.4
v -1.2 0.9 -0.4
v 1.2 0.9 -0.4
v 1.3 0.9 -0.4
v -1.1 0.9 -0.7
v -1 0.9 -0.7
v 1 0.9 -0.7
v 1.1 0.9 -0.7
v -1.1 0.9 -0.8
v -1 0.9 -0.8
v -0.9 0.9 -0.8
v 0.9 0.9 -0.8
v 1 0.9 -0.8
v 1.1 0.9 -0.8
v -1 0.9 -0.9
v -0.9 0.9 -0.9
v -0.8 0.9 -0.9
v 0.8 0.9 -0.9
v 0.9 0.9 -0.9
v 1 0.9 -0.9
v -0.9 0.9 -1
v -0.8 0.9 -1
v -0.7 0.9 -1
v 0.7 0.9 -1
v 0.8 0.9 -1
v 0.9 0.9 -1
v -0.8 0.9 -1.1
v -0.7 0.9 -1.1
v 0.7 0.9 -1.1
v 0.8 0.9 -1.1
v -0.4 0.9 -1.2
v -0.3 0.9 -1.2
v 0.3 0.9 -1.2
v 0.4 0.9 -1.2
v -0.4 0.9 -1.3
v -0.3 0.9 -1.3
v 0.3 0.9 -1.3
v 0.4 0.9 -1.3
v -0.4 1.3 1.4
v -0.2 1.3 1.4
v 0.2 1.3 1.4
v 0.4 1.3 1.4
v -0.6 1.3 1.3
v -0.4 1.3 1.3
v -0.2 1.3 1.3
v 0.2 1.3 1.3
v 0.4 1.3 1.3
v 0.6 1.3 1.3
v -0.8 1.3 1.2
v -0.6 1.3 1.2
v -0.4 1.3 1.2
v 0.4 1.3 1.2
v 0.6 1.3 1.2
v 0.8 1.3 1.2
v -0.9 1.3 1.1
v -0.8 1.3 1.1
v -0.6 1.3 1.1
v 0.6 1.3 1.1
v 0.8 1.3 1.1
v 0.9 1.3 1.1
v -1 1.3 1
v -0.9 1.3 1
v -0.8 1.3 1
v 0.8 1.3 1
v 0.9 1.3 1
v 1 1.3 1
v -1.1 1.3 0.9
v -1 1.3 0.9
v -0.9 1.3 0.9
v 0.9 1.3 0.9
v 1 1.3 0.9
v 1.1 1.3 0.9
v -1.2 1.3 0.8
v -1.1 1.3 0.8
v -1 1.3 0.8
v 1 1.3 0.8
v 1.1 1.3 0.8
v 1.2 1.3 0.8
v -1.3 1.3 0.6
v -1.2 1.3 0.6
v -1.1 1.3 0.6
v 1.1 1.3 0.6
v 1.2 1.3 0.6
v 1.3 1.3 0.6
v -1.4 1.3 0.4
v -1.3 1.3 0.4
v -1.2 1.3 0.4
v 1.2 1.3 0.4
v 1.3 1.3 0.4
v 1.4 1.3 0.4
v -1.4 1.3 0.2
v -1.3 1.3 0.2
v 1.3 1.3 0.2
v 1.4 1.3 0.2
v -1.4 1.3 -0.2
v -1.3 1.3 -0.2
v 1.3 1.3 -0.2
v 1.4 1.3 -0.2
v -1.4 1.3 -0.4
v -1.3 1.3 -0.4
v -1.2 1.3 -0.4
v 1.2 1.3 -0.4
v 1.3 1.3 -0.4
v 1.4 1.3 -0.4
v -1.3 1.3 -0.6
v -1.2 1.3 -0.6
v -1.1 1.3 -0.6
v 1.1 1.3 -0.6
v 1.2 1.3 -0.6
v 1.3 1.3 -0.6
v -1.2 1.3 -0.8
v -1.1 1.3 -0.8
v -1 1.3 -0.8
v 1 1.3 -0.8
v 1.1 1.3 -0.8
v 1.2 1.3 -0.8
v -1.1 1.3 -0.9
v -1 1.3 -0.9
v -0.9 1.3 -0.9
v 0.9 1.3 -0.9
v 1 1.3 -0.9
v 1.1 1.3 -0.9
v -1 1.3 -1
v -0.9 1.3 -1
v -0.8 1.3 -1
v 0.8 1.3 -1
v 0.9 1.3 -1
v 1 1.3 -1
v -0.9 1.3 -1.1
v -0.8 1.3 -1.1
v -0.6 1.3 -1.1
v 0.6 1.3 -1.1
v 0.8 1.3 -1.1
v 0.9 1.3 -1.1
v -0.8 1.3 -1.2
v -0.6 1.3 -1.2
v -0.4 1.3 -1.2
v 0.4 1.3 -1.2
v 0.6 1.3 -1.2
v 0.8 1.3 -1.2
v -0.6 1.3 -1.3
v -0.4 1.3 -1.3
v -0.2 1.3 -1.3
v 0.2 1.3 -1.3
v 0.4 1.3 -1.3
v 0.6 1.3 -1.3
v -0.4 1.3 -1.4
v -0.2 1.3 -1.4
v 0.2 1.3 -1.4
v 0.4 1.3 -1.4
v -0.4 2.1 1.4
v -0.2 2.1 1.4
v 0.2 2.1 1.4
v 0.4 2.1 1.4
v -0.6 2.1 1.3
v -0.4 2.1 1.3
v -0.2 2.1 1.3
v 0.2 2.1 1.3
v 0.4 2.1 1.3
v 0.6 2.1 1.3
v -0.8 2.1 1.2
v -0.6 2.1 1.2
v -0.4 2.1 1.2
v 0.4 2.1 1.2
v 0.6 2.1 1.2
v 0.8 2.1 1.2
v -0.9 2.1 1.1
v -0.8 2.1 1.1
v -0.6 2.1 1.1
v 0.6 2.1 1.1
v 0.8 2.1 1.1
v 0.9 2.1 1.1
v -1 2.1 1
v -0.9 2.1 1
v -0.8 2.1 1
v 0.8 2.1 1
v 0.9 2.1 1
v 1 2.1 1
v -1.1 2.1 0.9
v -1 2.1 0.9
v -0.9 2.1 0.9
v 0.9 2.1 0.9
v 1 2.1 0.9
v 1.1 2.1 0.9
v -1.2 2.1 0.8
v -1.1 2.1 0.8
v -1 2.1 0.8
v 1 2.1 0.8
v 1.1 2.1 0.8
v 1.2 2.1 0.8
v -1.3 2.1 0.6
v -1.2 2.1 0.6
v -1.1 2.1 0.6
v 1.1 2.1 0.6
v 1.2 2.1 0.6
v 1.3 2.1 0.6
v -1.4 2.1 0.4
v -1.3 2.1 0.4
v -1.2 2.1 0.4
v 1.2 2.1 0.4
v 1.3 2.1 0.4
v 1.4 2.1 0.4
v -1.4 2.1 0.2
v -1.3 2.1 0.2
v 1.3 2.1 0.2
v 1.4 2.1 0.2
v -1.4 2.1 -0.2
v -1.3 2.1 -0.2
v 1.3 2.1 -0.2
v 1.4 2.1 -0.2
v -1.4 2.1 -0.4
v -1.3 2.1 -0.4
v -1.2 2.1 -0.4
v 1.2 2.1 -0.4
v 1.3 2.1 -0.4
v 1.4 2.1 -0.4
v -1.3 2.1 -0.6
v -1.2 2.1 -0.6
v -1.1 2.1 -0.6
v 1.1 2.1 -0.6
v 1.2 2.1 -0.6
v 1.3 2.1 -0.6
v -1.2 2.1 -0.8
v -1.1 2.1 -0.8
v -1 2.1 -0.8
v 1 2.1 -0.8
v 1.1 2.1 -0.8
v 1.2 2.1 -0.8
v -1.1 2.1 -0.9
v -1 2.1 -0.9
v -0.9 2.1 -0.9
v 0.9 2.1 -0.9
v 1 2.1 -0.9
v 1.1 2.1 -0.9
v -1 2.1 -1
v -0.9 2.1 -1
v -0.8 2.1 -1
v 0.8 2.1 -1
v 0.9 2.1 -1
v 1 2.1 -1
v -0.9 2.1 -1.1
v -0.8 2.1 -1.1
v -0.6 2.1 -1.1
v 0.6 2.1 -1.1
v 0.8 2.1 -1.1
v 0.9 2.1 -1.1
v -0.8 2.1 -1.2
v -0.6 2.1 -1.2
v -0.4 2.1 -1.2
v 0.4 2.1 -1.2
v 0.6 2.1 -1.2
v 0.8 2.1 -1.2
v -0.6 2.1 -1.3
v -0.4 2.1 -1.3
v -0.2 2.1 -1.3
v 0.2 2.1 -1.3
v 0.4 2.1 -1.3
v 0.6 2.1 -1.3
v -0.4 2.1 -1.4
v -0.2 2.1 -1.4
v 0.2 2.1 -1.4
v 0.4 2.1 -1.4
v -0.4 2.5 1.3
v -0.3 2.5 1.3
v 0.3 2.5 1.3
v 0.4 2.5 1.3
v -0.4 2.5 1.2
v -0.3 2.5 1.2
v 0.3 2.5 1.2
v 0.4 2.5 1.2
v -0.8 2.5 1.1
v -0.7 2.5 1.1
v 0.7 2.5 1.1
v 0.8 2.5 1.1
v -0.9 2.5 1
v -0.8 2.5 1
v -0.7 2.5 1
v 0.7 2.5 1
v 0.8 2.5 1
v 0.9 2.5 1
v -1 2.5 0.9
v -0.9 2.5 0.9
v -0.8 2.5 0.9
v 0.8 2.5 0.9
v 0.9 2.5 0.9
v 1 2.5 0.9
v -1.1 2.5 0.8
v -1 2.5 0.8
v -0.9 2.5 0.8
v 0.9 2.5 0.8
v 1 2.5 0.8
v 1.1 2.5 0.8
v -1.1 2.5 0.7
v -1 2.5 0.7
v 1 2.5 0.7
v 1.1 2.5 0.7
v -1.3 2.5 0.4
v -1.2 2.5 0.4
v 1.2 2.5 0.4
v 1.3 2.5 0.4
v -1.3 2.5 0.3
v -1.2 2.5 0.3
v 1.2 2.5 0.3
v 1.3 2.5 0.3
v -1.3 2.5 -0.3
v -1.2 2.5 -0.3
v 1.2 2.5 -0.3
v 1.3 2.5 -0.3
v -1.3 2.5 -0.4
v -1.2 2.5 -0.4
v 1.2 2.5 -0.4
v 1.3 2.5 -0.4
v -1.1 2.5 -0.7
v -1 2.5 -0.7
v 1 2.5 -0.7
v 1.1 2.5 -0.7
v -1.1 2.5 -0.8
v -1 2.5 -0.8
v -0.9 2.5 -0.8
v 0.9 2.5 -0.8
v 1 2.5 -0.8
v 1.1 2.5 -0.8
v -1 2.5 -0.9
v -0.9 2.5 -0.9
v -0.8 2.5 -0.9
v 0.8 2.5 -0.9
v 0.9 2.5 -0.9
v 1 2.5 -0.9
v -0.9 2.5 -1
v -0.8 2.5 -1
v -0.7 2.5 -1
v 0.7 2.5 -1
v 0.8 2.5 -1
v 0.9 2.5 -1
v -0.8 2.5 -1.1
v -0.7 2.5 -1.1
v 0.7 2.5 -1.1
v 0.8 2.5 -1.1
v -0.4 2.5 -1.2
v -0.3 2.5 -1.2
v 0.3 2.5 -1.2
v 0.4 2.5 -1.2
v -0.4 2.5 -1.3
v -0.3 2.5 -1.3
v 0.3 2.5 -1.3
v 0.4 2.5 -1.3
v -0.3 2.6 1.3
v 0.2 2.6 1.3
v 0.3 2.6 1.3
v -0.6 2.6 1.2
v -0.3 2.6 1.2
v 0.2 2.6 1.2
v 0.3 2.6 1.2
v 0.4 2.6 1.2
v 0.6 2.6 1.2
v -0.7 2.6 1.1
v -0.6 2.6 1.1
v -0.3 2.6 1.1
v 0.3 2.6 1.1
v 0.4 2.6 1.1
v 0.6 2.6 1.1
v 0.7 2.6 1.1
v -0.8 2.6 1
v -0.7 2.6 1
v -0.6 2.6 1
v 0.6 2.6 1
v 0.7 2.6 1
v 0.8 2.6 1
v -0.9 2.6 0.9
v -0.8 2.6 0.9
v -0.7 2.6 0.9
v 0.7 2.6 0.9
v 0.8 2.6 0.9
v 0.9 2.6 0.9
v -1 2.6 0.8
v -0.9 2.6 0.8
v -0.8 2.6 0.8
v 0.8 2.6 0.8
v 0.9 2.6 0.8
v 1 2.6 0.8
v -1.1 2.6 0.7
v -1 2.6 0.7
v -0.9 2.6 0.7
v 0.9 2.6 0.7
v 1 2.6 0.7
v 1.1 2.6 0.7
v -1.2 2.6 0.6
v -1.1 2.6 0.6
v -1 2.6 0.6
v 1 2.6 0.6
v 1.1 2.6 0.6
v 1.2 2.6 0.6
v -1.2 2.6 0.5
v -1.1 2.6 0.5
v -1.3 2.6 0.3
v -1.2 2.6 0.3
v -1.1 2.6 0.3
v 1.1 2.6 0.3
v 1.2 2.6 0.3
v 1.3 2.6 0.3
v -1.3 2.6 -0.2
v -1.2 2.6 -0.2
v 1.2 2.6 -0.2
v 1.3 2.6 -0.2
v -1.3 2.6 -0.3
v -1.2 2.6 -0.3
v -1.1 2.6 -0.3
v 1.1 2.6 -0.3
v 1.2 2.6 -0.3
v 1.3 2.6 -0.3
v -1.2 2.6 -0.6
v -1.1 2.6 -0.6
v -1 2.6 -0.6
v 1 2.6 -0.6
v 1.1 2.6 -0.6
v 1.2 2.6 -0.6
v -1.1 2.6 -0.7
v -1 2.6 -0.7
v -0.9 2.6 -0.7
v 0.9 2.6 -0.7
v 1 2.6 -0.7
v 1.1 2.6 -0.7
v -1 2.6 -0.8
v -0.9 2.6 -0.8
v -0.8 2.6 -0.8
v 0.8 2.6 -0.8
v 0.9 2.6 -0.8
v 1 2.6 -0.8
v -0.9 2.6 -0.9
v -0.8 2.6 -0.9
v -0.7 2.6 -0.9
v 0.7 2.6 -0.9
v 0.8 2.6 -0.9
v 0.9 2.6 -0.9
v -0.8 2.6 -1
v -0.7 2.6 -1
v -0.6 2.6 -1
v 0.6 2.6 -1
v 0.7 2.6 -1
v 0.8 2.6 -1
v -0.7 2.6 -1.1
v -0.6 2.6 -1.1
v -0.3 2.6 -1.1
v 0.3 2.6 -1.1
v 0.6 2.6 -1.1
v 0.7 2.6 -1.1
v -0.6 2.6 -1.2
v -0.3 2.6 -1.2
v -0.2 2.6 -1.2
v -0.1 2.6 -1.2
v 0.3 2.6 -1.2
v 0.6 2.6 -1.2
v -0.3 2.6 -1.3
v -0.2 2.6 -1.3
v -0.1 2.6 -1.3
v 0.3 2.6 -1.3
v -0.3 2.9 1.2
v -0.1 2.9 1.2
v 0.1 2.9 1.2
v 0.3 2.9 1.2
v -0.6 2.9 1.1
v -0.5 2.9 1.1
v -0.4 2.9 1.1
v -0.3 2.9 1.1
v -0.1 2.9 1.1
v 0.1 2.9 1.1
v 0.3 2.9 1.1
v 0.4 2.9 1.1
v 0.5 2.9 1.1
v 0.6 2.9 1.1
v -0.7 2.9 1
v -0.6 2.9 1
v -0.5 2.9 1
v -0.4 2.9 1
v -0.3 2.9 1
v 0.3 2.9 1
v 0.4 2.9 1
v 0.5 2.9 1
v 0.6 2.9 1
v 0.7 2.9 1
v -0.8 2.9 0.9
v -0.7 2.9 0.9
v -0.6 2.9 0.9
v 0.6 2.9 0.9
v 0.7 2.9 0.9
v 0.8 2.9 0.9
v -0.9 2.9 0.8
v -0.8 2.9 0.8
v -0.7 2.9 0.8
v 0.7 2.9 0.8
v 0.8 2.9 0.8
v 0.9 2.9 0.8
v -1 2.9 0.7
v -0.9 2.9 0.7
v -0.8 2.9 0.7
v 0.8 2.9 0.7
v 0.9 2.9 0.7
v 1 2.9 0.7
v -1.1 2.9 0.6
v -1 2.9 0.6
v -0.9 2.9 0.6
v 0.9 2.9 0.6
v 1 2.9 0.6
v 1.1 2.9 0.6
v -1.1 2.9 0.5
v -1 2.9 0.5
v 1 2.9 0.5
v 1.1 2.9 0.5
v -1.1 2.9 0.4
v -1 2.9 0.4
v 1 2.9 0.4
v 1.1 2.9 0.4
v -1.2 2.9 0.3
v -1.1 2.9 0.3
v -1 2.9 0.3
v 1 2.9 0.3
v 1.1 2.9 0.3
v 1.2 2.9 0.3
v -1.2 2.9 0.1
v -1.1 2.9 0.1
v 1.1 2.9 0.1
v 1.2 2.9 0.1
v -1.2 2.9 -0.1
v -1.1 2.9 -0.1
v 1.1 2.9 -0.1
v 1.2 2.9 -0.1
v -1.2 2.9 -0.3
v -1.1 2.9 -0.3
v -1 2.9 -0.3
v 1 2.9 -0.3
v 1.1 2.9 -0.3
v 1.2 2.9 -0.3
v -1.1 2.9 -0.4
v -1 2.9 -0.4
v 1 2.9 -0.4
v 1.1 2.9 -0.4
v -1.1 2.9 -0.5
v -1 2.9 -0.5
v 1 2.9 -0.5
v 1.1 2.9 -0.5
v -1.1 2.9 -0.6
v -1 2.9 -0.6
v -0.9 2.9 -0.6
v 0.9 2.9 -0.6
v 1 2.9 -0.6
v 1.1 2.9 -0.6
v -1 2.9 -0.7
v -0.9 2.9 -0.7
v -0.8 2.9 -0.7
v 0.8 2.9 -0.7
v 0.9 2.9 -0.7
v 1 2.9 -0.7
v -0.9 2.9 -0.8
v -0.8 2.9 -0.8
v -0.7 2.9 -0.8
v 0.7 2.9 -0.8
v 0.8 2.9 -0.8
v 0.9 2.9 -0.8
v -0.8 2.9 -0.9
v -0.7 2.9 -0.9
v -0.6 2.9 -0.9
v 0.6 2.9 -0.9
v 0.7 2.9 -0.9
v 0.8 2.9 -0.9
v -0.7 2.9 -1
v -0.6 2.9 -1
v -0.5 2.9 -1
v -0.4 2.9 -1
v -0.3 2.9 -1
v 0.3 2.9 -1
v 0.4 2.9 -1
v 0.5 2.9 -1
v 0.6 2.9 -1
v 0.7 2.9 -1
v -0.6 2.9 -1.1
v -0.5 2.9 -1.1
v -0.4 2.9 -1.1
v -0.3 2.9 -1.1
v -0.1 2.9 -1.1
v 0.1 2.9 -1.1
v 0.3 2.9 -1.1
v 0.4 2.9 -1.1
v 0.5 2.9 -1.1
v 0.6 2.9 -1.1
v -0.3 2.9 -1.2
v -0.1 2.9 -1.2
v 0.1 2.9 -1.2
v 0.3 2.9 -1.2
v -0.3 3.1 1.1
v 0.3 3.1 1.1
v -0.6 3.1 1
v -0.3 3.1 1
v 0.3 3.1 1
v 0.6 3.1 1
v -0.7 3.1 0.9
v -0.6 3.1 0.9
v -0.4 3.1 0.9
v -0.2 3.1 0.9
v 0.1 3.1 0.9
v 0.3 3.1 0.9
v 0.6 3.1 0.9
v 0.7 3.1 0.9
v -0.8 3.1 0.8
v -0.7 3.1 0.8
v -0.5 3.1 0.8
v -0.4 3.1 0.8
v -0.2 3.1 0.8
v 0.1 3.1 0.8
v 0.3 3.1 0.8
v 0.4 3.1 0.8
v 0.7 3.1 0.8
v 0.8 3.1 0.8
v -0.9 3.1 0.7
v -0.8 3.1 0.7
v -0.5 3.1 0.7
v -0.4 3.1 0.7
v 0.3 3.1 0.7
v 0.4 3.1 0.7
v 0.8 3.1 0.7
v 0.9 3.1 0.7
v -1 3.1 0.6
v -0.9 3.1 0.6
v -0.5 3.1 0.6
v 0.4 3.1 0.6
v 0.9 3.1 0.6
v 1 3.1 0.6
v -0.6 3.1 0.5
v -0.5 3.1 0.5
v 0.4 3.1 0.5
v 0.6 3.1 0.5
v -0.9 3.1 0.4
v -0.8 3.1 0.4
v -0.6 3.1 0.4
v 0.6 3.1 0.4
v 0.8 3.1 0.4
v 0.9 3.1 0.4
v -1.1 3.1 0.3
v -1 3.1 0.3
v -0.9 3.1 0.3
v -0.8 3.1 0.3
v 0.8 3.1 0.3
v 0.9 3.1 0.3
v 1 3.1 0.3
v 1.1 3.1 0.3
v -0.7 3.1 0.2
v 0.7 3.1 0.2
v -0.9 3.1 0.1
v -0.7 3.1 0.1
v 0.7 3.1 0.1
v 0.9 3.1 0.1
v -0.9 3.1 -0.1
v -0.7 3.1 -0.1
v 0.7 3.1 -0.1
v 0.9 3.1 -0.1
v -0.7 3.1 -0.2
v 0.7 3.1 -0.2
v -1.1 3.1 -0.3
v -1 3.1 -0.3
v -0.9 3.1 -0.3
v -0.8 3.1 -0.3
v 0.8 3.1 -0.3
v 0.9 3.1 -0.3
v 1 3.1 -0.3
v 1.1 3.1 -0.3
v -0.9 3.1 -0.4
v -0.8 3.1 -0.4
v -0.6 3.1 -0.4
v 0.6 3.1 -0.4
v 0.8 3.1 -0.4
v 0.9 3.1 -0.4
v -0.6 3.1 -0.5
v -0.4 3.1 -0.5
v 0.4 3.1 -0.5
v 0.6 3.1 -0.5
v -1 3.1 -0.6
v -0.9 3.1 -0.6
v -0.4 3.1 -0.6
v 0.4 3.1 -0.6
v 0.9 3.1 -0.6
v 1 3.1 -0.6
v -0.9 3.1 -0.7
v -0.8 3.1 -0.7
v -0.4 3.1 -0.7
v -0.3 3.1 -0.7
v 0.3 3.1 -0.7
v 0.4 3.1 -0.7
v 0.8 3.1 -0.7
v 0.9 3.1 -0.7
v -0.8 3.1 -0.8
v -0.7 3.1 -0.8
v -0.4 3.1 -0.8
v -0.3 3.1 -0.8
v -0.1 3.1 -0.8
v 0.1 3.1 -0.8
v 0.3 3.1 -0.8
v 0.4 3.1 -0.8
v 0.7 3.1 -0.8
v 0.8 3.1 -0.8
v -0.7 3.1 -0.9
v -0.6 3.1 -0.9
v -0.3 3.1 -0.9
v -0.1 3.1 -0.9
v 0.1 3.1 -0.9
v 0.3 3.1 -0.9
v 0.6 3.1 -0.9
v 0.7 3.1 -0.9
v -0.6 3.1 -1
v -0.3 3.1 -1
v 0.3 3.1 -1
v 0.6 3.1 -1
v -0.3 3.1 -1.1
v 0.3 3.1 -1.1

# faces
f 5/1/1 2/1/1 1/1/1
f 6/3/1 3/3/1 2/3/1
f 6/1/1 2/1/1 5/1/1
f 7/1/1 4/1/1 3/1/1
f 7/3/1 3/3/1 6/3/1
f 8/1/1 4/1/1 7/1/1
f 13/4/1 10/4/1 9/4/1
f 14/2/1 11/2/1 10/2/1
f 14/4/1 10/4/1 13/4/1
f 15/2/1 11/2/1 14/2/1
f 17/1/1 13/1/1 12/1/1
f 17/1/1 16/1/1 15/1/1
f 17/1/1 15/1/1 14/1/1
f 17/1/1 14/1/1 13/1/1
f 18/1/1 16/1/1 17/1/1
f 19/1/1 17/1/1 12/1/1
f 20/3/1 18/3/1 17/3/1
f 20/1/1 17/1/1 19/1/1
f 21/1/1 16/1/1 18/1/1
f 21/3/1 18/3/1 20/3/1
f 22/1/1 16/1/1 21/1/1
f 24/1/1 19/1/1 12/1/1
f 25/3/1 20/3/1 19/3/1
f 25/3/1 21/3/1 20/3/1
f 25/1/1 19/1/1 24/1/1
f 25/3/1 22/3/1 21/3/1
f 26/1/1 16/1/1 22/1/1
f 26/3/1 22/3/1 25/3/1
f 27/1/1 16/1/1 26/1/1
f 29/1/1 24/1/1 23/1/1
f 30/1/1 24/1/1 29/1/1
f 31/1/1 28/1/1 27/1/1
f 32/1/1 28/1/1 31/1/1
f 33/3/1 30/3/1 29/3/1
f 34/1/1 24/1/1 30/1/1
f 34/3/1 30/3/1 33/3/1
f 35/1/1 31/1/1 27/1/1
f 35/3/1 32/3/1 31/3/1
f 36/3/1 32/3/1 35/3/1
f 37/1/1 34/1/1 33/1/1
f 38/1/1 24/1/1 34/1/1
f 38/1/1 34/1/1 37/1/1
f 41/1/1 35/1/1 27/1/1
f 41/1/1 36/1/1 35/1/1
f 42/1/1 36/1/1 41/1/1
f 43/3/1 40/3/1 39/3/1
f 43/1/1 39/1/1 38/1/1
f 44/3/1 40/3/1 43/3/1
f 45/3/1 40/3/1 44/3/1
f 46/1/1 41/1/1 40/1/1
f 46/3/1 40/3/1 45/3/1
f 47/3/1 45/3/1 44/3/1
f 47/1/1 44/1/1 43/1/1
f 48/1/1 46/1/1 45/1/1
f 48/3/1 45/3/1 47/3/1
f 49/1/1 43/1/1 38/1/1
f 49/1/1 47/1/1 43/1/1
f 49/1/1 48/1/1 47/1/1
f 50/1/1 48/1/1 49/1/1
f 51/1/1 41/1/1 46/1/1
f 51/1/1 48/1/1 50/1/1
f 51/1/1 46/1/1 48/1/1
f 52/1/1 41/1/1 51/1/1
f 53/1/1 41/1/1 52/1/1
f 54/2/1 51/2/1 50/2/1
f 55/4/1 52/4/1 51/4/1
f 55/2/1 51/2/1 54/2/1
f 56/4/1 52/4/1 55/4/1
f 61/1/1 58/1/1 57/1/1
f 61/3/1 59/3/1 58/3/1
f 62/1/1 60/1/1 59/1/1
f 62/3/1 59/3/1 61/3/1
f 64/1/1 61/1/1 57/1/1
f 64/1/1 62/1/1 61/1/1
f 65/1/1 62/1/1 64/1/1
f 66/1/1 60/1/1 62/1/1
f 66/1/1 62/1/1 65/1/1
f 69/2/1 64/2/1 63/2/1
f 70/2/1 64/2/1 69/2/1
f 71/2/1 64/2/1 70/2/1
f 72/2/1 67/2/1 66/2/1
f 73/2/1 67/2/1 72/2/1
f 74/4/1 68/4/1 67/4/1
f 74/2/1 67/2/1 73/2/1
f 75/4/1 68/4/1 74/4/1
f 76/1/1 70/1/1 69/1/1
f 77/1/1 70/1/1 76/1/1
f 78/1/1 75/1/1 74/1/1
f 78/1/1 74/1/1 73/1/1
f 79/1/1 75/1/1 78/1/1
f 80/3/1 77/3/1 76/3/1
f 81/1/1 70/1/1 77/1/1
f 81/3/1 77/3/1 80/3/1
f 82/1/1 78/1/1 73/1/1
f 82/3/1 79/3/1 78/3/1
f 83/3/1 79/3/1 82/3/1
f 85/1/1 81/1/1 80/1/1
f 86/1/1 70/1/1 81/1/1
f 86/1/1 81/1/1 85/1/1
f 87/1/1 82/1/1 73/1/1
f 87/1/1 83/1/1 82/1/1
f 88/1/1 83/1/1 87/1/1
f 90/1/1 85/1/1 84/1/1
f 91/1/1 89/1/1 88/1/1
f 92/1/1 90/1/1 84/1/1
f 93/1/1 89/1/1 91/1/1
f 94/1/1 92/1/1 84/1/1
f 95/1/1 92/1/1 94/1/1
f 98/1/1 89/1/1 93/1/1
f 99/1/1 89/1/1 98/1/1
f 100/1/1 96/1/1 95/1/1
f 101/1/1 96/1/1 100/1/1
f 102/1/1 98/1/1 97/1/1
f 103/1/1 98/1/1 102/1/1
f 104/3/1 101/3/1 100/3/1
f 105/1/1 96/1/1 101/1/1
f 105/3/1 101/3/1 104/3/1
f 106/1/1 102/1/1 97/1/1
f 106/3/1 103/3/1 102/3/1
f 107/3/1 103/3/1 106/3/1
f 108/1/1 105/1/1 104/1/1
f 109/1/1 96/1/1 105/1/1
f 109/1/1 105/1/1 108/1/1
f 110/1/1 96/1/1 109/1/1
f 113/1/1 106/1/1 97/1/1
f 113/1/1 107/1/1 106/1/1
f 114/1/1 107/1/1 113/1/1
f 115/4/1 109/4/1 108/4/1
f 116/2/1 111/2/1 110/2/1
f 116/4/1 109/4/1 115/4/1
f 116/2/1 110/2/1 109/2/1
f 117/2/1 111/2/1 116/2/1
f 119/2/1 114/2/1 113/2/1
f 119/2/1 113/2/1 112/2/1
f 120/2/1 114/2/1 119/2/1
f 121/1/1 118/1/1 117/1/1
f 121/1/1 119/1/1 118/1/1
f 122/1/1 119/1/1 121/1/1
f 123/1/1 121/1/1 117/1/1
f 124/3/1 122/3/1 121/3/1
f 124/1/1 121/1/1 123/1/1
f 125/1/1 119/1/1 122/1/1
f 125/3/1 122/3/1 124/3/1
f 126/1/1 119/1/1 125/1/1
f 129/1/1 128/1/1 127/1/1
f 130/1/1 128/1/1 129/1/1
f 132/1/1 129/1/1 127/1/1
f 133/3/1 130/3/1 129/3/1
f 133/1/1 129/1/1 132/1/1
f 134/1/1 128/1/1 130/1/1
f 134/3/1 130/3/1 133/3/1
f 135/1/1 128/1/1 134/1/1
f 138/1/1 132/1/1 131/1/1
f 139/1/1 132/1/1 138/1/1
f 140/1/1 136/1/1 135/1/1
f 141/1/1 136/1/1 140/1/1
f 142/1/1 136/1/1 141/1/1
f 145/2/1 138/2/1 137/2/1
f 146/2/1 138/2/1 145/2/1
f 147/4/1 143/4/1 142/4/1
f 148/4/1 143/4/1 147/4/1
f 150/1/1 146/1/1 145/1/1
f 150/1/1 145/1/1 144/1/1
f 151/1/1 149/1/1 148/1/1
f 151/1/1 148/1/1 147/1/1
f 152/1/1 150/1/1 144/1/1
f 153/1/1 149/1/1 151/1/1
f 155/1/1 152/1/1 144/1/1
f 156/1/1 152/1/1 155/1/1
f 157/1/1 149/1/1 153/1/1
f 158/1/1 149/1/1 157/1/1
f 160/1/1 155/1/1 154/1/1
f 161/1/1 155/1/1 160/1/1
f 162/1/1 159/1/1 158/1/1
f 163/1/1 159/1/1 162/1/1
f 164/3/1 161/3/1 160/3/1
f 165/3/1 161/3/1 164/3/1
f 166/3/1 163/3/1 162/3/1
f 167/3/1 163/3/1 166/3/1
f 168/1/1 165/1/1 164/1/1
f 169/1/1 165/1/1 168/1/1
f 172/1/1 167/1/1 166/1/1
f 173/1/1 167/1/1 172/1/1
f 174/1/1 170/1/1 169/1/1
f 175/1/1 172/1/1 171/1/1
f 176/1/1 174/1/1 169/1/1
f 177/1/1 172/1/1 175/1/1
f 178/1/1 176/1/1 169/1/1
f 179/1/1 176/1/1 178/1/1
f 180/1/1 176/1/1 179/1/1
f 181/1/1 172/1/1 177/1/1
f 182/1/1 172/1/1 181/1/1
f 183/1/1 172/1/1 182/1/1
f 184/4/1 180/4/1 179/4/1
f 185/4/1 180/4/1 184/4/1
f 189/2/1 182/2/1 181/2/1
f 190/2/1 182/2/1 189/2/1
f 191/1/1 187/1/1 186/1/1
f 191/1/1 186/1/1 185/1/1
f 192/1/1 187/1/1 191/1/1
f 193/1/1 189/1/1 188/1/1
f 194/1/1 189/1/1 193/1/1
f 195/1/1 191/1/1 185/1/1
f 196/3/1 192/3/1 191/3/1
f 196/1/1 191/1/1 195/1/1
f 197/1/1 187/1/1 192/1/1
f 197/3/1 192/3/1 196/3/1
f 198/1/1 187/1/1 197/1/1
f 201/1/1 193/1/1 188/1/1
f 202/3/1 194/3/1 193/3/1
f 202/1/1 193/1/1 201/1/1
f 203/1/1 189/1/1 194/1/1
f 203/3/1 194/3/1 202/3/1
f 204/1/1 189/1/1 203/1/1
f 205/3/1 200/3/1 199/3/1
f 205/1/1 199/1/1 198/1/1
f 206/1/1 201/1/1 200/1/1
f 206/3/1 200/3/1 205/3/1
f 207/1/1 205/1/1 198/1/1
f 207/1/1 206/1/1 205/1/1
f 208/1/1 201/1/1 206/1/1
f 208/1/1 206/1/1 207/1/1
f 213/1/1 210/1/1 209/1/1
f 214/1/1 210/1/1 213/1/1
f 215/1/1 212/1/1 211/1/1
f 216/1/1 212/1/1 215/1/1
f 218/3/1 214/3/1 213/3/1
f 219/1/1 210/1/1 214/1/1
f 219/3/1 214/3/1 218/3/1
f 220/1/1 210/1/1 219/1/1
f 221/1/1 215/1/1 211/1/1
f 222/3/1 216/3/1 215/3/1
f 222/1/1 215/1/1 221/1/1
f 223/3/1 216/3/1 222/3/1
f 225/3/1 218/3/1 217/3/1
f 226/3/1 218/3/1 225/3/1
f 227/3/1 224/3/1 223/3/1
f 228/3/1 224/3/1 227/3/1
f 230/1/1 226/1/1 225/1/1
f 231/1/1 226/1/1 230/1/1
f 232/1/1 228/1/1 227/1/1
f 233/1/1 228/1/1 232/1/1
f 236/4/1 230/4/1 229/4/1
f 237/4/1 230/4/1 236/4/1
f 238/2/1 234/2/1 233/2/1
f 239/2/1 234/2/1 238/2/1
f 242/1/1 236/1/1 235/1/1
f 243/1/1 236/1/1 242/1/1
f 244/1/1 240/1/1 239/1/1
f 245/1/1 240/1/1 244/1/1
f 247/1/1 242/1/1 241/1/1
f 248/1/1 246/1/1 245/1/1
f 249/1/1 247/1/1 241/1/1
f 250/1/1 247/1/1 249/1/1
f 251/1/1 246/1/1 248/1/1
f 252/1/1 246/1/1 251/1/1
f 253/3/1 250/3/1 249/3/1
f 254/3/1 250/3/1 253/3/1
f 255/3/1 252/3/1 251/3/1
f 256/3/1 252/3/1 255/3/1
f 257/1/1 254/1/1 253/1/1
f 258/1/1 256/1/1 255/1/1
f 259/1/1 257/1/1 253/1/1
f 260/1/1 257/1/1 259/1/1
f 263/1/1 256/1/1 258/1/1
f 264/1/1 256/1/1 263/1/1
f 265/1/1 261/1/1 260/1/1
f 266/1/1 261/1/1 265/1/1
f 269/1/1 263/1/1 262/1/1
f 270/1/1 263/1/1 269/1/1
f 271/2/1 267/2/1 266/2/1
f 272/2/1 267/2/1 271/2/1
f 275/2/1 269/2/1 268/2/1
f 276/2/1 269/2/1 275/2/1
f 277/1/1 273/1/1 272/1/1
f 278/1/1 273/1/1 277/1/1
f 285/1/1 275/1/1 274/1/1
f 286/1/1 275/1/1 285/1/1
f 287/1/1 279/1/1 278/1/1
f 287/3/1 280/3/1 279/3/1
f 288/1/1 281/1/1 280/1/1
f 288/3/1 280/3/1 287/3/1
f 289/3/1 284/3/1 283/3/1
f 289/1/1 283/1/1 282/1/1
f 290/1/1 285/1/1 284/1/1
f 290/3/1 284/3/1 289/3/1
f 291/1/1 287/1/1 278/1/1
f 291/1/1 288/1/1 287/1/1
f 292/1/1 281/1/1 288/1/1
f 292/1/1 288/1/1 291/1/1
f 293/1/1 289/1/1 282/1/1
f 293/1/1 290/1/1 289/1/1
f 294/1/1 285/1/1 290/1/1
f 294/1/1 290/1/1 293/1/1
f 299/1/1 296/1/1 295/1/1
f 300/1/1 298/1/1 297/1/1
f 302/1/1 299/1/1 295/1/1
f 303/1/1 299/1/1 302/1/1
f 304/1/1 298/1/1 300/1/1
f 305/1/1 298/1/1 304/1/1
f 307/1/1 302/1/1 301/1/1
f 308/1/1 306/1/1 305/1/1
f 310/1/1 307/1/1 301/1/1
f 311/1/1 307/1/1 310/1/1
f 312/1/1 306/1/1 308/1/1
f 313/1/1 306/1/1 312/1/1
f 316/2/1 310/2/1 309/2/1
f 317/2/1 310/2/1 316/2/1
f 318/2/1 314/2/1 313/2/1
f 319/2/1 314/2/1 318/2/1
f 322/1/1 316/1/1 315/1/1
f 323/1/1 316/1/1 322/1/1
f 324/1/1 320/1/1 319/1/1
f 325/1/1 320/1/1 324/1/1
f 327/1/1 322/1/1 321/1/1
f 328/1/1 322/1/1 327/1/1
f 329/1/1 326/1/1 325/1/1
f 330/1/1 326/1/1 329/1/1
f 331/3/1 328/3/1 327/3/1
f 332/3/1 330/3/1 329/3/1
f 333/3/1 331/3/1 327/3/1
f 334/3/1 330/3/1 332/3/1
f 335/3/1 333/3/1 327/3/1
f 336/3/1 333/3/1 335/3/1
f 337/3/1 330/3/1 334/3/1
f 338/3/1 330/3/1 337/3/1
f 339/1/1 336/1/1 335/1/1
f 340/1/1 336/1/1 339/1/1
f 343/1/1 338/1/1 337/1/1
f 344/1/1 338/1/1 343/1/1
f 345/1/1 341/1/1 340/1/1
f 346/1/1 341/1/1 345/1/1
f 349/1/1 343/1/1 342/1/1
f 350/1/1 343/1/1 349/1/1
f 351/2/1 347/2/1 346/2/1
f 352/2/1 347/2/1 351/2/1
f 355/4/1 349/4/1 348/4/1
f 356/4/1 349/4/1 355/4/1
f 357/1/1 353/1/1 352/1/1
f 358/1/1 353/1/1 357/1/1
f 359/1/1 355/1/1 354/1/1
f 360/1/1 355/1/1 359/1/1
f 361/3/1 358/3/1 357/3/1
f 362/3/1 358/3/1 361/3/1
f 365/3/1 360/3/1 359/3/1
f 366/3/1 360/3/1 365/3/1
f 367/3/1 363/3/1 362/3/1
f 368/3/1 363/3/1 367/3/1
f 369/3/1 365/3/1 364/3/1
f 370/3/1 365/3/1 369/3/1
f 371/1/1 368/1/1 367/1/1
f 372/1/1 368/1/1 371/1/1
f 373/1/1 370/1/1 369/1/1
f 374/1/1 370/1/1 373/1/1
f 380/1/1 376/1/1 375/1/1
f 381/1/1 376/1/1 380/1/1
f 382/1/1 378/1/1 377/1/1
f 383/1/1 378/1/1 382/1/1
f 386/1/1 380/1/1 379/1/1
f 387/1/1 380/1/1 386/1/1
f 388/1/1 384/1/1 383/1/1
f 389/1/1 384/1/1 388/1/1
f 392/2/1 386/2/1 385/2/1
f 393/2/1 386/2/1 392/2/1
f 394/2/1 390/2/1 389/2/1
f 395/2/1 390/2/1 394/2/1
f 398/1/1 392/1/1 391/1/1
f 399/1/1 392/1/1 398/1/1
f 400/1/1 396/1/1 395/1/1
f 401/1/1 396/1/1 400/1/1
f 403/1/1 398/1/1 397/1/1
f 404/1/1 402/1/1 401/1/1
f 405/1/1 403/1/1 397/1/1
f 406/1/1 402/1/1 404/1/1
f 407/1/1 405/1/1 397/1/1
f 408/1/1 405/1/1 407/1/1
f 411/1/1 402/1/1 406/1/1
f 412/1/1 402/1/1 411/1/1
f 413/1/1 409/1/1 408/1/1
f 414/1/1 409/1/1 413/1/1
f 417/1/1 411/1/1 410/1/1
f 418/1/1 411/1/1 417/1/1
f 419/2/1 415/2/1 414/2/1
f 420/2/1 415/2/1 419/2/1
f 423/4/1 417/4/1 416/4/1
f 424/4/1 417/4/1 423/4/1
f 425/1/1 421/1/1 420/1/1
f 426/1/1 421/1/1 425/1/1
f 427/1/1 423/1/1 422/1/1
f 428/1/1 423/1/1 427/1/1
f 429/3/1 426/3/1 425/3/1
f 430/3/1 426/3/1 429/3/1
f 433/3/1 428/3/1 427/3/1
f 434/3/1 428/3/1 433/3/1
f 435/1/1 431/1/1 430/1/1
f 436/1/1 433/1/1 432/1/1
f 437/1/1 435/1/1 430/1/1
f 438/1/1 435/1/1 437/1/1
f 439/1/1 433/1/1 436/1/1
f 440/1/1 433/1/1 439/1/1
f 446/1/1 442/1/1 441/1/1
f 447/1/1 442/1/1 446/1/1
f 448/1/1 444/1/1 443/1/1
f 449/1/1 444/1/1 448/1/1
f 451/3/1 446/3/1 445/3/1
f 452/3/1 446/3/1 451/3/1
f 453/3/1 450/3/1 449/3/1
f 454/3/1 450/3/1 453/3/1
f 456/1/1 452/1/1 451/1/1
f 457/1/1 452/1/1 456/1/1
f 458/1/1 454/1/1 453/1/1
f 459/1/1 454/1/1 458/1/1
f 461/4/1 456/4/1 455/4/1
f 462/4/1 456/4/1 461/4/1
f 463/2/1 460/2/1 459/2/1
f 464/2/1 460/2/1 463/2/1
f 469/4/1 466/4/1 465/4/1
f 470/4/1 466/4/1 469/4/1
f 473/2/1 468/2/1 467/2/1
f 474/2/1 468/2/1 473/2/1
f 475/1/1 471/1/1 470/1/1
f 476/1/1 473/1/1 472/1/1
f 477/1/1 475/1/1 470/1/1
f 478/1/1 475/1/1 477/1/1
f 481/1/1 473/1/1 476/1/1
f 482/1/1 473/1/1 481/1/1
f 483/3/1 479/3/1 478/3/1
f 484/3/1 479/3/1 483/3/1
f 485/3/1 481/3/1 480/3/1
f 486/3/1 481/3/1 485/3/1
f 487/1/1 484/1/1 483/1/1
f 488/1/1 484/1/1 487/1/1
f 489/1/1 486/1/1 485/1/1
f 490/1/1 486/1/1 489/1/1
f 495/1/1 492/1/1 491/1/1
f 496/1/1 492/1/1 495/1/1
f 497/1/1 494/1/1 493/1/1
f 498/1/1 494/1/1 497/1/1
f 500/3/1 496/3/1 495/3/1
f 501/3/1 496/3/1 500/3/1
f 502/3/1 498/3/1 497/3/1
f 503/3/1 498/3/1 502/3/1
f 505/1/1 500/1/1 499/1/1
f 506/1/1 504/1/1 503/1/1
f 508/1/1 505/1/1 499/1/1
f 509/1/1 505/1/1 508/1/1
f 510/1/1 504/1/1 506/1/1
f 511/1/1 504/1/1 510/1/1
f 513/4/1 508/4/1 507/4/1
f 514/4/1 508/4/1 513/4/1
f 515/2/1 512/2/1 511/2/1
f 516/2/1 512/2/1 515/2/1
f 517/1/1 514/1/1 513/1/1
f 518/1/1 514/1/1 517/1/1
f 519/1/1 516/1/1 515/1/1
f 520/1/1 516/1/1 519/1/1
f 521/3/1 518/3/1 517/3/1
f 522/3/1 518/3/1 521/3/1
f 523/3/1 520/3/1 519/3/1
f 524/3/1 520/3/1 523/3/1
f 526/1/1 522/1/1 521/1/1
f 527/1/1 522/1/1 526/1/1
f 528/1/1 524/1/1 523/1/1
f 529/1/1 524/1/1 528/1/1
f 531/1/1 526/1/1 525/1/1
f 532/1/1 526/1/1 531/1/1
f 533/1/1 530/1/1 529/1/1
f 534/1/1 530/1/1 533/1/1
f 535/3/1 532/3/1 531/3/1
f 536/3/1 532/3/1 535/3/1
f 537/3/1 534/3/1 533/3/1
f 538/3/1 534/3/1 537/3/1
f 539/1/1 536/1/1 535/1/1
f 540/1/1 536/1/1 539/1/1
f 543/1/1 538/1/1 537/1/1
f 544/1/1 538/1/1 543/1/1
f 545/1/1 541/1/1 540/1/1
f 546/1/1 541/1/1 545/1/1
f 547/1/1 543/1/1 542/1/1
f 548/1/1 543/1/1 547/1/1
f 549/3/1 546/3/1 545/3/1
f 550/3/1 546/3/1 549/3/1
f 551/3/1 548/3/1 547/3/1
f 552/3/1 548/3/1 551/3/1
f 553/1/1 550/1/1 549/1/1
f 554/1/1 550/1/1 553/1/1
f 555/1/1 552/1/1 551/1/1
f 556/1/1 552/1/1 555/1/1
f 557/2/1 554/2/1 553/2/1
f 558/2/1 554/2/1 557/2/1
f 561/2/1 556/2/1 555/2/1
f 562/2/1 556/2/1 561/2/1
f 563/1/1 559/1/1 558/1/1
f 564/1/1 559/1/1 563/1/1
f 567/1/1 561/1/1 560/1/1
f 568/1/1 561/1/1 567/1/1
f 569/1/1 565/1/1 564/1/1
f 570/1/1 567/1/1 566/1/1
f 571/1/1 569/1/1 564/1/1
f 572/1/1 569/1/1 571/1/1
f 573/1/1 567/1/1 570/1/1
f 574/1/1 567/1/1 573/1/1
f 580/1/1 576/1/1 575/1/1
f 581/1/1 576/1/1 580/1/1
f 582/1/1 578/1/1 577/1/1
f 583/1/1 578/1/1 582/1/1
f 585/1/1 580/1/1 579/1/1
f 586/1/1 580/1/1 585/1/1
f 589/1/1 584/1/1 583/1/1
f 590/1/1 584/1/1 589/1/1
f 591/1/1 587/1/1 586/1/1
f 592/1/1 587/1/1 591/1/1
f 593/1/1 589/1/1 588/1/1
f 594/1/1 589/1/1 593/1/1
f 600/1/1 596/1/1 595/1/1
f 601/1/1 596/1/1 600/1/1
f 602/1/1 598/1/1 597/1/1
f 603/1/1 598/1/1 602/1/1
f 606/1/1 600/1/1 599/1/1
f 607/1/1 600/1/1 606/1/1
f 608/1/1 604/1/1 603/1/1
f 609/1/1 604/1/1 608/1/1
f 611/2/1 606/2/1 605/2/1
f 612/2/1 606/2/1 611/2/1
f 613/4/1 610/4/1 609/4/1
f 614/4/1 610/4/1 613/4/1
f 619/2/1 616/2/1 615/2/1
f 620/2/1 616/2/1 619/2/1
f 623/2/1 618/2/1 617/2/1
f 624/2/1 618/2/1 623/2/1
f 625/1/1 621/1/1 620/1/1
f 626/1/1 621/1/1 625/1/1
f 629/1/1 623/1/1 622/1/1
f 630/1/1 623/1/1 629/1/1
f 631/1/1 627/1/1 626/1/1
f 632/1/1 627/1/1 631/1/1
f 633/1/1 629/1/1 628/1/1
f 634/1/1 629/1/1 633/1/1
f 635/1/2 636/1/2 640/1/2
f 640/1/2 636/1/2 641/1/2
f 637/1/2 638/1/2 642/1/2
f 642/1/2 638/1/2 643/1/2
f 639/1/2 640/1/2 646/1/2
f 646/1/2 640/1/2 647/1/2
f 643/1/2 644/1/2 648/1/2
f 648/1/2 644/1/2 649/1/2
f 645/2/2 646/2/2 651/2/2
f 651/2/2 646/2/2 652/2/2
f 649/2/2 650/2/2 653/2/2
f 653/2/2 650/2/2 654/2/2
f 655/4/2 656/4/2 659/4/2
f 659/4/2 656/4/2 660/4/2
f 657/2/2 658/2/2 663/2/2
f 663/2/2 658/2/2 664/2/2
f 660/1/2 661/1/2 665/1/2
f 665/1/2 661/1/2 666/1/2
f 662/1/2 663/1/2 669/1/2
f 669/1/2 663/1/2 670/1/2
f 666/1/2 667/1/2 671/1/2
f 671/1/2 667/1/2 672/1/2
f 668/1/2 669/1/2 673/1/2
f 673/1/2 669/1/2 674/1/2
f 675/1/2 676/1/2 680/1/2
f 680/1/2 676/1/2 681/1/2
f 677/1/2 678/1/2 682/1/2
f 682/1/2 678/1/2 683/1/2
f 679/1/2 680/1/2 685/1/2
f 685/1/2 680/1/2 686/1/2
f 683/1/2 684/1/2 689/1/2
f 689/1/2 684/1/2 690/1/2
f 686/1/2 687/1/2 691/1/2
f 691/1/2 687/1/2 692/1/2
f 688/1/2 689/1/2 693/1/2
f 693/1/2 689/1/2 694/1/2
f 695/1/2 696/1/2 699/1/2
f 699/1/2 696/1/2 700/1/2
f 697/1/2 698/1/2 701/1/2
f 701/1/2 698/1/2 702/1/2
f 699/3/2 700/3/2 704/3/2
f 704/3/2 700/3/2 705/3/2
f 701/3/2 702/3/2 706/3/2
f 706/3/2 702/3/2 707/3/2
f 703/1/2 704/1/2 709/1/2
f 707/1/2 708/1/2 710/1/2
f 703/1/2 709/1/2 712/1/2
f 712/1/2 709/1/2 713/1/2
f 710/1/2 708/1/2 714/1/2
f 714/1/2 708/1/2 715/1/2
f 711/2/2 712/2/2 717/2/2
f 717/2/2 712/2/2 718/2/2
f 715/4/2 716/4/2 719/4/2
f 719/4/2 716/4/2 720/4/2
f 717/1/2 718/1/2 721/1/2
f 721/1/2 718/1/2 722/1/2
f 719/1/2 720/1/2 723/1/2
f 723/1/2 720/1/2 724/1/2
f 721/3/2 722/3/2 725/3/2
f 725/3/2 722/3/2 726/3/2
f 723/3/2 724/3/2 727/3/2
f 727/3/2 724/3/2 728/3/2
f 725/1/2 726/1/2 730/1/2
f 730/1/2 726/1/2 731/1/2
f 727/1/2 728/1/2 732/1/2
f 732/1/2 728/1/2 733/1/2
f 729/1/2 730/1/2 735/1/2
f 735/1/2 730/1/2 736/1/2
f 733/1/2 734/1/2 737/1/2
f 737/1/2 734/1/2 738/1/2
f 735/3/2 736/3/2 739/3/2
f 739/3/2 736/3/2 740/3/2
f 737/3/2 738/3/2 741/3/2
f 741/3/2 738/3/2 742/3/2
f 739/1/2 740/1/2 743/1/2
f 743/1/2 740/1/2 744/1/2
f 741/1/2 742/1/2 747/1/2
f 747/1/2 742/1/2 748/1/2
f 744/1/2 745/1/2 749/1/2
f 749/1/2 745/1/2 750/1/2
f 746/1/2 747/1/2 751/1/2
f 751/1/2 747/1/2 752/1/2
f 749/3/2 750/3/2 753/3/2
f 753/3/2 750/3/2 754/3/2
f 751/3/2 752/3/2 755/3/2
f 755/3/2 752/3/2 756/3/2
f 753/1/2 754/1/2 757/1/2
f 757/1/2 754/1/2 758/1/2
f 755/1/2 756/1/2 759/1/2
f 759/1/2 756/1/2 760/1/2
f 757/2/2 758/2/2 761/2/2
f 761/2/2 758/2/2 762/2/2
f 759/2/2 760/2/2 765/2/2
f 765/2/2 760/2/2 766/2/2
f 762/1/2 763/1/2 767/1/2
f 767/1/2 763/1/2 768/1/2
f 764/1/2 765/1/2 771/1/2
f 771/1/2 765/1/2 772/1/2
f 768/1/2 769/1/2 773/1/2
f 770/1/2 771/1/2 774/1/2
f 768/1/2 773/1/2 775/1/2
f 775/1/2 773/1/2 776/1/2
f 774/1/2 771/1/2 777/1/2
f 777/1/2 771/1/2 778/1/2
f 779/1/2 780/1/2 784/1/2
f 784/1/2 780/1/2 785/1/2
f 781/1/2 782/1/2 786/1/2
f 786/1/2 782/1/2 787/1/2
f 783/3/2 784/3/2 789/3/2
f 789/3/2 784/3/2 790/3/2
f 787/3/2 788/3/2 791/3/2
f 791/3/2 788/3/2 792/3/2
f 789/1/2 790/1/2 794/1/2
f 794/1/2 790/1/2 795/1/2
f 791/1/2 792/1/2 796/1/2
f 796/1/2 792/1/2 797/1/2
f 793/4/2 794/4/2 799/4/2
f 799/4/2 794/4/2 800/4/2
f 797/2/2 798/2/2 801/2/2
f 801/2/2 798/2/2 802/2/2
f 803/2/2 804/2/2 807/2/2
f 807/2/2 804/2/2 808/2/2
f 805/2/2 806/2/2 811/2/2
f 811/2/2 806/2/2 812/2/2
f 808/1/2 809/1/2 813/1/2
f 810/1/2 811/1/2 814/1/2
f 808/1/2 813/1/2 815/1/2
f 815/1/2 813/1/2 816/1/2
f 814/1/2 811/1/2 819/1/2
f 819/1/2 811/1/2 820/1/2
f 816/3/2 817/3/2 821/3/2
f 821/3/2 817/3/2 822/3/2
f 818/3/2 819/3/2 823/3/2
f 823/3/2 819/3/2 824/3/2
f 821/1/2 822/1/2 825/1/2
f 825/1/2 822/1/2 826/1/2
f 823/1/2 824/1/2 827/1/2
f 827/1/2 824/1/2 828/1/2
f 829/1/2 830/1/2 834/1/2
f 834/1/2 830/1/2 835/1/2
f 831/1/2 832/1/2 836/1/2
f 836/1/2 832/1/2 837/1/2
f 833/1/2 834/1/2 840/1/2
f 840/1/2 834/1/2 841/1/2
f 837/1/2 838/1/2 842/1/2
f 842/1/2 838/1/2 843/1/2
f 839/2/2 840/2/2 846/2/2
f 846/2/2 840/2/2 847/2/2
f 843/2/2 844/2/2 848/2/2
f 848/2/2 844/2/2 849/2/2
f 845/1/2 846/1/2 852/1/2
f 852/1/2 846/1/2 853/1/2
f 849/1/2 850/1/2 854/1/2
f 854/1/2 850/1/2 855/1/2
f 851/1/2 852/1/2 857/1/2
f 855/1/2 856/1/2 858/1/2
f 851/1/2 857/1/2 859/1/2
f 858/1/2 856/1/2 860/1/2
f 851/1/2 859/1/2 861/1/2
f 861/1/2 859/1/2 862/1/2
f 860/1/2 856/1/2 865/1/2
f 865/1/2 856/1/2 866/1/2
f 862/1/2 863/1/2 867/1/2
f 867/1/2 863/1/2 868/1/2
f 864/1/2 865/1/2 871/1/2
f 871/1/2 865/1/2 872/1/2
f 868/2/2 869/2/2 873/2/2
f 873/2/2 869/2/2 874/2/2
f 870/4/2 871/4/2 877/4/2
f 877/4/2 871/4/2 878/4/2
f 874/1/2 875/1/2 879/1/2
f 879/1/2 875/1/2 880/1/2
f 876/1/2 877/1/2 881/1/2
f 881/1/2 877/1/2 882/1/2
f 879/3/2 880/3/2 883/3/2
f 883/3/2 880/3/2 884/3/2
f 881/3/2 882/3/2 887/3/2
f 887/3/2 882/3/2 888/3/2
f 884/1/2 885/1/2 889/1/2
f 886/1/2 887/1/2 890/1/2
f 884/1/2 889/1/2 891/1/2
f 891/1/2 889/1/2 892/1/2
f 890/1/2 887/1/2 893/1/2
f 893/1/2 887/1/2 894/1/2
f 895/1/2 896/1/2 899/1/2
f 897/1/2 898/1/2 900/1/2
f 895/1/2 899/1/2 902/1/2
f 902/1/2 899/1/2 903/1/2
f 900/1/2 898/1/2 904/1/2
f 904/1/2 898/1/2 905/1/2
f 901/1/2 902/1/2 907/1/2
f 905/1/2 906/1/2 908/1/2
f 901/1/2 907/1/2 910/1/2
f 910/1/2 907/1/2 911/1/2
f 908/1/2 906/1/2 912/1/2
f 912/1/2 906/1/2 913/1/2
f 909/2/2 910/2/2 916/2/2
f 916/2/2 910/2/2 917/2/2
f 913/2/2 914/2/2 918/2/2
f 918/2/2 914/2/2 919/2/2
f 915/1/2 916/1/2 922/1/2
f 922/1/2 916/1/2 923/1/2
f 919/1/2 920/1/2 924/1/2
f 924/1/2 920/1/2 925/1/2
f 921/1/2 922/1/2 927/1/2
f 927/1/2 922/1/2 928/1/2
f 925/1/2 926/1/2 929/1/2
f 929/1/2 926/1/2 930/1/2
f 927/3/2 928/3/2 931/3/2
f 929/3/2 930/3/2 932/3/2
f 927/3/2 931/3/2 933/3/2
f 932/3/2 930/3/2 934/3/2
f 927/3/2 933/3/2 935/3/2
f 935/3/2 933/3/2 936/3/2
f 934/3/2 930/3/2 937/3/2
f 937/3/2 930/3/2 938/3/2
f 935/1/2 936/1/2 939/1/2
f 939/1/2 936/1/2 940/1/2
f 937/1/2 938/1/2 943/1/2
f 943/1/2 938/1/2 944/1/2
f 940/1/2 941/1/2 945/1/2
f 945/1/2 941/1/2 946/1/2
f 942/1/2 943/1/2 949/1/2
f 949/1/2 943/1/2 950/1/2
f 946/2/2 947/2/2 951/2/2
f 951/2/2 947/2/2 952/2/2
f 948/4/2 949/4/2 955/4/2
f 955/4/2 949/4/2 956/4/2
f 952/1/2 953/1/2 957/1/2
f 957/1/2 953/1/2 958/1/2
f 954/1/2 955/1/2 959/1/2
f 959/1/2 955/1/2 960/1/2
f 957/3/2 958/3/2 961/3/2
f 961/3/2 958/3/2 962/3/2
f 959/3/2 960/3/2 965/3/2
f 965/3/2 960/3/2 966/3/2
f 962/3/2 963/3/2 967/3/2
f 967/3/2 963/3/2 968/3/2
f 964/3/2 965/3/2 969/3/2
f 969/3/2 965/3/2 970/3/2
f 967/1/2 968/1/2 971/1/2
f 971/1/2 968/1/2 972/1/2
f 969/1/2 970/1/2 973/1/2
f 973/1/2 970/1/2 974/1/2
f 975/1/2 976/1/2 979/1/2
f 979/1/2 976/1/2 980/1/2
f 977/1/2 978/1/2 981/1/2
f 981/1/2 978/1/2 982/1/2
f 979/3/2 980/3/2 984/3/2
f 980/1/2 976/1/2 985/1/2
f 984/3/2 980/3/2 985/3/2
f 985/1/2 976/1/2 986/1/2
f 977/1/2 981/1/2 987/1/2
f 981/3/2 982/3/2 988/3/2
f 987/1/2 981/1/2 988/1/2
f 988/3/2 982/3/2 989/3/2
f 983/3/2 984/3/2 991/3/2
f 991/3/2 984/3/2 992/3/2
f 989/3/2 990/3/2 993/3/2
f 993/3/2 990/3/2 994/3/2
f 991/1/2 992/1/2 996/1/2
f 996/1/2 992/1/2 997/1/2
f 993/1/2 994/1/2 998/1/2
f 998/1/2 994/1/2 999/1/2
f 995/2/2 996/2/2 1002/2/2
f 1002/2/2 996/2/2 1003/2/2
f 999/2/2 1000/2/2 1004/2/2
f 1004/2/2 1000/2/2 1005/2/2
f 1001/1/2 1002/1/2 1008/1/2
f 1008/1/2 1002/1/2 1009/1/2
f 1005/1/2 1006/1/2 1010/1/2
f 1010/1/2 1006/1/2 1011/1/2
f 1007/1/2 1008/1/2 1013/1/2
f 1011/1/2 1012/1/2 1014/1/2
f 1007/1/2 1013/1/2 1015/1/2
f 1015/1/2 1013/1/2 1016/1/2
f 1014/1/2 1012/1/2 1017/1/2
f 1017/1/2 1012/1/2 1018/1/2
f 1015/3/2 1016/3/2 1019/3/2
f 1019/3/2 1016/3/2 1020/3/2
f 1017/3/2 1018/3/2 1021/3/2
f 1021/3/2 1018/3/2 1022/3/2
f 1019/1/2 1020/1/2 1023/1/2
f 1021/1/2 1022/1/2 1024/1/2
f 1019/1/2 1023/1/2 1025/1/2
f 1025/1/2 1023/1/2 1026/1/2
f 1024/1/2 1022/1/2 1029/1/2
f 1029/1/2 1022/1/2 1030/1/2
f 1026/1/2 1027/1/2 1031/1/2
f 1031/1/2 1027/1/2 1032/1/2
f 1028/1/2 1029/1/2 1035/1/2
f 1035/1/2 1029/1/2 1036/1/2
f 1032/4/2 1033/4/2 1037/4/2
f 1037/4/2 1033/4/2 1038/4/2
f 1034/2/2 1035/2/2 1041/2/2
f 1041/2/2 1035/2/2 1042/2/2
f 1038/1/2 1039/1/2 1043/1/2
f 1043/1/2 1039/1/2 1044/1/2
f 1040/1/2 1041/1/2 1051/1/2
f 1051/1/2 1041/1/2 1052/1/2
f 1044/1/2 1045/1/2 1053/1/2
f 1045/3/2 1046/3/2 1053/3/2
f 1046/1/2 1047/1/2 1054/1/2
f 1053/3/2 1046/3/2 1054/3/2
f 1049/3/2 1050/3/2 1055/3/2
f 1048/1/2 1049/1/2 1055/1/2
f 1050/1/2 1051/1/2 1056/1/2
f 1055/3/2 1050/3/2 1056/3/2
f 1044/1/2 1053/1/2 1057/1/2
f 1053/1/2 1054/1/2 1057/1/2
f 1054/1/2 1047/1/2 1058/1/2
f 1057/1/2 1054/1/2 1058/1/2
f 1048/1/2 1055/1/2 1059/1/2
f 1055/1/2 1056/1/2 1059/1/2
f 1056/1/2 1051/1/2 1060/1/2
f 1059/1/2 1056/1/2 1060/1/2
f 1061/1/2 1062/1/2 1063/1/2
f 1063/1/2 1062/1/2 1064/1/2
f 1061/1/2 1063/1/2 1066/1/2
f 1063/3/2 1064/3/2 1067/3/2
f 1066/1/2 1063/1/2 1067/1/2
f 1064/1/2 1062/1/2 1068/1/2
f 1067/3/2 1064/3/2 1068/3/2
f 1068/1/2 1062/1/2 1069/1/2
f 1065/1/2 1066/1/2 1072/1/2
f 1072/1/2 1066/1/2 1073/1/2
f 1069/1/2 1070/1/2 1074/1/2
f 1074/1/2 1070/1/2 1075/1/2
f 1075/1/2 1070/1/2 1076/1/2
f 1071/2/2 1072/2/2 1079/2/2
f 1079/2/2 1072/2/2 1080/2/2
f 1076/4/2 1077/4/2 1081/4/2
f 1081/4/2 1077/4/2 1082/4/2
f 1079/1/2 1080/1/2 1084/1/2
f 1078/1/2 1079/1/2 1084/1/2
f 1082/1/2 1083/1/2 1085/1/2
f 1081/1/2 1082/1/2 1085/1/2
f 1078/1/2 1084/1/2 1086/1/2
f 1085/1/2 1083/1/2 1087/1/2
f 1078/1/2 1086/1/2 1089/1/2
f 1089/1/2 1086/1/2 1090/1/2
f 1087/1/2 1083/1/2 1091/1/2
f 1091/1/2 1083/1/2 1092/1/2
f 1088/1/2 1089/1/2 1094/1/2
f 1094/1/2 1089/1/2 1095/1/2
f 1092/1/2 1093/1/2 1096/1/2
f 1096/1/2 1093/1/2 1097/1/2
f 1094/3/2 1095/3/2 1098/3/2
f 1098/3/2 1095/3/2 1099/3/2
f 1096/3/2 1097/3/2 1100/3/2
f 1100/3/2 1097/3/2 1101/3/2
f 1098/1/2 1099/1/2 1102/1/2
f 1102/1/2 1099/1/2 1103/1/2
f 1100/1/2 1101/1/2 1106/1/2
f 1106/1/2 1101/1/2 1107/1/2
f 1103/1/2 1104/1/2 1108/1/2
f 1105/1/2 1106/1/2 1109/1/2
f 1103/1/2 1108/1/2 1110/1/2
f 1109/1/2 1106/1/2 1111/1/2
f 1103/1/2 1110/1/2 1112/1/2
f 1112/1/2 1110/1/2 1113/1/2
f 1113/1/2 1110/1/2 1114/1/2
f 1111/1/2 1106/1/2 1115/1/2
f 1115/1/2 1106/1/2 1116/1/2
f 1116/1/2 1106/1/2 1117/1/2
f 1113/4/2 1114/4/2 1118/4/2
f 1118/4/2 1114/4/2 1119/4/2
f 1115/2/2 1116/2/2 1122/2/2
f 1122/2/2 1116/2/2 1123/2/2
f 1119/1/2 1120/1/2 1124/1/2
f 1124/1/2 1120/1/2 1125/1/2
f 1121/1/2 1122/1/2 1126/1/2
f 1126/1/2 1122/1/2 1127/1/2
f 1119/1/2 1124/1/2 1128/1/2
f 1124/3/2 1125/3/2 1129/3/2
f 1128/1/2 1124/1/2 1129/1/2
f 1125/1/2 1120/1/2 1130/1/2
f 1129/3/2 1125/3/2 1130/3/2
f 1130/1/2 1120/1/2 1131/1/2
f 1121/1/2 1126/1/2 1134/1/2
f 1126/3/2 1127/3/2 1135/3/2
f 1134/1/2 1126/1/2 1135/1/2
f 1127/1/2 1122/1/2 1136/1/2
f 1135/3/2 1127/3/2 1136/3/2
f 1136/1/2 1122/1/2 1137/1/2
f 1132/3/2 1133/3/2 1138/3/2
f 1131/1/2 1132/1/2 1138/1/2
f 1133/1/2 1134/1/2 1139/1/2
f 1138/3/2 1133/3/2 1139/3/2
f 1131/1/2 1138/1/2 1140/1/2
f 1138/1/2 1139/1/2 1140/1/2
f 1139/1/2 1134/1/2 1141/1/2
f 1140/1/2 1139/1/2 1141/1/2
f 1142/1/2 1143/1/2 1146/1/2
f 1143/3/2 1144/3/2 1146/3/2
f 1144/1/2 1145/1/2 1147/1/2
f 1146/3/2 1144/3/2 1147/3/2
f 1142/1/2 1146/1/2 1149/1/2
f 1146/1/2 1147/1/2 1149/1/2
f 1149/1/2 1147/1/2 1150/1/2
f 1147/1/2 1145/1/2 1151/1/2
f 1150/1/2 1147/1/2 1151/1/2
f 1148/2/2 1149/2/2 1154/2/2
f 1154/2/2 1149/2/2 1155/2/2
f 1155/2/2 1149/2/2 1156/2/2
f 1151/2/2 1152/2/2 1157/2/2
f 1157/2/2 1152/2/2 1158/2/2
f 1152/4/2 1153/4/2 1159/4/2
f 1158/2/2 1152/2/2 1159/2/2
f 1159/4/2 1153/4/2 1160/4/2
f 1154/1/2 1155/1/2 1161/1/2
f 1161/1/2 1155/1/2 1162/1/2
f 1159/1/2 1160/1/2 1163/1/2
f 1158/1/2 1159/1/2 1163/1/2
f 1163/1/2 1160/1/2 1164/1/2
f 1161/3/2 1162/3/2 1165/3/2
f 1162/1/2 1155/1/2 1166/1/2
f 1165/3/2 1162/3/2 1166/3/2
f 1158/1/2 1163/1/2 1167/1/2
f 1163/3/2 1164/3/2 1167/3/2
f 1167/3/2 1164/3/2 1168/3/2
f 1165/1/2 1166/1/2 1170/1/2
f 1166/1/2 1155/1/2 1171/1/2
f 1170/1/2 1166/1/2 1171/1/2
f 1158/1/2 1167/1/2 1172/1/2
f 1167/1/2 1168/1/2 1172/1/2
f 1172/1/2 1168/1/2 1173/1/2
f 1169/1/2 1170/1/2 1175/1/2
f 1173/1/2 1174/1/2 1176/1/2
f 1169/1/2 1175/1/2 1177/1/2
f 1176/1/2 1174/1/2 1178/1/2
f 1169/1/2 1177/1/2 1179/1/2
f 1179/1/2 1177/1/2 1180/1/2
f 1178/1/2 1174/1/2 1183/1/2
f 1183/1/2 1174/1/2 1184/1/2
f 1180/1/2 1181/1/2 1185/1/2
f 1185/1/2 1181/1/2 1186/1/2
f 1182/1/2 1183/1/2 1187/1/2
f 1187/1/2 1183/1/2 1188/1/2
f 1185/3/2 1186/3/2 1189/3/2
f 1186/1/2 1181/1/2 1190/1/2
f 1189/3/2 1186/3/2 1190/3/2
f 1182/1/2 1187/1/2 1191/1/2
f 1187/3/2 1188/3/2 1191/3/2
f 1191/3/2 1188/3/2 1192/3/2
f 1189/1/2 1190/1/2 1193/1/2
f 1190/1/2 1181/1/2 1194/1/2
f 1193/1/2 1190/1/2 1194/1/2
f 1182/1/2 1191/1/2 1197/1/2
f 1191/1/2 1192/1/2 1197/1/2
f 1197/1/2 1192/1/2 1198/1/2
f 1194/2/2 1195/2/2 1199/2/2
f 1193/2/2 1194/2/2 1199/2/2
f 1199/2/2 1195/2/2 1200/2/2
f 1197/2/2 1198/2/2 1202/2/2
f 1196/2/2 1197/2/2 1202/2/2
f 1202/2/2 1198/2/2 1203/2/2
f 1200/1/2 1201/1/2 1204/1/2
f 1201/1/2 1202/1/2 1204/1/2
f 1204/1/2 1202/1/2 1205/1/2
f 1200/1/2 1204/1/2 1206/1/2
f 1204/3/2 1205/3/2 1207/3/2
f 1206/1/2 1204/1/2 1207/1/2
f 1205/1/2 1202/1/2 1208/1/2
f 1207/3/2 1205/3/2 1208/3/2
f 1208/1/2 1202/1/2 1209/1/2
f 1210/4/2 1211/4/2 1214/4/2
f 1211/2/2 1212/2/2 1215/2/2
f 1214/4/2 1211/4/2 1215/4/2
f 1215/2/2 1212/2/2 1216/2/2
f 1213/1/2 1214/1/2 1218/1/2
f 1216/1/2 1217/1/2 1218/1/2
f 1215/1/2 1216/1/2 1218/1/2
f 1214/1/2 1215/1/2 1218/1/2
f 1218/1/2 1217/1/2 1219/1/2
f 1213/1/2 1218/1/2 1220/1/2
f 1218/3/2 1219/3/2 1221/3/2
f 1220/1/2 1218/1/2 1221/1/2
f 1219/1/2 1217/1/2 1222/1/2
f 1221/3/2 1219/3/2 1222/3/2
f 1222/1/2 1217/1/2 1223/1/2
f 1213/1/2 1220/1/2 1225/1/2
f 1220/3/2 1221/3/2 1226/3/2
f 1221/3/2 1222/3/2 1226/3/2
f 1225/1/2 1220/1/2 1226/1/2
f 1222/3/2 1223/3/2 1226/3/2
f 1223/1/2 1217/1/2 1227/1/2
f 1226/3/2 1223/3/2 1227/3/2
f 1227/1/2 1217/1/2 1228/1/2
f 1224/1/2 1225/1/2 1230/1/2
f 1230/1/2 1225/1/2 1231/1/2
f 1228/1/2 1229/1/2 1232/1/2
f 1232/1/2 1229/1/2 1233/1/2
f 1230/3/2 1231/3/2 1234/3/2
f 1231/1/2 1225/1/2 1235/1/2
f 1234/3/2 1231/3/2 1235/3/2
f 1228/1/2 1232/1/2 1236/1/2
f 1232/3/2 1233/3/2 1236/3/2
f 1236/3/2 1233/3/2 1237/3/2
f 1234/1/2 1235/1/2 1238/1/2
f 1235/1/2 1225/1/2 1239/1/2
f 1238/1/2 1235/1/2 1239/1/2
f 1228/1/2 1236/1/2 1242/1/2
f 1236/1/2 1237/1/2 1242/1/2
f 1242/1/2 1237/1/2 1243/1/2
f 1240/3/2 1241/3/2 1244/3/2
f 1239/1/2 1240/1/2 1244/1/2
f 1244/3/2 1241/3/2 1245/3/2
f 1245/3/2 1241/3/2 1246/3/2
f 1241/1/2 1242/1/2 1247/1/2
f 1246/3/2 1241/3/2 1247/3/2
f 1245/3/2 1246/3/2 1248/3/2
f 1244/1/2 1245/1/2 1248/1/2
f 1246/1/2 1247/1/2 1249/1/2
f 1248/3/2 1246/3/2 1249/3/2
f 1239/1/2 1244/1/2 1250/1/2
f 1244/1/2 1248/1/2 1250/1/2
f 1248/1/2 1249/1/2 1250/1/2
f 1250/1/2 1249/1/2 1251/1/2
f 1247/1/2 1242/1/2 1252/1/2
f 1251/1/2 1249/1/2 1252/1/2
f 1249/1/2 1247/1/2 1252/1/2
f 1252/1/2 1242/1/2 1253/1/2
f 1253/1/2 1242/1/2 1254/1/2
f 1251/2/2 1252/2/2 1255/2/2
f 1252/4/2 1253/4/2 1256/4/2
f 1255/2/2 1252/2/2 1256/2/2
f 1256/4/2 1253/4/2 1257/4/2
f 1258/1/2 1259/1/2 1262/1/2
f 1259/3/2 1260/3/2 1263/3/2
f 1262/1/2 1259/1/2 1263/1/2
f 1260/1/2 1261/1/2 1264/1/2
f 1263/3/2 1260/3/2 1264/3/2
f 1264/1/2 1261/1/2 1265/1/2
f 1268/1/3 1267/1/3 1266/1/3
f 1269/1/3 1267/1/3 1268/1/3
f 1270/3/3 1269/3/3 1268/3/3
f 1271/3/3 1269/3/3 1270/3/3
f 1272/1/3 1271/1/3 1270/1/3
f 1273/1/3 1271/1/3 1272/1/3
f 1278/1/3 1275/1/3 1274/1/3
f 1278/3/3 1276/3/3 1275/3/3
f 1279/1/3 1277/1/3 1276/1/3
f 1279/3/3 1276/3/3 1278/3/3
f 1281/1/3 1278/1/3 1274/1/3
f 1281/1/3 1279/1/3 1278/1/3
f 1282/1/3 1277/1/3 1279/1/3
f 1282/1/3 1279/1/3 1281/1/3
f 1285/1/3 1281/1/3 1280/1/3
f 1286/1/3 1283/1/3 1282/1/3
f 1288/1/3 1281/1/3 1285/1/3
f 1289/1/3 1281/1/3 1288/1/3
f 1290/1/3 1286/1/3 1282/1/3
f 1291/1/3 1286/1/3 1290/1/3
f 1292/1/3 1288/1/3 1285/1/3
f 1293/3/3 1289/3/3 1288/3/3
f 1293/1/3 1288/1/3 1292/1/3
f 1294/1/3 1286/1/3 1291/1/3
f 1294/3/3 1291/3/3 1290/3/3
f 1295/1/3 1286/1/3 1294/1/3
f 1296/2/3 1285/2/3 1284/2/3
f 1297/1/3 1292/1/3 1285/1/3
f 1297/2/3 1285/2/3 1296/2/3
f 1298/4/3 1297/4/3 1296/4/3
f 1299/1/3 1292/1/3 1297/1/3
f 1299/4/3 1297/4/3 1298/4/3
f 1300/3/3 1293/3/3 1292/3/3
f 1300/1/3 1292/1/3 1299/1/3
f 1301/3/3 1289/3/3 1293/3/3
f 1301/3/3 1293/3/3 1300/3/3
f 1302/3/3 1294/3/3 1290/3/3
f 1302/3/3 1295/3/3 1294/3/3
f 1303/1/3 1286/1/3 1295/1/3
f 1303/3/3 1295/3/3 1302/3/3
f 1304/1/3 1300/1/3 1299/1/3
f 1304/3/3 1289/3/3 1301/3/3
f 1304/1/3 1301/1/3 1300/1/3
f 1305/3/3 1289/3/3 1304/3/3
f 1306/3/3 1302/3/3 1290/3/3
f 1307/1/3 1303/1/3 1302/1/3
f 1307/3/3 1302/3/3 1306/3/3
f 1308/2/3 1287/2/3 1286/2/3
f 1308/1/3 1303/1/3 1307/1/3
f 1308/1/3 1286/1/3 1303/1/3
f 1309/2/3 1287/2/3 1308/2/3
f 1310/2/3 1299/2/3 1298/2/3
f 1311/1/3 1305/1/3 1304/1/3
f 1311/2/3 1299/2/3 1310/2/3
f 1311/1/3 1304/1/3 1299/1/3
f 1312/1/3 1307/1/3 1306/1/3
f 1312/4/3 1309/4/3 1308/4/3
f 1312/1/3 1308/1/3 1307/1/3
f 1313/4/3 1309/4/3 1312/4/3
f 1314/1/3 1305/1/3 1311/1/3
f 1315/1/3 1305/1/3 1314/1/3
f 1316/1/3 1312/1/3 1306/1/3
f 1317/1/3 1312/1/3 1316/1/3
f 1318/1/3 1316/1/3 1315/1/3
f 1319/1/3 1316/1/3 1318/1/3
f 1320/1/3 1318/1/3 1315/1/3
f 1321/3/3 1319/3/3 1318/3/3
f 1321/1/3 1318/1/3 1320/1/3
f 1322/1/3 1316/1/3 1319/1/3
f 1322/3/3 1319/3/3 1321/3/3
f 1323/1/3 1316/1/3 1322/1/3
f 1330/1/3 1325/1/3 1324/1/3
f 1331/1/3 1325/1/3 1330/1/3
f 1332/1/3 1325/1/3 1331/1/3
f 1333/1/3 1325/1/3 1332/1/3
f 1338/4/3 1327/4/3 1326/4/3
f 1339/1/3 1328/1/3 1327/1/3
f 1339/4/3 1327/4/3 1338/4/3
f 1340/3/3 1329/3/3 1328/3/3
f 1340/1/3 1328/1/3 1339/1/3
f 1341/1/3 1330/1/3 1329/1/3
f 1341/3/3 1329/3/3 1340/3/3
f 1342/3/3 1335/3/3 1334/3/3
f 1342/1/3 1334/1/3 1333/1/3
f 1343/1/3 1336/1/3 1335/1/3
f 1343/3/3 1335/3/3 1342/3/3
f 1344/2/3 1339/2/3 1338/2/3
f 1344/1/3 1340/1/3 1339/1/3
f 1344/1/3 1341/1/3 1340/1/3
f 1345/1/3 1330/1/3 1341/1/3
f 1345/1/3 1341/1/3 1344/1/3
f 1346/1/3 1343/1/3 1342/1/3
f 1346/1/3 1342/1/3 1333/1/3
f 1347/1/3 1336/1/3 1343/1/3
f 1347/1/3 1343/1/3 1346/1/3
f 1347/2/3 1337/2/3 1336/2/3
f 1349/2/3 1344/2/3 1338/2/3
f 1350/2/3 1344/2/3 1349/2/3
f 1351/2/3 1337/2/3 1347/2/3
f 1352/2/3 1337/2/3 1351/2/3
f 1354/1/3 1349/1/3 1348/1/3
f 1355/1/3 1349/1/3 1354/1/3
f 1356/1/3 1353/1/3 1352/1/3
f 1357/1/3 1353/1/3 1356/1/3
f 1358/1/3 1349/1/3 1355/1/3
f 1359/3/3 1355/3/3 1354/3/3
f 1360/1/3 1358/1/3 1355/1/3
f 1360/3/3 1355/3/3 1359/3/3
f 1361/1/3 1358/1/3 1360/1/3
f 1362/1/3 1356/1/3 1352/1/3
f 1362/3/3 1357/3/3 1356/3/3
f 1363/3/3 1357/3/3 1362/3/3
f 1364/1/3 1362/1/3 1352/1/3
f 1364/1/3 1363/1/3 1362/1/3
f 1365/1/3 1361/1/3 1360/1/3
f 1365/1/3 1360/1/3 1359/1/3
f 1366/1/3 1361/1/3 1365/1/3
f 1369/1/3 1363/1/3 1364/1/3
f 1370/1/3 1363/1/3 1369/1/3
f 1371/2/3 1367/2/3 1366/2/3
f 1374/4/3 1369/4/3 1368/4/3
f 1375/4/3 1369/4/3 1374/4/3
f 1376/1/3 1372/1/3 1371/1/3
f 1377/1/3 1372/1/3 1376/1/3
f 1378/1/3 1374/1/3 1373/1/3
f 1379/1/3 1374/1/3 1378/1/3
f 1380/2/3 1371/2/3 1366/2/3
f 1381/1/3 1376/1/3 1371/1/3
f 1381/2/3 1371/2/3 1380/2/3
f 1382/3/3 1377/3/3 1376/3/3
f 1382/1/3 1376/1/3 1381/1/3
f 1383/1/3 1372/1/3 1377/1/3
f 1383/3/3 1377/3/3 1382/3/3
f 1384/1/3 1372/1/3 1383/1/3
f 1387/1/3 1378/1/3 1373/1/3
f 1388/3/3 1379/3/3 1378/3/3
f 1388/1/3 1378/1/3 1387/1/3
f 1389/1/3 1374/1/3 1379/1/3
f 1389/3/3 1379/3/3 1388/3/3
f 1390/2/3 1375/2/3 1374/2/3
f 1390/1/3 1374/1/3 1389/1/3
f 1391/2/3 1375/2/3 1390/2/3
f 1392/1/3 1385/1/3 1384/1/3
f 1392/1/3 1387/1/3 1386/1/3
f 1392/1/3 1386/1/3 1385/1/3
f 1393/1/3 1387/1/3 1392/1/3
f 1399/1/3 1395/1/3 1394/1/3
f 1400/3/3 1396/3/3 1395/3/3
f 1400/1/3 1395/1/3 1399/1/3
f 1401/1/3 1397/1/3 1396/1/3
f 1401/3/3 1396/3/3 1400/3/3
f 1402/1/3 1397/1/3 1401/1/3
f 1405/1/3 1399/1/3 1398/1/3
f 1406/1/3 1403/1/3 1402/1/3
f 1409/4/3 1405/4/3 1404/4/3
f 1410/1/3 1399/1/3 1405/1/3
f 1410/4/3 1405/4/3 1409/4/3
f 1411/1/3 1399/1/3 1410/1/3
f 1412/1/3 1399/1/3 1411/1/3
f 1413/1/3 1399/1/3 1412/1/3
f 1414/1/3 1406/1/3 1402/1/3
f 1415/1/3 1406/1/3 1414/1/3
f 1416/1/3 1406/1/3 1415/1/3
f 1417/4/3 1407/4/3 1406/4/3
f 1417/1/3 1406/1/3 1416/1/3
f 1418/4/3 1407/4/3 1417/4/3
f 1420/1/3 1409/1/3 1408/1/3
f 1421/1/3 1419/1/3 1418/1/3
f 1422/1/3 1419/1/3 1421/1/3
f 1423/1/3 1421/1/3 1418/1/3
f 1423/3/3 1422/3/3 1421/3/3
f 1424/3/3 1422/3/3 1423/3/3
f 1426/1/3 1420/1/3 1408/1/3
f 1427/1/3 1420/1/3 1426/1/3
f 1428/1/3 1423/1/3 1418/1/3
f 1428/1/3 1424/1/3 1423/1/3
f 1429/1/3 1424/1/3 1428/1/3
f 1431/1/3 1426/1/3 1425/1/3
f 1432/1/3 1426/1/3 1431/1/3
f 1433/1/3 1430/1/3 1429/1/3
f 1434/1/3 1430/1/3 1433/1/3
f 1435/3/3 1432/3/3 1431/3/3
f 1435/1/3 1431/1/3 1425/1/3
f 1436/3/3 1432/3/3 1435/3/3
f 1437/3/3 1434/3/3 1433/3/3
f 1438/1/3 1430/1/3 1434/1/3
f 1438/3/3 1434/3/3 1437/3/3
f 1439/1/3 1436/1/3 1435/1/3
f 1439/1/3 1435/1/3 1425/1/3
f 1440/1/3 1436/1/3 1439/1/3
f 1443/1/3 1438/1/3 1437/1/3
f 1444/1/3 1430/1/3 1438/1/3
f 1444/1/3 1438/1/3 1443/1/3
f 1445/1/3 1443/1/3 1442/1/3
f 1446/1/3 1443/1/3 1445/1/3
f 1447/1/3 1443/1/3 1446/1/3
f 1448/1/3 1446/1/3 1445/1/3
f 1448/3/3 1447/3/3 1446/3/3
f 1449/3/3 1447/3/3 1448/3/3
f 1450/1/3 1441/1/3 1440/1/3
f 1451/1/3 1441/1/3 1450/1/3
f 1460/1/3 1448/1/3 1445/1/3
f 1460/1/3 1449/1/3 1448/1/3
f 1461/1/3 1449/1/3 1460/1/3
f 1462/4/3 1452/4/3 1451/4/3
f 1463/1/3 1453/1/3 1452/1/3
f 1463/4/3 1452/4/3 1462/4/3
f 1463/1/3 1454/1/3 1453/1/3
f 1463/1/3 1455/1/3 1454/1/3
f 1464/1/3 1459/1/3 1458/1/3
f 1464/1/3 1458/1/3 1457/1/3
f 1464/2/3 1460/2/3 1459/2/3
f 1464/1/3 1457/1/3 1456/1/3
f 1465/2/3 1460/2/3 1464/2/3
f 1466/1/3 1455/1/3 1463/1/3
f 1467/1/3 1455/1/3 1466/1/3
f 1470/1/3 1464/1/3 1456/1/3
f 1471/1/3 1464/1/3 1470/1/3
f 1472/1/3 1468/1/3 1467/1/3
f 1473/3/3 1469/3/3 1468/3/3
f 1473/1/3 1468/1/3 1472/1/3
f 1474/1/3 1470/1/3 1469/1/3
f 1474/3/3 1469/3/3 1473/3/3
f 1475/1/3 1470/1/3 1474/1/3
f 1481/1/3 1477/1/3 1476/1/3
f 1482/1/3 1477/1/3 1481/1/3
f 1483/3/3 1478/3/3 1477/3/3
f 1483/1/3 1477/1/3 1482/1/3
f 1484/1/3 1479/1/3 1478/1/3
f 1484/3/3 1478/3/3 1483/3/3
f 1485/1/3 1479/1/3 1484/1/3
f 1486/1/3 1479/1/3 1485/1/3
f 1489/1/3 1481/1/3 1480/1/3
f 1490/1/3 1481/1/3 1489/1/3
f 1491/1/3 1487/1/3 1486/1/3
f 1492/1/3 1487/1/3 1491/1/3
f 1496/2/3 1489/2/3 1488/2/3
f 1497/2/3 1489/2/3 1496/2/3
f 1498/2/3 1493/2/3 1492/2/3
f 1499/2/3 1493/2/3 1498/2/3
f 1503/3/3 1495/3/3 1494/3/3
f 1504/1/3 1496/1/3 1495/1/3
f 1504/3/3 1495/3/3 1503/3/3
f 1505/1/3 1496/1/3 1504/1/3
f 1506/1/3 1500/1/3 1499/1/3
f 1507/1/3 1500/1/3 1506/1/3
f 1509/1/3 1502/1/3 1501/1/3
f 1509/3/3 1503/3/3 1502/3/3
f 1510/3/3 1503/3/3 1509/3/3
f 1511/1/3 1508/1/3 1507/1/3
f 1512/1/3 1508/1/3 1511/1/3
f 1513/3/3 1512/3/3 1511/3/3
f 1514/1/3 1508/1/3 1512/1/3
f 1514/3/3 1512/3/3 1513/3/3
f 1515/1/3 1510/1/3 1509/1/3
f 1515/1/3 1509/1/3 1501/1/3
f 1516/1/3 1510/1/3 1515/1/3
f 1517/1/3 1514/1/3 1513/1/3
f 1518/1/3 1508/1/3 1514/1/3
f 1518/1/3 1514/1/3 1517/1/3
f 1523/1/3 1522/1/3 1521/1/3
f 1524/1/3 1522/1/3 1523/1/3
f 1525/1/3 1520/1/3 1519/1/3
f 1526/1/3 1520/1/3 1525/1/3
f 1527/3/3 1524/3/3 1523/3/3
f 1528/1/3 1522/1/3 1524/1/3
f 1528/3/3 1524/3/3 1527/3/3
f 1529/1/3 1525/1/3 1519/1/3
f 1530/3/3 1526/3/3 1525/3/3
f 1530/1/3 1525/1/3 1529/1/3
f 1531/3/3 1526/3/3 1530/3/3
f 1535/1/3 1528/1/3 1527/1/3
f 1536/1/3 1522/1/3 1528/1/3
f 1536/1/3 1528/1/3 1535/1/3
f 1537/3/3 1532/3/3 1531/3/3
f 1538/1/3 1533/1/3 1532/1/3
f 1538/3/3 1532/3/3 1537/3/3
f 1539/1/3 1533/1/3 1538/1/3
f 1542/1/3 1535/1/3 1534/1/3
f 1543/1/3 1535/1/3 1542/1/3
f 1544/2/3 1540/2/3 1539/2/3
f 1545/2/3 1540/2/3 1544/2/3
f 1548/2/3 1542/2/3 1541/2/3
f 1549/2/3 1542/2/3 1548/2/3
f 1550/1/3 1546/1/3 1545/1/3
f 1551/1/3 1546/1/3 1550/1/3
f 1556/1/3 1548/1/3 1547/1/3
f 1557/1/3 1548/1/3 1556/1/3
f 1558/1/3 1552/1/3 1551/1/3
f 1558/1/3 1553/1/3 1552/1/3
f 1559/3/3 1554/3/3 1553/3/3
f 1559/1/3 1553/1/3 1558/1/3
f 1560/1/3 1555/1/3 1554/1/3
f 1560/3/3 1554/3/3 1559/3/3
f 1560/1/3 1556/1/3 1555/1/3
f 1561/1/3 1556/1/3 1560/1/3
f 1567/1/3 1563/1/3 1562/1/3
f 1568/3/3 1564/3/3 1563/3/3
f 1568/1/3 1563/1/3 1567/1/3
f 1569/3/3 1564/3/3 1568/3/3
f 1570/3/3 1564/3/3 1569/3/3
f 1571/1/3 1565/1/3 1564/1/3
f 1571/3/3 1564/3/3 1570/3/3
f 1572/1/3 1565/1/3 1571/1/3
f 1575/1/3 1567/1/3 1566/1/3
f 1576/1/3 1567/1/3 1575/1/3
f 1577/1/3 1573/1/3 1572/1/3
f 1578/1/3 1573/1/3 1577/1/3
f 1581/2/3 1575/2/3 1574/2/3
f 1582/2/3 1575/2/3 1581/2/3
f 1583/2/3 1579/2/3 1578/2/3
f 1584/2/3 1579/2/3 1583/2/3
f 1588/1/3 1581/1/3 1580/1/3
f 1589/1/3 1581/1/3 1588/1/3
f 1590/1/3 1581/1/3 1589/1/3
f 1591/1/3 1585/1/3 1584/1/3
f 1592/3/3 1586/3/3 1585/3/3
f 1592/1/3 1585/1/3 1591/1/3
f 1593/3/3 1586/3/3 1592/3/3
f 1596/1/3 1588/1/3 1587/1/3
f 1597/1/3 1588/1/3 1596/1/3
f 1598/1/3 1588/1/3 1597/1/3
f 1599/3/3 1594/3/3 1593/3/3
f 1600/1/3 1595/1/3 1594/1/3
f 1600/3/3 1594/3/3 1599/3/3
f 1601/1/3 1595/1/3 1600/1/3
f 1608/1/3 1603/1/3 1602/1/3
f 1608/1/3 1604/1/3 1603/1/3
f 1609/1/3 1604/1/3 1608/1/3
f 1614/3/3 1606/3/3 1605/3/3
f 1615/1/3 1607/1/3 1606/1/3
f 1615/3/3 1606/3/3 1614/3/3
f 1616/1/3 1607/1/3 1615/1/3
f 1617/1/3 1610/1/3 1609/1/3
f 1617/1/3 1611/1/3 1610/1/3
f 1618/1/3 1611/1/3 1617/1/3
f 1621/1/3 1613/1/3 1612/1/3
f 1622/3/3 1614/3/3 1613/3/3
f 1622/1/3 1613/1/3 1621/1/3
f 1623/3/3 1614/3/3 1622/3/3
f 1624/2/3 1619/2/3 1618/2/3
f 1625/2/3 1619/2/3 1624/2/3
f 1628/2/3 1621/2/3 1620/2/3
f 1629/2/3 1621/2/3 1628/2/3
f 1630/1/3 1626/1/3 1625/1/3
f 1631/1/3 1626/1/3 1630/1/3
f 1636/1/3 1628/1/3 1627/1/3
f 1637/1/3 1628/1/3 1636/1/3
f 1638/1/3 1632/1/3 1631/1/3
f 1639/3/3 1635/3/3 1634/3/3
f 1639/1/3 1632/1/3 1638/1/3
f 1639/3/3 1633/3/3 1632/3/3
f 1639/3/3 1634/3/3 1633/3/3
f 1640/1/3 1636/1/3 1635/1/3
f 1640/3/3 1635/3/3 1639/3/3
f 1641/1/3 1636/1/3 1640/1/3
f 1645/1/3 1643/1/3 1642/1/3
f 1646/1/3 1643/1/3 1645/1/3
f 1647/1/3 1643/1/3 1646/1/3
f 1648/1/3 1643/1/3 1647/1/3
f 1651/1/3 1645/1/3 1644/1/3
f 1652/1/3 1645/1/3 1651/1/3
f 1653/1/3 1649/1/3 1648/1/3
f 1654/1/3 1649/1/3 1653/1/3
f 1657/4/3 1651/4/3 1650/4/3
f 1658/4/3 1651/4/3 1657/4/3
f 1659/2/3 1655/2/3 1654/2/3
f 1660/2/3 1655/2/3 1659/2/3
f 1664/1/3 1657/1/3 1656/1/3
f 1665/1/3 1657/1/3 1664/1/3
f 1666/1/3 1661/1/3 1660/1/3
f 1667/3/3 1662/3/3 1661/3/3
f 1667/1/3 1661/1/3 1666/1/3
f 1668/3/3 1662/3/3 1667/3/3
f 1670/1/3 1664/1/3 1663/1/3
f 1671/1/3 1664/1/3 1670/1/3
f 1672/1/3 1669/1/3 1668/1/3
f 1673/1/3 1669/1/3 1672/1/3
f 1674/1/3 1669/1/3 1673/1/3
f 1680/1/3 1676/1/3 1675/1/3
f 1681/1/3 1676/1/3 1680/1/3
f 1685/1/3 1679/1/3 1678/1/3
f 1685/1/3 1678/1/3 1677/1/3
f 1686/1/3 1679/1/3 1685/1/3
f 1687/1/3 1682/1/3 1681/1/3
f 1688/1/3 1682/1/3 1687/1/3
f 1691/1/3 1684/1/3 1683/1/3
f 1692/3/3 1685/3/3 1684/3/3
f 1692/1/3 1684/1/3 1691/1/3
f 1693/3/3 1685/3/3 1692/3/3
f 1694/2/3 1689/2/3 1688/2/3
f 1695/2/3 1689/2/3 1694/2/3
f 1698/4/3 1691/4/3 1690/4/3
f 1699/4/3 1691/4/3 1698/4/3
f 1700/1/3 1696/1/3 1695/1/3
f 1701/1/3 1696/1/3 1700/1/3
f 1704/1/3 1698/1/3 1697/1/3
f 1705/1/3 1698/1/3 1704/1/3
f 1706/1/3 1703/1/3 1702/1/3
f 1706/1/3 1704/1/3 1703/1/3
f 1706/1/3 1702/1/3 1701/1/3
f 1707/1/3 1704/1/3 1706/1/3
f 1714/2/3 1709/2/3 1708/2/3
f 1715/2/3 1709/2/3 1714/2/3
f 1716/4/3 1711/4/3 1710/4/3
f 1717/4/3 1711/4/3 1716/4/3
f 1720/3/3 1713/3/3 1712/3/3
f 1721/1/3 1714/1/3 1713/1/3
f 1721/3/3 1713/3/3 1720/3/3
f 1722/1/3 1714/1/3 1721/1/3
f 1723/1/3 1718/1/3 1717/1/3
f 1724/1/3 1718/1/3 1723/1/3
f 1725/1/3 1718/1/3 1724/1/3
f 1728/1/3 1720/1/3 1719/1/3
f 1729/1/3 1720/1/3 1728/1/3
f 1730/3/3 1726/3/3 1725/3/3
f 1731/1/3 1727/1/3 1726/1/3
f 1731/3/3 1726/3/3 1730/3/3
f 1732/1/3 1727/1/3 1731/1/3
f 1738/1/3 1734/1/3 1733/1/3
f 1739/1/3 1734/1/3 1738/1/3
f 1744/3/3 1736/3/3 1735/3/3
f 1745/1/3 1737/1/3 1736/1/3
f 1745/3/3 1736/3/3 1744/3/3
f 1746/1/3 1737/1/3 1745/1/3
f 1747/3/3 1740/3/3 1739/3/3
f 1748/1/3 1741/1/3 1740/1/3
f 1748/3/3 1740/3/3 1747/3/3
f 1749/1/3 1741/1/3 1748/1/3
f 1752/1/3 1744/1/3 1743/1/3
f 1752/1/3 1743/1/3 1742/1/3
f 1753/1/3 1744/1/3 1752/1/3
f 1754/2/3 1750/2/3 1749/2/3
f 1755/2/3 1750/2/3 1754/2/3
f 1756/4/3 1752/4/3 1751/4/3
f 1757/4/3 1752/4/3 1756/4/3
f 1766/1/3 1759/1/3 1758/1/3
f 1767/3/3 1760/3/3 1759/3/3
f 1767/1/3 1759/1/3 1766/1/3
f 1768/1/3 1761/1/3 1760/1/3
f 1768/3/3 1760/3/3 1767/3/3
f 1769/1/3 1761/1/3 1768/1/3
f 1775/2/3 1763/2/3 1762/2/3
f 1776/1/3 1764/1/3 1763/1/3
f 1776/2/3 1763/2/3 1775/2/3
f 1777/3/3 1765/3/3 1764/3/3
f 1777/1/3 1764/1/3 1776/1/3
f 1778/1/3 1766/1/3 1765/1/3
f 1778/3/3 1765/3/3 1777/3/3
f 1779/1/3 1766/1/3 1778/1/3
f 1780/1/3 1770/1/3 1769/1/3
f 1781/3/3 1771/3/3 1770/3/3
f 1781/1/3 1770/1/3 1780/1/3
f 1782/1/3 1772/1/3 1771/1/3
f 1782/3/3 1771/3/3 1781/3/3
f 1783/4/3 1773/4/3 1772/4/3
f 1783/1/3 1772/1/3 1782/1/3
f 1784/4/3 1773/4/3 1783/4/3
f 1788/1/3 1775/1/3 1774/1/3
f 1789/1/3 1775/1/3 1788/1/3
f 1790/1/3 1775/1/3 1789/1/3
f 1791/1/3 1785/1/3 1784/1/3
f 1792/1/3 1785/1/3 1791/1/3
f 1794/1/3 1787/1/3 1786/1/3
f 1795/3/3 1788/3/3 1787/3/3
f 1795/1/3 1787/1/3 1794/1/3
f 1796/3/3 1788/3/3 1795/3/3
f 1797/1/3 1793/1/3 1792/1/3
f 1798/1/3 1793/1/3 1797/1/3
f 1799/1/3 1793/1/3 1798/1/3
f 1806/1/3 1801/1/3 1800/1/3
f 1807/3/3 1802/3/3 1801/3/3
f 1807/1/3 1801/1/3 1806/1/3
f 1808/3/3 1802/3/3 1807/3/3
f 1812/1/3 1805/1/3 1804/1/3
f 1812/1/3 1804/1/3 1803/1/3
f 1813/1/3 1805/1/3 1812/1/3
f 1814/1/3 1810/1/3 1809/1/3
f 1814/1/3 1809/1/3 1808/1/3
f 1815/1/3 1810/1/3 1814/1/3
f 1824/1/3 1812/1/3 1811/1/3
f 1825/1/3 1812/1/3 1824/1/3
f 1826/2/3 1816/2/3 1815/2/3
f 1827/1/3 1817/1/3 1816/1/3
f 1827/2/3 1816/2/3 1826/2/3
f 1828/3/3 1818/3/3 1817/3/3
f 1828/1/3 1817/1/3 1827/1/3
f 1829/1/3 1819/1/3 1818/1/3
f 1829/3/3 1818/3/3 1828/3/3
f 1830/1/3 1819/1/3 1829/1/3
f 1833/1/3 1821/1/3 1820/1/3
f 1834/3/3 1822/3/3 1821/3/3
f 1834/1/3 1821/1/3 1833/1/3
f 1835/1/3 1823/1/3 1822/1/3
f 1835/3/3 1822/3/3 1834/3/3
f 1836/2/3 1824/2/3 1823/2/3
f 1836/1/3 1823/1/3 1835/1/3
f 1837/2/3 1824/2/3 1836/2/3
f 1838/1/3 1831/1/3 1830/1/3
f 1839/3/3 1832/3/3 1831/3/3
f 1839/1/3 1831/1/3 1838/1/3
f 1840/1/3 1833/1/3 1832/1/3
f 1840/3/3 1832/3/3 1839/3/3
f 1841/1/3 1833/1/3 1840/1/3
f 1845/1/3 1843/1/3 1842/1/3
f 1846/1/3 1843/1/3 1845/1/3
f 1848/1/3 1845/1/3 1844/1/3
f 1849/1/3 1845/1/3 1848/1/3
f 1850/1/3 1847/1/3 1846/1/3
f 1851/1/3 1847/1/3 1850/1/3
f 1856/1/3 1853/1/3 1852/1/3
f 1857/1/3 1853/1/3 1856/1/3
f 1858/1/3 1855/1/3 1854/1/3
f 1859/1/3 1855/1/3 1858/1/3
f 1860/1/3 1858/1/3 1857/1/3
f 1861/1/3 1858/1/3 1860/1/3
f 1867/4/3 1863/4/3 1862/4/3
f 1868/4/3 1863/4/3 1867/4/3
f 1869/2/3 1865/2/3 1864/2/3
f 1870/2/3 1865/2/3 1869/2/3
f 1873/1/3 1867/1/3 1866/1/3
f 1874/1/3 1867/1/3 1873/1/3
f 1875/1/3 1871/1/3 1870/1/3
f 1876/1/3 1871/1/3 1875/1/3
f 1878/1/3 1873/1/3 1872/1/3
f 1879/1/3 1873/1/3 1878/1/3
f 1880/1/3 1877/1/3 1876/1/3
f 1881/1/3 1877/1/3 1880/1/3
f 1886/1/3 1883/1/3 1882/1/3
f 1887/1/3 1883/1/3 1886/1/3
f 1890/1/3 1885/1/3 1884/1/3
f 1891/1/3 1885/1/3 1890/1/3
f 1892/1/3 1888/1/3 1887/1/3
f 1893/1/3 1888/1/3 1892/1/3
f 1896/1/3 1890/1/3 1889/1/3
f 1897/1/3 1890/1/3 1896/1/3
f 1898/4/3 1894/4/3 1893/4/3
f 1899/4/3 1894/4/3 1898/4/3
f 1900/2/3 1896/2/3 1895/2/3
f 1901/2/3 1896/2/3 1900/2/3
f 1902/2/4 1903/2/4 1907/2/4
f 1907/2/4 1903/2/4 1908/2/4
f 1904/4/4 1905/4/4 1909/4/4
f 1909/4/4 1905/4/4 1910/4/4
f 1906/1/4 1907/1/4 1913/1/4
f 1913/1/4 1907/1/4 1914/1/4
f 1910/1/4 1911/1/4 1915/1/4
f 1915/1/4 1911/1/4 1916/1/4
f 1912/1/4 1913/1/4 1918/1/4
f 1918/1/4 1913/1/4 1919/1/4
f 1916/1/4 1917/1/4 1920/1/4
f 1920/1/4 1917/1/4 1921/1/4
f 1922/1/4 1923/1/4 1926/1/4
f 1926/1/4 1923/1/4 1927/1/4
f 1924/1/4 1925/1/4 1930/1/4
f 1930/1/4 1925/1/4 1931/1/4
f 1927/1/4 1928/1/4 1932/1/4
f 1932/1/4 1928/1/4 1933/1/4
f 1929/1/4 1930/1/4 1936/1/4
f 1936/1/4 1930/1/4 1937/1/4
f 1933/2/4 1934/2/4 1938/2/4
f 1938/2/4 1934/2/4 1939/2/4
f 1935/4/4 1936/4/4 1940/4/4
f 1940/4/4 1936/4/4 1941/4/4
f 1942/1/4 1943/1/4 1945/1/4
f 1945/1/4 1943/1/4 1946/1/4
f 1944/1/4 1945/1/4 1948/1/4
f 1948/1/4 1945/1/4 1949/1/4
f 1946/1/4 1947/1/4 1950/1/4
f 1950/1/4 1947/1/4 1951/1/4
f 1952/1/4 1953/1/4 1956/1/4
f 1956/1/4 1953/1/4 1957/1/4
f 1954/1/4 1955/1/4 1958/1/4
f 1958/1/4 1955/1/4 1959/1/4
f 1957/1/4 1958/1/4 1960/1/4
f 1960/1/4 1958/1/4 1961/1/4
f 1962/1/4 1963/1/4 1970/1/4
f 1963/3/4 1964/3/4 1971/3/4
f 1970/1/4 1963/1/4 1971/1/4
f 1964/1/4 1965/1/4 1972/1/4
f 1971/3/4 1964/3/4 1972/3/4
f 1972/1/4 1965/1/4 1973/1/4
f 1966/4/4 1967/4/4 1979/4/4
f 1967/1/4 1968/1/4 1980/1/4
f 1979/4/4 1967/4/4 1980/4/4
f 1968/3/4 1969/3/4 1981/3/4
f 1980/1/4 1968/1/4 1981/1/4
f 1969/1/4 1970/1/4 1982/1/4
f 1981/3/4 1969/3/4 1982/3/4
f 1982/1/4 1970/1/4 1983/1/4
f 1973/1/4 1974/1/4 1984/1/4
f 1974/3/4 1975/3/4 1985/3/4
f 1984/1/4 1974/1/4 1985/1/4
f 1975/1/4 1976/1/4 1986/1/4
f 1985/3/4 1975/3/4 1986/3/4
f 1976/2/4 1977/2/4 1987/2/4
f 1986/1/4 1976/1/4 1987/1/4
f 1987/2/4 1977/2/4 1988/2/4
f 1978/1/4 1979/1/4 1992/1/4
f 1992/1/4 1979/1/4 1993/1/4
f 1993/1/4 1979/1/4 1994/1/4
f 1988/1/4 1989/1/4 1995/1/4
f 1995/1/4 1989/1/4 1996/1/4
f 1990/1/4 1991/1/4 1998/1/4
f 1991/3/4 1992/3/4 1999/3/4
f 1998/1/4 1991/1/4 1999/1/4
f 1999/3/4 1992/3/4 2000/3/4
f 1996/1/4 1997/1/4 2001/1/4
f 2001/1/4 1997/1/4 2002/1/4
f 2002/1/4 1997/1/4 2003/1/4
f 2004/1/4 2005/1/4 2010/1/4
f 2005/3/4 2006/3/4 2011/3/4
f 2010/1/4 2005/1/4 2011/1/4
f 2011/3/4 2006/3/4 2012/3/4
f 2008/1/4 2009/1/4 2016/1/4
f 2007/1/4 2008/1/4 2016/1/4
f 2016/1/4 2009/1/4 2017/1/4
f 2013/1/4 2014/1/4 2018/1/4
f 2012/1/4 2013/1/4 2018/1/4
f 2018/1/4 2014/1/4 2019/1/4
f 2015/1/4 2016/1/4 2028/1/4
f 2028/1/4 2016/1/4 2029/1/4
f 2019/4/4 2020/4/4 2030/4/4
f 2020/1/4 2021/1/4 2031/1/4
f 2030/4/4 2020/4/4 2031/4/4
f 2021/3/4 2022/3/4 2032/3/4
f 2031/1/4 2021/1/4 2032/1/4
f 2022/1/4 2023/1/4 2033/1/4
f 2032/3/4 2022/3/4 2033/3/4
f 2033/1/4 2023/1/4 2034/1/4
f 2024/1/4 2025/1/4 2037/1/4
f 2025/3/4 2026/3/4 2038/3/4
f 2037/1/4 2025/1/4 2038/1/4
f 2026/1/4 2027/1/4 2039/1/4
f 2038/3/4 2026/3/4 2039/3/4
f 2027/2/4 2028/2/4 2040/2/4
f 2039/1/4 2027/1/4 2040/1/4
f 2040/2/4 2028/2/4 2041/2/4
f 2034/1/4 2035/1/4 2042/1/4
f 2035/3/4 2036/3/4 2043/3/4
f 2042/1/4 2035/1/4 2043/1/4
f 2036/1/4 2037/1/4 2044/1/4
f 2043/3/4 2036/3/4 2044/3/4
f 2044/1/4 2037/1/4 2045/1/4
f 2046/4/4 2047/4/4 2052/4/4
f 2052/4/4 2047/4/4 2053/4/4
f 2048/2/4 2049/2/4 2054/2/4
f 2054/2/4 2049/2/4 2055/2/4
f 2050/3/4 2051/3/4 2058/3/4
f 2051/1/4 2052/1/4 2059/1/4
f 2058/3/4 2051/3/4 2059/3/4
f 2059/1/4 2052/1/4 2060/1/4
f 2055/1/4 2056/1/4 2061/1/4
f 2061/1/4 2056/1/4 2062/1/4
f 2062/1/4 2056/1/4 2063/1/4
f 2057/1/4 2058/1/4 2066/1/4
f 2066/1/4 2058/1/4 2067/1/4
f 2063/3/4 2064/3/4 2068/3/4
f 2064/1/4 2065/1/4 2069/1/4
f 2068/3/4 2064/3/4 2069/3/4
f 2069/1/4 2065/1/4 2070/1/4
f 2071/1/4 2072/1/4 2076/1/4
f 2076/1/4 2072/1/4 2077/1/4
f 2073/3/4 2074/3/4 2082/3/4
f 2074/1/4 2075/1/4 2083/1/4
f 2082/3/4 2074/3/4 2083/3/4
f 2083/1/4 2075/1/4 2084/1/4
f 2077/3/4 2078/3/4 2085/3/4
f 2078/1/4 2079/1/4 2086/1/4
f 2085/3/4 2078/3/4 2086/3/4
f 2086/1/4 2079/1/4 2087/1/4
f 2081/1/4 2082/1/4 2090/1/4
f 2080/1/4 2081/1/4 2090/1/4
f 2090/1/4 2082/1/4 2091/1/4
f 2087/4/4 2088/4/4 2092/4/4
f 2092/4/4 2088/4/4 2093/4/4
f 2089/2/4 2090/2/4 2094/2/4
f 2094/2/4 2090/2/4 2095/2/4
f 2096/1/4 2097/1/4 2099/1/4
f 2099/1/4 2097/1/4 2100/1/4
f 2100/1/4 2097/1/4 2101/1/4
f 2101/1/4 2097/1/4 2102/1/4
f 2098/1/4 2099/1/4 2105/1/4
f 2105/1/4 2099/1/4 2106/1/4
f 2102/1/4 2103/1/4 2107/1/4
f 2107/1/4 2103/1/4 2108/1/4
f 2104/2/4 2105/2/4 2111/2/4
f 2111/2/4 2105/2/4 2112/2/4
f 2108/2/4 2109/2/4 2113/2/4
f 2113/2/4 2109/2/4 2114/2/4
f 2110/1/4 2111/1/4 2118/1/4
f 2118/1/4 2111/1/4 2119/1/4
f 2114/1/4 2115/1/4 2120/1/4
f 2115/3/4 2116/3/4 2121/3/4
f 2120/1/4 2115/1/4 2121/1/4
f 2121/3/4 2116/3/4 2122/3/4
f 2117/1/4 2118/1/4 2124/1/4
f 2124/1/4 2118/1/4 2125/1/4
f 2122/1/4 2123/1/4 2126/1/4
f 2126/1/4 2123/1/4 2127/1/4
f 2127/1/4 2123/1/4 2128/1/4
f 2129/1/4 2130/1/4 2134/1/4
f 2134/1/4 2130/1/4 2135/1/4
f 2132/1/4 2133/1/4 2139/1/4
f 2131/1/4 2132/1/4 2139/1/4
f 2139/1/4 2133/1/4 2140/1/4
f 2135/1/4 2136/1/4 2141/1/4
f 2141/1/4 2136/1/4 2142/1/4
f 2137/1/4 2138/1/4 2145/1/4
f 2138/3/4 2139/3/4 2146/3/4
f 2145/1/4 2138/1/4 2146/1/4
f 2146/3/4 2139/3/4 2147/3/4
f 2142/2/4 2143/2/4 2148/2/4
f 2148/2/4 2143/2/4 2149/2/4
f 2144/2/4 2145/2/4 2152/2/4
f 2152/2/4 2145/2/4 2153/2/4
f 2149/1/4 2150/1/4 2154/1/4
f 2154/1/4 2150/1/4 2155/1/4
f 2151/1/4 2152/1/4 2158/1/4
f 2158/1/4 2152/1/4 2159/1/4
f 2156/1/4 2157/1/4 2160/1/4
f 2157/1/4 2158/1/4 2160/1/4
f 2155/1/4 2156/1/4 2160/1/4
f 2160/1/4 2158/1/4 2161/1/4
f 2162/1/4 2163/1/4 2167/1/4
f 2163/3/4 2164/3/4 2168/3/4
f 2167/1/4 2163/1/4 2168/1/4
f 2168/3/4 2164/3/4 2169/3/4
f 2169/3/4 2164/3/4 2170/3/4
f 2164/1/4 2165/1/4 2171/1/4
f 2170/3/4 2164/3/4 2171/3/4
f 2171/1/4 2165/1/4 2172/1/4
f 2166/1/4 2167/1/4 2175/1/4
f 2175/1/4 2167/1/4 2176/1/4
f 2172/1/4 2173/1/4 2177/1/4
f 2177/1/4 2173/1/4 2178/1/4
f 2174/2/4 2175/2/4 2181/2/4
f 2181/2/4 2175/2/4 2182/2/4
f 2178/4/4 2179/4/4 2183/4/4
f 2183/4/4 2179/4/4 2184/4/4
f 2180/1/4 2181/1/4 2188/1/4
f 2188/1/4 2181/1/4 2189/1/4
f 2189/1/4 2181/1/4 2190/1/4
f 2184/1/4 2185/1/4 2191/1/4
f 2185/3/4 2186/3/4 2192/3/4
f 2191/1/4 2185/1/4 2192/1/4
f 2192/3/4 2186/3/4 2193/3/4
f 2187/1/4 2188/1/4 2196/1/4
f 2196/1/4 2188/1/4 2197/1/4
f 2197/1/4 2188/1/4 2198/1/4
f 2193/3/4 2194/3/4 2199/3/4
f 2194/1/4 2195/1/4 2200/1/4
f 2199/3/4 2194/3/4 2200/3/4
f 2200/1/4 2195/1/4 2201/1/4
f 2202/1/4 2203/1/4 2208/1/4
f 2203/1/4 2204/1/4 2208/1/4
f 2208/1/4 2204/1/4 2209/1/4
f 2205/3/4 2206/3/4 2214/3/4
f 2206/1/4 2207/1/4 2215/1/4
f 2214/3/4 2206/3/4 2215/3/4
f 2215/1/4 2207/1/4 2216/1/4
f 2209/1/4 2210/1/4 2217/1/4
f 2210/1/4 2211/1/4 2217/1/4
f 2217/1/4 2211/1/4 2218/1/4
f 2212/1/4 2213/1/4 2221/1/4
f 2213/3/4 2214/3/4 2222/3/4
f 2221/1/4 2213/1/4 2222/1/4
f 2222/3/4 2214/3/4 2223/3/4
f 2218/2/4 2219/2/4 2224/2/4
f 2224/2/4 2219/2/4 2225/2/4
f 2220/4/4 2221/4/4 2228/4/4
f 2228/4/4 2221/4/4 2229/4/4
f 2225/1/4 2226/1/4 2230/1/4
f 2230/1/4 2226/1/4 2231/1/4
f 2227/1/4 2228/1/4 2236/1/4
f 2236/1/4 2228/1/4 2237/1/4
f 2231/1/4 2232/1/4 2238/1/4
f 2234/3/4 2235/3/4 2239/3/4
f 2238/1/4 2232/1/4 2239/1/4
f 2232/3/4 2233/3/4 2239/3/4
f 2233/3/4 2234/3/4 2239/3/4
f 2235/1/4 2236/1/4 2240/1/4
f 2239/3/4 2235/3/4 2240/3/4
f 2240/1/4 2236/1/4 2241/1/4
f 2242/1/4 2243/1/4 2247/1/4
f 2247/1/4 2243/1/4 2248/1/4
f 2243/3/4 2244/3/4 2249/3/4
f 2248/1/4 2243/1/4 2249/1/4
f 2244/1/4 2245/1/4 2250/1/4
f 2249/3/4 2244/3/4 2250/3/4
f 2250/1/4 2245/1/4 2251/1/4
f 2251/1/4 2245/1/4 2252/1/4
f 2246/1/4 2247/1/4 2255/1/4
f 2255/1/4 2247/1/4 2256/1/4
f 2252/1/4 2253/1/4 2257/1/4
f 2257/1/4 2253/1/4 2258/1/4
f 2254/2/4 2255/2/4 2262/2/4
f 2262/2/4 2255/2/4 2263/2/4
f 2258/4/4 2259/4/4 2264/4/4
f 2264/4/4 2259/4/4 2265/4/4
f 2260/3/4 2261/3/4 2269/3/4
f 2261/1/4 2262/1/4 2270/1/4
f 2269/3/4 2261/3/4 2270/3/4
f 2270/1/4 2262/1/4 2271/1/4
f 2265/1/4 2266/1/4 2272/1/4
f 2272/1/4 2266/1/4 2273/1/4
f 2267/1/4 2268/1/4 2275/1/4
f 2268/3/4 2269/3/4 2275/3/4
f 2275/3/4 2269/3/4 2276/3/4
f 2273/1/4 2274/1/4 2277/1/4
f 2277/1/4 2274/1/4 2278/1/4
f 2277/3/4 2278/3/4 2279/3/4
f 2278/1/4 2274/1/4 2280/1/4
f 2279/3/4 2278/3/4 2280/3/4
f 2275/1/4 2276/1/4 2281/1/4
f 2267/1/4 2275/1/4 2281/1/4
f 2281/1/4 2276/1/4 2282/1/4
f 2279/1/4 2280/1/4 2283/1/4
f 2280/1/4 2274/1/4 2284/1/4
f 2283/1/4 2280/1/4 2284/1/4
f 2287/1/4 2288/1/4 2289/1/4
f 2289/1/4 2288/1/4 2290/1/4
f 2285/1/4 2286/1/4 2291/1/4
f 2291/1/4 2286/1/4 2292/1/4
f 2289/3/4 2290/3/4 2293/3/4
f 2290/1/4 2288/1/4 2294/1/4
f 2293/3/4 2290/3/4 2294/3/4
f 2285/1/4 2291/1/4 2295/1/4
f 2291/3/4 2292/3/4 2296/3/4
f 2295/1/4 2291/1/4 2296/1/4
f 2296/3/4 2292/3/4 2297/3/4
f 2293/1/4 2294/1/4 2301/1/4
f 2294/1/4 2288/1/4 2302/1/4
f 2301/1/4 2294/1/4 2302/1/4
f 2297/3/4 2298/3/4 2303/3/4
f 2298/1/4 2299/1/4 2304/1/4
f 2303/3/4 2298/3/4 2304/3/4
f 2304/1/4 2299/1/4 2305/1/4
f 2300/1/4 2301/1/4 2308/1/4
f 2308/1/4 2301/1/4 2309/1/4
f 2305/2/4 2306/2/4 2310/2/4
f 2310/2/4 2306/2/4 2311/2/4
f 2307/4/4 2308/4/4 2314/4/4
f 2314/4/4 2308/4/4 2315/4/4
f 2311/1/4 2312/1/4 2316/1/4
f 2316/1/4 2312/1/4 2317/1/4
f 2313/1/4 2314/1/4 2322/1/4
f 2322/1/4 2314/1/4 2323/1/4
f 2317/1/4 2318/1/4 2324/1/4
f 2318/1/4 2319/1/4 2324/1/4
f 2319/3/4 2320/3/4 2325/3/4
f 2324/1/4 2319/1/4 2325/1/4
f 2320/1/4 2321/1/4 2326/1/4
f 2325/3/4 2320/3/4 2326/3/4
f 2321/1/4 2322/1/4 2326/1/4
f 2326/1/4 2322/1/4 2327/1/4
f 2328/1/4 2329/1/4 2333/1/4
f 2329/3/4 2330/3/4 2334/3/4
f 2333/1/4 2329/1/4 2334/1/4
f 2330/1/4 2331/1/4 2335/1/4
f 2334/3/4 2330/3/4 2335/3/4
f 2335/1/4 2331/1/4 2336/1/4
f 2332/1/4 2333/1/4 2339/1/4
f 2336/1/4 2337/1/4 2340/1/4
f 2338/2/4 2339/2/4 2343/2/4
f 2339/1/4 2333/1/4 2344/1/4
f 2343/2/4 2339/2/4 2344/2/4
f 2344/1/4 2333/1/4 2345/1/4
f 2345/1/4 2333/1/4 2346/1/4
f 2346/1/4 2333/1/4 2347/1/4
f 2336/1/4 2340/1/4 2348/1/4
f 2348/1/4 2340/1/4 2349/1/4
f 2349/1/4 2340/1/4 2350/1/4
f 2340/2/4 2341/2/4 2351/2/4
f 2350/1/4 2340/1/4 2351/1/4
f 2351/2/4 2341/2/4 2352/2/4
f 2352/1/4 2353/1/4 2354/1/4
f 2354/1/4 2353/1/4 2355/1/4
f 2342/1/4 2343/1/4 2356/1/4
f 2352/1/4 2354/1/4 2357/1/4
f 2354/3/4 2355/3/4 2357/3/4
f 2357/3/4 2355/3/4 2358/3/4
f 2342/1/4 2356/1/4 2360/1/4
f 2360/1/4 2356/1/4 2361/1/4
f 2352/1/4 2357/1/4 2362/1/4
f 2357/1/4 2358/1/4 2362/1/4
f 2362/1/4 2358/1/4 2363/1/4
f 2359/1/4 2360/1/4 2365/1/4
f 2365/1/4 2360/1/4 2366/1/4
f 2363/1/4 2364/1/4 2367/1/4
f 2367/1/4 2364/1/4 2368/1/4
f 2365/3/4 2366/3/4 2369/3/4
f 2359/1/4 2365/1/4 2369/1/4
f 2369/3/4 2366/3/4 2370/3/4
f 2367/3/4 2368/3/4 2371/3/4
f 2368/1/4 2364/1/4 2372/1/4
f 2371/3/4 2368/3/4 2372/3/4
f 2369/1/4 2370/1/4 2373/1/4
f 2359/1/4 2369/1/4 2373/1/4
f 2373/1/4 2370/1/4 2374/1/4
f 2371/1/4 2372/1/4 2377/1/4
f 2372/1/4 2364/1/4 2378/1/4
f 2377/1/4 2372/1/4 2378/1/4
f 2376/1/4 2377/1/4 2379/1/4
f 2379/1/4 2377/1/4 2380/1/4
f 2374/1/4 2375/1/4 2381/1/4
f 2376/1/4 2379/1/4 2382/1/4
f 2379/3/4 2380/3/4 2382/3/4
f 2382/3/4 2380/3/4 2383/3/4
f 2374/1/4 2381/1/4 2384/1/4
f 2384/1/4 2381/1/4 2385/1/4
f 2376/1/4 2382/1/4 2394/1/4
f 2382/1/4 2383/1/4 2394/1/4
f 2394/1/4 2383/1/4 2395/1/4
f 2385/2/4 2386/2/4 2396/2/4
f 2386/1/4 2387/1/4 2397/1/4
f 2396/2/4 2386/2/4 2397/2/4
f 2387/1/4 2388/1/4 2397/1/4
f 2388/1/4 2389/1/4 2397/1/4
f 2392/1/4 2393/1/4 2398/1/4
f 2391/1/4 2392/1/4 2398/1/4
f 2393/2/4 2394/2/4 2398/2/4
f 2390/1/4 2391/1/4 2398/1/4
f 2398/2/4 2394/2/4 2399/2/4
f 2397/1/4 2389/1/4 2400/1/4
f 2400/1/4 2389/1/4 2401/1/4
f 2390/1/4 2398/1/4 2404/1/4
f 2404/1/4 2398/1/4 2405/1/4
f 2401/1/4 2402/1/4 2406/1/4
f 2402/3/4 2403/3/4 2407/3/4
f 2406/1/4 2402/1/4 2407/1/4
f 2403/1/4 2404/1/4 2408/1/4
f 2407/3/4 2403/3/4 2408/3/4
f 2408/1/4 2404/1/4 2409/1/4
f 2410/1/4 2411/1/4 2416/1/4
f 2416/1/4 2411/1/4 2417/1/4
f 2417/1/4 2411/1/4 2418/1/4
f 2418/1/4 2411/1/4 2419/1/4
f 2414/3/4 2415/3/4 2424/3/4
f 2413/1/4 2414/1/4 2424/1/4
f 2415/1/4 2416/1/4 2425/1/4
f 2424/3/4 2415/3/4 2425/3/4
f 2420/3/4 2421/3/4 2426/3/4
f 2419/1/4 2420/1/4 2426/1/4
f 2421/1/4 2422/1/4 2427/1/4
f 2426/3/4 2421/3/4 2427/3/4
f 2412/2/4 2413/2/4 2428/2/4
f 2413/1/4 2424/1/4 2429/1/4
f 2428/2/4 2413/2/4 2429/2/4
f 2424/1/4 2425/1/4 2429/1/4
f 2425/1/4 2416/1/4 2430/1/4
f 2429/1/4 2425/1/4 2430/1/4
f 2419/1/4 2426/1/4 2431/1/4
f 2426/1/4 2427/1/4 2431/1/4
f 2422/2/4 2423/2/4 2432/2/4
f 2431/1/4 2427/1/4 2432/1/4
f 2427/1/4 2422/1/4 2432/1/4
f 2428/4/4 2429/4/4 2434/4/4
f 2434/4/4 2429/4/4 2435/4/4
f 2432/2/4 2423/2/4 2436/2/4
f 2436/2/4 2423/2/4 2437/2/4
f 2433/1/4 2434/1/4 2439/1/4
f 2437/1/4 2438/1/4 2440/1/4
f 2433/1/4 2439/1/4 2441/1/4
f 2441/1/4 2439/1/4 2442/1/4
f 2440/1/4 2438/1/4 2443/1/4
f 2443/1/4 2438/1/4 2444/1/4
f 2444/1/4 2438/1/4 2445/1/4
f 2441/3/4 2442/3/4 2446/3/4
f 2442/1/4 2439/1/4 2447/1/4
f 2446/3/4 2442/3/4 2447/3/4
f 2443/1/4 2444/1/4 2448/1/4
f 2444/3/4 2445/3/4 2448/3/4
f 2448/3/4 2445/3/4 2449/3/4
f 2446/1/4 2447/1/4 2450/1/4
f 2447/1/4 2439/1/4 2451/1/4
f 2450/1/4 2447/1/4 2451/1/4
f 2443/1/4 2448/1/4 2454/1/4
f 2448/1/4 2449/1/4 2454/1/4
f 2454/1/4 2449/1/4 2455/1/4
f 2451/2/4 2452/2/4 2456/2/4
f 2453/2/4 2454/2/4 2459/2/4
f 2451/2/4 2456/2/4 2460/2/4
f 2456/1/4 2457/1/4 2461/1/4
f 2460/2/4 2456/2/4 2461/2/4
f 2461/1/4 2457/1/4 2462/1/4
f 2462/1/4 2457/1/4 2463/1/4
f 2458/1/4 2459/1/4 2464/1/4
f 2464/1/4 2459/1/4 2465/1/4
f 2460/4/4 2461/4/4 2466/4/4
f 2461/1/4 2462/1/4 2467/1/4
f 2466/4/4 2461/4/4 2467/4/4
f 2462/3/4 2463/3/4 2468/3/4
f 2467/1/4 2462/1/4 2468/1/4
f 2463/1/4 2457/1/4 2469/1/4
f 2468/3/4 2463/3/4 2469/3/4
f 2469/1/4 2457/1/4 2470/1/4
f 2458/1/4 2464/1/4 2473/1/4
f 2464/3/4 2465/3/4 2474/3/4
f 2473/1/4 2464/1/4 2474/1/4
f 2465/1/4 2459/1/4 2475/1/4
f 2474/3/4 2465/3/4 2475/3/4
f 2459/2/4 2454/2/4 2476/2/4
f 2475/1/4 2459/1/4 2476/1/4
f 2476/2/4 2454/2/4 2477/2/4
f 2470/1/4 2471/1/4 2478/1/4
f 2472/1/4 2473/1/4 2478/1/4
f 2471/1/4 2472/1/4 2478/1/4
f 2478/1/4 2473/1/4 2479/1/4
f 2480/1/4 2481/1/4 2484/1/4
f 2481/3/4 2482/3/4 2484/3/4
f 2482/1/4 2483/1/4 2485/1/4
f 2484/3/4 2482/3/4 2485/3/4
f 2480/1/4 2484/1/4 2487/1/4
f 2484/1/4 2485/1/4 2487/1/4
f 2485/1/4 2483/1/4 2488/1/4
f 2487/1/4 2485/1/4 2488/1/4
f 2486/1/4 2487/1/4 2491/1/4
f 2488/1/4 2489/1/4 2492/1/4
f 2490/4/4 2491/4/4 2494/4/4
f 2491/1/4 2487/1/4 2495/1/4
f 2494/4/4 2491/4/4 2495/4/4
f 2495/1/4 2487/1/4 2496/1/4
f 2496/1/4 2487/1/4 2497/1/4
f 2488/1/4 2492/1/4 2498/1/4
f 2498/1/4 2492/1/4 2499/1/4
f 2492/2/4 2493/2/4 2500/2/4
f 2499/1/4 2492/1/4 2500/1/4
f 2500/2/4 2493/2/4 2501/2/4
f 2495/1/4 2496/1/4 2502/1/4
f 2496/3/4 2497/3/4 2503/3/4
f 2502/1/4 2496/1/4 2503/1/4
f 2498/3/4 2499/3/4 2504/3/4
f 2499/1/4 2500/1/4 2504/1/4
f 2504/1/4 2500/1/4 2505/1/4
f 2500/4/4 2501/4/4 2506/4/4
f 2505/1/4 2500/1/4 2506/1/4
f 2506/4/4 2501/4/4 2507/4/4
f 2495/1/4 2502/1/4 2508/1/4
f 2502/3/4 2503/3/4 2508/3/4
f 2503/3/4 2497/3/4 2509/3/4
f 2508/3/4 2503/3/4 2509/3/4
f 2504/3/4 2505/3/4 2510/3/4
f 2498/3/4 2504/3/4 2510/3/4
f 2505/1/4 2506/1/4 2511/1/4
f 2510/3/4 2505/3/4 2511/3/4
f 2509/3/4 2497/3/4 2512/3/4
f 2508/1/4 2509/1/4 2512/1/4
f 2512/3/4 2497/3/4 2513/3/4
f 2498/3/4 2510/3/4 2514/3/4
f 2510/1/4 2511/1/4 2515/1/4
f 2514/3/4 2510/3/4 2515/3/4
f 2494/2/4 2495/2/4 2516/2/4
f 2495/1/4 2508/1/4 2517/1/4
f 2516/2/4 2495/2/4 2517/2/4
f 2512/1/4 2513/1/4 2517/1/4
f 2508/1/4 2512/1/4 2517/1/4
f 2515/1/4 2511/1/4 2518/1/4
f 2506/2/4 2507/2/4 2518/2/4
f 2511/1/4 2506/1/4 2518/1/4
f 2514/1/4 2515/1/4 2518/1/4
f 2518/2/4 2507/2/4 2519/2/4
f 2517/1/4 2513/1/4 2520/1/4
f 2520/1/4 2513/1/4 2521/1/4
f 2514/1/4 2518/1/4 2522/1/4
f 2522/1/4 2518/1/4 2523/1/4
f 2521/1/4 2522/1/4 2524/1/4
f 2524/1/4 2522/1/4 2525/1/4
f 2521/1/4 2524/1/4 2526/1/4
f 2524/3/4 2525/3/4 2527/3/4
f 2526/1/4 2524/1/4 2527/1/4
f 2525/1/4 2522/1/4 2528/1/4
f 2527/3/4 2525/3/4 2528/3/4
f 2528/1/4 2522/1/4 2529/1/4
f 2530/1/4 2531/1/4 2532/1/4
f 2532/1/4 2531/1/4 2533/1/4
f 2532/3/4 2533/3/4 2534/3/4
f 2534/3/4 2533/3/4 2535/3/4
f 2534/1/4 2535/1/4 2536/1/4
f 2536/1/4 2535/1/4 2537/1/4
f 2541/1/5 2539/1/5 2538/1/5
f 2542/1/5 2539/1/5 2541/1/5
f 2545/1/5 2541/1/5 2540/1/5
f 2545/1/5 2543/1/5 2542/1/5
f 2545/1/5 2542/1/5 2541/1/5
f 2546/1/5 2543/1/5 2545/1/5
f 2549/1/5 2545/1/5 2544/1/5
f 2549/1/5 2547/1/5 2546/1/5
f 2549/1/5 2546/1/5 2545/1/5
f 2550/1/5 2547/1/5 2549/1/5
f 2553/1/5 2549/1/5 2548/1/5
f 2553/1/5 2551/1/5 2550/1/5
f 2553/1/5 2550/1/5 2549/1/5
f 2554/1/5 2551/1/5 2553/1/5
f 2557/1/5 2553/1/5 2552/1/5
f 2557/1/5 2555/1/5 2554/1/5
f 2557/1/5 2554/1/5 2553/1/5
f 2558/1/5 2555/1/5 2557/1/5
f 2561/1/5 2557/1/5 2556/1/5
f 2561/1/5 2559/1/5 2558/1/5
f 2561/1/5 2558/1/5 2557/1/5
f 2562/1/5 2559/1/5 2561/1/5
f 2564/1/5 2561/1/5 2560/1/5
f 2564/1/5 2563/1/5 2562/1/5
f 2564/1/5 2562/1/5 2561/1/5
f 2565/1/5 2563/1/5 2564/1/5
f 2566/1/5 2563/1/5 2565/1/5
f 2567/1/5 2563/1/5 2566/1/5
f 2568/1/5 2566/1/5 2565/1/5
f 2569/1/5 2566/1/5 2568/1/5
f 2570/1/5 2566/1/5 2569/1/5
f 2571/1/5 2566/1/5 2570/1/5
f 2572/1/5 2570/1/5 2569/1/5
f 2573/1/5 2570/1/5 2572/1/5
f 2574/1/5 2570/1/5 2573/1/5
f 2575/1/5 2570/1/5 2574/1/5
f 2576/1/5 2574/1/5 2573/1/5
f 2577/1/5 2574/1/5 2576/1/5
f 2578/1/5 2574/1/5 2577/1/5
f 2579/1/5 2574/1/5 2578/1/5
f 2580/1/5 2578/1/5 2577/1/5
f 2581/1/5 2578/1/5 2580/1/5
f 2582/1/5 2578/1/5 2581/1/5
f 2583/1/5 2578/1/5 2582/1/5
f 2584/1/5 2582/1/5 2581/1/5
f 2585/1/5 2582/1/5 2584/1/5
f 2586/1/5 2582/1/5 2585/1/5
f 2587/1/5 2582/1/5 2586/1/5
f 2588/1/5 2586/1/5 2585/1/5
f 2589/1/5 2586/1/5 2588/1/5
f 2595/1/5 2591/1/5 2590/1/5
f 2596/3/5 2592/3/5 2591/3/5
f 2596/1/5 2591/1/5 2595/1/5
f 2597/1/5 2593/1/5 2592/1/5
f 2597/3/5 2592/3/5 2596/3/5
f 2598/1/5 2593/1/5 2597/1/5
f 2601/1/5 2595/1/5 2594/1/5
f 2602/1/5 2595/1/5 2601/1/5
f 2603/1/5 2595/1/5 2602/1/5
f 2604/1/5 2599/1/5 2598/1/5
f 2605/1/5 2599/1/5 2604/1/5
f 2606/1/5 2599/1/5 2605/1/5
f 2609/3/5 2601/3/5 2600/3/5
f 2610/3/5 2601/3/5 2609/3/5
f 2611/3/5 2607/3/5 2606/3/5
f 2612/3/5 2607/3/5 2611/3/5
f 2615/1/5 2609/1/5 2608/1/5
f 2616/1/5 2609/1/5 2615/1/5
f 2617/1/5 2613/1/5 2612/1/5
f 2618/1/5 2613/1/5 2617/1/5
f 2621/1/5 2615/1/5 2614/1/5
f 2622/1/5 2615/1/5 2621/1/5
f 2623/1/5 2619/1/5 2618/1/5
f 2624/1/5 2619/1/5 2623/1/5
f 2627/3/5 2621/3/5 2620/3/5
f 2628/3/5 2621/3/5 2627/3/5
f 2629/3/5 2625/3/5 2624/3/5
f 2630/3/5 2625/3/5 2629/3/5
f 2632/1/5 2627/1/5 2626/1/5
f 2633/1/5 2631/1/5 2630/1/5
f 2635/1/5 2632/1/5 2626/1/5
f 2636/1/5 2632/1/5 2635/1/5
f 2637/1/5 2631/1/5 2633/1/5
f 2638/1/5 2631/1/5 2637/1/5
f 2640/1/5 2635/1/5 2634/1/5
f 2641/1/5 2635/1/5 2640/1/5
f 2642/1/5 2639/1/5 2638/1/5
f 2643/1/5 2639/1/5 2642/1/5
f 2644/3/5 2641/3/5 2640/3/5
f 2645/3/5 2641/3/5 2644/3/5
f 2646/3/5 2643/3/5 2642/3/5
f 2647/3/5 2643/3/5 2646/3/5
f 2648/1/5 2645/1/5 2644/1/5
f 2649/1/5 2645/1/5 2648/1/5
f 2652/1/5 2647/1/5 2646/1/5
f 2653/1/5 2647/1/5 2652/1/5
f 2654/1/5 2650/1/5 2649/1/5
f 2655/1/5 2652/1/5 2651/1/5
f 2656/1/5 2654/1/5 2649/1/5
f 2657/1/5 2654/1/5 2656/1/5
f 2660/1/5 2652/1/5 2655/1/5
f 2661/1/5 2652/1/5 2660/1/5
f 2662/3/5 2658/3/5 2657/3/5
f 2663/3/5 2658/3/5 2662/3/5
f 2666/3/5 2660/3/5 2659/3/5
f 2667/3/5 2660/3/5 2666/3/5
f 2668/1/5 2664/1/5 2663/1/5
f 2669/1/5 2664/1/5 2668/1/5
f 2672/1/5 2666/1/5 2665/1/5
f 2673/1/5 2666/1/5 2672/1/5
f 2674/1/5 2670/1/5 2669/1/5
f 2675/1/5 2670/1/5 2674/1/5
f 2678/1/5 2672/1/5 2671/1/5
f 2679/1/5 2672/1/5 2678/1/5
f 2680/3/5 2676/3/5 2675/3/5
f 2681/3/5 2676/3/5 2680/3/5
f 2686/3/5 2678/3/5 2677/3/5
f 2687/3/5 2678/3/5 2686/3/5
f 2688/1/5 2682/1/5 2681/1/5
f 2688/1/5 2683/1/5 2682/1/5
f 2689/1/5 2683/1/5 2688/1/5
f 2692/1/5 2685/1/5 2684/1/5
f 2692/1/5 2686/1/5 2685/1/5
f 2693/1/5 2686/1/5 2692/1/5
f 2694/1/5 2690/1/5 2689/1/5
f 2695/3/5 2691/3/5 2690/3/5
f 2695/1/5 2690/1/5 2694/1/5
f 2696/1/5 2692/1/5 2691/1/5
f 2696/3/5 2691/3/5 2695/3/5
f 2697/1/5 2692/1/5 2696/1/5
f 2704/2/5 2699/2/5 2698/2/5
f 2705/4/5 2700/4/5 2699/4/5
f 2705/2/5 2699/2/5 2704/2/5
f 2706/2/5 2701/2/5 2700/2/5
f 2706/4/5 2700/4/5 2705/4/5
f 2707/2/5 2701/2/5 2706/2/5
f 2710/4/5 2703/4/5 2702/4/5
f 2711/2/5 2704/2/5 2703/2/5
f 2711/4/5 2703/4/5 2710/4/5
f 2712/2/5 2704/2/5 2711/2/5
f 2713/2/5 2708/2/5 2707/2/5
f 2714/2/5 2708/2/5 2713/2/5
f 2717/4/5 2710/4/5 2709/4/5
f 2718/4/5 2710/4/5 2717/4/5
f 2719/4/5 2715/4/5 2714/4/5
f 2720/4/5 2715/4/5 2719/4/5
f 2723/2/5 2717/2/5 2716/2/5
f 2724/2/5 2717/2/5 2723/2/5
f 2725/2/5 2721/2/5 2720/2/5
f 2726/2/5 2721/2/5 2725/2/5
f 2729/2/5 2723/2/5 2722/2/5
f 2730/2/5 2723/2/5 2729/2/5
f 2731/2/5 2727/2/5 2726/2/5
f 2732/2/5 2727/2/5 2731/2/5
f 2735/4/5 2729/4/5 2728/4/5
f 2736/4/5 2729/4/5 2735/4/5
f 2737/2/5 2733/2/5 2732/2/5
f 2738/2/5 2733/2/5 2737/2/5
f 2741/2/5 2735/2/5 2734/2/5
f 2742/2/5 2735/2/5 2741/2/5
f 2743/2/5 2739/2/5 2738/2/5
f 2744/2/5 2739/2/5 2743/2/5
f 2747/2/5 2741/2/5 2740/2/5
f 2748/2/5 2741/2/5 2747/2/5
f 2749/2/5 2745/2/5 2744/2/5
f 2750/2/5 2745/2/5 2749/2/5
f 2752/4/5 2747/4/5 2746/4/5
f 2753/4/5 2747/4/5 2752/4/5
f 2754/4/5 2751/4/5 2750/4/5
f 2755/4/5 2751/4/5 2754/4/5
f 2756/2/5 2753/2/5 2752/2/5
f 2757/2/5 2753/2/5 2756/2/5
f 2760/2/5 2755/2/5 2754/2/5
f 2761/2/5 2755/2/5 2760/2/5
f 2762/2/5 2758/2/5 2757/2/5
f 2763/2/5 2758/2/5 2762/2/5
f 2764/2/5 2760/2/5 2759/2/5
f 2765/2/5 2760/2/5 2764/2/5
f 2766/4/5 2763/4/5 2762/4/5
f 2767/4/5 2763/4/5 2766/4/5
f 2770/4/5 2765/4/5 2764/4/5
f 2771/4/5 2765/4/5 2770/4/5
f 2772/4/5 2768/4/5 2767/4/5
f 2773/4/5 2768/4/5 2772/4/5
f 2776/4/5 2770/4/5 2769/4/5
f 2777/4/5 2770/4/5 2776/4/5
f 2778/2/5 2774/2/5 2773/2/5
f 2779/2/5 2774/2/5 2778/2/5
f 2782/2/5 2776/2/5 2775/2/5
f 2783/2/5 2776/2/5 2782/2/5
f 2784/2/5 2780/2/5 2779/2/5
f 2785/2/5 2780/2/5 2784/2/5
f 2788/2/5 2782/2/5 2781/2/5
f 2789/2/5 2782/2/5 2788/2/5
f 2790/2/5 2786/2/5 2785/2/5
f 2791/2/5 2786/2/5 2790/2/5
f 2794/2/5 2788/2/5 2787/2/5
f 2795/2/5 2788/2/5 2794/2/5
f 2796/2/5 2792/2/5 2791/2/5
f 2797/2/5 2792/2/5 2796/2/5
f 2802/2/5 2794/2/5 2793/2/5
f 2803/2/5 2794/2/5 2802/2/5
f 2804/2/5 2798/2/5 2797/2/5
f 2805/4/5 2799/4/5 2798/4/5
f 2805/2/5 2798/2/5 2804/2/5
f 2806/4/5 2799/4/5 2805/4/5
f 2808/2/5 2801/2/5 2800/2/5
f 2809/4/5 2802/4/5 2801/4/5
f 2809/2/5 2801/2/5 2808/2/5
f 2810/4/5 2802/4/5 2809/4/5
f 2811/4/5 2807/4/5 2806/4/5
f 2812/2/5 2808/2/5 2807/2/5
f 2812/4/5 2807/4/5 2811/4/5
f 2813/2/5 2808/2/5 2812/2/5
f 2818/1/5 2815/1/5 2814/1/5
f 2819/1/5 2815/1/5 2818/1/5
f 2820/1/5 2817/1/5 2816/1/5
f 2821/1/5 2817/1/5 2820/1/5
f 2827/1/5 2823/1/5 2822/1/5
f 2828/1/5 2823/1/5 2827/1/5
f 2829/1/5 2825/1/5 2824/1/5
f 2830/1/5 2825/1/5 2829/1/5
f 2833/1/5 2827/1/5 2826/1/5
f 2834/1/5 2827/1/5 2833/1/5
f 2835/1/5 2831/1/5 2830/1/5
f 2836/1/5 2831/1/5 2835/1/5
f 2839/1/5 2833/1/5 2832/1/5
f 2840/1/5 2833/1/5 2839/1/5
f 2841/1/5 2837/1/5 2836/1/5
f 2842/1/5 2837/1/5 2841/1/5
f 2844/1/5 2839/1/5 2838/1/5
f 2845/1/5 2839/1/5 2844/1/5
f 2846/1/5 2843/1/5 2842/1/5
f 2847/1/5 2843/1/5 2846/1/5
f 2852/1/5 2849/1/5 2848/1/5
f 2853/1/5 2849/1/5 2852/1/5
f 2854/1/5 2851/1/5 2850/1/5
f 2855/1/5 2851/1/5 2854/1/5
f 2860/1/5 2857/1/5 2856/1/5
f 2861/1/5 2857/1/5 2860/1/5
f 2862/1/5 2859/1/5 2858/1/5
f 2863/1/5 2859/1/5 2862/1/5
f 2868/1/5 2865/1/5 2864/1/5
f 2869/1/5 2865/1/5 2868/1/5
f 2872/1/5 2867/1/5 2866/1/5
f 2873/1/5 2867/1/5 2872/1/5
f 2874/1/5 2870/1/5 2869/1/5
f 2875/1/5 2870/1/5 2874/1/5
f 2878/1/5 2872/1/5 2871/1/5
f 2879/1/5 2872/1/5 2878/1/5
f 2880/1/5 2876/1/5 2875/1/5
f 2881/1/5 2876/1/5 2880/1/5
f 2884/1/5 2878/1/5 2877/1/5
f 2885/1/5 2878/1/5 2884/1/5
f 2886/1/5 2882/1/5 2881/1/5
f 2887/1/5 2882/1/5 2886/1/5
f 2888/1/5 2884/1/5 2883/1/5
f 2889/1/5 2884/1/5 2888/1/5
f 2894/1/5 2891/1/5 2890/1/5
f 2895/1/5 2891/1/5 2894/1/5
f 2896/1/5 2893/1/5 2892/1/5
f 2897/1/5 2893/1/5 2896/1/5
f 2903/1/5 2899/1/5 2898/1/5
f 2904/3/5 2900/3/5 2899/3/5
f 2904/1/5 2899/1/5 2903/1/5
f 2905/1/5 2901/1/5 2900/1/5
f 2905/3/5 2900/3/5 2904/3/5
f 2906/1/5 2901/1/5 2905/1/5
f 2909/1/5 2903/1/5 2902/1/5
f 2910/1/5 2903/1/5 2909/1/5
f 2911/1/5 2907/1/5 2906/1/5
f 2912/1/5 2907/1/5 2911/1/5
f 2915/1/5 2909/1/5 2908/1/5
f 2916/1/5 2909/1/5 2915/1/5
f 2917/1/5 2913/1/5 2912/1/5
f 2918/1/5 2913/1/5 2917/1/5
f 2921/1/5 2915/1/5 2914/1/5
f 2922/1/5 2915/1/5 2921/1/5
f 2923/1/5 2919/1/5 2918/1/5
f 2924/1/5 2919/1/5 2923/1/5
f 2927/1/5 2921/1/5 2920/1/5
f 2928/1/5 2921/1/5 2927/1/5
f 2929/1/5 2925/1/5 2924/1/5
f 2930/1/5 2925/1/5 2929/1/5
f 2933/1/5 2927/1/5 2926/1/5
f 2934/1/5 2927/1/5 2933/1/5
f 2935/1/5 2931/1/5 2930/1/5
f 2936/1/5 2931/1/5 2935/1/5
f 2939/1/5 2933/1/5 2932/1/5
f 2940/1/5 2933/1/5 2939/1/5
f 2941/1/5 2937/1/5 2936/1/5
f 2942/1/5 2937/1/5 2941/1/5
f 2945/1/5 2939/1/5 2938/1/5
f 2946/1/5 2939/1/5 2945/1/5
f 2947/1/5 2943/1/5 2942/1/5
f 2948/1/5 2943/1/5 2947/1/5
f 2950/1/5 2945/1/5 2944/1/5
f 2951/1/5 2945/1/5 2950/1/5
f 2952/1/5 2949/1/5 2948/1/5
f 2953/1/5 2949/1/5 2952/1/5
f 2954/3/5 2951/3/5 2950/3/5
f 2955/3/5 2951/3/5 2954/3/5
f 2956/3/5 2953/3/5 2952/3/5
f 2957/3/5 2953/3/5 2956/3/5
f 2958/1/5 2955/1/5 2954/1/5
f 2959/1/5 2955/1/5 2958/1/5
f 2962/1/5 2957/1/5 2956/1/5
f 2963/1/5 2957/1/5 2962/1/5
f 2964/1/5 2960/1/5 2959/1/5
f 2965/1/5 2960/1/5 2964/1/5
f 2968/1/5 2962/1/5 2961/1/5
f 2969/1/5 2962/1/5 2968/1/5
f 2970/1/5 2966/1/5 2965/1/5
f 2971/1/5 2966/1/5 2970/1/5
f 2974/1/5 2968/1/5 2967/1/5
f 2975/1/5 2968/1/5 2974/1/5
f 2976/1/5 2972/1/5 2971/1/5
f 2977/1/5 2972/1/5 2976/1/5
f 2980/1/5 2974/1/5 2973/1/5
f 2981/1/5 2974/1/5 2980/1/5
f 2982/1/5 2978/1/5 2977/1/5
f 2983/1/5 2978/1/5 2982/1/5
f 2986/1/5 2980/1/5 2979/1/5
f 2987/1/5 2980/1/5 2986/1/5
f 2988/1/5 2984/1/5 2983/1/5
f 2989/1/5 2984/1/5 2988/1/5
f 2992/1/5 2986/1/5 2985/1/5
f 2993/1/5 2986/1/5 2992/1/5
f 2994/1/5 2990/1/5 2989/1/5
f 2995/1/5 2990/1/5 2994/1/5
f 2998/1/5 2992/1/5 2991/1/5
f 2999/1/5 2992/1/5 2998/1/5
f 3000/1/5 2996/1/5 2995/1/5
f 3001/1/5 2996/1/5 3000/1/5
f 3004/1/5 2998/1/5 2997/1/5
f 3005/1/5 2998/1/5 3004/1/5
f 3006/1/5 3002/1/5 3001/1/5
f 3007/3/5 3003/3/5 3002/3/5
f 3007/1/5 3002/1/5 3006/1/5
f 3008/1/5 3004/1/5 3003/1/5
f 3008/3/5 3003/3/5 3007/3/5
f 3009/1/5 3004/1/5 3008/1/5
f 3010/1/6 3011/1/6 3015/1/6
f 3011/3/6 3012/3/6 3016/3/6
f 3015/1/6 3011/1/6 3016/1/6
f 3012/1/6 3013/1/6 3017/1/6
f 3016/3/6 3012/3/6 3017/3/6
f 3017/1/6 3013/1/6 3018/1/6
f 3014/1/6 3015/1/6 3021/1/6
f 3021/1/6 3015/1/6 3022/1/6
f 3018/1/6 3019/1/6 3023/1/6
f 3023/1/6 3019/1/6 3024/1/6
f 3020/1/6 3021/1/6 3027/1/6
f 3027/1/6 3021/1/6 3028/1/6
f 3024/1/6 3025/1/6 3029/1/6
f 3029/1/6 3025/1/6 3030/1/6
f 3026/1/6 3027/1/6 3033/1/6
f 3033/1/6 3027/1/6 3034/1/6
f 3030/1/6 3031/1/6 3035/1/6
f 3035/1/6 3031/1/6 3036/1/6
f 3032/1/6 3033/1/6 3039/1/6
f 3039/1/6 3033/1/6 3040/1/6
f 3036/1/6 3037/1/6 3041/1/6
f 3041/1/6 3037/1/6 3042/1/6
f 3038/1/6 3039/1/6 3045/1/6
f 3045/1/6 3039/1/6 3046/1/6
f 3042/1/6 3043/1/6 3047/1/6
f 3047/1/6 3043/1/6 3048/1/6
f 3044/1/6 3045/1/6 3051/1/6
f 3051/1/6 3045/1/6 3052/1/6
f 3048/1/6 3049/1/6 3053/1/6
f 3053/1/6 3049/1/6 3054/1/6
f 3050/1/6 3051/1/6 3057/1/6
f 3057/1/6 3051/1/6 3058/1/6
f 3054/1/6 3055/1/6 3059/1/6
f 3059/1/6 3055/1/6 3060/1/6
f 3056/1/6 3057/1/6 3062/1/6
f 3062/1/6 3057/1/6 3063/1/6
f 3060/1/6 3061/1/6 3064/1/6
f 3064/1/6 3061/1/6 3065/1/6
f 3062/3/6 3063/3/6 3066/3/6
f 3066/3/6 3063/3/6 3067/3/6
f 3064/3/6 3065/3/6 3068/3/6
f 3068/3/6 3065/3/6 3069/3/6
f 3066/1/6 3067/1/6 3070/1/6
f 3070/1/6 3067/1/6 3071/1/6
f 3068/1/6 3069/1/6 3074/1/6
f 3074/1/6 3069/1/6 3075/1/6
f 3071/1/6 3072/1/6 3076/1/6
f 3076/1/6 3072/1/6 3077/1/6
f 3073/1/6 3074/1/6 3080/1/6
f 3080/1/6 3074/1/6 3081/1/6
f 3077/1/6 3078/1/6 3082/1/6
f 3082/1/6 3078/1/6 3083/1/6
f 3079/1/6 3080/1/6 3086/1/6
f 3086/1/6 3080/1/6 3087/1/6
f 3083/1/6 3084/1/6 3088/1/6
f 3088/1/6 3084/1/6 3089/1/6
f 3085/1/6 3086/1/6 3092/1/6
f 3092/1/6 3086/1/6 3093/1/6
f 3089/1/6 3090/1/6 3094/1/6
f 3094/1/6 3090/1/6 3095/1/6
f 3091/1/6 3092/1/6 3098/1/6
f 3098/1/6 3092/1/6 3099/1/6
f 3095/1/6 3096/1/6 3100/1/6
f 3100/1/6 3096/1/6 3101/1/6
f 3097/1/6 3098/1/6 3104/1/6
f 3104/1/6 3098/1/6 3105/1/6
f 3101/1/6 3102/1/6 3106/1/6
f 3106/1/6 3102/1/6 3107/1/6
f 3103/1/6 3104/1/6 3110/1/6
f 3110/1/6 3104/1/6 3111/1/6
f 3107/1/6 3108/1/6 3112/1/6
f 3112/1/6 3108/1/6 3113/1/6
f 3109/1/6 3110/1/6 3116/1/6
f 3116/1/6 3110/1/6 3117/1/6
f 3113/1/6 3114/1/6 3118/1/6
f 3114/3/6 3115/3/6 3119/3/6
f 3118/1/6 3114/1/6 3119/1/6
f 3115/1/6 3116/1/6 3120/1/6
f 3119/3/6 3115/3/6 3120/3/6
f 3120/1/6 3116/1/6 3121/1/6
f 3122/1/6 3123/1/6 3126/1/6
f 3126/1/6 3123/1/6 3127/1/6
f 3124/1/6 3125/1/6 3128/1/6
f 3128/1/6 3125/1/6 3129/1/6
f 3130/1/6 3131/1/6 3135/1/6
f 3135/1/6 3131/1/6 3136/1/6
f 3132/1/6 3133/1/6 3137/1/6
f 3137/1/6 3133/1/6 3138/1/6
f 3134/1/6 3135/1/6 3141/1/6
f 3141/1/6 3135/1/6 3142/1/6
f 3138/1/6 3139/1/6 3143/1/6
f 3143/1/6 3139/1/6 3144/1/6
f 3140/1/6 3141/1/6 3147/1/6
f 3147/1/6 3141/1/6 3148/1/6
f 3144/1/6 3145/1/6 3149/1/6
f 3149/1/6 3145/1/6 3150/1/6
f 3146/1/6 3147/1/6 3152/1/6
f 3152/1/6 3147/1/6 3153/1/6
f 3150/1/6 3151/1/6 3154/1/6
f 3154/1/6 3151/1/6 3155/1/6
f 3156/1/6 3157/1/6 3160/1/6
f 3160/1/6 3157/1/6 3161/1/6
f 3158/1/6 3159/1/6 3162/1/6
f 3162/1/6 3159/1/6 3163/1/6
f 3164/1/6 3165/1/6 3168/1/6
f 3168/1/6 3165/1/6 3169/1/6
f 3166/1/6 3167/1/6 3170/1/6
f 3170/1/6 3167/1/6 3171/1/6
f 3172/1/6 3173/1/6 3176/1/6
f 3176/1/6 3173/1/6 3177/1/6
f 3174/1/6 3175/1/6 3180/1/6
f 3180/1/6 3175/1/6 3181/1/6
f 3177/1/6 3178/1/6 3182/1/6
f 3182/1/6 3178/1/6 3183/1/6
f 3179/1/6 3180/1/6 3186/1/6
f 3186/1/6 3180/1/6 3187/1/6
f 3183/1/6 3184/1/6 3188/1/6
f 3188/1/6 3184/1/6 3189/1/6
f 3185/1/6 3186/1/6 3192/1/6
f 3192/1/6 3186/1/6 3193/1/6
f 3189/1/6 3190/1/6 3194/1/6
f 3194/1/6 3190/1/6 3195/1/6
f 3191/1/6 3192/1/6 3196/1/6
f 3196/1/6 3192/1/6 3197/1/6
f 3198/1/6 3199/1/6 3202/1/6
f 3202/1/6 3199/1/6 3203/1/6
f 3200/1/6 3201/1/6 3204/1/6
f 3204/1/6 3201/1/6 3205/1/6
f 3206/2/6 3207/2/6 3210/2/6
f 3207/4/6 3208/4/6 3211/4/6
f 3210/2/6 3207/2/6 3211/2/6
f 3211/4/6 3208/4/6 3212/4/6
f 3209/2/6 3210/2/6 3216/2/6
f 3216/2/6 3210/2/6 3217/2/6
f 3212/4/6 3213/4/6 3218/4/6
f 3213/2/6 3214/2/6 3219/2/6
f 3218/4/6 3213/4/6 3219/4/6
f 3219/2/6 3214/2/6 3220/2/6
f 3215/4/6 3216/4/6 3223/4/6
f 3223/4/6 3216/4/6 3224/4/6
f 3220/2/6 3221/2/6 3225/2/6
f 3225/2/6 3221/2/6 3226/2/6
f 3222/2/6 3223/2/6 3229/2/6
f 3229/2/6 3223/2/6 3230/2/6
f 3226/2/6 3227/2/6 3231/2/6
f 3231/2/6 3227/2/6 3232/2/6
f 3228/2/6 3229/2/6 3235/2/6
f 3235/2/6 3229/2/6 3236/2/6
f 3232/2/6 3233/2/6 3237/2/6
f 3237/2/6 3233/2/6 3238/2/6
f 3234/2/6 3235/2/6 3241/2/6
f 3241/2/6 3235/2/6 3242/2/6
f 3238/4/6 3239/4/6 3243/4/6
f 3243/4/6 3239/4/6 3244/4/6
f 3240/4/6 3241/4/6 3247/4/6
f 3247/4/6 3241/4/6 3248/4/6
f 3244/4/6 3245/4/6 3249/4/6
f 3249/4/6 3245/4/6 3250/4/6
f 3246/4/6 3247/4/6 3252/4/6
f 3252/4/6 3247/4/6 3253/4/6
f 3252/2/6 3253/2/6 3255/2/6
f 3255/2/6 3253/2/6 3256/2/6
f 3250/2/6 3251/2/6 3257/2/6
f 3257/2/6 3251/2/6 3258/2/6
f 3254/2/6 3255/2/6 3260/2/6
f 3260/2/6 3255/2/6 3261/2/6
f 3258/2/6 3259/2/6 3262/2/6
f 3262/2/6 3259/2/6 3263/2/6
f 3260/4/6 3261/4/6 3264/4/6
f 3264/4/6 3261/4/6 3265/4/6
f 3262/4/6 3263/4/6 3268/4/6
f 3268/4/6 3263/4/6 3269/4/6
f 3265/2/6 3266/2/6 3270/2/6
f 3270/2/6 3266/2/6 3271/2/6
f 3267/2/6 3268/2/6 3274/2/6
f 3274/2/6 3268/2/6 3275/2/6
f 3271/2/6 3272/2/6 3276/2/6
f 3276/2/6 3272/2/6 3277/2/6
f 3273/2/6 3274/2/6 3280/2/6
f 3280/2/6 3274/2/6 3281/2/6
f 3277/2/6 3278/2/6 3282/2/6
f 3282/2/6 3278/2/6 3283/2/6
f 3279/2/6 3280/2/6 3286/2/6
f 3286/2/6 3280/2/6 3287/2/6
f 3283/4/6 3284/4/6 3288/4/6
f 3288/4/6 3284/4/6 3289/4/6
f 3285/4/6 3286/4/6 3292/4/6
f 3292/4/6 3286/4/6 3293/4/6
f 3289/4/6 3290/4/6 3294/4/6
f 3294/4/6 3290/4/6 3295/4/6
f 3291/4/6 3292/4/6 3298/4/6
f 3298/4/6 3292/4/6 3299/4/6
f 3295/2/6 3296/2/6 3300/2/6
f 3300/2/6 3296/2/6 3301/2/6
f 3297/2/6 3298/2/6 3304/2/6
f 3304/2/6 3298/2/6 3305/2/6
f 3301/2/6 3302/2/6 3306/2/6
f 3306/2/6 3302/2/6 3307/2/6
f 3303/2/6 3304/2/6 3310/2/6
f 3310/2/6 3304/2/6 3311/2/6
f 3307/2/6 3308/2/6 3312/2/6
f 3308/4/6 3309/4/6 3313/4/6
f 3312/2/6 3308/2/6 3313/2/6
f 3309/2/6 3310/2/6 3314/2/6
f 3313/4/6 3309/4/6 3314/4/6
f 3314/2/6 3310/2/6 3315/2/6
f 3316/1/6 3317/1/6 3323/1/6
f 3317/3/6 3318/3/6 3324/3/6
f 3323/1/6 3317/1/6 3324/1/6
f 3318/1/6 3319/1/6 3325/1/6
f 3324/3/6 3318/3/6 3325/3/6
f 3325/1/6 3319/1/6 3326/1/6
f 3320/1/6 3321/1/6 3331/1/6
f 3321/3/6 3322/3/6 3332/3/6
f 3331/1/6 3321/1/6 3332/1/6
f 3322/1/6 3323/1/6 3333/1/6
f 3332/3/6 3322/3/6 3333/3/6
f 3333/1/6 3323/1/6 3334/1/6
f 3326/1/6 3327/1/6 3335/1/6
f 3327/3/6 3328/3/6 3336/3/6
f 3335/1/6 3327/1/6 3336/1/6
f 3328/1/6 3329/1/6 3337/1/6
f 3336/3/6 3328/3/6 3337/3/6
f 3337/1/6 3329/1/6 3338/1/6
f 3330/1/6 3331/1/6 3341/1/6
f 3341/1/6 3331/1/6 3342/1/6
f 3338/1/6 3339/1/6 3343/1/6
f 3343/1/6 3339/1/6 3344/1/6
f 3340/3/6 3341/3/6 3347/3/6
f 3347/3/6 3341/3/6 3348/3/6
f 3344/3/6 3345/3/6 3349/3/6
f 3349/3/6 3345/3/6 3350/3/6
f 3346/3/6 3347/3/6 3353/3/6
f 3353/3/6 3347/3/6 3354/3/6
f 3350/3/6 3351/3/6 3355/3/6
f 3355/3/6 3351/3/6 3356/3/6
f 3352/1/6 3353/1/6 3359/1/6
f 3359/1/6 3353/1/6 3360/1/6
f 3356/1/6 3357/1/6 3361/1/6
f 3361/1/6 3357/1/6 3362/1/6
f 3358/1/6 3359/1/6 3364/1/6
f 3364/1/6 3359/1/6 3365/1/6
f 3362/1/6 3363/1/6 3366/1/6
f 3366/1/6 3363/1/6 3367/1/6
f 3364/3/6 3365/3/6 3368/3/6
f 3368/3/6 3365/3/6 3369/3/6
f 3366/3/6 3367/3/6 3370/3/6
f 3370/3/6 3367/3/6 3371/3/6
f 3368/1/6 3369/1/6 3373/1/6
f 3373/1/6 3369/1/6 3374/1/6
f 3370/1/6 3371/1/6 3375/1/6
f 3375/1/6 3371/1/6 3376/1/6
f 3372/1/6 3373/1/6 3378/1/6
f 3378/1/6 3373/1/6 3379/1/6
f 3376/1/6 3377/1/6 3380/1/6
f 3380/1/6 3377/1/6 3381/1/6
f 3378/3/6 3379/3/6 3382/3/6
f 3382/3/6 3379/3/6 3383/3/6
f 3380/3/6 3381/3/6 3384/3/6
f 3384/3/6 3381/3/6 3385/3/6
f 3382/1/6 3383/1/6 3386/1/6
f 3386/1/6 3383/1/6 3387/1/6
f 3384/1/6 3385/1/6 3390/1/6
f 3390/1/6 3385/1/6 3391/1/6
f 3387/1/6 3388/1/6 3392/1/6
f 3392/1/6 3388/1/6 3393/1/6
f 3389/1/6 3390/1/6 3394/1/6
f 3394/1/6 3390/1/6 3395/1/6
f 3392/3/6 3393/3/6 3396/3/6
f 3396/3/6 3393/3/6 3397/3/6
f 3394/3/6 3395/3/6 3398/3/6
f 3398/3/6 3395/3/6 3399/3/6
f 3396/1/6 3397/1/6 3400/1/6
f 3400/1/6 3397/1/6 3401/1/6
f 3398/1/6 3399/1/6 3404/1/6
f 3404/1/6 3399/1/6 3405/1/6
f 3401/1/6 3402/1/6 3406/1/6
f 3406/1/6 3402/1/6 3407/1/6
f 3403/1/6 3404/1/6 3410/1/6
f 3410/1/6 3404/1/6 3411/1/6
f 3407/3/6 3408/3/6 3412/3/6
f 3412/3/6 3408/3/6 3413/3/6
f 3409/3/6 3410/3/6 3416/3/6
f 3416/3/6 3410/3/6 3417/3/6
f 3413/3/6 3414/3/6 3418/3/6
f 3418/3/6 3414/3/6 3419/3/6
f 3415/3/6 3416/3/6 3422/3/6
f 3422/3/6 3416/3/6 3423/3/6
f 3419/1/6 3420/1/6 3424/1/6
f 3424/1/6 3420/1/6 3425/1/6
f 3421/1/6 3422/1/6 3432/1/6
f 3432/1/6 3422/1/6 3433/1/6
f 3425/1/6 3426/1/6 3434/1/6
f 3426/3/6 3427/3/6 3435/3/6
f 3434/1/6 3426/1/6 3435/1/6
f 3427/1/6 3428/1/6 3436/1/6
f 3435/3/6 3427/3/6 3436/3/6
f 3436/1/6 3428/1/6 3437/1/6
f 3429/1/6 3430/1/6 3440/1/6
f 3430/3/6 3431/3/6 3441/3/6
f 3440/1/6 3430/1/6 3441/1/6
f 3431/1/6 3432/1/6 3442/1/6
f 3441/3/6 3431/3/6 3442/3/6
f 3442/1/6 3432/1/6 3443/1/6
f 3437/1/6 3438/1/6 3444/1/6
f 3438/3/6 3439/3/6 3445/3/6
f 3444/1/6 3438/1/6 3445/1/6
f 3439/1/6 3440/1/6 3446/1/6
f 3445/3/6 3439/3/6 3446/3/6
f 3446/1/6 3440/1/6 3447/1/6
f 3448/1/6 3449/1/6 3451/1/6
f 3451/1/6 3449/1/6 3452/1/6
f 3450/1/6 3451/1/6 3455/1/6
f 3452/1/6 3453/1/6 3455/1/6
f 3451/1/6 3452/1/6 3455/1/6
f 3455/1/6 3453/1/6 3456/1/6
f 3456/1/6 3453/1/6 3457/1/6
f 3457/1/6 3453/1/6 3458/1/6
f 3458/1/6 3453/1/6 3459/1/6
f 3459/1/6 3453/1/6 3460/1/6
f 3454/1/6 3455/1/6 3463/1/6
f 3455/1/6 3456/1/6 3463/1/6
f 3463/1/6 3456/1/6 3464/1/6
f 3456/3/6 3457/3/6 3465/3/6
f 3464/1/6 3456/1/6 3465/1/6
f 3457/1/6 3458/1/6 3466/1/6
f 3465/3/6 3457/3/6 3466/3/6
f 3458/3/6 3459/3/6 3467/3/6
f 3466/1/6 3458/1/6 3467/1/6
f 3460/1/6 3461/1/6 3468/1/6
f 3467/3/6 3459/3/6 3468/3/6
f 3459/1/6 3460/1/6 3468/1/6
f 3468/1/6 3461/1/6 3469/1/6
f 3469/1/6 3461/1/6 3470/1/6
f 3462/1/6 3463/1/6 3473/1/6
f 3463/1/6 3464/1/6 3473/1/6
f 3464/3/6 3465/3/6 3474/3/6
f 3473/1/6 3464/1/6 3474/1/6
f 3466/1/6 3467/1/6 3475/1/6
f 3474/3/6 3465/3/6 3475/3/6
f 3465/1/6 3466/1/6 3475/1/6
f 3467/1/6 3468/1/6 3475/1/6
f 3468/3/6 3469/3/6 3476/3/6
f 3475/1/6 3468/1/6 3476/1/6
f 3470/1/6 3471/1/6 3477/1/6
f 3476/3/6 3469/3/6 3477/3/6
f 3469/1/6 3470/1/6 3477/1/6
f 3477/1/6 3471/1/6 3478/1/6
f 3473/1/6 3474/1/6 3481/1/6
f 3478/1/6 3479/1/6 3481/1/6
f 3477/1/6 3478/1/6 3481/1/6
f 3476/1/6 3477/1/6 3481/1/6
f 3475/1/6 3476/1/6 3481/1/6
f 3474/1/6 3475/1/6 3481/1/6
f 3472/1/6 3473/1/6 3481/1/6
f 3481/1/6 3479/1/6 3482/1/6
f 3482/1/6 3479/1/6 3483/1/6
f 3483/1/6 3479/1/6 3484/1/6
f 3480/1/6 3481/1/6 3486/1/6
f 3481/1/6 3482/1/6 3486/1/6
f 3482/3/6 3483/3/6 3487/3/6
f 3486/1/6 3482/1/6 3487/1/6
f 3484/1/6 3485/1/6 3488/1/6
f 3487/3/6 3483/3/6 3488/3/6
f 3483/1/6 3484/1/6 3488/1/6
f 3488/1/6 3485/1/6 3489/1/6
f 3480/1/6 3486/1/6 3490/1/6
f 3490/1/6 3486/1/6 3491/1/6
f 3486/3/6 3487/3/6 3492/3/6
f 3491/1/6 3486/1/6 3492/1/6
f 3487/3/6 3488/3/6 3492/3/6
f 3488/3/6 3489/3/6 3492/3/6
f 3489/1/6 3485/1/6 3493/1/6
f 3492/3/6 3489/3/6 3493/3/6
f 3493/1/6 3485/1/6 3494/1/6
f 3494/1/6 3485/1/6 3495/1/6
f 3480/1/6 3490/1/6 3497/1/6
f 3490/3/6 3491/3/6 3498/3/6
f 3497/1/6 3490/1/6 3498/1/6
f 3491/1/6 3492/1/6 3499/1/6
f 3498/3/6 3491/3/6 3499/3/6
f 3492/1/6 3493/1/6 3499/1/6
f 3493/1/6 3494/1/6 3499/1/6
f 3494/3/6 3495/3/6 3500/3/6
f 3499/1/6 3494/1/6 3500/1/6
f 3495/1/6 3485/1/6 3501/1/6
f 3500/3/6 3495/3/6 3501/3/6
f 3501/1/6 3485/1/6 3502/1/6
f 3496/1/6 3497/1/6 3504/1/6
f 3502/1/6 3503/1/6 3504/1/6
f 3501/1/6 3502/1/6 3504/1/6
f 3500/1/6 3501/1/6 3504/1/6
f 3498/1/6 3499/1/6 3504/1/6
f 3497/1/6 3498/1/6 3504/1/6
f 3499/1/6 3500/1/6 3504/1/6
f 3504/1/6 3503/1/6 3505/1/6
f 3496/1/6 3504/1/6 3506/1/6
f 3504/3/6 3505/3/6 3507/3/6
f 3506/1/6 3504/1/6 3507/1/6
f 3505/1/6 3503/1/6 3508/1/6
f 3507/3/6 3505/3/6 3508/3/6
f 3508/1/6 3503/1/6 3509/1/6
f 3506/3/6 3507/3/6 3510/3/6
f 3496/1/6 3506/1/6 3510/1/6
f 3508/3/6 3509/3/6 3510/3/6
f 3507/3/6 3508/3/6 3510/3/6
f 3510/3/6 3509/3/6 3511/3/6
f 3511/3/6 3509/3/6 3512/3/6
f 3509/1/6 3503/1/6 3513/1/6
f 3512/3/6 3509/3/6 3513/3/6
f 3511/3/6 3512/3/6 3514/3/6
f 3510/1/6 3511/1/6 3514/1/6
f 3512/1/6 3513/1/6 3515/1/6
f 3514/3/6 3512/3/6 3515/3/6
f 3496/1/6 3510/1/6 3516/1/6
f 3510/1/6 3514/1/6 3516/1/6
f 3514/1/6 3515/1/6 3516/1/6
f 3516/1/6 3515/1/6 3517/1/6
f 3517/1/6 3515/1/6 3518/1/6
f 3518/1/6 3515/1/6 3519/1/6
f 3515/1/6 3513/1/6 3520/1/6
f 3519/1/6 3515/1/6 3520/1/6
f 3513/1/6 3503/1/6 3521/1/6
f 3520/1/6 3513/1/6 3521/1/6
f 3521/1/6 3503/1/6 3522/1/6
f 3522/1/6 3503/1/6 3523/1/6
f 3518/3/6 3519/3/6 3524/3/6
f 3517/1/6 3518/1/6 3524/1/6
f 3519/1/6 3520/1/6 3525/1/6
f 3524/3/6 3519/3/6 3525/3/6
f 3525/1/6 3520/1/6 3526/1/6
f 3526/1/6 3520/1/6 3527/1/6
f 3520/3/6 3521/3/6 3528/3/6
f 3527/1/6 3520/1/6 3528/1/6
f 3521/1/6 3522/1/6 3529/1/6
f 3528/3/6 3521/3/6 3529/3/6
f 3526/3/6 3527/3/6 3530/3/6
f 3524/1/6 3525/1/6 3530/1/6
f 3525/1/6 3526/1/6 3530/1/6
f 3530/3/6 3527/3/6 3531/3/6
f 3531/3/6 3527/3/6 3532/3/6
f 3527/1/6 3528/1/6 3533/1/6
f 3532/3/6 3527/3/6 3533/3/6
f 3528/1/6 3529/1/6 3533/1/6
f 3517/1/6 3524/1/6 3534/1/6
f 3530/1/6 3531/1/6 3534/1/6
f 3524/1/6 3530/1/6 3534/1/6
f 3534/1/6 3531/1/6 3535/1/6
f 3531/3/6 3532/3/6 3536/3/6
f 3535/1/6 3531/1/6 3536/1/6
f 3532/1/6 3533/1/6 3537/1/6
f 3536/3/6 3532/3/6 3537/3/6
f 3533/1/6 3529/1/6 3538/1/6
f 3537/1/6 3533/1/6 3538/1/6
f 3529/1/6 3522/1/6 3538/1/6
f 3538/1/6 3522/1/6 3539/1/6
f 3536/1/6 3537/1/6 3540/1/6
f 3537/1/6 3538/1/6 3540/1/6
f 3535/1/6 3536/1/6 3540/1/6
f 3540/1/6 3538/1/6 3541/1/6
f 3541/1/6 3538/1/6 3542/1/6
f 3542/1/6 3538/1/6 3543/1/6
f 3543/1/6 3538/1/6 3544/1/6
f 3544/1/6 3538/1/6 3545/1/6
f 3545/1/6 3538/1/6 3546/1/6
f 3546/1/6 3538/1/6 3547/1/6
f 3541/1/6 3542/1/6 3548/1/6
f 3548/1/6 3542/1/6 3549/1/6
f 3542/3/6 3543/3/6 3550/3/6
f 3549/1/6 3542/1/6 3550/1/6
f 3543/1/6 3544/1/6 3551/1/6
f 3550/3/6 3543/3/6 3551/3/6
f 3551/1/6 3544/1/6 3552/1/6
f 3552/1/6 3544/1/6 3553/1/6
f 3544/3/6 3545/3/6 3554/3/6
f 3553/1/6 3544/1/6 3554/1/6
f 3545/1/6 3546/1/6 3555/1/6
f 3554/3/6 3545/3/6 3555/3/6
f 3555/1/6 3546/1/6 3556/1/6
f 3556/1/6 3546/1/6 3557/1/6
f 3549/1/6 3550/1/6 3558/1/6
f 3550/1/6 3551/1/6 3558/1/6
f 3558/1/6 3551/1/6 3559/1/6
f 3551/3/6 3552/3/6 3560/3/6
f 3559/1/6 3551/1/6 3560/1/6
f 3552/1/6 3553/1/6 3561/1/6
f 3560/3/6 3552/3/6 3561/3/6
f 3553/3/6 3554/3/6 3562/3/6
f 3561/1/6 3553/1/6 3562/1/6
f 3555/1/6 3556/1/6 3563/1/6
f 3562/3/6 3554/3/6 3563/3/6
f 3554/1/6 3555/1/6 3563/1/6
f 3563/1/6 3556/1/6 3564/1/6
f 3564/1/6 3556/1/6 3565/1/6
f 3560/1/6 3561/1/6 3566/1/6
f 3561/1/6 3562/1/6 3566/1/6
f 3563/1/6 3564/1/6 3566/1/6
f 3562/1/6 3563/1/6 3566/1/6
f 3559/1/6 3560/1/6 3566/1/6
f 3566/1/6 3564/1/6 3567/1/6
f 3567/1/6 3564/1/6 3568/1/6
f 3568/1/6 3564/1/6 3569/1/6
f 3567/1/6 3568/1/6 3570/1/6
f 3570/1/6 3568/1/6 3571/1/6
