# MagicaVoxel @ Ephtracy

# group
o 

# material
mtllib MinecraftFull.mtl
usemtl palette

# normals
vn -1 0 0
vn 1 0 0
vn 0 0 1
vn 0 0 -1
vn 0 -1 0
vn 0 1 0

# texcoords
vt 0.533203 0.5
vt 0.537109 0.5
vt 0.541016 0.5
vt 0.970703 0.5
vt 0.974609 0.5
vt 0.978516 0.5
vt 0.982422 0.5
vt 0.986328 0.5
vt 0.990234 0.5

# verts
v -1.8 0.1 0.6
v -1.8 0.1 -1.1
v -1.8 0.2 0.6
v -1.8 0.2 0.5
v -1.8 0.2 -1
v -1.8 0.2 -1.1
v -1.8 0.4 0.3
v -1.8 0.4 -0.8
v -1.8 0.5 0.4
v -1.8 0.5 0.3
v -1.8 0.5 0.1
v -1.8 0.5 0
v -1.8 0.5 -0.8
v -1.8 0.5 -0.9
v -1.8 0.6 0.1
v -1.8 0.6 0
v -1.8 0.6 -0.1
v -1.8 0.6 -0.2
v -1.8 0.6 -0.5
v -1.8 0.6 -0.6
v -1.8 0.7 -0.1
v -1.8 0.7 -0.2
v -1.8 0.7 -0.5
v -1.8 0.7 -0.6
v -1.8 0.8 -0.3
v -1.8 0.8 -0.4
v -1.8 0.9 0.4
v -1.8 0.9 0.3
v -1.8 0.9 -0.3
v -1.8 0.9 -0.4
v -1.8 0.9 -0.8
v -1.8 0.9 -0.9
v -1.8 1 0.3
v -1.8 1 -0.8
v -1.8 1.1 0.5
v -1.8 1.1 0.4
v -1.8 1.1 -0.9
v -1.8 1.1 -1
v -1.8 1.2 0.4
v -1.8 1.2 -0.9
v -1.8 1.3 0.6
v -1.8 1.3 -1.1
v -1.7 0 0.6
v -1.7 0 -1.1
v -1.7 0.1 0.7
v -1.7 0.1 0.6
v -1.7 0.1 -1.1
v -1.7 0.1 -1.2
v -1.7 0.2 0.7
v -1.7 0.2 0.6
v -1.7 0.2 -1.1
v -1.7 0.2 -1.2
v -1.7 1.3 0.7
v -1.7 1.3 0.6
v -1.7 1.3 -1.1
v -1.7 1.3 -1.2
v -1.6 0 0.7
v -1.6 0 0.6
v -1.6 0 -1.1
v -1.6 0 -1.2
v -1.6 0.1 0.7
v -1.6 0.1 0.6
v -1.6 0.1 -1.1
v -1.6 0.1 -1.2
v -1.6 0.5 0.5
v -1.6 0.5 0.4
v -1.6 0.6 0.5
v -1.6 0.6 0.4
v -1.6 0.6 -0.5
v -1.6 0.6 -0.9
v -1.6 0.6 -1
v -1.6 0.7 0.1
v -1.6 0.7 0
v -1.6 0.7 -0.4
v -1.6 0.8 0.4
v -1.6 0.8 0.3
v -1.6 0.8 0.1
v -1.6 0.8 0
v -1.6 0.8 -0.3
v -1.6 0.8 -0.4
v -1.6 0.8 -0.5
v -1.6 0.8 -0.6
v -1.6 0.8 -0.8
v -1.6 0.8 -0.9
v -1.6 0.8 -1
v -1.6 0.9 0.3
v -1.6 0.9 0.1
v -1.6 0.9 -0.6
v -1.6 0.9 -0.8
v -1.6 0.9 -0.9
v -1.6 1 -0.3
v -1.6 1 -0.4
v -1.6 1 -0.6
v -1.6 1 -0.8
v -1.6 1.1 -0.4
v -1.6 1.1 -0.6
v -1.5 0.5 0.6
v -1.5 0.5 0.5
v -1.5 0.6 0.6
v -1.5 0.6 0.5
v -1.5 0.6 0.4
v -1.5 0.6 -1
v -1.5 0.6 -1.1
v -1.5 0.7 0
v -1.5 0.7 -0.1
v -1.5 0.7 -0.4
v -1.5 0.7 -1
v -1.5 0.7 -1.1
v -1.5 0.8 0.5
v -1.5 0.8 0.4
v -1.5 0.8 0.3
v -1.5 0.8 0.1
v -1.5 0.8 0
v -1.5 0.8 -0.1
v -1.5 0.8 -0.3
v -1.5 0.8 -0.4
v -1.5 0.8 -0.9
v -1.5 0.8 -1
v -1.5 0.9 0.4
v -1.5 0.9 0.3
v -1.5 0.9 0.1
v -1.5 0.9 0
v -1.5 0.9 -0.1
v -1.5 0.9 -0.2
v -1.5 0.9 -0.8
v -1.5 0.9 -0.9
v -1.5 0.9 -1
v -1.5 1 0.3
v -1.5 1 0.1
v -1.5 1 -0.2
v -1.5 1 -0.3
v -1.5 1 -0.4
v -1.5 1 -0.6
v -1.5 1 -0.7
v -1.5 1 -0.8
v -1.5 1 -0.9
v -1.5 1.1 -0.3
v -1.5 1.1 -0.4
v -1.5 1.1 -0.6
v -1.5 1.1 -0.7
v -1.5 1.2 -0.4
v -1.5 1.2 -0.6
v -1.4 0.8 0.5
v -1.4 0.8 0.4
v -1.4 0.8 0
v -1.4 0.8 -0.1
v -1.4 0.9 0.5
v -1.4 0.9 0.4
v -1.4 0.9 0.3
v -1.4 0.9 0.1
v -1.4 0.9 0
v -1.4 0.9 -0.1
v -1.4 0.9 -0.2
v -1.4 1 0.4
v -1.4 1 0.3
v -1.4 1 0.1
v -1.4 1 0
v -1.4 1 -0.1
v -1.4 1 -0.2
v -1.4 1 -0.3
v -1.4 1 -0.7
v -1.4 1 -0.8
v -1.4 1.1 0
v -1.4 1.1 -0.1
v -1.4 1.1 -0.3
v -1.4 1.1 -0.4
v -1.4 1.1 -0.6
v -1.4 1.1 -0.7
v -1.4 1.1 -0.8
v -1.4 1.2 -0.1
v -1.4 1.2 -0.3
v -1.4 1.2 -0.4
v -1.4 1.2 -0.5
v -1.4 1.2 -0.6
v -1.4 1.2 -0.7
v -1.4 1.3 -0.3
v -1.4 1.3 -0.4
v -1.4 1.3 -0.5
v -1.3 0.7 -1
v -1.3 0.7 -1.1
v -1.3 0.8 -1
v -1.3 0.8 -1.1
v -1.3 1 0.1
v -1.3 1 0
v -1.3 1.1 0.1
v -1.3 1.1 0
v -1.3 1.1 -0.1
v -1.3 1.2 0
v -1.3 1.2 -0.1
v -1.3 1.2 -0.3
v -1.3 1.2 -0.5
v -1.3 1.2 -0.7
v -1.3 1.2 -0.8
v -1.3 1.3 -0.1
v -1.3 1.3 -0.3
v -1.3 1.3 -0.5
v -1.3 1.3 -0.6
v -1.3 1.3 -0.7
v -1.3 1.3 -0.8
v -1.3 1.4 -0.6
v -1.3 1.4 -0.7
v -1.2 0.8 -0.9
v -1.2 0.8 -1
v -1.2 0.8 -1.1
v -1.2 0.9 0.5
v -1.2 0.9 0.4
v -1.2 0.9 -0.9
v -1.2 0.9 -1
v -1.2 0.9 -1.1
v -1.2 1 0.4
v -1.2 1 0.2
v -1.2 1 0.1
v -1.2 1 -0.8
v -1.2 1 -0.9
v -1.2 1.1 0.5
v -1.2 1.1 0.4
v -1.2 1.1 0.2
v -1.2 1.1 0.1
v -1.2 1.1 0
v -1.2 1.1 -0.7
v -1.2 1.1 -0.8
v -1.2 1.1 -0.9
v -1.2 1.1 -1
v -1.2 1.2 0.1
v -1.2 1.2 0
v -1.2 1.2 -0.1
v -1.2 1.2 -0.7
v -1.2 1.2 -0.8
v -1.2 1.2 -0.9
v -1.2 1.3 0
v -1.2 1.3 -0.1
v -1.2 1.3 -0.5
v -1.2 1.3 -0.6
v -1.2 1.3 -0.7
v -1.2 1.3 -0.8
v -1.2 1.4 -0.5
v -1.2 1.4 -0.6
v -1.2 1.4 -0.7
v -1.2 1.4 -0.8
v -1.1 0.8 -0.8
v -1.1 0.8 -0.9
v -1.1 0.9 -0.8
v -1.1 0.9 -0.9
v -1.1 1.1 0.2
v -1.1 1.1 0.1
v -1.1 1.2 0.2
v -1.1 1.2 0.1
v -1.1 1.2 0
v -1.1 1.2 -0.4
v -1.1 1.2 -0.5
v -1.1 1.2 -0.8
v -1.1 1.2 -0.9
v -1.1 1.3 0.1
v -1.1 1.3 0
v -1.1 1.3 -0.1
v -1.1 1.3 -0.2
v -1.1 1.3 -0.3
v -1.1 1.3 -0.4
v -1.1 1.3 -0.8
v -1.1 1.3 -0.9
v -1.1 1.4 0
v -1.1 1.4 -0.1
v -1.1 1.4 -0.2
v -1.1 1.4 -0.3
v -1.1 1.4 -0.5
v -1 0.9 -1
v -1 0.9 -1.1
v -1 1 -1.1
v -1 1.1 0.3
v -1 1.1 0.2
v -1 1.1 -0.9
v -1 1.1 -1
v -1 1.1 -1.1
v -1 1.2 0.3
v -1 1.2 0.2
v -1 1.2 0.1
v -1 1.3 0.2
v -1 1.3 0.1
v -1 1.3 0
v -1 1.3 -0.1
v -1 1.3 -0.2
v -1 1.3 -0.7
v -1 1.3 -0.8
v -1 1.3 -0.9
v -1 1.3 -1
v -1 1.4 0.1
v -1 1.4 0
v -1 1.4 -0.1
v -1 1.4 -0.2
v -1 1.4 -0.3
v -1 1.4 -0.4
v -1 1.4 -0.5
v -1 1.4 -0.7
v -1 1.4 -0.8
v -1 1.5 0
v -1 1.5 -0.1
v -1 1.5 -0.2
v -1 1.5 -0.4
v -1 1.5 -0.5
v -1 1.5 -0.7
v -0.9 0.9 0.4
v -0.9 0.9 0.3
v -0.9 1 0.4
v -0.9 1 0.3
v -0.9 1.1 0.4
v -0.9 1.1 0.3
v -0.9 1.1 -1
v -0.9 1.1 -1.1
v -0.9 1.2 0.4
v -0.9 1.2 0.3
v -0.9 1.2 0.2
v -0.9 1.2 -1.1
v -0.9 1.3 0.3
v -0.9 1.3 0.2
v -0.9 1.3 -0.8
v -0.9 1.3 -1
v -0.9 1.3 -1.1
v -0.9 1.4 0.1
v -0.9 1.4 0
v -0.9 1.4 -0.1
v -0.9 1.4 -0.2
v -0.9 1.4 -0.4
v -0.9 1.4 -0.5
v -0.9 1.4 -0.7
v -0.9 1.4 -0.8
v -0.9 1.4 -1
v -0.9 1.5 0.1
v -0.9 1.5 0
v -0.9 1.5 -0.1
v -0.9 1.5 -0.2
v -0.9 1.5 -0.4
v -0.9 1.5 -0.5
v -0.9 1.5 -0.7
v -0.9 1.5 -0.8
v -0.9 1.6 -0.5
v -0.9 1.6 -0.7
v -0.8 0.6 0.6
v -0.8 0.6 0.5
v -0.8 0.7 0.6
v -0.8 0.7 0.5
v -0.8 1.4 -0.8
v -0.8 1.4 -0.9
v -0.8 1.5 -0.4
v -0.8 1.5 -0.5
v -0.8 1.5 -0.7
v -0.8 1.5 -0.8
v -0.8 1.5 -0.9
v -0.8 1.6 -0.4
v -0.8 1.6 -0.5
v -0.8 1.6 -0.7
v -0.8 1.6 -0.8
v -0.7 0.6 0.5
v -0.7 0.6 0.4
v -0.7 0.7 0.5
v -0.7 0.7 0.4
v -0.7 0.8 -0.2
v -0.7 0.8 -0.3
v -0.7 0.9 -0.2
v -0.7 0.9 -0.3
v -0.7 1.5 -0.3
v -0.7 1.5 -0.4
v -0.7 1.6 -0.3
v -0.7 1.6 -0.4
v -0.6 1.5 -0.1
v -0.6 1.5 -0.3
v -0.6 1.6 -0.1
v -0.6 1.6 -0.3
v -0.6 1.6 -0.4
v -0.6 1.6 -0.5
v -0.6 1.7 -0.3
v -0.6 1.7 -0.5
v -0.5 1.4 0
v -0.5 1.4 -0.1
v -0.5 1.5 0
v -0.5 1.5 -0.1
v -0.5 1.6 -0.1
v -0.5 1.6 -0.2
v -0.5 1.6 -0.3
v -0.5 1.7 -0.1
v -0.5 1.7 -0.2
v -0.5 1.7 -0.3
v -0.4 0.7 -0.2
v -0.4 0.7 -0.5
v -0.4 0.8 0.6
v -0.4 0.8 0.4
v -0.4 0.8 -0.4
v -0.4 0.8 -0.5
v -0.4 0.9 0.4
v -0.4 0.9 -0.2
v -0.4 0.9 -0.4
v -0.4 1 0.6
v -0.4 1 0.4
v -0.4 1 0.3
v -0.4 1.1 0.4
v -0.4 1.1 0.3
v -0.4 1.3 0.2
v -0.4 1.3 0.1
v -0.4 1.4 0.2
v -0.4 1.4 0.1
v -0.4 1.4 -0.7
v -0.4 1.4 -0.8
v -0.4 1.5 0
v -0.4 1.5 -0.1
v -0.4 1.5 -0.6
v -0.4 1.5 -0.7
v -0.4 1.5 -0.8
v -0.4 1.6 0
v -0.4 1.6 -0.1
v -0.4 1.6 -0.6
v -0.4 1.6 -0.7
v -0.3 0.7 0.6
v -0.3 0.7 0.4
v -0.3 0.7 -0.5
v -0.3 0.7 -0.6
v -0.3 0.7 -0.8
v -0.3 0.7 -1
v -0.3 0.8 0.6
v -0.3 0.8 0.4
v -0.3 0.8 0.3
v -0.3 0.8 -0.4
v -0.3 0.8 -0.5
v -0.3 0.8 -0.6
v -0.3 0.8 -0.8
v -0.3 0.8 -0.9
v -0.3 0.8 -1
v -0.3 0.9 0.4
v -0.3 0.9 0.3
v -0.3 0.9 -0.3
v -0.3 0.9 -0.4
v -0.3 0.9 -0.5
v -0.3 1 0.6
v -0.3 1 0.4
v -0.3 1 -0.3
v -0.3 1 -0.4
v -0.3 1.1 0.5
v -0.3 1.1 0.4
v -0.3 1.1 0.3
v -0.3 1.1 0.2
v -0.3 1.2 0.6
v -0.3 1.2 0.5
v -0.3 1.2 0.3
v -0.3 1.2 0.2
v -0.3 1.2 -0.9
v -0.3 1.2 -1
v -0.3 1.3 -0.8
v -0.3 1.3 -0.9
v -0.3 1.3 -1
v -0.3 1.4 0.1
v -0.3 1.4 0
v -0.3 1.4 -0.8
v -0.3 1.4 -0.9
v -0.3 1.5 0.1
v -0.3 1.5 0
v -0.3 1.6 -0.5
v -0.3 1.6 -0.6
v -0.3 1.7 -0.5
v -0.3 1.7 -0.6
v -0.1 0.7 -0.6
v -0.1 0.7 -0.7
v -0.1 0.7 -1
v -0.1 0.7 -1.1
v -0.1 0.8 0.5
v -0.1 0.8 0.4
v -0.1 0.8 -0.6
v -0.1 0.8 -0.7
v -0.1 0.8 -0.9
v -0.1 0.8 -1
v -0.1 0.9 0.5
v -0.1 0.9 0.4
v -0.1 0.9 -0.9
v -0.1 0.9 -1
v -0.1 0.9 -1.1
v -0.1 1.2 0.3
v -0.1 1.2 0.2
v -0.1 1.3 0.2
v -0.1 1.3 0.1
v -0.1 1.4 0.3
v -0.1 1.4 0.2
v -0.1 1.4 0.1
v -0.1 1.4 0
v -0.1 1.5 0.1
v -0.1 1.5 0
v -1.19209e-07 0.6 -1
v -1.19209e-07 0.6 -1.1
v -1.19209e-07 0.7 -0.7
v -1.19209e-07 0.7 -0.8
v -1.19209e-07 0.7 -1
v -1.19209e-07 0.7 -1.1
v -1.19209e-07 0.8 0.6
v -1.19209e-07 0.8 0.5
v -1.19209e-07 0.8 -0.7
v -1.19209e-07 0.8 -0.8
v -1.19209e-07 0.9 0.6
v -1.19209e-07 0.9 0.5
v -1.19209e-07 1.2 0.4
v -1.19209e-07 1.2 0.3
v -1.19209e-07 1.3 0.4
v -1.19209e-07 1.3 0.3
v -1.19209e-07 1.4 0.4
v -1.19209e-07 1.4 0.3
v -1.19209e-07 1.4 -0.5
v -1.19209e-07 1.4 -0.6
v -1.19209e-07 1.5 -0.5
v -1.19209e-07 1.5 -0.6
v 0.0999999 0.9 -0.9
v 0.0999999 0.9 -1
v 0.0999999 1 -0.9
v 0.0999999 1 -1
v 0.0999999 1.4 0.2
v 0.0999999 1.4 0.1
v 0.0999999 1.5 0.2
v 0.0999999 1.5 0.1
v 0.2 0.8 -1
v 0.2 0.8 -1.1
v 0.2 1 -0.9
v 0.2 1 -1
v 0.2 1 -1.1
v 0.2 1.1 -0.9
v 0.2 1.1 -1
v 0.3 0.7 -1
v 0.3 0.7 -1.1
v 0.3 0.8 -1
v 0.3 0.8 -1.1
v 0.3 1 -1
v 0.3 1 -1.1
v 0.3 1.1 -0.9
v 0.3 1.1 -1
v 0.3 1.1 -1.1
v 0.3 1.2 -0.9
v 0.3 1.2 -1
v 0.4 0.6 -1
v 0.4 0.6 -1.1
v 0.4 0.7 -1
v 0.4 0.7 -1.1
v 0.5 0 0.7
v 0.5 0 0.6
v 0.5 0 -1.1
v 0.5 0 -1.2
v 0.5 0.1 0.7
v 0.5 0.1 0.6
v 0.5 0.1 -1.1
v 0.5 0.1 -1.2
v 0.5 0.7 0
v 0.5 0.7 -0.1
v 0.5 0.8 0
v 0.5 0.8 -0.1
v 0.6 0.7 0.4
v 0.6 0.7 0.3
v 0.6 0.8 0.4
v 0.6 0.8 0.3
v 0.8 0.5 0.6
v 0.8 0.5 0.5
v 0.8 0.6 -1
v 0.8 0.6 -1.1
v 0.8 0.8 0.5
v 0.8 0.8 -1
v 0.8 1.1 0.6
v 0.8 1.1 -1.1
v 0.8 1.3 0.6
v 0.8 1.3 0.5
v 0.8 1.3 -1
v 0.8 1.3 -1.1
v 0.9 0.5 0.5
v 0.9 0.5 0.4
v 0.9 0.6 0.4
v 0.9 0.6 0.3
v 0.9 0.6 -0.4
v 0.9 0.6 -0.5
v 0.9 0.6 -0.9
v 0.9 0.6 -1
v 0.9 0.7 0.3
v 0.9 0.7 0.2
v 0.9 0.7 -0.1
v 0.9 0.7 -0.2
v 0.9 0.7 -0.4
v 0.9 0.7 -0.5
v 0.9 0.8 0
v 0.9 0.8 -0.1
v 0.9 0.8 -0.5
v 0.9 0.8 -0.6
v 0.9 0.8 -0.8
v 0.9 0.8 -0.9
v 0.9 0.9 0.4
v 0.9 0.9 0.3
v 0.9 0.9 0.2
v 0.9 0.9 0
v 0.9 0.9 -0.2
v 0.9 0.9 -0.4
v 0.9 0.9 -0.5
v 0.9 0.9 -0.6
v 0.9 0.9 -0.8
v 0.9 0.9 -0.9
v 0.9 1 0.3
v 0.9 1 -0.8
v 0.9 1.1 0.5
v 0.9 1.1 0.4
v 0.9 1.1 -0.9
v 0.9 1.1 -1
v 0.9 1.2 0.4
v 0.9 1.2 -0.9
v 0.9 1.3 0.5
v 0.9 1.3 -1
v -1.7 0.5 0.5
v -1.7 0.5 0.4
v -1.7 0.6 0.4
v -1.7 0.6 -0.1
v -1.7 0.6 -0.2
v -1.7 0.6 -0.5
v -1.7 0.6 -0.9
v -1.7 0.6 -1
v -1.7 0.7 -0.1
v -1.7 0.7 -0.2
v -1.7 0.8 -0.3
v -1.7 0.8 -0.4
v -1.7 0.8 -0.5
v -1.7 0.8 -0.6
v -1.7 0.8 -0.8
v -1.7 0.8 -0.9
v -1.7 0.9 0.4
v -1.7 0.9 0.3
v -1.7 0.9 -0.3
v -1.7 0.9 -0.4
v -1.7 0.9 -0.6
v -1.7 0.9 -0.8
v -1.7 0.9 -0.9
v -1.7 1 0.3
v -1.7 1 -0.8
v -1.7 1.1 0.5
v -1.7 1.1 0.4
v -1.7 1.1 -0.9
v -1.7 1.1 -1
v -1.7 1.2 0.4
v -1.7 1.2 -0.9
v -1.7 1.3 0.5
v -1.7 1.3 -1
v -1.6 0.5 0.6
v -1.6 0.5 0.5
v -1.6 0.6 0.5
v -1.6 0.6 -1
v -1.6 0.6 -1.1
v -1.6 0.8 -1
v -1.6 1.1 0.6
v -1.6 1.1 -1.1
v -1.6 1.3 0.6
v -1.6 1.3 0.5
v -1.6 1.3 -1
v -1.6 1.3 -1.1
v -1.3 0 0.7
v -1.3 0 0.6
v -1.3 0 -1.1
v -1.3 0 -1.2
v -1.3 0.1 0.7
v -1.3 0.1 0.6
v -1.3 0.1 -1.1
v -1.3 0.1 -1.2
v -1.3 0.8 -0.9
v -1.3 0.8 -1
v -1.3 0.9 -0.9
v -1.3 0.9 -1
v -1.2 0.8 -0.8
v -1.2 0.8 -0.9
v -1.2 0.9 -0.8
v -1.2 0.9 -0.9
v -1.2 1.2 -0.4
v -1.2 1.2 -0.5
v -1.2 1.3 -0.4
v -1.2 1.3 -0.5
v -1.1 1.3 -0.7
v -1.1 1.3 -0.8
v -1.1 1.4 -0.7
v -1.1 1.4 -0.8
v -1 0.8 0.5
v -1 0.8 0.4
v -1 0.9 0.4
v -1 0.9 0.3
v -1 1 0.4
v -1 1 0.3
v -1 1.1 0.5
v -1 1.1 0.4
v -0.9 0.7 0.5
v -0.9 0.7 0.4
v -0.9 0.7 -0.2
v -0.9 0.7 -0.3
v -0.9 0.8 0.5
v -0.9 0.8 0.4
v -0.9 0.8 -0.2
v -0.9 0.8 -0.3
v -0.8 0.6 0.5
v -0.8 0.6 0.4
v -0.8 0.7 0.5
v -0.8 0.7 0.4
v -0.8 0.8 -0.2
v -0.8 0.8 -0.3
v -0.8 0.9 -0.2
v -0.8 0.9 -0.3
v -0.8 1 -1
v -0.8 1 -1.1
v -0.8 1.1 0.4
v -0.8 1.1 0.3
v -0.8 1.1 -1
v -0.8 1.1 -1.1
v -0.8 1.2 0.4
v -0.8 1.2 0.3
v -0.8 1.2 0.2
v -0.8 1.3 0.3
v -0.8 1.3 0.2
v -0.8 1.4 0.1
v -0.8 1.4 0
v -0.8 1.5 0.1
v -0.8 1.5 0
v -0.7 0.9 -1
v -0.7 0.9 -1.1
v -0.7 1 -1
v -0.7 1 -1.1
v -0.7 1.1 -1
v -0.7 1.1 -1.1
v -0.7 1.2 -1.1
v -0.7 1.3 -0.9
v -0.7 1.3 -1
v -0.7 1.3 -1.1
v -0.7 1.4 0
v -0.7 1.4 -0.1
v -0.7 1.4 -0.9
v -0.7 1.4 -1
v -0.7 1.5 0
v -0.7 1.5 -0.1
v -0.6 0.7 -0.3
v -0.6 0.7 -0.4
v -0.6 0.8 -0.3
v -0.6 0.8 -0.4
v -0.6 0.8 -1
v -0.6 0.8 -1.1
v -0.6 0.9 -1
v -0.6 0.9 -1.1
v -0.6 1.2 -0.9
v -0.6 1.2 -1
v -0.6 1.3 -0.9
v -0.6 1.3 -1
v -0.6 1.4 -0.8
v -0.6 1.4 -0.9
v -0.6 1.5 -0.7
v -0.6 1.5 -0.8
v -0.6 1.5 -0.9
v -0.6 1.6 -0.7
v -0.6 1.6 -0.8
v -0.5 0.7 -0.4
v -0.5 0.7 -0.5
v -0.5 0.7 -0.9
v -0.5 0.7 -1.1
v -0.5 0.8 -0.2
v -0.5 0.8 -0.4
v -0.5 0.8 -0.5
v -0.5 0.8 -0.9
v -0.5 0.8 -1
v -0.5 0.8 -1.1
v -0.5 0.9 -0.2
v -0.5 0.9 -0.4
v -0.5 1 0.4
v -0.5 1 0.3
v -0.5 1.1 0.4
v -0.5 1.1 0.3
v -0.5 1.1 0.2
v -0.5 1.2 0.3
v -0.5 1.2 0.2
v -0.5 1.3 -0.8
v -0.5 1.3 -0.9
v -0.5 1.4 -0.7
v -0.5 1.4 -0.8
v -0.5 1.4 -0.9
v -0.5 1.5 -0.6
v -0.5 1.5 -0.7
v -0.5 1.5 -0.8
v -0.5 1.6 -0.6
v -0.5 1.6 -0.7
v -0.4 0.7 -0.5
v -0.4 0.7 -0.6
v -0.4 0.7 -0.8
v -0.4 0.7 -0.9
v -0.4 0.8 0.4
v -0.4 0.8 0.3
v -0.4 0.8 -0.4
v -0.4 0.8 -0.5
v -0.4 0.8 -0.6
v -0.4 0.8 -0.8
v -0.4 0.8 -0.9
v -0.4 0.8 -1
v -0.4 0.9 0.4
v -0.4 0.9 0.3
v -0.4 0.9 -0.3
v -0.4 0.9 -0.4
v -0.4 0.9 -0.5
v -0.4 0.9 -0.9
v -0.4 0.9 -1
v -0.4 1 -0.3
v -0.4 1 -0.4
v -0.3 0.7 0.4
v -0.3 0.7 0.3
v -0.3 0.7 -0.6
v -0.3 0.7 -0.8
v -0.3 0.8 0.4
v -0.3 0.8 0.3
v -0.3 0.8 -0.6
v -0.3 0.8 -0.8
v -0.3 1.5 0
v -0.3 1.5 -0.1
v -0.3 1.6 0
v -0.3 1.6 -0.1
v -0.3 1.6 -0.2
v -0.3 1.7 -0.1
v -0.3 1.7 -0.2
v -0.2 0.6 -1
v -0.2 0.6 -1.1
v -0.2 0.7 -1
v -0.2 0.7 -1.1
v -0.2 0.8 0.6
v -0.2 0.8 0.4
v -0.2 0.9 0.5
v -0.2 0.9 0.4
v -0.2 1 0.6
v -0.2 1 0.5
v -0.2 1.3 0.2
v -0.2 1.3 0.1
v -0.2 1.4 0.2
v -0.2 1.4 0.1
v -0.2 1.4 0
v -0.2 1.4 -0.7
v -0.2 1.4 -0.8
v -0.2 1.5 0.1
v -0.2 1.5 0
v -0.2 1.5 -0.6
v -0.2 1.5 -0.7
v -0.2 1.5 -0.8
v -0.2 1.6 -0.2
v -0.2 1.6 -0.3
v -0.2 1.6 -0.5
v -0.2 1.6 -0.6
v -0.2 1.6 -0.7
v -0.2 1.7 -0.2
v -0.2 1.7 -0.3
v -0.2 1.7 -0.5
v -0.2 1.7 -0.6
v -0.1 0.9 -0.9
v -0.1 0.9 -1
v -0.1 1 0.6
v -0.1 1 0.5
v -0.1 1 0.4
v -0.1 1 -0.9
v -0.1 1 -1
v -0.1 1.1 0.6
v -0.1 1.1 0.5
v -0.1 1.1 0.4
v -0.1 1.2 0.6
v -0.1 1.2 0.5
v -0.1 1.2 0.4
v -0.1 1.2 -0.9
v -0.1 1.2 -1
v -0.1 1.3 -0.8
v -0.1 1.3 -0.9
v -0.1 1.3 -1
v -0.1 1.4 -0.5
v -0.1 1.4 -0.7
v -0.1 1.4 -0.8
v -0.1 1.4 -0.9
v -0.1 1.5 -0.1
v -0.1 1.5 -0.2
v -0.1 1.5 -0.5
v -0.1 1.5 -0.6
v -0.1 1.5 -0.7
v -0.1 1.6 -0.1
v -0.1 1.6 -0.2
v -0.1 1.6 -0.3
v -0.1 1.6 -0.4
v -0.1 1.6 -0.5
v -0.1 1.7 -0.3
v -0.1 1.7 -0.4
v -0.1 1.7 -0.5
v -1.19209e-07 1 -0.9
v -1.19209e-07 1 -1
v -1.19209e-07 1.2 -0.8
v -1.19209e-07 1.2 -0.9
v -1.19209e-07 1.2 -1
v -1.19209e-07 1.3 -0.6
v -1.19209e-07 1.3 -0.7
v -1.19209e-07 1.3 -0.8
v -1.19209e-07 1.3 -0.9
v -1.19209e-07 1.4 -0.6
v -1.19209e-07 1.4 -0.8
v -1.19209e-07 1.5 -0.2
v -1.19209e-07 1.5 -0.3
v -1.19209e-07 1.5 -0.4
v -1.19209e-07 1.5 -0.6
v -1.19209e-07 1.6 -0.2
v -1.19209e-07 1.6 -0.3
v -1.19209e-07 1.6 -0.4
v -1.19209e-07 1.6 -0.6
v 0.0999999 0.8 -1
v 0.0999999 0.8 -1.1
v 0.0999999 0.9 0.5
v 0.0999999 0.9 0.4
v 0.0999999 0.9 -1
v 0.0999999 0.9 -1.1
v 0.0999999 1 0.5
v 0.0999999 1 0.4
v 0.0999999 1.4 -0.1
v 0.0999999 1.4 -0.2
v 0.0999999 1.4 -0.4
v 0.0999999 1.4 -0.5
v 0.0999999 1.4 -0.6
v 0.0999999 1.5 -0.1
v 0.0999999 1.5 -0.3
v 0.0999999 1.5 -0.4
v 0.0999999 1.5 -0.5
v 0.0999999 1.5 -0.6
v 0.0999999 1.6 -0.3
v 0.0999999 1.6 -0.4
v 0.2 0.6 -1
v 0.2 0.6 -1.1
v 0.2 0.8 -1
v 0.2 0.8 -1.1
v 0.2 1.2 -0.7
v 0.2 1.2 -0.8
v 0.2 1.3 0.4
v 0.2 1.3 0.3
v 0.2 1.3 -0.2
v 0.2 1.3 -0.3
v 0.2 1.3 -0.4
v 0.2 1.3 -0.6
v 0.2 1.3 -0.7
v 0.2 1.3 -0.8
v 0.2 1.4 0.4
v 0.2 1.4 0.3
v 0.2 1.4 -0.2
v 0.2 1.4 -0.3
v 0.2 1.4 -0.4
v 0.2 1.4 -0.5
v 0.2 1.4 -0.6
v 0.2 1.5 -0.4
v 0.2 1.5 -0.5
v 0.3 0.7 0
v 0.3 0.7 -0.1
v 0.3 0.8 0
v 0.3 0.8 -0.1
v 0.3 1.2 -0.5
v 0.3 1.2 -0.7
v 0.3 1.3 0.3
v 0.3 1.3 0.2
v 0.3 1.3 -0.3
v 0.3 1.3 -0.4
v 0.3 1.3 -0.5
v 0.3 1.3 -0.7
v 0.3 1.4 0.3
v 0.3 1.4 0.2
v 0.3 1.4 0
v 0.3 1.4 -0.1
v 0.3 1.4 -0.3
v 0.3 1.4 -0.4
v 0.3 1.5 0
v 0.3 1.5 -0.1
v 0.4 0.8 0.6
v 0.4 0.8 0.4
v 0.4 0.9 0.6
v 0.4 0.9 0.4
v 0.4 1.1 0.4
v 0.4 1.1 0.3
v 0.4 1.3 0.4
v 0.4 1.3 0.3
v 0.4 1.3 -0.1
v 0.4 1.3 -0.2
v 0.4 1.4 0.2
v 0.4 1.4 0
v 0.4 1.4 -0.1
v 0.4 1.4 -0.2
v 0.4 1.5 0.2
v 0.4 1.5 0
v 0.5 0.7 -1
v 0.5 0.7 -1.1
v 0.5 0.8 -1
v 0.5 0.8 -1.1
v 0.5 1 -1
v 0.5 1 -1.1
v 0.5 1.1 0.1
v 0.5 1.1 0
v 0.5 1.1 -0.1
v 0.5 1.1 -0.5
v 0.5 1.1 -0.7
v 0.5 1.1 -0.9
v 0.5 1.1 -1
v 0.5 1.1 -1.1
v 0.5 1.2 0.3
v 0.5 1.2 0.2
v 0.5 1.2 0.1
v 0.5 1.2 0
v 0.5 1.2 -0.1
v 0.5 1.2 -0.2
v 0.5 1.2 -0.4
v 0.5 1.2 -0.5
v 0.5 1.2 -0.7
v 0.5 1.2 -0.9
v 0.5 1.2 -1
v 0.5 1.3 0.3
v 0.5 1.3 0.2
v 0.5 1.3 0
v 0.5 1.3 -0.1
v 0.5 1.3 -0.2
v 0.5 1.3 -0.4
v 0.5 1.3 -0.5
v 0.5 1.4 0.2
v 0.5 1.4 -0.1
v 0.6 0.8 0.4
v 0.6 0.8 0.3
v 0.6 0.8 -1
v 0.6 0.8 -1.1
v 0.6 0.9 0.4
v 0.6 0.9 0.3
v 0.6 1 0
v 0.6 1 -0.1
v 0.6 1 -0.5
v 0.6 1 -0.7
v 0.6 1 -0.9
v 0.6 1 -1
v 0.6 1 -1.1
v 0.6 1.1 0.3
v 0.6 1.1 0.2
v 0.6 1.1 0.1
v 0.6 1.1 0
v 0.6 1.1 -0.1
v 0.6 1.1 -0.2
v 0.6 1.1 -0.4
v 0.6 1.1 -0.5
v 0.6 1.1 -0.7
v 0.6 1.1 -0.8
v 0.6 1.1 -0.9
v 0.6 1.1 -1
v 0.6 1.2 0.3
v 0.6 1.2 0.1
v 0.6 1.2 -0.1
v 0.6 1.2 -0.2
v 0.6 1.2 -0.3
v 0.6 1.2 -0.4
v 0.6 1.2 -0.5
v 0.6 1.2 -0.7
v 0.6 1.2 -0.8
v 0.6 1.2 -0.9
v 0.6 1.3 -0.2
v 0.6 1.3 -0.4
v 0.7 0.5 0.6
v 0.7 0.5 0.5
v 0.7 0.6 -1
v 0.7 0.6 -1.1
v 0.7 0.7 -1
v 0.7 0.7 -1.1
v 0.7 0.8 0.6
v 0.7 0.8 0.5
v 0.7 0.8 0.3
v 0.7 0.8 0.2
v 0.7 0.8 -0.9
v 0.7 0.8 -1
v 0.7 0.9 0.4
v 0.7 0.9 0.3
v 0.7 0.9 0.2
v 0.7 0.9 0.1
v 0.7 0.9 -0.1
v 0.7 0.9 -0.3
v 0.7 0.9 -0.6
v 0.7 0.9 -0.8
v 0.7 0.9 -0.9
v 0.7 1 0.3
v 0.7 1 0.2
v 0.7 1 0.1
v 0.7 1 0
v 0.7 1 -0.1
v 0.7 1 -0.5
v 0.7 1 -0.6
v 0.7 1 -0.7
v 0.7 1 -0.8
v 0.7 1 -0.9
v 0.7 1 -1
v 0.7 1.1 0.4
v 0.7 1.1 0.3
v 0.7 1.1 0.2
v 0.7 1.1 0
v 0.7 1.1 -0.1
v 0.7 1.1 -0.2
v 0.7 1.1 -0.3
v 0.7 1.1 -0.4
v 0.7 1.1 -0.5
v 0.7 1.1 -0.7
v 0.7 1.1 -0.9
v 0.7 1.2 -0.2
v 0.7 1.2 -0.3
v 0.7 1.2 -0.4
v 0.8 0 0.7
v 0.8 0 0.6
v 0.8 0 -1.1
v 0.8 0 -1.2
v 0.8 0.1 0.7
v 0.8 0.1 0.6
v 0.8 0.1 -1.1
v 0.8 0.1 -1.2
v 0.8 0.5 0.5
v 0.8 0.5 0.4
v 0.8 0.6 0.4
v 0.8 0.6 0.3
v 0.8 0.6 -0.4
v 0.8 0.6 -0.5
v 0.8 0.6 -0.9
v 0.8 0.6 -1
v 0.8 0.7 0.3
v 0.8 0.7 0.2
v 0.8 0.7 -0.1
v 0.8 0.7 -0.2
v 0.8 0.8 0.5
v 0.8 0.8 0.2
v 0.8 0.8 0
v 0.8 0.8 -0.1
v 0.8 0.8 -0.5
v 0.8 0.8 -0.6
v 0.8 0.8 -0.8
v 0.8 0.8 -0.9
v 0.8 0.8 -1
v 0.8 0.9 0.1
v 0.8 0.9 0
v 0.8 0.9 -0.1
v 0.8 0.9 -0.2
v 0.8 0.9 -0.4
v 0.8 0.9 -0.6
v 0.8 0.9 -0.8
v 0.8 0.9 -0.9
v 0.8 1 0.1
v 0.8 1 -0.1
v 0.8 1 -0.6
v 0.8 1 -0.8
v 0.9 0 0.6
v 0.9 0 -1.1
v 0.9 0.1 0.7
v 0.9 0.1 0.6
v 0.9 0.1 -1.1
v 0.9 0.1 -1.2
v 0.9 0.2 0.7
v 0.9 0.2 0.6
v 0.9 0.2 -1.1
v 0.9 0.2 -1.2
v 0.9 1.3 0.7
v 0.9 1.3 0.6
v 0.9 1.3 -1.1
v 0.9 1.3 -1.2
v 1 0.1 0.6
v 1 0.1 -1.1
v 1 0.2 0.6
v 1 0.2 0.5
v 1 0.2 -1
v 1 0.2 -1.1
v 1 0.4 0.3
v 1 0.4 -0.8
v 1 0.5 0.4
v 1 0.5 0.3
v 1 0.5 0.1
v 1 0.5 0
v 1 0.5 -0.6
v 1 0.5 -0.7
v 1 0.5 -0.8
v 1 0.5 -0.9
v 1 0.6 0.1
v 1 0.6 0
v 1 0.6 -0.4
v 1 0.6 -0.5
v 1 0.6 -0.6
v 1 0.6 -0.7
v 1 0.7 0.1
v 1 0.7 0
v 1 0.7 -0.2
v 1 0.7 -0.3
v 1 0.7 -0.4
v 1 0.7 -0.5
v 1 0.8 0.1
v 1 0.8 0
v 1 0.8 -0.2
v 1 0.8 -0.3
v 1 0.8 -0.5
v 1 0.8 -0.6
v 1 0.9 0.4
v 1 0.9 0.3
v 1 0.9 -0.5
v 1 0.9 -0.6
v 1 0.9 -0.8
v 1 0.9 -0.9
v 1 1 0.3
v 1 1 -0.8
v 1 1.1 0.5
v 1 1.1 0.4
v 1 1.1 -0.9
v 1 1.1 -1
v 1 1.2 0.4
v 1 1.2 -0.9
v 1 1.3 0.6
v 1 1.3 -1.1
v -1.7 0.1 0.7
v -1.7 0.2 0.7
v -1.7 1.3 0.7
v -1.6 0 0.7
v -1.6 0.1 0.7
v -1.6 0.2 0.7
v -1.6 1.1 0.7
v -1.5 1.1 0.7
v -1.5 1.2 0.7
v -1.4 0.5 0.7
v -1.4 0.9 0.7
v -1.3 0 0.7
v -1.3 0.1 0.7
v -1.3 0.4 0.7
v -1.3 0.5 0.7
v -1.3 0.9 0.7
v -1.3 1 0.7
v -1.1 0.5 0.7
v -1.1 0.6 0.7
v -1 0.5 0.7
v -1 0.6 0.7
v -0.9 0.8 0.7
v -0.9 0.9 0.7
v -0.8 0.6 0.7
v -0.8 0.7 0.7
v -0.8 0.8 0.7
v -0.8 0.9 0.7
v -0.7 0.6 0.7
v -0.7 0.7 0.7
v -0.6 0.4 0.7
v -0.6 0.5 0.7
v -0.6 0.9 0.7
v -0.6 1 0.7
v -0.5 0.5 0.7
v -0.5 0.9 0.7
v -0.3 0.5 0.7
v -0.3 0.9 0.7
v -0.2 0.4 0.7
v -0.2 0.5 0.7
v -0.2 0.7 0.7
v -0.2 0.8 0.7
v -0.2 0.9 0.7
v -0.2 1 0.7
v -0.1 0.7 0.7
v -0.1 0.8 0.7
v -1.19209e-07 0.5 0.7
v -1.19209e-07 0.6 0.7
v 0.0999999 0.5 0.7
v 0.0999999 0.6 0.7
v 0.0999999 0.8 0.7
v 0.0999999 0.9 0.7
v 0.2 0.8 0.7
v 0.2 0.9 0.7
v 0.5 0 0.7
v 0.5 0.1 0.7
v 0.5 0.4 0.7
v 0.5 0.5 0.7
v 0.5 0.9 0.7
v 0.5 1 0.7
v 0.6 0.5 0.7
v 0.6 0.9 0.7
v 0.7 1.1 0.7
v 0.7 1.2 0.7
v 0.8 0 0.7
v 0.8 0.1 0.7
v 0.8 0.2 0.7
v 0.8 1.1 0.7
v 0.9 0.1 0.7
v 0.9 0.2 0.7
v 0.9 1.3 0.7
v -1.8 0.1 0.6
v -1.8 0.2 0.6
v -1.8 1.3 0.6
v -1.7 0 0.6
v -1.7 0.1 0.6
v -1.7 0.2 0.6
v -1.7 1.3 0.6
v -1.6 0 0.6
v -1.6 0.1 0.6
v -1.3 0 0.6
v -1.3 0.1 0.6
v 0.5 0 0.6
v 0.5 0.1 0.6
v 0.8 0 0.6
v 0.8 0.1 0.6
v 0.9 0 0.6
v 0.9 0.1 0.6
v 0.9 0.2 0.6
v 0.9 1.3 0.6
v 1 0.1 0.6
v 1 0.2 0.6
v 1 1.3 0.6
v -1.6 0.5 0.5
v -1.6 0.6 0.5
v -1.5 0.5 0.5
v -1.5 0.6 0.5
v -1.5 0.8 0.5
v -1.4 0.8 0.5
v -1.4 0.9 0.5
v -1.2 0.9 0.5
v -1.2 1.1 0.5
v -1 0.7 0.5
v -1 0.8 0.5
v -1 1.1 0.5
v -0.9 0.7 0.5
v -0.9 0.8 0.5
v -0.8 0.6 0.5
v -0.8 0.7 0.5
v -0.2 0.9 0.5
v -0.2 1 0.5
v -0.1 0.8 0.5
v -0.1 0.9 0.5
v -0.1 1 0.5
v -1.19209e-07 0.8 0.5
v -1.19209e-07 0.9 0.5
v 0.0999999 0.9 0.5
v 0.0999999 1 0.5
v 0.7 0.5 0.5
v 0.7 0.8 0.5
v 0.8 0.5 0.5
v 0.8 0.8 0.5
v -1.7 0.5 0.4
v -1.7 0.6 0.4
v -1.6 0.5 0.4
v -1.6 0.6 0.4
v -1.6 0.8 0.4
v -1.5 0.6 0.4
v -1.5 0.8 0.4
v -1.5 0.9 0.4
v -1.4 0.8 0.4
v -1.4 0.9 0.4
v -1.4 1 0.4
v -1.2 0.9 0.4
v -1.2 1 0.4
v -1 0.8 0.4
v -1 0.9 0.4
v -1 1 0.4
v -1 1.1 0.4
v -0.9 0.7 0.4
v -0.9 0.8 0.4
v -0.9 0.9 0.4
v -0.9 1 0.4
v -0.9 1.1 0.4
v -0.9 1.2 0.4
v -0.8 0.6 0.4
v -0.8 0.7 0.4
v -0.8 1.1 0.4
v -0.8 1.2 0.4
v -0.7 0.6 0.4
v -0.7 0.7 0.4
v -0.7 0.9 0.4
v -0.5 1 0.4
v -0.5 1.1 0.4
v -0.4 0.7 0.4
v -0.4 0.8 0.4
v -0.4 0.9 0.4
v -0.4 1 0.4
v -0.4 1.1 0.4
v -0.3 0.7 0.4
v -0.3 0.8 0.4
v -0.3 1 0.4
v -0.3 1.1 0.4
v -0.2 0.8 0.4
v -0.2 0.9 0.4
v -0.1 0.8 0.4
v -0.1 0.9 0.4
v -0.1 1 0.4
v -0.1 1.1 0.4
v -0.1 1.2 0.4
v -1.19209e-07 1.2 0.4
v -1.19209e-07 1.3 0.4
v -1.19209e-07 1.4 0.4
v 0.0999999 0.9 0.4
v 0.0999999 1 0.4
v 0.0999999 1.1 0.4
v 0.0999999 1.3 0.4
v 0.2 1.3 0.4
v 0.2 1.4 0.4
v 0.3 1.1 0.4
v 0.3 1.3 0.4
v 0.4 0.8 0.4
v 0.4 0.9 0.4
v 0.4 1 0.4
v 0.4 1.1 0.4
v 0.4 1.3 0.4
v 0.6 0.8 0.4
v 0.6 0.9 0.4
v 0.6 1 0.4
v 0.7 0.9 0.4
v 0.7 1.1 0.4
v 0.8 0.5 0.4
v 0.8 0.6 0.4
v 0.9 0.5 0.4
v 0.9 0.6 0.4
v -1.6 0.8 0.3
v -1.6 0.9 0.3
v -1.5 0.8 0.3
v -1.5 0.9 0.3
v -1.5 1 0.3
v -1.4 0.9 0.3
v -1.4 1 0.3
v -1 0.9 0.3
v -1 1 0.3
v -1 1.1 0.3
v -1 1.2 0.3
v -0.9 0.9 0.3
v -0.9 1 0.3
v -0.9 1.1 0.3
v -0.9 1.2 0.3
v -0.9 1.3 0.3
v -0.8 1.1 0.3
v -0.8 1.2 0.3
v -0.8 1.3 0.3
v -0.6 1.1 0.3
v -0.6 1.2 0.3
v -0.5 1 0.3
v -0.5 1.1 0.3
v -0.5 1.2 0.3
v -0.4 0.8 0.3
v -0.4 0.9 0.3
v -0.4 1 0.3
v -0.4 1.1 0.3
v -0.3 0.7 0.3
v -0.3 0.8 0.3
v -0.3 0.9 0.3
v -0.1 0.8 0.3
v -0.1 1.2 0.3
v -0.1 1.4 0.3
v -1.19209e-07 1.2 0.3
v -1.19209e-07 1.3 0.3
v -1.19209e-07 1.4 0.3
v 0.0999999 0.8 0.3
v 0.2 1.3 0.3
v 0.2 1.4 0.3
v 0.3 1.3 0.3
v 0.3 1.4 0.3
v 0.4 1.1 0.3
v 0.4 1.3 0.3
v 0.5 1.2 0.3
v 0.5 1.3 0.3
v 0.6 0.7 0.3
v 0.6 0.8 0.3
v 0.6 0.9 0.3
v 0.6 1.1 0.3
v 0.6 1.2 0.3
v 0.7 0.8 0.3
v 0.7 0.9 0.3
v 0.8 0.6 0.3
v 0.8 0.7 0.3
v 0.9 0.6 0.3
v 0.9 0.7 0.3
v -1.1 1.1 0.2
v -1.1 1.2 0.2
v -1 1.1 0.2
v -1 1.2 0.2
v -1 1.3 0.2
v -0.9 1.2 0.2
v -0.9 1.3 0.2
v -0.8 1.2 0.2
v -0.8 1.3 0.2
v -0.7 1.2 0.2
v -0.7 1.3 0.2
v -0.6 1.2 0.2
v -0.6 1.3 0.2
v -0.5 1.1 0.2
v -0.5 1.2 0.2
v -0.4 1.3 0.2
v -0.4 1.4 0.2
v -0.3 1.1 0.2
v -0.3 1.2 0.2
v -0.3 1.3 0.2
v -0.3 1.4 0.2
v -0.2 1.3 0.2
v -0.2 1.4 0.2
v -0.1 1.2 0.2
v -0.1 1.3 0.2
v 0.0999999 1.4 0.2
v 0.0999999 1.5 0.2
v 0.2 1.4 0.2
v 0.2 1.5 0.2
v 0.3 1.3 0.2
v 0.3 1.4 0.2
v 0.3 1.5 0.2
v 0.4 1.3 0.2
v 0.4 1.4 0.2
v 0.4 1.5 0.2
v 0.5 1.3 0.2
v 0.5 1.4 0.2
v 0.7 0.8 0.2
v 0.7 0.9 0.2
v 0.8 0.7 0.2
v 0.8 0.8 0.2
v 0.9 0.7 0.2
v 0.9 0.9 0.2
v -1.3 1 0.1
v -1.3 1.1 0.1
v -1.2 1 0.1
v -1.2 1.1 0.1
v -1.2 1.2 0.1
v -1.1 1.1 0.1
v -1.1 1.2 0.1
v -1.1 1.3 0.1
v -1 1.2 0.1
v -1 1.3 0.1
v -1 1.4 0.1
v -0.9 1.4 0.1
v -0.9 1.5 0.1
v -0.8 1.4 0.1
v -0.8 1.5 0.1
v -0.7 1.3 0.1
v -0.7 1.4 0.1
v -0.6 1.3 0.1
v -0.4 1.3 0.1
v -0.4 1.4 0.1
v -0.3 1.4 0.1
v -0.3 1.5 0.1
v -0.2 1.3 0.1
v -0.2 1.4 0.1
v -0.2 1.5 0.1
v -0.1 1.3 0.1
v -0.1 1.4 0.1
v -0.1 1.5 0.1
v 0.0999999 1.4 0.1
v 0.0999999 1.5 0.1
v 0.7 0.9 0.1
v 0.7 1 0.1
v 0.8 0.9 0.1
v 0.8 1 0.1
v -1.4 1 0
v -1.4 1.1 0
v -1.3 1 0
v -1.3 1.1 0
v -1.3 1.2 0
v -1.2 1.1 0
v -1.2 1.2 0
v -1.2 1.3 0
v -1.1 1.2 0
v -1.1 1.3 0
v -1.1 1.4 0
v -1 1.3 0
v -1 1.4 0
v -1 1.5 0
v -0.9 1.4 0
v -0.9 1.5 0
v -0.8 1.4 0
v -0.8 1.5 0
v -0.7 1.4 0
v -0.7 1.5 0
v -0.5 1.4 0
v -0.5 1.5 0
v -0.4 1.5 0
v -0.4 1.6 0
v -0.3 1.4 0
v -0.3 1.5 0
v -0.3 1.6 0
v -0.2 1.4 0
v -0.2 1.5 0
v -0.1 1.4 0
v -0.1 1.5 0
v -1.5 0.8 -0.1
v -1.5 0.9 -0.1
v -1.4 0.8 -0.1
v -1.4 0.9 -0.1
v -1.4 1.1 -0.1
v -1.4 1.2 -0.1
v -1.3 1.1 -0.1
v -1.3 1.2 -0.1
v -1.3 1.3 -0.1
v -1.2 1.2 -0.1
v -1.2 1.3 -0.1
v -0.7 1.4 -0.1
v -0.7 1.5 -0.1
v -0.6 1.5 -0.1
v -0.6 1.6 -0.1
v -0.5 1.4 -0.1
v -0.5 1.5 -0.1
v -0.5 1.6 -0.1
v -0.5 1.7 -0.1
v -0.4 1.5 -0.1
v -0.4 1.6 -0.1
v -0.3 1.5 -0.1
v -0.3 1.6 -0.1
v -0.3 1.7 -0.1
v -0.1 1.5 -0.1
v -0.1 1.6 -0.1
v 0.3 0.7 -0.1
v 0.3 0.8 -0.1
v 0.5 0.7 -0.1
v 0.5 0.8 -0.1
v 0.5 1.1 -0.1
v 0.5 1.2 -0.1
v 0.6 1 -0.1
v 0.6 1.1 -0.1
v 0.6 1.2 -0.1
v 0.7 1 -0.1
v 0.7 1.1 -0.1
v -1.5 0.9 -0.2
v -1.5 1 -0.2
v -1.4 0.9 -0.2
v -1.4 1 -0.2
v -1.1 1.3 -0.2
v -1.1 1.4 -0.2
v -1 1.3 -0.2
v -1 1.4 -0.2
v -1 1.5 -0.2
v -0.9 1.4 -0.2
v -0.9 1.5 -0.2
v -0.3 1.6 -0.2
v -0.3 1.7 -0.2
v -0.2 1.6 -0.2
v -0.2 1.7 -0.2
v -0.1 1.5 -0.2
v -0.1 1.6 -0.2
v -1.19209e-07 1.5 -0.2
v -1.19209e-07 1.6 -0.2
v 0.5 1.2 -0.2
v 0.5 1.3 -0.2
v 0.6 1.1 -0.2
v 0.6 1.2 -0.2
v 0.6 1.3 -0.2
v 0.7 1.1 -0.2
v 0.7 1.2 -0.2
v 0.8 0.7 -0.2
v 0.8 0.9 -0.2
v 0.9 0.7 -0.2
v 0.9 0.9 -0.2
v -1.6 0.8 -0.3
v -1.6 1 -0.3
v -1.5 0.8 -0.3
v -1.5 1 -0.3
v -1.5 1.1 -0.3
v -1.4 1 -0.3
v -1.4 1.1 -0.3
v -1.4 1.2 -0.3
v -1.4 1.3 -0.3
v -1.3 1.2 -0.3
v -1.3 1.3 -0.3
v -0.9 0.7 -0.3
v -0.9 0.8 -0.3
v -0.8 0.8 -0.3
v -0.8 0.9 -0.3
v -0.7 0.8 -0.3
v -0.7 0.9 -0.3
v -0.7 1.5 -0.3
v -0.7 1.6 -0.3
v -0.6 0.7 -0.3
v -0.6 0.8 -0.3
v -0.6 1.5 -0.3
v -0.6 1.6 -0.3
v -0.6 1.7 -0.3
v -0.5 1.6 -0.3
v -0.5 1.7 -0.3
v -0.2 1.6 -0.3
v -0.2 1.7 -0.3
v -0.1 1.6 -0.3
v -0.1 1.7 -0.3
v -1.19209e-07 1.5 -0.3
v -1.19209e-07 1.6 -0.3
v 0.0999999 1.5 -0.3
v 0.0999999 1.6 -0.3
v 0.2 1.3 -0.3
v 0.2 1.4 -0.3
v 0.3 1.3 -0.3
v 0.3 1.4 -0.3
v -1.6 0.7 -0.4
v -1.6 0.8 -0.4
v -1.6 1 -0.4
v -1.6 1.1 -0.4
v -1.5 0.7 -0.4
v -1.5 0.8 -0.4
v -1.5 1 -0.4
v -1.5 1.1 -0.4
v -1.5 1.2 -0.4
v -1.4 1.1 -0.4
v -1.4 1.2 -0.4
v -0.8 1.5 -0.4
v -0.8 1.6 -0.4
v -0.7 1.5 -0.4
v -0.7 1.6 -0.4
v -0.6 0.7 -0.4
v -0.6 0.8 -0.4
v -0.5 0.7 -0.4
v -0.5 0.8 -0.4
v -0.5 0.9 -0.4
v -0.4 0.8 -0.4
v -0.4 0.9 -0.4
v -0.4 1 -0.4
v -0.3 0.9 -0.4
v -0.3 1 -0.4
v 0.0999999 1.4 -0.4
v 0.0999999 1.5 -0.4
v 0.2 1.4 -0.4
v 0.2 1.5 -0.4
v -1.7 0.6 -0.5
v -1.7 0.8 -0.5
v -1.6 0.6 -0.5
v -1.6 0.8 -0.5
v -1.2 1.2 -0.5
v -1.2 1.3 -0.5
v -1.2 1.4 -0.5
v -1.1 1.2 -0.5
v -1.1 1.4 -0.5
v -1 1.4 -0.5
v -1 1.5 -0.5
v -0.9 1.4 -0.5
v -0.9 1.5 -0.5
v -0.9 1.6 -0.5
v -0.8 1.5 -0.5
v -0.8 1.6 -0.5
v -0.5 0.7 -0.5
v -0.5 0.8 -0.5
v -0.4 0.7 -0.5
v -0.4 0.8 -0.5
v -0.4 0.9 -0.5
v -0.3 0.8 -0.5
v -0.3 0.9 -0.5
v 0.8 0.6 -0.5
v 0.8 0.8 -0.5
v 0.9 0.6 -0.5
v 0.9 0.7 -0.5
v 0.9 0.8 -0.5
v -1.7 0.8 -0.6
v -1.7 0.9 -0.6
v -1.6 0.8 -0.6
v -1.6 0.9 -0.6
v -1.3 1.3 -0.6
v -1.3 1.4 -0.6
v -1.2 1.3 -0.6
v -1.2 1.4 -0.6
v -0.4 0.7 -0.6
v -0.4 0.8 -0.6
v -0.3 0.7 -0.6
v -0.3 0.8 -0.6
v 0.7 0.9 -0.6
v 0.7 1 -0.6
v 0.8 0.8 -0.6
v 0.8 0.9 -0.6
v 0.8 1 -0.6
v 0.9 0.8 -0.6
v 0.9 0.9 -0.6
v 0.5 1.1 -0.7
v 0.5 1.2 -0.7
v 0.6 1 -0.7
v 0.6 1.1 -0.7
v 0.6 1.2 -0.7
v 0.7 1 -0.7
v 0.7 1.1 -0.7
v -0.3 0.7 -0.8
v -0.3 0.8 -0.8
v -1.19209e-07 0.7 -0.8
v -1.19209e-07 0.8 -0.8
v -1.2 0.8 -0.9
v -1.2 0.9 -0.9
v -1.1 0.8 -0.9
v -1.1 0.9 -0.9
v -1.7 0.6 -1
v -1.7 1.1 -1
v -1.7 1.3 -1
v -1.6 0.6 -1
v -1.6 0.8 -1
v -1.6 1.3 -1
v 0.8 0.6 -1
v 0.8 0.8 -1
v 0.8 1.3 -1
v 0.9 0.6 -1
v 0.9 1.1 -1
v 0.9 1.3 -1
v -1.6 0.6 -1.1
v -1.6 1.1 -1.1
v -1.6 1.3 -1.1
v -1.5 0.6 -1.1
v -1.5 0.7 -1.1
v -1.5 1.1 -1.1
v -1.5 1.2 -1.1
v -1.4 0.7 -1.1
v -1.4 0.9 -1.1
v -1.3 0.7 -1.1
v -1.3 0.8 -1.1
v -1.3 0.9 -1.1
v -1.3 1 -1.1
v -1.2 0.8 -1.1
v -1.2 0.9 -1.1
v -1.2 1 -1.1
v -1 0.9 -1.1
v -1 1 -1.1
v -1 1.1 -1.1
v -0.9 1.1 -1.1
v -0.9 1.2 -1.1
v -0.9 1.3 -1.1
v -0.8 1 -1.1
v -0.8 1.1 -1.1
v -0.7 0.9 -1.1
v -0.7 1 -1.1
v -0.7 1.1 -1.1
v -0.7 1.2 -1.1
v -0.7 1.3 -1.1
v -0.6 0.8 -1.1
v -0.6 0.9 -1.1
v -0.5 0.7 -1.1
v -0.5 0.8 -1.1
v -0.3 0.7 -1.1
v -0.3 0.9 -1.1
v -0.2 0.6 -1.1
v -0.2 0.7 -1.1
v -0.2 0.9 -1.1
v -0.2 1 -1.1
v -0.1 0.7 -1.1
v -0.1 0.9 -1.1
v -1.19209e-07 0.6 -1.1
v -1.19209e-07 0.7 -1.1
v 0.0999999 0.8 -1.1
v 0.0999999 0.9 -1.1
v 0.2 0.6 -1.1
v 0.2 0.8 -1.1
v 0.2 1 -1.1
v 0.3 0.7 -1.1
v 0.3 0.8 -1.1
v 0.3 1 -1.1
v 0.3 1.1 -1.1
v 0.4 0.6 -1.1
v 0.4 0.7 -1.1
v 0.5 0.7 -1.1
v 0.5 0.8 -1.1
v 0.5 1 -1.1
v 0.5 1.1 -1.1
v 0.6 0.7 -1.1
v 0.6 0.8 -1.1
v 0.6 1 -1.1
v 0.7 0.6 -1.1
v 0.7 0.7 -1.1
v 0.7 1.1 -1.1
v 0.7 1.2 -1.1
v 0.8 0.6 -1.1
v 0.8 1.1 -1.1
v 0.8 1.3 -1.1
v -1.6 0.5 0.6
v -1.6 1.1 0.6
v -1.6 1.3 0.6
v -1.5 0.5 0.6
v -1.5 0.6 0.6
v -1.5 1.1 0.6
v -1.5 1.2 0.6
v -1.4 0.6 0.6
v -1.4 0.9 0.6
v -1.3 0.9 0.6
v -1.3 1 0.6
v -0.9 0.8 0.6
v -0.9 0.9 0.6
v -0.8 0.6 0.6
v -0.8 0.7 0.6
v -0.8 0.8 0.6
v -0.8 0.9 0.6
v -0.6 0.9 0.6
v -0.6 1 0.6
v -0.5 0.7 0.6
v -0.5 0.9 0.6
v -0.4 0.8 0.6
v -0.4 1 0.6
v -0.3 0.7 0.6
v -0.3 0.8 0.6
v -0.3 1 0.6
v -0.3 1.2 0.6
v -0.2 0.8 0.6
v -0.2 1 0.6
v -0.2 1.2 0.6
v -0.1 1 0.6
v -0.1 1.1 0.6
v -0.1 1.2 0.6
v -1.19209e-07 0.8 0.6
v -1.19209e-07 0.9 0.6
v 0.4 0.8 0.6
v 0.4 0.9 0.6
v 0.5 0.8 0.6
v 0.5 0.9 0.6
v 0.5 1 0.6
v 0.6 0.8 0.6
v 0.6 0.9 0.6
v 0.7 0.5 0.6
v 0.7 0.8 0.6
v 0.7 1.1 0.6
v 0.7 1.2 0.6
v 0.8 0.5 0.6
v 0.8 1.1 0.6
v 0.8 1.3 0.6
v -1.7 0.5 0.5
v -1.7 1.1 0.5
v -1.7 1.3 0.5
v -1.6 0.5 0.5
v -1.6 0.6 0.5
v -1.6 1.3 0.5
v -0.8 0.6 0.5
v -0.8 0.7 0.5
v -0.7 0.6 0.5
v -0.7 0.7 0.5
v 0.8 0.5 0.5
v 0.8 0.8 0.5
v 0.8 1.3 0.5
v 0.9 0.5 0.5
v 0.9 1.1 0.5
v 0.9 1.3 0.5
v -0.4 0.8 0.4
v -0.4 0.9 0.4
v -0.3 0.7 0.4
v -0.3 0.8 0.4
v -0.3 0.9 0.4
v -0.1 0.8 0.4
v 0.0999999 0.8 0.4
v 0.6 0.7 0.4
v 0.6 0.8 0.4
v -1.6 0.8 0.1
v -1.6 0.9 0.1
v -1.5 0.8 0.1
v -1.5 0.9 0.1
v -1.5 1 0.1
v -1.4 0.9 0.1
v -1.4 1 0.1
v 0.5 1.1 0.1
v 0.5 1.2 0.1
v 0.6 1.1 0.1
v 0.6 1.2 0.1
v -1.6 0.7 0
v -1.6 0.8 0
v -1.5 0.7 0
v -1.5 0.8 0
v -1.5 0.9 0
v -1.4 0.8 0
v -1.4 0.9 0
v 0.3 0.7 0
v 0.3 0.8 0
v 0.3 1.4 0
v 0.3 1.5 0
v 0.4 1.4 0
v 0.4 1.5 0
v 0.5 0.7 0
v 0.5 0.8 0
v 0.6 1 0
v 0.6 1.1 0
v 0.7 1 0
v 0.7 1.1 0
v 0.8 0.8 0
v 0.8 0.9 0
v 0.9 0.8 0
v 0.9 0.9 0
v -1.1 1.3 -0.1
v -1.1 1.4 -0.1
v -1 1.3 -0.1
v -1 1.4 -0.1
v -1 1.5 -0.1
v -0.9 1.4 -0.1
v -0.9 1.5 -0.1
v 0.0999999 1.4 -0.1
v 0.0999999 1.5 -0.1
v 0.2 1.4 -0.1
v 0.2 1.5 -0.1
v 0.3 1.4 -0.1
v 0.3 1.5 -0.1
v 0.4 1.3 -0.1
v 0.4 1.4 -0.1
v 0.5 1.3 -0.1
v 0.5 1.4 -0.1
v 0.7 0.9 -0.1
v 0.7 1 -0.1
v 0.8 0.7 -0.1
v 0.8 0.8 -0.1
v 0.8 0.9 -0.1
v 0.8 1 -0.1
v 0.9 0.7 -0.1
v 0.9 0.8 -0.1
v -0.9 0.7 -0.2
v -0.9 0.8 -0.2
v -0.8 0.8 -0.2
v -0.8 0.9 -0.2
v -0.7 0.8 -0.2
v -0.7 0.9 -0.2
v -0.5 0.8 -0.2
v -0.5 0.9 -0.2
v -0.4 0.7 -0.2
v -0.4 0.9 -0.2
v 0.2 1.3 -0.2
v 0.2 1.4 -0.2
v 0.3 1.3 -0.2
v 0.3 1.4 -0.2
v 0.4 1.3 -0.2
v 0.4 1.4 -0.2
v -0.4 0.9 -0.3
v -0.4 1 -0.3
v -0.3 0.9 -0.3
v -0.3 1 -0.3
v -1.2 1.2 -0.4
v -1.2 1.3 -0.4
v -1.1 1.2 -0.4
v -1.1 1.3 -0.4
v -1 1.4 -0.4
v -1 1.5 -0.4
v -0.9 1.4 -0.4
v -0.9 1.5 -0.4
v -0.4 0.8 -0.4
v -0.4 0.9 -0.4
v -0.3 0.8 -0.4
v -0.3 0.9 -0.4
v -1.19209e-07 1.5 -0.4
v -1.19209e-07 1.6 -0.4
v 0.0999999 1.5 -0.4
v 0.0999999 1.6 -0.4
v 0.2 1.3 -0.4
v 0.2 1.4 -0.4
v 0.3 1.3 -0.4
v 0.3 1.4 -0.4
v 0.5 1.2 -0.4
v 0.5 1.3 -0.4
v 0.6 1.1 -0.4
v 0.6 1.2 -0.4
v 0.6 1.3 -0.4
v 0.7 1.1 -0.4
v 0.7 1.2 -0.4
v 0.8 0.6 -0.4
v 0.8 0.9 -0.4
v 0.9 0.6 -0.4
v 0.9 0.7 -0.4
v 0.9 0.9 -0.4
v -1.4 1.2 -0.5
v -1.4 1.3 -0.5
v -1.3 1.2 -0.5
v -1.3 1.3 -0.5
v -0.6 1.6 -0.5
v -0.6 1.7 -0.5
v -0.5 1.6 -0.5
v -0.5 1.7 -0.5
v -0.4 0.7 -0.5
v -0.4 0.8 -0.5
v -0.3 0.7 -0.5
v -0.3 0.8 -0.5
v -0.3 1.6 -0.5
v -0.3 1.7 -0.5
v -0.2 1.6 -0.5
v -0.2 1.7 -0.5
v -0.1 1.4 -0.5
v -0.1 1.5 -0.5
v -0.1 1.6 -0.5
v -0.1 1.7 -0.5
v -1.19209e-07 1.4 -0.5
v -1.19209e-07 1.5 -0.5
v 0.0999999 1.4 -0.5
v 0.0999999 1.5 -0.5
v 0.2 1.4 -0.5
v 0.2 1.5 -0.5
v 0.3 1.2 -0.5
v 0.3 1.3 -0.5
v 0.4 1.2 -0.5
v 0.5 1.1 -0.5
v 0.5 1.2 -0.5
v 0.5 1.3 -0.5
v 0.6 1 -0.5
v 0.6 1.1 -0.5
v 0.6 1.2 -0.5
v 0.7 1 -0.5
v 0.7 1.1 -0.5
v -1.6 1 -0.6
v -1.6 1.1 -0.6
v -1.5 1 -0.6
v -1.5 1.1 -0.6
v -1.5 1.2 -0.6
v -1.4 1.1 -0.6
v -1.4 1.2 -0.6
v -0.5 1.5 -0.6
v -0.5 1.6 -0.6
v -0.4 1.5 -0.6
v -0.4 1.6 -0.6
v -0.3 0.7 -0.6
v -0.3 0.8 -0.6
v -0.3 1.6 -0.6
v -0.3 1.7 -0.6
v -0.2 1.5 -0.6
v -0.2 1.6 -0.6
v -0.2 1.7 -0.6
v -0.1 0.7 -0.6
v -0.1 0.8 -0.6
v -0.1 1.5 -0.6
v -1.19209e-07 1.3 -0.6
v -1.19209e-07 1.4 -0.6
v -1.19209e-07 1.5 -0.6
v -1.19209e-07 1.6 -0.6
v 0.0999999 1.4 -0.6
v 0.0999999 1.5 -0.6
v 0.2 1.3 -0.6
v 0.2 1.4 -0.6
v -1.5 1 -0.7
v -1.5 1.1 -0.7
v -1.4 1 -0.7
v -1.4 1.1 -0.7
v -1.4 1.2 -0.7
v -1.3 1.2 -0.7
v -1.3 1.3 -0.7
v -1.3 1.4 -0.7
v -1.2 1.1 -0.7
v -1.2 1.2 -0.7
v -1.2 1.3 -0.7
v -1.2 1.4 -0.7
v -1.1 1.3 -0.7
v -1.1 1.4 -0.7
v -1 1.3 -0.7
v -1 1.4 -0.7
v -1 1.5 -0.7
v -0.9 1.4 -0.7
v -0.9 1.5 -0.7
v -0.9 1.6 -0.7
v -0.8 1.5 -0.7
v -0.8 1.6 -0.7
v -0.6 1.5 -0.7
v -0.6 1.6 -0.7
v -0.5 1.4 -0.7
v -0.5 1.5 -0.7
v -0.5 1.6 -0.7
v -0.4 1.4 -0.7
v -0.4 1.5 -0.7
v -0.4 1.6 -0.7
v -0.3 1.5 -0.7
v -0.2 1.4 -0.7
v -0.2 1.5 -0.7
v -0.2 1.6 -0.7
v -0.1 0.7 -0.7
v -0.1 0.8 -0.7
v -0.1 1.4 -0.7
v -0.1 1.5 -0.7
v -1.19209e-07 0.7 -0.7
v -1.19209e-07 0.8 -0.7
v 0.2 1.2 -0.7
v 0.2 1.3 -0.7
v 0.3 1.2 -0.7
v 0.3 1.3 -0.7
v -1.7 0.8 -0.8
v -1.7 0.9 -0.8
v -1.6 0.8 -0.8
v -1.6 0.9 -0.8
v -1.6 1 -0.8
v -1.5 0.9 -0.8
v -1.5 1 -0.8
v -1.4 1 -0.8
v -1.4 1.1 -0.8
v -1.3 1.2 -0.8
v -1.3 1.3 -0.8
v -1.2 0.8 -0.8
v -1.2 0.9 -0.8
v -1.2 1 -0.8
v -1.2 1.1 -0.8
v -1.2 1.2 -0.8
v -1.2 1.3 -0.8
v -1.2 1.4 -0.8
v -1.1 0.8 -0.8
v -1.1 0.9 -0.8
v -1.1 1.2 -0.8
v -1.1 1.3 -0.8
v -1.1 1.4 -0.8
v -1 1.3 -0.8
v -1 1.4 -0.8
v -0.9 1.3 -0.8
v -0.9 1.4 -0.8
v -0.9 1.5 -0.8
v -0.8 1.4 -0.8
v -0.8 1.5 -0.8
v -0.8 1.6 -0.8
v -0.7 1.5 -0.8
v -0.6 1.4 -0.8
v -0.6 1.5 -0.8
v -0.6 1.6 -0.8
v -0.5 1.3 -0.8
v -0.5 1.4 -0.8
v -0.5 1.5 -0.8
v -0.4 0.7 -0.8
v -0.4 0.8 -0.8
v -0.4 1.3 -0.8
v -0.4 1.4 -0.8
v -0.4 1.5 -0.8
v -0.3 0.7 -0.8
v -0.3 0.8 -0.8
v -0.3 1.3 -0.8
v -0.3 1.4 -0.8
v -0.3 1.5 -0.8
v -0.2 1.4 -0.8
v -0.2 1.5 -0.8
v -0.1 1.3 -0.8
v -0.1 1.4 -0.8
v -1.19209e-07 1.2 -0.8
v -1.19209e-07 1.3 -0.8
v -1.19209e-07 1.4 -0.8
v 0.0999999 1.2 -0.8
v 0.0999999 1.3 -0.8
v 0.2 1.2 -0.8
v 0.2 1.3 -0.8
v 0.7 0.9 -0.8
v 0.7 1 -0.8
v 0.8 0.8 -0.8
v 0.8 0.9 -0.8
v 0.8 1 -0.8
v 0.9 0.8 -0.8
v 0.9 0.9 -0.8
v -1.7 0.6 -0.9
v -1.7 0.8 -0.9
v -1.6 0.6 -0.9
v -1.6 0.8 -0.9
v -1.6 0.9 -0.9
v -1.5 0.8 -0.9
v -1.5 0.9 -0.9
v -1.5 1 -0.9
v -1.3 0.8 -0.9
v -1.3 0.9 -0.9
v -1.2 0.8 -0.9
v -1.2 0.9 -0.9
v -1.2 1 -0.9
v -1.2 1.1 -0.9
v -1.2 1.2 -0.9
v -1.1 1.2 -0.9
v -1.1 1.3 -0.9
v -1 1.1 -0.9
v -1 1.3 -0.9
v -0.8 1.4 -0.9
v -0.8 1.5 -0.9
v -0.7 1.3 -0.9
v -0.7 1.4 -0.9
v -0.7 1.5 -0.9
v -0.6 1.2 -0.9
v -0.6 1.3 -0.9
v -0.6 1.4 -0.9
v -0.6 1.5 -0.9
v -0.5 0.7 -0.9
v -0.5 0.8 -0.9
v -0.5 1.3 -0.9
v -0.5 1.4 -0.9
v -0.4 0.7 -0.9
v -0.4 0.8 -0.9
v -0.4 0.9 -0.9
v -0.4 1.2 -0.9
v -0.4 1.3 -0.9
v -0.3 0.8 -0.9
v -0.3 1.2 -0.9
v -0.3 1.3 -0.9
v -0.3 1.4 -0.9
v -0.1 0.8 -0.9
v -0.1 0.9 -0.9
v -0.1 1 -0.9
v -0.1 1.2 -0.9
v -0.1 1.3 -0.9
v -0.1 1.4 -0.9
v -1.19209e-07 0.9 -0.9
v -1.19209e-07 1 -0.9
v -1.19209e-07 1.2 -0.9
v -1.19209e-07 1.3 -0.9
v 0.0999999 0.9 -0.9
v 0.0999999 1 -0.9
v 0.2 1 -0.9
v 0.2 1.1 -0.9
v 0.3 1.1 -0.9
v 0.3 1.2 -0.9
v 0.5 1.1 -0.9
v 0.5 1.2 -0.9
v 0.6 1 -0.9
v 0.6 1.1 -0.9
v 0.6 1.2 -0.9
v 0.7 0.8 -0.9
v 0.7 0.9 -0.9
v 0.7 1 -0.9
v 0.7 1.1 -0.9
v 0.8 0.6 -0.9
v 0.8 0.8 -0.9
v 0.8 0.9 -0.9
v 0.9 0.6 -0.9
v 0.9 0.8 -0.9
v -1.6 0.6 -1
v -1.6 0.8 -1
v -1.5 0.6 -1
v -1.5 0.7 -1
v -1.5 0.8 -1
v -1.5 0.9 -1
v -1.3 0.7 -1
v -1.3 0.8 -1
v -1.3 0.9 -1
v -1.2 0.9 -1
v -1.2 1.1 -1
v -1 0.9 -1
v -1 1.1 -1
v -1 1.3 -1
v -0.9 1.1 -1
v -0.9 1.3 -1
v -0.9 1.4 -1
v -0.8 1 -1
v -0.8 1.1 -1
v -0.7 0.9 -1
v -0.7 1 -1
v -0.7 1.1 -1
v -0.7 1.3 -1
v -0.7 1.4 -1
v -0.6 0.8 -1
v -0.6 0.9 -1
v -0.6 1.1 -1
v -0.6 1.2 -1
v -0.6 1.3 -1
v -0.5 0.8 -1
v -0.4 0.8 -1
v -0.4 0.9 -1
v -0.4 1.1 -1
v -0.4 1.2 -1
v -0.3 0.7 -1
v -0.3 0.8 -1
v -0.3 1.2 -1
v -0.3 1.3 -1
v -0.2 0.6 -1
v -0.2 0.7 -1
v -0.1 0.7 -1
v -0.1 0.8 -1
v -0.1 0.9 -1
v -0.1 1 -1
v -0.1 1.2 -1
v -0.1 1.3 -1
v -1.19209e-07 0.6 -1
v -1.19209e-07 0.7 -1
v -1.19209e-07 1 -1
v -1.19209e-07 1.2 -1
v 0.0999999 0.8 -1
v 0.0999999 0.9 -1
v 0.0999999 1 -1
v 0.2 0.6 -1
v 0.2 0.8 -1
v 0.2 1 -1
v 0.2 1.1 -1
v 0.3 0.7 -1
v 0.3 0.8 -1
v 0.3 1 -1
v 0.3 1.1 -1
v 0.3 1.2 -1
v 0.4 0.6 -1
v 0.4 0.7 -1
v 0.5 0.7 -1
v 0.5 0.8 -1
v 0.5 1 -1
v 0.5 1.1 -1
v 0.5 1.2 -1
v 0.6 0.8 -1
v 0.6 1 -1
v 0.6 1.1 -1
v 0.7 0.6 -1
v 0.7 0.7 -1
v 0.7 0.8 -1
v 0.7 1 -1
v 0.8 0.6 -1
v 0.8 0.8 -1
v -1.8 0.1 -1.1
v -1.8 0.2 -1.1
v -1.8 1.3 -1.1
v -1.7 0 -1.1
v -1.7 0.1 -1.1
v -1.7 0.2 -1.1
v -1.7 1.3 -1.1
v -1.6 0 -1.1
v -1.6 0.1 -1.1
v -1.3 0 -1.1
v -1.3 0.1 -1.1
v 0.5 0 -1.1
v 0.5 0.1 -1.1
v 0.8 0 -1.1
v 0.8 0.1 -1.1
v 0.9 0 -1.1
v 0.9 0.1 -1.1
v 0.9 0.2 -1.1
v 0.9 1.3 -1.1
v 1 0.1 -1.1
v 1 0.2 -1.1
v 1 1.3 -1.1
v -1.7 0.1 -1.2
v -1.7 0.2 -1.2
v -1.7 1.3 -1.2
v -1.6 0 -1.2
v -1.6 0.1 -1.2
v -1.6 0.2 -1.2
v -1.6 1.1 -1.2
v -1.5 1.1 -1.2
v -1.5 1.2 -1.2
v -1.4 0.5 -1.2
v -1.4 0.9 -1.2
v -1.3 0 -1.2
v -1.3 0.1 -1.2
v -1.3 0.4 -1.2
v -1.3 0.5 -1.2
v -1.3 0.9 -1.2
v -1.3 1 -1.2
v -1.2 0.4 -1.2
v -1.2 0.5 -1.2
v -1.2 0.9 -1.2
v -1.2 1 -1.2
v -1 0.8 -1.2
v -1 0.9 -1.2
v -0.9 0.5 -1.2
v -0.9 0.6 -1.2
v -0.9 0.8 -1.2
v -0.9 0.9 -1.2
v -0.8 0.5 -1.2
v -0.8 0.6 -1.2
v -0.8 0.7 -1.2
v -0.8 0.8 -1.2
v -0.7 0.4 -1.2
v -0.7 0.5 -1.2
v -0.7 0.7 -1.2
v -0.7 0.8 -1.2
v -0.7 0.9 -1.2
v -0.7 1 -1.2
v -0.6 0.5 -1.2
v -0.6 0.9 -1.2
v -0.3 0.5 -1.2
v -0.3 0.9 -1.2
v -0.2 0.4 -1.2
v -0.2 0.5 -1.2
v -0.2 0.6 -1.2
v -0.2 0.9 -1.2
v -0.2 1 -1.2
v -0.1 0.5 -1.2
v -0.1 0.6 -1.2
v -1.19209e-07 0.7 -1.2
v -1.19209e-07 0.8 -1.2
v 0.0999999 0.6 -1.2
v 0.0999999 0.7 -1.2
v 0.0999999 0.8 -1.2
v 0.2 0.6 -1.2
v 0.2 0.7 -1.2
v 0.4 0.4 -1.2
v 0.4 0.5 -1.2
v 0.4 0.9 -1.2
v 0.4 1 -1.2
v 0.5 0 -1.2
v 0.5 0.1 -1.2
v 0.5 0.4 -1.2
v 0.5 0.5 -1.2
v 0.5 0.9 -1.2
v 0.5 1 -1.2
v 0.6 0.5 -1.2
v 0.6 0.9 -1.2
v 0.7 1.1 -1.2
v 0.7 1.2 -1.2
v 0.8 0 -1.2
v 0.8 0.1 -1.2
v 0.8 0.2 -1.2
v 0.8 1.1 -1.2
v 0.9 0.1 -1.2
v 0.9 0.2 -1.2
v 0.9 1.3 -1.2
v -1.6 0 0.7
v -1.3 0 0.7
v 0.5 0 0.7
v 0.8 0 0.7
v -1.7 0 0.6
v -1.6 0 0.6
v -1.3 0 0.6
v 0.5 0 0.6
v 0.8 0 0.6
v 0.9 0 0.6
v -1.5 0 0.4
v 0.7 0 0.4
v -1.6 0 0.3
v -1.5 0 0.3
v 0.7 0 0.3
v 0.8 0 0.3
v -1.6 0 -0.8
v -1.5 0 -0.8
v 0.7 0 -0.8
v 0.8 0 -0.8
v -1.5 0 -0.9
v 0.7 0 -0.9
v -1.7 0 -1.1
v -1.6 0 -1.1
v -1.3 0 -1.1
v 0.5 0 -1.1
v 0.8 0 -1.1
v 0.9 0 -1.1
v -1.6 0 -1.2
v -1.3 0 -1.2
v 0.5 0 -1.2
v 0.8 0 -1.2
v -1.7 0.1 0.7
v -1.6 0.1 0.7
v -1.3 0.1 0.7
v 0.5 0.1 0.7
v 0.8 0.1 0.7
v 0.9 0.1 0.7
v -1.8 0.1 0.6
v -1.7 0.1 0.6
v -1.6 0.1 0.6
v -1.3 0.1 0.6
v 0.5 0.1 0.6
v 0.8 0.1 0.6
v 0.9 0.1 0.6
v 1 0.1 0.6
v -1.8 0.1 -1.1
v -1.7 0.1 -1.1
v -1.6 0.1 -1.1
v -1.3 0.1 -1.1
v 0.5 0.1 -1.1
v 0.8 0.1 -1.1
v 0.9 0.1 -1.1
v 1 0.1 -1.1
v -1.7 0.1 -1.2
v -1.6 0.1 -1.2
v -1.3 0.1 -1.2
v 0.5 0.1 -1.2
v 0.8 0.1 -1.2
v 0.9 0.1 -1.2
v -0.1 0.7 -1
v -1.19209e-07 0.7 -1
v 0.3 0.7 -1
v 0.4 0.7 -1
v -0.1 0.7 -1.1
v -1.19209e-07 0.7 -1.1
v 0.3 0.7 -1.1
v 0.4 0.7 -1.1
v -0.4 0.8 0.6
v -0.3 0.8 0.6
v -0.4 0.8 0.4
v -0.3 0.8 0.4
v -0.1 0.8 0.4
v 0.0999999 0.8 0.4
v 0.6 0.8 0.4
v -0.3 0.8 0.3
v -0.1 0.8 0.3
v 0.0999999 0.8 0.3
v 0.6 0.8 0.3
v 0.3 0.8 0
v 0.5 0.8 0
v 0.3 0.8 -0.1
v 0.5 0.8 -0.1
v -0.9 0.8 -0.2
v -0.8 0.8 -0.2
v -0.7 0.8 -0.2
v -0.5 0.8 -0.2
v -1.6 0.8 -0.3
v -1.5 0.8 -0.3
v -0.9 0.8 -0.3
v -0.8 0.8 -0.3
v -0.7 0.8 -0.3
v -0.6 0.8 -0.3
v -1.6 0.8 -0.4
v -1.5 0.8 -0.4
v -0.6 0.8 -0.4
v -0.5 0.8 -0.4
v -0.4 0.8 -0.4
v -0.5 0.8 -0.5
v -0.4 0.8 -0.5
v -0.3 0.8 -0.5
v -0.4 0.8 -0.6
v -0.3 0.8 -0.6
v -0.1 0.8 -0.6
v -0.1 0.8 -0.7
v -1.19209e-07 0.8 -0.7
v -0.4 0.8 -0.8
v -0.3 0.8 -0.8
v -1.19209e-07 0.8 -0.8
v -0.5 0.8 -0.9
v -0.4 0.8 -0.9
v -0.3 0.8 -0.9
v -0.5 0.8 -1
v -0.4 0.8 -1
v 0.2 0.8 -1
v 0.3 0.8 -1
v 0.5 0.8 -1
v 0.6 0.8 -1
v 0.2 0.8 -1.1
v 0.3 0.8 -1.1
v 0.5 0.8 -1.1
v 0.6 0.8 -1.1
v -0.2 0.9 0.5
v -0.1 0.9 0.5
v -0.4 0.9 0.4
v -0.3 0.9 0.4
v -0.2 0.9 0.4
v -0.1 0.9 0.4
v 0.6 0.9 0.4
v 0.7 0.9 0.4
v -0.4 0.9 0.3
v -0.3 0.9 0.3
v 0.6 0.9 0.3
v 0.7 0.9 0.3
v -0.8 0.9 -0.2
v -0.7 0.9 -0.2
v -0.5 0.9 -0.2
v -0.4 0.9 -0.2
v -0.8 0.9 -0.3
v -0.7 0.9 -0.3
v -0.5 0.9 -0.4
v -0.4 0.9 -0.4
v -0.3 0.9 -0.4
v -0.4 0.9 -0.5
v -0.3 0.9 -0.5
v -1.2 0.9 -0.8
v -1.1 0.9 -0.8
v -1.2 0.9 -0.9
v -1.1 0.9 -0.9
v -0.4 0.9 -0.9
v -0.1 0.9 -0.9
v -0.4 0.9 -1
v -0.1 0.9 -1
v -0.2 1 0.6
v -0.1 1 0.6
v -0.2 1 0.5
v -0.1 1 0.5
v -1 1 0.4
v -0.9 1 0.4
v -1 1 0.3
v -0.9 1 0.3
v -0.4 1 -0.3
v -0.3 1 -0.3
v -0.4 1 -0.4
v -0.3 1 -0.4
v -0.1 1 -0.9
v -1.19209e-07 1 -0.9
v -0.1 1 -1
v -1.19209e-07 1 -1
v -0.8 1.1 -1
v -0.7 1.1 -1
v -0.8 1.1 -1.1
v -0.7 1.1 -1.1
v -1.3 1.2 -0.7
v -1.2 1.2 -0.7
v -1.3 1.2 -0.8
v -1.2 1.2 -0.8
v -0.1 1.5 -0.5
v -1.19209e-07 1.5 -0.5
v -0.1 1.5 -0.6
v -1.19209e-07 1.5 -0.6
v -1.6 0.5 0.6
v -1.5 0.5 0.6
v 0.7 0.5 0.6
v 0.8 0.5 0.6
v -1.7 0.5 0.5
v -1.6 0.5 0.5
v -1.5 0.5 0.5
v 0.7 0.5 0.5
v 0.8 0.5 0.5
v 0.9 0.5 0.5
v -1.7 0.5 0.4
v -1.6 0.5 0.4
v 0.8 0.5 0.4
v 0.9 0.5 0.4
v -1.5 0.6 0.6
v -1.4 0.6 0.6
v -0.8 0.6 0.6
v -1.6 0.6 0.5
v -1.5 0.6 0.5
v -0.8 0.6 0.5
v -0.7 0.6 0.5
v -1.7 0.6 0.4
v -1.6 0.6 0.4
v -1.5 0.6 0.4
v -0.8 0.6 0.4
v -0.7 0.6 0.4
v 0.8 0.6 0.4
v 0.9 0.6 0.4
v 0.8 0.6 0.3
v 0.9 0.6 0.3
v -1.7 0.6 -0.1
v -1.7 0.6 -0.2
v 0.8 0.6 -0.4
v 0.9 0.6 -0.4
v -1.7 0.6 -0.5
v -1.6 0.6 -0.5
v 0.8 0.6 -0.5
v 0.9 0.6 -0.5
v -1.7 0.6 -0.9
v -1.6 0.6 -0.9
v 0.8 0.6 -0.9
v 0.9 0.6 -0.9
v -1.7 0.6 -1
v -1.6 0.6 -1
v -1.5 0.6 -1
v -0.2 0.6 -1
v -1.19209e-07 0.6 -1
v 0.2 0.6 -1
v 0.4 0.6 -1
v 0.7 0.6 -1
v 0.8 0.6 -1
v 0.9 0.6 -1
v -1.6 0.6 -1.1
v -1.5 0.6 -1.1
v -0.2 0.6 -1.1
v -1.19209e-07 0.6 -1.1
v 0.2 0.6 -1.1
v 0.4 0.6 -1.1
v 0.7 0.6 -1.1
v 0.8 0.6 -1.1
v -0.8 0.7 0.6
v -0.5 0.7 0.6
v -0.3 0.7 0.6
v -0.9 0.7 0.5
v -0.8 0.7 0.5
v -0.7 0.7 0.5
v -0.9 0.7 0.4
v -0.8 0.7 0.4
v -0.7 0.7 0.4
v -0.4 0.7 0.4
v -0.3 0.7 0.4
v 0.6 0.7 0.4
v -0.3 0.7 0.3
v 0.6 0.7 0.3
v 0.8 0.7 0.3
v 0.9 0.7 0.3
v 0.8 0.7 0.2
v 0.9 0.7 0.2
v -1.6 0.7 0
v -1.5 0.7 0
v 0.3 0.7 0
v 0.5 0.7 0
v -1.5 0.7 -0.1
v 0.3 0.7 -0.1
v 0.5 0.7 -0.1
v 0.8 0.7 -0.1
v 0.9 0.7 -0.1
v -0.9 0.7 -0.2
v -0.4 0.7 -0.2
v 0.8 0.7 -0.2
v 0.9 0.7 -0.2
v -0.9 0.7 -0.3
v -0.6 0.7 -0.3
v -1.6 0.7 -0.4
v -1.5 0.7 -0.4
v -0.6 0.7 -0.4
v -0.5 0.7 -0.4
v -0.5 0.7 -0.5
v -0.4 0.7 -0.5
v -0.3 0.7 -0.5
v -0.4 0.7 -0.6
v -0.3 0.7 -0.6
v -0.1 0.7 -0.6
v -0.1 0.7 -0.7
v -1.19209e-07 0.7 -0.7
v -0.4 0.7 -0.8
v -0.3 0.7 -0.8
v -1.19209e-07 0.7 -0.8
v -0.5 0.7 -0.9
v -0.4 0.7 -0.9
v -1.5 0.7 -1
v -1.3 0.7 -1
v -0.3 0.7 -1
v -0.2 0.7 -1
v 0.5 0.7 -1
v 0.7 0.7 -1
v -1.5 0.7 -1.1
v -1.4 0.7 -1.1
v -1.3 0.7 -1.1
v -0.5 0.7 -1.1
v -0.3 0.7 -1.1
v -0.2 0.7 -1.1
v 0.5 0.7 -1.1
v 0.6 0.7 -1.1
v 0.7 0.7 -1.1
v -0.2 0.8 0.6
v -1.19209e-07 0.8 0.6
v 0.4 0.8 0.6
v 0.5 0.8 0.6
v 0.6 0.8 0.6
v 0.7 0.8 0.6
v -1.5 0.8 0.5
v -1.4 0.8 0.5
v -1 0.8 0.5
v -0.9 0.8 0.5
v -0.1 0.8 0.5
v -1.19209e-07 0.8 0.5
v 0.5 0.8 0.5
v 0.6 0.8 0.5
v 0.7 0.8 0.5
v 0.8 0.8 0.5
v -1.6 0.8 0.4
v -1.5 0.8 0.4
v -1.4 0.8 0.4
v -1 0.8 0.4
v -0.9 0.8 0.4
v -0.4 0.8 0.4
v -0.3 0.8 0.4
v -0.2 0.8 0.4
v -0.1 0.8 0.4
v 0.4 0.8 0.4
v 0.6 0.8 0.4
v -1.6 0.8 0.3
v -1.5 0.8 0.3
v -0.4 0.8 0.3
v -0.3 0.8 0.3
v 0.6 0.8 0.3
v 0.7 0.8 0.3
v 0.7 0.8 0.2
v 0.8 0.8 0.2
v -1.6 0.8 0.1
v -1.5 0.8 0.1
v -1.6 0.8 0
v -1.5 0.8 0
v -1.4 0.8 0
v 0.8 0.8 0
v 0.9 0.8 0
v -1.5 0.8 -0.1
v -1.4 0.8 -0.1
v 0.8 0.8 -0.1
v 0.9 0.8 -0.1
v -0.4 0.8 -0.4
v -0.3 0.8 -0.4
v -1.7 0.8 -0.5
v -1.6 0.8 -0.5
v -0.4 0.8 -0.5
v -0.3 0.8 -0.5
v 0.8 0.8 -0.5
v 0.9 0.8 -0.5
v -1.7 0.8 -0.6
v -1.6 0.8 -0.6
v 0.8 0.8 -0.6
v 0.9 0.8 -0.6
v -1.7 0.8 -0.8
v -1.6 0.8 -0.8
v -1.2 0.8 -0.8
v -1.1 0.8 -0.8
v 0.8 0.8 -0.8
v 0.9 0.8 -0.8
v -1.7 0.8 -0.9
v -1.6 0.8 -0.9
v -1.5 0.8 -0.9
v -1.3 0.8 -0.9
v -1.2 0.8 -0.9
v -1.1 0.8 -0.9
v -0.3 0.8 -0.9
v -0.1 0.8 -0.9
v 0.7 0.8 -0.9
v 0.8 0.8 -0.9
v 0.9 0.8 -0.9
v -1.6 0.8 -1
v -1.5 0.8 -1
v -1.3 0.8 -1
v -1.2 0.8 -1
v -0.6 0.8 -1
v -0.5 0.8 -1
v -0.3 0.8 -1
v -0.1 0.8 -1
v 0.0999999 0.8 -1
v 0.2 0.8 -1
v 0.7 0.8 -1
v 0.8 0.8 -1
v -1.3 0.8 -1.1
v -1.2 0.8 -1.1
v -0.6 0.8 -1.1
v -0.5 0.8 -1.1
v 0.0999999 0.8 -1.1
v 0.2 0.8 -1.1
v -1.19209e-07 0.9 0.6
v 0.4 0.9 0.6
v -1.4 0.9 0.5
v -1.2 0.9 0.5
v -1.19209e-07 0.9 0.5
v 0.0999999 0.9 0.5
v -1.5 0.9 0.4
v -1.4 0.9 0.4
v -1.2 0.9 0.4
v -1 0.9 0.4
v -0.9 0.9 0.4
v 0.0999999 0.9 0.4
v 0.4 0.9 0.4
v -1.6 0.9 0.3
v -1.5 0.9 0.3
v -1.4 0.9 0.3
v -1 0.9 0.3
v -0.9 0.9 0.3
v 0.7 0.9 0.2
v 0.9 0.9 0.2
v -1.6 0.9 0.1
v -1.5 0.9 0.1
v -1.4 0.9 0.1
v 0.7 0.9 0.1
v 0.8 0.9 0.1
v -1.5 0.9 0
v -1.4 0.9 0
v 0.8 0.9 0
v 0.9 0.9 0
v -1.5 0.9 -0.1
v -1.4 0.9 -0.1
v 0.7 0.9 -0.1
v 0.8 0.9 -0.1
v -1.5 0.9 -0.2
v -1.4 0.9 -0.2
v 0.8 0.9 -0.2
v 0.9 0.9 -0.2
v -0.4 0.9 -0.3
v -0.3 0.9 -0.3
v 0.7 0.9 -0.3
v 0.8 0.9 -0.3
v -0.4 0.9 -0.4
v -0.3 0.9 -0.4
v 0.8 0.9 -0.4
v 0.9 0.9 -0.4
v -1.7 0.9 -0.6
v -1.6 0.9 -0.6
v 0.7 0.9 -0.6
v 0.8 0.9 -0.6
v 0.9 0.9 -0.6
v -1.7 0.9 -0.8
v -1.6 0.9 -0.8
v -1.5 0.9 -0.8
v 0.7 0.9 -0.8
v 0.8 0.9 -0.8
v 0.9 0.9 -0.8
v -1.6 0.9 -0.9
v -1.5 0.9 -0.9
v -1.3 0.9 -0.9
v -0.1 0.9 -0.9
v -1.19209e-07 0.9 -0.9
v 0.0999999 0.9 -0.9
v 0.7 0.9 -0.9
v 0.8 0.9 -0.9
v -1.5 0.9 -1
v -1.3 0.9 -1
v -1.2 0.9 -1
v -1 0.9 -1
v -0.7 0.9 -1
v -0.6 0.9 -1
v -0.1 0.9 -1
v -1.19209e-07 0.9 -1
v 0.0999999 0.9 -1
v -1.2 0.9 -1.1
v -1 0.9 -1.1
v -0.7 0.9 -1.1
v -0.6 0.9 -1.1
v -0.1 0.9 -1.1
v 0.0999999 0.9 -1.1
v -0.4 1 0.6
v -0.3 1 0.6
v -0.1 1 0.5
v 0.0999999 1 0.5
v -1.4 1 0.4
v -1.2 1 0.4
v -0.5 1 0.4
v -0.4 1 0.4
v -0.3 1 0.4
v -0.1 1 0.4
v 0.0999999 1 0.4
v -1.5 1 0.3
v -1.4 1 0.3
v -0.5 1 0.3
v -0.4 1 0.3
v -1.3 1 0.2
v -1.2 1 0.2
v -1.5 1 0.1
v -1.4 1 0.1
v -1.3 1 0.1
v -1.2 1 0.1
v 0.7 1 0.1
v 0.8 1 0.1
v -1.4 1 0
v -1.3 1 0
v 0.6 1 0
v 0.7 1 0
v 0.6 1 -0.1
v 0.7 1 -0.1
v 0.8 1 -0.1
v -1.5 1 -0.2
v -1.4 1 -0.2
v -1.6 1 -0.3
v -1.5 1 -0.3
v -1.4 1 -0.3
v -1.6 1 -0.4
v -1.5 1 -0.4
v 0.6 1 -0.5
v 0.7 1 -0.5
v -1.6 1 -0.6
v -1.5 1 -0.6
v 0.7 1 -0.6
v 0.8 1 -0.6
v -1.5 1 -0.7
v -1.4 1 -0.7
v 0.6 1 -0.7
v 0.7 1 -0.7
v -1.6 1 -0.8
v -1.5 1 -0.8
v -1.4 1 -0.8
v -1.2 1 -0.8
v 0.7 1 -0.8
v 0.8 1 -0.8
v -1.5 1 -0.9
v -1.2 1 -0.9
v 0.0999999 1 -0.9
v 0.2 1 -0.9
v 0.6 1 -0.9
v 0.7 1 -0.9
v -0.8 1 -1
v -0.7 1 -1
v 0.0999999 1 -1
v 0.2 1 -1
v 0.3 1 -1
v 0.5 1 -1
v 0.6 1 -1
v 0.7 1 -1
v -0.8 1 -1.1
v -0.7 1 -1.1
v 0.2 1 -1.1
v 0.3 1 -1.1
v 0.5 1 -1.1
v 0.6 1 -1.1
v -1.2 1.1 0.5
v -1 1.1 0.5
v -1.2 1.1 0.4
v -1 1.1 0.4
v -0.9 1.1 0.4
v -0.8 1.1 0.4
v -0.5 1.1 0.4
v -0.4 1.1 0.4
v -0.3 1.1 0.4
v 0.4 1.1 0.4
v 0.7 1.1 0.4
v -1 1.1 0.3
v -0.9 1.1 0.3
v -0.8 1.1 0.3
v -0.6 1.1 0.3
v -0.5 1.1 0.3
v -0.4 1.1 0.3
v -0.3 1.1 0.3
v 0.4 1.1 0.3
v 0.6 1.1 0.3
v 0.7 1.1 0.3
v -1.2 1.1 0.2
v -1.1 1.1 0.2
v -1 1.1 0.2
v -0.5 1.1 0.2
v -0.3 1.1 0.2
v 0.6 1.1 0.2
v 0.7 1.1 0.2
v -1.3 1.1 0.1
v -1.2 1.1 0.1
v -1.1 1.1 0.1
v 0.5 1.1 0.1
v 0.6 1.1 0.1
v -1.4 1.1 0
v -1.3 1.1 0
v -1.2 1.1 0
v 0.5 1.1 0
v 0.6 1.1 0
v 0.7 1.1 0
v -1.4 1.1 -0.1
v -1.3 1.1 -0.1
v 0.5 1.1 -0.1
v 0.6 1.1 -0.1
v 0.7 1.1 -0.1
v 0.6 1.1 -0.2
v 0.7 1.1 -0.2
v -1.5 1.1 -0.3
v -1.4 1.1 -0.3
v -1.6 1.1 -0.4
v -1.5 1.1 -0.4
v -1.4 1.1 -0.4
v 0.6 1.1 -0.4
v 0.7 1.1 -0.4
v 0.5 1.1 -0.5
v 0.6 1.1 -0.5
v 0.7 1.1 -0.5
v -1.6 1.1 -0.6
v -1.5 1.1 -0.6
v -1.4 1.1 -0.6
v -1.5 1.1 -0.7
v -1.4 1.1 -0.7
v -1.2 1.1 -0.7
v 0.5 1.1 -0.7
v 0.6 1.1 -0.7
v 0.7 1.1 -0.7
v -1.4 1.1 -0.8
v -1.2 1.1 -0.8
v 0.6 1.1 -0.8
v -1.2 1.1 -0.9
v -1 1.1 -0.9
v 0.2 1.1 -0.9
v 0.3 1.1 -0.9
v 0.5 1.1 -0.9
v 0.6 1.1 -0.9
v 0.7 1.1 -0.9
v -1.2 1.1 -1
v -1 1.1 -1
v -0.9 1.1 -1
v 0.2 1.1 -1
v 0.3 1.1 -1
v 0.5 1.1 -1
v 0.6 1.1 -1
v -1 1.1 -1.1
v -0.9 1.1 -1.1
v 0.3 1.1 -1.1
v 0.5 1.1 -1.1
v -0.3 1.2 0.6
v -0.2 1.2 0.6
v -0.1 1.2 0.6
v -0.3 1.2 0.5
v -0.2 1.2 0.5
v -0.1 1.2 0.5
v -0.9 1.2 0.4
v -0.8 1.2 0.4
v -0.1 1.2 0.4
v -1.19209e-07 1.2 0.4
v -1 1.2 0.3
v -0.9 1.2 0.3
v -0.8 1.2 0.3
v -0.6 1.2 0.3
v -0.5 1.2 0.3
v -0.3 1.2 0.3
v -0.1 1.2 0.3
v -1.19209e-07 1.2 0.3
v 0.5 1.2 0.3
v 0.6 1.2 0.3
v -1.1 1.2 0.2
v -1 1.2 0.2
v -0.9 1.2 0.2
v -0.8 1.2 0.2
v -0.7 1.2 0.2
v -0.6 1.2 0.2
v -0.5 1.2 0.2
v -0.3 1.2 0.2
v -0.1 1.2 0.2
v 0.5 1.2 0.2
v -1.2 1.2 0.1
v -1.1 1.2 0.1
v -1 1.2 0.1
v 0.5 1.2 0.1
v 0.6 1.2 0.1
v -1.3 1.2 0
v -1.2 1.2 0
v -1.1 1.2 0
v -1.4 1.2 -0.1
v -1.3 1.2 -0.1
v -1.2 1.2 -0.1
v 0.5 1.2 -0.1
v 0.6 1.2 -0.1
v 0.5 1.2 -0.2
v 0.6 1.2 -0.2
v 0.7 1.2 -0.2
v -1.4 1.2 -0.3
v -1.3 1.2 -0.3
v 0.6 1.2 -0.3
v 0.7 1.2 -0.3
v -1.5 1.2 -0.4
v -1.4 1.2 -0.4
v -1.2 1.2 -0.4
v -1.1 1.2 -0.4
v 0.5 1.2 -0.4
v 0.6 1.2 -0.4
v 0.7 1.2 -0.4
v -1.4 1.2 -0.5
v -1.3 1.2 -0.5
v -1.2 1.2 -0.5
v -1.1 1.2 -0.5
v 0.3 1.2 -0.5
v 0.4 1.2 -0.5
v 0.5 1.2 -0.5
v 0.6 1.2 -0.5
v -1.5 1.2 -0.6
v -1.4 1.2 -0.6
v -1.4 1.2 -0.7
v -1.3 1.2 -0.7
v 0.2 1.2 -0.7
v 0.3 1.2 -0.7
v 0.4 1.2 -0.7
v 0.5 1.2 -0.7
v 0.6 1.2 -0.7
v -1.2 1.2 -0.8
v -1.1 1.2 -0.8
v -1.19209e-07 1.2 -0.8
v 0.0999999 1.2 -0.8
v 0.2 1.2 -0.8
v 0.3 1.2 -0.8
v 0.4 1.2 -0.8
v 0.5 1.2 -0.8
v 0.6 1.2 -0.8
v -1.2 1.2 -0.9
v -1.1 1.2 -0.9
v -0.6 1.2 -0.9
v -0.4 1.2 -0.9
v -0.3 1.2 -0.9
v -0.1 1.2 -0.9
v -1.19209e-07 1.2 -0.9
v 0.3 1.2 -0.9
v 0.5 1.2 -0.9
v 0.6 1.2 -0.9
v -0.6 1.2 -1
v -0.4 1.2 -1
v -0.3 1.2 -1
v -0.1 1.2 -1
v -1.19209e-07 1.2 -1
v 0.3 1.2 -1
v 0.5 1.2 -1
v -1.7 1.3 0.7
v 0.9 1.3 0.7
v -1.8 1.3 0.6
v -1.7 1.3 0.6
v -1.6 1.3 0.6
v 0.8 1.3 0.6
v 0.9 1.3 0.6
v 1 1.3 0.6
v -1.7 1.3 0.5
v -1.6 1.3 0.5
v 0.8 1.3 0.5
v 0.9 1.3 0.5
v 0.2 1.3 0.4
v 0.3 1.3 0.4
v 0.4 1.3 0.4
v -0.9 1.3 0.3
v -0.8 1.3 0.3
v 0.2 1.3 0.3
v 0.3 1.3 0.3
v 0.4 1.3 0.3
v 0.5 1.3 0.3
v -1 1.3 0.2
v -0.9 1.3 0.2
v -0.8 1.3 0.2
v -0.7 1.3 0.2
v -0.6 1.3 0.2
v -0.4 1.3 0.2
v -0.2 1.3 0.2
v -0.1 1.3 0.2
v 0.3 1.3 0.2
v 0.4 1.3 0.2
v 0.5 1.3 0.2
v -1.1 1.3 0.1
v -1 1.3 0.1
v -0.7 1.3 0.1
v -0.6 1.3 0.1
v -0.4 1.3 0.1
v -0.2 1.3 0.1
v -0.1 1.3 0.1
v -1.2 1.3 0
v -1.1 1.3 0
v -1 1.3 0
v -1.3 1.3 -0.1
v -1.2 1.3 -0.1
v -1.1 1.3 -0.1
v -1 1.3 -0.1
v 0.4 1.3 -0.1
v 0.5 1.3 -0.1
v -1.1 1.3 -0.2
v -1 1.3 -0.2
v 0.2 1.3 -0.2
v 0.3 1.3 -0.2
v 0.4 1.3 -0.2
v 0.5 1.3 -0.2
v 0.6 1.3 -0.2
v -1.4 1.3 -0.3
v -1.3 1.3 -0.3
v -1.2 1.3 -0.3
v -1.1 1.3 -0.3
v 0.2 1.3 -0.3
v 0.3 1.3 -0.3
v 0.5 1.3 -0.3
v -1.4 1.3 -0.4
v -1.3 1.3 -0.4
v -1.2 1.3 -0.4
v -1.1 1.3 -0.4
v 0.2 1.3 -0.4
v 0.3 1.3 -0.4
v 0.5 1.3 -0.4
v 0.6 1.3 -0.4
v -1.4 1.3 -0.5
v -1.3 1.3 -0.5
v -1.2 1.3 -0.5
v 0.3 1.3 -0.5
v 0.5 1.3 -0.5
v -1.3 1.3 -0.6
v -1.2 1.3 -0.6
v -1.19209e-07 1.3 -0.6
v 0.2 1.3 -0.6
v -1.3 1.3 -0.7
v -1.2 1.3 -0.7
v -1.1 1.3 -0.7
v -1 1.3 -0.7
v -1.19209e-07 1.3 -0.7
v 0.0999999 1.3 -0.7
v 0.2 1.3 -0.7
v 0.3 1.3 -0.7
v -1.3 1.3 -0.8
v -1.2 1.3 -0.8
v -1.1 1.3 -0.8
v -1 1.3 -0.8
v -0.9 1.3 -0.8
v -0.5 1.3 -0.8
v -0.4 1.3 -0.8
v -0.3 1.3 -0.8
v -0.1 1.3 -0.8
v -1.19209e-07 1.3 -0.8
v 0.0999999 1.3 -0.8
v 0.2 1.3 -0.8
v -1.1 1.3 -0.9
v -1 1.3 -0.9
v -0.7 1.3 -0.9
v -0.6 1.3 -0.9
v -0.5 1.3 -0.9
v -0.4 1.3 -0.9
v -0.3 1.3 -0.9
v -0.1 1.3 -0.9
v -1.19209e-07 1.3 -0.9
v -1.7 1.3 -1
v -1.6 1.3 -1
v -1 1.3 -1
v -0.9 1.3 -1
v -0.7 1.3 -1
v -0.6 1.3 -1
v -0.3 1.3 -1
v -0.1 1.3 -1
v 0.8 1.3 -1
v 0.9 1.3 -1
v -1.8 1.3 -1.1
v -1.7 1.3 -1.1
v -1.6 1.3 -1.1
v -0.9 1.3 -1.1
v -0.7 1.3 -1.1
v 0.8 1.3 -1.1
v 0.9 1.3 -1.1
v 1 1.3 -1.1
v -1.7 1.3 -1.2
v 0.9 1.3 -1.2
v -1.19209e-07 1.4 0.4
v 0.2 1.4 0.4
v -0.1 1.4 0.3
v -1.19209e-07 1.4 0.3
v 0.2 1.4 0.3
v 0.3 1.4 0.3
v -0.4 1.4 0.2
v -0.3 1.4 0.2
v -0.2 1.4 0.2
v -0.1 1.4 0.2
v -1.19209e-07 1.4 0.2
v 0.0999999 1.4 0.2
v 0.2 1.4 0.2
v 0.3 1.4 0.2
v 0.4 1.4 0.2
v 0.5 1.4 0.2
v -1 1.4 0.1
v -0.9 1.4 0.1
v -0.8 1.4 0.1
v -0.7 1.4 0.1
v -0.4 1.4 0.1
v -0.3 1.4 0.1
v -0.2 1.4 0.1
v -0.1 1.4 0.1
v 0.0999999 1.4 0.1
v -1.1 1.4 0
v -1 1.4 0
v -0.9 1.4 0
v -0.8 1.4 0
v -0.7 1.4 0
v -0.5 1.4 0
v -0.3 1.4 0
v -0.2 1.4 0
v -0.1 1.4 0
v 0.3 1.4 0
v 0.4 1.4 0
v -1.1 1.4 -0.1
v -1 1.4 -0.1
v -0.9 1.4 -0.1
v -0.7 1.4 -0.1
v -0.5 1.4 -0.1
v 0.0999999 1.4 -0.1
v 0.2 1.4 -0.1
v 0.3 1.4 -0.1
v 0.4 1.4 -0.1
v 0.5 1.4 -0.1
v -1.1 1.4 -0.2
v -1 1.4 -0.2
v -0.9 1.4 -0.2
v 0.0999999 1.4 -0.2
v 0.2 1.4 -0.2
v 0.3 1.4 -0.2
v 0.4 1.4 -0.2
v -1.1 1.4 -0.3
v -1 1.4 -0.3
v 0.2 1.4 -0.3
v 0.3 1.4 -0.3
v -1 1.4 -0.4
v -0.9 1.4 -0.4
v 0.0999999 1.4 -0.4
v 0.2 1.4 -0.4
v 0.3 1.4 -0.4
v -1.2 1.4 -0.5
v -1.1 1.4 -0.5
v -1 1.4 -0.5
v -0.9 1.4 -0.5
v -0.1 1.4 -0.5
v -1.19209e-07 1.4 -0.5
v 0.0999999 1.4 -0.5
v 0.2 1.4 -0.5
v -1.3 1.4 -0.6
v -1.2 1.4 -0.6
v -1.19209e-07 1.4 -0.6
v 0.0999999 1.4 -0.6
v 0.2 1.4 -0.6
v -1.3 1.4 -0.7
v -1.2 1.4 -0.7
v -1.1 1.4 -0.7
v -1 1.4 -0.7
v -0.9 1.4 -0.7
v -0.5 1.4 -0.7
v -0.4 1.4 -0.7
v -0.2 1.4 -0.7
v -0.1 1.4 -0.7
v -1.2 1.4 -0.8
v -1.1 1.4 -0.8
v -1 1.4 -0.8
v -0.9 1.4 -0.8
v -0.8 1.4 -0.8
v -0.6 1.4 -0.8
v -0.5 1.4 -0.8
v -0.4 1.4 -0.8
v -0.3 1.4 -0.8
v -0.2 1.4 -0.8
v -0.1 1.4 -0.8
v -1.19209e-07 1.4 -0.8
v -0.8 1.4 -0.9
v -0.7 1.4 -0.9
v -0.6 1.4 -0.9
v -0.5 1.4 -0.9
v -0.3 1.4 -0.9
v -0.1 1.4 -0.9
v -0.9 1.4 -1
v -0.7 1.4 -1
v 0.0999999 1.5 0.2
v 0.2 1.5 0.2
v 0.3 1.5 0.2
v 0.4 1.5 0.2
v -0.9 1.5 0.1
v -0.8 1.5 0.1
v -0.3 1.5 0.1
v -0.2 1.5 0.1
v -0.1 1.5 0.1
v 0.0999999 1.5 0.1
v 0.2 1.5 0.1
v 0.3 1.5 0.1
v -1 1.5 0
v -0.9 1.5 0
v -0.8 1.5 0
v -0.7 1.5 0
v -0.5 1.5 0
v -0.4 1.5 0
v -0.3 1.5 0
v -0.2 1.5 0
v -0.1 1.5 0
v 0.0999999 1.5 0
v 0.2 1.5 0
v 0.3 1.5 0
v 0.4 1.5 0
v -1 1.5 -0.1
v -0.9 1.5 -0.1
v -0.7 1.5 -0.1
v -0.6 1.5 -0.1
v -0.5 1.5 -0.1
v -0.4 1.5 -0.1
v -0.3 1.5 -0.1
v -0.1 1.5 -0.1
v 0.0999999 1.5 -0.1
v 0.2 1.5 -0.1
v 0.3 1.5 -0.1
v -1 1.5 -0.2
v -0.9 1.5 -0.2
v -0.8 1.5 -0.2
v -0.1 1.5 -0.2
v -1.19209e-07 1.5 -0.2
v -0.9 1.5 -0.3
v -0.8 1.5 -0.3
v -0.7 1.5 -0.3
v -0.6 1.5 -0.3
v -1.19209e-07 1.5 -0.3
v 0.0999999 1.5 -0.3
v -1 1.5 -0.4
v -0.9 1.5 -0.4
v -0.8 1.5 -0.4
v -0.7 1.5 -0.4
v -1.19209e-07 1.5 -0.4
v 0.0999999 1.5 -0.4
v 0.2 1.5 -0.4
v -1 1.5 -0.5
v -0.9 1.5 -0.5
v -0.8 1.5 -0.5
v 0.0999999 1.5 -0.5
v 0.2 1.5 -0.5
v -0.5 1.5 -0.6
v -0.4 1.5 -0.6
v -0.2 1.5 -0.6
v -0.1 1.5 -0.6
v -1.19209e-07 1.5 -0.6
v 0.0999999 1.5 -0.6
v -1 1.5 -0.7
v -0.9 1.5 -0.7
v -0.8 1.5 -0.7
v -0.6 1.5 -0.7
v -0.5 1.5 -0.7
v -0.4 1.5 -0.7
v -0.3 1.5 -0.7
v -0.2 1.5 -0.7
v -0.1 1.5 -0.7
v -0.9 1.5 -0.8
v -0.8 1.5 -0.8
v -0.7 1.5 -0.8
v -0.6 1.5 -0.8
v -0.5 1.5 -0.8
v -0.4 1.5 -0.8
v -0.3 1.5 -0.8
v -0.2 1.5 -0.8
v -0.8 1.5 -0.9
v -0.7 1.5 -0.9
v -0.6 1.5 -0.9
v -0.4 1.6 0
v -0.3 1.6 0
v -0.6 1.6 -0.1
v -0.5 1.6 -0.1
v -0.4 1.6 -0.1
v -0.3 1.6 -0.1
v -0.1 1.6 -0.1
v -0.5 1.6 -0.2
v -0.3 1.6 -0.2
v -0.2 1.6 -0.2
v -0.1 1.6 -0.2
v -1.19209e-07 1.6 -0.2
v -0.7 1.6 -0.3
v -0.6 1.6 -0.3
v -0.5 1.6 -0.3
v -0.2 1.6 -0.3
v -0.1 1.6 -0.3
v -1.19209e-07 1.6 -0.3
v 0.0999999 1.6 -0.3
v -0.8 1.6 -0.4
v -0.7 1.6 -0.4
v -0.6 1.6 -0.4
v -0.1 1.6 -0.4
v -1.19209e-07 1.6 -0.4
v 0.0999999 1.6 -0.4
v -0.9 1.6 -0.5
v -0.8 1.6 -0.5
v -0.7 1.6 -0.5
v -0.6 1.6 -0.5
v -0.5 1.6 -0.5
v -0.3 1.6 -0.5
v -0.2 1.6 -0.5
v -0.1 1.6 -0.5
v -0.7 1.6 -0.6
v -0.6 1.6 -0.6
v -0.5 1.6 -0.6
v -0.4 1.6 -0.6
v -0.3 1.6 -0.6
v -0.2 1.6 -0.6
v -1.19209e-07 1.6 -0.6
v -0.9 1.6 -0.7
v -0.8 1.6 -0.7
v -0.7 1.6 -0.7
v -0.6 1.6 -0.7
v -0.5 1.6 -0.7
v -0.4 1.6 -0.7
v -0.2 1.6 -0.7
v -0.8 1.6 -0.8
v -0.6 1.6 -0.8
v -0.5 1.7 -0.1
v -0.3 1.7 -0.1
v -0.5 1.7 -0.2
v -0.4 1.7 -0.2
v -0.3 1.7 -0.2
v -0.2 1.7 -0.2
v -0.6 1.7 -0.3
v -0.5 1.7 -0.3
v -0.4 1.7 -0.3
v -0.2 1.7 -0.3
v -0.1 1.7 -0.3
v -0.2 1.7 -0.4
v -0.1 1.7 -0.4
v -0.6 1.7 -0.5
v -0.5 1.7 -0.5
v -0.3 1.7 -0.5
v -0.2 1.7 -0.5
v -0.1 1.7 -0.5
v -0.3 1.7 -0.6
v -0.2 1.7 -0.6

# faces
f 3/7/1 2/7/1 1/7/1
f 4/7/1 2/7/1 3/7/1
f 5/7/1 2/7/1 4/7/1
f 6/7/1 2/7/1 5/7/1
f 7/6/1 5/6/1 4/6/1
f 8/6/1 5/6/1 7/6/1
f 9/6/1 7/6/1 4/6/1
f 10/4/1 8/4/1 7/4/1
f 10/6/1 7/6/1 9/6/1
f 11/4/1 8/4/1 10/4/1
f 12/4/1 8/4/1 11/4/1
f 13/6/1 5/6/1 8/6/1
f 13/4/1 8/4/1 12/4/1
f 14/6/1 5/6/1 13/6/1
f 15/5/1 12/5/1 11/5/1
f 15/4/1 10/4/1 9/4/1
f 15/4/1 11/4/1 10/4/1
f 16/4/1 14/4/1 13/4/1
f 16/5/1 12/5/1 15/5/1
f 16/4/1 13/4/1 12/4/1
f 17/4/1 14/4/1 16/4/1
f 18/4/1 14/4/1 17/4/1
f 19/4/1 14/4/1 18/4/1
f 20/4/1 14/4/1 19/4/1
f 21/4/1 16/4/1 15/4/1
f 21/4/1 17/4/1 16/4/1
f 21/5/1 18/5/1 17/5/1
f 22/4/1 19/4/1 18/4/1
f 22/5/1 18/5/1 21/5/1
f 23/5/1 20/5/1 19/5/1
f 23/4/1 19/4/1 22/4/1
f 24/4/1 14/4/1 20/4/1
f 24/5/1 20/5/1 23/5/1
f 25/4/1 23/4/1 22/4/1
f 25/4/1 22/4/1 21/4/1
f 25/4/1 24/4/1 23/4/1
f 26/4/1 24/4/1 25/4/1
f 27/6/1 9/6/1 4/6/1
f 27/4/1 15/4/1 9/4/1
f 27/4/1 21/4/1 15/4/1
f 27/4/1 25/4/1 21/4/1
f 28/4/1 25/4/1 27/4/1
f 29/5/1 26/5/1 25/5/1
f 29/4/1 25/4/1 28/4/1
f 30/4/1 24/4/1 26/4/1
f 30/5/1 26/5/1 29/5/1
f 31/4/1 14/4/1 24/4/1
f 31/4/1 24/4/1 30/4/1
f 32/6/1 5/6/1 14/6/1
f 32/4/1 14/4/1 31/4/1
f 33/4/1 31/4/1 30/4/1
f 33/4/1 29/4/1 28/4/1
f 33/6/1 28/6/1 27/6/1
f 33/4/1 30/4/1 29/4/1
f 34/6/1 32/6/1 31/6/1
f 34/4/1 31/4/1 33/4/1
f 35/8/1 4/8/1 3/8/1
f 35/6/1 33/6/1 27/6/1
f 35/6/1 34/6/1 33/6/1
f 35/6/1 27/6/1 4/6/1
f 36/6/1 34/6/1 35/6/1
f 37/6/1 32/6/1 34/6/1
f 37/6/1 34/6/1 36/6/1
f 37/6/1 5/6/1 32/6/1
f 38/8/1 6/8/1 5/8/1
f 38/6/1 5/6/1 37/6/1
f 39/8/1 36/8/1 35/8/1
f 39/6/1 37/6/1 36/6/1
f 40/8/1 38/8/1 37/8/1
f 40/6/1 37/6/1 39/6/1
f 41/8/1 39/8/1 35/8/1
f 41/8/1 35/8/1 3/8/1
f 41/8/1 40/8/1 39/8/1
f 42/8/1 6/8/1 38/8/1
f 42/8/1 40/8/1 41/8/1
f 42/8/1 38/8/1 40/8/1
f 46/7/1 44/7/1 43/7/1
f 47/7/1 44/7/1 46/7/1
f 49/7/1 46/7/1 45/7/1
f 50/7/1 46/7/1 49/7/1
f 51/7/1 48/7/1 47/7/1
f 52/7/1 48/7/1 51/7/1
f 53/8/1 50/8/1 49/8/1
f 54/8/1 50/8/1 53/8/1
f 55/8/1 52/8/1 51/8/1
f 56/8/1 52/8/1 55/8/1
f 61/9/1 58/9/1 57/9/1
f 62/9/1 58/9/1 61/9/1
f 63/9/1 60/9/1 59/9/1
f 64/9/1 60/9/1 63/9/1
f 67/2/1 66/2/1 65/2/1
f 68/2/1 66/2/1 67/2/1
f 72/2/1 69/2/1 68/2/1
f 73/2/1 69/2/1 72/2/1
f 74/2/1 69/2/1 73/2/1
f 75/2/1 72/2/1 68/2/1
f 76/2/1 72/2/1 75/2/1
f 77/1/1 73/1/1 72/1/1
f 77/2/1 72/2/1 76/2/1
f 78/1/1 73/1/1 77/1/1
f 80/2/1 69/2/1 74/2/1
f 81/2/1 69/2/1 80/2/1
f 84/2/1 71/2/1 70/2/1
f 85/2/1 71/2/1 84/2/1
f 86/2/1 77/2/1 76/2/1
f 87/2/1 77/2/1 86/2/1
f 88/2/1 82/2/1 81/2/1
f 88/2/1 80/2/1 79/2/1
f 88/2/1 81/2/1 80/2/1
f 89/2/1 84/2/1 83/2/1
f 90/2/1 84/2/1 89/2/1
f 91/2/1 88/2/1 79/2/1
f 92/2/1 88/2/1 91/2/1
f 93/1/1 89/1/1 88/1/1
f 93/2/1 88/2/1 92/2/1
f 94/1/1 89/1/1 93/1/1
f 95/2/1 93/2/1 92/2/1
f 96/2/1 93/2/1 95/2/1
f 99/2/1 98/2/1 97/2/1
f 100/2/1 98/2/1 99/2/1
f 107/2/1 103/2/1 102/2/1
f 108/2/1 103/2/1 107/2/1
f 109/2/1 101/2/1 100/2/1
f 110/2/1 101/2/1 109/2/1
f 113/1/1 105/1/1 104/1/1
f 114/2/1 106/2/1 105/2/1
f 114/1/1 105/1/1 113/1/1
f 115/2/1 106/2/1 114/2/1
f 116/2/1 106/2/1 115/2/1
f 119/3/1 111/3/1 110/3/1
f 120/3/1 111/3/1 119/3/1
f 121/1/1 113/1/1 112/1/1
f 122/1/1 113/1/1 121/1/1
f 123/2/1 115/2/1 114/2/1
f 124/2/1 115/2/1 123/2/1
f 126/2/1 118/2/1 117/2/1
f 127/2/1 118/2/1 126/2/1
f 128/2/1 121/2/1 120/2/1
f 129/2/1 121/2/1 128/2/1
f 130/2/1 115/2/1 124/2/1
f 131/2/1 115/2/1 130/2/1
f 135/2/1 126/2/1 125/2/1
f 136/2/1 126/2/1 135/2/1
f 137/2/1 132/2/1 131/2/1
f 138/2/1 132/2/1 137/2/1
f 139/1/1 134/1/1 133/1/1
f 140/1/1 134/1/1 139/1/1
f 141/2/1 139/2/1 138/2/1
f 142/2/1 139/2/1 141/2/1
f 147/2/1 144/2/1 143/2/1
f 148/2/1 144/2/1 147/2/1
f 151/2/1 146/2/1 145/2/1
f 152/2/1 146/2/1 151/2/1
f 154/2/1 149/2/1 148/2/1
f 155/2/1 149/2/1 154/2/1
f 156/2/1 153/2/1 152/2/1
f 156/2/1 152/2/1 151/2/1
f 156/2/1 151/2/1 150/2/1
f 157/2/1 153/2/1 156/2/1
f 158/2/1 153/2/1 157/2/1
f 159/2/1 153/2/1 158/2/1
f 163/1/1 158/1/1 157/1/1
f 164/2/1 160/2/1 159/2/1
f 164/1/1 158/1/1 163/1/1
f 164/2/1 159/2/1 158/2/1
f 165/2/1 160/2/1 164/2/1
f 168/2/1 162/2/1 161/2/1
f 169/2/1 162/2/1 168/2/1
f 170/2/1 166/2/1 165/2/1
f 170/2/1 165/2/1 164/2/1
f 171/2/1 166/2/1 170/2/1
f 172/2/1 166/2/1 171/2/1
f 174/2/1 168/2/1 167/2/1
f 175/2/1 168/2/1 174/2/1
f 176/3/1 172/3/1 171/3/1
f 177/2/1 173/2/1 172/2/1
f 177/3/1 172/3/1 176/3/1
f 178/2/1 173/2/1 177/2/1
f 181/2/1 180/2/1 179/2/1
f 182/2/1 180/2/1 181/2/1
f 185/1/1 184/1/1 183/1/1
f 186/1/1 184/1/1 185/1/1
f 188/1/1 187/1/1 186/1/1
f 189/1/1 187/1/1 188/1/1
f 194/2/1 190/2/1 189/2/1
f 195/2/1 190/2/1 194/2/1
f 196/2/1 193/2/1 192/2/1
f 196/2/1 192/2/1 191/2/1
f 197/2/1 193/2/1 196/2/1
f 198/2/1 193/2/1 197/2/1
f 199/2/1 193/2/1 198/2/1
f 200/2/1 198/2/1 197/2/1
f 201/2/1 198/2/1 200/2/1
f 207/1/1 203/1/1 202/1/1
f 208/2/1 204/2/1 203/2/1
f 208/1/1 203/1/1 207/1/1
f 209/2/1 204/2/1 208/2/1
f 210/2/1 206/2/1 205/2/1
f 214/2/1 208/2/1 207/2/1
f 215/2/1 210/2/1 205/2/1
f 216/1/1 211/1/1 210/1/1
f 216/2/1 210/2/1 215/2/1
f 217/2/1 212/2/1 211/2/1
f 217/1/1 211/1/1 216/1/1
f 218/2/1 212/2/1 217/2/1
f 221/2/1 214/2/1 213/2/1
f 222/2/1 208/2/1 214/2/1
f 222/2/1 214/2/1 221/2/1
f 223/2/1 208/2/1 222/2/1
f 224/2/1 219/2/1 218/2/1
f 225/2/1 219/2/1 224/2/1
f 227/2/1 222/2/1 221/2/1
f 227/2/1 221/2/1 220/2/1
f 228/2/1 222/2/1 227/2/1
f 229/2/1 222/2/1 228/2/1
f 230/2/1 226/2/1 225/2/1
f 231/2/1 226/2/1 230/2/1
f 236/2/1 233/2/1 232/2/1
f 237/2/1 233/2/1 236/2/1
f 238/3/1 235/3/1 234/3/1
f 239/3/1 235/3/1 238/3/1
f 242/2/1 241/2/1 240/2/1
f 243/2/1 241/2/1 242/2/1
f 246/2/1 245/2/1 244/2/1
f 247/2/1 245/2/1 246/2/1
f 253/2/1 248/2/1 247/2/1
f 254/2/1 248/2/1 253/2/1
f 258/1/1 250/1/1 249/1/1
f 259/2/1 252/2/1 251/2/1
f 260/2/1 252/2/1 259/2/1
f 261/2/1 255/2/1 254/2/1
f 262/2/1 255/2/1 261/2/1
f 263/2/1 257/2/1 256/2/1
f 264/1/1 258/1/1 257/1/1
f 264/2/1 257/2/1 263/2/1
f 265/1/1 250/1/1 258/1/1
f 265/1/1 258/1/1 264/1/1
f 268/2/1 267/2/1 266/2/1
f 272/2/1 268/2/1 266/2/1
f 273/2/1 268/2/1 272/2/1
f 274/2/1 270/2/1 269/2/1
f 275/2/1 270/2/1 274/2/1
f 277/2/1 276/2/1 275/2/1
f 278/2/1 276/2/1 277/2/1
f 284/2/1 272/2/1 271/2/1
f 285/2/1 272/2/1 284/2/1
f 286/2/1 279/2/1 278/2/1
f 287/2/1 279/2/1 286/2/1
f 288/2/1 281/2/1 280/2/1
f 289/2/1 281/2/1 288/2/1
f 293/2/1 283/2/1 282/2/1
f 294/2/1 283/2/1 293/2/1
f 295/2/1 288/2/1 287/2/1
f 296/2/1 288/2/1 295/2/1
f 297/2/1 291/2/1 290/2/1
f 297/2/1 290/2/1 289/2/1
f 298/2/1 291/2/1 297/2/1
f 299/1/1 293/1/1 292/1/1
f 300/1/1 293/1/1 299/1/1
f 303/2/1 302/2/1 301/2/1
f 304/2/1 302/2/1 303/2/1
f 309/2/1 306/2/1 305/2/1
f 310/2/1 306/2/1 309/2/1
f 312/2/1 308/2/1 307/2/1
f 313/2/1 311/2/1 310/2/1
f 314/2/1 311/2/1 313/2/1
f 316/2/1 312/2/1 307/2/1
f 317/2/1 312/2/1 316/2/1
f 325/2/1 316/2/1 315/2/1
f 326/2/1 316/2/1 325/2/1
f 327/2/1 319/2/1 318/2/1
f 328/2/1 319/2/1 327/2/1
f 329/2/1 321/2/1 320/2/1
f 330/2/1 321/2/1 329/2/1
f 331/2/1 323/2/1 322/2/1
f 332/2/1 323/2/1 331/2/1
f 333/2/1 325/2/1 324/2/1
f 334/2/1 325/2/1 333/2/1
f 335/2/1 333/2/1 332/2/1
f 336/2/1 333/2/1 335/2/1
f 339/2/1 338/2/1 337/2/1
f 340/2/1 338/2/1 339/2/1
f 346/2/1 342/2/1 341/2/1
f 347/2/1 342/2/1 346/2/1
f 348/2/1 344/2/1 343/2/1
f 349/2/1 344/2/1 348/2/1
f 350/2/1 346/2/1 345/2/1
f 351/2/1 346/2/1 350/2/1
f 354/2/1 353/2/1 352/2/1
f 355/2/1 353/2/1 354/2/1
f 358/2/1 357/2/1 356/2/1
f 359/2/1 357/2/1 358/2/1
f 362/2/1 361/2/1 360/2/1
f 363/2/1 361/2/1 362/2/1
f 366/2/1 365/2/1 364/2/1
f 367/2/1 365/2/1 366/2/1
f 370/1/1 369/1/1 368/1/1
f 370/1/1 368/1/1 367/1/1
f 371/1/1 369/1/1 370/1/1
f 374/2/1 373/2/1 372/2/1
f 375/2/1 373/2/1 374/2/1
f 379/2/1 377/2/1 376/2/1
f 380/3/1 378/3/1 377/3/1
f 380/2/1 377/2/1 379/2/1
f 381/3/1 378/3/1 380/3/1
f 386/2/1 383/2/1 382/2/1
f 387/2/1 383/2/1 386/2/1
f 388/2/1 385/2/1 384/2/1
f 389/2/1 386/2/1 382/2/1
f 390/2/1 386/2/1 389/2/1
f 391/2/1 388/2/1 384/2/1
f 392/2/1 388/2/1 391/2/1
f 394/1/1 393/1/1 392/1/1
f 395/1/1 393/1/1 394/1/1
f 398/1/1 397/1/1 396/1/1
f 399/1/1 397/1/1 398/1/1
f 405/2/1 401/2/1 400/2/1
f 406/2/1 401/2/1 405/2/1
f 407/2/1 403/2/1 402/2/1
f 408/2/1 403/2/1 407/2/1
f 409/2/1 405/2/1 404/2/1
f 410/2/1 405/2/1 409/2/1
f 417/2/1 412/2/1 411/2/1
f 418/2/1 412/2/1 417/2/1
f 421/2/1 414/2/1 413/2/1
f 422/2/1 414/2/1 421/2/1
f 423/2/1 416/2/1 415/2/1
f 424/2/1 416/2/1 423/2/1
f 425/2/1 416/2/1 424/2/1
f 426/2/1 419/2/1 418/2/1
f 427/2/1 419/2/1 426/2/1
f 429/2/1 421/2/1 420/2/1
f 430/2/1 421/2/1 429/2/1
f 433/2/1 429/2/1 428/2/1
f 434/2/1 429/2/1 433/2/1
f 435/2/1 432/2/1 431/2/1
f 436/2/1 432/2/1 435/2/1
f 439/2/1 435/2/1 431/2/1
f 440/1/1 436/1/1 435/1/1
f 440/2/1 435/2/1 439/2/1
f 440/1/1 437/1/1 436/1/1
f 441/2/1 438/2/1 437/2/1
f 441/1/1 437/1/1 440/1/1
f 442/2/1 438/2/1 441/2/1
f 446/2/1 444/2/1 443/2/1
f 447/2/1 444/2/1 446/2/1
f 450/1/1 446/1/1 445/1/1
f 451/1/1 446/1/1 450/1/1
f 452/2/1 449/2/1 448/2/1
f 453/2/1 449/2/1 452/2/1
f 456/2/1 455/2/1 454/2/1
f 457/2/1 455/2/1 456/2/1
f 464/2/1 459/2/1 458/2/1
f 465/2/1 459/2/1 464/2/1
f 467/2/1 461/2/1 460/2/1
f 468/1/1 463/1/1 462/1/1
f 469/1/1 463/1/1 468/1/1
f 470/2/1 467/2/1 466/2/1
f 471/2/1 461/2/1 467/2/1
f 471/2/1 467/2/1 470/2/1
f 472/2/1 461/2/1 471/2/1
f 475/1/1 474/1/1 473/1/1
f 477/1/1 475/1/1 473/1/1
f 478/2/1 476/2/1 475/2/1
f 478/1/1 475/1/1 477/1/1
f 479/2/1 476/2/1 478/2/1
f 481/2/1 480/2/1 479/2/1
f 482/2/1 480/2/1 481/2/1
f 487/2/1 484/2/1 483/2/1
f 488/2/1 484/2/1 487/2/1
f 491/2/1 486/2/1 485/2/1
f 492/2/1 486/2/1 491/2/1
f 493/2/1 490/2/1 489/2/1
f 494/2/1 490/2/1 493/2/1
f 497/1/1 496/1/1 495/1/1
f 498/1/1 496/1/1 497/1/1
f 499/2/1 498/2/1 497/2/1
f 500/2/1 498/2/1 499/2/1
f 503/2/1 502/2/1 501/2/1
f 504/2/1 502/2/1 503/2/1
f 507/2/1 506/2/1 505/2/1
f 508/2/1 506/2/1 507/2/1
f 511/2/1 510/2/1 509/2/1
f 512/2/1 510/2/1 511/2/1
f 516/2/1 514/2/1 513/2/1
f 517/2/1 514/2/1 516/2/1
f 518/2/1 516/2/1 515/2/1
f 519/2/1 516/2/1 518/2/1
f 522/2/1 521/2/1 520/2/1
f 523/2/1 521/2/1 522/2/1
f 527/2/1 525/2/1 524/2/1
f 528/2/1 525/2/1 527/2/1
f 529/2/1 527/2/1 526/2/1
f 530/2/1 527/2/1 529/2/1
f 533/2/1 532/2/1 531/2/1
f 534/2/1 532/2/1 533/2/1
f 539/9/1 536/9/1 535/9/1
f 540/9/1 536/9/1 539/9/1
f 541/9/1 538/9/1 537/9/1
f 542/9/1 538/9/1 541/9/1
f 545/2/1 544/2/1 543/2/1
f 546/2/1 544/2/1 545/2/1
f 549/2/1 548/2/1 547/2/1
f 550/2/1 548/2/1 549/2/1
f 555/6/1 552/6/1 551/6/1
f 556/6/1 554/6/1 553/6/1
f 557/6/1 555/6/1 551/6/1
f 558/6/1 554/6/1 556/6/1
f 559/6/1 555/6/1 557/6/1
f 560/6/1 555/6/1 559/6/1
f 561/6/1 558/6/1 556/6/1
f 562/6/1 558/6/1 561/6/1
f 565/6/1 564/6/1 563/6/1
f 571/4/1 566/4/1 565/4/1
f 575/5/1 568/5/1 567/5/1
f 576/5/1 568/5/1 575/5/1
f 578/4/1 574/4/1 573/4/1
f 579/4/1 576/4/1 575/4/1
f 582/6/1 570/6/1 569/6/1
f 583/6/1 565/6/1 563/6/1
f 583/4/1 571/4/1 565/4/1
f 583/4/1 572/4/1 571/4/1
f 584/4/1 572/4/1 583/4/1
f 585/4/1 572/4/1 584/4/1
f 586/4/1 578/4/1 577/4/1
f 587/4/1 574/4/1 578/4/1
f 587/4/1 578/4/1 586/4/1
f 588/4/1 579/4/1 575/4/1
f 589/5/1 580/5/1 579/5/1
f 589/4/1 579/4/1 588/4/1
f 590/5/1 580/5/1 589/5/1
f 591/4/1 582/4/1 581/4/1
f 592/6/1 570/6/1 582/6/1
f 592/4/1 582/4/1 591/4/1
f 593/4/1 590/4/1 589/4/1
f 593/4/1 588/4/1 587/4/1
f 593/4/1 587/4/1 586/4/1
f 593/4/1 591/4/1 590/4/1
f 593/4/1 589/4/1 588/4/1
f 593/4/1 585/4/1 584/4/1
f 593/4/1 586/4/1 585/4/1
f 593/6/1 584/6/1 583/6/1
f 594/6/1 592/6/1 591/6/1
f 594/4/1 591/4/1 593/4/1
f 595/6/1 593/6/1 583/6/1
f 595/6/1 583/6/1 563/6/1
f 595/6/1 594/6/1 593/6/1
f 596/6/1 594/6/1 595/6/1
f 597/6/1 570/6/1 592/6/1
f 597/6/1 594/6/1 596/6/1
f 597/6/1 592/6/1 594/6/1
f 598/6/1 570/6/1 597/6/1
f 599/8/1 596/8/1 595/8/1
f 599/6/1 597/6/1 596/6/1
f 600/8/1 598/8/1 597/8/1
f 600/6/1 597/6/1 599/6/1
f 601/8/1 599/8/1 595/8/1
f 601/8/1 600/8/1 599/8/1
f 602/8/1 598/8/1 600/8/1
f 602/8/1 600/8/1 601/8/1
f 603/6/2 604/6/2 605/6/2
f 605/4/2 606/4/2 611/4/2
f 606/5/2 607/5/2 611/5/2
f 607/4/2 608/4/2 612/4/2
f 611/5/2 607/5/2 612/5/2
f 611/4/2 612/4/2 613/4/2
f 612/4/2 608/4/2 613/4/2
f 613/4/2 608/4/2 614/4/2
f 614/4/2 608/4/2 615/4/2
f 609/6/2 610/6/2 618/6/2
f 603/6/2 605/6/2 619/6/2
f 605/4/2 611/4/2 619/4/2
f 611/4/2 613/4/2 619/4/2
f 619/4/2 613/4/2 620/4/2
f 613/5/2 614/5/2 621/5/2
f 620/4/2 613/4/2 621/4/2
f 615/4/2 616/4/2 622/4/2
f 621/5/2 614/5/2 622/5/2
f 614/4/2 615/4/2 622/4/2
f 622/4/2 616/4/2 623/4/2
f 617/4/2 618/4/2 624/4/2
f 618/6/2 610/6/2 625/6/2
f 624/4/2 618/4/2 625/4/2
f 622/4/2 623/4/2 626/4/2
f 620/4/2 621/4/2 626/4/2
f 623/4/2 624/4/2 626/4/2
f 619/6/2 620/6/2 626/6/2
f 621/4/2 622/4/2 626/4/2
f 624/6/2 625/6/2 627/6/2
f 626/4/2 624/4/2 627/4/2
f 619/6/2 626/6/2 628/6/2
f 603/6/2 619/6/2 628/6/2
f 626/6/2 627/6/2 628/6/2
f 628/6/2 627/6/2 629/6/2
f 625/6/2 610/6/2 630/6/2
f 629/6/2 627/6/2 630/6/2
f 627/6/2 625/6/2 630/6/2
f 630/6/2 610/6/2 631/6/2
f 628/8/2 629/8/2 632/8/2
f 629/6/2 630/6/2 632/6/2
f 630/8/2 631/8/2 633/8/2
f 632/6/2 630/6/2 633/6/2
f 628/8/2 632/8/2 634/8/2
f 632/8/2 633/8/2 634/8/2
f 633/8/2 631/8/2 635/8/2
f 634/8/2 633/8/2 635/8/2
f 636/6/2 637/6/2 638/6/2
f 639/6/2 640/6/2 641/6/2
f 636/6/2 638/6/2 642/6/2
f 641/6/2 640/6/2 643/6/2
f 642/6/2 638/6/2 644/6/2
f 644/6/2 638/6/2 645/6/2
f 641/6/2 643/6/2 646/6/2
f 646/6/2 643/6/2 647/6/2
f 648/9/2 649/9/2 652/9/2
f 652/9/2 649/9/2 653/9/2
f 650/9/2 651/9/2 654/9/2
f 654/9/2 651/9/2 655/9/2
f 656/2/2 657/2/2 658/2/2
f 658/2/2 657/2/2 659/2/2
f 660/1/2 661/1/2 662/1/2
f 662/1/2 661/1/2 663/1/2
f 664/2/2 665/2/2 666/2/2
f 666/2/2 665/2/2 667/2/2
f 668/3/2 669/3/2 670/3/2
f 670/3/2 669/3/2 671/3/2
f 672/2/2 673/2/2 674/2/2
f 672/2/2 674/2/2 676/2/2
f 674/2/2 675/2/2 676/2/2
f 676/2/2 675/2/2 677/2/2
f 672/2/2 676/2/2 678/2/2
f 678/2/2 676/2/2 679/2/2
f 680/3/2 681/3/2 684/3/2
f 684/3/2 681/3/2 685/3/2
f 682/2/2 683/2/2 686/2/2
f 686/2/2 683/2/2 687/2/2
f 688/2/2 689/2/2 690/2/2
f 690/2/2 689/2/2 691/2/2
f 692/2/2 693/2/2 694/2/2
f 694/2/2 693/2/2 695/2/2
f 696/2/2 697/2/2 700/2/2
f 700/2/2 697/2/2 701/2/2
f 698/2/2 699/2/2 702/2/2
f 702/2/2 699/2/2 703/2/2
f 703/2/2 704/2/2 705/2/2
f 705/2/2 704/2/2 706/2/2
f 707/2/2 708/2/2 709/2/2
f 709/2/2 708/2/2 710/2/2
f 711/2/2 712/2/2 713/2/2
f 713/2/2 712/2/2 714/2/2
f 715/2/2 716/2/2 717/2/2
f 715/2/2 717/2/2 719/2/2
f 719/2/2 717/2/2 720/2/2
f 718/2/2 719/2/2 723/2/2
f 723/2/2 719/2/2 724/2/2
f 721/2/2 722/2/2 725/2/2
f 725/2/2 722/2/2 726/2/2
f 727/2/2 728/2/2 729/2/2
f 729/2/2 728/2/2 730/2/2
f 731/2/2 732/2/2 733/2/2
f 733/2/2 732/2/2 734/2/2
f 735/2/2 736/2/2 737/2/2
f 737/2/2 736/2/2 738/2/2
f 739/3/2 740/3/2 742/3/2
f 742/3/2 740/3/2 743/3/2
f 741/2/2 742/2/2 744/2/2
f 744/2/2 742/2/2 745/2/2
f 746/2/2 747/2/2 751/2/2
f 751/2/2 747/2/2 752/2/2
f 748/2/2 749/2/2 753/2/2
f 753/2/2 749/2/2 754/2/2
f 754/2/2 749/2/2 755/2/2
f 750/2/2 751/2/2 756/2/2
f 756/2/2 751/2/2 757/2/2
f 758/2/2 759/2/2 760/2/2
f 760/2/2 759/2/2 761/2/2
f 761/3/2 762/3/2 763/3/2
f 763/3/2 762/3/2 764/3/2
f 765/2/2 766/2/2 768/2/2
f 768/2/2 766/2/2 769/2/2
f 767/3/2 768/3/2 771/3/2
f 771/3/2 768/3/2 772/3/2
f 770/2/2 771/2/2 773/2/2
f 773/2/2 771/2/2 774/2/2
f 775/2/2 776/2/2 782/2/2
f 782/2/2 776/2/2 783/2/2
f 777/2/2 778/2/2 784/2/2
f 784/2/2 778/2/2 785/2/2
f 779/1/2 780/1/2 787/1/2
f 787/1/2 780/1/2 788/1/2
f 781/2/2 782/2/2 790/2/2
f 790/2/2 782/2/2 791/2/2
f 785/2/2 786/2/2 792/2/2
f 792/2/2 786/2/2 793/2/2
f 789/2/2 790/2/2 794/2/2
f 794/2/2 790/2/2 795/2/2
f 796/2/2 797/2/2 800/2/2
f 800/2/2 797/2/2 801/2/2
f 798/2/2 799/2/2 802/2/2
f 802/2/2 799/2/2 803/2/2
f 804/2/2 805/2/2 806/2/2
f 806/2/2 805/2/2 807/2/2
f 807/2/2 808/2/2 809/2/2
f 809/2/2 808/2/2 810/2/2
f 811/2/2 812/2/2 813/2/2
f 813/2/2 812/2/2 814/2/2
f 815/2/2 816/2/2 817/2/2
f 817/2/2 816/2/2 818/2/2
f 815/2/2 817/2/2 819/2/2
f 819/2/2 817/2/2 820/2/2
f 821/2/2 822/2/2 823/2/2
f 823/2/2 822/2/2 824/2/2
f 824/2/2 825/2/2 828/2/2
f 828/2/2 825/2/2 829/2/2
f 826/1/2 827/1/2 831/1/2
f 831/1/2 827/1/2 832/1/2
f 830/2/2 831/2/2 836/2/2
f 836/2/2 831/2/2 837/2/2
f 833/2/2 834/2/2 838/2/2
f 838/2/2 834/2/2 839/2/2
f 835/2/2 836/2/2 840/2/2
f 840/2/2 836/2/2 841/2/2
f 842/2/2 843/2/2 847/2/2
f 847/2/2 843/2/2 848/2/2
f 845/2/2 846/2/2 849/2/2
f 844/2/2 845/2/2 849/2/2
f 849/2/2 846/2/2 850/2/2
f 850/2/2 846/2/2 851/2/2
f 849/3/2 850/3/2 852/3/2
f 850/1/2 851/1/2 853/1/2
f 852/3/2 850/3/2 853/3/2
f 853/1/2 851/1/2 854/1/2
f 855/2/2 856/2/2 858/2/2
f 858/2/2 856/2/2 859/2/2
f 857/1/2 858/1/2 862/1/2
f 862/1/2 858/1/2 863/1/2
f 860/2/2 861/2/2 866/2/2
f 866/2/2 861/2/2 867/2/2
f 867/2/2 861/2/2 868/2/2
f 864/2/2 865/2/2 869/2/2
f 869/2/2 865/2/2 870/2/2
f 871/1/2 872/1/2 874/1/2
f 872/2/2 873/2/2 875/2/2
f 874/1/2 872/1/2 875/1/2
f 875/2/2 873/2/2 876/2/2
f 877/2/2 878/2/2 880/2/2
f 880/2/2 878/2/2 881/2/2
f 879/2/2 880/2/2 884/2/2
f 884/2/2 880/2/2 885/2/2
f 882/2/2 883/2/2 886/2/2
f 883/2/2 884/2/2 886/2/2
f 886/2/2 884/2/2 887/2/2
f 888/1/2 889/1/2 892/1/2
f 892/1/2 889/1/2 893/1/2
f 890/2/2 891/2/2 894/2/2
f 894/2/2 891/2/2 895/2/2
f 896/2/2 897/2/2 900/2/2
f 900/2/2 897/2/2 901/2/2
f 898/1/2 899/1/2 902/1/2
f 902/1/2 899/1/2 903/1/2
f 904/2/2 905/2/2 909/2/2
f 905/2/2 906/2/2 909/2/2
f 909/2/2 906/2/2 910/2/2
f 910/2/2 906/2/2 911/2/2
f 907/2/2 908/2/2 912/2/2
f 912/2/2 908/2/2 913/2/2
f 910/2/2 911/2/2 914/2/2
f 914/2/2 911/2/2 915/2/2
f 916/2/2 917/2/2 918/2/2
f 918/2/2 917/2/2 919/2/2
f 920/2/2 921/2/2 928/2/2
f 928/2/2 921/2/2 929/2/2
f 922/2/2 923/2/2 930/2/2
f 930/2/2 923/2/2 931/2/2
f 924/2/2 925/2/2 932/2/2
f 932/2/2 925/2/2 933/2/2
f 926/2/2 927/2/2 934/2/2
f 934/2/2 927/2/2 935/2/2
f 935/2/2 927/2/2 936/2/2
f 934/2/2 935/2/2 937/2/2
f 937/2/2 935/2/2 938/2/2
f 939/2/2 940/2/2 941/2/2
f 941/2/2 940/2/2 942/2/2
f 943/2/2 944/2/2 949/2/2
f 949/2/2 944/2/2 950/2/2
f 945/2/2 946/2/2 951/2/2
f 951/2/2 946/2/2 952/2/2
f 947/2/2 948/2/2 955/2/2
f 955/2/2 948/2/2 956/2/2
f 953/2/2 954/2/2 957/2/2
f 957/2/2 954/2/2 958/2/2
f 959/2/2 960/2/2 961/2/2
f 961/2/2 960/2/2 962/2/2
f 963/1/2 964/1/2 965/1/2
f 965/1/2 964/1/2 966/1/2
f 967/1/2 968/1/2 971/1/2
f 971/1/2 968/1/2 972/1/2
f 969/2/2 970/2/2 973/2/2
f 973/2/2 970/2/2 974/2/2
f 975/2/2 976/2/2 977/2/2
f 977/2/2 976/2/2 978/2/2
f 979/2/2 980/2/2 987/2/2
f 987/2/2 980/2/2 988/2/2
f 981/2/2 982/2/2 991/2/2
f 982/2/2 983/2/2 991/2/2
f 991/2/2 983/2/2 992/2/2
f 992/2/2 983/2/2 993/2/2
f 984/1/2 985/1/2 996/1/2
f 996/1/2 985/1/2 997/1/2
f 986/2/2 987/2/2 998/2/2
f 998/2/2 987/2/2 999/2/2
f 989/1/2 990/1/2 1000/1/2
f 990/2/2 991/2/2 1001/2/2
f 1000/1/2 990/1/2 1001/1/2
f 991/2/2 992/2/2 1001/2/2
f 993/1/2 994/1/2 1002/1/2
f 1001/2/2 992/2/2 1002/2/2
f 992/1/2 993/1/2 1002/1/2
f 1002/1/2 994/1/2 1003/1/2
f 1003/1/2 994/1/2 1004/1/2
f 995/2/2 996/2/2 1005/2/2
f 1005/2/2 996/2/2 1006/2/2
f 1001/2/2 1002/2/2 1007/2/2
f 1002/2/2 1003/2/2 1007/2/2
f 1007/2/2 1003/2/2 1008/2/2
f 1009/2/2 1010/2/2 1013/2/2
f 1013/2/2 1010/2/2 1014/2/2
f 1011/2/2 1012/2/2 1020/2/2
f 1020/2/2 1012/2/2 1021/2/2
f 1015/2/2 1016/2/2 1025/2/2
f 1025/2/2 1016/2/2 1026/2/2
f 1017/1/2 1018/1/2 1029/1/2
f 1029/1/2 1018/1/2 1030/1/2
f 1019/2/2 1020/2/2 1032/2/2
f 1032/2/2 1020/2/2 1033/2/2
f 1023/1/2 1024/1/2 1034/1/2
f 1022/1/2 1023/1/2 1034/1/2
f 1034/1/2 1024/1/2 1035/1/2
f 1026/2/2 1027/2/2 1036/2/2
f 1036/2/2 1027/2/2 1037/2/2
f 1028/2/2 1029/2/2 1039/2/2
f 1039/2/2 1029/2/2 1040/2/2
f 1030/2/2 1031/2/2 1041/2/2
f 1031/3/2 1032/3/2 1042/3/2
f 1041/2/2 1031/2/2 1042/2/2
f 1042/3/2 1032/3/2 1043/3/2
f 1038/2/2 1039/2/2 1044/2/2
f 1037/2/2 1038/2/2 1044/2/2
f 1044/2/2 1039/2/2 1045/2/2
f 1048/2/2 1049/2/2 1050/2/2
f 1050/2/2 1049/2/2 1051/2/2
f 1046/2/2 1047/2/2 1052/2/2
f 1052/2/2 1047/2/2 1053/2/2
f 1054/1/2 1055/1/2 1059/1/2
f 1059/1/2 1055/1/2 1060/1/2
f 1056/2/2 1057/2/2 1066/2/2
f 1058/1/2 1059/1/2 1067/1/2
f 1059/1/2 1060/1/2 1067/1/2
f 1060/1/2 1061/1/2 1067/1/2
f 1067/1/2 1061/1/2 1068/1/2
f 1068/1/2 1061/1/2 1069/1/2
f 1063/2/2 1064/2/2 1071/2/2
f 1062/2/2 1063/2/2 1071/2/2
f 1071/2/2 1064/2/2 1072/2/2
f 1072/2/2 1064/2/2 1073/2/2
f 1065/2/2 1066/2/2 1075/2/2
f 1066/2/2 1057/2/2 1076/2/2
f 1075/2/2 1066/2/2 1076/2/2
f 1076/2/2 1057/2/2 1077/2/2
f 1058/1/2 1067/1/2 1078/1/2
f 1067/3/2 1068/3/2 1079/3/2
f 1078/1/2 1067/1/2 1079/1/2
f 1069/1/2 1070/1/2 1080/1/2
f 1079/3/2 1068/3/2 1080/3/2
f 1068/1/2 1069/1/2 1080/1/2
f 1080/1/2 1070/1/2 1081/1/2
f 1071/2/2 1072/2/2 1082/2/2
f 1082/2/2 1072/2/2 1083/2/2
f 1083/2/2 1072/2/2 1084/2/2
f 1084/2/2 1072/2/2 1085/2/2
f 1085/2/2 1072/2/2 1086/2/2
f 1074/2/2 1075/2/2 1087/2/2
f 1075/2/2 1076/2/2 1087/2/2
f 1087/2/2 1076/2/2 1088/2/2
f 1083/3/2 1084/3/2 1089/3/2
f 1084/2/2 1085/2/2 1090/2/2
f 1089/3/2 1084/3/2 1090/3/2
f 1090/2/2 1085/2/2 1091/2/2
f 1092/9/2 1093/9/2 1096/9/2
f 1096/9/2 1093/9/2 1097/9/2
f 1094/9/2 1095/9/2 1098/9/2
f 1098/9/2 1095/9/2 1099/9/2
f 1100/2/2 1101/2/2 1102/2/2
f 1102/2/2 1103/2/2 1108/2/2
f 1100/2/2 1102/2/2 1112/2/2
f 1102/2/2 1108/2/2 1112/2/2
f 1108/2/2 1109/2/2 1112/2/2
f 1112/2/2 1109/2/2 1113/2/2
f 1110/1/2 1111/1/2 1115/1/2
f 1104/2/2 1105/2/2 1116/2/2
f 1106/2/2 1107/2/2 1119/2/2
f 1119/2/2 1107/2/2 1120/2/2
f 1114/1/2 1115/1/2 1122/1/2
f 1115/1/2 1111/1/2 1123/1/2
f 1122/1/2 1115/1/2 1123/1/2
f 1123/1/2 1111/1/2 1124/1/2
f 1116/2/2 1117/2/2 1125/2/2
f 1104/2/2 1116/2/2 1125/2/2
f 1125/2/2 1117/2/2 1126/2/2
f 1118/2/2 1119/2/2 1127/2/2
f 1127/2/2 1119/2/2 1128/2/2
f 1121/1/2 1122/1/2 1129/1/2
f 1122/1/2 1123/1/2 1129/1/2
f 1129/1/2 1123/1/2 1130/1/2
f 1126/2/2 1127/2/2 1131/2/2
f 1131/2/2 1127/2/2 1132/2/2
f 1133/7/2 1134/7/2 1136/7/2
f 1136/7/2 1134/7/2 1137/7/2
f 1135/7/2 1136/7/2 1139/7/2
f 1139/7/2 1136/7/2 1140/7/2
f 1137/7/2 1138/7/2 1141/7/2
f 1141/7/2 1138/7/2 1142/7/2
f 1139/8/2 1140/8/2 1143/8/2
f 1143/8/2 1140/8/2 1144/8/2
f 1141/8/2 1142/8/2 1145/8/2
f 1145/8/2 1142/8/2 1146/8/2
f 1147/7/2 1148/7/2 1149/7/2
f 1149/7/2 1148/7/2 1150/7/2
f 1150/7/2 1148/7/2 1151/7/2
f 1151/7/2 1148/7/2 1152/7/2
f 1150/6/2 1151/6/2 1153/6/2
f 1153/6/2 1151/6/2 1154/6/2
f 1150/6/2 1153/6/2 1155/6/2
f 1153/4/2 1154/4/2 1156/4/2
f 1155/6/2 1153/6/2 1156/6/2
f 1156/4/2 1154/4/2 1157/4/2
f 1157/4/2 1154/4/2 1158/4/2
f 1158/4/2 1154/4/2 1159/4/2
f 1159/4/2 1154/4/2 1160/4/2
f 1154/6/2 1151/6/2 1161/6/2
f 1160/4/2 1154/4/2 1161/4/2
f 1161/6/2 1151/6/2 1162/6/2
f 1155/4/2 1156/4/2 1163/4/2
f 1156/4/2 1157/4/2 1163/4/2
f 1157/5/2 1158/5/2 1163/5/2
f 1158/4/2 1159/4/2 1164/4/2
f 1163/5/2 1158/5/2 1164/5/2
f 1164/4/2 1159/4/2 1165/4/2
f 1165/4/2 1159/4/2 1166/4/2
f 1159/5/2 1160/5/2 1167/5/2
f 1166/4/2 1159/4/2 1167/4/2
f 1161/4/2 1162/4/2 1168/4/2
f 1167/5/2 1160/5/2 1168/5/2
f 1160/4/2 1161/4/2 1168/4/2
f 1164/4/2 1165/4/2 1169/4/2
f 1155/4/2 1163/4/2 1169/4/2
f 1163/4/2 1164/4/2 1169/4/2
f 1169/4/2 1165/4/2 1170/4/2
f 1170/4/2 1165/4/2 1171/4/2
f 1171/4/2 1165/4/2 1172/4/2
f 1165/5/2 1166/5/2 1173/5/2
f 1172/4/2 1165/4/2 1173/4/2
f 1166/4/2 1167/4/2 1174/4/2
f 1173/5/2 1166/5/2 1174/5/2
f 1167/4/2 1168/4/2 1174/4/2
f 1155/4/2 1169/4/2 1175/4/2
f 1169/5/2 1170/5/2 1175/5/2
f 1170/4/2 1171/4/2 1176/4/2
f 1175/5/2 1170/5/2 1176/5/2
f 1171/5/2 1172/5/2 1177/5/2
f 1176/4/2 1171/4/2 1177/4/2
f 1172/4/2 1173/4/2 1178/4/2
f 1177/5/2 1172/5/2 1178/5/2
f 1173/4/2 1174/4/2 1178/4/2
f 1174/4/2 1168/4/2 1179/4/2
f 1178/4/2 1174/4/2 1179/4/2
f 1179/4/2 1168/4/2 1180/4/2
f 1175/4/2 1176/4/2 1181/4/2
f 1150/6/2 1155/6/2 1181/6/2
f 1176/4/2 1177/4/2 1181/4/2
f 1178/4/2 1179/4/2 1181/4/2
f 1177/4/2 1178/4/2 1181/4/2
f 1155/4/2 1175/4/2 1181/4/2
f 1181/4/2 1179/4/2 1182/4/2
f 1179/5/2 1180/5/2 1183/5/2
f 1182/4/2 1179/4/2 1183/4/2
f 1180/4/2 1168/4/2 1184/4/2
f 1183/5/2 1180/5/2 1184/5/2
f 1168/4/2 1162/4/2 1185/4/2
f 1184/4/2 1168/4/2 1185/4/2
f 1162/6/2 1151/6/2 1186/6/2
f 1185/4/2 1162/4/2 1186/4/2
f 1182/4/2 1183/4/2 1187/4/2
f 1181/6/2 1182/6/2 1187/6/2
f 1184/4/2 1185/4/2 1187/4/2
f 1183/4/2 1184/4/2 1187/4/2
f 1185/6/2 1186/6/2 1188/6/2
f 1187/4/2 1185/4/2 1188/4/2
f 1149/8/2 1150/8/2 1189/8/2
f 1181/6/2 1187/6/2 1189/6/2
f 1187/6/2 1188/6/2 1189/6/2
f 1150/6/2 1181/6/2 1189/6/2
f 1189/6/2 1188/6/2 1190/6/2
f 1188/6/2 1186/6/2 1191/6/2
f 1190/6/2 1188/6/2 1191/6/2
f 1186/6/2 1151/6/2 1191/6/2
f 1151/8/2 1152/8/2 1192/8/2
f 1191/6/2 1151/6/2 1192/6/2
f 1189/8/2 1190/8/2 1193/8/2
f 1190/6/2 1191/6/2 1193/6/2
f 1191/8/2 1192/8/2 1194/8/2
f 1193/6/2 1191/6/2 1194/6/2
f 1189/8/2 1193/8/2 1195/8/2
f 1149/8/2 1189/8/2 1195/8/2
f 1193/8/2 1194/8/2 1195/8/2
f 1192/8/2 1152/8/2 1196/8/2
f 1195/8/2 1194/8/2 1196/8/2
f 1194/8/2 1192/8/2 1196/8/2
f 1201/7/3 1198/7/3 1197/7/3
f 1202/8/3 1199/8/3 1198/8/3
f 1202/7/3 1198/7/3 1201/7/3
f 1203/8/3 1199/8/3 1202/8/3
f 1204/6/3 1203/6/3 1202/6/3
f 1204/8/3 1199/8/3 1203/8/3
f 1205/8/3 1199/8/3 1204/8/3
f 1206/6/3 1204/6/3 1202/6/3
f 1206/6/3 1205/6/3 1204/6/3
f 1207/6/3 1205/6/3 1206/6/3
f 1208/9/3 1201/9/3 1200/9/3
f 1209/7/3 1202/7/3 1201/7/3
f 1209/9/3 1201/9/3 1208/9/3
f 1210/6/3 1206/6/3 1202/6/3
f 1211/4/3 1207/4/3 1206/4/3
f 1211/6/3 1206/6/3 1210/6/3
f 1212/6/3 1205/6/3 1207/6/3
f 1212/4/3 1207/4/3 1211/4/3
f 1213/6/3 1205/6/3 1212/6/3
f 1214/4/3 1211/4/3 1210/4/3
f 1214/4/3 1213/4/3 1212/4/3
f 1214/4/3 1212/4/3 1211/4/3
f 1215/4/3 1213/4/3 1214/4/3
f 1216/4/3 1214/4/3 1210/4/3
f 1216/5/3 1215/5/3 1214/5/3
f 1217/4/3 1213/4/3 1215/4/3
f 1217/5/3 1215/5/3 1216/5/3
f 1218/4/3 1217/4/3 1216/4/3
f 1218/4/3 1213/4/3 1217/4/3
f 1219/4/3 1213/4/3 1218/4/3
f 1220/4/3 1218/4/3 1216/4/3
f 1221/4/3 1218/4/3 1220/4/3
f 1222/5/3 1219/5/3 1218/5/3
f 1222/4/3 1218/4/3 1221/4/3
f 1223/4/3 1213/4/3 1219/4/3
f 1223/5/3 1219/5/3 1222/5/3
f 1224/5/3 1221/5/3 1220/5/3
f 1224/4/3 1220/4/3 1216/4/3
f 1225/4/3 1222/4/3 1221/4/3
f 1225/5/3 1221/5/3 1224/5/3
f 1225/4/3 1223/4/3 1222/4/3
f 1226/6/3 1210/6/3 1202/6/3
f 1226/4/3 1216/4/3 1210/4/3
f 1226/4/3 1225/4/3 1224/4/3
f 1226/4/3 1224/4/3 1216/4/3
f 1227/4/3 1225/4/3 1226/4/3
f 1228/4/3 1223/4/3 1225/4/3
f 1228/4/3 1225/4/3 1227/4/3
f 1228/4/3 1213/4/3 1223/4/3
f 1229/6/3 1205/6/3 1213/6/3
f 1229/4/3 1213/4/3 1228/4/3
f 1230/4/3 1228/4/3 1227/4/3
f 1230/5/3 1227/5/3 1226/5/3
f 1231/5/3 1229/5/3 1228/5/3
f 1231/4/3 1228/4/3 1230/4/3
f 1232/5/3 1230/5/3 1226/5/3
f 1232/5/3 1231/5/3 1230/5/3
f 1233/5/3 1229/5/3 1231/5/3
f 1233/5/3 1231/5/3 1232/5/3
f 1234/5/3 1232/5/3 1226/5/3
f 1234/6/3 1226/6/3 1202/6/3
f 1235/4/3 1233/4/3 1232/4/3
f 1235/5/3 1232/5/3 1234/5/3
f 1236/4/3 1233/4/3 1235/4/3
f 1237/4/3 1233/4/3 1236/4/3
f 1238/5/3 1229/5/3 1233/5/3
f 1238/4/3 1233/4/3 1237/4/3
f 1239/6/3 1205/6/3 1229/6/3
f 1239/5/3 1229/5/3 1238/5/3
f 1240/5/3 1237/5/3 1236/5/3
f 1240/4/3 1235/4/3 1234/4/3
f 1240/4/3 1236/4/3 1235/4/3
f 1241/4/3 1238/4/3 1237/4/3
f 1241/5/3 1237/5/3 1240/5/3
f 1241/4/3 1239/4/3 1238/4/3
f 1242/4/3 1240/4/3 1234/4/3
f 1242/4/3 1241/4/3 1240/4/3
f 1243/4/3 1241/4/3 1242/4/3
f 1244/4/3 1242/4/3 1234/4/3
f 1244/5/3 1243/5/3 1242/5/3
f 1245/4/3 1241/4/3 1243/4/3
f 1245/5/3 1243/5/3 1244/5/3
f 1246/4/3 1239/4/3 1241/4/3
f 1246/4/3 1241/4/3 1245/4/3
f 1247/4/3 1239/4/3 1246/4/3
f 1248/4/3 1245/4/3 1244/4/3
f 1248/4/3 1246/4/3 1245/4/3
f 1248/5/3 1247/5/3 1246/5/3
f 1249/4/3 1239/4/3 1247/4/3
f 1249/5/3 1247/5/3 1248/5/3
f 1251/7/3 1202/7/3 1209/7/3
f 1252/4/3 1248/4/3 1244/4/3
f 1252/6/3 1234/6/3 1202/6/3
f 1252/4/3 1244/4/3 1234/4/3
f 1252/4/3 1249/4/3 1248/4/3
f 1253/4/3 1249/4/3 1252/4/3
f 1254/4/3 1239/4/3 1249/4/3
f 1254/4/3 1249/4/3 1253/4/3
f 1255/6/3 1205/6/3 1239/6/3
f 1255/4/3 1239/4/3 1254/4/3
f 1256/6/3 1253/6/3 1252/6/3
f 1256/4/3 1254/4/3 1253/4/3
f 1257/6/3 1255/6/3 1254/6/3
f 1257/4/3 1254/4/3 1256/4/3
f 1258/6/3 1205/6/3 1255/6/3
f 1258/6/3 1255/6/3 1257/6/3
f 1258/6/3 1257/6/3 1256/6/3
f 1259/8/3 1199/8/3 1205/8/3
f 1259/6/3 1205/6/3 1258/6/3
f 1260/9/3 1251/9/3 1250/9/3
f 1261/7/3 1202/7/3 1251/7/3
f 1261/9/3 1251/9/3 1260/9/3
f 1262/6/3 1258/6/3 1256/6/3
f 1262/7/3 1202/7/3 1261/7/3
f 1262/6/3 1252/6/3 1202/6/3
f 1262/6/3 1256/6/3 1252/6/3
f 1263/8/3 1259/8/3 1258/8/3
f 1263/6/3 1258/6/3 1262/6/3
f 1264/7/3 1262/7/3 1261/7/3
f 1265/8/3 1263/8/3 1262/8/3
f 1265/7/3 1262/7/3 1264/7/3
f 1266/8/3 1199/8/3 1259/8/3
f 1266/8/3 1263/8/3 1265/8/3
f 1266/8/3 1259/8/3 1263/8/3
f 1271/7/3 1268/7/3 1267/7/3
f 1272/8/3 1269/8/3 1268/8/3
f 1272/7/3 1268/7/3 1271/7/3
f 1273/8/3 1269/8/3 1272/8/3
f 1274/7/3 1271/7/3 1270/7/3
f 1275/7/3 1271/7/3 1274/7/3
f 1278/7/3 1277/7/3 1276/7/3
f 1279/7/3 1277/7/3 1278/7/3
f 1282/7/3 1281/7/3 1280/7/3
f 1283/7/3 1281/7/3 1282/7/3
f 1286/7/3 1284/7/3 1283/7/3
f 1287/8/3 1285/8/3 1284/8/3
f 1287/7/3 1284/7/3 1286/7/3
f 1288/8/3 1285/8/3 1287/8/3
f 1291/2/3 1290/2/3 1289/2/3
f 1292/2/3 1290/2/3 1291/2/3
f 1294/2/3 1293/2/3 1292/2/3
f 1296/2/3 1295/2/3 1294/2/3
f 1298/2/3 1294/2/3 1292/2/3
f 1298/2/3 1297/2/3 1296/2/3
f 1298/2/3 1296/2/3 1294/2/3
f 1299/2/3 1297/2/3 1298/2/3
f 1300/2/3 1297/2/3 1299/2/3
f 1301/2/3 1298/2/3 1292/2/3
f 1301/3/3 1299/3/3 1298/3/3
f 1302/3/3 1299/3/3 1301/3/3
f 1303/2/3 1301/2/3 1292/2/3
f 1304/2/3 1301/2/3 1303/2/3
f 1308/2/3 1306/2/3 1305/2/3
f 1309/2/3 1306/2/3 1308/2/3
f 1310/1/3 1308/1/3 1307/1/3
f 1310/1/3 1309/1/3 1308/1/3
f 1311/1/3 1309/1/3 1310/1/3
f 1312/1/3 1309/1/3 1311/1/3
f 1313/1/3 1309/1/3 1312/1/3
f 1316/2/3 1315/2/3 1314/2/3
f 1317/2/3 1315/2/3 1316/2/3
f 1320/2/3 1319/2/3 1318/2/3
f 1321/2/3 1319/2/3 1320/2/3
f 1323/2/3 1322/2/3 1321/2/3
f 1324/2/3 1322/2/3 1323/2/3
f 1326/3/3 1325/3/3 1324/3/3
f 1327/3/3 1325/3/3 1326/3/3
f 1329/2/3 1328/2/3 1327/2/3
f 1330/2/3 1328/2/3 1329/2/3
f 1336/2/3 1332/2/3 1331/2/3
f 1337/2/3 1332/2/3 1336/2/3
f 1338/2/3 1334/2/3 1333/2/3
f 1339/2/3 1334/2/3 1338/2/3
f 1342/2/3 1337/2/3 1336/2/3
f 1342/2/3 1340/2/3 1339/2/3
f 1342/2/3 1339/2/3 1338/2/3
f 1342/2/3 1338/2/3 1337/2/3
f 1342/2/3 1336/2/3 1335/2/3
f 1343/2/3 1340/2/3 1342/2/3
f 1344/2/3 1340/2/3 1343/2/3
f 1345/2/3 1342/2/3 1341/2/3
f 1345/2/3 1343/2/3 1342/2/3
f 1346/2/3 1343/2/3 1345/2/3
f 1347/2/3 1343/2/3 1346/2/3
f 1348/2/3 1343/2/3 1347/2/3
f 1349/2/3 1343/2/3 1348/2/3
f 1350/1/3 1347/1/3 1346/1/3
f 1351/1/3 1347/1/3 1350/1/3
f 1352/2/3 1348/2/3 1347/2/3
f 1352/1/3 1347/1/3 1351/1/3
f 1353/2/3 1348/2/3 1352/2/3
f 1355/2/3 1351/2/3 1350/2/3
f 1356/2/3 1351/2/3 1355/2/3
f 1357/1/3 1354/1/3 1353/1/3
f 1358/1/3 1354/1/3 1357/1/3
f 1361/2/3 1360/2/3 1359/2/3
f 1362/2/3 1360/2/3 1361/2/3
f 1366/1/3 1365/1/3 1364/1/3
f 1370/2/3 1364/2/3 1363/2/3
f 1371/1/3 1366/1/3 1364/1/3
f 1371/1/3 1367/1/3 1366/1/3
f 1371/2/3 1364/2/3 1370/2/3
f 1372/2/3 1368/2/3 1367/2/3
f 1372/1/3 1367/1/3 1371/1/3
f 1373/2/3 1370/2/3 1369/2/3
f 1373/2/3 1368/2/3 1372/2/3
f 1373/2/3 1372/2/3 1371/2/3
f 1373/2/3 1371/2/3 1370/2/3
f 1374/2/3 1368/2/3 1373/2/3
f 1375/2/3 1373/2/3 1369/2/3
f 1376/2/3 1373/2/3 1375/2/3
f 1378/2/3 1375/2/3 1369/2/3
f 1379/2/3 1375/2/3 1378/2/3
f 1380/1/3 1376/1/3 1375/1/3
f 1380/2/3 1375/2/3 1379/2/3
f 1381/1/3 1376/1/3 1380/1/3
f 1382/2/3 1379/2/3 1378/2/3
f 1382/2/3 1378/2/3 1377/2/3
f 1383/2/3 1379/2/3 1382/2/3
f 1384/1/3 1380/1/3 1379/1/3
f 1384/2/3 1379/2/3 1383/2/3
f 1385/1/3 1384/1/3 1383/1/3
f 1386/1/3 1380/1/3 1384/1/3
f 1386/1/3 1384/1/3 1385/1/3
f 1389/2/3 1388/2/3 1387/2/3
f 1390/2/3 1388/2/3 1389/2/3
f 1393/2/3 1392/2/3 1391/2/3
f 1394/2/3 1392/2/3 1393/2/3
f 1396/2/3 1395/2/3 1394/2/3
f 1397/2/3 1395/2/3 1396/2/3
f 1402/2/3 1399/2/3 1398/2/3
f 1403/2/3 1399/2/3 1402/2/3
f 1404/2/3 1401/2/3 1400/2/3
f 1405/2/3 1401/2/3 1404/2/3
f 1408/2/3 1406/2/3 1405/2/3
f 1409/2/3 1406/2/3 1408/2/3
f 1410/2/3 1408/2/3 1407/2/3
f 1411/2/3 1408/2/3 1410/2/3
f 1413/3/3 1411/3/3 1410/3/3
f 1414/3/3 1411/3/3 1413/3/3
f 1417/1/3 1413/1/3 1412/1/3
f 1418/1/3 1413/1/3 1417/1/3
f 1420/2/3 1416/2/3 1415/2/3
f 1421/2/3 1416/2/3 1420/2/3
f 1422/2/3 1420/2/3 1419/2/3
f 1425/1/3 1424/1/3 1423/1/3
f 1426/1/3 1424/1/3 1425/1/3
f 1427/1/3 1424/1/3 1426/1/3
f 1428/2/3 1422/2/3 1419/2/3
f 1431/2/3 1430/2/3 1429/2/3
f 1432/2/3 1430/2/3 1431/2/3
f 1435/1/3 1434/1/3 1433/1/3
f 1436/1/3 1434/1/3 1435/1/3
f 1437/2/3 1428/2/3 1419/2/3
f 1438/2/3 1428/2/3 1437/2/3
f 1440/1/3 1435/1/3 1433/1/3
f 1441/1/3 1435/1/3 1440/1/3
f 1442/1/3 1439/1/3 1438/1/3
f 1443/1/3 1439/1/3 1442/1/3
f 1446/2/3 1445/2/3 1444/2/3
f 1447/2/3 1445/2/3 1446/2/3
f 1450/2/3 1449/2/3 1448/2/3
f 1451/2/3 1449/2/3 1450/2/3
f 1453/2/3 1452/2/3 1451/2/3
f 1454/2/3 1452/2/3 1453/2/3
f 1457/2/3 1456/2/3 1455/2/3
f 1458/2/3 1456/2/3 1457/2/3
f 1459/3/3 1458/3/3 1457/3/3
f 1460/3/3 1458/3/3 1459/3/3
f 1462/2/3 1460/2/3 1459/2/3
f 1463/2/3 1460/2/3 1462/2/3
f 1463/2/3 1462/2/3 1461/2/3
f 1465/2/3 1463/2/3 1461/2/3
f 1466/2/3 1463/2/3 1465/2/3
f 1467/1/3 1464/1/3 1463/1/3
f 1467/2/3 1463/2/3 1466/2/3
f 1468/1/3 1464/1/3 1467/1/3
f 1469/2/3 1467/2/3 1466/2/3
f 1469/2/3 1468/2/3 1467/2/3
f 1470/2/3 1468/2/3 1469/2/3
f 1471/2/3 1469/2/3 1466/2/3
f 1472/2/3 1469/2/3 1471/2/3
f 1475/2/3 1474/2/3 1473/2/3
f 1476/2/3 1474/2/3 1475/2/3
f 1478/3/3 1476/3/3 1475/3/3
f 1479/3/3 1476/3/3 1478/3/3
f 1480/2/3 1478/2/3 1477/2/3
f 1480/2/3 1479/2/3 1478/2/3
f 1481/2/3 1479/2/3 1480/2/3
f 1482/2/3 1479/2/3 1481/2/3
f 1483/2/3 1481/2/3 1480/2/3
f 1484/2/3 1481/2/3 1483/2/3
f 1488/1/3 1486/1/3 1485/1/3
f 1489/1/3 1488/1/3 1487/1/3
f 1490/1/3 1486/1/3 1488/1/3
f 1490/1/3 1488/1/3 1489/1/3
f 1493/1/3 1492/1/3 1491/1/3
f 1494/1/3 1492/1/3 1493/1/3
f 1496/2/3 1495/2/3 1494/2/3
f 1497/2/3 1495/2/3 1496/2/3
f 1499/2/3 1498/2/3 1497/2/3
f 1500/2/3 1498/2/3 1499/2/3
f 1502/2/3 1501/2/3 1500/2/3
f 1504/2/3 1502/2/3 1500/2/3
f 1504/2/3 1503/2/3 1502/2/3
f 1505/2/3 1503/2/3 1504/2/3
f 1506/2/3 1504/2/3 1500/2/3
f 1507/2/3 1504/2/3 1506/2/3
f 1508/1/3 1507/1/3 1506/1/3
f 1509/1/3 1507/1/3 1508/1/3
f 1510/1/3 1507/1/3 1509/1/3
f 1514/2/3 1512/2/3 1511/2/3
f 1515/2/3 1512/2/3 1514/2/3
f 1516/2/3 1514/2/3 1513/2/3
f 1517/2/3 1514/2/3 1516/2/3
f 1519/2/3 1518/2/3 1517/2/3
f 1520/2/3 1518/2/3 1519/2/3
f 1523/1/3 1522/1/3 1521/1/3
f 1524/1/3 1522/1/3 1523/1/3
f 1527/1/3 1526/1/3 1525/1/3
f 1528/1/3 1526/1/3 1527/1/3
f 1530/1/3 1529/1/3 1528/1/3
f 1531/1/3 1529/1/3 1530/1/3
f 1533/2/3 1532/2/3 1531/2/3
f 1534/2/3 1532/2/3 1533/2/3
f 1536/2/3 1535/2/3 1534/2/3
f 1537/2/3 1535/2/3 1536/2/3
f 1539/2/3 1538/2/3 1537/2/3
f 1540/2/3 1538/2/3 1539/2/3
f 1543/2/3 1542/2/3 1541/2/3
f 1544/2/3 1542/2/3 1543/2/3
f 1547/2/3 1546/2/3 1545/2/3
f 1549/2/3 1547/2/3 1545/2/3
f 1549/2/3 1548/2/3 1547/2/3
f 1550/2/3 1548/2/3 1549/2/3
f 1551/2/3 1548/2/3 1550/2/3
f 1554/2/3 1553/2/3 1552/2/3
f 1555/2/3 1553/2/3 1554/2/3
f 1558/2/3 1557/2/3 1556/2/3
f 1559/2/3 1557/2/3 1558/2/3
f 1562/2/3 1561/2/3 1560/2/3
f 1563/2/3 1561/2/3 1562/2/3
f 1565/2/3 1564/2/3 1563/2/3
f 1566/2/3 1564/2/3 1565/2/3
f 1569/2/3 1568/2/3 1567/2/3
f 1571/2/3 1569/2/3 1567/2/3
f 1571/2/3 1570/2/3 1569/2/3
f 1572/2/3 1570/2/3 1571/2/3
f 1573/2/3 1570/2/3 1572/2/3
f 1575/2/3 1574/2/3 1573/2/3
f 1575/2/3 1573/2/3 1572/2/3
f 1576/2/3 1574/2/3 1575/2/3
f 1578/2/3 1574/2/3 1576/2/3
f 1579/2/3 1574/2/3 1578/2/3
f 1580/2/3 1578/2/3 1577/2/3
f 1581/2/3 1578/2/3 1580/2/3
f 1584/2/3 1583/2/3 1582/2/3
f 1585/2/3 1583/2/3 1584/2/3
f 1589/2/3 1587/2/3 1586/2/3
f 1590/2/3 1587/2/3 1589/2/3
f 1591/2/3 1589/2/3 1588/2/3
f 1592/2/3 1589/2/3 1591/2/3
f 1595/2/3 1594/2/3 1593/2/3
f 1596/2/3 1594/2/3 1595/2/3
f 1599/2/3 1598/2/3 1597/2/3
f 1600/2/3 1598/2/3 1599/2/3
f 1602/2/3 1601/2/3 1600/2/3
f 1603/2/3 1601/2/3 1602/2/3
f 1606/2/3 1605/2/3 1604/2/3
f 1607/2/3 1605/2/3 1606/2/3
f 1610/1/3 1609/1/3 1608/1/3
f 1611/1/3 1609/1/3 1610/1/3
f 1615/2/3 1613/2/3 1612/2/3
f 1616/2/3 1613/2/3 1615/2/3
f 1617/3/3 1615/3/3 1614/3/3
f 1618/3/3 1615/3/3 1617/3/3
f 1621/1/3 1620/1/3 1619/1/3
f 1622/1/3 1620/1/3 1621/1/3
f 1625/2/3 1624/2/3 1623/2/3
f 1626/2/3 1624/2/3 1625/2/3
f 1628/2/3 1627/2/3 1626/2/3
f 1629/2/3 1627/2/3 1628/2/3
f 1632/3/3 1631/3/3 1630/3/3
f 1633/3/3 1631/3/3 1632/3/3
f 1636/2/3 1635/2/3 1634/2/3
f 1638/2/3 1636/2/3 1634/2/3
f 1638/2/3 1637/2/3 1636/2/3
f 1639/2/3 1637/2/3 1638/2/3
f 1642/2/3 1638/2/3 1634/2/3
f 1643/2/3 1638/2/3 1642/2/3
f 1644/2/3 1641/2/3 1640/2/3
f 1645/2/3 1641/2/3 1644/2/3
f 1647/1/3 1646/1/3 1645/1/3
f 1648/1/3 1646/1/3 1647/1/3
f 1651/1/3 1650/1/3 1649/1/3
f 1652/1/3 1650/1/3 1651/1/3
f 1655/2/3 1654/2/3 1653/2/3
f 1656/2/3 1654/2/3 1655/2/3
f 1659/2/3 1658/2/3 1657/2/3
f 1660/2/3 1658/2/3 1659/2/3
f 1665/2/3 1662/2/3 1661/2/3
f 1666/2/3 1662/2/3 1665/2/3
f 1667/2/3 1664/2/3 1663/2/3
f 1668/2/3 1664/2/3 1667/2/3
f 1670/2/3 1669/2/3 1668/2/3
f 1671/2/3 1669/2/3 1670/2/3
f 1674/2/3 1673/2/3 1672/2/3
f 1675/2/3 1673/2/3 1674/2/3
f 1678/2/3 1677/2/3 1676/2/3
f 1679/2/3 1677/2/3 1678/2/3
f 1681/2/3 1680/2/3 1679/2/3
f 1682/2/3 1680/2/3 1681/2/3
f 1684/2/3 1683/2/3 1682/2/3
f 1685/2/3 1683/2/3 1684/2/3
f 1688/2/3 1687/2/3 1686/2/3
f 1689/2/3 1687/2/3 1688/2/3
f 1692/2/3 1691/2/3 1690/2/3
f 1693/2/3 1691/2/3 1692/2/3
f 1697/2/3 1695/2/3 1694/2/3
f 1697/2/3 1696/2/3 1695/2/3
f 1698/2/3 1696/2/3 1697/2/3
f 1701/1/3 1700/1/3 1699/1/3
f 1702/1/3 1700/1/3 1701/1/3
f 1704/2/3 1703/2/3 1702/2/3
f 1705/2/3 1703/2/3 1704/2/3
f 1708/2/3 1707/2/3 1706/2/3
f 1709/2/3 1707/2/3 1708/2/3
f 1711/2/3 1710/2/3 1709/2/3
f 1712/2/3 1710/2/3 1711/2/3
f 1715/2/3 1714/2/3 1713/2/3
f 1716/2/3 1714/2/3 1715/2/3
f 1717/2/3 1714/2/3 1716/2/3
f 1720/2/3 1719/2/3 1718/2/3
f 1721/2/3 1719/2/3 1720/2/3
f 1724/2/3 1723/2/3 1722/2/3
f 1725/2/3 1723/2/3 1724/2/3
f 1728/2/3 1727/2/3 1726/2/3
f 1729/2/3 1727/2/3 1728/2/3
f 1733/2/3 1731/2/3 1730/2/3
f 1734/2/3 1731/2/3 1733/2/3
f 1735/2/3 1733/2/3 1732/2/3
f 1736/2/3 1733/2/3 1735/2/3
f 1740/2/3 1738/2/3 1737/2/3
f 1741/2/3 1738/2/3 1740/2/3
f 1742/2/3 1740/2/3 1739/2/3
f 1743/2/3 1740/2/3 1742/2/3
f 1746/2/3 1745/2/3 1744/2/3
f 1747/2/3 1745/2/3 1746/2/3
f 1750/1/3 1749/1/3 1748/1/3
f 1751/1/3 1749/1/3 1750/1/3
f 1755/6/3 1753/6/3 1752/6/3
f 1755/6/3 1754/6/3 1753/6/3
f 1756/6/3 1754/6/3 1755/6/3
f 1757/6/3 1754/6/3 1756/6/3
f 1761/6/3 1759/6/3 1758/6/3
f 1761/6/3 1760/6/3 1759/6/3
f 1762/6/3 1760/6/3 1761/6/3
f 1763/6/3 1760/6/3 1762/6/3
f 1767/6/3 1765/6/3 1764/6/3
f 1768/6/3 1765/6/3 1767/6/3
f 1769/8/3 1766/8/3 1765/8/3
f 1769/6/3 1765/6/3 1768/6/3
f 1770/8/3 1766/8/3 1769/8/3
f 1771/6/3 1769/6/3 1768/6/3
f 1771/6/3 1770/6/3 1769/6/3
f 1772/6/3 1770/6/3 1771/6/3
f 1773/8/3 1772/8/3 1771/8/3
f 1774/8/3 1772/8/3 1773/8/3
f 1775/6/3 1770/6/3 1772/6/3
f 1775/8/3 1772/8/3 1774/8/3
f 1776/6/3 1770/6/3 1775/6/3
f 1777/4/3 1775/4/3 1774/4/3
f 1778/8/3 1776/8/3 1775/8/3
f 1778/4/3 1775/4/3 1777/4/3
f 1779/6/3 1770/6/3 1776/6/3
f 1779/8/3 1776/8/3 1778/8/3
f 1780/4/3 1779/4/3 1778/4/3
f 1781/6/3 1770/6/3 1779/6/3
f 1781/4/3 1779/4/3 1780/4/3
f 1782/6/3 1770/6/3 1781/6/3
f 1783/6/3 1770/6/3 1782/6/3
f 1784/8/3 1766/8/3 1770/8/3
f 1784/6/3 1770/6/3 1783/6/3
f 1785/8/3 1766/8/3 1784/8/3
f 1789/6/3 1787/6/3 1786/6/3
f 1790/6/3 1787/6/3 1789/6/3
f 1794/5/3 1789/5/3 1788/5/3
f 1796/5/3 1794/5/3 1793/5/3
f 1797/5/3 1796/5/3 1795/5/3
f 1798/5/3 1789/5/3 1794/5/3
f 1798/5/3 1796/5/3 1797/5/3
f 1798/5/3 1794/5/3 1796/5/3
f 1800/4/3 1798/4/3 1797/4/3
f 1801/5/3 1789/5/3 1798/5/3
f 1801/4/3 1798/4/3 1800/4/3
f 1802/6/3 1790/6/3 1789/6/3
f 1802/5/3 1789/5/3 1801/5/3
f 1802/6/3 1791/6/3 1790/6/3
f 1803/4/3 1801/4/3 1800/4/3
f 1803/4/3 1800/4/3 1799/4/3
f 1803/4/3 1802/4/3 1801/4/3
f 1804/4/3 1802/4/3 1803/4/3
f 1805/4/3 1803/4/3 1799/4/3
f 1806/4/3 1803/4/3 1805/4/3
f 1808/4/3 1802/4/3 1804/4/3
f 1810/4/3 1808/4/3 1807/4/3
f 1811/6/3 1791/6/3 1802/6/3
f 1811/4/3 1802/4/3 1808/4/3
f 1811/4/3 1808/4/3 1810/4/3
f 1812/4/3 1810/4/3 1809/4/3
f 1813/4/3 1810/4/3 1812/4/3
f 1814/6/3 1791/6/3 1811/6/3
f 1815/6/3 1791/6/3 1814/6/3
f 1816/4/3 1812/4/3 1809/4/3
f 1817/4/3 1812/4/3 1816/4/3
f 1821/6/3 1791/6/3 1815/6/3
f 1822/8/3 1819/8/3 1818/8/3
f 1823/8/3 1819/8/3 1822/8/3
f 1824/6/3 1821/6/3 1820/6/3
f 1826/6/3 1823/6/3 1822/6/3
f 1826/6/3 1824/6/3 1823/6/3
f 1827/6/3 1821/6/3 1824/6/3
f 1827/6/3 1791/6/3 1821/6/3
f 1827/6/3 1824/6/3 1826/6/3
f 1828/8/3 1792/8/3 1791/8/3
f 1828/6/3 1791/6/3 1827/6/3
f 1829/6/3 1827/6/3 1826/6/3
f 1829/6/3 1826/6/3 1825/6/3
f 1830/8/3 1828/8/3 1827/8/3
f 1830/6/3 1827/6/3 1829/6/3
f 1831/8/3 1792/8/3 1828/8/3
f 1831/8/3 1828/8/3 1830/8/3
f 1832/6/4 1833/6/4 1835/6/4
f 1835/6/4 1833/6/4 1836/6/4
f 1833/8/4 1834/8/4 1837/8/4
f 1836/6/4 1833/6/4 1837/6/4
f 1837/8/4 1834/8/4 1838/8/4
f 1836/6/4 1837/6/4 1839/6/4
f 1837/6/4 1838/6/4 1839/6/4
f 1839/6/4 1838/6/4 1840/6/4
f 1839/4/4 1840/4/4 1841/4/4
f 1840/6/4 1838/6/4 1841/6/4
f 1841/6/4 1838/6/4 1842/6/4
f 1839/4/4 1841/4/4 1843/4/4
f 1841/4/4 1842/4/4 1843/4/4
f 1843/4/4 1842/4/4 1844/4/4
f 1839/4/4 1843/4/4 1845/4/4
f 1845/4/4 1843/4/4 1846/4/4
f 1843/5/4 1844/5/4 1847/5/4
f 1846/4/4 1843/4/4 1847/4/4
f 1844/4/4 1842/4/4 1848/4/4
f 1847/5/4 1844/5/4 1848/5/4
f 1846/4/4 1847/4/4 1849/4/4
f 1848/4/4 1842/4/4 1849/4/4
f 1847/4/4 1848/4/4 1849/4/4
f 1842/6/4 1838/6/4 1850/6/4
f 1849/4/4 1842/4/4 1850/4/4
f 1846/4/4 1849/4/4 1851/4/4
f 1849/5/4 1850/5/4 1852/5/4
f 1851/4/4 1849/4/4 1852/4/4
f 1851/5/4 1852/5/4 1853/5/4
f 1850/6/4 1838/6/4 1854/6/4
f 1853/5/4 1852/5/4 1854/5/4
f 1852/5/4 1850/5/4 1854/5/4
f 1851/5/4 1853/5/4 1855/5/4
f 1855/5/4 1853/5/4 1856/5/4
f 1854/6/4 1838/6/4 1857/6/4
f 1838/8/4 1834/8/4 1858/8/4
f 1857/6/4 1838/6/4 1858/6/4
f 1858/8/4 1834/8/4 1861/8/4
f 1859/4/4 1860/4/4 1862/4/4
f 1861/8/4 1834/8/4 1864/8/4
f 1859/4/4 1862/4/4 1865/4/4
f 1865/4/4 1862/4/4 1866/4/4
f 1866/4/4 1862/4/4 1868/4/4
f 1867/4/4 1868/4/4 1869/4/4
f 1868/4/4 1862/4/4 1870/4/4
f 1869/4/4 1868/4/4 1870/4/4
f 1862/6/4 1863/6/4 1871/6/4
f 1870/4/4 1862/4/4 1871/4/4
f 1863/6/4 1864/6/4 1871/6/4
f 1869/4/4 1870/4/4 1872/4/4
f 1870/6/4 1871/6/4 1873/6/4
f 1872/4/4 1870/4/4 1873/4/4
f 1872/6/4 1873/6/4 1875/6/4
f 1871/6/4 1864/6/4 1876/6/4
f 1873/6/4 1871/6/4 1876/6/4
f 1875/6/4 1873/6/4 1876/6/4
f 1864/8/4 1834/8/4 1877/8/4
f 1876/6/4 1864/6/4 1877/6/4
f 1874/6/4 1875/6/4 1878/6/4
f 1875/6/4 1876/6/4 1878/6/4
f 1876/8/4 1877/8/4 1879/8/4
f 1878/6/4 1876/6/4 1879/6/4
f 1877/8/4 1834/8/4 1880/8/4
f 1879/8/4 1877/8/4 1880/8/4
f 1881/6/4 1882/6/4 1884/6/4
f 1882/6/4 1883/6/4 1884/6/4
f 1884/6/4 1883/6/4 1885/6/4
f 1885/6/4 1883/6/4 1886/6/4
f 1887/2/4 1888/2/4 1889/2/4
f 1889/2/4 1888/2/4 1890/2/4
f 1891/6/4 1892/6/4 1894/6/4
f 1892/6/4 1893/6/4 1894/6/4
f 1894/6/4 1893/6/4 1895/6/4
f 1895/6/4 1893/6/4 1896/6/4
f 1897/2/4 1898/2/4 1900/2/4
f 1900/2/4 1898/2/4 1901/2/4
f 1899/2/4 1900/2/4 1902/2/4
f 1899/2/4 1902/2/4 1903/2/4
f 1899/2/4 1903/2/4 1904/2/4
f 1904/2/4 1903/2/4 1905/2/4
f 1906/2/4 1907/2/4 1908/2/4
f 1908/2/4 1907/2/4 1909/2/4
f 1909/2/4 1910/2/4 1911/2/4
f 1911/2/4 1910/2/4 1912/2/4
f 1913/1/4 1914/1/4 1915/1/4
f 1915/1/4 1914/1/4 1916/1/4
f 1917/1/4 1918/1/4 1919/1/4
f 1919/1/4 1918/1/4 1920/1/4
f 1920/1/4 1921/1/4 1922/1/4
f 1922/1/4 1921/1/4 1923/1/4
f 1926/2/4 1927/2/4 1928/2/4
f 1928/2/4 1927/2/4 1929/2/4
f 1924/2/4 1925/2/4 1930/2/4
f 1930/2/4 1925/2/4 1931/2/4
f 1932/1/4 1933/1/4 1934/1/4
f 1934/1/4 1933/1/4 1935/1/4
f 1936/1/4 1937/1/4 1938/1/4
f 1938/1/4 1937/1/4 1939/1/4
f 1940/2/4 1941/2/4 1942/2/4
f 1942/2/4 1941/2/4 1943/2/4
f 1943/2/4 1944/2/4 1945/2/4
f 1945/2/4 1944/2/4 1946/2/4
f 1947/1/4 1948/1/4 1949/1/4
f 1949/1/4 1948/1/4 1950/1/4
f 1949/2/4 1950/2/4 1951/2/4
f 1951/2/4 1950/2/4 1952/2/4
f 1953/2/4 1954/2/4 1955/2/4
f 1955/2/4 1954/2/4 1956/2/4
f 1957/1/4 1958/1/4 1961/1/4
f 1961/1/4 1958/1/4 1962/1/4
f 1959/1/4 1960/1/4 1963/1/4
f 1963/1/4 1960/1/4 1964/1/4
f 1965/2/4 1966/2/4 1967/2/4
f 1965/2/4 1967/2/4 1969/2/4
f 1967/2/4 1968/2/4 1969/2/4
f 1969/2/4 1968/2/4 1970/2/4
f 1965/2/4 1969/2/4 1971/2/4
f 1965/2/4 1971/2/4 1973/2/4
f 1971/2/4 1972/2/4 1973/2/4
f 1973/2/4 1972/2/4 1974/2/4
f 1975/2/4 1976/2/4 1977/2/4
f 1977/2/4 1976/2/4 1978/2/4
f 1977/1/4 1978/1/4 1979/1/4
f 1979/1/4 1978/1/4 1980/1/4
f 1981/2/4 1982/2/4 1983/2/4
f 1983/2/4 1982/2/4 1984/2/4
f 1985/1/4 1986/1/4 1987/1/4
f 1987/1/4 1986/1/4 1988/1/4
f 1989/2/4 1990/2/4 1991/2/4
f 1991/2/4 1990/2/4 1992/2/4
f 1993/2/4 1994/2/4 1995/2/4
f 1995/2/4 1994/2/4 1996/2/4
f 1997/2/4 1998/2/4 1999/2/4
f 1999/2/4 1998/2/4 2000/2/4
f 2001/2/4 2002/2/4 2003/2/4
f 2003/2/4 2002/2/4 2004/2/4
f 2005/2/4 2006/2/4 2008/2/4
f 2008/2/4 2006/2/4 2009/2/4
f 2007/2/4 2008/2/4 2010/2/4
f 2010/2/4 2008/2/4 2011/2/4
f 2012/1/4 2013/1/4 2014/1/4
f 2014/1/4 2013/1/4 2015/1/4
f 2015/1/4 2013/1/4 2016/1/4
f 2017/2/4 2018/2/4 2019/2/4
f 2019/2/4 2018/2/4 2020/2/4
f 2021/1/4 2022/1/4 2023/1/4
f 2023/1/4 2022/1/4 2024/1/4
f 2025/2/4 2026/2/4 2027/2/4
f 2027/2/4 2026/2/4 2028/2/4
f 2023/2/4 2024/2/4 2029/2/4
f 2029/2/4 2024/2/4 2030/2/4
f 2031/2/4 2032/2/4 2035/2/4
f 2035/2/4 2032/2/4 2036/2/4
f 2033/2/4 2034/2/4 2037/2/4
f 2037/2/4 2034/2/4 2038/2/4
f 2039/2/4 2040/2/4 2041/2/4
f 2041/2/4 2040/2/4 2042/2/4
f 2043/2/4 2044/2/4 2045/2/4
f 2045/2/4 2044/2/4 2047/2/4
f 2047/2/4 2044/2/4 2048/2/4
f 2046/2/4 2047/2/4 2050/2/4
f 2050/2/4 2047/2/4 2051/2/4
f 2049/2/4 2050/2/4 2052/2/4
f 2052/2/4 2050/2/4 2053/2/4
f 2054/2/4 2055/2/4 2056/2/4
f 2056/2/4 2055/2/4 2057/2/4
f 2057/2/4 2058/2/4 2059/2/4
f 2059/2/4 2058/2/4 2060/2/4
f 2061/2/4 2062/2/4 2063/2/4
f 2063/2/4 2062/2/4 2064/2/4
f 2067/2/4 2068/2/4 2070/2/4
f 2070/2/4 2068/2/4 2071/2/4
f 2065/2/4 2066/2/4 2072/2/4
f 2072/2/4 2066/2/4 2073/2/4
f 2069/2/4 2070/2/4 2074/2/4
f 2074/2/4 2070/2/4 2077/2/4
f 2077/2/4 2070/2/4 2078/2/4
f 2075/2/4 2076/2/4 2079/2/4
f 2076/2/4 2077/2/4 2079/2/4
f 2079/2/4 2077/2/4 2080/2/4
f 2075/2/4 2079/2/4 2081/2/4
f 2081/2/4 2079/2/4 2082/2/4
f 2083/1/4 2084/1/4 2085/1/4
f 2085/1/4 2084/1/4 2086/1/4
f 2086/2/4 2087/2/4 2088/2/4
f 2086/2/4 2088/2/4 2091/2/4
f 2091/2/4 2088/2/4 2092/2/4
f 2089/2/4 2090/2/4 2093/2/4
f 2093/2/4 2090/2/4 2094/2/4
f 2095/2/4 2096/2/4 2097/2/4
f 2097/2/4 2096/2/4 2098/2/4
f 2098/1/4 2099/1/4 2100/1/4
f 2100/1/4 2099/1/4 2101/1/4
f 2101/2/4 2102/2/4 2103/2/4
f 2103/2/4 2102/2/4 2104/2/4
f 2105/2/4 2106/2/4 2108/2/4
f 2108/2/4 2106/2/4 2109/2/4
f 2107/2/4 2108/2/4 2110/2/4
f 2110/2/4 2108/2/4 2111/2/4
f 2111/2/4 2112/2/4 2113/2/4
f 2113/2/4 2112/2/4 2115/2/4
f 2115/2/4 2112/2/4 2116/2/4
f 2114/2/4 2115/2/4 2119/2/4
f 2119/2/4 2115/2/4 2120/2/4
f 2117/2/4 2118/2/4 2121/2/4
f 2121/2/4 2118/2/4 2122/2/4
f 2123/2/4 2124/2/4 2125/2/4
f 2125/2/4 2124/2/4 2126/2/4
f 2127/2/4 2128/2/4 2129/2/4
f 2129/2/4 2128/2/4 2130/2/4
f 2130/1/4 2131/1/4 2132/1/4
f 2132/1/4 2131/1/4 2133/1/4
f 2134/2/4 2135/2/4 2140/2/4
f 2140/2/4 2135/2/4 2141/2/4
f 2136/2/4 2137/2/4 2142/2/4
f 2142/2/4 2137/2/4 2143/2/4
f 2138/2/4 2139/2/4 2145/2/4
f 2145/2/4 2139/2/4 2146/2/4
f 2142/2/4 2143/2/4 2147/2/4
f 2143/3/4 2144/3/4 2148/3/4
f 2147/2/4 2143/2/4 2148/2/4
f 2148/3/4 2144/3/4 2149/3/4
f 2150/2/4 2151/2/4 2152/2/4
f 2152/2/4 2151/2/4 2153/2/4
f 2153/2/4 2154/2/4 2155/2/4
f 2155/2/4 2154/2/4 2156/2/4
f 2156/2/4 2157/2/4 2158/2/4
f 2158/2/4 2157/2/4 2160/2/4
f 2160/2/4 2157/2/4 2161/2/4
f 2159/3/4 2160/3/4 2163/3/4
f 2163/3/4 2160/3/4 2164/3/4
f 2162/2/4 2163/2/4 2167/2/4
f 2167/2/4 2163/2/4 2168/2/4
f 2165/2/4 2166/2/4 2170/2/4
f 2170/2/4 2166/2/4 2171/2/4
f 2168/2/4 2169/2/4 2172/2/4
f 2167/2/4 2168/2/4 2172/2/4
f 2172/2/4 2169/2/4 2173/2/4
f 2173/2/4 2169/2/4 2174/2/4
f 2173/1/4 2174/1/4 2175/1/4
f 2175/1/4 2174/1/4 2176/1/4
f 2177/2/4 2178/2/4 2180/2/4
f 2180/2/4 2178/2/4 2181/2/4
f 2179/3/4 2180/3/4 2182/3/4
f 2182/3/4 2180/3/4 2183/3/4
f 2182/2/4 2183/2/4 2184/2/4
f 2184/2/4 2183/2/4 2185/2/4
f 2186/2/4 2187/2/4 2189/2/4
f 2189/2/4 2187/2/4 2190/2/4
f 2188/2/4 2189/2/4 2191/2/4
f 2191/2/4 2189/2/4 2192/2/4
f 2193/2/4 2194/2/4 2195/2/4
f 2195/2/4 2194/2/4 2196/2/4
f 2196/2/4 2197/2/4 2198/2/4
f 2198/2/4 2197/2/4 2199/2/4
f 2199/2/4 2200/2/4 2202/2/4
f 2201/1/4 2202/1/4 2203/1/4
f 2202/2/4 2200/2/4 2204/2/4
f 2203/1/4 2202/1/4 2204/1/4
f 2204/2/4 2200/2/4 2205/2/4
f 2206/2/4 2207/2/4 2208/2/4
f 2206/2/4 2208/2/4 2210/2/4
f 2208/2/4 2209/2/4 2210/2/4
f 2210/2/4 2209/2/4 2211/2/4
f 2212/2/4 2213/2/4 2215/2/4
f 2215/2/4 2213/2/4 2216/2/4
f 2214/2/4 2215/2/4 2218/2/4
f 2215/3/4 2216/3/4 2219/3/4
f 2218/2/4 2215/2/4 2219/2/4
f 2219/3/4 2216/3/4 2220/3/4
f 2217/1/4 2218/1/4 2223/1/4
f 2218/2/4 2219/2/4 2223/2/4
f 2223/2/4 2219/2/4 2224/2/4
f 2221/2/4 2222/2/4 2225/2/4
f 2225/2/4 2222/2/4 2226/2/4
f 2217/1/4 2223/1/4 2228/1/4
f 2228/1/4 2223/1/4 2229/1/4
f 2226/2/4 2227/2/4 2230/2/4
f 2228/2/4 2229/2/4 2231/2/4
f 2231/2/4 2229/2/4 2232/2/4
f 2230/2/4 2227/2/4 2234/2/4
f 2234/2/4 2227/2/4 2235/2/4
f 2232/1/4 2233/1/4 2238/1/4
f 2238/1/4 2233/1/4 2239/1/4
f 2235/2/4 2236/2/4 2240/2/4
f 2240/2/4 2236/2/4 2241/2/4
f 2237/2/4 2238/2/4 2242/2/4
f 2242/2/4 2238/2/4 2243/2/4
f 2240/2/4 2241/2/4 2244/2/4
f 2241/2/4 2242/2/4 2244/2/4
f 2244/2/4 2242/2/4 2245/2/4
f 2245/2/4 2242/2/4 2246/2/4
f 2246/2/4 2242/2/4 2247/2/4
f 2247/2/4 2242/2/4 2248/2/4
f 2248/2/4 2242/2/4 2249/2/4
f 2250/3/4 2251/3/4 2253/3/4
f 2253/3/4 2251/3/4 2254/3/4
f 2252/2/4 2253/2/4 2257/2/4
f 2257/2/4 2253/2/4 2258/2/4
f 2255/2/4 2256/2/4 2260/2/4
f 2260/2/4 2256/2/4 2261/2/4
f 2259/2/4 2260/2/4 2262/2/4
f 2262/2/4 2260/2/4 2263/2/4
f 2264/2/4 2265/2/4 2266/2/4
f 2266/2/4 2265/2/4 2267/2/4
f 2267/2/4 2265/2/4 2268/2/4
f 2268/2/4 2269/2/4 2270/2/4
f 2267/2/4 2268/2/4 2270/2/4
f 2270/2/4 2269/2/4 2271/2/4
f 2271/2/4 2269/2/4 2272/2/4
f 2273/2/4 2274/2/4 2275/2/4
f 2275/2/4 2274/2/4 2276/2/4
f 2276/2/4 2277/2/4 2278/2/4
f 2278/2/4 2277/2/4 2279/2/4
f 2281/2/4 2282/2/4 2284/2/4
f 2284/2/4 2282/2/4 2285/2/4
f 2279/2/4 2280/2/4 2286/2/4
f 2286/2/4 2280/2/4 2287/2/4
f 2284/2/4 2285/2/4 2289/2/4
f 2283/2/4 2284/2/4 2289/2/4
f 2285/2/4 2286/2/4 2289/2/4
f 2289/2/4 2286/2/4 2290/2/4
f 2290/2/4 2286/2/4 2291/2/4
f 2291/2/4 2286/2/4 2292/2/4
f 2288/2/4 2289/2/4 2293/2/4
f 2289/2/4 2290/2/4 2293/2/4
f 2293/2/4 2290/2/4 2294/2/4
f 2294/2/4 2290/2/4 2295/2/4
f 2290/1/4 2291/1/4 2296/1/4
f 2295/2/4 2290/2/4 2296/2/4
f 2296/1/4 2291/1/4 2297/1/4
f 2295/2/4 2296/2/4 2300/2/4
f 2296/2/4 2297/2/4 2300/2/4
f 2298/2/4 2299/2/4 2303/2/4
f 2303/2/4 2299/2/4 2304/2/4
f 2302/2/4 2303/2/4 2304/2/4
f 2304/2/4 2299/2/4 2305/2/4
f 2295/2/4 2300/2/4 2306/2/4
f 2300/2/4 2301/2/4 2306/2/4
f 2306/2/4 2301/2/4 2307/2/4
f 2307/2/4 2301/2/4 2308/2/4
f 2308/2/4 2301/2/4 2309/2/4
f 2302/2/4 2304/2/4 2310/2/4
f 2310/2/4 2304/2/4 2311/2/4
f 2307/2/4 2308/2/4 2312/2/4
f 2312/2/4 2308/2/4 2313/2/4
f 2314/2/4 2315/2/4 2318/2/4
f 2315/2/4 2316/2/4 2318/2/4
f 2318/2/4 2316/2/4 2319/2/4
f 2317/2/4 2318/2/4 2321/2/4
f 2321/2/4 2318/2/4 2322/2/4
f 2319/2/4 2320/2/4 2323/2/4
f 2323/2/4 2320/2/4 2324/2/4
f 2317/2/4 2321/2/4 2326/2/4
f 2326/2/4 2321/2/4 2327/2/4
f 2324/2/4 2325/2/4 2331/2/4
f 2331/2/4 2325/2/4 2332/2/4
f 2328/2/4 2329/2/4 2333/2/4
f 2330/2/4 2331/2/4 2334/2/4
f 2334/2/4 2331/2/4 2335/2/4
f 2328/2/4 2333/2/4 2337/2/4
f 2333/2/4 2334/2/4 2337/2/4
f 2337/2/4 2334/2/4 2338/2/4
f 2338/2/4 2334/2/4 2339/2/4
f 2336/2/4 2337/2/4 2340/2/4
f 2337/2/4 2338/2/4 2340/2/4
f 2340/2/4 2338/2/4 2341/2/4
f 2342/7/4 2343/7/4 2346/7/4
f 2343/8/4 2344/8/4 2347/8/4
f 2346/7/4 2343/7/4 2347/7/4
f 2347/8/4 2344/8/4 2348/8/4
f 2345/7/4 2346/7/4 2349/7/4
f 2349/7/4 2346/7/4 2350/7/4
f 2351/7/4 2352/7/4 2353/7/4
f 2353/7/4 2352/7/4 2354/7/4
f 2355/7/4 2356/7/4 2357/7/4
f 2357/7/4 2356/7/4 2358/7/4
f 2358/7/4 2359/7/4 2361/7/4
f 2359/8/4 2360/8/4 2362/8/4
f 2361/7/4 2359/7/4 2362/7/4
f 2362/8/4 2360/8/4 2363/8/4
f 2364/7/4 2365/7/4 2368/7/4
f 2365/8/4 2366/8/4 2369/8/4
f 2368/7/4 2365/7/4 2369/7/4
f 2369/8/4 2366/8/4 2370/8/4
f 2369/6/4 2370/6/4 2371/6/4
f 2370/8/4 2366/8/4 2371/8/4
f 2371/8/4 2366/8/4 2372/8/4
f 2369/6/4 2371/6/4 2373/6/4
f 2371/6/4 2372/6/4 2373/6/4
f 2373/6/4 2372/6/4 2374/6/4
f 2367/9/4 2368/9/4 2375/9/4
f 2368/7/4 2369/7/4 2376/7/4
f 2375/9/4 2368/9/4 2376/9/4
f 2369/6/4 2373/6/4 2377/6/4
f 2373/8/4 2374/8/4 2378/8/4
f 2377/6/4 2373/6/4 2378/6/4
f 2374/6/4 2372/6/4 2379/6/4
f 2378/8/4 2374/8/4 2379/8/4
f 2379/6/4 2372/6/4 2380/6/4
f 2377/8/4 2378/8/4 2381/8/4
f 2369/6/4 2377/6/4 2381/6/4
f 2378/4/4 2379/4/4 2382/4/4
f 2381/8/4 2378/8/4 2382/8/4
f 2379/8/4 2380/8/4 2383/8/4
f 2382/4/4 2379/4/4 2383/4/4
f 2380/6/4 2372/6/4 2384/6/4
f 2383/8/4 2380/8/4 2384/8/4
f 2382/4/4 2383/4/4 2385/4/4
f 2381/4/4 2382/4/4 2385/4/4
f 2383/4/4 2384/4/4 2385/4/4
f 2385/4/4 2384/4/4 2386/4/4
f 2381/4/4 2385/4/4 2387/4/4
f 2387/4/4 2385/4/4 2388/4/4
f 2385/5/4 2386/5/4 2389/5/4
f 2388/4/4 2385/4/4 2389/4/4
f 2386/4/4 2384/4/4 2390/4/4
f 2389/5/4 2386/5/4 2390/5/4
f 2387/5/4 2388/5/4 2391/5/4
f 2381/4/4 2387/4/4 2391/4/4
f 2388/4/4 2389/4/4 2392/4/4
f 2391/5/4 2388/5/4 2392/5/4
f 2389/4/4 2390/4/4 2392/4/4
f 2392/4/4 2390/4/4 2393/4/4
f 2393/4/4 2390/4/4 2394/4/4
f 2369/6/4 2381/6/4 2395/6/4
f 2381/4/4 2391/4/4 2395/4/4
f 2391/4/4 2392/4/4 2395/4/4
f 2392/4/4 2393/4/4 2395/4/4
f 2395/4/4 2393/4/4 2396/4/4
f 2393/5/4 2394/5/4 2397/5/4
f 2396/4/4 2393/4/4 2397/4/4
f 2394/4/4 2390/4/4 2398/4/4
f 2397/5/4 2394/5/4 2398/5/4
f 2390/4/4 2384/4/4 2399/4/4
f 2398/4/4 2390/4/4 2399/4/4
f 2384/6/4 2372/6/4 2400/6/4
f 2399/4/4 2384/4/4 2400/4/4
f 2398/4/4 2399/4/4 2401/4/4
f 2396/4/4 2397/4/4 2401/4/4
f 2395/5/4 2396/5/4 2401/5/4
f 2397/4/4 2398/4/4 2401/4/4
f 2399/5/4 2400/5/4 2402/5/4
f 2401/4/4 2399/4/4 2402/4/4
f 2395/5/4 2401/5/4 2403/5/4
f 2401/5/4 2402/5/4 2403/5/4
f 2402/5/4 2400/5/4 2404/5/4
f 2403/5/4 2402/5/4 2404/5/4
f 2395/5/4 2403/5/4 2405/5/4
f 2369/6/4 2395/6/4 2405/6/4
f 2403/4/4 2404/4/4 2406/4/4
f 2405/5/4 2403/5/4 2406/5/4
f 2406/4/4 2404/4/4 2407/4/4
f 2404/5/4 2400/5/4 2408/5/4
f 2407/4/4 2404/4/4 2408/4/4
f 2400/6/4 2372/6/4 2409/6/4
f 2408/5/4 2400/5/4 2409/5/4
f 2406/5/4 2407/5/4 2410/5/4
f 2405/4/4 2406/4/4 2410/4/4
f 2407/4/4 2408/4/4 2411/4/4
f 2410/5/4 2407/5/4 2411/5/4
f 2408/4/4 2409/4/4 2411/4/4
f 2410/4/4 2411/4/4 2412/4/4
f 2411/4/4 2409/4/4 2412/4/4
f 2412/4/4 2409/4/4 2413/4/4
f 2410/4/4 2412/4/4 2414/4/4
f 2412/5/4 2413/5/4 2415/5/4
f 2414/4/4 2412/4/4 2415/4/4
f 2413/4/4 2409/4/4 2416/4/4
f 2415/5/4 2413/5/4 2416/5/4
f 2414/5/4 2415/5/4 2417/5/4
f 2410/4/4 2414/4/4 2417/4/4
f 2415/4/4 2416/4/4 2418/4/4
f 2417/5/4 2415/5/4 2418/5/4
f 2405/4/4 2410/4/4 2419/4/4
f 2369/6/4 2405/6/4 2419/6/4
f 2417/4/4 2418/4/4 2419/4/4
f 2410/4/4 2417/4/4 2419/4/4
f 2419/4/4 2418/4/4 2420/4/4
f 2418/4/4 2416/4/4 2421/4/4
f 2420/4/4 2418/4/4 2421/4/4
f 2416/4/4 2409/4/4 2421/4/4
f 2409/6/4 2372/6/4 2422/6/4
f 2421/4/4 2409/4/4 2422/4/4
f 2376/7/4 2369/7/4 2424/7/4
f 2419/8/4 2420/8/4 2425/8/4
f 2369/6/4 2419/6/4 2425/6/4
f 2420/4/4 2421/4/4 2426/4/4
f 2425/8/4 2420/8/4 2426/8/4
f 2421/8/4 2422/8/4 2427/8/4
f 2426/4/4 2421/4/4 2427/4/4
f 2422/6/4 2372/6/4 2428/6/4
f 2427/8/4 2422/8/4 2428/8/4
f 2426/8/4 2427/8/4 2429/8/4
f 2425/6/4 2426/6/4 2429/6/4
f 2427/6/4 2428/6/4 2430/6/4
f 2429/8/4 2427/8/4 2430/8/4
f 2428/6/4 2372/6/4 2431/6/4
f 2430/6/4 2428/6/4 2431/6/4
f 2429/6/4 2430/6/4 2431/6/4
f 2372/8/4 2366/8/4 2432/8/4
f 2431/6/4 2372/6/4 2432/6/4
f 2423/9/4 2424/9/4 2433/9/4
f 2424/7/4 2369/7/4 2434/7/4
f 2433/9/4 2424/9/4 2434/9/4
f 2429/6/4 2431/6/4 2435/6/4
f 2434/7/4 2369/7/4 2435/7/4
f 2369/6/4 2425/6/4 2435/6/4
f 2425/6/4 2429/6/4 2435/6/4
f 2431/8/4 2432/8/4 2436/8/4
f 2435/6/4 2431/6/4 2436/6/4
f 2434/7/4 2435/7/4 2437/7/4
f 2435/8/4 2436/8/4 2438/8/4
f 2437/7/4 2435/7/4 2438/7/4
f 2432/8/4 2366/8/4 2439/8/4
f 2438/8/4 2436/8/4 2439/8/4
f 2436/8/4 2432/8/4 2439/8/4
f 2445/9/5 2441/9/5 2440/9/5
f 2446/9/5 2441/9/5 2445/9/5
f 2447/9/5 2443/9/5 2442/9/5
f 2448/9/5 2443/9/5 2447/9/5
f 2450/7/5 2446/7/5 2445/7/5
f 2450/7/5 2449/7/5 2448/7/5
f 2450/7/5 2448/7/5 2447/7/5
f 2450/7/5 2447/7/5 2446/7/5
f 2450/7/5 2445/7/5 2444/7/5
f 2451/7/5 2449/7/5 2450/7/5
f 2452/7/5 2450/7/5 2444/7/5
f 2453/6/5 2451/6/5 2450/6/5
f 2453/7/5 2450/7/5 2452/7/5
f 2454/7/5 2449/7/5 2451/7/5
f 2454/6/5 2451/6/5 2453/6/5
f 2455/7/5 2449/7/5 2454/7/5
f 2456/6/5 2453/6/5 2452/6/5
f 2456/7/5 2452/7/5 2444/7/5
f 2456/6/5 2455/6/5 2454/6/5
f 2456/6/5 2454/6/5 2453/6/5
f 2457/6/5 2455/6/5 2456/6/5
f 2458/6/5 2455/6/5 2457/6/5
f 2459/7/5 2449/7/5 2455/7/5
f 2459/6/5 2455/6/5 2458/6/5
f 2460/6/5 2458/6/5 2457/6/5
f 2460/7/5 2457/7/5 2456/7/5
f 2461/7/5 2459/7/5 2458/7/5
f 2461/6/5 2458/6/5 2460/6/5
f 2462/7/5 2456/7/5 2444/7/5
f 2462/7/5 2460/7/5 2456/7/5
f 2462/7/5 2461/7/5 2460/7/5
f 2463/7/5 2461/7/5 2462/7/5
f 2464/7/5 2461/7/5 2463/7/5
f 2465/7/5 2461/7/5 2464/7/5
f 2466/7/5 2449/7/5 2459/7/5
f 2466/7/5 2461/7/5 2465/7/5
f 2466/7/5 2459/7/5 2461/7/5
f 2467/7/5 2449/7/5 2466/7/5
f 2468/9/5 2464/9/5 2463/9/5
f 2469/9/5 2464/9/5 2468/9/5
f 2470/9/5 2466/9/5 2465/9/5
f 2471/9/5 2466/9/5 2470/9/5
f 2479/7/5 2473/7/5 2472/7/5
f 2480/7/5 2473/7/5 2479/7/5
f 2481/7/5 2475/7/5 2474/7/5
f 2482/7/5 2475/7/5 2481/7/5
f 2483/7/5 2477/7/5 2476/7/5
f 2484/7/5 2477/7/5 2483/7/5
f 2486/7/5 2479/7/5 2478/7/5
f 2487/7/5 2479/7/5 2486/7/5
f 2492/7/5 2485/7/5 2484/7/5
f 2493/7/5 2485/7/5 2492/7/5
f 2494/7/5 2488/7/5 2487/7/5
f 2495/7/5 2488/7/5 2494/7/5
f 2496/7/5 2490/7/5 2489/7/5
f 2497/7/5 2490/7/5 2496/7/5
f 2498/7/5 2492/7/5 2491/7/5
f 2499/7/5 2492/7/5 2498/7/5
f 2504/2/5 2501/2/5 2500/2/5
f 2505/2/5 2501/2/5 2504/2/5
f 2506/2/5 2503/2/5 2502/2/5
f 2507/2/5 2503/2/5 2506/2/5
f 2510/2/5 2509/2/5 2508/2/5
f 2511/2/5 2509/2/5 2510/2/5
f 2515/2/5 2512/2/5 2511/2/5
f 2516/1/5 2513/1/5 2512/1/5
f 2516/2/5 2512/2/5 2515/2/5
f 2517/2/5 2514/2/5 2513/2/5
f 2517/1/5 2513/1/5 2516/1/5
f 2518/2/5 2514/2/5 2517/2/5
f 2521/2/5 2520/2/5 2519/2/5
f 2522/2/5 2520/2/5 2521/2/5
f 2529/2/5 2524/2/5 2523/2/5
f 2530/2/5 2524/2/5 2529/2/5
f 2531/2/5 2526/2/5 2525/2/5
f 2532/2/5 2526/2/5 2531/2/5
f 2533/2/5 2528/2/5 2527/2/5
f 2534/2/5 2528/2/5 2533/2/5
f 2535/2/5 2526/2/5 2532/2/5
f 2536/2/5 2526/2/5 2535/2/5
f 2538/2/5 2537/2/5 2536/2/5
f 2539/2/5 2537/2/5 2538/2/5
f 2541/2/5 2540/2/5 2539/2/5
f 2542/2/5 2540/2/5 2541/2/5
f 2544/2/5 2543/2/5 2542/2/5
f 2547/2/5 2544/2/5 2542/2/5
f 2547/2/5 2545/2/5 2544/2/5
f 2548/2/5 2545/2/5 2547/2/5
f 2550/2/5 2547/2/5 2546/2/5
f 2551/2/5 2547/2/5 2550/2/5
f 2552/2/5 2550/2/5 2549/2/5
f 2553/2/5 2550/2/5 2552/2/5
f 2558/2/5 2555/2/5 2554/2/5
f 2559/2/5 2555/2/5 2558/2/5
f 2560/2/5 2557/2/5 2556/2/5
f 2561/2/5 2557/2/5 2560/2/5
f 2566/2/5 2563/2/5 2562/2/5
f 2567/2/5 2563/2/5 2566/2/5
f 2570/2/5 2565/2/5 2564/2/5
f 2571/2/5 2565/2/5 2570/2/5
f 2572/1/5 2569/1/5 2568/1/5
f 2573/1/5 2569/1/5 2572/1/5
f 2578/2/5 2575/2/5 2574/2/5
f 2579/2/5 2575/2/5 2578/2/5
f 2580/2/5 2577/2/5 2576/2/5
f 2581/2/5 2577/2/5 2580/2/5
f 2583/2/5 2582/2/5 2581/2/5
f 2584/2/5 2582/2/5 2583/2/5
f 2587/2/5 2586/2/5 2585/2/5
f 2588/2/5 2586/2/5 2587/2/5
f 2591/2/5 2590/2/5 2589/2/5
f 2592/2/5 2590/2/5 2591/2/5
f 2595/2/5 2594/2/5 2593/2/5
f 2596/2/5 2594/2/5 2595/2/5
f 2599/2/5 2598/2/5 2597/2/5
f 2600/2/5 2598/2/5 2599/2/5
f 2603/2/5 2602/2/5 2601/2/5
f 2604/2/5 2602/2/5 2603/2/5
f 2607/2/5 2606/2/5 2605/2/5
f 2608/2/5 2606/2/5 2607/2/5
f 2611/2/5 2610/2/5 2609/2/5
f 2612/2/5 2610/2/5 2611/2/5
f 2615/2/5 2614/2/5 2613/2/5
f 2616/2/5 2614/2/5 2615/2/5
f 2619/2/5 2618/2/5 2617/2/5
f 2620/2/5 2618/2/5 2619/2/5
f 2621/2/6 2622/2/6 2626/2/6
f 2626/2/6 2622/2/6 2627/2/6
f 2623/2/6 2624/2/6 2628/2/6
f 2628/2/6 2624/2/6 2629/2/6
f 2625/2/6 2626/2/6 2631/2/6
f 2631/2/6 2626/2/6 2632/2/6
f 2629/2/6 2630/2/6 2633/2/6
f 2633/2/6 2630/2/6 2634/2/6
f 2635/2/6 2636/2/6 2639/2/6
f 2636/2/6 2637/2/6 2639/2/6
f 2639/2/6 2637/2/6 2640/2/6
f 2638/2/6 2639/2/6 2643/2/6
f 2643/2/6 2639/2/6 2644/2/6
f 2640/2/6 2641/2/6 2645/2/6
f 2645/2/6 2641/2/6 2646/2/6
f 2647/2/6 2648/2/6 2649/2/6
f 2649/2/6 2648/2/6 2650/2/6
f 2642/2/6 2643/2/6 2651/2/6
f 2651/2/6 2643/2/6 2652/2/6
f 2652/2/6 2643/2/6 2655/2/6
f 2655/2/6 2643/2/6 2656/2/6
f 2653/2/6 2654/2/6 2657/2/6
f 2657/2/6 2654/2/6 2658/2/6
f 2659/2/6 2660/2/6 2663/2/6
f 2663/2/6 2660/2/6 2664/2/6
f 2661/2/6 2662/2/6 2671/2/6
f 2671/2/6 2662/2/6 2672/2/6
f 2664/2/6 2665/2/6 2673/2/6
f 2673/2/6 2665/2/6 2674/2/6
f 2666/2/6 2667/2/6 2675/2/6
f 2675/2/6 2667/2/6 2676/2/6
f 2668/2/6 2669/2/6 2677/2/6
f 2677/2/6 2669/2/6 2678/2/6
f 2670/2/6 2671/2/6 2679/2/6
f 2679/2/6 2671/2/6 2680/2/6
f 2681/2/6 2682/2/6 2685/2/6
f 2682/2/6 2683/2/6 2685/2/6
f 2685/2/6 2683/2/6 2686/2/6
f 2684/2/6 2685/2/6 2687/2/6
f 2687/2/6 2685/2/6 2688/2/6
f 2686/2/6 2683/2/6 2689/2/6
f 2689/2/6 2683/2/6 2690/2/6
f 2690/2/6 2683/2/6 2691/2/6
f 2691/2/6 2692/2/6 2693/2/6
f 2693/2/6 2692/2/6 2694/2/6
f 2695/2/6 2696/2/6 2697/2/6
f 2697/2/6 2696/2/6 2698/2/6
f 2699/2/6 2700/2/6 2703/2/6
f 2701/2/6 2702/2/6 2704/2/6
f 2704/2/6 2702/2/6 2705/2/6
f 2706/1/6 2707/1/6 2710/1/6
f 2710/1/6 2707/1/6 2711/1/6
f 2708/2/6 2709/2/6 2712/2/6
f 2712/2/6 2709/2/6 2713/2/6
f 2699/2/6 2703/2/6 2714/2/6
f 2714/2/6 2703/2/6 2715/2/6
f 2713/2/6 2709/2/6 2716/2/6
f 2716/2/6 2709/2/6 2717/2/6
f 2717/2/6 2709/2/6 2718/2/6
f 2718/2/6 2709/2/6 2719/2/6
f 2719/2/6 2720/2/6 2721/2/6
f 2721/2/6 2720/2/6 2722/2/6
f 2722/2/6 2723/2/6 2724/2/6
f 2722/2/6 2724/2/6 2727/2/6
f 2724/2/6 2725/2/6 2727/2/6
f 2727/2/6 2725/2/6 2728/2/6
f 2726/2/6 2727/2/6 2730/2/6
f 2730/2/6 2727/2/6 2733/2/6
f 2729/2/6 2730/2/6 2733/2/6
f 2731/2/6 2732/2/6 2737/2/6
f 2737/2/6 2732/2/6 2738/2/6
f 2738/2/6 2732/2/6 2739/2/6
f 2733/2/6 2734/2/6 2740/2/6
f 2729/2/6 2733/2/6 2740/2/6
f 2740/2/6 2734/2/6 2741/2/6
f 2741/2/6 2734/2/6 2742/2/6
f 2735/2/6 2736/2/6 2743/2/6
f 2743/2/6 2736/2/6 2744/2/6
f 2744/2/6 2736/2/6 2745/2/6
f 2746/2/6 2747/2/6 2756/2/6
f 2756/2/6 2747/2/6 2757/2/6
f 2748/2/6 2749/2/6 2758/2/6
f 2749/3/6 2750/3/6 2758/3/6
f 2750/2/6 2751/2/6 2759/2/6
f 2758/3/6 2750/3/6 2759/3/6
f 2759/2/6 2751/2/6 2760/2/6
f 2752/2/6 2753/2/6 2763/2/6
f 2763/2/6 2753/2/6 2764/2/6
f 2754/3/6 2755/3/6 2765/3/6
f 2765/3/6 2755/3/6 2766/3/6
f 2746/2/6 2756/2/6 2769/2/6
f 2769/2/6 2756/2/6 2770/2/6
f 2760/2/6 2761/2/6 2771/2/6
f 2748/2/6 2758/2/6 2771/2/6
f 2759/2/6 2760/2/6 2771/2/6
f 2758/2/6 2759/2/6 2771/2/6
f 2771/2/6 2761/2/6 2772/2/6
f 2762/2/6 2763/2/6 2773/2/6
f 2773/2/6 2763/2/6 2774/2/6
f 2767/2/6 2768/2/6 2775/2/6
f 2775/2/6 2768/2/6 2776/2/6
f 2772/2/6 2761/2/6 2777/2/6
f 2777/2/6 2761/2/6 2778/2/6
f 2778/2/6 2761/2/6 2779/2/6
f 2779/2/6 2761/2/6 2780/2/6
f 2781/1/6 2782/1/6 2783/1/6
f 2783/1/6 2782/1/6 2784/1/6
f 2784/1/6 2785/1/6 2788/1/6
f 2788/1/6 2785/1/6 2789/1/6
f 2786/1/6 2787/1/6 2790/1/6
f 2790/1/6 2787/1/6 2791/1/6
f 2792/2/6 2793/2/6 2796/2/6
f 2796/2/6 2793/2/6 2797/2/6
f 2794/2/6 2795/2/6 2800/2/6
f 2800/2/6 2795/2/6 2801/2/6
f 2798/2/6 2799/2/6 2802/2/6
f 2802/2/6 2799/2/6 2803/2/6
f 2804/2/6 2805/2/6 2810/2/6
f 2810/2/6 2805/2/6 2811/2/6
f 2806/1/6 2807/1/6 2814/1/6
f 2814/1/6 2807/1/6 2815/1/6
f 2808/2/6 2809/2/6 2819/2/6
f 2819/2/6 2809/2/6 2820/2/6
f 2811/2/6 2812/2/6 2821/2/6
f 2821/2/6 2812/2/6 2822/2/6
f 2813/1/6 2814/1/6 2823/1/6
f 2823/1/6 2814/1/6 2824/1/6
f 2816/2/6 2817/2/6 2827/2/6
f 2827/2/6 2817/2/6 2828/2/6
f 2818/2/6 2819/2/6 2831/2/6
f 2831/2/6 2819/2/6 2832/2/6
f 2823/2/6 2824/2/6 2833/2/6
f 2833/2/6 2824/2/6 2834/2/6
f 2825/2/6 2826/2/6 2835/2/6
f 2835/2/6 2826/2/6 2836/2/6
f 2829/2/6 2830/2/6 2837/2/6
f 2837/2/6 2830/2/6 2838/2/6
f 2839/2/6 2840/2/6 2843/2/6
f 2843/2/6 2840/2/6 2844/2/6
f 2841/2/6 2842/2/6 2846/2/6
f 2846/2/6 2842/2/6 2847/2/6
f 2844/2/6 2840/2/6 2850/2/6
f 2850/2/6 2840/2/6 2851/2/6
f 2845/3/6 2846/3/6 2853/3/6
f 2853/3/6 2846/3/6 2854/3/6
f 2848/2/6 2849/2/6 2855/2/6
f 2855/2/6 2849/2/6 2856/2/6
f 2852/2/6 2853/2/6 2859/2/6
f 2859/2/6 2853/2/6 2860/2/6
f 2857/1/6 2858/1/6 2862/1/6
f 2862/1/6 2858/1/6 2863/1/6
f 2860/1/6 2861/1/6 2864/1/6
f 2864/1/6 2861/1/6 2865/1/6
f 2863/1/6 2858/1/6 2866/1/6
f 2866/1/6 2858/1/6 2867/1/6
f 2868/2/6 2869/2/6 2872/2/6
f 2872/2/6 2869/2/6 2873/2/6
f 2870/1/6 2871/1/6 2874/1/6
f 2874/1/6 2875/1/6 2878/1/6
f 2870/1/6 2874/1/6 2878/1/6
f 2878/1/6 2875/1/6 2879/1/6
f 2876/2/6 2877/2/6 2880/2/6
f 2880/2/6 2877/2/6 2881/2/6
f 2879/1/6 2875/1/6 2882/1/6
f 2878/2/6 2879/2/6 2882/2/6
f 2882/1/6 2875/1/6 2883/1/6
f 2878/2/6 2882/2/6 2886/2/6
f 2886/2/6 2882/2/6 2887/2/6
f 2884/2/6 2885/2/6 2889/2/6
f 2889/2/6 2885/2/6 2890/2/6
f 2887/2/6 2888/2/6 2893/2/6
f 2893/2/6 2888/2/6 2894/2/6
f 2890/2/6 2891/2/6 2895/2/6
f 2895/2/6 2891/2/6 2896/2/6
f 2892/2/6 2893/2/6 2901/2/6
f 2901/2/6 2893/2/6 2902/2/6
f 2896/2/6 2897/2/6 2903/2/6
f 2903/2/6 2897/2/6 2904/2/6
f 2898/2/6 2899/2/6 2909/2/6
f 2899/3/6 2900/3/6 2910/3/6
f 2909/2/6 2899/2/6 2910/2/6
f 2910/3/6 2900/3/6 2911/3/6
f 2905/2/6 2906/2/6 2912/2/6
f 2912/2/6 2906/2/6 2913/2/6
f 2907/2/6 2908/2/6 2914/2/6
f 2914/2/6 2908/2/6 2915/2/6
f 2910/2/6 2911/2/6 2916/2/6
f 2909/2/6 2910/2/6 2916/2/6
f 2916/2/6 2911/2/6 2917/2/6
f 2918/2/6 2919/2/6 2925/2/6
f 2925/2/6 2919/2/6 2926/2/6
f 2920/1/6 2921/1/6 2927/1/6
f 2927/1/6 2921/1/6 2928/1/6
f 2922/2/6 2923/2/6 2930/2/6
f 2924/2/6 2925/2/6 2931/2/6
f 2931/2/6 2925/2/6 2932/2/6
f 2929/2/6 2930/2/6 2933/2/6
f 2930/2/6 2923/2/6 2933/2/6
f 2933/2/6 2923/2/6 2934/2/6
f 2929/2/6 2933/2/6 2935/2/6
f 2935/2/6 2933/2/6 2936/2/6
f 2933/3/6 2934/3/6 2937/3/6
f 2936/2/6 2933/2/6 2937/2/6
f 2937/3/6 2934/3/6 2938/3/6
f 2936/2/6 2937/2/6 2941/2/6
f 2941/2/6 2937/2/6 2942/2/6
f 2939/1/6 2940/1/6 2944/1/6
f 2943/1/6 2944/1/6 2945/1/6
f 2944/1/6 2940/1/6 2946/1/6
f 2945/1/6 2944/1/6 2946/1/6
f 2946/1/6 2940/1/6 2947/1/6
f 2948/2/6 2949/2/6 2951/2/6
f 2951/2/6 2949/2/6 2952/2/6
f 2950/2/6 2951/2/6 2953/2/6
f 2953/2/6 2951/2/6 2954/2/6
f 2955/2/6 2956/2/6 2959/2/6
f 2957/1/6 2958/1/6 2961/1/6
f 2959/2/6 2960/2/6 2963/2/6
f 2955/2/6 2959/2/6 2963/2/6
f 2963/2/6 2960/2/6 2964/2/6
f 2961/1/6 2962/1/6 2965/1/6
f 2957/1/6 2961/1/6 2965/1/6
f 2965/1/6 2962/1/6 2966/1/6
f 2966/1/6 2962/1/6 2967/1/6
f 2964/2/6 2960/2/6 2969/2/6
f 2969/2/6 2960/2/6 2970/2/6
f 2967/2/6 2968/2/6 2971/2/6
f 2966/2/6 2967/2/6 2971/2/6
f 2971/2/6 2968/2/6 2972/2/6
f 2973/2/6 2974/2/6 2979/2/6
f 2979/2/6 2974/2/6 2980/2/6
f 2975/2/6 2976/2/6 2983/2/6
f 2983/2/6 2976/2/6 2984/2/6
f 2977/2/6 2978/2/6 2985/2/6
f 2985/2/6 2978/2/6 2986/2/6
f 2980/2/6 2981/2/6 2987/2/6
f 2987/2/6 2981/2/6 2988/2/6
f 2982/2/6 2983/2/6 2989/2/6
f 2989/2/6 2983/2/6 2990/2/6
f 2991/2/6 2992/2/6 2993/2/6
f 2993/2/6 2992/2/6 2994/2/6
f 2993/1/6 2994/1/6 3002/1/6
f 2994/2/6 2995/2/6 3002/2/6
f 3002/2/6 2995/2/6 3003/2/6
f 2996/2/6 2997/2/6 3004/2/6
f 3004/2/6 2997/2/6 3005/2/6
f 3005/2/6 2997/2/6 3006/2/6
f 2998/1/6 2999/1/6 3007/1/6
f 3007/1/6 2999/1/6 3008/1/6
f 3000/1/6 3001/1/6 3009/1/6
f 3009/1/6 3001/1/6 3010/1/6
f 3010/1/6 3001/1/6 3011/1/6
f 2993/1/6 3002/1/6 3012/1/6
f 3012/1/6 3002/1/6 3013/1/6
f 3013/1/6 3002/1/6 3014/1/6
f 3007/1/6 3008/1/6 3015/1/6
f 3006/1/6 3007/1/6 3015/1/6
f 3015/1/6 3008/1/6 3016/1/6
f 3010/3/6 3011/3/6 3017/3/6
f 3017/3/6 3011/3/6 3018/3/6
f 3012/2/6 3013/2/6 3020/2/6
f 3020/2/6 3013/2/6 3021/2/6
f 3017/1/6 3018/1/6 3023/1/6
f 3019/1/6 3020/1/6 3025/1/6
f 3025/1/6 3020/1/6 3026/1/6
f 3022/1/6 3023/1/6 3027/1/6
f 3023/1/6 3018/1/6 3028/1/6
f 3027/1/6 3023/1/6 3028/1/6
f 3028/1/6 3018/1/6 3029/1/6
f 3024/1/6 3025/1/6 3030/1/6
f 3030/1/6 3025/1/6 3031/1/6
f 3027/2/6 3028/2/6 3032/2/6
f 3032/2/6 3028/2/6 3033/2/6
f 3033/2/6 3034/2/6 3035/2/6
f 3035/2/6 3034/2/6 3036/2/6
f 3037/2/6 3038/2/6 3040/2/6
f 3040/2/6 3038/2/6 3041/2/6
f 3042/2/6 3043/2/6 3045/2/6
f 3045/2/6 3043/2/6 3046/2/6
f 3039/2/6 3040/2/6 3047/2/6
f 3047/2/6 3040/2/6 3048/2/6
f 3048/1/6 3049/1/6 3050/1/6
f 3050/1/6 3049/1/6 3051/1/6
f 3044/1/6 3045/1/6 3053/1/6
f 3053/1/6 3045/1/6 3054/1/6
f 3051/2/6 3052/2/6 3056/2/6
f 3056/2/6 3052/2/6 3057/2/6
f 3054/2/6 3055/2/6 3058/2/6
f 3058/2/6 3055/2/6 3064/2/6
f 3064/2/6 3055/2/6 3065/2/6
f 3059/2/6 3060/2/6 3066/2/6
f 3066/2/6 3060/2/6 3067/2/6
f 3061/2/6 3062/2/6 3069/2/6
f 3069/2/6 3062/2/6 3070/2/6
f 3063/2/6 3064/2/6 3071/2/6
f 3071/2/6 3064/2/6 3072/2/6
f 3067/2/6 3068/2/6 3073/2/6
f 3073/2/6 3068/2/6 3074/2/6
f 3070/2/6 3071/2/6 3075/2/6
f 3075/2/6 3071/2/6 3076/2/6
f 3077/2/6 3078/2/6 3080/2/6
f 3078/3/6 3079/3/6 3081/3/6
f 3080/2/6 3078/2/6 3081/2/6
f 3081/3/6 3079/3/6 3082/3/6
f 3080/1/6 3081/1/6 3085/1/6
f 3081/1/6 3082/1/6 3085/1/6
f 3083/2/6 3084/2/6 3088/2/6
f 3088/2/6 3084/2/6 3089/2/6
f 3085/1/6 3086/1/6 3092/1/6
f 3080/1/6 3085/1/6 3092/1/6
f 3092/1/6 3086/1/6 3093/1/6
f 3093/1/6 3086/1/6 3094/1/6
f 3087/2/6 3088/2/6 3098/2/6
f 3098/2/6 3088/2/6 3099/2/6
f 3089/2/6 3090/2/6 3100/2/6
f 3100/2/6 3090/2/6 3101/2/6
f 3090/3/6 3091/3/6 3102/3/6
f 3101/2/6 3090/2/6 3102/2/6
f 3102/3/6 3091/3/6 3103/3/6
f 3092/2/6 3093/2/6 3104/2/6
f 3104/2/6 3093/2/6 3105/2/6
f 3095/1/6 3096/1/6 3106/1/6
f 3097/2/6 3098/2/6 3108/2/6
f 3108/2/6 3098/2/6 3109/2/6
f 3106/1/6 3096/1/6 3110/1/6
f 3110/1/6 3096/1/6 3111/1/6
f 3107/2/6 3108/2/6 3113/2/6
f 3113/2/6 3108/2/6 3114/2/6
f 3112/1/6 3113/1/6 3116/1/6
f 3116/1/6 3113/1/6 3117/1/6
f 3118/2/6 3119/2/6 3120/2/6
f 3120/2/6 3119/2/6 3121/2/6
f 3115/2/6 3116/2/6 3123/2/6
f 3123/2/6 3116/2/6 3124/2/6
f 3121/3/6 3122/3/6 3125/3/6
f 3125/3/6 3122/3/6 3126/3/6
f 3125/2/6 3126/2/6 3132/2/6
f 3132/2/6 3126/2/6 3133/2/6
f 3127/2/6 3128/2/6 3134/2/6
f 3129/2/6 3130/2/6 3136/2/6
f 3136/2/6 3130/2/6 3137/2/6
f 3131/2/6 3132/2/6 3140/2/6
f 3140/2/6 3132/2/6 3141/2/6
f 3134/2/6 3135/2/6 3142/2/6
f 3127/2/6 3134/2/6 3142/2/6
f 3142/2/6 3135/2/6 3143/2/6
f 3143/2/6 3135/2/6 3144/2/6
f 3144/2/6 3135/2/6 3145/2/6
f 3138/2/6 3139/2/6 3147/2/6
f 3139/1/6 3140/1/6 3148/1/6
f 3147/2/6 3139/2/6 3148/2/6
f 3148/1/6 3140/1/6 3149/1/6
f 3146/2/6 3147/2/6 3155/2/6
f 3147/3/6 3148/3/6 3156/3/6
f 3155/2/6 3147/2/6 3156/2/6
f 3149/2/6 3150/2/6 3157/2/6
f 3156/3/6 3148/3/6 3157/3/6
f 3148/2/6 3149/2/6 3157/2/6
f 3157/2/6 3150/2/6 3158/2/6
f 3158/2/6 3150/2/6 3159/2/6
f 3151/2/6 3152/2/6 3160/2/6
f 3160/2/6 3152/2/6 3161/2/6
f 3155/2/6 3156/2/6 3166/2/6
f 3153/2/6 3154/2/6 3166/2/6
f 3154/2/6 3155/2/6 3166/2/6
f 3156/2/6 3157/2/6 3166/2/6
f 3157/2/6 3158/2/6 3166/2/6
f 3166/2/6 3158/2/6 3167/2/6
f 3158/3/6 3159/3/6 3168/3/6
f 3167/2/6 3158/2/6 3168/2/6
f 3168/3/6 3159/3/6 3169/3/6
f 3162/1/6 3163/1/6 3170/1/6
f 3163/2/6 3164/2/6 3171/2/6
f 3170/1/6 3163/1/6 3171/1/6
f 3171/2/6 3164/2/6 3172/2/6
f 3165/2/6 3166/2/6 3173/2/6
f 3173/2/6 3166/2/6 3174/2/6
f 3167/2/6 3168/2/6 3175/2/6
f 3175/2/6 3168/2/6 3176/2/6
f 3177/8/6 3178/8/6 3180/8/6
f 3180/8/6 3178/8/6 3181/8/6
f 3181/8/6 3178/8/6 3182/8/6
f 3182/8/6 3178/8/6 3183/8/6
f 3179/8/6 3180/8/6 3185/8/6
f 3180/6/6 3181/6/6 3185/6/6
f 3185/6/6 3181/6/6 3186/6/6
f 3182/6/6 3183/6/6 3187/6/6
f 3183/8/6 3184/8/6 3188/8/6
f 3187/6/6 3183/6/6 3188/6/6
f 3189/2/6 3190/2/6 3194/2/6
f 3190/1/6 3191/1/6 3195/1/6
f 3194/2/6 3190/2/6 3195/2/6
f 3195/1/6 3191/1/6 3196/1/6
f 3192/2/6 3193/2/6 3199/2/6
f 3199/2/6 3193/2/6 3200/2/6
f 3195/2/6 3196/2/6 3206/2/6
f 3196/1/6 3197/1/6 3207/1/6
f 3206/2/6 3196/2/6 3207/2/6
f 3207/1/6 3197/1/6 3208/1/6
f 3198/2/6 3199/2/6 3210/2/6
f 3199/2/6 3200/2/6 3210/2/6
f 3200/2/6 3201/2/6 3210/2/6
f 3201/3/6 3202/3/6 3211/3/6
f 3210/2/6 3201/2/6 3211/2/6
f 3202/2/6 3203/2/6 3212/2/6
f 3211/3/6 3202/3/6 3212/3/6
f 3212/2/6 3203/2/6 3213/2/6
f 3204/2/6 3205/2/6 3214/2/6
f 3214/2/6 3205/2/6 3215/2/6
f 3209/2/6 3210/2/6 3217/2/6
f 3217/2/6 3210/2/6 3218/2/6
f 3216/2/6 3217/2/6 3220/2/6
f 3220/2/6 3217/2/6 3221/2/6
f 3221/2/6 3222/2/6 3225/2/6
f 3220/2/6 3221/2/6 3225/2/6
f 3219/2/6 3220/2/6 3225/2/6
f 3225/2/6 3222/2/6 3226/2/6
f 3223/1/6 3224/1/6 3229/1/6
f 3229/1/6 3224/1/6 3230/1/6
f 3219/2/6 3225/2/6 3233/2/6
f 3233/2/6 3225/2/6 3234/2/6
f 3234/2/6 3225/2/6 3235/2/6
f 3227/2/6 3228/2/6 3236/2/6
f 3229/1/6 3230/1/6 3237/1/6
f 3236/2/6 3228/2/6 3237/2/6
f 3228/1/6 3229/1/6 3237/1/6
f 3230/2/6 3231/2/6 3238/2/6
f 3237/1/6 3230/1/6 3238/1/6
f 3232/3/6 3233/3/6 3239/3/6
f 3233/2/6 3234/2/6 3240/2/6
f 3239/3/6 3233/3/6 3240/3/6
f 3234/1/6 3235/1/6 3241/1/6
f 3240/2/6 3234/2/6 3241/2/6
f 3241/1/6 3235/1/6 3242/1/6
f 3237/2/6 3238/2/6 3244/2/6
f 3238/2/6 3231/2/6 3245/2/6
f 3244/2/6 3238/2/6 3245/2/6
f 3245/2/6 3231/2/6 3246/2/6
f 3239/2/6 3240/2/6 3247/2/6
f 3240/2/6 3241/2/6 3247/2/6
f 3247/2/6 3241/2/6 3248/2/6
f 3248/2/6 3241/2/6 3249/2/6
f 3243/2/6 3244/2/6 3250/2/6
f 3244/2/6 3245/2/6 3250/2/6
f 3250/2/6 3245/2/6 3251/2/6
f 3248/2/6 3249/2/6 3252/2/6
f 3252/2/6 3249/2/6 3253/2/6
f 3243/2/6 3250/2/6 3255/2/6
f 3254/2/6 3255/2/6 3260/2/6
f 3260/2/6 3255/2/6 3261/2/6
f 3255/2/6 3250/2/6 3262/2/6
f 3261/2/6 3255/2/6 3262/2/6
f 3262/2/6 3250/2/6 3263/2/6
f 3256/2/6 3257/2/6 3264/2/6
f 3264/2/6 3257/2/6 3265/2/6
f 3258/2/6 3259/2/6 3266/2/6
f 3266/2/6 3259/2/6 3267/2/6
f 3260/3/6 3261/3/6 3273/3/6
f 3261/2/6 3262/2/6 3274/2/6
f 3273/3/6 3261/3/6 3274/3/6
f 3274/2/6 3262/2/6 3275/2/6
f 3266/2/6 3267/2/6 3276/2/6
f 3267/2/6 3268/2/6 3276/2/6
f 3276/2/6 3268/2/6 3277/2/6
f 3269/1/6 3270/1/6 3280/1/6
f 3270/2/6 3271/2/6 3281/2/6
f 3280/1/6 3270/1/6 3281/1/6
f 3281/2/6 3271/2/6 3282/2/6
f 3272/2/6 3273/2/6 3283/2/6
f 3283/2/6 3273/2/6 3284/2/6
f 3179/8/6 3185/8/6 3285/8/6
f 3277/2/6 3268/2/6 3287/2/6
f 3287/2/6 3268/2/6 3288/2/6
f 3278/2/6 3279/2/6 3289/2/6
f 3289/2/6 3279/2/6 3290/2/6
f 3282/2/6 3283/2/6 3291/2/6
f 3291/2/6 3283/2/6 3292/2/6
f 3188/8/6 3184/8/6 3294/8/6
f 3179/8/6 3285/8/6 3295/8/6
f 3285/6/6 3286/6/6 3296/6/6
f 3295/8/6 3285/8/6 3296/8/6
f 3296/6/6 3286/6/6 3297/6/6
f 3288/2/6 3289/2/6 3298/2/6
f 3298/2/6 3289/2/6 3299/2/6
f 3293/6/6 3294/6/6 3300/6/6
f 3294/8/6 3184/8/6 3301/8/6
f 3300/6/6 3294/6/6 3301/6/6
f 3301/8/6 3184/8/6 3302/8/6
f 3298/8/6 3299/8/6 3303/8/6
f 3299/8/6 3300/8/6 3303/8/6
f 3300/8/6 3301/8/6 3303/8/6
f 3296/8/6 3297/8/6 3303/8/6
f 3297/8/6 3298/8/6 3303/8/6
f 3303/8/6 3301/8/6 3304/8/6
f 3305/2/6 3306/2/6 3308/2/6
f 3308/2/6 3306/2/6 3309/2/6
f 3307/1/6 3308/1/6 3314/1/6
f 3308/2/6 3309/2/6 3315/2/6
f 3314/1/6 3308/1/6 3315/1/6
f 3309/2/6 3310/2/6 3315/2/6
f 3315/2/6 3310/2/6 3316/2/6
f 3316/2/6 3310/2/6 3317/2/6
f 3317/2/6 3310/2/6 3318/2/6
f 3311/1/6 3312/1/6 3325/1/6
f 3312/2/6 3313/2/6 3326/2/6
f 3325/1/6 3312/1/6 3326/1/6
f 3326/2/6 3313/2/6 3327/2/6
f 3314/2/6 3315/2/6 3328/2/6
f 3315/2/6 3316/2/6 3328/2/6
f 3328/2/6 3316/2/6 3329/2/6
f 3321/2/6 3322/2/6 3331/2/6
f 3331/2/6 3322/2/6 3332/2/6
f 3323/2/6 3324/2/6 3333/2/6
f 3324/1/6 3325/1/6 3334/1/6
f 3333/2/6 3324/2/6 3334/2/6
f 3325/1/6 3326/1/6 3334/1/6
f 3334/1/6 3326/1/6 3335/1/6
f 3335/1/6 3326/1/6 3336/1/6
f 3327/2/6 3328/2/6 3337/2/6
f 3337/2/6 3328/2/6 3338/2/6
f 3319/2/6 3320/2/6 3340/2/6
f 3330/2/6 3331/2/6 3341/2/6
f 3341/2/6 3331/2/6 3342/2/6
f 3334/2/6 3335/2/6 3344/2/6
f 3344/2/6 3335/2/6 3345/2/6
f 3339/2/6 3340/2/6 3348/2/6
f 3340/2/6 3320/2/6 3349/2/6
f 3348/2/6 3340/2/6 3349/2/6
f 3349/2/6 3320/2/6 3350/2/6
f 3342/2/6 3343/2/6 3352/2/6
f 3352/2/6 3343/2/6 3353/2/6
f 3346/3/6 3347/3/6 3354/3/6
f 3347/2/6 3348/2/6 3355/2/6
f 3354/3/6 3347/3/6 3355/3/6
f 3348/1/6 3349/1/6 3356/1/6
f 3355/2/6 3348/2/6 3356/2/6
f 3356/1/6 3349/1/6 3357/1/6
f 3351/2/6 3352/2/6 3358/2/6
f 3358/2/6 3352/2/6 3359/2/6
f 3354/2/6 3355/2/6 3360/2/6
f 3358/1/6 3359/1/6 3362/1/6
f 3360/2/6 3361/2/6 3364/2/6
f 3354/2/6 3360/2/6 3364/2/6
f 3364/2/6 3361/2/6 3365/2/6
f 3365/2/6 3361/2/6 3366/2/6
f 3358/1/6 3362/1/6 3368/1/6
f 3362/2/6 3363/2/6 3369/2/6
f 3368/1/6 3362/1/6 3369/1/6
f 3369/2/6 3363/2/6 3370/2/6
f 3367/2/6 3368/2/6 3376/2/6
f 3368/2/6 3369/2/6 3376/2/6
f 3371/2/6 3372/2/6 3377/2/6
f 3373/2/6 3374/2/6 3378/2/6
f 3378/2/6 3374/2/6 3379/2/6
f 3375/2/6 3376/2/6 3380/2/6
f 3376/2/6 3369/2/6 3381/2/6
f 3380/2/6 3376/2/6 3381/2/6
f 3381/2/6 3369/2/6 3382/2/6
f 3382/2/6 3369/2/6 3383/2/6
f 3371/2/6 3377/2/6 3388/2/6
f 3381/3/6 3382/3/6 3389/3/6
f 3389/3/6 3382/3/6 3390/3/6
f 3383/2/6 3384/2/6 3391/2/6
f 3391/2/6 3384/2/6 3392/2/6
f 3385/2/6 3386/2/6 3395/2/6
f 3395/2/6 3386/2/6 3396/2/6
f 3387/1/6 3388/1/6 3398/1/6
f 3388/2/6 3377/2/6 3399/2/6
f 3398/1/6 3388/1/6 3399/1/6
f 3399/2/6 3377/2/6 3400/2/6
f 3392/2/6 3393/2/6 3401/2/6
f 3394/2/6 3395/2/6 3403/2/6
f 3403/2/6 3395/2/6 3404/2/6
f 3398/1/6 3399/1/6 3405/1/6
f 3397/1/6 3398/1/6 3405/1/6
f 3405/1/6 3399/1/6 3406/1/6
f 3401/2/6 3402/2/6 3407/2/6
f 3392/2/6 3401/2/6 3407/2/6
f 3407/2/6 3402/2/6 3408/2/6
f 3409/2/6 3410/2/6 3418/2/6
f 3410/3/6 3411/3/6 3419/3/6
f 3418/2/6 3410/2/6 3419/2/6
f 3411/2/6 3412/2/6 3420/2/6
f 3419/3/6 3411/3/6 3420/3/6
f 3413/2/6 3414/2/6 3422/2/6
f 3422/2/6 3414/2/6 3423/2/6
f 3415/2/6 3416/2/6 3427/2/6
f 3427/2/6 3416/2/6 3428/2/6
f 3417/2/6 3418/2/6 3429/2/6
f 3418/2/6 3419/2/6 3429/2/6
f 3419/2/6 3420/2/6 3429/2/6
f 3429/2/6 3420/2/6 3430/2/6
f 3430/2/6 3420/2/6 3431/2/6
f 3420/2/6 3412/2/6 3432/2/6
f 3431/2/6 3420/2/6 3432/2/6
f 3432/2/6 3412/2/6 3433/2/6
f 3423/2/6 3424/2/6 3434/2/6
f 3421/2/6 3422/2/6 3434/2/6
f 3422/2/6 3423/2/6 3434/2/6
f 3434/2/6 3424/2/6 3435/2/6
f 3435/2/6 3424/2/6 3436/2/6
f 3425/2/6 3426/2/6 3438/2/6
f 3438/2/6 3426/2/6 3439/2/6
f 3427/2/6 3428/2/6 3440/2/6
f 3429/2/6 3430/2/6 3440/2/6
f 3428/2/6 3429/2/6 3440/2/6
f 3440/2/6 3430/2/6 3441/2/6
f 3430/1/6 3431/1/6 3442/1/6
f 3441/2/6 3430/2/6 3442/2/6
f 3431/2/6 3432/2/6 3443/2/6
f 3442/1/6 3431/1/6 3443/1/6
f 3443/2/6 3432/2/6 3444/2/6
f 3436/2/6 3437/2/6 3446/2/6
f 3435/2/6 3436/2/6 3446/2/6
f 3446/2/6 3437/2/6 3447/2/6
f 3441/2/6 3442/2/6 3448/2/6
f 3448/2/6 3442/2/6 3449/2/6
f 3445/2/6 3446/2/6 3450/2/6
f 3446/3/6 3447/3/6 3450/3/6
f 3447/2/6 3437/2/6 3451/2/6
f 3450/3/6 3447/3/6 3451/3/6
f 3451/2/6 3437/2/6 3452/2/6
f 3452/2/6 3437/2/6 3453/2/6
f 3449/2/6 3442/2/6 3454/2/6
f 3454/2/6 3442/2/6 3455/2/6
f 3445/2/6 3450/2/6 3456/2/6
f 3450/2/6 3451/2/6 3456/2/6
f 3451/2/6 3452/2/6 3456/2/6
f 3456/2/6 3452/2/6 3457/2/6
f 3457/2/6 3452/2/6 3458/2/6
f 3458/2/6 3452/2/6 3459/2/6
f 3457/2/6 3458/2/6 3464/2/6
f 3464/2/6 3458/2/6 3465/2/6
f 3460/2/6 3461/2/6 3466/2/6
f 3461/2/6 3462/2/6 3466/2/6
f 3466/2/6 3462/2/6 3467/2/6
f 3460/2/6 3466/2/6 3472/2/6
f 3472/2/6 3466/2/6 3473/2/6
f 3463/1/6 3464/1/6 3474/1/6
f 3474/1/6 3464/1/6 3475/1/6
f 3468/2/6 3469/2/6 3478/2/6
f 3478/2/6 3469/2/6 3479/2/6
f 3470/2/6 3471/2/6 3481/2/6
f 3481/2/6 3471/2/6 3482/2/6
f 3475/2/6 3476/2/6 3483/2/6
f 3483/2/6 3476/2/6 3484/2/6
f 3477/3/6 3478/3/6 3486/3/6
f 3486/3/6 3478/3/6 3487/3/6
f 3479/2/6 3480/2/6 3488/2/6
f 3480/1/6 3481/1/6 3489/1/6
f 3488/2/6 3480/2/6 3489/2/6
f 3489/1/6 3481/1/6 3490/1/6
f 3484/2/6 3485/2/6 3491/2/6
f 3485/3/6 3486/3/6 3492/3/6
f 3491/2/6 3485/2/6 3492/2/6
f 3492/3/6 3486/3/6 3493/3/6
f 3494/2/6 3495/2/6 3498/2/6
f 3498/2/6 3495/2/6 3499/2/6
f 3496/2/6 3497/2/6 3501/2/6
f 3499/2/6 3500/2/6 3502/2/6
f 3502/2/6 3500/2/6 3503/2/6
f 3503/2/6 3500/2/6 3504/2/6
f 3496/2/6 3501/2/6 3507/2/6
f 3507/2/6 3501/2/6 3508/2/6
f 3503/2/6 3504/2/6 3509/2/6
f 3504/1/6 3505/1/6 3510/1/6
f 3509/2/6 3504/2/6 3510/2/6
f 3510/1/6 3505/1/6 3511/1/6
f 3506/2/6 3507/2/6 3514/2/6
f 3514/2/6 3507/2/6 3515/2/6
f 3511/2/6 3512/2/6 3516/2/6
f 3510/2/6 3511/2/6 3516/2/6
f 3516/2/6 3512/2/6 3517/2/6
f 3517/2/6 3512/2/6 3518/2/6
f 3513/2/6 3514/2/6 3520/2/6
f 3514/1/6 3515/1/6 3521/1/6
f 3520/2/6 3514/2/6 3521/2/6
f 3521/1/6 3515/1/6 3522/1/6
f 3516/2/6 3517/2/6 3526/2/6
f 3520/1/6 3521/1/6 3527/1/6
f 3521/1/6 3522/1/6 3527/1/6
f 3523/2/6 3524/2/6 3528/2/6
f 3527/1/6 3522/1/6 3528/1/6
f 3522/2/6 3523/2/6 3528/2/6
f 3528/2/6 3524/2/6 3529/2/6
f 3529/2/6 3524/2/6 3530/2/6
f 3530/2/6 3524/2/6 3531/2/6
f 3525/2/6 3526/2/6 3532/2/6
f 3526/2/6 3517/2/6 3533/2/6
f 3532/2/6 3526/2/6 3533/2/6
f 3519/2/6 3520/2/6 3534/2/6
f 3520/1/6 3527/1/6 3535/1/6
f 3534/2/6 3520/2/6 3535/2/6
f 3527/2/6 3528/2/6 3536/2/6
f 3535/1/6 3527/1/6 3536/1/6
f 3528/2/6 3529/2/6 3536/2/6
f 3536/2/6 3529/2/6 3537/2/6
f 3537/2/6 3529/2/6 3538/2/6
f 3530/2/6 3531/2/6 3539/2/6
f 3531/2/6 3532/2/6 3539/2/6
f 3539/2/6 3532/2/6 3540/2/6
f 3536/2/6 3537/2/6 3541/2/6
f 3535/2/6 3536/2/6 3541/2/6
f 3541/2/6 3537/2/6 3542/2/6
f 3543/2/6 3544/2/6 3545/2/6
f 3545/2/6 3544/2/6 3546/2/6
f 3546/2/6 3544/2/6 3547/2/6
f 3545/3/6 3546/3/6 3550/3/6
f 3547/2/6 3548/2/6 3551/2/6
f 3546/2/6 3547/2/6 3551/2/6
f 3550/3/6 3546/3/6 3551/3/6
f 3551/2/6 3548/2/6 3552/2/6
f 3550/2/6 3551/2/6 3554/2/6
f 3552/1/6 3553/1/6 3554/1/6
f 3551/2/6 3552/2/6 3554/2/6
f 3554/1/6 3553/1/6 3555/1/6
f 3549/1/6 3550/1/6 3556/1/6
f 3550/2/6 3554/2/6 3557/2/6
f 3556/1/6 3550/1/6 3557/1/6
f 3554/2/6 3555/2/6 3557/2/6
f 3557/2/6 3555/2/6 3558/2/6
f 3558/2/6 3555/2/6 3559/2/6
f 3559/2/6 3555/2/6 3560/2/6
f 3558/2/6 3559/2/6 3561/2/6
f 3561/2/6 3559/2/6 3562/2/6
