# MagicaVoxel @ Ephtracy

# group
o 

# material
mtllib bookshelf_wood.mtl
usemtl palette

# normals
vn -1 0 0
vn 1 0 0
vn 0 0 1
vn 0 0 -1
vn 0 -1 0
vn 0 1 0

# texcoords
vt 0.166016 0.5
vt 0.169922 0.5
vt 0.197266 0.5
vt 0.201172 0.5
vt 0.740234 0.5
vt 0.748047 0.5
vt 0.771484 0.5
vt 0.775391 0.5
vt 0.779297 0.5
vt 0.802734 0.5
vt 0.806641 0.5
vt 0.810547 0.5
vt 0.814453 0.5
vt 0.818359 0.5
vt 0.833984 0.5
vt 0.841797 0.5

# verts
v -2.8 0 1.6
v -2.8 0 -1.6
v -2.8 0.1 1.2
v -2.8 0.1 1
v -2.8 0.1 0.7
v -2.8 0.1 0.5
v -2.8 0.1 0.2
v -2.8 0.1 0
v -2.8 0.1 -0.2
v -2.8 0.1 -0.4
v -2.8 0.1 -0.5
v -2.8 0.1 -0.7
v -2.8 0.1 -1
v -2.8 0.1 -1.2
v -2.8 0.3 1.6
v -2.8 0.3 1.5
v -2.8 0.3 0.8
v -2.8 0.3 0.7
v -2.8 0.3 0.6
v -2.8 0.3 0.5
v -2.8 0.3 0.3
v -2.8 0.3 0.2
v -2.8 0.3 0.1
v -2.8 0.3 0
v -2.8 0.3 -0.3
v -2.8 0.3 -0.4
v -2.8 0.3 -0.5
v -2.8 0.3 -0.6
v -2.8 0.3 -0.7
v -2.8 0.3 -0.8
v -2.8 0.3 -1.5
v -2.8 0.3 -1.6
v -2.8 0.4 1.1
v -2.8 0.4 1
v -2.8 0.4 0.3
v -2.8 0.4 0.2
v -2.8 0.4 -1
v -2.8 0.4 -1.1
v -2.8 0.6 0.9
v -2.8 0.6 0.8
v -2.8 0.6 0
v -2.8 0.6 -0.2
v -2.8 0.6 -0.8
v -2.8 0.6 -0.9
v -2.8 0.7 1.2
v -2.8 0.7 1.1
v -2.8 0.7 0.4
v -2.8 0.7 0.3
v -2.8 0.7 0
v -2.8 0.7 -0.2
v -2.8 0.7 -0.5
v -2.8 0.7 -0.6
v -2.8 0.7 -1.1
v -2.8 0.7 -1.2
v -2.8 0.9 1.5
v -2.8 0.9 1.4
v -2.8 0.9 0.7
v -2.8 0.9 0.6
v -2.8 0.9 0.5
v -2.8 0.9 0.4
v -2.8 0.9 0.2
v -2.8 0.9 0.1
v -2.8 0.9 0
v -2.8 0.9 -0.2
v -2.8 0.9 -0.3
v -2.8 0.9 -1.4
v -2.8 0.9 -1.5
v -2.8 1 1.2
v -2.8 1 1.1
v -2.8 1 0.9
v -2.8 1 0.8
v -2.8 1 0
v -2.8 1 -0.2
v -2.8 1 -0.3
v -2.8 1 -0.5
v -2.8 1 -0.8
v -2.8 1 -0.9
v -2.8 1 -1.1
v -2.8 1 -1.2
v -2.8 1.2 1.4
v -2.8 1.2 1.2
v -2.8 1.2 -0.3
v -2.8 1.2 -0.4
v -2.8 1.2 -1.2
v -2.8 1.2 -1.4
v -2.8 1.3 1.6
v -2.8 1.3 1.5
v -2.8 1.3 1.1
v -2.8 1.3 1
v -2.8 1.3 0.5
v -2.8 1.3 0.4
v -2.8 1.3 -0.6
v -2.8 1.3 -0.8
v -2.8 1.3 -1
v -2.8 1.3 -1.1
v -2.8 1.3 -1.5
v -2.8 1.3 -1.6
v -2.8 1.5 1.5
v -2.8 1.5 1.4
v -2.8 1.5 0.5
v -2.8 1.5 0.4
v -2.8 1.5 -1.4
v -2.8 1.5 -1.5
v -2.8 1.6 1.6
v -2.8 1.6 1.5
v -2.8 1.6 0.1
v -2.8 1.6 0
v -2.8 1.6 -0.5
v -2.8 1.6 -0.6
v -2.8 1.6 -1.5
v -2.8 1.6 -1.6
v -2.8 1.8 1.6
v -2.8 1.8 1.5
v -2.8 1.8 1.4
v -2.8 1.8 1.2
v -2.8 1.8 1
v -2.8 1.8 0.9
v -2.8 1.8 0.3
v -2.8 1.8 0.2
v -2.8 1.8 -0.9
v -2.8 1.8 -1
v -2.8 1.8 -1.2
v -2.8 1.8 -1.4
v -2.8 1.8 -1.5
v -2.8 1.8 -1.6
v -2.8 1.9 1.5
v -2.8 1.9 1.4
v -2.8 1.9 1.2
v -2.8 1.9 1.1
v -2.8 1.9 -1.1
v -2.8 1.9 -1.2
v -2.8 1.9 -1.4
v -2.8 1.9 -1.5
v -2.8 2.1 1.5
v -2.8 2.1 1.4
v -2.8 2.1 1.2
v -2.8 2.1 0.9
v -2.8 2.1 0.8
v -2.8 2.1 -0.8
v -2.8 2.1 -0.9
v -2.8 2.1 -1.2
v -2.8 2.1 -1.4
v -2.8 2.1 -1.5
v -2.8 2.2 1.6
v -2.8 2.2 1.5
v -2.8 2.2 1.1
v -2.8 2.2 1
v -2.8 2.2 -1
v -2.8 2.2 -1.1
v -2.8 2.2 -1.5
v -2.8 2.2 -1.6
v -2.8 2.4 1.4
v -2.8 2.4 1.2
v -2.8 2.4 1.1
v -2.8 2.4 -0.2
v -2.8 2.4 -0.3
v -2.8 2.4 -0.7
v -2.8 2.4 -0.8
v -2.8 2.4 -1.1
v -2.8 2.4 -1.2
v -2.8 2.4 -1.4
v -2.8 2.5 1.2
v -2.8 2.5 1.1
v -2.8 2.5 1
v -2.8 2.5 0.9
v -2.8 2.5 -0.9
v -2.8 2.5 -1
v -2.8 2.5 -1.1
v -2.8 2.5 -1.2
v -2.8 2.7 1.4
v -2.8 2.7 1.1
v -2.8 2.7 0.6
v -2.8 2.7 0.5
v -2.8 2.7 0.4
v -2.8 2.7 -0.3
v -2.8 2.7 -0.4
v -2.8 2.7 -0.5
v -2.8 2.7 -1.1
v -2.8 2.7 -1.4
v -2.8 3 1.4
v -2.8 3 1.2
v -2.8 3 0.5
v -2.8 3 0.4
v -2.8 3 -0.5
v -2.8 3 -0.6
v -2.8 3 -1.2
v -2.8 3 -1.4
v -2.8 3.1 1
v -2.8 3.1 0.9
v -2.8 3.1 0.6
v -2.8 3.1 0.5
v -2.8 3.1 0.3
v -2.8 3.1 0.2
v -2.8 3.1 -0.2
v -2.8 3.1 -0.3
v -2.8 3.1 -0.5
v -2.8 3.1 -0.6
v -2.8 3.1 -0.9
v -2.8 3.1 -1
v -2.8 3.3 1.5
v -2.8 3.3 1.4
v -2.8 3.3 1
v -2.8 3.3 0.9
v -2.8 3.3 0.4
v -2.8 3.3 0.3
v -2.8 3.3 -0.6
v -2.8 3.3 -0.7
v -2.8 3.3 -0.9
v -2.8 3.3 -1
v -2.8 3.3 -1.4
v -2.8 3.3 -1.5
v -2.8 3.4 1.2
v -2.8 3.4 1.1
v -2.8 3.4 0.5
v -2.8 3.4 0.4
v -2.8 3.4 0.1
v -2.8 3.4 0
v -2.8 3.4 -1.1
v -2.8 3.4 -1.2
v -2.8 3.6 0.9
v -2.8 3.6 0.8
v -2.8 3.6 0.7
v -2.8 3.6 0.6
v -2.8 3.6 0.3
v -2.8 3.6 0.2
v -2.8 3.6 -0.5
v -2.8 3.6 -0.6
v -2.8 3.6 -0.8
v -2.8 3.6 -0.9
v -2.8 3.6 -1.5
v -2.8 3.6 -1.6
v -2.8 3.7 1.4
v -2.8 3.7 1.2
v -2.8 3.7 0.8
v -2.8 3.7 0.7
v -2.8 3.7 0.3
v -2.8 3.7 0.2
v -2.8 3.7 -0.3
v -2.8 3.7 -0.4
v -2.8 3.7 -0.5
v -2.8 3.7 -0.7
v -2.8 3.7 -0.8
v -2.8 3.7 -1.2
v -2.8 3.7 -1.4
v -2.8 3.9 0.6
v -2.8 3.9 0.5
v -2.8 3.9 0.2
v -2.8 3.9 0.1
v -2.8 3.9 -1.4
v -2.8 3.9 -1.5
v -2.8 4 1.6
v -2.8 4 1.4
v -2.8 4 1.2
v -2.8 4 1.1
v -2.8 4 0.7
v -2.8 4 0.6
v -2.8 4 0.5
v -2.8 4 0.4
v -2.8 4 0
v -2.8 4 -0.2
v -2.8 4 -0.6
v -2.8 4 -0.7
v -2.8 4 -1.1
v -2.8 4 -1.2
v -2.8 4.2 1.4
v -2.8 4.2 1.2
v -2.8 4.2 0.8
v -2.8 4.2 0.7
v -2.8 4.2 0.6
v -2.8 4.2 0.5
v -2.8 4.2 -0.5
v -2.8 4.2 -0.6
v -2.8 4.2 -0.7
v -2.8 4.2 -0.8
v -2.8 4.3 1.1
v -2.8 4.3 1
v -2.8 4.3 0.7
v -2.8 4.3 0.6
v -2.8 4.3 -0.6
v -2.8 4.3 -0.7
v -2.8 4.3 -1
v -2.8 4.3 -1.1
v -2.8 4.3 -1.2
v -2.8 4.3 -1.4
v -2.8 4.5 1.5
v -2.8 4.5 1.4
v -2.8 4.5 0.8
v -2.8 4.5 0.7
v -2.8 4.5 0.4
v -2.8 4.5 0.2
v -2.8 4.5 -0.3
v -2.8 4.5 -0.4
v -2.8 4.5 -0.7
v -2.8 4.5 -0.8
v -2.8 4.6 1.2
v -2.8 4.6 1.1
v -2.8 4.6 0.5
v -2.8 4.6 0.4
v -2.8 4.6 -0.4
v -2.8 4.6 -0.5
v -2.8 4.8 0.6
v -2.8 4.8 0.5
v -2.8 4.8 -0.5
v -2.8 4.8 -0.6
v -2.8 4.8 -1.1
v -2.8 4.8 -1.2
v -2.8 4.8 -1.4
v -2.8 4.8 -1.5
v -2.8 4.9 1.4
v -2.8 4.9 1.2
v -2.8 4.9 1
v -2.8 4.9 0.9
v -2.8 4.9 0.7
v -2.8 4.9 0.6
v -2.8 4.9 0.4
v -2.8 4.9 0.3
v -2.8 4.9 -0.6
v -2.8 4.9 -0.7
v -2.8 4.9 -0.9
v -2.8 4.9 -1
v -2.8 4.9 -1.2
v -2.8 4.9 -1.4
v -2.8 5.1 1.5
v -2.8 5.1 1.4
v -2.8 5.1 -1
v -2.8 5.1 -1.1
v -2.8 5.1 -1.4
v -2.8 5.1 -1.5
v -2.8 5.2 1.4
v -2.8 5.2 1.2
v -2.8 5.2 1.1
v -2.8 5.2 1
v -2.8 5.2 0.5
v -2.8 5.2 0.4
v -2.8 5.2 -0.3
v -2.8 5.2 -0.4
v -2.8 5.2 -0.5
v -2.8 5.2 -0.8
v -2.8 5.2 -0.9
v -2.8 5.4 1.4
v -2.8 5.4 1.1
v -2.8 5.4 1
v -2.8 5.4 0.9
v -2.8 5.4 0.6
v -2.8 5.4 0.5
v -2.8 5.4 -0.5
v -2.8 5.4 -0.6
v -2.8 5.4 -0.9
v -2.8 5.4 -1
v -2.8 5.5 1.6
v -2.8 5.5 1.5
v -2.8 5.5 1.4
v -2.8 5.5 1.2
v -2.8 5.5 0.9
v -2.8 5.5 0.7
v -2.8 5.5 0.5
v -2.8 5.5 0.4
v -2.8 5.5 -0.4
v -2.8 5.5 -0.5
v -2.8 5.5 -0.7
v -2.8 5.5 -0.8
v -2.8 5.5 -1.1
v -2.8 5.5 -1.2
v -2.8 5.5 -1.4
v -2.8 5.5 -1.5
v -2.8 5.5 -1.6
v -2.8 5.7 1.6
v -2.8 5.7 1.5
v -2.8 5.7 0.3
v -2.8 5.7 0.2
v -2.8 5.7 0
v -2.8 5.7 -0.2
v -2.8 5.7 -1.5
v -2.8 5.7 -1.6
v -2.8 5.8 1.5
v -2.8 5.8 1.4
v -2.8 5.8 0.9
v -2.8 5.8 0.8
v -2.8 5.8 -0.8
v -2.8 5.8 -0.9
v -2.8 5.8 -1.4
v -2.8 5.8 -1.5
v -2.8 6 0.7
v -2.8 6 0.6
v -2.8 6 -0.6
v -2.8 6 -0.7
v -2.8 6.1 1.2
v -2.8 6.1 1.1
v -2.8 6.1 0.2
v -2.8 6.1 0.1
v -2.8 6.1 -0.7
v -2.8 6.1 -0.8
v -2.8 6.1 -1.1
v -2.8 6.1 -1.2
v -2.8 6.3 1.5
v -2.8 6.3 1.4
v -2.8 6.3 0.8
v -2.8 6.3 0.7
v -2.8 6.3 0.1
v -2.8 6.3 0
v -2.8 6.3 -1.4
v -2.8 6.3 -1.5
v -2.8 6.4 1.1
v -2.8 6.4 1
v -2.8 6.4 0.8
v -2.8 6.4 0.7
v -2.8 6.4 0.6
v -2.8 6.4 0.5
v -2.8 6.4 -0.2
v -2.8 6.4 -0.3
v -2.8 6.4 -0.5
v -2.8 6.4 -0.6
v -2.8 6.4 -0.7
v -2.8 6.4 -0.8
v -2.8 6.4 -1
v -2.8 6.4 -1.2
v -2.8 6.6 1.1
v -2.8 6.6 1
v -2.8 6.6 0.8
v -2.8 6.6 0.6
v -2.8 6.6 0.5
v -2.8 6.6 0.3
v -2.8 6.6 0
v -2.8 6.6 -0.3
v -2.8 6.6 -0.4
v -2.8 6.6 -0.5
v -2.8 6.6 -0.6
v -2.8 6.6 -0.8
v -2.8 6.6 -0.9
v -2.8 6.6 -1
v -2.8 6.6 -1.1
v -2.8 6.6 -1.2
v -2.8 6.6 -1.4
v -2.8 6.7 1.4
v -2.8 6.7 1.2
v -2.8 6.7 1
v -2.8 6.7 0.9
v -2.8 6.7 0.6
v -2.8 6.7 0.5
v -2.8 6.7 0.3
v -2.8 6.7 0.2
v -2.8 6.7 -0.5
v -2.8 6.7 -0.6
v -2.8 6.9 1.2
v -2.8 6.9 1.1
v -2.8 6.9 0.9
v -2.8 6.9 0.8
v -2.8 6.9 0.5
v -2.8 6.9 0.4
v -2.8 6.9 0.2
v -2.8 6.9 0.1
v -2.8 6.9 -0.4
v -2.8 6.9 -0.5
v -2.8 6.9 -0.9
v -2.8 6.9 -1
v -2.8 6.9 -1.1
v -2.8 6.9 -1.2
v -2.8 7 1.5
v -2.8 7 1.4
v -2.8 7 0.7
v -2.8 7 0.6
v -2.8 7 0.4
v -2.8 7 0.3
v -2.8 7 0.1
v -2.8 7 0
v -2.8 7 -0.3
v -2.8 7 -0.4
v -2.8 7 -0.6
v -2.8 7 -0.7
v -2.8 7 -1
v -2.8 7 -1.1
v -2.8 7 -1.4
v -2.8 7 -1.5
v -2.8 7.2 1.6
v -2.8 7.2 1.5
v -2.8 7.2 1.1
v -2.8 7.2 0.7
v -2.8 7.2 0.6
v -2.8 7.2 0.3
v -2.8 7.2 0
v -2.8 7.2 -0.3
v -2.8 7.2 -0.4
v -2.8 7.2 -0.6
v -2.8 7.2 -0.7
v -2.8 7.2 -0.8
v -2.8 7.2 -1.1
v -2.8 7.2 -1.2
v -2.8 7.2 -1.5
v -2.8 7.2 -1.6
v -2.7 0 1.7
v -2.7 0 1.6
v -2.7 0 -1.6
v -2.7 0 -1.7
v -2.7 0.1 1.7
v -2.7 0.1 1.6
v -2.7 0.1 -1.6
v -2.7 0.1 -1.7
v -2.7 0.3 1.6
v -2.7 0.3 -1.6
v -2.7 1 1.7
v -2.7 1 1.6
v -2.7 1 -1.6
v -2.7 1 -1.7
v -2.7 1.3 1.6
v -2.7 1.3 -1.6
v -2.7 1.6 1.6
v -2.7 1.6 -1.6
v -2.7 1.8 1.7
v -2.7 1.8 1.6
v -2.7 1.8 -1.6
v -2.7 1.8 -1.7
v -2.7 2.2 1.6
v -2.7 2.2 -1.6
v -2.7 3.4 1.7
v -2.7 3.4 1.6
v -2.7 3.4 -1.6
v -2.7 3.4 -1.7
v -2.7 3.6 -1.6
v -2.7 4 1.6
v -2.7 5.5 1.6
v -2.7 5.5 -1.6
v -2.7 5.7 1.6
v -2.7 5.7 -1.6
v -2.7 7.2 1.7
v -2.7 7.2 1.6
v -2.7 7.2 1.5
v -2.7 7.2 1.4
v -2.7 7.2 1.2
v -2.7 7.2 1.1
v -2.7 7.2 0.9
v -2.7 7.2 0.7
v -2.7 7.2 0.6
v -2.7 7.2 0.3
v -2.7 7.2 0.2
v -2.7 7.2 0
v -2.7 7.2 -0.3
v -2.7 7.2 -0.4
v -2.7 7.2 -0.6
v -2.7 7.2 -0.7
v -2.7 7.2 -0.8
v -2.7 7.2 -0.9
v -2.7 7.2 -1.1
v -2.7 7.2 -1.2
v -2.7 7.2 -1.4
v -2.7 7.2 -1.5
v -2.7 7.2 -1.6
v -2.7 7.2 -1.7
v -2.7 7.3 1.5
v -2.7 7.3 1.4
v -2.7 7.3 0.8
v -2.7 7.3 0.7
v -2.7 7.3 0.3
v -2.7 7.3 0.2
v -2.7 7.3 0
v -2.7 7.3 -0.7
v -2.7 7.3 -0.8
v -2.7 7.3 -1.4
v -2.7 7.3 -1.5
v -2.7 7.4 1.6
v -2.7 7.4 1.2
v -2.7 7.4 0.9
v -2.7 7.4 0.8
v -2.7 7.4 0.7
v -2.7 7.4 0.3
v -2.7 7.4 0.2
v -2.7 7.4 -0.7
v -2.7 7.4 -0.8
v -2.7 7.4 -0.9
v -2.7 7.4 -1.2
v -2.7 7.4 -1.6
v -2.6 7.2 1.7
v -2.6 7.2 1.6
v -2.6 7.2 -1.6
v -2.6 7.2 -1.7
v -2.6 7.4 1.7
v -2.6 7.4 1.6
v -2.6 7.4 1.5
v -2.6 7.4 1.4
v -2.6 7.4 1.2
v -2.6 7.4 1.1
v -2.6 7.4 1
v -2.6 7.4 0.9
v -2.6 7.4 0.8
v -2.6 7.4 0.7
v -2.6 7.4 0.5
v -2.6 7.4 0.3
v -2.6 7.4 0.2
v -2.6 7.4 0.1
v -2.6 7.4 -0.4
v -2.6 7.4 -0.5
v -2.6 7.4 -0.7
v -2.6 7.4 -0.8
v -2.6 7.4 -0.9
v -2.6 7.4 -1
v -2.6 7.4 -1.1
v -2.6 7.4 -1.2
v -2.6 7.4 -1.4
v -2.6 7.4 -1.5
v -2.6 7.4 -1.6
v -2.6 7.4 -1.7
v -2.6 7.5 1.5
v -2.6 7.5 1.4
v -2.6 7.5 1.1
v -2.6 7.5 1
v -2.6 7.5 0.9
v -2.6 7.5 0.8
v -2.6 7.5 0.5
v -2.6 7.5 0.1
v -2.6 7.5 -0.4
v -2.6 7.5 -0.5
v -2.6 7.5 -0.8
v -2.6 7.5 -0.9
v -2.6 7.5 -1
v -2.6 7.5 -1.1
v -2.6 7.5 -1.4
v -2.6 7.5 -1.5
v -2.5 7.4 1.6
v -2.5 7.4 1.5
v -2.5 7.4 -1.5
v -2.5 7.4 -1.6
v -2.5 7.5 1.6
v -2.5 7.5 1.5
v -2.5 7.5 1.3
v -2.5 7.5 1.1
v -2.5 7.5 1
v -2.5 7.5 0.9
v -2.5 7.5 0.8
v -2.5 7.5 0.5
v -2.5 7.5 0.2
v -2.5 7.5 0.1
v -2.5 7.5 -0.2
v -2.5 7.5 -0.4
v -2.5 7.5 -0.5
v -2.5 7.5 -0.8
v -2.5 7.5 -0.9
v -2.5 7.5 -1
v -2.5 7.5 -1.1
v -2.5 7.5 -1.3
v -2.5 7.5 -1.5
v -2.5 7.5 -1.6
v -2.5 7.6 1.3
v -2.5 7.6 1
v -2.5 7.6 0.2
v -2.5 7.6 -0.2
v -2.5 7.6 -1
v -2.5 7.6 -1.3
v -2.4 0.2 1.5
v -2.4 0.2 1.4
v -2.4 0.2 -1.4
v -2.4 0.2 -1.5
v -2.4 0.3 1.5
v -2.4 0.3 1.4
v -2.4 0.3 -1.4
v -2.4 0.3 -1.5
v -2.4 0.4 1.4
v -2.4 0.6 1.5
v -2.4 0.6 1.4
v -2.4 0.6 -1.4
v -2.4 0.6 -1.5
v -2.4 0.7 1.7
v -2.4 0.7 1.6
v -2.4 0.7 1.5
v -2.4 0.7 1.4
v -2.4 0.7 -1.4
v -2.4 0.7 -1.5
v -2.4 0.8 1.7
v -2.4 0.8 1.6
v -2.4 3 1.7
v -2.4 3 1.6
v -2.4 3.1 1.7
v -2.4 3.1 1.6
v -2.4 5.3 1.7
v -2.4 5.3 1.6
v -2.4 5.4 1.7
v -2.4 5.4 1.6
v -2.4 7.5 1.4
v -2.4 7.5 1.3
v -2.4 7.5 -1.3
v -2.4 7.5 -1.4
v -2.4 7.6 1.4
v -2.4 7.6 1.3
v -2.4 7.6 -1.3
v -2.4 7.6 -1.4
v -2.3 0.6 1.7
v -2.3 0.6 1.6
v -2.3 0.7 1.7
v -2.3 0.7 1.6
v -2.3 2.9 1.7
v -2.3 2.9 1.6
v -2.3 3 1.7
v -2.3 3 1.6
v -2.3 5.2 1.7
v -2.3 5.2 1.6
v -2.3 5.3 1.7
v -2.3 5.3 1.6
v -2.2 0.8 1.5
v -2.2 0.8 1.4
v -2.2 0.9 1.5
v -2.2 0.9 1.4
v -2.2 1 1.5
v -2.2 1 1.4
v -2.2 1.3 1.5
v -2.2 1.3 1.4
v -2.2 1.4 1.5
v -2.2 1.4 1.4
v -2.2 1.5 1.4
v -2.2 1.7 1.4
v -2.2 1.8 1.5
v -2.2 1.8 1.4
v -2.2 1.9 1.5
v -2.2 1.9 1.4
v -2.2 2.2 1.5
v -2.2 2.2 1.4
v -2.2 2.3 1.5
v -2.2 2.3 1.4
v -2.2 2.4 1.5
v -2.2 2.4 1.4
v -2.2 5.4 1.5
v -2.2 5.4 1.4
v -2.2 5.6 1.4
v -2.2 5.9 1.5
v -2.2 5.9 1.4
v -2.2 6.3 1.5
v -2.2 6.3 1.4
v -2.2 6.7 1.4
v -2.2 6.8 1.5
v -2.2 6.9 1.5
v -2.2 6.9 1.4
v -1.6 0.8 1.4
v -1.6 0.8 1.3
v -1.6 0.9 1.4
v -1.6 0.9 1.3
v -1.6 1 1.4
v -1.6 1 1.3
v -1.6 1.1 1.4
v -1.6 1.1 1.3
v -1.6 1.2 1.4
v -1.6 1.2 1.3
v -1.6 1.3 1.4
v -1.6 1.3 1.3
v -1.6 1.4 1.4
v -1.6 1.4 1.3
v -1.6 1.5 1.4
v -1.6 1.5 1.3
v -1.6 1.6 1.4
v -1.6 1.6 1.3
v -1.6 1.7 1.4
v -1.6 1.7 1.3
v -1.6 1.8 1.4
v -1.6 1.8 1.3
v -1.6 1.9 1.4
v -1.6 1.9 1.3
v -1.6 2 1.4
v -1.6 2 1.3
v -1.6 2.1 1.4
v -1.6 2.1 1.3
v -1.6 2.2 1.4
v -1.6 2.2 1.3
v -1.6 2.3 1.4
v -1.6 2.3 1.3
v -1.6 2.4 1.4
v -1.6 2.4 1.3
v -1.6 3.1 1.3
v -1.6 3.1 1.2
v -1.6 3.2 1.3
v -1.6 3.2 1.2
v -1.6 3.3 1.3
v -1.6 3.3 1.2
v -1.6 3.4 1.2
v -1.6 3.6 1.2
v -1.6 3.7 1.3
v -1.6 3.7 1.2
v -1.6 3.8 1.3
v -1.6 3.8 1.2
v -1.6 4 1.3
v -1.6 4 1.2
v -1.6 4.1 1.3
v -1.6 4.1 1.2
v -1.6 4.2 1.2
v -1.6 4.4 1.2
v -1.6 4.5 1.3
v -1.6 4.5 1.2
v -1.6 4.6 1.3
v -1.6 4.6 1.2
v -1.6 4.7 1.3
v -1.6 4.7 1.2
v -1.6 5.4 1.4
v -1.6 5.4 1.3
v -1.6 5.5 1.4
v -1.6 5.5 1.3
v -1.6 5.6 1.4
v -1.6 5.6 1.3
v -1.6 5.7 1.3
v -1.6 6.1 1.4
v -1.6 6.1 1.3
v -1.6 6.2 1.4
v -1.6 6.2 1.3
v -1.6 6.6 1.3
v -1.6 6.7 1.4
v -1.6 6.7 1.3
v -1.6 6.8 1.4
v -1.6 6.8 1.3
v -1.6 6.9 1.4
v -1.6 6.9 1.3
v -1.4 0.8 0.8
v -1.4 0.8 0.7
v -1.4 2.4 0.8
v -1.4 2.4 0.7
v -1.4 3.1 0.7
v -1.4 3.1 0.6
v -1.4 4.7 0.7
v -1.4 4.7 0.6
v -1.4 5.4 0.8
v -1.4 5.4 0.7
v -1.4 6.9 0.8
v -1.4 6.9 0.7
v -1.3 0.8 1.3
v -1.3 0.8 1.2
v -1.3 0.9 1.3
v -1.3 0.9 1.2
v -1.3 1.2 1.3
v -1.3 1.2 1.2
v -1.3 1.3 1.3
v -1.3 1.3 1.2
v -1.3 1.9 1.3
v -1.3 1.9 1.2
v -1.3 2 1.3
v -1.3 2 1.2
v -1.3 2.3 1.3
v -1.3 2.3 1.2
v -1.3 2.4 1.3
v -1.3 2.4 1.2
v -1.3 3.1 1.2
v -1.3 3.1 1.1
v -1.3 3.2 1.2
v -1.3 3.2 1.1
v -1.3 3.3 1.1
v -1.3 3.5 1.1
v -1.3 3.6 1.2
v -1.3 3.6 1.1
v -1.3 3.9 1.2
v -1.3 3.9 1.1
v -1.3 4 1.2
v -1.3 4 1.1
v -1.3 4.3 1.2
v -1.3 4.3 1.1
v -1.3 4.4 1.1
v -1.3 4.5 1.1
v -1.3 4.6 1.2
v -1.3 4.6 1.1
v -1.3 4.7 1.2
v -1.3 4.7 1.1
v -1.3 5.4 1.3
v -1.3 5.4 1.2
v -1.3 5.5 1.2
v -1.3 5.6 1.3
v -1.3 5.6 1.2
v -1.3 5.7 1.3
v -1.3 5.7 1.2
v -1.3 6.6 1.3
v -1.3 6.6 1.2
v -1.3 6.7 1.3
v -1.3 6.7 1.2
v -1.3 6.8 1.2
v -1.3 6.9 1.3
v -1.3 6.9 1.2
v -1.2 3.1 1.3
v -1.2 3.1 1.2
v -1.2 3.2 1.2
v -1.2 3.6 1.2
v -1.2 3.7 1.3
v -1.2 3.7 1.2
v -1.2 3.8 1.3
v -1.2 3.8 1.2
v -1.2 3.9 1.2
v -1.2 4 1.2
v -1.2 4.1 1.3
v -1.2 4.1 1.2
v -1.2 4.2 1.3
v -1.2 4.2 1.2
v -1.2 4.3 1.2
v -1.2 4.6 1.2
v -1.2 4.7 1.3
v -1.2 4.7 1.2
v -0.8 0.8 1.3
v -0.8 0.8 1.2
v -0.8 0.9 1.3
v -0.8 0.9 1.2
v -0.8 1 1.3
v -0.8 1 1.2
v -0.8 1.4 1.3
v -0.8 1.4 1.2
v -0.8 1.8 1.3
v -0.8 1.8 1.2
v -0.8 2.2 1.3
v -0.8 2.2 1.2
v -0.8 2.3 1.3
v -0.8 2.3 1.2
v -0.8 2.4 1.3
v -0.8 2.4 1.2
v -0.8 3.1 1.3
v -0.8 3.1 1.2
v -0.8 3.1 1.1
v -0.8 3.3 1.3
v -0.8 3.3 1.2
v -0.8 3.3 1.1
v -0.8 3.5 1.1
v -0.8 3.6 1.3
v -0.8 3.6 1.2
v -0.8 4.2 1.3
v -0.8 4.2 1.2
v -0.8 4.4 1.1
v -0.8 4.5 1.3
v -0.8 4.5 1.2
v -0.8 4.5 1.1
v -0.8 4.7 1.3
v -0.8 4.7 1.2
v -0.8 4.7 1.1
v -0.8 5.4 1.3
v -0.8 5.4 1.2
v -0.8 5.5 1.3
v -0.8 5.5 1.2
v -0.8 5.6 1.2
v -0.8 5.8 1.3
v -0.8 5.8 1.2
v -0.8 5.9 1.3
v -0.8 5.9 1.2
v -0.8 6.4 1.3
v -0.8 6.4 1.2
v -0.8 6.5 1.3
v -0.8 6.5 1.2
v -0.8 6.7 1.2
v -0.8 6.8 1.3
v -0.8 6.8 1.2
v -0.8 6.9 1.3
v -0.8 6.9 1.2
v -0.7 3.1 1.4
v -0.7 3.1 1.3
v -0.7 3.2 1.4
v -0.7 3.2 1.3
v -0.7 3.3 1.3
v -0.7 3.5 1.4
v -0.7 3.5 1.3
v -0.7 3.6 1.4
v -0.7 3.6 1.3
v -0.7 4.2 1.4
v -0.7 4.2 1.3
v -0.7 4.3 1.4
v -0.7 4.3 1.3
v -0.7 4.5 1.3
v -0.7 4.6 1.4
v -0.7 4.6 1.3
v -0.7 4.7 1.4
v -0.7 4.7 1.3
v -0.5 0.8 1.3
v -0.5 0.8 1.2
v -0.5 0.9 1.2
v -0.5 1 1.2
v -0.5 1.4 1.2
v -0.5 1.8 1.2
v -0.5 2.2 1.2
v -0.5 2.3 1.2
v -0.5 2.4 1.3
v -0.5 2.4 1.2
v -0.5 5.4 1.3
v -0.5 5.4 1.2
v -0.5 5.5 1.2
v -0.5 5.6 1.3
v -0.5 5.6 1.2
v -0.5 5.7 1.3
v -0.5 5.7 1.2
v -0.5 5.9 1.2
v -0.5 6 1.3
v -0.5 6 1.2
v -0.5 6.3 1.3
v -0.5 6.3 1.2
v -0.5 6.4 1.2
v -0.5 6.6 1.3
v -0.5 6.6 1.2
v -0.5 6.7 1.3
v -0.5 6.7 1.2
v -0.5 6.8 1.2
v -0.5 6.9 1.3
v -0.5 6.9 1.2
v -0.4 0.8 1.4
v -0.4 0.8 1.3
v -0.4 1 1.4
v -0.4 1 1.3
v -0.4 1.4 1.4
v -0.4 1.4 1.3
v -0.4 1.8 1.4
v -0.4 1.8 1.3
v -0.4 2.2 1.4
v -0.4 2.2 1.3
v -0.4 2.4 1.4
v -0.4 2.4 1.3
v -0.4 3.1 0.8
v -0.4 3.1 0.7
v -0.4 4.7 0.8
v -0.4 4.7 0.7
v -0.4 5.4 1.4
v -0.4 5.4 1.3
v -0.4 5.5 1.4
v -0.4 5.5 1.3
v -0.4 5.6 1.3
v -0.4 5.7 1.4
v -0.4 5.7 1.3
v -0.4 6 1.3
v -0.4 6.1 1.4
v -0.4 6.1 1.3
v -0.4 6.2 1.4
v -0.4 6.2 1.3
v -0.4 6.3 1.3
v -0.4 6.6 1.4
v -0.4 6.6 1.3
v -0.4 6.7 1.3
v -0.4 6.8 1.4
v -0.4 6.8 1.3
v -0.4 6.9 1.4
v -0.4 6.9 1.3
v -0.3 3.1 1.3
v -0.3 3.1 1.2
v -0.3 3.2 1.2
v -0.3 3.3 1.3
v -0.3 3.3 1.2
v -0.3 3.4 1.3
v -0.3 3.4 1.2
v -0.3 3.5 1.3
v -0.3 3.5 1.2
v -0.3 3.6 1.3
v -0.3 3.6 1.2
v -0.3 3.7 1.3
v -0.3 3.7 1.2
v -0.3 3.8 1.3
v -0.3 3.8 1.2
v -0.3 4 1.3
v -0.3 4 1.2
v -0.3 4.1 1.3
v -0.3 4.1 1.2
v -0.3 4.2 1.3
v -0.3 4.2 1.2
v -0.3 4.3 1.3
v -0.3 4.3 1.2
v -0.3 4.4 1.3
v -0.3 4.4 1.2
v -0.3 4.5 1.3
v -0.3 4.5 1.2
v -0.3 4.6 1.2
v -0.3 4.7 1.3
v -0.3 4.7 1.2
v -0.0999999 0.8 0.8
v -0.0999999 0.8 0.7
v -0.0999999 2.4 0.8
v -0.0999999 2.4 0.7
v -0.0999999 5.4 0.8
v -0.0999999 5.4 0.7
v -0.0999999 6.9 0.8
v -0.0999999 6.9 0.7
v 2.38419e-07 0.8 1.3
v 2.38419e-07 0.8 1.2
v 2.38419e-07 0.9 1.3
v 2.38419e-07 0.9 1.2
v 2.38419e-07 1 1.2
v 2.38419e-07 1.1 1.3
v 2.38419e-07 1.1 1.2
v 2.38419e-07 1.3 1.3
v 2.38419e-07 1.3 1.2
v 2.38419e-07 1.5 1.3
v 2.38419e-07 1.5 1.2
v 2.38419e-07 1.7 1.3
v 2.38419e-07 1.7 1.2
v 2.38419e-07 1.9 1.3
v 2.38419e-07 1.9 1.2
v 2.38419e-07 2.1 1.3
v 2.38419e-07 2.1 1.2
v 2.38419e-07 2.2 1.2
v 2.38419e-07 2.3 1.3
v 2.38419e-07 2.3 1.2
v 2.38419e-07 2.4 1.3
v 2.38419e-07 2.4 1.2
v 2.38419e-07 5.4 1.3
v 2.38419e-07 5.4 1.2
v 2.38419e-07 5.8 1.2
v 2.38419e-07 6 1.3
v 2.38419e-07 6 1.2
v 2.38419e-07 6.3 1.3
v 2.38419e-07 6.3 1.2
v 2.38419e-07 6.5 1.2
v 2.38419e-07 6.9 1.3
v 2.38419e-07 6.9 1.2
v 0.1 3.1 1.3
v 0.1 3.1 1.2
v 0.1 3.2 1.3
v 0.1 3.2 1.2
v 0.1 3.3 1.2
v 0.1 3.4 1.3
v 0.1 3.4 1.2
v 0.1 3.5 1.3
v 0.1 3.5 1.2
v 0.1 3.6 1.2
v 0.1 3.7 1.3
v 0.1 3.7 1.2
v 0.1 3.8 1.3
v 0.1 3.8 1.2
v 0.1 4 1.3
v 0.1 4 1.2
v 0.1 4.1 1.3
v 0.1 4.1 1.2
v 0.1 4.2 1.2
v 0.1 4.3 1.3
v 0.1 4.3 1.2
v 0.1 4.4 1.3
v 0.1 4.4 1.2
v 0.1 4.5 1.2
v 0.1 4.6 1.3
v 0.1 4.6 1.2
v 0.1 4.7 1.3
v 0.1 4.7 1.2
v 0.2 3.1 1.4
v 0.2 3.1 1.3
v 0.2 3.2 1.4
v 0.2 3.2 1.3
v 0.2 3.4 1.4
v 0.2 3.4 1.3
v 0.2 3.5 1.4
v 0.2 3.5 1.3
v 0.2 3.7 1.4
v 0.2 3.7 1.3
v 0.2 3.8 1.3
v 0.2 4 1.3
v 0.2 4.1 1.4
v 0.2 4.1 1.3
v 0.2 4.3 1.4
v 0.2 4.3 1.3
v 0.2 4.4 1.4
v 0.2 4.4 1.3
v 0.2 4.6 1.4
v 0.2 4.6 1.3
v 0.2 4.7 1.4
v 0.2 4.7 1.3
v 0.4 0.8 1.3
v 0.4 0.8 1.2
v 0.4 0.9 1.3
v 0.4 0.9 1.2
v 0.4 1 1.3
v 0.4 1 1.2
v 0.4 1.1 1.2
v 0.4 1.3 1.2
v 0.4 1.5 1.2
v 0.4 1.7 1.2
v 0.4 1.9 1.2
v 0.4 2.1 1.2
v 0.4 2.2 1.3
v 0.4 2.2 1.2
v 0.4 2.3 1.3
v 0.4 2.3 1.2
v 0.4 2.4 1.3
v 0.4 2.4 1.2
v 0.4 5.4 1.3
v 0.4 5.4 1.2
v 0.4 5.7 1.3
v 0.4 5.7 1.2
v 0.4 5.8 1.2
v 0.4 6 1.3
v 0.4 6 1.2
v 0.4 6.3 1.3
v 0.4 6.3 1.2
v 0.4 6.5 1.2
v 0.4 6.6 1.3
v 0.4 6.6 1.2
v 0.4 6.9 1.3
v 0.4 6.9 1.2
v 0.5 0.8 1.4
v 0.5 0.8 1.3
v 0.5 0.9 1.3
v 0.5 1 1.4
v 0.5 1 1.3
v 0.5 1.1 1.4
v 0.5 1.1 1.3
v 0.5 2.1 1.4
v 0.5 2.1 1.3
v 0.5 2.2 1.4
v 0.5 2.2 1.3
v 0.5 2.3 1.3
v 0.5 2.4 1.4
v 0.5 2.4 1.3
v 0.5 3.1 0.8
v 0.5 3.1 0.7
v 0.5 4.7 0.8
v 0.5 4.7 0.7
v 0.5 5.4 1.4
v 0.5 5.4 1.3
v 0.5 5.7 1.4
v 0.5 5.7 1.3
v 0.5 6 1.4
v 0.5 6 1.3
v 0.5 6.3 1.4
v 0.5 6.3 1.3
v 0.5 6.6 1.4
v 0.5 6.6 1.3
v 0.5 6.9 1.4
v 0.5 6.9 1.3
v 0.6 3.1 1.3
v 0.6 3.1 1.2
v 0.6 3.2 1.3
v 0.6 3.2 1.2
v 0.6 3.3 1.3
v 0.6 3.3 1.2
v 0.6 4.5 1.3
v 0.6 4.5 1.2
v 0.6 4.6 1.3
v 0.6 4.6 1.2
v 0.6 4.7 1.3
v 0.6 4.7 1.2
v 0.8 0.8 0.8
v 0.8 0.8 0.7
v 0.8 0.8 0.6
v 0.8 2.4 0.8
v 0.8 2.4 0.6
v 0.8 5.4 0.8
v 0.8 5.4 0.7
v 0.8 5.4 0.6
v 0.8 6.9 0.8
v 0.8 6.9 0.6
v 0.9 0.8 1.2
v 0.9 0.8 1.1
v 0.9 0.9 1.2
v 0.9 0.9 1.1
v 0.9 1 1.2
v 0.9 1 1.1
v 0.9 1.2 1.2
v 0.9 1.2 1.1
v 0.9 2 1.2
v 0.9 2 1.1
v 0.9 2.2 1.2
v 0.9 2.2 1.1
v 0.9 2.3 1.2
v 0.9 2.3 1.1
v 0.9 2.4 1.2
v 0.9 2.4 1.1
v 0.9 5.4 1.2
v 0.9 5.4 1.1
v 0.9 5.6 1.2
v 0.9 5.6 1.1
v 0.9 5.7 1.2
v 0.9 5.7 1.1
v 0.9 6.1 1.2
v 0.9 6.1 1.1
v 0.9 6.2 1.2
v 0.9 6.2 1.1
v 0.9 6.6 1.2
v 0.9 6.6 1.1
v 0.9 6.7 1.2
v 0.9 6.7 1.1
v 0.9 6.9 1.2
v 0.9 6.9 1.1
v 1 0.8 1.3
v 1 0.8 1.2
v 1 0.9 1.3
v 1 0.9 1.2
v 1 1 1.3
v 1 1 1.2
v 1 1.1 1.3
v 1 1.1 1.2
v 1 1.2 1.3
v 1 1.2 1.2
v 1 2 1.3
v 1 2 1.2
v 1 2.1 1.3
v 1 2.1 1.2
v 1 2.2 1.3
v 1 2.2 1.2
v 1 2.3 1.3
v 1 2.3 1.2
v 1 2.4 1.3
v 1 2.4 1.2
v 1 3.1 1.3
v 1 3.1 1.2
v 1 3.2 1.3
v 1 3.2 1.2
v 1 3.3 1.2
v 1 3.6 1.2
v 1 3.7 1.3
v 1 3.7 1.2
v 1 4.1 1.3
v 1 4.1 1.2
v 1 4.2 1.2
v 1 4.5 1.2
v 1 4.6 1.3
v 1 4.6 1.2
v 1 4.7 1.3
v 1 4.7 1.2
v 1 5.4 1.3
v 1 5.4 1.2
v 1 5.5 1.3
v 1 5.5 1.2
v 1 5.6 1.2
v 1 5.7 1.2
v 1 5.8 1.3
v 1 5.8 1.2
v 1 6 1.3
v 1 6 1.2
v 1 6.1 1.2
v 1 6.2 1.2
v 1 6.3 1.3
v 1 6.3 1.2
v 1 6.5 1.3
v 1 6.5 1.2
v 1 6.6 1.2
v 1 6.7 1.2
v 1 6.8 1.3
v 1 6.8 1.2
v 1 6.9 1.3
v 1 6.9 1.2
v 1.4 0.8 1.2
v 1.4 0.8 1.1
v 1.4 0.9 1.2
v 1.4 0.9 1.1
v 1.4 1 1.2
v 1.4 1 1.1
v 1.4 1.3 1.2
v 1.4 1.3 1.1
v 1.4 1.4 1.2
v 1.4 1.4 1.1
v 1.4 1.8 1.2
v 1.4 1.8 1.1
v 1.4 1.9 1.2
v 1.4 1.9 1.1
v 1.4 2.2 1.2
v 1.4 2.2 1.1
v 1.4 2.3 1.2
v 1.4 2.3 1.1
v 1.4 2.4 1.2
v 1.4 2.4 1.1
v 1.4 3.1 1.3
v 1.4 3.1 1.2
v 1.4 3.2 1.3
v 1.4 3.2 1.2
v 1.4 3.3 1.3
v 1.4 3.3 1.2
v 1.4 3.6 1.2
v 1.4 3.8 1.3
v 1.4 3.8 1.2
v 1.4 4 1.3
v 1.4 4 1.2
v 1.4 4.2 1.2
v 1.4 4.5 1.3
v 1.4 4.5 1.2
v 1.4 4.6 1.3
v 1.4 4.6 1.2
v 1.4 4.7 1.3
v 1.4 4.7 1.2
v 1.4 5.4 1.2
v 1.4 5.4 1.1
v 1.4 5.5 1.2
v 1.4 5.5 1.1
v 1.4 5.6 1.2
v 1.4 5.6 1.1
v 1.4 6.7 1.2
v 1.4 6.7 1.1
v 1.4 6.8 1.2
v 1.4 6.8 1.1
v 1.4 6.9 1.2
v 1.4 6.9 1.1
v 1.5 0.8 1.3
v 1.5 0.8 1.2
v 1.5 0.9 1.3
v 1.5 0.9 1.2
v 1.5 1 1.3
v 1.5 1 1.2
v 1.5 1.3 1.3
v 1.5 1.3 1.2
v 1.5 1.4 1.3
v 1.5 1.4 1.2
v 1.5 1.8 1.3
v 1.5 1.8 1.2
v 1.5 1.9 1.3
v 1.5 1.9 1.2
v 1.5 2.2 1.3
v 1.5 2.2 1.2
v 1.5 2.3 1.3
v 1.5 2.3 1.2
v 1.5 2.4 1.3
v 1.5 2.4 1.2
v 1.5 3.1 1.4
v 1.5 3.1 1.3
v 1.5 3.2 1.3
v 1.5 3.3 1.4
v 1.5 3.3 1.3
v 1.5 3.4 1.4
v 1.5 3.4 1.3
v 1.5 3.8 1.4
v 1.5 3.8 1.3
v 1.5 4 1.4
v 1.5 4 1.3
v 1.5 4.4 1.4
v 1.5 4.4 1.3
v 1.5 4.5 1.4
v 1.5 4.5 1.3
v 1.5 4.6 1.3
v 1.5 4.7 1.4
v 1.5 4.7 1.3
v 1.5 5.4 1.3
v 1.5 5.4 1.2
v 1.5 5.5 1.3
v 1.5 5.5 1.2
v 1.5 5.6 1.3
v 1.5 5.6 1.2
v 1.5 6.7 1.3
v 1.5 6.7 1.2
v 1.5 6.8 1.3
v 1.5 6.8 1.2
v 1.5 6.9 1.3
v 1.5 6.9 1.2
v 1.8 0.8 1.3
v 1.8 0.8 1.2
v 1.8 1.3 1.3
v 1.8 1.3 1.2
v 1.8 1.9 1.3
v 1.8 1.9 1.2
v 1.8 2.4 1.3
v 1.8 2.4 1.2
v 1.8 3.1 1.4
v 1.8 3.1 1.3
v 1.8 3.2 1.4
v 1.8 3.2 1.3
v 1.8 3.3 1.4
v 1.8 3.3 1.3
v 1.8 3.6 1.3
v 1.8 3.7 1.4
v 1.8 3.7 1.3
v 1.8 3.8 1.4
v 1.8 3.8 1.3
v 1.8 4 1.4
v 1.8 4 1.3
v 1.8 4.1 1.4
v 1.8 4.1 1.3
v 1.8 4.2 1.3
v 1.8 4.5 1.4
v 1.8 4.5 1.3
v 1.8 4.6 1.4
v 1.8 4.6 1.3
v 1.8 4.7 1.4
v 1.8 4.7 1.3
v 1.8 5.4 1.3
v 1.8 5.4 1.2
v 1.8 5.5 1.3
v 1.8 5.5 1.2
v 1.8 5.6 1.3
v 1.8 5.6 1.2
v 1.8 6 1.3
v 1.8 6 1.2
v 1.8 6.3 1.3
v 1.8 6.3 1.2
v 1.8 6.7 1.3
v 1.8 6.7 1.2
v 1.8 6.8 1.3
v 1.8 6.8 1.2
v 1.8 6.9 1.3
v 1.8 6.9 1.2
v 1.9 3.1 1.5
v 1.9 3.1 1.4
v 1.9 3.2 1.5
v 1.9 3.2 1.4
v 1.9 3.3 1.5
v 1.9 3.3 1.4
v 1.9 3.6 1.5
v 1.9 3.6 1.4
v 1.9 3.7 1.5
v 1.9 3.7 1.4
v 1.9 3.8 1.4
v 1.9 4 1.4
v 1.9 4.1 1.5
v 1.9 4.1 1.4
v 1.9 4.2 1.5
v 1.9 4.2 1.4
v 1.9 4.5 1.5
v 1.9 4.5 1.4
v 1.9 4.6 1.5
v 1.9 4.6 1.4
v 1.9 4.7 1.5
v 1.9 4.7 1.4
v 2.2 2.3 1.6
v 2.2 2.3 1.5
v 2.2 2.4 1.6
v 2.2 2.4 1.5
v 2.2 4.6 1.6
v 2.2 4.6 1.5
v 2.2 4.7 1.6
v 2.2 4.7 1.5
v 2.2 6.8 1.6
v 2.2 6.8 1.5
v 2.2 6.9 1.6
v 2.2 6.9 1.5
v 2.3 0 1.7
v 2.3 0 -0.8
v 2.3 0.2 1.7
v 2.3 0.2 1.6
v 2.3 0.2 1.3
v 2.3 0.2 -0.8
v 2.3 0.8 1.6
v 2.3 0.8 1.5
v 2.3 0.8 1.3
v 2.3 0.8 0.7
v 2.3 0.8 0.4
v 2.3 0.8 0.1
v 2.3 0.8 -0.0999999
v 2.3 0.8 -0.3
v 2.3 0.8 -0.4
v 2.3 0.8 -0.7
v 2.3 0.8 -0.8
v 2.3 0.8 -0.9
v 2.3 0.8 -1.1
v 2.3 0.8 -1.2
v 2.3 0.8 -1.3
v 2.3 0.8 -1.5
v 2.3 0.8 -1.6
v 2.3 0.9 1.6
v 2.3 0.9 1.5
v 2.3 0.9 1.3
v 2.3 0.9 0.7
v 2.3 0.9 0.1
v 2.3 0.9 -0.0999999
v 2.3 0.9 -0.8
v 2.3 0.9 -1.1
v 2.3 0.9 -1.2
v 2.3 0.9 -1.3
v 2.3 0.9 -1.5
v 2.3 1.3 1.3
v 2.3 1.3 -1.5
v 2.3 1.3 -1.6
v 2.3 1.8 1.6
v 2.3 1.8 1.5
v 2.3 1.8 -1
v 2.3 1.8 -1.1
v 2.3 1.9 1.3
v 2.3 2.1 -1.5
v 2.3 2.1 -1.6
v 2.3 2.2 -1.6
v 2.3 2.3 1.6
v 2.3 2.3 1.5
v 2.3 2.3 -1
v 2.3 2.3 -1.1
v 2.3 2.3 -1.5
v 2.3 2.3 -1.6
v 2.3 2.4 1.5
v 2.3 2.4 1.3
v 2.3 2.4 0.7
v 2.3 2.4 -1.1
v 2.3 2.4 -1.3
v 2.3 2.4 -1.5
v 2.3 2.4 -1.6
v 2.3 3.1 1.6
v 2.3 3.1 1.5
v 2.3 3.1 1.4
v 2.3 3.1 0.8
v 2.3 3.1 0.7
v 2.3 3.1 0.4
v 2.3 3.1 -0.0999999
v 2.3 3.1 -0.3
v 2.3 3.1 -0.4
v 2.3 3.1 -0.7
v 2.3 3.1 -0.8
v 2.3 3.1 -0.9
v 2.3 3.1 -1
v 2.3 3.1 -1.1
v 2.3 3.1 -1.5
v 2.3 3.1 -1.6
v 2.3 3.2 1.6
v 2.3 3.2 1.5
v 2.3 3.2 1.4
v 2.3 3.2 -1
v 2.3 3.2 -1.1
v 2.3 3.3 1.4
v 2.3 3.6 -1.5
v 2.3 3.6 -1.6
v 2.3 3.7 1.4
v 2.3 3.8 1.4
v 2.3 4 1.4
v 2.3 4.1 1.6
v 2.3 4.1 1.5
v 2.3 4.1 1.4
v 2.3 4.1 -1
v 2.3 4.1 -1.1
v 2.3 4.3 -1.6
v 2.3 4.4 -1.5
v 2.3 4.4 -1.6
v 2.3 4.5 1.4
v 2.3 4.6 1.6
v 2.3 4.6 1.5
v 2.3 4.6 1.4
v 2.3 4.6 -1
v 2.3 4.6 -1.1
v 2.3 4.6 -1.5
v 2.3 4.6 -1.6
v 2.3 4.7 1.5
v 2.3 4.7 1.4
v 2.3 4.7 0.8
v 2.3 4.7 -1.1
v 2.3 4.7 -1.3
v 2.3 4.7 -1.5
v 2.3 4.7 -1.6
v 2.3 5.4 1.6
v 2.3 5.4 1.5
v 2.3 5.4 1.3
v 2.3 5.4 0.7
v 2.3 5.4 0.4
v 2.3 5.4 -0.0999999
v 2.3 5.4 -0.3
v 2.3 5.4 -0.4
v 2.3 5.4 -0.7
v 2.3 5.4 -0.8
v 2.3 5.4 -0.9
v 2.3 5.4 -1.1
v 2.3 5.4 -1.5
v 2.3 5.4 -1.6
v 2.3 5.5 1.3
v 2.3 5.6 1.3
v 2.3 5.8 -1.5
v 2.3 5.8 -1.6
v 2.3 6 1.3
v 2.3 6.3 1.6
v 2.3 6.3 1.5
v 2.3 6.3 1.3
v 2.3 6.4 -1.6
v 2.3 6.6 -1.5
v 2.3 6.6 -1.6
v 2.3 6.7 1.3
v 2.3 6.8 1.6
v 2.3 6.8 1.5
v 2.3 6.8 1.3
v 2.3 6.8 -1.5
v 2.3 6.8 -1.6
v 2.3 6.9 1.5
v 2.3 6.9 1.3
v 2.3 6.9 0.7
v 2.3 6.9 -1.1
v 2.3 6.9 -1.5
v 2.3 6.9 -1.6
v 2.4 0.2 1.7
v 2.4 0.2 1.6
v 2.4 0.3 1.7
v 2.4 0.3 1.6
v 2.4 7.2 1.7
v 2.4 7.2 1.6
v 2.4 7.3 1.7
v 2.4 7.3 1.6
v 2.5 0.2 1.5
v 2.5 0.2 1.4
v 2.5 0.2 -1.4
v 2.5 0.2 -1.5
v 2.5 0.3 1.7
v 2.5 0.3 1.6
v 2.5 0.3 1.4
v 2.5 0.3 -1.4
v 2.5 0.4 1.4
v 2.5 0.4 -1.4
v 2.5 0.5 1.7
v 2.5 0.5 1.6
v 2.5 0.6 1.4
v 2.5 0.7 1.5
v 2.5 0.7 1.4
v 2.5 0.7 -1.4
v 2.5 0.7 -1.5
v 2.5 7 1.7
v 2.5 7 1.6
v 2.5 7.1 1.6
v 2.5 7.2 1.7
v 2.5 7.2 1.6
v 2.6 0.5 1.7
v 2.6 0.5 1.6
v 2.6 1 1.7
v 2.6 1 1.6
v 2.6 1.7 1.6
v 2.6 1.8 1.7
v 2.6 1.8 1.6
v 2.6 2.2 1.6
v 2.6 3.1 1.6
v 2.6 3.2 1.6
v 2.6 3.4 1.7
v 2.6 3.4 1.6
v 2.6 4 1.6
v 2.6 4.5 1.6
v 2.6 6.2 1.6
v 2.6 6.7 1.6
v 2.6 7 1.7
v 2.6 7 1.6
v -2.6 0.5 1.7
v -2.6 0.5 1.6
v -2.6 1 1.7
v -2.6 1 1.6
v -2.6 1.7 1.6
v -2.6 1.8 1.7
v -2.6 1.8 1.6
v -2.6 2.2 1.6
v -2.6 3.1 1.6
v -2.6 3.2 1.6
v -2.6 3.4 1.7
v -2.6 3.4 1.6
v -2.6 4 1.6
v -2.6 4.5 1.6
v -2.6 6.2 1.6
v -2.6 6.7 1.6
v -2.6 6.9 1.6
v -2.6 7 1.7
v -2.6 7 1.6
v -2.5 0.2 1.5
v -2.5 0.2 1.4
v -2.5 0.2 -1.4
v -2.5 0.2 -1.5
v -2.5 0.3 1.7
v -2.5 0.3 1.6
v -2.5 0.4 1.4
v -2.5 0.5 1.7
v -2.5 0.5 1.6
v -2.5 0.7 1.5
v -2.5 0.7 1.4
v -2.5 0.7 -1.4
v -2.5 0.7 -1.5
v -2.5 7 1.7
v -2.5 7 1.6
v -2.5 7.1 1.6
v -2.5 7.2 1.7
v -2.5 7.2 1.6
v -2.4 0.2 1.7
v -2.4 0.2 1.6
v -2.4 0.3 1.7
v -2.4 0.3 1.6
v -2.4 7.2 1.7
v -2.4 7.2 1.6
v -2.4 7.3 1.7
v -2.4 7.3 1.6
v -2.3 0 1.7
v -2.3 0 -0.8
v -2.3 0.2 1.7
v -2.3 0.2 1.6
v -2.3 0.2 1.3
v -2.3 0.2 -0.8
v -2.3 0.8 1.6
v -2.3 0.8 1.5
v -2.3 0.8 1.4
v -2.3 0.8 0.8
v -2.3 0.8 0.7
v -2.3 0.8 0.3
v -2.3 0.8 0.2
v -2.3 0.8 0
v -2.3 0.8 -0.2
v -2.3 0.8 -0.4
v -2.3 0.8 -0.7
v -2.3 0.8 -0.8
v -2.3 0.8 -0.9
v -2.3 0.8 -1.2
v -2.3 0.8 -1.4
v -2.3 0.8 -1.5
v -2.3 0.8 -1.6
v -2.3 0.9 1.6
v -2.3 0.9 1.5
v -2.3 0.9 1.4
v -2.3 0.9 0.8
v -2.3 0.9 0.7
v -2.3 0.9 0.3
v -2.3 0.9 0
v -2.3 0.9 -0.2
v -2.3 0.9 -0.4
v -2.3 0.9 -0.7
v -2.3 0.9 -0.9
v -2.3 0.9 -1.1
v -2.3 0.9 -1.4
v -2.3 0.9 -1.5
v -2.3 1 1.4
v -2.3 1.3 -1.5
v -2.3 1.3 -1.6
v -2.3 1.4 1.4
v -2.3 1.5 1.4
v -2.3 1.7 1.4
v -2.3 1.8 1.6
v -2.3 1.8 1.5
v -2.3 1.8 1.4
v -2.3 1.8 -0.9
v -2.3 1.8 -1
v -2.3 1.8 -1.1
v -2.3 2.1 -1.5
v -2.3 2.1 -1.6
v -2.3 2.2 1.4
v -2.3 2.2 -1.6
v -2.3 2.3 1.6
v -2.3 2.3 1.5
v -2.3 2.3 1.4
v -2.3 2.3 -0.9
v -2.3 2.3 -1
v -2.3 2.3 -1.1
v -2.3 2.3 -1.5
v -2.3 2.3 -1.6
v -2.3 2.4 1.5
v -2.3 2.4 1.4
v -2.3 2.4 0.8
v -2.3 2.4 -1.1
v -2.3 2.4 -1.5
v -2.3 2.4 -1.6
v -2.3 3.1 1.6
v -2.3 3.1 1.5
v -2.3 3.1 1.3
v -2.3 3.1 0.7
v -2.3 3.1 0.2
v -2.3 3.1 -0.2
v -2.3 3.1 -0.8
v -2.3 3.1 -0.9
v -2.3 3.1 -1
v -2.3 3.1 -1.2
v -2.3 3.1 -1.5
v -2.3 3.1 -1.6
v -2.3 3.2 1.6
v -2.3 3.2 1.5
v -2.3 3.2 1.3
v -2.3 3.2 -0.9
v -2.3 3.2 -1
v -2.3 3.2 -1.1
v -2.3 3.3 1.3
v -2.3 3.6 -1.5
v -2.3 3.6 -1.6
v -2.3 3.7 1.3
v -2.3 4.1 1.6
v -2.3 4.1 1.5
v -2.3 4.1 1.3
v -2.3 4.1 -0.9
v -2.3 4.1 -1
v -2.3 4.1 -1.1
v -2.3 4.3 -1.6
v -2.3 4.4 -1.5
v -2.3 4.4 -1.6
v -2.3 4.5 1.3
v -2.3 4.6 1.6
v -2.3 4.6 1.5
v -2.3 4.6 1.3
v -2.3 4.6 -0.9
v -2.3 4.6 -1
v -2.3 4.6 -1.1
v -2.3 4.6 -1.5
v -2.3 4.6 -1.6
v -2.3 4.7 1.5
v -2.3 4.7 1.3
v -2.3 4.7 0.7
v -2.3 4.7 -1.1
v -2.3 4.7 -1.5
v -2.3 4.7 -1.6
v -2.3 5.4 1.6
v -2.3 5.4 1.5
v -2.3 5.4 1.4
v -2.3 5.4 0.8
v -2.3 5.4 0.2
v -2.3 5.4 -0.2
v -2.3 5.4 -0.8
v -2.3 5.4 -1.1
v -2.3 5.4 -1.2
v -2.3 5.4 -1.5
v -2.3 5.4 -1.6
v -2.3 5.6 1.4
v -2.3 5.8 -1.5
v -2.3 5.8 -1.6
v -2.3 5.9 1.4
v -2.3 6.3 1.6
v -2.3 6.3 1.5
v -2.3 6.3 1.4
v -2.3 6.3 -0.9
v -2.3 6.3 -1
v -2.3 6.4 -1.6
v -2.3 6.6 -1.5
v -2.3 6.6 -1.6
v -2.3 6.7 1.4
v -2.3 6.8 1.6
v -2.3 6.8 1.5
v -2.3 6.8 -0.9
v -2.3 6.8 -1
v -2.3 6.8 -1.5
v -2.3 6.8 -1.6
v -2.3 6.9 1.5
v -2.3 6.9 1.4
v -2.3 6.9 0.8
v -2.3 6.9 -1.1
v -2.3 6.9 -1.5
v -2.3 6.9 -1.6
v -2.2 2.3 1.6
v -2.2 2.3 1.5
v -2.2 2.4 1.6
v -2.2 2.4 1.5
v -2.2 4.6 1.6
v -2.2 4.6 1.5
v -2.2 4.7 1.6
v -2.2 4.7 1.5
v -2.2 6.8 1.6
v -2.2 6.8 1.5
v -2.2 6.9 1.6
v -2.2 6.9 1.5
v -1.9 0.8 1.5
v -1.9 0.8 1.4
v -1.9 0.9 1.5
v -1.9 0.9 1.4
v -1.9 1 1.5
v -1.9 1 1.4
v -1.9 1.3 1.5
v -1.9 1.3 1.4
v -1.9 1.4 1.5
v -1.9 1.4 1.4
v -1.9 1.5 1.4
v -1.9 1.7 1.4
v -1.9 1.8 1.5
v -1.9 1.8 1.4
v -1.9 1.9 1.5
v -1.9 1.9 1.4
v -1.9 2.2 1.5
v -1.9 2.2 1.4
v -1.9 2.3 1.5
v -1.9 2.3 1.4
v -1.9 2.4 1.5
v -1.9 2.4 1.4
v -1.9 5.4 1.5
v -1.9 5.4 1.4
v -1.9 5.6 1.4
v -1.9 5.9 1.5
v -1.9 5.9 1.4
v -1.9 6.3 1.5
v -1.9 6.3 1.4
v -1.9 6.7 1.4
v -1.9 6.9 1.5
v -1.9 6.9 1.4
v -1.8 0.8 1.4
v -1.8 0.8 1.3
v -1.8 0.9 1.4
v -1.8 0.9 1.3
v -1.8 1 1.4
v -1.8 1 1.3
v -1.8 1.3 1.3
v -1.8 1.4 1.4
v -1.8 1.4 1.3
v -1.8 1.5 1.4
v -1.8 1.5 1.3
v -1.8 1.7 1.4
v -1.8 1.7 1.3
v -1.8 1.8 1.4
v -1.8 1.8 1.3
v -1.8 1.9 1.3
v -1.8 2.2 1.4
v -1.8 2.2 1.3
v -1.8 2.3 1.4
v -1.8 2.3 1.3
v -1.8 2.4 1.4
v -1.8 2.4 1.3
v -1.8 3.1 1.3
v -1.8 3.1 1.2
v -1.8 3.2 1.3
v -1.8 3.2 1.2
v -1.8 3.3 1.3
v -1.8 3.3 1.2
v -1.8 3.7 1.3
v -1.8 3.7 1.2
v -1.8 4.1 1.3
v -1.8 4.1 1.2
v -1.8 4.5 1.3
v -1.8 4.5 1.2
v -1.8 4.6 1.3
v -1.8 4.6 1.2
v -1.8 4.7 1.3
v -1.8 4.7 1.2
v -1.8 5.4 1.4
v -1.8 5.4 1.3
v -1.8 5.6 1.4
v -1.8 5.6 1.3
v -1.8 5.9 1.4
v -1.8 5.9 1.3
v -1.8 6.3 1.4
v -1.8 6.3 1.3
v -1.8 6.7 1.4
v -1.8 6.7 1.3
v -1.8 6.9 1.4
v -1.8 6.9 1.3
v -1.5 0.8 1.4
v -1.5 0.8 1.3
v -1.5 0.9 1.4
v -1.5 0.9 1.3
v -1.5 1 1.4
v -1.5 1 1.3
v -1.5 1.1 1.4
v -1.5 1.1 1.3
v -1.5 1.2 1.4
v -1.5 1.2 1.3
v -1.5 1.3 1.4
v -1.5 1.3 1.3
v -1.5 1.4 1.4
v -1.5 1.4 1.3
v -1.5 1.5 1.4
v -1.5 1.5 1.3
v -1.5 1.6 1.4
v -1.5 1.6 1.3
v -1.5 1.7 1.4
v -1.5 1.7 1.3
v -1.5 1.8 1.4
v -1.5 1.8 1.3
v -1.5 1.9 1.4
v -1.5 1.9 1.3
v -1.5 2 1.4
v -1.5 2 1.3
v -1.5 2.1 1.4
v -1.5 2.1 1.3
v -1.5 2.2 1.4
v -1.5 2.2 1.3
v -1.5 2.3 1.4
v -1.5 2.3 1.3
v -1.5 2.4 1.4
v -1.5 2.4 1.3
v -1.5 3.1 1.3
v -1.5 3.1 1.2
v -1.5 3.2 1.3
v -1.5 3.2 1.2
v -1.5 3.3 1.3
v -1.5 3.3 1.2
v -1.5 3.4 1.2
v -1.5 3.6 1.2
v -1.5 3.7 1.3
v -1.5 3.7 1.2
v -1.5 3.8 1.3
v -1.5 3.8 1.2
v -1.5 4 1.3
v -1.5 4 1.2
v -1.5 4.1 1.3
v -1.5 4.1 1.2
v -1.5 4.2 1.2
v -1.5 4.4 1.2
v -1.5 4.5 1.3
v -1.5 4.5 1.2
v -1.5 4.6 1.3
v -1.5 4.6 1.2
v -1.5 4.7 1.3
v -1.5 4.7 1.2
v -1.5 5.4 1.4
v -1.5 5.4 1.3
v -1.5 5.5 1.4
v -1.5 5.5 1.3
v -1.5 5.6 1.4
v -1.5 5.6 1.3
v -1.5 5.7 1.3
v -1.5 6.1 1.4
v -1.5 6.1 1.3
v -1.5 6.2 1.4
v -1.5 6.2 1.3
v -1.5 6.6 1.3
v -1.5 6.7 1.4
v -1.5 6.7 1.3
v -1.5 6.8 1.4
v -1.5 6.8 1.3
v -1.5 6.9 1.4
v -1.5 6.9 1.3
v -1.4 0.8 1.3
v -1.4 0.8 1.2
v -1.4 0.9 1.3
v -1.4 0.9 1.2
v -1.4 1 1.3
v -1.4 1 1.2
v -1.4 1.1 1.3
v -1.4 1.1 1.2
v -1.4 1.2 1.3
v -1.4 1.2 1.2
v -1.4 1.3 1.3
v -1.4 1.3 1.2
v -1.4 1.4 1.3
v -1.4 1.4 1.2
v -1.4 1.5 1.3
v -1.4 1.5 1.2
v -1.4 1.6 1.3
v -1.4 1.6 1.2
v -1.4 1.7 1.3
v -1.4 1.7 1.2
v -1.4 1.8 1.3
v -1.4 1.8 1.2
v -1.4 1.9 1.3
v -1.4 1.9 1.2
v -1.4 2 1.3
v -1.4 2 1.2
v -1.4 2.1 1.3
v -1.4 2.1 1.2
v -1.4 2.2 1.3
v -1.4 2.2 1.2
v -1.4 2.3 1.3
v -1.4 2.3 1.2
v -1.4 2.4 1.3
v -1.4 2.4 1.2
v -1.4 3.1 1.2
v -1.4 3.1 1.1
v -1.4 3.3 1.2
v -1.4 3.3 1.1
v -1.4 3.4 1.2
v -1.4 3.4 1.1
v -1.4 3.5 1.1
v -1.4 3.6 1.2
v -1.4 3.6 1.1
v -1.4 3.7 1.2
v -1.4 3.7 1.1
v -1.4 4.1 1.2
v -1.4 4.1 1.1
v -1.4 4.2 1.2
v -1.4 4.2 1.1
v -1.4 4.4 1.2
v -1.4 4.4 1.1
v -1.4 4.5 1.2
v -1.4 4.5 1.1
v -1.4 4.7 1.2
v -1.4 4.7 1.1
v -1.4 5.4 1.3
v -1.4 5.4 1.2
v -1.4 5.5 1.2
v -1.4 5.6 1.3
v -1.4 5.6 1.2
v -1.4 5.7 1.3
v -1.4 5.7 1.2
v -1.4 6.1 1.3
v -1.4 6.1 1.2
v -1.4 6.2 1.3
v -1.4 6.2 1.2
v -1.4 6.6 1.3
v -1.4 6.6 1.2
v -1.4 6.7 1.3
v -1.4 6.7 1.2
v -1.4 6.8 1.2
v -1.4 6.9 1.3
v -1.4 6.9 1.2
v -1 0.8 1.3
v -1 0.8 1.2
v -1 0.9 1.3
v -1 0.9 1.2
v -1 1.2 1.3
v -1 1.2 1.2
v -1 1.3 1.3
v -1 1.3 1.2
v -1 1.9 1.3
v -1 1.9 1.2
v -1 2 1.3
v -1 2 1.2
v -1 2.3 1.3
v -1 2.3 1.2
v -1 2.4 1.3
v -1 2.4 1.2
v -1 3.1 1.3
v -1 3.1 1.2
v -1 3.2 1.2
v -1 3.6 1.2
v -1 3.7 1.3
v -1 3.7 1.2
v -1 3.8 1.3
v -1 3.8 1.2
v -1 3.9 1.2
v -1 4 1.2
v -1 4.1 1.3
v -1 4.1 1.2
v -1 4.2 1.3
v -1 4.2 1.2
v -1 4.3 1.2
v -1 4.6 1.2
v -1 4.7 1.3
v -1 4.7 1.2
v -1 5.4 1.3
v -1 5.4 1.2
v -1 5.5 1.2
v -1 5.6 1.3
v -1 5.6 1.2
v -1 5.7 1.3
v -1 5.7 1.2
v -1 6.6 1.3
v -1 6.6 1.2
v -1 6.7 1.3
v -1 6.7 1.2
v -1 6.8 1.2
v -1 6.9 1.3
v -1 6.9 1.2
v -0.9 3.1 1.2
v -0.9 3.1 1.1
v -0.9 3.2 1.2
v -0.9 3.2 1.1
v -0.9 3.3 1.1
v -0.9 3.5 1.1
v -0.9 3.6 1.2
v -0.9 3.6 1.1
v -0.9 3.9 1.2
v -0.9 3.9 1.1
v -0.9 4 1.2
v -0.9 4 1.1
v -0.9 4.3 1.2
v -0.9 4.3 1.1
v -0.9 4.4 1.1
v -0.9 4.5 1.1
v -0.9 4.6 1.2
v -0.9 4.6 1.1
v -0.9 4.7 1.2
v -0.9 4.7 1.1
v -0.8 3.1 0.8
v -0.8 3.1 0.7
v -0.8 3.1 0.6
v -0.8 4.7 0.8
v -0.8 4.7 0.6
v -0.6 0.8 1.3
v -0.6 0.8 1.2
v -0.6 0.9 1.3
v -0.6 0.9 1.2
v -0.6 1 1.3
v -0.6 1 1.2
v -0.6 1.4 1.3
v -0.6 1.4 1.2
v -0.6 1.8 1.3
v -0.6 1.8 1.2
v -0.6 2.2 1.3
v -0.6 2.2 1.2
v -0.6 2.3 1.3
v -0.6 2.3 1.2
v -0.6 2.4 1.3
v -0.6 2.4 1.2
v -0.6 5.4 1.3
v -0.6 5.4 1.2
v -0.6 5.5 1.3
v -0.6 5.5 1.2
v -0.6 5.6 1.2
v -0.6 5.8 1.3
v -0.6 5.8 1.2
v -0.6 5.9 1.3
v -0.6 5.9 1.2
v -0.6 6.4 1.3
v -0.6 6.4 1.2
v -0.6 6.5 1.3
v -0.6 6.5 1.2
v -0.6 6.7 1.2
v -0.6 6.8 1.3
v -0.6 6.8 1.2
v -0.6 6.9 1.3
v -0.6 6.9 1.2
v -0.5 0.8 0.8
v -0.5 0.8 0.7
v -0.5 2.4 0.8
v -0.5 2.4 0.7
v -0.5 3.1 1.4
v -0.5 3.1 1.3
v -0.5 3.2 1.4
v -0.5 3.2 1.3
v -0.5 3.3 1.3
v -0.5 3.5 1.4
v -0.5 3.5 1.3
v -0.5 3.6 1.4
v -0.5 3.6 1.3
v -0.5 4.2 1.4
v -0.5 4.2 1.3
v -0.5 4.3 1.4
v -0.5 4.3 1.3
v -0.5 4.5 1.3
v -0.5 4.6 1.4
v -0.5 4.6 1.3
v -0.5 4.7 1.4
v -0.5 4.7 1.3
v -0.5 5.4 0.8
v -0.5 5.4 0.7
v -0.5 6.9 0.8
v -0.5 6.9 0.7
v -0.4 3.1 1.3
v -0.4 3.1 1.2
v -0.4 3.2 1.2
v -0.4 3.3 1.3
v -0.4 3.3 1.2
v -0.4 3.6 1.3
v -0.4 3.6 1.2
v -0.4 3.7 1.2
v -0.4 4.1 1.2
v -0.4 4.2 1.3
v -0.4 4.2 1.2
v -0.4 4.5 1.3
v -0.4 4.5 1.2
v -0.4 4.6 1.2
v -0.4 4.7 1.3
v -0.4 4.7 1.2
v -0.2 0.8 1.4
v -0.2 0.8 1.3
v -0.2 1 1.4
v -0.2 1 1.3
v -0.2 1.4 1.4
v -0.2 1.4 1.3
v -0.2 1.8 1.4
v -0.2 1.8 1.3
v -0.2 2.2 1.4
v -0.2 2.2 1.3
v -0.2 2.4 1.4
v -0.2 2.4 1.3
v -0.2 5.4 1.4
v -0.2 5.4 1.3
v -0.2 5.5 1.4
v -0.2 5.5 1.3
v -0.2 5.6 1.3
v -0.2 5.7 1.4
v -0.2 5.7 1.3
v -0.2 6 1.3
v -0.2 6.1 1.4
v -0.2 6.1 1.3
v -0.2 6.2 1.4
v -0.2 6.2 1.3
v -0.2 6.3 1.3
v -0.2 6.6 1.4
v -0.2 6.6 1.3
v -0.2 6.7 1.3
v -0.2 6.8 1.4
v -0.2 6.8 1.3
v -0.2 6.9 1.4
v -0.2 6.9 1.3
v -0.0999999 0.8 1.3
v -0.0999999 0.8 1.2
v -0.0999999 1 1.2
v -0.0999999 1.1 1.2
v -0.0999999 1.3 1.2
v -0.0999999 1.5 1.2
v -0.0999999 1.7 1.2
v -0.0999999 1.9 1.2
v -0.0999999 2.1 1.2
v -0.0999999 2.2 1.2
v -0.0999999 2.4 1.3
v -0.0999999 2.4 1.2
v -0.0999999 5.4 1.3
v -0.0999999 5.4 1.2
v -0.0999999 5.6 1.3
v -0.0999999 5.6 1.2
v -0.0999999 5.7 1.3
v -0.0999999 5.7 1.2
v -0.0999999 5.8 1.2
v -0.0999999 6 1.3
v -0.0999999 6 1.2
v -0.0999999 6.3 1.3
v -0.0999999 6.3 1.2
v -0.0999999 6.5 1.2
v -0.0999999 6.6 1.3
v -0.0999999 6.6 1.2
v -0.0999999 6.7 1.3
v -0.0999999 6.7 1.2
v -0.0999999 6.9 1.3
v -0.0999999 6.9 1.2
v 2.38419e-07 3.1 1.3
v 2.38419e-07 3.1 1.2
v 2.38419e-07 3.2 1.2
v 2.38419e-07 3.3 1.3
v 2.38419e-07 3.3 1.2
v 2.38419e-07 3.4 1.3
v 2.38419e-07 3.4 1.2
v 2.38419e-07 3.5 1.3
v 2.38419e-07 3.5 1.2
v 2.38419e-07 3.6 1.3
v 2.38419e-07 3.6 1.2
v 2.38419e-07 3.7 1.3
v 2.38419e-07 3.7 1.2
v 2.38419e-07 3.8 1.3
v 2.38419e-07 3.8 1.2
v 2.38419e-07 4 1.3
v 2.38419e-07 4 1.2
v 2.38419e-07 4.1 1.3
v 2.38419e-07 4.1 1.2
v 2.38419e-07 4.2 1.3
v 2.38419e-07 4.2 1.2
v 2.38419e-07 4.3 1.3
v 2.38419e-07 4.3 1.2
v 2.38419e-07 4.4 1.3
v 2.38419e-07 4.4 1.2
v 2.38419e-07 4.5 1.3
v 2.38419e-07 4.5 1.2
v 2.38419e-07 4.6 1.2
v 2.38419e-07 4.7 1.3
v 2.38419e-07 4.7 1.2
v 0.1 3.1 0.8
v 0.1 3.1 0.7
v 0.1 4.7 0.8
v 0.1 4.7 0.7
v 0.3 0.8 1.3
v 0.3 0.8 1.2
v 0.3 0.9 1.3
v 0.3 0.9 1.2
v 0.3 1 1.2
v 0.3 1.1 1.3
v 0.3 1.1 1.2
v 0.3 1.3 1.3
v 0.3 1.3 1.2
v 0.3 1.5 1.3
v 0.3 1.5 1.2
v 0.3 1.7 1.3
v 0.3 1.7 1.2
v 0.3 1.9 1.3
v 0.3 1.9 1.2
v 0.3 2.1 1.3
v 0.3 2.1 1.2
v 0.3 2.2 1.2
v 0.3 2.3 1.3
v 0.3 2.3 1.2
v 0.3 2.4 1.3
v 0.3 2.4 1.2
v 0.3 5.4 1.3
v 0.3 5.4 1.2
v 0.3 5.8 1.2
v 0.3 6 1.3
v 0.3 6 1.2
v 0.3 6.3 1.3
v 0.3 6.3 1.2
v 0.3 6.5 1.2
v 0.3 6.9 1.3
v 0.3 6.9 1.2
v 0.4 0.8 0.8
v 0.4 0.8 0.7
v 0.4 2.4 0.8
v 0.4 2.4 0.7
v 0.4 3.1 1.4
v 0.4 3.1 1.3
v 0.4 3.2 1.4
v 0.4 3.2 1.3
v 0.4 3.4 1.4
v 0.4 3.4 1.3
v 0.4 3.5 1.4
v 0.4 3.5 1.3
v 0.4 3.7 1.4
v 0.4 3.7 1.3
v 0.4 3.8 1.3
v 0.4 4 1.3
v 0.4 4.1 1.4
v 0.4 4.1 1.3
v 0.4 4.3 1.4
v 0.4 4.3 1.3
v 0.4 4.4 1.4
v 0.4 4.4 1.3
v 0.4 4.6 1.4
v 0.4 4.6 1.3
v 0.4 4.7 1.4
v 0.4 4.7 1.3
v 0.4 5.4 0.8
v 0.4 5.4 0.7
v 0.4 6.9 0.8
v 0.4 6.9 0.7
v 0.5 3.1 1.3
v 0.5 3.1 1.2
v 0.5 3.2 1.3
v 0.5 3.2 1.2
v 0.5 3.3 1.2
v 0.5 3.4 1.3
v 0.5 3.4 1.2
v 0.5 3.5 1.3
v 0.5 3.5 1.2
v 0.5 3.7 1.3
v 0.5 3.7 1.2
v 0.5 3.8 1.3
v 0.5 3.8 1.2
v 0.5 4 1.3
v 0.5 4 1.2
v 0.5 4.1 1.3
v 0.5 4.1 1.2
v 0.5 4.3 1.3
v 0.5 4.3 1.2
v 0.5 4.4 1.3
v 0.5 4.4 1.2
v 0.5 4.5 1.2
v 0.5 4.6 1.3
v 0.5 4.6 1.2
v 0.5 4.7 1.3
v 0.5 4.7 1.2
v 0.7 0.8 1.4
v 0.7 0.8 1.3
v 0.7 0.9 1.3
v 0.7 1 1.4
v 0.7 1 1.3
v 0.7 1.1 1.4
v 0.7 1.1 1.3
v 0.7 2.1 1.4
v 0.7 2.1 1.3
v 0.7 2.2 1.4
v 0.7 2.2 1.3
v 0.7 2.3 1.3
v 0.7 2.4 1.4
v 0.7 2.4 1.3
v 0.7 5.4 1.4
v 0.7 5.4 1.3
v 0.7 5.7 1.4
v 0.7 5.7 1.3
v 0.7 6 1.4
v 0.7 6 1.3
v 0.7 6.3 1.4
v 0.7 6.3 1.3
v 0.7 6.6 1.4
v 0.7 6.6 1.3
v 0.7 6.9 1.4
v 0.7 6.9 1.3
v 0.8 0.8 1.3
v 0.8 0.8 1.1
v 0.8 0.9 1.3
v 0.8 0.9 1.2
v 0.8 0.9 1.1
v 0.8 1 1.3
v 0.8 1 1.2
v 0.8 2.2 1.3
v 0.8 2.2 1.2
v 0.8 2.3 1.3
v 0.8 2.3 1.2
v 0.8 2.3 1.1
v 0.8 2.4 1.3
v 0.8 2.4 1.1
v 0.8 3.1 1.3
v 0.8 3.1 1.2
v 0.8 3.2 1.3
v 0.8 3.2 1.2
v 0.8 3.3 1.3
v 0.8 3.3 1.2
v 0.8 4.5 1.3
v 0.8 4.5 1.2
v 0.8 4.6 1.3
v 0.8 4.6 1.2
v 0.8 4.7 1.3
v 0.8 4.7 1.2
v 0.8 5.4 1.3
v 0.8 5.4 1.2
v 0.8 5.4 1.1
v 0.8 5.7 1.3
v 0.8 5.7 1.2
v 0.8 5.7 1.1
v 0.8 6 1.3
v 0.8 6 1.2
v 0.8 6 1.1
v 0.8 6.3 1.3
v 0.8 6.3 1.2
v 0.8 6.3 1.1
v 0.8 6.6 1.3
v 0.8 6.6 1.2
v 0.8 6.6 1.1
v 0.8 6.9 1.3
v 0.8 6.9 1.2
v 0.8 6.9 1.1
v 1.2 0.8 1.3
v 1.2 0.8 1.2
v 1.2 0.9 1.3
v 1.2 0.9 1.2
v 1.2 1 1.3
v 1.2 1 1.2
v 1.2 1.1 1.3
v 1.2 1.1 1.2
v 1.2 1.2 1.3
v 1.2 1.2 1.2
v 1.2 2 1.3
v 1.2 2 1.2
v 1.2 2.1 1.3
v 1.2 2.1 1.2
v 1.2 2.2 1.3
v 1.2 2.2 1.2
v 1.2 2.3 1.3
v 1.2 2.3 1.2
v 1.2 2.4 1.3
v 1.2 2.4 1.2
v 1.2 5.4 1.3
v 1.2 5.4 1.2
v 1.2 5.5 1.3
v 1.2 5.5 1.2
v 1.2 5.6 1.2
v 1.2 5.7 1.2
v 1.2 5.8 1.3
v 1.2 5.8 1.2
v 1.2 6 1.3
v 1.2 6 1.2
v 1.2 6.1 1.2
v 1.2 6.2 1.2
v 1.2 6.3 1.3
v 1.2 6.3 1.2
v 1.2 6.5 1.3
v 1.2 6.5 1.2
v 1.2 6.6 1.2
v 1.2 6.7 1.2
v 1.2 6.8 1.3
v 1.2 6.8 1.2
v 1.2 6.9 1.3
v 1.2 6.9 1.2
v 1.3 0.8 1.2
v 1.3 0.8 1.1
v 1.3 0.9 1.2
v 1.3 0.9 1.1
v 1.3 1 1.2
v 1.3 1 1.1
v 1.3 1.2 1.2
v 1.3 1.2 1.1
v 1.3 2 1.2
v 1.3 2 1.1
v 1.3 2.2 1.2
v 1.3 2.2 1.1
v 1.3 2.3 1.2
v 1.3 2.3 1.1
v 1.3 2.4 1.2
v 1.3 2.4 1.1
v 1.3 3.1 1.3
v 1.3 3.1 1.2
v 1.3 3.2 1.3
v 1.3 3.2 1.2
v 1.3 3.3 1.2
v 1.3 3.6 1.2
v 1.3 3.7 1.3
v 1.3 3.7 1.2
v 1.3 4.1 1.3
v 1.3 4.1 1.2
v 1.3 4.2 1.2
v 1.3 4.5 1.2
v 1.3 4.6 1.3
v 1.3 4.6 1.2
v 1.3 4.7 1.3
v 1.3 4.7 1.2
v 1.3 5.4 1.2
v 1.3 5.4 1.1
v 1.3 5.6 1.2
v 1.3 5.6 1.1
v 1.3 5.7 1.2
v 1.3 5.7 1.1
v 1.3 6.1 1.2
v 1.3 6.1 1.1
v 1.3 6.2 1.2
v 1.3 6.2 1.1
v 1.3 6.6 1.2
v 1.3 6.6 1.1
v 1.3 6.7 1.2
v 1.3 6.7 1.1
v 1.3 6.9 1.2
v 1.3 6.9 1.1
v 1.4 0.8 0.7
v 1.4 0.8 0.6
v 1.4 2.4 0.7
v 1.4 2.4 0.6
v 1.4 3.1 0.8
v 1.4 3.1 0.7
v 1.4 4.7 0.8
v 1.4 4.7 0.7
v 1.4 5.4 0.7
v 1.4 5.4 0.6
v 1.4 6.9 0.7
v 1.4 6.9 0.6
v 1.6 0.8 1.3
v 1.6 0.8 1.2
v 1.6 0.9 1.3
v 1.6 0.9 1.2
v 1.6 1 1.3
v 1.6 1 1.2
v 1.6 1.3 1.3
v 1.6 1.3 1.2
v 1.6 1.4 1.3
v 1.6 1.4 1.2
v 1.6 1.8 1.3
v 1.6 1.8 1.2
v 1.6 1.9 1.3
v 1.6 1.9 1.2
v 1.6 2.2 1.3
v 1.6 2.2 1.2
v 1.6 2.3 1.3
v 1.6 2.3 1.2
v 1.6 2.4 1.3
v 1.6 2.4 1.2
v 1.6 3.1 1.4
v 1.6 3.1 1.3
v 1.6 3.2 1.3
v 1.6 3.3 1.4
v 1.6 3.3 1.3
v 1.6 3.4 1.4
v 1.6 3.4 1.3
v 1.6 3.8 1.4
v 1.6 3.8 1.3
v 1.6 4 1.4
v 1.6 4 1.3
v 1.6 4.4 1.4
v 1.6 4.4 1.3
v 1.6 4.5 1.4
v 1.6 4.5 1.3
v 1.6 4.6 1.3
v 1.6 4.7 1.4
v 1.6 4.7 1.3
v 1.6 5.4 1.3
v 1.6 5.4 1.2
v 1.6 5.5 1.3
v 1.6 5.5 1.2
v 1.6 5.6 1.3
v 1.6 5.6 1.2
v 1.6 6.7 1.3
v 1.6 6.7 1.2
v 1.6 6.8 1.3
v 1.6 6.8 1.2
v 1.6 6.9 1.3
v 1.6 6.9 1.2
v 2.2 3.1 1.5
v 2.2 3.1 1.4
v 2.2 3.2 1.5
v 2.2 3.2 1.4
v 2.2 3.3 1.5
v 2.2 3.3 1.4
v 2.2 3.6 1.5
v 2.2 3.6 1.4
v 2.2 3.7 1.5
v 2.2 3.7 1.4
v 2.2 3.8 1.4
v 2.2 4 1.4
v 2.2 4.1 1.5
v 2.2 4.1 1.4
v 2.2 4.2 1.5
v 2.2 4.2 1.4
v 2.2 4.5 1.5
v 2.2 4.5 1.4
v 2.2 4.6 1.5
v 2.2 4.6 1.4
v 2.2 4.7 1.5
v 2.2 4.7 1.4
v 2.3 0.6 1.7
v 2.3 0.6 1.6
v 2.3 0.7 1.7
v 2.3 0.7 1.6
v 2.3 2.9 1.7
v 2.3 2.9 1.6
v 2.3 3 1.7
v 2.3 3 1.6
v 2.3 5.2 1.7
v 2.3 5.2 1.6
v 2.3 5.3 1.7
v 2.3 5.3 1.6
v 2.4 0.2 1.5
v 2.4 0.2 1.4
v 2.4 0.2 -1.4
v 2.4 0.2 -1.5
v 2.4 0.3 1.5
v 2.4 0.3 1.4
v 2.4 0.3 -1.4
v 2.4 0.3 -1.5
v 2.4 0.4 1.4
v 2.4 0.4 -1.4
v 2.4 0.5 1.5
v 2.4 0.5 1.4
v 2.4 0.6 1.5
v 2.4 0.6 1.4
v 2.4 0.6 -1.4
v 2.4 0.6 -1.5
v 2.4 0.7 1.7
v 2.4 0.7 1.6
v 2.4 0.7 1.5
v 2.4 0.7 1.4
v 2.4 0.7 -1.4
v 2.4 0.7 -1.5
v 2.4 0.8 1.7
v 2.4 0.8 1.6
v 2.4 3 1.7
v 2.4 3 1.6
v 2.4 3.1 1.7
v 2.4 3.1 1.6
v 2.4 5.3 1.7
v 2.4 5.3 1.6
v 2.4 5.4 1.7
v 2.4 5.4 1.6
v 2.4 7.5 1.4
v 2.4 7.5 1.3
v 2.4 7.5 -1.3
v 2.4 7.5 -1.4
v 2.4 7.6 1.4
v 2.4 7.6 1.3
v 2.4 7.6 -1.3
v 2.4 7.6 -1.4
v 2.5 7.4 1.6
v 2.5 7.4 1.5
v 2.5 7.4 -1.4
v 2.5 7.4 -1.5
v 2.5 7.4 -1.6
v 2.5 7.5 1.6
v 2.5 7.5 1.5
v 2.5 7.5 1.3
v 2.5 7.5 1.2
v 2.5 7.5 1
v 2.5 7.5 0.8
v 2.5 7.5 0.6
v 2.5 7.5 0.4
v 2.5 7.5 0.3
v 2.5 7.5 0
v 2.5 7.5 -0.2
v 2.5 7.5 -0.3
v 2.5 7.5 -0.4
v 2.5 7.5 -0.7
v 2.5 7.5 -0.8
v 2.5 7.5 -0.9
v 2.5 7.5 -1
v 2.5 7.5 -1.2
v 2.5 7.5 -1.3
v 2.5 7.5 -1.4
v 2.5 7.5 -1.5
v 2.5 7.5 -1.6
v 2.5 7.6 1.3
v 2.5 7.6 1.2
v 2.5 7.6 0.4
v 2.5 7.6 0
v 2.5 7.6 -0.3
v 2.5 7.6 -0.4
v 2.5 7.6 -1
v 2.5 7.6 -1.2
v 2.5 7.6 -1.3
v 2.6 7.2 1.7
v 2.6 7.2 1.6
v 2.6 7.2 -1.6
v 2.6 7.2 -1.7
v 2.6 7.4 1.7
v 2.6 7.4 1.6
v 2.6 7.4 1.5
v 2.6 7.4 1.4
v 2.6 7.4 1.2
v 2.6 7.4 1.1
v 2.6 7.4 1
v 2.6 7.4 0.9
v 2.6 7.4 0.8
v 2.6 7.4 0.6
v 2.6 7.4 0.3
v 2.6 7.4 0.2
v 2.6 7.4 0
v 2.6 7.4 -0.2
v 2.6 7.4 -0.4
v 2.6 7.4 -0.7
v 2.6 7.4 -0.8
v 2.6 7.4 -0.9
v 2.6 7.4 -1.2
v 2.6 7.4 -1.3
v 2.6 7.4 -1.4
v 2.6 7.4 -1.6
v 2.6 7.4 -1.7
v 2.6 7.5 1.5
v 2.6 7.5 1.4
v 2.6 7.5 1
v 2.6 7.5 0.8
v 2.6 7.5 0.6
v 2.6 7.5 0.3
v 2.6 7.5 0
v 2.6 7.5 -0.2
v 2.6 7.5 -0.4
v 2.6 7.5 -0.7
v 2.6 7.5 -0.8
v 2.6 7.5 -0.9
v 2.6 7.5 -1.2
v 2.6 7.5 -1.3
v 2.6 7.5 -1.4
v 2.7 0 1.7
v 2.7 0 1.6
v 2.7 0 -1.6
v 2.7 0 -1.7
v 2.7 0.1 1.7
v 2.7 0.1 1.6
v 2.7 0.3 1.6
v 2.7 0.3 -1.6
v 2.7 0.9 -1.6
v 2.7 0.9 -1.7
v 2.7 1 1.7
v 2.7 1 1.6
v 2.7 1.3 1.6
v 2.7 1.3 -1.6
v 2.7 1.5 -1.6
v 2.7 1.5 -1.7
v 2.7 1.6 1.6
v 2.7 1.6 -1.6
v 2.7 1.8 1.7
v 2.7 1.8 1.6
v 2.7 1.8 -1.6
v 2.7 1.9 -1.6
v 2.7 1.9 -1.7
v 2.7 2.1 -1.6
v 2.7 2.1 -1.7
v 2.7 2.2 1.6
v 2.7 2.2 -1.6
v 2.7 3.3 -1.6
v 2.7 3.3 -1.7
v 2.7 3.4 1.7
v 2.7 3.4 1.6
v 2.7 3.6 -1.6
v 2.7 3.9 -1.6
v 2.7 3.9 -1.7
v 2.7 4 1.6
v 2.7 4.2 -1.6
v 2.7 4.2 -1.7
v 2.7 5.1 -1.6
v 2.7 5.1 -1.7
v 2.7 5.5 1.6
v 2.7 5.5 -1.6
v 2.7 5.7 1.6
v 2.7 5.7 -1.6
v 2.7 5.8 -1.6
v 2.7 5.8 -1.7
v 2.7 6.3 -1.6
v 2.7 6.3 -1.7
v 2.7 7 -1.6
v 2.7 7 -1.7
v 2.7 7.2 1.7
v 2.7 7.2 1.6
v 2.7 7.2 1.5
v 2.7 7.2 1.4
v 2.7 7.2 1.2
v 2.7 7.2 1.1
v 2.7 7.2 0.7
v 2.7 7.2 0.6
v 2.7 7.2 0.3
v 2.7 7.2 0.2
v 2.7 7.2 0
v 2.7 7.2 -0.3
v 2.7 7.2 -0.4
v 2.7 7.2 -0.6
v 2.7 7.2 -0.7
v 2.7 7.2 -0.8
v 2.7 7.2 -0.9
v 2.7 7.2 -1.1
v 2.7 7.2 -1.2
v 2.7 7.2 -1.4
v 2.7 7.2 -1.5
v 2.7 7.2 -1.6
v 2.7 7.2 -1.7
v 2.7 7.3 1.5
v 2.7 7.3 1.4
v 2.7 7.3 1
v 2.7 7.3 0.9
v 2.7 7.3 0.3
v 2.7 7.3 0.2
v 2.7 7.3 0
v 2.7 7.3 -0.7
v 2.7 7.3 -0.8
v 2.7 7.3 -1.4
v 2.7 7.3 -1.5
v 2.7 7.4 1.6
v 2.7 7.4 1.2
v 2.7 7.4 1.1
v 2.7 7.4 1
v 2.7 7.4 0.9
v 2.7 7.4 0.3
v 2.7 7.4 0.2
v 2.7 7.4 -0.7
v 2.7 7.4 -0.8
v 2.7 7.4 -0.9
v 2.7 7.4 -1.2
v 2.7 7.4 -1.6
v 2.8 0 1.6
v 2.8 0 -1.6
v 2.8 0.1 1.2
v 2.8 0.1 1
v 2.8 0.1 0.7
v 2.8 0.1 0.5
v 2.8 0.1 0.2
v 2.8 0.1 0
v 2.8 0.1 -0.2
v 2.8 0.1 -0.4
v 2.8 0.1 -0.5
v 2.8 0.1 -0.7
v 2.8 0.1 -1
v 2.8 0.1 -1.2
v 2.8 0.3 1.6
v 2.8 0.3 1.5
v 2.8 0.3 0.8
v 2.8 0.3 0.7
v 2.8 0.3 0.6
v 2.8 0.3 0.5
v 2.8 0.3 0.3
v 2.8 0.3 0.2
v 2.8 0.3 0.1
v 2.8 0.3 0
v 2.8 0.3 -0.3
v 2.8 0.3 -0.4
v 2.8 0.3 -0.5
v 2.8 0.3 -0.6
v 2.8 0.3 -0.7
v 2.8 0.3 -0.8
v 2.8 0.3 -1.5
v 2.8 0.3 -1.6
v 2.8 0.4 1.1
v 2.8 0.4 1
v 2.8 0.4 0.3
v 2.8 0.4 0.2
v 2.8 0.4 -1
v 2.8 0.4 -1.1
v 2.8 0.6 0.9
v 2.8 0.6 0.8
v 2.8 0.6 0
v 2.8 0.6 -0.2
v 2.8 0.6 -0.8
v 2.8 0.6 -0.9
v 2.8 0.7 1.2
v 2.8 0.7 1.1
v 2.8 0.7 0.4
v 2.8 0.7 0.3
v 2.8 0.7 0
v 2.8 0.7 -0.2
v 2.8 0.7 -0.5
v 2.8 0.7 -0.6
v 2.8 0.7 -1.1
v 2.8 0.7 -1.2
v 2.8 0.9 1.5
v 2.8 0.9 1.4
v 2.8 0.9 0.7
v 2.8 0.9 0.6
v 2.8 0.9 0.5
v 2.8 0.9 0.4
v 2.8 0.9 0.2
v 2.8 0.9 0.1
v 2.8 0.9 0
v 2.8 0.9 -0.2
v 2.8 0.9 -0.3
v 2.8 0.9 -1.4
v 2.8 0.9 -1.5
v 2.8 1 1.2
v 2.8 1 1.1
v 2.8 1 0.9
v 2.8 1 0.8
v 2.8 1 0
v 2.8 1 -0.2
v 2.8 1 -0.3
v 2.8 1 -0.5
v 2.8 1 -0.8
v 2.8 1 -0.9
v 2.8 1 -1.1
v 2.8 1 -1.2
v 2.8 1.2 1.4
v 2.8 1.2 1.2
v 2.8 1.2 -0.3
v 2.8 1.2 -0.4
v 2.8 1.2 -1.2
v 2.8 1.2 -1.4
v 2.8 1.3 1.6
v 2.8 1.3 1.5
v 2.8 1.3 1.1
v 2.8 1.3 1
v 2.8 1.3 0.5
v 2.8 1.3 0.4
v 2.8 1.3 -0.6
v 2.8 1.3 -0.8
v 2.8 1.3 -1
v 2.8 1.3 -1.1
v 2.8 1.3 -1.5
v 2.8 1.3 -1.6
v 2.8 1.5 1.5
v 2.8 1.5 1.4
v 2.8 1.5 0.5
v 2.8 1.5 0.4
v 2.8 1.5 -1.4
v 2.8 1.5 -1.5
v 2.8 1.6 1.6
v 2.8 1.6 1.5
v 2.8 1.6 0.1
v 2.8 1.6 0
v 2.8 1.6 -0.5
v 2.8 1.6 -0.6
v 2.8 1.6 -1.5
v 2.8 1.6 -1.6
v 2.8 1.8 1.6
v 2.8 1.8 1.5
v 2.8 1.8 1.4
v 2.8 1.8 1.2
v 2.8 1.8 1
v 2.8 1.8 0.9
v 2.8 1.8 0.3
v 2.8 1.8 0.2
v 2.8 1.8 -0.9
v 2.8 1.8 -1
v 2.8 1.8 -1.2
v 2.8 1.8 -1.4
v 2.8 1.8 -1.5
v 2.8 1.8 -1.6
v 2.8 1.9 1.5
v 2.8 1.9 1.4
v 2.8 1.9 1.2
v 2.8 1.9 1.1
v 2.8 1.9 -1.1
v 2.8 1.9 -1.2
v 2.8 1.9 -1.4
v 2.8 1.9 -1.5
v 2.8 2.1 1.5
v 2.8 2.1 1.4
v 2.8 2.1 1.2
v 2.8 2.1 0.9
v 2.8 2.1 0.8
v 2.8 2.1 -0.8
v 2.8 2.1 -0.9
v 2.8 2.1 -1.2
v 2.8 2.1 -1.4
v 2.8 2.1 -1.5
v 2.8 2.2 1.6
v 2.8 2.2 1.5
v 2.8 2.2 1.1
v 2.8 2.2 1
v 2.8 2.2 -1
v 2.8 2.2 -1.1
v 2.8 2.2 -1.5
v 2.8 2.2 -1.6
v 2.8 2.4 1.4
v 2.8 2.4 1.2
v 2.8 2.4 1.1
v 2.8 2.4 -0.2
v 2.8 2.4 -0.3
v 2.8 2.4 -0.7
v 2.8 2.4 -0.8
v 2.8 2.4 -1.1
v 2.8 2.4 -1.2
v 2.8 2.4 -1.4
v 2.8 2.5 1.2
v 2.8 2.5 1.1
v 2.8 2.5 1
v 2.8 2.5 0.9
v 2.8 2.5 -0.9
v 2.8 2.5 -1
v 2.8 2.5 -1.1
v 2.8 2.5 -1.2
v 2.8 2.7 1.4
v 2.8 2.7 1.1
v 2.8 2.7 0.6
v 2.8 2.7 0.5
v 2.8 2.7 0.4
v 2.8 2.7 -0.3
v 2.8 2.7 -0.4
v 2.8 2.7 -0.5
v 2.8 2.7 -1.1
v 2.8 2.7 -1.4
v 2.8 3 1.4
v 2.8 3 1.2
v 2.8 3 0.5
v 2.8 3 0.4
v 2.8 3 -0.5
v 2.8 3 -0.6
v 2.8 3 -1.2
v 2.8 3 -1.4
v 2.8 3.1 1
v 2.8 3.1 0.9
v 2.8 3.1 0.6
v 2.8 3.1 0.5
v 2.8 3.1 0.3
v 2.8 3.1 0.2
v 2.8 3.1 -0.2
v 2.8 3.1 -0.3
v 2.8 3.1 -0.5
v 2.8 3.1 -0.6
v 2.8 3.1 -0.9
v 2.8 3.1 -1
v 2.8 3.3 1.5
v 2.8 3.3 1.4
v 2.8 3.3 1
v 2.8 3.3 0.9
v 2.8 3.3 0.4
v 2.8 3.3 0.3
v 2.8 3.3 -0.6
v 2.8 3.3 -0.7
v 2.8 3.3 -0.9
v 2.8 3.3 -1
v 2.8 3.3 -1.4
v 2.8 3.3 -1.5
v 2.8 3.4 1.2
v 2.8 3.4 1.1
v 2.8 3.4 0.5
v 2.8 3.4 0.4
v 2.8 3.4 0.1
v 2.8 3.4 0
v 2.8 3.4 -1.1
v 2.8 3.4 -1.2
v 2.8 3.6 0.9
v 2.8 3.6 0.8
v 2.8 3.6 0.7
v 2.8 3.6 0.6
v 2.8 3.6 0.3
v 2.8 3.6 0.2
v 2.8 3.6 -0.5
v 2.8 3.6 -0.6
v 2.8 3.6 -0.8
v 2.8 3.6 -0.9
v 2.8 3.6 -1.5
v 2.8 3.6 -1.6
v 2.8 3.7 1.4
v 2.8 3.7 1.2
v 2.8 3.7 0.8
v 2.8 3.7 0.7
v 2.8 3.7 0.3
v 2.8 3.7 0.2
v 2.8 3.7 -0.3
v 2.8 3.7 -0.4
v 2.8 3.7 -0.5
v 2.8 3.7 -0.7
v 2.8 3.7 -0.8
v 2.8 3.7 -1.2
v 2.8 3.7 -1.4
v 2.8 3.9 0.6
v 2.8 3.9 0.5
v 2.8 3.9 0.2
v 2.8 3.9 0.1
v 2.8 3.9 -1.4
v 2.8 3.9 -1.5
v 2.8 4 1.6
v 2.8 4 1.4
v 2.8 4 1.2
v 2.8 4 1.1
v 2.8 4 0.7
v 2.8 4 0.6
v 2.8 4 0.5
v 2.8 4 0.4
v 2.8 4 0
v 2.8 4 -0.2
v 2.8 4 -0.6
v 2.8 4 -0.7
v 2.8 4 -1.1
v 2.8 4 -1.2
v 2.8 4.2 1.4
v 2.8 4.2 1.2
v 2.8 4.2 0.8
v 2.8 4.2 0.7
v 2.8 4.2 0.6
v 2.8 4.2 0.5
v 2.8 4.2 -0.5
v 2.8 4.2 -0.6
v 2.8 4.2 -0.7
v 2.8 4.2 -0.8
v 2.8 4.3 1.1
v 2.8 4.3 1
v 2.8 4.3 0.7
v 2.8 4.3 0.6
v 2.8 4.3 -0.6
v 2.8 4.3 -0.7
v 2.8 4.3 -1
v 2.8 4.3 -1.1
v 2.8 4.3 -1.2
v 2.8 4.3 -1.4
v 2.8 4.5 1.5
v 2.8 4.5 1.4
v 2.8 4.5 0.8
v 2.8 4.5 0.7
v 2.8 4.5 0.4
v 2.8 4.5 0.2
v 2.8 4.5 -0.3
v 2.8 4.5 -0.4
v 2.8 4.5 -0.7
v 2.8 4.5 -0.8
v 2.8 4.6 1.2
v 2.8 4.6 1.1
v 2.8 4.6 0.5
v 2.8 4.6 0.4
v 2.8 4.6 -0.4
v 2.8 4.6 -0.5
v 2.8 4.8 0.6
v 2.8 4.8 0.5
v 2.8 4.8 -0.5
v 2.8 4.8 -0.6
v 2.8 4.8 -1.1
v 2.8 4.8 -1.2
v 2.8 4.8 -1.4
v 2.8 4.8 -1.5
v 2.8 4.9 1.4
v 2.8 4.9 1.2
v 2.8 4.9 1
v 2.8 4.9 0.9
v 2.8 4.9 0.7
v 2.8 4.9 0.6
v 2.8 4.9 0.4
v 2.8 4.9 0.3
v 2.8 4.9 -0.6
v 2.8 4.9 -0.7
v 2.8 4.9 -0.9
v 2.8 4.9 -1
v 2.8 4.9 -1.2
v 2.8 4.9 -1.4
v 2.8 5.1 1.5
v 2.8 5.1 1.4
v 2.8 5.1 -1
v 2.8 5.1 -1.1
v 2.8 5.1 -1.4
v 2.8 5.1 -1.5
v 2.8 5.2 1.4
v 2.8 5.2 1.2
v 2.8 5.2 1.1
v 2.8 5.2 1
v 2.8 5.2 0.5
v 2.8 5.2 0.4
v 2.8 5.2 -0.3
v 2.8 5.2 -0.4
v 2.8 5.2 -0.5
v 2.8 5.2 -0.8
v 2.8 5.2 -0.9
v 2.8 5.4 1.4
v 2.8 5.4 1.1
v 2.8 5.4 1
v 2.8 5.4 0.9
v 2.8 5.4 0.6
v 2.8 5.4 0.5
v 2.8 5.4 -0.5
v 2.8 5.4 -0.6
v 2.8 5.4 -0.9
v 2.8 5.4 -1
v 2.8 5.5 1.6
v 2.8 5.5 1.5
v 2.8 5.5 1.4
v 2.8 5.5 1.2
v 2.8 5.5 0.9
v 2.8 5.5 0.7
v 2.8 5.5 0.5
v 2.8 5.5 0.4
v 2.8 5.5 -0.4
v 2.8 5.5 -0.5
v 2.8 5.5 -0.7
v 2.8 5.5 -0.8
v 2.8 5.5 -1.1
v 2.8 5.5 -1.2
v 2.8 5.5 -1.4
v 2.8 5.5 -1.5
v 2.8 5.5 -1.6
v 2.8 5.7 1.6
v 2.8 5.7 1.5
v 2.8 5.7 0.3
v 2.8 5.7 0.2
v 2.8 5.7 0
v 2.8 5.7 -0.2
v 2.8 5.7 -1.5
v 2.8 5.7 -1.6
v 2.8 5.8 1.5
v 2.8 5.8 1.4
v 2.8 5.8 0.9
v 2.8 5.8 0.8
v 2.8 5.8 -0.8
v 2.8 5.8 -0.9
v 2.8 5.8 -1.4
v 2.8 5.8 -1.5
v 2.8 6 0.7
v 2.8 6 0.6
v 2.8 6 -0.6
v 2.8 6 -0.7
v 2.8 6.1 1.2
v 2.8 6.1 1.1
v 2.8 6.1 0.2
v 2.8 6.1 0.1
v 2.8 6.1 -0.7
v 2.8 6.1 -0.8
v 2.8 6.1 -1.1
v 2.8 6.1 -1.2
v 2.8 6.3 1.5
v 2.8 6.3 1.4
v 2.8 6.3 0.8
v 2.8 6.3 0.7
v 2.8 6.3 0.1
v 2.8 6.3 0
v 2.8 6.3 -1.4
v 2.8 6.3 -1.5
v 2.8 6.4 1.1
v 2.8 6.4 1
v 2.8 6.4 0.8
v 2.8 6.4 0.7
v 2.8 6.4 0.6
v 2.8 6.4 0.5
v 2.8 6.4 -0.2
v 2.8 6.4 -0.3
v 2.8 6.4 -0.5
v 2.8 6.4 -0.6
v 2.8 6.4 -0.7
v 2.8 6.4 -0.8
v 2.8 6.4 -1
v 2.8 6.4 -1.2
v 2.8 6.6 1.1
v 2.8 6.6 1
v 2.8 6.6 0.8
v 2.8 6.6 0.6
v 2.8 6.6 0.5
v 2.8 6.6 0.3
v 2.8 6.6 0
v 2.8 6.6 -0.3
v 2.8 6.6 -0.4
v 2.8 6.6 -0.5
v 2.8 6.6 -0.6
v 2.8 6.6 -0.8
v 2.8 6.6 -0.9
v 2.8 6.6 -1
v 2.8 6.6 -1.1
v 2.8 6.6 -1.2
v 2.8 6.6 -1.4
v 2.8 6.7 1.4
v 2.8 6.7 1.2
v 2.8 6.7 1
v 2.8 6.7 0.9
v 2.8 6.7 0.6
v 2.8 6.7 0.5
v 2.8 6.7 0.3
v 2.8 6.7 0.2
v 2.8 6.7 -0.5
v 2.8 6.7 -0.6
v 2.8 6.9 1.2
v 2.8 6.9 1.1
v 2.8 6.9 0.9
v 2.8 6.9 0.8
v 2.8 6.9 0.5
v 2.8 6.9 0.4
v 2.8 6.9 0.2
v 2.8 6.9 0.1
v 2.8 6.9 -0.4
v 2.8 6.9 -0.5
v 2.8 6.9 -0.9
v 2.8 6.9 -1
v 2.8 6.9 -1.1
v 2.8 6.9 -1.2
v 2.8 7 1.5
v 2.8 7 1.4
v 2.8 7 0.7
v 2.8 7 0.6
v 2.8 7 0.4
v 2.8 7 0.3
v 2.8 7 0.1
v 2.8 7 0
v 2.8 7 -0.3
v 2.8 7 -0.4
v 2.8 7 -0.6
v 2.8 7 -0.7
v 2.8 7 -1
v 2.8 7 -1.1
v 2.8 7 -1.4
v 2.8 7 -1.5
v 2.8 7.2 1.6
v 2.8 7.2 1.5
v 2.8 7.2 1.1
v 2.8 7.2 0.7
v 2.8 7.2 0.6
v 2.8 7.2 0.3
v 2.8 7.2 0
v 2.8 7.2 -0.3
v 2.8 7.2 -0.4
v 2.8 7.2 -0.6
v 2.8 7.2 -0.7
v 2.8 7.2 -0.8
v 2.8 7.2 -1.1
v 2.8 7.2 -1.2
v 2.8 7.2 -1.5
v 2.8 7.2 -1.6
v -2.7 0 1.7
v -2.7 0.1 1.7
v -2.7 1 1.7
v -2.7 1.8 1.7
v -2.7 3.4 1.7
v -2.7 7.2 1.7
v -2.6 0.1 1.7
v -2.6 0.5 1.7
v -2.6 1 1.7
v -2.6 1.8 1.7
v -2.6 3.4 1.7
v -2.6 7 1.7
v -2.6 7.2 1.7
v -2.6 7.4 1.7
v -2.5 0.3 1.7
v -2.5 0.5 1.7
v -2.5 7 1.7
v -2.5 7.2 1.7
v -2.5 7.3 1.7
v -2.4 0.2 1.7
v -2.4 0.3 1.7
v -2.4 0.7 1.7
v -2.4 0.8 1.7
v -2.4 3 1.7
v -2.4 3.1 1.7
v -2.4 5.3 1.7
v -2.4 5.4 1.7
v -2.4 7.2 1.7
v -2.4 7.3 1.7
v -2.3 0 1.7
v -2.3 0.2 1.7
v -2.3 0.6 1.7
v -2.3 0.7 1.7
v -2.3 0.8 1.7
v -2.3 2.9 1.7
v -2.3 3 1.7
v -2.3 3.1 1.7
v -2.3 5.2 1.7
v -2.3 5.3 1.7
v -2.3 5.4 1.7
v 2.3 0 1.7
v 2.3 0.2 1.7
v 2.3 0.6 1.7
v 2.3 0.7 1.7
v 2.3 0.8 1.7
v 2.3 2.9 1.7
v 2.3 3 1.7
v 2.3 3.1 1.7
v 2.3 5.2 1.7
v 2.3 5.3 1.7
v 2.3 5.4 1.7
v 2.4 0.2 1.7
v 2.4 0.3 1.7
v 2.4 0.7 1.7
v 2.4 0.8 1.7
v 2.4 3 1.7
v 2.4 3.1 1.7
v 2.4 5.3 1.7
v 2.4 5.4 1.7
v 2.4 7.2 1.7
v 2.4 7.3 1.7
v 2.5 0.3 1.7
v 2.5 0.5 1.7
v 2.5 7 1.7
v 2.5 7.2 1.7
v 2.5 7.3 1.7
v 2.6 0.1 1.7
v 2.6 0.5 1.7
v 2.6 1 1.7
v 2.6 1.8 1.7
v 2.6 3.4 1.7
v 2.6 7 1.7
v 2.6 7.2 1.7
v 2.6 7.4 1.7
v 2.7 0 1.7
v 2.7 0.1 1.7
v 2.7 1 1.7
v 2.7 1.8 1.7
v 2.7 3.4 1.7
v 2.7 7.2 1.7
v -2.8 0 1.6
v -2.8 0.3 1.6
v -2.8 1.3 1.6
v -2.8 1.6 1.6
v -2.8 1.8 1.6
v -2.8 2.2 1.6
v -2.8 4 1.6
v -2.8 5.5 1.6
v -2.8 5.7 1.6
v -2.8 7.2 1.6
v -2.7 0 1.6
v -2.7 0.1 1.6
v -2.7 0.3 1.6
v -2.7 1 1.6
v -2.7 1.3 1.6
v -2.7 1.6 1.6
v -2.7 1.8 1.6
v -2.7 2.2 1.6
v -2.7 3.4 1.6
v -2.7 4 1.6
v -2.7 5.5 1.6
v -2.7 5.7 1.6
v -2.7 7.2 1.6
v -2.7 7.4 1.6
v -2.6 0.5 1.6
v -2.6 1 1.6
v -2.6 1.7 1.6
v -2.6 1.8 1.6
v -2.6 2.2 1.6
v -2.6 3.1 1.6
v -2.6 3.2 1.6
v -2.6 3.4 1.6
v -2.6 4 1.6
v -2.6 4.5 1.6
v -2.6 6.2 1.6
v -2.6 6.7 1.6
v -2.6 6.9 1.6
v -2.6 7 1.6
v -2.6 7.2 1.6
v -2.6 7.4 1.6
v -2.5 0.3 1.6
v -2.5 0.5 1.6
v -2.5 0.9 1.6
v -2.5 1.1 1.6
v -2.5 1.3 1.6
v -2.5 1.7 1.6
v -2.5 1.9 1.6
v -2.5 2.2 1.6
v -2.5 3.2 1.6
v -2.5 3.4 1.6
v -2.5 3.6 1.6
v -2.5 4 1.6
v -2.5 4.3 1.6
v -2.5 4.5 1.6
v -2.5 5.4 1.6
v -2.5 5.6 1.6
v -2.5 5.8 1.6
v -2.5 6.2 1.6
v -2.5 6.4 1.6
v -2.5 6.7 1.6
v -2.5 7 1.6
v -2.5 7.1 1.6
v -2.5 7.2 1.6
v -2.5 7.4 1.6
v -2.5 7.5 1.6
v -2.4 0.2 1.6
v -2.4 0.3 1.6
v -2.4 0.7 1.6
v -2.4 0.8 1.6
v -2.4 1.1 1.6
v -2.4 1.3 1.6
v -2.4 1.8 1.6
v -2.4 1.9 1.6
v -2.4 2.3 1.6
v -2.4 3 1.6
v -2.4 3.1 1.6
v -2.4 3.2 1.6
v -2.4 3.4 1.6
v -2.4 3.6 1.6
v -2.4 4.1 1.6
v -2.4 4.3 1.6
v -2.4 4.6 1.6
v -2.4 5.3 1.6
v -2.4 5.4 1.6
v -2.4 5.6 1.6
v -2.4 5.8 1.6
v -2.4 6.3 1.6
v -2.4 6.4 1.6
v -2.4 6.8 1.6
v -2.4 6.9 1.6
v -2.4 7.2 1.6
v -2.4 7.3 1.6
v -2.3 0.2 1.6
v -2.3 0.3 1.6
v -2.3 0.6 1.6
v -2.3 0.7 1.6
v -2.3 0.8 1.6
v -2.3 0.9 1.6
v -2.3 1.8 1.6
v -2.3 2.3 1.6
v -2.3 2.4 1.6
v -2.3 2.5 1.6
v -2.3 2.6 1.6
v -2.3 2.9 1.6
v -2.3 3 1.6
v -2.3 3.1 1.6
v -2.3 3.2 1.6
v -2.3 4.1 1.6
v -2.3 4.6 1.6
v -2.3 4.7 1.6
v -2.3 4.8 1.6
v -2.3 4.9 1.6
v -2.3 5.2 1.6
v -2.3 5.3 1.6
v -2.3 5.4 1.6
v -2.3 6.3 1.6
v -2.3 6.8 1.6
v -2.3 6.9 1.6
v -2.3 7.1 1.6
v -2.3 7.3 1.6
v -2.3 7.4 1.6
v -2.3 7.5 1.6
v -2.2 0.3 1.6
v -2.2 0.5 1.6
v -2.2 2.3 1.6
v -2.2 2.4 1.6
v -2.2 2.6 1.6
v -2.2 2.8 1.6
v -2.2 4.6 1.6
v -2.2 4.7 1.6
v -2.2 4.9 1.6
v -2.2 5.1 1.6
v -2.2 6.8 1.6
v -2.2 6.9 1.6
v -2.2 7 1.6
v -2.1 0.2 1.6
v -2.1 0.3 1.6
v -2.1 2.5 1.6
v -2.1 2.6 1.6
v -2.1 4.8 1.6
v -2.1 4.9 1.6
v -2.1 7 1.6
v -2.1 7.1 1.6
v -2 2.4 1.6
v -2 2.5 1.6
v -2 4.7 1.6
v -2 4.8 1.6
v -1.9 0.2 1.6
v -1.9 0.3 1.6
v -1.9 2.5 1.6
v -1.9 2.6 1.6
v -1.9 4.8 1.6
v -1.9 4.9 1.6
v -1.9 7 1.6
v -1.9 7.1 1.6
v -1.8 0.5 1.6
v -1.8 0.6 1.6
v -1.8 2.8 1.6
v -1.8 2.9 1.6
v -1.8 5.1 1.6
v -1.8 5.2 1.6
v -1.8 7.1 1.6
v -1.8 7.3 1.6
v -1.7 0.2 1.6
v -1.7 0.3 1.6
v -1.7 2.5 1.6
v -1.7 2.6 1.6
v -1.7 4.8 1.6
v -1.7 4.9 1.6
v -1.7 7 1.6
v -1.7 7.1 1.6
v -1.6 0.3 1.6
v -1.6 0.5 1.6
v -1.6 2.6 1.6
v -1.6 2.8 1.6
v -1.6 4.9 1.6
v -1.6 5.1 1.6
v -1.6 7 1.6
v -1.6 7.1 1.6
v -1.6 7.4 1.6
v -1.6 7.5 1.6
v -1.5 0.2 1.6
v -1.5 0.3 1.6
v -1.5 2.5 1.6
v -1.5 2.6 1.6
v -1.5 4.8 1.6
v -1.5 4.9 1.6
v -1.4 0.2 1.6
v -1.4 0.3 1.6
v -1.4 2.5 1.6
v -1.4 2.6 1.6
v -1.4 4.8 1.6
v -1.4 4.9 1.6
v -1.3 6.9 1.6
v -1.3 7 1.6
v -1.2 2.4 1.6
v -1.2 2.5 1.6
v -1.2 4.7 1.6
v -1.2 4.8 1.6
v -1.1 7 1.6
v -1.1 7.1 1.6
v -1.1 7.4 1.6
v -1.1 7.5 1.6
v -1 0.2 1.6
v -1 0.3 1.6
v -1 0.5 1.6
v -1 0.6 1.6
v -1 2.5 1.6
v -1 2.6 1.6
v -1 2.8 1.6
v -1 2.9 1.6
v -1 4.8 1.6
v -1 4.9 1.6
v -1 5.1 1.6
v -1 5.2 1.6
v -0.9 7.1 1.6
v -0.9 7.3 1.6
v -0.8 0.3 1.6
v -0.8 0.5 1.6
v -0.8 2.6 1.6
v -0.8 2.8 1.6
v -0.8 4.9 1.6
v -0.8 5.1 1.6
v -0.8 6.9 1.6
v -0.8 7 1.6
v -0.8 7.4 1.6
v -0.8 7.5 1.6
v -0.7 2.4 1.6
v -0.7 2.5 1.6
v -0.7 4.7 1.6
v -0.7 4.8 1.6
v -0.7 7 1.6
v -0.7 7.1 1.6
v -0.7 7.4 1.6
v -0.7 7.5 1.6
v -0.6 0.2 1.6
v -0.6 0.3 1.6
v -0.6 2.5 1.6
v -0.6 2.6 1.6
v -0.6 4.8 1.6
v -0.6 4.9 1.6
v -0.5 0.2 1.6
v -0.5 0.3 1.6
v -0.5 2.5 1.6
v -0.5 2.6 1.6
v -0.5 4.8 1.6
v -0.5 4.9 1.6
v -0.5 7 1.6
v -0.5 7.1 1.6
v -0.4 0.2 1.6
v -0.4 0.3 1.6
v -0.4 2.4 1.6
v -0.4 2.6 1.6
v -0.4 4.7 1.6
v -0.4 4.9 1.6
v -0.4 6.9 1.6
v -0.4 7.1 1.6
v -0.3 0.2 1.6
v -0.3 0.3 1.6
v -0.3 2.5 1.6
v -0.3 2.6 1.6
v -0.3 4.8 1.6
v -0.3 4.9 1.6
v -0.3 7 1.6
v -0.3 7.1 1.6
v -0.2 0.3 1.6
v -0.2 0.5 1.6
v -0.2 2.6 1.6
v -0.2 2.8 1.6
v -0.2 4.9 1.6
v -0.2 5.1 1.6
v -0.2 7.1 1.6
v -0.2 7.3 1.6
v 0.2 7.4 1.6
v 0.2 7.5 1.6
v 0.5 0.2 1.6
v 0.5 0.3 1.6
v 0.5 0.5 1.6
v 0.5 0.6 1.6
v 0.5 2.4 1.6
v 0.5 2.5 1.6
v 0.5 2.6 1.6
v 0.5 2.8 1.6
v 0.5 2.9 1.6
v 0.5 4.7 1.6
v 0.5 4.8 1.6
v 0.5 4.9 1.6
v 0.5 5.1 1.6
v 0.5 5.2 1.6
v 0.5 7 1.6
v 0.5 7.1 1.6
v 0.6 6.9 1.6
v 0.6 7 1.6
v 1 0.2 1.6
v 1 0.3 1.6
v 1 2.5 1.6
v 1 2.6 1.6
v 1 4.8 1.6
v 1 4.9 1.6
v 1.1 7 1.6
v 1.1 7.1 1.6
v 1.4 0.3 1.6
v 1.4 0.5 1.6
v 1.4 2.4 1.6
v 1.4 2.5 1.6
v 1.4 2.6 1.6
v 1.4 2.8 1.6
v 1.4 4.7 1.6
v 1.4 4.8 1.6
v 1.4 4.9 1.6
v 1.4 5.1 1.6
v 1.5 0.2 1.6
v 1.5 0.3 1.6
v 1.5 2.5 1.6
v 1.5 2.6 1.6
v 1.5 4.8 1.6
v 1.5 4.9 1.6
v 1.5 6.9 1.6
v 1.5 7 1.6
v 1.5 7.1 1.6
v 1.5 7.3 1.6
v 1.5 7.4 1.6
v 1.5 7.5 1.6
v 1.6 2.4 1.6
v 1.6 2.5 1.6
v 1.6 4.7 1.6
v 1.6 4.8 1.6
v 1.7 7 1.6
v 1.7 7.1 1.6
v 1.8 6.9 1.6
v 1.8 7 1.6
v 2 7.4 1.6
v 2 7.5 1.6
v 2.1 0.3 1.6
v 2.1 0.5 1.6
v 2.1 2.6 1.6
v 2.1 2.8 1.6
v 2.1 4.9 1.6
v 2.1 5.1 1.6
v 2.2 0.2 1.6
v 2.2 0.3 1.6
v 2.2 2.3 1.6
v 2.2 2.4 1.6
v 2.2 2.5 1.6
v 2.2 2.6 1.6
v 2.2 4.6 1.6
v 2.2 4.7 1.6
v 2.2 4.8 1.6
v 2.2 4.9 1.6
v 2.2 6.8 1.6
v 2.2 6.9 1.6
v 2.3 0.2 1.6
v 2.3 0.3 1.6
v 2.3 0.5 1.6
v 2.3 0.6 1.6
v 2.3 0.7 1.6
v 2.3 0.8 1.6
v 2.3 0.9 1.6
v 2.3 1.8 1.6
v 2.3 2.3 1.6
v 2.3 2.6 1.6
v 2.3 2.8 1.6
v 2.3 2.9 1.6
v 2.3 3 1.6
v 2.3 3.1 1.6
v 2.3 3.2 1.6
v 2.3 4.1 1.6
v 2.3 4.6 1.6
v 2.3 4.9 1.6
v 2.3 5.1 1.6
v 2.3 5.2 1.6
v 2.3 5.3 1.6
v 2.3 5.4 1.6
v 2.3 6.3 1.6
v 2.3 6.8 1.6
v 2.3 6.9 1.6
v 2.3 7 1.6
v 2.3 7.1 1.6
v 2.3 7.3 1.6
v 2.3 7.4 1.6
v 2.3 7.5 1.6
v 2.4 0.2 1.6
v 2.4 0.3 1.6
v 2.4 0.7 1.6
v 2.4 0.8 1.6
v 2.4 1.1 1.6
v 2.4 1.3 1.6
v 2.4 1.8 1.6
v 2.4 1.9 1.6
v 2.4 2.3 1.6
v 2.4 3 1.6
v 2.4 3.1 1.6
v 2.4 3.2 1.6
v 2.4 3.4 1.6
v 2.4 3.6 1.6
v 2.4 4.1 1.6
v 2.4 4.3 1.6
v 2.4 4.6 1.6
v 2.4 5.3 1.6
v 2.4 5.4 1.6
v 2.4 5.6 1.6
v 2.4 5.8 1.6
v 2.4 6.3 1.6
v 2.4 6.4 1.6
v 2.4 6.8 1.6
v 2.4 6.9 1.6
v 2.4 7.2 1.6
v 2.4 7.3 1.6
v 2.5 0.3 1.6
v 2.5 0.5 1.6
v 2.5 0.9 1.6
v 2.5 1.1 1.6
v 2.5 1.3 1.6
v 2.5 1.7 1.6
v 2.5 1.9 1.6
v 2.5 2.2 1.6
v 2.5 3.2 1.6
v 2.5 3.4 1.6
v 2.5 3.6 1.6
v 2.5 4 1.6
v 2.5 4.3 1.6
v 2.5 4.5 1.6
v 2.5 5.4 1.6
v 2.5 5.6 1.6
v 2.5 5.8 1.6
v 2.5 6.2 1.6
v 2.5 6.4 1.6
v 2.5 6.7 1.6
v 2.5 7 1.6
v 2.5 7.1 1.6
v 2.5 7.2 1.6
v 2.5 7.4 1.6
v 2.5 7.5 1.6
v 2.6 0.5 1.6
v 2.6 1 1.6
v 2.6 1.7 1.6
v 2.6 1.8 1.6
v 2.6 2.2 1.6
v 2.6 3.1 1.6
v 2.6 3.2 1.6
v 2.6 3.4 1.6
v 2.6 4 1.6
v 2.6 4.5 1.6
v 2.6 6.2 1.6
v 2.6 6.7 1.6
v 2.6 7 1.6
v 2.6 7.2 1.6
v 2.6 7.4 1.6
v 2.7 0 1.6
v 2.7 0.1 1.6
v 2.7 0.3 1.6
v 2.7 1 1.6
v 2.7 1.3 1.6
v 2.7 1.6 1.6
v 2.7 1.8 1.6
v 2.7 2.2 1.6
v 2.7 3.4 1.6
v 2.7 4 1.6
v 2.7 5.5 1.6
v 2.7 5.7 1.6
v 2.7 7.2 1.6
v 2.7 7.4 1.6
v 2.8 0 1.6
v 2.8 0.3 1.6
v 2.8 1.3 1.6
v 2.8 1.6 1.6
v 2.8 1.8 1.6
v 2.8 2.2 1.6
v 2.8 4 1.6
v 2.8 5.5 1.6
v 2.8 5.7 1.6
v 2.8 7.2 1.6
v -2.6 7.4 1.5
v -2.6 7.5 1.5
v -2.5 7.4 1.5
v -2.5 7.5 1.5
v -2.2 0.8 1.5
v -2.2 0.9 1.5
v -2.2 1 1.5
v -2.2 1.3 1.5
v -2.2 1.4 1.5
v -2.2 1.8 1.5
v -2.2 1.9 1.5
v -2.2 2.2 1.5
v -2.2 2.3 1.5
v -2.2 2.4 1.5
v -2.2 5.4 1.5
v -2.2 5.9 1.5
v -2.2 6.3 1.5
v -2.2 6.8 1.5
v -2.2 6.9 1.5
v -2.1 1.3 1.5
v -2.1 1.4 1.5
v -2.1 1.5 1.5
v -2.1 1.7 1.5
v -2.1 1.8 1.5
v -2.1 1.9 1.5
v -2.1 5.4 1.5
v -2.1 5.8 1.5
v -2.1 5.9 1.5
v -2.1 6.3 1.5
v -2.1 6.4 1.5
v -2.1 6.9 1.5
v -2 1.3 1.5
v -2 1.4 1.5
v -2 1.5 1.5
v -2 1.7 1.5
v -2 1.8 1.5
v -2 1.9 1.5
v -2 2.4 1.5
v -2 5.4 1.5
v -2 5.8 1.5
v -2 5.9 1.5
v -2 6.3 1.5
v -2 6.4 1.5
v -2 6.9 1.5
v -1.9 0.8 1.5
v -1.9 0.9 1.5
v -1.9 1 1.5
v -1.9 1.3 1.5
v -1.9 1.4 1.5
v -1.9 1.8 1.5
v -1.9 1.9 1.5
v -1.9 2.2 1.5
v -1.9 2.3 1.5
v -1.9 2.4 1.5
v -1.9 5.4 1.5
v -1.9 5.9 1.5
v -1.9 6.3 1.5
v -1.9 6.9 1.5
v 1.9 3.1 1.5
v 1.9 3.2 1.5
v 1.9 3.3 1.5
v 1.9 3.6 1.5
v 1.9 3.7 1.5
v 1.9 4.1 1.5
v 1.9 4.2 1.5
v 1.9 4.5 1.5
v 1.9 4.6 1.5
v 1.9 4.7 1.5
v 2 3.6 1.5
v 2 3.7 1.5
v 2 3.8 1.5
v 2 4 1.5
v 2 4.1 1.5
v 2 4.2 1.5
v 2.1 3.6 1.5
v 2.1 3.7 1.5
v 2.1 3.8 1.5
v 2.1 4 1.5
v 2.1 4.1 1.5
v 2.1 4.2 1.5
v 2.2 3.1 1.5
v 2.2 3.2 1.5
v 2.2 3.3 1.5
v 2.2 3.6 1.5
v 2.2 3.7 1.5
v 2.2 4.1 1.5
v 2.2 4.2 1.5
v 2.2 4.5 1.5
v 2.2 4.6 1.5
v 2.2 4.7 1.5
v 2.5 7.4 1.5
v 2.5 7.5 1.5
v 2.6 7.4 1.5
v 2.6 7.5 1.5
v -2.5 0.2 1.4
v -2.5 0.4 1.4
v -2.5 0.7 1.4
v -2.4 0.2 1.4
v -2.4 0.3 1.4
v -2.4 0.4 1.4
v -2.4 0.6 1.4
v -2.4 0.7 1.4
v -2.4 7.5 1.4
v -2.4 7.6 1.4
v -2.3 0.8 1.4
v -2.3 0.9 1.4
v -2.3 1 1.4
v -2.3 1.4 1.4
v -2.3 1.5 1.4
v -2.3 1.7 1.4
v -2.3 1.8 1.4
v -2.3 2.2 1.4
v -2.3 2.3 1.4
v -2.3 2.4 1.4
v -2.3 5.4 1.4
v -2.3 5.6 1.4
v -2.3 5.9 1.4
v -2.3 6.3 1.4
v -2.3 6.7 1.4
v -2.3 6.9 1.4
v -2.2 0.8 1.4
v -2.2 0.9 1.4
v -2.2 1 1.4
v -2.2 1.3 1.4
v -2.2 1.4 1.4
v -2.2 1.5 1.4
v -2.2 1.7 1.4
v -2.2 1.8 1.4
v -2.2 1.9 1.4
v -2.2 2.2 1.4
v -2.2 2.3 1.4
v -2.2 2.4 1.4
v -2.2 5.4 1.4
v -2.2 5.6 1.4
v -2.2 5.9 1.4
v -2.2 6.3 1.4
v -2.2 6.7 1.4
v -2.2 6.9 1.4
v -2.1 7.5 1.4
v -2.1 7.6 1.4
v -1.9 0.8 1.4
v -1.9 0.9 1.4
v -1.9 1 1.4
v -1.9 1.3 1.4
v -1.9 1.4 1.4
v -1.9 1.5 1.4
v -1.9 1.7 1.4
v -1.9 1.8 1.4
v -1.9 1.9 1.4
v -1.9 2.2 1.4
v -1.9 2.3 1.4
v -1.9 2.4 1.4
v -1.9 5.4 1.4
v -1.9 5.6 1.4
v -1.9 5.9 1.4
v -1.9 6.3 1.4
v -1.9 6.7 1.4
v -1.9 6.9 1.4
v -1.8 0.8 1.4
v -1.8 0.9 1.4
v -1.8 1 1.4
v -1.8 1.4 1.4
v -1.8 1.5 1.4
v -1.8 1.7 1.4
v -1.8 1.8 1.4
v -1.8 2.2 1.4
v -1.8 2.3 1.4
v -1.8 2.4 1.4
v -1.8 5.4 1.4
v -1.8 5.6 1.4
v -1.8 5.9 1.4
v -1.8 6.3 1.4
v -1.8 6.7 1.4
v -1.8 6.9 1.4
v -1.6 0.8 1.4
v -1.6 0.9 1.4
v -1.6 1 1.4
v -1.6 1.1 1.4
v -1.6 1.2 1.4
v -1.6 1.3 1.4
v -1.6 1.4 1.4
v -1.6 1.5 1.4
v -1.6 1.6 1.4
v -1.6 1.7 1.4
v -1.6 1.8 1.4
v -1.6 1.9 1.4
v -1.6 2 1.4
v -1.6 2.1 1.4
v -1.6 2.2 1.4
v -1.6 2.3 1.4
v -1.6 2.4 1.4
v -1.6 5.4 1.4
v -1.6 5.5 1.4
v -1.6 5.6 1.4
v -1.6 6.1 1.4
v -1.6 6.2 1.4
v -1.6 6.7 1.4
v -1.6 6.8 1.4
v -1.6 6.9 1.4
v -1.5 0.8 1.4
v -1.5 0.9 1.4
v -1.5 1 1.4
v -1.5 1.1 1.4
v -1.5 1.2 1.4
v -1.5 1.3 1.4
v -1.5 1.4 1.4
v -1.5 1.5 1.4
v -1.5 1.6 1.4
v -1.5 1.7 1.4
v -1.5 1.8 1.4
v -1.5 1.9 1.4
v -1.5 2 1.4
v -1.5 2.1 1.4
v -1.5 2.2 1.4
v -1.5 2.3 1.4
v -1.5 2.4 1.4
v -1.5 5.4 1.4
v -1.5 5.5 1.4
v -1.5 5.6 1.4
v -1.5 6.1 1.4
v -1.5 6.2 1.4
v -1.5 6.7 1.4
v -1.5 6.8 1.4
v -1.5 6.9 1.4
v -1.4 7.5 1.4
v -1.4 7.6 1.4
v -0.9 7.5 1.4
v -0.9 7.6 1.4
v -0.7 3.1 1.4
v -0.7 3.2 1.4
v -0.7 3.5 1.4
v -0.7 3.6 1.4
v -0.7 4.2 1.4
v -0.7 4.3 1.4
v -0.7 4.6 1.4
v -0.7 4.7 1.4
v -0.7 7.5 1.4
v -0.7 7.6 1.4
v -0.5 3.1 1.4
v -0.5 3.2 1.4
v -0.5 3.5 1.4
v -0.5 3.6 1.4
v -0.5 4.2 1.4
v -0.5 4.3 1.4
v -0.5 4.6 1.4
v -0.5 4.7 1.4
v -0.5 7.5 1.4
v -0.5 7.6 1.4
v -0.4 0.8 1.4
v -0.4 1 1.4
v -0.4 1.4 1.4
v -0.4 1.8 1.4
v -0.4 2.2 1.4
v -0.4 2.4 1.4
v -0.4 5.4 1.4
v -0.4 5.5 1.4
v -0.4 5.7 1.4
v -0.4 6.1 1.4
v -0.4 6.2 1.4
v -0.4 6.6 1.4
v -0.4 6.8 1.4
v -0.4 6.9 1.4
v -0.3 0.8 1.4
v -0.3 1 1.4
v -0.3 1.4 1.4
v -0.3 1.8 1.4
v -0.3 2.2 1.4
v -0.3 2.4 1.4
v -0.3 5.4 1.4
v -0.3 7.5 1.4
v -0.3 7.6 1.4
v -0.2 0.8 1.4
v -0.2 1 1.4
v -0.2 1.4 1.4
v -0.2 1.8 1.4
v -0.2 2.2 1.4
v -0.2 2.4 1.4
v -0.2 5.4 1.4
v -0.2 5.5 1.4
v -0.2 5.7 1.4
v -0.2 6.1 1.4
v -0.2 6.2 1.4
v -0.2 6.6 1.4
v -0.2 6.8 1.4
v -0.2 6.9 1.4
v 2.38419e-07 7.5 1.4
v 2.38419e-07 7.6 1.4
v 0.2 3.1 1.4
v 0.2 3.2 1.4
v 0.2 3.4 1.4
v 0.2 3.5 1.4
v 0.2 3.7 1.4
v 0.2 4.1 1.4
v 0.2 4.3 1.4
v 0.2 4.4 1.4
v 0.2 4.6 1.4
v 0.2 4.7 1.4
v 0.4 3.1 1.4
v 0.4 3.2 1.4
v 0.4 3.4 1.4
v 0.4 3.5 1.4
v 0.4 3.7 1.4
v 0.4 4.1 1.4
v 0.4 4.3 1.4
v 0.4 4.4 1.4
v 0.4 4.6 1.4
v 0.4 4.7 1.4
v 0.5 0.8 1.4
v 0.5 1 1.4
v 0.5 1.1 1.4
v 0.5 2.1 1.4
v 0.5 2.2 1.4
v 0.5 2.4 1.4
v 0.5 5.4 1.4
v 0.5 5.7 1.4
v 0.5 6 1.4
v 0.5 6.3 1.4
v 0.5 6.6 1.4
v 0.5 6.9 1.4
v 0.5 7.5 1.4
v 0.5 7.6 1.4
v 0.6 0.8 1.4
v 0.6 5.4 1.4
v 0.6 5.7 1.4
v 0.6 6 1.4
v 0.6 6.3 1.4
v 0.6 6.6 1.4
v 0.6 6.9 1.4
v 0.7 0.8 1.4
v 0.7 1 1.4
v 0.7 1.1 1.4
v 0.7 2.1 1.4
v 0.7 2.2 1.4
v 0.7 2.4 1.4
v 0.7 5.4 1.4
v 0.7 5.7 1.4
v 0.7 6 1.4
v 0.7 6.3 1.4
v 0.7 6.6 1.4
v 0.7 6.9 1.4
v 0.8 7.5 1.4
v 0.8 7.6 1.4
v 1.1 7.5 1.4
v 1.2 7.5 1.4
v 1.4 7.5 1.4
v 1.4 7.6 1.4
v 1.5 3.1 1.4
v 1.5 3.3 1.4
v 1.5 3.4 1.4
v 1.5 3.8 1.4
v 1.5 4 1.4
v 1.5 4.4 1.4
v 1.5 4.5 1.4
v 1.5 4.7 1.4
v 1.6 3.1 1.4
v 1.6 3.3 1.4
v 1.6 3.4 1.4
v 1.6 3.8 1.4
v 1.6 4 1.4
v 1.6 4.4 1.4
v 1.6 4.5 1.4
v 1.6 4.7 1.4
v 1.6 7.5 1.4
v 1.6 7.6 1.4
v 1.7 7.5 1.4
v 1.7 7.6 1.4
v 1.8 3.1 1.4
v 1.8 3.2 1.4
v 1.8 3.3 1.4
v 1.8 3.7 1.4
v 1.8 3.8 1.4
v 1.8 4 1.4
v 1.8 4.1 1.4
v 1.8 4.5 1.4
v 1.8 4.6 1.4
v 1.8 4.7 1.4
v 1.8 7.5 1.4
v 1.8 7.6 1.4
v 1.9 3.1 1.4
v 1.9 3.2 1.4
v 1.9 3.3 1.4
v 1.9 3.6 1.4
v 1.9 3.7 1.4
v 1.9 3.8 1.4
v 1.9 4 1.4
v 1.9 4.1 1.4
v 1.9 4.2 1.4
v 1.9 4.5 1.4
v 1.9 4.6 1.4
v 1.9 4.7 1.4
v 2.2 3.1 1.4
v 2.2 3.2 1.4
v 2.2 3.3 1.4
v 2.2 3.6 1.4
v 2.2 3.7 1.4
v 2.2 3.8 1.4
v 2.2 4 1.4
v 2.2 4.1 1.4
v 2.2 4.2 1.4
v 2.2 4.5 1.4
v 2.2 4.6 1.4
v 2.2 4.7 1.4
v 2.3 3.1 1.4
v 2.3 3.2 1.4
v 2.3 3.3 1.4
v 2.3 3.7 1.4
v 2.3 3.8 1.4
v 2.3 4 1.4
v 2.3 4.1 1.4
v 2.3 4.5 1.4
v 2.3 4.6 1.4
v 2.3 4.7 1.4
v 2.3 7.5 1.4
v 2.4 0.2 1.4
v 2.4 0.3 1.4
v 2.4 0.4 1.4
v 2.4 0.5 1.4
v 2.4 0.6 1.4
v 2.4 0.7 1.4
v 2.4 7.5 1.4
v 2.4 7.6 1.4
v 2.5 0.2 1.4
v 2.5 0.3 1.4
v 2.5 0.4 1.4
v 2.5 0.6 1.4
v 2.5 0.7 1.4
v -2.5 7.5 1.3
v -2.5 7.6 1.3
v -2.4 7.5 1.3
v -2.4 7.6 1.3
v -2.3 3.1 1.3
v -2.3 3.2 1.3
v -2.3 3.3 1.3
v -2.3 3.7 1.3
v -2.3 4.1 1.3
v -2.3 4.5 1.3
v -2.3 4.6 1.3
v -2.3 4.7 1.3
v -2 4.7 1.3
v -1.8 0.8 1.3
v -1.8 0.9 1.3
v -1.8 1 1.3
v -1.8 1.3 1.3
v -1.8 1.4 1.3
v -1.8 1.5 1.3
v -1.8 1.7 1.3
v -1.8 1.8 1.3
v -1.8 1.9 1.3
v -1.8 2.2 1.3
v -1.8 2.3 1.3
v -1.8 2.4 1.3
v -1.8 3.1 1.3
v -1.8 3.2 1.3
v -1.8 3.3 1.3
v -1.8 3.7 1.3
v -1.8 4.1 1.3
v -1.8 4.5 1.3
v -1.8 4.6 1.3
v -1.8 4.7 1.3
v -1.8 5.4 1.3
v -1.8 5.6 1.3
v -1.8 5.9 1.3
v -1.8 6.3 1.3
v -1.8 6.7 1.3
v -1.8 6.9 1.3
v -1.7 0.8 1.3
v -1.7 0.9 1.3
v -1.7 1 1.3
v -1.7 1.1 1.3
v -1.7 1.2 1.3
v -1.7 1.3 1.3
v -1.7 1.4 1.3
v -1.7 1.5 1.3
v -1.7 1.6 1.3
v -1.7 1.7 1.3
v -1.7 1.8 1.3
v -1.7 1.9 1.3
v -1.7 2 1.3
v -1.7 2.1 1.3
v -1.7 2.2 1.3
v -1.7 2.3 1.3
v -1.7 2.4 1.3
v -1.7 5.4 1.3
v -1.7 5.6 1.3
v -1.7 5.7 1.3
v -1.7 6.1 1.3
v -1.7 6.2 1.3
v -1.7 6.6 1.3
v -1.7 6.7 1.3
v -1.7 6.9 1.3
v -1.6 0.8 1.3
v -1.6 0.9 1.3
v -1.6 1 1.3
v -1.6 1.1 1.3
v -1.6 1.2 1.3
v -1.6 1.3 1.3
v -1.6 1.4 1.3
v -1.6 1.5 1.3
v -1.6 1.6 1.3
v -1.6 1.7 1.3
v -1.6 1.8 1.3
v -1.6 1.9 1.3
v -1.6 2 1.3
v -1.6 2.1 1.3
v -1.6 2.2 1.3
v -1.6 2.3 1.3
v -1.6 2.4 1.3
v -1.6 3.1 1.3
v -1.6 3.2 1.3
v -1.6 3.3 1.3
v -1.6 3.7 1.3
v -1.6 3.8 1.3
v -1.6 4 1.3
v -1.6 4.1 1.3
v -1.6 4.5 1.3
v -1.6 4.6 1.3
v -1.6 4.7 1.3
v -1.6 5.4 1.3
v -1.6 5.5 1.3
v -1.6 5.6 1.3
v -1.6 5.7 1.3
v -1.6 6.1 1.3
v -1.6 6.2 1.3
v -1.6 6.6 1.3
v -1.6 6.7 1.3
v -1.6 6.8 1.3
v -1.6 6.9 1.3
v -1.5 0.8 1.3
v -1.5 0.9 1.3
v -1.5 1 1.3
v -1.5 1.1 1.3
v -1.5 1.2 1.3
v -1.5 1.3 1.3
v -1.5 1.4 1.3
v -1.5 1.5 1.3
v -1.5 1.6 1.3
v -1.5 1.7 1.3
v -1.5 1.8 1.3
v -1.5 1.9 1.3
v -1.5 2 1.3
v -1.5 2.1 1.3
v -1.5 2.2 1.3
v -1.5 2.3 1.3
v -1.5 2.4 1.3
v -1.5 3.1 1.3
v -1.5 3.2 1.3
v -1.5 3.3 1.3
v -1.5 3.7 1.3
v -1.5 3.8 1.3
v -1.5 4 1.3
v -1.5 4.1 1.3
v -1.5 4.5 1.3
v -1.5 4.6 1.3
v -1.5 4.7 1.3
v -1.5 5.4 1.3
v -1.5 5.5 1.3
v -1.5 5.6 1.3
v -1.5 5.7 1.3
v -1.5 6.1 1.3
v -1.5 6.2 1.3
v -1.5 6.6 1.3
v -1.5 6.7 1.3
v -1.5 6.8 1.3
v -1.5 6.9 1.3
v -1.4 0.8 1.3
v -1.4 0.9 1.3
v -1.4 1 1.3
v -1.4 1.1 1.3
v -1.4 1.2 1.3
v -1.4 1.3 1.3
v -1.4 1.4 1.3
v -1.4 1.5 1.3
v -1.4 1.6 1.3
v -1.4 1.7 1.3
v -1.4 1.8 1.3
v -1.4 1.9 1.3
v -1.4 2 1.3
v -1.4 2.1 1.3
v -1.4 2.2 1.3
v -1.4 2.3 1.3
v -1.4 2.4 1.3
v -1.4 5.4 1.3
v -1.4 5.6 1.3
v -1.4 5.7 1.3
v -1.4 6.1 1.3
v -1.4 6.2 1.3
v -1.4 6.6 1.3
v -1.4 6.7 1.3
v -1.4 6.9 1.3
v -1.3 0.8 1.3
v -1.3 0.9 1.3
v -1.3 1.2 1.3
v -1.3 1.3 1.3
v -1.3 1.9 1.3
v -1.3 2 1.3
v -1.3 2.3 1.3
v -1.3 2.4 1.3
v -1.3 5.4 1.3
v -1.3 5.6 1.3
v -1.3 5.7 1.3
v -1.3 6.6 1.3
v -1.3 6.7 1.3
v -1.3 6.9 1.3
v -1.2 0.8 1.3
v -1.2 2.4 1.3
v -1.2 3.1 1.3
v -1.2 3.7 1.3
v -1.2 3.8 1.3
v -1.2 4.1 1.3
v -1.2 4.2 1.3
v -1.2 4.7 1.3
v -1 0.8 1.3
v -1 0.9 1.3
v -1 1.2 1.3
v -1 1.3 1.3
v -1 1.9 1.3
v -1 2 1.3
v -1 2.3 1.3
v -1 2.4 1.3
v -1 3.1 1.3
v -1 3.7 1.3
v -1 3.8 1.3
v -1 4.1 1.3
v -1 4.2 1.3
v -1 4.7 1.3
v -1 5.4 1.3
v -1 5.6 1.3
v -1 5.7 1.3
v -1 6.6 1.3
v -1 6.7 1.3
v -1 6.9 1.3
v -0.8 0.8 1.3
v -0.8 0.9 1.3
v -0.8 1 1.3
v -0.8 1.4 1.3
v -0.8 1.8 1.3
v -0.8 2.2 1.3
v -0.8 2.3 1.3
v -0.8 2.4 1.3
v -0.8 3.1 1.3
v -0.8 3.3 1.3
v -0.8 3.6 1.3
v -0.8 4.2 1.3
v -0.8 4.5 1.3
v -0.8 4.7 1.3
v -0.8 5.4 1.3
v -0.8 5.5 1.3
v -0.8 5.8 1.3
v -0.8 5.9 1.3
v -0.8 6.4 1.3
v -0.8 6.5 1.3
v -0.8 6.8 1.3
v -0.8 6.9 1.3
v -0.7 2.4 1.3
v -0.7 3.1 1.3
v -0.7 3.2 1.3
v -0.7 3.3 1.3
v -0.7 3.5 1.3
v -0.7 3.6 1.3
v -0.7 4.2 1.3
v -0.7 4.3 1.3
v -0.7 4.5 1.3
v -0.7 4.6 1.3
v -0.7 4.7 1.3
v -0.6 0.8 1.3
v -0.6 0.9 1.3
v -0.6 1 1.3
v -0.6 1.4 1.3
v -0.6 1.8 1.3
v -0.6 2.2 1.3
v -0.6 2.3 1.3
v -0.6 2.4 1.3
v -0.6 5.4 1.3
v -0.6 5.5 1.3
v -0.6 5.8 1.3
v -0.6 5.9 1.3
v -0.6 6.4 1.3
v -0.6 6.5 1.3
v -0.6 6.8 1.3
v -0.6 6.9 1.3
v -0.5 0.8 1.3
v -0.5 2.4 1.3
v -0.5 3.1 1.3
v -0.5 3.2 1.3
v -0.5 3.3 1.3
v -0.5 3.5 1.3
v -0.5 3.6 1.3
v -0.5 4.2 1.3
v -0.5 4.3 1.3
v -0.5 4.5 1.3
v -0.5 4.6 1.3
v -0.5 4.7 1.3
v -0.5 5.4 1.3
v -0.5 5.6 1.3
v -0.5 5.7 1.3
v -0.5 6 1.3
v -0.5 6.3 1.3
v -0.5 6.6 1.3
v -0.5 6.7 1.3
v -0.5 6.9 1.3
v -0.4 0.8 1.3
v -0.4 1 1.3
v -0.4 1.4 1.3
v -0.4 1.8 1.3
v -0.4 2.2 1.3
v -0.4 2.4 1.3
v -0.4 3.1 1.3
v -0.4 3.3 1.3
v -0.4 3.6 1.3
v -0.4 4.2 1.3
v -0.4 4.5 1.3
v -0.4 4.7 1.3
v -0.4 5.4 1.3
v -0.4 5.5 1.3
v -0.4 5.6 1.3
v -0.4 5.7 1.3
v -0.4 6 1.3
v -0.4 6.1 1.3
v -0.4 6.2 1.3
v -0.4 6.3 1.3
v -0.4 6.6 1.3
v -0.4 6.7 1.3
v -0.4 6.8 1.3
v -0.4 6.9 1.3
v -0.3 3.1 1.3
v -0.3 3.3 1.3
v -0.3 3.4 1.3
v -0.3 3.5 1.3
v -0.3 3.6 1.3
v -0.3 3.7 1.3
v -0.3 3.8 1.3
v -0.3 4 1.3
v -0.3 4.1 1.3
v -0.3 4.2 1.3
v -0.3 4.3 1.3
v -0.3 4.4 1.3
v -0.3 4.5 1.3
v -0.3 4.7 1.3
v -0.2 0.8 1.3
v -0.2 1 1.3
v -0.2 1.4 1.3
v -0.2 1.8 1.3
v -0.2 2.2 1.3
v -0.2 2.4 1.3
v -0.2 3.3 1.3
v -0.2 3.4 1.3
v -0.2 3.5 1.3
v -0.2 3.6 1.3
v -0.2 3.7 1.3
v -0.2 3.8 1.3
v -0.2 4 1.3
v -0.2 4.1 1.3
v -0.2 4.2 1.3
v -0.2 4.3 1.3
v -0.2 4.4 1.3
v -0.2 4.5 1.3
v -0.2 5.4 1.3
v -0.2 5.5 1.3
v -0.2 5.6 1.3
v -0.2 5.7 1.3
v -0.2 6 1.3
v -0.2 6.1 1.3
v -0.2 6.2 1.3
v -0.2 6.3 1.3
v -0.2 6.6 1.3
v -0.2 6.7 1.3
v -0.2 6.8 1.3
v -0.2 6.9 1.3
v -0.0999999 0.8 1.3
v -0.0999999 2.4 1.3
v -0.0999999 3.3 1.3
v -0.0999999 3.4 1.3
v -0.0999999 3.5 1.3
v -0.0999999 3.6 1.3
v -0.0999999 3.7 1.3
v -0.0999999 3.8 1.3
v -0.0999999 4 1.3
v -0.0999999 4.1 1.3
v -0.0999999 4.2 1.3
v -0.0999999 4.3 1.3
v -0.0999999 4.4 1.3
v -0.0999999 4.5 1.3
v -0.0999999 5.4 1.3
v -0.0999999 5.6 1.3
v -0.0999999 5.7 1.3
v -0.0999999 6 1.3
v -0.0999999 6.3 1.3
v -0.0999999 6.6 1.3
v -0.0999999 6.7 1.3
v -0.0999999 6.9 1.3
v 2.38419e-07 0.8 1.3
v 2.38419e-07 0.9 1.3
v 2.38419e-07 1.1 1.3
v 2.38419e-07 1.3 1.3
v 2.38419e-07 1.5 1.3
v 2.38419e-07 1.7 1.3
v 2.38419e-07 1.9 1.3
v 2.38419e-07 2.1 1.3
v 2.38419e-07 2.3 1.3
v 2.38419e-07 2.4 1.3
v 2.38419e-07 3.1 1.3
v 2.38419e-07 3.3 1.3
v 2.38419e-07 3.4 1.3
v 2.38419e-07 3.5 1.3
v 2.38419e-07 3.6 1.3
v 2.38419e-07 3.7 1.3
v 2.38419e-07 3.8 1.3
v 2.38419e-07 4 1.3
v 2.38419e-07 4.1 1.3
v 2.38419e-07 4.2 1.3
v 2.38419e-07 4.3 1.3
v 2.38419e-07 4.4 1.3
v 2.38419e-07 4.5 1.3
v 2.38419e-07 4.7 1.3
v 2.38419e-07 5.4 1.3
v 2.38419e-07 6 1.3
v 2.38419e-07 6.3 1.3
v 2.38419e-07 6.9 1.3
v 0.1 1.3 1.3
v 0.1 1.5 1.3
v 0.1 1.7 1.3
v 0.1 1.9 1.3
v 0.1 3.1 1.3
v 0.1 3.2 1.3
v 0.1 3.4 1.3
v 0.1 3.5 1.3
v 0.1 3.7 1.3
v 0.1 3.8 1.3
v 0.1 4 1.3
v 0.1 4.1 1.3
v 0.1 4.3 1.3
v 0.1 4.4 1.3
v 0.1 4.6 1.3
v 0.1 4.7 1.3
v 0.1 5.4 1.3
v 0.1 6 1.3
v 0.1 6.3 1.3
v 0.1 6.9 1.3
v 0.2 1.3 1.3
v 0.2 1.5 1.3
v 0.2 1.7 1.3
v 0.2 1.9 1.3
v 0.2 3.1 1.3
v 0.2 3.2 1.3
v 0.2 3.4 1.3
v 0.2 3.5 1.3
v 0.2 3.7 1.3
v 0.2 3.8 1.3
v 0.2 4 1.3
v 0.2 4.1 1.3
v 0.2 4.3 1.3
v 0.2 4.4 1.3
v 0.2 4.6 1.3
v 0.2 4.7 1.3
v 0.2 5.4 1.3
v 0.2 6 1.3
v 0.2 6.3 1.3
v 0.2 6.9 1.3
v 0.3 0.8 1.3
v 0.3 0.9 1.3
v 0.3 1.1 1.3
v 0.3 1.3 1.3
v 0.3 1.5 1.3
v 0.3 1.7 1.3
v 0.3 1.9 1.3
v 0.3 2.1 1.3
v 0.3 2.3 1.3
v 0.3 2.4 1.3
v 0.3 5.4 1.3
v 0.3 6 1.3
v 0.3 6.3 1.3
v 0.3 6.9 1.3
v 0.4 0.8 1.3
v 0.4 0.9 1.3
v 0.4 1 1.3
v 0.4 2.2 1.3
v 0.4 2.3 1.3
v 0.4 2.4 1.3
v 0.4 3.1 1.3
v 0.4 3.2 1.3
v 0.4 3.4 1.3
v 0.4 3.5 1.3
v 0.4 3.7 1.3
v 0.4 3.8 1.3
v 0.4 4 1.3
v 0.4 4.1 1.3
v 0.4 4.3 1.3
v 0.4 4.4 1.3
v 0.4 4.6 1.3
v 0.4 4.7 1.3
v 0.4 5.4 1.3
v 0.4 5.7 1.3
v 0.4 6 1.3
v 0.4 6.3 1.3
v 0.4 6.6 1.3
v 0.4 6.9 1.3
v 0.5 0.8 1.3
v 0.5 0.9 1.3
v 0.5 1 1.3
v 0.5 1.1 1.3
v 0.5 2.1 1.3
v 0.5 2.2 1.3
v 0.5 2.3 1.3
v 0.5 2.4 1.3
v 0.5 3.1 1.3
v 0.5 3.2 1.3
v 0.5 3.4 1.3
v 0.5 3.5 1.3
v 0.5 3.7 1.3
v 0.5 3.8 1.3
v 0.5 4 1.3
v 0.5 4.1 1.3
v 0.5 4.3 1.3
v 0.5 4.4 1.3
v 0.5 4.6 1.3
v 0.5 4.7 1.3
v 0.5 5.4 1.3
v 0.5 5.7 1.3
v 0.5 6 1.3
v 0.5 6.3 1.3
v 0.5 6.6 1.3
v 0.5 6.9 1.3
v 0.6 3.1 1.3
v 0.6 3.2 1.3
v 0.6 3.3 1.3
v 0.6 4.5 1.3
v 0.6 4.6 1.3
v 0.6 4.7 1.3
v 0.7 0.8 1.3
v 0.7 0.9 1.3
v 0.7 1 1.3
v 0.7 1.1 1.3
v 0.7 2.1 1.3
v 0.7 2.2 1.3
v 0.7 2.3 1.3
v 0.7 2.4 1.3
v 0.7 5.4 1.3
v 0.7 5.7 1.3
v 0.7 6 1.3
v 0.7 6.3 1.3
v 0.7 6.6 1.3
v 0.7 6.9 1.3
v 0.8 0.8 1.3
v 0.8 0.9 1.3
v 0.8 1 1.3
v 0.8 2.2 1.3
v 0.8 2.3 1.3
v 0.8 2.4 1.3
v 0.8 3.1 1.3
v 0.8 3.2 1.3
v 0.8 3.3 1.3
v 0.8 4.5 1.3
v 0.8 4.6 1.3
v 0.8 4.7 1.3
v 0.8 5.4 1.3
v 0.8 5.7 1.3
v 0.8 6 1.3
v 0.8 6.3 1.3
v 0.8 6.6 1.3
v 0.8 6.9 1.3
v 1 0.8 1.3
v 1 0.9 1.3
v 1 1 1.3
v 1 1.1 1.3
v 1 1.2 1.3
v 1 2 1.3
v 1 2.1 1.3
v 1 2.2 1.3
v 1 2.3 1.3
v 1 2.4 1.3
v 1 3.1 1.3
v 1 3.2 1.3
v 1 3.7 1.3
v 1 4.1 1.3
v 1 4.6 1.3
v 1 4.7 1.3
v 1 5.4 1.3
v 1 5.5 1.3
v 1 5.8 1.3
v 1 6 1.3
v 1 6.3 1.3
v 1 6.5 1.3
v 1 6.8 1.3
v 1 6.9 1.3
v 1.1 3.7 1.3
v 1.1 3.8 1.3
v 1.1 4 1.3
v 1.1 4.1 1.3
v 1.2 0.8 1.3
v 1.2 0.9 1.3
v 1.2 1 1.3
v 1.2 1.1 1.3
v 1.2 1.2 1.3
v 1.2 2 1.3
v 1.2 2.1 1.3
v 1.2 2.2 1.3
v 1.2 2.3 1.3
v 1.2 2.4 1.3
v 1.2 3.7 1.3
v 1.2 3.8 1.3
v 1.2 4 1.3
v 1.2 4.1 1.3
v 1.2 5.4 1.3
v 1.2 5.5 1.3
v 1.2 5.8 1.3
v 1.2 6 1.3
v 1.2 6.3 1.3
v 1.2 6.5 1.3
v 1.2 6.8 1.3
v 1.2 6.9 1.3
v 1.3 3.1 1.3
v 1.3 3.2 1.3
v 1.3 3.7 1.3
v 1.3 4.1 1.3
v 1.3 4.6 1.3
v 1.3 4.7 1.3
v 1.4 3.1 1.3
v 1.4 3.2 1.3
v 1.4 3.3 1.3
v 1.4 3.8 1.3
v 1.4 4 1.3
v 1.4 4.5 1.3
v 1.4 4.6 1.3
v 1.4 4.7 1.3
v 1.5 0.8 1.3
v 1.5 0.9 1.3
v 1.5 1 1.3
v 1.5 1.3 1.3
v 1.5 1.4 1.3
v 1.5 1.8 1.3
v 1.5 1.9 1.3
v 1.5 2.2 1.3
v 1.5 2.3 1.3
v 1.5 2.4 1.3
v 1.5 3.1 1.3
v 1.5 3.2 1.3
v 1.5 3.3 1.3
v 1.5 3.4 1.3
v 1.5 3.8 1.3
v 1.5 4 1.3
v 1.5 4.4 1.3
v 1.5 4.5 1.3
v 1.5 4.6 1.3
v 1.5 4.7 1.3
v 1.5 5.4 1.3
v 1.5 5.5 1.3
v 1.5 5.6 1.3
v 1.5 6.7 1.3
v 1.5 6.8 1.3
v 1.5 6.9 1.3
v 1.6 0.8 1.3
v 1.6 0.9 1.3
v 1.6 1 1.3
v 1.6 1.3 1.3
v 1.6 1.4 1.3
v 1.6 1.8 1.3
v 1.6 1.9 1.3
v 1.6 2.2 1.3
v 1.6 2.3 1.3
v 1.6 2.4 1.3
v 1.6 3.1 1.3
v 1.6 3.2 1.3
v 1.6 3.3 1.3
v 1.6 3.4 1.3
v 1.6 3.8 1.3
v 1.6 4 1.3
v 1.6 4.4 1.3
v 1.6 4.5 1.3
v 1.6 4.6 1.3
v 1.6 4.7 1.3
v 1.6 5.4 1.3
v 1.6 5.5 1.3
v 1.6 5.6 1.3
v 1.6 6.7 1.3
v 1.6 6.8 1.3
v 1.6 6.9 1.3
v 1.7 3.1 1.3
v 1.7 3.2 1.3
v 1.7 3.3 1.3
v 1.7 3.6 1.3
v 1.7 3.7 1.3
v 1.7 3.8 1.3
v 1.7 4 1.3
v 1.7 4.1 1.3
v 1.7 4.2 1.3
v 1.7 4.5 1.3
v 1.7 4.6 1.3
v 1.7 4.7 1.3
v 1.8 0.8 1.3
v 1.8 1.3 1.3
v 1.8 1.9 1.3
v 1.8 2.4 1.3
v 1.8 3.1 1.3
v 1.8 3.2 1.3
v 1.8 3.3 1.3
v 1.8 3.6 1.3
v 1.8 3.7 1.3
v 1.8 3.8 1.3
v 1.8 4 1.3
v 1.8 4.1 1.3
v 1.8 4.2 1.3
v 1.8 4.5 1.3
v 1.8 4.6 1.3
v 1.8 4.7 1.3
v 1.8 5.4 1.3
v 1.8 5.5 1.3
v 1.8 5.6 1.3
v 1.8 6 1.3
v 1.8 6.3 1.3
v 1.8 6.7 1.3
v 1.8 6.8 1.3
v 1.8 6.9 1.3
v 1.9 1.3 1.3
v 1.9 1.5 1.3
v 1.9 1.7 1.3
v 1.9 1.9 1.3
v 2 0.8 1.3
v 2 1.3 1.3
v 2 1.5 1.3
v 2 1.7 1.3
v 2 1.9 1.3
v 2 2.4 1.3
v 2.1 0.8 1.3
v 2.1 1.3 1.3
v 2.1 1.5 1.3
v 2.1 1.7 1.3
v 2.1 1.9 1.3
v 2.1 2.4 1.3
v 2.2 1.3 1.3
v 2.2 1.5 1.3
v 2.2 1.7 1.3
v 2.2 1.9 1.3
v 2.3 0.8 1.3
v 2.3 0.9 1.3
v 2.3 1.3 1.3
v 2.3 1.9 1.3
v 2.3 2.4 1.3
v 2.3 5.4 1.3
v 2.3 5.5 1.3
v 2.3 5.6 1.3
v 2.3 6 1.3
v 2.3 6.3 1.3
v 2.3 6.7 1.3
v 2.3 6.8 1.3
v 2.3 6.9 1.3
v 2.4 7.5 1.3
v 2.4 7.6 1.3
v 2.5 7.5 1.3
v 2.5 7.6 1.3
v -1.8 3.1 1.2
v -1.8 3.2 1.2
v -1.8 3.3 1.2
v -1.8 3.7 1.2
v -1.8 4.1 1.2
v -1.8 4.5 1.2
v -1.8 4.6 1.2
v -1.8 4.7 1.2
v -1.7 3.1 1.2
v -1.7 3.2 1.2
v -1.7 3.3 1.2
v -1.7 3.4 1.2
v -1.7 3.6 1.2
v -1.7 3.7 1.2
v -1.7 4.1 1.2
v -1.7 4.2 1.2
v -1.7 4.4 1.2
v -1.7 4.5 1.2
v -1.7 4.6 1.2
v -1.7 4.7 1.2
v -1.6 3.1 1.2
v -1.6 3.2 1.2
v -1.6 3.3 1.2
v -1.6 3.4 1.2
v -1.6 3.6 1.2
v -1.6 3.7 1.2
v -1.6 3.8 1.2
v -1.6 4 1.2
v -1.6 4.1 1.2
v -1.6 4.2 1.2
v -1.6 4.4 1.2
v -1.6 4.5 1.2
v -1.6 4.6 1.2
v -1.6 4.7 1.2
v -1.5 3.1 1.2
v -1.5 3.2 1.2
v -1.5 3.3 1.2
v -1.5 3.4 1.2
v -1.5 3.6 1.2
v -1.5 3.7 1.2
v -1.5 3.8 1.2
v -1.5 4 1.2
v -1.5 4.1 1.2
v -1.5 4.2 1.2
v -1.5 4.4 1.2
v -1.5 4.5 1.2
v -1.5 4.6 1.2
v -1.5 4.7 1.2
v -1.4 0.8 1.2
v -1.4 0.9 1.2
v -1.4 1 1.2
v -1.4 1.1 1.2
v -1.4 1.2 1.2
v -1.4 1.3 1.2
v -1.4 1.4 1.2
v -1.4 1.5 1.2
v -1.4 1.6 1.2
v -1.4 1.7 1.2
v -1.4 1.8 1.2
v -1.4 1.9 1.2
v -1.4 2 1.2
v -1.4 2.1 1.2
v -1.4 2.2 1.2
v -1.4 2.3 1.2
v -1.4 2.4 1.2
v -1.4 3.1 1.2
v -1.4 3.3 1.2
v -1.4 3.4 1.2
v -1.4 3.6 1.2
v -1.4 3.7 1.2
v -1.4 4.1 1.2
v -1.4 4.2 1.2
v -1.4 4.4 1.2
v -1.4 4.5 1.2
v -1.4 4.7 1.2
v -1.4 5.4 1.2
v -1.4 5.5 1.2
v -1.4 5.6 1.2
v -1.4 5.7 1.2
v -1.4 6.1 1.2
v -1.4 6.2 1.2
v -1.4 6.6 1.2
v -1.4 6.7 1.2
v -1.4 6.8 1.2
v -1.4 6.9 1.2
v -1.3 0.8 1.2
v -1.3 0.9 1.2
v -1.3 1.2 1.2
v -1.3 1.3 1.2
v -1.3 1.9 1.2
v -1.3 2 1.2
v -1.3 2.3 1.2
v -1.3 2.4 1.2
v -1.3 3.1 1.2
v -1.3 3.2 1.2
v -1.3 3.6 1.2
v -1.3 3.9 1.2
v -1.3 4 1.2
v -1.3 4.3 1.2
v -1.3 4.6 1.2
v -1.3 4.7 1.2
v -1.3 5.4 1.2
v -1.3 5.5 1.2
v -1.3 5.6 1.2
v -1.3 5.7 1.2
v -1.3 6.6 1.2
v -1.3 6.7 1.2
v -1.3 6.8 1.2
v -1.3 6.9 1.2
v -1.2 3.1 1.2
v -1.2 3.2 1.2
v -1.2 3.6 1.2
v -1.2 3.7 1.2
v -1.2 3.8 1.2
v -1.2 3.9 1.2
v -1.2 4 1.2
v -1.2 4.1 1.2
v -1.2 4.2 1.2
v -1.2 4.3 1.2
v -1.2 4.6 1.2
v -1.2 4.7 1.2
v -1 0.8 1.2
v -1 0.9 1.2
v -1 1.2 1.2
v -1 1.3 1.2
v -1 1.9 1.2
v -1 2 1.2
v -1 2.3 1.2
v -1 2.4 1.2
v -1 3.1 1.2
v -1 3.2 1.2
v -1 3.6 1.2
v -1 3.7 1.2
v -1 3.8 1.2
v -1 3.9 1.2
v -1 4 1.2
v -1 4.1 1.2
v -1 4.2 1.2
v -1 4.3 1.2
v -1 4.6 1.2
v -1 4.7 1.2
v -1 5.4 1.2
v -1 5.5 1.2
v -1 5.6 1.2
v -1 5.7 1.2
v -1 6.6 1.2
v -1 6.7 1.2
v -1 6.8 1.2
v -1 6.9 1.2
v -0.9 0.8 1.2
v -0.9 0.9 1.2
v -0.9 1 1.2
v -0.9 1.2 1.2
v -0.9 1.3 1.2
v -0.9 1.4 1.2
v -0.9 1.8 1.2
v -0.9 1.9 1.2
v -0.9 2 1.2
v -0.9 2.2 1.2
v -0.9 2.3 1.2
v -0.9 2.4 1.2
v -0.9 3.1 1.2
v -0.9 3.2 1.2
v -0.9 3.6 1.2
v -0.9 3.9 1.2
v -0.9 4 1.2
v -0.9 4.3 1.2
v -0.9 4.6 1.2
v -0.9 4.7 1.2
v -0.9 5.4 1.2
v -0.9 5.5 1.2
v -0.9 5.6 1.2
v -0.9 5.9 1.2
v -0.9 6.4 1.2
v -0.9 6.7 1.2
v -0.9 6.8 1.2
v -0.9 6.9 1.2
v -0.8 0.8 1.2
v -0.8 0.9 1.2
v -0.8 1 1.2
v -0.8 1.4 1.2
v -0.8 1.8 1.2
v -0.8 2.2 1.2
v -0.8 2.3 1.2
v -0.8 2.4 1.2
v -0.8 5.4 1.2
v -0.8 5.5 1.2
v -0.8 5.6 1.2
v -0.8 5.8 1.2
v -0.8 5.9 1.2
v -0.8 6.4 1.2
v -0.8 6.5 1.2
v -0.8 6.7 1.2
v -0.8 6.8 1.2
v -0.8 6.9 1.2
v -0.6 0.8 1.2
v -0.6 0.9 1.2
v -0.6 1 1.2
v -0.6 1.4 1.2
v -0.6 1.8 1.2
v -0.6 2.2 1.2
v -0.6 2.3 1.2
v -0.6 2.4 1.2
v -0.6 5.4 1.2
v -0.6 5.5 1.2
v -0.6 5.6 1.2
v -0.6 5.8 1.2
v -0.6 5.9 1.2
v -0.6 6.4 1.2
v -0.6 6.5 1.2
v -0.6 6.7 1.2
v -0.6 6.8 1.2
v -0.6 6.9 1.2
v -0.5 0.8 1.2
v -0.5 0.9 1.2
v -0.5 1 1.2
v -0.5 1.4 1.2
v -0.5 1.8 1.2
v -0.5 2.2 1.2
v -0.5 2.3 1.2
v -0.5 2.4 1.2
v -0.5 5.4 1.2
v -0.5 5.5 1.2
v -0.5 5.6 1.2
v -0.5 5.7 1.2
v -0.5 5.9 1.2
v -0.5 6 1.2
v -0.5 6.3 1.2
v -0.5 6.4 1.2
v -0.5 6.6 1.2
v -0.5 6.7 1.2
v -0.5 6.8 1.2
v -0.5 6.9 1.2
v -0.4 3.1 1.2
v -0.4 3.2 1.2
v -0.4 3.3 1.2
v -0.4 3.6 1.2
v -0.4 3.7 1.2
v -0.4 4.1 1.2
v -0.4 4.2 1.2
v -0.4 4.5 1.2
v -0.4 4.6 1.2
v -0.4 4.7 1.2
v -0.3 3.1 1.2
v -0.3 3.2 1.2
v -0.3 3.3 1.2
v -0.3 3.4 1.2
v -0.3 3.5 1.2
v -0.3 3.6 1.2
v -0.3 3.7 1.2
v -0.3 3.8 1.2
v -0.3 4 1.2
v -0.3 4.1 1.2
v -0.3 4.2 1.2
v -0.3 4.3 1.2
v -0.3 4.4 1.2
v -0.3 4.5 1.2
v -0.3 4.6 1.2
v -0.3 4.7 1.2
v -0.0999999 0.8 1.2
v -0.0999999 1 1.2
v -0.0999999 1.1 1.2
v -0.0999999 1.3 1.2
v -0.0999999 1.5 1.2
v -0.0999999 1.7 1.2
v -0.0999999 1.9 1.2
v -0.0999999 2.1 1.2
v -0.0999999 2.2 1.2
v -0.0999999 2.4 1.2
v -0.0999999 5.4 1.2
v -0.0999999 5.6 1.2
v -0.0999999 5.7 1.2
v -0.0999999 5.8 1.2
v -0.0999999 6 1.2
v -0.0999999 6.3 1.2
v -0.0999999 6.5 1.2
v -0.0999999 6.6 1.2
v -0.0999999 6.7 1.2
v -0.0999999 6.9 1.2
v 2.38419e-07 0.8 1.2
v 2.38419e-07 0.9 1.2
v 2.38419e-07 1 1.2
v 2.38419e-07 1.1 1.2
v 2.38419e-07 1.3 1.2
v 2.38419e-07 1.5 1.2
v 2.38419e-07 1.7 1.2
v 2.38419e-07 1.9 1.2
v 2.38419e-07 2.1 1.2
v 2.38419e-07 2.2 1.2
v 2.38419e-07 2.3 1.2
v 2.38419e-07 2.4 1.2
v 2.38419e-07 3.1 1.2
v 2.38419e-07 3.2 1.2
v 2.38419e-07 3.3 1.2
v 2.38419e-07 3.4 1.2
v 2.38419e-07 3.5 1.2
v 2.38419e-07 3.6 1.2
v 2.38419e-07 3.7 1.2
v 2.38419e-07 3.8 1.2
v 2.38419e-07 4 1.2
v 2.38419e-07 4.1 1.2
v 2.38419e-07 4.2 1.2
v 2.38419e-07 4.3 1.2
v 2.38419e-07 4.4 1.2
v 2.38419e-07 4.5 1.2
v 2.38419e-07 4.6 1.2
v 2.38419e-07 4.7 1.2
v 2.38419e-07 5.4 1.2
v 2.38419e-07 5.8 1.2
v 2.38419e-07 6 1.2
v 2.38419e-07 6.3 1.2
v 2.38419e-07 6.5 1.2
v 2.38419e-07 6.9 1.2
v 0.1 3.1 1.2
v 0.1 3.2 1.2
v 0.1 3.3 1.2
v 0.1 3.4 1.2
v 0.1 3.5 1.2
v 0.1 3.6 1.2
v 0.1 3.7 1.2
v 0.1 3.8 1.2
v 0.1 4 1.2
v 0.1 4.1 1.2
v 0.1 4.2 1.2
v 0.1 4.3 1.2
v 0.1 4.4 1.2
v 0.1 4.5 1.2
v 0.1 4.6 1.2
v 0.1 4.7 1.2
v 0.3 0.8 1.2
v 0.3 0.9 1.2
v 0.3 1 1.2
v 0.3 1.1 1.2
v 0.3 1.3 1.2
v 0.3 1.5 1.2
v 0.3 1.7 1.2
v 0.3 1.9 1.2
v 0.3 2.1 1.2
v 0.3 2.2 1.2
v 0.3 2.3 1.2
v 0.3 2.4 1.2
v 0.3 5.4 1.2
v 0.3 5.8 1.2
v 0.3 6 1.2
v 0.3 6.3 1.2
v 0.3 6.5 1.2
v 0.3 6.9 1.2
v 0.4 0.8 1.2
v 0.4 0.9 1.2
v 0.4 1 1.2
v 0.4 1.1 1.2
v 0.4 1.3 1.2
v 0.4 1.5 1.2
v 0.4 1.7 1.2
v 0.4 1.9 1.2
v 0.4 2.1 1.2
v 0.4 2.2 1.2
v 0.4 2.3 1.2
v 0.4 2.4 1.2
v 0.4 5.4 1.2
v 0.4 5.7 1.2
v 0.4 5.8 1.2
v 0.4 6 1.2
v 0.4 6.3 1.2
v 0.4 6.5 1.2
v 0.4 6.6 1.2
v 0.4 6.9 1.2
v 0.5 3.1 1.2
v 0.5 3.2 1.2
v 0.5 3.3 1.2
v 0.5 3.4 1.2
v 0.5 3.5 1.2
v 0.5 3.7 1.2
v 0.5 3.8 1.2
v 0.5 4 1.2
v 0.5 4.1 1.2
v 0.5 4.3 1.2
v 0.5 4.4 1.2
v 0.5 4.5 1.2
v 0.5 4.6 1.2
v 0.5 4.7 1.2
v 0.6 3.1 1.2
v 0.6 3.2 1.2
v 0.6 3.3 1.2
v 0.6 4.5 1.2
v 0.6 4.6 1.2
v 0.6 4.7 1.2
v 0.8 3.1 1.2
v 0.8 3.2 1.2
v 0.8 3.3 1.2
v 0.8 4.5 1.2
v 0.8 4.6 1.2
v 0.8 4.7 1.2
v 0.9 0.8 1.2
v 0.9 0.9 1.2
v 0.9 1 1.2
v 0.9 1.2 1.2
v 0.9 2 1.2
v 0.9 2.2 1.2
v 0.9 2.3 1.2
v 0.9 2.4 1.2
v 0.9 3.1 1.2
v 0.9 3.2 1.2
v 0.9 3.3 1.2
v 0.9 3.6 1.2
v 0.9 4.2 1.2
v 0.9 4.5 1.2
v 0.9 4.6 1.2
v 0.9 4.7 1.2
v 0.9 5.4 1.2
v 0.9 5.6 1.2
v 0.9 5.7 1.2
v 0.9 6.1 1.2
v 0.9 6.2 1.2
v 0.9 6.6 1.2
v 0.9 6.7 1.2
v 0.9 6.9 1.2
v 1 0.8 1.2
v 1 0.9 1.2
v 1 1 1.2
v 1 1.1 1.2
v 1 1.2 1.2
v 1 2 1.2
v 1 2.1 1.2
v 1 2.2 1.2
v 1 2.3 1.2
v 1 2.4 1.2
v 1 3.1 1.2
v 1 3.2 1.2
v 1 3.3 1.2
v 1 3.6 1.2
v 1 3.7 1.2
v 1 4.1 1.2
v 1 4.2 1.2
v 1 4.5 1.2
v 1 4.6 1.2
v 1 4.7 1.2
v 1 5.4 1.2
v 1 5.5 1.2
v 1 5.6 1.2
v 1 5.7 1.2
v 1 5.8 1.2
v 1 6 1.2
v 1 6.1 1.2
v 1 6.2 1.2
v 1 6.3 1.2
v 1 6.5 1.2
v 1 6.6 1.2
v 1 6.7 1.2
v 1 6.8 1.2
v 1 6.9 1.2
v 1.2 0.8 1.2
v 1.2 0.9 1.2
v 1.2 1 1.2
v 1.2 1.1 1.2
v 1.2 1.2 1.2
v 1.2 2 1.2
v 1.2 2.1 1.2
v 1.2 2.2 1.2
v 1.2 2.3 1.2
v 1.2 2.4 1.2
v 1.2 5.4 1.2
v 1.2 5.5 1.2
v 1.2 5.6 1.2
v 1.2 5.7 1.2
v 1.2 5.8 1.2
v 1.2 6 1.2
v 1.2 6.1 1.2
v 1.2 6.2 1.2
v 1.2 6.3 1.2
v 1.2 6.5 1.2
v 1.2 6.6 1.2
v 1.2 6.7 1.2
v 1.2 6.8 1.2
v 1.2 6.9 1.2
v 1.3 0.8 1.2
v 1.3 0.9 1.2
v 1.3 1 1.2
v 1.3 1.2 1.2
v 1.3 2 1.2
v 1.3 2.2 1.2
v 1.3 2.3 1.2
v 1.3 2.4 1.2
v 1.3 3.1 1.2
v 1.3 3.2 1.2
v 1.3 3.3 1.2
v 1.3 3.6 1.2
v 1.3 3.7 1.2
v 1.3 4.1 1.2
v 1.3 4.2 1.2
v 1.3 4.5 1.2
v 1.3 4.6 1.2
v 1.3 4.7 1.2
v 1.3 5.4 1.2
v 1.3 5.6 1.2
v 1.3 5.7 1.2
v 1.3 6.1 1.2
v 1.3 6.2 1.2
v 1.3 6.6 1.2
v 1.3 6.7 1.2
v 1.3 6.9 1.2
v 1.4 0.8 1.2
v 1.4 0.9 1.2
v 1.4 1 1.2
v 1.4 1.3 1.2
v 1.4 1.4 1.2
v 1.4 1.8 1.2
v 1.4 1.9 1.2
v 1.4 2.2 1.2
v 1.4 2.3 1.2
v 1.4 2.4 1.2
v 1.4 3.1 1.2
v 1.4 3.2 1.2
v 1.4 3.3 1.2
v 1.4 3.6 1.2
v 1.4 3.8 1.2
v 1.4 4 1.2
v 1.4 4.2 1.2
v 1.4 4.5 1.2
v 1.4 4.6 1.2
v 1.4 4.7 1.2
v 1.4 5.4 1.2
v 1.4 5.5 1.2
v 1.4 5.6 1.2
v 1.4 6.7 1.2
v 1.4 6.8 1.2
v 1.4 6.9 1.2
v 1.5 0.8 1.2
v 1.5 0.9 1.2
v 1.5 1 1.2
v 1.5 1.3 1.2
v 1.5 1.4 1.2
v 1.5 1.8 1.2
v 1.5 1.9 1.2
v 1.5 2.2 1.2
v 1.5 2.3 1.2
v 1.5 2.4 1.2
v 1.5 5.4 1.2
v 1.5 5.5 1.2
v 1.5 5.6 1.2
v 1.5 6.7 1.2
v 1.5 6.8 1.2
v 1.5 6.9 1.2
v 1.6 0.8 1.2
v 1.6 0.9 1.2
v 1.6 1 1.2
v 1.6 1.3 1.2
v 1.6 1.4 1.2
v 1.6 1.8 1.2
v 1.6 1.9 1.2
v 1.6 2.2 1.2
v 1.6 2.3 1.2
v 1.6 2.4 1.2
v 1.6 5.4 1.2
v 1.6 5.5 1.2
v 1.6 5.6 1.2
v 1.6 6.7 1.2
v 1.6 6.8 1.2
v 1.6 6.9 1.2
v 1.7 0.8 1.2
v 1.7 0.9 1.2
v 1.7 1 1.2
v 1.7 1.3 1.2
v 1.7 1.4 1.2
v 1.7 1.8 1.2
v 1.7 1.9 1.2
v 1.7 2.2 1.2
v 1.7 2.3 1.2
v 1.7 2.4 1.2
v 1.7 5.4 1.2
v 1.7 5.5 1.2
v 1.7 5.6 1.2
v 1.7 6 1.2
v 1.7 6.3 1.2
v 1.7 6.7 1.2
v 1.7 6.8 1.2
v 1.7 6.9 1.2
v 1.8 0.8 1.2
v 1.8 1.3 1.2
v 1.8 1.9 1.2
v 1.8 2.4 1.2
v 1.8 5.4 1.2
v 1.8 5.5 1.2
v 1.8 5.6 1.2
v 1.8 6 1.2
v 1.8 6.3 1.2
v 1.8 6.7 1.2
v 1.8 6.8 1.2
v 1.8 6.9 1.2
v -1.4 3.1 1.1
v -1.4 3.3 1.1
v -1.4 3.4 1.1
v -1.4 3.5 1.1
v -1.4 3.6 1.1
v -1.4 3.7 1.1
v -1.4 4.1 1.1
v -1.4 4.2 1.1
v -1.4 4.4 1.1
v -1.4 4.5 1.1
v -1.4 4.7 1.1
v -1.3 3.1 1.1
v -1.3 3.2 1.1
v -1.3 3.3 1.1
v -1.3 3.5 1.1
v -1.3 3.6 1.1
v -1.3 3.9 1.1
v -1.3 4 1.1
v -1.3 4.3 1.1
v -1.3 4.4 1.1
v -1.3 4.5 1.1
v -1.3 4.6 1.1
v -1.3 4.7 1.1
v -0.9 3.1 1.1
v -0.9 3.2 1.1
v -0.9 3.3 1.1
v -0.9 3.5 1.1
v -0.9 3.6 1.1
v -0.9 3.9 1.1
v -0.9 4 1.1
v -0.9 4.3 1.1
v -0.9 4.4 1.1
v -0.9 4.5 1.1
v -0.9 4.6 1.1
v -0.9 4.7 1.1
v -0.8 3.1 1.1
v -0.8 3.3 1.1
v -0.8 3.5 1.1
v -0.8 4.4 1.1
v -0.8 4.5 1.1
v -0.8 4.7 1.1
v 0.8 0.8 1.1
v 0.8 0.9 1.1
v 0.8 2.3 1.1
v 0.8 2.4 1.1
v 0.8 5.4 1.1
v 0.8 5.7 1.1
v 0.8 6 1.1
v 0.8 6.3 1.1
v 0.8 6.6 1.1
v 0.8 6.9 1.1
v 0.9 0.8 1.1
v 0.9 0.9 1.1
v 0.9 1 1.1
v 0.9 1.2 1.1
v 0.9 2 1.1
v 0.9 2.2 1.1
v 0.9 2.3 1.1
v 0.9 2.4 1.1
v 0.9 5.4 1.1
v 0.9 5.6 1.1
v 0.9 5.7 1.1
v 0.9 6.1 1.1
v 0.9 6.2 1.1
v 0.9 6.6 1.1
v 0.9 6.7 1.1
v 0.9 6.9 1.1
v 1.3 0.8 1.1
v 1.3 0.9 1.1
v 1.3 1 1.1
v 1.3 1.2 1.1
v 1.3 2 1.1
v 1.3 2.2 1.1
v 1.3 2.3 1.1
v 1.3 2.4 1.1
v 1.3 5.4 1.1
v 1.3 5.6 1.1
v 1.3 5.7 1.1
v 1.3 6.1 1.1
v 1.3 6.2 1.1
v 1.3 6.6 1.1
v 1.3 6.7 1.1
v 1.3 6.9 1.1
v 1.4 0.8 1.1
v 1.4 0.9 1.1
v 1.4 1 1.1
v 1.4 1.3 1.1
v 1.4 1.4 1.1
v 1.4 1.8 1.1
v 1.4 1.9 1.1
v 1.4 2.2 1.1
v 1.4 2.3 1.1
v 1.4 2.4 1.1
v 1.4 5.4 1.1
v 1.4 5.5 1.1
v 1.4 5.6 1.1
v 1.4 6.7 1.1
v 1.4 6.8 1.1
v 1.4 6.9 1.1
v -2.3 0 -0.8
v -2.3 0.2 -0.8
v 2.3 0 -0.8
v 2.3 0.2 -0.8
v -2.5 0.2 -1.5
v -2.5 0.7 -1.5
v -2.4 0.2 -1.5
v -2.4 0.3 -1.5
v -2.4 0.6 -1.5
v -2.4 0.7 -1.5
v 2.4 0.2 -1.5
v 2.4 0.3 -1.5
v 2.4 0.6 -1.5
v 2.4 0.7 -1.5
v 2.5 0.2 -1.5
v 2.5 0.7 -1.5
v -2.3 0.8 -1.6
v -2.3 1.3 -1.6
v -2.3 2.1 -1.6
v -2.3 2.2 -1.6
v -2.3 2.3 -1.6
v -2.3 2.4 -1.6
v -2.3 3.1 -1.6
v -2.3 3.6 -1.6
v -2.3 4.3 -1.6
v -2.3 4.4 -1.6
v -2.3 4.6 -1.6
v -2.3 4.7 -1.6
v -2.3 5.4 -1.6
v -2.3 5.8 -1.6
v -2.3 6.4 -1.6
v -2.3 6.6 -1.6
v -2.3 6.8 -1.6
v -2.3 6.9 -1.6
v -2.1 1.3 -1.6
v -2.1 1.8 -1.6
v -2.1 2.2 -1.6
v -2.1 2.4 -1.6
v -2.1 3.1 -1.6
v -2.1 3.3 -1.6
v -2.1 4.3 -1.6
v -2.1 4.7 -1.6
v -2.1 6.4 -1.6
v -2.1 6.6 -1.6
v -2 0.8 -1.6
v -2 1 -1.6
v -2 1.8 -1.6
v -2 2.1 -1.6
v -2 3.3 -1.6
v -2 3.6 -1.6
v -2 5.4 -1.6
v -2 5.8 -1.6
v -2 6.6 -1.6
v -2 6.9 -1.6
v -1.9 1 -1.6
v -1.9 2.1 -1.6
v -1.9 3.6 -1.6
v -1.9 3.7 -1.6
v -1.9 4.2 -1.6
v -1.9 4.5 -1.6
v -1.9 5.4 -1.6
v -1.9 5.5 -1.6
v -1.9 5.8 -1.6
v -1.9 6.1 -1.6
v -1.9 6.4 -1.6
v -1.9 6.6 -1.6
v -1.9 6.9 -1.6
v -1.8 0.8 -1.6
v -1.8 3.1 -1.6
v -1.8 5.4 -1.6
v -1.7 0.9 -1.6
v -1.7 2.4 -1.6
v -1.7 3.1 -1.6
v -1.7 3.3 -1.6
v -1.7 3.7 -1.6
v -1.7 4 -1.6
v -1.7 4.2 -1.6
v -1.7 4.3 -1.6
v -1.7 4.5 -1.6
v -1.7 4.7 -1.6
v -1.7 5.5 -1.6
v -1.7 6 -1.6
v -1.7 6.1 -1.6
v -1.7 6.4 -1.6
v -1.6 0.8 -1.6
v -1.6 0.9 -1.6
v -1.6 3.3 -1.6
v -1.6 3.6 -1.6
v -1.6 4 -1.6
v -1.6 4.2 -1.6
v -1.6 4.3 -1.6
v -1.6 4.7 -1.6
v -1.6 6 -1.6
v -1.6 6.4 -1.6
v -1.6 6.6 -1.6
v -1.6 6.7 -1.6
v -1.4 1.5 -1.6
v -1.4 2.4 -1.6
v -1.4 3.6 -1.6
v -1.4 3.7 -1.6
v -1.4 4.2 -1.6
v -1.4 4.6 -1.6
v -1.4 5.4 -1.6
v -1.4 5.5 -1.6
v -1.4 6.4 -1.6
v -1.4 6.6 -1.6
v -1.4 6.7 -1.6
v -1.4 6.9 -1.6
v -1.3 1.3 -1.6
v -1.3 1.5 -1.6
v -1.3 2.4 -1.6
v -1.3 3.7 -1.6
v -1.3 4 -1.6
v -1.3 4.6 -1.6
v -1.3 4.7 -1.6
v -1.3 5.4 -1.6
v -1.3 5.5 -1.6
v -1.2 0.8 -1.6
v -1.2 2.3 -1.6
v -1.2 2.4 -1.6
v -1.2 3.1 -1.6
v -1.2 5.4 -1.6
v -1.1 1.3 -1.6
v -1.1 2.3 -1.6
v -1.1 4 -1.6
v -1.1 4.6 -1.6
v -1.1 5.4 -1.6
v -1.1 5.7 -1.6
v -1.1 6.6 -1.6
v -1.1 6.7 -1.6
v -1 0.8 -1.6
v -1 0.9 -1.6
v -1 3.1 -1.6
v -1 3.6 -1.6
v -1 4.6 -1.6
v -1 4.7 -1.6
v -1 5.7 -1.6
v -1 6.4 -1.6
v -1 6.7 -1.6
v -1 6.9 -1.6
v -0.9 0.8 -1.6
v -0.9 0.9 -1.6
v -0.9 2.4 -1.6
v -0.9 3.1 -1.6
v -0.9 3.6 -1.6
v -0.9 4.7 -1.6
v -0.9 5.4 -1.6
v -0.9 6.4 -1.6
v -0.9 6.6 -1.6
v -0.8 0.8 -1.6
v -0.8 0.9 -1.6
v -0.8 1.5 -1.6
v -0.8 3.1 -1.6
v -0.8 3.2 -1.6
v -0.8 3.7 -1.6
v -0.8 4.5 -1.6
v -0.8 4.7 -1.6
v -0.8 5.4 -1.6
v -0.8 5.5 -1.6
v -0.7 1.5 -1.6
v -0.7 2.4 -1.6
v -0.7 3.1 -1.6
v -0.7 3.2 -1.6
v -0.7 3.4 -1.6
v -0.7 3.7 -1.6
v -0.7 3.9 -1.6
v -0.7 4.5 -1.6
v -0.7 5.5 -1.6
v -0.7 5.7 -1.6
v -0.7 6.6 -1.6
v -0.7 6.7 -1.6
v -0.6 3.1 -1.6
v -0.6 3.4 -1.6
v -0.6 5.6 -1.6
v -0.6 5.7 -1.6
v -0.6 6.2 -1.6
v -0.6 6.9 -1.6
v -0.5 0.8 -1.6
v -0.5 1 -1.6
v -0.5 1.6 -1.6
v -0.5 2.4 -1.6
v -0.5 3.1 -1.6
v -0.5 3.8 -1.6
v -0.5 3.9 -1.6
v -0.5 4.7 -1.6
v -0.5 5.4 -1.6
v -0.5 5.6 -1.6
v -0.5 5.7 -1.6
v -0.5 6.2 -1.6
v -0.5 6.5 -1.6
v -0.4 0.8 -1.6
v -0.4 1 -1.6
v -0.4 1.6 -1.6
v -0.4 1.8 -1.6
v -0.4 3.1 -1.6
v -0.4 3.8 -1.6
v -0.4 6.5 -1.6
v -0.4 6.6 -1.6
v -0.4 6.7 -1.6
v -0.4 6.9 -1.6
v -0.3 0.8 -1.6
v -0.3 1.6 -1.6
v -0.3 1.8 -1.6
v -0.3 2.4 -1.6
v -0.3 4.2 -1.6
v -0.3 4.7 -1.6
v -0.3 5.4 -1.6
v -0.3 5.5 -1.6
v -0.3 6.6 -1.6
v -0.3 6.7 -1.6
v -0.2 1.6 -1.6
v -0.2 1.7 -1.6
v -0.2 5.5 -1.6
v -0.2 6.4 -1.6
v -0.2 6.7 -1.6
v -0.2 6.8 -1.6
v -0.0999999 1.3 -1.6
v -0.0999999 1.5 -1.6
v -0.0999999 1.7 -1.6
v -0.0999999 2.4 -1.6
v -0.0999999 3.7 -1.6
v -0.0999999 4.2 -1.6
v -0.0999999 4.6 -1.6
v -0.0999999 4.7 -1.6
v -0.0999999 5.4 -1.6
v -0.0999999 5.5 -1.6
v -0.0999999 6.4 -1.6
v -0.0999999 6.5 -1.6
v -0.0999999 6.8 -1.6
v -0.0999999 6.9 -1.6
v 2.38419e-07 0.8 -1.6
v 2.38419e-07 1 -1.6
v 2.38419e-07 1.3 -1.6
v 2.38419e-07 1.5 -1.6
v 2.38419e-07 2.1 -1.6
v 2.38419e-07 3.3 -1.6
v 2.38419e-07 3.7 -1.6
v 2.38419e-07 4.2 -1.6
v 2.38419e-07 4.6 -1.6
v 2.38419e-07 5.5 -1.6
v 2.38419e-07 6 -1.6
v 2.38419e-07 6.5 -1.6
v 2.38419e-07 6.7 -1.6
v 2.38419e-07 6.9 -1.6
v 0.1 0.8 -1.6
v 0.1 1 -1.6
v 0.1 1.2 -1.6
v 0.1 1.5 -1.6
v 0.1 2.1 -1.6
v 0.1 3.1 -1.6
v 0.1 3.3 -1.6
v 0.1 3.7 -1.6
v 0.1 4.2 -1.6
v 0.1 4.5 -1.6
v 0.1 4.7 -1.6
v 0.1 6 -1.6
v 0.1 6.4 -1.6
v 0.2 1 -1.6
v 0.2 1.1 -1.6
v 0.2 3.5 -1.6
v 0.2 3.7 -1.6
v 0.2 6.7 -1.6
v 0.2 6.9 -1.6
v 0.3 0.8 -1.6
v 0.3 0.9 -1.6
v 0.3 1.1 -1.6
v 0.3 1.2 -1.6
v 0.3 3.1 -1.6
v 0.3 3.5 -1.6
v 0.3 4.5 -1.6
v 0.3 4.7 -1.6
v 0.4 0.8 -1.6
v 0.4 0.9 -1.6
v 0.4 1 -1.6
v 0.4 2.4 -1.6
v 0.4 3.1 -1.6
v 0.4 3.7 -1.6
v 0.4 5.4 -1.6
v 0.4 6 -1.6
v 0.4 6.4 -1.6
v 0.4 6.7 -1.6
v 0.4 6.9 -1.6
v 0.5 1.6 -1.6
v 0.5 2.4 -1.6
v 0.5 3.7 -1.6
v 0.5 3.9 -1.6
v 0.5 5.8 -1.6
v 0.5 6 -1.6
v 0.5 6.3 -1.6
v 0.5 6.5 -1.6
v 0.6 1.1 -1.6
v 0.6 1.6 -1.6
v 0.6 2.3 -1.6
v 0.6 2.4 -1.6
v 0.6 3.1 -1.6
v 0.6 3.3 -1.6
v 0.6 3.9 -1.6
v 0.6 4 -1.6
v 0.6 5.7 -1.6
v 0.6 5.8 -1.6
v 0.6 6.2 -1.6
v 0.6 6.3 -1.6
v 0.6 6.4 -1.6
v 0.6 6.5 -1.6
v 0.7 0.9 -1.6
v 0.7 1 -1.6
v 0.7 2.3 -1.6
v 0.7 2.4 -1.6
v 0.7 3.3 -1.6
v 0.7 3.6 -1.6
v 0.7 4 -1.6
v 0.7 4.2 -1.6
v 0.7 4.4 -1.6
v 0.7 4.7 -1.6
v 0.7 5.4 -1.6
v 0.7 5.7 -1.6
v 0.7 6 -1.6
v 0.7 6.2 -1.6
v 0.7 6.3 -1.6
v 0.7 6.4 -1.6
v 0.7 6.6 -1.6
v 0.7 6.7 -1.6
v 0.8 1.1 -1.6
v 0.8 2.4 -1.6
v 0.8 3.1 -1.6
v 0.8 3.6 -1.6
v 0.8 4.2 -1.6
v 0.8 4.4 -1.6
v 0.8 5.7 -1.6
v 0.8 6 -1.6
v 0.8 6.1 -1.6
v 0.8 6.3 -1.6
v 0.9 0.8 -1.6
v 0.9 0.9 -1.6
v 0.9 2.4 -1.6
v 0.9 3.6 -1.6
v 0.9 4.7 -1.6
v 0.9 5.5 -1.6
v 0.9 5.7 -1.6
v 0.9 5.8 -1.6
v 0.9 6.1 -1.6
v 0.9 6.4 -1.6
v 0.9 6.6 -1.6
v 1 0.8 -1.6
v 1 0.9 -1.6
v 1 3.1 -1.6
v 1 3.6 -1.6
v 1 4.6 -1.6
v 1 4.7 -1.6
v 1 5.5 -1.6
v 1 5.7 -1.6
v 1 5.8 -1.6
v 1 6.4 -1.6
v 1 6.7 -1.6
v 1 6.9 -1.6
v 1.1 1.3 -1.6
v 1.1 1.6 -1.6
v 1.1 1.9 -1.6
v 1.1 2.4 -1.6
v 1.1 4 -1.6
v 1.1 4.6 -1.6
v 1.1 5.4 -1.6
v 1.1 5.7 -1.6
v 1.1 6.6 -1.6
v 1.1 6.7 -1.6
v 1.2 1.3 -1.6
v 1.2 1.6 -1.6
v 1.2 1.9 -1.6
v 1.3 1.5 -1.6
v 1.3 1.6 -1.6
v 1.3 3.7 -1.6
v 1.3 4 -1.6
v 1.3 4.6 -1.6
v 1.3 4.7 -1.6
v 1.3 5.4 -1.6
v 1.3 5.5 -1.6
v 1.4 1.5 -1.6
v 1.4 2.4 -1.6
v 1.4 3.6 -1.6
v 1.4 3.7 -1.6
v 1.4 4.2 -1.6
v 1.4 4.6 -1.6
v 1.4 5.4 -1.6
v 1.4 5.5 -1.6
v 1.4 6.4 -1.6
v 1.4 6.6 -1.6
v 1.4 6.7 -1.6
v 1.4 6.9 -1.6
v 1.6 0.8 -1.6
v 1.6 0.9 -1.6
v 1.6 3.1 -1.6
v 1.6 3.3 -1.6
v 1.6 3.6 -1.6
v 1.6 4 -1.6
v 1.6 4.2 -1.6
v 1.6 4.3 -1.6
v 1.6 4.7 -1.6
v 1.6 5.4 -1.6
v 1.6 6 -1.6
v 1.6 6.4 -1.6
v 1.6 6.6 -1.6
v 1.6 6.7 -1.6
v 1.7 0.8 -1.6
v 1.7 0.9 -1.6
v 1.7 2.4 -1.6
v 1.7 3.1 -1.6
v 1.7 3.3 -1.6
v 1.7 3.7 -1.6
v 1.7 4 -1.6
v 1.7 4.2 -1.6
v 1.7 4.3 -1.6
v 1.7 4.5 -1.6
v 1.7 4.7 -1.6
v 1.7 5.4 -1.6
v 1.7 5.5 -1.6
v 1.7 6 -1.6
v 1.7 6.3 -1.6
v 1.7 6.4 -1.6
v 1.8 2.4 -1.6
v 1.8 4.7 -1.6
v 1.9 1 -1.6
v 1.9 2.1 -1.6
v 1.9 3.6 -1.6
v 1.9 3.7 -1.6
v 1.9 4.2 -1.6
v 1.9 4.5 -1.6
v 1.9 5.8 -1.6
v 1.9 6.3 -1.6
v 1.9 6.4 -1.6
v 1.9 6.6 -1.6
v 1.9 6.9 -1.6
v 2 0.8 -1.6
v 2 1 -1.6
v 2 1.8 -1.6
v 2 2.1 -1.6
v 2 3.3 -1.6
v 2 3.6 -1.6
v 2 5.5 -1.6
v 2 5.8 -1.6
v 2 6.9 -1.6
v 2.1 1.3 -1.6
v 2.1 1.8 -1.6
v 2.1 2.2 -1.6
v 2.1 2.4 -1.6
v 2.1 3.1 -1.6
v 2.1 3.3 -1.6
v 2.1 4.3 -1.6
v 2.1 4.7 -1.6
v 2.1 6.4 -1.6
v 2.1 6.6 -1.6
v 2.3 0.8 -1.6
v 2.3 1.3 -1.6
v 2.3 2.1 -1.6
v 2.3 2.2 -1.6
v 2.3 2.3 -1.6
v 2.3 2.4 -1.6
v 2.3 3.1 -1.6
v 2.3 3.6 -1.6
v 2.3 4.3 -1.6
v 2.3 4.4 -1.6
v 2.3 4.6 -1.6
v 2.3 4.7 -1.6
v 2.3 5.4 -1.6
v 2.3 5.8 -1.6
v 2.3 6.4 -1.6
v 2.3 6.6 -1.6
v 2.3 6.8 -1.6
v 2.3 6.9 -1.6
v -2.5 0.2 1.5
v -2.5 0.7 1.5
v -2.4 0.2 1.5
v -2.4 0.3 1.5
v -2.4 0.6 1.5
v -2.4 0.7 1.5
v -2.3 2.3 1.5
v -2.3 2.4 1.5
v -2.3 4.6 1.5
v -2.3 4.7 1.5
v -2.3 6.8 1.5
v -2.3 6.9 1.5
v -2.2 2.3 1.5
v -2.2 2.4 1.5
v -2.2 4.6 1.5
v -2.2 4.7 1.5
v -2.2 6.8 1.5
v -2.2 6.9 1.5
v 2.2 2.3 1.5
v 2.2 2.4 1.5
v 2.2 4.6 1.5
v 2.2 4.7 1.5
v 2.2 6.8 1.5
v 2.2 6.9 1.5
v 2.3 2.3 1.5
v 2.3 2.4 1.5
v 2.3 4.6 1.5
v 2.3 4.7 1.5
v 2.3 6.8 1.5
v 2.3 6.9 1.5
v 2.4 0.2 1.5
v 2.4 0.3 1.5
v 2.4 0.5 1.5
v 2.4 0.6 1.5
v 2.4 0.7 1.5
v 2.5 0.2 1.5
v 2.5 0.7 1.5
v -2.3 0.8 0.8
v -2.3 0.9 0.8
v -2.3 2.4 0.8
v -2.3 5.4 0.8
v -2.3 6.9 0.8
v -1.7 0.8 0.8
v -1.7 2.4 0.8
v -1.7 5.4 0.8
v -1.7 6.9 0.8
v -1.6 0.8 0.8
v -1.6 5.4 0.8
v -1.4 0.8 0.8
v -1.4 2.4 0.8
v -1.4 5.4 0.8
v -1.4 6.9 0.8
v -0.8 3.1 0.8
v -0.8 4.7 0.8
v -0.6 3.1 0.8
v -0.5 0.8 0.8
v -0.5 2.4 0.8
v -0.5 5.4 0.8
v -0.5 6.9 0.8
v -0.4 3.1 0.8
v -0.4 4.7 0.8
v -0.0999999 0.8 0.8
v -0.0999999 2.4 0.8
v -0.0999999 5.4 0.8
v -0.0999999 6.9 0.8
v 0.1 3.1 0.8
v 0.1 4.7 0.8
v 0.4 0.8 0.8
v 0.4 2.4 0.8
v 0.4 3.1 0.8
v 0.4 5.4 0.8
v 0.4 6.9 0.8
v 0.5 3.1 0.8
v 0.5 4.7 0.8
v 0.8 0.8 0.8
v 0.8 2.4 0.8
v 0.8 5.4 0.8
v 0.8 6.9 0.8
v 1.4 3.1 0.8
v 1.4 4.7 0.8
v 1.6 3.1 0.8
v 1.7 3.1 0.8
v 1.7 4.7 0.8
v 1.8 3.1 0.8
v 2.3 3.1 0.8
v 2.3 4.7 0.8
v -2.3 3.1 0.7
v -2.3 4.7 0.7
v -1.8 3.1 0.7
v -1.7 3.1 0.7
v -1.7 4.7 0.7
v -1.4 0.8 0.7
v -1.4 2.4 0.7
v -1.4 3.1 0.7
v -1.4 4.7 0.7
v -1.4 5.4 0.7
v -1.4 6.9 0.7
v -0.9 0.8 0.7
v -0.9 2.4 0.7
v -0.9 5.4 0.7
v -0.9 6.9 0.7
v -0.5 0.8 0.7
v -0.5 2.4 0.7
v -0.5 5.4 0.7
v -0.5 6.9 0.7
v -0.4 3.1 0.7
v -0.4 4.7 0.7
v -0.0999999 0.8 0.7
v -0.0999999 2.4 0.7
v -0.0999999 5.4 0.7
v -0.0999999 6.9 0.7
v 0.1 3.1 0.7
v 0.1 4.7 0.7
v 0.4 0.8 0.7
v 0.4 2.4 0.7
v 0.4 5.4 0.7
v 0.4 6.9 0.7
v 0.5 3.1 0.7
v 0.5 4.7 0.7
v 0.7 3.1 0.7
v 0.9 3.1 0.7
v 0.9 4.7 0.7
v 1.4 0.8 0.7
v 1.4 2.4 0.7
v 1.4 3.1 0.7
v 1.4 4.7 0.7
v 1.4 5.4 0.7
v 1.4 6.9 0.7
v 1.6 0.8 0.7
v 1.6 5.4 0.7
v 1.7 0.8 0.7
v 1.7 2.4 0.7
v 2.1 0.8 0.7
v 2.1 5.4 0.7
v 2.2 0.8 0.7
v 2.2 5.4 0.7
v 2.3 0.8 0.7
v 2.3 0.9 0.7
v 2.3 2.4 0.7
v 2.3 5.4 0.7
v 2.3 6.9 0.7
v -1.4 3.1 0.6
v -1.4 4.7 0.6
v -0.8 3.1 0.6
v -0.8 4.7 0.6
v 0.8 0.8 0.6
v 0.8 2.4 0.6
v 0.8 5.4 0.6
v 0.8 6.9 0.6
v 1.3 0.8 0.6
v 1.3 5.4 0.6
v 1.4 0.8 0.6
v 1.4 2.4 0.6
v 1.4 5.4 0.6
v 1.4 6.9 0.6
v -2.5 7.5 -1.3
v -2.5 7.6 -1.3
v -2.4 7.5 -1.3
v -2.4 7.6 -1.3
v 2.4 7.5 -1.3
v 2.4 7.6 -1.3
v 2.5 7.5 -1.3
v 2.5 7.6 -1.3
v -2.5 0.2 -1.4
v -2.5 0.7 -1.4
v -2.4 0.2 -1.4
v -2.4 0.3 -1.4
v -2.4 0.6 -1.4
v -2.4 0.7 -1.4
v -2.4 7.5 -1.4
v -2.4 7.6 -1.4
v -2.1 7.5 -1.4
v -2.1 7.6 -1.4
v -1.4 7.5 -1.4
v -1.4 7.6 -1.4
v -0.9 7.5 -1.4
v -0.9 7.6 -1.4
v -0.7 7.5 -1.4
v -0.7 7.6 -1.4
v -0.5 7.5 -1.4
v -0.5 7.6 -1.4
v -0.3 7.5 -1.4
v -0.3 7.6 -1.4
v 2.38419e-07 7.5 -1.4
v 2.38419e-07 7.6 -1.4
v 0.5 7.5 -1.4
v 0.5 7.6 -1.4
v 0.9 7.5 -1.4
v 0.9 7.6 -1.4
v 1.4 7.5 -1.4
v 1.4 7.6 -1.4
v 1.8 7.5 -1.4
v 1.8 7.6 -1.4
v 2.3 7.5 -1.4
v 2.4 0.2 -1.4
v 2.4 0.3 -1.4
v 2.4 0.4 -1.4
v 2.4 0.6 -1.4
v 2.4 0.7 -1.4
v 2.4 7.5 -1.4
v 2.4 7.6 -1.4
v 2.5 0.2 -1.4
v 2.5 0.3 -1.4
v 2.5 0.4 -1.4
v 2.5 0.7 -1.4
v 2.5 7.4 -1.4
v 2.5 7.5 -1.4
v 2.6 7.4 -1.4
v 2.6 7.5 -1.4
v -2.6 7.4 -1.5
v -2.6 7.5 -1.5
v -2.5 7.4 -1.5
v -2.5 7.5 -1.5
v -2.8 0 -1.6
v -2.8 0.3 -1.6
v -2.8 1.3 -1.6
v -2.8 1.6 -1.6
v -2.8 1.8 -1.6
v -2.8 2.2 -1.6
v -2.8 3.6 -1.6
v -2.8 5.5 -1.6
v -2.8 5.7 -1.6
v -2.8 7.2 -1.6
v -2.7 0 -1.6
v -2.7 0.1 -1.6
v -2.7 0.3 -1.6
v -2.7 1 -1.6
v -2.7 1.3 -1.6
v -2.7 1.6 -1.6
v -2.7 1.8 -1.6
v -2.7 2.2 -1.6
v -2.7 3.4 -1.6
v -2.7 3.6 -1.6
v -2.7 5.5 -1.6
v -2.7 5.7 -1.6
v -2.7 7.2 -1.6
v -2.7 7.4 -1.6
v -2.6 7.2 -1.6
v -2.6 7.4 -1.6
v -2.5 7.4 -1.6
v -2.5 7.5 -1.6
v -2.3 7.4 -1.6
v -2.3 7.5 -1.6
v -2.1 7.4 -1.6
v -1.6 7.4 -1.6
v -1.6 7.5 -1.6
v -1.2 7.4 -1.6
v -1.1 7.4 -1.6
v -1.1 7.5 -1.6
v -0.8 7.4 -1.6
v -0.8 7.5 -1.6
v -0.7 7.4 -1.6
v -0.7 7.5 -1.6
v -0.3 7.4 -1.6
v -0.3 7.5 -1.6
v -0.2 7.4 -1.6
v -0.2 7.5 -1.6
v 0.2 7.4 -1.6
v 0.2 7.5 -1.6
v 0.6 7.4 -1.6
v 0.8 7.4 -1.6
v 0.8 7.5 -1.6
v 0.9 7.4 -1.6
v 1.2 7.4 -1.6
v 1.2 7.5 -1.6
v 1.5 7.4 -1.6
v 1.5 7.5 -1.6
v 2 7.4 -1.6
v 2 7.5 -1.6
v 2.2 7.4 -1.6
v 2.3 7.4 -1.6
v 2.3 7.5 -1.6
v 2.4 7.4 -1.6
v 2.5 7.4 -1.6
v 2.5 7.5 -1.6
v 2.6 7.2 -1.6
v 2.6 7.4 -1.6
v 2.7 0 -1.6
v 2.7 0.3 -1.6
v 2.7 0.9 -1.6
v 2.7 1.3 -1.6
v 2.7 1.5 -1.6
v 2.7 1.6 -1.6
v 2.7 1.8 -1.6
v 2.7 1.9 -1.6
v 2.7 2.1 -1.6
v 2.7 2.2 -1.6
v 2.7 3.3 -1.6
v 2.7 3.6 -1.6
v 2.7 3.9 -1.6
v 2.7 4.2 -1.6
v 2.7 5.1 -1.6
v 2.7 5.5 -1.6
v 2.7 5.7 -1.6
v 2.7 5.8 -1.6
v 2.7 6.3 -1.6
v 2.7 7 -1.6
v 2.7 7.2 -1.6
v 2.7 7.4 -1.6
v 2.8 0 -1.6
v 2.8 0.3 -1.6
v 2.8 1.3 -1.6
v 2.8 1.6 -1.6
v 2.8 1.8 -1.6
v 2.8 2.2 -1.6
v 2.8 3.6 -1.6
v 2.8 5.5 -1.6
v 2.8 5.7 -1.6
v 2.8 7.2 -1.6
v -2.7 0 -1.7
v -2.7 0.1 -1.7
v -2.7 1 -1.7
v -2.7 1.8 -1.7
v -2.7 3.4 -1.7
v -2.7 7.2 -1.7
v -2.6 0.1 -1.7
v -2.6 0.3 -1.7
v -2.6 1 -1.7
v -2.6 1.3 -1.7
v -2.6 1.6 -1.7
v -2.6 1.8 -1.7
v -2.6 2.2 -1.7
v -2.6 3.4 -1.7
v -2.6 3.6 -1.7
v -2.6 5.5 -1.7
v -2.6 5.7 -1.7
v -2.6 7.2 -1.7
v -2.6 7.4 -1.7
v -2.5 0.3 -1.7
v -2.5 0.9 -1.7
v -2.5 1.3 -1.7
v -2.5 1.5 -1.7
v -2.5 1.6 -1.7
v -2.5 1.8 -1.7
v -2.5 1.9 -1.7
v -2.5 2.1 -1.7
v -2.5 2.2 -1.7
v -2.5 3.3 -1.7
v -2.5 3.6 -1.7
v -2.5 3.9 -1.7
v -2.5 4.8 -1.7
v -2.5 5.1 -1.7
v -2.5 5.5 -1.7
v -2.5 5.7 -1.7
v -2.5 5.8 -1.7
v -2.5 6.3 -1.7
v -2.5 7 -1.7
v -2.5 7.3 -1.7
v -2.3 0.1 -1.7
v -2.3 0.4 -1.7
v -2.3 0.9 -1.7
v -2.3 1.3 -1.7
v -2.3 1.5 -1.7
v -2.3 1.9 -1.7
v -2.3 2.1 -1.7
v -2.3 2.2 -1.7
v -2.3 3.3 -1.7
v -2.3 3.9 -1.7
v -2.3 4.3 -1.7
v -2.3 4.8 -1.7
v -2.3 5.8 -1.7
v -2.3 6.3 -1.7
v -2.3 6.4 -1.7
v -2.3 6.6 -1.7
v -2.3 7.2 -1.7
v -2.3 7.3 -1.7
v -2.3 7.4 -1.7
v -2.2 7.2 -1.7
v -2.2 7.3 -1.7
v -2.1 0.1 -1.7
v -2.1 0.4 -1.7
v -2.1 1.3 -1.7
v -2.1 1.8 -1.7
v -2.1 2.2 -1.7
v -2.1 2.5 -1.7
v -2.1 3.1 -1.7
v -2.1 3.3 -1.7
v -2.1 4.3 -1.7
v -2.1 4.9 -1.7
v -2.1 5.1 -1.7
v -2.1 5.4 -1.7
v -2.1 6.4 -1.7
v -2.1 6.6 -1.7
v -2.1 6.9 -1.7
v -2.1 7 -1.7
v -2.1 7.3 -1.7
v -2.1 7.4 -1.7
v -2 0.6 -1.7
v -2 1 -1.7
v -2 1.8 -1.7
v -2 2.1 -1.7
v -2 2.5 -1.7
v -2 3.1 -1.7
v -2 3.3 -1.7
v -2 3.6 -1.7
v -2 4.9 -1.7
v -2 5.2 -1.7
v -2 5.4 -1.7
v -2 5.8 -1.7
v -2 6.6 -1.7
v -2 6.9 -1.7
v -2 7.2 -1.7
v -2 7.3 -1.7
v -1.9 0.3 -1.7
v -1.9 0.6 -1.7
v -1.9 1 -1.7
v -1.9 2.1 -1.7
v -1.9 3.6 -1.7
v -1.9 3.7 -1.7
v -1.9 4.2 -1.7
v -1.9 4.5 -1.7
v -1.9 5.2 -1.7
v -1.9 5.5 -1.7
v -1.9 5.8 -1.7
v -1.9 6.1 -1.7
v -1.9 6.4 -1.7
v -1.9 6.6 -1.7
v -1.9 7.1 -1.7
v -1.8 7.2 -1.7
v -1.8 7.3 -1.7
v -1.7 0.1 -1.7
v -1.7 0.3 -1.7
v -1.7 0.9 -1.7
v -1.7 3.3 -1.7
v -1.7 3.7 -1.7
v -1.7 4 -1.7
v -1.7 4.2 -1.7
v -1.7 4.3 -1.7
v -1.7 4.5 -1.7
v -1.7 4.9 -1.7
v -1.7 5.5 -1.7
v -1.7 6 -1.7
v -1.7 6.1 -1.7
v -1.7 6.4 -1.7
v -1.7 7 -1.7
v -1.7 7.1 -1.7
v -1.6 0.3 -1.7
v -1.6 0.9 -1.7
v -1.6 3 -1.7
v -1.6 3.1 -1.7
v -1.6 3.3 -1.7
v -1.6 3.6 -1.7
v -1.6 4 -1.7
v -1.6 4.2 -1.7
v -1.6 4.3 -1.7
v -1.6 4.8 -1.7
v -1.6 4.9 -1.7
v -1.6 5.4 -1.7
v -1.6 6 -1.7
v -1.6 6.4 -1.7
v -1.6 6.6 -1.7
v -1.6 6.7 -1.7
v -1.6 7 -1.7
v -1.6 7.1 -1.7
v -1.6 7.3 -1.7
v -1.6 7.4 -1.7
v -1.5 7.1 -1.7
v -1.5 7.2 -1.7
v -1.4 0.1 -1.7
v -1.4 0.3 -1.7
v -1.4 1.5 -1.7
v -1.4 2.7 -1.7
v -1.4 3 -1.7
v -1.4 3.1 -1.7
v -1.4 3.6 -1.7
v -1.4 3.7 -1.7
v -1.4 4.2 -1.7
v -1.4 4.6 -1.7
v -1.4 4.8 -1.7
v -1.4 5.2 -1.7
v -1.4 5.4 -1.7
v -1.4 5.5 -1.7
v -1.4 6.4 -1.7
v -1.4 6.6 -1.7
v -1.4 6.7 -1.7
v -1.4 6.9 -1.7
v -1.4 7.2 -1.7
v -1.4 7.3 -1.7
v -1.3 1.3 -1.7
v -1.3 1.5 -1.7
v -1.3 3.7 -1.7
v -1.3 4 -1.7
v -1.3 4.6 -1.7
v -1.3 4.9 -1.7
v -1.3 5.2 -1.7
v -1.3 5.5 -1.7
v -1.3 6.9 -1.7
v -1.3 7 -1.7
v -1.2 2.3 -1.7
v -1.2 2.7 -1.7
v -1.2 7.3 -1.7
v -1.2 7.4 -1.7
v -1.1 0.3 -1.7
v -1.1 0.4 -1.7
v -1.1 1.3 -1.7
v -1.1 2.3 -1.7
v -1.1 4 -1.7
v -1.1 4.6 -1.7
v -1.1 4.9 -1.7
v -1.1 5.7 -1.7
v -1.1 6.6 -1.7
v -1.1 6.7 -1.7
v -1.1 7 -1.7
v -1.1 7.2 -1.7
v -1 0.1 -1.7
v -1 0.3 -1.7
v -1 0.4 -1.7
v -1 0.9 -1.7
v -1 3.1 -1.7
v -1 3.6 -1.7
v -1 4.6 -1.7
v -1 4.8 -1.7
v -1 5.7 -1.7
v -1 6.4 -1.7
v -1 6.7 -1.7
v -1 6.9 -1.7
v -0.9 0.3 -1.7
v -0.9 0.9 -1.7
v -0.9 3.1 -1.7
v -0.9 3.6 -1.7
v -0.9 4.8 -1.7
v -0.9 4.9 -1.7
v -0.9 5.4 -1.7
v -0.9 6.4 -1.7
v -0.9 6.6 -1.7
v -0.9 6.9 -1.7
v -0.9 7 -1.7
v -0.8 0.9 -1.7
v -0.8 1.5 -1.7
v -0.8 3.2 -1.7
v -0.8 3.7 -1.7
v -0.8 4.5 -1.7
v -0.8 4.9 -1.7
v -0.8 5.4 -1.7
v -0.8 5.5 -1.7
v -0.7 0.1 -1.7
v -0.7 0.3 -1.7
v -0.7 1.5 -1.7
v -0.7 2.8 -1.7
v -0.7 3 -1.7
v -0.7 3.2 -1.7
v -0.7 3.4 -1.7
v -0.7 3.7 -1.7
v -0.7 3.9 -1.7
v -0.7 4.5 -1.7
v -0.7 5.5 -1.7
v -0.7 5.7 -1.7
v -0.7 6.6 -1.7
v -0.7 6.7 -1.7
v -0.7 7 -1.7
v -0.7 7.2 -1.7
v -0.6 2.8 -1.7
v -0.6 3 -1.7
v -0.6 3.1 -1.7
v -0.6 3.4 -1.7
v -0.6 5.6 -1.7
v -0.6 5.7 -1.7
v -0.6 6.2 -1.7
v -0.5 0.6 -1.7
v -0.5 0.7 -1.7
v -0.5 1 -1.7
v -0.5 1.6 -1.7
v -0.5 2.9 -1.7
v -0.5 3.1 -1.7
v -0.5 3.8 -1.7
v -0.5 3.9 -1.7
v -0.5 5.6 -1.7
v -0.5 5.7 -1.7
v -0.5 6.2 -1.7
v -0.5 6.5 -1.7
v -0.4 0.1 -1.7
v -0.4 0.6 -1.7
v -0.4 0.7 -1.7
v -0.4 1 -1.7
v -0.4 1.6 -1.7
v -0.4 1.8 -1.7
v -0.4 2.8 -1.7
v -0.4 2.9 -1.7
v -0.4 3.1 -1.7
v -0.4 3.8 -1.7
v -0.4 4.9 -1.7
v -0.4 5.4 -1.7
v -0.4 6.5 -1.7
v -0.4 6.6 -1.7
v -0.4 6.7 -1.7
v -0.4 7.2 -1.7
v -0.3 0.3 -1.7
v -0.3 1.6 -1.7
v -0.3 1.8 -1.7
v -0.3 2.8 -1.7
v -0.3 3.1 -1.7
v -0.3 4.2 -1.7
v -0.3 4.9 -1.7
v -0.3 5.4 -1.7
v -0.3 5.5 -1.7
v -0.3 6.6 -1.7
v -0.3 6.7 -1.7
v -0.3 7.3 -1.7
v -0.3 7.4 -1.7
v -0.2 1.6 -1.7
v -0.2 1.7 -1.7
v -0.2 5.5 -1.7
v -0.2 6.4 -1.7
v -0.2 6.7 -1.7
v -0.2 6.8 -1.7
v -0.0999999 0.1 -1.7
v -0.0999999 0.3 -1.7
v -0.0999999 1.3 -1.7
v -0.0999999 1.5 -1.7
v -0.0999999 1.7 -1.7
v -0.0999999 2.8 -1.7
v -0.0999999 3.7 -1.7
v -0.0999999 4.2 -1.7
v -0.0999999 4.6 -1.7
v -0.0999999 5.5 -1.7
v -0.0999999 6.4 -1.7
v -0.0999999 6.5 -1.7
v -0.0999999 6.8 -1.7
v -0.0999999 6.9 -1.7
v -0.0999999 7.2 -1.7
v -0.0999999 7.3 -1.7
v 2.38419e-07 0.6 -1.7
v 2.38419e-07 1 -1.7
v 2.38419e-07 1.3 -1.7
v 2.38419e-07 1.5 -1.7
v 2.38419e-07 2.1 -1.7
v 2.38419e-07 3.3 -1.7
v 2.38419e-07 3.7 -1.7
v 2.38419e-07 4.2 -1.7
v 2.38419e-07 4.6 -1.7
v 2.38419e-07 4.8 -1.7
v 2.38419e-07 5.1 -1.7
v 2.38419e-07 5.5 -1.7
v 2.38419e-07 6 -1.7
v 2.38419e-07 6.5 -1.7
v 2.38419e-07 6.7 -1.7
v 2.38419e-07 6.9 -1.7
v 2.38419e-07 7 -1.7
v 0.1 0.1 -1.7
v 0.1 0.2 -1.7
v 0.1 0.6 -1.7
v 0.1 1 -1.7
v 0.1 1.2 -1.7
v 0.1 1.5 -1.7
v 0.1 2.1 -1.7
v 0.1 3.1 -1.7
v 0.1 3.3 -1.7
v 0.1 3.7 -1.7
v 0.1 4.2 -1.7
v 0.1 4.5 -1.7
v 0.1 4.8 -1.7
v 0.1 5.1 -1.7
v 0.1 5.2 -1.7
v 0.1 6 -1.7
v 0.1 6.4 -1.7
v 0.2 0.2 -1.7
v 0.2 0.3 -1.7
v 0.2 1 -1.7
v 0.2 1.1 -1.7
v 0.2 2.7 -1.7
v 0.2 3.1 -1.7
v 0.2 3.5 -1.7
v 0.2 3.7 -1.7
v 0.2 6.7 -1.7
v 0.2 7 -1.7
v 0.2 7.2 -1.7
v 0.2 7.4 -1.7
v 0.3 0.3 -1.7
v 0.3 0.9 -1.7
v 0.3 1.1 -1.7
v 0.3 1.2 -1.7
v 0.3 2.4 -1.7
v 0.3 2.7 -1.7
v 0.3 3.1 -1.7
v 0.3 3.5 -1.7
v 0.3 4.5 -1.7
v 0.3 5.2 -1.7
v 0.4 0.1 -1.7
v 0.4 0.6 -1.7
v 0.4 0.7 -1.7
v 0.4 0.9 -1.7
v 0.4 1 -1.7
v 0.4 2.4 -1.7
v 0.4 3.1 -1.7
v 0.4 3.7 -1.7
v 0.4 6 -1.7
v 0.4 6.4 -1.7
v 0.4 6.7 -1.7
v 0.4 7.2 -1.7
v 0.5 1.6 -1.7
v 0.5 2.8 -1.7
v 0.5 3.7 -1.7
v 0.5 3.9 -1.7
v 0.5 5.8 -1.7
v 0.5 6 -1.7
v 0.5 6.3 -1.7
v 0.5 6.5 -1.7
v 0.6 1.1 -1.7
v 0.6 1.6 -1.7
v 0.6 2.3 -1.7
v 0.6 2.6 -1.7
v 0.6 2.8 -1.7
v 0.6 3.3 -1.7
v 0.6 3.9 -1.7
v 0.6 4 -1.7
v 0.6 5.7 -1.7
v 0.6 5.8 -1.7
v 0.6 6.2 -1.7
v 0.6 6.3 -1.7
v 0.6 6.4 -1.7
v 0.6 6.5 -1.7
v 0.6 7.3 -1.7
v 0.6 7.4 -1.7
v 0.7 0.1 -1.7
v 0.7 0.3 -1.7
v 0.7 0.6 -1.7
v 0.7 0.7 -1.7
v 0.7 0.9 -1.7
v 0.7 1 -1.7
v 0.7 2.3 -1.7
v 0.7 2.6 -1.7
v 0.7 3.3 -1.7
v 0.7 3.6 -1.7
v 0.7 4 -1.7
v 0.7 4.2 -1.7
v 0.7 4.4 -1.7
v 0.7 4.7 -1.7
v 0.7 5.4 -1.7
v 0.7 5.7 -1.7
v 0.7 6 -1.7
v 0.7 6.2 -1.7
v 0.7 6.3 -1.7
v 0.7 6.4 -1.7
v 0.7 6.6 -1.7
v 0.7 6.7 -1.7
v 0.7 7 -1.7
v 0.7 7.3 -1.7
v 0.8 1.1 -1.7
v 0.8 3.6 -1.7
v 0.8 4.2 -1.7
v 0.8 4.4 -1.7
v 0.8 4.7 -1.7
v 0.8 5.4 -1.7
v 0.8 5.7 -1.7
v 0.8 6 -1.7
v 0.8 6.1 -1.7
v 0.8 6.3 -1.7
v 0.8 6.9 -1.7
v 0.8 7 -1.7
v 0.9 0.3 -1.7
v 0.9 0.9 -1.7
v 0.9 3.1 -1.7
v 0.9 3.6 -1.7
v 0.9 4.8 -1.7
v 0.9 5.5 -1.7
v 0.9 5.7 -1.7
v 0.9 5.8 -1.7
v 0.9 6.1 -1.7
v 0.9 6.4 -1.7
v 0.9 6.6 -1.7
v 0.9 7.3 -1.7
v 0.9 7.4 -1.7
v 1 0.1 -1.7
v 1 0.3 -1.7
v 1 0.4 -1.7
v 1 0.9 -1.7
v 1 3.1 -1.7
v 1 3.6 -1.7
v 1 4.6 -1.7
v 1 4.8 -1.7
v 1 5.5 -1.7
v 1 5.7 -1.7
v 1 5.8 -1.7
v 1 6.4 -1.7
v 1 6.7 -1.7
v 1 6.9 -1.7
v 1 7.2 -1.7
v 1 7.3 -1.7
v 1.1 0.3 -1.7
v 1.1 0.4 -1.7
v 1.1 1.3 -1.7
v 1.1 1.6 -1.7
v 1.1 1.9 -1.7
v 1.1 3 -1.7
v 1.1 4 -1.7
v 1.1 4.6 -1.7
v 1.1 4.9 -1.7
v 1.1 5.7 -1.7
v 1.1 6.6 -1.7
v 1.1 6.7 -1.7
v 1.1 7.1 -1.7
v 1.1 7.2 -1.7
v 1.2 1.3 -1.7
v 1.2 1.6 -1.7
v 1.2 1.9 -1.7
v 1.2 7 -1.7
v 1.2 7.1 -1.7
v 1.3 1.5 -1.7
v 1.3 1.6 -1.7
v 1.3 2.7 -1.7
v 1.3 3 -1.7
v 1.3 3.7 -1.7
v 1.3 4 -1.7
v 1.3 4.6 -1.7
v 1.3 4.9 -1.7
v 1.3 5.2 -1.7
v 1.3 5.5 -1.7
v 1.3 6.9 -1.7
v 1.3 7 -1.7
v 1.4 0.1 -1.7
v 1.4 0.3 -1.7
v 1.4 1.5 -1.7
v 1.4 2.7 -1.7
v 1.4 3 -1.7
v 1.4 3.1 -1.7
v 1.4 3.6 -1.7
v 1.4 3.7 -1.7
v 1.4 4.2 -1.7
v 1.4 4.6 -1.7
v 1.4 4.8 -1.7
v 1.4 5.2 -1.7
v 1.4 5.4 -1.7
v 1.4 5.5 -1.7
v 1.4 6.4 -1.7
v 1.4 6.6 -1.7
v 1.4 6.7 -1.7
v 1.4 6.9 -1.7
v 1.6 0.3 -1.7
v 1.6 0.9 -1.7
v 1.6 3 -1.7
v 1.6 3.1 -1.7
v 1.6 3.3 -1.7
v 1.6 3.6 -1.7
v 1.6 4 -1.7
v 1.6 4.2 -1.7
v 1.6 4.3 -1.7
v 1.6 4.8 -1.7
v 1.6 4.9 -1.7
v 1.6 5.4 -1.7
v 1.6 6 -1.7
v 1.6 6.4 -1.7
v 1.6 6.6 -1.7
v 1.6 6.7 -1.7
v 1.6 7 -1.7
v 1.6 7.2 -1.7
v 1.7 0.1 -1.7
v 1.7 0.3 -1.7
v 1.7 0.9 -1.7
v 1.7 3.3 -1.7
v 1.7 3.7 -1.7
v 1.7 4 -1.7
v 1.7 4.2 -1.7
v 1.7 4.3 -1.7
v 1.7 4.5 -1.7
v 1.7 4.9 -1.7
v 1.7 5.5 -1.7
v 1.7 6 -1.7
v 1.7 6.3 -1.7
v 1.7 6.4 -1.7
v 1.7 7 -1.7
v 1.7 7.2 -1.7
v 1.9 0.3 -1.7
v 1.9 0.6 -1.7
v 1.9 1 -1.7
v 1.9 2.1 -1.7
v 1.9 3.6 -1.7
v 1.9 3.7 -1.7
v 1.9 4.2 -1.7
v 1.9 4.5 -1.7
v 1.9 5.8 -1.7
v 1.9 6.3 -1.7
v 1.9 6.4 -1.7
v 1.9 6.6 -1.7
v 1.9 7 -1.7
v 1.9 7.1 -1.7
v 1.9 7.3 -1.7
v 2 0.6 -1.7
v 2 1 -1.7
v 2 1.8 -1.7
v 2 2.1 -1.7
v 2 2.5 -1.7
v 2 3.1 -1.7
v 2 3.3 -1.7
v 2 3.6 -1.7
v 2 4.9 -1.7
v 2 5.4 -1.7
v 2 5.5 -1.7
v 2 5.8 -1.7
v 2 7 -1.7
v 2 7.1 -1.7
v 2.1 0.1 -1.7
v 2.1 0.4 -1.7
v 2.1 1.3 -1.7
v 2.1 1.8 -1.7
v 2.1 2.2 -1.7
v 2.1 2.5 -1.7
v 2.1 3.1 -1.7
v 2.1 3.3 -1.7
v 2.1 4.3 -1.7
v 2.1 4.9 -1.7
v 2.1 5.2 -1.7
v 2.1 5.4 -1.7
v 2.1 6.4 -1.7
v 2.1 6.6 -1.7
v 2.2 7.3 -1.7
v 2.2 7.4 -1.7
v 2.3 0.1 -1.7
v 2.3 0.4 -1.7
v 2.3 1.2 -1.7
v 2.3 1.3 -1.7
v 2.3 1.8 -1.7
v 2.3 2.1 -1.7
v 2.3 2.2 -1.7
v 2.3 2.4 -1.7
v 2.3 2.7 -1.7
v 2.3 3 -1.7
v 2.3 3.7 -1.7
v 2.3 4.3 -1.7
v 2.3 4.6 -1.7
v 2.3 5.1 -1.7
v 2.3 5.2 -1.7
v 2.3 5.5 -1.7
v 2.3 6.4 -1.7
v 2.3 6.6 -1.7
v 2.4 2.2 -1.7
v 2.4 2.4 -1.7
v 2.4 2.8 -1.7
v 2.4 3 -1.7
v 2.4 4.4 -1.7
v 2.4 4.6 -1.7
v 2.4 4.9 -1.7
v 2.4 5.1 -1.7
v 2.4 7.3 -1.7
v 2.4 7.4 -1.7
v 2.5 2.1 -1.7
v 2.5 2.2 -1.7
v 2.5 2.4 -1.7
v 2.5 2.8 -1.7
v 2.5 3 -1.7
v 2.5 4 -1.7
v 2.5 4.4 -1.7
v 2.5 4.5 -1.7
v 2.5 4.6 -1.7
v 2.5 4.8 -1.7
v 2.5 4.9 -1.7
v 2.5 7.2 -1.7
v 2.5 7.3 -1.7
v 2.6 0.9 -1.7
v 2.6 1.2 -1.7
v 2.6 1.5 -1.7
v 2.6 1.8 -1.7
v 2.6 1.9 -1.7
v 2.6 2.1 -1.7
v 2.6 2.2 -1.7
v 2.6 2.4 -1.7
v 2.6 2.7 -1.7
v 2.6 3 -1.7
v 2.6 3.3 -1.7
v 2.6 3.7 -1.7
v 2.6 3.9 -1.7
v 2.6 4 -1.7
v 2.6 4.2 -1.7
v 2.6 4.5 -1.7
v 2.6 4.6 -1.7
v 2.6 4.8 -1.7
v 2.6 5.1 -1.7
v 2.6 5.5 -1.7
v 2.6 5.8 -1.7
v 2.6 6.3 -1.7
v 2.6 6.6 -1.7
v 2.6 7 -1.7
v 2.6 7.2 -1.7
v 2.6 7.4 -1.7
v 2.7 0 -1.7
v 2.7 0.9 -1.7
v 2.7 1.5 -1.7
v 2.7 1.9 -1.7
v 2.7 2.1 -1.7
v 2.7 3.3 -1.7
v 2.7 3.9 -1.7
v 2.7 4.2 -1.7
v 2.7 5.1 -1.7
v 2.7 5.8 -1.7
v 2.7 6.3 -1.7
v 2.7 7 -1.7
v 2.7 7.2 -1.7
v -2.7 0 1.7
v -2.3 0 1.7
v 2.3 0 1.7
v 2.7 0 1.7
v -2.8 0 1.6
v -2.7 0 1.6
v 2.7 0 1.6
v 2.8 0 1.6
v -2.3 0 -0.8
v 2.3 0 -0.8
v -2.8 0 -1.6
v -2.7 0 -1.6
v 2.7 0 -1.6
v 2.8 0 -1.6
v -2.7 0 -1.7
v 2.7 0 -1.7
v -2.3 0.2 1.6
v -2.1 0.2 1.6
v -1.9 0.2 1.6
v -1.7 0.2 1.6
v -1.5 0.2 1.6
v -1.4 0.2 1.6
v -1 0.2 1.6
v -0.6 0.2 1.6
v -0.5 0.2 1.6
v -0.4 0.2 1.6
v -0.3 0.2 1.6
v 0.5 0.2 1.6
v 1 0.2 1.6
v 1.5 0.2 1.6
v 2.2 0.2 1.6
v 2.3 0.2 1.6
v -2.3 0.2 1.3
v -2.1 0.2 1.3
v -1.9 0.2 1.3
v -1.7 0.2 1.3
v -1.5 0.2 1.3
v -1.4 0.2 1.3
v -1 0.2 1.3
v -0.6 0.2 1.3
v -0.5 0.2 1.3
v -0.4 0.2 1.3
v -0.3 0.2 1.3
v 0.5 0.2 1.3
v 1 0.2 1.3
v 1.5 0.2 1.3
v 2.2 0.2 1.3
v 2.3 0.2 1.3
v -2.3 0.2 -0.8
v 2.3 0.2 -0.8
v -2.3 0.6 1.7
v 2.3 0.6 1.7
v -2.3 0.6 1.6
v -1.8 0.6 1.6
v -1 0.6 1.6
v 0.5 0.6 1.6
v 2.3 0.6 1.6
v -2.4 0.7 1.7
v -2.3 0.7 1.7
v 2.3 0.7 1.7
v 2.4 0.7 1.7
v -2.4 0.7 1.6
v -2.3 0.7 1.6
v 2.3 0.7 1.6
v 2.4 0.7 1.6
v -2.5 0.7 1.5
v -2.4 0.7 1.5
v 2.4 0.7 1.5
v 2.5 0.7 1.5
v -2.5 0.7 1.4
v -2.4 0.7 1.4
v 2.4 0.7 1.4
v 2.5 0.7 1.4
v -2.5 0.7 -1.4
v -2.4 0.7 -1.4
v 2.4 0.7 -1.4
v 2.5 0.7 -1.4
v -2.5 0.7 -1.5
v -2.4 0.7 -1.5
v 2.4 0.7 -1.5
v 2.5 0.7 -1.5
v -2.3 2.3 1.6
v -2.2 2.3 1.6
v 2.2 2.3 1.6
v 2.3 2.3 1.6
v -2.3 2.3 1.5
v -2.2 2.3 1.5
v 2.2 2.3 1.5
v 2.3 2.3 1.5
v -2.2 2.4 1.6
v -2 2.4 1.6
v -1.2 2.4 1.6
v -0.7 2.4 1.6
v -0.4 2.4 1.6
v 0.5 2.4 1.6
v 1.4 2.4 1.6
v 1.6 2.4 1.6
v 2.2 2.4 1.6
v -2.3 2.4 1.5
v -2.2 2.4 1.5
v -2 2.4 1.5
v -1.9 2.4 1.5
v 2.2 2.4 1.5
v 2.3 2.4 1.5
v -2.3 2.4 1.4
v -2.2 2.4 1.4
v -1.9 2.4 1.4
v -1.8 2.4 1.4
v -1.6 2.4 1.4
v -1.5 2.4 1.4
v -0.4 2.4 1.4
v -0.3 2.4 1.4
v -0.2 2.4 1.4
v 0.5 2.4 1.4
v 0.7 2.4 1.4
v -1.8 2.4 1.3
v -1.7 2.4 1.3
v -1.6 2.4 1.3
v -1.5 2.4 1.3
v -1.4 2.4 1.3
v -1.3 2.4 1.3
v -1.2 2.4 1.3
v -1 2.4 1.3
v -0.8 2.4 1.3
v -0.7 2.4 1.3
v -0.6 2.4 1.3
v -0.5 2.4 1.3
v -0.4 2.4 1.3
v -0.2 2.4 1.3
v -0.0999999 2.4 1.3
v 2.38419e-07 2.4 1.3
v 0.3 2.4 1.3
v 0.4 2.4 1.3
v 0.5 2.4 1.3
v 0.7 2.4 1.3
v 0.8 2.4 1.3
v 1 2.4 1.3
v 1.2 2.4 1.3
v 1.4 2.4 1.3
v 1.5 2.4 1.3
v 1.6 2.4 1.3
v 1.8 2.4 1.3
v 2 2.4 1.3
v 2.1 2.4 1.3
v 2.3 2.4 1.3
v -1.4 2.4 1.2
v -1.3 2.4 1.2
v -1 2.4 1.2
v -0.9 2.4 1.2
v -0.8 2.4 1.2
v -0.6 2.4 1.2
v -0.5 2.4 1.2
v -0.0999999 2.4 1.2
v 2.38419e-07 2.4 1.2
v 0.3 2.4 1.2
v 0.4 2.4 1.2
v 0.9 2.4 1.2
v 1 2.4 1.2
v 1.2 2.4 1.2
v 1.3 2.4 1.2
v 1.4 2.4 1.2
v 1.5 2.4 1.2
v 1.6 2.4 1.2
v 1.7 2.4 1.2
v 1.8 2.4 1.2
v 0.8 2.4 1.1
v 0.9 2.4 1.1
v 1.3 2.4 1.1
v 1.4 2.4 1.1
v -2.3 2.4 0.8
v -1.7 2.4 0.8
v -1.4 2.4 0.8
v -0.5 2.4 0.8
v -0.0999999 2.4 0.8
v 0.4 2.4 0.8
v 0.8 2.4 0.8
v -1.4 2.4 0.7
v -0.9 2.4 0.7
v -0.5 2.4 0.7
v -0.0999999 2.4 0.7
v 0.4 2.4 0.7
v 1.4 2.4 0.7
v 1.7 2.4 0.7
v 2.3 2.4 0.7
v 0.8 2.4 0.6
v 1.4 2.4 0.6
v -2.3 2.4 -1.1
v 2.3 2.4 -1.1
v -1.7 2.4 -1.3
v -1.3 2.4 -1.3
v -0.5 2.4 -1.3
v 0.4 2.4 -1.3
v 0.8 2.4 -1.3
v 1.8 2.4 -1.3
v 2.1 2.4 -1.3
v 2.3 2.4 -1.3
v -2.3 2.4 -1.5
v 2.3 2.4 -1.5
v -2.3 2.4 -1.6
v -2.1 2.4 -1.6
v -1.7 2.4 -1.6
v -1.4 2.4 -1.6
v -1.3 2.4 -1.6
v -1.2 2.4 -1.6
v -0.9 2.4 -1.6
v -0.7 2.4 -1.6
v -0.5 2.4 -1.6
v -0.3 2.4 -1.6
v -0.0999999 2.4 -1.6
v 0.4 2.4 -1.6
v 0.5 2.4 -1.6
v 0.6 2.4 -1.6
v 0.7 2.4 -1.6
v 0.8 2.4 -1.6
v 0.9 2.4 -1.6
v 1.1 2.4 -1.6
v 1.4 2.4 -1.6
v 1.7 2.4 -1.6
v 1.8 2.4 -1.6
v 2.1 2.4 -1.6
v 2.3 2.4 -1.6
v -2.3 2.9 1.7
v 2.3 2.9 1.7
v -2.3 2.9 1.6
v -1.8 2.9 1.6
v -1 2.9 1.6
v 0.5 2.9 1.6
v 2.3 2.9 1.6
v -2.4 3 1.7
v -2.3 3 1.7
v 2.3 3 1.7
v 2.4 3 1.7
v -2.4 3 1.6
v -2.3 3 1.6
v 2.3 3 1.6
v 2.4 3 1.6
v -2.3 4.6 1.6
v -2.2 4.6 1.6
v 2.2 4.6 1.6
v 2.3 4.6 1.6
v -2.3 4.6 1.5
v -2.2 4.6 1.5
v 2.2 4.6 1.5
v 2.3 4.6 1.5
v -2.2 4.7 1.6
v -2 4.7 1.6
v -1.2 4.7 1.6
v -0.7 4.7 1.6
v -0.4 4.7 1.6
v 0.5 4.7 1.6
v 1.4 4.7 1.6
v 1.6 4.7 1.6
v 2.2 4.7 1.6
v -2.3 4.7 1.5
v -2.2 4.7 1.5
v 1.9 4.7 1.5
v 2.2 4.7 1.5
v 2.3 4.7 1.5
v -0.7 4.7 1.4
v -0.5 4.7 1.4
v 0.2 4.7 1.4
v 0.4 4.7 1.4
v 1.5 4.7 1.4
v 1.6 4.7 1.4
v 1.8 4.7 1.4
v 1.9 4.7 1.4
v 2.2 4.7 1.4
v 2.3 4.7 1.4
v -2.3 4.7 1.3
v -2 4.7 1.3
v -1.8 4.7 1.3
v -1.6 4.7 1.3
v -1.5 4.7 1.3
v -1.2 4.7 1.3
v -1 4.7 1.3
v -0.8 4.7 1.3
v -0.7 4.7 1.3
v -0.5 4.7 1.3
v -0.4 4.7 1.3
v -0.3 4.7 1.3
v 2.38419e-07 4.7 1.3
v 0.1 4.7 1.3
v 0.2 4.7 1.3
v 0.4 4.7 1.3
v 0.5 4.7 1.3
v 0.6 4.7 1.3
v 0.8 4.7 1.3
v 1 4.7 1.3
v 1.3 4.7 1.3
v 1.4 4.7 1.3
v 1.5 4.7 1.3
v 1.6 4.7 1.3
v 1.7 4.7 1.3
v 1.8 4.7 1.3
v -1.8 4.7 1.2
v -1.7 4.7 1.2
v -1.6 4.7 1.2
v -1.5 4.7 1.2
v -1.4 4.7 1.2
v -1.3 4.7 1.2
v -1.2 4.7 1.2
v -1 4.7 1.2
v -0.9 4.7 1.2
v -0.8 4.7 1.2
v -0.4 4.7 1.2
v -0.3 4.7 1.2
v 2.38419e-07 4.7 1.2
v 0.1 4.7 1.2
v 0.5 4.7 1.2
v 0.6 4.7 1.2
v 0.8 4.7 1.2
v 0.9 4.7 1.2
v 1 4.7 1.2
v 1.3 4.7 1.2
v 1.4 4.7 1.2
v -1.4 4.7 1.1
v -1.3 4.7 1.1
v -0.9 4.7 1.1
v -0.8 4.7 1.1
v -0.8 4.7 0.8
v -0.4 4.7 0.8
v 0.1 4.7 0.8
v 0.5 4.7 0.8
v 1.4 4.7 0.8
v 1.7 4.7 0.8
v 2.3 4.7 0.8
v -2.3 4.7 0.7
v -1.7 4.7 0.7
v -1.4 4.7 0.7
v -0.4 4.7 0.7
v 0.1 4.7 0.7
v 0.5 4.7 0.7
v 0.9 4.7 0.7
v 1.4 4.7 0.7
v -1.4 4.7 0.6
v -0.8 4.7 0.6
v -2.3 4.7 -1.1
v 2.3 4.7 -1.1
v -1.7 4.7 -1.3
v -1.3 4.7 -1.3
v -0.5 4.7 -1.3
v 1.8 4.7 -1.3
v 2.1 4.7 -1.3
v 2.3 4.7 -1.3
v -2.3 4.7 -1.5
v 2.3 4.7 -1.5
v -2.3 4.7 -1.6
v -2.1 4.7 -1.6
v -1.7 4.7 -1.6
v -1.6 4.7 -1.6
v -1.3 4.7 -1.6
v -1 4.7 -1.6
v -0.9 4.7 -1.6
v -0.8 4.7 -1.6
v -0.5 4.7 -1.6
v -0.3 4.7 -1.6
v -0.0999999 4.7 -1.6
v 0.1 4.7 -1.6
v 0.3 4.7 -1.6
v 0.7 4.7 -1.6
v 0.9 4.7 -1.6
v 1 4.7 -1.6
v 1.3 4.7 -1.6
v 1.6 4.7 -1.6
v 1.7 4.7 -1.6
v 1.8 4.7 -1.6
v 2.1 4.7 -1.6
v 2.3 4.7 -1.6
v -2.3 5.2 1.7
v 2.3 5.2 1.7
v -2.3 5.2 1.6
v -1.8 5.2 1.6
v -1 5.2 1.6
v 0.5 5.2 1.6
v 2.3 5.2 1.6
v -2.4 5.3 1.7
v -2.3 5.3 1.7
v 2.3 5.3 1.7
v 2.4 5.3 1.7
v -2.4 5.3 1.6
v -2.3 5.3 1.6
v 2.3 5.3 1.6
v 2.4 5.3 1.6
v -2.3 6.8 1.6
v -2.2 6.8 1.6
v 2.2 6.8 1.6
v 2.3 6.8 1.6
v -2.3 6.8 1.5
v -2.2 6.8 1.5
v 2.2 6.8 1.5
v 2.3 6.8 1.5
v -2.2 6.9 1.6
v -1.3 6.9 1.6
v -0.8 6.9 1.6
v -0.4 6.9 1.6
v 0.6 6.9 1.6
v 1.5 6.9 1.6
v 1.8 6.9 1.6
v 2.2 6.9 1.6
v -2.3 6.9 1.5
v -2.2 6.9 1.5
v -2.1 6.9 1.5
v -2 6.9 1.5
v -1.9 6.9 1.5
v -1.3 6.9 1.5
v -0.8 6.9 1.5
v -0.4 6.9 1.5
v 0.6 6.9 1.5
v 1.5 6.9 1.5
v 1.8 6.9 1.5
v 2.2 6.9 1.5
v 2.3 6.9 1.5
v -2.3 6.9 1.4
v -2.2 6.9 1.4
v -1.9 6.9 1.4
v -1.8 6.9 1.4
v -1.6 6.9 1.4
v -1.5 6.9 1.4
v -0.4 6.9 1.4
v -0.2 6.9 1.4
v 0.5 6.9 1.4
v 0.6 6.9 1.4
v 0.7 6.9 1.4
v -1.8 6.9 1.3
v -1.7 6.9 1.3
v -1.6 6.9 1.3
v -1.5 6.9 1.3
v -1.4 6.9 1.3
v -1.3 6.9 1.3
v -1 6.9 1.3
v -0.8 6.9 1.3
v -0.6 6.9 1.3
v -0.5 6.9 1.3
v -0.4 6.9 1.3
v -0.2 6.9 1.3
v -0.0999999 6.9 1.3
v 2.38419e-07 6.9 1.3
v 0.1 6.9 1.3
v 0.2 6.9 1.3
v 0.3 6.9 1.3
v 0.4 6.9 1.3
v 0.5 6.9 1.3
v 0.7 6.9 1.3
v 0.8 6.9 1.3
v 1 6.9 1.3
v 1.2 6.9 1.3
v 1.5 6.9 1.3
v 1.6 6.9 1.3
v 1.8 6.9 1.3
v 2.3 6.9 1.3
v -1.4 6.9 1.2
v -1.3 6.9 1.2
v -1 6.9 1.2
v -0.9 6.9 1.2
v -0.8 6.9 1.2
v -0.6 6.9 1.2
v -0.5 6.9 1.2
v -0.0999999 6.9 1.2
v 2.38419e-07 6.9 1.2
v 0.3 6.9 1.2
v 0.4 6.9 1.2
v 0.8 6.9 1.2
v 0.9 6.9 1.2
v 1 6.9 1.2
v 1.2 6.9 1.2
v 1.3 6.9 1.2
v 1.4 6.9 1.2
v 1.5 6.9 1.2
v 1.6 6.9 1.2
v 1.7 6.9 1.2
v 1.8 6.9 1.2
v 0.8 6.9 1.1
v 0.9 6.9 1.1
v 1.3 6.9 1.1
v 1.4 6.9 1.1
v -2.3 6.9 0.8
v -1.7 6.9 0.8
v -1.4 6.9 0.8
v -0.5 6.9 0.8
v -0.0999999 6.9 0.8
v 0.4 6.9 0.8
v 0.8 6.9 0.8
v -1.4 6.9 0.7
v -0.9 6.9 0.7
v -0.5 6.9 0.7
v -0.0999999 6.9 0.7
v 0.4 6.9 0.7
v 1.4 6.9 0.7
v 2.3 6.9 0.7
v 0.8 6.9 0.6
v 1.4 6.9 0.6
v -2.3 6.9 -1.1
v 2.3 6.9 -1.1
v -2.3 6.9 -1.5
v -1.9 6.9 -1.5
v -1.4 6.9 -1.5
v -0.6 6.9 -1.5
v -0.4 6.9 -1.5
v 2.38419e-07 6.9 -1.5
v 2 6.9 -1.5
v 2.3 6.9 -1.5
v -2.3 6.9 -1.6
v -2 6.9 -1.6
v -1.9 6.9 -1.6
v -1.4 6.9 -1.6
v -1 6.9 -1.6
v -0.6 6.9 -1.6
v -0.4 6.9 -1.6
v -0.0999999 6.9 -1.6
v 2.38419e-07 6.9 -1.6
v 0.2 6.9 -1.6
v 0.4 6.9 -1.6
v 1 6.9 -1.6
v 1.4 6.9 -1.6
v 1.9 6.9 -1.6
v 2 6.9 -1.6
v 2.3 6.9 -1.6
v -2.6 7 1.7
v -2.5 7 1.7
v 2.5 7 1.7
v 2.6 7 1.7
v -2.6 7 1.6
v -2.5 7 1.6
v 2.5 7 1.6
v 2.6 7 1.6
v -2.5 7.2 1.7
v -2.4 7.2 1.7
v 2.4 7.2 1.7
v 2.5 7.2 1.7
v -2.5 7.2 1.6
v -2.4 7.2 1.6
v 2.4 7.2 1.6
v 2.5 7.2 1.6
v -2.4 7.3 1.7
v 2.4 7.3 1.7
v -2.4 7.3 1.6
v -2.3 7.3 1.6
v -1.8 7.3 1.6
v -0.9 7.3 1.6
v -0.2 7.3 1.6
v 1.5 7.3 1.6
v 2.3 7.3 1.6
v 2.4 7.3 1.6
v -2.4 0.2 1.7
v -2.3 0.2 1.7
v 2.3 0.2 1.7
v 2.4 0.2 1.7
v -2.4 0.2 1.6
v -2.3 0.2 1.6
v 2.3 0.2 1.6
v 2.4 0.2 1.6
v -2.5 0.2 1.5
v -2.4 0.2 1.5
v 2.4 0.2 1.5
v 2.5 0.2 1.5
v -2.5 0.2 1.4
v -2.4 0.2 1.4
v 2.4 0.2 1.4
v 2.5 0.2 1.4
v -2.5 0.2 -1.4
v -2.4 0.2 -1.4
v 2.4 0.2 -1.4
v 2.5 0.2 -1.4
v -2.5 0.2 -1.5
v -2.4 0.2 -1.5
v 2.4 0.2 -1.5
v 2.5 0.2 -1.5
v -2.5 0.3 1.7
v -2.4 0.3 1.7
v 2.4 0.3 1.7
v 2.5 0.3 1.7
v -2.5 0.3 1.6
v -2.4 0.3 1.6
v 2.4 0.3 1.6
v 2.5 0.3 1.6
v -2.6 0.5 1.7
v -2.5 0.5 1.7
v 2.5 0.5 1.7
v 2.6 0.5 1.7
v -2.6 0.5 1.6
v -2.5 0.5 1.6
v 2.5 0.5 1.6
v 2.6 0.5 1.6
v -2.4 0.8 1.7
v -2.3 0.8 1.7
v 2.3 0.8 1.7
v 2.4 0.8 1.7
v -2.4 0.8 1.6
v -2.3 0.8 1.6
v -1.8 0.8 1.6
v -1.6 0.8 1.6
v -1.3 0.8 1.6
v -1.2 0.8 1.6
v -0.9 0.8 1.6
v -0.8 0.8 1.6
v -0.5 0.8 1.6
v -0.2 0.8 1.6
v 2.38419e-07 0.8 1.6
v 0.1 0.8 1.6
v 0.4 0.8 1.6
v 0.6 0.8 1.6
v 1.6 0.8 1.6
v 1.7 0.8 1.6
v 2.3 0.8 1.6
v 2.4 0.8 1.6
v -2.3 0.8 1.5
v -2.2 0.8 1.5
v -1.9 0.8 1.5
v -1.6 0.8 1.5
v -1.4 0.8 1.5
v -1.3 0.8 1.5
v -1.2 0.8 1.5
v -0.9 0.8 1.5
v -0.8 0.8 1.5
v -0.5 0.8 1.5
v -0.2 0.8 1.5
v -0.0999999 0.8 1.5
v 2.38419e-07 0.8 1.5
v 0.1 0.8 1.5
v 2.3 0.8 1.5
v -2.3 0.8 1.4
v -2.2 0.8 1.4
v -1.9 0.8 1.4
v -1.8 0.8 1.4
v -1.6 0.8 1.4
v -1.5 0.8 1.4
v -1.4 0.8 1.4
v -1.2 0.8 1.4
v -0.5 0.8 1.4
v -0.4 0.8 1.4
v -0.3 0.8 1.4
v -0.2 0.8 1.4
v -0.0999999 0.8 1.4
v 0.4 0.8 1.4
v 0.5 0.8 1.4
v 0.6 0.8 1.4
v 0.7 0.8 1.4
v -1.8 0.8 1.3
v -1.7 0.8 1.3
v -1.6 0.8 1.3
v -1.5 0.8 1.3
v -1.4 0.8 1.3
v -1.3 0.8 1.3
v -1.2 0.8 1.3
v -1 0.8 1.3
v -0.8 0.8 1.3
v -0.6 0.8 1.3
v -0.5 0.8 1.3
v -0.4 0.8 1.3
v -0.2 0.8 1.3
v -0.0999999 0.8 1.3
v 2.38419e-07 0.8 1.3
v 0.3 0.8 1.3
v 0.4 0.8 1.3
v 0.5 0.8 1.3
v 0.7 0.8 1.3
v 0.8 0.8 1.3
v 0.9 0.8 1.3
v 1 0.8 1.3
v 1.2 0.8 1.3
v 1.4 0.8 1.3
v 1.5 0.8 1.3
v 1.6 0.8 1.3
v 1.7 0.8 1.3
v 1.8 0.8 1.3
v 2 0.8 1.3
v 2.1 0.8 1.3
v 2.3 0.8 1.3
v -1.4 0.8 1.2
v -1.3 0.8 1.2
v -1 0.8 1.2
v -0.9 0.8 1.2
v -0.8 0.8 1.2
v -0.6 0.8 1.2
v -0.5 0.8 1.2
v -0.0999999 0.8 1.2
v 2.38419e-07 0.8 1.2
v 0.3 0.8 1.2
v 0.4 0.8 1.2
v 0.9 0.8 1.2
v 1 0.8 1.2
v 1.2 0.8 1.2
v 1.3 0.8 1.2
v 1.4 0.8 1.2
v 1.5 0.8 1.2
v 1.6 0.8 1.2
v 1.7 0.8 1.2
v 1.8 0.8 1.2
v 0.8 0.8 1.1
v 0.9 0.8 1.1
v 1.3 0.8 1.1
v 1.4 0.8 1.1
v -2.3 0.8 0.8
v -1.7 0.8 0.8
v -1.6 0.8 0.8
v -1.4 0.8 0.8
v -0.5 0.8 0.8
v -0.0999999 0.8 0.8
v 0.4 0.8 0.8
v 0.8 0.8 0.8
v -2.3 0.8 0.7
v -1.8 0.8 0.7
v -1.6 0.8 0.7
v -1.4 0.8 0.7
v -0.9 0.8 0.7
v -0.5 0.8 0.7
v -0.0999999 0.8 0.7
v 0.4 0.8 0.7
v 0.5 0.8 0.7
v 0.7 0.8 0.7
v 0.8 0.8 0.7
v 1.4 0.8 0.7
v 1.6 0.8 0.7
v 1.7 0.8 0.7
v 2.1 0.8 0.7
v 2.2 0.8 0.7
v 2.3 0.8 0.7
v -2 0.8 0.6
v -1.8 0.8 0.6
v -1.4 0.8 0.6
v 0.4 0.8 0.6
v 0.5 0.8 0.6
v 0.6 0.8 0.6
v 0.7 0.8 0.6
v 0.8 0.8 0.6
v 1.3 0.8 0.6
v 1.4 0.8 0.6
v 1.6 0.8 0.6
v 1.9 0.8 0.6
v 2.1 0.8 0.6
v 2.2 0.8 0.6
v -2.2 0.8 0.5
v -2 0.8 0.5
v -1.8 0.8 0.5
v -1.4 0.8 0.5
v -0.3 0.8 0.5
v 0.1 0.8 0.5
v 0.4 0.8 0.5
v 0.5 0.8 0.5
v 0.6 0.8 0.5
v 0.7 0.8 0.5
v 0.8 0.8 0.5
v 1.2 0.8 0.5
v 1.3 0.8 0.5
v 1.5 0.8 0.5
v 1.9 0.8 0.5
v 2.2 0.8 0.5
v -2.2 0.8 0.4
v -2.1 0.8 0.4
v -2 0.8 0.4
v -1.8 0.8 0.4
v -1.4 0.8 0.4
v -1.2 0.8 0.4
v -1 0.8 0.4
v -0.3 0.8 0.4
v 2.38419e-07 0.8 0.4
v 0.1 0.8 0.4
v 0.3 0.8 0.4
v 0.5 0.8 0.4
v 0.6 0.8 0.4
v 0.7 0.8 0.4
v 1 0.8 0.4
v 1.2 0.8 0.4
v 1.5 0.8 0.4
v 1.6 0.8 0.4
v 2.2 0.8 0.4
v 2.3 0.8 0.4
v -2.3 0.8 0.3
v -2.1 0.8 0.3
v -2 0.8 0.3
v -1.5 0.8 0.3
v -1.4 0.8 0.3
v -1.2 0.8 0.3
v -1 0.8 0.3
v -0.3 0.8 0.3
v -0.0999999 0.8 0.3
v 0.2 0.8 0.3
v 0.3 0.8 0.3
v 0.6 0.8 0.3
v 0.9 0.8 0.3
v 1 0.8 0.3
v 1.3 0.8 0.3
v 1.5 0.8 0.3
v 1.6 0.8 0.3
v -2.3 0.8 0.2
v -2.1 0.8 0.2
v -1.8 0.8 0.2
v -1.7 0.8 0.2
v -1.5 0.8 0.2
v -0.8 0.8 0.2
v -0.0999999 0.8 0.2
v 2.38419e-07 0.8 0.2
v 0.1 0.8 0.2
v 0.2 0.8 0.2
v 0.4 0.8 0.2
v 0.5 0.8 0.2
v 1.3 0.8 0.2
v 1.7 0.8 0.2
v -2.1 0.8 0.1
v -1.8 0.8 0.1
v -1.7 0.8 0.1
v -1.4 0.8 0.1
v -0.8 0.8 0.1
v 0.1 0.8 0.1
v 0.4 0.8 0.1
v 0.5 0.8 0.1
v 0.9 0.8 0.1
v 1.7 0.8 0.1
v 2 0.8 0.1
v 2.3 0.8 0.1
v -2.3 0.8 0
v -1.8 0.8 0
v -1.4 0.8 0
v -0.9 0.8 0
v 0.3 0.8 0
v 0.5 0.8 0
v 2 0.8 0
v 2.1 0.8 0
v -2 0.8 -0.0999999
v -1.8 0.8 -0.0999999
v -1.6 0.8 -0.0999999
v -1.5 0.8 -0.0999999
v -0.9 0.8 -0.0999999
v 0.3 0.8 -0.0999999
v 0.6 0.8 -0.0999999
v 1.7 0.8 -0.0999999
v 2.1 0.8 -0.0999999
v 2.3 0.8 -0.0999999
v -2.3 0.8 -0.2
v -2.1 0.8 -0.2
v -2 0.8 -0.2
v -1.6 0.8 -0.2
v -1.5 0.8 -0.2
v -1.4 0.8 -0.2
v -0.5 0.8 -0.2
v 0.1 0.8 -0.2
v 0.6 0.8 -0.2
v 1.7 0.8 -0.2
v 2.2 0.8 -0.2
v -2.1 0.8 -0.3
v -2 0.8 -0.3
v -1.8 0.8 -0.3
v -1.4 0.8 -0.3
v -1.3 0.8 -0.3
v -0.5 0.8 -0.3
v -0.3 0.8 -0.3
v 0.1 0.8 -0.3
v 0.5 0.8 -0.3
v 0.9 0.8 -0.3
v 1.5 0.8 -0.3
v 2.2 0.8 -0.3
v 2.3 0.8 -0.3
v -2.3 0.8 -0.4
v -2.2 0.8 -0.4
v -2 0.8 -0.4
v -1.5 0.8 -0.4
v -1.4 0.8 -0.4
v -1.3 0.8 -0.4
v -0.9 0.8 -0.4
v -0.3 0.8 -0.4
v 2.38419e-07 0.8 -0.4
v 0.1 0.8 -0.4
v 0.4 0.8 -0.4
v 0.5 0.8 -0.4
v 0.7 0.8 -0.4
v 0.9 0.8 -0.4
v 1.2 0.8 -0.4
v 2.2 0.8 -0.4
v 2.3 0.8 -0.4
v -2.2 0.8 -0.5
v -2 0.8 -0.5
v -1.8 0.8 -0.5
v -1.5 0.8 -0.5
v -1.1 0.8 -0.5
v -0.9 0.8 -0.5
v 2.38419e-07 0.8 -0.5
v 0.1 0.8 -0.5
v 0.2 0.8 -0.5
v 0.4 0.8 -0.5
v 0.6 0.8 -0.5
v 0.7 0.8 -0.5
v 0.8 0.8 -0.5
v 1.2 0.8 -0.5
v 1.3 0.8 -0.5
v 1.5 0.8 -0.5
v 1.9 0.8 -0.5
v 2.2 0.8 -0.5
v -2 0.8 -0.6
v -1.8 0.8 -0.6
v -1.2 0.8 -0.6
v -1.1 0.8 -0.6
v -0.5 0.8 -0.6
v 0.2 0.8 -0.6
v 0.5 0.8 -0.6
v 0.6 0.8 -0.6
v 0.7 0.8 -0.6
v 0.8 0.8 -0.6
v 0.9 0.8 -0.6
v 1.3 0.8 -0.6
v 1.6 0.8 -0.6
v 1.9 0.8 -0.6
v 2 0.8 -0.6
v 2.2 0.8 -0.6
v -2.3 0.8 -0.7
v -2.2 0.8 -0.7
v -2.1 0.8 -0.7
v -1.8 0.8 -0.7
v -1.6 0.8 -0.7
v -1.4 0.8 -0.7
v -1.2 0.8 -0.7
v -0.6 0.8 -0.7
v -0.5 0.8 -0.7
v 0.4 0.8 -0.7
v 0.5 0.8 -0.7
v 0.7 0.8 -0.7
v 0.9 0.8 -0.7
v 1.5 0.8 -0.7
v 1.6 0.8 -0.7
v 1.8 0.8 -0.7
v 2 0.8 -0.7
v 2.2 0.8 -0.7
v 2.3 0.8 -0.7
v -2.3 0.8 -0.8
v -2.2 0.8 -0.8
v -2.1 0.8 -0.8
v -1.6 0.8 -0.8
v -1.4 0.8 -0.8
v -0.8 0.8 -0.8
v -0.6 0.8 -0.8
v -0.4 0.8 -0.8
v 0.1 0.8 -0.8
v 0.2 0.8 -0.8
v 0.4 0.8 -0.8
v 1.3 0.8 -0.8
v 1.5 0.8 -0.8
v 1.8 0.8 -0.8
v 2.2 0.8 -0.8
v 2.3 0.8 -0.8
v -2.3 0.8 -0.9
v -2.1 0.8 -0.9
v -1.7 0.8 -0.9
v -1.2 0.8 -0.9
v -0.8 0.8 -0.9
v -0.5 0.8 -0.9
v -0.4 0.8 -0.9
v 0.1 0.8 -0.9
v 0.2 0.8 -0.9
v 0.8 0.8 -0.9
v 1.3 0.8 -0.9
v 1.4 0.8 -0.9
v 1.5 0.8 -0.9
v 2.2 0.8 -0.9
v 2.3 0.8 -0.9
v -1.7 0.8 -1
v -1.5 0.8 -1
v -1.4 0.8 -1
v -1.2 0.8 -1
v -0.7 0.8 -1
v -0.5 0.8 -1
v -0.4 0.8 -1
v -0.3 0.8 -1
v 0.3 0.8 -1
v 0.6 0.8 -1
v 0.8 0.8 -1
v 1.2 0.8 -1
v 1.4 0.8 -1
v 1.6 0.8 -1
v 2 0.8 -1
v -1.9 0.8 -1.1
v -1.5 0.8 -1.1
v -1.4 0.8 -1.1
v -1.3 0.8 -1.1
v -0.8 0.8 -1.1
v -0.7 0.8 -1.1
v -0.6 0.8 -1.1
v -0.5 0.8 -1.1
v -0.4 0.8 -1.1
v 2.38419e-07 0.8 -1.1
v 0.3 0.8 -1.1
v 0.5 0.8 -1.1
v 0.6 0.8 -1.1
v 0.8 0.8 -1.1
v 1.2 0.8 -1.1
v 1.3 0.8 -1.1
v 1.6 0.8 -1.1
v 2 0.8 -1.1
v 2.3 0.8 -1.1
v -2.3 0.8 -1.2
v -2.2 0.8 -1.2
v -2.1 0.8 -1.2
v -1.9 0.8 -1.2
v -1.4 0.8 -1.2
v -1.3 0.8 -1.2
v -1 0.8 -1.2
v -0.8 0.8 -1.2
v -0.7 0.8 -1.2
v -0.6 0.8 -1.2
v -0.5 0.8 -1.2
v -0.3 0.8 -1.2
v 2.38419e-07 0.8 -1.2
v 0.2 0.8 -1.2
v 0.5 0.8 -1.2
v 0.8 0.8 -1.2
v 1.1 0.8 -1.2
v 1.3 0.8 -1.2
v 1.4 0.8 -1.2
v 1.6 0.8 -1.2
v 1.8 0.8 -1.2
v 2.2 0.8 -1.2
v 2.3 0.8 -1.2
v -1.8 0.8 -1.3
v -1.4 0.8 -1.3
v -1.2 0.8 -1.3
v -1 0.8 -1.3
v -0.9 0.8 -1.3
v -0.8 0.8 -1.3
v -0.7 0.8 -1.3
v -0.6 0.8 -1.3
v -0.5 0.8 -1.3
v 0.2 0.8 -1.3
v 0.4 0.8 -1.3
v 0.5 0.8 -1.3
v 1.1 0.8 -1.3
v 1.4 0.8 -1.3
v 1.6 0.8 -1.3
v 1.7 0.8 -1.3
v 1.8 0.8 -1.3
v 2.2 0.8 -1.3
v 2.3 0.8 -1.3
v -2.3 0.8 -1.4
v -2.3 0.8 -1.5
v 2.3 0.8 -1.5
v -2.3 0.8 -1.6
v -2 0.8 -1.6
v -1.8 0.8 -1.6
v -1.6 0.8 -1.6
v -1.2 0.8 -1.6
v -1 0.8 -1.6
v -0.9 0.8 -1.6
v -0.8 0.8 -1.6
v -0.5 0.8 -1.6
v -0.4 0.8 -1.6
v -0.3 0.8 -1.6
v 2.38419e-07 0.8 -1.6
v 0.1 0.8 -1.6
v 0.3 0.8 -1.6
v 0.4 0.8 -1.6
v 0.9 0.8 -1.6
v 1 0.8 -1.6
v 1.6 0.8 -1.6
v 1.7 0.8 -1.6
v 2 0.8 -1.6
v 2.3 0.8 -1.6
v -2.4 3.1 1.7
v -2.3 3.1 1.7
v 2.3 3.1 1.7
v 2.4 3.1 1.7
v -2.4 3.1 1.6
v -2.3 3.1 1.6
v -2 3.1 1.6
v -1.2 3.1 1.6
v -0.9 3.1 1.6
v -0.8 3.1 1.6
v -0.4 3.1 1.6
v 0.6 3.1 1.6
v 1.6 3.1 1.6
v 1.7 3.1 1.6
v 2.3 3.1 1.6
v 2.4 3.1 1.6
v -2.3 3.1 1.5
v -2 3.1 1.5
v -1.8 3.1 1.5
v -1.3 3.1 1.5
v -1.2 3.1 1.5
v -0.9 3.1 1.5
v -0.8 3.1 1.5
v -0.4 3.1 1.5
v -0.2 3.1 1.5
v 0.4 3.1 1.5
v 0.6 3.1 1.5
v 1.9 3.1 1.5
v 2.2 3.1 1.5
v 2.3 3.1 1.5
v -1.5 3.1 1.4
v -1.3 3.1 1.4
v -0.7 3.1 1.4
v -0.5 3.1 1.4
v -0.4 3.1 1.4
v -0.2 3.1 1.4
v 2.38419e-07 3.1 1.4
v 0.2 3.1 1.4
v 0.4 3.1 1.4
v 1.5 3.1 1.4
v 1.6 3.1 1.4
v 1.8 3.1 1.4
v 1.9 3.1 1.4
v 2.2 3.1 1.4
v 2.3 3.1 1.4
v -2.3 3.1 1.3
v -1.8 3.1 1.3
v -1.6 3.1 1.3
v -1.5 3.1 1.3
v -1.4 3.1 1.3
v -1.2 3.1 1.3
v -1 3.1 1.3
v -0.8 3.1 1.3
v -0.7 3.1 1.3
v -0.5 3.1 1.3
v -0.4 3.1 1.3
v -0.3 3.1 1.3
v 2.38419e-07 3.1 1.3
v 0.1 3.1 1.3
v 0.2 3.1 1.3
v 0.4 3.1 1.3
v 0.5 3.1 1.3
v 0.6 3.1 1.3
v 0.8 3.1 1.3
v 0.9 3.1 1.3
v 1 3.1 1.3
v 1.3 3.1 1.3
v 1.4 3.1 1.3
v 1.5 3.1 1.3
v 1.6 3.1 1.3
v 1.7 3.1 1.3
v 1.8 3.1 1.3
v -1.8 3.1 1.2
v -1.7 3.1 1.2
v -1.6 3.1 1.2
v -1.5 3.1 1.2
v -1.4 3.1 1.2
v -1.3 3.1 1.2
v -1.2 3.1 1.2
v -1 3.1 1.2
v -0.9 3.1 1.2
v -0.8 3.1 1.2
v -0.4 3.1 1.2
v -0.3 3.1 1.2
v 2.38419e-07 3.1 1.2
v 0.1 3.1 1.2
v 0.5 3.1 1.2
v 0.6 3.1 1.2
v 0.8 3.1 1.2
v 0.9 3.1 1.2
v 1 3.1 1.2
v 1.3 3.1 1.2
v 1.4 3.1 1.2
v -1.4 3.1 1.1
v -1.3 3.1 1.1
v -0.9 3.1 1.1
v -0.8 3.1 1.1
v -0.8 3.1 0.8
v -0.6 3.1 0.8
v -0.4 3.1 0.8
v 0.1 3.1 0.8
v 0.4 3.1 0.8
v 0.5 3.1 0.8
v 1.4 3.1 0.8
v 1.6 3.1 0.8
v 1.7 3.1 0.8
v 1.8 3.1 0.8
v 2.3 3.1 0.8
v -2.3 3.1 0.7
v -1.8 3.1 0.7
v -1.7 3.1 0.7
v -1.4 3.1 0.7
v -0.8 3.1 0.7
v -0.6 3.1 0.7
v -0.4 3.1 0.7
v 0.1 3.1 0.7
v 0.4 3.1 0.7
v 0.5 3.1 0.7
v 0.7 3.1 0.7
v 0.9 3.1 0.7
v 1.4 3.1 0.7
v 1.8 3.1 0.7
v 2.1 3.1 0.7
v 2.2 3.1 0.7
v 2.3 3.1 0.7
v -2 3.1 0.6
v -1.8 3.1 0.6
v -1.4 3.1 0.6
v -0.8 3.1 0.6
v 0.4 3.1 0.6
v 0.5 3.1 0.6
v 0.6 3.1 0.6
v 0.7 3.1 0.6
v 0.8 3.1 0.6
v 0.9 3.1 0.6
v 1.3 3.1 0.6
v 1.6 3.1 0.6
v 1.9 3.1 0.6
v 2.1 3.1 0.6
v 2.2 3.1 0.6
v -2.2 3.1 0.5
v -2 3.1 0.5
v -1.8 3.1 0.5
v -1.4 3.1 0.5
v -0.3 3.1 0.5
v 0.1 3.1 0.5
v 0.4 3.1 0.5
v 0.5 3.1 0.5
v 0.6 3.1 0.5
v 0.7 3.1 0.5
v 0.8 3.1 0.5
v 1.2 3.1 0.5
v 1.3 3.1 0.5
v 1.5 3.1 0.5
v 1.9 3.1 0.5
v 2.2 3.1 0.5
v -2.2 3.1 0.4
v -2.1 3.1 0.4
v -2 3.1 0.4
v -1.8 3.1 0.4
v -1.4 3.1 0.4
v -1.2 3.1 0.4
v -1 3.1 0.4
v -0.3 3.1 0.4
v 2.38419e-07 3.1 0.4
v 0.1 3.1 0.4
v 0.3 3.1 0.4
v 0.5 3.1 0.4
v 0.6 3.1 0.4
v 0.7 3.1 0.4
v 1 3.1 0.4
v 1.2 3.1 0.4
v 1.5 3.1 0.4
v 1.6 3.1 0.4
v 2.2 3.1 0.4
v 2.3 3.1 0.4
v -2.1 3.1 0.3
v -2 3.1 0.3
v -1.5 3.1 0.3
v -1.4 3.1 0.3
v -1.2 3.1 0.3
v -1 3.1 0.3
v -0.3 3.1 0.3
v -0.0999999 3.1 0.3
v 0.2 3.1 0.3
v 0.3 3.1 0.3
v 0.6 3.1 0.3
v 0.9 3.1 0.3
v 1 3.1 0.3
v 1.3 3.1 0.3
v 1.5 3.1 0.3
v 1.6 3.1 0.3
v -2.3 3.1 0.2
v -2.1 3.1 0.2
v -1.8 3.1 0.2
v -1.7 3.1 0.2
v -1.5 3.1 0.2
v -0.8 3.1 0.2
v -0.0999999 3.1 0.2
v 2.38419e-07 3.1 0.2
v 0.1 3.1 0.2
v 0.2 3.1 0.2
v 0.4 3.1 0.2
v 0.5 3.1 0.2
v 1.3 3.1 0.2
v 1.7 3.1 0.2
v -2.1 3.1 0.1
v -1.8 3.1 0.1
v -1.7 3.1 0.1
v -1.4 3.1 0.1
v -0.8 3.1 0.1
v 0.1 3.1 0.1
v 0.4 3.1 0.1
v 0.5 3.1 0.1
v 0.9 3.1 0.1
v 1.7 3.1 0.1
v 2 3.1 0.1
v -1.8 3.1 0
v -1.4 3.1 0
v -0.9 3.1 0
v 0.3 3.1 0
v 0.5 3.1 0
v 2 3.1 0
v 2.1 3.1 0
v -2 3.1 -0.0999999
v -1.8 3.1 -0.0999999
v -1.6 3.1 -0.0999999
v -1.5 3.1 -0.0999999
v -0.9 3.1 -0.0999999
v 0.3 3.1 -0.0999999
v 0.6 3.1 -0.0999999
v 1.7 3.1 -0.0999999
v 2.1 3.1 -0.0999999
v 2.3 3.1 -0.0999999
v -2.3 3.1 -0.2
v -2.1 3.1 -0.2
v -2 3.1 -0.2
v -1.6 3.1 -0.2
v -1.5 3.1 -0.2
v -1.4 3.1 -0.2
v -0.5 3.1 -0.2
v 0.1 3.1 -0.2
v 0.6 3.1 -0.2
v 1.7 3.1 -0.2
v 2.2 3.1 -0.2
v -2.1 3.1 -0.3
v -2 3.1 -0.3
v -1.8 3.1 -0.3
v -1.4 3.1 -0.3
v -1.3 3.1 -0.3
v -0.5 3.1 -0.3
v -0.3 3.1 -0.3
v 0.1 3.1 -0.3
v 0.5 3.1 -0.3
v 0.9 3.1 -0.3
v 1.5 3.1 -0.3
v 2.2 3.1 -0.3
v 2.3 3.1 -0.3
v -2.2 3.1 -0.4
v -2 3.1 -0.4
v -1.5 3.1 -0.4
v -1.4 3.1 -0.4
v -1.3 3.1 -0.4
v -0.9 3.1 -0.4
v -0.3 3.1 -0.4
v 2.38419e-07 3.1 -0.4
v 0.1 3.1 -0.4
v 0.4 3.1 -0.4
v 0.5 3.1 -0.4
v 0.7 3.1 -0.4
v 0.9 3.1 -0.4
v 1.2 3.1 -0.4
v 2.2 3.1 -0.4
v 2.3 3.1 -0.4
v -2.2 3.1 -0.5
v -2 3.1 -0.5
v -1.8 3.1 -0.5
v -1.5 3.1 -0.5
v -1.1 3.1 -0.5
v -0.9 3.1 -0.5
v 2.38419e-07 3.1 -0.5
v 0.1 3.1 -0.5
v 0.2 3.1 -0.5
v 0.4 3.1 -0.5
v 0.6 3.1 -0.5
v 0.7 3.1 -0.5
v 0.8 3.1 -0.5
v 1.2 3.1 -0.5
v 1.3 3.1 -0.5
v 1.5 3.1 -0.5
v 1.9 3.1 -0.5
v 2.2 3.1 -0.5
v -2 3.1 -0.6
v -1.8 3.1 -0.6
v -1.2 3.1 -0.6
v -1.1 3.1 -0.6
v -0.5 3.1 -0.6
v 0.2 3.1 -0.6
v 0.5 3.1 -0.6
v 0.6 3.1 -0.6
v 0.7 3.1 -0.6
v 0.8 3.1 -0.6
v 0.9 3.1 -0.6
v 1.3 3.1 -0.6
v 1.6 3.1 -0.6
v 1.9 3.1 -0.6
v 2 3.1 -0.6
v 2.2 3.1 -0.6
v -2.2 3.1 -0.7
v -2.1 3.1 -0.7
v -1.8 3.1 -0.7
v -1.6 3.1 -0.7
v -1.4 3.1 -0.7
v -1.2 3.1 -0.7
v -0.6 3.1 -0.7
v -0.5 3.1 -0.7
v 0.4 3.1 -0.7
v 0.5 3.1 -0.7
v 0.7 3.1 -0.7
v 0.9 3.1 -0.7
v 1.5 3.1 -0.7
v 1.6 3.1 -0.7
v 1.8 3.1 -0.7
v 2 3.1 -0.7
v 2.2 3.1 -0.7
v 2.3 3.1 -0.7
v -2.3 3.1 -0.8
v -2.2 3.1 -0.8
v -2.1 3.1 -0.8
v -1.6 3.1 -0.8
v -1.4 3.1 -0.8
v -0.8 3.1 -0.8
v -0.6 3.1 -0.8
v -0.4 3.1 -0.8
v 0.1 3.1 -0.8
v 0.2 3.1 -0.8
v 0.4 3.1 -0.8
v 1.3 3.1 -0.8
v 1.5 3.1 -0.8
v 1.8 3.1 -0.8
v 2.2 3.1 -0.8
v 2.3 3.1 -0.8
v -2.3 3.1 -0.9
v -2.1 3.1 -0.9
v -1.7 3.1 -0.9
v -1.2 3.1 -0.9
v -0.8 3.1 -0.9
v -0.5 3.1 -0.9
v -0.4 3.1 -0.9
v 0.1 3.1 -0.9
v 0.2 3.1 -0.9
v 0.8 3.1 -0.9
v 1.3 3.1 -0.9
v 1.4 3.1 -0.9
v 1.5 3.1 -0.9
v 2.2 3.1 -0.9
v 2.3 3.1 -0.9
v -2.3 3.1 -1
v -1.7 3.1 -1
v -1.5 3.1 -1
v -1.4 3.1 -1
v -1.2 3.1 -1
v -0.7 3.1 -1
v -0.5 3.1 -1
v -0.4 3.1 -1
v -0.3 3.1 -1
v 0.3 3.1 -1
v 0.6 3.1 -1
v 0.8 3.1 -1
v 1.2 3.1 -1
v 1.4 3.1 -1
v 1.6 3.1 -1
v 2 3.1 -1
v 2.3 3.1 -1
v -1.9 3.1 -1.1
v -1.5 3.1 -1.1
v -1.4 3.1 -1.1
v -1.3 3.1 -1.1
v -0.8 3.1 -1.1
v -0.7 3.1 -1.1
v -0.6 3.1 -1.1
v -0.5 3.1 -1.1
v -0.4 3.1 -1.1
v 2.38419e-07 3.1 -1.1
v 0.3 3.1 -1.1
v 0.5 3.1 -1.1
v 0.6 3.1 -1.1
v 0.8 3.1 -1.1
v 1.2 3.1 -1.1
v 1.3 3.1 -1.1
v 1.6 3.1 -1.1
v 2 3.1 -1.1
v 2.3 3.1 -1.1
v -2.3 3.1 -1.2
v -2.2 3.1 -1.2
v -2.1 3.1 -1.2
v -1.9 3.1 -1.2
v -1.4 3.1 -1.2
v -1.3 3.1 -1.2
v -1 3.1 -1.2
v -0.8 3.1 -1.2
v -0.7 3.1 -1.2
v -0.6 3.1 -1.2
v -0.5 3.1 -1.2
v -0.3 3.1 -1.2
v 2.38419e-07 3.1 -1.2
v 0.2 3.1 -1.2
v 0.5 3.1 -1.2
v 0.8 3.1 -1.2
v 1.1 3.1 -1.2
v 1.3 3.1 -1.2
v 1.4 3.1 -1.2
v 1.6 3.1 -1.2
v 1.8 3.1 -1.2
v 2.2 3.1 -1.2
v -1.8 3.1 -1.3
v -1.4 3.1 -1.3
v -1.2 3.1 -1.3
v -1 3.1 -1.3
v -0.9 3.1 -1.3
v -0.8 3.1 -1.3
v -0.7 3.1 -1.3
v -0.6 3.1 -1.3
v -0.5 3.1 -1.3
v 0.2 3.1 -1.3
v 0.4 3.1 -1.3
v 0.5 3.1 -1.3
v 1.1 3.1 -1.3
v 1.4 3.1 -1.3
v 1.6 3.1 -1.3
v 1.7 3.1 -1.3
v 1.8 3.1 -1.3
v 2.2 3.1 -1.3
v -2.3 3.1 -1.5
v 2.3 3.1 -1.5
v -2.3 3.1 -1.6
v -2.1 3.1 -1.6
v -1.8 3.1 -1.6
v -1.7 3.1 -1.6
v -1.2 3.1 -1.6
v -1 3.1 -1.6
v -0.9 3.1 -1.6
v -0.8 3.1 -1.6
v -0.7 3.1 -1.6
v -0.6 3.1 -1.6
v -0.5 3.1 -1.6
v -0.4 3.1 -1.6
v 0.1 3.1 -1.6
v 0.3 3.1 -1.6
v 0.4 3.1 -1.6
v 0.6 3.1 -1.6
v 0.8 3.1 -1.6
v 1 3.1 -1.6
v 1.6 3.1 -1.6
v 1.7 3.1 -1.6
v 2.1 3.1 -1.6
v 2.3 3.1 -1.6
v -2.4 5.4 1.7
v -2.3 5.4 1.7
v 2.3 5.4 1.7
v 2.4 5.4 1.7
v -2.4 5.4 1.6
v -2.3 5.4 1.6
v -1.8 5.4 1.6
v -1.2 5.4 1.6
v -0.9 5.4 1.6
v -0.8 5.4 1.6
v -0.5 5.4 1.6
v 0.6 5.4 1.6
v 1.6 5.4 1.6
v 1.7 5.4 1.6
v 2.3 5.4 1.6
v 2.4 5.4 1.6
v -2.3 5.4 1.5
v -2.2 5.4 1.5
v -2.1 5.4 1.5
v -2 5.4 1.5
v -1.9 5.4 1.5
v -1.4 5.4 1.5
v -1.3 5.4 1.5
v -0.9 5.4 1.5
v -0.8 5.4 1.5
v -0.5 5.4 1.5
v -0.3 5.4 1.5
v 0.2 5.4 1.5
v 0.6 5.4 1.5
v 2.3 5.4 1.5
v -2.3 5.4 1.4
v -2.2 5.4 1.4
v -1.9 5.4 1.4
v -1.8 5.4 1.4
v -1.6 5.4 1.4
v -1.5 5.4 1.4
v -1.4 5.4 1.4
v -1.3 5.4 1.4
v -1.2 5.4 1.4
v -0.4 5.4 1.4
v -0.3 5.4 1.4
v -0.2 5.4 1.4
v -0.0999999 5.4 1.4
v 0.2 5.4 1.4
v 0.5 5.4 1.4
v 0.6 5.4 1.4
v 0.7 5.4 1.4
v -1.8 5.4 1.3
v -1.7 5.4 1.3
v -1.6 5.4 1.3
v -1.5 5.4 1.3
v -1.4 5.4 1.3
v -1.3 5.4 1.3
v -1 5.4 1.3
v -0.8 5.4 1.3
v -0.6 5.4 1.3
v -0.5 5.4 1.3
v -0.4 5.4 1.3
v -0.2 5.4 1.3
v -0.0999999 5.4 1.3
v 2.38419e-07 5.4 1.3
v 0.1 5.4 1.3
v 0.2 5.4 1.3
v 0.3 5.4 1.3
v 0.4 5.4 1.3
v 0.5 5.4 1.3
v 0.7 5.4 1.3
v 0.8 5.4 1.3
v 0.9 5.4 1.3
v 1 5.4 1.3
v 1.2 5.4 1.3
v 1.4 5.4 1.3
v 1.5 5.4 1.3
v 1.6 5.4 1.3
v 1.7 5.4 1.3
v 1.8 5.4 1.3
v 2.3 5.4 1.3
v -1.4 5.4 1.2
v -1.3 5.4 1.2
v -1 5.4 1.2
v -0.9 5.4 1.2
v -0.8 5.4 1.2
v -0.6 5.4 1.2
v -0.5 5.4 1.2
v -0.0999999 5.4 1.2
v 2.38419e-07 5.4 1.2
v 0.3 5.4 1.2
v 0.4 5.4 1.2
v 0.8 5.4 1.2
v 0.9 5.4 1.2
v 1 5.4 1.2
v 1.2 5.4 1.2
v 1.3 5.4 1.2
v 1.4 5.4 1.2
v 1.5 5.4 1.2
v 1.6 5.4 1.2
v 1.7 5.4 1.2
v 1.8 5.4 1.2
v 0.8 5.4 1.1
v 0.9 5.4 1.1
v 1.3 5.4 1.1
v 1.4 5.4 1.1
v -2.3 5.4 0.8
v -1.7 5.4 0.8
v -1.6 5.4 0.8
v -1.4 5.4 0.8
v -0.5 5.4 0.8
v -0.0999999 5.4 0.8
v 0.4 5.4 0.8
v 0.8 5.4 0.8
v -1.8 5.4 0.7
v -1.6 5.4 0.7
v -1.4 5.4 0.7
v -0.9 5.4 0.7
v -0.5 5.4 0.7
v -0.0999999 5.4 0.7
v 0.4 5.4 0.7
v 0.5 5.4 0.7
v 0.7 5.4 0.7
v 0.8 5.4 0.7
v 1.4 5.4 0.7
v 1.6 5.4 0.7
v 2.1 5.4 0.7
v 2.2 5.4 0.7
v 2.3 5.4 0.7
v -2 5.4 0.6
v -1.8 5.4 0.6
v -1.4 5.4 0.6
v 0.4 5.4 0.6
v 0.5 5.4 0.6
v 0.6 5.4 0.6
v 0.7 5.4 0.6
v 0.8 5.4 0.6
v 1.3 5.4 0.6
v 1.4 5.4 0.6
v 1.6 5.4 0.6
v 1.9 5.4 0.6
v 2.1 5.4 0.6
v 2.2 5.4 0.6
v -2.2 5.4 0.5
v -2 5.4 0.5
v -1.8 5.4 0.5
v -1.4 5.4 0.5
v -0.3 5.4 0.5
v 0.1 5.4 0.5
v 0.4 5.4 0.5
v 0.5 5.4 0.5
v 0.6 5.4 0.5
v 0.7 5.4 0.5
v 0.8 5.4 0.5
v 1.2 5.4 0.5
v 1.3 5.4 0.5
v 1.5 5.4 0.5
v 1.9 5.4 0.5
v 2.2 5.4 0.5
v -2.2 5.4 0.4
v -2.1 5.4 0.4
v -2 5.4 0.4
v -1.8 5.4 0.4
v -1.4 5.4 0.4
v -1.2 5.4 0.4
v -1 5.4 0.4
v -0.3 5.4 0.4
v 2.38419e-07 5.4 0.4
v 0.1 5.4 0.4
v 0.3 5.4 0.4
v 0.5 5.4 0.4
v 0.6 5.4 0.4
v 0.7 5.4 0.4
v 1 5.4 0.4
v 1.2 5.4 0.4
v 1.5 5.4 0.4
v 1.6 5.4 0.4
v 2.2 5.4 0.4
v 2.3 5.4 0.4
v -2.1 5.4 0.3
v -2 5.4 0.3
v -1.5 5.4 0.3
v -1.4 5.4 0.3
v -1.2 5.4 0.3
v -1 5.4 0.3
v -0.3 5.4 0.3
v -0.0999999 5.4 0.3
v 0.2 5.4 0.3
v 0.3 5.4 0.3
v 0.6 5.4 0.3
v 0.9 5.4 0.3
v 1 5.4 0.3
v 1.3 5.4 0.3
v 1.5 5.4 0.3
v 1.6 5.4 0.3
v -2.3 5.4 0.2
v -2.1 5.4 0.2
v -1.8 5.4 0.2
v -1.7 5.4 0.2
v -1.5 5.4 0.2
v -0.8 5.4 0.2
v -0.0999999 5.4 0.2
v 2.38419e-07 5.4 0.2
v 0.1 5.4 0.2
v 0.2 5.4 0.2
v 0.4 5.4 0.2
v 0.5 5.4 0.2
v 1.3 5.4 0.2
v 1.7 5.4 0.2
v -2.1 5.4 0.1
v -1.8 5.4 0.1
v -1.7 5.4 0.1
v -1.4 5.4 0.1
v -0.8 5.4 0.1
v 0.1 5.4 0.1
v 0.4 5.4 0.1
v 0.5 5.4 0.1
v 0.9 5.4 0.1
v 1.7 5.4 0.1
v 2 5.4 0.1
v -1.8 5.4 0
v -1.4 5.4 0
v -0.9 5.4 0
v 0.3 5.4 0
v 0.5 5.4 0
v 2 5.4 0
v 2.1 5.4 0
v -2 5.4 -0.0999999
v -1.8 5.4 -0.0999999
v -1.6 5.4 -0.0999999
v -1.5 5.4 -0.0999999
v -0.9 5.4 -0.0999999
v 0.3 5.4 -0.0999999
v 0.6 5.4 -0.0999999
v 1.7 5.4 -0.0999999
v 2.1 5.4 -0.0999999
v 2.3 5.4 -0.0999999
v -2.3 5.4 -0.2
v -2.1 5.4 -0.2
v -2 5.4 -0.2
v -1.6 5.4 -0.2
v -1.5 5.4 -0.2
v -1.4 5.4 -0.2
v -0.5 5.4 -0.2
v 0.1 5.4 -0.2
v 0.6 5.4 -0.2
v 1.7 5.4 -0.2
v 2.2 5.4 -0.2
v -2.1 5.4 -0.3
v -2 5.4 -0.3
v -1.8 5.4 -0.3
v -1.4 5.4 -0.3
v -1.3 5.4 -0.3
v -0.5 5.4 -0.3
v -0.3 5.4 -0.3
v 0.1 5.4 -0.3
v 0.5 5.4 -0.3
v 0.9 5.4 -0.3
v 1.5 5.4 -0.3
v 2.2 5.4 -0.3
v 2.3 5.4 -0.3
v -2.2 5.4 -0.4
v -2 5.4 -0.4
v -1.5 5.4 -0.4
v -1.4 5.4 -0.4
v -1.3 5.4 -0.4
v -0.9 5.4 -0.4
v -0.3 5.4 -0.4
v 2.38419e-07 5.4 -0.4
v 0.1 5.4 -0.4
v 0.4 5.4 -0.4
v 0.5 5.4 -0.4
v 0.7 5.4 -0.4
v 0.9 5.4 -0.4
v 1.2 5.4 -0.4
v 2.2 5.4 -0.4
v 2.3 5.4 -0.4
v -2.2 5.4 -0.5
v -2 5.4 -0.5
v -1.8 5.4 -0.5
v -1.5 5.4 -0.5
v -1.1 5.4 -0.5
v -0.9 5.4 -0.5
v 2.38419e-07 5.4 -0.5
v 0.1 5.4 -0.5
v 0.2 5.4 -0.5
v 0.4 5.4 -0.5
v 0.6 5.4 -0.5
v 0.7 5.4 -0.5
v 0.8 5.4 -0.5
v 1.2 5.4 -0.5
v 1.3 5.4 -0.5
v 1.5 5.4 -0.5
v 1.9 5.4 -0.5
v 2.2 5.4 -0.5
v -2 5.4 -0.6
v -1.8 5.4 -0.6
v -1.2 5.4 -0.6
v -1.1 5.4 -0.6
v -0.5 5.4 -0.6
v 0.2 5.4 -0.6
v 0.5 5.4 -0.6
v 0.6 5.4 -0.6
v 0.7 5.4 -0.6
v 0.8 5.4 -0.6
v 0.9 5.4 -0.6
v 1.3 5.4 -0.6
v 1.6 5.4 -0.6
v 1.9 5.4 -0.6
v 2 5.4 -0.6
v 2.2 5.4 -0.6
v -2.2 5.4 -0.7
v -2.1 5.4 -0.7
v -1.8 5.4 -0.7
v -1.6 5.4 -0.7
v -1.4 5.4 -0.7
v -1.2 5.4 -0.7
v -0.6 5.4 -0.7
v -0.5 5.4 -0.7
v 0.4 5.4 -0.7
v 0.5 5.4 -0.7
v 0.7 5.4 -0.7
v 0.9 5.4 -0.7
v 1.5 5.4 -0.7
v 1.6 5.4 -0.7
v 1.8 5.4 -0.7
v 2 5.4 -0.7
v 2.2 5.4 -0.7
v 2.3 5.4 -0.7
v -2.3 5.4 -0.8
v -2.2 5.4 -0.8
v -2.1 5.4 -0.8
v -1.6 5.4 -0.8
v -1.4 5.4 -0.8
v -0.8 5.4 -0.8
v -0.6 5.4 -0.8
v -0.4 5.4 -0.8
v 0.1 5.4 -0.8
v 0.2 5.4 -0.8
v 0.4 5.4 -0.8
v 1.3 5.4 -0.8
v 1.5 5.4 -0.8
v 1.8 5.4 -0.8
v 2.2 5.4 -0.8
v 2.3 5.4 -0.8
v -2.1 5.4 -0.9
v -1.7 5.4 -0.9
v -1.2 5.4 -0.9
v -0.8 5.4 -0.9
v -0.5 5.4 -0.9
v -0.4 5.4 -0.9
v 0.1 5.4 -0.9
v 0.2 5.4 -0.9
v 0.8 5.4 -0.9
v 1.3 5.4 -0.9
v 1.4 5.4 -0.9
v 1.5 5.4 -0.9
v 2.2 5.4 -0.9
v 2.3 5.4 -0.9
v -1.7 5.4 -1
v -1.5 5.4 -1
v -1.4 5.4 -1
v -1.2 5.4 -1
v -0.7 5.4 -1
v -0.5 5.4 -1
v -0.4 5.4 -1
v -0.3 5.4 -1
v 0.3 5.4 -1
v 0.6 5.4 -1
v 0.8 5.4 -1
v 1.2 5.4 -1
v 1.4 5.4 -1
v 1.6 5.4 -1
v 2 5.4 -1
v -2.3 5.4 -1.1
v -1.9 5.4 -1.1
v -1.5 5.4 -1.1
v -1.4 5.4 -1.1
v -1.3 5.4 -1.1
v -0.8 5.4 -1.1
v -0.7 5.4 -1.1
v -0.6 5.4 -1.1
v -0.5 5.4 -1.1
v -0.4 5.4 -1.1
v 2.38419e-07 5.4 -1.1
v 0.3 5.4 -1.1
v 0.5 5.4 -1.1
v 0.6 5.4 -1.1
v 0.8 5.4 -1.1
v 1.2 5.4 -1.1
v 1.3 5.4 -1.1
v 1.6 5.4 -1.1
v 2 5.4 -1.1
v 2.3 5.4 -1.1
v -2.3 5.4 -1.2
v -2.2 5.4 -1.2
v -2.1 5.4 -1.2
v -1.9 5.4 -1.2
v -1.4 5.4 -1.2
v -1.3 5.4 -1.2
v -1 5.4 -1.2
v -0.8 5.4 -1.2
v -0.7 5.4 -1.2
v -0.6 5.4 -1.2
v -0.5 5.4 -1.2
v -0.3 5.4 -1.2
v 2.38419e-07 5.4 -1.2
v 0.2 5.4 -1.2
v 0.5 5.4 -1.2
v 0.8 5.4 -1.2
v 1.1 5.4 -1.2
v 1.3 5.4 -1.2
v 1.4 5.4 -1.2
v 1.6 5.4 -1.2
v 1.8 5.4 -1.2
v 2.2 5.4 -1.2
v -1.8 5.4 -1.3
v -1.4 5.4 -1.3
v -1.2 5.4 -1.3
v -1 5.4 -1.3
v -0.9 5.4 -1.3
v -0.8 5.4 -1.3
v -0.7 5.4 -1.3
v -0.6 5.4 -1.3
v -0.5 5.4 -1.3
v 0.2 5.4 -1.3
v 0.4 5.4 -1.3
v 0.5 5.4 -1.3
v 1.1 5.4 -1.3
v 1.4 5.4 -1.3
v 1.6 5.4 -1.3
v 1.7 5.4 -1.3
v 1.8 5.4 -1.3
v 2.2 5.4 -1.3
v -2.3 5.4 -1.5
v 2.3 5.4 -1.5
v -2.3 5.4 -1.6
v -2 5.4 -1.6
v -1.9 5.4 -1.6
v -1.8 5.4 -1.6
v -1.4 5.4 -1.6
v -1.3 5.4 -1.6
v -1.2 5.4 -1.6
v -1.1 5.4 -1.6
v -0.9 5.4 -1.6
v -0.8 5.4 -1.6
v -0.5 5.4 -1.6
v -0.3 5.4 -1.6
v -0.0999999 5.4 -1.6
v 0.4 5.4 -1.6
v 0.7 5.4 -1.6
v 1.1 5.4 -1.6
v 1.3 5.4 -1.6
v 1.4 5.4 -1.6
v 1.6 5.4 -1.6
v 1.7 5.4 -1.6
v 2.3 5.4 -1.6
v -2.7 7.2 1.7
v -2.6 7.2 1.7
v 2.6 7.2 1.7
v 2.7 7.2 1.7
v -2.8 7.2 1.6
v -2.7 7.2 1.6
v -2.6 7.2 1.6
v 2.6 7.2 1.6
v 2.7 7.2 1.6
v 2.8 7.2 1.6
v -2.8 7.2 1.5
v -2.7 7.2 1.5
v 2.7 7.2 1.5
v 2.8 7.2 1.5
v -2.7 7.2 1.4
v 2.7 7.2 1.4
v -2.7 7.2 1.2
v 2.7 7.2 1.2
v -2.8 7.2 1.1
v -2.7 7.2 1.1
v 2.7 7.2 1.1
v 2.8 7.2 1.1
v -2.7 7.2 0.9
v -2.8 7.2 0.7
v -2.7 7.2 0.7
v 2.7 7.2 0.7
v 2.8 7.2 0.7
v -2.8 7.2 0.6
v -2.7 7.2 0.6
v 2.7 7.2 0.6
v 2.8 7.2 0.6
v -2.8 7.2 0.3
v -2.7 7.2 0.3
v 2.7 7.2 0.3
v 2.8 7.2 0.3
v -2.7 7.2 0.2
v 2.7 7.2 0.2
v -2.8 7.2 0
v -2.7 7.2 0
v 2.7 7.2 0
v 2.8 7.2 0
v -2.8 7.2 -0.3
v -2.7 7.2 -0.3
v 2.7 7.2 -0.3
v 2.8 7.2 -0.3
v -2.8 7.2 -0.4
v -2.7 7.2 -0.4
v 2.7 7.2 -0.4
v 2.8 7.2 -0.4
v -2.8 7.2 -0.6
v -2.7 7.2 -0.6
v 2.7 7.2 -0.6
v 2.8 7.2 -0.6
v -2.8 7.2 -0.7
v -2.7 7.2 -0.7
v 2.7 7.2 -0.7
v 2.8 7.2 -0.7
v -2.8 7.2 -0.8
v -2.7 7.2 -0.8
v 2.7 7.2 -0.8
v 2.8 7.2 -0.8
v -2.7 7.2 -0.9
v 2.7 7.2 -0.9
v -2.8 7.2 -1.1
v -2.7 7.2 -1.1
v 2.7 7.2 -1.1
v 2.8 7.2 -1.1
v -2.8 7.2 -1.2
v -2.7 7.2 -1.2
v 2.7 7.2 -1.2
v 2.8 7.2 -1.2
v -2.7 7.2 -1.4
v 2.7 7.2 -1.4
v -2.8 7.2 -1.5
v -2.7 7.2 -1.5
v 2.7 7.2 -1.5
v 2.8 7.2 -1.5
v -2.8 7.2 -1.6
v -2.7 7.2 -1.6
v -2.6 7.2 -1.6
v 2.6 7.2 -1.6
v 2.7 7.2 -1.6
v 2.8 7.2 -1.6
v -2.7 7.2 -1.7
v -2.6 7.2 -1.7
v 2.6 7.2 -1.7
v 2.7 7.2 -1.7
v -2.6 7.4 1.7
v 2.6 7.4 1.7
v -2.7 7.4 1.6
v -2.6 7.4 1.6
v -2.5 7.4 1.6
v -2.3 7.4 1.6
v -1.6 7.4 1.6
v -1.1 7.4 1.6
v -0.8 7.4 1.6
v -0.7 7.4 1.6
v 0.2 7.4 1.6
v 1.5 7.4 1.6
v 2 7.4 1.6
v 2.3 7.4 1.6
v 2.5 7.4 1.6
v 2.6 7.4 1.6
v 2.7 7.4 1.6
v -2.6 7.4 1.5
v -2.5 7.4 1.5
v 2.5 7.4 1.5
v 2.6 7.4 1.5
v -2.6 7.4 1.4
v 2.6 7.4 1.4
v -2.7 7.4 1.2
v -2.6 7.4 1.2
v 2.6 7.4 1.2
v 2.7 7.4 1.2
v -2.6 7.4 1.1
v 2.6 7.4 1.1
v 2.7 7.4 1.1
v -2.6 7.4 1
v 2.6 7.4 1
v 2.7 7.4 1
v -2.7 7.4 0.9
v -2.6 7.4 0.9
v 2.6 7.4 0.9
v 2.7 7.4 0.9
v -2.7 7.4 0.8
v -2.6 7.4 0.8
v 2.6 7.4 0.8
v -2.7 7.4 0.7
v -2.6 7.4 0.7
v 2.6 7.4 0.6
v -2.6 7.4 0.5
v -2.7 7.4 0.3
v -2.6 7.4 0.3
v 2.6 7.4 0.3
v 2.7 7.4 0.3
v -2.7 7.4 0.2
v -2.6 7.4 0.2
v 2.6 7.4 0.2
v 2.7 7.4 0.2
v -2.6 7.4 0.1
v 2.6 7.4 0
v 2.6 7.4 -0.2
v -2.6 7.4 -0.4
v 2.6 7.4 -0.4
v -2.6 7.4 -0.5
v -2.7 7.4 -0.7
v -2.6 7.4 -0.7
v 2.6 7.4 -0.7
v 2.7 7.4 -0.7
v -2.7 7.4 -0.8
v -2.6 7.4 -0.8
v 2.6 7.4 -0.8
v 2.7 7.4 -0.8
v -2.7 7.4 -0.9
v -2.6 7.4 -0.9
v 2.6 7.4 -0.9
v 2.7 7.4 -0.9
v -2.6 7.4 -1
v -2.6 7.4 -1.1
v -2.7 7.4 -1.2
v -2.6 7.4 -1.2
v 2.6 7.4 -1.2
v 2.7 7.4 -1.2
v 2.6 7.4 -1.3
v -2.6 7.4 -1.4
v 2.5 7.4 -1.4
v 2.6 7.4 -1.4
v -2.6 7.4 -1.5
v -2.5 7.4 -1.5
v 2.5 7.4 -1.5
v 2.6 7.4 -1.5
v -2.7 7.4 -1.6
v -2.6 7.4 -1.6
v -2.5 7.4 -1.6
v -2.3 7.4 -1.6
v -2.1 7.4 -1.6
v -1.6 7.4 -1.6
v -1.2 7.4 -1.6
v -1.1 7.4 -1.6
v -0.8 7.4 -1.6
v -0.7 7.4 -1.6
v -0.3 7.4 -1.6
v -0.2 7.4 -1.6
v 0.2 7.4 -1.6
v 0.6 7.4 -1.6
v 0.8 7.4 -1.6
v 0.9 7.4 -1.6
v 1.2 7.4 -1.6
v 1.5 7.4 -1.6
v 2 7.4 -1.6
v 2.2 7.4 -1.6
v 2.3 7.4 -1.6
v 2.4 7.4 -1.6
v 2.5 7.4 -1.6
v 2.6 7.4 -1.6
v 2.7 7.4 -1.6
v -2.6 7.4 -1.7
v -2.3 7.4 -1.7
v -2.1 7.4 -1.7
v -1.6 7.4 -1.7
v -1.2 7.4 -1.7
v -0.3 7.4 -1.7
v 0.2 7.4 -1.7
v 0.6 7.4 -1.7
v 0.9 7.4 -1.7
v 2.2 7.4 -1.7
v 2.4 7.4 -1.7
v 2.6 7.4 -1.7
v -2.5 7.5 1.6
v -2.3 7.5 1.6
v -1.6 7.5 1.6
v -1.1 7.5 1.6
v -0.8 7.5 1.6
v -0.7 7.5 1.6
v 0.2 7.5 1.6
v 1.5 7.5 1.6
v 2 7.5 1.6
v 2.3 7.5 1.6
v 2.5 7.5 1.6
v -2.6 7.5 1.5
v -2.5 7.5 1.5
v -2.3 7.5 1.5
v -2.1 7.5 1.5
v -1.6 7.5 1.5
v -1.4 7.5 1.5
v -1.1 7.5 1.5
v -0.9 7.5 1.5
v -0.8 7.5 1.5
v -0.7 7.5 1.5
v -0.5 7.5 1.5
v -0.3 7.5 1.5
v 2.38419e-07 7.5 1.5
v 0.2 7.5 1.5
v 0.5 7.5 1.5
v 1.1 7.5 1.5
v 1.2 7.5 1.5
v 1.5 7.5 1.5
v 1.8 7.5 1.5
v 2 7.5 1.5
v 2.3 7.5 1.5
v 2.5 7.5 1.5
v 2.6 7.5 1.5
v -2.6 7.5 1.4
v -2.5 7.5 1.4
v -2.4 7.5 1.4
v -2.1 7.5 1.4
v -1.4 7.5 1.4
v -0.9 7.5 1.4
v -0.7 7.5 1.4
v -0.5 7.5 1.4
v -0.3 7.5 1.4
v 2.38419e-07 7.5 1.4
v 0.5 7.5 1.4
v 0.8 7.5 1.4
v 1.1 7.5 1.4
v 1.2 7.5 1.4
v 1.4 7.5 1.4
v 1.6 7.5 1.4
v 1.7 7.5 1.4
v 1.8 7.5 1.4
v 2.3 7.5 1.4
v 2.4 7.5 1.4
v 2.5 7.5 1.4
v 2.6 7.5 1.4
v -2.5 7.5 1.3
v -2.4 7.5 1.3
v 2.4 7.5 1.3
v 2.5 7.5 1.3
v 2.5 7.5 1.2
v -2.6 7.5 1.1
v -2.5 7.5 1.1
v -2.6 7.5 1
v -2.5 7.5 1
v 2.5 7.5 1
v 2.6 7.5 1
v -2.6 7.5 0.9
v -2.5 7.5 0.9
v -2.6 7.5 0.8
v -2.5 7.5 0.8
v 2.5 7.5 0.8
v 2.6 7.5 0.8
v 2.5 7.5 0.6
v 2.6 7.5 0.6
v -2.6 7.5 0.5
v -2.5 7.5 0.5
v 2.5 7.5 0.4
v 2.5 7.5 0.3
v 2.6 7.5 0.3
v -2.5 7.5 0.2
v -2.6 7.5 0.1
v -2.5 7.5 0.1
v 2.5 7.5 0
v 2.6 7.5 0
v -2.5 7.5 -0.2
v 2.5 7.5 -0.2
v 2.6 7.5 -0.2
v 2.5 7.5 -0.3
v -2.6 7.5 -0.4
v -2.5 7.5 -0.4
v 2.5 7.5 -0.4
v 2.6 7.5 -0.4
v -2.6 7.5 -0.5
v -2.5 7.5 -0.5
v 2.5 7.5 -0.7
v 2.6 7.5 -0.7
v -2.6 7.5 -0.8
v -2.5 7.5 -0.8
v 2.5 7.5 -0.8
v 2.6 7.5 -0.8
v -2.6 7.5 -0.9
v -2.5 7.5 -0.9
v 2.5 7.5 -0.9
v 2.6 7.5 -0.9
v -2.6 7.5 -1
v -2.5 7.5 -1
v 2.5 7.5 -1
v -2.6 7.5 -1.1
v -2.5 7.5 -1.1
v 2.5 7.5 -1.2
v 2.6 7.5 -1.2
v -2.5 7.5 -1.3
v -2.4 7.5 -1.3
v 2.4 7.5 -1.3
v 2.5 7.5 -1.3
v 2.6 7.5 -1.3
v -2.6 7.5 -1.4
v -2.5 7.5 -1.4
v -2.4 7.5 -1.4
v -2.1 7.5 -1.4
v -1.4 7.5 -1.4
v -0.9 7.5 -1.4
v -0.7 7.5 -1.4
v -0.5 7.5 -1.4
v -0.3 7.5 -1.4
v 2.38419e-07 7.5 -1.4
v 0.5 7.5 -1.4
v 0.9 7.5 -1.4
v 1.4 7.5 -1.4
v 1.8 7.5 -1.4
v 2.3 7.5 -1.4
v 2.4 7.5 -1.4
v 2.5 7.5 -1.4
v 2.6 7.5 -1.4
v -2.6 7.5 -1.5
v -2.5 7.5 -1.5
v -2.3 7.5 -1.5
v -2.1 7.5 -1.5
v -1.6 7.5 -1.5
v -1.4 7.5 -1.5
v -1.1 7.5 -1.5
v -0.9 7.5 -1.5
v -0.8 7.5 -1.5
v -0.7 7.5 -1.5
v -0.5 7.5 -1.5
v -0.2 7.5 -1.5
v 2.38419e-07 7.5 -1.5
v 0.2 7.5 -1.5
v 0.5 7.5 -1.5
v 0.8 7.5 -1.5
v 0.9 7.5 -1.5
v 1.2 7.5 -1.5
v 1.4 7.5 -1.5
v 1.5 7.5 -1.5
v 1.8 7.5 -1.5
v 2 7.5 -1.5
v 2.3 7.5 -1.5
v 2.5 7.5 -1.5
v -2.5 7.5 -1.6
v -2.3 7.5 -1.6
v -1.6 7.5 -1.6
v -1.1 7.5 -1.6
v -0.8 7.5 -1.6
v -0.7 7.5 -1.6
v -0.3 7.5 -1.6
v -0.2 7.5 -1.6
v 0.2 7.5 -1.6
v 0.8 7.5 -1.6
v 1.2 7.5 -1.6
v 1.5 7.5 -1.6
v 2 7.5 -1.6
v 2.3 7.5 -1.6
v 2.5 7.5 -1.6
v -2.4 7.6 1.4
v -2.1 7.6 1.4
v -1.4 7.6 1.4
v -0.9 7.6 1.4
v -0.7 7.6 1.4
v -0.5 7.6 1.4
v -0.3 7.6 1.4
v 2.38419e-07 7.6 1.4
v 0.5 7.6 1.4
v 0.8 7.6 1.4
v 1.4 7.6 1.4
v 1.6 7.6 1.4
v 1.7 7.6 1.4
v 1.8 7.6 1.4
v 2.4 7.6 1.4
v -2.5 7.6 1.3
v -2.4 7.6 1.3
v -2.1 7.6 1.3
v -1.7 7.6 1.3
v -1.5 7.6 1.3
v -1.4 7.6 1.3
v -0.9 7.6 1.3
v -0.8 7.6 1.3
v -0.7 7.6 1.3
v -0.5 7.6 1.3
v -0.4 7.6 1.3
v 2.38419e-07 7.6 1.3
v 0.3 7.6 1.3
v 0.5 7.6 1.3
v 0.7 7.6 1.3
v 0.8 7.6 1.3
v 1.1 7.6 1.3
v 1.4 7.6 1.3
v 1.6 7.6 1.3
v 1.8 7.6 1.3
v 2.2 7.6 1.3
v 2.4 7.6 1.3
v 2.5 7.6 1.3
v -1.9 7.6 1.2
v -1.7 7.6 1.2
v -1.5 7.6 1.2
v -1.3 7.6 1.2
v -0.8 7.6 1.2
v -0.6 7.6 1.2
v -0.5 7.6 1.2
v -0.4 7.6 1.2
v -0.3 7.6 1.2
v 0.3 7.6 1.2
v 0.7 7.6 1.2
v 0.9 7.6 1.2
v 1.1 7.6 1.2
v 1.6 7.6 1.2
v 1.7 7.6 1.2
v 2.2 7.6 1.2
v 2.4 7.6 1.2
v 2.5 7.6 1.2
v -2.3 7.6 1.1
v -1.9 7.6 1.1
v -1.3 7.6 1.1
v -0.9 7.6 1.1
v -0.6 7.6 1.1
v -0.4 7.6 1.1
v 0.1 7.6 1.1
v 0.2 7.6 1.1
v 0.9 7.6 1.1
v 1.4 7.6 1.1
v 1.6 7.6 1.1
v 1.7 7.6 1.1
v -2.5 7.6 1
v -2.3 7.6 1
v -1.8 7.6 1
v -1.5 7.6 1
v -0.9 7.6 1
v -0.7 7.6 1
v -0.4 7.6 1
v 0.1 7.6 1
v 0.2 7.6 1
v 0.4 7.6 1
v 1.4 7.6 1
v 1.7 7.6 1
v 1.8 7.6 1
v 2 7.6 1
v 2.3 7.6 1
v 2.4 7.6 1
v -2 7.6 0.9
v -1.8 7.6 0.9
v -1.5 7.6 0.9
v -0.7 7.6 0.9
v 0.4 7.6 0.9
v 0.5 7.6 0.9
v 0.8 7.6 0.9
v 1 7.6 0.9
v 2 7.6 0.9
v 2.3 7.6 0.9
v 2.4 7.6 0.9
v -2.4 7.6 0.8
v -2.3 7.6 0.8
v -2.2 7.6 0.8
v -2 7.6 0.8
v -1.6 7.6 0.8
v 0.4 7.6 0.8
v 0.5 7.6 0.8
v 0.7 7.6 0.8
v 0.8 7.6 0.8
v 0.9 7.6 0.8
v 1 7.6 0.8
v 1.4 7.6 0.8
v 1.8 7.6 0.8
v 2.1 7.6 0.8
v -2.4 7.6 0.6
v -2.3 7.6 0.6
v -2.2 7.6 0.6
v -2 7.6 0.6
v -1.6 7.6 0.6
v -0.3 7.6 0.6
v 0.1 7.6 0.6
v 0.4 7.6 0.6
v 0.6 7.6 0.6
v 0.7 7.6 0.6
v 0.8 7.6 0.6
v 0.9 7.6 0.6
v 1.3 7.6 0.6
v 1.4 7.6 0.6
v 1.7 7.6 0.6
v 2.1 7.6 0.6
v 2.3 7.6 0.6
v -2.2 7.6 0.5
v -2 7.6 0.5
v -1.6 7.6 0.5
v -1.3 7.6 0.5
v -1.1 7.6 0.5
v -0.3 7.6 0.5
v 2.38419e-07 7.6 0.5
v 0.1 7.6 0.5
v 0.3 7.6 0.5
v 0.6 7.6 0.5
v 0.7 7.6 0.5
v 0.8 7.6 0.5
v 1.1 7.6 0.5
v 1.3 7.6 0.5
v 1.6 7.6 0.5
v 1.7 7.6 0.5
v 1.8 7.6 0.5
v 2.3 7.6 0.5
v 2.4 7.6 0.5
v -2.3 7.6 0.4
v -2.2 7.6 0.4
v -1.7 7.6 0.4
v -1.6 7.6 0.4
v -1.3 7.6 0.4
v -1.1 7.6 0.4
v -0.3 7.6 0.4
v -0.0999999 7.6 0.4
v 0.2 7.6 0.4
v 0.3 7.6 0.4
v 0.7 7.6 0.4
v 1 7.6 0.4
v 1.1 7.6 0.4
v 1.4 7.6 0.4
v 1.6 7.6 0.4
v 1.8 7.6 0.4
v 2.4 7.6 0.4
v 2.5 7.6 0.4
v -2 7.6 0.3
v -1.9 7.6 0.3
v -1.7 7.6 0.3
v -0.9 7.6 0.3
v -0.0999999 7.6 0.3
v 2.38419e-07 7.6 0.3
v 0.1 7.6 0.3
v 0.2 7.6 0.3
v 0.4 7.6 0.3
v 0.5 7.6 0.3
v 1.4 7.6 0.3
v 1.9 7.6 0.3
v -2.5 7.6 0.2
v -2 7.6 0.2
v -1.9 7.6 0.2
v -1.6 7.6 0.2
v -0.9 7.6 0.2
v 0.1 7.6 0.2
v 0.4 7.6 0.2
v 0.5 7.6 0.2
v 0.6 7.6 0.2
v 1 7.6 0.2
v 1.9 7.6 0.2
v 2.2 7.6 0.2
v 2.3 7.6 0.2
v 2.4 7.6 0.2
v -2 7.6 0.1
v -1.6 7.6 0.1
v -1 7.6 0.1
v 0.3 7.6 0.1
v 0.6 7.6 0.1
v 2.2 7.6 0.1
v 2.3 7.6 0.1
v -2.4 7.6 0
v -2.3 7.6 0
v -2.2 7.6 0
v -2 7.6 0
v -1.8 7.6 0
v -1.7 7.6 0
v -1.6 7.6 0
v -1.5 7.6 0
v -1 7.6 0
v 0.3 7.6 0
v 0.7 7.6 0
v 1.9 7.6 0
v 2.4 7.6 0
v 2.5 7.6 0
v -2.5 7.6 -0.2
v -2.4 7.6 -0.2
v -2.2 7.6 -0.2
v -1.8 7.6 -0.2
v -1.7 7.6 -0.2
v -1.6 7.6 -0.2
v -1.5 7.6 -0.2
v -0.5 7.6 -0.2
v 0.1 7.6 -0.2
v 0.7 7.6 -0.2
v 1.9 7.6 -0.2
v 2.3 7.6 -0.2
v -2.3 7.6 -0.3
v -2.2 7.6 -0.3
v -2 7.6 -0.3
v -1.6 7.6 -0.3
v -1.5 7.6 -0.3
v -1.4 7.6 -0.3
v -0.5 7.6 -0.3
v -0.3 7.6 -0.3
v 0.1 7.6 -0.3
v 0.5 7.6 -0.3
v 1 7.6 -0.3
v 1.6 7.6 -0.3
v 2.4 7.6 -0.3
v 2.5 7.6 -0.3
v -2.3 7.6 -0.4
v -2.2 7.6 -0.4
v -2 7.6 -0.4
v -1.4 7.6 -0.4
v -0.3 7.6 -0.4
v 0.5 7.6 -0.4
v 1 7.6 -0.4
v 1.1 7.6 -0.4
v 1.6 7.6 -0.4
v 1.8 7.6 -0.4
v 2.3 7.6 -0.4
v 2.5 7.6 -0.4
v -2.2 7.6 -0.5
v -2 7.6 -0.5
v -1.7 7.6 -0.5
v -1.5 7.6 -0.5
v -1 7.6 -0.5
v -0.3 7.6 -0.5
v 2.38419e-07 7.6 -0.5
v 0.1 7.6 -0.5
v 0.4 7.6 -0.5
v 0.5 7.6 -0.5
v 0.8 7.6 -0.5
v 1.1 7.6 -0.5
v 1.3 7.6 -0.5
v 1.6 7.6 -0.5
v 1.7 7.6 -0.5
v 1.8 7.6 -0.5
v 2.3 7.6 -0.5
v 2.4 7.6 -0.5
v -2.4 7.6 -0.7
v -2.3 7.6 -0.7
v -2.2 7.6 -0.7
v -2 7.6 -0.7
v -1.7 7.6 -0.7
v -1.2 7.6 -0.7
v -1 7.6 -0.7
v 2.38419e-07 7.6 -0.7
v 0.1 7.6 -0.7
v 0.2 7.6 -0.7
v 0.4 7.6 -0.7
v 0.7 7.6 -0.7
v 0.8 7.6 -0.7
v 0.9 7.6 -0.7
v 1.3 7.6 -0.7
v 1.4 7.6 -0.7
v 1.7 7.6 -0.7
v 2.1 7.6 -0.7
v 2.3 7.6 -0.7
v -2.4 7.6 -0.8
v -2.3 7.6 -0.8
v -2.2 7.6 -0.8
v -2 7.6 -0.8
v -1.3 7.6 -0.8
v -1.2 7.6 -0.8
v -0.5 7.6 -0.8
v 0.2 7.6 -0.8
v 0.5 7.6 -0.8
v 0.7 7.6 -0.8
v 0.8 7.6 -0.8
v 0.9 7.6 -0.8
v 1 7.6 -0.8
v 1.4 7.6 -0.8
v 1.8 7.6 -0.8
v 2.1 7.6 -0.8
v 2.2 7.6 -0.8
v 2.3 7.6 -0.8
v -2 7.6 -0.9
v -1.8 7.6 -0.9
v -1.5 7.6 -0.9
v -1.3 7.6 -0.9
v -0.7 7.6 -0.9
v -0.5 7.6 -0.9
v 0.4 7.6 -0.9
v 0.5 7.6 -0.9
v 0.8 7.6 -0.9
v 1 7.6 -0.9
v 1.6 7.6 -0.9
v 1.8 7.6 -0.9
v 2 7.6 -0.9
v 2.2 7.6 -0.9
v 2.3 7.6 -0.9
v 2.4 7.6 -0.9
v -2.5 7.6 -1
v -2.3 7.6 -1
v -1.8 7.6 -1
v -1.5 7.6 -1
v -0.9 7.6 -1
v -0.7 7.6 -1
v -0.4 7.6 -1
v 0.1 7.6 -1
v 0.2 7.6 -1
v 0.4 7.6 -1
v 1.4 7.6 -1
v 1.6 7.6 -1
v 1.7 7.6 -1
v 2 7.6 -1
v 2.3 7.6 -1
v 2.5 7.6 -1
v -2.3 7.6 -1.1
v -1.9 7.6 -1.1
v -1.3 7.6 -1.1
v -0.9 7.6 -1.1
v -0.6 7.6 -1.1
v -0.4 7.6 -1.1
v 0.1 7.6 -1.1
v 0.2 7.6 -1.1
v 0.9 7.6 -1.1
v 1.4 7.6 -1.1
v 1.5 7.6 -1.1
v 1.7 7.6 -1.1
v -1.9 7.6 -1.2
v -1.7 7.6 -1.2
v -1.5 7.6 -1.2
v -1.3 7.6 -1.2
v -0.8 7.6 -1.2
v -0.6 7.6 -1.2
v -0.5 7.6 -1.2
v -0.4 7.6 -1.2
v -0.3 7.6 -1.2
v 0.3 7.6 -1.2
v 0.7 7.6 -1.2
v 0.9 7.6 -1.2
v 1.3 7.6 -1.2
v 1.5 7.6 -1.2
v 1.8 7.6 -1.2
v 2.2 7.6 -1.2
v 2.3 7.6 -1.2
v 2.5 7.6 -1.2
v -2.5 7.6 -1.3
v -2.4 7.6 -1.3
v -2.1 7.6 -1.3
v -1.7 7.6 -1.3
v -1.5 7.6 -1.3
v -1.4 7.6 -1.3
v -0.9 7.6 -1.3
v -0.8 7.6 -1.3
v -0.7 7.6 -1.3
v -0.5 7.6 -1.3
v -0.4 7.6 -1.3
v 2.38419e-07 7.6 -1.3
v 0.3 7.6 -1.3
v 0.5 7.6 -1.3
v 0.7 7.6 -1.3
v 0.9 7.6 -1.3
v 1.3 7.6 -1.3
v 1.4 7.6 -1.3
v 1.8 7.6 -1.3
v 2.2 7.6 -1.3
v 2.3 7.6 -1.3
v 2.4 7.6 -1.3
v 2.5 7.6 -1.3
v -2.4 7.6 -1.4
v -2.1 7.6 -1.4
v -1.4 7.6 -1.4
v -0.9 7.6 -1.4
v -0.7 7.6 -1.4
v -0.5 7.6 -1.4
v -0.3 7.6 -1.4
v 2.38419e-07 7.6 -1.4
v 0.5 7.6 -1.4
v 0.9 7.6 -1.4
v 1.4 7.6 -1.4
v 1.8 7.6 -1.4
v 2.4 7.6 -1.4

# faces
f 3/4/1 2/4/1 1/4/1
f 4/4/1 2/4/1 3/4/1
f 5/4/1 2/4/1 4/4/1
f 6/4/1 2/4/1 5/4/1
f 7/4/1 2/4/1 6/4/1
f 8/4/1 2/4/1 7/4/1
f 9/4/1 2/4/1 8/4/1
f 10/4/1 2/4/1 9/4/1
f 11/4/1 2/4/1 10/4/1
f 12/4/1 2/4/1 11/4/1
f 13/4/1 2/4/1 12/4/1
f 14/4/1 2/4/1 13/4/1
f 15/4/1 3/4/1 1/4/1
f 16/4/1 3/4/1 15/4/1
f 17/4/1 5/4/1 4/4/1
f 18/2/1 6/2/1 5/2/1
f 18/4/1 5/4/1 17/4/1
f 19/2/1 6/2/1 18/2/1
f 20/4/1 7/4/1 6/4/1
f 20/2/1 6/2/1 19/2/1
f 21/4/1 7/4/1 20/4/1
f 22/2/1 8/2/1 7/2/1
f 22/4/1 7/4/1 21/4/1
f 23/2/1 8/2/1 22/2/1
f 24/4/1 9/4/1 8/4/1
f 24/2/1 8/2/1 23/2/1
f 25/2/1 10/2/1 9/2/1
f 26/4/1 11/4/1 10/4/1
f 26/2/1 10/2/1 25/2/1
f 27/2/1 12/2/1 11/2/1
f 27/4/1 11/4/1 26/4/1
f 28/2/1 12/2/1 27/2/1
f 29/4/1 13/4/1 12/4/1
f 29/2/1 12/2/1 28/2/1
f 30/4/1 13/4/1 29/4/1
f 31/4/1 2/4/1 14/4/1
f 32/4/1 2/4/1 31/4/1
f 33/2/1 4/2/1 3/2/1
f 34/4/1 17/4/1 4/4/1
f 34/2/1 4/2/1 33/2/1
f 35/4/1 21/4/1 20/4/1
f 35/2/1 23/2/1 22/2/1
f 35/4/1 20/4/1 19/4/1
f 35/2/1 22/2/1 21/2/1
f 36/2/1 23/2/1 35/2/1
f 37/4/1 13/4/1 30/4/1
f 37/2/1 14/2/1 13/2/1
f 38/2/1 14/2/1 37/2/1
f 39/4/1 17/4/1 34/4/1
f 39/4/1 34/4/1 33/4/1
f 40/2/1 19/2/1 18/2/1
f 40/4/1 17/4/1 39/4/1
f 40/2/1 18/2/1 17/2/1
f 41/4/1 9/4/1 24/4/1
f 41/4/1 24/4/1 23/4/1
f 42/2/1 25/2/1 9/2/1
f 42/4/1 9/4/1 41/4/1
f 43/4/1 38/4/1 37/4/1
f 43/4/1 37/4/1 30/4/1
f 43/2/1 29/2/1 28/2/1
f 43/2/1 30/2/1 29/2/1
f 44/4/1 38/4/1 43/4/1
f 45/4/1 3/4/1 16/4/1
f 45/2/1 33/2/1 3/2/1
f 46/4/1 39/4/1 33/4/1
f 46/2/1 33/2/1 45/2/1
f 47/4/1 36/4/1 35/4/1
f 47/4/1 35/4/1 19/4/1
f 48/4/1 36/4/1 47/4/1
f 49/4/1 41/4/1 23/4/1
f 49/2/1 42/2/1 41/2/1
f 50/2/1 25/2/1 42/2/1
f 50/2/1 42/2/1 49/2/1
f 51/4/1 26/4/1 25/4/1
f 51/4/1 28/4/1 27/4/1
f 51/4/1 27/4/1 26/4/1
f 52/2/1 44/2/1 43/2/1
f 52/4/1 28/4/1 51/4/1
f 52/2/1 43/2/1 28/2/1
f 53/4/1 38/4/1 44/4/1
f 53/2/1 14/2/1 38/2/1
f 54/4/1 31/4/1 14/4/1
f 54/2/1 14/2/1 53/2/1
f 55/4/1 45/4/1 16/4/1
f 55/2/1 16/2/1 15/2/1
f 55/4/1 46/4/1 45/4/1
f 56/4/1 46/4/1 55/4/1
f 57/2/1 19/2/1 40/2/1
f 57/2/1 40/2/1 39/2/1
f 58/4/1 47/4/1 19/4/1
f 58/2/1 19/2/1 57/2/1
f 59/4/1 47/4/1 58/4/1
f 60/2/1 48/2/1 47/2/1
f 60/4/1 47/4/1 59/4/1
f 61/2/1 23/2/1 36/2/1
f 61/4/1 36/4/1 48/4/1
f 62/4/1 49/4/1 23/4/1
f 62/2/1 23/2/1 61/2/1
f 62/4/1 50/4/1 49/4/1
f 63/4/1 50/4/1 62/4/1
f 64/2/1 25/2/1 50/2/1
f 64/4/1 50/4/1 63/4/1
f 65/4/1 51/4/1 25/4/1
f 65/2/1 25/2/1 64/2/1
f 66/4/1 31/4/1 54/4/1
f 66/4/1 54/4/1 53/4/1
f 67/2/1 32/2/1 31/2/1
f 67/4/1 31/4/1 66/4/1
f 68/4/1 46/4/1 56/4/1
f 69/4/1 39/4/1 46/4/1
f 69/4/1 46/4/1 68/4/1
f 70/2/1 57/2/1 39/2/1
f 70/4/1 39/4/1 69/4/1
f 71/2/1 57/2/1 70/2/1
f 72/4/1 64/4/1 63/4/1
f 72/2/1 63/2/1 62/2/1
f 72/4/1 65/4/1 64/4/1
f 73/4/1 65/4/1 72/4/1
f 74/4/1 51/4/1 65/4/1
f 74/4/1 65/4/1 73/4/1
f 75/2/1 52/2/1 51/2/1
f 75/4/1 51/4/1 74/4/1
f 76/2/1 44/2/1 52/2/1
f 76/2/1 52/2/1 75/2/1
f 77/4/1 66/4/1 53/4/1
f 77/2/1 44/2/1 76/2/1
f 77/4/1 53/4/1 44/4/1
f 78/4/1 66/4/1 77/4/1
f 79/4/1 66/4/1 78/4/1
f 80/4/1 68/4/1 56/4/1
f 80/2/1 56/2/1 55/2/1
f 81/2/1 69/2/1 68/2/1
f 81/4/1 68/4/1 80/4/1
f 82/2/1 75/2/1 74/2/1
f 82/4/1 74/4/1 73/4/1
f 82/2/1 76/2/1 75/2/1
f 83/2/1 76/2/1 82/2/1
f 84/4/1 66/4/1 79/4/1
f 84/2/1 79/2/1 78/2/1
f 85/2/1 67/2/1 66/2/1
f 85/4/1 66/4/1 84/4/1
f 86/2/1 81/2/1 80/2/1
f 86/2/1 80/2/1 55/2/1
f 86/2/1 55/2/1 15/2/1
f 87/2/1 81/2/1 86/2/1
f 88/2/1 69/2/1 81/2/1
f 88/2/1 81/2/1 87/2/1
f 88/4/1 71/4/1 70/4/1
f 88/4/1 70/4/1 69/4/1
f 89/4/1 71/4/1 88/4/1
f 90/2/1 60/2/1 59/2/1
f 90/4/1 58/4/1 57/4/1
f 90/4/1 59/4/1 58/4/1
f 91/2/1 48/2/1 60/2/1
f 91/2/1 60/2/1 90/2/1
f 92/2/1 76/2/1 83/2/1
f 93/4/1 77/4/1 76/4/1
f 93/2/1 76/2/1 92/2/1
f 93/4/1 78/4/1 77/4/1
f 94/4/1 78/4/1 93/4/1
f 95/2/1 85/2/1 84/2/1
f 95/4/1 78/4/1 94/4/1
f 95/2/1 84/2/1 78/2/1
f 96/2/1 67/2/1 85/2/1
f 96/2/1 85/2/1 95/2/1
f 96/2/1 32/2/1 67/2/1
f 97/2/1 32/2/1 96/2/1
f 98/4/1 87/4/1 86/4/1
f 98/2/1 89/2/1 88/2/1
f 98/2/1 88/2/1 87/2/1
f 99/2/1 89/2/1 98/2/1
f 100/4/1 90/4/1 57/4/1
f 100/4/1 91/4/1 90/4/1
f 101/2/1 48/2/1 91/2/1
f 101/4/1 91/4/1 100/4/1
f 102/2/1 95/2/1 94/2/1
f 102/2/1 96/2/1 95/2/1
f 103/4/1 97/4/1 96/4/1
f 103/2/1 96/2/1 102/2/1
f 104/4/1 99/4/1 98/4/1
f 104/4/1 98/4/1 86/4/1
f 105/4/1 99/4/1 104/4/1
f 106/2/1 73/2/1 72/2/1
f 106/2/1 72/2/1 62/2/1
f 106/4/1 62/4/1 61/4/1
f 107/2/1 73/2/1 106/2/1
f 108/2/1 92/2/1 83/2/1
f 109/4/1 93/4/1 92/4/1
f 109/2/1 92/2/1 108/2/1
f 109/4/1 94/4/1 93/4/1
f 110/4/1 97/4/1 103/4/1
f 110/4/1 103/4/1 102/4/1
f 111/4/1 97/4/1 110/4/1
f 112/2/1 105/2/1 104/2/1
f 113/4/1 99/4/1 105/4/1
f 113/2/1 105/2/1 112/2/1
f 114/2/1 89/2/1 99/2/1
f 114/4/1 99/4/1 113/4/1
f 115/2/1 89/2/1 114/2/1
f 116/4/1 71/4/1 89/4/1
f 116/2/1 89/2/1 115/2/1
f 117/4/1 71/4/1 116/4/1
f 118/2/1 48/2/1 101/2/1
f 118/4/1 61/4/1 48/4/1
f 118/2/1 101/2/1 100/2/1
f 118/4/1 107/4/1 106/4/1
f 118/4/1 106/4/1 61/4/1
f 119/4/1 107/4/1 118/4/1
f 120/4/1 94/4/1 109/4/1
f 120/4/1 109/4/1 108/4/1
f 121/2/1 102/2/1 94/2/1
f 121/4/1 94/4/1 120/4/1
f 122/2/1 102/2/1 121/2/1
f 123/4/1 110/4/1 102/4/1
f 123/2/1 102/2/1 122/2/1
f 124/2/1 111/2/1 110/2/1
f 124/4/1 110/4/1 123/4/1
f 125/2/1 111/2/1 124/2/1
f 126/4/1 113/4/1 112/4/1
f 126/4/1 115/4/1 114/4/1
f 126/4/1 114/4/1 113/4/1
f 127/4/1 115/4/1 126/4/1
f 128/2/1 117/2/1 116/2/1
f 128/4/1 115/4/1 127/4/1
f 128/2/1 116/2/1 115/2/1
f 129/2/1 117/2/1 128/2/1
f 130/2/1 122/2/1 121/2/1
f 130/2/1 121/2/1 120/2/1
f 131/4/1 125/4/1 124/4/1
f 131/2/1 122/2/1 130/2/1
f 131/4/1 124/4/1 123/4/1
f 131/4/1 123/4/1 122/4/1
f 132/4/1 125/4/1 131/4/1
f 133/4/1 125/4/1 132/4/1
f 134/2/1 127/2/1 126/2/1
f 134/4/1 126/4/1 112/4/1
f 135/4/1 128/4/1 127/4/1
f 135/2/1 127/2/1 134/2/1
f 135/4/1 129/4/1 128/4/1
f 136/4/1 129/4/1 135/4/1
f 137/4/1 71/4/1 117/4/1
f 137/2/1 117/2/1 129/2/1
f 138/2/1 57/2/1 71/2/1
f 138/4/1 71/4/1 137/4/1
f 139/4/1 120/4/1 108/4/1
f 140/2/1 130/2/1 120/2/1
f 140/4/1 120/4/1 139/4/1
f 141/4/1 132/4/1 131/4/1
f 141/4/1 131/4/1 130/4/1
f 142/2/1 133/2/1 132/2/1
f 142/4/1 132/4/1 141/4/1
f 143/4/1 125/4/1 133/4/1
f 143/2/1 133/2/1 142/2/1
f 144/4/1 134/4/1 112/4/1
f 144/4/1 135/4/1 134/4/1
f 145/4/1 135/4/1 144/4/1
f 146/2/1 137/2/1 129/2/1
f 146/4/1 129/4/1 136/4/1
f 146/2/1 138/2/1 137/2/1
f 147/2/1 138/2/1 146/2/1
f 148/2/1 130/2/1 140/2/1
f 148/2/1 140/2/1 139/2/1
f 149/4/1 141/4/1 130/4/1
f 149/2/1 130/2/1 148/2/1
f 150/4/1 125/4/1 143/4/1
f 150/4/1 143/4/1 142/4/1
f 151/4/1 125/4/1 150/4/1
f 152/4/1 135/4/1 145/4/1
f 152/2/1 136/2/1 135/2/1
f 153/4/1 147/4/1 146/4/1
f 153/2/1 136/2/1 152/2/1
f 153/4/1 146/4/1 136/4/1
f 154/4/1 147/4/1 153/4/1
f 155/2/1 73/2/1 107/2/1
f 155/4/1 83/4/1 82/4/1
f 155/4/1 82/4/1 73/4/1
f 156/4/1 83/4/1 155/4/1
f 157/4/1 139/4/1 108/4/1
f 158/2/1 148/2/1 139/2/1
f 158/4/1 139/4/1 157/4/1
f 159/4/1 141/4/1 149/4/1
f 159/4/1 149/4/1 148/4/1
f 160/2/1 142/2/1 141/2/1
f 160/4/1 141/4/1 159/4/1
f 161/4/1 150/4/1 142/4/1
f 161/2/1 142/2/1 160/2/1
f 162/2/1 154/2/1 153/2/1
f 162/4/1 153/4/1 152/4/1
f 163/4/1 147/4/1 154/4/1
f 163/2/1 154/2/1 162/2/1
f 164/2/1 138/2/1 147/2/1
f 164/4/1 147/4/1 163/4/1
f 165/2/1 138/2/1 164/2/1
f 166/2/1 148/2/1 158/2/1
f 166/2/1 158/2/1 157/2/1
f 167/4/1 159/4/1 148/4/1
f 167/2/1 148/2/1 166/2/1
f 168/2/1 160/2/1 159/2/1
f 168/4/1 159/4/1 167/4/1
f 169/4/1 161/4/1 160/4/1
f 169/2/1 160/2/1 168/2/1
f 170/4/1 162/4/1 152/4/1
f 170/4/1 163/4/1 162/4/1
f 170/4/1 152/4/1 145/4/1
f 170/4/1 164/4/1 163/4/1
f 170/4/1 165/4/1 164/4/1
f 171/4/1 165/4/1 170/4/1
f 172/4/1 100/4/1 57/4/1
f 173/2/1 119/2/1 118/2/1
f 173/4/1 100/4/1 172/4/1
f 173/2/1 118/2/1 100/2/1
f 174/2/1 119/2/1 173/2/1
f 175/4/1 83/4/1 156/4/1
f 175/2/1 156/2/1 155/2/1
f 176/2/1 108/2/1 83/2/1
f 176/4/1 83/4/1 175/4/1
f 177/4/1 157/4/1 108/4/1
f 177/2/1 108/2/1 176/2/1
f 178/4/1 168/4/1 167/4/1
f 178/4/1 169/4/1 168/4/1
f 178/4/1 167/4/1 166/4/1
f 179/4/1 161/4/1 169/4/1
f 179/4/1 169/4/1 178/4/1
f 179/4/1 150/4/1 161/4/1
f 180/4/1 170/4/1 145/4/1
f 180/2/1 171/2/1 170/2/1
f 181/2/1 171/2/1 180/2/1
f 182/4/1 174/4/1 173/4/1
f 182/2/1 173/2/1 172/2/1
f 183/2/1 119/2/1 174/2/1
f 183/4/1 174/4/1 182/4/1
f 184/4/1 157/4/1 177/4/1
f 184/4/1 177/4/1 176/4/1
f 185/4/1 157/4/1 184/4/1
f 186/2/1 179/2/1 178/2/1
f 187/4/1 150/4/1 179/4/1
f 187/2/1 179/2/1 186/2/1
f 188/4/1 165/4/1 171/4/1
f 189/2/1 138/2/1 165/2/1
f 189/4/1 165/4/1 188/4/1
f 190/2/1 182/2/1 172/2/1
f 190/4/1 172/4/1 57/4/1
f 190/2/1 183/2/1 182/2/1
f 191/2/1 183/2/1 190/2/1
f 192/2/1 119/2/1 183/2/1
f 192/2/1 183/2/1 191/2/1
f 193/4/1 107/4/1 119/4/1
f 193/2/1 119/2/1 192/2/1
f 194/2/1 175/2/1 155/2/1
f 194/2/1 176/2/1 175/2/1
f 194/2/1 155/2/1 107/2/1
f 195/2/1 176/2/1 194/2/1
f 196/4/1 184/4/1 176/4/1
f 196/2/1 185/2/1 184/2/1
f 197/4/1 157/4/1 185/4/1
f 197/2/1 185/2/1 196/2/1
f 198/2/1 166/2/1 157/2/1
f 198/4/1 178/4/1 166/4/1
f 199/4/1 178/4/1 198/4/1
f 200/2/1 145/2/1 144/2/1
f 200/4/1 181/4/1 180/4/1
f 200/4/1 180/4/1 145/4/1
f 201/4/1 181/4/1 200/4/1
f 202/4/1 188/4/1 171/4/1
f 202/2/1 189/2/1 188/2/1
f 203/2/1 138/2/1 189/2/1
f 203/2/1 189/2/1 202/2/1
f 204/2/1 192/2/1 191/2/1
f 205/4/1 193/4/1 192/4/1
f 205/2/1 192/2/1 204/2/1
f 206/4/1 157/4/1 197/4/1
f 206/4/1 197/4/1 196/4/1
f 207/2/1 199/2/1 198/2/1
f 207/4/1 157/4/1 206/4/1
f 207/2/1 198/2/1 157/2/1
f 208/2/1 199/2/1 207/2/1
f 209/4/1 178/4/1 199/4/1
f 209/2/1 199/2/1 208/2/1
f 210/4/1 150/4/1 187/4/1
f 210/4/1 187/4/1 186/4/1
f 211/2/1 151/2/1 150/2/1
f 211/4/1 150/4/1 210/4/1
f 212/4/1 181/4/1 201/4/1
f 212/2/1 171/2/1 181/2/1
f 213/4/1 202/4/1 171/4/1
f 213/2/1 171/2/1 212/2/1
f 213/4/1 203/4/1 202/4/1
f 214/2/1 204/2/1 191/2/1
f 214/4/1 191/4/1 190/4/1
f 215/4/1 205/4/1 204/4/1
f 215/2/1 204/2/1 214/2/1
f 216/4/1 193/4/1 205/4/1
f 216/4/1 205/4/1 215/4/1
f 216/4/1 107/4/1 193/4/1
f 217/2/1 194/2/1 107/2/1
f 217/4/1 107/4/1 216/4/1
f 218/4/1 178/4/1 209/4/1
f 218/2/1 186/2/1 178/2/1
f 218/4/1 209/4/1 208/4/1
f 219/4/1 210/4/1 186/4/1
f 219/2/1 186/2/1 218/2/1
f 220/4/1 203/4/1 213/4/1
f 220/2/1 138/2/1 203/2/1
f 220/4/1 213/4/1 212/4/1
f 221/2/1 57/2/1 138/2/1
f 221/2/1 138/2/1 220/2/1
f 222/4/1 215/4/1 214/4/1
f 222/2/1 57/2/1 221/2/1
f 222/4/1 214/4/1 190/4/1
f 222/4/1 216/4/1 215/4/1
f 222/4/1 190/4/1 57/4/1
f 223/4/1 216/4/1 222/4/1
f 224/4/1 216/4/1 223/4/1
f 225/4/1 216/4/1 224/4/1
f 226/4/1 196/4/1 176/4/1
f 226/4/1 206/4/1 196/4/1
f 227/2/1 208/2/1 207/2/1
f 227/4/1 206/4/1 226/4/1
f 227/2/1 207/2/1 206/2/1
f 228/2/1 208/2/1 227/2/1
f 229/4/1 219/4/1 218/4/1
f 229/2/1 208/2/1 228/2/1
f 229/4/1 218/4/1 208/4/1
f 230/2/1 151/2/1 211/2/1
f 230/2/1 211/2/1 210/2/1
f 231/2/1 151/2/1 230/2/1
f 232/4/1 221/4/1 220/4/1
f 232/4/1 212/4/1 201/4/1
f 232/4/1 220/4/1 212/4/1
f 232/2/1 201/2/1 200/2/1
f 233/4/1 221/4/1 232/4/1
f 234/2/1 223/2/1 222/2/1
f 234/4/1 221/4/1 233/4/1
f 234/2/1 222/2/1 221/2/1
f 235/2/1 223/2/1 234/2/1
f 236/4/1 224/4/1 223/4/1
f 236/2/1 225/2/1 224/2/1
f 237/4/1 216/4/1 225/4/1
f 237/2/1 225/2/1 236/2/1
f 238/2/1 176/2/1 195/2/1
f 238/4/1 195/4/1 194/4/1
f 239/4/1 226/4/1 176/4/1
f 239/2/1 176/2/1 238/2/1
f 240/2/1 228/2/1 227/2/1
f 240/4/1 226/4/1 239/4/1
f 240/2/1 227/2/1 226/2/1
f 241/2/1 228/2/1 240/2/1
f 242/4/1 229/4/1 228/4/1
f 242/2/1 228/2/1 241/2/1
f 243/4/1 210/4/1 219/4/1
f 243/4/1 229/4/1 242/4/1
f 243/4/1 219/4/1 229/4/1
f 244/2/1 230/2/1 210/2/1
f 244/4/1 210/4/1 243/4/1
f 245/4/1 237/4/1 236/4/1
f 245/2/1 223/2/1 235/2/1
f 245/4/1 236/4/1 223/4/1
f 246/4/1 237/4/1 245/4/1
f 247/4/1 216/4/1 237/4/1
f 247/4/1 237/4/1 246/4/1
f 248/2/1 217/2/1 216/2/1
f 248/4/1 216/4/1 247/4/1
f 249/2/1 230/2/1 244/2/1
f 249/2/1 244/2/1 243/2/1
f 250/4/1 231/4/1 230/4/1
f 250/2/1 230/2/1 249/2/1
f 251/2/1 200/2/1 144/2/1
f 251/2/1 233/2/1 232/2/1
f 251/2/1 232/2/1 200/2/1
f 252/2/1 233/2/1 251/2/1
f 253/4/1 234/4/1 233/4/1
f 253/2/1 233/2/1 252/2/1
f 253/4/1 235/4/1 234/4/1
f 254/4/1 235/4/1 253/4/1
f 255/2/1 246/2/1 245/2/1
f 255/4/1 235/4/1 254/4/1
f 255/2/1 245/2/1 235/2/1
f 256/2/1 246/2/1 255/2/1
f 257/4/1 247/4/1 246/4/1
f 257/2/1 246/2/1 256/2/1
f 258/4/1 247/4/1 257/4/1
f 259/2/1 194/2/1 217/2/1
f 259/2/1 217/2/1 248/2/1
f 259/2/1 248/2/1 247/2/1
f 260/4/1 238/4/1 194/4/1
f 260/2/1 194/2/1 259/2/1
f 260/4/1 239/4/1 238/4/1
f 261/2/1 240/2/1 239/2/1
f 261/2/1 241/2/1 240/2/1
f 262/4/1 243/4/1 242/4/1
f 262/2/1 241/2/1 261/2/1
f 262/4/1 242/4/1 241/4/1
f 263/4/1 243/4/1 262/4/1
f 264/2/1 249/2/1 243/2/1
f 264/4/1 243/4/1 263/4/1
f 265/2/1 254/2/1 253/2/1
f 265/4/1 252/4/1 251/4/1
f 265/2/1 253/2/1 252/2/1
f 266/2/1 254/2/1 265/2/1
f 267/4/1 255/4/1 254/4/1
f 267/4/1 256/4/1 255/4/1
f 268/4/1 256/4/1 267/4/1
f 269/2/1 258/2/1 257/2/1
f 269/4/1 256/4/1 268/4/1
f 269/2/1 257/2/1 256/2/1
f 270/2/1 258/2/1 269/2/1
f 271/2/1 261/2/1 239/2/1
f 272/4/1 263/4/1 262/4/1
f 272/2/1 261/2/1 271/2/1
f 272/4/1 262/4/1 261/4/1
f 273/4/1 263/4/1 272/4/1
f 274/4/1 263/4/1 273/4/1
f 275/2/1 254/2/1 266/2/1
f 275/4/1 267/4/1 254/4/1
f 276/4/1 267/4/1 275/4/1
f 277/2/1 268/2/1 267/2/1
f 277/4/1 270/4/1 269/4/1
f 277/4/1 269/4/1 268/4/1
f 278/4/1 270/4/1 277/4/1
f 279/4/1 272/4/1 271/4/1
f 279/4/1 273/4/1 272/4/1
f 280/2/1 274/2/1 273/2/1
f 280/4/1 273/4/1 279/4/1
f 281/4/1 263/4/1 274/4/1
f 282/2/1 264/2/1 263/2/1
f 282/4/1 263/4/1 281/4/1
f 283/2/1 249/2/1 264/2/1
f 283/2/1 264/2/1 282/2/1
f 284/4/1 250/4/1 249/4/1
f 284/2/1 249/2/1 283/2/1
f 285/4/1 266/4/1 265/4/1
f 285/4/1 265/4/1 251/4/1
f 286/4/1 266/4/1 285/4/1
f 287/4/1 267/4/1 276/4/1
f 287/2/1 278/2/1 277/2/1
f 287/2/1 277/2/1 267/2/1
f 288/2/1 278/2/1 287/2/1
f 289/2/1 258/2/1 270/2/1
f 289/4/1 247/4/1 258/4/1
f 290/2/1 259/2/1 247/2/1
f 290/4/1 247/4/1 289/4/1
f 291/4/1 239/4/1 260/4/1
f 291/4/1 260/4/1 259/4/1
f 292/2/1 271/2/1 239/2/1
f 292/4/1 239/4/1 291/4/1
f 293/2/1 274/2/1 280/2/1
f 293/2/1 280/2/1 279/2/1
f 294/4/1 281/4/1 274/4/1
f 294/2/1 274/2/1 293/2/1
f 295/4/1 266/4/1 286/4/1
f 295/2/1 276/2/1 275/2/1
f 295/2/1 275/2/1 266/2/1
f 296/2/1 276/2/1 295/2/1
f 297/2/1 289/2/1 270/2/1
f 297/2/1 290/2/1 289/2/1
f 297/4/1 270/4/1 278/4/1
f 298/2/1 290/2/1 297/2/1
f 299/2/1 271/2/1 292/2/1
f 299/2/1 292/2/1 291/2/1
f 300/4/1 279/4/1 271/4/1
f 300/2/1 271/2/1 299/2/1
f 301/2/1 278/2/1 288/2/1
f 301/4/1 298/4/1 297/4/1
f 301/4/1 297/4/1 278/4/1
f 302/4/1 298/4/1 301/4/1
f 303/4/1 279/4/1 300/4/1
f 303/4/1 300/4/1 299/4/1
f 304/2/1 293/2/1 279/2/1
f 304/4/1 279/4/1 303/4/1
f 305/2/1 282/2/1 281/2/1
f 305/2/1 283/2/1 282/2/1
f 306/4/1 284/4/1 283/4/1
f 306/2/1 283/2/1 305/2/1
f 307/4/1 250/4/1 284/4/1
f 307/4/1 284/4/1 306/4/1
f 308/4/1 231/4/1 250/4/1
f 308/4/1 250/4/1 307/4/1
f 309/4/1 296/4/1 295/4/1
f 309/4/1 295/4/1 286/4/1
f 309/2/1 286/2/1 285/2/1
f 310/4/1 296/4/1 309/4/1
f 311/2/1 276/2/1 296/2/1
f 311/4/1 288/4/1 287/4/1
f 311/4/1 287/4/1 276/4/1
f 312/4/1 288/4/1 311/4/1
f 313/2/1 301/2/1 288/2/1
f 313/4/1 288/4/1 312/4/1
f 313/2/1 302/2/1 301/2/1
f 314/2/1 302/2/1 313/2/1
f 315/4/1 298/4/1 302/4/1
f 315/2/1 290/2/1 298/2/1
f 316/2/1 290/2/1 315/2/1
f 317/2/1 293/2/1 304/2/1
f 317/2/1 304/2/1 303/2/1
f 318/4/1 294/4/1 293/4/1
f 318/2/1 293/2/1 317/2/1
f 319/4/1 281/4/1 294/4/1
f 319/4/1 294/4/1 318/4/1
f 320/2/1 305/2/1 281/2/1
f 320/4/1 281/4/1 319/4/1
f 321/4/1 307/4/1 306/4/1
f 321/4/1 306/4/1 305/4/1
f 322/2/1 308/2/1 307/2/1
f 322/4/1 307/4/1 321/4/1
f 323/2/1 310/2/1 309/2/1
f 323/2/1 309/2/1 285/2/1
f 323/4/1 285/4/1 251/4/1
f 324/2/1 310/2/1 323/2/1
f 325/2/1 305/2/1 320/2/1
f 325/2/1 320/2/1 319/2/1
f 326/4/1 321/4/1 305/4/1
f 326/2/1 305/2/1 325/2/1
f 327/2/1 308/2/1 322/2/1
f 327/2/1 322/2/1 321/2/1
f 328/4/1 231/4/1 308/4/1
f 328/2/1 308/2/1 327/2/1
f 329/2/1 310/2/1 324/2/1
f 329/4/1 324/4/1 323/4/1
f 330/4/1 296/4/1 310/4/1
f 330/2/1 310/2/1 329/2/1
f 331/2/1 312/2/1 311/2/1
f 331/4/1 296/4/1 330/4/1
f 331/2/1 311/2/1 296/2/1
f 332/2/1 312/2/1 331/2/1
f 333/2/1 302/2/1 314/2/1
f 333/4/1 316/4/1 315/4/1
f 333/4/1 315/4/1 302/4/1
f 334/4/1 316/4/1 333/4/1
f 335/4/1 291/4/1 259/4/1
f 335/2/1 299/2/1 291/2/1
f 336/4/1 303/4/1 299/4/1
f 336/2/1 299/2/1 335/2/1
f 337/2/1 317/2/1 303/2/1
f 337/4/1 303/4/1 336/4/1
f 338/4/1 318/4/1 317/4/1
f 338/4/1 319/4/1 318/4/1
f 339/2/1 325/2/1 319/2/1
f 339/4/1 319/4/1 338/4/1
f 340/4/1 329/4/1 323/4/1
f 340/4/1 332/4/1 331/4/1
f 340/4/1 330/4/1 329/4/1
f 340/4/1 331/4/1 330/4/1
f 341/4/1 332/4/1 340/4/1
f 342/2/1 312/2/1 332/2/1
f 342/4/1 332/4/1 341/4/1
f 343/4/1 314/4/1 313/4/1
f 343/2/1 312/2/1 342/2/1
f 343/4/1 313/4/1 312/4/1
f 344/2/1 334/2/1 333/2/1
f 344/4/1 314/4/1 343/4/1
f 344/2/1 333/2/1 314/2/1
f 345/2/1 334/2/1 344/2/1
f 346/2/1 317/2/1 337/2/1
f 346/2/1 337/2/1 336/2/1
f 347/4/1 338/4/1 317/4/1
f 347/2/1 317/2/1 346/2/1
f 348/2/1 325/2/1 339/2/1
f 348/2/1 339/2/1 338/2/1
f 349/4/1 326/4/1 325/4/1
f 349/2/1 325/2/1 348/2/1
f 350/4/1 323/4/1 251/4/1
f 350/4/1 340/4/1 323/4/1
f 351/4/1 340/4/1 350/4/1
f 352/2/1 341/2/1 340/2/1
f 352/4/1 340/4/1 351/4/1
f 353/2/1 341/2/1 352/2/1
f 354/4/1 342/4/1 341/4/1
f 354/4/1 343/4/1 342/4/1
f 354/4/1 345/4/1 344/4/1
f 354/4/1 344/4/1 343/4/1
f 355/4/1 345/4/1 354/4/1
f 356/2/1 334/2/1 345/2/1
f 356/4/1 345/4/1 355/4/1
f 357/4/1 316/4/1 334/4/1
f 357/2/1 334/2/1 356/2/1
f 358/4/1 336/4/1 335/4/1
f 358/2/1 346/2/1 336/2/1
f 359/4/1 347/4/1 346/4/1
f 359/2/1 346/2/1 358/2/1
f 360/4/1 338/4/1 347/4/1
f 360/4/1 347/4/1 359/4/1
f 361/2/1 348/2/1 338/2/1
f 361/4/1 338/4/1 360/4/1
f 362/4/1 321/4/1 326/4/1
f 362/4/1 326/4/1 349/4/1
f 362/4/1 349/4/1 348/4/1
f 363/2/1 327/2/1 321/2/1
f 363/4/1 321/4/1 362/4/1
f 364/4/1 328/4/1 327/4/1
f 364/2/1 327/2/1 363/2/1
f 365/4/1 231/4/1 328/4/1
f 365/4/1 328/4/1 364/4/1
f 366/4/1 231/4/1 365/4/1
f 367/2/1 351/2/1 350/2/1
f 368/4/1 353/4/1 352/4/1
f 368/2/1 351/2/1 367/2/1
f 368/4/1 352/4/1 351/4/1
f 369/4/1 356/4/1 355/4/1
f 369/2/1 290/2/1 316/2/1
f 369/4/1 316/4/1 357/4/1
f 369/4/1 357/4/1 356/4/1
f 370/2/1 259/2/1 290/2/1
f 370/2/1 290/2/1 369/2/1
f 371/4/1 359/4/1 358/4/1
f 371/2/1 259/2/1 370/2/1
f 371/4/1 358/4/1 335/4/1
f 371/4/1 335/4/1 259/4/1
f 371/4/1 360/4/1 359/4/1
f 372/4/1 360/4/1 371/4/1
f 373/4/1 364/4/1 363/4/1
f 373/4/1 365/4/1 364/4/1
f 373/2/1 366/2/1 365/2/1
f 374/2/1 366/2/1 373/2/1
f 375/4/1 353/4/1 368/4/1
f 375/4/1 368/4/1 367/4/1
f 376/4/1 353/4/1 375/4/1
f 377/2/1 355/2/1 354/2/1
f 377/4/1 354/4/1 341/4/1
f 378/2/1 355/2/1 377/2/1
f 379/2/1 348/2/1 361/2/1
f 379/2/1 361/2/1 360/2/1
f 380/4/1 362/4/1 348/4/1
f 380/2/1 348/2/1 379/2/1
f 381/4/1 374/4/1 373/4/1
f 381/4/1 373/4/1 363/4/1
f 382/4/1 374/4/1 381/4/1
f 383/4/1 370/4/1 369/4/1
f 383/2/1 355/2/1 378/2/1
f 383/4/1 369/4/1 355/4/1
f 384/4/1 370/4/1 383/4/1
f 385/4/1 360/4/1 372/4/1
f 386/2/1 379/2/1 360/2/1
f 386/4/1 360/4/1 385/4/1
f 387/2/1 341/2/1 353/2/1
f 387/4/1 353/4/1 376/4/1
f 388/4/1 378/4/1 377/4/1
f 388/2/1 341/2/1 387/2/1
f 388/4/1 377/4/1 341/4/1
f 389/4/1 370/4/1 384/4/1
f 389/2/1 372/2/1 371/2/1
f 389/2/1 371/2/1 370/2/1
f 390/2/1 372/2/1 389/2/1
f 391/2/1 379/2/1 386/2/1
f 391/2/1 386/2/1 385/2/1
f 392/4/1 380/4/1 379/4/1
f 392/2/1 379/2/1 391/2/1
f 393/4/1 362/4/1 380/4/1
f 393/4/1 380/4/1 392/4/1
f 393/2/1 363/2/1 362/2/1
f 394/4/1 381/4/1 363/4/1
f 394/2/1 363/2/1 393/2/1
f 395/2/1 376/2/1 375/2/1
f 395/4/1 375/4/1 367/4/1
f 396/4/1 387/4/1 376/4/1
f 396/2/1 376/2/1 395/2/1
f 396/4/1 388/4/1 387/4/1
f 397/4/1 378/4/1 388/4/1
f 397/4/1 388/4/1 396/4/1
f 397/2/1 384/2/1 383/2/1
f 397/2/1 383/2/1 378/2/1
f 398/2/1 384/2/1 397/2/1
f 399/2/1 372/2/1 390/2/1
f 399/4/1 390/4/1 389/4/1
f 400/2/1 372/2/1 399/2/1
f 401/2/1 382/2/1 381/2/1
f 401/4/1 392/4/1 391/4/1
f 401/4/1 393/4/1 392/4/1
f 401/4/1 381/4/1 394/4/1
f 401/4/1 394/4/1 393/4/1
f 402/4/1 374/4/1 382/4/1
f 402/2/1 382/2/1 401/2/1
f 403/4/1 396/4/1 395/4/1
f 403/4/1 398/4/1 397/4/1
f 403/4/1 397/4/1 396/4/1
f 404/4/1 398/4/1 403/4/1
f 405/4/1 398/4/1 404/4/1
f 406/2/1 384/2/1 398/2/1
f 406/4/1 398/4/1 405/4/1
f 407/4/1 400/4/1 399/4/1
f 407/2/1 384/2/1 406/2/1
f 407/4/1 389/4/1 384/4/1
f 407/4/1 399/4/1 389/4/1
f 408/4/1 400/4/1 407/4/1
f 409/2/1 372/2/1 400/2/1
f 409/4/1 385/4/1 372/4/1
f 410/4/1 385/4/1 409/4/1
f 411/4/1 385/4/1 410/4/1
f 412/2/1 391/2/1 385/2/1
f 412/4/1 385/4/1 411/4/1
f 413/4/1 401/4/1 391/4/1
f 413/2/1 391/2/1 412/2/1
f 413/4/1 402/4/1 401/4/1
f 414/4/1 402/4/1 413/4/1
f 415/4/1 402/4/1 414/4/1
f 416/4/1 402/4/1 415/4/1
f 417/2/1 404/2/1 403/2/1
f 417/4/1 403/4/1 395/4/1
f 418/4/1 405/4/1 404/4/1
f 418/2/1 404/2/1 417/2/1
f 419/2/1 406/2/1 405/2/1
f 419/4/1 405/4/1 418/4/1
f 419/2/1 408/2/1 407/2/1
f 419/2/1 407/2/1 406/2/1
f 420/2/1 408/2/1 419/2/1
f 421/4/1 400/4/1 408/4/1
f 421/2/1 408/2/1 420/2/1
f 422/4/1 400/4/1 421/4/1
f 423/2/1 410/2/1 409/2/1
f 423/4/1 400/4/1 422/4/1
f 423/2/1 409/2/1 400/2/1
f 424/4/1 411/4/1 410/4/1
f 424/2/1 410/2/1 423/2/1
f 425/4/1 411/4/1 424/4/1
f 426/2/1 412/2/1 411/2/1
f 426/4/1 411/4/1 425/4/1
f 426/2/1 414/2/1 413/2/1
f 426/2/1 413/2/1 412/2/1
f 427/2/1 414/2/1 426/2/1
f 428/4/1 415/4/1 414/4/1
f 428/2/1 414/2/1 427/2/1
f 429/4/1 415/4/1 428/4/1
f 430/2/1 416/2/1 415/2/1
f 430/4/1 415/4/1 429/4/1
f 431/2/1 416/2/1 430/2/1
f 432/4/1 402/4/1 416/4/1
f 432/2/1 416/2/1 431/2/1
f 433/4/1 402/4/1 432/4/1
f 434/4/1 418/4/1 417/4/1
f 434/4/1 417/4/1 395/4/1
f 435/4/1 418/4/1 434/4/1
f 436/2/1 419/2/1 418/2/1
f 436/4/1 418/4/1 435/4/1
f 437/2/1 419/2/1 436/2/1
f 438/4/1 420/4/1 419/4/1
f 438/2/1 422/2/1 421/2/1
f 438/2/1 421/2/1 420/2/1
f 439/2/1 422/2/1 438/2/1
f 440/4/1 425/4/1 424/4/1
f 440/2/1 422/2/1 439/2/1
f 440/4/1 423/4/1 422/4/1
f 440/4/1 424/4/1 423/4/1
f 441/4/1 425/4/1 440/4/1
f 442/2/1 427/2/1 426/2/1
f 442/2/1 426/2/1 425/2/1
f 443/4/1 428/4/1 427/4/1
f 443/2/1 427/2/1 442/2/1
f 444/4/1 437/4/1 436/4/1
f 444/4/1 436/4/1 435/4/1
f 444/2/1 435/2/1 434/2/1
f 445/4/1 437/4/1 444/4/1
f 446/2/1 419/2/1 437/2/1
f 446/4/1 437/4/1 445/4/1
f 447/4/1 439/4/1 438/4/1
f 447/2/1 419/2/1 446/2/1
f 447/4/1 438/4/1 419/4/1
f 448/2/1 440/2/1 439/2/1
f 448/4/1 439/4/1 447/4/1
f 448/2/1 441/2/1 440/2/1
f 449/2/1 441/2/1 448/2/1
f 450/4/1 425/4/1 441/4/1
f 450/2/1 441/2/1 449/2/1
f 451/4/1 425/4/1 450/4/1
f 452/2/1 442/2/1 425/2/1
f 452/4/1 425/4/1 451/4/1
f 453/4/1 443/4/1 442/4/1
f 453/2/1 442/2/1 452/2/1
f 454/4/1 431/4/1 430/4/1
f 454/2/1 429/2/1 428/2/1
f 454/4/1 430/4/1 429/4/1
f 455/4/1 431/4/1 454/4/1
f 456/2/1 433/2/1 432/2/1
f 456/4/1 431/4/1 455/4/1
f 456/2/1 432/2/1 431/2/1
f 457/2/1 433/2/1 456/2/1
f 458/4/1 395/4/1 367/4/1
f 458/4/1 434/4/1 395/4/1
f 459/2/1 445/2/1 444/2/1
f 459/4/1 434/4/1 458/4/1
f 459/2/1 444/2/1 434/2/1
f 460/4/1 446/4/1 445/4/1
f 460/4/1 449/4/1 448/4/1
f 460/4/1 447/4/1 446/4/1
f 460/4/1 448/4/1 447/4/1
f 461/4/1 449/4/1 460/4/1
f 462/2/1 450/2/1 449/2/1
f 462/4/1 449/4/1 461/4/1
f 462/2/1 451/2/1 450/2/1
f 463/2/1 451/2/1 462/2/1
f 464/4/1 453/4/1 452/4/1
f 464/2/1 451/2/1 463/2/1
f 464/4/1 452/4/1 451/4/1
f 465/4/1 453/4/1 464/4/1
f 466/4/1 453/4/1 465/4/1
f 467/4/1 453/4/1 466/4/1
f 468/4/1 443/4/1 453/4/1
f 468/4/1 453/4/1 467/4/1
f 468/4/1 428/4/1 443/4/1
f 469/4/1 428/4/1 468/4/1
f 470/2/1 455/2/1 454/2/1
f 470/4/1 456/4/1 455/4/1
f 470/4/1 457/4/1 456/4/1
f 471/4/1 457/4/1 470/4/1
f 472/4/1 402/4/1 433/4/1
f 472/2/1 433/2/1 457/2/1
f 473/4/1 374/4/1 402/4/1
f 473/4/1 402/4/1 472/4/1
f 474/4/1 458/4/1 367/4/1
f 475/2/1 459/2/1 458/2/1
f 475/4/1 458/4/1 474/4/1
f 476/2/1 445/2/1 459/2/1
f 476/2/1 459/2/1 475/2/1
f 476/4/1 460/4/1 445/4/1
f 477/2/1 461/2/1 460/2/1
f 477/4/1 460/4/1 476/4/1
f 478/4/1 463/4/1 462/4/1
f 478/2/1 461/2/1 477/2/1
f 478/4/1 462/4/1 461/4/1
f 479/2/1 464/2/1 463/2/1
f 479/4/1 463/4/1 478/4/1
f 479/2/1 465/2/1 464/2/1
f 480/4/1 466/4/1 465/4/1
f 480/2/1 465/2/1 479/2/1
f 481/2/1 467/2/1 466/2/1
f 481/4/1 466/4/1 480/4/1
f 482/4/1 468/4/1 467/4/1
f 482/2/1 467/2/1 481/2/1
f 483/2/1 469/2/1 468/2/1
f 483/4/1 468/4/1 482/4/1
f 484/4/1 428/4/1 469/4/1
f 484/2/1 469/2/1 483/2/1
f 485/2/1 471/2/1 470/2/1
f 485/4/1 428/4/1 484/4/1
f 485/2/1 470/2/1 454/2/1
f 485/2/1 454/2/1 428/2/1
f 486/4/1 457/4/1 471/4/1
f 486/2/1 471/2/1 485/2/1
f 487/2/1 472/2/1 457/2/1
f 487/4/1 457/4/1 486/4/1
f 487/2/1 473/2/1 472/2/1
f 488/4/1 374/4/1 473/4/1
f 488/2/1 473/2/1 487/2/1
f 489/4/1 374/4/1 488/4/1
f 494/4/1 491/4/1 490/4/1
f 495/4/1 491/4/1 494/4/1
f 496/4/1 493/4/1 492/4/1
f 497/4/1 493/4/1 496/4/1
f 498/2/1 495/2/1 494/2/1
f 499/2/1 497/2/1 496/2/1
f 500/2/1 498/2/1 494/2/1
f 501/2/1 498/2/1 500/2/1
f 502/2/1 497/2/1 499/2/1
f 503/2/1 497/2/1 502/2/1
f 504/4/1 501/4/1 500/4/1
f 505/4/1 503/4/1 502/4/1
f 506/4/1 504/4/1 500/4/1
f 507/4/1 503/4/1 505/4/1
f 508/4/1 506/4/1 500/4/1
f 509/4/1 506/4/1 508/4/1
f 510/4/1 503/4/1 507/4/1
f 511/4/1 503/4/1 510/4/1
f 512/2/1 509/2/1 508/2/1
f 513/2/1 511/2/1 510/2/1
f 514/2/1 512/2/1 508/2/1
f 515/2/1 512/2/1 514/2/1
f 516/2/1 511/2/1 513/2/1
f 517/2/1 511/2/1 516/2/1
f 518/4/1 517/4/1 516/4/1
f 519/4/1 515/4/1 514/4/1
f 520/4/1 519/4/1 514/4/1
f 521/4/1 517/4/1 518/4/1
f 522/4/1 520/4/1 514/4/1
f 523/4/1 517/4/1 521/4/1
f 524/4/1 522/4/1 514/4/1
f 525/4/1 522/4/1 524/4/1
f 546/4/1 517/4/1 523/4/1
f 547/4/1 517/4/1 546/4/1
f 548/4/1 526/4/1 525/4/1
f 548/2/1 527/2/1 526/2/1
f 549/4/1 528/4/1 527/4/1
f 549/2/1 527/2/1 548/2/1
f 550/4/1 531/4/1 530/4/1
f 550/4/1 532/4/1 531/4/1
f 550/4/1 533/4/1 532/4/1
f 550/4/1 534/4/1 533/4/1
f 551/4/1 534/4/1 550/4/1
f 552/4/1 534/4/1 551/4/1
f 553/2/1 535/2/1 534/2/1
f 553/4/1 534/4/1 552/4/1
f 554/4/1 536/4/1 535/4/1
f 554/2/1 535/2/1 553/2/1
f 554/4/1 537/4/1 536/4/1
f 554/4/1 538/4/1 537/4/1
f 554/4/1 539/4/1 538/4/1
f 554/4/1 540/4/1 539/4/1
f 554/4/1 541/4/1 540/4/1
f 555/4/1 541/4/1 554/4/1
f 556/4/1 541/4/1 555/4/1
f 557/2/1 545/2/1 544/2/1
f 557/4/1 544/4/1 543/4/1
f 558/4/1 546/4/1 545/4/1
f 558/2/1 545/2/1 557/2/1
f 559/4/1 548/4/1 525/4/1
f 559/4/1 549/4/1 548/4/1
f 560/2/1 529/2/1 528/2/1
f 560/4/1 549/4/1 559/4/1
f 560/2/1 530/2/1 529/2/1
f 560/4/1 528/4/1 549/4/1
f 561/4/1 550/4/1 530/4/1
f 561/2/1 530/2/1 560/2/1
f 562/2/1 551/2/1 550/2/1
f 562/4/1 550/4/1 561/4/1
f 563/4/1 552/4/1 551/4/1
f 563/2/1 551/2/1 562/2/1
f 564/2/1 553/2/1 552/2/1
f 564/4/1 552/4/1 563/4/1
f 565/4/1 555/4/1 554/4/1
f 565/2/1 553/2/1 564/2/1
f 565/4/1 554/4/1 553/4/1
f 566/2/1 556/2/1 555/2/1
f 566/4/1 555/4/1 565/4/1
f 567/4/1 541/4/1 556/4/1
f 567/2/1 556/2/1 566/2/1
f 568/2/1 542/2/1 541/2/1
f 568/4/1 541/4/1 567/4/1
f 568/2/1 543/2/1 542/2/1
f 569/4/1 557/4/1 543/4/1
f 569/2/1 543/2/1 568/2/1
f 569/4/1 558/4/1 557/4/1
f 570/4/1 546/4/1 558/4/1
f 570/4/1 558/4/1 569/4/1
f 575/4/1 572/4/1 571/4/1
f 576/4/1 572/4/1 575/4/1
f 599/4/1 574/4/1 573/4/1
f 600/4/1 574/4/1 599/4/1
f 601/4/1 578/4/1 577/4/1
f 602/2/1 579/2/1 578/2/1
f 602/4/1 578/4/1 601/4/1
f 602/2/1 580/2/1 579/2/1
f 603/4/1 581/4/1 580/4/1
f 603/2/1 580/2/1 602/2/1
f 604/2/1 582/2/1 581/2/1
f 604/4/1 581/4/1 603/4/1
f 605/4/1 583/4/1 582/4/1
f 605/2/1 582/2/1 604/2/1
f 606/2/1 584/2/1 583/2/1
f 606/4/1 583/4/1 605/4/1
f 606/2/1 585/2/1 584/2/1
f 607/4/1 586/4/1 585/4/1
f 607/2/1 585/2/1 606/2/1
f 607/4/1 587/4/1 586/4/1
f 607/4/1 588/4/1 587/4/1
f 608/2/1 589/2/1 588/2/1
f 608/4/1 588/4/1 607/4/1
f 609/4/1 590/4/1 589/4/1
f 609/2/1 589/2/1 608/2/1
f 610/2/1 591/2/1 590/2/1
f 610/4/1 590/4/1 609/4/1
f 610/2/1 592/2/1 591/2/1
f 611/4/1 593/4/1 592/4/1
f 611/2/1 592/2/1 610/2/1
f 612/2/1 594/2/1 593/2/1
f 612/4/1 593/4/1 611/4/1
f 613/4/1 595/4/1 594/4/1
f 613/2/1 594/2/1 612/2/1
f 614/2/1 597/2/1 596/2/1
f 614/4/1 595/4/1 613/4/1
f 614/2/1 596/2/1 595/2/1
f 615/4/1 598/4/1 597/4/1
f 615/2/1 597/2/1 614/2/1
f 616/4/1 598/4/1 615/4/1
f 621/2/1 618/2/1 617/2/1
f 622/2/1 618/2/1 621/2/1
f 639/2/1 620/2/1 619/2/1
f 640/2/1 620/2/1 639/2/1
f 641/2/1 624/2/1 623/2/1
f 641/2/1 625/2/1 624/2/1
f 642/4/1 626/4/1 625/4/1
f 642/2/1 625/2/1 641/2/1
f 642/4/1 627/4/1 626/4/1
f 642/4/1 628/4/1 627/4/1
f 642/4/1 629/4/1 628/4/1
f 643/2/1 630/2/1 629/2/1
f 643/4/1 629/4/1 642/4/1
f 643/2/1 631/2/1 630/2/1
f 644/4/1 636/4/1 635/4/1
f 644/2/1 631/2/1 643/2/1
f 644/4/1 635/4/1 634/4/1
f 644/4/1 632/4/1 631/4/1
f 644/4/1 633/4/1 632/4/1
f 644/4/1 634/4/1 633/4/1
f 645/2/1 638/2/1 637/2/1
f 645/4/1 636/4/1 644/4/1
f 645/2/1 637/2/1 636/2/1
f 646/2/1 638/2/1 645/2/1
f 651/1/1 648/1/1 647/1/1
f 652/1/1 648/1/1 651/1/1
f 653/1/1 650/1/1 649/1/1
f 654/1/1 650/1/1 653/1/1
f 655/3/1 652/3/1 651/3/1
f 656/3/1 655/3/1 651/3/1
f 657/3/1 655/3/1 656/3/1
f 658/3/1 654/3/1 653/3/1
f 659/3/1 654/3/1 658/3/1
f 662/4/1 657/4/1 656/4/1
f 663/4/1 657/4/1 662/4/1
f 664/4/1 659/4/1 658/4/1
f 665/4/1 659/4/1 664/4/1
f 666/4/1 661/4/1 660/4/1
f 667/4/1 661/4/1 666/4/1
f 670/4/1 669/4/1 668/4/1
f 671/4/1 669/4/1 670/4/1
f 674/4/1 673/4/1 672/4/1
f 675/4/1 673/4/1 674/4/1
f 680/2/1 677/2/1 676/2/1
f 681/2/1 677/2/1 680/2/1
f 682/2/1 679/2/1 678/2/1
f 683/2/1 679/2/1 682/2/1
f 686/4/1 685/4/1 684/4/1
f 687/4/1 685/4/1 686/4/1
f 690/4/1 689/4/1 688/4/1
f 691/4/1 689/4/1 690/4/1
f 694/4/1 693/4/1 692/4/1
f 695/4/1 693/4/1 694/4/1
f 698/14/1 697/14/1 696/14/1
f 699/14/1 697/14/1 698/14/1
f 700/13/1 699/13/1 698/13/1
f 701/13/1 699/13/1 700/13/1
f 702/14/1 701/14/1 700/14/1
f 703/14/1 701/14/1 702/14/1
f 704/13/1 703/13/1 702/13/1
f 705/13/1 703/13/1 704/13/1
f 706/14/1 705/14/1 704/14/1
f 707/14/1 706/14/1 704/14/1
f 708/14/1 707/14/1 704/14/1
f 709/14/1 707/14/1 708/14/1
f 710/13/1 709/13/1 708/13/1
f 711/13/1 709/13/1 710/13/1
f 712/14/1 711/14/1 710/14/1
f 713/14/1 711/14/1 712/14/1
f 714/13/1 713/13/1 712/13/1
f 715/13/1 713/13/1 714/13/1
f 716/14/1 715/14/1 714/14/1
f 717/14/1 715/14/1 716/14/1
f 720/9/1 719/9/1 718/9/1
f 721/9/1 720/9/1 718/9/1
f 722/9/1 720/9/1 721/9/1
f 723/6/1 722/6/1 721/6/1
f 724/6/1 722/6/1 723/6/1
f 725/9/1 724/9/1 723/9/1
f 726/9/1 725/9/1 723/9/1
f 727/9/1 725/9/1 726/9/1
f 728/9/1 725/9/1 727/9/1
f 731/7/1 730/7/1 729/7/1
f 732/7/1 730/7/1 731/7/1
f 733/5/1 732/5/1 731/5/1
f 734/5/1 732/5/1 733/5/1
f 735/7/1 734/7/1 733/7/1
f 736/7/1 734/7/1 735/7/1
f 737/5/1 736/5/1 735/5/1
f 738/5/1 736/5/1 737/5/1
f 739/7/1 738/7/1 737/7/1
f 740/7/1 738/7/1 739/7/1
f 741/5/1 740/5/1 739/5/1
f 742/5/1 740/5/1 741/5/1
f 743/7/1 742/7/1 741/7/1
f 744/7/1 742/7/1 743/7/1
f 745/5/1 744/5/1 743/5/1
f 746/5/1 744/5/1 745/5/1
f 747/7/1 746/7/1 745/7/1
f 748/7/1 746/7/1 747/7/1
f 749/5/1 748/5/1 747/5/1
f 750/5/1 748/5/1 749/5/1
f 751/7/1 750/7/1 749/7/1
f 752/7/1 750/7/1 751/7/1
f 753/5/1 752/5/1 751/5/1
f 754/5/1 752/5/1 753/5/1
f 755/7/1 754/7/1 753/7/1
f 756/7/1 754/7/1 755/7/1
f 757/5/1 756/5/1 755/5/1
f 758/5/1 756/5/1 757/5/1
f 759/7/1 758/7/1 757/7/1
f 760/7/1 758/7/1 759/7/1
f 761/5/1 760/5/1 759/5/1
f 762/5/1 760/5/1 761/5/1
f 765/10/1 764/10/1 763/10/1
f 766/10/1 764/10/1 765/10/1
f 767/15/1 766/15/1 765/15/1
f 768/15/1 766/15/1 767/15/1
f 769/10/1 768/10/1 767/10/1
f 770/10/1 769/10/1 767/10/1
f 771/10/1 770/10/1 767/10/1
f 772/10/1 770/10/1 771/10/1
f 773/15/1 772/15/1 771/15/1
f 774/15/1 772/15/1 773/15/1
f 775/10/1 774/10/1 773/10/1
f 776/10/1 774/10/1 775/10/1
f 777/15/1 776/15/1 775/15/1
f 778/15/1 776/15/1 777/15/1
f 779/10/1 778/10/1 777/10/1
f 780/10/1 779/10/1 777/10/1
f 781/10/1 780/10/1 777/10/1
f 782/10/1 780/10/1 781/10/1
f 783/15/1 782/15/1 781/15/1
f 784/15/1 782/15/1 783/15/1
f 785/10/1 784/10/1 783/10/1
f 786/10/1 784/10/1 785/10/1
f 789/12/1 788/12/1 787/12/1
f 790/12/1 788/12/1 789/12/1
f 791/16/1 790/16/1 789/16/1
f 792/16/1 790/16/1 791/16/1
f 793/12/1 792/12/1 791/12/1
f 794/12/1 793/12/1 791/12/1
f 795/12/1 793/12/1 794/12/1
f 796/16/1 795/16/1 794/16/1
f 797/16/1 795/16/1 796/16/1
f 798/12/1 797/12/1 796/12/1
f 799/12/1 798/12/1 796/12/1
f 800/12/1 798/12/1 799/12/1
f 801/16/1 800/16/1 799/16/1
f 802/16/1 800/16/1 801/16/1
f 803/12/1 802/12/1 801/12/1
f 804/12/1 802/12/1 803/12/1
f 807/10/1 806/10/1 805/10/1
f 808/10/1 806/10/1 807/10/1
f 811/9/1 810/9/1 809/9/1
f 812/9/1 810/9/1 811/9/1
f 815/10/1 814/10/1 813/10/1
f 816/10/1 814/10/1 815/10/1
f 819/15/1 818/15/1 817/15/1
f 820/15/1 818/15/1 819/15/1
f 821/10/1 820/10/1 819/10/1
f 822/10/1 820/10/1 821/10/1
f 823/15/1 822/15/1 821/15/1
f 824/15/1 822/15/1 823/15/1
f 825/10/1 824/10/1 823/10/1
f 826/10/1 824/10/1 825/10/1
f 827/15/1 826/15/1 825/15/1
f 828/15/1 826/15/1 827/15/1
f 829/10/1 828/10/1 827/10/1
f 830/10/1 828/10/1 829/10/1
f 831/15/1 830/15/1 829/15/1
f 832/15/1 830/15/1 831/15/1
f 835/9/1 834/9/1 833/9/1
f 836/9/1 834/9/1 835/9/1
f 837/6/1 836/6/1 835/6/1
f 838/6/1 837/6/1 835/6/1
f 839/6/1 838/6/1 835/6/1
f 840/6/1 838/6/1 839/6/1
f 841/9/1 840/9/1 839/9/1
f 842/9/1 840/9/1 841/9/1
f 843/6/1 842/6/1 841/6/1
f 844/6/1 842/6/1 843/6/1
f 845/9/1 844/9/1 843/9/1
f 846/9/1 844/9/1 845/9/1
f 847/6/1 846/6/1 845/6/1
f 848/6/1 847/6/1 845/6/1
f 849/6/1 848/6/1 845/6/1
f 850/6/1 848/6/1 849/6/1
f 851/9/1 850/9/1 849/9/1
f 852/9/1 850/9/1 851/9/1
f 855/10/1 854/10/1 853/10/1
f 856/10/1 855/10/1 853/10/1
f 857/10/1 855/10/1 856/10/1
f 858/15/1 857/15/1 856/15/1
f 859/15/1 857/15/1 858/15/1
f 860/10/1 859/10/1 858/10/1
f 861/10/1 859/10/1 860/10/1
f 862/15/1 861/15/1 860/15/1
f 863/15/1 861/15/1 862/15/1
f 864/10/1 863/10/1 862/10/1
f 865/10/1 864/10/1 862/10/1
f 866/10/1 864/10/1 865/10/1
f 869/6/1 868/6/1 867/6/1
f 870/6/1 869/6/1 867/6/1
f 871/6/1 870/6/1 867/6/1
f 872/6/1 870/6/1 871/6/1
f 873/9/1 872/9/1 871/9/1
f 874/9/1 872/9/1 873/9/1
f 875/6/1 874/6/1 873/6/1
f 876/6/1 875/6/1 873/6/1
f 877/6/1 876/6/1 873/6/1
f 878/6/1 876/6/1 877/6/1
f 879/9/1 878/9/1 877/9/1
f 880/9/1 878/9/1 879/9/1
f 881/6/1 880/6/1 879/6/1
f 882/6/1 881/6/1 879/6/1
f 883/6/1 882/6/1 879/6/1
f 884/6/1 882/6/1 883/6/1
f 887/11/1 886/11/1 885/11/1
f 888/11/1 886/11/1 887/11/1
f 889/8/1 888/8/1 887/8/1
f 890/8/1 888/8/1 889/8/1
f 891/11/1 890/11/1 889/11/1
f 892/11/1 890/11/1 891/11/1
f 893/8/1 892/8/1 891/8/1
f 894/8/1 892/8/1 893/8/1
f 895/11/1 894/11/1 893/11/1
f 896/11/1 894/11/1 895/11/1
f 897/8/1 896/8/1 895/8/1
f 898/8/1 896/8/1 897/8/1
f 899/11/1 898/11/1 897/11/1
f 900/11/1 898/11/1 899/11/1
f 904/13/1 902/13/1 901/13/1
f 905/14/1 903/14/1 902/14/1
f 905/13/1 902/13/1 904/13/1
f 906/14/1 903/14/1 905/14/1
f 907/14/1 905/14/1 904/14/1
f 907/14/1 906/14/1 905/14/1
f 908/14/1 907/14/1 904/14/1
f 909/14/1 907/14/1 908/14/1
f 910/13/1 909/13/1 908/13/1
f 911/14/1 907/14/1 909/14/1
f 911/13/1 909/13/1 910/13/1
f 912/14/1 911/14/1 910/14/1
f 912/14/1 907/14/1 911/14/1
f 913/14/1 912/14/1 910/14/1
f 914/14/1 912/14/1 913/14/1
f 915/14/1 912/14/1 914/14/1
f 916/13/1 914/13/1 913/13/1
f 917/14/1 915/14/1 914/14/1
f 917/13/1 914/13/1 916/13/1
f 918/14/1 915/14/1 917/14/1
f 921/8/1 920/8/1 919/8/1
f 922/8/1 920/8/1 921/8/1
f 923/11/1 922/11/1 921/11/1
f 924/11/1 923/11/1 921/11/1
f 925/11/1 923/11/1 924/11/1
f 926/8/1 925/8/1 924/8/1
f 927/8/1 925/8/1 926/8/1
f 928/11/1 927/11/1 926/11/1
f 929/11/1 927/11/1 928/11/1
f 930/8/1 929/8/1 928/8/1
f 931/8/1 929/8/1 930/8/1
f 932/11/1 931/11/1 930/11/1
f 933/11/1 932/11/1 930/11/1
f 934/11/1 932/11/1 933/11/1
f 935/8/1 934/8/1 933/8/1
f 936/8/1 934/8/1 935/8/1
f 939/13/1 938/13/1 937/13/1
f 940/13/1 938/13/1 939/13/1
f 941/14/1 940/14/1 939/14/1
f 942/14/1 941/14/1 939/14/1
f 943/14/1 941/14/1 942/14/1
f 944/13/1 943/13/1 942/13/1
f 945/13/1 943/13/1 944/13/1
f 946/14/1 945/14/1 944/14/1
f 947/14/1 945/14/1 946/14/1
f 948/13/1 947/13/1 946/13/1
f 949/13/1 947/13/1 948/13/1
f 950/14/1 949/14/1 948/14/1
f 951/14/1 950/14/1 948/14/1
f 952/14/1 950/14/1 951/14/1
f 953/13/1 952/13/1 951/13/1
f 954/13/1 952/13/1 953/13/1
f 957/12/1 956/12/1 955/12/1
f 958/12/1 957/12/1 955/12/1
f 959/12/1 958/12/1 955/12/1
f 960/12/1 959/12/1 955/12/1
f 961/12/1 960/12/1 955/12/1
f 962/12/1 961/12/1 955/12/1
f 963/12/1 962/12/1 955/12/1
f 964/12/1 962/12/1 963/12/1
f 967/7/1 966/7/1 965/7/1
f 968/7/1 967/7/1 965/7/1
f 969/7/1 967/7/1 968/7/1
f 970/5/1 969/5/1 968/5/1
f 971/5/1 969/5/1 970/5/1
f 972/7/1 971/7/1 970/7/1
f 973/7/1 972/7/1 970/7/1
f 974/7/1 972/7/1 973/7/1
f 975/5/1 974/5/1 973/5/1
f 976/5/1 974/5/1 975/5/1
f 977/7/1 976/7/1 975/7/1
f 978/7/1 977/7/1 975/7/1
f 979/7/1 977/7/1 978/7/1
f 980/5/1 979/5/1 978/5/1
f 981/5/1 979/5/1 980/5/1
f 982/7/1 981/7/1 980/7/1
f 983/7/1 982/7/1 980/7/1
f 984/7/1 982/7/1 983/7/1
f 987/16/1 986/16/1 985/16/1
f 988/16/1 986/16/1 987/16/1
f 989/12/1 988/12/1 987/12/1
f 990/12/1 988/12/1 989/12/1
f 991/16/1 990/16/1 989/16/1
f 992/16/1 990/16/1 991/16/1
f 993/12/1 992/12/1 991/12/1
f 994/12/1 992/12/1 993/12/1
f 995/16/1 994/16/1 993/16/1
f 996/16/1 994/16/1 995/16/1
f 999/9/1 998/9/1 997/9/1
f 1000/9/1 998/9/1 999/9/1
f 1003/7/1 1002/7/1 1001/7/1
f 1004/7/1 1002/7/1 1003/7/1
f 1005/5/1 1004/5/1 1003/5/1
f 1006/5/1 1005/5/1 1003/5/1
f 1007/5/1 1005/5/1 1006/5/1
f 1008/7/1 1007/7/1 1006/7/1
f 1009/7/1 1008/7/1 1006/7/1
f 1010/7/1 1008/7/1 1009/7/1
f 1011/5/1 1010/5/1 1009/5/1
f 1012/5/1 1010/5/1 1011/5/1
f 1013/7/1 1012/7/1 1011/7/1
f 1014/7/1 1013/7/1 1011/7/1
f 1015/7/1 1013/7/1 1014/7/1
f 1016/5/1 1015/5/1 1014/5/1
f 1017/5/1 1016/5/1 1014/5/1
f 1018/5/1 1016/5/1 1017/5/1
f 1019/7/1 1018/7/1 1017/7/1
f 1020/7/1 1018/7/1 1019/7/1
f 1023/10/1 1022/10/1 1021/10/1
f 1024/10/1 1023/10/1 1021/10/1
f 1025/10/1 1023/10/1 1024/10/1
f 1026/15/1 1025/15/1 1024/15/1
f 1027/15/1 1025/15/1 1026/15/1
f 1028/10/1 1027/10/1 1026/10/1
f 1029/10/1 1027/10/1 1028/10/1
f 1030/15/1 1029/15/1 1028/15/1
f 1031/15/1 1029/15/1 1030/15/1
f 1032/10/1 1031/10/1 1030/10/1
f 1033/10/1 1031/10/1 1032/10/1
f 1034/15/1 1033/15/1 1032/15/1
f 1035/15/1 1033/15/1 1034/15/1
f 1036/10/1 1035/10/1 1034/10/1
f 1037/10/1 1035/10/1 1036/10/1
f 1038/15/1 1037/15/1 1036/15/1
f 1039/15/1 1037/15/1 1038/15/1
f 1040/10/1 1039/10/1 1038/10/1
f 1041/10/1 1039/10/1 1040/10/1
f 1042/15/1 1041/15/1 1040/15/1
f 1043/15/1 1041/15/1 1042/15/1
f 1044/10/1 1043/10/1 1042/10/1
f 1045/10/1 1043/10/1 1044/10/1
f 1046/15/1 1045/15/1 1044/15/1
f 1047/15/1 1045/15/1 1046/15/1
f 1048/10/1 1047/10/1 1046/10/1
f 1049/10/1 1048/10/1 1046/10/1
f 1050/10/1 1048/10/1 1049/10/1
f 1053/9/1 1052/9/1 1051/9/1
f 1054/9/1 1052/9/1 1053/9/1
f 1057/12/1 1056/12/1 1055/12/1
f 1058/12/1 1056/12/1 1057/12/1
f 1061/9/1 1060/9/1 1059/9/1
f 1062/9/1 1060/9/1 1061/9/1
f 1063/6/1 1062/6/1 1061/6/1
f 1064/6/1 1063/6/1 1061/6/1
f 1065/6/1 1063/6/1 1064/6/1
f 1066/9/1 1065/9/1 1064/9/1
f 1067/9/1 1065/9/1 1066/9/1
f 1068/6/1 1067/6/1 1066/6/1
f 1069/6/1 1067/6/1 1068/6/1
f 1070/9/1 1069/9/1 1068/9/1
f 1071/9/1 1069/9/1 1070/9/1
f 1072/6/1 1071/6/1 1070/6/1
f 1073/6/1 1071/6/1 1072/6/1
f 1074/9/1 1073/9/1 1072/9/1
f 1075/9/1 1073/9/1 1074/9/1
f 1076/6/1 1075/6/1 1074/6/1
f 1077/6/1 1076/6/1 1074/6/1
f 1078/6/1 1076/6/1 1077/6/1
f 1079/9/1 1078/9/1 1077/9/1
f 1080/9/1 1078/9/1 1079/9/1
f 1083/16/1 1082/16/1 1081/16/1
f 1084/16/1 1083/16/1 1081/16/1
f 1085/16/1 1083/16/1 1084/16/1
f 1086/12/1 1085/12/1 1084/12/1
f 1087/12/1 1085/12/1 1086/12/1
f 1088/16/1 1087/16/1 1086/16/1
f 1089/16/1 1088/16/1 1086/16/1
f 1090/16/1 1088/16/1 1089/16/1
f 1093/7/1 1092/7/1 1091/7/1
f 1094/7/1 1092/7/1 1093/7/1
f 1095/5/1 1094/5/1 1093/5/1
f 1096/5/1 1095/5/1 1093/5/1
f 1097/5/1 1095/5/1 1096/5/1
f 1098/7/1 1097/7/1 1096/7/1
f 1099/7/1 1097/7/1 1098/7/1
f 1100/5/1 1099/5/1 1098/5/1
f 1101/5/1 1100/5/1 1098/5/1
f 1102/5/1 1100/5/1 1101/5/1
f 1103/7/1 1102/7/1 1101/7/1
f 1104/7/1 1102/7/1 1103/7/1
f 1105/5/1 1104/5/1 1103/5/1
f 1106/5/1 1104/5/1 1105/5/1
f 1107/7/1 1106/7/1 1105/7/1
f 1108/7/1 1106/7/1 1107/7/1
f 1109/5/1 1108/5/1 1107/5/1
f 1110/5/1 1109/5/1 1107/5/1
f 1111/5/1 1109/5/1 1110/5/1
f 1112/7/1 1111/7/1 1110/7/1
f 1113/7/1 1111/7/1 1112/7/1
f 1114/5/1 1113/5/1 1112/5/1
f 1115/5/1 1114/5/1 1112/5/1
f 1116/5/1 1114/5/1 1115/5/1
f 1117/7/1 1116/7/1 1115/7/1
f 1118/7/1 1116/7/1 1117/7/1
f 1121/5/1 1120/5/1 1119/5/1
f 1122/5/1 1120/5/1 1121/5/1
f 1123/7/1 1122/7/1 1121/7/1
f 1124/7/1 1122/7/1 1123/7/1
f 1125/5/1 1124/5/1 1123/5/1
f 1126/5/1 1124/5/1 1125/5/1
f 1127/7/1 1126/7/1 1125/7/1
f 1128/7/1 1126/7/1 1127/7/1
f 1129/5/1 1128/5/1 1127/5/1
f 1130/5/1 1129/5/1 1127/5/1
f 1131/5/1 1130/5/1 1127/5/1
f 1132/5/1 1130/5/1 1131/5/1
f 1133/7/1 1132/7/1 1131/7/1
f 1134/7/1 1132/7/1 1133/7/1
f 1135/5/1 1134/5/1 1133/5/1
f 1136/5/1 1134/5/1 1135/5/1
f 1137/7/1 1136/7/1 1135/7/1
f 1138/7/1 1136/7/1 1137/7/1
f 1139/5/1 1138/5/1 1137/5/1
f 1140/5/1 1138/5/1 1139/5/1
f 1143/14/1 1142/14/1 1141/14/1
f 1144/14/1 1142/14/1 1143/14/1
f 1145/13/1 1144/13/1 1143/13/1
f 1146/13/1 1144/13/1 1145/13/1
f 1147/14/1 1146/14/1 1145/14/1
f 1148/14/1 1147/14/1 1145/14/1
f 1149/14/1 1148/14/1 1145/14/1
f 1150/14/1 1149/14/1 1145/14/1
f 1151/14/1 1150/14/1 1145/14/1
f 1152/14/1 1151/14/1 1145/14/1
f 1153/14/1 1152/14/1 1145/14/1
f 1154/14/1 1152/14/1 1153/14/1
f 1155/13/1 1154/13/1 1153/13/1
f 1156/13/1 1154/13/1 1155/13/1
f 1157/14/1 1156/14/1 1155/14/1
f 1158/14/1 1156/14/1 1157/14/1
f 1161/14/1 1160/14/1 1159/14/1
f 1162/14/1 1160/14/1 1161/14/1
f 1163/13/1 1162/13/1 1161/13/1
f 1164/13/1 1163/13/1 1161/13/1
f 1165/13/1 1163/13/1 1164/13/1
f 1166/14/1 1165/14/1 1164/14/1
f 1167/14/1 1165/14/1 1166/14/1
f 1168/13/1 1167/13/1 1166/13/1
f 1169/13/1 1168/13/1 1166/13/1
f 1170/13/1 1168/13/1 1169/13/1
f 1171/14/1 1170/14/1 1169/14/1
f 1172/14/1 1170/14/1 1171/14/1
f 1175/14/1 1174/14/1 1173/14/1
f 1176/14/1 1175/14/1 1173/14/1
f 1177/14/1 1175/14/1 1176/14/1
f 1178/13/1 1177/13/1 1176/13/1
f 1179/13/1 1177/13/1 1178/13/1
f 1180/14/1 1179/14/1 1178/14/1
f 1181/14/1 1179/14/1 1180/14/1
f 1182/13/1 1181/13/1 1180/13/1
f 1183/13/1 1181/13/1 1182/13/1
f 1184/14/1 1183/14/1 1182/14/1
f 1185/14/1 1184/14/1 1182/14/1
f 1186/14/1 1184/14/1 1185/14/1
f 1189/11/1 1188/11/1 1187/11/1
f 1190/11/1 1188/11/1 1189/11/1
f 1193/13/1 1192/13/1 1191/13/1
f 1194/13/1 1192/13/1 1193/13/1
f 1195/14/1 1194/14/1 1193/14/1
f 1196/14/1 1194/14/1 1195/14/1
f 1197/13/1 1196/13/1 1195/13/1
f 1198/13/1 1196/13/1 1197/13/1
f 1199/14/1 1198/14/1 1197/14/1
f 1200/14/1 1198/14/1 1199/14/1
f 1201/13/1 1200/13/1 1199/13/1
f 1202/13/1 1200/13/1 1201/13/1
f 1205/11/1 1204/11/1 1203/11/1
f 1206/11/1 1204/11/1 1205/11/1
f 1207/8/1 1206/8/1 1205/8/1
f 1208/8/1 1206/8/1 1207/8/1
f 1209/11/1 1208/11/1 1207/11/1
f 1210/11/1 1208/11/1 1209/11/1
f 1211/8/1 1210/8/1 1209/8/1
f 1212/8/1 1210/8/1 1211/8/1
f 1213/11/1 1212/11/1 1211/11/1
f 1214/11/1 1212/11/1 1213/11/1
f 1218/11/1 1216/11/1 1215/11/1
f 1218/11/1 1217/11/1 1216/11/1
f 1219/11/1 1217/11/1 1218/11/1
f 1223/9/1 1221/9/1 1220/9/1
f 1223/9/1 1222/9/1 1221/9/1
f 1224/9/1 1222/9/1 1223/9/1
f 1227/11/1 1226/11/1 1225/11/1
f 1228/11/1 1226/11/1 1227/11/1
f 1229/8/1 1228/8/1 1227/8/1
f 1230/8/1 1228/8/1 1229/8/1
f 1231/11/1 1230/11/1 1229/11/1
f 1232/11/1 1230/11/1 1231/11/1
f 1233/8/1 1232/8/1 1231/8/1
f 1234/8/1 1232/8/1 1233/8/1
f 1235/11/1 1234/11/1 1233/11/1
f 1236/11/1 1234/11/1 1235/11/1
f 1237/8/1 1236/8/1 1235/8/1
f 1238/8/1 1236/8/1 1237/8/1
f 1239/11/1 1238/11/1 1237/11/1
f 1240/11/1 1238/11/1 1239/11/1
f 1243/9/1 1242/9/1 1241/9/1
f 1244/9/1 1242/9/1 1243/9/1
f 1245/6/1 1244/6/1 1243/6/1
f 1246/6/1 1244/6/1 1245/6/1
f 1247/9/1 1246/9/1 1245/9/1
f 1248/9/1 1246/9/1 1247/9/1
f 1249/6/1 1248/6/1 1247/6/1
f 1250/6/1 1248/6/1 1249/6/1
f 1251/9/1 1250/9/1 1249/9/1
f 1252/9/1 1250/9/1 1251/9/1
f 1253/6/1 1252/6/1 1251/6/1
f 1254/6/1 1252/6/1 1253/6/1
f 1255/9/1 1254/9/1 1253/9/1
f 1256/9/1 1254/9/1 1255/9/1
f 1259/11/1 1258/11/1 1257/11/1
f 1260/11/1 1258/11/1 1259/11/1
f 1261/8/1 1260/8/1 1259/8/1
f 1262/8/1 1260/8/1 1261/8/1
f 1263/11/1 1262/11/1 1261/11/1
f 1264/11/1 1262/11/1 1263/11/1
f 1265/8/1 1264/8/1 1263/8/1
f 1266/8/1 1264/8/1 1265/8/1
f 1267/11/1 1266/11/1 1265/11/1
f 1268/11/1 1266/11/1 1267/11/1
f 1269/8/1 1268/8/1 1267/8/1
f 1270/8/1 1268/8/1 1269/8/1
f 1271/11/1 1270/11/1 1269/11/1
f 1272/11/1 1270/11/1 1271/11/1
f 1273/8/1 1272/8/1 1271/8/1
f 1274/8/1 1272/8/1 1273/8/1
f 1275/11/1 1274/11/1 1273/11/1
f 1276/11/1 1274/11/1 1275/11/1
f 1279/16/1 1278/16/1 1277/16/1
f 1280/16/1 1278/16/1 1279/16/1
f 1281/12/1 1280/12/1 1279/12/1
f 1282/12/1 1281/12/1 1279/12/1
f 1283/12/1 1282/12/1 1279/12/1
f 1284/12/1 1282/12/1 1283/12/1
f 1285/16/1 1284/16/1 1283/16/1
f 1286/16/1 1284/16/1 1285/16/1
f 1287/12/1 1286/12/1 1285/12/1
f 1288/12/1 1287/12/1 1285/12/1
f 1289/12/1 1288/12/1 1285/12/1
f 1290/12/1 1288/12/1 1289/12/1
f 1291/16/1 1290/16/1 1289/16/1
f 1292/16/1 1290/16/1 1291/16/1
f 1295/9/1 1294/9/1 1293/9/1
f 1296/9/1 1294/9/1 1295/9/1
f 1297/6/1 1296/6/1 1295/6/1
f 1298/6/1 1297/6/1 1295/6/1
f 1299/6/1 1298/6/1 1295/6/1
f 1300/6/1 1298/6/1 1299/6/1
f 1301/9/1 1300/9/1 1299/9/1
f 1302/9/1 1300/9/1 1301/9/1
f 1303/6/1 1302/6/1 1301/6/1
f 1304/6/1 1303/6/1 1301/6/1
f 1305/6/1 1304/6/1 1301/6/1
f 1306/6/1 1304/6/1 1305/6/1
f 1307/9/1 1306/9/1 1305/9/1
f 1308/9/1 1306/9/1 1307/9/1
f 1309/6/1 1308/6/1 1307/6/1
f 1310/6/1 1309/6/1 1307/6/1
f 1311/6/1 1310/6/1 1307/6/1
f 1312/6/1 1310/6/1 1311/6/1
f 1313/9/1 1312/9/1 1311/9/1
f 1314/9/1 1312/9/1 1313/9/1
f 1317/12/1 1316/12/1 1315/12/1
f 1318/12/1 1316/12/1 1317/12/1
f 1319/16/1 1318/16/1 1317/16/1
f 1320/16/1 1318/16/1 1319/16/1
f 1321/12/1 1320/12/1 1319/12/1
f 1322/12/1 1320/12/1 1321/12/1
f 1323/16/1 1322/16/1 1321/16/1
f 1324/16/1 1322/16/1 1323/16/1
f 1325/12/1 1324/12/1 1323/12/1
f 1326/12/1 1324/12/1 1325/12/1
f 1327/16/1 1326/16/1 1325/16/1
f 1328/16/1 1326/16/1 1327/16/1
f 1329/12/1 1328/12/1 1327/12/1
f 1330/12/1 1328/12/1 1329/12/1
f 1331/16/1 1330/16/1 1329/16/1
f 1332/16/1 1330/16/1 1331/16/1
f 1333/12/1 1332/12/1 1331/12/1
f 1334/12/1 1332/12/1 1333/12/1
f 1337/9/1 1336/9/1 1335/9/1
f 1338/9/1 1336/9/1 1337/9/1
f 1339/6/1 1338/6/1 1337/6/1
f 1340/6/1 1338/6/1 1339/6/1
f 1341/9/1 1340/9/1 1339/9/1
f 1342/9/1 1341/9/1 1339/9/1
f 1343/9/1 1341/9/1 1342/9/1
f 1344/6/1 1343/6/1 1342/6/1
f 1345/6/1 1343/6/1 1344/6/1
f 1346/9/1 1345/9/1 1344/9/1
f 1347/9/1 1346/9/1 1344/9/1
f 1348/9/1 1346/9/1 1347/9/1
f 1349/6/1 1348/6/1 1347/6/1
f 1350/6/1 1348/6/1 1349/6/1
f 1351/9/1 1350/9/1 1349/9/1
f 1352/9/1 1350/9/1 1351/9/1
f 1355/10/1 1354/10/1 1353/10/1
f 1356/10/1 1354/10/1 1355/10/1
f 1357/15/1 1356/15/1 1355/15/1
f 1358/15/1 1356/15/1 1357/15/1
f 1359/10/1 1358/10/1 1357/10/1
f 1360/10/1 1358/10/1 1359/10/1
f 1361/15/1 1360/15/1 1359/15/1
f 1362/15/1 1360/15/1 1361/15/1
f 1363/10/1 1362/10/1 1361/10/1
f 1364/10/1 1362/10/1 1363/10/1
f 1367/12/1 1366/12/1 1365/12/1
f 1368/12/1 1366/12/1 1367/12/1
f 1369/16/1 1368/16/1 1367/16/1
f 1370/16/1 1368/16/1 1369/16/1
f 1371/12/1 1370/12/1 1369/12/1
f 1372/12/1 1370/12/1 1371/12/1
f 1373/16/1 1372/16/1 1371/16/1
f 1374/16/1 1372/16/1 1373/16/1
f 1375/12/1 1374/12/1 1373/12/1
f 1376/12/1 1374/12/1 1375/12/1
f 1377/16/1 1376/16/1 1375/16/1
f 1378/16/1 1376/16/1 1377/16/1
f 1379/12/1 1378/12/1 1377/12/1
f 1380/12/1 1378/12/1 1379/12/1
f 1381/16/1 1380/16/1 1379/16/1
f 1382/16/1 1380/16/1 1381/16/1
f 1383/12/1 1382/12/1 1381/12/1
f 1384/12/1 1382/12/1 1383/12/1
f 1387/9/1 1386/9/1 1385/9/1
f 1388/9/1 1387/9/1 1385/9/1
f 1389/9/1 1387/9/1 1388/9/1
f 1390/6/1 1389/6/1 1388/6/1
f 1391/6/1 1389/6/1 1390/6/1
f 1392/9/1 1391/9/1 1390/9/1
f 1393/9/1 1391/9/1 1392/9/1
f 1394/6/1 1393/6/1 1392/6/1
f 1395/6/1 1393/6/1 1394/6/1
f 1396/9/1 1395/9/1 1394/9/1
f 1397/9/1 1395/9/1 1396/9/1
f 1398/6/1 1397/6/1 1396/6/1
f 1399/6/1 1397/6/1 1398/6/1
f 1400/9/1 1399/9/1 1398/9/1
f 1401/9/1 1400/9/1 1398/9/1
f 1402/9/1 1400/9/1 1401/9/1
f 1405/10/1 1404/10/1 1403/10/1
f 1406/10/1 1404/10/1 1405/10/1
f 1407/15/1 1406/15/1 1405/15/1
f 1408/15/1 1406/15/1 1407/15/1
f 1409/10/1 1408/10/1 1407/10/1
f 1410/10/1 1408/10/1 1409/10/1
f 1411/15/1 1410/15/1 1409/15/1
f 1412/15/1 1410/15/1 1411/15/1
f 1413/10/1 1412/10/1 1411/10/1
f 1414/10/1 1412/10/1 1413/10/1
f 1417/15/1 1416/15/1 1415/15/1
f 1418/15/1 1416/15/1 1417/15/1
f 1419/10/1 1418/10/1 1417/10/1
f 1420/10/1 1418/10/1 1419/10/1
f 1421/15/1 1420/15/1 1419/15/1
f 1422/15/1 1420/15/1 1421/15/1
f 1425/7/1 1424/7/1 1423/7/1
f 1426/7/1 1424/7/1 1425/7/1
f 1427/5/1 1426/5/1 1425/5/1
f 1428/5/1 1426/5/1 1427/5/1
f 1429/7/1 1428/7/1 1427/7/1
f 1430/7/1 1429/7/1 1427/7/1
f 1431/7/1 1429/7/1 1430/7/1
f 1432/5/1 1431/5/1 1430/5/1
f 1433/5/1 1431/5/1 1432/5/1
f 1434/7/1 1433/7/1 1432/7/1
f 1435/7/1 1433/7/1 1434/7/1
f 1436/5/1 1435/5/1 1434/5/1
f 1437/5/1 1435/5/1 1436/5/1
f 1438/7/1 1437/7/1 1436/7/1
f 1439/7/1 1438/7/1 1436/7/1
f 1440/7/1 1438/7/1 1439/7/1
f 1441/5/1 1440/5/1 1439/5/1
f 1442/5/1 1440/5/1 1441/5/1
f 1443/7/1 1442/7/1 1441/7/1
f 1444/7/1 1442/7/1 1443/7/1
f 1447/11/1 1446/11/1 1445/11/1
f 1448/11/1 1446/11/1 1447/11/1
f 1449/8/1 1448/8/1 1447/8/1
f 1450/8/1 1448/8/1 1449/8/1
f 1451/11/1 1450/11/1 1449/11/1
f 1452/11/1 1450/11/1 1451/11/1
f 1453/8/1 1452/8/1 1451/8/1
f 1454/8/1 1452/8/1 1453/8/1
f 1455/11/1 1454/11/1 1453/11/1
f 1456/11/1 1454/11/1 1455/11/1
f 1457/8/1 1456/8/1 1455/8/1
f 1458/8/1 1456/8/1 1457/8/1
f 1459/11/1 1458/11/1 1457/11/1
f 1460/11/1 1458/11/1 1459/11/1
f 1463/7/1 1462/7/1 1461/7/1
f 1464/7/1 1462/7/1 1463/7/1
f 1465/5/1 1464/5/1 1463/5/1
f 1466/5/1 1464/5/1 1465/5/1
f 1467/7/1 1466/7/1 1465/7/1
f 1468/7/1 1466/7/1 1467/7/1
f 1469/5/1 1468/5/1 1467/5/1
f 1470/5/1 1468/5/1 1469/5/1
f 1471/7/1 1470/7/1 1469/7/1
f 1472/7/1 1471/7/1 1469/7/1
f 1473/7/1 1472/7/1 1469/7/1
f 1474/7/1 1472/7/1 1473/7/1
f 1475/5/1 1474/5/1 1473/5/1
f 1476/5/1 1474/5/1 1475/5/1
f 1477/7/1 1476/7/1 1475/7/1
f 1478/7/1 1476/7/1 1477/7/1
f 1479/5/1 1478/5/1 1477/5/1
f 1480/5/1 1478/5/1 1479/5/1
f 1481/7/1 1480/7/1 1479/7/1
f 1482/7/1 1480/7/1 1481/7/1
f 1485/1/1 1484/1/1 1483/1/1
f 1486/1/1 1484/1/1 1485/1/1
f 1489/1/1 1488/1/1 1487/1/1
f 1490/1/1 1488/1/1 1489/1/1
f 1493/1/1 1492/1/1 1491/1/1
f 1494/1/1 1492/1/1 1493/1/1
f 1497/4/1 1496/4/1 1495/4/1
f 1498/4/1 1496/4/1 1497/4/1
f 1499/4/1 1496/4/1 1498/4/1
f 1500/4/1 1496/4/1 1499/4/1
f 1518/3/1 1502/3/1 1501/3/1
f 1519/4/1 1503/4/1 1502/4/1
f 1519/3/1 1502/3/1 1518/3/1
f 1520/4/1 1503/4/1 1519/4/1
f 1521/4/1 1505/4/1 1504/4/1
f 1521/4/1 1506/4/1 1505/4/1
f 1522/2/1 1507/2/1 1506/2/1
f 1522/4/1 1506/4/1 1521/4/1
f 1523/4/1 1511/4/1 1510/4/1
f 1523/2/1 1507/2/1 1522/2/1
f 1523/4/1 1508/4/1 1507/4/1
f 1523/4/1 1509/4/1 1508/4/1
f 1523/4/1 1510/4/1 1509/4/1
f 1524/2/1 1512/2/1 1511/2/1
f 1524/4/1 1511/4/1 1523/4/1
f 1524/2/1 1513/2/1 1512/2/1
f 1525/4/1 1514/4/1 1513/4/1
f 1525/2/1 1513/2/1 1524/2/1
f 1526/2/1 1515/2/1 1514/2/1
f 1526/4/1 1514/4/1 1525/4/1
f 1527/4/1 1516/4/1 1515/4/1
f 1527/2/1 1515/2/1 1526/2/1
f 1528/3/1 1517/3/1 1516/3/1
f 1528/4/1 1516/4/1 1527/4/1
f 1529/2/1 1520/2/1 1519/2/1
f 1530/2/1 1527/2/1 1526/2/1
f 1530/3/1 1517/3/1 1528/3/1
f 1530/2/1 1528/2/1 1527/2/1
f 1530/2/1 1526/2/1 1525/2/1
f 1531/3/1 1517/3/1 1530/3/1
f 1532/1/1 1519/1/1 1518/1/1
f 1533/2/1 1529/2/1 1519/2/1
f 1533/1/1 1519/1/1 1532/1/1
f 1534/1/1 1522/1/1 1521/1/1
f 1534/1/1 1523/1/1 1522/1/1
f 1534/1/1 1524/1/1 1523/1/1
f 1534/1/1 1525/1/1 1524/1/1
f 1535/2/1 1530/2/1 1525/2/1
f 1535/1/1 1525/1/1 1534/1/1
f 1536/2/1 1529/2/1 1533/2/1
f 1537/2/1 1530/2/1 1535/2/1
f 1537/1/1 1531/1/1 1530/1/1
f 1538/1/1 1531/1/1 1537/1/1
f 1539/3/1 1538/3/1 1537/3/1
f 1540/3/1 1533/3/1 1532/3/1
f 1541/2/1 1536/2/1 1533/2/1
f 1541/3/1 1533/3/1 1540/3/1
f 1542/3/1 1535/3/1 1534/3/1
f 1542/1/1 1534/1/1 1521/1/1
f 1543/2/1 1537/2/1 1535/2/1
f 1543/3/1 1535/3/1 1542/3/1
f 1544/3/1 1539/3/1 1537/3/1
f 1544/2/1 1537/2/1 1543/2/1
f 1545/3/1 1539/3/1 1544/3/1
f 1546/2/1 1536/2/1 1541/2/1
f 1547/2/1 1536/2/1 1546/2/1
f 1548/1/1 1542/1/1 1521/1/1
f 1548/1/1 1543/1/1 1542/1/1
f 1549/2/1 1544/2/1 1543/2/1
f 1549/1/1 1543/1/1 1548/1/1
f 1550/2/1 1544/2/1 1549/2/1
f 1551/1/1 1545/1/1 1544/1/1
f 1551/2/1 1544/2/1 1550/2/1
f 1552/1/1 1545/1/1 1551/1/1
f 1569/3/1 1554/3/1 1553/3/1
f 1570/2/1 1555/2/1 1554/2/1
f 1570/3/1 1554/3/1 1569/3/1
f 1571/2/1 1555/2/1 1570/2/1
f 1572/1/1 1557/1/1 1556/1/1
f 1572/1/1 1558/1/1 1557/1/1
f 1572/1/1 1559/1/1 1558/1/1
f 1572/1/1 1560/1/1 1559/1/1
f 1572/3/1 1566/3/1 1565/3/1
f 1572/1/1 1565/1/1 1564/1/1
f 1572/1/1 1564/1/1 1563/1/1
f 1572/1/1 1563/1/1 1562/1/1
f 1572/1/1 1562/1/1 1561/1/1
f 1572/1/1 1561/1/1 1560/1/1
f 1573/2/1 1567/2/1 1566/2/1
f 1573/3/1 1566/3/1 1572/3/1
f 1574/2/1 1571/2/1 1570/2/1
f 1575/3/1 1568/3/1 1567/3/1
f 1575/2/1 1567/2/1 1573/2/1
f 1576/3/1 1568/3/1 1575/3/1
f 1577/2/1 1574/2/1 1570/2/1
f 1578/2/1 1577/2/1 1570/2/1
f 1579/2/1 1578/2/1 1570/2/1
f 1580/1/1 1570/1/1 1569/1/1
f 1581/2/1 1579/2/1 1570/2/1
f 1581/1/1 1570/1/1 1580/1/1
f 1582/2/1 1579/2/1 1581/2/1
f 1583/1/1 1573/1/1 1572/1/1
f 1583/1/1 1572/1/1 1556/1/1
f 1584/2/1 1575/2/1 1573/2/1
f 1584/1/1 1573/1/1 1583/1/1
f 1585/1/1 1576/1/1 1575/1/1
f 1586/2/1 1575/2/1 1584/2/1
f 1586/1/1 1585/1/1 1575/1/1
f 1587/1/1 1585/1/1 1586/1/1
f 1588/2/1 1582/2/1 1581/2/1
f 1589/3/1 1581/3/1 1580/3/1
f 1590/2/1 1588/2/1 1581/2/1
f 1590/3/1 1581/3/1 1589/3/1
f 1591/2/1 1588/2/1 1590/2/1
f 1592/1/1 1583/1/1 1556/1/1
f 1592/3/1 1584/3/1 1583/3/1
f 1593/2/1 1586/2/1 1584/2/1
f 1593/3/1 1584/3/1 1592/3/1
f 1594/3/1 1587/3/1 1586/3/1
f 1594/2/1 1586/2/1 1593/2/1
f 1595/3/1 1587/3/1 1594/3/1
f 1596/2/1 1591/2/1 1590/2/1
f 1597/2/1 1591/2/1 1596/2/1
f 1598/1/1 1592/1/1 1556/1/1
f 1598/1/1 1593/1/1 1592/1/1
f 1599/2/1 1594/2/1 1593/2/1
f 1599/1/1 1593/1/1 1598/1/1
f 1600/2/1 1594/2/1 1599/2/1
f 1601/1/1 1595/1/1 1594/1/1
f 1601/2/1 1594/2/1 1600/2/1
f 1602/1/1 1595/1/1 1601/1/1
f 1617/2/1 1605/2/1 1604/2/1
f 1618/2/1 1617/2/1 1604/2/1
f 1619/3/1 1616/3/1 1615/3/1
f 1619/2/1 1615/2/1 1614/2/1
f 1620/3/1 1616/3/1 1619/3/1
f 1621/2/1 1618/2/1 1604/2/1
f 1622/1/1 1604/1/1 1603/1/1
f 1623/2/1 1621/2/1 1604/2/1
f 1623/1/1 1604/1/1 1622/1/1
f 1624/2/1 1621/2/1 1623/2/1
f 1625/1/1 1620/1/1 1619/1/1
f 1626/2/1 1619/2/1 1614/2/1
f 1626/1/1 1625/1/1 1619/1/1
f 1627/1/1 1625/1/1 1626/1/1
f 1628/2/1 1624/2/1 1623/2/1
f 1629/3/1 1623/3/1 1622/3/1
f 1630/2/1 1628/2/1 1623/2/1
f 1630/3/1 1623/3/1 1629/3/1
f 1631/2/1 1628/2/1 1630/2/1
f 1632/2/1 1626/2/1 1614/2/1
f 1632/3/1 1627/3/1 1626/3/1
f 1633/3/1 1627/3/1 1632/3/1
f 1634/2/1 1631/2/1 1630/2/1
f 1635/2/1 1631/2/1 1634/2/1
f 1636/1/1 1607/1/1 1606/1/1
f 1636/1/1 1608/1/1 1607/1/1
f 1636/1/1 1609/1/1 1608/1/1
f 1636/1/1 1610/1/1 1609/1/1
f 1636/1/1 1611/1/1 1610/1/1
f 1636/1/1 1612/1/1 1611/1/1
f 1636/1/1 1613/1/1 1612/1/1
f 1636/1/1 1614/1/1 1613/1/1
f 1637/2/1 1632/2/1 1614/2/1
f 1637/1/1 1614/1/1 1636/1/1
f 1638/1/1 1633/1/1 1632/1/1
f 1638/2/1 1632/2/1 1637/2/1
f 1639/1/1 1633/1/1 1638/1/1
f 1642/4/1 1641/4/1 1640/4/1
f 1643/4/1 1641/4/1 1642/4/1
f 1646/2/1 1645/2/1 1644/2/1
f 1647/2/1 1645/2/1 1646/2/1
f 1654/2/1 1649/2/1 1648/2/1
f 1655/2/1 1651/2/1 1650/2/1
f 1656/2/1 1654/2/1 1648/2/1
f 1657/2/1 1651/2/1 1655/2/1
f 1658/4/1 1653/4/1 1652/4/1
f 1659/4/1 1653/4/1 1658/4/1
f 1660/2/1 1656/2/1 1648/2/1
f 1661/2/1 1660/2/1 1648/2/1
f 1662/2/1 1660/2/1 1661/2/1
f 1663/2/1 1651/2/1 1657/2/1
f 1664/2/1 1651/2/1 1663/2/1
f 1667/2/1 1666/2/1 1665/2/1
f 1668/2/1 1667/2/1 1665/2/1
f 1669/2/1 1667/2/1 1668/2/1
f 1672/2/1 1671/2/1 1670/2/1
f 1673/2/1 1671/2/1 1672/2/1
f 1674/4/1 1673/4/1 1672/4/1
f 1675/4/1 1674/4/1 1672/4/1
f 1676/4/1 1674/4/1 1675/4/1
f 1677/2/1 1676/2/1 1675/2/1
f 1678/2/1 1677/2/1 1675/2/1
f 1679/2/1 1678/2/1 1675/2/1
f 1680/2/1 1679/2/1 1675/2/1
f 1681/2/1 1679/2/1 1680/2/1
f 1682/4/1 1681/4/1 1680/4/1
f 1683/4/1 1682/4/1 1680/4/1
f 1684/4/1 1683/4/1 1680/4/1
f 1685/4/1 1684/4/1 1680/4/1
f 1686/4/1 1685/4/1 1680/4/1
f 1687/4/1 1685/4/1 1686/4/1
f 1688/2/2 1689/2/2 1690/2/2
f 1690/2/2 1689/2/2 1691/2/2
f 1690/4/2 1691/4/2 1692/4/2
f 1690/4/2 1692/4/2 1693/4/2
f 1693/4/2 1692/4/2 1694/4/2
f 1693/2/2 1694/2/2 1695/2/2
f 1693/2/2 1695/2/2 1696/2/2
f 1693/2/2 1696/2/2 1697/2/2
f 1693/2/2 1697/2/2 1698/2/2
f 1698/2/2 1697/2/2 1699/2/2
f 1698/4/2 1699/4/2 1700/4/2
f 1698/4/2 1700/4/2 1701/4/2
f 1698/4/2 1701/4/2 1702/4/2
f 1698/4/2 1702/4/2 1703/4/2
f 1698/4/2 1703/4/2 1704/4/2
f 1698/4/2 1704/4/2 1705/4/2
f 1705/4/2 1704/4/2 1706/4/2
f 1707/2/2 1708/2/2 1713/2/2
f 1711/4/2 1712/4/2 1714/4/2
f 1714/4/2 1712/4/2 1715/4/2
f 1707/2/2 1713/2/2 1716/2/2
f 1716/2/2 1713/2/2 1717/2/2
f 1709/2/2 1710/2/2 1718/2/2
f 1718/2/2 1710/2/2 1719/2/2
f 1720/2/2 1721/2/2 1722/2/2
f 1720/2/2 1722/2/2 1723/2/2
f 1723/2/2 1722/2/2 1724/2/2
f 1725/4/2 1726/4/2 1727/4/2
f 1727/4/2 1726/4/2 1728/4/2
f 1729/2/2 1730/2/2 1731/2/2
f 1731/2/2 1730/2/2 1732/2/2
f 1733/4/2 1734/4/2 1735/4/2
f 1735/4/2 1734/4/2 1736/4/2
f 1736/4/2 1734/4/2 1737/4/2
f 1737/4/2 1734/4/2 1738/4/2
f 1739/3/2 1740/3/2 1756/3/2
f 1740/4/2 1741/4/2 1757/4/2
f 1756/3/2 1740/3/2 1757/3/2
f 1757/4/2 1741/4/2 1758/4/2
f 1742/4/2 1743/4/2 1759/4/2
f 1743/2/2 1744/2/2 1760/2/2
f 1759/4/2 1743/4/2 1760/4/2
f 1744/4/2 1745/4/2 1761/4/2
f 1760/2/2 1744/2/2 1761/2/2
f 1745/4/2 1746/4/2 1761/4/2
f 1746/2/2 1747/2/2 1762/2/2
f 1761/4/2 1746/4/2 1762/4/2
f 1747/4/2 1748/4/2 1763/4/2
f 1762/2/2 1747/2/2 1763/2/2
f 1748/2/2 1749/2/2 1764/2/2
f 1763/4/2 1748/4/2 1764/4/2
f 1749/4/2 1750/4/2 1765/4/2
f 1764/2/2 1749/2/2 1765/2/2
f 1750/4/2 1751/4/2 1765/4/2
f 1751/2/2 1752/2/2 1766/2/2
f 1765/4/2 1751/4/2 1766/4/2
f 1752/2/2 1753/2/2 1766/2/2
f 1766/2/2 1753/2/2 1767/2/2
f 1753/4/2 1754/4/2 1768/4/2
f 1767/2/2 1753/2/2 1768/2/2
f 1754/3/2 1755/3/2 1769/3/2
f 1768/4/2 1754/4/2 1769/4/2
f 1757/2/2 1758/2/2 1770/2/2
f 1767/2/2 1768/2/2 1771/2/2
f 1769/3/2 1755/3/2 1771/3/2
f 1768/2/2 1769/2/2 1771/2/2
f 1771/3/2 1755/3/2 1772/3/2
f 1757/2/2 1770/2/2 1773/2/2
f 1757/2/2 1773/2/2 1774/2/2
f 1757/2/2 1774/2/2 1775/2/2
f 1756/1/2 1757/1/2 1776/1/2
f 1757/2/2 1775/2/2 1777/2/2
f 1776/1/2 1757/1/2 1777/1/2
f 1777/2/2 1775/2/2 1778/2/2
f 1763/1/2 1764/1/2 1779/1/2
f 1765/1/2 1766/1/2 1779/1/2
f 1759/1/2 1760/1/2 1779/1/2
f 1760/1/2 1761/1/2 1779/1/2
f 1761/1/2 1762/1/2 1779/1/2
f 1764/1/2 1765/1/2 1779/1/2
f 1766/1/2 1767/1/2 1779/1/2
f 1762/1/2 1763/1/2 1779/1/2
f 1779/1/2 1767/1/2 1780/1/2
f 1767/2/2 1771/2/2 1781/2/2
f 1780/1/2 1767/1/2 1781/1/2
f 1771/1/2 1772/1/2 1782/1/2
f 1781/2/2 1771/2/2 1782/2/2
f 1780/2/2 1781/2/2 1782/2/2
f 1782/1/2 1772/1/2 1783/1/2
f 1777/2/2 1778/2/2 1784/2/2
f 1782/3/2 1783/3/2 1785/3/2
f 1776/3/2 1777/3/2 1786/3/2
f 1777/2/2 1784/2/2 1787/2/2
f 1786/3/2 1777/3/2 1787/3/2
f 1787/2/2 1784/2/2 1788/2/2
f 1759/1/2 1779/1/2 1789/1/2
f 1779/3/2 1780/3/2 1789/3/2
f 1780/2/2 1782/2/2 1790/2/2
f 1789/3/2 1780/3/2 1790/3/2
f 1790/2/2 1782/2/2 1791/2/2
f 1782/3/2 1785/3/2 1792/3/2
f 1791/2/2 1782/2/2 1792/2/2
f 1792/3/2 1785/3/2 1793/3/2
f 1787/2/2 1788/2/2 1794/2/2
f 1794/2/2 1788/2/2 1795/2/2
f 1759/1/2 1789/1/2 1796/1/2
f 1790/1/2 1791/1/2 1796/1/2
f 1789/1/2 1790/1/2 1796/1/2
f 1791/2/2 1792/2/2 1797/2/2
f 1796/1/2 1791/1/2 1797/1/2
f 1792/1/2 1793/1/2 1798/1/2
f 1797/2/2 1792/2/2 1798/2/2
f 1798/1/2 1793/1/2 1799/1/2
f 1800/3/2 1801/3/2 1812/3/2
f 1801/2/2 1802/2/2 1813/2/2
f 1812/3/2 1801/3/2 1813/3/2
f 1813/2/2 1802/2/2 1814/2/2
f 1803/1/2 1804/1/2 1815/1/2
f 1804/1/2 1805/1/2 1815/1/2
f 1805/1/2 1806/1/2 1815/1/2
f 1806/1/2 1807/1/2 1815/1/2
f 1807/3/2 1808/3/2 1815/3/2
f 1809/2/2 1810/2/2 1816/2/2
f 1815/3/2 1808/3/2 1816/3/2
f 1808/2/2 1809/2/2 1816/2/2
f 1816/2/2 1810/2/2 1817/2/2
f 1813/2/2 1814/2/2 1818/2/2
f 1810/3/2 1811/3/2 1819/3/2
f 1817/2/2 1810/2/2 1819/2/2
f 1819/3/2 1811/3/2 1820/3/2
f 1813/2/2 1818/2/2 1821/2/2
f 1812/1/2 1813/1/2 1822/1/2
f 1813/2/2 1821/2/2 1823/2/2
f 1822/1/2 1813/1/2 1823/1/2
f 1823/2/2 1821/2/2 1824/2/2
f 1816/1/2 1817/1/2 1825/1/2
f 1803/1/2 1815/1/2 1825/1/2
f 1815/1/2 1816/1/2 1825/1/2
f 1825/1/2 1817/1/2 1826/1/2
f 1817/2/2 1819/2/2 1827/2/2
f 1826/1/2 1817/1/2 1827/1/2
f 1819/1/2 1820/1/2 1828/1/2
f 1827/2/2 1819/2/2 1829/2/2
f 1826/2/2 1827/2/2 1829/2/2
f 1819/1/2 1828/1/2 1829/1/2
f 1829/1/2 1828/1/2 1830/1/2
f 1823/2/2 1824/2/2 1831/2/2
f 1822/3/2 1823/3/2 1832/3/2
f 1823/2/2 1831/2/2 1833/2/2
f 1832/3/2 1823/3/2 1833/3/2
f 1833/2/2 1831/2/2 1834/2/2
f 1825/3/2 1826/3/2 1835/3/2
f 1803/1/2 1825/1/2 1835/1/2
f 1826/2/2 1829/2/2 1836/2/2
f 1835/3/2 1826/3/2 1836/3/2
f 1836/2/2 1829/2/2 1837/2/2
f 1829/3/2 1830/3/2 1838/3/2
f 1837/2/2 1829/2/2 1838/2/2
f 1838/3/2 1830/3/2 1839/3/2
f 1833/2/2 1834/2/2 1840/2/2
f 1840/2/2 1834/2/2 1841/2/2
f 1803/1/2 1835/1/2 1842/1/2
f 1836/1/2 1837/1/2 1842/1/2
f 1835/1/2 1836/1/2 1842/1/2
f 1837/2/2 1838/2/2 1843/2/2
f 1842/1/2 1837/1/2 1843/1/2
f 1838/1/2 1839/1/2 1844/1/2
f 1843/2/2 1838/2/2 1844/2/2
f 1844/1/2 1839/1/2 1845/1/2
f 1847/2/2 1848/2/2 1857/2/2
f 1855/3/2 1856/3/2 1858/3/2
f 1853/2/2 1854/2/2 1858/2/2
f 1854/2/2 1855/2/2 1858/2/2
f 1858/3/2 1856/3/2 1859/3/2
f 1847/2/2 1857/2/2 1860/2/2
f 1846/1/2 1847/1/2 1861/1/2
f 1847/2/2 1860/2/2 1862/2/2
f 1861/1/2 1847/1/2 1862/1/2
f 1862/2/2 1860/2/2 1863/2/2
f 1849/1/2 1850/1/2 1864/1/2
f 1850/1/2 1851/1/2 1864/1/2
f 1851/1/2 1852/1/2 1864/1/2
f 1852/1/2 1853/1/2 1864/1/2
f 1864/1/2 1853/1/2 1865/1/2
f 1858/1/2 1859/1/2 1866/1/2
f 1853/2/2 1858/2/2 1867/2/2
f 1858/1/2 1866/1/2 1867/1/2
f 1867/1/2 1866/1/2 1868/1/2
f 1862/2/2 1863/2/2 1869/2/2
f 1861/3/2 1862/3/2 1870/3/2
f 1862/2/2 1869/2/2 1871/2/2
f 1870/3/2 1862/3/2 1871/3/2
f 1849/1/2 1864/1/2 1872/1/2
f 1864/3/2 1865/3/2 1872/3/2
f 1865/1/2 1853/1/2 1873/1/2
f 1872/3/2 1865/3/2 1873/3/2
f 1853/2/2 1867/2/2 1874/2/2
f 1867/3/2 1868/3/2 1874/3/2
f 1874/3/2 1868/3/2 1875/3/2
f 1871/2/2 1869/2/2 1876/2/2
f 1876/2/2 1869/2/2 1877/2/2
f 1849/1/2 1872/1/2 1878/1/2
f 1872/1/2 1873/1/2 1878/1/2
f 1873/1/2 1853/1/2 1879/1/2
f 1878/1/2 1873/1/2 1879/1/2
f 1853/2/2 1874/2/2 1879/2/2
f 1874/1/2 1875/1/2 1880/1/2
f 1879/2/2 1874/2/2 1880/2/2
f 1880/1/2 1875/1/2 1881/1/2
f 1882/1/2 1883/1/2 1884/1/2
f 1884/1/2 1883/1/2 1885/1/2
f 1886/1/2 1887/1/2 1888/1/2
f 1888/1/2 1887/1/2 1889/1/2
f 1890/1/2 1891/1/2 1892/1/2
f 1892/1/2 1891/1/2 1893/1/2
f 1894/14/2 1895/14/2 1896/14/2
f 1896/14/2 1895/14/2 1897/14/2
f 1896/13/2 1897/13/2 1898/13/2
f 1898/13/2 1897/13/2 1899/13/2
f 1898/14/2 1899/14/2 1900/14/2
f 1900/14/2 1899/14/2 1901/14/2
f 1900/13/2 1901/13/2 1902/13/2
f 1902/13/2 1901/13/2 1903/13/2
f 1902/14/2 1903/14/2 1904/14/2
f 1902/14/2 1904/14/2 1905/14/2
f 1902/14/2 1905/14/2 1906/14/2
f 1906/14/2 1905/14/2 1907/14/2
f 1906/13/2 1907/13/2 1908/13/2
f 1908/13/2 1907/13/2 1909/13/2
f 1908/14/2 1909/14/2 1910/14/2
f 1910/14/2 1909/14/2 1911/14/2
f 1910/13/2 1911/13/2 1912/13/2
f 1912/13/2 1911/13/2 1913/13/2
f 1912/14/2 1913/14/2 1914/14/2
f 1914/14/2 1913/14/2 1915/14/2
f 1916/9/2 1917/9/2 1918/9/2
f 1916/9/2 1918/9/2 1919/9/2
f 1919/9/2 1918/9/2 1920/9/2
f 1919/6/2 1920/6/2 1921/6/2
f 1921/6/2 1920/6/2 1922/6/2
f 1921/9/2 1922/9/2 1923/9/2
f 1921/9/2 1923/9/2 1924/9/2
f 1924/9/2 1923/9/2 1925/9/2
f 1926/14/2 1927/14/2 1928/14/2
f 1928/14/2 1927/14/2 1929/14/2
f 1928/13/2 1929/13/2 1930/13/2
f 1930/13/2 1929/13/2 1931/13/2
f 1930/14/2 1931/14/2 1932/14/2
f 1930/14/2 1932/14/2 1933/14/2
f 1933/14/2 1932/14/2 1934/14/2
f 1933/13/2 1934/13/2 1935/13/2
f 1935/13/2 1934/13/2 1936/13/2
f 1935/14/2 1936/14/2 1937/14/2
f 1937/14/2 1936/14/2 1938/14/2
f 1937/13/2 1938/13/2 1939/13/2
f 1939/13/2 1938/13/2 1940/13/2
f 1939/14/2 1940/14/2 1941/14/2
f 1939/14/2 1941/14/2 1942/14/2
f 1942/14/2 1941/14/2 1943/14/2
f 1942/13/2 1943/13/2 1944/13/2
f 1944/13/2 1943/13/2 1945/13/2
f 1944/14/2 1945/14/2 1946/14/2
f 1946/14/2 1945/14/2 1947/14/2
f 1948/12/2 1949/12/2 1950/12/2
f 1950/12/2 1949/12/2 1951/12/2
f 1950/16/2 1951/16/2 1952/16/2
f 1952/16/2 1951/16/2 1953/16/2
f 1952/12/2 1953/12/2 1954/12/2
f 1954/12/2 1953/12/2 1955/12/2
f 1954/16/2 1955/16/2 1956/16/2
f 1956/16/2 1955/16/2 1957/16/2
f 1956/12/2 1957/12/2 1958/12/2
f 1958/12/2 1957/12/2 1959/12/2
f 1958/16/2 1959/16/2 1960/16/2
f 1960/16/2 1959/16/2 1961/16/2
f 1960/12/2 1961/12/2 1962/12/2
f 1962/12/2 1961/12/2 1963/12/2
f 1964/9/2 1965/9/2 1966/9/2
f 1966/9/2 1965/9/2 1967/9/2
f 1966/6/2 1967/6/2 1968/6/2
f 1968/6/2 1967/6/2 1969/6/2
f 1968/9/2 1969/9/2 1970/9/2
f 1970/9/2 1969/9/2 1971/9/2
f 1970/6/2 1971/6/2 1972/6/2
f 1972/6/2 1971/6/2 1973/6/2
f 1972/9/2 1973/9/2 1974/9/2
f 1974/9/2 1973/9/2 1975/9/2
f 1976/7/2 1977/7/2 1978/7/2
f 1978/7/2 1977/7/2 1979/7/2
f 1978/5/2 1979/5/2 1980/5/2
f 1980/5/2 1979/5/2 1981/5/2
f 1980/7/2 1981/7/2 1982/7/2
f 1982/7/2 1981/7/2 1983/7/2
f 1982/5/2 1983/5/2 1984/5/2
f 1984/5/2 1983/5/2 1985/5/2
f 1984/7/2 1985/7/2 1986/7/2
f 1986/7/2 1985/7/2 1987/7/2
f 1986/5/2 1987/5/2 1988/5/2
f 1988/5/2 1987/5/2 1989/5/2
f 1988/7/2 1989/7/2 1990/7/2
f 1990/7/2 1989/7/2 1991/7/2
f 1990/5/2 1991/5/2 1992/5/2
f 1992/5/2 1991/5/2 1993/5/2
f 1992/7/2 1993/7/2 1994/7/2
f 1994/7/2 1993/7/2 1995/7/2
f 1994/5/2 1995/5/2 1996/5/2
f 1996/5/2 1995/5/2 1997/5/2
f 1996/7/2 1997/7/2 1998/7/2
f 1998/7/2 1997/7/2 1999/7/2
f 1998/5/2 1999/5/2 2000/5/2
f 2000/5/2 1999/5/2 2001/5/2
f 2000/7/2 2001/7/2 2002/7/2
f 2002/7/2 2001/7/2 2003/7/2
f 2002/5/2 2003/5/2 2004/5/2
f 2004/5/2 2003/5/2 2005/5/2
f 2004/7/2 2005/7/2 2006/7/2
f 2006/7/2 2005/7/2 2007/7/2
f 2006/5/2 2007/5/2 2008/5/2
f 2008/5/2 2007/5/2 2009/5/2
f 2010/10/2 2011/10/2 2012/10/2
f 2012/10/2 2011/10/2 2013/10/2
f 2012/15/2 2013/15/2 2014/15/2
f 2014/15/2 2013/15/2 2015/15/2
f 2014/10/2 2015/10/2 2016/10/2
f 2014/10/2 2016/10/2 2017/10/2
f 2014/10/2 2017/10/2 2018/10/2
f 2018/10/2 2017/10/2 2019/10/2
f 2018/15/2 2019/15/2 2020/15/2
f 2020/15/2 2019/15/2 2021/15/2
f 2020/10/2 2021/10/2 2022/10/2
f 2022/10/2 2021/10/2 2023/10/2
f 2022/15/2 2023/15/2 2024/15/2
f 2024/15/2 2023/15/2 2025/15/2
f 2024/10/2 2025/10/2 2026/10/2
f 2024/10/2 2026/10/2 2027/10/2
f 2024/10/2 2027/10/2 2028/10/2
f 2028/10/2 2027/10/2 2029/10/2
f 2028/15/2 2029/15/2 2030/15/2
f 2030/15/2 2029/15/2 2031/15/2
f 2030/10/2 2031/10/2 2032/10/2
f 2032/10/2 2031/10/2 2033/10/2
f 2034/12/2 2035/12/2 2036/12/2
f 2036/12/2 2035/12/2 2037/12/2
f 2036/16/2 2037/16/2 2038/16/2
f 2038/16/2 2037/16/2 2039/16/2
f 2038/12/2 2039/12/2 2040/12/2
f 2038/12/2 2040/12/2 2041/12/2
f 2041/12/2 2040/12/2 2042/12/2
f 2041/16/2 2042/16/2 2043/16/2
f 2043/16/2 2042/16/2 2044/16/2
f 2043/12/2 2044/12/2 2045/12/2
f 2043/12/2 2045/12/2 2046/12/2
f 2046/12/2 2045/12/2 2047/12/2
f 2046/16/2 2047/16/2 2048/16/2
f 2048/16/2 2047/16/2 2049/16/2
f 2048/12/2 2049/12/2 2050/12/2
f 2050/12/2 2049/12/2 2051/12/2
f 2052/7/2 2053/7/2 2054/7/2
f 2054/7/2 2053/7/2 2055/7/2
f 2054/5/2 2055/5/2 2056/5/2
f 2056/5/2 2055/5/2 2057/5/2
f 2056/7/2 2057/7/2 2058/7/2
f 2058/7/2 2057/7/2 2059/7/2
f 2058/5/2 2059/5/2 2060/5/2
f 2060/5/2 2059/5/2 2061/5/2
f 2060/7/2 2061/7/2 2062/7/2
f 2062/7/2 2061/7/2 2063/7/2
f 2062/5/2 2063/5/2 2064/5/2
f 2064/5/2 2063/5/2 2065/5/2
f 2064/7/2 2065/7/2 2066/7/2
f 2066/7/2 2065/7/2 2067/7/2
f 2066/5/2 2067/5/2 2068/5/2
f 2068/5/2 2067/5/2 2069/5/2
f 2068/7/2 2069/7/2 2070/7/2
f 2070/7/2 2069/7/2 2071/7/2
f 2070/5/2 2071/5/2 2072/5/2
f 2072/5/2 2071/5/2 2073/5/2
f 2072/7/2 2073/7/2 2074/7/2
f 2074/7/2 2073/7/2 2075/7/2
f 2074/5/2 2075/5/2 2076/5/2
f 2076/5/2 2075/5/2 2077/5/2
f 2076/7/2 2077/7/2 2078/7/2
f 2078/7/2 2077/7/2 2079/7/2
f 2078/5/2 2079/5/2 2080/5/2
f 2080/5/2 2079/5/2 2081/5/2
f 2080/7/2 2081/7/2 2082/7/2
f 2082/7/2 2081/7/2 2083/7/2
f 2082/5/2 2083/5/2 2084/5/2
f 2084/5/2 2083/5/2 2085/5/2
f 2086/10/2 2087/10/2 2088/10/2
f 2088/10/2 2087/10/2 2089/10/2
f 2088/15/2 2089/15/2 2090/15/2
f 2090/15/2 2089/15/2 2091/15/2
f 2090/10/2 2091/10/2 2092/10/2
f 2090/10/2 2092/10/2 2093/10/2
f 2093/10/2 2092/10/2 2094/10/2
f 2093/15/2 2094/15/2 2095/15/2
f 2095/15/2 2094/15/2 2096/15/2
f 2095/10/2 2096/10/2 2097/10/2
f 2097/10/2 2096/10/2 2098/10/2
f 2097/15/2 2098/15/2 2099/15/2
f 2099/15/2 2098/15/2 2100/15/2
f 2099/10/2 2100/10/2 2101/10/2
f 2101/10/2 2100/10/2 2102/10/2
f 2101/15/2 2102/15/2 2103/15/2
f 2103/15/2 2102/15/2 2104/15/2
f 2103/10/2 2104/10/2 2105/10/2
f 2105/10/2 2104/10/2 2106/10/2
f 2107/12/2 2108/12/2 2109/12/2
f 2107/12/2 2109/12/2 2110/12/2
f 2110/12/2 2109/12/2 2111/12/2
f 2110/16/2 2111/16/2 2112/16/2
f 2112/16/2 2111/16/2 2113/16/2
f 2112/12/2 2113/12/2 2114/12/2
f 2114/12/2 2113/12/2 2115/12/2
f 2114/16/2 2115/16/2 2116/16/2
f 2116/16/2 2115/16/2 2117/16/2
f 2116/12/2 2117/12/2 2118/12/2
f 2118/12/2 2117/12/2 2119/12/2
f 2118/16/2 2119/16/2 2120/16/2
f 2120/16/2 2119/16/2 2121/16/2
f 2120/12/2 2121/12/2 2122/12/2
f 2120/12/2 2122/12/2 2123/12/2
f 2123/12/2 2122/12/2 2124/12/2
f 2125/15/2 2126/15/2 2127/15/2
f 2127/15/2 2126/15/2 2128/15/2
f 2127/10/2 2128/10/2 2129/10/2
f 2129/10/2 2128/10/2 2130/10/2
f 2129/15/2 2130/15/2 2131/15/2
f 2131/15/2 2130/15/2 2132/15/2
f 2131/10/2 2132/10/2 2133/10/2
f 2133/10/2 2132/10/2 2134/10/2
f 2133/15/2 2134/15/2 2135/15/2
f 2135/15/2 2134/15/2 2136/15/2
f 2135/10/2 2136/10/2 2137/10/2
f 2137/10/2 2136/10/2 2138/10/2
f 2137/15/2 2138/15/2 2139/15/2
f 2139/15/2 2138/15/2 2140/15/2
f 2141/6/2 2142/6/2 2143/6/2
f 2141/6/2 2143/6/2 2144/6/2
f 2141/6/2 2144/6/2 2145/6/2
f 2145/6/2 2144/6/2 2146/6/2
f 2145/9/2 2146/9/2 2147/9/2
f 2147/9/2 2146/9/2 2148/9/2
f 2147/6/2 2148/6/2 2149/6/2
f 2147/6/2 2149/6/2 2150/6/2
f 2147/6/2 2150/6/2 2151/6/2
f 2151/6/2 2150/6/2 2152/6/2
f 2151/9/2 2152/9/2 2153/9/2
f 2153/9/2 2152/9/2 2154/9/2
f 2153/6/2 2154/6/2 2155/6/2
f 2153/6/2 2155/6/2 2156/6/2
f 2153/6/2 2156/6/2 2157/6/2
f 2157/6/2 2156/6/2 2158/6/2
f 2159/10/2 2160/10/2 2161/10/2
f 2159/10/2 2161/10/2 2162/10/2
f 2162/10/2 2161/10/2 2163/10/2
f 2162/15/2 2163/15/2 2164/15/2
f 2164/15/2 2163/15/2 2165/15/2
f 2164/10/2 2165/10/2 2166/10/2
f 2166/10/2 2165/10/2 2167/10/2
f 2166/15/2 2167/15/2 2168/15/2
f 2168/15/2 2167/15/2 2169/15/2
f 2168/10/2 2169/10/2 2170/10/2
f 2168/10/2 2170/10/2 2171/10/2
f 2171/10/2 2170/10/2 2172/10/2
f 2173/9/2 2174/9/2 2175/9/2
f 2175/9/2 2174/9/2 2176/9/2
f 2175/6/2 2176/6/2 2177/6/2
f 2175/6/2 2177/6/2 2178/6/2
f 2175/6/2 2178/6/2 2179/6/2
f 2179/6/2 2178/6/2 2180/6/2
f 2179/9/2 2180/9/2 2181/9/2
f 2181/9/2 2180/9/2 2182/9/2
f 2181/6/2 2182/6/2 2183/6/2
f 2183/6/2 2182/6/2 2184/6/2
f 2183/9/2 2184/9/2 2185/9/2
f 2185/9/2 2184/9/2 2186/9/2
f 2185/6/2 2186/6/2 2187/6/2
f 2185/6/2 2187/6/2 2188/6/2
f 2185/6/2 2188/6/2 2189/6/2
f 2189/6/2 2188/6/2 2190/6/2
f 2189/9/2 2190/9/2 2191/9/2
f 2191/9/2 2190/9/2 2192/9/2
f 2193/9/2 2194/9/2 2196/9/2
f 2194/9/2 2195/9/2 2196/9/2
f 2196/9/2 2195/9/2 2197/9/2
f 2198/11/2 2199/11/2 2200/11/2
f 2200/11/2 2199/11/2 2201/11/2
f 2200/8/2 2201/8/2 2202/8/2
f 2202/8/2 2201/8/2 2203/8/2
f 2202/11/2 2203/11/2 2204/11/2
f 2204/11/2 2203/11/2 2205/11/2
f 2204/8/2 2205/8/2 2206/8/2
f 2206/8/2 2205/8/2 2207/8/2
f 2206/11/2 2207/11/2 2208/11/2
f 2208/11/2 2207/11/2 2209/11/2
f 2208/8/2 2209/8/2 2210/8/2
f 2210/8/2 2209/8/2 2211/8/2
f 2210/11/2 2211/11/2 2212/11/2
f 2212/11/2 2211/11/2 2213/11/2
f 2214/8/2 2215/8/2 2216/8/2
f 2216/8/2 2215/8/2 2217/8/2
f 2216/11/2 2217/11/2 2218/11/2
f 2216/11/2 2218/11/2 2219/11/2
f 2219/11/2 2218/11/2 2220/11/2
f 2219/8/2 2220/8/2 2221/8/2
f 2221/8/2 2220/8/2 2222/8/2
f 2221/11/2 2222/11/2 2223/11/2
f 2223/11/2 2222/11/2 2224/11/2
f 2223/8/2 2224/8/2 2225/8/2
f 2225/8/2 2224/8/2 2226/8/2
f 2225/11/2 2226/11/2 2227/11/2
f 2225/11/2 2227/11/2 2228/11/2
f 2228/11/2 2227/11/2 2229/11/2
f 2228/8/2 2229/8/2 2230/8/2
f 2230/8/2 2229/8/2 2231/8/2
f 2232/11/2 2233/11/2 2234/11/2
f 2234/11/2 2233/11/2 2235/11/2
f 2236/13/2 2237/13/2 2238/13/2
f 2238/13/2 2237/13/2 2239/13/2
f 2238/14/2 2239/14/2 2240/14/2
f 2238/14/2 2240/14/2 2241/14/2
f 2241/14/2 2240/14/2 2242/14/2
f 2241/13/2 2242/13/2 2243/13/2
f 2243/13/2 2242/13/2 2244/13/2
f 2243/14/2 2244/14/2 2245/14/2
f 2245/14/2 2244/14/2 2246/14/2
f 2245/13/2 2246/13/2 2247/13/2
f 2247/13/2 2246/13/2 2248/13/2
f 2247/14/2 2248/14/2 2249/14/2
f 2247/14/2 2249/14/2 2250/14/2
f 2250/14/2 2249/14/2 2251/14/2
f 2250/13/2 2251/13/2 2252/13/2
f 2252/13/2 2251/13/2 2253/13/2
f 2254/11/2 2255/11/2 2256/11/2
f 2256/11/2 2255/11/2 2257/11/2
f 2258/13/2 2259/13/2 2260/13/2
f 2258/13/2 2260/13/2 2261/13/2
f 2261/13/2 2260/13/2 2262/13/2
f 2261/14/2 2262/14/2 2263/14/2
f 2263/14/2 2262/14/2 2264/14/2
f 2263/13/2 2264/13/2 2265/13/2
f 2263/13/2 2265/13/2 2266/13/2
f 2263/13/2 2266/13/2 2267/13/2
f 2267/13/2 2266/13/2 2268/13/2
f 2267/14/2 2268/14/2 2269/14/2
f 2269/14/2 2268/14/2 2270/14/2
f 2269/13/2 2270/13/2 2271/13/2
f 2269/13/2 2271/13/2 2272/13/2
f 2272/13/2 2271/13/2 2273/13/2
f 2274/12/2 2275/12/2 2276/12/2
f 2276/12/2 2275/12/2 2277/12/2
f 2276/16/2 2277/16/2 2278/16/2
f 2278/16/2 2277/16/2 2279/16/2
f 2278/12/2 2279/12/2 2280/12/2
f 2280/12/2 2279/12/2 2281/12/2
f 2280/16/2 2281/16/2 2282/16/2
f 2282/16/2 2281/16/2 2283/16/2
f 2282/12/2 2283/12/2 2284/12/2
f 2284/12/2 2283/12/2 2285/12/2
f 2286/7/2 2287/7/2 2288/7/2
f 2288/7/2 2287/7/2 2289/7/2
f 2288/5/2 2289/5/2 2290/5/2
f 2288/5/2 2290/5/2 2291/5/2
f 2291/5/2 2290/5/2 2292/5/2
f 2291/7/2 2292/7/2 2293/7/2
f 2291/7/2 2293/7/2 2294/7/2
f 2294/7/2 2293/7/2 2295/7/2
f 2294/5/2 2295/5/2 2296/5/2
f 2296/5/2 2295/5/2 2297/5/2
f 2296/7/2 2297/7/2 2298/7/2
f 2296/7/2 2298/7/2 2299/7/2
f 2299/7/2 2298/7/2 2300/7/2
f 2299/5/2 2300/5/2 2301/5/2
f 2299/5/2 2301/5/2 2302/5/2
f 2302/5/2 2301/5/2 2303/5/2
f 2302/7/2 2303/7/2 2304/7/2
f 2304/7/2 2303/7/2 2305/7/2
f 2306/12/2 2307/12/2 2308/12/2
f 2306/12/2 2308/12/2 2309/12/2
f 2306/12/2 2309/12/2 2310/12/2
f 2306/12/2 2310/12/2 2311/12/2
f 2306/12/2 2311/12/2 2312/12/2
f 2306/12/2 2312/12/2 2313/12/2
f 2306/12/2 2313/12/2 2314/12/2
f 2306/12/2 2314/12/2 2315/12/2
f 2306/12/2 2315/12/2 2316/12/2
f 2316/12/2 2315/12/2 2317/12/2
f 2318/7/2 2319/7/2 2320/7/2
f 2320/7/2 2319/7/2 2321/7/2
f 2320/5/2 2321/5/2 2322/5/2
f 2322/5/2 2321/5/2 2323/5/2
f 2322/7/2 2323/7/2 2324/7/2
f 2322/7/2 2324/7/2 2325/7/2
f 2325/7/2 2324/7/2 2326/7/2
f 2325/5/2 2326/5/2 2327/5/2
f 2327/5/2 2326/5/2 2328/5/2
f 2327/7/2 2328/7/2 2329/7/2
f 2327/7/2 2329/7/2 2330/7/2
f 2330/7/2 2329/7/2 2331/7/2
f 2330/5/2 2331/5/2 2332/5/2
f 2332/5/2 2331/5/2 2333/5/2
f 2332/7/2 2333/7/2 2334/7/2
f 2334/7/2 2333/7/2 2335/7/2
f 2336/10/2 2337/10/2 2338/10/2
f 2336/10/2 2338/10/2 2339/10/2
f 2339/10/2 2338/10/2 2340/10/2
f 2339/15/2 2340/15/2 2341/15/2
f 2341/15/2 2340/15/2 2342/15/2
f 2341/10/2 2342/10/2 2343/10/2
f 2343/10/2 2342/10/2 2344/10/2
f 2343/15/2 2344/15/2 2345/15/2
f 2345/15/2 2344/15/2 2346/15/2
f 2345/10/2 2346/10/2 2347/10/2
f 2347/10/2 2346/10/2 2348/10/2
f 2347/15/2 2348/15/2 2349/15/2
f 2349/15/2 2348/15/2 2350/15/2
f 2349/10/2 2350/10/2 2351/10/2
f 2351/10/2 2350/10/2 2352/10/2
f 2351/15/2 2352/15/2 2353/15/2
f 2353/15/2 2352/15/2 2354/15/2
f 2353/10/2 2354/10/2 2355/10/2
f 2355/10/2 2354/10/2 2356/10/2
f 2355/15/2 2356/15/2 2357/15/2
f 2357/15/2 2356/15/2 2358/15/2
f 2357/10/2 2358/10/2 2359/10/2
f 2359/10/2 2358/10/2 2360/10/2
f 2359/15/2 2360/15/2 2361/15/2
f 2361/15/2 2360/15/2 2362/15/2
f 2361/10/2 2362/10/2 2363/10/2
f 2361/10/2 2363/10/2 2364/10/2
f 2364/10/2 2363/10/2 2365/10/2
f 2366/9/2 2367/9/2 2368/9/2
f 2368/9/2 2367/9/2 2369/9/2
f 2370/9/2 2371/9/2 2372/9/2
f 2372/9/2 2371/9/2 2373/9/2
f 2372/6/2 2373/6/2 2374/6/2
f 2372/6/2 2374/6/2 2375/6/2
f 2375/6/2 2374/6/2 2376/6/2
f 2375/9/2 2376/9/2 2377/9/2
f 2377/9/2 2376/9/2 2378/9/2
f 2377/6/2 2378/6/2 2379/6/2
f 2379/6/2 2378/6/2 2380/6/2
f 2379/9/2 2380/9/2 2381/9/2
f 2381/9/2 2380/9/2 2382/9/2
f 2381/6/2 2382/6/2 2383/6/2
f 2383/6/2 2382/6/2 2384/6/2
f 2383/9/2 2384/9/2 2385/9/2
f 2385/9/2 2384/9/2 2386/9/2
f 2385/6/2 2386/6/2 2387/6/2
f 2385/6/2 2387/6/2 2388/6/2
f 2388/6/2 2387/6/2 2389/6/2
f 2388/9/2 2389/9/2 2390/9/2
f 2390/9/2 2389/9/2 2391/9/2
f 2392/16/2 2393/16/2 2394/16/2
f 2392/16/2 2394/16/2 2395/16/2
f 2395/16/2 2394/16/2 2396/16/2
f 2395/12/2 2396/12/2 2397/12/2
f 2397/12/2 2396/12/2 2398/12/2
f 2397/16/2 2398/16/2 2399/16/2
f 2397/16/2 2399/16/2 2400/16/2
f 2400/16/2 2399/16/2 2401/16/2
f 2402/9/2 2403/9/2 2404/9/2
f 2404/9/2 2403/9/2 2405/9/2
f 2406/5/2 2407/5/2 2408/5/2
f 2408/5/2 2407/5/2 2409/5/2
f 2408/7/2 2409/7/2 2410/7/2
f 2410/7/2 2409/7/2 2411/7/2
f 2410/5/2 2411/5/2 2412/5/2
f 2412/5/2 2411/5/2 2413/5/2
f 2412/7/2 2413/7/2 2414/7/2
f 2414/7/2 2413/7/2 2415/7/2
f 2414/5/2 2415/5/2 2416/5/2
f 2414/5/2 2416/5/2 2417/5/2
f 2414/5/2 2417/5/2 2418/5/2
f 2418/5/2 2417/5/2 2419/5/2
f 2418/7/2 2419/7/2 2420/7/2
f 2420/7/2 2419/7/2 2421/7/2
f 2420/5/2 2421/5/2 2422/5/2
f 2422/5/2 2421/5/2 2423/5/2
f 2422/7/2 2423/7/2 2424/7/2
f 2424/7/2 2423/7/2 2425/7/2
f 2424/5/2 2425/5/2 2426/5/2
f 2426/5/2 2425/5/2 2427/5/2
f 2428/12/2 2429/12/2 2430/12/2
f 2430/12/2 2429/12/2 2431/12/2
f 2432/7/2 2433/7/2 2434/7/2
f 2434/7/2 2433/7/2 2435/7/2
f 2434/5/2 2435/5/2 2436/5/2
f 2434/5/2 2436/5/2 2437/5/2
f 2437/5/2 2436/5/2 2438/5/2
f 2437/7/2 2438/7/2 2439/7/2
f 2439/7/2 2438/7/2 2440/7/2
f 2439/5/2 2440/5/2 2441/5/2
f 2441/5/2 2440/5/2 2442/5/2
f 2441/7/2 2442/7/2 2443/7/2
f 2443/7/2 2442/7/2 2444/7/2
f 2443/5/2 2444/5/2 2445/5/2
f 2445/5/2 2444/5/2 2446/5/2
f 2445/7/2 2446/7/2 2447/7/2
f 2447/7/2 2446/7/2 2448/7/2
f 2447/5/2 2448/5/2 2449/5/2
f 2449/5/2 2448/5/2 2450/5/2
f 2449/7/2 2450/7/2 2451/7/2
f 2451/7/2 2450/7/2 2452/7/2
f 2451/5/2 2452/5/2 2453/5/2
f 2451/5/2 2453/5/2 2454/5/2
f 2454/5/2 2453/5/2 2455/5/2
f 2454/7/2 2455/7/2 2456/7/2
f 2456/7/2 2455/7/2 2457/7/2
f 2458/14/2 2459/14/2 2460/14/2
f 2458/14/2 2460/14/2 2461/14/2
f 2461/14/2 2460/14/2 2462/14/2
f 2461/13/2 2462/13/2 2463/13/2
f 2463/13/2 2462/13/2 2464/13/2
f 2463/14/2 2464/14/2 2465/14/2
f 2465/14/2 2464/14/2 2466/14/2
f 2465/13/2 2466/13/2 2467/13/2
f 2467/13/2 2466/13/2 2468/13/2
f 2467/14/2 2468/14/2 2469/14/2
f 2467/14/2 2469/14/2 2470/14/2
f 2470/14/2 2469/14/2 2471/14/2
f 2472/14/2 2473/14/2 2474/14/2
f 2474/14/2 2473/14/2 2475/14/2
f 2474/13/2 2475/13/2 2476/13/2
f 2476/13/2 2475/13/2 2477/13/2
f 2476/14/2 2477/14/2 2478/14/2
f 2478/14/2 2477/14/2 2479/14/2
f 2478/13/2 2479/13/2 2480/13/2
f 2480/13/2 2479/13/2 2481/13/2
f 2480/14/2 2481/14/2 2482/14/2
f 2482/14/2 2481/14/2 2483/14/2
f 2484/14/2 2485/14/2 2486/14/2
f 2486/14/2 2485/14/2 2487/14/2
f 2487/14/2 2485/14/2 2488/14/2
f 2486/13/2 2487/13/2 2489/13/2
f 2487/14/2 2488/14/2 2490/14/2
f 2489/13/2 2487/13/2 2490/13/2
f 2489/14/2 2490/14/2 2491/14/2
f 2490/14/2 2488/14/2 2492/14/2
f 2491/14/2 2490/14/2 2492/14/2
f 2491/13/2 2492/13/2 2493/13/2
f 2492/14/2 2488/14/2 2494/14/2
f 2493/13/2 2492/13/2 2494/13/2
f 2494/14/2 2488/14/2 2495/14/2
f 2493/14/2 2494/14/2 2496/14/2
f 2494/14/2 2495/14/2 2496/14/2
f 2496/14/2 2495/14/2 2497/14/2
f 2498/11/2 2499/11/2 2500/11/2
f 2500/11/2 2499/11/2 2501/11/2
f 2500/8/2 2501/8/2 2502/8/2
f 2502/8/2 2501/8/2 2503/8/2
f 2502/11/2 2503/11/2 2504/11/2
f 2504/11/2 2503/11/2 2505/11/2
f 2504/8/2 2505/8/2 2506/8/2
f 2506/8/2 2505/8/2 2507/8/2
f 2506/11/2 2507/11/2 2508/11/2
f 2508/11/2 2507/11/2 2509/11/2
f 2510/13/2 2511/13/2 2513/13/2
f 2511/14/2 2512/14/2 2514/14/2
f 2513/13/2 2511/13/2 2514/13/2
f 2514/14/2 2512/14/2 2515/14/2
f 2513/14/2 2514/14/2 2516/14/2
f 2514/13/2 2515/13/2 2517/13/2
f 2516/14/2 2514/14/2 2517/14/2
f 2517/13/2 2515/13/2 2518/13/2
f 2516/13/2 2517/13/2 2519/13/2
f 2517/14/2 2518/14/2 2520/14/2
f 2519/13/2 2517/13/2 2520/13/2
f 2520/14/2 2518/14/2 2521/14/2
f 2519/14/2 2520/14/2 2522/14/2
f 2520/13/2 2521/13/2 2523/13/2
f 2522/14/2 2520/14/2 2523/14/2
f 2523/13/2 2521/13/2 2524/13/2
f 2522/13/2 2523/13/2 2525/13/2
f 2523/14/2 2524/14/2 2526/14/2
f 2525/13/2 2523/13/2 2526/13/2
f 2526/14/2 2524/14/2 2527/14/2
f 2528/11/2 2529/11/2 2530/11/2
f 2530/11/2 2529/11/2 2531/11/2
f 2530/8/2 2531/8/2 2532/8/2
f 2532/8/2 2531/8/2 2533/8/2
f 2532/11/2 2533/11/2 2534/11/2
f 2534/11/2 2533/11/2 2535/11/2
f 2534/8/2 2535/8/2 2536/8/2
f 2536/8/2 2535/8/2 2537/8/2
f 2536/11/2 2537/11/2 2538/11/2
f 2538/11/2 2537/11/2 2539/11/2
f 2538/8/2 2539/8/2 2540/8/2
f 2540/8/2 2539/8/2 2541/8/2
f 2540/11/2 2541/11/2 2542/11/2
f 2542/11/2 2541/11/2 2543/11/2
f 2542/8/2 2543/8/2 2544/8/2
f 2544/8/2 2543/8/2 2545/8/2
f 2544/11/2 2545/11/2 2546/11/2
f 2546/11/2 2545/11/2 2547/11/2
f 2548/9/2 2549/9/2 2550/9/2
f 2550/9/2 2549/9/2 2551/9/2
f 2550/6/2 2551/6/2 2552/6/2
f 2550/6/2 2552/6/2 2553/6/2
f 2550/6/2 2553/6/2 2554/6/2
f 2554/6/2 2553/6/2 2555/6/2
f 2554/9/2 2555/9/2 2556/9/2
f 2556/9/2 2555/9/2 2557/9/2
f 2556/6/2 2557/6/2 2558/6/2
f 2556/6/2 2558/6/2 2559/6/2
f 2556/6/2 2559/6/2 2560/6/2
f 2560/6/2 2559/6/2 2561/6/2
f 2560/9/2 2561/9/2 2562/9/2
f 2562/9/2 2561/9/2 2563/9/2
f 2562/6/2 2563/6/2 2564/6/2
f 2562/6/2 2564/6/2 2565/6/2
f 2562/6/2 2565/6/2 2566/6/2
f 2566/6/2 2565/6/2 2567/6/2
f 2566/9/2 2567/9/2 2568/9/2
f 2568/9/2 2567/9/2 2569/9/2
f 2570/11/2 2571/11/2 2572/11/2
f 2572/11/2 2571/11/2 2573/11/2
f 2572/8/2 2573/8/2 2574/8/2
f 2574/8/2 2573/8/2 2575/8/2
f 2574/11/2 2575/11/2 2576/11/2
f 2576/11/2 2575/11/2 2577/11/2
f 2576/8/2 2577/8/2 2578/8/2
f 2578/8/2 2577/8/2 2579/8/2
f 2578/11/2 2579/11/2 2580/11/2
f 2580/11/2 2579/11/2 2581/11/2
f 2580/8/2 2581/8/2 2582/8/2
f 2582/8/2 2581/8/2 2583/8/2
f 2582/11/2 2583/11/2 2584/11/2
f 2584/11/2 2583/11/2 2585/11/2
f 2586/16/2 2587/16/2 2588/16/2
f 2588/16/2 2587/16/2 2589/16/2
f 2588/12/2 2589/12/2 2590/12/2
f 2588/12/2 2590/12/2 2591/12/2
f 2588/12/2 2591/12/2 2592/12/2
f 2592/12/2 2591/12/2 2593/12/2
f 2592/16/2 2593/16/2 2594/16/2
f 2594/16/2 2593/16/2 2595/16/2
f 2594/12/2 2595/12/2 2596/12/2
f 2594/12/2 2596/12/2 2597/12/2
f 2594/12/2 2597/12/2 2598/12/2
f 2598/12/2 2597/12/2 2599/12/2
f 2598/16/2 2599/16/2 2600/16/2
f 2600/16/2 2599/16/2 2601/16/2
f 2602/9/2 2603/9/2 2604/9/2
f 2604/9/2 2603/9/2 2605/9/2
f 2604/6/2 2605/6/2 2606/6/2
f 2606/6/2 2605/6/2 2607/6/2
f 2606/9/2 2607/9/2 2608/9/2
f 2608/9/2 2607/9/2 2609/9/2
f 2608/6/2 2609/6/2 2610/6/2
f 2610/6/2 2609/6/2 2611/6/2
f 2610/9/2 2611/9/2 2612/9/2
f 2612/9/2 2611/9/2 2613/9/2
f 2612/6/2 2613/6/2 2614/6/2
f 2614/6/2 2613/6/2 2615/6/2
f 2614/9/2 2615/9/2 2616/9/2
f 2616/9/2 2615/9/2 2617/9/2
f 2618/11/2 2619/11/2 2620/11/2
f 2620/11/2 2619/11/2 2621/11/2
f 2622/14/2 2623/14/2 2624/14/2
f 2624/14/2 2623/14/2 2625/14/2
f 2626/9/2 2627/9/2 2628/9/2
f 2628/9/2 2627/9/2 2629/9/2
f 2630/12/2 2631/12/2 2632/12/2
f 2632/12/2 2631/12/2 2633/12/2
f 2632/16/2 2633/16/2 2634/16/2
f 2634/16/2 2633/16/2 2635/16/2
f 2634/12/2 2635/12/2 2636/12/2
f 2636/12/2 2635/12/2 2637/12/2
f 2636/16/2 2637/16/2 2638/16/2
f 2638/16/2 2637/16/2 2639/16/2
f 2638/12/2 2639/12/2 2640/12/2
f 2640/12/2 2639/12/2 2641/12/2
f 2640/16/2 2641/16/2 2642/16/2
f 2642/16/2 2641/16/2 2643/16/2
f 2642/12/2 2643/12/2 2644/12/2
f 2644/12/2 2643/12/2 2645/12/2
f 2644/16/2 2645/16/2 2646/16/2
f 2646/16/2 2645/16/2 2647/16/2
f 2646/12/2 2647/12/2 2648/12/2
f 2648/12/2 2647/12/2 2649/12/2
f 2650/9/2 2651/9/2 2652/9/2
f 2650/9/2 2652/9/2 2653/9/2
f 2653/9/2 2652/9/2 2654/9/2
f 2653/6/2 2654/6/2 2655/6/2
f 2655/6/2 2654/6/2 2656/6/2
f 2655/9/2 2656/9/2 2657/9/2
f 2657/9/2 2656/9/2 2658/9/2
f 2657/6/2 2658/6/2 2659/6/2
f 2659/6/2 2658/6/2 2660/6/2
f 2659/9/2 2660/9/2 2661/9/2
f 2661/9/2 2660/9/2 2662/9/2
f 2661/6/2 2662/6/2 2663/6/2
f 2663/6/2 2662/6/2 2664/6/2
f 2663/9/2 2664/9/2 2665/9/2
f 2663/9/2 2665/9/2 2666/9/2
f 2666/9/2 2665/9/2 2667/9/2
f 2668/10/2 2669/10/2 2670/10/2
f 2670/10/2 2669/10/2 2671/10/2
f 2670/15/2 2671/15/2 2672/15/2
f 2672/15/2 2671/15/2 2673/15/2
f 2672/10/2 2673/10/2 2674/10/2
f 2674/10/2 2673/10/2 2675/10/2
f 2674/15/2 2675/15/2 2676/15/2
f 2676/15/2 2675/15/2 2677/15/2
f 2676/10/2 2677/10/2 2678/10/2
f 2678/10/2 2677/10/2 2679/10/2
f 2680/7/2 2681/7/2 2682/7/2
f 2682/7/2 2681/7/2 2683/7/2
f 2682/5/2 2683/5/2 2684/5/2
f 2684/5/2 2683/5/2 2685/5/2
f 2684/7/2 2685/7/2 2686/7/2
f 2686/7/2 2685/7/2 2687/7/2
f 2686/5/2 2687/5/2 2688/5/2
f 2688/5/2 2687/5/2 2689/5/2
f 2688/7/2 2689/7/2 2690/7/2
f 2688/7/2 2690/7/2 2691/7/2
f 2688/7/2 2691/7/2 2692/7/2
f 2692/7/2 2691/7/2 2693/7/2
f 2692/5/2 2693/5/2 2694/5/2
f 2694/5/2 2693/5/2 2695/5/2
f 2694/7/2 2695/7/2 2696/7/2
f 2696/7/2 2695/7/2 2697/7/2
f 2696/5/2 2697/5/2 2698/5/2
f 2698/5/2 2697/5/2 2699/5/2
f 2698/7/2 2699/7/2 2700/7/2
f 2700/7/2 2699/7/2 2701/7/2
f 2702/4/2 2703/4/2 2704/4/2
f 2704/4/2 2703/4/2 2705/4/2
f 2706/4/2 2707/4/2 2708/4/2
f 2708/4/2 2707/4/2 2709/4/2
f 2710/4/2 2711/4/2 2712/4/2
f 2712/4/2 2711/4/2 2713/4/2
f 2714/1/2 2715/1/2 2718/1/2
f 2718/1/2 2715/1/2 2719/1/2
f 2716/3/2 2717/3/2 2720/3/2
f 2720/3/2 2717/3/2 2721/3/2
f 2718/3/2 2719/3/2 2722/3/2
f 2720/1/2 2721/1/2 2723/1/2
f 2718/3/2 2722/3/2 2724/3/2
f 2724/3/2 2722/3/2 2725/3/2
f 2724/1/2 2725/1/2 2726/1/2
f 2726/1/2 2725/1/2 2727/1/2
f 2723/1/2 2721/1/2 2728/1/2
f 2728/1/2 2721/1/2 2729/1/2
f 2726/4/2 2727/4/2 2732/4/2
f 2732/4/2 2727/4/2 2733/4/2
f 2728/4/2 2729/4/2 2734/4/2
f 2734/4/2 2729/4/2 2735/4/2
f 2730/4/2 2731/4/2 2736/4/2
f 2736/4/2 2731/4/2 2737/4/2
f 2738/4/2 2739/4/2 2740/4/2
f 2740/4/2 2739/4/2 2741/4/2
f 2742/4/2 2743/4/2 2744/4/2
f 2744/4/2 2743/4/2 2745/4/2
f 2746/4/2 2747/4/2 2750/4/2
f 2750/4/2 2747/4/2 2751/4/2
f 2748/4/2 2749/4/2 2752/4/2
f 2752/4/2 2749/4/2 2753/4/2
f 2754/4/2 2755/4/2 2759/4/2
f 2759/4/2 2755/4/2 2760/4/2
f 2756/2/2 2757/2/2 2778/2/2
f 2757/4/2 2758/4/2 2779/4/2
f 2778/2/2 2757/2/2 2779/2/2
f 2779/4/2 2758/4/2 2780/4/2
f 2761/4/2 2762/4/2 2781/4/2
f 2762/2/2 2763/2/2 2782/2/2
f 2781/4/2 2762/4/2 2782/4/2
f 2763/2/2 2764/2/2 2782/2/2
f 2764/2/2 2765/2/2 2782/2/2
f 2765/2/2 2766/2/2 2782/2/2
f 2766/4/2 2767/4/2 2783/4/2
f 2782/2/2 2766/2/2 2783/2/2
f 2767/4/2 2768/4/2 2783/4/2
f 2768/2/2 2769/2/2 2784/2/2
f 2783/4/2 2768/4/2 2784/4/2
f 2769/2/2 2770/2/2 2784/2/2
f 2770/4/2 2771/4/2 2785/4/2
f 2784/2/2 2770/2/2 2785/2/2
f 2774/2/2 2775/2/2 2786/2/2
f 2785/4/2 2771/4/2 2786/4/2
f 2773/2/2 2774/2/2 2786/2/2
f 2772/2/2 2773/2/2 2786/2/2
f 2771/2/2 2772/2/2 2786/2/2
f 2775/4/2 2776/4/2 2787/4/2
f 2786/2/2 2775/2/2 2787/2/2
f 2776/2/2 2777/2/2 2788/2/2
f 2787/4/2 2776/4/2 2788/4/2
f 2788/2/2 2777/2/2 2789/2/2
f 2790/4/2 2791/4/2 2794/4/2
f 2794/4/2 2791/4/2 2795/4/2
f 2792/4/2 2793/4/2 2815/4/2
f 2815/4/2 2793/4/2 2816/4/2
f 2796/4/2 2797/4/2 2817/4/2
f 2797/2/2 2798/2/2 2818/2/2
f 2817/4/2 2797/4/2 2818/4/2
f 2798/2/2 2799/2/2 2818/2/2
f 2799/2/2 2800/2/2 2818/2/2
f 2800/4/2 2801/4/2 2819/4/2
f 2818/2/2 2800/2/2 2819/2/2
f 2801/4/2 2802/4/2 2819/4/2
f 2802/2/2 2803/2/2 2820/2/2
f 2819/4/2 2802/4/2 2820/4/2
f 2803/4/2 2804/4/2 2821/4/2
f 2820/2/2 2803/2/2 2821/2/2
f 2804/2/2 2805/2/2 2822/2/2
f 2821/4/2 2804/4/2 2822/4/2
f 2805/2/2 2806/2/2 2822/2/2
f 2806/4/2 2807/4/2 2823/4/2
f 2822/2/2 2806/2/2 2823/2/2
f 2807/2/2 2808/2/2 2824/2/2
f 2823/4/2 2807/4/2 2824/4/2
f 2808/4/2 2809/4/2 2825/4/2
f 2824/2/2 2808/2/2 2825/2/2
f 2809/2/2 2810/2/2 2826/2/2
f 2825/4/2 2809/4/2 2826/4/2
f 2810/4/2 2811/4/2 2827/4/2
f 2826/2/2 2810/2/2 2827/2/2
f 2811/2/2 2812/2/2 2828/2/2
f 2827/4/2 2811/4/2 2828/4/2
f 2812/4/2 2813/4/2 2829/4/2
f 2828/2/2 2812/2/2 2829/2/2
f 2813/2/2 2814/2/2 2830/2/2
f 2829/4/2 2813/4/2 2830/4/2
f 2830/2/2 2814/2/2 2831/2/2
f 2832/4/2 2833/4/2 2836/4/2
f 2836/4/2 2833/4/2 2837/4/2
f 2836/2/2 2837/2/2 2838/2/2
f 2834/4/2 2835/4/2 2839/4/2
f 2839/4/2 2835/4/2 2840/4/2
f 2840/4/2 2835/4/2 2841/4/2
f 2836/2/2 2838/2/2 2842/2/2
f 2842/2/2 2838/2/2 2843/2/2
f 2842/4/2 2843/4/2 2844/4/2
f 2840/2/2 2841/2/2 2845/2/2
f 2845/2/2 2841/2/2 2846/2/2
f 2846/2/2 2841/2/2 2847/2/2
f 2842/4/2 2844/4/2 2848/4/2
f 2846/4/2 2847/4/2 2849/4/2
f 2842/4/2 2848/4/2 2850/4/2
f 2850/4/2 2848/4/2 2851/4/2
f 2849/4/2 2847/4/2 2852/4/2
f 2852/4/2 2847/4/2 2853/4/2
f 2853/4/2 2847/4/2 2854/4/2
f 2853/2/2 2854/2/2 2855/2/2
f 2855/2/2 2854/2/2 2856/2/2
f 2850/2/2 2851/2/2 2857/2/2
f 2855/4/2 2856/4/2 2858/4/2
f 2858/4/2 2856/4/2 2859/4/2
f 2859/4/2 2856/4/2 2860/4/2
f 2850/2/2 2857/2/2 2861/2/2
f 2861/2/2 2857/2/2 2862/2/2
f 2859/2/2 2860/2/2 2863/2/2
f 2863/2/2 2860/2/2 2864/2/2
f 2864/2/2 2860/2/2 2865/2/2
f 2861/4/2 2862/4/2 2866/4/2
f 2864/4/2 2865/4/2 2867/4/2
f 2867/4/2 2865/4/2 2868/4/2
f 2867/2/2 2868/2/2 2869/2/2
f 2869/2/2 2868/2/2 2870/2/2
f 2861/4/2 2866/4/2 2871/4/2
f 2869/4/2 2870/4/2 2872/4/2
f 2861/4/2 2871/4/2 2873/4/2
f 2872/4/2 2870/4/2 2874/4/2
f 2874/4/2 2870/4/2 2875/4/2
f 2875/4/2 2870/4/2 2876/4/2
f 2875/2/2 2876/2/2 2877/2/2
f 2877/2/2 2876/2/2 2878/2/2
f 2877/4/2 2878/4/2 2879/4/2
f 2879/4/2 2878/4/2 2880/4/2
f 2861/4/2 2873/4/2 2881/4/2
f 2881/4/2 2873/4/2 2882/4/2
f 2879/2/2 2880/2/2 2902/2/2
f 2902/2/2 2880/2/2 2903/2/2
f 2882/4/2 2883/4/2 2904/4/2
f 2883/2/2 2884/2/2 2904/2/2
f 2884/4/2 2885/4/2 2905/4/2
f 2904/2/2 2884/2/2 2905/2/2
f 2886/4/2 2887/4/2 2906/4/2
f 2887/4/2 2888/4/2 2906/4/2
f 2888/4/2 2889/4/2 2906/4/2
f 2889/4/2 2890/4/2 2906/4/2
f 2906/4/2 2890/4/2 2907/4/2
f 2907/4/2 2890/4/2 2908/4/2
f 2890/2/2 2891/2/2 2909/2/2
f 2908/4/2 2890/4/2 2909/4/2
f 2891/4/2 2892/4/2 2910/4/2
f 2909/2/2 2891/2/2 2910/2/2
f 2892/4/2 2893/4/2 2910/4/2
f 2893/4/2 2894/4/2 2910/4/2
f 2894/4/2 2895/4/2 2910/4/2
f 2895/4/2 2896/4/2 2910/4/2
f 2896/4/2 2897/4/2 2910/4/2
f 2910/4/2 2897/4/2 2911/4/2
f 2911/4/2 2897/4/2 2912/4/2
f 2900/2/2 2901/2/2 2913/2/2
f 2899/4/2 2900/4/2 2913/4/2
f 2901/4/2 2902/4/2 2914/4/2
f 2913/2/2 2901/2/2 2914/2/2
f 2882/4/2 2904/4/2 2915/4/2
f 2904/4/2 2905/4/2 2915/4/2
f 2885/2/2 2886/2/2 2916/2/2
f 2915/4/2 2905/4/2 2916/4/2
f 2905/4/2 2885/4/2 2916/4/2
f 2886/4/2 2906/4/2 2917/4/2
f 2916/2/2 2886/2/2 2917/2/2
f 2906/2/2 2907/2/2 2918/2/2
f 2917/4/2 2906/4/2 2918/4/2
f 2907/4/2 2908/4/2 2919/4/2
f 2918/2/2 2907/2/2 2919/2/2
f 2908/2/2 2909/2/2 2920/2/2
f 2919/4/2 2908/4/2 2920/4/2
f 2910/4/2 2911/4/2 2921/4/2
f 2920/2/2 2909/2/2 2921/2/2
f 2909/4/2 2910/4/2 2921/4/2
f 2911/2/2 2912/2/2 2922/2/2
f 2921/4/2 2911/4/2 2922/4/2
f 2912/4/2 2897/4/2 2923/4/2
f 2922/2/2 2912/2/2 2923/2/2
f 2898/2/2 2899/2/2 2924/2/2
f 2923/4/2 2897/4/2 2924/4/2
f 2897/2/2 2898/2/2 2924/2/2
f 2899/4/2 2913/4/2 2925/4/2
f 2924/2/2 2899/2/2 2925/2/2
f 2913/4/2 2914/4/2 2925/4/2
f 2914/4/2 2902/4/2 2926/4/2
f 2925/4/2 2914/4/2 2926/4/2
f 2927/4/2 2928/4/2 2929/4/2
f 2929/4/2 2928/4/2 2930/4/2
f 2930/4/2 2928/4/2 2931/4/2
f 2931/4/2 2928/4/2 2932/4/2
f 2932/4/2 2928/4/2 2933/4/2
f 2933/4/2 2928/4/2 2934/4/2
f 2934/4/2 2928/4/2 2935/4/2
f 2935/4/2 2928/4/2 2936/4/2
f 2936/4/2 2928/4/2 2937/4/2
f 2937/4/2 2928/4/2 2938/4/2
f 2938/4/2 2928/4/2 2939/4/2
f 2939/4/2 2928/4/2 2940/4/2
f 2927/4/2 2929/4/2 2941/4/2
f 2941/4/2 2929/4/2 2942/4/2
f 2930/4/2 2931/4/2 2943/4/2
f 2931/2/2 2932/2/2 2944/2/2
f 2943/4/2 2931/4/2 2944/4/2
f 2944/2/2 2932/2/2 2945/2/2
f 2932/4/2 2933/4/2 2946/4/2
f 2945/2/2 2932/2/2 2946/2/2
f 2946/4/2 2933/4/2 2947/4/2
f 2933/2/2 2934/2/2 2948/2/2
f 2947/4/2 2933/4/2 2948/4/2
f 2948/2/2 2934/2/2 2949/2/2
f 2934/4/2 2935/4/2 2950/4/2
f 2949/2/2 2934/2/2 2950/2/2
f 2935/2/2 2936/2/2 2951/2/2
f 2936/4/2 2937/4/2 2952/4/2
f 2951/2/2 2936/2/2 2952/2/2
f 2937/2/2 2938/2/2 2953/2/2
f 2952/4/2 2937/4/2 2953/4/2
f 2953/2/2 2938/2/2 2954/2/2
f 2938/4/2 2939/4/2 2955/4/2
f 2954/2/2 2938/2/2 2955/2/2
f 2955/4/2 2939/4/2 2956/4/2
f 2940/4/2 2928/4/2 2957/4/2
f 2957/4/2 2928/4/2 2958/4/2
f 2929/2/2 2930/2/2 2959/2/2
f 2930/4/2 2943/4/2 2960/4/2
f 2959/2/2 2930/2/2 2960/2/2
f 2946/4/2 2947/4/2 2961/4/2
f 2948/2/2 2949/2/2 2961/2/2
f 2945/4/2 2946/4/2 2961/4/2
f 2947/2/2 2948/2/2 2961/2/2
f 2961/2/2 2949/2/2 2962/2/2
f 2956/4/2 2939/4/2 2963/4/2
f 2939/2/2 2940/2/2 2963/2/2
f 2963/2/2 2940/2/2 2964/2/2
f 2960/4/2 2943/4/2 2965/4/2
f 2959/4/2 2960/4/2 2965/4/2
f 2944/2/2 2945/2/2 2966/2/2
f 2965/4/2 2943/4/2 2966/4/2
f 2943/2/2 2944/2/2 2966/2/2
f 2950/4/2 2935/4/2 2967/4/2
f 2949/4/2 2950/4/2 2967/4/2
f 2935/2/2 2951/2/2 2968/2/2
f 2967/4/2 2935/4/2 2968/4/2
f 2963/4/2 2964/4/2 2969/4/2
f 2956/4/2 2963/4/2 2969/4/2
f 2954/2/2 2955/2/2 2969/2/2
f 2955/2/2 2956/2/2 2969/2/2
f 2969/4/2 2964/4/2 2970/4/2
f 2942/4/2 2929/4/2 2971/4/2
f 2929/2/2 2959/2/2 2971/2/2
f 2959/4/2 2965/4/2 2972/4/2
f 2971/2/2 2959/2/2 2972/2/2
f 2961/4/2 2962/4/2 2973/4/2
f 2945/4/2 2961/4/2 2973/4/2
f 2973/4/2 2962/4/2 2974/4/2
f 2949/4/2 2967/4/2 2975/4/2
f 2967/2/2 2968/2/2 2975/2/2
f 2968/2/2 2951/2/2 2976/2/2
f 2975/2/2 2968/2/2 2976/2/2
f 2951/4/2 2952/4/2 2977/4/2
f 2953/4/2 2954/4/2 2977/4/2
f 2952/4/2 2953/4/2 2977/4/2
f 2969/2/2 2970/2/2 2978/2/2
f 2977/4/2 2954/4/2 2978/4/2
f 2954/2/2 2969/2/2 2978/2/2
f 2970/4/2 2964/4/2 2979/4/2
f 2964/2/2 2940/2/2 2979/2/2
f 2940/4/2 2957/4/2 2980/4/2
f 2979/2/2 2940/2/2 2980/2/2
f 2942/4/2 2971/4/2 2981/4/2
f 2941/2/2 2942/2/2 2981/2/2
f 2971/4/2 2972/4/2 2981/4/2
f 2981/4/2 2972/4/2 2982/4/2
f 2966/2/2 2945/2/2 2983/2/2
f 2965/2/2 2966/2/2 2983/2/2
f 2945/4/2 2973/4/2 2984/4/2
f 2983/2/2 2945/2/2 2984/2/2
f 2984/4/2 2973/4/2 2985/4/2
f 2973/2/2 2974/2/2 2986/2/2
f 2985/4/2 2973/4/2 2986/4/2
f 2962/2/2 2949/2/2 2987/2/2
f 2974/4/2 2962/4/2 2987/4/2
f 2949/4/2 2975/4/2 2988/4/2
f 2987/2/2 2949/2/2 2988/2/2
f 2975/4/2 2976/4/2 2988/4/2
f 2988/4/2 2976/4/2 2989/4/2
f 2976/2/2 2951/2/2 2990/2/2
f 2989/4/2 2976/4/2 2990/4/2
f 2951/4/2 2977/4/2 2991/4/2
f 2990/2/2 2951/2/2 2991/2/2
f 2980/4/2 2957/4/2 2992/4/2
f 2979/4/2 2980/4/2 2992/4/2
f 2957/2/2 2958/2/2 2993/2/2
f 2992/4/2 2957/4/2 2993/4/2
f 2982/4/2 2972/4/2 2994/4/2
f 2972/4/2 2965/4/2 2995/4/2
f 2994/4/2 2972/4/2 2995/4/2
f 2965/2/2 2983/2/2 2996/2/2
f 2995/4/2 2965/4/2 2996/4/2
f 2996/2/2 2983/2/2 2997/2/2
f 2989/4/2 2990/4/2 2998/4/2
f 2988/2/2 2989/2/2 2998/2/2
f 2990/4/2 2991/4/2 2998/4/2
f 2998/4/2 2991/4/2 2999/4/2
f 2991/4/2 2977/4/2 3000/4/2
f 2999/4/2 2991/4/2 3000/4/2
f 2977/2/2 2978/2/2 3001/2/2
f 3000/4/2 2977/4/2 3001/4/2
f 2978/2/2 2970/2/2 3002/2/2
f 3001/2/2 2978/2/2 3002/2/2
f 2979/4/2 2992/4/2 3003/4/2
f 3002/2/2 2970/2/2 3003/2/2
f 2970/4/2 2979/4/2 3003/4/2
f 3003/4/2 2992/4/2 3004/4/2
f 3004/4/2 2992/4/2 3005/4/2
f 2982/4/2 2994/4/2 3006/4/2
f 2981/2/2 2982/2/2 3006/2/2
f 2994/2/2 2995/2/2 3007/2/2
f 3006/4/2 2994/4/2 3007/4/2
f 3000/2/2 3001/2/2 3008/2/2
f 2999/4/2 3000/4/2 3008/4/2
f 3001/2/2 3002/2/2 3008/2/2
f 3008/2/2 3002/2/2 3009/2/2
f 3005/4/2 2992/4/2 3010/4/2
f 3004/2/2 3005/2/2 3010/2/2
f 2992/2/2 2993/2/2 3011/2/2
f 3010/4/2 2992/4/2 3011/4/2
f 3006/2/2 3007/2/2 3012/2/2
f 2981/2/2 3006/2/2 3012/2/2
f 2941/2/2 2981/2/2 3012/2/2
f 3012/2/2 3007/2/2 3013/2/2
f 3007/2/2 2995/2/2 3014/2/2
f 3013/2/2 3007/2/2 3014/2/2
f 2996/4/2 2997/4/2 3014/4/2
f 2995/4/2 2996/4/2 3014/4/2
f 3014/4/2 2997/4/2 3015/4/2
f 2985/2/2 2986/2/2 3016/2/2
f 2983/4/2 2984/4/2 3016/4/2
f 2984/4/2 2985/4/2 3016/4/2
f 2986/2/2 2974/2/2 3017/2/2
f 3016/2/2 2986/2/2 3017/2/2
f 3009/2/2 3002/2/2 3018/2/2
f 3002/4/2 3003/4/2 3019/4/2
f 3018/2/2 3002/2/2 3019/2/2
f 3003/4/2 3004/4/2 3019/4/2
f 3019/4/2 3004/4/2 3020/4/2
f 3010/2/2 3011/2/2 3021/2/2
f 3020/4/2 3004/4/2 3021/4/2
f 3004/2/2 3010/2/2 3021/2/2
f 3011/2/2 2993/2/2 3022/2/2
f 3021/2/2 3011/2/2 3022/2/2
f 2993/2/2 2958/2/2 3022/2/2
f 3022/2/2 2958/2/2 3023/2/2
f 3012/4/2 3013/4/2 3024/4/2
f 3014/2/2 3015/2/2 3024/2/2
f 3013/2/2 3014/2/2 3024/2/2
f 3024/2/2 3015/2/2 3025/2/2
f 2983/4/2 3016/4/2 3026/4/2
f 3016/4/2 3017/4/2 3026/4/2
f 3017/2/2 2974/2/2 3027/2/2
f 3026/4/2 3017/4/2 3027/4/2
f 3020/2/2 3021/2/2 3028/2/2
f 3021/2/2 3022/2/2 3028/2/2
f 3022/4/2 3023/4/2 3029/4/2
f 3028/2/2 3022/2/2 3029/2/2
f 3024/4/2 3025/4/2 3030/4/2
f 3012/4/2 3024/4/2 3030/4/2
f 3030/4/2 3025/4/2 3031/4/2
f 2998/2/2 2999/2/2 3032/2/2
f 2988/2/2 2998/2/2 3032/2/2
f 2987/4/2 2988/4/2 3032/4/2
f 3032/2/2 2999/2/2 3033/2/2
f 3009/2/2 3018/2/2 3034/2/2
f 3018/4/2 3019/4/2 3035/4/2
f 3034/2/2 3018/2/2 3035/2/2
f 3019/4/2 3020/4/2 3035/4/2
f 3029/4/2 3023/4/2 3036/4/2
f 3028/4/2 3029/4/2 3036/4/2
f 3036/4/2 3023/4/2 3037/4/2
f 3030/2/2 3031/2/2 3038/2/2
f 3031/4/2 3025/4/2 3039/4/2
f 3038/2/2 3031/2/2 3039/2/2
f 3025/2/2 3015/2/2 3040/2/2
f 3039/4/2 3025/4/2 3040/4/2
f 3040/2/2 3015/2/2 3041/2/2
f 3015/4/2 2997/4/2 3042/4/2
f 3041/2/2 3015/2/2 3042/2/2
f 3042/4/2 2997/4/2 3043/4/2
f 3027/2/2 2974/2/2 3044/2/2
f 2974/4/2 2987/4/2 3044/4/2
f 3026/2/2 3027/2/2 3044/2/2
f 3032/4/2 3033/4/2 3044/4/2
f 2987/4/2 3032/4/2 3044/4/2
f 3044/4/2 3033/4/2 3045/4/2
f 3035/4/2 3020/4/2 3046/4/2
f 3034/4/2 3035/4/2 3046/4/2
f 3020/2/2 3028/2/2 3047/2/2
f 3046/4/2 3020/4/2 3047/4/2
f 3047/2/2 3028/2/2 3048/2/2
f 3028/4/2 3036/4/2 3049/4/2
f 3048/2/2 3028/2/2 3049/2/2
f 3036/2/2 3037/2/2 3050/2/2
f 3049/4/2 3036/4/2 3050/4/2
f 3050/2/2 3037/2/2 3051/2/2
f 3038/4/2 3039/4/2 3052/4/2
f 3040/4/2 3041/4/2 3052/4/2
f 3039/4/2 3040/4/2 3052/4/2
f 3052/4/2 3041/4/2 3053/4/2
f 3042/2/2 3043/2/2 3054/2/2
f 3053/4/2 3041/4/2 3054/4/2
f 3041/2/2 3042/2/2 3054/2/2
f 3054/2/2 3043/2/2 3055/2/2
f 3047/2/2 3048/2/2 3056/2/2
f 3046/2/2 3047/2/2 3056/2/2
f 3050/4/2 3051/4/2 3057/4/2
f 3056/2/2 3048/2/2 3057/2/2
f 3049/4/2 3050/4/2 3057/4/2
f 3048/4/2 3049/4/2 3057/4/2
f 3057/4/2 3051/4/2 3058/4/2
f 3058/4/2 3051/4/2 3059/4/2
f 3052/2/2 3053/2/2 3060/2/2
f 3038/4/2 3052/4/2 3060/4/2
f 3053/4/2 3054/4/2 3061/4/2
f 3060/2/2 3053/2/2 3061/2/2
f 3054/4/2 3055/4/2 3061/4/2
f 3061/4/2 3055/4/2 3062/4/2
f 3043/4/2 2997/4/2 3063/4/2
f 3055/2/2 3043/2/2 3063/2/2
f 2997/2/2 2983/2/2 3064/2/2
f 3063/4/2 2997/4/2 3064/4/2
f 3034/4/2 3046/4/2 3065/4/2
f 3046/2/2 3056/2/2 3066/2/2
f 3065/4/2 3046/4/2 3066/4/2
f 3057/4/2 3058/4/2 3067/4/2
f 3056/4/2 3057/4/2 3067/4/2
f 3058/2/2 3059/2/2 3068/2/2
f 3067/4/2 3058/4/2 3068/4/2
f 3059/4/2 3051/4/2 3069/4/2
f 3068/2/2 3059/2/2 3069/2/2
f 3038/4/2 3060/4/2 3070/4/2
f 3060/4/2 3061/4/2 3070/4/2
f 3070/4/2 3061/4/2 3071/4/2
f 3055/2/2 3063/2/2 3072/2/2
f 3062/4/2 3055/4/2 3072/4/2
f 3063/2/2 3064/2/2 3072/2/2
f 3072/2/2 3064/2/2 3073/2/2
f 3066/2/2 3056/2/2 3074/2/2
f 3065/2/2 3066/2/2 3074/2/2
f 3056/4/2 3067/4/2 3075/4/2
f 3074/2/2 3056/2/2 3075/2/2
f 3069/4/2 3051/4/2 3076/4/2
f 3068/4/2 3069/4/2 3076/4/2
f 3076/4/2 3051/4/2 3077/4/2
f 3071/4/2 3061/4/2 3078/4/2
f 3061/2/2 3062/2/2 3078/2/2
f 3072/4/2 3073/4/2 3079/4/2
f 3078/2/2 3062/2/2 3079/2/2
f 3062/4/2 3072/4/2 3079/4/2
f 3079/4/2 3073/4/2 3080/4/2
f 3033/2/2 2999/2/2 3081/2/2
f 3008/4/2 3009/4/2 3081/4/2
f 2999/4/2 3008/4/2 3081/4/2
f 3081/4/2 3009/4/2 3082/4/2
f 3034/4/2 3065/4/2 3083/4/2
f 3065/2/2 3074/2/2 3084/2/2
f 3083/4/2 3065/4/2 3084/4/2
f 3075/4/2 3067/4/2 3085/4/2
f 3074/4/2 3075/4/2 3085/4/2
f 3067/2/2 3068/2/2 3086/2/2
f 3085/4/2 3067/4/2 3086/4/2
f 3068/4/2 3076/4/2 3087/4/2
f 3086/2/2 3068/2/2 3087/2/2
f 3079/2/2 3080/2/2 3088/2/2
f 3078/4/2 3079/4/2 3088/4/2
f 3080/4/2 3073/4/2 3089/4/2
f 3088/2/2 3080/2/2 3089/2/2
f 3073/2/2 3064/2/2 3090/2/2
f 3089/4/2 3073/4/2 3090/4/2
f 3090/2/2 3064/2/2 3091/2/2
f 3084/2/2 3074/2/2 3092/2/2
f 3083/2/2 3084/2/2 3092/2/2
f 3074/4/2 3085/4/2 3093/4/2
f 3092/2/2 3074/2/2 3093/2/2
f 3085/2/2 3086/2/2 3094/2/2
f 3093/4/2 3085/4/2 3094/4/2
f 3086/4/2 3087/4/2 3095/4/2
f 3094/2/2 3086/2/2 3095/2/2
f 3078/4/2 3088/4/2 3096/4/2
f 3088/4/2 3089/4/2 3096/4/2
f 3071/4/2 3078/4/2 3096/4/2
f 3089/4/2 3090/4/2 3096/4/2
f 3090/4/2 3091/4/2 3096/4/2
f 3096/4/2 3091/4/2 3097/4/2
f 2983/4/2 3026/4/2 3098/4/2
f 3044/2/2 3045/2/2 3099/2/2
f 3098/4/2 3026/4/2 3099/4/2
f 3026/2/2 3044/2/2 3099/2/2
f 3099/2/2 3045/2/2 3100/2/2
f 3082/4/2 3009/4/2 3101/4/2
f 3081/2/2 3082/2/2 3101/2/2
f 3009/2/2 3034/2/2 3102/2/2
f 3101/4/2 3009/4/2 3102/4/2
f 3034/4/2 3083/4/2 3103/4/2
f 3102/2/2 3034/2/2 3103/2/2
f 3093/4/2 3094/4/2 3104/4/2
f 3094/4/2 3095/4/2 3104/4/2
f 3092/4/2 3093/4/2 3104/4/2
f 3095/4/2 3087/4/2 3105/4/2
f 3104/4/2 3095/4/2 3105/4/2
f 3087/4/2 3076/4/2 3105/4/2
f 3071/4/2 3096/4/2 3106/4/2
f 3096/2/2 3097/2/2 3106/2/2
f 3106/2/2 3097/2/2 3107/2/2
f 3099/4/2 3100/4/2 3108/4/2
f 3098/2/2 3099/2/2 3108/2/2
f 3100/2/2 3045/2/2 3109/2/2
f 3108/4/2 3100/4/2 3109/4/2
f 3103/4/2 3083/4/2 3110/4/2
f 3102/4/2 3103/4/2 3110/4/2
f 3110/4/2 3083/4/2 3111/4/2
f 3104/2/2 3105/2/2 3112/2/2
f 3105/4/2 3076/4/2 3113/4/2
f 3112/2/2 3105/2/2 3113/2/2
f 3097/4/2 3091/4/2 3114/4/2
f 3091/2/2 3064/2/2 3115/2/2
f 3114/4/2 3091/4/2 3115/4/2
f 3098/2/2 3108/2/2 3116/2/2
f 2983/4/2 3098/4/2 3116/4/2
f 3108/2/2 3109/2/2 3116/2/2
f 3116/2/2 3109/2/2 3117/2/2
f 3109/2/2 3045/2/2 3118/2/2
f 3117/2/2 3109/2/2 3118/2/2
f 3045/4/2 3033/4/2 3119/4/2
f 3118/2/2 3045/2/2 3119/2/2
f 3081/2/2 3101/2/2 3120/2/2
f 3101/2/2 3102/2/2 3120/2/2
f 3033/2/2 3081/2/2 3120/2/2
f 3120/2/2 3102/2/2 3121/2/2
f 3102/4/2 3110/4/2 3122/4/2
f 3110/2/2 3111/2/2 3122/2/2
f 3111/4/2 3083/4/2 3123/4/2
f 3122/2/2 3111/2/2 3123/2/2
f 3083/2/2 3092/2/2 3124/2/2
f 3092/4/2 3104/4/2 3124/4/2
f 3124/4/2 3104/4/2 3125/4/2
f 3070/2/2 3071/2/2 3126/2/2
f 3106/4/2 3107/4/2 3126/4/2
f 3071/4/2 3106/4/2 3126/4/2
f 3126/4/2 3107/4/2 3127/4/2
f 3097/4/2 3114/4/2 3128/4/2
f 3114/2/2 3115/2/2 3128/2/2
f 3115/2/2 3064/2/2 3129/2/2
f 3128/2/2 3115/2/2 3129/2/2
f 3117/2/2 3118/2/2 3130/2/2
f 3118/4/2 3119/4/2 3131/4/2
f 3130/2/2 3118/2/2 3131/2/2
f 3123/4/2 3083/4/2 3132/4/2
f 3122/4/2 3123/4/2 3132/4/2
f 3124/2/2 3125/2/2 3133/2/2
f 3132/4/2 3083/4/2 3133/4/2
f 3083/2/2 3124/2/2 3133/2/2
f 3133/2/2 3125/2/2 3134/2/2
f 3125/4/2 3104/4/2 3135/4/2
f 3134/2/2 3125/2/2 3135/2/2
f 3113/4/2 3076/4/2 3136/4/2
f 3112/4/2 3113/4/2 3136/4/2
f 3076/2/2 3077/2/2 3137/2/2
f 3136/4/2 3076/4/2 3137/4/2
f 3127/4/2 3107/4/2 3138/4/2
f 3107/2/2 3097/2/2 3138/2/2
f 3097/4/2 3128/4/2 3139/4/2
f 3138/2/2 3097/2/2 3139/2/2
f 3128/4/2 3129/4/2 3139/4/2
f 3117/2/2 3130/2/2 3140/2/2
f 3116/4/2 3117/4/2 3140/4/2
f 3130/4/2 3131/4/2 3141/4/2
f 3140/2/2 3130/2/2 3141/2/2
f 3131/4/2 3119/4/2 3142/4/2
f 3141/4/2 3131/4/2 3142/4/2
f 3119/4/2 3033/4/2 3142/4/2
f 3033/2/2 3120/2/2 3143/2/2
f 3142/4/2 3033/4/2 3143/4/2
f 3135/4/2 3104/4/2 3144/4/2
f 3104/2/2 3112/2/2 3144/2/2
f 3134/4/2 3135/4/2 3144/4/2
f 3112/4/2 3136/4/2 3145/4/2
f 3144/2/2 3112/2/2 3145/2/2
f 3139/4/2 3129/4/2 3146/4/2
f 3129/2/2 3064/2/2 3146/2/2
f 3138/4/2 3139/4/2 3146/4/2
f 3064/2/2 2983/2/2 3147/2/2
f 3146/2/2 3064/2/2 3147/2/2
f 3140/4/2 3141/4/2 3148/4/2
f 3147/2/2 2983/2/2 3148/2/2
f 3116/4/2 3140/4/2 3148/4/2
f 3141/4/2 3142/4/2 3148/4/2
f 2983/4/2 3116/4/2 3148/4/2
f 3148/4/2 3142/4/2 3149/4/2
f 3149/4/2 3142/4/2 3150/4/2
f 3150/4/2 3142/4/2 3151/4/2
f 3102/4/2 3122/4/2 3152/4/2
f 3122/4/2 3132/4/2 3152/4/2
f 3133/2/2 3134/2/2 3153/2/2
f 3152/4/2 3132/4/2 3153/4/2
f 3132/2/2 3133/2/2 3153/2/2
f 3153/2/2 3134/2/2 3154/2/2
f 3144/4/2 3145/4/2 3155/4/2
f 3154/2/2 3134/2/2 3155/2/2
f 3134/4/2 3144/4/2 3155/4/2
f 3137/2/2 3077/2/2 3156/2/2
f 3136/2/2 3137/2/2 3156/2/2
f 3156/2/2 3077/2/2 3157/2/2
f 3146/4/2 3147/4/2 3158/4/2
f 3127/4/2 3138/4/2 3158/4/2
f 3138/4/2 3146/4/2 3158/4/2
f 3126/2/2 3127/2/2 3158/2/2
f 3158/4/2 3147/4/2 3159/4/2
f 3148/2/2 3149/2/2 3160/2/2
f 3159/4/2 3147/4/2 3160/4/2
f 3147/2/2 3148/2/2 3160/2/2
f 3160/2/2 3149/2/2 3161/2/2
f 3149/4/2 3150/4/2 3162/4/2
f 3150/2/2 3151/2/2 3162/2/2
f 3151/4/2 3142/4/2 3163/4/2
f 3162/2/2 3151/2/2 3163/2/2
f 3121/2/2 3102/2/2 3164/2/2
f 3120/4/2 3121/4/2 3164/4/2
f 3102/4/2 3152/4/2 3165/4/2
f 3164/2/2 3102/2/2 3165/2/2
f 3153/2/2 3154/2/2 3166/2/2
f 3165/4/2 3152/4/2 3166/4/2
f 3152/2/2 3153/2/2 3166/2/2
f 3166/2/2 3154/2/2 3167/2/2
f 3154/4/2 3155/4/2 3168/4/2
f 3167/2/2 3154/2/2 3168/2/2
f 3145/4/2 3136/4/2 3169/4/2
f 3168/4/2 3155/4/2 3169/4/2
f 3155/4/2 3145/4/2 3169/4/2
f 3136/2/2 3156/2/2 3170/2/2
f 3169/4/2 3136/4/2 3170/4/2
f 3162/4/2 3163/4/2 3171/4/2
f 3161/2/2 3149/2/2 3171/2/2
f 3149/4/2 3162/4/2 3171/4/2
f 3171/4/2 3163/4/2 3172/4/2
f 3163/4/2 3142/4/2 3173/4/2
f 3172/4/2 3163/4/2 3173/4/2
f 3142/2/2 3143/2/2 3174/2/2
f 3173/4/2 3142/4/2 3174/4/2
f 3170/2/2 3156/2/2 3175/2/2
f 3169/2/2 3170/2/2 3175/2/2
f 3156/4/2 3157/4/2 3176/4/2
f 3175/2/2 3156/2/2 3176/2/2
f 3070/2/2 3126/2/2 3177/2/2
f 3158/2/2 3159/2/2 3177/2/2
f 3126/2/2 3158/2/2 3177/2/2
f 3177/2/2 3159/2/2 3178/2/2
f 3159/4/2 3160/4/2 3179/4/2
f 3178/2/2 3159/2/2 3179/2/2
f 3160/4/2 3161/4/2 3179/4/2
f 3179/4/2 3161/4/2 3180/4/2
f 3171/2/2 3172/2/2 3181/2/2
f 3180/4/2 3161/4/2 3181/4/2
f 3161/2/2 3171/2/2 3181/2/2
f 3181/2/2 3172/2/2 3182/2/2
f 3172/4/2 3173/4/2 3183/4/2
f 3182/2/2 3172/2/2 3183/2/2
f 3183/4/2 3173/4/2 3184/4/2
f 3143/2/2 3120/2/2 3185/2/2
f 3174/2/2 3143/2/2 3185/2/2
f 3173/2/2 3174/2/2 3185/2/2
f 3120/4/2 3164/4/2 3186/4/2
f 3185/2/2 3120/2/2 3186/2/2
f 3164/4/2 3165/4/2 3186/4/2
f 3165/2/2 3166/2/2 3187/2/2
f 3166/2/2 3167/2/2 3187/2/2
f 3168/4/2 3169/4/2 3188/4/2
f 3187/2/2 3167/2/2 3188/2/2
f 3167/4/2 3168/4/2 3188/4/2
f 3188/4/2 3169/4/2 3189/4/2
f 3169/2/2 3175/2/2 3190/2/2
f 3189/4/2 3169/4/2 3190/4/2
f 3179/2/2 3180/2/2 3191/2/2
f 3177/4/2 3178/4/2 3191/4/2
f 3178/2/2 3179/2/2 3191/2/2
f 3191/2/2 3180/2/2 3192/2/2
f 3180/4/2 3181/4/2 3193/4/2
f 3181/4/2 3182/4/2 3193/4/2
f 3193/4/2 3182/4/2 3194/4/2
f 3183/2/2 3184/2/2 3195/2/2
f 3194/4/2 3182/4/2 3195/4/2
f 3182/2/2 3183/2/2 3195/2/2
f 3195/2/2 3184/2/2 3196/2/2
f 3165/2/2 3187/2/2 3197/2/2
f 3188/4/2 3189/4/2 3198/4/2
f 3197/2/2 3187/2/2 3198/2/2
f 3187/4/2 3188/4/2 3198/4/2
f 3198/4/2 3189/4/2 3199/4/2
f 3199/4/2 3189/4/2 3200/4/2
f 3192/2/2 3180/2/2 3201/2/2
f 3180/4/2 3193/4/2 3201/4/2
f 3201/4/2 3193/4/2 3202/4/2
f 3193/2/2 3194/2/2 3203/2/2
f 3195/4/2 3196/4/2 3203/4/2
f 3194/4/2 3195/4/2 3203/4/2
f 3203/4/2 3196/4/2 3204/4/2
f 3197/4/2 3198/4/2 3205/4/2
f 3198/4/2 3199/4/2 3205/4/2
f 3199/2/2 3200/2/2 3206/2/2
f 3205/4/2 3199/4/2 3206/4/2
f 3200/4/2 3189/4/2 3207/4/2
f 3189/2/2 3190/2/2 3208/2/2
f 3207/4/2 3189/4/2 3208/4/2
f 3190/2/2 3175/2/2 3209/2/2
f 3208/2/2 3190/2/2 3209/2/2
f 3175/4/2 3176/4/2 3210/4/2
f 3209/2/2 3175/2/2 3210/2/2
f 3191/4/2 3192/4/2 3211/4/2
f 3177/4/2 3191/4/2 3211/4/2
f 3211/4/2 3192/4/2 3212/4/2
f 3202/4/2 3193/4/2 3213/4/2
f 3203/2/2 3204/2/2 3213/2/2
f 3193/2/2 3203/2/2 3213/2/2
f 3213/2/2 3204/2/2 3214/2/2
f 3196/2/2 3184/2/2 3215/2/2
f 3184/4/2 3173/4/2 3215/4/2
f 3173/2/2 3185/2/2 3216/2/2
f 3215/4/2 3173/4/2 3216/4/2
f 3186/4/2 3165/4/2 3217/4/2
f 3185/4/2 3186/4/2 3217/4/2
f 3165/2/2 3197/2/2 3218/2/2
f 3217/4/2 3165/4/2 3218/4/2
f 3206/2/2 3200/2/2 3219/2/2
f 3205/2/2 3206/2/2 3219/2/2
f 3200/4/2 3207/4/2 3220/4/2
f 3219/2/2 3200/2/2 3220/2/2
f 3212/4/2 3192/4/2 3221/4/2
f 3201/2/2 3202/2/2 3221/2/2
f 3192/2/2 3201/2/2 3221/2/2
f 3221/2/2 3202/2/2 3222/2/2
f 3196/2/2 3215/2/2 3223/2/2
f 3215/2/2 3216/2/2 3223/2/2
f 3204/4/2 3196/4/2 3223/4/2
f 3223/2/2 3216/2/2 3224/2/2
f 3218/2/2 3197/2/2 3225/2/2
f 3217/2/2 3218/2/2 3225/2/2
f 3197/4/2 3205/4/2 3226/4/2
f 3225/2/2 3197/2/2 3226/2/2
f 3214/2/2 3204/2/2 3227/2/2
f 3223/4/2 3224/4/2 3227/4/2
f 3204/4/2 3223/4/2 3227/4/2
f 3227/4/2 3224/4/2 3228/4/2
f 3226/4/2 3205/4/2 3229/4/2
f 3225/4/2 3226/4/2 3229/4/2
f 3205/2/2 3219/2/2 3230/2/2
f 3229/4/2 3205/4/2 3230/4/2
f 3207/2/2 3208/2/2 3231/2/2
f 3208/2/2 3209/2/2 3231/2/2
f 3209/4/2 3210/4/2 3232/4/2
f 3231/2/2 3209/2/2 3232/2/2
f 3210/4/2 3176/4/2 3233/4/2
f 3232/4/2 3210/4/2 3233/4/2
f 3176/4/2 3157/4/2 3234/4/2
f 3233/4/2 3176/4/2 3234/4/2
f 3221/4/2 3222/4/2 3235/4/2
f 3212/4/2 3221/4/2 3235/4/2
f 3211/2/2 3212/2/2 3235/2/2
f 3235/4/2 3222/4/2 3236/4/2
f 3222/2/2 3202/2/2 3237/2/2
f 3213/4/2 3214/4/2 3237/4/2
f 3202/4/2 3213/4/2 3237/4/2
f 3237/4/2 3214/4/2 3238/4/2
f 3214/2/2 3227/2/2 3239/2/2
f 3238/4/2 3214/4/2 3239/4/2
f 3227/2/2 3228/2/2 3239/2/2
f 3239/2/2 3228/2/2 3240/2/2
f 3228/4/2 3224/4/2 3241/4/2
f 3224/2/2 3216/2/2 3241/2/2
f 3241/2/2 3216/2/2 3242/2/2
f 3230/2/2 3219/2/2 3243/2/2
f 3229/2/2 3230/2/2 3243/2/2
f 3219/4/2 3220/4/2 3244/4/2
f 3243/2/2 3219/2/2 3244/2/2
f 3220/4/2 3207/4/2 3245/4/2
f 3244/4/2 3220/4/2 3245/4/2
f 3207/2/2 3231/2/2 3246/2/2
f 3245/4/2 3207/4/2 3246/4/2
f 3232/4/2 3233/4/2 3247/4/2
f 3231/4/2 3232/4/2 3247/4/2
f 3233/2/2 3234/2/2 3248/2/2
f 3247/4/2 3233/4/2 3248/4/2
f 3235/2/2 3236/2/2 3249/2/2
f 3211/2/2 3235/2/2 3249/2/2
f 3177/4/2 3211/4/2 3249/4/2
f 3249/2/2 3236/2/2 3250/2/2
f 3246/2/2 3231/2/2 3251/2/2
f 3245/2/2 3246/2/2 3251/2/2
f 3231/4/2 3247/4/2 3252/4/2
f 3251/2/2 3231/2/2 3252/2/2
f 3248/2/2 3234/2/2 3253/2/2
f 3247/2/2 3248/2/2 3253/2/2
f 3234/4/2 3157/4/2 3254/4/2
f 3253/2/2 3234/2/2 3254/2/2
f 3250/2/2 3236/2/2 3255/2/2
f 3249/4/2 3250/4/2 3255/4/2
f 3236/4/2 3222/4/2 3256/4/2
f 3255/2/2 3236/2/2 3256/2/2
f 3237/2/2 3238/2/2 3257/2/2
f 3256/4/2 3222/4/2 3257/4/2
f 3222/2/2 3237/2/2 3257/2/2
f 3257/2/2 3238/2/2 3258/2/2
f 3240/2/2 3228/2/2 3259/2/2
f 3241/4/2 3242/4/2 3259/4/2
f 3228/4/2 3241/4/2 3259/4/2
f 3259/4/2 3242/4/2 3260/4/2
f 3185/4/2 3217/4/2 3261/4/2
f 3217/2/2 3225/2/2 3261/2/2
f 3225/4/2 3229/4/2 3262/4/2
f 3261/2/2 3225/2/2 3262/2/2
f 3229/2/2 3243/2/2 3263/2/2
f 3262/4/2 3229/4/2 3263/4/2
f 3243/4/2 3244/4/2 3264/4/2
f 3244/4/2 3245/4/2 3264/4/2
f 3245/2/2 3251/2/2 3265/2/2
f 3264/4/2 3245/4/2 3265/4/2
f 3249/4/2 3255/4/2 3266/4/2
f 3257/4/2 3258/4/2 3266/4/2
f 3255/4/2 3256/4/2 3266/4/2
f 3256/4/2 3257/4/2 3266/4/2
f 3266/4/2 3258/4/2 3267/4/2
f 3258/2/2 3238/2/2 3268/2/2
f 3267/4/2 3258/4/2 3268/4/2
f 3239/4/2 3240/4/2 3269/4/2
f 3268/2/2 3238/2/2 3269/2/2
f 3238/4/2 3239/4/2 3269/4/2
f 3259/2/2 3260/2/2 3270/2/2
f 3269/4/2 3240/4/2 3270/4/2
f 3240/2/2 3259/2/2 3270/2/2
f 3270/2/2 3260/2/2 3271/2/2
f 3263/2/2 3243/2/2 3272/2/2
f 3262/2/2 3263/2/2 3272/2/2
f 3243/4/2 3264/4/2 3273/4/2
f 3272/2/2 3243/2/2 3273/2/2
f 3265/2/2 3251/2/2 3274/2/2
f 3264/2/2 3265/2/2 3274/2/2
f 3251/4/2 3252/4/2 3275/4/2
f 3274/2/2 3251/2/2 3275/2/2
f 3177/4/2 3249/4/2 3276/4/2
f 3249/4/2 3266/4/2 3276/4/2
f 3276/4/2 3266/4/2 3277/4/2
f 3266/2/2 3267/2/2 3278/2/2
f 3277/4/2 3266/4/2 3278/4/2
f 3278/2/2 3267/2/2 3279/2/2
f 3267/4/2 3268/4/2 3280/4/2
f 3268/4/2 3269/4/2 3280/4/2
f 3270/4/2 3271/4/2 3280/4/2
f 3269/4/2 3270/4/2 3280/4/2
f 3280/4/2 3271/4/2 3281/4/2
f 3271/2/2 3260/2/2 3282/2/2
f 3281/4/2 3271/4/2 3282/4/2
f 3260/4/2 3242/4/2 3283/4/2
f 3282/2/2 3260/2/2 3283/2/2
f 3261/4/2 3262/4/2 3284/4/2
f 3262/2/2 3272/2/2 3284/2/2
f 3272/4/2 3273/4/2 3285/4/2
f 3284/2/2 3272/2/2 3285/2/2
f 3273/4/2 3264/4/2 3286/4/2
f 3285/4/2 3273/4/2 3286/4/2
f 3264/2/2 3274/2/2 3287/2/2
f 3286/4/2 3264/4/2 3287/4/2
f 3252/4/2 3247/4/2 3288/4/2
f 3275/4/2 3252/4/2 3288/4/2
f 3274/4/2 3275/4/2 3288/4/2
f 3247/2/2 3253/2/2 3289/2/2
f 3288/4/2 3247/4/2 3289/4/2
f 3253/4/2 3254/4/2 3290/4/2
f 3289/2/2 3253/2/2 3290/2/2
f 3254/4/2 3157/4/2 3291/4/2
f 3290/4/2 3254/4/2 3291/4/2
f 3291/4/2 3157/4/2 3292/4/2
f 3276/2/2 3277/2/2 3293/2/2
f 3278/4/2 3279/4/2 3294/4/2
f 3293/2/2 3277/2/2 3294/2/2
f 3277/4/2 3278/4/2 3294/4/2
f 3281/4/2 3282/4/2 3295/4/2
f 3242/2/2 3216/2/2 3295/2/2
f 3283/4/2 3242/4/2 3295/4/2
f 3282/4/2 3283/4/2 3295/4/2
f 3216/2/2 3185/2/2 3296/2/2
f 3295/2/2 3216/2/2 3296/2/2
f 3284/4/2 3285/4/2 3297/4/2
f 3296/2/2 3185/2/2 3297/2/2
f 3261/4/2 3284/4/2 3297/4/2
f 3185/4/2 3261/4/2 3297/4/2
f 3285/4/2 3286/4/2 3297/4/2
f 3297/4/2 3286/4/2 3298/4/2
f 3289/4/2 3290/4/2 3299/4/2
f 3290/4/2 3291/4/2 3299/4/2
f 3291/2/2 3292/2/2 3299/2/2
f 3299/2/2 3292/2/2 3300/2/2
f 3294/4/2 3279/4/2 3301/4/2
f 3293/4/2 3294/4/2 3301/4/2
f 3301/4/2 3279/4/2 3302/4/2
f 3280/2/2 3281/2/2 3303/2/2
f 3267/4/2 3280/4/2 3303/4/2
f 3303/2/2 3281/2/2 3304/2/2
f 3287/2/2 3274/2/2 3305/2/2
f 3286/2/2 3287/2/2 3305/2/2
f 3274/4/2 3288/4/2 3306/4/2
f 3305/2/2 3274/2/2 3306/2/2
f 3299/4/2 3300/4/2 3307/4/2
f 3289/4/2 3299/4/2 3307/4/2
f 3307/4/2 3300/4/2 3308/4/2
f 3295/4/2 3296/4/2 3309/4/2
f 3304/2/2 3281/2/2 3309/2/2
f 3281/4/2 3295/4/2 3309/4/2
f 3309/4/2 3296/4/2 3310/4/2
f 3298/4/2 3286/4/2 3311/4/2
f 3286/2/2 3305/2/2 3312/2/2
f 3311/4/2 3286/4/2 3312/4/2
f 3279/2/2 3267/2/2 3313/2/2
f 3302/4/2 3279/4/2 3313/4/2
f 3303/4/2 3304/4/2 3314/4/2
f 3313/2/2 3267/2/2 3314/2/2
f 3267/4/2 3303/4/2 3314/4/2
f 3310/4/2 3296/4/2 3315/4/2
f 3297/2/2 3298/2/2 3315/2/2
f 3296/2/2 3297/2/2 3315/2/2
f 3315/2/2 3298/2/2 3316/2/2
f 3312/2/2 3305/2/2 3317/2/2
f 3311/2/2 3312/2/2 3317/2/2
f 3305/4/2 3306/4/2 3318/4/2
f 3317/2/2 3305/2/2 3318/2/2
f 3306/4/2 3288/4/2 3319/4/2
f 3318/4/2 3306/4/2 3319/4/2
f 3288/2/2 3289/2/2 3319/2/2
f 3289/4/2 3307/4/2 3320/4/2
f 3319/2/2 3289/2/2 3320/2/2
f 3301/2/2 3302/2/2 3321/2/2
f 3293/4/2 3301/4/2 3321/4/2
f 3302/4/2 3313/4/2 3322/4/2
f 3321/2/2 3302/2/2 3322/2/2
f 3313/4/2 3314/4/2 3322/4/2
f 3314/4/2 3304/4/2 3323/4/2
f 3322/4/2 3314/4/2 3323/4/2
f 3309/2/2 3310/2/2 3323/2/2
f 3304/2/2 3309/2/2 3323/2/2
f 3323/2/2 3310/2/2 3324/2/2
f 3316/2/2 3298/2/2 3325/2/2
f 3315/4/2 3316/4/2 3325/4/2
f 3325/2/2 3298/2/2 3326/2/2
f 3307/2/2 3308/2/2 3327/2/2
f 3317/4/2 3318/4/2 3327/4/2
f 3318/4/2 3319/4/2 3327/4/2
f 3320/4/2 3307/4/2 3327/4/2
f 3319/4/2 3320/4/2 3327/4/2
f 3308/4/2 3300/4/2 3328/4/2
f 3327/2/2 3308/2/2 3328/2/2
f 3321/4/2 3322/4/2 3329/4/2
f 3323/4/2 3324/4/2 3329/4/2
f 3322/4/2 3323/4/2 3329/4/2
f 3329/4/2 3324/4/2 3330/4/2
f 3330/4/2 3324/4/2 3331/4/2
f 3324/2/2 3310/2/2 3332/2/2
f 3331/4/2 3324/4/2 3332/4/2
f 3325/4/2 3326/4/2 3333/4/2
f 3332/2/2 3310/2/2 3333/2/2
f 3310/4/2 3315/4/2 3333/4/2
f 3315/4/2 3325/4/2 3333/4/2
f 3333/4/2 3326/4/2 3334/4/2
f 3326/2/2 3298/2/2 3335/2/2
f 3298/4/2 3311/4/2 3335/4/2
f 3335/4/2 3311/4/2 3336/4/2
f 3336/4/2 3311/4/2 3337/4/2
f 3311/2/2 3317/2/2 3338/2/2
f 3337/4/2 3311/4/2 3338/4/2
f 3317/4/2 3327/4/2 3339/4/2
f 3338/2/2 3317/2/2 3339/2/2
f 3327/4/2 3328/4/2 3339/4/2
f 3339/4/2 3328/4/2 3340/4/2
f 3340/4/2 3328/4/2 3341/4/2
f 3341/4/2 3328/4/2 3342/4/2
f 3329/2/2 3330/2/2 3343/2/2
f 3321/4/2 3329/4/2 3343/4/2
f 3330/4/2 3331/4/2 3344/4/2
f 3343/2/2 3330/2/2 3344/2/2
f 3331/2/2 3332/2/2 3345/2/2
f 3344/4/2 3331/4/2 3345/4/2
f 3333/2/2 3334/2/2 3345/2/2
f 3332/2/2 3333/2/2 3345/2/2
f 3345/2/2 3334/2/2 3346/2/2
f 3334/4/2 3326/4/2 3347/4/2
f 3346/2/2 3334/2/2 3347/2/2
f 3347/4/2 3326/4/2 3348/4/2
f 3335/2/2 3336/2/2 3349/2/2
f 3348/4/2 3326/4/2 3349/4/2
f 3326/2/2 3335/2/2 3349/2/2
f 3336/4/2 3337/4/2 3350/4/2
f 3349/2/2 3336/2/2 3350/2/2
f 3350/4/2 3337/4/2 3351/4/2
f 3337/2/2 3338/2/2 3352/2/2
f 3351/4/2 3337/4/2 3352/4/2
f 3339/2/2 3340/2/2 3352/2/2
f 3338/2/2 3339/2/2 3352/2/2
f 3352/2/2 3340/2/2 3353/2/2
f 3340/4/2 3341/4/2 3354/4/2
f 3353/2/2 3340/2/2 3354/2/2
f 3354/4/2 3341/4/2 3355/4/2
f 3341/2/2 3342/2/2 3356/2/2
f 3355/4/2 3341/4/2 3356/4/2
f 3356/2/2 3342/2/2 3357/2/2
f 3342/4/2 3328/4/2 3358/4/2
f 3357/2/2 3342/2/2 3358/2/2
f 3358/4/2 3328/4/2 3359/4/2
f 3343/4/2 3344/4/2 3360/4/2
f 3321/4/2 3343/4/2 3360/4/2
f 3360/4/2 3344/4/2 3361/4/2
f 3344/2/2 3345/2/2 3362/2/2
f 3361/4/2 3344/4/2 3362/4/2
f 3362/2/2 3345/2/2 3363/2/2
f 3345/4/2 3346/4/2 3364/4/2
f 3347/2/2 3348/2/2 3364/2/2
f 3346/2/2 3347/2/2 3364/2/2
f 3364/2/2 3348/2/2 3365/2/2
f 3350/4/2 3351/4/2 3366/4/2
f 3365/2/2 3348/2/2 3366/2/2
f 3348/4/2 3349/4/2 3366/4/2
f 3349/4/2 3350/4/2 3366/4/2
f 3366/4/2 3351/4/2 3367/4/2
f 3352/2/2 3353/2/2 3368/2/2
f 3351/2/2 3352/2/2 3368/2/2
f 3353/4/2 3354/4/2 3369/4/2
f 3368/2/2 3353/2/2 3369/2/2
f 3362/4/2 3363/4/2 3370/4/2
f 3361/4/2 3362/4/2 3370/4/2
f 3360/2/2 3361/2/2 3370/2/2
f 3370/4/2 3363/4/2 3371/4/2
f 3363/2/2 3345/2/2 3372/2/2
f 3371/4/2 3363/4/2 3372/4/2
f 3364/4/2 3365/4/2 3373/4/2
f 3372/2/2 3345/2/2 3373/2/2
f 3345/4/2 3364/4/2 3373/4/2
f 3365/2/2 3366/2/2 3374/2/2
f 3373/4/2 3365/4/2 3374/4/2
f 3366/2/2 3367/2/2 3374/2/2
f 3374/2/2 3367/2/2 3375/2/2
f 3367/4/2 3351/4/2 3376/4/2
f 3375/2/2 3367/2/2 3376/2/2
f 3376/4/2 3351/4/2 3377/4/2
f 3351/2/2 3368/2/2 3378/2/2
f 3377/4/2 3351/4/2 3378/4/2
f 3368/4/2 3369/4/2 3379/4/2
f 3378/2/2 3368/2/2 3379/2/2
f 3356/4/2 3357/4/2 3380/4/2
f 3354/2/2 3355/2/2 3380/2/2
f 3355/4/2 3356/4/2 3380/4/2
f 3380/4/2 3357/4/2 3381/4/2
f 3358/2/2 3359/2/2 3382/2/2
f 3381/4/2 3357/4/2 3382/4/2
f 3357/2/2 3358/2/2 3382/2/2
f 3382/2/2 3359/2/2 3383/2/2
f 3293/4/2 3321/4/2 3384/4/2
f 3321/4/2 3360/4/2 3384/4/2
f 3370/2/2 3371/2/2 3385/2/2
f 3384/4/2 3360/4/2 3385/4/2
f 3360/2/2 3370/2/2 3385/2/2
f 3371/4/2 3372/4/2 3386/4/2
f 3374/4/2 3375/4/2 3386/4/2
f 3372/4/2 3373/4/2 3386/4/2
f 3373/4/2 3374/4/2 3386/4/2
f 3386/4/2 3375/4/2 3387/4/2
f 3375/2/2 3376/2/2 3388/2/2
f 3387/4/2 3375/4/2 3388/4/2
f 3376/2/2 3377/2/2 3388/2/2
f 3388/2/2 3377/2/2 3389/2/2
f 3378/4/2 3379/4/2 3390/4/2
f 3389/2/2 3377/2/2 3390/2/2
f 3377/4/2 3378/4/2 3390/4/2
f 3390/4/2 3379/4/2 3391/4/2
f 3391/4/2 3379/4/2 3392/4/2
f 3392/4/2 3379/4/2 3393/4/2
f 3379/4/2 3369/4/2 3394/4/2
f 3393/4/2 3379/4/2 3394/4/2
f 3369/4/2 3354/4/2 3394/4/2
f 3394/4/2 3354/4/2 3395/4/2
f 3380/2/2 3381/2/2 3396/2/2
f 3381/4/2 3382/4/2 3396/4/2
f 3382/4/2 3383/4/2 3396/4/2
f 3396/4/2 3383/4/2 3397/4/2
f 3359/4/2 3328/4/2 3398/4/2
f 3383/2/2 3359/2/2 3398/2/2
f 3328/4/2 3300/4/2 3399/4/2
f 3398/4/2 3328/4/2 3399/4/2
f 3293/4/2 3384/4/2 3400/4/2
f 3384/2/2 3385/2/2 3401/2/2
f 3400/4/2 3384/4/2 3401/4/2
f 3385/2/2 3371/2/2 3402/2/2
f 3401/2/2 3385/2/2 3402/2/2
f 3371/4/2 3386/4/2 3402/4/2
f 3386/2/2 3387/2/2 3403/2/2
f 3402/4/2 3386/4/2 3403/4/2
f 3388/4/2 3389/4/2 3404/4/2
f 3403/2/2 3387/2/2 3404/2/2
f 3387/4/2 3388/4/2 3404/4/2
f 3389/2/2 3390/2/2 3405/2/2
f 3404/4/2 3389/4/2 3405/4/2
f 3390/2/2 3391/2/2 3405/2/2
f 3391/4/2 3392/4/2 3406/4/2
f 3405/2/2 3391/2/2 3406/2/2
f 3392/2/2 3393/2/2 3407/2/2
f 3406/4/2 3392/4/2 3407/4/2
f 3393/4/2 3394/4/2 3408/4/2
f 3407/2/2 3393/2/2 3408/2/2
f 3394/2/2 3395/2/2 3409/2/2
f 3408/4/2 3394/4/2 3409/4/2
f 3395/4/2 3354/4/2 3410/4/2
f 3409/2/2 3395/2/2 3410/2/2
f 3396/2/2 3397/2/2 3411/2/2
f 3410/4/2 3354/4/2 3411/4/2
f 3380/2/2 3396/2/2 3411/2/2
f 3354/2/2 3380/2/2 3411/2/2
f 3397/4/2 3383/4/2 3412/4/2
f 3411/2/2 3397/2/2 3412/2/2
f 3383/2/2 3398/2/2 3413/2/2
f 3412/4/2 3383/4/2 3413/4/2
f 3398/2/2 3399/2/2 3413/2/2
f 3399/4/2 3300/4/2 3414/4/2
f 3413/2/2 3399/2/2 3414/2/2
f 3414/4/2 3300/4/2 3415/4/2
f 3422/4/3 3417/4/3 3416/4/3
f 3422/2/3 3418/2/3 3417/2/3
f 3423/2/3 3418/2/3 3422/2/3
f 3424/4/3 3419/4/3 3418/4/3
f 3424/2/3 3418/2/3 3423/2/3
f 3425/2/3 3420/2/3 3419/2/3
f 3425/4/3 3419/4/3 3424/4/3
f 3426/4/3 3421/4/3 3420/4/3
f 3426/2/3 3420/2/3 3425/2/3
f 3427/4/3 3421/4/3 3426/4/3
f 3428/4/3 3421/4/3 3427/4/3
f 3430/4/3 3423/4/3 3422/4/3
f 3431/4/3 3423/4/3 3430/4/3
f 3432/2/3 3428/2/3 3427/2/3
f 3433/4/3 3429/4/3 3428/4/3
f 3433/2/3 3428/2/3 3432/2/3
f 3434/4/3 3429/4/3 3433/4/3
f 3435/4/3 3430/4/3 3422/4/3
f 3436/4/3 3430/4/3 3435/4/3
f 3443/2/3 3434/2/3 3433/2/3
f 3444/4/3 3429/4/3 3434/4/3
f 3444/2/3 3434/2/3 3443/2/3
f 3445/4/3 3422/4/3 3416/4/3
f 3445/4/3 3435/4/3 3422/4/3
f 3446/4/3 3435/4/3 3445/4/3
f 3448/4/3 3438/4/3 3437/4/3
f 3449/4/3 3438/4/3 3448/4/3
f 3451/4/3 3440/4/3 3439/4/3
f 3452/4/3 3440/4/3 3451/4/3
f 3454/4/3 3442/4/3 3441/4/3
f 3455/4/3 3442/4/3 3454/4/3
f 3458/4/3 3448/4/3 3447/4/3
f 3459/2/3 3449/2/3 3448/2/3
f 3459/4/3 3448/4/3 3458/4/3
f 3460/2/3 3449/2/3 3459/2/3
f 3461/4/3 3451/4/3 3450/4/3
f 3462/2/3 3452/2/3 3451/2/3
f 3462/4/3 3451/4/3 3461/4/3
f 3463/2/3 3452/2/3 3462/2/3
f 3464/4/3 3454/4/3 3453/4/3
f 3465/2/3 3455/2/3 3454/2/3
f 3465/4/3 3454/4/3 3464/4/3
f 3466/2/3 3455/2/3 3465/2/3
f 3467/4/3 3457/4/3 3456/4/3
f 3469/4/3 3460/4/3 3459/4/3
f 3470/4/3 3460/4/3 3469/4/3
f 3471/4/3 3463/4/3 3462/4/3
f 3472/4/3 3463/4/3 3471/4/3
f 3473/4/3 3466/4/3 3465/4/3
f 3474/4/3 3466/4/3 3473/4/3
f 3476/4/3 3429/4/3 3444/4/3
f 3477/4/3 3468/4/3 3467/4/3
f 3480/2/3 3476/2/3 3475/2/3
f 3481/4/3 3429/4/3 3476/4/3
f 3481/2/3 3476/2/3 3480/2/3
f 3482/4/3 3478/4/3 3477/4/3
f 3482/4/3 3467/4/3 3456/4/3
f 3482/4/3 3477/4/3 3467/4/3
f 3483/4/3 3478/4/3 3482/4/3
f 3487/2/3 3480/2/3 3479/2/3
f 3488/4/3 3481/4/3 3480/4/3
f 3488/2/3 3480/2/3 3487/2/3
f 3489/4/3 3429/4/3 3481/4/3
f 3489/4/3 3481/4/3 3488/4/3
f 3490/4/3 3482/4/3 3456/4/3
f 3491/2/3 3483/2/3 3482/2/3
f 3491/4/3 3482/4/3 3490/4/3
f 3491/2/3 3484/2/3 3483/2/3
f 3492/4/3 3485/4/3 3484/4/3
f 3492/2/3 3484/2/3 3491/2/3
f 3493/2/3 3486/2/3 3485/2/3
f 3493/4/3 3485/4/3 3492/4/3
f 3494/4/3 3488/4/3 3487/4/3
f 3494/2/3 3486/2/3 3493/2/3
f 3494/4/3 3487/4/3 3486/4/3
f 3495/4/3 3488/4/3 3494/4/3
f 3506/4/3 3497/4/3 3496/4/3
f 3507/4/3 3497/4/3 3506/4/3
f 3508/2/3 3498/2/3 3497/2/3
f 3508/4/3 3497/4/3 3507/4/3
f 3509/2/3 3498/2/3 3508/2/3
f 3510/4/3 3499/4/3 3498/4/3
f 3510/2/3 3498/2/3 3509/2/3
f 3511/2/3 3500/2/3 3499/2/3
f 3511/4/3 3499/4/3 3510/4/3
f 3512/4/3 3501/4/3 3500/4/3
f 3512/2/3 3500/2/3 3511/2/3
f 3513/2/3 3502/2/3 3501/2/3
f 3513/4/3 3501/4/3 3512/4/3
f 3514/2/3 3502/2/3 3513/2/3
f 3515/4/3 3503/4/3 3502/4/3
f 3515/2/3 3502/2/3 3514/2/3
f 3516/2/3 3504/2/3 3503/2/3
f 3516/4/3 3503/4/3 3515/4/3
f 3517/4/3 3505/4/3 3504/4/3
f 3517/2/3 3504/2/3 3516/2/3
f 3518/4/3 3505/4/3 3517/4/3
f 3534/4/3 3519/4/3 3518/4/3
f 3535/4/3 3519/4/3 3534/4/3
f 3537/3/3 3521/3/3 3520/3/3
f 3537/3/3 3522/3/3 3521/3/3
f 3538/3/3 3522/3/3 3537/3/3
f 3539/3/3 3522/3/3 3538/3/3
f 3540/3/3 3522/3/3 3539/3/3
f 3541/1/3 3523/1/3 3522/1/3
f 3541/3/3 3522/3/3 3540/3/3
f 3541/1/3 3524/1/3 3523/1/3
f 3542/1/3 3524/1/3 3541/1/3
f 3543/3/3 3525/3/3 3524/3/3
f 3543/1/3 3524/1/3 3542/1/3
f 3544/1/3 3526/1/3 3525/1/3
f 3544/3/3 3527/3/3 3526/3/3
f 3544/3/3 3528/3/3 3527/3/3
f 3545/3/3 3528/3/3 3544/3/3
f 3546/3/3 3528/3/3 3545/3/3
f 3547/1/3 3529/1/3 3528/1/3
f 3547/3/3 3528/3/3 3546/3/3
f 3548/1/3 3529/1/3 3547/1/3
f 3549/3/3 3530/3/3 3529/3/3
f 3549/1/3 3529/1/3 3548/1/3
f 3550/3/3 3530/3/3 3549/3/3
f 3551/3/3 3530/3/3 3550/3/3
f 3552/3/3 3530/3/3 3551/3/3
f 3553/1/3 3531/1/3 3530/1/3
f 3553/3/3 3530/3/3 3552/3/3
f 3554/1/3 3531/1/3 3553/1/3
f 3555/3/3 3532/3/3 3531/3/3
f 3555/1/3 3531/1/3 3554/1/3
f 3556/1/3 3533/1/3 3532/1/3
f 3562/3/3 3537/3/3 3536/3/3
f 3562/3/3 3538/3/3 3537/3/3
f 3563/3/3 3538/3/3 3562/3/3
f 3564/3/3 3538/3/3 3563/3/3
f 3565/3/3 3540/3/3 3539/3/3
f 3565/1/3 3539/1/3 3538/1/3
f 3566/1/3 3542/1/3 3541/1/3
f 3566/3/3 3540/3/3 3565/3/3
f 3566/1/3 3541/1/3 3540/1/3
f 3567/1/3 3542/1/3 3566/1/3
f 3568/3/3 3543/3/3 3542/3/3
f 3568/1/3 3542/1/3 3567/1/3
f 3569/3/3 3525/3/3 3543/3/3
f 3569/3/3 3543/3/3 3568/3/3
f 3570/3/3 3525/3/3 3569/3/3
f 3571/1/3 3544/1/3 3525/1/3
f 3571/3/3 3525/3/3 3570/3/3
f 3571/1/3 3545/1/3 3544/1/3
f 3572/1/3 3545/1/3 3571/1/3
f 3573/3/3 3546/3/3 3545/3/3
f 3573/1/3 3545/1/3 3572/1/3
f 3574/1/3 3548/1/3 3547/1/3
f 3574/3/3 3546/3/3 3573/3/3
f 3574/1/3 3547/1/3 3546/1/3
f 3575/1/3 3548/1/3 3574/1/3
f 3576/3/3 3549/3/3 3548/3/3
f 3576/1/3 3548/1/3 3575/1/3
f 3576/3/3 3550/3/3 3549/3/3
f 3577/3/3 3550/3/3 3576/3/3
f 3578/3/3 3550/3/3 3577/3/3
f 3579/1/3 3551/1/3 3550/1/3
f 3579/3/3 3550/3/3 3578/3/3
f 3580/3/3 3552/3/3 3551/3/3
f 3580/1/3 3551/1/3 3579/1/3
f 3581/1/3 3554/1/3 3553/1/3
f 3581/3/3 3552/3/3 3580/3/3
f 3581/1/3 3553/1/3 3552/1/3
f 3582/1/3 3554/1/3 3581/1/3
f 3583/3/3 3555/3/3 3554/3/3
f 3583/1/3 3554/1/3 3582/1/3
f 3584/3/3 3532/3/3 3555/3/3
f 3584/3/3 3555/3/3 3583/3/3
f 3585/1/3 3557/1/3 3556/1/3
f 3585/3/3 3532/3/3 3584/3/3
f 3585/1/3 3556/1/3 3532/1/3
f 3586/3/3 3558/3/3 3557/3/3
f 3588/3/3 3563/3/3 3562/3/3
f 3588/3/3 3562/3/3 3561/3/3
f 3589/3/3 3563/3/3 3588/3/3
f 3590/3/3 3563/3/3 3589/3/3
f 3591/3/3 3563/3/3 3590/3/3
f 3592/3/3 3538/3/3 3564/3/3
f 3593/1/3 3565/1/3 3538/1/3
f 3593/3/3 3538/3/3 3592/3/3
f 3593/1/3 3567/1/3 3566/1/3
f 3593/1/3 3566/1/3 3565/1/3
f 3594/3/3 3568/3/3 3567/3/3
f 3594/1/3 3567/1/3 3593/1/3
f 3594/3/3 3569/3/3 3568/3/3
f 3595/1/3 3570/1/3 3569/1/3
f 3595/3/3 3569/3/3 3594/3/3
f 3596/1/3 3570/1/3 3595/1/3
f 3597/1/3 3570/1/3 3596/1/3
f 3598/1/3 3570/1/3 3597/1/3
f 3599/1/3 3570/1/3 3598/1/3
f 3600/1/3 3570/1/3 3599/1/3
f 3601/3/3 3572/3/3 3571/3/3
f 3602/1/3 3573/1/3 3572/1/3
f 3602/3/3 3572/3/3 3601/3/3
f 3602/1/3 3575/1/3 3574/1/3
f 3602/1/3 3574/1/3 3573/1/3
f 3603/3/3 3576/3/3 3575/3/3
f 3603/1/3 3575/1/3 3602/1/3
f 3603/3/3 3577/3/3 3576/3/3
f 3604/1/3 3578/1/3 3577/1/3
f 3604/3/3 3577/3/3 3603/3/3
f 3605/1/3 3578/1/3 3604/1/3
f 3606/1/3 3578/1/3 3605/1/3
f 3607/1/3 3578/1/3 3606/1/3
f 3608/1/3 3578/1/3 3607/1/3
f 3609/1/3 3578/1/3 3608/1/3
f 3610/1/3 3580/1/3 3579/1/3
f 3610/1/3 3582/1/3 3581/1/3
f 3610/1/3 3581/1/3 3580/1/3
f 3611/3/3 3583/3/3 3582/3/3
f 3611/1/3 3582/1/3 3610/1/3
f 3611/3/3 3584/3/3 3583/3/3
f 3612/1/3 3585/1/3 3584/1/3
f 3612/3/3 3584/3/3 3611/3/3
f 3613/1/3 3557/1/3 3585/1/3
f 3613/1/3 3585/1/3 3612/1/3
f 3614/3/3 3587/3/3 3586/3/3
f 3614/1/3 3557/1/3 3613/1/3
f 3614/3/3 3586/3/3 3557/3/3
f 3615/3/3 3587/3/3 3614/3/3
f 3616/2/3 3560/2/3 3559/2/3
f 3617/2/3 3560/2/3 3616/2/3
f 3618/3/3 3590/3/3 3589/3/3
f 3618/1/3 3589/1/3 3588/1/3
f 3619/3/3 3590/3/3 3618/3/3
f 3620/1/3 3596/1/3 3595/1/3
f 3621/3/3 3597/3/3 3596/3/3
f 3621/1/3 3596/1/3 3620/1/3
f 3622/3/3 3599/3/3 3598/3/3
f 3622/1/3 3598/1/3 3597/1/3
f 3623/3/3 3599/3/3 3622/3/3
f 3624/1/3 3605/1/3 3604/1/3
f 3625/3/3 3606/3/3 3605/3/3
f 3625/1/3 3605/1/3 3624/1/3
f 3626/1/3 3607/1/3 3606/1/3
f 3626/3/3 3608/3/3 3607/3/3
f 3627/3/3 3608/3/3 3626/3/3
f 3628/1/3 3613/1/3 3612/1/3
f 3629/3/3 3614/3/3 3613/3/3
f 3629/1/3 3613/1/3 3628/1/3
f 3630/3/3 3614/3/3 3629/3/3
f 3631/1/3 3618/1/3 3588/1/3
f 3631/1/3 3619/1/3 3618/1/3
f 3632/1/3 3619/1/3 3631/1/3
f 3633/3/3 3597/3/3 3621/3/3
f 3633/1/3 3622/1/3 3597/1/3
f 3633/1/3 3623/1/3 3622/1/3
f 3634/1/3 3623/1/3 3633/1/3
f 3635/3/3 3606/3/3 3625/3/3
f 3635/1/3 3627/1/3 3626/1/3
f 3635/1/3 3626/1/3 3606/1/3
f 3636/1/3 3627/1/3 3635/1/3
f 3637/3/3 3614/3/3 3630/3/3
f 3637/1/3 3630/1/3 3629/1/3
f 3638/1/3 3615/1/3 3614/1/3
f 3638/3/3 3614/3/3 3637/3/3
f 3639/3/3 3634/3/3 3633/3/3
f 3639/3/3 3633/3/3 3621/3/3
f 3640/3/3 3634/3/3 3639/3/3
f 3641/3/3 3636/3/3 3635/3/3
f 3641/3/3 3635/3/3 3625/3/3
f 3642/3/3 3636/3/3 3641/3/3
f 3643/3/3 3632/3/3 3631/3/3
f 3644/1/3 3619/1/3 3632/1/3
f 3644/3/3 3632/3/3 3643/3/3
f 3645/3/3 3634/3/3 3640/3/3
f 3645/1/3 3640/1/3 3639/1/3
f 3646/1/3 3623/1/3 3634/1/3
f 3646/3/3 3634/3/3 3645/3/3
f 3647/3/3 3636/3/3 3642/3/3
f 3647/1/3 3642/1/3 3641/1/3
f 3648/1/3 3627/1/3 3636/1/3
f 3648/3/3 3636/3/3 3647/3/3
f 3649/1/3 3637/1/3 3629/1/3
f 3649/1/3 3638/1/3 3637/1/3
f 3650/1/3 3615/1/3 3638/1/3
f 3650/1/3 3638/1/3 3649/1/3
f 3651/3/3 3590/3/3 3619/3/3
f 3651/1/3 3619/1/3 3644/1/3
f 3651/1/3 3644/1/3 3643/1/3
f 3652/3/3 3590/3/3 3651/3/3
f 3653/3/3 3599/3/3 3623/3/3
f 3653/1/3 3623/1/3 3646/1/3
f 3653/1/3 3646/1/3 3645/1/3
f 3654/3/3 3599/3/3 3653/3/3
f 3655/3/3 3608/3/3 3627/3/3
f 3655/1/3 3627/1/3 3648/1/3
f 3655/1/3 3648/1/3 3647/1/3
f 3656/3/3 3608/3/3 3655/3/3
f 3657/1/3 3615/1/3 3650/1/3
f 3657/3/3 3650/3/3 3649/3/3
f 3658/1/3 3615/1/3 3657/1/3
f 3659/1/3 3652/1/3 3651/1/3
f 3659/1/3 3651/1/3 3643/1/3
f 3660/1/3 3652/1/3 3659/1/3
f 3661/1/3 3654/1/3 3653/1/3
f 3661/1/3 3645/1/3 3639/1/3
f 3661/1/3 3653/1/3 3645/1/3
f 3662/1/3 3654/1/3 3661/1/3
f 3663/1/3 3656/1/3 3655/1/3
f 3663/1/3 3647/1/3 3641/1/3
f 3663/1/3 3655/1/3 3647/1/3
f 3664/1/3 3656/1/3 3663/1/3
f 3665/1/3 3649/1/3 3629/1/3
f 3665/3/3 3658/3/3 3657/3/3
f 3665/3/3 3657/3/3 3649/3/3
f 3666/3/3 3658/3/3 3665/3/3
f 3667/1/3 3652/1/3 3660/1/3
f 3667/3/3 3660/3/3 3659/3/3
f 3668/1/3 3652/1/3 3667/1/3
f 3669/1/3 3654/1/3 3662/1/3
f 3669/3/3 3662/3/3 3661/3/3
f 3670/1/3 3654/1/3 3669/1/3
f 3671/1/3 3656/1/3 3664/1/3
f 3671/3/3 3664/3/3 3663/3/3
f 3672/1/3 3656/1/3 3671/1/3
f 3673/1/3 3666/1/3 3665/1/3
f 3673/1/3 3665/1/3 3629/1/3
f 3674/3/3 3658/3/3 3666/3/3
f 3674/1/3 3666/1/3 3673/1/3
f 3675/4/3 3617/4/3 3616/4/3
f 3676/4/3 3617/4/3 3675/4/3
f 3677/3/3 3668/3/3 3667/3/3
f 3677/3/3 3667/3/3 3659/3/3
f 3678/3/3 3668/3/3 3677/3/3
f 3679/1/3 3661/1/3 3639/1/3
f 3679/3/3 3670/3/3 3669/3/3
f 3679/3/3 3669/3/3 3661/3/3
f 3680/3/3 3670/3/3 3679/3/3
f 3681/1/3 3663/1/3 3641/1/3
f 3681/3/3 3672/3/3 3671/3/3
f 3681/3/3 3671/3/3 3663/3/3
f 3682/3/3 3672/3/3 3681/3/3
f 3683/1/3 3678/1/3 3677/1/3
f 3684/3/3 3668/3/3 3678/3/3
f 3684/1/3 3678/1/3 3683/1/3
f 3685/1/3 3680/1/3 3679/1/3
f 3685/1/3 3679/1/3 3639/1/3
f 3686/3/3 3670/3/3 3680/3/3
f 3686/1/3 3680/1/3 3685/1/3
f 3687/1/3 3681/1/3 3641/1/3
f 3687/1/3 3682/1/3 3681/1/3
f 3688/3/3 3672/3/3 3682/3/3
f 3688/1/3 3682/1/3 3687/1/3
f 3689/1/3 3673/1/3 3629/1/3
f 3690/3/3 3674/3/3 3673/3/3
f 3690/1/3 3673/1/3 3689/1/3
f 3691/1/3 3685/1/3 3639/1/3
f 3692/3/3 3686/3/3 3685/3/3
f 3692/1/3 3685/1/3 3691/1/3
f 3693/1/3 3687/1/3 3641/1/3
f 3694/3/3 3688/3/3 3687/3/3
f 3694/1/3 3687/1/3 3693/1/3
f 3695/3/3 3674/3/3 3690/3/3
f 3695/3/3 3690/3/3 3689/3/3
f 3696/3/3 3658/3/3 3674/3/3
f 3696/3/3 3674/3/3 3695/3/3
f 3697/2/3 3676/2/3 3675/2/3
f 3698/2/3 3676/2/3 3697/2/3
f 3699/3/3 3684/3/3 3683/3/3
f 3700/3/3 3668/3/3 3684/3/3
f 3700/3/3 3684/3/3 3699/3/3
f 3701/1/3 3652/1/3 3668/1/3
f 3701/3/3 3668/3/3 3700/3/3
f 3702/1/3 3652/1/3 3701/1/3
f 3703/3/3 3686/3/3 3692/3/3
f 3703/3/3 3692/3/3 3691/3/3
f 3704/3/3 3670/3/3 3686/3/3
f 3704/3/3 3686/3/3 3703/3/3
f 3705/1/3 3654/1/3 3670/1/3
f 3705/3/3 3670/3/3 3704/3/3
f 3706/1/3 3654/1/3 3705/1/3
f 3707/3/3 3688/3/3 3694/3/3
f 3707/3/3 3694/3/3 3693/3/3
f 3708/3/3 3672/3/3 3688/3/3
f 3708/3/3 3688/3/3 3707/3/3
f 3709/1/3 3656/1/3 3672/1/3
f 3709/3/3 3672/3/3 3708/3/3
f 3710/1/3 3656/1/3 3709/1/3
f 3711/3/3 3658/3/3 3696/3/3
f 3711/1/3 3696/1/3 3695/1/3
f 3712/3/3 3658/3/3 3711/3/3
f 3713/1/3 3700/1/3 3699/1/3
f 3713/3/3 3702/3/3 3701/3/3
f 3713/3/3 3701/3/3 3700/3/3
f 3714/3/3 3702/3/3 3713/3/3
f 3715/1/3 3704/1/3 3703/1/3
f 3715/3/3 3706/3/3 3705/3/3
f 3715/3/3 3705/3/3 3704/3/3
f 3716/3/3 3706/3/3 3715/3/3
f 3717/1/3 3708/1/3 3707/1/3
f 3717/3/3 3710/3/3 3709/3/3
f 3717/3/3 3709/3/3 3708/3/3
f 3718/3/3 3710/3/3 3717/3/3
f 3719/3/3 3695/3/3 3689/3/3
f 3720/1/3 3712/1/3 3711/1/3
f 3720/3/3 3695/3/3 3719/3/3
f 3720/1/3 3711/1/3 3695/1/3
f 3721/4/3 3698/4/3 3697/4/3
f 3722/4/3 3698/4/3 3721/4/3
f 3723/3/3 3703/3/3 3691/3/3
f 3724/1/3 3716/1/3 3715/1/3
f 3724/3/3 3703/3/3 3723/3/3
f 3724/1/3 3715/1/3 3703/1/3
f 3725/3/3 3707/3/3 3693/3/3
f 3726/1/3 3718/1/3 3717/1/3
f 3726/3/3 3707/3/3 3725/3/3
f 3726/1/3 3717/1/3 3707/1/3
f 3727/1/3 3712/1/3 3720/1/3
f 3727/1/3 3720/1/3 3719/1/3
f 3728/1/3 3712/1/3 3727/1/3
f 3729/2/3 3722/2/3 3721/2/3
f 3730/2/3 3722/2/3 3729/2/3
f 3731/1/3 3714/1/3 3713/1/3
f 3731/1/3 3713/1/3 3699/1/3
f 3732/1/3 3714/1/3 3731/1/3
f 3733/1/3 3716/1/3 3724/1/3
f 3733/1/3 3724/1/3 3723/1/3
f 3734/1/3 3716/1/3 3733/1/3
f 3735/1/3 3718/1/3 3726/1/3
f 3735/1/3 3726/1/3 3725/1/3
f 3736/1/3 3718/1/3 3735/1/3
f 3737/3/3 3732/3/3 3731/3/3
f 3738/1/3 3714/1/3 3732/1/3
f 3738/3/3 3732/3/3 3737/3/3
f 3739/3/3 3734/3/3 3733/3/3
f 3739/1/3 3733/1/3 3723/1/3
f 3740/1/3 3716/1/3 3734/1/3
f 3740/3/3 3734/3/3 3739/3/3
f 3741/1/3 3735/1/3 3725/1/3
f 3741/3/3 3736/3/3 3735/3/3
f 3742/1/3 3718/1/3 3736/1/3
f 3742/3/3 3736/3/3 3741/3/3
f 3743/1/3 3727/1/3 3719/1/3
f 3743/3/3 3728/3/3 3727/3/3
f 3744/1/3 3712/1/3 3728/1/3
f 3744/3/3 3728/3/3 3743/3/3
f 3745/1/3 3738/1/3 3737/1/3
f 3746/1/3 3714/1/3 3738/1/3
f 3746/1/3 3738/1/3 3745/1/3
f 3747/1/3 3739/1/3 3723/1/3
f 3747/1/3 3740/1/3 3739/1/3
f 3748/1/3 3716/1/3 3740/1/3
f 3748/1/3 3740/1/3 3747/1/3
f 3749/1/3 3741/1/3 3725/1/3
f 3749/1/3 3742/1/3 3741/1/3
f 3750/1/3 3718/1/3 3742/1/3
f 3750/1/3 3742/1/3 3749/1/3
f 3751/1/3 3743/1/3 3719/1/3
f 3751/1/3 3744/1/3 3743/1/3
f 3752/1/3 3712/1/3 3744/1/3
f 3752/1/3 3744/1/3 3751/1/3
f 3753/3/3 3746/3/3 3745/3/3
f 3754/1/3 3714/1/3 3746/1/3
f 3754/3/3 3746/3/3 3753/3/3
f 3755/3/3 3748/3/3 3747/3/3
f 3756/1/3 3716/1/3 3748/1/3
f 3756/3/3 3748/3/3 3755/3/3
f 3757/3/3 3750/3/3 3749/3/3
f 3758/1/3 3718/1/3 3750/1/3
f 3758/3/3 3750/3/3 3757/3/3
f 3759/3/3 3752/3/3 3751/3/3
f 3760/1/3 3712/1/3 3752/1/3
f 3760/3/3 3752/3/3 3759/3/3
f 3761/1/3 3714/1/3 3754/1/3
f 3761/1/3 3754/1/3 3753/1/3
f 3762/3/3 3702/3/3 3714/3/3
f 3762/1/3 3714/1/3 3761/1/3
f 3763/1/3 3716/1/3 3756/1/3
f 3763/1/3 3756/1/3 3755/1/3
f 3764/3/3 3706/3/3 3716/3/3
f 3764/1/3 3716/1/3 3763/1/3
f 3765/1/3 3718/1/3 3758/1/3
f 3765/1/3 3758/1/3 3757/1/3
f 3766/3/3 3710/3/3 3718/3/3
f 3766/1/3 3718/1/3 3765/1/3
f 3767/1/3 3712/1/3 3760/1/3
f 3767/1/3 3760/1/3 3759/1/3
f 3768/1/3 3712/1/3 3767/1/3
f 3769/4/3 3730/4/3 3729/4/3
f 3770/4/3 3730/4/3 3769/4/3
f 3771/1/3 3761/1/3 3753/1/3
f 3772/3/3 3762/3/3 3761/3/3
f 3772/1/3 3761/1/3 3771/1/3
f 3773/3/3 3702/3/3 3762/3/3
f 3773/3/3 3762/3/3 3772/3/3
f 3774/3/3 3702/3/3 3773/3/3
f 3775/3/3 3755/3/3 3747/3/3
f 3776/1/3 3763/1/3 3755/1/3
f 3776/3/3 3755/3/3 3775/3/3
f 3777/3/3 3764/3/3 3763/3/3
f 3777/1/3 3763/1/3 3776/1/3
f 3778/3/3 3706/3/3 3764/3/3
f 3778/3/3 3764/3/3 3777/3/3
f 3779/3/3 3706/3/3 3778/3/3
f 3780/3/3 3757/3/3 3749/3/3
f 3781/1/3 3765/1/3 3757/1/3
f 3781/3/3 3757/3/3 3780/3/3
f 3782/3/3 3766/3/3 3765/3/3
f 3782/1/3 3765/1/3 3781/1/3
f 3783/3/3 3710/3/3 3766/3/3
f 3783/3/3 3766/3/3 3782/3/3
f 3784/3/3 3710/3/3 3783/3/3
f 3785/3/3 3759/3/3 3751/3/3
f 3785/1/3 3767/1/3 3759/1/3
f 3786/3/3 3768/3/3 3767/3/3
f 3786/1/3 3767/1/3 3785/1/3
f 3787/3/3 3785/3/3 3751/3/3
f 3787/3/3 3786/3/3 3785/3/3
f 3788/3/3 3786/3/3 3787/3/3
f 3789/3/3 3772/3/3 3771/3/3
f 3789/3/3 3773/3/3 3772/3/3
f 3790/3/3 3773/3/3 3789/3/3
f 3791/3/3 3777/3/3 3776/3/3
f 3791/1/3 3776/1/3 3775/1/3
f 3791/3/3 3778/3/3 3777/3/3
f 3792/3/3 3778/3/3 3791/3/3
f 3793/3/3 3782/3/3 3781/3/3
f 3793/1/3 3781/1/3 3780/1/3
f 3793/3/3 3783/3/3 3782/3/3
f 3794/3/3 3783/3/3 3793/3/3
f 3795/3/3 3786/3/3 3788/3/3
f 3795/1/3 3788/1/3 3787/1/3
f 3796/3/3 3768/3/3 3786/3/3
f 3796/3/3 3786/3/3 3795/3/3
f 3797/3/3 3773/3/3 3790/3/3
f 3797/1/3 3790/1/3 3789/1/3
f 3798/1/3 3774/1/3 3773/1/3
f 3798/3/3 3773/3/3 3797/3/3
f 3799/1/3 3792/1/3 3791/1/3
f 3799/1/3 3791/1/3 3775/1/3
f 3800/1/3 3792/1/3 3799/1/3
f 3801/3/3 3778/3/3 3792/3/3
f 3801/1/3 3792/1/3 3800/1/3
f 3802/1/3 3779/1/3 3778/1/3
f 3802/3/3 3778/3/3 3801/3/3
f 3803/1/3 3794/1/3 3793/1/3
f 3803/1/3 3793/1/3 3780/1/3
f 3804/1/3 3794/1/3 3803/1/3
f 3805/3/3 3783/3/3 3794/3/3
f 3805/1/3 3794/1/3 3804/1/3
f 3806/1/3 3784/1/3 3783/1/3
f 3806/3/3 3783/3/3 3805/3/3
f 3807/1/3 3797/1/3 3789/1/3
f 3807/1/3 3798/1/3 3797/1/3
f 3808/1/3 3798/1/3 3807/1/3
f 3809/1/3 3801/1/3 3800/1/3
f 3809/3/3 3800/3/3 3799/3/3
f 3809/1/3 3802/1/3 3801/1/3
f 3810/1/3 3802/1/3 3809/1/3
f 3811/1/3 3805/1/3 3804/1/3
f 3811/3/3 3804/3/3 3803/3/3
f 3811/1/3 3806/1/3 3805/1/3
f 3812/1/3 3806/1/3 3811/1/3
f 3813/1/3 3795/1/3 3787/1/3
f 3813/1/3 3796/1/3 3795/1/3
f 3814/1/3 3796/1/3 3813/1/3
f 3815/3/3 3768/3/3 3796/3/3
f 3815/1/3 3796/1/3 3814/1/3
f 3816/3/3 3768/3/3 3815/3/3
f 3817/2/3 3770/2/3 3769/2/3
f 3818/2/3 3770/2/3 3817/2/3
f 3819/3/3 3810/3/3 3809/3/3
f 3819/3/3 3809/3/3 3799/3/3
f 3820/3/3 3810/3/3 3819/3/3
f 3821/3/3 3812/3/3 3811/3/3
f 3821/3/3 3811/3/3 3803/3/3
f 3822/3/3 3812/3/3 3821/3/3
f 3823/3/3 3814/3/3 3813/3/3
f 3823/1/3 3816/1/3 3815/1/3
f 3823/1/3 3815/1/3 3814/1/3
f 3824/1/3 3816/1/3 3823/1/3
f 3825/3/3 3823/3/3 3813/3/3
f 3825/3/3 3824/3/3 3823/3/3
f 3826/3/3 3824/3/3 3825/3/3
f 3827/4/3 3818/4/3 3817/4/3
f 3828/4/3 3818/4/3 3827/4/3
f 3829/1/3 3798/1/3 3808/1/3
f 3829/3/3 3808/3/3 3807/3/3
f 3830/1/3 3774/1/3 3798/1/3
f 3830/1/3 3798/1/3 3829/1/3
f 3831/1/3 3802/1/3 3810/1/3
f 3831/3/3 3810/3/3 3820/3/3
f 3832/1/3 3779/1/3 3802/1/3
f 3832/1/3 3802/1/3 3831/1/3
f 3833/1/3 3806/1/3 3812/1/3
f 3833/3/3 3812/3/3 3822/3/3
f 3834/1/3 3784/1/3 3806/1/3
f 3834/1/3 3806/1/3 3833/1/3
f 3835/3/3 3829/3/3 3807/3/3
f 3835/3/3 3830/3/3 3829/3/3
f 3836/3/3 3830/3/3 3835/3/3
f 3838/1/3 3820/1/3 3819/1/3
f 3839/3/3 3832/3/3 3831/3/3
f 3839/3/3 3831/3/3 3820/3/3
f 3839/1/3 3820/1/3 3838/1/3
f 3840/3/3 3832/3/3 3839/3/3
f 3842/1/3 3822/1/3 3821/1/3
f 3843/3/3 3833/3/3 3822/3/3
f 3843/3/3 3834/3/3 3833/3/3
f 3843/1/3 3822/1/3 3842/1/3
f 3844/3/3 3834/3/3 3843/3/3
f 3846/1/3 3826/1/3 3825/1/3
f 3847/1/3 3836/1/3 3835/1/3
f 3848/3/3 3830/3/3 3836/3/3
f 3848/1/3 3836/1/3 3847/1/3
f 3849/1/3 3774/1/3 3830/1/3
f 3849/3/3 3830/3/3 3848/3/3
f 3850/1/3 3774/1/3 3849/1/3
f 3855/1/3 3838/1/3 3837/1/3
f 3855/1/3 3839/1/3 3838/1/3
f 3855/1/3 3840/1/3 3839/1/3
f 3856/3/3 3832/3/3 3840/3/3
f 3856/1/3 3840/1/3 3855/1/3
f 3857/1/3 3779/1/3 3832/1/3
f 3857/3/3 3832/3/3 3856/3/3
f 3858/1/3 3779/1/3 3857/1/3
f 3863/1/3 3842/1/3 3841/1/3
f 3863/1/3 3843/1/3 3842/1/3
f 3863/1/3 3844/1/3 3843/1/3
f 3864/3/3 3834/3/3 3844/3/3
f 3864/1/3 3844/1/3 3863/1/3
f 3865/1/3 3784/1/3 3834/1/3
f 3865/3/3 3834/3/3 3864/3/3
f 3866/1/3 3784/1/3 3865/1/3
f 3870/1/3 3846/1/3 3845/1/3
f 3871/1/3 3826/1/3 3846/1/3
f 3871/1/3 3846/1/3 3870/1/3
f 3872/3/3 3824/3/3 3826/3/3
f 3872/1/3 3826/1/3 3871/1/3
f 3873/1/3 3816/1/3 3824/1/3
f 3873/3/3 3824/3/3 3872/3/3
f 3874/1/3 3816/1/3 3873/1/3
f 3875/2/3 3828/2/3 3827/2/3
f 3876/2/3 3828/2/3 3875/2/3
f 3877/3/3 3848/3/3 3847/3/3
f 3877/3/3 3851/3/3 3850/3/3
f 3877/3/3 3849/3/3 3848/3/3
f 3877/3/3 3850/3/3 3849/3/3
f 3878/3/3 3851/3/3 3877/3/3
f 3879/3/3 3851/3/3 3878/3/3
f 3880/3/3 3853/3/3 3852/3/3
f 3881/1/3 3854/1/3 3853/1/3
f 3882/1/3 3854/1/3 3881/1/3
f 3883/3/3 3855/3/3 3854/3/3
f 3883/1/3 3854/1/3 3882/1/3
f 3884/3/3 3855/3/3 3883/3/3
f 3885/1/3 3856/1/3 3855/1/3
f 3885/3/3 3855/3/3 3884/3/3
f 3885/1/3 3859/1/3 3858/1/3
f 3885/1/3 3857/1/3 3856/1/3
f 3885/1/3 3858/1/3 3857/1/3
f 3886/1/3 3859/1/3 3885/1/3
f 3887/3/3 3861/3/3 3860/3/3
f 3888/1/3 3862/1/3 3861/1/3
f 3888/3/3 3861/3/3 3887/3/3
f 3889/1/3 3862/1/3 3888/1/3
f 3890/1/3 3862/1/3 3889/1/3
f 3891/3/3 3863/3/3 3862/3/3
f 3891/1/3 3862/1/3 3890/1/3
f 3892/3/3 3863/3/3 3891/3/3
f 3893/1/3 3864/1/3 3863/1/3
f 3893/3/3 3863/3/3 3892/3/3
f 3893/1/3 3865/1/3 3864/1/3
f 3893/1/3 3866/1/3 3865/1/3
f 3893/1/3 3867/1/3 3866/1/3
f 3894/1/3 3867/1/3 3893/1/3
f 3895/1/3 3869/1/3 3868/1/3
f 3896/1/3 3869/1/3 3895/1/3
f 3897/1/3 3869/1/3 3896/1/3
f 3898/3/3 3870/3/3 3869/3/3
f 3898/1/3 3869/1/3 3897/1/3
f 3899/3/3 3870/3/3 3898/3/3
f 3900/1/3 3871/1/3 3870/1/3
f 3900/3/3 3870/3/3 3899/3/3
f 3901/3/3 3872/3/3 3871/3/3
f 3901/1/3 3871/1/3 3900/1/3
f 3902/3/3 3874/3/3 3873/3/3
f 3903/3/3 3874/3/3 3902/3/3
f 3904/3/3 3880/3/3 3879/3/3
f 3904/3/3 3879/3/3 3878/3/3
f 3905/3/3 3880/3/3 3904/3/3
f 3906/1/3 3881/1/3 3853/1/3
f 3906/3/3 3880/3/3 3905/3/3
f 3906/3/3 3853/3/3 3880/3/3
f 3907/3/3 3882/3/3 3881/3/3
f 3907/1/3 3881/1/3 3906/1/3
f 3908/1/3 3884/1/3 3883/1/3
f 3908/3/3 3882/3/3 3907/3/3
f 3908/1/3 3883/1/3 3882/1/3
f 3909/1/3 3884/1/3 3908/1/3
f 3910/3/3 3887/3/3 3886/3/3
f 3910/1/3 3884/1/3 3909/1/3
f 3910/3/3 3886/3/3 3885/3/3
f 3910/3/3 3885/3/3 3884/3/3
f 3911/3/3 3887/3/3 3910/3/3
f 3912/1/3 3889/1/3 3888/1/3
f 3912/1/3 3888/1/3 3887/1/3
f 3913/3/3 3890/3/3 3889/3/3
f 3913/1/3 3889/1/3 3912/1/3
f 3914/1/3 3892/1/3 3891/1/3
f 3914/3/3 3890/3/3 3913/3/3
f 3914/1/3 3891/1/3 3890/1/3
f 3915/1/3 3892/1/3 3914/1/3
f 3916/3/3 3894/3/3 3893/3/3
f 3916/1/3 3892/1/3 3915/1/3
f 3916/3/3 3893/3/3 3892/3/3
f 3916/3/3 3895/3/3 3894/3/3
f 3917/3/3 3895/3/3 3916/3/3
f 3918/1/3 3896/1/3 3895/1/3
f 3918/3/3 3895/3/3 3917/3/3
f 3919/3/3 3897/3/3 3896/3/3
f 3919/1/3 3896/1/3 3918/1/3
f 3920/1/3 3899/1/3 3898/1/3
f 3920/3/3 3897/3/3 3919/3/3
f 3920/1/3 3898/1/3 3897/1/3
f 3921/1/3 3899/1/3 3920/1/3
f 3922/3/3 3900/3/3 3899/3/3
f 3922/1/3 3899/1/3 3921/1/3
f 3922/3/3 3901/3/3 3900/3/3
f 3923/3/3 3901/3/3 3922/3/3
f 3924/3/3 3872/3/3 3901/3/3
f 3924/3/3 3901/3/3 3923/3/3
f 3924/1/3 3873/1/3 3872/1/3
f 3925/3/3 3902/3/3 3873/3/3
f 3925/1/3 3873/1/3 3924/1/3
f 3926/3/3 3902/3/3 3925/3/3
f 3927/4/3 3876/4/3 3875/4/3
f 3928/4/3 3876/4/3 3927/4/3
f 3929/3/3 3907/3/3 3906/3/3
f 3929/3/3 3909/3/3 3908/3/3
f 3929/3/3 3906/3/3 3905/3/3
f 3929/3/3 3908/3/3 3907/3/3
f 3930/3/3 3909/3/3 3929/3/3
f 3931/1/3 3910/1/3 3909/1/3
f 3931/3/3 3909/3/3 3930/3/3
f 3931/1/3 3911/1/3 3910/1/3
f 3932/1/3 3911/1/3 3931/1/3
f 3933/3/3 3887/3/3 3911/3/3
f 3933/1/3 3911/1/3 3932/1/3
f 3934/1/3 3912/1/3 3887/1/3
f 3934/3/3 3887/3/3 3933/3/3
f 3935/3/3 3913/3/3 3912/3/3
f 3935/1/3 3912/1/3 3934/1/3
f 3935/3/3 3914/3/3 3913/3/3
f 3935/3/3 3915/3/3 3914/3/3
f 3936/3/3 3915/3/3 3935/3/3
f 3937/1/3 3917/1/3 3916/1/3
f 3937/3/3 3915/3/3 3936/3/3
f 3937/1/3 3916/1/3 3915/1/3
f 3938/3/3 3919/3/3 3918/3/3
f 3938/1/3 3917/1/3 3937/1/3
f 3938/3/3 3921/3/3 3920/3/3
f 3938/3/3 3920/3/3 3919/3/3
f 3938/3/3 3918/3/3 3917/3/3
f 3939/1/3 3923/1/3 3922/1/3
f 3939/3/3 3921/3/3 3938/3/3
f 3939/1/3 3922/1/3 3921/1/3
f 3940/3/3 3924/3/3 3923/3/3
f 3940/1/3 3923/1/3 3939/1/3
f 3941/3/3 3924/3/3 3940/3/3
f 3956/4/3 3943/4/3 3942/4/3
f 3957/4/3 3943/4/3 3956/4/3
f 3958/4/3 3945/4/3 3944/4/3
f 3958/4/3 3946/4/3 3945/4/3
f 3959/2/3 3947/2/3 3946/2/3
f 3959/4/3 3946/4/3 3958/4/3
f 3959/2/3 3948/2/3 3947/2/3
f 3960/4/3 3949/4/3 3948/4/3
f 3960/2/3 3948/2/3 3959/2/3
f 3961/2/3 3950/2/3 3949/2/3
f 3961/4/3 3949/4/3 3960/4/3
f 3962/4/3 3951/4/3 3950/4/3
f 3962/2/3 3950/2/3 3961/2/3
f 3963/2/3 3952/2/3 3951/2/3
f 3963/4/3 3951/4/3 3962/4/3
f 3963/2/3 3953/2/3 3952/2/3
f 3964/4/3 3954/4/3 3953/4/3
f 3964/2/3 3953/2/3 3963/2/3
f 3965/2/3 3955/2/3 3954/2/3
f 3965/4/3 3954/4/3 3964/4/3
f 3966/4/3 3956/4/3 3955/4/3
f 3966/2/3 3955/2/3 3965/2/3
f 3967/4/3 3956/4/3 3966/4/3
f 3970/4/3 3969/4/3 3968/4/3
f 3971/4/3 3969/4/3 3970/4/3
f 3987/14/3 3975/14/3 3974/14/3
f 3987/13/3 3976/13/3 3975/13/3
f 3988/14/3 3977/14/3 3976/14/3
f 3988/13/3 3976/13/3 3987/13/3
f 3989/14/3 3977/14/3 3988/14/3
f 3990/14/3 3977/14/3 3989/14/3
f 3991/13/3 3978/13/3 3977/13/3
f 3991/14/3 3977/14/3 3990/14/3
f 3992/14/3 3979/14/3 3978/14/3
f 3992/13/3 3978/13/3 3991/13/3
f 3993/9/3 3983/9/3 3982/9/3
f 3994/9/3 3983/9/3 3993/9/3
f 3995/6/3 3984/6/3 3983/6/3
f 3995/9/3 3983/9/3 3994/9/3
f 3996/9/3 3986/9/3 3985/9/3
f 3996/6/3 3984/6/3 3995/6/3
f 3996/9/3 3985/9/3 3984/9/3
f 3997/9/3 3986/9/3 3996/9/3
f 3998/9/3 3986/9/3 3997/9/3
f 3999/14/3 3987/14/3 3974/14/3
f 3999/14/3 3988/14/3 3987/14/3
f 4000/13/3 3989/13/3 3988/13/3
f 4000/14/3 3988/14/3 3999/14/3
f 4001/14/3 3990/14/3 3989/14/3
f 4001/13/3 3989/13/3 4000/13/3
f 4002/13/3 3991/13/3 3990/13/3
f 4002/14/3 3990/14/3 4001/14/3
f 4003/14/3 3992/14/3 3991/14/3
f 4003/13/3 3991/13/3 4002/13/3
f 4004/14/3 3979/14/3 3992/14/3
f 4004/14/3 3992/14/3 4003/14/3
f 4005/14/3 3981/14/3 3980/14/3
f 4006/6/3 3994/6/3 3993/6/3
f 4007/9/3 3995/9/3 3994/9/3
f 4007/6/3 3994/6/3 4006/6/3
f 4007/9/3 3996/9/3 3995/9/3
f 4007/9/3 3997/9/3 3996/9/3
f 4008/9/3 3997/9/3 4007/9/3
f 4009/9/3 3997/9/3 4008/9/3
f 4010/6/3 3998/6/3 3997/6/3
f 4010/9/3 3997/9/3 4009/9/3
f 4011/6/3 3998/6/3 4010/6/3
f 4012/14/3 3973/14/3 3972/14/3
f 4013/13/3 3974/13/3 3973/13/3
f 4013/14/3 3973/14/3 4012/14/3
f 4014/14/3 3999/14/3 3974/14/3
f 4014/13/3 3974/13/3 4013/13/3
f 4015/13/3 4000/13/3 3999/13/3
f 4015/14/3 3999/14/3 4014/14/3
f 4016/14/3 4001/14/3 4000/14/3
f 4016/13/3 4000/13/3 4015/13/3
f 4016/14/3 4003/14/3 4002/14/3
f 4016/14/3 4002/14/3 4001/14/3
f 4017/13/3 4004/13/3 4003/13/3
f 4017/14/3 4003/14/3 4016/14/3
f 4018/14/3 3979/14/3 4004/14/3
f 4018/13/3 4004/13/3 4017/13/3
f 4019/13/3 3980/13/3 3979/13/3
f 4019/14/3 3979/14/3 4018/14/3
f 4020/14/3 4005/14/3 3980/14/3
f 4020/13/3 3980/13/3 4019/13/3
f 4021/14/3 4005/14/3 4020/14/3
f 4022/9/3 4007/9/3 4006/9/3
f 4022/9/3 4008/9/3 4007/9/3
f 4023/6/3 4009/6/3 4008/6/3
f 4023/9/3 4008/9/3 4022/9/3
f 4024/9/3 4011/9/3 4010/9/3
f 4024/6/3 4009/6/3 4023/6/3
f 4024/9/3 4010/9/3 4009/9/3
f 4025/9/3 4011/9/3 4024/9/3
f 4036/7/3 4029/7/3 4028/7/3
f 4036/5/3 4030/5/3 4029/5/3
f 4037/7/3 4031/7/3 4030/7/3
f 4037/5/3 4030/5/3 4036/5/3
f 4038/7/3 4031/7/3 4037/7/3
f 4039/7/3 4031/7/3 4038/7/3
f 4040/5/3 4032/5/3 4031/5/3
f 4040/7/3 4031/7/3 4039/7/3
f 4041/7/3 4033/7/3 4032/7/3
f 4041/5/3 4032/5/3 4040/5/3
f 4042/7/3 4036/7/3 4028/7/3
f 4042/7/3 4037/7/3 4036/7/3
f 4043/5/3 4038/5/3 4037/5/3
f 4043/7/3 4037/7/3 4042/7/3
f 4044/7/3 4039/7/3 4038/7/3
f 4044/5/3 4038/5/3 4043/5/3
f 4045/5/3 4040/5/3 4039/5/3
f 4045/7/3 4039/7/3 4044/7/3
f 4046/7/3 4041/7/3 4040/7/3
f 4046/5/3 4040/5/3 4045/5/3
f 4047/7/3 4033/7/3 4041/7/3
f 4047/7/3 4041/7/3 4046/7/3
f 4048/7/3 4027/7/3 4026/7/3
f 4049/5/3 4028/5/3 4027/5/3
f 4049/7/3 4027/7/3 4048/7/3
f 4050/7/3 4042/7/3 4028/7/3
f 4050/5/3 4028/5/3 4049/5/3
f 4051/5/3 4043/5/3 4042/5/3
f 4051/7/3 4042/7/3 4050/7/3
f 4052/7/3 4046/7/3 4045/7/3
f 4052/5/3 4043/5/3 4051/5/3
f 4052/7/3 4044/7/3 4043/7/3
f 4052/7/3 4045/7/3 4044/7/3
f 4053/5/3 4047/5/3 4046/5/3
f 4053/7/3 4046/7/3 4052/7/3
f 4054/7/3 4033/7/3 4047/7/3
f 4054/5/3 4047/5/3 4053/5/3
f 4055/5/3 4034/5/3 4033/5/3
f 4055/7/3 4033/7/3 4054/7/3
f 4056/7/3 4035/7/3 4034/7/3
f 4056/5/3 4034/5/3 4055/5/3
f 4057/7/3 4035/7/3 4056/7/3
f 4060/4/3 4059/4/3 4058/4/3
f 4061/4/3 4059/4/3 4060/4/3
f 4065/1/3 4063/1/3 4062/1/3
f 4066/1/3 4063/1/3 4065/1/3
f 4067/3/3 4064/3/3 4063/3/3
f 4067/1/3 4063/1/3 4066/1/3
f 4068/3/3 4064/3/3 4067/3/3
f 4069/3/3 4064/3/3 4068/3/3
f 4088/14/3 4073/14/3 4072/14/3
f 4089/13/3 4074/13/3 4073/13/3
f 4089/14/3 4073/14/3 4088/14/3
f 4090/14/3 4075/14/3 4074/14/3
f 4090/13/3 4074/13/3 4089/13/3
f 4091/14/3 4075/14/3 4090/14/3
f 4092/13/3 4076/13/3 4075/13/3
f 4092/14/3 4075/14/3 4091/14/3
f 4093/14/3 4077/14/3 4076/14/3
f 4093/13/3 4076/13/3 4092/13/3
f 4094/13/3 4078/13/3 4077/13/3
f 4094/14/3 4077/14/3 4093/14/3
f 4095/14/3 4079/14/3 4078/14/3
f 4095/13/3 4078/13/3 4094/13/3
f 4096/14/3 4079/14/3 4095/14/3
f 4097/13/3 4080/13/3 4079/13/3
f 4097/14/3 4079/14/3 4096/14/3
f 4098/14/3 4081/14/3 4080/14/3
f 4098/13/3 4080/13/3 4097/13/3
f 4099/14/3 4081/14/3 4098/14/3
f 4100/9/3 4083/9/3 4082/9/3
f 4101/6/3 4084/6/3 4083/6/3
f 4101/9/3 4083/9/3 4100/9/3
f 4102/9/3 4085/9/3 4084/9/3
f 4102/6/3 4084/6/3 4101/6/3
f 4103/6/3 4086/6/3 4085/6/3
f 4103/9/3 4085/9/3 4102/9/3
f 4104/9/3 4087/9/3 4086/9/3
f 4104/6/3 4086/6/3 4103/6/3
f 4105/9/3 4087/9/3 4104/9/3
f 4106/2/3 4071/2/3 4070/2/3
f 4107/2/3 4071/2/3 4106/2/3
f 4126/14/3 4109/14/3 4108/14/3
f 4127/13/3 4110/13/3 4109/13/3
f 4127/14/3 4109/14/3 4126/14/3
f 4128/14/3 4111/14/3 4110/14/3
f 4128/13/3 4110/13/3 4127/13/3
f 4128/14/3 4112/14/3 4111/14/3
f 4129/13/3 4113/13/3 4112/13/3
f 4129/14/3 4112/14/3 4128/14/3
f 4130/14/3 4114/14/3 4113/14/3
f 4130/13/3 4113/13/3 4129/13/3
f 4131/13/3 4115/13/3 4114/13/3
f 4131/14/3 4114/14/3 4130/14/3
f 4132/14/3 4116/14/3 4115/14/3
f 4132/13/3 4115/13/3 4131/13/3
f 4132/14/3 4117/14/3 4116/14/3
f 4133/13/3 4118/13/3 4117/13/3
f 4133/14/3 4117/14/3 4132/14/3
f 4134/14/3 4119/14/3 4118/14/3
f 4134/13/3 4118/13/3 4133/13/3
f 4135/14/3 4119/14/3 4134/14/3
f 4136/9/3 4121/9/3 4120/9/3
f 4137/6/3 4122/6/3 4121/6/3
f 4137/9/3 4121/9/3 4136/9/3
f 4138/9/3 4123/9/3 4122/9/3
f 4138/6/3 4122/6/3 4137/6/3
f 4139/6/3 4124/6/3 4123/6/3
f 4139/9/3 4123/9/3 4138/9/3
f 4140/9/3 4125/9/3 4124/9/3
f 4140/6/3 4124/6/3 4139/6/3
f 4141/9/3 4125/9/3 4140/9/3
f 4167/7/3 4143/7/3 4142/7/3
f 4168/5/3 4144/5/3 4143/5/3
f 4168/7/3 4143/7/3 4167/7/3
f 4169/7/3 4145/7/3 4144/7/3
f 4169/5/3 4144/5/3 4168/5/3
f 4170/5/3 4146/5/3 4145/5/3
f 4170/7/3 4145/7/3 4169/7/3
f 4171/7/3 4147/7/3 4146/7/3
f 4171/5/3 4146/5/3 4170/5/3
f 4172/5/3 4148/5/3 4147/5/3
f 4172/7/3 4147/7/3 4171/7/3
f 4173/7/3 4149/7/3 4148/7/3
f 4173/5/3 4148/5/3 4172/5/3
f 4174/5/3 4150/5/3 4149/5/3
f 4174/7/3 4149/7/3 4173/7/3
f 4175/7/3 4151/7/3 4150/7/3
f 4175/5/3 4150/5/3 4174/5/3
f 4176/5/3 4152/5/3 4151/5/3
f 4176/7/3 4151/7/3 4175/7/3
f 4177/7/3 4153/7/3 4152/7/3
f 4177/5/3 4152/5/3 4176/5/3
f 4178/5/3 4154/5/3 4153/5/3
f 4178/7/3 4153/7/3 4177/7/3
f 4179/7/3 4155/7/3 4154/7/3
f 4179/5/3 4154/5/3 4178/5/3
f 4180/5/3 4156/5/3 4155/5/3
f 4180/7/3 4155/7/3 4179/7/3
f 4181/7/3 4157/7/3 4156/7/3
f 4181/5/3 4156/5/3 4180/5/3
f 4182/5/3 4158/5/3 4157/5/3
f 4182/7/3 4157/7/3 4181/7/3
f 4183/5/3 4158/5/3 4182/5/3
f 4184/12/3 4160/12/3 4159/12/3
f 4185/16/3 4161/16/3 4160/16/3
f 4185/12/3 4160/12/3 4184/12/3
f 4186/12/3 4162/12/3 4161/12/3
f 4186/16/3 4161/16/3 4185/16/3
f 4187/16/3 4163/16/3 4162/16/3
f 4187/12/3 4162/12/3 4186/12/3
f 4188/12/3 4164/12/3 4163/12/3
f 4188/16/3 4163/16/3 4187/16/3
f 4189/16/3 4165/16/3 4164/16/3
f 4189/12/3 4164/12/3 4188/12/3
f 4190/12/3 4166/12/3 4165/12/3
f 4190/16/3 4165/16/3 4189/16/3
f 4191/12/3 4166/12/3 4190/12/3
f 4192/4/3 4107/4/3 4106/4/3
f 4193/4/3 4107/4/3 4192/4/3
f 4194/2/3 4193/2/3 4192/2/3
f 4195/2/3 4193/2/3 4194/2/3
f 4204/4/3 4195/4/3 4194/4/3
f 4205/4/3 4195/4/3 4204/4/3
f 4206/13/3 4197/13/3 4196/13/3
f 4207/14/3 4198/14/3 4197/14/3
f 4207/13/3 4197/13/3 4206/13/3
f 4208/13/3 4199/13/3 4198/13/3
f 4208/14/3 4198/14/3 4207/14/3
f 4209/14/3 4200/14/3 4199/14/3
f 4209/13/3 4199/13/3 4208/13/3
f 4210/13/3 4201/13/3 4200/13/3
f 4210/14/3 4200/14/3 4209/14/3
f 4211/14/3 4202/14/3 4201/14/3
f 4211/13/3 4201/13/3 4210/13/3
f 4212/13/3 4203/13/3 4202/13/3
f 4212/14/3 4202/14/3 4211/14/3
f 4213/13/3 4203/13/3 4212/13/3
f 4214/2/3 4205/2/3 4204/2/3
f 4215/2/3 4205/2/3 4214/2/3
f 4230/16/3 4217/16/3 4216/16/3
f 4231/12/3 4218/12/3 4217/12/3
f 4231/16/3 4217/16/3 4230/16/3
f 4232/16/3 4219/16/3 4218/16/3
f 4232/12/3 4218/12/3 4231/12/3
f 4233/12/3 4220/12/3 4219/12/3
f 4233/16/3 4219/16/3 4232/16/3
f 4234/16/3 4221/16/3 4220/16/3
f 4234/12/3 4220/12/3 4233/12/3
f 4235/16/3 4221/16/3 4234/16/3
f 4236/7/3 4223/7/3 4222/7/3
f 4237/4/3 4215/4/3 4214/4/3
f 4238/4/3 4215/4/3 4237/4/3
f 4239/12/3 4231/12/3 4230/12/3
f 4240/16/3 4232/16/3 4231/16/3
f 4240/12/3 4231/12/3 4239/12/3
f 4241/12/3 4233/12/3 4232/12/3
f 4241/16/3 4232/16/3 4240/16/3
f 4242/16/3 4234/16/3 4233/16/3
f 4242/12/3 4233/12/3 4241/12/3
f 4243/12/3 4235/12/3 4234/12/3
f 4243/16/3 4234/16/3 4242/16/3
f 4244/12/3 4235/12/3 4243/12/3
f 4245/7/3 4223/7/3 4236/7/3
f 4246/5/3 4224/5/3 4223/5/3
f 4246/7/3 4223/7/3 4245/7/3
f 4247/7/3 4225/7/3 4224/7/3
f 4247/5/3 4224/5/3 4246/5/3
f 4248/5/3 4226/5/3 4225/5/3
f 4248/7/3 4225/7/3 4247/7/3
f 4249/7/3 4227/7/3 4226/7/3
f 4249/5/3 4226/5/3 4248/5/3
f 4250/5/3 4228/5/3 4227/5/3
f 4250/7/3 4227/7/3 4249/7/3
f 4251/7/3 4229/7/3 4228/7/3
f 4251/5/3 4228/5/3 4250/5/3
f 4252/7/3 4229/7/3 4251/7/3
f 4253/2/3 4238/2/3 4237/2/3
f 4254/2/3 4238/2/3 4253/2/3
f 4265/5/3 4256/5/3 4255/5/3
f 4266/7/3 4257/7/3 4256/7/3
f 4266/5/3 4256/5/3 4265/5/3
f 4267/5/3 4258/5/3 4257/5/3
f 4267/7/3 4257/7/3 4266/7/3
f 4268/7/3 4259/7/3 4258/7/3
f 4268/5/3 4258/5/3 4267/5/3
f 4269/5/3 4260/5/3 4259/5/3
f 4269/7/3 4259/7/3 4268/7/3
f 4270/7/3 4261/7/3 4260/7/3
f 4270/5/3 4260/5/3 4269/5/3
f 4271/5/3 4262/5/3 4261/5/3
f 4271/7/3 4261/7/3 4270/7/3
f 4272/7/3 4263/7/3 4262/7/3
f 4272/5/3 4262/5/3 4271/5/3
f 4273/5/3 4264/5/3 4263/5/3
f 4273/7/3 4263/7/3 4272/7/3
f 4274/5/3 4264/5/3 4273/5/3
f 4287/4/3 4254/4/3 4253/4/3
f 4288/4/3 4254/4/3 4287/4/3
f 4289/14/3 4276/14/3 4275/14/3
f 4290/13/3 4282/13/3 4281/13/3
f 4291/14/3 4283/14/3 4282/14/3
f 4291/13/3 4282/13/3 4290/13/3
f 4292/13/3 4284/13/3 4283/13/3
f 4292/14/3 4283/14/3 4291/14/3
f 4293/14/3 4285/14/3 4284/14/3
f 4293/13/3 4284/13/3 4292/13/3
f 4294/13/3 4286/13/3 4285/13/3
f 4294/14/3 4285/14/3 4293/14/3
f 4295/13/3 4286/13/3 4294/13/3
f 4296/14/3 4276/14/3 4289/14/3
f 4297/13/3 4277/13/3 4276/13/3
f 4297/14/3 4276/14/3 4296/14/3
f 4298/14/3 4278/14/3 4277/14/3
f 4298/13/3 4277/13/3 4297/13/3
f 4299/13/3 4279/13/3 4278/13/3
f 4299/14/3 4278/14/3 4298/14/3
f 4300/14/3 4280/14/3 4279/14/3
f 4300/13/3 4279/13/3 4299/13/3
f 4301/14/3 4280/14/3 4300/14/3
f 4302/14/3 4291/14/3 4290/14/3
f 4303/13/3 4292/13/3 4291/13/3
f 4303/14/3 4291/14/3 4302/14/3
f 4304/14/3 4293/14/3 4292/14/3
f 4304/13/3 4292/13/3 4303/13/3
f 4305/13/3 4294/13/3 4293/13/3
f 4305/14/3 4293/14/3 4304/14/3
f 4306/14/3 4295/14/3 4294/14/3
f 4306/13/3 4294/13/3 4305/13/3
f 4307/14/3 4295/14/3 4306/14/3
f 4308/2/3 4288/2/3 4287/2/3
f 4309/2/3 4288/2/3 4308/2/3
f 4310/4/3 4309/4/3 4308/4/3
f 4311/4/3 4309/4/3 4310/4/3
f 4312/4/3 4309/4/3 4311/4/3
f 4313/4/3 4309/4/3 4312/4/3
f 4322/9/3 4315/9/3 4314/9/3
f 4323/6/3 4316/6/3 4315/6/3
f 4323/9/3 4315/9/3 4322/9/3
f 4324/9/3 4317/9/3 4316/9/3
f 4324/6/3 4316/6/3 4323/6/3
f 4325/6/3 4318/6/3 4317/6/3
f 4325/9/3 4317/9/3 4324/9/3
f 4326/9/3 4319/9/3 4318/9/3
f 4326/6/3 4318/6/3 4325/6/3
f 4327/6/3 4320/6/3 4319/6/3
f 4327/9/3 4319/9/3 4326/9/3
f 4328/9/3 4321/9/3 4320/9/3
f 4328/6/3 4320/6/3 4327/6/3
f 4329/9/3 4321/9/3 4328/9/3
f 4330/2/3 4313/2/3 4312/2/3
f 4331/2/3 4313/2/3 4330/2/3
f 4332/4/3 4331/4/3 4330/4/3
f 4333/4/3 4331/4/3 4332/4/3
f 4344/2/3 4333/2/3 4332/2/3
f 4345/2/3 4333/2/3 4344/2/3
f 4346/7/3 4335/7/3 4334/7/3
f 4347/5/3 4336/5/3 4335/5/3
f 4347/7/3 4335/7/3 4346/7/3
f 4348/7/3 4337/7/3 4336/7/3
f 4348/5/3 4336/5/3 4347/5/3
f 4349/7/3 4337/7/3 4348/7/3
f 4350/5/3 4338/5/3 4337/5/3
f 4350/7/3 4337/7/3 4349/7/3
f 4351/7/3 4339/7/3 4338/7/3
f 4351/5/3 4338/5/3 4350/5/3
f 4352/5/3 4340/5/3 4339/5/3
f 4352/7/3 4339/7/3 4351/7/3
f 4353/7/3 4341/7/3 4340/7/3
f 4353/5/3 4340/5/3 4352/5/3
f 4354/7/3 4341/7/3 4353/7/3
f 4355/5/3 4342/5/3 4341/5/3
f 4355/7/3 4341/7/3 4354/7/3
f 4356/7/3 4343/7/3 4342/7/3
f 4356/5/3 4342/5/3 4355/5/3
f 4357/7/3 4343/7/3 4356/7/3
f 4370/7/3 4359/7/3 4358/7/3
f 4371/5/3 4360/5/3 4359/5/3
f 4371/7/3 4359/7/3 4370/7/3
f 4372/7/3 4361/7/3 4360/7/3
f 4372/5/3 4360/5/3 4371/5/3
f 4372/7/3 4362/7/3 4361/7/3
f 4373/5/3 4363/5/3 4362/5/3
f 4373/7/3 4362/7/3 4372/7/3
f 4374/7/3 4364/7/3 4363/7/3
f 4374/5/3 4363/5/3 4373/5/3
f 4375/5/3 4365/5/3 4364/5/3
f 4375/7/3 4364/7/3 4374/7/3
f 4376/7/3 4366/7/3 4365/7/3
f 4376/5/3 4365/5/3 4375/5/3
f 4376/7/3 4367/7/3 4366/7/3
f 4377/5/3 4368/5/3 4367/5/3
f 4377/7/3 4367/7/3 4376/7/3
f 4378/7/3 4369/7/3 4368/7/3
f 4378/5/3 4368/5/3 4377/5/3
f 4379/7/3 4369/7/3 4378/7/3
f 4380/4/3 4345/4/3 4344/4/3
f 4387/4/3 4345/4/3 4380/4/3
f 4388/4/3 4345/4/3 4387/4/3
f 4389/3/3 4382/3/3 4381/3/3
f 4390/1/3 4383/1/3 4382/1/3
f 4390/3/3 4382/3/3 4389/3/3
f 4391/3/3 4384/3/3 4383/3/3
f 4391/1/3 4383/1/3 4390/1/3
f 4391/3/3 4385/3/3 4384/3/3
f 4392/1/3 4386/1/3 4385/1/3
f 4392/3/3 4385/3/3 4391/3/3
f 4393/1/3 4386/1/3 4392/1/3
f 4396/2/3 4395/2/3 4394/2/3
f 4397/2/3 4395/2/3 4396/2/3
f 4406/12/3 4405/12/3 4404/12/3
f 4419/12/3 4399/12/3 4398/12/3
f 4420/16/3 4400/16/3 4399/16/3
f 4420/12/3 4399/12/3 4419/12/3
f 4421/12/3 4401/12/3 4400/12/3
f 4421/16/3 4400/16/3 4420/16/3
f 4422/16/3 4402/16/3 4401/16/3
f 4422/12/3 4401/12/3 4421/12/3
f 4423/12/3 4403/12/3 4402/12/3
f 4423/16/3 4402/16/3 4422/16/3
f 4424/16/3 4404/16/3 4403/16/3
f 4424/12/3 4403/12/3 4423/12/3
f 4425/12/3 4406/12/3 4404/12/3
f 4425/16/3 4404/16/3 4424/16/3
f 4426/12/3 4406/12/3 4425/12/3
f 4433/14/3 4408/14/3 4407/14/3
f 4434/13/3 4409/13/3 4408/13/3
f 4434/14/3 4408/14/3 4433/14/3
f 4435/14/3 4410/14/3 4409/14/3
f 4435/13/3 4409/13/3 4434/13/3
f 4436/14/3 4410/14/3 4435/14/3
f 4437/14/3 4410/14/3 4436/14/3
f 4438/13/3 4411/13/3 4410/13/3
f 4438/14/3 4410/14/3 4437/14/3
f 4439/14/3 4412/14/3 4411/14/3
f 4439/13/3 4411/13/3 4438/13/3
f 4439/14/3 4413/14/3 4412/14/3
f 4439/14/3 4414/14/3 4413/14/3
f 4440/14/3 4414/14/3 4439/14/3
f 4441/14/3 4414/14/3 4440/14/3
f 4442/14/3 4414/14/3 4441/14/3
f 4443/13/3 4415/13/3 4414/13/3
f 4443/14/3 4414/14/3 4442/14/3
f 4444/14/3 4416/14/3 4415/14/3
f 4444/13/3 4415/13/3 4443/13/3
f 4445/14/3 4416/14/3 4444/14/3
f 4446/14/3 4416/14/3 4445/14/3
f 4447/13/3 4417/13/3 4416/13/3
f 4447/14/3 4416/14/3 4446/14/3
f 4448/14/3 4418/14/3 4417/14/3
f 4448/13/3 4417/13/3 4447/13/3
f 4449/14/3 4418/14/3 4448/14/3
f 4450/6/3 4428/6/3 4427/6/3
f 4451/9/3 4431/9/3 4430/9/3
f 4451/6/3 4428/6/3 4450/6/3
f 4451/9/3 4430/9/3 4429/9/3
f 4451/9/3 4429/9/3 4428/9/3
f 4452/9/3 4431/9/3 4451/9/3
f 4453/9/3 4431/9/3 4452/9/3
f 4454/9/3 4431/9/3 4453/9/3
f 4455/9/3 4431/9/3 4454/9/3
f 4456/6/3 4432/6/3 4431/6/3
f 4456/9/3 4431/9/3 4455/9/3
f 4457/6/3 4432/6/3 4456/6/3
f 4458/7/3 4434/7/3 4433/7/3
f 4459/5/3 4435/5/3 4434/5/3
f 4459/7/3 4434/7/3 4458/7/3
f 4460/7/3 4436/7/3 4435/7/3
f 4460/5/3 4435/5/3 4459/5/3
f 4461/5/3 4437/5/3 4436/5/3
f 4461/7/3 4436/7/3 4460/7/3
f 4462/7/3 4438/7/3 4437/7/3
f 4462/5/3 4437/5/3 4461/5/3
f 4463/5/3 4439/5/3 4438/5/3
f 4463/7/3 4438/7/3 4462/7/3
f 4464/7/3 4440/7/3 4439/7/3
f 4464/5/3 4439/5/3 4463/5/3
f 4465/5/3 4441/5/3 4440/5/3
f 4465/7/3 4440/7/3 4464/7/3
f 4466/7/3 4442/7/3 4441/7/3
f 4466/5/3 4441/5/3 4465/5/3
f 4467/5/3 4443/5/3 4442/5/3
f 4467/7/3 4442/7/3 4466/7/3
f 4468/7/3 4444/7/3 4443/7/3
f 4468/5/3 4443/5/3 4467/5/3
f 4469/5/3 4445/5/3 4444/5/3
f 4469/7/3 4444/7/3 4468/7/3
f 4470/7/3 4446/7/3 4445/7/3
f 4470/5/3 4445/5/3 4469/5/3
f 4471/5/3 4447/5/3 4446/5/3
f 4471/7/3 4446/7/3 4470/7/3
f 4472/7/3 4448/7/3 4447/7/3
f 4472/5/3 4447/5/3 4471/5/3
f 4473/5/3 4449/5/3 4448/5/3
f 4473/7/3 4448/7/3 4472/7/3
f 4474/5/3 4449/5/3 4473/5/3
f 4485/12/3 4451/12/3 4450/12/3
f 4486/12/3 4451/12/3 4485/12/3
f 4487/16/3 4452/16/3 4451/16/3
f 4487/12/3 4451/12/3 4486/12/3
f 4488/12/3 4453/12/3 4452/12/3
f 4488/16/3 4452/16/3 4487/16/3
f 4489/16/3 4454/16/3 4453/16/3
f 4489/12/3 4453/12/3 4488/12/3
f 4490/12/3 4455/12/3 4454/12/3
f 4490/16/3 4454/16/3 4489/16/3
f 4491/16/3 4456/16/3 4455/16/3
f 4491/12/3 4455/12/3 4490/12/3
f 4492/12/3 4457/12/3 4456/12/3
f 4492/16/3 4456/16/3 4491/16/3
f 4493/12/3 4457/12/3 4492/12/3
f 4494/12/3 4457/12/3 4493/12/3
f 4512/10/3 4476/10/3 4475/10/3
f 4513/15/3 4477/15/3 4476/15/3
f 4513/10/3 4476/10/3 4512/10/3
f 4514/10/3 4478/10/3 4477/10/3
f 4514/15/3 4477/15/3 4513/15/3
f 4515/15/3 4479/15/3 4478/15/3
f 4515/10/3 4478/10/3 4514/10/3
f 4516/10/3 4480/10/3 4479/10/3
f 4516/15/3 4479/15/3 4515/15/3
f 4517/15/3 4481/15/3 4480/15/3
f 4517/10/3 4480/10/3 4516/10/3
f 4518/10/3 4482/10/3 4481/10/3
f 4518/15/3 4481/15/3 4517/15/3
f 4519/15/3 4483/15/3 4482/15/3
f 4519/10/3 4482/10/3 4518/10/3
f 4520/10/3 4484/10/3 4483/10/3
f 4520/15/3 4483/15/3 4519/15/3
f 4521/10/3 4484/10/3 4520/10/3
f 4532/7/3 4496/7/3 4495/7/3
f 4533/5/3 4497/5/3 4496/5/3
f 4533/7/3 4496/7/3 4532/7/3
f 4534/7/3 4498/7/3 4497/7/3
f 4534/5/3 4497/5/3 4533/5/3
f 4535/5/3 4499/5/3 4498/5/3
f 4535/7/3 4498/7/3 4534/7/3
f 4536/7/3 4500/7/3 4499/7/3
f 4536/5/3 4499/5/3 4535/5/3
f 4537/5/3 4501/5/3 4500/5/3
f 4537/7/3 4500/7/3 4536/7/3
f 4538/7/3 4502/7/3 4501/7/3
f 4538/5/3 4501/5/3 4537/5/3
f 4539/5/3 4503/5/3 4502/5/3
f 4539/7/3 4502/7/3 4538/7/3
f 4540/7/3 4504/7/3 4503/7/3
f 4540/5/3 4503/5/3 4539/5/3
f 4541/5/3 4505/5/3 4504/5/3
f 4541/7/3 4504/7/3 4540/7/3
f 4542/7/3 4506/7/3 4505/7/3
f 4542/5/3 4505/5/3 4541/5/3
f 4543/5/3 4507/5/3 4506/5/3
f 4543/7/3 4506/7/3 4542/7/3
f 4544/7/3 4508/7/3 4507/7/3
f 4544/5/3 4507/5/3 4543/5/3
f 4545/5/3 4509/5/3 4508/5/3
f 4545/7/3 4508/7/3 4544/7/3
f 4546/7/3 4510/7/3 4509/7/3
f 4546/5/3 4509/5/3 4545/5/3
f 4547/5/3 4511/5/3 4510/5/3
f 4547/7/3 4510/7/3 4546/7/3
f 4548/5/3 4511/5/3 4547/5/3
f 4549/12/3 4524/12/3 4523/12/3
f 4549/12/3 4523/12/3 4522/12/3
f 4550/16/3 4525/16/3 4524/16/3
f 4550/12/3 4524/12/3 4549/12/3
f 4551/12/3 4526/12/3 4525/12/3
f 4551/16/3 4525/16/3 4550/16/3
f 4552/16/3 4527/16/3 4526/16/3
f 4552/12/3 4526/12/3 4551/12/3
f 4553/12/3 4528/12/3 4527/12/3
f 4553/16/3 4527/16/3 4552/16/3
f 4554/16/3 4529/16/3 4528/16/3
f 4554/12/3 4528/12/3 4553/12/3
f 4555/12/3 4531/12/3 4530/12/3
f 4555/16/3 4529/16/3 4554/16/3
f 4555/12/3 4530/12/3 4529/12/3
f 4556/12/3 4531/12/3 4555/12/3
f 4571/15/3 4558/15/3 4557/15/3
f 4572/15/3 4564/15/3 4563/15/3
f 4579/15/3 4558/15/3 4571/15/3
f 4580/10/3 4559/10/3 4558/10/3
f 4580/15/3 4558/15/3 4579/15/3
f 4581/15/3 4560/15/3 4559/15/3
f 4581/10/3 4559/10/3 4580/10/3
f 4582/10/3 4561/10/3 4560/10/3
f 4582/15/3 4560/15/3 4581/15/3
f 4583/15/3 4562/15/3 4561/15/3
f 4583/10/3 4561/10/3 4582/10/3
f 4584/10/3 4563/10/3 4562/10/3
f 4584/15/3 4562/15/3 4583/15/3
f 4585/15/3 4572/15/3 4563/15/3
f 4585/10/3 4563/10/3 4584/10/3
f 4586/15/3 4572/15/3 4585/15/3
f 4587/6/3 4574/6/3 4573/6/3
f 4588/9/3 4575/9/3 4574/9/3
f 4588/6/3 4574/6/3 4587/6/3
f 4589/6/3 4576/6/3 4575/6/3
f 4589/9/3 4575/9/3 4588/9/3
f 4590/9/3 4577/9/3 4576/9/3
f 4590/6/3 4576/6/3 4589/6/3
f 4591/6/3 4578/6/3 4577/6/3
f 4591/9/3 4577/9/3 4590/9/3
f 4592/6/3 4578/6/3 4591/6/3
f 4593/10/3 4566/10/3 4565/10/3
f 4594/15/3 4567/15/3 4566/15/3
f 4594/10/3 4566/10/3 4593/10/3
f 4595/10/3 4568/10/3 4567/10/3
f 4595/15/3 4567/15/3 4594/15/3
f 4596/15/3 4569/15/3 4568/15/3
f 4596/10/3 4568/10/3 4595/10/3
f 4597/10/3 4570/10/3 4569/10/3
f 4597/15/3 4569/15/3 4596/15/3
f 4598/10/3 4570/10/3 4597/10/3
f 4621/11/3 4606/11/3 4605/11/3
f 4622/13/3 4608/13/3 4607/13/3
f 4623/13/3 4608/13/3 4622/13/3
f 4624/14/3 4609/14/3 4608/14/3
f 4624/13/3 4608/13/3 4623/13/3
f 4625/14/3 4609/14/3 4624/14/3
f 4626/13/3 4610/13/3 4609/13/3
f 4626/14/3 4609/14/3 4625/14/3
f 4627/14/3 4611/14/3 4610/14/3
f 4627/13/3 4610/13/3 4626/13/3
f 4628/14/3 4611/14/3 4627/14/3
f 4629/13/3 4612/13/3 4611/13/3
f 4629/14/3 4611/14/3 4628/14/3
f 4630/13/3 4612/13/3 4629/13/3
f 4631/13/3 4612/13/3 4630/13/3
f 4632/11/3 4600/11/3 4599/11/3
f 4633/8/3 4601/8/3 4600/8/3
f 4633/11/3 4600/11/3 4632/11/3
f 4634/11/3 4602/11/3 4601/11/3
f 4634/8/3 4601/8/3 4633/8/3
f 4635/8/3 4603/8/3 4602/8/3
f 4635/11/3 4602/11/3 4634/11/3
f 4636/11/3 4604/11/3 4603/11/3
f 4636/8/3 4603/8/3 4635/8/3
f 4637/8/3 4605/8/3 4604/8/3
f 4637/11/3 4604/11/3 4636/11/3
f 4638/11/3 4621/11/3 4605/11/3
f 4638/8/3 4605/8/3 4637/8/3
f 4639/11/3 4621/11/3 4638/11/3
f 4640/8/3 4614/8/3 4613/8/3
f 4641/11/3 4615/11/3 4614/11/3
f 4641/8/3 4614/8/3 4640/8/3
f 4642/8/3 4616/8/3 4615/8/3
f 4642/11/3 4615/11/3 4641/11/3
f 4643/11/3 4617/11/3 4616/11/3
f 4643/8/3 4616/8/3 4642/8/3
f 4644/8/3 4618/8/3 4617/8/3
f 4644/11/3 4617/11/3 4643/11/3
f 4645/11/3 4619/11/3 4618/11/3
f 4645/8/3 4618/8/3 4644/8/3
f 4646/8/3 4620/8/3 4619/8/3
f 4646/11/3 4619/11/3 4645/11/3
f 4647/8/3 4620/8/3 4646/8/3
f 4668/12/3 4649/12/3 4648/12/3
f 4669/12/3 4649/12/3 4668/12/3
f 4670/12/3 4649/12/3 4669/12/3
f 4671/12/3 4649/12/3 4670/12/3
f 4672/12/3 4649/12/3 4671/12/3
f 4673/12/3 4649/12/3 4672/12/3
f 4674/13/3 4651/13/3 4650/13/3
f 4674/13/3 4652/13/3 4651/13/3
f 4675/14/3 4653/14/3 4652/14/3
f 4675/13/3 4652/13/3 4674/13/3
f 4675/14/3 4654/14/3 4653/14/3
f 4676/13/3 4655/13/3 4654/13/3
f 4676/14/3 4654/14/3 4675/14/3
f 4677/14/3 4656/14/3 4655/14/3
f 4677/13/3 4655/13/3 4676/13/3
f 4677/14/3 4657/14/3 4656/14/3
f 4678/13/3 4658/13/3 4657/13/3
f 4678/14/3 4657/14/3 4677/14/3
f 4678/13/3 4659/13/3 4658/13/3
f 4679/13/3 4659/13/3 4678/13/3
f 4680/7/3 4661/7/3 4660/7/3
f 4681/7/3 4661/7/3 4680/7/3
f 4682/5/3 4662/5/3 4661/5/3
f 4682/7/3 4661/7/3 4681/7/3
f 4683/7/3 4663/7/3 4662/7/3
f 4683/5/3 4662/5/3 4682/5/3
f 4684/5/3 4664/5/3 4663/5/3
f 4684/7/3 4663/7/3 4683/7/3
f 4685/5/3 4664/5/3 4684/5/3
f 4686/5/3 4664/5/3 4685/5/3
f 4687/7/3 4665/7/3 4664/7/3
f 4687/5/3 4664/5/3 4686/5/3
f 4688/5/3 4666/5/3 4665/5/3
f 4688/7/3 4665/7/3 4687/7/3
f 4689/7/3 4667/7/3 4666/7/3
f 4689/5/3 4666/5/3 4688/5/3
f 4690/7/3 4667/7/3 4689/7/3
f 4691/7/3 4667/7/3 4690/7/3
f 4712/10/3 4693/10/3 4692/10/3
f 4712/15/3 4694/15/3 4693/15/3
f 4713/10/3 4695/10/3 4694/10/3
f 4713/15/3 4694/15/3 4712/15/3
f 4714/15/3 4696/15/3 4695/15/3
f 4714/10/3 4695/10/3 4713/10/3
f 4715/10/3 4697/10/3 4696/10/3
f 4715/15/3 4696/15/3 4714/15/3
f 4716/15/3 4698/15/3 4697/15/3
f 4716/10/3 4697/10/3 4715/10/3
f 4717/10/3 4699/10/3 4698/10/3
f 4717/15/3 4698/15/3 4716/15/3
f 4718/15/3 4700/15/3 4699/15/3
f 4718/10/3 4699/10/3 4717/10/3
f 4719/10/3 4701/10/3 4700/10/3
f 4719/15/3 4700/15/3 4718/15/3
f 4720/15/3 4702/15/3 4701/15/3
f 4720/10/3 4701/10/3 4719/10/3
f 4721/10/3 4703/10/3 4702/10/3
f 4721/15/3 4702/15/3 4720/15/3
f 4722/15/3 4704/15/3 4703/15/3
f 4722/10/3 4703/10/3 4721/10/3
f 4723/10/3 4705/10/3 4704/10/3
f 4723/15/3 4704/15/3 4722/15/3
f 4736/12/3 4711/12/3 4710/12/3
f 4736/12/3 4710/12/3 4709/12/3
f 4736/12/3 4707/12/3 4706/12/3
f 4736/12/3 4708/12/3 4707/12/3
f 4736/12/3 4709/12/3 4708/12/3
f 4737/12/3 4711/12/3 4736/12/3
f 4738/10/3 4712/10/3 4692/10/3
f 4738/10/3 4713/10/3 4712/10/3
f 4739/15/3 4714/15/3 4713/15/3
f 4739/10/3 4713/10/3 4738/10/3
f 4740/10/3 4715/10/3 4714/10/3
f 4740/15/3 4714/15/3 4739/15/3
f 4740/10/3 4716/10/3 4715/10/3
f 4740/10/3 4717/10/3 4716/10/3
f 4741/10/3 4717/10/3 4740/10/3
f 4742/10/3 4717/10/3 4741/10/3
f 4743/15/3 4718/15/3 4717/15/3
f 4743/10/3 4717/10/3 4742/10/3
f 4744/10/3 4719/10/3 4718/10/3
f 4744/15/3 4718/15/3 4743/15/3
f 4744/10/3 4720/10/3 4719/10/3
f 4744/10/3 4721/10/3 4720/10/3
f 4745/10/3 4721/10/3 4744/10/3
f 4746/10/3 4721/10/3 4745/10/3
f 4747/15/3 4722/15/3 4721/15/3
f 4747/10/3 4721/10/3 4746/10/3
f 4748/10/3 4723/10/3 4722/10/3
f 4748/15/3 4722/15/3 4747/15/3
f 4749/10/3 4705/10/3 4723/10/3
f 4749/10/3 4723/10/3 4748/10/3
f 4750/7/3 4725/7/3 4724/7/3
f 4750/7/3 4726/7/3 4725/7/3
f 4751/5/3 4727/5/3 4726/5/3
f 4751/7/3 4726/7/3 4750/7/3
f 4752/7/3 4728/7/3 4727/7/3
f 4752/5/3 4727/5/3 4751/5/3
f 4753/5/3 4730/5/3 4729/5/3
f 4753/7/3 4728/7/3 4752/7/3
f 4753/5/3 4729/5/3 4728/5/3
f 4753/5/3 4731/5/3 4730/5/3
f 4754/7/3 4732/7/3 4731/7/3
f 4754/5/3 4731/5/3 4753/5/3
f 4755/5/3 4733/5/3 4732/5/3
f 4755/7/3 4732/7/3 4754/7/3
f 4756/7/3 4735/7/3 4734/7/3
f 4756/5/3 4733/5/3 4755/5/3
f 4756/7/3 4734/7/3 4733/7/3
f 4757/7/3 4735/7/3 4756/7/3
f 4768/10/3 4738/10/3 4692/10/3
f 4769/15/3 4739/15/3 4738/15/3
f 4769/10/3 4738/10/3 4768/10/3
f 4770/10/3 4740/10/3 4739/10/3
f 4770/15/3 4739/15/3 4769/15/3
f 4771/15/3 4741/15/3 4740/15/3
f 4771/10/3 4740/10/3 4770/10/3
f 4772/10/3 4742/10/3 4741/10/3
f 4772/15/3 4741/15/3 4771/15/3
f 4773/15/3 4743/15/3 4742/15/3
f 4773/10/3 4742/10/3 4772/10/3
f 4774/10/3 4744/10/3 4743/10/3
f 4774/15/3 4743/15/3 4773/15/3
f 4775/15/3 4745/15/3 4744/15/3
f 4775/10/3 4744/10/3 4774/10/3
f 4776/10/3 4746/10/3 4745/10/3
f 4776/15/3 4745/15/3 4775/15/3
f 4777/15/3 4747/15/3 4746/15/3
f 4777/10/3 4746/10/3 4776/10/3
f 4778/10/3 4748/10/3 4747/10/3
f 4778/15/3 4747/15/3 4777/15/3
f 4779/15/3 4749/15/3 4748/15/3
f 4779/10/3 4748/10/3 4778/10/3
f 4780/10/3 4705/10/3 4749/10/3
f 4780/15/3 4749/15/3 4779/15/3
f 4781/10/3 4705/10/3 4780/10/3
f 4786/6/3 4762/6/3 4761/6/3
f 4786/9/3 4761/9/3 4760/9/3
f 4787/9/3 4763/9/3 4762/9/3
f 4787/6/3 4762/6/3 4786/6/3
f 4788/6/3 4764/6/3 4763/6/3
f 4788/9/3 4763/9/3 4787/9/3
f 4789/9/3 4765/9/3 4764/9/3
f 4789/6/3 4764/6/3 4788/6/3
f 4802/16/3 4783/16/3 4782/16/3
f 4803/12/3 4784/12/3 4783/12/3
f 4803/16/3 4783/16/3 4802/16/3
f 4804/16/3 4785/16/3 4784/16/3
f 4804/12/3 4784/12/3 4803/12/3
f 4805/16/3 4785/16/3 4804/16/3
f 4806/9/3 4787/9/3 4786/9/3
f 4806/9/3 4786/9/3 4760/9/3
f 4807/6/3 4788/6/3 4787/6/3
f 4807/9/3 4787/9/3 4806/9/3
f 4808/9/3 4789/9/3 4788/9/3
f 4808/6/3 4788/6/3 4807/6/3
f 4809/9/3 4765/9/3 4789/9/3
f 4809/9/3 4789/9/3 4808/9/3
f 4810/7/3 4791/7/3 4790/7/3
f 4811/5/3 4792/5/3 4791/5/3
f 4811/7/3 4791/7/3 4810/7/3
f 4812/7/3 4793/7/3 4792/7/3
f 4812/5/3 4792/5/3 4811/5/3
f 4813/5/3 4794/5/3 4793/5/3
f 4813/7/3 4793/7/3 4812/7/3
f 4814/7/3 4795/7/3 4794/7/3
f 4814/5/3 4794/5/3 4813/5/3
f 4815/5/3 4796/5/3 4795/5/3
f 4815/7/3 4795/7/3 4814/7/3
f 4816/7/3 4797/7/3 4796/7/3
f 4816/5/3 4796/5/3 4815/5/3
f 4817/5/3 4798/5/3 4797/5/3
f 4817/7/3 4797/7/3 4816/7/3
f 4818/7/3 4799/7/3 4798/7/3
f 4818/5/3 4798/5/3 4817/5/3
f 4819/5/3 4800/5/3 4799/5/3
f 4819/7/3 4799/7/3 4818/7/3
f 4820/7/3 4801/7/3 4800/7/3
f 4820/5/3 4800/5/3 4819/5/3
f 4821/7/3 4801/7/3 4820/7/3
f 4822/12/3 4803/12/3 4802/12/3
f 4823/16/3 4804/16/3 4803/16/3
f 4823/12/3 4803/12/3 4822/12/3
f 4824/12/3 4805/12/3 4804/12/3
f 4824/16/3 4804/16/3 4823/16/3
f 4825/12/3 4805/12/3 4824/12/3
f 4826/9/3 4759/9/3 4758/9/3
f 4827/6/3 4760/6/3 4759/6/3
f 4827/9/3 4759/9/3 4826/9/3
f 4828/9/3 4806/9/3 4760/9/3
f 4828/6/3 4760/6/3 4827/6/3
f 4829/6/3 4807/6/3 4806/6/3
f 4829/9/3 4806/9/3 4828/9/3
f 4830/9/3 4808/9/3 4807/9/3
f 4830/6/3 4807/6/3 4829/6/3
f 4831/6/3 4809/6/3 4808/6/3
f 4831/9/3 4808/9/3 4830/9/3
f 4832/9/3 4765/9/3 4809/9/3
f 4832/6/3 4809/6/3 4831/6/3
f 4833/6/3 4766/6/3 4765/6/3
f 4833/9/3 4765/9/3 4832/9/3
f 4834/9/3 4767/9/3 4766/9/3
f 4834/6/3 4766/6/3 4833/6/3
f 4835/9/3 4767/9/3 4834/9/3
f 4836/16/3 4823/16/3 4822/16/3
f 4837/12/3 4824/12/3 4823/12/3
f 4837/16/3 4823/16/3 4836/16/3
f 4838/16/3 4825/16/3 4824/16/3
f 4838/12/3 4824/12/3 4837/12/3
f 4839/16/3 4825/16/3 4838/16/3
f 4864/14/3 4841/14/3 4840/14/3
f 4865/13/3 4842/13/3 4841/13/3
f 4865/14/3 4841/14/3 4864/14/3
f 4866/14/3 4843/14/3 4842/14/3
f 4866/13/3 4842/13/3 4865/13/3
f 4867/14/3 4843/14/3 4866/14/3
f 4868/14/3 4843/14/3 4867/14/3
f 4869/13/3 4844/13/3 4843/13/3
f 4869/14/3 4843/14/3 4868/14/3
f 4870/14/3 4845/14/3 4844/14/3
f 4870/13/3 4844/13/3 4869/13/3
f 4871/14/3 4845/14/3 4870/14/3
f 4872/7/3 4847/7/3 4846/7/3
f 4873/5/3 4848/5/3 4847/5/3
f 4873/7/3 4847/7/3 4872/7/3
f 4874/7/3 4849/7/3 4848/7/3
f 4874/5/3 4848/5/3 4873/5/3
f 4875/5/3 4850/5/3 4849/5/3
f 4875/7/3 4849/7/3 4874/7/3
f 4876/7/3 4851/7/3 4850/7/3
f 4876/5/3 4850/5/3 4875/5/3
f 4877/5/3 4852/5/3 4851/5/3
f 4877/7/3 4851/7/3 4876/7/3
f 4878/7/3 4853/7/3 4852/7/3
f 4878/5/3 4852/5/3 4877/5/3
f 4879/5/3 4854/5/3 4853/5/3
f 4879/7/3 4853/7/3 4878/7/3
f 4880/7/3 4855/7/3 4854/7/3
f 4880/5/3 4854/5/3 4879/5/3
f 4881/5/3 4856/5/3 4855/5/3
f 4881/7/3 4855/7/3 4880/7/3
f 4882/7/3 4857/7/3 4856/7/3
f 4882/5/3 4856/5/3 4881/5/3
f 4883/7/3 4857/7/3 4882/7/3
f 4884/14/3 4859/14/3 4858/14/3
f 4885/13/3 4860/13/3 4859/13/3
f 4885/14/3 4859/14/3 4884/14/3
f 4886/14/3 4861/14/3 4860/14/3
f 4886/13/3 4860/13/3 4885/13/3
f 4887/13/3 4862/13/3 4861/13/3
f 4887/14/3 4861/14/3 4886/14/3
f 4888/14/3 4863/14/3 4862/14/3
f 4888/13/3 4862/13/3 4887/13/3
f 4889/14/3 4863/14/3 4888/14/3
f 4910/14/3 4897/14/3 4896/14/3
f 4911/13/3 4898/13/3 4897/13/3
f 4911/14/3 4897/14/3 4910/14/3
f 4912/14/3 4899/14/3 4898/14/3
f 4912/13/3 4898/13/3 4911/13/3
f 4912/14/3 4900/14/3 4899/14/3
f 4912/14/3 4901/14/3 4900/14/3
f 4913/13/3 4902/13/3 4901/13/3
f 4913/14/3 4901/14/3 4912/14/3
f 4914/14/3 4903/14/3 4902/14/3
f 4914/13/3 4902/13/3 4913/13/3
f 4915/14/3 4903/14/3 4914/14/3
f 4916/11/3 4891/11/3 4890/11/3
f 4917/8/3 4892/8/3 4891/8/3
f 4917/11/3 4891/11/3 4916/11/3
f 4918/11/3 4893/11/3 4892/11/3
f 4918/8/3 4892/8/3 4917/8/3
f 4919/8/3 4894/8/3 4893/8/3
f 4919/11/3 4893/11/3 4918/11/3
f 4920/11/3 4895/11/3 4894/11/3
f 4920/8/3 4894/8/3 4919/8/3
f 4921/11/3 4895/11/3 4920/11/3
f 4922/13/3 4905/13/3 4904/13/3
f 4923/14/3 4906/14/3 4905/14/3
f 4923/13/3 4905/13/3 4922/13/3
f 4924/13/3 4907/13/3 4906/13/3
f 4924/14/3 4906/14/3 4923/14/3
f 4925/14/3 4908/14/3 4907/14/3
f 4925/13/3 4907/13/3 4924/13/3
f 4926/13/3 4909/13/3 4908/13/3
f 4926/14/3 4908/14/3 4925/14/3
f 4927/13/3 4909/13/3 4926/13/3
f 4952/12/3 4940/12/3 4939/12/3
f 4952/16/3 4941/16/3 4940/16/3
f 4953/16/3 4941/16/3 4952/16/3
f 4954/16/3 4941/16/3 4953/16/3
f 4955/12/3 4942/12/3 4941/12/3
f 4955/16/3 4941/16/3 4954/16/3
f 4956/11/3 4929/11/3 4928/11/3
f 4957/8/3 4930/8/3 4929/8/3
f 4957/11/3 4929/11/3 4956/11/3
f 4958/11/3 4931/11/3 4930/11/3
f 4958/8/3 4930/8/3 4957/8/3
f 4959/8/3 4932/8/3 4931/8/3
f 4959/11/3 4931/11/3 4958/11/3
f 4960/11/3 4933/11/3 4932/11/3
f 4960/8/3 4932/8/3 4959/8/3
f 4961/8/3 4934/8/3 4933/8/3
f 4961/11/3 4933/11/3 4960/11/3
f 4962/11/3 4935/11/3 4934/11/3
f 4962/8/3 4934/8/3 4961/8/3
f 4963/8/3 4936/8/3 4935/8/3
f 4963/11/3 4935/11/3 4962/11/3
f 4964/11/3 4937/11/3 4936/11/3
f 4964/8/3 4936/8/3 4963/8/3
f 4965/11/3 4937/11/3 4964/11/3
f 4966/12/3 4952/12/3 4939/12/3
f 4966/12/3 4953/12/3 4952/12/3
f 4967/16/3 4954/16/3 4953/16/3
f 4967/12/3 4953/12/3 4966/12/3
f 4968/12/3 4955/12/3 4954/12/3
f 4968/16/3 4954/16/3 4967/16/3
f 4969/12/3 4942/12/3 4955/12/3
f 4969/12/3 4955/12/3 4968/12/3
f 4970/9/3 4945/9/3 4944/9/3
f 4971/6/3 4946/6/3 4945/6/3
f 4971/9/3 4945/9/3 4970/9/3
f 4972/9/3 4947/9/3 4946/9/3
f 4972/6/3 4946/6/3 4971/6/3
f 4973/6/3 4948/6/3 4947/6/3
f 4973/9/3 4947/9/3 4972/9/3
f 4974/9/3 4949/9/3 4948/9/3
f 4974/6/3 4948/6/3 4973/6/3
f 4975/6/3 4950/6/3 4949/6/3
f 4975/9/3 4949/9/3 4974/9/3
f 4976/9/3 4951/9/3 4950/9/3
f 4976/6/3 4950/6/3 4975/6/3
f 4977/9/3 4951/9/3 4976/9/3
f 4978/16/3 4939/16/3 4938/16/3
f 4979/12/3 4966/12/3 4939/12/3
f 4979/16/3 4939/16/3 4978/16/3
f 4980/16/3 4968/16/3 4967/16/3
f 4980/12/3 4966/12/3 4979/12/3
f 4980/16/3 4969/16/3 4968/16/3
f 4980/16/3 4967/16/3 4966/16/3
f 4981/12/3 4942/12/3 4969/12/3
f 4981/16/3 4969/16/3 4980/16/3
f 4982/16/3 4943/16/3 4942/16/3
f 4982/12/3 4942/12/3 4981/12/3
f 4983/16/3 4943/16/3 4982/16/3
f 5002/9/3 4985/9/3 4984/9/3
f 5003/6/3 4986/6/3 4985/6/3
f 5003/9/3 4985/9/3 5002/9/3
f 5004/9/3 4987/9/3 4986/9/3
f 5004/6/3 4986/6/3 5003/6/3
f 5005/9/3 4987/9/3 5004/9/3
f 5006/6/3 4988/6/3 4987/6/3
f 5006/9/3 4987/9/3 5005/9/3
f 5007/9/3 4989/9/3 4988/9/3
f 5007/6/3 4988/6/3 5006/6/3
f 5008/9/3 4989/9/3 5007/9/3
f 5009/6/3 4990/6/3 4989/6/3
f 5009/9/3 4989/9/3 5008/9/3
f 5010/9/3 4991/9/3 4990/9/3
f 5010/6/3 4990/6/3 5009/6/3
f 5011/9/3 4991/9/3 5010/9/3
f 5018/12/3 4993/12/3 4992/12/3
f 5019/16/3 4994/16/3 4993/16/3
f 5019/12/3 4993/12/3 5018/12/3
f 5020/12/3 4995/12/3 4994/12/3
f 5020/16/3 4994/16/3 5019/16/3
f 5021/16/3 4996/16/3 4995/16/3
f 5021/12/3 4995/12/3 5020/12/3
f 5022/12/3 4997/12/3 4996/12/3
f 5022/16/3 4996/16/3 5021/16/3
f 5023/16/3 4998/16/3 4997/16/3
f 5023/12/3 4997/12/3 5022/12/3
f 5024/12/3 4999/12/3 4998/12/3
f 5024/16/3 4998/16/3 5023/16/3
f 5025/16/3 5000/16/3 4999/16/3
f 5025/12/3 4999/12/3 5024/12/3
f 5026/12/3 5001/12/3 5000/12/3
f 5026/16/3 5000/16/3 5025/16/3
f 5027/12/3 5001/12/3 5026/12/3
f 5038/10/3 5013/10/3 5012/10/3
f 5039/15/3 5014/15/3 5013/15/3
f 5039/10/3 5013/10/3 5038/10/3
f 5040/10/3 5015/10/3 5014/10/3
f 5040/15/3 5014/15/3 5039/15/3
f 5041/15/3 5016/15/3 5015/15/3
f 5041/10/3 5015/10/3 5040/10/3
f 5042/10/3 5017/10/3 5016/10/3
f 5042/15/3 5016/15/3 5041/15/3
f 5043/10/3 5017/10/3 5042/10/3
f 5044/9/3 5029/9/3 5028/9/3
f 5045/6/3 5030/6/3 5029/6/3
f 5045/9/3 5029/9/3 5044/9/3
f 5046/9/3 5032/9/3 5031/9/3
f 5046/6/3 5030/6/3 5045/6/3
f 5046/9/3 5031/9/3 5030/9/3
f 5047/9/3 5032/9/3 5046/9/3
f 5048/9/3 5032/9/3 5047/9/3
f 5049/6/3 5033/6/3 5032/6/3
f 5049/9/3 5032/9/3 5048/9/3
f 5050/9/3 5035/9/3 5034/9/3
f 5050/6/3 5033/6/3 5049/6/3
f 5050/9/3 5034/9/3 5033/9/3
f 5051/9/3 5035/9/3 5050/9/3
f 5052/9/3 5035/9/3 5051/9/3
f 5053/6/3 5036/6/3 5035/6/3
f 5053/9/3 5035/9/3 5052/9/3
f 5054/9/3 5037/9/3 5036/9/3
f 5054/6/3 5036/6/3 5053/6/3
f 5055/9/3 5037/9/3 5054/9/3
f 5060/7/3 5045/7/3 5044/7/3
f 5061/5/3 5046/5/3 5045/5/3
f 5061/7/3 5045/7/3 5060/7/3
f 5062/7/3 5047/7/3 5046/7/3
f 5062/5/3 5046/5/3 5061/5/3
f 5063/5/3 5048/5/3 5047/5/3
f 5063/7/3 5047/7/3 5062/7/3
f 5064/7/3 5049/7/3 5048/7/3
f 5064/5/3 5048/5/3 5063/5/3
f 5064/7/3 5050/7/3 5049/7/3
f 5064/7/3 5051/7/3 5050/7/3
f 5065/7/3 5051/7/3 5064/7/3
f 5066/7/3 5051/7/3 5065/7/3
f 5067/5/3 5052/5/3 5051/5/3
f 5067/7/3 5051/7/3 5066/7/3
f 5068/7/3 5053/7/3 5052/7/3
f 5068/5/3 5052/5/3 5067/5/3
f 5069/5/3 5054/5/3 5053/5/3
f 5069/7/3 5053/7/3 5068/7/3
f 5070/7/3 5055/7/3 5054/7/3
f 5070/5/3 5054/5/3 5069/5/3
f 5071/7/3 5055/7/3 5070/7/3
f 5080/10/3 5058/10/3 5057/10/3
f 5080/15/3 5057/15/3 5056/15/3
f 5081/10/3 5058/10/3 5080/10/3
f 5082/10/3 5058/10/3 5081/10/3
f 5083/15/3 5059/15/3 5058/15/3
f 5083/10/3 5058/10/3 5082/10/3
f 5084/15/3 5080/15/3 5056/15/3
f 5084/15/3 5081/15/3 5080/15/3
f 5085/15/3 5081/15/3 5084/15/3
f 5086/10/3 5082/10/3 5081/10/3
f 5086/15/3 5081/15/3 5085/15/3
f 5087/15/3 5083/15/3 5082/15/3
f 5087/10/3 5082/10/3 5086/10/3
f 5088/15/3 5059/15/3 5083/15/3
f 5088/15/3 5083/15/3 5087/15/3
f 5089/15/3 5059/15/3 5088/15/3
f 5090/10/3 5085/10/3 5084/10/3
f 5091/15/3 5087/15/3 5086/15/3
f 5091/10/3 5085/10/3 5090/10/3
f 5091/15/3 5086/15/3 5085/15/3
f 5091/15/3 5088/15/3 5087/15/3
f 5092/15/3 5088/15/3 5091/15/3
f 5093/15/3 5088/15/3 5092/15/3
f 5094/10/3 5089/10/3 5088/10/3
f 5094/15/3 5088/15/3 5093/15/3
f 5095/10/3 5089/10/3 5094/10/3
f 5096/15/3 5091/15/3 5090/15/3
f 5096/15/3 5092/15/3 5091/15/3
f 5097/10/3 5093/10/3 5092/10/3
f 5097/15/3 5092/15/3 5096/15/3
f 5098/15/3 5095/15/3 5094/15/3
f 5098/10/3 5093/10/3 5097/10/3
f 5098/15/3 5094/15/3 5093/15/3
f 5099/15/3 5095/15/3 5098/15/3
f 5100/15/3 5096/15/3 5090/15/3
f 5101/15/3 5096/15/3 5100/15/3
f 5102/10/3 5097/10/3 5096/10/3
f 5102/15/3 5096/15/3 5101/15/3
f 5102/10/3 5098/10/3 5097/10/3
f 5102/10/3 5099/10/3 5098/10/3
f 5103/15/3 5095/15/3 5099/15/3
f 5103/10/3 5099/10/3 5102/10/3
f 5104/15/3 5095/15/3 5103/15/3
f 5105/11/3 5073/11/3 5072/11/3
f 5106/8/3 5074/8/3 5073/8/3
f 5106/11/3 5073/11/3 5105/11/3
f 5107/11/3 5075/11/3 5074/11/3
f 5107/8/3 5074/8/3 5106/8/3
f 5108/8/3 5076/8/3 5075/8/3
f 5108/11/3 5075/11/3 5107/11/3
f 5109/11/3 5077/11/3 5076/11/3
f 5109/8/3 5076/8/3 5108/8/3
f 5110/8/3 5078/8/3 5077/8/3
f 5110/11/3 5077/11/3 5109/11/3
f 5111/11/3 5079/11/3 5078/11/3
f 5111/8/3 5078/8/3 5110/8/3
f 5112/11/3 5079/11/3 5111/11/3
f 5115/4/3 5114/4/3 5113/4/3
f 5116/4/3 5114/4/3 5115/4/3
f 5125/12/3 5118/12/3 5117/12/3
f 5126/16/3 5119/16/3 5118/16/3
f 5126/12/3 5118/12/3 5125/12/3
f 5127/12/3 5120/12/3 5119/12/3
f 5127/16/3 5119/16/3 5126/16/3
f 5128/12/3 5120/12/3 5127/12/3
f 5129/12/3 5120/12/3 5128/12/3
f 5130/16/3 5121/16/3 5120/16/3
f 5130/12/3 5120/12/3 5129/12/3
f 5131/12/3 5122/12/3 5121/12/3
f 5131/16/3 5121/16/3 5130/16/3
f 5132/12/3 5122/12/3 5131/12/3
f 5133/12/3 5122/12/3 5132/12/3
f 5134/16/3 5123/16/3 5122/16/3
f 5134/12/3 5122/12/3 5133/12/3
f 5135/12/3 5124/12/3 5123/12/3
f 5135/16/3 5123/16/3 5134/16/3
f 5136/12/3 5124/12/3 5135/12/3
f 5137/10/3 5126/10/3 5125/10/3
f 5137/10/3 5127/10/3 5126/10/3
f 5138/10/3 5127/10/3 5137/10/3
f 5139/15/3 5128/15/3 5127/15/3
f 5139/10/3 5127/10/3 5138/10/3
f 5140/10/3 5129/10/3 5128/10/3
f 5140/15/3 5128/15/3 5139/15/3
f 5141/15/3 5130/15/3 5129/15/3
f 5141/10/3 5129/10/3 5140/10/3
f 5142/10/3 5131/10/3 5130/10/3
f 5142/15/3 5130/15/3 5141/15/3
f 5143/10/3 5131/10/3 5142/10/3
f 5144/10/3 5131/10/3 5143/10/3
f 5145/15/3 5132/15/3 5131/15/3
f 5145/10/3 5131/10/3 5144/10/3
f 5146/10/3 5133/10/3 5132/10/3
f 5146/15/3 5132/15/3 5145/15/3
f 5147/15/3 5134/15/3 5133/15/3
f 5147/10/3 5133/10/3 5146/10/3
f 5148/10/3 5136/10/3 5135/10/3
f 5148/15/3 5134/15/3 5147/15/3
f 5148/10/3 5135/10/3 5134/10/3
f 5149/10/3 5136/10/3 5148/10/3
f 5150/10/3 5136/10/3 5149/10/3
f 5182/10/3 5152/10/3 5151/10/3
f 5182/10/3 5153/10/3 5152/10/3
f 5183/15/3 5154/15/3 5153/15/3
f 5183/10/3 5153/10/3 5182/10/3
f 5184/10/3 5155/10/3 5154/10/3
f 5184/15/3 5154/15/3 5183/15/3
f 5185/15/3 5156/15/3 5155/15/3
f 5185/10/3 5155/10/3 5184/10/3
f 5186/10/3 5157/10/3 5156/10/3
f 5186/15/3 5156/15/3 5185/15/3
f 5186/10/3 5158/10/3 5157/10/3
f 5186/10/3 5159/10/3 5158/10/3
f 5187/15/3 5160/15/3 5159/15/3
f 5187/10/3 5159/10/3 5186/10/3
f 5188/10/3 5161/10/3 5160/10/3
f 5188/15/3 5160/15/3 5187/15/3
f 5189/15/3 5162/15/3 5161/15/3
f 5189/10/3 5161/10/3 5188/10/3
f 5190/10/3 5163/10/3 5162/10/3
f 5190/15/3 5162/15/3 5189/15/3
f 5190/10/3 5164/10/3 5163/10/3
f 5191/10/3 5164/10/3 5190/10/3
f 5202/10/3 5166/10/3 5165/10/3
f 5203/15/3 5167/15/3 5166/15/3
f 5203/10/3 5166/10/3 5202/10/3
f 5203/15/3 5168/15/3 5167/15/3
f 5203/15/3 5169/15/3 5168/15/3
f 5204/10/3 5170/10/3 5169/10/3
f 5204/15/3 5169/15/3 5203/15/3
f 5205/15/3 5176/15/3 5175/15/3
f 5205/10/3 5170/10/3 5204/10/3
f 5205/15/3 5175/15/3 5174/15/3
f 5205/15/3 5173/15/3 5172/15/3
f 5205/15/3 5172/15/3 5171/15/3
f 5205/15/3 5171/15/3 5170/15/3
f 5205/15/3 5174/15/3 5173/15/3
f 5206/10/3 5177/10/3 5176/10/3
f 5206/15/3 5176/15/3 5205/15/3
f 5207/15/3 5180/15/3 5179/15/3
f 5207/10/3 5177/10/3 5206/10/3
f 5207/15/3 5179/15/3 5178/15/3
f 5207/15/3 5178/15/3 5177/15/3
f 5208/10/3 5181/10/3 5180/10/3
f 5208/15/3 5180/15/3 5207/15/3
f 5209/10/3 5181/10/3 5208/10/3
f 5218/10/3 5193/10/3 5192/10/3
f 5219/15/3 5194/15/3 5193/15/3
f 5219/10/3 5193/10/3 5218/10/3
f 5220/10/3 5199/10/3 5198/10/3
f 5220/15/3 5194/15/3 5219/15/3
f 5220/10/3 5198/10/3 5197/10/3
f 5220/10/3 5197/10/3 5196/10/3
f 5220/10/3 5196/10/3 5195/10/3
f 5220/10/3 5195/10/3 5194/10/3
f 5221/10/3 5199/10/3 5220/10/3
f 5222/10/3 5199/10/3 5221/10/3
f 5223/15/3 5200/15/3 5199/15/3
f 5223/10/3 5199/10/3 5222/10/3
f 5224/10/3 5201/10/3 5200/10/3
f 5224/15/3 5200/15/3 5223/15/3
f 5225/10/3 5201/10/3 5224/10/3
f 5226/9/3 5211/9/3 5210/9/3
f 5227/6/3 5212/6/3 5211/6/3
f 5227/9/3 5211/9/3 5226/9/3
f 5228/9/3 5213/9/3 5212/9/3
f 5228/6/3 5212/6/3 5227/6/3
f 5229/9/3 5213/9/3 5228/9/3
f 5230/9/3 5213/9/3 5229/9/3
f 5231/6/3 5214/6/3 5213/6/3
f 5231/9/3 5213/9/3 5230/9/3
f 5232/9/3 5215/9/3 5214/9/3
f 5232/6/3 5214/6/3 5231/6/3
f 5233/9/3 5215/9/3 5232/9/3
f 5234/9/3 5215/9/3 5233/9/3
f 5235/6/3 5216/6/3 5215/6/3
f 5235/9/3 5215/9/3 5234/9/3
f 5236/9/3 5217/9/3 5216/9/3
f 5236/6/3 5216/6/3 5235/6/3
f 5237/9/3 5217/9/3 5236/9/3
f 5266/10/3 5239/10/3 5238/10/3
f 5267/15/3 5240/15/3 5239/15/3
f 5267/10/3 5239/10/3 5266/10/3
f 5268/15/3 5240/15/3 5267/15/3
f 5269/10/3 5241/10/3 5240/10/3
f 5269/15/3 5240/15/3 5268/15/3
f 5270/15/3 5242/15/3 5241/15/3
f 5270/10/3 5241/10/3 5269/10/3
f 5271/15/3 5242/15/3 5270/15/3
f 5272/15/3 5242/15/3 5271/15/3
f 5273/10/3 5243/10/3 5242/10/3
f 5273/15/3 5242/15/3 5272/15/3
f 5274/15/3 5244/15/3 5243/15/3
f 5274/10/3 5243/10/3 5273/10/3
f 5275/15/3 5244/15/3 5274/15/3
f 5276/10/3 5245/10/3 5244/10/3
f 5276/15/3 5244/15/3 5275/15/3
f 5277/10/3 5245/10/3 5276/10/3
f 5278/9/3 5247/9/3 5246/9/3
f 5279/6/3 5248/6/3 5247/6/3
f 5279/9/3 5247/9/3 5278/9/3
f 5280/9/3 5249/9/3 5248/9/3
f 5280/6/3 5248/6/3 5279/6/3
f 5280/9/3 5250/9/3 5249/9/3
f 5280/9/3 5251/9/3 5250/9/3
f 5281/6/3 5252/6/3 5251/6/3
f 5281/9/3 5251/9/3 5280/9/3
f 5282/9/3 5253/9/3 5252/9/3
f 5282/6/3 5252/6/3 5281/6/3
f 5282/9/3 5254/9/3 5253/9/3
f 5282/9/3 5255/9/3 5254/9/3
f 5283/6/3 5256/6/3 5255/6/3
f 5283/9/3 5255/9/3 5282/9/3
f 5284/9/3 5257/9/3 5256/9/3
f 5284/6/3 5256/6/3 5283/6/3
f 5285/9/3 5257/9/3 5284/9/3
f 5286/10/3 5259/10/3 5258/10/3
f 5287/15/3 5260/15/3 5259/15/3
f 5287/10/3 5259/10/3 5286/10/3
f 5288/10/3 5261/10/3 5260/10/3
f 5288/15/3 5260/15/3 5287/15/3
f 5288/10/3 5262/10/3 5261/10/3
f 5288/10/3 5263/10/3 5262/10/3
f 5289/10/3 5263/10/3 5288/10/3
f 5290/10/3 5263/10/3 5289/10/3
f 5291/15/3 5264/15/3 5263/15/3
f 5291/10/3 5263/10/3 5290/10/3
f 5292/10/3 5265/10/3 5264/10/3
f 5292/15/3 5264/15/3 5291/15/3
f 5293/10/3 5265/10/3 5292/10/3
f 5294/11/3 5267/11/3 5266/11/3
f 5295/8/3 5268/8/3 5267/8/3
f 5295/11/3 5267/11/3 5294/11/3
f 5296/11/3 5269/11/3 5268/11/3
f 5296/8/3 5268/8/3 5295/8/3
f 5296/11/3 5271/11/3 5270/11/3
f 5296/11/3 5270/11/3 5269/11/3
f 5297/8/3 5272/8/3 5271/8/3
f 5297/11/3 5271/11/3 5296/11/3
f 5298/11/3 5273/11/3 5272/11/3
f 5298/8/3 5272/8/3 5297/8/3
f 5298/11/3 5275/11/3 5274/11/3
f 5298/11/3 5274/11/3 5273/11/3
f 5299/8/3 5276/8/3 5275/8/3
f 5299/11/3 5275/11/3 5298/11/3
f 5300/11/3 5277/11/3 5276/11/3
f 5300/8/3 5276/8/3 5299/8/3
f 5301/11/3 5277/11/3 5300/11/3
f 5302/11/3 5287/11/3 5286/11/3
f 5303/8/3 5288/8/3 5287/8/3
f 5303/11/3 5287/11/3 5302/11/3
f 5304/11/3 5289/11/3 5288/11/3
f 5304/8/3 5288/8/3 5303/8/3
f 5305/11/3 5289/11/3 5304/11/3
f 5306/8/3 5290/8/3 5289/8/3
f 5306/11/3 5289/11/3 5305/11/3
f 5307/11/3 5291/11/3 5290/11/3
f 5307/8/3 5290/8/3 5306/8/3
f 5308/11/3 5291/11/3 5307/11/3
f 5309/8/3 5292/8/3 5291/8/3
f 5309/11/3 5291/11/3 5308/11/3
f 5310/11/3 5293/11/3 5292/11/3
f 5310/8/3 5292/8/3 5309/8/3
f 5311/11/3 5293/11/3 5310/11/3
f 5330/11/3 5313/11/3 5312/11/3
f 5331/8/3 5314/8/3 5313/8/3
f 5331/11/3 5313/11/3 5330/11/3
f 5332/11/3 5315/11/3 5314/11/3
f 5332/8/3 5314/8/3 5331/8/3
f 5333/8/3 5316/8/3 5315/8/3
f 5333/11/3 5315/11/3 5332/11/3
f 5334/11/3 5317/11/3 5316/11/3
f 5334/8/3 5316/8/3 5333/8/3
f 5335/8/3 5318/8/3 5317/8/3
f 5335/11/3 5317/11/3 5334/11/3
f 5336/11/3 5319/11/3 5318/11/3
f 5336/8/3 5318/8/3 5335/8/3
f 5337/11/3 5319/11/3 5336/11/3
f 5338/11/3 5321/11/3 5320/11/3
f 5339/8/3 5322/8/3 5321/8/3
f 5339/11/3 5321/11/3 5338/11/3
f 5340/11/3 5323/11/3 5322/11/3
f 5340/8/3 5322/8/3 5339/8/3
f 5340/11/3 5324/11/3 5323/11/3
f 5341/11/3 5324/11/3 5340/11/3
f 5342/8/3 5325/8/3 5324/8/3
f 5342/11/3 5324/11/3 5341/11/3
f 5343/8/3 5325/8/3 5342/8/3
f 5344/8/3 5325/8/3 5343/8/3
f 5345/11/3 5326/11/3 5325/11/3
f 5345/8/3 5325/8/3 5344/8/3
f 5345/11/3 5327/11/3 5326/11/3
f 5346/11/3 5327/11/3 5345/11/3
f 5347/8/3 5328/8/3 5327/8/3
f 5347/11/3 5327/11/3 5346/11/3
f 5348/11/3 5329/11/3 5328/11/3
f 5348/8/3 5328/8/3 5347/8/3
f 5349/11/3 5329/11/3 5348/11/3
f 5360/10/3 5351/10/3 5350/10/3
f 5361/15/3 5352/15/3 5351/15/3
f 5361/10/3 5351/10/3 5360/10/3
f 5362/10/3 5353/10/3 5352/10/3
f 5362/15/3 5352/15/3 5361/15/3
f 5363/10/3 5353/10/3 5362/10/3
f 5364/10/3 5353/10/3 5363/10/3
f 5365/15/3 5354/15/3 5353/15/3
f 5365/10/3 5353/10/3 5364/10/3
f 5366/10/3 5355/10/3 5354/10/3
f 5366/15/3 5354/15/3 5365/15/3
f 5367/10/3 5355/10/3 5366/10/3
f 5368/10/3 5355/10/3 5367/10/3
f 5369/15/3 5356/15/3 5355/15/3
f 5369/10/3 5355/10/3 5368/10/3
f 5370/10/3 5357/10/3 5356/10/3
f 5370/15/3 5356/15/3 5369/15/3
f 5371/10/3 5357/10/3 5370/10/3
f 5372/10/3 5357/10/3 5371/10/3
f 5373/15/3 5358/15/3 5357/15/3
f 5373/10/3 5357/10/3 5372/10/3
f 5374/10/3 5359/10/3 5358/10/3
f 5374/15/3 5358/15/3 5373/15/3
f 5375/10/3 5359/10/3 5374/10/3
f 5396/9/3 5377/9/3 5376/9/3
f 5397/9/3 5377/9/3 5396/9/3
f 5398/6/3 5378/6/3 5377/6/3
f 5398/9/3 5377/9/3 5397/9/3
f 5399/9/3 5379/9/3 5378/9/3
f 5399/6/3 5378/6/3 5398/6/3
f 5400/6/3 5380/6/3 5379/6/3
f 5400/9/3 5379/9/3 5399/9/3
f 5401/9/3 5381/9/3 5380/9/3
f 5401/6/3 5380/6/3 5400/6/3
f 5402/6/3 5382/6/3 5381/6/3
f 5402/9/3 5381/9/3 5401/9/3
f 5403/9/3 5383/9/3 5382/9/3
f 5403/6/3 5382/6/3 5402/6/3
f 5404/6/3 5384/6/3 5383/6/3
f 5404/9/3 5383/9/3 5403/9/3
f 5405/9/3 5385/9/3 5384/9/3
f 5405/6/3 5384/6/3 5404/6/3
f 5406/9/3 5385/9/3 5405/9/3
f 5407/9/3 5385/9/3 5406/9/3
f 5424/16/3 5387/16/3 5386/16/3
f 5424/16/3 5388/16/3 5387/16/3
f 5424/16/3 5389/16/3 5388/16/3
f 5425/12/3 5390/12/3 5389/12/3
f 5425/16/3 5389/16/3 5424/16/3
f 5425/12/3 5391/12/3 5390/12/3
f 5425/12/3 5392/12/3 5391/12/3
f 5426/12/3 5392/12/3 5425/12/3
f 5427/12/3 5392/12/3 5426/12/3
f 5428/16/3 5395/16/3 5394/16/3
f 5428/12/3 5392/12/3 5427/12/3
f 5428/16/3 5393/16/3 5392/16/3
f 5428/16/3 5394/16/3 5393/16/3
f 5429/16/3 5395/16/3 5428/16/3
f 5430/10/3 5409/10/3 5408/10/3
f 5431/15/3 5410/15/3 5409/15/3
f 5431/10/3 5409/10/3 5430/10/3
f 5432/10/3 5413/10/3 5412/10/3
f 5432/15/3 5410/15/3 5431/15/3
f 5432/10/3 5412/10/3 5411/10/3
f 5432/10/3 5411/10/3 5410/10/3
f 5433/10/3 5413/10/3 5432/10/3
f 5434/10/3 5413/10/3 5433/10/3
f 5435/15/3 5414/15/3 5413/15/3
f 5435/10/3 5413/10/3 5434/10/3
f 5436/10/3 5417/10/3 5416/10/3
f 5436/15/3 5414/15/3 5435/15/3
f 5436/10/3 5416/10/3 5415/10/3
f 5436/10/3 5415/10/3 5414/10/3
f 5437/10/3 5417/10/3 5436/10/3
f 5438/10/3 5417/10/3 5437/10/3
f 5439/15/3 5418/15/3 5417/15/3
f 5439/10/3 5417/10/3 5438/10/3
f 5440/10/3 5421/10/3 5420/10/3
f 5440/15/3 5418/15/3 5439/15/3
f 5440/10/3 5420/10/3 5419/10/3
f 5440/10/3 5419/10/3 5418/10/3
f 5441/10/3 5421/10/3 5440/10/3
f 5442/10/3 5421/10/3 5441/10/3
f 5443/15/3 5422/15/3 5421/15/3
f 5443/10/3 5421/10/3 5442/10/3
f 5444/10/3 5423/10/3 5422/10/3
f 5444/15/3 5422/15/3 5443/15/3
f 5445/10/3 5423/10/3 5444/10/3
f 5464/9/3 5447/9/3 5446/9/3
f 5464/9/3 5448/9/3 5447/9/3
f 5465/9/3 5448/9/3 5464/9/3
f 5466/6/3 5449/6/3 5448/6/3
f 5466/9/3 5448/9/3 5465/9/3
f 5467/9/3 5450/9/3 5449/9/3
f 5467/6/3 5449/6/3 5466/6/3
f 5468/6/3 5451/6/3 5450/6/3
f 5468/9/3 5450/9/3 5467/9/3
f 5469/9/3 5452/9/3 5451/9/3
f 5469/6/3 5451/6/3 5468/6/3
f 5470/6/3 5453/6/3 5452/6/3
f 5470/9/3 5452/9/3 5469/9/3
f 5471/9/3 5454/9/3 5453/9/3
f 5471/6/3 5453/6/3 5470/6/3
f 5472/6/3 5455/6/3 5454/6/3
f 5472/9/3 5454/9/3 5471/9/3
f 5473/9/3 5457/9/3 5456/9/3
f 5473/6/3 5455/6/3 5472/6/3
f 5473/9/3 5456/9/3 5455/9/3
f 5474/9/3 5457/9/3 5473/9/3
f 5475/9/3 5457/9/3 5474/9/3
f 5476/16/3 5459/16/3 5458/16/3
f 5477/16/3 5459/16/3 5476/16/3
f 5478/12/3 5462/12/3 5461/12/3
f 5478/16/3 5459/16/3 5477/16/3
f 5478/12/3 5460/12/3 5459/12/3
f 5478/12/3 5461/12/3 5460/12/3
f 5479/12/3 5462/12/3 5478/12/3
f 5480/12/3 5462/12/3 5479/12/3
f 5481/16/3 5463/16/3 5462/16/3
f 5481/12/3 5462/12/3 5480/12/3
f 5482/16/3 5463/16/3 5481/16/3
f 5483/16/3 5463/16/3 5482/16/3
f 5498/11/3 5485/11/3 5484/11/3
f 5499/8/3 5486/8/3 5485/8/3
f 5499/11/3 5485/11/3 5498/11/3
f 5500/11/3 5487/11/3 5486/11/3
f 5500/8/3 5486/8/3 5499/8/3
f 5500/11/3 5488/11/3 5487/11/3
f 5500/11/3 5489/11/3 5488/11/3
f 5500/11/3 5495/11/3 5494/11/3
f 5500/11/3 5494/11/3 5493/11/3
f 5500/11/3 5493/11/3 5492/11/3
f 5500/11/3 5492/11/3 5491/11/3
f 5500/11/3 5491/11/3 5490/11/3
f 5500/11/3 5490/11/3 5489/11/3
f 5501/8/3 5496/8/3 5495/8/3
f 5501/11/3 5495/11/3 5500/11/3
f 5502/11/3 5497/11/3 5496/11/3
f 5502/8/3 5496/8/3 5501/8/3
f 5503/11/3 5497/11/3 5502/11/3
f 5518/11/3 5505/11/3 5504/11/3
f 5519/8/3 5506/8/3 5505/8/3
f 5519/11/3 5505/11/3 5518/11/3
f 5520/11/3 5507/11/3 5506/11/3
f 5520/8/3 5506/8/3 5519/8/3
f 5521/11/3 5507/11/3 5520/11/3
f 5522/11/3 5507/11/3 5521/11/3
f 5523/8/3 5508/8/3 5507/8/3
f 5523/11/3 5507/11/3 5522/11/3
f 5524/11/3 5509/11/3 5508/11/3
f 5524/8/3 5508/8/3 5523/8/3
f 5525/11/3 5509/11/3 5524/11/3
f 5534/11/3 5511/11/3 5510/11/3
f 5535/8/3 5512/8/3 5511/8/3
f 5535/11/3 5511/11/3 5534/11/3
f 5536/11/3 5513/11/3 5512/11/3
f 5536/8/3 5512/8/3 5535/8/3
f 5537/11/3 5513/11/3 5536/11/3
f 5538/8/3 5514/8/3 5513/8/3
f 5538/11/3 5513/11/3 5537/11/3
f 5539/11/3 5515/11/3 5514/11/3
f 5539/8/3 5514/8/3 5538/8/3
f 5540/11/3 5515/11/3 5539/11/3
f 5541/8/3 5516/8/3 5515/8/3
f 5541/11/3 5515/11/3 5540/11/3
f 5542/11/3 5517/11/3 5516/11/3
f 5542/8/3 5516/8/3 5541/8/3
f 5543/11/3 5517/11/3 5542/11/3
f 5544/16/3 5519/16/3 5518/16/3
f 5544/16/3 5520/16/3 5519/16/3
f 5545/16/3 5520/16/3 5544/16/3
f 5546/12/3 5521/12/3 5520/12/3
f 5546/16/3 5520/16/3 5545/16/3
f 5547/16/3 5522/16/3 5521/16/3
f 5547/12/3 5521/12/3 5546/12/3
f 5548/16/3 5522/16/3 5547/16/3
f 5549/16/3 5522/16/3 5548/16/3
f 5550/12/3 5523/12/3 5522/12/3
f 5550/16/3 5522/16/3 5549/16/3
f 5551/16/3 5525/16/3 5524/16/3
f 5551/12/3 5523/12/3 5550/12/3
f 5551/16/3 5524/16/3 5523/16/3
f 5552/16/3 5525/16/3 5551/16/3
f 5553/16/3 5525/16/3 5552/16/3
f 5554/9/3 5527/9/3 5526/9/3
f 5555/9/3 5527/9/3 5554/9/3
f 5556/6/3 5528/6/3 5527/6/3
f 5556/9/3 5527/9/3 5555/9/3
f 5557/9/3 5529/9/3 5528/9/3
f 5557/6/3 5528/6/3 5556/6/3
f 5558/9/3 5529/9/3 5557/9/3
f 5559/9/3 5529/9/3 5558/9/3
f 5560/6/3 5530/6/3 5529/6/3
f 5560/9/3 5529/9/3 5559/9/3
f 5561/9/3 5531/9/3 5530/9/3
f 5561/6/3 5530/6/3 5560/6/3
f 5562/9/3 5531/9/3 5561/9/3
f 5563/9/3 5531/9/3 5562/9/3
f 5564/6/3 5532/6/3 5531/6/3
f 5564/9/3 5531/9/3 5563/9/3
f 5565/9/3 5533/9/3 5532/9/3
f 5565/6/3 5532/6/3 5564/6/3
f 5566/9/3 5533/9/3 5565/9/3
f 5567/9/3 5533/9/3 5566/9/3
f 5592/11/3 5569/11/3 5568/11/3
f 5593/8/3 5570/8/3 5569/8/3
f 5593/11/3 5569/11/3 5592/11/3
f 5594/11/3 5571/11/3 5570/11/3
f 5594/8/3 5570/8/3 5593/8/3
f 5594/11/3 5572/11/3 5571/11/3
f 5595/8/3 5573/8/3 5572/8/3
f 5595/11/3 5572/11/3 5594/11/3
f 5596/11/3 5574/11/3 5573/11/3
f 5596/8/3 5573/8/3 5595/8/3
f 5596/11/3 5575/11/3 5574/11/3
f 5597/8/3 5576/8/3 5575/8/3
f 5597/11/3 5575/11/3 5596/11/3
f 5598/11/3 5577/11/3 5576/11/3
f 5598/8/3 5576/8/3 5597/8/3
f 5599/11/3 5577/11/3 5598/11/3
f 5610/9/3 5579/9/3 5578/9/3
f 5610/9/3 5580/9/3 5579/9/3
f 5611/6/3 5581/6/3 5580/6/3
f 5611/9/3 5580/9/3 5610/9/3
f 5612/9/3 5582/9/3 5581/9/3
f 5612/6/3 5581/6/3 5611/6/3
f 5612/9/3 5583/9/3 5582/9/3
f 5612/9/3 5584/9/3 5583/9/3
f 5613/6/3 5585/6/3 5584/6/3
f 5613/9/3 5584/9/3 5612/9/3
f 5614/9/3 5586/9/3 5585/9/3
f 5614/6/3 5585/6/3 5613/6/3
f 5614/9/3 5587/9/3 5586/9/3
f 5614/9/3 5588/9/3 5587/9/3
f 5615/6/3 5589/6/3 5588/6/3
f 5615/9/3 5588/9/3 5614/9/3
f 5616/9/3 5591/9/3 5590/9/3
f 5616/6/3 5589/6/3 5615/6/3
f 5616/9/3 5590/9/3 5589/9/3
f 5617/9/3 5591/9/3 5616/9/3
f 5628/16/3 5602/16/3 5601/16/3
f 5628/16/3 5601/16/3 5600/16/3
f 5629/16/3 5602/16/3 5628/16/3
f 5630/12/3 5603/12/3 5602/12/3
f 5630/16/3 5602/16/3 5629/16/3
f 5631/16/3 5604/16/3 5603/16/3
f 5631/12/3 5603/12/3 5630/12/3
f 5631/16/3 5605/16/3 5604/16/3
f 5631/16/3 5606/16/3 5605/16/3
f 5632/16/3 5606/16/3 5631/16/3
f 5633/16/3 5606/16/3 5632/16/3
f 5634/12/3 5607/12/3 5606/12/3
f 5634/16/3 5606/16/3 5633/16/3
f 5635/16/3 5609/16/3 5608/16/3
f 5635/12/3 5607/12/3 5634/12/3
f 5635/16/3 5608/16/3 5607/16/3
f 5636/16/3 5609/16/3 5635/16/3
f 5637/16/3 5609/16/3 5636/16/3
f 5644/12/3 5619/12/3 5618/12/3
f 5645/16/3 5620/16/3 5619/16/3
f 5645/12/3 5619/12/3 5644/12/3
f 5646/12/3 5621/12/3 5620/12/3
f 5646/16/3 5620/16/3 5645/16/3
f 5647/16/3 5622/16/3 5621/16/3
f 5647/12/3 5621/12/3 5646/12/3
f 5648/12/3 5623/12/3 5622/12/3
f 5648/16/3 5622/16/3 5647/16/3
f 5649/16/3 5624/16/3 5623/16/3
f 5649/12/3 5623/12/3 5648/12/3
f 5650/12/3 5625/12/3 5624/12/3
f 5650/16/3 5624/16/3 5649/16/3
f 5651/16/3 5626/16/3 5625/16/3
f 5651/12/3 5625/12/3 5650/12/3
f 5652/12/3 5627/12/3 5626/12/3
f 5652/16/3 5626/16/3 5651/16/3
f 5653/12/3 5627/12/3 5652/12/3
f 5654/10/3 5639/10/3 5638/10/3
f 5655/15/3 5640/15/3 5639/15/3
f 5655/10/3 5639/10/3 5654/10/3
f 5656/10/3 5641/10/3 5640/10/3
f 5656/15/3 5640/15/3 5655/15/3
f 5657/15/3 5642/15/3 5641/15/3
f 5657/10/3 5641/10/3 5656/10/3
f 5658/10/3 5643/10/3 5642/10/3
f 5658/15/3 5642/15/3 5657/15/3
f 5659/10/3 5643/10/3 5658/10/3
f 5676/12/3 5661/12/3 5660/12/3
f 5677/16/3 5662/16/3 5661/16/3
f 5677/12/3 5661/12/3 5676/12/3
f 5678/12/3 5663/12/3 5662/12/3
f 5678/16/3 5662/16/3 5677/16/3
f 5679/16/3 5664/16/3 5663/16/3
f 5679/12/3 5663/12/3 5678/12/3
f 5680/12/3 5665/12/3 5664/12/3
f 5680/16/3 5664/16/3 5679/16/3
f 5681/16/3 5666/16/3 5665/16/3
f 5681/12/3 5665/12/3 5680/12/3
f 5682/12/3 5667/12/3 5666/12/3
f 5682/16/3 5666/16/3 5681/16/3
f 5683/16/3 5668/16/3 5667/16/3
f 5683/12/3 5667/12/3 5682/12/3
f 5684/12/3 5669/12/3 5668/12/3
f 5684/16/3 5668/16/3 5683/16/3
f 5685/12/3 5669/12/3 5684/12/3
f 5686/10/3 5671/10/3 5670/10/3
f 5687/15/3 5672/15/3 5671/15/3
f 5687/10/3 5671/10/3 5686/10/3
f 5688/10/3 5673/10/3 5672/10/3
f 5688/15/3 5672/15/3 5687/15/3
f 5689/10/3 5673/10/3 5688/10/3
f 5690/10/3 5673/10/3 5689/10/3
f 5691/15/3 5674/15/3 5673/15/3
f 5691/10/3 5673/10/3 5690/10/3
f 5692/10/3 5675/10/3 5674/10/3
f 5692/15/3 5674/15/3 5691/15/3
f 5693/10/3 5675/10/3 5692/10/3
f 5694/10/3 5677/10/3 5676/10/3
f 5694/10/3 5678/10/3 5677/10/3
f 5694/10/3 5679/10/3 5678/10/3
f 5694/10/3 5680/10/3 5679/10/3
f 5694/10/3 5681/10/3 5680/10/3
f 5694/10/3 5682/10/3 5681/10/3
f 5694/10/3 5684/10/3 5683/10/3
f 5694/10/3 5683/10/3 5682/10/3
f 5694/10/3 5685/10/3 5684/10/3
f 5695/10/3 5685/10/3 5694/10/3
f 5696/10/3 5685/10/3 5695/10/3
f 5697/10/3 5685/10/3 5696/10/3
f 5698/11/3 5687/11/3 5686/11/3
f 5699/8/3 5688/8/3 5687/8/3
f 5699/11/3 5687/11/3 5698/11/3
f 5700/11/3 5689/11/3 5688/11/3
f 5700/8/3 5688/8/3 5699/8/3
f 5701/8/3 5690/8/3 5689/8/3
f 5701/11/3 5689/11/3 5700/11/3
f 5702/11/3 5691/11/3 5690/11/3
f 5702/8/3 5690/8/3 5701/8/3
f 5703/8/3 5692/8/3 5691/8/3
f 5703/11/3 5691/11/3 5702/11/3
f 5704/11/3 5693/11/3 5692/11/3
f 5704/8/3 5692/8/3 5703/8/3
f 5705/11/3 5693/11/3 5704/11/3
f 5717/9/3 5707/9/3 5706/9/3
f 5718/9/3 5707/9/3 5717/9/3
f 5719/6/3 5708/6/3 5707/6/3
f 5719/9/3 5707/9/3 5718/9/3
f 5719/6/3 5709/6/3 5708/6/3
f 5720/9/3 5710/9/3 5709/9/3
f 5720/6/3 5709/6/3 5719/6/3
f 5720/9/3 5711/9/3 5710/9/3
f 5720/9/3 5712/9/3 5711/9/3
f 5720/9/3 5714/9/3 5713/9/3
f 5720/9/3 5713/9/3 5712/9/3
f 5721/9/3 5714/9/3 5720/9/3
f 5722/9/3 5714/9/3 5721/9/3
f 5723/9/3 5714/9/3 5722/9/3
f 5724/9/3 5714/9/3 5723/9/3
f 5725/6/3 5715/6/3 5714/6/3
f 5725/9/3 5714/9/3 5724/9/3
f 5726/9/3 5716/9/3 5715/9/3
f 5726/6/3 5715/6/3 5725/6/3
f 5727/9/3 5716/9/3 5726/9/3
f 5728/9/3 5716/9/3 5727/9/3
f 5741/9/3 5730/9/3 5729/9/3
f 5741/9/3 5731/9/3 5730/9/3
f 5742/6/3 5732/6/3 5731/6/3
f 5742/9/3 5731/9/3 5741/9/3
f 5743/9/3 5733/9/3 5732/9/3
f 5743/6/3 5732/6/3 5742/6/3
f 5743/9/3 5734/9/3 5733/9/3
f 5743/9/3 5735/9/3 5734/9/3
f 5743/9/3 5737/9/3 5736/9/3
f 5743/9/3 5736/9/3 5735/9/3
f 5744/6/3 5738/6/3 5737/6/3
f 5744/9/3 5737/9/3 5743/9/3
f 5745/9/3 5740/9/3 5739/9/3
f 5745/6/3 5738/6/3 5744/6/3
f 5745/9/3 5739/9/3 5738/9/3
f 5746/9/3 5740/9/3 5745/9/3
f 5757/8/3 5748/8/3 5747/8/3
f 5758/11/3 5749/11/3 5748/11/3
f 5758/8/3 5748/8/3 5757/8/3
f 5759/11/3 5749/11/3 5758/11/3
f 5760/11/3 5749/11/3 5759/11/3
f 5761/11/3 5749/11/3 5760/11/3
f 5762/11/3 5749/11/3 5761/11/3
f 5763/8/3 5750/8/3 5749/8/3
f 5763/11/3 5749/11/3 5762/11/3
f 5764/8/3 5750/8/3 5763/8/3
f 5765/9/3 5756/9/3 5755/9/3
f 5765/9/3 5752/9/3 5751/9/3
f 5765/9/3 5753/9/3 5752/9/3
f 5765/9/3 5754/9/3 5753/9/3
f 5765/9/3 5755/9/3 5754/9/3
f 5766/9/3 5756/9/3 5765/9/3
f 5767/9/3 5756/9/3 5766/9/3
f 5768/9/3 5756/9/3 5767/9/3
f 5769/9/3 5756/9/3 5768/9/3
f 5770/9/3 5756/9/3 5769/9/3
f 5771/9/3 5756/9/3 5770/9/3
f 5772/9/3 5756/9/3 5771/9/3
f 5789/8/3 5774/8/3 5773/8/3
f 5790/11/3 5775/11/3 5774/11/3
f 5790/8/3 5774/8/3 5789/8/3
f 5790/11/3 5776/11/3 5775/11/3
f 5790/11/3 5777/11/3 5776/11/3
f 5790/11/3 5778/11/3 5777/11/3
f 5790/11/3 5779/11/3 5778/11/3
f 5791/11/3 5779/11/3 5790/11/3
f 5792/11/3 5779/11/3 5791/11/3
f 5793/11/3 5779/11/3 5792/11/3
f 5794/11/3 5779/11/3 5793/11/3
f 5795/11/3 5779/11/3 5794/11/3
f 5796/11/3 5779/11/3 5795/11/3
f 5797/8/3 5780/8/3 5779/8/3
f 5797/11/3 5779/11/3 5796/11/3
f 5798/8/3 5780/8/3 5797/8/3
f 5799/9/3 5788/9/3 5787/9/3
f 5799/9/3 5787/9/3 5786/9/3
f 5799/9/3 5786/9/3 5785/9/3
f 5799/9/3 5785/9/3 5784/9/3
f 5799/9/3 5784/9/3 5783/9/3
f 5799/9/3 5782/9/3 5781/9/3
f 5799/9/3 5783/9/3 5782/9/3
f 5800/9/3 5788/9/3 5799/9/3
f 5801/9/3 5788/9/3 5800/9/3
f 5802/9/3 5788/9/3 5801/9/3
f 5803/9/3 5788/9/3 5802/9/3
f 5804/9/3 5788/9/3 5803/9/3
f 5807/4/3 5806/4/3 5805/4/3
f 5808/4/3 5806/4/3 5807/4/3
f 5811/3/3 5810/3/3 5809/3/3
f 5812/3/3 5810/3/3 5811/3/3
f 5813/3/3 5810/3/3 5812/3/3
f 5814/3/3 5810/3/3 5813/3/3
f 5819/3/3 5816/3/3 5815/3/3
f 5819/3/3 5818/3/3 5817/3/3
f 5819/3/3 5817/3/3 5816/3/3
f 5820/3/3 5818/3/3 5819/3/3
f 5839/4/3 5822/4/3 5821/4/3
f 5839/2/3 5823/2/3 5822/2/3
f 5839/2/3 5824/2/3 5823/2/3
f 5840/2/3 5824/2/3 5839/2/3
f 5841/4/3 5825/4/3 5824/4/3
f 5841/2/3 5824/2/3 5840/2/3
f 5841/4/3 5826/4/3 5825/4/3
f 5842/4/3 5826/4/3 5841/4/3
f 5843/4/3 5828/4/3 5827/4/3
f 5843/4/3 5829/4/3 5828/4/3
f 5844/4/3 5829/4/3 5843/4/3
f 5845/2/3 5830/2/3 5829/2/3
f 5845/4/3 5829/4/3 5844/4/3
f 5845/2/3 5831/2/3 5830/2/3
f 5845/2/3 5832/2/3 5831/2/3
f 5846/2/3 5832/2/3 5845/2/3
f 5847/2/3 5836/2/3 5835/2/3
f 5847/4/3 5835/4/3 5834/4/3
f 5847/4/3 5834/4/3 5833/4/3
f 5848/4/3 5838/4/3 5837/4/3
f 5848/2/3 5836/2/3 5847/2/3
f 5848/4/3 5837/4/3 5836/4/3
f 5849/4/3 5840/4/3 5839/4/3
f 5849/4/3 5839/4/3 5821/4/3
f 5850/4/3 5840/4/3 5849/4/3
f 5851/2/3 5842/2/3 5841/2/3
f 5851/4/3 5840/4/3 5850/4/3
f 5851/2/3 5841/2/3 5840/2/3
f 5852/2/3 5842/2/3 5851/2/3
f 5853/4/3 5845/4/3 5844/4/3
f 5853/4/3 5846/4/3 5845/4/3
f 5853/2/3 5844/2/3 5843/2/3
f 5854/4/3 5846/4/3 5853/4/3
f 5855/4/3 5847/4/3 5833/4/3
f 5855/4/3 5848/4/3 5847/4/3
f 5856/4/3 5848/4/3 5855/4/3
f 5857/4/3 5838/4/3 5848/4/3
f 5857/4/3 5848/4/3 5856/4/3
f 5858/4/3 5838/4/3 5857/4/3
f 5859/4/3 5852/4/3 5851/4/3
f 5859/2/3 5850/2/3 5849/2/3
f 5859/4/3 5851/4/3 5850/4/3
f 5860/2/3 5842/2/3 5852/2/3
f 5860/4/3 5852/4/3 5859/4/3
f 5861/4/3 5846/4/3 5854/4/3
f 5861/2/3 5854/2/3 5853/2/3
f 5862/4/3 5846/4/3 5861/4/3
f 5863/4/3 5846/4/3 5862/4/3
f 5864/4/3 5846/4/3 5863/4/3
f 5865/2/3 5856/2/3 5855/2/3
f 5866/2/3 5856/2/3 5865/2/3
f 5867/4/3 5857/4/3 5856/4/3
f 5867/2/3 5856/2/3 5866/2/3
f 5868/4/3 5857/4/3 5867/4/3
f 5869/4/3 5857/4/3 5868/4/3
f 5870/2/3 5858/2/3 5857/2/3
f 5870/4/3 5857/4/3 5869/4/3
f 5871/2/3 5858/2/3 5870/2/3
f 5872/2/3 5859/2/3 5849/2/3
f 5872/2/3 5860/2/3 5859/2/3
f 5873/2/3 5853/2/3 5843/2/3
f 5873/2/3 5861/2/3 5853/2/3
f 5873/2/3 5862/2/3 5861/2/3
f 5874/4/3 5866/4/3 5865/4/3
f 5875/2/3 5860/2/3 5872/2/3
f 5876/2/3 5842/2/3 5860/2/3
f 5876/2/3 5860/2/3 5875/2/3
f 5877/2/3 5862/2/3 5873/2/3
f 5878/2/3 5862/2/3 5877/2/3
f 5879/4/3 5863/4/3 5862/4/3
f 5879/2/3 5862/2/3 5878/2/3
f 5880/4/3 5863/4/3 5879/4/3
f 5881/2/3 5864/2/3 5863/2/3
f 5881/4/3 5863/4/3 5880/4/3
f 5882/2/3 5864/2/3 5881/2/3
f 5883/4/3 5846/4/3 5864/4/3
f 5883/2/3 5864/2/3 5882/2/3
f 5884/4/3 5846/4/3 5883/4/3
f 5885/4/3 5866/4/3 5874/4/3
f 5885/2/3 5867/2/3 5866/2/3
f 5885/2/3 5868/2/3 5867/2/3
f 5886/2/3 5868/2/3 5885/2/3
f 5887/4/3 5869/4/3 5868/4/3
f 5887/2/3 5868/2/3 5886/2/3
f 5888/2/3 5870/2/3 5869/2/3
f 5888/4/3 5869/4/3 5887/4/3
f 5889/2/3 5875/2/3 5872/2/3
f 5890/4/3 5876/4/3 5875/4/3
f 5890/2/3 5875/2/3 5889/2/3
f 5891/4/3 5878/4/3 5877/4/3
f 5891/2/3 5880/2/3 5879/2/3
f 5891/2/3 5879/2/3 5878/2/3
f 5892/2/3 5880/2/3 5891/2/3
f 5893/4/3 5882/4/3 5881/4/3
f 5893/2/3 5880/2/3 5892/2/3
f 5893/4/3 5881/4/3 5880/4/3
f 5894/4/3 5882/4/3 5893/4/3
f 5895/2/3 5884/2/3 5883/2/3
f 5895/4/3 5882/4/3 5894/4/3
f 5895/2/3 5883/2/3 5882/2/3
f 5896/2/3 5884/2/3 5895/2/3
f 5897/4/3 5886/4/3 5885/4/3
f 5897/2/3 5887/2/3 5886/2/3
f 5897/2/3 5888/2/3 5887/2/3
f 5898/2/3 5870/2/3 5888/2/3
f 5898/2/3 5888/2/3 5897/2/3
f 5899/4/3 5871/4/3 5870/4/3
f 5899/2/3 5870/2/3 5898/2/3
f 5900/4/3 5871/4/3 5899/4/3
f 5901/4/3 5876/4/3 5890/4/3
f 5901/4/3 5890/4/3 5889/4/3
f 5902/4/3 5876/4/3 5901/4/3
f 5903/4/3 5892/4/3 5891/4/3
f 5903/2/3 5894/2/3 5893/2/3
f 5903/2/3 5893/2/3 5892/2/3
f 5904/2/3 5894/2/3 5903/2/3
f 5905/4/3 5896/4/3 5895/4/3
f 5905/2/3 5894/2/3 5904/2/3
f 5905/4/3 5895/4/3 5894/4/3
f 5906/4/3 5896/4/3 5905/4/3
f 5907/4/3 5897/4/3 5885/4/3
f 5907/4/3 5898/4/3 5897/4/3
f 5907/4/3 5885/4/3 5874/4/3
f 5908/4/3 5898/4/3 5907/4/3
f 5909/2/3 5900/2/3 5899/2/3
f 5909/4/3 5898/4/3 5908/4/3
f 5909/2/3 5899/2/3 5898/2/3
f 5910/2/3 5900/2/3 5909/2/3
f 5911/4/3 5871/4/3 5900/4/3
f 5911/2/3 5900/2/3 5910/2/3
f 5912/4/3 5871/4/3 5911/4/3
f 5913/4/3 5901/4/3 5889/4/3
f 5914/2/3 5902/2/3 5901/2/3
f 5914/4/3 5901/4/3 5913/4/3
f 5915/2/3 5902/2/3 5914/2/3
f 5916/2/3 5906/2/3 5905/2/3
f 5916/4/3 5904/4/3 5903/4/3
f 5916/2/3 5905/2/3 5904/2/3
f 5917/2/3 5906/2/3 5916/2/3
f 5918/4/3 5896/4/3 5906/4/3
f 5918/2/3 5906/2/3 5917/2/3
f 5919/4/3 5896/4/3 5918/4/3
f 5920/2/3 5908/2/3 5907/2/3
f 5921/4/3 5910/4/3 5909/4/3
f 5921/2/3 5908/2/3 5920/2/3
f 5921/4/3 5909/4/3 5908/4/3
f 5922/4/3 5913/4/3 5889/4/3
f 5923/2/3 5915/2/3 5914/2/3
f 5923/2/3 5914/2/3 5913/2/3
f 5924/2/3 5915/2/3 5923/2/3
f 5925/4/3 5917/4/3 5916/4/3
f 5925/4/3 5903/4/3 5891/4/3
f 5925/4/3 5891/4/3 5877/4/3
f 5925/4/3 5916/4/3 5903/4/3
f 5926/4/3 5921/4/3 5920/4/3
f 5927/4/3 5913/4/3 5922/4/3
f 5927/2/3 5923/2/3 5913/2/3
f 5928/4/3 5924/4/3 5923/4/3
f 5928/2/3 5923/2/3 5927/2/3
f 5929/2/3 5919/2/3 5918/2/3
f 5929/4/3 5917/4/3 5925/4/3
f 5929/2/3 5918/2/3 5917/2/3
f 5930/2/3 5919/2/3 5929/2/3
f 5931/4/3 5921/4/3 5926/4/3
f 5932/4/3 5910/4/3 5921/4/3
f 5932/4/3 5921/4/3 5931/4/3
f 5933/2/3 5912/2/3 5911/2/3
f 5933/4/3 5910/4/3 5932/4/3
f 5933/2/3 5911/2/3 5910/2/3
f 5934/2/3 5912/2/3 5933/2/3
f 5935/4/3 5927/4/3 5922/4/3
f 5935/4/3 5928/4/3 5927/4/3
f 5936/4/3 5928/4/3 5935/4/3
f 5937/4/3 5930/4/3 5929/4/3
f 5937/4/3 5929/4/3 5925/4/3
f 5938/4/3 5930/4/3 5937/4/3
f 5939/2/3 5919/2/3 5930/2/3
f 5939/4/3 5930/4/3 5938/4/3
f 5940/2/3 5919/2/3 5939/2/3
f 5941/4/3 5934/4/3 5933/4/3
f 5941/2/3 5932/2/3 5931/2/3
f 5941/4/3 5933/4/3 5932/4/3
f 5942/4/3 5934/4/3 5941/4/3
f 5943/2/3 5912/2/3 5934/2/3
f 5943/4/3 5934/4/3 5942/4/3
f 5944/2/3 5912/2/3 5943/2/3
f 5945/2/3 5936/2/3 5935/2/3
f 5946/4/3 5928/4/3 5936/4/3
f 5946/2/3 5936/2/3 5945/2/3
f 5947/4/3 5924/4/3 5928/4/3
f 5947/4/3 5928/4/3 5946/4/3
f 5948/2/3 5938/2/3 5937/2/3
f 5949/4/3 5940/4/3 5939/4/3
f 5949/2/3 5938/2/3 5948/2/3
f 5949/4/3 5939/4/3 5938/4/3
f 5950/4/3 5940/4/3 5949/4/3
f 5951/2/3 5942/2/3 5941/2/3
f 5951/2/3 5941/2/3 5931/2/3
f 5952/4/3 5944/4/3 5943/4/3
f 5952/2/3 5942/2/3 5951/2/3
f 5952/4/3 5943/4/3 5942/4/3
f 5953/4/3 5944/4/3 5952/4/3
f 5954/4/3 5946/4/3 5945/4/3
f 5955/2/3 5947/2/3 5946/2/3
f 5955/4/3 5946/4/3 5954/4/3
f 5956/2/3 5947/2/3 5955/2/3
f 5957/2/3 5950/2/3 5949/2/3
f 5957/2/3 5949/2/3 5948/2/3
f 5958/2/3 5950/2/3 5957/2/3
f 5959/2/3 5950/2/3 5958/2/3
f 5960/2/3 5950/2/3 5959/2/3
f 5961/2/3 5950/2/3 5960/2/3
f 5962/2/3 5952/2/3 5951/2/3
f 5962/2/3 5953/2/3 5952/2/3
f 5963/2/3 5953/2/3 5962/2/3
f 5964/2/3 5947/2/3 5956/2/3
f 5964/4/3 5956/4/3 5955/4/3
f 5964/4/3 5955/4/3 5954/4/3
f 5965/2/3 5947/2/3 5964/2/3
f 5966/2/3 5958/2/3 5957/2/3
f 5967/4/3 5959/4/3 5958/4/3
f 5967/2/3 5958/2/3 5966/2/3
f 5968/4/3 5959/4/3 5967/4/3
f 5969/2/3 5960/2/3 5959/2/3
f 5969/4/3 5959/4/3 5968/4/3
f 5970/2/3 5960/2/3 5969/2/3
f 5971/4/3 5961/4/3 5960/4/3
f 5971/2/3 5960/2/3 5970/2/3
f 5972/2/3 5953/2/3 5963/2/3
f 5972/4/3 5963/4/3 5962/4/3
f 5973/2/3 5953/2/3 5972/2/3
f 5974/4/3 5944/4/3 5953/4/3
f 5974/2/3 5953/2/3 5973/2/3
f 5975/4/3 5944/4/3 5974/4/3
f 5976/4/3 5968/4/3 5967/4/3
f 5976/4/3 5967/4/3 5966/4/3
f 5977/2/3 5970/2/3 5969/2/3
f 5977/4/3 5968/4/3 5976/4/3
f 5977/2/3 5969/2/3 5968/2/3
f 5978/4/3 5973/4/3 5972/4/3
f 5979/2/3 5975/2/3 5974/2/3
f 5979/4/3 5973/4/3 5978/4/3
f 5979/2/3 5974/2/3 5973/2/3
f 5980/2/3 5975/2/3 5979/2/3
f 5981/4/3 5944/4/3 5975/4/3
f 5982/4/3 5965/4/3 5964/4/3
f 5982/4/3 5964/4/3 5954/4/3
f 5983/4/3 5965/4/3 5982/4/3
f 5984/4/3 5965/4/3 5983/4/3
f 5985/4/3 5965/4/3 5984/4/3
f 5986/2/3 5977/2/3 5976/2/3
f 5987/2/3 5970/2/3 5977/2/3
f 5987/2/3 5977/2/3 5986/2/3
f 5988/4/3 5971/4/3 5970/4/3
f 5988/2/3 5970/2/3 5987/2/3
f 5989/4/3 5961/4/3 5971/4/3
f 5989/4/3 5971/4/3 5988/4/3
f 5990/4/3 5978/4/3 5972/4/3
f 5990/4/3 5972/4/3 5962/4/3
f 5991/2/3 5979/2/3 5978/2/3
f 5991/4/3 5978/4/3 5990/4/3
f 5992/4/3 5980/4/3 5979/4/3
f 5992/2/3 5979/2/3 5991/2/3
f 5993/2/3 5975/2/3 5980/2/3
f 5993/4/3 5980/4/3 5992/4/3
f 5994/2/3 5975/2/3 5993/2/3
f 5995/4/3 5983/4/3 5982/4/3
f 5996/2/3 5984/2/3 5983/2/3
f 5996/4/3 5983/4/3 5995/4/3
f 5997/4/3 5985/4/3 5984/4/3
f 5997/2/3 5984/2/3 5996/2/3
f 5998/4/3 5985/4/3 5997/4/3
f 5999/2/3 5987/2/3 5986/2/3
f 6000/4/3 5988/4/3 5987/4/3
f 6000/2/3 5987/2/3 5999/2/3
f 6000/4/3 5989/4/3 5988/4/3
f 6001/4/3 5992/4/3 5991/4/3
f 6001/4/3 5991/4/3 5990/4/3
f 6001/2/3 5975/2/3 5994/2/3
f 6001/4/3 5993/4/3 5992/4/3
f 6001/4/3 5994/4/3 5993/4/3
f 6002/2/3 5975/2/3 6001/2/3
f 6003/4/3 5981/4/3 5975/4/3
f 6003/2/3 5975/2/3 6002/2/3
f 6004/4/3 5981/4/3 6003/4/3
f 6005/2/3 5998/2/3 5997/2/3
f 6005/2/3 5996/2/3 5995/2/3
f 6005/2/3 5997/2/3 5996/2/3
f 6006/2/3 5998/2/3 6005/2/3
f 6007/4/3 5985/4/3 5998/4/3
f 6007/2/3 5998/2/3 6006/2/3
f 6008/4/3 5985/4/3 6007/4/3
f 6009/4/3 5989/4/3 6000/4/3
f 6009/4/3 6000/4/3 5999/4/3
f 6010/4/3 5989/4/3 6009/4/3
f 6011/4/3 6002/4/3 6001/4/3
f 6011/4/3 6001/4/3 5990/4/3
f 6012/4/3 6002/4/3 6011/4/3
f 6013/2/3 6004/2/3 6003/2/3
f 6013/4/3 6002/4/3 6012/4/3
f 6013/2/3 6003/2/3 6002/2/3
f 6014/2/3 6004/2/3 6013/2/3
f 6015/4/3 6006/4/3 6005/4/3
f 6015/2/3 6008/2/3 6007/2/3
f 6015/2/3 6007/2/3 6006/2/3
f 6016/2/3 6008/2/3 6015/2/3
f 6017/4/3 6014/4/3 6013/4/3
f 6017/2/3 6012/2/3 6011/2/3
f 6017/4/3 6013/4/3 6012/4/3
f 6018/4/3 6014/4/3 6017/4/3
f 6019/2/3 6004/2/3 6014/2/3
f 6019/4/3 6014/4/3 6018/4/3
f 6020/2/3 6004/2/3 6019/2/3
f 6021/4/3 6016/4/3 6015/4/3
f 6021/4/3 6015/4/3 6005/4/3
f 6022/4/3 6016/4/3 6021/4/3
f 6023/2/3 6008/2/3 6016/2/3
f 6023/4/3 6016/4/3 6022/4/3
f 6024/2/3 6008/2/3 6023/2/3
f 6025/4/3 6009/4/3 5999/4/3
f 6026/2/3 6010/2/3 6009/2/3
f 6026/4/3 6009/4/3 6025/4/3
f 6027/2/3 6010/2/3 6026/2/3
f 6028/2/3 6010/2/3 6027/2/3
f 6029/2/3 6018/2/3 6017/2/3
f 6029/2/3 6017/2/3 6011/2/3
f 6030/2/3 6018/2/3 6029/2/3
f 6031/4/3 6020/4/3 6019/4/3
f 6031/2/3 6018/2/3 6030/2/3
f 6031/4/3 6019/4/3 6018/4/3
f 6032/4/3 6020/4/3 6031/4/3
f 6033/2/3 6004/2/3 6020/2/3
f 6033/4/3 6020/4/3 6032/4/3
f 6034/2/3 6004/2/3 6033/2/3
f 6035/4/3 6021/4/3 6005/4/3
f 6036/4/3 6021/4/3 6035/4/3
f 6037/2/3 6022/2/3 6021/2/3
f 6037/4/3 6021/4/3 6036/4/3
f 6038/4/3 6024/4/3 6023/4/3
f 6038/2/3 6022/2/3 6037/2/3
f 6038/4/3 6023/4/3 6022/4/3
f 6039/4/3 6024/4/3 6038/4/3
f 6040/4/3 6025/4/3 5999/4/3
f 6041/2/3 6027/2/3 6026/2/3
f 6041/4/3 6025/4/3 6040/4/3
f 6041/2/3 6026/2/3 6025/2/3
f 6042/2/3 6027/2/3 6041/2/3
f 6043/4/3 6028/4/3 6027/4/3
f 6043/2/3 6027/2/3 6042/2/3
f 6044/2/3 6032/2/3 6031/2/3
f 6044/4/3 6030/4/3 6029/4/3
f 6044/2/3 6031/2/3 6030/2/3
f 6045/2/3 6032/2/3 6044/2/3
f 6046/4/3 6033/4/3 6032/4/3
f 6046/2/3 6032/2/3 6045/2/3
f 6046/4/3 6034/4/3 6033/4/3
f 6047/4/3 6034/4/3 6046/4/3
f 6048/4/3 6034/4/3 6047/4/3
f 6049/2/3 6036/2/3 6035/2/3
f 6050/4/3 6037/4/3 6036/4/3
f 6050/2/3 6036/2/3 6049/2/3
f 6050/4/3 6038/4/3 6037/4/3
f 6051/4/3 6038/4/3 6050/4/3
f 6052/2/3 6039/2/3 6038/2/3
f 6052/4/3 6038/4/3 6051/4/3
f 6053/4/3 6024/4/3 6039/4/3
f 6053/2/3 6039/2/3 6052/2/3
f 6054/4/3 6040/4/3 5999/4/3
f 6055/2/3 6042/2/3 6041/2/3
f 6055/4/3 6040/4/3 6054/4/3
f 6055/2/3 6041/2/3 6040/2/3
f 6056/2/3 6042/2/3 6055/2/3
f 6057/4/3 6043/4/3 6042/4/3
f 6057/2/3 6042/2/3 6056/2/3
f 6058/4/3 6043/4/3 6057/4/3
f 6059/4/3 6028/4/3 6043/4/3
f 6059/4/3 6043/4/3 6058/4/3
f 6060/4/3 6045/4/3 6044/4/3
f 6060/2/3 6046/2/3 6045/2/3
f 6060/2/3 6047/2/3 6046/2/3
f 6061/2/3 6047/2/3 6060/2/3
f 6062/2/3 6051/2/3 6050/2/3
f 6062/4/3 6050/4/3 6049/4/3
f 6063/2/3 6051/2/3 6062/2/3
f 6064/2/3 6056/2/3 6055/2/3
f 6064/2/3 6055/2/3 6054/2/3
f 6065/4/3 6058/4/3 6057/4/3
f 6065/2/3 6056/2/3 6064/2/3
f 6065/4/3 6057/4/3 6056/4/3
f 6066/2/3 6047/2/3 6061/2/3
f 6066/4/3 6048/4/3 6047/4/3
f 6067/4/3 6048/4/3 6066/4/3
f 6068/4/3 6062/4/3 6049/4/3
f 6068/4/3 6063/4/3 6062/4/3
f 6069/4/3 6063/4/3 6068/4/3
f 6070/2/3 6051/2/3 6063/2/3
f 6070/4/3 6063/4/3 6069/4/3
f 6071/4/3 6052/4/3 6051/4/3
f 6071/2/3 6051/2/3 6070/2/3
f 6071/4/3 6053/4/3 6052/4/3
f 6072/2/3 6064/2/3 6054/2/3
f 6073/4/3 6065/4/3 6064/4/3
f 6073/2/3 6064/2/3 6072/2/3
f 6074/4/3 6058/4/3 6065/4/3
f 6074/4/3 6065/4/3 6073/4/3
f 6074/2/3 6059/2/3 6058/2/3
f 6075/2/3 6059/2/3 6074/2/3
f 6076/2/3 6069/2/3 6068/2/3
f 6077/4/3 6070/4/3 6069/4/3
f 6077/2/3 6069/2/3 6076/2/3
f 6077/4/3 6071/4/3 6070/4/3
f 6078/4/3 6071/4/3 6077/4/3
f 6079/4/3 6053/4/3 6071/4/3
f 6079/4/3 6071/4/3 6078/4/3
f 6079/4/3 6024/4/3 6053/4/3
f 6080/4/3 6073/4/3 6072/4/3
f 6080/4/3 6075/4/3 6074/4/3
f 6080/4/3 6074/4/3 6073/4/3
f 6081/4/3 6075/4/3 6080/4/3
f 6082/4/3 6044/4/3 6029/4/3
f 6082/4/3 6061/4/3 6060/4/3
f 6082/4/3 6060/4/3 6044/4/3
f 6083/4/3 6061/4/3 6082/4/3
f 6084/2/3 6066/2/3 6061/2/3
f 6084/4/3 6061/4/3 6083/4/3
f 6084/2/3 6067/2/3 6066/2/3
f 6085/2/3 6067/2/3 6084/2/3
f 6086/2/3 6067/2/3 6085/2/3
f 6087/2/3 6079/2/3 6078/2/3
f 6088/2/3 6079/2/3 6087/2/3
f 6089/4/3 6075/4/3 6081/4/3
f 6089/2/3 6081/2/3 6080/2/3
f 6090/4/3 6075/4/3 6089/4/3
f 6091/4/3 6083/4/3 6082/4/3
f 6092/2/3 6084/2/3 6083/2/3
f 6092/4/3 6083/4/3 6091/4/3
f 6092/2/3 6085/2/3 6084/2/3
f 6093/2/3 6085/2/3 6092/2/3
f 6094/2/3 6085/2/3 6093/2/3
f 6095/2/3 6087/2/3 6078/2/3
f 6096/4/3 6088/4/3 6087/4/3
f 6096/2/3 6087/2/3 6095/2/3
f 6097/4/3 6088/4/3 6096/4/3
f 6098/4/3 6088/4/3 6097/4/3
f 6099/2/3 6090/2/3 6089/2/3
f 6099/2/3 6089/2/3 6080/2/3
f 6100/2/3 6090/2/3 6099/2/3
f 6101/4/3 6075/4/3 6090/4/3
f 6101/2/3 6090/2/3 6100/2/3
f 6102/4/3 6075/4/3 6101/4/3
f 6103/4/3 6091/4/3 6082/4/3
f 6104/2/3 6092/2/3 6091/2/3
f 6104/4/3 6091/4/3 6103/4/3
f 6104/2/3 6093/2/3 6092/2/3
f 6105/2/3 6093/2/3 6104/2/3
f 6106/4/3 6094/4/3 6093/4/3
f 6106/2/3 6093/2/3 6105/2/3
f 6107/4/3 6094/4/3 6106/4/3
f 6108/2/3 6085/2/3 6094/2/3
f 6108/4/3 6094/4/3 6107/4/3
f 6109/4/3 6078/4/3 6077/4/3
f 6109/4/3 6077/4/3 6076/4/3
f 6110/2/3 6095/2/3 6078/2/3
f 6110/4/3 6078/4/3 6109/4/3
f 6111/2/3 6098/2/3 6097/2/3
f 6111/4/3 6097/4/3 6096/4/3
f 6111/4/3 6096/4/3 6095/4/3
f 6112/2/3 6098/2/3 6111/2/3
f 6113/4/3 6100/4/3 6099/4/3
f 6113/2/3 6102/2/3 6101/2/3
f 6113/2/3 6101/2/3 6100/2/3
f 6114/2/3 6102/2/3 6113/2/3
f 6115/4/3 6075/4/3 6102/4/3
f 6115/2/3 6102/2/3 6114/2/3
f 6116/4/3 6075/4/3 6115/4/3
f 6117/4/3 6075/4/3 6116/4/3
f 6118/4/3 6075/4/3 6117/4/3
f 6119/4/3 6103/4/3 6082/4/3
f 6120/2/3 6105/2/3 6104/2/3
f 6120/4/3 6103/4/3 6119/4/3
f 6120/2/3 6104/2/3 6103/2/3
f 6121/2/3 6105/2/3 6120/2/3
f 6122/4/3 6107/4/3 6106/4/3
f 6122/2/3 6105/2/3 6121/2/3
f 6122/4/3 6106/4/3 6105/4/3
f 6123/4/3 6107/4/3 6122/4/3
f 6124/2/3 6108/2/3 6107/2/3
f 6124/4/3 6107/4/3 6123/4/3
f 6125/2/3 6085/2/3 6108/2/3
f 6125/2/3 6108/2/3 6124/2/3
f 6126/4/3 6086/4/3 6085/4/3
f 6126/2/3 6085/2/3 6125/2/3
f 6127/4/3 6112/4/3 6111/4/3
f 6127/2/3 6095/2/3 6110/2/3
f 6127/2/3 6110/2/3 6109/2/3
f 6127/4/3 6111/4/3 6095/4/3
f 6128/4/3 6112/4/3 6127/4/3
f 6129/4/3 6114/4/3 6113/4/3
f 6129/4/3 6113/4/3 6099/4/3
f 6130/2/3 6116/2/3 6115/2/3
f 6130/4/3 6114/4/3 6129/4/3
f 6130/2/3 6115/2/3 6114/2/3
f 6131/4/3 6117/4/3 6116/4/3
f 6131/2/3 6116/2/3 6130/2/3
f 6132/2/3 6118/2/3 6117/2/3
f 6132/4/3 6117/4/3 6131/4/3
f 6133/2/3 6121/2/3 6120/2/3
f 6133/2/3 6120/2/3 6119/2/3
f 6134/4/3 6123/4/3 6122/4/3
f 6134/2/3 6121/2/3 6133/2/3
f 6134/4/3 6122/4/3 6121/4/3
f 6135/4/3 6123/4/3 6134/4/3
f 6136/2/3 6124/2/3 6123/2/3
f 6136/4/3 6123/4/3 6135/4/3
f 6136/2/3 6125/2/3 6124/2/3
f 6137/4/3 6109/4/3 6076/4/3
f 6138/2/3 6128/2/3 6127/2/3
f 6138/4/3 6109/4/3 6137/4/3
f 6138/2/3 6127/2/3 6109/2/3
f 6139/2/3 6128/2/3 6138/2/3
f 6140/2/3 6131/2/3 6130/2/3
f 6140/2/3 6132/2/3 6131/2/3
f 6140/2/3 6130/2/3 6129/2/3
f 6141/2/3 6118/2/3 6132/2/3
f 6141/2/3 6132/2/3 6140/2/3
f 6142/2/3 6133/2/3 6119/2/3
f 6143/4/3 6135/4/3 6134/4/3
f 6143/2/3 6133/2/3 6142/2/3
f 6143/4/3 6134/4/3 6133/4/3
f 6144/4/3 6135/4/3 6143/4/3
f 6145/2/3 6136/2/3 6135/2/3
f 6145/4/3 6135/4/3 6144/4/3
f 6146/2/3 6125/2/3 6136/2/3
f 6146/2/3 6136/2/3 6145/2/3
f 6147/4/3 6126/4/3 6125/4/3
f 6147/2/3 6125/2/3 6146/2/3
f 6148/2/3 6138/2/3 6137/2/3
f 6149/4/3 6139/4/3 6138/4/3
f 6149/2/3 6138/2/3 6148/2/3
f 6150/2/3 6140/2/3 6129/2/3
f 6151/4/3 6141/4/3 6140/4/3
f 6151/2/3 6140/2/3 6150/2/3
f 6152/4/3 6141/4/3 6151/4/3
f 6153/4/3 6141/4/3 6152/4/3
f 6154/2/3 6142/2/3 6119/2/3
f 6154/4/3 6144/4/3 6143/4/3
f 6154/4/3 6143/4/3 6142/4/3
f 6155/4/3 6144/4/3 6154/4/3
f 6156/2/3 6145/2/3 6144/2/3
f 6156/4/3 6144/4/3 6155/4/3
f 6156/2/3 6146/2/3 6145/2/3
f 6157/4/3 6147/4/3 6146/4/3
f 6157/2/3 6146/2/3 6156/2/3
f 6158/4/3 6086/4/3 6126/4/3
f 6158/4/3 6147/4/3 6157/4/3
f 6158/4/3 6126/4/3 6147/4/3
f 6159/4/3 6086/4/3 6158/4/3
f 6160/4/3 6139/4/3 6149/4/3
f 6160/4/3 6149/4/3 6148/4/3
f 6161/4/3 6139/4/3 6160/4/3
f 6162/4/3 6139/4/3 6161/4/3
f 6163/4/3 6139/4/3 6162/4/3
f 6164/4/3 6152/4/3 6151/4/3
f 6164/4/3 6151/4/3 6150/4/3
f 6165/2/3 6153/2/3 6152/2/3
f 6165/4/3 6152/4/3 6164/4/3
f 6166/2/3 6155/2/3 6154/2/3
f 6166/2/3 6154/2/3 6119/2/3
f 6167/4/3 6157/4/3 6156/4/3
f 6167/2/3 6155/2/3 6166/2/3
f 6167/4/3 6156/4/3 6155/4/3
f 6167/4/3 6158/4/3 6157/4/3
f 6168/4/3 6158/4/3 6167/4/3
f 6169/2/3 6159/2/3 6158/2/3
f 6169/4/3 6158/4/3 6168/4/3
f 6170/2/3 6161/2/3 6160/2/3
f 6170/4/3 6160/4/3 6148/4/3
f 6171/4/3 6162/4/3 6161/4/3
f 6171/2/3 6161/2/3 6170/2/3
f 6172/2/3 6163/2/3 6162/2/3
f 6172/4/3 6162/4/3 6171/4/3
f 6173/4/3 6171/4/3 6170/4/3
f 6174/2/3 6172/2/3 6171/2/3
f 6174/4/3 6171/4/3 6173/4/3
f 6175/4/3 6164/4/3 6150/4/3
f 6176/2/3 6165/2/3 6164/2/3
f 6176/4/3 6164/4/3 6175/4/3
f 6177/2/3 6153/2/3 6165/2/3
f 6177/2/3 6165/2/3 6176/2/3
f 6178/2/3 6153/2/3 6177/2/3
f 6179/4/3 6168/4/3 6167/4/3
f 6179/4/3 6167/4/3 6166/4/3
f 6180/4/3 6168/4/3 6179/4/3
f 6181/4/3 6173/4/3 6170/4/3
f 6181/2/3 6174/2/3 6173/2/3
f 6182/2/3 6172/2/3 6174/2/3
f 6182/2/3 6174/2/3 6181/2/3
f 6182/2/3 6163/2/3 6172/2/3
f 6183/4/3 6175/4/3 6150/4/3
f 6184/2/3 6176/2/3 6175/2/3
f 6184/4/3 6175/4/3 6183/4/3
f 6184/2/3 6177/2/3 6176/2/3
f 6185/2/3 6177/2/3 6184/2/3
f 6186/4/3 6178/4/3 6177/4/3
f 6186/2/3 6177/2/3 6185/2/3
f 6187/2/3 6180/2/3 6179/2/3
f 6188/4/3 6168/4/3 6180/4/3
f 6188/2/3 6180/2/3 6187/2/3
f 6189/4/3 6168/4/3 6188/4/3
f 6190/2/3 6169/2/3 6168/2/3
f 6190/4/3 6168/4/3 6189/4/3
f 6191/2/3 6159/2/3 6169/2/3
f 6191/2/3 6169/2/3 6190/2/3
f 6192/2/3 6159/2/3 6191/2/3
f 6193/4/3 6181/4/3 6170/4/3
f 6193/4/3 6182/4/3 6181/4/3
f 6193/4/3 6170/4/3 6148/4/3
f 6194/4/3 6182/4/3 6193/4/3
f 6195/4/3 6183/4/3 6150/4/3
f 6196/4/3 6183/4/3 6195/4/3
f 6197/2/3 6185/2/3 6184/2/3
f 6197/4/3 6183/4/3 6196/4/3
f 6197/2/3 6184/2/3 6183/2/3
f 6198/2/3 6185/2/3 6197/2/3
f 6199/4/3 6186/4/3 6185/4/3
f 6199/2/3 6185/2/3 6198/2/3
f 6200/4/3 6186/4/3 6199/4/3
f 6201/4/3 6178/4/3 6186/4/3
f 6201/4/3 6186/4/3 6200/4/3
f 6202/4/3 6189/4/3 6188/4/3
f 6202/4/3 6188/4/3 6187/4/3
f 6203/4/3 6189/4/3 6202/4/3
f 6204/2/3 6191/2/3 6190/2/3
f 6204/4/3 6189/4/3 6203/4/3
f 6204/2/3 6190/2/3 6189/2/3
f 6205/2/3 6191/2/3 6204/2/3
f 6206/4/3 6192/4/3 6191/4/3
f 6206/2/3 6191/2/3 6205/2/3
f 6207/2/3 6194/2/3 6193/2/3
f 6208/4/3 6182/4/3 6194/4/3
f 6208/2/3 6194/2/3 6207/2/3
f 6209/4/3 6182/4/3 6208/4/3
f 6210/4/3 6196/4/3 6195/4/3
f 6211/2/3 6198/2/3 6197/2/3
f 6211/4/3 6196/4/3 6210/4/3
f 6211/2/3 6197/2/3 6196/2/3
f 6212/2/3 6198/2/3 6211/2/3
f 6213/4/3 6200/4/3 6199/4/3
f 6213/2/3 6198/2/3 6212/2/3
f 6213/4/3 6199/4/3 6198/4/3
f 6214/4/3 6200/4/3 6213/4/3
f 6215/2/3 6201/2/3 6200/2/3
f 6215/4/3 6200/4/3 6214/4/3
f 6216/2/3 6201/2/3 6215/2/3
f 6217/2/3 6201/2/3 6216/2/3
f 6218/4/3 6203/4/3 6202/4/3
f 6219/4/3 6203/4/3 6218/4/3
f 6220/2/3 6205/2/3 6204/2/3
f 6220/4/3 6203/4/3 6219/4/3
f 6220/2/3 6204/2/3 6203/2/3
f 6221/2/3 6205/2/3 6220/2/3
f 6222/2/3 6205/2/3 6221/2/3
f 6223/2/3 6209/2/3 6208/2/3
f 6223/2/3 6208/2/3 6207/2/3
f 6224/4/3 6217/4/3 6216/4/3
f 6225/2/3 6223/2/3 6207/2/3
f 6226/2/3 6223/2/3 6225/2/3
f 6227/2/3 6212/2/3 6211/2/3
f 6227/2/3 6211/2/3 6210/2/3
f 6228/4/3 6214/4/3 6213/4/3
f 6228/2/3 6212/2/3 6227/2/3
f 6228/4/3 6213/4/3 6212/4/3
f 6229/2/3 6215/2/3 6214/2/3
f 6229/4/3 6214/4/3 6228/4/3
f 6229/2/3 6216/2/3 6215/2/3
f 6230/4/3 6224/4/3 6216/4/3
f 6230/2/3 6216/2/3 6229/2/3
f 6231/2/3 6220/2/3 6219/2/3
f 6231/2/3 6221/2/3 6220/2/3
f 6232/4/3 6222/4/3 6221/4/3
f 6232/2/3 6221/2/3 6231/2/3
f 6233/2/3 6205/2/3 6222/2/3
f 6233/4/3 6222/4/3 6232/4/3
f 6234/4/3 6206/4/3 6205/4/3
f 6234/2/3 6205/2/3 6233/2/3
f 6235/4/3 6192/4/3 6206/4/3
f 6235/4/3 6206/4/3 6234/4/3
f 6236/2/3 6225/2/3 6207/2/3
f 6237/4/3 6226/4/3 6225/4/3
f 6237/2/3 6225/2/3 6236/2/3
f 6238/4/3 6226/4/3 6237/4/3
f 6239/2/3 6223/2/3 6226/2/3
f 6239/4/3 6226/4/3 6238/4/3
f 6240/2/3 6227/2/3 6210/2/3
f 6241/4/3 6228/4/3 6227/4/3
f 6241/2/3 6227/2/3 6240/2/3
f 6241/4/3 6229/4/3 6228/4/3
f 6241/4/3 6230/4/3 6229/4/3
f 6242/4/3 6219/4/3 6218/4/3
f 6242/2/3 6231/2/3 6219/2/3
f 6243/4/3 6232/4/3 6231/4/3
f 6243/2/3 6231/2/3 6242/2/3
f 6243/4/3 6234/4/3 6233/4/3
f 6243/4/3 6233/4/3 6232/4/3
f 6244/2/3 6235/2/3 6234/2/3
f 6245/4/3 6238/4/3 6237/4/3
f 6245/4/3 6237/4/3 6236/4/3
f 6246/2/3 6239/2/3 6238/2/3
f 6246/4/3 6238/4/3 6245/4/3
f 6247/2/3 6223/2/3 6239/2/3
f 6247/2/3 6239/2/3 6246/2/3
f 6248/2/3 6223/2/3 6247/2/3
f 6249/2/3 6240/2/3 6210/2/3
f 6250/4/3 6241/4/3 6240/4/3
f 6250/2/3 6240/2/3 6249/2/3
f 6251/4/3 6230/4/3 6241/4/3
f 6251/4/3 6241/4/3 6250/4/3
f 6252/4/3 6224/4/3 6230/4/3
f 6252/4/3 6230/4/3 6251/4/3
f 6253/4/3 6234/4/3 6243/4/3
f 6253/4/3 6243/4/3 6242/4/3
f 6254/2/3 6244/2/3 6234/2/3
f 6254/4/3 6234/4/3 6253/4/3
f 6255/4/3 6245/4/3 6236/4/3
f 6256/2/3 6246/2/3 6245/2/3
f 6256/4/3 6245/4/3 6255/4/3
f 6256/2/3 6247/2/3 6246/2/3
f 6257/2/3 6247/2/3 6256/2/3
f 6258/4/3 6248/4/3 6247/4/3
f 6258/2/3 6247/2/3 6257/2/3
f 6259/4/3 6248/4/3 6258/4/3
f 6260/4/3 6248/4/3 6259/4/3
f 6261/4/3 6250/4/3 6249/4/3
f 6261/4/3 6251/4/3 6250/4/3
f 6262/4/3 6251/4/3 6261/4/3
f 6263/2/3 6252/2/3 6251/2/3
f 6263/4/3 6251/4/3 6262/4/3
f 6264/2/3 6252/2/3 6263/2/3
f 6265/2/3 6252/2/3 6264/2/3
f 6266/2/3 6252/2/3 6265/2/3
f 6267/4/3 6242/4/3 6218/4/3
f 6267/4/3 6253/4/3 6242/4/3
f 6268/4/3 6253/4/3 6267/4/3
f 6269/2/3 6254/2/3 6253/2/3
f 6269/4/3 6253/4/3 6268/4/3
f 6270/2/3 6244/2/3 6254/2/3
f 6270/2/3 6254/2/3 6269/2/3
f 6271/2/3 6244/2/3 6270/2/3
f 6272/2/3 6244/2/3 6271/2/3
f 6273/3/4 6274/3/4 6275/3/4
f 6275/3/4 6274/3/4 6276/3/4
f 6276/3/4 6274/3/4 6277/3/4
f 6277/3/4 6274/3/4 6278/3/4
f 6279/1/4 6280/1/4 6285/1/4
f 6285/1/4 6280/1/4 6286/1/4
f 6281/1/4 6282/1/4 6287/1/4
f 6287/1/4 6282/1/4 6288/1/4
f 6283/1/4 6284/1/4 6289/1/4
f 6289/1/4 6284/1/4 6290/1/4
f 6291/1/4 6292/1/4 6297/1/4
f 6297/1/4 6292/1/4 6298/1/4
f 6293/1/4 6294/1/4 6299/1/4
f 6299/1/4 6294/1/4 6300/1/4
f 6295/1/4 6296/1/4 6301/1/4
f 6301/1/4 6296/1/4 6302/1/4
f 6303/3/4 6304/3/4 6308/3/4
f 6306/3/4 6307/3/4 6308/3/4
f 6305/3/4 6306/3/4 6308/3/4
f 6304/3/4 6305/3/4 6308/3/4
f 6308/3/4 6307/3/4 6309/3/4
f 6310/14/4 6311/14/4 6315/14/4
f 6311/14/4 6312/14/4 6315/14/4
f 6315/14/4 6312/14/4 6316/14/4
f 6313/9/4 6314/9/4 6317/9/4
f 6317/9/4 6314/9/4 6318/9/4
f 6315/7/4 6316/7/4 6319/7/4
f 6317/12/4 6318/12/4 6320/12/4
f 6319/7/4 6316/7/4 6321/7/4
f 6321/7/4 6316/7/4 6322/7/4
f 6320/12/4 6318/12/4 6323/12/4
f 6323/12/4 6318/12/4 6324/12/4
f 6325/14/4 6326/14/4 6327/14/4
f 6327/14/4 6326/14/4 6332/14/4
f 6332/14/4 6326/14/4 6333/14/4
f 6328/12/4 6329/12/4 6334/12/4
f 6334/12/4 6329/12/4 6335/12/4
f 6330/7/4 6331/7/4 6336/7/4
f 6336/7/4 6331/7/4 6337/7/4
f 6338/7/4 6339/7/4 6342/7/4
f 6342/7/4 6339/7/4 6345/7/4
f 6345/7/4 6339/7/4 6346/7/4
f 6340/14/4 6341/14/4 6347/14/4
f 6347/14/4 6341/14/4 6348/14/4
f 6343/14/4 6344/14/4 6349/14/4
f 6349/14/4 6344/14/4 6350/14/4
f 6351/9/4 6352/9/4 6353/9/4
f 6353/9/4 6352/9/4 6354/9/4
f 6354/9/4 6352/9/4 6355/9/4
f 6354/7/4 6355/7/4 6356/7/4
f 6356/7/4 6355/7/4 6357/7/4
f 6357/7/4 6355/7/4 6358/7/4
f 6359/10/4 6360/10/4 6361/10/4
f 6361/10/4 6360/10/4 6362/10/4
f 6362/10/4 6360/10/4 6363/10/4
f 6362/12/4 6363/12/4 6366/12/4
f 6366/12/4 6363/12/4 6367/12/4
f 6364/10/4 6365/10/4 6370/10/4
f 6370/10/4 6365/10/4 6371/10/4
f 6368/10/4 6369/10/4 6372/10/4
f 6372/10/4 6369/10/4 6373/10/4
f 6370/11/4 6371/11/4 6374/11/4
f 6374/11/4 6371/11/4 6375/11/4
f 6372/11/4 6373/11/4 6376/11/4
f 6376/11/4 6373/11/4 6377/11/4
f 6378/9/4 6379/9/4 6384/9/4
f 6384/9/4 6379/9/4 6385/9/4
f 6380/9/4 6381/9/4 6386/9/4
f 6386/9/4 6381/9/4 6387/9/4
f 6382/12/4 6383/12/4 6388/12/4
f 6388/12/4 6383/12/4 6389/12/4
f 6390/11/4 6391/11/4 6392/11/4
f 6392/11/4 6391/11/4 6393/11/4
f 6393/11/4 6391/11/4 6394/11/4
f 6393/14/4 6394/14/4 6397/14/4
f 6397/14/4 6394/14/4 6398/14/4
f 6395/12/4 6396/12/4 6401/12/4
f 6399/10/4 6400/10/4 6402/10/4
f 6401/12/4 6396/12/4 6403/12/4
f 6403/12/4 6396/12/4 6404/12/4
f 6403/10/4 6404/10/4 6405/10/4
f 6402/10/4 6400/10/4 6406/10/4
f 6405/10/4 6404/10/4 6407/10/4
f 6406/10/4 6400/10/4 6408/10/4
f 6407/10/4 6404/10/4 6409/10/4
f 6409/10/4 6404/10/4 6410/10/4
f 6410/10/4 6404/10/4 6411/10/4
f 6408/10/4 6400/10/4 6412/10/4
f 6412/10/4 6400/10/4 6413/10/4
f 6414/9/4 6415/9/4 6416/9/4
f 6416/9/4 6415/9/4 6417/9/4
f 6418/11/4 6419/11/4 6422/11/4
f 6420/9/4 6421/9/4 6423/9/4
f 6422/11/4 6419/11/4 6424/11/4
f 6424/11/4 6419/11/4 6425/11/4
f 6423/9/4 6421/9/4 6426/9/4
f 6426/9/4 6421/9/4 6427/9/4
f 6428/2/4 6429/2/4 6430/2/4
f 6430/2/4 6429/2/4 6431/2/4
f 6432/2/4 6433/2/4 6434/2/4
f 6434/2/4 6433/2/4 6435/2/4
f 6436/3/4 6437/3/4 6438/3/4
f 6438/3/4 6437/3/4 6439/3/4
f 6439/3/4 6437/3/4 6440/3/4
f 6440/3/4 6437/3/4 6441/3/4
f 6442/2/4 6443/2/4 6444/2/4
f 6444/2/4 6443/2/4 6445/2/4
f 6444/4/4 6445/4/4 6446/4/4
f 6446/4/4 6445/4/4 6447/4/4
f 6446/2/4 6447/2/4 6448/2/4
f 6448/2/4 6447/2/4 6449/2/4
f 6448/4/4 6449/4/4 6450/4/4
f 6450/4/4 6449/4/4 6451/4/4
f 6450/2/4 6451/2/4 6452/2/4
f 6452/2/4 6451/2/4 6453/2/4
f 6452/4/4 6453/4/4 6454/4/4
f 6454/4/4 6453/4/4 6455/4/4
f 6454/2/4 6455/2/4 6456/2/4
f 6456/2/4 6455/2/4 6457/2/4
f 6456/4/4 6457/4/4 6458/4/4
f 6458/4/4 6457/4/4 6459/4/4
f 6458/2/4 6459/2/4 6460/2/4
f 6460/2/4 6459/2/4 6461/2/4
f 6460/4/4 6461/4/4 6462/4/4
f 6462/4/4 6461/4/4 6463/4/4
f 6462/2/4 6463/2/4 6464/2/4
f 6464/2/4 6463/2/4 6465/2/4
f 6464/4/4 6465/4/4 6466/4/4
f 6466/4/4 6465/4/4 6472/4/4
f 6472/4/4 6465/4/4 6473/4/4
f 6467/1/4 6468/1/4 6474/1/4
f 6468/3/4 6469/3/4 6475/3/4
f 6474/1/4 6468/1/4 6475/1/4
f 6470/1/4 6471/1/4 6476/1/4
f 6475/3/4 6469/3/4 6476/3/4
f 6469/1/4 6470/1/4 6476/1/4
f 6476/1/4 6471/1/4 6477/1/4
f 6478/2/4 6479/2/4 6480/2/4
f 6480/2/4 6479/2/4 6481/2/4
f 6482/4/4 6483/4/4 6484/4/4
f 6484/4/4 6483/4/4 6485/4/4
f 6486/4/4 6487/4/4 6496/4/4
f 6496/4/4 6487/4/4 6497/4/4
f 6487/2/4 6488/2/4 6498/2/4
f 6497/4/4 6487/4/4 6498/4/4
f 6498/2/4 6488/2/4 6499/2/4
f 6488/4/4 6489/4/4 6500/4/4
f 6499/2/4 6488/2/4 6500/2/4
f 6489/2/4 6490/2/4 6501/2/4
f 6500/4/4 6489/4/4 6501/4/4
f 6490/4/4 6491/4/4 6502/4/4
f 6501/2/4 6490/2/4 6502/2/4
f 6491/2/4 6492/2/4 6503/2/4
f 6502/4/4 6491/4/4 6503/4/4
f 6503/2/4 6492/2/4 6504/2/4
f 6492/4/4 6493/4/4 6505/4/4
f 6504/2/4 6492/2/4 6505/2/4
f 6493/2/4 6494/2/4 6506/2/4
f 6505/4/4 6493/4/4 6506/4/4
f 6494/4/4 6495/4/4 6507/4/4
f 6506/2/4 6494/2/4 6507/2/4
f 6507/4/4 6495/4/4 6508/4/4
f 6508/4/4 6509/4/4 6510/4/4
f 6510/4/4 6509/4/4 6511/4/4
f 6512/2/4 6513/2/4 6514/2/4
f 6514/2/4 6513/2/4 6515/2/4
f 6514/4/4 6515/4/4 6516/4/4
f 6516/4/4 6515/4/4 6517/4/4
f 6517/4/4 6515/4/4 6518/4/4
f 6517/2/4 6518/2/4 6519/2/4
f 6519/2/4 6518/2/4 6520/2/4
f 6520/2/4 6518/2/4 6521/2/4
f 6520/4/4 6521/4/4 6522/4/4
f 6522/4/4 6521/4/4 6523/4/4
f 6522/2/4 6523/2/4 6524/2/4
f 6524/2/4 6523/2/4 6525/2/4
f 6524/4/4 6525/4/4 6526/4/4
f 6526/4/4 6525/4/4 6527/4/4
f 6526/2/4 6527/2/4 6528/2/4
f 6528/2/4 6527/2/4 6529/2/4
f 6528/4/4 6529/4/4 6530/4/4
f 6530/4/4 6529/4/4 6531/4/4
f 6530/2/4 6531/2/4 6532/2/4
f 6532/2/4 6531/2/4 6533/2/4
f 6533/2/4 6531/2/4 6534/2/4
f 6533/4/4 6534/4/4 6535/4/4
f 6535/4/4 6534/4/4 6536/4/4
f 6536/4/4 6534/4/4 6537/4/4
f 6536/2/4 6537/2/4 6538/2/4
f 6538/2/4 6537/2/4 6539/2/4
f 6538/4/4 6539/4/4 6540/4/4
f 6540/4/4 6539/4/4 6541/4/4
f 6540/2/4 6541/2/4 6542/2/4
f 6542/2/4 6541/2/4 6543/2/4
f 6543/2/4 6541/2/4 6544/2/4
f 6543/4/4 6544/4/4 6545/4/4
f 6545/4/4 6544/4/4 6546/4/4
f 6546/4/4 6544/4/4 6547/4/4
f 6548/4/4 6549/4/4 6570/4/4
f 6570/4/4 6549/4/4 6571/4/4
f 6550/4/4 6551/4/4 6572/4/4
f 6551/2/4 6552/2/4 6573/2/4
f 6572/4/4 6551/4/4 6573/4/4
f 6552/2/4 6553/2/4 6573/2/4
f 6553/4/4 6554/4/4 6574/4/4
f 6573/2/4 6553/2/4 6574/2/4
f 6554/4/4 6555/4/4 6574/4/4
f 6555/2/4 6556/2/4 6575/2/4
f 6574/4/4 6555/4/4 6575/4/4
f 6556/4/4 6557/4/4 6576/4/4
f 6575/2/4 6556/2/4 6576/2/4
f 6557/4/4 6558/4/4 6576/4/4
f 6558/4/4 6559/4/4 6576/4/4
f 6559/2/4 6560/2/4 6577/2/4
f 6576/4/4 6559/4/4 6577/4/4
f 6560/2/4 6561/2/4 6577/2/4
f 6561/4/4 6562/4/4 6578/4/4
f 6577/2/4 6561/2/4 6578/2/4
f 6562/4/4 6563/4/4 6578/4/4
f 6564/4/4 6565/4/4 6578/4/4
f 6563/4/4 6564/4/4 6578/4/4
f 6565/2/4 6566/2/4 6579/2/4
f 6578/4/4 6565/4/4 6579/4/4
f 6568/4/4 6569/4/4 6580/4/4
f 6579/2/4 6566/2/4 6580/2/4
f 6569/4/4 6570/4/4 6580/4/4
f 6567/4/4 6568/4/4 6580/4/4
f 6566/4/4 6567/4/4 6580/4/4
f 6580/4/4 6570/4/4 6581/4/4
f 6582/4/4 6583/4/4 6588/4/4
f 6583/2/4 6584/2/4 6588/2/4
f 6588/2/4 6584/2/4 6589/2/4
f 6584/4/4 6585/4/4 6590/4/4
f 6589/2/4 6584/2/4 6590/2/4
f 6590/4/4 6585/4/4 6591/4/4
f 6591/4/4 6585/4/4 6592/4/4
f 6585/2/4 6586/2/4 6593/2/4
f 6592/4/4 6585/4/4 6593/4/4
f 6593/2/4 6586/2/4 6594/2/4
f 6586/4/4 6587/4/4 6595/4/4
f 6594/2/4 6586/2/4 6595/2/4
f 6595/4/4 6587/4/4 6596/4/4
f 6596/4/4 6587/4/4 6597/4/4
f 6597/4/4 6587/4/4 6598/4/4
f 6598/4/4 6587/4/4 6599/4/4
f 6588/4/4 6589/4/4 6601/4/4
f 6589/2/4 6590/2/4 6601/2/4
f 6590/2/4 6591/2/4 6601/2/4
f 6601/2/4 6591/2/4 6602/2/4
f 6591/4/4 6592/4/4 6603/4/4
f 6602/2/4 6591/2/4 6603/2/4
f 6603/4/4 6592/4/4 6604/4/4
f 6592/2/4 6593/2/4 6605/2/4
f 6604/4/4 6592/4/4 6605/4/4
f 6593/4/4 6594/4/4 6606/4/4
f 6605/2/4 6593/2/4 6606/2/4
f 6606/4/4 6594/4/4 6607/4/4
f 6607/4/4 6594/4/4 6608/4/4
f 6594/2/4 6595/2/4 6609/2/4
f 6608/4/4 6594/4/4 6609/4/4
f 6595/2/4 6596/2/4 6609/2/4
f 6609/2/4 6596/2/4 6610/2/4
f 6596/4/4 6597/4/4 6611/4/4
f 6610/2/4 6596/2/4 6611/2/4
f 6611/4/4 6597/4/4 6612/4/4
f 6612/4/4 6597/4/4 6613/4/4
f 6613/4/4 6597/4/4 6614/4/4
f 6597/2/4 6598/2/4 6615/2/4
f 6614/4/4 6597/4/4 6615/4/4
f 6599/4/4 6600/4/4 6616/4/4
f 6615/2/4 6598/2/4 6616/2/4
f 6598/4/4 6599/4/4 6616/4/4
f 6616/4/4 6600/4/4 6617/4/4
f 6617/4/4 6600/4/4 6618/4/4
f 6618/4/4 6600/4/4 6619/4/4
f 6619/4/4 6600/4/4 6620/4/4
f 6601/4/4 6602/4/4 6621/4/4
f 6582/4/4 6588/4/4 6621/4/4
f 6588/4/4 6601/4/4 6621/4/4
f 6621/4/4 6602/4/4 6622/4/4
f 6603/2/4 6604/2/4 6623/2/4
f 6622/4/4 6602/4/4 6623/4/4
f 6602/2/4 6603/2/4 6623/2/4
f 6623/2/4 6604/2/4 6624/2/4
f 6604/4/4 6605/4/4 6625/4/4
f 6624/2/4 6604/2/4 6625/2/4
f 6606/4/4 6607/4/4 6625/4/4
f 6605/4/4 6606/4/4 6625/4/4
f 6607/2/4 6608/2/4 6626/2/4
f 6625/4/4 6607/4/4 6626/4/4
f 6609/4/4 6610/4/4 6627/4/4
f 6626/2/4 6608/2/4 6627/2/4
f 6608/4/4 6609/4/4 6627/4/4
f 6627/4/4 6610/4/4 6628/4/4
f 6610/2/4 6611/2/4 6629/2/4
f 6628/4/4 6610/4/4 6629/4/4
f 6611/2/4 6612/2/4 6629/2/4
f 6612/4/4 6613/4/4 6630/4/4
f 6629/2/4 6612/2/4 6630/2/4
f 6630/4/4 6613/4/4 6631/4/4
f 6613/2/4 6614/2/4 6632/2/4
f 6631/4/4 6613/4/4 6632/4/4
f 6614/4/4 6615/4/4 6633/4/4
f 6617/2/4 6618/2/4 6633/2/4
f 6616/4/4 6617/4/4 6633/4/4
f 6615/4/4 6616/4/4 6633/4/4
f 6618/4/4 6619/4/4 6634/4/4
f 6633/2/4 6618/2/4 6634/2/4
f 6634/4/4 6619/4/4 6635/4/4
f 6635/4/4 6619/4/4 6636/4/4
f 6619/2/4 6620/2/4 6637/2/4
f 6620/4/4 6600/4/4 6638/4/4
f 6637/2/4 6620/2/4 6638/2/4
f 6638/4/4 6600/4/4 6639/4/4
f 6619/2/4 6637/2/4 6640/2/4
f 6637/4/4 6638/4/4 6640/4/4
f 6638/2/4 6639/2/4 6641/2/4
f 6640/4/4 6638/4/4 6641/4/4
f 6621/2/4 6622/2/4 6642/2/4
f 6582/4/4 6621/4/4 6642/4/4
f 6623/4/4 6624/4/4 6643/4/4
f 6642/2/4 6622/2/4 6643/2/4
f 6622/4/4 6623/4/4 6643/4/4
f 6624/2/4 6625/2/4 6644/2/4
f 6643/4/4 6624/4/4 6644/4/4
f 6625/2/4 6626/2/4 6644/2/4
f 6627/2/4 6628/2/4 6644/2/4
f 6626/2/4 6627/2/4 6644/2/4
f 6644/2/4 6628/2/4 6645/2/4
f 6628/4/4 6629/4/4 6646/4/4
f 6645/2/4 6628/2/4 6646/2/4
f 6630/4/4 6631/4/4 6646/4/4
f 6629/4/4 6630/4/4 6646/4/4
f 6646/4/4 6631/4/4 6647/4/4
f 6647/4/4 6631/4/4 6648/4/4
f 6648/4/4 6631/4/4 6649/4/4
f 6631/2/4 6632/2/4 6650/2/4
f 6649/4/4 6631/4/4 6650/4/4
f 6632/2/4 6614/2/4 6651/2/4
f 6650/2/4 6632/2/4 6651/2/4
f 6614/4/4 6633/4/4 6652/4/4
f 6651/2/4 6614/2/4 6652/2/4
f 6633/4/4 6634/4/4 6652/4/4
f 6634/4/4 6635/4/4 6652/4/4
f 6652/4/4 6635/4/4 6653/4/4
f 6635/2/4 6636/2/4 6654/2/4
f 6653/4/4 6635/4/4 6654/4/4
f 6636/4/4 6619/4/4 6655/4/4
f 6654/2/4 6636/2/4 6655/2/4
f 6655/4/4 6619/4/4 6656/4/4
f 6619/2/4 6640/2/4 6657/2/4
f 6656/4/4 6619/4/4 6657/4/4
f 6640/2/4 6641/2/4 6657/2/4
f 6641/2/4 6639/2/4 6658/2/4
f 6657/2/4 6641/2/4 6658/2/4
f 6658/2/4 6639/2/4 6659/2/4
f 6644/4/4 6645/4/4 6660/4/4
f 6643/4/4 6644/4/4 6660/4/4
f 6642/4/4 6643/4/4 6660/4/4
f 6660/4/4 6645/4/4 6661/4/4
f 6646/2/4 6647/2/4 6662/2/4
f 6661/4/4 6645/4/4 6662/4/4
f 6645/2/4 6646/2/4 6662/2/4
f 6662/2/4 6647/2/4 6663/2/4
f 6647/4/4 6648/4/4 6664/4/4
f 6663/2/4 6647/2/4 6664/2/4
f 6648/2/4 6649/2/4 6665/2/4
f 6664/4/4 6648/4/4 6665/4/4
f 6649/4/4 6650/4/4 6666/4/4
f 6665/2/4 6649/2/4 6666/2/4
f 6650/4/4 6651/4/4 6666/4/4
f 6666/4/4 6651/4/4 6667/4/4
f 6652/2/4 6653/2/4 6668/2/4
f 6667/4/4 6651/4/4 6668/4/4
f 6651/2/4 6652/2/4 6668/2/4
f 6668/2/4 6653/2/4 6669/2/4
f 6653/4/4 6654/4/4 6670/4/4
f 6669/2/4 6653/2/4 6670/2/4
f 6655/4/4 6656/4/4 6670/4/4
f 6654/4/4 6655/4/4 6670/4/4
f 6670/4/4 6656/4/4 6671/4/4
f 6671/4/4 6656/4/4 6672/4/4
f 6656/2/4 6657/2/4 6673/2/4
f 6672/4/4 6656/4/4 6673/4/4
f 6657/2/4 6658/2/4 6673/2/4
f 6673/2/4 6658/2/4 6674/2/4
f 6658/4/4 6659/4/4 6675/4/4
f 6674/2/4 6658/2/4 6675/2/4
f 6642/4/4 6660/4/4 6676/4/4
f 6660/2/4 6661/2/4 6677/2/4
f 6676/4/4 6660/4/4 6677/4/4
f 6661/4/4 6662/4/4 6678/4/4
f 6677/2/4 6661/2/4 6678/2/4
f 6662/4/4 6663/4/4 6678/4/4
f 6664/2/4 6665/2/4 6679/2/4
f 6678/4/4 6663/4/4 6679/4/4
f 6666/2/4 6667/2/4 6679/2/4
f 6665/2/4 6666/2/4 6679/2/4
f 6663/2/4 6664/2/4 6679/2/4
f 6668/4/4 6669/4/4 6680/4/4
f 6679/2/4 6667/2/4 6680/2/4
f 6667/4/4 6668/4/4 6680/4/4
f 6680/4/4 6669/4/4 6681/4/4
f 6681/4/4 6669/4/4 6682/4/4
f 6682/4/4 6669/4/4 6683/4/4
f 6670/2/4 6671/2/4 6684/2/4
f 6683/4/4 6669/4/4 6684/4/4
f 6669/2/4 6670/2/4 6684/2/4
f 6684/2/4 6671/2/4 6685/2/4
f 6671/4/4 6672/4/4 6686/4/4
f 6685/2/4 6671/2/4 6686/2/4
f 6686/4/4 6672/4/4 6687/4/4
f 6687/4/4 6672/4/4 6688/4/4
f 6673/2/4 6674/2/4 6689/2/4
f 6688/4/4 6672/4/4 6689/4/4
f 6672/2/4 6673/2/4 6689/2/4
f 6689/2/4 6674/2/4 6690/2/4
f 6674/4/4 6675/4/4 6691/4/4
f 6690/2/4 6674/2/4 6691/2/4
f 6675/4/4 6659/4/4 6692/4/4
f 6691/4/4 6675/4/4 6692/4/4
f 6582/4/4 6642/4/4 6693/4/4
f 6642/4/4 6676/4/4 6693/4/4
f 6677/2/4 6678/2/4 6694/2/4
f 6693/4/4 6676/4/4 6694/4/4
f 6678/2/4 6679/2/4 6694/2/4
f 6676/2/4 6677/2/4 6694/2/4
f 6679/2/4 6680/2/4 6694/2/4
f 6680/2/4 6681/2/4 6694/2/4
f 6694/2/4 6681/2/4 6695/2/4
f 6695/2/4 6681/2/4 6696/2/4
f 6681/4/4 6682/4/4 6697/4/4
f 6696/2/4 6681/2/4 6697/2/4
f 6697/4/4 6682/4/4 6698/4/4
f 6682/2/4 6683/2/4 6699/2/4
f 6698/4/4 6682/4/4 6699/4/4
f 6699/2/4 6683/2/4 6700/2/4
f 6684/4/4 6685/4/4 6701/4/4
f 6700/2/4 6683/2/4 6701/2/4
f 6683/4/4 6684/4/4 6701/4/4
f 6701/4/4 6685/4/4 6702/4/4
f 6686/2/4 6687/2/4 6703/2/4
f 6702/4/4 6685/4/4 6703/4/4
f 6685/2/4 6686/2/4 6703/2/4
f 6703/2/4 6687/2/4 6704/2/4
f 6687/4/4 6688/4/4 6705/4/4
f 6704/2/4 6687/2/4 6705/2/4
f 6688/2/4 6689/2/4 6706/2/4
f 6705/4/4 6688/4/4 6706/4/4
f 6689/4/4 6690/4/4 6707/4/4
f 6691/2/4 6692/2/4 6708/2/4
f 6707/4/4 6690/4/4 6708/4/4
f 6690/2/4 6691/2/4 6708/2/4
f 6693/2/4 6694/2/4 6709/2/4
f 6694/2/4 6695/2/4 6709/2/4
f 6695/4/4 6696/4/4 6710/4/4
f 6709/2/4 6695/2/4 6710/2/4
f 6710/4/4 6696/4/4 6711/4/4
f 6711/4/4 6696/4/4 6712/4/4
f 6697/2/4 6698/2/4 6713/2/4
f 6712/4/4 6696/4/4 6713/4/4
f 6696/2/4 6697/2/4 6713/2/4
f 6713/2/4 6698/2/4 6714/2/4
f 6699/4/4 6700/4/4 6715/4/4
f 6714/2/4 6698/2/4 6715/2/4
f 6698/4/4 6699/4/4 6715/4/4
f 6715/4/4 6700/4/4 6716/4/4
f 6701/2/4 6702/2/4 6717/2/4
f 6716/4/4 6700/4/4 6717/4/4
f 6700/2/4 6701/2/4 6717/2/4
f 6717/2/4 6702/2/4 6718/2/4
f 6703/4/4 6704/4/4 6719/4/4
f 6718/2/4 6702/2/4 6719/2/4
f 6702/4/4 6703/4/4 6719/4/4
f 6719/4/4 6704/4/4 6720/4/4
f 6704/2/4 6705/2/4 6721/2/4
f 6720/4/4 6704/4/4 6721/4/4
f 6705/2/4 6706/2/4 6721/2/4
f 6706/2/4 6689/2/4 6722/2/4
f 6721/2/4 6706/2/4 6722/2/4
f 6689/4/4 6707/4/4 6723/4/4
f 6722/2/4 6689/2/4 6723/2/4
f 6723/4/4 6707/4/4 6724/4/4
f 6707/2/4 6708/2/4 6725/2/4
f 6724/4/4 6707/4/4 6725/4/4
f 6708/2/4 6692/2/4 6726/2/4
f 6725/2/4 6708/2/4 6726/2/4
f 6692/4/4 6659/4/4 6727/4/4
f 6726/2/4 6692/2/4 6727/2/4
f 6727/4/4 6659/4/4 6728/4/4
f 6725/4/4 6726/4/4 6729/4/4
f 6724/4/4 6725/4/4 6729/4/4
f 6727/2/4 6728/2/4 6729/2/4
f 6726/2/4 6727/2/4 6729/2/4
f 6729/2/4 6728/2/4 6730/2/4
f 6582/4/4 6693/4/4 6731/4/4
f 6693/2/4 6709/2/4 6731/2/4
f 6710/4/4 6711/4/4 6732/4/4
f 6731/2/4 6709/2/4 6732/2/4
f 6709/4/4 6710/4/4 6732/4/4
f 6732/4/4 6711/4/4 6733/4/4
f 6733/4/4 6711/4/4 6734/4/4
f 6711/2/4 6712/2/4 6735/2/4
f 6734/4/4 6711/4/4 6735/4/4
f 6713/4/4 6714/4/4 6736/4/4
f 6735/2/4 6712/2/4 6736/2/4
f 6712/4/4 6713/4/4 6736/4/4
f 6715/2/4 6716/2/4 6737/2/4
f 6736/4/4 6714/4/4 6737/4/4
f 6714/2/4 6715/2/4 6737/2/4
f 6737/2/4 6716/2/4 6738/2/4
f 6717/4/4 6718/4/4 6739/4/4
f 6738/2/4 6716/2/4 6739/2/4
f 6716/4/4 6717/4/4 6739/4/4
f 6739/4/4 6718/4/4 6740/4/4
f 6719/2/4 6720/2/4 6741/2/4
f 6740/4/4 6718/4/4 6741/4/4
f 6718/2/4 6719/2/4 6741/2/4
f 6741/2/4 6720/2/4 6742/2/4
f 6721/4/4 6722/4/4 6743/4/4
f 6742/2/4 6720/2/4 6743/2/4
f 6720/4/4 6721/4/4 6743/4/4
f 6743/4/4 6722/4/4 6744/4/4
f 6722/2/4 6723/2/4 6745/2/4
f 6744/4/4 6722/4/4 6745/4/4
f 6723/2/4 6724/2/4 6745/2/4
f 6745/2/4 6724/2/4 6746/2/4
f 6729/4/4 6730/4/4 6747/4/4
f 6746/2/4 6724/2/4 6747/2/4
f 6724/4/4 6729/4/4 6747/4/4
f 6747/4/4 6730/4/4 6748/4/4
f 6730/2/4 6728/2/4 6749/2/4
f 6748/4/4 6730/4/4 6749/4/4
f 6749/2/4 6728/2/4 6750/2/4
f 6731/4/4 6732/4/4 6751/4/4
f 6732/4/4 6733/4/4 6751/4/4
f 6733/2/4 6734/2/4 6752/2/4
f 6751/4/4 6733/4/4 6752/4/4
f 6739/2/4 6740/2/4 6753/2/4
f 6737/4/4 6738/4/4 6753/4/4
f 6734/4/4 6735/4/4 6753/4/4
f 6735/4/4 6736/4/4 6753/4/4
f 6738/2/4 6739/2/4 6753/2/4
f 6736/4/4 6737/4/4 6753/4/4
f 6753/2/4 6740/2/4 6754/2/4
f 6741/4/4 6742/4/4 6755/4/4
f 6754/2/4 6740/2/4 6755/2/4
f 6740/4/4 6741/4/4 6755/4/4
f 6755/4/4 6742/4/4 6756/4/4
f 6743/2/4 6744/2/4 6757/2/4
f 6756/4/4 6742/4/4 6757/4/4
f 6742/2/4 6743/2/4 6757/2/4
f 6745/4/4 6746/4/4 6758/4/4
f 6757/2/4 6744/2/4 6758/2/4
f 6744/4/4 6745/4/4 6758/4/4
f 6747/2/4 6748/2/4 6759/2/4
f 6748/4/4 6749/4/4 6759/4/4
f 6746/2/4 6747/2/4 6759/2/4
f 6749/4/4 6750/4/4 6759/4/4
f 6759/4/4 6750/4/4 6760/4/4
f 6752/2/4 6734/2/4 6761/2/4
f 6751/2/4 6752/2/4 6761/2/4
f 6753/4/4 6754/4/4 6762/4/4
f 6761/2/4 6734/2/4 6762/2/4
f 6734/4/4 6753/4/4 6762/4/4
f 6760/4/4 6750/4/4 6763/4/4
f 6750/2/4 6728/2/4 6763/2/4
f 6763/2/4 6728/2/4 6764/2/4
f 6731/4/4 6751/4/4 6765/4/4
f 6765/4/4 6751/4/4 6766/4/4
f 6751/2/4 6761/2/4 6767/2/4
f 6766/4/4 6751/4/4 6767/4/4
f 6761/4/4 6762/4/4 6768/4/4
f 6767/2/4 6761/2/4 6768/2/4
f 6762/4/4 6754/4/4 6769/4/4
f 6768/4/4 6762/4/4 6769/4/4
f 6754/2/4 6755/2/4 6769/2/4
f 6755/2/4 6756/2/4 6769/2/4
f 6769/2/4 6756/2/4 6770/2/4
f 6757/4/4 6758/4/4 6771/4/4
f 6770/2/4 6756/2/4 6771/2/4
f 6756/4/4 6757/4/4 6771/4/4
f 6758/4/4 6746/4/4 6772/4/4
f 6771/4/4 6758/4/4 6772/4/4
f 6759/2/4 6760/2/4 6773/2/4
f 6772/4/4 6746/4/4 6773/4/4
f 6746/2/4 6759/2/4 6773/2/4
f 6773/2/4 6760/2/4 6774/2/4
f 6760/4/4 6763/4/4 6775/4/4
f 6774/2/4 6760/2/4 6775/2/4
f 6763/4/4 6764/4/4 6775/4/4
f 6775/4/4 6764/4/4 6776/4/4
f 6731/4/4 6765/4/4 6777/4/4
f 6582/4/4 6731/4/4 6777/4/4
f 6765/2/4 6766/2/4 6778/2/4
f 6777/4/4 6765/4/4 6778/4/4
f 6767/4/4 6768/4/4 6779/4/4
f 6778/2/4 6766/2/4 6779/2/4
f 6769/4/4 6770/4/4 6779/4/4
f 6766/4/4 6767/4/4 6779/4/4
f 6768/4/4 6769/4/4 6779/4/4
f 6779/4/4 6770/4/4 6780/4/4
f 6780/4/4 6770/4/4 6781/4/4
f 6781/4/4 6770/4/4 6782/4/4
f 6770/2/4 6771/2/4 6783/2/4
f 6782/4/4 6770/4/4 6783/4/4
f 6771/2/4 6772/2/4 6783/2/4
f 6783/2/4 6772/2/4 6784/2/4
f 6772/4/4 6773/4/4 6785/4/4
f 6784/2/4 6772/2/4 6785/2/4
f 6773/4/4 6774/4/4 6785/4/4
f 6785/4/4 6774/4/4 6786/4/4
f 6774/2/4 6775/2/4 6787/2/4
f 6786/4/4 6774/4/4 6787/4/4
f 6775/2/4 6776/2/4 6787/2/4
f 6787/2/4 6776/2/4 6788/2/4
f 6777/2/4 6778/2/4 6789/2/4
f 6778/2/4 6779/2/4 6789/2/4
f 6779/2/4 6780/2/4 6789/2/4
f 6780/4/4 6781/4/4 6790/4/4
f 6789/2/4 6780/2/4 6790/2/4
f 6781/2/4 6782/2/4 6791/2/4
f 6790/4/4 6781/4/4 6791/4/4
f 6783/4/4 6784/4/4 6792/4/4
f 6791/2/4 6782/2/4 6792/2/4
f 6782/4/4 6783/4/4 6792/4/4
f 6785/2/4 6786/2/4 6793/2/4
f 6792/4/4 6784/4/4 6793/4/4
f 6784/2/4 6785/2/4 6793/2/4
f 6793/2/4 6786/2/4 6794/2/4
f 6794/2/4 6786/2/4 6795/2/4
f 6786/4/4 6787/4/4 6796/4/4
f 6795/2/4 6786/2/4 6796/2/4
f 6787/4/4 6788/4/4 6796/4/4
f 6796/4/4 6788/4/4 6797/4/4
f 6788/2/4 6776/2/4 6798/2/4
f 6797/4/4 6788/4/4 6798/4/4
f 6798/2/4 6776/2/4 6799/2/4
f 6789/4/4 6790/4/4 6800/4/4
f 6791/2/4 6792/2/4 6800/2/4
f 6790/2/4 6791/2/4 6800/2/4
f 6793/2/4 6794/2/4 6800/2/4
f 6792/2/4 6793/2/4 6800/2/4
f 6800/2/4 6794/2/4 6801/2/4
f 6801/2/4 6794/2/4 6802/2/4
f 6802/2/4 6794/2/4 6803/2/4
f 6803/2/4 6794/2/4 6804/2/4
f 6794/4/4 6795/4/4 6805/4/4
f 6804/2/4 6794/2/4 6805/2/4
f 6796/2/4 6797/2/4 6806/2/4
f 6805/4/4 6795/4/4 6806/4/4
f 6795/2/4 6796/2/4 6806/2/4
f 6806/2/4 6797/2/4 6807/2/4
f 6777/2/4 6789/2/4 6808/2/4
f 6582/4/4 6777/4/4 6808/4/4
f 6789/4/4 6800/4/4 6809/4/4
f 6808/2/4 6789/2/4 6809/2/4
f 6800/4/4 6801/4/4 6809/4/4
f 6801/2/4 6802/2/4 6810/2/4
f 6809/4/4 6801/4/4 6810/4/4
f 6810/2/4 6802/2/4 6811/2/4
f 6811/2/4 6802/2/4 6812/2/4
f 6802/4/4 6803/4/4 6813/4/4
f 6812/2/4 6802/2/4 6813/2/4
f 6813/4/4 6803/4/4 6814/4/4
f 6803/2/4 6804/2/4 6815/2/4
f 6814/4/4 6803/4/4 6815/4/4
f 6815/2/4 6804/2/4 6816/2/4
f 6804/4/4 6805/4/4 6817/4/4
f 6816/2/4 6804/2/4 6817/2/4
f 6806/4/4 6807/4/4 6817/4/4
f 6805/4/4 6806/4/4 6817/4/4
f 6807/2/4 6797/2/4 6818/2/4
f 6817/4/4 6807/4/4 6818/4/4
f 6818/2/4 6797/2/4 6819/2/4
f 6798/4/4 6799/4/4 6820/4/4
f 6819/2/4 6797/2/4 6820/2/4
f 6797/4/4 6798/4/4 6820/4/4
f 6820/4/4 6799/4/4 6821/4/4
f 6799/2/4 6776/2/4 6822/2/4
f 6821/4/4 6799/4/4 6822/4/4
f 6776/4/4 6764/4/4 6823/4/4
f 6822/2/4 6776/2/4 6823/2/4
f 6811/2/4 6812/2/4 6824/2/4
f 6808/4/4 6809/4/4 6824/4/4
f 6809/4/4 6810/4/4 6824/4/4
f 6810/4/4 6811/4/4 6824/4/4
f 6813/4/4 6814/4/4 6825/4/4
f 6824/2/4 6812/2/4 6825/2/4
f 6812/4/4 6813/4/4 6825/4/4
f 6825/4/4 6814/4/4 6826/4/4
f 6815/2/4 6816/2/4 6827/2/4
f 6826/4/4 6814/4/4 6827/4/4
f 6814/2/4 6815/2/4 6827/2/4
f 6816/4/4 6817/4/4 6828/4/4
f 6818/4/4 6819/4/4 6828/4/4
f 6817/4/4 6818/4/4 6828/4/4
f 6820/2/4 6821/2/4 6829/2/4
f 6828/4/4 6819/4/4 6829/4/4
f 6819/2/4 6820/2/4 6829/2/4
f 6829/2/4 6821/2/4 6830/2/4
f 6825/4/4 6826/4/4 6831/4/4
f 6824/4/4 6825/4/4 6831/4/4
f 6808/4/4 6824/4/4 6831/4/4
f 6831/4/4 6826/4/4 6832/4/4
f 6832/4/4 6826/4/4 6833/4/4
f 6833/4/4 6826/4/4 6834/4/4
f 6834/4/4 6826/4/4 6835/4/4
f 6826/2/4 6827/2/4 6836/2/4
f 6835/4/4 6826/4/4 6836/4/4
f 6827/2/4 6816/2/4 6837/2/4
f 6836/2/4 6827/2/4 6837/2/4
f 6816/4/4 6828/4/4 6838/4/4
f 6837/2/4 6816/2/4 6838/2/4
f 6828/2/4 6829/2/4 6839/2/4
f 6838/4/4 6828/4/4 6839/4/4
f 6829/4/4 6830/4/4 6840/4/4
f 6839/2/4 6829/2/4 6840/2/4
f 6830/2/4 6821/2/4 6841/2/4
f 6840/4/4 6830/4/4 6841/4/4
f 6841/2/4 6821/2/4 6842/2/4
f 6582/4/4 6808/4/4 6843/4/4
f 6808/4/4 6831/4/4 6843/4/4
f 6831/2/4 6832/2/4 6844/2/4
f 6843/4/4 6831/4/4 6844/4/4
f 6832/4/4 6833/4/4 6845/4/4
f 6844/2/4 6832/2/4 6845/2/4
f 6833/2/4 6834/2/4 6846/2/4
f 6845/4/4 6833/4/4 6846/4/4
f 6834/4/4 6835/4/4 6847/4/4
f 6846/2/4 6834/2/4 6847/2/4
f 6847/4/4 6835/4/4 6848/4/4
f 6848/4/4 6835/4/4 6849/4/4
f 6836/2/4 6837/2/4 6850/2/4
f 6849/4/4 6835/4/4 6850/4/4
f 6835/2/4 6836/2/4 6850/2/4
f 6850/2/4 6837/2/4 6851/2/4
f 6839/4/4 6840/4/4 6852/4/4
f 6851/2/4 6837/2/4 6852/2/4
f 6838/4/4 6839/4/4 6852/4/4
f 6837/4/4 6838/4/4 6852/4/4
f 6841/4/4 6842/4/4 6852/4/4
f 6840/4/4 6841/4/4 6852/4/4
f 6852/4/4 6842/4/4 6853/4/4
f 6853/4/4 6842/4/4 6854/4/4
f 6842/2/4 6821/2/4 6855/2/4
f 6854/4/4 6842/4/4 6855/4/4
f 6855/2/4 6821/2/4 6856/2/4
f 6821/4/4 6822/4/4 6857/4/4
f 6856/2/4 6821/2/4 6857/2/4
f 6822/4/4 6823/4/4 6857/4/4
f 6823/4/4 6764/4/4 6858/4/4
f 6857/4/4 6823/4/4 6858/4/4
f 6847/2/4 6848/2/4 6859/2/4
f 6845/2/4 6846/2/4 6859/2/4
f 6846/2/4 6847/2/4 6859/2/4
f 6844/2/4 6845/2/4 6859/2/4
f 6843/2/4 6844/2/4 6859/2/4
f 6859/2/4 6848/2/4 6860/2/4
f 6848/4/4 6849/4/4 6861/4/4
f 6860/2/4 6848/2/4 6861/2/4
f 6850/2/4 6851/2/4 6862/2/4
f 6861/4/4 6849/4/4 6862/4/4
f 6849/2/4 6850/2/4 6862/2/4
f 6852/4/4 6853/4/4 6863/4/4
f 6862/2/4 6851/2/4 6863/2/4
f 6851/4/4 6852/4/4 6863/4/4
f 6863/4/4 6853/4/4 6864/4/4
f 6853/2/4 6854/2/4 6865/2/4
f 6864/4/4 6853/4/4 6865/4/4
f 6855/4/4 6856/4/4 6866/4/4
f 6865/2/4 6854/2/4 6866/2/4
f 6854/4/4 6855/4/4 6866/4/4
f 6866/4/4 6856/4/4 6867/4/4
f 6857/2/4 6858/2/4 6868/2/4
f 6867/4/4 6856/4/4 6868/4/4
f 6856/2/4 6857/2/4 6868/2/4
f 6868/2/4 6858/2/4 6869/2/4
f 6858/4/4 6764/4/4 6870/4/4
f 6870/4/4 6764/4/4 6871/4/4
f 6859/4/4 6860/4/4 6872/4/4
f 6860/2/4 6861/2/4 6872/2/4
f 6861/2/4 6862/2/4 6872/2/4
f 6872/2/4 6862/2/4 6873/2/4
f 6866/2/4 6867/2/4 6874/2/4
f 6864/2/4 6865/2/4 6874/2/4
f 6865/2/4 6866/2/4 6874/2/4
f 6867/4/4 6868/4/4 6874/4/4
f 6868/4/4 6869/4/4 6874/4/4
f 6874/4/4 6869/4/4 6875/4/4
f 6869/2/4 6858/2/4 6876/2/4
f 6875/4/4 6869/4/4 6876/4/4
f 6876/2/4 6858/2/4 6877/2/4
f 6843/2/4 6859/2/4 6878/2/4
f 6582/4/4 6843/4/4 6878/4/4
f 6872/4/4 6873/4/4 6879/4/4
f 6878/2/4 6859/2/4 6879/2/4
f 6859/4/4 6872/4/4 6879/4/4
f 6879/4/4 6873/4/4 6880/4/4
f 6880/4/4 6873/4/4 6881/4/4
f 6873/2/4 6862/2/4 6882/2/4
f 6881/4/4 6873/4/4 6882/4/4
f 6862/4/4 6863/4/4 6883/4/4
f 6882/2/4 6862/2/4 6883/2/4
f 6863/4/4 6864/4/4 6883/4/4
f 6883/4/4 6864/4/4 6884/4/4
f 6874/2/4 6875/2/4 6885/2/4
f 6884/4/4 6864/4/4 6885/4/4
f 6864/2/4 6874/2/4 6885/2/4
f 6885/2/4 6875/2/4 6886/2/4
f 6886/2/4 6875/2/4 6887/2/4
f 6875/4/4 6876/4/4 6888/4/4
f 6887/2/4 6875/2/4 6888/2/4
f 6876/4/4 6877/4/4 6888/4/4
f 6888/4/4 6877/4/4 6889/4/4
f 6877/2/4 6858/2/4 6890/2/4
f 6889/4/4 6877/4/4 6890/4/4
f 6890/2/4 6858/2/4 6891/2/4
f 6858/4/4 6870/4/4 6892/4/4
f 6891/2/4 6858/2/4 6892/2/4
f 6870/2/4 6871/2/4 6893/2/4
f 6892/4/4 6870/4/4 6893/4/4
f 6879/4/4 6880/4/4 6894/4/4
f 6878/4/4 6879/4/4 6894/4/4
f 6894/4/4 6880/4/4 6895/4/4
f 6880/2/4 6881/2/4 6896/2/4
f 6895/4/4 6880/4/4 6896/4/4
f 6883/4/4 6884/4/4 6897/4/4
f 6896/2/4 6881/2/4 6897/2/4
f 6881/4/4 6882/4/4 6897/4/4
f 6882/4/4 6883/4/4 6897/4/4
f 6897/4/4 6884/4/4 6898/4/4
f 6898/4/4 6884/4/4 6899/4/4
f 6885/2/4 6886/2/4 6900/2/4
f 6899/4/4 6884/4/4 6900/4/4
f 6884/2/4 6885/2/4 6900/2/4
f 6900/2/4 6886/2/4 6901/2/4
f 6886/4/4 6887/4/4 6902/4/4
f 6901/2/4 6886/2/4 6902/2/4
f 6902/4/4 6887/4/4 6903/4/4
f 6903/4/4 6887/4/4 6904/4/4
f 6888/2/4 6889/2/4 6905/2/4
f 6904/4/4 6887/4/4 6905/4/4
f 6887/2/4 6888/2/4 6905/2/4
f 6905/2/4 6889/2/4 6906/2/4
f 6890/4/4 6891/4/4 6907/4/4
f 6906/2/4 6889/2/4 6907/2/4
f 6889/4/4 6890/4/4 6907/4/4
f 6907/4/4 6891/4/4 6908/4/4
f 6891/2/4 6892/2/4 6909/2/4
f 6908/4/4 6891/4/4 6909/4/4
f 6892/2/4 6893/2/4 6909/2/4
f 6909/2/4 6893/2/4 6910/2/4
f 6582/4/4 6878/4/4 6911/4/4
f 6878/4/4 6894/4/4 6911/4/4
f 6911/4/4 6894/4/4 6912/4/4
f 6894/2/4 6895/2/4 6913/2/4
f 6912/4/4 6894/4/4 6913/4/4
f 6895/4/4 6896/4/4 6914/4/4
f 6913/2/4 6895/2/4 6914/2/4
f 6896/4/4 6897/4/4 6914/4/4
f 6914/4/4 6897/4/4 6915/4/4
f 6897/2/4 6898/2/4 6916/2/4
f 6915/4/4 6897/4/4 6916/4/4
f 6898/4/4 6899/4/4 6917/4/4
f 6916/2/4 6898/2/4 6917/2/4
f 6917/4/4 6899/4/4 6918/4/4
f 6900/2/4 6901/2/4 6919/2/4
f 6918/4/4 6899/4/4 6919/4/4
f 6899/2/4 6900/2/4 6919/2/4
f 6919/2/4 6901/2/4 6920/2/4
f 6902/4/4 6903/4/4 6921/4/4
f 6920/2/4 6901/2/4 6921/2/4
f 6901/4/4 6902/4/4 6921/4/4
f 6921/4/4 6903/4/4 6922/4/4
f 6903/2/4 6904/2/4 6923/2/4
f 6922/4/4 6903/4/4 6923/4/4
f 6905/4/4 6906/4/4 6924/4/4
f 6923/2/4 6904/2/4 6924/2/4
f 6904/4/4 6905/4/4 6924/4/4
f 6924/4/4 6906/4/4 6925/4/4
f 6907/2/4 6908/2/4 6926/2/4
f 6925/4/4 6906/4/4 6926/4/4
f 6906/2/4 6907/2/4 6926/2/4
f 6926/2/4 6908/2/4 6927/2/4
f 6912/4/4 6913/4/4 6928/4/4
f 6911/2/4 6912/2/4 6928/2/4
f 6913/4/4 6914/4/4 6928/4/4
f 6928/4/4 6914/4/4 6929/4/4
f 6914/2/4 6915/2/4 6930/2/4
f 6929/4/4 6914/4/4 6930/4/4
f 6930/2/4 6915/2/4 6931/2/4
f 6917/4/4 6918/4/4 6932/4/4
f 6915/4/4 6916/4/4 6932/4/4
f 6916/4/4 6917/4/4 6932/4/4
f 6919/2/4 6920/2/4 6933/2/4
f 6932/4/4 6918/4/4 6933/4/4
f 6918/2/4 6919/2/4 6933/2/4
f 6933/2/4 6920/2/4 6934/2/4
f 6921/4/4 6922/4/4 6935/4/4
f 6934/2/4 6920/2/4 6935/2/4
f 6920/4/4 6921/4/4 6935/4/4
f 6927/2/4 6908/2/4 6936/2/4
f 6909/4/4 6910/4/4 6936/4/4
f 6908/4/4 6909/4/4 6936/4/4
f 6910/2/4 6893/2/4 6937/2/4
f 6936/4/4 6910/4/4 6937/4/4
f 6937/2/4 6893/2/4 6938/2/4
f 6893/2/4 6871/2/4 6939/2/4
f 6938/2/4 6893/2/4 6939/2/4
f 6930/4/4 6931/4/4 6940/4/4
f 6928/2/4 6929/2/4 6940/2/4
f 6929/4/4 6930/4/4 6940/4/4
f 6940/4/4 6931/4/4 6941/4/4
f 6931/2/4 6915/2/4 6942/2/4
f 6941/4/4 6931/4/4 6942/4/4
f 6915/4/4 6932/4/4 6943/4/4
f 6942/2/4 6915/2/4 6943/2/4
f 6943/4/4 6932/4/4 6944/4/4
f 6933/2/4 6934/2/4 6945/2/4
f 6944/4/4 6932/4/4 6945/4/4
f 6932/2/4 6933/2/4 6945/2/4
f 6945/2/4 6934/2/4 6946/2/4
f 6934/4/4 6935/4/4 6947/4/4
f 6946/2/4 6934/2/4 6947/2/4
f 6924/2/4 6925/2/4 6948/2/4
f 6947/4/4 6935/4/4 6948/4/4
f 6935/4/4 6922/4/4 6948/4/4
f 6922/2/4 6923/2/4 6948/2/4
f 6923/2/4 6924/2/4 6948/2/4
f 6926/4/4 6927/4/4 6949/4/4
f 6948/2/4 6925/2/4 6949/2/4
f 6925/4/4 6926/4/4 6949/4/4
f 6928/2/4 6940/2/4 6950/2/4
f 6940/2/4 6941/2/4 6950/2/4
f 6911/2/4 6928/2/4 6950/2/4
f 6582/4/4 6911/4/4 6950/4/4
f 6950/2/4 6941/2/4 6951/2/4
f 6951/2/4 6941/2/4 6952/2/4
f 6943/4/4 6944/4/4 6953/4/4
f 6952/2/4 6941/2/4 6953/2/4
f 6942/4/4 6943/4/4 6953/4/4
f 6941/4/4 6942/4/4 6953/4/4
f 6953/4/4 6944/4/4 6954/4/4
f 6944/2/4 6945/2/4 6955/2/4
f 6954/4/4 6944/4/4 6955/4/4
f 6945/2/4 6946/2/4 6955/2/4
f 6946/4/4 6947/4/4 6956/4/4
f 6955/2/4 6946/2/4 6956/2/4
f 6947/4/4 6948/4/4 6956/4/4
f 6948/4/4 6949/4/4 6956/4/4
f 6956/4/4 6949/4/4 6957/4/4
f 6949/4/4 6927/4/4 6958/4/4
f 6957/4/4 6949/4/4 6958/4/4
f 6927/2/4 6936/2/4 6959/2/4
f 6958/4/4 6927/4/4 6959/4/4
f 6937/2/4 6938/2/4 6959/2/4
f 6936/2/4 6937/2/4 6959/2/4
f 6959/2/4 6938/2/4 6960/2/4
f 6938/4/4 6939/4/4 6961/4/4
f 6960/2/4 6938/2/4 6961/2/4
f 6954/2/4 6955/2/4 6962/2/4
f 6956/2/4 6957/2/4 6962/2/4
f 6955/2/4 6956/2/4 6962/2/4
f 6962/2/4 6957/2/4 6963/2/4
f 6957/4/4 6958/4/4 6964/4/4
f 6963/2/4 6957/2/4 6964/2/4
f 6964/4/4 6958/4/4 6965/4/4
f 6965/4/4 6958/4/4 6966/4/4
f 6959/2/4 6960/2/4 6967/2/4
f 6966/4/4 6958/4/4 6967/4/4
f 6958/2/4 6959/2/4 6967/2/4
f 6967/2/4 6960/2/4 6968/2/4
f 6968/2/4 6960/2/4 6969/2/4
f 6954/2/4 6962/2/4 6970/2/4
f 6962/4/4 6963/4/4 6971/4/4
f 6970/2/4 6962/2/4 6971/2/4
f 6971/4/4 6963/4/4 6972/4/4
f 6972/4/4 6963/4/4 6973/4/4
f 6964/2/4 6965/2/4 6974/2/4
f 6973/4/4 6963/4/4 6974/4/4
f 6963/2/4 6964/2/4 6974/2/4
f 6974/2/4 6965/2/4 6975/2/4
f 6965/4/4 6966/4/4 6976/4/4
f 6975/2/4 6965/2/4 6976/2/4
f 6976/4/4 6966/4/4 6977/4/4
f 6977/4/4 6966/4/4 6978/4/4
f 6966/2/4 6967/2/4 6979/2/4
f 6978/4/4 6966/4/4 6979/4/4
f 6967/2/4 6968/2/4 6979/2/4
f 6979/2/4 6968/2/4 6980/2/4
f 6968/4/4 6969/4/4 6981/4/4
f 6980/2/4 6968/2/4 6981/2/4
f 6981/4/4 6969/4/4 6982/4/4
f 6969/2/4 6960/2/4 6983/2/4
f 6982/4/4 6969/4/4 6983/4/4
f 6961/4/4 6939/4/4 6984/4/4
f 6960/4/4 6961/4/4 6984/4/4
f 6984/4/4 6939/4/4 6985/4/4
f 6582/4/4 6950/4/4 6986/4/4
f 6950/4/4 6951/4/4 6986/4/4
f 6986/4/4 6951/4/4 6987/4/4
f 6951/2/4 6952/2/4 6988/2/4
f 6987/4/4 6951/4/4 6988/4/4
f 6953/4/4 6954/4/4 6989/4/4
f 6988/2/4 6952/2/4 6989/2/4
f 6952/4/4 6953/4/4 6989/4/4
f 6989/4/4 6954/4/4 6990/4/4
f 6954/2/4 6970/2/4 6991/2/4
f 6990/4/4 6954/4/4 6991/4/4
f 6972/2/4 6973/2/4 6992/2/4
f 6971/4/4 6972/4/4 6992/4/4
f 6970/4/4 6971/4/4 6992/4/4
f 6974/4/4 6975/4/4 6993/4/4
f 6992/2/4 6973/2/4 6993/2/4
f 6973/4/4 6974/4/4 6993/4/4
f 6976/2/4 6977/2/4 6994/2/4
f 6993/4/4 6975/4/4 6994/4/4
f 6975/2/4 6976/2/4 6994/2/4
f 6994/2/4 6977/2/4 6995/2/4
f 6977/4/4 6978/4/4 6996/4/4
f 6995/2/4 6977/2/4 6996/2/4
f 6996/4/4 6978/4/4 6997/4/4
f 6997/4/4 6978/4/4 6998/4/4
f 6998/4/4 6978/4/4 6999/4/4
f 6999/4/4 6978/4/4 7000/4/4
f 6979/2/4 6980/2/4 7001/2/4
f 7000/4/4 6978/4/4 7001/4/4
f 6978/2/4 6979/2/4 7001/2/4
f 7001/2/4 6980/2/4 7002/2/4
f 6981/4/4 6982/4/4 7003/4/4
f 7002/2/4 6980/2/4 7003/2/4
f 6980/4/4 6981/4/4 7003/4/4
f 7003/4/4 6982/4/4 7004/4/4
f 6982/2/4 6983/2/4 7005/2/4
f 7004/4/4 6982/4/4 7005/4/4
f 6983/2/4 6960/2/4 7006/2/4
f 7005/2/4 6983/2/4 7006/2/4
f 6960/4/4 6984/4/4 7007/4/4
f 7006/2/4 6960/2/4 7007/2/4
f 7007/4/4 6984/4/4 7008/4/4
f 6984/2/4 6985/2/4 7009/2/4
f 7008/4/4 6984/4/4 7009/4/4
f 6970/4/4 6992/4/4 7010/4/4
f 6991/2/4 6970/2/4 7010/2/4
f 6990/2/4 6991/2/4 7010/2/4
f 6994/4/4 6995/4/4 7010/4/4
f 6992/4/4 6993/4/4 7010/4/4
f 6993/4/4 6994/4/4 7010/4/4
f 6996/2/4 6997/2/4 7011/2/4
f 7010/4/4 6995/4/4 7011/4/4
f 6995/2/4 6996/2/4 7011/2/4
f 6997/4/4 6998/4/4 7012/4/4
f 7011/2/4 6997/2/4 7012/2/4
f 6998/2/4 6999/2/4 7013/2/4
f 7012/4/4 6998/4/4 7013/4/4
f 6999/4/4 7000/4/4 7014/4/4
f 7013/2/4 6999/2/4 7014/2/4
f 7001/2/4 7002/2/4 7015/2/4
f 7014/4/4 7000/4/4 7015/4/4
f 7000/2/4 7001/2/4 7015/2/4
f 7015/2/4 7002/2/4 7016/2/4
f 7003/4/4 7004/4/4 7017/4/4
f 7016/2/4 7002/2/4 7017/2/4
f 7002/4/4 7003/4/4 7017/4/4
f 7017/4/4 7004/4/4 7018/4/4
f 7004/2/4 7005/2/4 7019/2/4
f 7018/4/4 7004/4/4 7019/4/4
f 7005/2/4 7006/2/4 7019/2/4
f 7007/4/4 7008/4/4 7020/4/4
f 7006/4/4 7007/4/4 7020/4/4
f 7008/2/4 7009/2/4 7021/2/4
f 7020/4/4 7008/4/4 7021/4/4
f 6987/4/4 6988/4/4 7022/4/4
f 6986/2/4 6987/2/4 7022/2/4
f 6989/4/4 6990/4/4 7022/4/4
f 6988/4/4 6989/4/4 7022/4/4
f 7011/2/4 7012/2/4 7023/2/4
f 7022/4/4 6990/4/4 7023/4/4
f 7015/2/4 7016/2/4 7023/2/4
f 7013/2/4 7014/2/4 7023/2/4
f 6990/2/4 7010/2/4 7023/2/4
f 7012/2/4 7013/2/4 7023/2/4
f 7010/2/4 7011/2/4 7023/2/4
f 7014/2/4 7015/2/4 7023/2/4
f 7023/2/4 7016/2/4 7024/2/4
f 7024/2/4 7016/2/4 7025/2/4
f 7025/2/4 7016/2/4 7026/2/4
f 7026/2/4 7016/2/4 7027/2/4
f 7017/4/4 7018/4/4 7028/4/4
f 7027/2/4 7016/2/4 7028/2/4
f 7016/4/4 7017/4/4 7028/4/4
f 7028/4/4 7018/4/4 7029/4/4
f 7018/2/4 7019/2/4 7030/2/4
f 7029/4/4 7018/4/4 7030/4/4
f 7019/2/4 7006/2/4 7031/2/4
f 7030/2/4 7019/2/4 7031/2/4
f 7006/4/4 7020/4/4 7032/4/4
f 7031/2/4 7006/2/4 7032/2/4
f 7021/2/4 7009/2/4 7033/2/4
f 7020/2/4 7021/2/4 7033/2/4
f 7009/2/4 6985/2/4 7033/2/4
f 7033/2/4 6985/2/4 7034/2/4
f 6986/2/4 7022/2/4 7035/2/4
f 6582/4/4 6986/4/4 7035/4/4
f 7022/2/4 7023/2/4 7035/2/4
f 7035/2/4 7023/2/4 7036/2/4
f 7036/2/4 7023/2/4 7037/2/4
f 7023/4/4 7024/4/4 7038/4/4
f 7037/2/4 7023/2/4 7038/2/4
f 7024/2/4 7025/2/4 7039/2/4
f 7038/4/4 7024/4/4 7039/4/4
f 7025/4/4 7026/4/4 7040/4/4
f 7039/2/4 7025/2/4 7040/2/4
f 7040/4/4 7026/4/4 7041/4/4
f 7026/2/4 7027/2/4 7042/2/4
f 7041/4/4 7026/4/4 7042/4/4
f 7027/4/4 7028/4/4 7043/4/4
f 7042/2/4 7027/2/4 7043/2/4
f 7028/4/4 7029/4/4 7043/4/4
f 7043/4/4 7029/4/4 7044/4/4
f 7030/2/4 7031/2/4 7045/2/4
f 7044/4/4 7029/4/4 7045/4/4
f 7029/2/4 7030/2/4 7045/2/4
f 7031/4/4 7032/4/4 7046/4/4
f 7045/2/4 7031/2/4 7046/2/4
f 7032/4/4 7020/4/4 7047/4/4
f 7046/4/4 7032/4/4 7047/4/4
f 7020/2/4 7033/2/4 7048/2/4
f 7047/4/4 7020/4/4 7048/4/4
f 7048/2/4 7033/2/4 7049/2/4
f 7033/4/4 7034/4/4 7050/4/4
f 7049/2/4 7033/2/4 7050/2/4
f 7036/2/4 7037/2/4 7051/2/4
f 7035/4/4 7036/4/4 7051/4/4
f 7040/4/4 7041/4/4 7052/4/4
f 7051/2/4 7037/2/4 7052/2/4
f 7038/4/4 7039/4/4 7052/4/4
f 7039/4/4 7040/4/4 7052/4/4
f 7037/4/4 7038/4/4 7052/4/4
f 7052/4/4 7041/4/4 7053/4/4
f 7053/4/4 7041/4/4 7054/4/4
f 7054/4/4 7041/4/4 7055/4/4
f 7055/4/4 7041/4/4 7056/4/4
f 7056/4/4 7041/4/4 7057/4/4
f 7041/2/4 7042/2/4 7058/2/4
f 7057/4/4 7041/4/4 7058/4/4
f 7043/2/4 7044/2/4 7058/2/4
f 7042/2/4 7043/2/4 7058/2/4
f 7058/2/4 7044/2/4 7059/2/4
f 7045/4/4 7046/4/4 7060/4/4
f 7059/2/4 7044/2/4 7060/2/4
f 7044/4/4 7045/4/4 7060/4/4
f 7046/4/4 7047/4/4 7060/4/4
f 7060/4/4 7047/4/4 7061/4/4
f 7048/2/4 7049/2/4 7062/2/4
f 7061/4/4 7047/4/4 7062/4/4
f 7047/2/4 7048/2/4 7062/2/4
f 7062/2/4 7049/2/4 7063/2/4
f 7049/4/4 7050/4/4 7064/4/4
f 7063/2/4 7049/2/4 7064/2/4
f 7053/2/4 7054/2/4 7065/2/4
f 7051/4/4 7052/4/4 7065/4/4
f 7052/4/4 7053/4/4 7065/4/4
f 7054/4/4 7055/4/4 7066/4/4
f 7065/2/4 7054/2/4 7066/2/4
f 7055/2/4 7056/2/4 7067/2/4
f 7066/4/4 7055/4/4 7067/4/4
f 7062/2/4 7063/2/4 7068/2/4
f 7061/2/4 7062/2/4 7068/2/4
f 7063/4/4 7064/4/4 7069/4/4
f 7068/2/4 7063/2/4 7069/2/4
f 7065/4/4 7066/4/4 7070/4/4
f 7066/2/4 7067/2/4 7071/2/4
f 7070/4/4 7066/4/4 7071/4/4
f 7067/2/4 7056/2/4 7072/2/4
f 7071/2/4 7067/2/4 7072/2/4
f 7056/4/4 7057/4/4 7073/4/4
f 7072/2/4 7056/2/4 7073/2/4
f 7073/4/4 7057/4/4 7074/4/4
f 7058/2/4 7059/2/4 7075/2/4
f 7074/4/4 7057/4/4 7075/4/4
f 7057/2/4 7058/2/4 7075/2/4
f 7075/2/4 7059/2/4 7076/2/4
f 7060/4/4 7061/4/4 7077/4/4
f 7076/2/4 7059/2/4 7077/2/4
f 7059/4/4 7060/4/4 7077/4/4
f 7077/4/4 7061/4/4 7078/4/4
f 7078/4/4 7061/4/4 7079/4/4
f 7061/2/4 7068/2/4 7080/2/4
f 7068/4/4 7069/4/4 7081/4/4
f 7080/2/4 7068/2/4 7081/2/4
f 7035/4/4 7051/4/4 7082/4/4
f 7051/4/4 7065/4/4 7082/4/4
f 6582/4/4 7035/4/4 7082/4/4
f 7065/4/4 7070/4/4 7082/4/4
f 7082/4/4 7070/4/4 7083/4/4
f 7071/2/4 7072/2/4 7084/2/4
f 7083/4/4 7070/4/4 7084/4/4
f 7070/2/4 7071/2/4 7084/2/4
f 7073/4/4 7074/4/4 7085/4/4
f 7084/2/4 7072/2/4 7085/2/4
f 7072/4/4 7073/4/4 7085/4/4
f 7085/4/4 7074/4/4 7086/4/4
f 7086/4/4 7074/4/4 7087/4/4
f 7087/4/4 7074/4/4 7088/4/4
f 7075/2/4 7076/2/4 7089/2/4
f 7088/4/4 7074/4/4 7089/4/4
f 7074/2/4 7075/2/4 7089/2/4
f 7089/2/4 7076/2/4 7090/2/4
f 7076/4/4 7077/4/4 7091/4/4
f 7090/2/4 7076/2/4 7091/2/4
f 7077/4/4 7078/4/4 7091/4/4
f 7091/4/4 7078/4/4 7092/4/4
f 7078/2/4 7079/2/4 7093/2/4
f 7092/4/4 7078/4/4 7093/4/4
f 7093/2/4 7079/2/4 7094/2/4
f 7079/4/4 7061/4/4 7095/4/4
f 7094/2/4 7079/2/4 7095/2/4
f 7095/4/4 7061/4/4 7096/4/4
f 7061/2/4 7080/2/4 7097/2/4
f 7096/4/4 7061/4/4 7097/4/4
f 7097/2/4 7080/2/4 7098/2/4
f 7080/4/4 7081/4/4 7099/4/4
f 7098/2/4 7080/2/4 7099/2/4
f 7083/4/4 7084/4/4 7100/4/4
f 7082/2/4 7083/2/4 7100/2/4
f 7084/4/4 7085/4/4 7100/4/4
f 7085/4/4 7086/4/4 7100/4/4
f 7100/4/4 7086/4/4 7101/4/4
f 7086/2/4 7087/2/4 7102/2/4
f 7101/4/4 7086/4/4 7102/4/4
f 7087/4/4 7088/4/4 7103/4/4
f 7102/2/4 7087/2/4 7103/2/4
f 7103/4/4 7088/4/4 7104/4/4
f 7089/2/4 7090/2/4 7105/2/4
f 7104/4/4 7088/4/4 7105/4/4
f 7088/2/4 7089/2/4 7105/2/4
f 7105/2/4 7090/2/4 7106/2/4
f 7091/4/4 7092/4/4 7107/4/4
f 7106/2/4 7090/2/4 7107/2/4
f 7090/4/4 7091/4/4 7107/4/4
f 7107/4/4 7092/4/4 7108/4/4
f 7093/2/4 7094/2/4 7109/2/4
f 7108/4/4 7092/4/4 7109/4/4
f 7092/2/4 7093/2/4 7109/2/4
f 7109/2/4 7094/2/4 7110/2/4
f 7095/4/4 7096/4/4 7111/4/4
f 7110/2/4 7094/2/4 7111/2/4
f 7094/4/4 7095/4/4 7111/4/4
f 7111/4/4 7096/4/4 7112/4/4
f 7097/2/4 7098/2/4 7113/2/4
f 7112/4/4 7096/4/4 7113/4/4
f 7096/2/4 7097/2/4 7113/2/4
f 7113/2/4 7098/2/4 7114/2/4
f 7098/4/4 7099/4/4 7115/4/4
f 7114/2/4 7098/2/4 7115/2/4
f 7081/4/4 7069/4/4 7116/4/4
f 7115/4/4 7099/4/4 7116/4/4
f 7099/4/4 7081/4/4 7116/4/4
f 7069/4/4 7064/4/4 7117/4/4
f 7116/4/4 7069/4/4 7117/4/4
f 7064/4/4 7050/4/4 7117/4/4
f 7100/2/4 7101/2/4 7118/2/4
f 6582/4/4 7082/4/4 7118/4/4
f 7082/2/4 7100/2/4 7118/2/4
f 7118/2/4 7101/2/4 7119/2/4
f 7103/4/4 7104/4/4 7120/4/4
f 7119/2/4 7101/2/4 7120/2/4
f 7101/4/4 7102/4/4 7120/4/4
f 7102/4/4 7103/4/4 7120/4/4
f 7105/2/4 7106/2/4 7121/2/4
f 7120/4/4 7104/4/4 7121/4/4
f 7104/2/4 7105/2/4 7121/2/4
f 7121/2/4 7106/2/4 7122/2/4
f 7106/4/4 7107/4/4 7123/4/4
f 7122/2/4 7106/2/4 7123/2/4
f 7107/4/4 7108/4/4 7123/4/4
f 7123/4/4 7108/4/4 7124/4/4
f 7108/2/4 7109/2/4 7125/2/4
f 7124/4/4 7108/4/4 7125/4/4
f 7109/2/4 7110/2/4 7125/2/4
f 7125/2/4 7110/2/4 7126/2/4
f 7111/4/4 7112/4/4 7127/4/4
f 7126/2/4 7110/2/4 7127/2/4
f 7110/4/4 7111/4/4 7127/4/4
f 7127/4/4 7112/4/4 7128/4/4
f 7112/2/4 7113/2/4 7129/2/4
f 7128/4/4 7112/4/4 7129/4/4
f 7113/2/4 7114/2/4 7129/2/4
f 7129/2/4 7114/2/4 7130/2/4
f 7130/2/4 7114/2/4 7131/2/4
f 7114/4/4 7115/4/4 7132/4/4
f 7115/4/4 7116/4/4 7132/4/4
f 7116/2/4 7117/2/4 7132/2/4
f 7117/4/4 7050/4/4 7133/4/4
f 7132/2/4 7117/2/4 7133/2/4
f 7118/4/4 7119/4/4 7134/4/4
f 7121/2/4 7122/2/4 7134/2/4
f 7119/2/4 7120/2/4 7134/2/4
f 7120/2/4 7121/2/4 7134/2/4
f 7134/2/4 7122/2/4 7135/2/4
f 7135/2/4 7122/2/4 7136/2/4
f 7136/2/4 7122/2/4 7137/2/4
f 7137/2/4 7122/2/4 7138/2/4
f 7123/4/4 7124/4/4 7139/4/4
f 7138/2/4 7122/2/4 7139/2/4
f 7122/4/4 7123/4/4 7139/4/4
f 7125/2/4 7126/2/4 7140/2/4
f 7139/4/4 7124/4/4 7140/4/4
f 7124/2/4 7125/2/4 7140/2/4
f 7127/4/4 7128/4/4 7141/4/4
f 7140/2/4 7126/2/4 7141/2/4
f 7126/4/4 7127/4/4 7141/4/4
f 7129/2/4 7130/2/4 7142/2/4
f 7128/2/4 7129/2/4 7142/2/4
f 7130/4/4 7131/4/4 7143/4/4
f 7142/2/4 7130/2/4 7143/2/4
f 7131/2/4 7114/2/4 7144/2/4
f 7143/4/4 7131/4/4 7144/4/4
f 7114/4/4 7132/4/4 7145/4/4
f 7144/2/4 7114/2/4 7145/2/4
f 7132/4/4 7133/4/4 7145/4/4
f 7145/4/4 7133/4/4 7146/4/4
f 7146/4/4 7133/4/4 7147/4/4
f 7133/4/4 7050/4/4 7148/4/4
f 7147/4/4 7133/4/4 7148/4/4
f 7050/4/4 7034/4/4 7148/4/4
f 7134/4/4 7135/4/4 7149/4/4
f 7135/2/4 7136/2/4 7149/2/4
f 7136/4/4 7137/4/4 7150/4/4
f 7149/2/4 7136/2/4 7150/2/4
f 7150/4/4 7137/4/4 7151/4/4
f 7137/2/4 7138/2/4 7152/2/4
f 7151/4/4 7137/4/4 7152/4/4
f 7152/2/4 7138/2/4 7153/2/4
f 7153/2/4 7138/2/4 7154/2/4
f 7154/2/4 7138/2/4 7155/2/4
f 7139/4/4 7140/4/4 7156/4/4
f 7155/2/4 7138/2/4 7156/2/4
f 7138/4/4 7139/4/4 7156/4/4
f 7140/4/4 7141/4/4 7156/4/4
f 7141/4/4 7128/4/4 7157/4/4
f 7156/4/4 7141/4/4 7157/4/4
f 7157/4/4 7128/4/4 7158/4/4
f 7128/2/4 7142/2/4 7159/2/4
f 7158/4/4 7128/4/4 7159/4/4
f 7142/4/4 7143/4/4 7160/4/4
f 7159/2/4 7142/2/4 7160/2/4
f 7143/4/4 7144/4/4 7160/4/4
f 7144/4/4 7145/4/4 7160/4/4
f 7146/4/4 7147/4/4 7161/4/4
f 7145/2/4 7146/2/4 7161/2/4
f 7147/2/4 7148/2/4 7162/2/4
f 7161/4/4 7147/4/4 7162/4/4
f 6582/4/4 7118/4/4 7163/4/4
f 7118/4/4 7134/4/4 7163/4/4
f 7150/4/4 7151/4/4 7163/4/4
f 7149/4/4 7150/4/4 7163/4/4
f 7134/4/4 7149/4/4 7163/4/4
f 7163/4/4 7151/4/4 7164/4/4
f 7164/4/4 7151/4/4 7165/4/4
f 7152/2/4 7153/2/4 7166/2/4
f 7165/4/4 7151/4/4 7166/4/4
f 7151/2/4 7152/2/4 7166/2/4
f 7166/2/4 7153/2/4 7167/2/4
f 7153/4/4 7154/4/4 7168/4/4
f 7167/2/4 7153/2/4 7168/2/4
f 7154/2/4 7155/2/4 7169/2/4
f 7168/4/4 7154/4/4 7169/4/4
f 7156/4/4 7157/4/4 7170/4/4
f 7169/2/4 7155/2/4 7170/2/4
f 7155/4/4 7156/4/4 7170/4/4
f 7170/4/4 7157/4/4 7171/4/4
f 7157/2/4 7158/2/4 7172/2/4
f 7171/4/4 7157/4/4 7172/4/4
f 7172/2/4 7158/2/4 7173/2/4
f 7158/4/4 7159/4/4 7174/4/4
f 7173/2/4 7158/2/4 7174/2/4
f 7159/4/4 7160/4/4 7174/4/4
f 7160/4/4 7145/4/4 7175/4/4
f 7174/4/4 7160/4/4 7175/4/4
f 7161/2/4 7162/2/4 7176/2/4
f 7175/4/4 7145/4/4 7176/4/4
f 7145/2/4 7161/2/4 7176/2/4
f 7162/2/4 7148/2/4 7177/2/4
f 7176/2/4 7162/2/4 7177/2/4
f 7175/2/4 7176/2/4 7177/2/4
f 7148/4/4 7034/4/4 7177/4/4
f 7177/4/4 7034/4/4 7178/4/4
f 6582/4/4 7163/4/4 7179/4/4
f 7163/2/4 7164/2/4 7179/2/4
f 7164/4/4 7165/4/4 7180/4/4
f 7179/2/4 7164/2/4 7180/2/4
f 7180/4/4 7165/4/4 7181/4/4
f 7166/2/4 7167/2/4 7182/2/4
f 7181/4/4 7165/4/4 7182/4/4
f 7165/2/4 7166/2/4 7182/2/4
f 7182/2/4 7167/2/4 7183/2/4
f 7183/2/4 7167/2/4 7184/2/4
f 7167/4/4 7168/4/4 7185/4/4
f 7184/2/4 7167/2/4 7185/2/4
f 7168/4/4 7169/4/4 7185/4/4
f 7170/4/4 7171/4/4 7185/4/4
f 7169/4/4 7170/4/4 7185/4/4
f 7185/4/4 7171/4/4 7186/4/4
f 7186/4/4 7171/4/4 7187/4/4
f 7187/4/4 7171/4/4 7188/4/4
f 7188/4/4 7171/4/4 7189/4/4
f 7172/2/4 7173/2/4 7190/2/4
f 7189/4/4 7171/4/4 7190/4/4
f 7171/2/4 7172/2/4 7190/2/4
f 7190/2/4 7173/2/4 7191/2/4
f 7191/2/4 7173/2/4 7192/2/4
f 7173/4/4 7174/4/4 7193/4/4
f 7192/2/4 7173/2/4 7193/2/4
f 7174/4/4 7175/4/4 7193/4/4
f 7193/4/4 7175/4/4 7194/4/4
f 7177/2/4 7178/2/4 7195/2/4
f 7194/4/4 7175/4/4 7195/4/4
f 7175/2/4 7177/2/4 7195/2/4
f 7195/2/4 7178/2/4 7196/2/4
f 7184/2/4 7185/2/4 7197/2/4
f 7185/2/4 7186/2/4 7197/2/4
f 7186/4/4 7187/4/4 7198/4/4
f 7197/2/4 7186/2/4 7198/2/4
f 7187/2/4 7188/2/4 7199/2/4
f 7188/4/4 7189/4/4 7200/4/4
f 7199/2/4 7188/2/4 7200/2/4
f 7190/2/4 7191/2/4 7201/2/4
f 7189/2/4 7190/2/4 7201/2/4
f 7191/4/4 7192/4/4 7202/4/4
f 7201/2/4 7191/2/4 7202/2/4
f 7202/4/4 7192/4/4 7203/4/4
f 7193/2/4 7194/2/4 7204/2/4
f 7203/4/4 7192/4/4 7204/4/4
f 7192/2/4 7193/2/4 7204/2/4
f 7196/2/4 7178/2/4 7205/2/4
f 7205/2/4 7178/2/4 7206/2/4
f 7183/4/4 7184/4/4 7207/4/4
f 7184/2/4 7197/2/4 7207/2/4
f 7197/4/4 7198/4/4 7208/4/4
f 7207/2/4 7197/2/4 7208/2/4
f 7198/4/4 7187/4/4 7209/4/4
f 7208/4/4 7198/4/4 7209/4/4
f 7187/2/4 7199/2/4 7210/2/4
f 7199/4/4 7200/4/4 7210/4/4
f 7200/4/4 7189/4/4 7211/4/4
f 7210/4/4 7200/4/4 7211/4/4
f 7189/2/4 7201/2/4 7212/2/4
f 7202/4/4 7203/4/4 7213/4/4
f 7212/2/4 7201/2/4 7213/2/4
f 7201/4/4 7202/4/4 7213/4/4
f 7213/4/4 7203/4/4 7214/4/4
f 7214/4/4 7203/4/4 7215/4/4
f 7215/4/4 7203/4/4 7216/4/4
f 7203/2/4 7204/2/4 7217/2/4
f 7216/4/4 7203/4/4 7217/4/4
f 7196/2/4 7205/2/4 7218/2/4
f 7205/4/4 7206/4/4 7219/4/4
f 7218/2/4 7205/2/4 7219/2/4
f 7180/4/4 7181/4/4 7220/4/4
f 7179/4/4 7180/4/4 7220/4/4
f 7182/2/4 7183/2/4 7221/2/4
f 7220/4/4 7181/4/4 7221/4/4
f 7181/2/4 7182/2/4 7221/2/4
f 7221/2/4 7183/2/4 7222/2/4
f 7207/4/4 7208/4/4 7223/4/4
f 7222/2/4 7183/2/4 7223/2/4
f 7183/4/4 7207/4/4 7223/4/4
f 7223/4/4 7208/4/4 7224/4/4
f 7224/4/4 7208/4/4 7225/4/4
f 7208/2/4 7209/2/4 7226/2/4
f 7225/4/4 7208/4/4 7226/4/4
f 7209/4/4 7187/4/4 7227/4/4
f 7226/2/4 7209/2/4 7227/2/4
f 7187/2/4 7210/2/4 7228/2/4
f 7227/4/4 7187/4/4 7228/4/4
f 7210/2/4 7211/2/4 7228/2/4
f 7211/4/4 7189/4/4 7229/4/4
f 7228/2/4 7211/2/4 7229/2/4
f 7229/4/4 7189/4/4 7230/4/4
f 7189/2/4 7212/2/4 7231/2/4
f 7230/4/4 7189/4/4 7231/4/4
f 7231/2/4 7212/2/4 7232/2/4
f 7212/4/4 7213/4/4 7233/4/4
f 7232/2/4 7212/2/4 7233/2/4
f 7213/4/4 7214/4/4 7233/4/4
f 7233/4/4 7214/4/4 7234/4/4
f 7214/2/4 7215/2/4 7235/2/4
f 7234/4/4 7214/4/4 7235/4/4
f 7215/4/4 7216/4/4 7236/4/4
f 7235/2/4 7215/2/4 7236/2/4
f 7216/2/4 7217/2/4 7237/2/4
f 7236/4/4 7216/4/4 7237/4/4
f 7204/2/4 7194/2/4 7238/2/4
f 7237/2/4 7217/2/4 7238/2/4
f 7217/2/4 7204/2/4 7238/2/4
f 7195/4/4 7196/4/4 7239/4/4
f 7238/2/4 7194/2/4 7239/2/4
f 7194/4/4 7195/4/4 7239/4/4
f 7239/4/4 7196/4/4 7240/4/4
f 7240/4/4 7196/4/4 7241/4/4
f 7196/2/4 7218/2/4 7242/2/4
f 7241/4/4 7196/4/4 7242/4/4
f 7242/2/4 7218/2/4 7243/2/4
f 7218/4/4 7219/4/4 7244/4/4
f 7243/2/4 7218/2/4 7244/2/4
f 7219/4/4 7206/4/4 7245/4/4
f 7244/4/4 7219/4/4 7245/4/4
f 7179/4/4 7220/4/4 7246/4/4
f 6582/4/4 7179/4/4 7246/4/4
f 7221/2/4 7222/2/4 7247/2/4
f 7246/4/4 7220/4/4 7247/4/4
f 7220/2/4 7221/2/4 7247/2/4
f 7223/4/4 7224/4/4 7248/4/4
f 7247/2/4 7222/2/4 7248/2/4
f 7222/4/4 7223/4/4 7248/4/4
f 7224/2/4 7225/2/4 7249/2/4
f 7248/4/4 7224/4/4 7249/4/4
f 7225/4/4 7226/4/4 7250/4/4
f 7249/2/4 7225/2/4 7250/2/4
f 7227/4/4 7228/4/4 7250/4/4
f 7229/4/4 7230/4/4 7250/4/4
f 7226/4/4 7227/4/4 7250/4/4
f 7228/4/4 7229/4/4 7250/4/4
f 7230/2/4 7231/2/4 7251/2/4
f 7250/4/4 7230/4/4 7251/4/4
f 7231/2/4 7232/2/4 7251/2/4
f 7233/4/4 7234/4/4 7252/4/4
f 7251/2/4 7232/2/4 7252/2/4
f 7232/4/4 7233/4/4 7252/4/4
f 7235/2/4 7236/2/4 7253/2/4
f 7252/4/4 7234/4/4 7253/4/4
f 7236/2/4 7237/2/4 7253/2/4
f 7237/2/4 7238/2/4 7253/2/4
f 7234/2/4 7235/2/4 7253/2/4
f 7238/4/4 7239/4/4 7254/4/4
f 7253/2/4 7238/2/4 7254/2/4
f 7239/4/4 7240/4/4 7254/4/4
f 7240/2/4 7241/2/4 7255/2/4
f 7254/4/4 7240/4/4 7255/4/4
f 7242/4/4 7243/4/4 7256/4/4
f 7255/2/4 7241/2/4 7256/2/4
f 7241/4/4 7242/4/4 7256/4/4
f 7243/2/4 7244/2/4 7257/2/4
f 7256/4/4 7243/4/4 7257/4/4
f 7257/2/4 7244/2/4 7258/2/4
f 7264/4/5 7260/4/5 7259/4/5
f 7265/4/5 7262/4/5 7261/4/5
f 7267/4/5 7264/4/5 7263/4/5
f 7267/4/5 7260/4/5 7264/4/5
f 7268/4/5 7266/4/5 7265/4/5
f 7268/4/5 7265/4/5 7261/4/5
f 7269/4/5 7267/4/5 7263/4/5
f 7269/4/5 7268/4/5 7267/4/5
f 7270/4/5 7268/4/5 7269/4/5
f 7271/4/5 7266/4/5 7268/4/5
f 7271/4/5 7268/4/5 7270/4/5
f 7272/4/5 7266/4/5 7271/4/5
f 7273/4/5 7271/4/5 7270/4/5
f 7274/4/5 7271/4/5 7273/4/5
f 7291/1/5 7276/1/5 7275/1/5
f 7292/3/5 7277/3/5 7276/3/5
f 7292/1/5 7276/1/5 7291/1/5
f 7293/1/5 7278/1/5 7277/1/5
f 7293/3/5 7277/3/5 7292/3/5
f 7294/3/5 7279/3/5 7278/3/5
f 7294/1/5 7278/1/5 7293/1/5
f 7295/1/5 7280/1/5 7279/1/5
f 7295/3/5 7279/3/5 7294/3/5
f 7296/3/5 7281/3/5 7280/3/5
f 7296/1/5 7280/1/5 7295/1/5
f 7297/1/5 7282/1/5 7281/1/5
f 7297/3/5 7281/3/5 7296/3/5
f 7298/3/5 7283/3/5 7282/3/5
f 7298/1/5 7282/1/5 7297/1/5
f 7299/1/5 7284/1/5 7283/1/5
f 7299/3/5 7283/3/5 7298/3/5
f 7300/3/5 7285/3/5 7284/3/5
f 7300/1/5 7284/1/5 7299/1/5
f 7301/1/5 7286/1/5 7285/1/5
f 7301/3/5 7285/3/5 7300/3/5
f 7302/3/5 7287/3/5 7286/3/5
f 7302/1/5 7286/1/5 7301/1/5
f 7303/1/5 7288/1/5 7287/1/5
f 7303/3/5 7287/3/5 7302/3/5
f 7304/3/5 7289/3/5 7288/3/5
f 7304/1/5 7288/1/5 7303/1/5
f 7305/1/5 7290/1/5 7289/1/5
f 7305/3/5 7289/3/5 7304/3/5
f 7306/1/5 7290/1/5 7305/1/5
f 7307/2/5 7304/2/5 7303/2/5
f 7307/2/5 7292/2/5 7291/2/5
f 7307/2/5 7306/2/5 7305/2/5
f 7307/2/5 7305/2/5 7304/2/5
f 7307/2/5 7303/2/5 7302/2/5
f 7307/2/5 7302/2/5 7301/2/5
f 7307/2/5 7301/2/5 7300/2/5
f 7307/2/5 7300/2/5 7299/2/5
f 7307/2/5 7299/2/5 7298/2/5
f 7307/2/5 7298/2/5 7297/2/5
f 7307/2/5 7297/2/5 7296/2/5
f 7307/2/5 7296/2/5 7295/2/5
f 7307/2/5 7295/2/5 7294/2/5
f 7307/2/5 7294/2/5 7293/2/5
f 7307/2/5 7293/2/5 7292/2/5
f 7308/2/5 7306/2/5 7307/2/5
f 7311/4/5 7310/4/5 7309/4/5
f 7312/4/5 7310/4/5 7311/4/5
f 7313/4/5 7310/4/5 7312/4/5
f 7314/4/5 7310/4/5 7313/4/5
f 7315/4/5 7310/4/5 7314/4/5
f 7320/4/5 7317/4/5 7316/4/5
f 7321/4/5 7317/4/5 7320/4/5
f 7322/4/5 7319/4/5 7318/4/5
f 7323/4/5 7319/4/5 7322/4/5
f 7328/4/5 7325/4/5 7324/4/5
f 7329/4/5 7325/4/5 7328/4/5
f 7330/4/5 7327/4/5 7326/4/5
f 7331/4/5 7327/4/5 7330/4/5
f 7336/4/5 7333/4/5 7332/4/5
f 7337/4/5 7333/4/5 7336/4/5
f 7338/4/5 7335/4/5 7334/4/5
f 7339/4/5 7335/4/5 7338/4/5
f 7344/1/5 7341/1/5 7340/1/5
f 7345/1/5 7341/1/5 7344/1/5
f 7346/1/5 7343/1/5 7342/1/5
f 7347/1/5 7343/1/5 7346/1/5
f 7358/3/5 7349/3/5 7348/3/5
f 7359/1/5 7350/1/5 7349/1/5
f 7359/3/5 7349/3/5 7358/3/5
f 7360/1/5 7350/1/5 7359/1/5
f 7361/1/5 7356/1/5 7355/1/5
f 7363/3/5 7358/3/5 7357/3/5
f 7364/3/5 7358/3/5 7363/3/5
f 7365/1/5 7350/1/5 7360/1/5
f 7366/1/5 7350/1/5 7365/1/5
f 7367/1/5 7350/1/5 7366/1/5
f 7368/1/5 7350/1/5 7367/1/5
f 7369/1/5 7352/1/5 7351/1/5
f 7369/3/5 7353/3/5 7352/3/5
f 7370/3/5 7353/3/5 7369/3/5
f 7371/3/5 7353/3/5 7370/3/5
f 7372/1/5 7354/1/5 7353/1/5
f 7372/3/5 7353/3/5 7371/3/5
f 7373/1/5 7354/1/5 7372/1/5
f 7374/1/5 7367/1/5 7366/1/5
f 7375/1/5 7367/1/5 7374/1/5
f 7376/1/5 7367/1/5 7375/1/5
f 7377/1/5 7350/1/5 7368/1/5
f 7378/1/5 7350/1/5 7377/1/5
f 7379/1/5 7350/1/5 7378/1/5
f 7380/3/5 7351/3/5 7350/3/5
f 7380/1/5 7350/1/5 7379/1/5
f 7381/3/5 7351/3/5 7380/3/5
f 7382/3/5 7351/3/5 7381/3/5
f 7383/1/5 7369/1/5 7351/1/5
f 7383/3/5 7351/3/5 7382/3/5
f 7384/1/5 7369/1/5 7383/1/5
f 7385/1/5 7369/1/5 7384/1/5
f 7386/1/5 7369/1/5 7385/1/5
f 7387/3/5 7372/3/5 7371/3/5
f 7388/3/5 7372/3/5 7387/3/5
f 7389/3/5 7372/3/5 7388/3/5
f 7390/3/5 7372/3/5 7389/3/5
f 7391/3/5 7372/3/5 7390/3/5
f 7392/3/5 7372/3/5 7391/3/5
f 7393/1/5 7354/1/5 7373/1/5
f 7394/1/5 7354/1/5 7393/1/5
f 7395/1/5 7354/1/5 7394/1/5
f 7396/1/5 7354/1/5 7395/1/5
f 7397/3/5 7355/3/5 7354/3/5
f 7397/1/5 7354/1/5 7396/1/5
f 7398/3/5 7355/3/5 7397/3/5
f 7399/1/5 7362/1/5 7361/1/5
f 7399/3/5 7355/3/5 7398/3/5
f 7399/1/5 7361/1/5 7355/1/5
f 7400/1/5 7362/1/5 7399/1/5
f 7401/1/5 7362/1/5 7400/1/5
f 7402/1/5 7362/1/5 7401/1/5
f 7403/1/5 7362/1/5 7402/1/5
f 7404/1/5 7379/1/5 7378/1/5
f 7405/1/5 7379/1/5 7404/1/5
f 7406/1/5 7382/1/5 7381/1/5
f 7407/1/5 7382/1/5 7406/1/5
f 7408/1/5 7382/1/5 7407/1/5
f 7409/1/5 7385/1/5 7384/1/5
f 7410/1/5 7385/1/5 7409/1/5
f 7411/1/5 7389/1/5 7388/1/5
f 7412/1/5 7389/1/5 7411/1/5
f 7413/1/5 7391/1/5 7390/1/5
f 7414/1/5 7391/1/5 7413/1/5
f 7415/1/5 7395/1/5 7394/1/5
f 7416/1/5 7395/1/5 7415/1/5
f 7417/1/5 7398/1/5 7397/1/5
f 7417/1/5 7397/1/5 7396/1/5
f 7418/1/5 7398/1/5 7417/1/5
f 7419/1/5 7398/1/5 7418/1/5
f 7420/1/5 7398/1/5 7419/1/5
f 7421/1/5 7400/1/5 7399/1/5
f 7422/1/5 7400/1/5 7421/1/5
f 7423/1/5 7400/1/5 7422/1/5
f 7424/1/5 7415/1/5 7394/1/5
f 7425/1/5 7415/1/5 7424/1/5
f 7426/1/5 7419/1/5 7418/1/5
f 7427/1/5 7419/1/5 7426/1/5
f 7435/1/5 7429/1/5 7428/1/5
f 7435/1/5 7430/1/5 7429/1/5
f 7437/1/5 7432/1/5 7431/1/5
f 7438/1/5 7432/1/5 7437/1/5
f 7439/1/5 7434/1/5 7433/1/5
f 7443/1/5 7439/1/5 7438/1/5
f 7443/1/5 7438/1/5 7437/1/5
f 7443/1/5 7434/1/5 7439/1/5
f 7443/1/5 7436/1/5 7435/1/5
f 7443/1/5 7437/1/5 7436/1/5
f 7444/1/5 7441/1/5 7440/1/5
f 7444/1/5 7442/1/5 7441/1/5
f 7445/1/5 7443/1/5 7435/1/5
f 7445/1/5 7444/1/5 7443/1/5
f 7445/1/5 7435/1/5 7428/1/5
f 7446/1/5 7442/1/5 7444/1/5
f 7446/1/5 7444/1/5 7445/1/5
f 7447/1/5 7446/1/5 7445/1/5
f 7448/1/5 7446/1/5 7447/1/5
f 7449/1/5 7446/1/5 7448/1/5
f 7450/1/5 7446/1/5 7449/1/5
f 7451/1/5 7446/1/5 7450/1/5
f 7452/1/5 7446/1/5 7451/1/5
f 7453/1/5 7446/1/5 7452/1/5
f 7454/1/5 7446/1/5 7453/1/5
f 7455/1/5 7447/1/5 7445/1/5
f 7456/3/5 7454/3/5 7453/3/5
f 7457/1/5 7447/1/5 7455/1/5
f 7458/1/5 7447/1/5 7457/1/5
f 7459/3/5 7448/3/5 7447/3/5
f 7459/1/5 7447/1/5 7458/1/5
f 7460/3/5 7448/3/5 7459/3/5
f 7461/1/5 7449/1/5 7448/1/5
f 7461/3/5 7448/3/5 7460/3/5
f 7462/1/5 7449/1/5 7461/1/5
f 7463/1/5 7449/1/5 7462/1/5
f 7464/1/5 7449/1/5 7463/1/5
f 7465/3/5 7450/3/5 7449/3/5
f 7465/1/5 7449/1/5 7464/1/5
f 7466/3/5 7450/3/5 7465/3/5
f 7467/3/5 7450/3/5 7466/3/5
f 7468/1/5 7451/1/5 7450/1/5
f 7468/3/5 7450/3/5 7467/3/5
f 7469/1/5 7451/1/5 7468/1/5
f 7470/1/5 7451/1/5 7469/1/5
f 7471/1/5 7451/1/5 7470/1/5
f 7472/3/5 7452/3/5 7451/3/5
f 7472/1/5 7451/1/5 7471/1/5
f 7473/3/5 7452/3/5 7472/3/5
f 7474/3/5 7452/3/5 7473/3/5
f 7475/3/5 7452/3/5 7474/3/5
f 7476/3/5 7452/3/5 7475/3/5
f 7477/1/5 7453/1/5 7452/1/5
f 7477/3/5 7452/3/5 7476/3/5
f 7478/3/5 7456/3/5 7453/3/5
f 7478/1/5 7453/1/5 7477/1/5
f 7479/3/5 7456/3/5 7478/3/5
f 7482/4/5 7481/4/5 7480/4/5
f 7483/4/5 7481/4/5 7482/4/5
f 7484/4/5 7481/4/5 7483/4/5
f 7485/4/5 7481/4/5 7484/4/5
f 7486/4/5 7481/4/5 7485/4/5
f 7491/4/5 7488/4/5 7487/4/5
f 7492/4/5 7488/4/5 7491/4/5
f 7493/4/5 7490/4/5 7489/4/5
f 7494/4/5 7490/4/5 7493/4/5
f 7499/1/5 7496/1/5 7495/1/5
f 7500/1/5 7496/1/5 7499/1/5
f 7501/1/5 7498/1/5 7497/1/5
f 7502/1/5 7498/1/5 7501/1/5
f 7513/3/5 7504/3/5 7503/3/5
f 7514/1/5 7511/1/5 7510/1/5
f 7515/1/5 7511/1/5 7514/1/5
f 7517/3/5 7506/3/5 7505/3/5
f 7517/1/5 7507/1/5 7506/1/5
f 7518/1/5 7507/1/5 7517/1/5
f 7519/3/5 7508/3/5 7507/3/5
f 7520/3/5 7508/3/5 7519/3/5
f 7521/3/5 7510/3/5 7509/3/5
f 7522/1/5 7514/1/5 7510/1/5
f 7522/3/5 7510/3/5 7521/3/5
f 7523/1/5 7514/1/5 7522/1/5
f 7524/1/5 7514/1/5 7523/1/5
f 7525/1/5 7516/1/5 7515/1/5
f 7526/1/5 7516/1/5 7525/1/5
f 7527/3/5 7513/3/5 7512/3/5
f 7528/1/5 7505/1/5 7504/1/5
f 7528/3/5 7513/3/5 7527/3/5
f 7528/3/5 7504/3/5 7513/3/5
f 7529/1/5 7505/1/5 7528/1/5
f 7530/1/5 7505/1/5 7529/1/5
f 7531/1/5 7505/1/5 7530/1/5
f 7532/3/5 7517/3/5 7505/3/5
f 7532/1/5 7505/1/5 7531/1/5
f 7533/3/5 7517/3/5 7532/3/5
f 7534/3/5 7517/3/5 7533/3/5
f 7535/3/5 7517/3/5 7534/3/5
f 7536/1/5 7507/1/5 7518/1/5
f 7537/3/5 7519/3/5 7507/3/5
f 7537/1/5 7507/1/5 7536/1/5
f 7538/3/5 7519/3/5 7537/3/5
f 7539/3/5 7519/3/5 7538/3/5
f 7540/3/5 7519/3/5 7539/3/5
f 7541/3/5 7519/3/5 7540/3/5
f 7542/3/5 7508/3/5 7520/3/5
f 7543/1/5 7509/1/5 7508/1/5
f 7543/3/5 7508/3/5 7542/3/5
f 7544/1/5 7509/1/5 7543/1/5
f 7545/1/5 7509/1/5 7544/1/5
f 7546/1/5 7509/1/5 7545/1/5
f 7547/1/5 7509/1/5 7546/1/5
f 7548/3/5 7521/3/5 7509/3/5
f 7548/1/5 7509/1/5 7547/1/5
f 7549/3/5 7521/3/5 7548/3/5
f 7550/1/5 7523/1/5 7522/1/5
f 7551/1/5 7523/1/5 7550/1/5
f 7552/1/5 7523/1/5 7551/1/5
f 7553/1/5 7530/1/5 7529/1/5
f 7554/1/5 7530/1/5 7553/1/5
f 7555/1/5 7530/1/5 7554/1/5
f 7556/1/5 7532/1/5 7531/1/5
f 7557/1/5 7532/1/5 7556/1/5
f 7558/1/5 7532/1/5 7557/1/5
f 7559/1/5 7532/1/5 7558/1/5
f 7560/1/5 7534/1/5 7533/1/5
f 7561/1/5 7534/1/5 7560/1/5
f 7562/1/5 7534/1/5 7561/1/5
f 7563/1/5 7538/1/5 7537/1/5
f 7564/1/5 7538/1/5 7563/1/5
f 7565/1/5 7540/1/5 7539/1/5
f 7566/1/5 7540/1/5 7565/1/5
f 7567/1/5 7544/1/5 7543/1/5
f 7568/1/5 7544/1/5 7567/1/5
f 7569/1/5 7546/1/5 7545/1/5
f 7570/1/5 7546/1/5 7569/1/5
f 7571/1/5 7546/1/5 7570/1/5
f 7572/1/5 7548/1/5 7547/1/5
f 7573/1/5 7548/1/5 7572/1/5
f 7574/1/5 7558/1/5 7557/1/5
f 7575/1/5 7558/1/5 7574/1/5
f 7576/1/5 7562/1/5 7561/1/5
f 7577/1/5 7562/1/5 7576/1/5
f 7588/1/5 7579/1/5 7578/1/5
f 7589/1/5 7581/1/5 7580/1/5
f 7590/1/5 7581/1/5 7589/1/5
f 7592/1/5 7583/1/5 7582/1/5
f 7592/1/5 7584/1/5 7583/1/5
f 7593/1/5 7587/1/5 7586/1/5
f 7593/1/5 7586/1/5 7585/1/5
f 7594/1/5 7591/1/5 7590/1/5
f 7594/1/5 7588/1/5 7578/1/5
f 7594/1/5 7592/1/5 7591/1/5
f 7594/1/5 7589/1/5 7588/1/5
f 7594/1/5 7590/1/5 7589/1/5
f 7595/1/5 7593/1/5 7585/1/5
f 7595/1/5 7594/1/5 7593/1/5
f 7596/1/5 7592/1/5 7594/1/5
f 7596/1/5 7594/1/5 7595/1/5
f 7596/1/5 7584/1/5 7592/1/5
f 7597/1/5 7596/1/5 7595/1/5
f 7598/1/5 7596/1/5 7597/1/5
f 7599/1/5 7596/1/5 7598/1/5
f 7600/1/5 7596/1/5 7599/1/5
f 7601/1/5 7596/1/5 7600/1/5
f 7602/1/5 7596/1/5 7601/1/5
f 7603/1/5 7597/1/5 7595/1/5
f 7604/3/5 7602/3/5 7601/3/5
f 7605/1/5 7597/1/5 7603/1/5
f 7606/1/5 7597/1/5 7605/1/5
f 7607/3/5 7598/3/5 7597/3/5
f 7607/1/5 7597/1/5 7606/1/5
f 7608/3/5 7598/3/5 7607/3/5
f 7609/1/5 7599/1/5 7598/1/5
f 7609/3/5 7598/3/5 7608/3/5
f 7610/1/5 7599/1/5 7609/1/5
f 7611/1/5 7599/1/5 7610/1/5
f 7612/1/5 7599/1/5 7611/1/5
f 7613/3/5 7600/3/5 7599/3/5
f 7613/1/5 7599/1/5 7612/1/5
f 7614/3/5 7600/3/5 7613/3/5
f 7615/3/5 7600/3/5 7614/3/5
f 7616/3/5 7600/3/5 7615/3/5
f 7617/3/5 7600/3/5 7616/3/5
f 7618/3/5 7600/3/5 7617/3/5
f 7619/3/5 7600/3/5 7618/3/5
f 7620/3/5 7600/3/5 7619/3/5
f 7621/3/5 7600/3/5 7620/3/5
f 7622/3/5 7600/3/5 7621/3/5
f 7623/3/5 7600/3/5 7622/3/5
f 7624/1/5 7601/1/5 7600/1/5
f 7624/3/5 7600/3/5 7623/3/5
f 7625/3/5 7604/3/5 7601/3/5
f 7625/1/5 7601/1/5 7624/1/5
f 7626/3/5 7604/3/5 7625/3/5
f 7629/4/5 7628/4/5 7627/4/5
f 7630/4/5 7628/4/5 7629/4/5
f 7631/4/5 7628/4/5 7630/4/5
f 7632/4/5 7628/4/5 7631/4/5
f 7633/4/5 7628/4/5 7632/4/5
f 7638/4/5 7635/4/5 7634/4/5
f 7639/4/5 7635/4/5 7638/4/5
f 7640/4/5 7637/4/5 7636/4/5
f 7641/4/5 7637/4/5 7640/4/5
f 7646/1/5 7643/1/5 7642/1/5
f 7647/1/5 7643/1/5 7646/1/5
f 7648/1/5 7645/1/5 7644/1/5
f 7649/1/5 7645/1/5 7648/1/5
f 7659/1/5 7651/1/5 7650/1/5
f 7660/1/5 7651/1/5 7659/1/5
f 7661/1/5 7651/1/5 7660/1/5
f 7662/1/5 7651/1/5 7661/1/5
f 7663/3/5 7652/3/5 7651/3/5
f 7663/1/5 7651/1/5 7662/1/5
f 7664/1/5 7653/1/5 7652/1/5
f 7664/3/5 7652/3/5 7663/3/5
f 7665/3/5 7654/3/5 7653/3/5
f 7665/1/5 7653/1/5 7664/1/5
f 7666/1/5 7655/1/5 7654/1/5
f 7666/3/5 7654/3/5 7665/3/5
f 7667/3/5 7656/3/5 7655/3/5
f 7667/1/5 7655/1/5 7666/1/5
f 7668/1/5 7657/1/5 7656/1/5
f 7668/3/5 7656/3/5 7667/3/5
f 7669/1/5 7657/1/5 7668/1/5
f 7671/1/5 7659/1/5 7658/1/5
f 7672/1/5 7659/1/5 7671/1/5
f 7673/1/5 7667/1/5 7666/1/5
f 7673/1/5 7670/1/5 7669/1/5
f 7673/1/5 7663/1/5 7662/1/5
f 7673/1/5 7668/1/5 7667/1/5
f 7673/1/5 7669/1/5 7668/1/5
f 7673/1/5 7664/1/5 7663/1/5
f 7673/1/5 7666/1/5 7665/1/5
f 7673/1/5 7665/1/5 7664/1/5
f 7674/1/5 7670/1/5 7673/1/5
f 7675/1/5 7670/1/5 7674/1/5
f 7676/1/5 7670/1/5 7675/1/5
f 7677/1/5 7670/1/5 7676/1/5
f 7678/1/5 7670/1/5 7677/1/5
f 7679/1/5 7670/1/5 7678/1/5
f 7680/1/5 7670/1/5 7679/1/5
f 7681/1/5 7670/1/5 7680/1/5
f 7682/1/5 7675/1/5 7674/1/5
f 7683/1/5 7675/1/5 7682/1/5
f 7684/1/5 7675/1/5 7683/1/5
f 7685/1/5 7677/1/5 7676/1/5
f 7686/1/5 7677/1/5 7685/1/5
f 7687/1/5 7677/1/5 7686/1/5
f 7688/1/5 7677/1/5 7687/1/5
f 7689/1/5 7677/1/5 7688/1/5
f 7690/1/5 7677/1/5 7689/1/5
f 7691/1/5 7677/1/5 7690/1/5
f 7692/1/5 7677/1/5 7691/1/5
f 7693/1/5 7679/1/5 7678/1/5
f 7694/1/5 7679/1/5 7693/1/5
f 7695/1/5 7679/1/5 7694/1/5
f 7696/1/5 7679/1/5 7695/1/5
f 7697/1/5 7679/1/5 7696/1/5
f 7698/1/5 7679/1/5 7697/1/5
f 7699/1/5 7679/1/5 7698/1/5
f 7700/1/5 7679/1/5 7699/1/5
f 7701/1/5 7670/1/5 7681/1/5
f 7702/1/5 7670/1/5 7701/1/5
f 7703/1/5 7670/1/5 7702/1/5
f 7704/1/5 7670/1/5 7703/1/5
f 7705/1/5 7670/1/5 7704/1/5
f 7706/1/5 7670/1/5 7705/1/5
f 7707/1/5 7670/1/5 7706/1/5
f 7708/1/5 7670/1/5 7707/1/5
f 7709/1/5 7687/1/5 7686/1/5
f 7710/1/5 7687/1/5 7709/1/5
f 7711/1/5 7689/1/5 7688/1/5
f 7712/1/5 7689/1/5 7711/1/5
f 7713/1/5 7689/1/5 7712/1/5
f 7714/1/5 7691/1/5 7690/1/5
f 7715/1/5 7691/1/5 7714/1/5
f 7716/1/5 7695/1/5 7694/1/5
f 7717/1/5 7695/1/5 7716/1/5
f 7718/1/5 7699/1/5 7698/1/5
f 7719/1/5 7699/1/5 7718/1/5
f 7720/1/5 7703/1/5 7702/1/5
f 7721/1/5 7703/1/5 7720/1/5
f 7722/1/5 7703/1/5 7721/1/5
f 7723/1/5 7705/1/5 7704/1/5
f 7724/1/5 7705/1/5 7723/1/5
f 7725/1/5 7705/1/5 7724/1/5
f 7726/1/5 7705/1/5 7725/1/5
f 7727/1/5 7707/1/5 7706/1/5
f 7728/1/5 7707/1/5 7727/1/5
f 7729/1/5 7707/1/5 7728/1/5
f 7730/1/5 7721/1/5 7720/1/5
f 7731/1/5 7721/1/5 7730/1/5
f 7732/1/5 7725/1/5 7724/1/5
f 7733/1/5 7725/1/5 7732/1/5
f 7741/1/5 7735/1/5 7734/1/5
f 7741/1/5 7736/1/5 7735/1/5
f 7743/1/5 7738/1/5 7737/1/5
f 7744/1/5 7738/1/5 7743/1/5
f 7745/1/5 7740/1/5 7739/1/5
f 7748/1/5 7745/1/5 7744/1/5
f 7748/1/5 7740/1/5 7745/1/5
f 7748/1/5 7744/1/5 7743/1/5
f 7748/1/5 7743/1/5 7742/1/5
f 7748/1/5 7742/1/5 7741/1/5
f 7749/1/5 7747/1/5 7746/1/5
f 7750/1/5 7748/1/5 7741/1/5
f 7750/1/5 7749/1/5 7748/1/5
f 7750/1/5 7741/1/5 7734/1/5
f 7751/1/5 7747/1/5 7749/1/5
f 7751/1/5 7749/1/5 7750/1/5
f 7752/1/5 7751/1/5 7750/1/5
f 7753/1/5 7751/1/5 7752/1/5
f 7754/1/5 7751/1/5 7753/1/5
f 7755/1/5 7751/1/5 7754/1/5
f 7756/1/5 7751/1/5 7755/1/5
f 7757/1/5 7751/1/5 7756/1/5
f 7758/1/5 7751/1/5 7757/1/5
f 7759/1/5 7751/1/5 7758/1/5
f 7760/1/5 7753/1/5 7752/1/5
f 7761/1/5 7753/1/5 7760/1/5
f 7762/3/5 7754/3/5 7753/3/5
f 7762/1/5 7753/1/5 7761/1/5
f 7763/1/5 7755/1/5 7754/1/5
f 7763/3/5 7754/3/5 7762/3/5
f 7764/1/5 7755/1/5 7763/1/5
f 7765/3/5 7756/3/5 7755/3/5
f 7765/1/5 7755/1/5 7764/1/5
f 7766/1/5 7757/1/5 7756/1/5
f 7766/3/5 7756/3/5 7765/3/5
f 7767/1/5 7757/1/5 7766/1/5
f 7768/3/5 7758/3/5 7757/3/5
f 7768/1/5 7757/1/5 7767/1/5
f 7769/3/5 7758/3/5 7768/3/5
f 7770/3/5 7758/3/5 7769/3/5
f 7771/3/5 7758/3/5 7770/3/5
f 7772/3/5 7758/3/5 7771/3/5
f 7773/3/5 7758/3/5 7772/3/5
f 7774/1/5 7759/1/5 7758/1/5
f 7774/3/5 7758/3/5 7773/3/5
f 7775/1/5 7759/1/5 7774/1/5
f 7780/2/5 7777/2/5 7776/2/5
f 7781/2/5 7777/2/5 7780/2/5
f 7782/2/5 7779/2/5 7778/2/5
f 7783/2/5 7779/2/5 7782/2/5
f 7788/2/5 7785/2/5 7784/2/5
f 7789/2/5 7785/2/5 7788/2/5
f 7790/2/5 7787/2/5 7786/2/5
f 7791/2/5 7787/2/5 7790/2/5
f 7794/4/5 7793/4/5 7792/4/5
f 7795/4/5 7793/4/5 7794/4/5
f 7796/4/5 7793/4/5 7795/4/5
f 7797/4/5 7793/4/5 7796/4/5
f 7798/4/5 7793/4/5 7797/4/5
f 7799/4/5 7793/4/5 7798/4/5
f 7800/4/5 7793/4/5 7799/4/5
f 7801/4/5 7793/4/5 7800/4/5
f 7802/4/6 7803/4/6 7806/4/6
f 7806/4/6 7803/4/6 7807/4/6
f 7804/4/6 7805/4/6 7808/4/6
f 7808/4/6 7805/4/6 7809/4/6
f 7810/2/6 7811/2/6 7814/2/6
f 7814/2/6 7811/2/6 7815/2/6
f 7812/2/6 7813/2/6 7816/2/6
f 7816/2/6 7813/2/6 7817/2/6
f 7818/2/6 7819/2/6 7822/2/6
f 7822/2/6 7819/2/6 7823/2/6
f 7820/2/6 7821/2/6 7824/2/6
f 7824/2/6 7821/2/6 7825/2/6
f 7826/4/6 7827/4/6 7830/4/6
f 7830/4/6 7827/4/6 7831/4/6
f 7828/4/6 7829/4/6 7832/4/6
f 7832/4/6 7829/4/6 7833/4/6
f 7834/4/6 7835/4/6 7838/4/6
f 7838/4/6 7835/4/6 7839/4/6
f 7836/4/6 7837/4/6 7840/4/6
f 7840/4/6 7837/4/6 7841/4/6
f 7842/4/6 7843/4/6 7846/4/6
f 7843/2/6 7844/2/6 7847/2/6
f 7846/4/6 7843/4/6 7847/4/6
f 7847/2/6 7844/2/6 7848/2/6
f 7848/2/6 7844/2/6 7849/2/6
f 7849/2/6 7844/2/6 7850/2/6
f 7850/2/6 7844/2/6 7851/2/6
f 7851/2/6 7844/2/6 7852/2/6
f 7852/2/6 7844/2/6 7853/2/6
f 7853/2/6 7844/2/6 7854/2/6
f 7854/2/6 7844/2/6 7855/2/6
f 7855/2/6 7844/2/6 7856/2/6
f 7856/2/6 7844/2/6 7857/2/6
f 7857/2/6 7844/2/6 7858/2/6
f 7858/2/6 7844/2/6 7859/2/6
f 7859/2/6 7844/2/6 7860/2/6
f 7860/2/6 7844/2/6 7861/2/6
f 7844/4/6 7845/4/6 7862/4/6
f 7861/2/6 7844/2/6 7862/2/6
f 7862/4/6 7845/4/6 7863/4/6
f 7847/4/6 7848/4/6 7864/4/6
f 7864/4/6 7848/4/6 7865/4/6
f 7865/4/6 7848/4/6 7866/4/6
f 7848/2/6 7849/2/6 7867/2/6
f 7849/4/6 7850/4/6 7867/4/6
f 7867/4/6 7850/4/6 7868/4/6
f 7850/2/6 7851/2/6 7869/2/6
f 7868/4/6 7850/4/6 7869/4/6
f 7851/4/6 7852/4/6 7870/4/6
f 7869/2/6 7851/2/6 7870/2/6
f 7852/2/6 7853/2/6 7871/2/6
f 7870/4/6 7852/4/6 7871/4/6
f 7853/4/6 7854/4/6 7872/4/6
f 7871/2/6 7853/2/6 7872/2/6
f 7854/2/6 7855/2/6 7873/2/6
f 7872/4/6 7854/4/6 7873/4/6
f 7855/4/6 7856/4/6 7874/4/6
f 7873/2/6 7855/2/6 7874/2/6
f 7874/4/6 7856/4/6 7875/4/6
f 7856/2/6 7857/2/6 7876/2/6
f 7875/4/6 7856/4/6 7876/4/6
f 7857/4/6 7858/4/6 7877/4/6
f 7876/2/6 7857/2/6 7877/2/6
f 7861/4/6 7862/4/6 7878/4/6
f 7864/4/6 7865/4/6 7879/4/6
f 7879/4/6 7865/4/6 7880/4/6
f 7866/4/6 7848/4/6 7881/4/6
f 7867/2/6 7868/2/6 7882/2/6
f 7881/4/6 7848/4/6 7882/4/6
f 7848/2/6 7867/2/6 7882/2/6
f 7882/2/6 7868/2/6 7883/2/6
f 7883/2/6 7868/2/6 7884/2/6
f 7868/4/6 7869/4/6 7885/4/6
f 7884/2/6 7868/2/6 7885/2/6
f 7869/4/6 7870/4/6 7885/4/6
f 7870/4/6 7871/4/6 7885/4/6
f 7871/4/6 7872/4/6 7885/4/6
f 7872/4/6 7873/4/6 7885/4/6
f 7873/4/6 7874/4/6 7885/4/6
f 7885/4/6 7874/4/6 7886/4/6
f 7886/4/6 7874/4/6 7887/4/6
f 7887/4/6 7874/4/6 7888/4/6
f 7888/4/6 7874/4/6 7889/4/6
f 7874/2/6 7875/2/6 7890/2/6
f 7889/4/6 7874/4/6 7890/4/6
f 7876/4/6 7877/4/6 7891/4/6
f 7890/2/6 7875/2/6 7891/2/6
f 7875/4/6 7876/4/6 7891/4/6
f 7877/4/6 7858/4/6 7892/4/6
f 7891/4/6 7877/4/6 7892/4/6
f 7858/2/6 7859/2/6 7892/2/6
f 7892/2/6 7859/2/6 7893/2/6
f 7859/4/6 7860/4/6 7894/4/6
f 7893/2/6 7859/2/6 7894/2/6
f 7894/4/6 7860/4/6 7895/4/6
f 7882/2/6 7883/2/6 7896/2/6
f 7896/2/6 7883/2/6 7897/2/6
f 7897/2/6 7883/2/6 7898/2/6
f 7885/2/6 7886/2/6 7899/2/6
f 7884/2/6 7885/2/6 7899/2/6
f 7899/2/6 7886/2/6 7900/2/6
f 7900/2/6 7886/2/6 7901/2/6
f 7886/4/6 7887/4/6 7902/4/6
f 7901/2/6 7886/2/6 7902/2/6
f 7902/4/6 7887/4/6 7903/4/6
f 7903/4/6 7887/4/6 7904/4/6
f 7904/4/6 7887/4/6 7905/4/6
f 7887/2/6 7888/2/6 7906/2/6
f 7905/4/6 7887/4/6 7906/4/6
f 7906/2/6 7888/2/6 7907/2/6
f 7890/2/6 7891/2/6 7908/2/6
f 7891/2/6 7892/2/6 7908/2/6
f 7892/2/6 7893/2/6 7908/2/6
f 7908/2/6 7893/2/6 7909/2/6
f 7909/2/6 7893/2/6 7910/2/6
f 7910/2/6 7893/2/6 7911/2/6
f 7911/2/6 7893/2/6 7912/2/6
f 7912/2/6 7893/2/6 7913/2/6
f 7895/4/6 7860/4/6 7914/4/6
f 7914/4/6 7860/4/6 7915/4/6
f 7915/4/6 7860/4/6 7916/4/6
f 7916/4/6 7860/4/6 7917/4/6
f 7917/4/6 7860/4/6 7918/4/6
f 7918/4/6 7860/4/6 7919/4/6
f 7919/4/6 7860/4/6 7920/4/6
f 7860/2/6 7861/2/6 7921/2/6
f 7920/4/6 7860/4/6 7921/4/6
f 7861/4/6 7878/4/6 7922/4/6
f 7921/2/6 7861/2/6 7922/2/6
f 7922/4/6 7878/4/6 7923/4/6
f 7923/4/6 7878/4/6 7924/4/6
f 7924/4/6 7878/4/6 7925/4/6
f 7925/4/6 7878/4/6 7926/4/6
f 7900/2/6 7901/2/6 7927/2/6
f 7927/2/6 7901/2/6 7928/2/6
f 7903/4/6 7904/4/6 7929/4/6
f 7929/4/6 7904/4/6 7930/4/6
f 7930/4/6 7904/4/6 7931/4/6
f 7905/4/6 7906/4/6 7932/4/6
f 7932/4/6 7906/4/6 7933/4/6
f 7909/4/6 7910/4/6 7934/4/6
f 7934/4/6 7910/4/6 7935/4/6
f 7911/2/6 7912/2/6 7936/2/6
f 7936/2/6 7912/2/6 7937/2/6
f 7916/2/6 7917/2/6 7938/2/6
f 7915/4/6 7916/4/6 7938/4/6
f 7938/2/6 7917/2/6 7939/2/6
f 7918/2/6 7919/2/6 7940/2/6
f 7940/2/6 7919/2/6 7941/2/6
f 7919/4/6 7920/4/6 7942/4/6
f 7941/2/6 7919/2/6 7942/2/6
f 7942/4/6 7920/4/6 7943/4/6
f 7922/4/6 7923/4/6 7944/4/6
f 7921/4/6 7922/4/6 7944/4/6
f 7944/4/6 7923/4/6 7945/4/6
f 7945/4/6 7923/4/6 7946/4/6
f 7915/4/6 7938/4/6 7947/4/6
f 7947/4/6 7938/4/6 7948/4/6
f 7941/2/6 7942/2/6 7949/2/6
f 7949/2/6 7942/2/6 7950/2/6
f 7951/4/6 7952/4/6 7959/4/6
f 7952/4/6 7953/4/6 7959/4/6
f 7959/4/6 7953/4/6 7960/4/6
f 7953/2/6 7954/2/6 7961/2/6
f 7960/4/6 7953/4/6 7961/4/6
f 7961/2/6 7954/2/6 7962/2/6
f 7955/2/6 7956/2/6 7964/2/6
f 7964/2/6 7956/2/6 7965/2/6
f 7957/4/6 7958/4/6 7966/4/6
f 7966/4/6 7958/4/6 7967/4/6
f 7967/4/6 7958/4/6 7968/4/6
f 7968/4/6 7958/4/6 7969/4/6
f 7959/4/6 7960/4/6 7976/4/6
f 7964/2/6 7965/2/6 7977/2/6
f 7976/4/6 7960/4/6 7977/4/6
f 7962/2/6 7963/2/6 7977/2/6
f 7960/2/6 7961/2/6 7977/2/6
f 7961/2/6 7962/2/6 7977/2/6
f 7963/2/6 7964/2/6 7977/2/6
f 7965/2/6 7966/2/6 7977/2/6
f 7966/2/6 7967/2/6 7977/2/6
f 7977/2/6 7967/2/6 7978/2/6
f 7978/2/6 7967/2/6 7979/2/6
f 7967/4/6 7968/4/6 7980/4/6
f 7979/2/6 7967/2/6 7980/2/6
f 7980/4/6 7968/4/6 7981/4/6
f 7968/2/6 7969/2/6 7982/2/6
f 7981/4/6 7968/4/6 7982/4/6
f 7982/2/6 7969/2/6 7983/2/6
f 7970/4/6 7971/4/6 7985/4/6
f 7971/2/6 7972/2/6 7986/2/6
f 7972/2/6 7973/2/6 7986/2/6
f 7985/4/6 7971/4/6 7986/4/6
f 7986/2/6 7973/2/6 7987/2/6
f 7973/4/6 7974/4/6 7988/4/6
f 7987/2/6 7973/2/6 7988/2/6
f 7974/2/6 7975/2/6 7989/2/6
f 7988/4/6 7974/4/6 7989/4/6
f 7959/4/6 7976/4/6 7990/4/6
f 7976/2/6 7977/2/6 7991/2/6
f 7990/4/6 7976/4/6 7991/4/6
f 7977/2/6 7978/2/6 7991/2/6
f 7991/2/6 7978/2/6 7992/2/6
f 7978/4/6 7979/4/6 7993/4/6
f 7992/2/6 7978/2/6 7993/2/6
f 7993/4/6 7979/4/6 7994/4/6
f 7994/4/6 7979/4/6 7995/4/6
f 7980/2/6 7981/2/6 7996/2/6
f 7995/4/6 7979/4/6 7996/4/6
f 7979/2/6 7980/2/6 7996/2/6
f 7996/2/6 7981/2/6 7997/2/6
f 7981/4/6 7982/4/6 7998/4/6
f 7997/2/6 7981/2/6 7998/2/6
f 7982/4/6 7983/4/6 7998/4/6
f 7998/4/6 7983/4/6 7999/4/6
f 7983/2/6 7984/2/6 8000/2/6
f 7999/4/6 7983/4/6 8000/4/6
f 8000/2/6 7984/2/6 8001/2/6
f 7984/4/6 7985/4/6 8002/4/6
f 8001/2/6 7984/2/6 8002/2/6
f 7986/4/6 7987/4/6 8002/4/6
f 7985/4/6 7986/4/6 8002/4/6
f 8002/4/6 7987/4/6 8003/4/6
f 7987/2/6 7988/2/6 8004/2/6
f 8003/4/6 7987/4/6 8004/4/6
f 7988/2/6 7989/2/6 8004/2/6
f 7989/2/6 7975/2/6 8005/2/6
f 8004/2/6 7989/2/6 8005/2/6
f 7991/2/6 7992/2/6 8006/2/6
f 7959/4/6 7990/4/6 8006/4/6
f 7990/2/6 7991/2/6 8006/2/6
f 8006/2/6 7992/2/6 8007/2/6
f 8007/2/6 7992/2/6 8008/2/6
f 7993/4/6 7994/4/6 8009/4/6
f 8008/2/6 7992/2/6 8009/2/6
f 7992/4/6 7993/4/6 8009/4/6
f 8009/4/6 7994/4/6 8010/4/6
f 8010/4/6 7994/4/6 8011/4/6
f 8011/4/6 7994/4/6 8012/4/6
f 7994/2/6 7995/2/6 8013/2/6
f 8012/4/6 7994/4/6 8013/4/6
f 8013/2/6 7995/2/6 8014/2/6
f 7996/4/6 7997/4/6 8015/4/6
f 8014/2/6 7995/2/6 8015/2/6
f 7995/4/6 7996/4/6 8015/4/6
f 8015/4/6 7997/4/6 8016/4/6
f 7998/2/6 7999/2/6 8017/2/6
f 8016/4/6 7997/4/6 8017/4/6
f 7997/2/6 7998/2/6 8017/2/6
f 8017/2/6 7999/2/6 8018/2/6
f 8000/4/6 8001/4/6 8019/4/6
f 8018/2/6 7999/2/6 8019/2/6
f 7999/4/6 8000/4/6 8019/4/6
f 8019/4/6 8001/4/6 8020/4/6
f 8002/2/6 8003/2/6 8021/2/6
f 8020/4/6 8001/4/6 8021/4/6
f 8001/2/6 8002/2/6 8021/2/6
f 8003/4/6 8004/4/6 8022/4/6
f 8021/2/6 8003/2/6 8022/2/6
f 8004/4/6 8005/4/6 8022/4/6
f 8022/4/6 8005/4/6 8023/4/6
f 8005/2/6 7975/2/6 8024/2/6
f 8023/4/6 8005/4/6 8024/4/6
f 8024/2/6 7975/2/6 8025/2/6
f 8006/4/6 8007/4/6 8026/4/6
f 7959/4/6 8006/4/6 8026/4/6
f 8007/2/6 8008/2/6 8027/2/6
f 8026/4/6 8007/4/6 8027/4/6
f 8008/4/6 8009/4/6 8028/4/6
f 8027/2/6 8008/2/6 8028/2/6
f 8009/4/6 8010/4/6 8028/4/6
f 8028/4/6 8010/4/6 8029/4/6
f 8010/2/6 8011/2/6 8030/2/6
f 8029/4/6 8010/4/6 8030/4/6
f 8011/4/6 8012/4/6 8031/4/6
f 8030/2/6 8011/2/6 8031/2/6
f 8012/2/6 8013/2/6 8032/2/6
f 8031/4/6 8012/4/6 8032/4/6
f 8013/4/6 8014/4/6 8033/4/6
f 8032/2/6 8013/2/6 8033/2/6
f 8033/4/6 8014/4/6 8034/4/6
f 8015/2/6 8016/2/6 8035/2/6
f 8014/2/6 8015/2/6 8035/2/6
f 8017/4/6 8018/4/6 8036/4/6
f 8035/2/6 8016/2/6 8036/2/6
f 8016/4/6 8017/4/6 8036/4/6
f 8019/2/6 8020/2/6 8037/2/6
f 8036/4/6 8018/4/6 8037/4/6
f 8018/2/6 8019/2/6 8037/2/6
f 8037/2/6 8020/2/6 8038/2/6
f 8020/4/6 8021/4/6 8039/4/6
f 8038/2/6 8020/2/6 8039/2/6
f 8021/4/6 8022/4/6 8039/4/6
f 8039/4/6 8022/4/6 8040/4/6
f 8022/2/6 8023/2/6 8041/2/6
f 8040/4/6 8022/4/6 8041/4/6
f 8024/4/6 8025/4/6 8042/4/6
f 8041/2/6 8023/2/6 8042/2/6
f 8023/4/6 8024/4/6 8042/4/6
f 8028/4/6 8029/4/6 8043/4/6
f 8027/4/6 8028/4/6 8043/4/6
f 8026/4/6 8027/4/6 8043/4/6
f 8043/4/6 8029/4/6 8044/4/6
f 8044/4/6 8029/4/6 8045/4/6
f 8045/4/6 8029/4/6 8046/4/6
f 8029/2/6 8030/2/6 8047/2/6
f 8046/4/6 8029/4/6 8047/4/6
f 8032/2/6 8033/2/6 8047/2/6
f 8031/2/6 8032/2/6 8047/2/6
f 8030/2/6 8031/2/6 8047/2/6
f 8033/2/6 8034/2/6 8047/2/6
f 8047/2/6 8034/2/6 8048/2/6
f 8034/4/6 8014/4/6 8049/4/6
f 8048/2/6 8034/2/6 8049/2/6
f 8014/2/6 8035/2/6 8050/2/6
f 8049/4/6 8014/4/6 8050/4/6
f 8050/2/6 8035/2/6 8051/2/6
f 8037/4/6 8038/4/6 8052/4/6
f 8051/2/6 8035/2/6 8052/2/6
f 8035/4/6 8036/4/6 8052/4/6
f 8036/4/6 8037/4/6 8052/4/6
f 8052/4/6 8038/4/6 8053/4/6
f 8053/4/6 8038/4/6 8054/4/6
f 8039/2/6 8040/2/6 8055/2/6
f 8041/4/6 8042/4/6 8055/4/6
f 8038/2/6 8039/2/6 8055/2/6
f 8040/4/6 8041/4/6 8055/4/6
f 8042/4/6 8025/4/6 8056/4/6
f 8055/4/6 8042/4/6 8056/4/6
f 8044/4/6 8045/4/6 8057/4/6
f 8043/2/6 8044/2/6 8057/2/6
f 8045/2/6 8046/2/6 8058/2/6
f 8057/4/6 8045/4/6 8058/4/6
f 8047/4/6 8048/4/6 8059/4/6
f 8058/2/6 8046/2/6 8059/2/6
f 8046/4/6 8047/4/6 8059/4/6
f 8059/4/6 8048/4/6 8060/4/6
f 8048/2/6 8049/2/6 8061/2/6
f 8060/4/6 8048/4/6 8061/4/6
f 8050/2/6 8051/2/6 8061/2/6
f 8049/2/6 8050/2/6 8061/2/6
f 8051/4/6 8052/4/6 8062/4/6
f 8061/2/6 8051/2/6 8062/2/6
f 8052/4/6 8053/4/6 8062/4/6
f 8053/2/6 8054/2/6 8063/2/6
f 8062/4/6 8053/4/6 8063/4/6
f 8054/4/6 8038/4/6 8064/4/6
f 8063/2/6 8054/2/6 8064/2/6
f 8038/2/6 8055/2/6 8065/2/6
f 8064/4/6 8038/4/6 8065/4/6
f 8055/2/6 8056/2/6 8065/2/6
f 8056/4/6 8025/4/6 8066/4/6
f 8065/2/6 8056/2/6 8066/2/6
f 8066/4/6 8025/4/6 8067/4/6
f 8067/4/6 8025/4/6 8068/4/6
f 8059/2/6 8060/2/6 8069/2/6
f 8043/2/6 8057/2/6 8069/2/6
f 8058/2/6 8059/2/6 8069/2/6
f 8057/2/6 8058/2/6 8069/2/6
f 8069/2/6 8060/2/6 8070/2/6
f 8060/4/6 8061/4/6 8071/4/6
f 8070/2/6 8060/2/6 8071/2/6
f 8062/4/6 8063/4/6 8071/4/6
f 8063/4/6 8064/4/6 8071/4/6
f 8061/4/6 8062/4/6 8071/4/6
f 8071/4/6 8064/4/6 8072/4/6
f 8072/4/6 8064/4/6 8073/4/6
f 8066/2/6 8067/2/6 8074/2/6
f 8073/4/6 8064/4/6 8074/4/6
f 8064/2/6 8065/2/6 8074/2/6
f 8065/2/6 8066/2/6 8074/2/6
f 8067/4/6 8068/4/6 8075/4/6
f 8074/2/6 8067/2/6 8075/2/6
f 8075/4/6 8068/4/6 8076/4/6
f 8069/2/6 8070/2/6 8077/2/6
f 8070/4/6 8071/4/6 8078/4/6
f 8077/2/6 8070/2/6 8078/2/6
f 8078/4/6 8071/4/6 8079/4/6
f 8079/4/6 8071/4/6 8080/4/6
f 8072/4/6 8073/4/6 8081/4/6
f 8071/2/6 8072/2/6 8081/2/6
f 8073/2/6 8074/2/6 8082/2/6
f 8081/4/6 8073/4/6 8082/4/6
f 8074/2/6 8075/2/6 8082/2/6
f 8075/2/6 8076/2/6 8082/2/6
f 8082/2/6 8076/2/6 8083/2/6
f 8083/2/6 8076/2/6 8084/2/6
f 8076/4/6 8068/4/6 8085/4/6
f 8084/2/6 8076/2/6 8085/2/6
f 8085/4/6 8068/4/6 8086/4/6
f 8069/2/6 8077/2/6 8087/2/6
f 8087/2/6 8077/2/6 8088/2/6
f 8078/4/6 8079/4/6 8089/4/6
f 8088/2/6 8077/2/6 8089/2/6
f 8077/4/6 8078/4/6 8089/4/6
f 8079/2/6 8080/2/6 8090/2/6
f 8089/4/6 8079/4/6 8090/4/6
f 8080/4/6 8071/4/6 8091/4/6
f 8090/2/6 8080/2/6 8091/2/6
f 8071/2/6 8081/2/6 8092/2/6
f 8091/4/6 8071/4/6 8092/4/6
f 8081/2/6 8082/2/6 8092/2/6
f 8082/2/6 8083/2/6 8092/2/6
f 8092/2/6 8083/2/6 8093/2/6
f 8093/2/6 8083/2/6 8094/2/6
f 8083/4/6 8084/4/6 8095/4/6
f 8094/2/6 8083/2/6 8095/2/6
f 8085/2/6 8086/2/6 8096/2/6
f 8095/4/6 8084/4/6 8096/4/6
f 8084/2/6 8085/2/6 8096/2/6
f 8096/2/6 8086/2/6 8097/2/6
f 8090/2/6 8091/2/6 8098/2/6
f 8089/2/6 8090/2/6 8098/2/6
f 8088/2/6 8089/2/6 8098/2/6
f 8087/4/6 8088/4/6 8098/4/6
f 8091/2/6 8092/2/6 8098/2/6
f 8098/2/6 8092/2/6 8099/2/6
f 8099/2/6 8092/2/6 8100/2/6
f 8092/4/6 8093/4/6 8101/4/6
f 8100/2/6 8092/2/6 8101/2/6
f 8101/4/6 8093/4/6 8102/4/6
f 8093/2/6 8094/2/6 8103/2/6
f 8102/4/6 8093/4/6 8103/4/6
f 8103/2/6 8094/2/6 8104/2/6
f 8096/4/6 8097/4/6 8105/4/6
f 8104/2/6 8094/2/6 8105/2/6
f 8095/4/6 8096/4/6 8105/4/6
f 8094/4/6 8095/4/6 8105/4/6
f 8105/4/6 8097/4/6 8106/4/6
f 8106/4/6 8097/4/6 8107/4/6
f 8107/4/6 8097/4/6 8108/4/6
f 8097/2/6 8086/2/6 8109/2/6
f 8108/4/6 8097/4/6 8109/4/6
f 8109/2/6 8086/2/6 8110/2/6
f 8087/4/6 8098/4/6 8111/4/6
f 8098/4/6 8099/4/6 8111/4/6
f 8111/4/6 8099/4/6 8112/4/6
f 8099/2/6 8100/2/6 8113/2/6
f 8112/4/6 8099/4/6 8113/4/6
f 8100/4/6 8101/4/6 8114/4/6
f 8101/2/6 8102/2/6 8115/2/6
f 8114/4/6 8101/4/6 8115/4/6
f 8103/4/6 8104/4/6 8116/4/6
f 8115/2/6 8102/2/6 8116/2/6
f 8102/4/6 8103/4/6 8116/4/6
f 8116/4/6 8104/4/6 8117/4/6
f 8104/2/6 8105/2/6 8118/2/6
f 8117/4/6 8104/4/6 8118/4/6
f 8105/2/6 8106/2/6 8118/2/6
f 8118/2/6 8106/2/6 8119/2/6
f 8119/2/6 8106/2/6 8120/2/6
f 8120/2/6 8106/2/6 8121/2/6
f 8106/4/6 8107/4/6 8122/4/6
f 8121/2/6 8106/2/6 8122/2/6
f 8122/4/6 8107/4/6 8123/4/6
f 8107/2/6 8108/2/6 8124/2/6
f 8123/4/6 8107/4/6 8124/4/6
f 8124/2/6 8108/2/6 8125/2/6
f 8109/4/6 8110/4/6 8126/4/6
f 8108/4/6 8109/4/6 8126/4/6
f 8126/4/6 8110/4/6 8127/4/6
f 8112/2/6 8113/2/6 8128/2/6
f 8111/4/6 8112/4/6 8128/4/6
f 8113/2/6 8100/2/6 8129/2/6
f 8128/2/6 8113/2/6 8129/2/6
f 8100/4/6 8114/4/6 8130/4/6
f 8129/2/6 8100/2/6 8130/2/6
f 8114/2/6 8115/2/6 8131/2/6
f 8130/4/6 8114/4/6 8131/4/6
f 8116/2/6 8117/2/6 8131/2/6
f 8115/2/6 8116/2/6 8131/2/6
f 8131/2/6 8117/2/6 8132/2/6
f 8117/4/6 8118/4/6 8133/4/6
f 8132/2/6 8117/2/6 8133/2/6
f 8118/4/6 8119/4/6 8133/4/6
f 8119/2/6 8120/2/6 8134/2/6
f 8133/4/6 8119/4/6 8134/4/6
f 8120/4/6 8121/4/6 8135/4/6
f 8134/2/6 8120/2/6 8135/2/6
f 8135/4/6 8121/4/6 8136/4/6
f 8122/2/6 8123/2/6 8137/2/6
f 8136/4/6 8121/4/6 8137/4/6
f 8121/2/6 8122/2/6 8137/2/6
f 8137/2/6 8123/2/6 8138/2/6
f 8123/4/6 8124/4/6 8139/4/6
f 8138/2/6 8123/2/6 8139/2/6
f 8124/4/6 8125/4/6 8139/4/6
f 8139/4/6 8125/4/6 8140/4/6
f 8125/2/6 8108/2/6 8141/2/6
f 8140/4/6 8125/4/6 8141/4/6
f 8141/2/6 8108/2/6 8142/2/6
f 8108/4/6 8126/4/6 8143/4/6
f 8142/2/6 8108/2/6 8143/2/6
f 8143/4/6 8126/4/6 8144/4/6
f 8126/2/6 8127/2/6 8145/2/6
f 8144/4/6 8126/4/6 8145/4/6
f 8129/2/6 8130/2/6 8146/2/6
f 8128/4/6 8129/4/6 8146/4/6
f 8131/2/6 8132/2/6 8146/2/6
f 8130/2/6 8131/2/6 8146/2/6
f 8146/2/6 8132/2/6 8147/2/6
f 8147/2/6 8132/2/6 8148/2/6
f 8135/4/6 8136/4/6 8149/4/6
f 8148/2/6 8132/2/6 8149/2/6
f 8133/4/6 8134/4/6 8149/4/6
f 8132/4/6 8133/4/6 8149/4/6
f 8134/4/6 8135/4/6 8149/4/6
f 8149/4/6 8136/4/6 8150/4/6
f 8137/2/6 8138/2/6 8151/2/6
f 8150/4/6 8136/4/6 8151/4/6
f 8136/2/6 8137/2/6 8151/2/6
f 8151/2/6 8138/2/6 8152/2/6
f 8139/4/6 8140/4/6 8153/4/6
f 8152/2/6 8138/2/6 8153/2/6
f 8138/4/6 8139/4/6 8153/4/6
f 8153/4/6 8140/4/6 8154/4/6
f 8141/2/6 8142/2/6 8155/2/6
f 8154/4/6 8140/4/6 8155/4/6
f 8140/2/6 8141/2/6 8155/2/6
f 8155/2/6 8142/2/6 8156/2/6
f 8143/4/6 8144/4/6 8157/4/6
f 8156/2/6 8142/2/6 8157/2/6
f 8142/4/6 8143/4/6 8157/4/6
f 8157/4/6 8144/4/6 8158/4/6
f 8144/2/6 8145/2/6 8159/2/6
f 8158/4/6 8144/4/6 8159/4/6
f 8159/2/6 8145/2/6 8160/2/6
f 8145/2/6 8127/2/6 8161/2/6
f 8160/2/6 8145/2/6 8161/2/6
f 8111/4/6 8128/4/6 8162/4/6
f 8146/4/6 8147/4/6 8162/4/6
f 8128/4/6 8146/4/6 8162/4/6
f 8162/4/6 8147/4/6 8163/4/6
f 8163/4/6 8147/4/6 8164/4/6
f 8147/2/6 8148/2/6 8165/2/6
f 8164/4/6 8147/4/6 8165/4/6
f 8165/2/6 8148/2/6 8166/2/6
f 8166/2/6 8148/2/6 8167/2/6
f 8149/4/6 8150/4/6 8168/4/6
f 8167/2/6 8148/2/6 8168/2/6
f 8148/4/6 8149/4/6 8168/4/6
f 8168/4/6 8150/4/6 8169/4/6
f 8151/2/6 8152/2/6 8170/2/6
f 8169/4/6 8150/4/6 8170/4/6
f 8150/2/6 8151/2/6 8170/2/6
f 8170/2/6 8152/2/6 8171/2/6
f 8153/4/6 8154/4/6 8172/4/6
f 8171/2/6 8152/2/6 8172/2/6
f 8152/4/6 8153/4/6 8172/4/6
f 8155/2/6 8156/2/6 8173/2/6
f 8172/4/6 8154/4/6 8173/4/6
f 8154/2/6 8155/2/6 8173/2/6
f 8157/4/6 8158/4/6 8174/4/6
f 8173/2/6 8156/2/6 8174/2/6
f 8156/4/6 8157/4/6 8174/4/6
f 8174/4/6 8158/4/6 8175/4/6
f 8159/2/6 8160/2/6 8176/2/6
f 8175/4/6 8158/4/6 8176/4/6
f 8158/2/6 8159/2/6 8176/2/6
f 8176/2/6 8160/2/6 8177/2/6
f 8160/4/6 8161/4/6 8178/4/6
f 8177/2/6 8160/2/6 8178/2/6
f 8161/2/6 8127/2/6 8179/2/6
f 8178/4/6 8161/4/6 8179/4/6
f 8179/2/6 8127/2/6 8180/2/6
f 8162/4/6 8163/4/6 8181/4/6
f 8163/2/6 8164/2/6 8182/2/6
f 8181/4/6 8163/4/6 8182/4/6
f 8165/4/6 8166/4/6 8183/4/6
f 8182/2/6 8164/2/6 8183/2/6
f 8164/4/6 8165/4/6 8183/4/6
f 8166/2/6 8167/2/6 8184/2/6
f 8183/4/6 8166/4/6 8184/4/6
f 8168/4/6 8169/4/6 8185/4/6
f 8184/2/6 8167/2/6 8185/2/6
f 8167/4/6 8168/4/6 8185/4/6
f 8185/4/6 8169/4/6 8186/4/6
f 8170/2/6 8171/2/6 8187/2/6
f 8186/4/6 8169/4/6 8187/4/6
f 8169/2/6 8170/2/6 8187/2/6
f 8187/2/6 8171/2/6 8188/2/6
f 8188/2/6 8171/2/6 8189/2/6
f 8189/2/6 8171/2/6 8190/2/6
f 8174/4/6 8175/4/6 8191/4/6
f 8190/2/6 8171/2/6 8191/2/6
f 8172/4/6 8173/4/6 8191/4/6
f 8171/4/6 8172/4/6 8191/4/6
f 8173/4/6 8174/4/6 8191/4/6
f 8191/4/6 8175/4/6 8192/4/6
f 8176/2/6 8177/2/6 8193/2/6
f 8192/4/6 8175/4/6 8193/4/6
f 8175/2/6 8176/2/6 8193/2/6
f 8177/4/6 8178/4/6 8194/4/6
f 8193/2/6 8177/2/6 8194/2/6
f 8179/4/6 8180/4/6 8194/4/6
f 8178/4/6 8179/4/6 8194/4/6
f 8194/4/6 8180/4/6 8195/4/6
f 8195/4/6 8180/4/6 8196/4/6
f 8181/2/6 8182/2/6 8197/2/6
f 8183/4/6 8184/4/6 8198/4/6
f 8185/4/6 8186/4/6 8198/4/6
f 8182/4/6 8183/4/6 8198/4/6
f 8184/4/6 8185/4/6 8198/4/6
f 8198/4/6 8186/4/6 8199/4/6
f 8199/4/6 8186/4/6 8200/4/6
f 8187/2/6 8188/2/6 8201/2/6
f 8200/4/6 8186/4/6 8201/4/6
f 8186/2/6 8187/2/6 8201/2/6
f 8201/2/6 8188/2/6 8202/2/6
f 8188/4/6 8189/4/6 8203/4/6
f 8202/2/6 8188/2/6 8203/2/6
f 8189/2/6 8190/2/6 8204/2/6
f 8203/4/6 8189/4/6 8204/4/6
f 8191/4/6 8192/4/6 8205/4/6
f 8204/2/6 8190/2/6 8205/2/6
f 8190/4/6 8191/4/6 8205/4/6
f 8205/4/6 8192/4/6 8206/4/6
f 8192/2/6 8193/2/6 8207/2/6
f 8206/4/6 8192/4/6 8207/4/6
f 8207/2/6 8193/2/6 8208/2/6
f 8194/4/6 8195/4/6 8209/4/6
f 8208/2/6 8193/2/6 8209/2/6
f 8193/4/6 8194/4/6 8209/4/6
f 8195/2/6 8196/2/6 8210/2/6
f 8209/4/6 8195/4/6 8210/4/6
f 8210/2/6 8196/2/6 8211/2/6
f 8199/4/6 8200/4/6 8212/4/6
f 8198/2/6 8199/2/6 8212/2/6
f 8212/4/6 8200/4/6 8213/4/6
f 8213/4/6 8200/4/6 8214/4/6
f 8201/2/6 8202/2/6 8215/2/6
f 8214/4/6 8200/4/6 8215/4/6
f 8200/2/6 8201/2/6 8215/2/6
f 8215/2/6 8202/2/6 8216/2/6
f 8202/4/6 8203/4/6 8217/4/6
f 8216/2/6 8202/2/6 8217/2/6
f 8205/4/6 8206/4/6 8217/4/6
f 8203/4/6 8204/4/6 8217/4/6
f 8204/4/6 8205/4/6 8217/4/6
f 8217/4/6 8206/4/6 8218/4/6
f 8218/4/6 8206/4/6 8219/4/6
f 8219/4/6 8206/4/6 8220/4/6
f 8220/4/6 8206/4/6 8221/4/6
f 8207/2/6 8208/2/6 8222/2/6
f 8221/4/6 8206/4/6 8222/4/6
f 8206/2/6 8207/2/6 8222/2/6
f 8222/2/6 8208/2/6 8223/2/6
f 8208/4/6 8209/4/6 8224/4/6
f 8223/2/6 8208/2/6 8224/2/6
f 8210/4/6 8211/4/6 8224/4/6
f 8209/4/6 8210/4/6 8224/4/6
f 8224/4/6 8211/4/6 8225/4/6
f 8225/4/6 8211/4/6 8226/4/6
f 8198/2/6 8212/2/6 8227/2/6
f 8212/2/6 8213/2/6 8227/2/6
f 8213/4/6 8214/4/6 8228/4/6
f 8227/2/6 8213/2/6 8228/2/6
f 8215/2/6 8216/2/6 8229/2/6
f 8228/4/6 8214/4/6 8229/4/6
f 8214/2/6 8215/2/6 8229/2/6
f 8229/2/6 8216/2/6 8230/2/6
f 8230/2/6 8216/2/6 8231/2/6
f 8216/4/6 8217/4/6 8232/4/6
f 8231/2/6 8216/2/6 8232/2/6
f 8232/4/6 8217/4/6 8233/4/6
f 8217/2/6 8218/2/6 8234/2/6
f 8233/4/6 8217/4/6 8234/4/6
f 8218/4/6 8219/4/6 8235/4/6
f 8234/2/6 8218/2/6 8235/2/6
f 8219/2/6 8220/2/6 8236/2/6
f 8220/4/6 8221/4/6 8237/4/6
f 8236/2/6 8220/2/6 8237/2/6
f 8237/4/6 8221/4/6 8238/4/6
f 8222/2/6 8223/2/6 8239/2/6
f 8238/4/6 8221/4/6 8239/4/6
f 8221/2/6 8222/2/6 8239/2/6
f 8239/2/6 8223/2/6 8240/2/6
f 8224/4/6 8225/4/6 8241/4/6
f 8240/2/6 8223/2/6 8241/2/6
f 8223/4/6 8224/4/6 8241/4/6
f 8241/4/6 8225/4/6 8242/4/6
f 8225/2/6 8226/2/6 8243/2/6
f 8242/4/6 8225/4/6 8243/4/6
f 8226/4/6 8211/4/6 8244/4/6
f 8243/2/6 8226/2/6 8244/2/6
f 8244/4/6 8211/4/6 8245/4/6
f 8197/2/6 8182/2/6 8246/2/6
f 8182/4/6 8198/4/6 8247/4/6
f 8246/2/6 8182/2/6 8247/2/6
f 8198/2/6 8227/2/6 8248/2/6
f 8247/4/6 8198/4/6 8248/4/6
f 8227/4/6 8228/4/6 8249/4/6
f 8248/2/6 8227/2/6 8249/2/6
f 8228/4/6 8229/4/6 8249/4/6
f 8229/4/6 8230/4/6 8249/4/6
f 8249/4/6 8230/4/6 8250/4/6
f 8230/2/6 8231/2/6 8251/2/6
f 8250/4/6 8230/4/6 8251/4/6
f 8251/2/6 8231/2/6 8252/2/6
f 8232/4/6 8233/4/6 8253/4/6
f 8252/2/6 8231/2/6 8253/2/6
f 8231/4/6 8232/4/6 8253/4/6
f 8253/4/6 8233/4/6 8254/4/6
f 8233/2/6 8234/2/6 8255/2/6
f 8254/4/6 8233/4/6 8255/4/6
f 8234/4/6 8235/4/6 8256/4/6
f 8255/2/6 8234/2/6 8256/2/6
f 8219/2/6 8236/2/6 8257/2/6
f 8256/4/6 8235/4/6 8257/4/6
f 8235/4/6 8219/4/6 8257/4/6
f 8237/4/6 8238/4/6 8258/4/6
f 8257/2/6 8236/2/6 8258/2/6
f 8236/4/6 8237/4/6 8258/4/6
f 8258/4/6 8238/4/6 8259/4/6
f 8239/2/6 8240/2/6 8260/2/6
f 8259/4/6 8238/4/6 8260/4/6
f 8238/2/6 8239/2/6 8260/2/6
f 8241/4/6 8242/4/6 8261/4/6
f 8260/2/6 8240/2/6 8261/2/6
f 8240/4/6 8241/4/6 8261/4/6
f 8261/4/6 8242/4/6 8262/4/6
f 8242/2/6 8243/2/6 8263/2/6
f 8262/4/6 8242/4/6 8263/4/6
f 8263/2/6 8243/2/6 8264/2/6
f 8244/4/6 8245/4/6 8265/4/6
f 8264/2/6 8243/2/6 8265/2/6
f 8243/4/6 8244/4/6 8265/4/6
f 8265/4/6 8245/4/6 8266/4/6
f 8266/4/6 8245/4/6 8267/4/6
f 8267/4/6 8245/4/6 8268/4/6
f 8247/4/6 8248/4/6 8269/4/6
f 8246/4/6 8247/4/6 8269/4/6
f 8248/4/6 8249/4/6 8269/4/6
f 8249/4/6 8250/4/6 8269/4/6
f 8251/2/6 8252/2/6 8270/2/6
f 8269/4/6 8250/4/6 8270/4/6
f 8250/2/6 8251/2/6 8270/2/6
f 8270/2/6 8252/2/6 8271/2/6
f 8252/4/6 8253/4/6 8272/4/6
f 8271/2/6 8252/2/6 8272/2/6
f 8253/4/6 8254/4/6 8272/4/6
f 8272/4/6 8254/4/6 8273/4/6
f 8273/4/6 8254/4/6 8274/4/6
f 8254/2/6 8255/2/6 8275/2/6
f 8274/4/6 8254/4/6 8275/4/6
f 8258/4/6 8259/4/6 8276/4/6
f 8275/2/6 8255/2/6 8276/2/6
f 8256/4/6 8257/4/6 8276/4/6
f 8255/4/6 8256/4/6 8276/4/6
f 8257/4/6 8258/4/6 8276/4/6
f 8276/4/6 8259/4/6 8277/4/6
f 8259/2/6 8260/2/6 8278/2/6
f 8277/4/6 8259/4/6 8278/4/6
f 8278/2/6 8260/2/6 8279/2/6
f 8261/4/6 8262/4/6 8280/4/6
f 8279/2/6 8260/2/6 8280/2/6
f 8260/4/6 8261/4/6 8280/4/6
f 8263/2/6 8264/2/6 8281/2/6
f 8280/4/6 8262/4/6 8281/4/6
f 8262/2/6 8263/2/6 8281/2/6
f 8265/4/6 8266/4/6 8282/4/6
f 8281/2/6 8264/2/6 8282/2/6
f 8264/4/6 8265/4/6 8282/4/6
f 8282/4/6 8266/4/6 8283/4/6
f 8283/4/6 8266/4/6 8284/4/6
f 8266/2/6 8267/2/6 8285/2/6
f 8284/4/6 8266/4/6 8285/4/6
f 8267/4/6 8268/4/6 8286/4/6
f 8285/2/6 8267/2/6 8286/2/6
f 8286/4/6 8268/4/6 8287/4/6
f 8246/4/6 8269/4/6 8288/4/6
f 8288/4/6 8269/4/6 8289/4/6
f 8284/4/6 8285/4/6 8290/4/6
f 8285/4/6 8286/4/6 8290/4/6
f 8286/4/6 8287/4/6 8290/4/6
f 8289/4/6 8269/4/6 8291/4/6
f 8291/4/6 8269/4/6 8292/4/6
f 8270/2/6 8271/2/6 8293/2/6
f 8292/4/6 8269/4/6 8293/4/6
f 8269/2/6 8270/2/6 8293/2/6
f 8293/2/6 8271/2/6 8294/2/6
f 8272/4/6 8273/4/6 8295/4/6
f 8294/2/6 8271/2/6 8295/2/6
f 8271/4/6 8272/4/6 8295/4/6
f 8295/4/6 8273/4/6 8296/4/6
f 8273/2/6 8274/2/6 8297/2/6
f 8296/4/6 8273/4/6 8297/4/6
f 8274/4/6 8275/4/6 8298/4/6
f 8297/2/6 8274/2/6 8298/2/6
f 8276/4/6 8277/4/6 8298/4/6
f 8275/4/6 8276/4/6 8298/4/6
f 8278/2/6 8279/2/6 8299/2/6
f 8298/4/6 8277/4/6 8299/4/6
f 8277/2/6 8278/2/6 8299/2/6
f 8299/2/6 8279/2/6 8300/2/6
f 8300/2/6 8279/2/6 8301/2/6
f 8301/2/6 8279/2/6 8302/2/6
f 8302/2/6 8279/2/6 8303/2/6
f 8303/2/6 8279/2/6 8304/2/6
f 8280/4/6 8281/4/6 8305/4/6
f 8304/2/6 8279/2/6 8305/2/6
f 8279/4/6 8280/4/6 8305/4/6
f 8281/4/6 8282/4/6 8305/4/6
f 8282/4/6 8283/4/6 8305/4/6
f 8305/4/6 8283/4/6 8306/4/6
f 8306/4/6 8283/4/6 8307/4/6
f 8283/2/6 8284/2/6 8308/2/6
f 8307/4/6 8283/4/6 8308/4/6
f 8284/4/6 8290/4/6 8309/4/6
f 8308/2/6 8284/2/6 8309/2/6
f 8309/4/6 8290/4/6 8310/4/6
f 8310/4/6 8290/4/6 8311/4/6
f 8312/4/6 8313/4/6 8316/4/6
f 8313/2/6 8314/2/6 8317/2/6
f 8316/4/6 8313/4/6 8317/4/6
f 8317/2/6 8314/2/6 8318/2/6
f 8318/2/6 8314/2/6 8319/2/6
f 8319/2/6 8314/2/6 8320/2/6
f 8320/2/6 8314/2/6 8321/2/6
f 8321/2/6 8314/2/6 8322/2/6
f 8322/2/6 8314/2/6 8323/2/6
f 8323/2/6 8314/2/6 8324/2/6
f 8324/2/6 8314/2/6 8325/2/6
f 8314/4/6 8315/4/6 8326/4/6
f 8325/2/6 8314/2/6 8326/2/6
f 8326/4/6 8315/4/6 8327/4/6
f 8317/4/6 8318/4/6 8328/4/6
f 8318/2/6 8319/2/6 8329/2/6
f 8328/4/6 8318/4/6 8329/4/6
f 8329/2/6 8319/2/6 8330/2/6
f 8330/2/6 8319/2/6 8331/2/6
f 8319/4/6 8320/4/6 8332/4/6
f 8331/2/6 8319/2/6 8332/2/6
f 8320/2/6 8321/2/6 8333/2/6
f 8332/4/6 8320/4/6 8333/4/6
f 8321/4/6 8322/4/6 8334/4/6
f 8333/2/6 8321/2/6 8334/2/6
f 8322/2/6 8323/2/6 8335/2/6
f 8334/4/6 8322/4/6 8335/4/6
f 8335/2/6 8323/2/6 8336/2/6
f 8336/2/6 8323/2/6 8337/2/6
f 8323/4/6 8324/4/6 8338/4/6
f 8337/2/6 8323/2/6 8338/2/6
f 8325/4/6 8326/4/6 8339/4/6
f 8339/4/6 8326/4/6 8340/4/6
f 8340/4/6 8326/4/6 8341/4/6
f 8330/2/6 8331/2/6 8342/2/6
f 8331/4/6 8332/4/6 8343/4/6
f 8342/2/6 8331/2/6 8343/2/6
f 8332/4/6 8333/4/6 8343/4/6
f 8333/4/6 8334/4/6 8343/4/6
f 8334/4/6 8335/4/6 8343/4/6
f 8335/4/6 8336/4/6 8343/4/6
f 8343/4/6 8336/4/6 8344/4/6
f 8344/4/6 8336/4/6 8345/4/6
f 8345/4/6 8336/4/6 8346/4/6
f 8336/2/6 8337/2/6 8347/2/6
f 8346/4/6 8336/4/6 8347/4/6
f 8347/2/6 8337/2/6 8348/2/6
f 8348/2/6 8337/2/6 8349/2/6
f 8337/4/6 8338/4/6 8350/4/6
f 8349/2/6 8337/2/6 8350/2/6
f 8338/4/6 8324/4/6 8351/4/6
f 8350/4/6 8338/4/6 8351/4/6
f 8324/2/6 8325/2/6 8352/2/6
f 8351/4/6 8324/4/6 8352/4/6
f 8325/4/6 8339/4/6 8353/4/6
f 8353/4/6 8339/4/6 8354/4/6
f 8340/4/6 8341/4/6 8355/4/6
f 8355/4/6 8341/4/6 8356/4/6
f 8328/4/6 8329/4/6 8357/4/6
f 8329/4/6 8330/4/6 8357/4/6
f 8330/2/6 8342/2/6 8358/2/6
f 8357/4/6 8330/4/6 8358/4/6
f 8358/2/6 8342/2/6 8359/2/6
f 8342/4/6 8343/4/6 8360/4/6
f 8359/2/6 8342/2/6 8360/2/6
f 8343/4/6 8344/4/6 8360/4/6
f 8360/4/6 8344/4/6 8361/4/6
f 8361/4/6 8344/4/6 8362/4/6
f 8362/4/6 8344/4/6 8363/4/6
f 8363/4/6 8344/4/6 8364/4/6
f 8364/4/6 8344/4/6 8365/4/6
f 8345/2/6 8346/2/6 8366/2/6
f 8347/4/6 8348/4/6 8367/4/6
f 8366/2/6 8346/2/6 8367/2/6
f 8346/4/6 8347/4/6 8367/4/6
f 8367/4/6 8348/4/6 8368/4/6
f 8348/2/6 8349/2/6 8369/2/6
f 8368/4/6 8348/4/6 8369/4/6
f 8369/2/6 8349/2/6 8370/2/6
f 8370/2/6 8349/2/6 8371/2/6
f 8350/4/6 8351/4/6 8372/4/6
f 8372/4/6 8351/4/6 8373/4/6
f 8373/4/6 8351/4/6 8374/4/6
f 8374/4/6 8351/4/6 8375/4/6
f 8375/4/6 8351/4/6 8376/4/6
f 8376/4/6 8351/4/6 8377/4/6
f 8377/4/6 8351/4/6 8378/4/6
f 8378/4/6 8351/4/6 8379/4/6
f 8379/4/6 8351/4/6 8380/4/6
f 8352/2/6 8325/2/6 8381/2/6
f 8325/4/6 8353/4/6 8382/4/6
f 8381/2/6 8325/2/6 8382/2/6
f 8382/4/6 8353/4/6 8383/4/6
f 8358/4/6 8359/4/6 8384/4/6
f 8384/4/6 8359/4/6 8385/4/6
f 8385/4/6 8359/4/6 8386/4/6
f 8360/4/6 8361/4/6 8387/4/6
f 8361/2/6 8362/2/6 8388/2/6
f 8387/4/6 8361/4/6 8388/4/6
f 8388/2/6 8362/2/6 8389/2/6
f 8389/2/6 8362/2/6 8390/2/6
f 8363/4/6 8364/4/6 8391/4/6
f 8391/4/6 8364/4/6 8392/4/6
f 8392/4/6 8364/4/6 8393/4/6
f 8367/4/6 8368/4/6 8394/4/6
f 8394/4/6 8368/4/6 8395/4/6
f 8369/4/6 8370/4/6 8396/4/6
f 8396/4/6 8370/4/6 8397/4/6
f 8373/2/6 8374/2/6 8398/2/6
f 8398/2/6 8374/2/6 8399/2/6
f 8375/4/6 8376/4/6 8400/4/6
f 8376/2/6 8377/2/6 8401/2/6
f 8400/4/6 8376/4/6 8401/4/6
f 8401/2/6 8377/2/6 8402/2/6
f 8378/2/6 8379/2/6 8403/2/6
f 8403/2/6 8379/2/6 8404/2/6
f 8388/4/6 8389/4/6 8405/4/6
f 8405/4/6 8389/4/6 8406/4/6
f 8392/2/6 8393/2/6 8407/2/6
f 8407/2/6 8393/2/6 8408/2/6
f 8409/4/6 8410/4/6 8424/4/6
f 8410/2/6 8411/2/6 8425/2/6
f 8424/4/6 8410/4/6 8425/4/6
f 8425/2/6 8411/2/6 8426/2/6
f 8412/2/6 8413/2/6 8427/2/6
f 8413/4/6 8414/4/6 8428/4/6
f 8427/2/6 8413/2/6 8428/2/6
f 8428/4/6 8414/4/6 8429/4/6
f 8415/4/6 8416/4/6 8432/4/6
f 8417/2/6 8418/2/6 8433/2/6
f 8416/2/6 8417/2/6 8433/2/6
f 8418/4/6 8419/4/6 8433/4/6
f 8433/4/6 8419/4/6 8434/4/6
f 8434/4/6 8419/4/6 8435/4/6
f 8435/4/6 8419/4/6 8436/4/6
f 8420/4/6 8421/4/6 8437/4/6
f 8422/2/6 8423/2/6 8438/2/6
f 8437/4/6 8421/4/6 8438/4/6
f 8421/2/6 8422/2/6 8438/2/6
f 8438/2/6 8423/2/6 8439/2/6
f 8426/2/6 8427/2/6 8440/2/6
f 8425/2/6 8426/2/6 8440/2/6
f 8424/2/6 8425/2/6 8440/2/6
f 8427/2/6 8428/2/6 8440/2/6
f 8428/2/6 8429/2/6 8440/2/6
f 8440/2/6 8429/2/6 8441/2/6
f 8429/4/6 8430/4/6 8442/4/6
f 8441/2/6 8429/2/6 8442/2/6
f 8442/4/6 8430/4/6 8443/4/6
f 8430/2/6 8431/2/6 8444/2/6
f 8443/4/6 8430/4/6 8444/4/6
f 8444/2/6 8431/2/6 8445/2/6
f 8431/4/6 8432/4/6 8446/4/6
f 8445/2/6 8431/2/6 8446/2/6
f 8446/4/6 8432/4/6 8447/4/6
f 8432/4/6 8416/4/6 8448/4/6
f 8447/4/6 8432/4/6 8448/4/6
f 8433/2/6 8434/2/6 8448/2/6
f 8416/2/6 8433/2/6 8448/2/6
f 8448/2/6 8434/2/6 8449/2/6
f 8434/4/6 8435/4/6 8450/4/6
f 8449/2/6 8434/2/6 8450/2/6
f 8435/2/6 8436/2/6 8451/2/6
f 8450/4/6 8435/4/6 8451/4/6
f 8420/4/6 8437/4/6 8452/4/6
f 8438/2/6 8439/2/6 8453/2/6
f 8452/4/6 8437/4/6 8453/4/6
f 8437/2/6 8438/2/6 8453/2/6
f 8453/2/6 8439/2/6 8454/2/6
f 8440/4/6 8441/4/6 8455/4/6
f 8454/2/6 8439/2/6 8455/2/6
f 8439/4/6 8440/4/6 8455/4/6
f 8455/4/6 8441/4/6 8456/4/6
f 8456/4/6 8441/4/6 8457/4/6
f 8442/2/6 8443/2/6 8458/2/6
f 8457/4/6 8441/4/6 8458/4/6
f 8441/2/6 8442/2/6 8458/2/6
f 8458/2/6 8443/2/6 8459/2/6
f 8444/4/6 8445/4/6 8460/4/6
f 8459/2/6 8443/2/6 8460/2/6
f 8443/4/6 8444/4/6 8460/4/6
f 8460/4/6 8445/4/6 8461/4/6
f 8446/2/6 8447/2/6 8462/2/6
f 8461/4/6 8445/4/6 8462/4/6
f 8445/2/6 8446/2/6 8462/2/6
f 8462/2/6 8447/2/6 8463/2/6
f 8448/4/6 8449/4/6 8464/4/6
f 8463/2/6 8447/2/6 8464/2/6
f 8447/4/6 8448/4/6 8464/4/6
f 8464/4/6 8449/4/6 8465/4/6
f 8450/2/6 8451/2/6 8466/2/6
f 8465/4/6 8449/4/6 8466/4/6
f 8449/2/6 8450/2/6 8466/2/6
f 8451/2/6 8436/2/6 8467/2/6
f 8466/2/6 8451/2/6 8467/2/6
f 8420/4/6 8452/4/6 8468/4/6
f 8453/2/6 8454/2/6 8468/2/6
f 8452/2/6 8453/2/6 8468/2/6
f 8468/2/6 8454/2/6 8469/2/6
f 8469/2/6 8454/2/6 8470/2/6
f 8454/4/6 8455/4/6 8471/4/6
f 8470/2/6 8454/2/6 8471/2/6
f 8455/4/6 8456/4/6 8471/4/6
f 8471/4/6 8456/4/6 8472/4/6
f 8472/4/6 8456/4/6 8473/4/6
f 8473/4/6 8456/4/6 8474/4/6
f 8456/2/6 8457/2/6 8475/2/6
f 8474/4/6 8456/4/6 8475/4/6
f 8475/2/6 8457/2/6 8476/2/6
f 8458/4/6 8459/4/6 8477/4/6
f 8476/2/6 8457/2/6 8477/2/6
f 8457/4/6 8458/4/6 8477/4/6
f 8477/4/6 8459/4/6 8478/4/6
f 8460/2/6 8461/2/6 8479/2/6
f 8478/4/6 8459/4/6 8479/4/6
f 8459/2/6 8460/2/6 8479/2/6
f 8479/2/6 8461/2/6 8480/2/6
f 8462/4/6 8463/4/6 8481/4/6
f 8480/2/6 8461/2/6 8481/2/6
f 8461/4/6 8462/4/6 8481/4/6
f 8481/4/6 8463/4/6 8482/4/6
f 8464/2/6 8465/2/6 8483/2/6
f 8482/4/6 8463/4/6 8483/4/6
f 8463/2/6 8464/2/6 8483/2/6
f 8465/4/6 8466/4/6 8484/4/6
f 8483/2/6 8465/2/6 8484/2/6
f 8466/4/6 8467/4/6 8484/4/6
f 8484/4/6 8467/4/6 8485/4/6
f 8467/2/6 8436/2/6 8486/2/6
f 8485/4/6 8467/4/6 8486/4/6
f 8486/2/6 8436/2/6 8487/2/6
f 8469/2/6 8470/2/6 8488/2/6
f 8468/4/6 8469/4/6 8488/4/6
f 8470/4/6 8471/4/6 8489/4/6
f 8488/2/6 8470/2/6 8489/2/6
f 8471/4/6 8472/4/6 8489/4/6
f 8489/4/6 8472/4/6 8490/4/6
f 8472/2/6 8473/2/6 8491/2/6
f 8490/4/6 8472/4/6 8491/4/6
f 8473/4/6 8474/4/6 8492/4/6
f 8491/2/6 8473/2/6 8492/2/6
f 8474/2/6 8475/2/6 8493/2/6
f 8492/4/6 8474/4/6 8493/4/6
f 8475/4/6 8476/4/6 8494/4/6
f 8493/2/6 8475/2/6 8494/2/6
f 8494/4/6 8476/4/6 8495/4/6
f 8477/2/6 8478/2/6 8496/2/6
f 8476/2/6 8477/2/6 8496/2/6
f 8479/4/6 8480/4/6 8497/4/6
f 8496/2/6 8478/2/6 8497/2/6
f 8478/4/6 8479/4/6 8497/4/6
f 8481/2/6 8482/2/6 8498/2/6
f 8497/4/6 8480/4/6 8498/4/6
f 8480/2/6 8481/2/6 8498/2/6
f 8498/2/6 8482/2/6 8499/2/6
f 8482/4/6 8483/4/6 8500/4/6
f 8499/2/6 8482/2/6 8500/2/6
f 8483/4/6 8484/4/6 8500/4/6
f 8500/4/6 8484/4/6 8501/4/6
f 8484/2/6 8485/2/6 8502/2/6
f 8501/4/6 8484/4/6 8502/4/6
f 8486/4/6 8487/4/6 8503/4/6
f 8502/2/6 8485/2/6 8503/2/6
f 8485/4/6 8486/4/6 8503/4/6
f 8488/4/6 8489/4/6 8504/4/6
f 8489/4/6 8490/4/6 8504/4/6
f 8420/4/6 8468/4/6 8504/4/6
f 8468/4/6 8488/4/6 8504/4/6
f 8504/4/6 8490/4/6 8505/4/6
f 8505/4/6 8490/4/6 8506/4/6
f 8506/4/6 8490/4/6 8507/4/6
f 8492/2/6 8493/2/6 8508/2/6
f 8507/4/6 8490/4/6 8508/4/6
f 8490/2/6 8491/2/6 8508/2/6
f 8494/2/6 8495/2/6 8508/2/6
f 8491/2/6 8492/2/6 8508/2/6
f 8493/2/6 8494/2/6 8508/2/6
f 8508/2/6 8495/2/6 8509/2/6
f 8495/4/6 8476/4/6 8510/4/6
f 8509/2/6 8495/2/6 8510/2/6
f 8476/2/6 8496/2/6 8511/2/6
f 8510/4/6 8476/4/6 8511/4/6
f 8511/2/6 8496/2/6 8512/2/6
f 8498/4/6 8499/4/6 8513/4/6
f 8512/2/6 8496/2/6 8513/2/6
f 8496/4/6 8497/4/6 8513/4/6
f 8497/4/6 8498/4/6 8513/4/6
f 8513/4/6 8499/4/6 8514/4/6
f 8514/4/6 8499/4/6 8515/4/6
f 8500/2/6 8501/2/6 8516/2/6
f 8502/4/6 8503/4/6 8516/4/6
f 8501/4/6 8502/4/6 8516/4/6
f 8499/2/6 8500/2/6 8516/2/6
f 8503/4/6 8487/4/6 8517/4/6
f 8516/4/6 8503/4/6 8517/4/6
f 8505/4/6 8506/4/6 8518/4/6
f 8504/2/6 8505/2/6 8518/2/6
f 8506/2/6 8507/2/6 8519/2/6
f 8518/4/6 8506/4/6 8519/4/6
f 8508/4/6 8509/4/6 8520/4/6
f 8519/2/6 8507/2/6 8520/2/6
f 8507/4/6 8508/4/6 8520/4/6
f 8520/4/6 8509/4/6 8521/4/6
f 8511/2/6 8512/2/6 8522/2/6
f 8521/4/6 8509/4/6 8522/4/6
f 8510/2/6 8511/2/6 8522/2/6
f 8509/2/6 8510/2/6 8522/2/6
f 8512/4/6 8513/4/6 8523/4/6
f 8522/2/6 8512/2/6 8523/2/6
f 8513/4/6 8514/4/6 8523/4/6
f 8514/2/6 8515/2/6 8524/2/6
f 8523/4/6 8514/4/6 8524/4/6
f 8515/4/6 8499/4/6 8525/4/6
f 8524/2/6 8515/2/6 8525/2/6
f 8499/2/6 8516/2/6 8526/2/6
f 8525/4/6 8499/4/6 8526/4/6
f 8516/2/6 8517/2/6 8526/2/6
f 8517/4/6 8487/4/6 8527/4/6
f 8526/2/6 8517/2/6 8527/2/6
f 8527/4/6 8487/4/6 8528/4/6
f 8520/2/6 8521/2/6 8529/2/6
f 8519/2/6 8520/2/6 8529/2/6
f 8518/2/6 8519/2/6 8529/2/6
f 8523/4/6 8524/4/6 8530/4/6
f 8529/2/6 8521/2/6 8530/2/6
f 8524/4/6 8525/4/6 8530/4/6
f 8521/4/6 8522/4/6 8530/4/6
f 8522/4/6 8523/4/6 8530/4/6
f 8530/4/6 8525/4/6 8531/4/6
f 8531/4/6 8525/4/6 8532/4/6
f 8527/2/6 8528/2/6 8533/2/6
f 8532/4/6 8525/4/6 8533/4/6
f 8525/2/6 8526/2/6 8533/2/6
f 8526/2/6 8527/2/6 8533/2/6
f 8528/4/6 8487/4/6 8534/4/6
f 8533/2/6 8528/2/6 8534/2/6
f 8534/4/6 8487/4/6 8535/4/6
f 8518/2/6 8529/2/6 8536/2/6
f 8529/4/6 8530/4/6 8537/4/6
f 8536/2/6 8529/2/6 8537/2/6
f 8537/4/6 8530/4/6 8538/4/6
f 8538/4/6 8530/4/6 8539/4/6
f 8531/4/6 8532/4/6 8540/4/6
f 8530/2/6 8531/2/6 8540/2/6
f 8532/2/6 8533/2/6 8541/2/6
f 8540/4/6 8532/4/6 8541/4/6
f 8533/2/6 8534/2/6 8541/2/6
f 8534/2/6 8535/2/6 8541/2/6
f 8541/2/6 8535/2/6 8542/2/6
f 8542/2/6 8535/2/6 8543/2/6
f 8535/4/6 8487/4/6 8544/4/6
f 8543/2/6 8535/2/6 8544/2/6
f 8544/4/6 8487/4/6 8545/4/6
f 8504/2/6 8518/2/6 8546/2/6
f 8518/2/6 8536/2/6 8546/2/6
f 8546/2/6 8536/2/6 8547/2/6
f 8537/4/6 8538/4/6 8548/4/6
f 8547/2/6 8536/2/6 8548/2/6
f 8536/4/6 8537/4/6 8548/4/6
f 8538/2/6 8539/2/6 8549/2/6
f 8548/4/6 8538/4/6 8549/4/6
f 8539/4/6 8530/4/6 8550/4/6
f 8549/2/6 8539/2/6 8550/2/6
f 8530/2/6 8540/2/6 8551/2/6
f 8550/4/6 8530/4/6 8551/4/6
f 8540/2/6 8541/2/6 8551/2/6
f 8541/2/6 8542/2/6 8551/2/6
f 8551/2/6 8542/2/6 8552/2/6
f 8552/2/6 8542/2/6 8553/2/6
f 8542/4/6 8543/4/6 8554/4/6
f 8553/2/6 8542/2/6 8554/2/6
f 8544/2/6 8545/2/6 8555/2/6
f 8554/4/6 8543/4/6 8555/4/6
f 8543/2/6 8544/2/6 8555/2/6
f 8555/2/6 8545/2/6 8556/2/6
f 8549/2/6 8550/2/6 8557/2/6
f 8548/2/6 8549/2/6 8557/2/6
f 8547/2/6 8548/2/6 8557/2/6
f 8546/4/6 8547/4/6 8557/4/6
f 8550/2/6 8551/2/6 8557/2/6
f 8557/2/6 8551/2/6 8558/2/6
f 8558/2/6 8551/2/6 8559/2/6
f 8551/4/6 8552/4/6 8560/4/6
f 8559/2/6 8551/2/6 8560/2/6
f 8560/4/6 8552/4/6 8561/4/6
f 8552/2/6 8553/2/6 8562/2/6
f 8561/4/6 8552/4/6 8562/4/6
f 8562/2/6 8553/2/6 8563/2/6
f 8555/4/6 8556/4/6 8564/4/6
f 8563/2/6 8553/2/6 8564/2/6
f 8554/4/6 8555/4/6 8564/4/6
f 8553/4/6 8554/4/6 8564/4/6
f 8564/4/6 8556/4/6 8565/4/6
f 8565/4/6 8556/4/6 8566/4/6
f 8566/4/6 8556/4/6 8567/4/6
f 8556/2/6 8545/2/6 8568/2/6
f 8567/4/6 8556/4/6 8568/4/6
f 8568/2/6 8545/2/6 8569/2/6
f 8546/4/6 8557/4/6 8570/4/6
f 8557/4/6 8558/4/6 8570/4/6
f 8558/2/6 8559/2/6 8571/2/6
f 8570/4/6 8558/4/6 8571/4/6
f 8559/4/6 8560/4/6 8572/4/6
f 8560/2/6 8561/2/6 8573/2/6
f 8572/4/6 8560/4/6 8573/4/6
f 8562/4/6 8563/4/6 8574/4/6
f 8573/2/6 8561/2/6 8574/2/6
f 8561/4/6 8562/4/6 8574/4/6
f 8574/4/6 8563/4/6 8575/4/6
f 8563/2/6 8564/2/6 8576/2/6
f 8575/4/6 8563/4/6 8576/4/6
f 8564/2/6 8565/2/6 8576/2/6
f 8576/2/6 8565/2/6 8577/2/6
f 8577/2/6 8565/2/6 8578/2/6
f 8578/2/6 8565/2/6 8579/2/6
f 8565/4/6 8566/4/6 8580/4/6
f 8579/2/6 8565/2/6 8580/2/6
f 8580/4/6 8566/4/6 8581/4/6
f 8566/2/6 8567/2/6 8582/2/6
f 8581/4/6 8566/4/6 8582/4/6
f 8582/2/6 8567/2/6 8583/2/6
f 8568/4/6 8569/4/6 8584/4/6
f 8567/4/6 8568/4/6 8584/4/6
f 8584/4/6 8569/4/6 8585/4/6
f 8570/2/6 8571/2/6 8586/2/6
f 8546/4/6 8570/4/6 8586/4/6
f 8571/2/6 8559/2/6 8587/2/6
f 8586/2/6 8571/2/6 8587/2/6
f 8559/4/6 8572/4/6 8588/4/6
f 8587/2/6 8559/2/6 8588/2/6
f 8572/2/6 8573/2/6 8589/2/6
f 8588/4/6 8572/4/6 8589/4/6
f 8574/2/6 8575/2/6 8589/2/6
f 8573/2/6 8574/2/6 8589/2/6
f 8589/2/6 8575/2/6 8590/2/6
f 8575/4/6 8576/4/6 8591/4/6
f 8590/2/6 8575/2/6 8591/2/6
f 8576/4/6 8577/4/6 8591/4/6
f 8577/2/6 8578/2/6 8592/2/6
f 8591/4/6 8577/4/6 8592/4/6
f 8578/4/6 8579/4/6 8593/4/6
f 8592/2/6 8578/2/6 8593/2/6
f 8593/4/6 8579/4/6 8594/4/6
f 8580/2/6 8581/2/6 8595/2/6
f 8594/4/6 8579/4/6 8595/4/6
f 8579/2/6 8580/2/6 8595/2/6
f 8595/2/6 8581/2/6 8596/2/6
f 8581/4/6 8582/4/6 8597/4/6
f 8596/2/6 8581/2/6 8597/2/6
f 8582/4/6 8583/4/6 8597/4/6
f 8597/4/6 8583/4/6 8598/4/6
f 8583/2/6 8567/2/6 8599/2/6
f 8598/4/6 8583/4/6 8599/4/6
f 8599/2/6 8567/2/6 8600/2/6
f 8567/4/6 8584/4/6 8601/4/6
f 8600/2/6 8567/2/6 8601/2/6
f 8601/4/6 8584/4/6 8602/4/6
f 8584/2/6 8585/2/6 8603/2/6
f 8602/4/6 8584/4/6 8603/4/6
f 8586/4/6 8587/4/6 8604/4/6
f 8587/2/6 8588/2/6 8604/2/6
f 8589/2/6 8590/2/6 8604/2/6
f 8588/2/6 8589/2/6 8604/2/6
f 8604/2/6 8590/2/6 8605/2/6
f 8605/2/6 8590/2/6 8606/2/6
f 8593/4/6 8594/4/6 8607/4/6
f 8606/2/6 8590/2/6 8607/2/6
f 8591/4/6 8592/4/6 8607/4/6
f 8590/4/6 8591/4/6 8607/4/6
f 8592/4/6 8593/4/6 8607/4/6
f 8607/4/6 8594/4/6 8608/4/6
f 8595/2/6 8596/2/6 8609/2/6
f 8608/4/6 8594/4/6 8609/4/6
f 8594/2/6 8595/2/6 8609/2/6
f 8609/2/6 8596/2/6 8610/2/6
f 8597/4/6 8598/4/6 8611/4/6
f 8610/2/6 8596/2/6 8611/2/6
f 8596/4/6 8597/4/6 8611/4/6
f 8611/4/6 8598/4/6 8612/4/6
f 8599/2/6 8600/2/6 8613/2/6
f 8612/4/6 8598/4/6 8613/4/6
f 8598/2/6 8599/2/6 8613/2/6
f 8613/2/6 8600/2/6 8614/2/6
f 8601/4/6 8602/4/6 8615/4/6
f 8614/2/6 8600/2/6 8615/2/6
f 8600/4/6 8601/4/6 8615/4/6
f 8615/4/6 8602/4/6 8616/4/6
f 8602/2/6 8603/2/6 8617/2/6
f 8616/4/6 8602/4/6 8617/4/6
f 8617/2/6 8603/2/6 8618/2/6
f 8603/2/6 8585/2/6 8619/2/6
f 8618/2/6 8603/2/6 8619/2/6
f 8546/4/6 8586/4/6 8620/4/6
f 8604/4/6 8605/4/6 8620/4/6
f 8586/4/6 8604/4/6 8620/4/6
f 8620/4/6 8605/4/6 8621/4/6
f 8605/2/6 8606/2/6 8622/2/6
f 8621/4/6 8605/4/6 8622/4/6
f 8622/2/6 8606/2/6 8623/2/6
f 8623/2/6 8606/2/6 8624/2/6
f 8607/4/6 8608/4/6 8625/4/6
f 8624/2/6 8606/2/6 8625/2/6
f 8606/4/6 8607/4/6 8625/4/6
f 8625/4/6 8608/4/6 8626/4/6
f 8609/2/6 8610/2/6 8627/2/6
f 8626/4/6 8608/4/6 8627/4/6
f 8608/2/6 8609/2/6 8627/2/6
f 8627/2/6 8610/2/6 8628/2/6
f 8611/4/6 8612/4/6 8629/4/6
f 8628/2/6 8610/2/6 8629/2/6
f 8610/4/6 8611/4/6 8629/4/6
f 8613/2/6 8614/2/6 8630/2/6
f 8629/4/6 8612/4/6 8630/4/6
f 8612/2/6 8613/2/6 8630/2/6
f 8615/4/6 8616/4/6 8631/4/6
f 8630/2/6 8614/2/6 8631/2/6
f 8614/4/6 8615/4/6 8631/4/6
f 8631/4/6 8616/4/6 8632/4/6
f 8617/2/6 8618/2/6 8633/2/6
f 8632/4/6 8616/4/6 8633/4/6
f 8616/2/6 8617/2/6 8633/2/6
f 8633/2/6 8618/2/6 8634/2/6
f 8618/4/6 8619/4/6 8635/4/6
f 8634/2/6 8618/2/6 8635/2/6
f 8619/2/6 8585/2/6 8636/2/6
f 8635/4/6 8619/4/6 8636/4/6
f 8636/2/6 8585/2/6 8637/2/6
f 8546/4/6 8620/4/6 8638/4/6
f 8620/2/6 8621/2/6 8639/2/6
f 8638/4/6 8620/4/6 8639/4/6
f 8622/4/6 8623/4/6 8640/4/6
f 8639/2/6 8621/2/6 8640/2/6
f 8621/4/6 8622/4/6 8640/4/6
f 8623/2/6 8624/2/6 8641/2/6
f 8640/4/6 8623/4/6 8641/4/6
f 8625/4/6 8626/4/6 8642/4/6
f 8641/2/6 8624/2/6 8642/2/6
f 8624/4/6 8625/4/6 8642/4/6
f 8642/4/6 8626/4/6 8643/4/6
f 8627/2/6 8628/2/6 8644/2/6
f 8643/4/6 8626/4/6 8644/4/6
f 8626/2/6 8627/2/6 8644/2/6
f 8644/2/6 8628/2/6 8645/2/6
f 8645/2/6 8628/2/6 8646/2/6
f 8646/2/6 8628/2/6 8647/2/6
f 8631/4/6 8632/4/6 8648/4/6
f 8647/2/6 8628/2/6 8648/2/6
f 8629/4/6 8630/4/6 8648/4/6
f 8628/4/6 8629/4/6 8648/4/6
f 8630/4/6 8631/4/6 8648/4/6
f 8648/4/6 8632/4/6 8649/4/6
f 8633/2/6 8634/2/6 8650/2/6
f 8649/4/6 8632/4/6 8650/4/6
f 8632/2/6 8633/2/6 8650/2/6
f 8634/4/6 8635/4/6 8651/4/6
f 8650/2/6 8634/2/6 8651/2/6
f 8636/4/6 8637/4/6 8651/4/6
f 8635/4/6 8636/4/6 8651/4/6
f 8651/4/6 8637/4/6 8652/4/6
f 8652/4/6 8637/4/6 8653/4/6
f 8638/2/6 8639/2/6 8654/2/6
f 8640/4/6 8641/4/6 8655/4/6
f 8642/4/6 8643/4/6 8655/4/6
f 8639/4/6 8640/4/6 8655/4/6
f 8641/4/6 8642/4/6 8655/4/6
f 8655/4/6 8643/4/6 8656/4/6
f 8656/4/6 8643/4/6 8657/4/6
f 8644/2/6 8645/2/6 8658/2/6
f 8657/4/6 8643/4/6 8658/4/6
f 8643/2/6 8644/2/6 8658/2/6
f 8658/2/6 8645/2/6 8659/2/6
f 8645/4/6 8646/4/6 8660/4/6
f 8659/2/6 8645/2/6 8660/2/6
f 8646/2/6 8647/2/6 8661/2/6
f 8660/4/6 8646/4/6 8661/4/6
f 8648/4/6 8649/4/6 8662/4/6
f 8661/2/6 8647/2/6 8662/2/6
f 8647/4/6 8648/4/6 8662/4/6
f 8662/4/6 8649/4/6 8663/4/6
f 8649/2/6 8650/2/6 8664/2/6
f 8663/4/6 8649/4/6 8664/4/6
f 8664/2/6 8650/2/6 8665/2/6
f 8651/4/6 8652/4/6 8666/4/6
f 8665/2/6 8650/2/6 8666/2/6
f 8650/4/6 8651/4/6 8666/4/6
f 8652/2/6 8653/2/6 8667/2/6
f 8666/4/6 8652/4/6 8667/4/6
f 8667/2/6 8653/2/6 8668/2/6
f 8654/2/6 8639/2/6 8669/2/6
f 8656/4/6 8657/4/6 8670/4/6
f 8655/2/6 8656/2/6 8670/2/6
f 8670/4/6 8657/4/6 8671/4/6
f 8671/4/6 8657/4/6 8672/4/6
f 8658/2/6 8659/2/6 8673/2/6
f 8672/4/6 8657/4/6 8673/4/6
f 8657/2/6 8658/2/6 8673/2/6
f 8673/2/6 8659/2/6 8674/2/6
f 8659/4/6 8660/4/6 8675/4/6
f 8674/2/6 8659/2/6 8675/2/6
f 8662/4/6 8663/4/6 8675/4/6
f 8660/4/6 8661/4/6 8675/4/6
f 8661/4/6 8662/4/6 8675/4/6
f 8675/4/6 8663/4/6 8676/4/6
f 8676/4/6 8663/4/6 8677/4/6
f 8677/4/6 8663/4/6 8678/4/6
f 8678/4/6 8663/4/6 8679/4/6
f 8664/2/6 8665/2/6 8680/2/6
f 8679/4/6 8663/4/6 8680/4/6
f 8663/2/6 8664/2/6 8680/2/6
f 8680/2/6 8665/2/6 8681/2/6
f 8665/4/6 8666/4/6 8682/4/6
f 8681/2/6 8665/2/6 8682/2/6
f 8667/4/6 8668/4/6 8682/4/6
f 8666/4/6 8667/4/6 8682/4/6
f 8682/4/6 8668/4/6 8683/4/6
f 8683/4/6 8668/4/6 8684/4/6
f 8684/4/6 8668/4/6 8685/4/6
f 8655/2/6 8670/2/6 8686/2/6
f 8670/2/6 8671/2/6 8686/2/6
f 8671/4/6 8672/4/6 8687/4/6
f 8686/2/6 8671/2/6 8687/2/6
f 8673/2/6 8674/2/6 8688/2/6
f 8687/4/6 8672/4/6 8688/4/6
f 8672/2/6 8673/2/6 8688/2/6
f 8688/2/6 8674/2/6 8689/2/6
f 8689/2/6 8674/2/6 8690/2/6
f 8674/4/6 8675/4/6 8691/4/6
f 8690/2/6 8674/2/6 8691/2/6
f 8691/4/6 8675/4/6 8692/4/6
f 8675/2/6 8676/2/6 8693/2/6
f 8692/4/6 8675/4/6 8693/4/6
f 8676/4/6 8677/4/6 8694/4/6
f 8693/2/6 8676/2/6 8694/2/6
f 8677/2/6 8678/2/6 8695/2/6
f 8678/4/6 8679/4/6 8696/4/6
f 8695/2/6 8678/2/6 8696/2/6
f 8696/4/6 8679/4/6 8697/4/6
f 8680/2/6 8681/2/6 8698/2/6
f 8697/4/6 8679/4/6 8698/4/6
f 8679/2/6 8680/2/6 8698/2/6
f 8698/2/6 8681/2/6 8699/2/6
f 8681/4/6 8682/4/6 8700/4/6
f 8699/2/6 8681/2/6 8700/2/6
f 8682/4/6 8683/4/6 8700/4/6
f 8700/4/6 8683/4/6 8701/4/6
f 8683/2/6 8684/2/6 8702/2/6
f 8701/4/6 8683/4/6 8702/4/6
f 8684/4/6 8685/4/6 8703/4/6
f 8702/2/6 8684/2/6 8703/2/6
f 8703/4/6 8685/4/6 8704/4/6
f 8669/2/6 8639/2/6 8705/2/6
f 8639/4/6 8655/4/6 8706/4/6
f 8705/2/6 8639/2/6 8706/2/6
f 8655/2/6 8686/2/6 8707/2/6
f 8706/4/6 8655/4/6 8707/4/6
f 8686/4/6 8687/4/6 8708/4/6
f 8707/2/6 8686/2/6 8708/2/6
f 8687/4/6 8688/4/6 8708/4/6
f 8688/4/6 8689/4/6 8708/4/6
f 8708/4/6 8689/4/6 8709/4/6
f 8689/2/6 8690/2/6 8710/2/6
f 8709/4/6 8689/4/6 8710/4/6
f 8710/2/6 8690/2/6 8711/2/6
f 8691/4/6 8692/4/6 8712/4/6
f 8711/2/6 8690/2/6 8712/2/6
f 8690/4/6 8691/4/6 8712/4/6
f 8712/4/6 8692/4/6 8713/4/6
f 8692/2/6 8693/2/6 8714/2/6
f 8713/4/6 8692/4/6 8714/4/6
f 8693/4/6 8694/4/6 8715/4/6
f 8714/2/6 8693/2/6 8715/2/6
f 8677/2/6 8695/2/6 8716/2/6
f 8715/4/6 8694/4/6 8716/4/6
f 8694/4/6 8677/4/6 8716/4/6
f 8696/4/6 8697/4/6 8717/4/6
f 8716/2/6 8695/2/6 8717/2/6
f 8695/4/6 8696/4/6 8717/4/6
f 8717/4/6 8697/4/6 8718/4/6
f 8698/2/6 8699/2/6 8719/2/6
f 8718/4/6 8697/4/6 8719/4/6
f 8697/2/6 8698/2/6 8719/2/6
f 8700/4/6 8701/4/6 8720/4/6
f 8719/2/6 8699/2/6 8720/2/6
f 8699/4/6 8700/4/6 8720/4/6
f 8720/4/6 8701/4/6 8721/4/6
f 8701/2/6 8702/2/6 8722/2/6
f 8721/4/6 8701/4/6 8722/4/6
f 8722/2/6 8702/2/6 8723/2/6
f 8703/4/6 8704/4/6 8724/4/6
f 8723/2/6 8702/2/6 8724/2/6
f 8702/4/6 8703/4/6 8724/4/6
f 8724/4/6 8704/4/6 8725/4/6
f 8725/4/6 8704/4/6 8726/4/6
f 8706/4/6 8707/4/6 8727/4/6
f 8705/4/6 8706/4/6 8727/4/6
f 8707/4/6 8708/4/6 8727/4/6
f 8708/4/6 8709/4/6 8727/4/6
f 8710/2/6 8711/2/6 8728/2/6
f 8727/4/6 8709/4/6 8728/4/6
f 8709/2/6 8710/2/6 8728/2/6
f 8728/2/6 8711/2/6 8729/2/6
f 8711/4/6 8712/4/6 8730/4/6
f 8729/2/6 8711/2/6 8730/2/6
f 8712/4/6 8713/4/6 8730/4/6
f 8730/4/6 8713/4/6 8731/4/6
f 8731/4/6 8713/4/6 8732/4/6
f 8713/2/6 8714/2/6 8733/2/6
f 8732/4/6 8713/4/6 8733/4/6
f 8715/4/6 8716/4/6 8734/4/6
f 8733/2/6 8714/2/6 8734/2/6
f 8714/4/6 8715/4/6 8734/4/6
f 8717/4/6 8718/4/6 8734/4/6
f 8716/4/6 8717/4/6 8734/4/6
f 8734/4/6 8718/4/6 8735/4/6
f 8718/2/6 8719/2/6 8736/2/6
f 8735/4/6 8718/4/6 8736/4/6
f 8736/2/6 8719/2/6 8737/2/6
f 8720/4/6 8721/4/6 8738/4/6
f 8737/2/6 8719/2/6 8738/2/6
f 8719/4/6 8720/4/6 8738/4/6
f 8722/2/6 8723/2/6 8739/2/6
f 8738/4/6 8721/4/6 8739/4/6
f 8721/2/6 8722/2/6 8739/2/6
f 8724/4/6 8725/4/6 8740/4/6
f 8739/2/6 8723/2/6 8740/2/6
f 8723/4/6 8724/4/6 8740/4/6
f 8740/4/6 8725/4/6 8741/4/6
f 8741/4/6 8725/4/6 8742/4/6
f 8725/2/6 8726/2/6 8743/2/6
f 8742/4/6 8725/4/6 8743/4/6
f 8726/4/6 8704/4/6 8744/4/6
f 8743/2/6 8726/2/6 8744/2/6
f 8705/4/6 8727/4/6 8745/4/6
f 8742/4/6 8743/4/6 8746/4/6
f 8744/4/6 8704/4/6 8746/4/6
f 8743/4/6 8744/4/6 8746/4/6
f 8745/4/6 8727/4/6 8747/4/6
f 8747/4/6 8727/4/6 8748/4/6
f 8728/2/6 8729/2/6 8749/2/6
f 8748/4/6 8727/4/6 8749/4/6
f 8727/2/6 8728/2/6 8749/2/6
f 8749/2/6 8729/2/6 8750/2/6
f 8730/4/6 8731/4/6 8751/4/6
f 8750/2/6 8729/2/6 8751/2/6
f 8729/4/6 8730/4/6 8751/4/6
f 8751/4/6 8731/4/6 8752/4/6
f 8731/2/6 8732/2/6 8753/2/6
f 8752/4/6 8731/4/6 8753/4/6
f 8734/4/6 8735/4/6 8754/4/6
f 8753/2/6 8732/2/6 8754/2/6
f 8732/4/6 8733/4/6 8754/4/6
f 8733/4/6 8734/4/6 8754/4/6
f 8754/4/6 8735/4/6 8755/4/6
f 8755/4/6 8735/4/6 8756/4/6
f 8736/2/6 8737/2/6 8757/2/6
f 8756/4/6 8735/4/6 8757/4/6
f 8735/2/6 8736/2/6 8757/2/6
f 8757/2/6 8737/2/6 8758/2/6
f 8758/2/6 8737/2/6 8759/2/6
f 8759/2/6 8737/2/6 8760/2/6
f 8738/4/6 8739/4/6 8761/4/6
f 8760/2/6 8737/2/6 8761/2/6
f 8737/4/6 8738/4/6 8761/4/6
f 8739/4/6 8740/4/6 8761/4/6
f 8740/4/6 8741/4/6 8761/4/6
f 8761/4/6 8741/4/6 8762/4/6
f 8762/4/6 8741/4/6 8763/4/6
f 8763/4/6 8741/4/6 8764/4/6
f 8741/2/6 8742/2/6 8765/2/6
f 8764/4/6 8741/4/6 8765/4/6
f 8742/4/6 8746/4/6 8766/4/6
f 8765/2/6 8742/2/6 8766/2/6
f 8766/4/6 8746/4/6 8767/4/6
f 8767/4/6 8746/4/6 8768/4/6
f 8769/4/6 8770/4/6 8773/4/6
f 8770/2/6 8771/2/6 8774/2/6
f 8773/4/6 8770/4/6 8774/4/6
f 8774/2/6 8771/2/6 8775/2/6
f 8775/2/6 8771/2/6 8776/2/6
f 8776/2/6 8771/2/6 8777/2/6
f 8777/2/6 8771/2/6 8778/2/6
f 8778/2/6 8771/2/6 8779/2/6
f 8779/2/6 8771/2/6 8780/2/6
f 8780/2/6 8771/2/6 8781/2/6
f 8781/2/6 8771/2/6 8782/2/6
f 8771/4/6 8772/4/6 8783/4/6
f 8782/2/6 8771/2/6 8783/2/6
f 8783/4/6 8772/4/6 8784/4/6
f 8774/4/6 8775/4/6 8785/4/6
f 8785/4/6 8775/4/6 8786/4/6
f 8786/4/6 8775/4/6 8787/4/6
f 8787/4/6 8775/4/6 8788/4/6
f 8788/4/6 8775/4/6 8789/4/6
f 8775/2/6 8776/2/6 8790/2/6
f 8790/2/6 8776/2/6 8791/2/6
f 8776/4/6 8777/4/6 8792/4/6
f 8777/2/6 8778/2/6 8792/2/6
f 8778/4/6 8779/4/6 8793/4/6
f 8792/2/6 8778/2/6 8793/2/6
f 8779/2/6 8780/2/6 8794/2/6
f 8793/4/6 8779/4/6 8794/4/6
f 8794/2/6 8780/2/6 8795/2/6
f 8795/2/6 8780/2/6 8796/2/6
f 8780/4/6 8781/4/6 8797/4/6
f 8796/2/6 8780/2/6 8797/2/6
f 8782/4/6 8783/4/6 8798/4/6
f 8785/4/6 8786/4/6 8799/4/6
f 8799/4/6 8786/4/6 8800/4/6
f 8789/4/6 8775/4/6 8801/4/6
f 8775/2/6 8790/2/6 8802/2/6
f 8801/4/6 8775/4/6 8802/4/6
f 8802/2/6 8790/2/6 8803/2/6
f 8803/2/6 8790/2/6 8804/2/6
f 8790/4/6 8791/4/6 8805/4/6
f 8804/2/6 8790/2/6 8805/2/6
f 8791/2/6 8776/2/6 8806/2/6
f 8805/4/6 8791/4/6 8806/4/6
f 8776/4/6 8792/4/6 8807/4/6
f 8806/2/6 8776/2/6 8807/2/6
f 8792/4/6 8793/4/6 8807/4/6
f 8794/4/6 8795/4/6 8807/4/6
f 8793/4/6 8794/4/6 8807/4/6
f 8807/4/6 8795/4/6 8808/4/6
f 8795/2/6 8796/2/6 8809/2/6
f 8808/4/6 8795/4/6 8809/4/6
f 8809/2/6 8796/2/6 8810/2/6
f 8810/2/6 8796/2/6 8811/2/6
f 8796/4/6 8797/4/6 8812/4/6
f 8811/2/6 8796/2/6 8812/2/6
f 8812/4/6 8797/4/6 8813/4/6
f 8797/4/6 8781/4/6 8814/4/6
f 8813/4/6 8797/4/6 8814/4/6
f 8814/4/6 8781/4/6 8815/4/6
f 8802/2/6 8803/2/6 8816/2/6
f 8816/2/6 8803/2/6 8817/2/6
f 8817/2/6 8803/2/6 8818/2/6
f 8804/2/6 8805/2/6 8819/2/6
f 8805/2/6 8806/2/6 8819/2/6
f 8819/2/6 8806/2/6 8820/2/6
f 8806/4/6 8807/4/6 8821/4/6
f 8820/2/6 8806/2/6 8821/2/6
f 8807/4/6 8808/4/6 8821/4/6
f 8821/4/6 8808/4/6 8822/4/6
f 8822/4/6 8808/4/6 8823/4/6
f 8823/4/6 8808/4/6 8824/4/6
f 8824/4/6 8808/4/6 8825/4/6
f 8825/4/6 8808/4/6 8826/4/6
f 8810/2/6 8811/2/6 8827/2/6
f 8812/4/6 8813/4/6 8828/4/6
f 8827/2/6 8811/2/6 8828/2/6
f 8811/4/6 8812/4/6 8828/4/6
f 8828/4/6 8813/4/6 8829/4/6
f 8829/4/6 8813/4/6 8830/4/6
f 8830/4/6 8813/4/6 8831/4/6
f 8831/4/6 8813/4/6 8832/4/6
f 8832/4/6 8813/4/6 8833/4/6
f 8833/4/6 8813/4/6 8834/4/6
f 8815/4/6 8781/4/6 8835/4/6
f 8835/4/6 8781/4/6 8836/4/6
f 8836/4/6 8781/4/6 8837/4/6
f 8837/4/6 8781/4/6 8838/4/6
f 8838/4/6 8781/4/6 8839/4/6
f 8839/4/6 8781/4/6 8840/4/6
f 8840/4/6 8781/4/6 8841/4/6
f 8781/2/6 8782/2/6 8842/2/6
f 8841/4/6 8781/4/6 8842/4/6
f 8782/4/6 8798/4/6 8843/4/6
f 8842/2/6 8782/2/6 8843/2/6
f 8843/4/6 8798/4/6 8844/4/6
f 8844/4/6 8798/4/6 8845/4/6
f 8820/2/6 8821/2/6 8846/2/6
f 8846/2/6 8821/2/6 8847/2/6
f 8822/4/6 8823/4/6 8848/4/6
f 8848/4/6 8823/4/6 8849/4/6
f 8849/4/6 8823/4/6 8850/4/6
f 8824/4/6 8825/4/6 8851/4/6
f 8851/4/6 8825/4/6 8852/4/6
f 8828/4/6 8829/4/6 8853/4/6
f 8853/4/6 8829/4/6 8854/4/6
f 8832/4/6 8833/4/6 8855/4/6
f 8855/4/6 8833/4/6 8856/4/6
f 8836/4/6 8837/4/6 8857/4/6
f 8837/2/6 8838/2/6 8858/2/6
f 8857/4/6 8837/4/6 8858/4/6
f 8858/2/6 8838/2/6 8859/2/6
f 8839/2/6 8840/2/6 8860/2/6
f 8860/2/6 8840/2/6 8861/2/6
f 8840/4/6 8841/4/6 8862/4/6
f 8861/2/6 8840/2/6 8862/2/6
f 8862/4/6 8841/4/6 8863/4/6
f 8843/4/6 8844/4/6 8864/4/6
f 8842/4/6 8843/4/6 8864/4/6
f 8864/4/6 8844/4/6 8865/4/6
f 8865/4/6 8844/4/6 8866/4/6
f 8857/4/6 8858/4/6 8867/4/6
f 8867/4/6 8858/4/6 8868/4/6
f 8861/2/6 8862/2/6 8869/2/6
f 8869/2/6 8862/2/6 8870/2/6
f 8871/4/6 8872/4/6 8879/4/6
f 8872/4/6 8873/4/6 8879/4/6
f 8873/2/6 8874/2/6 8880/2/6
f 8879/4/6 8873/4/6 8880/4/6
f 8880/2/6 8874/2/6 8881/2/6
f 8875/2/6 8876/2/6 8883/2/6
f 8883/2/6 8876/2/6 8884/2/6
f 8877/4/6 8878/4/6 8885/4/6
f 8885/4/6 8878/4/6 8886/4/6
f 8886/4/6 8878/4/6 8887/4/6
f 8887/4/6 8878/4/6 8888/4/6
f 8871/4/6 8879/4/6 8894/4/6
f 8883/2/6 8884/2/6 8895/2/6
f 8894/4/6 8879/4/6 8895/4/6
f 8881/2/6 8882/2/6 8895/2/6
f 8879/2/6 8880/2/6 8895/2/6
f 8880/2/6 8881/2/6 8895/2/6
f 8882/2/6 8883/2/6 8895/2/6
f 8885/2/6 8886/2/6 8895/2/6
f 8884/2/6 8885/2/6 8895/2/6
f 8895/2/6 8886/2/6 8896/2/6
f 8896/2/6 8886/2/6 8897/2/6
f 8886/4/6 8887/4/6 8898/4/6
f 8897/2/6 8886/2/6 8898/2/6
f 8898/4/6 8887/4/6 8899/4/6
f 8887/2/6 8888/2/6 8900/2/6
f 8899/4/6 8887/4/6 8900/4/6
f 8900/2/6 8888/2/6 8901/2/6
f 8889/4/6 8890/4/6 8903/4/6
f 8890/2/6 8891/2/6 8904/2/6
f 8903/4/6 8890/4/6 8904/4/6
f 8904/2/6 8891/2/6 8905/2/6
f 8891/4/6 8892/4/6 8906/4/6
f 8905/2/6 8891/2/6 8906/2/6
f 8892/2/6 8893/2/6 8907/2/6
f 8906/4/6 8892/4/6 8907/4/6
f 8871/4/6 8894/4/6 8908/4/6
f 8894/2/6 8895/2/6 8909/2/6
f 8908/4/6 8894/4/6 8909/4/6
f 8895/2/6 8896/2/6 8909/2/6
f 8909/2/6 8896/2/6 8910/2/6
f 8896/4/6 8897/4/6 8911/4/6
f 8910/2/6 8896/2/6 8911/2/6
f 8911/4/6 8897/4/6 8912/4/6
f 8912/4/6 8897/4/6 8913/4/6
f 8898/2/6 8899/2/6 8914/2/6
f 8913/4/6 8897/4/6 8914/4/6
f 8897/2/6 8898/2/6 8914/2/6
f 8914/2/6 8899/2/6 8915/2/6
f 8899/4/6 8900/4/6 8916/4/6
f 8915/2/6 8899/2/6 8916/2/6
f 8900/4/6 8901/4/6 8916/4/6
f 8916/4/6 8901/4/6 8917/4/6
f 8901/2/6 8902/2/6 8918/2/6
f 8917/4/6 8901/4/6 8918/4/6
f 8918/2/6 8902/2/6 8919/2/6
f 8904/4/6 8905/4/6 8920/4/6
f 8919/2/6 8902/2/6 8920/2/6
f 8902/4/6 8903/4/6 8920/4/6
f 8903/4/6 8904/4/6 8920/4/6
f 8920/4/6 8905/4/6 8921/4/6
f 8905/2/6 8906/2/6 8922/2/6
f 8921/4/6 8905/4/6 8922/4/6
f 8906/2/6 8907/2/6 8922/2/6
f 8907/2/6 8893/2/6 8923/2/6
f 8922/2/6 8907/2/6 8923/2/6
f 8909/2/6 8910/2/6 8924/2/6
f 8871/4/6 8908/4/6 8924/4/6
f 8908/2/6 8909/2/6 8924/2/6
f 8924/2/6 8910/2/6 8925/2/6
f 8925/2/6 8910/2/6 8926/2/6
f 8911/4/6 8912/4/6 8927/4/6
f 8926/2/6 8910/2/6 8927/2/6
f 8910/4/6 8911/4/6 8927/4/6
f 8927/4/6 8912/4/6 8928/4/6
f 8928/4/6 8912/4/6 8929/4/6
f 8929/4/6 8912/4/6 8930/4/6
f 8912/2/6 8913/2/6 8931/2/6
f 8930/4/6 8912/4/6 8931/4/6
f 8931/2/6 8913/2/6 8932/2/6
f 8914/4/6 8915/4/6 8933/4/6
f 8932/2/6 8913/2/6 8933/2/6
f 8913/4/6 8914/4/6 8933/4/6
f 8933/4/6 8915/4/6 8934/4/6
f 8916/2/6 8917/2/6 8935/2/6
f 8934/4/6 8915/4/6 8935/4/6
f 8915/2/6 8916/2/6 8935/2/6
f 8935/2/6 8917/2/6 8936/2/6
f 8918/4/6 8919/4/6 8937/4/6
f 8936/2/6 8917/2/6 8937/2/6
f 8917/4/6 8918/4/6 8937/4/6
f 8937/4/6 8919/4/6 8938/4/6
f 8920/2/6 8921/2/6 8939/2/6
f 8938/4/6 8919/4/6 8939/4/6
f 8919/2/6 8920/2/6 8939/2/6
f 8921/4/6 8922/4/6 8940/4/6
f 8939/2/6 8921/2/6 8940/2/6
f 8922/4/6 8923/4/6 8940/4/6
f 8940/4/6 8923/4/6 8941/4/6
f 8923/2/6 8893/2/6 8942/2/6
f 8941/4/6 8923/4/6 8942/4/6
f 8942/2/6 8893/2/6 8943/2/6
f 8925/2/6 8926/2/6 8944/2/6
f 8924/4/6 8925/4/6 8944/4/6
f 8926/4/6 8927/4/6 8945/4/6
f 8944/2/6 8926/2/6 8945/2/6
f 8927/4/6 8928/4/6 8945/4/6
f 8945/4/6 8928/4/6 8946/4/6
f 8928/2/6 8929/2/6 8947/2/6
f 8946/4/6 8928/4/6 8947/4/6
f 8929/4/6 8930/4/6 8948/4/6
f 8947/2/6 8929/2/6 8948/2/6
f 8930/2/6 8931/2/6 8949/2/6
f 8948/4/6 8930/4/6 8949/4/6
f 8931/4/6 8932/4/6 8950/4/6
f 8949/2/6 8931/2/6 8950/2/6
f 8950/4/6 8932/4/6 8951/4/6
f 8933/2/6 8934/2/6 8952/2/6
f 8932/2/6 8933/2/6 8952/2/6
f 8935/4/6 8936/4/6 8953/4/6
f 8952/2/6 8934/2/6 8953/2/6
f 8934/4/6 8935/4/6 8953/4/6
f 8937/2/6 8938/2/6 8954/2/6
f 8953/4/6 8936/4/6 8954/4/6
f 8936/2/6 8937/2/6 8954/2/6
f 8954/2/6 8938/2/6 8955/2/6
f 8938/4/6 8939/4/6 8956/4/6
f 8955/2/6 8938/2/6 8956/2/6
f 8939/4/6 8940/4/6 8956/4/6
f 8956/4/6 8940/4/6 8957/4/6
f 8940/2/6 8941/2/6 8958/2/6
f 8957/4/6 8940/4/6 8958/4/6
f 8942/4/6 8943/4/6 8959/4/6
f 8958/2/6 8941/2/6 8959/2/6
f 8941/4/6 8942/4/6 8959/4/6
f 8945/4/6 8946/4/6 8960/4/6
f 8944/4/6 8945/4/6 8960/4/6
f 8871/4/6 8924/4/6 8960/4/6
f 8924/4/6 8944/4/6 8960/4/6
f 8960/4/6 8946/4/6 8961/4/6
f 8961/4/6 8946/4/6 8962/4/6
f 8962/4/6 8946/4/6 8963/4/6
f 8946/2/6 8947/2/6 8964/2/6
f 8963/4/6 8946/4/6 8964/4/6
f 8949/2/6 8950/2/6 8964/2/6
f 8948/2/6 8949/2/6 8964/2/6
f 8947/2/6 8948/2/6 8964/2/6
f 8950/2/6 8951/2/6 8964/2/6
f 8964/2/6 8951/2/6 8965/2/6
f 8951/4/6 8932/4/6 8966/4/6
f 8965/2/6 8951/2/6 8966/2/6
f 8932/2/6 8952/2/6 8967/2/6
f 8966/4/6 8932/4/6 8967/4/6
f 8967/2/6 8952/2/6 8968/2/6
f 8954/4/6 8955/4/6 8969/4/6
f 8968/2/6 8952/2/6 8969/2/6
f 8952/4/6 8953/4/6 8969/4/6
f 8953/4/6 8954/4/6 8969/4/6
f 8969/4/6 8955/4/6 8970/4/6
f 8970/4/6 8955/4/6 8971/4/6
f 8956/2/6 8957/2/6 8972/2/6
f 8958/4/6 8959/4/6 8972/4/6
f 8955/2/6 8956/2/6 8972/2/6
f 8957/4/6 8958/4/6 8972/4/6
f 8959/4/6 8943/4/6 8973/4/6
f 8972/4/6 8959/4/6 8973/4/6
f 8961/4/6 8962/4/6 8974/4/6
f 8960/2/6 8961/2/6 8974/2/6
f 8962/2/6 8963/2/6 8975/2/6
f 8974/4/6 8962/4/6 8975/4/6
f 8964/4/6 8965/4/6 8976/4/6
f 8975/2/6 8963/2/6 8976/2/6
f 8963/4/6 8964/4/6 8976/4/6
f 8976/4/6 8965/4/6 8977/4/6
f 8967/2/6 8968/2/6 8978/2/6
f 8977/4/6 8965/4/6 8978/4/6
f 8965/2/6 8966/2/6 8978/2/6
f 8966/2/6 8967/2/6 8978/2/6
f 8968/4/6 8969/4/6 8979/4/6
f 8978/2/6 8968/2/6 8979/2/6
f 8969/4/6 8970/4/6 8979/4/6
f 8970/2/6 8971/2/6 8980/2/6
f 8979/4/6 8970/4/6 8980/4/6
f 8971/4/6 8955/4/6 8981/4/6
f 8980/2/6 8971/2/6 8981/2/6
f 8955/2/6 8972/2/6 8982/2/6
f 8981/4/6 8955/4/6 8982/4/6
f 8972/2/6 8973/2/6 8982/2/6
f 8973/4/6 8943/4/6 8983/4/6
f 8982/2/6 8973/2/6 8983/2/6
f 8983/4/6 8943/4/6 8984/4/6
f 8974/2/6 8975/2/6 8985/2/6
f 8976/2/6 8977/2/6 8985/2/6
f 8975/2/6 8976/2/6 8985/2/6
f 8977/4/6 8978/4/6 8986/4/6
f 8985/2/6 8977/2/6 8986/2/6
f 8979/4/6 8980/4/6 8986/4/6
f 8980/4/6 8981/4/6 8986/4/6
f 8978/4/6 8979/4/6 8986/4/6
f 8986/4/6 8981/4/6 8987/4/6
f 8987/4/6 8981/4/6 8988/4/6
f 8983/2/6 8984/2/6 8989/2/6
f 8988/4/6 8981/4/6 8989/4/6
f 8982/2/6 8983/2/6 8989/2/6
f 8981/2/6 8982/2/6 8989/2/6
f 8984/4/6 8943/4/6 8990/4/6
f 8989/2/6 8984/2/6 8990/2/6
f 8990/4/6 8943/4/6 8991/4/6
f 8974/2/6 8985/2/6 8992/2/6
f 8985/4/6 8986/4/6 8993/4/6
f 8992/2/6 8985/2/6 8993/2/6
f 8993/4/6 8986/4/6 8994/4/6
f 8994/4/6 8986/4/6 8995/4/6
f 8987/4/6 8988/4/6 8996/4/6
f 8986/2/6 8987/2/6 8996/2/6
f 8988/2/6 8989/2/6 8997/2/6
f 8996/4/6 8988/4/6 8997/4/6
f 8989/2/6 8990/2/6 8997/2/6
f 8990/2/6 8991/2/6 8997/2/6
f 8997/2/6 8991/2/6 8998/2/6
f 8998/2/6 8991/2/6 8999/2/6
f 8991/4/6 8943/4/6 9000/4/6
f 8999/2/6 8991/2/6 9000/2/6
f 9000/4/6 8943/4/6 9001/4/6
f 8960/2/6 8974/2/6 9002/2/6
f 8974/2/6 8992/2/6 9002/2/6
f 9002/2/6 8992/2/6 9003/2/6
f 8993/4/6 8994/4/6 9004/4/6
f 9003/2/6 8992/2/6 9004/2/6
f 8992/4/6 8993/4/6 9004/4/6
f 8994/2/6 8995/2/6 9005/2/6
f 9004/4/6 8994/4/6 9005/4/6
f 8995/4/6 8986/4/6 9006/4/6
f 9005/2/6 8995/2/6 9006/2/6
f 8986/2/6 8996/2/6 9007/2/6
f 9006/4/6 8986/4/6 9007/4/6
f 8996/2/6 8997/2/6 9007/2/6
f 8997/2/6 8998/2/6 9007/2/6
f 9007/2/6 8998/2/6 9008/2/6
f 9008/2/6 8998/2/6 9009/2/6
f 8998/4/6 8999/4/6 9010/4/6
f 9009/2/6 8998/2/6 9010/2/6
f 9000/2/6 9001/2/6 9011/2/6
f 9010/4/6 8999/4/6 9011/4/6
f 8999/2/6 9000/2/6 9011/2/6
f 9011/2/6 9001/2/6 9012/2/6
f 9005/2/6 9006/2/6 9013/2/6
f 9004/2/6 9005/2/6 9013/2/6
f 9003/2/6 9004/2/6 9013/2/6
f 9002/4/6 9003/4/6 9013/4/6
f 9006/2/6 9007/2/6 9013/2/6
f 9013/2/6 9007/2/6 9014/2/6
f 9014/2/6 9007/2/6 9015/2/6
f 9007/4/6 9008/4/6 9016/4/6
f 9015/2/6 9007/2/6 9016/2/6
f 9016/4/6 9008/4/6 9017/4/6
f 9008/2/6 9009/2/6 9018/2/6
f 9017/4/6 9008/4/6 9018/4/6
f 9018/2/6 9009/2/6 9019/2/6
f 9011/4/6 9012/4/6 9020/4/6
f 9019/2/6 9009/2/6 9020/2/6
f 9010/4/6 9011/4/6 9020/4/6
f 9009/4/6 9010/4/6 9020/4/6
f 9020/4/6 9012/4/6 9021/4/6
f 9021/4/6 9012/4/6 9022/4/6
f 9022/4/6 9012/4/6 9023/4/6
f 9012/2/6 9001/2/6 9024/2/6
f 9023/4/6 9012/4/6 9024/4/6
f 9024/2/6 9001/2/6 9025/2/6
f 9002/4/6 9013/4/6 9026/4/6
f 9013/4/6 9014/4/6 9026/4/6
f 9014/2/6 9015/2/6 9027/2/6
f 9026/4/6 9014/4/6 9027/4/6
f 9015/4/6 9016/4/6 9028/4/6
f 9016/2/6 9017/2/6 9029/2/6
f 9028/4/6 9016/4/6 9029/4/6
f 9018/4/6 9019/4/6 9030/4/6
f 9029/2/6 9017/2/6 9030/2/6
f 9017/4/6 9018/4/6 9030/4/6
f 9030/4/6 9019/4/6 9031/4/6
f 9019/2/6 9020/2/6 9032/2/6
f 9031/4/6 9019/4/6 9032/4/6
f 9020/2/6 9021/2/6 9032/2/6
f 9032/2/6 9021/2/6 9033/2/6
f 9033/2/6 9021/2/6 9034/2/6
f 9034/2/6 9021/2/6 9035/2/6
f 9021/4/6 9022/4/6 9036/4/6
f 9035/2/6 9021/2/6 9036/2/6
f 9036/4/6 9022/4/6 9037/4/6
f 9022/2/6 9023/2/6 9038/2/6
f 9037/4/6 9022/4/6 9038/4/6
f 9038/2/6 9023/2/6 9039/2/6
f 9024/4/6 9025/4/6 9040/4/6
f 9023/4/6 9024/4/6 9040/4/6
f 9040/4/6 9025/4/6 9041/4/6
f 9026/2/6 9027/2/6 9042/2/6
f 9002/4/6 9026/4/6 9042/4/6
f 9027/2/6 9015/2/6 9043/2/6
f 9042/2/6 9027/2/6 9043/2/6
f 9015/4/6 9028/4/6 9044/4/6
f 9043/2/6 9015/2/6 9044/2/6
f 9028/2/6 9029/2/6 9045/2/6
f 9044/4/6 9028/4/6 9045/4/6
f 9030/2/6 9031/2/6 9045/2/6
f 9029/2/6 9030/2/6 9045/2/6
f 9045/2/6 9031/2/6 9046/2/6
f 9031/4/6 9032/4/6 9047/4/6
f 9046/2/6 9031/2/6 9047/2/6
f 9032/4/6 9033/4/6 9047/4/6
f 9033/2/6 9034/2/6 9048/2/6
f 9047/4/6 9033/4/6 9048/4/6
f 9034/4/6 9035/4/6 9049/4/6
f 9048/2/6 9034/2/6 9049/2/6
f 9049/4/6 9035/4/6 9050/4/6
f 9036/2/6 9037/2/6 9051/2/6
f 9050/4/6 9035/4/6 9051/4/6
f 9035/2/6 9036/2/6 9051/2/6
f 9051/2/6 9037/2/6 9052/2/6
f 9037/4/6 9038/4/6 9053/4/6
f 9052/2/6 9037/2/6 9053/2/6
f 9038/4/6 9039/4/6 9053/4/6
f 9053/4/6 9039/4/6 9054/4/6
f 9039/2/6 9023/2/6 9055/2/6
f 9054/4/6 9039/4/6 9055/4/6
f 9055/2/6 9023/2/6 9056/2/6
f 9023/4/6 9040/4/6 9057/4/6
f 9056/2/6 9023/2/6 9057/2/6
f 9057/4/6 9040/4/6 9058/4/6
f 9040/2/6 9041/2/6 9059/2/6
f 9058/4/6 9040/4/6 9059/4/6
f 9043/2/6 9044/2/6 9060/2/6
f 9042/4/6 9043/4/6 9060/4/6
f 9045/2/6 9046/2/6 9060/2/6
f 9044/2/6 9045/2/6 9060/2/6
f 9060/2/6 9046/2/6 9061/2/6
f 9061/2/6 9046/2/6 9062/2/6
f 9049/4/6 9050/4/6 9063/4/6
f 9062/2/6 9046/2/6 9063/2/6
f 9047/4/6 9048/4/6 9063/4/6
f 9046/4/6 9047/4/6 9063/4/6
f 9048/4/6 9049/4/6 9063/4/6
f 9063/4/6 9050/4/6 9064/4/6
f 9051/2/6 9052/2/6 9065/2/6
f 9064/4/6 9050/4/6 9065/4/6
f 9050/2/6 9051/2/6 9065/2/6
f 9065/2/6 9052/2/6 9066/2/6
f 9053/4/6 9054/4/6 9067/4/6
f 9066/2/6 9052/2/6 9067/2/6
f 9052/4/6 9053/4/6 9067/4/6
f 9067/4/6 9054/4/6 9068/4/6
f 9055/2/6 9056/2/6 9069/2/6
f 9068/4/6 9054/4/6 9069/4/6
f 9054/2/6 9055/2/6 9069/2/6
f 9069/2/6 9056/2/6 9070/2/6
f 9057/4/6 9058/4/6 9071/4/6
f 9070/2/6 9056/2/6 9071/2/6
f 9056/4/6 9057/4/6 9071/4/6
f 9071/4/6 9058/4/6 9072/4/6
f 9058/2/6 9059/2/6 9073/2/6
f 9072/4/6 9058/4/6 9073/4/6
f 9073/2/6 9059/2/6 9074/2/6
f 9059/2/6 9041/2/6 9075/2/6
f 9074/2/6 9059/2/6 9075/2/6
f 9002/4/6 9042/4/6 9076/4/6
f 9060/4/6 9061/4/6 9076/4/6
f 9042/4/6 9060/4/6 9076/4/6
f 9076/4/6 9061/4/6 9077/4/6
f 9061/2/6 9062/2/6 9078/2/6
f 9077/4/6 9061/4/6 9078/4/6
f 9078/2/6 9062/2/6 9079/2/6
f 9079/2/6 9062/2/6 9080/2/6
f 9063/4/6 9064/4/6 9081/4/6
f 9080/2/6 9062/2/6 9081/2/6
f 9062/4/6 9063/4/6 9081/4/6
f 9081/4/6 9064/4/6 9082/4/6
f 9065/2/6 9066/2/6 9083/2/6
f 9082/4/6 9064/4/6 9083/4/6
f 9064/2/6 9065/2/6 9083/2/6
f 9083/2/6 9066/2/6 9084/2/6
f 9067/4/6 9068/4/6 9085/4/6
f 9084/2/6 9066/2/6 9085/2/6
f 9066/4/6 9067/4/6 9085/4/6
f 9069/2/6 9070/2/6 9086/2/6
f 9085/4/6 9068/4/6 9086/4/6
f 9068/2/6 9069/2/6 9086/2/6
f 9071/4/6 9072/4/6 9087/4/6
f 9086/2/6 9070/2/6 9087/2/6
f 9070/4/6 9071/4/6 9087/4/6
f 9087/4/6 9072/4/6 9088/4/6
f 9073/2/6 9074/2/6 9089/2/6
f 9088/4/6 9072/4/6 9089/4/6
f 9072/2/6 9073/2/6 9089/2/6
f 9089/2/6 9074/2/6 9090/2/6
f 9074/4/6 9075/4/6 9091/4/6
f 9090/2/6 9074/2/6 9091/2/6
f 9075/2/6 9041/2/6 9092/2/6
f 9091/4/6 9075/4/6 9092/4/6
f 9092/2/6 9041/2/6 9093/2/6
f 9002/4/6 9076/4/6 9094/4/6
f 9076/2/6 9077/2/6 9095/2/6
f 9094/4/6 9076/4/6 9095/4/6
f 9078/4/6 9079/4/6 9096/4/6
f 9095/2/6 9077/2/6 9096/2/6
f 9077/4/6 9078/4/6 9096/4/6
f 9079/2/6 9080/2/6 9097/2/6
f 9096/4/6 9079/4/6 9097/4/6
f 9081/4/6 9082/4/6 9098/4/6
f 9097/2/6 9080/2/6 9098/2/6
f 9080/4/6 9081/4/6 9098/4/6
f 9098/4/6 9082/4/6 9099/4/6
f 9083/2/6 9084/2/6 9100/2/6
f 9099/4/6 9082/4/6 9100/4/6
f 9082/2/6 9083/2/6 9100/2/6
f 9100/2/6 9084/2/6 9101/2/6
f 9101/2/6 9084/2/6 9102/2/6
f 9102/2/6 9084/2/6 9103/2/6
f 9087/4/6 9088/4/6 9104/4/6
f 9103/2/6 9084/2/6 9104/2/6
f 9085/4/6 9086/4/6 9104/4/6
f 9084/4/6 9085/4/6 9104/4/6
f 9086/4/6 9087/4/6 9104/4/6
f 9104/4/6 9088/4/6 9105/4/6
f 9089/2/6 9090/2/6 9106/2/6
f 9105/4/6 9088/4/6 9106/4/6
f 9088/2/6 9089/2/6 9106/2/6
f 9090/4/6 9091/4/6 9107/4/6
f 9106/2/6 9090/2/6 9107/2/6
f 9092/4/6 9093/4/6 9107/4/6
f 9091/4/6 9092/4/6 9107/4/6
f 9107/4/6 9093/4/6 9108/4/6
f 9108/4/6 9093/4/6 9109/4/6
f 9096/4/6 9097/4/6 9110/4/6
f 9098/4/6 9099/4/6 9110/4/6
f 9095/4/6 9096/4/6 9110/4/6
f 9097/4/6 9098/4/6 9110/4/6
f 9110/4/6 9099/4/6 9111/4/6
f 9111/4/6 9099/4/6 9112/4/6
f 9100/2/6 9101/2/6 9113/2/6
f 9112/4/6 9099/4/6 9113/4/6
f 9099/2/6 9100/2/6 9113/2/6
f 9113/2/6 9101/2/6 9114/2/6
f 9101/4/6 9102/4/6 9115/4/6
f 9114/2/6 9101/2/6 9115/2/6
f 9102/2/6 9103/2/6 9116/2/6
f 9115/4/6 9102/4/6 9116/4/6
f 9104/4/6 9105/4/6 9117/4/6
f 9116/2/6 9103/2/6 9117/2/6
f 9103/4/6 9104/4/6 9117/4/6
f 9117/4/6 9105/4/6 9118/4/6
f 9105/2/6 9106/2/6 9119/2/6
f 9118/4/6 9105/4/6 9119/4/6
f 9119/2/6 9106/2/6 9120/2/6
f 9107/4/6 9108/4/6 9121/4/6
f 9120/2/6 9106/2/6 9121/2/6
f 9106/4/6 9107/4/6 9121/4/6
f 9108/2/6 9109/2/6 9122/2/6
f 9121/4/6 9108/4/6 9122/4/6
f 9122/2/6 9109/2/6 9123/2/6
f 9111/4/6 9112/4/6 9124/4/6
f 9110/2/6 9111/2/6 9124/2/6
f 9124/4/6 9112/4/6 9125/4/6
f 9125/4/6 9112/4/6 9126/4/6
f 9113/2/6 9114/2/6 9127/2/6
f 9126/4/6 9112/4/6 9127/4/6
f 9112/2/6 9113/2/6 9127/2/6
f 9127/2/6 9114/2/6 9128/2/6
f 9114/4/6 9115/4/6 9129/4/6
f 9128/2/6 9114/2/6 9129/2/6
f 9117/4/6 9118/4/6 9129/4/6
f 9115/4/6 9116/4/6 9129/4/6
f 9116/4/6 9117/4/6 9129/4/6
f 9129/4/6 9118/4/6 9130/4/6
f 9130/4/6 9118/4/6 9131/4/6
f 9131/4/6 9118/4/6 9132/4/6
f 9132/4/6 9118/4/6 9133/4/6
f 9119/2/6 9120/2/6 9134/2/6
f 9133/4/6 9118/4/6 9134/4/6
f 9118/2/6 9119/2/6 9134/2/6
f 9134/2/6 9120/2/6 9135/2/6
f 9120/4/6 9121/4/6 9136/4/6
f 9135/2/6 9120/2/6 9136/2/6
f 9122/4/6 9123/4/6 9136/4/6
f 9121/4/6 9122/4/6 9136/4/6
f 9136/4/6 9123/4/6 9137/4/6
f 9137/4/6 9123/4/6 9138/4/6
f 9094/2/6 9095/2/6 9139/2/6
f 9110/2/6 9124/2/6 9140/2/6
f 9124/2/6 9125/2/6 9140/2/6
f 9125/4/6 9126/4/6 9141/4/6
f 9140/2/6 9125/2/6 9141/2/6
f 9127/2/6 9128/2/6 9142/2/6
f 9141/4/6 9126/4/6 9142/4/6
f 9126/2/6 9127/2/6 9142/2/6
f 9142/2/6 9128/2/6 9143/2/6
f 9143/2/6 9128/2/6 9144/2/6
f 9128/4/6 9129/4/6 9145/4/6
f 9144/2/6 9128/2/6 9145/2/6
f 9145/4/6 9129/4/6 9146/4/6
f 9129/2/6 9130/2/6 9147/2/6
f 9146/4/6 9129/4/6 9147/4/6
f 9130/4/6 9131/4/6 9148/4/6
f 9147/2/6 9130/2/6 9148/2/6
f 9131/2/6 9132/2/6 9149/2/6
f 9132/4/6 9133/4/6 9150/4/6
f 9149/2/6 9132/2/6 9150/2/6
f 9150/4/6 9133/4/6 9151/4/6
f 9134/2/6 9135/2/6 9152/2/6
f 9151/4/6 9133/4/6 9152/4/6
f 9133/2/6 9134/2/6 9152/2/6
f 9152/2/6 9135/2/6 9153/2/6
f 9135/4/6 9136/4/6 9154/4/6
f 9153/2/6 9135/2/6 9154/2/6
f 9136/4/6 9137/4/6 9154/4/6
f 9154/4/6 9137/4/6 9155/4/6
f 9137/2/6 9138/2/6 9156/2/6
f 9155/4/6 9137/4/6 9156/4/6
f 9138/4/6 9123/4/6 9157/4/6
f 9156/2/6 9138/2/6 9157/2/6
f 9157/4/6 9123/4/6 9158/4/6
f 9139/2/6 9095/2/6 9159/2/6
f 9095/4/6 9110/4/6 9160/4/6
f 9159/2/6 9095/2/6 9160/2/6
f 9110/2/6 9140/2/6 9161/2/6
f 9160/4/6 9110/4/6 9161/4/6
f 9140/4/6 9141/4/6 9162/4/6
f 9161/2/6 9140/2/6 9162/2/6
f 9141/4/6 9142/4/6 9162/4/6
f 9142/4/6 9143/4/6 9162/4/6
f 9162/4/6 9143/4/6 9163/4/6
f 9143/2/6 9144/2/6 9164/2/6
f 9163/4/6 9143/4/6 9164/4/6
f 9164/2/6 9144/2/6 9165/2/6
f 9145/4/6 9146/4/6 9166/4/6
f 9165/2/6 9144/2/6 9166/2/6
f 9144/4/6 9145/4/6 9166/4/6
f 9166/4/6 9146/4/6 9167/4/6
f 9146/2/6 9147/2/6 9168/2/6
f 9167/4/6 9146/4/6 9168/4/6
f 9147/4/6 9148/4/6 9169/4/6
f 9168/2/6 9147/2/6 9169/2/6
f 9131/2/6 9149/2/6 9170/2/6
f 9169/4/6 9148/4/6 9170/4/6
f 9148/4/6 9131/4/6 9170/4/6
f 9150/4/6 9151/4/6 9171/4/6
f 9170/2/6 9149/2/6 9171/2/6
f 9149/4/6 9150/4/6 9171/4/6
f 9171/4/6 9151/4/6 9172/4/6
f 9152/2/6 9153/2/6 9173/2/6
f 9172/4/6 9151/4/6 9173/4/6
f 9151/2/6 9152/2/6 9173/2/6
f 9154/4/6 9155/4/6 9174/4/6
f 9173/2/6 9153/2/6 9174/2/6
f 9153/4/6 9154/4/6 9174/4/6
f 9174/4/6 9155/4/6 9175/4/6
f 9155/2/6 9156/2/6 9176/2/6
f 9175/4/6 9155/4/6 9176/4/6
f 9176/2/6 9156/2/6 9177/2/6
f 9157/4/6 9158/4/6 9178/4/6
f 9177/2/6 9156/2/6 9178/2/6
f 9156/4/6 9157/4/6 9178/4/6
f 9178/4/6 9158/4/6 9179/4/6
f 9179/4/6 9158/4/6 9180/4/6
f 9160/4/6 9161/4/6 9181/4/6
f 9159/4/6 9160/4/6 9181/4/6
f 9161/4/6 9162/4/6 9181/4/6
f 9162/4/6 9163/4/6 9181/4/6
f 9164/2/6 9165/2/6 9182/2/6
f 9181/4/6 9163/4/6 9182/4/6
f 9163/2/6 9164/2/6 9182/2/6
f 9182/2/6 9165/2/6 9183/2/6
f 9165/4/6 9166/4/6 9184/4/6
f 9183/2/6 9165/2/6 9184/2/6
f 9166/4/6 9167/4/6 9184/4/6
f 9184/4/6 9167/4/6 9185/4/6
f 9185/4/6 9167/4/6 9186/4/6
f 9167/2/6 9168/2/6 9187/2/6
f 9186/4/6 9167/4/6 9187/4/6
f 9169/4/6 9170/4/6 9188/4/6
f 9187/2/6 9168/2/6 9188/2/6
f 9168/4/6 9169/4/6 9188/4/6
f 9171/4/6 9172/4/6 9188/4/6
f 9170/4/6 9171/4/6 9188/4/6
f 9188/4/6 9172/4/6 9189/4/6
f 9172/2/6 9173/2/6 9190/2/6
f 9189/4/6 9172/4/6 9190/4/6
f 9190/2/6 9173/2/6 9191/2/6
f 9174/4/6 9175/4/6 9192/4/6
f 9191/2/6 9173/2/6 9192/2/6
f 9173/4/6 9174/4/6 9192/4/6
f 9176/2/6 9177/2/6 9193/2/6
f 9192/4/6 9175/4/6 9193/4/6
f 9175/2/6 9176/2/6 9193/2/6
f 9178/4/6 9179/4/6 9194/4/6
f 9193/2/6 9177/2/6 9194/2/6
f 9177/4/6 9178/4/6 9194/4/6
f 9194/4/6 9179/4/6 9195/4/6
f 9195/4/6 9179/4/6 9196/4/6
f 9179/2/6 9180/2/6 9197/2/6
f 9196/4/6 9179/4/6 9197/4/6
f 9180/4/6 9158/4/6 9198/4/6
f 9197/2/6 9180/2/6 9198/2/6
f 9159/4/6 9181/4/6 9199/4/6
f 9196/4/6 9197/4/6 9200/4/6
f 9198/4/6 9158/4/6 9200/4/6
f 9197/4/6 9198/4/6 9200/4/6
f 9199/4/6 9181/4/6 9201/4/6
f 9201/4/6 9181/4/6 9202/4/6
f 9202/4/6 9181/4/6 9203/4/6
f 9182/2/6 9183/2/6 9204/2/6
f 9203/4/6 9181/4/6 9204/4/6
f 9181/2/6 9182/2/6 9204/2/6
f 9204/2/6 9183/2/6 9205/2/6
f 9205/2/6 9183/2/6 9206/2/6
f 9184/4/6 9185/4/6 9207/4/6
f 9206/2/6 9183/2/6 9207/2/6
f 9183/4/6 9184/4/6 9207/4/6
f 9207/4/6 9185/4/6 9208/4/6
f 9185/2/6 9186/2/6 9209/2/6
f 9208/4/6 9185/4/6 9209/4/6
f 9188/4/6 9189/4/6 9210/4/6
f 9209/2/6 9186/2/6 9210/2/6
f 9186/4/6 9187/4/6 9210/4/6
f 9187/4/6 9188/4/6 9210/4/6
f 9190/2/6 9191/2/6 9211/2/6
f 9210/4/6 9189/4/6 9211/4/6
f 9189/2/6 9190/2/6 9211/2/6
f 9211/2/6 9191/2/6 9212/2/6
f 9212/2/6 9191/2/6 9213/2/6
f 9192/4/6 9193/4/6 9214/4/6
f 9213/2/6 9191/2/6 9214/2/6
f 9191/4/6 9192/4/6 9214/4/6
f 9193/4/6 9194/4/6 9214/4/6
f 9194/4/6 9195/4/6 9214/4/6
f 9214/4/6 9195/4/6 9215/4/6
f 9215/4/6 9195/4/6 9216/4/6
f 9216/4/6 9195/4/6 9217/4/6
f 9217/4/6 9195/4/6 9218/4/6
f 9195/2/6 9196/2/6 9219/2/6
f 9218/4/6 9195/4/6 9219/4/6
f 9196/4/6 9200/4/6 9220/4/6
f 9219/2/6 9196/2/6 9220/2/6
f 9220/4/6 9200/4/6 9221/4/6
f 9222/4/6 9223/4/6 9227/4/6
f 9227/4/6 9223/4/6 9228/4/6
f 9224/4/6 9225/4/6 9229/4/6
f 9229/4/6 9225/4/6 9230/4/6
f 9226/4/6 9227/4/6 9232/4/6
f 9232/4/6 9227/4/6 9233/4/6
f 9230/4/6 9231/4/6 9234/4/6
f 9234/4/6 9231/4/6 9235/4/6
f 9232/2/6 9233/2/6 9236/2/6
f 9234/2/6 9235/2/6 9237/2/6
f 9232/2/6 9236/2/6 9238/2/6
f 9237/2/6 9235/2/6 9239/2/6
f 9232/2/6 9238/2/6 9240/2/6
f 9240/2/6 9238/2/6 9241/2/6
f 9239/2/6 9235/2/6 9242/2/6
f 9242/2/6 9235/2/6 9243/2/6
f 9240/4/6 9241/4/6 9244/4/6
f 9240/4/6 9244/4/6 9245/4/6
f 9245/4/6 9244/4/6 9246/4/6
f 9242/4/6 9243/4/6 9247/4/6
f 9247/4/6 9243/4/6 9248/4/6
f 9245/2/6 9246/2/6 9249/2/6
f 9249/2/6 9246/2/6 9250/2/6
f 9247/2/6 9248/2/6 9251/2/6
f 9251/2/6 9248/2/6 9252/2/6
f 9249/4/6 9250/4/6 9253/4/6
f 9253/4/6 9250/4/6 9254/4/6
f 9251/4/6 9252/4/6 9255/4/6
f 9255/4/6 9252/4/6 9256/4/6
f 9253/2/6 9254/2/6 9257/2/6
f 9255/2/6 9256/2/6 9258/2/6
f 9253/2/6 9257/2/6 9259/2/6
f 9259/2/6 9257/2/6 9260/2/6
f 9258/2/6 9256/2/6 9261/2/6
f 9261/2/6 9256/2/6 9262/2/6
f 9259/4/6 9260/4/6 9263/4/6
f 9263/4/6 9260/4/6 9264/4/6
f 9261/4/6 9262/4/6 9265/4/6
f 9265/4/6 9262/4/6 9266/4/6
f 9263/2/6 9264/2/6 9267/2/6
f 9267/2/6 9264/2/6 9268/2/6
f 9265/2/6 9266/2/6 9269/2/6
f 9269/2/6 9266/2/6 9270/2/6
f 9267/4/6 9268/4/6 9271/4/6
f 9271/4/6 9268/4/6 9272/4/6
f 9269/4/6 9270/4/6 9273/4/6
f 9273/4/6 9270/4/6 9274/4/6
f 9271/2/6 9272/2/6 9275/2/6
f 9275/2/6 9272/2/6 9276/2/6
f 9273/2/6 9274/2/6 9277/2/6
f 9277/2/6 9274/2/6 9278/2/6
f 9275/4/6 9276/4/6 9279/4/6
f 9279/4/6 9276/4/6 9280/4/6
f 9277/4/6 9278/4/6 9281/4/6
f 9281/4/6 9278/4/6 9282/4/6
f 9279/2/6 9280/2/6 9283/2/6
f 9281/2/6 9282/2/6 9284/2/6
f 9279/2/6 9283/2/6 9285/2/6
f 9285/2/6 9283/2/6 9286/2/6
f 9284/2/6 9282/2/6 9287/2/6
f 9287/2/6 9282/2/6 9288/2/6
f 9285/4/6 9286/4/6 9289/4/6
f 9289/4/6 9286/4/6 9290/4/6
f 9287/4/6 9288/4/6 9291/4/6
f 9291/4/6 9288/4/6 9292/4/6
f 9289/2/6 9290/2/6 9293/2/6
f 9291/2/6 9292/2/6 9294/2/6
f 9289/2/6 9293/2/6 9295/2/6
f 9295/2/6 9293/2/6 9296/2/6
f 9294/2/6 9292/2/6 9297/2/6
f 9297/2/6 9292/2/6 9298/2/6
f 9295/4/6 9296/4/6 9299/4/6
f 9299/4/6 9296/4/6 9300/4/6
f 9297/4/6 9298/4/6 9303/4/6
f 9303/4/6 9298/4/6 9304/4/6
f 9300/4/6 9301/4/6 9305/4/6
f 9305/4/6 9301/4/6 9306/4/6
f 9302/2/6 9303/2/6 9307/2/6
f 9307/2/6 9303/2/6 9308/2/6
f 9309/4/6 9310/4/6 9312/4/6
f 9312/4/6 9310/4/6 9313/4/6
f 9313/4/6 9310/4/6 9314/4/6
f 9314/4/6 9310/4/6 9315/4/6
f 9315/4/6 9310/4/6 9316/4/6
f 9316/4/6 9310/4/6 9317/4/6
f 9317/4/6 9310/4/6 9318/4/6
f 9318/4/6 9310/4/6 9319/4/6
f 9319/4/6 9310/4/6 9320/4/6
f 9320/4/6 9310/4/6 9321/4/6
f 9321/4/6 9310/4/6 9322/4/6
f 9322/4/6 9310/4/6 9323/4/6
f 9323/4/6 9310/4/6 9324/4/6
f 9311/4/6 9312/4/6 9326/4/6
f 9312/4/6 9313/4/6 9326/4/6
f 9326/4/6 9313/4/6 9327/4/6
f 9324/4/6 9325/4/6 9328/4/6
f 9323/4/6 9324/4/6 9328/4/6
f 9328/4/6 9325/4/6 9329/4/6
f 9311/4/6 9326/4/6 9330/4/6
f 9329/4/6 9325/4/6 9331/4/6
f 9311/4/6 9330/4/6 9332/4/6
f 9332/4/6 9330/4/6 9333/4/6
f 9331/4/6 9325/4/6 9334/4/6
f 9334/4/6 9325/4/6 9335/4/6
f 9332/2/6 9333/2/6 9336/2/6
f 9334/2/6 9335/2/6 9337/2/6
f 9337/2/6 9335/2/6 9338/2/6
f 9332/2/6 9336/2/6 9339/2/6
f 9337/4/6 9338/4/6 9340/4/6
f 9340/4/6 9338/4/6 9341/4/6
f 9332/2/6 9339/2/6 9342/2/6
f 9342/2/6 9339/2/6 9343/2/6
f 9340/2/6 9341/2/6 9344/2/6
f 9344/2/6 9341/2/6 9345/2/6
f 9342/4/6 9343/4/6 9346/4/6
f 9346/4/6 9343/4/6 9347/4/6
f 9344/4/6 9345/4/6 9348/4/6
f 9346/2/6 9347/2/6 9349/2/6
f 9349/2/6 9347/2/6 9350/2/6
f 9348/4/6 9345/4/6 9351/4/6
f 9349/4/6 9350/4/6 9352/4/6
f 9349/4/6 9352/4/6 9353/4/6
f 9353/4/6 9352/4/6 9354/4/6
f 9351/4/6 9345/4/6 9355/4/6
f 9355/4/6 9345/4/6 9356/4/6
f 9353/2/6 9354/2/6 9357/2/6
f 9357/2/6 9354/2/6 9358/2/6
f 9355/2/6 9356/2/6 9359/2/6
f 9359/2/6 9356/2/6 9360/2/6
f 9357/4/6 9358/4/6 9361/4/6
f 9359/4/6 9360/4/6 9362/4/6
f 9362/4/6 9360/4/6 9363/4/6
f 9357/4/6 9361/4/6 9364/4/6
f 9363/4/6 9360/4/6 9365/4/6
f 9357/4/6 9364/4/6 9366/4/6
f 9357/4/6 9366/4/6 9367/4/6
f 9367/4/6 9366/4/6 9368/4/6
f 9365/4/6 9360/4/6 9369/4/6
f 9369/4/6 9360/4/6 9370/4/6
f 9367/2/6 9368/2/6 9371/2/6
f 9371/2/6 9368/2/6 9372/2/6
f 9369/2/6 9370/2/6 9373/2/6
f 9373/2/6 9370/2/6 9374/2/6
f 9371/4/6 9372/4/6 9375/4/6
f 9375/4/6 9372/4/6 9376/4/6
f 9373/4/6 9374/4/6 9377/4/6
f 9377/4/6 9374/4/6 9378/4/6
f 9375/2/6 9376/2/6 9379/2/6
f 9375/2/6 9379/2/6 9380/2/6
f 9375/2/6 9380/2/6 9381/2/6
f 9381/2/6 9380/2/6 9382/2/6
f 9377/2/6 9378/2/6 9383/2/6
f 9383/2/6 9378/2/6 9384/2/6
f 9383/4/6 9384/4/6 9385/4/6
f 9381/4/6 9382/4/6 9386/4/6
f 9385/4/6 9384/4/6 9388/4/6
f 9381/4/6 9386/4/6 9389/4/6
f 9387/2/6 9388/2/6 9391/2/6
f 9388/4/6 9384/4/6 9392/4/6
f 9391/2/6 9388/2/6 9392/2/6
f 9389/4/6 9390/4/6 9393/4/6
f 9381/4/6 9389/4/6 9393/4/6
f 9393/4/6 9390/4/6 9394/4/6
f 9394/4/6 9390/4/6 9395/4/6
f 9391/4/6 9392/4/6 9415/4/6
f 9392/4/6 9384/4/6 9416/4/6
f 9415/4/6 9392/4/6 9416/4/6
f 9416/4/6 9384/4/6 9417/4/6
f 9394/4/6 9395/4/6 9418/4/6
f 9395/4/6 9396/4/6 9418/4/6
f 9396/2/6 9397/2/6 9419/2/6
f 9418/4/6 9396/4/6 9419/4/6
f 9397/4/6 9398/4/6 9420/4/6
f 9419/2/6 9397/2/6 9420/2/6
f 9398/2/6 9399/2/6 9421/2/6
f 9420/4/6 9398/4/6 9421/4/6
f 9399/4/6 9400/4/6 9422/4/6
f 9421/2/6 9399/2/6 9422/2/6
f 9400/4/6 9401/4/6 9422/4/6
f 9401/4/6 9402/4/6 9422/4/6
f 9402/4/6 9403/4/6 9422/4/6
f 9403/2/6 9404/2/6 9423/2/6
f 9422/4/6 9403/4/6 9423/4/6
f 9404/2/6 9405/2/6 9423/2/6
f 9405/4/6 9406/4/6 9424/4/6
f 9423/2/6 9405/2/6 9424/2/6
f 9406/2/6 9407/2/6 9425/2/6
f 9424/4/6 9406/4/6 9425/4/6
f 9407/2/6 9408/2/6 9425/2/6
f 9411/4/6 9412/4/6 9426/4/6
f 9425/2/6 9408/2/6 9426/2/6
f 9410/4/6 9411/4/6 9426/4/6
f 9408/4/6 9409/4/6 9426/4/6
f 9409/4/6 9410/4/6 9426/4/6
f 9413/2/6 9414/2/6 9427/2/6
f 9426/4/6 9412/4/6 9427/4/6
f 9412/2/6 9413/2/6 9427/2/6
f 9414/4/6 9415/4/6 9428/4/6
f 9427/2/6 9414/2/6 9428/2/6
f 9415/4/6 9416/4/6 9428/4/6
f 9428/4/6 9416/4/6 9429/4/6
f 9430/2/6 9431/2/6 9442/2/6
f 9431/4/6 9432/4/6 9443/4/6
f 9442/2/6 9431/2/6 9443/2/6
f 9443/4/6 9432/4/6 9444/4/6
f 9432/2/6 9433/2/6 9445/2/6
f 9444/4/6 9432/4/6 9445/4/6
f 9445/2/6 9433/2/6 9446/2/6
f 9433/4/6 9434/4/6 9447/4/6
f 9446/2/6 9433/2/6 9447/2/6
f 9447/4/6 9434/4/6 9448/4/6
f 9434/2/6 9435/2/6 9449/2/6
f 9448/4/6 9434/4/6 9449/4/6
f 9435/4/6 9436/4/6 9450/4/6
f 9449/2/6 9435/2/6 9450/2/6
f 9450/4/6 9436/4/6 9451/4/6
f 9451/4/6 9436/4/6 9452/4/6
f 9452/4/6 9436/4/6 9453/4/6
f 9436/2/6 9437/2/6 9454/2/6
f 9453/4/6 9436/4/6 9454/4/6
f 9454/2/6 9437/2/6 9455/2/6
f 9455/2/6 9437/2/6 9456/2/6
f 9456/2/6 9437/2/6 9457/2/6
f 9437/4/6 9438/4/6 9458/4/6
f 9457/2/6 9437/2/6 9458/2/6
f 9458/4/6 9438/4/6 9459/4/6
f 9438/2/6 9439/2/6 9460/2/6
f 9459/4/6 9438/4/6 9460/4/6
f 9439/4/6 9440/4/6 9461/4/6
f 9460/2/6 9439/2/6 9461/2/6
f 9461/4/6 9440/4/6 9462/4/6
f 9441/4/6 9442/4/6 9464/4/6
f 9443/2/6 9444/2/6 9465/2/6
f 9464/4/6 9442/4/6 9465/4/6
f 9442/2/6 9443/2/6 9465/2/6
f 9465/2/6 9444/2/6 9466/2/6
f 9445/4/6 9446/4/6 9467/4/6
f 9466/2/6 9444/2/6 9467/2/6
f 9444/4/6 9445/4/6 9467/4/6
f 9447/2/6 9448/2/6 9468/2/6
f 9467/4/6 9446/4/6 9468/4/6
f 9446/2/6 9447/2/6 9468/2/6
f 9448/4/6 9449/4/6 9469/4/6
f 9468/2/6 9448/2/6 9469/2/6
f 9449/4/6 9450/4/6 9469/4/6
f 9450/2/6 9451/2/6 9470/2/6
f 9469/4/6 9450/4/6 9470/4/6
f 9451/4/6 9452/4/6 9471/4/6
f 9470/2/6 9451/2/6 9471/2/6
f 9452/2/6 9453/2/6 9472/2/6
f 9471/4/6 9452/4/6 9472/4/6
f 9453/4/6 9454/4/6 9473/4/6
f 9472/2/6 9453/2/6 9473/2/6
f 9454/4/6 9455/4/6 9473/4/6
f 9455/2/6 9456/2/6 9474/2/6
f 9473/4/6 9455/4/6 9474/4/6
f 9474/2/6 9456/2/6 9475/2/6
f 9456/4/6 9457/4/6 9476/4/6
f 9475/2/6 9456/2/6 9476/2/6
f 9458/2/6 9459/2/6 9477/2/6
f 9476/4/6 9457/4/6 9477/4/6
f 9457/2/6 9458/2/6 9477/2/6
f 9477/2/6 9459/2/6 9478/2/6
f 9478/2/6 9459/2/6 9479/2/6
f 9479/2/6 9459/2/6 9480/2/6
f 9459/4/6 9460/4/6 9481/4/6
f 9480/2/6 9459/2/6 9481/2/6
f 9460/4/6 9461/4/6 9481/4/6
f 9461/2/6 9462/2/6 9482/2/6
f 9481/4/6 9461/4/6 9482/4/6
f 9482/2/6 9462/2/6 9483/2/6
f 9462/4/6 9463/4/6 9484/4/6
f 9483/2/6 9462/2/6 9484/2/6
f 9484/4/6 9463/4/6 9485/4/6
f 9465/2/6 9466/2/6 9486/2/6
f 9464/2/6 9465/2/6 9486/2/6
f 9486/2/6 9466/2/6 9487/2/6
f 9484/2/6 9485/2/6 9488/2/6
f 9483/2/6 9484/2/6 9488/2/6
f 9488/2/6 9485/2/6 9489/2/6
f 9489/2/6 9485/2/6 9490/2/6
f 9464/2/6 9486/2/6 9491/2/6
f 9491/2/6 9486/2/6 9492/2/6
f 9491/4/6 9492/4/6 9493/4/6
f 9493/4/6 9492/4/6 9494/4/6
f 9490/2/6 9485/2/6 9495/2/6
f 9495/2/6 9485/2/6 9496/2/6
f 9493/2/6 9494/2/6 9497/2/6
f 9497/2/6 9494/2/6 9498/2/6
f 9497/4/6 9498/4/6 9499/4/6
f 9499/4/6 9498/4/6 9500/4/6
f 9495/4/6 9496/4/6 9501/4/6
f 9501/4/6 9496/4/6 9502/4/6
f 9501/2/6 9502/2/6 9503/2/6
f 9503/2/6 9502/2/6 9504/2/6
f 9499/2/6 9500/2/6 9505/2/6
f 9505/2/6 9500/2/6 9506/2/6
f 9503/4/6 9504/4/6 9507/4/6
f 9507/4/6 9504/4/6 9508/4/6
f 9508/4/6 9504/4/6 9509/4/6
f 9505/4/6 9506/4/6 9510/4/6
f 9505/4/6 9510/4/6 9511/4/6
f 9511/4/6 9510/4/6 9512/4/6
f 9508/2/6 9509/2/6 9513/2/6
f 9513/2/6 9509/2/6 9514/2/6
f 9511/2/6 9512/2/6 9515/2/6
f 9513/4/6 9514/4/6 9516/4/6
f 9516/4/6 9514/4/6 9517/4/6
f 9516/2/6 9517/2/6 9518/2/6
f 9511/2/6 9515/2/6 9519/2/6
f 9519/2/6 9515/2/6 9520/2/6
f 9518/2/6 9517/2/6 9521/2/6
f 9521/2/6 9517/2/6 9522/2/6
f 9519/4/6 9520/4/6 9523/4/6
f 9523/4/6 9520/4/6 9524/4/6
f 9521/4/6 9522/4/6 9525/4/6
f 9525/4/6 9522/4/6 9526/4/6
f 9523/2/6 9524/2/6 9527/2/6
f 9527/2/6 9524/2/6 9528/2/6
f 9525/2/6 9526/2/6 9529/2/6
f 9529/2/6 9526/2/6 9530/2/6
f 9527/4/6 9528/4/6 9531/4/6
f 9531/4/6 9528/4/6 9532/4/6
f 9529/4/6 9530/4/6 9533/4/6
f 9533/4/6 9530/4/6 9534/4/6
f 9531/2/6 9532/2/6 9535/2/6
f 9535/2/6 9532/2/6 9536/2/6
f 9533/2/6 9534/2/6 9537/2/6
f 9535/4/6 9536/4/6 9538/4/6
f 9538/4/6 9536/4/6 9539/4/6
f 9537/2/6 9534/2/6 9540/2/6
f 9540/2/6 9534/2/6 9541/2/6
f 9538/2/6 9539/2/6 9542/2/6
f 9540/4/6 9541/4/6 9545/4/6
f 9545/4/6 9541/4/6 9546/4/6
f 9542/2/6 9543/2/6 9547/2/6
f 9538/2/6 9542/2/6 9547/2/6
f 9547/2/6 9543/2/6 9548/2/6
f 9548/2/6 9543/2/6 9549/2/6
f 9545/2/6 9546/2/6 9562/2/6
f 9544/2/6 9545/2/6 9562/2/6
f 9562/2/6 9546/2/6 9563/2/6
f 9563/2/6 9546/2/6 9564/2/6
f 9547/4/6 9548/4/6 9565/4/6
f 9548/2/6 9549/2/6 9566/2/6
f 9565/4/6 9548/4/6 9566/4/6
f 9549/2/6 9550/2/6 9566/2/6
f 9566/2/6 9550/2/6 9567/2/6
f 9550/4/6 9551/4/6 9568/4/6
f 9567/2/6 9550/2/6 9568/2/6
f 9568/4/6 9551/4/6 9569/4/6
f 9551/2/6 9552/2/6 9570/2/6
f 9569/4/6 9551/4/6 9570/4/6
f 9570/2/6 9552/2/6 9571/2/6
f 9552/4/6 9553/4/6 9572/4/6
f 9571/2/6 9552/2/6 9572/2/6
f 9572/4/6 9553/4/6 9573/4/6
f 9553/2/6 9554/2/6 9574/2/6
f 9573/4/6 9553/4/6 9574/4/6
f 9554/4/6 9555/4/6 9575/4/6
f 9574/2/6 9554/2/6 9575/2/6
f 9555/2/6 9556/2/6 9576/2/6
f 9556/4/6 9557/4/6 9577/4/6
f 9576/2/6 9556/2/6 9577/2/6
f 9577/4/6 9557/4/6 9578/4/6
f 9557/2/6 9558/2/6 9579/2/6
f 9578/4/6 9557/4/6 9579/4/6
f 9579/2/6 9558/2/6 9580/2/6
f 9558/4/6 9559/4/6 9581/4/6
f 9580/2/6 9558/2/6 9581/2/6
f 9581/4/6 9559/4/6 9582/4/6
f 9559/2/6 9560/2/6 9583/2/6
f 9582/4/6 9559/4/6 9583/4/6
f 9583/2/6 9560/2/6 9584/2/6
f 9560/4/6 9561/4/6 9585/4/6
f 9584/2/6 9560/2/6 9585/2/6
f 9585/4/6 9561/4/6 9586/4/6
f 9562/2/6 9563/2/6 9587/2/6
f 9586/4/6 9561/4/6 9587/4/6
f 9561/2/6 9562/2/6 9587/2/6
f 9587/2/6 9563/2/6 9588/2/6
f 9566/2/6 9567/2/6 9589/2/6
f 9568/4/6 9569/4/6 9590/4/6
f 9589/2/6 9567/2/6 9590/2/6
f 9567/4/6 9568/4/6 9590/4/6
f 9570/2/6 9571/2/6 9591/2/6
f 9590/4/6 9569/4/6 9591/4/6
f 9569/2/6 9570/2/6 9591/2/6
f 9572/4/6 9573/4/6 9592/4/6
f 9591/2/6 9571/2/6 9592/2/6
f 9571/4/6 9572/4/6 9592/4/6
f 9573/2/6 9574/2/6 9593/2/6
f 9592/4/6 9573/4/6 9593/4/6
f 9574/4/6 9575/4/6 9594/4/6
f 9593/2/6 9574/2/6 9594/2/6
f 9575/4/6 9555/4/6 9595/4/6
f 9594/4/6 9575/4/6 9595/4/6
f 9555/2/6 9576/2/6 9595/2/6
f 9577/4/6 9578/4/6 9596/4/6
f 9595/2/6 9576/2/6 9596/2/6
f 9576/4/6 9577/4/6 9596/4/6
f 9578/2/6 9579/2/6 9597/2/6
f 9596/4/6 9578/4/6 9597/4/6
f 9579/2/6 9580/2/6 9597/2/6
f 9581/4/6 9582/4/6 9598/4/6
f 9597/2/6 9580/2/6 9598/2/6
f 9580/4/6 9581/4/6 9598/4/6
f 9583/2/6 9584/2/6 9599/2/6
f 9598/4/6 9582/4/6 9599/4/6
f 9582/2/6 9583/2/6 9599/2/6
f 9585/4/6 9586/4/6 9600/4/6
f 9599/2/6 9584/2/6 9600/2/6
f 9584/4/6 9585/4/6 9600/4/6
f 9586/2/6 9587/2/6 9601/2/6
f 9600/4/6 9586/4/6 9601/4/6
f 9587/4/6 9588/4/6 9602/4/6
f 9601/2/6 9587/2/6 9602/2/6
f 9602/4/6 9588/4/6 9603/4/6
f 9604/2/6 9605/2/6 9620/2/6
f 9605/4/6 9606/4/6 9621/4/6
f 9620/2/6 9605/2/6 9621/2/6
f 9621/4/6 9606/4/6 9622/4/6
f 9622/4/6 9606/4/6 9623/4/6
f 9606/2/6 9607/2/6 9624/2/6
f 9623/4/6 9606/4/6 9624/4/6
f 9607/4/6 9608/4/6 9625/4/6
f 9624/2/6 9607/2/6 9625/2/6
f 9625/4/6 9608/4/6 9626/4/6
f 9608/2/6 9609/2/6 9627/2/6
f 9626/4/6 9608/4/6 9627/4/6
f 9609/4/6 9610/4/6 9628/4/6
f 9627/2/6 9609/2/6 9628/2/6
f 9628/4/6 9610/4/6 9629/4/6
f 9610/2/6 9611/2/6 9630/2/6
f 9611/4/6 9612/4/6 9630/4/6
f 9630/4/6 9612/4/6 9631/4/6
f 9612/2/6 9613/2/6 9632/2/6
f 9631/4/6 9612/4/6 9632/4/6
f 9632/2/6 9613/2/6 9633/2/6
f 9613/4/6 9614/4/6 9634/4/6
f 9633/2/6 9613/2/6 9634/2/6
f 9634/4/6 9614/4/6 9635/4/6
f 9614/2/6 9615/2/6 9636/2/6
f 9635/4/6 9614/4/6 9636/4/6
f 9615/4/6 9616/4/6 9637/4/6
f 9636/2/6 9615/2/6 9637/2/6
f 9617/4/6 9618/4/6 9638/4/6
f 9616/2/6 9617/2/6 9638/2/6
f 9638/4/6 9618/4/6 9639/4/6
f 9639/4/6 9618/4/6 9640/4/6
f 9619/2/6 9620/2/6 9642/2/6
f 9620/2/6 9621/2/6 9642/2/6
f 9621/2/6 9622/2/6 9642/2/6
f 9622/4/6 9623/4/6 9643/4/6
f 9642/2/6 9622/2/6 9643/2/6
f 9623/2/6 9624/2/6 9644/2/6
f 9643/4/6 9623/4/6 9644/4/6
f 9625/2/6 9626/2/6 9644/2/6
f 9624/2/6 9625/2/6 9644/2/6
f 9644/2/6 9626/2/6 9645/2/6
f 9626/4/6 9627/4/6 9646/4/6
f 9645/2/6 9626/2/6 9646/2/6
f 9627/4/6 9628/4/6 9646/4/6
f 9646/4/6 9628/4/6 9647/4/6
f 9628/2/6 9629/2/6 9648/2/6
f 9647/4/6 9628/4/6 9648/4/6
f 9629/4/6 9610/4/6 9649/4/6
f 9648/2/6 9629/2/6 9649/2/6
f 9630/2/6 9631/2/6 9650/2/6
f 9649/4/6 9610/4/6 9650/4/6
f 9610/2/6 9630/2/6 9650/2/6
f 9632/4/6 9633/4/6 9651/4/6
f 9650/2/6 9631/2/6 9651/2/6
f 9631/4/6 9632/4/6 9651/4/6
f 9634/2/6 9635/2/6 9652/2/6
f 9651/4/6 9633/4/6 9652/4/6
f 9633/2/6 9634/2/6 9652/2/6
f 9652/2/6 9635/2/6 9653/2/6
f 9635/4/6 9636/4/6 9654/4/6
f 9653/2/6 9635/2/6 9654/2/6
f 9636/4/6 9637/4/6 9654/4/6
f 9637/4/6 9616/4/6 9655/4/6
f 9654/4/6 9637/4/6 9655/4/6
f 9616/2/6 9638/2/6 9656/2/6
f 9655/4/6 9616/4/6 9656/4/6
f 9638/2/6 9639/2/6 9656/2/6
f 9640/4/6 9641/4/6 9657/4/6
f 9656/2/6 9639/2/6 9657/2/6
f 9639/4/6 9640/4/6 9657/4/6
f 9657/4/6 9641/4/6 9658/4/6
f 9658/4/6 9641/4/6 9659/4/6
f 9619/2/6 9642/2/6 9660/2/6
f 9642/4/6 9643/4/6 9661/4/6
f 9660/2/6 9642/2/6 9661/2/6
f 9644/4/6 9645/4/6 9661/4/6
f 9643/4/6 9644/4/6 9661/4/6
f 9646/2/6 9647/2/6 9662/2/6
f 9661/4/6 9645/4/6 9662/4/6
f 9645/2/6 9646/2/6 9662/2/6
f 9662/2/6 9647/2/6 9663/2/6
f 9647/4/6 9648/4/6 9664/4/6
f 9663/2/6 9647/2/6 9664/2/6
f 9648/4/6 9649/4/6 9664/4/6
f 9649/4/6 9650/4/6 9664/4/6
f 9650/4/6 9651/4/6 9664/4/6
f 9652/4/6 9653/4/6 9664/4/6
f 9651/4/6 9652/4/6 9664/4/6
f 9664/4/6 9653/4/6 9665/4/6
f 9665/4/6 9653/4/6 9666/4/6
f 9666/4/6 9653/4/6 9667/4/6
f 9653/2/6 9654/2/6 9668/2/6
f 9667/4/6 9653/4/6 9668/4/6
f 9654/2/6 9655/2/6 9668/2/6
f 9668/2/6 9655/2/6 9669/2/6
f 9655/4/6 9656/4/6 9670/4/6
f 9669/2/6 9655/2/6 9670/2/6
f 9657/4/6 9658/4/6 9670/4/6
f 9656/4/6 9657/4/6 9670/4/6
f 9670/4/6 9658/4/6 9671/4/6
f 9619/2/6 9660/2/6 9672/2/6
f 9662/4/6 9663/4/6 9673/4/6
f 9672/2/6 9660/2/6 9673/2/6
f 9660/4/6 9661/4/6 9673/4/6
f 9661/4/6 9662/4/6 9673/4/6
f 9673/4/6 9663/4/6 9674/4/6
f 9674/4/6 9663/4/6 9675/4/6
f 9664/2/6 9665/2/6 9676/2/6
f 9675/4/6 9663/4/6 9676/4/6
f 9663/2/6 9664/2/6 9676/2/6
f 9676/2/6 9665/2/6 9677/2/6
f 9665/4/6 9666/4/6 9678/4/6
f 9677/2/6 9665/2/6 9678/2/6
f 9666/2/6 9667/2/6 9679/2/6
f 9678/4/6 9666/4/6 9679/4/6
f 9668/4/6 9669/4/6 9680/4/6
f 9679/2/6 9667/2/6 9680/2/6
f 9667/4/6 9668/4/6 9680/4/6
f 9680/4/6 9669/4/6 9681/4/6
f 9670/2/6 9671/2/6 9682/2/6
f 9681/4/6 9669/4/6 9682/4/6
f 9669/2/6 9670/2/6 9682/2/6
f 9671/4/6 9658/4/6 9683/4/6
f 9682/2/6 9671/2/6 9683/2/6
f 9683/4/6 9658/4/6 9684/4/6
f 9684/4/6 9658/4/6 9685/4/6
f 9685/4/6 9658/4/6 9686/4/6
f 9658/2/6 9659/2/6 9687/2/6
f 9686/4/6 9658/4/6 9687/4/6
f 9673/4/6 9674/4/6 9688/4/6
f 9672/4/6 9673/4/6 9688/4/6
f 9674/2/6 9675/2/6 9689/2/6
f 9688/4/6 9674/4/6 9689/4/6
f 9676/4/6 9677/4/6 9690/4/6
f 9689/2/6 9675/2/6 9690/2/6
f 9675/4/6 9676/4/6 9690/4/6
f 9677/2/6 9678/2/6 9691/2/6
f 9690/4/6 9677/4/6 9691/4/6
f 9678/2/6 9679/2/6 9691/2/6
f 9680/2/6 9681/2/6 9691/2/6
f 9679/2/6 9680/2/6 9691/2/6
f 9683/4/6 9684/4/6 9692/4/6
f 9691/2/6 9681/2/6 9692/2/6
f 9681/4/6 9682/4/6 9692/4/6
f 9682/4/6 9683/4/6 9692/4/6
f 9692/4/6 9684/4/6 9693/4/6
f 9693/4/6 9684/4/6 9694/4/6
f 9694/4/6 9684/4/6 9695/4/6
f 9685/4/6 9686/4/6 9696/4/6
f 9684/2/6 9685/2/6 9696/2/6
f 9686/2/6 9687/2/6 9697/2/6
f 9696/4/6 9686/4/6 9697/4/6
f 9687/2/6 9659/2/6 9698/2/6
f 9697/2/6 9687/2/6 9698/2/6
f 9672/4/6 9688/4/6 9699/4/6
f 9699/4/6 9688/4/6 9700/4/6
f 9700/4/6 9688/4/6 9701/4/6
f 9689/2/6 9690/2/6 9702/2/6
f 9701/4/6 9688/4/6 9702/4/6
f 9690/2/6 9691/2/6 9702/2/6
f 9688/2/6 9689/2/6 9702/2/6
f 9691/2/6 9692/2/6 9702/2/6
f 9692/2/6 9693/2/6 9702/2/6
f 9702/2/6 9693/2/6 9703/2/6
f 9703/2/6 9693/2/6 9704/2/6
f 9693/4/6 9694/4/6 9705/4/6
f 9704/2/6 9693/2/6 9705/2/6
f 9705/4/6 9694/4/6 9706/4/6
f 9694/2/6 9695/2/6 9707/2/6
f 9706/4/6 9694/4/6 9707/4/6
f 9707/2/6 9695/2/6 9708/2/6
f 9695/4/6 9684/4/6 9709/4/6
f 9708/2/6 9695/2/6 9709/2/6
f 9709/4/6 9684/4/6 9710/4/6
f 9696/2/6 9697/2/6 9711/2/6
f 9710/4/6 9684/4/6 9711/4/6
f 9684/2/6 9696/2/6 9711/2/6
f 9711/2/6 9697/2/6 9712/2/6
f 9699/2/6 9700/2/6 9713/2/6
f 9672/4/6 9699/4/6 9713/4/6
f 9700/4/6 9701/4/6 9714/4/6
f 9713/2/6 9700/2/6 9714/2/6
f 9701/2/6 9702/2/6 9715/2/6
f 9714/4/6 9701/4/6 9715/4/6
f 9702/2/6 9703/2/6 9715/2/6
f 9715/2/6 9703/2/6 9716/2/6
f 9703/4/6 9704/4/6 9717/4/6
f 9716/2/6 9703/2/6 9717/2/6
f 9717/4/6 9704/4/6 9718/4/6
f 9718/4/6 9704/4/6 9719/4/6
f 9705/2/6 9706/2/6 9720/2/6
f 9719/4/6 9704/4/6 9720/4/6
f 9704/2/6 9705/2/6 9720/2/6
f 9720/2/6 9706/2/6 9721/2/6
f 9707/4/6 9708/4/6 9722/4/6
f 9721/2/6 9706/2/6 9722/2/6
f 9706/4/6 9707/4/6 9722/4/6
f 9722/4/6 9708/4/6 9723/4/6
f 9709/2/6 9710/2/6 9724/2/6
f 9723/4/6 9708/4/6 9724/4/6
f 9708/2/6 9709/2/6 9724/2/6
f 9724/2/6 9710/2/6 9725/2/6
f 9711/4/6 9712/4/6 9726/4/6
f 9725/2/6 9710/2/6 9726/2/6
f 9710/4/6 9711/4/6 9726/4/6
f 9726/4/6 9712/4/6 9727/4/6
f 9712/2/6 9697/2/6 9728/2/6
f 9727/4/6 9712/4/6 9728/4/6
f 9697/4/6 9698/4/6 9729/4/6
f 9728/2/6 9697/2/6 9729/2/6
f 9715/2/6 9716/2/6 9730/2/6
f 9714/2/6 9715/2/6 9730/2/6
f 9717/4/6 9718/4/6 9731/4/6
f 9730/2/6 9716/2/6 9731/2/6
f 9716/4/6 9717/4/6 9731/4/6
f 9731/4/6 9718/4/6 9732/4/6
f 9732/4/6 9718/4/6 9733/4/6
f 9733/4/6 9718/4/6 9734/4/6
f 9718/2/6 9719/2/6 9735/2/6
f 9734/4/6 9718/4/6 9735/4/6
f 9735/2/6 9719/2/6 9736/2/6
f 9720/4/6 9721/4/6 9737/4/6
f 9736/2/6 9719/2/6 9737/2/6
f 9719/4/6 9720/4/6 9737/4/6
f 9737/4/6 9721/4/6 9738/4/6
f 9722/2/6 9723/2/6 9739/2/6
f 9738/4/6 9721/4/6 9739/4/6
f 9721/2/6 9722/2/6 9739/2/6
f 9739/2/6 9723/2/6 9740/2/6
f 9724/4/6 9725/4/6 9741/4/6
f 9740/2/6 9723/2/6 9741/2/6
f 9723/4/6 9724/4/6 9741/4/6
f 9741/4/6 9725/4/6 9742/4/6
f 9726/2/6 9727/2/6 9743/2/6
f 9742/4/6 9725/4/6 9743/4/6
f 9725/2/6 9726/2/6 9743/2/6
f 9743/2/6 9727/2/6 9744/2/6
f 9727/4/6 9728/4/6 9745/4/6
f 9744/2/6 9727/2/6 9745/2/6
f 9728/4/6 9729/4/6 9745/4/6
f 9745/4/6 9729/4/6 9746/4/6
f 9729/4/6 9698/4/6 9747/4/6
f 9746/4/6 9729/4/6 9747/4/6
f 9698/2/6 9659/2/6 9748/2/6
f 9747/4/6 9698/4/6 9748/4/6
f 9713/4/6 9714/4/6 9749/4/6
f 9714/2/6 9730/2/6 9749/2/6
f 9730/4/6 9731/4/6 9750/4/6
f 9749/2/6 9730/2/6 9750/2/6
f 9731/4/6 9732/4/6 9750/4/6
f 9750/4/6 9732/4/6 9751/4/6
f 9732/2/6 9733/2/6 9752/2/6
f 9751/4/6 9732/4/6 9752/4/6
f 9733/4/6 9734/4/6 9753/4/6
f 9752/2/6 9733/2/6 9753/2/6
f 9734/2/6 9735/2/6 9754/2/6
f 9753/4/6 9734/4/6 9754/4/6
f 9735/4/6 9736/4/6 9755/4/6
f 9754/2/6 9735/2/6 9755/2/6
f 9755/4/6 9736/4/6 9756/4/6
f 9737/2/6 9738/2/6 9757/2/6
f 9736/2/6 9737/2/6 9757/2/6
f 9739/4/6 9740/4/6 9758/4/6
f 9757/2/6 9738/2/6 9758/2/6
f 9738/4/6 9739/4/6 9758/4/6
f 9741/2/6 9742/2/6 9759/2/6
f 9758/4/6 9740/4/6 9759/4/6
f 9740/2/6 9741/2/6 9759/2/6
f 9759/2/6 9742/2/6 9760/2/6
f 9743/4/6 9744/4/6 9761/4/6
f 9760/2/6 9742/2/6 9761/2/6
f 9742/4/6 9743/4/6 9761/4/6
f 9761/4/6 9744/4/6 9762/4/6
f 9745/2/6 9746/2/6 9763/2/6
f 9762/4/6 9744/4/6 9763/4/6
f 9744/2/6 9745/2/6 9763/2/6
f 9746/4/6 9747/4/6 9764/4/6
f 9763/2/6 9746/2/6 9764/2/6
f 9748/2/6 9659/2/6 9765/2/6
f 9747/2/6 9748/2/6 9765/2/6
f 9765/2/6 9659/2/6 9766/2/6
f 9749/4/6 9750/4/6 9767/4/6
f 9750/4/6 9751/4/6 9767/4/6
f 9767/4/6 9751/4/6 9768/4/6
f 9753/2/6 9754/2/6 9769/2/6
f 9768/4/6 9751/4/6 9769/4/6
f 9755/2/6 9756/2/6 9769/2/6
f 9751/2/6 9752/2/6 9769/2/6
f 9754/2/6 9755/2/6 9769/2/6
f 9752/2/6 9753/2/6 9769/2/6
f 9769/2/6 9756/2/6 9770/2/6
f 9756/4/6 9736/4/6 9771/4/6
f 9770/2/6 9756/2/6 9771/2/6
f 9736/2/6 9757/2/6 9772/2/6
f 9771/4/6 9736/4/6 9772/4/6
f 9772/2/6 9757/2/6 9773/2/6
f 9757/4/6 9758/4/6 9774/4/6
f 9773/2/6 9757/2/6 9774/2/6
f 9759/4/6 9760/4/6 9774/4/6
f 9758/4/6 9759/4/6 9774/4/6
f 9774/4/6 9760/4/6 9775/4/6
f 9775/4/6 9760/4/6 9776/4/6
f 9762/4/6 9763/4/6 9777/4/6
f 9761/2/6 9762/2/6 9777/2/6
f 9763/4/6 9764/4/6 9777/4/6
f 9760/2/6 9761/2/6 9777/2/6
f 9764/4/6 9747/4/6 9778/4/6
f 9777/4/6 9764/4/6 9778/4/6
f 9672/4/6 9713/4/6 9779/4/6
f 9749/4/6 9767/4/6 9779/4/6
f 9713/4/6 9749/4/6 9779/4/6
f 9767/2/6 9768/2/6 9780/2/6
f 9779/4/6 9767/4/6 9780/4/6
f 9769/4/6 9770/4/6 9781/4/6
f 9780/2/6 9768/2/6 9781/2/6
f 9768/4/6 9769/4/6 9781/4/6
f 9781/4/6 9770/4/6 9782/4/6
f 9772/2/6 9773/2/6 9783/2/6
f 9782/4/6 9770/4/6 9783/4/6
f 9770/2/6 9771/2/6 9783/2/6
f 9771/2/6 9772/2/6 9783/2/6
f 9774/4/6 9775/4/6 9784/4/6
f 9783/2/6 9773/2/6 9784/2/6
f 9773/4/6 9774/4/6 9784/4/6
f 9775/2/6 9776/2/6 9785/2/6
f 9784/4/6 9775/4/6 9785/4/6
f 9776/4/6 9760/4/6 9786/4/6
f 9785/2/6 9776/2/6 9786/2/6
f 9786/4/6 9760/4/6 9787/4/6
f 9777/2/6 9778/2/6 9788/2/6
f 9787/4/6 9760/4/6 9788/4/6
f 9760/2/6 9777/2/6 9788/2/6
f 9778/4/6 9747/4/6 9789/4/6
f 9788/2/6 9778/2/6 9789/2/6
f 9789/4/6 9747/4/6 9790/4/6
f 9747/2/6 9765/2/6 9791/2/6
f 9790/4/6 9747/4/6 9791/4/6
f 9765/4/6 9766/4/6 9792/4/6
f 9791/2/6 9765/2/6 9792/2/6
f 9781/2/6 9782/2/6 9793/2/6
f 9779/2/6 9780/2/6 9793/2/6
f 9780/2/6 9781/2/6 9793/2/6
f 9786/4/6 9787/4/6 9794/4/6
f 9793/2/6 9782/2/6 9794/2/6
f 9784/4/6 9785/4/6 9794/4/6
f 9782/4/6 9783/4/6 9794/4/6
f 9783/4/6 9784/4/6 9794/4/6
f 9785/4/6 9786/4/6 9794/4/6
f 9794/4/6 9787/4/6 9795/4/6
f 9795/4/6 9787/4/6 9796/4/6
f 9787/2/6 9788/2/6 9797/2/6
f 9796/4/6 9787/4/6 9797/4/6
f 9788/2/6 9789/2/6 9797/2/6
f 9789/2/6 9790/2/6 9797/2/6
f 9791/4/6 9792/4/6 9798/4/6
f 9797/2/6 9790/2/6 9798/2/6
f 9790/4/6 9791/4/6 9798/4/6
f 9798/4/6 9792/4/6 9799/4/6
f 9779/2/6 9793/2/6 9800/2/6
f 9800/2/6 9793/2/6 9801/2/6
f 9801/2/6 9793/2/6 9802/2/6
f 9793/4/6 9794/4/6 9803/4/6
f 9802/2/6 9793/2/6 9803/2/6
f 9803/4/6 9794/4/6 9804/4/6
f 9804/4/6 9794/4/6 9805/4/6
f 9794/2/6 9795/2/6 9806/2/6
f 9805/4/6 9794/4/6 9806/4/6
f 9806/2/6 9795/2/6 9807/2/6
f 9795/4/6 9796/4/6 9808/4/6
f 9807/2/6 9795/2/6 9808/2/6
f 9796/2/6 9797/2/6 9809/2/6
f 9808/4/6 9796/4/6 9809/4/6
f 9797/2/6 9798/2/6 9809/2/6
f 9798/2/6 9799/2/6 9809/2/6
f 9809/2/6 9799/2/6 9810/2/6
f 9810/2/6 9799/2/6 9811/2/6
f 9792/4/6 9766/4/6 9812/4/6
f 9799/4/6 9792/4/6 9812/4/6
f 9812/4/6 9766/4/6 9813/4/6
f 9779/2/6 9800/2/6 9814/2/6
f 9800/4/6 9801/4/6 9815/4/6
f 9814/2/6 9800/2/6 9815/2/6
f 9801/2/6 9802/2/6 9816/2/6
f 9803/4/6 9804/4/6 9816/4/6
f 9802/4/6 9803/4/6 9816/4/6
f 9804/2/6 9805/2/6 9817/2/6
f 9816/4/6 9804/4/6 9817/4/6
f 9806/4/6 9807/4/6 9818/4/6
f 9817/2/6 9805/2/6 9818/2/6
f 9805/4/6 9806/4/6 9818/4/6
f 9818/4/6 9807/4/6 9819/4/6
f 9807/2/6 9808/2/6 9820/2/6
f 9819/4/6 9807/4/6 9820/4/6
f 9808/2/6 9809/2/6 9820/2/6
f 9809/2/6 9810/2/6 9820/2/6
f 9820/2/6 9810/2/6 9821/2/6
f 9821/2/6 9810/2/6 9822/2/6
f 9810/4/6 9811/4/6 9823/4/6
f 9822/2/6 9810/2/6 9823/2/6
f 9811/2/6 9799/2/6 9824/2/6
f 9823/4/6 9811/4/6 9824/4/6
f 9799/4/6 9812/4/6 9825/4/6
f 9824/2/6 9799/2/6 9825/2/6
f 9816/2/6 9817/2/6 9826/2/6
f 9818/2/6 9819/2/6 9826/2/6
f 9801/2/6 9816/2/6 9826/2/6
f 9815/4/6 9801/4/6 9826/4/6
f 9814/4/6 9815/4/6 9826/4/6
f 9817/2/6 9818/2/6 9826/2/6
f 9826/2/6 9819/2/6 9827/2/6
f 9827/2/6 9819/2/6 9828/2/6
f 9820/4/6 9821/4/6 9829/4/6
f 9828/2/6 9819/2/6 9829/2/6
f 9819/4/6 9820/4/6 9829/4/6
f 9829/4/6 9821/4/6 9830/4/6
f 9830/4/6 9821/4/6 9831/4/6
f 9821/2/6 9822/2/6 9832/2/6
f 9831/4/6 9821/4/6 9832/4/6
f 9832/2/6 9822/2/6 9833/2/6
f 9822/4/6 9823/4/6 9834/4/6
f 9833/2/6 9822/2/6 9834/2/6
f 9824/4/6 9825/4/6 9834/4/6
f 9823/4/6 9824/4/6 9834/4/6
f 9834/4/6 9825/4/6 9835/4/6
f 9835/4/6 9825/4/6 9836/4/6
f 9836/4/6 9825/4/6 9837/4/6
f 9825/4/6 9812/4/6 9838/4/6
f 9837/4/6 9825/4/6 9838/4/6
f 9812/2/6 9813/2/6 9838/2/6
f 9838/2/6 9813/2/6 9839/2/6
f 9826/4/6 9827/4/6 9840/4/6
f 9814/4/6 9826/4/6 9840/4/6
f 9827/2/6 9828/2/6 9841/2/6
f 9840/4/6 9827/4/6 9841/4/6
f 9829/4/6 9830/4/6 9842/4/6
f 9841/2/6 9828/2/6 9842/2/6
f 9828/4/6 9829/4/6 9842/4/6
f 9832/4/6 9833/4/6 9843/4/6
f 9831/4/6 9832/4/6 9843/4/6
f 9830/2/6 9831/2/6 9843/2/6
f 9834/2/6 9835/2/6 9844/2/6
f 9843/4/6 9833/4/6 9844/4/6
f 9833/2/6 9834/2/6 9844/2/6
f 9835/4/6 9836/4/6 9845/4/6
f 9844/2/6 9835/2/6 9845/2/6
f 9836/2/6 9837/2/6 9846/2/6
f 9845/4/6 9836/4/6 9846/4/6
f 9846/2/6 9837/2/6 9847/2/6
f 9838/4/6 9839/4/6 9848/4/6
f 9847/2/6 9837/2/6 9848/2/6
f 9837/4/6 9838/4/6 9848/4/6
f 9848/4/6 9839/4/6 9849/4/6
f 9849/4/6 9839/4/6 9850/4/6
f 9850/4/6 9839/4/6 9851/4/6
f 9841/4/6 9842/4/6 9852/4/6
f 9840/2/6 9841/2/6 9852/2/6
f 9842/4/6 9830/4/6 9853/4/6
f 9852/4/6 9842/4/6 9853/4/6
f 9853/4/6 9830/4/6 9854/4/6
f 9830/2/6 9843/2/6 9855/2/6
f 9854/4/6 9830/4/6 9855/4/6
f 9843/2/6 9844/2/6 9855/2/6
f 9855/2/6 9844/2/6 9856/2/6
f 9844/4/6 9845/4/6 9857/4/6
f 9856/2/6 9844/2/6 9857/2/6
f 9857/4/6 9845/4/6 9858/4/6
f 9858/4/6 9845/4/6 9859/4/6
f 9859/4/6 9845/4/6 9860/4/6
f 9846/2/6 9847/2/6 9861/2/6
f 9860/4/6 9845/4/6 9861/4/6
f 9845/2/6 9846/2/6 9861/2/6
f 9861/2/6 9847/2/6 9862/2/6
f 9847/4/6 9848/4/6 9863/4/6
f 9862/2/6 9847/2/6 9863/2/6
f 9863/4/6 9848/4/6 9864/4/6
f 9848/2/6 9849/2/6 9865/2/6
f 9864/4/6 9848/4/6 9865/4/6
f 9865/2/6 9849/2/6 9866/2/6
f 9849/4/6 9850/4/6 9867/4/6
f 9866/2/6 9849/2/6 9867/2/6
f 9850/2/6 9851/2/6 9868/2/6
f 9867/4/6 9850/4/6 9868/4/6
f 9868/2/6 9851/2/6 9869/2/6
f 9814/4/6 9840/4/6 9870/4/6
f 9840/2/6 9852/2/6 9871/2/6
f 9870/4/6 9840/4/6 9871/4/6
f 9852/2/6 9853/2/6 9871/2/6
f 9871/2/6 9853/2/6 9872/2/6
f 9853/4/6 9854/4/6 9873/4/6
f 9872/2/6 9853/2/6 9873/2/6
f 9855/2/6 9856/2/6 9874/2/6
f 9873/4/6 9854/4/6 9874/4/6
f 9854/2/6 9855/2/6 9874/2/6
f 9874/2/6 9856/2/6 9875/2/6
f 9856/4/6 9857/4/6 9876/4/6
f 9875/2/6 9856/2/6 9876/2/6
f 9857/4/6 9858/4/6 9876/4/6
f 9858/2/6 9859/2/6 9877/2/6
f 9876/4/6 9858/4/6 9877/4/6
f 9859/4/6 9860/4/6 9878/4/6
f 9877/2/6 9859/2/6 9878/2/6
f 9878/4/6 9860/4/6 9879/4/6
f 9861/2/6 9862/2/6 9880/2/6
f 9879/4/6 9860/4/6 9880/4/6
f 9860/2/6 9861/2/6 9880/2/6
f 9880/2/6 9862/2/6 9881/2/6
f 9863/4/6 9864/4/6 9882/4/6
f 9881/2/6 9862/2/6 9882/2/6
f 9862/4/6 9863/4/6 9882/4/6
f 9882/4/6 9864/4/6 9883/4/6
f 9865/2/6 9866/2/6 9884/2/6
f 9883/4/6 9864/4/6 9884/4/6
f 9864/2/6 9865/2/6 9884/2/6
f 9884/2/6 9866/2/6 9885/2/6
f 9866/4/6 9867/4/6 9886/4/6
f 9885/2/6 9866/2/6 9886/2/6
f 9868/4/6 9869/4/6 9886/4/6
f 9867/4/6 9868/4/6 9886/4/6
f 9886/4/6 9869/4/6 9887/4/6
f 9887/4/6 9869/4/6 9888/4/6
f 9814/4/6 9870/4/6 9889/4/6
f 9870/2/6 9871/2/6 9889/2/6
f 9871/4/6 9872/4/6 9890/4/6
f 9889/2/6 9871/2/6 9890/2/6
f 9872/2/6 9873/2/6 9891/2/6
f 9890/4/6 9872/4/6 9891/4/6
f 9874/2/6 9875/2/6 9891/2/6
f 9873/2/6 9874/2/6 9891/2/6
f 9891/2/6 9875/2/6 9892/2/6
f 9892/2/6 9875/2/6 9893/2/6
f 9876/4/6 9877/4/6 9894/4/6
f 9893/2/6 9875/2/6 9894/2/6
f 9875/4/6 9876/4/6 9894/4/6
f 9878/4/6 9879/4/6 9894/4/6
f 9877/4/6 9878/4/6 9894/4/6
f 9894/4/6 9879/4/6 9895/4/6
f 9880/2/6 9881/2/6 9896/2/6
f 9895/4/6 9879/4/6 9896/4/6
f 9879/2/6 9880/2/6 9896/2/6
f 9896/2/6 9881/2/6 9897/2/6
f 9882/4/6 9883/4/6 9898/4/6
f 9897/2/6 9881/2/6 9898/2/6
f 9881/4/6 9882/4/6 9898/4/6
f 9898/4/6 9883/4/6 9899/4/6
f 9884/2/6 9885/2/6 9900/2/6
f 9899/4/6 9883/4/6 9900/4/6
f 9883/2/6 9884/2/6 9900/2/6
f 9900/2/6 9885/2/6 9901/2/6
f 9886/4/6 9887/4/6 9902/4/6
f 9901/2/6 9885/2/6 9902/2/6
f 9885/4/6 9886/4/6 9902/4/6
f 9902/4/6 9887/4/6 9903/4/6
f 9887/2/6 9888/2/6 9904/2/6
f 9903/4/6 9887/4/6 9904/4/6
f 9904/2/6 9888/2/6 9905/2/6
f 9888/4/6 9869/4/6 9906/4/6
f 9905/2/6 9888/2/6 9906/2/6
f 9889/4/6 9890/4/6 9907/4/6
f 9892/2/6 9893/2/6 9907/2/6
f 9891/4/6 9892/4/6 9907/4/6
f 9890/4/6 9891/4/6 9907/4/6
f 9907/2/6 9893/2/6 9908/2/6
f 9908/2/6 9893/2/6 9909/2/6
f 9894/4/6 9895/4/6 9910/4/6
f 9909/2/6 9893/2/6 9910/2/6
f 9893/4/6 9894/4/6 9910/4/6
f 9910/4/6 9895/4/6 9911/4/6
f 9896/2/6 9897/2/6 9912/2/6
f 9911/4/6 9895/4/6 9912/4/6
f 9895/2/6 9896/2/6 9912/2/6
f 9912/2/6 9897/2/6 9913/2/6
f 9898/4/6 9899/4/6 9914/4/6
f 9913/2/6 9897/2/6 9914/2/6
f 9897/4/6 9898/4/6 9914/4/6
f 9900/2/6 9901/2/6 9915/2/6
f 9914/4/6 9899/4/6 9915/4/6
f 9899/2/6 9900/2/6 9915/2/6
f 9901/4/6 9902/4/6 9916/4/6
f 9915/2/6 9901/2/6 9916/2/6
f 9902/4/6 9903/4/6 9916/4/6
f 9916/4/6 9903/4/6 9917/4/6
f 9904/2/6 9905/2/6 9918/2/6
f 9917/4/6 9903/4/6 9918/4/6
f 9903/2/6 9904/2/6 9918/2/6
f 9918/2/6 9905/2/6 9919/2/6
f 9905/4/6 9906/4/6 9920/4/6
f 9919/2/6 9905/2/6 9920/2/6
f 9906/4/6 9869/4/6 9921/4/6
f 9920/4/6 9906/4/6 9921/4/6
f 9869/2/6 9851/2/6 9922/2/6
f 9921/4/6 9869/4/6 9922/4/6
f 9814/4/6 9889/4/6 9923/4/6
f 9907/4/6 9908/4/6 9923/4/6
f 9889/4/6 9907/4/6 9923/4/6
f 9923/4/6 9908/4/6 9924/4/6
f 9908/2/6 9909/2/6 9925/2/6
f 9924/4/6 9908/4/6 9925/4/6
f 9910/4/6 9911/4/6 9926/4/6
f 9925/2/6 9909/2/6 9926/2/6
f 9909/4/6 9910/4/6 9926/4/6
f 9926/4/6 9911/4/6 9927/4/6
f 9912/2/6 9913/2/6 9928/2/6
f 9927/4/6 9911/4/6 9928/4/6
f 9911/2/6 9912/2/6 9928/2/6
f 9928/2/6 9913/2/6 9929/2/6
f 9929/2/6 9913/2/6 9930/2/6
f 9930/2/6 9913/2/6 9931/2/6
f 9916/4/6 9917/4/6 9932/4/6
f 9931/2/6 9913/2/6 9932/2/6
f 9915/4/6 9916/4/6 9932/4/6
f 9914/4/6 9915/4/6 9932/4/6
f 9913/4/6 9914/4/6 9932/4/6
f 9932/4/6 9917/4/6 9933/4/6
f 9918/2/6 9919/2/6 9934/2/6
f 9933/4/6 9917/4/6 9934/4/6
f 9917/2/6 9918/2/6 9934/2/6
f 9934/2/6 9919/2/6 9935/2/6
f 9919/4/6 9920/4/6 9936/4/6
f 9935/2/6 9919/2/6 9936/2/6
f 9920/4/6 9921/4/6 9936/4/6
f 9921/2/6 9922/2/6 9937/2/6
f 9936/4/6 9921/4/6 9937/4/6
f 9922/2/6 9851/2/6 9938/2/6
f 9937/2/6 9922/2/6 9938/2/6
f 9926/4/6 9927/4/6 9939/4/6
f 9925/4/6 9926/4/6 9939/4/6
f 9923/2/6 9924/2/6 9939/2/6
f 9924/4/6 9925/4/6 9939/4/6
f 9939/4/6 9927/4/6 9940/4/6
f 9940/4/6 9927/4/6 9941/4/6
f 9928/2/6 9929/2/6 9942/2/6
f 9941/4/6 9927/4/6 9942/4/6
f 9927/2/6 9928/2/6 9942/2/6
f 9942/2/6 9929/2/6 9943/2/6
f 9929/4/6 9930/4/6 9944/4/6
f 9943/2/6 9929/2/6 9944/2/6
f 9930/2/6 9931/2/6 9945/2/6
f 9944/4/6 9930/4/6 9945/4/6
f 9932/4/6 9933/4/6 9946/4/6
f 9945/2/6 9931/2/6 9946/2/6
f 9931/4/6 9932/4/6 9946/4/6
f 9946/4/6 9933/4/6 9947/4/6
f 9934/2/6 9935/2/6 9948/2/6
f 9947/4/6 9933/4/6 9948/4/6
f 9933/2/6 9934/2/6 9948/2/6
f 9948/2/6 9935/2/6 9949/2/6
f 9936/4/6 9937/4/6 9950/4/6
f 9949/2/6 9935/2/6 9950/2/6
f 9937/4/6 9938/4/6 9950/4/6
f 9935/4/6 9936/4/6 9950/4/6
f 9940/4/6 9941/4/6 9951/4/6
f 9939/2/6 9940/2/6 9951/2/6
f 9951/4/6 9941/4/6 9952/4/6
f 9952/4/6 9941/4/6 9953/4/6
f 9942/2/6 9943/2/6 9954/2/6
f 9953/4/6 9941/4/6 9954/4/6
f 9941/2/6 9942/2/6 9954/2/6
f 9954/2/6 9943/2/6 9955/2/6
f 9946/4/6 9947/4/6 9956/4/6
f 9955/2/6 9943/2/6 9956/2/6
f 9943/4/6 9944/4/6 9956/4/6
f 9945/4/6 9946/4/6 9956/4/6
f 9944/4/6 9945/4/6 9956/4/6
f 9956/4/6 9947/4/6 9957/4/6
f 9957/4/6 9947/4/6 9958/4/6
f 9958/4/6 9947/4/6 9959/4/6
f 9959/4/6 9947/4/6 9960/4/6
f 9960/4/6 9947/4/6 9961/4/6
f 9948/2/6 9949/2/6 9962/2/6
f 9961/4/6 9947/4/6 9962/4/6
f 9947/2/6 9948/2/6 9962/2/6
f 9962/2/6 9949/2/6 9963/2/6
f 9949/4/6 9950/4/6 9964/4/6
f 9963/2/6 9949/2/6 9964/2/6
f 9950/4/6 9938/4/6 9965/4/6
f 9964/4/6 9950/4/6 9965/4/6
f 9965/4/6 9938/4/6 9966/4/6
f 9966/4/6 9938/4/6 9967/4/6
f 9967/4/6 9938/4/6 9968/4/6
f 9939/2/6 9951/2/6 9969/2/6
f 9951/2/6 9952/2/6 9969/2/6
f 9923/2/6 9939/2/6 9969/2/6
f 9969/2/6 9952/2/6 9970/2/6
f 9970/2/6 9952/2/6 9971/2/6
f 9952/4/6 9953/4/6 9972/4/6
f 9971/2/6 9952/2/6 9972/2/6
f 9954/2/6 9955/2/6 9973/2/6
f 9972/4/6 9953/4/6 9973/4/6
f 9953/2/6 9954/2/6 9973/2/6
f 9973/2/6 9955/2/6 9974/2/6
f 9974/2/6 9955/2/6 9975/2/6
f 9955/4/6 9956/4/6 9976/4/6
f 9975/2/6 9955/2/6 9976/2/6
f 9956/4/6 9957/4/6 9976/4/6
f 9976/4/6 9957/4/6 9977/4/6
f 9957/2/6 9958/2/6 9978/2/6
f 9977/4/6 9957/4/6 9978/4/6
f 9958/4/6 9959/4/6 9979/4/6
f 9978/2/6 9958/2/6 9979/2/6
f 9959/2/6 9960/2/6 9980/2/6
f 9960/4/6 9961/4/6 9981/4/6
f 9980/2/6 9960/2/6 9981/2/6
f 9981/4/6 9961/4/6 9982/4/6
f 9962/2/6 9963/2/6 9983/2/6
f 9982/4/6 9961/4/6 9983/4/6
f 9961/2/6 9962/2/6 9983/2/6
f 9983/2/6 9963/2/6 9984/2/6
f 9963/4/6 9964/4/6 9985/4/6
f 9984/2/6 9963/2/6 9985/2/6
f 9964/4/6 9965/4/6 9985/4/6
f 9985/4/6 9965/4/6 9986/4/6
f 9965/2/6 9966/2/6 9987/2/6
f 9986/4/6 9965/4/6 9987/4/6
f 9966/4/6 9967/4/6 9988/4/6
f 9987/2/6 9966/2/6 9988/2/6
f 9967/2/6 9968/2/6 9989/2/6
f 9988/4/6 9967/4/6 9989/4/6
f 9989/2/6 9968/2/6 9990/2/6
f 9990/2/6 9968/2/6 9991/2/6
f 9970/2/6 9971/2/6 9992/2/6
f 9971/4/6 9972/4/6 9993/4/6
f 9992/2/6 9971/2/6 9993/2/6
f 9973/4/6 9974/4/6 9993/4/6
f 9972/4/6 9973/4/6 9993/4/6
f 9974/2/6 9975/2/6 9994/2/6
f 9993/4/6 9974/4/6 9994/4/6
f 9976/4/6 9977/4/6 9995/4/6
f 9994/2/6 9975/2/6 9995/2/6
f 9975/4/6 9976/4/6 9995/4/6
f 9977/2/6 9978/2/6 9996/2/6
f 9995/4/6 9977/4/6 9996/4/6
f 9978/4/6 9979/4/6 9997/4/6
f 9996/2/6 9978/2/6 9997/2/6
f 9959/2/6 9980/2/6 9998/2/6
f 9997/4/6 9979/4/6 9998/4/6
f 9979/4/6 9959/4/6 9998/4/6
f 9981/4/6 9982/4/6 9999/4/6
f 9998/2/6 9980/2/6 9999/2/6
f 9980/4/6 9981/4/6 9999/4/6
f 9983/2/6 9984/2/6 10000/2/6
f 9999/4/6 9982/4/6 10000/4/6
f 9982/2/6 9983/2/6 10000/2/6
f 9984/4/6 9985/4/6 10001/4/6
f 10000/2/6 9984/2/6 10001/2/6
f 9985/4/6 9986/4/6 10001/4/6
f 9986/2/6 9987/2/6 10002/2/6
f 10001/4/6 9986/4/6 10002/4/6
f 9989/4/6 9990/4/6 10003/4/6
f 10002/2/6 9987/2/6 10003/2/6
f 9987/4/6 9988/4/6 10003/4/6
f 9988/4/6 9989/4/6 10003/4/6
f 10003/4/6 9990/4/6 10004/4/6
