# MagicaVoxel @ Ephtracy

# group
o 

# material
mtllib empty_bookshelf.mtl
usemtl palette

# normals
vn -1 0 0
vn 1 0 0
vn 0 0 1
vn 0 0 -1
vn 0 -1 0
vn 0 1 0

# texcoords
vt 0.166016 0.5
vt 0.169922 0.5
vt 0.197266 0.5
vt 0.201172 0.5

# verts
v -2.8 0 1.6
v -2.8 0 -1.6
v -2.8 0.1 1.2
v -2.8 0.1 1
v -2.8 0.1 0.7
v -2.8 0.1 0.5
v -2.8 0.1 0.2
v -2.8 0.1 0
v -2.8 0.1 -0.2
v -2.8 0.1 -0.4
v -2.8 0.1 -0.5
v -2.8 0.1 -0.7
v -2.8 0.1 -1
v -2.8 0.1 -1.2
v -2.8 0.3 1.6
v -2.8 0.3 1.5
v -2.8 0.3 0.8
v -2.8 0.3 0.7
v -2.8 0.3 0.6
v -2.8 0.3 0.5
v -2.8 0.3 0.3
v -2.8 0.3 0.2
v -2.8 0.3 0.1
v -2.8 0.3 0
v -2.8 0.3 -0.3
v -2.8 0.3 -0.4
v -2.8 0.3 -0.5
v -2.8 0.3 -0.6
v -2.8 0.3 -0.7
v -2.8 0.3 -0.8
v -2.8 0.3 -1.5
v -2.8 0.3 -1.6
v -2.8 0.4 1.1
v -2.8 0.4 1
v -2.8 0.4 0.3
v -2.8 0.4 0.2
v -2.8 0.4 -1
v -2.8 0.4 -1.1
v -2.8 0.6 0.9
v -2.8 0.6 0.8
v -2.8 0.6 0
v -2.8 0.6 -0.2
v -2.8 0.6 -0.8
v -2.8 0.6 -0.9
v -2.8 0.7 1.2
v -2.8 0.7 1.1
v -2.8 0.7 0.4
v -2.8 0.7 0.3
v -2.8 0.7 0
v -2.8 0.7 -0.2
v -2.8 0.7 -0.5
v -2.8 0.7 -0.6
v -2.8 0.7 -1.1
v -2.8 0.7 -1.2
v -2.8 0.9 1.5
v -2.8 0.9 1.4
v -2.8 0.9 0.7
v -2.8 0.9 0.6
v -2.8 0.9 0.5
v -2.8 0.9 0.4
v -2.8 0.9 0.2
v -2.8 0.9 0.1
v -2.8 0.9 0
v -2.8 0.9 -0.2
v -2.8 0.9 -0.3
v -2.8 0.9 -1.4
v -2.8 0.9 -1.5
v -2.8 1 1.2
v -2.8 1 1.1
v -2.8 1 0.9
v -2.8 1 0.8
v -2.8 1 0
v -2.8 1 -0.2
v -2.8 1 -0.3
v -2.8 1 -0.5
v -2.8 1 -0.8
v -2.8 1 -0.9
v -2.8 1 -1.1
v -2.8 1 -1.2
v -2.8 1.2 1.4
v -2.8 1.2 1.2
v -2.8 1.2 -0.3
v -2.8 1.2 -0.4
v -2.8 1.2 -1.2
v -2.8 1.2 -1.4
v -2.8 1.3 1.6
v -2.8 1.3 1.5
v -2.8 1.3 1.1
v -2.8 1.3 1
v -2.8 1.3 0.5
v -2.8 1.3 0.4
v -2.8 1.3 -0.6
v -2.8 1.3 -0.8
v -2.8 1.3 -1
v -2.8 1.3 -1.1
v -2.8 1.3 -1.5
v -2.8 1.3 -1.6
v -2.8 1.5 1.5
v -2.8 1.5 1.4
v -2.8 1.5 0.5
v -2.8 1.5 0.4
v -2.8 1.5 -1.4
v -2.8 1.5 -1.5
v -2.8 1.6 1.6
v -2.8 1.6 1.5
v -2.8 1.6 0.1
v -2.8 1.6 0
v -2.8 1.6 -0.5
v -2.8 1.6 -0.6
v -2.8 1.6 -1.5
v -2.8 1.6 -1.6
v -2.8 1.8 1.6
v -2.8 1.8 1.5
v -2.8 1.8 1.4
v -2.8 1.8 1.2
v -2.8 1.8 1
v -2.8 1.8 0.9
v -2.8 1.8 0.3
v -2.8 1.8 0.2
v -2.8 1.8 -0.9
v -2.8 1.8 -1
v -2.8 1.8 -1.2
v -2.8 1.8 -1.4
v -2.8 1.8 -1.5
v -2.8 1.8 -1.6
v -2.8 1.9 1.5
v -2.8 1.9 1.4
v -2.8 1.9 1.2
v -2.8 1.9 1.1
v -2.8 1.9 -1.1
v -2.8 1.9 -1.2
v -2.8 1.9 -1.4
v -2.8 1.9 -1.5
v -2.8 2.1 1.5
v -2.8 2.1 1.4
v -2.8 2.1 1.2
v -2.8 2.1 0.9
v -2.8 2.1 0.8
v -2.8 2.1 -0.8
v -2.8 2.1 -0.9
v -2.8 2.1 -1.2
v -2.8 2.1 -1.4
v -2.8 2.1 -1.5
v -2.8 2.2 1.6
v -2.8 2.2 1.5
v -2.8 2.2 1.1
v -2.8 2.2 1
v -2.8 2.2 -1
v -2.8 2.2 -1.1
v -2.8 2.2 -1.5
v -2.8 2.2 -1.6
v -2.8 2.4 1.4
v -2.8 2.4 1.2
v -2.8 2.4 1.1
v -2.8 2.4 -0.2
v -2.8 2.4 -0.3
v -2.8 2.4 -0.7
v -2.8 2.4 -0.8
v -2.8 2.4 -1.1
v -2.8 2.4 -1.2
v -2.8 2.4 -1.4
v -2.8 2.5 1.2
v -2.8 2.5 1.1
v -2.8 2.5 1
v -2.8 2.5 0.9
v -2.8 2.5 -0.9
v -2.8 2.5 -1
v -2.8 2.5 -1.1
v -2.8 2.5 -1.2
v -2.8 2.7 1.4
v -2.8 2.7 1.1
v -2.8 2.7 0.6
v -2.8 2.7 0.5
v -2.8 2.7 0.4
v -2.8 2.7 -0.3
v -2.8 2.7 -0.4
v -2.8 2.7 -0.5
v -2.8 2.7 -1.1
v -2.8 2.7 -1.4
v -2.8 3 1.4
v -2.8 3 1.2
v -2.8 3 0.5
v -2.8 3 0.4
v -2.8 3 -0.5
v -2.8 3 -0.6
v -2.8 3 -1.2
v -2.8 3 -1.4
v -2.8 3.1 1
v -2.8 3.1 0.9
v -2.8 3.1 0.6
v -2.8 3.1 0.5
v -2.8 3.1 0.3
v -2.8 3.1 0.2
v -2.8 3.1 -0.2
v -2.8 3.1 -0.3
v -2.8 3.1 -0.5
v -2.8 3.1 -0.6
v -2.8 3.1 -0.9
v -2.8 3.1 -1
v -2.8 3.3 1.5
v -2.8 3.3 1.4
v -2.8 3.3 1
v -2.8 3.3 0.9
v -2.8 3.3 0.4
v -2.8 3.3 0.3
v -2.8 3.3 -0.6
v -2.8 3.3 -0.7
v -2.8 3.3 -0.9
v -2.8 3.3 -1
v -2.8 3.3 -1.4
v -2.8 3.3 -1.5
v -2.8 3.4 1.2
v -2.8 3.4 1.1
v -2.8 3.4 0.5
v -2.8 3.4 0.4
v -2.8 3.4 0.1
v -2.8 3.4 0
v -2.8 3.4 -1.1
v -2.8 3.4 -1.2
v -2.8 3.6 0.9
v -2.8 3.6 0.8
v -2.8 3.6 0.7
v -2.8 3.6 0.6
v -2.8 3.6 0.3
v -2.8 3.6 0.2
v -2.8 3.6 -0.5
v -2.8 3.6 -0.6
v -2.8 3.6 -0.8
v -2.8 3.6 -0.9
v -2.8 3.6 -1.5
v -2.8 3.6 -1.6
v -2.8 3.7 1.4
v -2.8 3.7 1.2
v -2.8 3.7 0.8
v -2.8 3.7 0.7
v -2.8 3.7 0.3
v -2.8 3.7 0.2
v -2.8 3.7 -0.3
v -2.8 3.7 -0.4
v -2.8 3.7 -0.5
v -2.8 3.7 -0.7
v -2.8 3.7 -0.8
v -2.8 3.7 -1.2
v -2.8 3.7 -1.4
v -2.8 3.9 0.6
v -2.8 3.9 0.5
v -2.8 3.9 0.2
v -2.8 3.9 0.1
v -2.8 3.9 -1.4
v -2.8 3.9 -1.5
v -2.8 4 1.6
v -2.8 4 1.4
v -2.8 4 1.2
v -2.8 4 1.1
v -2.8 4 0.7
v -2.8 4 0.6
v -2.8 4 0.5
v -2.8 4 0.4
v -2.8 4 0
v -2.8 4 -0.2
v -2.8 4 -0.6
v -2.8 4 -0.7
v -2.8 4 -1.1
v -2.8 4 -1.2
v -2.8 4.2 1.4
v -2.8 4.2 1.2
v -2.8 4.2 0.8
v -2.8 4.2 0.7
v -2.8 4.2 0.6
v -2.8 4.2 0.5
v -2.8 4.2 -0.5
v -2.8 4.2 -0.6
v -2.8 4.2 -0.7
v -2.8 4.2 -0.8
v -2.8 4.3 1.1
v -2.8 4.3 1
v -2.8 4.3 0.7
v -2.8 4.3 0.6
v -2.8 4.3 -0.6
v -2.8 4.3 -0.7
v -2.8 4.3 -1
v -2.8 4.3 -1.1
v -2.8 4.3 -1.2
v -2.8 4.3 -1.4
v -2.8 4.5 1.5
v -2.8 4.5 1.4
v -2.8 4.5 0.8
v -2.8 4.5 0.7
v -2.8 4.5 0.4
v -2.8 4.5 0.2
v -2.8 4.5 -0.3
v -2.8 4.5 -0.4
v -2.8 4.5 -0.7
v -2.8 4.5 -0.8
v -2.8 4.6 1.2
v -2.8 4.6 1.1
v -2.8 4.6 0.5
v -2.8 4.6 0.4
v -2.8 4.6 -0.4
v -2.8 4.6 -0.5
v -2.8 4.8 0.6
v -2.8 4.8 0.5
v -2.8 4.8 -0.5
v -2.8 4.8 -0.6
v -2.8 4.8 -1.1
v -2.8 4.8 -1.2
v -2.8 4.8 -1.4
v -2.8 4.8 -1.5
v -2.8 4.9 1.4
v -2.8 4.9 1.2
v -2.8 4.9 1
v -2.8 4.9 0.9
v -2.8 4.9 0.7
v -2.8 4.9 0.6
v -2.8 4.9 0.4
v -2.8 4.9 0.3
v -2.8 4.9 -0.6
v -2.8 4.9 -0.7
v -2.8 4.9 -0.9
v -2.8 4.9 -1
v -2.8 4.9 -1.2
v -2.8 4.9 -1.4
v -2.8 5.1 1.5
v -2.8 5.1 1.4
v -2.8 5.1 -1
v -2.8 5.1 -1.1
v -2.8 5.1 -1.4
v -2.8 5.1 -1.5
v -2.8 5.2 1.4
v -2.8 5.2 1.2
v -2.8 5.2 1.1
v -2.8 5.2 1
v -2.8 5.2 0.5
v -2.8 5.2 0.4
v -2.8 5.2 -0.3
v -2.8 5.2 -0.4
v -2.8 5.2 -0.5
v -2.8 5.2 -0.8
v -2.8 5.2 -0.9
v -2.8 5.4 1.4
v -2.8 5.4 1.1
v -2.8 5.4 1
v -2.8 5.4 0.9
v -2.8 5.4 0.6
v -2.8 5.4 0.5
v -2.8 5.4 -0.5
v -2.8 5.4 -0.6
v -2.8 5.4 -0.9
v -2.8 5.4 -1
v -2.8 5.5 1.6
v -2.8 5.5 1.5
v -2.8 5.5 1.4
v -2.8 5.5 1.2
v -2.8 5.5 0.9
v -2.8 5.5 0.7
v -2.8 5.5 0.5
v -2.8 5.5 0.4
v -2.8 5.5 -0.4
v -2.8 5.5 -0.5
v -2.8 5.5 -0.7
v -2.8 5.5 -0.8
v -2.8 5.5 -1.1
v -2.8 5.5 -1.2
v -2.8 5.5 -1.4
v -2.8 5.5 -1.5
v -2.8 5.5 -1.6
v -2.8 5.7 1.6
v -2.8 5.7 1.5
v -2.8 5.7 0.3
v -2.8 5.7 0.2
v -2.8 5.7 0
v -2.8 5.7 -0.2
v -2.8 5.7 -1.5
v -2.8 5.7 -1.6
v -2.8 5.8 1.5
v -2.8 5.8 1.4
v -2.8 5.8 0.9
v -2.8 5.8 0.8
v -2.8 5.8 -0.8
v -2.8 5.8 -0.9
v -2.8 5.8 -1.4
v -2.8 5.8 -1.5
v -2.8 6 0.7
v -2.8 6 0.6
v -2.8 6 -0.6
v -2.8 6 -0.7
v -2.8 6.1 1.2
v -2.8 6.1 1.1
v -2.8 6.1 0.2
v -2.8 6.1 0.1
v -2.8 6.1 -0.7
v -2.8 6.1 -0.8
v -2.8 6.1 -1.1
v -2.8 6.1 -1.2
v -2.8 6.3 1.5
v -2.8 6.3 1.4
v -2.8 6.3 0.8
v -2.8 6.3 0.7
v -2.8 6.3 0.1
v -2.8 6.3 0
v -2.8 6.3 -1.4
v -2.8 6.3 -1.5
v -2.8 6.4 1.1
v -2.8 6.4 1
v -2.8 6.4 0.8
v -2.8 6.4 0.7
v -2.8 6.4 0.6
v -2.8 6.4 0.5
v -2.8 6.4 -0.2
v -2.8 6.4 -0.3
v -2.8 6.4 -0.5
v -2.8 6.4 -0.6
v -2.8 6.4 -0.7
v -2.8 6.4 -0.8
v -2.8 6.4 -1
v -2.8 6.4 -1.2
v -2.8 6.6 1.1
v -2.8 6.6 1
v -2.8 6.6 0.8
v -2.8 6.6 0.6
v -2.8 6.6 0.5
v -2.8 6.6 0.3
v -2.8 6.6 0
v -2.8 6.6 -0.3
v -2.8 6.6 -0.4
v -2.8 6.6 -0.5
v -2.8 6.6 -0.6
v -2.8 6.6 -0.8
v -2.8 6.6 -0.9
v -2.8 6.6 -1
v -2.8 6.6 -1.1
v -2.8 6.6 -1.2
v -2.8 6.6 -1.4
v -2.8 6.7 1.4
v -2.8 6.7 1.2
v -2.8 6.7 1
v -2.8 6.7 0.9
v -2.8 6.7 0.6
v -2.8 6.7 0.5
v -2.8 6.7 0.3
v -2.8 6.7 0.2
v -2.8 6.7 -0.5
v -2.8 6.7 -0.6
v -2.8 6.9 1.2
v -2.8 6.9 1.1
v -2.8 6.9 0.9
v -2.8 6.9 0.8
v -2.8 6.9 0.5
v -2.8 6.9 0.4
v -2.8 6.9 0.2
v -2.8 6.9 0.1
v -2.8 6.9 -0.4
v -2.8 6.9 -0.5
v -2.8 6.9 -0.9
v -2.8 6.9 -1
v -2.8 6.9 -1.1
v -2.8 6.9 -1.2
v -2.8 7 1.5
v -2.8 7 1.4
v -2.8 7 0.7
v -2.8 7 0.6
v -2.8 7 0.4
v -2.8 7 0.3
v -2.8 7 0.1
v -2.8 7 0
v -2.8 7 -0.3
v -2.8 7 -0.4
v -2.8 7 -0.6
v -2.8 7 -0.7
v -2.8 7 -1
v -2.8 7 -1.1
v -2.8 7 -1.4
v -2.8 7 -1.5
v -2.8 7.2 1.6
v -2.8 7.2 1.5
v -2.8 7.2 1.1
v -2.8 7.2 0.7
v -2.8 7.2 0.6
v -2.8 7.2 0.3
v -2.8 7.2 0
v -2.8 7.2 -0.3
v -2.8 7.2 -0.4
v -2.8 7.2 -0.6
v -2.8 7.2 -0.7
v -2.8 7.2 -0.8
v -2.8 7.2 -1.1
v -2.8 7.2 -1.2
v -2.8 7.2 -1.5
v -2.8 7.2 -1.6
v -2.7 0 1.7
v -2.7 0 1.6
v -2.7 0 -1.6
v -2.7 0 -1.7
v -2.7 0.1 1.7
v -2.7 0.1 1.6
v -2.7 0.1 -1.6
v -2.7 0.1 -1.7
v -2.7 0.3 1.6
v -2.7 0.3 -1.6
v -2.7 1 1.7
v -2.7 1 1.6
v -2.7 1 -1.6
v -2.7 1 -1.7
v -2.7 1.3 1.6
v -2.7 1.3 -1.6
v -2.7 1.6 1.6
v -2.7 1.6 -1.6
v -2.7 1.8 1.7
v -2.7 1.8 1.6
v -2.7 1.8 -1.6
v -2.7 1.8 -1.7
v -2.7 2.2 1.6
v -2.7 2.2 -1.6
v -2.7 3.4 1.7
v -2.7 3.4 1.6
v -2.7 3.4 -1.6
v -2.7 3.4 -1.7
v -2.7 3.6 -1.6
v -2.7 4 1.6
v -2.7 5.5 1.6
v -2.7 5.5 -1.6
v -2.7 5.7 1.6
v -2.7 5.7 -1.6
v -2.7 7.2 1.7
v -2.7 7.2 1.6
v -2.7 7.2 1.5
v -2.7 7.2 1.4
v -2.7 7.2 1.2
v -2.7 7.2 1.1
v -2.7 7.2 0.9
v -2.7 7.2 0.7
v -2.7 7.2 0.6
v -2.7 7.2 0.3
v -2.7 7.2 0.2
v -2.7 7.2 0
v -2.7 7.2 -0.3
v -2.7 7.2 -0.4
v -2.7 7.2 -0.6
v -2.7 7.2 -0.7
v -2.7 7.2 -0.8
v -2.7 7.2 -0.9
v -2.7 7.2 -1.1
v -2.7 7.2 -1.2
v -2.7 7.2 -1.4
v -2.7 7.2 -1.5
v -2.7 7.2 -1.6
v -2.7 7.2 -1.7
v -2.7 7.3 1.5
v -2.7 7.3 1.4
v -2.7 7.3 0.8
v -2.7 7.3 0.7
v -2.7 7.3 0.3
v -2.7 7.3 0.2
v -2.7 7.3 0
v -2.7 7.3 -0.7
v -2.7 7.3 -0.8
v -2.7 7.3 -1.4
v -2.7 7.3 -1.5
v -2.7 7.4 1.6
v -2.7 7.4 1.2
v -2.7 7.4 0.9
v -2.7 7.4 0.8
v -2.7 7.4 0.7
v -2.7 7.4 0.3
v -2.7 7.4 0.2
v -2.7 7.4 -0.7
v -2.7 7.4 -0.8
v -2.7 7.4 -0.9
v -2.7 7.4 -1.2
v -2.7 7.4 -1.6
v -2.6 7.2 1.7
v -2.6 7.2 1.6
v -2.6 7.2 -1.6
v -2.6 7.2 -1.7
v -2.6 7.4 1.7
v -2.6 7.4 1.6
v -2.6 7.4 1.5
v -2.6 7.4 1.4
v -2.6 7.4 1.2
v -2.6 7.4 1.1
v -2.6 7.4 1
v -2.6 7.4 0.9
v -2.6 7.4 0.8
v -2.6 7.4 0.7
v -2.6 7.4 0.5
v -2.6 7.4 0.3
v -2.6 7.4 0.2
v -2.6 7.4 0.1
v -2.6 7.4 -0.4
v -2.6 7.4 -0.5
v -2.6 7.4 -0.7
v -2.6 7.4 -0.8
v -2.6 7.4 -0.9
v -2.6 7.4 -1
v -2.6 7.4 -1.1
v -2.6 7.4 -1.2
v -2.6 7.4 -1.4
v -2.6 7.4 -1.5
v -2.6 7.4 -1.6
v -2.6 7.4 -1.7
v -2.6 7.5 1.5
v -2.6 7.5 1.4
v -2.6 7.5 1.1
v -2.6 7.5 1
v -2.6 7.5 0.9
v -2.6 7.5 0.8
v -2.6 7.5 0.5
v -2.6 7.5 0.1
v -2.6 7.5 -0.4
v -2.6 7.5 -0.5
v -2.6 7.5 -0.8
v -2.6 7.5 -0.9
v -2.6 7.5 -1
v -2.6 7.5 -1.1
v -2.6 7.5 -1.4
v -2.6 7.5 -1.5
v -2.5 7.4 1.6
v -2.5 7.4 1.5
v -2.5 7.4 -1.5
v -2.5 7.4 -1.6
v -2.5 7.5 1.6
v -2.5 7.5 1.5
v -2.5 7.5 1.3
v -2.5 7.5 1.1
v -2.5 7.5 1
v -2.5 7.5 0.9
v -2.5 7.5 0.8
v -2.5 7.5 0.5
v -2.5 7.5 0.2
v -2.5 7.5 0.1
v -2.5 7.5 -0.2
v -2.5 7.5 -0.4
v -2.5 7.5 -0.5
v -2.5 7.5 -0.8
v -2.5 7.5 -0.9
v -2.5 7.5 -1
v -2.5 7.5 -1.1
v -2.5 7.5 -1.3
v -2.5 7.5 -1.5
v -2.5 7.5 -1.6
v -2.5 7.6 1.3
v -2.5 7.6 1
v -2.5 7.6 0.2
v -2.5 7.6 -0.2
v -2.5 7.6 -1
v -2.5 7.6 -1.3
v -2.4 0.2 1.5
v -2.4 0.2 1.4
v -2.4 0.2 -1.4
v -2.4 0.2 -1.5
v -2.4 0.3 1.5
v -2.4 0.3 1.4
v -2.4 0.3 -1.4
v -2.4 0.3 -1.5
v -2.4 0.4 1.4
v -2.4 0.6 1.5
v -2.4 0.6 1.4
v -2.4 0.6 -1.4
v -2.4 0.6 -1.5
v -2.4 0.7 1.7
v -2.4 0.7 1.6
v -2.4 0.7 1.5
v -2.4 0.7 1.4
v -2.4 0.7 -1.4
v -2.4 0.7 -1.5
v -2.4 0.8 1.7
v -2.4 0.8 1.6
v -2.4 3 1.7
v -2.4 3 1.6
v -2.4 3.1 1.7
v -2.4 3.1 1.6
v -2.4 5.3 1.7
v -2.4 5.3 1.6
v -2.4 5.4 1.7
v -2.4 5.4 1.6
v -2.4 7.5 1.4
v -2.4 7.5 1.3
v -2.4 7.5 -1.3
v -2.4 7.5 -1.4
v -2.4 7.6 1.4
v -2.4 7.6 1.3
v -2.4 7.6 -1.3
v -2.4 7.6 -1.4
v -2.3 0.6 1.7
v -2.3 0.6 1.6
v -2.3 0.7 1.7
v -2.3 0.7 1.6
v -2.3 2.9 1.7
v -2.3 2.9 1.6
v -2.3 3 1.7
v -2.3 3 1.6
v -2.3 5.2 1.7
v -2.3 5.2 1.6
v -2.3 5.3 1.7
v -2.3 5.3 1.6
v 2.2 2.3 1.6
v 2.2 2.3 1.5
v 2.2 2.4 1.6
v 2.2 2.4 1.5
v 2.2 4.6 1.6
v 2.2 4.6 1.5
v 2.2 4.7 1.6
v 2.2 4.7 1.5
v 2.2 6.8 1.6
v 2.2 6.8 1.5
v 2.2 6.9 1.6
v 2.2 6.9 1.5
v 2.3 0 1.7
v 2.3 0 -0.8
v 2.3 0.2 1.7
v 2.3 0.2 1.6
v 2.3 0.2 1.3
v 2.3 0.2 -0.8
v 2.3 0.8 1.6
v 2.3 0.8 1.5
v 2.3 0.8 1.3
v 2.3 0.8 1.2
v 2.3 0.8 1
v 2.3 0.8 0.9
v 2.3 0.8 0.7
v 2.3 0.8 0.4
v 2.3 0.8 -0.0999999
v 2.3 0.8 -0.3
v 2.3 0.8 -0.4
v 2.3 0.8 -0.7
v 2.3 0.8 -0.8
v 2.3 0.8 -0.9
v 2.3 0.8 -1.5
v 2.3 0.8 -1.6
v 2.3 0.9 1.6
v 2.3 0.9 1.5
v 2.3 0.9 1.1
v 2.3 0.9 1
v 2.3 1.3 1.1
v 2.3 1.3 1
v 2.3 1.3 -1.5
v 2.3 1.3 -1.6
v 2.3 1.8 1.6
v 2.3 1.8 1.5
v 2.3 1.8 -1
v 2.3 1.8 -1.1
v 2.3 2.1 1.1
v 2.3 2.1 1
v 2.3 2.1 -1.5
v 2.3 2.1 -1.6
v 2.3 2.2 -1.6
v 2.3 2.3 1.6
v 2.3 2.3 1.5
v 2.3 2.3 1.1
v 2.3 2.3 1
v 2.3 2.3 -1
v 2.3 2.3 -1.1
v 2.3 2.3 -1.5
v 2.3 2.3 -1.6
v 2.3 2.4 1.5
v 2.3 2.4 -1.3
v 2.3 2.4 -1.6
v 2.3 3.1 1.6
v 2.3 3.1 1.5
v 2.3 3.1 1.3
v 2.3 3.1 1.2
v 2.3 3.1 1.1
v 2.3 3.1 1
v 2.3 3.1 0.9
v 2.3 3.1 0.7
v 2.3 3.1 0.4
v 2.3 3.1 -0.0999999
v 2.3 3.1 -0.3
v 2.3 3.1 -0.4
v 2.3 3.1 -0.7
v 2.3 3.1 -0.8
v 2.3 3.1 -0.9
v 2.3 3.1 -1
v 2.3 3.1 -1.1
v 2.3 3.1 -1.5
v 2.3 3.1 -1.6
v 2.3 3.2 1.6
v 2.3 3.2 1.5
v 2.3 3.2 -1
v 2.3 3.2 -1.1
v 2.3 3.6 1.1
v 2.3 3.6 1
v 2.3 3.6 -1.5
v 2.3 3.6 -1.6
v 2.3 4.1 1.6
v 2.3 4.1 1.5
v 2.3 4.1 -1
v 2.3 4.1 -1.1
v 2.3 4.3 -1.6
v 2.3 4.4 1.1
v 2.3 4.4 1
v 2.3 4.4 -1.5
v 2.3 4.4 -1.6
v 2.3 4.6 1.6
v 2.3 4.6 1.5
v 2.3 4.6 1.1
v 2.3 4.6 1
v 2.3 4.6 -1
v 2.3 4.6 -1.1
v 2.3 4.6 -1.5
v 2.3 4.6 -1.6
v 2.3 4.7 1.5
v 2.3 4.7 -1.3
v 2.3 4.7 -1.6
v 2.3 5.4 1.6
v 2.3 5.4 1.3
v 2.3 5.4 1.2
v 2.3 5.4 1.1
v 2.3 5.4 1
v 2.3 5.4 0.9
v 2.3 5.4 0.7
v 2.3 5.4 0.4
v 2.3 5.4 -0.0999999
v 2.3 5.4 -0.3
v 2.3 5.4 -0.4
v 2.3 5.4 -0.7
v 2.3 5.4 -0.8
v 2.3 5.4 -0.9
v 2.3 5.4 -1.5
v 2.3 5.4 -1.6
v 2.3 5.8 1.1
v 2.3 5.8 1
v 2.3 5.8 -1.5
v 2.3 5.8 -1.6
v 2.3 6.3 1.6
v 2.3 6.3 1.5
v 2.3 6.4 -1.6
v 2.3 6.6 1.1
v 2.3 6.6 1
v 2.3 6.6 -1.5
v 2.3 6.6 -1.6
v 2.3 6.8 1.6
v 2.3 6.8 1.5
v 2.3 6.8 1.1
v 2.3 6.8 1
v 2.3 6.8 -1.5
v 2.3 6.8 -1.6
v 2.3 6.9 1.5
v 2.3 6.9 -1.6
v 2.4 0.2 1.7
v 2.4 0.2 1.6
v 2.4 0.3 1.7
v 2.4 0.3 1.6
v 2.4 7.2 1.7
v 2.4 7.2 1.6
v 2.4 7.3 1.7
v 2.4 7.3 1.6
v 2.5 0.2 1.5
v 2.5 0.2 1.4
v 2.5 0.2 -1.4
v 2.5 0.2 -1.5
v 2.5 0.3 1.7
v 2.5 0.3 1.6
v 2.5 0.3 1.4
v 2.5 0.3 -1.4
v 2.5 0.4 1.4
v 2.5 0.4 -1.4
v 2.5 0.5 1.7
v 2.5 0.5 1.6
v 2.5 0.6 1.4
v 2.5 0.7 1.5
v 2.5 0.7 1.4
v 2.5 0.7 -1.4
v 2.5 0.7 -1.5
v 2.5 7 1.7
v 2.5 7 1.6
v 2.5 7.1 1.6
v 2.5 7.2 1.7
v 2.5 7.2 1.6
v 2.6 0.5 1.7
v 2.6 0.5 1.6
v 2.6 1 1.7
v 2.6 1 1.6
v 2.6 1.7 1.6
v 2.6 1.8 1.7
v 2.6 1.8 1.6
v 2.6 2.2 1.6
v 2.6 3.1 1.6
v 2.6 3.2 1.6
v 2.6 3.4 1.7
v 2.6 3.4 1.6
v 2.6 4 1.6
v 2.6 4.5 1.6
v 2.6 6.2 1.6
v 2.6 6.7 1.6
v 2.6 7 1.7
v 2.6 7 1.6
v -2.6 0.5 1.7
v -2.6 0.5 1.6
v -2.6 1 1.7
v -2.6 1 1.6
v -2.6 1.7 1.6
v -2.6 1.8 1.7
v -2.6 1.8 1.6
v -2.6 2.2 1.6
v -2.6 3.1 1.6
v -2.6 3.2 1.6
v -2.6 3.4 1.7
v -2.6 3.4 1.6
v -2.6 4 1.6
v -2.6 4.5 1.6
v -2.6 6.2 1.6
v -2.6 6.7 1.6
v -2.6 6.9 1.6
v -2.6 7 1.7
v -2.6 7 1.6
v -2.5 0.2 1.5
v -2.5 0.2 1.4
v -2.5 0.2 -1.4
v -2.5 0.2 -1.5
v -2.5 0.3 1.7
v -2.5 0.3 1.6
v -2.5 0.4 1.4
v -2.5 0.5 1.7
v -2.5 0.5 1.6
v -2.5 0.7 1.5
v -2.5 0.7 1.4
v -2.5 0.7 -1.4
v -2.5 0.7 -1.5
v -2.5 7 1.7
v -2.5 7 1.6
v -2.5 7.1 1.6
v -2.5 7.2 1.7
v -2.5 7.2 1.6
v -2.4 0.2 1.7
v -2.4 0.2 1.6
v -2.4 0.3 1.7
v -2.4 0.3 1.6
v -2.4 7.2 1.7
v -2.4 7.2 1.6
v -2.4 7.3 1.7
v -2.4 7.3 1.6
v -2.3 0 1.7
v -2.3 0 -0.8
v -2.3 0.2 1.7
v -2.3 0.2 1.6
v -2.3 0.2 1.3
v -2.3 0.2 -0.8
v -2.3 0.8 1.6
v -2.3 0.8 1.5
v -2.3 0.8 1.3
v -2.3 0.8 1.2
v -2.3 0.8 1
v -2.3 0.8 0.9
v -2.3 0.8 0.2
v -2.3 0.8 -0.2
v -2.3 0.8 -0.8
v -2.3 0.8 -1.2
v -2.3 0.8 -1.5
v -2.3 0.8 -1.6
v -2.3 0.9 1.6
v -2.3 0.9 1.5
v -2.3 0.9 1.1
v -2.3 0.9 1
v -2.3 1.3 1.1
v -2.3 1.3 1
v -2.3 1.3 -1.5
v -2.3 1.3 -1.6
v -2.3 1.8 1.6
v -2.3 1.8 1.5
v -2.3 1.8 -0.9
v -2.3 1.8 -1
v -2.3 2.1 1.1
v -2.3 2.1 1
v -2.3 2.1 -1.5
v -2.3 2.1 -1.6
v -2.3 2.2 -1.6
v -2.3 2.3 1.6
v -2.3 2.3 1.5
v -2.3 2.3 1.1
v -2.3 2.3 1
v -2.3 2.3 -0.9
v -2.3 2.3 -1
v -2.3 2.3 -1.5
v -2.3 2.3 -1.6
v -2.3 2.4 1.5
v -2.3 2.4 1.3
v -2.3 2.4 -1.6
v -2.3 3.1 1.6
v -2.3 3.1 1.5
v -2.3 3.1 1.3
v -2.3 3.1 1.2
v -2.3 3.1 1.1
v -2.3 3.1 1
v -2.3 3.1 0.9
v -2.3 3.1 0.2
v -2.3 3.1 -0.2
v -2.3 3.1 -0.8
v -2.3 3.1 -0.9
v -2.3 3.1 -1
v -2.3 3.1 -1.2
v -2.3 3.1 -1.5
v -2.3 3.1 -1.6
v -2.3 3.2 1.6
v -2.3 3.2 1.5
v -2.3 3.2 -0.9
v -2.3 3.2 -1
v -2.3 3.6 1.1
v -2.3 3.6 1
v -2.3 3.6 -1.5
v -2.3 3.6 -1.6
v -2.3 4.1 1.6
v -2.3 4.1 1.5
v -2.3 4.1 -0.9
v -2.3 4.1 -1
v -2.3 4.3 -1.6
v -2.3 4.4 1.1
v -2.3 4.4 1
v -2.3 4.4 -1.5
v -2.3 4.4 -1.6
v -2.3 4.6 1.6
v -2.3 4.6 1.5
v -2.3 4.6 1.1
v -2.3 4.6 1
v -2.3 4.6 -0.9
v -2.3 4.6 -1
v -2.3 4.6 -1.5
v -2.3 4.6 -1.6
v -2.3 4.7 1.5
v -2.3 4.7 1.3
v -2.3 4.7 -1.6
v -2.3 5.4 1.6
v -2.3 5.4 1.3
v -2.3 5.4 1.2
v -2.3 5.4 1.1
v -2.3 5.4 1
v -2.3 5.4 0.9
v -2.3 5.4 0.2
v -2.3 5.4 -0.2
v -2.3 5.4 -0.8
v -2.3 5.4 -1.2
v -2.3 5.4 -1.5
v -2.3 5.4 -1.6
v -2.3 5.8 1.1
v -2.3 5.8 1
v -2.3 5.8 -1.5
v -2.3 5.8 -1.6
v -2.3 6.3 1.6
v -2.3 6.3 1.5
v -2.3 6.3 -0.9
v -2.3 6.3 -1
v -2.3 6.4 -1.6
v -2.3 6.6 1.1
v -2.3 6.6 1
v -2.3 6.6 -1.5
v -2.3 6.6 -1.6
v -2.3 6.8 1.6
v -2.3 6.8 1.5
v -2.3 6.8 1.1
v -2.3 6.8 1
v -2.3 6.8 -0.9
v -2.3 6.8 -1
v -2.3 6.8 -1.5
v -2.3 6.8 -1.6
v -2.3 6.9 1.5
v -2.3 6.9 -1.6
v -2.2 2.3 1.6
v -2.2 2.3 1.5
v -2.2 2.4 1.6
v -2.2 2.4 1.5
v -2.2 4.6 1.6
v -2.2 4.6 1.5
v -2.2 4.7 1.6
v -2.2 4.7 1.5
v -2.2 6.8 1.6
v -2.2 6.8 1.5
v -2.2 6.9 1.6
v -2.2 6.9 1.5
v 2.3 0.6 1.7
v 2.3 0.6 1.6
v 2.3 0.7 1.7
v 2.3 0.7 1.6
v 2.3 2.9 1.7
v 2.3 2.9 1.6
v 2.3 3 1.7
v 2.3 3 1.6
v 2.3 5.2 1.7
v 2.3 5.2 1.6
v 2.3 5.3 1.7
v 2.3 5.3 1.6
v 2.4 0.2 1.5
v 2.4 0.2 1.4
v 2.4 0.2 -1.4
v 2.4 0.2 -1.5
v 2.4 0.3 1.5
v 2.4 0.3 1.4
v 2.4 0.3 -1.4
v 2.4 0.3 -1.5
v 2.4 0.4 1.4
v 2.4 0.4 -1.4
v 2.4 0.5 1.5
v 2.4 0.5 1.4
v 2.4 0.6 1.5
v 2.4 0.6 1.4
v 2.4 0.6 -1.4
v 2.4 0.6 -1.5
v 2.4 0.7 1.7
v 2.4 0.7 1.6
v 2.4 0.7 1.5
v 2.4 0.7 1.4
v 2.4 0.7 -1.4
v 2.4 0.7 -1.5
v 2.4 0.8 1.7
v 2.4 0.8 1.6
v 2.4 3 1.7
v 2.4 3 1.6
v 2.4 3.1 1.7
v 2.4 3.1 1.6
v 2.4 5.3 1.7
v 2.4 5.3 1.6
v 2.4 5.4 1.7
v 2.4 5.4 1.6
v 2.4 7.5 1.4
v 2.4 7.5 1.3
v 2.4 7.5 -1.3
v 2.4 7.5 -1.4
v 2.4 7.6 1.4
v 2.4 7.6 1.3
v 2.4 7.6 -1.3
v 2.4 7.6 -1.4
v 2.5 7.4 1.6
v 2.5 7.4 1.5
v 2.5 7.4 -1.4
v 2.5 7.4 -1.5
v 2.5 7.4 -1.6
v 2.5 7.5 1.6
v 2.5 7.5 1.5
v 2.5 7.5 1.3
v 2.5 7.5 1.2
v 2.5 7.5 1
v 2.5 7.5 0.8
v 2.5 7.5 0.6
v 2.5 7.5 0.4
v 2.5 7.5 0.3
v 2.5 7.5 0
v 2.5 7.5 -0.2
v 2.5 7.5 -0.3
v 2.5 7.5 -0.4
v 2.5 7.5 -0.7
v 2.5 7.5 -0.8
v 2.5 7.5 -0.9
v 2.5 7.5 -1
v 2.5 7.5 -1.2
v 2.5 7.5 -1.3
v 2.5 7.5 -1.4
v 2.5 7.5 -1.5
v 2.5 7.5 -1.6
v 2.5 7.6 1.3
v 2.5 7.6 1.2
v 2.5 7.6 0.4
v 2.5 7.6 0
v 2.5 7.6 -0.3
v 2.5 7.6 -0.4
v 2.5 7.6 -1
v 2.5 7.6 -1.2
v 2.5 7.6 -1.3
v 2.6 7.2 1.7
v 2.6 7.2 1.6
v 2.6 7.2 -1.6
v 2.6 7.2 -1.7
v 2.6 7.4 1.7
v 2.6 7.4 1.6
v 2.6 7.4 1.5
v 2.6 7.4 1.4
v 2.6 7.4 1.2
v 2.6 7.4 1.1
v 2.6 7.4 1
v 2.6 7.4 0.9
v 2.6 7.4 0.8
v 2.6 7.4 0.6
v 2.6 7.4 0.3
v 2.6 7.4 0.2
v 2.6 7.4 0
v 2.6 7.4 -0.2
v 2.6 7.4 -0.4
v 2.6 7.4 -0.7
v 2.6 7.4 -0.8
v 2.6 7.4 -0.9
v 2.6 7.4 -1.2
v 2.6 7.4 -1.3
v 2.6 7.4 -1.4
v 2.6 7.4 -1.6
v 2.6 7.4 -1.7
v 2.6 7.5 1.5
v 2.6 7.5 1.4
v 2.6 7.5 1
v 2.6 7.5 0.8
v 2.6 7.5 0.6
v 2.6 7.5 0.3
v 2.6 7.5 0
v 2.6 7.5 -0.2
v 2.6 7.5 -0.4
v 2.6 7.5 -0.7
v 2.6 7.5 -0.8
v 2.6 7.5 -0.9
v 2.6 7.5 -1.2
v 2.6 7.5 -1.3
v 2.6 7.5 -1.4
v 2.7 0 1.7
v 2.7 0 1.6
v 2.7 0 -1.6
v 2.7 0 -1.7
v 2.7 0.1 1.7
v 2.7 0.1 1.6
v 2.7 0.3 1.6
v 2.7 0.3 -1.6
v 2.7 0.9 -1.6
v 2.7 0.9 -1.7
v 2.7 1 1.7
v 2.7 1 1.6
v 2.7 1.3 1.6
v 2.7 1.3 -1.6
v 2.7 1.5 -1.6
v 2.7 1.5 -1.7
v 2.7 1.6 1.6
v 2.7 1.6 -1.6
v 2.7 1.8 1.7
v 2.7 1.8 1.6
v 2.7 1.8 -1.6
v 2.7 1.9 -1.6
v 2.7 1.9 -1.7
v 2.7 2.1 -1.6
v 2.7 2.1 -1.7
v 2.7 2.2 1.6
v 2.7 2.2 -1.6
v 2.7 3.3 -1.6
v 2.7 3.3 -1.7
v 2.7 3.4 1.7
v 2.7 3.4 1.6
v 2.7 3.6 -1.6
v 2.7 3.9 -1.6
v 2.7 3.9 -1.7
v 2.7 4 1.6
v 2.7 4.2 -1.6
v 2.7 4.2 -1.7
v 2.7 5.1 -1.6
v 2.7 5.1 -1.7
v 2.7 5.5 1.6
v 2.7 5.5 -1.6
v 2.7 5.7 1.6
v 2.7 5.7 -1.6
v 2.7 5.8 -1.6
v 2.7 5.8 -1.7
v 2.7 6.3 -1.6
v 2.7 6.3 -1.7
v 2.7 7 -1.6
v 2.7 7 -1.7
v 2.7 7.2 1.7
v 2.7 7.2 1.6
v 2.7 7.2 1.5
v 2.7 7.2 1.4
v 2.7 7.2 1.2
v 2.7 7.2 1.1
v 2.7 7.2 0.7
v 2.7 7.2 0.6
v 2.7 7.2 0.3
v 2.7 7.2 0.2
v 2.7 7.2 0
v 2.7 7.2 -0.3
v 2.7 7.2 -0.4
v 2.7 7.2 -0.6
v 2.7 7.2 -0.7
v 2.7 7.2 -0.8
v 2.7 7.2 -0.9
v 2.7 7.2 -1.1
v 2.7 7.2 -1.2
v 2.7 7.2 -1.4
v 2.7 7.2 -1.5
v 2.7 7.2 -1.6
v 2.7 7.2 -1.7
v 2.7 7.3 1.5
v 2.7 7.3 1.4
v 2.7 7.3 1
v 2.7 7.3 0.9
v 2.7 7.3 0.3
v 2.7 7.3 0.2
v 2.7 7.3 0
v 2.7 7.3 -0.7
v 2.7 7.3 -0.8
v 2.7 7.3 -1.4
v 2.7 7.3 -1.5
v 2.7 7.4 1.6
v 2.7 7.4 1.2
v 2.7 7.4 1.1
v 2.7 7.4 1
v 2.7 7.4 0.9
v 2.7 7.4 0.3
v 2.7 7.4 0.2
v 2.7 7.4 -0.7
v 2.7 7.4 -0.8
v 2.7 7.4 -0.9
v 2.7 7.4 -1.2
v 2.7 7.4 -1.6
v 2.8 0 1.6
v 2.8 0 -1.6
v 2.8 0.1 1.2
v 2.8 0.1 1
v 2.8 0.1 0.7
v 2.8 0.1 0.5
v 2.8 0.1 0.2
v 2.8 0.1 0
v 2.8 0.1 -0.2
v 2.8 0.1 -0.4
v 2.8 0.1 -0.5
v 2.8 0.1 -0.7
v 2.8 0.1 -1
v 2.8 0.1 -1.2
v 2.8 0.3 1.6
v 2.8 0.3 1.5
v 2.8 0.3 0.8
v 2.8 0.3 0.7
v 2.8 0.3 0.6
v 2.8 0.3 0.5
v 2.8 0.3 0.3
v 2.8 0.3 0.2
v 2.8 0.3 0.1
v 2.8 0.3 0
v 2.8 0.3 -0.3
v 2.8 0.3 -0.4
v 2.8 0.3 -0.5
v 2.8 0.3 -0.6
v 2.8 0.3 -0.7
v 2.8 0.3 -0.8
v 2.8 0.3 -1.5
v 2.8 0.3 -1.6
v 2.8 0.4 1.1
v 2.8 0.4 1
v 2.8 0.4 0.3
v 2.8 0.4 0.2
v 2.8 0.4 -1
v 2.8 0.4 -1.1
v 2.8 0.6 0.9
v 2.8 0.6 0.8
v 2.8 0.6 0
v 2.8 0.6 -0.2
v 2.8 0.6 -0.8
v 2.8 0.6 -0.9
v 2.8 0.7 1.2
v 2.8 0.7 1.1
v 2.8 0.7 0.4
v 2.8 0.7 0.3
v 2.8 0.7 0
v 2.8 0.7 -0.2
v 2.8 0.7 -0.5
v 2.8 0.7 -0.6
v 2.8 0.7 -1.1
v 2.8 0.7 -1.2
v 2.8 0.9 1.5
v 2.8 0.9 1.4
v 2.8 0.9 0.7
v 2.8 0.9 0.6
v 2.8 0.9 0.5
v 2.8 0.9 0.4
v 2.8 0.9 0.2
v 2.8 0.9 0.1
v 2.8 0.9 0
v 2.8 0.9 -0.2
v 2.8 0.9 -0.3
v 2.8 0.9 -1.4
v 2.8 0.9 -1.5
v 2.8 1 1.2
v 2.8 1 1.1
v 2.8 1 0.9
v 2.8 1 0.8
v 2.8 1 0
v 2.8 1 -0.2
v 2.8 1 -0.3
v 2.8 1 -0.5
v 2.8 1 -0.8
v 2.8 1 -0.9
v 2.8 1 -1.1
v 2.8 1 -1.2
v 2.8 1.2 1.4
v 2.8 1.2 1.2
v 2.8 1.2 -0.3
v 2.8 1.2 -0.4
v 2.8 1.2 -1.2
v 2.8 1.2 -1.4
v 2.8 1.3 1.6
v 2.8 1.3 1.5
v 2.8 1.3 1.1
v 2.8 1.3 1
v 2.8 1.3 0.5
v 2.8 1.3 0.4
v 2.8 1.3 -0.6
v 2.8 1.3 -0.8
v 2.8 1.3 -1
v 2.8 1.3 -1.1
v 2.8 1.3 -1.5
v 2.8 1.3 -1.6
v 2.8 1.5 1.5
v 2.8 1.5 1.4
v 2.8 1.5 0.5
v 2.8 1.5 0.4
v 2.8 1.5 -1.4
v 2.8 1.5 -1.5
v 2.8 1.6 1.6
v 2.8 1.6 1.5
v 2.8 1.6 0.1
v 2.8 1.6 0
v 2.8 1.6 -0.5
v 2.8 1.6 -0.6
v 2.8 1.6 -1.5
v 2.8 1.6 -1.6
v 2.8 1.8 1.6
v 2.8 1.8 1.5
v 2.8 1.8 1.4
v 2.8 1.8 1.2
v 2.8 1.8 1
v 2.8 1.8 0.9
v 2.8 1.8 0.3
v 2.8 1.8 0.2
v 2.8 1.8 -0.9
v 2.8 1.8 -1
v 2.8 1.8 -1.2
v 2.8 1.8 -1.4
v 2.8 1.8 -1.5
v 2.8 1.8 -1.6
v 2.8 1.9 1.5
v 2.8 1.9 1.4
v 2.8 1.9 1.2
v 2.8 1.9 1.1
v 2.8 1.9 -1.1
v 2.8 1.9 -1.2
v 2.8 1.9 -1.4
v 2.8 1.9 -1.5
v 2.8 2.1 1.5
v 2.8 2.1 1.4
v 2.8 2.1 1.2
v 2.8 2.1 0.9
v 2.8 2.1 0.8
v 2.8 2.1 -0.8
v 2.8 2.1 -0.9
v 2.8 2.1 -1.2
v 2.8 2.1 -1.4
v 2.8 2.1 -1.5
v 2.8 2.2 1.6
v 2.8 2.2 1.5
v 2.8 2.2 1.1
v 2.8 2.2 1
v 2.8 2.2 -1
v 2.8 2.2 -1.1
v 2.8 2.2 -1.5
v 2.8 2.2 -1.6
v 2.8 2.4 1.4
v 2.8 2.4 1.2
v 2.8 2.4 1.1
v 2.8 2.4 -0.2
v 2.8 2.4 -0.3
v 2.8 2.4 -0.7
v 2.8 2.4 -0.8
v 2.8 2.4 -1.1
v 2.8 2.4 -1.2
v 2.8 2.4 -1.4
v 2.8 2.5 1.2
v 2.8 2.5 1.1
v 2.8 2.5 1
v 2.8 2.5 0.9
v 2.8 2.5 -0.9
v 2.8 2.5 -1
v 2.8 2.5 -1.1
v 2.8 2.5 -1.2
v 2.8 2.7 1.4
v 2.8 2.7 1.1
v 2.8 2.7 0.6
v 2.8 2.7 0.5
v 2.8 2.7 0.4
v 2.8 2.7 -0.3
v 2.8 2.7 -0.4
v 2.8 2.7 -0.5
v 2.8 2.7 -1.1
v 2.8 2.7 -1.4
v 2.8 3 1.4
v 2.8 3 1.2
v 2.8 3 0.5
v 2.8 3 0.4
v 2.8 3 -0.5
v 2.8 3 -0.6
v 2.8 3 -1.2
v 2.8 3 -1.4
v 2.8 3.1 1
v 2.8 3.1 0.9
v 2.8 3.1 0.6
v 2.8 3.1 0.5
v 2.8 3.1 0.3
v 2.8 3.1 0.2
v 2.8 3.1 -0.2
v 2.8 3.1 -0.3
v 2.8 3.1 -0.5
v 2.8 3.1 -0.6
v 2.8 3.1 -0.9
v 2.8 3.1 -1
v 2.8 3.3 1.5
v 2.8 3.3 1.4
v 2.8 3.3 1
v 2.8 3.3 0.9
v 2.8 3.3 0.4
v 2.8 3.3 0.3
v 2.8 3.3 -0.6
v 2.8 3.3 -0.7
v 2.8 3.3 -0.9
v 2.8 3.3 -1
v 2.8 3.3 -1.4
v 2.8 3.3 -1.5
v 2.8 3.4 1.2
v 2.8 3.4 1.1
v 2.8 3.4 0.5
v 2.8 3.4 0.4
v 2.8 3.4 0.1
v 2.8 3.4 0
v 2.8 3.4 -1.1
v 2.8 3.4 -1.2
v 2.8 3.6 0.9
v 2.8 3.6 0.8
v 2.8 3.6 0.7
v 2.8 3.6 0.6
v 2.8 3.6 0.3
v 2.8 3.6 0.2
v 2.8 3.6 -0.5
v 2.8 3.6 -0.6
v 2.8 3.6 -0.8
v 2.8 3.6 -0.9
v 2.8 3.6 -1.5
v 2.8 3.6 -1.6
v 2.8 3.7 1.4
v 2.8 3.7 1.2
v 2.8 3.7 0.8
v 2.8 3.7 0.7
v 2.8 3.7 0.3
v 2.8 3.7 0.2
v 2.8 3.7 -0.3
v 2.8 3.7 -0.4
v 2.8 3.7 -0.5
v 2.8 3.7 -0.7
v 2.8 3.7 -0.8
v 2.8 3.7 -1.2
v 2.8 3.7 -1.4
v 2.8 3.9 0.6
v 2.8 3.9 0.5
v 2.8 3.9 0.2
v 2.8 3.9 0.1
v 2.8 3.9 -1.4
v 2.8 3.9 -1.5
v 2.8 4 1.6
v 2.8 4 1.4
v 2.8 4 1.2
v 2.8 4 1.1
v 2.8 4 0.7
v 2.8 4 0.6
v 2.8 4 0.5
v 2.8 4 0.4
v 2.8 4 0
v 2.8 4 -0.2
v 2.8 4 -0.6
v 2.8 4 -0.7
v 2.8 4 -1.1
v 2.8 4 -1.2
v 2.8 4.2 1.4
v 2.8 4.2 1.2
v 2.8 4.2 0.8
v 2.8 4.2 0.7
v 2.8 4.2 0.6
v 2.8 4.2 0.5
v 2.8 4.2 -0.5
v 2.8 4.2 -0.6
v 2.8 4.2 -0.7
v 2.8 4.2 -0.8
v 2.8 4.3 1.1
v 2.8 4.3 1
v 2.8 4.3 0.7
v 2.8 4.3 0.6
v 2.8 4.3 -0.6
v 2.8 4.3 -0.7
v 2.8 4.3 -1
v 2.8 4.3 -1.1
v 2.8 4.3 -1.2
v 2.8 4.3 -1.4
v 2.8 4.5 1.5
v 2.8 4.5 1.4
v 2.8 4.5 0.8
v 2.8 4.5 0.7
v 2.8 4.5 0.4
v 2.8 4.5 0.2
v 2.8 4.5 -0.3
v 2.8 4.5 -0.4
v 2.8 4.5 -0.7
v 2.8 4.5 -0.8
v 2.8 4.6 1.2
v 2.8 4.6 1.1
v 2.8 4.6 0.5
v 2.8 4.6 0.4
v 2.8 4.6 -0.4
v 2.8 4.6 -0.5
v 2.8 4.8 0.6
v 2.8 4.8 0.5
v 2.8 4.8 -0.5
v 2.8 4.8 -0.6
v 2.8 4.8 -1.1
v 2.8 4.8 -1.2
v 2.8 4.8 -1.4
v 2.8 4.8 -1.5
v 2.8 4.9 1.4
v 2.8 4.9 1.2
v 2.8 4.9 1
v 2.8 4.9 0.9
v 2.8 4.9 0.7
v 2.8 4.9 0.6
v 2.8 4.9 0.4
v 2.8 4.9 0.3
v 2.8 4.9 -0.6
v 2.8 4.9 -0.7
v 2.8 4.9 -0.9
v 2.8 4.9 -1
v 2.8 4.9 -1.2
v 2.8 4.9 -1.4
v 2.8 5.1 1.5
v 2.8 5.1 1.4
v 2.8 5.1 -1
v 2.8 5.1 -1.1
v 2.8 5.1 -1.4
v 2.8 5.1 -1.5
v 2.8 5.2 1.4
v 2.8 5.2 1.2
v 2.8 5.2 1.1
v 2.8 5.2 1
v 2.8 5.2 0.5
v 2.8 5.2 0.4
v 2.8 5.2 -0.3
v 2.8 5.2 -0.4
v 2.8 5.2 -0.5
v 2.8 5.2 -0.8
v 2.8 5.2 -0.9
v 2.8 5.4 1.4
v 2.8 5.4 1.1
v 2.8 5.4 1
v 2.8 5.4 0.9
v 2.8 5.4 0.6
v 2.8 5.4 0.5
v 2.8 5.4 -0.5
v 2.8 5.4 -0.6
v 2.8 5.4 -0.9
v 2.8 5.4 -1
v 2.8 5.5 1.6
v 2.8 5.5 1.5
v 2.8 5.5 1.4
v 2.8 5.5 1.2
v 2.8 5.5 0.9
v 2.8 5.5 0.7
v 2.8 5.5 0.5
v 2.8 5.5 0.4
v 2.8 5.5 -0.4
v 2.8 5.5 -0.5
v 2.8 5.5 -0.7
v 2.8 5.5 -0.8
v 2.8 5.5 -1.1
v 2.8 5.5 -1.2
v 2.8 5.5 -1.4
v 2.8 5.5 -1.5
v 2.8 5.5 -1.6
v 2.8 5.7 1.6
v 2.8 5.7 1.5
v 2.8 5.7 0.3
v 2.8 5.7 0.2
v 2.8 5.7 0
v 2.8 5.7 -0.2
v 2.8 5.7 -1.5
v 2.8 5.7 -1.6
v 2.8 5.8 1.5
v 2.8 5.8 1.4
v 2.8 5.8 0.9
v 2.8 5.8 0.8
v 2.8 5.8 -0.8
v 2.8 5.8 -0.9
v 2.8 5.8 -1.4
v 2.8 5.8 -1.5
v 2.8 6 0.7
v 2.8 6 0.6
v 2.8 6 -0.6
v 2.8 6 -0.7
v 2.8 6.1 1.2
v 2.8 6.1 1.1
v 2.8 6.1 0.2
v 2.8 6.1 0.1
v 2.8 6.1 -0.7
v 2.8 6.1 -0.8
v 2.8 6.1 -1.1
v 2.8 6.1 -1.2
v 2.8 6.3 1.5
v 2.8 6.3 1.4
v 2.8 6.3 0.8
v 2.8 6.3 0.7
v 2.8 6.3 0.1
v 2.8 6.3 0
v 2.8 6.3 -1.4
v 2.8 6.3 -1.5
v 2.8 6.4 1.1
v 2.8 6.4 1
v 2.8 6.4 0.8
v 2.8 6.4 0.7
v 2.8 6.4 0.6
v 2.8 6.4 0.5
v 2.8 6.4 -0.2
v 2.8 6.4 -0.3
v 2.8 6.4 -0.5
v 2.8 6.4 -0.6
v 2.8 6.4 -0.7
v 2.8 6.4 -0.8
v 2.8 6.4 -1
v 2.8 6.4 -1.2
v 2.8 6.6 1.1
v 2.8 6.6 1
v 2.8 6.6 0.8
v 2.8 6.6 0.6
v 2.8 6.6 0.5
v 2.8 6.6 0.3
v 2.8 6.6 0
v 2.8 6.6 -0.3
v 2.8 6.6 -0.4
v 2.8 6.6 -0.5
v 2.8 6.6 -0.6
v 2.8 6.6 -0.8
v 2.8 6.6 -0.9
v 2.8 6.6 -1
v 2.8 6.6 -1.1
v 2.8 6.6 -1.2
v 2.8 6.6 -1.4
v 2.8 6.7 1.4
v 2.8 6.7 1.2
v 2.8 6.7 1
v 2.8 6.7 0.9
v 2.8 6.7 0.6
v 2.8 6.7 0.5
v 2.8 6.7 0.3
v 2.8 6.7 0.2
v 2.8 6.7 -0.5
v 2.8 6.7 -0.6
v 2.8 6.9 1.2
v 2.8 6.9 1.1
v 2.8 6.9 0.9
v 2.8 6.9 0.8
v 2.8 6.9 0.5
v 2.8 6.9 0.4
v 2.8 6.9 0.2
v 2.8 6.9 0.1
v 2.8 6.9 -0.4
v 2.8 6.9 -0.5
v 2.8 6.9 -0.9
v 2.8 6.9 -1
v 2.8 6.9 -1.1
v 2.8 6.9 -1.2
v 2.8 7 1.5
v 2.8 7 1.4
v 2.8 7 0.7
v 2.8 7 0.6
v 2.8 7 0.4
v 2.8 7 0.3
v 2.8 7 0.1
v 2.8 7 0
v 2.8 7 -0.3
v 2.8 7 -0.4
v 2.8 7 -0.6
v 2.8 7 -0.7
v 2.8 7 -1
v 2.8 7 -1.1
v 2.8 7 -1.4
v 2.8 7 -1.5
v 2.8 7.2 1.6
v 2.8 7.2 1.5
v 2.8 7.2 1.1
v 2.8 7.2 0.7
v 2.8 7.2 0.6
v 2.8 7.2 0.3
v 2.8 7.2 0
v 2.8 7.2 -0.3
v 2.8 7.2 -0.4
v 2.8 7.2 -0.6
v 2.8 7.2 -0.7
v 2.8 7.2 -0.8
v 2.8 7.2 -1.1
v 2.8 7.2 -1.2
v 2.8 7.2 -1.5
v 2.8 7.2 -1.6
v -2.7 0 1.7
v -2.7 0.1 1.7
v -2.7 1 1.7
v -2.7 1.8 1.7
v -2.7 3.4 1.7
v -2.7 7.2 1.7
v -2.6 0.1 1.7
v -2.6 0.5 1.7
v -2.6 1 1.7
v -2.6 1.8 1.7
v -2.6 3.4 1.7
v -2.6 7 1.7
v -2.6 7.2 1.7
v -2.6 7.4 1.7
v -2.5 0.3 1.7
v -2.5 0.5 1.7
v -2.5 7 1.7
v -2.5 7.2 1.7
v -2.5 7.3 1.7
v -2.4 0.2 1.7
v -2.4 0.3 1.7
v -2.4 0.7 1.7
v -2.4 0.8 1.7
v -2.4 3 1.7
v -2.4 3.1 1.7
v -2.4 5.3 1.7
v -2.4 5.4 1.7
v -2.4 7.2 1.7
v -2.4 7.3 1.7
v -2.3 0 1.7
v -2.3 0.2 1.7
v -2.3 0.6 1.7
v -2.3 0.7 1.7
v -2.3 0.8 1.7
v -2.3 2.9 1.7
v -2.3 3 1.7
v -2.3 3.1 1.7
v -2.3 5.2 1.7
v -2.3 5.3 1.7
v -2.3 5.4 1.7
v 2.3 0 1.7
v 2.3 0.2 1.7
v 2.3 0.6 1.7
v 2.3 0.7 1.7
v 2.3 0.8 1.7
v 2.3 2.9 1.7
v 2.3 3 1.7
v 2.3 3.1 1.7
v 2.3 5.2 1.7
v 2.3 5.3 1.7
v 2.3 5.4 1.7
v 2.4 0.2 1.7
v 2.4 0.3 1.7
v 2.4 0.7 1.7
v 2.4 0.8 1.7
v 2.4 3 1.7
v 2.4 3.1 1.7
v 2.4 5.3 1.7
v 2.4 5.4 1.7
v 2.4 7.2 1.7
v 2.4 7.3 1.7
v 2.5 0.3 1.7
v 2.5 0.5 1.7
v 2.5 7 1.7
v 2.5 7.2 1.7
v 2.5 7.3 1.7
v 2.6 0.1 1.7
v 2.6 0.5 1.7
v 2.6 1 1.7
v 2.6 1.8 1.7
v 2.6 3.4 1.7
v 2.6 7 1.7
v 2.6 7.2 1.7
v 2.6 7.4 1.7
v 2.7 0 1.7
v 2.7 0.1 1.7
v 2.7 1 1.7
v 2.7 1.8 1.7
v 2.7 3.4 1.7
v 2.7 7.2 1.7
v -2.8 0 1.6
v -2.8 0.3 1.6
v -2.8 1.3 1.6
v -2.8 1.6 1.6
v -2.8 1.8 1.6
v -2.8 2.2 1.6
v -2.8 4 1.6
v -2.8 5.5 1.6
v -2.8 5.7 1.6
v -2.8 7.2 1.6
v -2.7 0 1.6
v -2.7 0.1 1.6
v -2.7 0.3 1.6
v -2.7 1 1.6
v -2.7 1.3 1.6
v -2.7 1.6 1.6
v -2.7 1.8 1.6
v -2.7 2.2 1.6
v -2.7 3.4 1.6
v -2.7 4 1.6
v -2.7 5.5 1.6
v -2.7 5.7 1.6
v -2.7 7.2 1.6
v -2.7 7.4 1.6
v -2.6 0.5 1.6
v -2.6 1 1.6
v -2.6 1.7 1.6
v -2.6 1.8 1.6
v -2.6 2.2 1.6
v -2.6 3.1 1.6
v -2.6 3.2 1.6
v -2.6 3.4 1.6
v -2.6 4 1.6
v -2.6 4.5 1.6
v -2.6 6.2 1.6
v -2.6 6.7 1.6
v -2.6 6.9 1.6
v -2.6 7 1.6
v -2.6 7.2 1.6
v -2.6 7.4 1.6
v -2.5 0.3 1.6
v -2.5 0.5 1.6
v -2.5 0.9 1.6
v -2.5 1.1 1.6
v -2.5 1.3 1.6
v -2.5 1.7 1.6
v -2.5 1.9 1.6
v -2.5 2.2 1.6
v -2.5 3.2 1.6
v -2.5 3.4 1.6
v -2.5 3.6 1.6
v -2.5 4 1.6
v -2.5 4.3 1.6
v -2.5 4.5 1.6
v -2.5 5.4 1.6
v -2.5 5.6 1.6
v -2.5 5.8 1.6
v -2.5 6.2 1.6
v -2.5 6.4 1.6
v -2.5 6.7 1.6
v -2.5 7 1.6
v -2.5 7.1 1.6
v -2.5 7.2 1.6
v -2.5 7.4 1.6
v -2.5 7.5 1.6
v -2.4 0.2 1.6
v -2.4 0.3 1.6
v -2.4 0.7 1.6
v -2.4 0.8 1.6
v -2.4 1.1 1.6
v -2.4 1.3 1.6
v -2.4 1.8 1.6
v -2.4 1.9 1.6
v -2.4 2.3 1.6
v -2.4 3 1.6
v -2.4 3.1 1.6
v -2.4 3.2 1.6
v -2.4 3.4 1.6
v -2.4 3.6 1.6
v -2.4 4.1 1.6
v -2.4 4.3 1.6
v -2.4 4.6 1.6
v -2.4 5.3 1.6
v -2.4 5.4 1.6
v -2.4 5.6 1.6
v -2.4 5.8 1.6
v -2.4 6.3 1.6
v -2.4 6.4 1.6
v -2.4 6.8 1.6
v -2.4 6.9 1.6
v -2.4 7.2 1.6
v -2.4 7.3 1.6
v -2.3 0.2 1.6
v -2.3 0.3 1.6
v -2.3 0.6 1.6
v -2.3 0.7 1.6
v -2.3 0.8 1.6
v -2.3 0.9 1.6
v -2.3 1.8 1.6
v -2.3 2.3 1.6
v -2.3 2.4 1.6
v -2.3 2.5 1.6
v -2.3 2.6 1.6
v -2.3 2.9 1.6
v -2.3 3 1.6
v -2.3 3.1 1.6
v -2.3 3.2 1.6
v -2.3 4.1 1.6
v -2.3 4.6 1.6
v -2.3 4.7 1.6
v -2.3 4.8 1.6
v -2.3 4.9 1.6
v -2.3 5.2 1.6
v -2.3 5.3 1.6
v -2.3 5.4 1.6
v -2.3 6.3 1.6
v -2.3 6.8 1.6
v -2.3 6.9 1.6
v -2.3 7.1 1.6
v -2.3 7.3 1.6
v -2.3 7.4 1.6
v -2.3 7.5 1.6
v -2.2 0.3 1.6
v -2.2 0.5 1.6
v -2.2 2.3 1.6
v -2.2 2.4 1.6
v -2.2 2.6 1.6
v -2.2 2.8 1.6
v -2.2 4.6 1.6
v -2.2 4.7 1.6
v -2.2 4.9 1.6
v -2.2 5.1 1.6
v -2.2 6.8 1.6
v -2.2 6.9 1.6
v -2.2 7 1.6
v -2.1 0.2 1.6
v -2.1 0.3 1.6
v -2.1 2.5 1.6
v -2.1 2.6 1.6
v -2.1 4.8 1.6
v -2.1 4.9 1.6
v -2.1 7 1.6
v -2.1 7.1 1.6
v -2 2.4 1.6
v -2 2.5 1.6
v -2 4.7 1.6
v -2 4.8 1.6
v -1.9 0.2 1.6
v -1.9 0.3 1.6
v -1.9 2.5 1.6
v -1.9 2.6 1.6
v -1.9 4.8 1.6
v -1.9 4.9 1.6
v -1.9 7 1.6
v -1.9 7.1 1.6
v -1.8 0.5 1.6
v -1.8 0.6 1.6
v -1.8 2.8 1.6
v -1.8 2.9 1.6
v -1.8 5.1 1.6
v -1.8 5.2 1.6
v -1.8 7.1 1.6
v -1.8 7.3 1.6
v -1.7 0.2 1.6
v -1.7 0.3 1.6
v -1.7 2.5 1.6
v -1.7 2.6 1.6
v -1.7 4.8 1.6
v -1.7 4.9 1.6
v -1.7 7 1.6
v -1.7 7.1 1.6
v -1.6 0.3 1.6
v -1.6 0.5 1.6
v -1.6 2.6 1.6
v -1.6 2.8 1.6
v -1.6 4.9 1.6
v -1.6 5.1 1.6
v -1.6 7 1.6
v -1.6 7.1 1.6
v -1.6 7.4 1.6
v -1.6 7.5 1.6
v -1.5 0.2 1.6
v -1.5 0.3 1.6
v -1.5 2.5 1.6
v -1.5 2.6 1.6
v -1.5 4.8 1.6
v -1.5 4.9 1.6
v -1.4 0.2 1.6
v -1.4 0.3 1.6
v -1.4 2.5 1.6
v -1.4 2.6 1.6
v -1.4 4.8 1.6
v -1.4 4.9 1.6
v -1.3 6.9 1.6
v -1.3 7 1.6
v -1.2 2.4 1.6
v -1.2 2.5 1.6
v -1.2 4.7 1.6
v -1.2 4.8 1.6
v -1.1 7 1.6
v -1.1 7.1 1.6
v -1.1 7.4 1.6
v -1.1 7.5 1.6
v -1 0.2 1.6
v -1 0.3 1.6
v -1 0.5 1.6
v -1 0.6 1.6
v -1 2.5 1.6
v -1 2.6 1.6
v -1 2.8 1.6
v -1 2.9 1.6
v -1 4.8 1.6
v -1 4.9 1.6
v -1 5.1 1.6
v -1 5.2 1.6
v -0.9 7.1 1.6
v -0.9 7.3 1.6
v -0.8 0.3 1.6
v -0.8 0.5 1.6
v -0.8 2.6 1.6
v -0.8 2.8 1.6
v -0.8 4.9 1.6
v -0.8 5.1 1.6
v -0.8 6.9 1.6
v -0.8 7 1.6
v -0.8 7.4 1.6
v -0.8 7.5 1.6
v -0.7 2.4 1.6
v -0.7 2.5 1.6
v -0.7 4.7 1.6
v -0.7 4.8 1.6
v -0.7 7 1.6
v -0.7 7.1 1.6
v -0.7 7.4 1.6
v -0.7 7.5 1.6
v -0.6 0.2 1.6
v -0.6 0.3 1.6
v -0.6 2.5 1.6
v -0.6 2.6 1.6
v -0.6 4.8 1.6
v -0.6 4.9 1.6
v -0.5 0.2 1.6
v -0.5 0.3 1.6
v -0.5 2.5 1.6
v -0.5 2.6 1.6
v -0.5 4.8 1.6
v -0.5 4.9 1.6
v -0.5 7 1.6
v -0.5 7.1 1.6
v -0.4 0.2 1.6
v -0.4 0.3 1.6
v -0.4 2.4 1.6
v -0.4 2.6 1.6
v -0.4 4.7 1.6
v -0.4 4.9 1.6
v -0.4 6.9 1.6
v -0.4 7.1 1.6
v -0.3 0.2 1.6
v -0.3 0.3 1.6
v -0.3 2.5 1.6
v -0.3 2.6 1.6
v -0.3 4.8 1.6
v -0.3 4.9 1.6
v -0.3 7 1.6
v -0.3 7.1 1.6
v -0.2 0.3 1.6
v -0.2 0.5 1.6
v -0.2 2.6 1.6
v -0.2 2.8 1.6
v -0.2 4.9 1.6
v -0.2 5.1 1.6
v -0.2 7.1 1.6
v -0.2 7.3 1.6
v 0.2 7.4 1.6
v 0.2 7.5 1.6
v 0.5 0.2 1.6
v 0.5 0.3 1.6
v 0.5 0.5 1.6
v 0.5 0.6 1.6
v 0.5 2.4 1.6
v 0.5 2.5 1.6
v 0.5 2.6 1.6
v 0.5 2.8 1.6
v 0.5 2.9 1.6
v 0.5 4.7 1.6
v 0.5 4.8 1.6
v 0.5 4.9 1.6
v 0.5 5.1 1.6
v 0.5 5.2 1.6
v 0.5 7 1.6
v 0.5 7.1 1.6
v 0.6 6.9 1.6
v 0.6 7 1.6
v 1 0.2 1.6
v 1 0.3 1.6
v 1 2.5 1.6
v 1 2.6 1.6
v 1 4.8 1.6
v 1 4.9 1.6
v 1.1 7 1.6
v 1.1 7.1 1.6
v 1.4 0.3 1.6
v 1.4 0.5 1.6
v 1.4 2.4 1.6
v 1.4 2.5 1.6
v 1.4 2.6 1.6
v 1.4 2.8 1.6
v 1.4 4.7 1.6
v 1.4 4.8 1.6
v 1.4 4.9 1.6
v 1.4 5.1 1.6
v 1.5 0.2 1.6
v 1.5 0.3 1.6
v 1.5 2.5 1.6
v 1.5 2.6 1.6
v 1.5 4.8 1.6
v 1.5 4.9 1.6
v 1.5 6.9 1.6
v 1.5 7 1.6
v 1.5 7.1 1.6
v 1.5 7.3 1.6
v 1.5 7.4 1.6
v 1.5 7.5 1.6
v 1.6 2.4 1.6
v 1.6 2.5 1.6
v 1.6 4.7 1.6
v 1.6 4.8 1.6
v 1.7 7 1.6
v 1.7 7.1 1.6
v 1.8 6.9 1.6
v 1.8 7 1.6
v 2 7.4 1.6
v 2 7.5 1.6
v 2.1 0.3 1.6
v 2.1 0.5 1.6
v 2.1 2.6 1.6
v 2.1 2.8 1.6
v 2.1 4.9 1.6
v 2.1 5.1 1.6
v 2.2 0.2 1.6
v 2.2 0.3 1.6
v 2.2 2.3 1.6
v 2.2 2.4 1.6
v 2.2 2.5 1.6
v 2.2 2.6 1.6
v 2.2 4.6 1.6
v 2.2 4.7 1.6
v 2.2 4.8 1.6
v 2.2 4.9 1.6
v 2.2 6.8 1.6
v 2.2 6.9 1.6
v 2.3 0.2 1.6
v 2.3 0.3 1.6
v 2.3 0.5 1.6
v 2.3 0.6 1.6
v 2.3 0.7 1.6
v 2.3 0.8 1.6
v 2.3 0.9 1.6
v 2.3 1.8 1.6
v 2.3 2.3 1.6
v 2.3 2.6 1.6
v 2.3 2.8 1.6
v 2.3 2.9 1.6
v 2.3 3 1.6
v 2.3 3.1 1.6
v 2.3 3.2 1.6
v 2.3 4.1 1.6
v 2.3 4.6 1.6
v 2.3 4.9 1.6
v 2.3 5.1 1.6
v 2.3 5.2 1.6
v 2.3 5.3 1.6
v 2.3 5.4 1.6
v 2.3 6.3 1.6
v 2.3 6.8 1.6
v 2.3 6.9 1.6
v 2.3 7 1.6
v 2.3 7.1 1.6
v 2.3 7.3 1.6
v 2.3 7.4 1.6
v 2.3 7.5 1.6
v 2.4 0.2 1.6
v 2.4 0.3 1.6
v 2.4 0.7 1.6
v 2.4 0.8 1.6
v 2.4 1.1 1.6
v 2.4 1.3 1.6
v 2.4 1.8 1.6
v 2.4 1.9 1.6
v 2.4 2.3 1.6
v 2.4 3 1.6
v 2.4 3.1 1.6
v 2.4 3.2 1.6
v 2.4 3.4 1.6
v 2.4 3.6 1.6
v 2.4 4.1 1.6
v 2.4 4.3 1.6
v 2.4 4.6 1.6
v 2.4 5.3 1.6
v 2.4 5.4 1.6
v 2.4 5.6 1.6
v 2.4 5.8 1.6
v 2.4 6.3 1.6
v 2.4 6.4 1.6
v 2.4 6.8 1.6
v 2.4 6.9 1.6
v 2.4 7.2 1.6
v 2.4 7.3 1.6
v 2.5 0.3 1.6
v 2.5 0.5 1.6
v 2.5 0.9 1.6
v 2.5 1.1 1.6
v 2.5 1.3 1.6
v 2.5 1.7 1.6
v 2.5 1.9 1.6
v 2.5 2.2 1.6
v 2.5 3.2 1.6
v 2.5 3.4 1.6
v 2.5 3.6 1.6
v 2.5 4 1.6
v 2.5 4.3 1.6
v 2.5 4.5 1.6
v 2.5 5.4 1.6
v 2.5 5.6 1.6
v 2.5 5.8 1.6
v 2.5 6.2 1.6
v 2.5 6.4 1.6
v 2.5 6.7 1.6
v 2.5 7 1.6
v 2.5 7.1 1.6
v 2.5 7.2 1.6
v 2.5 7.4 1.6
v 2.5 7.5 1.6
v 2.6 0.5 1.6
v 2.6 1 1.6
v 2.6 1.7 1.6
v 2.6 1.8 1.6
v 2.6 2.2 1.6
v 2.6 3.1 1.6
v 2.6 3.2 1.6
v 2.6 3.4 1.6
v 2.6 4 1.6
v 2.6 4.5 1.6
v 2.6 6.2 1.6
v 2.6 6.7 1.6
v 2.6 7 1.6
v 2.6 7.2 1.6
v 2.6 7.4 1.6
v 2.7 0 1.6
v 2.7 0.1 1.6
v 2.7 0.3 1.6
v 2.7 1 1.6
v 2.7 1.3 1.6
v 2.7 1.6 1.6
v 2.7 1.8 1.6
v 2.7 2.2 1.6
v 2.7 3.4 1.6
v 2.7 4 1.6
v 2.7 5.5 1.6
v 2.7 5.7 1.6
v 2.7 7.2 1.6
v 2.7 7.4 1.6
v 2.8 0 1.6
v 2.8 0.3 1.6
v 2.8 1.3 1.6
v 2.8 1.6 1.6
v 2.8 1.8 1.6
v 2.8 2.2 1.6
v 2.8 4 1.6
v 2.8 5.5 1.6
v 2.8 5.7 1.6
v 2.8 7.2 1.6
v -2.6 7.4 1.5
v -2.6 7.5 1.5
v -2.5 7.4 1.5
v -2.5 7.5 1.5
v 2.5 7.4 1.5
v 2.5 7.5 1.5
v 2.6 7.4 1.5
v 2.6 7.5 1.5
v -2.5 0.2 1.4
v -2.5 0.4 1.4
v -2.5 0.7 1.4
v -2.4 0.2 1.4
v -2.4 0.3 1.4
v -2.4 0.4 1.4
v -2.4 0.6 1.4
v -2.4 0.7 1.4
v -2.4 7.5 1.4
v -2.4 7.6 1.4
v -2.1 7.5 1.4
v -2.1 7.6 1.4
v -1.4 7.5 1.4
v -1.4 7.6 1.4
v -0.9 7.5 1.4
v -0.9 7.6 1.4
v -0.7 7.5 1.4
v -0.7 7.6 1.4
v -0.5 7.5 1.4
v -0.5 7.6 1.4
v -0.3 7.5 1.4
v -0.3 7.6 1.4
v 2.38419e-07 7.5 1.4
v 2.38419e-07 7.6 1.4
v 0.5 7.5 1.4
v 0.5 7.6 1.4
v 0.8 7.5 1.4
v 0.8 7.6 1.4
v 1.1 7.5 1.4
v 1.2 7.5 1.4
v 1.4 7.5 1.4
v 1.4 7.6 1.4
v 1.6 7.5 1.4
v 1.6 7.6 1.4
v 1.7 7.5 1.4
v 1.7 7.6 1.4
v 1.8 7.5 1.4
v 1.8 7.6 1.4
v 2.3 7.5 1.4
v 2.4 0.2 1.4
v 2.4 0.3 1.4
v 2.4 0.4 1.4
v 2.4 0.5 1.4
v 2.4 0.6 1.4
v 2.4 0.7 1.4
v 2.4 7.5 1.4
v 2.4 7.6 1.4
v 2.5 0.2 1.4
v 2.5 0.3 1.4
v 2.5 0.4 1.4
v 2.5 0.6 1.4
v 2.5 0.7 1.4
v -2.5 7.5 1.3
v -2.5 7.6 1.3
v -2.4 7.5 1.3
v -2.4 7.6 1.3
v 2.4 7.5 1.3
v 2.4 7.6 1.3
v 2.5 7.5 1.3
v 2.5 7.6 1.3
v -2.3 0 -0.8
v -2.3 0.2 -0.8
v 2.3 0 -0.8
v 2.3 0.2 -0.8
v -2.5 0.2 -1.5
v -2.5 0.7 -1.5
v -2.4 0.2 -1.5
v -2.4 0.3 -1.5
v -2.4 0.6 -1.5
v -2.4 0.7 -1.5
v 2.4 0.2 -1.5
v 2.4 0.3 -1.5
v 2.4 0.6 -1.5
v 2.4 0.7 -1.5
v 2.5 0.2 -1.5
v 2.5 0.7 -1.5
v -2.3 0.8 -1.6
v -2.3 1.3 -1.6
v -2.3 2.1 -1.6
v -2.3 2.2 -1.6
v -2.3 2.3 -1.6
v -2.3 2.4 -1.6
v -2.3 3.1 -1.6
v -2.3 3.6 -1.6
v -2.3 4.3 -1.6
v -2.3 4.4 -1.6
v -2.3 4.6 -1.6
v -2.3 4.7 -1.6
v -2.3 5.4 -1.6
v -2.3 5.8 -1.6
v -2.3 6.4 -1.6
v -2.3 6.6 -1.6
v -2.3 6.8 -1.6
v -2.3 6.9 -1.6
v -2.1 1.3 -1.6
v -2.1 1.8 -1.6
v -2.1 2.2 -1.6
v -2.1 2.4 -1.6
v -2.1 3.1 -1.6
v -2.1 3.3 -1.6
v -2.1 4.3 -1.6
v -2.1 4.7 -1.6
v -2.1 6.4 -1.6
v -2.1 6.6 -1.6
v -2 0.8 -1.6
v -2 1 -1.6
v -2 1.8 -1.6
v -2 2.1 -1.6
v -2 3.3 -1.6
v -2 3.6 -1.6
v -2 5.4 -1.6
v -2 5.8 -1.6
v -2 6.6 -1.6
v -2 6.9 -1.6
v -1.9 1 -1.6
v -1.9 2.1 -1.6
v -1.9 3.6 -1.6
v -1.9 3.7 -1.6
v -1.9 4.2 -1.6
v -1.9 4.5 -1.6
v -1.9 5.4 -1.6
v -1.9 5.5 -1.6
v -1.9 5.8 -1.6
v -1.9 6.1 -1.6
v -1.9 6.4 -1.6
v -1.9 6.6 -1.6
v -1.9 6.9 -1.6
v -1.8 0.8 -1.6
v -1.8 3.1 -1.6
v -1.8 5.4 -1.6
v -1.7 0.9 -1.6
v -1.7 2.4 -1.6
v -1.7 3.1 -1.6
v -1.7 3.3 -1.6
v -1.7 3.7 -1.6
v -1.7 4 -1.6
v -1.7 4.2 -1.6
v -1.7 4.3 -1.6
v -1.7 4.5 -1.6
v -1.7 4.7 -1.6
v -1.7 5.5 -1.6
v -1.7 6 -1.6
v -1.7 6.1 -1.6
v -1.7 6.4 -1.6
v -1.6 0.8 -1.6
v -1.6 0.9 -1.6
v -1.6 3.3 -1.6
v -1.6 3.6 -1.6
v -1.6 4 -1.6
v -1.6 4.2 -1.6
v -1.6 4.3 -1.6
v -1.6 4.7 -1.6
v -1.6 6 -1.6
v -1.6 6.4 -1.6
v -1.6 6.6 -1.6
v -1.6 6.7 -1.6
v -1.4 1.5 -1.6
v -1.4 2.4 -1.6
v -1.4 3.6 -1.6
v -1.4 3.7 -1.6
v -1.4 4.2 -1.6
v -1.4 4.6 -1.6
v -1.4 5.4 -1.6
v -1.4 5.5 -1.6
v -1.4 6.4 -1.6
v -1.4 6.6 -1.6
v -1.4 6.7 -1.6
v -1.4 6.9 -1.6
v -1.3 1.3 -1.6
v -1.3 1.5 -1.6
v -1.3 2.4 -1.6
v -1.3 3.7 -1.6
v -1.3 4 -1.6
v -1.3 4.6 -1.6
v -1.3 4.7 -1.6
v -1.3 5.4 -1.6
v -1.3 5.5 -1.6
v -1.2 0.8 -1.6
v -1.2 2.3 -1.6
v -1.2 2.4 -1.6
v -1.2 3.1 -1.6
v -1.2 5.4 -1.6
v -1.1 1.3 -1.6
v -1.1 2.3 -1.6
v -1.1 4 -1.6
v -1.1 4.6 -1.6
v -1.1 5.4 -1.6
v -1.1 5.7 -1.6
v -1.1 6.6 -1.6
v -1.1 6.7 -1.6
v -1 0.8 -1.6
v -1 0.9 -1.6
v -1 3.1 -1.6
v -1 3.6 -1.6
v -1 4.6 -1.6
v -1 4.7 -1.6
v -1 5.7 -1.6
v -1 6.4 -1.6
v -1 6.7 -1.6
v -1 6.9 -1.6
v -0.9 0.8 -1.6
v -0.9 0.9 -1.6
v -0.9 2.4 -1.6
v -0.9 3.1 -1.6
v -0.9 3.6 -1.6
v -0.9 4.7 -1.6
v -0.9 5.4 -1.6
v -0.9 6.4 -1.6
v -0.9 6.6 -1.6
v -0.8 0.8 -1.6
v -0.8 0.9 -1.6
v -0.8 1.5 -1.6
v -0.8 3.1 -1.6
v -0.8 3.2 -1.6
v -0.8 3.7 -1.6
v -0.8 4.5 -1.6
v -0.8 4.7 -1.6
v -0.8 5.4 -1.6
v -0.8 5.5 -1.6
v -0.7 1.5 -1.6
v -0.7 2.4 -1.6
v -0.7 3.1 -1.6
v -0.7 3.2 -1.6
v -0.7 3.4 -1.6
v -0.7 3.7 -1.6
v -0.7 3.9 -1.6
v -0.7 4.5 -1.6
v -0.7 5.5 -1.6
v -0.7 5.7 -1.6
v -0.7 6.6 -1.6
v -0.7 6.7 -1.6
v -0.6 3.1 -1.6
v -0.6 3.4 -1.6
v -0.6 5.6 -1.6
v -0.6 5.7 -1.6
v -0.6 6.2 -1.6
v -0.6 6.9 -1.6
v -0.5 0.8 -1.6
v -0.5 1 -1.6
v -0.5 1.6 -1.6
v -0.5 2.4 -1.6
v -0.5 3.1 -1.6
v -0.5 3.8 -1.6
v -0.5 3.9 -1.6
v -0.5 4.7 -1.6
v -0.5 5.4 -1.6
v -0.5 5.6 -1.6
v -0.5 5.7 -1.6
v -0.5 6.2 -1.6
v -0.5 6.5 -1.6
v -0.4 0.8 -1.6
v -0.4 1 -1.6
v -0.4 1.6 -1.6
v -0.4 1.8 -1.6
v -0.4 3.1 -1.6
v -0.4 3.8 -1.6
v -0.4 6.5 -1.6
v -0.4 6.6 -1.6
v -0.4 6.7 -1.6
v -0.4 6.9 -1.6
v -0.3 0.8 -1.6
v -0.3 1.6 -1.6
v -0.3 1.8 -1.6
v -0.3 2.4 -1.6
v -0.3 4.2 -1.6
v -0.3 4.7 -1.6
v -0.3 5.4 -1.6
v -0.3 5.5 -1.6
v -0.3 6.6 -1.6
v -0.3 6.7 -1.6
v -0.2 1.6 -1.6
v -0.2 1.7 -1.6
v -0.2 5.5 -1.6
v -0.2 6.4 -1.6
v -0.2 6.7 -1.6
v -0.2 6.8 -1.6
v -0.0999999 1.3 -1.6
v -0.0999999 1.5 -1.6
v -0.0999999 1.7 -1.6
v -0.0999999 2.4 -1.6
v -0.0999999 3.7 -1.6
v -0.0999999 4.2 -1.6
v -0.0999999 4.6 -1.6
v -0.0999999 4.7 -1.6
v -0.0999999 5.4 -1.6
v -0.0999999 5.5 -1.6
v -0.0999999 6.4 -1.6
v -0.0999999 6.5 -1.6
v -0.0999999 6.8 -1.6
v -0.0999999 6.9 -1.6
v 2.38419e-07 0.8 -1.6
v 2.38419e-07 1 -1.6
v 2.38419e-07 1.3 -1.6
v 2.38419e-07 1.5 -1.6
v 2.38419e-07 2.1 -1.6
v 2.38419e-07 3.3 -1.6
v 2.38419e-07 3.7 -1.6
v 2.38419e-07 4.2 -1.6
v 2.38419e-07 4.6 -1.6
v 2.38419e-07 5.5 -1.6
v 2.38419e-07 6 -1.6
v 2.38419e-07 6.5 -1.6
v 2.38419e-07 6.7 -1.6
v 2.38419e-07 6.9 -1.6
v 0.1 0.8 -1.6
v 0.1 1 -1.6
v 0.1 1.2 -1.6
v 0.1 1.5 -1.6
v 0.1 2.1 -1.6
v 0.1 3.1 -1.6
v 0.1 3.3 -1.6
v 0.1 3.7 -1.6
v 0.1 4.2 -1.6
v 0.1 4.5 -1.6
v 0.1 4.7 -1.6
v 0.1 6 -1.6
v 0.1 6.4 -1.6
v 0.2 1 -1.6
v 0.2 1.1 -1.6
v 0.2 3.5 -1.6
v 0.2 3.7 -1.6
v 0.2 6.7 -1.6
v 0.2 6.9 -1.6
v 0.3 0.8 -1.6
v 0.3 0.9 -1.6
v 0.3 1.1 -1.6
v 0.3 1.2 -1.6
v 0.3 3.1 -1.6
v 0.3 3.5 -1.6
v 0.3 4.5 -1.6
v 0.3 4.7 -1.6
v 0.4 0.8 -1.6
v 0.4 0.9 -1.6
v 0.4 1 -1.6
v 0.4 2.4 -1.6
v 0.4 3.1 -1.6
v 0.4 3.7 -1.6
v 0.4 5.4 -1.6
v 0.4 6 -1.6
v 0.4 6.4 -1.6
v 0.4 6.7 -1.6
v 0.4 6.9 -1.6
v 0.5 1.6 -1.6
v 0.5 2.4 -1.6
v 0.5 3.7 -1.6
v 0.5 3.9 -1.6
v 0.5 5.8 -1.6
v 0.5 6 -1.6
v 0.5 6.3 -1.6
v 0.5 6.5 -1.6
v 0.6 1.1 -1.6
v 0.6 1.6 -1.6
v 0.6 2.3 -1.6
v 0.6 2.4 -1.6
v 0.6 3.1 -1.6
v 0.6 3.3 -1.6
v 0.6 3.9 -1.6
v 0.6 4 -1.6
v 0.6 5.7 -1.6
v 0.6 5.8 -1.6
v 0.6 6.2 -1.6
v 0.6 6.3 -1.6
v 0.6 6.4 -1.6
v 0.6 6.5 -1.6
v 0.7 0.9 -1.6
v 0.7 1 -1.6
v 0.7 2.3 -1.6
v 0.7 2.4 -1.6
v 0.7 3.3 -1.6
v 0.7 3.6 -1.6
v 0.7 4 -1.6
v 0.7 4.2 -1.6
v 0.7 4.4 -1.6
v 0.7 4.7 -1.6
v 0.7 5.4 -1.6
v 0.7 5.7 -1.6
v 0.7 6 -1.6
v 0.7 6.2 -1.6
v 0.7 6.3 -1.6
v 0.7 6.4 -1.6
v 0.7 6.6 -1.6
v 0.7 6.7 -1.6
v 0.8 1.1 -1.6
v 0.8 2.4 -1.6
v 0.8 3.1 -1.6
v 0.8 3.6 -1.6
v 0.8 4.2 -1.6
v 0.8 4.4 -1.6
v 0.8 5.7 -1.6
v 0.8 6 -1.6
v 0.8 6.1 -1.6
v 0.8 6.3 -1.6
v 0.9 0.8 -1.6
v 0.9 0.9 -1.6
v 0.9 2.4 -1.6
v 0.9 3.6 -1.6
v 0.9 4.7 -1.6
v 0.9 5.5 -1.6
v 0.9 5.7 -1.6
v 0.9 5.8 -1.6
v 0.9 6.1 -1.6
v 0.9 6.4 -1.6
v 0.9 6.6 -1.6
v 1 0.8 -1.6
v 1 0.9 -1.6
v 1 3.1 -1.6
v 1 3.6 -1.6
v 1 4.6 -1.6
v 1 4.7 -1.6
v 1 5.5 -1.6
v 1 5.7 -1.6
v 1 5.8 -1.6
v 1 6.4 -1.6
v 1 6.7 -1.6
v 1 6.9 -1.6
v 1.1 1.3 -1.6
v 1.1 1.6 -1.6
v 1.1 1.9 -1.6
v 1.1 2.4 -1.6
v 1.1 4 -1.6
v 1.1 4.6 -1.6
v 1.1 5.4 -1.6
v 1.1 5.7 -1.6
v 1.1 6.6 -1.6
v 1.1 6.7 -1.6
v 1.2 1.3 -1.6
v 1.2 1.6 -1.6
v 1.2 1.9 -1.6
v 1.3 1.5 -1.6
v 1.3 1.6 -1.6
v 1.3 3.7 -1.6
v 1.3 4 -1.6
v 1.3 4.6 -1.6
v 1.3 4.7 -1.6
v 1.3 5.4 -1.6
v 1.3 5.5 -1.6
v 1.4 1.5 -1.6
v 1.4 2.4 -1.6
v 1.4 3.6 -1.6
v 1.4 3.7 -1.6
v 1.4 4.2 -1.6
v 1.4 4.6 -1.6
v 1.4 5.4 -1.6
v 1.4 5.5 -1.6
v 1.4 6.4 -1.6
v 1.4 6.6 -1.6
v 1.4 6.7 -1.6
v 1.4 6.9 -1.6
v 1.6 0.8 -1.6
v 1.6 0.9 -1.6
v 1.6 3.1 -1.6
v 1.6 3.3 -1.6
v 1.6 3.6 -1.6
v 1.6 4 -1.6
v 1.6 4.2 -1.6
v 1.6 4.3 -1.6
v 1.6 4.7 -1.6
v 1.6 5.4 -1.6
v 1.6 6 -1.6
v 1.6 6.4 -1.6
v 1.6 6.6 -1.6
v 1.6 6.7 -1.6
v 1.7 0.8 -1.6
v 1.7 0.9 -1.6
v 1.7 2.4 -1.6
v 1.7 3.1 -1.6
v 1.7 3.3 -1.6
v 1.7 3.7 -1.6
v 1.7 4 -1.6
v 1.7 4.2 -1.6
v 1.7 4.3 -1.6
v 1.7 4.5 -1.6
v 1.7 4.7 -1.6
v 1.7 5.4 -1.6
v 1.7 5.5 -1.6
v 1.7 6 -1.6
v 1.7 6.3 -1.6
v 1.7 6.4 -1.6
v 1.8 2.4 -1.6
v 1.8 4.7 -1.6
v 1.9 1 -1.6
v 1.9 2.1 -1.6
v 1.9 3.6 -1.6
v 1.9 3.7 -1.6
v 1.9 4.2 -1.6
v 1.9 4.5 -1.6
v 1.9 5.8 -1.6
v 1.9 6.3 -1.6
v 1.9 6.4 -1.6
v 1.9 6.6 -1.6
v 1.9 6.9 -1.6
v 2 0.8 -1.6
v 2 1 -1.6
v 2 1.8 -1.6
v 2 2.1 -1.6
v 2 3.3 -1.6
v 2 3.6 -1.6
v 2 5.5 -1.6
v 2 5.8 -1.6
v 2 6.9 -1.6
v 2.1 1.3 -1.6
v 2.1 1.8 -1.6
v 2.1 2.2 -1.6
v 2.1 2.4 -1.6
v 2.1 3.1 -1.6
v 2.1 3.3 -1.6
v 2.1 4.3 -1.6
v 2.1 4.7 -1.6
v 2.1 6.4 -1.6
v 2.1 6.6 -1.6
v 2.3 0.8 -1.6
v 2.3 1.3 -1.6
v 2.3 2.1 -1.6
v 2.3 2.2 -1.6
v 2.3 2.3 -1.6
v 2.3 2.4 -1.6
v 2.3 3.1 -1.6
v 2.3 3.6 -1.6
v 2.3 4.3 -1.6
v 2.3 4.4 -1.6
v 2.3 4.6 -1.6
v 2.3 4.7 -1.6
v 2.3 5.4 -1.6
v 2.3 5.8 -1.6
v 2.3 6.4 -1.6
v 2.3 6.6 -1.6
v 2.3 6.8 -1.6
v 2.3 6.9 -1.6
v -2.5 0.2 1.5
v -2.5 0.7 1.5
v -2.4 0.2 1.5
v -2.4 0.3 1.5
v -2.4 0.6 1.5
v -2.4 0.7 1.5
v -2.3 2.3 1.5
v -2.3 2.4 1.5
v -2.3 4.6 1.5
v -2.3 4.7 1.5
v -2.3 6.8 1.5
v -2.3 6.9 1.5
v -2.2 2.3 1.5
v -2.2 2.4 1.5
v -2.2 4.6 1.5
v -2.2 4.7 1.5
v -2.2 6.8 1.5
v -2.2 6.9 1.5
v 2.2 2.3 1.5
v 2.2 2.4 1.5
v 2.2 4.6 1.5
v 2.2 4.7 1.5
v 2.2 6.8 1.5
v 2.2 6.9 1.5
v 2.3 2.3 1.5
v 2.3 2.4 1.5
v 2.3 4.6 1.5
v 2.3 4.7 1.5
v 2.3 6.8 1.5
v 2.3 6.9 1.5
v 2.4 0.2 1.5
v 2.4 0.3 1.5
v 2.4 0.5 1.5
v 2.4 0.6 1.5
v 2.4 0.7 1.5
v 2.5 0.2 1.5
v 2.5 0.7 1.5
v -2.5 7.5 -1.3
v -2.5 7.6 -1.3
v -2.4 7.5 -1.3
v -2.4 7.6 -1.3
v 2.4 7.5 -1.3
v 2.4 7.6 -1.3
v 2.5 7.5 -1.3
v 2.5 7.6 -1.3
v -2.5 0.2 -1.4
v -2.5 0.7 -1.4
v -2.4 0.2 -1.4
v -2.4 0.3 -1.4
v -2.4 0.6 -1.4
v -2.4 0.7 -1.4
v -2.4 7.5 -1.4
v -2.4 7.6 -1.4
v -2.1 7.5 -1.4
v -2.1 7.6 -1.4
v -1.4 7.5 -1.4
v -1.4 7.6 -1.4
v -0.9 7.5 -1.4
v -0.9 7.6 -1.4
v -0.7 7.5 -1.4
v -0.7 7.6 -1.4
v -0.5 7.5 -1.4
v -0.5 7.6 -1.4
v -0.3 7.5 -1.4
v -0.3 7.6 -1.4
v 2.38419e-07 7.5 -1.4
v 2.38419e-07 7.6 -1.4
v 0.5 7.5 -1.4
v 0.5 7.6 -1.4
v 0.9 7.5 -1.4
v 0.9 7.6 -1.4
v 1.4 7.5 -1.4
v 1.4 7.6 -1.4
v 1.8 7.5 -1.4
v 1.8 7.6 -1.4
v 2.3 7.5 -1.4
v 2.4 0.2 -1.4
v 2.4 0.3 -1.4
v 2.4 0.4 -1.4
v 2.4 0.6 -1.4
v 2.4 0.7 -1.4
v 2.4 7.5 -1.4
v 2.4 7.6 -1.4
v 2.5 0.2 -1.4
v 2.5 0.3 -1.4
v 2.5 0.4 -1.4
v 2.5 0.7 -1.4
v 2.5 7.4 -1.4
v 2.5 7.5 -1.4
v 2.6 7.4 -1.4
v 2.6 7.5 -1.4
v -2.6 7.4 -1.5
v -2.6 7.5 -1.5
v -2.5 7.4 -1.5
v -2.5 7.5 -1.5
v -2.8 0 -1.6
v -2.8 0.3 -1.6
v -2.8 1.3 -1.6
v -2.8 1.6 -1.6
v -2.8 1.8 -1.6
v -2.8 2.2 -1.6
v -2.8 3.6 -1.6
v -2.8 5.5 -1.6
v -2.8 5.7 -1.6
v -2.8 7.2 -1.6
v -2.7 0 -1.6
v -2.7 0.1 -1.6
v -2.7 0.3 -1.6
v -2.7 1 -1.6
v -2.7 1.3 -1.6
v -2.7 1.6 -1.6
v -2.7 1.8 -1.6
v -2.7 2.2 -1.6
v -2.7 3.4 -1.6
v -2.7 3.6 -1.6
v -2.7 5.5 -1.6
v -2.7 5.7 -1.6
v -2.7 7.2 -1.6
v -2.7 7.4 -1.6
v -2.6 7.2 -1.6
v -2.6 7.4 -1.6
v -2.5 7.4 -1.6
v -2.5 7.5 -1.6
v -2.3 7.4 -1.6
v -2.3 7.5 -1.6
v -2.1 7.4 -1.6
v -1.6 7.4 -1.6
v -1.6 7.5 -1.6
v -1.2 7.4 -1.6
v -1.1 7.4 -1.6
v -1.1 7.5 -1.6
v -0.8 7.4 -1.6
v -0.8 7.5 -1.6
v -0.7 7.4 -1.6
v -0.7 7.5 -1.6
v -0.3 7.4 -1.6
v -0.3 7.5 -1.6
v -0.2 7.4 -1.6
v -0.2 7.5 -1.6
v 0.2 7.4 -1.6
v 0.2 7.5 -1.6
v 0.6 7.4 -1.6
v 0.8 7.4 -1.6
v 0.8 7.5 -1.6
v 0.9 7.4 -1.6
v 1.2 7.4 -1.6
v 1.2 7.5 -1.6
v 1.5 7.4 -1.6
v 1.5 7.5 -1.6
v 2 7.4 -1.6
v 2 7.5 -1.6
v 2.2 7.4 -1.6
v 2.3 7.4 -1.6
v 2.3 7.5 -1.6
v 2.4 7.4 -1.6
v 2.5 7.4 -1.6
v 2.5 7.5 -1.6
v 2.6 7.2 -1.6
v 2.6 7.4 -1.6
v 2.7 0 -1.6
v 2.7 0.3 -1.6
v 2.7 0.9 -1.6
v 2.7 1.3 -1.6
v 2.7 1.5 -1.6
v 2.7 1.6 -1.6
v 2.7 1.8 -1.6
v 2.7 1.9 -1.6
v 2.7 2.1 -1.6
v 2.7 2.2 -1.6
v 2.7 3.3 -1.6
v 2.7 3.6 -1.6
v 2.7 3.9 -1.6
v 2.7 4.2 -1.6
v 2.7 5.1 -1.6
v 2.7 5.5 -1.6
v 2.7 5.7 -1.6
v 2.7 5.8 -1.6
v 2.7 6.3 -1.6
v 2.7 7 -1.6
v 2.7 7.2 -1.6
v 2.7 7.4 -1.6
v 2.8 0 -1.6
v 2.8 0.3 -1.6
v 2.8 1.3 -1.6
v 2.8 1.6 -1.6
v 2.8 1.8 -1.6
v 2.8 2.2 -1.6
v 2.8 3.6 -1.6
v 2.8 5.5 -1.6
v 2.8 5.7 -1.6
v 2.8 7.2 -1.6
v -2.7 0 -1.7
v -2.7 0.1 -1.7
v -2.7 1 -1.7
v -2.7 1.8 -1.7
v -2.7 3.4 -1.7
v -2.7 7.2 -1.7
v -2.6 0.1 -1.7
v -2.6 0.3 -1.7
v -2.6 1 -1.7
v -2.6 1.3 -1.7
v -2.6 1.6 -1.7
v -2.6 1.8 -1.7
v -2.6 2.2 -1.7
v -2.6 3.4 -1.7
v -2.6 3.6 -1.7
v -2.6 5.5 -1.7
v -2.6 5.7 -1.7
v -2.6 7.2 -1.7
v -2.6 7.4 -1.7
v -2.5 0.3 -1.7
v -2.5 0.9 -1.7
v -2.5 1.3 -1.7
v -2.5 1.5 -1.7
v -2.5 1.6 -1.7
v -2.5 1.8 -1.7
v -2.5 1.9 -1.7
v -2.5 2.1 -1.7
v -2.5 2.2 -1.7
v -2.5 3.3 -1.7
v -2.5 3.6 -1.7
v -2.5 3.9 -1.7
v -2.5 4.8 -1.7
v -2.5 5.1 -1.7
v -2.5 5.5 -1.7
v -2.5 5.7 -1.7
v -2.5 5.8 -1.7
v -2.5 6.3 -1.7
v -2.5 7 -1.7
v -2.5 7.3 -1.7
v -2.3 0.1 -1.7
v -2.3 0.4 -1.7
v -2.3 0.9 -1.7
v -2.3 1.3 -1.7
v -2.3 1.5 -1.7
v -2.3 1.9 -1.7
v -2.3 2.1 -1.7
v -2.3 2.2 -1.7
v -2.3 3.3 -1.7
v -2.3 3.9 -1.7
v -2.3 4.3 -1.7
v -2.3 4.8 -1.7
v -2.3 5.8 -1.7
v -2.3 6.3 -1.7
v -2.3 6.4 -1.7
v -2.3 6.6 -1.7
v -2.3 7.2 -1.7
v -2.3 7.3 -1.7
v -2.3 7.4 -1.7
v -2.2 7.2 -1.7
v -2.2 7.3 -1.7
v -2.1 0.1 -1.7
v -2.1 0.4 -1.7
v -2.1 1.3 -1.7
v -2.1 1.8 -1.7
v -2.1 2.2 -1.7
v -2.1 2.5 -1.7
v -2.1 3.1 -1.7
v -2.1 3.3 -1.7
v -2.1 4.3 -1.7
v -2.1 4.9 -1.7
v -2.1 5.1 -1.7
v -2.1 5.4 -1.7
v -2.1 6.4 -1.7
v -2.1 6.6 -1.7
v -2.1 6.9 -1.7
v -2.1 7 -1.7
v -2.1 7.3 -1.7
v -2.1 7.4 -1.7
v -2 0.6 -1.7
v -2 1 -1.7
v -2 1.8 -1.7
v -2 2.1 -1.7
v -2 2.5 -1.7
v -2 3.1 -1.7
v -2 3.3 -1.7
v -2 3.6 -1.7
v -2 4.9 -1.7
v -2 5.2 -1.7
v -2 5.4 -1.7
v -2 5.8 -1.7
v -2 6.6 -1.7
v -2 6.9 -1.7
v -2 7.2 -1.7
v -2 7.3 -1.7
v -1.9 0.3 -1.7
v -1.9 0.6 -1.7
v -1.9 1 -1.7
v -1.9 2.1 -1.7
v -1.9 3.6 -1.7
v -1.9 3.7 -1.7
v -1.9 4.2 -1.7
v -1.9 4.5 -1.7
v -1.9 5.2 -1.7
v -1.9 5.5 -1.7
v -1.9 5.8 -1.7
v -1.9 6.1 -1.7
v -1.9 6.4 -1.7
v -1.9 6.6 -1.7
v -1.9 7.1 -1.7
v -1.8 7.2 -1.7
v -1.8 7.3 -1.7
v -1.7 0.1 -1.7
v -1.7 0.3 -1.7
v -1.7 0.9 -1.7
v -1.7 3.3 -1.7
v -1.7 3.7 -1.7
v -1.7 4 -1.7
v -1.7 4.2 -1.7
v -1.7 4.3 -1.7
v -1.7 4.5 -1.7
v -1.7 4.9 -1.7
v -1.7 5.5 -1.7
v -1.7 6 -1.7
v -1.7 6.1 -1.7
v -1.7 6.4 -1.7
v -1.7 7 -1.7
v -1.7 7.1 -1.7
v -1.6 0.3 -1.7
v -1.6 0.9 -1.7
v -1.6 3 -1.7
v -1.6 3.1 -1.7
v -1.6 3.3 -1.7
v -1.6 3.6 -1.7
v -1.6 4 -1.7
v -1.6 4.2 -1.7
v -1.6 4.3 -1.7
v -1.6 4.8 -1.7
v -1.6 4.9 -1.7
v -1.6 5.4 -1.7
v -1.6 6 -1.7
v -1.6 6.4 -1.7
v -1.6 6.6 -1.7
v -1.6 6.7 -1.7
v -1.6 7 -1.7
v -1.6 7.1 -1.7
v -1.6 7.3 -1.7
v -1.6 7.4 -1.7
v -1.5 7.1 -1.7
v -1.5 7.2 -1.7
v -1.4 0.1 -1.7
v -1.4 0.3 -1.7
v -1.4 1.5 -1.7
v -1.4 2.7 -1.7
v -1.4 3 -1.7
v -1.4 3.1 -1.7
v -1.4 3.6 -1.7
v -1.4 3.7 -1.7
v -1.4 4.2 -1.7
v -1.4 4.6 -1.7
v -1.4 4.8 -1.7
v -1.4 5.2 -1.7
v -1.4 5.4 -1.7
v -1.4 5.5 -1.7
v -1.4 6.4 -1.7
v -1.4 6.6 -1.7
v -1.4 6.7 -1.7
v -1.4 6.9 -1.7
v -1.4 7.2 -1.7
v -1.4 7.3 -1.7
v -1.3 1.3 -1.7
v -1.3 1.5 -1.7
v -1.3 3.7 -1.7
v -1.3 4 -1.7
v -1.3 4.6 -1.7
v -1.3 4.9 -1.7
v -1.3 5.2 -1.7
v -1.3 5.5 -1.7
v -1.3 6.9 -1.7
v -1.3 7 -1.7
v -1.2 2.3 -1.7
v -1.2 2.7 -1.7
v -1.2 7.3 -1.7
v -1.2 7.4 -1.7
v -1.1 0.3 -1.7
v -1.1 0.4 -1.7
v -1.1 1.3 -1.7
v -1.1 2.3 -1.7
v -1.1 4 -1.7
v -1.1 4.6 -1.7
v -1.1 4.9 -1.7
v -1.1 5.7 -1.7
v -1.1 6.6 -1.7
v -1.1 6.7 -1.7
v -1.1 7 -1.7
v -1.1 7.2 -1.7
v -1 0.1 -1.7
v -1 0.3 -1.7
v -1 0.4 -1.7
v -1 0.9 -1.7
v -1 3.1 -1.7
v -1 3.6 -1.7
v -1 4.6 -1.7
v -1 4.8 -1.7
v -1 5.7 -1.7
v -1 6.4 -1.7
v -1 6.7 -1.7
v -1 6.9 -1.7
v -0.9 0.3 -1.7
v -0.9 0.9 -1.7
v -0.9 3.1 -1.7
v -0.9 3.6 -1.7
v -0.9 4.8 -1.7
v -0.9 4.9 -1.7
v -0.9 5.4 -1.7
v -0.9 6.4 -1.7
v -0.9 6.6 -1.7
v -0.9 6.9 -1.7
v -0.9 7 -1.7
v -0.8 0.9 -1.7
v -0.8 1.5 -1.7
v -0.8 3.2 -1.7
v -0.8 3.7 -1.7
v -0.8 4.5 -1.7
v -0.8 4.9 -1.7
v -0.8 5.4 -1.7
v -0.8 5.5 -1.7
v -0.7 0.1 -1.7
v -0.7 0.3 -1.7
v -0.7 1.5 -1.7
v -0.7 2.8 -1.7
v -0.7 3 -1.7
v -0.7 3.2 -1.7
v -0.7 3.4 -1.7
v -0.7 3.7 -1.7
v -0.7 3.9 -1.7
v -0.7 4.5 -1.7
v -0.7 5.5 -1.7
v -0.7 5.7 -1.7
v -0.7 6.6 -1.7
v -0.7 6.7 -1.7
v -0.7 7 -1.7
v -0.7 7.2 -1.7
v -0.6 2.8 -1.7
v -0.6 3 -1.7
v -0.6 3.1 -1.7
v -0.6 3.4 -1.7
v -0.6 5.6 -1.7
v -0.6 5.7 -1.7
v -0.6 6.2 -1.7
v -0.5 0.6 -1.7
v -0.5 0.7 -1.7
v -0.5 1 -1.7
v -0.5 1.6 -1.7
v -0.5 2.9 -1.7
v -0.5 3.1 -1.7
v -0.5 3.8 -1.7
v -0.5 3.9 -1.7
v -0.5 5.6 -1.7
v -0.5 5.7 -1.7
v -0.5 6.2 -1.7
v -0.5 6.5 -1.7
v -0.4 0.1 -1.7
v -0.4 0.6 -1.7
v -0.4 0.7 -1.7
v -0.4 1 -1.7
v -0.4 1.6 -1.7
v -0.4 1.8 -1.7
v -0.4 2.8 -1.7
v -0.4 2.9 -1.7
v -0.4 3.1 -1.7
v -0.4 3.8 -1.7
v -0.4 4.9 -1.7
v -0.4 5.4 -1.7
v -0.4 6.5 -1.7
v -0.4 6.6 -1.7
v -0.4 6.7 -1.7
v -0.4 7.2 -1.7
v -0.3 0.3 -1.7
v -0.3 1.6 -1.7
v -0.3 1.8 -1.7
v -0.3 2.8 -1.7
v -0.3 3.1 -1.7
v -0.3 4.2 -1.7
v -0.3 4.9 -1.7
v -0.3 5.4 -1.7
v -0.3 5.5 -1.7
v -0.3 6.6 -1.7
v -0.3 6.7 -1.7
v -0.3 7.3 -1.7
v -0.3 7.4 -1.7
v -0.2 1.6 -1.7
v -0.2 1.7 -1.7
v -0.2 5.5 -1.7
v -0.2 6.4 -1.7
v -0.2 6.7 -1.7
v -0.2 6.8 -1.7
v -0.0999999 0.1 -1.7
v -0.0999999 0.3 -1.7
v -0.0999999 1.3 -1.7
v -0.0999999 1.5 -1.7
v -0.0999999 1.7 -1.7
v -0.0999999 2.8 -1.7
v -0.0999999 3.7 -1.7
v -0.0999999 4.2 -1.7
v -0.0999999 4.6 -1.7
v -0.0999999 5.5 -1.7
v -0.0999999 6.4 -1.7
v -0.0999999 6.5 -1.7
v -0.0999999 6.8 -1.7
v -0.0999999 6.9 -1.7
v -0.0999999 7.2 -1.7
v -0.0999999 7.3 -1.7
v 2.38419e-07 0.6 -1.7
v 2.38419e-07 1 -1.7
v 2.38419e-07 1.3 -1.7
v 2.38419e-07 1.5 -1.7
v 2.38419e-07 2.1 -1.7
v 2.38419e-07 3.3 -1.7
v 2.38419e-07 3.7 -1.7
v 2.38419e-07 4.2 -1.7
v 2.38419e-07 4.6 -1.7
v 2.38419e-07 4.8 -1.7
v 2.38419e-07 5.1 -1.7
v 2.38419e-07 5.5 -1.7
v 2.38419e-07 6 -1.7
v 2.38419e-07 6.5 -1.7
v 2.38419e-07 6.7 -1.7
v 2.38419e-07 6.9 -1.7
v 2.38419e-07 7 -1.7
v 0.1 0.1 -1.7
v 0.1 0.2 -1.7
v 0.1 0.6 -1.7
v 0.1 1 -1.7
v 0.1 1.2 -1.7
v 0.1 1.5 -1.7
v 0.1 2.1 -1.7
v 0.1 3.1 -1.7
v 0.1 3.3 -1.7
v 0.1 3.7 -1.7
v 0.1 4.2 -1.7
v 0.1 4.5 -1.7
v 0.1 4.8 -1.7
v 0.1 5.1 -1.7
v 0.1 5.2 -1.7
v 0.1 6 -1.7
v 0.1 6.4 -1.7
v 0.2 0.2 -1.7
v 0.2 0.3 -1.7
v 0.2 1 -1.7
v 0.2 1.1 -1.7
v 0.2 2.7 -1.7
v 0.2 3.1 -1.7
v 0.2 3.5 -1.7
v 0.2 3.7 -1.7
v 0.2 6.7 -1.7
v 0.2 7 -1.7
v 0.2 7.2 -1.7
v 0.2 7.4 -1.7
v 0.3 0.3 -1.7
v 0.3 0.9 -1.7
v 0.3 1.1 -1.7
v 0.3 1.2 -1.7
v 0.3 2.4 -1.7
v 0.3 2.7 -1.7
v 0.3 3.1 -1.7
v 0.3 3.5 -1.7
v 0.3 4.5 -1.7
v 0.3 5.2 -1.7
v 0.4 0.1 -1.7
v 0.4 0.6 -1.7
v 0.4 0.7 -1.7
v 0.4 0.9 -1.7
v 0.4 1 -1.7
v 0.4 2.4 -1.7
v 0.4 3.1 -1.7
v 0.4 3.7 -1.7
v 0.4 6 -1.7
v 0.4 6.4 -1.7
v 0.4 6.7 -1.7
v 0.4 7.2 -1.7
v 0.5 1.6 -1.7
v 0.5 2.8 -1.7
v 0.5 3.7 -1.7
v 0.5 3.9 -1.7
v 0.5 5.8 -1.7
v 0.5 6 -1.7
v 0.5 6.3 -1.7
v 0.5 6.5 -1.7
v 0.6 1.1 -1.7
v 0.6 1.6 -1.7
v 0.6 2.3 -1.7
v 0.6 2.6 -1.7
v 0.6 2.8 -1.7
v 0.6 3.3 -1.7
v 0.6 3.9 -1.7
v 0.6 4 -1.7
v 0.6 5.7 -1.7
v 0.6 5.8 -1.7
v 0.6 6.2 -1.7
v 0.6 6.3 -1.7
v 0.6 6.4 -1.7
v 0.6 6.5 -1.7
v 0.6 7.3 -1.7
v 0.6 7.4 -1.7
v 0.7 0.1 -1.7
v 0.7 0.3 -1.7
v 0.7 0.6 -1.7
v 0.7 0.7 -1.7
v 0.7 0.9 -1.7
v 0.7 1 -1.7
v 0.7 2.3 -1.7
v 0.7 2.6 -1.7
v 0.7 3.3 -1.7
v 0.7 3.6 -1.7
v 0.7 4 -1.7
v 0.7 4.2 -1.7
v 0.7 4.4 -1.7
v 0.7 4.7 -1.7
v 0.7 5.4 -1.7
v 0.7 5.7 -1.7
v 0.7 6 -1.7
v 0.7 6.2 -1.7
v 0.7 6.3 -1.7
v 0.7 6.4 -1.7
v 0.7 6.6 -1.7
v 0.7 6.7 -1.7
v 0.7 7 -1.7
v 0.7 7.3 -1.7
v 0.8 1.1 -1.7
v 0.8 3.6 -1.7
v 0.8 4.2 -1.7
v 0.8 4.4 -1.7
v 0.8 4.7 -1.7
v 0.8 5.4 -1.7
v 0.8 5.7 -1.7
v 0.8 6 -1.7
v 0.8 6.1 -1.7
v 0.8 6.3 -1.7
v 0.8 6.9 -1.7
v 0.8 7 -1.7
v 0.9 0.3 -1.7
v 0.9 0.9 -1.7
v 0.9 3.1 -1.7
v 0.9 3.6 -1.7
v 0.9 4.8 -1.7
v 0.9 5.5 -1.7
v 0.9 5.7 -1.7
v 0.9 5.8 -1.7
v 0.9 6.1 -1.7
v 0.9 6.4 -1.7
v 0.9 6.6 -1.7
v 0.9 7.3 -1.7
v 0.9 7.4 -1.7
v 1 0.1 -1.7
v 1 0.3 -1.7
v 1 0.4 -1.7
v 1 0.9 -1.7
v 1 3.1 -1.7
v 1 3.6 -1.7
v 1 4.6 -1.7
v 1 4.8 -1.7
v 1 5.5 -1.7
v 1 5.7 -1.7
v 1 5.8 -1.7
v 1 6.4 -1.7
v 1 6.7 -1.7
v 1 6.9 -1.7
v 1 7.2 -1.7
v 1 7.3 -1.7
v 1.1 0.3 -1.7
v 1.1 0.4 -1.7
v 1.1 1.3 -1.7
v 1.1 1.6 -1.7
v 1.1 1.9 -1.7
v 1.1 3 -1.7
v 1.1 4 -1.7
v 1.1 4.6 -1.7
v 1.1 4.9 -1.7
v 1.1 5.7 -1.7
v 1.1 6.6 -1.7
v 1.1 6.7 -1.7
v 1.1 7.1 -1.7
v 1.1 7.2 -1.7
v 1.2 1.3 -1.7
v 1.2 1.6 -1.7
v 1.2 1.9 -1.7
v 1.2 7 -1.7
v 1.2 7.1 -1.7
v 1.3 1.5 -1.7
v 1.3 1.6 -1.7
v 1.3 2.7 -1.7
v 1.3 3 -1.7
v 1.3 3.7 -1.7
v 1.3 4 -1.7
v 1.3 4.6 -1.7
v 1.3 4.9 -1.7
v 1.3 5.2 -1.7
v 1.3 5.5 -1.7
v 1.3 6.9 -1.7
v 1.3 7 -1.7
v 1.4 0.1 -1.7
v 1.4 0.3 -1.7
v 1.4 1.5 -1.7
v 1.4 2.7 -1.7
v 1.4 3 -1.7
v 1.4 3.1 -1.7
v 1.4 3.6 -1.7
v 1.4 3.7 -1.7
v 1.4 4.2 -1.7
v 1.4 4.6 -1.7
v 1.4 4.8 -1.7
v 1.4 5.2 -1.7
v 1.4 5.4 -1.7
v 1.4 5.5 -1.7
v 1.4 6.4 -1.7
v 1.4 6.6 -1.7
v 1.4 6.7 -1.7
v 1.4 6.9 -1.7
v 1.6 0.3 -1.7
v 1.6 0.9 -1.7
v 1.6 3 -1.7
v 1.6 3.1 -1.7
v 1.6 3.3 -1.7
v 1.6 3.6 -1.7
v 1.6 4 -1.7
v 1.6 4.2 -1.7
v 1.6 4.3 -1.7
v 1.6 4.8 -1.7
v 1.6 4.9 -1.7
v 1.6 5.4 -1.7
v 1.6 6 -1.7
v 1.6 6.4 -1.7
v 1.6 6.6 -1.7
v 1.6 6.7 -1.7
v 1.6 7 -1.7
v 1.6 7.2 -1.7
v 1.7 0.1 -1.7
v 1.7 0.3 -1.7
v 1.7 0.9 -1.7
v 1.7 3.3 -1.7
v 1.7 3.7 -1.7
v 1.7 4 -1.7
v 1.7 4.2 -1.7
v 1.7 4.3 -1.7
v 1.7 4.5 -1.7
v 1.7 4.9 -1.7
v 1.7 5.5 -1.7
v 1.7 6 -1.7
v 1.7 6.3 -1.7
v 1.7 6.4 -1.7
v 1.7 7 -1.7
v 1.7 7.2 -1.7
v 1.9 0.3 -1.7
v 1.9 0.6 -1.7
v 1.9 1 -1.7
v 1.9 2.1 -1.7
v 1.9 3.6 -1.7
v 1.9 3.7 -1.7
v 1.9 4.2 -1.7
v 1.9 4.5 -1.7
v 1.9 5.8 -1.7
v 1.9 6.3 -1.7
v 1.9 6.4 -1.7
v 1.9 6.6 -1.7
v 1.9 7 -1.7
v 1.9 7.1 -1.7
v 1.9 7.3 -1.7
v 2 0.6 -1.7
v 2 1 -1.7
v 2 1.8 -1.7
v 2 2.1 -1.7
v 2 2.5 -1.7
v 2 3.1 -1.7
v 2 3.3 -1.7
v 2 3.6 -1.7
v 2 4.9 -1.7
v 2 5.4 -1.7
v 2 5.5 -1.7
v 2 5.8 -1.7
v 2 7 -1.7
v 2 7.1 -1.7
v 2.1 0.1 -1.7
v 2.1 0.4 -1.7
v 2.1 1.3 -1.7
v 2.1 1.8 -1.7
v 2.1 2.2 -1.7
v 2.1 2.5 -1.7
v 2.1 3.1 -1.7
v 2.1 3.3 -1.7
v 2.1 4.3 -1.7
v 2.1 4.9 -1.7
v 2.1 5.2 -1.7
v 2.1 5.4 -1.7
v 2.1 6.4 -1.7
v 2.1 6.6 -1.7
v 2.2 7.3 -1.7
v 2.2 7.4 -1.7
v 2.3 0.1 -1.7
v 2.3 0.4 -1.7
v 2.3 1.2 -1.7
v 2.3 1.3 -1.7
v 2.3 1.8 -1.7
v 2.3 2.1 -1.7
v 2.3 2.2 -1.7
v 2.3 2.4 -1.7
v 2.3 2.7 -1.7
v 2.3 3 -1.7
v 2.3 3.7 -1.7
v 2.3 4.3 -1.7
v 2.3 4.6 -1.7
v 2.3 5.1 -1.7
v 2.3 5.2 -1.7
v 2.3 5.5 -1.7
v 2.3 6.4 -1.7
v 2.3 6.6 -1.7
v 2.4 2.2 -1.7
v 2.4 2.4 -1.7
v 2.4 2.8 -1.7
v 2.4 3 -1.7
v 2.4 4.4 -1.7
v 2.4 4.6 -1.7
v 2.4 4.9 -1.7
v 2.4 5.1 -1.7
v 2.4 7.3 -1.7
v 2.4 7.4 -1.7
v 2.5 2.1 -1.7
v 2.5 2.2 -1.7
v 2.5 2.4 -1.7
v 2.5 2.8 -1.7
v 2.5 3 -1.7
v 2.5 4 -1.7
v 2.5 4.4 -1.7
v 2.5 4.5 -1.7
v 2.5 4.6 -1.7
v 2.5 4.8 -1.7
v 2.5 4.9 -1.7
v 2.5 7.2 -1.7
v 2.5 7.3 -1.7
v 2.6 0.9 -1.7
v 2.6 1.2 -1.7
v 2.6 1.5 -1.7
v 2.6 1.8 -1.7
v 2.6 1.9 -1.7
v 2.6 2.1 -1.7
v 2.6 2.2 -1.7
v 2.6 2.4 -1.7
v 2.6 2.7 -1.7
v 2.6 3 -1.7
v 2.6 3.3 -1.7
v 2.6 3.7 -1.7
v 2.6 3.9 -1.7
v 2.6 4 -1.7
v 2.6 4.2 -1.7
v 2.6 4.5 -1.7
v 2.6 4.6 -1.7
v 2.6 4.8 -1.7
v 2.6 5.1 -1.7
v 2.6 5.5 -1.7
v 2.6 5.8 -1.7
v 2.6 6.3 -1.7
v 2.6 6.6 -1.7
v 2.6 7 -1.7
v 2.6 7.2 -1.7
v 2.6 7.4 -1.7
v 2.7 0 -1.7
v 2.7 0.9 -1.7
v 2.7 1.5 -1.7
v 2.7 1.9 -1.7
v 2.7 2.1 -1.7
v 2.7 3.3 -1.7
v 2.7 3.9 -1.7
v 2.7 4.2 -1.7
v 2.7 5.1 -1.7
v 2.7 5.8 -1.7
v 2.7 6.3 -1.7
v 2.7 7 -1.7
v 2.7 7.2 -1.7
v -2.7 0 1.7
v -2.3 0 1.7
v 2.3 0 1.7
v 2.7 0 1.7
v -2.8 0 1.6
v -2.7 0 1.6
v 2.7 0 1.6
v 2.8 0 1.6
v -2.3 0 -0.8
v 2.3 0 -0.8
v -2.8 0 -1.6
v -2.7 0 -1.6
v 2.7 0 -1.6
v 2.8 0 -1.6
v -2.7 0 -1.7
v 2.7 0 -1.7
v -2.3 0.2 1.6
v -2.1 0.2 1.6
v -1.9 0.2 1.6
v -1.7 0.2 1.6
v -1.5 0.2 1.6
v -1.4 0.2 1.6
v -1 0.2 1.6
v -0.6 0.2 1.6
v -0.5 0.2 1.6
v -0.4 0.2 1.6
v -0.3 0.2 1.6
v 0.5 0.2 1.6
v 1 0.2 1.6
v 1.5 0.2 1.6
v 2.2 0.2 1.6
v 2.3 0.2 1.6
v -2.3 0.2 1.3
v -2.1 0.2 1.3
v -1.9 0.2 1.3
v -1.7 0.2 1.3
v -1.5 0.2 1.3
v -1.4 0.2 1.3
v -1 0.2 1.3
v -0.6 0.2 1.3
v -0.5 0.2 1.3
v -0.4 0.2 1.3
v -0.3 0.2 1.3
v 0.5 0.2 1.3
v 1 0.2 1.3
v 1.5 0.2 1.3
v 2.2 0.2 1.3
v 2.3 0.2 1.3
v -2.3 0.2 -0.8
v 2.3 0.2 -0.8
v -2.3 0.6 1.7
v 2.3 0.6 1.7
v -2.3 0.6 1.6
v -1.8 0.6 1.6
v -1 0.6 1.6
v 0.5 0.6 1.6
v 2.3 0.6 1.6
v -2.4 0.7 1.7
v -2.3 0.7 1.7
v 2.3 0.7 1.7
v 2.4 0.7 1.7
v -2.4 0.7 1.6
v -2.3 0.7 1.6
v 2.3 0.7 1.6
v 2.4 0.7 1.6
v -2.5 0.7 1.5
v -2.4 0.7 1.5
v 2.4 0.7 1.5
v 2.5 0.7 1.5
v -2.5 0.7 1.4
v -2.4 0.7 1.4
v 2.4 0.7 1.4
v 2.5 0.7 1.4
v -2.5 0.7 -1.4
v -2.4 0.7 -1.4
v 2.4 0.7 -1.4
v 2.5 0.7 -1.4
v -2.5 0.7 -1.5
v -2.4 0.7 -1.5
v 2.4 0.7 -1.5
v 2.5 0.7 -1.5
v -2.3 2.3 1.6
v -2.2 2.3 1.6
v 2.2 2.3 1.6
v 2.3 2.3 1.6
v -2.3 2.3 1.5
v -2.2 2.3 1.5
v 2.2 2.3 1.5
v 2.3 2.3 1.5
v -2.2 2.4 1.6
v -2 2.4 1.6
v -1.2 2.4 1.6
v -0.7 2.4 1.6
v -0.4 2.4 1.6
v 0.5 2.4 1.6
v 1.4 2.4 1.6
v 1.6 2.4 1.6
v 2.2 2.4 1.6
v -2.3 2.4 1.5
v -2.2 2.4 1.5
v 2.2 2.4 1.5
v 2.3 2.4 1.5
v -2.3 2.4 1.3
v -2 2.4 1.3
v -1.2 2.4 1.3
v -0.7 2.4 1.3
v -0.4 2.4 1.3
v 0.5 2.4 1.3
v 1.4 2.4 1.3
v 1.6 2.4 1.3
v -1.7 2.4 -1.3
v -1.3 2.4 -1.3
v -0.5 2.4 -1.3
v 0.4 2.4 -1.3
v 0.8 2.4 -1.3
v 1.8 2.4 -1.3
v 2.1 2.4 -1.3
v 2.3 2.4 -1.3
v -2.3 2.4 -1.6
v -2.1 2.4 -1.6
v -1.7 2.4 -1.6
v -1.4 2.4 -1.6
v -1.3 2.4 -1.6
v -1.2 2.4 -1.6
v -0.9 2.4 -1.6
v -0.7 2.4 -1.6
v -0.5 2.4 -1.6
v -0.3 2.4 -1.6
v -0.0999999 2.4 -1.6
v 0.4 2.4 -1.6
v 0.5 2.4 -1.6
v 0.6 2.4 -1.6
v 0.7 2.4 -1.6
v 0.8 2.4 -1.6
v 0.9 2.4 -1.6
v 1.1 2.4 -1.6
v 1.4 2.4 -1.6
v 1.7 2.4 -1.6
v 1.8 2.4 -1.6
v 2.1 2.4 -1.6
v 2.3 2.4 -1.6
v -2.3 2.9 1.7
v 2.3 2.9 1.7
v -2.3 2.9 1.6
v -1.8 2.9 1.6
v -1 2.9 1.6
v 0.5 2.9 1.6
v 2.3 2.9 1.6
v -2.4 3 1.7
v -2.3 3 1.7
v 2.3 3 1.7
v 2.4 3 1.7
v -2.4 3 1.6
v -2.3 3 1.6
v 2.3 3 1.6
v 2.4 3 1.6
v -2.3 4.6 1.6
v -2.2 4.6 1.6
v 2.2 4.6 1.6
v 2.3 4.6 1.6
v -2.3 4.6 1.5
v -2.2 4.6 1.5
v 2.2 4.6 1.5
v 2.3 4.6 1.5
v -2.2 4.7 1.6
v -2 4.7 1.6
v -1.2 4.7 1.6
v -0.7 4.7 1.6
v -0.4 4.7 1.6
v 0.5 4.7 1.6
v 1.4 4.7 1.6
v 1.6 4.7 1.6
v 2.2 4.7 1.6
v -2.3 4.7 1.5
v -2.2 4.7 1.5
v 2.2 4.7 1.5
v 2.3 4.7 1.5
v -2.3 4.7 1.3
v -2 4.7 1.3
v -1.2 4.7 1.3
v -0.7 4.7 1.3
v -0.4 4.7 1.3
v 0.5 4.7 1.3
v 1.4 4.7 1.3
v 1.6 4.7 1.3
v -1.7 4.7 -1.3
v -1.3 4.7 -1.3
v -0.5 4.7 -1.3
v 1.8 4.7 -1.3
v 2.1 4.7 -1.3
v 2.3 4.7 -1.3
v -2.3 4.7 -1.6
v -2.1 4.7 -1.6
v -1.7 4.7 -1.6
v -1.6 4.7 -1.6
v -1.3 4.7 -1.6
v -1 4.7 -1.6
v -0.9 4.7 -1.6
v -0.8 4.7 -1.6
v -0.5 4.7 -1.6
v -0.3 4.7 -1.6
v -0.0999999 4.7 -1.6
v 0.1 4.7 -1.6
v 0.3 4.7 -1.6
v 0.7 4.7 -1.6
v 0.9 4.7 -1.6
v 1 4.7 -1.6
v 1.3 4.7 -1.6
v 1.6 4.7 -1.6
v 1.7 4.7 -1.6
v 1.8 4.7 -1.6
v 2.1 4.7 -1.6
v 2.3 4.7 -1.6
v -2.3 5.2 1.7
v 2.3 5.2 1.7
v -2.3 5.2 1.6
v -1.8 5.2 1.6
v -1 5.2 1.6
v 0.5 5.2 1.6
v 2.3 5.2 1.6
v -2.4 5.3 1.7
v -2.3 5.3 1.7
v 2.3 5.3 1.7
v 2.4 5.3 1.7
v -2.4 5.3 1.6
v -2.3 5.3 1.6
v 2.3 5.3 1.6
v 2.4 5.3 1.6
v -2.3 6.8 1.6
v -2.2 6.8 1.6
v 2.2 6.8 1.6
v 2.3 6.8 1.6
v -2.3 6.8 1.5
v -2.2 6.8 1.5
v 2.2 6.8 1.5
v 2.3 6.8 1.5
v -2.2 6.9 1.6
v -1.3 6.9 1.6
v -0.8 6.9 1.6
v -0.4 6.9 1.6
v 0.6 6.9 1.6
v 1.5 6.9 1.6
v 1.8 6.9 1.6
v 2.2 6.9 1.6
v -2.3 6.9 1.5
v -2.2 6.9 1.5
v -1.3 6.9 1.5
v -0.8 6.9 1.5
v -0.4 6.9 1.5
v 0.6 6.9 1.5
v 1.5 6.9 1.5
v 1.8 6.9 1.5
v 2.2 6.9 1.5
v 2.3 6.9 1.5
v -1.9 6.9 -1.5
v -1.4 6.9 -1.5
v -0.6 6.9 -1.5
v -0.4 6.9 -1.5
v 2.38419e-07 6.9 -1.5
v 2 6.9 -1.5
v -2.3 6.9 -1.6
v -2 6.9 -1.6
v -1.9 6.9 -1.6
v -1.4 6.9 -1.6
v -1 6.9 -1.6
v -0.6 6.9 -1.6
v -0.4 6.9 -1.6
v -0.0999999 6.9 -1.6
v 2.38419e-07 6.9 -1.6
v 0.2 6.9 -1.6
v 0.4 6.9 -1.6
v 1 6.9 -1.6
v 1.4 6.9 -1.6
v 1.9 6.9 -1.6
v 2 6.9 -1.6
v 2.3 6.9 -1.6
v -2.6 7 1.7
v -2.5 7 1.7
v 2.5 7 1.7
v 2.6 7 1.7
v -2.6 7 1.6
v -2.5 7 1.6
v 2.5 7 1.6
v 2.6 7 1.6
v -2.5 7.2 1.7
v -2.4 7.2 1.7
v 2.4 7.2 1.7
v 2.5 7.2 1.7
v -2.5 7.2 1.6
v -2.4 7.2 1.6
v 2.4 7.2 1.6
v 2.5 7.2 1.6
v -2.4 7.3 1.7
v 2.4 7.3 1.7
v -2.4 7.3 1.6
v -2.3 7.3 1.6
v -1.8 7.3 1.6
v -0.9 7.3 1.6
v -0.2 7.3 1.6
v 1.5 7.3 1.6
v 2.3 7.3 1.6
v 2.4 7.3 1.6
v -2.4 0.2 1.7
v -2.3 0.2 1.7
v 2.3 0.2 1.7
v 2.4 0.2 1.7
v -2.4 0.2 1.6
v -2.3 0.2 1.6
v 2.3 0.2 1.6
v 2.4 0.2 1.6
v -2.5 0.2 1.5
v -2.4 0.2 1.5
v 2.4 0.2 1.5
v 2.5 0.2 1.5
v -2.5 0.2 1.4
v -2.4 0.2 1.4
v 2.4 0.2 1.4
v 2.5 0.2 1.4
v -2.5 0.2 -1.4
v -2.4 0.2 -1.4
v 2.4 0.2 -1.4
v 2.5 0.2 -1.4
v -2.5 0.2 -1.5
v -2.4 0.2 -1.5
v 2.4 0.2 -1.5
v 2.5 0.2 -1.5
v -2.5 0.3 1.7
v -2.4 0.3 1.7
v 2.4 0.3 1.7
v 2.5 0.3 1.7
v -2.5 0.3 1.6
v -2.4 0.3 1.6
v 2.4 0.3 1.6
v 2.5 0.3 1.6
v -2.6 0.5 1.7
v -2.5 0.5 1.7
v 2.5 0.5 1.7
v 2.6 0.5 1.7
v -2.6 0.5 1.6
v -2.5 0.5 1.6
v 2.5 0.5 1.6
v 2.6 0.5 1.6
v -2.4 0.8 1.7
v -2.3 0.8 1.7
v 2.3 0.8 1.7
v 2.4 0.8 1.7
v -2.4 0.8 1.6
v -2.3 0.8 1.6
v -1.8 0.8 1.6
v -1.6 0.8 1.6
v -1.3 0.8 1.6
v -1.2 0.8 1.6
v -0.9 0.8 1.6
v -0.8 0.8 1.6
v -0.5 0.8 1.6
v -0.2 0.8 1.6
v 2.38419e-07 0.8 1.6
v 0.1 0.8 1.6
v 0.4 0.8 1.6
v 0.6 0.8 1.6
v 1.6 0.8 1.6
v 1.7 0.8 1.6
v 2.3 0.8 1.6
v 2.4 0.8 1.6
v -2.3 0.8 1.5
v -1.6 0.8 1.5
v -1.4 0.8 1.5
v -1.3 0.8 1.5
v -1.2 0.8 1.5
v -0.9 0.8 1.5
v -0.8 0.8 1.5
v -0.5 0.8 1.5
v -0.2 0.8 1.5
v -0.0999999 0.8 1.5
v 2.38419e-07 0.8 1.5
v 0.1 0.8 1.5
v 2.3 0.8 1.5
v -1.4 0.8 1.4
v -1.2 0.8 1.4
v -0.5 0.8 1.4
v -0.2 0.8 1.4
v -0.0999999 0.8 1.4
v 0.4 0.8 1.4
v -2.3 0.8 1.3
v -2.2 0.8 1.3
v -1.8 0.8 1.3
v -1.4 0.8 1.3
v -1.2 0.8 1.3
v -1 0.8 1.3
v -0.7 0.8 1.3
v -0.6 0.8 1.3
v -0.5 0.8 1.3
v 0.2 0.8 1.3
v 0.9 0.8 1.3
v 1.4 0.8 1.3
v 1.6 0.8 1.3
v 1.7 0.8 1.3
v 1.8 0.8 1.3
v 2.3 0.8 1.3
v -2.3 0.8 1.2
v -2.2 0.8 1.2
v -1.9 0.8 1.2
v -1.4 0.8 1.2
v -1.3 0.8 1.2
v -1 0.8 1.2
v -0.8 0.8 1.2
v -0.7 0.8 1.2
v -0.6 0.8 1.2
v -0.5 0.8 1.2
v -0.3 0.8 1.2
v 2.38419e-07 0.8 1.2
v 0.2 0.8 1.2
v 0.5 0.8 1.2
v 0.6 0.8 1.2
v 0.7 0.8 1.2
v 0.9 0.8 1.2
v 1.3 0.8 1.2
v 1.4 0.8 1.2
v 1.6 0.8 1.2
v 1.8 0.8 1.2
v 2.3 0.8 1.2
v -1.9 0.8 1.1
v -1.5 0.8 1.1
v -1.4 0.8 1.1
v -1.3 0.8 1.1
v -0.8 0.8 1.1
v -0.7 0.8 1.1
v -0.6 0.8 1.1
v -0.5 0.8 1.1
v -0.4 0.8 1.1
v 2.38419e-07 0.8 1.1
v 0.3 0.8 1.1
v 0.5 0.8 1.1
v 0.6 0.8 1.1
v 0.7 0.8 1.1
v 1 0.8 1.1
v 1.3 0.8 1.1
v 1.5 0.8 1.1
v 1.6 0.8 1.1
v 2 0.8 1.1
v -2.3 0.8 1
v -2.2 0.8 1
v -1.7 0.8 1
v -1.5 0.8 1
v -1.4 0.8 1
v -1.2 0.8 1
v -0.7 0.8 1
v -0.5 0.8 1
v -0.4 0.8 1
v -0.3 0.8 1
v 0.3 0.8 1
v 0.6 0.8 1
v 0.8 0.8 1
v 1 0.8 1
v 1.5 0.8 1
v 2 0.8 1
v 2.2 0.8 1
v 2.3 0.8 1
v -2.3 0.8 0.9
v -2.2 0.8 0.9
v -2.1 0.8 0.9
v -1.7 0.8 0.9
v -1.2 0.8 0.9
v -0.8 0.8 0.9
v -0.5 0.8 0.9
v -0.4 0.8 0.9
v 0.1 0.8 0.9
v 0.2 0.8 0.9
v 0.8 0.8 0.9
v 1.3 0.8 0.9
v 2.2 0.8 0.9
v 2.3 0.8 0.9
v -2.2 0.8 0.8
v -2.1 0.8 0.8
v -1.6 0.8 0.8
v -1.4 0.8 0.8
v -0.8 0.8 0.8
v -0.6 0.8 0.8
v -0.4 0.8 0.8
v 0.1 0.8 0.8
v 0.2 0.8 0.8
v 0.4 0.8 0.8
v 1.3 0.8 0.8
v 1.5 0.8 0.8
v 1.6 0.8 0.8
v 1.8 0.8 0.8
v -1.8 0.8 0.7
v -1.6 0.8 0.7
v -1.4 0.8 0.7
v -0.6 0.8 0.7
v 0.4 0.8 0.7
v 0.5 0.8 0.7
v 0.7 0.8 0.7
v 0.9 0.8 0.7
v 1.8 0.8 0.7
v 2.1 0.8 0.7
v 2.2 0.8 0.7
v 2.3 0.8 0.7
v -2 0.8 0.6
v -1.8 0.8 0.6
v -1.4 0.8 0.6
v 0.4 0.8 0.6
v 0.5 0.8 0.6
v 0.6 0.8 0.6
v 0.7 0.8 0.6
v 0.8 0.8 0.6
v 0.9 0.8 0.6
v 1.3 0.8 0.6
v 1.6 0.8 0.6
v 1.9 0.8 0.6
v 2.1 0.8 0.6
v 2.2 0.8 0.6
v -2.2 0.8 0.5
v -2 0.8 0.5
v -1.8 0.8 0.5
v -1.4 0.8 0.5
v -0.3 0.8 0.5
v 0.1 0.8 0.5
v 0.4 0.8 0.5
v 0.5 0.8 0.5
v 0.6 0.8 0.5
v 0.7 0.8 0.5
v 0.8 0.8 0.5
v 1.2 0.8 0.5
v 1.3 0.8 0.5
v 1.5 0.8 0.5
v 1.9 0.8 0.5
v 2.2 0.8 0.5
v -2.2 0.8 0.4
v -2.1 0.8 0.4
v -2 0.8 0.4
v -1.8 0.8 0.4
v -1.4 0.8 0.4
v -1.2 0.8 0.4
v -1 0.8 0.4
v -0.3 0.8 0.4
v 2.38419e-07 0.8 0.4
v 0.1 0.8 0.4
v 0.3 0.8 0.4
v 0.5 0.8 0.4
v 0.6 0.8 0.4
v 0.7 0.8 0.4
v 1 0.8 0.4
v 1.2 0.8 0.4
v 1.5 0.8 0.4
v 1.6 0.8 0.4
v 2.2 0.8 0.4
v 2.3 0.8 0.4
v -2.1 0.8 0.3
v -2 0.8 0.3
v -1.5 0.8 0.3
v -1.4 0.8 0.3
v -1.2 0.8 0.3
v -1 0.8 0.3
v -0.3 0.8 0.3
v -0.0999999 0.8 0.3
v 0.2 0.8 0.3
v 0.3 0.8 0.3
v 0.6 0.8 0.3
v 0.9 0.8 0.3
v 1 0.8 0.3
v 1.3 0.8 0.3
v 1.5 0.8 0.3
v 1.6 0.8 0.3
v -2.3 0.8 0.2
v -2.1 0.8 0.2
v -1.8 0.8 0.2
v -1.7 0.8 0.2
v -1.5 0.8 0.2
v -0.8 0.8 0.2
v -0.0999999 0.8 0.2
v 2.38419e-07 0.8 0.2
v 0.1 0.8 0.2
v 0.2 0.8 0.2
v 0.4 0.8 0.2
v 0.5 0.8 0.2
v 1.3 0.8 0.2
v 1.7 0.8 0.2
v -2.1 0.8 0.1
v -1.8 0.8 0.1
v -1.7 0.8 0.1
v -1.4 0.8 0.1
v -0.8 0.8 0.1
v 0.1 0.8 0.1
v 0.4 0.8 0.1
v 0.5 0.8 0.1
v 0.9 0.8 0.1
v 1.7 0.8 0.1
v 2 0.8 0.1
v -1.8 0.8 0
v -1.4 0.8 0
v -0.9 0.8 0
v 0.3 0.8 0
v 0.5 0.8 0
v 2 0.8 0
v 2.1 0.8 0
v -2 0.8 -0.0999999
v -1.8 0.8 -0.0999999
v -1.6 0.8 -0.0999999
v -1.5 0.8 -0.0999999
v -0.9 0.8 -0.0999999
v 0.3 0.8 -0.0999999
v 0.6 0.8 -0.0999999
v 1.7 0.8 -0.0999999
v 2.1 0.8 -0.0999999
v 2.3 0.8 -0.0999999
v -2.3 0.8 -0.2
v -2.1 0.8 -0.2
v -2 0.8 -0.2
v -1.6 0.8 -0.2
v -1.5 0.8 -0.2
v -1.4 0.8 -0.2
v -0.5 0.8 -0.2
v 0.1 0.8 -0.2
v 0.6 0.8 -0.2
v 1.7 0.8 -0.2
v 2.2 0.8 -0.2
v -2.1 0.8 -0.3
v -2 0.8 -0.3
v -1.8 0.8 -0.3
v -1.4 0.8 -0.3
v -1.3 0.8 -0.3
v -0.5 0.8 -0.3
v -0.3 0.8 -0.3
v 0.1 0.8 -0.3
v 0.5 0.8 -0.3
v 0.9 0.8 -0.3
v 1.5 0.8 -0.3
v 2.2 0.8 -0.3
v 2.3 0.8 -0.3
v -2.2 0.8 -0.4
v -2 0.8 -0.4
v -1.5 0.8 -0.4
v -1.4 0.8 -0.4
v -1.3 0.8 -0.4
v -0.9 0.8 -0.4
v -0.3 0.8 -0.4
v 2.38419e-07 0.8 -0.4
v 0.1 0.8 -0.4
v 0.4 0.8 -0.4
v 0.5 0.8 -0.4
v 0.7 0.8 -0.4
v 0.9 0.8 -0.4
v 1.2 0.8 -0.4
v 2.2 0.8 -0.4
v 2.3 0.8 -0.4
v -2.2 0.8 -0.5
v -2 0.8 -0.5
v -1.8 0.8 -0.5
v -1.5 0.8 -0.5
v -1.1 0.8 -0.5
v -0.9 0.8 -0.5
v 2.38419e-07 0.8 -0.5
v 0.1 0.8 -0.5
v 0.2 0.8 -0.5
v 0.4 0.8 -0.5
v 0.6 0.8 -0.5
v 0.7 0.8 -0.5
v 0.8 0.8 -0.5
v 1.2 0.8 -0.5
v 1.3 0.8 -0.5
v 1.5 0.8 -0.5
v 1.9 0.8 -0.5
v 2.2 0.8 -0.5
v -2 0.8 -0.6
v -1.8 0.8 -0.6
v -1.2 0.8 -0.6
v -1.1 0.8 -0.6
v -0.5 0.8 -0.6
v 0.2 0.8 -0.6
v 0.5 0.8 -0.6
v 0.6 0.8 -0.6
v 0.7 0.8 -0.6
v 0.8 0.8 -0.6
v 0.9 0.8 -0.6
v 1.3 0.8 -0.6
v 1.6 0.8 -0.6
v 1.9 0.8 -0.6
v 2 0.8 -0.6
v 2.2 0.8 -0.6
v -2.2 0.8 -0.7
v -2.1 0.8 -0.7
v -1.8 0.8 -0.7
v -1.6 0.8 -0.7
v -1.4 0.8 -0.7
v -1.2 0.8 -0.7
v -0.6 0.8 -0.7
v -0.5 0.8 -0.7
v 0.4 0.8 -0.7
v 0.5 0.8 -0.7
v 0.7 0.8 -0.7
v 0.9 0.8 -0.7
v 1.5 0.8 -0.7
v 1.6 0.8 -0.7
v 1.8 0.8 -0.7
v 2 0.8 -0.7
v 2.2 0.8 -0.7
v 2.3 0.8 -0.7
v -2.3 0.8 -0.8
v -2.2 0.8 -0.8
v -2.1 0.8 -0.8
v -1.6 0.8 -0.8
v -1.4 0.8 -0.8
v -0.8 0.8 -0.8
v -0.6 0.8 -0.8
v -0.4 0.8 -0.8
v 0.1 0.8 -0.8
v 0.2 0.8 -0.8
v 0.4 0.8 -0.8
v 1.3 0.8 -0.8
v 1.5 0.8 -0.8
v 1.8 0.8 -0.8
v 2.2 0.8 -0.8
v 2.3 0.8 -0.8
v -2.1 0.8 -0.9
v -1.7 0.8 -0.9
v -1.2 0.8 -0.9
v -0.8 0.8 -0.9
v -0.5 0.8 -0.9
v -0.4 0.8 -0.9
v 0.1 0.8 -0.9
v 0.2 0.8 -0.9
v 0.8 0.8 -0.9
v 1.3 0.8 -0.9
v 1.4 0.8 -0.9
v 1.5 0.8 -0.9
v 2.2 0.8 -0.9
v 2.3 0.8 -0.9
v -1.7 0.8 -1
v -1.5 0.8 -1
v -1.4 0.8 -1
v -1.2 0.8 -1
v -0.7 0.8 -1
v -0.5 0.8 -1
v -0.4 0.8 -1
v -0.3 0.8 -1
v 0.3 0.8 -1
v 0.6 0.8 -1
v 0.8 0.8 -1
v 1.2 0.8 -1
v 1.4 0.8 -1
v 1.6 0.8 -1
v 2 0.8 -1
v -1.9 0.8 -1.1
v -1.5 0.8 -1.1
v -1.4 0.8 -1.1
v -1.3 0.8 -1.1
v -0.8 0.8 -1.1
v -0.7 0.8 -1.1
v -0.6 0.8 -1.1
v -0.5 0.8 -1.1
v -0.4 0.8 -1.1
v 2.38419e-07 0.8 -1.1
v 0.3 0.8 -1.1
v 0.5 0.8 -1.1
v 0.6 0.8 -1.1
v 0.8 0.8 -1.1
v 1.2 0.8 -1.1
v 1.3 0.8 -1.1
v 1.6 0.8 -1.1
v 2 0.8 -1.1
v -2.3 0.8 -1.2
v -2.2 0.8 -1.2
v -2.1 0.8 -1.2
v -1.9 0.8 -1.2
v -1.4 0.8 -1.2
v -1.3 0.8 -1.2
v -1 0.8 -1.2
v -0.8 0.8 -1.2
v -0.7 0.8 -1.2
v -0.6 0.8 -1.2
v -0.5 0.8 -1.2
v -0.3 0.8 -1.2
v 2.38419e-07 0.8 -1.2
v 0.2 0.8 -1.2
v 0.5 0.8 -1.2
v 0.8 0.8 -1.2
v 1.1 0.8 -1.2
v 1.3 0.8 -1.2
v 1.4 0.8 -1.2
v 1.6 0.8 -1.2
v 1.8 0.8 -1.2
v 2.2 0.8 -1.2
v -1.8 0.8 -1.3
v -1.4 0.8 -1.3
v -1.2 0.8 -1.3
v -1 0.8 -1.3
v -0.9 0.8 -1.3
v -0.8 0.8 -1.3
v -0.7 0.8 -1.3
v -0.6 0.8 -1.3
v -0.5 0.8 -1.3
v 0.2 0.8 -1.3
v 0.4 0.8 -1.3
v 0.5 0.8 -1.3
v 1.1 0.8 -1.3
v 1.4 0.8 -1.3
v 1.6 0.8 -1.3
v 1.7 0.8 -1.3
v 1.8 0.8 -1.3
v 2.2 0.8 -1.3
v -2.3 0.8 -1.5
v 2.3 0.8 -1.5
v -2.3 0.8 -1.6
v -2 0.8 -1.6
v -1.8 0.8 -1.6
v -1.6 0.8 -1.6
v -1.2 0.8 -1.6
v -1 0.8 -1.6
v -0.9 0.8 -1.6
v -0.8 0.8 -1.6
v -0.5 0.8 -1.6
v -0.4 0.8 -1.6
v -0.3 0.8 -1.6
v 2.38419e-07 0.8 -1.6
v 0.1 0.8 -1.6
v 0.3 0.8 -1.6
v 0.4 0.8 -1.6
v 0.9 0.8 -1.6
v 1 0.8 -1.6
v 1.6 0.8 -1.6
v 1.7 0.8 -1.6
v 2 0.8 -1.6
v 2.3 0.8 -1.6
v -2.4 3.1 1.7
v -2.3 3.1 1.7
v 2.3 3.1 1.7
v 2.4 3.1 1.7
v -2.4 3.1 1.6
v -2.3 3.1 1.6
v -2 3.1 1.6
v -1.2 3.1 1.6
v -0.9 3.1 1.6
v -0.8 3.1 1.6
v -0.4 3.1 1.6
v 0.6 3.1 1.6
v 1.6 3.1 1.6
v 1.7 3.1 1.6
v 2.3 3.1 1.6
v 2.4 3.1 1.6
v -2.3 3.1 1.5
v -2 3.1 1.5
v -1.8 3.1 1.5
v -1.3 3.1 1.5
v -1.2 3.1 1.5
v -0.9 3.1 1.5
v -0.8 3.1 1.5
v -0.4 3.1 1.5
v -0.2 3.1 1.5
v 0.4 3.1 1.5
v 0.6 3.1 1.5
v 2.3 3.1 1.5
v -1.5 3.1 1.4
v -1.3 3.1 1.4
v -0.5 3.1 1.4
v -0.4 3.1 1.4
v -0.2 3.1 1.4
v 2.38419e-07 3.1 1.4
v -2.3 3.1 1.3
v -2.2 3.1 1.3
v -1.8 3.1 1.3
v -1.5 3.1 1.3
v -1.4 3.1 1.3
v -1 3.1 1.3
v -0.7 3.1 1.3
v -0.6 3.1 1.3
v -0.5 3.1 1.3
v -0.4 3.1 1.3
v 2.38419e-07 3.1 1.3
v 0.2 3.1 1.3
v 0.4 3.1 1.3
v 0.6 3.1 1.3
v 0.9 3.1 1.3
v 1.4 3.1 1.3
v 1.6 3.1 1.3
v 1.7 3.1 1.3
v 1.8 3.1 1.3
v 2.3 3.1 1.3
v -2.3 3.1 1.2
v -2.2 3.1 1.2
v -1.9 3.1 1.2
v -1.4 3.1 1.2
v -1.3 3.1 1.2
v -1 3.1 1.2
v -0.8 3.1 1.2
v -0.7 3.1 1.2
v -0.6 3.1 1.2
v -0.5 3.1 1.2
v -0.3 3.1 1.2
v 2.38419e-07 3.1 1.2
v 0.2 3.1 1.2
v 0.5 3.1 1.2
v 0.6 3.1 1.2
v 0.7 3.1 1.2
v 0.9 3.1 1.2
v 1.3 3.1 1.2
v 1.4 3.1 1.2
v 1.6 3.1 1.2
v 1.8 3.1 1.2
v 2.3 3.1 1.2
v -2.3 3.1 1.1
v -1.9 3.1 1.1
v -1.5 3.1 1.1
v -1.4 3.1 1.1
v -1.3 3.1 1.1
v -0.8 3.1 1.1
v -0.7 3.1 1.1
v -0.6 3.1 1.1
v -0.5 3.1 1.1
v -0.4 3.1 1.1
v 2.38419e-07 3.1 1.1
v 0.3 3.1 1.1
v 0.5 3.1 1.1
v 0.6 3.1 1.1
v 0.7 3.1 1.1
v 1 3.1 1.1
v 1.3 3.1 1.1
v 1.5 3.1 1.1
v 1.6 3.1 1.1
v 2 3.1 1.1
v 2.3 3.1 1.1
v -2.3 3.1 1
v -2.2 3.1 1
v -1.7 3.1 1
v -1.5 3.1 1
v -1.4 3.1 1
v -1.2 3.1 1
v -0.7 3.1 1
v -0.5 3.1 1
v -0.4 3.1 1
v -0.3 3.1 1
v 0.3 3.1 1
v 0.6 3.1 1
v 0.8 3.1 1
v 1 3.1 1
v 1.5 3.1 1
v 2 3.1 1
v 2.2 3.1 1
v 2.3 3.1 1
v -2.3 3.1 0.9
v -2.2 3.1 0.9
v -2.1 3.1 0.9
v -1.7 3.1 0.9
v -1.2 3.1 0.9
v -0.8 3.1 0.9
v -0.5 3.1 0.9
v -0.4 3.1 0.9
v 0.1 3.1 0.9
v 0.2 3.1 0.9
v 0.8 3.1 0.9
v 1.3 3.1 0.9
v 2.2 3.1 0.9
v 2.3 3.1 0.9
v -2.2 3.1 0.8
v -2.1 3.1 0.8
v -1.6 3.1 0.8
v -1.4 3.1 0.8
v -0.8 3.1 0.8
v -0.6 3.1 0.8
v -0.4 3.1 0.8
v 0.1 3.1 0.8
v 0.2 3.1 0.8
v 0.4 3.1 0.8
v 1.3 3.1 0.8
v 1.5 3.1 0.8
v 1.6 3.1 0.8
v 1.8 3.1 0.8
v -1.8 3.1 0.7
v -1.6 3.1 0.7
v -1.4 3.1 0.7
v -0.6 3.1 0.7
v 0.4 3.1 0.7
v 0.5 3.1 0.7
v 0.7 3.1 0.7
v 0.9 3.1 0.7
v 1.8 3.1 0.7
v 2.1 3.1 0.7
v 2.2 3.1 0.7
v 2.3 3.1 0.7
v -2 3.1 0.6
v -1.8 3.1 0.6
v -1.4 3.1 0.6
v 0.4 3.1 0.6
v 0.5 3.1 0.6
v 0.6 3.1 0.6
v 0.7 3.1 0.6
v 0.8 3.1 0.6
v 0.9 3.1 0.6
v 1.3 3.1 0.6
v 1.6 3.1 0.6
v 1.9 3.1 0.6
v 2.1 3.1 0.6
v 2.2 3.1 0.6
v -2.2 3.1 0.5
v -2 3.1 0.5
v -1.8 3.1 0.5
v -1.4 3.1 0.5
v -0.3 3.1 0.5
v 0.1 3.1 0.5
v 0.4 3.1 0.5
v 0.5 3.1 0.5
v 0.6 3.1 0.5
v 0.7 3.1 0.5
v 0.8 3.1 0.5
v 1.2 3.1 0.5
v 1.3 3.1 0.5
v 1.5 3.1 0.5
v 1.9 3.1 0.5
v 2.2 3.1 0.5
v -2.2 3.1 0.4
v -2.1 3.1 0.4
v -2 3.1 0.4
v -1.8 3.1 0.4
v -1.4 3.1 0.4
v -1.2 3.1 0.4
v -1 3.1 0.4
v -0.3 3.1 0.4
v 2.38419e-07 3.1 0.4
v 0.1 3.1 0.4
v 0.3 3.1 0.4
v 0.5 3.1 0.4
v 0.6 3.1 0.4
v 0.7 3.1 0.4
v 1 3.1 0.4
v 1.2 3.1 0.4
v 1.5 3.1 0.4
v 1.6 3.1 0.4
v 2.2 3.1 0.4
v 2.3 3.1 0.4
v -2.1 3.1 0.3
v -2 3.1 0.3
v -1.5 3.1 0.3
v -1.4 3.1 0.3
v -1.2 3.1 0.3
v -1 3.1 0.3
v -0.3 3.1 0.3
v -0.0999999 3.1 0.3
v 0.2 3.1 0.3
v 0.3 3.1 0.3
v 0.6 3.1 0.3
v 0.9 3.1 0.3
v 1 3.1 0.3
v 1.3 3.1 0.3
v 1.5 3.1 0.3
v 1.6 3.1 0.3
v -2.3 3.1 0.2
v -2.1 3.1 0.2
v -1.8 3.1 0.2
v -1.7 3.1 0.2
v -1.5 3.1 0.2
v -0.8 3.1 0.2
v -0.0999999 3.1 0.2
v 2.38419e-07 3.1 0.2
v 0.1 3.1 0.2
v 0.2 3.1 0.2
v 0.4 3.1 0.2
v 0.5 3.1 0.2
v 1.3 3.1 0.2
v 1.7 3.1 0.2
v -2.1 3.1 0.1
v -1.8 3.1 0.1
v -1.7 3.1 0.1
v -1.4 3.1 0.1
v -0.8 3.1 0.1
v 0.1 3.1 0.1
v 0.4 3.1 0.1
v 0.5 3.1 0.1
v 0.9 3.1 0.1
v 1.7 3.1 0.1
v 2 3.1 0.1
v -1.8 3.1 0
v -1.4 3.1 0
v -0.9 3.1 0
v 0.3 3.1 0
v 0.5 3.1 0
v 2 3.1 0
v 2.1 3.1 0
v -2 3.1 -0.0999999
v -1.8 3.1 -0.0999999
v -1.6 3.1 -0.0999999
v -1.5 3.1 -0.0999999
v -0.9 3.1 -0.0999999
v 0.3 3.1 -0.0999999
v 0.6 3.1 -0.0999999
v 1.7 3.1 -0.0999999
v 2.1 3.1 -0.0999999
v 2.3 3.1 -0.0999999
v -2.3 3.1 -0.2
v -2.1 3.1 -0.2
v -2 3.1 -0.2
v -1.6 3.1 -0.2
v -1.5 3.1 -0.2
v -1.4 3.1 -0.2
v -0.5 3.1 -0.2
v 0.1 3.1 -0.2
v 0.6 3.1 -0.2
v 1.7 3.1 -0.2
v 2.2 3.1 -0.2
v -2.1 3.1 -0.3
v -2 3.1 -0.3
v -1.8 3.1 -0.3
v -1.4 3.1 -0.3
v -1.3 3.1 -0.3
v -0.5 3.1 -0.3
v -0.3 3.1 -0.3
v 0.1 3.1 -0.3
v 0.5 3.1 -0.3
v 0.9 3.1 -0.3
v 1.5 3.1 -0.3
v 2.2 3.1 -0.3
v 2.3 3.1 -0.3
v -2.2 3.1 -0.4
v -2 3.1 -0.4
v -1.5 3.1 -0.4
v -1.4 3.1 -0.4
v -1.3 3.1 -0.4
v -0.9 3.1 -0.4
v -0.3 3.1 -0.4
v 2.38419e-07 3.1 -0.4
v 0.1 3.1 -0.4
v 0.4 3.1 -0.4
v 0.5 3.1 -0.4
v 0.7 3.1 -0.4
v 0.9 3.1 -0.4
v 1.2 3.1 -0.4
v 2.2 3.1 -0.4
v 2.3 3.1 -0.4
v -2.2 3.1 -0.5
v -2 3.1 -0.5
v -1.8 3.1 -0.5
v -1.5 3.1 -0.5
v -1.1 3.1 -0.5
v -0.9 3.1 -0.5
v 2.38419e-07 3.1 -0.5
v 0.1 3.1 -0.5
v 0.2 3.1 -0.5
v 0.4 3.1 -0.5
v 0.6 3.1 -0.5
v 0.7 3.1 -0.5
v 0.8 3.1 -0.5
v 1.2 3.1 -0.5
v 1.3 3.1 -0.5
v 1.5 3.1 -0.5
v 1.9 3.1 -0.5
v 2.2 3.1 -0.5
v -2 3.1 -0.6
v -1.8 3.1 -0.6
v -1.2 3.1 -0.6
v -1.1 3.1 -0.6
v -0.5 3.1 -0.6
v 0.2 3.1 -0.6
v 0.5 3.1 -0.6
v 0.6 3.1 -0.6
v 0.7 3.1 -0.6
v 0.8 3.1 -0.6
v 0.9 3.1 -0.6
v 1.3 3.1 -0.6
v 1.6 3.1 -0.6
v 1.9 3.1 -0.6
v 2 3.1 -0.6
v 2.2 3.1 -0.6
v -2.2 3.1 -0.7
v -2.1 3.1 -0.7
v -1.8 3.1 -0.7
v -1.6 3.1 -0.7
v -1.4 3.1 -0.7
v -1.2 3.1 -0.7
v -0.6 3.1 -0.7
v -0.5 3.1 -0.7
v 0.4 3.1 -0.7
v 0.5 3.1 -0.7
v 0.7 3.1 -0.7
v 0.9 3.1 -0.7
v 1.5 3.1 -0.7
v 1.6 3.1 -0.7
v 1.8 3.1 -0.7
v 2 3.1 -0.7
v 2.2 3.1 -0.7
v 2.3 3.1 -0.7
v -2.3 3.1 -0.8
v -2.2 3.1 -0.8
v -2.1 3.1 -0.8
v -1.6 3.1 -0.8
v -1.4 3.1 -0.8
v -0.8 3.1 -0.8
v -0.6 3.1 -0.8
v -0.4 3.1 -0.8
v 0.1 3.1 -0.8
v 0.2 3.1 -0.8
v 0.4 3.1 -0.8
v 1.3 3.1 -0.8
v 1.5 3.1 -0.8
v 1.8 3.1 -0.8
v 2.2 3.1 -0.8
v 2.3 3.1 -0.8
v -2.3 3.1 -0.9
v -2.1 3.1 -0.9
v -1.7 3.1 -0.9
v -1.2 3.1 -0.9
v -0.8 3.1 -0.9
v -0.5 3.1 -0.9
v -0.4 3.1 -0.9
v 0.1 3.1 -0.9
v 0.2 3.1 -0.9
v 0.8 3.1 -0.9
v 1.3 3.1 -0.9
v 1.4 3.1 -0.9
v 1.5 3.1 -0.9
v 2.2 3.1 -0.9
v 2.3 3.1 -0.9
v -2.3 3.1 -1
v -1.7 3.1 -1
v -1.5 3.1 -1
v -1.4 3.1 -1
v -1.2 3.1 -1
v -0.7 3.1 -1
v -0.5 3.1 -1
v -0.4 3.1 -1
v -0.3 3.1 -1
v 0.3 3.1 -1
v 0.6 3.1 -1
v 0.8 3.1 -1
v 1.2 3.1 -1
v 1.4 3.1 -1
v 1.6 3.1 -1
v 2 3.1 -1
v 2.3 3.1 -1
v -1.9 3.1 -1.1
v -1.5 3.1 -1.1
v -1.4 3.1 -1.1
v -1.3 3.1 -1.1
v -0.8 3.1 -1.1
v -0.7 3.1 -1.1
v -0.6 3.1 -1.1
v -0.5 3.1 -1.1
v -0.4 3.1 -1.1
v 2.38419e-07 3.1 -1.1
v 0.3 3.1 -1.1
v 0.5 3.1 -1.1
v 0.6 3.1 -1.1
v 0.8 3.1 -1.1
v 1.2 3.1 -1.1
v 1.3 3.1 -1.1
v 1.6 3.1 -1.1
v 2 3.1 -1.1
v 2.3 3.1 -1.1
v -2.3 3.1 -1.2
v -2.2 3.1 -1.2
v -2.1 3.1 -1.2
v -1.9 3.1 -1.2
v -1.4 3.1 -1.2
v -1.3 3.1 -1.2
v -1 3.1 -1.2
v -0.8 3.1 -1.2
v -0.7 3.1 -1.2
v -0.6 3.1 -1.2
v -0.5 3.1 -1.2
v -0.3 3.1 -1.2
v 2.38419e-07 3.1 -1.2
v 0.2 3.1 -1.2
v 0.5 3.1 -1.2
v 0.8 3.1 -1.2
v 1.1 3.1 -1.2
v 1.3 3.1 -1.2
v 1.4 3.1 -1.2
v 1.6 3.1 -1.2
v 1.8 3.1 -1.2
v 2.2 3.1 -1.2
v -1.8 3.1 -1.3
v -1.4 3.1 -1.3
v -1.2 3.1 -1.3
v -1 3.1 -1.3
v -0.9 3.1 -1.3
v -0.8 3.1 -1.3
v -0.7 3.1 -1.3
v -0.6 3.1 -1.3
v -0.5 3.1 -1.3
v 0.2 3.1 -1.3
v 0.4 3.1 -1.3
v 0.5 3.1 -1.3
v 1.1 3.1 -1.3
v 1.4 3.1 -1.3
v 1.6 3.1 -1.3
v 1.7 3.1 -1.3
v 1.8 3.1 -1.3
v 2.2 3.1 -1.3
v -2.3 3.1 -1.5
v 2.3 3.1 -1.5
v -2.3 3.1 -1.6
v -2.1 3.1 -1.6
v -1.8 3.1 -1.6
v -1.7 3.1 -1.6
v -1.2 3.1 -1.6
v -1 3.1 -1.6
v -0.9 3.1 -1.6
v -0.8 3.1 -1.6
v -0.7 3.1 -1.6
v -0.6 3.1 -1.6
v -0.5 3.1 -1.6
v -0.4 3.1 -1.6
v 0.1 3.1 -1.6
v 0.3 3.1 -1.6
v 0.4 3.1 -1.6
v 0.6 3.1 -1.6
v 0.8 3.1 -1.6
v 1 3.1 -1.6
v 1.6 3.1 -1.6
v 1.7 3.1 -1.6
v 2.1 3.1 -1.6
v 2.3 3.1 -1.6
v -2.4 5.4 1.7
v -2.3 5.4 1.7
v 2.3 5.4 1.7
v 2.4 5.4 1.7
v -2.4 5.4 1.6
v -2.3 5.4 1.6
v -1.8 5.4 1.6
v -1.2 5.4 1.6
v -0.9 5.4 1.6
v -0.8 5.4 1.6
v -0.5 5.4 1.6
v 0.6 5.4 1.6
v 1.6 5.4 1.6
v 1.7 5.4 1.6
v 2.3 5.4 1.6
v 2.4 5.4 1.6
v -1.4 5.4 1.5
v -1.3 5.4 1.5
v -0.9 5.4 1.5
v -0.8 5.4 1.5
v -0.5 5.4 1.5
v -0.3 5.4 1.5
v 0.2 5.4 1.5
v 0.6 5.4 1.5
v -1.4 5.4 1.4
v -1.3 5.4 1.4
v -1.2 5.4 1.4
v -0.4 5.4 1.4
v -0.3 5.4 1.4
v -0.0999999 5.4 1.4
v 0.2 5.4 1.4
v 0.5 5.4 1.4
v 0.6 5.4 1.4
v -2.3 5.4 1.3
v -2.2 5.4 1.3
v -1.8 5.4 1.3
v -1.4 5.4 1.3
v -1.3 5.4 1.3
v -1 5.4 1.3
v -0.7 5.4 1.3
v -0.6 5.4 1.3
v -0.4 5.4 1.3
v -0.0999999 5.4 1.3
v 0.2 5.4 1.3
v 0.3 5.4 1.3
v 0.4 5.4 1.3
v 0.5 5.4 1.3
v 0.9 5.4 1.3
v 1.4 5.4 1.3
v 1.6 5.4 1.3
v 1.7 5.4 1.3
v 1.8 5.4 1.3
v 2.3 5.4 1.3
v -2.3 5.4 1.2
v -2.2 5.4 1.2
v -1.9 5.4 1.2
v -1.4 5.4 1.2
v -1.3 5.4 1.2
v -1 5.4 1.2
v -0.8 5.4 1.2
v -0.7 5.4 1.2
v -0.6 5.4 1.2
v -0.5 5.4 1.2
v -0.3 5.4 1.2
v 2.38419e-07 5.4 1.2
v 0.2 5.4 1.2
v 0.3 5.4 1.2
v 0.4 5.4 1.2
v 0.5 5.4 1.2
v 0.6 5.4 1.2
v 0.7 5.4 1.2
v 0.9 5.4 1.2
v 1.3 5.4 1.2
v 1.4 5.4 1.2
v 1.6 5.4 1.2
v 1.8 5.4 1.2
v 2.3 5.4 1.2
v -2.3 5.4 1.1
v -1.9 5.4 1.1
v -1.5 5.4 1.1
v -1.4 5.4 1.1
v -1.3 5.4 1.1
v -0.8 5.4 1.1
v -0.7 5.4 1.1
v -0.6 5.4 1.1
v -0.5 5.4 1.1
v -0.4 5.4 1.1
v 2.38419e-07 5.4 1.1
v 0.3 5.4 1.1
v 0.5 5.4 1.1
v 0.6 5.4 1.1
v 0.7 5.4 1.1
v 1 5.4 1.1
v 1.3 5.4 1.1
v 1.5 5.4 1.1
v 1.6 5.4 1.1
v 2 5.4 1.1
v 2.3 5.4 1.1
v -2.3 5.4 1
v -2.2 5.4 1
v -1.7 5.4 1
v -1.5 5.4 1
v -1.4 5.4 1
v -1.2 5.4 1
v -0.7 5.4 1
v -0.5 5.4 1
v -0.4 5.4 1
v -0.3 5.4 1
v 0.3 5.4 1
v 0.6 5.4 1
v 0.8 5.4 1
v 1 5.4 1
v 1.5 5.4 1
v 2 5.4 1
v 2.2 5.4 1
v 2.3 5.4 1
v -2.3 5.4 0.9
v -2.2 5.4 0.9
v -2.1 5.4 0.9
v -1.7 5.4 0.9
v -1.2 5.4 0.9
v -0.8 5.4 0.9
v -0.5 5.4 0.9
v -0.4 5.4 0.9
v 0.1 5.4 0.9
v 0.2 5.4 0.9
v 0.8 5.4 0.9
v 1.3 5.4 0.9
v 2.2 5.4 0.9
v 2.3 5.4 0.9
v -2.2 5.4 0.8
v -2.1 5.4 0.8
v -1.6 5.4 0.8
v -1.4 5.4 0.8
v -0.8 5.4 0.8
v -0.6 5.4 0.8
v -0.4 5.4 0.8
v 0.1 5.4 0.8
v 0.2 5.4 0.8
v 0.4 5.4 0.8
v 1.3 5.4 0.8
v 1.5 5.4 0.8
v 1.6 5.4 0.8
v 1.8 5.4 0.8
v -1.8 5.4 0.7
v -1.6 5.4 0.7
v -1.4 5.4 0.7
v -0.6 5.4 0.7
v 0.4 5.4 0.7
v 0.5 5.4 0.7
v 0.7 5.4 0.7
v 0.9 5.4 0.7
v 1.8 5.4 0.7
v 2.1 5.4 0.7
v 2.2 5.4 0.7
v 2.3 5.4 0.7
v -2 5.4 0.6
v -1.8 5.4 0.6
v -1.4 5.4 0.6
v 0.4 5.4 0.6
v 0.5 5.4 0.6
v 0.6 5.4 0.6
v 0.7 5.4 0.6
v 0.8 5.4 0.6
v 0.9 5.4 0.6
v 1.3 5.4 0.6
v 1.6 5.4 0.6
v 1.9 5.4 0.6
v 2.1 5.4 0.6
v 2.2 5.4 0.6
v -2.2 5.4 0.5
v -2 5.4 0.5
v -1.8 5.4 0.5
v -1.4 5.4 0.5
v -0.3 5.4 0.5
v 0.1 5.4 0.5
v 0.4 5.4 0.5
v 0.5 5.4 0.5
v 0.6 5.4 0.5
v 0.7 5.4 0.5
v 0.8 5.4 0.5
v 1.2 5.4 0.5
v 1.3 5.4 0.5
v 1.5 5.4 0.5
v 1.9 5.4 0.5
v 2.2 5.4 0.5
v -2.2 5.4 0.4
v -2.1 5.4 0.4
v -2 5.4 0.4
v -1.8 5.4 0.4
v -1.4 5.4 0.4
v -1.2 5.4 0.4
v -1 5.4 0.4
v -0.3 5.4 0.4
v 2.38419e-07 5.4 0.4
v 0.1 5.4 0.4
v 0.3 5.4 0.4
v 0.5 5.4 0.4
v 0.6 5.4 0.4
v 0.7 5.4 0.4
v 1 5.4 0.4
v 1.2 5.4 0.4
v 1.5 5.4 0.4
v 1.6 5.4 0.4
v 2.2 5.4 0.4
v 2.3 5.4 0.4
v -2.1 5.4 0.3
v -2 5.4 0.3
v -1.5 5.4 0.3
v -1.4 5.4 0.3
v -1.2 5.4 0.3
v -1 5.4 0.3
v -0.3 5.4 0.3
v -0.0999999 5.4 0.3
v 0.2 5.4 0.3
v 0.3 5.4 0.3
v 0.6 5.4 0.3
v 0.9 5.4 0.3
v 1 5.4 0.3
v 1.3 5.4 0.3
v 1.5 5.4 0.3
v 1.6 5.4 0.3
v -2.3 5.4 0.2
v -2.1 5.4 0.2
v -1.8 5.4 0.2
v -1.7 5.4 0.2
v -1.5 5.4 0.2
v -0.8 5.4 0.2
v -0.0999999 5.4 0.2
v 2.38419e-07 5.4 0.2
v 0.1 5.4 0.2
v 0.2 5.4 0.2
v 0.4 5.4 0.2
v 0.5 5.4 0.2
v 1.3 5.4 0.2
v 1.7 5.4 0.2
v -2.1 5.4 0.1
v -1.8 5.4 0.1
v -1.7 5.4 0.1
v -1.4 5.4 0.1
v -0.8 5.4 0.1
v 0.1 5.4 0.1
v 0.4 5.4 0.1
v 0.5 5.4 0.1
v 0.9 5.4 0.1
v 1.7 5.4 0.1
v 2 5.4 0.1
v -1.8 5.4 0
v -1.4 5.4 0
v -0.9 5.4 0
v 0.3 5.4 0
v 0.5 5.4 0
v 2 5.4 0
v 2.1 5.4 0
v -2 5.4 -0.0999999
v -1.8 5.4 -0.0999999
v -1.6 5.4 -0.0999999
v -1.5 5.4 -0.0999999
v -0.9 5.4 -0.0999999
v 0.3 5.4 -0.0999999
v 0.6 5.4 -0.0999999
v 1.7 5.4 -0.0999999
v 2.1 5.4 -0.0999999
v 2.3 5.4 -0.0999999
v -2.3 5.4 -0.2
v -2.1 5.4 -0.2
v -2 5.4 -0.2
v -1.6 5.4 -0.2
v -1.5 5.4 -0.2
v -1.4 5.4 -0.2
v -0.5 5.4 -0.2
v 0.1 5.4 -0.2
v 0.6 5.4 -0.2
v 1.7 5.4 -0.2
v 2.2 5.4 -0.2
v -2.1 5.4 -0.3
v -2 5.4 -0.3
v -1.8 5.4 -0.3
v -1.4 5.4 -0.3
v -1.3 5.4 -0.3
v -0.5 5.4 -0.3
v -0.3 5.4 -0.3
v 0.1 5.4 -0.3
v 0.5 5.4 -0.3
v 0.9 5.4 -0.3
v 1.5 5.4 -0.3
v 2.2 5.4 -0.3
v 2.3 5.4 -0.3
v -2.2 5.4 -0.4
v -2 5.4 -0.4
v -1.5 5.4 -0.4
v -1.4 5.4 -0.4
v -1.3 5.4 -0.4
v -0.9 5.4 -0.4
v -0.3 5.4 -0.4
v 2.38419e-07 5.4 -0.4
v 0.1 5.4 -0.4
v 0.4 5.4 -0.4
v 0.5 5.4 -0.4
v 0.7 5.4 -0.4
v 0.9 5.4 -0.4
v 1.2 5.4 -0.4
v 2.2 5.4 -0.4
v 2.3 5.4 -0.4
v -2.2 5.4 -0.5
v -2 5.4 -0.5
v -1.8 5.4 -0.5
v -1.5 5.4 -0.5
v -1.1 5.4 -0.5
v -0.9 5.4 -0.5
v 2.38419e-07 5.4 -0.5
v 0.1 5.4 -0.5
v 0.2 5.4 -0.5
v 0.4 5.4 -0.5
v 0.6 5.4 -0.5
v 0.7 5.4 -0.5
v 0.8 5.4 -0.5
v 1.2 5.4 -0.5
v 1.3 5.4 -0.5
v 1.5 5.4 -0.5
v 1.9 5.4 -0.5
v 2.2 5.4 -0.5
v -2 5.4 -0.6
v -1.8 5.4 -0.6
v -1.2 5.4 -0.6
v -1.1 5.4 -0.6
v -0.5 5.4 -0.6
v 0.2 5.4 -0.6
v 0.5 5.4 -0.6
v 0.6 5.4 -0.6
v 0.7 5.4 -0.6
v 0.8 5.4 -0.6
v 0.9 5.4 -0.6
v 1.3 5.4 -0.6
v 1.6 5.4 -0.6
v 1.9 5.4 -0.6
v 2 5.4 -0.6
v 2.2 5.4 -0.6
v -2.2 5.4 -0.7
v -2.1 5.4 -0.7
v -1.8 5.4 -0.7
v -1.6 5.4 -0.7
v -1.4 5.4 -0.7
v -1.2 5.4 -0.7
v -0.6 5.4 -0.7
v -0.5 5.4 -0.7
v 0.4 5.4 -0.7
v 0.5 5.4 -0.7
v 0.7 5.4 -0.7
v 0.9 5.4 -0.7
v 1.5 5.4 -0.7
v 1.6 5.4 -0.7
v 1.8 5.4 -0.7
v 2 5.4 -0.7
v 2.2 5.4 -0.7
v 2.3 5.4 -0.7
v -2.3 5.4 -0.8
v -2.2 5.4 -0.8
v -2.1 5.4 -0.8
v -1.6 5.4 -0.8
v -1.4 5.4 -0.8
v -0.8 5.4 -0.8
v -0.6 5.4 -0.8
v -0.4 5.4 -0.8
v 0.1 5.4 -0.8
v 0.2 5.4 -0.8
v 0.4 5.4 -0.8
v 1.3 5.4 -0.8
v 1.5 5.4 -0.8
v 1.8 5.4 -0.8
v 2.2 5.4 -0.8
v 2.3 5.4 -0.8
v -2.1 5.4 -0.9
v -1.7 5.4 -0.9
v -1.2 5.4 -0.9
v -0.8 5.4 -0.9
v -0.5 5.4 -0.9
v -0.4 5.4 -0.9
v 0.1 5.4 -0.9
v 0.2 5.4 -0.9
v 0.8 5.4 -0.9
v 1.3 5.4 -0.9
v 1.4 5.4 -0.9
v 1.5 5.4 -0.9
v 2.2 5.4 -0.9
v 2.3 5.4 -0.9
v -1.7 5.4 -1
v -1.5 5.4 -1
v -1.4 5.4 -1
v -1.2 5.4 -1
v -0.7 5.4 -1
v -0.5 5.4 -1
v -0.4 5.4 -1
v -0.3 5.4 -1
v 0.3 5.4 -1
v 0.6 5.4 -1
v 0.8 5.4 -1
v 1.2 5.4 -1
v 1.4 5.4 -1
v 1.6 5.4 -1
v 2 5.4 -1
v -1.9 5.4 -1.1
v -1.5 5.4 -1.1
v -1.4 5.4 -1.1
v -1.3 5.4 -1.1
v -0.8 5.4 -1.1
v -0.7 5.4 -1.1
v -0.6 5.4 -1.1
v -0.5 5.4 -1.1
v -0.4 5.4 -1.1
v 2.38419e-07 5.4 -1.1
v 0.3 5.4 -1.1
v 0.5 5.4 -1.1
v 0.6 5.4 -1.1
v 0.8 5.4 -1.1
v 1.2 5.4 -1.1
v 1.3 5.4 -1.1
v 1.6 5.4 -1.1
v 2 5.4 -1.1
v -2.3 5.4 -1.2
v -2.2 5.4 -1.2
v -2.1 5.4 -1.2
v -1.9 5.4 -1.2
v -1.4 5.4 -1.2
v -1.3 5.4 -1.2
v -1 5.4 -1.2
v -0.8 5.4 -1.2
v -0.7 5.4 -1.2
v -0.6 5.4 -1.2
v -0.5 5.4 -1.2
v -0.3 5.4 -1.2
v 2.38419e-07 5.4 -1.2
v 0.2 5.4 -1.2
v 0.5 5.4 -1.2
v 0.8 5.4 -1.2
v 1.1 5.4 -1.2
v 1.3 5.4 -1.2
v 1.4 5.4 -1.2
v 1.6 5.4 -1.2
v 1.8 5.4 -1.2
v 2.2 5.4 -1.2
v -1.8 5.4 -1.3
v -1.4 5.4 -1.3
v -1.2 5.4 -1.3
v -1 5.4 -1.3
v -0.9 5.4 -1.3
v -0.8 5.4 -1.3
v -0.7 5.4 -1.3
v -0.6 5.4 -1.3
v -0.5 5.4 -1.3
v 0.2 5.4 -1.3
v 0.4 5.4 -1.3
v 0.5 5.4 -1.3
v 1.1 5.4 -1.3
v 1.4 5.4 -1.3
v 1.6 5.4 -1.3
v 1.7 5.4 -1.3
v 1.8 5.4 -1.3
v 2.2 5.4 -1.3
v -2.3 5.4 -1.5
v 2.3 5.4 -1.5
v -2.3 5.4 -1.6
v -2 5.4 -1.6
v -1.9 5.4 -1.6
v -1.8 5.4 -1.6
v -1.4 5.4 -1.6
v -1.3 5.4 -1.6
v -1.2 5.4 -1.6
v -1.1 5.4 -1.6
v -0.9 5.4 -1.6
v -0.8 5.4 -1.6
v -0.5 5.4 -1.6
v -0.3 5.4 -1.6
v -0.0999999 5.4 -1.6
v 0.4 5.4 -1.6
v 0.7 5.4 -1.6
v 1.1 5.4 -1.6
v 1.3 5.4 -1.6
v 1.4 5.4 -1.6
v 1.6 5.4 -1.6
v 1.7 5.4 -1.6
v 2.3 5.4 -1.6
v -2.7 7.2 1.7
v -2.6 7.2 1.7
v 2.6 7.2 1.7
v 2.7 7.2 1.7
v -2.8 7.2 1.6
v -2.7 7.2 1.6
v -2.6 7.2 1.6
v 2.6 7.2 1.6
v 2.7 7.2 1.6
v 2.8 7.2 1.6
v -2.8 7.2 1.5
v -2.7 7.2 1.5
v 2.7 7.2 1.5
v 2.8 7.2 1.5
v -2.7 7.2 1.4
v 2.7 7.2 1.4
v -2.7 7.2 1.2
v 2.7 7.2 1.2
v -2.8 7.2 1.1
v -2.7 7.2 1.1
v 2.7 7.2 1.1
v 2.8 7.2 1.1
v -2.7 7.2 0.9
v -2.8 7.2 0.7
v -2.7 7.2 0.7
v 2.7 7.2 0.7
v 2.8 7.2 0.7
v -2.8 7.2 0.6
v -2.7 7.2 0.6
v 2.7 7.2 0.6
v 2.8 7.2 0.6
v -2.8 7.2 0.3
v -2.7 7.2 0.3
v 2.7 7.2 0.3
v 2.8 7.2 0.3
v -2.7 7.2 0.2
v 2.7 7.2 0.2
v -2.8 7.2 0
v -2.7 7.2 0
v 2.7 7.2 0
v 2.8 7.2 0
v -2.8 7.2 -0.3
v -2.7 7.2 -0.3
v 2.7 7.2 -0.3
v 2.8 7.2 -0.3
v -2.8 7.2 -0.4
v -2.7 7.2 -0.4
v 2.7 7.2 -0.4
v 2.8 7.2 -0.4
v -2.8 7.2 -0.6
v -2.7 7.2 -0.6
v 2.7 7.2 -0.6
v 2.8 7.2 -0.6
v -2.8 7.2 -0.7
v -2.7 7.2 -0.7
v 2.7 7.2 -0.7
v 2.8 7.2 -0.7
v -2.8 7.2 -0.8
v -2.7 7.2 -0.8
v 2.7 7.2 -0.8
v 2.8 7.2 -0.8
v -2.7 7.2 -0.9
v 2.7 7.2 -0.9
v -2.8 7.2 -1.1
v -2.7 7.2 -1.1
v 2.7 7.2 -1.1
v 2.8 7.2 -1.1
v -2.8 7.2 -1.2
v -2.7 7.2 -1.2
v 2.7 7.2 -1.2
v 2.8 7.2 -1.2
v -2.7 7.2 -1.4
v 2.7 7.2 -1.4
v -2.8 7.2 -1.5
v -2.7 7.2 -1.5
v 2.7 7.2 -1.5
v 2.8 7.2 -1.5
v -2.8 7.2 -1.6
v -2.7 7.2 -1.6
v -2.6 7.2 -1.6
v 2.6 7.2 -1.6
v 2.7 7.2 -1.6
v 2.8 7.2 -1.6
v -2.7 7.2 -1.7
v -2.6 7.2 -1.7
v 2.6 7.2 -1.7
v 2.7 7.2 -1.7
v -2.6 7.4 1.7
v 2.6 7.4 1.7
v -2.7 7.4 1.6
v -2.6 7.4 1.6
v -2.5 7.4 1.6
v -2.3 7.4 1.6
v -1.6 7.4 1.6
v -1.1 7.4 1.6
v -0.8 7.4 1.6
v -0.7 7.4 1.6
v 0.2 7.4 1.6
v 1.5 7.4 1.6
v 2 7.4 1.6
v 2.3 7.4 1.6
v 2.5 7.4 1.6
v 2.6 7.4 1.6
v 2.7 7.4 1.6
v -2.6 7.4 1.5
v -2.5 7.4 1.5
v 2.5 7.4 1.5
v 2.6 7.4 1.5
v -2.6 7.4 1.4
v 2.6 7.4 1.4
v -2.7 7.4 1.2
v -2.6 7.4 1.2
v 2.6 7.4 1.2
v 2.7 7.4 1.2
v -2.6 7.4 1.1
v 2.6 7.4 1.1
v 2.7 7.4 1.1
v -2.6 7.4 1
v 2.6 7.4 1
v 2.7 7.4 1
v -2.7 7.4 0.9
v -2.6 7.4 0.9
v 2.6 7.4 0.9
v 2.7 7.4 0.9
v -2.7 7.4 0.8
v -2.6 7.4 0.8
v 2.6 7.4 0.8
v -2.7 7.4 0.7
v -2.6 7.4 0.7
v 2.6 7.4 0.6
v -2.6 7.4 0.5
v -2.7 7.4 0.3
v -2.6 7.4 0.3
v 2.6 7.4 0.3
v 2.7 7.4 0.3
v -2.7 7.4 0.2
v -2.6 7.4 0.2
v 2.6 7.4 0.2
v 2.7 7.4 0.2
v -2.6 7.4 0.1
v 2.6 7.4 0
v 2.6 7.4 -0.2
v -2.6 7.4 -0.4
v 2.6 7.4 -0.4
v -2.6 7.4 -0.5
v -2.7 7.4 -0.7
v -2.6 7.4 -0.7
v 2.6 7.4 -0.7
v 2.7 7.4 -0.7
v -2.7 7.4 -0.8
v -2.6 7.4 -0.8
v 2.6 7.4 -0.8
v 2.7 7.4 -0.8
v -2.7 7.4 -0.9
v -2.6 7.4 -0.9
v 2.6 7.4 -0.9
v 2.7 7.4 -0.9
v -2.6 7.4 -1
v -2.6 7.4 -1.1
v -2.7 7.4 -1.2
v -2.6 7.4 -1.2
v 2.6 7.4 -1.2
v 2.7 7.4 -1.2
v 2.6 7.4 -1.3
v -2.6 7.4 -1.4
v 2.5 7.4 -1.4
v 2.6 7.4 -1.4
v -2.6 7.4 -1.5
v -2.5 7.4 -1.5
v 2.5 7.4 -1.5
v 2.6 7.4 -1.5
v -2.7 7.4 -1.6
v -2.6 7.4 -1.6
v -2.5 7.4 -1.6
v -2.3 7.4 -1.6
v -2.1 7.4 -1.6
v -1.6 7.4 -1.6
v -1.2 7.4 -1.6
v -1.1 7.4 -1.6
v -0.8 7.4 -1.6
v -0.7 7.4 -1.6
v -0.3 7.4 -1.6
v -0.2 7.4 -1.6
v 0.2 7.4 -1.6
v 0.6 7.4 -1.6
v 0.8 7.4 -1.6
v 0.9 7.4 -1.6
v 1.2 7.4 -1.6
v 1.5 7.4 -1.6
v 2 7.4 -1.6
v 2.2 7.4 -1.6
v 2.3 7.4 -1.6
v 2.4 7.4 -1.6
v 2.5 7.4 -1.6
v 2.6 7.4 -1.6
v 2.7 7.4 -1.6
v -2.6 7.4 -1.7
v -2.3 7.4 -1.7
v -2.1 7.4 -1.7
v -1.6 7.4 -1.7
v -1.2 7.4 -1.7
v -0.3 7.4 -1.7
v 0.2 7.4 -1.7
v 0.6 7.4 -1.7
v 0.9 7.4 -1.7
v 2.2 7.4 -1.7
v 2.4 7.4 -1.7
v 2.6 7.4 -1.7
v -2.5 7.5 1.6
v -2.3 7.5 1.6
v -1.6 7.5 1.6
v -1.1 7.5 1.6
v -0.8 7.5 1.6
v -0.7 7.5 1.6
v 0.2 7.5 1.6
v 1.5 7.5 1.6
v 2 7.5 1.6
v 2.3 7.5 1.6
v 2.5 7.5 1.6
v -2.6 7.5 1.5
v -2.5 7.5 1.5
v -2.3 7.5 1.5
v -2.1 7.5 1.5
v -1.6 7.5 1.5
v -1.4 7.5 1.5
v -1.1 7.5 1.5
v -0.9 7.5 1.5
v -0.8 7.5 1.5
v -0.7 7.5 1.5
v -0.5 7.5 1.5
v -0.3 7.5 1.5
v 2.38419e-07 7.5 1.5
v 0.2 7.5 1.5
v 0.5 7.5 1.5
v 1.1 7.5 1.5
v 1.2 7.5 1.5
v 1.5 7.5 1.5
v 1.8 7.5 1.5
v 2 7.5 1.5
v 2.3 7.5 1.5
v 2.5 7.5 1.5
v 2.6 7.5 1.5
v -2.6 7.5 1.4
v -2.5 7.5 1.4
v -2.4 7.5 1.4
v -2.1 7.5 1.4
v -1.4 7.5 1.4
v -0.9 7.5 1.4
v -0.7 7.5 1.4
v -0.5 7.5 1.4
v -0.3 7.5 1.4
v 2.38419e-07 7.5 1.4
v 0.5 7.5 1.4
v 0.8 7.5 1.4
v 1.1 7.5 1.4
v 1.2 7.5 1.4
v 1.4 7.5 1.4
v 1.6 7.5 1.4
v 1.7 7.5 1.4
v 1.8 7.5 1.4
v 2.3 7.5 1.4
v 2.4 7.5 1.4
v 2.5 7.5 1.4
v 2.6 7.5 1.4
v -2.5 7.5 1.3
v -2.4 7.5 1.3
v 2.4 7.5 1.3
v 2.5 7.5 1.3
v 2.5 7.5 1.2
v -2.6 7.5 1.1
v -2.5 7.5 1.1
v -2.6 7.5 1
v -2.5 7.5 1
v 2.5 7.5 1
v 2.6 7.5 1
v -2.6 7.5 0.9
v -2.5 7.5 0.9
v -2.6 7.5 0.8
v -2.5 7.5 0.8
v 2.5 7.5 0.8
v 2.6 7.5 0.8
v 2.5 7.5 0.6
v 2.6 7.5 0.6
v -2.6 7.5 0.5
v -2.5 7.5 0.5
v 2.5 7.5 0.4
v 2.5 7.5 0.3
v 2.6 7.5 0.3
v -2.5 7.5 0.2
v -2.6 7.5 0.1
v -2.5 7.5 0.1
v 2.5 7.5 0
v 2.6 7.5 0
v -2.5 7.5 -0.2
v 2.5 7.5 -0.2
v 2.6 7.5 -0.2
v 2.5 7.5 -0.3
v -2.6 7.5 -0.4
v -2.5 7.5 -0.4
v 2.5 7.5 -0.4
v 2.6 7.5 -0.4
v -2.6 7.5 -0.5
v -2.5 7.5 -0.5
v 2.5 7.5 -0.7
v 2.6 7.5 -0.7
v -2.6 7.5 -0.8
v -2.5 7.5 -0.8
v 2.5 7.5 -0.8
v 2.6 7.5 -0.8
v -2.6 7.5 -0.9
v -2.5 7.5 -0.9
v 2.5 7.5 -0.9
v 2.6 7.5 -0.9
v -2.6 7.5 -1
v -2.5 7.5 -1
v 2.5 7.5 -1
v -2.6 7.5 -1.1
v -2.5 7.5 -1.1
v 2.5 7.5 -1.2
v 2.6 7.5 -1.2
v -2.5 7.5 -1.3
v -2.4 7.5 -1.3
v 2.4 7.5 -1.3
v 2.5 7.5 -1.3
v 2.6 7.5 -1.3
v -2.6 7.5 -1.4
v -2.5 7.5 -1.4
v -2.4 7.5 -1.4
v -2.1 7.5 -1.4
v -1.4 7.5 -1.4
v -0.9 7.5 -1.4
v -0.7 7.5 -1.4
v -0.5 7.5 -1.4
v -0.3 7.5 -1.4
v 2.38419e-07 7.5 -1.4
v 0.5 7.5 -1.4
v 0.9 7.5 -1.4
v 1.4 7.5 -1.4
v 1.8 7.5 -1.4
v 2.3 7.5 -1.4
v 2.4 7.5 -1.4
v 2.5 7.5 -1.4
v 2.6 7.5 -1.4
v -2.6 7.5 -1.5
v -2.5 7.5 -1.5
v -2.3 7.5 -1.5
v -2.1 7.5 -1.5
v -1.6 7.5 -1.5
v -1.4 7.5 -1.5
v -1.1 7.5 -1.5
v -0.9 7.5 -1.5
v -0.8 7.5 -1.5
v -0.7 7.5 -1.5
v -0.5 7.5 -1.5
v -0.2 7.5 -1.5
v 2.38419e-07 7.5 -1.5
v 0.2 7.5 -1.5
v 0.5 7.5 -1.5
v 0.8 7.5 -1.5
v 0.9 7.5 -1.5
v 1.2 7.5 -1.5
v 1.4 7.5 -1.5
v 1.5 7.5 -1.5
v 1.8 7.5 -1.5
v 2 7.5 -1.5
v 2.3 7.5 -1.5
v 2.5 7.5 -1.5
v -2.5 7.5 -1.6
v -2.3 7.5 -1.6
v -1.6 7.5 -1.6
v -1.1 7.5 -1.6
v -0.8 7.5 -1.6
v -0.7 7.5 -1.6
v -0.3 7.5 -1.6
v -0.2 7.5 -1.6
v 0.2 7.5 -1.6
v 0.8 7.5 -1.6
v 1.2 7.5 -1.6
v 1.5 7.5 -1.6
v 2 7.5 -1.6
v 2.3 7.5 -1.6
v 2.5 7.5 -1.6
v -2.4 7.6 1.4
v -2.1 7.6 1.4
v -1.4 7.6 1.4
v -0.9 7.6 1.4
v -0.7 7.6 1.4
v -0.5 7.6 1.4
v -0.3 7.6 1.4
v 2.38419e-07 7.6 1.4
v 0.5 7.6 1.4
v 0.8 7.6 1.4
v 1.4 7.6 1.4
v 1.6 7.6 1.4
v 1.7 7.6 1.4
v 1.8 7.6 1.4
v 2.4 7.6 1.4
v -2.5 7.6 1.3
v -2.4 7.6 1.3
v -2.1 7.6 1.3
v -1.7 7.6 1.3
v -1.5 7.6 1.3
v -1.4 7.6 1.3
v -0.9 7.6 1.3
v -0.8 7.6 1.3
v -0.7 7.6 1.3
v -0.5 7.6 1.3
v -0.4 7.6 1.3
v 2.38419e-07 7.6 1.3
v 0.3 7.6 1.3
v 0.5 7.6 1.3
v 0.7 7.6 1.3
v 0.8 7.6 1.3
v 1.1 7.6 1.3
v 1.4 7.6 1.3
v 1.6 7.6 1.3
v 1.8 7.6 1.3
v 2.2 7.6 1.3
v 2.4 7.6 1.3
v 2.5 7.6 1.3
v -1.9 7.6 1.2
v -1.7 7.6 1.2
v -1.5 7.6 1.2
v -1.3 7.6 1.2
v -0.8 7.6 1.2
v -0.6 7.6 1.2
v -0.5 7.6 1.2
v -0.4 7.6 1.2
v -0.3 7.6 1.2
v 0.3 7.6 1.2
v 0.7 7.6 1.2
v 0.9 7.6 1.2
v 1.1 7.6 1.2
v 1.6 7.6 1.2
v 1.7 7.6 1.2
v 2.2 7.6 1.2
v 2.4 7.6 1.2
v 2.5 7.6 1.2
v -2.3 7.6 1.1
v -1.9 7.6 1.1
v -1.3 7.6 1.1
v -0.9 7.6 1.1
v -0.6 7.6 1.1
v -0.4 7.6 1.1
v 0.1 7.6 1.1
v 0.2 7.6 1.1
v 0.9 7.6 1.1
v 1.4 7.6 1.1
v 1.6 7.6 1.1
v 1.7 7.6 1.1
v -2.5 7.6 1
v -2.3 7.6 1
v -1.8 7.6 1
v -1.5 7.6 1
v -0.9 7.6 1
v -0.7 7.6 1
v -0.4 7.6 1
v 0.1 7.6 1
v 0.2 7.6 1
v 0.4 7.6 1
v 1.4 7.6 1
v 1.7 7.6 1
v 1.8 7.6 1
v 2 7.6 1
v 2.3 7.6 1
v 2.4 7.6 1
v -2 7.6 0.9
v -1.8 7.6 0.9
v -1.5 7.6 0.9
v -0.7 7.6 0.9
v 0.4 7.6 0.9
v 0.5 7.6 0.9
v 0.8 7.6 0.9
v 1 7.6 0.9
v 2 7.6 0.9
v 2.3 7.6 0.9
v 2.4 7.6 0.9
v -2.4 7.6 0.8
v -2.3 7.6 0.8
v -2.2 7.6 0.8
v -2 7.6 0.8
v -1.6 7.6 0.8
v 0.4 7.6 0.8
v 0.5 7.6 0.8
v 0.7 7.6 0.8
v 0.8 7.6 0.8
v 0.9 7.6 0.8
v 1 7.6 0.8
v 1.4 7.6 0.8
v 1.8 7.6 0.8
v 2.1 7.6 0.8
v -2.4 7.6 0.6
v -2.3 7.6 0.6
v -2.2 7.6 0.6
v -2 7.6 0.6
v -1.6 7.6 0.6
v -0.3 7.6 0.6
v 0.1 7.6 0.6
v 0.4 7.6 0.6
v 0.6 7.6 0.6
v 0.7 7.6 0.6
v 0.8 7.6 0.6
v 0.9 7.6 0.6
v 1.3 7.6 0.6
v 1.4 7.6 0.6
v 1.7 7.6 0.6
v 2.1 7.6 0.6
v 2.3 7.6 0.6
v -2.2 7.6 0.5
v -2 7.6 0.5
v -1.6 7.6 0.5
v -1.3 7.6 0.5
v -1.1 7.6 0.5
v -0.3 7.6 0.5
v 2.38419e-07 7.6 0.5
v 0.1 7.6 0.5
v 0.3 7.6 0.5
v 0.6 7.6 0.5
v 0.7 7.6 0.5
v 0.8 7.6 0.5
v 1.1 7.6 0.5
v 1.3 7.6 0.5
v 1.6 7.6 0.5
v 1.7 7.6 0.5
v 1.8 7.6 0.5
v 2.3 7.6 0.5
v 2.4 7.6 0.5
v -2.3 7.6 0.4
v -2.2 7.6 0.4
v -1.7 7.6 0.4
v -1.6 7.6 0.4
v -1.3 7.6 0.4
v -1.1 7.6 0.4
v -0.3 7.6 0.4
v -0.0999999 7.6 0.4
v 0.2 7.6 0.4
v 0.3 7.6 0.4
v 0.7 7.6 0.4
v 1 7.6 0.4
v 1.1 7.6 0.4
v 1.4 7.6 0.4
v 1.6 7.6 0.4
v 1.8 7.6 0.4
v 2.4 7.6 0.4
v 2.5 7.6 0.4
v -2 7.6 0.3
v -1.9 7.6 0.3
v -1.7 7.6 0.3
v -0.9 7.6 0.3
v -0.0999999 7.6 0.3
v 2.38419e-07 7.6 0.3
v 0.1 7.6 0.3
v 0.2 7.6 0.3
v 0.4 7.6 0.3
v 0.5 7.6 0.3
v 1.4 7.6 0.3
v 1.9 7.6 0.3
v -2.5 7.6 0.2
v -2 7.6 0.2
v -1.9 7.6 0.2
v -1.6 7.6 0.2
v -0.9 7.6 0.2
v 0.1 7.6 0.2
v 0.4 7.6 0.2
v 0.5 7.6 0.2
v 0.6 7.6 0.2
v 1 7.6 0.2
v 1.9 7.6 0.2
v 2.2 7.6 0.2
v 2.3 7.6 0.2
v 2.4 7.6 0.2
v -2 7.6 0.1
v -1.6 7.6 0.1
v -1 7.6 0.1
v 0.3 7.6 0.1
v 0.6 7.6 0.1
v 2.2 7.6 0.1
v 2.3 7.6 0.1
v -2.4 7.6 0
v -2.3 7.6 0
v -2.2 7.6 0
v -2 7.6 0
v -1.8 7.6 0
v -1.7 7.6 0
v -1.6 7.6 0
v -1.5 7.6 0
v -1 7.6 0
v 0.3 7.6 0
v 0.7 7.6 0
v 1.9 7.6 0
v 2.4 7.6 0
v 2.5 7.6 0
v -2.5 7.6 -0.2
v -2.4 7.6 -0.2
v -2.2 7.6 -0.2
v -1.8 7.6 -0.2
v -1.7 7.6 -0.2
v -1.6 7.6 -0.2
v -1.5 7.6 -0.2
v -0.5 7.6 -0.2
v 0.1 7.6 -0.2
v 0.7 7.6 -0.2
v 1.9 7.6 -0.2
v 2.3 7.6 -0.2
v -2.3 7.6 -0.3
v -2.2 7.6 -0.3
v -2 7.6 -0.3
v -1.6 7.6 -0.3
v -1.5 7.6 -0.3
v -1.4 7.6 -0.3
v -0.5 7.6 -0.3
v -0.3 7.6 -0.3
v 0.1 7.6 -0.3
v 0.5 7.6 -0.3
v 1 7.6 -0.3
v 1.6 7.6 -0.3
v 2.4 7.6 -0.3
v 2.5 7.6 -0.3
v -2.3 7.6 -0.4
v -2.2 7.6 -0.4
v -2 7.6 -0.4
v -1.4 7.6 -0.4
v -0.3 7.6 -0.4
v 0.5 7.6 -0.4
v 1 7.6 -0.4
v 1.1 7.6 -0.4
v 1.6 7.6 -0.4
v 1.8 7.6 -0.4
v 2.3 7.6 -0.4
v 2.5 7.6 -0.4
v -2.2 7.6 -0.5
v -2 7.6 -0.5
v -1.7 7.6 -0.5
v -1.5 7.6 -0.5
v -1 7.6 -0.5
v -0.3 7.6 -0.5
v 2.38419e-07 7.6 -0.5
v 0.1 7.6 -0.5
v 0.4 7.6 -0.5
v 0.5 7.6 -0.5
v 0.8 7.6 -0.5
v 1.1 7.6 -0.5
v 1.3 7.6 -0.5
v 1.6 7.6 -0.5
v 1.7 7.6 -0.5
v 1.8 7.6 -0.5
v 2.3 7.6 -0.5
v 2.4 7.6 -0.5
v -2.4 7.6 -0.7
v -2.3 7.6 -0.7
v -2.2 7.6 -0.7
v -2 7.6 -0.7
v -1.7 7.6 -0.7
v -1.2 7.6 -0.7
v -1 7.6 -0.7
v 2.38419e-07 7.6 -0.7
v 0.1 7.6 -0.7
v 0.2 7.6 -0.7
v 0.4 7.6 -0.7
v 0.7 7.6 -0.7
v 0.8 7.6 -0.7
v 0.9 7.6 -0.7
v 1.3 7.6 -0.7
v 1.4 7.6 -0.7
v 1.7 7.6 -0.7
v 2.1 7.6 -0.7
v 2.3 7.6 -0.7
v -2.4 7.6 -0.8
v -2.3 7.6 -0.8
v -2.2 7.6 -0.8
v -2 7.6 -0.8
v -1.3 7.6 -0.8
v -1.2 7.6 -0.8
v -0.5 7.6 -0.8
v 0.2 7.6 -0.8
v 0.5 7.6 -0.8
v 0.7 7.6 -0.8
v 0.8 7.6 -0.8
v 0.9 7.6 -0.8
v 1 7.6 -0.8
v 1.4 7.6 -0.8
v 1.8 7.6 -0.8
v 2.1 7.6 -0.8
v 2.2 7.6 -0.8
v 2.3 7.6 -0.8
v -2 7.6 -0.9
v -1.8 7.6 -0.9
v -1.5 7.6 -0.9
v -1.3 7.6 -0.9
v -0.7 7.6 -0.9
v -0.5 7.6 -0.9
v 0.4 7.6 -0.9
v 0.5 7.6 -0.9
v 0.8 7.6 -0.9
v 1 7.6 -0.9
v 1.6 7.6 -0.9
v 1.8 7.6 -0.9
v 2 7.6 -0.9
v 2.2 7.6 -0.9
v 2.3 7.6 -0.9
v 2.4 7.6 -0.9
v -2.5 7.6 -1
v -2.3 7.6 -1
v -1.8 7.6 -1
v -1.5 7.6 -1
v -0.9 7.6 -1
v -0.7 7.6 -1
v -0.4 7.6 -1
v 0.1 7.6 -1
v 0.2 7.6 -1
v 0.4 7.6 -1
v 1.4 7.6 -1
v 1.6 7.6 -1
v 1.7 7.6 -1
v 2 7.6 -1
v 2.3 7.6 -1
v 2.5 7.6 -1
v -2.3 7.6 -1.1
v -1.9 7.6 -1.1
v -1.3 7.6 -1.1
v -0.9 7.6 -1.1
v -0.6 7.6 -1.1
v -0.4 7.6 -1.1
v 0.1 7.6 -1.1
v 0.2 7.6 -1.1
v 0.9 7.6 -1.1
v 1.4 7.6 -1.1
v 1.5 7.6 -1.1
v 1.7 7.6 -1.1
v -1.9 7.6 -1.2
v -1.7 7.6 -1.2
v -1.5 7.6 -1.2
v -1.3 7.6 -1.2
v -0.8 7.6 -1.2
v -0.6 7.6 -1.2
v -0.5 7.6 -1.2
v -0.4 7.6 -1.2
v -0.3 7.6 -1.2
v 0.3 7.6 -1.2
v 0.7 7.6 -1.2
v 0.9 7.6 -1.2
v 1.3 7.6 -1.2
v 1.5 7.6 -1.2
v 1.8 7.6 -1.2
v 2.2 7.6 -1.2
v 2.3 7.6 -1.2
v 2.5 7.6 -1.2
v -2.5 7.6 -1.3
v -2.4 7.6 -1.3
v -2.1 7.6 -1.3
v -1.7 7.6 -1.3
v -1.5 7.6 -1.3
v -1.4 7.6 -1.3
v -0.9 7.6 -1.3
v -0.8 7.6 -1.3
v -0.7 7.6 -1.3
v -0.5 7.6 -1.3
v -0.4 7.6 -1.3
v 2.38419e-07 7.6 -1.3
v 0.3 7.6 -1.3
v 0.5 7.6 -1.3
v 0.7 7.6 -1.3
v 0.9 7.6 -1.3
v 1.3 7.6 -1.3
v 1.4 7.6 -1.3
v 1.8 7.6 -1.3
v 2.2 7.6 -1.3
v 2.3 7.6 -1.3
v 2.4 7.6 -1.3
v 2.5 7.6 -1.3
v -2.4 7.6 -1.4
v -2.1 7.6 -1.4
v -1.4 7.6 -1.4
v -0.9 7.6 -1.4
v -0.7 7.6 -1.4
v -0.5 7.6 -1.4
v -0.3 7.6 -1.4
v 2.38419e-07 7.6 -1.4
v 0.5 7.6 -1.4
v 0.9 7.6 -1.4
v 1.4 7.6 -1.4
v 1.8 7.6 -1.4
v 2.4 7.6 -1.4

# faces
f 3/4/1 2/4/1 1/4/1
f 4/4/1 2/4/1 3/4/1
f 5/4/1 2/4/1 4/4/1
f 6/4/1 2/4/1 5/4/1
f 7/4/1 2/4/1 6/4/1
f 8/4/1 2/4/1 7/4/1
f 9/4/1 2/4/1 8/4/1
f 10/4/1 2/4/1 9/4/1
f 11/4/1 2/4/1 10/4/1
f 12/4/1 2/4/1 11/4/1
f 13/4/1 2/4/1 12/4/1
f 14/4/1 2/4/1 13/4/1
f 15/4/1 3/4/1 1/4/1
f 16/4/1 3/4/1 15/4/1
f 17/4/1 5/4/1 4/4/1
f 18/2/1 6/2/1 5/2/1
f 18/4/1 5/4/1 17/4/1
f 19/2/1 6/2/1 18/2/1
f 20/4/1 7/4/1 6/4/1
f 20/2/1 6/2/1 19/2/1
f 21/4/1 7/4/1 20/4/1
f 22/2/1 8/2/1 7/2/1
f 22/4/1 7/4/1 21/4/1
f 23/2/1 8/2/1 22/2/1
f 24/4/1 9/4/1 8/4/1
f 24/2/1 8/2/1 23/2/1
f 25/2/1 10/2/1 9/2/1
f 26/4/1 11/4/1 10/4/1
f 26/2/1 10/2/1 25/2/1
f 27/2/1 12/2/1 11/2/1
f 27/4/1 11/4/1 26/4/1
f 28/2/1 12/2/1 27/2/1
f 29/4/1 13/4/1 12/4/1
f 29/2/1 12/2/1 28/2/1
f 30/4/1 13/4/1 29/4/1
f 31/4/1 2/4/1 14/4/1
f 32/4/1 2/4/1 31/4/1
f 33/2/1 4/2/1 3/2/1
f 34/4/1 17/4/1 4/4/1
f 34/2/1 4/2/1 33/2/1
f 35/4/1 21/4/1 20/4/1
f 35/2/1 23/2/1 22/2/1
f 35/4/1 20/4/1 19/4/1
f 35/2/1 22/2/1 21/2/1
f 36/2/1 23/2/1 35/2/1
f 37/4/1 13/4/1 30/4/1
f 37/2/1 14/2/1 13/2/1
f 38/2/1 14/2/1 37/2/1
f 39/4/1 17/4/1 34/4/1
f 39/4/1 34/4/1 33/4/1
f 40/2/1 19/2/1 18/2/1
f 40/4/1 17/4/1 39/4/1
f 40/2/1 18/2/1 17/2/1
f 41/4/1 9/4/1 24/4/1
f 41/4/1 24/4/1 23/4/1
f 42/2/1 25/2/1 9/2/1
f 42/4/1 9/4/1 41/4/1
f 43/4/1 38/4/1 37/4/1
f 43/4/1 37/4/1 30/4/1
f 43/2/1 29/2/1 28/2/1
f 43/2/1 30/2/1 29/2/1
f 44/4/1 38/4/1 43/4/1
f 45/4/1 3/4/1 16/4/1
f 45/2/1 33/2/1 3/2/1
f 46/4/1 39/4/1 33/4/1
f 46/2/1 33/2/1 45/2/1
f 47/4/1 36/4/1 35/4/1
f 47/4/1 35/4/1 19/4/1
f 48/4/1 36/4/1 47/4/1
f 49/4/1 41/4/1 23/4/1
f 49/2/1 42/2/1 41/2/1
f 50/2/1 25/2/1 42/2/1
f 50/2/1 42/2/1 49/2/1
f 51/4/1 26/4/1 25/4/1
f 51/4/1 28/4/1 27/4/1
f 51/4/1 27/4/1 26/4/1
f 52/2/1 44/2/1 43/2/1
f 52/4/1 28/4/1 51/4/1
f 52/2/1 43/2/1 28/2/1
f 53/4/1 38/4/1 44/4/1
f 53/2/1 14/2/1 38/2/1
f 54/4/1 31/4/1 14/4/1
f 54/2/1 14/2/1 53/2/1
f 55/4/1 45/4/1 16/4/1
f 55/2/1 16/2/1 15/2/1
f 55/4/1 46/4/1 45/4/1
f 56/4/1 46/4/1 55/4/1
f 57/2/1 19/2/1 40/2/1
f 57/2/1 40/2/1 39/2/1
f 58/4/1 47/4/1 19/4/1
f 58/2/1 19/2/1 57/2/1
f 59/4/1 47/4/1 58/4/1
f 60/2/1 48/2/1 47/2/1
f 60/4/1 47/4/1 59/4/1
f 61/2/1 23/2/1 36/2/1
f 61/4/1 36/4/1 48/4/1
f 62/4/1 49/4/1 23/4/1
f 62/2/1 23/2/1 61/2/1
f 62/4/1 50/4/1 49/4/1
f 63/4/1 50/4/1 62/4/1
f 64/2/1 25/2/1 50/2/1
f 64/4/1 50/4/1 63/4/1
f 65/4/1 51/4/1 25/4/1
f 65/2/1 25/2/1 64/2/1
f 66/4/1 31/4/1 54/4/1
f 66/4/1 54/4/1 53/4/1
f 67/2/1 32/2/1 31/2/1
f 67/4/1 31/4/1 66/4/1
f 68/4/1 46/4/1 56/4/1
f 69/4/1 39/4/1 46/4/1
f 69/4/1 46/4/1 68/4/1
f 70/2/1 57/2/1 39/2/1
f 70/4/1 39/4/1 69/4/1
f 71/2/1 57/2/1 70/2/1
f 72/4/1 64/4/1 63/4/1
f 72/2/1 63/2/1 62/2/1
f 72/4/1 65/4/1 64/4/1
f 73/4/1 65/4/1 72/4/1
f 74/4/1 51/4/1 65/4/1
f 74/4/1 65/4/1 73/4/1
f 75/2/1 52/2/1 51/2/1
f 75/4/1 51/4/1 74/4/1
f 76/2/1 44/2/1 52/2/1
f 76/2/1 52/2/1 75/2/1
f 77/4/1 66/4/1 53/4/1
f 77/2/1 44/2/1 76/2/1
f 77/4/1 53/4/1 44/4/1
f 78/4/1 66/4/1 77/4/1
f 79/4/1 66/4/1 78/4/1
f 80/4/1 68/4/1 56/4/1
f 80/2/1 56/2/1 55/2/1
f 81/2/1 69/2/1 68/2/1
f 81/4/1 68/4/1 80/4/1
f 82/2/1 75/2/1 74/2/1
f 82/4/1 74/4/1 73/4/1
f 82/2/1 76/2/1 75/2/1
f 83/2/1 76/2/1 82/2/1
f 84/4/1 66/4/1 79/4/1
f 84/2/1 79/2/1 78/2/1
f 85/2/1 67/2/1 66/2/1
f 85/4/1 66/4/1 84/4/1
f 86/2/1 81/2/1 80/2/1
f 86/2/1 80/2/1 55/2/1
f 86/2/1 55/2/1 15/2/1
f 87/2/1 81/2/1 86/2/1
f 88/2/1 69/2/1 81/2/1
f 88/2/1 81/2/1 87/2/1
f 88/4/1 71/4/1 70/4/1
f 88/4/1 70/4/1 69/4/1
f 89/4/1 71/4/1 88/4/1
f 90/2/1 60/2/1 59/2/1
f 90/4/1 58/4/1 57/4/1
f 90/4/1 59/4/1 58/4/1
f 91/2/1 48/2/1 60/2/1
f 91/2/1 60/2/1 90/2/1
f 92/2/1 76/2/1 83/2/1
f 93/4/1 77/4/1 76/4/1
f 93/2/1 76/2/1 92/2/1
f 93/4/1 78/4/1 77/4/1
f 94/4/1 78/4/1 93/4/1
f 95/2/1 85/2/1 84/2/1
f 95/4/1 78/4/1 94/4/1
f 95/2/1 84/2/1 78/2/1
f 96/2/1 67/2/1 85/2/1
f 96/2/1 85/2/1 95/2/1
f 96/2/1 32/2/1 67/2/1
f 97/2/1 32/2/1 96/2/1
f 98/4/1 87/4/1 86/4/1
f 98/2/1 89/2/1 88/2/1
f 98/2/1 88/2/1 87/2/1
f 99/2/1 89/2/1 98/2/1
f 100/4/1 90/4/1 57/4/1
f 100/4/1 91/4/1 90/4/1
f 101/2/1 48/2/1 91/2/1
f 101/4/1 91/4/1 100/4/1
f 102/2/1 95/2/1 94/2/1
f 102/2/1 96/2/1 95/2/1
f 103/4/1 97/4/1 96/4/1
f 103/2/1 96/2/1 102/2/1
f 104/4/1 99/4/1 98/4/1
f 104/4/1 98/4/1 86/4/1
f 105/4/1 99/4/1 104/4/1
f 106/2/1 73/2/1 72/2/1
f 106/2/1 72/2/1 62/2/1
f 106/4/1 62/4/1 61/4/1
f 107/2/1 73/2/1 106/2/1
f 108/2/1 92/2/1 83/2/1
f 109/4/1 93/4/1 92/4/1
f 109/2/1 92/2/1 108/2/1
f 109/4/1 94/4/1 93/4/1
f 110/4/1 97/4/1 103/4/1
f 110/4/1 103/4/1 102/4/1
f 111/4/1 97/4/1 110/4/1
f 112/2/1 105/2/1 104/2/1
f 113/4/1 99/4/1 105/4/1
f 113/2/1 105/2/1 112/2/1
f 114/2/1 89/2/1 99/2/1
f 114/4/1 99/4/1 113/4/1
f 115/2/1 89/2/1 114/2/1
f 116/4/1 71/4/1 89/4/1
f 116/2/1 89/2/1 115/2/1
f 117/4/1 71/4/1 116/4/1
f 118/2/1 48/2/1 101/2/1
f 118/4/1 61/4/1 48/4/1
f 118/2/1 101/2/1 100/2/1
f 118/4/1 107/4/1 106/4/1
f 118/4/1 106/4/1 61/4/1
f 119/4/1 107/4/1 118/4/1
f 120/4/1 94/4/1 109/4/1
f 120/4/1 109/4/1 108/4/1
f 121/2/1 102/2/1 94/2/1
f 121/4/1 94/4/1 120/4/1
f 122/2/1 102/2/1 121/2/1
f 123/4/1 110/4/1 102/4/1
f 123/2/1 102/2/1 122/2/1
f 124/2/1 111/2/1 110/2/1
f 124/4/1 110/4/1 123/4/1
f 125/2/1 111/2/1 124/2/1
f 126/4/1 113/4/1 112/4/1
f 126/4/1 115/4/1 114/4/1
f 126/4/1 114/4/1 113/4/1
f 127/4/1 115/4/1 126/4/1
f 128/2/1 117/2/1 116/2/1
f 128/4/1 115/4/1 127/4/1
f 128/2/1 116/2/1 115/2/1
f 129/2/1 117/2/1 128/2/1
f 130/2/1 122/2/1 121/2/1
f 130/2/1 121/2/1 120/2/1
f 131/4/1 125/4/1 124/4/1
f 131/2/1 122/2/1 130/2/1
f 131/4/1 124/4/1 123/4/1
f 131/4/1 123/4/1 122/4/1
f 132/4/1 125/4/1 131/4/1
f 133/4/1 125/4/1 132/4/1
f 134/2/1 127/2/1 126/2/1
f 134/4/1 126/4/1 112/4/1
f 135/4/1 128/4/1 127/4/1
f 135/2/1 127/2/1 134/2/1
f 135/4/1 129/4/1 128/4/1
f 136/4/1 129/4/1 135/4/1
f 137/4/1 71/4/1 117/4/1
f 137/2/1 117/2/1 129/2/1
f 138/2/1 57/2/1 71/2/1
f 138/4/1 71/4/1 137/4/1
f 139/4/1 120/4/1 108/4/1
f 140/2/1 130/2/1 120/2/1
f 140/4/1 120/4/1 139/4/1
f 141/4/1 132/4/1 131/4/1
f 141/4/1 131/4/1 130/4/1
f 142/2/1 133/2/1 132/2/1
f 142/4/1 132/4/1 141/4/1
f 143/4/1 125/4/1 133/4/1
f 143/2/1 133/2/1 142/2/1
f 144/4/1 134/4/1 112/4/1
f 144/4/1 135/4/1 134/4/1
f 145/4/1 135/4/1 144/4/1
f 146/2/1 137/2/1 129/2/1
f 146/4/1 129/4/1 136/4/1
f 146/2/1 138/2/1 137/2/1
f 147/2/1 138/2/1 146/2/1
f 148/2/1 130/2/1 140/2/1
f 148/2/1 140/2/1 139/2/1
f 149/4/1 141/4/1 130/4/1
f 149/2/1 130/2/1 148/2/1
f 150/4/1 125/4/1 143/4/1
f 150/4/1 143/4/1 142/4/1
f 151/4/1 125/4/1 150/4/1
f 152/4/1 135/4/1 145/4/1
f 152/2/1 136/2/1 135/2/1
f 153/4/1 147/4/1 146/4/1
f 153/2/1 136/2/1 152/2/1
f 153/4/1 146/4/1 136/4/1
f 154/4/1 147/4/1 153/4/1
f 155/2/1 73/2/1 107/2/1
f 155/4/1 83/4/1 82/4/1
f 155/4/1 82/4/1 73/4/1
f 156/4/1 83/4/1 155/4/1
f 157/4/1 139/4/1 108/4/1
f 158/2/1 148/2/1 139/2/1
f 158/4/1 139/4/1 157/4/1
f 159/4/1 141/4/1 149/4/1
f 159/4/1 149/4/1 148/4/1
f 160/2/1 142/2/1 141/2/1
f 160/4/1 141/4/1 159/4/1
f 161/4/1 150/4/1 142/4/1
f 161/2/1 142/2/1 160/2/1
f 162/2/1 154/2/1 153/2/1
f 162/4/1 153/4/1 152/4/1
f 163/4/1 147/4/1 154/4/1
f 163/2/1 154/2/1 162/2/1
f 164/2/1 138/2/1 147/2/1
f 164/4/1 147/4/1 163/4/1
f 165/2/1 138/2/1 164/2/1
f 166/2/1 148/2/1 158/2/1
f 166/2/1 158/2/1 157/2/1
f 167/4/1 159/4/1 148/4/1
f 167/2/1 148/2/1 166/2/1
f 168/2/1 160/2/1 159/2/1
f 168/4/1 159/4/1 167/4/1
f 169/4/1 161/4/1 160/4/1
f 169/2/1 160/2/1 168/2/1
f 170/4/1 162/4/1 152/4/1
f 170/4/1 163/4/1 162/4/1
f 170/4/1 152/4/1 145/4/1
f 170/4/1 164/4/1 163/4/1
f 170/4/1 165/4/1 164/4/1
f 171/4/1 165/4/1 170/4/1
f 172/4/1 100/4/1 57/4/1
f 173/2/1 119/2/1 118/2/1
f 173/4/1 100/4/1 172/4/1
f 173/2/1 118/2/1 100/2/1
f 174/2/1 119/2/1 173/2/1
f 175/4/1 83/4/1 156/4/1
f 175/2/1 156/2/1 155/2/1
f 176/2/1 108/2/1 83/2/1
f 176/4/1 83/4/1 175/4/1
f 177/4/1 157/4/1 108/4/1
f 177/2/1 108/2/1 176/2/1
f 178/4/1 168/4/1 167/4/1
f 178/4/1 169/4/1 168/4/1
f 178/4/1 167/4/1 166/4/1
f 179/4/1 161/4/1 169/4/1
f 179/4/1 169/4/1 178/4/1
f 179/4/1 150/4/1 161/4/1
f 180/4/1 170/4/1 145/4/1
f 180/2/1 171/2/1 170/2/1
f 181/2/1 171/2/1 180/2/1
f 182/4/1 174/4/1 173/4/1
f 182/2/1 173/2/1 172/2/1
f 183/2/1 119/2/1 174/2/1
f 183/4/1 174/4/1 182/4/1
f 184/4/1 157/4/1 177/4/1
f 184/4/1 177/4/1 176/4/1
f 185/4/1 157/4/1 184/4/1
f 186/2/1 179/2/1 178/2/1
f 187/4/1 150/4/1 179/4/1
f 187/2/1 179/2/1 186/2/1
f 188/4/1 165/4/1 171/4/1
f 189/2/1 138/2/1 165/2/1
f 189/4/1 165/4/1 188/4/1
f 190/2/1 182/2/1 172/2/1
f 190/4/1 172/4/1 57/4/1
f 190/2/1 183/2/1 182/2/1
f 191/2/1 183/2/1 190/2/1
f 192/2/1 119/2/1 183/2/1
f 192/2/1 183/2/1 191/2/1
f 193/4/1 107/4/1 119/4/1
f 193/2/1 119/2/1 192/2/1
f 194/2/1 175/2/1 155/2/1
f 194/2/1 176/2/1 175/2/1
f 194/2/1 155/2/1 107/2/1
f 195/2/1 176/2/1 194/2/1
f 196/4/1 184/4/1 176/4/1
f 196/2/1 185/2/1 184/2/1
f 197/4/1 157/4/1 185/4/1
f 197/2/1 185/2/1 196/2/1
f 198/2/1 166/2/1 157/2/1
f 198/4/1 178/4/1 166/4/1
f 199/4/1 178/4/1 198/4/1
f 200/2/1 145/2/1 144/2/1
f 200/4/1 181/4/1 180/4/1
f 200/4/1 180/4/1 145/4/1
f 201/4/1 181/4/1 200/4/1
f 202/4/1 188/4/1 171/4/1
f 202/2/1 189/2/1 188/2/1
f 203/2/1 138/2/1 189/2/1
f 203/2/1 189/2/1 202/2/1
f 204/2/1 192/2/1 191/2/1
f 205/4/1 193/4/1 192/4/1
f 205/2/1 192/2/1 204/2/1
f 206/4/1 157/4/1 197/4/1
f 206/4/1 197/4/1 196/4/1
f 207/2/1 199/2/1 198/2/1
f 207/4/1 157/4/1 206/4/1
f 207/2/1 198/2/1 157/2/1
f 208/2/1 199/2/1 207/2/1
f 209/4/1 178/4/1 199/4/1
f 209/2/1 199/2/1 208/2/1
f 210/4/1 150/4/1 187/4/1
f 210/4/1 187/4/1 186/4/1
f 211/2/1 151/2/1 150/2/1
f 211/4/1 150/4/1 210/4/1
f 212/4/1 181/4/1 201/4/1
f 212/2/1 171/2/1 181/2/1
f 213/4/1 202/4/1 171/4/1
f 213/2/1 171/2/1 212/2/1
f 213/4/1 203/4/1 202/4/1
f 214/2/1 204/2/1 191/2/1
f 214/4/1 191/4/1 190/4/1
f 215/4/1 205/4/1 204/4/1
f 215/2/1 204/2/1 214/2/1
f 216/4/1 193/4/1 205/4/1
f 216/4/1 205/4/1 215/4/1
f 216/4/1 107/4/1 193/4/1
f 217/2/1 194/2/1 107/2/1
f 217/4/1 107/4/1 216/4/1
f 218/4/1 178/4/1 209/4/1
f 218/2/1 186/2/1 178/2/1
f 218/4/1 209/4/1 208/4/1
f 219/4/1 210/4/1 186/4/1
f 219/2/1 186/2/1 218/2/1
f 220/4/1 203/4/1 213/4/1
f 220/2/1 138/2/1 203/2/1
f 220/4/1 213/4/1 212/4/1
f 221/2/1 57/2/1 138/2/1
f 221/2/1 138/2/1 220/2/1
f 222/4/1 215/4/1 214/4/1
f 222/2/1 57/2/1 221/2/1
f 222/4/1 214/4/1 190/4/1
f 222/4/1 216/4/1 215/4/1
f 222/4/1 190/4/1 57/4/1
f 223/4/1 216/4/1 222/4/1
f 224/4/1 216/4/1 223/4/1
f 225/4/1 216/4/1 224/4/1
f 226/4/1 196/4/1 176/4/1
f 226/4/1 206/4/1 196/4/1
f 227/2/1 208/2/1 207/2/1
f 227/4/1 206/4/1 226/4/1
f 227/2/1 207/2/1 206/2/1
f 228/2/1 208/2/1 227/2/1
f 229/4/1 219/4/1 218/4/1
f 229/2/1 208/2/1 228/2/1
f 229/4/1 218/4/1 208/4/1
f 230/2/1 151/2/1 211/2/1
f 230/2/1 211/2/1 210/2/1
f 231/2/1 151/2/1 230/2/1
f 232/4/1 221/4/1 220/4/1
f 232/4/1 212/4/1 201/4/1
f 232/4/1 220/4/1 212/4/1
f 232/2/1 201/2/1 200/2/1
f 233/4/1 221/4/1 232/4/1
f 234/2/1 223/2/1 222/2/1
f 234/4/1 221/4/1 233/4/1
f 234/2/1 222/2/1 221/2/1
f 235/2/1 223/2/1 234/2/1
f 236/4/1 224/4/1 223/4/1
f 236/2/1 225/2/1 224/2/1
f 237/4/1 216/4/1 225/4/1
f 237/2/1 225/2/1 236/2/1
f 238/2/1 176/2/1 195/2/1
f 238/4/1 195/4/1 194/4/1
f 239/4/1 226/4/1 176/4/1
f 239/2/1 176/2/1 238/2/1
f 240/2/1 228/2/1 227/2/1
f 240/4/1 226/4/1 239/4/1
f 240/2/1 227/2/1 226/2/1
f 241/2/1 228/2/1 240/2/1
f 242/4/1 229/4/1 228/4/1
f 242/2/1 228/2/1 241/2/1
f 243/4/1 210/4/1 219/4/1
f 243/4/1 229/4/1 242/4/1
f 243/4/1 219/4/1 229/4/1
f 244/2/1 230/2/1 210/2/1
f 244/4/1 210/4/1 243/4/1
f 245/4/1 237/4/1 236/4/1
f 245/2/1 223/2/1 235/2/1
f 245/4/1 236/4/1 223/4/1
f 246/4/1 237/4/1 245/4/1
f 247/4/1 216/4/1 237/4/1
f 247/4/1 237/4/1 246/4/1
f 248/2/1 217/2/1 216/2/1
f 248/4/1 216/4/1 247/4/1
f 249/2/1 230/2/1 244/2/1
f 249/2/1 244/2/1 243/2/1
f 250/4/1 231/4/1 230/4/1
f 250/2/1 230/2/1 249/2/1
f 251/2/1 200/2/1 144/2/1
f 251/2/1 233/2/1 232/2/1
f 251/2/1 232/2/1 200/2/1
f 252/2/1 233/2/1 251/2/1
f 253/4/1 234/4/1 233/4/1
f 253/2/1 233/2/1 252/2/1
f 253/4/1 235/4/1 234/4/1
f 254/4/1 235/4/1 253/4/1
f 255/2/1 246/2/1 245/2/1
f 255/4/1 235/4/1 254/4/1
f 255/2/1 245/2/1 235/2/1
f 256/2/1 246/2/1 255/2/1
f 257/4/1 247/4/1 246/4/1
f 257/2/1 246/2/1 256/2/1
f 258/4/1 247/4/1 257/4/1
f 259/2/1 194/2/1 217/2/1
f 259/2/1 217/2/1 248/2/1
f 259/2/1 248/2/1 247/2/1
f 260/4/1 238/4/1 194/4/1
f 260/2/1 194/2/1 259/2/1
f 260/4/1 239/4/1 238/4/1
f 261/2/1 240/2/1 239/2/1
f 261/2/1 241/2/1 240/2/1
f 262/4/1 243/4/1 242/4/1
f 262/2/1 241/2/1 261/2/1
f 262/4/1 242/4/1 241/4/1
f 263/4/1 243/4/1 262/4/1
f 264/2/1 249/2/1 243/2/1
f 264/4/1 243/4/1 263/4/1
f 265/2/1 254/2/1 253/2/1
f 265/4/1 252/4/1 251/4/1
f 265/2/1 253/2/1 252/2/1
f 266/2/1 254/2/1 265/2/1
f 267/4/1 255/4/1 254/4/1
f 267/4/1 256/4/1 255/4/1
f 268/4/1 256/4/1 267/4/1
f 269/2/1 258/2/1 257/2/1
f 269/4/1 256/4/1 268/4/1
f 269/2/1 257/2/1 256/2/1
f 270/2/1 258/2/1 269/2/1
f 271/2/1 261/2/1 239/2/1
f 272/4/1 263/4/1 262/4/1
f 272/2/1 261/2/1 271/2/1
f 272/4/1 262/4/1 261/4/1
f 273/4/1 263/4/1 272/4/1
f 274/4/1 263/4/1 273/4/1
f 275/2/1 254/2/1 266/2/1
f 275/4/1 267/4/1 254/4/1
f 276/4/1 267/4/1 275/4/1
f 277/2/1 268/2/1 267/2/1
f 277/4/1 270/4/1 269/4/1
f 277/4/1 269/4/1 268/4/1
f 278/4/1 270/4/1 277/4/1
f 279/4/1 272/4/1 271/4/1
f 279/4/1 273/4/1 272/4/1
f 280/2/1 274/2/1 273/2/1
f 280/4/1 273/4/1 279/4/1
f 281/4/1 263/4/1 274/4/1
f 282/2/1 264/2/1 263/2/1
f 282/4/1 263/4/1 281/4/1
f 283/2/1 249/2/1 264/2/1
f 283/2/1 264/2/1 282/2/1
f 284/4/1 250/4/1 249/4/1
f 284/2/1 249/2/1 283/2/1
f 285/4/1 266/4/1 265/4/1
f 285/4/1 265/4/1 251/4/1
f 286/4/1 266/4/1 285/4/1
f 287/4/1 267/4/1 276/4/1
f 287/2/1 278/2/1 277/2/1
f 287/2/1 277/2/1 267/2/1
f 288/2/1 278/2/1 287/2/1
f 289/2/1 258/2/1 270/2/1
f 289/4/1 247/4/1 258/4/1
f 290/2/1 259/2/1 247/2/1
f 290/4/1 247/4/1 289/4/1
f 291/4/1 239/4/1 260/4/1
f 291/4/1 260/4/1 259/4/1
f 292/2/1 271/2/1 239/2/1
f 292/4/1 239/4/1 291/4/1
f 293/2/1 274/2/1 280/2/1
f 293/2/1 280/2/1 279/2/1
f 294/4/1 281/4/1 274/4/1
f 294/2/1 274/2/1 293/2/1
f 295/4/1 266/4/1 286/4/1
f 295/2/1 276/2/1 275/2/1
f 295/2/1 275/2/1 266/2/1
f 296/2/1 276/2/1 295/2/1
f 297/2/1 289/2/1 270/2/1
f 297/2/1 290/2/1 289/2/1
f 297/4/1 270/4/1 278/4/1
f 298/2/1 290/2/1 297/2/1
f 299/2/1 271/2/1 292/2/1
f 299/2/1 292/2/1 291/2/1
f 300/4/1 279/4/1 271/4/1
f 300/2/1 271/2/1 299/2/1
f 301/2/1 278/2/1 288/2/1
f 301/4/1 298/4/1 297/4/1
f 301/4/1 297/4/1 278/4/1
f 302/4/1 298/4/1 301/4/1
f 303/4/1 279/4/1 300/4/1
f 303/4/1 300/4/1 299/4/1
f 304/2/1 293/2/1 279/2/1
f 304/4/1 279/4/1 303/4/1
f 305/2/1 282/2/1 281/2/1
f 305/2/1 283/2/1 282/2/1
f 306/4/1 284/4/1 283/4/1
f 306/2/1 283/2/1 305/2/1
f 307/4/1 250/4/1 284/4/1
f 307/4/1 284/4/1 306/4/1
f 308/4/1 231/4/1 250/4/1
f 308/4/1 250/4/1 307/4/1
f 309/4/1 296/4/1 295/4/1
f 309/4/1 295/4/1 286/4/1
f 309/2/1 286/2/1 285/2/1
f 310/4/1 296/4/1 309/4/1
f 311/2/1 276/2/1 296/2/1
f 311/4/1 288/4/1 287/4/1
f 311/4/1 287/4/1 276/4/1
f 312/4/1 288/4/1 311/4/1
f 313/2/1 301/2/1 288/2/1
f 313/4/1 288/4/1 312/4/1
f 313/2/1 302/2/1 301/2/1
f 314/2/1 302/2/1 313/2/1
f 315/4/1 298/4/1 302/4/1
f 315/2/1 290/2/1 298/2/1
f 316/2/1 290/2/1 315/2/1
f 317/2/1 293/2/1 304/2/1
f 317/2/1 304/2/1 303/2/1
f 318/4/1 294/4/1 293/4/1
f 318/2/1 293/2/1 317/2/1
f 319/4/1 281/4/1 294/4/1
f 319/4/1 294/4/1 318/4/1
f 320/2/1 305/2/1 281/2/1
f 320/4/1 281/4/1 319/4/1
f 321/4/1 307/4/1 306/4/1
f 321/4/1 306/4/1 305/4/1
f 322/2/1 308/2/1 307/2/1
f 322/4/1 307/4/1 321/4/1
f 323/2/1 310/2/1 309/2/1
f 323/2/1 309/2/1 285/2/1
f 323/4/1 285/4/1 251/4/1
f 324/2/1 310/2/1 323/2/1
f 325/2/1 305/2/1 320/2/1
f 325/2/1 320/2/1 319/2/1
f 326/4/1 321/4/1 305/4/1
f 326/2/1 305/2/1 325/2/1
f 327/2/1 308/2/1 322/2/1
f 327/2/1 322/2/1 321/2/1
f 328/4/1 231/4/1 308/4/1
f 328/2/1 308/2/1 327/2/1
f 329/2/1 310/2/1 324/2/1
f 329/4/1 324/4/1 323/4/1
f 330/4/1 296/4/1 310/4/1
f 330/2/1 310/2/1 329/2/1
f 331/2/1 312/2/1 311/2/1
f 331/4/1 296/4/1 330/4/1
f 331/2/1 311/2/1 296/2/1
f 332/2/1 312/2/1 331/2/1
f 333/2/1 302/2/1 314/2/1
f 333/4/1 316/4/1 315/4/1
f 333/4/1 315/4/1 302/4/1
f 334/4/1 316/4/1 333/4/1
f 335/4/1 291/4/1 259/4/1
f 335/2/1 299/2/1 291/2/1
f 336/4/1 303/4/1 299/4/1
f 336/2/1 299/2/1 335/2/1
f 337/2/1 317/2/1 303/2/1
f 337/4/1 303/4/1 336/4/1
f 338/4/1 318/4/1 317/4/1
f 338/4/1 319/4/1 318/4/1
f 339/2/1 325/2/1 319/2/1
f 339/4/1 319/4/1 338/4/1
f 340/4/1 329/4/1 323/4/1
f 340/4/1 332/4/1 331/4/1
f 340/4/1 330/4/1 329/4/1
f 340/4/1 331/4/1 330/4/1
f 341/4/1 332/4/1 340/4/1
f 342/2/1 312/2/1 332/2/1
f 342/4/1 332/4/1 341/4/1
f 343/4/1 314/4/1 313/4/1
f 343/2/1 312/2/1 342/2/1
f 343/4/1 313/4/1 312/4/1
f 344/2/1 334/2/1 333/2/1
f 344/4/1 314/4/1 343/4/1
f 344/2/1 333/2/1 314/2/1
f 345/2/1 334/2/1 344/2/1
f 346/2/1 317/2/1 337/2/1
f 346/2/1 337/2/1 336/2/1
f 347/4/1 338/4/1 317/4/1
f 347/2/1 317/2/1 346/2/1
f 348/2/1 325/2/1 339/2/1
f 348/2/1 339/2/1 338/2/1
f 349/4/1 326/4/1 325/4/1
f 349/2/1 325/2/1 348/2/1
f 350/4/1 323/4/1 251/4/1
f 350/4/1 340/4/1 323/4/1
f 351/4/1 340/4/1 350/4/1
f 352/2/1 341/2/1 340/2/1
f 352/4/1 340/4/1 351/4/1
f 353/2/1 341/2/1 352/2/1
f 354/4/1 342/4/1 341/4/1
f 354/4/1 343/4/1 342/4/1
f 354/4/1 345/4/1 344/4/1
f 354/4/1 344/4/1 343/4/1
f 355/4/1 345/4/1 354/4/1
f 356/2/1 334/2/1 345/2/1
f 356/4/1 345/4/1 355/4/1
f 357/4/1 316/4/1 334/4/1
f 357/2/1 334/2/1 356/2/1
f 358/4/1 336/4/1 335/4/1
f 358/2/1 346/2/1 336/2/1
f 359/4/1 347/4/1 346/4/1
f 359/2/1 346/2/1 358/2/1
f 360/4/1 338/4/1 347/4/1
f 360/4/1 347/4/1 359/4/1
f 361/2/1 348/2/1 338/2/1
f 361/4/1 338/4/1 360/4/1
f 362/4/1 321/4/1 326/4/1
f 362/4/1 326/4/1 349/4/1
f 362/4/1 349/4/1 348/4/1
f 363/2/1 327/2/1 321/2/1
f 363/4/1 321/4/1 362/4/1
f 364/4/1 328/4/1 327/4/1
f 364/2/1 327/2/1 363/2/1
f 365/4/1 231/4/1 328/4/1
f 365/4/1 328/4/1 364/4/1
f 366/4/1 231/4/1 365/4/1
f 367/2/1 351/2/1 350/2/1
f 368/4/1 353/4/1 352/4/1
f 368/2/1 351/2/1 367/2/1
f 368/4/1 352/4/1 351/4/1
f 369/4/1 356/4/1 355/4/1
f 369/2/1 290/2/1 316/2/1
f 369/4/1 316/4/1 357/4/1
f 369/4/1 357/4/1 356/4/1
f 370/2/1 259/2/1 290/2/1
f 370/2/1 290/2/1 369/2/1
f 371/4/1 359/4/1 358/4/1
f 371/2/1 259/2/1 370/2/1
f 371/4/1 358/4/1 335/4/1
f 371/4/1 335/4/1 259/4/1
f 371/4/1 360/4/1 359/4/1
f 372/4/1 360/4/1 371/4/1
f 373/4/1 364/4/1 363/4/1
f 373/4/1 365/4/1 364/4/1
f 373/2/1 366/2/1 365/2/1
f 374/2/1 366/2/1 373/2/1
f 375/4/1 353/4/1 368/4/1
f 375/4/1 368/4/1 367/4/1
f 376/4/1 353/4/1 375/4/1
f 377/2/1 355/2/1 354/2/1
f 377/4/1 354/4/1 341/4/1
f 378/2/1 355/2/1 377/2/1
f 379/2/1 348/2/1 361/2/1
f 379/2/1 361/2/1 360/2/1
f 380/4/1 362/4/1 348/4/1
f 380/2/1 348/2/1 379/2/1
f 381/4/1 374/4/1 373/4/1
f 381/4/1 373/4/1 363/4/1
f 382/4/1 374/4/1 381/4/1
f 383/4/1 370/4/1 369/4/1
f 383/2/1 355/2/1 378/2/1
f 383/4/1 369/4/1 355/4/1
f 384/4/1 370/4/1 383/4/1
f 385/4/1 360/4/1 372/4/1
f 386/2/1 379/2/1 360/2/1
f 386/4/1 360/4/1 385/4/1
f 387/2/1 341/2/1 353/2/1
f 387/4/1 353/4/1 376/4/1
f 388/4/1 378/4/1 377/4/1
f 388/2/1 341/2/1 387/2/1
f 388/4/1 377/4/1 341/4/1
f 389/4/1 370/4/1 384/4/1
f 389/2/1 372/2/1 371/2/1
f 389/2/1 371/2/1 370/2/1
f 390/2/1 372/2/1 389/2/1
f 391/2/1 379/2/1 386/2/1
f 391/2/1 386/2/1 385/2/1
f 392/4/1 380/4/1 379/4/1
f 392/2/1 379/2/1 391/2/1
f 393/4/1 362/4/1 380/4/1
f 393/4/1 380/4/1 392/4/1
f 393/2/1 363/2/1 362/2/1
f 394/4/1 381/4/1 363/4/1
f 394/2/1 363/2/1 393/2/1
f 395/2/1 376/2/1 375/2/1
f 395/4/1 375/4/1 367/4/1
f 396/4/1 387/4/1 376/4/1
f 396/2/1 376/2/1 395/2/1
f 396/4/1 388/4/1 387/4/1
f 397/4/1 378/4/1 388/4/1
f 397/4/1 388/4/1 396/4/1
f 397/2/1 384/2/1 383/2/1
f 397/2/1 383/2/1 378/2/1
f 398/2/1 384/2/1 397/2/1
f 399/2/1 372/2/1 390/2/1
f 399/4/1 390/4/1 389/4/1
f 400/2/1 372/2/1 399/2/1
f 401/2/1 382/2/1 381/2/1
f 401/4/1 392/4/1 391/4/1
f 401/4/1 393/4/1 392/4/1
f 401/4/1 381/4/1 394/4/1
f 401/4/1 394/4/1 393/4/1
f 402/4/1 374/4/1 382/4/1
f 402/2/1 382/2/1 401/2/1
f 403/4/1 396/4/1 395/4/1
f 403/4/1 398/4/1 397/4/1
f 403/4/1 397/4/1 396/4/1
f 404/4/1 398/4/1 403/4/1
f 405/4/1 398/4/1 404/4/1
f 406/2/1 384/2/1 398/2/1
f 406/4/1 398/4/1 405/4/1
f 407/4/1 400/4/1 399/4/1
f 407/2/1 384/2/1 406/2/1
f 407/4/1 389/4/1 384/4/1
f 407/4/1 399/4/1 389/4/1
f 408/4/1 400/4/1 407/4/1
f 409/2/1 372/2/1 400/2/1
f 409/4/1 385/4/1 372/4/1
f 410/4/1 385/4/1 409/4/1
f 411/4/1 385/4/1 410/4/1
f 412/2/1 391/2/1 385/2/1
f 412/4/1 385/4/1 411/4/1
f 413/4/1 401/4/1 391/4/1
f 413/2/1 391/2/1 412/2/1
f 413/4/1 402/4/1 401/4/1
f 414/4/1 402/4/1 413/4/1
f 415/4/1 402/4/1 414/4/1
f 416/4/1 402/4/1 415/4/1
f 417/2/1 404/2/1 403/2/1
f 417/4/1 403/4/1 395/4/1
f 418/4/1 405/4/1 404/4/1
f 418/2/1 404/2/1 417/2/1
f 419/2/1 406/2/1 405/2/1
f 419/4/1 405/4/1 418/4/1
f 419/2/1 408/2/1 407/2/1
f 419/2/1 407/2/1 406/2/1
f 420/2/1 408/2/1 419/2/1
f 421/4/1 400/4/1 408/4/1
f 421/2/1 408/2/1 420/2/1
f 422/4/1 400/4/1 421/4/1
f 423/2/1 410/2/1 409/2/1
f 423/4/1 400/4/1 422/4/1
f 423/2/1 409/2/1 400/2/1
f 424/4/1 411/4/1 410/4/1
f 424/2/1 410/2/1 423/2/1
f 425/4/1 411/4/1 424/4/1
f 426/2/1 412/2/1 411/2/1
f 426/4/1 411/4/1 425/4/1
f 426/2/1 414/2/1 413/2/1
f 426/2/1 413/2/1 412/2/1
f 427/2/1 414/2/1 426/2/1
f 428/4/1 415/4/1 414/4/1
f 428/2/1 414/2/1 427/2/1
f 429/4/1 415/4/1 428/4/1
f 430/2/1 416/2/1 415/2/1
f 430/4/1 415/4/1 429/4/1
f 431/2/1 416/2/1 430/2/1
f 432/4/1 402/4/1 416/4/1
f 432/2/1 416/2/1 431/2/1
f 433/4/1 402/4/1 432/4/1
f 434/4/1 418/4/1 417/4/1
f 434/4/1 417/4/1 395/4/1
f 435/4/1 418/4/1 434/4/1
f 436/2/1 419/2/1 418/2/1
f 436/4/1 418/4/1 435/4/1
f 437/2/1 419/2/1 436/2/1
f 438/4/1 420/4/1 419/4/1
f 438/2/1 422/2/1 421/2/1
f 438/2/1 421/2/1 420/2/1
f 439/2/1 422/2/1 438/2/1
f 440/4/1 425/4/1 424/4/1
f 440/2/1 422/2/1 439/2/1
f 440/4/1 423/4/1 422/4/1
f 440/4/1 424/4/1 423/4/1
f 441/4/1 425/4/1 440/4/1
f 442/2/1 427/2/1 426/2/1
f 442/2/1 426/2/1 425/2/1
f 443/4/1 428/4/1 427/4/1
f 443/2/1 427/2/1 442/2/1
f 444/4/1 437/4/1 436/4/1
f 444/4/1 436/4/1 435/4/1
f 444/2/1 435/2/1 434/2/1
f 445/4/1 437/4/1 444/4/1
f 446/2/1 419/2/1 437/2/1
f 446/4/1 437/4/1 445/4/1
f 447/4/1 439/4/1 438/4/1
f 447/2/1 419/2/1 446/2/1
f 447/4/1 438/4/1 419/4/1
f 448/2/1 440/2/1 439/2/1
f 448/4/1 439/4/1 447/4/1
f 448/2/1 441/2/1 440/2/1
f 449/2/1 441/2/1 448/2/1
f 450/4/1 425/4/1 441/4/1
f 450/2/1 441/2/1 449/2/1
f 451/4/1 425/4/1 450/4/1
f 452/2/1 442/2/1 425/2/1
f 452/4/1 425/4/1 451/4/1
f 453/4/1 443/4/1 442/4/1
f 453/2/1 442/2/1 452/2/1
f 454/4/1 431/4/1 430/4/1
f 454/2/1 429/2/1 428/2/1
f 454/4/1 430/4/1 429/4/1
f 455/4/1 431/4/1 454/4/1
f 456/2/1 433/2/1 432/2/1
f 456/4/1 431/4/1 455/4/1
f 456/2/1 432/2/1 431/2/1
f 457/2/1 433/2/1 456/2/1
f 458/4/1 395/4/1 367/4/1
f 458/4/1 434/4/1 395/4/1
f 459/2/1 445/2/1 444/2/1
f 459/4/1 434/4/1 458/4/1
f 459/2/1 444/2/1 434/2/1
f 460/4/1 446/4/1 445/4/1
f 460/4/1 449/4/1 448/4/1
f 460/4/1 447/4/1 446/4/1
f 460/4/1 448/4/1 447/4/1
f 461/4/1 449/4/1 460/4/1
f 462/2/1 450/2/1 449/2/1
f 462/4/1 449/4/1 461/4/1
f 462/2/1 451/2/1 450/2/1
f 463/2/1 451/2/1 462/2/1
f 464/4/1 453/4/1 452/4/1
f 464/2/1 451/2/1 463/2/1
f 464/4/1 452/4/1 451/4/1
f 465/4/1 453/4/1 464/4/1
f 466/4/1 453/4/1 465/4/1
f 467/4/1 453/4/1 466/4/1
f 468/4/1 443/4/1 453/4/1
f 468/4/1 453/4/1 467/4/1
f 468/4/1 428/4/1 443/4/1
f 469/4/1 428/4/1 468/4/1
f 470/2/1 455/2/1 454/2/1
f 470/4/1 456/4/1 455/4/1
f 470/4/1 457/4/1 456/4/1
f 471/4/1 457/4/1 470/4/1
f 472/4/1 402/4/1 433/4/1
f 472/2/1 433/2/1 457/2/1
f 473/4/1 374/4/1 402/4/1
f 473/4/1 402/4/1 472/4/1
f 474/4/1 458/4/1 367/4/1
f 475/2/1 459/2/1 458/2/1
f 475/4/1 458/4/1 474/4/1
f 476/2/1 445/2/1 459/2/1
f 476/2/1 459/2/1 475/2/1
f 476/4/1 460/4/1 445/4/1
f 477/2/1 461/2/1 460/2/1
f 477/4/1 460/4/1 476/4/1
f 478/4/1 463/4/1 462/4/1
f 478/2/1 461/2/1 477/2/1
f 478/4/1 462/4/1 461/4/1
f 479/2/1 464/2/1 463/2/1
f 479/4/1 463/4/1 478/4/1
f 479/2/1 465/2/1 464/2/1
f 480/4/1 466/4/1 465/4/1
f 480/2/1 465/2/1 479/2/1
f 481/2/1 467/2/1 466/2/1
f 481/4/1 466/4/1 480/4/1
f 482/4/1 468/4/1 467/4/1
f 482/2/1 467/2/1 481/2/1
f 483/2/1 469/2/1 468/2/1
f 483/4/1 468/4/1 482/4/1
f 484/4/1 428/4/1 469/4/1
f 484/2/1 469/2/1 483/2/1
f 485/2/1 471/2/1 470/2/1
f 485/4/1 428/4/1 484/4/1
f 485/2/1 470/2/1 454/2/1
f 485/2/1 454/2/1 428/2/1
f 486/4/1 457/4/1 471/4/1
f 486/2/1 471/2/1 485/2/1
f 487/2/1 472/2/1 457/2/1
f 487/4/1 457/4/1 486/4/1
f 487/2/1 473/2/1 472/2/1
f 488/4/1 374/4/1 473/4/1
f 488/2/1 473/2/1 487/2/1
f 489/4/1 374/4/1 488/4/1
f 494/4/1 491/4/1 490/4/1
f 495/4/1 491/4/1 494/4/1
f 496/4/1 493/4/1 492/4/1
f 497/4/1 493/4/1 496/4/1
f 498/2/1 495/2/1 494/2/1
f 499/2/1 497/2/1 496/2/1
f 500/2/1 498/2/1 494/2/1
f 501/2/1 498/2/1 500/2/1
f 502/2/1 497/2/1 499/2/1
f 503/2/1 497/2/1 502/2/1
f 504/4/1 501/4/1 500/4/1
f 505/4/1 503/4/1 502/4/1
f 506/4/1 504/4/1 500/4/1
f 507/4/1 503/4/1 505/4/1
f 508/4/1 506/4/1 500/4/1
f 509/4/1 506/4/1 508/4/1
f 510/4/1 503/4/1 507/4/1
f 511/4/1 503/4/1 510/4/1
f 512/2/1 509/2/1 508/2/1
f 513/2/1 511/2/1 510/2/1
f 514/2/1 512/2/1 508/2/1
f 515/2/1 512/2/1 514/2/1
f 516/2/1 511/2/1 513/2/1
f 517/2/1 511/2/1 516/2/1
f 518/4/1 517/4/1 516/4/1
f 519/4/1 515/4/1 514/4/1
f 520/4/1 519/4/1 514/4/1
f 521/4/1 517/4/1 518/4/1
f 522/4/1 520/4/1 514/4/1
f 523/4/1 517/4/1 521/4/1
f 524/4/1 522/4/1 514/4/1
f 525/4/1 522/4/1 524/4/1
f 546/4/1 517/4/1 523/4/1
f 547/4/1 517/4/1 546/4/1
f 548/4/1 526/4/1 525/4/1
f 548/2/1 527/2/1 526/2/1
f 549/4/1 528/4/1 527/4/1
f 549/2/1 527/2/1 548/2/1
f 550/4/1 531/4/1 530/4/1
f 550/4/1 532/4/1 531/4/1
f 550/4/1 533/4/1 532/4/1
f 550/4/1 534/4/1 533/4/1
f 551/4/1 534/4/1 550/4/1
f 552/4/1 534/4/1 551/4/1
f 553/2/1 535/2/1 534/2/1
f 553/4/1 534/4/1 552/4/1
f 554/4/1 536/4/1 535/4/1
f 554/2/1 535/2/1 553/2/1
f 554/4/1 537/4/1 536/4/1
f 554/4/1 538/4/1 537/4/1
f 554/4/1 539/4/1 538/4/1
f 554/4/1 540/4/1 539/4/1
f 554/4/1 541/4/1 540/4/1
f 555/4/1 541/4/1 554/4/1
f 556/4/1 541/4/1 555/4/1
f 557/2/1 545/2/1 544/2/1
f 557/4/1 544/4/1 543/4/1
f 558/4/1 546/4/1 545/4/1
f 558/2/1 545/2/1 557/2/1
f 559/4/1 548/4/1 525/4/1
f 559/4/1 549/4/1 548/4/1
f 560/2/1 529/2/1 528/2/1
f 560/4/1 549/4/1 559/4/1
f 560/2/1 530/2/1 529/2/1
f 560/4/1 528/4/1 549/4/1
f 561/4/1 550/4/1 530/4/1
f 561/2/1 530/2/1 560/2/1
f 562/2/1 551/2/1 550/2/1
f 562/4/1 550/4/1 561/4/1
f 563/4/1 552/4/1 551/4/1
f 563/2/1 551/2/1 562/2/1
f 564/2/1 553/2/1 552/2/1
f 564/4/1 552/4/1 563/4/1
f 565/4/1 555/4/1 554/4/1
f 565/2/1 553/2/1 564/2/1
f 565/4/1 554/4/1 553/4/1
f 566/2/1 556/2/1 555/2/1
f 566/4/1 555/4/1 565/4/1
f 567/4/1 541/4/1 556/4/1
f 567/2/1 556/2/1 566/2/1
f 568/2/1 542/2/1 541/2/1
f 568/4/1 541/4/1 567/4/1
f 568/2/1 543/2/1 542/2/1
f 569/4/1 557/4/1 543/4/1
f 569/2/1 543/2/1 568/2/1
f 569/4/1 558/4/1 557/4/1
f 570/4/1 546/4/1 558/4/1
f 570/4/1 558/4/1 569/4/1
f 575/4/1 572/4/1 571/4/1
f 576/4/1 572/4/1 575/4/1
f 599/4/1 574/4/1 573/4/1
f 600/4/1 574/4/1 599/4/1
f 601/4/1 578/4/1 577/4/1
f 602/2/1 579/2/1 578/2/1
f 602/4/1 578/4/1 601/4/1
f 602/2/1 580/2/1 579/2/1
f 603/4/1 581/4/1 580/4/1
f 603/2/1 580/2/1 602/2/1
f 604/2/1 582/2/1 581/2/1
f 604/4/1 581/4/1 603/4/1
f 605/4/1 583/4/1 582/4/1
f 605/2/1 582/2/1 604/2/1
f 606/2/1 584/2/1 583/2/1
f 606/4/1 583/4/1 605/4/1
f 606/2/1 585/2/1 584/2/1
f 607/4/1 586/4/1 585/4/1
f 607/2/1 585/2/1 606/2/1
f 607/4/1 587/4/1 586/4/1
f 607/4/1 588/4/1 587/4/1
f 608/2/1 589/2/1 588/2/1
f 608/4/1 588/4/1 607/4/1
f 609/4/1 590/4/1 589/4/1
f 609/2/1 589/2/1 608/2/1
f 610/2/1 591/2/1 590/2/1
f 610/4/1 590/4/1 609/4/1
f 610/2/1 592/2/1 591/2/1
f 611/4/1 593/4/1 592/4/1
f 611/2/1 592/2/1 610/2/1
f 612/2/1 594/2/1 593/2/1
f 612/4/1 593/4/1 611/4/1
f 613/4/1 595/4/1 594/4/1
f 613/2/1 594/2/1 612/2/1
f 614/2/1 597/2/1 596/2/1
f 614/4/1 595/4/1 613/4/1
f 614/2/1 596/2/1 595/2/1
f 615/4/1 598/4/1 597/4/1
f 615/2/1 597/2/1 614/2/1
f 616/4/1 598/4/1 615/4/1
f 621/2/1 618/2/1 617/2/1
f 622/2/1 618/2/1 621/2/1
f 639/2/1 620/2/1 619/2/1
f 640/2/1 620/2/1 639/2/1
f 641/2/1 624/2/1 623/2/1
f 641/2/1 625/2/1 624/2/1
f 642/4/1 626/4/1 625/4/1
f 642/2/1 625/2/1 641/2/1
f 642/4/1 627/4/1 626/4/1
f 642/4/1 628/4/1 627/4/1
f 642/4/1 629/4/1 628/4/1
f 643/2/1 630/2/1 629/2/1
f 643/4/1 629/4/1 642/4/1
f 643/2/1 631/2/1 630/2/1
f 644/4/1 636/4/1 635/4/1
f 644/2/1 631/2/1 643/2/1
f 644/4/1 635/4/1 634/4/1
f 644/4/1 632/4/1 631/4/1
f 644/4/1 633/4/1 632/4/1
f 644/4/1 634/4/1 633/4/1
f 645/2/1 638/2/1 637/2/1
f 645/4/1 636/4/1 644/4/1
f 645/2/1 637/2/1 636/2/1
f 646/2/1 638/2/1 645/2/1
f 651/1/1 648/1/1 647/1/1
f 652/1/1 648/1/1 651/1/1
f 653/1/1 650/1/1 649/1/1
f 654/1/1 650/1/1 653/1/1
f 655/3/1 652/3/1 651/3/1
f 656/3/1 655/3/1 651/3/1
f 657/3/1 655/3/1 656/3/1
f 658/3/1 654/3/1 653/3/1
f 659/3/1 654/3/1 658/3/1
f 662/4/1 657/4/1 656/4/1
f 663/4/1 657/4/1 662/4/1
f 664/4/1 659/4/1 658/4/1
f 665/4/1 659/4/1 664/4/1
f 666/4/1 661/4/1 660/4/1
f 667/4/1 661/4/1 666/4/1
f 670/4/1 669/4/1 668/4/1
f 671/4/1 669/4/1 670/4/1
f 674/4/1 673/4/1 672/4/1
f 675/4/1 673/4/1 674/4/1
f 680/2/1 677/2/1 676/2/1
f 681/2/1 677/2/1 680/2/1
f 682/2/1 679/2/1 678/2/1
f 683/2/1 679/2/1 682/2/1
f 686/4/1 685/4/1 684/4/1
f 687/4/1 685/4/1 686/4/1
f 690/4/1 689/4/1 688/4/1
f 691/4/1 689/4/1 690/4/1
f 694/4/1 693/4/1 692/4/1
f 695/4/1 693/4/1 694/4/1
f 698/1/1 697/1/1 696/1/1
f 699/1/1 697/1/1 698/1/1
f 702/1/1 701/1/1 700/1/1
f 703/1/1 701/1/1 702/1/1
f 706/1/1 705/1/1 704/1/1
f 707/1/1 705/1/1 706/1/1
f 710/4/1 709/4/1 708/4/1
f 711/4/1 709/4/1 710/4/1
f 712/4/1 709/4/1 711/4/1
f 713/4/1 709/4/1 712/4/1
f 730/3/1 715/3/1 714/3/1
f 731/1/1 726/1/1 725/1/1
f 731/3/1 715/3/1 730/3/1
f 731/1/1 716/1/1 715/1/1
f 731/1/1 728/1/1 727/1/1
f 731/1/1 727/1/1 726/1/1
f 731/1/1 725/1/1 724/1/1
f 731/1/1 724/1/1 723/1/1
f 731/1/1 723/1/1 722/1/1
f 731/1/1 722/1/1 721/1/1
f 731/1/1 721/1/1 720/1/1
f 731/1/1 720/1/1 719/1/1
f 731/1/1 719/1/1 718/1/1
f 731/1/1 718/1/1 717/1/1
f 731/1/1 717/1/1 716/1/1
f 732/1/1 728/1/1 731/1/1
f 733/1/1 728/1/1 732/1/1
f 734/1/1 731/1/1 730/1/1
f 734/1/1 732/1/1 731/1/1
f 734/3/1 733/3/1 732/3/1
f 735/1/1 728/1/1 733/1/1
f 735/3/1 733/3/1 734/3/1
f 736/3/1 729/3/1 728/3/1
f 736/1/1 728/1/1 735/1/1
f 737/3/1 729/3/1 736/3/1
f 738/1/1 735/1/1 734/1/1
f 738/1/1 734/1/1 730/1/1
f 738/1/1 737/1/1 736/1/1
f 738/1/1 736/1/1 735/1/1
f 739/1/1 737/1/1 738/1/1
f 740/1/1 737/1/1 739/1/1
f 741/1/1 737/1/1 740/1/1
f 742/1/1 740/1/1 739/1/1
f 743/1/1 740/1/1 742/1/1
f 744/1/1 737/1/1 741/1/1
f 745/1/1 737/1/1 744/1/1
f 746/3/1 745/3/1 744/3/1
f 747/3/1 739/3/1 738/3/1
f 748/1/1 742/1/1 739/1/1
f 748/3/1 739/3/1 747/3/1
f 749/3/1 743/3/1 742/3/1
f 749/1/1 742/1/1 748/1/1
f 750/1/1 740/1/1 743/1/1
f 750/3/1 743/3/1 749/3/1
f 751/3/1 741/3/1 740/3/1
f 751/1/1 740/1/1 750/1/1
f 752/1/1 744/1/1 741/1/1
f 752/3/1 741/3/1 751/3/1
f 753/3/1 746/3/1 744/3/1
f 753/1/1 744/1/1 752/1/1
f 754/3/1 746/3/1 753/3/1
f 755/1/1 749/1/1 748/1/1
f 755/1/1 750/1/1 749/1/1
f 755/1/1 754/1/1 753/1/1
f 755/1/1 753/1/1 752/1/1
f 755/1/1 752/1/1 751/1/1
f 755/1/1 751/1/1 750/1/1
f 756/1/1 754/1/1 755/1/1
f 757/1/1 754/1/1 756/1/1
f 777/3/1 759/3/1 758/3/1
f 778/1/1 760/1/1 759/1/1
f 778/3/1 759/3/1 777/3/1
f 778/1/1 761/1/1 760/1/1
f 778/1/1 762/1/1 761/1/1
f 779/3/1 774/3/1 773/3/1
f 779/1/1 764/1/1 763/1/1
f 779/1/1 765/1/1 764/1/1
f 779/1/1 773/1/1 772/1/1
f 779/1/1 772/1/1 771/1/1
f 779/1/1 771/1/1 770/1/1
f 779/1/1 770/1/1 769/1/1
f 779/1/1 769/1/1 768/1/1
f 779/1/1 768/1/1 767/1/1
f 779/1/1 767/1/1 766/1/1
f 779/1/1 766/1/1 765/1/1
f 780/1/1 775/1/1 774/1/1
f 780/3/1 774/3/1 779/3/1
f 781/1/1 762/1/1 778/1/1
f 781/3/1 763/3/1 762/3/1
f 781/1/1 778/1/1 777/1/1
f 782/1/1 779/1/1 763/1/1
f 782/3/1 763/3/1 781/3/1
f 782/1/1 780/1/1 779/1/1
f 783/3/1 776/3/1 775/3/1
f 783/1/1 780/1/1 782/1/1
f 783/1/1 775/1/1 780/1/1
f 784/3/1 776/3/1 783/3/1
f 785/1/1 782/1/1 781/1/1
f 785/1/1 781/1/1 777/1/1
f 785/1/1 784/1/1 783/1/1
f 785/1/1 783/1/1 782/1/1
f 786/1/1 784/1/1 785/1/1
f 787/1/1 784/1/1 786/1/1
f 788/1/1 784/1/1 787/1/1
f 789/1/1 784/1/1 788/1/1
f 790/1/1 787/1/1 786/1/1
f 791/1/1 787/1/1 790/1/1
f 792/1/1 789/1/1 788/1/1
f 793/1/1 789/1/1 792/1/1
f 794/3/1 786/3/1 785/3/1
f 795/1/1 790/1/1 786/1/1
f 795/3/1 786/3/1 794/3/1
f 796/3/1 791/3/1 790/3/1
f 796/1/1 790/1/1 795/1/1
f 797/1/1 787/1/1 791/1/1
f 797/3/1 791/3/1 796/3/1
f 798/3/1 788/3/1 787/3/1
f 798/1/1 787/1/1 797/1/1
f 799/1/1 792/1/1 788/1/1
f 799/3/1 788/3/1 798/3/1
f 800/3/1 793/3/1 792/3/1
f 800/1/1 792/1/1 799/1/1
f 801/3/1 793/3/1 800/3/1
f 802/1/1 797/1/1 796/1/1
f 802/1/1 796/1/1 795/1/1
f 802/1/1 801/1/1 800/1/1
f 802/1/1 800/1/1 799/1/1
f 802/1/1 799/1/1 798/1/1
f 802/1/1 798/1/1 797/1/1
f 803/1/1 801/1/1 802/1/1
f 804/1/1 801/1/1 803/1/1
f 821/1/1 806/1/1 805/1/1
f 821/1/1 807/1/1 806/1/1
f 821/1/1 808/1/1 807/1/1
f 821/3/1 809/3/1 808/3/1
f 822/1/1 819/1/1 818/1/1
f 822/3/1 809/3/1 821/3/1
f 822/1/1 818/1/1 817/1/1
f 822/1/1 816/1/1 815/1/1
f 822/1/1 815/1/1 814/1/1
f 822/1/1 814/1/1 813/1/1
f 822/1/1 813/1/1 812/1/1
f 822/1/1 812/1/1 811/1/1
f 822/1/1 811/1/1 810/1/1
f 822/1/1 810/1/1 809/1/1
f 822/1/1 817/1/1 816/1/1
f 823/3/1 820/3/1 819/3/1
f 823/1/1 819/1/1 822/1/1
f 824/3/1 820/3/1 823/3/1
f 825/1/1 822/1/1 821/1/1
f 825/1/1 821/1/1 805/1/1
f 825/1/1 824/1/1 823/1/1
f 825/1/1 823/1/1 822/1/1
f 826/1/1 824/1/1 825/1/1
f 827/1/1 824/1/1 826/1/1
f 828/1/1 827/1/1 826/1/1
f 829/1/1 827/1/1 828/1/1
f 830/1/1 827/1/1 829/1/1
f 831/1/1 827/1/1 830/1/1
f 832/3/1 826/3/1 825/3/1
f 833/1/1 828/1/1 826/1/1
f 833/3/1 826/3/1 832/3/1
f 834/3/1 829/3/1 828/3/1
f 834/1/1 828/1/1 833/1/1
f 835/1/1 830/1/1 829/1/1
f 835/3/1 829/3/1 834/3/1
f 836/3/1 831/3/1 830/3/1
f 836/1/1 830/1/1 835/1/1
f 837/3/1 831/3/1 836/3/1
f 838/1/1 834/1/1 833/1/1
f 838/1/1 837/1/1 836/1/1
f 838/1/1 836/1/1 835/1/1
f 838/1/1 835/1/1 834/1/1
f 839/1/1 837/1/1 838/1/1
f 842/4/1 841/4/1 840/4/1
f 843/4/1 841/4/1 842/4/1
f 846/2/1 845/2/1 844/2/1
f 847/2/1 845/2/1 846/2/1
f 854/2/1 849/2/1 848/2/1
f 855/2/1 851/2/1 850/2/1
f 856/2/1 854/2/1 848/2/1
f 857/2/1 851/2/1 855/2/1
f 858/4/1 853/4/1 852/4/1
f 859/4/1 853/4/1 858/4/1
f 860/2/1 856/2/1 848/2/1
f 861/2/1 860/2/1 848/2/1
f 862/2/1 860/2/1 861/2/1
f 863/2/1 851/2/1 857/2/1
f 864/2/1 851/2/1 863/2/1
f 867/2/1 866/2/1 865/2/1
f 868/2/1 867/2/1 865/2/1
f 869/2/1 867/2/1 868/2/1
f 872/2/1 871/2/1 870/2/1
f 873/2/1 871/2/1 872/2/1
f 874/4/1 873/4/1 872/4/1
f 875/4/1 874/4/1 872/4/1
f 876/4/1 874/4/1 875/4/1
f 877/2/1 876/2/1 875/2/1
f 878/2/1 877/2/1 875/2/1
f 879/2/1 878/2/1 875/2/1
f 880/2/1 879/2/1 875/2/1
f 881/2/1 879/2/1 880/2/1
f 882/4/1 881/4/1 880/4/1
f 883/4/1 882/4/1 880/4/1
f 884/4/1 883/4/1 880/4/1
f 885/4/1 884/4/1 880/4/1
f 886/4/1 885/4/1 880/4/1
f 887/4/1 885/4/1 886/4/1
f 888/2/2 889/2/2 890/2/2
f 890/2/2 889/2/2 891/2/2
f 890/4/2 891/4/2 892/4/2
f 890/4/2 892/4/2 893/4/2
f 893/4/2 892/4/2 894/4/2
f 893/2/2 894/2/2 895/2/2
f 893/2/2 895/2/2 896/2/2
f 893/2/2 896/2/2 897/2/2
f 893/2/2 897/2/2 898/2/2
f 898/2/2 897/2/2 899/2/2
f 898/4/2 899/4/2 900/4/2
f 898/4/2 900/4/2 901/4/2
f 898/4/2 901/4/2 902/4/2
f 898/4/2 902/4/2 903/4/2
f 898/4/2 903/4/2 904/4/2
f 898/4/2 904/4/2 905/4/2
f 905/4/2 904/4/2 906/4/2
f 907/2/2 908/2/2 913/2/2
f 911/4/2 912/4/2 914/4/2
f 914/4/2 912/4/2 915/4/2
f 907/2/2 913/2/2 916/2/2
f 916/2/2 913/2/2 917/2/2
f 909/2/2 910/2/2 918/2/2
f 918/2/2 910/2/2 919/2/2
f 920/2/2 921/2/2 922/2/2
f 920/2/2 922/2/2 923/2/2
f 923/2/2 922/2/2 924/2/2
f 925/4/2 926/4/2 927/4/2
f 927/4/2 926/4/2 928/4/2
f 929/2/2 930/2/2 931/2/2
f 931/2/2 930/2/2 932/2/2
f 933/4/2 934/4/2 935/4/2
f 935/4/2 934/4/2 936/4/2
f 936/4/2 934/4/2 937/4/2
f 937/4/2 934/4/2 938/4/2
f 939/3/2 940/3/2 951/3/2
f 946/1/2 947/1/2 952/1/2
f 951/3/2 940/3/2 952/3/2
f 940/1/2 941/1/2 952/1/2
f 948/1/2 949/1/2 952/1/2
f 947/1/2 948/1/2 952/1/2
f 945/1/2 946/1/2 952/1/2
f 944/1/2 945/1/2 952/1/2
f 943/1/2 944/1/2 952/1/2
f 942/1/2 943/1/2 952/1/2
f 941/1/2 942/1/2 952/1/2
f 952/1/2 949/1/2 953/1/2
f 953/1/2 949/1/2 954/1/2
f 951/1/2 952/1/2 955/1/2
f 952/1/2 953/1/2 955/1/2
f 953/3/2 954/3/2 955/3/2
f 954/1/2 949/1/2 956/1/2
f 955/3/2 954/3/2 956/3/2
f 949/3/2 950/3/2 957/3/2
f 956/1/2 949/1/2 957/1/2
f 957/3/2 950/3/2 958/3/2
f 955/1/2 956/1/2 959/1/2
f 951/1/2 955/1/2 959/1/2
f 957/1/2 958/1/2 959/1/2
f 956/1/2 957/1/2 959/1/2
f 959/1/2 958/1/2 960/1/2
f 960/1/2 958/1/2 961/1/2
f 961/1/2 958/1/2 962/1/2
f 960/1/2 961/1/2 963/1/2
f 963/1/2 961/1/2 964/1/2
f 962/1/2 958/1/2 965/1/2
f 965/1/2 958/1/2 966/1/2
f 965/3/2 966/3/2 967/3/2
f 959/3/2 960/3/2 968/3/2
f 960/1/2 963/1/2 969/1/2
f 968/3/2 960/3/2 969/3/2
f 963/3/2 964/3/2 970/3/2
f 969/1/2 963/1/2 970/1/2
f 964/1/2 961/1/2 971/1/2
f 970/3/2 964/3/2 971/3/2
f 961/3/2 962/3/2 972/3/2
f 971/1/2 961/1/2 972/1/2
f 962/1/2 965/1/2 973/1/2
f 972/3/2 962/3/2 973/3/2
f 965/3/2 967/3/2 974/3/2
f 973/1/2 965/1/2 974/1/2
f 974/3/2 967/3/2 975/3/2
f 969/1/2 970/1/2 976/1/2
f 970/1/2 971/1/2 976/1/2
f 974/1/2 975/1/2 976/1/2
f 973/1/2 974/1/2 976/1/2
f 972/1/2 973/1/2 976/1/2
f 971/1/2 972/1/2 976/1/2
f 976/1/2 975/1/2 977/1/2
f 977/1/2 975/1/2 978/1/2
f 979/3/2 980/3/2 994/3/2
f 980/1/2 981/1/2 995/1/2
f 994/3/2 980/3/2 995/3/2
f 981/1/2 982/1/2 995/1/2
f 982/1/2 983/1/2 995/1/2
f 984/1/2 985/1/2 996/1/2
f 985/1/2 986/1/2 996/1/2
f 986/1/2 987/1/2 996/1/2
f 989/3/2 990/3/2 996/3/2
f 988/1/2 989/1/2 996/1/2
f 987/1/2 988/1/2 996/1/2
f 991/1/2 992/1/2 997/1/2
f 996/3/2 990/3/2 997/3/2
f 990/1/2 991/1/2 997/1/2
f 994/1/2 995/1/2 998/1/2
f 983/3/2 984/3/2 998/3/2
f 995/1/2 983/1/2 998/1/2
f 984/1/2 996/1/2 999/1/2
f 998/3/2 984/3/2 999/3/2
f 996/1/2 997/1/2 999/1/2
f 992/3/2 993/3/2 1000/3/2
f 999/1/2 997/1/2 1000/1/2
f 997/1/2 992/1/2 1000/1/2
f 1000/3/2 993/3/2 1001/3/2
f 998/1/2 999/1/2 1002/1/2
f 994/1/2 998/1/2 1002/1/2
f 1000/1/2 1001/1/2 1002/1/2
f 999/1/2 1000/1/2 1002/1/2
f 1002/1/2 1001/1/2 1003/1/2
f 1003/1/2 1001/1/2 1004/1/2
f 1004/1/2 1001/1/2 1005/1/2
f 1005/1/2 1001/1/2 1006/1/2
f 1003/1/2 1004/1/2 1007/1/2
f 1007/1/2 1004/1/2 1008/1/2
f 1005/1/2 1006/1/2 1009/1/2
f 1009/1/2 1006/1/2 1010/1/2
f 1002/3/2 1003/3/2 1011/3/2
f 1003/1/2 1007/1/2 1012/1/2
f 1011/3/2 1003/3/2 1012/3/2
f 1007/3/2 1008/3/2 1013/3/2
f 1012/1/2 1007/1/2 1013/1/2
f 1008/1/2 1004/1/2 1014/1/2
f 1013/3/2 1008/3/2 1014/3/2
f 1004/3/2 1005/3/2 1015/3/2
f 1014/1/2 1004/1/2 1015/1/2
f 1005/1/2 1009/1/2 1016/1/2
f 1015/3/2 1005/3/2 1016/3/2
f 1009/3/2 1010/3/2 1017/3/2
f 1016/1/2 1009/1/2 1017/1/2
f 1017/3/2 1010/3/2 1018/3/2
f 1013/1/2 1014/1/2 1019/1/2
f 1012/1/2 1013/1/2 1019/1/2
f 1017/1/2 1018/1/2 1019/1/2
f 1016/1/2 1017/1/2 1019/1/2
f 1015/1/2 1016/1/2 1019/1/2
f 1014/1/2 1015/1/2 1019/1/2
f 1019/1/2 1018/1/2 1020/1/2
f 1020/1/2 1018/1/2 1021/1/2
f 1022/1/2 1023/1/2 1034/1/2
f 1023/1/2 1024/1/2 1034/1/2
f 1024/1/2 1025/1/2 1034/1/2
f 1025/3/2 1026/3/2 1034/3/2
f 1031/1/2 1032/1/2 1035/1/2
f 1034/3/2 1026/3/2 1035/3/2
f 1030/1/2 1031/1/2 1035/1/2
f 1028/1/2 1029/1/2 1035/1/2
f 1027/1/2 1028/1/2 1035/1/2
f 1026/1/2 1027/1/2 1035/1/2
f 1029/1/2 1030/1/2 1035/1/2
f 1032/3/2 1033/3/2 1036/3/2
f 1035/1/2 1032/1/2 1036/1/2
f 1036/3/2 1033/3/2 1037/3/2
f 1034/1/2 1035/1/2 1038/1/2
f 1022/1/2 1034/1/2 1038/1/2
f 1036/1/2 1037/1/2 1038/1/2
f 1035/1/2 1036/1/2 1038/1/2
f 1038/1/2 1037/1/2 1039/1/2
f 1039/1/2 1037/1/2 1040/1/2
f 1040/1/2 1037/1/2 1041/1/2
f 1041/1/2 1037/1/2 1042/1/2
f 1039/1/2 1040/1/2 1043/1/2
f 1043/1/2 1040/1/2 1044/1/2
f 1041/1/2 1042/1/2 1045/1/2
f 1045/1/2 1042/1/2 1046/1/2
f 1038/3/2 1039/3/2 1047/3/2
f 1039/1/2 1043/1/2 1048/1/2
f 1047/3/2 1039/3/2 1048/3/2
f 1043/3/2 1044/3/2 1049/3/2
f 1048/1/2 1043/1/2 1049/1/2
f 1044/1/2 1040/1/2 1050/1/2
f 1049/3/2 1044/3/2 1050/3/2
f 1040/3/2 1041/3/2 1051/3/2
f 1050/1/2 1040/1/2 1051/1/2
f 1041/1/2 1045/1/2 1052/1/2
f 1051/3/2 1041/3/2 1052/3/2
f 1045/3/2 1046/3/2 1053/3/2
f 1052/1/2 1045/1/2 1053/1/2
f 1053/3/2 1046/3/2 1054/3/2
f 1049/1/2 1050/1/2 1055/1/2
f 1048/1/2 1049/1/2 1055/1/2
f 1053/1/2 1054/1/2 1055/1/2
f 1052/1/2 1053/1/2 1055/1/2
f 1051/1/2 1052/1/2 1055/1/2
f 1050/1/2 1051/1/2 1055/1/2
f 1055/1/2 1054/1/2 1056/1/2
f 1057/1/2 1058/1/2 1059/1/2
f 1059/1/2 1058/1/2 1060/1/2
f 1061/1/2 1062/1/2 1063/1/2
f 1063/1/2 1062/1/2 1064/1/2
f 1065/1/2 1066/1/2 1067/1/2
f 1067/1/2 1066/1/2 1068/1/2
f 1069/4/2 1070/4/2 1071/4/2
f 1071/4/2 1070/4/2 1072/4/2
f 1073/4/2 1074/4/2 1075/4/2
f 1075/4/2 1074/4/2 1076/4/2
f 1077/4/2 1078/4/2 1079/4/2
f 1079/4/2 1078/4/2 1080/4/2
f 1081/1/2 1082/1/2 1085/1/2
f 1085/1/2 1082/1/2 1086/1/2
f 1083/3/2 1084/3/2 1087/3/2
f 1087/3/2 1084/3/2 1088/3/2
f 1085/3/2 1086/3/2 1089/3/2
f 1087/1/2 1088/1/2 1090/1/2
f 1085/3/2 1089/3/2 1091/3/2
f 1091/3/2 1089/3/2 1092/3/2
f 1091/1/2 1092/1/2 1093/1/2
f 1093/1/2 1092/1/2 1094/1/2
f 1090/1/2 1088/1/2 1095/1/2
f 1095/1/2 1088/1/2 1096/1/2
f 1093/4/2 1094/4/2 1099/4/2
f 1099/4/2 1094/4/2 1100/4/2
f 1095/4/2 1096/4/2 1101/4/2
f 1101/4/2 1096/4/2 1102/4/2
f 1097/4/2 1098/4/2 1103/4/2
f 1103/4/2 1098/4/2 1104/4/2
f 1105/4/2 1106/4/2 1107/4/2
f 1107/4/2 1106/4/2 1108/4/2
f 1109/4/2 1110/4/2 1111/4/2
f 1111/4/2 1110/4/2 1112/4/2
f 1113/4/2 1114/4/2 1117/4/2
f 1117/4/2 1114/4/2 1118/4/2
f 1115/4/2 1116/4/2 1119/4/2
f 1119/4/2 1116/4/2 1120/4/2
f 1121/4/2 1122/4/2 1126/4/2
f 1126/4/2 1122/4/2 1127/4/2
f 1123/2/2 1124/2/2 1145/2/2
f 1124/4/2 1125/4/2 1146/4/2
f 1145/2/2 1124/2/2 1146/2/2
f 1146/4/2 1125/4/2 1147/4/2
f 1128/4/2 1129/4/2 1148/4/2
f 1129/2/2 1130/2/2 1149/2/2
f 1148/4/2 1129/4/2 1149/4/2
f 1130/2/2 1131/2/2 1149/2/2
f 1131/2/2 1132/2/2 1149/2/2
f 1132/2/2 1133/2/2 1149/2/2
f 1133/4/2 1134/4/2 1150/4/2
f 1149/2/2 1133/2/2 1150/2/2
f 1134/4/2 1135/4/2 1150/4/2
f 1135/2/2 1136/2/2 1151/2/2
f 1150/4/2 1135/4/2 1151/4/2
f 1136/2/2 1137/2/2 1151/2/2
f 1137/4/2 1138/4/2 1152/4/2
f 1151/2/2 1137/2/2 1152/2/2
f 1141/2/2 1142/2/2 1153/2/2
f 1152/4/2 1138/4/2 1153/4/2
f 1140/2/2 1141/2/2 1153/2/2
f 1139/2/2 1140/2/2 1153/2/2
f 1138/2/2 1139/2/2 1153/2/2
f 1142/4/2 1143/4/2 1154/4/2
f 1153/2/2 1142/2/2 1154/2/2
f 1143/2/2 1144/2/2 1155/2/2
f 1154/4/2 1143/4/2 1155/4/2
f 1155/2/2 1144/2/2 1156/2/2
f 1157/4/2 1158/4/2 1161/4/2
f 1161/4/2 1158/4/2 1162/4/2
f 1159/4/2 1160/4/2 1182/4/2
f 1182/4/2 1160/4/2 1183/4/2
f 1163/4/2 1164/4/2 1184/4/2
f 1164/2/2 1165/2/2 1185/2/2
f 1184/4/2 1164/4/2 1185/4/2
f 1165/2/2 1166/2/2 1185/2/2
f 1166/2/2 1167/2/2 1185/2/2
f 1167/4/2 1168/4/2 1186/4/2
f 1185/2/2 1167/2/2 1186/2/2
f 1168/4/2 1169/4/2 1186/4/2
f 1169/2/2 1170/2/2 1187/2/2
f 1186/4/2 1169/4/2 1187/4/2
f 1170/4/2 1171/4/2 1188/4/2
f 1187/2/2 1170/2/2 1188/2/2
f 1171/2/2 1172/2/2 1189/2/2
f 1188/4/2 1171/4/2 1189/4/2
f 1172/2/2 1173/2/2 1189/2/2
f 1173/4/2 1174/4/2 1190/4/2
f 1189/2/2 1173/2/2 1190/2/2
f 1174/2/2 1175/2/2 1191/2/2
f 1190/4/2 1174/4/2 1191/4/2
f 1175/4/2 1176/4/2 1192/4/2
f 1191/2/2 1175/2/2 1192/2/2
f 1176/2/2 1177/2/2 1193/2/2
f 1192/4/2 1176/4/2 1193/4/2
f 1177/4/2 1178/4/2 1194/4/2
f 1193/2/2 1177/2/2 1194/2/2
f 1178/2/2 1179/2/2 1195/2/2
f 1194/4/2 1178/4/2 1195/4/2
f 1179/4/2 1180/4/2 1196/4/2
f 1195/2/2 1179/2/2 1196/2/2
f 1180/2/2 1181/2/2 1197/2/2
f 1196/4/2 1180/4/2 1197/4/2
f 1197/2/2 1181/2/2 1198/2/2
f 1199/4/2 1200/4/2 1203/4/2
f 1203/4/2 1200/4/2 1204/4/2
f 1203/2/2 1204/2/2 1205/2/2
f 1201/4/2 1202/4/2 1206/4/2
f 1206/4/2 1202/4/2 1207/4/2
f 1207/4/2 1202/4/2 1208/4/2
f 1203/2/2 1205/2/2 1209/2/2
f 1209/2/2 1205/2/2 1210/2/2
f 1209/4/2 1210/4/2 1211/4/2
f 1207/2/2 1208/2/2 1212/2/2
f 1212/2/2 1208/2/2 1213/2/2
f 1213/2/2 1208/2/2 1214/2/2
f 1209/4/2 1211/4/2 1215/4/2
f 1213/4/2 1214/4/2 1216/4/2
f 1209/4/2 1215/4/2 1217/4/2
f 1217/4/2 1215/4/2 1218/4/2
f 1216/4/2 1214/4/2 1219/4/2
f 1219/4/2 1214/4/2 1220/4/2
f 1220/4/2 1214/4/2 1221/4/2
f 1220/2/2 1221/2/2 1222/2/2
f 1222/2/2 1221/2/2 1223/2/2
f 1217/2/2 1218/2/2 1224/2/2
f 1222/4/2 1223/4/2 1225/4/2
f 1225/4/2 1223/4/2 1226/4/2
f 1226/4/2 1223/4/2 1227/4/2
f 1217/2/2 1224/2/2 1228/2/2
f 1228/2/2 1224/2/2 1229/2/2
f 1226/2/2 1227/2/2 1230/2/2
f 1230/2/2 1227/2/2 1231/2/2
f 1231/2/2 1227/2/2 1232/2/2
f 1228/4/2 1229/4/2 1233/4/2
f 1231/4/2 1232/4/2 1234/4/2
f 1234/4/2 1232/4/2 1235/4/2
f 1234/2/2 1235/2/2 1236/2/2
f 1236/2/2 1235/2/2 1237/2/2
f 1228/4/2 1233/4/2 1238/4/2
f 1236/4/2 1237/4/2 1239/4/2
f 1228/4/2 1238/4/2 1240/4/2
f 1239/4/2 1237/4/2 1241/4/2
f 1241/4/2 1237/4/2 1242/4/2
f 1242/4/2 1237/4/2 1243/4/2
f 1242/2/2 1243/2/2 1244/2/2
f 1244/2/2 1243/2/2 1245/2/2
f 1244/4/2 1245/4/2 1246/4/2
f 1246/4/2 1245/4/2 1247/4/2
f 1228/4/2 1240/4/2 1248/4/2
f 1248/4/2 1240/4/2 1249/4/2
f 1246/2/2 1247/2/2 1269/2/2
f 1269/2/2 1247/2/2 1270/2/2
f 1249/4/2 1250/4/2 1271/4/2
f 1250/2/2 1251/2/2 1271/2/2
f 1251/4/2 1252/4/2 1272/4/2
f 1271/2/2 1251/2/2 1272/2/2
f 1253/4/2 1254/4/2 1273/4/2
f 1254/4/2 1255/4/2 1273/4/2
f 1255/4/2 1256/4/2 1273/4/2
f 1256/4/2 1257/4/2 1273/4/2
f 1273/4/2 1257/4/2 1274/4/2
f 1274/4/2 1257/4/2 1275/4/2
f 1257/2/2 1258/2/2 1276/2/2
f 1275/4/2 1257/4/2 1276/4/2
f 1258/4/2 1259/4/2 1277/4/2
f 1276/2/2 1258/2/2 1277/2/2
f 1259/4/2 1260/4/2 1277/4/2
f 1260/4/2 1261/4/2 1277/4/2
f 1261/4/2 1262/4/2 1277/4/2
f 1262/4/2 1263/4/2 1277/4/2
f 1263/4/2 1264/4/2 1277/4/2
f 1277/4/2 1264/4/2 1278/4/2
f 1278/4/2 1264/4/2 1279/4/2
f 1267/2/2 1268/2/2 1280/2/2
f 1266/4/2 1267/4/2 1280/4/2
f 1268/4/2 1269/4/2 1281/4/2
f 1280/2/2 1268/2/2 1281/2/2
f 1249/4/2 1271/4/2 1282/4/2
f 1271/4/2 1272/4/2 1282/4/2
f 1252/2/2 1253/2/2 1283/2/2
f 1282/4/2 1272/4/2 1283/4/2
f 1272/4/2 1252/4/2 1283/4/2
f 1253/4/2 1273/4/2 1284/4/2
f 1283/2/2 1253/2/2 1284/2/2
f 1273/2/2 1274/2/2 1285/2/2
f 1284/4/2 1273/4/2 1285/4/2
f 1274/4/2 1275/4/2 1286/4/2
f 1285/2/2 1274/2/2 1286/2/2
f 1275/2/2 1276/2/2 1287/2/2
f 1286/4/2 1275/4/2 1287/4/2
f 1277/4/2 1278/4/2 1288/4/2
f 1287/2/2 1276/2/2 1288/2/2
f 1276/4/2 1277/4/2 1288/4/2
f 1278/2/2 1279/2/2 1289/2/2
f 1288/4/2 1278/4/2 1289/4/2
f 1279/4/2 1264/4/2 1290/4/2
f 1289/2/2 1279/2/2 1290/2/2
f 1265/2/2 1266/2/2 1291/2/2
f 1290/4/2 1264/4/2 1291/4/2
f 1264/2/2 1265/2/2 1291/2/2
f 1266/4/2 1280/4/2 1292/4/2
f 1291/2/2 1266/2/2 1292/2/2
f 1280/4/2 1281/4/2 1292/4/2
f 1281/4/2 1269/4/2 1293/4/2
f 1292/4/2 1281/4/2 1293/4/2
f 1294/4/2 1295/4/2 1296/4/2
f 1296/4/2 1295/4/2 1297/4/2
f 1297/4/2 1295/4/2 1298/4/2
f 1298/4/2 1295/4/2 1299/4/2
f 1299/4/2 1295/4/2 1300/4/2
f 1300/4/2 1295/4/2 1301/4/2
f 1301/4/2 1295/4/2 1302/4/2
f 1302/4/2 1295/4/2 1303/4/2
f 1303/4/2 1295/4/2 1304/4/2
f 1304/4/2 1295/4/2 1305/4/2
f 1305/4/2 1295/4/2 1306/4/2
f 1306/4/2 1295/4/2 1307/4/2
f 1294/4/2 1296/4/2 1308/4/2
f 1308/4/2 1296/4/2 1309/4/2
f 1297/4/2 1298/4/2 1310/4/2
f 1298/2/2 1299/2/2 1311/2/2
f 1310/4/2 1298/4/2 1311/4/2
f 1311/2/2 1299/2/2 1312/2/2
f 1299/4/2 1300/4/2 1313/4/2
f 1312/2/2 1299/2/2 1313/2/2
f 1313/4/2 1300/4/2 1314/4/2
f 1300/2/2 1301/2/2 1315/2/2
f 1314/4/2 1300/4/2 1315/4/2
f 1315/2/2 1301/2/2 1316/2/2
f 1301/4/2 1302/4/2 1317/4/2
f 1316/2/2 1301/2/2 1317/2/2
f 1302/2/2 1303/2/2 1318/2/2
f 1303/4/2 1304/4/2 1319/4/2
f 1318/2/2 1303/2/2 1319/2/2
f 1304/2/2 1305/2/2 1320/2/2
f 1319/4/2 1304/4/2 1320/4/2
f 1320/2/2 1305/2/2 1321/2/2
f 1305/4/2 1306/4/2 1322/4/2
f 1321/2/2 1305/2/2 1322/2/2
f 1322/4/2 1306/4/2 1323/4/2
f 1307/4/2 1295/4/2 1324/4/2
f 1324/4/2 1295/4/2 1325/4/2
f 1296/2/2 1297/2/2 1326/2/2
f 1297/4/2 1310/4/2 1327/4/2
f 1326/2/2 1297/2/2 1327/2/2
f 1313/4/2 1314/4/2 1328/4/2
f 1315/2/2 1316/2/2 1328/2/2
f 1312/4/2 1313/4/2 1328/4/2
f 1314/2/2 1315/2/2 1328/2/2
f 1328/2/2 1316/2/2 1329/2/2
f 1323/4/2 1306/4/2 1330/4/2
f 1306/2/2 1307/2/2 1330/2/2
f 1330/2/2 1307/2/2 1331/2/2
f 1327/4/2 1310/4/2 1332/4/2
f 1326/4/2 1327/4/2 1332/4/2
f 1311/2/2 1312/2/2 1333/2/2
f 1332/4/2 1310/4/2 1333/4/2
f 1310/2/2 1311/2/2 1333/2/2
f 1317/4/2 1302/4/2 1334/4/2
f 1316/4/2 1317/4/2 1334/4/2
f 1302/2/2 1318/2/2 1335/2/2
f 1334/4/2 1302/4/2 1335/4/2
f 1330/4/2 1331/4/2 1336/4/2
f 1323/4/2 1330/4/2 1336/4/2
f 1321/2/2 1322/2/2 1336/2/2
f 1322/2/2 1323/2/2 1336/2/2
f 1336/4/2 1331/4/2 1337/4/2
f 1309/4/2 1296/4/2 1338/4/2
f 1296/2/2 1326/2/2 1338/2/2
f 1326/4/2 1332/4/2 1339/4/2
f 1338/2/2 1326/2/2 1339/2/2
f 1328/4/2 1329/4/2 1340/4/2
f 1312/4/2 1328/4/2 1340/4/2
f 1340/4/2 1329/4/2 1341/4/2
f 1316/4/2 1334/4/2 1342/4/2
f 1334/2/2 1335/2/2 1342/2/2
f 1335/2/2 1318/2/2 1343/2/2
f 1342/2/2 1335/2/2 1343/2/2
f 1318/4/2 1319/4/2 1344/4/2
f 1320/4/2 1321/4/2 1344/4/2
f 1319/4/2 1320/4/2 1344/4/2
f 1336/2/2 1337/2/2 1345/2/2
f 1344/4/2 1321/4/2 1345/4/2
f 1321/2/2 1336/2/2 1345/2/2
f 1337/4/2 1331/4/2 1346/4/2
f 1331/2/2 1307/2/2 1346/2/2
f 1307/4/2 1324/4/2 1347/4/2
f 1346/2/2 1307/2/2 1347/2/2
f 1309/4/2 1338/4/2 1348/4/2
f 1308/2/2 1309/2/2 1348/2/2
f 1338/4/2 1339/4/2 1348/4/2
f 1348/4/2 1339/4/2 1349/4/2
f 1333/2/2 1312/2/2 1350/2/2
f 1332/2/2 1333/2/2 1350/2/2
f 1312/4/2 1340/4/2 1351/4/2
f 1350/2/2 1312/2/2 1351/2/2
f 1351/4/2 1340/4/2 1352/4/2
f 1340/2/2 1341/2/2 1353/2/2
f 1352/4/2 1340/4/2 1353/4/2
f 1329/2/2 1316/2/2 1354/2/2
f 1341/4/2 1329/4/2 1354/4/2
f 1316/4/2 1342/4/2 1355/4/2
f 1354/2/2 1316/2/2 1355/2/2
f 1342/4/2 1343/4/2 1355/4/2
f 1355/4/2 1343/4/2 1356/4/2
f 1343/2/2 1318/2/2 1357/2/2
f 1356/4/2 1343/4/2 1357/4/2
f 1318/4/2 1344/4/2 1358/4/2
f 1357/2/2 1318/2/2 1358/2/2
f 1347/4/2 1324/4/2 1359/4/2
f 1346/4/2 1347/4/2 1359/4/2
f 1324/2/2 1325/2/2 1360/2/2
f 1359/4/2 1324/4/2 1360/4/2
f 1349/4/2 1339/4/2 1361/4/2
f 1339/4/2 1332/4/2 1362/4/2
f 1361/4/2 1339/4/2 1362/4/2
f 1332/2/2 1350/2/2 1363/2/2
f 1362/4/2 1332/4/2 1363/4/2
f 1363/2/2 1350/2/2 1364/2/2
f 1356/4/2 1357/4/2 1365/4/2
f 1355/2/2 1356/2/2 1365/2/2
f 1357/4/2 1358/4/2 1365/4/2
f 1365/4/2 1358/4/2 1366/4/2
f 1358/4/2 1344/4/2 1367/4/2
f 1366/4/2 1358/4/2 1367/4/2
f 1344/2/2 1345/2/2 1368/2/2
f 1367/4/2 1344/4/2 1368/4/2
f 1345/2/2 1337/2/2 1369/2/2
f 1368/2/2 1345/2/2 1369/2/2
f 1346/4/2 1359/4/2 1370/4/2
f 1369/2/2 1337/2/2 1370/2/2
f 1337/4/2 1346/4/2 1370/4/2
f 1370/4/2 1359/4/2 1371/4/2
f 1371/4/2 1359/4/2 1372/4/2
f 1349/4/2 1361/4/2 1373/4/2
f 1348/2/2 1349/2/2 1373/2/2
f 1361/2/2 1362/2/2 1374/2/2
f 1373/4/2 1361/4/2 1374/4/2
f 1367/2/2 1368/2/2 1375/2/2
f 1366/4/2 1367/4/2 1375/4/2
f 1368/2/2 1369/2/2 1375/2/2
f 1375/2/2 1369/2/2 1376/2/2
f 1372/4/2 1359/4/2 1377/4/2
f 1371/2/2 1372/2/2 1377/2/2
f 1359/2/2 1360/2/2 1378/2/2
f 1377/4/2 1359/4/2 1378/4/2
f 1373/2/2 1374/2/2 1379/2/2
f 1348/2/2 1373/2/2 1379/2/2
f 1308/2/2 1348/2/2 1379/2/2
f 1379/2/2 1374/2/2 1380/2/2
f 1374/2/2 1362/2/2 1381/2/2
f 1380/2/2 1374/2/2 1381/2/2
f 1363/4/2 1364/4/2 1381/4/2
f 1362/4/2 1363/4/2 1381/4/2
f 1381/4/2 1364/4/2 1382/4/2
f 1352/2/2 1353/2/2 1383/2/2
f 1350/4/2 1351/4/2 1383/4/2
f 1351/4/2 1352/4/2 1383/4/2
f 1353/2/2 1341/2/2 1384/2/2
f 1383/2/2 1353/2/2 1384/2/2
f 1376/2/2 1369/2/2 1385/2/2
f 1369/4/2 1370/4/2 1386/4/2
f 1385/2/2 1369/2/2 1386/2/2
f 1370/4/2 1371/4/2 1386/4/2
f 1386/4/2 1371/4/2 1387/4/2
f 1377/2/2 1378/2/2 1388/2/2
f 1387/4/2 1371/4/2 1388/4/2
f 1371/2/2 1377/2/2 1388/2/2
f 1378/2/2 1360/2/2 1389/2/2
f 1388/2/2 1378/2/2 1389/2/2
f 1360/2/2 1325/2/2 1389/2/2
f 1389/2/2 1325/2/2 1390/2/2
f 1379/4/2 1380/4/2 1391/4/2
f 1381/2/2 1382/2/2 1391/2/2
f 1380/2/2 1381/2/2 1391/2/2
f 1391/2/2 1382/2/2 1392/2/2
f 1350/4/2 1383/4/2 1393/4/2
f 1383/4/2 1384/4/2 1393/4/2
f 1384/2/2 1341/2/2 1394/2/2
f 1393/4/2 1384/4/2 1394/4/2
f 1387/2/2 1388/2/2 1395/2/2
f 1388/2/2 1389/2/2 1395/2/2
f 1389/4/2 1390/4/2 1396/4/2
f 1395/2/2 1389/2/2 1396/2/2
f 1391/4/2 1392/4/2 1397/4/2
f 1379/4/2 1391/4/2 1397/4/2
f 1397/4/2 1392/4/2 1398/4/2
f 1365/2/2 1366/2/2 1399/2/2
f 1355/2/2 1365/2/2 1399/2/2
f 1354/4/2 1355/4/2 1399/4/2
f 1399/2/2 1366/2/2 1400/2/2
f 1376/2/2 1385/2/2 1401/2/2
f 1385/4/2 1386/4/2 1402/4/2
f 1401/2/2 1385/2/2 1402/2/2
f 1386/4/2 1387/4/2 1402/4/2
f 1396/4/2 1390/4/2 1403/4/2
f 1395/4/2 1396/4/2 1403/4/2
f 1403/4/2 1390/4/2 1404/4/2
f 1397/2/2 1398/2/2 1405/2/2
f 1398/4/2 1392/4/2 1406/4/2
f 1405/2/2 1398/2/2 1406/2/2
f 1392/2/2 1382/2/2 1407/2/2
f 1406/4/2 1392/4/2 1407/4/2
f 1407/2/2 1382/2/2 1408/2/2
f 1382/4/2 1364/4/2 1409/4/2
f 1408/2/2 1382/2/2 1409/2/2
f 1409/4/2 1364/4/2 1410/4/2
f 1394/2/2 1341/2/2 1411/2/2
f 1341/4/2 1354/4/2 1411/4/2
f 1393/2/2 1394/2/2 1411/2/2
f 1399/4/2 1400/4/2 1411/4/2
f 1354/4/2 1399/4/2 1411/4/2
f 1411/4/2 1400/4/2 1412/4/2
f 1402/4/2 1387/4/2 1413/4/2
f 1401/4/2 1402/4/2 1413/4/2
f 1387/2/2 1395/2/2 1414/2/2
f 1413/4/2 1387/4/2 1414/4/2
f 1414/2/2 1395/2/2 1415/2/2
f 1395/4/2 1403/4/2 1416/4/2
f 1415/2/2 1395/2/2 1416/2/2
f 1403/2/2 1404/2/2 1417/2/2
f 1416/4/2 1403/4/2 1417/4/2
f 1417/2/2 1404/2/2 1418/2/2
f 1405/4/2 1406/4/2 1419/4/2
f 1407/4/2 1408/4/2 1419/4/2
f 1406/4/2 1407/4/2 1419/4/2
f 1419/4/2 1408/4/2 1420/4/2
f 1409/2/2 1410/2/2 1421/2/2
f 1420/4/2 1408/4/2 1421/4/2
f 1408/2/2 1409/2/2 1421/2/2
f 1421/2/2 1410/2/2 1422/2/2
f 1414/2/2 1415/2/2 1423/2/2
f 1413/2/2 1414/2/2 1423/2/2
f 1417/4/2 1418/4/2 1424/4/2
f 1423/2/2 1415/2/2 1424/2/2
f 1416/4/2 1417/4/2 1424/4/2
f 1415/4/2 1416/4/2 1424/4/2
f 1424/4/2 1418/4/2 1425/4/2
f 1425/4/2 1418/4/2 1426/4/2
f 1419/2/2 1420/2/2 1427/2/2
f 1405/4/2 1419/4/2 1427/4/2
f 1420/4/2 1421/4/2 1428/4/2
f 1427/2/2 1420/2/2 1428/2/2
f 1421/4/2 1422/4/2 1428/4/2
f 1428/4/2 1422/4/2 1429/4/2
f 1410/4/2 1364/4/2 1430/4/2
f 1422/2/2 1410/2/2 1430/2/2
f 1364/2/2 1350/2/2 1431/2/2
f 1430/4/2 1364/4/2 1431/4/2
f 1401/4/2 1413/4/2 1432/4/2
f 1413/2/2 1423/2/2 1433/2/2
f 1432/4/2 1413/4/2 1433/4/2
f 1424/4/2 1425/4/2 1434/4/2
f 1423/4/2 1424/4/2 1434/4/2
f 1425/2/2 1426/2/2 1435/2/2
f 1434/4/2 1425/4/2 1435/4/2
f 1426/4/2 1418/4/2 1436/4/2
f 1435/2/2 1426/2/2 1436/2/2
f 1405/4/2 1427/4/2 1437/4/2
f 1427/4/2 1428/4/2 1437/4/2
f 1437/4/2 1428/4/2 1438/4/2
f 1422/2/2 1430/2/2 1439/2/2
f 1429/4/2 1422/4/2 1439/4/2
f 1430/2/2 1431/2/2 1439/2/2
f 1439/2/2 1431/2/2 1440/2/2
f 1433/2/2 1423/2/2 1441/2/2
f 1432/2/2 1433/2/2 1441/2/2
f 1423/4/2 1434/4/2 1442/4/2
f 1441/2/2 1423/2/2 1442/2/2
f 1436/4/2 1418/4/2 1443/4/2
f 1435/4/2 1436/4/2 1443/4/2
f 1443/4/2 1418/4/2 1444/4/2
f 1438/4/2 1428/4/2 1445/4/2
f 1428/2/2 1429/2/2 1445/2/2
f 1439/4/2 1440/4/2 1446/4/2
f 1445/2/2 1429/2/2 1446/2/2
f 1429/4/2 1439/4/2 1446/4/2
f 1446/4/2 1440/4/2 1447/4/2
f 1400/2/2 1366/2/2 1448/2/2
f 1375/4/2 1376/4/2 1448/4/2
f 1366/4/2 1375/4/2 1448/4/2
f 1448/4/2 1376/4/2 1449/4/2
f 1401/4/2 1432/4/2 1450/4/2
f 1432/2/2 1441/2/2 1451/2/2
f 1450/4/2 1432/4/2 1451/4/2
f 1442/4/2 1434/4/2 1452/4/2
f 1441/4/2 1442/4/2 1452/4/2
f 1434/2/2 1435/2/2 1453/2/2
f 1452/4/2 1434/4/2 1453/4/2
f 1435/4/2 1443/4/2 1454/4/2
f 1453/2/2 1435/2/2 1454/2/2
f 1446/2/2 1447/2/2 1455/2/2
f 1445/4/2 1446/4/2 1455/4/2
f 1447/4/2 1440/4/2 1456/4/2
f 1455/2/2 1447/2/2 1456/2/2
f 1440/2/2 1431/2/2 1457/2/2
f 1456/4/2 1440/4/2 1457/4/2
f 1457/2/2 1431/2/2 1458/2/2
f 1451/2/2 1441/2/2 1459/2/2
f 1450/2/2 1451/2/2 1459/2/2
f 1441/4/2 1452/4/2 1460/4/2
f 1459/2/2 1441/2/2 1460/2/2
f 1452/2/2 1453/2/2 1461/2/2
f 1460/4/2 1452/4/2 1461/4/2
f 1453/4/2 1454/4/2 1462/4/2
f 1461/2/2 1453/2/2 1462/2/2
f 1445/4/2 1455/4/2 1463/4/2
f 1455/4/2 1456/4/2 1463/4/2
f 1438/4/2 1445/4/2 1463/4/2
f 1456/4/2 1457/4/2 1463/4/2
f 1457/4/2 1458/4/2 1463/4/2
f 1463/4/2 1458/4/2 1464/4/2
f 1350/4/2 1393/4/2 1465/4/2
f 1411/2/2 1412/2/2 1466/2/2
f 1465/4/2 1393/4/2 1466/4/2
f 1393/2/2 1411/2/2 1466/2/2
f 1466/2/2 1412/2/2 1467/2/2
f 1449/4/2 1376/4/2 1468/4/2
f 1448/2/2 1449/2/2 1468/2/2
f 1376/2/2 1401/2/2 1469/2/2
f 1468/4/2 1376/4/2 1469/4/2
f 1401/4/2 1450/4/2 1470/4/2
f 1469/2/2 1401/2/2 1470/2/2
f 1460/4/2 1461/4/2 1471/4/2
f 1461/4/2 1462/4/2 1471/4/2
f 1459/4/2 1460/4/2 1471/4/2
f 1462/4/2 1454/4/2 1472/4/2
f 1471/4/2 1462/4/2 1472/4/2
f 1454/4/2 1443/4/2 1472/4/2
f 1438/4/2 1463/4/2 1473/4/2
f 1463/2/2 1464/2/2 1473/2/2
f 1473/2/2 1464/2/2 1474/2/2
f 1466/4/2 1467/4/2 1475/4/2
f 1465/2/2 1466/2/2 1475/2/2
f 1467/2/2 1412/2/2 1476/2/2
f 1475/4/2 1467/4/2 1476/4/2
f 1470/4/2 1450/4/2 1477/4/2
f 1469/4/2 1470/4/2 1477/4/2
f 1477/4/2 1450/4/2 1478/4/2
f 1471/2/2 1472/2/2 1479/2/2
f 1472/4/2 1443/4/2 1480/4/2
f 1479/2/2 1472/2/2 1480/2/2
f 1464/4/2 1458/4/2 1481/4/2
f 1458/2/2 1431/2/2 1482/2/2
f 1481/4/2 1458/4/2 1482/4/2
f 1465/2/2 1475/2/2 1483/2/2
f 1350/4/2 1465/4/2 1483/4/2
f 1475/2/2 1476/2/2 1483/2/2
f 1483/2/2 1476/2/2 1484/2/2
f 1476/2/2 1412/2/2 1485/2/2
f 1484/2/2 1476/2/2 1485/2/2
f 1412/4/2 1400/4/2 1486/4/2
f 1485/2/2 1412/2/2 1486/2/2
f 1448/2/2 1468/2/2 1487/2/2
f 1468/2/2 1469/2/2 1487/2/2
f 1400/2/2 1448/2/2 1487/2/2
f 1487/2/2 1469/2/2 1488/2/2
f 1469/4/2 1477/4/2 1489/4/2
f 1477/2/2 1478/2/2 1489/2/2
f 1478/4/2 1450/4/2 1490/4/2
f 1489/2/2 1478/2/2 1490/2/2
f 1450/2/2 1459/2/2 1491/2/2
f 1459/4/2 1471/4/2 1491/4/2
f 1491/4/2 1471/4/2 1492/4/2
f 1437/2/2 1438/2/2 1493/2/2
f 1473/4/2 1474/4/2 1493/4/2
f 1438/4/2 1473/4/2 1493/4/2
f 1493/4/2 1474/4/2 1494/4/2
f 1464/4/2 1481/4/2 1495/4/2
f 1481/2/2 1482/2/2 1495/2/2
f 1482/2/2 1431/2/2 1496/2/2
f 1495/2/2 1482/2/2 1496/2/2
f 1484/2/2 1485/2/2 1497/2/2
f 1485/4/2 1486/4/2 1498/4/2
f 1497/2/2 1485/2/2 1498/2/2
f 1490/4/2 1450/4/2 1499/4/2
f 1489/4/2 1490/4/2 1499/4/2
f 1491/2/2 1492/2/2 1500/2/2
f 1499/4/2 1450/4/2 1500/4/2
f 1450/2/2 1491/2/2 1500/2/2
f 1500/2/2 1492/2/2 1501/2/2
f 1492/4/2 1471/4/2 1502/4/2
f 1501/2/2 1492/2/2 1502/2/2
f 1480/4/2 1443/4/2 1503/4/2
f 1479/4/2 1480/4/2 1503/4/2
f 1443/2/2 1444/2/2 1504/2/2
f 1503/4/2 1443/4/2 1504/4/2
f 1494/4/2 1474/4/2 1505/4/2
f 1474/2/2 1464/2/2 1505/2/2
f 1464/4/2 1495/4/2 1506/4/2
f 1505/2/2 1464/2/2 1506/2/2
f 1495/4/2 1496/4/2 1506/4/2
f 1484/2/2 1497/2/2 1507/2/2
f 1483/4/2 1484/4/2 1507/4/2
f 1497/4/2 1498/4/2 1508/4/2
f 1507/2/2 1497/2/2 1508/2/2
f 1498/4/2 1486/4/2 1509/4/2
f 1508/4/2 1498/4/2 1509/4/2
f 1486/4/2 1400/4/2 1509/4/2
f 1400/2/2 1487/2/2 1510/2/2
f 1509/4/2 1400/4/2 1510/4/2
f 1502/4/2 1471/4/2 1511/4/2
f 1471/2/2 1479/2/2 1511/2/2
f 1501/4/2 1502/4/2 1511/4/2
f 1479/4/2 1503/4/2 1512/4/2
f 1511/2/2 1479/2/2 1512/2/2
f 1506/4/2 1496/4/2 1513/4/2
f 1496/2/2 1431/2/2 1513/2/2
f 1505/4/2 1506/4/2 1513/4/2
f 1431/2/2 1350/2/2 1514/2/2
f 1513/2/2 1431/2/2 1514/2/2
f 1507/4/2 1508/4/2 1515/4/2
f 1514/2/2 1350/2/2 1515/2/2
f 1483/4/2 1507/4/2 1515/4/2
f 1508/4/2 1509/4/2 1515/4/2
f 1350/4/2 1483/4/2 1515/4/2
f 1515/4/2 1509/4/2 1516/4/2
f 1516/4/2 1509/4/2 1517/4/2
f 1517/4/2 1509/4/2 1518/4/2
f 1469/4/2 1489/4/2 1519/4/2
f 1489/4/2 1499/4/2 1519/4/2
f 1500/2/2 1501/2/2 1520/2/2
f 1519/4/2 1499/4/2 1520/4/2
f 1499/2/2 1500/2/2 1520/2/2
f 1520/2/2 1501/2/2 1521/2/2
f 1511/4/2 1512/4/2 1522/4/2
f 1521/2/2 1501/2/2 1522/2/2
f 1501/4/2 1511/4/2 1522/4/2
f 1504/2/2 1444/2/2 1523/2/2
f 1503/2/2 1504/2/2 1523/2/2
f 1523/2/2 1444/2/2 1524/2/2
f 1513/4/2 1514/4/2 1525/4/2
f 1494/4/2 1505/4/2 1525/4/2
f 1505/4/2 1513/4/2 1525/4/2
f 1493/2/2 1494/2/2 1525/2/2
f 1525/4/2 1514/4/2 1526/4/2
f 1515/2/2 1516/2/2 1527/2/2
f 1526/4/2 1514/4/2 1527/4/2
f 1514/2/2 1515/2/2 1527/2/2
f 1527/2/2 1516/2/2 1528/2/2
f 1516/4/2 1517/4/2 1529/4/2
f 1517/2/2 1518/2/2 1529/2/2
f 1518/4/2 1509/4/2 1530/4/2
f 1529/2/2 1518/2/2 1530/2/2
f 1488/2/2 1469/2/2 1531/2/2
f 1487/4/2 1488/4/2 1531/4/2
f 1469/4/2 1519/4/2 1532/4/2
f 1531/2/2 1469/2/2 1532/2/2
f 1520/2/2 1521/2/2 1533/2/2
f 1532/4/2 1519/4/2 1533/4/2
f 1519/2/2 1520/2/2 1533/2/2
f 1533/2/2 1521/2/2 1534/2/2
f 1521/4/2 1522/4/2 1535/4/2
f 1534/2/2 1521/2/2 1535/2/2
f 1512/4/2 1503/4/2 1536/4/2
f 1535/4/2 1522/4/2 1536/4/2
f 1522/4/2 1512/4/2 1536/4/2
f 1503/2/2 1523/2/2 1537/2/2
f 1536/4/2 1503/4/2 1537/4/2
f 1529/4/2 1530/4/2 1538/4/2
f 1528/2/2 1516/2/2 1538/2/2
f 1516/4/2 1529/4/2 1538/4/2
f 1538/4/2 1530/4/2 1539/4/2
f 1530/4/2 1509/4/2 1540/4/2
f 1539/4/2 1530/4/2 1540/4/2
f 1509/2/2 1510/2/2 1541/2/2
f 1540/4/2 1509/4/2 1541/4/2
f 1537/2/2 1523/2/2 1542/2/2
f 1536/2/2 1537/2/2 1542/2/2
f 1523/4/2 1524/4/2 1543/4/2
f 1542/2/2 1523/2/2 1543/2/2
f 1437/2/2 1493/2/2 1544/2/2
f 1525/2/2 1526/2/2 1544/2/2
f 1493/2/2 1525/2/2 1544/2/2
f 1544/2/2 1526/2/2 1545/2/2
f 1526/4/2 1527/4/2 1546/4/2
f 1545/2/2 1526/2/2 1546/2/2
f 1527/4/2 1528/4/2 1546/4/2
f 1546/4/2 1528/4/2 1547/4/2
f 1538/2/2 1539/2/2 1548/2/2
f 1547/4/2 1528/4/2 1548/4/2
f 1528/2/2 1538/2/2 1548/2/2
f 1548/2/2 1539/2/2 1549/2/2
f 1539/4/2 1540/4/2 1550/4/2
f 1549/2/2 1539/2/2 1550/2/2
f 1550/4/2 1540/4/2 1551/4/2
f 1510/2/2 1487/2/2 1552/2/2
f 1541/2/2 1510/2/2 1552/2/2
f 1540/2/2 1541/2/2 1552/2/2
f 1487/4/2 1531/4/2 1553/4/2
f 1552/2/2 1487/2/2 1553/2/2
f 1531/4/2 1532/4/2 1553/4/2
f 1532/2/2 1533/2/2 1554/2/2
f 1533/2/2 1534/2/2 1554/2/2
f 1535/4/2 1536/4/2 1555/4/2
f 1554/2/2 1534/2/2 1555/2/2
f 1534/4/2 1535/4/2 1555/4/2
f 1555/4/2 1536/4/2 1556/4/2
f 1536/2/2 1542/2/2 1557/2/2
f 1556/4/2 1536/4/2 1557/4/2
f 1546/2/2 1547/2/2 1558/2/2
f 1544/4/2 1545/4/2 1558/4/2
f 1545/2/2 1546/2/2 1558/2/2
f 1558/2/2 1547/2/2 1559/2/2
f 1547/4/2 1548/4/2 1560/4/2
f 1548/4/2 1549/4/2 1560/4/2
f 1560/4/2 1549/4/2 1561/4/2
f 1550/2/2 1551/2/2 1562/2/2
f 1561/4/2 1549/4/2 1562/4/2
f 1549/2/2 1550/2/2 1562/2/2
f 1562/2/2 1551/2/2 1563/2/2
f 1532/2/2 1554/2/2 1564/2/2
f 1555/4/2 1556/4/2 1565/4/2
f 1564/2/2 1554/2/2 1565/2/2
f 1554/4/2 1555/4/2 1565/4/2
f 1565/4/2 1556/4/2 1566/4/2
f 1566/4/2 1556/4/2 1567/4/2
f 1559/2/2 1547/2/2 1568/2/2
f 1547/4/2 1560/4/2 1568/4/2
f 1568/4/2 1560/4/2 1569/4/2
f 1560/2/2 1561/2/2 1570/2/2
f 1562/4/2 1563/4/2 1570/4/2
f 1561/4/2 1562/4/2 1570/4/2
f 1570/4/2 1563/4/2 1571/4/2
f 1564/4/2 1565/4/2 1572/4/2
f 1565/4/2 1566/4/2 1572/4/2
f 1566/2/2 1567/2/2 1573/2/2
f 1572/4/2 1566/4/2 1573/4/2
f 1567/4/2 1556/4/2 1574/4/2
f 1556/2/2 1557/2/2 1575/2/2
f 1574/4/2 1556/4/2 1575/4/2
f 1557/2/2 1542/2/2 1576/2/2
f 1575/2/2 1557/2/2 1576/2/2
f 1542/4/2 1543/4/2 1577/4/2
f 1576/2/2 1542/2/2 1577/2/2
f 1558/4/2 1559/4/2 1578/4/2
f 1544/4/2 1558/4/2 1578/4/2
f 1578/4/2 1559/4/2 1579/4/2
f 1569/4/2 1560/4/2 1580/4/2
f 1570/2/2 1571/2/2 1580/2/2
f 1560/2/2 1570/2/2 1580/2/2
f 1580/2/2 1571/2/2 1581/2/2
f 1563/2/2 1551/2/2 1582/2/2
f 1551/4/2 1540/4/2 1582/4/2
f 1540/2/2 1552/2/2 1583/2/2
f 1582/4/2 1540/4/2 1583/4/2
f 1553/4/2 1532/4/2 1584/4/2
f 1552/4/2 1553/4/2 1584/4/2
f 1532/2/2 1564/2/2 1585/2/2
f 1584/4/2 1532/4/2 1585/4/2
f 1573/2/2 1567/2/2 1586/2/2
f 1572/2/2 1573/2/2 1586/2/2
f 1567/4/2 1574/4/2 1587/4/2
f 1586/2/2 1567/2/2 1587/2/2
f 1579/4/2 1559/4/2 1588/4/2
f 1568/2/2 1569/2/2 1588/2/2
f 1559/2/2 1568/2/2 1588/2/2
f 1588/2/2 1569/2/2 1589/2/2
f 1563/2/2 1582/2/2 1590/2/2
f 1582/2/2 1583/2/2 1590/2/2
f 1571/4/2 1563/4/2 1590/4/2
f 1590/2/2 1583/2/2 1591/2/2
f 1585/2/2 1564/2/2 1592/2/2
f 1584/2/2 1585/2/2 1592/2/2
f 1564/4/2 1572/4/2 1593/4/2
f 1592/2/2 1564/2/2 1593/2/2
f 1581/2/2 1571/2/2 1594/2/2
f 1590/4/2 1591/4/2 1594/4/2
f 1571/4/2 1590/4/2 1594/4/2
f 1594/4/2 1591/4/2 1595/4/2
f 1593/4/2 1572/4/2 1596/4/2
f 1592/4/2 1593/4/2 1596/4/2
f 1572/2/2 1586/2/2 1597/2/2
f 1596/4/2 1572/4/2 1597/4/2
f 1574/2/2 1575/2/2 1598/2/2
f 1575/2/2 1576/2/2 1598/2/2
f 1576/4/2 1577/4/2 1599/4/2
f 1598/2/2 1576/2/2 1599/2/2
f 1577/4/2 1543/4/2 1600/4/2
f 1599/4/2 1577/4/2 1600/4/2
f 1543/4/2 1524/4/2 1601/4/2
f 1600/4/2 1543/4/2 1601/4/2
f 1588/4/2 1589/4/2 1602/4/2
f 1579/4/2 1588/4/2 1602/4/2
f 1578/2/2 1579/2/2 1602/2/2
f 1602/4/2 1589/4/2 1603/4/2
f 1589/2/2 1569/2/2 1604/2/2
f 1580/4/2 1581/4/2 1604/4/2
f 1569/4/2 1580/4/2 1604/4/2
f 1604/4/2 1581/4/2 1605/4/2
f 1581/2/2 1594/2/2 1606/2/2
f 1605/4/2 1581/4/2 1606/4/2
f 1594/2/2 1595/2/2 1606/2/2
f 1606/2/2 1595/2/2 1607/2/2
f 1595/4/2 1591/4/2 1608/4/2
f 1591/2/2 1583/2/2 1608/2/2
f 1608/2/2 1583/2/2 1609/2/2
f 1597/2/2 1586/2/2 1610/2/2
f 1596/2/2 1597/2/2 1610/2/2
f 1586/4/2 1587/4/2 1611/4/2
f 1610/2/2 1586/2/2 1611/2/2
f 1587/4/2 1574/4/2 1612/4/2
f 1611/4/2 1587/4/2 1612/4/2
f 1574/2/2 1598/2/2 1613/2/2
f 1612/4/2 1574/4/2 1613/4/2
f 1599/4/2 1600/4/2 1614/4/2
f 1598/4/2 1599/4/2 1614/4/2
f 1600/2/2 1601/2/2 1615/2/2
f 1614/4/2 1600/4/2 1615/4/2
f 1602/2/2 1603/2/2 1616/2/2
f 1578/2/2 1602/2/2 1616/2/2
f 1544/4/2 1578/4/2 1616/4/2
f 1616/2/2 1603/2/2 1617/2/2
f 1613/2/2 1598/2/2 1618/2/2
f 1612/2/2 1613/2/2 1618/2/2
f 1598/4/2 1614/4/2 1619/4/2
f 1618/2/2 1598/2/2 1619/2/2
f 1615/2/2 1601/2/2 1620/2/2
f 1614/2/2 1615/2/2 1620/2/2
f 1601/4/2 1524/4/2 1621/4/2
f 1620/2/2 1601/2/2 1621/2/2
f 1617/2/2 1603/2/2 1622/2/2
f 1616/4/2 1617/4/2 1622/4/2
f 1603/4/2 1589/4/2 1623/4/2
f 1622/2/2 1603/2/2 1623/2/2
f 1604/2/2 1605/2/2 1624/2/2
f 1623/4/2 1589/4/2 1624/4/2
f 1589/2/2 1604/2/2 1624/2/2
f 1624/2/2 1605/2/2 1625/2/2
f 1607/2/2 1595/2/2 1626/2/2
f 1608/4/2 1609/4/2 1626/4/2
f 1595/4/2 1608/4/2 1626/4/2
f 1626/4/2 1609/4/2 1627/4/2
f 1552/4/2 1584/4/2 1628/4/2
f 1584/2/2 1592/2/2 1628/2/2
f 1592/4/2 1596/4/2 1629/4/2
f 1628/2/2 1592/2/2 1629/2/2
f 1596/2/2 1610/2/2 1630/2/2
f 1629/4/2 1596/4/2 1630/4/2
f 1610/4/2 1611/4/2 1631/4/2
f 1611/4/2 1612/4/2 1631/4/2
f 1612/2/2 1618/2/2 1632/2/2
f 1631/4/2 1612/4/2 1632/4/2
f 1616/4/2 1622/4/2 1633/4/2
f 1624/4/2 1625/4/2 1633/4/2
f 1622/4/2 1623/4/2 1633/4/2
f 1623/4/2 1624/4/2 1633/4/2
f 1633/4/2 1625/4/2 1634/4/2
f 1625/2/2 1605/2/2 1635/2/2
f 1634/4/2 1625/4/2 1635/4/2
f 1606/4/2 1607/4/2 1636/4/2
f 1635/2/2 1605/2/2 1636/2/2
f 1605/4/2 1606/4/2 1636/4/2
f 1626/2/2 1627/2/2 1637/2/2
f 1636/4/2 1607/4/2 1637/4/2
f 1607/2/2 1626/2/2 1637/2/2
f 1637/2/2 1627/2/2 1638/2/2
f 1630/2/2 1610/2/2 1639/2/2
f 1629/2/2 1630/2/2 1639/2/2
f 1610/4/2 1631/4/2 1640/4/2
f 1639/2/2 1610/2/2 1640/2/2
f 1632/2/2 1618/2/2 1641/2/2
f 1631/2/2 1632/2/2 1641/2/2
f 1618/4/2 1619/4/2 1642/4/2
f 1641/2/2 1618/2/2 1642/2/2
f 1544/4/2 1616/4/2 1643/4/2
f 1616/4/2 1633/4/2 1643/4/2
f 1643/4/2 1633/4/2 1644/4/2
f 1633/2/2 1634/2/2 1645/2/2
f 1644/4/2 1633/4/2 1645/4/2
f 1645/2/2 1634/2/2 1646/2/2
f 1634/4/2 1635/4/2 1647/4/2
f 1635/4/2 1636/4/2 1647/4/2
f 1637/4/2 1638/4/2 1647/4/2
f 1636/4/2 1637/4/2 1647/4/2
f 1647/4/2 1638/4/2 1648/4/2
f 1638/2/2 1627/2/2 1649/2/2
f 1648/4/2 1638/4/2 1649/4/2
f 1627/4/2 1609/4/2 1650/4/2
f 1649/2/2 1627/2/2 1650/2/2
f 1628/4/2 1629/4/2 1651/4/2
f 1629/2/2 1639/2/2 1651/2/2
f 1639/4/2 1640/4/2 1652/4/2
f 1651/2/2 1639/2/2 1652/2/2
f 1640/4/2 1631/4/2 1653/4/2
f 1652/4/2 1640/4/2 1653/4/2
f 1631/2/2 1641/2/2 1654/2/2
f 1653/4/2 1631/4/2 1654/4/2
f 1619/4/2 1614/4/2 1655/4/2
f 1642/4/2 1619/4/2 1655/4/2
f 1641/4/2 1642/4/2 1655/4/2
f 1614/2/2 1620/2/2 1656/2/2
f 1655/4/2 1614/4/2 1656/4/2
f 1620/4/2 1621/4/2 1657/4/2
f 1656/2/2 1620/2/2 1657/2/2
f 1621/4/2 1524/4/2 1658/4/2
f 1657/4/2 1621/4/2 1658/4/2
f 1658/4/2 1524/4/2 1659/4/2
f 1643/2/2 1644/2/2 1660/2/2
f 1645/4/2 1646/4/2 1661/4/2
f 1660/2/2 1644/2/2 1661/2/2
f 1644/4/2 1645/4/2 1661/4/2
f 1648/4/2 1649/4/2 1662/4/2
f 1609/2/2 1583/2/2 1662/2/2
f 1650/4/2 1609/4/2 1662/4/2
f 1649/4/2 1650/4/2 1662/4/2
f 1583/2/2 1552/2/2 1663/2/2
f 1662/2/2 1583/2/2 1663/2/2
f 1651/4/2 1652/4/2 1664/4/2
f 1663/2/2 1552/2/2 1664/2/2
f 1628/4/2 1651/4/2 1664/4/2
f 1552/4/2 1628/4/2 1664/4/2
f 1652/4/2 1653/4/2 1664/4/2
f 1664/4/2 1653/4/2 1665/4/2
f 1656/4/2 1657/4/2 1666/4/2
f 1657/4/2 1658/4/2 1666/4/2
f 1658/2/2 1659/2/2 1666/2/2
f 1666/2/2 1659/2/2 1667/2/2
f 1661/4/2 1646/4/2 1668/4/2
f 1660/4/2 1661/4/2 1668/4/2
f 1668/4/2 1646/4/2 1669/4/2
f 1647/2/2 1648/2/2 1670/2/2
f 1634/4/2 1647/4/2 1670/4/2
f 1670/2/2 1648/2/2 1671/2/2
f 1654/2/2 1641/2/2 1672/2/2
f 1653/2/2 1654/2/2 1672/2/2
f 1641/4/2 1655/4/2 1673/4/2
f 1672/2/2 1641/2/2 1673/2/2
f 1666/4/2 1667/4/2 1674/4/2
f 1656/4/2 1666/4/2 1674/4/2
f 1674/4/2 1667/4/2 1675/4/2
f 1662/4/2 1663/4/2 1676/4/2
f 1671/2/2 1648/2/2 1676/2/2
f 1648/4/2 1662/4/2 1676/4/2
f 1676/4/2 1663/4/2 1677/4/2
f 1665/4/2 1653/4/2 1678/4/2
f 1653/2/2 1672/2/2 1679/2/2
f 1678/4/2 1653/4/2 1679/4/2
f 1646/2/2 1634/2/2 1680/2/2
f 1669/4/2 1646/4/2 1680/4/2
f 1670/4/2 1671/4/2 1681/4/2
f 1680/2/2 1634/2/2 1681/2/2
f 1634/4/2 1670/4/2 1681/4/2
f 1677/4/2 1663/4/2 1682/4/2
f 1664/2/2 1665/2/2 1682/2/2
f 1663/2/2 1664/2/2 1682/2/2
f 1682/2/2 1665/2/2 1683/2/2
f 1679/2/2 1672/2/2 1684/2/2
f 1678/2/2 1679/2/2 1684/2/2
f 1672/4/2 1673/4/2 1685/4/2
f 1684/2/2 1672/2/2 1685/2/2
f 1673/4/2 1655/4/2 1686/4/2
f 1685/4/2 1673/4/2 1686/4/2
f 1655/2/2 1656/2/2 1686/2/2
f 1656/4/2 1674/4/2 1687/4/2
f 1686/2/2 1656/2/2 1687/2/2
f 1668/2/2 1669/2/2 1688/2/2
f 1660/4/2 1668/4/2 1688/4/2
f 1669/4/2 1680/4/2 1689/4/2
f 1688/2/2 1669/2/2 1689/2/2
f 1680/4/2 1681/4/2 1689/4/2
f 1681/4/2 1671/4/2 1690/4/2
f 1689/4/2 1681/4/2 1690/4/2
f 1676/2/2 1677/2/2 1690/2/2
f 1671/2/2 1676/2/2 1690/2/2
f 1690/2/2 1677/2/2 1691/2/2
f 1683/2/2 1665/2/2 1692/2/2
f 1682/4/2 1683/4/2 1692/4/2
f 1692/2/2 1665/2/2 1693/2/2
f 1674/2/2 1675/2/2 1694/2/2
f 1684/4/2 1685/4/2 1694/4/2
f 1685/4/2 1686/4/2 1694/4/2
f 1687/4/2 1674/4/2 1694/4/2
f 1686/4/2 1687/4/2 1694/4/2
f 1675/4/2 1667/4/2 1695/4/2
f 1694/2/2 1675/2/2 1695/2/2
f 1688/4/2 1689/4/2 1696/4/2
f 1690/4/2 1691/4/2 1696/4/2
f 1689/4/2 1690/4/2 1696/4/2
f 1696/4/2 1691/4/2 1697/4/2
f 1697/4/2 1691/4/2 1698/4/2
f 1691/2/2 1677/2/2 1699/2/2
f 1698/4/2 1691/4/2 1699/4/2
f 1692/4/2 1693/4/2 1700/4/2
f 1699/2/2 1677/2/2 1700/2/2
f 1677/4/2 1682/4/2 1700/4/2
f 1682/4/2 1692/4/2 1700/4/2
f 1700/4/2 1693/4/2 1701/4/2
f 1693/2/2 1665/2/2 1702/2/2
f 1665/4/2 1678/4/2 1702/4/2
f 1702/4/2 1678/4/2 1703/4/2
f 1703/4/2 1678/4/2 1704/4/2
f 1678/2/2 1684/2/2 1705/2/2
f 1704/4/2 1678/4/2 1705/4/2
f 1684/4/2 1694/4/2 1706/4/2
f 1705/2/2 1684/2/2 1706/2/2
f 1694/4/2 1695/4/2 1706/4/2
f 1706/4/2 1695/4/2 1707/4/2
f 1707/4/2 1695/4/2 1708/4/2
f 1708/4/2 1695/4/2 1709/4/2
f 1696/2/2 1697/2/2 1710/2/2
f 1688/4/2 1696/4/2 1710/4/2
f 1697/4/2 1698/4/2 1711/4/2
f 1710/2/2 1697/2/2 1711/2/2
f 1698/2/2 1699/2/2 1712/2/2
f 1711/4/2 1698/4/2 1712/4/2
f 1700/2/2 1701/2/2 1712/2/2
f 1699/2/2 1700/2/2 1712/2/2
f 1712/2/2 1701/2/2 1713/2/2
f 1701/4/2 1693/4/2 1714/4/2
f 1713/2/2 1701/2/2 1714/2/2
f 1714/4/2 1693/4/2 1715/4/2
f 1702/2/2 1703/2/2 1716/2/2
f 1715/4/2 1693/4/2 1716/4/2
f 1693/2/2 1702/2/2 1716/2/2
f 1703/4/2 1704/4/2 1717/4/2
f 1716/2/2 1703/2/2 1717/2/2
f 1717/4/2 1704/4/2 1718/4/2
f 1704/2/2 1705/2/2 1719/2/2
f 1718/4/2 1704/4/2 1719/4/2
f 1706/2/2 1707/2/2 1719/2/2
f 1705/2/2 1706/2/2 1719/2/2
f 1719/2/2 1707/2/2 1720/2/2
f 1707/4/2 1708/4/2 1721/4/2
f 1720/2/2 1707/2/2 1721/2/2
f 1721/4/2 1708/4/2 1722/4/2
f 1708/2/2 1709/2/2 1723/2/2
f 1722/4/2 1708/4/2 1723/4/2
f 1723/2/2 1709/2/2 1724/2/2
f 1709/4/2 1695/4/2 1725/4/2
f 1724/2/2 1709/2/2 1725/2/2
f 1725/4/2 1695/4/2 1726/4/2
f 1710/4/2 1711/4/2 1727/4/2
f 1688/4/2 1710/4/2 1727/4/2
f 1727/4/2 1711/4/2 1728/4/2
f 1711/2/2 1712/2/2 1729/2/2
f 1728/4/2 1711/4/2 1729/4/2
f 1729/2/2 1712/2/2 1730/2/2
f 1712/4/2 1713/4/2 1731/4/2
f 1714/2/2 1715/2/2 1731/2/2
f 1713/2/2 1714/2/2 1731/2/2
f 1731/2/2 1715/2/2 1732/2/2
f 1717/4/2 1718/4/2 1733/4/2
f 1732/2/2 1715/2/2 1733/2/2
f 1715/4/2 1716/4/2 1733/4/2
f 1716/4/2 1717/4/2 1733/4/2
f 1733/4/2 1718/4/2 1734/4/2
f 1719/2/2 1720/2/2 1735/2/2
f 1718/2/2 1719/2/2 1735/2/2
f 1720/4/2 1721/4/2 1736/4/2
f 1735/2/2 1720/2/2 1736/2/2
f 1729/4/2 1730/4/2 1737/4/2
f 1728/4/2 1729/4/2 1737/4/2
f 1727/2/2 1728/2/2 1737/2/2
f 1737/4/2 1730/4/2 1738/4/2
f 1730/2/2 1712/2/2 1739/2/2
f 1738/4/2 1730/4/2 1739/4/2
f 1731/4/2 1732/4/2 1740/4/2
f 1739/2/2 1712/2/2 1740/2/2
f 1712/4/2 1731/4/2 1740/4/2
f 1732/2/2 1733/2/2 1741/2/2
f 1740/4/2 1732/4/2 1741/4/2
f 1733/2/2 1734/2/2 1741/2/2
f 1741/2/2 1734/2/2 1742/2/2
f 1734/4/2 1718/4/2 1743/4/2
f 1742/2/2 1734/2/2 1743/2/2
f 1743/4/2 1718/4/2 1744/4/2
f 1718/2/2 1735/2/2 1745/2/2
f 1744/4/2 1718/4/2 1745/4/2
f 1735/4/2 1736/4/2 1746/4/2
f 1745/2/2 1735/2/2 1746/2/2
f 1723/4/2 1724/4/2 1747/4/2
f 1721/2/2 1722/2/2 1747/2/2
f 1722/4/2 1723/4/2 1747/4/2
f 1747/4/2 1724/4/2 1748/4/2
f 1725/2/2 1726/2/2 1749/2/2
f 1748/4/2 1724/4/2 1749/4/2
f 1724/2/2 1725/2/2 1749/2/2
f 1749/2/2 1726/2/2 1750/2/2
f 1660/4/2 1688/4/2 1751/4/2
f 1688/4/2 1727/4/2 1751/4/2
f 1737/2/2 1738/2/2 1752/2/2
f 1751/4/2 1727/4/2 1752/4/2
f 1727/2/2 1737/2/2 1752/2/2
f 1738/4/2 1739/4/2 1753/4/2
f 1741/4/2 1742/4/2 1753/4/2
f 1739/4/2 1740/4/2 1753/4/2
f 1740/4/2 1741/4/2 1753/4/2
f 1753/4/2 1742/4/2 1754/4/2
f 1742/2/2 1743/2/2 1755/2/2
f 1754/4/2 1742/4/2 1755/4/2
f 1743/2/2 1744/2/2 1755/2/2
f 1755/2/2 1744/2/2 1756/2/2
f 1745/4/2 1746/4/2 1757/4/2
f 1756/2/2 1744/2/2 1757/2/2
f 1744/4/2 1745/4/2 1757/4/2
f 1757/4/2 1746/4/2 1758/4/2
f 1758/4/2 1746/4/2 1759/4/2
f 1759/4/2 1746/4/2 1760/4/2
f 1746/4/2 1736/4/2 1761/4/2
f 1760/4/2 1746/4/2 1761/4/2
f 1736/4/2 1721/4/2 1761/4/2
f 1761/4/2 1721/4/2 1762/4/2
f 1747/2/2 1748/2/2 1763/2/2
f 1748/4/2 1749/4/2 1763/4/2
f 1749/4/2 1750/4/2 1763/4/2
f 1763/4/2 1750/4/2 1764/4/2
f 1726/4/2 1695/4/2 1765/4/2
f 1750/2/2 1726/2/2 1765/2/2
f 1695/4/2 1667/4/2 1766/4/2
f 1765/4/2 1695/4/2 1766/4/2
f 1660/4/2 1751/4/2 1767/4/2
f 1751/2/2 1752/2/2 1768/2/2
f 1767/4/2 1751/4/2 1768/4/2
f 1752/2/2 1738/2/2 1769/2/2
f 1768/2/2 1752/2/2 1769/2/2
f 1738/4/2 1753/4/2 1769/4/2
f 1753/2/2 1754/2/2 1770/2/2
f 1769/4/2 1753/4/2 1770/4/2
f 1755/4/2 1756/4/2 1771/4/2
f 1770/2/2 1754/2/2 1771/2/2
f 1754/4/2 1755/4/2 1771/4/2
f 1756/2/2 1757/2/2 1772/2/2
f 1771/4/2 1756/4/2 1772/4/2
f 1757/2/2 1758/2/2 1772/2/2
f 1758/4/2 1759/4/2 1773/4/2
f 1772/2/2 1758/2/2 1773/2/2
f 1759/2/2 1760/2/2 1774/2/2
f 1773/4/2 1759/4/2 1774/4/2
f 1760/4/2 1761/4/2 1775/4/2
f 1774/2/2 1760/2/2 1775/2/2
f 1761/2/2 1762/2/2 1776/2/2
f 1775/4/2 1761/4/2 1776/4/2
f 1762/4/2 1721/4/2 1777/4/2
f 1776/2/2 1762/2/2 1777/2/2
f 1763/2/2 1764/2/2 1778/2/2
f 1777/4/2 1721/4/2 1778/4/2
f 1747/2/2 1763/2/2 1778/2/2
f 1721/2/2 1747/2/2 1778/2/2
f 1764/4/2 1750/4/2 1779/4/2
f 1778/2/2 1764/2/2 1779/2/2
f 1750/2/2 1765/2/2 1780/2/2
f 1779/4/2 1750/4/2 1780/4/2
f 1765/2/2 1766/2/2 1780/2/2
f 1766/4/2 1667/4/2 1781/4/2
f 1780/2/2 1766/2/2 1781/2/2
f 1781/4/2 1667/4/2 1782/4/2
f 1789/4/3 1784/4/3 1783/4/3
f 1789/2/3 1785/2/3 1784/2/3
f 1790/2/3 1785/2/3 1789/2/3
f 1791/4/3 1786/4/3 1785/4/3
f 1791/2/3 1785/2/3 1790/2/3
f 1792/2/3 1787/2/3 1786/2/3
f 1792/4/3 1786/4/3 1791/4/3
f 1793/4/3 1788/4/3 1787/4/3
f 1793/2/3 1787/2/3 1792/2/3
f 1794/4/3 1788/4/3 1793/4/3
f 1795/4/3 1788/4/3 1794/4/3
f 1797/4/3 1790/4/3 1789/4/3
f 1798/4/3 1790/4/3 1797/4/3
f 1799/2/3 1795/2/3 1794/2/3
f 1800/4/3 1796/4/3 1795/4/3
f 1800/2/3 1795/2/3 1799/2/3
f 1801/4/3 1796/4/3 1800/4/3
f 1802/4/3 1797/4/3 1789/4/3
f 1803/4/3 1797/4/3 1802/4/3
f 1810/2/3 1801/2/3 1800/2/3
f 1811/4/3 1796/4/3 1801/4/3
f 1811/2/3 1801/2/3 1810/2/3
f 1812/4/3 1789/4/3 1783/4/3
f 1812/4/3 1802/4/3 1789/4/3
f 1813/4/3 1802/4/3 1812/4/3
f 1815/4/3 1805/4/3 1804/4/3
f 1816/4/3 1805/4/3 1815/4/3
f 1818/4/3 1807/4/3 1806/4/3
f 1819/4/3 1807/4/3 1818/4/3
f 1821/4/3 1809/4/3 1808/4/3
f 1822/4/3 1809/4/3 1821/4/3
f 1825/4/3 1815/4/3 1814/4/3
f 1826/2/3 1816/2/3 1815/2/3
f 1826/4/3 1815/4/3 1825/4/3
f 1827/2/3 1816/2/3 1826/2/3
f 1828/4/3 1818/4/3 1817/4/3
f 1829/2/3 1819/2/3 1818/2/3
f 1829/4/3 1818/4/3 1828/4/3
f 1830/2/3 1819/2/3 1829/2/3
f 1831/4/3 1821/4/3 1820/4/3
f 1832/2/3 1822/2/3 1821/2/3
f 1832/4/3 1821/4/3 1831/4/3
f 1833/2/3 1822/2/3 1832/2/3
f 1834/4/3 1824/4/3 1823/4/3
f 1836/4/3 1827/4/3 1826/4/3
f 1837/4/3 1827/4/3 1836/4/3
f 1838/4/3 1830/4/3 1829/4/3
f 1839/4/3 1830/4/3 1838/4/3
f 1840/4/3 1833/4/3 1832/4/3
f 1841/4/3 1833/4/3 1840/4/3
f 1843/4/3 1796/4/3 1811/4/3
f 1844/4/3 1835/4/3 1834/4/3
f 1847/2/3 1843/2/3 1842/2/3
f 1848/4/3 1796/4/3 1843/4/3
f 1848/2/3 1843/2/3 1847/2/3
f 1849/4/3 1845/4/3 1844/4/3
f 1849/4/3 1834/4/3 1823/4/3
f 1849/4/3 1844/4/3 1834/4/3
f 1850/4/3 1845/4/3 1849/4/3
f 1854/2/3 1847/2/3 1846/2/3
f 1855/4/3 1848/4/3 1847/4/3
f 1855/2/3 1847/2/3 1854/2/3
f 1856/4/3 1796/4/3 1848/4/3
f 1856/4/3 1848/4/3 1855/4/3
f 1857/4/3 1849/4/3 1823/4/3
f 1858/2/3 1850/2/3 1849/2/3
f 1858/4/3 1849/4/3 1857/4/3
f 1858/2/3 1851/2/3 1850/2/3
f 1859/4/3 1852/4/3 1851/4/3
f 1859/2/3 1851/2/3 1858/2/3
f 1860/2/3 1853/2/3 1852/2/3
f 1860/4/3 1852/4/3 1859/4/3
f 1861/4/3 1855/4/3 1854/4/3
f 1861/2/3 1853/2/3 1860/2/3
f 1861/4/3 1854/4/3 1853/4/3
f 1862/4/3 1855/4/3 1861/4/3
f 1873/4/3 1864/4/3 1863/4/3
f 1874/4/3 1864/4/3 1873/4/3
f 1875/2/3 1865/2/3 1864/2/3
f 1875/4/3 1864/4/3 1874/4/3
f 1876/2/3 1865/2/3 1875/2/3
f 1877/4/3 1866/4/3 1865/4/3
f 1877/2/3 1865/2/3 1876/2/3
f 1878/2/3 1867/2/3 1866/2/3
f 1878/4/3 1866/4/3 1877/4/3
f 1879/4/3 1868/4/3 1867/4/3
f 1879/2/3 1867/2/3 1878/2/3
f 1880/2/3 1869/2/3 1868/2/3
f 1880/4/3 1868/4/3 1879/4/3
f 1881/2/3 1869/2/3 1880/2/3
f 1882/4/3 1870/4/3 1869/4/3
f 1882/2/3 1869/2/3 1881/2/3
f 1883/2/3 1871/2/3 1870/2/3
f 1883/4/3 1870/4/3 1882/4/3
f 1884/4/3 1872/4/3 1871/4/3
f 1884/2/3 1871/2/3 1883/2/3
f 1885/4/3 1872/4/3 1884/4/3
f 1901/4/3 1886/4/3 1885/4/3
f 1902/4/3 1886/4/3 1901/4/3
f 1904/3/3 1888/3/3 1887/3/3
f 1904/3/3 1889/3/3 1888/3/3
f 1905/3/3 1889/3/3 1904/3/3
f 1906/3/3 1889/3/3 1905/3/3
f 1907/3/3 1889/3/3 1906/3/3
f 1908/1/3 1890/1/3 1889/1/3
f 1908/3/3 1889/3/3 1907/3/3
f 1908/1/3 1891/1/3 1890/1/3
f 1909/1/3 1891/1/3 1908/1/3
f 1910/3/3 1892/3/3 1891/3/3
f 1910/1/3 1891/1/3 1909/1/3
f 1911/1/3 1893/1/3 1892/1/3
f 1911/3/3 1894/3/3 1893/3/3
f 1911/3/3 1895/3/3 1894/3/3
f 1912/3/3 1895/3/3 1911/3/3
f 1913/3/3 1895/3/3 1912/3/3
f 1914/1/3 1896/1/3 1895/1/3
f 1914/3/3 1895/3/3 1913/3/3
f 1915/1/3 1896/1/3 1914/1/3
f 1916/3/3 1897/3/3 1896/3/3
f 1916/1/3 1896/1/3 1915/1/3
f 1917/3/3 1897/3/3 1916/3/3
f 1918/3/3 1897/3/3 1917/3/3
f 1919/3/3 1897/3/3 1918/3/3
f 1920/1/3 1898/1/3 1897/1/3
f 1920/3/3 1897/3/3 1919/3/3
f 1921/1/3 1898/1/3 1920/1/3
f 1922/3/3 1899/3/3 1898/3/3
f 1922/1/3 1898/1/3 1921/1/3
f 1923/1/3 1900/1/3 1899/1/3
f 1929/3/3 1904/3/3 1903/3/3
f 1929/3/3 1905/3/3 1904/3/3
f 1930/3/3 1905/3/3 1929/3/3
f 1931/3/3 1905/3/3 1930/3/3
f 1932/3/3 1907/3/3 1906/3/3
f 1932/1/3 1906/1/3 1905/1/3
f 1933/1/3 1909/1/3 1908/1/3
f 1933/3/3 1907/3/3 1932/3/3
f 1933/1/3 1908/1/3 1907/1/3
f 1934/1/3 1909/1/3 1933/1/3
f 1935/3/3 1910/3/3 1909/3/3
f 1935/1/3 1909/1/3 1934/1/3
f 1936/3/3 1892/3/3 1910/3/3
f 1936/3/3 1910/3/3 1935/3/3
f 1937/3/3 1892/3/3 1936/3/3
f 1938/1/3 1911/1/3 1892/1/3
f 1938/3/3 1892/3/3 1937/3/3
f 1938/1/3 1912/1/3 1911/1/3
f 1939/1/3 1912/1/3 1938/1/3
f 1940/3/3 1913/3/3 1912/3/3
f 1940/1/3 1912/1/3 1939/1/3
f 1941/1/3 1915/1/3 1914/1/3
f 1941/3/3 1913/3/3 1940/3/3
f 1941/1/3 1914/1/3 1913/1/3
f 1942/1/3 1915/1/3 1941/1/3
f 1943/3/3 1916/3/3 1915/3/3
f 1943/1/3 1915/1/3 1942/1/3
f 1943/3/3 1917/3/3 1916/3/3
f 1944/3/3 1917/3/3 1943/3/3
f 1945/3/3 1917/3/3 1944/3/3
f 1946/1/3 1918/1/3 1917/1/3
f 1946/3/3 1917/3/3 1945/3/3
f 1947/3/3 1919/3/3 1918/3/3
f 1947/1/3 1918/1/3 1946/1/3
f 1948/1/3 1921/1/3 1920/1/3
f 1948/3/3 1919/3/3 1947/3/3
f 1948/1/3 1920/1/3 1919/1/3
f 1949/1/3 1921/1/3 1948/1/3
f 1950/3/3 1922/3/3 1921/3/3
f 1950/1/3 1921/1/3 1949/1/3
f 1951/3/3 1899/3/3 1922/3/3
f 1951/3/3 1922/3/3 1950/3/3
f 1952/1/3 1924/1/3 1923/1/3
f 1952/3/3 1899/3/3 1951/3/3
f 1952/1/3 1923/1/3 1899/1/3
f 1953/3/3 1925/3/3 1924/3/3
f 1955/3/3 1930/3/3 1929/3/3
f 1955/3/3 1929/3/3 1928/3/3
f 1956/3/3 1930/3/3 1955/3/3
f 1957/3/3 1930/3/3 1956/3/3
f 1958/3/3 1930/3/3 1957/3/3
f 1959/3/3 1905/3/3 1931/3/3
f 1960/1/3 1932/1/3 1905/1/3
f 1960/3/3 1905/3/3 1959/3/3
f 1960/1/3 1934/1/3 1933/1/3
f 1960/1/3 1933/1/3 1932/1/3
f 1961/3/3 1935/3/3 1934/3/3
f 1961/1/3 1934/1/3 1960/1/3
f 1961/3/3 1936/3/3 1935/3/3
f 1962/1/3 1937/1/3 1936/1/3
f 1962/3/3 1936/3/3 1961/3/3
f 1963/1/3 1937/1/3 1962/1/3
f 1964/1/3 1937/1/3 1963/1/3
f 1965/1/3 1937/1/3 1964/1/3
f 1966/1/3 1937/1/3 1965/1/3
f 1967/1/3 1937/1/3 1966/1/3
f 1968/3/3 1939/3/3 1938/3/3
f 1969/1/3 1940/1/3 1939/1/3
f 1969/3/3 1939/3/3 1968/3/3
f 1969/1/3 1942/1/3 1941/1/3
f 1969/1/3 1941/1/3 1940/1/3
f 1970/3/3 1943/3/3 1942/3/3
f 1970/1/3 1942/1/3 1969/1/3
f 1970/3/3 1944/3/3 1943/3/3
f 1971/1/3 1945/1/3 1944/1/3
f 1971/3/3 1944/3/3 1970/3/3
f 1972/1/3 1945/1/3 1971/1/3
f 1973/1/3 1945/1/3 1972/1/3
f 1974/1/3 1945/1/3 1973/1/3
f 1975/1/3 1945/1/3 1974/1/3
f 1976/1/3 1945/1/3 1975/1/3
f 1977/1/3 1947/1/3 1946/1/3
f 1977/1/3 1949/1/3 1948/1/3
f 1977/1/3 1948/1/3 1947/1/3
f 1978/3/3 1950/3/3 1949/3/3
f 1978/1/3 1949/1/3 1977/1/3
f 1978/3/3 1951/3/3 1950/3/3
f 1979/1/3 1952/1/3 1951/1/3
f 1979/3/3 1951/3/3 1978/3/3
f 1980/1/3 1924/1/3 1952/1/3
f 1980/1/3 1952/1/3 1979/1/3
f 1981/3/3 1954/3/3 1953/3/3
f 1981/1/3 1924/1/3 1980/1/3
f 1981/3/3 1953/3/3 1924/3/3
f 1982/3/3 1954/3/3 1981/3/3
f 1983/2/3 1927/2/3 1926/2/3
f 1984/2/3 1927/2/3 1983/2/3
f 1985/3/3 1957/3/3 1956/3/3
f 1985/1/3 1956/1/3 1955/1/3
f 1986/3/3 1957/3/3 1985/3/3
f 1987/1/3 1963/1/3 1962/1/3
f 1988/3/3 1964/3/3 1963/3/3
f 1988/1/3 1963/1/3 1987/1/3
f 1989/3/3 1966/3/3 1965/3/3
f 1989/1/3 1965/1/3 1964/1/3
f 1990/3/3 1966/3/3 1989/3/3
f 1991/1/3 1972/1/3 1971/1/3
f 1992/3/3 1973/3/3 1972/3/3
f 1992/1/3 1972/1/3 1991/1/3
f 1993/1/3 1974/1/3 1973/1/3
f 1993/3/3 1975/3/3 1974/3/3
f 1994/3/3 1975/3/3 1993/3/3
f 1995/1/3 1980/1/3 1979/1/3
f 1996/3/3 1981/3/3 1980/3/3
f 1996/1/3 1980/1/3 1995/1/3
f 1997/3/3 1981/3/3 1996/3/3
f 1998/1/3 1985/1/3 1955/1/3
f 1998/1/3 1986/1/3 1985/1/3
f 1999/1/3 1986/1/3 1998/1/3
f 2000/3/3 1964/3/3 1988/3/3
f 2000/1/3 1989/1/3 1964/1/3
f 2000/1/3 1990/1/3 1989/1/3
f 2001/1/3 1990/1/3 2000/1/3
f 2002/3/3 1973/3/3 1992/3/3
f 2002/1/3 1994/1/3 1993/1/3
f 2002/1/3 1993/1/3 1973/1/3
f 2003/1/3 1994/1/3 2002/1/3
f 2004/3/3 1981/3/3 1997/3/3
f 2004/1/3 1997/1/3 1996/1/3
f 2005/1/3 1982/1/3 1981/1/3
f 2005/3/3 1981/3/3 2004/3/3
f 2006/3/3 2001/3/3 2000/3/3
f 2006/3/3 2000/3/3 1988/3/3
f 2007/3/3 2001/3/3 2006/3/3
f 2008/3/3 2003/3/3 2002/3/3
f 2008/3/3 2002/3/3 1992/3/3
f 2009/3/3 2003/3/3 2008/3/3
f 2010/3/3 1999/3/3 1998/3/3
f 2011/1/3 1986/1/3 1999/1/3
f 2011/3/3 1999/3/3 2010/3/3
f 2012/3/3 2001/3/3 2007/3/3
f 2012/1/3 2007/1/3 2006/1/3
f 2013/1/3 1990/1/3 2001/1/3
f 2013/3/3 2001/3/3 2012/3/3
f 2014/3/3 2003/3/3 2009/3/3
f 2014/1/3 2009/1/3 2008/1/3
f 2015/1/3 1994/1/3 2003/1/3
f 2015/3/3 2003/3/3 2014/3/3
f 2016/1/3 2004/1/3 1996/1/3
f 2016/1/3 2005/1/3 2004/1/3
f 2017/1/3 1982/1/3 2005/1/3
f 2017/1/3 2005/1/3 2016/1/3
f 2018/3/3 1957/3/3 1986/3/3
f 2018/1/3 1986/1/3 2011/1/3
f 2018/1/3 2011/1/3 2010/1/3
f 2019/3/3 1957/3/3 2018/3/3
f 2020/3/3 1966/3/3 1990/3/3
f 2020/1/3 1990/1/3 2013/1/3
f 2020/1/3 2013/1/3 2012/1/3
f 2021/3/3 1966/3/3 2020/3/3
f 2022/3/3 1975/3/3 1994/3/3
f 2022/1/3 1994/1/3 2015/1/3
f 2022/1/3 2015/1/3 2014/1/3
f 2023/3/3 1975/3/3 2022/3/3
f 2024/1/3 1982/1/3 2017/1/3
f 2024/3/3 2017/3/3 2016/3/3
f 2025/1/3 1982/1/3 2024/1/3
f 2026/1/3 2019/1/3 2018/1/3
f 2026/1/3 2018/1/3 2010/1/3
f 2027/1/3 2019/1/3 2026/1/3
f 2028/1/3 2021/1/3 2020/1/3
f 2028/1/3 2012/1/3 2006/1/3
f 2028/1/3 2020/1/3 2012/1/3
f 2029/1/3 2021/1/3 2028/1/3
f 2030/1/3 2023/1/3 2022/1/3
f 2030/1/3 2014/1/3 2008/1/3
f 2030/1/3 2022/1/3 2014/1/3
f 2031/1/3 2023/1/3 2030/1/3
f 2032/1/3 2016/1/3 1996/1/3
f 2032/3/3 2025/3/3 2024/3/3
f 2032/3/3 2024/3/3 2016/3/3
f 2033/3/3 2025/3/3 2032/3/3
f 2034/1/3 2019/1/3 2027/1/3
f 2034/3/3 2027/3/3 2026/3/3
f 2035/1/3 2019/1/3 2034/1/3
f 2036/1/3 2021/1/3 2029/1/3
f 2036/3/3 2029/3/3 2028/3/3
f 2037/1/3 2021/1/3 2036/1/3
f 2038/1/3 2023/1/3 2031/1/3
f 2038/3/3 2031/3/3 2030/3/3
f 2039/1/3 2023/1/3 2038/1/3
f 2040/1/3 2033/1/3 2032/1/3
f 2040/1/3 2032/1/3 1996/1/3
f 2041/3/3 2025/3/3 2033/3/3
f 2041/1/3 2033/1/3 2040/1/3
f 2042/4/3 1984/4/3 1983/4/3
f 2043/4/3 1984/4/3 2042/4/3
f 2044/3/3 2035/3/3 2034/3/3
f 2044/3/3 2034/3/3 2026/3/3
f 2045/3/3 2035/3/3 2044/3/3
f 2046/1/3 2028/1/3 2006/1/3
f 2046/3/3 2037/3/3 2036/3/3
f 2046/3/3 2036/3/3 2028/3/3
f 2047/3/3 2037/3/3 2046/3/3
f 2048/1/3 2030/1/3 2008/1/3
f 2048/3/3 2039/3/3 2038/3/3
f 2048/3/3 2038/3/3 2030/3/3
f 2049/3/3 2039/3/3 2048/3/3
f 2050/1/3 2045/1/3 2044/1/3
f 2051/3/3 2035/3/3 2045/3/3
f 2051/1/3 2045/1/3 2050/1/3
f 2052/1/3 2047/1/3 2046/1/3
f 2052/1/3 2046/1/3 2006/1/3
f 2053/3/3 2037/3/3 2047/3/3
f 2053/1/3 2047/1/3 2052/1/3
f 2054/1/3 2048/1/3 2008/1/3
f 2054/1/3 2049/1/3 2048/1/3
f 2055/3/3 2039/3/3 2049/3/3
f 2055/1/3 2049/1/3 2054/1/3
f 2056/1/3 2040/1/3 1996/1/3
f 2057/3/3 2041/3/3 2040/3/3
f 2057/1/3 2040/1/3 2056/1/3
f 2058/1/3 2052/1/3 2006/1/3
f 2059/3/3 2053/3/3 2052/3/3
f 2059/1/3 2052/1/3 2058/1/3
f 2060/1/3 2054/1/3 2008/1/3
f 2061/3/3 2055/3/3 2054/3/3
f 2061/1/3 2054/1/3 2060/1/3
f 2062/3/3 2041/3/3 2057/3/3
f 2062/3/3 2057/3/3 2056/3/3
f 2063/3/3 2025/3/3 2041/3/3
f 2063/3/3 2041/3/3 2062/3/3
f 2064/2/3 2043/2/3 2042/2/3
f 2065/2/3 2043/2/3 2064/2/3
f 2066/3/3 2051/3/3 2050/3/3
f 2067/3/3 2035/3/3 2051/3/3
f 2067/3/3 2051/3/3 2066/3/3
f 2068/1/3 2019/1/3 2035/1/3
f 2068/3/3 2035/3/3 2067/3/3
f 2069/1/3 2019/1/3 2068/1/3
f 2070/3/3 2053/3/3 2059/3/3
f 2070/3/3 2059/3/3 2058/3/3
f 2071/3/3 2037/3/3 2053/3/3
f 2071/3/3 2053/3/3 2070/3/3
f 2072/1/3 2021/1/3 2037/1/3
f 2072/3/3 2037/3/3 2071/3/3
f 2073/1/3 2021/1/3 2072/1/3
f 2074/3/3 2055/3/3 2061/3/3
f 2074/3/3 2061/3/3 2060/3/3
f 2075/3/3 2039/3/3 2055/3/3
f 2075/3/3 2055/3/3 2074/3/3
f 2076/1/3 2023/1/3 2039/1/3
f 2076/3/3 2039/3/3 2075/3/3
f 2077/1/3 2023/1/3 2076/1/3
f 2078/3/3 2025/3/3 2063/3/3
f 2078/1/3 2063/1/3 2062/1/3
f 2079/3/3 2025/3/3 2078/3/3
f 2080/1/3 2067/1/3 2066/1/3
f 2080/3/3 2069/3/3 2068/3/3
f 2080/3/3 2068/3/3 2067/3/3
f 2081/3/3 2069/3/3 2080/3/3
f 2082/1/3 2071/1/3 2070/1/3
f 2082/3/3 2073/3/3 2072/3/3
f 2082/3/3 2072/3/3 2071/3/3
f 2083/3/3 2073/3/3 2082/3/3
f 2084/1/3 2075/1/3 2074/1/3
f 2084/3/3 2077/3/3 2076/3/3
f 2084/3/3 2076/3/3 2075/3/3
f 2085/3/3 2077/3/3 2084/3/3
f 2086/3/3 2062/3/3 2056/3/3
f 2087/1/3 2079/1/3 2078/1/3
f 2087/3/3 2062/3/3 2086/3/3
f 2087/1/3 2078/1/3 2062/1/3
f 2088/4/3 2065/4/3 2064/4/3
f 2089/4/3 2065/4/3 2088/4/3
f 2090/3/3 2070/3/3 2058/3/3
f 2091/1/3 2083/1/3 2082/1/3
f 2091/3/3 2070/3/3 2090/3/3
f 2091/1/3 2082/1/3 2070/1/3
f 2092/3/3 2074/3/3 2060/3/3
f 2093/1/3 2085/1/3 2084/1/3
f 2093/3/3 2074/3/3 2092/3/3
f 2093/1/3 2084/1/3 2074/1/3
f 2094/1/3 2079/1/3 2087/1/3
f 2094/1/3 2087/1/3 2086/1/3
f 2095/1/3 2079/1/3 2094/1/3
f 2096/2/3 2089/2/3 2088/2/3
f 2097/2/3 2089/2/3 2096/2/3
f 2098/1/3 2081/1/3 2080/1/3
f 2098/1/3 2080/1/3 2066/1/3
f 2099/1/3 2081/1/3 2098/1/3
f 2100/1/3 2083/1/3 2091/1/3
f 2100/1/3 2091/1/3 2090/1/3
f 2101/1/3 2083/1/3 2100/1/3
f 2102/1/3 2085/1/3 2093/1/3
f 2102/1/3 2093/1/3 2092/1/3
f 2103/1/3 2085/1/3 2102/1/3
f 2104/3/3 2099/3/3 2098/3/3
f 2105/1/3 2081/1/3 2099/1/3
f 2105/3/3 2099/3/3 2104/3/3
f 2106/3/3 2101/3/3 2100/3/3
f 2106/1/3 2100/1/3 2090/1/3
f 2107/1/3 2083/1/3 2101/1/3
f 2107/3/3 2101/3/3 2106/3/3
f 2108/1/3 2102/1/3 2092/1/3
f 2108/3/3 2103/3/3 2102/3/3
f 2109/1/3 2085/1/3 2103/1/3
f 2109/3/3 2103/3/3 2108/3/3
f 2110/1/3 2094/1/3 2086/1/3
f 2110/3/3 2095/3/3 2094/3/3
f 2111/1/3 2079/1/3 2095/1/3
f 2111/3/3 2095/3/3 2110/3/3
f 2112/1/3 2105/1/3 2104/1/3
f 2113/1/3 2081/1/3 2105/1/3
f 2113/1/3 2105/1/3 2112/1/3
f 2114/1/3 2106/1/3 2090/1/3
f 2114/1/3 2107/1/3 2106/1/3
f 2115/1/3 2083/1/3 2107/1/3
f 2115/1/3 2107/1/3 2114/1/3
f 2116/1/3 2108/1/3 2092/1/3
f 2116/1/3 2109/1/3 2108/1/3
f 2117/1/3 2085/1/3 2109/1/3
f 2117/1/3 2109/1/3 2116/1/3
f 2118/1/3 2110/1/3 2086/1/3
f 2118/1/3 2111/1/3 2110/1/3
f 2119/1/3 2079/1/3 2111/1/3
f 2119/1/3 2111/1/3 2118/1/3
f 2120/3/3 2113/3/3 2112/3/3
f 2121/1/3 2081/1/3 2113/1/3
f 2121/3/3 2113/3/3 2120/3/3
f 2122/3/3 2115/3/3 2114/3/3
f 2123/1/3 2083/1/3 2115/1/3
f 2123/3/3 2115/3/3 2122/3/3
f 2124/3/3 2117/3/3 2116/3/3
f 2125/1/3 2085/1/3 2117/1/3
f 2125/3/3 2117/3/3 2124/3/3
f 2126/3/3 2119/3/3 2118/3/3
f 2127/1/3 2079/1/3 2119/1/3
f 2127/3/3 2119/3/3 2126/3/3
f 2128/1/3 2081/1/3 2121/1/3
f 2128/1/3 2121/1/3 2120/1/3
f 2129/3/3 2069/3/3 2081/3/3
f 2129/1/3 2081/1/3 2128/1/3
f 2130/1/3 2083/1/3 2123/1/3
f 2130/1/3 2123/1/3 2122/1/3
f 2131/3/3 2073/3/3 2083/3/3
f 2131/1/3 2083/1/3 2130/1/3
f 2132/1/3 2085/1/3 2125/1/3
f 2132/1/3 2125/1/3 2124/1/3
f 2133/3/3 2077/3/3 2085/3/3
f 2133/1/3 2085/1/3 2132/1/3
f 2134/1/3 2079/1/3 2127/1/3
f 2134/1/3 2127/1/3 2126/1/3
f 2135/1/3 2079/1/3 2134/1/3
f 2136/4/3 2097/4/3 2096/4/3
f 2137/4/3 2097/4/3 2136/4/3
f 2138/1/3 2128/1/3 2120/1/3
f 2139/3/3 2129/3/3 2128/3/3
f 2139/1/3 2128/1/3 2138/1/3
f 2140/3/3 2069/3/3 2129/3/3
f 2140/3/3 2129/3/3 2139/3/3
f 2141/3/3 2069/3/3 2140/3/3
f 2142/3/3 2122/3/3 2114/3/3
f 2143/1/3 2130/1/3 2122/1/3
f 2143/3/3 2122/3/3 2142/3/3
f 2144/3/3 2131/3/3 2130/3/3
f 2144/1/3 2130/1/3 2143/1/3
f 2145/3/3 2073/3/3 2131/3/3
f 2145/3/3 2131/3/3 2144/3/3
f 2146/3/3 2073/3/3 2145/3/3
f 2147/3/3 2124/3/3 2116/3/3
f 2148/1/3 2132/1/3 2124/1/3
f 2148/3/3 2124/3/3 2147/3/3
f 2149/3/3 2133/3/3 2132/3/3
f 2149/1/3 2132/1/3 2148/1/3
f 2150/3/3 2077/3/3 2133/3/3
f 2150/3/3 2133/3/3 2149/3/3
f 2151/3/3 2077/3/3 2150/3/3
f 2152/3/3 2126/3/3 2118/3/3
f 2152/1/3 2134/1/3 2126/1/3
f 2153/3/3 2135/3/3 2134/3/3
f 2153/1/3 2134/1/3 2152/1/3
f 2154/3/3 2152/3/3 2118/3/3
f 2154/3/3 2153/3/3 2152/3/3
f 2155/3/3 2153/3/3 2154/3/3
f 2156/3/3 2139/3/3 2138/3/3
f 2156/3/3 2140/3/3 2139/3/3
f 2157/3/3 2140/3/3 2156/3/3
f 2158/3/3 2144/3/3 2143/3/3
f 2158/1/3 2143/1/3 2142/1/3
f 2158/3/3 2145/3/3 2144/3/3
f 2159/3/3 2145/3/3 2158/3/3
f 2160/3/3 2149/3/3 2148/3/3
f 2160/1/3 2148/1/3 2147/1/3
f 2160/3/3 2150/3/3 2149/3/3
f 2161/3/3 2150/3/3 2160/3/3
f 2162/3/3 2153/3/3 2155/3/3
f 2162/1/3 2155/1/3 2154/1/3
f 2163/3/3 2135/3/3 2153/3/3
f 2163/3/3 2153/3/3 2162/3/3
f 2164/3/3 2140/3/3 2157/3/3
f 2164/1/3 2157/1/3 2156/1/3
f 2165/1/3 2141/1/3 2140/1/3
f 2165/3/3 2140/3/3 2164/3/3
f 2166/1/3 2159/1/3 2158/1/3
f 2166/1/3 2158/1/3 2142/1/3
f 2167/1/3 2159/1/3 2166/1/3
f 2168/3/3 2145/3/3 2159/3/3
f 2168/1/3 2159/1/3 2167/1/3
f 2169/1/3 2146/1/3 2145/1/3
f 2169/3/3 2145/3/3 2168/3/3
f 2170/1/3 2161/1/3 2160/1/3
f 2170/1/3 2160/1/3 2147/1/3
f 2171/1/3 2161/1/3 2170/1/3
f 2172/3/3 2150/3/3 2161/3/3
f 2172/1/3 2161/1/3 2171/1/3
f 2173/1/3 2151/1/3 2150/1/3
f 2173/3/3 2150/3/3 2172/3/3
f 2174/1/3 2164/1/3 2156/1/3
f 2174/1/3 2165/1/3 2164/1/3
f 2175/1/3 2165/1/3 2174/1/3
f 2176/1/3 2168/1/3 2167/1/3
f 2176/3/3 2167/3/3 2166/3/3
f 2176/1/3 2169/1/3 2168/1/3
f 2177/1/3 2169/1/3 2176/1/3
f 2178/1/3 2172/1/3 2171/1/3
f 2178/3/3 2171/3/3 2170/3/3
f 2178/1/3 2173/1/3 2172/1/3
f 2179/1/3 2173/1/3 2178/1/3
f 2180/1/3 2162/1/3 2154/1/3
f 2180/1/3 2163/1/3 2162/1/3
f 2181/1/3 2163/1/3 2180/1/3
f 2182/3/3 2135/3/3 2163/3/3
f 2182/1/3 2163/1/3 2181/1/3
f 2183/3/3 2135/3/3 2182/3/3
f 2184/2/3 2137/2/3 2136/2/3
f 2185/2/3 2137/2/3 2184/2/3
f 2186/3/3 2177/3/3 2176/3/3
f 2186/3/3 2176/3/3 2166/3/3
f 2187/3/3 2177/3/3 2186/3/3
f 2188/3/3 2179/3/3 2178/3/3
f 2188/3/3 2178/3/3 2170/3/3
f 2189/3/3 2179/3/3 2188/3/3
f 2190/3/3 2181/3/3 2180/3/3
f 2190/1/3 2183/1/3 2182/1/3
f 2190/1/3 2182/1/3 2181/1/3
f 2191/1/3 2183/1/3 2190/1/3
f 2192/3/3 2190/3/3 2180/3/3
f 2192/3/3 2191/3/3 2190/3/3
f 2193/3/3 2191/3/3 2192/3/3
f 2194/4/3 2185/4/3 2184/4/3
f 2195/4/3 2185/4/3 2194/4/3
f 2196/1/3 2165/1/3 2175/1/3
f 2196/3/3 2175/3/3 2174/3/3
f 2197/1/3 2141/1/3 2165/1/3
f 2197/1/3 2165/1/3 2196/1/3
f 2198/1/3 2169/1/3 2177/1/3
f 2198/3/3 2177/3/3 2187/3/3
f 2199/1/3 2146/1/3 2169/1/3
f 2199/1/3 2169/1/3 2198/1/3
f 2200/1/3 2173/1/3 2179/1/3
f 2200/3/3 2179/3/3 2189/3/3
f 2201/1/3 2151/1/3 2173/1/3
f 2201/1/3 2173/1/3 2200/1/3
f 2202/3/3 2196/3/3 2174/3/3
f 2202/3/3 2197/3/3 2196/3/3
f 2203/3/3 2197/3/3 2202/3/3
f 2205/1/3 2187/1/3 2186/1/3
f 2206/3/3 2199/3/3 2198/3/3
f 2206/3/3 2198/3/3 2187/3/3
f 2206/1/3 2187/1/3 2205/1/3
f 2207/3/3 2199/3/3 2206/3/3
f 2209/1/3 2189/1/3 2188/1/3
f 2210/3/3 2200/3/3 2189/3/3
f 2210/3/3 2201/3/3 2200/3/3
f 2210/1/3 2189/1/3 2209/1/3
f 2211/3/3 2201/3/3 2210/3/3
f 2213/1/3 2193/1/3 2192/1/3
f 2214/1/3 2203/1/3 2202/1/3
f 2215/3/3 2197/3/3 2203/3/3
f 2215/1/3 2203/1/3 2214/1/3
f 2216/1/3 2141/1/3 2197/1/3
f 2216/3/3 2197/3/3 2215/3/3
f 2217/1/3 2141/1/3 2216/1/3
f 2222/1/3 2205/1/3 2204/1/3
f 2222/1/3 2206/1/3 2205/1/3
f 2222/1/3 2207/1/3 2206/1/3
f 2223/3/3 2199/3/3 2207/3/3
f 2223/1/3 2207/1/3 2222/1/3
f 2224/1/3 2146/1/3 2199/1/3
f 2224/3/3 2199/3/3 2223/3/3
f 2225/1/3 2146/1/3 2224/1/3
f 2230/1/3 2209/1/3 2208/1/3
f 2230/1/3 2210/1/3 2209/1/3
f 2230/1/3 2211/1/3 2210/1/3
f 2231/3/3 2201/3/3 2211/3/3
f 2231/1/3 2211/1/3 2230/1/3
f 2232/1/3 2151/1/3 2201/1/3
f 2232/3/3 2201/3/3 2231/3/3
f 2233/1/3 2151/1/3 2232/1/3
f 2237/1/3 2213/1/3 2212/1/3
f 2238/1/3 2193/1/3 2213/1/3
f 2238/1/3 2213/1/3 2237/1/3
f 2239/3/3 2191/3/3 2193/3/3
f 2239/1/3 2193/1/3 2238/1/3
f 2240/1/3 2183/1/3 2191/1/3
f 2240/3/3 2191/3/3 2239/3/3
f 2241/1/3 2183/1/3 2240/1/3
f 2242/2/3 2195/2/3 2194/2/3
f 2243/2/3 2195/2/3 2242/2/3
f 2244/3/3 2215/3/3 2214/3/3
f 2244/3/3 2218/3/3 2217/3/3
f 2244/3/3 2216/3/3 2215/3/3
f 2244/3/3 2217/3/3 2216/3/3
f 2245/3/3 2218/3/3 2244/3/3
f 2246/3/3 2218/3/3 2245/3/3
f 2247/3/3 2220/3/3 2219/3/3
f 2248/1/3 2221/1/3 2220/1/3
f 2249/1/3 2221/1/3 2248/1/3
f 2250/3/3 2222/3/3 2221/3/3
f 2250/1/3 2221/1/3 2249/1/3
f 2251/3/3 2222/3/3 2250/3/3
f 2252/1/3 2223/1/3 2222/1/3
f 2252/3/3 2222/3/3 2251/3/3
f 2252/1/3 2226/1/3 2225/1/3
f 2252/1/3 2224/1/3 2223/1/3
f 2252/1/3 2225/1/3 2224/1/3
f 2253/1/3 2226/1/3 2252/1/3
f 2254/3/3 2228/3/3 2227/3/3
f 2255/1/3 2229/1/3 2228/1/3
f 2255/3/3 2228/3/3 2254/3/3
f 2256/1/3 2229/1/3 2255/1/3
f 2257/1/3 2229/1/3 2256/1/3
f 2258/3/3 2230/3/3 2229/3/3
f 2258/1/3 2229/1/3 2257/1/3
f 2259/3/3 2230/3/3 2258/3/3
f 2260/1/3 2231/1/3 2230/1/3
f 2260/3/3 2230/3/3 2259/3/3
f 2260/1/3 2232/1/3 2231/1/3
f 2260/1/3 2233/1/3 2232/1/3
f 2260/1/3 2234/1/3 2233/1/3
f 2261/1/3 2234/1/3 2260/1/3
f 2262/1/3 2236/1/3 2235/1/3
f 2263/1/3 2236/1/3 2262/1/3
f 2264/1/3 2236/1/3 2263/1/3
f 2265/3/3 2237/3/3 2236/3/3
f 2265/1/3 2236/1/3 2264/1/3
f 2266/3/3 2237/3/3 2265/3/3
f 2267/1/3 2238/1/3 2237/1/3
f 2267/3/3 2237/3/3 2266/3/3
f 2268/3/3 2239/3/3 2238/3/3
f 2268/1/3 2238/1/3 2267/1/3
f 2269/3/3 2241/3/3 2240/3/3
f 2270/3/3 2241/3/3 2269/3/3
f 2271/3/3 2247/3/3 2246/3/3
f 2271/3/3 2246/3/3 2245/3/3
f 2272/3/3 2247/3/3 2271/3/3
f 2273/1/3 2248/1/3 2220/1/3
f 2273/3/3 2247/3/3 2272/3/3
f 2273/3/3 2220/3/3 2247/3/3
f 2274/3/3 2249/3/3 2248/3/3
f 2274/1/3 2248/1/3 2273/1/3
f 2275/1/3 2251/1/3 2250/1/3
f 2275/3/3 2249/3/3 2274/3/3
f 2275/1/3 2250/1/3 2249/1/3
f 2276/1/3 2251/1/3 2275/1/3
f 2277/3/3 2254/3/3 2253/3/3
f 2277/1/3 2251/1/3 2276/1/3
f 2277/3/3 2253/3/3 2252/3/3
f 2277/3/3 2252/3/3 2251/3/3
f 2278/3/3 2254/3/3 2277/3/3
f 2279/1/3 2256/1/3 2255/1/3
f 2279/1/3 2255/1/3 2254/1/3
f 2280/3/3 2257/3/3 2256/3/3
f 2280/1/3 2256/1/3 2279/1/3
f 2281/1/3 2259/1/3 2258/1/3
f 2281/3/3 2257/3/3 2280/3/3
f 2281/1/3 2258/1/3 2257/1/3
f 2282/1/3 2259/1/3 2281/1/3
f 2283/3/3 2261/3/3 2260/3/3
f 2283/1/3 2259/1/3 2282/1/3
f 2283/3/3 2260/3/3 2259/3/3
f 2283/3/3 2262/3/3 2261/3/3
f 2284/3/3 2262/3/3 2283/3/3
f 2285/1/3 2263/1/3 2262/1/3
f 2285/3/3 2262/3/3 2284/3/3
f 2286/3/3 2264/3/3 2263/3/3
f 2286/1/3 2263/1/3 2285/1/3
f 2287/1/3 2266/1/3 2265/1/3
f 2287/3/3 2264/3/3 2286/3/3
f 2287/1/3 2265/1/3 2264/1/3
f 2288/1/3 2266/1/3 2287/1/3
f 2289/3/3 2267/3/3 2266/3/3
f 2289/1/3 2266/1/3 2288/1/3
f 2289/3/3 2268/3/3 2267/3/3
f 2290/3/3 2268/3/3 2289/3/3
f 2291/3/3 2239/3/3 2268/3/3
f 2291/3/3 2268/3/3 2290/3/3
f 2291/1/3 2240/1/3 2239/1/3
f 2292/3/3 2269/3/3 2240/3/3
f 2292/1/3 2240/1/3 2291/1/3
f 2293/3/3 2269/3/3 2292/3/3
f 2294/4/3 2243/4/3 2242/4/3
f 2295/4/3 2243/4/3 2294/4/3
f 2296/3/3 2274/3/3 2273/3/3
f 2296/3/3 2276/3/3 2275/3/3
f 2296/3/3 2273/3/3 2272/3/3
f 2296/3/3 2275/3/3 2274/3/3
f 2297/3/3 2276/3/3 2296/3/3
f 2298/1/3 2277/1/3 2276/1/3
f 2298/3/3 2276/3/3 2297/3/3
f 2298/1/3 2278/1/3 2277/1/3
f 2299/1/3 2278/1/3 2298/1/3
f 2300/3/3 2254/3/3 2278/3/3
f 2300/1/3 2278/1/3 2299/1/3
f 2301/1/3 2279/1/3 2254/1/3
f 2301/3/3 2254/3/3 2300/3/3
f 2302/3/3 2280/3/3 2279/3/3
f 2302/1/3 2279/1/3 2301/1/3
f 2302/3/3 2281/3/3 2280/3/3
f 2302/3/3 2282/3/3 2281/3/3
f 2303/3/3 2282/3/3 2302/3/3
f 2304/1/3 2284/1/3 2283/1/3
f 2304/3/3 2282/3/3 2303/3/3
f 2304/1/3 2283/1/3 2282/1/3
f 2305/3/3 2286/3/3 2285/3/3
f 2305/1/3 2284/1/3 2304/1/3
f 2305/3/3 2288/3/3 2287/3/3
f 2305/3/3 2287/3/3 2286/3/3
f 2305/3/3 2285/3/3 2284/3/3
f 2306/1/3 2290/1/3 2289/1/3
f 2306/3/3 2288/3/3 2305/3/3
f 2306/1/3 2289/1/3 2288/1/3
f 2307/3/3 2291/3/3 2290/3/3
f 2307/1/3 2290/1/3 2306/1/3
f 2308/3/3 2291/3/3 2307/3/3
f 2323/4/3 2310/4/3 2309/4/3
f 2324/4/3 2310/4/3 2323/4/3
f 2325/4/3 2312/4/3 2311/4/3
f 2325/4/3 2313/4/3 2312/4/3
f 2326/2/3 2314/2/3 2313/2/3
f 2326/4/3 2313/4/3 2325/4/3
f 2326/2/3 2315/2/3 2314/2/3
f 2327/4/3 2316/4/3 2315/4/3
f 2327/2/3 2315/2/3 2326/2/3
f 2328/2/3 2317/2/3 2316/2/3
f 2328/4/3 2316/4/3 2327/4/3
f 2329/4/3 2318/4/3 2317/4/3
f 2329/2/3 2317/2/3 2328/2/3
f 2330/2/3 2319/2/3 2318/2/3
f 2330/4/3 2318/4/3 2329/4/3
f 2330/2/3 2320/2/3 2319/2/3
f 2331/4/3 2321/4/3 2320/4/3
f 2331/2/3 2320/2/3 2330/2/3
f 2332/2/3 2322/2/3 2321/2/3
f 2332/4/3 2321/4/3 2331/4/3
f 2333/4/3 2323/4/3 2322/4/3
f 2333/2/3 2322/2/3 2332/2/3
f 2334/4/3 2323/4/3 2333/4/3
f 2337/4/3 2336/4/3 2335/4/3
f 2338/4/3 2336/4/3 2337/4/3
f 2341/4/3 2340/4/3 2339/4/3
f 2342/4/3 2340/4/3 2341/4/3
f 2346/1/3 2344/1/3 2343/1/3
f 2347/1/3 2344/1/3 2346/1/3
f 2348/3/3 2345/3/3 2344/3/3
f 2348/1/3 2344/1/3 2347/1/3
f 2349/3/3 2345/3/3 2348/3/3
f 2350/3/3 2345/3/3 2349/3/3
f 2353/2/3 2352/2/3 2351/2/3
f 2354/2/3 2352/2/3 2353/2/3
f 2355/4/3 2354/4/3 2353/4/3
f 2356/4/3 2354/4/3 2355/4/3
f 2357/2/3 2356/2/3 2355/2/3
f 2358/2/3 2356/2/3 2357/2/3
f 2359/4/3 2358/4/3 2357/4/3
f 2360/4/3 2358/4/3 2359/4/3
f 2361/2/3 2360/2/3 2359/2/3
f 2362/2/3 2360/2/3 2361/2/3
f 2363/4/3 2362/4/3 2361/4/3
f 2364/4/3 2362/4/3 2363/4/3
f 2365/2/3 2364/2/3 2363/2/3
f 2366/2/3 2364/2/3 2365/2/3
f 2367/4/3 2366/4/3 2365/4/3
f 2368/4/3 2366/4/3 2367/4/3
f 2369/2/3 2368/2/3 2367/2/3
f 2370/2/3 2368/2/3 2369/2/3
f 2371/4/3 2370/4/3 2369/4/3
f 2372/4/3 2370/4/3 2371/4/3
f 2373/4/3 2370/4/3 2372/4/3
f 2374/4/3 2370/4/3 2373/4/3
f 2375/2/3 2374/2/3 2373/2/3
f 2376/2/3 2374/2/3 2375/2/3
f 2377/4/3 2376/4/3 2375/4/3
f 2378/4/3 2376/4/3 2377/4/3
f 2379/2/3 2378/2/3 2377/2/3
f 2380/2/3 2378/2/3 2379/2/3
f 2381/4/3 2380/4/3 2379/4/3
f 2388/4/3 2380/4/3 2381/4/3
f 2389/4/3 2380/4/3 2388/4/3
f 2390/3/3 2383/3/3 2382/3/3
f 2391/1/3 2384/1/3 2383/1/3
f 2391/3/3 2383/3/3 2390/3/3
f 2392/3/3 2385/3/3 2384/3/3
f 2392/1/3 2384/1/3 2391/1/3
f 2392/3/3 2386/3/3 2385/3/3
f 2393/1/3 2387/1/3 2386/1/3
f 2393/3/3 2386/3/3 2392/3/3
f 2394/1/3 2387/1/3 2393/1/3
f 2397/2/3 2396/2/3 2395/2/3
f 2398/2/3 2396/2/3 2397/2/3
f 2401/4/3 2400/4/3 2399/4/3
f 2402/4/3 2400/4/3 2401/4/3
f 2405/4/3 2404/4/3 2403/4/3
f 2406/4/3 2404/4/3 2405/4/3
f 2409/3/3 2408/3/3 2407/3/3
f 2410/3/3 2408/3/3 2409/3/3
f 2411/3/3 2408/3/3 2410/3/3
f 2412/3/3 2408/3/3 2411/3/3
f 2417/3/3 2414/3/3 2413/3/3
f 2417/3/3 2416/3/3 2415/3/3
f 2417/3/3 2415/3/3 2414/3/3
f 2418/3/3 2416/3/3 2417/3/3
f 2437/4/3 2420/4/3 2419/4/3
f 2437/2/3 2421/2/3 2420/2/3
f 2437/2/3 2422/2/3 2421/2/3
f 2438/2/3 2422/2/3 2437/2/3
f 2439/4/3 2423/4/3 2422/4/3
f 2439/2/3 2422/2/3 2438/2/3
f 2439/4/3 2424/4/3 2423/4/3
f 2440/4/3 2424/4/3 2439/4/3
f 2441/4/3 2426/4/3 2425/4/3
f 2441/4/3 2427/4/3 2426/4/3
f 2442/4/3 2427/4/3 2441/4/3
f 2443/2/3 2428/2/3 2427/2/3
f 2443/4/3 2427/4/3 2442/4/3
f 2443/2/3 2429/2/3 2428/2/3
f 2443/2/3 2430/2/3 2429/2/3
f 2444/2/3 2430/2/3 2443/2/3
f 2445/2/3 2434/2/3 2433/2/3
f 2445/4/3 2433/4/3 2432/4/3
f 2445/4/3 2432/4/3 2431/4/3
f 2446/4/3 2436/4/3 2435/4/3
f 2446/2/3 2434/2/3 2445/2/3
f 2446/4/3 2435/4/3 2434/4/3
f 2447/4/3 2438/4/3 2437/4/3
f 2447/4/3 2437/4/3 2419/4/3
f 2448/4/3 2438/4/3 2447/4/3
f 2449/2/3 2440/2/3 2439/2/3
f 2449/4/3 2438/4/3 2448/4/3
f 2449/2/3 2439/2/3 2438/2/3
f 2450/2/3 2440/2/3 2449/2/3
f 2451/4/3 2443/4/3 2442/4/3
f 2451/4/3 2444/4/3 2443/4/3
f 2451/2/3 2442/2/3 2441/2/3
f 2452/4/3 2444/4/3 2451/4/3
f 2453/4/3 2445/4/3 2431/4/3
f 2453/4/3 2446/4/3 2445/4/3
f 2454/4/3 2446/4/3 2453/4/3
f 2455/4/3 2436/4/3 2446/4/3
f 2455/4/3 2446/4/3 2454/4/3
f 2456/4/3 2436/4/3 2455/4/3
f 2457/4/3 2450/4/3 2449/4/3
f 2457/2/3 2448/2/3 2447/2/3
f 2457/4/3 2449/4/3 2448/4/3
f 2458/2/3 2440/2/3 2450/2/3
f 2458/4/3 2450/4/3 2457/4/3
f 2459/4/3 2444/4/3 2452/4/3
f 2459/2/3 2452/2/3 2451/2/3
f 2460/4/3 2444/4/3 2459/4/3
f 2461/4/3 2444/4/3 2460/4/3
f 2462/4/3 2444/4/3 2461/4/3
f 2463/2/3 2454/2/3 2453/2/3
f 2464/2/3 2454/2/3 2463/2/3
f 2465/4/3 2455/4/3 2454/4/3
f 2465/2/3 2454/2/3 2464/2/3
f 2466/4/3 2455/4/3 2465/4/3
f 2467/4/3 2455/4/3 2466/4/3
f 2468/2/3 2456/2/3 2455/2/3
f 2468/4/3 2455/4/3 2467/4/3
f 2469/2/3 2456/2/3 2468/2/3
f 2470/2/3 2457/2/3 2447/2/3
f 2470/2/3 2458/2/3 2457/2/3
f 2471/2/3 2451/2/3 2441/2/3
f 2471/2/3 2459/2/3 2451/2/3
f 2471/2/3 2460/2/3 2459/2/3
f 2472/4/3 2464/4/3 2463/4/3
f 2473/2/3 2458/2/3 2470/2/3
f 2474/2/3 2440/2/3 2458/2/3
f 2474/2/3 2458/2/3 2473/2/3
f 2475/2/3 2460/2/3 2471/2/3
f 2476/2/3 2460/2/3 2475/2/3
f 2477/4/3 2461/4/3 2460/4/3
f 2477/2/3 2460/2/3 2476/2/3
f 2478/4/3 2461/4/3 2477/4/3
f 2479/2/3 2462/2/3 2461/2/3
f 2479/4/3 2461/4/3 2478/4/3
f 2480/2/3 2462/2/3 2479/2/3
f 2481/4/3 2444/4/3 2462/4/3
f 2481/2/3 2462/2/3 2480/2/3
f 2482/4/3 2444/4/3 2481/4/3
f 2483/4/3 2464/4/3 2472/4/3
f 2483/2/3 2465/2/3 2464/2/3
f 2483/2/3 2466/2/3 2465/2/3
f 2484/2/3 2466/2/3 2483/2/3
f 2485/4/3 2467/4/3 2466/4/3
f 2485/2/3 2466/2/3 2484/2/3
f 2486/2/3 2468/2/3 2467/2/3
f 2486/4/3 2467/4/3 2485/4/3
f 2487/2/3 2473/2/3 2470/2/3
f 2488/4/3 2474/4/3 2473/4/3
f 2488/2/3 2473/2/3 2487/2/3
f 2489/4/3 2476/4/3 2475/4/3
f 2489/2/3 2478/2/3 2477/2/3
f 2489/2/3 2477/2/3 2476/2/3
f 2490/2/3 2478/2/3 2489/2/3
f 2491/4/3 2480/4/3 2479/4/3
f 2491/2/3 2478/2/3 2490/2/3
f 2491/4/3 2479/4/3 2478/4/3
f 2492/4/3 2480/4/3 2491/4/3
f 2493/2/3 2482/2/3 2481/2/3
f 2493/4/3 2480/4/3 2492/4/3
f 2493/2/3 2481/2/3 2480/2/3
f 2494/2/3 2482/2/3 2493/2/3
f 2495/4/3 2484/4/3 2483/4/3
f 2495/2/3 2485/2/3 2484/2/3
f 2495/2/3 2486/2/3 2485/2/3
f 2496/2/3 2468/2/3 2486/2/3
f 2496/2/3 2486/2/3 2495/2/3
f 2497/4/3 2469/4/3 2468/4/3
f 2497/2/3 2468/2/3 2496/2/3
f 2498/4/3 2469/4/3 2497/4/3
f 2499/4/3 2474/4/3 2488/4/3
f 2499/4/3 2488/4/3 2487/4/3
f 2500/4/3 2474/4/3 2499/4/3
f 2501/4/3 2490/4/3 2489/4/3
f 2501/2/3 2492/2/3 2491/2/3
f 2501/2/3 2491/2/3 2490/2/3
f 2502/2/3 2492/2/3 2501/2/3
f 2503/4/3 2494/4/3 2493/4/3
f 2503/2/3 2492/2/3 2502/2/3
f 2503/4/3 2493/4/3 2492/4/3
f 2504/4/3 2494/4/3 2503/4/3
f 2505/4/3 2495/4/3 2483/4/3
f 2505/4/3 2496/4/3 2495/4/3
f 2505/4/3 2483/4/3 2472/4/3
f 2506/4/3 2496/4/3 2505/4/3
f 2507/2/3 2498/2/3 2497/2/3
f 2507/4/3 2496/4/3 2506/4/3
f 2507/2/3 2497/2/3 2496/2/3
f 2508/2/3 2498/2/3 2507/2/3
f 2509/4/3 2469/4/3 2498/4/3
f 2509/2/3 2498/2/3 2508/2/3
f 2510/4/3 2469/4/3 2509/4/3
f 2511/4/3 2499/4/3 2487/4/3
f 2512/2/3 2500/2/3 2499/2/3
f 2512/4/3 2499/4/3 2511/4/3
f 2513/2/3 2500/2/3 2512/2/3
f 2514/2/3 2504/2/3 2503/2/3
f 2514/4/3 2502/4/3 2501/4/3
f 2514/2/3 2503/2/3 2502/2/3
f 2515/2/3 2504/2/3 2514/2/3
f 2516/4/3 2494/4/3 2504/4/3
f 2516/2/3 2504/2/3 2515/2/3
f 2517/4/3 2494/4/3 2516/4/3
f 2518/2/3 2506/2/3 2505/2/3
f 2519/4/3 2508/4/3 2507/4/3
f 2519/2/3 2506/2/3 2518/2/3
f 2519/4/3 2507/4/3 2506/4/3
f 2520/4/3 2511/4/3 2487/4/3
f 2521/2/3 2513/2/3 2512/2/3
f 2521/2/3 2512/2/3 2511/2/3
f 2522/2/3 2513/2/3 2521/2/3
f 2523/4/3 2515/4/3 2514/4/3
f 2523/4/3 2501/4/3 2489/4/3
f 2523/4/3 2489/4/3 2475/4/3
f 2523/4/3 2514/4/3 2501/4/3
f 2524/4/3 2519/4/3 2518/4/3
f 2525/4/3 2511/4/3 2520/4/3
f 2525/2/3 2521/2/3 2511/2/3
f 2526/4/3 2522/4/3 2521/4/3
f 2526/2/3 2521/2/3 2525/2/3
f 2527/2/3 2517/2/3 2516/2/3
f 2527/4/3 2515/4/3 2523/4/3
f 2527/2/3 2516/2/3 2515/2/3
f 2528/2/3 2517/2/3 2527/2/3
f 2529/4/3 2519/4/3 2524/4/3
f 2530/4/3 2508/4/3 2519/4/3
f 2530/4/3 2519/4/3 2529/4/3
f 2531/2/3 2510/2/3 2509/2/3
f 2531/4/3 2508/4/3 2530/4/3
f 2531/2/3 2509/2/3 2508/2/3
f 2532/2/3 2510/2/3 2531/2/3
f 2533/4/3 2525/4/3 2520/4/3
f 2533/4/3 2526/4/3 2525/4/3
f 2534/4/3 2526/4/3 2533/4/3
f 2535/4/3 2528/4/3 2527/4/3
f 2535/4/3 2527/4/3 2523/4/3
f 2536/4/3 2528/4/3 2535/4/3
f 2537/2/3 2517/2/3 2528/2/3
f 2537/4/3 2528/4/3 2536/4/3
f 2538/2/3 2517/2/3 2537/2/3
f 2539/4/3 2532/4/3 2531/4/3
f 2539/2/3 2530/2/3 2529/2/3
f 2539/4/3 2531/4/3 2530/4/3
f 2540/4/3 2532/4/3 2539/4/3
f 2541/2/3 2510/2/3 2532/2/3
f 2541/4/3 2532/4/3 2540/4/3
f 2542/2/3 2510/2/3 2541/2/3
f 2543/2/3 2534/2/3 2533/2/3
f 2544/4/3 2526/4/3 2534/4/3
f 2544/2/3 2534/2/3 2543/2/3
f 2545/4/3 2522/4/3 2526/4/3
f 2545/4/3 2526/4/3 2544/4/3
f 2546/2/3 2536/2/3 2535/2/3
f 2547/4/3 2538/4/3 2537/4/3
f 2547/2/3 2536/2/3 2546/2/3
f 2547/4/3 2537/4/3 2536/4/3
f 2548/4/3 2538/4/3 2547/4/3
f 2549/2/3 2540/2/3 2539/2/3
f 2549/2/3 2539/2/3 2529/2/3
f 2550/4/3 2542/4/3 2541/4/3
f 2550/2/3 2540/2/3 2549/2/3
f 2550/4/3 2541/4/3 2540/4/3
f 2551/4/3 2542/4/3 2550/4/3
f 2552/4/3 2544/4/3 2543/4/3
f 2553/2/3 2545/2/3 2544/2/3
f 2553/4/3 2544/4/3 2552/4/3
f 2554/2/3 2545/2/3 2553/2/3
f 2555/2/3 2548/2/3 2547/2/3
f 2555/2/3 2547/2/3 2546/2/3
f 2556/2/3 2548/2/3 2555/2/3
f 2557/2/3 2548/2/3 2556/2/3
f 2558/2/3 2548/2/3 2557/2/3
f 2559/2/3 2548/2/3 2558/2/3
f 2560/2/3 2550/2/3 2549/2/3
f 2560/2/3 2551/2/3 2550/2/3
f 2561/2/3 2551/2/3 2560/2/3
f 2562/2/3 2545/2/3 2554/2/3
f 2562/4/3 2554/4/3 2553/4/3
f 2562/4/3 2553/4/3 2552/4/3
f 2563/2/3 2545/2/3 2562/2/3
f 2564/2/3 2556/2/3 2555/2/3
f 2565/4/3 2557/4/3 2556/4/3
f 2565/2/3 2556/2/3 2564/2/3
f 2566/4/3 2557/4/3 2565/4/3
f 2567/2/3 2558/2/3 2557/2/3
f 2567/4/3 2557/4/3 2566/4/3
f 2568/2/3 2558/2/3 2567/2/3
f 2569/4/3 2559/4/3 2558/4/3
f 2569/2/3 2558/2/3 2568/2/3
f 2570/2/3 2551/2/3 2561/2/3
f 2570/4/3 2561/4/3 2560/4/3
f 2571/2/3 2551/2/3 2570/2/3
f 2572/4/3 2542/4/3 2551/4/3
f 2572/2/3 2551/2/3 2571/2/3
f 2573/4/3 2542/4/3 2572/4/3
f 2574/4/3 2566/4/3 2565/4/3
f 2574/4/3 2565/4/3 2564/4/3
f 2575/2/3 2568/2/3 2567/2/3
f 2575/4/3 2566/4/3 2574/4/3
f 2575/2/3 2567/2/3 2566/2/3
f 2576/4/3 2571/4/3 2570/4/3
f 2577/2/3 2573/2/3 2572/2/3
f 2577/4/3 2571/4/3 2576/4/3
f 2577/2/3 2572/2/3 2571/2/3
f 2578/2/3 2573/2/3 2577/2/3
f 2579/4/3 2542/4/3 2573/4/3
f 2580/4/3 2563/4/3 2562/4/3
f 2580/4/3 2562/4/3 2552/4/3
f 2581/4/3 2563/4/3 2580/4/3
f 2582/4/3 2563/4/3 2581/4/3
f 2583/4/3 2563/4/3 2582/4/3
f 2584/2/3 2575/2/3 2574/2/3
f 2585/2/3 2568/2/3 2575/2/3
f 2585/2/3 2575/2/3 2584/2/3
f 2586/4/3 2569/4/3 2568/4/3
f 2586/2/3 2568/2/3 2585/2/3
f 2587/4/3 2559/4/3 2569/4/3
f 2587/4/3 2569/4/3 2586/4/3
f 2588/4/3 2576/4/3 2570/4/3
f 2588/4/3 2570/4/3 2560/4/3
f 2589/2/3 2577/2/3 2576/2/3
f 2589/4/3 2576/4/3 2588/4/3
f 2590/4/3 2578/4/3 2577/4/3
f 2590/2/3 2577/2/3 2589/2/3
f 2591/2/3 2573/2/3 2578/2/3
f 2591/4/3 2578/4/3 2590/4/3
f 2592/2/3 2573/2/3 2591/2/3
f 2593/4/3 2581/4/3 2580/4/3
f 2594/2/3 2582/2/3 2581/2/3
f 2594/4/3 2581/4/3 2593/4/3
f 2595/4/3 2583/4/3 2582/4/3
f 2595/2/3 2582/2/3 2594/2/3
f 2596/4/3 2583/4/3 2595/4/3
f 2597/2/3 2585/2/3 2584/2/3
f 2598/4/3 2586/4/3 2585/4/3
f 2598/2/3 2585/2/3 2597/2/3
f 2598/4/3 2587/4/3 2586/4/3
f 2599/4/3 2590/4/3 2589/4/3
f 2599/4/3 2589/4/3 2588/4/3
f 2599/2/3 2573/2/3 2592/2/3
f 2599/4/3 2591/4/3 2590/4/3
f 2599/4/3 2592/4/3 2591/4/3
f 2600/2/3 2573/2/3 2599/2/3
f 2601/4/3 2579/4/3 2573/4/3
f 2601/2/3 2573/2/3 2600/2/3
f 2602/4/3 2579/4/3 2601/4/3
f 2603/2/3 2596/2/3 2595/2/3
f 2603/2/3 2594/2/3 2593/2/3
f 2603/2/3 2595/2/3 2594/2/3
f 2604/2/3 2596/2/3 2603/2/3
f 2605/4/3 2583/4/3 2596/4/3
f 2605/2/3 2596/2/3 2604/2/3
f 2606/4/3 2583/4/3 2605/4/3
f 2607/4/3 2587/4/3 2598/4/3
f 2607/4/3 2598/4/3 2597/4/3
f 2608/4/3 2587/4/3 2607/4/3
f 2609/4/3 2600/4/3 2599/4/3
f 2609/4/3 2599/4/3 2588/4/3
f 2610/4/3 2600/4/3 2609/4/3
f 2611/2/3 2602/2/3 2601/2/3
f 2611/4/3 2600/4/3 2610/4/3
f 2611/2/3 2601/2/3 2600/2/3
f 2612/2/3 2602/2/3 2611/2/3
f 2613/4/3 2604/4/3 2603/4/3
f 2613/2/3 2606/2/3 2605/2/3
f 2613/2/3 2605/2/3 2604/2/3
f 2614/2/3 2606/2/3 2613/2/3
f 2615/4/3 2612/4/3 2611/4/3
f 2615/2/3 2610/2/3 2609/2/3
f 2615/4/3 2611/4/3 2610/4/3
f 2616/4/3 2612/4/3 2615/4/3
f 2617/2/3 2602/2/3 2612/2/3
f 2617/4/3 2612/4/3 2616/4/3
f 2618/2/3 2602/2/3 2617/2/3
f 2619/4/3 2614/4/3 2613/4/3
f 2619/4/3 2613/4/3 2603/4/3
f 2620/4/3 2614/4/3 2619/4/3
f 2621/2/3 2606/2/3 2614/2/3
f 2621/4/3 2614/4/3 2620/4/3
f 2622/2/3 2606/2/3 2621/2/3
f 2623/4/3 2607/4/3 2597/4/3
f 2624/2/3 2608/2/3 2607/2/3
f 2624/4/3 2607/4/3 2623/4/3
f 2625/2/3 2608/2/3 2624/2/3
f 2626/2/3 2608/2/3 2625/2/3
f 2627/2/3 2616/2/3 2615/2/3
f 2627/2/3 2615/2/3 2609/2/3
f 2628/2/3 2616/2/3 2627/2/3
f 2629/4/3 2618/4/3 2617/4/3
f 2629/2/3 2616/2/3 2628/2/3
f 2629/4/3 2617/4/3 2616/4/3
f 2630/4/3 2618/4/3 2629/4/3
f 2631/2/3 2602/2/3 2618/2/3
f 2631/4/3 2618/4/3 2630/4/3
f 2632/2/3 2602/2/3 2631/2/3
f 2633/4/3 2619/4/3 2603/4/3
f 2634/4/3 2619/4/3 2633/4/3
f 2635/2/3 2620/2/3 2619/2/3
f 2635/4/3 2619/4/3 2634/4/3
f 2636/4/3 2622/4/3 2621/4/3
f 2636/2/3 2620/2/3 2635/2/3
f 2636/4/3 2621/4/3 2620/4/3
f 2637/4/3 2622/4/3 2636/4/3
f 2638/4/3 2623/4/3 2597/4/3
f 2639/2/3 2625/2/3 2624/2/3
f 2639/4/3 2623/4/3 2638/4/3
f 2639/2/3 2624/2/3 2623/2/3
f 2640/2/3 2625/2/3 2639/2/3
f 2641/4/3 2626/4/3 2625/4/3
f 2641/2/3 2625/2/3 2640/2/3
f 2642/2/3 2630/2/3 2629/2/3
f 2642/4/3 2628/4/3 2627/4/3
f 2642/2/3 2629/2/3 2628/2/3
f 2643/2/3 2630/2/3 2642/2/3
f 2644/4/3 2631/4/3 2630/4/3
f 2644/2/3 2630/2/3 2643/2/3
f 2644/4/3 2632/4/3 2631/4/3
f 2645/4/3 2632/4/3 2644/4/3
f 2646/4/3 2632/4/3 2645/4/3
f 2647/2/3 2634/2/3 2633/2/3
f 2648/4/3 2635/4/3 2634/4/3
f 2648/2/3 2634/2/3 2647/2/3
f 2648/4/3 2636/4/3 2635/4/3
f 2649/4/3 2636/4/3 2648/4/3
f 2650/2/3 2637/2/3 2636/2/3
f 2650/4/3 2636/4/3 2649/4/3
f 2651/4/3 2622/4/3 2637/4/3
f 2651/2/3 2637/2/3 2650/2/3
f 2652/4/3 2638/4/3 2597/4/3
f 2653/2/3 2640/2/3 2639/2/3
f 2653/4/3 2638/4/3 2652/4/3
f 2653/2/3 2639/2/3 2638/2/3
f 2654/2/3 2640/2/3 2653/2/3
f 2655/4/3 2641/4/3 2640/4/3
f 2655/2/3 2640/2/3 2654/2/3
f 2656/4/3 2641/4/3 2655/4/3
f 2657/4/3 2626/4/3 2641/4/3
f 2657/4/3 2641/4/3 2656/4/3
f 2658/4/3 2643/4/3 2642/4/3
f 2658/2/3 2644/2/3 2643/2/3
f 2658/2/3 2645/2/3 2644/2/3
f 2659/2/3 2645/2/3 2658/2/3
f 2660/2/3 2649/2/3 2648/2/3
f 2660/4/3 2648/4/3 2647/4/3
f 2661/2/3 2649/2/3 2660/2/3
f 2662/2/3 2654/2/3 2653/2/3
f 2662/2/3 2653/2/3 2652/2/3
f 2663/4/3 2656/4/3 2655/4/3
f 2663/2/3 2654/2/3 2662/2/3
f 2663/4/3 2655/4/3 2654/4/3
f 2664/2/3 2645/2/3 2659/2/3
f 2664/4/3 2646/4/3 2645/4/3
f 2665/4/3 2646/4/3 2664/4/3
f 2666/4/3 2660/4/3 2647/4/3
f 2666/4/3 2661/4/3 2660/4/3
f 2667/4/3 2661/4/3 2666/4/3
f 2668/2/3 2649/2/3 2661/2/3
f 2668/4/3 2661/4/3 2667/4/3
f 2669/4/3 2650/4/3 2649/4/3
f 2669/2/3 2649/2/3 2668/2/3
f 2669/4/3 2651/4/3 2650/4/3
f 2670/2/3 2662/2/3 2652/2/3
f 2671/4/3 2663/4/3 2662/4/3
f 2671/2/3 2662/2/3 2670/2/3
f 2672/4/3 2656/4/3 2663/4/3
f 2672/4/3 2663/4/3 2671/4/3
f 2672/2/3 2657/2/3 2656/2/3
f 2673/2/3 2657/2/3 2672/2/3
f 2674/2/3 2667/2/3 2666/2/3
f 2675/4/3 2668/4/3 2667/4/3
f 2675/2/3 2667/2/3 2674/2/3
f 2675/4/3 2669/4/3 2668/4/3
f 2676/4/3 2669/4/3 2675/4/3
f 2677/4/3 2651/4/3 2669/4/3
f 2677/4/3 2669/4/3 2676/4/3
f 2677/4/3 2622/4/3 2651/4/3
f 2678/4/3 2671/4/3 2670/4/3
f 2678/4/3 2673/4/3 2672/4/3
f 2678/4/3 2672/4/3 2671/4/3
f 2679/4/3 2673/4/3 2678/4/3
f 2680/4/3 2642/4/3 2627/4/3
f 2680/4/3 2659/4/3 2658/4/3
f 2680/4/3 2658/4/3 2642/4/3
f 2681/4/3 2659/4/3 2680/4/3
f 2682/2/3 2664/2/3 2659/2/3
f 2682/4/3 2659/4/3 2681/4/3
f 2682/2/3 2665/2/3 2664/2/3
f 2683/2/3 2665/2/3 2682/2/3
f 2684/2/3 2665/2/3 2683/2/3
f 2685/2/3 2677/2/3 2676/2/3
f 2686/2/3 2677/2/3 2685/2/3
f 2687/4/3 2673/4/3 2679/4/3
f 2687/2/3 2679/2/3 2678/2/3
f 2688/4/3 2673/4/3 2687/4/3
f 2689/4/3 2681/4/3 2680/4/3
f 2690/2/3 2682/2/3 2681/2/3
f 2690/4/3 2681/4/3 2689/4/3
f 2690/2/3 2683/2/3 2682/2/3
f 2691/2/3 2683/2/3 2690/2/3
f 2692/2/3 2683/2/3 2691/2/3
f 2693/2/3 2685/2/3 2676/2/3
f 2694/4/3 2686/4/3 2685/4/3
f 2694/2/3 2685/2/3 2693/2/3
f 2695/4/3 2686/4/3 2694/4/3
f 2696/4/3 2686/4/3 2695/4/3
f 2697/2/3 2688/2/3 2687/2/3
f 2697/2/3 2687/2/3 2678/2/3
f 2698/2/3 2688/2/3 2697/2/3
f 2699/4/3 2673/4/3 2688/4/3
f 2699/2/3 2688/2/3 2698/2/3
f 2700/4/3 2673/4/3 2699/4/3
f 2701/4/3 2689/4/3 2680/4/3
f 2702/2/3 2690/2/3 2689/2/3
f 2702/4/3 2689/4/3 2701/4/3
f 2702/2/3 2691/2/3 2690/2/3
f 2703/2/3 2691/2/3 2702/2/3
f 2704/4/3 2692/4/3 2691/4/3
f 2704/2/3 2691/2/3 2703/2/3
f 2705/4/3 2692/4/3 2704/4/3
f 2706/2/3 2683/2/3 2692/2/3
f 2706/4/3 2692/4/3 2705/4/3
f 2707/4/3 2676/4/3 2675/4/3
f 2707/4/3 2675/4/3 2674/4/3
f 2708/2/3 2693/2/3 2676/2/3
f 2708/4/3 2676/4/3 2707/4/3
f 2709/2/3 2696/2/3 2695/2/3
f 2709/4/3 2695/4/3 2694/4/3
f 2709/4/3 2694/4/3 2693/4/3
f 2710/2/3 2696/2/3 2709/2/3
f 2711/4/3 2698/4/3 2697/4/3
f 2711/2/3 2700/2/3 2699/2/3
f 2711/2/3 2699/2/3 2698/2/3
f 2712/2/3 2700/2/3 2711/2/3
f 2713/4/3 2673/4/3 2700/4/3
f 2713/2/3 2700/2/3 2712/2/3
f 2714/4/3 2673/4/3 2713/4/3
f 2715/4/3 2673/4/3 2714/4/3
f 2716/4/3 2673/4/3 2715/4/3
f 2717/4/3 2701/4/3 2680/4/3
f 2718/2/3 2703/2/3 2702/2/3
f 2718/4/3 2701/4/3 2717/4/3
f 2718/2/3 2702/2/3 2701/2/3
f 2719/2/3 2703/2/3 2718/2/3
f 2720/4/3 2705/4/3 2704/4/3
f 2720/2/3 2703/2/3 2719/2/3
f 2720/4/3 2704/4/3 2703/4/3
f 2721/4/3 2705/4/3 2720/4/3
f 2722/2/3 2706/2/3 2705/2/3
f 2722/4/3 2705/4/3 2721/4/3
f 2723/2/3 2683/2/3 2706/2/3
f 2723/2/3 2706/2/3 2722/2/3
f 2724/4/3 2684/4/3 2683/4/3
f 2724/2/3 2683/2/3 2723/2/3
f 2725/4/3 2710/4/3 2709/4/3
f 2725/2/3 2693/2/3 2708/2/3
f 2725/2/3 2708/2/3 2707/2/3
f 2725/4/3 2709/4/3 2693/4/3
f 2726/4/3 2710/4/3 2725/4/3
f 2727/4/3 2712/4/3 2711/4/3
f 2727/4/3 2711/4/3 2697/4/3
f 2728/2/3 2714/2/3 2713/2/3
f 2728/4/3 2712/4/3 2727/4/3
f 2728/2/3 2713/2/3 2712/2/3
f 2729/4/3 2715/4/3 2714/4/3
f 2729/2/3 2714/2/3 2728/2/3
f 2730/2/3 2716/2/3 2715/2/3
f 2730/4/3 2715/4/3 2729/4/3
f 2731/2/3 2719/2/3 2718/2/3
f 2731/2/3 2718/2/3 2717/2/3
f 2732/4/3 2721/4/3 2720/4/3
f 2732/2/3 2719/2/3 2731/2/3
f 2732/4/3 2720/4/3 2719/4/3
f 2733/4/3 2721/4/3 2732/4/3
f 2734/2/3 2722/2/3 2721/2/3
f 2734/4/3 2721/4/3 2733/4/3
f 2734/2/3 2723/2/3 2722/2/3
f 2735/4/3 2707/4/3 2674/4/3
f 2736/2/3 2726/2/3 2725/2/3
f 2736/4/3 2707/4/3 2735/4/3
f 2736/2/3 2725/2/3 2707/2/3
f 2737/2/3 2726/2/3 2736/2/3
f 2738/2/3 2729/2/3 2728/2/3
f 2738/2/3 2730/2/3 2729/2/3
f 2738/2/3 2728/2/3 2727/2/3
f 2739/2/3 2716/2/3 2730/2/3
f 2739/2/3 2730/2/3 2738/2/3
f 2740/2/3 2731/2/3 2717/2/3
f 2741/4/3 2733/4/3 2732/4/3
f 2741/2/3 2731/2/3 2740/2/3
f 2741/4/3 2732/4/3 2731/4/3
f 2742/4/3 2733/4/3 2741/4/3
f 2743/2/3 2734/2/3 2733/2/3
f 2743/4/3 2733/4/3 2742/4/3
f 2744/2/3 2723/2/3 2734/2/3
f 2744/2/3 2734/2/3 2743/2/3
f 2745/4/3 2724/4/3 2723/4/3
f 2745/2/3 2723/2/3 2744/2/3
f 2746/2/3 2736/2/3 2735/2/3
f 2747/4/3 2737/4/3 2736/4/3
f 2747/2/3 2736/2/3 2746/2/3
f 2748/2/3 2738/2/3 2727/2/3
f 2749/4/3 2739/4/3 2738/4/3
f 2749/2/3 2738/2/3 2748/2/3
f 2750/4/3 2739/4/3 2749/4/3
f 2751/4/3 2739/4/3 2750/4/3
f 2752/2/3 2740/2/3 2717/2/3
f 2752/4/3 2742/4/3 2741/4/3
f 2752/4/3 2741/4/3 2740/4/3
f 2753/4/3 2742/4/3 2752/4/3
f 2754/2/3 2743/2/3 2742/2/3
f 2754/4/3 2742/4/3 2753/4/3
f 2754/2/3 2744/2/3 2743/2/3
f 2755/4/3 2745/4/3 2744/4/3
f 2755/2/3 2744/2/3 2754/2/3
f 2756/4/3 2684/4/3 2724/4/3
f 2756/4/3 2745/4/3 2755/4/3
f 2756/4/3 2724/4/3 2745/4/3
f 2757/4/3 2684/4/3 2756/4/3
f 2758/4/3 2737/4/3 2747/4/3
f 2758/4/3 2747/4/3 2746/4/3
f 2759/4/3 2737/4/3 2758/4/3
f 2760/4/3 2737/4/3 2759/4/3
f 2761/4/3 2737/4/3 2760/4/3
f 2762/4/3 2750/4/3 2749/4/3
f 2762/4/3 2749/4/3 2748/4/3
f 2763/2/3 2751/2/3 2750/2/3
f 2763/4/3 2750/4/3 2762/4/3
f 2764/2/3 2753/2/3 2752/2/3
f 2764/2/3 2752/2/3 2717/2/3
f 2765/4/3 2755/4/3 2754/4/3
f 2765/2/3 2753/2/3 2764/2/3
f 2765/4/3 2754/4/3 2753/4/3
f 2765/4/3 2756/4/3 2755/4/3
f 2766/4/3 2756/4/3 2765/4/3
f 2767/2/3 2757/2/3 2756/2/3
f 2767/4/3 2756/4/3 2766/4/3
f 2768/2/3 2759/2/3 2758/2/3
f 2768/4/3 2758/4/3 2746/4/3
f 2769/4/3 2760/4/3 2759/4/3
f 2769/2/3 2759/2/3 2768/2/3
f 2770/2/3 2761/2/3 2760/2/3
f 2770/4/3 2760/4/3 2769/4/3
f 2771/4/3 2769/4/3 2768/4/3
f 2772/2/3 2770/2/3 2769/2/3
f 2772/4/3 2769/4/3 2771/4/3
f 2773/4/3 2762/4/3 2748/4/3
f 2774/2/3 2763/2/3 2762/2/3
f 2774/4/3 2762/4/3 2773/4/3
f 2775/2/3 2751/2/3 2763/2/3
f 2775/2/3 2763/2/3 2774/2/3
f 2776/2/3 2751/2/3 2775/2/3
f 2777/4/3 2766/4/3 2765/4/3
f 2777/4/3 2765/4/3 2764/4/3
f 2778/4/3 2766/4/3 2777/4/3
f 2779/4/3 2771/4/3 2768/4/3
f 2779/2/3 2772/2/3 2771/2/3
f 2780/2/3 2770/2/3 2772/2/3
f 2780/2/3 2772/2/3 2779/2/3
f 2780/2/3 2761/2/3 2770/2/3
f 2781/4/3 2773/4/3 2748/4/3
f 2782/2/3 2774/2/3 2773/2/3
f 2782/4/3 2773/4/3 2781/4/3
f 2782/2/3 2775/2/3 2774/2/3
f 2783/2/3 2775/2/3 2782/2/3
f 2784/4/3 2776/4/3 2775/4/3
f 2784/2/3 2775/2/3 2783/2/3
f 2785/2/3 2778/2/3 2777/2/3
f 2786/4/3 2766/4/3 2778/4/3
f 2786/2/3 2778/2/3 2785/2/3
f 2787/4/3 2766/4/3 2786/4/3
f 2788/2/3 2767/2/3 2766/2/3
f 2788/4/3 2766/4/3 2787/4/3
f 2789/2/3 2757/2/3 2767/2/3
f 2789/2/3 2767/2/3 2788/2/3
f 2790/2/3 2757/2/3 2789/2/3
f 2791/4/3 2779/4/3 2768/4/3
f 2791/4/3 2780/4/3 2779/4/3
f 2791/4/3 2768/4/3 2746/4/3
f 2792/4/3 2780/4/3 2791/4/3
f 2793/4/3 2781/4/3 2748/4/3
f 2794/4/3 2781/4/3 2793/4/3
f 2795/2/3 2783/2/3 2782/2/3
f 2795/4/3 2781/4/3 2794/4/3
f 2795/2/3 2782/2/3 2781/2/3
f 2796/2/3 2783/2/3 2795/2/3
f 2797/4/3 2784/4/3 2783/4/3
f 2797/2/3 2783/2/3 2796/2/3
f 2798/4/3 2784/4/3 2797/4/3
f 2799/4/3 2776/4/3 2784/4/3
f 2799/4/3 2784/4/3 2798/4/3
f 2800/4/3 2787/4/3 2786/4/3
f 2800/4/3 2786/4/3 2785/4/3
f 2801/4/3 2787/4/3 2800/4/3
f 2802/2/3 2789/2/3 2788/2/3
f 2802/4/3 2787/4/3 2801/4/3
f 2802/2/3 2788/2/3 2787/2/3
f 2803/2/3 2789/2/3 2802/2/3
f 2804/4/3 2790/4/3 2789/4/3
f 2804/2/3 2789/2/3 2803/2/3
f 2805/2/3 2792/2/3 2791/2/3
f 2806/4/3 2780/4/3 2792/4/3
f 2806/2/3 2792/2/3 2805/2/3
f 2807/4/3 2780/4/3 2806/4/3
f 2808/4/3 2794/4/3 2793/4/3
f 2809/2/3 2796/2/3 2795/2/3
f 2809/4/3 2794/4/3 2808/4/3
f 2809/2/3 2795/2/3 2794/2/3
f 2810/2/3 2796/2/3 2809/2/3
f 2811/4/3 2798/4/3 2797/4/3
f 2811/2/3 2796/2/3 2810/2/3
f 2811/4/3 2797/4/3 2796/4/3
f 2812/4/3 2798/4/3 2811/4/3
f 2813/2/3 2799/2/3 2798/2/3
f 2813/4/3 2798/4/3 2812/4/3
f 2814/2/3 2799/2/3 2813/2/3
f 2815/2/3 2799/2/3 2814/2/3
f 2816/4/3 2801/4/3 2800/4/3
f 2817/4/3 2801/4/3 2816/4/3
f 2818/2/3 2803/2/3 2802/2/3
f 2818/4/3 2801/4/3 2817/4/3
f 2818/2/3 2802/2/3 2801/2/3
f 2819/2/3 2803/2/3 2818/2/3
f 2820/2/3 2803/2/3 2819/2/3
f 2821/2/3 2807/2/3 2806/2/3
f 2821/2/3 2806/2/3 2805/2/3
f 2822/4/3 2815/4/3 2814/4/3
f 2823/2/3 2821/2/3 2805/2/3
f 2824/2/3 2821/2/3 2823/2/3
f 2825/2/3 2810/2/3 2809/2/3
f 2825/2/3 2809/2/3 2808/2/3
f 2826/4/3 2812/4/3 2811/4/3
f 2826/2/3 2810/2/3 2825/2/3
f 2826/4/3 2811/4/3 2810/4/3
f 2827/2/3 2813/2/3 2812/2/3
f 2827/4/3 2812/4/3 2826/4/3
f 2827/2/3 2814/2/3 2813/2/3
f 2828/4/3 2822/4/3 2814/4/3
f 2828/2/3 2814/2/3 2827/2/3
f 2829/2/3 2818/2/3 2817/2/3
f 2829/2/3 2819/2/3 2818/2/3
f 2830/4/3 2820/4/3 2819/4/3
f 2830/2/3 2819/2/3 2829/2/3
f 2831/2/3 2803/2/3 2820/2/3
f 2831/4/3 2820/4/3 2830/4/3
f 2832/4/3 2804/4/3 2803/4/3
f 2832/2/3 2803/2/3 2831/2/3
f 2833/4/3 2790/4/3 2804/4/3
f 2833/4/3 2804/4/3 2832/4/3
f 2834/2/3 2823/2/3 2805/2/3
f 2835/4/3 2824/4/3 2823/4/3
f 2835/2/3 2823/2/3 2834/2/3
f 2836/4/3 2824/4/3 2835/4/3
f 2837/2/3 2821/2/3 2824/2/3
f 2837/4/3 2824/4/3 2836/4/3
f 2838/2/3 2825/2/3 2808/2/3
f 2839/4/3 2826/4/3 2825/4/3
f 2839/2/3 2825/2/3 2838/2/3
f 2839/4/3 2827/4/3 2826/4/3
f 2839/4/3 2828/4/3 2827/4/3
f 2840/4/3 2817/4/3 2816/4/3
f 2840/2/3 2829/2/3 2817/2/3
f 2841/4/3 2830/4/3 2829/4/3
f 2841/2/3 2829/2/3 2840/2/3
f 2841/4/3 2832/4/3 2831/4/3
f 2841/4/3 2831/4/3 2830/4/3
f 2842/2/3 2833/2/3 2832/2/3
f 2843/4/3 2836/4/3 2835/4/3
f 2843/4/3 2835/4/3 2834/4/3
f 2844/2/3 2837/2/3 2836/2/3
f 2844/4/3 2836/4/3 2843/4/3
f 2845/2/3 2821/2/3 2837/2/3
f 2845/2/3 2837/2/3 2844/2/3
f 2846/2/3 2821/2/3 2845/2/3
f 2847/2/3 2838/2/3 2808/2/3
f 2848/4/3 2839/4/3 2838/4/3
f 2848/2/3 2838/2/3 2847/2/3
f 2849/4/3 2828/4/3 2839/4/3
f 2849/4/3 2839/4/3 2848/4/3
f 2850/4/3 2822/4/3 2828/4/3
f 2850/4/3 2828/4/3 2849/4/3
f 2851/4/3 2832/4/3 2841/4/3
f 2851/4/3 2841/4/3 2840/4/3
f 2852/2/3 2842/2/3 2832/2/3
f 2852/4/3 2832/4/3 2851/4/3
f 2853/4/3 2843/4/3 2834/4/3
f 2854/2/3 2844/2/3 2843/2/3
f 2854/4/3 2843/4/3 2853/4/3
f 2854/2/3 2845/2/3 2844/2/3
f 2855/2/3 2845/2/3 2854/2/3
f 2856/4/3 2846/4/3 2845/4/3
f 2856/2/3 2845/2/3 2855/2/3
f 2857/4/3 2846/4/3 2856/4/3
f 2858/4/3 2846/4/3 2857/4/3
f 2859/4/3 2848/4/3 2847/4/3
f 2859/4/3 2849/4/3 2848/4/3
f 2860/4/3 2849/4/3 2859/4/3
f 2861/2/3 2850/2/3 2849/2/3
f 2861/4/3 2849/4/3 2860/4/3
f 2862/2/3 2850/2/3 2861/2/3
f 2863/2/3 2850/2/3 2862/2/3
f 2864/2/3 2850/2/3 2863/2/3
f 2865/4/3 2840/4/3 2816/4/3
f 2865/4/3 2851/4/3 2840/4/3
f 2866/4/3 2851/4/3 2865/4/3
f 2867/2/3 2852/2/3 2851/2/3
f 2867/4/3 2851/4/3 2866/4/3
f 2868/2/3 2842/2/3 2852/2/3
f 2868/2/3 2852/2/3 2867/2/3
f 2869/2/3 2842/2/3 2868/2/3
f 2870/2/3 2842/2/3 2869/2/3
f 2871/3/4 2872/3/4 2873/3/4
f 2873/3/4 2872/3/4 2874/3/4
f 2874/3/4 2872/3/4 2875/3/4
f 2875/3/4 2872/3/4 2876/3/4
f 2877/1/4 2878/1/4 2883/1/4
f 2883/1/4 2878/1/4 2884/1/4
f 2879/1/4 2880/1/4 2885/1/4
f 2885/1/4 2880/1/4 2886/1/4
f 2881/1/4 2882/1/4 2887/1/4
f 2887/1/4 2882/1/4 2888/1/4
f 2889/1/4 2890/1/4 2895/1/4
f 2895/1/4 2890/1/4 2896/1/4
f 2891/1/4 2892/1/4 2897/1/4
f 2897/1/4 2892/1/4 2898/1/4
f 2893/1/4 2894/1/4 2899/1/4
f 2899/1/4 2894/1/4 2900/1/4
f 2901/3/4 2902/3/4 2906/3/4
f 2904/3/4 2905/3/4 2906/3/4
f 2903/3/4 2904/3/4 2906/3/4
f 2902/3/4 2903/3/4 2906/3/4
f 2906/3/4 2905/3/4 2907/3/4
f 2908/2/4 2909/2/4 2910/2/4
f 2910/2/4 2909/2/4 2911/2/4
f 2912/2/4 2913/2/4 2914/2/4
f 2914/2/4 2913/2/4 2915/2/4
f 2916/3/4 2917/3/4 2918/3/4
f 2918/3/4 2917/3/4 2919/3/4
f 2919/3/4 2917/3/4 2920/3/4
f 2920/3/4 2917/3/4 2921/3/4
f 2922/2/4 2923/2/4 2924/2/4
f 2924/2/4 2923/2/4 2925/2/4
f 2924/4/4 2925/4/4 2926/4/4
f 2926/4/4 2925/4/4 2927/4/4
f 2926/2/4 2927/2/4 2928/2/4
f 2928/2/4 2927/2/4 2929/2/4
f 2928/4/4 2929/4/4 2930/4/4
f 2930/4/4 2929/4/4 2931/4/4
f 2930/2/4 2931/2/4 2932/2/4
f 2932/2/4 2931/2/4 2933/2/4
f 2932/4/4 2933/4/4 2934/4/4
f 2934/4/4 2933/4/4 2935/4/4
f 2934/2/4 2935/2/4 2936/2/4
f 2936/2/4 2935/2/4 2937/2/4
f 2936/4/4 2937/4/4 2938/4/4
f 2938/4/4 2937/4/4 2939/4/4
f 2938/2/4 2939/2/4 2940/2/4
f 2940/2/4 2939/2/4 2941/2/4
f 2940/4/4 2941/4/4 2942/4/4
f 2942/4/4 2941/4/4 2943/4/4
f 2942/2/4 2943/2/4 2944/2/4
f 2944/2/4 2943/2/4 2945/2/4
f 2944/4/4 2945/4/4 2946/4/4
f 2946/4/4 2945/4/4 2952/4/4
f 2952/4/4 2945/4/4 2953/4/4
f 2947/1/4 2948/1/4 2954/1/4
f 2948/3/4 2949/3/4 2955/3/4
f 2954/1/4 2948/1/4 2955/1/4
f 2950/1/4 2951/1/4 2956/1/4
f 2955/3/4 2949/3/4 2956/3/4
f 2949/1/4 2950/1/4 2956/1/4
f 2956/1/4 2951/1/4 2957/1/4
f 2958/2/4 2959/2/4 2960/2/4
f 2960/2/4 2959/2/4 2961/2/4
f 2962/4/4 2963/4/4 2964/4/4
f 2964/4/4 2963/4/4 2965/4/4
f 2966/4/4 2967/4/4 2976/4/4
f 2976/4/4 2967/4/4 2977/4/4
f 2967/2/4 2968/2/4 2978/2/4
f 2977/4/4 2967/4/4 2978/4/4
f 2978/2/4 2968/2/4 2979/2/4
f 2968/4/4 2969/4/4 2980/4/4
f 2979/2/4 2968/2/4 2980/2/4
f 2969/2/4 2970/2/4 2981/2/4
f 2980/4/4 2969/4/4 2981/4/4
f 2970/4/4 2971/4/4 2982/4/4
f 2981/2/4 2970/2/4 2982/2/4
f 2971/2/4 2972/2/4 2983/2/4
f 2982/4/4 2971/4/4 2983/4/4
f 2983/2/4 2972/2/4 2984/2/4
f 2972/4/4 2973/4/4 2985/4/4
f 2984/2/4 2972/2/4 2985/2/4
f 2973/2/4 2974/2/4 2986/2/4
f 2985/4/4 2973/4/4 2986/4/4
f 2974/4/4 2975/4/4 2987/4/4
f 2986/2/4 2974/2/4 2987/2/4
f 2987/4/4 2975/4/4 2988/4/4
f 2988/4/4 2989/4/4 2990/4/4
f 2990/4/4 2989/4/4 2991/4/4
f 2992/2/4 2993/2/4 2994/2/4
f 2994/2/4 2993/2/4 2995/2/4
f 2994/4/4 2995/4/4 2996/4/4
f 2996/4/4 2995/4/4 2997/4/4
f 2997/4/4 2995/4/4 2998/4/4
f 2997/2/4 2998/2/4 2999/2/4
f 2999/2/4 2998/2/4 3000/2/4
f 3000/2/4 2998/2/4 3001/2/4
f 3000/4/4 3001/4/4 3002/4/4
f 3002/4/4 3001/4/4 3003/4/4
f 3002/2/4 3003/2/4 3004/2/4
f 3004/2/4 3003/2/4 3005/2/4
f 3004/4/4 3005/4/4 3006/4/4
f 3006/4/4 3005/4/4 3007/4/4
f 3006/2/4 3007/2/4 3008/2/4
f 3008/2/4 3007/2/4 3009/2/4
f 3008/4/4 3009/4/4 3010/4/4
f 3010/4/4 3009/4/4 3011/4/4
f 3010/2/4 3011/2/4 3012/2/4
f 3012/2/4 3011/2/4 3013/2/4
f 3013/2/4 3011/2/4 3014/2/4
f 3013/4/4 3014/4/4 3015/4/4
f 3015/4/4 3014/4/4 3016/4/4
f 3016/4/4 3014/4/4 3017/4/4
f 3016/2/4 3017/2/4 3018/2/4
f 3018/2/4 3017/2/4 3019/2/4
f 3018/4/4 3019/4/4 3020/4/4
f 3020/4/4 3019/4/4 3021/4/4
f 3020/2/4 3021/2/4 3022/2/4
f 3022/2/4 3021/2/4 3023/2/4
f 3023/2/4 3021/2/4 3024/2/4
f 3023/4/4 3024/4/4 3025/4/4
f 3025/4/4 3024/4/4 3026/4/4
f 3026/4/4 3024/4/4 3027/4/4
f 3028/4/4 3029/4/4 3050/4/4
f 3050/4/4 3029/4/4 3051/4/4
f 3030/4/4 3031/4/4 3052/4/4
f 3031/2/4 3032/2/4 3053/2/4
f 3052/4/4 3031/4/4 3053/4/4
f 3032/2/4 3033/2/4 3053/2/4
f 3033/4/4 3034/4/4 3054/4/4
f 3053/2/4 3033/2/4 3054/2/4
f 3034/4/4 3035/4/4 3054/4/4
f 3035/2/4 3036/2/4 3055/2/4
f 3054/4/4 3035/4/4 3055/4/4
f 3036/4/4 3037/4/4 3056/4/4
f 3055/2/4 3036/2/4 3056/2/4
f 3037/4/4 3038/4/4 3056/4/4
f 3038/4/4 3039/4/4 3056/4/4
f 3039/2/4 3040/2/4 3057/2/4
f 3056/4/4 3039/4/4 3057/4/4
f 3040/2/4 3041/2/4 3057/2/4
f 3041/4/4 3042/4/4 3058/4/4
f 3057/2/4 3041/2/4 3058/2/4
f 3042/4/4 3043/4/4 3058/4/4
f 3044/4/4 3045/4/4 3058/4/4
f 3043/4/4 3044/4/4 3058/4/4
f 3045/2/4 3046/2/4 3059/2/4
f 3058/4/4 3045/4/4 3059/4/4
f 3048/4/4 3049/4/4 3060/4/4
f 3059/2/4 3046/2/4 3060/2/4
f 3049/4/4 3050/4/4 3060/4/4
f 3047/4/4 3048/4/4 3060/4/4
f 3046/4/4 3047/4/4 3060/4/4
f 3060/4/4 3050/4/4 3061/4/4
f 3062/4/4 3063/4/4 3068/4/4
f 3063/2/4 3064/2/4 3068/2/4
f 3068/2/4 3064/2/4 3069/2/4
f 3064/4/4 3065/4/4 3070/4/4
f 3069/2/4 3064/2/4 3070/2/4
f 3070/4/4 3065/4/4 3071/4/4
f 3071/4/4 3065/4/4 3072/4/4
f 3065/2/4 3066/2/4 3073/2/4
f 3072/4/4 3065/4/4 3073/4/4
f 3073/2/4 3066/2/4 3074/2/4
f 3066/4/4 3067/4/4 3075/4/4
f 3074/2/4 3066/2/4 3075/2/4
f 3075/4/4 3067/4/4 3076/4/4
f 3076/4/4 3067/4/4 3077/4/4
f 3077/4/4 3067/4/4 3078/4/4
f 3078/4/4 3067/4/4 3079/4/4
f 3068/4/4 3069/4/4 3081/4/4
f 3069/2/4 3070/2/4 3081/2/4
f 3070/2/4 3071/2/4 3081/2/4
f 3081/2/4 3071/2/4 3082/2/4
f 3071/4/4 3072/4/4 3083/4/4
f 3082/2/4 3071/2/4 3083/2/4
f 3083/4/4 3072/4/4 3084/4/4
f 3072/2/4 3073/2/4 3085/2/4
f 3084/4/4 3072/4/4 3085/4/4
f 3073/4/4 3074/4/4 3086/4/4
f 3085/2/4 3073/2/4 3086/2/4
f 3086/4/4 3074/4/4 3087/4/4
f 3087/4/4 3074/4/4 3088/4/4
f 3074/2/4 3075/2/4 3089/2/4
f 3088/4/4 3074/4/4 3089/4/4
f 3075/2/4 3076/2/4 3089/2/4
f 3089/2/4 3076/2/4 3090/2/4
f 3076/4/4 3077/4/4 3091/4/4
f 3090/2/4 3076/2/4 3091/2/4
f 3091/4/4 3077/4/4 3092/4/4
f 3092/4/4 3077/4/4 3093/4/4
f 3093/4/4 3077/4/4 3094/4/4
f 3077/2/4 3078/2/4 3095/2/4
f 3094/4/4 3077/4/4 3095/4/4
f 3079/4/4 3080/4/4 3096/4/4
f 3095/2/4 3078/2/4 3096/2/4
f 3078/4/4 3079/4/4 3096/4/4
f 3096/4/4 3080/4/4 3097/4/4
f 3097/4/4 3080/4/4 3098/4/4
f 3098/4/4 3080/4/4 3099/4/4
f 3099/4/4 3080/4/4 3100/4/4
f 3081/4/4 3082/4/4 3101/4/4
f 3062/4/4 3068/4/4 3101/4/4
f 3068/4/4 3081/4/4 3101/4/4
f 3101/4/4 3082/4/4 3102/4/4
f 3083/2/4 3084/2/4 3103/2/4
f 3102/4/4 3082/4/4 3103/4/4
f 3082/2/4 3083/2/4 3103/2/4
f 3103/2/4 3084/2/4 3104/2/4
f 3084/4/4 3085/4/4 3105/4/4
f 3104/2/4 3084/2/4 3105/2/4
f 3086/4/4 3087/4/4 3105/4/4
f 3085/4/4 3086/4/4 3105/4/4
f 3087/2/4 3088/2/4 3106/2/4
f 3105/4/4 3087/4/4 3106/4/4
f 3089/4/4 3090/4/4 3107/4/4
f 3106/2/4 3088/2/4 3107/2/4
f 3088/4/4 3089/4/4 3107/4/4
f 3107/4/4 3090/4/4 3108/4/4
f 3090/2/4 3091/2/4 3109/2/4
f 3108/4/4 3090/4/4 3109/4/4
f 3091/2/4 3092/2/4 3109/2/4
f 3092/4/4 3093/4/4 3110/4/4
f 3109/2/4 3092/2/4 3110/2/4
f 3110/4/4 3093/4/4 3111/4/4
f 3093/2/4 3094/2/4 3112/2/4
f 3111/4/4 3093/4/4 3112/4/4
f 3094/4/4 3095/4/4 3113/4/4
f 3097/2/4 3098/2/4 3113/2/4
f 3096/4/4 3097/4/4 3113/4/4
f 3095/4/4 3096/4/4 3113/4/4
f 3098/4/4 3099/4/4 3114/4/4
f 3113/2/4 3098/2/4 3114/2/4
f 3114/4/4 3099/4/4 3115/4/4
f 3115/4/4 3099/4/4 3116/4/4
f 3099/2/4 3100/2/4 3117/2/4
f 3100/4/4 3080/4/4 3118/4/4
f 3117/2/4 3100/2/4 3118/2/4
f 3118/4/4 3080/4/4 3119/4/4
f 3099/2/4 3117/2/4 3120/2/4
f 3117/4/4 3118/4/4 3120/4/4
f 3118/2/4 3119/2/4 3121/2/4
f 3120/4/4 3118/4/4 3121/4/4
f 3101/2/4 3102/2/4 3122/2/4
f 3062/4/4 3101/4/4 3122/4/4
f 3103/4/4 3104/4/4 3123/4/4
f 3122/2/4 3102/2/4 3123/2/4
f 3102/4/4 3103/4/4 3123/4/4
f 3104/2/4 3105/2/4 3124/2/4
f 3123/4/4 3104/4/4 3124/4/4
f 3105/2/4 3106/2/4 3124/2/4
f 3107/2/4 3108/2/4 3124/2/4
f 3106/2/4 3107/2/4 3124/2/4
f 3124/2/4 3108/2/4 3125/2/4
f 3108/4/4 3109/4/4 3126/4/4
f 3125/2/4 3108/2/4 3126/2/4
f 3110/4/4 3111/4/4 3126/4/4
f 3109/4/4 3110/4/4 3126/4/4
f 3126/4/4 3111/4/4 3127/4/4
f 3127/4/4 3111/4/4 3128/4/4
f 3128/4/4 3111/4/4 3129/4/4
f 3111/2/4 3112/2/4 3130/2/4
f 3129/4/4 3111/4/4 3130/4/4
f 3112/2/4 3094/2/4 3131/2/4
f 3130/2/4 3112/2/4 3131/2/4
f 3094/4/4 3113/4/4 3132/4/4
f 3131/2/4 3094/2/4 3132/2/4
f 3113/4/4 3114/4/4 3132/4/4
f 3114/4/4 3115/4/4 3132/4/4
f 3132/4/4 3115/4/4 3133/4/4
f 3115/2/4 3116/2/4 3134/2/4
f 3133/4/4 3115/4/4 3134/4/4
f 3116/4/4 3099/4/4 3135/4/4
f 3134/2/4 3116/2/4 3135/2/4
f 3135/4/4 3099/4/4 3136/4/4
f 3099/2/4 3120/2/4 3137/2/4
f 3136/4/4 3099/4/4 3137/4/4
f 3120/2/4 3121/2/4 3137/2/4
f 3121/2/4 3119/2/4 3138/2/4
f 3137/2/4 3121/2/4 3138/2/4
f 3138/2/4 3119/2/4 3139/2/4
f 3124/4/4 3125/4/4 3140/4/4
f 3123/4/4 3124/4/4 3140/4/4
f 3122/4/4 3123/4/4 3140/4/4
f 3140/4/4 3125/4/4 3141/4/4
f 3126/2/4 3127/2/4 3142/2/4
f 3141/4/4 3125/4/4 3142/4/4
f 3125/2/4 3126/2/4 3142/2/4
f 3142/2/4 3127/2/4 3143/2/4
f 3127/4/4 3128/4/4 3144/4/4
f 3143/2/4 3127/2/4 3144/2/4
f 3128/2/4 3129/2/4 3145/2/4
f 3144/4/4 3128/4/4 3145/4/4
f 3129/4/4 3130/4/4 3146/4/4
f 3145/2/4 3129/2/4 3146/2/4
f 3130/4/4 3131/4/4 3146/4/4
f 3146/4/4 3131/4/4 3147/4/4
f 3132/2/4 3133/2/4 3148/2/4
f 3147/4/4 3131/4/4 3148/4/4
f 3131/2/4 3132/2/4 3148/2/4
f 3148/2/4 3133/2/4 3149/2/4
f 3133/4/4 3134/4/4 3150/4/4
f 3149/2/4 3133/2/4 3150/2/4
f 3135/4/4 3136/4/4 3150/4/4
f 3134/4/4 3135/4/4 3150/4/4
f 3150/4/4 3136/4/4 3151/4/4
f 3151/4/4 3136/4/4 3152/4/4
f 3136/2/4 3137/2/4 3153/2/4
f 3152/4/4 3136/4/4 3153/4/4
f 3137/2/4 3138/2/4 3153/2/4
f 3153/2/4 3138/2/4 3154/2/4
f 3138/4/4 3139/4/4 3155/4/4
f 3154/2/4 3138/2/4 3155/2/4
f 3122/4/4 3140/4/4 3156/4/4
f 3140/2/4 3141/2/4 3157/2/4
f 3156/4/4 3140/4/4 3157/4/4
f 3141/4/4 3142/4/4 3158/4/4
f 3157/2/4 3141/2/4 3158/2/4
f 3142/4/4 3143/4/4 3158/4/4
f 3144/2/4 3145/2/4 3159/2/4
f 3158/4/4 3143/4/4 3159/4/4
f 3146/2/4 3147/2/4 3159/2/4
f 3145/2/4 3146/2/4 3159/2/4
f 3143/2/4 3144/2/4 3159/2/4
f 3148/4/4 3149/4/4 3160/4/4
f 3159/2/4 3147/2/4 3160/2/4
f 3147/4/4 3148/4/4 3160/4/4
f 3160/4/4 3149/4/4 3161/4/4
f 3161/4/4 3149/4/4 3162/4/4
f 3162/4/4 3149/4/4 3163/4/4
f 3150/2/4 3151/2/4 3164/2/4
f 3163/4/4 3149/4/4 3164/4/4
f 3149/2/4 3150/2/4 3164/2/4
f 3164/2/4 3151/2/4 3165/2/4
f 3151/4/4 3152/4/4 3166/4/4
f 3165/2/4 3151/2/4 3166/2/4
f 3166/4/4 3152/4/4 3167/4/4
f 3167/4/4 3152/4/4 3168/4/4
f 3153/2/4 3154/2/4 3169/2/4
f 3168/4/4 3152/4/4 3169/4/4
f 3152/2/4 3153/2/4 3169/2/4
f 3169/2/4 3154/2/4 3170/2/4
f 3154/4/4 3155/4/4 3171/4/4
f 3170/2/4 3154/2/4 3171/2/4
f 3155/4/4 3139/4/4 3172/4/4
f 3171/4/4 3155/4/4 3172/4/4
f 3062/4/4 3122/4/4 3173/4/4
f 3122/4/4 3156/4/4 3173/4/4
f 3157/2/4 3158/2/4 3174/2/4
f 3173/4/4 3156/4/4 3174/4/4
f 3158/2/4 3159/2/4 3174/2/4
f 3156/2/4 3157/2/4 3174/2/4
f 3159/2/4 3160/2/4 3174/2/4
f 3160/2/4 3161/2/4 3174/2/4
f 3174/2/4 3161/2/4 3175/2/4
f 3175/2/4 3161/2/4 3176/2/4
f 3161/4/4 3162/4/4 3177/4/4
f 3176/2/4 3161/2/4 3177/2/4
f 3177/4/4 3162/4/4 3178/4/4
f 3162/2/4 3163/2/4 3179/2/4
f 3178/4/4 3162/4/4 3179/4/4
f 3179/2/4 3163/2/4 3180/2/4
f 3164/4/4 3165/4/4 3181/4/4
f 3180/2/4 3163/2/4 3181/2/4
f 3163/4/4 3164/4/4 3181/4/4
f 3181/4/4 3165/4/4 3182/4/4
f 3166/2/4 3167/2/4 3183/2/4
f 3182/4/4 3165/4/4 3183/4/4
f 3165/2/4 3166/2/4 3183/2/4
f 3183/2/4 3167/2/4 3184/2/4
f 3167/4/4 3168/4/4 3185/4/4
f 3184/2/4 3167/2/4 3185/2/4
f 3168/2/4 3169/2/4 3186/2/4
f 3185/4/4 3168/4/4 3186/4/4
f 3169/4/4 3170/4/4 3187/4/4
f 3171/2/4 3172/2/4 3188/2/4
f 3187/4/4 3170/4/4 3188/4/4
f 3170/2/4 3171/2/4 3188/2/4
f 3173/2/4 3174/2/4 3189/2/4
f 3174/2/4 3175/2/4 3189/2/4
f 3175/4/4 3176/4/4 3190/4/4
f 3189/2/4 3175/2/4 3190/2/4
f 3190/4/4 3176/4/4 3191/4/4
f 3191/4/4 3176/4/4 3192/4/4
f 3177/2/4 3178/2/4 3193/2/4
f 3192/4/4 3176/4/4 3193/4/4
f 3176/2/4 3177/2/4 3193/2/4
f 3193/2/4 3178/2/4 3194/2/4
f 3179/4/4 3180/4/4 3195/4/4
f 3194/2/4 3178/2/4 3195/2/4
f 3178/4/4 3179/4/4 3195/4/4
f 3195/4/4 3180/4/4 3196/4/4
f 3181/2/4 3182/2/4 3197/2/4
f 3196/4/4 3180/4/4 3197/4/4
f 3180/2/4 3181/2/4 3197/2/4
f 3197/2/4 3182/2/4 3198/2/4
f 3183/4/4 3184/4/4 3199/4/4
f 3198/2/4 3182/2/4 3199/2/4
f 3182/4/4 3183/4/4 3199/4/4
f 3199/4/4 3184/4/4 3200/4/4
f 3184/2/4 3185/2/4 3201/2/4
f 3200/4/4 3184/4/4 3201/4/4
f 3185/2/4 3186/2/4 3201/2/4
f 3186/2/4 3169/2/4 3202/2/4
f 3201/2/4 3186/2/4 3202/2/4
f 3169/4/4 3187/4/4 3203/4/4
f 3202/2/4 3169/2/4 3203/2/4
f 3203/4/4 3187/4/4 3204/4/4
f 3187/2/4 3188/2/4 3205/2/4
f 3204/4/4 3187/4/4 3205/4/4
f 3188/2/4 3172/2/4 3206/2/4
f 3205/2/4 3188/2/4 3206/2/4
f 3172/4/4 3139/4/4 3207/4/4
f 3206/2/4 3172/2/4 3207/2/4
f 3207/4/4 3139/4/4 3208/4/4
f 3205/4/4 3206/4/4 3209/4/4
f 3204/4/4 3205/4/4 3209/4/4
f 3207/2/4 3208/2/4 3209/2/4
f 3206/2/4 3207/2/4 3209/2/4
f 3209/2/4 3208/2/4 3210/2/4
f 3062/4/4 3173/4/4 3211/4/4
f 3173/2/4 3189/2/4 3211/2/4
f 3190/4/4 3191/4/4 3212/4/4
f 3211/2/4 3189/2/4 3212/2/4
f 3189/4/4 3190/4/4 3212/4/4
f 3212/4/4 3191/4/4 3213/4/4
f 3213/4/4 3191/4/4 3214/4/4
f 3191/2/4 3192/2/4 3215/2/4
f 3214/4/4 3191/4/4 3215/4/4
f 3193/4/4 3194/4/4 3216/4/4
f 3215/2/4 3192/2/4 3216/2/4
f 3192/4/4 3193/4/4 3216/4/4
f 3195/2/4 3196/2/4 3217/2/4
f 3216/4/4 3194/4/4 3217/4/4
f 3194/2/4 3195/2/4 3217/2/4
f 3217/2/4 3196/2/4 3218/2/4
f 3197/4/4 3198/4/4 3219/4/4
f 3218/2/4 3196/2/4 3219/2/4
f 3196/4/4 3197/4/4 3219/4/4
f 3219/4/4 3198/4/4 3220/4/4
f 3199/2/4 3200/2/4 3221/2/4
f 3220/4/4 3198/4/4 3221/4/4
f 3198/2/4 3199/2/4 3221/2/4
f 3221/2/4 3200/2/4 3222/2/4
f 3201/4/4 3202/4/4 3223/4/4
f 3222/2/4 3200/2/4 3223/2/4
f 3200/4/4 3201/4/4 3223/4/4
f 3223/4/4 3202/4/4 3224/4/4
f 3202/2/4 3203/2/4 3225/2/4
f 3224/4/4 3202/4/4 3225/4/4
f 3203/2/4 3204/2/4 3225/2/4
f 3225/2/4 3204/2/4 3226/2/4
f 3209/4/4 3210/4/4 3227/4/4
f 3226/2/4 3204/2/4 3227/2/4
f 3204/4/4 3209/4/4 3227/4/4
f 3227/4/4 3210/4/4 3228/4/4
f 3210/2/4 3208/2/4 3229/2/4
f 3228/4/4 3210/4/4 3229/4/4
f 3229/2/4 3208/2/4 3230/2/4
f 3211/4/4 3212/4/4 3231/4/4
f 3212/4/4 3213/4/4 3231/4/4
f 3213/2/4 3214/2/4 3232/2/4
f 3231/4/4 3213/4/4 3232/4/4
f 3219/2/4 3220/2/4 3233/2/4
f 3217/4/4 3218/4/4 3233/4/4
f 3214/4/4 3215/4/4 3233/4/4
f 3215/4/4 3216/4/4 3233/4/4
f 3218/2/4 3219/2/4 3233/2/4
f 3216/4/4 3217/4/4 3233/4/4
f 3233/2/4 3220/2/4 3234/2/4
f 3221/4/4 3222/4/4 3235/4/4
f 3234/2/4 3220/2/4 3235/2/4
f 3220/4/4 3221/4/4 3235/4/4
f 3235/4/4 3222/4/4 3236/4/4
f 3223/2/4 3224/2/4 3237/2/4
f 3236/4/4 3222/4/4 3237/4/4
f 3222/2/4 3223/2/4 3237/2/4
f 3225/4/4 3226/4/4 3238/4/4
f 3237/2/4 3224/2/4 3238/2/4
f 3224/4/4 3225/4/4 3238/4/4
f 3227/2/4 3228/2/4 3239/2/4
f 3228/4/4 3229/4/4 3239/4/4
f 3226/2/4 3227/2/4 3239/2/4
f 3229/4/4 3230/4/4 3239/4/4
f 3239/4/4 3230/4/4 3240/4/4
f 3232/2/4 3214/2/4 3241/2/4
f 3231/2/4 3232/2/4 3241/2/4
f 3233/4/4 3234/4/4 3242/4/4
f 3241/2/4 3214/2/4 3242/2/4
f 3214/4/4 3233/4/4 3242/4/4
f 3240/4/4 3230/4/4 3243/4/4
f 3230/2/4 3208/2/4 3243/2/4
f 3243/2/4 3208/2/4 3244/2/4
f 3211/4/4 3231/4/4 3245/4/4
f 3245/4/4 3231/4/4 3246/4/4
f 3231/2/4 3241/2/4 3247/2/4
f 3246/4/4 3231/4/4 3247/4/4
f 3241/4/4 3242/4/4 3248/4/4
f 3247/2/4 3241/2/4 3248/2/4
f 3242/4/4 3234/4/4 3249/4/4
f 3248/4/4 3242/4/4 3249/4/4
f 3234/2/4 3235/2/4 3249/2/4
f 3235/2/4 3236/2/4 3249/2/4
f 3249/2/4 3236/2/4 3250/2/4
f 3237/4/4 3238/4/4 3251/4/4
f 3250/2/4 3236/2/4 3251/2/4
f 3236/4/4 3237/4/4 3251/4/4
f 3238/4/4 3226/4/4 3252/4/4
f 3251/4/4 3238/4/4 3252/4/4
f 3239/2/4 3240/2/4 3253/2/4
f 3252/4/4 3226/4/4 3253/4/4
f 3226/2/4 3239/2/4 3253/2/4
f 3253/2/4 3240/2/4 3254/2/4
f 3240/4/4 3243/4/4 3255/4/4
f 3254/2/4 3240/2/4 3255/2/4
f 3243/4/4 3244/4/4 3255/4/4
f 3255/4/4 3244/4/4 3256/4/4
f 3211/4/4 3245/4/4 3257/4/4
f 3062/4/4 3211/4/4 3257/4/4
f 3245/2/4 3246/2/4 3258/2/4
f 3257/4/4 3245/4/4 3258/4/4
f 3247/4/4 3248/4/4 3259/4/4
f 3258/2/4 3246/2/4 3259/2/4
f 3249/4/4 3250/4/4 3259/4/4
f 3246/4/4 3247/4/4 3259/4/4
f 3248/4/4 3249/4/4 3259/4/4
f 3259/4/4 3250/4/4 3260/4/4
f 3260/4/4 3250/4/4 3261/4/4
f 3261/4/4 3250/4/4 3262/4/4
f 3250/2/4 3251/2/4 3263/2/4
f 3262/4/4 3250/4/4 3263/4/4
f 3251/2/4 3252/2/4 3263/2/4
f 3263/2/4 3252/2/4 3264/2/4
f 3252/4/4 3253/4/4 3265/4/4
f 3264/2/4 3252/2/4 3265/2/4
f 3253/4/4 3254/4/4 3265/4/4
f 3265/4/4 3254/4/4 3266/4/4
f 3254/2/4 3255/2/4 3267/2/4
f 3266/4/4 3254/4/4 3267/4/4
f 3255/2/4 3256/2/4 3267/2/4
f 3267/2/4 3256/2/4 3268/2/4
f 3257/2/4 3258/2/4 3269/2/4
f 3258/2/4 3259/2/4 3269/2/4
f 3259/2/4 3260/2/4 3269/2/4
f 3260/4/4 3261/4/4 3270/4/4
f 3269/2/4 3260/2/4 3270/2/4
f 3261/2/4 3262/2/4 3271/2/4
f 3270/4/4 3261/4/4 3271/4/4
f 3263/4/4 3264/4/4 3272/4/4
f 3271/2/4 3262/2/4 3272/2/4
f 3262/4/4 3263/4/4 3272/4/4
f 3265/2/4 3266/2/4 3273/2/4
f 3272/4/4 3264/4/4 3273/4/4
f 3264/2/4 3265/2/4 3273/2/4
f 3273/2/4 3266/2/4 3274/2/4
f 3274/2/4 3266/2/4 3275/2/4
f 3266/4/4 3267/4/4 3276/4/4
f 3275/2/4 3266/2/4 3276/2/4
f 3267/4/4 3268/4/4 3276/4/4
f 3276/4/4 3268/4/4 3277/4/4
f 3268/2/4 3256/2/4 3278/2/4
f 3277/4/4 3268/4/4 3278/4/4
f 3278/2/4 3256/2/4 3279/2/4
f 3269/4/4 3270/4/4 3280/4/4
f 3271/2/4 3272/2/4 3280/2/4
f 3270/2/4 3271/2/4 3280/2/4
f 3273/2/4 3274/2/4 3280/2/4
f 3272/2/4 3273/2/4 3280/2/4
f 3280/2/4 3274/2/4 3281/2/4
f 3281/2/4 3274/2/4 3282/2/4
f 3282/2/4 3274/2/4 3283/2/4
f 3283/2/4 3274/2/4 3284/2/4
f 3274/4/4 3275/4/4 3285/4/4
f 3284/2/4 3274/2/4 3285/2/4
f 3276/2/4 3277/2/4 3286/2/4
f 3285/4/4 3275/4/4 3286/4/4
f 3275/2/4 3276/2/4 3286/2/4
f 3286/2/4 3277/2/4 3287/2/4
f 3257/2/4 3269/2/4 3288/2/4
f 3062/4/4 3257/4/4 3288/4/4
f 3269/4/4 3280/4/4 3289/4/4
f 3288/2/4 3269/2/4 3289/2/4
f 3280/4/4 3281/4/4 3289/4/4
f 3281/2/4 3282/2/4 3290/2/4
f 3289/4/4 3281/4/4 3290/4/4
f 3290/2/4 3282/2/4 3291/2/4
f 3291/2/4 3282/2/4 3292/2/4
f 3282/4/4 3283/4/4 3293/4/4
f 3292/2/4 3282/2/4 3293/2/4
f 3293/4/4 3283/4/4 3294/4/4
f 3283/2/4 3284/2/4 3295/2/4
f 3294/4/4 3283/4/4 3295/4/4
f 3295/2/4 3284/2/4 3296/2/4
f 3284/4/4 3285/4/4 3297/4/4
f 3296/2/4 3284/2/4 3297/2/4
f 3286/4/4 3287/4/4 3297/4/4
f 3285/4/4 3286/4/4 3297/4/4
f 3287/2/4 3277/2/4 3298/2/4
f 3297/4/4 3287/4/4 3298/4/4
f 3298/2/4 3277/2/4 3299/2/4
f 3278/4/4 3279/4/4 3300/4/4
f 3299/2/4 3277/2/4 3300/2/4
f 3277/4/4 3278/4/4 3300/4/4
f 3300/4/4 3279/4/4 3301/4/4
f 3279/2/4 3256/2/4 3302/2/4
f 3301/4/4 3279/4/4 3302/4/4
f 3256/4/4 3244/4/4 3303/4/4
f 3302/2/4 3256/2/4 3303/2/4
f 3291/2/4 3292/2/4 3304/2/4
f 3288/4/4 3289/4/4 3304/4/4
f 3289/4/4 3290/4/4 3304/4/4
f 3290/4/4 3291/4/4 3304/4/4
f 3293/4/4 3294/4/4 3305/4/4
f 3304/2/4 3292/2/4 3305/2/4
f 3292/4/4 3293/4/4 3305/4/4
f 3305/4/4 3294/4/4 3306/4/4
f 3295/2/4 3296/2/4 3307/2/4
f 3306/4/4 3294/4/4 3307/4/4
f 3294/2/4 3295/2/4 3307/2/4
f 3296/4/4 3297/4/4 3308/4/4
f 3298/4/4 3299/4/4 3308/4/4
f 3297/4/4 3298/4/4 3308/4/4
f 3300/2/4 3301/2/4 3309/2/4
f 3308/4/4 3299/4/4 3309/4/4
f 3299/2/4 3300/2/4 3309/2/4
f 3309/2/4 3301/2/4 3310/2/4
f 3305/4/4 3306/4/4 3311/4/4
f 3304/4/4 3305/4/4 3311/4/4
f 3288/4/4 3304/4/4 3311/4/4
f 3311/4/4 3306/4/4 3312/4/4
f 3312/4/4 3306/4/4 3313/4/4
f 3313/4/4 3306/4/4 3314/4/4
f 3314/4/4 3306/4/4 3315/4/4
f 3306/2/4 3307/2/4 3316/2/4
f 3315/4/4 3306/4/4 3316/4/4
f 3307/2/4 3296/2/4 3317/2/4
f 3316/2/4 3307/2/4 3317/2/4
f 3296/4/4 3308/4/4 3318/4/4
f 3317/2/4 3296/2/4 3318/2/4
f 3308/2/4 3309/2/4 3319/2/4
f 3318/4/4 3308/4/4 3319/4/4
f 3309/4/4 3310/4/4 3320/4/4
f 3319/2/4 3309/2/4 3320/2/4
f 3310/2/4 3301/2/4 3321/2/4
f 3320/4/4 3310/4/4 3321/4/4
f 3321/2/4 3301/2/4 3322/2/4
f 3062/4/4 3288/4/4 3323/4/4
f 3288/4/4 3311/4/4 3323/4/4
f 3311/2/4 3312/2/4 3324/2/4
f 3323/4/4 3311/4/4 3324/4/4
f 3312/4/4 3313/4/4 3325/4/4
f 3324/2/4 3312/2/4 3325/2/4
f 3313/2/4 3314/2/4 3326/2/4
f 3325/4/4 3313/4/4 3326/4/4
f 3314/4/4 3315/4/4 3327/4/4
f 3326/2/4 3314/2/4 3327/2/4
f 3327/4/4 3315/4/4 3328/4/4
f 3328/4/4 3315/4/4 3329/4/4
f 3316/2/4 3317/2/4 3330/2/4
f 3329/4/4 3315/4/4 3330/4/4
f 3315/2/4 3316/2/4 3330/2/4
f 3330/2/4 3317/2/4 3331/2/4
f 3319/4/4 3320/4/4 3332/4/4
f 3331/2/4 3317/2/4 3332/2/4
f 3318/4/4 3319/4/4 3332/4/4
f 3317/4/4 3318/4/4 3332/4/4
f 3321/4/4 3322/4/4 3332/4/4
f 3320/4/4 3321/4/4 3332/4/4
f 3332/4/4 3322/4/4 3333/4/4
f 3333/4/4 3322/4/4 3334/4/4
f 3322/2/4 3301/2/4 3335/2/4
f 3334/4/4 3322/4/4 3335/4/4
f 3335/2/4 3301/2/4 3336/2/4
f 3301/4/4 3302/4/4 3337/4/4
f 3336/2/4 3301/2/4 3337/2/4
f 3302/4/4 3303/4/4 3337/4/4
f 3303/4/4 3244/4/4 3338/4/4
f 3337/4/4 3303/4/4 3338/4/4
f 3327/2/4 3328/2/4 3339/2/4
f 3325/2/4 3326/2/4 3339/2/4
f 3326/2/4 3327/2/4 3339/2/4
f 3324/2/4 3325/2/4 3339/2/4
f 3323/2/4 3324/2/4 3339/2/4
f 3339/2/4 3328/2/4 3340/2/4
f 3328/4/4 3329/4/4 3341/4/4
f 3340/2/4 3328/2/4 3341/2/4
f 3330/2/4 3331/2/4 3342/2/4
f 3341/4/4 3329/4/4 3342/4/4
f 3329/2/4 3330/2/4 3342/2/4
f 3332/4/4 3333/4/4 3343/4/4
f 3342/2/4 3331/2/4 3343/2/4
f 3331/4/4 3332/4/4 3343/4/4
f 3343/4/4 3333/4/4 3344/4/4
f 3333/2/4 3334/2/4 3345/2/4
f 3344/4/4 3333/4/4 3345/4/4
f 3335/4/4 3336/4/4 3346/4/4
f 3345/2/4 3334/2/4 3346/2/4
f 3334/4/4 3335/4/4 3346/4/4
f 3346/4/4 3336/4/4 3347/4/4
f 3337/2/4 3338/2/4 3348/2/4
f 3347/4/4 3336/4/4 3348/4/4
f 3336/2/4 3337/2/4 3348/2/4
f 3348/2/4 3338/2/4 3349/2/4
f 3338/4/4 3244/4/4 3350/4/4
f 3350/4/4 3244/4/4 3351/4/4
f 3339/4/4 3340/4/4 3352/4/4
f 3340/2/4 3341/2/4 3352/2/4
f 3341/2/4 3342/2/4 3352/2/4
f 3352/2/4 3342/2/4 3353/2/4
f 3346/2/4 3347/2/4 3354/2/4
f 3344/2/4 3345/2/4 3354/2/4
f 3345/2/4 3346/2/4 3354/2/4
f 3347/4/4 3348/4/4 3354/4/4
f 3348/4/4 3349/4/4 3354/4/4
f 3354/4/4 3349/4/4 3355/4/4
f 3349/2/4 3338/2/4 3356/2/4
f 3355/4/4 3349/4/4 3356/4/4
f 3356/2/4 3338/2/4 3357/2/4
f 3323/2/4 3339/2/4 3358/2/4
f 3062/4/4 3323/4/4 3358/4/4
f 3352/4/4 3353/4/4 3359/4/4
f 3358/2/4 3339/2/4 3359/2/4
f 3339/4/4 3352/4/4 3359/4/4
f 3359/4/4 3353/4/4 3360/4/4
f 3360/4/4 3353/4/4 3361/4/4
f 3353/2/4 3342/2/4 3362/2/4
f 3361/4/4 3353/4/4 3362/4/4
f 3342/4/4 3343/4/4 3363/4/4
f 3362/2/4 3342/2/4 3363/2/4
f 3343/4/4 3344/4/4 3363/4/4
f 3363/4/4 3344/4/4 3364/4/4
f 3354/2/4 3355/2/4 3365/2/4
f 3364/4/4 3344/4/4 3365/4/4
f 3344/2/4 3354/2/4 3365/2/4
f 3365/2/4 3355/2/4 3366/2/4
f 3366/2/4 3355/2/4 3367/2/4
f 3355/4/4 3356/4/4 3368/4/4
f 3367/2/4 3355/2/4 3368/2/4
f 3356/4/4 3357/4/4 3368/4/4
f 3368/4/4 3357/4/4 3369/4/4
f 3357/2/4 3338/2/4 3370/2/4
f 3369/4/4 3357/4/4 3370/4/4
f 3370/2/4 3338/2/4 3371/2/4
f 3338/4/4 3350/4/4 3372/4/4
f 3371/2/4 3338/2/4 3372/2/4
f 3350/2/4 3351/2/4 3373/2/4
f 3372/4/4 3350/4/4 3373/4/4
f 3359/4/4 3360/4/4 3374/4/4
f 3358/4/4 3359/4/4 3374/4/4
f 3374/4/4 3360/4/4 3375/4/4
f 3360/2/4 3361/2/4 3376/2/4
f 3375/4/4 3360/4/4 3376/4/4
f 3363/4/4 3364/4/4 3377/4/4
f 3376/2/4 3361/2/4 3377/2/4
f 3361/4/4 3362/4/4 3377/4/4
f 3362/4/4 3363/4/4 3377/4/4
f 3377/4/4 3364/4/4 3378/4/4
f 3378/4/4 3364/4/4 3379/4/4
f 3365/2/4 3366/2/4 3380/2/4
f 3379/4/4 3364/4/4 3380/4/4
f 3364/2/4 3365/2/4 3380/2/4
f 3380/2/4 3366/2/4 3381/2/4
f 3366/4/4 3367/4/4 3382/4/4
f 3381/2/4 3366/2/4 3382/2/4
f 3382/4/4 3367/4/4 3383/4/4
f 3383/4/4 3367/4/4 3384/4/4
f 3368/2/4 3369/2/4 3385/2/4
f 3384/4/4 3367/4/4 3385/4/4
f 3367/2/4 3368/2/4 3385/2/4
f 3385/2/4 3369/2/4 3386/2/4
f 3370/4/4 3371/4/4 3387/4/4
f 3386/2/4 3369/2/4 3387/2/4
f 3369/4/4 3370/4/4 3387/4/4
f 3387/4/4 3371/4/4 3388/4/4
f 3371/2/4 3372/2/4 3389/2/4
f 3388/4/4 3371/4/4 3389/4/4
f 3372/2/4 3373/2/4 3389/2/4
f 3389/2/4 3373/2/4 3390/2/4
f 3062/4/4 3358/4/4 3391/4/4
f 3358/4/4 3374/4/4 3391/4/4
f 3391/4/4 3374/4/4 3392/4/4
f 3374/2/4 3375/2/4 3393/2/4
f 3392/4/4 3374/4/4 3393/4/4
f 3375/4/4 3376/4/4 3394/4/4
f 3393/2/4 3375/2/4 3394/2/4
f 3376/4/4 3377/4/4 3394/4/4
f 3394/4/4 3377/4/4 3395/4/4
f 3377/2/4 3378/2/4 3396/2/4
f 3395/4/4 3377/4/4 3396/4/4
f 3378/4/4 3379/4/4 3397/4/4
f 3396/2/4 3378/2/4 3397/2/4
f 3397/4/4 3379/4/4 3398/4/4
f 3380/2/4 3381/2/4 3399/2/4
f 3398/4/4 3379/4/4 3399/4/4
f 3379/2/4 3380/2/4 3399/2/4
f 3399/2/4 3381/2/4 3400/2/4
f 3382/4/4 3383/4/4 3401/4/4
f 3400/2/4 3381/2/4 3401/2/4
f 3381/4/4 3382/4/4 3401/4/4
f 3401/4/4 3383/4/4 3402/4/4
f 3383/2/4 3384/2/4 3403/2/4
f 3402/4/4 3383/4/4 3403/4/4
f 3385/4/4 3386/4/4 3404/4/4
f 3403/2/4 3384/2/4 3404/2/4
f 3384/4/4 3385/4/4 3404/4/4
f 3404/4/4 3386/4/4 3405/4/4
f 3387/2/4 3388/2/4 3406/2/4
f 3405/4/4 3386/4/4 3406/4/4
f 3386/2/4 3387/2/4 3406/2/4
f 3406/2/4 3388/2/4 3407/2/4
f 3392/4/4 3393/4/4 3408/4/4
f 3391/2/4 3392/2/4 3408/2/4
f 3393/4/4 3394/4/4 3408/4/4
f 3408/4/4 3394/4/4 3409/4/4
f 3394/2/4 3395/2/4 3410/2/4
f 3409/4/4 3394/4/4 3410/4/4
f 3410/2/4 3395/2/4 3411/2/4
f 3397/4/4 3398/4/4 3412/4/4
f 3395/4/4 3396/4/4 3412/4/4
f 3396/4/4 3397/4/4 3412/4/4
f 3399/2/4 3400/2/4 3413/2/4
f 3412/4/4 3398/4/4 3413/4/4
f 3398/2/4 3399/2/4 3413/2/4
f 3413/2/4 3400/2/4 3414/2/4
f 3401/4/4 3402/4/4 3415/4/4
f 3414/2/4 3400/2/4 3415/2/4
f 3400/4/4 3401/4/4 3415/4/4
f 3407/2/4 3388/2/4 3416/2/4
f 3389/4/4 3390/4/4 3416/4/4
f 3388/4/4 3389/4/4 3416/4/4
f 3390/2/4 3373/2/4 3417/2/4
f 3416/4/4 3390/4/4 3417/4/4
f 3417/2/4 3373/2/4 3418/2/4
f 3373/2/4 3351/2/4 3419/2/4
f 3418/2/4 3373/2/4 3419/2/4
f 3410/4/4 3411/4/4 3420/4/4
f 3408/2/4 3409/2/4 3420/2/4
f 3409/4/4 3410/4/4 3420/4/4
f 3420/4/4 3411/4/4 3421/4/4
f 3411/2/4 3395/2/4 3422/2/4
f 3421/4/4 3411/4/4 3422/4/4
f 3395/4/4 3412/4/4 3423/4/4
f 3422/2/4 3395/2/4 3423/2/4
f 3423/4/4 3412/4/4 3424/4/4
f 3413/2/4 3414/2/4 3425/2/4
f 3424/4/4 3412/4/4 3425/4/4
f 3412/2/4 3413/2/4 3425/2/4
f 3425/2/4 3414/2/4 3426/2/4
f 3414/4/4 3415/4/4 3427/4/4
f 3426/2/4 3414/2/4 3427/2/4
f 3404/2/4 3405/2/4 3428/2/4
f 3427/4/4 3415/4/4 3428/4/4
f 3415/4/4 3402/4/4 3428/4/4
f 3402/2/4 3403/2/4 3428/2/4
f 3403/2/4 3404/2/4 3428/2/4
f 3406/4/4 3407/4/4 3429/4/4
f 3428/2/4 3405/2/4 3429/2/4
f 3405/4/4 3406/4/4 3429/4/4
f 3408/2/4 3420/2/4 3430/2/4
f 3420/2/4 3421/2/4 3430/2/4
f 3391/2/4 3408/2/4 3430/2/4
f 3062/4/4 3391/4/4 3430/4/4
f 3430/2/4 3421/2/4 3431/2/4
f 3431/2/4 3421/2/4 3432/2/4
f 3423/4/4 3424/4/4 3433/4/4
f 3432/2/4 3421/2/4 3433/2/4
f 3422/4/4 3423/4/4 3433/4/4
f 3421/4/4 3422/4/4 3433/4/4
f 3433/4/4 3424/4/4 3434/4/4
f 3424/2/4 3425/2/4 3435/2/4
f 3434/4/4 3424/4/4 3435/4/4
f 3425/2/4 3426/2/4 3435/2/4
f 3426/4/4 3427/4/4 3436/4/4
f 3435/2/4 3426/2/4 3436/2/4
f 3427/4/4 3428/4/4 3436/4/4
f 3428/4/4 3429/4/4 3436/4/4
f 3436/4/4 3429/4/4 3437/4/4
f 3429/4/4 3407/4/4 3438/4/4
f 3437/4/4 3429/4/4 3438/4/4
f 3407/2/4 3416/2/4 3439/2/4
f 3438/4/4 3407/4/4 3439/4/4
f 3417/2/4 3418/2/4 3439/2/4
f 3416/2/4 3417/2/4 3439/2/4
f 3439/2/4 3418/2/4 3440/2/4
f 3418/4/4 3419/4/4 3441/4/4
f 3440/2/4 3418/2/4 3441/2/4
f 3434/2/4 3435/2/4 3442/2/4
f 3436/2/4 3437/2/4 3442/2/4
f 3435/2/4 3436/2/4 3442/2/4
f 3442/2/4 3437/2/4 3443/2/4
f 3437/4/4 3438/4/4 3444/4/4
f 3443/2/4 3437/2/4 3444/2/4
f 3444/4/4 3438/4/4 3445/4/4
f 3445/4/4 3438/4/4 3446/4/4
f 3439/2/4 3440/2/4 3447/2/4
f 3446/4/4 3438/4/4 3447/4/4
f 3438/2/4 3439/2/4 3447/2/4
f 3447/2/4 3440/2/4 3448/2/4
f 3448/2/4 3440/2/4 3449/2/4
f 3434/2/4 3442/2/4 3450/2/4
f 3442/4/4 3443/4/4 3451/4/4
f 3450/2/4 3442/2/4 3451/2/4
f 3451/4/4 3443/4/4 3452/4/4
f 3452/4/4 3443/4/4 3453/4/4
f 3444/2/4 3445/2/4 3454/2/4
f 3453/4/4 3443/4/4 3454/4/4
f 3443/2/4 3444/2/4 3454/2/4
f 3454/2/4 3445/2/4 3455/2/4
f 3445/4/4 3446/4/4 3456/4/4
f 3455/2/4 3445/2/4 3456/2/4
f 3456/4/4 3446/4/4 3457/4/4
f 3457/4/4 3446/4/4 3458/4/4
f 3446/2/4 3447/2/4 3459/2/4
f 3458/4/4 3446/4/4 3459/4/4
f 3447/2/4 3448/2/4 3459/2/4
f 3459/2/4 3448/2/4 3460/2/4
f 3448/4/4 3449/4/4 3461/4/4
f 3460/2/4 3448/2/4 3461/2/4
f 3461/4/4 3449/4/4 3462/4/4
f 3449/2/4 3440/2/4 3463/2/4
f 3462/4/4 3449/4/4 3463/4/4
f 3441/4/4 3419/4/4 3464/4/4
f 3440/4/4 3441/4/4 3464/4/4
f 3464/4/4 3419/4/4 3465/4/4
f 3062/4/4 3430/4/4 3466/4/4
f 3430/4/4 3431/4/4 3466/4/4
f 3466/4/4 3431/4/4 3467/4/4
f 3431/2/4 3432/2/4 3468/2/4
f 3467/4/4 3431/4/4 3468/4/4
f 3433/4/4 3434/4/4 3469/4/4
f 3468/2/4 3432/2/4 3469/2/4
f 3432/4/4 3433/4/4 3469/4/4
f 3469/4/4 3434/4/4 3470/4/4
f 3434/2/4 3450/2/4 3471/2/4
f 3470/4/4 3434/4/4 3471/4/4
f 3452/2/4 3453/2/4 3472/2/4
f 3451/4/4 3452/4/4 3472/4/4
f 3450/4/4 3451/4/4 3472/4/4
f 3454/4/4 3455/4/4 3473/4/4
f 3472/2/4 3453/2/4 3473/2/4
f 3453/4/4 3454/4/4 3473/4/4
f 3456/2/4 3457/2/4 3474/2/4
f 3473/4/4 3455/4/4 3474/4/4
f 3455/2/4 3456/2/4 3474/2/4
f 3474/2/4 3457/2/4 3475/2/4
f 3457/4/4 3458/4/4 3476/4/4
f 3475/2/4 3457/2/4 3476/2/4
f 3476/4/4 3458/4/4 3477/4/4
f 3477/4/4 3458/4/4 3478/4/4
f 3478/4/4 3458/4/4 3479/4/4
f 3479/4/4 3458/4/4 3480/4/4
f 3459/2/4 3460/2/4 3481/2/4
f 3480/4/4 3458/4/4 3481/4/4
f 3458/2/4 3459/2/4 3481/2/4
f 3481/2/4 3460/2/4 3482/2/4
f 3461/4/4 3462/4/4 3483/4/4
f 3482/2/4 3460/2/4 3483/2/4
f 3460/4/4 3461/4/4 3483/4/4
f 3483/4/4 3462/4/4 3484/4/4
f 3462/2/4 3463/2/4 3485/2/4
f 3484/4/4 3462/4/4 3485/4/4
f 3463/2/4 3440/2/4 3486/2/4
f 3485/2/4 3463/2/4 3486/2/4
f 3440/4/4 3464/4/4 3487/4/4
f 3486/2/4 3440/2/4 3487/2/4
f 3487/4/4 3464/4/4 3488/4/4
f 3464/2/4 3465/2/4 3489/2/4
f 3488/4/4 3464/4/4 3489/4/4
f 3450/4/4 3472/4/4 3490/4/4
f 3471/2/4 3450/2/4 3490/2/4
f 3470/2/4 3471/2/4 3490/2/4
f 3474/4/4 3475/4/4 3490/4/4
f 3472/4/4 3473/4/4 3490/4/4
f 3473/4/4 3474/4/4 3490/4/4
f 3476/2/4 3477/2/4 3491/2/4
f 3490/4/4 3475/4/4 3491/4/4
f 3475/2/4 3476/2/4 3491/2/4
f 3477/4/4 3478/4/4 3492/4/4
f 3491/2/4 3477/2/4 3492/2/4
f 3478/2/4 3479/2/4 3493/2/4
f 3492/4/4 3478/4/4 3493/4/4
f 3479/4/4 3480/4/4 3494/4/4
f 3493/2/4 3479/2/4 3494/2/4
f 3481/2/4 3482/2/4 3495/2/4
f 3494/4/4 3480/4/4 3495/4/4
f 3480/2/4 3481/2/4 3495/2/4
f 3495/2/4 3482/2/4 3496/2/4
f 3483/4/4 3484/4/4 3497/4/4
f 3496/2/4 3482/2/4 3497/2/4
f 3482/4/4 3483/4/4 3497/4/4
f 3497/4/4 3484/4/4 3498/4/4
f 3484/2/4 3485/2/4 3499/2/4
f 3498/4/4 3484/4/4 3499/4/4
f 3485/2/4 3486/2/4 3499/2/4
f 3487/4/4 3488/4/4 3500/4/4
f 3486/4/4 3487/4/4 3500/4/4
f 3488/2/4 3489/2/4 3501/2/4
f 3500/4/4 3488/4/4 3501/4/4
f 3467/4/4 3468/4/4 3502/4/4
f 3466/2/4 3467/2/4 3502/2/4
f 3469/4/4 3470/4/4 3502/4/4
f 3468/4/4 3469/4/4 3502/4/4
f 3491/2/4 3492/2/4 3503/2/4
f 3502/4/4 3470/4/4 3503/4/4
f 3495/2/4 3496/2/4 3503/2/4
f 3493/2/4 3494/2/4 3503/2/4
f 3470/2/4 3490/2/4 3503/2/4
f 3492/2/4 3493/2/4 3503/2/4
f 3490/2/4 3491/2/4 3503/2/4
f 3494/2/4 3495/2/4 3503/2/4
f 3503/2/4 3496/2/4 3504/2/4
f 3504/2/4 3496/2/4 3505/2/4
f 3505/2/4 3496/2/4 3506/2/4
f 3506/2/4 3496/2/4 3507/2/4
f 3497/4/4 3498/4/4 3508/4/4
f 3507/2/4 3496/2/4 3508/2/4
f 3496/4/4 3497/4/4 3508/4/4
f 3508/4/4 3498/4/4 3509/4/4
f 3498/2/4 3499/2/4 3510/2/4
f 3509/4/4 3498/4/4 3510/4/4
f 3499/2/4 3486/2/4 3511/2/4
f 3510/2/4 3499/2/4 3511/2/4
f 3486/4/4 3500/4/4 3512/4/4
f 3511/2/4 3486/2/4 3512/2/4
f 3501/2/4 3489/2/4 3513/2/4
f 3500/2/4 3501/2/4 3513/2/4
f 3489/2/4 3465/2/4 3513/2/4
f 3513/2/4 3465/2/4 3514/2/4
f 3466/2/4 3502/2/4 3515/2/4
f 3062/4/4 3466/4/4 3515/4/4
f 3502/2/4 3503/2/4 3515/2/4
f 3515/2/4 3503/2/4 3516/2/4
f 3516/2/4 3503/2/4 3517/2/4
f 3503/4/4 3504/4/4 3518/4/4
f 3517/2/4 3503/2/4 3518/2/4
f 3504/2/4 3505/2/4 3519/2/4
f 3518/4/4 3504/4/4 3519/4/4
f 3505/4/4 3506/4/4 3520/4/4
f 3519/2/4 3505/2/4 3520/2/4
f 3520/4/4 3506/4/4 3521/4/4
f 3506/2/4 3507/2/4 3522/2/4
f 3521/4/4 3506/4/4 3522/4/4
f 3507/4/4 3508/4/4 3523/4/4
f 3522/2/4 3507/2/4 3523/2/4
f 3508/4/4 3509/4/4 3523/4/4
f 3523/4/4 3509/4/4 3524/4/4
f 3510/2/4 3511/2/4 3525/2/4
f 3524/4/4 3509/4/4 3525/4/4
f 3509/2/4 3510/2/4 3525/2/4
f 3511/4/4 3512/4/4 3526/4/4
f 3525/2/4 3511/2/4 3526/2/4
f 3512/4/4 3500/4/4 3527/4/4
f 3526/4/4 3512/4/4 3527/4/4
f 3500/2/4 3513/2/4 3528/2/4
f 3527/4/4 3500/4/4 3528/4/4
f 3528/2/4 3513/2/4 3529/2/4
f 3513/4/4 3514/4/4 3530/4/4
f 3529/2/4 3513/2/4 3530/2/4
f 3516/2/4 3517/2/4 3531/2/4
f 3515/4/4 3516/4/4 3531/4/4
f 3520/4/4 3521/4/4 3532/4/4
f 3531/2/4 3517/2/4 3532/2/4
f 3518/4/4 3519/4/4 3532/4/4
f 3519/4/4 3520/4/4 3532/4/4
f 3517/4/4 3518/4/4 3532/4/4
f 3532/4/4 3521/4/4 3533/4/4
f 3533/4/4 3521/4/4 3534/4/4
f 3534/4/4 3521/4/4 3535/4/4
f 3535/4/4 3521/4/4 3536/4/4
f 3536/4/4 3521/4/4 3537/4/4
f 3521/2/4 3522/2/4 3538/2/4
f 3537/4/4 3521/4/4 3538/4/4
f 3523/2/4 3524/2/4 3538/2/4
f 3522/2/4 3523/2/4 3538/2/4
f 3538/2/4 3524/2/4 3539/2/4
f 3525/4/4 3526/4/4 3540/4/4
f 3539/2/4 3524/2/4 3540/2/4
f 3524/4/4 3525/4/4 3540/4/4
f 3526/4/4 3527/4/4 3540/4/4
f 3540/4/4 3527/4/4 3541/4/4
f 3528/2/4 3529/2/4 3542/2/4
f 3541/4/4 3527/4/4 3542/4/4
f 3527/2/4 3528/2/4 3542/2/4
f 3542/2/4 3529/2/4 3543/2/4
f 3529/4/4 3530/4/4 3544/4/4
f 3543/2/4 3529/2/4 3544/2/4
f 3533/2/4 3534/2/4 3545/2/4
f 3531/4/4 3532/4/4 3545/4/4
f 3532/4/4 3533/4/4 3545/4/4
f 3534/4/4 3535/4/4 3546/4/4
f 3545/2/4 3534/2/4 3546/2/4
f 3535/2/4 3536/2/4 3547/2/4
f 3546/4/4 3535/4/4 3547/4/4
f 3542/2/4 3543/2/4 3548/2/4
f 3541/2/4 3542/2/4 3548/2/4
f 3543/4/4 3544/4/4 3549/4/4
f 3548/2/4 3543/2/4 3549/2/4
f 3545/4/4 3546/4/4 3550/4/4
f 3546/2/4 3547/2/4 3551/2/4
f 3550/4/4 3546/4/4 3551/4/4
f 3547/2/4 3536/2/4 3552/2/4
f 3551/2/4 3547/2/4 3552/2/4
f 3536/4/4 3537/4/4 3553/4/4
f 3552/2/4 3536/2/4 3553/2/4
f 3553/4/4 3537/4/4 3554/4/4
f 3538/2/4 3539/2/4 3555/2/4
f 3554/4/4 3537/4/4 3555/4/4
f 3537/2/4 3538/2/4 3555/2/4
f 3555/2/4 3539/2/4 3556/2/4
f 3540/4/4 3541/4/4 3557/4/4
f 3556/2/4 3539/2/4 3557/2/4
f 3539/4/4 3540/4/4 3557/4/4
f 3557/4/4 3541/4/4 3558/4/4
f 3558/4/4 3541/4/4 3559/4/4
f 3541/2/4 3548/2/4 3560/2/4
f 3548/4/4 3549/4/4 3561/4/4
f 3560/2/4 3548/2/4 3561/2/4
f 3515/4/4 3531/4/4 3562/4/4
f 3531/4/4 3545/4/4 3562/4/4
f 3062/4/4 3515/4/4 3562/4/4
f 3545/4/4 3550/4/4 3562/4/4
f 3562/4/4 3550/4/4 3563/4/4
f 3551/2/4 3552/2/4 3564/2/4
f 3563/4/4 3550/4/4 3564/4/4
f 3550/2/4 3551/2/4 3564/2/4
f 3553/4/4 3554/4/4 3565/4/4
f 3564/2/4 3552/2/4 3565/2/4
f 3552/4/4 3553/4/4 3565/4/4
f 3565/4/4 3554/4/4 3566/4/4
f 3566/4/4 3554/4/4 3567/4/4
f 3567/4/4 3554/4/4 3568/4/4
f 3555/2/4 3556/2/4 3569/2/4
f 3568/4/4 3554/4/4 3569/4/4
f 3554/2/4 3555/2/4 3569/2/4
f 3569/2/4 3556/2/4 3570/2/4
f 3556/4/4 3557/4/4 3571/4/4
f 3570/2/4 3556/2/4 3571/2/4
f 3557/4/4 3558/4/4 3571/4/4
f 3571/4/4 3558/4/4 3572/4/4
f 3558/2/4 3559/2/4 3573/2/4
f 3572/4/4 3558/4/4 3573/4/4
f 3573/2/4 3559/2/4 3574/2/4
f 3559/4/4 3541/4/4 3575/4/4
f 3574/2/4 3559/2/4 3575/2/4
f 3575/4/4 3541/4/4 3576/4/4
f 3541/2/4 3560/2/4 3577/2/4
f 3576/4/4 3541/4/4 3577/4/4
f 3577/2/4 3560/2/4 3578/2/4
f 3560/4/4 3561/4/4 3579/4/4
f 3578/2/4 3560/2/4 3579/2/4
f 3563/4/4 3564/4/4 3580/4/4
f 3562/2/4 3563/2/4 3580/2/4
f 3564/4/4 3565/4/4 3580/4/4
f 3565/4/4 3566/4/4 3580/4/4
f 3580/4/4 3566/4/4 3581/4/4
f 3566/2/4 3567/2/4 3582/2/4
f 3581/4/4 3566/4/4 3582/4/4
f 3567/4/4 3568/4/4 3583/4/4
f 3582/2/4 3567/2/4 3583/2/4
f 3583/4/4 3568/4/4 3584/4/4
f 3569/2/4 3570/2/4 3585/2/4
f 3584/4/4 3568/4/4 3585/4/4
f 3568/2/4 3569/2/4 3585/2/4
f 3585/2/4 3570/2/4 3586/2/4
f 3571/4/4 3572/4/4 3587/4/4
f 3586/2/4 3570/2/4 3587/2/4
f 3570/4/4 3571/4/4 3587/4/4
f 3587/4/4 3572/4/4 3588/4/4
f 3573/2/4 3574/2/4 3589/2/4
f 3588/4/4 3572/4/4 3589/4/4
f 3572/2/4 3573/2/4 3589/2/4
f 3589/2/4 3574/2/4 3590/2/4
f 3575/4/4 3576/4/4 3591/4/4
f 3590/2/4 3574/2/4 3591/2/4
f 3574/4/4 3575/4/4 3591/4/4
f 3591/4/4 3576/4/4 3592/4/4
f 3577/2/4 3578/2/4 3593/2/4
f 3592/4/4 3576/4/4 3593/4/4
f 3576/2/4 3577/2/4 3593/2/4
f 3593/2/4 3578/2/4 3594/2/4
f 3578/4/4 3579/4/4 3595/4/4
f 3594/2/4 3578/2/4 3595/2/4
f 3561/4/4 3549/4/4 3596/4/4
f 3595/4/4 3579/4/4 3596/4/4
f 3579/4/4 3561/4/4 3596/4/4
f 3549/4/4 3544/4/4 3597/4/4
f 3596/4/4 3549/4/4 3597/4/4
f 3544/4/4 3530/4/4 3597/4/4
f 3580/2/4 3581/2/4 3598/2/4
f 3062/4/4 3562/4/4 3598/4/4
f 3562/2/4 3580/2/4 3598/2/4
f 3598/2/4 3581/2/4 3599/2/4
f 3583/4/4 3584/4/4 3600/4/4
f 3599/2/4 3581/2/4 3600/2/4
f 3581/4/4 3582/4/4 3600/4/4
f 3582/4/4 3583/4/4 3600/4/4
f 3585/2/4 3586/2/4 3601/2/4
f 3600/4/4 3584/4/4 3601/4/4
f 3584/2/4 3585/2/4 3601/2/4
f 3601/2/4 3586/2/4 3602/2/4
f 3586/4/4 3587/4/4 3603/4/4
f 3602/2/4 3586/2/4 3603/2/4
f 3587/4/4 3588/4/4 3603/4/4
f 3603/4/4 3588/4/4 3604/4/4
f 3588/2/4 3589/2/4 3605/2/4
f 3604/4/4 3588/4/4 3605/4/4
f 3589/2/4 3590/2/4 3605/2/4
f 3605/2/4 3590/2/4 3606/2/4
f 3591/4/4 3592/4/4 3607/4/4
f 3606/2/4 3590/2/4 3607/2/4
f 3590/4/4 3591/4/4 3607/4/4
f 3607/4/4 3592/4/4 3608/4/4
f 3592/2/4 3593/2/4 3609/2/4
f 3608/4/4 3592/4/4 3609/4/4
f 3593/2/4 3594/2/4 3609/2/4
f 3609/2/4 3594/2/4 3610/2/4
f 3610/2/4 3594/2/4 3611/2/4
f 3594/4/4 3595/4/4 3612/4/4
f 3595/4/4 3596/4/4 3612/4/4
f 3596/2/4 3597/2/4 3612/2/4
f 3597/4/4 3530/4/4 3613/4/4
f 3612/2/4 3597/2/4 3613/2/4
f 3598/4/4 3599/4/4 3614/4/4
f 3601/2/4 3602/2/4 3614/2/4
f 3599/2/4 3600/2/4 3614/2/4
f 3600/2/4 3601/2/4 3614/2/4
f 3614/2/4 3602/2/4 3615/2/4
f 3615/2/4 3602/2/4 3616/2/4
f 3616/2/4 3602/2/4 3617/2/4
f 3617/2/4 3602/2/4 3618/2/4
f 3603/4/4 3604/4/4 3619/4/4
f 3618/2/4 3602/2/4 3619/2/4
f 3602/4/4 3603/4/4 3619/4/4
f 3605/2/4 3606/2/4 3620/2/4
f 3619/4/4 3604/4/4 3620/4/4
f 3604/2/4 3605/2/4 3620/2/4
f 3607/4/4 3608/4/4 3621/4/4
f 3620/2/4 3606/2/4 3621/2/4
f 3606/4/4 3607/4/4 3621/4/4
f 3609/2/4 3610/2/4 3622/2/4
f 3608/2/4 3609/2/4 3622/2/4
f 3610/4/4 3611/4/4 3623/4/4
f 3622/2/4 3610/2/4 3623/2/4
f 3611/2/4 3594/2/4 3624/2/4
f 3623/4/4 3611/4/4 3624/4/4
f 3594/4/4 3612/4/4 3625/4/4
f 3624/2/4 3594/2/4 3625/2/4
f 3612/4/4 3613/4/4 3625/4/4
f 3625/4/4 3613/4/4 3626/4/4
f 3626/4/4 3613/4/4 3627/4/4
f 3613/4/4 3530/4/4 3628/4/4
f 3627/4/4 3613/4/4 3628/4/4
f 3530/4/4 3514/4/4 3628/4/4
f 3614/4/4 3615/4/4 3629/4/4
f 3615/2/4 3616/2/4 3629/2/4
f 3616/4/4 3617/4/4 3630/4/4
f 3629/2/4 3616/2/4 3630/2/4
f 3630/4/4 3617/4/4 3631/4/4
f 3617/2/4 3618/2/4 3632/2/4
f 3631/4/4 3617/4/4 3632/4/4
f 3632/2/4 3618/2/4 3633/2/4
f 3633/2/4 3618/2/4 3634/2/4
f 3634/2/4 3618/2/4 3635/2/4
f 3619/4/4 3620/4/4 3636/4/4
f 3635/2/4 3618/2/4 3636/2/4
f 3618/4/4 3619/4/4 3636/4/4
f 3620/4/4 3621/4/4 3636/4/4
f 3621/4/4 3608/4/4 3637/4/4
f 3636/4/4 3621/4/4 3637/4/4
f 3637/4/4 3608/4/4 3638/4/4
f 3608/2/4 3622/2/4 3639/2/4
f 3638/4/4 3608/4/4 3639/4/4
f 3622/4/4 3623/4/4 3640/4/4
f 3639/2/4 3622/2/4 3640/2/4
f 3623/4/4 3624/4/4 3640/4/4
f 3624/4/4 3625/4/4 3640/4/4
f 3626/4/4 3627/4/4 3641/4/4
f 3625/2/4 3626/2/4 3641/2/4
f 3627/2/4 3628/2/4 3642/2/4
f 3641/4/4 3627/4/4 3642/4/4
f 3062/4/4 3598/4/4 3643/4/4
f 3598/4/4 3614/4/4 3643/4/4
f 3630/4/4 3631/4/4 3643/4/4
f 3629/4/4 3630/4/4 3643/4/4
f 3614/4/4 3629/4/4 3643/4/4
f 3643/4/4 3631/4/4 3644/4/4
f 3644/4/4 3631/4/4 3645/4/4
f 3632/2/4 3633/2/4 3646/2/4
f 3645/4/4 3631/4/4 3646/4/4
f 3631/2/4 3632/2/4 3646/2/4
f 3646/2/4 3633/2/4 3647/2/4
f 3633/4/4 3634/4/4 3648/4/4
f 3647/2/4 3633/2/4 3648/2/4
f 3634/2/4 3635/2/4 3649/2/4
f 3648/4/4 3634/4/4 3649/4/4
f 3636/4/4 3637/4/4 3650/4/4
f 3649/2/4 3635/2/4 3650/2/4
f 3635/4/4 3636/4/4 3650/4/4
f 3650/4/4 3637/4/4 3651/4/4
f 3637/2/4 3638/2/4 3652/2/4
f 3651/4/4 3637/4/4 3652/4/4
f 3652/2/4 3638/2/4 3653/2/4
f 3638/4/4 3639/4/4 3654/4/4
f 3653/2/4 3638/2/4 3654/2/4
f 3639/4/4 3640/4/4 3654/4/4
f 3640/4/4 3625/4/4 3655/4/4
f 3654/4/4 3640/4/4 3655/4/4
f 3641/2/4 3642/2/4 3656/2/4
f 3655/4/4 3625/4/4 3656/4/4
f 3625/2/4 3641/2/4 3656/2/4
f 3642/2/4 3628/2/4 3657/2/4
f 3656/2/4 3642/2/4 3657/2/4
f 3655/2/4 3656/2/4 3657/2/4
f 3628/4/4 3514/4/4 3657/4/4
f 3657/4/4 3514/4/4 3658/4/4
f 3062/4/4 3643/4/4 3659/4/4
f 3643/2/4 3644/2/4 3659/2/4
f 3644/4/4 3645/4/4 3660/4/4
f 3659/2/4 3644/2/4 3660/2/4
f 3660/4/4 3645/4/4 3661/4/4
f 3646/2/4 3647/2/4 3662/2/4
f 3661/4/4 3645/4/4 3662/4/4
f 3645/2/4 3646/2/4 3662/2/4
f 3662/2/4 3647/2/4 3663/2/4
f 3663/2/4 3647/2/4 3664/2/4
f 3647/4/4 3648/4/4 3665/4/4
f 3664/2/4 3647/2/4 3665/2/4
f 3648/4/4 3649/4/4 3665/4/4
f 3650/4/4 3651/4/4 3665/4/4
f 3649/4/4 3650/4/4 3665/4/4
f 3665/4/4 3651/4/4 3666/4/4
f 3666/4/4 3651/4/4 3667/4/4
f 3667/4/4 3651/4/4 3668/4/4
f 3668/4/4 3651/4/4 3669/4/4
f 3652/2/4 3653/2/4 3670/2/4
f 3669/4/4 3651/4/4 3670/4/4
f 3651/2/4 3652/2/4 3670/2/4
f 3670/2/4 3653/2/4 3671/2/4
f 3671/2/4 3653/2/4 3672/2/4
f 3653/4/4 3654/4/4 3673/4/4
f 3672/2/4 3653/2/4 3673/2/4
f 3654/4/4 3655/4/4 3673/4/4
f 3673/4/4 3655/4/4 3674/4/4
f 3657/2/4 3658/2/4 3675/2/4
f 3674/4/4 3655/4/4 3675/4/4
f 3655/2/4 3657/2/4 3675/2/4
f 3675/2/4 3658/2/4 3676/2/4
f 3664/2/4 3665/2/4 3677/2/4
f 3665/2/4 3666/2/4 3677/2/4
f 3666/4/4 3667/4/4 3678/4/4
f 3677/2/4 3666/2/4 3678/2/4
f 3667/2/4 3668/2/4 3679/2/4
f 3668/4/4 3669/4/4 3680/4/4
f 3679/2/4 3668/2/4 3680/2/4
f 3670/2/4 3671/2/4 3681/2/4
f 3669/2/4 3670/2/4 3681/2/4
f 3671/4/4 3672/4/4 3682/4/4
f 3681/2/4 3671/2/4 3682/2/4
f 3682/4/4 3672/4/4 3683/4/4
f 3673/2/4 3674/2/4 3684/2/4
f 3683/4/4 3672/4/4 3684/4/4
f 3672/2/4 3673/2/4 3684/2/4
f 3676/2/4 3658/2/4 3685/2/4
f 3685/2/4 3658/2/4 3686/2/4
f 3663/4/4 3664/4/4 3687/4/4
f 3664/2/4 3677/2/4 3687/2/4
f 3677/4/4 3678/4/4 3688/4/4
f 3687/2/4 3677/2/4 3688/2/4
f 3678/4/4 3667/4/4 3689/4/4
f 3688/4/4 3678/4/4 3689/4/4
f 3667/2/4 3679/2/4 3690/2/4
f 3679/4/4 3680/4/4 3690/4/4
f 3680/4/4 3669/4/4 3691/4/4
f 3690/4/4 3680/4/4 3691/4/4
f 3669/2/4 3681/2/4 3692/2/4
f 3682/4/4 3683/4/4 3693/4/4
f 3692/2/4 3681/2/4 3693/2/4
f 3681/4/4 3682/4/4 3693/4/4
f 3693/4/4 3683/4/4 3694/4/4
f 3694/4/4 3683/4/4 3695/4/4
f 3695/4/4 3683/4/4 3696/4/4
f 3683/2/4 3684/2/4 3697/2/4
f 3696/4/4 3683/4/4 3697/4/4
f 3676/2/4 3685/2/4 3698/2/4
f 3685/4/4 3686/4/4 3699/4/4
f 3698/2/4 3685/2/4 3699/2/4
f 3660/4/4 3661/4/4 3700/4/4
f 3659/4/4 3660/4/4 3700/4/4
f 3662/2/4 3663/2/4 3701/2/4
f 3700/4/4 3661/4/4 3701/4/4
f 3661/2/4 3662/2/4 3701/2/4
f 3701/2/4 3663/2/4 3702/2/4
f 3687/4/4 3688/4/4 3703/4/4
f 3702/2/4 3663/2/4 3703/2/4
f 3663/4/4 3687/4/4 3703/4/4
f 3703/4/4 3688/4/4 3704/4/4
f 3704/4/4 3688/4/4 3705/4/4
f 3688/2/4 3689/2/4 3706/2/4
f 3705/4/4 3688/4/4 3706/4/4
f 3689/4/4 3667/4/4 3707/4/4
f 3706/2/4 3689/2/4 3707/2/4
f 3667/2/4 3690/2/4 3708/2/4
f 3707/4/4 3667/4/4 3708/4/4
f 3690/2/4 3691/2/4 3708/2/4
f 3691/4/4 3669/4/4 3709/4/4
f 3708/2/4 3691/2/4 3709/2/4
f 3709/4/4 3669/4/4 3710/4/4
f 3669/2/4 3692/2/4 3711/2/4
f 3710/4/4 3669/4/4 3711/4/4
f 3711/2/4 3692/2/4 3712/2/4
f 3692/4/4 3693/4/4 3713/4/4
f 3712/2/4 3692/2/4 3713/2/4
f 3693/4/4 3694/4/4 3713/4/4
f 3713/4/4 3694/4/4 3714/4/4
f 3694/2/4 3695/2/4 3715/2/4
f 3714/4/4 3694/4/4 3715/4/4
f 3695/4/4 3696/4/4 3716/4/4
f 3715/2/4 3695/2/4 3716/2/4
f 3696/2/4 3697/2/4 3717/2/4
f 3716/4/4 3696/4/4 3717/4/4
f 3684/2/4 3674/2/4 3718/2/4
f 3717/2/4 3697/2/4 3718/2/4
f 3697/2/4 3684/2/4 3718/2/4
f 3675/4/4 3676/4/4 3719/4/4
f 3718/2/4 3674/2/4 3719/2/4
f 3674/4/4 3675/4/4 3719/4/4
f 3719/4/4 3676/4/4 3720/4/4
f 3720/4/4 3676/4/4 3721/4/4
f 3676/2/4 3698/2/4 3722/2/4
f 3721/4/4 3676/4/4 3722/4/4
f 3722/2/4 3698/2/4 3723/2/4
f 3698/4/4 3699/4/4 3724/4/4
f 3723/2/4 3698/2/4 3724/2/4
f 3699/4/4 3686/4/4 3725/4/4
f 3724/4/4 3699/4/4 3725/4/4
f 3659/4/4 3700/4/4 3726/4/4
f 3062/4/4 3659/4/4 3726/4/4
f 3701/2/4 3702/2/4 3727/2/4
f 3726/4/4 3700/4/4 3727/4/4
f 3700/2/4 3701/2/4 3727/2/4
f 3703/4/4 3704/4/4 3728/4/4
f 3727/2/4 3702/2/4 3728/2/4
f 3702/4/4 3703/4/4 3728/4/4
f 3704/2/4 3705/2/4 3729/2/4
f 3728/4/4 3704/4/4 3729/4/4
f 3705/4/4 3706/4/4 3730/4/4
f 3729/2/4 3705/2/4 3730/2/4
f 3707/4/4 3708/4/4 3730/4/4
f 3709/4/4 3710/4/4 3730/4/4
f 3706/4/4 3707/4/4 3730/4/4
f 3708/4/4 3709/4/4 3730/4/4
f 3710/2/4 3711/2/4 3731/2/4
f 3730/4/4 3710/4/4 3731/4/4
f 3711/2/4 3712/2/4 3731/2/4
f 3713/4/4 3714/4/4 3732/4/4
f 3731/2/4 3712/2/4 3732/2/4
f 3712/4/4 3713/4/4 3732/4/4
f 3715/2/4 3716/2/4 3733/2/4
f 3732/4/4 3714/4/4 3733/4/4
f 3716/2/4 3717/2/4 3733/2/4
f 3717/2/4 3718/2/4 3733/2/4
f 3714/2/4 3715/2/4 3733/2/4
f 3718/4/4 3719/4/4 3734/4/4
f 3733/2/4 3718/2/4 3734/2/4
f 3719/4/4 3720/4/4 3734/4/4
f 3720/2/4 3721/2/4 3735/2/4
f 3734/4/4 3720/4/4 3735/4/4
f 3722/4/4 3723/4/4 3736/4/4
f 3735/2/4 3721/2/4 3736/2/4
f 3721/4/4 3722/4/4 3736/4/4
f 3723/2/4 3724/2/4 3737/2/4
f 3736/4/4 3723/4/4 3737/4/4
f 3737/2/4 3724/2/4 3738/2/4
f 3744/4/5 3740/4/5 3739/4/5
f 3745/4/5 3742/4/5 3741/4/5
f 3747/4/5 3744/4/5 3743/4/5
f 3747/4/5 3740/4/5 3744/4/5
f 3748/4/5 3746/4/5 3745/4/5
f 3748/4/5 3745/4/5 3741/4/5
f 3749/4/5 3747/4/5 3743/4/5
f 3749/4/5 3748/4/5 3747/4/5
f 3750/4/5 3748/4/5 3749/4/5
f 3751/4/5 3746/4/5 3748/4/5
f 3751/4/5 3748/4/5 3750/4/5
f 3752/4/5 3746/4/5 3751/4/5
f 3753/4/5 3751/4/5 3750/4/5
f 3754/4/5 3751/4/5 3753/4/5
f 3771/1/5 3756/1/5 3755/1/5
f 3772/3/5 3757/3/5 3756/3/5
f 3772/1/5 3756/1/5 3771/1/5
f 3773/1/5 3758/1/5 3757/1/5
f 3773/3/5 3757/3/5 3772/3/5
f 3774/3/5 3759/3/5 3758/3/5
f 3774/1/5 3758/1/5 3773/1/5
f 3775/1/5 3760/1/5 3759/1/5
f 3775/3/5 3759/3/5 3774/3/5
f 3776/3/5 3761/3/5 3760/3/5
f 3776/1/5 3760/1/5 3775/1/5
f 3777/1/5 3762/1/5 3761/1/5
f 3777/3/5 3761/3/5 3776/3/5
f 3778/3/5 3763/3/5 3762/3/5
f 3778/1/5 3762/1/5 3777/1/5
f 3779/1/5 3764/1/5 3763/1/5
f 3779/3/5 3763/3/5 3778/3/5
f 3780/3/5 3765/3/5 3764/3/5
f 3780/1/5 3764/1/5 3779/1/5
f 3781/1/5 3766/1/5 3765/1/5
f 3781/3/5 3765/3/5 3780/3/5
f 3782/3/5 3767/3/5 3766/3/5
f 3782/1/5 3766/1/5 3781/1/5
f 3783/1/5 3768/1/5 3767/1/5
f 3783/3/5 3767/3/5 3782/3/5
f 3784/3/5 3769/3/5 3768/3/5
f 3784/1/5 3768/1/5 3783/1/5
f 3785/1/5 3770/1/5 3769/1/5
f 3785/3/5 3769/3/5 3784/3/5
f 3786/1/5 3770/1/5 3785/1/5
f 3787/2/5 3784/2/5 3783/2/5
f 3787/2/5 3772/2/5 3771/2/5
f 3787/2/5 3786/2/5 3785/2/5
f 3787/2/5 3785/2/5 3784/2/5
f 3787/2/5 3783/2/5 3782/2/5
f 3787/2/5 3782/2/5 3781/2/5
f 3787/2/5 3781/2/5 3780/2/5
f 3787/2/5 3780/2/5 3779/2/5
f 3787/2/5 3779/2/5 3778/2/5
f 3787/2/5 3778/2/5 3777/2/5
f 3787/2/5 3777/2/5 3776/2/5
f 3787/2/5 3776/2/5 3775/2/5
f 3787/2/5 3775/2/5 3774/2/5
f 3787/2/5 3774/2/5 3773/2/5
f 3787/2/5 3773/2/5 3772/2/5
f 3788/2/5 3786/2/5 3787/2/5
f 3791/4/5 3790/4/5 3789/4/5
f 3792/4/5 3790/4/5 3791/4/5
f 3793/4/5 3790/4/5 3792/4/5
f 3794/4/5 3790/4/5 3793/4/5
f 3795/4/5 3790/4/5 3794/4/5
f 3800/4/5 3797/4/5 3796/4/5
f 3801/4/5 3797/4/5 3800/4/5
f 3802/4/5 3799/4/5 3798/4/5
f 3803/4/5 3799/4/5 3802/4/5
f 3808/4/5 3805/4/5 3804/4/5
f 3809/4/5 3805/4/5 3808/4/5
f 3810/4/5 3807/4/5 3806/4/5
f 3811/4/5 3807/4/5 3810/4/5
f 3816/4/5 3813/4/5 3812/4/5
f 3817/4/5 3813/4/5 3816/4/5
f 3818/4/5 3815/4/5 3814/4/5
f 3819/4/5 3815/4/5 3818/4/5
f 3824/1/5 3821/1/5 3820/1/5
f 3825/1/5 3821/1/5 3824/1/5
f 3826/1/5 3823/1/5 3822/1/5
f 3827/1/5 3823/1/5 3826/1/5
f 3838/3/5 3829/3/5 3828/3/5
f 3839/1/5 3836/1/5 3835/1/5
f 3841/3/5 3838/3/5 3837/3/5
f 3842/1/5 3830/1/5 3829/1/5
f 3842/3/5 3838/3/5 3841/3/5
f 3842/3/5 3829/3/5 3838/3/5
f 3843/3/5 3831/3/5 3830/3/5
f 3843/1/5 3830/1/5 3842/1/5
f 3844/1/5 3832/1/5 3831/1/5
f 3844/3/5 3831/3/5 3843/3/5
f 3845/3/5 3833/3/5 3832/3/5
f 3845/1/5 3832/1/5 3844/1/5
f 3846/1/5 3834/1/5 3833/1/5
f 3846/3/5 3833/3/5 3845/3/5
f 3847/3/5 3835/3/5 3834/3/5
f 3847/1/5 3834/1/5 3846/1/5
f 3848/1/5 3840/1/5 3839/1/5
f 3848/3/5 3835/3/5 3847/3/5
f 3848/1/5 3839/1/5 3835/1/5
f 3849/1/5 3847/1/5 3846/1/5
f 3849/1/5 3842/1/5 3841/1/5
f 3849/1/5 3848/1/5 3847/1/5
f 3849/1/5 3843/1/5 3842/1/5
f 3849/1/5 3846/1/5 3845/1/5
f 3849/1/5 3845/1/5 3844/1/5
f 3849/1/5 3844/1/5 3843/1/5
f 3850/1/5 3848/1/5 3849/1/5
f 3851/1/5 3848/1/5 3850/1/5
f 3852/1/5 3848/1/5 3851/1/5
f 3853/1/5 3848/1/5 3852/1/5
f 3854/1/5 3840/1/5 3848/1/5
f 3854/1/5 3848/1/5 3853/1/5
f 3855/1/5 3840/1/5 3854/1/5
f 3856/1/5 3840/1/5 3855/1/5
f 3857/1/5 3849/1/5 3841/1/5
f 3858/1/5 3849/1/5 3857/1/5
f 3859/3/5 3850/3/5 3849/3/5
f 3859/1/5 3849/1/5 3858/1/5
f 3860/3/5 3850/3/5 3859/3/5
f 3861/1/5 3851/1/5 3850/1/5
f 3861/3/5 3850/3/5 3860/3/5
f 3862/1/5 3851/1/5 3861/1/5
f 3863/1/5 3851/1/5 3862/1/5
f 3864/1/5 3851/1/5 3863/1/5
f 3865/3/5 3852/3/5 3851/3/5
f 3865/1/5 3851/1/5 3864/1/5
f 3866/3/5 3852/3/5 3865/3/5
f 3867/3/5 3852/3/5 3866/3/5
f 3868/1/5 3853/1/5 3852/1/5
f 3868/3/5 3852/3/5 3867/3/5
f 3869/1/5 3853/1/5 3868/1/5
f 3870/1/5 3853/1/5 3869/1/5
f 3871/1/5 3853/1/5 3870/1/5
f 3872/3/5 3854/3/5 3853/3/5
f 3872/1/5 3853/1/5 3871/1/5
f 3873/3/5 3854/3/5 3872/3/5
f 3874/3/5 3854/3/5 3873/3/5
f 3875/3/5 3854/3/5 3874/3/5
f 3876/3/5 3854/3/5 3875/3/5
f 3877/1/5 3855/1/5 3854/1/5
f 3877/3/5 3854/3/5 3876/3/5
f 3878/3/5 3856/3/5 3855/3/5
f 3878/1/5 3855/1/5 3877/1/5
f 3879/3/5 3856/3/5 3878/3/5
f 3882/4/5 3881/4/5 3880/4/5
f 3883/4/5 3881/4/5 3882/4/5
f 3884/4/5 3881/4/5 3883/4/5
f 3885/4/5 3881/4/5 3884/4/5
f 3886/4/5 3881/4/5 3885/4/5
f 3891/4/5 3888/4/5 3887/4/5
f 3892/4/5 3888/4/5 3891/4/5
f 3893/4/5 3890/4/5 3889/4/5
f 3894/4/5 3890/4/5 3893/4/5
f 3899/1/5 3896/1/5 3895/1/5
f 3900/1/5 3896/1/5 3899/1/5
f 3901/1/5 3898/1/5 3897/1/5
f 3902/1/5 3898/1/5 3901/1/5
f 3913/3/5 3904/3/5 3903/3/5
f 3914/1/5 3911/1/5 3910/1/5
f 3916/3/5 3913/3/5 3912/3/5
f 3917/1/5 3905/1/5 3904/1/5
f 3917/3/5 3913/3/5 3916/3/5
f 3917/3/5 3904/3/5 3913/3/5
f 3918/3/5 3906/3/5 3905/3/5
f 3918/1/5 3905/1/5 3917/1/5
f 3919/1/5 3907/1/5 3906/1/5
f 3919/3/5 3906/3/5 3918/3/5
f 3920/3/5 3908/3/5 3907/3/5
f 3920/1/5 3907/1/5 3919/1/5
f 3921/1/5 3909/1/5 3908/1/5
f 3921/3/5 3908/3/5 3920/3/5
f 3922/3/5 3910/3/5 3909/3/5
f 3922/1/5 3909/1/5 3921/1/5
f 3923/1/5 3915/1/5 3914/1/5
f 3923/3/5 3910/3/5 3922/3/5
f 3923/1/5 3914/1/5 3910/1/5
f 3924/1/5 3922/1/5 3921/1/5
f 3924/1/5 3917/1/5 3916/1/5
f 3924/1/5 3923/1/5 3922/1/5
f 3924/1/5 3918/1/5 3917/1/5
f 3924/1/5 3921/1/5 3920/1/5
f 3924/1/5 3920/1/5 3919/1/5
f 3924/1/5 3919/1/5 3918/1/5
f 3925/1/5 3923/1/5 3924/1/5
f 3926/1/5 3923/1/5 3925/1/5
f 3927/1/5 3915/1/5 3923/1/5
f 3927/1/5 3923/1/5 3926/1/5
f 3928/1/5 3915/1/5 3927/1/5
f 3929/1/5 3915/1/5 3928/1/5
f 3930/1/5 3924/1/5 3916/1/5
f 3931/1/5 3924/1/5 3930/1/5
f 3932/3/5 3925/3/5 3924/3/5
f 3932/1/5 3924/1/5 3931/1/5
f 3933/3/5 3925/3/5 3932/3/5
f 3934/1/5 3926/1/5 3925/1/5
f 3934/3/5 3925/3/5 3933/3/5
f 3935/1/5 3926/1/5 3934/1/5
f 3936/1/5 3926/1/5 3935/1/5
f 3937/1/5 3926/1/5 3936/1/5
f 3938/3/5 3927/3/5 3926/3/5
f 3938/1/5 3926/1/5 3937/1/5
f 3939/3/5 3927/3/5 3938/3/5
f 3940/3/5 3927/3/5 3939/3/5
f 3941/3/5 3927/3/5 3940/3/5
f 3942/3/5 3927/3/5 3941/3/5
f 3943/3/5 3927/3/5 3942/3/5
f 3944/3/5 3927/3/5 3943/3/5
f 3945/3/5 3927/3/5 3944/3/5
f 3946/3/5 3927/3/5 3945/3/5
f 3947/3/5 3927/3/5 3946/3/5
f 3948/3/5 3927/3/5 3947/3/5
f 3949/1/5 3928/1/5 3927/1/5
f 3949/3/5 3927/3/5 3948/3/5
f 3950/3/5 3929/3/5 3928/3/5
f 3950/1/5 3928/1/5 3949/1/5
f 3951/3/5 3929/3/5 3950/3/5
f 3954/4/5 3953/4/5 3952/4/5
f 3955/4/5 3953/4/5 3954/4/5
f 3956/4/5 3953/4/5 3955/4/5
f 3957/4/5 3953/4/5 3956/4/5
f 3958/4/5 3953/4/5 3957/4/5
f 3963/4/5 3960/4/5 3959/4/5
f 3964/4/5 3960/4/5 3963/4/5
f 3965/4/5 3962/4/5 3961/4/5
f 3966/4/5 3962/4/5 3965/4/5
f 3971/1/5 3968/1/5 3967/1/5
f 3972/1/5 3968/1/5 3971/1/5
f 3973/1/5 3970/1/5 3969/1/5
f 3974/1/5 3970/1/5 3973/1/5
f 3984/1/5 3976/1/5 3975/1/5
f 3985/3/5 3977/3/5 3976/3/5
f 3985/1/5 3976/1/5 3984/1/5
f 3986/1/5 3978/1/5 3977/1/5
f 3986/3/5 3977/3/5 3985/3/5
f 3987/3/5 3979/3/5 3978/3/5
f 3987/1/5 3978/1/5 3986/1/5
f 3988/1/5 3980/1/5 3979/1/5
f 3988/3/5 3979/3/5 3987/3/5
f 3989/3/5 3981/3/5 3980/3/5
f 3989/1/5 3980/1/5 3988/1/5
f 3990/1/5 3982/1/5 3981/1/5
f 3990/3/5 3981/3/5 3989/3/5
f 3991/1/5 3982/1/5 3990/1/5
f 3993/1/5 3989/1/5 3988/1/5
f 3993/1/5 3992/1/5 3991/1/5
f 3993/1/5 3991/1/5 3990/1/5
f 3993/1/5 3990/1/5 3989/1/5
f 3993/1/5 3984/1/5 3983/1/5
f 3993/1/5 3988/1/5 3987/1/5
f 3993/1/5 3987/1/5 3986/1/5
f 3993/1/5 3986/1/5 3985/1/5
f 3993/1/5 3985/1/5 3984/1/5
f 3994/1/5 3992/1/5 3993/1/5
f 3995/1/5 3992/1/5 3994/1/5
f 3996/1/5 3992/1/5 3995/1/5
f 3997/1/5 3992/1/5 3996/1/5
f 3998/1/5 3992/1/5 3997/1/5
f 3999/1/5 3993/1/5 3983/1/5
f 4000/1/5 3993/1/5 3999/1/5
f 4001/3/5 3994/3/5 3993/3/5
f 4001/1/5 3993/1/5 4000/1/5
f 4002/1/5 3995/1/5 3994/1/5
f 4002/3/5 3994/3/5 4001/3/5
f 4003/1/5 3995/1/5 4002/1/5
f 4004/3/5 3996/3/5 3995/3/5
f 4004/1/5 3995/1/5 4003/1/5
f 4005/1/5 3997/1/5 3996/1/5
f 4005/3/5 3996/3/5 4004/3/5
f 4006/1/5 3997/1/5 4005/1/5
f 4007/3/5 3998/3/5 3997/3/5
f 4007/1/5 3997/1/5 4006/1/5
f 4008/3/5 3998/3/5 4007/3/5
f 4009/3/5 3998/3/5 4008/3/5
f 4010/3/5 3998/3/5 4009/3/5
f 4011/3/5 3998/3/5 4010/3/5
f 4012/3/5 3998/3/5 4011/3/5
f 4013/1/5 3992/1/5 3998/1/5
f 4013/3/5 3998/3/5 4012/3/5
f 4014/1/5 3992/1/5 4013/1/5
f 4019/2/5 4016/2/5 4015/2/5
f 4020/2/5 4016/2/5 4019/2/5
f 4021/2/5 4018/2/5 4017/2/5
f 4022/2/5 4018/2/5 4021/2/5
f 4027/2/5 4024/2/5 4023/2/5
f 4028/2/5 4024/2/5 4027/2/5
f 4029/2/5 4026/2/5 4025/2/5
f 4030/2/5 4026/2/5 4029/2/5
f 4033/4/5 4032/4/5 4031/4/5
f 4034/4/5 4032/4/5 4033/4/5
f 4035/4/5 4032/4/5 4034/4/5
f 4036/4/5 4032/4/5 4035/4/5
f 4037/4/5 4032/4/5 4036/4/5
f 4038/4/5 4032/4/5 4037/4/5
f 4039/4/5 4032/4/5 4038/4/5
f 4040/4/5 4032/4/5 4039/4/5
f 4041/4/6 4042/4/6 4045/4/6
f 4045/4/6 4042/4/6 4046/4/6
f 4043/4/6 4044/4/6 4047/4/6
f 4047/4/6 4044/4/6 4048/4/6
f 4049/2/6 4050/2/6 4053/2/6
f 4053/2/6 4050/2/6 4054/2/6
f 4051/2/6 4052/2/6 4055/2/6
f 4055/2/6 4052/2/6 4056/2/6
f 4057/2/6 4058/2/6 4061/2/6
f 4061/2/6 4058/2/6 4062/2/6
f 4059/2/6 4060/2/6 4063/2/6
f 4063/2/6 4060/2/6 4064/2/6
f 4065/4/6 4066/4/6 4069/4/6
f 4069/4/6 4066/4/6 4070/4/6
f 4067/4/6 4068/4/6 4071/4/6
f 4071/4/6 4068/4/6 4072/4/6
f 4073/4/6 4074/4/6 4077/4/6
f 4077/4/6 4074/4/6 4078/4/6
f 4075/4/6 4076/4/6 4079/4/6
f 4079/4/6 4076/4/6 4080/4/6
f 4081/4/6 4082/4/6 4085/4/6
f 4082/2/6 4083/2/6 4086/2/6
f 4085/4/6 4082/4/6 4086/4/6
f 4086/2/6 4083/2/6 4087/2/6
f 4087/2/6 4083/2/6 4088/2/6
f 4088/2/6 4083/2/6 4089/2/6
f 4089/2/6 4083/2/6 4090/2/6
f 4090/2/6 4083/2/6 4091/2/6
f 4091/2/6 4083/2/6 4092/2/6
f 4092/2/6 4083/2/6 4093/2/6
f 4093/2/6 4083/2/6 4094/2/6
f 4094/2/6 4083/2/6 4095/2/6
f 4095/2/6 4083/2/6 4096/2/6
f 4096/2/6 4083/2/6 4097/2/6
f 4097/2/6 4083/2/6 4098/2/6
f 4098/2/6 4083/2/6 4099/2/6
f 4099/2/6 4083/2/6 4100/2/6
f 4083/4/6 4084/4/6 4101/4/6
f 4100/2/6 4083/2/6 4101/2/6
f 4101/4/6 4084/4/6 4102/4/6
f 4086/4/6 4087/4/6 4103/4/6
f 4087/2/6 4088/2/6 4104/2/6
f 4088/4/6 4089/4/6 4104/4/6
f 4104/4/6 4089/4/6 4105/4/6
f 4089/2/6 4090/2/6 4106/2/6
f 4105/4/6 4089/4/6 4106/4/6
f 4090/4/6 4091/4/6 4107/4/6
f 4106/2/6 4090/2/6 4107/2/6
f 4091/2/6 4092/2/6 4108/2/6
f 4107/4/6 4091/4/6 4108/4/6
f 4092/4/6 4093/4/6 4109/4/6
f 4108/2/6 4092/2/6 4109/2/6
f 4093/2/6 4094/2/6 4110/2/6
f 4109/4/6 4093/4/6 4110/4/6
f 4094/4/6 4095/4/6 4111/4/6
f 4110/2/6 4094/2/6 4111/2/6
f 4111/4/6 4095/4/6 4112/4/6
f 4095/2/6 4096/2/6 4113/2/6
f 4112/4/6 4095/4/6 4113/4/6
f 4096/4/6 4097/4/6 4114/4/6
f 4113/2/6 4096/2/6 4114/2/6
f 4100/4/6 4101/4/6 4115/4/6
f 4104/2/6 4105/2/6 4116/2/6
f 4105/4/6 4106/4/6 4116/4/6
f 4106/4/6 4107/4/6 4116/4/6
f 4107/4/6 4108/4/6 4116/4/6
f 4110/4/6 4111/4/6 4116/4/6
f 4108/4/6 4109/4/6 4116/4/6
f 4109/4/6 4110/4/6 4116/4/6
f 4116/4/6 4111/4/6 4117/4/6
f 4117/4/6 4111/4/6 4118/4/6
f 4111/2/6 4112/2/6 4119/2/6
f 4118/4/6 4111/4/6 4119/4/6
f 4113/4/6 4114/4/6 4120/4/6
f 4119/2/6 4112/2/6 4120/2/6
f 4112/4/6 4113/4/6 4120/4/6
f 4114/4/6 4097/4/6 4121/4/6
f 4120/4/6 4114/4/6 4121/4/6
f 4097/2/6 4098/2/6 4121/2/6
f 4103/4/6 4087/4/6 4122/4/6
f 4122/4/6 4087/4/6 4123/4/6
f 4087/2/6 4104/2/6 4124/2/6
f 4123/4/6 4087/4/6 4124/4/6
f 4104/2/6 4116/2/6 4124/2/6
f 4116/2/6 4117/2/6 4124/2/6
f 4124/2/6 4117/2/6 4125/2/6
f 4117/4/6 4118/4/6 4126/4/6
f 4125/2/6 4117/2/6 4126/2/6
f 4126/4/6 4118/4/6 4127/4/6
f 4127/4/6 4118/4/6 4128/4/6
f 4128/4/6 4118/4/6 4129/4/6
f 4119/2/6 4120/2/6 4130/2/6
f 4129/4/6 4118/4/6 4130/4/6
f 4118/2/6 4119/2/6 4130/2/6
f 4120/2/6 4121/2/6 4130/2/6
f 4130/2/6 4121/2/6 4131/2/6
f 4098/4/6 4099/4/6 4132/4/6
f 4132/4/6 4099/4/6 4133/4/6
f 4099/2/6 4100/2/6 4134/2/6
f 4133/4/6 4099/4/6 4134/4/6
f 4100/4/6 4115/4/6 4135/4/6
f 4134/2/6 4100/2/6 4135/2/6
f 4135/4/6 4115/4/6 4136/4/6
f 4136/4/6 4115/4/6 4137/4/6
f 4122/2/6 4123/2/6 4138/2/6
f 4124/4/6 4125/4/6 4139/4/6
f 4138/2/6 4123/2/6 4139/2/6
f 4123/4/6 4124/4/6 4139/4/6
f 4139/4/6 4125/4/6 4140/4/6
f 4126/2/6 4127/2/6 4141/2/6
f 4140/4/6 4125/4/6 4141/4/6
f 4125/2/6 4126/2/6 4141/2/6
f 4141/2/6 4127/2/6 4142/2/6
f 4127/4/6 4128/4/6 4143/4/6
f 4142/2/6 4127/2/6 4143/2/6
f 4143/4/6 4128/4/6 4144/4/6
f 4128/2/6 4129/2/6 4145/2/6
f 4144/4/6 4128/4/6 4145/4/6
f 4129/4/6 4130/4/6 4146/4/6
f 4145/2/6 4129/2/6 4146/2/6
f 4130/4/6 4131/4/6 4146/4/6
f 4146/4/6 4131/4/6 4147/4/6
f 4147/4/6 4131/4/6 4148/4/6
f 4148/4/6 4131/4/6 4149/4/6
f 4131/2/6 4121/2/6 4150/2/6
f 4149/4/6 4131/4/6 4150/4/6
f 4121/2/6 4098/2/6 4151/2/6
f 4150/2/6 4121/2/6 4151/2/6
f 4098/4/6 4132/4/6 4152/4/6
f 4151/2/6 4098/2/6 4152/2/6
f 4152/4/6 4132/4/6 4153/4/6
f 4132/2/6 4133/2/6 4154/2/6
f 4153/4/6 4132/4/6 4154/4/6
f 4154/2/6 4133/2/6 4155/2/6
f 4133/4/6 4134/4/6 4156/4/6
f 4155/2/6 4133/2/6 4156/2/6
f 4134/4/6 4135/4/6 4156/4/6
f 4135/4/6 4136/4/6 4156/4/6
f 4156/4/6 4136/4/6 4157/4/6
f 4136/2/6 4137/2/6 4158/2/6
f 4157/4/6 4136/4/6 4158/4/6
f 4158/2/6 4137/2/6 4159/2/6
f 4141/4/6 4142/4/6 4160/4/6
f 4139/2/6 4140/2/6 4160/2/6
f 4140/4/6 4141/4/6 4160/4/6
f 4160/4/6 4142/4/6 4161/4/6
f 4161/4/6 4142/4/6 4162/4/6
f 4143/2/6 4144/2/6 4163/2/6
f 4162/4/6 4142/4/6 4163/4/6
f 4142/2/6 4143/2/6 4163/2/6
f 4144/4/6 4145/4/6 4164/4/6
f 4163/2/6 4144/2/6 4164/2/6
f 4145/4/6 4146/4/6 4164/4/6
f 4164/4/6 4146/4/6 4165/4/6
f 4146/2/6 4147/2/6 4166/2/6
f 4165/4/6 4146/4/6 4166/4/6
f 4147/4/6 4148/4/6 4167/4/6
f 4166/2/6 4147/2/6 4167/2/6
f 4167/4/6 4148/4/6 4168/4/6
f 4149/4/6 4150/4/6 4169/4/6
f 4148/2/6 4149/2/6 4169/2/6
f 4150/4/6 4151/4/6 4169/4/6
f 4169/4/6 4151/4/6 4170/4/6
f 4152/2/6 4153/2/6 4171/2/6
f 4170/4/6 4151/4/6 4171/4/6
f 4151/2/6 4152/2/6 4171/2/6
f 4171/2/6 4153/2/6 4172/2/6
f 4154/4/6 4155/4/6 4173/4/6
f 4172/2/6 4153/2/6 4173/2/6
f 4153/4/6 4154/4/6 4173/4/6
f 4173/4/6 4155/4/6 4174/4/6
f 4156/2/6 4157/2/6 4175/2/6
f 4174/4/6 4155/4/6 4175/4/6
f 4155/2/6 4156/2/6 4175/2/6
f 4175/2/6 4157/2/6 4176/2/6
f 4158/4/6 4159/4/6 4177/4/6
f 4176/2/6 4157/2/6 4177/2/6
f 4157/4/6 4158/4/6 4177/4/6
f 4177/4/6 4159/4/6 4178/4/6
f 4138/4/6 4139/4/6 4179/4/6
f 4160/2/6 4161/2/6 4180/2/6
f 4179/4/6 4139/4/6 4180/4/6
f 4139/2/6 4160/2/6 4180/2/6
f 4180/2/6 4161/2/6 4181/2/6
f 4161/4/6 4162/4/6 4182/4/6
f 4181/2/6 4161/2/6 4182/2/6
f 4162/2/6 4163/2/6 4183/2/6
f 4182/4/6 4162/4/6 4183/4/6
f 4164/2/6 4165/2/6 4183/2/6
f 4163/2/6 4164/2/6 4183/2/6
f 4183/2/6 4165/2/6 4184/2/6
f 4166/4/6 4167/4/6 4185/4/6
f 4184/2/6 4165/2/6 4185/2/6
f 4165/4/6 4166/4/6 4185/4/6
f 4167/2/6 4168/2/6 4186/2/6
f 4185/4/6 4167/4/6 4186/4/6
f 4168/4/6 4148/4/6 4187/4/6
f 4186/2/6 4168/2/6 4187/2/6
f 4169/2/6 4170/2/6 4188/2/6
f 4187/4/6 4148/4/6 4188/4/6
f 4148/2/6 4169/2/6 4188/2/6
f 4171/4/6 4172/4/6 4189/4/6
f 4188/2/6 4170/2/6 4189/2/6
f 4170/4/6 4171/4/6 4189/4/6
f 4173/2/6 4174/2/6 4190/2/6
f 4189/4/6 4172/4/6 4190/4/6
f 4172/2/6 4173/2/6 4190/2/6
f 4190/2/6 4174/2/6 4191/2/6
f 4175/4/6 4176/4/6 4192/4/6
f 4191/2/6 4174/2/6 4192/2/6
f 4174/4/6 4175/4/6 4192/4/6
f 4176/2/6 4177/2/6 4193/2/6
f 4192/4/6 4176/4/6 4193/4/6
f 4177/2/6 4178/2/6 4193/2/6
f 4178/4/6 4159/4/6 4194/4/6
f 4193/2/6 4178/2/6 4194/2/6
f 4194/4/6 4159/4/6 4195/4/6
f 4195/4/6 4159/4/6 4196/4/6
f 4180/2/6 4181/2/6 4197/2/6
f 4179/2/6 4180/2/6 4197/2/6
f 4197/2/6 4181/2/6 4198/2/6
f 4198/2/6 4181/2/6 4199/2/6
f 4181/4/6 4182/4/6 4200/4/6
f 4199/2/6 4181/2/6 4200/2/6
f 4183/4/6 4184/4/6 4200/4/6
f 4182/4/6 4183/4/6 4200/4/6
f 4185/2/6 4186/2/6 4201/2/6
f 4200/4/6 4184/4/6 4201/4/6
f 4184/2/6 4185/2/6 4201/2/6
f 4201/2/6 4186/2/6 4202/2/6
f 4186/4/6 4187/4/6 4203/4/6
f 4202/2/6 4186/2/6 4203/2/6
f 4187/4/6 4188/4/6 4203/4/6
f 4190/4/6 4191/4/6 4203/4/6
f 4188/4/6 4189/4/6 4203/4/6
f 4189/4/6 4190/4/6 4203/4/6
f 4203/4/6 4191/4/6 4204/4/6
f 4204/4/6 4191/4/6 4205/4/6
f 4205/4/6 4191/4/6 4206/4/6
f 4192/2/6 4193/2/6 4207/2/6
f 4206/4/6 4191/4/6 4207/4/6
f 4191/2/6 4192/2/6 4207/2/6
f 4207/2/6 4193/2/6 4208/2/6
f 4194/4/6 4195/4/6 4209/4/6
f 4193/4/6 4194/4/6 4209/4/6
f 4195/2/6 4196/2/6 4209/2/6
f 4209/2/6 4196/2/6 4210/2/6
f 4198/2/6 4199/2/6 4211/2/6
f 4197/4/6 4198/4/6 4211/4/6
f 4201/4/6 4202/4/6 4212/4/6
f 4211/2/6 4199/2/6 4212/2/6
f 4199/4/6 4200/4/6 4212/4/6
f 4200/4/6 4201/4/6 4212/4/6
f 4212/4/6 4202/4/6 4213/4/6
f 4213/4/6 4202/4/6 4214/4/6
f 4203/2/6 4204/2/6 4215/2/6
f 4214/4/6 4202/4/6 4215/4/6
f 4202/2/6 4203/2/6 4215/2/6
f 4215/2/6 4204/2/6 4216/2/6
f 4204/4/6 4205/4/6 4217/4/6
f 4216/2/6 4204/2/6 4217/2/6
f 4205/2/6 4206/2/6 4218/2/6
f 4217/4/6 4205/4/6 4218/4/6
f 4207/4/6 4208/4/6 4219/4/6
f 4218/2/6 4206/2/6 4219/2/6
f 4206/4/6 4207/4/6 4219/4/6
f 4219/4/6 4208/4/6 4220/4/6
f 4208/2/6 4193/2/6 4221/2/6
f 4220/4/6 4208/4/6 4221/4/6
f 4193/4/6 4209/4/6 4222/4/6
f 4221/2/6 4193/2/6 4222/2/6
f 4209/4/6 4210/4/6 4222/4/6
f 4222/4/6 4210/4/6 4223/4/6
f 4223/4/6 4210/4/6 4224/4/6
f 4212/4/6 4213/4/6 4225/4/6
f 4211/4/6 4212/4/6 4225/4/6
f 4213/2/6 4214/2/6 4226/2/6
f 4225/4/6 4213/4/6 4226/4/6
f 4214/4/6 4215/4/6 4227/4/6
f 4226/2/6 4214/2/6 4227/2/6
f 4215/4/6 4216/4/6 4227/4/6
f 4219/2/6 4220/2/6 4228/2/6
f 4227/4/6 4216/4/6 4228/4/6
f 4217/2/6 4218/2/6 4228/2/6
f 4216/2/6 4217/2/6 4228/2/6
f 4218/2/6 4219/2/6 4228/2/6
f 4220/4/6 4221/4/6 4229/4/6
f 4228/2/6 4220/2/6 4229/2/6
f 4221/4/6 4222/4/6 4229/4/6
f 4222/4/6 4223/4/6 4229/4/6
f 4229/4/6 4223/4/6 4230/4/6
f 4230/4/6 4223/4/6 4231/4/6
f 4231/4/6 4223/4/6 4232/4/6
f 4223/2/6 4224/2/6 4233/2/6
f 4224/4/6 4210/4/6 4233/4/6
f 4233/4/6 4210/4/6 4234/4/6
f 4234/4/6 4210/4/6 4235/4/6
f 4235/4/6 4210/4/6 4236/4/6
f 4211/4/6 4225/4/6 4237/4/6
f 4227/2/6 4228/2/6 4238/2/6
f 4237/4/6 4225/4/6 4238/4/6
f 4226/2/6 4227/2/6 4238/2/6
f 4225/2/6 4226/2/6 4238/2/6
f 4228/2/6 4229/2/6 4238/2/6
f 4229/2/6 4230/2/6 4238/2/6
f 4238/2/6 4230/2/6 4239/2/6
f 4239/2/6 4230/2/6 4240/2/6
f 4230/4/6 4231/4/6 4241/4/6
f 4240/2/6 4230/2/6 4241/2/6
f 4241/4/6 4231/4/6 4242/4/6
f 4231/2/6 4232/2/6 4243/2/6
f 4242/4/6 4231/4/6 4243/4/6
f 4243/2/6 4232/2/6 4244/2/6
f 4232/4/6 4223/4/6 4245/4/6
f 4244/2/6 4232/2/6 4245/2/6
f 4245/4/6 4223/4/6 4246/4/6
f 4233/2/6 4234/2/6 4247/2/6
f 4246/4/6 4223/4/6 4247/4/6
f 4223/2/6 4233/2/6 4247/2/6
f 4247/2/6 4234/2/6 4248/2/6
f 4234/4/6 4235/4/6 4249/4/6
f 4248/2/6 4234/2/6 4249/2/6
f 4235/2/6 4236/2/6 4250/2/6
f 4249/4/6 4235/4/6 4250/4/6
f 4197/4/6 4211/4/6 4251/4/6
f 4211/4/6 4237/4/6 4251/4/6
f 4237/2/6 4238/2/6 4252/2/6
f 4251/4/6 4237/4/6 4252/4/6
f 4238/2/6 4239/2/6 4252/2/6
f 4252/2/6 4239/2/6 4253/2/6
f 4239/4/6 4240/4/6 4254/4/6
f 4253/2/6 4239/2/6 4254/2/6
f 4254/4/6 4240/4/6 4255/4/6
f 4255/4/6 4240/4/6 4256/4/6
f 4241/2/6 4242/2/6 4257/2/6
f 4256/4/6 4240/4/6 4257/4/6
f 4240/2/6 4241/2/6 4257/2/6
f 4257/2/6 4242/2/6 4258/2/6
f 4243/4/6 4244/4/6 4259/4/6
f 4258/2/6 4242/2/6 4259/2/6
f 4242/4/6 4243/4/6 4259/4/6
f 4259/4/6 4244/4/6 4260/4/6
f 4245/2/6 4246/2/6 4261/2/6
f 4260/4/6 4244/4/6 4261/4/6
f 4244/2/6 4245/2/6 4261/2/6
f 4261/2/6 4246/2/6 4262/2/6
f 4247/4/6 4248/4/6 4263/4/6
f 4262/2/6 4246/2/6 4263/2/6
f 4246/4/6 4247/4/6 4263/4/6
f 4263/4/6 4248/4/6 4264/4/6
f 4249/2/6 4250/2/6 4265/2/6
f 4264/4/6 4248/4/6 4265/4/6
f 4248/2/6 4249/2/6 4265/2/6
f 4250/2/6 4236/2/6 4266/2/6
f 4265/2/6 4250/2/6 4266/2/6
f 4252/2/6 4253/2/6 4267/2/6
f 4197/4/6 4251/4/6 4267/4/6
f 4251/2/6 4252/2/6 4267/2/6
f 4267/2/6 4253/2/6 4268/2/6
f 4268/2/6 4253/2/6 4269/2/6
f 4254/4/6 4255/4/6 4270/4/6
f 4269/2/6 4253/2/6 4270/2/6
f 4253/4/6 4254/4/6 4270/4/6
f 4270/4/6 4255/4/6 4271/4/6
f 4271/4/6 4255/4/6 4272/4/6
f 4272/4/6 4255/4/6 4273/4/6
f 4255/2/6 4256/2/6 4274/2/6
f 4273/4/6 4255/4/6 4274/4/6
f 4274/2/6 4256/2/6 4275/2/6
f 4257/4/6 4258/4/6 4276/4/6
f 4275/2/6 4256/2/6 4276/2/6
f 4256/4/6 4257/4/6 4276/4/6
f 4276/4/6 4258/4/6 4277/4/6
f 4259/2/6 4260/2/6 4278/2/6
f 4277/4/6 4258/4/6 4278/4/6
f 4258/2/6 4259/2/6 4278/2/6
f 4278/2/6 4260/2/6 4279/2/6
f 4261/4/6 4262/4/6 4280/4/6
f 4279/2/6 4260/2/6 4280/2/6
f 4260/4/6 4261/4/6 4280/4/6
f 4280/4/6 4262/4/6 4281/4/6
f 4263/2/6 4264/2/6 4282/2/6
f 4281/4/6 4262/4/6 4282/4/6
f 4262/2/6 4263/2/6 4282/2/6
f 4264/4/6 4265/4/6 4283/4/6
f 4282/2/6 4264/2/6 4283/2/6
f 4265/4/6 4266/4/6 4283/4/6
f 4283/4/6 4266/4/6 4284/4/6
f 4266/2/6 4236/2/6 4285/2/6
f 4284/4/6 4266/4/6 4285/4/6
f 4285/2/6 4236/2/6 4286/2/6
f 4268/2/6 4269/2/6 4287/2/6
f 4267/4/6 4268/4/6 4287/4/6
f 4269/4/6 4270/4/6 4288/4/6
f 4287/2/6 4269/2/6 4288/2/6
f 4270/4/6 4271/4/6 4288/4/6
f 4288/4/6 4271/4/6 4289/4/6
f 4271/2/6 4272/2/6 4290/2/6
f 4289/4/6 4271/4/6 4290/4/6
f 4272/4/6 4273/4/6 4291/4/6
f 4290/2/6 4272/2/6 4291/2/6
f 4273/2/6 4274/2/6 4292/2/6
f 4291/4/6 4273/4/6 4292/4/6
f 4274/4/6 4275/4/6 4293/4/6
f 4292/2/6 4274/2/6 4293/2/6
f 4293/4/6 4275/4/6 4294/4/6
f 4276/2/6 4277/2/6 4295/2/6
f 4275/2/6 4276/2/6 4295/2/6
f 4278/4/6 4279/4/6 4296/4/6
f 4295/2/6 4277/2/6 4296/2/6
f 4277/4/6 4278/4/6 4296/4/6
f 4280/2/6 4281/2/6 4297/2/6
f 4296/4/6 4279/4/6 4297/4/6
f 4279/2/6 4280/2/6 4297/2/6
f 4297/2/6 4281/2/6 4298/2/6
f 4281/4/6 4282/4/6 4299/4/6
f 4298/2/6 4281/2/6 4299/2/6
f 4282/4/6 4283/4/6 4299/4/6
f 4299/4/6 4283/4/6 4300/4/6
f 4283/2/6 4284/2/6 4301/2/6
f 4300/4/6 4283/4/6 4301/4/6
f 4285/4/6 4286/4/6 4302/4/6
f 4301/2/6 4284/2/6 4302/2/6
f 4284/4/6 4285/4/6 4302/4/6
f 4287/4/6 4288/4/6 4303/4/6
f 4288/4/6 4289/4/6 4303/4/6
f 4197/4/6 4267/4/6 4303/4/6
f 4267/4/6 4287/4/6 4303/4/6
f 4303/4/6 4289/4/6 4304/4/6
f 4304/4/6 4289/4/6 4305/4/6
f 4305/4/6 4289/4/6 4306/4/6
f 4291/2/6 4292/2/6 4307/2/6
f 4306/4/6 4289/4/6 4307/4/6
f 4289/2/6 4290/2/6 4307/2/6
f 4293/2/6 4294/2/6 4307/2/6
f 4292/2/6 4293/2/6 4307/2/6
f 4290/2/6 4291/2/6 4307/2/6
f 4307/2/6 4294/2/6 4308/2/6
f 4294/4/6 4275/4/6 4309/4/6
f 4308/2/6 4294/2/6 4309/2/6
f 4275/2/6 4295/2/6 4310/2/6
f 4309/4/6 4275/4/6 4310/4/6
f 4310/2/6 4295/2/6 4311/2/6
f 4297/4/6 4298/4/6 4312/4/6
f 4311/2/6 4295/2/6 4312/2/6
f 4295/4/6 4296/4/6 4312/4/6
f 4296/4/6 4297/4/6 4312/4/6
f 4312/4/6 4298/4/6 4313/4/6
f 4313/4/6 4298/4/6 4314/4/6
f 4299/2/6 4300/2/6 4315/2/6
f 4301/4/6 4302/4/6 4315/4/6
f 4298/2/6 4299/2/6 4315/2/6
f 4300/4/6 4301/4/6 4315/4/6
f 4302/4/6 4286/4/6 4316/4/6
f 4315/4/6 4302/4/6 4316/4/6
f 4304/4/6 4305/4/6 4317/4/6
f 4303/2/6 4304/2/6 4317/2/6
f 4305/2/6 4306/2/6 4318/2/6
f 4317/4/6 4305/4/6 4318/4/6
f 4307/4/6 4308/4/6 4319/4/6
f 4318/2/6 4306/2/6 4319/2/6
f 4306/4/6 4307/4/6 4319/4/6
f 4319/4/6 4308/4/6 4320/4/6
f 4310/2/6 4311/2/6 4321/2/6
f 4320/4/6 4308/4/6 4321/4/6
f 4309/2/6 4310/2/6 4321/2/6
f 4308/2/6 4309/2/6 4321/2/6
f 4311/4/6 4312/4/6 4322/4/6
f 4321/2/6 4311/2/6 4322/2/6
f 4312/4/6 4313/4/6 4322/4/6
f 4313/2/6 4314/2/6 4323/2/6
f 4322/4/6 4313/4/6 4323/4/6
f 4314/4/6 4298/4/6 4324/4/6
f 4323/2/6 4314/2/6 4324/2/6
f 4298/2/6 4315/2/6 4325/2/6
f 4324/4/6 4298/4/6 4325/4/6
f 4315/2/6 4316/2/6 4325/2/6
f 4316/4/6 4286/4/6 4326/4/6
f 4325/2/6 4316/2/6 4326/2/6
f 4326/4/6 4286/4/6 4327/4/6
f 4319/2/6 4320/2/6 4328/2/6
f 4318/2/6 4319/2/6 4328/2/6
f 4317/2/6 4318/2/6 4328/2/6
f 4323/4/6 4324/4/6 4329/4/6
f 4328/2/6 4320/2/6 4329/2/6
f 4320/4/6 4321/4/6 4329/4/6
f 4322/4/6 4323/4/6 4329/4/6
f 4321/4/6 4322/4/6 4329/4/6
f 4329/4/6 4324/4/6 4330/4/6
f 4330/4/6 4324/4/6 4331/4/6
f 4326/2/6 4327/2/6 4332/2/6
f 4331/4/6 4324/4/6 4332/4/6
f 4324/2/6 4325/2/6 4332/2/6
f 4325/2/6 4326/2/6 4332/2/6
f 4327/4/6 4286/4/6 4333/4/6
f 4332/2/6 4327/2/6 4333/2/6
f 4333/4/6 4286/4/6 4334/4/6
f 4317/2/6 4328/2/6 4335/2/6
f 4328/4/6 4329/4/6 4336/4/6
f 4335/2/6 4328/2/6 4336/2/6
f 4336/4/6 4329/4/6 4337/4/6
f 4337/4/6 4329/4/6 4338/4/6
f 4330/4/6 4331/4/6 4339/4/6
f 4329/2/6 4330/2/6 4339/2/6
f 4331/2/6 4332/2/6 4340/2/6
f 4339/4/6 4331/4/6 4340/4/6
f 4332/2/6 4333/2/6 4340/2/6
f 4333/2/6 4334/2/6 4340/2/6
f 4340/2/6 4334/2/6 4341/2/6
f 4341/2/6 4334/2/6 4342/2/6
f 4334/4/6 4286/4/6 4343/4/6
f 4342/2/6 4334/2/6 4343/2/6
f 4343/4/6 4286/4/6 4344/4/6
f 4303/2/6 4317/2/6 4345/2/6
f 4317/2/6 4335/2/6 4345/2/6
f 4345/2/6 4335/2/6 4346/2/6
f 4336/4/6 4337/4/6 4347/4/6
f 4346/2/6 4335/2/6 4347/2/6
f 4335/4/6 4336/4/6 4347/4/6
f 4337/2/6 4338/2/6 4348/2/6
f 4347/4/6 4337/4/6 4348/4/6
f 4338/4/6 4329/4/6 4349/4/6
f 4348/2/6 4338/2/6 4349/2/6
f 4329/2/6 4339/2/6 4350/2/6
f 4349/4/6 4329/4/6 4350/4/6
f 4339/2/6 4340/2/6 4350/2/6
f 4340/2/6 4341/2/6 4350/2/6
f 4350/2/6 4341/2/6 4351/2/6
f 4351/2/6 4341/2/6 4352/2/6
f 4341/4/6 4342/4/6 4353/4/6
f 4352/2/6 4341/2/6 4353/2/6
f 4343/2/6 4344/2/6 4354/2/6
f 4353/4/6 4342/4/6 4354/4/6
f 4342/2/6 4343/2/6 4354/2/6
f 4354/2/6 4344/2/6 4355/2/6
f 4348/2/6 4349/2/6 4356/2/6
f 4347/2/6 4348/2/6 4356/2/6
f 4346/2/6 4347/2/6 4356/2/6
f 4345/4/6 4346/4/6 4356/4/6
f 4349/2/6 4350/2/6 4356/2/6
f 4356/2/6 4350/2/6 4357/2/6
f 4357/2/6 4350/2/6 4358/2/6
f 4350/4/6 4351/4/6 4359/4/6
f 4358/2/6 4350/2/6 4359/2/6
f 4359/4/6 4351/4/6 4360/4/6
f 4351/2/6 4352/2/6 4361/2/6
f 4360/4/6 4351/4/6 4361/4/6
f 4361/2/6 4352/2/6 4362/2/6
f 4354/4/6 4355/4/6 4363/4/6
f 4362/2/6 4352/2/6 4363/2/6
f 4353/4/6 4354/4/6 4363/4/6
f 4352/4/6 4353/4/6 4363/4/6
f 4363/4/6 4355/4/6 4364/4/6
f 4364/4/6 4355/4/6 4365/4/6
f 4365/4/6 4355/4/6 4366/4/6
f 4355/2/6 4344/2/6 4367/2/6
f 4366/4/6 4355/4/6 4367/4/6
f 4367/2/6 4344/2/6 4368/2/6
f 4345/4/6 4356/4/6 4369/4/6
f 4356/4/6 4357/4/6 4369/4/6
f 4357/2/6 4358/2/6 4370/2/6
f 4369/4/6 4357/4/6 4370/4/6
f 4358/4/6 4359/4/6 4371/4/6
f 4359/2/6 4360/2/6 4372/2/6
f 4371/4/6 4359/4/6 4372/4/6
f 4361/4/6 4362/4/6 4373/4/6
f 4372/2/6 4360/2/6 4373/2/6
f 4360/4/6 4361/4/6 4373/4/6
f 4373/4/6 4362/4/6 4374/4/6
f 4362/2/6 4363/2/6 4375/2/6
f 4374/4/6 4362/4/6 4375/4/6
f 4363/2/6 4364/2/6 4375/2/6
f 4375/2/6 4364/2/6 4376/2/6
f 4376/2/6 4364/2/6 4377/2/6
f 4377/2/6 4364/2/6 4378/2/6
f 4364/4/6 4365/4/6 4379/4/6
f 4378/2/6 4364/2/6 4379/2/6
f 4379/4/6 4365/4/6 4380/4/6
f 4365/2/6 4366/2/6 4381/2/6
f 4380/4/6 4365/4/6 4381/4/6
f 4381/2/6 4366/2/6 4382/2/6
f 4367/4/6 4368/4/6 4383/4/6
f 4366/4/6 4367/4/6 4383/4/6
f 4383/4/6 4368/4/6 4384/4/6
f 4369/2/6 4370/2/6 4385/2/6
f 4345/4/6 4369/4/6 4385/4/6
f 4370/2/6 4358/2/6 4386/2/6
f 4385/2/6 4370/2/6 4386/2/6
f 4358/4/6 4371/4/6 4387/4/6
f 4386/2/6 4358/2/6 4387/2/6
f 4371/2/6 4372/2/6 4388/2/6
f 4387/4/6 4371/4/6 4388/4/6
f 4373/2/6 4374/2/6 4388/2/6
f 4372/2/6 4373/2/6 4388/2/6
f 4388/2/6 4374/2/6 4389/2/6
f 4374/4/6 4375/4/6 4390/4/6
f 4389/2/6 4374/2/6 4390/2/6
f 4375/4/6 4376/4/6 4390/4/6
f 4376/2/6 4377/2/6 4391/2/6
f 4390/4/6 4376/4/6 4391/4/6
f 4377/4/6 4378/4/6 4392/4/6
f 4391/2/6 4377/2/6 4392/2/6
f 4392/4/6 4378/4/6 4393/4/6
f 4379/2/6 4380/2/6 4394/2/6
f 4393/4/6 4378/4/6 4394/4/6
f 4378/2/6 4379/2/6 4394/2/6
f 4394/2/6 4380/2/6 4395/2/6
f 4380/4/6 4381/4/6 4396/4/6
f 4395/2/6 4380/2/6 4396/2/6
f 4381/4/6 4382/4/6 4396/4/6
f 4396/4/6 4382/4/6 4397/4/6
f 4382/2/6 4366/2/6 4398/2/6
f 4397/4/6 4382/4/6 4398/4/6
f 4398/2/6 4366/2/6 4399/2/6
f 4366/4/6 4383/4/6 4400/4/6
f 4399/2/6 4366/2/6 4400/2/6
f 4400/4/6 4383/4/6 4401/4/6
f 4383/2/6 4384/2/6 4402/2/6
f 4401/4/6 4383/4/6 4402/4/6
f 4386/2/6 4387/2/6 4403/2/6
f 4385/4/6 4386/4/6 4403/4/6
f 4388/2/6 4389/2/6 4403/2/6
f 4387/2/6 4388/2/6 4403/2/6
f 4403/2/6 4389/2/6 4404/2/6
f 4404/2/6 4389/2/6 4405/2/6
f 4392/4/6 4393/4/6 4406/4/6
f 4405/2/6 4389/2/6 4406/2/6
f 4390/4/6 4391/4/6 4406/4/6
f 4389/4/6 4390/4/6 4406/4/6
f 4391/4/6 4392/4/6 4406/4/6
f 4406/4/6 4393/4/6 4407/4/6
f 4394/2/6 4395/2/6 4408/2/6
f 4407/4/6 4393/4/6 4408/4/6
f 4393/2/6 4394/2/6 4408/2/6
f 4408/2/6 4395/2/6 4409/2/6
f 4396/4/6 4397/4/6 4410/4/6
f 4409/2/6 4395/2/6 4410/2/6
f 4395/4/6 4396/4/6 4410/4/6
f 4410/4/6 4397/4/6 4411/4/6
f 4398/2/6 4399/2/6 4412/2/6
f 4411/4/6 4397/4/6 4412/4/6
f 4397/2/6 4398/2/6 4412/2/6
f 4412/2/6 4399/2/6 4413/2/6
f 4400/4/6 4401/4/6 4414/4/6
f 4413/2/6 4399/2/6 4414/2/6
f 4399/4/6 4400/4/6 4414/4/6
f 4414/4/6 4401/4/6 4415/4/6
f 4401/2/6 4402/2/6 4416/2/6
f 4415/4/6 4401/4/6 4416/4/6
f 4416/2/6 4402/2/6 4417/2/6
f 4402/2/6 4384/2/6 4418/2/6
f 4417/2/6 4402/2/6 4418/2/6
f 4345/4/6 4385/4/6 4419/4/6
f 4403/4/6 4404/4/6 4419/4/6
f 4385/4/6 4403/4/6 4419/4/6
f 4419/4/6 4404/4/6 4420/4/6
f 4404/2/6 4405/2/6 4421/2/6
f 4420/4/6 4404/4/6 4421/4/6
f 4421/2/6 4405/2/6 4422/2/6
f 4422/2/6 4405/2/6 4423/2/6
f 4406/4/6 4407/4/6 4424/4/6
f 4423/2/6 4405/2/6 4424/2/6
f 4405/4/6 4406/4/6 4424/4/6
f 4424/4/6 4407/4/6 4425/4/6
f 4408/2/6 4409/2/6 4426/2/6
f 4425/4/6 4407/4/6 4426/4/6
f 4407/2/6 4408/2/6 4426/2/6
f 4426/2/6 4409/2/6 4427/2/6
f 4410/4/6 4411/4/6 4428/4/6
f 4427/2/6 4409/2/6 4428/2/6
f 4409/4/6 4410/4/6 4428/4/6
f 4412/2/6 4413/2/6 4429/2/6
f 4428/4/6 4411/4/6 4429/4/6
f 4411/2/6 4412/2/6 4429/2/6
f 4414/4/6 4415/4/6 4430/4/6
f 4429/2/6 4413/2/6 4430/2/6
f 4413/4/6 4414/4/6 4430/4/6
f 4430/4/6 4415/4/6 4431/4/6
f 4416/2/6 4417/2/6 4432/2/6
f 4431/4/6 4415/4/6 4432/4/6
f 4415/2/6 4416/2/6 4432/2/6
f 4432/2/6 4417/2/6 4433/2/6
f 4417/4/6 4418/4/6 4434/4/6
f 4433/2/6 4417/2/6 4434/2/6
f 4418/2/6 4384/2/6 4435/2/6
f 4434/4/6 4418/4/6 4435/4/6
f 4435/2/6 4384/2/6 4436/2/6
f 4345/4/6 4419/4/6 4437/4/6
f 4419/2/6 4420/2/6 4438/2/6
f 4437/4/6 4419/4/6 4438/4/6
f 4421/4/6 4422/4/6 4439/4/6
f 4438/2/6 4420/2/6 4439/2/6
f 4420/4/6 4421/4/6 4439/4/6
f 4422/2/6 4423/2/6 4440/2/6
f 4439/4/6 4422/4/6 4440/4/6
f 4424/4/6 4425/4/6 4441/4/6
f 4440/2/6 4423/2/6 4441/2/6
f 4423/4/6 4424/4/6 4441/4/6
f 4441/4/6 4425/4/6 4442/4/6
f 4426/2/6 4427/2/6 4443/2/6
f 4442/4/6 4425/4/6 4443/4/6
f 4425/2/6 4426/2/6 4443/2/6
f 4443/2/6 4427/2/6 4444/2/6
f 4444/2/6 4427/2/6 4445/2/6
f 4445/2/6 4427/2/6 4446/2/6
f 4430/4/6 4431/4/6 4447/4/6
f 4446/2/6 4427/2/6 4447/2/6
f 4428/4/6 4429/4/6 4447/4/6
f 4427/4/6 4428/4/6 4447/4/6
f 4429/4/6 4430/4/6 4447/4/6
f 4447/4/6 4431/4/6 4448/4/6
f 4432/2/6 4433/2/6 4449/2/6
f 4448/4/6 4431/4/6 4449/4/6
f 4431/2/6 4432/2/6 4449/2/6
f 4433/4/6 4434/4/6 4450/4/6
f 4449/2/6 4433/2/6 4450/2/6
f 4435/4/6 4436/4/6 4450/4/6
f 4434/4/6 4435/4/6 4450/4/6
f 4450/4/6 4436/4/6 4451/4/6
f 4451/4/6 4436/4/6 4452/4/6
f 4439/4/6 4440/4/6 4453/4/6
f 4441/4/6 4442/4/6 4453/4/6
f 4438/4/6 4439/4/6 4453/4/6
f 4440/4/6 4441/4/6 4453/4/6
f 4453/4/6 4442/4/6 4454/4/6
f 4454/4/6 4442/4/6 4455/4/6
f 4443/2/6 4444/2/6 4456/2/6
f 4455/4/6 4442/4/6 4456/4/6
f 4442/2/6 4443/2/6 4456/2/6
f 4456/2/6 4444/2/6 4457/2/6
f 4444/4/6 4445/4/6 4458/4/6
f 4457/2/6 4444/2/6 4458/2/6
f 4445/2/6 4446/2/6 4459/2/6
f 4458/4/6 4445/4/6 4459/4/6
f 4447/4/6 4448/4/6 4460/4/6
f 4459/2/6 4446/2/6 4460/2/6
f 4446/4/6 4447/4/6 4460/4/6
f 4460/4/6 4448/4/6 4461/4/6
f 4448/2/6 4449/2/6 4462/2/6
f 4461/4/6 4448/4/6 4462/4/6
f 4462/2/6 4449/2/6 4463/2/6
f 4450/4/6 4451/4/6 4464/4/6
f 4463/2/6 4449/2/6 4464/2/6
f 4449/4/6 4450/4/6 4464/4/6
f 4451/2/6 4452/2/6 4465/2/6
f 4464/4/6 4451/4/6 4465/4/6
f 4465/2/6 4452/2/6 4466/2/6
f 4454/4/6 4455/4/6 4467/4/6
f 4453/2/6 4454/2/6 4467/2/6
f 4467/4/6 4455/4/6 4468/4/6
f 4468/4/6 4455/4/6 4469/4/6
f 4456/2/6 4457/2/6 4470/2/6
f 4469/4/6 4455/4/6 4470/4/6
f 4455/2/6 4456/2/6 4470/2/6
f 4470/2/6 4457/2/6 4471/2/6
f 4457/4/6 4458/4/6 4472/4/6
f 4471/2/6 4457/2/6 4472/2/6
f 4460/4/6 4461/4/6 4472/4/6
f 4458/4/6 4459/4/6 4472/4/6
f 4459/4/6 4460/4/6 4472/4/6
f 4472/4/6 4461/4/6 4473/4/6
f 4473/4/6 4461/4/6 4474/4/6
f 4474/4/6 4461/4/6 4475/4/6
f 4475/4/6 4461/4/6 4476/4/6
f 4462/2/6 4463/2/6 4477/2/6
f 4476/4/6 4461/4/6 4477/4/6
f 4461/2/6 4462/2/6 4477/2/6
f 4477/2/6 4463/2/6 4478/2/6
f 4463/4/6 4464/4/6 4479/4/6
f 4478/2/6 4463/2/6 4479/2/6
f 4465/4/6 4466/4/6 4479/4/6
f 4464/4/6 4465/4/6 4479/4/6
f 4479/4/6 4466/4/6 4480/4/6
f 4480/4/6 4466/4/6 4481/4/6
f 4453/2/6 4467/2/6 4482/2/6
f 4467/2/6 4468/2/6 4482/2/6
f 4468/4/6 4469/4/6 4483/4/6
f 4482/2/6 4468/2/6 4483/2/6
f 4470/2/6 4471/2/6 4484/2/6
f 4483/4/6 4469/4/6 4484/4/6
f 4469/2/6 4470/2/6 4484/2/6
f 4484/2/6 4471/2/6 4485/2/6
f 4485/2/6 4471/2/6 4486/2/6
f 4471/4/6 4472/4/6 4487/4/6
f 4486/2/6 4471/2/6 4487/2/6
f 4487/4/6 4472/4/6 4488/4/6
f 4472/2/6 4473/2/6 4489/2/6
f 4488/4/6 4472/4/6 4489/4/6
f 4473/4/6 4474/4/6 4490/4/6
f 4489/2/6 4473/2/6 4490/2/6
f 4474/2/6 4475/2/6 4491/2/6
f 4475/4/6 4476/4/6 4492/4/6
f 4491/2/6 4475/2/6 4492/2/6
f 4492/4/6 4476/4/6 4493/4/6
f 4477/2/6 4478/2/6 4494/2/6
f 4493/4/6 4476/4/6 4494/4/6
f 4476/2/6 4477/2/6 4494/2/6
f 4494/2/6 4478/2/6 4495/2/6
f 4479/4/6 4480/4/6 4496/4/6
f 4495/2/6 4478/2/6 4496/2/6
f 4478/4/6 4479/4/6 4496/4/6
f 4496/4/6 4480/4/6 4497/4/6
f 4480/2/6 4481/2/6 4498/2/6
f 4497/4/6 4480/4/6 4498/4/6
f 4481/4/6 4466/4/6 4499/4/6
f 4498/2/6 4481/2/6 4499/2/6
f 4437/2/6 4438/2/6 4500/2/6
f 4438/4/6 4453/4/6 4501/4/6
f 4500/2/6 4438/2/6 4501/2/6
f 4453/2/6 4482/2/6 4502/2/6
f 4501/4/6 4453/4/6 4502/4/6
f 4482/4/6 4483/4/6 4503/4/6
f 4502/2/6 4482/2/6 4503/2/6
f 4483/4/6 4484/4/6 4503/4/6
f 4484/4/6 4485/4/6 4503/4/6
f 4503/4/6 4485/4/6 4504/4/6
f 4485/2/6 4486/2/6 4505/2/6
f 4504/4/6 4485/4/6 4505/4/6
f 4505/2/6 4486/2/6 4506/2/6
f 4487/4/6 4488/4/6 4507/4/6
f 4506/2/6 4486/2/6 4507/2/6
f 4486/4/6 4487/4/6 4507/4/6
f 4507/4/6 4488/4/6 4508/4/6
f 4488/2/6 4489/2/6 4509/2/6
f 4508/4/6 4488/4/6 4509/4/6
f 4489/4/6 4490/4/6 4510/4/6
f 4509/2/6 4489/2/6 4510/2/6
f 4474/2/6 4491/2/6 4511/2/6
f 4510/4/6 4490/4/6 4511/4/6
f 4490/4/6 4474/4/6 4511/4/6
f 4492/4/6 4493/4/6 4512/4/6
f 4511/2/6 4491/2/6 4512/2/6
f 4491/4/6 4492/4/6 4512/4/6
f 4512/4/6 4493/4/6 4513/4/6
f 4494/2/6 4495/2/6 4514/2/6
f 4513/4/6 4493/4/6 4514/4/6
f 4493/2/6 4494/2/6 4514/2/6
f 4496/4/6 4497/4/6 4515/4/6
f 4514/2/6 4495/2/6 4515/2/6
f 4495/4/6 4496/4/6 4515/4/6
f 4515/4/6 4497/4/6 4516/4/6
f 4497/2/6 4498/2/6 4517/2/6
f 4516/4/6 4497/4/6 4517/4/6
f 4517/2/6 4498/2/6 4518/2/6
f 4498/4/6 4499/4/6 4519/4/6
f 4518/2/6 4498/2/6 4519/2/6
f 4519/4/6 4499/4/6 4520/4/6
f 4499/4/6 4466/4/6 4521/4/6
f 4520/4/6 4499/4/6 4521/4/6
f 4501/4/6 4502/4/6 4522/4/6
f 4500/4/6 4501/4/6 4522/4/6
f 4502/4/6 4503/4/6 4522/4/6
f 4503/4/6 4504/4/6 4522/4/6
f 4505/2/6 4506/2/6 4523/2/6
f 4522/4/6 4504/4/6 4523/4/6
f 4504/2/6 4505/2/6 4523/2/6
f 4523/2/6 4506/2/6 4524/2/6
f 4506/4/6 4507/4/6 4525/4/6
f 4524/2/6 4506/2/6 4525/2/6
f 4507/4/6 4508/4/6 4525/4/6
f 4525/4/6 4508/4/6 4526/4/6
f 4526/4/6 4508/4/6 4527/4/6
f 4508/2/6 4509/2/6 4528/2/6
f 4527/4/6 4508/4/6 4528/4/6
f 4512/4/6 4513/4/6 4529/4/6
f 4528/2/6 4509/2/6 4529/2/6
f 4510/4/6 4511/4/6 4529/4/6
f 4509/4/6 4510/4/6 4529/4/6
f 4511/4/6 4512/4/6 4529/4/6
f 4529/4/6 4513/4/6 4530/4/6
f 4513/2/6 4514/2/6 4531/2/6
f 4530/4/6 4513/4/6 4531/4/6
f 4531/2/6 4514/2/6 4532/2/6
f 4515/4/6 4516/4/6 4533/4/6
f 4532/2/6 4514/2/6 4533/2/6
f 4514/4/6 4515/4/6 4533/4/6
f 4516/2/6 4517/2/6 4534/2/6
f 4533/4/6 4516/4/6 4534/4/6
f 4517/2/6 4518/2/6 4534/2/6
f 4519/4/6 4520/4/6 4535/4/6
f 4534/2/6 4518/2/6 4535/2/6
f 4518/4/6 4519/4/6 4535/4/6
f 4535/4/6 4520/4/6 4536/4/6
f 4536/4/6 4520/4/6 4537/4/6
f 4520/2/6 4521/2/6 4538/2/6
f 4537/4/6 4520/4/6 4538/4/6
f 4521/4/6 4466/4/6 4539/4/6
f 4538/2/6 4521/2/6 4539/2/6
f 4500/4/6 4522/4/6 4540/4/6
f 4537/4/6 4538/4/6 4541/4/6
f 4539/4/6 4466/4/6 4541/4/6
f 4538/4/6 4539/4/6 4541/4/6
f 4540/4/6 4522/4/6 4542/4/6
f 4542/4/6 4522/4/6 4543/4/6
f 4523/2/6 4524/2/6 4544/2/6
f 4543/4/6 4522/4/6 4544/4/6
f 4522/2/6 4523/2/6 4544/2/6
f 4544/2/6 4524/2/6 4545/2/6
f 4525/4/6 4526/4/6 4546/4/6
f 4545/2/6 4524/2/6 4546/2/6
f 4524/4/6 4525/4/6 4546/4/6
f 4546/4/6 4526/4/6 4547/4/6
f 4526/2/6 4527/2/6 4548/2/6
f 4547/4/6 4526/4/6 4548/4/6
f 4527/4/6 4528/4/6 4549/4/6
f 4548/2/6 4527/2/6 4549/2/6
f 4529/4/6 4530/4/6 4549/4/6
f 4528/4/6 4529/4/6 4549/4/6
f 4531/2/6 4532/2/6 4550/2/6
f 4549/4/6 4530/4/6 4550/4/6
f 4530/2/6 4531/2/6 4550/2/6
f 4550/2/6 4532/2/6 4551/2/6
f 4551/2/6 4532/2/6 4552/2/6
f 4552/2/6 4532/2/6 4553/2/6
f 4553/2/6 4532/2/6 4554/2/6
f 4554/2/6 4532/2/6 4555/2/6
f 4533/4/6 4534/4/6 4556/4/6
f 4555/2/6 4532/2/6 4556/2/6
f 4532/4/6 4533/4/6 4556/4/6
f 4535/4/6 4536/4/6 4556/4/6
f 4534/4/6 4535/4/6 4556/4/6
f 4556/4/6 4536/4/6 4557/4/6
f 4557/4/6 4536/4/6 4558/4/6
f 4536/2/6 4537/2/6 4559/2/6
f 4558/4/6 4536/4/6 4559/4/6
f 4537/4/6 4541/4/6 4560/4/6
f 4559/2/6 4537/2/6 4560/2/6
f 4560/4/6 4541/4/6 4561/4/6
f 4561/4/6 4541/4/6 4562/4/6
f 4563/4/6 4564/4/6 4567/4/6
f 4564/2/6 4565/2/6 4568/2/6
f 4567/4/6 4564/4/6 4568/4/6
f 4568/2/6 4565/2/6 4569/2/6
f 4569/2/6 4565/2/6 4570/2/6
f 4570/2/6 4565/2/6 4571/2/6
f 4571/2/6 4565/2/6 4572/2/6
f 4572/2/6 4565/2/6 4573/2/6
f 4573/2/6 4565/2/6 4574/2/6
f 4574/2/6 4565/2/6 4575/2/6
f 4575/2/6 4565/2/6 4576/2/6
f 4565/4/6 4566/4/6 4577/4/6
f 4576/2/6 4565/2/6 4577/2/6
f 4577/4/6 4566/4/6 4578/4/6
f 4568/4/6 4569/4/6 4579/4/6
f 4569/2/6 4570/2/6 4580/2/6
f 4579/4/6 4569/4/6 4580/4/6
f 4580/2/6 4570/2/6 4581/2/6
f 4581/2/6 4570/2/6 4582/2/6
f 4570/4/6 4571/4/6 4583/4/6
f 4582/2/6 4570/2/6 4583/2/6
f 4571/2/6 4572/2/6 4584/2/6
f 4583/4/6 4571/4/6 4584/4/6
f 4572/4/6 4573/4/6 4585/4/6
f 4584/2/6 4572/2/6 4585/2/6
f 4573/2/6 4574/2/6 4586/2/6
f 4585/4/6 4573/4/6 4586/4/6
f 4586/2/6 4574/2/6 4587/2/6
f 4587/2/6 4574/2/6 4588/2/6
f 4574/4/6 4575/4/6 4589/4/6
f 4588/2/6 4574/2/6 4589/2/6
f 4576/4/6 4577/4/6 4590/4/6
f 4581/2/6 4582/2/6 4591/2/6
f 4582/4/6 4583/4/6 4592/4/6
f 4591/2/6 4582/2/6 4592/2/6
f 4583/4/6 4584/4/6 4592/4/6
f 4584/4/6 4585/4/6 4592/4/6
f 4585/4/6 4586/4/6 4592/4/6
f 4586/4/6 4587/4/6 4592/4/6
f 4592/4/6 4587/4/6 4593/4/6
f 4593/4/6 4587/4/6 4594/4/6
f 4587/2/6 4588/2/6 4595/2/6
f 4594/4/6 4587/4/6 4595/4/6
f 4595/2/6 4588/2/6 4596/2/6
f 4579/4/6 4580/4/6 4597/4/6
f 4580/4/6 4581/4/6 4597/4/6
f 4597/4/6 4581/4/6 4598/4/6
f 4581/2/6 4591/2/6 4599/2/6
f 4598/4/6 4581/4/6 4599/4/6
f 4591/4/6 4592/4/6 4600/4/6
f 4599/2/6 4591/2/6 4600/2/6
f 4592/4/6 4593/4/6 4600/4/6
f 4600/4/6 4593/4/6 4601/4/6
f 4601/4/6 4593/4/6 4602/4/6
f 4602/4/6 4593/4/6 4603/4/6
f 4603/4/6 4593/4/6 4604/4/6
f 4593/2/6 4594/2/6 4605/2/6
f 4604/4/6 4593/4/6 4605/4/6
f 4595/4/6 4596/4/6 4606/4/6
f 4605/2/6 4594/2/6 4606/2/6
f 4594/4/6 4595/4/6 4606/4/6
f 4596/2/6 4588/2/6 4607/2/6
f 4606/4/6 4596/4/6 4607/4/6
f 4607/2/6 4588/2/6 4608/2/6
f 4588/4/6 4589/4/6 4609/4/6
f 4608/2/6 4588/2/6 4609/2/6
f 4589/4/6 4575/4/6 4610/4/6
f 4609/4/6 4589/4/6 4610/4/6
f 4610/4/6 4575/4/6 4611/4/6
f 4611/4/6 4575/4/6 4612/4/6
f 4575/2/6 4576/2/6 4613/2/6
f 4612/4/6 4575/4/6 4613/4/6
f 4576/4/6 4590/4/6 4614/4/6
f 4613/2/6 4576/2/6 4614/2/6
f 4614/4/6 4590/4/6 4615/4/6
f 4615/4/6 4590/4/6 4616/4/6
f 4597/2/6 4598/2/6 4617/2/6
f 4598/4/6 4599/4/6 4618/4/6
f 4617/2/6 4598/2/6 4618/2/6
f 4599/4/6 4600/4/6 4618/4/6
f 4600/4/6 4601/4/6 4618/4/6
f 4618/4/6 4601/4/6 4619/4/6
f 4601/2/6 4602/2/6 4620/2/6
f 4619/4/6 4601/4/6 4620/4/6
f 4620/2/6 4602/2/6 4621/2/6
f 4602/4/6 4603/4/6 4622/4/6
f 4621/2/6 4602/2/6 4622/2/6
f 4622/4/6 4603/4/6 4623/4/6
f 4603/2/6 4604/2/6 4624/2/6
f 4623/4/6 4603/4/6 4624/4/6
f 4607/4/6 4608/4/6 4625/4/6
f 4624/2/6 4604/2/6 4625/2/6
f 4605/4/6 4606/4/6 4625/4/6
f 4604/4/6 4605/4/6 4625/4/6
f 4606/4/6 4607/4/6 4625/4/6
f 4625/4/6 4608/4/6 4626/4/6
f 4626/4/6 4608/4/6 4627/4/6
f 4627/4/6 4608/4/6 4628/4/6
f 4608/2/6 4609/2/6 4629/2/6
f 4628/4/6 4608/4/6 4629/4/6
f 4609/2/6 4610/2/6 4629/2/6
f 4629/2/6 4610/2/6 4630/2/6
f 4610/4/6 4611/4/6 4631/4/6
f 4630/2/6 4610/2/6 4631/2/6
f 4631/4/6 4611/4/6 4632/4/6
f 4611/2/6 4612/2/6 4633/2/6
f 4632/4/6 4611/4/6 4633/4/6
f 4633/2/6 4612/2/6 4634/2/6
f 4612/4/6 4613/4/6 4635/4/6
f 4634/2/6 4612/2/6 4635/2/6
f 4614/4/6 4615/4/6 4635/4/6
f 4613/4/6 4614/4/6 4635/4/6
f 4635/4/6 4615/4/6 4636/4/6
f 4615/2/6 4616/2/6 4637/2/6
f 4636/4/6 4615/4/6 4637/4/6
f 4637/2/6 4616/2/6 4638/2/6
f 4617/4/6 4618/4/6 4639/4/6
f 4619/4/6 4620/4/6 4640/4/6
f 4620/4/6 4621/4/6 4640/4/6
f 4618/2/6 4619/2/6 4640/2/6
f 4640/4/6 4621/4/6 4641/4/6
f 4641/4/6 4621/4/6 4642/4/6
f 4622/2/6 4623/2/6 4643/2/6
f 4642/4/6 4621/4/6 4643/4/6
f 4621/2/6 4622/2/6 4643/2/6
f 4623/4/6 4624/4/6 4644/4/6
f 4643/2/6 4623/2/6 4644/2/6
f 4624/4/6 4625/4/6 4644/4/6
f 4644/4/6 4625/4/6 4645/4/6
f 4625/2/6 4626/2/6 4646/2/6
f 4645/4/6 4625/4/6 4646/4/6
f 4626/4/6 4627/4/6 4647/4/6
f 4646/2/6 4626/2/6 4647/2/6
f 4647/4/6 4627/4/6 4648/4/6
f 4627/2/6 4628/2/6 4649/2/6
f 4629/4/6 4630/4/6 4649/4/6
f 4628/4/6 4629/4/6 4649/4/6
f 4649/4/6 4630/4/6 4650/4/6
f 4631/2/6 4632/2/6 4651/2/6
f 4650/4/6 4630/4/6 4651/4/6
f 4630/2/6 4631/2/6 4651/2/6
f 4651/2/6 4632/2/6 4652/2/6
f 4633/4/6 4634/4/6 4653/4/6
f 4652/2/6 4632/2/6 4653/2/6
f 4632/4/6 4633/4/6 4653/4/6
f 4653/4/6 4634/4/6 4654/4/6
f 4635/2/6 4636/2/6 4655/2/6
f 4654/4/6 4634/4/6 4655/4/6
f 4634/2/6 4635/2/6 4655/2/6
f 4655/2/6 4636/2/6 4656/2/6
f 4637/4/6 4638/4/6 4657/4/6
f 4656/2/6 4636/2/6 4657/2/6
f 4636/4/6 4637/4/6 4657/4/6
f 4657/4/6 4638/4/6 4658/4/6
f 4658/4/6 4638/4/6 4659/4/6
f 4639/4/6 4618/4/6 4660/4/6
f 4640/2/6 4641/2/6 4661/2/6
f 4660/4/6 4618/4/6 4661/4/6
f 4618/2/6 4640/2/6 4661/2/6
f 4661/2/6 4641/2/6 4662/2/6
f 4641/4/6 4642/4/6 4663/4/6
f 4662/2/6 4641/2/6 4663/2/6
f 4642/2/6 4643/2/6 4664/2/6
f 4663/4/6 4642/4/6 4664/4/6
f 4644/2/6 4645/2/6 4664/2/6
f 4643/2/6 4644/2/6 4664/2/6
f 4664/2/6 4645/2/6 4665/2/6
f 4645/4/6 4646/4/6 4666/4/6
f 4665/2/6 4645/2/6 4666/2/6
f 4646/4/6 4647/4/6 4666/4/6
f 4647/2/6 4648/2/6 4667/2/6
f 4666/4/6 4647/4/6 4667/4/6
f 4648/4/6 4627/4/6 4668/4/6
f 4667/2/6 4648/2/6 4668/2/6
f 4649/2/6 4650/2/6 4669/2/6
f 4668/4/6 4627/4/6 4669/4/6
f 4627/2/6 4649/2/6 4669/2/6
f 4651/4/6 4652/4/6 4670/4/6
f 4669/2/6 4650/2/6 4670/2/6
f 4650/4/6 4651/4/6 4670/4/6
f 4653/2/6 4654/2/6 4671/2/6
f 4670/4/6 4652/4/6 4671/4/6
f 4652/2/6 4653/2/6 4671/2/6
f 4671/2/6 4654/2/6 4672/2/6
f 4655/4/6 4656/4/6 4673/4/6
f 4672/2/6 4654/2/6 4673/2/6
f 4654/4/6 4655/4/6 4673/4/6
f 4657/2/6 4658/2/6 4674/2/6
f 4673/4/6 4656/4/6 4674/4/6
f 4656/2/6 4657/2/6 4674/2/6
f 4658/4/6 4659/4/6 4675/4/6
f 4674/2/6 4658/2/6 4675/2/6
f 4675/4/6 4659/4/6 4676/4/6
f 4676/4/6 4659/4/6 4677/4/6
f 4661/2/6 4662/2/6 4678/2/6
f 4660/2/6 4661/2/6 4678/2/6
f 4678/2/6 4662/2/6 4679/2/6
f 4679/2/6 4662/2/6 4680/2/6
f 4662/4/6 4663/4/6 4681/4/6
f 4680/2/6 4662/2/6 4681/2/6
f 4664/4/6 4665/4/6 4681/4/6
f 4663/4/6 4664/4/6 4681/4/6
f 4666/2/6 4667/2/6 4682/2/6
f 4681/4/6 4665/4/6 4682/4/6
f 4665/2/6 4666/2/6 4682/2/6
f 4682/2/6 4667/2/6 4683/2/6
f 4667/4/6 4668/4/6 4684/4/6
f 4683/2/6 4667/2/6 4684/2/6
f 4668/4/6 4669/4/6 4684/4/6
f 4669/4/6 4670/4/6 4684/4/6
f 4671/4/6 4672/4/6 4684/4/6
f 4670/4/6 4671/4/6 4684/4/6
f 4684/4/6 4672/4/6 4685/4/6
f 4685/4/6 4672/4/6 4686/4/6
f 4686/4/6 4672/4/6 4687/4/6
f 4672/2/6 4673/2/6 4688/2/6
f 4687/4/6 4672/4/6 4688/4/6
f 4673/2/6 4674/2/6 4688/2/6
f 4688/2/6 4674/2/6 4689/2/6
f 4674/4/6 4675/4/6 4690/4/6
f 4675/4/6 4676/4/6 4690/4/6
f 4676/2/6 4677/2/6 4690/2/6
f 4690/2/6 4677/2/6 4691/2/6
f 4679/2/6 4680/2/6 4692/2/6
f 4678/4/6 4679/4/6 4692/4/6
f 4682/4/6 4683/4/6 4693/4/6
f 4692/2/6 4680/2/6 4693/2/6
f 4680/4/6 4681/4/6 4693/4/6
f 4681/4/6 4682/4/6 4693/4/6
f 4693/4/6 4683/4/6 4694/4/6
f 4694/4/6 4683/4/6 4695/4/6
f 4684/2/6 4685/2/6 4696/2/6
f 4695/4/6 4683/4/6 4696/4/6
f 4683/2/6 4684/2/6 4696/2/6
f 4696/2/6 4685/2/6 4697/2/6
f 4685/4/6 4686/4/6 4698/4/6
f 4697/2/6 4685/2/6 4698/2/6
f 4686/2/6 4687/2/6 4699/2/6
f 4698/4/6 4686/4/6 4699/4/6
f 4688/4/6 4689/4/6 4700/4/6
f 4699/2/6 4687/2/6 4700/2/6
f 4687/4/6 4688/4/6 4700/4/6
f 4700/4/6 4689/4/6 4701/4/6
f 4689/2/6 4674/2/6 4702/2/6
f 4701/4/6 4689/4/6 4702/4/6
f 4674/4/6 4690/4/6 4703/4/6
f 4702/2/6 4674/2/6 4703/2/6
f 4690/4/6 4691/4/6 4703/4/6
f 4703/4/6 4691/4/6 4704/4/6
f 4704/4/6 4691/4/6 4705/4/6
f 4693/4/6 4694/4/6 4706/4/6
f 4692/4/6 4693/4/6 4706/4/6
f 4694/2/6 4695/2/6 4707/2/6
f 4706/4/6 4694/4/6 4707/4/6
f 4695/4/6 4696/4/6 4708/4/6
f 4707/2/6 4695/2/6 4708/2/6
f 4696/4/6 4697/4/6 4708/4/6
f 4700/2/6 4701/2/6 4709/2/6
f 4708/4/6 4697/4/6 4709/4/6
f 4697/2/6 4698/2/6 4709/2/6
f 4699/2/6 4700/2/6 4709/2/6
f 4698/2/6 4699/2/6 4709/2/6
f 4701/4/6 4702/4/6 4710/4/6
f 4709/2/6 4701/2/6 4710/2/6
f 4702/4/6 4703/4/6 4710/4/6
f 4703/4/6 4704/4/6 4710/4/6
f 4710/4/6 4704/4/6 4711/4/6
f 4711/4/6 4704/4/6 4712/4/6
f 4712/4/6 4704/4/6 4713/4/6
f 4704/2/6 4705/2/6 4714/2/6
f 4705/4/6 4691/4/6 4714/4/6
f 4714/4/6 4691/4/6 4715/4/6
f 4715/4/6 4691/4/6 4716/4/6
f 4716/4/6 4691/4/6 4717/4/6
f 4692/4/6 4706/4/6 4718/4/6
f 4708/2/6 4709/2/6 4719/2/6
f 4718/4/6 4706/4/6 4719/4/6
f 4707/2/6 4708/2/6 4719/2/6
f 4706/2/6 4707/2/6 4719/2/6
f 4709/2/6 4710/2/6 4719/2/6
f 4710/2/6 4711/2/6 4719/2/6
f 4719/2/6 4711/2/6 4720/2/6
f 4720/2/6 4711/2/6 4721/2/6
f 4711/4/6 4712/4/6 4722/4/6
f 4721/2/6 4711/2/6 4722/2/6
f 4722/4/6 4712/4/6 4723/4/6
f 4712/2/6 4713/2/6 4724/2/6
f 4723/4/6 4712/4/6 4724/4/6
f 4724/2/6 4713/2/6 4725/2/6
f 4713/4/6 4704/4/6 4726/4/6
f 4725/2/6 4713/2/6 4726/2/6
f 4726/4/6 4704/4/6 4727/4/6
f 4714/2/6 4715/2/6 4728/2/6
f 4727/4/6 4704/4/6 4728/4/6
f 4704/2/6 4714/2/6 4728/2/6
f 4728/2/6 4715/2/6 4729/2/6
f 4715/4/6 4716/4/6 4730/4/6
f 4729/2/6 4715/2/6 4730/2/6
f 4716/2/6 4717/2/6 4731/2/6
f 4730/4/6 4716/4/6 4731/4/6
f 4678/4/6 4692/4/6 4732/4/6
f 4692/4/6 4718/4/6 4732/4/6
f 4718/2/6 4719/2/6 4733/2/6
f 4732/4/6 4718/4/6 4733/4/6
f 4719/2/6 4720/2/6 4733/2/6
f 4733/2/6 4720/2/6 4734/2/6
f 4720/4/6 4721/4/6 4735/4/6
f 4734/2/6 4720/2/6 4735/2/6
f 4735/4/6 4721/4/6 4736/4/6
f 4736/4/6 4721/4/6 4737/4/6
f 4722/2/6 4723/2/6 4738/2/6
f 4737/4/6 4721/4/6 4738/4/6
f 4721/2/6 4722/2/6 4738/2/6
f 4738/2/6 4723/2/6 4739/2/6
f 4724/4/6 4725/4/6 4740/4/6
f 4739/2/6 4723/2/6 4740/2/6
f 4723/4/6 4724/4/6 4740/4/6
f 4740/4/6 4725/4/6 4741/4/6
f 4726/2/6 4727/2/6 4742/2/6
f 4741/4/6 4725/4/6 4742/4/6
f 4725/2/6 4726/2/6 4742/2/6
f 4742/2/6 4727/2/6 4743/2/6
f 4728/4/6 4729/4/6 4744/4/6
f 4743/2/6 4727/2/6 4744/2/6
f 4727/4/6 4728/4/6 4744/4/6
f 4744/4/6 4729/4/6 4745/4/6
f 4730/2/6 4731/2/6 4746/2/6
f 4745/4/6 4729/4/6 4746/4/6
f 4729/2/6 4730/2/6 4746/2/6
f 4731/2/6 4717/2/6 4747/2/6
f 4746/2/6 4731/2/6 4747/2/6
f 4733/2/6 4734/2/6 4748/2/6
f 4678/4/6 4732/4/6 4748/4/6
f 4732/2/6 4733/2/6 4748/2/6
f 4748/2/6 4734/2/6 4749/2/6
f 4749/2/6 4734/2/6 4750/2/6
f 4735/4/6 4736/4/6 4751/4/6
f 4750/2/6 4734/2/6 4751/2/6
f 4734/4/6 4735/4/6 4751/4/6
f 4751/4/6 4736/4/6 4752/4/6
f 4752/4/6 4736/4/6 4753/4/6
f 4753/4/6 4736/4/6 4754/4/6
f 4736/2/6 4737/2/6 4755/2/6
f 4754/4/6 4736/4/6 4755/4/6
f 4755/2/6 4737/2/6 4756/2/6
f 4738/4/6 4739/4/6 4757/4/6
f 4756/2/6 4737/2/6 4757/2/6
f 4737/4/6 4738/4/6 4757/4/6
f 4757/4/6 4739/4/6 4758/4/6
f 4740/2/6 4741/2/6 4759/2/6
f 4758/4/6 4739/4/6 4759/4/6
f 4739/2/6 4740/2/6 4759/2/6
f 4759/2/6 4741/2/6 4760/2/6
f 4742/4/6 4743/4/6 4761/4/6
f 4760/2/6 4741/2/6 4761/2/6
f 4741/4/6 4742/4/6 4761/4/6
f 4761/4/6 4743/4/6 4762/4/6
f 4744/2/6 4745/2/6 4763/2/6
f 4762/4/6 4743/4/6 4763/4/6
f 4743/2/6 4744/2/6 4763/2/6
f 4745/4/6 4746/4/6 4764/4/6
f 4763/2/6 4745/2/6 4764/2/6
f 4746/4/6 4747/4/6 4764/4/6
f 4764/4/6 4747/4/6 4765/4/6
f 4747/2/6 4717/2/6 4766/2/6
f 4765/4/6 4747/4/6 4766/4/6
f 4766/2/6 4717/2/6 4767/2/6
f 4749/2/6 4750/2/6 4768/2/6
f 4748/4/6 4749/4/6 4768/4/6
f 4750/4/6 4751/4/6 4769/4/6
f 4768/2/6 4750/2/6 4769/2/6
f 4751/4/6 4752/4/6 4769/4/6
f 4769/4/6 4752/4/6 4770/4/6
f 4752/2/6 4753/2/6 4771/2/6
f 4770/4/6 4752/4/6 4771/4/6
f 4753/4/6 4754/4/6 4772/4/6
f 4771/2/6 4753/2/6 4772/2/6
f 4754/2/6 4755/2/6 4773/2/6
f 4772/4/6 4754/4/6 4773/4/6
f 4755/4/6 4756/4/6 4774/4/6
f 4773/2/6 4755/2/6 4774/2/6
f 4774/4/6 4756/4/6 4775/4/6
f 4757/2/6 4758/2/6 4776/2/6
f 4756/2/6 4757/2/6 4776/2/6
f 4759/4/6 4760/4/6 4777/4/6
f 4776/2/6 4758/2/6 4777/2/6
f 4758/4/6 4759/4/6 4777/4/6
f 4761/2/6 4762/2/6 4778/2/6
f 4777/4/6 4760/4/6 4778/4/6
f 4760/2/6 4761/2/6 4778/2/6
f 4778/2/6 4762/2/6 4779/2/6
f 4762/4/6 4763/4/6 4780/4/6
f 4779/2/6 4762/2/6 4780/2/6
f 4763/4/6 4764/4/6 4780/4/6
f 4780/4/6 4764/4/6 4781/4/6
f 4764/2/6 4765/2/6 4782/2/6
f 4781/4/6 4764/4/6 4782/4/6
f 4766/4/6 4767/4/6 4783/4/6
f 4782/2/6 4765/2/6 4783/2/6
f 4765/4/6 4766/4/6 4783/4/6
f 4768/4/6 4769/4/6 4784/4/6
f 4769/4/6 4770/4/6 4784/4/6
f 4678/4/6 4748/4/6 4784/4/6
f 4748/4/6 4768/4/6 4784/4/6
f 4784/4/6 4770/4/6 4785/4/6
f 4785/4/6 4770/4/6 4786/4/6
f 4786/4/6 4770/4/6 4787/4/6
f 4772/2/6 4773/2/6 4788/2/6
f 4787/4/6 4770/4/6 4788/4/6
f 4770/2/6 4771/2/6 4788/2/6
f 4774/2/6 4775/2/6 4788/2/6
f 4773/2/6 4774/2/6 4788/2/6
f 4771/2/6 4772/2/6 4788/2/6
f 4788/2/6 4775/2/6 4789/2/6
f 4775/4/6 4756/4/6 4790/4/6
f 4789/2/6 4775/2/6 4790/2/6
f 4756/2/6 4776/2/6 4791/2/6
f 4790/4/6 4756/4/6 4791/4/6
f 4791/2/6 4776/2/6 4792/2/6
f 4778/4/6 4779/4/6 4793/4/6
f 4792/2/6 4776/2/6 4793/2/6
f 4776/4/6 4777/4/6 4793/4/6
f 4777/4/6 4778/4/6 4793/4/6
f 4793/4/6 4779/4/6 4794/4/6
f 4794/4/6 4779/4/6 4795/4/6
f 4780/2/6 4781/2/6 4796/2/6
f 4782/4/6 4783/4/6 4796/4/6
f 4779/2/6 4780/2/6 4796/2/6
f 4781/4/6 4782/4/6 4796/4/6
f 4783/4/6 4767/4/6 4797/4/6
f 4796/4/6 4783/4/6 4797/4/6
f 4785/4/6 4786/4/6 4798/4/6
f 4784/2/6 4785/2/6 4798/2/6
f 4786/2/6 4787/2/6 4799/2/6
f 4798/4/6 4786/4/6 4799/4/6
f 4788/4/6 4789/4/6 4800/4/6
f 4799/2/6 4787/2/6 4800/2/6
f 4787/4/6 4788/4/6 4800/4/6
f 4800/4/6 4789/4/6 4801/4/6
f 4791/2/6 4792/2/6 4802/2/6
f 4801/4/6 4789/4/6 4802/4/6
f 4790/2/6 4791/2/6 4802/2/6
f 4789/2/6 4790/2/6 4802/2/6
f 4792/4/6 4793/4/6 4803/4/6
f 4802/2/6 4792/2/6 4803/2/6
f 4793/4/6 4794/4/6 4803/4/6
f 4794/2/6 4795/2/6 4804/2/6
f 4803/4/6 4794/4/6 4804/4/6
f 4795/4/6 4779/4/6 4805/4/6
f 4804/2/6 4795/2/6 4805/2/6
f 4779/2/6 4796/2/6 4806/2/6
f 4805/4/6 4779/4/6 4806/4/6
f 4796/2/6 4797/2/6 4806/2/6
f 4797/4/6 4767/4/6 4807/4/6
f 4806/2/6 4797/2/6 4807/2/6
f 4807/4/6 4767/4/6 4808/4/6
f 4800/2/6 4801/2/6 4809/2/6
f 4799/2/6 4800/2/6 4809/2/6
f 4798/2/6 4799/2/6 4809/2/6
f 4804/4/6 4805/4/6 4810/4/6
f 4809/2/6 4801/2/6 4810/2/6
f 4801/4/6 4802/4/6 4810/4/6
f 4803/4/6 4804/4/6 4810/4/6
f 4802/4/6 4803/4/6 4810/4/6
f 4810/4/6 4805/4/6 4811/4/6
f 4811/4/6 4805/4/6 4812/4/6
f 4807/2/6 4808/2/6 4813/2/6
f 4812/4/6 4805/4/6 4813/4/6
f 4805/2/6 4806/2/6 4813/2/6
f 4806/2/6 4807/2/6 4813/2/6
f 4808/4/6 4767/4/6 4814/4/6
f 4813/2/6 4808/2/6 4814/2/6
f 4814/4/6 4767/4/6 4815/4/6
f 4798/2/6 4809/2/6 4816/2/6
f 4809/4/6 4810/4/6 4817/4/6
f 4816/2/6 4809/2/6 4817/2/6
f 4817/4/6 4810/4/6 4818/4/6
f 4818/4/6 4810/4/6 4819/4/6
f 4811/4/6 4812/4/6 4820/4/6
f 4810/2/6 4811/2/6 4820/2/6
f 4812/2/6 4813/2/6 4821/2/6
f 4820/4/6 4812/4/6 4821/4/6
f 4813/2/6 4814/2/6 4821/2/6
f 4814/2/6 4815/2/6 4821/2/6
f 4821/2/6 4815/2/6 4822/2/6
f 4822/2/6 4815/2/6 4823/2/6
f 4815/4/6 4767/4/6 4824/4/6
f 4823/2/6 4815/2/6 4824/2/6
f 4824/4/6 4767/4/6 4825/4/6
f 4784/2/6 4798/2/6 4826/2/6
f 4798/2/6 4816/2/6 4826/2/6
f 4826/2/6 4816/2/6 4827/2/6
f 4817/4/6 4818/4/6 4828/4/6
f 4827/2/6 4816/2/6 4828/2/6
f 4816/4/6 4817/4/6 4828/4/6
f 4818/2/6 4819/2/6 4829/2/6
f 4828/4/6 4818/4/6 4829/4/6
f 4819/4/6 4810/4/6 4830/4/6
f 4829/2/6 4819/2/6 4830/2/6
f 4810/2/6 4820/2/6 4831/2/6
f 4830/4/6 4810/4/6 4831/4/6
f 4820/2/6 4821/2/6 4831/2/6
f 4821/2/6 4822/2/6 4831/2/6
f 4831/2/6 4822/2/6 4832/2/6
f 4832/2/6 4822/2/6 4833/2/6
f 4822/4/6 4823/4/6 4834/4/6
f 4833/2/6 4822/2/6 4834/2/6
f 4824/2/6 4825/2/6 4835/2/6
f 4834/4/6 4823/4/6 4835/4/6
f 4823/2/6 4824/2/6 4835/2/6
f 4835/2/6 4825/2/6 4836/2/6
f 4829/2/6 4830/2/6 4837/2/6
f 4828/2/6 4829/2/6 4837/2/6
f 4827/2/6 4828/2/6 4837/2/6
f 4826/4/6 4827/4/6 4837/4/6
f 4830/2/6 4831/2/6 4837/2/6
f 4837/2/6 4831/2/6 4838/2/6
f 4838/2/6 4831/2/6 4839/2/6
f 4831/4/6 4832/4/6 4840/4/6
f 4839/2/6 4831/2/6 4840/2/6
f 4840/4/6 4832/4/6 4841/4/6
f 4832/2/6 4833/2/6 4842/2/6
f 4841/4/6 4832/4/6 4842/4/6
f 4842/2/6 4833/2/6 4843/2/6
f 4835/4/6 4836/4/6 4844/4/6
f 4843/2/6 4833/2/6 4844/2/6
f 4834/4/6 4835/4/6 4844/4/6
f 4833/4/6 4834/4/6 4844/4/6
f 4844/4/6 4836/4/6 4845/4/6
f 4845/4/6 4836/4/6 4846/4/6
f 4846/4/6 4836/4/6 4847/4/6
f 4836/2/6 4825/2/6 4848/2/6
f 4847/4/6 4836/4/6 4848/4/6
f 4848/2/6 4825/2/6 4849/2/6
f 4826/4/6 4837/4/6 4850/4/6
f 4837/4/6 4838/4/6 4850/4/6
f 4838/2/6 4839/2/6 4851/2/6
f 4850/4/6 4838/4/6 4851/4/6
f 4839/4/6 4840/4/6 4852/4/6
f 4840/2/6 4841/2/6 4853/2/6
f 4852/4/6 4840/4/6 4853/4/6
f 4842/4/6 4843/4/6 4854/4/6
f 4853/2/6 4841/2/6 4854/2/6
f 4841/4/6 4842/4/6 4854/4/6
f 4854/4/6 4843/4/6 4855/4/6
f 4843/2/6 4844/2/6 4856/2/6
f 4855/4/6 4843/4/6 4856/4/6
f 4844/2/6 4845/2/6 4856/2/6
f 4856/2/6 4845/2/6 4857/2/6
f 4857/2/6 4845/2/6 4858/2/6
f 4858/2/6 4845/2/6 4859/2/6
f 4845/4/6 4846/4/6 4860/4/6
f 4859/2/6 4845/2/6 4860/2/6
f 4860/4/6 4846/4/6 4861/4/6
f 4846/2/6 4847/2/6 4862/2/6
f 4861/4/6 4846/4/6 4862/4/6
f 4862/2/6 4847/2/6 4863/2/6
f 4848/4/6 4849/4/6 4864/4/6
f 4847/4/6 4848/4/6 4864/4/6
f 4864/4/6 4849/4/6 4865/4/6
f 4850/2/6 4851/2/6 4866/2/6
f 4826/4/6 4850/4/6 4866/4/6
f 4851/2/6 4839/2/6 4867/2/6
f 4866/2/6 4851/2/6 4867/2/6
f 4839/4/6 4852/4/6 4868/4/6
f 4867/2/6 4839/2/6 4868/2/6
f 4852/2/6 4853/2/6 4869/2/6
f 4868/4/6 4852/4/6 4869/4/6
f 4854/2/6 4855/2/6 4869/2/6
f 4853/2/6 4854/2/6 4869/2/6
f 4869/2/6 4855/2/6 4870/2/6
f 4855/4/6 4856/4/6 4871/4/6
f 4870/2/6 4855/2/6 4871/2/6
f 4856/4/6 4857/4/6 4871/4/6
f 4857/2/6 4858/2/6 4872/2/6
f 4871/4/6 4857/4/6 4872/4/6
f 4858/4/6 4859/4/6 4873/4/6
f 4872/2/6 4858/2/6 4873/2/6
f 4873/4/6 4859/4/6 4874/4/6
f 4860/2/6 4861/2/6 4875/2/6
f 4874/4/6 4859/4/6 4875/4/6
f 4859/2/6 4860/2/6 4875/2/6
f 4875/2/6 4861/2/6 4876/2/6
f 4861/4/6 4862/4/6 4877/4/6
f 4876/2/6 4861/2/6 4877/2/6
f 4862/4/6 4863/4/6 4877/4/6
f 4877/4/6 4863/4/6 4878/4/6
f 4863/2/6 4847/2/6 4879/2/6
f 4878/4/6 4863/4/6 4879/4/6
f 4879/2/6 4847/2/6 4880/2/6
f 4847/4/6 4864/4/6 4881/4/6
f 4880/2/6 4847/2/6 4881/2/6
f 4881/4/6 4864/4/6 4882/4/6
f 4864/2/6 4865/2/6 4883/2/6
f 4882/4/6 4864/4/6 4883/4/6
f 4867/2/6 4868/2/6 4884/2/6
f 4866/4/6 4867/4/6 4884/4/6
f 4869/2/6 4870/2/6 4884/2/6
f 4868/2/6 4869/2/6 4884/2/6
f 4884/2/6 4870/2/6 4885/2/6
f 4885/2/6 4870/2/6 4886/2/6
f 4873/4/6 4874/4/6 4887/4/6
f 4886/2/6 4870/2/6 4887/2/6
f 4871/4/6 4872/4/6 4887/4/6
f 4870/4/6 4871/4/6 4887/4/6
f 4872/4/6 4873/4/6 4887/4/6
f 4887/4/6 4874/4/6 4888/4/6
f 4875/2/6 4876/2/6 4889/2/6
f 4888/4/6 4874/4/6 4889/4/6
f 4874/2/6 4875/2/6 4889/2/6
f 4889/2/6 4876/2/6 4890/2/6
f 4877/4/6 4878/4/6 4891/4/6
f 4890/2/6 4876/2/6 4891/2/6
f 4876/4/6 4877/4/6 4891/4/6
f 4891/4/6 4878/4/6 4892/4/6
f 4879/2/6 4880/2/6 4893/2/6
f 4892/4/6 4878/4/6 4893/4/6
f 4878/2/6 4879/2/6 4893/2/6
f 4893/2/6 4880/2/6 4894/2/6
f 4881/4/6 4882/4/6 4895/4/6
f 4894/2/6 4880/2/6 4895/2/6
f 4880/4/6 4881/4/6 4895/4/6
f 4895/4/6 4882/4/6 4896/4/6
f 4882/2/6 4883/2/6 4897/2/6
f 4896/4/6 4882/4/6 4897/4/6
f 4897/2/6 4883/2/6 4898/2/6
f 4883/2/6 4865/2/6 4899/2/6
f 4898/2/6 4883/2/6 4899/2/6
f 4826/4/6 4866/4/6 4900/4/6
f 4884/4/6 4885/4/6 4900/4/6
f 4866/4/6 4884/4/6 4900/4/6
f 4900/4/6 4885/4/6 4901/4/6
f 4885/2/6 4886/2/6 4902/2/6
f 4901/4/6 4885/4/6 4902/4/6
f 4902/2/6 4886/2/6 4903/2/6
f 4903/2/6 4886/2/6 4904/2/6
f 4887/4/6 4888/4/6 4905/4/6
f 4904/2/6 4886/2/6 4905/2/6
f 4886/4/6 4887/4/6 4905/4/6
f 4905/4/6 4888/4/6 4906/4/6
f 4889/2/6 4890/2/6 4907/2/6
f 4906/4/6 4888/4/6 4907/4/6
f 4888/2/6 4889/2/6 4907/2/6
f 4907/2/6 4890/2/6 4908/2/6
f 4891/4/6 4892/4/6 4909/4/6
f 4908/2/6 4890/2/6 4909/2/6
f 4890/4/6 4891/4/6 4909/4/6
f 4893/2/6 4894/2/6 4910/2/6
f 4909/4/6 4892/4/6 4910/4/6
f 4892/2/6 4893/2/6 4910/2/6
f 4895/4/6 4896/4/6 4911/4/6
f 4910/2/6 4894/2/6 4911/2/6
f 4894/4/6 4895/4/6 4911/4/6
f 4911/4/6 4896/4/6 4912/4/6
f 4897/2/6 4898/2/6 4913/2/6
f 4912/4/6 4896/4/6 4913/4/6
f 4896/2/6 4897/2/6 4913/2/6
f 4913/2/6 4898/2/6 4914/2/6
f 4898/4/6 4899/4/6 4915/4/6
f 4914/2/6 4898/2/6 4915/2/6
f 4899/2/6 4865/2/6 4916/2/6
f 4915/4/6 4899/4/6 4916/4/6
f 4916/2/6 4865/2/6 4917/2/6
f 4826/4/6 4900/4/6 4918/4/6
f 4900/2/6 4901/2/6 4919/2/6
f 4918/4/6 4900/4/6 4919/4/6
f 4902/4/6 4903/4/6 4920/4/6
f 4919/2/6 4901/2/6 4920/2/6
f 4901/4/6 4902/4/6 4920/4/6
f 4903/2/6 4904/2/6 4921/2/6
f 4920/4/6 4903/4/6 4921/4/6
f 4905/4/6 4906/4/6 4922/4/6
f 4921/2/6 4904/2/6 4922/2/6
f 4904/4/6 4905/4/6 4922/4/6
f 4922/4/6 4906/4/6 4923/4/6
f 4907/2/6 4908/2/6 4924/2/6
f 4923/4/6 4906/4/6 4924/4/6
f 4906/2/6 4907/2/6 4924/2/6
f 4924/2/6 4908/2/6 4925/2/6
f 4925/2/6 4908/2/6 4926/2/6
f 4926/2/6 4908/2/6 4927/2/6
f 4911/4/6 4912/4/6 4928/4/6
f 4927/2/6 4908/2/6 4928/2/6
f 4909/4/6 4910/4/6 4928/4/6
f 4908/4/6 4909/4/6 4928/4/6
f 4910/4/6 4911/4/6 4928/4/6
f 4928/4/6 4912/4/6 4929/4/6
f 4913/2/6 4914/2/6 4930/2/6
f 4929/4/6 4912/4/6 4930/4/6
f 4912/2/6 4913/2/6 4930/2/6
f 4914/4/6 4915/4/6 4931/4/6
f 4930/2/6 4914/2/6 4931/2/6
f 4916/4/6 4917/4/6 4931/4/6
f 4915/4/6 4916/4/6 4931/4/6
f 4931/4/6 4917/4/6 4932/4/6
f 4932/4/6 4917/4/6 4933/4/6
f 4918/2/6 4919/2/6 4934/2/6
f 4920/4/6 4921/4/6 4935/4/6
f 4922/4/6 4923/4/6 4935/4/6
f 4919/4/6 4920/4/6 4935/4/6
f 4921/4/6 4922/4/6 4935/4/6
f 4935/4/6 4923/4/6 4936/4/6
f 4936/4/6 4923/4/6 4937/4/6
f 4924/2/6 4925/2/6 4938/2/6
f 4937/4/6 4923/4/6 4938/4/6
f 4923/2/6 4924/2/6 4938/2/6
f 4938/2/6 4925/2/6 4939/2/6
f 4925/4/6 4926/4/6 4940/4/6
f 4939/2/6 4925/2/6 4940/2/6
f 4926/2/6 4927/2/6 4941/2/6
f 4940/4/6 4926/4/6 4941/4/6
f 4928/4/6 4929/4/6 4942/4/6
f 4941/2/6 4927/2/6 4942/2/6
f 4927/4/6 4928/4/6 4942/4/6
f 4942/4/6 4929/4/6 4943/4/6
f 4929/2/6 4930/2/6 4944/2/6
f 4943/4/6 4929/4/6 4944/4/6
f 4944/2/6 4930/2/6 4945/2/6
f 4931/4/6 4932/4/6 4946/4/6
f 4945/2/6 4930/2/6 4946/2/6
f 4930/4/6 4931/4/6 4946/4/6
f 4932/2/6 4933/2/6 4947/2/6
f 4946/4/6 4932/4/6 4947/4/6
f 4947/2/6 4933/2/6 4948/2/6
f 4934/2/6 4919/2/6 4949/2/6
f 4936/4/6 4937/4/6 4950/4/6
f 4935/2/6 4936/2/6 4950/2/6
f 4950/4/6 4937/4/6 4951/4/6
f 4951/4/6 4937/4/6 4952/4/6
f 4938/2/6 4939/2/6 4953/2/6
f 4952/4/6 4937/4/6 4953/4/6
f 4937/2/6 4938/2/6 4953/2/6
f 4953/2/6 4939/2/6 4954/2/6
f 4939/4/6 4940/4/6 4955/4/6
f 4954/2/6 4939/2/6 4955/2/6
f 4942/4/6 4943/4/6 4955/4/6
f 4940/4/6 4941/4/6 4955/4/6
f 4941/4/6 4942/4/6 4955/4/6
f 4955/4/6 4943/4/6 4956/4/6
f 4956/4/6 4943/4/6 4957/4/6
f 4957/4/6 4943/4/6 4958/4/6
f 4958/4/6 4943/4/6 4959/4/6
f 4944/2/6 4945/2/6 4960/2/6
f 4959/4/6 4943/4/6 4960/4/6
f 4943/2/6 4944/2/6 4960/2/6
f 4960/2/6 4945/2/6 4961/2/6
f 4945/4/6 4946/4/6 4962/4/6
f 4961/2/6 4945/2/6 4962/2/6
f 4947/4/6 4948/4/6 4962/4/6
f 4946/4/6 4947/4/6 4962/4/6
f 4962/4/6 4948/4/6 4963/4/6
f 4963/4/6 4948/4/6 4964/4/6
f 4964/4/6 4948/4/6 4965/4/6
f 4935/2/6 4950/2/6 4966/2/6
f 4950/2/6 4951/2/6 4966/2/6
f 4951/4/6 4952/4/6 4967/4/6
f 4966/2/6 4951/2/6 4967/2/6
f 4953/2/6 4954/2/6 4968/2/6
f 4967/4/6 4952/4/6 4968/4/6
f 4952/2/6 4953/2/6 4968/2/6
f 4968/2/6 4954/2/6 4969/2/6
f 4969/2/6 4954/2/6 4970/2/6
f 4954/4/6 4955/4/6 4971/4/6
f 4970/2/6 4954/2/6 4971/2/6
f 4971/4/6 4955/4/6 4972/4/6
f 4955/2/6 4956/2/6 4973/2/6
f 4972/4/6 4955/4/6 4973/4/6
f 4956/4/6 4957/4/6 4974/4/6
f 4973/2/6 4956/2/6 4974/2/6
f 4957/2/6 4958/2/6 4975/2/6
f 4958/4/6 4959/4/6 4976/4/6
f 4975/2/6 4958/2/6 4976/2/6
f 4976/4/6 4959/4/6 4977/4/6
f 4960/2/6 4961/2/6 4978/2/6
f 4977/4/6 4959/4/6 4978/4/6
f 4959/2/6 4960/2/6 4978/2/6
f 4978/2/6 4961/2/6 4979/2/6
f 4961/4/6 4962/4/6 4980/4/6
f 4979/2/6 4961/2/6 4980/2/6
f 4962/4/6 4963/4/6 4980/4/6
f 4980/4/6 4963/4/6 4981/4/6
f 4963/2/6 4964/2/6 4982/2/6
f 4981/4/6 4963/4/6 4982/4/6
f 4964/4/6 4965/4/6 4983/4/6
f 4982/2/6 4964/2/6 4983/2/6
f 4983/4/6 4965/4/6 4984/4/6
f 4949/2/6 4919/2/6 4985/2/6
f 4919/4/6 4935/4/6 4986/4/6
f 4985/2/6 4919/2/6 4986/2/6
f 4935/2/6 4966/2/6 4987/2/6
f 4986/4/6 4935/4/6 4987/4/6
f 4966/4/6 4967/4/6 4988/4/6
f 4987/2/6 4966/2/6 4988/2/6
f 4967/4/6 4968/4/6 4988/4/6
f 4968/4/6 4969/4/6 4988/4/6
f 4988/4/6 4969/4/6 4989/4/6
f 4969/2/6 4970/2/6 4990/2/6
f 4989/4/6 4969/4/6 4990/4/6
f 4990/2/6 4970/2/6 4991/2/6
f 4971/4/6 4972/4/6 4992/4/6
f 4991/2/6 4970/2/6 4992/2/6
f 4970/4/6 4971/4/6 4992/4/6
f 4992/4/6 4972/4/6 4993/4/6
f 4972/2/6 4973/2/6 4994/2/6
f 4993/4/6 4972/4/6 4994/4/6
f 4973/4/6 4974/4/6 4995/4/6
f 4994/2/6 4973/2/6 4995/2/6
f 4957/2/6 4975/2/6 4996/2/6
f 4995/4/6 4974/4/6 4996/4/6
f 4974/4/6 4957/4/6 4996/4/6
f 4976/4/6 4977/4/6 4997/4/6
f 4996/2/6 4975/2/6 4997/2/6
f 4975/4/6 4976/4/6 4997/4/6
f 4997/4/6 4977/4/6 4998/4/6
f 4978/2/6 4979/2/6 4999/2/6
f 4998/4/6 4977/4/6 4999/4/6
f 4977/2/6 4978/2/6 4999/2/6
f 4980/4/6 4981/4/6 5000/4/6
f 4999/2/6 4979/2/6 5000/2/6
f 4979/4/6 4980/4/6 5000/4/6
f 5000/4/6 4981/4/6 5001/4/6
f 4981/2/6 4982/2/6 5002/2/6
f 5001/4/6 4981/4/6 5002/4/6
f 5002/2/6 4982/2/6 5003/2/6
f 4983/4/6 4984/4/6 5004/4/6
f 5003/2/6 4982/2/6 5004/2/6
f 4982/4/6 4983/4/6 5004/4/6
f 5004/4/6 4984/4/6 5005/4/6
f 5005/4/6 4984/4/6 5006/4/6
f 4986/4/6 4987/4/6 5007/4/6
f 4985/4/6 4986/4/6 5007/4/6
f 4987/4/6 4988/4/6 5007/4/6
f 4988/4/6 4989/4/6 5007/4/6
f 4990/2/6 4991/2/6 5008/2/6
f 5007/4/6 4989/4/6 5008/4/6
f 4989/2/6 4990/2/6 5008/2/6
f 5008/2/6 4991/2/6 5009/2/6
f 4991/4/6 4992/4/6 5010/4/6
f 5009/2/6 4991/2/6 5010/2/6
f 4992/4/6 4993/4/6 5010/4/6
f 5010/4/6 4993/4/6 5011/4/6
f 5011/4/6 4993/4/6 5012/4/6
f 4993/2/6 4994/2/6 5013/2/6
f 5012/4/6 4993/4/6 5013/4/6
f 4995/4/6 4996/4/6 5014/4/6
f 5013/2/6 4994/2/6 5014/2/6
f 4994/4/6 4995/4/6 5014/4/6
f 4997/4/6 4998/4/6 5014/4/6
f 4996/4/6 4997/4/6 5014/4/6
f 5014/4/6 4998/4/6 5015/4/6
f 4998/2/6 4999/2/6 5016/2/6
f 5015/4/6 4998/4/6 5016/4/6
f 5016/2/6 4999/2/6 5017/2/6
f 5000/4/6 5001/4/6 5018/4/6
f 5017/2/6 4999/2/6 5018/2/6
f 4999/4/6 5000/4/6 5018/4/6
f 5002/2/6 5003/2/6 5019/2/6
f 5018/4/6 5001/4/6 5019/4/6
f 5001/2/6 5002/2/6 5019/2/6
f 5004/4/6 5005/4/6 5020/4/6
f 5019/2/6 5003/2/6 5020/2/6
f 5003/4/6 5004/4/6 5020/4/6
f 5020/4/6 5005/4/6 5021/4/6
f 5021/4/6 5005/4/6 5022/4/6
f 5005/2/6 5006/2/6 5023/2/6
f 5022/4/6 5005/4/6 5023/4/6
f 5006/4/6 4984/4/6 5024/4/6
f 5023/2/6 5006/2/6 5024/2/6
f 4985/4/6 5007/4/6 5025/4/6
f 5022/4/6 5023/4/6 5026/4/6
f 5024/4/6 4984/4/6 5026/4/6
f 5023/4/6 5024/4/6 5026/4/6
f 5025/4/6 5007/4/6 5027/4/6
f 5027/4/6 5007/4/6 5028/4/6
f 5008/2/6 5009/2/6 5029/2/6
f 5028/4/6 5007/4/6 5029/4/6
f 5007/2/6 5008/2/6 5029/2/6
f 5029/2/6 5009/2/6 5030/2/6
f 5010/4/6 5011/4/6 5031/4/6
f 5030/2/6 5009/2/6 5031/2/6
f 5009/4/6 5010/4/6 5031/4/6
f 5031/4/6 5011/4/6 5032/4/6
f 5011/2/6 5012/2/6 5033/2/6
f 5032/4/6 5011/4/6 5033/4/6
f 5014/4/6 5015/4/6 5034/4/6
f 5033/2/6 5012/2/6 5034/2/6
f 5012/4/6 5013/4/6 5034/4/6
f 5013/4/6 5014/4/6 5034/4/6
f 5034/4/6 5015/4/6 5035/4/6
f 5035/4/6 5015/4/6 5036/4/6
f 5016/2/6 5017/2/6 5037/2/6
f 5036/4/6 5015/4/6 5037/4/6
f 5015/2/6 5016/2/6 5037/2/6
f 5037/2/6 5017/2/6 5038/2/6
f 5038/2/6 5017/2/6 5039/2/6
f 5039/2/6 5017/2/6 5040/2/6
f 5018/4/6 5019/4/6 5041/4/6
f 5040/2/6 5017/2/6 5041/2/6
f 5017/4/6 5018/4/6 5041/4/6
f 5019/4/6 5020/4/6 5041/4/6
f 5020/4/6 5021/4/6 5041/4/6
f 5041/4/6 5021/4/6 5042/4/6
f 5042/4/6 5021/4/6 5043/4/6
f 5043/4/6 5021/4/6 5044/4/6
f 5021/2/6 5022/2/6 5045/2/6
f 5044/4/6 5021/4/6 5045/4/6
f 5022/4/6 5026/4/6 5046/4/6
f 5045/2/6 5022/2/6 5046/2/6
f 5046/4/6 5026/4/6 5047/4/6
f 5047/4/6 5026/4/6 5048/4/6
f 5049/4/6 5050/4/6 5053/4/6
f 5050/2/6 5051/2/6 5054/2/6
f 5053/4/6 5050/4/6 5054/4/6
f 5054/2/6 5051/2/6 5055/2/6
f 5055/2/6 5051/2/6 5056/2/6
f 5056/2/6 5051/2/6 5057/2/6
f 5057/2/6 5051/2/6 5058/2/6
f 5058/2/6 5051/2/6 5059/2/6
f 5059/2/6 5051/2/6 5060/2/6
f 5060/2/6 5051/2/6 5061/2/6
f 5061/2/6 5051/2/6 5062/2/6
f 5051/4/6 5052/4/6 5063/4/6
f 5062/2/6 5051/2/6 5063/2/6
f 5063/4/6 5052/4/6 5064/4/6
f 5055/2/6 5056/2/6 5065/2/6
f 5065/2/6 5056/2/6 5066/2/6
f 5056/4/6 5057/4/6 5067/4/6
f 5057/2/6 5058/2/6 5067/2/6
f 5058/4/6 5059/4/6 5068/4/6
f 5067/2/6 5058/2/6 5068/2/6
f 5059/2/6 5060/2/6 5069/2/6
f 5068/4/6 5059/4/6 5069/4/6
f 5069/2/6 5060/2/6 5070/2/6
f 5070/2/6 5060/2/6 5071/2/6
f 5060/4/6 5061/4/6 5072/4/6
f 5071/2/6 5060/2/6 5072/2/6
f 5065/4/6 5066/4/6 5073/4/6
f 5055/2/6 5065/2/6 5073/2/6
f 5066/2/6 5056/2/6 5074/2/6
f 5073/4/6 5066/4/6 5074/4/6
f 5056/4/6 5067/4/6 5075/4/6
f 5074/2/6 5056/2/6 5075/2/6
f 5067/4/6 5068/4/6 5075/4/6
f 5069/4/6 5070/4/6 5075/4/6
f 5068/4/6 5069/4/6 5075/4/6
f 5075/4/6 5070/4/6 5076/4/6
f 5070/2/6 5071/2/6 5077/2/6
f 5076/4/6 5070/4/6 5077/4/6
f 5077/2/6 5071/2/6 5078/2/6
f 5071/4/6 5072/4/6 5079/4/6
f 5078/2/6 5071/2/6 5079/2/6
f 5079/4/6 5072/4/6 5080/4/6
f 5072/4/6 5061/4/6 5081/4/6
f 5080/4/6 5072/4/6 5081/4/6
f 5054/4/6 5055/4/6 5082/4/6
f 5082/4/6 5055/4/6 5083/4/6
f 5055/2/6 5073/2/6 5084/2/6
f 5083/4/6 5055/4/6 5084/4/6
f 5073/2/6 5074/2/6 5084/2/6
f 5084/2/6 5074/2/6 5085/2/6
f 5075/4/6 5076/4/6 5086/4/6
f 5085/2/6 5074/2/6 5086/2/6
f 5074/4/6 5075/4/6 5086/4/6
f 5086/4/6 5076/4/6 5087/4/6
f 5087/4/6 5076/4/6 5088/4/6
f 5088/4/6 5076/4/6 5089/4/6
f 5077/2/6 5078/2/6 5090/2/6
f 5089/4/6 5076/4/6 5090/4/6
f 5076/2/6 5077/2/6 5090/2/6
f 5079/4/6 5080/4/6 5091/4/6
f 5090/2/6 5078/2/6 5091/2/6
f 5078/4/6 5079/4/6 5091/4/6
f 5091/4/6 5080/4/6 5092/4/6
f 5092/4/6 5080/4/6 5093/4/6
f 5093/4/6 5080/4/6 5094/4/6
f 5080/2/6 5081/2/6 5095/2/6
f 5094/4/6 5080/4/6 5095/4/6
f 5081/4/6 5061/4/6 5096/4/6
f 5096/4/6 5061/4/6 5097/4/6
f 5061/2/6 5062/2/6 5098/2/6
f 5097/4/6 5061/4/6 5098/4/6
f 5062/4/6 5063/4/6 5099/4/6
f 5098/2/6 5062/2/6 5099/2/6
f 5099/4/6 5063/4/6 5100/4/6
f 5100/4/6 5063/4/6 5101/4/6
f 5082/2/6 5083/2/6 5102/2/6
f 5084/4/6 5085/4/6 5103/4/6
f 5102/2/6 5083/2/6 5103/2/6
f 5083/4/6 5084/4/6 5103/4/6
f 5103/4/6 5085/4/6 5104/4/6
f 5086/2/6 5087/2/6 5105/2/6
f 5104/4/6 5085/4/6 5105/4/6
f 5085/2/6 5086/2/6 5105/2/6
f 5105/2/6 5087/2/6 5106/2/6
f 5087/4/6 5088/4/6 5107/4/6
f 5106/2/6 5087/2/6 5107/2/6
f 5107/4/6 5088/4/6 5108/4/6
f 5088/2/6 5089/2/6 5109/2/6
f 5108/4/6 5088/4/6 5109/4/6
f 5089/4/6 5090/4/6 5110/4/6
f 5109/2/6 5089/2/6 5110/2/6
f 5090/4/6 5091/4/6 5110/4/6
f 5091/4/6 5092/4/6 5110/4/6
f 5110/4/6 5092/4/6 5111/4/6
f 5111/4/6 5092/4/6 5112/4/6
f 5112/4/6 5092/4/6 5113/4/6
f 5092/2/6 5093/2/6 5114/2/6
f 5113/4/6 5092/4/6 5114/4/6
f 5093/4/6 5094/4/6 5115/4/6
f 5114/2/6 5093/2/6 5115/2/6
f 5094/2/6 5095/2/6 5116/2/6
f 5115/4/6 5094/4/6 5116/4/6
f 5095/2/6 5081/2/6 5117/2/6
f 5116/2/6 5095/2/6 5117/2/6
f 5081/4/6 5096/4/6 5118/4/6
f 5117/2/6 5081/2/6 5118/2/6
f 5118/4/6 5096/4/6 5119/4/6
f 5096/2/6 5097/2/6 5120/2/6
f 5119/4/6 5096/4/6 5120/4/6
f 5120/2/6 5097/2/6 5121/2/6
f 5097/4/6 5098/4/6 5122/4/6
f 5121/2/6 5097/2/6 5122/2/6
f 5098/4/6 5099/4/6 5122/4/6
f 5099/4/6 5100/4/6 5122/4/6
f 5122/4/6 5100/4/6 5123/4/6
f 5100/2/6 5101/2/6 5124/2/6
f 5123/4/6 5100/4/6 5124/4/6
f 5124/2/6 5101/2/6 5125/2/6
f 5102/4/6 5103/4/6 5126/4/6
f 5105/4/6 5106/4/6 5127/4/6
f 5103/2/6 5104/2/6 5127/2/6
f 5104/4/6 5105/4/6 5127/4/6
f 5127/4/6 5106/4/6 5128/4/6
f 5128/4/6 5106/4/6 5129/4/6
f 5107/2/6 5108/2/6 5130/2/6
f 5129/4/6 5106/4/6 5130/4/6
f 5106/2/6 5107/2/6 5130/2/6
f 5108/4/6 5109/4/6 5131/4/6
f 5130/2/6 5108/2/6 5131/2/6
f 5109/4/6 5110/4/6 5131/4/6
f 5131/4/6 5110/4/6 5132/4/6
f 5110/2/6 5111/2/6 5133/2/6
f 5132/4/6 5110/4/6 5133/4/6
f 5111/4/6 5112/4/6 5134/4/6
f 5133/2/6 5111/2/6 5134/2/6
f 5134/4/6 5112/4/6 5135/4/6
f 5115/4/6 5116/4/6 5136/4/6
f 5113/4/6 5114/4/6 5136/4/6
f 5112/2/6 5113/2/6 5136/2/6
f 5114/4/6 5115/4/6 5136/4/6
f 5116/4/6 5117/4/6 5136/4/6
f 5136/4/6 5117/4/6 5137/4/6
f 5118/2/6 5119/2/6 5138/2/6
f 5137/4/6 5117/4/6 5138/4/6
f 5117/2/6 5118/2/6 5138/2/6
f 5138/2/6 5119/2/6 5139/2/6
f 5120/4/6 5121/4/6 5140/4/6
f 5139/2/6 5119/2/6 5140/2/6
f 5119/4/6 5120/4/6 5140/4/6
f 5140/4/6 5121/4/6 5141/4/6
f 5122/2/6 5123/2/6 5142/2/6
f 5141/4/6 5121/4/6 5142/4/6
f 5121/2/6 5122/2/6 5142/2/6
f 5142/2/6 5123/2/6 5143/2/6
f 5124/4/6 5125/4/6 5144/4/6
f 5143/2/6 5123/2/6 5144/2/6
f 5123/4/6 5124/4/6 5144/4/6
f 5144/4/6 5125/4/6 5145/4/6
f 5145/4/6 5125/4/6 5146/4/6
f 5126/4/6 5103/4/6 5147/4/6
f 5127/2/6 5128/2/6 5148/2/6
f 5147/4/6 5103/4/6 5148/4/6
f 5103/2/6 5127/2/6 5148/2/6
f 5148/2/6 5128/2/6 5149/2/6
f 5128/4/6 5129/4/6 5150/4/6
f 5149/2/6 5128/2/6 5150/2/6
f 5129/2/6 5130/2/6 5151/2/6
f 5150/4/6 5129/4/6 5151/4/6
f 5130/2/6 5131/2/6 5151/2/6
f 5131/2/6 5132/2/6 5151/2/6
f 5151/2/6 5132/2/6 5152/2/6
f 5133/4/6 5134/4/6 5153/4/6
f 5152/2/6 5132/2/6 5153/2/6
f 5132/4/6 5133/4/6 5153/4/6
f 5134/2/6 5135/2/6 5154/2/6
f 5153/4/6 5134/4/6 5154/4/6
f 5135/4/6 5112/4/6 5155/4/6
f 5154/2/6 5135/2/6 5155/2/6
f 5136/2/6 5137/2/6 5156/2/6
f 5155/4/6 5112/4/6 5156/4/6
f 5112/2/6 5136/2/6 5156/2/6
f 5138/4/6 5139/4/6 5157/4/6
f 5156/2/6 5137/2/6 5157/2/6
f 5137/4/6 5138/4/6 5157/4/6
f 5140/2/6 5141/2/6 5158/2/6
f 5157/4/6 5139/4/6 5158/4/6
f 5139/2/6 5140/2/6 5158/2/6
f 5158/2/6 5141/2/6 5159/2/6
f 5142/4/6 5143/4/6 5160/4/6
f 5159/2/6 5141/2/6 5160/2/6
f 5141/4/6 5142/4/6 5160/4/6
f 5143/2/6 5144/2/6 5161/2/6
f 5160/4/6 5143/4/6 5161/4/6
f 5144/2/6 5145/2/6 5161/2/6
f 5145/4/6 5146/4/6 5162/4/6
f 5161/2/6 5145/2/6 5162/2/6
f 5162/4/6 5146/4/6 5163/4/6
f 5163/4/6 5146/4/6 5164/4/6
f 5148/2/6 5149/2/6 5165/2/6
f 5147/2/6 5148/2/6 5165/2/6
f 5165/2/6 5149/2/6 5166/2/6
f 5166/2/6 5149/2/6 5167/2/6
f 5149/4/6 5150/4/6 5168/4/6
f 5167/2/6 5149/2/6 5168/2/6
f 5151/4/6 5152/4/6 5168/4/6
f 5150/4/6 5151/4/6 5168/4/6
f 5153/2/6 5154/2/6 5169/2/6
f 5168/4/6 5152/4/6 5169/4/6
f 5152/2/6 5153/2/6 5169/2/6
f 5169/2/6 5154/2/6 5170/2/6
f 5154/4/6 5155/4/6 5171/4/6
f 5170/2/6 5154/2/6 5171/2/6
f 5155/4/6 5156/4/6 5171/4/6
f 5156/4/6 5157/4/6 5171/4/6
f 5158/4/6 5159/4/6 5171/4/6
f 5157/4/6 5158/4/6 5171/4/6
f 5171/4/6 5159/4/6 5172/4/6
f 5172/4/6 5159/4/6 5173/4/6
f 5173/4/6 5159/4/6 5174/4/6
f 5160/2/6 5161/2/6 5175/2/6
f 5174/4/6 5159/4/6 5175/4/6
f 5159/2/6 5160/2/6 5175/2/6
f 5175/2/6 5161/2/6 5176/2/6
f 5161/4/6 5162/4/6 5177/4/6
f 5162/4/6 5163/4/6 5177/4/6
f 5163/2/6 5164/2/6 5177/2/6
f 5177/2/6 5164/2/6 5178/2/6
f 5166/2/6 5167/2/6 5179/2/6
f 5165/4/6 5166/4/6 5179/4/6
f 5169/4/6 5170/4/6 5180/4/6
f 5179/2/6 5167/2/6 5180/2/6
f 5167/4/6 5168/4/6 5180/4/6
f 5168/4/6 5169/4/6 5180/4/6
f 5180/4/6 5170/4/6 5181/4/6
f 5181/4/6 5170/4/6 5182/4/6
f 5171/2/6 5172/2/6 5183/2/6
f 5182/4/6 5170/4/6 5183/4/6
f 5170/2/6 5171/2/6 5183/2/6
f 5183/2/6 5172/2/6 5184/2/6
f 5172/4/6 5173/4/6 5185/4/6
f 5184/2/6 5172/2/6 5185/2/6
f 5173/2/6 5174/2/6 5186/2/6
f 5185/4/6 5173/4/6 5186/4/6
f 5175/4/6 5176/4/6 5187/4/6
f 5186/2/6 5174/2/6 5187/2/6
f 5174/4/6 5175/4/6 5187/4/6
f 5187/4/6 5176/4/6 5188/4/6
f 5176/2/6 5161/2/6 5189/2/6
f 5188/4/6 5176/4/6 5189/4/6
f 5161/4/6 5177/4/6 5190/4/6
f 5189/2/6 5161/2/6 5190/2/6
f 5177/4/6 5178/4/6 5190/4/6
f 5190/4/6 5178/4/6 5191/4/6
f 5191/4/6 5178/4/6 5192/4/6
f 5180/4/6 5181/4/6 5193/4/6
f 5179/4/6 5180/4/6 5193/4/6
f 5181/2/6 5182/2/6 5194/2/6
f 5193/4/6 5181/4/6 5194/4/6
f 5182/4/6 5183/4/6 5195/4/6
f 5194/2/6 5182/2/6 5195/2/6
f 5183/4/6 5184/4/6 5195/4/6
f 5187/2/6 5188/2/6 5196/2/6
f 5195/4/6 5184/4/6 5196/4/6
f 5185/2/6 5186/2/6 5196/2/6
f 5184/2/6 5185/2/6 5196/2/6
f 5186/2/6 5187/2/6 5196/2/6
f 5188/4/6 5189/4/6 5197/4/6
f 5196/2/6 5188/2/6 5197/2/6
f 5189/4/6 5190/4/6 5197/4/6
f 5190/4/6 5191/4/6 5197/4/6
f 5197/4/6 5191/4/6 5198/4/6
f 5198/4/6 5191/4/6 5199/4/6
f 5199/4/6 5191/4/6 5200/4/6
f 5191/2/6 5192/2/6 5201/2/6
f 5192/4/6 5178/4/6 5201/4/6
f 5201/4/6 5178/4/6 5202/4/6
f 5202/4/6 5178/4/6 5203/4/6
f 5203/4/6 5178/4/6 5204/4/6
f 5179/4/6 5193/4/6 5205/4/6
f 5195/2/6 5196/2/6 5206/2/6
f 5205/4/6 5193/4/6 5206/4/6
f 5194/2/6 5195/2/6 5206/2/6
f 5193/2/6 5194/2/6 5206/2/6
f 5196/2/6 5197/2/6 5206/2/6
f 5197/2/6 5198/2/6 5206/2/6
f 5206/2/6 5198/2/6 5207/2/6
f 5207/2/6 5198/2/6 5208/2/6
f 5198/4/6 5199/4/6 5209/4/6
f 5208/2/6 5198/2/6 5209/2/6
f 5209/4/6 5199/4/6 5210/4/6
f 5199/2/6 5200/2/6 5211/2/6
f 5210/4/6 5199/4/6 5211/4/6
f 5211/2/6 5200/2/6 5212/2/6
f 5200/4/6 5191/4/6 5213/4/6
f 5212/2/6 5200/2/6 5213/2/6
f 5213/4/6 5191/4/6 5214/4/6
f 5201/2/6 5202/2/6 5215/2/6
f 5214/4/6 5191/4/6 5215/4/6
f 5191/2/6 5201/2/6 5215/2/6
f 5215/2/6 5202/2/6 5216/2/6
f 5202/4/6 5203/4/6 5217/4/6
f 5216/2/6 5202/2/6 5217/2/6
f 5203/2/6 5204/2/6 5218/2/6
f 5217/4/6 5203/4/6 5218/4/6
f 5165/4/6 5179/4/6 5219/4/6
f 5179/4/6 5205/4/6 5219/4/6
f 5205/2/6 5206/2/6 5220/2/6
f 5219/4/6 5205/4/6 5220/4/6
f 5206/2/6 5207/2/6 5220/2/6
f 5220/2/6 5207/2/6 5221/2/6
f 5207/4/6 5208/4/6 5222/4/6
f 5221/2/6 5207/2/6 5222/2/6
f 5222/4/6 5208/4/6 5223/4/6
f 5223/4/6 5208/4/6 5224/4/6
f 5209/2/6 5210/2/6 5225/2/6
f 5224/4/6 5208/4/6 5225/4/6
f 5208/2/6 5209/2/6 5225/2/6
f 5225/2/6 5210/2/6 5226/2/6
f 5211/4/6 5212/4/6 5227/4/6
f 5226/2/6 5210/2/6 5227/2/6
f 5210/4/6 5211/4/6 5227/4/6
f 5227/4/6 5212/4/6 5228/4/6
f 5213/2/6 5214/2/6 5229/2/6
f 5228/4/6 5212/4/6 5229/4/6
f 5212/2/6 5213/2/6 5229/2/6
f 5229/2/6 5214/2/6 5230/2/6
f 5215/4/6 5216/4/6 5231/4/6
f 5230/2/6 5214/2/6 5231/2/6
f 5214/4/6 5215/4/6 5231/4/6
f 5231/4/6 5216/4/6 5232/4/6
f 5217/2/6 5218/2/6 5233/2/6
f 5232/4/6 5216/4/6 5233/4/6
f 5216/2/6 5217/2/6 5233/2/6
f 5218/2/6 5204/2/6 5234/2/6
f 5233/2/6 5218/2/6 5234/2/6
f 5220/2/6 5221/2/6 5235/2/6
f 5165/4/6 5219/4/6 5235/4/6
f 5219/2/6 5220/2/6 5235/2/6
f 5235/2/6 5221/2/6 5236/2/6
f 5236/2/6 5221/2/6 5237/2/6
f 5222/4/6 5223/4/6 5238/4/6
f 5237/2/6 5221/2/6 5238/2/6
f 5221/4/6 5222/4/6 5238/4/6
f 5238/4/6 5223/4/6 5239/4/6
f 5239/4/6 5223/4/6 5240/4/6
f 5240/4/6 5223/4/6 5241/4/6
f 5223/2/6 5224/2/6 5242/2/6
f 5241/4/6 5223/4/6 5242/4/6
f 5242/2/6 5224/2/6 5243/2/6
f 5225/4/6 5226/4/6 5244/4/6
f 5243/2/6 5224/2/6 5244/2/6
f 5224/4/6 5225/4/6 5244/4/6
f 5244/4/6 5226/4/6 5245/4/6
f 5227/2/6 5228/2/6 5246/2/6
f 5245/4/6 5226/4/6 5246/4/6
f 5226/2/6 5227/2/6 5246/2/6
f 5246/2/6 5228/2/6 5247/2/6
f 5229/4/6 5230/4/6 5248/4/6
f 5247/2/6 5228/2/6 5248/2/6
f 5228/4/6 5229/4/6 5248/4/6
f 5248/4/6 5230/4/6 5249/4/6
f 5231/2/6 5232/2/6 5250/2/6
f 5249/4/6 5230/4/6 5250/4/6
f 5230/2/6 5231/2/6 5250/2/6
f 5232/4/6 5233/4/6 5251/4/6
f 5250/2/6 5232/2/6 5251/2/6
f 5233/4/6 5234/4/6 5251/4/6
f 5251/4/6 5234/4/6 5252/4/6
f 5234/2/6 5204/2/6 5253/2/6
f 5252/4/6 5234/4/6 5253/4/6
f 5253/2/6 5204/2/6 5254/2/6
f 5236/2/6 5237/2/6 5255/2/6
f 5235/4/6 5236/4/6 5255/4/6
f 5237/4/6 5238/4/6 5256/4/6
f 5255/2/6 5237/2/6 5256/2/6
f 5238/4/6 5239/4/6 5256/4/6
f 5256/4/6 5239/4/6 5257/4/6
f 5239/2/6 5240/2/6 5258/2/6
f 5257/4/6 5239/4/6 5258/4/6
f 5240/4/6 5241/4/6 5259/4/6
f 5258/2/6 5240/2/6 5259/2/6
f 5241/2/6 5242/2/6 5260/2/6
f 5259/4/6 5241/4/6 5260/4/6
f 5242/4/6 5243/4/6 5261/4/6
f 5260/2/6 5242/2/6 5261/2/6
f 5261/4/6 5243/4/6 5262/4/6
f 5244/2/6 5245/2/6 5263/2/6
f 5243/2/6 5244/2/6 5263/2/6
f 5246/4/6 5247/4/6 5264/4/6
f 5263/2/6 5245/2/6 5264/2/6
f 5245/4/6 5246/4/6 5264/4/6
f 5248/2/6 5249/2/6 5265/2/6
f 5264/4/6 5247/4/6 5265/4/6
f 5247/2/6 5248/2/6 5265/2/6
f 5265/2/6 5249/2/6 5266/2/6
f 5249/4/6 5250/4/6 5267/4/6
f 5266/2/6 5249/2/6 5267/2/6
f 5250/4/6 5251/4/6 5267/4/6
f 5267/4/6 5251/4/6 5268/4/6
f 5251/2/6 5252/2/6 5269/2/6
f 5268/4/6 5251/4/6 5269/4/6
f 5253/4/6 5254/4/6 5270/4/6
f 5269/2/6 5252/2/6 5270/2/6
f 5252/4/6 5253/4/6 5270/4/6
f 5255/4/6 5256/4/6 5271/4/6
f 5256/4/6 5257/4/6 5271/4/6
f 5165/4/6 5235/4/6 5271/4/6
f 5235/4/6 5255/4/6 5271/4/6
f 5271/4/6 5257/4/6 5272/4/6
f 5272/4/6 5257/4/6 5273/4/6
f 5273/4/6 5257/4/6 5274/4/6
f 5259/2/6 5260/2/6 5275/2/6
f 5274/4/6 5257/4/6 5275/4/6
f 5257/2/6 5258/2/6 5275/2/6
f 5261/2/6 5262/2/6 5275/2/6
f 5260/2/6 5261/2/6 5275/2/6
f 5258/2/6 5259/2/6 5275/2/6
f 5275/2/6 5262/2/6 5276/2/6
f 5262/4/6 5243/4/6 5277/4/6
f 5276/2/6 5262/2/6 5277/2/6
f 5243/2/6 5263/2/6 5278/2/6
f 5277/4/6 5243/4/6 5278/4/6
f 5278/2/6 5263/2/6 5279/2/6
f 5265/4/6 5266/4/6 5280/4/6
f 5279/2/6 5263/2/6 5280/2/6
f 5263/4/6 5264/4/6 5280/4/6
f 5264/4/6 5265/4/6 5280/4/6
f 5280/4/6 5266/4/6 5281/4/6
f 5281/4/6 5266/4/6 5282/4/6
f 5267/2/6 5268/2/6 5283/2/6
f 5269/4/6 5270/4/6 5283/4/6
f 5266/2/6 5267/2/6 5283/2/6
f 5268/4/6 5269/4/6 5283/4/6
f 5270/4/6 5254/4/6 5284/4/6
f 5283/4/6 5270/4/6 5284/4/6
f 5272/4/6 5273/4/6 5285/4/6
f 5271/2/6 5272/2/6 5285/2/6
f 5273/2/6 5274/2/6 5286/2/6
f 5285/4/6 5273/4/6 5286/4/6
f 5275/4/6 5276/4/6 5287/4/6
f 5286/2/6 5274/2/6 5287/2/6
f 5274/4/6 5275/4/6 5287/4/6
f 5287/4/6 5276/4/6 5288/4/6
f 5278/2/6 5279/2/6 5289/2/6
f 5288/4/6 5276/4/6 5289/4/6
f 5277/2/6 5278/2/6 5289/2/6
f 5276/2/6 5277/2/6 5289/2/6
f 5279/4/6 5280/4/6 5290/4/6
f 5289/2/6 5279/2/6 5290/2/6
f 5280/4/6 5281/4/6 5290/4/6
f 5281/2/6 5282/2/6 5291/2/6
f 5290/4/6 5281/4/6 5291/4/6
f 5282/4/6 5266/4/6 5292/4/6
f 5291/2/6 5282/2/6 5292/2/6
f 5266/2/6 5283/2/6 5293/2/6
f 5292/4/6 5266/4/6 5293/4/6
f 5283/2/6 5284/2/6 5293/2/6
f 5284/4/6 5254/4/6 5294/4/6
f 5293/2/6 5284/2/6 5294/2/6
f 5294/4/6 5254/4/6 5295/4/6
f 5287/2/6 5288/2/6 5296/2/6
f 5286/2/6 5287/2/6 5296/2/6
f 5285/2/6 5286/2/6 5296/2/6
f 5291/4/6 5292/4/6 5297/4/6
f 5296/2/6 5288/2/6 5297/2/6
f 5288/4/6 5289/4/6 5297/4/6
f 5290/4/6 5291/4/6 5297/4/6
f 5289/4/6 5290/4/6 5297/4/6
f 5297/4/6 5292/4/6 5298/4/6
f 5298/4/6 5292/4/6 5299/4/6
f 5294/2/6 5295/2/6 5300/2/6
f 5299/4/6 5292/4/6 5300/4/6
f 5292/2/6 5293/2/6 5300/2/6
f 5293/2/6 5294/2/6 5300/2/6
f 5295/4/6 5254/4/6 5301/4/6
f 5300/2/6 5295/2/6 5301/2/6
f 5301/4/6 5254/4/6 5302/4/6
f 5285/2/6 5296/2/6 5303/2/6
f 5296/4/6 5297/4/6 5304/4/6
f 5303/2/6 5296/2/6 5304/2/6
f 5304/4/6 5297/4/6 5305/4/6
f 5305/4/6 5297/4/6 5306/4/6
f 5298/4/6 5299/4/6 5307/4/6
f 5297/2/6 5298/2/6 5307/2/6
f 5299/2/6 5300/2/6 5308/2/6
f 5307/4/6 5299/4/6 5308/4/6
f 5300/2/6 5301/2/6 5308/2/6
f 5301/2/6 5302/2/6 5308/2/6
f 5308/2/6 5302/2/6 5309/2/6
f 5309/2/6 5302/2/6 5310/2/6
f 5302/4/6 5254/4/6 5311/4/6
f 5310/2/6 5302/2/6 5311/2/6
f 5311/4/6 5254/4/6 5312/4/6
f 5271/2/6 5285/2/6 5313/2/6
f 5285/2/6 5303/2/6 5313/2/6
f 5313/2/6 5303/2/6 5314/2/6
f 5304/4/6 5305/4/6 5315/4/6
f 5314/2/6 5303/2/6 5315/2/6
f 5303/4/6 5304/4/6 5315/4/6
f 5305/2/6 5306/2/6 5316/2/6
f 5315/4/6 5305/4/6 5316/4/6
f 5306/4/6 5297/4/6 5317/4/6
f 5316/2/6 5306/2/6 5317/2/6
f 5297/2/6 5307/2/6 5318/2/6
f 5317/4/6 5297/4/6 5318/4/6
f 5307/2/6 5308/2/6 5318/2/6
f 5308/2/6 5309/2/6 5318/2/6
f 5318/2/6 5309/2/6 5319/2/6
f 5319/2/6 5309/2/6 5320/2/6
f 5309/4/6 5310/4/6 5321/4/6
f 5320/2/6 5309/2/6 5321/2/6
f 5311/2/6 5312/2/6 5322/2/6
f 5321/4/6 5310/4/6 5322/4/6
f 5310/2/6 5311/2/6 5322/2/6
f 5322/2/6 5312/2/6 5323/2/6
f 5316/2/6 5317/2/6 5324/2/6
f 5315/2/6 5316/2/6 5324/2/6
f 5314/2/6 5315/2/6 5324/2/6
f 5313/4/6 5314/4/6 5324/4/6
f 5317/2/6 5318/2/6 5324/2/6
f 5324/2/6 5318/2/6 5325/2/6
f 5325/2/6 5318/2/6 5326/2/6
f 5318/4/6 5319/4/6 5327/4/6
f 5326/2/6 5318/2/6 5327/2/6
f 5327/4/6 5319/4/6 5328/4/6
f 5319/2/6 5320/2/6 5329/2/6
f 5328/4/6 5319/4/6 5329/4/6
f 5329/2/6 5320/2/6 5330/2/6
f 5322/4/6 5323/4/6 5331/4/6
f 5330/2/6 5320/2/6 5331/2/6
f 5321/4/6 5322/4/6 5331/4/6
f 5320/4/6 5321/4/6 5331/4/6
f 5331/4/6 5323/4/6 5332/4/6
f 5332/4/6 5323/4/6 5333/4/6
f 5333/4/6 5323/4/6 5334/4/6
f 5323/2/6 5312/2/6 5335/2/6
f 5334/4/6 5323/4/6 5335/4/6
f 5335/2/6 5312/2/6 5336/2/6
f 5313/4/6 5324/4/6 5337/4/6
f 5324/4/6 5325/4/6 5337/4/6
f 5325/2/6 5326/2/6 5338/2/6
f 5337/4/6 5325/4/6 5338/4/6
f 5326/4/6 5327/4/6 5339/4/6
f 5327/2/6 5328/2/6 5340/2/6
f 5339/4/6 5327/4/6 5340/4/6
f 5329/4/6 5330/4/6 5341/4/6
f 5340/2/6 5328/2/6 5341/2/6
f 5328/4/6 5329/4/6 5341/4/6
f 5341/4/6 5330/4/6 5342/4/6
f 5330/2/6 5331/2/6 5343/2/6
f 5342/4/6 5330/4/6 5343/4/6
f 5331/2/6 5332/2/6 5343/2/6
f 5343/2/6 5332/2/6 5344/2/6
f 5344/2/6 5332/2/6 5345/2/6
f 5345/2/6 5332/2/6 5346/2/6
f 5332/4/6 5333/4/6 5347/4/6
f 5346/2/6 5332/2/6 5347/2/6
f 5347/4/6 5333/4/6 5348/4/6
f 5333/2/6 5334/2/6 5349/2/6
f 5348/4/6 5333/4/6 5349/4/6
f 5349/2/6 5334/2/6 5350/2/6
f 5335/4/6 5336/4/6 5351/4/6
f 5334/4/6 5335/4/6 5351/4/6
f 5351/4/6 5336/4/6 5352/4/6
f 5337/2/6 5338/2/6 5353/2/6
f 5313/4/6 5337/4/6 5353/4/6
f 5338/2/6 5326/2/6 5354/2/6
f 5353/2/6 5338/2/6 5354/2/6
f 5326/4/6 5339/4/6 5355/4/6
f 5354/2/6 5326/2/6 5355/2/6
f 5339/2/6 5340/2/6 5356/2/6
f 5355/4/6 5339/4/6 5356/4/6
f 5341/2/6 5342/2/6 5356/2/6
f 5340/2/6 5341/2/6 5356/2/6
f 5356/2/6 5342/2/6 5357/2/6
f 5342/4/6 5343/4/6 5358/4/6
f 5357/2/6 5342/2/6 5358/2/6
f 5343/4/6 5344/4/6 5358/4/6
f 5344/2/6 5345/2/6 5359/2/6
f 5358/4/6 5344/4/6 5359/4/6
f 5345/4/6 5346/4/6 5360/4/6
f 5359/2/6 5345/2/6 5360/2/6
f 5360/4/6 5346/4/6 5361/4/6
f 5347/2/6 5348/2/6 5362/2/6
f 5361/4/6 5346/4/6 5362/4/6
f 5346/2/6 5347/2/6 5362/2/6
f 5362/2/6 5348/2/6 5363/2/6
f 5348/4/6 5349/4/6 5364/4/6
f 5363/2/6 5348/2/6 5364/2/6
f 5349/4/6 5350/4/6 5364/4/6
f 5364/4/6 5350/4/6 5365/4/6
f 5350/2/6 5334/2/6 5366/2/6
f 5365/4/6 5350/4/6 5366/4/6
f 5366/2/6 5334/2/6 5367/2/6
f 5334/4/6 5351/4/6 5368/4/6
f 5367/2/6 5334/2/6 5368/2/6
f 5368/4/6 5351/4/6 5369/4/6
f 5351/2/6 5352/2/6 5370/2/6
f 5369/4/6 5351/4/6 5370/4/6
f 5354/2/6 5355/2/6 5371/2/6
f 5353/4/6 5354/4/6 5371/4/6
f 5356/2/6 5357/2/6 5371/2/6
f 5355/2/6 5356/2/6 5371/2/6
f 5371/2/6 5357/2/6 5372/2/6
f 5372/2/6 5357/2/6 5373/2/6
f 5360/4/6 5361/4/6 5374/4/6
f 5373/2/6 5357/2/6 5374/2/6
f 5358/4/6 5359/4/6 5374/4/6
f 5357/4/6 5358/4/6 5374/4/6
f 5359/4/6 5360/4/6 5374/4/6
f 5374/4/6 5361/4/6 5375/4/6
f 5362/2/6 5363/2/6 5376/2/6
f 5375/4/6 5361/4/6 5376/4/6
f 5361/2/6 5362/2/6 5376/2/6
f 5376/2/6 5363/2/6 5377/2/6
f 5364/4/6 5365/4/6 5378/4/6
f 5377/2/6 5363/2/6 5378/2/6
f 5363/4/6 5364/4/6 5378/4/6
f 5378/4/6 5365/4/6 5379/4/6
f 5366/2/6 5367/2/6 5380/2/6
f 5379/4/6 5365/4/6 5380/4/6
f 5365/2/6 5366/2/6 5380/2/6
f 5380/2/6 5367/2/6 5381/2/6
f 5368/4/6 5369/4/6 5382/4/6
f 5381/2/6 5367/2/6 5382/2/6
f 5367/4/6 5368/4/6 5382/4/6
f 5382/4/6 5369/4/6 5383/4/6
f 5369/2/6 5370/2/6 5384/2/6
f 5383/4/6 5369/4/6 5384/4/6
f 5384/2/6 5370/2/6 5385/2/6
f 5370/2/6 5352/2/6 5386/2/6
f 5385/2/6 5370/2/6 5386/2/6
f 5313/4/6 5353/4/6 5387/4/6
f 5371/4/6 5372/4/6 5387/4/6
f 5353/4/6 5371/4/6 5387/4/6
f 5387/4/6 5372/4/6 5388/4/6
f 5372/2/6 5373/2/6 5389/2/6
f 5388/4/6 5372/4/6 5389/4/6
f 5389/2/6 5373/2/6 5390/2/6
f 5390/2/6 5373/2/6 5391/2/6
f 5374/4/6 5375/4/6 5392/4/6
f 5391/2/6 5373/2/6 5392/2/6
f 5373/4/6 5374/4/6 5392/4/6
f 5392/4/6 5375/4/6 5393/4/6
f 5376/2/6 5377/2/6 5394/2/6
f 5393/4/6 5375/4/6 5394/4/6
f 5375/2/6 5376/2/6 5394/2/6
f 5394/2/6 5377/2/6 5395/2/6
f 5378/4/6 5379/4/6 5396/4/6
f 5395/2/6 5377/2/6 5396/2/6
f 5377/4/6 5378/4/6 5396/4/6
f 5380/2/6 5381/2/6 5397/2/6
f 5396/4/6 5379/4/6 5397/4/6
f 5379/2/6 5380/2/6 5397/2/6
f 5382/4/6 5383/4/6 5398/4/6
f 5397/2/6 5381/2/6 5398/2/6
f 5381/4/6 5382/4/6 5398/4/6
f 5398/4/6 5383/4/6 5399/4/6
f 5384/2/6 5385/2/6 5400/2/6
f 5399/4/6 5383/4/6 5400/4/6
f 5383/2/6 5384/2/6 5400/2/6
f 5400/2/6 5385/2/6 5401/2/6
f 5385/4/6 5386/4/6 5402/4/6
f 5401/2/6 5385/2/6 5402/2/6
f 5386/2/6 5352/2/6 5403/2/6
f 5402/4/6 5386/4/6 5403/4/6
f 5403/2/6 5352/2/6 5404/2/6
f 5313/4/6 5387/4/6 5405/4/6
f 5387/2/6 5388/2/6 5406/2/6
f 5405/4/6 5387/4/6 5406/4/6
f 5389/4/6 5390/4/6 5407/4/6
f 5406/2/6 5388/2/6 5407/2/6
f 5388/4/6 5389/4/6 5407/4/6
f 5390/2/6 5391/2/6 5408/2/6
f 5407/4/6 5390/4/6 5408/4/6
f 5392/4/6 5393/4/6 5409/4/6
f 5408/2/6 5391/2/6 5409/2/6
f 5391/4/6 5392/4/6 5409/4/6
f 5409/4/6 5393/4/6 5410/4/6
f 5394/2/6 5395/2/6 5411/2/6
f 5410/4/6 5393/4/6 5411/4/6
f 5393/2/6 5394/2/6 5411/2/6
f 5411/2/6 5395/2/6 5412/2/6
f 5412/2/6 5395/2/6 5413/2/6
f 5413/2/6 5395/2/6 5414/2/6
f 5398/4/6 5399/4/6 5415/4/6
f 5414/2/6 5395/2/6 5415/2/6
f 5396/4/6 5397/4/6 5415/4/6
f 5395/4/6 5396/4/6 5415/4/6
f 5397/4/6 5398/4/6 5415/4/6
f 5415/4/6 5399/4/6 5416/4/6
f 5400/2/6 5401/2/6 5417/2/6
f 5416/4/6 5399/4/6 5417/4/6
f 5399/2/6 5400/2/6 5417/2/6
f 5401/4/6 5402/4/6 5418/4/6
f 5417/2/6 5401/2/6 5418/2/6
f 5403/4/6 5404/4/6 5418/4/6
f 5402/4/6 5403/4/6 5418/4/6
f 5418/4/6 5404/4/6 5419/4/6
f 5419/4/6 5404/4/6 5420/4/6
f 5407/4/6 5408/4/6 5421/4/6
f 5409/4/6 5410/4/6 5421/4/6
f 5406/4/6 5407/4/6 5421/4/6
f 5408/4/6 5409/4/6 5421/4/6
f 5421/4/6 5410/4/6 5422/4/6
f 5422/4/6 5410/4/6 5423/4/6
f 5411/2/6 5412/2/6 5424/2/6
f 5423/4/6 5410/4/6 5424/4/6
f 5410/2/6 5411/2/6 5424/2/6
f 5424/2/6 5412/2/6 5425/2/6
f 5412/4/6 5413/4/6 5426/4/6
f 5425/2/6 5412/2/6 5426/2/6
f 5413/2/6 5414/2/6 5427/2/6
f 5426/4/6 5413/4/6 5427/4/6
f 5415/4/6 5416/4/6 5428/4/6
f 5427/2/6 5414/2/6 5428/2/6
f 5414/4/6 5415/4/6 5428/4/6
f 5428/4/6 5416/4/6 5429/4/6
f 5416/2/6 5417/2/6 5430/2/6
f 5429/4/6 5416/4/6 5430/4/6
f 5430/2/6 5417/2/6 5431/2/6
f 5418/4/6 5419/4/6 5432/4/6
f 5431/2/6 5417/2/6 5432/2/6
f 5417/4/6 5418/4/6 5432/4/6
f 5419/2/6 5420/2/6 5433/2/6
f 5432/4/6 5419/4/6 5433/4/6
f 5433/2/6 5420/2/6 5434/2/6
f 5422/4/6 5423/4/6 5435/4/6
f 5421/2/6 5422/2/6 5435/2/6
f 5435/4/6 5423/4/6 5436/4/6
f 5436/4/6 5423/4/6 5437/4/6
f 5424/2/6 5425/2/6 5438/2/6
f 5437/4/6 5423/4/6 5438/4/6
f 5423/2/6 5424/2/6 5438/2/6
f 5438/2/6 5425/2/6 5439/2/6
f 5425/4/6 5426/4/6 5440/4/6
f 5439/2/6 5425/2/6 5440/2/6
f 5428/4/6 5429/4/6 5440/4/6
f 5426/4/6 5427/4/6 5440/4/6
f 5427/4/6 5428/4/6 5440/4/6
f 5440/4/6 5429/4/6 5441/4/6
f 5441/4/6 5429/4/6 5442/4/6
f 5442/4/6 5429/4/6 5443/4/6
f 5443/4/6 5429/4/6 5444/4/6
f 5430/2/6 5431/2/6 5445/2/6
f 5444/4/6 5429/4/6 5445/4/6
f 5429/2/6 5430/2/6 5445/2/6
f 5445/2/6 5431/2/6 5446/2/6
f 5431/4/6 5432/4/6 5447/4/6
f 5446/2/6 5431/2/6 5447/2/6
f 5433/4/6 5434/4/6 5447/4/6
f 5432/4/6 5433/4/6 5447/4/6
f 5447/4/6 5434/4/6 5448/4/6
f 5448/4/6 5434/4/6 5449/4/6
f 5421/2/6 5435/2/6 5450/2/6
f 5435/2/6 5436/2/6 5450/2/6
f 5436/4/6 5437/4/6 5451/4/6
f 5450/2/6 5436/2/6 5451/2/6
f 5438/2/6 5439/2/6 5452/2/6
f 5451/4/6 5437/4/6 5452/4/6
f 5437/2/6 5438/2/6 5452/2/6
f 5452/2/6 5439/2/6 5453/2/6
f 5453/2/6 5439/2/6 5454/2/6
f 5439/4/6 5440/4/6 5455/4/6
f 5454/2/6 5439/2/6 5455/2/6
f 5455/4/6 5440/4/6 5456/4/6
f 5440/2/6 5441/2/6 5457/2/6
f 5456/4/6 5440/4/6 5457/4/6
f 5441/4/6 5442/4/6 5458/4/6
f 5457/2/6 5441/2/6 5458/2/6
f 5442/2/6 5443/2/6 5459/2/6
f 5443/4/6 5444/4/6 5460/4/6
f 5459/2/6 5443/2/6 5460/2/6
f 5460/4/6 5444/4/6 5461/4/6
f 5445/2/6 5446/2/6 5462/2/6
f 5461/4/6 5444/4/6 5462/4/6
f 5444/2/6 5445/2/6 5462/2/6
f 5462/2/6 5446/2/6 5463/2/6
f 5447/4/6 5448/4/6 5464/4/6
f 5463/2/6 5446/2/6 5464/2/6
f 5446/4/6 5447/4/6 5464/4/6
f 5464/4/6 5448/4/6 5465/4/6
f 5448/2/6 5449/2/6 5466/2/6
f 5465/4/6 5448/4/6 5466/4/6
f 5449/4/6 5434/4/6 5467/4/6
f 5466/2/6 5449/2/6 5467/2/6
f 5405/2/6 5406/2/6 5468/2/6
f 5406/4/6 5421/4/6 5469/4/6
f 5468/2/6 5406/2/6 5469/2/6
f 5421/2/6 5450/2/6 5470/2/6
f 5469/4/6 5421/4/6 5470/4/6
f 5450/4/6 5451/4/6 5471/4/6
f 5470/2/6 5450/2/6 5471/2/6
f 5451/4/6 5452/4/6 5471/4/6
f 5452/4/6 5453/4/6 5471/4/6
f 5471/4/6 5453/4/6 5472/4/6
f 5453/2/6 5454/2/6 5473/2/6
f 5472/4/6 5453/4/6 5473/4/6
f 5473/2/6 5454/2/6 5474/2/6
f 5455/4/6 5456/4/6 5475/4/6
f 5474/2/6 5454/2/6 5475/2/6
f 5454/4/6 5455/4/6 5475/4/6
f 5475/4/6 5456/4/6 5476/4/6
f 5456/2/6 5457/2/6 5477/2/6
f 5476/4/6 5456/4/6 5477/4/6
f 5457/4/6 5458/4/6 5478/4/6
f 5477/2/6 5457/2/6 5478/2/6
f 5442/2/6 5459/2/6 5479/2/6
f 5478/4/6 5458/4/6 5479/4/6
f 5458/4/6 5442/4/6 5479/4/6
f 5460/4/6 5461/4/6 5480/4/6
f 5479/2/6 5459/2/6 5480/2/6
f 5459/4/6 5460/4/6 5480/4/6
f 5480/4/6 5461/4/6 5481/4/6
f 5462/2/6 5463/2/6 5482/2/6
f 5481/4/6 5461/4/6 5482/4/6
f 5461/2/6 5462/2/6 5482/2/6
f 5464/4/6 5465/4/6 5483/4/6
f 5482/2/6 5463/2/6 5483/2/6
f 5463/4/6 5464/4/6 5483/4/6
f 5483/4/6 5465/4/6 5484/4/6
f 5465/2/6 5466/2/6 5485/2/6
f 5484/4/6 5465/4/6 5485/4/6
f 5485/2/6 5466/2/6 5486/2/6
f 5466/4/6 5467/4/6 5487/4/6
f 5486/2/6 5466/2/6 5487/2/6
f 5487/4/6 5467/4/6 5488/4/6
f 5467/4/6 5434/4/6 5489/4/6
f 5488/4/6 5467/4/6 5489/4/6
f 5469/4/6 5470/4/6 5490/4/6
f 5468/4/6 5469/4/6 5490/4/6
f 5470/4/6 5471/4/6 5490/4/6
f 5471/4/6 5472/4/6 5490/4/6
f 5473/2/6 5474/2/6 5491/2/6
f 5490/4/6 5472/4/6 5491/4/6
f 5472/2/6 5473/2/6 5491/2/6
f 5491/2/6 5474/2/6 5492/2/6
f 5474/4/6 5475/4/6 5493/4/6
f 5492/2/6 5474/2/6 5493/2/6
f 5475/4/6 5476/4/6 5493/4/6
f 5493/4/6 5476/4/6 5494/4/6
f 5494/4/6 5476/4/6 5495/4/6
f 5476/2/6 5477/2/6 5496/2/6
f 5495/4/6 5476/4/6 5496/4/6
f 5480/4/6 5481/4/6 5497/4/6
f 5496/2/6 5477/2/6 5497/2/6
f 5478/4/6 5479/4/6 5497/4/6
f 5477/4/6 5478/4/6 5497/4/6
f 5479/4/6 5480/4/6 5497/4/6
f 5497/4/6 5481/4/6 5498/4/6
f 5481/2/6 5482/2/6 5499/2/6
f 5498/4/6 5481/4/6 5499/4/6
f 5499/2/6 5482/2/6 5500/2/6
f 5483/4/6 5484/4/6 5501/4/6
f 5500/2/6 5482/2/6 5501/2/6
f 5482/4/6 5483/4/6 5501/4/6
f 5484/2/6 5485/2/6 5502/2/6
f 5501/4/6 5484/4/6 5502/4/6
f 5485/2/6 5486/2/6 5502/2/6
f 5487/4/6 5488/4/6 5503/4/6
f 5502/2/6 5486/2/6 5503/2/6
f 5486/4/6 5487/4/6 5503/4/6
f 5503/4/6 5488/4/6 5504/4/6
f 5504/4/6 5488/4/6 5505/4/6
f 5488/2/6 5489/2/6 5506/2/6
f 5505/4/6 5488/4/6 5506/4/6
f 5489/4/6 5434/4/6 5507/4/6
f 5506/2/6 5489/2/6 5507/2/6
f 5468/4/6 5490/4/6 5508/4/6
f 5505/4/6 5506/4/6 5509/4/6
f 5507/4/6 5434/4/6 5509/4/6
f 5506/4/6 5507/4/6 5509/4/6
f 5508/4/6 5490/4/6 5510/4/6
f 5510/4/6 5490/4/6 5511/4/6
f 5511/4/6 5490/4/6 5512/4/6
f 5491/2/6 5492/2/6 5513/2/6
f 5512/4/6 5490/4/6 5513/4/6
f 5490/2/6 5491/2/6 5513/2/6
f 5513/2/6 5492/2/6 5514/2/6
f 5514/2/6 5492/2/6 5515/2/6
f 5493/4/6 5494/4/6 5516/4/6
f 5515/2/6 5492/2/6 5516/2/6
f 5492/4/6 5493/4/6 5516/4/6
f 5516/4/6 5494/4/6 5517/4/6
f 5494/2/6 5495/2/6 5518/2/6
f 5517/4/6 5494/4/6 5518/4/6
f 5495/4/6 5496/4/6 5519/4/6
f 5518/2/6 5495/2/6 5519/2/6
f 5497/4/6 5498/4/6 5519/4/6
f 5496/4/6 5497/4/6 5519/4/6
f 5499/2/6 5500/2/6 5520/2/6
f 5519/4/6 5498/4/6 5520/4/6
f 5498/2/6 5499/2/6 5520/2/6
f 5520/2/6 5500/2/6 5521/2/6
f 5521/2/6 5500/2/6 5522/2/6
f 5501/4/6 5502/4/6 5523/4/6
f 5522/2/6 5500/2/6 5523/2/6
f 5500/4/6 5501/4/6 5523/4/6
f 5502/4/6 5503/4/6 5523/4/6
f 5503/4/6 5504/4/6 5523/4/6
f 5523/4/6 5504/4/6 5524/4/6
f 5524/4/6 5504/4/6 5525/4/6
f 5525/4/6 5504/4/6 5526/4/6
f 5526/4/6 5504/4/6 5527/4/6
f 5504/2/6 5505/2/6 5528/2/6
f 5527/4/6 5504/4/6 5528/4/6
f 5505/4/6 5509/4/6 5529/4/6
f 5528/2/6 5505/2/6 5529/2/6
f 5529/4/6 5509/4/6 5530/4/6
f 5531/4/6 5532/4/6 5536/4/6
f 5536/4/6 5532/4/6 5537/4/6
f 5533/4/6 5534/4/6 5538/4/6
f 5538/4/6 5534/4/6 5539/4/6
f 5535/4/6 5536/4/6 5541/4/6
f 5541/4/6 5536/4/6 5542/4/6
f 5539/4/6 5540/4/6 5543/4/6
f 5543/4/6 5540/4/6 5544/4/6
f 5541/2/6 5542/2/6 5545/2/6
f 5543/2/6 5544/2/6 5546/2/6
f 5541/2/6 5545/2/6 5547/2/6
f 5546/2/6 5544/2/6 5548/2/6
f 5541/2/6 5547/2/6 5549/2/6
f 5549/2/6 5547/2/6 5550/2/6
f 5548/2/6 5544/2/6 5551/2/6
f 5551/2/6 5544/2/6 5552/2/6
f 5549/4/6 5550/4/6 5553/4/6
f 5549/4/6 5553/4/6 5554/4/6
f 5554/4/6 5553/4/6 5555/4/6
f 5551/4/6 5552/4/6 5556/4/6
f 5556/4/6 5552/4/6 5557/4/6
f 5554/2/6 5555/2/6 5558/2/6
f 5558/2/6 5555/2/6 5559/2/6
f 5556/2/6 5557/2/6 5560/2/6
f 5560/2/6 5557/2/6 5561/2/6
f 5558/4/6 5559/4/6 5562/4/6
f 5562/4/6 5559/4/6 5563/4/6
f 5560/4/6 5561/4/6 5564/4/6
f 5564/4/6 5561/4/6 5565/4/6
f 5562/2/6 5563/2/6 5566/2/6
f 5564/2/6 5565/2/6 5567/2/6
f 5562/2/6 5566/2/6 5568/2/6
f 5568/2/6 5566/2/6 5569/2/6
f 5567/2/6 5565/2/6 5570/2/6
f 5570/2/6 5565/2/6 5571/2/6
f 5568/4/6 5569/4/6 5572/4/6
f 5572/4/6 5569/4/6 5573/4/6
f 5570/4/6 5571/4/6 5574/4/6
f 5574/4/6 5571/4/6 5575/4/6
f 5572/2/6 5573/2/6 5576/2/6
f 5576/2/6 5573/2/6 5577/2/6
f 5574/2/6 5575/2/6 5578/2/6
f 5578/2/6 5575/2/6 5579/2/6
f 5576/4/6 5577/4/6 5580/4/6
f 5580/4/6 5577/4/6 5581/4/6
f 5578/4/6 5579/4/6 5582/4/6
f 5582/4/6 5579/4/6 5583/4/6
f 5580/2/6 5581/2/6 5584/2/6
f 5584/2/6 5581/2/6 5585/2/6
f 5582/2/6 5583/2/6 5586/2/6
f 5586/2/6 5583/2/6 5587/2/6
f 5584/4/6 5585/4/6 5588/4/6
f 5588/4/6 5585/4/6 5589/4/6
f 5586/4/6 5587/4/6 5590/4/6
f 5590/4/6 5587/4/6 5591/4/6
f 5588/2/6 5589/2/6 5592/2/6
f 5590/2/6 5591/2/6 5593/2/6
f 5588/2/6 5592/2/6 5594/2/6
f 5594/2/6 5592/2/6 5595/2/6
f 5593/2/6 5591/2/6 5596/2/6
f 5596/2/6 5591/2/6 5597/2/6
f 5594/4/6 5595/4/6 5598/4/6
f 5598/4/6 5595/4/6 5599/4/6
f 5596/4/6 5597/4/6 5600/4/6
f 5600/4/6 5597/4/6 5601/4/6
f 5598/2/6 5599/2/6 5602/2/6
f 5600/2/6 5601/2/6 5603/2/6
f 5598/2/6 5602/2/6 5604/2/6
f 5604/2/6 5602/2/6 5605/2/6
f 5603/2/6 5601/2/6 5606/2/6
f 5606/2/6 5601/2/6 5607/2/6
f 5604/4/6 5605/4/6 5608/4/6
f 5608/4/6 5605/4/6 5609/4/6
f 5606/4/6 5607/4/6 5612/4/6
f 5612/4/6 5607/4/6 5613/4/6
f 5609/4/6 5610/4/6 5614/4/6
f 5614/4/6 5610/4/6 5615/4/6
f 5611/2/6 5612/2/6 5616/2/6
f 5616/2/6 5612/2/6 5617/2/6
f 5618/4/6 5619/4/6 5621/4/6
f 5621/4/6 5619/4/6 5622/4/6
f 5622/4/6 5619/4/6 5623/4/6
f 5623/4/6 5619/4/6 5624/4/6
f 5624/4/6 5619/4/6 5625/4/6
f 5625/4/6 5619/4/6 5626/4/6
f 5626/4/6 5619/4/6 5627/4/6
f 5627/4/6 5619/4/6 5628/4/6
f 5628/4/6 5619/4/6 5629/4/6
f 5629/4/6 5619/4/6 5630/4/6
f 5630/4/6 5619/4/6 5631/4/6
f 5631/4/6 5619/4/6 5632/4/6
f 5632/4/6 5619/4/6 5633/4/6
f 5620/4/6 5621/4/6 5635/4/6
f 5621/4/6 5622/4/6 5635/4/6
f 5635/4/6 5622/4/6 5636/4/6
f 5633/4/6 5634/4/6 5637/4/6
f 5632/4/6 5633/4/6 5637/4/6
f 5637/4/6 5634/4/6 5638/4/6
f 5620/4/6 5635/4/6 5639/4/6
f 5638/4/6 5634/4/6 5640/4/6
f 5620/4/6 5639/4/6 5641/4/6
f 5641/4/6 5639/4/6 5642/4/6
f 5640/4/6 5634/4/6 5643/4/6
f 5643/4/6 5634/4/6 5644/4/6
f 5641/2/6 5642/2/6 5645/2/6
f 5643/2/6 5644/2/6 5646/2/6
f 5646/2/6 5644/2/6 5647/2/6
f 5641/2/6 5645/2/6 5648/2/6
f 5646/4/6 5647/4/6 5649/4/6
f 5649/4/6 5647/4/6 5650/4/6
f 5641/2/6 5648/2/6 5651/2/6
f 5651/2/6 5648/2/6 5652/2/6
f 5649/2/6 5650/2/6 5653/2/6
f 5653/2/6 5650/2/6 5654/2/6
f 5651/4/6 5652/4/6 5655/4/6
f 5655/4/6 5652/4/6 5656/4/6
f 5653/4/6 5654/4/6 5657/4/6
f 5655/2/6 5656/2/6 5658/2/6
f 5658/2/6 5656/2/6 5659/2/6
f 5657/4/6 5654/4/6 5660/4/6
f 5658/4/6 5659/4/6 5661/4/6
f 5658/4/6 5661/4/6 5662/4/6
f 5662/4/6 5661/4/6 5663/4/6
f 5660/4/6 5654/4/6 5664/4/6
f 5664/4/6 5654/4/6 5665/4/6
f 5662/2/6 5663/2/6 5666/2/6
f 5666/2/6 5663/2/6 5667/2/6
f 5664/2/6 5665/2/6 5668/2/6
f 5668/2/6 5665/2/6 5669/2/6
f 5666/4/6 5667/4/6 5670/4/6
f 5668/4/6 5669/4/6 5671/4/6
f 5671/4/6 5669/4/6 5672/4/6
f 5666/4/6 5670/4/6 5673/4/6
f 5672/4/6 5669/4/6 5674/4/6
f 5666/4/6 5673/4/6 5675/4/6
f 5666/4/6 5675/4/6 5676/4/6
f 5676/4/6 5675/4/6 5677/4/6
f 5674/4/6 5669/4/6 5678/4/6
f 5678/4/6 5669/4/6 5679/4/6
f 5676/2/6 5677/2/6 5680/2/6
f 5680/2/6 5677/2/6 5681/2/6
f 5678/2/6 5679/2/6 5682/2/6
f 5682/2/6 5679/2/6 5683/2/6
f 5680/4/6 5681/4/6 5684/4/6
f 5684/4/6 5681/4/6 5685/4/6
f 5682/4/6 5683/4/6 5686/4/6
f 5686/4/6 5683/4/6 5687/4/6
f 5684/2/6 5685/2/6 5688/2/6
f 5684/2/6 5688/2/6 5689/2/6
f 5684/2/6 5689/2/6 5690/2/6
f 5690/2/6 5689/2/6 5691/2/6
f 5686/2/6 5687/2/6 5692/2/6
f 5692/2/6 5687/2/6 5693/2/6
f 5692/4/6 5693/4/6 5694/4/6
f 5690/4/6 5691/4/6 5695/4/6
f 5694/4/6 5693/4/6 5697/4/6
f 5690/4/6 5695/4/6 5698/4/6
f 5696/2/6 5697/2/6 5700/2/6
f 5697/4/6 5693/4/6 5701/4/6
f 5700/2/6 5697/2/6 5701/2/6
f 5698/4/6 5699/4/6 5702/4/6
f 5690/4/6 5698/4/6 5702/4/6
f 5702/4/6 5699/4/6 5703/4/6
f 5703/4/6 5699/4/6 5704/4/6
f 5700/4/6 5701/4/6 5724/4/6
f 5701/4/6 5693/4/6 5725/4/6
f 5724/4/6 5701/4/6 5725/4/6
f 5725/4/6 5693/4/6 5726/4/6
f 5703/4/6 5704/4/6 5727/4/6
f 5704/4/6 5705/4/6 5727/4/6
f 5705/2/6 5706/2/6 5728/2/6
f 5727/4/6 5705/4/6 5728/4/6
f 5706/4/6 5707/4/6 5729/4/6
f 5728/2/6 5706/2/6 5729/2/6
f 5707/2/6 5708/2/6 5730/2/6
f 5729/4/6 5707/4/6 5730/4/6
f 5708/4/6 5709/4/6 5731/4/6
f 5730/2/6 5708/2/6 5731/2/6
f 5709/4/6 5710/4/6 5731/4/6
f 5710/4/6 5711/4/6 5731/4/6
f 5711/4/6 5712/4/6 5731/4/6
f 5712/2/6 5713/2/6 5732/2/6
f 5731/4/6 5712/4/6 5732/4/6
f 5713/2/6 5714/2/6 5732/2/6
f 5714/4/6 5715/4/6 5733/4/6
f 5732/2/6 5714/2/6 5733/2/6
f 5715/2/6 5716/2/6 5734/2/6
f 5733/4/6 5715/4/6 5734/4/6
f 5716/2/6 5717/2/6 5734/2/6
f 5720/4/6 5721/4/6 5735/4/6
f 5734/2/6 5717/2/6 5735/2/6
f 5719/4/6 5720/4/6 5735/4/6
f 5717/4/6 5718/4/6 5735/4/6
f 5718/4/6 5719/4/6 5735/4/6
f 5722/2/6 5723/2/6 5736/2/6
f 5735/4/6 5721/4/6 5736/4/6
f 5721/2/6 5722/2/6 5736/2/6
f 5723/4/6 5724/4/6 5737/4/6
f 5736/2/6 5723/2/6 5737/2/6
f 5724/4/6 5725/4/6 5737/4/6
f 5737/4/6 5725/4/6 5738/4/6
f 5739/2/6 5740/2/6 5751/2/6
f 5740/4/6 5741/4/6 5752/4/6
f 5751/2/6 5740/2/6 5752/2/6
f 5752/4/6 5741/4/6 5753/4/6
f 5741/2/6 5742/2/6 5754/2/6
f 5753/4/6 5741/4/6 5754/4/6
f 5754/2/6 5742/2/6 5755/2/6
f 5742/4/6 5743/4/6 5756/4/6
f 5755/2/6 5742/2/6 5756/2/6
f 5756/4/6 5743/4/6 5757/4/6
f 5743/2/6 5744/2/6 5758/2/6
f 5757/4/6 5743/4/6 5758/4/6
f 5744/4/6 5745/4/6 5759/4/6
f 5758/2/6 5744/2/6 5759/2/6
f 5759/4/6 5745/4/6 5760/4/6
f 5760/4/6 5745/4/6 5761/4/6
f 5761/4/6 5745/4/6 5762/4/6
f 5745/2/6 5746/2/6 5763/2/6
f 5762/4/6 5745/4/6 5763/4/6
f 5763/2/6 5746/2/6 5764/2/6
f 5764/2/6 5746/2/6 5765/2/6
f 5765/2/6 5746/2/6 5766/2/6
f 5746/4/6 5747/4/6 5767/4/6
f 5766/2/6 5746/2/6 5767/2/6
f 5767/4/6 5747/4/6 5768/4/6
f 5747/2/6 5748/2/6 5769/2/6
f 5768/4/6 5747/4/6 5769/4/6
f 5748/4/6 5749/4/6 5770/4/6
f 5769/2/6 5748/2/6 5770/2/6
f 5770/4/6 5749/4/6 5771/4/6
f 5750/4/6 5751/4/6 5773/4/6
f 5752/2/6 5753/2/6 5774/2/6
f 5773/4/6 5751/4/6 5774/4/6
f 5751/2/6 5752/2/6 5774/2/6
f 5774/2/6 5753/2/6 5775/2/6
f 5754/4/6 5755/4/6 5776/4/6
f 5775/2/6 5753/2/6 5776/2/6
f 5753/4/6 5754/4/6 5776/4/6
f 5756/2/6 5757/2/6 5777/2/6
f 5776/4/6 5755/4/6 5777/4/6
f 5755/2/6 5756/2/6 5777/2/6
f 5757/4/6 5758/4/6 5778/4/6
f 5777/2/6 5757/2/6 5778/2/6
f 5758/4/6 5759/4/6 5778/4/6
f 5759/2/6 5760/2/6 5779/2/6
f 5778/4/6 5759/4/6 5779/4/6
f 5760/4/6 5761/4/6 5780/4/6
f 5779/2/6 5760/2/6 5780/2/6
f 5761/2/6 5762/2/6 5781/2/6
f 5780/4/6 5761/4/6 5781/4/6
f 5762/4/6 5763/4/6 5782/4/6
f 5781/2/6 5762/2/6 5782/2/6
f 5763/4/6 5764/4/6 5782/4/6
f 5764/2/6 5765/2/6 5783/2/6
f 5782/4/6 5764/4/6 5783/4/6
f 5783/2/6 5765/2/6 5784/2/6
f 5765/4/6 5766/4/6 5785/4/6
f 5784/2/6 5765/2/6 5785/2/6
f 5767/2/6 5768/2/6 5786/2/6
f 5785/4/6 5766/4/6 5786/4/6
f 5766/2/6 5767/2/6 5786/2/6
f 5786/2/6 5768/2/6 5787/2/6
f 5787/2/6 5768/2/6 5788/2/6
f 5788/2/6 5768/2/6 5789/2/6
f 5768/4/6 5769/4/6 5790/4/6
f 5789/2/6 5768/2/6 5790/2/6
f 5769/4/6 5770/4/6 5790/4/6
f 5770/2/6 5771/2/6 5791/2/6
f 5790/4/6 5770/4/6 5791/4/6
f 5791/2/6 5771/2/6 5792/2/6
f 5771/4/6 5772/4/6 5793/4/6
f 5792/2/6 5771/2/6 5793/2/6
f 5793/4/6 5772/4/6 5794/4/6
f 5774/2/6 5775/2/6 5795/2/6
f 5773/2/6 5774/2/6 5795/2/6
f 5795/2/6 5775/2/6 5796/2/6
f 5793/2/6 5794/2/6 5797/2/6
f 5792/2/6 5793/2/6 5797/2/6
f 5797/2/6 5794/2/6 5798/2/6
f 5798/2/6 5794/2/6 5799/2/6
f 5773/2/6 5795/2/6 5800/2/6
f 5800/2/6 5795/2/6 5801/2/6
f 5800/4/6 5801/4/6 5802/4/6
f 5802/4/6 5801/4/6 5803/4/6
f 5799/2/6 5794/2/6 5804/2/6
f 5804/2/6 5794/2/6 5805/2/6
f 5802/2/6 5803/2/6 5806/2/6
f 5806/2/6 5803/2/6 5807/2/6
f 5806/4/6 5807/4/6 5808/4/6
f 5808/4/6 5807/4/6 5809/4/6
f 5804/4/6 5805/4/6 5810/4/6
f 5810/4/6 5805/4/6 5811/4/6
f 5810/2/6 5811/2/6 5812/2/6
f 5812/2/6 5811/2/6 5813/2/6
f 5808/2/6 5809/2/6 5814/2/6
f 5814/2/6 5809/2/6 5815/2/6
f 5812/4/6 5813/4/6 5816/4/6
f 5816/4/6 5813/4/6 5817/4/6
f 5817/4/6 5813/4/6 5818/4/6
f 5814/4/6 5815/4/6 5819/4/6
f 5814/4/6 5819/4/6 5820/4/6
f 5820/4/6 5819/4/6 5821/4/6
f 5817/2/6 5818/2/6 5822/2/6
f 5822/2/6 5818/2/6 5823/2/6
f 5820/2/6 5821/2/6 5824/2/6
f 5822/4/6 5823/4/6 5825/4/6
f 5825/4/6 5823/4/6 5826/4/6
f 5825/2/6 5826/2/6 5827/2/6
f 5820/2/6 5824/2/6 5828/2/6
f 5828/2/6 5824/2/6 5829/2/6
f 5827/2/6 5826/2/6 5830/2/6
f 5830/2/6 5826/2/6 5831/2/6
f 5828/4/6 5829/4/6 5832/4/6
f 5832/4/6 5829/4/6 5833/4/6
f 5830/4/6 5831/4/6 5834/4/6
f 5834/4/6 5831/4/6 5835/4/6
f 5832/2/6 5833/2/6 5836/2/6
f 5836/2/6 5833/2/6 5837/2/6
f 5834/2/6 5835/2/6 5838/2/6
f 5838/2/6 5835/2/6 5839/2/6
f 5836/4/6 5837/4/6 5840/4/6
f 5840/4/6 5837/4/6 5841/4/6
f 5838/4/6 5839/4/6 5842/4/6
f 5842/4/6 5839/4/6 5843/4/6
f 5840/2/6 5841/2/6 5844/2/6
f 5844/2/6 5841/2/6 5845/2/6
f 5842/2/6 5843/2/6 5846/2/6
f 5844/4/6 5845/4/6 5847/4/6
f 5847/4/6 5845/4/6 5848/4/6
f 5846/2/6 5843/2/6 5849/2/6
f 5849/2/6 5843/2/6 5850/2/6
f 5847/2/6 5848/2/6 5851/2/6
f 5849/4/6 5850/4/6 5854/4/6
f 5854/4/6 5850/4/6 5855/4/6
f 5851/2/6 5852/2/6 5856/2/6
f 5847/2/6 5851/2/6 5856/2/6
f 5856/2/6 5852/2/6 5857/2/6
f 5857/2/6 5852/2/6 5858/2/6
f 5854/2/6 5855/2/6 5871/2/6
f 5853/2/6 5854/2/6 5871/2/6
f 5871/2/6 5855/2/6 5872/2/6
f 5872/2/6 5855/2/6 5873/2/6
f 5856/4/6 5857/4/6 5874/4/6
f 5857/2/6 5858/2/6 5875/2/6
f 5874/4/6 5857/4/6 5875/4/6
f 5858/2/6 5859/2/6 5875/2/6
f 5875/2/6 5859/2/6 5876/2/6
f 5859/4/6 5860/4/6 5877/4/6
f 5876/2/6 5859/2/6 5877/2/6
f 5877/4/6 5860/4/6 5878/4/6
f 5860/2/6 5861/2/6 5879/2/6
f 5878/4/6 5860/4/6 5879/4/6
f 5879/2/6 5861/2/6 5880/2/6
f 5861/4/6 5862/4/6 5881/4/6
f 5880/2/6 5861/2/6 5881/2/6
f 5881/4/6 5862/4/6 5882/4/6
f 5862/2/6 5863/2/6 5883/2/6
f 5882/4/6 5862/4/6 5883/4/6
f 5863/4/6 5864/4/6 5884/4/6
f 5883/2/6 5863/2/6 5884/2/6
f 5864/2/6 5865/2/6 5885/2/6
f 5865/4/6 5866/4/6 5886/4/6
f 5885/2/6 5865/2/6 5886/2/6
f 5886/4/6 5866/4/6 5887/4/6
f 5866/2/6 5867/2/6 5888/2/6
f 5887/4/6 5866/4/6 5888/4/6
f 5888/2/6 5867/2/6 5889/2/6
f 5867/4/6 5868/4/6 5890/4/6
f 5889/2/6 5867/2/6 5890/2/6
f 5890/4/6 5868/4/6 5891/4/6
f 5868/2/6 5869/2/6 5892/2/6
f 5891/4/6 5868/4/6 5892/4/6
f 5892/2/6 5869/2/6 5893/2/6
f 5869/4/6 5870/4/6 5894/4/6
f 5893/2/6 5869/2/6 5894/2/6
f 5894/4/6 5870/4/6 5895/4/6
f 5871/2/6 5872/2/6 5896/2/6
f 5895/4/6 5870/4/6 5896/4/6
f 5870/2/6 5871/2/6 5896/2/6
f 5896/2/6 5872/2/6 5897/2/6
f 5875/2/6 5876/2/6 5898/2/6
f 5877/4/6 5878/4/6 5899/4/6
f 5898/2/6 5876/2/6 5899/2/6
f 5876/4/6 5877/4/6 5899/4/6
f 5879/2/6 5880/2/6 5900/2/6
f 5899/4/6 5878/4/6 5900/4/6
f 5878/2/6 5879/2/6 5900/2/6
f 5881/4/6 5882/4/6 5901/4/6
f 5900/2/6 5880/2/6 5901/2/6
f 5880/4/6 5881/4/6 5901/4/6
f 5882/2/6 5883/2/6 5902/2/6
f 5901/4/6 5882/4/6 5902/4/6
f 5883/4/6 5884/4/6 5903/4/6
f 5902/2/6 5883/2/6 5903/2/6
f 5884/4/6 5864/4/6 5904/4/6
f 5903/4/6 5884/4/6 5904/4/6
f 5864/2/6 5885/2/6 5904/2/6
f 5886/4/6 5887/4/6 5905/4/6
f 5904/2/6 5885/2/6 5905/2/6
f 5885/4/6 5886/4/6 5905/4/6
f 5887/2/6 5888/2/6 5906/2/6
f 5905/4/6 5887/4/6 5906/4/6
f 5888/2/6 5889/2/6 5906/2/6
f 5890/4/6 5891/4/6 5907/4/6
f 5906/2/6 5889/2/6 5907/2/6
f 5889/4/6 5890/4/6 5907/4/6
f 5892/2/6 5893/2/6 5908/2/6
f 5907/4/6 5891/4/6 5908/4/6
f 5891/2/6 5892/2/6 5908/2/6
f 5894/4/6 5895/4/6 5909/4/6
f 5908/2/6 5893/2/6 5909/2/6
f 5893/4/6 5894/4/6 5909/4/6
f 5895/2/6 5896/2/6 5910/2/6
f 5909/4/6 5895/4/6 5910/4/6
f 5896/4/6 5897/4/6 5911/4/6
f 5910/2/6 5896/2/6 5911/2/6
f 5911/4/6 5897/4/6 5912/4/6
f 5913/2/6 5914/2/6 5929/2/6
f 5914/4/6 5915/4/6 5930/4/6
f 5929/2/6 5914/2/6 5930/2/6
f 5930/4/6 5915/4/6 5931/4/6
f 5931/4/6 5915/4/6 5932/4/6
f 5915/2/6 5916/2/6 5933/2/6
f 5932/4/6 5915/4/6 5933/4/6
f 5916/4/6 5917/4/6 5934/4/6
f 5933/2/6 5916/2/6 5934/2/6
f 5934/4/6 5917/4/6 5935/4/6
f 5917/2/6 5918/2/6 5936/2/6
f 5935/4/6 5917/4/6 5936/4/6
f 5918/4/6 5919/4/6 5937/4/6
f 5936/2/6 5918/2/6 5937/2/6
f 5937/4/6 5919/4/6 5938/4/6
f 5919/2/6 5920/2/6 5939/2/6
f 5920/4/6 5921/4/6 5939/4/6
f 5939/4/6 5921/4/6 5940/4/6
f 5921/2/6 5922/2/6 5941/2/6
f 5940/4/6 5921/4/6 5941/4/6
f 5941/2/6 5922/2/6 5942/2/6
f 5922/4/6 5923/4/6 5943/4/6
f 5942/2/6 5922/2/6 5943/2/6
f 5943/4/6 5923/4/6 5944/4/6
f 5923/2/6 5924/2/6 5945/2/6
f 5944/4/6 5923/4/6 5945/4/6
f 5924/4/6 5925/4/6 5946/4/6
f 5945/2/6 5924/2/6 5946/2/6
f 5926/4/6 5927/4/6 5947/4/6
f 5925/2/6 5926/2/6 5947/2/6
f 5947/4/6 5927/4/6 5948/4/6
f 5948/4/6 5927/4/6 5949/4/6
f 5928/2/6 5929/2/6 5951/2/6
f 5929/2/6 5930/2/6 5951/2/6
f 5930/2/6 5931/2/6 5951/2/6
f 5931/4/6 5932/4/6 5952/4/6
f 5951/2/6 5931/2/6 5952/2/6
f 5932/2/6 5933/2/6 5953/2/6
f 5952/4/6 5932/4/6 5953/4/6
f 5934/2/6 5935/2/6 5953/2/6
f 5933/2/6 5934/2/6 5953/2/6
f 5953/2/6 5935/2/6 5954/2/6
f 5935/4/6 5936/4/6 5955/4/6
f 5954/2/6 5935/2/6 5955/2/6
f 5936/4/6 5937/4/6 5955/4/6
f 5955/4/6 5937/4/6 5956/4/6
f 5937/2/6 5938/2/6 5957/2/6
f 5956/4/6 5937/4/6 5957/4/6
f 5938/4/6 5919/4/6 5958/4/6
f 5957/2/6 5938/2/6 5958/2/6
f 5939/2/6 5940/2/6 5959/2/6
f 5958/4/6 5919/4/6 5959/4/6
f 5919/2/6 5939/2/6 5959/2/6
f 5941/4/6 5942/4/6 5960/4/6
f 5959/2/6 5940/2/6 5960/2/6
f 5940/4/6 5941/4/6 5960/4/6
f 5943/2/6 5944/2/6 5961/2/6
f 5960/4/6 5942/4/6 5961/4/6
f 5942/2/6 5943/2/6 5961/2/6
f 5961/2/6 5944/2/6 5962/2/6
f 5944/4/6 5945/4/6 5963/4/6
f 5962/2/6 5944/2/6 5963/2/6
f 5945/4/6 5946/4/6 5963/4/6
f 5946/4/6 5925/4/6 5964/4/6
f 5963/4/6 5946/4/6 5964/4/6
f 5925/2/6 5947/2/6 5965/2/6
f 5964/4/6 5925/4/6 5965/4/6
f 5947/2/6 5948/2/6 5965/2/6
f 5949/4/6 5950/4/6 5966/4/6
f 5965/2/6 5948/2/6 5966/2/6
f 5948/4/6 5949/4/6 5966/4/6
f 5966/4/6 5950/4/6 5967/4/6
f 5967/4/6 5950/4/6 5968/4/6
f 5928/2/6 5951/2/6 5969/2/6
f 5951/4/6 5952/4/6 5970/4/6
f 5969/2/6 5951/2/6 5970/2/6
f 5953/4/6 5954/4/6 5970/4/6
f 5952/4/6 5953/4/6 5970/4/6
f 5955/2/6 5956/2/6 5971/2/6
f 5970/4/6 5954/4/6 5971/4/6
f 5954/2/6 5955/2/6 5971/2/6
f 5971/2/6 5956/2/6 5972/2/6
f 5956/4/6 5957/4/6 5973/4/6
f 5972/2/6 5956/2/6 5973/2/6
f 5957/4/6 5958/4/6 5973/4/6
f 5958/4/6 5959/4/6 5973/4/6
f 5959/4/6 5960/4/6 5973/4/6
f 5961/4/6 5962/4/6 5973/4/6
f 5960/4/6 5961/4/6 5973/4/6
f 5973/4/6 5962/4/6 5974/4/6
f 5974/4/6 5962/4/6 5975/4/6
f 5975/4/6 5962/4/6 5976/4/6
f 5962/2/6 5963/2/6 5977/2/6
f 5976/4/6 5962/4/6 5977/4/6
f 5963/2/6 5964/2/6 5977/2/6
f 5977/2/6 5964/2/6 5978/2/6
f 5964/4/6 5965/4/6 5979/4/6
f 5978/2/6 5964/2/6 5979/2/6
f 5966/4/6 5967/4/6 5979/4/6
f 5965/4/6 5966/4/6 5979/4/6
f 5979/4/6 5967/4/6 5980/4/6
f 5928/2/6 5969/2/6 5981/2/6
f 5971/4/6 5972/4/6 5982/4/6
f 5981/2/6 5969/2/6 5982/2/6
f 5969/4/6 5970/4/6 5982/4/6
f 5970/4/6 5971/4/6 5982/4/6
f 5982/4/6 5972/4/6 5983/4/6
f 5983/4/6 5972/4/6 5984/4/6
f 5973/2/6 5974/2/6 5985/2/6
f 5984/4/6 5972/4/6 5985/4/6
f 5972/2/6 5973/2/6 5985/2/6
f 5985/2/6 5974/2/6 5986/2/6
f 5974/4/6 5975/4/6 5987/4/6
f 5986/2/6 5974/2/6 5987/2/6
f 5975/2/6 5976/2/6 5988/2/6
f 5987/4/6 5975/4/6 5988/4/6
f 5977/4/6 5978/4/6 5989/4/6
f 5988/2/6 5976/2/6 5989/2/6
f 5976/4/6 5977/4/6 5989/4/6
f 5989/4/6 5978/4/6 5990/4/6
f 5979/2/6 5980/2/6 5991/2/6
f 5990/4/6 5978/4/6 5991/4/6
f 5978/2/6 5979/2/6 5991/2/6
f 5980/4/6 5967/4/6 5992/4/6
f 5991/2/6 5980/2/6 5992/2/6
f 5992/4/6 5967/4/6 5993/4/6
f 5993/4/6 5967/4/6 5994/4/6
f 5994/4/6 5967/4/6 5995/4/6
f 5967/2/6 5968/2/6 5996/2/6
f 5995/4/6 5967/4/6 5996/4/6
f 5982/4/6 5983/4/6 5997/4/6
f 5981/4/6 5982/4/6 5997/4/6
f 5983/2/6 5984/2/6 5998/2/6
f 5997/4/6 5983/4/6 5998/4/6
f 5985/4/6 5986/4/6 5999/4/6
f 5998/2/6 5984/2/6 5999/2/6
f 5984/4/6 5985/4/6 5999/4/6
f 5986/2/6 5987/2/6 6000/2/6
f 5999/4/6 5986/4/6 6000/4/6
f 5987/2/6 5988/2/6 6000/2/6
f 5989/2/6 5990/2/6 6000/2/6
f 5988/2/6 5989/2/6 6000/2/6
f 5992/4/6 5993/4/6 6001/4/6
f 6000/2/6 5990/2/6 6001/2/6
f 5990/4/6 5991/4/6 6001/4/6
f 5991/4/6 5992/4/6 6001/4/6
f 6001/4/6 5993/4/6 6002/4/6
f 6002/4/6 5993/4/6 6003/4/6
f 6003/4/6 5993/4/6 6004/4/6
f 5994/4/6 5995/4/6 6005/4/6
f 5993/2/6 5994/2/6 6005/2/6
f 5995/2/6 5996/2/6 6006/2/6
f 6005/4/6 5995/4/6 6006/4/6
f 5996/2/6 5968/2/6 6007/2/6
f 6006/2/6 5996/2/6 6007/2/6
f 5981/4/6 5997/4/6 6008/4/6
f 6008/4/6 5997/4/6 6009/4/6
f 6009/4/6 5997/4/6 6010/4/6
f 5998/2/6 5999/2/6 6011/2/6
f 6010/4/6 5997/4/6 6011/4/6
f 5999/2/6 6000/2/6 6011/2/6
f 5997/2/6 5998/2/6 6011/2/6
f 6000/2/6 6001/2/6 6011/2/6
f 6001/2/6 6002/2/6 6011/2/6
f 6011/2/6 6002/2/6 6012/2/6
f 6012/2/6 6002/2/6 6013/2/6
f 6002/4/6 6003/4/6 6014/4/6
f 6013/2/6 6002/2/6 6014/2/6
f 6014/4/6 6003/4/6 6015/4/6
f 6003/2/6 6004/2/6 6016/2/6
f 6015/4/6 6003/4/6 6016/4/6
f 6016/2/6 6004/2/6 6017/2/6
f 6004/4/6 5993/4/6 6018/4/6
f 6017/2/6 6004/2/6 6018/2/6
f 6018/4/6 5993/4/6 6019/4/6
f 6005/2/6 6006/2/6 6020/2/6
f 6019/4/6 5993/4/6 6020/4/6
f 5993/2/6 6005/2/6 6020/2/6
f 6020/2/6 6006/2/6 6021/2/6
f 6008/2/6 6009/2/6 6022/2/6
f 5981/4/6 6008/4/6 6022/4/6
f 6009/4/6 6010/4/6 6023/4/6
f 6022/2/6 6009/2/6 6023/2/6
f 6010/2/6 6011/2/6 6024/2/6
f 6023/4/6 6010/4/6 6024/4/6
f 6011/2/6 6012/2/6 6024/2/6
f 6024/2/6 6012/2/6 6025/2/6
f 6012/4/6 6013/4/6 6026/4/6
f 6025/2/6 6012/2/6 6026/2/6
f 6026/4/6 6013/4/6 6027/4/6
f 6027/4/6 6013/4/6 6028/4/6
f 6014/2/6 6015/2/6 6029/2/6
f 6028/4/6 6013/4/6 6029/4/6
f 6013/2/6 6014/2/6 6029/2/6
f 6029/2/6 6015/2/6 6030/2/6
f 6016/4/6 6017/4/6 6031/4/6
f 6030/2/6 6015/2/6 6031/2/6
f 6015/4/6 6016/4/6 6031/4/6
f 6031/4/6 6017/4/6 6032/4/6
f 6018/2/6 6019/2/6 6033/2/6
f 6032/4/6 6017/4/6 6033/4/6
f 6017/2/6 6018/2/6 6033/2/6
f 6033/2/6 6019/2/6 6034/2/6
f 6020/4/6 6021/4/6 6035/4/6
f 6034/2/6 6019/2/6 6035/2/6
f 6019/4/6 6020/4/6 6035/4/6
f 6035/4/6 6021/4/6 6036/4/6
f 6021/2/6 6006/2/6 6037/2/6
f 6036/4/6 6021/4/6 6037/4/6
f 6006/4/6 6007/4/6 6038/4/6
f 6037/2/6 6006/2/6 6038/2/6
f 6024/2/6 6025/2/6 6039/2/6
f 6023/2/6 6024/2/6 6039/2/6
f 6026/4/6 6027/4/6 6040/4/6
f 6039/2/6 6025/2/6 6040/2/6
f 6025/4/6 6026/4/6 6040/4/6
f 6040/4/6 6027/4/6 6041/4/6
f 6041/4/6 6027/4/6 6042/4/6
f 6042/4/6 6027/4/6 6043/4/6
f 6027/2/6 6028/2/6 6044/2/6
f 6043/4/6 6027/4/6 6044/4/6
f 6044/2/6 6028/2/6 6045/2/6
f 6029/4/6 6030/4/6 6046/4/6
f 6045/2/6 6028/2/6 6046/2/6
f 6028/4/6 6029/4/6 6046/4/6
f 6046/4/6 6030/4/6 6047/4/6
f 6031/2/6 6032/2/6 6048/2/6
f 6047/4/6 6030/4/6 6048/4/6
f 6030/2/6 6031/2/6 6048/2/6
f 6048/2/6 6032/2/6 6049/2/6
f 6033/4/6 6034/4/6 6050/4/6
f 6049/2/6 6032/2/6 6050/2/6
f 6032/4/6 6033/4/6 6050/4/6
f 6050/4/6 6034/4/6 6051/4/6
f 6035/2/6 6036/2/6 6052/2/6
f 6051/4/6 6034/4/6 6052/4/6
f 6034/2/6 6035/2/6 6052/2/6
f 6052/2/6 6036/2/6 6053/2/6
f 6036/4/6 6037/4/6 6054/4/6
f 6053/2/6 6036/2/6 6054/2/6
f 6037/4/6 6038/4/6 6054/4/6
f 6054/4/6 6038/4/6 6055/4/6
f 6038/4/6 6007/4/6 6056/4/6
f 6055/4/6 6038/4/6 6056/4/6
f 6007/2/6 5968/2/6 6057/2/6
f 6056/4/6 6007/4/6 6057/4/6
f 6022/4/6 6023/4/6 6058/4/6
f 6023/2/6 6039/2/6 6058/2/6
f 6039/4/6 6040/4/6 6059/4/6
f 6058/2/6 6039/2/6 6059/2/6
f 6040/4/6 6041/4/6 6059/4/6
f 6059/4/6 6041/4/6 6060/4/6
f 6041/2/6 6042/2/6 6061/2/6
f 6060/4/6 6041/4/6 6061/4/6
f 6042/4/6 6043/4/6 6062/4/6
f 6061/2/6 6042/2/6 6062/2/6
f 6043/2/6 6044/2/6 6063/2/6
f 6062/4/6 6043/4/6 6063/4/6
f 6044/4/6 6045/4/6 6064/4/6
f 6063/2/6 6044/2/6 6064/2/6
f 6064/4/6 6045/4/6 6065/4/6
f 6046/2/6 6047/2/6 6066/2/6
f 6045/2/6 6046/2/6 6066/2/6
f 6048/4/6 6049/4/6 6067/4/6
f 6066/2/6 6047/2/6 6067/2/6
f 6047/4/6 6048/4/6 6067/4/6
f 6050/2/6 6051/2/6 6068/2/6
f 6067/4/6 6049/4/6 6068/4/6
f 6049/2/6 6050/2/6 6068/2/6
f 6068/2/6 6051/2/6 6069/2/6
f 6052/4/6 6053/4/6 6070/4/6
f 6069/2/6 6051/2/6 6070/2/6
f 6051/4/6 6052/4/6 6070/4/6
f 6070/4/6 6053/4/6 6071/4/6
f 6054/2/6 6055/2/6 6072/2/6
f 6071/4/6 6053/4/6 6072/4/6
f 6053/2/6 6054/2/6 6072/2/6
f 6055/4/6 6056/4/6 6073/4/6
f 6072/2/6 6055/2/6 6073/2/6
f 6057/2/6 5968/2/6 6074/2/6
f 6056/2/6 6057/2/6 6074/2/6
f 6074/2/6 5968/2/6 6075/2/6
f 6058/4/6 6059/4/6 6076/4/6
f 6059/4/6 6060/4/6 6076/4/6
f 6076/4/6 6060/4/6 6077/4/6
f 6062/2/6 6063/2/6 6078/2/6
f 6077/4/6 6060/4/6 6078/4/6
f 6064/2/6 6065/2/6 6078/2/6
f 6060/2/6 6061/2/6 6078/2/6
f 6063/2/6 6064/2/6 6078/2/6
f 6061/2/6 6062/2/6 6078/2/6
f 6078/2/6 6065/2/6 6079/2/6
f 6065/4/6 6045/4/6 6080/4/6
f 6079/2/6 6065/2/6 6080/2/6
f 6045/2/6 6066/2/6 6081/2/6
f 6080/4/6 6045/4/6 6081/4/6
f 6081/2/6 6066/2/6 6082/2/6
f 6066/4/6 6067/4/6 6083/4/6
f 6082/2/6 6066/2/6 6083/2/6
f 6068/4/6 6069/4/6 6083/4/6
f 6067/4/6 6068/4/6 6083/4/6
f 6083/4/6 6069/4/6 6084/4/6
f 6084/4/6 6069/4/6 6085/4/6
f 6071/4/6 6072/4/6 6086/4/6
f 6070/2/6 6071/2/6 6086/2/6
f 6072/4/6 6073/4/6 6086/4/6
f 6069/2/6 6070/2/6 6086/2/6
f 6073/4/6 6056/4/6 6087/4/6
f 6086/4/6 6073/4/6 6087/4/6
f 5981/4/6 6022/4/6 6088/4/6
f 6058/4/6 6076/4/6 6088/4/6
f 6022/4/6 6058/4/6 6088/4/6
f 6076/2/6 6077/2/6 6089/2/6
f 6088/4/6 6076/4/6 6089/4/6
f 6078/4/6 6079/4/6 6090/4/6
f 6089/2/6 6077/2/6 6090/2/6
f 6077/4/6 6078/4/6 6090/4/6
f 6090/4/6 6079/4/6 6091/4/6
f 6081/2/6 6082/2/6 6092/2/6
f 6091/4/6 6079/4/6 6092/4/6
f 6079/2/6 6080/2/6 6092/2/6
f 6080/2/6 6081/2/6 6092/2/6
f 6083/4/6 6084/4/6 6093/4/6
f 6092/2/6 6082/2/6 6093/2/6
f 6082/4/6 6083/4/6 6093/4/6
f 6084/2/6 6085/2/6 6094/2/6
f 6093/4/6 6084/4/6 6094/4/6
f 6085/4/6 6069/4/6 6095/4/6
f 6094/2/6 6085/2/6 6095/2/6
f 6095/4/6 6069/4/6 6096/4/6
f 6086/2/6 6087/2/6 6097/2/6
f 6096/4/6 6069/4/6 6097/4/6
f 6069/2/6 6086/2/6 6097/2/6
f 6087/4/6 6056/4/6 6098/4/6
f 6097/2/6 6087/2/6 6098/2/6
f 6098/4/6 6056/4/6 6099/4/6
f 6056/2/6 6074/2/6 6100/2/6
f 6099/4/6 6056/4/6 6100/4/6
f 6074/4/6 6075/4/6 6101/4/6
f 6100/2/6 6074/2/6 6101/2/6
f 6090/2/6 6091/2/6 6102/2/6
f 6088/2/6 6089/2/6 6102/2/6
f 6089/2/6 6090/2/6 6102/2/6
f 6095/4/6 6096/4/6 6103/4/6
f 6102/2/6 6091/2/6 6103/2/6
f 6093/4/6 6094/4/6 6103/4/6
f 6091/4/6 6092/4/6 6103/4/6
f 6092/4/6 6093/4/6 6103/4/6
f 6094/4/6 6095/4/6 6103/4/6
f 6103/4/6 6096/4/6 6104/4/6
f 6104/4/6 6096/4/6 6105/4/6
f 6096/2/6 6097/2/6 6106/2/6
f 6105/4/6 6096/4/6 6106/4/6
f 6097/2/6 6098/2/6 6106/2/6
f 6098/2/6 6099/2/6 6106/2/6
f 6100/4/6 6101/4/6 6107/4/6
f 6106/2/6 6099/2/6 6107/2/6
f 6099/4/6 6100/4/6 6107/4/6
f 6107/4/6 6101/4/6 6108/4/6
f 6088/2/6 6102/2/6 6109/2/6
f 6109/2/6 6102/2/6 6110/2/6
f 6110/2/6 6102/2/6 6111/2/6
f 6102/4/6 6103/4/6 6112/4/6
f 6111/2/6 6102/2/6 6112/2/6
f 6112/4/6 6103/4/6 6113/4/6
f 6113/4/6 6103/4/6 6114/4/6
f 6103/2/6 6104/2/6 6115/2/6
f 6114/4/6 6103/4/6 6115/4/6
f 6115/2/6 6104/2/6 6116/2/6
f 6104/4/6 6105/4/6 6117/4/6
f 6116/2/6 6104/2/6 6117/2/6
f 6105/2/6 6106/2/6 6118/2/6
f 6117/4/6 6105/4/6 6118/4/6
f 6106/2/6 6107/2/6 6118/2/6
f 6107/2/6 6108/2/6 6118/2/6
f 6118/2/6 6108/2/6 6119/2/6
f 6119/2/6 6108/2/6 6120/2/6
f 6101/4/6 6075/4/6 6121/4/6
f 6108/4/6 6101/4/6 6121/4/6
f 6121/4/6 6075/4/6 6122/4/6
f 6088/2/6 6109/2/6 6123/2/6
f 6109/4/6 6110/4/6 6124/4/6
f 6123/2/6 6109/2/6 6124/2/6
f 6110/2/6 6111/2/6 6125/2/6
f 6112/4/6 6113/4/6 6125/4/6
f 6111/4/6 6112/4/6 6125/4/6
f 6113/2/6 6114/2/6 6126/2/6
f 6125/4/6 6113/4/6 6126/4/6
f 6115/4/6 6116/4/6 6127/4/6
f 6126/2/6 6114/2/6 6127/2/6
f 6114/4/6 6115/4/6 6127/4/6
f 6127/4/6 6116/4/6 6128/4/6
f 6116/2/6 6117/2/6 6129/2/6
f 6128/4/6 6116/4/6 6129/4/6
f 6117/2/6 6118/2/6 6129/2/6
f 6118/2/6 6119/2/6 6129/2/6
f 6129/2/6 6119/2/6 6130/2/6
f 6130/2/6 6119/2/6 6131/2/6
f 6119/4/6 6120/4/6 6132/4/6
f 6131/2/6 6119/2/6 6132/2/6
f 6120/2/6 6108/2/6 6133/2/6
f 6132/4/6 6120/4/6 6133/4/6
f 6108/4/6 6121/4/6 6134/4/6
f 6133/2/6 6108/2/6 6134/2/6
f 6125/2/6 6126/2/6 6135/2/6
f 6127/2/6 6128/2/6 6135/2/6
f 6110/2/6 6125/2/6 6135/2/6
f 6124/4/6 6110/4/6 6135/4/6
f 6123/4/6 6124/4/6 6135/4/6
f 6126/2/6 6127/2/6 6135/2/6
f 6135/2/6 6128/2/6 6136/2/6
f 6136/2/6 6128/2/6 6137/2/6
f 6129/4/6 6130/4/6 6138/4/6
f 6137/2/6 6128/2/6 6138/2/6
f 6128/4/6 6129/4/6 6138/4/6
f 6138/4/6 6130/4/6 6139/4/6
f 6139/4/6 6130/4/6 6140/4/6
f 6130/2/6 6131/2/6 6141/2/6
f 6140/4/6 6130/4/6 6141/4/6
f 6141/2/6 6131/2/6 6142/2/6
f 6131/4/6 6132/4/6 6143/4/6
f 6142/2/6 6131/2/6 6143/2/6
f 6133/4/6 6134/4/6 6143/4/6
f 6132/4/6 6133/4/6 6143/4/6
f 6143/4/6 6134/4/6 6144/4/6
f 6144/4/6 6134/4/6 6145/4/6
f 6145/4/6 6134/4/6 6146/4/6
f 6134/4/6 6121/4/6 6147/4/6
f 6146/4/6 6134/4/6 6147/4/6
f 6121/2/6 6122/2/6 6147/2/6
f 6147/2/6 6122/2/6 6148/2/6
f 6135/4/6 6136/4/6 6149/4/6
f 6123/4/6 6135/4/6 6149/4/6
f 6136/2/6 6137/2/6 6150/2/6
f 6149/4/6 6136/4/6 6150/4/6
f 6138/4/6 6139/4/6 6151/4/6
f 6150/2/6 6137/2/6 6151/2/6
f 6137/4/6 6138/4/6 6151/4/6
f 6141/4/6 6142/4/6 6152/4/6
f 6140/4/6 6141/4/6 6152/4/6
f 6139/2/6 6140/2/6 6152/2/6
f 6143/2/6 6144/2/6 6153/2/6
f 6152/4/6 6142/4/6 6153/4/6
f 6142/2/6 6143/2/6 6153/2/6
f 6144/4/6 6145/4/6 6154/4/6
f 6153/2/6 6144/2/6 6154/2/6
f 6145/2/6 6146/2/6 6155/2/6
f 6154/4/6 6145/4/6 6155/4/6
f 6155/2/6 6146/2/6 6156/2/6
f 6147/4/6 6148/4/6 6157/4/6
f 6156/2/6 6146/2/6 6157/2/6
f 6146/4/6 6147/4/6 6157/4/6
f 6157/4/6 6148/4/6 6158/4/6
f 6158/4/6 6148/4/6 6159/4/6
f 6159/4/6 6148/4/6 6160/4/6
f 6150/4/6 6151/4/6 6161/4/6
f 6149/2/6 6150/2/6 6161/2/6
f 6151/4/6 6139/4/6 6162/4/6
f 6161/4/6 6151/4/6 6162/4/6
f 6162/4/6 6139/4/6 6163/4/6
f 6139/2/6 6152/2/6 6164/2/6
f 6163/4/6 6139/4/6 6164/4/6
f 6152/2/6 6153/2/6 6164/2/6
f 6164/2/6 6153/2/6 6165/2/6
f 6153/4/6 6154/4/6 6166/4/6
f 6165/2/6 6153/2/6 6166/2/6
f 6166/4/6 6154/4/6 6167/4/6
f 6167/4/6 6154/4/6 6168/4/6
f 6168/4/6 6154/4/6 6169/4/6
f 6155/2/6 6156/2/6 6170/2/6
f 6169/4/6 6154/4/6 6170/4/6
f 6154/2/6 6155/2/6 6170/2/6
f 6170/2/6 6156/2/6 6171/2/6
f 6156/4/6 6157/4/6 6172/4/6
f 6171/2/6 6156/2/6 6172/2/6
f 6172/4/6 6157/4/6 6173/4/6
f 6157/2/6 6158/2/6 6174/2/6
f 6173/4/6 6157/4/6 6174/4/6
f 6174/2/6 6158/2/6 6175/2/6
f 6158/4/6 6159/4/6 6176/4/6
f 6175/2/6 6158/2/6 6176/2/6
f 6159/2/6 6160/2/6 6177/2/6
f 6176/4/6 6159/4/6 6177/4/6
f 6177/2/6 6160/2/6 6178/2/6
f 6123/4/6 6149/4/6 6179/4/6
f 6149/2/6 6161/2/6 6180/2/6
f 6179/4/6 6149/4/6 6180/4/6
f 6161/2/6 6162/2/6 6180/2/6
f 6180/2/6 6162/2/6 6181/2/6
f 6162/4/6 6163/4/6 6182/4/6
f 6181/2/6 6162/2/6 6182/2/6
f 6164/2/6 6165/2/6 6183/2/6
f 6182/4/6 6163/4/6 6183/4/6
f 6163/2/6 6164/2/6 6183/2/6
f 6183/2/6 6165/2/6 6184/2/6
f 6165/4/6 6166/4/6 6185/4/6
f 6184/2/6 6165/2/6 6185/2/6
f 6166/4/6 6167/4/6 6185/4/6
f 6167/2/6 6168/2/6 6186/2/6
f 6185/4/6 6167/4/6 6186/4/6
f 6168/4/6 6169/4/6 6187/4/6
f 6186/2/6 6168/2/6 6187/2/6
f 6187/4/6 6169/4/6 6188/4/6
f 6170/2/6 6171/2/6 6189/2/6
f 6188/4/6 6169/4/6 6189/4/6
f 6169/2/6 6170/2/6 6189/2/6
f 6189/2/6 6171/2/6 6190/2/6
f 6172/4/6 6173/4/6 6191/4/6
f 6190/2/6 6171/2/6 6191/2/6
f 6171/4/6 6172/4/6 6191/4/6
f 6191/4/6 6173/4/6 6192/4/6
f 6174/2/6 6175/2/6 6193/2/6
f 6192/4/6 6173/4/6 6193/4/6
f 6173/2/6 6174/2/6 6193/2/6
f 6193/2/6 6175/2/6 6194/2/6
f 6175/4/6 6176/4/6 6195/4/6
f 6194/2/6 6175/2/6 6195/2/6
f 6177/4/6 6178/4/6 6195/4/6
f 6176/4/6 6177/4/6 6195/4/6
f 6195/4/6 6178/4/6 6196/4/6
f 6196/4/6 6178/4/6 6197/4/6
f 6123/4/6 6179/4/6 6198/4/6
f 6179/2/6 6180/2/6 6198/2/6
f 6180/4/6 6181/4/6 6199/4/6
f 6198/2/6 6180/2/6 6199/2/6
f 6181/2/6 6182/2/6 6200/2/6
f 6199/4/6 6181/4/6 6200/4/6
f 6183/2/6 6184/2/6 6200/2/6
f 6182/2/6 6183/2/6 6200/2/6
f 6200/2/6 6184/2/6 6201/2/6
f 6201/2/6 6184/2/6 6202/2/6
f 6185/4/6 6186/4/6 6203/4/6
f 6202/2/6 6184/2/6 6203/2/6
f 6184/4/6 6185/4/6 6203/4/6
f 6187/4/6 6188/4/6 6203/4/6
f 6186/4/6 6187/4/6 6203/4/6
f 6203/4/6 6188/4/6 6204/4/6
f 6189/2/6 6190/2/6 6205/2/6
f 6204/4/6 6188/4/6 6205/4/6
f 6188/2/6 6189/2/6 6205/2/6
f 6205/2/6 6190/2/6 6206/2/6
f 6191/4/6 6192/4/6 6207/4/6
f 6206/2/6 6190/2/6 6207/2/6
f 6190/4/6 6191/4/6 6207/4/6
f 6207/4/6 6192/4/6 6208/4/6
f 6193/2/6 6194/2/6 6209/2/6
f 6208/4/6 6192/4/6 6209/4/6
f 6192/2/6 6193/2/6 6209/2/6
f 6209/2/6 6194/2/6 6210/2/6
f 6195/4/6 6196/4/6 6211/4/6
f 6210/2/6 6194/2/6 6211/2/6
f 6194/4/6 6195/4/6 6211/4/6
f 6211/4/6 6196/4/6 6212/4/6
f 6196/2/6 6197/2/6 6213/2/6
f 6212/4/6 6196/4/6 6213/4/6
f 6213/2/6 6197/2/6 6214/2/6
f 6197/4/6 6178/4/6 6215/4/6
f 6214/2/6 6197/2/6 6215/2/6
f 6198/4/6 6199/4/6 6216/4/6
f 6201/2/6 6202/2/6 6216/2/6
f 6200/4/6 6201/4/6 6216/4/6
f 6199/4/6 6200/4/6 6216/4/6
f 6216/2/6 6202/2/6 6217/2/6
f 6217/2/6 6202/2/6 6218/2/6
f 6203/4/6 6204/4/6 6219/4/6
f 6218/2/6 6202/2/6 6219/2/6
f 6202/4/6 6203/4/6 6219/4/6
f 6219/4/6 6204/4/6 6220/4/6
f 6205/2/6 6206/2/6 6221/2/6
f 6220/4/6 6204/4/6 6221/4/6
f 6204/2/6 6205/2/6 6221/2/6
f 6221/2/6 6206/2/6 6222/2/6
f 6207/4/6 6208/4/6 6223/4/6
f 6222/2/6 6206/2/6 6223/2/6
f 6206/4/6 6207/4/6 6223/4/6
f 6209/2/6 6210/2/6 6224/2/6
f 6223/4/6 6208/4/6 6224/4/6
f 6208/2/6 6209/2/6 6224/2/6
f 6210/4/6 6211/4/6 6225/4/6
f 6224/2/6 6210/2/6 6225/2/6
f 6211/4/6 6212/4/6 6225/4/6
f 6225/4/6 6212/4/6 6226/4/6
f 6213/2/6 6214/2/6 6227/2/6
f 6226/4/6 6212/4/6 6227/4/6
f 6212/2/6 6213/2/6 6227/2/6
f 6227/2/6 6214/2/6 6228/2/6
f 6214/4/6 6215/4/6 6229/4/6
f 6228/2/6 6214/2/6 6229/2/6
f 6215/4/6 6178/4/6 6230/4/6
f 6229/4/6 6215/4/6 6230/4/6
f 6178/2/6 6160/2/6 6231/2/6
f 6230/4/6 6178/4/6 6231/4/6
f 6123/4/6 6198/4/6 6232/4/6
f 6216/4/6 6217/4/6 6232/4/6
f 6198/4/6 6216/4/6 6232/4/6
f 6232/4/6 6217/4/6 6233/4/6
f 6217/2/6 6218/2/6 6234/2/6
f 6233/4/6 6217/4/6 6234/4/6
f 6219/4/6 6220/4/6 6235/4/6
f 6234/2/6 6218/2/6 6235/2/6
f 6218/4/6 6219/4/6 6235/4/6
f 6235/4/6 6220/4/6 6236/4/6
f 6221/2/6 6222/2/6 6237/2/6
f 6236/4/6 6220/4/6 6237/4/6
f 6220/2/6 6221/2/6 6237/2/6
f 6237/2/6 6222/2/6 6238/2/6
f 6238/2/6 6222/2/6 6239/2/6
f 6239/2/6 6222/2/6 6240/2/6
f 6225/4/6 6226/4/6 6241/4/6
f 6240/2/6 6222/2/6 6241/2/6
f 6224/4/6 6225/4/6 6241/4/6
f 6223/4/6 6224/4/6 6241/4/6
f 6222/4/6 6223/4/6 6241/4/6
f 6241/4/6 6226/4/6 6242/4/6
f 6227/2/6 6228/2/6 6243/2/6
f 6242/4/6 6226/4/6 6243/4/6
f 6226/2/6 6227/2/6 6243/2/6
f 6243/2/6 6228/2/6 6244/2/6
f 6228/4/6 6229/4/6 6245/4/6
f 6244/2/6 6228/2/6 6245/2/6
f 6229/4/6 6230/4/6 6245/4/6
f 6230/2/6 6231/2/6 6246/2/6
f 6245/4/6 6230/4/6 6246/4/6
f 6231/2/6 6160/2/6 6247/2/6
f 6246/2/6 6231/2/6 6247/2/6
f 6235/4/6 6236/4/6 6248/4/6
f 6234/4/6 6235/4/6 6248/4/6
f 6232/2/6 6233/2/6 6248/2/6
f 6233/4/6 6234/4/6 6248/4/6
f 6248/4/6 6236/4/6 6249/4/6
f 6249/4/6 6236/4/6 6250/4/6
f 6237/2/6 6238/2/6 6251/2/6
f 6250/4/6 6236/4/6 6251/4/6
f 6236/2/6 6237/2/6 6251/2/6
f 6251/2/6 6238/2/6 6252/2/6
f 6238/4/6 6239/4/6 6253/4/6
f 6252/2/6 6238/2/6 6253/2/6
f 6239/2/6 6240/2/6 6254/2/6
f 6253/4/6 6239/4/6 6254/4/6
f 6241/4/6 6242/4/6 6255/4/6
f 6254/2/6 6240/2/6 6255/2/6
f 6240/4/6 6241/4/6 6255/4/6
f 6255/4/6 6242/4/6 6256/4/6
f 6243/2/6 6244/2/6 6257/2/6
f 6256/4/6 6242/4/6 6257/4/6
f 6242/2/6 6243/2/6 6257/2/6
f 6257/2/6 6244/2/6 6258/2/6
f 6245/4/6 6246/4/6 6259/4/6
f 6258/2/6 6244/2/6 6259/2/6
f 6246/4/6 6247/4/6 6259/4/6
f 6244/4/6 6245/4/6 6259/4/6
f 6249/4/6 6250/4/6 6260/4/6
f 6248/2/6 6249/2/6 6260/2/6
f 6260/4/6 6250/4/6 6261/4/6
f 6261/4/6 6250/4/6 6262/4/6
f 6251/2/6 6252/2/6 6263/2/6
f 6262/4/6 6250/4/6 6263/4/6
f 6250/2/6 6251/2/6 6263/2/6
f 6263/2/6 6252/2/6 6264/2/6
f 6255/4/6 6256/4/6 6265/4/6
f 6264/2/6 6252/2/6 6265/2/6
f 6252/4/6 6253/4/6 6265/4/6
f 6254/4/6 6255/4/6 6265/4/6
f 6253/4/6 6254/4/6 6265/4/6
f 6265/4/6 6256/4/6 6266/4/6
f 6266/4/6 6256/4/6 6267/4/6
f 6267/4/6 6256/4/6 6268/4/6
f 6268/4/6 6256/4/6 6269/4/6
f 6269/4/6 6256/4/6 6270/4/6
f 6257/2/6 6258/2/6 6271/2/6
f 6270/4/6 6256/4/6 6271/4/6
f 6256/2/6 6257/2/6 6271/2/6
f 6271/2/6 6258/2/6 6272/2/6
f 6258/4/6 6259/4/6 6273/4/6
f 6272/2/6 6258/2/6 6273/2/6
f 6259/4/6 6247/4/6 6274/4/6
f 6273/4/6 6259/4/6 6274/4/6
f 6274/4/6 6247/4/6 6275/4/6
f 6275/4/6 6247/4/6 6276/4/6
f 6276/4/6 6247/4/6 6277/4/6
f 6248/2/6 6260/2/6 6278/2/6
f 6260/2/6 6261/2/6 6278/2/6
f 6232/2/6 6248/2/6 6278/2/6
f 6278/2/6 6261/2/6 6279/2/6
f 6279/2/6 6261/2/6 6280/2/6
f 6261/4/6 6262/4/6 6281/4/6
f 6280/2/6 6261/2/6 6281/2/6
f 6263/2/6 6264/2/6 6282/2/6
f 6281/4/6 6262/4/6 6282/4/6
f 6262/2/6 6263/2/6 6282/2/6
f 6282/2/6 6264/2/6 6283/2/6
f 6283/2/6 6264/2/6 6284/2/6
f 6264/4/6 6265/4/6 6285/4/6
f 6284/2/6 6264/2/6 6285/2/6
f 6265/4/6 6266/4/6 6285/4/6
f 6285/4/6 6266/4/6 6286/4/6
f 6266/2/6 6267/2/6 6287/2/6
f 6286/4/6 6266/4/6 6287/4/6
f 6267/4/6 6268/4/6 6288/4/6
f 6287/2/6 6267/2/6 6288/2/6
f 6268/2/6 6269/2/6 6289/2/6
f 6269/4/6 6270/4/6 6290/4/6
f 6289/2/6 6269/2/6 6290/2/6
f 6290/4/6 6270/4/6 6291/4/6
f 6271/2/6 6272/2/6 6292/2/6
f 6291/4/6 6270/4/6 6292/4/6
f 6270/2/6 6271/2/6 6292/2/6
f 6292/2/6 6272/2/6 6293/2/6
f 6272/4/6 6273/4/6 6294/4/6
f 6293/2/6 6272/2/6 6294/2/6
f 6273/4/6 6274/4/6 6294/4/6
f 6294/4/6 6274/4/6 6295/4/6
f 6274/2/6 6275/2/6 6296/2/6
f 6295/4/6 6274/4/6 6296/4/6
f 6275/4/6 6276/4/6 6297/4/6
f 6296/2/6 6275/2/6 6297/2/6
f 6276/2/6 6277/2/6 6298/2/6
f 6297/4/6 6276/4/6 6298/4/6
f 6298/2/6 6277/2/6 6299/2/6
f 6299/2/6 6277/2/6 6300/2/6
f 6279/2/6 6280/2/6 6301/2/6
f 6280/4/6 6281/4/6 6302/4/6
f 6301/2/6 6280/2/6 6302/2/6
f 6282/4/6 6283/4/6 6302/4/6
f 6281/4/6 6282/4/6 6302/4/6
f 6283/2/6 6284/2/6 6303/2/6
f 6302/4/6 6283/4/6 6303/4/6
f 6285/4/6 6286/4/6 6304/4/6
f 6303/2/6 6284/2/6 6304/2/6
f 6284/4/6 6285/4/6 6304/4/6
f 6286/2/6 6287/2/6 6305/2/6
f 6304/4/6 6286/4/6 6305/4/6
f 6287/4/6 6288/4/6 6306/4/6
f 6305/2/6 6287/2/6 6306/2/6
f 6268/2/6 6289/2/6 6307/2/6
f 6306/4/6 6288/4/6 6307/4/6
f 6288/4/6 6268/4/6 6307/4/6
f 6290/4/6 6291/4/6 6308/4/6
f 6307/2/6 6289/2/6 6308/2/6
f 6289/4/6 6290/4/6 6308/4/6
f 6292/2/6 6293/2/6 6309/2/6
f 6308/4/6 6291/4/6 6309/4/6
f 6291/2/6 6292/2/6 6309/2/6
f 6293/4/6 6294/4/6 6310/4/6
f 6309/2/6 6293/2/6 6310/2/6
f 6294/4/6 6295/4/6 6310/4/6
f 6295/2/6 6296/2/6 6311/2/6
f 6310/4/6 6295/4/6 6311/4/6
f 6298/4/6 6299/4/6 6312/4/6
f 6311/2/6 6296/2/6 6312/2/6
f 6296/4/6 6297/4/6 6312/4/6
f 6297/4/6 6298/4/6 6312/4/6
f 6312/4/6 6299/4/6 6313/4/6
