# MagicaVoxel @ Ephtracy

# group
o 

# material
mtllib wood_table.mtl
usemtl palette

# normals
vn -1 0 0
vn 1 0 0
vn 0 0 1
vn 0 0 -1
vn 0 -1 0
vn 0 1 0

# texcoords
vt 0.166016 0.5
vt 0.169922 0.5
vt 0.197266 0.5
vt 0.201172 0.5

# verts
v -3.2 3.3 2.3
v -3.2 3.3 1.8
v -3.2 3.3 1.5
v -3.2 3.3 1.4
v -3.2 3.3 1.3
v -3.2 3.3 0.8
v -3.2 3.3 0.7
v -3.2 3.3 0.1
v -3.2 3.3 -0.0999999
v -3.2 3.3 -0.7
v -3.2 3.3 -0.8
v -3.2 3.3 -1.3
v -3.2 3.3 -1.4
v -3.2 3.3 -1.5
v -3.2 3.3 -1.8
v -3.2 3.3 -2.3
v -3.2 3.4 -1.3
v -3.2 3.4 -1.4
v -3.2 3.4 -1.6
v -3.2 3.4 -1.7
v -3.2 3.5 2.3
v -3.2 3.5 1.8
v -3.2 3.5 1.5
v -3.2 3.5 1.4
v -3.2 3.5 1.3
v -3.2 3.5 0.8
v -3.2 3.5 0.7
v -3.2 3.5 0.1
v -3.2 3.5 -0.0999999
v -3.2 3.5 -0.7
v -3.2 3.5 -0.8
v -3.2 3.5 -1.5
v -3.2 3.5 -1.6
v -3.2 3.5 -1.7
v -3.2 3.5 -1.8
v -3.2 3.5 -2.3
v -3.1 2.9 2.2
v -3.1 2.9 2.1
v -3.1 2.9 1.6
v -3.1 2.9 -0.2
v -3.1 2.9 -1
v -3.1 2.9 -2.2
v -3.1 3 2.1
v -3.1 3 1.7
v -3.1 3 1.6
v -3.1 3 0.8
v -3.1 3 0.3
v -3.1 3 -0.2
v -3.1 3 -0.3
v -3.1 3 -1
v -3.1 3 -2.1
v -3.1 3.1 2
v -3.1 3.1 1.8
v -3.1 3.1 1.7
v -3.1 3.1 0.8
v -3.1 3.1 0.3
v -3.1 3.1 0.2
v -3.1 3.1 -0.3
v -3.1 3.1 -0.5
v -3.1 3.1 -0.6
v -3.1 3.1 -0.8
v -3.1 3.1 -1
v -3.1 3.1 -1.1
v -3.1 3.1 -2.1
v -3.1 3.2 2.2
v -3.1 3.2 2.1
v -3.1 3.2 2
v -3.1 3.2 1.8
v -3.1 3.2 1.7
v -3.1 3.2 0.9
v -3.1 3.2 0.8
v -3.1 3.2 0.2
v -3.1 3.2 -0.3
v -3.1 3.2 -0.5
v -3.1 3.2 -0.6
v -3.1 3.2 -0.8
v -3.1 3.2 -0.9
v -3.1 3.2 -1.1
v -3.1 3.2 -1.6
v -3.1 3.2 -2.2
v -3.1 3.3 2.2
v -3.1 3.3 2.1
v -3.1 3.3 1.8
v -3.1 3.3 1.7
v -3.1 3.3 1.5
v -3.1 3.3 1.4
v -3.1 3.3 1.3
v -3.1 3.3 0.9
v -3.1 3.3 0.8
v -3.1 3.3 0.7
v -3.1 3.3 0.1
v -3.1 3.3 -0.0999999
v -3.1 3.3 -0.3
v -3.1 3.3 -0.7
v -3.1 3.3 -0.8
v -3.1 3.3 -0.9
v -3.1 3.3 -1.3
v -3.1 3.3 -1.4
v -3.1 3.3 -1.5
v -3.1 3.3 -1.6
v -3.1 3.3 -1.8
v -3.1 3.3 -2.2
v -3 0 2.1
v -3 0 2
v -3 0 1.9
v -3 0 1.7
v -3 0 1.6
v -3 0 1.5
v -3 0 -1.5
v -3 0 -1.6
v -3 0 -1.7
v -3 0 -1.9
v -3 0 -2
v -3 0 -2.1
v -3 0.1 1.7
v -3 0.1 1.6
v -3 0.1 -1.9
v -3 0.1 -2
v -3 0.2 2
v -3 0.2 1.9
v -3 0.2 1.8
v -3 0.2 -1.6
v -3 0.2 -1.7
v -3 0.2 -1.8
v -3 0.3 2.1
v -3 0.3 2
v -3 0.3 -1.5
v -3 0.3 -1.6
v -3 0.4 1.9
v -3 0.4 1.8
v -3 0.4 1.6
v -3 0.4 1.5
v -3 0.4 -1.7
v -3 0.4 -1.8
v -3 0.4 -2
v -3 0.4 -2.1
v -3 0.9 1.6
v -3 0.9 1.5
v -3 0.9 -2
v -3 0.9 -2.1
v -3 1 1.9
v -3 1 1.8
v -3 1 -1.7
v -3 1 -1.8
v -3 1.2 2.1
v -3 1.2 2
v -3 1.2 1.7
v -3 1.2 1.6
v -3 1.2 -1.5
v -3 1.2 -1.6
v -3 1.2 -1.9
v -3 1.2 -2.1
v -3 1.3 1.9
v -3 1.3 1.8
v -3 1.3 -1.7
v -3 1.3 -1.8
v -3 1.4 2.1
v -3 1.4 1.9
v -3 1.4 1.7
v -3 1.4 1.6
v -3 1.4 1.5
v -3 1.4 -1.5
v -3 1.4 -1.7
v -3 1.4 -1.9
v -3 1.4 -2
v -3 1.6 2.1
v -3 1.6 2
v -3 1.6 1.9
v -3 1.6 1.8
v -3 1.6 1.6
v -3 1.6 1.5
v -3 1.6 -1.5
v -3 1.6 -1.6
v -3 1.6 -1.7
v -3 1.6 -1.8
v -3 1.6 -2
v -3 1.6 -2.1
v -3 1.8 2
v -3 1.8 1.9
v -3 1.8 -1.6
v -3 1.8 -1.7
v -3 1.9 1.8
v -3 1.9 1.7
v -3 1.9 -1.8
v -3 1.9 -1.9
v -3 2.1 1.7
v -3 2.1 1.6
v -3 2.1 -1.9
v -3 2.1 -2
v -3 2.2 2
v -3 2.2 1.9
v -3 2.2 1.7
v -3 2.2 1.6
v -3 2.2 -1.6
v -3 2.2 -1.7
v -3 2.2 -1.9
v -3 2.2 -2
v -3 2.3 2
v -3 2.3 1.9
v -3 2.3 1.6
v -3 2.3 1.5
v -3 2.3 -1.6
v -3 2.3 -1.7
v -3 2.3 -2
v -3 2.3 -2.1
v -3 2.4 1.8
v -3 2.4 1.7
v -3 2.4 -1.8
v -3 2.4 -1.9
v -3 2.7 1.6
v -3 2.7 1.5
v -3 2.7 -2
v -3 2.7 -2.1
v -3 2.8 2
v -3 2.8 1.9
v -3 2.8 1.8
v -3 2.8 -1.6
v -3 2.8 -1.7
v -3 2.8 -1.8
v -3 2.9 2.1
v -3 2.9 2
v -3 2.9 1.9
v -3 2.9 1.6
v -3 2.9 1.5
v -3 2.9 -1.5
v -3 2.9 -1.6
v -3 2.9 -1.7
v -3 2.9 -2.1
v 2.3 0 2.1
v 2.3 0 2
v 2.3 0 1.9
v 2.3 0 1.6
v 2.3 0 1.5
v 2.3 0 1.4
v 2.3 0.1 1.6
v 2.3 0.1 1.5
v 2.3 0.4 2.1
v 2.3 0.4 2
v 2.3 0.4 1.9
v 2.3 0.9 2.1
v 2.3 0.9 2
v 2.3 1 2
v 2.3 1 1.9
v 2.3 1 1.8
v 2.3 1 1.7
v 2.3 1 1.6
v 2.3 1 1.4
v 2.3 1.1 1.8
v 2.3 1.1 1.7
v 2.3 1.2 2
v 2.3 1.2 1.9
v 2.3 1.2 1.7
v 2.3 1.2 1.6
v 2.3 1.3 1.8
v 2.3 1.3 1.7
v 2.3 1.3 1.5
v 2.3 1.3 1.4
v 2.3 1.5 2
v 2.3 1.5 1.9
v 2.3 1.5 1.8
v 2.3 1.5 1.5
v 2.3 1.5 1.4
v 2.3 1.6 2
v 2.3 1.6 1.9
v 2.3 1.6 1.6
v 2.3 1.6 1.5
v 2.3 1.6 1.4
v 2.3 1.7 2.1
v 2.3 1.7 2
v 2.3 1.7 1.9
v 2.3 1.7 1.8
v 2.3 1.9 1.9
v 2.3 1.9 1.8
v 2.3 1.9 1.5
v 2.3 1.9 1.4
v 2.3 2 1.5
v 2.3 2 1.4
v 2.3 2.3 1.8
v 2.3 2.3 1.6
v 2.3 2.4 1.6
v 2.3 2.4 1.5
v 2.3 2.5 1.5
v 2.3 2.5 1.4
v 2.3 2.6 2
v 2.3 2.6 1.9
v 2.3 2.7 2.1
v 2.3 2.7 2
v 2.3 2.7 1.6
v 2.3 2.7 1.5
v 2.3 2.8 1.9
v 2.3 2.8 1.8
v 2.3 2.8 1.6
v 2.3 2.8 1.4
v 2.3 2.9 2.1
v 2.3 2.9 2
v 2.3 2.9 1.6
v 2.3 2.9 1.4
v 2.4 0 -1.5
v 2.4 0 -1.9
v 2.4 0 -2
v 2.4 0 -2.1
v 2.4 0.1 -2
v 2.4 0.1 -2.1
v 2.4 0.3 -1.9
v 2.4 0.3 -2
v 2.4 0.4 -1.5
v 2.4 0.4 -1.6
v 2.4 0.5 -1.5
v 2.4 0.5 -1.6
v 2.4 1 -1.6
v 2.4 1 -1.8
v 2.4 1.1 -1.7
v 2.4 1.1 -1.8
v 2.4 1.1 -2
v 2.4 1.1 -2.1
v 2.4 1.4 -1.5
v 2.4 1.4 -1.6
v 2.4 1.4 -1.7
v 2.4 1.4 -2
v 2.4 1.4 -2.1
v 2.4 1.5 -1.5
v 2.4 1.5 -1.6
v 2.4 1.6 -1.9
v 2.4 1.6 -2
v 2.4 1.6 -2.1
v 2.4 1.7 -1.5
v 2.4 1.7 -1.6
v 2.4 1.7 -1.7
v 2.4 1.7 -1.8
v 2.4 1.9 -1.7
v 2.4 1.9 -1.8
v 2.4 1.9 -2
v 2.4 1.9 -2.1
v 2.4 2 -2
v 2.4 2 -2.1
v 2.4 2.3 -1.8
v 2.4 2.3 -1.9
v 2.4 2.4 -1.9
v 2.4 2.4 -2
v 2.4 2.5 -2
v 2.4 2.5 -2.1
v 2.4 2.6 -1.6
v 2.4 2.6 -1.7
v 2.4 2.7 -1.5
v 2.4 2.7 -1.6
v 2.4 2.7 -1.9
v 2.4 2.7 -2
v 2.4 2.8 -1.7
v 2.4 2.8 -1.8
v 2.4 2.8 -1.9
v 2.4 2.8 -2.1
v 2.4 2.9 -1.5
v 2.4 2.9 -1.6
v 2.4 2.9 -1.9
v 2.4 2.9 -2.1
v -2.4 0 2.1
v -2.4 0 2
v -2.4 0 1.9
v -2.4 0 1.7
v -2.4 0 1.6
v -2.4 0 1.5
v -2.4 0 -1.5
v -2.4 0 -1.6
v -2.4 0 -1.7
v -2.4 0 -1.9
v -2.4 0 -2
v -2.4 0 -2.1
v -2.4 0.1 -2
v -2.4 0.1 -2.1
v -2.4 0.4 2.1
v -2.4 0.4 2
v -2.4 0.4 1.9
v -2.4 0.4 1.7
v -2.4 0.4 1.6
v -2.4 0.4 -1.6
v -2.4 0.4 -1.7
v -2.4 0.4 -1.9
v -2.4 0.4 -2
v -2.4 0.8 -1.5
v -2.4 0.8 -1.6
v -2.4 0.9 2.1
v -2.4 0.9 2
v -2.4 0.9 -1.5
v -2.4 0.9 -1.6
v -2.4 0.9 -1.9
v -2.4 0.9 -2
v -2.4 1 2
v -2.4 1 1.9
v -2.4 1 1.8
v -2.4 1 1.7
v -2.4 1 -1.5
v -2.4 1 -1.8
v -2.4 1 -1.9
v -2.4 1 -2
v -2.4 1.1 -2
v -2.4 1.1 -2.1
v -2.4 1.2 2
v -2.4 1.2 1.9
v -2.4 1.2 1.7
v -2.4 1.2 1.6
v -2.4 1.3 1.8
v -2.4 1.3 1.7
v -2.4 1.3 -1.7
v -2.4 1.3 -1.8
v -2.4 1.4 -2
v -2.4 1.4 -2.1
v -2.4 1.5 2
v -2.4 1.5 1.9
v -2.4 1.5 1.7
v -2.4 1.5 1.6
v -2.4 1.5 1.5
v -2.4 1.5 -1.5
v -2.4 1.5 -1.6
v -2.4 1.6 2
v -2.4 1.6 1.9
v -2.4 1.6 1.7
v -2.4 1.6 1.6
v -2.4 1.6 1.5
v -2.4 1.6 -1.6
v -2.4 1.6 -1.7
v -2.4 1.6 -1.9
v -2.4 1.6 -2
v -2.4 1.6 -2.1
v -2.4 1.7 2.1
v -2.4 1.7 2
v -2.4 1.7 1.9
v -2.4 1.7 1.8
v -2.4 1.7 -1.5
v -2.4 1.7 -1.6
v -2.4 1.7 -1.7
v -2.4 1.7 -1.8
v -2.4 1.9 1.9
v -2.4 1.9 1.8
v -2.4 1.9 1.6
v -2.4 1.9 1.5
v -2.4 1.9 -1.7
v -2.4 1.9 -1.8
v -2.4 1.9 -2
v -2.4 1.9 -2.1
v -2.4 2 1.6
v -2.4 2 1.5
v -2.4 2 -2
v -2.4 2 -2.1
v -2.4 2.3 1.8
v -2.4 2.3 1.7
v -2.4 2.3 -1.8
v -2.4 2.3 -1.9
v -2.4 2.4 1.7
v -2.4 2.4 1.6
v -2.4 2.4 -1.9
v -2.4 2.4 -2
v -2.4 2.5 1.6
v -2.4 2.5 1.5
v -2.4 2.5 -2
v -2.4 2.5 -2.1
v -2.4 2.6 2
v -2.4 2.6 1.9
v -2.4 2.6 -1.6
v -2.4 2.6 -1.7
v -2.4 2.7 2.1
v -2.4 2.7 2
v -2.4 2.7 1.7
v -2.4 2.7 1.6
v -2.4 2.7 -1.5
v -2.4 2.7 -1.6
v -2.4 2.7 -1.9
v -2.4 2.7 -2
v -2.4 2.8 1.9
v -2.4 2.8 1.8
v -2.4 2.8 1.7
v -2.4 2.8 1.5
v -2.4 2.8 -1.7
v -2.4 2.8 -1.8
v -2.4 2.8 -1.9
v -2.4 2.8 -2.1
v -2.4 2.9 2.1
v -2.4 2.9 2
v -2.4 2.9 1.7
v -2.4 2.9 1.5
v -2.4 2.9 -1.5
v -2.4 2.9 -1.6
v -2.4 2.9 -1.9
v -2.4 2.9 -2.1
v 3 0 2.1
v 3 0 2
v 3 0 1.9
v 3 0 1.6
v 3 0 1.5
v 3 0 1.4
v 3 0 -1.5
v 3 0 -1.6
v 3 0 -1.7
v 3 0 -1.9
v 3 0 -2
v 3 0 -2.1
v 3 0.1 1.6
v 3 0.1 1.5
v 3 0.1 -1.9
v 3 0.1 -2
v 3 0.2 2
v 3 0.2 1.9
v 3 0.2 1.8
v 3 0.2 -1.6
v 3 0.2 -1.7
v 3 0.2 -1.8
v 3 0.3 2.1
v 3 0.3 2
v 3 0.3 -1.5
v 3 0.3 -1.6
v 3 0.4 1.9
v 3 0.4 1.8
v 3 0.4 1.5
v 3 0.4 1.4
v 3 0.4 -1.7
v 3 0.4 -1.8
v 3 0.4 -2
v 3 0.4 -2.1
v 3 0.9 1.5
v 3 0.9 1.4
v 3 0.9 -2
v 3 0.9 -2.1
v 3 1 1.9
v 3 1 1.8
v 3 1 -1.7
v 3 1 -1.8
v 3 1.2 2.1
v 3 1.2 2
v 3 1.2 1.6
v 3 1.2 1.4
v 3 1.2 -1.5
v 3 1.2 -1.6
v 3 1.2 -1.9
v 3 1.2 -2.1
v 3 1.3 1.9
v 3 1.3 1.8
v 3 1.3 -1.7
v 3 1.3 -1.8
v 3 1.4 2.1
v 3 1.4 1.9
v 3 1.4 1.6
v 3 1.4 1.5
v 3 1.4 -1.5
v 3 1.4 -1.7
v 3 1.4 -1.9
v 3 1.4 -2
v 3 1.6 2.1
v 3 1.6 2
v 3 1.6 1.9
v 3 1.6 1.8
v 3 1.6 1.5
v 3 1.6 1.4
v 3 1.6 -1.5
v 3 1.6 -1.6
v 3 1.6 -1.7
v 3 1.6 -1.8
v 3 1.6 -2
v 3 1.6 -2.1
v 3 1.8 2
v 3 1.8 1.9
v 3 1.8 -1.6
v 3 1.8 -1.7
v 3 1.9 1.8
v 3 1.9 1.6
v 3 1.9 -1.8
v 3 1.9 -1.9
v 3 2.1 1.6
v 3 2.1 1.5
v 3 2.1 -1.9
v 3 2.1 -2
v 3 2.2 2
v 3 2.2 1.9
v 3 2.2 1.6
v 3 2.2 1.5
v 3 2.2 -1.6
v 3 2.2 -1.7
v 3 2.2 -1.9
v 3 2.2 -2
v 3 2.3 2
v 3 2.3 1.9
v 3 2.3 1.5
v 3 2.3 1.4
v 3 2.3 -1.6
v 3 2.3 -1.7
v 3 2.3 -2
v 3 2.3 -2.1
v 3 2.4 1.8
v 3 2.4 1.6
v 3 2.4 -1.8
v 3 2.4 -1.9
v 3 2.7 1.5
v 3 2.7 1.4
v 3 2.7 -2
v 3 2.7 -2.1
v 3 2.8 2
v 3 2.8 1.9
v 3 2.8 1.8
v 3 2.8 -1.6
v 3 2.8 -1.7
v 3 2.8 -1.8
v 3 2.9 2.1
v 3 2.9 2
v 3 2.9 1.9
v 3 2.9 1.6
v 3 2.9 1.4
v 3 2.9 -1.5
v 3 2.9 -1.6
v 3 2.9 -1.7
v 3 2.9 -2.1
v 3.1 2.9 2.2
v 3.1 2.9 2.1
v 3.1 2.9 1.6
v 3.1 2.9 -0.8
v 3.1 2.9 -2.2
v 3.1 3 2.1
v 3.1 3 1.6
v 3.1 3 0.1
v 3.1 3 -0.7
v 3.1 3 -0.8
v 3.1 3 -1.8
v 3.1 3 -2.1
v 3.1 3 -2.2
v 3.1 3.1 0.9
v 3.1 3.1 0.1
v 3.1 3.1 -0.0999999
v 3.1 3.1 -0.7
v 3.1 3.1 -1.4
v 3.1 3.1 -1.8
v 3.1 3.1 -2.1
v 3.1 3.2 1.8
v 3.1 3.2 0.9
v 3.1 3.2 0.7
v 3.1 3.2 -0.0999999
v 3.1 3.2 -0.7
v 3.1 3.2 -0.8
v 3.1 3.2 -1.4
v 3.1 3.2 -2.1
v 3.1 3.3 2.2
v 3.1 3.3 2
v 3.1 3.3 1.8
v 3.1 3.3 1.3
v 3.1 3.3 0.9
v 3.1 3.3 0.7
v 3.1 3.3 0.1
v 3.1 3.3 0
v 3.1 3.3 -0.8
v 3.1 3.3 -0.9
v 3.1 3.3 -1.3
v 3.1 3.3 -2
v 3.1 3.3 -2.1
v 3.1 3.3 -2.2
v 3.2 3.3 2.3
v 3.2 3.3 2.2
v 3.2 3.3 2
v 3.2 3.3 1.3
v 3.2 3.3 0.9
v 3.2 3.3 0.1
v 3.2 3.3 0
v 3.2 3.3 -0.9
v 3.2 3.3 -1.3
v 3.2 3.3 -2
v 3.2 3.3 -2.2
v 3.2 3.3 -2.3
v 3.2 3.5 2.3
v 3.2 3.5 2.2
v 3.2 3.5 2
v 3.2 3.5 1.3
v 3.2 3.5 0.9
v 3.2 3.5 0.1
v 3.2 3.5 0
v 3.2 3.5 -0.9
v 3.2 3.5 -1.3
v 3.2 3.5 -2
v 3.2 3.5 -2.2
v 3.2 3.5 -2.3
v -3.2 3.3 2.3
v -3.2 3.5 2.3
v -0.3 3.3 2.3
v -0.3 3.5 2.3
v 0.9 3.3 2.3
v 0.9 3.5 2.3
v 1.5 3.3 2.3
v 1.5 3.5 2.3
v 2.3 3.3 2.3
v 2.3 3.5 2.3
v 3.2 3.3 2.3
v 3.2 3.5 2.3
v -3.1 2.9 2.2
v -3.1 3.2 2.2
v -3.1 3.3 2.2
v -3 2.9 2.2
v -3 3 2.2
v -3 3.1 2.2
v -3 3.2 2.2
v -2.5 2.9 2.2
v -2.5 3 2.2
v -2.4 3.1 2.2
v -2.4 3.2 2.2
v -2.3 2.9 2.2
v -2.3 3 2.2
v -2 2.9 2.2
v -2 3 2.2
v -1.9 3.2 2.2
v -1.9 3.3 2.2
v -0.3 3.3 2.2
v -0.0999999 3.2 2.2
v -0.0999999 3.3 2.2
v 0.6 2.9 2.2
v 0.6 3 2.2
v 0.9 3.3 2.2
v 1.1 3 2.2
v 1.1 3.1 2.2
v 1.4 2.9 2.2
v 1.4 3 2.2
v 1.4 3.1 2.2
v 1.4 3.2 2.2
v 1.5 3 2.2
v 1.5 3.1 2.2
v 1.5 3.3 2.2
v 1.8 3.1 2.2
v 1.8 3.2 2.2
v 1.9 2.9 2.2
v 1.9 3 2.2
v 2.3 3 2.2
v 2.3 3.1 2.2
v 2.3 3.3 2.2
v 2.5 3.2 2.2
v 2.5 3.3 2.2
v 2.6 2.9 2.2
v 2.6 3 2.2
v 2.7 3 2.2
v 2.7 3.1 2.2
v 3.1 2.9 2.2
v 3.1 3.3 2.2
v -3 0 2.1
v -3 0.3 2.1
v -3 1.2 2.1
v -3 1.4 2.1
v -3 1.6 2.1
v -3 2.9 2.1
v -2.9 0 2.1
v -2.9 0.3 2.1
v -2.9 1 2.1
v -2.9 1.2 2.1
v -2.9 1.4 2.1
v -2.9 1.6 2.1
v -2.9 1.7 2.1
v -2.9 2.5 2.1
v -2.8 0 2.1
v -2.8 0.4 2.1
v -2.8 0.9 2.1
v -2.8 1 2.1
v -2.8 1.7 2.1
v -2.8 1.9 2.1
v -2.8 2.5 2.1
v -2.8 2.6 2.1
v -2.8 2.8 2.1
v -2.8 2.9 2.1
v -2.7 0 2.1
v -2.7 0.4 2.1
v -2.7 2.4 2.1
v -2.7 2.6 2.1
v -2.7 2.8 2.1
v -2.6 0 2.1
v -2.6 0.2 2.1
v -2.6 0.9 2.1
v -2.6 1.4 2.1
v -2.6 2.6 2.1
v -2.6 2.8 2.1
v -2.5 0.2 2.1
v -2.5 0.4 2.1
v -2.5 0.9 2.1
v -2.5 1.4 2.1
v -2.5 1.7 2.1
v -2.5 1.9 2.1
v -2.5 2.4 2.1
v -2.5 2.7 2.1
v -2.5 2.8 2.1
v -2.5 2.9 2.1
v -2.4 0 2.1
v -2.4 0.4 2.1
v -2.4 0.9 2.1
v -2.4 1.7 2.1
v -2.4 2.7 2.1
v -2.4 2.9 2.1
v 2.3 0 2.1
v 2.3 0.4 2.1
v 2.3 0.9 2.1
v 2.3 1.7 2.1
v 2.3 2.7 2.1
v 2.3 2.9 2.1
v 2.4 0.2 2.1
v 2.4 0.4 2.1
v 2.4 0.9 2.1
v 2.4 1.4 2.1
v 2.4 1.7 2.1
v 2.4 1.9 2.1
v 2.4 2.4 2.1
v 2.4 2.7 2.1
v 2.4 2.8 2.1
v 2.4 2.9 2.1
v 2.5 0 2.1
v 2.5 0.2 2.1
v 2.5 0.9 2.1
v 2.5 1.4 2.1
v 2.5 2.6 2.1
v 2.5 2.8 2.1
v 2.6 0 2.1
v 2.6 0.4 2.1
v 2.6 2.4 2.1
v 2.6 2.6 2.1
v 2.6 2.8 2.1
v 2.6 2.9 2.1
v 2.8 0 2.1
v 2.8 0.4 2.1
v 2.8 0.9 2.1
v 2.8 1 2.1
v 2.8 1.7 2.1
v 2.8 1.9 2.1
v 2.8 2.5 2.1
v 2.8 2.6 2.1
v 2.8 2.8 2.1
v 2.8 2.9 2.1
v 2.9 0 2.1
v 2.9 0.3 2.1
v 2.9 1 2.1
v 2.9 1.2 2.1
v 2.9 1.4 2.1
v 2.9 1.6 2.1
v 2.9 1.7 2.1
v 2.9 2.5 2.1
v 3 0 2.1
v 3 0.3 2.1
v 3 1.2 2.1
v 3 1.4 2.1
v 3 1.6 2.1
v 3 2.9 2.1
v -3 0 -1.5
v -3 0.3 -1.5
v -3 1.2 -1.5
v -3 1.4 -1.5
v -3 1.6 -1.5
v -3 2.9 -1.5
v -2.9 0 -1.5
v -2.9 0.3 -1.5
v -2.9 0.4 -1.5
v -2.9 0.9 -1.5
v -2.9 1 -1.5
v -2.9 1.2 -1.5
v -2.9 1.4 -1.5
v -2.9 1.6 -1.5
v -2.9 1.7 -1.5
v -2.9 2.5 -1.5
v -2.8 0 -1.5
v -2.8 0.4 -1.5
v -2.8 0.9 -1.5
v -2.8 1 -1.5
v -2.8 1.7 -1.5
v -2.8 1.9 -1.5
v -2.8 2.5 -1.5
v -2.8 2.6 -1.5
v -2.8 2.8 -1.5
v -2.8 2.9 -1.5
v -2.7 0 -1.5
v -2.7 0.3 -1.5
v -2.7 0.4 -1.5
v -2.7 0.9 -1.5
v -2.7 1.4 -1.5
v -2.7 1.5 -1.5
v -2.7 2.4 -1.5
v -2.7 2.6 -1.5
v -2.7 2.8 -1.5
v -2.6 0 -1.5
v -2.6 0.2 -1.5
v -2.6 1 -1.5
v -2.6 1.4 -1.5
v -2.6 2.6 -1.5
v -2.6 2.8 -1.5
v -2.5 0.2 -1.5
v -2.5 0.3 -1.5
v -2.5 0.8 -1.5
v -2.5 0.9 -1.5
v -2.5 1.7 -1.5
v -2.5 1.9 -1.5
v -2.5 2.4 -1.5
v -2.5 2.7 -1.5
v -2.5 2.8 -1.5
v -2.5 2.9 -1.5
v -2.4 0 -1.5
v -2.4 0.8 -1.5
v -2.4 0.9 -1.5
v -2.4 1 -1.5
v -2.4 1.5 -1.5
v -2.4 1.7 -1.5
v -2.4 2.7 -1.5
v -2.4 2.9 -1.5
v 2.4 0 -1.5
v 2.4 0.4 -1.5
v 2.4 0.5 -1.5
v 2.4 1.4 -1.5
v 2.4 1.5 -1.5
v 2.4 1.7 -1.5
v 2.4 2.7 -1.5
v 2.4 2.9 -1.5
v 2.5 0.4 -1.5
v 2.5 0.5 -1.5
v 2.5 1.7 -1.5
v 2.5 1.9 -1.5
v 2.5 2.4 -1.5
v 2.5 2.7 -1.5
v 2.5 2.8 -1.5
v 2.5 2.9 -1.5
v 2.6 0 -1.5
v 2.6 0.8 -1.5
v 2.6 1.4 -1.5
v 2.6 1.5 -1.5
v 2.6 2.6 -1.5
v 2.6 2.8 -1.5
v 2.7 0 -1.5
v 2.7 0.4 -1.5
v 2.7 0.8 -1.5
v 2.7 0.9 -1.5
v 2.7 2.4 -1.5
v 2.7 2.6 -1.5
v 2.7 2.8 -1.5
v 2.8 0 -1.5
v 2.8 0.4 -1.5
v 2.8 0.9 -1.5
v 2.8 1 -1.5
v 2.8 1.7 -1.5
v 2.8 1.9 -1.5
v 2.8 2.5 -1.5
v 2.8 2.6 -1.5
v 2.8 2.8 -1.5
v 2.8 2.9 -1.5
v 2.9 0 -1.5
v 2.9 0.3 -1.5
v 2.9 1 -1.5
v 2.9 1.2 -1.5
v 2.9 1.4 -1.5
v 2.9 1.6 -1.5
v 2.9 1.7 -1.5
v 2.9 2.5 -1.5
v 3 0 -1.5
v 3 0.3 -1.5
v 3 1.2 -1.5
v 3 1.4 -1.5
v 3 1.6 -1.5
v 3 2.9 -1.5
v -3 0 1.5
v -3 0.4 1.5
v -3 0.9 1.5
v -3 1.4 1.5
v -3 1.6 1.5
v -3 2.3 1.5
v -3 2.7 1.5
v -3 2.9 1.5
v -2.9 0.7 1.5
v -2.9 0.9 1.5
v -2.9 1.4 1.5
v -2.9 1.5 1.5
v -2.9 1.6 1.5
v -2.9 1.8 1.5
v -2.9 1.9 1.5
v -2.9 2.3 1.5
v -2.9 2.5 1.5
v -2.9 2.7 1.5
v -2.8 0.4 1.5
v -2.8 0.7 1.5
v -2.8 0.8 1.5
v -2.8 0.9 1.5
v -2.8 1.5 1.5
v -2.8 1.6 1.5
v -2.8 1.8 1.5
v -2.8 1.9 1.5
v -2.8 2.4 1.5
v -2.8 2.5 1.5
v -2.8 2.8 1.5
v -2.8 2.9 1.5
v -2.7 0.4 1.5
v -2.7 0.6 1.5
v -2.7 0.7 1.5
v -2.7 0.8 1.5
v -2.7 1 1.5
v -2.7 1.1 1.5
v -2.7 1.3 1.5
v -2.7 1.5 1.5
v -2.7 1.6 1.5
v -2.7 1.7 1.5
v -2.7 2.4 1.5
v -2.7 2.5 1.5
v -2.7 2.7 1.5
v -2.7 2.8 1.5
v -2.6 0.1 1.5
v -2.6 0.3 1.5
v -2.6 0.4 1.5
v -2.6 0.6 1.5
v -2.6 0.7 1.5
v -2.6 0.8 1.5
v -2.6 0.9 1.5
v -2.6 1 1.5
v -2.6 1.1 1.5
v -2.6 1.2 1.5
v -2.6 1.3 1.5
v -2.6 1.4 1.5
v -2.6 1.5 1.5
v -2.6 1.7 1.5
v -2.6 1.9 1.5
v -2.6 2.4 1.5
v -2.6 2.5 1.5
v -2.6 2.6 1.5
v -2.6 2.7 1.5
v -2.6 2.8 1.5
v -2.6 2.9 1.5
v -2.5 0.1 1.5
v -2.5 0.3 1.5
v -2.5 0.6 1.5
v -2.5 0.8 1.5
v -2.5 1.2 1.5
v -2.5 1.4 1.5
v -2.5 1.5 1.5
v -2.5 1.6 1.5
v -2.5 2 1.5
v -2.5 2.4 1.5
v -2.5 2.5 1.5
v -2.5 2.6 1.5
v -2.4 0 1.5
v -2.4 1.5 1.5
v -2.4 1.6 1.5
v -2.4 1.9 1.5
v -2.4 2 1.5
v -2.4 2.5 1.5
v -2.4 2.8 1.5
v -2.4 2.9 1.5
v 2.3 0 1.4
v 2.3 1 1.4
v 2.3 1.3 1.4
v 2.3 1.5 1.4
v 2.3 1.6 1.4
v 2.3 1.9 1.4
v 2.3 2 1.4
v 2.3 2.5 1.4
v 2.3 2.8 1.4
v 2.3 2.9 1.4
v 2.4 0 1.4
v 2.4 0.1 1.4
v 2.4 0.3 1.4
v 2.4 0.4 1.4
v 2.4 0.7 1.4
v 2.4 0.8 1.4
v 2.4 1 1.4
v 2.4 1.3 1.4
v 2.4 1.4 1.4
v 2.4 1.5 1.4
v 2.4 1.6 1.4
v 2.4 2 1.4
v 2.4 2.1 1.4
v 2.4 2.5 1.4
v 2.4 2.6 1.4
v 2.5 0.3 1.4
v 2.5 0.4 1.4
v 2.5 0.7 1.4
v 2.5 0.8 1.4
v 2.5 2.6 1.4
v 2.5 2.7 1.4
v 2.5 2.8 1.4
v 2.5 2.9 1.4
v 2.6 0 1.4
v 2.6 0.1 1.4
v 2.6 0.4 1.4
v 2.6 0.6 1.4
v 2.6 1.4 1.4
v 2.6 1.5 1.4
v 2.6 1.9 1.4
v 2.6 2.1 1.4
v 2.6 2.2 1.4
v 2.6 2.4 1.4
v 2.6 2.7 1.4
v 2.6 2.8 1.4
v 2.7 0.4 1.4
v 2.7 0.5 1.4
v 2.7 0.6 1.4
v 2.7 0.9 1.4
v 2.7 1.8 1.4
v 2.7 2.2 1.4
v 2.8 0.5 1.4
v 2.8 0.9 1.4
v 2.8 1.5 1.4
v 2.8 1.8 1.4
v 2.8 1.9 1.4
v 2.8 2.4 1.4
v 2.8 2.5 1.4
v 2.8 2.8 1.4
v 2.8 2.9 1.4
v 2.9 0.4 1.4
v 2.9 0.9 1.4
v 2.9 1.2 1.4
v 2.9 1.5 1.4
v 2.9 1.6 1.4
v 2.9 1.8 1.4
v 2.9 1.9 1.4
v 2.9 2.3 1.4
v 2.9 2.5 1.4
v 2.9 2.7 1.4
v 3 0 1.4
v 3 0.4 1.4
v 3 0.9 1.4
v 3 1.2 1.4
v 3 1.6 1.4
v 3 2.3 1.4
v 3 2.7 1.4
v 3 2.9 1.4
v -3 0 -2.1
v -3 0.4 -2.1
v -3 0.9 -2.1
v -3 1.2 -2.1
v -3 1.6 -2.1
v -3 2.3 -2.1
v -3 2.7 -2.1
v -3 2.9 -2.1
v -2.9 1.2 -2.1
v -2.9 1.4 -2.1
v -2.9 1.6 -2.1
v -2.9 1.8 -2.1
v -2.9 1.9 -2.1
v -2.9 2.3 -2.1
v -2.9 2.5 -2.1
v -2.9 2.7 -2.1
v -2.8 1.4 -2.1
v -2.8 1.6 -2.1
v -2.8 1.8 -2.1
v -2.8 1.9 -2.1
v -2.8 2.4 -2.1
v -2.8 2.5 -2.1
v -2.8 2.8 -2.1
v -2.8 2.9 -2.1
v -2.7 0 -2.1
v -2.7 0.4 -2.1
v -2.7 0.9 -2.1
v -2.7 1.2 -2.1
v -2.7 1.6 -2.1
v -2.7 1.7 -2.1
v -2.7 2.4 -2.1
v -2.7 2.5 -2.1
v -2.7 2.7 -2.1
v -2.7 2.8 -2.1
v -2.7 2.9 -2.1
v -2.6 0.9 -2.1
v -2.6 1.2 -2.1
v -2.6 1.4 -2.1
v -2.6 1.7 -2.1
v -2.6 1.9 -2.1
v -2.6 2.4 -2.1
v -2.6 2.5 -2.1
v -2.6 2.6 -2.1
v -2.6 2.7 -2.1
v -2.6 2.8 -2.1
v -2.6 2.9 -2.1
v -2.5 0 -2.1
v -2.5 0.1 -2.1
v -2.5 0.9 -2.1
v -2.5 1.1 -2.1
v -2.5 1.2 -2.1
v -2.5 1.4 -2.1
v -2.5 1.6 -2.1
v -2.5 2 -2.1
v -2.5 2.4 -2.1
v -2.5 2.5 -2.1
v -2.5 2.6 -2.1
v -2.4 0 -2.1
v -2.4 0.1 -2.1
v -2.4 1.1 -2.1
v -2.4 1.4 -2.1
v -2.4 1.6 -2.1
v -2.4 1.9 -2.1
v -2.4 2 -2.1
v -2.4 2.5 -2.1
v -2.4 2.8 -2.1
v -2.4 2.9 -2.1
v 2.4 0 -2.1
v 2.4 0.1 -2.1
v 2.4 1.1 -2.1
v 2.4 1.4 -2.1
v 2.4 1.6 -2.1
v 2.4 1.9 -2.1
v 2.4 2 -2.1
v 2.4 2.5 -2.1
v 2.4 2.8 -2.1
v 2.4 2.9 -2.1
v 2.5 0 -2.1
v 2.5 0.1 -2.1
v 2.5 0.9 -2.1
v 2.5 1.1 -2.1
v 2.5 1.2 -2.1
v 2.5 1.4 -2.1
v 2.5 1.6 -2.1
v 2.5 2 -2.1
v 2.5 2.4 -2.1
v 2.5 2.5 -2.1
v 2.5 2.6 -2.1
v 2.6 0.9 -2.1
v 2.6 1.2 -2.1
v 2.6 1.4 -2.1
v 2.6 1.7 -2.1
v 2.6 1.9 -2.1
v 2.6 2.4 -2.1
v 2.6 2.5 -2.1
v 2.6 2.6 -2.1
v 2.6 2.7 -2.1
v 2.6 2.8 -2.1
v 2.6 2.9 -2.1
v 2.7 0 -2.1
v 2.7 0.4 -2.1
v 2.7 0.9 -2.1
v 2.7 1.2 -2.1
v 2.7 1.6 -2.1
v 2.7 1.7 -2.1
v 2.7 2.4 -2.1
v 2.7 2.5 -2.1
v 2.7 2.7 -2.1
v 2.7 2.8 -2.1
v 2.8 1.4 -2.1
v 2.8 1.6 -2.1
v 2.8 1.8 -2.1
v 2.8 1.9 -2.1
v 2.8 2.4 -2.1
v 2.8 2.5 -2.1
v 2.8 2.8 -2.1
v 2.8 2.9 -2.1
v 2.9 1.2 -2.1
v 2.9 1.4 -2.1
v 2.9 1.6 -2.1
v 2.9 1.8 -2.1
v 2.9 1.9 -2.1
v 2.9 2.3 -2.1
v 2.9 2.5 -2.1
v 2.9 2.7 -2.1
v 3 0 -2.1
v 3 0.4 -2.1
v 3 0.9 -2.1
v 3 1.2 -2.1
v 3 1.6 -2.1
v 3 2.3 -2.1
v 3 2.7 -2.1
v 3 2.9 -2.1
v -3.1 2.9 -2.2
v -3.1 3.2 -2.2
v -3.1 3.3 -2.2
v -2.9 3 -2.2
v -2.9 3.1 -2.2
v -2.7 2.9 -2.2
v -2.7 3 -2.2
v -2.4 3 -2.2
v -2.4 3.1 -2.2
v -2.3 3.1 -2.2
v -2.3 3.2 -2.2
v -1.8 2.9 -2.2
v -1.8 3 -2.2
v -1.7 3 -2.2
v -1.7 3.1 -2.2
v -1.5 2.9 -2.2
v -1.5 3 -2.2
v -1.5 3.1 -2.2
v -1.5 3.2 -2.2
v -1.1 3 -2.2
v -1.1 3.1 -2.2
v -0.6 2.9 -2.2
v -0.6 3 -2.2
v -0.5 3 -2.2
v -0.5 3.1 -2.2
v -0.5 3.2 -2.2
v -0.5 3.3 -2.2
v -0.3 3.3 -2.2
v 0.2 3.1 -2.2
v 0.2 3.2 -2.2
v 0.3 3 -2.2
v 0.3 3.1 -2.2
v 0.4 2.9 -2.2
v 0.4 3.1 -2.2
v 0.5 3 -2.2
v 0.5 3.1 -2.2
v 0.7 3 -2.2
v 0.7 3.1 -2.2
v 0.8 2.9 -2.2
v 0.8 3 -2.2
v 0.9 3.1 -2.2
v 0.9 3.2 -2.2
v 0.9 3.3 -2.2
v 1.1 3 -2.2
v 1.1 3.1 -2.2
v 1.1 3.2 -2.2
v 1.1 3.3 -2.2
v 1.3 2.9 -2.2
v 1.3 3 -2.2
v 1.5 3.3 -2.2
v 1.6 3 -2.2
v 1.6 3.1 -2.2
v 1.7 3 -2.2
v 1.7 3.1 -2.2
v 1.8 3.1 -2.2
v 1.8 3.2 -2.2
v 1.9 3 -2.2
v 1.9 3.1 -2.2
v 2 3.2 -2.2
v 2 3.3 -2.2
v 2.1 3 -2.2
v 2.1 3.1 -2.2
v 2.2 2.9 -2.2
v 2.2 3 -2.2
v 2.3 3 -2.2
v 2.3 3.1 -2.2
v 2.3 3.3 -2.2
v 2.4 3.1 -2.2
v 2.4 3.2 -2.2
v 2.6 2.9 -2.2
v 2.6 3 -2.2
v 2.9 3 -2.2
v 2.9 3.1 -2.2
v 3.1 2.9 -2.2
v 3.1 3 -2.2
v 3.1 3.3 -2.2
v -3.2 3.3 -2.3
v -3.2 3.5 -2.3
v -0.3 3.3 -2.3
v -0.3 3.5 -2.3
v 0.9 3.3 -2.3
v 0.9 3.5 -2.3
v 1.5 3.3 -2.3
v 1.5 3.5 -2.3
v 2.3 3.3 -2.3
v 2.3 3.5 -2.3
v 3.2 3.3 -2.3
v 3.2 3.5 -2.3
v -3 0 2.1
v -2.9 0 2.1
v -2.8 0 2.1
v -2.7 0 2.1
v -2.6 0 2.1
v -2.4 0 2.1
v 2.3 0 2.1
v 2.5 0 2.1
v 2.6 0 2.1
v 2.8 0 2.1
v 2.9 0 2.1
v 3 0 2.1
v -3 0 2
v -2.9 0 2
v -2.8 0 2
v -2.7 0 2
v -2.6 0 2
v -2.4 0 2
v 2.3 0 2
v 2.5 0 2
v 2.6 0 2
v 2.8 0 2
v 2.9 0 2
v 3 0 2
v -3 0 1.9
v -2.9 0 1.9
v -2.5 0 1.9
v -2.4 0 1.9
v 2.3 0 1.9
v 2.4 0 1.9
v 2.9 0 1.9
v 3 0 1.9
v -3 0 1.7
v -2.9 0 1.7
v -2.5 0 1.7
v -2.4 0 1.7
v -3 0 1.6
v -2.4 0 1.6
v 2.3 0 1.6
v 2.4 0 1.6
v 2.9 0 1.6
v 3 0 1.6
v -3 0 1.5
v -2.4 0 1.5
v 2.3 0 1.5
v 2.4 0 1.5
v 2.6 0 1.5
v 3 0 1.5
v 2.3 0 1.4
v 2.4 0 1.4
v 2.6 0 1.4
v 3 0 1.4
v -3 0 -1.5
v -2.9 0 -1.5
v -2.8 0 -1.5
v -2.7 0 -1.5
v -2.6 0 -1.5
v -2.4 0 -1.5
v 2.4 0 -1.5
v 2.6 0 -1.5
v 2.7 0 -1.5
v 2.8 0 -1.5
v 2.9 0 -1.5
v 3 0 -1.5
v -3 0 -1.6
v -2.9 0 -1.6
v -2.8 0 -1.6
v -2.7 0 -1.6
v -2.6 0 -1.6
v -2.4 0 -1.6
v 2.5 0 -1.6
v 2.6 0 -1.6
v 2.7 0 -1.6
v 2.8 0 -1.6
v 2.9 0 -1.6
v 3 0 -1.6
v -3 0 -1.7
v -2.9 0 -1.7
v -2.5 0 -1.7
v -2.4 0 -1.7
v 2.9 0 -1.7
v 3 0 -1.7
v -3 0 -1.9
v -2.9 0 -1.9
v -2.5 0 -1.9
v -2.4 0 -1.9
v 2.4 0 -1.9
v 2.5 0 -1.9
v 2.9 0 -1.9
v 3 0 -1.9
v -3 0 -2
v -2.7 0 -2
v -2.5 0 -2
v -2.4 0 -2
v 2.4 0 -2
v 2.5 0 -2
v 2.7 0 -2
v 3 0 -2
v -3 0 -2.1
v -2.7 0 -2.1
v -2.5 0 -2.1
v -2.4 0 -2.1
v 2.4 0 -2.1
v 2.5 0 -2.1
v 2.7 0 -2.1
v 3 0 -2.1
v -3.1 2.9 2.2
v -3 2.9 2.2
v -2.5 2.9 2.2
v -2.3 2.9 2.2
v -2 2.9 2.2
v 0.6 2.9 2.2
v 1.4 2.9 2.2
v 1.9 2.9 2.2
v 2.6 2.9 2.2
v 3.1 2.9 2.2
v -3.1 2.9 2.1
v -3 2.9 2.1
v -2.8 2.9 2.1
v -2.5 2.9 2.1
v -2.4 2.9 2.1
v -2.3 2.9 2.1
v -2 2.9 2.1
v 0.6 2.9 2.1
v 1.4 2.9 2.1
v 1.9 2.9 2.1
v 2.3 2.9 2.1
v 2.4 2.9 2.1
v 2.6 2.9 2.1
v 2.8 2.9 2.1
v 3 2.9 2.1
v 3.1 2.9 2.1
v -3 2.9 2
v -2.4 2.9 2
v 2.3 2.9 2
v 3 2.9 2
v -3 2.9 1.9
v 3 2.9 1.9
v -2.4 2.9 1.7
v -3.1 2.9 1.6
v -3 2.9 1.6
v 2.3 2.9 1.6
v 3 2.9 1.6
v 3.1 2.9 1.6
v -3 2.9 1.5
v -2.8 2.9 1.5
v -2.6 2.9 1.5
v -2.4 2.9 1.5
v 2.3 2.9 1.4
v 2.5 2.9 1.4
v 2.8 2.9 1.4
v 3 2.9 1.4
v -3.1 2.9 -0.2
v -3 2.9 -0.2
v 3 2.9 -0.8
v 3.1 2.9 -0.8
v -3.1 2.9 -1
v -3 2.9 -1
v -3 2.9 -1.5
v -2.8 2.9 -1.5
v -2.5 2.9 -1.5
v -2.4 2.9 -1.5
v 2.4 2.9 -1.5
v 2.5 2.9 -1.5
v 2.8 2.9 -1.5
v 3 2.9 -1.5
v -3 2.9 -1.6
v -2.4 2.9 -1.6
v 2.4 2.9 -1.6
v 3 2.9 -1.6
v -3 2.9 -1.7
v 3 2.9 -1.7
v -2.4 2.9 -1.9
v 2.4 2.9 -1.9
v -3 2.9 -2.1
v -2.8 2.9 -2.1
v -2.7 2.9 -2.1
v -2.6 2.9 -2.1
v -2.4 2.9 -2.1
v -1.8 2.9 -2.1
v -1.5 2.9 -2.1
v -0.6 2.9 -2.1
v 0.4 2.9 -2.1
v 0.8 2.9 -2.1
v 1.3 2.9 -2.1
v 2.2 2.9 -2.1
v 2.4 2.9 -2.1
v 2.6 2.9 -2.1
v 2.8 2.9 -2.1
v 3 2.9 -2.1
v -3.1 2.9 -2.2
v -2.7 2.9 -2.2
v -1.8 2.9 -2.2
v -1.5 2.9 -2.2
v -0.6 2.9 -2.2
v 0.4 2.9 -2.2
v 0.8 2.9 -2.2
v 1.3 2.9 -2.2
v 2.2 2.9 -2.2
v 2.6 2.9 -2.2
v 3.1 2.9 -2.2
v -3.2 3.3 2.3
v -0.3 3.3 2.3
v 0.9 3.3 2.3
v 1.5 3.3 2.3
v 2.3 3.3 2.3
v 3.2 3.3 2.3
v -3.1 3.3 2.2
v -1.9 3.3 2.2
v -0.3 3.3 2.2
v -0.0999999 3.3 2.2
v 0.9 3.3 2.2
v 1.5 3.3 2.2
v 2.3 3.3 2.2
v 2.5 3.3 2.2
v 3.1 3.3 2.2
v 3.2 3.3 2.2
v -3.1 3.3 2.1
v 3.1 3.3 2
v 3.2 3.3 2
v -3.2 3.3 1.8
v -3.1 3.3 1.8
v 3.1 3.3 1.8
v -3.1 3.3 1.7
v -3.2 3.3 1.5
v -3.1 3.3 1.5
v -3.2 3.3 1.4
v -3.1 3.3 1.4
v -3.2 3.3 1.3
v -3.1 3.3 1.3
v 3.1 3.3 1.3
v 3.2 3.3 1.3
v -3.1 3.3 0.9
v 3.1 3.3 0.9
v 3.2 3.3 0.9
v -3.2 3.3 0.8
v -3.1 3.3 0.8
v -3.2 3.3 0.7
v -3.1 3.3 0.7
v 3.1 3.3 0.7
v -3.2 3.3 0.1
v -3.1 3.3 0.1
v 3.1 3.3 0.1
v 3.2 3.3 0.1
v 3.1 3.3 0
v 3.2 3.3 0
v -3.2 3.3 -0.0999999
v -3.1 3.3 -0.0999999
v -3.1 3.3 -0.3
v -3.2 3.3 -0.7
v -3.1 3.3 -0.7
v -3.2 3.3 -0.8
v -3.1 3.3 -0.8
v 3.1 3.3 -0.8
v -3.1 3.3 -0.9
v 3.1 3.3 -0.9
v 3.2 3.3 -0.9
v -3.2 3.3 -1.3
v -3.1 3.3 -1.3
v 3.1 3.3 -1.3
v 3.2 3.3 -1.3
v -3.2 3.3 -1.4
v -3.1 3.3 -1.4
v -3.2 3.3 -1.5
v -3.1 3.3 -1.5
v -3.1 3.3 -1.6
v -3.2 3.3 -1.8
v -3.1 3.3 -1.8
v 3.1 3.3 -2
v 3.2 3.3 -2
v 3.1 3.3 -2.1
v -3.1 3.3 -2.2
v -0.5 3.3 -2.2
v -0.3 3.3 -2.2
v 0.9 3.3 -2.2
v 1.1 3.3 -2.2
v 1.5 3.3 -2.2
v 2 3.3 -2.2
v 2.3 3.3 -2.2
v 3.1 3.3 -2.2
v 3.2 3.3 -2.2
v -3.2 3.3 -2.3
v -0.3 3.3 -2.3
v 0.9 3.3 -2.3
v 1.5 3.3 -2.3
v 2.3 3.3 -2.3
v 3.2 3.3 -2.3
v -3.2 3.5 2.3
v -0.3 3.5 2.3
v 0.9 3.5 2.3
v 1.5 3.5 2.3
v 2.3 3.5 2.3
v 3.2 3.5 2.3
v -1.9 3.5 2.2
v -1.8 3.5 2.2
v -0.4 3.5 2.2
v -0.3 3.5 2.2
v 0.6 3.5 2.2
v 0.9 3.5 2.2
v 1 3.5 2.2
v 1.3 3.5 2.2
v 1.5 3.5 2.2
v 2 3.5 2.2
v 2.3 3.5 2.2
v 2.9 3.5 2.2
v 3.2 3.5 2.2
v -3.1 3.5 2.1
v -2.9 3.5 2.1
v -2.4 3.5 2.1
v -2 3.5 2.1
v -1.9 3.5 2.1
v -1.8 3.5 2.1
v -1.5 3.5 2.1
v -1.2 3.5 2.1
v -0.6 3.5 2.1
v -0.4 3.5 2.1
v -0.2 3.5 2.1
v 0.6 3.5 2.1
v 0.7 3.5 2.1
v 0.8 3.5 2.1
v 0.9 3.5 2.1
v 1 3.5 2.1
v 1.1 3.5 2.1
v 1.3 3.5 2.1
v 1.6 3.5 2.1
v 2 3.5 2.1
v 2.5 3.5 2.1
v 2.9 3.5 2.1
v -3.1 3.5 2
v -3 3.5 2
v -2.9 3.5 2
v -2.5 3.5 2
v -2.4 3.5 2
v -2 3.5 2
v -1.8 3.5 2
v -1.5 3.5 2
v -1.4 3.5 2
v -1.2 3.5 2
v -0.9 3.5 2
v -0.6 3.5 2
v -0.5 3.5 2
v -0.2 3.5 2
v 0 3.5 2
v 0.3 3.5 2
v 0.5 3.5 2
v 0.7 3.5 2
v 0.8 3.5 2
v 0.9 3.5 2
v 1.1 3.5 2
v 1.4 3.5 2
v 1.6 3.5 2
v 2.1 3.5 2
v 2.5 3.5 2
v 3.1 3.5 2
v 3.2 3.5 2
v -3.2 3.5 1.8
v -3 3.5 1.8
v -2.8 3.5 1.8
v -2.5 3.5 1.8
v -2.4 3.5 1.8
v -2.2 3.5 1.8
v -1.8 3.5 1.8
v -1.4 3.5 1.8
v -1.3 3.5 1.8
v -0.9 3.5 1.8
v -0.7 3.5 1.8
v -0.5 3.5 1.8
v -0.3 3.5 1.8
v 0 3.5 1.8
v 0.4 3.5 1.8
v 0.5 3.5 1.8
v 0.7 3.5 1.8
v 0.8 3.5 1.8
v 0.9 3.5 1.8
v 1.4 3.5 1.8
v 1.5 3.5 1.8
v 1.7 3.5 1.8
v 2.1 3.5 1.8
v -3 3.5 1.7
v -2.9 3.5 1.7
v -2.8 3.5 1.7
v -2.5 3.5 1.7
v -2.2 3.5 1.7
v -1.8 3.5 1.7
v -1.5 3.5 1.7
v -1.3 3.5 1.7
v -0.9 3.5 1.7
v -0.7 3.5 1.7
v -0.3 3.5 1.7
v 0.3 3.5 1.7
v 0.4 3.5 1.7
v 0.5 3.5 1.7
v 0.6 3.5 1.7
v 0.8 3.5 1.7
v 1.3 3.5 1.7
v 1.5 3.5 1.7
v 1.7 3.5 1.7
v 1.9 3.5 1.7
v -2.9 3.5 1.6
v -2.8 3.5 1.6
v -2.5 3.5 1.6
v -2.4 3.5 1.6
v -1.7 3.5 1.6
v -1.5 3.5 1.6
v -1.4 3.5 1.6
v -0.9 3.5 1.6
v -0.2 3.5 1.6
v -0.0999999 3.5 1.6
v 0.4 3.5 1.6
v 0.6 3.5 1.6
v 0.9 3.5 1.6
v 1.3 3.5 1.6
v 1.9 3.5 1.6
v 2.3 3.5 1.6
v 2.9 3.5 1.6
v 3.1 3.5 1.6
v -3.2 3.5 1.5
v -3 3.5 1.5
v -2.8 3.5 1.5
v -2.5 3.5 1.5
v -2 3.5 1.5
v -1.7 3.5 1.5
v -1.6 3.5 1.5
v -1.4 3.5 1.5
v -0.4 3.5 1.5
v -0.2 3.5 1.5
v -0.0999999 3.5 1.5
v 0.4 3.5 1.5
v 0.7 3.5 1.5
v 0.9 3.5 1.5
v 1.5 3.5 1.5
v 1.8 3.5 1.5
v 2.3 3.5 1.5
v 2.9 3.5 1.5
v -3.2 3.5 1.4
v -3.1 3.5 1.4
v -3 3.5 1.4
v -2.6 3.5 1.4
v -2.5 3.5 1.4
v -2.4 3.5 1.4
v -2.2 3.5 1.4
v -2 3.5 1.4
v -1.8 3.5 1.4
v -1.6 3.5 1.4
v -1 3.5 1.4
v -0.8 3.5 1.4
v -0.5 3.5 1.4
v -0.4 3.5 1.4
v 0.5 3.5 1.4
v 0.7 3.5 1.4
v 1.3 3.5 1.4
v 1.5 3.5 1.4
v 1.8 3.5 1.4
v 2 3.5 1.4
v 3 3.5 1.4
v 3.1 3.5 1.4
v -3.2 3.5 1.3
v -3.1 3.5 1.3
v -3 3.5 1.3
v -2.9 3.5 1.3
v -2.4 3.5 1.3
v -2.2 3.5 1.3
v -2.1 3.5 1.3
v -1.8 3.5 1.3
v -1.4 3.5 1.3
v -1 3.5 1.3
v -0.9 3.5 1.3
v -0.8 3.5 1.3
v -0.7 3.5 1.3
v -0.5 3.5 1.3
v -0.2 3.5 1.3
v 0.5 3.5 1.3
v 1.2 3.5 1.3
v 1.3 3.5 1.3
v 2 3.5 1.3
v 2.2 3.5 1.3
v 2.6 3.5 1.3
v 3 3.5 1.3
v 3.1 3.5 1.3
v 3.2 3.5 1.3
v -3 3.5 1.2
v -2.9 3.5 1.2
v -2.7 3.5 1.2
v -2.6 3.5 1.2
v -2.4 3.5 1.2
v -2.1 3.5 1.2
v -1.7 3.5 1.2
v -1.4 3.5 1.2
v -1.3 3.5 1.2
v -0.9 3.5 1.2
v -0.8 3.5 1.2
v -0.7 3.5 1.2
v -0.4 3.5 1.2
v -0.2 3.5 1.2
v -0.0999999 3.5 1.2
v 0 3.5 1.2
v 1 3.5 1.2
v 1.2 3.5 1.2
v 1.7 3.5 1.2
v 2 3.5 1.2
v 2.2 3.5 1.2
v 2.4 3.5 1.2
v 2.6 3.5 1.2
v 2.8 3.5 1.2
v -2.8 3.5 1
v -2.7 3.5 1
v -2.5 3.5 1
v -2.4 3.5 1
v -1.8 3.5 1
v -1.7 3.5 1
v -1.6 3.5 1
v -1.3 3.5 1
v -1.1 3.5 1
v -0.8 3.5 1
v -0.5 3.5 1
v -0.4 3.5 1
v -0.0999999 3.5 1
v 0 3.5 1
v 0.3 3.5 1
v 1 3.5 1
v 1.5 3.5 1
v 1.7 3.5 1
v 2 3.5 1
v 2.2 3.5 1
v 2.3 3.5 1
v 2.4 3.5 1
v 2.8 3.5 1
v 3 3.5 1
v -2.9 3.5 0.9
v -2.8 3.5 0.9
v -2.6 3.5 0.9
v -2.5 3.5 0.9
v -1.8 3.5 0.9
v -1.6 3.5 0.9
v -1.4 3.5 0.9
v -1.1 3.5 0.9
v -0.7 3.5 0.9
v -0.5 3.5 0.9
v -0.2 3.5 0.9
v 0.3 3.5 0.9
v 1.2 3.5 0.9
v 1.5 3.5 0.9
v 2.2 3.5 0.9
v 2.3 3.5 0.9
v 3 3.5 0.9
v 3.2 3.5 0.9
v -3.2 3.5 0.8
v -3.1 3.5 0.8
v -3 3.5 0.8
v -2.9 3.5 0.8
v -2.7 3.5 0.8
v -2.6 3.5 0.8
v -1.9 3.5 0.8
v -1.4 3.5 0.8
v -1.1 3.5 0.8
v -0.7 3.5 0.8
v -0.2 3.5 0.8
v 0.4 3.5 0.8
v 0.7 3.5 0.8
v 1.2 3.5 0.8
v 1.9 3.5 0.8
v 2 3.5 0.8
v 2.3 3.5 0.8
v 2.5 3.5 0.8
v -3.2 3.5 0.7
v -3.1 3.5 0.7
v -3 3.5 0.7
v -2.8 3.5 0.7
v -2.7 3.5 0.7
v -2.4 3.5 0.7
v -1.9 3.5 0.7
v -1.2 3.5 0.7
v -1.1 3.5 0.7
v 0.4 3.5 0.7
v 0.6 3.5 0.7
v 0.7 3.5 0.7
v 0.8 3.5 0.7
v 1.6 3.5 0.7
v 1.9 3.5 0.7
v 2 3.5 0.7
v 2.3 3.5 0.7
v 2.5 3.5 0.7
v 2.8 3.5 0.7
v -2.9 3.5 0.6
v -2.8 3.5 0.6
v -2.6 3.5 0.6
v -2.4 3.5 0.6
v -1.2 3.5 0.6
v -0.0999999 3.5 0.6
v 0.8 3.5 0.6
v 1.2 3.5 0.6
v 1.6 3.5 0.6
v 2 3.5 0.6
v 3 3.5 0.6
v 3.1 3.5 0.6
v -3.1 3.5 0.5
v -2.9 3.5 0.5
v -2.7 3.5 0.5
v -2.6 3.5 0.5
v -1.8 3.5 0.5
v -0.6 3.5 0.5
v -0.0999999 3.5 0.5
v 0.2 3.5 0.5
v 0.6 3.5 0.5
v 1 3.5 0.5
v 1.2 3.5 0.5
v 1.5 3.5 0.5
v 1.7 3.5 0.5
v 1.8 3.5 0.5
v 2 3.5 0.5
v 2.2 3.5 0.5
v 2.4 3.5 0.5
v 2.7 3.5 0.5
v 2.8 3.5 0.5
v 2.9 3.5 0.5
v 3 3.5 0.5
v 3.1 3.5 0.5
v -3 3.5 0.3
v -2.7 3.5 0.3
v -2.4 3.5 0.3
v -1.8 3.5 0.3
v -1.7 3.5 0.3
v -1.4 3.5 0.3
v -0.6 3.5 0.3
v -0.0999999 3.5 0.3
v 0.9 3.5 0.3
v 1 3.5 0.3
v 1.5 3.5 0.3
v 1.7 3.5 0.3
v 1.8 3.5 0.3
v 2.2 3.5 0.3
v 2.4 3.5 0.3
v 2.5 3.5 0.3
v 2.7 3.5 0.3
v 2.8 3.5 0.3
v 2.9 3.5 0.3
v 3.1 3.5 0.3
v -2.6 3.5 0.2
v -2.4 3.5 0.2
v -2.2 3.5 0.2
v -1.9 3.5 0.2
v -1.7 3.5 0.2
v -1.6 3.5 0.2
v -1.4 3.5 0.2
v -0.8 3.5 0.2
v -0.0999999 3.5 0.2
v 0.2 3.5 0.2
v 0.9 3.5 0.2
v 1 3.5 0.2
v 2 3.5 0.2
v 2.3 3.5 0.2
v 2.4 3.5 0.2
v 2.5 3.5 0.2
v 2.6 3.5 0.2
v 2.8 3.5 0.2
v 2.9 3.5 0.2
v -3.2 3.5 0.1
v -3 3.5 0.1
v -2.8 3.5 0.1
v -2.6 3.5 0.1
v -2.2 3.5 0.1
v -1.9 3.5 0.1
v -1.6 3.5 0.1
v -1.1 3.5 0.1
v -0.8 3.5 0.1
v -0.5 3.5 0.1
v 0.2 3.5 0.1
v 1 3.5 0.1
v 1.1 3.5 0.1
v 1.2 3.5 0.1
v 2 3.5 0.1
v 2.3 3.5 0.1
v 2.4 3.5 0.1
v 2.5 3.5 0.1
v 2.6 3.5 0.1
v 2.8 3.5 0.1
v 2.9 3.5 0.1
v 3 3.5 0.1
v 3.1 3.5 0.1
v 3.2 3.5 0.1
v -2.9 3.5 0
v -2.8 3.5 0
v -1.5 3.5 0
v -1.2 3.5 0
v -1.1 3.5 0
v -0.8 3.5 0
v -0.5 3.5 0
v 0 3.5 0
v 0.7 3.5 0
v 1.1 3.5 0
v 1.2 3.5 0
v 1.5 3.5 0
v 1.8 3.5 0
v 2.5 3.5 0
v 2.6 3.5 0
v 2.8 3.5 0
v 3 3.5 0
v 3.1 3.5 0
v 3.2 3.5 0
v -3.2 3.5 -0.0999999
v -3 3.5 -0.0999999
v -1.6 3.5 -0.0999999
v -1.5 3.5 -0.0999999
v -1.2 3.5 -0.0999999
v -1 3.5 -0.0999999
v -0.8 3.5 -0.0999999
v -0.5 3.5 -0.0999999
v 0 3.5 -0.0999999
v 0.3 3.5 -0.0999999
v 0.7 3.5 -0.0999999
v 1.1 3.5 -0.0999999
v 1.4 3.5 -0.0999999
v 1.5 3.5 -0.0999999
v 1.8 3.5 -0.0999999
v 2 3.5 -0.0999999
v 2.2 3.5 -0.0999999
v 2.6 3.5 -0.0999999
v 3.1 3.5 -0.0999999
v -3 3.5 -0.2
v -2.9 3.5 -0.2
v -2.6 3.5 -0.2
v -2.4 3.5 -0.2
v -1.6 3.5 -0.2
v -1 3.5 -0.2
v -0.5 3.5 -0.2
v -0.0999999 3.5 -0.2
v 0.3 3.5 -0.2
v 0.5 3.5 -0.2
v 1.4 3.5 -0.2
v 1.5 3.5 -0.2
v 1.6 3.5 -0.2
v 2 3.5 -0.2
v 2.2 3.5 -0.2
v 2.3 3.5 -0.2
v -2.4 3.5 -0.3
v -1.9 3.5 -0.3
v -0.7 3.5 -0.3
v -0.0999999 3.5 -0.3
v 0.5 3.5 -0.3
v 1.5 3.5 -0.3
v 1.6 3.5 -0.3
v 1.7 3.5 -0.3
v 1.8 3.5 -0.3
v 2.2 3.5 -0.3
v 2.3 3.5 -0.3
v 2.6 3.5 -0.3
v 2.8 3.5 -0.3
v 3.1 3.5 -0.3
v -3.1 3.5 -0.5
v -2.9 3.5 -0.5
v -2.6 3.5 -0.5
v -2.3 3.5 -0.5
v -1.9 3.5 -0.5
v -0.7 3.5 -0.5
v -0.3 3.5 -0.5
v 1 3.5 -0.5
v 1.5 3.5 -0.5
v 1.6 3.5 -0.5
v 1.7 3.5 -0.5
v 1.8 3.5 -0.5
v 2 3.5 -0.5
v 2.2 3.5 -0.5
v 2.6 3.5 -0.5
v 2.8 3.5 -0.5
v -2.9 3.5 -0.6
v -2.8 3.5 -0.6
v -2.3 3.5 -0.6
v -2.2 3.5 -0.6
v -0.6 3.5 -0.6
v -0.3 3.5 -0.6
v 1 3.5 -0.6
v 1.6 3.5 -0.6
v 2 3.5 -0.6
v 2.9 3.5 -0.6
v 3.1 3.5 -0.6
v -3.2 3.5 -0.7
v -3.1 3.5 -0.7
v -3 3.5 -0.7
v -2.8 3.5 -0.7
v -2.7 3.5 -0.7
v -2.2 3.5 -0.7
v -1.9 3.5 -0.7
v -1 3.5 -0.7
v -0.6 3.5 -0.7
v -0.5 3.5 -0.7
v -0.4 3.5 -0.7
v -0.0999999 3.5 -0.7
v 0.9 3.5 -0.7
v 1.6 3.5 -0.7
v 1.9 3.5 -0.7
v 2 3.5 -0.7
v 2.3 3.5 -0.7
v 2.5 3.5 -0.7
v 2.9 3.5 -0.7
v -3.2 3.5 -0.8
v -3.1 3.5 -0.8
v -3 3.5 -0.8
v -2.9 3.5 -0.8
v -2.7 3.5 -0.8
v -2.6 3.5 -0.8
v -1.9 3.5 -0.8
v -1.4 3.5 -0.8
v -0.5 3.5 -0.8
v -0.4 3.5 -0.8
v -0.2 3.5 -0.8
v -0.0999999 3.5 -0.8
v 0 3.5 -0.8
v 0.1 3.5 -0.8
v 0.9 3.5 -0.8
v 1.7 3.5 -0.8
v 1.9 3.5 -0.8
v 2 3.5 -0.8
v 2.3 3.5 -0.8
v 2.5 3.5 -0.8
v -2.9 3.5 -0.9
v -2.8 3.5 -0.9
v -2.6 3.5 -0.9
v -2.5 3.5 -0.9
v -1.8 3.5 -0.9
v -1.6 3.5 -0.9
v -1.4 3.5 -0.9
v -1.1 3.5 -0.9
v -1 3.5 -0.9
v -0.7 3.5 -0.9
v -0.3 3.5 -0.9
v -0.2 3.5 -0.9
v 0.1 3.5 -0.9
v 0.3 3.5 -0.9
v 1.1 3.5 -0.9
v 1.3 3.5 -0.9
v 1.6 3.5 -0.9
v 1.7 3.5 -0.9
v 2.2 3.5 -0.9
v 2.3 3.5 -0.9
v 3 3.5 -0.9
v 3.2 3.5 -0.9
v -2.8 3.5 -1
v -2.7 3.5 -1
v -2.5 3.5 -1
v -2.4 3.5 -1
v -1.8 3.5 -1
v -1.7 3.5 -1
v -1.6 3.5 -1
v -1.3 3.5 -1
v -1.1 3.5 -1
v -0.8 3.5 -1
v -0.7 3.5 -1
v -0.6 3.5 -1
v -0.3 3.5 -1
v -0.0999999 3.5 -1
v 0 3.5 -1
v 0.3 3.5 -1
v 1.1 3.5 -1
v 1.3 3.5 -1
v 1.6 3.5 -1
v 2 3.5 -1
v 2.2 3.5 -1
v 2.3 3.5 -1
v 2.4 3.5 -1
v 2.8 3.5 -1
v 3 3.5 -1
v -3 3.5 -1.1
v -2.9 3.5 -1.1
v -2.7 3.5 -1.1
v -2.6 3.5 -1.1
v -2.4 3.5 -1.1
v -2.1 3.5 -1.1
v -1.7 3.5 -1.1
v -1.4 3.5 -1.1
v -1.3 3.5 -1.1
v -0.9 3.5 -1.1
v -0.8 3.5 -1.1
v -0.7 3.5 -1.1
v -0.6 3.5 -1.1
v -0.4 3.5 -1.1
v -0.0999999 3.5 -1.1
v 0.3 3.5 -1.1
v 1.6 3.5 -1.1
v 2 3.5 -1.1
v 2.2 3.5 -1.1
v 2.4 3.5 -1.1
v 2.6 3.5 -1.1
v 2.8 3.5 -1.1
v -3 3.5 -1.3
v -2.9 3.5 -1.3
v -2.4 3.5 -1.3
v -2.3 3.5 -1.3
v -2.1 3.5 -1.3
v -1.8 3.5 -1.3
v -1.4 3.5 -1.3
v -1 3.5 -1.3
v -0.9 3.5 -1.3
v -0.8 3.5 -1.3
v -0.7 3.5 -1.3
v -0.5 3.5 -1.3
v -0.4 3.5 -1.3
v 1.6 3.5 -1.3
v 2 3.5 -1.3
v 2.2 3.5 -1.3
v 2.6 3.5 -1.3
v 3 3.5 -1.3
v 3.1 3.5 -1.3
v 3.2 3.5 -1.3
v -2.8 3.5 -1.4
v -2.6 3.5 -1.4
v -2.5 3.5 -1.4
v -2.4 3.5 -1.4
v -2.3 3.5 -1.4
v -2 3.5 -1.4
v -1 3.5 -1.4
v -0.8 3.5 -1.4
v -0.5 3.5 -1.4
v -0.4 3.5 -1.4
v 0.7 3.5 -1.4
v 1.5 3.5 -1.4
v 1.8 3.5 -1.4
v 2 3.5 -1.4
v 3 3.5 -1.4
v 3.1 3.5 -1.4
v -3.2 3.5 -1.5
v -3.1 3.5 -1.5
v -2.8 3.5 -1.5
v -2.7 3.5 -1.5
v -2 3.5 -1.5
v -1.8 3.5 -1.5
v -1.7 3.5 -1.5
v -1.4 3.5 -1.5
v -0.4 3.5 -1.5
v -0.2 3.5 -1.5
v -0.0999999 3.5 -1.5
v 0.4 3.5 -1.5
v 0.7 3.5 -1.5
v 0.9 3.5 -1.5
v 1.5 3.5 -1.5
v 1.8 3.5 -1.5
v 2.3 3.5 -1.5
v 2.9 3.5 -1.5
v -3.2 3.5 -1.6
v -3.1 3.5 -1.6
v -2.7 3.5 -1.6
v -2.6 3.5 -1.6
v -2.5 3.5 -1.6
v -2.4 3.5 -1.6
v -1.7 3.5 -1.6
v -1.6 3.5 -1.6
v -1.4 3.5 -1.6
v -0.9 3.5 -1.6
v -0.2 3.5 -1.6
v -0.0999999 3.5 -1.6
v 0.4 3.5 -1.6
v 0.6 3.5 -1.6
v 0.9 3.5 -1.6
v 1.3 3.5 -1.6
v 1.9 3.5 -1.6
v 2.3 3.5 -1.6
v 2.9 3.5 -1.6
v 3.1 3.5 -1.6
v -3.2 3.5 -1.7
v -2.8 3.5 -1.7
v -2.6 3.5 -1.7
v -2.4 3.5 -1.7
v -2.2 3.5 -1.7
v -1.7 3.5 -1.7
v -1.6 3.5 -1.7
v -1.1 3.5 -1.7
v -0.9 3.5 -1.7
v -0.7 3.5 -1.7
v -0.3 3.5 -1.7
v 0.3 3.5 -1.7
v 0.4 3.5 -1.7
v 0.5 3.5 -1.7
v 0.6 3.5 -1.7
v 0.8 3.5 -1.7
v 1.3 3.5 -1.7
v 1.5 3.5 -1.7
v 1.7 3.5 -1.7
v 1.9 3.5 -1.7
v -3.2 3.5 -1.8
v -3 3.5 -1.8
v -2.8 3.5 -1.8
v -2.7 3.5 -1.8
v -2.2 3.5 -1.8
v -1.8 3.5 -1.8
v -1.6 3.5 -1.8
v -1.4 3.5 -1.8
v -1.1 3.5 -1.8
v -0.8 3.5 -1.8
v -0.7 3.5 -1.8
v -0.5 3.5 -1.8
v -0.3 3.5 -1.8
v 0 3.5 -1.8
v 0.4 3.5 -1.8
v 0.5 3.5 -1.8
v 0.7 3.5 -1.8
v 0.8 3.5 -1.8
v 0.9 3.5 -1.8
v 1.4 3.5 -1.8
v 1.5 3.5 -1.8
v 1.7 3.5 -1.8
v 2.1 3.5 -1.8
v -3.1 3.5 -2
v -3 3.5 -2
v -2.9 3.5 -2
v -2.7 3.5 -2
v -2.4 3.5 -2
v -2 3.5 -2
v -1.8 3.5 -2
v -1.7 3.5 -2
v -1.6 3.5 -2
v -1.5 3.5 -2
v -1.4 3.5 -2
v -1 3.5 -2
v -0.8 3.5 -2
v -0.7 3.5 -2
v -0.5 3.5 -2
v -0.2 3.5 -2
v 0 3.5 -2
v 0.3 3.5 -2
v 0.5 3.5 -2
v 0.7 3.5 -2
v 0.8 3.5 -2
v 0.9 3.5 -2
v 1.1 3.5 -2
v 1.4 3.5 -2
v 1.6 3.5 -2
v 2.1 3.5 -2
v 2.5 3.5 -2
v 3.1 3.5 -2
v 3.2 3.5 -2
v -3.1 3.5 -2.1
v -2.9 3.5 -2.1
v -2.4 3.5 -2.1
v -2 3.5 -2.1
v -1.9 3.5 -2.1
v -1.8 3.5 -2.1
v -1.5 3.5 -2.1
v -1 3.5 -2.1
v -0.2 3.5 -2.1
v 0.6 3.5 -2.1
v 0.7 3.5 -2.1
v 0.8 3.5 -2.1
v 0.9 3.5 -2.1
v 1 3.5 -2.1
v 1.1 3.5 -2.1
v 1.3 3.5 -2.1
v 1.6 3.5 -2.1
v 2 3.5 -2.1
v 2.5 3.5 -2.1
v 2.9 3.5 -2.1
v -1.9 3.5 -2.2
v -1.8 3.5 -2.2
v -0.7 3.5 -2.2
v -0.3 3.5 -2.2
v 0.6 3.5 -2.2
v 0.9 3.5 -2.2
v 1 3.5 -2.2
v 1.3 3.5 -2.2
v 1.5 3.5 -2.2
v 2 3.5 -2.2
v 2.3 3.5 -2.2
v 2.9 3.5 -2.2
v 3.2 3.5 -2.2
v -3.2 3.5 -2.3
v -0.3 3.5 -2.3
v 0.9 3.5 -2.3
v 1.5 3.5 -2.3
v 2.3 3.5 -2.3
v 3.2 3.5 -2.3

# faces
f 17/4/1 12/4/1 11/4/1
f 17/2/1 13/2/1 12/2/1
f 18/4/1 14/4/1 13/4/1
f 18/2/1 13/2/1 17/2/1
f 19/2/1 15/2/1 14/2/1
f 20/2/1 15/2/1 19/2/1
f 21/4/1 2/4/1 1/4/1
f 22/2/1 3/2/1 2/2/1
f 22/4/1 2/4/1 21/4/1
f 23/4/1 4/4/1 3/4/1
f 23/2/1 3/2/1 22/2/1
f 24/2/1 5/2/1 4/2/1
f 24/4/1 4/4/1 23/4/1
f 25/4/1 6/4/1 5/4/1
f 25/2/1 5/2/1 24/2/1
f 26/2/1 7/2/1 6/2/1
f 26/4/1 6/4/1 25/4/1
f 27/4/1 8/4/1 7/4/1
f 27/2/1 7/2/1 26/2/1
f 28/2/1 9/2/1 8/2/1
f 28/4/1 8/4/1 27/4/1
f 29/4/1 10/4/1 9/4/1
f 29/2/1 9/2/1 28/2/1
f 30/2/1 11/2/1 10/2/1
f 30/4/1 10/4/1 29/4/1
f 31/4/1 17/4/1 11/4/1
f 31/2/1 11/2/1 30/2/1
f 31/4/1 18/4/1 17/4/1
f 32/4/1 14/4/1 18/4/1
f 32/4/1 18/4/1 31/4/1
f 32/2/1 19/2/1 14/2/1
f 33/4/1 20/4/1 19/4/1
f 33/2/1 19/2/1 32/2/1
f 34/2/1 15/2/1 20/2/1
f 34/4/1 20/4/1 33/4/1
f 35/4/1 16/4/1 15/4/1
f 35/2/1 15/2/1 34/2/1
f 36/4/1 16/4/1 35/4/1
f 43/3/1 38/3/1 37/3/1
f 43/1/1 39/1/1 38/1/1
f 44/1/1 39/1/1 43/1/1
f 45/3/1 40/3/1 39/3/1
f 45/1/1 39/1/1 44/1/1
f 46/3/1 40/3/1 45/3/1
f 47/3/1 40/3/1 46/3/1
f 48/1/1 41/1/1 40/1/1
f 48/3/1 40/3/1 47/3/1
f 49/1/1 41/1/1 48/1/1
f 50/3/1 42/3/1 41/3/1
f 50/1/1 41/1/1 49/1/1
f 51/3/1 42/3/1 50/3/1
f 52/3/1 44/3/1 43/3/1
f 53/3/1 44/3/1 52/3/1
f 54/1/1 45/1/1 44/1/1
f 54/3/1 44/3/1 53/3/1
f 54/1/1 46/1/1 45/1/1
f 55/3/1 47/3/1 46/3/1
f 55/1/1 46/1/1 54/1/1
f 56/1/1 49/1/1 48/1/1
f 56/3/1 47/3/1 55/3/1
f 56/1/1 48/1/1 47/1/1
f 57/1/1 49/1/1 56/1/1
f 58/3/1 50/3/1 49/3/1
f 58/1/1 49/1/1 57/1/1
f 59/3/1 50/3/1 58/3/1
f 60/3/1 50/3/1 59/3/1
f 61/3/1 50/3/1 60/3/1
f 62/1/1 51/1/1 50/1/1
f 62/3/1 50/3/1 61/3/1
f 63/1/1 51/1/1 62/1/1
f 64/3/1 42/3/1 51/3/1
f 64/1/1 51/1/1 63/1/1
f 65/3/1 43/3/1 37/3/1
f 65/3/1 52/3/1 43/3/1
f 66/3/1 52/3/1 65/3/1
f 67/1/1 53/1/1 52/1/1
f 67/3/1 52/3/1 66/3/1
f 68/3/1 55/3/1 54/3/1
f 68/1/1 53/1/1 67/1/1
f 68/3/1 54/3/1 53/3/1
f 69/3/1 55/3/1 68/3/1
f 70/3/1 55/3/1 69/3/1
f 71/1/1 57/1/1 56/1/1
f 71/3/1 55/3/1 70/3/1
f 71/1/1 56/1/1 55/1/1
f 72/3/1 58/3/1 57/3/1
f 72/1/1 57/1/1 71/1/1
f 72/3/1 59/3/1 58/3/1
f 73/3/1 59/3/1 72/3/1
f 74/1/1 60/1/1 59/1/1
f 74/3/1 59/3/1 73/3/1
f 75/3/1 61/3/1 60/3/1
f 75/1/1 60/1/1 74/1/1
f 76/1/1 63/1/1 62/1/1
f 76/3/1 61/3/1 75/3/1
f 76/1/1 62/1/1 61/1/1
f 77/1/1 63/1/1 76/1/1
f 78/3/1 64/3/1 63/3/1
f 78/1/1 63/1/1 77/1/1
f 79/3/1 64/3/1 78/3/1
f 80/3/1 42/3/1 64/3/1
f 80/3/1 64/3/1 79/3/1
f 81/1/1 66/1/1 65/1/1
f 82/3/1 67/3/1 66/3/1
f 82/1/1 66/1/1 81/1/1
f 82/3/1 69/3/1 68/3/1
f 82/3/1 68/3/1 67/3/1
f 83/3/1 69/3/1 82/3/1
f 84/1/1 70/1/1 69/1/1
f 84/3/1 69/3/1 83/3/1
f 85/1/1 70/1/1 84/1/1
f 86/1/1 70/1/1 85/1/1
f 87/1/1 70/1/1 86/1/1
f 88/3/1 71/3/1 70/3/1
f 88/1/1 70/1/1 87/1/1
f 88/3/1 73/3/1 72/3/1
f 88/3/1 72/3/1 71/3/1
f 89/3/1 73/3/1 88/3/1
f 90/3/1 73/3/1 89/3/1
f 91/3/1 73/3/1 90/3/1
f 92/3/1 73/3/1 91/3/1
f 93/1/1 75/1/1 74/1/1
f 93/3/1 73/3/1 92/3/1
f 93/1/1 77/1/1 76/1/1
f 93/1/1 74/1/1 73/1/1
f 93/1/1 76/1/1 75/1/1
f 94/1/1 77/1/1 93/1/1
f 95/1/1 77/1/1 94/1/1
f 96/3/1 79/3/1 78/3/1
f 96/1/1 77/1/1 95/1/1
f 96/3/1 78/3/1 77/3/1
f 97/3/1 79/3/1 96/3/1
f 98/3/1 79/3/1 97/3/1
f 99/3/1 79/3/1 98/3/1
f 100/1/1 80/1/1 79/1/1
f 100/3/1 79/3/1 99/3/1
f 101/1/1 80/1/1 100/1/1
f 102/1/1 80/1/1 101/1/1
f 115/4/1 106/4/1 105/4/1
f 115/2/1 107/2/1 106/2/1
f 116/4/1 108/4/1 107/4/1
f 116/2/1 107/2/1 115/2/1
f 117/2/1 113/2/1 112/2/1
f 117/4/1 112/4/1 111/4/1
f 118/4/1 114/4/1 113/4/1
f 118/2/1 113/2/1 117/2/1
f 119/4/1 104/4/1 103/4/1
f 119/2/1 105/2/1 104/2/1
f 120/4/1 115/4/1 105/4/1
f 120/2/1 105/2/1 119/2/1
f 120/4/1 116/4/1 115/4/1
f 121/4/1 116/4/1 120/4/1
f 122/4/1 110/4/1 109/4/1
f 122/2/1 111/2/1 110/2/1
f 123/4/1 118/4/1 117/4/1
f 123/2/1 111/2/1 122/2/1
f 123/4/1 117/4/1 111/4/1
f 124/4/1 118/4/1 123/4/1
f 125/4/1 120/4/1 119/4/1
f 125/4/1 119/4/1 103/4/1
f 126/4/1 120/4/1 125/4/1
f 127/4/1 122/4/1 109/4/1
f 127/4/1 123/4/1 122/4/1
f 128/4/1 123/4/1 127/4/1
f 129/4/1 120/4/1 126/4/1
f 129/2/1 121/2/1 120/2/1
f 130/4/1 116/4/1 121/4/1
f 130/2/1 121/2/1 129/2/1
f 131/4/1 108/4/1 116/4/1
f 131/4/1 116/4/1 130/4/1
f 132/4/1 108/4/1 131/4/1
f 133/4/1 123/4/1 128/4/1
f 133/2/1 124/2/1 123/2/1
f 134/4/1 118/4/1 124/4/1
f 134/2/1 124/2/1 133/2/1
f 135/4/1 114/4/1 118/4/1
f 135/4/1 118/4/1 134/4/1
f 136/4/1 114/4/1 135/4/1
f 137/2/1 132/2/1 131/2/1
f 137/4/1 130/4/1 129/4/1
f 137/4/1 131/4/1 130/4/1
f 138/2/1 132/2/1 137/2/1
f 139/4/1 134/4/1 133/4/1
f 139/2/1 136/2/1 135/2/1
f 139/4/1 135/4/1 134/4/1
f 140/2/1 136/2/1 139/2/1
f 141/4/1 138/4/1 137/4/1
f 141/4/1 137/4/1 129/4/1
f 141/4/1 129/4/1 126/4/1
f 142/4/1 138/4/1 141/4/1
f 143/4/1 133/4/1 128/4/1
f 143/4/1 140/4/1 139/4/1
f 143/4/1 139/4/1 133/4/1
f 144/4/1 140/4/1 143/4/1
f 145/2/1 126/2/1 125/2/1
f 146/4/1 141/4/1 126/4/1
f 146/2/1 126/2/1 145/2/1
f 147/4/1 138/4/1 142/4/1
f 148/4/1 138/4/1 147/4/1
f 149/2/1 128/2/1 127/2/1
f 150/4/1 143/4/1 128/4/1
f 150/2/1 128/2/1 149/2/1
f 151/4/1 140/4/1 144/4/1
f 152/4/1 140/4/1 151/4/1
f 153/4/1 141/4/1 146/4/1
f 153/2/1 142/2/1 141/2/1
f 153/4/1 146/4/1 145/4/1
f 154/4/1 147/4/1 142/4/1
f 154/2/1 142/2/1 153/2/1
f 155/4/1 143/4/1 150/4/1
f 155/2/1 144/2/1 143/2/1
f 155/4/1 150/4/1 149/4/1
f 156/4/1 151/4/1 144/4/1
f 156/2/1 144/2/1 155/2/1
f 157/4/1 154/4/1 153/4/1
f 157/4/1 153/4/1 145/4/1
f 158/4/1 154/4/1 157/4/1
f 159/4/1 147/4/1 154/4/1
f 159/4/1 154/4/1 158/4/1
f 159/2/1 148/2/1 147/2/1
f 160/4/1 138/4/1 148/4/1
f 160/2/1 148/2/1 159/2/1
f 161/4/1 138/4/1 160/4/1
f 162/4/1 155/4/1 149/4/1
f 162/4/1 156/4/1 155/4/1
f 163/4/1 156/4/1 162/4/1
f 164/2/1 152/2/1 151/2/1
f 164/4/1 156/4/1 163/4/1
f 164/4/1 151/4/1 156/4/1
f 165/2/1 152/2/1 164/2/1
f 166/2/1 158/2/1 157/2/1
f 167/2/1 158/2/1 166/2/1
f 168/4/1 159/4/1 158/4/1
f 168/2/1 158/2/1 167/2/1
f 168/4/1 160/4/1 159/4/1
f 169/4/1 160/4/1 168/4/1
f 170/2/1 161/2/1 160/2/1
f 170/4/1 160/4/1 169/4/1
f 171/2/1 161/2/1 170/2/1
f 172/2/1 163/2/1 162/2/1
f 173/2/1 163/2/1 172/2/1
f 174/4/1 164/4/1 163/4/1
f 174/2/1 163/2/1 173/2/1
f 174/4/1 165/4/1 164/4/1
f 175/4/1 165/4/1 174/4/1
f 176/2/1 152/2/1 165/2/1
f 176/4/1 165/4/1 175/4/1
f 177/2/1 152/2/1 176/2/1
f 178/4/1 167/4/1 166/4/1
f 178/2/1 169/2/1 168/2/1
f 178/2/1 168/2/1 167/2/1
f 179/2/1 169/2/1 178/2/1
f 180/2/1 175/2/1 174/2/1
f 180/4/1 173/4/1 172/4/1
f 180/2/1 174/2/1 173/2/1
f 181/2/1 175/2/1 180/2/1
f 182/4/1 171/4/1 170/4/1
f 182/2/1 169/2/1 179/2/1
f 182/4/1 170/4/1 169/4/1
f 183/4/1 171/4/1 182/4/1
f 184/2/1 175/2/1 181/2/1
f 184/4/1 177/4/1 176/4/1
f 184/4/1 176/4/1 175/4/1
f 185/4/1 177/4/1 184/4/1
f 186/4/1 171/4/1 183/4/1
f 186/2/1 183/2/1 182/2/1
f 187/4/1 171/4/1 186/4/1
f 188/4/1 177/4/1 185/4/1
f 188/2/1 185/2/1 184/2/1
f 189/4/1 177/4/1 188/4/1
f 190/4/1 179/4/1 178/4/1
f 190/4/1 178/4/1 166/4/1
f 191/2/1 187/2/1 186/2/1
f 191/4/1 179/4/1 190/4/1
f 191/2/1 182/2/1 179/2/1
f 191/2/1 186/2/1 182/2/1
f 192/2/1 187/2/1 191/2/1
f 193/4/1 171/4/1 187/4/1
f 193/2/1 187/2/1 192/2/1
f 194/4/1 181/4/1 180/4/1
f 194/4/1 180/4/1 172/4/1
f 195/2/1 188/2/1 184/2/1
f 195/4/1 181/4/1 194/4/1
f 195/2/1 189/2/1 188/2/1
f 195/2/1 184/2/1 181/2/1
f 196/2/1 189/2/1 195/2/1
f 197/4/1 177/4/1 189/4/1
f 197/2/1 189/2/1 196/2/1
f 198/2/1 192/2/1 191/2/1
f 198/4/1 190/4/1 166/4/1
f 198/2/1 191/2/1 190/2/1
f 199/2/1 192/2/1 198/2/1
f 200/4/1 171/4/1 193/4/1
f 200/4/1 193/4/1 192/4/1
f 201/4/1 171/4/1 200/4/1
f 202/2/1 196/2/1 195/2/1
f 202/4/1 194/4/1 172/4/1
f 202/2/1 195/2/1 194/2/1
f 203/2/1 196/2/1 202/2/1
f 204/4/1 177/4/1 197/4/1
f 204/4/1 197/4/1 196/4/1
f 205/4/1 177/4/1 204/4/1
f 206/2/1 192/2/1 199/2/1
f 207/4/1 200/4/1 192/4/1
f 207/2/1 192/2/1 206/2/1
f 208/2/1 196/2/1 203/2/1
f 209/4/1 204/4/1 196/4/1
f 209/2/1 196/2/1 208/2/1
f 210/4/1 200/4/1 207/4/1
f 210/2/1 201/2/1 200/2/1
f 210/4/1 207/4/1 206/4/1
f 211/2/1 201/2/1 210/2/1
f 212/4/1 204/4/1 209/4/1
f 212/4/1 209/4/1 208/4/1
f 212/2/1 205/2/1 204/2/1
f 213/2/1 205/2/1 212/2/1
f 214/4/1 199/4/1 198/4/1
f 214/4/1 198/4/1 166/4/1
f 215/2/1 206/2/1 199/2/1
f 215/4/1 199/4/1 214/4/1
f 216/4/1 211/4/1 210/4/1
f 216/2/1 206/2/1 215/2/1
f 216/4/1 210/4/1 206/4/1
f 217/4/1 203/4/1 202/4/1
f 217/4/1 202/4/1 172/4/1
f 218/2/1 208/2/1 203/2/1
f 218/4/1 203/4/1 217/4/1
f 219/4/1 212/4/1 208/4/1
f 219/2/1 208/2/1 218/2/1
f 219/4/1 213/4/1 212/4/1
f 220/4/1 214/4/1 166/4/1
f 221/2/1 215/2/1 214/2/1
f 221/4/1 214/4/1 220/4/1
f 222/4/1 216/4/1 215/4/1
f 222/2/1 215/2/1 221/2/1
f 223/4/1 211/4/1 216/4/1
f 223/4/1 216/4/1 222/4/1
f 224/4/1 211/4/1 223/4/1
f 225/4/1 217/4/1 172/4/1
f 226/2/1 218/2/1 217/2/1
f 226/4/1 217/4/1 225/4/1
f 227/4/1 219/4/1 218/4/1
f 227/2/1 218/2/1 226/2/1
f 228/4/1 213/4/1 219/4/1
f 228/4/1 219/4/1 227/4/1
f 235/4/1 232/4/1 231/4/1
f 235/2/1 233/2/1 232/2/1
f 236/4/1 234/4/1 233/4/1
f 236/2/1 233/2/1 235/2/1
f 237/4/1 230/4/1 229/4/1
f 238/2/1 231/2/1 230/2/1
f 238/4/1 230/4/1 237/4/1
f 239/4/1 235/4/1 231/4/1
f 239/2/1 231/2/1 238/2/1
f 239/4/1 236/4/1 235/4/1
f 240/2/1 238/2/1 237/2/1
f 241/4/1 239/4/1 238/4/1
f 241/2/1 238/2/1 240/2/1
f 242/4/1 241/4/1 240/4/1
f 242/4/1 239/4/1 241/4/1
f 243/4/1 236/4/1 239/4/1
f 243/4/1 239/4/1 242/4/1
f 244/4/1 236/4/1 243/4/1
f 245/4/1 236/4/1 244/4/1
f 246/4/1 236/4/1 245/4/1
f 247/4/1 234/4/1 236/4/1
f 247/4/1 236/4/1 246/4/1
f 248/4/1 244/4/1 243/4/1
f 248/2/1 245/2/1 244/2/1
f 249/4/1 246/4/1 245/4/1
f 249/2/1 245/2/1 248/2/1
f 250/4/1 242/4/1 240/4/1
f 250/2/1 243/2/1 242/2/1
f 251/4/1 248/4/1 243/4/1
f 251/2/1 243/2/1 250/2/1
f 251/4/1 249/4/1 248/4/1
f 252/4/1 246/4/1 249/4/1
f 252/4/1 249/4/1 251/4/1
f 253/2/1 247/2/1 246/2/1
f 253/4/1 246/4/1 252/4/1
f 254/4/1 251/4/1 250/4/1
f 254/4/1 252/4/1 251/4/1
f 255/2/1 253/2/1 252/2/1
f 255/4/1 252/4/1 254/4/1
f 256/2/1 247/2/1 253/2/1
f 256/2/1 253/2/1 255/2/1
f 257/2/1 247/2/1 256/2/1
f 258/4/1 250/4/1 240/4/1
f 258/4/1 254/4/1 250/4/1
f 259/4/1 254/4/1 258/4/1
f 260/2/1 255/2/1 254/2/1
f 260/4/1 254/4/1 259/4/1
f 260/2/1 256/2/1 255/2/1
f 261/4/1 257/4/1 256/4/1
f 261/2/1 256/2/1 260/2/1
f 262/4/1 257/4/1 261/4/1
f 263/2/1 259/2/1 258/2/1
f 263/4/1 258/4/1 240/4/1
f 264/4/1 260/4/1 259/4/1
f 264/2/1 259/2/1 263/2/1
f 264/4/1 261/4/1 260/4/1
f 265/4/1 261/4/1 264/4/1
f 266/2/1 262/2/1 261/2/1
f 266/4/1 261/4/1 265/4/1
f 267/2/1 262/2/1 266/2/1
f 268/4/1 263/4/1 240/4/1
f 268/4/1 265/4/1 264/4/1
f 268/4/1 264/4/1 263/4/1
f 269/4/1 265/4/1 268/4/1
f 270/4/1 265/4/1 269/4/1
f 271/4/1 265/4/1 270/4/1
f 272/4/1 270/4/1 269/4/1
f 272/2/1 271/2/1 270/2/1
f 273/4/1 265/4/1 271/4/1
f 273/2/1 271/2/1 272/2/1
f 274/4/1 267/4/1 266/4/1
f 274/2/1 266/2/1 265/2/1
f 275/4/1 267/4/1 274/4/1
f 276/2/1 274/2/1 265/2/1
f 276/2/1 275/2/1 274/2/1
f 277/2/1 275/2/1 276/2/1
f 278/4/1 265/4/1 273/4/1
f 278/4/1 273/4/1 272/4/1
f 279/2/1 276/2/1 265/2/1
f 279/4/1 265/4/1 278/4/1
f 280/2/1 279/2/1 278/2/1
f 280/2/1 276/2/1 279/2/1
f 281/4/1 277/4/1 276/4/1
f 281/2/1 276/2/1 280/2/1
f 282/4/1 281/4/1 280/4/1
f 282/4/1 277/4/1 281/4/1
f 283/4/1 277/4/1 282/4/1
f 284/2/1 269/2/1 268/2/1
f 284/4/1 272/4/1 269/4/1
f 284/4/1 278/4/1 272/4/1
f 285/4/1 278/4/1 284/4/1
f 286/2/1 284/2/1 268/2/1
f 286/2/1 285/2/1 284/2/1
f 287/2/1 285/2/1 286/2/1
f 288/2/1 280/2/1 278/2/1
f 288/4/1 282/4/1 280/4/1
f 289/2/1 283/2/1 282/2/1
f 289/4/1 282/4/1 288/4/1
f 290/2/1 285/2/1 287/2/1
f 290/4/1 278/4/1 285/4/1
f 291/2/1 288/2/1 278/2/1
f 291/4/1 278/4/1 290/4/1
f 291/2/1 289/2/1 288/2/1
f 292/2/1 289/2/1 291/2/1
f 293/2/1 283/2/1 289/2/1
f 293/2/1 289/2/1 292/2/1
f 294/4/1 287/4/1 286/4/1
f 295/2/1 292/2/1 291/2/1
f 295/4/1 287/4/1 294/4/1
f 295/2/1 290/2/1 287/2/1
f 295/2/1 291/2/1 290/2/1
f 296/4/1 293/4/1 292/4/1
f 296/2/1 292/2/1 295/2/1
f 297/4/1 293/4/1 296/4/1
f 302/2/1 300/2/1 299/2/1
f 302/4/1 301/4/1 300/4/1
f 303/4/1 301/4/1 302/4/1
f 304/4/1 299/4/1 298/4/1
f 304/2/1 302/2/1 299/2/1
f 304/2/1 303/2/1 302/2/1
f 305/2/1 303/2/1 304/2/1
f 306/4/1 304/4/1 298/4/1
f 306/4/1 305/4/1 304/4/1
f 307/4/1 305/4/1 306/4/1
f 308/2/1 307/2/1 306/2/1
f 309/4/1 305/4/1 307/4/1
f 309/2/1 307/2/1 308/2/1
f 310/4/1 309/4/1 308/4/1
f 310/4/1 305/4/1 309/4/1
f 311/4/1 305/4/1 310/4/1
f 312/2/1 311/2/1 310/2/1
f 313/4/1 305/4/1 311/4/1
f 313/2/1 311/2/1 312/2/1
f 314/2/1 303/2/1 305/2/1
f 314/4/1 305/4/1 313/4/1
f 315/2/1 303/2/1 314/2/1
f 316/4/1 310/4/1 308/4/1
f 317/2/1 312/2/1 310/2/1
f 317/4/1 310/4/1 316/4/1
f 318/4/1 313/4/1 312/4/1
f 318/2/1 312/2/1 317/2/1
f 318/4/1 314/4/1 313/4/1
f 318/4/1 315/4/1 314/4/1
f 319/4/1 315/4/1 318/4/1
f 320/4/1 315/4/1 319/4/1
f 321/2/1 317/2/1 316/2/1
f 322/4/1 318/4/1 317/4/1
f 322/2/1 317/2/1 321/2/1
f 322/4/1 319/4/1 318/4/1
f 323/4/1 322/4/1 321/4/1
f 323/4/1 319/4/1 322/4/1
f 324/2/1 320/2/1 319/2/1
f 324/4/1 319/4/1 323/4/1
f 325/2/1 320/2/1 324/2/1
f 326/4/1 323/4/1 321/4/1
f 327/4/1 323/4/1 326/4/1
f 328/4/1 323/4/1 327/4/1
f 329/4/1 323/4/1 328/4/1
f 330/4/1 328/4/1 327/4/1
f 330/2/1 329/2/1 328/2/1
f 331/4/1 323/4/1 329/4/1
f 331/2/1 329/2/1 330/2/1
f 332/2/1 324/2/1 323/2/1
f 332/4/1 325/4/1 324/4/1
f 333/4/1 325/4/1 332/4/1
f 334/2/1 332/2/1 323/2/1
f 334/2/1 333/2/1 332/2/1
f 335/2/1 333/2/1 334/2/1
f 336/4/1 323/4/1 331/4/1
f 336/4/1 331/4/1 330/4/1
f 337/2/1 334/2/1 323/2/1
f 337/4/1 323/4/1 336/4/1
f 338/2/1 337/2/1 336/2/1
f 338/2/1 334/2/1 337/2/1
f 339/4/1 335/4/1 334/4/1
f 339/2/1 334/2/1 338/2/1
f 340/4/1 339/4/1 338/4/1
f 340/4/1 335/4/1 339/4/1
f 341/4/1 335/4/1 340/4/1
f 342/2/1 327/2/1 326/2/1
f 342/4/1 330/4/1 327/4/1
f 342/4/1 336/4/1 330/4/1
f 343/4/1 336/4/1 342/4/1
f 344/2/1 342/2/1 326/2/1
f 344/2/1 343/2/1 342/2/1
f 345/2/1 343/2/1 344/2/1
f 346/2/1 338/2/1 336/2/1
f 346/4/1 340/4/1 338/4/1
f 347/2/1 341/2/1 340/2/1
f 347/4/1 340/4/1 346/4/1
f 348/2/1 343/2/1 345/2/1
f 348/4/1 336/4/1 343/4/1
f 349/2/1 346/2/1 336/2/1
f 349/4/1 336/4/1 348/4/1
f 349/2/1 347/2/1 346/2/1
f 350/2/1 347/2/1 349/2/1
f 351/2/1 341/2/1 347/2/1
f 351/2/1 347/2/1 350/2/1
f 352/4/1 345/4/1 344/4/1
f 353/2/1 350/2/1 349/2/1
f 353/4/1 345/4/1 352/4/1
f 353/2/1 348/2/1 345/2/1
f 353/2/1 349/2/1 348/2/1
f 354/4/1 351/4/1 350/4/1
f 354/2/1 350/2/1 353/2/1
f 355/4/1 351/4/1 354/4/1
f 365/2/2 366/2/2 368/2/2
f 366/4/2 367/4/2 368/4/2
f 368/4/2 367/4/2 369/4/2
f 356/4/2 357/4/2 370/4/2
f 357/2/2 358/2/2 371/2/2
f 370/4/2 357/4/2 371/4/2
f 358/4/2 359/4/2 372/4/2
f 371/2/2 358/2/2 372/2/2
f 359/2/2 360/2/2 373/2/2
f 372/4/2 359/4/2 373/4/2
f 360/4/2 361/4/2 374/4/2
f 373/2/2 360/2/2 374/2/2
f 362/4/2 363/4/2 375/4/2
f 363/2/2 364/2/2 375/2/2
f 364/4/2 365/4/2 376/4/2
f 375/2/2 364/2/2 376/2/2
f 365/2/2 368/2/2 377/2/2
f 376/4/2 365/4/2 377/4/2
f 368/2/2 369/2/2 377/2/2
f 377/2/2 369/2/2 378/2/2
f 362/4/2 375/4/2 379/4/2
f 375/4/2 376/4/2 379/4/2
f 377/4/2 378/4/2 379/4/2
f 376/4/2 377/4/2 379/4/2
f 379/4/2 378/4/2 380/4/2
f 370/2/2 371/2/2 381/2/2
f 371/4/2 372/4/2 382/4/2
f 381/2/2 371/2/2 382/2/2
f 372/4/2 373/4/2 382/4/2
f 373/4/2 374/4/2 382/4/2
f 379/2/2 380/2/2 383/2/2
f 380/4/2 378/4/2 384/4/2
f 383/2/2 380/2/2 384/2/2
f 384/4/2 378/4/2 385/4/2
f 378/2/2 369/2/2 386/2/2
f 385/4/2 378/4/2 386/4/2
f 382/4/2 374/4/2 387/4/2
f 381/4/2 382/4/2 387/4/2
f 387/4/2 374/4/2 388/4/2
f 388/4/2 374/4/2 389/4/2
f 389/4/2 374/4/2 390/4/2
f 384/4/2 385/4/2 391/4/2
f 383/4/2 384/4/2 391/4/2
f 391/4/2 385/4/2 392/4/2
f 385/2/2 386/2/2 393/2/2
f 392/4/2 385/4/2 393/4/2
f 386/2/2 369/2/2 394/2/2
f 393/2/2 386/2/2 394/2/2
f 392/4/2 393/4/2 395/4/2
f 394/2/2 369/2/2 395/2/2
f 393/4/2 394/4/2 395/4/2
f 395/2/2 369/2/2 396/2/2
f 381/4/2 387/4/2 397/4/2
f 387/2/2 388/2/2 397/2/2
f 388/4/2 389/4/2 398/4/2
f 397/2/2 388/2/2 398/2/2
f 390/4/2 374/4/2 399/4/2
f 389/2/2 390/2/2 399/2/2
f 374/4/2 361/4/2 400/4/2
f 399/4/2 374/4/2 400/4/2
f 389/2/2 399/2/2 401/2/2
f 398/4/2 389/4/2 401/4/2
f 399/2/2 400/2/2 401/2/2
f 397/4/2 398/4/2 401/4/2
f 401/2/2 400/2/2 402/2/2
f 391/2/2 392/2/2 403/2/2
f 392/4/2 395/4/2 404/4/2
f 403/2/2 392/2/2 404/2/2
f 395/4/2 396/4/2 404/4/2
f 403/4/2 404/4/2 405/4/2
f 404/4/2 396/4/2 405/4/2
f 405/4/2 396/4/2 406/4/2
f 381/4/2 397/4/2 407/4/2
f 401/4/2 402/4/2 407/4/2
f 397/4/2 401/4/2 407/4/2
f 407/4/2 402/4/2 408/4/2
f 402/2/2 400/2/2 409/2/2
f 408/4/2 402/4/2 409/4/2
f 400/4/2 361/4/2 410/4/2
f 409/2/2 400/2/2 410/2/2
f 410/4/2 361/4/2 411/4/2
f 391/2/2 403/2/2 412/2/2
f 412/2/2 403/2/2 413/2/2
f 407/2/2 408/2/2 414/2/2
f 381/4/2 407/4/2 414/4/2
f 408/4/2 409/4/2 415/4/2
f 414/2/2 408/2/2 415/2/2
f 409/4/2 410/4/2 415/4/2
f 415/4/2 410/4/2 416/4/2
f 410/2/2 411/2/2 417/2/2
f 416/4/2 410/4/2 417/4/2
f 417/2/2 411/2/2 418/2/2
f 413/2/2 403/2/2 419/2/2
f 412/4/2 413/4/2 419/4/2
f 403/4/2 405/4/2 420/4/2
f 419/2/2 403/2/2 420/2/2
f 420/4/2 405/4/2 421/4/2
f 405/2/2 406/2/2 422/2/2
f 421/4/2 405/4/2 422/4/2
f 422/2/2 406/2/2 423/2/2
f 381/4/2 414/4/2 424/4/2
f 415/4/2 416/4/2 424/4/2
f 414/4/2 415/4/2 424/4/2
f 424/4/2 416/4/2 425/4/2
f 425/4/2 416/4/2 426/4/2
f 426/4/2 416/4/2 427/4/2
f 420/4/2 421/4/2 428/4/2
f 412/4/2 419/4/2 428/4/2
f 419/4/2 420/4/2 428/4/2
f 428/4/2 421/4/2 429/4/2
f 429/4/2 421/4/2 430/4/2
f 430/4/2 421/4/2 431/4/2
f 426/2/2 427/2/2 432/2/2
f 425/4/2 426/4/2 432/4/2
f 427/4/2 416/4/2 433/4/2
f 432/2/2 427/2/2 433/2/2
f 417/4/2 418/4/2 434/4/2
f 416/2/2 417/2/2 434/2/2
f 434/4/2 418/4/2 435/4/2
f 430/2/2 431/2/2 436/2/2
f 429/4/2 430/4/2 436/4/2
f 431/4/2 421/4/2 437/4/2
f 436/2/2 431/2/2 437/2/2
f 422/4/2 423/4/2 438/4/2
f 421/2/2 422/2/2 438/2/2
f 438/4/2 423/4/2 439/4/2
f 434/2/2 435/2/2 440/2/2
f 416/2/2 434/2/2 440/2/2
f 440/2/2 435/2/2 441/2/2
f 438/2/2 439/2/2 442/2/2
f 421/2/2 438/2/2 442/2/2
f 442/2/2 439/2/2 443/2/2
f 433/4/2 416/4/2 444/4/2
f 432/4/2 433/4/2 444/4/2
f 416/2/2 440/2/2 445/2/2
f 444/4/2 416/4/2 445/4/2
f 437/4/2 421/4/2 446/4/2
f 436/4/2 437/4/2 446/4/2
f 421/2/2 442/2/2 447/2/2
f 446/4/2 421/4/2 447/4/2
f 445/2/2 440/2/2 448/2/2
f 444/2/2 445/2/2 448/2/2
f 440/4/2 441/4/2 449/4/2
f 448/2/2 440/2/2 449/2/2
f 447/2/2 442/2/2 450/2/2
f 446/2/2 447/2/2 450/2/2
f 442/4/2 443/4/2 451/4/2
f 450/2/2 442/2/2 451/2/2
f 449/4/2 441/4/2 452/4/2
f 448/4/2 449/4/2 452/4/2
f 452/4/2 441/4/2 453/4/2
f 451/4/2 443/4/2 454/4/2
f 450/4/2 451/4/2 454/4/2
f 454/4/2 443/4/2 455/4/2
f 425/4/2 432/4/2 456/4/2
f 424/2/2 425/2/2 456/2/2
f 432/4/2 444/4/2 456/4/2
f 456/4/2 444/4/2 457/4/2
f 429/4/2 436/4/2 458/4/2
f 428/2/2 429/2/2 458/2/2
f 436/4/2 446/4/2 458/4/2
f 458/4/2 446/4/2 459/4/2
f 456/2/2 457/2/2 460/2/2
f 424/2/2 456/2/2 460/2/2
f 460/2/2 457/2/2 461/2/2
f 448/4/2 452/4/2 462/4/2
f 444/2/2 448/2/2 462/2/2
f 452/2/2 453/2/2 463/2/2
f 462/4/2 452/4/2 463/4/2
f 458/2/2 459/2/2 464/2/2
f 428/2/2 458/2/2 464/2/2
f 464/2/2 459/2/2 465/2/2
f 446/2/2 450/2/2 466/2/2
f 450/4/2 454/4/2 466/4/2
f 454/2/2 455/2/2 467/2/2
f 466/4/2 454/4/2 467/4/2
f 457/4/2 444/4/2 468/4/2
f 461/2/2 457/2/2 468/2/2
f 444/2/2 462/2/2 469/2/2
f 468/4/2 444/4/2 469/4/2
f 462/2/2 463/2/2 469/2/2
f 469/2/2 463/2/2 470/2/2
f 463/2/2 453/2/2 471/2/2
f 470/2/2 463/2/2 471/2/2
f 465/2/2 459/2/2 472/2/2
f 459/4/2 446/4/2 472/4/2
f 466/2/2 467/2/2 473/2/2
f 472/4/2 446/4/2 473/4/2
f 446/2/2 466/2/2 473/2/2
f 473/2/2 467/2/2 474/2/2
f 467/2/2 455/2/2 475/2/2
f 474/2/2 467/2/2 475/2/2
f 460/4/2 461/4/2 476/4/2
f 461/2/2 468/2/2 477/2/2
f 476/4/2 461/4/2 477/4/2
f 468/2/2 469/2/2 477/2/2
f 469/2/2 470/2/2 477/2/2
f 470/4/2 471/4/2 478/4/2
f 477/2/2 470/2/2 478/2/2
f 478/4/2 471/4/2 479/4/2
f 464/4/2 465/4/2 480/4/2
f 473/2/2 474/2/2 481/2/2
f 480/4/2 465/4/2 481/4/2
f 465/2/2 472/2/2 481/2/2
f 472/2/2 473/2/2 481/2/2
f 474/4/2 475/4/2 482/4/2
f 481/2/2 474/2/2 482/2/2
f 482/4/2 475/4/2 483/4/2
f 486/4/2 487/4/2 496/4/2
f 487/2/2 488/2/2 496/2/2
f 488/4/2 489/4/2 497/4/2
f 496/2/2 488/2/2 497/2/2
f 493/2/2 494/2/2 498/2/2
f 492/4/2 493/4/2 498/4/2
f 494/4/2 495/4/2 499/4/2
f 498/2/2 494/2/2 499/2/2
f 484/4/2 485/4/2 500/4/2
f 485/2/2 486/2/2 500/2/2
f 486/4/2 496/4/2 501/4/2
f 500/2/2 486/2/2 501/2/2
f 496/4/2 497/4/2 501/4/2
f 501/4/2 497/4/2 502/4/2
f 490/4/2 491/4/2 503/4/2
f 491/2/2 492/2/2 503/2/2
f 498/4/2 499/4/2 504/4/2
f 503/2/2 492/2/2 504/2/2
f 492/4/2 498/4/2 504/4/2
f 504/4/2 499/4/2 505/4/2
f 500/4/2 501/4/2 506/4/2
f 484/4/2 500/4/2 506/4/2
f 506/4/2 501/4/2 507/4/2
f 490/4/2 503/4/2 508/4/2
f 503/4/2 504/4/2 508/4/2
f 508/4/2 504/4/2 509/4/2
f 507/4/2 501/4/2 510/4/2
f 501/2/2 502/2/2 510/2/2
f 502/4/2 497/4/2 511/4/2
f 510/2/2 502/2/2 511/2/2
f 497/4/2 489/4/2 512/4/2
f 511/4/2 497/4/2 512/4/2
f 512/4/2 489/4/2 513/4/2
f 509/4/2 504/4/2 514/4/2
f 504/2/2 505/2/2 514/2/2
f 505/4/2 499/4/2 515/4/2
f 514/2/2 505/2/2 515/2/2
f 499/4/2 495/4/2 516/4/2
f 515/4/2 499/4/2 516/4/2
f 516/4/2 495/4/2 517/4/2
f 512/2/2 513/2/2 518/2/2
f 510/4/2 511/4/2 518/4/2
f 511/4/2 512/4/2 518/4/2
f 518/2/2 513/2/2 519/2/2
f 514/4/2 515/4/2 520/4/2
f 516/2/2 517/2/2 520/2/2
f 515/4/2 516/4/2 520/4/2
f 520/2/2 517/2/2 521/2/2
f 518/4/2 519/4/2 522/4/2
f 510/4/2 518/4/2 522/4/2
f 507/4/2 510/4/2 522/4/2
f 522/4/2 519/4/2 523/4/2
f 509/4/2 514/4/2 524/4/2
f 520/4/2 521/4/2 524/4/2
f 514/4/2 520/4/2 524/4/2
f 524/4/2 521/4/2 525/4/2
f 506/2/2 507/2/2 526/2/2
f 507/4/2 522/4/2 527/4/2
f 526/2/2 507/2/2 527/2/2
f 523/4/2 519/4/2 528/4/2
f 528/4/2 519/4/2 529/4/2
f 508/2/2 509/2/2 530/2/2
f 509/4/2 524/4/2 531/4/2
f 530/2/2 509/2/2 531/2/2
f 525/4/2 521/4/2 532/4/2
f 532/4/2 521/4/2 533/4/2
f 527/4/2 522/4/2 534/4/2
f 522/2/2 523/2/2 534/2/2
f 526/4/2 527/4/2 534/4/2
f 523/4/2 528/4/2 535/4/2
f 534/2/2 523/2/2 535/2/2
f 531/4/2 524/4/2 536/4/2
f 524/2/2 525/2/2 536/2/2
f 530/4/2 531/4/2 536/4/2
f 525/4/2 532/4/2 537/4/2
f 536/2/2 525/2/2 537/2/2
f 534/4/2 535/4/2 538/4/2
f 526/4/2 534/4/2 538/4/2
f 538/4/2 535/4/2 539/4/2
f 528/2/2 529/2/2 540/2/2
f 539/4/2 535/4/2 540/4/2
f 535/4/2 528/4/2 540/4/2
f 540/2/2 529/2/2 541/2/2
f 530/4/2 536/4/2 542/4/2
f 536/4/2 537/4/2 542/4/2
f 542/4/2 537/4/2 543/4/2
f 532/2/2 533/2/2 544/2/2
f 543/4/2 537/4/2 544/4/2
f 537/4/2 532/4/2 544/4/2
f 544/2/2 533/2/2 545/2/2
f 538/2/2 539/2/2 546/2/2
f 546/2/2 539/2/2 547/2/2
f 540/4/2 541/4/2 548/4/2
f 547/2/2 539/2/2 548/2/2
f 539/4/2 540/4/2 548/4/2
f 548/4/2 541/4/2 549/4/2
f 541/2/2 529/2/2 550/2/2
f 549/4/2 541/4/2 550/4/2
f 550/2/2 529/2/2 551/2/2
f 542/2/2 543/2/2 552/2/2
f 552/2/2 543/2/2 553/2/2
f 543/4/2 544/4/2 554/4/2
f 553/2/2 543/2/2 554/2/2
f 544/4/2 545/4/2 554/4/2
f 554/4/2 545/4/2 555/4/2
f 545/2/2 533/2/2 556/2/2
f 555/4/2 545/4/2 556/4/2
f 556/2/2 533/2/2 557/2/2
f 548/2/2 549/2/2 558/2/2
f 546/4/2 547/4/2 558/4/2
f 547/2/2 548/2/2 558/2/2
f 558/2/2 549/2/2 559/2/2
f 554/2/2 555/2/2 560/2/2
f 552/4/2 553/4/2 560/4/2
f 553/2/2 554/2/2 560/2/2
f 560/2/2 555/2/2 561/2/2
f 550/4/2 551/4/2 562/4/2
f 559/2/2 549/2/2 562/2/2
f 549/4/2 550/4/2 562/4/2
f 562/4/2 551/4/2 563/4/2
f 561/2/2 555/2/2 564/2/2
f 556/4/2 557/4/2 564/4/2
f 555/4/2 556/4/2 564/4/2
f 564/4/2 557/4/2 565/4/2
f 563/4/2 551/4/2 566/4/2
f 562/2/2 563/2/2 566/2/2
f 566/4/2 551/4/2 567/4/2
f 565/4/2 557/4/2 568/4/2
f 564/2/2 565/2/2 568/2/2
f 568/4/2 557/4/2 569/4/2
f 558/4/2 559/4/2 570/4/2
f 546/4/2 558/4/2 570/4/2
f 566/2/2 567/2/2 571/2/2
f 570/4/2 559/4/2 571/4/2
f 559/2/2 562/2/2 571/2/2
f 562/2/2 566/2/2 571/2/2
f 571/2/2 567/2/2 572/2/2
f 567/4/2 551/4/2 573/4/2
f 572/2/2 567/2/2 573/2/2
f 560/4/2 561/4/2 574/4/2
f 552/4/2 560/4/2 574/4/2
f 564/2/2 568/2/2 575/2/2
f 574/4/2 561/4/2 575/4/2
f 568/2/2 569/2/2 575/2/2
f 561/2/2 564/2/2 575/2/2
f 575/2/2 569/2/2 576/2/2
f 569/4/2 557/4/2 577/4/2
f 576/2/2 569/2/2 577/2/2
f 571/2/2 572/2/2 578/2/2
f 546/4/2 570/4/2 578/4/2
f 570/2/2 571/2/2 578/2/2
f 578/2/2 572/2/2 579/2/2
f 573/4/2 551/4/2 580/4/2
f 572/4/2 573/4/2 580/4/2
f 580/4/2 551/4/2 581/4/2
f 575/2/2 576/2/2 582/2/2
f 552/4/2 574/4/2 582/4/2
f 574/2/2 575/2/2 582/2/2
f 582/2/2 576/2/2 583/2/2
f 577/4/2 557/4/2 584/4/2
f 576/4/2 577/4/2 584/4/2
f 584/4/2 557/4/2 585/4/2
f 579/2/2 572/2/2 586/2/2
f 572/4/2 580/4/2 587/4/2
f 586/2/2 572/2/2 587/2/2
f 583/2/2 576/2/2 588/2/2
f 576/4/2 584/4/2 589/4/2
f 588/2/2 576/2/2 589/2/2
f 587/4/2 580/4/2 590/4/2
f 580/2/2 581/2/2 590/2/2
f 586/4/2 587/4/2 590/4/2
f 590/2/2 581/2/2 591/2/2
f 589/4/2 584/4/2 592/4/2
f 588/4/2 589/4/2 592/4/2
f 584/2/2 585/2/2 592/2/2
f 592/2/2 585/2/2 593/2/2
f 578/4/2 579/4/2 594/4/2
f 546/4/2 578/4/2 594/4/2
f 579/2/2 586/2/2 595/2/2
f 594/4/2 579/4/2 595/4/2
f 590/4/2 591/4/2 596/4/2
f 595/2/2 586/2/2 596/2/2
f 586/4/2 590/4/2 596/4/2
f 582/4/2 583/4/2 597/4/2
f 552/4/2 582/4/2 597/4/2
f 583/2/2 588/2/2 598/2/2
f 597/4/2 583/4/2 598/4/2
f 588/4/2 592/4/2 599/4/2
f 598/2/2 588/2/2 599/2/2
f 592/4/2 593/4/2 599/4/2
f 546/4/2 594/4/2 600/4/2
f 594/2/2 595/2/2 601/2/2
f 600/4/2 594/4/2 601/4/2
f 595/4/2 596/4/2 602/4/2
f 601/2/2 595/2/2 602/2/2
f 596/4/2 591/4/2 603/4/2
f 602/4/2 596/4/2 603/4/2
f 603/4/2 591/4/2 604/4/2
f 552/4/2 597/4/2 605/4/2
f 597/2/2 598/2/2 606/2/2
f 605/4/2 597/4/2 606/4/2
f 598/4/2 599/4/2 607/4/2
f 606/2/2 598/2/2 607/2/2
f 599/4/2 593/4/2 608/4/2
f 607/4/2 599/4/2 608/4/2
f 609/3/2 610/3/2 614/3/2
f 610/1/2 611/1/2 614/1/2
f 611/3/2 612/3/2 615/3/2
f 614/1/2 611/1/2 615/1/2
f 615/3/2 612/3/2 616/3/2
f 616/3/2 612/3/2 617/3/2
f 612/1/2 613/1/2 618/1/2
f 617/3/2 612/3/2 618/3/2
f 618/1/2 613/1/2 619/1/2
f 619/1/2 613/1/2 620/1/2
f 620/1/2 613/1/2 621/1/2
f 614/3/2 615/3/2 622/3/2
f 615/3/2 616/3/2 622/3/2
f 616/1/2 617/1/2 623/1/2
f 622/3/2 616/3/2 623/3/2
f 623/1/2 617/1/2 624/1/2
f 617/3/2 618/3/2 625/3/2
f 624/1/2 617/1/2 625/1/2
f 618/3/2 619/3/2 625/3/2
f 625/3/2 619/3/2 626/3/2
f 619/1/2 620/1/2 627/1/2
f 626/3/2 619/3/2 627/3/2
f 620/3/2 621/3/2 628/3/2
f 627/1/2 620/1/2 628/1/2
f 614/3/2 622/3/2 629/3/2
f 623/1/2 624/1/2 630/1/2
f 629/3/2 622/3/2 630/3/2
f 622/1/2 623/1/2 630/1/2
f 630/1/2 624/1/2 631/1/2
f 624/3/2 625/3/2 632/3/2
f 631/1/2 624/1/2 632/1/2
f 625/1/2 626/1/2 633/1/2
f 632/3/2 625/3/2 633/3/2
f 633/1/2 626/1/2 634/1/2
f 626/3/2 627/3/2 635/3/2
f 634/1/2 626/1/2 635/1/2
f 627/3/2 628/3/2 635/3/2
f 628/3/2 621/3/2 636/3/2
f 635/3/2 628/3/2 636/3/2
f 609/3/2 614/3/2 637/3/2
f 614/3/2 629/3/2 637/3/2
f 637/3/2 629/3/2 638/3/2
f 630/1/2 631/1/2 639/1/2
f 638/3/2 629/3/2 639/3/2
f 629/1/2 630/1/2 639/1/2
f 639/1/2 631/1/2 640/1/2
f 640/1/2 631/1/2 641/1/2
f 633/3/2 634/3/2 642/3/2
f 641/1/2 631/1/2 642/1/2
f 632/3/2 633/3/2 642/3/2
f 631/3/2 632/3/2 642/3/2
f 642/3/2 634/3/2 643/3/2
f 643/3/2 634/3/2 644/3/2
f 634/1/2 635/1/2 645/1/2
f 644/3/2 634/3/2 645/3/2
f 635/1/2 636/1/2 645/1/2
f 645/1/2 636/1/2 646/1/2
f 646/1/2 636/1/2 647/1/2
f 647/1/2 636/1/2 648/1/2
f 636/3/2 621/3/2 649/3/2
f 648/1/2 636/1/2 649/1/2
f 649/3/2 621/3/2 650/3/2
f 651/4/2 652/4/2 663/4/2
f 652/2/2 653/2/2 664/2/2
f 663/4/2 652/4/2 664/4/2
f 653/4/2 654/4/2 665/4/2
f 664/2/2 653/2/2 665/2/2
f 654/2/2 655/2/2 666/2/2
f 665/4/2 654/4/2 666/4/2
f 655/4/2 656/4/2 667/4/2
f 666/2/2 655/2/2 667/2/2
f 656/2/2 657/2/2 668/2/2
f 667/4/2 656/4/2 668/4/2
f 657/4/2 658/4/2 669/4/2
f 668/2/2 657/2/2 669/2/2
f 658/2/2 659/2/2 670/2/2
f 669/4/2 658/4/2 670/4/2
f 659/4/2 660/4/2 671/4/2
f 670/2/2 659/2/2 671/2/2
f 660/2/2 661/2/2 672/2/2
f 671/4/2 660/4/2 672/4/2
f 661/4/2 662/4/2 673/4/2
f 672/2/2 661/2/2 673/2/2
f 673/4/2 662/4/2 674/4/2
f 677/4/3 676/4/3 675/4/3
f 678/4/3 676/4/3 677/4/3
f 679/2/3 678/2/3 677/2/3
f 680/2/3 678/2/3 679/2/3
f 681/4/3 680/4/3 679/4/3
f 682/4/3 680/4/3 681/4/3
f 683/2/3 682/2/3 681/2/3
f 684/2/3 682/2/3 683/2/3
f 685/4/3 684/4/3 683/4/3
f 686/4/3 684/4/3 685/4/3
f 690/3/3 688/3/3 687/3/3
f 691/3/3 688/3/3 690/3/3
f 692/3/3 688/3/3 691/3/3
f 693/1/3 689/1/3 688/1/3
f 693/3/3 688/3/3 692/3/3
f 694/1/3 691/1/3 690/1/3
f 695/3/3 692/3/3 691/3/3
f 695/1/3 691/1/3 694/1/3
f 696/1/3 693/1/3 692/1/3
f 696/3/3 692/3/3 695/3/3
f 696/3/3 695/3/3 694/3/3
f 697/1/3 689/1/3 693/1/3
f 697/1/3 693/1/3 696/1/3
f 698/3/3 696/3/3 694/3/3
f 698/3/3 697/3/3 696/3/3
f 699/3/3 697/3/3 698/3/3
f 700/1/3 699/1/3 698/1/3
f 701/3/3 697/3/3 699/3/3
f 701/1/3 699/1/3 700/1/3
f 702/1/3 689/1/3 697/1/3
f 702/3/3 697/3/3 701/3/3
f 702/3/3 701/3/3 700/3/3
f 703/1/3 689/1/3 702/1/3
f 704/3/3 703/3/3 702/3/3
f 705/3/3 702/3/3 700/3/3
f 705/3/3 704/3/3 702/3/3
f 706/3/3 704/3/3 705/3/3
f 707/3/3 705/3/3 700/3/3
f 708/3/3 705/3/3 707/3/3
f 709/1/3 706/1/3 705/1/3
f 710/3/3 705/3/3 708/3/3
f 710/1/3 708/1/3 707/1/3
f 711/3/3 705/3/3 710/3/3
f 712/1/3 710/1/3 707/1/3
f 712/1/3 711/1/3 710/1/3
f 713/1/3 711/1/3 712/1/3
f 714/3/3 705/3/3 711/3/3
f 714/1/3 711/1/3 713/1/3
f 715/1/3 709/1/3 705/1/3
f 715/3/3 705/3/3 714/3/3
f 716/1/3 714/1/3 713/1/3
f 716/3/3 713/3/3 712/3/3
f 716/1/3 715/1/3 714/1/3
f 717/1/3 715/1/3 716/1/3
f 718/1/3 709/1/3 715/1/3
f 718/1/3 715/1/3 717/1/3
f 719/3/3 717/3/3 716/3/3
f 719/1/3 718/1/3 717/1/3
f 720/1/3 718/1/3 719/1/3
f 721/3/3 716/3/3 712/3/3
f 721/3/3 719/3/3 716/3/3
f 721/3/3 720/3/3 719/3/3
f 722/3/3 720/3/3 721/3/3
f 723/1/3 722/1/3 721/1/3
f 723/3/3 720/3/3 722/3/3
f 724/3/3 720/3/3 723/3/3
f 725/1/3 718/1/3 720/1/3
f 726/3/3 720/3/3 724/3/3
f 726/1/3 725/1/3 720/1/3
f 727/1/3 725/1/3 726/1/3
f 728/1/3 723/1/3 721/1/3
f 728/1/3 724/1/3 723/1/3
f 729/1/3 724/1/3 728/1/3
f 730/3/3 729/3/3 728/3/3
f 730/1/3 724/1/3 729/1/3
f 731/3/3 727/3/3 726/3/3
f 731/1/3 724/1/3 730/1/3
f 731/3/3 726/3/3 724/3/3
f 732/3/3 730/3/3 728/3/3
f 732/3/3 731/3/3 730/3/3
f 733/3/3 727/3/3 731/3/3
f 733/3/3 731/3/3 732/3/3
f 740/4/3 735/4/3 734/4/3
f 741/2/3 736/2/3 735/2/3
f 741/4/3 735/4/3 740/4/3
f 742/2/3 736/2/3 741/2/3
f 743/4/3 737/4/3 736/4/3
f 743/2/3 736/2/3 742/2/3
f 744/2/3 738/2/3 737/2/3
f 744/4/3 737/4/3 743/4/3
f 745/4/3 739/4/3 738/4/3
f 745/2/3 738/2/3 744/2/3
f 746/4/3 739/4/3 745/4/3
f 747/4/3 739/4/3 746/4/3
f 748/2/3 742/2/3 741/2/3
f 748/2/3 741/2/3 740/2/3
f 749/2/3 742/2/3 748/2/3
f 750/2/3 742/2/3 749/2/3
f 751/4/3 744/4/3 743/4/3
f 751/2/3 742/2/3 750/2/3
f 751/4/3 743/4/3 742/4/3
f 751/4/3 745/4/3 744/4/3
f 751/4/3 746/4/3 745/4/3
f 752/2/3 747/2/3 746/2/3
f 752/4/3 746/4/3 751/4/3
f 753/2/3 747/2/3 752/2/3
f 754/4/3 739/4/3 747/4/3
f 754/2/3 747/2/3 753/2/3
f 755/4/3 739/4/3 754/4/3
f 756/4/3 739/4/3 755/4/3
f 757/4/3 739/4/3 756/4/3
f 758/4/3 749/4/3 748/4/3
f 759/2/3 750/2/3 749/2/3
f 759/4/3 749/4/3 758/4/3
f 760/2/3 754/2/3 753/2/3
f 760/2/3 755/2/3 754/2/3
f 761/4/3 756/4/3 755/4/3
f 761/2/3 755/2/3 760/2/3
f 762/2/3 757/2/3 756/2/3
f 762/4/3 756/4/3 761/4/3
f 763/2/3 759/2/3 758/2/3
f 764/2/3 759/2/3 763/2/3
f 765/4/3 753/4/3 752/4/3
f 765/2/3 759/2/3 764/2/3
f 765/4/3 751/4/3 750/4/3
f 765/4/3 752/4/3 751/4/3
f 765/2/3 750/2/3 759/2/3
f 766/4/3 753/4/3 765/4/3
f 767/2/3 762/2/3 761/2/3
f 767/4/3 761/4/3 760/4/3
f 768/2/3 757/2/3 762/2/3
f 768/2/3 762/2/3 767/2/3
f 769/4/3 764/4/3 763/4/3
f 769/2/3 766/2/3 765/2/3
f 769/2/3 765/2/3 764/2/3
f 770/2/3 766/2/3 769/2/3
f 771/2/3 766/2/3 770/2/3
f 772/4/3 753/4/3 766/4/3
f 772/2/3 766/2/3 771/2/3
f 773/4/3 753/4/3 772/4/3
f 774/2/3 760/2/3 753/2/3
f 774/4/3 753/4/3 773/4/3
f 775/4/3 768/4/3 767/4/3
f 775/2/3 760/2/3 774/2/3
f 775/4/3 767/4/3 760/4/3
f 776/4/3 768/4/3 775/4/3
f 777/2/3 757/2/3 768/2/3
f 777/4/3 768/4/3 776/4/3
f 778/2/3 757/2/3 777/2/3
f 779/4/3 769/4/3 763/4/3
f 779/4/3 770/4/3 769/4/3
f 780/2/3 771/2/3 770/2/3
f 780/4/3 770/4/3 779/4/3
f 781/4/3 772/4/3 771/4/3
f 781/2/3 771/2/3 780/2/3
f 781/4/3 773/4/3 772/4/3
f 782/2/3 776/2/3 775/2/3
f 782/4/3 773/4/3 781/4/3
f 782/2/3 774/2/3 773/2/3
f 782/2/3 775/2/3 774/2/3
f 783/4/3 778/4/3 777/4/3
f 783/2/3 776/2/3 782/2/3
f 783/4/3 777/4/3 776/4/3
f 784/4/3 778/4/3 783/4/3
f 791/4/3 786/4/3 785/4/3
f 792/2/3 787/2/3 786/2/3
f 792/4/3 786/4/3 791/4/3
f 793/4/3 788/4/3 787/4/3
f 793/2/3 787/2/3 792/2/3
f 794/4/3 788/4/3 793/4/3
f 795/2/3 789/2/3 788/2/3
f 795/4/3 788/4/3 794/4/3
f 796/2/3 789/2/3 795/2/3
f 797/2/3 789/2/3 796/2/3
f 798/4/3 790/4/3 789/4/3
f 798/2/3 789/2/3 797/2/3
f 799/4/3 790/4/3 798/4/3
f 800/4/3 790/4/3 799/4/3
f 801/4/3 791/4/3 785/4/3
f 802/2/3 792/2/3 791/2/3
f 802/4/3 791/4/3 801/4/3
f 802/2/3 794/2/3 793/2/3
f 802/2/3 793/2/3 792/2/3
f 803/2/3 794/2/3 802/2/3
f 804/4/3 795/4/3 794/4/3
f 804/2/3 794/2/3 803/2/3
f 804/4/3 796/4/3 795/4/3
f 805/4/3 799/4/3 798/4/3
f 805/4/3 798/4/3 797/4/3
f 806/2/3 800/2/3 799/2/3
f 806/4/3 799/4/3 805/4/3
f 807/2/3 803/2/3 802/2/3
f 807/2/3 802/2/3 801/2/3
f 808/2/3 803/2/3 807/2/3
f 809/2/3 797/2/3 796/2/3
f 809/4/3 805/4/3 797/4/3
f 810/2/3 806/2/3 805/2/3
f 810/4/3 805/4/3 809/4/3
f 811/2/3 800/2/3 806/2/3
f 811/2/3 806/2/3 810/2/3
f 812/2/3 800/2/3 811/2/3
f 813/4/3 808/4/3 807/4/3
f 814/2/3 803/2/3 808/2/3
f 814/4/3 808/4/3 813/4/3
f 815/4/3 804/4/3 803/4/3
f 815/2/3 803/2/3 814/2/3
f 816/4/3 804/4/3 815/4/3
f 817/4/3 796/4/3 804/4/3
f 817/4/3 804/4/3 816/4/3
f 818/2/3 810/2/3 809/2/3
f 818/4/3 796/4/3 817/4/3
f 818/2/3 809/2/3 796/2/3
f 819/2/3 810/2/3 818/2/3
f 820/4/3 811/4/3 810/4/3
f 820/2/3 810/2/3 819/2/3
f 821/2/3 812/2/3 811/2/3
f 821/4/3 811/4/3 820/4/3
f 822/2/3 812/2/3 821/2/3
f 823/2/3 816/2/3 815/2/3
f 823/2/3 815/2/3 814/2/3
f 823/2/3 814/2/3 813/2/3
f 824/2/3 816/2/3 823/2/3
f 825/4/3 817/4/3 816/4/3
f 825/2/3 816/2/3 824/2/3
f 826/4/3 817/4/3 825/4/3
f 827/4/3 817/4/3 826/4/3
f 828/4/3 817/4/3 827/4/3
f 829/2/3 819/2/3 818/2/3
f 829/4/3 817/4/3 828/4/3
f 829/2/3 818/2/3 817/2/3
f 830/4/3 822/4/3 821/4/3
f 830/2/3 819/2/3 829/2/3
f 830/4/3 821/4/3 820/4/3
f 830/4/3 820/4/3 819/4/3
f 831/4/3 824/4/3 823/4/3
f 832/2/3 826/2/3 825/2/3
f 832/4/3 824/4/3 831/4/3
f 832/2/3 825/2/3 824/2/3
f 833/4/3 827/4/3 826/4/3
f 833/2/3 826/2/3 832/2/3
f 834/2/3 828/2/3 827/2/3
f 834/4/3 827/4/3 833/4/3
f 835/4/3 829/4/3 828/4/3
f 835/2/3 828/2/3 834/2/3
f 835/4/3 830/4/3 829/4/3
f 836/4/3 822/4/3 830/4/3
f 836/4/3 830/4/3 835/4/3
f 843/4/3 838/4/3 837/4/3
f 844/2/3 839/2/3 838/2/3
f 844/4/3 838/4/3 843/4/3
f 845/2/3 839/2/3 844/2/3
f 846/2/3 839/2/3 845/2/3
f 847/2/3 839/2/3 846/2/3
f 848/4/3 840/4/3 839/4/3
f 848/2/3 839/2/3 847/2/3
f 849/2/3 841/2/3 840/2/3
f 849/4/3 840/4/3 848/4/3
f 850/4/3 842/4/3 841/4/3
f 850/2/3 841/2/3 849/2/3
f 851/4/3 842/4/3 850/4/3
f 852/4/3 842/4/3 851/4/3
f 853/2/3 844/2/3 843/2/3
f 853/2/3 845/2/3 844/2/3
f 854/4/3 846/4/3 845/4/3
f 854/2/3 845/2/3 853/2/3
f 855/2/3 847/2/3 846/2/3
f 855/4/3 846/4/3 854/4/3
f 856/4/3 849/4/3 848/4/3
f 856/2/3 847/2/3 855/2/3
f 856/4/3 848/4/3 847/4/3
f 856/4/3 851/4/3 850/4/3
f 856/4/3 850/4/3 849/4/3
f 857/2/3 852/2/3 851/2/3
f 857/4/3 851/4/3 856/4/3
f 858/2/3 852/2/3 857/2/3
f 859/4/3 842/4/3 852/4/3
f 859/2/3 852/2/3 858/2/3
f 860/4/3 842/4/3 859/4/3
f 861/4/3 842/4/3 860/4/3
f 862/4/3 842/4/3 861/4/3
f 863/4/3 854/4/3 853/4/3
f 864/4/3 854/4/3 863/4/3
f 865/2/3 855/2/3 854/2/3
f 865/4/3 854/4/3 864/4/3
f 866/4/3 858/4/3 857/4/3
f 866/2/3 855/2/3 865/2/3
f 866/4/3 856/4/3 855/4/3
f 866/4/3 857/4/3 856/4/3
f 867/4/3 858/4/3 866/4/3
f 868/4/3 858/4/3 867/4/3
f 869/2/3 859/2/3 858/2/3
f 869/2/3 860/2/3 859/2/3
f 870/4/3 861/4/3 860/4/3
f 870/2/3 860/2/3 869/2/3
f 871/2/3 862/2/3 861/2/3
f 871/4/3 861/4/3 870/4/3
f 872/2/3 864/2/3 863/2/3
f 873/2/3 864/2/3 872/2/3
f 874/4/3 865/4/3 864/4/3
f 874/4/3 866/4/3 865/4/3
f 874/4/3 867/4/3 866/4/3
f 875/2/3 868/2/3 867/2/3
f 875/4/3 867/4/3 874/4/3
f 876/4/3 870/4/3 869/4/3
f 876/2/3 871/2/3 870/2/3
f 877/2/3 862/2/3 871/2/3
f 877/2/3 871/2/3 876/2/3
f 878/2/3 864/2/3 873/2/3
f 878/4/3 873/4/3 872/4/3
f 879/4/3 874/4/3 864/4/3
f 879/2/3 864/2/3 878/2/3
f 880/4/3 874/4/3 879/4/3
f 881/4/3 874/4/3 880/4/3
f 882/4/3 858/4/3 868/4/3
f 883/2/3 869/2/3 858/2/3
f 883/4/3 858/4/3 882/4/3
f 884/4/3 876/4/3 869/4/3
f 884/2/3 869/2/3 883/2/3
f 884/4/3 877/4/3 876/4/3
f 885/4/3 877/4/3 884/4/3
f 886/2/3 862/2/3 877/2/3
f 886/4/3 877/4/3 885/4/3
f 887/2/3 862/2/3 886/2/3
f 888/4/3 878/4/3 872/4/3
f 888/4/3 879/4/3 878/4/3
f 888/4/3 880/4/3 879/4/3
f 889/2/3 881/2/3 880/2/3
f 889/4/3 880/4/3 888/4/3
f 890/4/3 874/4/3 881/4/3
f 890/2/3 881/2/3 889/2/3
f 891/2/3 875/2/3 874/2/3
f 891/4/3 874/4/3 890/4/3
f 892/2/3 868/2/3 875/2/3
f 892/2/3 875/2/3 891/2/3
f 892/4/3 882/4/3 868/4/3
f 893/2/3 883/2/3 882/2/3
f 893/4/3 882/4/3 892/4/3
f 893/2/3 885/2/3 884/2/3
f 893/2/3 884/2/3 883/2/3
f 894/4/3 886/4/3 885/4/3
f 894/2/3 885/2/3 893/2/3
f 894/4/3 887/4/3 886/4/3
f 895/4/3 887/4/3 894/4/3
f 904/4/3 897/4/3 896/4/3
f 904/2/3 898/2/3 897/2/3
f 905/4/3 899/4/3 898/4/3
f 905/2/3 898/2/3 904/2/3
f 906/2/3 902/2/3 901/2/3
f 906/4/3 901/4/3 900/4/3
f 907/2/3 902/2/3 906/2/3
f 908/2/3 902/2/3 907/2/3
f 909/4/3 903/4/3 902/4/3
f 909/2/3 902/2/3 908/2/3
f 910/4/3 903/4/3 909/4/3
f 911/4/3 903/4/3 910/4/3
f 912/4/3 904/4/3 896/4/3
f 912/4/3 905/4/3 904/4/3
f 913/4/3 899/4/3 905/4/3
f 913/4/3 905/4/3 912/4/3
f 914/2/3 900/2/3 899/2/3
f 914/4/3 899/4/3 913/4/3
f 915/4/3 906/4/3 900/4/3
f 915/2/3 900/2/3 914/2/3
f 915/4/3 907/4/3 906/4/3
f 916/4/3 910/4/3 909/4/3
f 916/4/3 909/4/3 908/4/3
f 917/2/3 911/2/3 910/2/3
f 917/4/3 910/4/3 916/4/3
f 918/2/3 913/2/3 912/2/3
f 919/2/3 913/2/3 918/2/3
f 920/4/3 914/4/3 913/4/3
f 920/2/3 913/2/3 919/2/3
f 920/4/3 915/4/3 914/4/3
f 921/4/3 915/4/3 920/4/3
f 922/2/3 908/2/3 907/2/3
f 922/4/3 916/4/3 908/4/3
f 923/2/3 917/2/3 916/2/3
f 923/4/3 916/4/3 922/4/3
f 924/2/3 911/2/3 917/2/3
f 924/2/3 917/2/3 923/2/3
f 925/4/3 919/4/3 918/4/3
f 926/2/3 921/2/3 920/2/3
f 926/4/3 919/4/3 925/4/3
f 926/2/3 920/2/3 919/2/3
f 927/4/3 915/4/3 921/4/3
f 927/2/3 921/2/3 926/2/3
f 928/4/3 915/4/3 927/4/3
f 929/4/3 907/4/3 915/4/3
f 929/4/3 915/4/3 928/4/3
f 930/2/3 923/2/3 922/2/3
f 930/4/3 907/4/3 929/4/3
f 930/2/3 922/2/3 907/2/3
f 931/2/3 923/2/3 930/2/3
f 932/4/3 924/4/3 923/4/3
f 932/2/3 923/2/3 931/2/3
f 933/2/3 911/2/3 924/2/3
f 933/4/3 924/4/3 932/4/3
f 934/2/3 911/2/3 933/2/3
f 935/2/3 926/2/3 925/2/3
f 935/2/3 928/2/3 927/2/3
f 935/2/3 927/2/3 926/2/3
f 936/2/3 928/2/3 935/2/3
f 937/4/3 929/4/3 928/4/3
f 937/2/3 928/2/3 936/2/3
f 938/4/3 929/4/3 937/4/3
f 939/4/3 929/4/3 938/4/3
f 940/4/3 929/4/3 939/4/3
f 941/2/3 931/2/3 930/2/3
f 941/4/3 929/4/3 940/4/3
f 941/2/3 930/2/3 929/2/3
f 942/4/3 932/4/3 931/4/3
f 942/2/3 931/2/3 941/2/3
f 942/4/3 934/4/3 933/4/3
f 942/4/3 933/4/3 932/4/3
f 943/4/3 936/4/3 935/4/3
f 944/2/3 938/2/3 937/2/3
f 944/4/3 936/4/3 943/4/3
f 944/2/3 937/2/3 936/2/3
f 945/4/3 939/4/3 938/4/3
f 945/2/3 938/2/3 944/2/3
f 946/2/3 940/2/3 939/2/3
f 946/4/3 939/4/3 945/4/3
f 947/4/3 941/4/3 940/4/3
f 947/2/3 940/2/3 946/2/3
f 947/4/3 942/4/3 941/4/3
f 948/4/3 934/4/3 942/4/3
f 948/4/3 942/4/3 947/4/3
f 950/2/4 951/2/4 957/2/4
f 951/4/4 952/4/4 958/4/4
f 957/2/4 951/2/4 958/2/4
f 952/2/4 953/2/4 959/2/4
f 958/4/4 952/4/4 959/4/4
f 959/2/4 953/2/4 960/2/4
f 953/4/4 954/4/4 961/4/4
f 960/2/4 953/2/4 961/2/4
f 961/4/4 954/4/4 962/4/4
f 962/4/4 954/4/4 963/4/4
f 954/2/4 955/2/4 964/2/4
f 963/4/4 954/4/4 964/4/4
f 964/2/4 955/2/4 965/2/4
f 955/4/4 956/4/4 966/4/4
f 965/2/4 955/2/4 966/2/4
f 949/4/4 950/4/4 967/4/4
f 950/2/4 957/2/4 967/2/4
f 957/4/4 958/4/4 968/4/4
f 967/2/4 957/2/4 968/2/4
f 959/4/4 960/4/4 968/4/4
f 958/4/4 959/4/4 968/4/4
f 968/4/4 960/4/4 969/4/4
f 969/4/4 960/4/4 970/4/4
f 961/2/4 962/2/4 971/2/4
f 970/4/4 960/4/4 971/4/4
f 960/2/4 961/2/4 971/2/4
f 971/2/4 962/2/4 972/2/4
f 962/4/4 963/4/4 973/4/4
f 972/2/4 962/2/4 973/2/4
f 964/2/4 965/2/4 974/2/4
f 973/4/4 963/4/4 974/4/4
f 963/2/4 964/2/4 974/2/4
f 974/2/4 965/2/4 975/2/4
f 965/4/4 966/4/4 976/4/4
f 975/2/4 965/2/4 976/2/4
f 966/4/4 956/4/4 977/4/4
f 976/4/4 966/4/4 977/4/4
f 977/4/4 956/4/4 978/4/4
f 949/4/4 967/4/4 979/4/4
f 968/4/4 969/4/4 979/4/4
f 967/4/4 968/4/4 979/4/4
f 979/4/4 969/4/4 980/4/4
f 980/4/4 969/4/4 981/4/4
f 969/2/4 970/2/4 982/2/4
f 981/4/4 969/4/4 982/4/4
f 970/4/4 971/4/4 983/4/4
f 971/4/4 972/4/4 983/4/4
f 983/4/4 972/4/4 984/4/4
f 984/4/4 972/4/4 985/4/4
f 985/4/4 972/4/4 986/4/4
f 972/2/4 973/2/4 987/2/4
f 986/4/4 972/4/4 987/4/4
f 974/2/4 975/2/4 987/2/4
f 973/2/4 974/2/4 987/2/4
f 987/2/4 975/2/4 988/2/4
f 975/4/4 976/4/4 989/4/4
f 988/2/4 975/2/4 989/2/4
f 976/4/4 977/4/4 989/4/4
f 989/4/4 977/4/4 990/4/4
f 990/4/4 977/4/4 991/4/4
f 977/2/4 978/2/4 992/2/4
f 991/4/4 977/4/4 992/4/4
f 949/4/4 979/4/4 993/4/4
f 993/4/4 979/4/4 994/4/4
f 979/2/4 980/2/4 995/2/4
f 994/4/4 979/4/4 995/4/4
f 980/4/4 981/4/4 996/4/4
f 995/2/4 980/2/4 996/2/4
f 981/2/4 982/2/4 997/2/4
f 996/4/4 981/4/4 997/4/4
f 982/2/4 970/2/4 998/2/4
f 997/2/4 982/2/4 998/2/4
f 970/4/4 983/4/4 999/4/4
f 998/2/4 970/2/4 999/2/4
f 983/2/4 984/2/4 1000/2/4
f 999/4/4 983/4/4 1000/4/4
f 984/4/4 985/4/4 1001/4/4
f 1000/2/4 984/2/4 1001/2/4
f 1001/4/4 985/4/4 1002/4/4
f 985/2/4 986/2/4 1003/2/4
f 1002/4/4 985/4/4 1003/4/4
f 1003/2/4 986/2/4 1004/2/4
f 987/4/4 988/4/4 1005/4/4
f 1004/2/4 986/2/4 1005/2/4
f 986/4/4 987/4/4 1005/4/4
f 988/2/4 989/2/4 1006/2/4
f 1005/4/4 988/4/4 1006/4/4
f 989/2/4 990/2/4 1006/2/4
f 1006/2/4 990/2/4 1007/2/4
f 1007/2/4 990/2/4 1008/2/4
f 990/4/4 991/4/4 1009/4/4
f 1008/2/4 990/2/4 1009/2/4
f 1009/4/4 991/4/4 1010/4/4
f 991/2/4 992/2/4 1011/2/4
f 1010/4/4 991/4/4 1011/4/4
f 992/2/4 978/2/4 1012/2/4
f 1011/2/4 992/2/4 1012/2/4
f 1012/2/4 978/2/4 1013/2/4
f 993/2/4 994/2/4 1014/2/4
f 949/4/4 993/4/4 1014/4/4
f 995/4/4 996/4/4 1015/4/4
f 1014/2/4 994/2/4 1015/2/4
f 994/4/4 995/4/4 1015/4/4
f 996/2/4 997/2/4 1016/2/4
f 1015/4/4 996/4/4 1016/4/4
f 997/2/4 998/2/4 1016/2/4
f 1001/4/4 1002/4/4 1017/4/4
f 1016/2/4 998/2/4 1017/2/4
f 999/4/4 1000/4/4 1017/4/4
f 998/4/4 999/4/4 1017/4/4
f 1000/4/4 1001/4/4 1017/4/4
f 1003/2/4 1004/2/4 1018/2/4
f 1017/4/4 1002/4/4 1018/4/4
f 1002/2/4 1003/2/4 1018/2/4
f 1006/4/4 1007/4/4 1019/4/4
f 1018/2/4 1004/2/4 1019/2/4
f 1005/4/4 1006/4/4 1019/4/4
f 1004/4/4 1005/4/4 1019/4/4
f 1019/4/4 1007/4/4 1020/4/4
f 1020/4/4 1007/4/4 1021/4/4
f 1007/2/4 1008/2/4 1022/2/4
f 1009/4/4 1010/4/4 1023/4/4
f 1022/2/4 1008/2/4 1023/2/4
f 1008/4/4 1009/4/4 1023/4/4
f 1023/4/4 1010/4/4 1024/4/4
f 1011/2/4 1012/2/4 1025/2/4
f 1024/4/4 1010/4/4 1025/4/4
f 1010/2/4 1011/2/4 1025/2/4
f 1016/4/4 1017/4/4 1026/4/4
f 1015/4/4 1016/4/4 1026/4/4
f 1017/4/4 1018/4/4 1026/4/4
f 1019/4/4 1020/4/4 1026/4/4
f 1018/4/4 1019/4/4 1026/4/4
f 1014/4/4 1015/4/4 1026/4/4
f 949/4/4 1014/4/4 1026/4/4
f 1020/2/4 1021/2/4 1027/2/4
f 1026/4/4 1020/4/4 1027/4/4
f 1021/4/4 1007/4/4 1028/4/4
f 1027/2/4 1021/2/4 1028/2/4
f 1007/2/4 1022/2/4 1029/2/4
f 1028/4/4 1007/4/4 1029/4/4
f 1022/4/4 1023/4/4 1030/4/4
f 1029/2/4 1022/2/4 1030/2/4
f 1023/4/4 1024/4/4 1030/4/4
f 1024/2/4 1025/2/4 1031/2/4
f 1030/4/4 1024/4/4 1031/4/4
f 1025/2/4 1012/2/4 1032/2/4
f 1031/2/4 1025/2/4 1032/2/4
f 1012/4/4 1013/4/4 1032/4/4
f 1032/4/4 1013/4/4 1033/4/4
f 1034/4/4 1035/4/4 1044/4/4
f 1044/4/4 1035/4/4 1045/4/4
f 1045/4/4 1035/4/4 1046/4/4
f 1046/4/4 1035/4/4 1047/4/4
f 1047/4/4 1035/4/4 1048/4/4
f 1048/4/4 1035/4/4 1049/4/4
f 1035/2/4 1036/2/4 1050/2/4
f 1049/4/4 1035/4/4 1050/4/4
f 1036/4/4 1037/4/4 1051/4/4
f 1050/2/4 1036/2/4 1051/2/4
f 1051/4/4 1037/4/4 1052/4/4
f 1037/2/4 1038/2/4 1053/2/4
f 1052/4/4 1037/4/4 1053/4/4
f 1038/4/4 1039/4/4 1054/4/4
f 1053/2/4 1038/2/4 1054/2/4
f 1039/2/4 1040/2/4 1055/2/4
f 1040/4/4 1041/4/4 1055/4/4
f 1055/4/4 1041/4/4 1056/4/4
f 1041/2/4 1042/2/4 1057/2/4
f 1056/4/4 1041/4/4 1057/4/4
f 1057/2/4 1042/2/4 1058/2/4
f 1045/4/4 1046/4/4 1059/4/4
f 1046/2/4 1047/2/4 1059/2/4
f 1047/4/4 1048/4/4 1060/4/4
f 1059/2/4 1047/2/4 1060/2/4
f 1048/2/4 1049/2/4 1061/2/4
f 1060/4/4 1048/4/4 1061/4/4
f 1049/4/4 1050/4/4 1062/4/4
f 1061/2/4 1049/2/4 1062/2/4
f 1051/4/4 1052/4/4 1062/4/4
f 1050/4/4 1051/4/4 1062/4/4
f 1056/4/4 1057/4/4 1063/4/4
f 1058/2/4 1042/2/4 1063/2/4
f 1057/4/4 1058/4/4 1063/4/4
f 1063/2/4 1042/2/4 1064/2/4
f 1042/4/4 1043/4/4 1065/4/4
f 1064/2/4 1042/2/4 1065/2/4
f 1065/4/4 1043/4/4 1066/4/4
f 1044/2/4 1045/2/4 1067/2/4
f 1059/4/4 1060/4/4 1068/4/4
f 1067/2/4 1045/2/4 1068/2/4
f 1060/4/4 1061/4/4 1068/4/4
f 1061/4/4 1062/4/4 1068/4/4
f 1045/4/4 1059/4/4 1068/4/4
f 1068/4/4 1062/4/4 1069/4/4
f 1069/4/4 1062/4/4 1070/4/4
f 1062/4/4 1052/4/4 1071/4/4
f 1070/4/4 1062/4/4 1071/4/4
f 1052/2/4 1053/2/4 1071/2/4
f 1053/4/4 1054/4/4 1072/4/4
f 1071/2/4 1053/2/4 1072/2/4
f 1054/4/4 1039/4/4 1073/4/4
f 1072/4/4 1054/4/4 1073/4/4
f 1055/2/4 1056/2/4 1073/2/4
f 1039/2/4 1055/2/4 1073/2/4
f 1063/4/4 1064/4/4 1074/4/4
f 1073/2/4 1056/2/4 1074/2/4
f 1056/4/4 1063/4/4 1074/4/4
f 1074/4/4 1064/4/4 1075/4/4
f 1075/4/4 1064/4/4 1076/4/4
f 1065/2/4 1066/2/4 1077/2/4
f 1076/4/4 1064/4/4 1077/4/4
f 1064/2/4 1065/2/4 1077/2/4
f 1077/2/4 1066/2/4 1078/2/4
f 1069/2/4 1070/2/4 1079/2/4
f 1068/4/4 1069/4/4 1079/4/4
f 1067/4/4 1068/4/4 1079/4/4
f 1079/2/4 1070/2/4 1080/2/4
f 1072/4/4 1073/4/4 1081/4/4
f 1080/2/4 1070/2/4 1081/2/4
f 1071/4/4 1072/4/4 1081/4/4
f 1070/4/4 1071/4/4 1081/4/4
f 1073/4/4 1074/4/4 1081/4/4
f 1074/4/4 1075/4/4 1081/4/4
f 1081/4/4 1075/4/4 1082/4/4
f 1082/4/4 1075/4/4 1083/4/4
f 1075/2/4 1076/2/4 1084/2/4
f 1083/4/4 1075/4/4 1084/4/4
f 1079/4/4 1080/4/4 1085/4/4
f 1080/2/4 1081/2/4 1085/2/4
f 1081/2/4 1082/2/4 1085/2/4
f 1082/4/4 1083/4/4 1086/4/4
f 1085/2/4 1082/2/4 1086/2/4
f 1086/4/4 1083/4/4 1087/4/4
f 1083/2/4 1084/2/4 1088/2/4
f 1087/4/4 1083/4/4 1088/4/4
f 1088/2/4 1084/2/4 1089/2/4
f 1084/2/4 1076/2/4 1090/2/4
f 1089/2/4 1084/2/4 1090/2/4
f 1077/4/4 1078/4/4 1090/4/4
f 1076/4/4 1077/4/4 1090/4/4
f 1090/4/4 1078/4/4 1091/4/4
f 1078/2/4 1066/2/4 1092/2/4
f 1091/4/4 1078/4/4 1092/4/4
f 1092/2/4 1066/2/4 1093/2/4
f 1079/4/4 1085/4/4 1094/4/4
f 1067/4/4 1079/4/4 1094/4/4
f 1085/4/4 1086/4/4 1094/4/4
f 1086/4/4 1087/4/4 1094/4/4
f 1094/4/4 1087/4/4 1095/4/4
f 1095/4/4 1087/4/4 1096/4/4
f 1087/2/4 1088/2/4 1097/2/4
f 1096/4/4 1087/4/4 1097/4/4
f 1097/2/4 1088/2/4 1098/2/4
f 1088/4/4 1089/4/4 1099/4/4
f 1098/2/4 1088/2/4 1099/2/4
f 1090/2/4 1091/2/4 1100/2/4
f 1099/4/4 1089/4/4 1100/4/4
f 1089/2/4 1090/2/4 1100/2/4
f 1100/2/4 1091/2/4 1101/2/4
f 1092/4/4 1093/4/4 1102/4/4
f 1101/2/4 1091/2/4 1102/2/4
f 1091/4/4 1092/4/4 1102/4/4
f 1102/4/4 1093/4/4 1103/4/4
f 1067/4/4 1094/4/4 1104/4/4
f 1094/2/4 1095/2/4 1105/2/4
f 1104/4/4 1094/4/4 1105/4/4
f 1095/4/4 1096/4/4 1106/4/4
f 1105/2/4 1095/2/4 1106/2/4
f 1097/2/4 1098/2/4 1107/2/4
f 1106/4/4 1096/4/4 1107/4/4
f 1096/2/4 1097/2/4 1107/2/4
f 1098/4/4 1099/4/4 1108/4/4
f 1107/2/4 1098/2/4 1108/2/4
f 1100/4/4 1101/4/4 1108/4/4
f 1099/4/4 1100/4/4 1108/4/4
f 1101/2/4 1102/2/4 1109/2/4
f 1108/4/4 1101/4/4 1109/4/4
f 1102/2/4 1103/2/4 1109/2/4
f 1103/4/4 1093/4/4 1110/4/4
f 1109/2/4 1103/2/4 1110/2/4
f 1110/4/4 1093/4/4 1111/4/4
f 1114/4/4 1115/4/4 1120/4/4
f 1115/2/4 1116/2/4 1120/2/4
f 1120/2/4 1116/2/4 1121/2/4
f 1116/4/4 1117/4/4 1122/4/4
f 1121/2/4 1116/2/4 1122/2/4
f 1122/4/4 1117/4/4 1123/4/4
f 1123/4/4 1117/4/4 1124/4/4
f 1117/2/4 1118/2/4 1125/2/4
f 1124/4/4 1117/4/4 1125/4/4
f 1125/2/4 1118/2/4 1126/2/4
f 1118/4/4 1119/4/4 1127/4/4
f 1126/2/4 1118/2/4 1127/2/4
f 1120/4/4 1121/4/4 1128/4/4
f 1121/2/4 1122/2/4 1128/2/4
f 1122/2/4 1123/2/4 1128/2/4
f 1128/2/4 1123/2/4 1129/2/4
f 1123/4/4 1124/4/4 1130/4/4
f 1129/2/4 1123/2/4 1130/2/4
f 1125/2/4 1126/2/4 1131/2/4
f 1130/4/4 1124/4/4 1131/4/4
f 1124/2/4 1125/2/4 1131/2/4
f 1131/2/4 1126/2/4 1132/2/4
f 1126/4/4 1127/4/4 1133/4/4
f 1132/2/4 1126/2/4 1133/2/4
f 1127/4/4 1119/4/4 1134/4/4
f 1133/4/4 1127/4/4 1134/4/4
f 1134/4/4 1119/4/4 1135/4/4
f 1112/4/4 1113/4/4 1136/4/4
f 1113/2/4 1114/2/4 1137/2/4
f 1136/4/4 1113/4/4 1137/4/4
f 1128/4/4 1129/4/4 1138/4/4
f 1137/2/4 1114/2/4 1138/2/4
f 1114/4/4 1120/4/4 1138/4/4
f 1120/4/4 1128/4/4 1138/4/4
f 1138/4/4 1129/4/4 1139/4/4
f 1129/2/4 1130/2/4 1140/2/4
f 1139/4/4 1129/4/4 1140/4/4
f 1131/2/4 1132/2/4 1140/2/4
f 1130/2/4 1131/2/4 1140/2/4
f 1140/2/4 1132/2/4 1141/2/4
f 1132/4/4 1133/4/4 1142/4/4
f 1141/2/4 1132/2/4 1142/2/4
f 1133/4/4 1134/4/4 1142/4/4
f 1142/4/4 1134/4/4 1143/4/4
f 1143/4/4 1134/4/4 1144/4/4
f 1134/2/4 1135/2/4 1145/2/4
f 1144/4/4 1134/4/4 1145/4/4
f 1145/2/4 1135/2/4 1146/2/4
f 1138/2/4 1139/2/4 1147/2/4
f 1136/2/4 1137/2/4 1147/2/4
f 1137/2/4 1138/2/4 1147/2/4
f 1140/4/4 1141/4/4 1148/4/4
f 1147/2/4 1139/2/4 1148/2/4
f 1139/4/4 1140/4/4 1148/4/4
f 1148/4/4 1141/4/4 1149/4/4
f 1142/2/4 1143/2/4 1150/2/4
f 1149/4/4 1141/4/4 1150/4/4
f 1141/2/4 1142/2/4 1150/2/4
f 1150/2/4 1143/2/4 1151/2/4
f 1151/2/4 1143/2/4 1152/2/4
f 1143/4/4 1144/4/4 1153/4/4
f 1152/2/4 1143/2/4 1153/2/4
f 1153/4/4 1144/4/4 1154/4/4
f 1145/2/4 1146/2/4 1155/2/4
f 1154/4/4 1144/4/4 1155/4/4
f 1144/2/4 1145/2/4 1155/2/4
f 1155/2/4 1146/2/4 1156/2/4
f 1156/2/4 1146/2/4 1157/2/4
f 1136/2/4 1147/2/4 1158/2/4
f 1158/2/4 1147/2/4 1159/2/4
f 1147/4/4 1148/4/4 1160/4/4
f 1159/2/4 1147/2/4 1160/2/4
f 1160/4/4 1148/4/4 1161/4/4
f 1148/2/4 1149/2/4 1162/2/4
f 1161/4/4 1148/4/4 1162/4/4
f 1149/4/4 1150/4/4 1163/4/4
f 1162/2/4 1149/2/4 1163/2/4
f 1150/4/4 1151/4/4 1163/4/4
f 1163/4/4 1151/4/4 1164/4/4
f 1151/2/4 1152/2/4 1165/2/4
f 1153/4/4 1154/4/4 1166/4/4
f 1165/2/4 1152/2/4 1166/2/4
f 1152/4/4 1153/4/4 1166/4/4
f 1166/4/4 1154/4/4 1167/4/4
f 1154/2/4 1155/2/4 1168/2/4
f 1167/4/4 1154/4/4 1168/4/4
f 1155/2/4 1156/2/4 1168/2/4
f 1158/4/4 1159/4/4 1169/4/4
f 1160/2/4 1161/2/4 1170/2/4
f 1169/4/4 1159/4/4 1170/4/4
f 1159/2/4 1160/2/4 1170/2/4
f 1161/4/4 1162/4/4 1171/4/4
f 1170/2/4 1161/2/4 1171/2/4
f 1162/4/4 1163/4/4 1171/4/4
f 1163/2/4 1164/2/4 1172/2/4
f 1171/4/4 1163/4/4 1172/4/4
f 1164/4/4 1151/4/4 1173/4/4
f 1172/2/4 1164/2/4 1173/2/4
f 1151/2/4 1165/2/4 1174/2/4
f 1173/4/4 1151/4/4 1174/4/4
f 1166/4/4 1167/4/4 1175/4/4
f 1174/2/4 1165/2/4 1175/2/4
f 1165/4/4 1166/4/4 1175/4/4
f 1167/2/4 1168/2/4 1176/2/4
f 1175/4/4 1167/4/4 1176/4/4
f 1168/2/4 1156/2/4 1177/2/4
f 1176/2/4 1168/2/4 1177/2/4
f 1156/4/4 1157/4/4 1177/4/4
f 1177/4/4 1157/4/4 1178/4/4
f 1179/4/4 1180/4/4 1189/4/4
f 1180/2/4 1181/2/4 1190/2/4
f 1189/4/4 1180/4/4 1190/4/4
f 1190/2/4 1181/2/4 1191/2/4
f 1181/4/4 1182/4/4 1192/4/4
f 1191/2/4 1181/2/4 1192/2/4
f 1192/4/4 1182/4/4 1193/4/4
f 1182/2/4 1183/2/4 1194/2/4
f 1193/4/4 1182/4/4 1194/4/4
f 1183/4/4 1184/4/4 1195/4/4
f 1194/2/4 1183/2/4 1195/2/4
f 1184/2/4 1185/2/4 1196/2/4
f 1185/4/4 1186/4/4 1196/4/4
f 1196/4/4 1186/4/4 1197/4/4
f 1186/2/4 1187/2/4 1198/2/4
f 1197/4/4 1186/4/4 1198/4/4
f 1198/2/4 1187/2/4 1199/2/4
f 1190/2/4 1191/2/4 1200/2/4
f 1192/4/4 1193/4/4 1200/4/4
f 1189/2/4 1190/2/4 1200/2/4
f 1191/4/4 1192/4/4 1200/4/4
f 1193/2/4 1194/2/4 1201/2/4
f 1200/4/4 1193/4/4 1201/4/4
f 1194/4/4 1195/4/4 1202/4/4
f 1201/2/4 1194/2/4 1202/2/4
f 1195/4/4 1184/4/4 1203/4/4
f 1202/4/4 1195/4/4 1203/4/4
f 1196/2/4 1197/2/4 1204/2/4
f 1203/4/4 1184/4/4 1204/4/4
f 1184/2/4 1196/2/4 1204/2/4
f 1198/4/4 1199/4/4 1205/4/4
f 1204/2/4 1197/2/4 1205/2/4
f 1197/4/4 1198/4/4 1205/4/4
f 1205/4/4 1199/4/4 1206/4/4
f 1199/2/4 1187/2/4 1207/2/4
f 1206/4/4 1199/4/4 1207/4/4
f 1207/2/4 1187/2/4 1208/2/4
f 1187/4/4 1188/4/4 1209/4/4
f 1208/2/4 1187/2/4 1209/2/4
f 1209/4/4 1188/4/4 1210/4/4
f 1189/2/4 1200/2/4 1211/2/4
f 1200/2/4 1201/2/4 1211/2/4
f 1211/2/4 1201/2/4 1212/2/4
f 1212/2/4 1201/2/4 1213/2/4
f 1201/4/4 1202/4/4 1214/4/4
f 1213/2/4 1201/2/4 1214/2/4
f 1202/4/4 1203/4/4 1214/4/4
f 1214/4/4 1203/4/4 1215/4/4
f 1205/2/4 1206/2/4 1216/2/4
f 1215/4/4 1203/4/4 1216/4/4
f 1203/2/4 1204/2/4 1216/2/4
f 1204/2/4 1205/2/4 1216/2/4
f 1216/2/4 1206/2/4 1217/2/4
f 1207/4/4 1208/4/4 1218/4/4
f 1217/2/4 1206/2/4 1218/2/4
f 1206/4/4 1207/4/4 1218/4/4
f 1209/2/4 1210/2/4 1219/2/4
f 1218/4/4 1208/4/4 1219/4/4
f 1208/2/4 1209/2/4 1219/2/4
f 1219/2/4 1210/2/4 1220/2/4
f 1214/4/4 1215/4/4 1221/4/4
f 1213/4/4 1214/4/4 1221/4/4
f 1216/2/4 1217/2/4 1222/2/4
f 1221/4/4 1215/4/4 1222/4/4
f 1215/2/4 1216/2/4 1222/2/4
f 1222/2/4 1217/2/4 1223/2/4
f 1223/2/4 1217/2/4 1224/2/4
f 1219/4/4 1220/4/4 1225/4/4
f 1224/2/4 1217/2/4 1225/2/4
f 1217/4/4 1218/4/4 1225/4/4
f 1218/4/4 1219/4/4 1225/4/4
f 1225/4/4 1220/4/4 1226/4/4
f 1220/2/4 1210/2/4 1227/2/4
f 1226/4/4 1220/4/4 1227/4/4
f 1227/2/4 1210/2/4 1228/2/4
f 1213/4/4 1221/4/4 1229/4/4
f 1222/2/4 1223/2/4 1230/2/4
f 1229/4/4 1221/4/4 1230/4/4
f 1221/2/4 1222/2/4 1230/2/4
f 1230/2/4 1223/2/4 1231/2/4
f 1223/4/4 1224/4/4 1232/4/4
f 1231/2/4 1223/2/4 1232/2/4
f 1225/2/4 1226/2/4 1233/2/4
f 1232/4/4 1224/4/4 1233/4/4
f 1224/2/4 1225/2/4 1233/2/4
f 1233/2/4 1226/2/4 1234/2/4
f 1227/4/4 1228/4/4 1235/4/4
f 1234/2/4 1226/2/4 1235/2/4
f 1226/4/4 1227/4/4 1235/4/4
f 1235/4/4 1228/4/4 1236/4/4
f 1211/4/4 1212/4/4 1237/4/4
f 1212/2/4 1213/2/4 1238/2/4
f 1237/4/4 1212/4/4 1238/4/4
f 1213/4/4 1229/4/4 1239/4/4
f 1238/2/4 1213/2/4 1239/2/4
f 1230/2/4 1231/2/4 1240/2/4
f 1239/4/4 1229/4/4 1240/4/4
f 1229/2/4 1230/2/4 1240/2/4
f 1231/4/4 1232/4/4 1241/4/4
f 1240/2/4 1231/2/4 1241/2/4
f 1233/4/4 1234/4/4 1241/4/4
f 1232/4/4 1233/4/4 1241/4/4
f 1234/2/4 1235/2/4 1242/2/4
f 1241/4/4 1234/4/4 1242/4/4
f 1235/2/4 1236/2/4 1242/2/4
f 1236/4/4 1228/4/4 1243/4/4
f 1242/2/4 1236/2/4 1243/2/4
f 1243/4/4 1228/4/4 1244/4/4
f 1245/3/4 1246/3/4 1248/3/4
f 1248/3/4 1246/3/4 1249/3/4
f 1245/3/4 1248/3/4 1250/3/4
f 1248/1/4 1249/1/4 1251/1/4
f 1250/3/4 1248/3/4 1251/3/4
f 1250/1/4 1251/1/4 1252/1/4
f 1251/1/4 1249/1/4 1252/1/4
f 1249/3/4 1246/3/4 1253/3/4
f 1252/1/4 1249/1/4 1253/1/4
f 1252/3/4 1253/3/4 1254/3/4
f 1253/3/4 1246/3/4 1254/3/4
f 1246/1/4 1247/1/4 1255/1/4
f 1254/3/4 1246/3/4 1255/3/4
f 1250/1/4 1252/1/4 1256/1/4
f 1252/3/4 1254/3/4 1257/3/4
f 1256/1/4 1252/1/4 1257/1/4
f 1256/3/4 1257/3/4 1258/3/4
f 1257/3/4 1254/3/4 1258/3/4
f 1254/1/4 1255/1/4 1259/1/4
f 1258/3/4 1254/3/4 1259/3/4
f 1256/3/4 1258/3/4 1260/3/4
f 1258/1/4 1259/1/4 1261/1/4
f 1260/3/4 1258/3/4 1261/3/4
f 1259/1/4 1255/1/4 1262/1/4
f 1261/1/4 1259/1/4 1262/1/4
f 1255/1/4 1247/1/4 1263/1/4
f 1262/1/4 1255/1/4 1263/1/4
f 1261/1/4 1262/1/4 1264/1/4
f 1260/1/4 1261/1/4 1264/1/4
f 1262/3/4 1263/3/4 1265/3/4
f 1264/1/4 1262/1/4 1265/1/4
f 1260/1/4 1264/1/4 1266/1/4
f 1264/3/4 1265/3/4 1267/3/4
f 1266/1/4 1264/1/4 1267/1/4
f 1266/3/4 1267/3/4 1268/3/4
f 1267/3/4 1265/3/4 1268/3/4
f 1265/3/4 1263/3/4 1269/3/4
f 1268/3/4 1265/3/4 1269/3/4
f 1263/1/4 1247/1/4 1270/1/4
f 1269/3/4 1263/3/4 1270/3/4
f 1270/1/4 1247/1/4 1271/1/4
f 1269/3/4 1270/3/4 1272/3/4
f 1270/3/4 1271/3/4 1272/3/4
f 1268/1/4 1269/1/4 1273/1/4
f 1269/3/4 1272/3/4 1273/3/4
f 1273/3/4 1272/3/4 1274/3/4
f 1266/3/4 1268/3/4 1275/3/4
f 1268/1/4 1273/1/4 1275/1/4
f 1273/1/4 1274/1/4 1275/1/4
f 1275/1/4 1274/1/4 1276/1/4
f 1266/3/4 1275/3/4 1277/3/4
f 1275/3/4 1276/3/4 1277/3/4
f 1276/1/4 1274/1/4 1278/1/4
f 1277/3/4 1276/3/4 1278/3/4
f 1277/1/4 1278/1/4 1279/1/4
f 1278/1/4 1274/1/4 1280/1/4
f 1279/1/4 1278/1/4 1280/1/4
f 1277/1/4 1279/1/4 1281/1/4
f 1279/3/4 1280/3/4 1281/3/4
f 1280/1/4 1274/1/4 1282/1/4
f 1281/3/4 1280/3/4 1282/3/4
f 1277/1/4 1281/1/4 1283/1/4
f 1281/1/4 1282/1/4 1283/1/4
f 1283/1/4 1282/1/4 1284/1/4
f 1282/1/4 1274/1/4 1285/1/4
f 1284/1/4 1282/1/4 1285/1/4
f 1274/3/4 1272/3/4 1286/3/4
f 1285/1/4 1274/1/4 1286/1/4
f 1286/3/4 1272/3/4 1287/3/4
f 1284/1/4 1285/1/4 1288/1/4
f 1283/3/4 1284/3/4 1288/3/4
f 1286/3/4 1287/3/4 1289/3/4
f 1288/1/4 1285/1/4 1289/1/4
f 1285/3/4 1286/3/4 1289/3/4
f 1289/3/4 1287/3/4 1290/3/4
f 1290/3/4 1287/3/4 1291/3/4
f 1283/3/4 1288/3/4 1292/3/4
f 1288/3/4 1289/3/4 1292/3/4
f 1289/3/4 1290/3/4 1292/3/4
f 1292/3/4 1290/3/4 1293/3/4
f 1290/1/4 1291/1/4 1294/1/4
f 1293/3/4 1290/3/4 1295/3/4
f 1292/1/4 1293/1/4 1295/1/4
f 1295/3/4 1290/3/4 1296/3/4
f 1292/1/4 1295/1/4 1297/1/4
f 1295/1/4 1296/1/4 1297/1/4
f 1296/3/4 1290/3/4 1298/3/4
f 1297/1/4 1296/1/4 1298/1/4
f 1297/3/4 1298/3/4 1299/3/4
f 1298/3/4 1290/3/4 1299/3/4
f 1290/1/4 1294/1/4 1300/1/4
f 1299/3/4 1290/3/4 1300/3/4
f 1297/3/4 1299/3/4 1301/3/4
f 1292/1/4 1297/1/4 1301/1/4
f 1299/1/4 1300/1/4 1302/1/4
f 1301/3/4 1299/3/4 1302/3/4
f 1300/1/4 1294/1/4 1303/1/4
f 1302/1/4 1300/1/4 1303/1/4
f 1301/1/4 1302/1/4 1303/1/4
f 1303/1/4 1294/1/4 1304/1/4
f 1292/1/4 1301/1/4 1305/1/4
f 1301/1/4 1303/1/4 1305/1/4
f 1305/1/4 1303/1/4 1306/1/4
f 1292/1/4 1305/1/4 1307/1/4
f 1305/3/4 1306/3/4 1308/3/4
f 1307/1/4 1305/1/4 1308/1/4
f 1307/3/4 1308/3/4 1309/3/4
f 1308/3/4 1306/3/4 1309/3/4
f 1306/1/4 1303/1/4 1310/1/4
f 1309/3/4 1306/3/4 1310/3/4
f 1303/3/4 1304/3/4 1311/3/4
f 1310/1/4 1303/1/4 1312/1/4
f 1309/1/4 1310/1/4 1312/1/4
f 1303/3/4 1311/3/4 1313/3/4
f 1312/1/4 1303/1/4 1313/1/4
f 1307/3/4 1309/3/4 1314/3/4
f 1309/1/4 1312/1/4 1315/1/4
f 1314/3/4 1309/3/4 1315/3/4
f 1314/1/4 1315/1/4 1316/1/4
f 1315/1/4 1312/1/4 1316/1/4
f 1312/3/4 1313/3/4 1317/3/4
f 1316/1/4 1312/1/4 1317/1/4
f 1314/1/4 1316/1/4 1318/1/4
f 1316/3/4 1317/3/4 1319/3/4
f 1318/1/4 1316/1/4 1319/1/4
f 1313/3/4 1311/3/4 1320/3/4
f 1319/3/4 1317/3/4 1320/3/4
f 1317/3/4 1313/3/4 1320/3/4
f 1321/4/4 1322/4/4 1323/4/4
f 1323/4/4 1322/4/4 1324/4/4
f 1323/2/4 1324/2/4 1325/2/4
f 1325/2/4 1324/2/4 1326/2/4
f 1325/4/4 1326/4/4 1327/4/4
f 1327/4/4 1326/4/4 1328/4/4
f 1327/2/4 1328/2/4 1329/2/4
f 1329/2/4 1328/2/4 1330/2/4
f 1329/4/4 1330/4/4 1331/4/4
f 1331/4/4 1330/4/4 1332/4/4
f 1345/4/5 1334/4/5 1333/4/5
f 1346/2/5 1335/2/5 1334/2/5
f 1346/4/5 1334/4/5 1345/4/5
f 1347/4/5 1336/4/5 1335/4/5
f 1347/2/5 1335/2/5 1346/2/5
f 1348/2/5 1337/2/5 1336/2/5
f 1348/4/5 1336/4/5 1347/4/5
f 1349/4/5 1338/4/5 1337/4/5
f 1349/2/5 1337/2/5 1348/2/5
f 1350/4/5 1338/4/5 1349/4/5
f 1351/4/5 1340/4/5 1339/4/5
f 1352/2/5 1341/2/5 1340/2/5
f 1352/4/5 1340/4/5 1351/4/5
f 1353/4/5 1342/4/5 1341/4/5
f 1353/2/5 1341/2/5 1352/2/5
f 1354/2/5 1343/2/5 1342/2/5
f 1354/4/5 1342/4/5 1353/4/5
f 1355/4/5 1344/4/5 1343/4/5
f 1355/2/5 1343/2/5 1354/2/5
f 1356/4/5 1344/4/5 1355/4/5
f 1357/2/5 1346/2/5 1345/2/5
f 1357/2/5 1347/2/5 1346/2/5
f 1357/2/5 1348/2/5 1347/2/5
f 1357/2/5 1350/2/5 1349/2/5
f 1357/2/5 1349/2/5 1348/2/5
f 1358/2/5 1350/2/5 1357/2/5
f 1359/2/5 1350/2/5 1358/2/5
f 1360/2/5 1350/2/5 1359/2/5
f 1361/2/5 1354/2/5 1353/2/5
f 1361/2/5 1356/2/5 1355/2/5
f 1361/2/5 1355/2/5 1354/2/5
f 1361/2/5 1353/2/5 1352/2/5
f 1361/2/5 1352/2/5 1351/2/5
f 1362/2/5 1356/2/5 1361/2/5
f 1363/2/5 1356/2/5 1362/2/5
f 1364/2/5 1356/2/5 1363/2/5
f 1365/4/5 1358/4/5 1357/4/5
f 1366/2/5 1359/2/5 1358/2/5
f 1366/4/5 1358/4/5 1365/4/5
f 1367/4/5 1360/4/5 1359/4/5
f 1367/2/5 1359/2/5 1366/2/5
f 1368/4/5 1360/4/5 1367/4/5
f 1369/2/5 1366/2/5 1365/2/5
f 1369/2/5 1367/2/5 1366/2/5
f 1369/2/5 1368/2/5 1367/2/5
f 1370/2/5 1368/2/5 1369/2/5
f 1371/4/5 1362/4/5 1361/4/5
f 1372/2/5 1363/2/5 1362/2/5
f 1372/4/5 1362/4/5 1371/4/5
f 1373/4/5 1364/4/5 1363/4/5
f 1373/2/5 1363/2/5 1372/2/5
f 1374/4/5 1364/4/5 1373/4/5
f 1375/4/5 1370/4/5 1369/4/5
f 1376/4/5 1370/4/5 1375/4/5
f 1377/2/5 1372/2/5 1371/2/5
f 1377/2/5 1373/2/5 1372/2/5
f 1377/2/5 1374/2/5 1373/2/5
f 1378/2/5 1374/2/5 1377/2/5
f 1379/2/5 1374/2/5 1378/2/5
f 1380/2/5 1374/2/5 1379/2/5
f 1381/4/5 1378/4/5 1377/4/5
f 1382/2/5 1379/2/5 1378/2/5
f 1382/4/5 1378/4/5 1381/4/5
f 1383/4/5 1380/4/5 1379/4/5
f 1383/2/5 1379/2/5 1382/2/5
f 1384/4/5 1380/4/5 1383/4/5
f 1397/4/5 1386/4/5 1385/4/5
f 1398/2/5 1387/2/5 1386/2/5
f 1398/4/5 1386/4/5 1397/4/5
f 1399/4/5 1388/4/5 1387/4/5
f 1399/2/5 1387/2/5 1398/2/5
f 1400/2/5 1389/2/5 1388/2/5
f 1400/4/5 1388/4/5 1399/4/5
f 1401/4/5 1390/4/5 1389/4/5
f 1401/2/5 1389/2/5 1400/2/5
f 1402/4/5 1390/4/5 1401/4/5
f 1403/4/5 1392/4/5 1391/4/5
f 1404/2/5 1393/2/5 1392/2/5
f 1404/4/5 1392/4/5 1403/4/5
f 1405/4/5 1394/4/5 1393/4/5
f 1405/2/5 1393/2/5 1404/2/5
f 1406/2/5 1395/2/5 1394/2/5
f 1406/4/5 1394/4/5 1405/4/5
f 1407/4/5 1396/4/5 1395/4/5
f 1407/2/5 1395/2/5 1406/2/5
f 1408/4/5 1396/4/5 1407/4/5
f 1409/2/5 1398/2/5 1397/2/5
f 1409/2/5 1399/2/5 1398/2/5
f 1409/2/5 1400/2/5 1399/2/5
f 1409/2/5 1402/2/5 1401/2/5
f 1409/2/5 1401/2/5 1400/2/5
f 1410/2/5 1402/2/5 1409/2/5
f 1411/2/5 1402/2/5 1410/2/5
f 1412/2/5 1402/2/5 1411/2/5
f 1413/2/5 1406/2/5 1405/2/5
f 1413/2/5 1408/2/5 1407/2/5
f 1413/2/5 1407/2/5 1406/2/5
f 1413/2/5 1405/2/5 1404/2/5
f 1413/2/5 1404/2/5 1403/2/5
f 1414/2/5 1408/2/5 1413/2/5
f 1415/4/5 1410/4/5 1409/4/5
f 1416/2/5 1411/2/5 1410/2/5
f 1416/4/5 1410/4/5 1415/4/5
f 1417/4/5 1412/4/5 1411/4/5
f 1417/2/5 1411/2/5 1416/2/5
f 1418/4/5 1412/4/5 1417/4/5
f 1419/4/5 1403/4/5 1391/4/5
f 1420/2/5 1413/2/5 1403/2/5
f 1420/4/5 1403/4/5 1419/4/5
f 1421/4/5 1414/4/5 1413/4/5
f 1421/2/5 1413/2/5 1420/2/5
f 1422/4/5 1414/4/5 1421/4/5
f 1423/2/5 1416/2/5 1415/2/5
f 1423/2/5 1418/2/5 1417/2/5
f 1423/2/5 1417/2/5 1416/2/5
f 1424/2/5 1418/2/5 1423/2/5
f 1425/2/5 1418/2/5 1424/2/5
f 1426/2/5 1418/2/5 1425/2/5
f 1427/2/5 1422/2/5 1421/2/5
f 1427/2/5 1420/2/5 1419/2/5
f 1427/2/5 1421/2/5 1420/2/5
f 1428/2/5 1422/2/5 1427/2/5
f 1429/2/5 1422/2/5 1428/2/5
f 1430/2/5 1422/2/5 1429/2/5
f 1431/4/5 1424/4/5 1423/4/5
f 1432/2/5 1425/2/5 1424/2/5
f 1432/4/5 1424/4/5 1431/4/5
f 1433/4/5 1426/4/5 1425/4/5
f 1433/2/5 1425/2/5 1432/2/5
f 1434/4/5 1426/4/5 1433/4/5
f 1435/4/5 1428/4/5 1427/4/5
f 1436/2/5 1429/2/5 1428/2/5
f 1436/4/5 1428/4/5 1435/4/5
f 1437/4/5 1430/4/5 1429/4/5
f 1437/2/5 1429/2/5 1436/2/5
f 1438/4/5 1430/4/5 1437/4/5
f 1449/3/5 1440/3/5 1439/3/5
f 1450/1/5 1441/1/5 1440/1/5
f 1450/3/5 1440/3/5 1449/3/5
f 1451/1/5 1441/1/5 1450/1/5
f 1452/3/5 1442/3/5 1441/3/5
f 1452/1/5 1441/1/5 1451/1/5
f 1453/3/5 1442/3/5 1452/3/5
f 1454/1/5 1443/1/5 1442/1/5
f 1454/3/5 1442/3/5 1453/3/5
f 1455/3/5 1444/3/5 1443/3/5
f 1455/1/5 1443/1/5 1454/1/5
f 1456/1/5 1445/1/5 1444/1/5
f 1456/3/5 1444/3/5 1455/3/5
f 1457/3/5 1446/3/5 1445/3/5
f 1457/1/5 1445/1/5 1456/1/5
f 1458/1/5 1447/1/5 1446/1/5
f 1458/3/5 1446/3/5 1457/3/5
f 1459/1/5 1447/1/5 1458/1/5
f 1460/1/5 1447/1/5 1459/1/5
f 1461/3/5 1448/3/5 1447/3/5
f 1461/1/5 1447/1/5 1460/1/5
f 1462/3/5 1448/3/5 1461/3/5
f 1463/3/5 1448/3/5 1462/3/5
f 1464/3/5 1448/3/5 1463/3/5
f 1465/1/5 1450/1/5 1449/1/5
f 1466/1/5 1459/1/5 1458/1/5
f 1466/1/5 1454/1/5 1453/1/5
f 1466/1/5 1458/1/5 1457/1/5
f 1466/1/5 1457/1/5 1456/1/5
f 1466/1/5 1456/1/5 1455/1/5
f 1466/1/5 1455/1/5 1454/1/5
f 1467/1/5 1459/1/5 1466/1/5
f 1468/1/5 1464/1/5 1463/1/5
f 1469/1/5 1465/1/5 1449/1/5
f 1470/1/5 1464/1/5 1468/1/5
f 1471/1/5 1467/1/5 1466/1/5
f 1472/1/5 1469/1/5 1449/1/5
f 1473/1/5 1469/1/5 1472/1/5
f 1474/1/5 1467/1/5 1471/1/5
f 1475/1/5 1464/1/5 1470/1/5
f 1476/1/5 1464/1/5 1475/1/5
f 1477/3/5 1473/3/5 1472/3/5
f 1480/1/5 1474/1/5 1471/1/5
f 1481/1/5 1479/1/5 1478/1/5
f 1481/1/5 1480/1/5 1479/1/5
f 1481/1/5 1474/1/5 1480/1/5
f 1481/1/5 1478/1/5 1477/1/5
f 1484/3/5 1476/3/5 1475/3/5
f 1485/3/5 1477/3/5 1472/3/5
f 1486/1/5 1483/1/5 1482/1/5
f 1486/3/5 1477/3/5 1485/3/5
f 1486/1/5 1484/1/5 1483/1/5
f 1486/1/5 1481/1/5 1477/1/5
f 1486/1/5 1482/1/5 1481/1/5
f 1487/3/5 1476/3/5 1484/3/5
f 1487/1/5 1484/1/5 1486/1/5
f 1487/1/5 1486/1/5 1485/1/5
f 1488/3/5 1476/3/5 1487/3/5
f 1489/1/5 1487/1/5 1485/1/5
f 1489/1/5 1488/1/5 1487/1/5
f 1490/1/5 1488/1/5 1489/1/5
f 1491/3/5 1490/3/5 1489/3/5
f 1491/1/5 1488/1/5 1490/1/5
f 1492/1/5 1488/1/5 1491/1/5
f 1493/1/5 1488/1/5 1492/1/5
f 1494/1/5 1488/1/5 1493/1/5
f 1495/1/5 1488/1/5 1494/1/5
f 1496/1/5 1488/1/5 1495/1/5
f 1497/1/5 1488/1/5 1496/1/5
f 1498/1/5 1488/1/5 1497/1/5
f 1499/3/5 1491/3/5 1489/3/5
f 1500/1/5 1495/1/5 1494/1/5
f 1501/1/5 1495/1/5 1500/1/5
f 1502/1/5 1488/1/5 1498/1/5
f 1503/3/5 1499/3/5 1489/3/5
f 1504/1/5 1488/1/5 1502/1/5
f 1505/1/5 1501/1/5 1500/1/5
f 1506/1/5 1501/1/5 1505/1/5
f 1507/3/5 1503/3/5 1489/3/5
f 1511/1/5 1506/1/5 1505/1/5
f 1512/1/5 1506/1/5 1511/1/5
f 1513/1/5 1506/1/5 1512/1/5
f 1514/1/5 1506/1/5 1513/1/5
f 1515/1/5 1506/1/5 1514/1/5
f 1516/1/5 1506/1/5 1515/1/5
f 1517/1/5 1506/1/5 1516/1/5
f 1518/1/5 1506/1/5 1517/1/5
f 1519/1/5 1506/1/5 1518/1/5
f 1522/1/5 1488/1/5 1504/1/5
f 1523/3/5 1507/3/5 1489/3/5
f 1523/3/5 1508/3/5 1507/3/5
f 1523/3/5 1509/3/5 1508/3/5
f 1524/1/5 1510/1/5 1509/1/5
f 1524/3/5 1509/3/5 1523/3/5
f 1524/1/5 1511/1/5 1510/1/5
f 1524/1/5 1512/1/5 1511/1/5
f 1525/3/5 1513/3/5 1512/3/5
f 1525/1/5 1512/1/5 1524/1/5
f 1526/1/5 1514/1/5 1513/1/5
f 1526/3/5 1513/3/5 1525/3/5
f 1527/3/5 1515/3/5 1514/3/5
f 1527/1/5 1514/1/5 1526/1/5
f 1528/1/5 1516/1/5 1515/1/5
f 1528/3/5 1515/3/5 1527/3/5
f 1529/3/5 1517/3/5 1516/3/5
f 1529/1/5 1516/1/5 1528/1/5
f 1530/1/5 1518/1/5 1517/1/5
f 1530/3/5 1517/3/5 1529/3/5
f 1531/3/5 1519/3/5 1518/3/5
f 1531/1/5 1518/1/5 1530/1/5
f 1531/3/5 1520/3/5 1519/3/5
f 1532/1/5 1521/1/5 1520/1/5
f 1532/3/5 1520/3/5 1531/3/5
f 1532/1/5 1522/1/5 1521/1/5
f 1533/1/5 1488/1/5 1522/1/5
f 1533/1/5 1522/1/5 1532/1/5
f 1540/4/5 1535/4/5 1534/4/5
f 1541/4/5 1535/4/5 1540/4/5
f 1542/2/5 1536/2/5 1535/2/5
f 1542/4/5 1535/4/5 1541/4/5
f 1543/2/5 1536/2/5 1542/2/5
f 1544/4/5 1537/4/5 1536/4/5
f 1544/2/5 1536/2/5 1543/2/5
f 1545/2/5 1538/2/5 1537/2/5
f 1545/4/5 1537/4/5 1544/4/5
f 1546/4/5 1539/4/5 1538/4/5
f 1546/2/5 1538/2/5 1545/2/5
f 1547/4/5 1539/4/5 1546/4/5
f 1548/4/5 1539/4/5 1547/4/5
f 1549/4/5 1539/4/5 1548/4/5
f 1550/4/5 1540/4/5 1534/4/5
f 1551/2/5 1549/2/5 1548/2/5
f 1552/2/5 1549/2/5 1551/2/5
f 1553/4/5 1550/4/5 1534/4/5
f 1554/4/5 1550/4/5 1553/4/5
f 1555/4/5 1552/4/5 1551/4/5
f 1556/2/5 1554/2/5 1553/2/5
f 1557/2/5 1556/2/5 1553/2/5
f 1558/2/5 1556/2/5 1557/2/5
f 1559/4/5 1558/4/5 1557/4/5
f 1560/4/5 1558/4/5 1559/4/5
f 1561/2/5 1560/2/5 1559/2/5
f 1562/2/5 1560/2/5 1561/2/5
f 1563/4/5 1552/4/5 1555/4/5
f 1564/4/5 1552/4/5 1563/4/5
f 1565/4/5 1562/4/5 1561/4/5
f 1566/2/5 1564/2/5 1563/2/5
f 1567/2/5 1564/2/5 1566/2/5
f 1568/4/5 1565/4/5 1561/4/5
f 1569/4/5 1565/4/5 1568/4/5
f 1570/2/5 1569/2/5 1568/2/5
f 1571/2/5 1569/2/5 1570/2/5
f 1572/4/5 1567/4/5 1566/4/5
f 1573/4/5 1571/4/5 1570/4/5
f 1574/4/5 1571/4/5 1573/4/5
f 1575/4/5 1567/4/5 1572/4/5
f 1576/4/5 1567/4/5 1575/4/5
f 1577/2/5 1576/2/5 1575/2/5
f 1578/2/5 1576/2/5 1577/2/5
f 1579/2/5 1574/2/5 1573/2/5
f 1580/2/5 1574/2/5 1579/2/5
f 1581/4/5 1580/4/5 1579/4/5
f 1582/4/5 1581/4/5 1579/4/5
f 1583/4/5 1581/4/5 1582/4/5
f 1584/2/5 1583/2/5 1582/2/5
f 1585/2/5 1583/2/5 1584/2/5
f 1586/4/5 1578/4/5 1577/4/5
f 1587/4/5 1585/4/5 1584/4/5
f 1588/4/5 1578/4/5 1586/4/5
f 1589/4/5 1578/4/5 1588/4/5
f 1590/4/5 1587/4/5 1584/4/5
f 1591/4/5 1587/4/5 1590/4/5
f 1592/2/5 1589/2/5 1588/2/5
f 1593/2/5 1589/2/5 1592/2/5
f 1594/2/5 1591/2/5 1590/2/5
f 1595/2/5 1591/2/5 1594/2/5
f 1596/4/5 1595/4/5 1594/4/5
f 1597/4/5 1595/4/5 1596/4/5
f 1598/2/5 1597/2/5 1596/2/5
f 1599/2/5 1598/2/5 1596/2/5
f 1600/2/5 1598/2/5 1599/2/5
f 1601/4/5 1593/4/5 1592/4/5
f 1602/4/5 1593/4/5 1601/4/5
f 1603/2/5 1602/2/5 1601/2/5
f 1604/4/5 1600/4/5 1599/4/5
f 1612/2/5 1602/2/5 1603/2/5
f 1613/2/5 1602/2/5 1612/2/5
f 1614/4/5 1604/4/5 1599/4/5
f 1614/4/5 1605/4/5 1604/4/5
f 1614/4/5 1606/4/5 1605/4/5
f 1615/2/5 1607/2/5 1606/2/5
f 1615/4/5 1606/4/5 1614/4/5
f 1616/4/5 1608/4/5 1607/4/5
f 1616/2/5 1607/2/5 1615/2/5
f 1616/4/5 1609/4/5 1608/4/5
f 1617/2/5 1611/2/5 1610/2/5
f 1617/4/5 1609/4/5 1616/4/5
f 1617/2/5 1610/2/5 1609/2/5
f 1618/4/5 1613/4/5 1612/4/5
f 1618/2/5 1611/2/5 1617/2/5
f 1618/4/5 1612/4/5 1611/4/5
f 1619/4/5 1613/4/5 1618/4/5
f 1620/4/6 1621/4/6 1626/4/6
f 1626/4/6 1621/4/6 1627/4/6
f 1627/4/6 1621/4/6 1628/4/6
f 1621/2/6 1622/2/6 1629/2/6
f 1628/4/6 1621/4/6 1629/4/6
f 1629/2/6 1622/2/6 1630/2/6
f 1622/4/6 1623/4/6 1631/4/6
f 1630/2/6 1622/2/6 1631/2/6
f 1631/4/6 1623/4/6 1632/4/6
f 1632/4/6 1623/4/6 1633/4/6
f 1623/2/6 1624/2/6 1634/2/6
f 1633/4/6 1623/4/6 1634/4/6
f 1634/2/6 1624/2/6 1635/2/6
f 1624/4/6 1625/4/6 1636/4/6
f 1635/2/6 1624/2/6 1636/2/6
f 1636/4/6 1625/4/6 1637/4/6
f 1637/4/6 1625/4/6 1638/4/6
f 1620/4/6 1626/4/6 1639/4/6
f 1639/4/6 1626/4/6 1640/4/6
f 1640/4/6 1626/4/6 1641/4/6
f 1641/4/6 1626/4/6 1642/4/6
f 1626/2/6 1627/2/6 1643/2/6
f 1642/4/6 1626/4/6 1643/4/6
f 1627/4/6 1628/4/6 1644/4/6
f 1643/2/6 1627/2/6 1644/2/6
f 1644/4/6 1628/4/6 1645/4/6
f 1645/4/6 1628/4/6 1646/4/6
f 1646/4/6 1628/4/6 1647/4/6
f 1629/2/6 1630/2/6 1648/2/6
f 1647/4/6 1628/4/6 1648/4/6
f 1628/2/6 1629/2/6 1648/2/6
f 1648/2/6 1630/2/6 1649/2/6
f 1630/4/6 1631/4/6 1650/4/6
f 1649/2/6 1630/2/6 1650/2/6
f 1650/4/6 1631/4/6 1651/4/6
f 1651/4/6 1631/4/6 1652/4/6
f 1631/2/6 1632/2/6 1653/2/6
f 1652/4/6 1631/4/6 1653/4/6
f 1632/4/6 1633/4/6 1654/4/6
f 1653/2/6 1632/2/6 1654/2/6
f 1654/4/6 1633/4/6 1655/4/6
f 1634/2/6 1635/2/6 1656/2/6
f 1655/4/6 1633/4/6 1656/4/6
f 1633/2/6 1634/2/6 1656/2/6
f 1656/2/6 1635/2/6 1657/2/6
f 1635/4/6 1636/4/6 1658/4/6
f 1657/2/6 1635/2/6 1658/2/6
f 1636/4/6 1637/4/6 1658/4/6
f 1658/4/6 1637/4/6 1659/4/6
f 1637/2/6 1638/2/6 1660/2/6
f 1659/4/6 1637/4/6 1660/4/6
f 1620/4/6 1639/4/6 1661/4/6
f 1639/2/6 1640/2/6 1661/2/6
f 1661/2/6 1640/2/6 1662/2/6
f 1640/4/6 1641/4/6 1663/4/6
f 1662/2/6 1640/2/6 1663/2/6
f 1663/4/6 1641/4/6 1664/4/6
f 1641/2/6 1642/2/6 1665/2/6
f 1664/4/6 1641/4/6 1665/4/6
f 1642/4/6 1643/4/6 1666/4/6
f 1665/2/6 1642/2/6 1666/2/6
f 1643/4/6 1644/4/6 1666/4/6
f 1644/4/6 1645/4/6 1666/4/6
f 1666/4/6 1645/4/6 1667/4/6
f 1645/2/6 1646/2/6 1668/2/6
f 1667/4/6 1645/4/6 1668/4/6
f 1668/2/6 1646/2/6 1669/2/6
f 1646/4/6 1647/4/6 1670/4/6
f 1669/2/6 1646/2/6 1670/2/6
f 1670/4/6 1647/4/6 1671/4/6
f 1648/2/6 1649/2/6 1672/2/6
f 1671/4/6 1647/4/6 1672/4/6
f 1647/2/6 1648/2/6 1672/2/6
f 1672/2/6 1649/2/6 1673/2/6
f 1649/4/6 1650/4/6 1674/4/6
f 1673/2/6 1649/2/6 1674/2/6
f 1650/4/6 1651/4/6 1674/4/6
f 1674/4/6 1651/4/6 1675/4/6
f 1675/4/6 1651/4/6 1676/4/6
f 1676/4/6 1651/4/6 1677/4/6
f 1651/2/6 1652/2/6 1678/2/6
f 1677/4/6 1651/4/6 1678/4/6
f 1654/4/6 1655/4/6 1679/4/6
f 1678/2/6 1652/2/6 1679/2/6
f 1652/4/6 1653/4/6 1679/4/6
f 1653/4/6 1654/4/6 1679/4/6
f 1679/4/6 1655/4/6 1680/4/6
f 1656/2/6 1657/2/6 1681/2/6
f 1680/4/6 1655/4/6 1681/4/6
f 1655/2/6 1656/2/6 1681/2/6
f 1681/2/6 1657/2/6 1682/2/6
f 1658/4/6 1659/4/6 1683/4/6
f 1682/2/6 1657/2/6 1683/2/6
f 1657/4/6 1658/4/6 1683/4/6
f 1683/4/6 1659/4/6 1684/4/6
f 1659/2/6 1660/2/6 1685/2/6
f 1684/4/6 1659/4/6 1685/4/6
f 1660/2/6 1638/2/6 1686/2/6
f 1685/2/6 1660/2/6 1686/2/6
f 1686/2/6 1638/2/6 1687/2/6
f 1661/4/6 1662/4/6 1688/4/6
f 1620/4/6 1661/4/6 1688/4/6
f 1663/2/6 1664/2/6 1689/2/6
f 1688/4/6 1662/4/6 1689/4/6
f 1662/2/6 1663/2/6 1689/2/6
f 1689/2/6 1664/2/6 1690/2/6
f 1664/4/6 1665/4/6 1691/4/6
f 1690/2/6 1664/2/6 1691/2/6
f 1666/4/6 1667/4/6 1691/4/6
f 1665/4/6 1666/4/6 1691/4/6
f 1691/4/6 1667/4/6 1692/4/6
f 1692/4/6 1667/4/6 1693/4/6
f 1668/2/6 1669/2/6 1694/2/6
f 1693/4/6 1667/4/6 1694/4/6
f 1667/2/6 1668/2/6 1694/2/6
f 1670/4/6 1671/4/6 1695/4/6
f 1694/2/6 1669/2/6 1695/2/6
f 1669/4/6 1670/4/6 1695/4/6
f 1695/4/6 1671/4/6 1696/4/6
f 1672/2/6 1673/2/6 1697/2/6
f 1696/4/6 1671/4/6 1697/4/6
f 1671/2/6 1672/2/6 1697/2/6
f 1697/2/6 1673/2/6 1698/2/6
f 1674/4/6 1675/4/6 1699/4/6
f 1698/2/6 1673/2/6 1699/2/6
f 1673/4/6 1674/4/6 1699/4/6
f 1699/4/6 1675/4/6 1700/4/6
f 1675/2/6 1676/2/6 1701/2/6
f 1700/4/6 1675/4/6 1701/4/6
f 1676/4/6 1677/4/6 1702/4/6
f 1677/2/6 1678/2/6 1703/2/6
f 1702/4/6 1677/4/6 1703/4/6
f 1679/4/6 1680/4/6 1704/4/6
f 1703/2/6 1678/2/6 1704/2/6
f 1678/4/6 1679/4/6 1704/4/6
f 1704/4/6 1680/4/6 1705/4/6
f 1681/2/6 1682/2/6 1706/2/6
f 1705/4/6 1680/4/6 1706/4/6
f 1680/2/6 1681/2/6 1706/2/6
f 1683/4/6 1684/4/6 1707/4/6
f 1706/2/6 1682/2/6 1707/2/6
f 1682/4/6 1683/4/6 1707/4/6
f 1707/4/6 1684/4/6 1708/4/6
f 1708/4/6 1684/4/6 1709/4/6
f 1684/2/6 1685/2/6 1710/2/6
f 1709/4/6 1684/4/6 1710/4/6
f 1685/2/6 1686/2/6 1710/2/6
f 1689/4/6 1690/4/6 1711/4/6
f 1688/2/6 1689/2/6 1711/2/6
f 1711/4/6 1690/4/6 1712/4/6
f 1690/2/6 1691/2/6 1713/2/6
f 1712/4/6 1690/4/6 1713/4/6
f 1691/2/6 1692/2/6 1713/2/6
f 1713/2/6 1692/2/6 1714/2/6
f 1692/4/6 1693/4/6 1715/4/6
f 1693/2/6 1694/2/6 1715/2/6
f 1695/4/6 1696/4/6 1716/4/6
f 1715/2/6 1694/2/6 1716/2/6
f 1694/4/6 1695/4/6 1716/4/6
f 1716/4/6 1696/4/6 1717/4/6
f 1697/2/6 1698/2/6 1718/2/6
f 1717/4/6 1696/4/6 1718/4/6
f 1696/2/6 1697/2/6 1718/2/6
f 1718/2/6 1698/2/6 1719/2/6
f 1699/4/6 1700/4/6 1720/4/6
f 1719/2/6 1698/2/6 1720/2/6
f 1698/4/6 1699/4/6 1720/4/6
f 1700/2/6 1701/2/6 1721/2/6
f 1720/4/6 1700/4/6 1721/4/6
f 1676/4/6 1702/4/6 1722/4/6
f 1721/2/6 1701/2/6 1722/2/6
f 1701/2/6 1676/2/6 1722/2/6
f 1702/2/6 1703/2/6 1723/2/6
f 1722/4/6 1702/4/6 1723/4/6
f 1704/4/6 1705/4/6 1724/4/6
f 1723/2/6 1703/2/6 1724/2/6
f 1703/4/6 1704/4/6 1724/4/6
f 1724/4/6 1705/4/6 1725/4/6
f 1706/2/6 1707/2/6 1726/2/6
f 1725/4/6 1705/4/6 1726/4/6
f 1705/2/6 1706/2/6 1726/2/6
f 1707/2/6 1708/2/6 1726/2/6
f 1726/2/6 1708/2/6 1727/2/6
f 1708/4/6 1709/4/6 1728/4/6
f 1727/2/6 1708/2/6 1728/2/6
f 1709/2/6 1710/2/6 1729/2/6
f 1728/4/6 1709/4/6 1729/4/6
f 1729/2/6 1710/2/6 1730/2/6
f 1713/4/6 1714/4/6 1731/4/6
f 1711/2/6 1712/2/6 1731/2/6
f 1712/4/6 1713/4/6 1731/4/6
f 1731/4/6 1714/4/6 1732/4/6
f 1714/2/6 1692/2/6 1733/2/6
f 1732/4/6 1714/4/6 1733/4/6
f 1716/4/6 1717/4/6 1734/4/6
f 1733/2/6 1692/2/6 1734/2/6
f 1692/4/6 1715/4/6 1734/4/6
f 1715/4/6 1716/4/6 1734/4/6
f 1734/4/6 1717/4/6 1735/4/6
f 1718/2/6 1719/2/6 1736/2/6
f 1735/4/6 1717/4/6 1736/4/6
f 1717/2/6 1718/2/6 1736/2/6
f 1736/2/6 1719/2/6 1737/2/6
f 1720/4/6 1721/4/6 1738/4/6
f 1737/2/6 1719/2/6 1738/2/6
f 1724/4/6 1725/4/6 1738/4/6
f 1721/4/6 1722/4/6 1738/4/6
f 1719/4/6 1720/4/6 1738/4/6
f 1722/4/6 1723/4/6 1738/4/6
f 1723/4/6 1724/4/6 1738/4/6
f 1738/4/6 1725/4/6 1739/4/6
f 1739/4/6 1725/4/6 1740/4/6
f 1740/4/6 1725/4/6 1741/4/6
f 1725/2/6 1726/2/6 1742/2/6
f 1741/4/6 1725/4/6 1742/4/6
f 1726/2/6 1727/2/6 1742/2/6
f 1742/2/6 1727/2/6 1743/2/6
f 1727/4/6 1728/4/6 1744/4/6
f 1743/2/6 1727/2/6 1744/2/6
f 1728/4/6 1729/4/6 1744/4/6
f 1729/4/6 1730/4/6 1744/4/6
f 1730/2/6 1710/2/6 1745/2/6
f 1744/4/6 1730/4/6 1745/4/6
f 1710/2/6 1686/2/6 1746/2/6
f 1745/2/6 1710/2/6 1746/2/6
f 1746/2/6 1686/2/6 1747/2/6
f 1686/4/6 1687/4/6 1748/4/6
f 1747/2/6 1686/2/6 1748/2/6
f 1731/2/6 1732/2/6 1749/2/6
f 1711/2/6 1731/2/6 1749/2/6
f 1688/2/6 1711/2/6 1749/2/6
f 1749/2/6 1732/2/6 1750/2/6
f 1734/4/6 1735/4/6 1751/4/6
f 1750/2/6 1732/2/6 1751/2/6
f 1732/4/6 1733/4/6 1751/4/6
f 1733/4/6 1734/4/6 1751/4/6
f 1751/4/6 1735/4/6 1752/4/6
f 1752/4/6 1735/4/6 1753/4/6
f 1736/2/6 1737/2/6 1754/2/6
f 1753/4/6 1735/4/6 1754/4/6
f 1735/2/6 1736/2/6 1754/2/6
f 1754/2/6 1737/2/6 1755/2/6
f 1737/4/6 1738/4/6 1756/4/6
f 1755/2/6 1737/2/6 1756/2/6
f 1738/4/6 1739/4/6 1756/4/6
f 1756/4/6 1739/4/6 1757/4/6
f 1739/2/6 1740/2/6 1758/2/6
f 1757/4/6 1739/4/6 1758/4/6
f 1740/4/6 1741/4/6 1759/4/6
f 1758/2/6 1740/2/6 1759/2/6
f 1742/2/6 1743/2/6 1760/2/6
f 1759/4/6 1741/4/6 1760/4/6
f 1741/2/6 1742/2/6 1760/2/6
f 1760/2/6 1743/2/6 1761/2/6
f 1744/4/6 1745/4/6 1762/4/6
f 1761/2/6 1743/2/6 1762/2/6
f 1743/4/6 1744/4/6 1762/4/6
f 1745/4/6 1746/4/6 1762/4/6
f 1762/4/6 1746/4/6 1763/4/6
f 1763/4/6 1746/4/6 1764/4/6
f 1746/2/6 1747/2/6 1765/2/6
f 1764/4/6 1746/4/6 1765/4/6
f 1747/4/6 1748/4/6 1766/4/6
f 1765/2/6 1747/2/6 1766/2/6
f 1749/4/6 1750/4/6 1767/4/6
f 1767/4/6 1750/4/6 1768/4/6
f 1751/2/6 1752/2/6 1769/2/6
f 1768/4/6 1750/4/6 1769/4/6
f 1750/2/6 1751/2/6 1769/2/6
f 1769/2/6 1752/2/6 1770/2/6
f 1752/4/6 1753/4/6 1771/4/6
f 1770/2/6 1752/2/6 1771/2/6
f 1771/4/6 1753/4/6 1772/4/6
f 1772/4/6 1753/4/6 1773/4/6
f 1754/2/6 1755/2/6 1774/2/6
f 1773/4/6 1753/4/6 1774/4/6
f 1753/2/6 1754/2/6 1774/2/6
f 1774/2/6 1755/2/6 1775/2/6
f 1755/4/6 1756/4/6 1776/4/6
f 1775/2/6 1755/2/6 1776/2/6
f 1756/4/6 1757/4/6 1776/4/6
f 1776/4/6 1757/4/6 1777/4/6
f 1777/4/6 1757/4/6 1778/4/6
f 1778/4/6 1757/4/6 1779/4/6
f 1760/2/6 1761/2/6 1780/2/6
f 1779/4/6 1757/4/6 1780/4/6
f 1758/2/6 1759/2/6 1780/2/6
f 1759/2/6 1760/2/6 1780/2/6
f 1757/2/6 1758/2/6 1780/2/6
f 1780/2/6 1761/2/6 1781/2/6
f 1761/4/6 1762/4/6 1782/4/6
f 1781/2/6 1761/2/6 1782/2/6
f 1762/4/6 1763/4/6 1782/4/6
f 1782/4/6 1763/4/6 1783/4/6
f 1763/2/6 1764/2/6 1784/2/6
f 1783/4/6 1763/4/6 1784/4/6
f 1764/4/6 1765/4/6 1785/4/6
f 1784/2/6 1764/2/6 1785/2/6
f 1765/4/6 1766/4/6 1785/4/6
f 1785/4/6 1766/4/6 1786/4/6
f 1766/4/6 1748/4/6 1787/4/6
f 1786/4/6 1766/4/6 1787/4/6
f 1748/4/6 1687/4/6 1788/4/6
f 1787/4/6 1748/4/6 1788/4/6
f 1767/2/6 1768/2/6 1789/2/6
f 1769/4/6 1770/4/6 1790/4/6
f 1789/2/6 1768/2/6 1790/2/6
f 1768/4/6 1769/4/6 1790/4/6
f 1790/4/6 1770/4/6 1791/4/6
f 1791/4/6 1770/4/6 1792/4/6
f 1772/4/6 1773/4/6 1793/4/6
f 1771/2/6 1772/2/6 1793/2/6
f 1770/2/6 1771/2/6 1793/2/6
f 1774/2/6 1775/2/6 1794/2/6
f 1793/4/6 1773/4/6 1794/4/6
f 1773/2/6 1774/2/6 1794/2/6
f 1794/2/6 1775/2/6 1795/2/6
f 1776/4/6 1777/4/6 1796/4/6
f 1795/2/6 1775/2/6 1796/2/6
f 1775/4/6 1776/4/6 1796/4/6
f 1796/4/6 1777/4/6 1797/4/6
f 1777/2/6 1778/2/6 1798/2/6
f 1797/4/6 1777/4/6 1798/4/6
f 1798/2/6 1778/2/6 1799/2/6
f 1778/4/6 1779/4/6 1800/4/6
f 1799/2/6 1778/2/6 1800/2/6
f 1800/4/6 1779/4/6 1801/4/6
f 1780/2/6 1781/2/6 1802/2/6
f 1801/4/6 1779/4/6 1802/4/6
f 1779/2/6 1780/2/6 1802/2/6
f 1802/2/6 1781/2/6 1803/2/6
f 1782/4/6 1783/4/6 1804/4/6
f 1803/2/6 1781/2/6 1804/2/6
f 1781/4/6 1782/4/6 1804/4/6
f 1804/4/6 1783/4/6 1805/4/6
f 1785/2/6 1786/2/6 1806/2/6
f 1805/4/6 1783/4/6 1806/4/6
f 1783/2/6 1784/2/6 1806/2/6
f 1784/2/6 1785/2/6 1806/2/6
f 1786/4/6 1787/4/6 1807/4/6
f 1806/2/6 1786/2/6 1807/2/6
f 1807/4/6 1787/4/6 1808/4/6
f 1808/4/6 1787/4/6 1809/4/6
f 1787/2/6 1788/2/6 1810/2/6
f 1809/4/6 1787/4/6 1810/4/6
f 1788/4/6 1687/4/6 1811/4/6
f 1810/2/6 1788/2/6 1811/2/6
f 1811/4/6 1687/4/6 1812/4/6
f 1789/4/6 1790/4/6 1813/4/6
f 1791/2/6 1792/2/6 1813/2/6
f 1790/4/6 1791/4/6 1813/4/6
f 1792/4/6 1770/4/6 1814/4/6
f 1813/2/6 1792/2/6 1814/2/6
f 1814/4/6 1770/4/6 1815/4/6
f 1794/2/6 1795/2/6 1816/2/6
f 1815/4/6 1770/4/6 1816/4/6
f 1793/2/6 1794/2/6 1816/2/6
f 1770/2/6 1793/2/6 1816/2/6
f 1816/2/6 1795/2/6 1817/2/6
f 1796/4/6 1797/4/6 1818/4/6
f 1817/2/6 1795/2/6 1818/2/6
f 1795/4/6 1796/4/6 1818/4/6
f 1818/4/6 1797/4/6 1819/4/6
f 1798/2/6 1799/2/6 1820/2/6
f 1819/4/6 1797/4/6 1820/4/6
f 1797/2/6 1798/2/6 1820/2/6
f 1820/2/6 1799/2/6 1821/2/6
f 1800/4/6 1801/4/6 1822/4/6
f 1821/2/6 1799/2/6 1822/2/6
f 1799/4/6 1800/4/6 1822/4/6
f 1822/4/6 1801/4/6 1823/4/6
f 1802/2/6 1803/2/6 1824/2/6
f 1823/4/6 1801/4/6 1824/4/6
f 1801/2/6 1802/2/6 1824/2/6
f 1824/2/6 1803/2/6 1825/2/6
f 1804/4/6 1805/4/6 1826/4/6
f 1825/2/6 1803/2/6 1826/2/6
f 1803/4/6 1804/4/6 1826/4/6
f 1826/4/6 1805/4/6 1827/4/6
f 1827/4/6 1805/4/6 1828/4/6
f 1828/4/6 1805/4/6 1829/4/6
f 1805/2/6 1806/2/6 1830/2/6
f 1829/4/6 1805/4/6 1830/4/6
f 1807/2/6 1808/2/6 1830/2/6
f 1806/2/6 1807/2/6 1830/2/6
f 1830/2/6 1808/2/6 1831/2/6
f 1831/2/6 1808/2/6 1832/2/6
f 1808/4/6 1809/4/6 1833/4/6
f 1832/2/6 1808/2/6 1833/2/6
f 1833/4/6 1809/4/6 1834/4/6
f 1809/2/6 1810/2/6 1835/2/6
f 1834/4/6 1809/4/6 1835/4/6
f 1811/2/6 1812/2/6 1835/2/6
f 1810/2/6 1811/2/6 1835/2/6
f 1835/2/6 1812/2/6 1836/2/6
f 1814/4/6 1815/4/6 1837/4/6
f 1813/4/6 1814/4/6 1837/4/6
f 1816/2/6 1817/2/6 1838/2/6
f 1837/4/6 1815/4/6 1838/4/6
f 1815/2/6 1816/2/6 1838/2/6
f 1838/2/6 1817/2/6 1839/2/6
f 1818/4/6 1819/4/6 1840/4/6
f 1839/2/6 1817/2/6 1840/2/6
f 1817/4/6 1818/4/6 1840/4/6
f 1840/4/6 1819/4/6 1841/4/6
f 1820/2/6 1821/2/6 1842/2/6
f 1841/4/6 1819/4/6 1842/4/6
f 1819/2/6 1820/2/6 1842/2/6
f 1842/2/6 1821/2/6 1843/2/6
f 1822/4/6 1823/4/6 1844/4/6
f 1843/2/6 1821/2/6 1844/2/6
f 1821/4/6 1822/4/6 1844/4/6
f 1844/4/6 1823/4/6 1845/4/6
f 1824/2/6 1825/2/6 1846/2/6
f 1845/4/6 1823/4/6 1846/4/6
f 1823/2/6 1824/2/6 1846/2/6
f 1846/2/6 1825/2/6 1847/2/6
f 1826/4/6 1827/4/6 1848/4/6
f 1847/2/6 1825/2/6 1848/2/6
f 1825/4/6 1826/4/6 1848/4/6
f 1827/2/6 1828/2/6 1849/2/6
f 1848/4/6 1827/4/6 1849/4/6
f 1828/4/6 1829/4/6 1850/4/6
f 1849/2/6 1828/2/6 1850/2/6
f 1850/4/6 1829/4/6 1851/4/6
f 1830/2/6 1831/2/6 1852/2/6
f 1851/4/6 1829/4/6 1852/4/6
f 1829/2/6 1830/2/6 1852/2/6
f 1852/2/6 1831/2/6 1853/2/6
f 1831/4/6 1832/4/6 1854/4/6
f 1853/2/6 1831/2/6 1854/2/6
f 1833/2/6 1834/2/6 1855/2/6
f 1854/4/6 1832/4/6 1855/4/6
f 1832/2/6 1833/2/6 1855/2/6
f 1855/2/6 1834/2/6 1856/2/6
f 1856/2/6 1834/2/6 1857/2/6
f 1835/4/6 1836/4/6 1858/4/6
f 1857/2/6 1834/2/6 1858/2/6
f 1834/4/6 1835/4/6 1858/4/6
f 1836/2/6 1812/2/6 1859/2/6
f 1858/4/6 1836/4/6 1859/4/6
f 1859/2/6 1812/2/6 1860/2/6
f 1813/4/6 1837/4/6 1861/4/6
f 1838/2/6 1839/2/6 1862/2/6
f 1861/4/6 1837/4/6 1862/4/6
f 1837/2/6 1838/2/6 1862/2/6
f 1862/2/6 1839/2/6 1863/2/6
f 1840/4/6 1841/4/6 1864/4/6
f 1863/2/6 1839/2/6 1864/2/6
f 1839/4/6 1840/4/6 1864/4/6
f 1842/2/6 1843/2/6 1865/2/6
f 1864/4/6 1841/4/6 1865/4/6
f 1841/2/6 1842/2/6 1865/2/6
f 1844/4/6 1845/4/6 1866/4/6
f 1865/2/6 1843/2/6 1866/2/6
f 1843/4/6 1844/4/6 1866/4/6
f 1866/4/6 1845/4/6 1867/4/6
f 1846/2/6 1847/2/6 1868/2/6
f 1867/4/6 1845/4/6 1868/4/6
f 1845/2/6 1846/2/6 1868/2/6
f 1868/2/6 1847/2/6 1869/2/6
f 1848/4/6 1849/4/6 1870/4/6
f 1869/2/6 1847/2/6 1870/2/6
f 1847/4/6 1848/4/6 1870/4/6
f 1850/4/6 1851/4/6 1870/4/6
f 1849/4/6 1850/4/6 1870/4/6
f 1870/4/6 1851/4/6 1871/4/6
f 1851/2/6 1852/2/6 1872/2/6
f 1871/4/6 1851/4/6 1872/4/6
f 1852/2/6 1853/2/6 1872/2/6
f 1872/2/6 1853/2/6 1873/2/6
f 1853/4/6 1854/4/6 1874/4/6
f 1873/2/6 1853/2/6 1874/2/6
f 1854/4/6 1855/4/6 1874/4/6
f 1855/4/6 1856/4/6 1874/4/6
f 1856/2/6 1857/2/6 1875/2/6
f 1874/4/6 1856/4/6 1875/4/6
f 1857/4/6 1858/4/6 1876/4/6
f 1875/2/6 1857/2/6 1876/2/6
f 1858/4/6 1859/4/6 1876/4/6
f 1859/4/6 1860/4/6 1876/4/6
f 1860/2/6 1812/2/6 1877/2/6
f 1876/4/6 1860/4/6 1877/4/6
f 1877/2/6 1812/2/6 1878/2/6
f 1813/4/6 1861/4/6 1879/4/6
f 1789/4/6 1813/4/6 1879/4/6
f 1879/4/6 1861/4/6 1880/4/6
f 1880/4/6 1861/4/6 1881/4/6
f 1862/2/6 1863/2/6 1882/2/6
f 1881/4/6 1861/4/6 1882/4/6
f 1861/2/6 1862/2/6 1882/2/6
f 1882/2/6 1863/2/6 1883/2/6
f 1864/4/6 1865/4/6 1884/4/6
f 1883/2/6 1863/2/6 1884/2/6
f 1863/4/6 1864/4/6 1884/4/6
f 1866/4/6 1867/4/6 1884/4/6
f 1865/4/6 1866/4/6 1884/4/6
f 1884/4/6 1867/4/6 1885/4/6
f 1868/2/6 1869/2/6 1886/2/6
f 1885/4/6 1867/4/6 1886/4/6
f 1867/2/6 1868/2/6 1886/2/6
f 1886/2/6 1869/2/6 1887/2/6
f 1870/4/6 1871/4/6 1888/4/6
f 1887/2/6 1869/2/6 1888/2/6
f 1869/4/6 1870/4/6 1888/4/6
f 1872/2/6 1873/2/6 1889/2/6
f 1888/4/6 1871/4/6 1889/4/6
f 1871/2/6 1872/2/6 1889/2/6
f 1889/2/6 1873/2/6 1890/2/6
f 1890/2/6 1873/2/6 1891/2/6
f 1875/4/6 1876/4/6 1892/4/6
f 1891/2/6 1873/2/6 1892/2/6
f 1874/4/6 1875/4/6 1892/4/6
f 1877/4/6 1878/4/6 1892/4/6
f 1873/4/6 1874/4/6 1892/4/6
f 1876/4/6 1877/4/6 1892/4/6
f 1892/4/6 1878/4/6 1893/4/6
f 1893/4/6 1878/4/6 1894/4/6
f 1894/4/6 1878/4/6 1895/4/6
f 1895/4/6 1878/4/6 1896/4/6
f 1879/2/6 1880/2/6 1897/2/6
f 1880/4/6 1881/4/6 1898/4/6
f 1897/2/6 1880/2/6 1898/2/6
f 1882/2/6 1883/2/6 1899/2/6
f 1898/4/6 1881/4/6 1899/4/6
f 1881/2/6 1882/2/6 1899/2/6
f 1899/2/6 1883/2/6 1900/2/6
f 1884/4/6 1885/4/6 1901/4/6
f 1900/2/6 1883/2/6 1901/2/6
f 1883/4/6 1884/4/6 1901/4/6
f 1901/4/6 1885/4/6 1902/4/6
f 1885/2/6 1886/2/6 1903/2/6
f 1902/4/6 1885/4/6 1903/4/6
f 1886/2/6 1887/2/6 1903/2/6
f 1903/2/6 1887/2/6 1904/2/6
f 1889/4/6 1890/4/6 1905/4/6
f 1904/2/6 1887/2/6 1905/2/6
f 1887/4/6 1888/4/6 1905/4/6
f 1888/4/6 1889/4/6 1905/4/6
f 1890/2/6 1891/2/6 1906/2/6
f 1905/4/6 1890/4/6 1906/4/6
f 1906/2/6 1891/2/6 1907/2/6
f 1891/4/6 1892/4/6 1908/4/6
f 1907/2/6 1891/2/6 1908/2/6
f 1892/4/6 1893/4/6 1908/4/6
f 1908/4/6 1893/4/6 1909/4/6
f 1909/4/6 1893/4/6 1910/4/6
f 1893/2/6 1894/2/6 1911/2/6
f 1910/4/6 1893/4/6 1911/4/6
f 1894/4/6 1895/4/6 1912/4/6
f 1911/2/6 1894/2/6 1912/2/6
f 1895/2/6 1896/2/6 1913/2/6
f 1912/4/6 1895/4/6 1913/4/6
f 1896/4/6 1878/4/6 1914/4/6
f 1913/2/6 1896/2/6 1914/2/6
f 1914/4/6 1878/4/6 1915/4/6
f 1899/2/6 1900/2/6 1916/2/6
f 1898/2/6 1899/2/6 1916/2/6
f 1901/4/6 1902/4/6 1917/4/6
f 1916/2/6 1900/2/6 1917/2/6
f 1900/4/6 1901/4/6 1917/4/6
f 1917/4/6 1902/4/6 1918/4/6
f 1903/2/6 1904/2/6 1919/2/6
f 1918/4/6 1902/4/6 1919/4/6
f 1902/2/6 1903/2/6 1919/2/6
f 1904/4/6 1905/4/6 1920/4/6
f 1919/2/6 1904/2/6 1920/2/6
f 1906/4/6 1907/4/6 1920/4/6
f 1905/4/6 1906/4/6 1920/4/6
f 1920/4/6 1907/4/6 1921/4/6
f 1908/2/6 1909/2/6 1922/2/6
f 1907/2/6 1908/2/6 1922/2/6
f 1909/4/6 1910/4/6 1922/4/6
f 1922/4/6 1910/4/6 1923/4/6
f 1910/2/6 1911/2/6 1924/2/6
f 1923/4/6 1910/4/6 1924/4/6
f 1914/2/6 1915/2/6 1924/2/6
f 1911/2/6 1912/2/6 1924/2/6
f 1913/2/6 1914/2/6 1924/2/6
f 1912/2/6 1913/2/6 1924/2/6
f 1924/2/6 1915/2/6 1925/2/6
f 1915/4/6 1878/4/6 1926/4/6
f 1926/4/6 1878/4/6 1927/4/6
f 1897/4/6 1898/4/6 1928/4/6
f 1898/2/6 1916/2/6 1928/2/6
f 1917/4/6 1918/4/6 1929/4/6
f 1928/2/6 1916/2/6 1929/2/6
f 1916/4/6 1917/4/6 1929/4/6
f 1929/4/6 1918/4/6 1930/4/6
f 1918/2/6 1919/2/6 1931/2/6
f 1930/4/6 1918/4/6 1931/4/6
f 1919/2/6 1920/2/6 1931/2/6
f 1920/2/6 1921/2/6 1931/2/6
f 1931/2/6 1921/2/6 1932/2/6
f 1932/2/6 1921/2/6 1933/2/6
f 1921/4/6 1907/4/6 1934/4/6
f 1933/2/6 1921/2/6 1934/2/6
f 1934/4/6 1907/4/6 1935/4/6
f 1922/2/6 1923/2/6 1936/2/6
f 1935/4/6 1907/4/6 1936/4/6
f 1907/2/6 1922/2/6 1936/2/6
f 1936/2/6 1923/2/6 1937/2/6
f 1924/4/6 1925/4/6 1938/4/6
f 1937/2/6 1923/2/6 1938/2/6
f 1923/4/6 1924/4/6 1938/4/6
f 1938/4/6 1925/4/6 1939/4/6
f 1939/4/6 1925/4/6 1940/4/6
f 1940/4/6 1925/4/6 1941/4/6
f 1925/2/6 1915/2/6 1942/2/6
f 1941/4/6 1925/4/6 1942/4/6
f 1942/2/6 1915/2/6 1943/2/6
f 1943/2/6 1915/2/6 1944/2/6
f 1944/2/6 1915/2/6 1945/2/6
f 1915/4/6 1926/4/6 1946/4/6
f 1945/2/6 1915/2/6 1946/2/6
f 1946/4/6 1926/4/6 1947/4/6
f 1926/2/6 1927/2/6 1948/2/6
f 1947/4/6 1926/4/6 1948/4/6
f 1927/4/6 1878/4/6 1949/4/6
f 1948/2/6 1927/2/6 1949/2/6
f 1929/4/6 1930/4/6 1950/4/6
f 1928/4/6 1929/4/6 1950/4/6
f 1930/2/6 1931/2/6 1951/2/6
f 1950/4/6 1930/4/6 1951/4/6
f 1931/2/6 1932/2/6 1951/2/6
f 1951/2/6 1932/2/6 1952/2/6
f 1932/4/6 1933/4/6 1953/4/6
f 1952/2/6 1932/2/6 1953/2/6
f 1953/4/6 1933/4/6 1954/4/6
f 1954/4/6 1933/4/6 1955/4/6
f 1934/2/6 1935/2/6 1956/2/6
f 1955/4/6 1933/4/6 1956/4/6
f 1933/2/6 1934/2/6 1956/2/6
f 1956/2/6 1935/2/6 1957/2/6
f 1936/4/6 1937/4/6 1958/4/6
f 1935/4/6 1936/4/6 1958/4/6
f 1937/2/6 1938/2/6 1959/2/6
f 1958/4/6 1937/4/6 1959/4/6
f 1938/2/6 1939/2/6 1959/2/6
f 1939/4/6 1940/4/6 1960/4/6
f 1959/2/6 1939/2/6 1960/2/6
f 1940/2/6 1941/2/6 1961/2/6
f 1960/4/6 1940/4/6 1961/4/6
f 1941/4/6 1942/4/6 1962/4/6
f 1961/2/6 1941/2/6 1962/2/6
f 1942/4/6 1943/4/6 1962/4/6
f 1943/2/6 1944/2/6 1963/2/6
f 1962/4/6 1943/4/6 1963/4/6
f 1944/4/6 1945/4/6 1964/4/6
f 1963/2/6 1944/2/6 1964/2/6
f 1964/4/6 1945/4/6 1965/4/6
f 1946/2/6 1947/2/6 1966/2/6
f 1965/4/6 1945/4/6 1966/4/6
f 1945/2/6 1946/2/6 1966/2/6
f 1966/2/6 1947/2/6 1967/2/6
f 1947/4/6 1948/4/6 1968/4/6
f 1967/2/6 1947/2/6 1968/2/6
f 1948/4/6 1949/4/6 1968/4/6
f 1949/4/6 1878/4/6 1969/4/6
f 1968/4/6 1949/4/6 1969/4/6
f 1951/2/6 1952/2/6 1970/2/6
f 1950/2/6 1951/2/6 1970/2/6
f 1953/4/6 1954/4/6 1971/4/6
f 1970/2/6 1952/2/6 1971/2/6
f 1952/4/6 1953/4/6 1971/4/6
f 1971/4/6 1954/4/6 1972/4/6
f 1972/4/6 1954/4/6 1973/4/6
f 1954/2/6 1955/2/6 1974/2/6
f 1973/4/6 1954/4/6 1974/4/6
f 1974/2/6 1955/2/6 1975/2/6
f 1956/4/6 1957/4/6 1976/4/6
f 1975/2/6 1955/2/6 1976/2/6
f 1955/4/6 1956/4/6 1976/4/6
f 1976/4/6 1957/4/6 1977/4/6
f 1957/2/6 1935/2/6 1978/2/6
f 1977/4/6 1957/4/6 1978/4/6
f 1935/4/6 1958/4/6 1979/4/6
f 1978/2/6 1935/2/6 1979/2/6
f 1959/2/6 1960/2/6 1980/2/6
f 1979/4/6 1958/4/6 1980/4/6
f 1962/2/6 1963/2/6 1980/2/6
f 1964/2/6 1965/2/6 1980/2/6
f 1963/2/6 1964/2/6 1980/2/6
f 1958/2/6 1959/2/6 1980/2/6
f 1961/2/6 1962/2/6 1980/2/6
f 1960/2/6 1961/2/6 1980/2/6
f 1980/2/6 1965/2/6 1981/2/6
f 1981/2/6 1965/2/6 1982/2/6
f 1982/2/6 1965/2/6 1983/2/6
f 1983/2/6 1965/2/6 1984/2/6
f 1966/4/6 1967/4/6 1985/4/6
f 1984/2/6 1965/2/6 1985/2/6
f 1965/4/6 1966/4/6 1985/4/6
f 1985/4/6 1967/4/6 1986/4/6
f 1967/2/6 1968/2/6 1987/2/6
f 1986/4/6 1967/4/6 1987/4/6
f 1968/2/6 1969/2/6 1987/2/6
f 1987/2/6 1969/2/6 1988/2/6
f 1897/4/6 1928/4/6 1989/4/6
f 1928/4/6 1950/4/6 1989/4/6
f 1950/2/6 1970/2/6 1990/2/6
f 1989/4/6 1950/4/6 1990/4/6
f 1990/2/6 1970/2/6 1991/2/6
f 1971/4/6 1972/4/6 1992/4/6
f 1991/2/6 1970/2/6 1992/2/6
f 1970/4/6 1971/4/6 1992/4/6
f 1972/2/6 1973/2/6 1993/2/6
f 1992/4/6 1972/4/6 1993/4/6
f 1974/4/6 1975/4/6 1994/4/6
f 1993/2/6 1973/2/6 1994/2/6
f 1973/4/6 1974/4/6 1994/4/6
f 1975/2/6 1976/2/6 1995/2/6
f 1994/4/6 1975/4/6 1995/4/6
f 1976/2/6 1977/2/6 1995/2/6
f 1995/2/6 1977/2/6 1996/2/6
f 1978/4/6 1979/4/6 1997/4/6
f 1996/2/6 1977/2/6 1997/2/6
f 1977/4/6 1978/4/6 1997/4/6
f 1997/4/6 1979/4/6 1998/4/6
f 1979/2/6 1980/2/6 1999/2/6
f 1998/4/6 1979/4/6 1999/4/6
f 1980/2/6 1981/2/6 1999/2/6
f 1981/4/6 1982/4/6 2000/4/6
f 1999/2/6 1981/2/6 2000/2/6
f 2000/4/6 1982/4/6 2001/4/6
f 2001/4/6 1982/4/6 2002/4/6
f 1982/2/6 1983/2/6 2003/2/6
f 2002/4/6 1982/4/6 2003/4/6
f 1983/4/6 1984/4/6 2004/4/6
f 2003/2/6 1983/2/6 2004/2/6
f 1985/2/6 1986/2/6 2005/2/6
f 2004/4/6 1984/4/6 2005/4/6
f 1984/2/6 1985/2/6 2005/2/6
f 2005/2/6 1986/2/6 2006/2/6
f 1987/4/6 1988/4/6 2007/4/6
f 2006/2/6 1986/2/6 2007/2/6
f 1986/4/6 1987/4/6 2007/4/6
f 2007/4/6 1988/4/6 2008/4/6
f 1988/2/6 1969/2/6 2009/2/6
f 2008/4/6 1988/4/6 2009/4/6
f 2009/2/6 1969/2/6 2010/2/6
f 1969/4/6 1878/4/6 2011/4/6
f 2010/2/6 1969/2/6 2011/2/6
f 2011/4/6 1878/4/6 2012/4/6
f 1990/2/6 1991/2/6 2013/2/6
f 1989/2/6 1990/2/6 2013/2/6
f 1995/4/6 1996/4/6 2014/4/6
f 2013/2/6 1991/2/6 2014/2/6
f 1993/4/6 1994/4/6 2014/4/6
f 1991/4/6 1992/4/6 2014/4/6
f 1992/4/6 1993/4/6 2014/4/6
f 1994/4/6 1995/4/6 2014/4/6
f 2014/4/6 1996/4/6 2015/4/6
f 2015/4/6 1996/4/6 2016/4/6
f 1997/2/6 1998/2/6 2017/2/6
f 2016/4/6 1996/4/6 2017/4/6
f 1996/2/6 1997/2/6 2017/2/6
f 2017/2/6 1998/2/6 2018/2/6
f 1998/4/6 1999/4/6 2019/4/6
f 2018/2/6 1998/2/6 2019/2/6
f 1999/4/6 2000/4/6 2019/4/6
f 2000/4/6 2001/4/6 2019/4/6
f 2019/4/6 2001/4/6 2020/4/6
f 2020/4/6 2001/4/6 2021/4/6
f 2001/2/6 2002/2/6 2022/2/6
f 2021/4/6 2001/4/6 2022/4/6
f 2002/4/6 2003/4/6 2023/4/6
f 2022/2/6 2002/2/6 2023/2/6
f 2003/4/6 2004/4/6 2023/4/6
f 2005/4/6 2006/4/6 2023/4/6
f 2004/4/6 2005/4/6 2023/4/6
f 2023/4/6 2006/4/6 2024/4/6
f 2024/4/6 2006/4/6 2025/4/6
f 2007/2/6 2008/2/6 2026/2/6
f 2025/4/6 2006/4/6 2026/4/6
f 2006/2/6 2007/2/6 2026/2/6
f 2026/2/6 2008/2/6 2027/2/6
f 2008/4/6 2009/4/6 2028/4/6
f 2027/2/6 2008/2/6 2028/2/6
f 2009/4/6 2010/4/6 2028/4/6
f 2010/2/6 2011/2/6 2029/2/6
f 2028/4/6 2010/4/6 2029/4/6
f 2011/2/6 2012/2/6 2029/2/6
f 2029/2/6 2012/2/6 2030/2/6
f 2030/2/6 2012/2/6 2031/2/6
f 1989/2/6 2013/2/6 2032/2/6
f 2032/2/6 2013/2/6 2033/2/6
f 2014/4/6 2015/4/6 2034/4/6
f 2013/4/6 2014/4/6 2034/4/6
f 2015/2/6 2016/2/6 2035/2/6
f 2034/4/6 2015/4/6 2035/4/6
f 2017/4/6 2018/4/6 2036/4/6
f 2035/2/6 2016/2/6 2036/2/6
f 2016/4/6 2017/4/6 2036/4/6
f 2036/4/6 2018/4/6 2037/4/6
f 2019/2/6 2020/2/6 2038/2/6
f 2037/4/6 2018/4/6 2038/4/6
f 2018/2/6 2019/2/6 2038/2/6
f 2038/2/6 2020/2/6 2039/2/6
f 2020/4/6 2021/4/6 2040/4/6
f 2039/2/6 2020/2/6 2040/2/6
f 2040/4/6 2021/4/6 2041/4/6
f 2021/2/6 2022/2/6 2042/2/6
f 2041/4/6 2021/4/6 2042/4/6
f 2023/4/6 2024/4/6 2043/4/6
f 2042/2/6 2022/2/6 2043/2/6
f 2022/4/6 2023/4/6 2043/4/6
f 2043/4/6 2024/4/6 2044/4/6
f 2024/2/6 2025/2/6 2045/2/6
f 2044/4/6 2024/4/6 2045/4/6
f 2026/4/6 2027/4/6 2046/4/6
f 2045/2/6 2025/2/6 2046/2/6
f 2025/4/6 2026/4/6 2046/4/6
f 2046/4/6 2027/4/6 2047/4/6
f 2047/4/6 2027/4/6 2048/4/6
f 2027/2/6 2028/2/6 2049/2/6
f 2048/4/6 2027/4/6 2049/4/6
f 2028/2/6 2029/2/6 2049/2/6
f 2029/2/6 2030/2/6 2049/2/6
f 2030/4/6 2031/4/6 2050/4/6
f 2049/2/6 2030/2/6 2050/2/6
f 2033/2/6 2013/2/6 2051/2/6
f 2032/4/6 2033/4/6 2051/4/6
f 2013/4/6 2034/4/6 2052/4/6
f 2051/2/6 2013/2/6 2052/2/6
f 2052/4/6 2034/4/6 2053/4/6
f 2053/4/6 2034/4/6 2054/4/6
f 2036/2/6 2037/2/6 2055/2/6
f 2054/4/6 2034/4/6 2055/4/6
f 2034/2/6 2035/2/6 2055/2/6
f 2035/2/6 2036/2/6 2055/2/6
f 2038/4/6 2039/4/6 2056/4/6
f 2055/2/6 2037/2/6 2056/2/6
f 2037/4/6 2038/4/6 2056/4/6
f 2040/2/6 2041/2/6 2057/2/6
f 2056/4/6 2039/4/6 2057/4/6
f 2039/2/6 2040/2/6 2057/2/6
f 2057/2/6 2041/2/6 2058/2/6
f 2043/4/6 2044/4/6 2059/4/6
f 2058/2/6 2041/2/6 2059/2/6
f 2042/4/6 2043/4/6 2059/4/6
f 2041/4/6 2042/4/6 2059/4/6
f 2059/4/6 2044/4/6 2060/4/6
f 2044/2/6 2045/2/6 2061/2/6
f 2060/4/6 2044/4/6 2061/4/6
f 2045/4/6 2046/4/6 2062/4/6
f 2061/2/6 2045/2/6 2062/2/6
f 2046/4/6 2047/4/6 2062/4/6
f 2062/4/6 2047/4/6 2063/4/6
f 2047/2/6 2048/2/6 2064/2/6
f 2063/4/6 2047/4/6 2064/4/6
f 2048/4/6 2049/4/6 2065/4/6
f 2064/2/6 2048/2/6 2065/2/6
f 2049/4/6 2050/4/6 2065/4/6
f 2065/4/6 2050/4/6 2066/4/6
f 2055/4/6 2056/4/6 2067/4/6
f 2053/2/6 2054/2/6 2067/2/6
f 2057/4/6 2058/4/6 2067/4/6
f 2054/4/6 2055/4/6 2067/4/6
f 2056/4/6 2057/4/6 2067/4/6
f 2067/4/6 2058/4/6 2068/4/6
f 2068/4/6 2058/4/6 2069/4/6
f 2059/2/6 2060/2/6 2070/2/6
f 2069/4/6 2058/4/6 2070/4/6
f 2058/2/6 2059/2/6 2070/2/6
f 2062/4/6 2063/4/6 2071/4/6
f 2070/2/6 2060/2/6 2071/2/6
f 2060/4/6 2061/4/6 2071/4/6
f 2061/4/6 2062/4/6 2071/4/6
f 2071/4/6 2063/4/6 2072/4/6
f 2065/2/6 2066/2/6 2073/2/6
f 2072/4/6 2063/4/6 2073/4/6
f 2064/2/6 2065/2/6 2073/2/6
f 2063/2/6 2064/2/6 2073/2/6
f 2073/2/6 2066/2/6 2074/2/6
f 2074/2/6 2066/2/6 2075/2/6
f 2075/2/6 2066/2/6 2076/2/6
f 2066/4/6 2050/4/6 2077/4/6
f 2076/2/6 2066/2/6 2077/2/6
f 2077/4/6 2050/4/6 2078/4/6
f 2078/4/6 2050/4/6 2079/4/6
f 2050/4/6 2031/4/6 2080/4/6
f 2079/4/6 2050/4/6 2080/4/6
f 2052/4/6 2053/4/6 2081/4/6
f 2032/4/6 2051/4/6 2081/4/6
f 2051/4/6 2052/4/6 2081/4/6
f 2081/4/6 2053/4/6 2082/4/6
f 2067/2/6 2068/2/6 2083/2/6
f 2082/4/6 2053/4/6 2083/4/6
f 2053/2/6 2067/2/6 2083/2/6
f 2083/2/6 2068/2/6 2084/2/6
f 2068/4/6 2069/4/6 2085/4/6
f 2084/2/6 2068/2/6 2085/2/6
f 2071/2/6 2072/2/6 2086/2/6
f 2085/4/6 2069/4/6 2086/4/6
f 2070/2/6 2071/2/6 2086/2/6
f 2069/2/6 2070/2/6 2086/2/6
f 2086/2/6 2072/2/6 2087/2/6
f 2087/2/6 2072/2/6 2088/2/6
f 2072/4/6 2073/4/6 2089/4/6
f 2088/2/6 2072/2/6 2089/2/6
f 2073/4/6 2074/4/6 2089/4/6
f 2089/4/6 2074/4/6 2090/4/6
f 2074/2/6 2075/2/6 2091/2/6
f 2090/4/6 2074/4/6 2091/4/6
f 2075/4/6 2076/4/6 2092/4/6
f 2091/2/6 2075/2/6 2092/2/6
f 2092/4/6 2076/4/6 2093/4/6
f 2076/2/6 2077/2/6 2094/2/6
f 2093/4/6 2076/4/6 2094/4/6
f 2077/2/6 2078/2/6 2094/2/6
f 2078/4/6 2079/4/6 2095/4/6
f 2094/2/6 2078/2/6 2095/2/6
f 2079/2/6 2080/2/6 2096/2/6
f 2095/4/6 2079/4/6 2096/4/6
f 2082/4/6 2083/4/6 2097/4/6
f 2083/4/6 2084/4/6 2097/4/6
f 2081/2/6 2082/2/6 2097/2/6
f 2097/4/6 2084/4/6 2098/4/6
f 2084/2/6 2085/2/6 2099/2/6
f 2098/4/6 2084/4/6 2099/4/6
f 2086/2/6 2087/2/6 2099/2/6
f 2085/2/6 2086/2/6 2099/2/6
f 2099/2/6 2087/2/6 2100/2/6
f 2100/2/6 2087/2/6 2101/2/6
f 2087/4/6 2088/4/6 2102/4/6
f 2101/2/6 2087/2/6 2102/2/6
f 2088/2/6 2089/2/6 2103/2/6
f 2102/4/6 2088/4/6 2103/4/6
f 2089/2/6 2090/2/6 2103/2/6
f 2090/4/6 2091/4/6 2104/4/6
f 2103/2/6 2090/2/6 2104/2/6
f 2092/4/6 2093/4/6 2104/4/6
f 2091/4/6 2092/4/6 2104/4/6
f 2095/2/6 2096/2/6 2105/2/6
f 2104/4/6 2093/4/6 2105/4/6
f 2094/2/6 2095/2/6 2105/2/6
f 2093/2/6 2094/2/6 2105/2/6
f 2096/2/6 2080/2/6 2106/2/6
f 2105/2/6 2096/2/6 2106/2/6
f 2080/4/6 2031/4/6 2107/4/6
f 2106/2/6 2080/2/6 2107/2/6
f 2032/4/6 2081/4/6 2108/4/6
f 2097/2/6 2098/2/6 2109/2/6
f 2108/4/6 2081/4/6 2109/4/6
f 2081/2/6 2097/2/6 2109/2/6
f 2109/2/6 2098/2/6 2110/2/6
f 2098/4/6 2099/4/6 2111/4/6
f 2110/2/6 2098/2/6 2111/2/6
f 2099/4/6 2100/4/6 2111/4/6
f 2111/4/6 2100/4/6 2112/4/6
f 2100/2/6 2101/2/6 2113/2/6
f 2112/4/6 2100/4/6 2113/4/6
f 2113/2/6 2101/2/6 2114/2/6
f 2114/2/6 2101/2/6 2115/2/6
f 2102/4/6 2103/4/6 2116/4/6
f 2115/2/6 2101/2/6 2116/2/6
f 2103/4/6 2104/4/6 2116/4/6
f 2101/4/6 2102/4/6 2116/4/6
f 2116/4/6 2104/4/6 2117/4/6
f 2117/4/6 2104/4/6 2118/4/6
f 2118/4/6 2104/4/6 2119/4/6
f 2119/4/6 2104/4/6 2120/4/6
f 2104/2/6 2105/2/6 2121/2/6
f 2120/4/6 2104/4/6 2121/4/6
f 2105/2/6 2106/2/6 2121/2/6
f 2121/2/6 2106/2/6 2122/2/6
f 2122/2/6 2106/2/6 2123/2/6
f 2123/2/6 2106/2/6 2124/2/6
f 2124/2/6 2106/2/6 2125/2/6
f 2106/4/6 2107/4/6 2126/4/6
f 2125/2/6 2106/2/6 2126/2/6
f 2108/2/6 2109/2/6 2127/2/6
f 2109/4/6 2110/4/6 2128/4/6
f 2127/2/6 2109/2/6 2128/2/6
f 2111/2/6 2112/2/6 2129/2/6
f 2128/4/6 2110/4/6 2129/4/6
f 2110/2/6 2111/2/6 2129/2/6
f 2129/2/6 2112/2/6 2130/2/6
f 2113/4/6 2114/4/6 2131/4/6
f 2130/2/6 2112/2/6 2131/2/6
f 2112/4/6 2113/4/6 2131/4/6
f 2131/4/6 2114/4/6 2132/4/6
f 2114/2/6 2115/2/6 2133/2/6
f 2132/4/6 2114/4/6 2133/4/6
f 2133/2/6 2115/2/6 2134/2/6
f 2115/4/6 2116/4/6 2135/4/6
f 2116/4/6 2117/4/6 2135/4/6
f 2117/2/6 2118/2/6 2135/2/6
f 2118/4/6 2119/4/6 2136/4/6
f 2135/2/6 2118/2/6 2136/2/6
f 2136/4/6 2119/4/6 2137/4/6
f 2119/2/6 2120/2/6 2138/2/6
f 2137/4/6 2119/4/6 2138/4/6
f 2138/2/6 2120/2/6 2139/2/6
f 2139/2/6 2120/2/6 2140/2/6
f 2120/4/6 2121/4/6 2141/4/6
f 2140/2/6 2120/2/6 2141/2/6
f 2121/4/6 2122/4/6 2141/4/6
f 2141/4/6 2122/4/6 2142/4/6
f 2122/2/6 2123/2/6 2143/2/6
f 2142/4/6 2122/4/6 2143/4/6
f 2123/4/6 2124/4/6 2144/4/6
f 2143/2/6 2123/2/6 2144/2/6
f 2124/2/6 2125/2/6 2145/2/6
f 2144/4/6 2124/4/6 2145/4/6
f 2125/4/6 2126/4/6 2146/4/6
f 2145/2/6 2125/2/6 2146/2/6
f 2131/2/6 2132/2/6 2147/2/6
f 2129/4/6 2130/4/6 2147/4/6
f 2128/4/6 2129/4/6 2147/4/6
f 2127/4/6 2128/4/6 2147/4/6
f 2130/2/6 2131/2/6 2147/2/6
f 2147/2/6 2132/2/6 2148/2/6
f 2133/4/6 2134/4/6 2149/4/6
f 2148/2/6 2132/2/6 2149/2/6
f 2132/4/6 2133/4/6 2149/4/6
f 2149/4/6 2134/4/6 2150/4/6
f 2150/4/6 2134/4/6 2151/4/6
f 2151/4/6 2134/4/6 2152/4/6
f 2134/2/6 2115/2/6 2153/2/6
f 2152/4/6 2134/4/6 2153/4/6
f 2153/2/6 2115/2/6 2154/2/6
f 2136/4/6 2137/4/6 2155/4/6
f 2154/2/6 2115/2/6 2155/2/6
f 2115/4/6 2135/4/6 2155/4/6
f 2135/4/6 2136/4/6 2155/4/6
f 2155/4/6 2137/4/6 2156/4/6
f 2156/4/6 2137/4/6 2157/4/6
f 2137/2/6 2138/2/6 2158/2/6
f 2157/4/6 2137/4/6 2158/4/6
f 2138/2/6 2139/2/6 2158/2/6
f 2140/2/6 2141/2/6 2159/2/6
f 2139/4/6 2140/4/6 2159/4/6
f 2141/2/6 2142/2/6 2159/2/6
f 2159/2/6 2142/2/6 2160/2/6
f 2160/2/6 2142/2/6 2161/2/6
f 2161/2/6 2142/2/6 2162/2/6
f 2162/2/6 2142/2/6 2163/2/6
f 2145/4/6 2146/4/6 2164/4/6
f 2163/2/6 2142/2/6 2164/2/6
f 2143/4/6 2144/4/6 2164/4/6
f 2144/4/6 2145/4/6 2164/4/6
f 2142/4/6 2143/4/6 2164/4/6
f 2164/4/6 2146/4/6 2165/4/6
f 2165/4/6 2146/4/6 2166/4/6
f 2146/4/6 2126/4/6 2167/4/6
f 2166/4/6 2146/4/6 2167/4/6
f 2126/4/6 2107/4/6 2167/4/6
f 2107/4/6 2031/4/6 2168/4/6
f 2167/4/6 2107/4/6 2168/4/6
f 2147/4/6 2148/4/6 2169/4/6
f 2148/2/6 2149/2/6 2169/2/6
f 2149/2/6 2150/2/6 2169/2/6
f 2169/2/6 2150/2/6 2170/2/6
f 2150/4/6 2151/4/6 2171/4/6
f 2170/2/6 2150/2/6 2171/2/6
f 2171/4/6 2151/4/6 2172/4/6
f 2151/2/6 2152/2/6 2173/2/6
f 2172/4/6 2151/4/6 2173/4/6
f 2173/2/6 2152/2/6 2174/2/6
f 2153/4/6 2154/4/6 2175/4/6
f 2174/2/6 2152/2/6 2175/2/6
f 2152/4/6 2153/4/6 2175/4/6
f 2175/4/6 2154/4/6 2176/4/6
f 2155/2/6 2156/2/6 2177/2/6
f 2176/4/6 2154/4/6 2177/4/6
f 2154/2/6 2155/2/6 2177/2/6
f 2177/2/6 2156/2/6 2178/2/6
f 2156/4/6 2157/4/6 2179/4/6
f 2178/2/6 2156/2/6 2179/2/6
f 2179/4/6 2157/4/6 2180/4/6
f 2157/2/6 2158/2/6 2181/2/6
f 2180/4/6 2157/4/6 2181/4/6
f 2158/2/6 2139/2/6 2182/2/6
f 2181/2/6 2158/2/6 2182/2/6
f 2159/4/6 2160/4/6 2183/4/6
f 2182/2/6 2139/2/6 2183/2/6
f 2139/4/6 2159/4/6 2183/4/6
f 2160/2/6 2161/2/6 2184/2/6
f 2183/4/6 2160/4/6 2184/4/6
f 2161/4/6 2162/4/6 2185/4/6
f 2184/2/6 2161/2/6 2185/2/6
f 2162/2/6 2163/2/6 2186/2/6
f 2185/4/6 2162/4/6 2186/4/6
f 2164/4/6 2165/4/6 2187/4/6
f 2186/2/6 2163/2/6 2187/2/6
f 2163/4/6 2164/4/6 2187/4/6
f 2187/4/6 2165/4/6 2188/4/6
f 2165/2/6 2166/2/6 2189/2/6
f 2188/4/6 2165/4/6 2189/4/6
f 2166/4/6 2167/4/6 2190/4/6
f 2189/2/6 2166/2/6 2190/2/6
f 2190/4/6 2167/4/6 2191/4/6
f 2191/4/6 2167/4/6 2192/4/6
f 2167/2/6 2168/2/6 2193/2/6
f 2192/4/6 2167/4/6 2193/4/6
f 2127/4/6 2147/4/6 2194/4/6
f 2169/4/6 2170/4/6 2194/4/6
f 2147/4/6 2169/4/6 2194/4/6
f 2194/4/6 2170/4/6 2195/4/6
f 2171/2/6 2172/2/6 2196/2/6
f 2195/4/6 2170/4/6 2196/4/6
f 2170/2/6 2171/2/6 2196/2/6
f 2196/2/6 2172/2/6 2197/2/6
f 2173/4/6 2174/4/6 2198/4/6
f 2197/2/6 2172/2/6 2198/2/6
f 2172/4/6 2173/4/6 2198/4/6
f 2198/4/6 2174/4/6 2199/4/6
f 2175/2/6 2176/2/6 2200/2/6
f 2199/4/6 2174/4/6 2200/4/6
f 2174/2/6 2175/2/6 2200/2/6
f 2200/2/6 2176/2/6 2201/2/6
f 2177/4/6 2178/4/6 2202/4/6
f 2201/2/6 2176/2/6 2202/2/6
f 2176/4/6 2177/4/6 2202/4/6
f 2202/4/6 2178/4/6 2203/4/6
f 2179/2/6 2180/2/6 2204/2/6
f 2203/4/6 2178/4/6 2204/4/6
f 2178/2/6 2179/2/6 2204/2/6
f 2204/2/6 2180/2/6 2205/2/6
f 2180/4/6 2181/4/6 2206/4/6
f 2205/2/6 2180/2/6 2206/2/6
f 2181/4/6 2182/4/6 2206/4/6
f 2206/4/6 2182/4/6 2207/4/6
f 2183/2/6 2184/2/6 2208/2/6
f 2207/4/6 2182/4/6 2208/4/6
f 2182/2/6 2183/2/6 2208/2/6
f 2187/4/6 2188/4/6 2209/4/6
f 2208/2/6 2184/2/6 2209/2/6
f 2184/4/6 2185/4/6 2209/4/6
f 2185/4/6 2186/4/6 2209/4/6
f 2186/4/6 2187/4/6 2209/4/6
f 2209/4/6 2188/4/6 2210/4/6
f 2189/2/6 2190/2/6 2211/2/6
f 2210/4/6 2188/4/6 2211/4/6
f 2188/2/6 2189/2/6 2211/2/6
f 2190/2/6 2191/2/6 2211/2/6
f 2211/2/6 2191/2/6 2212/2/6
f 2191/4/6 2192/4/6 2213/4/6
f 2212/2/6 2191/2/6 2213/2/6
f 2213/4/6 2192/4/6 2214/4/6
f 2192/2/6 2193/2/6 2215/2/6
f 2214/4/6 2192/4/6 2215/4/6
f 2127/4/6 2194/4/6 2216/4/6
f 2194/2/6 2195/2/6 2216/2/6
f 2196/4/6 2197/4/6 2217/4/6
f 2216/2/6 2195/2/6 2217/2/6
f 2195/4/6 2196/4/6 2217/4/6
f 2198/2/6 2199/2/6 2218/2/6
f 2197/2/6 2198/2/6 2218/2/6
f 2218/2/6 2199/2/6 2219/2/6
f 2200/4/6 2201/4/6 2220/4/6
f 2219/2/6 2199/2/6 2220/2/6
f 2199/4/6 2200/4/6 2220/4/6
f 2220/4/6 2201/4/6 2221/4/6
f 2202/2/6 2203/2/6 2222/2/6
f 2221/4/6 2201/4/6 2222/4/6
f 2201/2/6 2202/2/6 2222/2/6
f 2222/2/6 2203/2/6 2223/2/6
f 2204/4/6 2205/4/6 2224/4/6
f 2223/2/6 2203/2/6 2224/2/6
f 2203/4/6 2204/4/6 2224/4/6
f 2224/4/6 2205/4/6 2225/4/6
f 2206/2/6 2207/2/6 2226/2/6
f 2225/4/6 2205/4/6 2226/4/6
f 2205/2/6 2206/2/6 2226/2/6
f 2226/2/6 2207/2/6 2227/2/6
f 2207/4/6 2208/4/6 2228/4/6
f 2227/2/6 2207/2/6 2228/2/6
f 2209/4/6 2210/4/6 2228/4/6
f 2208/4/6 2209/4/6 2228/4/6
f 2210/2/6 2211/2/6 2229/2/6
f 2228/4/6 2210/4/6 2229/4/6
f 2211/2/6 2212/2/6 2229/2/6
f 2229/2/6 2212/2/6 2230/2/6
f 2212/4/6 2213/4/6 2231/4/6
f 2230/2/6 2212/2/6 2231/2/6
f 2213/4/6 2214/4/6 2231/4/6
f 2214/2/6 2215/2/6 2232/2/6
f 2231/4/6 2214/4/6 2232/4/6
f 2215/2/6 2193/2/6 2233/2/6
f 2232/2/6 2215/2/6 2233/2/6
f 2193/2/6 2168/2/6 2233/2/6
f 2233/2/6 2168/2/6 2234/2/6
f 2234/2/6 2168/2/6 2235/2/6
f 2217/4/6 2197/4/6 2236/4/6
f 2216/4/6 2217/4/6 2236/4/6
f 2197/2/6 2218/2/6 2237/2/6
f 2236/4/6 2197/4/6 2237/4/6
f 2237/2/6 2218/2/6 2238/2/6
f 2218/4/6 2219/4/6 2239/4/6
f 2238/2/6 2218/2/6 2239/2/6
f 2220/2/6 2221/2/6 2240/2/6
f 2239/4/6 2219/4/6 2240/4/6
f 2219/2/6 2220/2/6 2240/2/6
f 2240/2/6 2221/2/6 2241/2/6
f 2222/4/6 2223/4/6 2242/4/6
f 2224/2/6 2225/2/6 2242/2/6
f 2223/2/6 2224/2/6 2242/2/6
f 2221/4/6 2222/4/6 2242/4/6
f 2226/4/6 2227/4/6 2243/4/6
f 2242/2/6 2225/2/6 2243/2/6
f 2225/4/6 2226/4/6 2243/4/6
f 2229/2/6 2230/2/6 2244/2/6
f 2243/4/6 2227/4/6 2244/4/6
f 2227/2/6 2228/2/6 2244/2/6
f 2228/2/6 2229/2/6 2244/2/6
f 2244/2/6 2230/2/6 2245/2/6
f 2245/2/6 2230/2/6 2246/2/6
f 2246/2/6 2230/2/6 2247/2/6
f 2247/2/6 2230/2/6 2248/2/6
f 2232/4/6 2233/4/6 2249/4/6
f 2248/2/6 2230/2/6 2249/2/6
f 2231/4/6 2232/4/6 2249/4/6
f 2230/4/6 2231/4/6 2249/4/6
f 2233/2/6 2234/2/6 2250/2/6
f 2249/4/6 2233/4/6 2250/4/6
f 2234/4/6 2235/4/6 2251/4/6
f 2250/2/6 2234/2/6 2251/2/6
f 2127/4/6 2216/4/6 2252/4/6
f 2216/4/6 2236/4/6 2252/4/6
f 2252/4/6 2236/4/6 2253/4/6
f 2236/2/6 2237/2/6 2254/2/6
f 2253/4/6 2236/4/6 2254/4/6
f 2237/2/6 2238/2/6 2254/2/6
f 2254/2/6 2238/2/6 2255/2/6
f 2241/2/6 2221/2/6 2256/2/6
f 2240/4/6 2241/4/6 2256/4/6
f 2239/4/6 2240/4/6 2256/4/6
f 2238/4/6 2239/4/6 2256/4/6
f 2221/4/6 2242/4/6 2257/4/6
f 2256/2/6 2221/2/6 2257/2/6
f 2242/4/6 2243/4/6 2257/4/6
f 2243/4/6 2244/4/6 2257/4/6
f 2244/4/6 2245/4/6 2257/4/6
f 2257/4/6 2245/4/6 2258/4/6
f 2258/4/6 2245/4/6 2259/4/6
f 2245/2/6 2246/2/6 2260/2/6
f 2259/4/6 2245/4/6 2260/4/6
f 2260/2/6 2246/2/6 2261/2/6
f 2261/2/6 2246/2/6 2262/2/6
f 2262/2/6 2246/2/6 2263/2/6
f 2246/4/6 2247/4/6 2264/4/6
f 2263/2/6 2246/2/6 2264/2/6
f 2264/4/6 2247/4/6 2265/4/6
f 2247/2/6 2248/2/6 2266/2/6
f 2265/4/6 2247/4/6 2266/4/6
f 2248/4/6 2249/4/6 2267/4/6
f 2266/2/6 2248/2/6 2267/2/6
f 2250/4/6 2251/4/6 2267/4/6
f 2249/4/6 2250/4/6 2267/4/6
f 2267/4/6 2251/4/6 2268/4/6
f 2268/4/6 2251/4/6 2269/4/6
f 2252/2/6 2253/2/6 2270/2/6
f 2254/4/6 2255/4/6 2271/4/6
f 2270/2/6 2253/2/6 2271/2/6
f 2253/4/6 2254/4/6 2271/4/6
f 2255/2/6 2238/2/6 2272/2/6
f 2271/4/6 2255/4/6 2272/4/6
f 2272/2/6 2238/2/6 2273/2/6
f 2238/4/6 2256/4/6 2274/4/6
f 2273/2/6 2238/2/6 2274/2/6
f 2256/4/6 2257/4/6 2274/4/6
f 2257/4/6 2258/4/6 2274/4/6
f 2274/4/6 2258/4/6 2275/4/6
f 2258/2/6 2259/2/6 2276/2/6
f 2275/4/6 2258/4/6 2276/4/6
f 2276/2/6 2259/2/6 2277/2/6
f 2259/4/6 2260/4/6 2278/4/6
f 2277/2/6 2259/2/6 2278/2/6
f 2260/4/6 2261/4/6 2278/4/6
f 2278/4/6 2261/4/6 2279/4/6
f 2261/2/6 2262/2/6 2280/2/6
f 2279/4/6 2261/4/6 2280/4/6
f 2262/4/6 2263/4/6 2281/4/6
f 2280/2/6 2262/2/6 2281/2/6
f 2264/2/6 2265/2/6 2282/2/6
f 2281/4/6 2263/4/6 2282/4/6
f 2263/2/6 2264/2/6 2282/2/6
f 2282/2/6 2265/2/6 2283/2/6
f 2265/4/6 2266/4/6 2284/4/6
f 2283/2/6 2265/2/6 2284/2/6
f 2267/4/6 2268/4/6 2284/4/6
f 2266/4/6 2267/4/6 2284/4/6
f 2284/4/6 2268/4/6 2285/4/6
f 2285/4/6 2268/4/6 2286/4/6
f 2268/2/6 2269/2/6 2287/2/6
f 2286/4/6 2268/4/6 2287/4/6
f 2269/4/6 2251/4/6 2288/4/6
f 2287/2/6 2269/2/6 2288/2/6
f 2251/4/6 2235/4/6 2289/4/6
f 2288/4/6 2251/4/6 2289/4/6
f 2272/4/6 2273/4/6 2290/4/6
f 2270/4/6 2271/4/6 2290/4/6
f 2271/4/6 2272/4/6 2290/4/6
f 2290/4/6 2273/4/6 2291/4/6
f 2274/2/6 2275/2/6 2292/2/6
f 2291/4/6 2273/4/6 2292/4/6
f 2273/2/6 2274/2/6 2292/2/6
f 2276/4/6 2277/4/6 2293/4/6
f 2292/2/6 2275/2/6 2293/2/6
f 2275/4/6 2276/4/6 2293/4/6
f 2293/4/6 2277/4/6 2294/4/6
f 2294/4/6 2277/4/6 2295/4/6
f 2277/2/6 2278/2/6 2296/2/6
f 2295/4/6 2277/4/6 2296/4/6
f 2278/2/6 2279/2/6 2296/2/6
f 2296/2/6 2279/2/6 2297/2/6
f 2280/4/6 2281/4/6 2298/4/6
f 2297/2/6 2279/2/6 2298/2/6
f 2282/4/6 2283/4/6 2298/4/6
f 2279/4/6 2280/4/6 2298/4/6
f 2281/4/6 2282/4/6 2298/4/6
f 2298/4/6 2283/4/6 2299/4/6
f 2299/4/6 2283/4/6 2300/4/6
f 2300/4/6 2283/4/6 2301/4/6
f 2301/4/6 2283/4/6 2302/4/6
f 2302/4/6 2283/4/6 2303/4/6
f 2284/2/6 2285/2/6 2304/2/6
f 2303/4/6 2283/4/6 2304/4/6
f 2283/2/6 2284/2/6 2304/2/6
f 2304/2/6 2285/2/6 2305/2/6
f 2285/4/6 2286/4/6 2306/4/6
f 2305/2/6 2285/2/6 2306/2/6
f 2306/4/6 2286/4/6 2307/4/6
f 2307/4/6 2286/4/6 2308/4/6
f 2287/2/6 2288/2/6 2309/2/6
f 2308/4/6 2286/4/6 2309/4/6
f 2288/2/6 2289/2/6 2309/2/6
f 2286/2/6 2287/2/6 2309/2/6
f 2290/2/6 2291/2/6 2310/2/6
f 2310/2/6 2291/2/6 2311/2/6
f 2292/4/6 2293/4/6 2312/4/6
f 2311/2/6 2291/2/6 2312/2/6
f 2293/4/6 2294/4/6 2312/4/6
f 2291/4/6 2292/4/6 2312/4/6
f 2312/4/6 2294/4/6 2313/4/6
f 2294/2/6 2295/2/6 2314/2/6
f 2313/4/6 2294/4/6 2314/4/6
f 2314/2/6 2295/2/6 2315/2/6
f 2296/4/6 2297/4/6 2316/4/6
f 2295/4/6 2296/4/6 2316/4/6
f 2316/4/6 2297/4/6 2317/4/6
f 2297/2/6 2298/2/6 2318/2/6
f 2317/4/6 2297/4/6 2318/4/6
f 2298/2/6 2299/2/6 2318/2/6
f 2318/2/6 2299/2/6 2319/2/6
f 2299/4/6 2300/4/6 2320/4/6
f 2319/2/6 2299/2/6 2320/2/6
f 2320/4/6 2300/4/6 2321/4/6
f 2300/2/6 2301/2/6 2322/2/6
f 2321/4/6 2300/4/6 2322/4/6
f 2322/2/6 2301/2/6 2323/2/6
f 2302/2/6 2303/2/6 2324/2/6
f 2301/4/6 2302/4/6 2324/4/6
f 2304/4/6 2305/4/6 2325/4/6
f 2324/2/6 2303/2/6 2325/2/6
f 2303/4/6 2304/4/6 2325/4/6
f 2325/4/6 2305/4/6 2326/4/6
f 2306/2/6 2307/2/6 2327/2/6
f 2326/4/6 2305/4/6 2327/4/6
f 2305/2/6 2306/2/6 2327/2/6
f 2327/2/6 2307/2/6 2328/2/6
f 2328/2/6 2307/2/6 2329/2/6
f 2307/4/6 2308/4/6 2330/4/6
f 2329/2/6 2307/2/6 2330/2/6
f 2308/2/6 2309/2/6 2331/2/6
f 2330/4/6 2308/4/6 2331/4/6
f 2309/2/6 2289/2/6 2332/2/6
f 2331/2/6 2309/2/6 2332/2/6
f 2310/4/6 2311/4/6 2333/4/6
f 2312/2/6 2313/2/6 2334/2/6
f 2333/4/6 2311/4/6 2334/4/6
f 2311/2/6 2312/2/6 2334/2/6
f 2334/2/6 2313/2/6 2335/2/6
f 2314/4/6 2315/4/6 2336/4/6
f 2335/2/6 2313/2/6 2336/2/6
f 2313/4/6 2314/4/6 2336/4/6
f 2336/4/6 2315/4/6 2337/4/6
f 2337/4/6 2315/4/6 2338/4/6
f 2315/2/6 2295/2/6 2339/2/6
f 2338/4/6 2315/4/6 2339/4/6
f 2295/4/6 2316/4/6 2340/4/6
f 2339/2/6 2295/2/6 2340/2/6
f 2316/2/6 2317/2/6 2341/2/6
f 2340/4/6 2316/4/6 2341/4/6
f 2341/2/6 2317/2/6 2342/2/6
f 2318/4/6 2319/4/6 2343/4/6
f 2342/2/6 2317/2/6 2343/2/6
f 2317/4/6 2318/4/6 2343/4/6
f 2343/4/6 2319/4/6 2344/4/6
f 2320/2/6 2321/2/6 2345/2/6
f 2344/4/6 2319/4/6 2345/4/6
f 2319/2/6 2320/2/6 2345/2/6
f 2345/2/6 2321/2/6 2346/2/6
f 2322/4/6 2323/4/6 2347/4/6
f 2346/2/6 2321/2/6 2347/2/6
f 2321/4/6 2322/4/6 2347/4/6
f 2347/4/6 2323/4/6 2348/4/6
f 2323/2/6 2301/2/6 2349/2/6
f 2348/4/6 2323/4/6 2349/4/6
f 2324/4/6 2325/4/6 2350/4/6
f 2349/2/6 2301/2/6 2350/2/6
f 2301/4/6 2324/4/6 2350/4/6
f 2325/2/6 2326/2/6 2351/2/6
f 2350/4/6 2325/4/6 2351/4/6
f 2326/4/6 2327/4/6 2352/4/6
f 2351/2/6 2326/2/6 2352/2/6
f 2327/4/6 2328/4/6 2352/4/6
f 2352/4/6 2328/4/6 2353/4/6
f 2328/2/6 2329/2/6 2354/2/6
f 2353/4/6 2328/4/6 2354/4/6
f 2354/2/6 2329/2/6 2355/2/6
f 2330/4/6 2331/4/6 2356/4/6
f 2355/2/6 2329/2/6 2356/2/6
f 2329/4/6 2330/4/6 2356/4/6
f 2331/4/6 2332/4/6 2356/4/6
f 2356/4/6 2332/4/6 2357/4/6
f 2332/2/6 2289/2/6 2358/2/6
f 2357/4/6 2332/4/6 2358/4/6
f 2358/2/6 2289/2/6 2359/2/6
f 2289/4/6 2235/4/6 2360/4/6
f 2359/2/6 2289/2/6 2360/2/6
f 2360/4/6 2235/4/6 2361/4/6
f 2334/2/6 2335/2/6 2362/2/6
f 2310/4/6 2333/4/6 2362/4/6
f 2333/2/6 2334/2/6 2362/2/6
f 2336/4/6 2337/4/6 2363/4/6
f 2362/2/6 2335/2/6 2363/2/6
f 2335/4/6 2336/4/6 2363/4/6
f 2337/2/6 2338/2/6 2364/2/6
f 2363/4/6 2337/4/6 2364/4/6
f 2339/4/6 2340/4/6 2365/4/6
f 2364/2/6 2338/2/6 2365/2/6
f 2338/4/6 2339/4/6 2365/4/6
f 2341/4/6 2342/4/6 2365/4/6
f 2340/4/6 2341/4/6 2365/4/6
f 2365/4/6 2342/4/6 2366/4/6
f 2366/4/6 2342/4/6 2367/4/6
f 2343/2/6 2344/2/6 2368/2/6
f 2367/4/6 2342/4/6 2368/4/6
f 2342/2/6 2343/2/6 2368/2/6
f 2345/4/6 2346/4/6 2369/4/6
f 2368/2/6 2344/2/6 2369/2/6
f 2344/4/6 2345/4/6 2369/4/6
f 2349/4/6 2350/4/6 2370/4/6
f 2348/4/6 2349/4/6 2370/4/6
f 2346/2/6 2347/2/6 2370/2/6
f 2350/4/6 2351/4/6 2370/4/6
f 2347/2/6 2348/2/6 2370/2/6
f 2351/4/6 2352/4/6 2370/4/6
f 2370/4/6 2352/4/6 2371/4/6
f 2352/2/6 2353/2/6 2372/2/6
f 2371/4/6 2352/4/6 2372/4/6
f 2354/4/6 2355/4/6 2373/4/6
f 2372/2/6 2353/2/6 2373/2/6
f 2353/4/6 2354/4/6 2373/4/6
f 2373/4/6 2355/4/6 2374/4/6
f 2374/4/6 2355/4/6 2375/4/6
f 2356/2/6 2357/2/6 2376/2/6
f 2375/4/6 2355/4/6 2376/4/6
f 2355/2/6 2356/2/6 2376/2/6
f 2376/2/6 2357/2/6 2377/2/6
f 2358/4/6 2359/4/6 2378/4/6
f 2377/2/6 2357/2/6 2378/2/6
f 2357/4/6 2358/4/6 2378/4/6
f 2378/4/6 2359/4/6 2379/4/6
f 2360/2/6 2361/2/6 2380/2/6
f 2379/4/6 2359/4/6 2380/4/6
f 2359/2/6 2360/2/6 2380/2/6
f 2380/2/6 2361/2/6 2381/2/6
f 2362/4/6 2363/4/6 2382/4/6
f 2365/4/6 2366/4/6 2382/4/6
f 2363/4/6 2364/4/6 2382/4/6
f 2366/2/6 2367/2/6 2382/2/6
f 2364/4/6 2365/4/6 2382/4/6
f 2368/4/6 2369/4/6 2383/4/6
f 2382/2/6 2367/2/6 2383/2/6
f 2367/4/6 2368/4/6 2383/4/6
f 2370/2/6 2371/2/6 2384/2/6
f 2383/4/6 2369/4/6 2384/4/6
f 2369/4/6 2346/4/6 2384/4/6
f 2346/2/6 2370/2/6 2384/2/6
f 2384/2/6 2371/2/6 2385/2/6
f 2372/4/6 2373/4/6 2386/4/6
f 2385/2/6 2371/2/6 2386/2/6
f 2371/4/6 2372/4/6 2386/4/6
f 2373/4/6 2374/4/6 2386/4/6
f 2374/2/6 2375/2/6 2387/2/6
f 2386/4/6 2374/4/6 2387/4/6
f 2376/4/6 2377/4/6 2388/4/6
f 2387/2/6 2375/2/6 2388/2/6
f 2375/4/6 2376/4/6 2388/4/6
f 2378/2/6 2379/2/6 2389/2/6
f 2388/4/6 2377/4/6 2389/4/6
f 2377/2/6 2378/2/6 2389/2/6
f 2389/2/6 2379/2/6 2390/2/6
f 2380/4/6 2381/4/6 2391/4/6
f 2390/2/6 2379/2/6 2391/2/6
f 2379/4/6 2380/4/6 2391/4/6
f 2391/4/6 2381/4/6 2392/4/6
f 2381/2/6 2361/2/6 2393/2/6
f 2392/4/6 2381/4/6 2393/4/6
f 2393/2/6 2361/2/6 2394/2/6
f 2382/4/6 2383/4/6 2395/4/6
f 2384/4/6 2385/4/6 2395/4/6
f 2362/4/6 2382/4/6 2395/4/6
f 2383/4/6 2384/4/6 2395/4/6
f 2310/4/6 2362/4/6 2395/4/6
f 2386/2/6 2387/2/6 2396/2/6
f 2395/4/6 2385/4/6 2396/4/6
f 2385/2/6 2386/2/6 2396/2/6
f 2389/4/6 2390/4/6 2397/4/6
f 2396/2/6 2387/2/6 2397/2/6
f 2387/4/6 2388/4/6 2397/4/6
f 2388/4/6 2389/4/6 2397/4/6
f 2391/2/6 2392/2/6 2398/2/6
f 2397/4/6 2390/4/6 2398/4/6
f 2390/2/6 2391/2/6 2398/2/6
f 2393/4/6 2394/4/6 2399/4/6
f 2398/2/6 2392/2/6 2399/2/6
f 2392/4/6 2393/4/6 2399/4/6
f 2399/4/6 2394/4/6 2400/4/6
