# MagicaVoxel @ Ephtracy

# group
o 

# material
mtllib work_table.mtl
usemtl palette

# normals
vn -1 0 0
vn 1 0 0
vn 0 0 1
vn 0 0 -1
vn 0 -1 0
vn 0 1 0

# texcoords
vt 0.166016 0.5
vt 0.169922 0.5
vt 0.197266 0.5
vt 0.201172 0.5

# verts
v -3.2 4.6 2.3
v -3.2 4.6 1.8
v -3.2 4.6 1.5
v -3.2 4.6 1.4
v -3.2 4.6 1.3
v -3.2 4.6 0.8
v -3.2 4.6 0.7
v -3.2 4.6 0.1
v -3.2 4.6 -0.0999999
v -3.2 4.6 -0.7
v -3.2 4.6 -0.8
v -3.2 4.6 -1.3
v -3.2 4.6 -1.4
v -3.2 4.6 -1.5
v -3.2 4.6 -1.8
v -3.2 4.6 -2.3
v -3.2 4.7 -1.3
v -3.2 4.7 -1.4
v -3.2 4.7 -1.6
v -3.2 4.7 -1.7
v -3.2 4.8 2.3
v -3.2 4.8 1.8
v -3.2 4.8 1.5
v -3.2 4.8 1.4
v -3.2 4.8 1.3
v -3.2 4.8 0.8
v -3.2 4.8 0.7
v -3.2 4.8 0.1
v -3.2 4.8 -0.0999999
v -3.2 4.8 -0.7
v -3.2 4.8 -0.8
v -3.2 4.8 -1.5
v -3.2 4.8 -1.6
v -3.2 4.8 -1.7
v -3.2 4.8 -1.8
v -3.2 4.8 -2.3
v -3.1 4.2 2.2
v -3.1 4.2 2.1
v -3.1 4.2 1.6
v -3.1 4.2 -0.2
v -3.1 4.2 -1
v -3.1 4.2 -2.2
v -3.1 4.3 2.1
v -3.1 4.3 1.7
v -3.1 4.3 1.6
v -3.1 4.3 0.8
v -3.1 4.3 0.3
v -3.1 4.3 -0.2
v -3.1 4.3 -0.3
v -3.1 4.3 -1
v -3.1 4.3 -2.1
v -3.1 4.4 2
v -3.1 4.4 1.8
v -3.1 4.4 1.7
v -3.1 4.4 0.8
v -3.1 4.4 0.3
v -3.1 4.4 0.2
v -3.1 4.4 -0.3
v -3.1 4.4 -0.5
v -3.1 4.4 -0.6
v -3.1 4.4 -0.8
v -3.1 4.4 -1
v -3.1 4.4 -1.1
v -3.1 4.4 -2.1
v -3.1 4.5 2.2
v -3.1 4.5 2.1
v -3.1 4.5 2
v -3.1 4.5 1.8
v -3.1 4.5 1.7
v -3.1 4.5 0.9
v -3.1 4.5 0.8
v -3.1 4.5 0.2
v -3.1 4.5 -0.3
v -3.1 4.5 -0.5
v -3.1 4.5 -0.6
v -3.1 4.5 -0.8
v -3.1 4.5 -0.9
v -3.1 4.5 -1.1
v -3.1 4.5 -1.6
v -3.1 4.5 -2.2
v -3.1 4.6 2.2
v -3.1 4.6 2.1
v -3.1 4.6 1.8
v -3.1 4.6 1.7
v -3.1 4.6 1.5
v -3.1 4.6 1.4
v -3.1 4.6 1.3
v -3.1 4.6 0.9
v -3.1 4.6 0.8
v -3.1 4.6 0.7
v -3.1 4.6 0.1
v -3.1 4.6 -0.0999999
v -3.1 4.6 -0.3
v -3.1 4.6 -0.7
v -3.1 4.6 -0.8
v -3.1 4.6 -0.9
v -3.1 4.6 -1.3
v -3.1 4.6 -1.4
v -3.1 4.6 -1.5
v -3.1 4.6 -1.6
v -3.1 4.6 -1.8
v -3.1 4.6 -2.2
v -3 0 2.1
v -3 0 1.5
v -3 0 -1.5
v -3 0 -2.1
v -3 0.2 1.6
v -3 0.2 1.5
v -3 0.2 -2
v -3 0.2 -2.1
v -3 0.3 1.9
v -3 0.3 1.8
v -3 0.3 -1.7
v -3 0.3 -1.8
v -3 0.4 2
v -3 0.4 1.9
v -3 0.4 1.7
v -3 0.4 1.6
v -3 0.4 -1.6
v -3 0.4 -1.7
v -3 0.4 -1.9
v -3 0.4 -2
v -3 0.6 1.6
v -3 0.6 1.5
v -3 0.6 -2
v -3 0.6 -2.1
v -3 0.7 2.1
v -3 0.7 2
v -3 0.7 1.9
v -3 0.7 1.8
v -3 0.7 -1.5
v -3 0.7 -1.6
v -3 0.7 -1.7
v -3 0.7 -1.8
v -3 0.8 2
v -3 0.8 1.9
v -3 0.8 -1.6
v -3 0.8 -1.7
v -3 0.9 2.1
v -3 0.9 2
v -3 0.9 1.8
v -3 0.9 1.7
v -3 0.9 -1.5
v -3 0.9 -1.6
v -3 0.9 -1.8
v -3 0.9 -1.9
v -3 1 2.1
v -3 1 2
v -3 1 -1.5
v -3 1 -1.6
v -3 1.1 1.8
v -3 1.1 1.7
v -3 1.1 -1.8
v -3 1.1 -1.9
v -3 1.3 2.1
v -3 1.3 2
v -3 1.3 1.9
v -3 1.3 -1.5
v -3 1.3 -1.6
v -3 1.3 -1.7
v -3 1.4 1.7
v -3 1.4 1.6
v -3 1.4 -1.9
v -3 1.4 -2
v -3 1.5 2
v -3 1.5 1.9
v -3 1.5 1.8
v -3 1.5 -1.6
v -3 1.5 -1.7
v -3 1.5 -1.8
v -3 1.6 2.1
v -3 1.6 2
v -3 1.6 -1.5
v -3 1.6 -1.6
v -3 1.7 1.9
v -3 1.7 1.8
v -3 1.7 1.6
v -3 1.7 1.5
v -3 1.7 -1.7
v -3 1.7 -1.8
v -3 1.7 -2
v -3 1.7 -2.1
v -3 2.2 1.6
v -3 2.2 1.5
v -3 2.2 -2
v -3 2.2 -2.1
v -3 2.3 1.9
v -3 2.3 1.8
v -3 2.3 -1.7
v -3 2.3 -1.8
v -3 2.5 2.1
v -3 2.5 2
v -3 2.5 1.7
v -3 2.5 1.5
v -3 2.5 -1.5
v -3 2.5 -1.6
v -3 2.5 -1.9
v -3 2.5 -2.1
v -3 2.6 1.9
v -3 2.6 1.8
v -3 2.6 -1.7
v -3 2.6 -1.8
v -3 2.7 2.1
v -3 2.7 1.9
v -3 2.7 1.7
v -3 2.7 1.6
v -3 2.7 -1.5
v -3 2.7 -1.7
v -3 2.7 -1.9
v -3 2.7 -2
v -3 2.9 2.1
v -3 2.9 2
v -3 2.9 1.9
v -3 2.9 1.8
v -3 2.9 1.6
v -3 2.9 1.5
v -3 2.9 -1.5
v -3 2.9 -1.6
v -3 2.9 -1.7
v -3 2.9 -1.8
v -3 2.9 -2
v -3 2.9 -2.1
v -3 3.1 2
v -3 3.1 1.9
v -3 3.1 -1.6
v -3 3.1 -1.7
v -3 3.2 1.8
v -3 3.2 1.7
v -3 3.2 -1.8
v -3 3.2 -1.9
v -3 3.4 1.7
v -3 3.4 1.6
v -3 3.4 -1.9
v -3 3.4 -2
v -3 3.5 2
v -3 3.5 1.9
v -3 3.5 1.7
v -3 3.5 1.6
v -3 3.5 -1.6
v -3 3.5 -1.7
v -3 3.5 -1.9
v -3 3.5 -2
v -3 3.6 2
v -3 3.6 1.9
v -3 3.6 1.6
v -3 3.6 1.5
v -3 3.6 -1.6
v -3 3.6 -1.7
v -3 3.6 -2
v -3 3.6 -2.1
v -3 3.7 1.8
v -3 3.7 1.7
v -3 3.7 -1.8
v -3 3.7 -1.9
v -3 4 1.6
v -3 4 1.5
v -3 4 -2
v -3 4 -2.1
v -3 4.1 2
v -3 4.1 1.9
v -3 4.1 1.8
v -3 4.1 -1.6
v -3 4.1 -1.7
v -3 4.1 -1.8
v -3 4.2 2.1
v -3 4.2 2
v -3 4.2 1.9
v -3 4.2 1.6
v -3 4.2 1.5
v -3 4.2 -1.5
v -3 4.2 -1.6
v -3 4.2 -1.7
v -3 4.2 -2.1
v -2.9 0.7 1.5
v -2.9 0.7 1.3
v -2.9 0.7 1.2
v -2.9 0.7 1.1
v -2.9 0.7 0.7
v -2.9 0.7 0.6
v -2.9 0.7 0.1
v -2.9 0.7 -0.0999999
v -2.9 0.7 -0.6
v -2.9 0.7 -0.7
v -2.9 0.7 -1.1
v -2.9 0.7 -1.2
v -2.9 0.7 -1.3
v -2.9 0.7 -1.5
v -2.9 0.8 -1.1
v -2.9 0.8 -1.2
v -2.9 0.8 -1.4
v -2.9 0.8 -1.5
v -2.9 0.9 1.5
v -2.9 0.9 1.3
v -2.9 0.9 1.2
v -2.9 0.9 1.1
v -2.9 0.9 0.7
v -2.9 0.9 0.6
v -2.9 0.9 0.1
v -2.9 0.9 -0.0999999
v -2.9 0.9 -0.6
v -2.9 0.9 -0.7
v -2.9 0.9 -1.3
v -2.9 0.9 -1.4
v -2.9 0.9 -1.5
v -2.9 2.6 1.5
v -2.9 2.6 1.3
v -2.9 2.6 1.2
v -2.9 2.6 1.1
v -2.9 2.6 0.7
v -2.9 2.6 0.6
v -2.9 2.6 0.1
v -2.9 2.6 -0.0999999
v -2.9 2.6 -0.6
v -2.9 2.6 -0.7
v -2.9 2.6 -1.1
v -2.9 2.6 -1.2
v -2.9 2.6 -1.3
v -2.9 2.6 -1.5
v -2.9 2.7 -1.1
v -2.9 2.7 -1.2
v -2.9 2.7 -1.4
v -2.9 2.7 -1.5
v -2.9 2.8 1.5
v -2.9 2.8 1.3
v -2.9 2.8 1.2
v -2.9 2.8 1.1
v -2.9 2.8 0.7
v -2.9 2.8 0.6
v -2.9 2.8 0.1
v -2.9 2.8 -0.0999999
v -2.9 2.8 -0.6
v -2.9 2.8 -0.7
v -2.9 2.8 -1.3
v -2.9 2.8 -1.4
v -2.9 2.8 -1.5
v -2.8 0.3 1.5
v -2.8 0.3 1.4
v -2.8 0.3 -0.2
v -2.8 0.3 -0.9
v -2.8 0.3 -1.5
v -2.8 0.4 1.4
v -2.8 0.4 0.7
v -2.8 0.4 0.3
v -2.8 0.4 -0.2
v -2.8 0.4 -0.3
v -2.8 0.4 -0.9
v -2.8 0.4 -1.5
v -2.8 0.5 1.5
v -2.8 0.5 0.7
v -2.8 0.5 0.3
v -2.8 0.5 0.2
v -2.8 0.5 -0.3
v -2.8 0.5 -0.4
v -2.8 0.5 -0.5
v -2.8 0.5 -0.7
v -2.8 0.5 -0.9
v -2.8 0.5 -1
v -2.8 0.5 -1.5
v -2.8 0.6 1.5
v -2.8 0.6 0.8
v -2.8 0.6 0.7
v -2.8 0.6 0.2
v -2.8 0.6 -0.3
v -2.8 0.6 -0.4
v -2.8 0.6 -0.5
v -2.8 0.6 -0.7
v -2.8 0.6 -0.8
v -2.8 0.6 -1
v -2.8 0.6 -1.4
v -2.8 0.6 -1.5
v -2.8 0.7 1.5
v -2.8 0.7 1.3
v -2.8 0.7 1.2
v -2.8 0.7 1.1
v -2.8 0.7 0.8
v -2.8 0.7 0.7
v -2.8 0.7 0.6
v -2.8 0.7 0.1
v -2.8 0.7 -0.0999999
v -2.8 0.7 -0.3
v -2.8 0.7 -0.6
v -2.8 0.7 -0.7
v -2.8 0.7 -0.8
v -2.8 0.7 -1.1
v -2.8 0.7 -1.2
v -2.8 0.7 -1.3
v -2.8 0.7 -1.4
v -2.8 0.7 -1.5
v -2.8 2.2 1.5
v -2.8 2.2 1.4
v -2.8 2.2 -0.2
v -2.8 2.2 -0.9
v -2.8 2.2 -1.5
v -2.8 2.3 1.4
v -2.8 2.3 0.7
v -2.8 2.3 0.3
v -2.8 2.3 -0.2
v -2.8 2.3 -0.3
v -2.8 2.3 -0.9
v -2.8 2.3 -1.5
v -2.8 2.4 1.5
v -2.8 2.4 0.7
v -2.8 2.4 0.3
v -2.8 2.4 0.2
v -2.8 2.4 -0.3
v -2.8 2.4 -0.7
v -2.8 2.4 -0.9
v -2.8 2.4 -1
v -2.8 2.4 -1.5
v -2.8 2.5 1.5
v -2.8 2.5 0.8
v -2.8 2.5 0.7
v -2.8 2.5 0.2
v -2.8 2.5 -0.3
v -2.8 2.5 -0.7
v -2.8 2.5 -0.8
v -2.8 2.5 -1
v -2.8 2.5 -1.4
v -2.8 2.5 -1.5
v -2.8 2.6 1.5
v -2.8 2.6 1.3
v -2.8 2.6 1.2
v -2.8 2.6 1.1
v -2.8 2.6 0.8
v -2.8 2.6 0.7
v -2.8 2.6 0.6
v -2.8 2.6 0.1
v -2.8 2.6 -0.0999999
v -2.8 2.6 -0.3
v -2.8 2.6 -0.6
v -2.8 2.6 -0.7
v -2.8 2.6 -0.8
v -2.8 2.6 -1.1
v -2.8 2.6 -1.2
v -2.8 2.6 -1.3
v -2.8 2.6 -1.4
v -2.8 2.6 -1.5
v 2.3 0 2.1
v 2.3 0 1.4
v 2.3 0.2 2.1
v 2.3 0.2 1.9
v 2.3 0.3 2.1
v 2.3 0.3 2
v 2.3 0.3 1.9
v 2.3 0.3 1.4
v 2.3 0.5 1.9
v 2.3 0.6 2
v 2.3 0.6 1.9
v 2.3 0.7 2
v 2.3 0.7 1.9
v 2.3 0.9 2
v 2.3 0.9 1.9
v 2.3 0.9 1.8
v 2.3 0.9 1.7
v 2.3 0.9 1.5
v 2.3 0.9 1.4
v 2.3 1 1.8
v 2.3 1 1.6
v 2.3 1 1.5
v 2.3 1 1.4
v 2.3 1.1 1.8
v 2.3 1.1 1.6
v 2.3 1.3 2
v 2.3 1.3 1.9
v 2.3 1.3 1.8
v 2.3 1.3 1.6
v 2.3 1.3 1.5
v 2.3 1.4 1.5
v 2.3 1.4 1.4
v 2.3 1.7 2.1
v 2.3 1.7 2
v 2.3 1.7 1.9
v 2.3 1.7 1.6
v 2.3 1.7 1.5
v 2.3 2.2 2.1
v 2.3 2.2 2
v 2.3 2.2 1.9
v 2.3 2.2 1.5
v 2.3 2.2 1.4
v 2.3 2.3 2
v 2.3 2.3 1.9
v 2.3 2.4 1.9
v 2.3 2.5 2
v 2.3 2.5 1.9
v 2.3 2.6 2
v 2.3 2.6 1.9
v 2.3 2.8 2
v 2.3 2.8 1.9
v 2.3 2.8 1.8
v 2.3 2.8 1.5
v 2.3 2.8 1.4
v 2.3 2.9 2
v 2.3 2.9 1.9
v 2.3 2.9 1.6
v 2.3 2.9 1.5
v 2.3 2.9 1.4
v 2.3 3 2.1
v 2.3 3 2
v 2.3 3 1.9
v 2.3 3 1.8
v 2.3 3.2 1.9
v 2.3 3.2 1.8
v 2.3 3.2 1.5
v 2.3 3.2 1.4
v 2.3 3.3 1.5
v 2.3 3.3 1.4
v 2.3 3.6 1.8
v 2.3 3.6 1.6
v 2.3 3.7 1.6
v 2.3 3.7 1.5
v 2.3 3.8 1.5
v 2.3 3.8 1.4
v 2.3 3.9 2
v 2.3 3.9 1.9
v 2.3 4 2.1
v 2.3 4 2
v 2.3 4 1.6
v 2.3 4 1.5
v 2.3 4.1 1.9
v 2.3 4.1 1.8
v 2.3 4.1 1.6
v 2.3 4.1 1.4
v 2.3 4.2 2.1
v 2.3 4.2 2
v 2.3 4.2 1.6
v 2.3 4.2 1.4
v 2.4 0 -1.5
v 2.4 0 -2.1
v 2.4 0.2 -1.5
v 2.4 0.2 -1.7
v 2.4 0.3 -1.5
v 2.4 0.3 -1.7
v 2.4 0.3 -1.8
v 2.4 0.3 -1.9
v 2.4 0.4 -1.9
v 2.4 0.4 -2
v 2.4 0.5 -1.9
v 2.4 0.7 -1.9
v 2.4 0.7 -2
v 2.4 0.8 -2
v 2.4 0.8 -2.1
v 2.4 0.9 -1.5
v 2.4 0.9 -1.7
v 2.4 0.9 -1.8
v 2.4 0.9 -2
v 2.4 1 -1.8
v 2.4 1 -1.9
v 2.4 1 -2
v 2.4 1 -2.1
v 2.4 1.1 -1.8
v 2.4 1.1 -1.9
v 2.4 1.3 -1.6
v 2.4 1.3 -1.7
v 2.4 1.3 -1.8
v 2.4 1.3 -1.9
v 2.4 1.3 -2
v 2.4 1.4 -2
v 2.4 1.4 -2.1
v 2.4 1.7 -1.5
v 2.4 1.7 -1.6
v 2.4 1.7 -1.7
v 2.4 1.7 -1.9
v 2.4 1.7 -2
v 2.4 2.2 -1.5
v 2.4 2.2 -1.6
v 2.4 2.2 -1.9
v 2.4 2.2 -2
v 2.4 2.3 -1.9
v 2.4 2.3 -2
v 2.4 2.4 -1.9
v 2.4 2.4 -2
v 2.4 2.4 -2.1
v 2.4 2.6 -1.9
v 2.4 2.6 -2
v 2.4 2.7 -2
v 2.4 2.7 -2.1
v 2.4 2.8 -1.5
v 2.4 2.8 -1.6
v 2.4 2.8 -1.7
v 2.4 2.8 -1.8
v 2.4 2.8 -2
v 2.4 2.9 -1.6
v 2.4 2.9 -1.7
v 2.4 2.9 -1.9
v 2.4 2.9 -2
v 2.4 2.9 -2.1
v 2.4 3 -1.5
v 2.4 3 -1.6
v 2.4 3 -1.7
v 2.4 3 -1.8
v 2.4 3.2 -1.7
v 2.4 3.2 -1.8
v 2.4 3.2 -2
v 2.4 3.2 -2.1
v 2.4 3.3 -2
v 2.4 3.3 -2.1
v 2.4 3.6 -1.8
v 2.4 3.6 -1.9
v 2.4 3.7 -1.9
v 2.4 3.7 -2
v 2.4 3.8 -2
v 2.4 3.8 -2.1
v 2.4 3.9 -1.6
v 2.4 3.9 -1.7
v 2.4 4 -1.5
v 2.4 4 -1.6
v 2.4 4 -1.9
v 2.4 4 -2
v 2.4 4.1 -1.7
v 2.4 4.1 -1.8
v 2.4 4.1 -1.9
v 2.4 4.1 -2.1
v 2.4 4.2 -1.5
v 2.4 4.2 -1.6
v 2.4 4.2 -1.9
v 2.4 4.2 -2.1
v -2.4 0 2.1
v -2.4 0 1.5
v -2.4 0 -1.5
v -2.4 0 -2.1
v -2.4 0.2 2
v -2.4 0.2 1.9
v -2.4 0.2 1.7
v -2.4 0.2 1.6
v -2.4 0.2 -1.6
v -2.4 0.2 -1.7
v -2.4 0.2 -1.9
v -2.4 0.2 -2
v -2.4 0.3 1.9
v -2.4 0.3 1.7
v -2.4 0.3 1.6
v -2.4 0.3 1.5
v -2.4 0.3 -1.5
v -2.4 0.3 -1.6
v -2.4 0.3 -1.7
v -2.4 0.3 -1.9
v -2.4 0.4 1.9
v -2.4 0.5 1.9
v -2.4 0.5 -1.9
v -2.4 0.6 2
v -2.4 0.6 1.9
v -2.4 0.6 -1.9
v -2.4 0.7 2
v -2.4 0.7 1.9
v -2.4 0.7 -1.9
v -2.4 0.7 -2
v -2.4 0.8 -2
v -2.4 0.8 -2.1
v -2.4 0.9 2
v -2.4 0.9 1.9
v -2.4 0.9 1.8
v -2.4 0.9 1.7
v -2.4 0.9 1.6
v -2.4 0.9 1.5
v -2.4 0.9 -1.5
v -2.4 0.9 -1.7
v -2.4 0.9 -1.8
v -2.4 0.9 -2
v -2.4 1 1.8
v -2.4 1 1.7
v -2.4 1 1.6
v -2.4 1 1.5
v -2.4 1 -1.8
v -2.4 1 -1.9
v -2.4 1 -2
v -2.4 1 -2.1
v -2.4 1.1 1.8
v -2.4 1.1 1.7
v -2.4 1.1 -1.8
v -2.4 1.1 -1.9
v -2.4 1.3 2
v -2.4 1.3 1.9
v -2.4 1.3 1.8
v -2.4 1.3 1.7
v -2.4 1.3 1.6
v -2.4 1.3 -1.6
v -2.4 1.3 -1.7
v -2.4 1.3 -1.8
v -2.4 1.3 -1.9
v -2.4 1.3 -2
v -2.4 1.4 1.6
v -2.4 1.4 1.5
v -2.4 1.4 -2
v -2.4 1.4 -2.1
v -2.4 1.7 2.1
v -2.4 1.7 2
v -2.4 1.7 1.9
v -2.4 1.7 1.7
v -2.4 1.7 1.6
v -2.4 1.7 -1.5
v -2.4 1.7 -1.6
v -2.4 1.7 -1.7
v -2.4 1.7 -1.9
v -2.4 1.7 -2
v -2.4 2.2 2.1
v -2.4 2.2 2
v -2.4 2.2 1.9
v -2.4 2.2 1.6
v -2.4 2.2 1.5
v -2.4 2.2 -1.5
v -2.4 2.2 -1.6
v -2.4 2.2 -1.9
v -2.4 2.2 -2
v -2.4 2.3 2
v -2.4 2.3 1.9
v -2.4 2.3 -1.9
v -2.4 2.3 -2
v -2.4 2.4 1.9
v -2.4 2.4 -1.9
v -2.4 2.4 -2
v -2.4 2.4 -2.1
v -2.4 2.5 2
v -2.4 2.5 1.9
v -2.4 2.5 -1.9
v -2.4 2.6 2
v -2.4 2.6 1.9
v -2.4 2.6 -1.9
v -2.4 2.6 -2
v -2.4 2.7 -2
v -2.4 2.7 -2.1
v -2.4 2.8 2
v -2.4 2.8 1.9
v -2.4 2.8 1.7
v -2.4 2.8 1.6
v -2.4 2.8 1.5
v -2.4 2.8 -1.5
v -2.4 2.8 -1.6
v -2.4 2.8 -1.7
v -2.4 2.8 -2
v -2.4 2.9 2
v -2.4 2.9 1.9
v -2.4 2.9 1.7
v -2.4 2.9 1.6
v -2.4 2.9 1.5
v -2.4 2.9 -1.6
v -2.4 2.9 -1.7
v -2.4 2.9 -1.9
v -2.4 2.9 -2
v -2.4 2.9 -2.1
v -2.4 3 2.1
v -2.4 3 2
v -2.4 3 1.9
v -2.4 3 1.8
v -2.4 3 -1.5
v -2.4 3 -1.6
v -2.4 3 -1.7
v -2.4 3 -1.8
v -2.4 3.2 1.9
v -2.4 3.2 1.8
v -2.4 3.2 1.6
v -2.4 3.2 1.5
v -2.4 3.2 -1.7
v -2.4 3.2 -1.8
v -2.4 3.2 -2
v -2.4 3.2 -2.1
v -2.4 3.3 1.6
v -2.4 3.3 1.5
v -2.4 3.3 -2
v -2.4 3.3 -2.1
v -2.4 3.6 1.8
v -2.4 3.6 1.7
v -2.4 3.6 -1.8
v -2.4 3.6 -1.9
v -2.4 3.7 1.7
v -2.4 3.7 1.6
v -2.4 3.7 -1.9
v -2.4 3.7 -2
v -2.4 3.8 1.6
v -2.4 3.8 1.5
v -2.4 3.8 -2
v -2.4 3.8 -2.1
v -2.4 3.9 2
v -2.4 3.9 1.9
v -2.4 3.9 -1.6
v -2.4 3.9 -1.7
v -2.4 4 2.1
v -2.4 4 2
v -2.4 4 1.7
v -2.4 4 1.6
v -2.4 4 -1.5
v -2.4 4 -1.6
v -2.4 4 -1.9
v -2.4 4 -2
v -2.4 4.1 1.9
v -2.4 4.1 1.8
v -2.4 4.1 1.7
v -2.4 4.1 1.5
v -2.4 4.1 -1.7
v -2.4 4.1 -1.8
v -2.4 4.1 -1.9
v -2.4 4.1 -2.1
v -2.4 4.2 2.1
v -2.4 4.2 2
v -2.4 4.2 1.7
v -2.4 4.2 1.5
v -2.4 4.2 -1.5
v -2.4 4.2 -1.6
v -2.4 4.2 -1.9
v -2.4 4.2 -2.1
v 2.8 0.3 1.4
v 2.8 0.3 -0.7
v 2.8 0.3 -1.5
v 2.8 0.4 0.1
v 2.8 0.4 -0.6
v 2.8 0.4 -0.7
v 2.8 0.4 -1.5
v 2.8 0.5 0.8
v 2.8 0.5 0.1
v 2.8 0.5 -0.0999999
v 2.8 0.5 -0.6
v 2.8 0.5 -1.2
v 2.8 0.5 -1.5
v 2.8 0.6 1.4
v 2.8 0.6 0.8
v 2.8 0.6 0.6
v 2.8 0.6 -0.0999999
v 2.8 0.6 -0.6
v 2.8 0.6 -0.7
v 2.8 0.6 -1.2
v 2.8 0.6 -1.5
v 2.8 0.7 1.4
v 2.8 0.7 1.1
v 2.8 0.7 0.8
v 2.8 0.7 0.6
v 2.8 0.7 0.1
v 2.8 0.7 0
v 2.8 0.7 -0.7
v 2.8 0.7 -0.8
v 2.8 0.7 -1.1
v 2.8 0.7 -1.5
v 2.8 2.2 1.4
v 2.8 2.2 -0.7
v 2.8 2.2 -1.5
v 2.8 2.3 0.1
v 2.8 2.3 -0.6
v 2.8 2.3 -0.7
v 2.8 2.3 -1.5
v 2.8 2.4 0.8
v 2.8 2.4 0.1
v 2.8 2.4 -0.0999999
v 2.8 2.4 -0.6
v 2.8 2.4 -1.2
v 2.8 2.5 1.4
v 2.8 2.5 0.8
v 2.8 2.5 0.6
v 2.8 2.5 -0.0999999
v 2.8 2.5 -0.6
v 2.8 2.5 -0.7
v 2.8 2.5 -1.2
v 2.8 2.5 -1.5
v 2.8 2.6 1.4
v 2.8 2.6 1.1
v 2.8 2.6 0.8
v 2.8 2.6 0.6
v 2.8 2.6 0.1
v 2.8 2.6 0
v 2.8 2.6 -0.7
v 2.8 2.6 -0.8
v 2.8 2.6 -1.1
v 2.8 2.6 -1.5
v 2.9 0.7 1.4
v 2.9 0.7 1.1
v 2.9 0.7 0.8
v 2.9 0.7 0.1
v 2.9 0.7 0
v 2.9 0.7 -0.8
v 2.9 0.7 -1.1
v 2.9 0.7 -1.5
v 2.9 0.9 1.4
v 2.9 0.9 1.1
v 2.9 0.9 0.8
v 2.9 0.9 0.1
v 2.9 0.9 0
v 2.9 0.9 -0.8
v 2.9 0.9 -1.1
v 2.9 0.9 -1.5
v 2.9 2.6 1.4
v 2.9 2.6 1.1
v 2.9 2.6 0.8
v 2.9 2.6 0.1
v 2.9 2.6 0
v 2.9 2.6 -0.8
v 2.9 2.6 -1.1
v 2.9 2.6 -1.5
v 2.9 2.7 -1.5
v 2.9 2.8 1.4
v 2.9 2.8 1.1
v 2.9 2.8 0.8
v 2.9 2.8 0.1
v 2.9 2.8 0
v 2.9 2.8 -0.8
v 2.9 2.8 -1.1
v 2.9 2.8 -1.5
v 3 0 2.1
v 3 0 1.4
v 3 0 -1.5
v 3 0 -2.1
v 3 0.2 1.9
v 3 0.2 1.8
v 3 0.2 1.6
v 3 0.2 1.4
v 3 0.2 -1.7
v 3 0.2 -1.8
v 3 0.2 -1.9
v 3 0.2 -2.1
v 3 0.3 1.6
v 3 0.3 1.5
v 3 0.3 -1.9
v 3 0.3 -2
v 3 0.4 2
v 3 0.4 1.9
v 3 0.4 1.6
v 3 0.4 1.5
v 3 0.4 -1.6
v 3 0.4 -1.7
v 3 0.4 -1.9
v 3 0.4 -2
v 3 0.6 1.5
v 3 0.6 1.4
v 3 0.6 -2
v 3 0.6 -2.1
v 3 0.7 2.1
v 3 0.7 2
v 3 0.7 1.9
v 3 0.7 1.8
v 3 0.7 -1.5
v 3 0.7 -1.6
v 3 0.7 -1.7
v 3 0.7 -1.8
v 3 0.8 2
v 3 0.8 1.9
v 3 0.8 -1.6
v 3 0.8 -1.7
v 3 0.9 2.1
v 3 0.9 2
v 3 0.9 1.8
v 3 0.9 1.6
v 3 0.9 -1.5
v 3 0.9 -1.6
v 3 0.9 -1.8
v 3 0.9 -1.9
v 3 1 2.1
v 3 1 2
v 3 1 -1.5
v 3 1 -1.6
v 3 1.1 1.8
v 3 1.1 1.6
v 3 1.1 -1.8
v 3 1.1 -1.9
v 3 1.3 2.1
v 3 1.3 2
v 3 1.3 1.9
v 3 1.3 -1.5
v 3 1.3 -1.6
v 3 1.3 -1.7
v 3 1.4 1.6
v 3 1.4 1.5
v 3 1.4 -1.9
v 3 1.4 -2
v 3 1.5 2
v 3 1.5 1.9
v 3 1.5 1.8
v 3 1.5 -1.6
v 3 1.5 -1.7
v 3 1.5 -1.8
v 3 1.6 2.1
v 3 1.6 2
v 3 1.6 -1.5
v 3 1.6 -1.6
v 3 1.7 1.9
v 3 1.7 1.8
v 3 1.7 1.5
v 3 1.7 1.4
v 3 1.7 -1.7
v 3 1.7 -1.8
v 3 1.7 -2
v 3 1.7 -2.1
v 3 2.2 1.5
v 3 2.2 1.4
v 3 2.2 -2
v 3 2.2 -2.1
v 3 2.3 1.9
v 3 2.3 1.8
v 3 2.3 -1.7
v 3 2.3 -1.8
v 3 2.5 2.1
v 3 2.5 2
v 3 2.5 1.6
v 3 2.5 1.4
v 3 2.5 -1.5
v 3 2.5 -1.6
v 3 2.5 -1.9
v 3 2.5 -2.1
v 3 2.6 1.9
v 3 2.6 1.8
v 3 2.6 -1.7
v 3 2.6 -1.8
v 3 2.7 2.1
v 3 2.7 1.9
v 3 2.7 1.6
v 3 2.7 1.5
v 3 2.7 -1.5
v 3 2.7 -1.7
v 3 2.7 -1.9
v 3 2.7 -2
v 3 2.9 2.1
v 3 2.9 2
v 3 2.9 1.9
v 3 2.9 1.8
v 3 2.9 1.5
v 3 2.9 1.4
v 3 2.9 -1.5
v 3 2.9 -1.6
v 3 2.9 -1.7
v 3 2.9 -1.8
v 3 2.9 -2
v 3 2.9 -2.1
v 3 3.1 2
v 3 3.1 1.9
v 3 3.1 -1.6
v 3 3.1 -1.7
v 3 3.2 1.8
v 3 3.2 1.6
v 3 3.2 -1.8
v 3 3.2 -1.9
v 3 3.4 1.6
v 3 3.4 1.5
v 3 3.4 -1.9
v 3 3.4 -2
v 3 3.5 2
v 3 3.5 1.9
v 3 3.5 1.6
v 3 3.5 1.5
v 3 3.5 -1.6
v 3 3.5 -1.7
v 3 3.5 -1.9
v 3 3.5 -2
v 3 3.6 2
v 3 3.6 1.9
v 3 3.6 1.5
v 3 3.6 1.4
v 3 3.6 -1.6
v 3 3.6 -1.7
v 3 3.6 -2
v 3 3.6 -2.1
v 3 3.7 1.8
v 3 3.7 1.6
v 3 3.7 -1.8
v 3 3.7 -1.9
v 3 4 1.5
v 3 4 1.4
v 3 4 -2
v 3 4 -2.1
v 3 4.1 2
v 3 4.1 1.9
v 3 4.1 1.8
v 3 4.1 -1.6
v 3 4.1 -1.7
v 3 4.1 -1.8
v 3 4.2 2.1
v 3 4.2 2
v 3 4.2 1.9
v 3 4.2 1.6
v 3 4.2 1.4
v 3 4.2 -1.5
v 3 4.2 -1.6
v 3 4.2 -1.7
v 3 4.2 -2.1
v 3.1 4.2 2.2
v 3.1 4.2 2.1
v 3.1 4.2 1.6
v 3.1 4.2 -0.8
v 3.1 4.2 -2.2
v 3.1 4.3 2.1
v 3.1 4.3 1.6
v 3.1 4.3 0.1
v 3.1 4.3 -0.7
v 3.1 4.3 -0.8
v 3.1 4.3 -1.8
v 3.1 4.3 -2.1
v 3.1 4.3 -2.2
v 3.1 4.4 0.9
v 3.1 4.4 0.1
v 3.1 4.4 -0.0999999
v 3.1 4.4 -0.7
v 3.1 4.4 -1.4
v 3.1 4.4 -1.8
v 3.1 4.4 -2.1
v 3.1 4.5 1.8
v 3.1 4.5 0.9
v 3.1 4.5 0.7
v 3.1 4.5 -0.0999999
v 3.1 4.5 -0.7
v 3.1 4.5 -0.8
v 3.1 4.5 -1.4
v 3.1 4.5 -2.1
v 3.1 4.6 2.2
v 3.1 4.6 2
v 3.1 4.6 1.8
v 3.1 4.6 1.3
v 3.1 4.6 0.9
v 3.1 4.6 0.7
v 3.1 4.6 0.1
v 3.1 4.6 0
v 3.1 4.6 -0.8
v 3.1 4.6 -0.9
v 3.1 4.6 -1.3
v 3.1 4.6 -2
v 3.1 4.6 -2.1
v 3.1 4.6 -2.2
v 3.2 4.6 2.3
v 3.2 4.6 2.2
v 3.2 4.6 2
v 3.2 4.6 1.3
v 3.2 4.6 0.9
v 3.2 4.6 0.1
v 3.2 4.6 0
v 3.2 4.6 -0.9
v 3.2 4.6 -1.3
v 3.2 4.6 -2
v 3.2 4.6 -2.2
v 3.2 4.6 -2.3
v 3.2 4.8 2.3
v 3.2 4.8 2.2
v 3.2 4.8 2
v 3.2 4.8 1.3
v 3.2 4.8 0.9
v 3.2 4.8 0.1
v 3.2 4.8 0
v 3.2 4.8 -0.9
v 3.2 4.8 -1.3
v 3.2 4.8 -2
v 3.2 4.8 -2.2
v 3.2 4.8 -2.3
v -3.2 4.6 2.3
v -3.2 4.8 2.3
v -0.3 4.6 2.3
v -0.3 4.8 2.3
v 0.9 4.6 2.3
v 0.9 4.8 2.3
v 1.5 4.6 2.3
v 1.5 4.8 2.3
v 2.3 4.6 2.3
v 2.3 4.8 2.3
v 3.2 4.6 2.3
v 3.2 4.8 2.3
v -3.1 4.2 2.2
v -3.1 4.5 2.2
v -3.1 4.6 2.2
v -3 4.2 2.2
v -3 4.3 2.2
v -3 4.4 2.2
v -3 4.5 2.2
v -2.5 4.2 2.2
v -2.5 4.3 2.2
v -2.4 4.4 2.2
v -2.4 4.5 2.2
v -2.3 4.2 2.2
v -2.3 4.3 2.2
v -2 4.2 2.2
v -2 4.3 2.2
v -1.9 4.5 2.2
v -1.9 4.6 2.2
v -0.3 4.6 2.2
v -0.0999999 4.5 2.2
v -0.0999999 4.6 2.2
v 0.6 4.2 2.2
v 0.6 4.3 2.2
v 0.9 4.6 2.2
v 1.1 4.3 2.2
v 1.1 4.4 2.2
v 1.4 4.2 2.2
v 1.4 4.3 2.2
v 1.4 4.4 2.2
v 1.4 4.5 2.2
v 1.5 4.3 2.2
v 1.5 4.4 2.2
v 1.5 4.6 2.2
v 1.8 4.4 2.2
v 1.8 4.5 2.2
v 1.9 4.2 2.2
v 1.9 4.3 2.2
v 2.3 4.3 2.2
v 2.3 4.4 2.2
v 2.3 4.6 2.2
v 2.5 4.5 2.2
v 2.5 4.6 2.2
v 2.6 4.2 2.2
v 2.6 4.3 2.2
v 2.7 4.3 2.2
v 2.7 4.4 2.2
v 3.1 4.2 2.2
v 3.1 4.6 2.2
v -3 0 2.1
v -3 0.7 2.1
v -3 0.9 2.1
v -3 1 2.1
v -3 1.3 2.1
v -3 1.6 2.1
v -3 2.5 2.1
v -3 2.7 2.1
v -3 2.9 2.1
v -3 4.2 2.1
v -2.9 0.5 2.1
v -2.9 0.7 2.1
v -2.9 1 2.1
v -2.9 1.3 2.1
v -2.9 1.6 2.1
v -2.9 2.3 2.1
v -2.9 2.5 2.1
v -2.9 2.7 2.1
v -2.9 2.9 2.1
v -2.9 3 2.1
v -2.9 3.8 2.1
v -2.8 0.5 2.1
v -2.8 0.8 2.1
v -2.8 0.9 2.1
v -2.8 1.3 2.1
v -2.8 1.7 2.1
v -2.8 2.2 2.1
v -2.8 2.3 2.1
v -2.8 3 2.1
v -2.8 3.2 2.1
v -2.8 3.8 2.1
v -2.8 3.9 2.1
v -2.8 4.1 2.1
v -2.8 4.2 2.1
v -2.7 0.2 2.1
v -2.7 0.4 2.1
v -2.7 0.8 2.1
v -2.7 1.1 2.1
v -2.7 1.3 2.1
v -2.7 1.7 2.1
v -2.7 3.7 2.1
v -2.7 3.9 2.1
v -2.7 4.1 2.1
v -2.6 1.1 2.1
v -2.6 1.5 2.1
v -2.6 2.2 2.1
v -2.6 2.7 2.1
v -2.6 3.9 2.1
v -2.6 4.1 2.1
v -2.5 0.2 2.1
v -2.5 0.4 2.1
v -2.5 1.5 2.1
v -2.5 1.7 2.1
v -2.5 2.2 2.1
v -2.5 2.7 2.1
v -2.5 3 2.1
v -2.5 3.2 2.1
v -2.5 3.7 2.1
v -2.5 4 2.1
v -2.5 4.1 2.1
v -2.5 4.2 2.1
v -2.4 0 2.1
v -2.4 1.7 2.1
v -2.4 2.2 2.1
v -2.4 3 2.1
v -2.4 4 2.1
v -2.4 4.2 2.1
v 2.3 0 2.1
v 2.3 0.2 2.1
v 2.3 0.3 2.1
v 2.3 1.7 2.1
v 2.3 2.2 2.1
v 2.3 3 2.1
v 2.3 4 2.1
v 2.3 4.2 2.1
v 2.4 0.3 2.1
v 2.4 0.4 2.1
v 2.4 1.5 2.1
v 2.4 1.7 2.1
v 2.4 2.2 2.1
v 2.4 2.7 2.1
v 2.4 3 2.1
v 2.4 3.2 2.1
v 2.4 3.7 2.1
v 2.4 4 2.1
v 2.4 4.1 2.1
v 2.4 4.2 2.1
v 2.5 1.1 2.1
v 2.5 1.5 2.1
v 2.5 2.2 2.1
v 2.5 2.7 2.1
v 2.5 3.9 2.1
v 2.5 4.1 2.1
v 2.6 0.2 2.1
v 2.6 0.4 2.1
v 2.6 0.8 2.1
v 2.6 1.1 2.1
v 2.6 1.3 2.1
v 2.6 1.7 2.1
v 2.6 3.7 2.1
v 2.6 3.9 2.1
v 2.6 4.1 2.1
v 2.6 4.2 2.1
v 2.8 0.5 2.1
v 2.8 0.8 2.1
v 2.8 0.9 2.1
v 2.8 1.3 2.1
v 2.8 1.7 2.1
v 2.8 2.2 2.1
v 2.8 2.3 2.1
v 2.8 3 2.1
v 2.8 3.2 2.1
v 2.8 3.8 2.1
v 2.8 3.9 2.1
v 2.8 4.1 2.1
v 2.8 4.2 2.1
v 2.9 0.5 2.1
v 2.9 0.7 2.1
v 2.9 1 2.1
v 2.9 1.3 2.1
v 2.9 1.6 2.1
v 2.9 2.3 2.1
v 2.9 2.5 2.1
v 2.9 2.7 2.1
v 2.9 2.9 2.1
v 2.9 3 2.1
v 2.9 3.8 2.1
v 3 0 2.1
v 3 0.7 2.1
v 3 0.9 2.1
v 3 1 2.1
v 3 1.3 2.1
v 3 1.6 2.1
v 3 2.5 2.1
v 3 2.7 2.1
v 3 2.9 2.1
v 3 4.2 2.1
v -2.4 0.7 2
v -2.4 0.9 2
v -2.4 2.6 2
v -2.4 2.8 2
v -0.3 0.7 2
v -0.3 0.9 2
v -0.3 2.6 2
v -0.3 2.8 2
v 0.8 0.7 2
v 0.8 0.9 2
v 0.8 2.6 2
v 0.8 2.8 2
v 1.4 0.7 2
v 1.4 0.9 2
v 1.4 2.6 2
v 1.4 2.8 2
v 2.1 0.7 2
v 2.1 0.9 2
v 2.1 2.6 2
v 2.1 2.8 2
v 2.3 0.7 2
v 2.3 0.9 2
v 2.3 2.6 2
v 2.3 2.8 2
v -2.4 0.3 1.9
v -2.4 0.4 1.9
v -2.4 0.5 1.9
v -2.4 0.6 1.9
v -2.4 0.7 1.9
v -2.4 2.2 1.9
v -2.4 2.3 1.9
v -2.4 2.4 1.9
v -2.4 2.5 1.9
v -2.4 2.6 1.9
v -2.3 0.3 1.9
v -2.3 0.4 1.9
v -2.2 0.5 1.9
v -2.2 0.6 1.9
v -2.2 2.2 1.9
v -2.2 2.3 1.9
v -2.2 2.4 1.9
v -2.2 2.5 1.9
v -2.1 0.3 1.9
v -2.1 0.4 1.9
v -2.1 2.2 1.9
v -2.1 2.3 1.9
v -1.8 0.3 1.9
v -1.8 0.4 1.9
v -1.8 2.2 1.9
v -1.8 2.3 1.9
v -1.7 0.6 1.9
v -1.7 0.7 1.9
v -1.7 2.5 1.9
v -1.7 2.6 1.9
v -0.3 0.7 1.9
v -0.3 2.6 1.9
v -0.0999999 0.6 1.9
v -0.0999999 0.7 1.9
v -0.0999999 2.5 1.9
v -0.0999999 2.6 1.9
v 0.5 0.3 1.9
v 0.5 0.4 1.9
v 0.6 2.2 1.9
v 0.6 2.3 1.9
v 0.8 0.7 1.9
v 0.8 2.6 1.9
v 1 0.4 1.9
v 1 0.5 1.9
v 1 2.3 1.9
v 1 2.4 1.9
v 1.3 0.3 1.9
v 1.3 0.4 1.9
v 1.3 0.5 1.9
v 1.3 0.6 1.9
v 1.3 2.2 1.9
v 1.3 2.3 1.9
v 1.3 2.4 1.9
v 1.3 2.5 1.9
v 1.4 0.4 1.9
v 1.4 0.5 1.9
v 1.4 0.7 1.9
v 1.4 2.3 1.9
v 1.4 2.4 1.9
v 1.4 2.6 1.9
v 1.6 0.5 1.9
v 1.6 0.6 1.9
v 1.6 2.4 1.9
v 1.6 2.5 1.9
v 1.7 0.3 1.9
v 1.7 0.4 1.9
v 1.7 2.2 1.9
v 1.7 2.3 1.9
v 2.1 0.4 1.9
v 2.1 0.5 1.9
v 2.1 0.7 1.9
v 2.1 2.3 1.9
v 2.1 2.4 1.9
v 2.1 2.6 1.9
v 2.2 2.5 1.9
v 2.2 2.6 1.9
v 2.3 0.3 1.9
v 2.3 0.5 1.9
v 2.3 0.6 1.9
v 2.3 0.7 1.9
v 2.3 2.2 1.9
v 2.3 2.3 1.9
v 2.3 2.4 1.9
v 2.3 2.5 1.9
v 2.3 2.6 1.9
v -3 0 -1.5
v -3 0.7 -1.5
v -3 0.9 -1.5
v -3 1 -1.5
v -3 1.3 -1.5
v -3 1.6 -1.5
v -3 2.5 -1.5
v -3 2.7 -1.5
v -3 2.9 -1.5
v -3 4.2 -1.5
v -2.9 0.5 -1.5
v -2.9 0.7 -1.5
v -2.9 0.8 -1.5
v -2.9 0.9 -1.5
v -2.9 1 -1.5
v -2.9 1.3 -1.5
v -2.9 1.6 -1.5
v -2.9 2.3 -1.5
v -2.9 2.5 -1.5
v -2.9 2.6 -1.5
v -2.9 2.7 -1.5
v -2.9 2.8 -1.5
v -2.9 2.9 -1.5
v -2.9 3 -1.5
v -2.9 3.8 -1.5
v -2.8 0.3 -1.5
v -2.8 0.4 -1.5
v -2.8 0.5 -1.5
v -2.8 0.6 -1.5
v -2.8 0.7 -1.5
v -2.8 0.9 -1.5
v -2.8 1.3 -1.5
v -2.8 1.7 -1.5
v -2.8 2.2 -1.5
v -2.8 2.3 -1.5
v -2.8 2.4 -1.5
v -2.8 2.5 -1.5
v -2.8 2.6 -1.5
v -2.8 3 -1.5
v -2.8 3.2 -1.5
v -2.8 3.8 -1.5
v -2.8 3.9 -1.5
v -2.8 4.1 -1.5
v -2.8 4.2 -1.5
v -2.7 0.2 -1.5
v -2.7 0.3 -1.5
v -2.7 0.9 -1.5
v -2.7 1.1 -1.5
v -2.7 1.3 -1.5
v -2.7 1.7 -1.5
v -2.7 2.2 -1.5
v -2.7 3.7 -1.5
v -2.7 3.9 -1.5
v -2.7 4.1 -1.5
v -2.6 1.1 -1.5
v -2.6 1.5 -1.5
v -2.6 3.9 -1.5
v -2.6 4.1 -1.5
v -2.5 0.2 -1.5
v -2.5 0.3 -1.5
v -2.5 1.5 -1.5
v -2.5 1.7 -1.5
v -2.5 3 -1.5
v -2.5 3.2 -1.5
v -2.5 3.7 -1.5
v -2.5 4 -1.5
v -2.5 4.1 -1.5
v -2.5 4.2 -1.5
v -2.4 0 -1.5
v -2.4 0.3 -1.5
v -2.4 0.9 -1.5
v -2.4 1.7 -1.5
v -2.4 2.2 -1.5
v -2.4 2.8 -1.5
v -2.4 3 -1.5
v -2.4 4 -1.5
v -2.4 4.2 -1.5
v 2.4 0 -1.5
v 2.4 0.2 -1.5
v 2.4 0.3 -1.5
v 2.4 0.9 -1.5
v 2.4 1.7 -1.5
v 2.4 2.2 -1.5
v 2.4 2.8 -1.5
v 2.4 3 -1.5
v 2.4 4 -1.5
v 2.4 4.2 -1.5
v 2.5 1.5 -1.5
v 2.5 1.7 -1.5
v 2.5 3 -1.5
v 2.5 3.2 -1.5
v 2.5 3.7 -1.5
v 2.5 4 -1.5
v 2.5 4.1 -1.5
v 2.5 4.2 -1.5
v 2.6 1.1 -1.5
v 2.6 1.5 -1.5
v 2.6 3.9 -1.5
v 2.6 4.1 -1.5
v 2.7 0.2 -1.5
v 2.7 0.3 -1.5
v 2.7 0.9 -1.5
v 2.7 1.1 -1.5
v 2.7 1.3 -1.5
v 2.7 1.7 -1.5
v 2.7 3.7 -1.5
v 2.7 3.9 -1.5
v 2.7 4.1 -1.5
v 2.8 0.3 -1.5
v 2.8 0.4 -1.5
v 2.8 0.5 -1.5
v 2.8 0.6 -1.5
v 2.8 0.7 -1.5
v 2.8 0.9 -1.5
v 2.8 1.3 -1.5
v 2.8 1.7 -1.5
v 2.8 2.2 -1.5
v 2.8 2.3 -1.5
v 2.8 2.5 -1.5
v 2.8 2.6 -1.5
v 2.8 2.8 -1.5
v 2.8 3 -1.5
v 2.8 3.2 -1.5
v 2.8 3.8 -1.5
v 2.8 3.9 -1.5
v 2.8 4.1 -1.5
v 2.8 4.2 -1.5
v 2.9 0.5 -1.5
v 2.9 0.7 -1.5
v 2.9 0.9 -1.5
v 2.9 1 -1.5
v 2.9 1.3 -1.5
v 2.9 1.6 -1.5
v 2.9 2.3 -1.5
v 2.9 2.5 -1.5
v 2.9 2.6 -1.5
v 2.9 2.7 -1.5
v 2.9 2.8 -1.5
v 2.9 2.9 -1.5
v 2.9 3 -1.5
v 2.9 3.8 -1.5
v 3 0 -1.5
v 3 0.7 -1.5
v 3 0.9 -1.5
v 3 1 -1.5
v 3 1.3 -1.5
v 3 1.6 -1.5
v 3 2.5 -1.5
v 3 2.7 -1.5
v 3 2.9 -1.5
v 3 4.2 -1.5
v -3 0 1.5
v -3 0.2 1.5
v -3 0.6 1.5
v -3 1.7 1.5
v -3 2.2 1.5
v -3 2.5 1.5
v -3 2.9 1.5
v -3 3.6 1.5
v -3 4 1.5
v -3 4.2 1.5
v -2.9 0.3 1.5
v -2.9 0.6 1.5
v -2.9 0.7 1.5
v -2.9 0.9 1.5
v -2.9 2.5 1.5
v -2.9 2.6 1.5
v -2.9 2.8 1.5
v -2.9 2.9 1.5
v -2.9 3.1 1.5
v -2.9 3.2 1.5
v -2.9 3.6 1.5
v -2.9 3.8 1.5
v -2.9 4 1.5
v -2.8 0.2 1.5
v -2.8 0.3 1.5
v -2.8 0.5 1.5
v -2.8 0.6 1.5
v -2.8 0.7 1.5
v -2.8 0.9 1.5
v -2.8 1.3 1.5
v -2.8 2.2 1.5
v -2.8 2.4 1.5
v -2.8 2.5 1.5
v -2.8 2.6 1.5
v -2.8 2.8 1.5
v -2.8 2.9 1.5
v -2.8 3.1 1.5
v -2.8 3.2 1.5
v -2.8 3.7 1.5
v -2.8 3.8 1.5
v -2.8 4.1 1.5
v -2.8 4.2 1.5
v -2.7 0.2 1.5
v -2.7 0.3 1.5
v -2.7 0.9 1.5
v -2.7 1 1.5
v -2.7 1.3 1.5
v -2.7 1.7 1.5
v -2.7 2.9 1.5
v -2.7 3 1.5
v -2.7 3.7 1.5
v -2.7 3.8 1.5
v -2.7 4 1.5
v -2.7 4.1 1.5
v -2.6 0.9 1.5
v -2.6 1 1.5
v -2.6 1.3 1.5
v -2.6 2.8 1.5
v -2.6 3 1.5
v -2.6 3.2 1.5
v -2.6 3.7 1.5
v -2.6 3.8 1.5
v -2.6 3.9 1.5
v -2.6 4 1.5
v -2.6 4.1 1.5
v -2.6 4.2 1.5
v -2.5 0.2 1.5
v -2.5 0.3 1.5
v -2.5 0.9 1.5
v -2.5 1 1.5
v -2.5 1.3 1.5
v -2.5 1.4 1.5
v -2.5 2.8 1.5
v -2.5 2.9 1.5
v -2.5 3.3 1.5
v -2.5 3.7 1.5
v -2.5 3.8 1.5
v -2.5 3.9 1.5
v -2.4 0 1.5
v -2.4 0.3 1.5
v -2.4 0.9 1.5
v -2.4 1 1.5
v -2.4 1.4 1.5
v -2.4 2.2 1.5
v -2.4 2.8 1.5
v -2.4 2.9 1.5
v -2.4 3.2 1.5
v -2.4 3.3 1.5
v -2.4 3.8 1.5
v -2.4 4.1 1.5
v -2.4 4.2 1.5
v 2.3 0 1.4
v 2.3 0.3 1.4
v 2.3 0.9 1.4
v 2.3 1 1.4
v 2.3 1.4 1.4
v 2.3 2.2 1.4
v 2.3 2.8 1.4
v 2.3 2.9 1.4
v 2.3 3.2 1.4
v 2.3 3.3 1.4
v 2.3 3.8 1.4
v 2.3 4.1 1.4
v 2.3 4.2 1.4
v 2.4 0.2 1.4
v 2.4 0.3 1.4
v 2.4 0.9 1.4
v 2.4 1 1.4
v 2.4 1.3 1.4
v 2.4 1.4 1.4
v 2.4 2.8 1.4
v 2.4 2.9 1.4
v 2.4 3.3 1.4
v 2.4 3.7 1.4
v 2.4 3.8 1.4
v 2.4 3.9 1.4
v 2.5 1 1.4
v 2.5 1.3 1.4
v 2.5 3 1.4
v 2.5 3.2 1.4
v 2.5 3.7 1.4
v 2.5 3.8 1.4
v 2.5 3.9 1.4
v 2.5 4 1.4
v 2.5 4.1 1.4
v 2.5 4.2 1.4
v 2.6 0.2 1.4
v 2.6 0.3 1.4
v 2.6 0.9 1.4
v 2.6 1 1.4
v 2.6 1.3 1.4
v 2.6 1.7 1.4
v 2.6 2.8 1.4
v 2.6 2.9 1.4
v 2.6 3 1.4
v 2.6 3.7 1.4
v 2.6 3.8 1.4
v 2.6 4 1.4
v 2.6 4.1 1.4
v 2.7 0.3 1.4
v 2.7 2.2 1.4
v 2.8 0.2 1.4
v 2.8 0.3 1.4
v 2.8 0.6 1.4
v 2.8 0.7 1.4
v 2.8 0.9 1.4
v 2.8 1.3 1.4
v 2.8 2.2 1.4
v 2.8 2.5 1.4
v 2.8 2.6 1.4
v 2.8 2.8 1.4
v 2.8 2.9 1.4
v 2.8 3.1 1.4
v 2.8 3.2 1.4
v 2.8 3.7 1.4
v 2.8 3.8 1.4
v 2.8 4.1 1.4
v 2.8 4.2 1.4
v 2.9 0.3 1.4
v 2.9 0.6 1.4
v 2.9 0.7 1.4
v 2.9 0.9 1.4
v 2.9 2.5 1.4
v 2.9 2.6 1.4
v 2.9 2.8 1.4
v 2.9 2.9 1.4
v 2.9 3.1 1.4
v 2.9 3.2 1.4
v 2.9 3.6 1.4
v 2.9 3.8 1.4
v 2.9 4 1.4
v 3 0 1.4
v 3 0.2 1.4
v 3 0.6 1.4
v 3 1.7 1.4
v 3 2.2 1.4
v 3 2.5 1.4
v 3 2.9 1.4
v 3 3.6 1.4
v 3 4 1.4
v 3 4.2 1.4
v -2.4 0.3 -1.9
v -2.4 0.5 -1.9
v -2.4 0.6 -1.9
v -2.4 0.7 -1.9
v -2.4 2.2 -1.9
v -2.4 2.3 -1.9
v -2.4 2.4 -1.9
v -2.4 2.5 -1.9
v -2.4 2.6 -1.9
v -2.2 0.4 -1.9
v -2.2 0.5 -1.9
v -2.2 2.3 -1.9
v -2.2 2.4 -1.9
v -2.1 0.5 -1.9
v -2.1 0.6 -1.9
v -2.1 2.4 -1.9
v -2.1 2.5 -1.9
v -1.6 0.3 -1.9
v -1.6 0.4 -1.9
v -1.6 2.2 -1.9
v -1.6 2.3 -1.9
v -1.5 0.4 -1.9
v -1.5 0.5 -1.9
v -1.5 2.3 -1.9
v -1.5 2.4 -1.9
v -1.4 0.3 -1.9
v -1.4 0.4 -1.9
v -1.4 0.5 -1.9
v -1.4 0.6 -1.9
v -1.4 2.2 -1.9
v -1.4 2.3 -1.9
v -1.4 2.4 -1.9
v -1.4 2.5 -1.9
v -1 0.4 -1.9
v -1 0.5 -1.9
v -1 2.3 -1.9
v -1 2.4 -1.9
v -0.6 2.2 -1.9
v -0.6 2.3 -1.9
v -0.5 0.3 -1.9
v -0.5 0.4 -1.9
v -0.5 0.5 -1.9
v -0.5 0.6 -1.9
v -0.5 0.7 -1.9
v -0.5 2.3 -1.9
v -0.5 2.4 -1.9
v -0.5 2.5 -1.9
v -0.5 2.6 -1.9
v -0.3 0.7 -1.9
v -0.3 2.6 -1.9
v 0.2 0.5 -1.9
v 0.2 0.6 -1.9
v 0.2 2.4 -1.9
v 0.2 2.5 -1.9
v 0.3 0.4 -1.9
v 0.3 0.5 -1.9
v 0.3 2.3 -1.9
v 0.3 2.4 -1.9
v 0.4 0.3 -1.9
v 0.4 0.5 -1.9
v 0.4 2.2 -1.9
v 0.4 2.4 -1.9
v 0.5 0.4 -1.9
v 0.5 0.5 -1.9
v 0.5 2.3 -1.9
v 0.5 2.4 -1.9
v 0.6 0.4 -1.9
v 0.6 0.5 -1.9
v 0.7 0.3 -1.9
v 0.7 0.4 -1.9
v 0.7 2.2 -1.9
v 0.7 2.3 -1.9
v 0.7 2.4 -1.9
v 0.8 0.5 -1.9
v 0.8 0.6 -1.9
v 0.8 0.7 -1.9
v 0.8 2.4 -1.9
v 0.8 2.5 -1.9
v 0.8 2.6 -1.9
v 1 0.4 -1.9
v 1 0.5 -1.9
v 1 0.6 -1.9
v 1 0.7 -1.9
v 1 2.3 -1.9
v 1 2.4 -1.9
v 1 2.5 -1.9
v 1 2.6 -1.9
v 1.2 0.3 -1.9
v 1.2 0.4 -1.9
v 1.2 2.2 -1.9
v 1.2 2.3 -1.9
v 1.4 0.4 -1.9
v 1.4 0.5 -1.9
v 1.4 0.7 -1.9
v 1.4 2.3 -1.9
v 1.4 2.4 -1.9
v 1.4 2.6 -1.9
v 1.5 0.4 -1.9
v 1.5 0.5 -1.9
v 1.5 2.3 -1.9
v 1.5 2.4 -1.9
v 1.6 0.5 -1.9
v 1.6 0.6 -1.9
v 1.6 2.4 -1.9
v 1.6 2.5 -1.9
v 1.7 0.4 -1.9
v 1.7 0.5 -1.9
v 1.7 2.3 -1.9
v 1.7 2.4 -1.9
v 1.8 0.6 -1.9
v 1.8 0.7 -1.9
v 1.8 2.5 -1.9
v 1.8 2.6 -1.9
v 1.9 0.4 -1.9
v 1.9 0.5 -1.9
v 1.9 2.3 -1.9
v 1.9 2.4 -1.9
v 2 0.3 -1.9
v 2 0.4 -1.9
v 2 2.2 -1.9
v 2 2.3 -1.9
v 2.1 0.4 -1.9
v 2.1 0.5 -1.9
v 2.1 0.7 -1.9
v 2.1 2.3 -1.9
v 2.1 2.4 -1.9
v 2.1 2.5 -1.9
v 2.1 2.6 -1.9
v 2.2 0.5 -1.9
v 2.2 0.6 -1.9
v 2.3 2.2 -1.9
v 2.3 2.3 -1.9
v 2.4 0.3 -1.9
v 2.4 0.4 -1.9
v 2.4 0.5 -1.9
v 2.4 0.7 -1.9
v 2.4 2.2 -1.9
v 2.4 2.3 -1.9
v 2.4 2.4 -1.9
v 2.4 2.6 -1.9
v -2.4 0.7 -2
v -2.4 0.8 -2
v -2.4 0.9 -2
v -2.4 2.6 -2
v -2.4 2.7 -2
v -2.4 2.8 -2
v -0.3 0.7 -2
v -0.3 0.9 -2
v -0.3 2.6 -2
v -0.3 2.8 -2
v 0.8 0.7 -2
v 0.8 0.9 -2
v 0.8 2.6 -2
v 0.8 2.8 -2
v 1.4 0.7 -2
v 1.4 0.9 -2
v 1.4 2.6 -2
v 1.4 2.8 -2
v 2.1 0.7 -2
v 2.1 0.9 -2
v 2.1 2.6 -2
v 2.1 2.8 -2
v 2.4 0.7 -2
v 2.4 0.8 -2
v 2.4 0.9 -2
v 2.4 2.6 -2
v 2.4 2.7 -2
v 2.4 2.8 -2
v -3 0 -2.1
v -3 0.2 -2.1
v -3 0.6 -2.1
v -3 1.7 -2.1
v -3 2.2 -2.1
v -3 2.5 -2.1
v -3 2.9 -2.1
v -3 3.6 -2.1
v -3 4 -2.1
v -3 4.2 -2.1
v -2.9 0.3 -2.1
v -2.9 0.6 -2.1
v -2.9 0.9 -2.1
v -2.9 2.5 -2.1
v -2.9 2.7 -2.1
v -2.9 2.9 -2.1
v -2.9 3.1 -2.1
v -2.9 3.2 -2.1
v -2.9 3.6 -2.1
v -2.9 3.8 -2.1
v -2.9 4 -2.1
v -2.8 0.2 -2.1
v -2.8 0.3 -2.1
v -2.8 0.5 -2.1
v -2.8 0.6 -2.1
v -2.8 0.9 -2.1
v -2.8 1.3 -2.1
v -2.8 2.7 -2.1
v -2.8 2.9 -2.1
v -2.8 3.1 -2.1
v -2.8 3.2 -2.1
v -2.8 3.7 -2.1
v -2.8 3.8 -2.1
v -2.8 4.1 -2.1
v -2.8 4.2 -2.1
v -2.7 0.2 -2.1
v -2.7 0.5 -2.1
v -2.7 0.6 -2.1
v -2.7 1 -2.1
v -2.7 1.3 -2.1
v -2.7 1.7 -2.1
v -2.7 2.2 -2.1
v -2.7 2.5 -2.1
v -2.7 2.9 -2.1
v -2.7 3 -2.1
v -2.7 3.7 -2.1
v -2.7 3.8 -2.1
v -2.7 4 -2.1
v -2.7 4.1 -2.1
v -2.7 4.2 -2.1
v -2.6 0.3 -2.1
v -2.6 0.6 -2.1
v -2.6 1 -2.1
v -2.6 1.3 -2.1
v -2.6 2.2 -2.1
v -2.6 2.5 -2.1
v -2.6 2.7 -2.1
v -2.6 3 -2.1
v -2.6 3.2 -2.1
v -2.6 3.7 -2.1
v -2.6 3.8 -2.1
v -2.6 3.9 -2.1
v -2.6 4 -2.1
v -2.6 4.1 -2.1
v -2.6 4.2 -2.1
v -2.5 0.2 -2.1
v -2.5 0.3 -2.1
v -2.5 0.8 -2.1
v -2.5 1 -2.1
v -2.5 1.3 -2.1
v -2.5 1.4 -2.1
v -2.5 2.2 -2.1
v -2.5 2.4 -2.1
v -2.5 2.5 -2.1
v -2.5 2.7 -2.1
v -2.5 2.9 -2.1
v -2.5 3.3 -2.1
v -2.5 3.7 -2.1
v -2.5 3.8 -2.1
v -2.5 3.9 -2.1
v -2.4 0 -2.1
v -2.4 0.8 -2.1
v -2.4 1 -2.1
v -2.4 1.4 -2.1
v -2.4 2.4 -2.1
v -2.4 2.7 -2.1
v -2.4 2.9 -2.1
v -2.4 3.2 -2.1
v -2.4 3.3 -2.1
v -2.4 3.8 -2.1
v -2.4 4.1 -2.1
v -2.4 4.2 -2.1
v 2.4 0 -2.1
v 2.4 0.8 -2.1
v 2.4 1 -2.1
v 2.4 1.4 -2.1
v 2.4 2.4 -2.1
v 2.4 2.7 -2.1
v 2.4 2.9 -2.1
v 2.4 3.2 -2.1
v 2.4 3.3 -2.1
v 2.4 3.8 -2.1
v 2.4 4.1 -2.1
v 2.4 4.2 -2.1
v 2.5 0.2 -2.1
v 2.5 0.3 -2.1
v 2.5 0.8 -2.1
v 2.5 1 -2.1
v 2.5 1.3 -2.1
v 2.5 1.4 -2.1
v 2.5 2.2 -2.1
v 2.5 2.4 -2.1
v 2.5 2.5 -2.1
v 2.5 2.7 -2.1
v 2.5 2.9 -2.1
v 2.5 3.3 -2.1
v 2.5 3.7 -2.1
v 2.5 3.8 -2.1
v 2.5 3.9 -2.1
v 2.6 0.3 -2.1
v 2.6 0.6 -2.1
v 2.6 1 -2.1
v 2.6 1.3 -2.1
v 2.6 2.2 -2.1
v 2.6 2.5 -2.1
v 2.6 2.7 -2.1
v 2.6 3 -2.1
v 2.6 3.2 -2.1
v 2.6 3.7 -2.1
v 2.6 3.8 -2.1
v 2.6 3.9 -2.1
v 2.6 4 -2.1
v 2.6 4.1 -2.1
v 2.6 4.2 -2.1
v 2.7 0.2 -2.1
v 2.7 0.5 -2.1
v 2.7 0.6 -2.1
v 2.7 1 -2.1
v 2.7 1.3 -2.1
v 2.7 1.7 -2.1
v 2.7 2.2 -2.1
v 2.7 2.5 -2.1
v 2.7 2.9 -2.1
v 2.7 3 -2.1
v 2.7 3.7 -2.1
v 2.7 3.8 -2.1
v 2.7 4 -2.1
v 2.7 4.1 -2.1
v 2.8 0.2 -2.1
v 2.8 0.3 -2.1
v 2.8 0.5 -2.1
v 2.8 0.6 -2.1
v 2.8 0.9 -2.1
v 2.8 1.3 -2.1
v 2.8 2.7 -2.1
v 2.8 2.9 -2.1
v 2.8 3.1 -2.1
v 2.8 3.2 -2.1
v 2.8 3.7 -2.1
v 2.8 3.8 -2.1
v 2.8 4.1 -2.1
v 2.8 4.2 -2.1
v 2.9 0.3 -2.1
v 2.9 0.6 -2.1
v 2.9 0.9 -2.1
v 2.9 2.5 -2.1
v 2.9 2.7 -2.1
v 2.9 2.9 -2.1
v 2.9 3.1 -2.1
v 2.9 3.2 -2.1
v 2.9 3.6 -2.1
v 2.9 3.8 -2.1
v 2.9 4 -2.1
v 3 0 -2.1
v 3 0.2 -2.1
v 3 0.6 -2.1
v 3 1.7 -2.1
v 3 2.2 -2.1
v 3 2.5 -2.1
v 3 2.9 -2.1
v 3 3.6 -2.1
v 3 4 -2.1
v 3 4.2 -2.1
v -3.1 4.2 -2.2
v -3.1 4.5 -2.2
v -3.1 4.6 -2.2
v -2.9 4.3 -2.2
v -2.9 4.4 -2.2
v -2.7 4.2 -2.2
v -2.7 4.3 -2.2
v -2.4 4.3 -2.2
v -2.4 4.4 -2.2
v -2.3 4.4 -2.2
v -2.3 4.5 -2.2
v -1.8 4.2 -2.2
v -1.8 4.3 -2.2
v -1.7 4.3 -2.2
v -1.7 4.4 -2.2
v -1.5 4.2 -2.2
v -1.5 4.3 -2.2
v -1.5 4.4 -2.2
v -1.5 4.5 -2.2
v -1.1 4.3 -2.2
v -1.1 4.4 -2.2
v -0.6 4.2 -2.2
v -0.6 4.3 -2.2
v -0.5 4.3 -2.2
v -0.5 4.4 -2.2
v -0.5 4.5 -2.2
v -0.5 4.6 -2.2
v -0.3 4.6 -2.2
v 0.2 4.4 -2.2
v 0.2 4.5 -2.2
v 0.3 4.3 -2.2
v 0.3 4.4 -2.2
v 0.4 4.2 -2.2
v 0.4 4.4 -2.2
v 0.5 4.3 -2.2
v 0.5 4.4 -2.2
v 0.7 4.3 -2.2
v 0.7 4.4 -2.2
v 0.8 4.2 -2.2
v 0.8 4.3 -2.2
v 0.9 4.4 -2.2
v 0.9 4.5 -2.2
v 0.9 4.6 -2.2
v 1.1 4.3 -2.2
v 1.1 4.4 -2.2
v 1.1 4.5 -2.2
v 1.1 4.6 -2.2
v 1.3 4.2 -2.2
v 1.3 4.3 -2.2
v 1.5 4.6 -2.2
v 1.6 4.3 -2.2
v 1.6 4.4 -2.2
v 1.7 4.3 -2.2
v 1.7 4.4 -2.2
v 1.8 4.4 -2.2
v 1.8 4.5 -2.2
v 1.9 4.3 -2.2
v 1.9 4.4 -2.2
v 2 4.5 -2.2
v 2 4.6 -2.2
v 2.1 4.3 -2.2
v 2.1 4.4 -2.2
v 2.2 4.2 -2.2
v 2.2 4.3 -2.2
v 2.3 4.3 -2.2
v 2.3 4.4 -2.2
v 2.3 4.6 -2.2
v 2.4 4.4 -2.2
v 2.4 4.5 -2.2
v 2.6 4.2 -2.2
v 2.6 4.3 -2.2
v 2.9 4.3 -2.2
v 2.9 4.4 -2.2
v 3.1 4.2 -2.2
v 3.1 4.3 -2.2
v 3.1 4.6 -2.2
v -3.2 4.6 -2.3
v -3.2 4.8 -2.3
v -0.3 4.6 -2.3
v -0.3 4.8 -2.3
v 0.9 4.6 -2.3
v 0.9 4.8 -2.3
v 1.5 4.6 -2.3
v 1.5 4.8 -2.3
v 2.3 4.6 -2.3
v 2.3 4.8 -2.3
v 3.2 4.6 -2.3
v 3.2 4.8 -2.3
v -3 0 2.1
v -2.4 0 2.1
v 2.3 0 2.1
v 3 0 2.1
v -3 0 1.5
v -2.4 0 1.5
v 2.3 0 1.4
v 3 0 1.4
v -3 0 -1.5
v -2.4 0 -1.5
v 2.4 0 -1.5
v 3 0 -1.5
v -3 0 -2.1
v -2.4 0 -2.1
v 2.4 0 -2.1
v 3 0 -2.1
v -2.4 0.3 1.9
v -2.3 0.3 1.9
v -2.1 0.3 1.9
v -1.8 0.3 1.9
v 0.5 0.3 1.9
v 1.3 0.3 1.9
v 1.7 0.3 1.9
v 2.3 0.3 1.9
v -2.3 0.3 1.8
v -2.1 0.3 1.8
v -1.8 0.3 1.8
v 0.5 0.3 1.8
v 1.3 0.3 1.8
v 1.7 0.3 1.8
v -2.4 0.3 1.7
v -2.4 0.3 1.6
v -2.8 0.3 1.5
v -2.7 0.3 1.5
v -2.5 0.3 1.5
v -2.4 0.3 1.5
v -2.8 0.3 1.4
v -2.7 0.3 1.4
v 2.3 0.3 1.4
v 2.4 0.3 1.4
v 2.6 0.3 1.4
v 2.7 0.3 1.4
v 2.8 0.3 1.4
v -2.8 0.3 -0.2
v -2.7 0.3 -0.2
v 2.7 0.3 -0.7
v 2.8 0.3 -0.7
v -2.8 0.3 -0.9
v -2.7 0.3 -0.9
v -2.8 0.3 -1.5
v -2.7 0.3 -1.5
v -2.5 0.3 -1.5
v -2.4 0.3 -1.5
v 2.4 0.3 -1.5
v 2.7 0.3 -1.5
v 2.8 0.3 -1.5
v -2.4 0.3 -1.6
v -2.4 0.3 -1.7
v 2.4 0.3 -1.7
v -1.6 0.3 -1.8
v -1.4 0.3 -1.8
v -0.5 0.3 -1.8
v 0.4 0.3 -1.8
v 0.7 0.3 -1.8
v 1.2 0.3 -1.8
v 2 0.3 -1.8
v 2.4 0.3 -1.8
v -2.4 0.3 -1.9
v -1.6 0.3 -1.9
v -1.4 0.3 -1.9
v -0.5 0.3 -1.9
v 0.4 0.3 -1.9
v 0.7 0.3 -1.9
v 1.2 0.3 -1.9
v 2 0.3 -1.9
v 2.4 0.3 -1.9
v -2.4 0.7 2
v -0.3 0.7 2
v 0.8 0.7 2
v 1.4 0.7 2
v 2.1 0.7 2
v 2.3 0.7 2
v -2.4 0.7 1.9
v -1.7 0.7 1.9
v -0.3 0.7 1.9
v -0.0999999 0.7 1.9
v 0.8 0.7 1.9
v 1.4 0.7 1.9
v 2.1 0.7 1.9
v 2.3 0.7 1.9
v -2.9 0.7 1.5
v -2.8 0.7 1.5
v 2.8 0.7 1.4
v 2.9 0.7 1.4
v -2.9 0.7 1.3
v -2.8 0.7 1.3
v -2.9 0.7 1.2
v -2.8 0.7 1.2
v -2.9 0.7 1.1
v -2.8 0.7 1.1
v 2.8 0.7 1.1
v 2.9 0.7 1.1
v -2.8 0.7 0.8
v 2.8 0.7 0.8
v 2.9 0.7 0.8
v -2.9 0.7 0.7
v -2.8 0.7 0.7
v -2.9 0.7 0.6
v -2.8 0.7 0.6
v 2.8 0.7 0.6
v -2.9 0.7 0.1
v -2.8 0.7 0.1
v 2.8 0.7 0.1
v 2.9 0.7 0.1
v 2.8 0.7 0
v 2.9 0.7 0
v -2.9 0.7 -0.0999999
v -2.8 0.7 -0.0999999
v -2.8 0.7 -0.3
v -2.9 0.7 -0.6
v -2.8 0.7 -0.6
v -2.9 0.7 -0.7
v -2.8 0.7 -0.7
v 2.8 0.7 -0.7
v -2.8 0.7 -0.8
v 2.8 0.7 -0.8
v 2.9 0.7 -0.8
v -2.9 0.7 -1.1
v -2.8 0.7 -1.1
v 2.8 0.7 -1.1
v 2.9 0.7 -1.1
v -2.9 0.7 -1.2
v -2.8 0.7 -1.2
v -2.9 0.7 -1.3
v -2.8 0.7 -1.3
v -2.8 0.7 -1.4
v -2.9 0.7 -1.5
v -2.8 0.7 -1.5
v 2.8 0.7 -1.5
v 2.9 0.7 -1.5
v -2.4 0.7 -1.9
v -0.5 0.7 -1.9
v -0.3 0.7 -1.9
v 0.8 0.7 -1.9
v 1 0.7 -1.9
v 1.4 0.7 -1.9
v 1.8 0.7 -1.9
v 2.1 0.7 -1.9
v 2.4 0.7 -1.9
v -2.4 0.7 -2
v -0.3 0.7 -2
v 0.8 0.7 -2
v 1.4 0.7 -2
v 2.1 0.7 -2
v 2.4 0.7 -2
v -2.4 2.2 1.9
v -2.2 2.2 1.9
v -2.1 2.2 1.9
v -1.8 2.2 1.9
v 0.6 2.2 1.9
v 1.3 2.2 1.9
v 1.7 2.2 1.9
v 2.3 2.2 1.9
v -2.2 2.2 1.8
v -2.1 2.2 1.8
v -1.8 2.2 1.8
v 0.6 2.2 1.8
v 1.3 2.2 1.8
v 1.7 2.2 1.8
v -2.4 2.2 1.6
v -2.8 2.2 1.5
v -2.4 2.2 1.5
v 2.3 2.2 1.5
v -2.8 2.2 1.4
v -2.7 2.2 1.4
v 2.3 2.2 1.4
v 2.7 2.2 1.4
v 2.8 2.2 1.4
v -2.8 2.2 -0.2
v -2.7 2.2 -0.2
v 2.7 2.2 -0.7
v 2.8 2.2 -0.7
v -2.8 2.2 -0.9
v -2.7 2.2 -0.9
v -2.8 2.2 -1.5
v -2.7 2.2 -1.5
v -2.4 2.2 -1.5
v 2.4 2.2 -1.5
v 2.8 2.2 -1.5
v -2.4 2.2 -1.6
v 2.4 2.2 -1.6
v -1.6 2.2 -1.8
v -1.4 2.2 -1.8
v -0.6 2.2 -1.8
v 0.4 2.2 -1.8
v 0.7 2.2 -1.8
v 1.2 2.2 -1.8
v 2 2.2 -1.8
v 2.3 2.2 -1.8
v -2.4 2.2 -1.9
v -1.6 2.2 -1.9
v -1.4 2.2 -1.9
v -0.6 2.2 -1.9
v 0.4 2.2 -1.9
v 0.7 2.2 -1.9
v 1.2 2.2 -1.9
v 2 2.2 -1.9
v 2.3 2.2 -1.9
v 2.4 2.2 -1.9
v -2.4 2.6 2
v -0.3 2.6 2
v 0.8 2.6 2
v 1.4 2.6 2
v 2.1 2.6 2
v 2.3 2.6 2
v -2.4 2.6 1.9
v -1.7 2.6 1.9
v -0.3 2.6 1.9
v -0.0999999 2.6 1.9
v 0.8 2.6 1.9
v 1.4 2.6 1.9
v 2.1 2.6 1.9
v 2.2 2.6 1.9
v 2.3 2.6 1.9
v -2.9 2.6 1.5
v -2.8 2.6 1.5
v 2.8 2.6 1.4
v 2.9 2.6 1.4
v -2.9 2.6 1.3
v -2.8 2.6 1.3
v -2.9 2.6 1.2
v -2.8 2.6 1.2
v -2.9 2.6 1.1
v -2.8 2.6 1.1
v 2.8 2.6 1.1
v 2.9 2.6 1.1
v -2.8 2.6 0.8
v 2.8 2.6 0.8
v 2.9 2.6 0.8
v -2.9 2.6 0.7
v -2.8 2.6 0.7
v -2.9 2.6 0.6
v -2.8 2.6 0.6
v 2.8 2.6 0.6
v -2.9 2.6 0.1
v -2.8 2.6 0.1
v 2.8 2.6 0.1
v 2.9 2.6 0.1
v 2.8 2.6 0
v 2.9 2.6 0
v -2.9 2.6 -0.0999999
v -2.8 2.6 -0.0999999
v -2.8 2.6 -0.3
v -2.9 2.6 -0.6
v -2.8 2.6 -0.6
v -2.9 2.6 -0.7
v -2.8 2.6 -0.7
v 2.8 2.6 -0.7
v -2.8 2.6 -0.8
v 2.8 2.6 -0.8
v 2.9 2.6 -0.8
v -2.9 2.6 -1.1
v -2.8 2.6 -1.1
v 2.8 2.6 -1.1
v 2.9 2.6 -1.1
v -2.9 2.6 -1.2
v -2.8 2.6 -1.2
v -2.9 2.6 -1.3
v -2.8 2.6 -1.3
v -2.8 2.6 -1.4
v -2.9 2.6 -1.5
v -2.8 2.6 -1.5
v 2.8 2.6 -1.5
v 2.9 2.6 -1.5
v -2.4 2.6 -1.9
v -0.5 2.6 -1.9
v -0.3 2.6 -1.9
v 0.8 2.6 -1.9
v 1 2.6 -1.9
v 1.4 2.6 -1.9
v 1.8 2.6 -1.9
v 2.1 2.6 -1.9
v 2.4 2.6 -1.9
v -2.4 2.6 -2
v -0.3 2.6 -2
v 0.8 2.6 -2
v 1.4 2.6 -2
v 2.1 2.6 -2
v 2.4 2.6 -2
v -3.1 4.2 2.2
v -3 4.2 2.2
v -2.5 4.2 2.2
v -2.3 4.2 2.2
v -2 4.2 2.2
v 0.6 4.2 2.2
v 1.4 4.2 2.2
v 1.9 4.2 2.2
v 2.6 4.2 2.2
v 3.1 4.2 2.2
v -3.1 4.2 2.1
v -3 4.2 2.1
v -2.8 4.2 2.1
v -2.5 4.2 2.1
v -2.4 4.2 2.1
v -2.3 4.2 2.1
v -2 4.2 2.1
v 0.6 4.2 2.1
v 1.4 4.2 2.1
v 1.9 4.2 2.1
v 2.3 4.2 2.1
v 2.4 4.2 2.1
v 2.6 4.2 2.1
v 2.8 4.2 2.1
v 3 4.2 2.1
v 3.1 4.2 2.1
v -3 4.2 2
v -2.4 4.2 2
v 2.3 4.2 2
v 3 4.2 2
v -3 4.2 1.9
v 3 4.2 1.9
v -2.4 4.2 1.7
v -3.1 4.2 1.6
v -3 4.2 1.6
v 2.3 4.2 1.6
v 3 4.2 1.6
v 3.1 4.2 1.6
v -3 4.2 1.5
v -2.8 4.2 1.5
v -2.6 4.2 1.5
v -2.4 4.2 1.5
v 2.3 4.2 1.4
v 2.5 4.2 1.4
v 2.8 4.2 1.4
v 3 4.2 1.4
v -3.1 4.2 -0.2
v -3 4.2 -0.2
v 3 4.2 -0.8
v 3.1 4.2 -0.8
v -3.1 4.2 -1
v -3 4.2 -1
v -3 4.2 -1.5
v -2.8 4.2 -1.5
v -2.5 4.2 -1.5
v -2.4 4.2 -1.5
v 2.4 4.2 -1.5
v 2.5 4.2 -1.5
v 2.8 4.2 -1.5
v 3 4.2 -1.5
v -3 4.2 -1.6
v -2.4 4.2 -1.6
v 2.4 4.2 -1.6
v 3 4.2 -1.6
v -3 4.2 -1.7
v 3 4.2 -1.7
v -2.4 4.2 -1.9
v 2.4 4.2 -1.9
v -3 4.2 -2.1
v -2.8 4.2 -2.1
v -2.7 4.2 -2.1
v -2.6 4.2 -2.1
v -2.4 4.2 -2.1
v -1.8 4.2 -2.1
v -1.5 4.2 -2.1
v -0.6 4.2 -2.1
v 0.4 4.2 -2.1
v 0.8 4.2 -2.1
v 1.3 4.2 -2.1
v 2.2 4.2 -2.1
v 2.4 4.2 -2.1
v 2.6 4.2 -2.1
v 2.8 4.2 -2.1
v 3 4.2 -2.1
v -3.1 4.2 -2.2
v -2.7 4.2 -2.2
v -1.8 4.2 -2.2
v -1.5 4.2 -2.2
v -0.6 4.2 -2.2
v 0.4 4.2 -2.2
v 0.8 4.2 -2.2
v 1.3 4.2 -2.2
v 2.2 4.2 -2.2
v 2.6 4.2 -2.2
v 3.1 4.2 -2.2
v -3.2 4.6 2.3
v -0.3 4.6 2.3
v 0.9 4.6 2.3
v 1.5 4.6 2.3
v 2.3 4.6 2.3
v 3.2 4.6 2.3
v -3.1 4.6 2.2
v -1.9 4.6 2.2
v -0.3 4.6 2.2
v -0.0999999 4.6 2.2
v 0.9 4.6 2.2
v 1.5 4.6 2.2
v 2.3 4.6 2.2
v 2.5 4.6 2.2
v 3.1 4.6 2.2
v 3.2 4.6 2.2
v -3.1 4.6 2.1
v 3.1 4.6 2
v 3.2 4.6 2
v -3.2 4.6 1.8
v -3.1 4.6 1.8
v 3.1 4.6 1.8
v -3.1 4.6 1.7
v -3.2 4.6 1.5
v -3.1 4.6 1.5
v -3.2 4.6 1.4
v -3.1 4.6 1.4
v -3.2 4.6 1.3
v -3.1 4.6 1.3
v 3.1 4.6 1.3
v 3.2 4.6 1.3
v -3.1 4.6 0.9
v 3.1 4.6 0.9
v 3.2 4.6 0.9
v -3.2 4.6 0.8
v -3.1 4.6 0.8
v -3.2 4.6 0.7
v -3.1 4.6 0.7
v 3.1 4.6 0.7
v -3.2 4.6 0.1
v -3.1 4.6 0.1
v 3.1 4.6 0.1
v 3.2 4.6 0.1
v 3.1 4.6 0
v 3.2 4.6 0
v -3.2 4.6 -0.0999999
v -3.1 4.6 -0.0999999
v -3.1 4.6 -0.3
v -3.2 4.6 -0.7
v -3.1 4.6 -0.7
v -3.2 4.6 -0.8
v -3.1 4.6 -0.8
v 3.1 4.6 -0.8
v -3.1 4.6 -0.9
v 3.1 4.6 -0.9
v 3.2 4.6 -0.9
v -3.2 4.6 -1.3
v -3.1 4.6 -1.3
v 3.1 4.6 -1.3
v 3.2 4.6 -1.3
v -3.2 4.6 -1.4
v -3.1 4.6 -1.4
v -3.2 4.6 -1.5
v -3.1 4.6 -1.5
v -3.1 4.6 -1.6
v -3.2 4.6 -1.8
v -3.1 4.6 -1.8
v 3.1 4.6 -2
v 3.2 4.6 -2
v 3.1 4.6 -2.1
v -3.1 4.6 -2.2
v -0.5 4.6 -2.2
v -0.3 4.6 -2.2
v 0.9 4.6 -2.2
v 1.1 4.6 -2.2
v 1.5 4.6 -2.2
v 2 4.6 -2.2
v 2.3 4.6 -2.2
v 3.1 4.6 -2.2
v 3.2 4.6 -2.2
v -3.2 4.6 -2.3
v -0.3 4.6 -2.3
v 0.9 4.6 -2.3
v 1.5 4.6 -2.3
v 2.3 4.6 -2.3
v 3.2 4.6 -2.3
v -2.4 0.9 2
v -0.3 0.9 2
v 0.8 0.9 2
v 1.4 0.9 2
v 2.1 0.9 2
v 2.3 0.9 2
v -2.4 0.9 1.9
v -1.7 0.9 1.9
v -1.6 0.9 1.9
v -0.4 0.9 1.9
v -0.3 0.9 1.9
v 0.5 0.9 1.9
v 0.8 0.9 1.9
v 0.9 0.9 1.9
v 1.2 0.9 1.9
v 1.4 0.9 1.9
v 1.8 0.9 1.9
v 2.1 0.9 1.9
v 2.3 0.9 1.9
v -2.4 0.9 1.8
v -2.2 0.9 1.8
v -1.8 0.9 1.8
v -1.7 0.9 1.8
v -1.6 0.9 1.8
v -1.4 0.9 1.8
v -1.1 0.9 1.8
v -0.5 0.9 1.8
v -0.4 0.9 1.8
v -0.2 0.9 1.8
v 0.5 0.9 1.8
v 0.6 0.9 1.8
v 0.7 0.9 1.8
v 0.8 0.9 1.8
v 0.9 0.9 1.8
v 1 0.9 1.8
v 1.2 0.9 1.8
v 1.4 0.9 1.8
v 1.8 0.9 1.8
v 2.3 0.9 1.8
v -2.4 0.9 1.7
v -2.3 0.9 1.7
v -2.2 0.9 1.7
v -1.8 0.9 1.7
v -1.6 0.9 1.7
v -1.4 0.9 1.7
v -1.3 0.9 1.7
v -1.1 0.9 1.7
v -0.8 0.9 1.7
v -0.5 0.9 1.7
v -0.2 0.9 1.7
v 0 0.9 1.7
v 0.3 0.9 1.7
v 0.5 0.9 1.7
v 0.6 0.9 1.7
v 0.7 0.9 1.7
v 0.8 0.9 1.7
v 1 0.9 1.7
v 1.3 0.9 1.7
v 1.4 0.9 1.7
v 1.9 0.9 1.7
v 2.3 0.9 1.7
v -2.4 0.9 1.6
v -2.3 0.9 1.6
v -2.2 0.9 1.6
v -2 0.9 1.6
v -1.6 0.9 1.6
v -1.3 0.9 1.6
v -1.2 0.9 1.6
v -0.8 0.9 1.6
v -0.6 0.9 1.6
v -0.5 0.9 1.6
v -0.3 0.9 1.6
v 0 0.9 1.6
v 0.4 0.9 1.6
v 0.5 0.9 1.6
v 0.6 0.9 1.6
v 0.7 0.9 1.6
v 0.8 0.9 1.6
v 1.3 0.9 1.6
v 1.4 0.9 1.6
v 1.5 0.9 1.6
v 1.9 0.9 1.6
v -2.9 0.9 1.5
v -2.8 0.9 1.5
v -2.7 0.9 1.5
v -2.6 0.9 1.5
v -2.5 0.9 1.5
v -2.4 0.9 1.5
v -2.3 0.9 1.5
v -2 0.9 1.5
v -1.6 0.9 1.5
v -1.4 0.9 1.5
v -1.2 0.9 1.5
v -0.8 0.9 1.5
v -0.6 0.9 1.5
v -0.3 0.9 1.5
v 0.3 0.9 1.5
v 0.4 0.9 1.5
v 0.5 0.9 1.5
v 0.7 0.9 1.5
v 1.2 0.9 1.5
v 1.4 0.9 1.5
v 1.5 0.9 1.5
v 1.7 0.9 1.5
v 2.3 0.9 1.5
v -2.6 0.9 1.4
v -2.5 0.9 1.4
v -2.3 0.9 1.4
v -2.2 0.9 1.4
v -1.5 0.9 1.4
v -1.4 0.9 1.4
v -1.3 0.9 1.4
v -0.8 0.9 1.4
v -0.2 0.9 1.4
v -0.0999999 0.9 1.4
v 0.4 0.9 1.4
v 0.5 0.9 1.4
v 0.8 0.9 1.4
v 1.2 0.9 1.4
v 1.7 0.9 1.4
v 2.1 0.9 1.4
v 2.3 0.9 1.4
v 2.4 0.9 1.4
v 2.6 0.9 1.4
v 2.8 0.9 1.4
v 2.9 0.9 1.4
v -2.9 0.9 1.3
v -2.7 0.9 1.3
v -2.5 0.9 1.3
v -2.3 0.9 1.3
v -1.8 0.9 1.3
v -1.5 0.9 1.3
v -1.3 0.9 1.3
v -0.4 0.9 1.3
v -0.2 0.9 1.3
v -0.0999999 0.9 1.3
v 0.4 0.9 1.3
v 0.6 0.9 1.3
v 0.8 0.9 1.3
v 1.4 0.9 1.3
v 1.6 0.9 1.3
v 2.1 0.9 1.3
v 2.6 0.9 1.3
v -2.9 0.9 1.2
v -2.8 0.9 1.2
v -2.7 0.9 1.2
v -2.4 0.9 1.2
v -2.3 0.9 1.2
v -2.2 0.9 1.2
v -2 0.9 1.2
v -1.8 0.9 1.2
v -1.6 0.9 1.2
v -1.5 0.9 1.2
v -0.9 0.9 1.2
v -0.7 0.9 1.2
v -0.5 0.9 1.2
v -0.4 0.9 1.2
v 0.5 0.9 1.2
v 0.6 0.9 1.2
v 1.2 0.9 1.2
v 1.4 0.9 1.2
v 1.6 0.9 1.2
v 1.8 0.9 1.2
v 2.7 0.9 1.2
v 2.8 0.9 1.2
v -2.9 0.9 1.1
v -2.8 0.9 1.1
v -2.7 0.9 1.1
v -2.6 0.9 1.1
v -2.2 0.9 1.1
v -2 0.9 1.1
v -1.9 0.9 1.1
v -1.6 0.9 1.1
v -1.3 0.9 1.1
v -0.9 0.9 1.1
v -0.8 0.9 1.1
v -0.7 0.9 1.1
v -0.6 0.9 1.1
v -0.5 0.9 1.1
v -0.2 0.9 1.1
v 0.5 0.9 1.1
v 1.1 0.9 1.1
v 1.2 0.9 1.1
v 1.8 0.9 1.1
v 2 0.9 1.1
v 2.4 0.9 1.1
v 2.7 0.9 1.1
v 2.8 0.9 1.1
v 2.9 0.9 1.1
v -2.7 0.9 1
v -2.6 0.9 1
v -2.2 0.9 1
v -1.9 0.9 1
v -1.5 0.9 1
v -1.3 0.9 1
v -1.2 0.9 1
v -0.8 0.9 1
v -0.7 0.9 1
v -0.6 0.9 1
v -0.4 0.9 1
v -0.2 0.9 1
v -0.0999999 0.9 1
v 0 0.9 1
v 0.9 0.9 1
v 1.1 0.9 1
v 1.5 0.9 1
v 1.8 0.9 1
v 2 0.9 1
v 2.2 0.9 1
v 2.4 0.9 1
v 2.5 0.9 1
v -2.5 0.9 0.9
v -2.4 0.9 0.9
v -2.3 0.9 0.9
v -2.2 0.9 0.9
v -1.6 0.9 0.9
v -1.5 0.9 0.9
v -1.2 0.9 0.9
v -1 0.9 0.9
v -0.7 0.9 0.9
v -0.5 0.9 0.9
v -0.4 0.9 0.9
v -0.0999999 0.9 0.9
v 0 0.9 0.9
v 0.3 0.9 0.9
v 0.9 0.9 0.9
v 1.4 0.9 0.9
v 1.5 0.9 0.9
v 1.8 0.9 0.9
v 2 0.9 0.9
v 2.1 0.9 0.9
v 2.2 0.9 0.9
v 2.5 0.9 0.9
v 2.7 0.9 0.9
v -2.6 0.9 0.8
v -2.5 0.9 0.8
v -2.4 0.9 0.8
v -2.3 0.9 0.8
v -1.6 0.9 0.8
v -1.5 0.9 0.8
v -1.3 0.9 0.8
v -1 0.9 0.8
v -0.6 0.9 0.8
v -0.5 0.9 0.8
v -0.2 0.9 0.8
v 0.3 0.9 0.8
v 1.1 0.9 0.8
v 1.4 0.9 0.8
v 2 0.9 0.8
v 2.1 0.9 0.8
v 2.7 0.9 0.8
v 2.9 0.9 0.8
v -2.9 0.9 0.7
v -2.8 0.9 0.7
v -2.7 0.9 0.7
v -2.6 0.9 0.7
v -1.7 0.9 0.7
v -1.3 0.9 0.7
v -1 0.9 0.7
v -0.6 0.9 0.7
v -0.2 0.9 0.7
v 0.4 0.9 0.7
v 0.6 0.9 0.7
v 1.1 0.9 0.7
v 1.7 0.9 0.7
v 1.8 0.9 0.7
v 2.1 0.9 0.7
v 2.3 0.9 0.7
v -2.9 0.9 0.6
v -2.8 0.9 0.6
v -2.7 0.9 0.6
v -2.5 0.9 0.6
v -2.4 0.9 0.6
v -2.2 0.9 0.6
v -1.7 0.9 0.6
v -1.1 0.9 0.6
v -1 0.9 0.6
v 0.4 0.9 0.6
v 0.5 0.9 0.6
v 0.6 0.9 0.6
v 0.7 0.9 0.6
v 1.4 0.9 0.6
v 1.7 0.9 0.6
v 1.8 0.9 0.6
v 2.1 0.9 0.6
v 2.3 0.9 0.6
v 2.5 0.9 0.6
v -2.6 0.9 0.5
v -2.5 0.9 0.5
v -2.4 0.9 0.5
v -2.2 0.9 0.5
v -1.1 0.9 0.5
v -0.0999999 0.9 0.5
v 0.7 0.9 0.5
v 1.1 0.9 0.5
v 1.4 0.9 0.5
v 1.8 0.9 0.5
v 2.7 0.9 0.5
v 2.8 0.9 0.5
v -2.8 0.9 0.4
v -2.6 0.9 0.4
v -1.6 0.9 0.4
v -0.5 0.9 0.4
v -0.0999999 0.9 0.4
v 0.2 0.9 0.4
v 0.5 0.9 0.4
v 0.9 0.9 0.4
v 1.1 0.9 0.4
v 1.4 0.9 0.4
v 1.5 0.9 0.4
v 1.6 0.9 0.4
v 1.8 0.9 0.4
v 2 0.9 0.4
v 2.2 0.9 0.4
v 2.4 0.9 0.4
v 2.5 0.9 0.4
v 2.6 0.9 0.4
v 2.7 0.9 0.4
v 2.8 0.9 0.4
v -2.7 0.9 0.3
v -2.4 0.9 0.3
v -2.2 0.9 0.3
v -1.6 0.9 0.3
v -1.5 0.9 0.3
v -1.3 0.9 0.3
v -0.5 0.9 0.3
v -0.0999999 0.9 0.3
v 0.8 0.9 0.3
v 0.9 0.9 0.3
v 1.4 0.9 0.3
v 1.5 0.9 0.3
v 1.6 0.9 0.3
v 2 0.9 0.3
v 2.2 0.9 0.3
v 2.3 0.9 0.3
v 2.4 0.9 0.3
v 2.5 0.9 0.3
v 2.6 0.9 0.3
v 2.8 0.9 0.3
v -2.4 0.9 0.2
v -2.2 0.9 0.2
v -2 0.9 0.2
v -1.7 0.9 0.2
v -1.3 0.9 0.2
v -0.7 0.9 0.2
v -0.0999999 0.9 0.2
v 0.2 0.9 0.2
v 0.8 0.9 0.2
v 0.9 0.9 0.2
v 1.8 0.9 0.2
v 2.1 0.9 0.2
v 2.2 0.9 0.2
v 2.3 0.9 0.2
v 2.4 0.9 0.2
v 2.5 0.9 0.2
v 2.6 0.9 0.2
v -2.9 0.9 0.1
v -2.7 0.9 0.1
v -2.5 0.9 0.1
v -2.4 0.9 0.1
v -2 0.9 0.1
v -1.7 0.9 0.1
v -1.5 0.9 0.1
v -1 0.9 0.1
v -0.7 0.9 0.1
v -0.5 0.9 0.1
v 0.2 0.9 0.1
v 0.9 0.9 0.1
v 1 0.9 0.1
v 1.1 0.9 0.1
v 1.8 0.9 0.1
v 2.1 0.9 0.1
v 2.2 0.9 0.1
v 2.3 0.9 0.1
v 2.4 0.9 0.1
v 2.5 0.9 0.1
v 2.6 0.9 0.1
v 2.7 0.9 0.1
v 2.8 0.9 0.1
v 2.9 0.9 0.1
v -2.6 0.9 0
v -2.5 0.9 0
v -1.4 0.9 0
v -1.1 0.9 0
v -1 0.9 0
v -0.7 0.9 0
v -0.5 0.9 0
v 0 0.9 0
v 0.6 0.9 0
v 1 0.9 0
v 1.1 0.9 0
v 1.4 0.9 0
v 1.6 0.9 0
v 2.3 0.9 0
v 2.4 0.9 0
v 2.5 0.9 0
v 2.7 0.9 0
v 2.8 0.9 0
v 2.9 0.9 0
v -2.9 0.9 -0.0999999
v -2.7 0.9 -0.0999999
v -1.5 0.9 -0.0999999
v -1.4 0.9 -0.0999999
v -1.1 0.9 -0.0999999
v -0.9 0.9 -0.0999999
v -0.7 0.9 -0.0999999
v -0.5 0.9 -0.0999999
v 0 0.9 -0.0999999
v 0.3 0.9 -0.0999999
v 0.6 0.9 -0.0999999
v 1 0.9 -0.0999999
v 1.3 0.9 -0.0999999
v 1.4 0.9 -0.0999999
v 1.6 0.9 -0.0999999
v 1.8 0.9 -0.0999999
v 2 0.9 -0.0999999
v 2.4 0.9 -0.0999999
v 2.8 0.9 -0.0999999
v -2.7 0.9 -0.2
v -2.6 0.9 -0.2
v -2.4 0.9 -0.2
v -2.2 0.9 -0.2
v -1.5 0.9 -0.2
v -0.9 0.9 -0.2
v -0.5 0.9 -0.2
v -0.0999999 0.9 -0.2
v 0.3 0.9 -0.2
v 0.5 0.9 -0.2
v 1.3 0.9 -0.2
v 1.4 0.9 -0.2
v 1.8 0.9 -0.2
v 2 0.9 -0.2
v 2.1 0.9 -0.2
v -2.2 0.9 -0.3
v -1.7 0.9 -0.3
v -0.6 0.9 -0.3
v -0.0999999 0.9 -0.3
v 0.5 0.9 -0.3
v 1.4 0.9 -0.3
v 1.5 0.9 -0.3
v 1.6 0.9 -0.3
v 2 0.9 -0.3
v 2.1 0.9 -0.3
v 2.4 0.9 -0.3
v 2.5 0.9 -0.3
v 2.8 0.9 -0.3
v -2.8 0.9 -0.4
v -2.6 0.9 -0.4
v -2.4 0.9 -0.4
v -2.1 0.9 -0.4
v -1.7 0.9 -0.4
v -0.6 0.9 -0.4
v -0.3 0.9 -0.4
v 0.9 0.9 -0.4
v 1.5 0.9 -0.4
v 1.6 0.9 -0.4
v 1.8 0.9 -0.4
v 2 0.9 -0.4
v 2.4 0.9 -0.4
v 2.5 0.9 -0.4
v -2.6 0.9 -0.5
v -2.5 0.9 -0.5
v -2.1 0.9 -0.5
v -2 0.9 -0.5
v -0.5 0.9 -0.5
v -0.3 0.9 -0.5
v 0.9 0.9 -0.5
v 1.4 0.9 -0.5
v 1.8 0.9 -0.5
v 2.6 0.9 -0.5
v 2.8 0.9 -0.5
v -2.9 0.9 -0.6
v -2.8 0.9 -0.6
v -2.7 0.9 -0.6
v -2.5 0.9 -0.6
v -2.4 0.9 -0.6
v -2 0.9 -0.6
v -1.7 0.9 -0.6
v -0.9 0.9 -0.6
v -0.5 0.9 -0.6
v -0.4 0.9 -0.6
v -0.0999999 0.9 -0.6
v 0.8 0.9 -0.6
v 1.4 0.9 -0.6
v 1.7 0.9 -0.6
v 1.8 0.9 -0.6
v 2.1 0.9 -0.6
v 2.3 0.9 -0.6
v 2.6 0.9 -0.6
v -2.9 0.9 -0.7
v -2.8 0.9 -0.7
v -2.7 0.9 -0.7
v -2.6 0.9 -0.7
v -1.7 0.9 -0.7
v -1.3 0.9 -0.7
v -0.5 0.9 -0.7
v -0.4 0.9 -0.7
v -0.2 0.9 -0.7
v -0.0999999 0.9 -0.7
v 0 0.9 -0.7
v 0.1 0.9 -0.7
v 0.8 0.9 -0.7
v 1.5 0.9 -0.7
v 1.7 0.9 -0.7
v 1.8 0.9 -0.7
v 2.1 0.9 -0.7
v 2.3 0.9 -0.7
v -2.6 0.9 -0.8
v -2.5 0.9 -0.8
v -2.4 0.9 -0.8
v -2.3 0.9 -0.8
v -1.6 0.9 -0.8
v -1.5 0.9 -0.8
v -1.3 0.9 -0.8
v -1 0.9 -0.8
v -0.9 0.9 -0.8
v -0.6 0.9 -0.8
v -0.3 0.9 -0.8
v -0.2 0.9 -0.8
v 0.1 0.9 -0.8
v 0.3 0.9 -0.8
v 1 0.9 -0.8
v 1.2 0.9 -0.8
v 1.4 0.9 -0.8
v 1.5 0.9 -0.8
v 2 0.9 -0.8
v 2.1 0.9 -0.8
v 2.7 0.9 -0.8
v 2.9 0.9 -0.8
v -2.5 0.9 -0.9
v -2.4 0.9 -0.9
v -2.3 0.9 -0.9
v -2.2 0.9 -0.9
v -1.6 0.9 -0.9
v -1.5 0.9 -0.9
v -1.2 0.9 -0.9
v -1 0.9 -0.9
v -0.7 0.9 -0.9
v -0.6 0.9 -0.9
v -0.5 0.9 -0.9
v -0.3 0.9 -0.9
v -0.0999999 0.9 -0.9
v 0 0.9 -0.9
v 0.3 0.9 -0.9
v 1 0.9 -0.9
v 1.2 0.9 -0.9
v 1.4 0.9 -0.9
v 1.8 0.9 -0.9
v 2 0.9 -0.9
v 2.1 0.9 -0.9
v 2.2 0.9 -0.9
v 2.5 0.9 -0.9
v 2.7 0.9 -0.9
v -2.7 0.9 -1
v -2.6 0.9 -1
v -2.2 0.9 -1
v -1.9 0.9 -1
v -1.5 0.9 -1
v -1.3 0.9 -1
v -1.2 0.9 -1
v -0.8 0.9 -1
v -0.7 0.9 -1
v -0.6 0.9 -1
v -0.5 0.9 -1
v -0.4 0.9 -1
v -0.0999999 0.9 -1
v 0.3 0.9 -1
v 1.4 0.9 -1
v 1.8 0.9 -1
v 2 0.9 -1
v 2.2 0.9 -1
v 2.4 0.9 -1
v 2.5 0.9 -1
v -2.7 0.9 -1.1
v -2.6 0.9 -1.1
v -2.2 0.9 -1.1
v -2.1 0.9 -1.1
v -1.9 0.9 -1.1
v -1.6 0.9 -1.1
v -1.3 0.9 -1.1
v -0.9 0.9 -1.1
v -0.8 0.9 -1.1
v -0.7 0.9 -1.1
v -0.6 0.9 -1.1
v -0.5 0.9 -1.1
v -0.4 0.9 -1.1
v 1.4 0.9 -1.1
v 1.8 0.9 -1.1
v 2 0.9 -1.1
v 2.4 0.9 -1.1
v 2.7 0.9 -1.1
v 2.8 0.9 -1.1
v 2.9 0.9 -1.1
v -2.5 0.9 -1.2
v -2.4 0.9 -1.2
v -2.3 0.9 -1.2
v -2.2 0.9 -1.2
v -2.1 0.9 -1.2
v -1.8 0.9 -1.2
v -0.9 0.9 -1.2
v -0.7 0.9 -1.2
v -0.5 0.9 -1.2
v -0.4 0.9 -1.2
v 0.6 0.9 -1.2
v 1.4 0.9 -1.2
v 1.6 0.9 -1.2
v 1.8 0.9 -1.2
v 2.7 0.9 -1.2
v 2.8 0.9 -1.2
v -2.9 0.9 -1.3
v -2.8 0.9 -1.3
v -2.5 0.9 -1.3
v -2.4 0.9 -1.3
v -1.8 0.9 -1.3
v -1.6 0.9 -1.3
v -1.5 0.9 -1.3
v -1.3 0.9 -1.3
v -0.4 0.9 -1.3
v -0.2 0.9 -1.3
v -0.0999999 0.9 -1.3
v 0.4 0.9 -1.3
v 0.6 0.9 -1.3
v 0.8 0.9 -1.3
v 1.4 0.9 -1.3
v 1.6 0.9 -1.3
v 2.1 0.9 -1.3
v 2.6 0.9 -1.3
v -2.9 0.9 -1.4
v -2.8 0.9 -1.4
v -2.3 0.9 -1.4
v -2.2 0.9 -1.4
v -1.3 0.9 -1.4
v -0.8 0.9 -1.4
v -0.2 0.9 -1.4
v -0.0999999 0.9 -1.4
v 0.4 0.9 -1.4
v 0.5 0.9 -1.4
v 0.8 0.9 -1.4
v 1.2 0.9 -1.4
v 1.7 0.9 -1.4
v 2.1 0.9 -1.4
v 2.6 0.9 -1.4
v 2.8 0.9 -1.4
v -2.9 0.9 -1.5
v -2.8 0.9 -1.5
v -2.7 0.9 -1.5
v -2.4 0.9 -1.5
v -2.2 0.9 -1.5
v -2 0.9 -1.5
v -1.5 0.9 -1.5
v -1 0.9 -1.5
v -0.8 0.9 -1.5
v -0.6 0.9 -1.5
v -0.3 0.9 -1.5
v 0.3 0.9 -1.5
v 0.4 0.9 -1.5
v 0.5 0.9 -1.5
v 0.7 0.9 -1.5
v 1.2 0.9 -1.5
v 1.4 0.9 -1.5
v 1.5 0.9 -1.5
v 1.7 0.9 -1.5
v 2.4 0.9 -1.5
v 2.7 0.9 -1.5
v 2.8 0.9 -1.5
v 2.9 0.9 -1.5
v -2 0.9 -1.6
v -1.6 0.9 -1.6
v -1.5 0.9 -1.6
v -1.3 0.9 -1.6
v -1 0.9 -1.6
v -0.7 0.9 -1.6
v -0.6 0.9 -1.6
v -0.5 0.9 -1.6
v -0.3 0.9 -1.6
v 0 0.9 -1.6
v 0.4 0.9 -1.6
v 0.5 0.9 -1.6
v 0.6 0.9 -1.6
v 0.7 0.9 -1.6
v 0.8 0.9 -1.6
v 1.3 0.9 -1.6
v 1.4 0.9 -1.6
v 1.5 0.9 -1.6
v 1.9 0.9 -1.6
v -2.4 0.9 -1.7
v -2.2 0.9 -1.7
v -1.8 0.9 -1.7
v -1.6 0.9 -1.7
v -1.4 0.9 -1.7
v -1.3 0.9 -1.7
v -0.9 0.9 -1.7
v -0.7 0.9 -1.7
v -0.6 0.9 -1.7
v -0.5 0.9 -1.7
v -0.2 0.9 -1.7
v 0 0.9 -1.7
v 0.3 0.9 -1.7
v 0.5 0.9 -1.7
v 0.6 0.9 -1.7
v 0.7 0.9 -1.7
v 0.8 0.9 -1.7
v 1 0.9 -1.7
v 1.3 0.9 -1.7
v 1.4 0.9 -1.7
v 1.9 0.9 -1.7
v 2.3 0.9 -1.7
v 2.4 0.9 -1.7
v -2.4 0.9 -1.8
v -2.2 0.9 -1.8
v -1.8 0.9 -1.8
v -1.7 0.9 -1.8
v -1.6 0.9 -1.8
v -1.4 0.9 -1.8
v -0.9 0.9 -1.8
v -0.2 0.9 -1.8
v 0.5 0.9 -1.8
v 0.6 0.9 -1.8
v 0.7 0.9 -1.8
v 0.8 0.9 -1.8
v 0.9 0.9 -1.8
v 1 0.9 -1.8
v 1.2 0.9 -1.8
v 1.4 0.9 -1.8
v 1.8 0.9 -1.8
v 2.3 0.9 -1.8
v 2.4 0.9 -1.8
v -1.7 0.9 -1.9
v -1.6 0.9 -1.9
v -0.6 0.9 -1.9
v -0.3 0.9 -1.9
v 0.5 0.9 -1.9
v 0.8 0.9 -1.9
v 0.9 0.9 -1.9
v 1.2 0.9 -1.9
v 1.4 0.9 -1.9
v 1.8 0.9 -1.9
v 2.1 0.9 -1.9
v -2.4 0.9 -2
v -0.3 0.9 -2
v 0.8 0.9 -2
v 1.4 0.9 -2
v 2.1 0.9 -2
v 2.4 0.9 -2
v -2.4 2.8 2
v -0.3 2.8 2
v 0.8 2.8 2
v 1.4 2.8 2
v 2.1 2.8 2
v 2.3 2.8 2
v -2.4 2.8 1.9
v -1.7 2.8 1.9
v -1.6 2.8 1.9
v -0.4 2.8 1.9
v -0.3 2.8 1.9
v 0.6 2.8 1.9
v 0.8 2.8 1.9
v 0.9 2.8 1.9
v 1.2 2.8 1.9
v 1.4 2.8 1.9
v 1.8 2.8 1.9
v 2.1 2.8 1.9
v 2.3 2.8 1.9
v -2.2 2.8 1.8
v -1.8 2.8 1.8
v -1.7 2.8 1.8
v -1.6 2.8 1.8
v -1.4 2.8 1.8
v -1.1 2.8 1.8
v -0.6 2.8 1.8
v -0.4 2.8 1.8
v -0.2 2.8 1.8
v 0.6 2.8 1.8
v 0.8 2.8 1.8
v 0.9 2.8 1.8
v 1 2.8 1.8
v 1.2 2.8 1.8
v 1.4 2.8 1.8
v 1.8 2.8 1.8
v 2.2 2.8 1.8
v 2.3 2.8 1.8
v -2.4 2.8 1.7
v -2.2 2.8 1.7
v -1.8 2.8 1.7
v -1.6 2.8 1.7
v -1.4 2.8 1.7
v -1.3 2.8 1.7
v -1.1 2.8 1.7
v -0.8 2.8 1.7
v -0.6 2.8 1.7
v -0.5 2.8 1.7
v -0.2 2.8 1.7
v 0 2.8 1.7
v 0.3 2.8 1.7
v 0.5 2.8 1.7
v 0.7 2.8 1.7
v 0.8 2.8 1.7
v 1 2.8 1.7
v 1.3 2.8 1.7
v 1.4 2.8 1.7
v 1.9 2.8 1.7
v 2.2 2.8 1.7
v -2.4 2.8 1.6
v -2.9 2.8 1.5
v -2.8 2.8 1.5
v -2.6 2.8 1.5
v -2.5 2.8 1.5
v -2.4 2.8 1.5
v -2.2 2.8 1.5
v -1.6 2.8 1.5
v -1.4 2.8 1.5
v -1.3 2.8 1.5
v -0.8 2.8 1.5
v -0.5 2.8 1.5
v 0 2.8 1.5
v 0.3 2.8 1.5
v 0.5 2.8 1.5
v 0.6 2.8 1.5
v 0.7 2.8 1.5
v 0.8 2.8 1.5
v 1.2 2.8 1.5
v 1.3 2.8 1.5
v 1.7 2.8 1.5
v 1.9 2.8 1.5
v 2.3 2.8 1.5
v -2.6 2.8 1.4
v -2.5 2.8 1.4
v -1.5 2.8 1.4
v -1.4 2.8 1.4
v -1.3 2.8 1.4
v -0.8 2.8 1.4
v -0.2 2.8 1.4
v -0.0999999 2.8 1.4
v 0.4 2.8 1.4
v 0.6 2.8 1.4
v 0.8 2.8 1.4
v 1.2 2.8 1.4
v 1.7 2.8 1.4
v 2.1 2.8 1.4
v 2.3 2.8 1.4
v 2.4 2.8 1.4
v 2.6 2.8 1.4
v 2.8 2.8 1.4
v 2.9 2.8 1.4
v -2.9 2.8 1.3
v -2.7 2.8 1.3
v -2.5 2.8 1.3
v -2.2 2.8 1.3
v -1.8 2.8 1.3
v -1.5 2.8 1.3
v -1.3 2.8 1.3
v -0.4 2.8 1.3
v -0.2 2.8 1.3
v -0.0999999 2.8 1.3
v 0.4 2.8 1.3
v 0.7 2.8 1.3
v 0.8 2.8 1.3
v 1.4 2.8 1.3
v 1.6 2.8 1.3
v 2.1 2.8 1.3
v 2.6 2.8 1.3
v -2.9 2.8 1.2
v -2.8 2.8 1.2
v -2.7 2.8 1.2
v -2.3 2.8 1.2
v -2 2.8 1.2
v -1.8 2.8 1.2
v -1.6 2.8 1.2
v -1.5 2.8 1.2
v -0.9 2.8 1.2
v -0.8 2.8 1.2
v -0.5 2.8 1.2
v -0.4 2.8 1.2
v 0.5 2.8 1.2
v 0.7 2.8 1.2
v 1.2 2.8 1.2
v 1.4 2.8 1.2
v 1.6 2.8 1.2
v 1.8 2.8 1.2
v 2.7 2.8 1.2
v 2.8 2.8 1.2
v -2.9 2.8 1.1
v -2.8 2.8 1.1
v -2.7 2.8 1.1
v -2.6 2.8 1.1
v -2.2 2.8 1.1
v -2 2.8 1.1
v -1.9 2.8 1.1
v -1.6 2.8 1.1
v -1.3 2.8 1.1
v -0.9 2.8 1.1
v -0.7 2.8 1.1
v -0.5 2.8 1.1
v -0.2 2.8 1.1
v 0.5 2.8 1.1
v 1.1 2.8 1.1
v 1.2 2.8 1.1
v 1.8 2.8 1.1
v 2 2.8 1.1
v 2.3 2.8 1.1
v 2.7 2.8 1.1
v 2.8 2.8 1.1
v 2.9 2.8 1.1
v -2.7 2.8 1
v -2.6 2.8 1
v -2.4 2.8 1
v -2.3 2.8 1
v -2.2 2.8 1
v -1.9 2.8 1
v -1.5 2.8 1
v -1.3 2.8 1
v -1.2 2.8 1
v -0.8 2.8 1
v -0.7 2.8 1
v -0.4 2.8 1
v -0.2 2.8 1
v -0.0999999 2.8 1
v 0 2.8 1
v 0.9 2.8 1
v 1.1 2.8 1
v 1.5 2.8 1
v 1.8 2.8 1
v 2 2.8 1
v 2.1 2.8 1
v 2.3 2.8 1
v 2.5 2.8 1
v -2.5 2.8 0.9
v -2.4 2.8 0.9
v -1.6 2.8 0.9
v -1.5 2.8 0.9
v -1.2 2.8 0.9
v -1 2.8 0.9
v -0.8 2.8 0.9
v -0.5 2.8 0.9
v -0.4 2.8 0.9
v -0.0999999 2.8 0.9
v 0 2.8 0.9
v 0.3 2.8 0.9
v 0.9 2.8 0.9
v 1.4 2.8 0.9
v 1.5 2.8 0.9
v 1.8 2.8 0.9
v 2 2.8 0.9
v 2.5 2.8 0.9
v 2.7 2.8 0.9
v -2.6 2.8 0.8
v -2.5 2.8 0.8
v -2.3 2.8 0.8
v -2.2 2.8 0.8
v -1.6 2.8 0.8
v -1.5 2.8 0.8
v -1.3 2.8 0.8
v -1 2.8 0.8
v -0.7 2.8 0.8
v -0.5 2.8 0.8
v -0.2 2.8 0.8
v 0.3 2.8 0.8
v 1.1 2.8 0.8
v 1.4 2.8 0.8
v 2 2.8 0.8
v 2.1 2.8 0.8
v 2.7 2.8 0.8
v 2.9 2.8 0.8
v -2.9 2.8 0.7
v -2.8 2.8 0.7
v -2.7 2.8 0.7
v -2.6 2.8 0.7
v -2.4 2.8 0.7
v -2.3 2.8 0.7
v -1.7 2.8 0.7
v -1.3 2.8 0.7
v -1 2.8 0.7
v -0.7 2.8 0.7
v -0.2 2.8 0.7
v 0.4 2.8 0.7
v 0.7 2.8 0.7
v 1.1 2.8 0.7
v 1.7 2.8 0.7
v 1.8 2.8 0.7
v 2.1 2.8 0.7
v 2.2 2.8 0.7
v -2.9 2.8 0.6
v -2.8 2.8 0.6
v -2.7 2.8 0.6
v -2.5 2.8 0.6
v -2.4 2.8 0.6
v -2.2 2.8 0.6
v -1.7 2.8 0.6
v -1.1 2.8 0.6
v -1 2.8 0.6
v 0.4 2.8 0.6
v 0.6 2.8 0.6
v 1.4 2.8 0.6
v 1.7 2.8 0.6
v 1.8 2.8 0.6
v 2.1 2.8 0.6
v 2.2 2.8 0.6
v 2.5 2.8 0.6
v -2.8 2.8 0.5
v -2.5 2.8 0.5
v -2.4 2.8 0.5
v -2.2 2.8 0.5
v -1.6 2.8 0.5
v -1.1 2.8 0.5
v -0.6 2.8 0.5
v 0.2 2.8 0.5
v 0.6 2.8 0.5
v 0.7 2.8 0.5
v 0.9 2.8 0.5
v 1.4 2.8 0.5
v 1.5 2.8 0.5
v 1.6 2.8 0.5
v 2 2.8 0.5
v 2.1 2.8 0.5
v 2.4 2.8 0.5
v 2.5 2.8 0.5
v 2.6 2.8 0.5
v -2.7 2.8 0.3
v -2.4 2.8 0.3
v -2.2 2.8 0.3
v -1.6 2.8 0.3
v -1.5 2.8 0.3
v -1.3 2.8 0.3
v -0.6 2.8 0.3
v -0.0999999 2.8 0.3
v 0.8 2.8 0.3
v 0.9 2.8 0.3
v 1.4 2.8 0.3
v 1.5 2.8 0.3
v 1.6 2.8 0.3
v 2 2.8 0.3
v 2.1 2.8 0.3
v 2.2 2.8 0.3
v 2.4 2.8 0.3
v 2.5 2.8 0.3
v 2.6 2.8 0.3
v 2.8 2.8 0.3
v -2.3 2.8 0.2
v -2.2 2.8 0.2
v -2 2.8 0.2
v -1.7 2.8 0.2
v -1.3 2.8 0.2
v -0.8 2.8 0.2
v -0.0999999 2.8 0.2
v 0.2 2.8 0.2
v 0.8 2.8 0.2
v 0.9 2.8 0.2
v 1.8 2.8 0.2
v 2.2 2.8 0.2
v 2.3 2.8 0.2
v 2.5 2.8 0.2
v 2.6 2.8 0.2
v -2.9 2.8 0.1
v -2.7 2.8 0.1
v -2.5 2.8 0.1
v -2.3 2.8 0.1
v -2 2.8 0.1
v -1.7 2.8 0.1
v -1.5 2.8 0.1
v -1 2.8 0.1
v -0.8 2.8 0.1
v -0.5 2.8 0.1
v 0.2 2.8 0.1
v 0.9 2.8 0.1
v 1 2.8 0.1
v 1.1 2.8 0.1
v 1.8 2.8 0.1
v 2.2 2.8 0.1
v 2.3 2.8 0.1
v 2.5 2.8 0.1
v 2.6 2.8 0.1
v 2.7 2.8 0.1
v 2.8 2.8 0.1
v 2.9 2.8 0.1
v -2.6 2.8 0
v -2.5 2.8 0
v -1.4 2.8 0
v -1.1 2.8 0
v -1 2.8 0
v -0.8 2.8 0
v -0.5 2.8 0
v 0 2.8 0
v 0.7 2.8 0
v 1 2.8 0
v 1.1 2.8 0
v 1.4 2.8 0
v 1.6 2.8 0
v 2.2 2.8 0
v 2.3 2.8 0
v 2.5 2.8 0
v 2.7 2.8 0
v 2.8 2.8 0
v 2.9 2.8 0
v -2.9 2.8 -0.0999999
v -2.7 2.8 -0.0999999
v -1.5 2.8 -0.0999999
v -1.4 2.8 -0.0999999
v -1.1 2.8 -0.0999999
v -0.9 2.8 -0.0999999
v -0.8 2.8 -0.0999999
v -0.5 2.8 -0.0999999
v 0 2.8 -0.0999999
v 0.3 2.8 -0.0999999
v 0.7 2.8 -0.0999999
v 1 2.8 -0.0999999
v 1.3 2.8 -0.0999999
v 1.4 2.8 -0.0999999
v 1.6 2.8 -0.0999999
v 1.8 2.8 -0.0999999
v 2 2.8 -0.0999999
v 2.3 2.8 -0.0999999
v 2.8 2.8 -0.0999999
v -2.7 2.8 -0.2
v -2.6 2.8 -0.2
v -2.3 2.8 -0.2
v -2.2 2.8 -0.2
v -1.5 2.8 -0.2
v -0.9 2.8 -0.2
v -0.5 2.8 -0.2
v -0.0999999 2.8 -0.2
v 0.3 2.8 -0.2
v 0.5 2.8 -0.2
v 1.3 2.8 -0.2
v 1.4 2.8 -0.2
v 1.8 2.8 -0.2
v 2 2.8 -0.2
v 2.1 2.8 -0.2
v -2.2 2.8 -0.3
v -1.7 2.8 -0.3
v -0.7 2.8 -0.3
v -0.0999999 2.8 -0.3
v 0.5 2.8 -0.3
v 1.4 2.8 -0.3
v 1.5 2.8 -0.3
v 1.6 2.8 -0.3
v 2 2.8 -0.3
v 2.1 2.8 -0.3
v 2.3 2.8 -0.3
v 2.5 2.8 -0.3
v 2.8 2.8 -0.3
v -2.8 2.8 -0.5
v -2.5 2.8 -0.5
v -2.3 2.8 -0.5
v -2 2.8 -0.5
v -1.7 2.8 -0.5
v -0.7 2.8 -0.5
v -0.6 2.8 -0.5
v 1.4 2.8 -0.5
v 1.5 2.8 -0.5
v 1.6 2.8 -0.5
v 2 2.8 -0.5
v 2.3 2.8 -0.5
v 2.5 2.8 -0.5
v 2.6 2.8 -0.5
v 2.8 2.8 -0.5
v -2.9 2.8 -0.6
v -2.8 2.8 -0.6
v -2.7 2.8 -0.6
v -2.5 2.8 -0.6
v -2.4 2.8 -0.6
v -2 2.8 -0.6
v -1.7 2.8 -0.6
v -0.9 2.8 -0.6
v -0.6 2.8 -0.6
v -0.5 2.8 -0.6
v -0.4 2.8 -0.6
v -0.0999999 2.8 -0.6
v 0.8 2.8 -0.6
v 1.4 2.8 -0.6
v 1.7 2.8 -0.6
v 1.8 2.8 -0.6
v 2.1 2.8 -0.6
v 2.2 2.8 -0.6
v 2.6 2.8 -0.6
v -2.9 2.8 -0.7
v -2.8 2.8 -0.7
v -2.7 2.8 -0.7
v -2.6 2.8 -0.7
v -2.4 2.8 -0.7
v -2.3 2.8 -0.7
v -1.7 2.8 -0.7
v -1.3 2.8 -0.7
v -0.5 2.8 -0.7
v -0.4 2.8 -0.7
v -0.2 2.8 -0.7
v -0.0999999 2.8 -0.7
v 0 2.8 -0.7
v 0.1 2.8 -0.7
v 0.8 2.8 -0.7
v 1.5 2.8 -0.7
v 1.7 2.8 -0.7
v 1.8 2.8 -0.7
v 2.1 2.8 -0.7
v 2.2 2.8 -0.7
v -2.6 2.8 -0.8
v -2.5 2.8 -0.8
v -2.3 2.8 -0.8
v -2.2 2.8 -0.8
v -1.6 2.8 -0.8
v -1.5 2.8 -0.8
v -1.3 2.8 -0.8
v -1 2.8 -0.8
v -0.9 2.8 -0.8
v -0.7 2.8 -0.8
v -0.3 2.8 -0.8
v -0.2 2.8 -0.8
v 0.1 2.8 -0.8
v 0.3 2.8 -0.8
v 1 2.8 -0.8
v 1.2 2.8 -0.8
v 1.4 2.8 -0.8
v 1.5 2.8 -0.8
v 2 2.8 -0.8
v 2.1 2.8 -0.8
v 2.7 2.8 -0.8
v 2.9 2.8 -0.8
v -2.5 2.8 -0.9
v -2.4 2.8 -0.9
v -1.6 2.8 -0.9
v -1.5 2.8 -0.9
v -1.2 2.8 -0.9
v -1 2.8 -0.9
v -0.8 2.8 -0.9
v -0.7 2.8 -0.9
v -0.6 2.8 -0.9
v -0.3 2.8 -0.9
v -0.0999999 2.8 -0.9
v 0 2.8 -0.9
v 0.3 2.8 -0.9
v 1 2.8 -0.9
v 1.2 2.8 -0.9
v 1.4 2.8 -0.9
v 1.8 2.8 -0.9
v 2 2.8 -0.9
v 2.5 2.8 -0.9
v 2.7 2.8 -0.9
v -2.7 2.8 -1
v -2.6 2.8 -1
v -2.4 2.8 -1
v -2.3 2.8 -1
v -2.2 2.8 -1
v -1.9 2.8 -1
v -1.5 2.8 -1
v -1.3 2.8 -1
v -1.2 2.8 -1
v -0.8 2.8 -1
v -0.7 2.8 -1
v -0.6 2.8 -1
v -0.4 2.8 -1
v -0.0999999 2.8 -1
v 0.3 2.8 -1
v 1.4 2.8 -1
v 1.8 2.8 -1
v 2 2.8 -1
v 2.1 2.8 -1
v 2.3 2.8 -1
v 2.5 2.8 -1
v -2.7 2.8 -1.1
v -2.6 2.8 -1.1
v -2.2 2.8 -1.1
v -2.1 2.8 -1.1
v -1.9 2.8 -1.1
v -1.6 2.8 -1.1
v -1.3 2.8 -1.1
v -0.9 2.8 -1.1
v -0.7 2.8 -1.1
v -0.5 2.8 -1.1
v -0.4 2.8 -1.1
v 1.4 2.8 -1.1
v 1.8 2.8 -1.1
v 2 2.8 -1.1
v 2.3 2.8 -1.1
v 2.7 2.8 -1.1
v 2.8 2.8 -1.1
v 2.9 2.8 -1.1
v -2.5 2.8 -1.2
v -2.3 2.8 -1.2
v -2.1 2.8 -1.2
v -1.8 2.8 -1.2
v -0.9 2.8 -1.2
v -0.8 2.8 -1.2
v -0.5 2.8 -1.2
v -0.4 2.8 -1.2
v 0.7 2.8 -1.2
v 1.4 2.8 -1.2
v 1.6 2.8 -1.2
v 1.8 2.8 -1.2
v 2.7 2.8 -1.2
v 2.8 2.8 -1.2
v -2.9 2.8 -1.3
v -2.8 2.8 -1.3
v -2.5 2.8 -1.3
v -2.4 2.8 -1.3
v -1.8 2.8 -1.3
v -1.6 2.8 -1.3
v -1.5 2.8 -1.3
v -1.3 2.8 -1.3
v -0.4 2.8 -1.3
v -0.2 2.8 -1.3
v -0.0999999 2.8 -1.3
v 0.4 2.8 -1.3
v 0.7 2.8 -1.3
v 0.8 2.8 -1.3
v 1.4 2.8 -1.3
v 1.6 2.8 -1.3
v 2.1 2.8 -1.3
v 2.6 2.8 -1.3
v -2.9 2.8 -1.4
v -2.8 2.8 -1.4
v -2.4 2.8 -1.4
v -2.3 2.8 -1.4
v -1.3 2.8 -1.4
v -0.8 2.8 -1.4
v -0.2 2.8 -1.4
v -0.0999999 2.8 -1.4
v 0.4 2.8 -1.4
v 0.6 2.8 -1.4
v 0.8 2.8 -1.4
v 1.2 2.8 -1.4
v 1.7 2.8 -1.4
v 2.1 2.8 -1.4
v 2.6 2.8 -1.4
v 2.8 2.8 -1.4
v -2.9 2.8 -1.5
v -2.4 2.8 -1.5
v -2.3 2.8 -1.5
v -2.2 2.8 -1.5
v -1.6 2.8 -1.5
v -1.5 2.8 -1.5
v -1.3 2.8 -1.5
v -0.8 2.8 -1.5
v -0.5 2.8 -1.5
v 0 2.8 -1.5
v 0.3 2.8 -1.5
v 0.5 2.8 -1.5
v 0.6 2.8 -1.5
v 0.7 2.8 -1.5
v 0.8 2.8 -1.5
v 1.2 2.8 -1.5
v 1.3 2.8 -1.5
v 1.7 2.8 -1.5
v 1.9 2.8 -1.5
v 2.4 2.8 -1.5
v 2.8 2.8 -1.5
v 2.9 2.8 -1.5
v -2.4 2.8 -1.6
v 2.4 2.8 -1.6
v -2.4 2.8 -1.7
v -2.2 2.8 -1.7
v -1.8 2.8 -1.7
v -1.6 2.8 -1.7
v -1.4 2.8 -1.7
v -1.3 2.8 -1.7
v -0.9 2.8 -1.7
v -0.8 2.8 -1.7
v -0.7 2.8 -1.7
v -0.5 2.8 -1.7
v -0.2 2.8 -1.7
v 0 2.8 -1.7
v 0.3 2.8 -1.7
v 0.5 2.8 -1.7
v 0.7 2.8 -1.7
v 0.8 2.8 -1.7
v 1 2.8 -1.7
v 1.3 2.8 -1.7
v 1.4 2.8 -1.7
v 1.9 2.8 -1.7
v 2.2 2.8 -1.7
v 2.4 2.8 -1.7
v -2.2 2.8 -1.8
v -1.8 2.8 -1.8
v -1.7 2.8 -1.8
v -1.6 2.8 -1.8
v -1.4 2.8 -1.8
v -0.9 2.8 -1.8
v -0.2 2.8 -1.8
v 0.6 2.8 -1.8
v 0.8 2.8 -1.8
v 0.9 2.8 -1.8
v 1 2.8 -1.8
v 1.2 2.8 -1.8
v 1.4 2.8 -1.8
v 1.8 2.8 -1.8
v 2.2 2.8 -1.8
v 2.4 2.8 -1.8
v -1.7 2.8 -1.9
v -1.6 2.8 -1.9
v -0.7 2.8 -1.9
v -0.3 2.8 -1.9
v 0.6 2.8 -1.9
v 0.8 2.8 -1.9
v 0.9 2.8 -1.9
v 1.2 2.8 -1.9
v 1.4 2.8 -1.9
v 1.8 2.8 -1.9
v 2.1 2.8 -1.9
v -2.4 2.8 -2
v -0.3 2.8 -2
v 0.8 2.8 -2
v 1.4 2.8 -2
v 2.1 2.8 -2
v 2.4 2.8 -2
v -3.2 4.8 2.3
v -0.3 4.8 2.3
v 0.9 4.8 2.3
v 1.5 4.8 2.3
v 2.3 4.8 2.3
v 3.2 4.8 2.3
v -1.9 4.8 2.2
v -1.8 4.8 2.2
v -0.4 4.8 2.2
v -0.3 4.8 2.2
v 0.6 4.8 2.2
v 0.9 4.8 2.2
v 1 4.8 2.2
v 1.3 4.8 2.2
v 1.5 4.8 2.2
v 2 4.8 2.2
v 2.3 4.8 2.2
v 2.9 4.8 2.2
v 3.2 4.8 2.2
v -3.1 4.8 2.1
v -2.9 4.8 2.1
v -2.4 4.8 2.1
v -2 4.8 2.1
v -1.9 4.8 2.1
v -1.8 4.8 2.1
v -1.5 4.8 2.1
v -1.2 4.8 2.1
v -0.6 4.8 2.1
v -0.4 4.8 2.1
v -0.2 4.8 2.1
v 0.6 4.8 2.1
v 0.7 4.8 2.1
v 0.8 4.8 2.1
v 0.9 4.8 2.1
v 1 4.8 2.1
v 1.1 4.8 2.1
v 1.3 4.8 2.1
v 1.6 4.8 2.1
v 2 4.8 2.1
v 2.5 4.8 2.1
v 2.9 4.8 2.1
v -3.1 4.8 2
v -3 4.8 2
v -2.9 4.8 2
v -2.5 4.8 2
v -2.4 4.8 2
v -2 4.8 2
v -1.8 4.8 2
v -1.5 4.8 2
v -1.4 4.8 2
v -1.2 4.8 2
v -0.9 4.8 2
v -0.6 4.8 2
v -0.5 4.8 2
v -0.2 4.8 2
v 0 4.8 2
v 0.3 4.8 2
v 0.5 4.8 2
v 0.7 4.8 2
v 0.8 4.8 2
v 0.9 4.8 2
v 1.1 4.8 2
v 1.4 4.8 2
v 1.6 4.8 2
v 2.1 4.8 2
v 2.5 4.8 2
v 3.1 4.8 2
v 3.2 4.8 2
v -3.2 4.8 1.8
v -3 4.8 1.8
v -2.8 4.8 1.8
v -2.5 4.8 1.8
v -2.4 4.8 1.8
v -2.2 4.8 1.8
v -1.8 4.8 1.8
v -1.4 4.8 1.8
v -1.3 4.8 1.8
v -0.9 4.8 1.8
v -0.7 4.8 1.8
v -0.5 4.8 1.8
v -0.3 4.8 1.8
v 0 4.8 1.8
v 0.4 4.8 1.8
v 0.5 4.8 1.8
v 0.7 4.8 1.8
v 0.8 4.8 1.8
v 0.9 4.8 1.8
v 1.4 4.8 1.8
v 1.5 4.8 1.8
v 1.7 4.8 1.8
v 2.1 4.8 1.8
v -3 4.8 1.7
v -2.9 4.8 1.7
v -2.8 4.8 1.7
v -2.5 4.8 1.7
v -2.2 4.8 1.7
v -1.8 4.8 1.7
v -1.5 4.8 1.7
v -1.3 4.8 1.7
v -0.9 4.8 1.7
v -0.7 4.8 1.7
v -0.3 4.8 1.7
v 0.3 4.8 1.7
v 0.4 4.8 1.7
v 0.5 4.8 1.7
v 0.6 4.8 1.7
v 0.8 4.8 1.7
v 1.3 4.8 1.7
v 1.5 4.8 1.7
v 1.7 4.8 1.7
v 1.9 4.8 1.7
v -2.9 4.8 1.6
v -2.8 4.8 1.6
v -2.5 4.8 1.6
v -2.4 4.8 1.6
v -1.7 4.8 1.6
v -1.5 4.8 1.6
v -1.4 4.8 1.6
v -0.9 4.8 1.6
v -0.2 4.8 1.6
v -0.0999999 4.8 1.6
v 0.4 4.8 1.6
v 0.6 4.8 1.6
v 0.9 4.8 1.6
v 1.3 4.8 1.6
v 1.9 4.8 1.6
v 2.3 4.8 1.6
v 2.9 4.8 1.6
v 3.1 4.8 1.6
v -3.2 4.8 1.5
v -3 4.8 1.5
v -2.8 4.8 1.5
v -2.5 4.8 1.5
v -2 4.8 1.5
v -1.7 4.8 1.5
v -1.6 4.8 1.5
v -1.4 4.8 1.5
v -0.4 4.8 1.5
v -0.2 4.8 1.5
v -0.0999999 4.8 1.5
v 0.4 4.8 1.5
v 0.7 4.8 1.5
v 0.9 4.8 1.5
v 1.5 4.8 1.5
v 1.8 4.8 1.5
v 2.3 4.8 1.5
v 2.9 4.8 1.5
v -3.2 4.8 1.4
v -3.1 4.8 1.4
v -3 4.8 1.4
v -2.6 4.8 1.4
v -2.5 4.8 1.4
v -2.4 4.8 1.4
v -2.2 4.8 1.4
v -2 4.8 1.4
v -1.8 4.8 1.4
v -1.6 4.8 1.4
v -1 4.8 1.4
v -0.8 4.8 1.4
v -0.5 4.8 1.4
v -0.4 4.8 1.4
v 0.5 4.8 1.4
v 0.7 4.8 1.4
v 1.3 4.8 1.4
v 1.5 4.8 1.4
v 1.8 4.8 1.4
v 2 4.8 1.4
v 3 4.8 1.4
v 3.1 4.8 1.4
v -3.2 4.8 1.3
v -3.1 4.8 1.3
v -3 4.8 1.3
v -2.9 4.8 1.3
v -2.4 4.8 1.3
v -2.2 4.8 1.3
v -2.1 4.8 1.3
v -1.8 4.8 1.3
v -1.4 4.8 1.3
v -1 4.8 1.3
v -0.9 4.8 1.3
v -0.8 4.8 1.3
v -0.7 4.8 1.3
v -0.5 4.8 1.3
v -0.2 4.8 1.3
v 0.5 4.8 1.3
v 1.2 4.8 1.3
v 1.3 4.8 1.3
v 2 4.8 1.3
v 2.2 4.8 1.3
v 2.6 4.8 1.3
v 3 4.8 1.3
v 3.1 4.8 1.3
v 3.2 4.8 1.3
v -3 4.8 1.2
v -2.9 4.8 1.2
v -2.7 4.8 1.2
v -2.6 4.8 1.2
v -2.4 4.8 1.2
v -2.1 4.8 1.2
v -1.7 4.8 1.2
v -1.4 4.8 1.2
v -1.3 4.8 1.2
v -0.9 4.8 1.2
v -0.8 4.8 1.2
v -0.7 4.8 1.2
v -0.4 4.8 1.2
v -0.2 4.8 1.2
v -0.0999999 4.8 1.2
v 0 4.8 1.2
v 1 4.8 1.2
v 1.2 4.8 1.2
v 1.7 4.8 1.2
v 2 4.8 1.2
v 2.2 4.8 1.2
v 2.4 4.8 1.2
v 2.6 4.8 1.2
v 2.8 4.8 1.2
v -2.8 4.8 1
v -2.7 4.8 1
v -2.5 4.8 1
v -2.4 4.8 1
v -1.8 4.8 1
v -1.7 4.8 1
v -1.6 4.8 1
v -1.3 4.8 1
v -1.1 4.8 1
v -0.8 4.8 1
v -0.5 4.8 1
v -0.4 4.8 1
v -0.0999999 4.8 1
v 0 4.8 1
v 0.3 4.8 1
v 1 4.8 1
v 1.5 4.8 1
v 1.7 4.8 1
v 2 4.8 1
v 2.2 4.8 1
v 2.3 4.8 1
v 2.4 4.8 1
v 2.8 4.8 1
v 3 4.8 1
v -2.9 4.8 0.9
v -2.8 4.8 0.9
v -2.6 4.8 0.9
v -2.5 4.8 0.9
v -1.8 4.8 0.9
v -1.6 4.8 0.9
v -1.4 4.8 0.9
v -1.1 4.8 0.9
v -0.7 4.8 0.9
v -0.5 4.8 0.9
v -0.2 4.8 0.9
v 0.3 4.8 0.9
v 1.2 4.8 0.9
v 1.5 4.8 0.9
v 2.2 4.8 0.9
v 2.3 4.8 0.9
v 3 4.8 0.9
v 3.2 4.8 0.9
v -3.2 4.8 0.8
v -3.1 4.8 0.8
v -3 4.8 0.8
v -2.9 4.8 0.8
v -2.7 4.8 0.8
v -2.6 4.8 0.8
v -1.9 4.8 0.8
v -1.4 4.8 0.8
v -1.1 4.8 0.8
v -0.7 4.8 0.8
v -0.2 4.8 0.8
v 0.4 4.8 0.8
v 0.7 4.8 0.8
v 1.2 4.8 0.8
v 1.9 4.8 0.8
v 2 4.8 0.8
v 2.3 4.8 0.8
v 2.5 4.8 0.8
v -3.2 4.8 0.7
v -3.1 4.8 0.7
v -3 4.8 0.7
v -2.8 4.8 0.7
v -2.7 4.8 0.7
v -2.4 4.8 0.7
v -1.9 4.8 0.7
v -1.2 4.8 0.7
v -1.1 4.8 0.7
v 0.4 4.8 0.7
v 0.6 4.8 0.7
v 0.7 4.8 0.7
v 0.8 4.8 0.7
v 1.6 4.8 0.7
v 1.9 4.8 0.7
v 2 4.8 0.7
v 2.3 4.8 0.7
v 2.5 4.8 0.7
v 2.8 4.8 0.7
v -2.9 4.8 0.6
v -2.8 4.8 0.6
v -2.6 4.8 0.6
v -2.4 4.8 0.6
v -1.2 4.8 0.6
v -0.0999999 4.8 0.6
v 0.8 4.8 0.6
v 1.2 4.8 0.6
v 1.6 4.8 0.6
v 2 4.8 0.6
v 3 4.8 0.6
v 3.1 4.8 0.6
v -3.1 4.8 0.5
v -2.9 4.8 0.5
v -2.7 4.8 0.5
v -2.6 4.8 0.5
v -1.8 4.8 0.5
v -0.6 4.8 0.5
v -0.0999999 4.8 0.5
v 0.2 4.8 0.5
v 0.6 4.8 0.5
v 1 4.8 0.5
v 1.2 4.8 0.5
v 1.5 4.8 0.5
v 1.7 4.8 0.5
v 1.8 4.8 0.5
v 2 4.8 0.5
v 2.2 4.8 0.5
v 2.4 4.8 0.5
v 2.7 4.8 0.5
v 2.8 4.8 0.5
v 2.9 4.8 0.5
v 3 4.8 0.5
v 3.1 4.8 0.5
v -3 4.8 0.3
v -2.7 4.8 0.3
v -2.4 4.8 0.3
v -1.8 4.8 0.3
v -1.7 4.8 0.3
v -1.4 4.8 0.3
v -0.6 4.8 0.3
v -0.0999999 4.8 0.3
v 0.9 4.8 0.3
v 1 4.8 0.3
v 1.5 4.8 0.3
v 1.7 4.8 0.3
v 1.8 4.8 0.3
v 2.2 4.8 0.3
v 2.4 4.8 0.3
v 2.5 4.8 0.3
v 2.7 4.8 0.3
v 2.8 4.8 0.3
v 2.9 4.8 0.3
v 3.1 4.8 0.3
v -2.6 4.8 0.2
v -2.4 4.8 0.2
v -2.2 4.8 0.2
v -1.9 4.8 0.2
v -1.7 4.8 0.2
v -1.6 4.8 0.2
v -1.4 4.8 0.2
v -0.8 4.8 0.2
v -0.0999999 4.8 0.2
v 0.2 4.8 0.2
v 0.9 4.8 0.2
v 1 4.8 0.2
v 2 4.8 0.2
v 2.3 4.8 0.2
v 2.4 4.8 0.2
v 2.5 4.8 0.2
v 2.6 4.8 0.2
v 2.8 4.8 0.2
v 2.9 4.8 0.2
v -3.2 4.8 0.1
v -3 4.8 0.1
v -2.8 4.8 0.1
v -2.6 4.8 0.1
v -2.2 4.8 0.1
v -1.9 4.8 0.1
v -1.6 4.8 0.1
v -1.1 4.8 0.1
v -0.8 4.8 0.1
v -0.5 4.8 0.1
v 0.2 4.8 0.1
v 1 4.8 0.1
v 1.1 4.8 0.1
v 1.2 4.8 0.1
v 2 4.8 0.1
v 2.3 4.8 0.1
v 2.4 4.8 0.1
v 2.5 4.8 0.1
v 2.6 4.8 0.1
v 2.8 4.8 0.1
v 2.9 4.8 0.1
v 3 4.8 0.1
v 3.1 4.8 0.1
v 3.2 4.8 0.1
v -2.9 4.8 0
v -2.8 4.8 0
v -1.5 4.8 0
v -1.2 4.8 0
v -1.1 4.8 0
v -0.8 4.8 0
v -0.5 4.8 0
v 0 4.8 0
v 0.7 4.8 0
v 1.1 4.8 0
v 1.2 4.8 0
v 1.5 4.8 0
v 1.8 4.8 0
v 2.5 4.8 0
v 2.6 4.8 0
v 2.8 4.8 0
v 3 4.8 0
v 3.1 4.8 0
v 3.2 4.8 0
v -3.2 4.8 -0.0999999
v -3 4.8 -0.0999999
v -1.6 4.8 -0.0999999
v -1.5 4.8 -0.0999999
v -1.2 4.8 -0.0999999
v -1 4.8 -0.0999999
v -0.8 4.8 -0.0999999
v -0.5 4.8 -0.0999999
v 0 4.8 -0.0999999
v 0.3 4.8 -0.0999999
v 0.7 4.8 -0.0999999
v 1.1 4.8 -0.0999999
v 1.4 4.8 -0.0999999
v 1.5 4.8 -0.0999999
v 1.8 4.8 -0.0999999
v 2 4.8 -0.0999999
v 2.2 4.8 -0.0999999
v 2.6 4.8 -0.0999999
v 3.1 4.8 -0.0999999
v -3 4.8 -0.2
v -2.9 4.8 -0.2
v -2.6 4.8 -0.2
v -2.4 4.8 -0.2
v -1.6 4.8 -0.2
v -1 4.8 -0.2
v -0.5 4.8 -0.2
v -0.0999999 4.8 -0.2
v 0.3 4.8 -0.2
v 0.5 4.8 -0.2
v 1.4 4.8 -0.2
v 1.5 4.8 -0.2
v 1.6 4.8 -0.2
v 2 4.8 -0.2
v 2.2 4.8 -0.2
v 2.3 4.8 -0.2
v -2.4 4.8 -0.3
v -1.9 4.8 -0.3
v -0.7 4.8 -0.3
v -0.0999999 4.8 -0.3
v 0.5 4.8 -0.3
v 1.5 4.8 -0.3
v 1.6 4.8 -0.3
v 1.7 4.8 -0.3
v 1.8 4.8 -0.3
v 2.2 4.8 -0.3
v 2.3 4.8 -0.3
v 2.6 4.8 -0.3
v 2.8 4.8 -0.3
v 3.1 4.8 -0.3
v -3.1 4.8 -0.5
v -2.9 4.8 -0.5
v -2.6 4.8 -0.5
v -2.3 4.8 -0.5
v -1.9 4.8 -0.5
v -0.7 4.8 -0.5
v -0.3 4.8 -0.5
v 1 4.8 -0.5
v 1.5 4.8 -0.5
v 1.6 4.8 -0.5
v 1.7 4.8 -0.5
v 1.8 4.8 -0.5
v 2 4.8 -0.5
v 2.2 4.8 -0.5
v 2.6 4.8 -0.5
v 2.8 4.8 -0.5
v -2.9 4.8 -0.6
v -2.8 4.8 -0.6
v -2.3 4.8 -0.6
v -2.2 4.8 -0.6
v -0.6 4.8 -0.6
v -0.3 4.8 -0.6
v 1 4.8 -0.6
v 1.6 4.8 -0.6
v 2 4.8 -0.6
v 2.9 4.8 -0.6
v 3.1 4.8 -0.6
v -3.2 4.8 -0.7
v -3.1 4.8 -0.7
v -3 4.8 -0.7
v -2.8 4.8 -0.7
v -2.7 4.8 -0.7
v -2.2 4.8 -0.7
v -1.9 4.8 -0.7
v -1 4.8 -0.7
v -0.6 4.8 -0.7
v -0.5 4.8 -0.7
v -0.4 4.8 -0.7
v -0.0999999 4.8 -0.7
v 0.9 4.8 -0.7
v 1.6 4.8 -0.7
v 1.9 4.8 -0.7
v 2 4.8 -0.7
v 2.3 4.8 -0.7
v 2.5 4.8 -0.7
v 2.9 4.8 -0.7
v -3.2 4.8 -0.8
v -3.1 4.8 -0.8
v -3 4.8 -0.8
v -2.9 4.8 -0.8
v -2.7 4.8 -0.8
v -2.6 4.8 -0.8
v -1.9 4.8 -0.8
v -1.4 4.8 -0.8
v -0.5 4.8 -0.8
v -0.4 4.8 -0.8
v -0.2 4.8 -0.8
v -0.0999999 4.8 -0.8
v 0 4.8 -0.8
v 0.1 4.8 -0.8
v 0.9 4.8 -0.8
v 1.7 4.8 -0.8
v 1.9 4.8 -0.8
v 2 4.8 -0.8
v 2.3 4.8 -0.8
v 2.5 4.8 -0.8
v -2.9 4.8 -0.9
v -2.8 4.8 -0.9
v -2.6 4.8 -0.9
v -2.5 4.8 -0.9
v -1.8 4.8 -0.9
v -1.6 4.8 -0.9
v -1.4 4.8 -0.9
v -1.1 4.8 -0.9
v -1 4.8 -0.9
v -0.7 4.8 -0.9
v -0.3 4.8 -0.9
v -0.2 4.8 -0.9
v 0.1 4.8 -0.9
v 0.3 4.8 -0.9
v 1.1 4.8 -0.9
v 1.3 4.8 -0.9
v 1.6 4.8 -0.9
v 1.7 4.8 -0.9
v 2.2 4.8 -0.9
v 2.3 4.8 -0.9
v 3 4.8 -0.9
v 3.2 4.8 -0.9
v -2.8 4.8 -1
v -2.7 4.8 -1
v -2.5 4.8 -1
v -2.4 4.8 -1
v -1.8 4.8 -1
v -1.7 4.8 -1
v -1.6 4.8 -1
v -1.3 4.8 -1
v -1.1 4.8 -1
v -0.8 4.8 -1
v -0.7 4.8 -1
v -0.6 4.8 -1
v -0.3 4.8 -1
v -0.0999999 4.8 -1
v 0 4.8 -1
v 0.3 4.8 -1
v 1.1 4.8 -1
v 1.3 4.8 -1
v 1.6 4.8 -1
v 2 4.8 -1
v 2.2 4.8 -1
v 2.3 4.8 -1
v 2.4 4.8 -1
v 2.8 4.8 -1
v 3 4.8 -1
v -3 4.8 -1.1
v -2.9 4.8 -1.1
v -2.7 4.8 -1.1
v -2.6 4.8 -1.1
v -2.4 4.8 -1.1
v -2.1 4.8 -1.1
v -1.7 4.8 -1.1
v -1.4 4.8 -1.1
v -1.3 4.8 -1.1
v -0.9 4.8 -1.1
v -0.8 4.8 -1.1
v -0.7 4.8 -1.1
v -0.6 4.8 -1.1
v -0.4 4.8 -1.1
v -0.0999999 4.8 -1.1
v 0.3 4.8 -1.1
v 1.6 4.8 -1.1
v 2 4.8 -1.1
v 2.2 4.8 -1.1
v 2.4 4.8 -1.1
v 2.6 4.8 -1.1
v 2.8 4.8 -1.1
v -3 4.8 -1.3
v -2.9 4.8 -1.3
v -2.4 4.8 -1.3
v -2.3 4.8 -1.3
v -2.1 4.8 -1.3
v -1.8 4.8 -1.3
v -1.4 4.8 -1.3
v -1 4.8 -1.3
v -0.9 4.8 -1.3
v -0.8 4.8 -1.3
v -0.7 4.8 -1.3
v -0.5 4.8 -1.3
v -0.4 4.8 -1.3
v 1.6 4.8 -1.3
v 2 4.8 -1.3
v 2.2 4.8 -1.3
v 2.6 4.8 -1.3
v 3 4.8 -1.3
v 3.1 4.8 -1.3
v 3.2 4.8 -1.3
v -2.8 4.8 -1.4
v -2.6 4.8 -1.4
v -2.5 4.8 -1.4
v -2.4 4.8 -1.4
v -2.3 4.8 -1.4
v -2 4.8 -1.4
v -1 4.8 -1.4
v -0.8 4.8 -1.4
v -0.5 4.8 -1.4
v -0.4 4.8 -1.4
v 0.7 4.8 -1.4
v 1.5 4.8 -1.4
v 1.8 4.8 -1.4
v 2 4.8 -1.4
v 3 4.8 -1.4
v 3.1 4.8 -1.4
v -3.2 4.8 -1.5
v -3.1 4.8 -1.5
v -2.8 4.8 -1.5
v -2.7 4.8 -1.5
v -2 4.8 -1.5
v -1.8 4.8 -1.5
v -1.7 4.8 -1.5
v -1.4 4.8 -1.5
v -0.4 4.8 -1.5
v -0.2 4.8 -1.5
v -0.0999999 4.8 -1.5
v 0.4 4.8 -1.5
v 0.7 4.8 -1.5
v 0.9 4.8 -1.5
v 1.5 4.8 -1.5
v 1.8 4.8 -1.5
v 2.3 4.8 -1.5
v 2.9 4.8 -1.5
v -3.2 4.8 -1.6
v -3.1 4.8 -1.6
v -2.7 4.8 -1.6
v -2.6 4.8 -1.6
v -2.5 4.8 -1.6
v -2.4 4.8 -1.6
v -1.7 4.8 -1.6
v -1.6 4.8 -1.6
v -1.4 4.8 -1.6
v -0.9 4.8 -1.6
v -0.2 4.8 -1.6
v -0.0999999 4.8 -1.6
v 0.4 4.8 -1.6
v 0.6 4.8 -1.6
v 0.9 4.8 -1.6
v 1.3 4.8 -1.6
v 1.9 4.8 -1.6
v 2.3 4.8 -1.6
v 2.9 4.8 -1.6
v 3.1 4.8 -1.6
v -3.2 4.8 -1.7
v -2.8 4.8 -1.7
v -2.6 4.8 -1.7
v -2.4 4.8 -1.7
v -2.2 4.8 -1.7
v -1.7 4.8 -1.7
v -1.6 4.8 -1.7
v -1.1 4.8 -1.7
v -0.9 4.8 -1.7
v -0.7 4.8 -1.7
v -0.3 4.8 -1.7
v 0.3 4.8 -1.7
v 0.4 4.8 -1.7
v 0.5 4.8 -1.7
v 0.6 4.8 -1.7
v 0.8 4.8 -1.7
v 1.3 4.8 -1.7
v 1.5 4.8 -1.7
v 1.7 4.8 -1.7
v 1.9 4.8 -1.7
v -3.2 4.8 -1.8
v -3 4.8 -1.8
v -2.8 4.8 -1.8
v -2.7 4.8 -1.8
v -2.2 4.8 -1.8
v -1.8 4.8 -1.8
v -1.6 4.8 -1.8
v -1.4 4.8 -1.8
v -1.1 4.8 -1.8
v -0.8 4.8 -1.8
v -0.7 4.8 -1.8
v -0.5 4.8 -1.8
v -0.3 4.8 -1.8
v 0 4.8 -1.8
v 0.4 4.8 -1.8
v 0.5 4.8 -1.8
v 0.7 4.8 -1.8
v 0.8 4.8 -1.8
v 0.9 4.8 -1.8
v 1.4 4.8 -1.8
v 1.5 4.8 -1.8
v 1.7 4.8 -1.8
v 2.1 4.8 -1.8
v -3.1 4.8 -2
v -3 4.8 -2
v -2.9 4.8 -2
v -2.7 4.8 -2
v -2.4 4.8 -2
v -2 4.8 -2
v -1.8 4.8 -2
v -1.7 4.8 -2
v -1.6 4.8 -2
v -1.5 4.8 -2
v -1.4 4.8 -2
v -1 4.8 -2
v -0.8 4.8 -2
v -0.7 4.8 -2
v -0.5 4.8 -2
v -0.2 4.8 -2
v 0 4.8 -2
v 0.3 4.8 -2
v 0.5 4.8 -2
v 0.7 4.8 -2
v 0.8 4.8 -2
v 0.9 4.8 -2
v 1.1 4.8 -2
v 1.4 4.8 -2
v 1.6 4.8 -2
v 2.1 4.8 -2
v 2.5 4.8 -2
v 3.1 4.8 -2
v 3.2 4.8 -2
v -3.1 4.8 -2.1
v -2.9 4.8 -2.1
v -2.4 4.8 -2.1
v -2 4.8 -2.1
v -1.9 4.8 -2.1
v -1.8 4.8 -2.1
v -1.5 4.8 -2.1
v -1 4.8 -2.1
v -0.2 4.8 -2.1
v 0.6 4.8 -2.1
v 0.7 4.8 -2.1
v 0.8 4.8 -2.1
v 0.9 4.8 -2.1
v 1 4.8 -2.1
v 1.1 4.8 -2.1
v 1.3 4.8 -2.1
v 1.6 4.8 -2.1
v 2 4.8 -2.1
v 2.5 4.8 -2.1
v 2.9 4.8 -2.1
v -1.9 4.8 -2.2
v -1.8 4.8 -2.2
v -0.7 4.8 -2.2
v -0.3 4.8 -2.2
v 0.6 4.8 -2.2
v 0.9 4.8 -2.2
v 1 4.8 -2.2
v 1.3 4.8 -2.2
v 1.5 4.8 -2.2
v 2 4.8 -2.2
v 2.3 4.8 -2.2
v 2.9 4.8 -2.2
v 3.2 4.8 -2.2
v -3.2 4.8 -2.3
v -0.3 4.8 -2.3
v 0.9 4.8 -2.3
v 1.5 4.8 -2.3
v 2.3 4.8 -2.3
v 3.2 4.8 -2.3

# faces
f 17/4/1 12/4/1 11/4/1
f 17/2/1 13/2/1 12/2/1
f 18/4/1 14/4/1 13/4/1
f 18/2/1 13/2/1 17/2/1
f 19/2/1 15/2/1 14/2/1
f 20/2/1 15/2/1 19/2/1
f 21/4/1 2/4/1 1/4/1
f 22/2/1 3/2/1 2/2/1
f 22/4/1 2/4/1 21/4/1
f 23/4/1 4/4/1 3/4/1
f 23/2/1 3/2/1 22/2/1
f 24/2/1 5/2/1 4/2/1
f 24/4/1 4/4/1 23/4/1
f 25/4/1 6/4/1 5/4/1
f 25/2/1 5/2/1 24/2/1
f 26/2/1 7/2/1 6/2/1
f 26/4/1 6/4/1 25/4/1
f 27/4/1 8/4/1 7/4/1
f 27/2/1 7/2/1 26/2/1
f 28/2/1 9/2/1 8/2/1
f 28/4/1 8/4/1 27/4/1
f 29/4/1 10/4/1 9/4/1
f 29/2/1 9/2/1 28/2/1
f 30/2/1 11/2/1 10/2/1
f 30/4/1 10/4/1 29/4/1
f 31/4/1 17/4/1 11/4/1
f 31/2/1 11/2/1 30/2/1
f 31/4/1 18/4/1 17/4/1
f 32/4/1 14/4/1 18/4/1
f 32/4/1 18/4/1 31/4/1
f 32/2/1 19/2/1 14/2/1
f 33/4/1 20/4/1 19/4/1
f 33/2/1 19/2/1 32/2/1
f 34/2/1 15/2/1 20/2/1
f 34/4/1 20/4/1 33/4/1
f 35/4/1 16/4/1 15/4/1
f 35/2/1 15/2/1 34/2/1
f 36/4/1 16/4/1 35/4/1
f 43/3/1 38/3/1 37/3/1
f 43/1/1 39/1/1 38/1/1
f 44/1/1 39/1/1 43/1/1
f 45/3/1 40/3/1 39/3/1
f 45/1/1 39/1/1 44/1/1
f 46/3/1 40/3/1 45/3/1
f 47/3/1 40/3/1 46/3/1
f 48/1/1 41/1/1 40/1/1
f 48/3/1 40/3/1 47/3/1
f 49/1/1 41/1/1 48/1/1
f 50/3/1 42/3/1 41/3/1
f 50/1/1 41/1/1 49/1/1
f 51/3/1 42/3/1 50/3/1
f 52/3/1 44/3/1 43/3/1
f 53/3/1 44/3/1 52/3/1
f 54/1/1 45/1/1 44/1/1
f 54/3/1 44/3/1 53/3/1
f 54/1/1 46/1/1 45/1/1
f 55/3/1 47/3/1 46/3/1
f 55/1/1 46/1/1 54/1/1
f 56/1/1 49/1/1 48/1/1
f 56/3/1 47/3/1 55/3/1
f 56/1/1 48/1/1 47/1/1
f 57/1/1 49/1/1 56/1/1
f 58/3/1 50/3/1 49/3/1
f 58/1/1 49/1/1 57/1/1
f 59/3/1 50/3/1 58/3/1
f 60/3/1 50/3/1 59/3/1
f 61/3/1 50/3/1 60/3/1
f 62/1/1 51/1/1 50/1/1
f 62/3/1 50/3/1 61/3/1
f 63/1/1 51/1/1 62/1/1
f 64/3/1 42/3/1 51/3/1
f 64/1/1 51/1/1 63/1/1
f 65/3/1 43/3/1 37/3/1
f 65/3/1 52/3/1 43/3/1
f 66/3/1 52/3/1 65/3/1
f 67/1/1 53/1/1 52/1/1
f 67/3/1 52/3/1 66/3/1
f 68/3/1 55/3/1 54/3/1
f 68/1/1 53/1/1 67/1/1
f 68/3/1 54/3/1 53/3/1
f 69/3/1 55/3/1 68/3/1
f 70/3/1 55/3/1 69/3/1
f 71/1/1 57/1/1 56/1/1
f 71/3/1 55/3/1 70/3/1
f 71/1/1 56/1/1 55/1/1
f 72/3/1 58/3/1 57/3/1
f 72/1/1 57/1/1 71/1/1
f 72/3/1 59/3/1 58/3/1
f 73/3/1 59/3/1 72/3/1
f 74/1/1 60/1/1 59/1/1
f 74/3/1 59/3/1 73/3/1
f 75/3/1 61/3/1 60/3/1
f 75/1/1 60/1/1 74/1/1
f 76/1/1 63/1/1 62/1/1
f 76/3/1 61/3/1 75/3/1
f 76/1/1 62/1/1 61/1/1
f 77/1/1 63/1/1 76/1/1
f 78/3/1 64/3/1 63/3/1
f 78/1/1 63/1/1 77/1/1
f 79/3/1 64/3/1 78/3/1
f 80/3/1 42/3/1 64/3/1
f 80/3/1 64/3/1 79/3/1
f 81/1/1 66/1/1 65/1/1
f 82/3/1 67/3/1 66/3/1
f 82/1/1 66/1/1 81/1/1
f 82/3/1 69/3/1 68/3/1
f 82/3/1 68/3/1 67/3/1
f 83/3/1 69/3/1 82/3/1
f 84/1/1 70/1/1 69/1/1
f 84/3/1 69/3/1 83/3/1
f 85/1/1 70/1/1 84/1/1
f 86/1/1 70/1/1 85/1/1
f 87/1/1 70/1/1 86/1/1
f 88/3/1 71/3/1 70/3/1
f 88/1/1 70/1/1 87/1/1
f 88/3/1 73/3/1 72/3/1
f 88/3/1 72/3/1 71/3/1
f 89/3/1 73/3/1 88/3/1
f 90/3/1 73/3/1 89/3/1
f 91/3/1 73/3/1 90/3/1
f 92/3/1 73/3/1 91/3/1
f 93/1/1 75/1/1 74/1/1
f 93/3/1 73/3/1 92/3/1
f 93/1/1 77/1/1 76/1/1
f 93/1/1 74/1/1 73/1/1
f 93/1/1 76/1/1 75/1/1
f 94/1/1 77/1/1 93/1/1
f 95/1/1 77/1/1 94/1/1
f 96/3/1 79/3/1 78/3/1
f 96/1/1 77/1/1 95/1/1
f 96/3/1 78/3/1 77/3/1
f 97/3/1 79/3/1 96/3/1
f 98/3/1 79/3/1 97/3/1
f 99/3/1 79/3/1 98/3/1
f 100/1/1 80/1/1 79/1/1
f 100/3/1 79/3/1 99/3/1
f 101/1/1 80/1/1 100/1/1
f 102/1/1 80/1/1 101/1/1
f 107/4/1 104/4/1 103/4/1
f 108/4/1 104/4/1 107/4/1
f 109/4/1 106/4/1 105/4/1
f 110/4/1 106/4/1 109/4/1
f 111/4/1 107/4/1 103/4/1
f 112/4/1 107/4/1 111/4/1
f 113/4/1 109/4/1 105/4/1
f 114/4/1 109/4/1 113/4/1
f 115/4/1 111/4/1 103/4/1
f 116/2/1 112/2/1 111/2/1
f 116/4/1 111/4/1 115/4/1
f 117/4/1 107/4/1 112/4/1
f 118/2/1 108/2/1 107/2/1
f 118/4/1 107/4/1 117/4/1
f 119/4/1 113/4/1 105/4/1
f 120/2/1 114/2/1 113/2/1
f 120/4/1 113/4/1 119/4/1
f 121/4/1 109/4/1 114/4/1
f 122/2/1 110/2/1 109/2/1
f 122/4/1 109/4/1 121/4/1
f 123/2/1 108/2/1 118/2/1
f 123/2/1 118/2/1 117/2/1
f 124/2/1 108/2/1 123/2/1
f 125/2/1 110/2/1 122/2/1
f 125/2/1 122/2/1 121/2/1
f 126/2/1 110/2/1 125/2/1
f 127/4/1 115/4/1 103/4/1
f 128/2/1 116/2/1 115/2/1
f 128/4/1 115/4/1 127/4/1
f 129/2/1 112/2/1 116/2/1
f 129/2/1 116/2/1 128/2/1
f 130/4/1 117/4/1 112/4/1
f 130/2/1 112/2/1 129/2/1
f 131/4/1 119/4/1 105/4/1
f 132/2/1 120/2/1 119/2/1
f 132/4/1 119/4/1 131/4/1
f 133/2/1 114/2/1 120/2/1
f 133/2/1 120/2/1 132/2/1
f 134/4/1 121/4/1 114/4/1
f 134/2/1 114/2/1 133/2/1
f 135/2/1 129/2/1 128/2/1
f 135/2/1 128/2/1 127/2/1
f 136/4/1 130/4/1 129/4/1
f 136/2/1 129/2/1 135/2/1
f 137/2/1 133/2/1 132/2/1
f 137/2/1 132/2/1 131/2/1
f 138/4/1 134/4/1 133/4/1
f 138/2/1 133/2/1 137/2/1
f 139/2/1 135/2/1 127/2/1
f 140/4/1 136/4/1 135/4/1
f 140/2/1 135/2/1 139/2/1
f 141/4/1 130/4/1 136/4/1
f 141/4/1 136/4/1 140/4/1
f 141/4/1 117/4/1 130/4/1
f 142/2/1 123/2/1 117/2/1
f 142/4/1 117/4/1 141/4/1
f 143/2/1 137/2/1 131/2/1
f 144/4/1 138/4/1 137/4/1
f 144/2/1 137/2/1 143/2/1
f 145/4/1 121/4/1 134/4/1
f 145/4/1 138/4/1 144/4/1
f 145/4/1 134/4/1 138/4/1
f 146/2/1 125/2/1 121/2/1
f 146/4/1 121/4/1 145/4/1
f 147/4/1 140/4/1 139/4/1
f 147/4/1 141/4/1 140/4/1
f 148/4/1 141/4/1 147/4/1
f 149/4/1 144/4/1 143/4/1
f 149/4/1 145/4/1 144/4/1
f 150/4/1 145/4/1 149/4/1
f 151/4/1 141/4/1 148/4/1
f 151/2/1 142/2/1 141/2/1
f 152/2/1 123/2/1 142/2/1
f 152/2/1 142/2/1 151/2/1
f 153/4/1 145/4/1 150/4/1
f 153/2/1 146/2/1 145/2/1
f 154/2/1 125/2/1 146/2/1
f 154/2/1 146/2/1 153/2/1
f 155/2/1 148/2/1 147/2/1
f 156/4/1 151/4/1 148/4/1
f 156/2/1 148/2/1 155/2/1
f 156/4/1 152/4/1 151/4/1
f 157/4/1 152/4/1 156/4/1
f 158/2/1 150/2/1 149/2/1
f 159/4/1 153/4/1 150/4/1
f 159/2/1 150/2/1 158/2/1
f 159/4/1 154/4/1 153/4/1
f 160/4/1 154/4/1 159/4/1
f 161/2/1 123/2/1 152/2/1
f 161/4/1 152/4/1 157/4/1
f 162/4/1 124/4/1 123/4/1
f 162/2/1 123/2/1 161/2/1
f 163/4/1 154/4/1 160/4/1
f 163/2/1 125/2/1 154/2/1
f 164/4/1 126/4/1 125/4/1
f 164/2/1 125/2/1 163/2/1
f 165/2/1 157/2/1 156/2/1
f 165/4/1 156/4/1 155/4/1
f 166/4/1 161/4/1 157/4/1
f 166/2/1 157/2/1 165/2/1
f 166/4/1 162/4/1 161/4/1
f 167/4/1 162/4/1 166/4/1
f 168/4/1 159/4/1 158/4/1
f 168/2/1 160/2/1 159/2/1
f 169/4/1 163/4/1 160/4/1
f 169/2/1 160/2/1 168/2/1
f 169/4/1 164/4/1 163/4/1
f 170/4/1 164/4/1 169/4/1
f 171/4/1 165/4/1 155/4/1
f 171/4/1 166/4/1 165/4/1
f 172/4/1 166/4/1 171/4/1
f 173/4/1 168/4/1 158/4/1
f 173/4/1 169/4/1 168/4/1
f 174/4/1 169/4/1 173/4/1
f 175/4/1 166/4/1 172/4/1
f 175/2/1 167/2/1 166/2/1
f 176/4/1 162/4/1 167/4/1
f 176/2/1 167/2/1 175/2/1
f 177/4/1 124/4/1 162/4/1
f 177/4/1 162/4/1 176/4/1
f 178/4/1 124/4/1 177/4/1
f 179/4/1 169/4/1 174/4/1
f 179/2/1 170/2/1 169/2/1
f 180/4/1 164/4/1 170/4/1
f 180/2/1 170/2/1 179/2/1
f 181/4/1 126/4/1 164/4/1
f 181/4/1 164/4/1 180/4/1
f 182/4/1 126/4/1 181/4/1
f 183/4/1 176/4/1 175/4/1
f 183/2/1 178/2/1 177/2/1
f 183/4/1 177/4/1 176/4/1
f 184/2/1 178/2/1 183/2/1
f 185/4/1 180/4/1 179/4/1
f 185/2/1 182/2/1 181/2/1
f 185/4/1 181/4/1 180/4/1
f 186/2/1 182/2/1 185/2/1
f 187/4/1 184/4/1 183/4/1
f 187/4/1 175/4/1 172/4/1
f 187/4/1 183/4/1 175/4/1
f 188/4/1 184/4/1 187/4/1
f 189/4/1 179/4/1 174/4/1
f 189/4/1 186/4/1 185/4/1
f 189/4/1 185/4/1 179/4/1
f 190/4/1 186/4/1 189/4/1
f 191/2/1 172/2/1 171/2/1
f 192/4/1 187/4/1 172/4/1
f 192/2/1 172/2/1 191/2/1
f 193/4/1 184/4/1 188/4/1
f 194/4/1 184/4/1 193/4/1
f 195/2/1 174/2/1 173/2/1
f 196/4/1 189/4/1 174/4/1
f 196/2/1 174/2/1 195/2/1
f 197/4/1 186/4/1 190/4/1
f 198/4/1 186/4/1 197/4/1
f 199/4/1 187/4/1 192/4/1
f 199/2/1 188/2/1 187/2/1
f 199/4/1 192/4/1 191/4/1
f 200/4/1 193/4/1 188/4/1
f 200/2/1 188/2/1 199/2/1
f 201/4/1 189/4/1 196/4/1
f 201/2/1 190/2/1 189/2/1
f 201/4/1 196/4/1 195/4/1
f 202/4/1 197/4/1 190/4/1
f 202/2/1 190/2/1 201/2/1
f 203/4/1 200/4/1 199/4/1
f 203/4/1 199/4/1 191/4/1
f 204/4/1 200/4/1 203/4/1
f 205/2/1 194/2/1 193/2/1
f 205/4/1 200/4/1 204/4/1
f 205/4/1 193/4/1 200/4/1
f 206/2/1 194/2/1 205/2/1
f 207/4/1 201/4/1 195/4/1
f 207/4/1 202/4/1 201/4/1
f 208/4/1 202/4/1 207/4/1
f 209/2/1 198/2/1 197/2/1
f 209/4/1 202/4/1 208/4/1
f 209/4/1 197/4/1 202/4/1
f 210/2/1 198/2/1 209/2/1
f 211/2/1 204/2/1 203/2/1
f 212/2/1 204/2/1 211/2/1
f 213/4/1 206/4/1 205/4/1
f 213/2/1 204/2/1 212/2/1
f 213/4/1 205/4/1 204/4/1
f 214/4/1 206/4/1 213/4/1
f 215/2/1 194/2/1 206/2/1
f 215/4/1 206/4/1 214/4/1
f 216/2/1 194/2/1 215/2/1
f 217/2/1 208/2/1 207/2/1
f 218/2/1 208/2/1 217/2/1
f 219/4/1 209/4/1 208/4/1
f 219/2/1 208/2/1 218/2/1
f 219/4/1 210/4/1 209/4/1
f 220/4/1 210/4/1 219/4/1
f 221/2/1 198/2/1 210/2/1
f 221/4/1 210/4/1 220/4/1
f 222/2/1 198/2/1 221/2/1
f 223/2/1 214/2/1 213/2/1
f 223/4/1 212/4/1 211/4/1
f 223/2/1 213/2/1 212/2/1
f 224/2/1 214/2/1 223/2/1
f 225/2/1 220/2/1 219/2/1
f 225/4/1 218/4/1 217/4/1
f 225/2/1 219/2/1 218/2/1
f 226/2/1 220/2/1 225/2/1
f 227/4/1 216/4/1 215/4/1
f 227/2/1 214/2/1 224/2/1
f 227/4/1 215/4/1 214/4/1
f 228/4/1 216/4/1 227/4/1
f 229/2/1 220/2/1 226/2/1
f 229/4/1 222/4/1 221/4/1
f 229/4/1 221/4/1 220/4/1
f 230/4/1 222/4/1 229/4/1
f 231/4/1 216/4/1 228/4/1
f 231/2/1 228/2/1 227/2/1
f 232/4/1 216/4/1 231/4/1
f 233/4/1 222/4/1 230/4/1
f 233/2/1 230/2/1 229/2/1
f 234/4/1 222/4/1 233/4/1
f 235/4/1 224/4/1 223/4/1
f 235/4/1 223/4/1 211/4/1
f 236/2/1 232/2/1 231/2/1
f 236/4/1 224/4/1 235/4/1
f 236/2/1 227/2/1 224/2/1
f 236/2/1 231/2/1 227/2/1
f 237/2/1 232/2/1 236/2/1
f 238/4/1 216/4/1 232/4/1
f 238/2/1 232/2/1 237/2/1
f 239/4/1 226/4/1 225/4/1
f 239/4/1 225/4/1 217/4/1
f 240/2/1 233/2/1 229/2/1
f 240/4/1 226/4/1 239/4/1
f 240/2/1 234/2/1 233/2/1
f 240/2/1 229/2/1 226/2/1
f 241/2/1 234/2/1 240/2/1
f 242/4/1 222/4/1 234/4/1
f 242/2/1 234/2/1 241/2/1
f 243/2/1 237/2/1 236/2/1
f 243/4/1 235/4/1 211/4/1
f 243/2/1 236/2/1 235/2/1
f 244/2/1 237/2/1 243/2/1
f 245/4/1 216/4/1 238/4/1
f 245/4/1 238/4/1 237/4/1
f 246/4/1 216/4/1 245/4/1
f 247/2/1 241/2/1 240/2/1
f 247/4/1 239/4/1 217/4/1
f 247/2/1 240/2/1 239/2/1
f 248/2/1 241/2/1 247/2/1
f 249/4/1 222/4/1 242/4/1
f 249/4/1 242/4/1 241/4/1
f 250/4/1 222/4/1 249/4/1
f 251/2/1 237/2/1 244/2/1
f 252/4/1 245/4/1 237/4/1
f 252/2/1 237/2/1 251/2/1
f 253/2/1 241/2/1 248/2/1
f 254/4/1 249/4/1 241/4/1
f 254/2/1 241/2/1 253/2/1
f 255/4/1 245/4/1 252/4/1
f 255/2/1 246/2/1 245/2/1
f 255/4/1 252/4/1 251/4/1
f 256/2/1 246/2/1 255/2/1
f 257/4/1 249/4/1 254/4/1
f 257/4/1 254/4/1 253/4/1
f 257/2/1 250/2/1 249/2/1
f 258/2/1 250/2/1 257/2/1
f 259/4/1 244/4/1 243/4/1
f 259/4/1 243/4/1 211/4/1
f 260/2/1 251/2/1 244/2/1
f 260/4/1 244/4/1 259/4/1
f 261/4/1 256/4/1 255/4/1
f 261/2/1 251/2/1 260/2/1
f 261/4/1 255/4/1 251/4/1
f 262/4/1 248/4/1 247/4/1
f 262/4/1 247/4/1 217/4/1
f 263/2/1 253/2/1 248/2/1
f 263/4/1 248/4/1 262/4/1
f 264/4/1 257/4/1 253/4/1
f 264/2/1 253/2/1 263/2/1
f 264/4/1 258/4/1 257/4/1
f 265/4/1 259/4/1 211/4/1
f 266/2/1 260/2/1 259/2/1
f 266/4/1 259/4/1 265/4/1
f 267/4/1 261/4/1 260/4/1
f 267/2/1 260/2/1 266/2/1
f 268/4/1 256/4/1 261/4/1
f 268/4/1 261/4/1 267/4/1
f 269/4/1 256/4/1 268/4/1
f 270/4/1 262/4/1 217/4/1
f 271/2/1 263/2/1 262/2/1
f 271/4/1 262/4/1 270/4/1
f 272/4/1 264/4/1 263/4/1
f 272/2/1 263/2/1 271/2/1
f 273/4/1 258/4/1 264/4/1
f 273/4/1 264/4/1 272/4/1
f 288/4/1 284/4/1 283/4/1
f 288/2/1 285/2/1 284/2/1
f 289/4/1 286/4/1 285/4/1
f 289/2/1 285/2/1 288/2/1
f 290/2/1 287/2/1 286/2/1
f 291/2/1 287/2/1 290/2/1
f 292/2/1 275/2/1 274/2/1
f 293/4/1 276/4/1 275/4/1
f 293/2/1 275/2/1 292/2/1
f 294/2/1 277/2/1 276/2/1
f 294/4/1 276/4/1 293/4/1
f 295/4/1 278/4/1 277/4/1
f 295/2/1 277/2/1 294/2/1
f 296/2/1 279/2/1 278/2/1
f 296/4/1 278/4/1 295/4/1
f 297/4/1 280/4/1 279/4/1
f 297/2/1 279/2/1 296/2/1
f 298/2/1 281/2/1 280/2/1
f 298/4/1 280/4/1 297/4/1
f 299/4/1 282/4/1 281/4/1
f 299/2/1 281/2/1 298/2/1
f 300/2/1 283/2/1 282/2/1
f 300/4/1 282/4/1 299/4/1
f 301/4/1 288/4/1 283/4/1
f 301/2/1 283/2/1 300/2/1
f 301/4/1 289/4/1 288/4/1
f 302/4/1 286/4/1 289/4/1
f 302/4/1 289/4/1 301/4/1
f 302/2/1 290/2/1 286/2/1
f 303/4/1 291/4/1 290/4/1
f 303/2/1 290/2/1 302/2/1
f 304/4/1 291/4/1 303/4/1
f 319/4/1 315/4/1 314/4/1
f 319/2/1 316/2/1 315/2/1
f 320/4/1 317/4/1 316/4/1
f 320/2/1 316/2/1 319/2/1
f 321/2/1 318/2/1 317/2/1
f 322/2/1 318/2/1 321/2/1
f 323/2/1 306/2/1 305/2/1
f 324/4/1 307/4/1 306/4/1
f 324/2/1 306/2/1 323/2/1
f 325/2/1 308/2/1 307/2/1
f 325/4/1 307/4/1 324/4/1
f 326/4/1 309/4/1 308/4/1
f 326/2/1 308/2/1 325/2/1
f 327/2/1 310/2/1 309/2/1
f 327/4/1 309/4/1 326/4/1
f 328/4/1 311/4/1 310/4/1
f 328/2/1 310/2/1 327/2/1
f 329/2/1 312/2/1 311/2/1
f 329/4/1 311/4/1 328/4/1
f 330/4/1 313/4/1 312/4/1
f 330/2/1 312/2/1 329/2/1
f 331/2/1 314/2/1 313/2/1
f 331/4/1 313/4/1 330/4/1
f 332/4/1 319/4/1 314/4/1
f 332/2/1 314/2/1 331/2/1
f 332/4/1 320/4/1 319/4/1
f 333/4/1 317/4/1 320/4/1
f 333/4/1 320/4/1 332/4/1
f 333/2/1 321/2/1 317/2/1
f 334/4/1 322/4/1 321/4/1
f 334/2/1 321/2/1 333/2/1
f 335/4/1 322/4/1 334/4/1
f 341/1/1 337/1/1 336/1/1
f 341/3/1 338/3/1 337/3/1
f 342/3/1 338/3/1 341/3/1
f 343/3/1 338/3/1 342/3/1
f 344/1/1 339/1/1 338/1/1
f 344/3/1 338/3/1 343/3/1
f 345/1/1 339/1/1 344/1/1
f 346/3/1 340/3/1 339/3/1
f 346/1/1 339/1/1 345/1/1
f 347/3/1 340/3/1 346/3/1
f 348/1/1 341/1/1 336/1/1
f 348/1/1 342/1/1 341/1/1
f 349/3/1 343/3/1 342/3/1
f 349/1/1 342/1/1 348/1/1
f 350/1/1 345/1/1 344/1/1
f 350/3/1 343/3/1 349/3/1
f 350/1/1 344/1/1 343/1/1
f 351/1/1 345/1/1 350/1/1
f 352/3/1 346/3/1 345/3/1
f 352/1/1 345/1/1 351/1/1
f 353/3/1 346/3/1 352/3/1
f 354/3/1 346/3/1 353/3/1
f 355/3/1 346/3/1 354/3/1
f 356/1/1 347/1/1 346/1/1
f 356/3/1 346/3/1 355/3/1
f 357/1/1 347/1/1 356/1/1
f 358/1/1 347/1/1 357/1/1
f 359/3/1 349/3/1 348/3/1
f 360/3/1 349/3/1 359/3/1
f 361/1/1 351/1/1 350/1/1
f 361/3/1 349/3/1 360/3/1
f 361/1/1 350/1/1 349/1/1
f 362/3/1 352/3/1 351/3/1
f 362/1/1 351/1/1 361/1/1
f 362/3/1 353/3/1 352/3/1
f 363/3/1 353/3/1 362/3/1
f 364/1/1 354/1/1 353/1/1
f 364/3/1 353/3/1 363/3/1
f 365/3/1 355/3/1 354/3/1
f 365/1/1 354/1/1 364/1/1
f 366/1/1 356/1/1 355/1/1
f 366/3/1 355/3/1 365/3/1
f 366/1/1 357/1/1 356/1/1
f 367/1/1 357/1/1 366/1/1
f 368/3/1 358/3/1 357/3/1
f 368/1/1 357/1/1 367/1/1
f 369/3/1 358/3/1 368/3/1
f 370/3/1 358/3/1 369/3/1
f 371/1/1 360/1/1 359/1/1
f 372/1/1 360/1/1 371/1/1
f 373/1/1 360/1/1 372/1/1
f 374/1/1 360/1/1 373/1/1
f 375/3/1 361/3/1 360/3/1
f 375/1/1 360/1/1 374/1/1
f 375/3/1 363/3/1 362/3/1
f 375/3/1 362/3/1 361/3/1
f 376/3/1 363/3/1 375/3/1
f 377/3/1 363/3/1 376/3/1
f 378/3/1 363/3/1 377/3/1
f 379/3/1 363/3/1 378/3/1
f 380/1/1 364/1/1 363/1/1
f 380/3/1 363/3/1 379/3/1
f 380/1/1 367/1/1 366/1/1
f 380/1/1 365/1/1 364/1/1
f 380/1/1 366/1/1 365/1/1
f 381/1/1 367/1/1 380/1/1
f 382/1/1 367/1/1 381/1/1
f 383/3/1 368/3/1 367/3/1
f 383/1/1 367/1/1 382/1/1
f 383/3/1 369/3/1 368/3/1
f 384/3/1 369/3/1 383/3/1
f 385/3/1 369/3/1 384/3/1
f 386/3/1 369/3/1 385/3/1
f 387/1/1 370/1/1 369/1/1
f 387/3/1 369/3/1 386/3/1
f 388/1/1 370/1/1 387/1/1
f 394/1/1 390/1/1 389/1/1
f 394/3/1 391/3/1 390/3/1
f 395/3/1 391/3/1 394/3/1
f 396/3/1 391/3/1 395/3/1
f 397/1/1 392/1/1 391/1/1
f 397/3/1 391/3/1 396/3/1
f 398/1/1 392/1/1 397/1/1
f 399/3/1 393/3/1 392/3/1
f 399/1/1 392/1/1 398/1/1
f 400/3/1 393/3/1 399/3/1
f 401/1/1 394/1/1 389/1/1
f 401/1/1 395/1/1 394/1/1
f 402/3/1 396/3/1 395/3/1
f 402/1/1 395/1/1 401/1/1
f 403/1/1 398/1/1 397/1/1
f 403/3/1 396/3/1 402/3/1
f 403/1/1 397/1/1 396/1/1
f 404/1/1 398/1/1 403/1/1
f 405/3/1 399/3/1 398/3/1
f 405/1/1 398/1/1 404/1/1
f 406/3/1 399/3/1 405/3/1
f 407/1/1 400/1/1 399/1/1
f 407/3/1 399/3/1 406/3/1
f 408/1/1 400/1/1 407/1/1
f 409/1/1 400/1/1 408/1/1
f 410/3/1 402/3/1 401/3/1
f 411/3/1 402/3/1 410/3/1
f 412/1/1 404/1/1 403/1/1
f 412/3/1 402/3/1 411/3/1
f 412/1/1 403/1/1 402/1/1
f 413/3/1 406/3/1 405/3/1
f 413/1/1 404/1/1 412/1/1
f 413/3/1 405/3/1 404/3/1
f 414/3/1 406/3/1 413/3/1
f 415/1/1 407/1/1 406/1/1
f 415/3/1 406/3/1 414/3/1
f 415/1/1 408/1/1 407/1/1
f 416/1/1 408/1/1 415/1/1
f 417/3/1 409/3/1 408/3/1
f 417/1/1 408/1/1 416/1/1
f 418/3/1 409/3/1 417/3/1
f 419/3/1 409/3/1 418/3/1
f 420/1/1 411/1/1 410/1/1
f 421/1/1 411/1/1 420/1/1
f 422/1/1 411/1/1 421/1/1
f 423/1/1 411/1/1 422/1/1
f 424/3/1 412/3/1 411/3/1
f 424/1/1 411/1/1 423/1/1
f 424/3/1 414/3/1 413/3/1
f 424/3/1 413/3/1 412/3/1
f 425/3/1 414/3/1 424/3/1
f 426/3/1 414/3/1 425/3/1
f 427/3/1 414/3/1 426/3/1
f 428/3/1 414/3/1 427/3/1
f 429/1/1 416/1/1 415/1/1
f 429/3/1 414/3/1 428/3/1
f 429/1/1 415/1/1 414/1/1
f 430/1/1 416/1/1 429/1/1
f 431/1/1 416/1/1 430/1/1
f 432/3/1 417/3/1 416/3/1
f 432/1/1 416/1/1 431/1/1
f 432/3/1 418/3/1 417/3/1
f 433/3/1 418/3/1 432/3/1
f 434/3/1 418/3/1 433/3/1
f 435/3/1 418/3/1 434/3/1
f 436/1/1 419/1/1 418/1/1
f 436/3/1 418/3/1 435/3/1
f 437/1/1 419/1/1 436/1/1
f 440/4/1 439/4/1 438/4/1
f 441/4/1 439/4/1 440/4/1
f 442/2/1 441/2/1 440/2/1
f 443/2/1 441/2/1 442/2/1
f 444/4/1 439/4/1 441/4/1
f 444/2/1 441/2/1 443/2/1
f 445/4/1 439/4/1 444/4/1
f 446/2/1 444/2/1 443/2/1
f 447/4/1 443/4/1 442/4/1
f 447/2/1 446/2/1 443/2/1
f 448/2/1 446/2/1 447/2/1
f 449/4/1 447/4/1 442/4/1
f 449/4/1 448/4/1 447/4/1
f 450/4/1 448/4/1 449/4/1
f 451/4/1 449/4/1 442/4/1
f 457/2/1 453/2/1 452/2/1
f 457/4/1 454/4/1 453/4/1
f 457/4/1 455/4/1 454/4/1
f 458/4/1 455/4/1 457/4/1
f 459/2/1 456/2/1 455/2/1
f 459/4/1 455/4/1 458/4/1
f 460/2/1 456/2/1 459/2/1
f 461/2/1 458/2/1 457/2/1
f 461/2/1 457/2/1 452/2/1
f 462/4/1 460/4/1 459/4/1
f 462/2/1 458/2/1 461/2/1
f 462/4/1 459/4/1 458/4/1
f 463/4/1 452/4/1 451/4/1
f 463/4/1 451/4/1 442/4/1
f 464/2/1 461/2/1 452/2/1
f 464/4/1 452/4/1 463/4/1
f 465/4/1 462/4/1 461/4/1
f 465/2/1 461/2/1 464/2/1
f 466/4/1 460/4/1 462/4/1
f 466/4/1 462/4/1 465/4/1
f 467/4/1 460/4/1 466/4/1
f 468/2/1 467/2/1 466/2/1
f 468/4/1 460/4/1 467/4/1
f 469/4/1 460/4/1 468/4/1
f 470/4/1 463/4/1 442/4/1
f 471/2/1 464/2/1 463/2/1
f 471/4/1 463/4/1 470/4/1
f 472/4/1 465/4/1 464/4/1
f 472/2/1 464/2/1 471/2/1
f 472/4/1 466/4/1 465/4/1
f 473/2/1 469/2/1 468/2/1
f 473/4/1 466/4/1 472/4/1
f 473/2/1 468/2/1 466/2/1
f 474/2/1 469/2/1 473/2/1
f 475/2/1 471/2/1 470/2/1
f 476/4/1 472/4/1 471/4/1
f 476/2/1 471/2/1 475/2/1
f 476/4/1 473/4/1 472/4/1
f 476/4/1 474/4/1 473/4/1
f 477/4/1 474/4/1 476/4/1
f 478/2/1 469/2/1 474/2/1
f 478/4/1 474/4/1 477/4/1
f 479/2/1 469/2/1 478/2/1
f 480/4/1 477/4/1 476/4/1
f 480/4/1 476/4/1 475/4/1
f 481/4/1 477/4/1 480/4/1
f 482/2/1 481/2/1 480/2/1
f 483/4/1 480/4/1 475/4/1
f 483/2/1 482/2/1 480/2/1
f 484/2/1 482/2/1 483/2/1
f 485/4/1 483/4/1 475/4/1
f 485/4/1 484/4/1 483/4/1
f 486/4/1 484/4/1 485/4/1
f 487/4/1 485/4/1 475/4/1
f 492/2/1 488/2/1 487/2/1
f 492/4/1 487/4/1 475/4/1
f 493/4/1 490/4/1 489/4/1
f 493/2/1 488/2/1 492/2/1
f 493/4/1 489/4/1 488/4/1
f 494/4/1 490/4/1 493/4/1
f 495/2/1 491/2/1 490/2/1
f 495/4/1 490/4/1 494/4/1
f 496/2/1 491/2/1 495/2/1
f 497/4/1 494/4/1 493/4/1
f 497/4/1 492/4/1 475/4/1
f 497/4/1 493/4/1 492/4/1
f 498/4/1 494/4/1 497/4/1
f 499/4/1 494/4/1 498/4/1
f 500/4/1 494/4/1 499/4/1
f 501/4/1 499/4/1 498/4/1
f 501/2/1 500/2/1 499/2/1
f 502/4/1 494/4/1 500/4/1
f 502/2/1 500/2/1 501/2/1
f 503/4/1 496/4/1 495/4/1
f 503/2/1 495/2/1 494/2/1
f 504/4/1 496/4/1 503/4/1
f 505/2/1 503/2/1 494/2/1
f 505/2/1 504/2/1 503/2/1
f 506/2/1 504/2/1 505/2/1
f 507/4/1 494/4/1 502/4/1
f 507/4/1 502/4/1 501/4/1
f 508/2/1 505/2/1 494/2/1
f 508/4/1 494/4/1 507/4/1
f 509/2/1 508/2/1 507/2/1
f 509/2/1 505/2/1 508/2/1
f 510/4/1 506/4/1 505/4/1
f 510/2/1 505/2/1 509/2/1
f 511/4/1 510/4/1 509/4/1
f 511/4/1 506/4/1 510/4/1
f 512/4/1 506/4/1 511/4/1
f 513/2/1 498/2/1 497/2/1
f 513/4/1 501/4/1 498/4/1
f 513/4/1 507/4/1 501/4/1
f 514/4/1 507/4/1 513/4/1
f 515/2/1 513/2/1 497/2/1
f 515/2/1 514/2/1 513/2/1
f 516/2/1 514/2/1 515/2/1
f 517/2/1 509/2/1 507/2/1
f 517/4/1 511/4/1 509/4/1
f 518/2/1 512/2/1 511/2/1
f 518/4/1 511/4/1 517/4/1
f 519/2/1 514/2/1 516/2/1
f 519/4/1 507/4/1 514/4/1
f 520/2/1 517/2/1 507/2/1
f 520/4/1 507/4/1 519/4/1
f 520/2/1 518/2/1 517/2/1
f 521/2/1 518/2/1 520/2/1
f 522/2/1 512/2/1 518/2/1
f 522/2/1 518/2/1 521/2/1
f 523/4/1 516/4/1 515/4/1
f 524/2/1 521/2/1 520/2/1
f 524/4/1 516/4/1 523/4/1
f 524/2/1 519/2/1 516/2/1
f 524/2/1 520/2/1 519/2/1
f 525/4/1 522/4/1 521/4/1
f 525/2/1 521/2/1 524/2/1
f 526/4/1 522/4/1 525/4/1
f 529/4/1 528/4/1 527/4/1
f 530/4/1 528/4/1 529/4/1
f 531/2/1 530/2/1 529/2/1
f 532/4/1 528/4/1 530/4/1
f 532/2/1 530/2/1 531/2/1
f 533/4/1 528/4/1 532/4/1
f 534/4/1 528/4/1 533/4/1
f 535/4/1 528/4/1 534/4/1
f 536/4/1 528/4/1 535/4/1
f 537/2/1 536/2/1 535/2/1
f 538/2/1 536/2/1 537/2/1
f 539/4/1 528/4/1 536/4/1
f 539/2/1 536/2/1 538/2/1
f 540/4/1 528/4/1 539/4/1
f 541/4/1 528/4/1 540/4/1
f 545/2/1 541/2/1 540/2/1
f 546/2/1 544/2/1 543/2/1
f 546/4/1 545/4/1 544/4/1
f 547/4/1 545/4/1 546/4/1
f 548/2/1 541/2/1 545/2/1
f 548/4/1 545/4/1 547/4/1
f 549/2/1 541/2/1 548/2/1
f 550/2/1 547/2/1 546/2/1
f 550/2/1 546/2/1 543/2/1
f 551/4/1 549/4/1 548/4/1
f 551/2/1 547/2/1 550/2/1
f 551/4/1 548/4/1 547/4/1
f 552/4/1 543/4/1 542/4/1
f 553/2/1 550/2/1 543/2/1
f 553/4/1 543/4/1 552/4/1
f 554/4/1 551/4/1 550/4/1
f 554/2/1 550/2/1 553/2/1
f 555/4/1 549/4/1 551/4/1
f 555/4/1 551/4/1 554/4/1
f 556/4/1 549/4/1 555/4/1
f 557/2/1 556/2/1 555/2/1
f 557/4/1 549/4/1 556/4/1
f 558/4/1 549/4/1 557/4/1
f 559/4/1 552/4/1 542/4/1
f 560/2/1 553/2/1 552/2/1
f 560/4/1 552/4/1 559/4/1
f 561/4/1 554/4/1 553/4/1
f 561/2/1 553/2/1 560/2/1
f 561/4/1 555/4/1 554/4/1
f 562/2/1 558/2/1 557/2/1
f 562/4/1 555/4/1 561/4/1
f 562/2/1 557/2/1 555/2/1
f 563/2/1 558/2/1 562/2/1
f 564/2/1 560/2/1 559/2/1
f 565/4/1 561/4/1 560/4/1
f 565/2/1 560/2/1 564/2/1
f 565/4/1 562/4/1 561/4/1
f 565/4/1 563/4/1 562/4/1
f 566/4/1 563/4/1 565/4/1
f 567/2/1 558/2/1 563/2/1
f 567/4/1 563/4/1 566/4/1
f 568/2/1 567/2/1 566/2/1
f 569/2/1 558/2/1 567/2/1
f 569/2/1 567/2/1 568/2/1
f 570/4/1 569/4/1 568/4/1
f 571/2/1 558/2/1 569/2/1
f 571/4/1 569/4/1 570/4/1
f 572/2/1 558/2/1 571/2/1
f 573/4/1 571/4/1 570/4/1
f 573/4/1 572/4/1 571/4/1
f 574/4/1 572/4/1 573/4/1
f 575/4/1 572/4/1 574/4/1
f 576/4/1 572/4/1 575/4/1
f 581/2/1 576/2/1 575/2/1
f 582/4/1 578/4/1 577/4/1
f 582/2/1 579/2/1 578/2/1
f 583/4/1 580/4/1 579/4/1
f 583/2/1 579/2/1 582/2/1
f 583/4/1 581/4/1 580/4/1
f 584/4/1 581/4/1 583/4/1
f 585/2/1 576/2/1 581/2/1
f 585/4/1 581/4/1 584/4/1
f 586/2/1 576/2/1 585/2/1
f 587/4/1 582/4/1 577/4/1
f 587/4/1 584/4/1 583/4/1
f 587/4/1 583/4/1 582/4/1
f 588/4/1 584/4/1 587/4/1
f 589/4/1 584/4/1 588/4/1
f 590/4/1 584/4/1 589/4/1
f 591/4/1 589/4/1 588/4/1
f 591/2/1 590/2/1 589/2/1
f 592/4/1 584/4/1 590/4/1
f 592/2/1 590/2/1 591/2/1
f 593/4/1 586/4/1 585/4/1
f 593/2/1 585/2/1 584/2/1
f 594/4/1 586/4/1 593/4/1
f 595/2/1 593/2/1 584/2/1
f 595/2/1 594/2/1 593/2/1
f 596/2/1 594/2/1 595/2/1
f 597/4/1 584/4/1 592/4/1
f 597/4/1 592/4/1 591/4/1
f 598/2/1 595/2/1 584/2/1
f 598/4/1 584/4/1 597/4/1
f 599/2/1 598/2/1 597/2/1
f 599/2/1 595/2/1 598/2/1
f 600/4/1 596/4/1 595/4/1
f 600/2/1 595/2/1 599/2/1
f 601/4/1 600/4/1 599/4/1
f 601/4/1 596/4/1 600/4/1
f 602/4/1 596/4/1 601/4/1
f 603/2/1 588/2/1 587/2/1
f 603/4/1 591/4/1 588/4/1
f 603/4/1 597/4/1 591/4/1
f 604/4/1 597/4/1 603/4/1
f 605/2/1 603/2/1 587/2/1
f 605/2/1 604/2/1 603/2/1
f 606/2/1 604/2/1 605/2/1
f 607/2/1 599/2/1 597/2/1
f 607/4/1 601/4/1 599/4/1
f 608/2/1 602/2/1 601/2/1
f 608/4/1 601/4/1 607/4/1
f 609/2/1 604/2/1 606/2/1
f 609/4/1 597/4/1 604/4/1
f 610/2/1 607/2/1 597/2/1
f 610/4/1 597/4/1 609/4/1
f 610/2/1 608/2/1 607/2/1
f 611/2/1 608/2/1 610/2/1
f 612/2/1 602/2/1 608/2/1
f 612/2/1 608/2/1 611/2/1
f 613/4/1 606/4/1 605/4/1
f 614/2/1 611/2/1 610/2/1
f 614/4/1 606/4/1 613/4/1
f 614/2/1 609/2/1 606/2/1
f 614/2/1 610/2/1 609/2/1
f 615/4/1 612/4/1 611/4/1
f 615/2/1 611/2/1 614/2/1
f 616/4/1 612/4/1 615/4/1
f 617/4/2 618/4/2 621/4/2
f 621/4/2 618/4/2 622/4/2
f 622/4/2 618/4/2 623/4/2
f 623/4/2 618/4/2 624/4/2
f 619/4/2 620/4/2 625/4/2
f 625/4/2 620/4/2 626/4/2
f 626/4/2 620/4/2 627/4/2
f 627/4/2 620/4/2 628/4/2
f 621/2/2 622/2/2 629/2/2
f 622/4/2 623/4/2 629/4/2
f 623/2/2 624/2/2 630/2/2
f 629/4/2 623/4/2 630/4/2
f 624/4/2 618/4/2 631/4/2
f 630/2/2 624/2/2 631/2/2
f 631/4/2 618/4/2 632/4/2
f 619/4/2 625/4/2 633/4/2
f 625/2/2 626/2/2 634/2/2
f 633/4/2 625/4/2 634/4/2
f 626/4/2 627/4/2 635/4/2
f 634/2/2 626/2/2 635/2/2
f 627/2/2 628/2/2 636/2/2
f 635/4/2 627/4/2 636/4/2
f 621/2/2 629/2/2 637/2/2
f 621/2/2 637/2/2 638/2/2
f 636/2/2 628/2/2 639/2/2
f 621/2/2 638/2/2 640/2/2
f 617/4/2 621/4/2 640/4/2
f 640/2/2 638/2/2 641/2/2
f 639/2/2 628/2/2 642/2/2
f 640/4/2 641/4/2 643/4/2
f 617/4/2 640/4/2 643/4/2
f 643/4/2 641/4/2 644/4/2
f 642/2/2 628/2/2 645/2/2
f 628/4/2 620/4/2 646/4/2
f 645/2/2 628/2/2 646/2/2
f 646/4/2 620/4/2 647/4/2
f 647/4/2 620/4/2 648/4/2
f 617/4/2 643/4/2 649/4/2
f 647/2/2 648/2/2 658/2/2
f 650/2/2 651/2/2 659/2/2
f 651/4/2 652/4/2 659/4/2
f 652/4/2 653/4/2 659/4/2
f 659/4/2 653/4/2 660/4/2
f 653/2/2 654/2/2 661/2/2
f 660/4/2 653/4/2 661/4/2
f 661/2/2 654/2/2 662/2/2
f 656/2/2 657/2/2 663/2/2
f 657/4/2 658/4/2 663/4/2
f 663/4/2 658/4/2 664/4/2
f 658/2/2 648/2/2 665/2/2
f 664/4/2 658/4/2 665/4/2
f 665/2/2 648/2/2 666/2/2
f 659/2/2 660/2/2 667/2/2
f 650/2/2 659/2/2 667/2/2
f 661/4/2 662/4/2 668/4/2
f 667/2/2 660/2/2 668/2/2
f 660/4/2 661/4/2 668/4/2
f 663/2/2 664/2/2 669/2/2
f 656/2/2 663/2/2 669/2/2
f 664/4/2 665/4/2 670/4/2
f 669/2/2 664/2/2 670/2/2
f 665/4/2 666/4/2 670/4/2
f 617/4/2 649/4/2 671/4/2
f 649/4/2 650/4/2 671/4/2
f 650/2/2 667/2/2 672/2/2
f 671/4/2 650/4/2 672/4/2
f 667/4/2 668/4/2 673/4/2
f 672/2/2 667/2/2 673/2/2
f 668/4/2 662/4/2 674/4/2
f 673/4/2 668/4/2 674/4/2
f 674/4/2 662/4/2 675/4/2
f 655/4/2 656/4/2 676/4/2
f 656/2/2 669/2/2 677/2/2
f 676/4/2 656/4/2 677/4/2
f 669/4/2 670/4/2 678/4/2
f 677/2/2 669/2/2 678/2/2
f 670/4/2 666/4/2 679/4/2
f 678/4/2 670/4/2 679/4/2
f 679/4/2 666/4/2 680/4/2
f 675/4/2 662/4/2 681/4/2
f 674/2/2 675/2/2 681/2/2
f 681/4/2 662/4/2 682/4/2
f 680/4/2 666/4/2 683/4/2
f 679/2/2 680/2/2 683/2/2
f 683/4/2 666/4/2 684/4/2
f 617/4/2 671/4/2 685/4/2
f 671/2/2 672/2/2 686/2/2
f 685/4/2 671/4/2 686/4/2
f 672/4/2 673/4/2 687/4/2
f 686/2/2 672/2/2 687/2/2
f 673/4/2 674/4/2 687/4/2
f 681/2/2 682/2/2 688/2/2
f 687/4/2 674/4/2 688/4/2
f 674/2/2 681/2/2 688/2/2
f 688/2/2 682/2/2 689/2/2
f 655/4/2 676/4/2 690/4/2
f 676/2/2 677/2/2 691/2/2
f 690/4/2 676/4/2 691/4/2
f 677/4/2 678/4/2 692/4/2
f 691/2/2 677/2/2 692/2/2
f 678/4/2 679/4/2 692/4/2
f 683/2/2 684/2/2 693/2/2
f 692/4/2 679/4/2 693/4/2
f 679/2/2 683/2/2 693/2/2
f 693/2/2 684/2/2 694/2/2
f 685/2/2 686/2/2 695/2/2
f 686/4/2 687/4/2 696/4/2
f 695/2/2 686/2/2 696/2/2
f 687/4/2 688/4/2 696/4/2
f 688/4/2 689/4/2 696/4/2
f 696/4/2 689/4/2 697/4/2
f 689/2/2 682/2/2 698/2/2
f 697/4/2 689/4/2 698/4/2
f 698/2/2 682/2/2 699/2/2
f 690/2/2 691/2/2 700/2/2
f 691/4/2 692/4/2 701/4/2
f 700/2/2 691/2/2 701/2/2
f 693/4/2 694/4/2 701/4/2
f 692/4/2 693/4/2 701/4/2
f 701/4/2 694/4/2 702/4/2
f 694/2/2 684/2/2 703/2/2
f 702/4/2 694/4/2 703/4/2
f 696/4/2 697/4/2 704/4/2
f 695/4/2 696/4/2 704/4/2
f 704/4/2 697/4/2 705/4/2
f 702/2/2 703/2/2 706/2/2
f 703/2/2 684/2/2 707/2/2
f 706/2/2 703/2/2 707/2/2
f 704/2/2 705/2/2 708/2/2
f 706/4/2 707/4/2 709/4/2
f 707/2/2 684/2/2 710/2/2
f 709/4/2 707/4/2 710/4/2
f 710/2/2 684/2/2 711/2/2
f 695/4/2 704/4/2 712/4/2
f 704/2/2 708/2/2 712/2/2
f 712/2/2 708/2/2 713/2/2
f 710/4/2 711/4/2 714/4/2
f 709/4/2 710/4/2 714/4/2
f 712/4/2 713/4/2 715/4/2
f 695/4/2 712/4/2 715/4/2
f 715/4/2 713/4/2 716/4/2
f 714/4/2 711/4/2 717/4/2
f 717/4/2 711/4/2 718/4/2
f 718/4/2 711/4/2 719/4/2
f 719/4/2 711/4/2 720/4/2
f 695/4/2 715/4/2 721/4/2
f 719/2/2 720/2/2 729/2/2
f 695/4/2 721/4/2 730/4/2
f 721/2/2 722/2/2 730/2/2
f 722/4/2 723/4/2 731/4/2
f 730/2/2 722/2/2 731/2/2
f 723/4/2 724/4/2 731/4/2
f 731/4/2 724/4/2 732/4/2
f 724/2/2 725/2/2 733/2/2
f 732/4/2 724/4/2 733/4/2
f 733/2/2 725/2/2 734/2/2
f 727/2/2 728/2/2 735/2/2
f 726/4/2 727/4/2 735/4/2
f 728/4/2 729/4/2 736/4/2
f 735/2/2 728/2/2 736/2/2
f 736/4/2 729/4/2 737/4/2
f 729/2/2 720/2/2 738/2/2
f 737/4/2 729/4/2 738/4/2
f 738/2/2 720/2/2 739/2/2
f 695/4/2 730/4/2 740/4/2
f 731/4/2 732/4/2 740/4/2
f 730/4/2 731/4/2 740/4/2
f 740/4/2 732/4/2 741/4/2
f 741/4/2 732/4/2 742/4/2
f 742/4/2 732/4/2 743/4/2
f 726/4/2 735/4/2 744/4/2
f 736/4/2 737/4/2 744/4/2
f 735/4/2 736/4/2 744/4/2
f 744/4/2 737/4/2 745/4/2
f 745/4/2 737/4/2 746/4/2
f 746/4/2 737/4/2 747/4/2
f 742/2/2 743/2/2 748/2/2
f 741/4/2 742/4/2 748/4/2
f 743/4/2 732/4/2 749/4/2
f 748/2/2 743/2/2 749/2/2
f 733/4/2 734/4/2 750/4/2
f 732/2/2 733/2/2 750/2/2
f 750/4/2 734/4/2 751/4/2
f 746/2/2 747/2/2 752/2/2
f 745/4/2 746/4/2 752/4/2
f 747/4/2 737/4/2 753/4/2
f 752/2/2 747/2/2 753/2/2
f 738/4/2 739/4/2 754/4/2
f 737/2/2 738/2/2 754/2/2
f 754/4/2 739/4/2 755/4/2
f 750/2/2 751/2/2 756/2/2
f 732/2/2 750/2/2 756/2/2
f 756/2/2 751/2/2 757/2/2
f 754/2/2 755/2/2 758/2/2
f 737/2/2 754/2/2 758/2/2
f 758/2/2 755/2/2 759/2/2
f 749/4/2 732/4/2 760/4/2
f 748/4/2 749/4/2 760/4/2
f 732/2/2 756/2/2 761/2/2
f 760/4/2 732/4/2 761/4/2
f 753/4/2 737/4/2 762/4/2
f 752/4/2 753/4/2 762/4/2
f 737/2/2 758/2/2 763/2/2
f 762/4/2 737/4/2 763/4/2
f 761/2/2 756/2/2 764/2/2
f 760/2/2 761/2/2 764/2/2
f 756/4/2 757/4/2 765/4/2
f 764/2/2 756/2/2 765/2/2
f 763/2/2 758/2/2 766/2/2
f 762/2/2 763/2/2 766/2/2
f 758/4/2 759/4/2 767/4/2
f 766/2/2 758/2/2 767/2/2
f 765/4/2 757/4/2 768/4/2
f 764/4/2 765/4/2 768/4/2
f 768/4/2 757/4/2 769/4/2
f 767/4/2 759/4/2 770/4/2
f 766/4/2 767/4/2 770/4/2
f 770/4/2 759/4/2 771/4/2
f 741/4/2 748/4/2 772/4/2
f 740/2/2 741/2/2 772/2/2
f 748/4/2 760/4/2 772/4/2
f 772/4/2 760/4/2 773/4/2
f 745/4/2 752/4/2 774/4/2
f 744/2/2 745/2/2 774/2/2
f 752/4/2 762/4/2 774/4/2
f 774/4/2 762/4/2 775/4/2
f 772/2/2 773/2/2 776/2/2
f 740/2/2 772/2/2 776/2/2
f 776/2/2 773/2/2 777/2/2
f 764/4/2 768/4/2 778/4/2
f 760/2/2 764/2/2 778/2/2
f 768/2/2 769/2/2 779/2/2
f 778/4/2 768/4/2 779/4/2
f 774/2/2 775/2/2 780/2/2
f 744/2/2 774/2/2 780/2/2
f 780/2/2 775/2/2 781/2/2
f 762/2/2 766/2/2 782/2/2
f 766/4/2 770/4/2 782/4/2
f 770/2/2 771/2/2 783/2/2
f 782/4/2 770/4/2 783/4/2
f 773/4/2 760/4/2 784/4/2
f 777/2/2 773/2/2 784/2/2
f 760/2/2 778/2/2 785/2/2
f 784/4/2 760/4/2 785/4/2
f 778/2/2 779/2/2 785/2/2
f 785/2/2 779/2/2 786/2/2
f 779/2/2 769/2/2 787/2/2
f 786/2/2 779/2/2 787/2/2
f 781/2/2 775/2/2 788/2/2
f 775/4/2 762/4/2 788/4/2
f 782/2/2 783/2/2 789/2/2
f 788/4/2 762/4/2 789/4/2
f 762/2/2 782/2/2 789/2/2
f 789/2/2 783/2/2 790/2/2
f 783/2/2 771/2/2 791/2/2
f 790/2/2 783/2/2 791/2/2
f 776/4/2 777/4/2 792/4/2
f 777/2/2 784/2/2 793/2/2
f 792/4/2 777/4/2 793/4/2
f 784/2/2 785/2/2 793/2/2
f 785/2/2 786/2/2 793/2/2
f 786/4/2 787/4/2 794/4/2
f 793/2/2 786/2/2 794/2/2
f 794/4/2 787/4/2 795/4/2
f 780/4/2 781/4/2 796/4/2
f 789/2/2 790/2/2 797/2/2
f 796/4/2 781/4/2 797/4/2
f 781/2/2 788/2/2 797/2/2
f 788/2/2 789/2/2 797/2/2
f 790/4/2 791/4/2 798/4/2
f 797/2/2 790/2/2 798/2/2
f 798/4/2 791/4/2 799/4/2
f 800/3/2 801/3/2 803/3/2
f 803/3/2 801/3/2 804/3/2
f 801/1/2 802/1/2 805/1/2
f 804/3/2 801/3/2 805/3/2
f 805/1/2 802/1/2 806/1/2
f 800/3/2 803/3/2 807/3/2
f 803/1/2 804/1/2 808/1/2
f 807/3/2 803/3/2 808/3/2
f 808/1/2 804/1/2 809/1/2
f 804/3/2 805/3/2 810/3/2
f 809/1/2 804/1/2 810/1/2
f 805/3/2 806/3/2 810/3/2
f 810/3/2 806/3/2 811/3/2
f 811/3/2 806/3/2 812/3/2
f 800/3/2 807/3/2 813/3/2
f 808/1/2 809/1/2 814/1/2
f 813/3/2 807/3/2 814/3/2
f 807/1/2 808/1/2 814/1/2
f 814/1/2 809/1/2 815/1/2
f 809/3/2 810/3/2 816/3/2
f 815/1/2 809/1/2 816/1/2
f 810/1/2 811/1/2 817/1/2
f 816/3/2 810/3/2 817/3/2
f 817/1/2 811/1/2 818/1/2
f 811/3/2 812/3/2 819/3/2
f 818/1/2 811/1/2 819/1/2
f 819/3/2 812/3/2 820/3/2
f 814/1/2 815/1/2 821/1/2
f 813/1/2 814/1/2 821/1/2
f 821/1/2 815/1/2 822/1/2
f 822/1/2 815/1/2 823/1/2
f 817/3/2 818/3/2 824/3/2
f 823/1/2 815/1/2 824/1/2
f 815/3/2 816/3/2 824/3/2
f 816/3/2 817/3/2 824/3/2
f 824/3/2 818/3/2 825/3/2
f 825/3/2 818/3/2 826/3/2
f 819/1/2 820/1/2 827/1/2
f 826/3/2 818/3/2 827/3/2
f 818/1/2 819/1/2 827/1/2
f 827/1/2 820/1/2 828/1/2
f 828/1/2 820/1/2 829/1/2
f 829/1/2 820/1/2 830/1/2
f 831/3/2 832/3/2 834/3/2
f 834/3/2 832/3/2 835/3/2
f 832/1/2 833/1/2 836/1/2
f 835/3/2 832/3/2 836/3/2
f 836/1/2 833/1/2 837/1/2
f 831/3/2 834/3/2 838/3/2
f 834/1/2 835/1/2 839/1/2
f 838/3/2 834/3/2 839/3/2
f 839/1/2 835/1/2 840/1/2
f 835/3/2 836/3/2 841/3/2
f 840/1/2 835/1/2 841/1/2
f 836/3/2 837/3/2 841/3/2
f 841/3/2 837/3/2 842/3/2
f 831/3/2 838/3/2 843/3/2
f 839/1/2 840/1/2 844/1/2
f 843/3/2 838/3/2 844/3/2
f 838/1/2 839/1/2 844/1/2
f 844/1/2 840/1/2 845/1/2
f 840/3/2 841/3/2 846/3/2
f 845/1/2 840/1/2 846/1/2
f 841/1/2 842/1/2 847/1/2
f 846/3/2 841/3/2 847/3/2
f 847/1/2 842/1/2 848/1/2
f 842/3/2 837/3/2 849/3/2
f 848/1/2 842/1/2 849/1/2
f 849/3/2 837/3/2 850/3/2
f 844/1/2 845/1/2 851/1/2
f 843/1/2 844/1/2 851/1/2
f 851/1/2 845/1/2 852/1/2
f 852/1/2 845/1/2 853/1/2
f 847/3/2 848/3/2 854/3/2
f 853/1/2 845/1/2 854/1/2
f 845/3/2 846/3/2 854/3/2
f 846/3/2 847/3/2 854/3/2
f 854/3/2 848/3/2 855/3/2
f 855/3/2 848/3/2 856/3/2
f 849/1/2 850/1/2 857/1/2
f 856/3/2 848/3/2 857/3/2
f 848/1/2 849/1/2 857/1/2
f 857/1/2 850/1/2 858/1/2
f 858/1/2 850/1/2 859/1/2
f 859/1/2 850/1/2 860/1/2
f 861/4/2 862/4/2 869/4/2
f 862/2/2 863/2/2 870/2/2
f 869/4/2 862/4/2 870/4/2
f 863/4/2 864/4/2 871/4/2
f 870/2/2 863/2/2 871/2/2
f 864/2/2 865/2/2 872/2/2
f 871/4/2 864/4/2 872/4/2
f 865/4/2 866/4/2 873/4/2
f 872/2/2 865/2/2 873/2/2
f 866/2/2 867/2/2 874/2/2
f 873/4/2 866/4/2 874/4/2
f 867/4/2 868/4/2 875/4/2
f 874/2/2 867/2/2 875/2/2
f 875/4/2 868/4/2 876/4/2
f 883/4/2 884/4/2 885/4/2
f 877/4/2 878/4/2 886/4/2
f 878/2/2 879/2/2 887/2/2
f 886/4/2 878/4/2 887/4/2
f 879/4/2 880/4/2 888/4/2
f 887/2/2 879/2/2 888/2/2
f 880/2/2 881/2/2 889/2/2
f 888/4/2 880/4/2 889/4/2
f 881/4/2 882/4/2 890/4/2
f 889/2/2 881/2/2 890/2/2
f 882/2/2 883/2/2 891/2/2
f 890/4/2 882/4/2 891/4/2
f 883/4/2 885/4/2 892/4/2
f 891/2/2 883/2/2 892/2/2
f 892/4/2 885/4/2 893/4/2
f 894/4/2 895/4/2 898/4/2
f 898/4/2 895/4/2 899/4/2
f 899/4/2 895/4/2 900/4/2
f 900/4/2 895/4/2 901/4/2
f 896/4/2 897/4/2 902/4/2
f 902/4/2 897/4/2 903/4/2
f 903/4/2 897/4/2 904/4/2
f 904/4/2 897/4/2 905/4/2
f 900/2/2 901/2/2 906/2/2
f 899/4/2 900/4/2 906/4/2
f 906/2/2 901/2/2 907/2/2
f 904/2/2 905/2/2 908/2/2
f 903/4/2 904/4/2 908/4/2
f 908/2/2 905/2/2 909/2/2
f 894/4/2 898/4/2 910/4/2
f 898/2/2 899/2/2 911/2/2
f 910/4/2 898/4/2 911/4/2
f 906/4/2 907/4/2 912/4/2
f 899/4/2 906/4/2 912/4/2
f 907/2/2 901/2/2 913/2/2
f 912/4/2 907/4/2 913/4/2
f 896/4/2 902/4/2 914/4/2
f 902/2/2 903/2/2 915/2/2
f 914/4/2 902/4/2 915/4/2
f 903/4/2 908/4/2 916/4/2
f 908/4/2 909/4/2 916/4/2
f 909/2/2 905/2/2 917/2/2
f 916/4/2 909/4/2 917/4/2
f 913/2/2 901/2/2 918/2/2
f 912/2/2 913/2/2 918/2/2
f 918/2/2 901/2/2 919/2/2
f 917/2/2 905/2/2 920/2/2
f 916/2/2 917/2/2 920/2/2
f 920/2/2 905/2/2 921/2/2
f 894/4/2 910/4/2 922/4/2
f 910/2/2 911/2/2 923/2/2
f 922/4/2 910/4/2 923/4/2
f 911/2/2 899/2/2 924/2/2
f 923/2/2 911/2/2 924/2/2
f 899/4/2 912/4/2 925/4/2
f 924/2/2 899/2/2 925/2/2
f 896/4/2 914/4/2 926/4/2
f 914/2/2 915/2/2 927/2/2
f 926/4/2 914/4/2 927/4/2
f 915/2/2 903/2/2 928/2/2
f 927/2/2 915/2/2 928/2/2
f 903/4/2 916/4/2 929/4/2
f 928/2/2 903/2/2 929/2/2
f 923/2/2 924/2/2 930/2/2
f 922/2/2 923/2/2 930/2/2
f 924/4/2 925/4/2 931/4/2
f 930/2/2 924/2/2 931/2/2
f 927/2/2 928/2/2 932/2/2
f 926/2/2 927/2/2 932/2/2
f 928/4/2 929/4/2 933/4/2
f 932/2/2 928/2/2 933/2/2
f 922/2/2 930/2/2 934/2/2
f 930/4/2 931/4/2 935/4/2
f 934/2/2 930/2/2 935/2/2
f 931/4/2 925/4/2 936/4/2
f 935/4/2 931/4/2 936/4/2
f 925/4/2 912/4/2 936/4/2
f 912/2/2 918/2/2 937/2/2
f 936/4/2 912/4/2 937/4/2
f 926/2/2 932/2/2 938/2/2
f 932/4/2 933/4/2 939/4/2
f 938/2/2 932/2/2 939/2/2
f 929/4/2 916/4/2 940/4/2
f 939/4/2 933/4/2 940/4/2
f 933/4/2 929/4/2 940/4/2
f 916/2/2 920/2/2 941/2/2
f 940/4/2 916/4/2 941/4/2
f 934/4/2 935/4/2 942/4/2
f 935/4/2 936/4/2 942/4/2
f 942/4/2 936/4/2 943/4/2
f 938/4/2 939/4/2 944/4/2
f 939/4/2 940/4/2 944/4/2
f 944/4/2 940/4/2 945/4/2
f 943/4/2 936/4/2 946/4/2
f 936/2/2 937/2/2 946/2/2
f 937/2/2 918/2/2 947/2/2
f 946/2/2 937/2/2 947/2/2
f 945/4/2 940/4/2 948/4/2
f 940/2/2 941/2/2 948/2/2
f 941/2/2 920/2/2 949/2/2
f 948/2/2 941/2/2 949/2/2
f 942/2/2 943/2/2 950/2/2
f 943/4/2 946/4/2 951/4/2
f 950/2/2 943/2/2 951/2/2
f 946/4/2 947/4/2 951/4/2
f 951/4/2 947/4/2 952/4/2
f 944/2/2 945/2/2 953/2/2
f 945/4/2 948/4/2 954/4/2
f 953/2/2 945/2/2 954/2/2
f 948/4/2 949/4/2 954/4/2
f 954/4/2 949/4/2 955/4/2
f 947/2/2 918/2/2 956/2/2
f 952/4/2 947/4/2 956/4/2
f 918/4/2 919/4/2 957/4/2
f 956/2/2 918/2/2 957/2/2
f 955/4/2 949/4/2 958/4/2
f 949/2/2 920/2/2 958/2/2
f 920/4/2 921/4/2 959/4/2
f 958/2/2 920/2/2 959/2/2
f 951/2/2 952/2/2 960/2/2
f 950/4/2 951/4/2 960/4/2
f 952/4/2 956/4/2 961/4/2
f 960/2/2 952/2/2 961/2/2
f 956/4/2 957/4/2 961/4/2
f 961/4/2 957/4/2 962/4/2
f 953/4/2 954/4/2 963/4/2
f 954/2/2 955/2/2 963/2/2
f 955/4/2 958/4/2 964/4/2
f 963/2/2 955/2/2 964/2/2
f 958/4/2 959/4/2 964/4/2
f 964/4/2 959/4/2 965/4/2
f 950/4/2 960/4/2 966/4/2
f 960/4/2 961/4/2 966/4/2
f 966/4/2 961/4/2 967/4/2
f 953/4/2 963/4/2 968/4/2
f 963/4/2 964/4/2 968/4/2
f 968/4/2 964/4/2 969/4/2
f 967/4/2 961/4/2 970/4/2
f 961/2/2 962/2/2 970/2/2
f 962/4/2 957/4/2 971/4/2
f 970/2/2 962/2/2 971/2/2
f 957/4/2 919/4/2 972/4/2
f 971/4/2 957/4/2 972/4/2
f 972/4/2 919/4/2 973/4/2
f 969/4/2 964/4/2 974/4/2
f 964/2/2 965/2/2 974/2/2
f 965/4/2 959/4/2 975/4/2
f 974/2/2 965/2/2 975/2/2
f 959/4/2 921/4/2 976/4/2
f 975/4/2 959/4/2 976/4/2
f 976/4/2 921/4/2 977/4/2
f 970/4/2 971/4/2 978/4/2
f 972/2/2 973/2/2 978/2/2
f 971/4/2 972/4/2 978/4/2
f 978/2/2 973/2/2 979/2/2
f 974/4/2 975/4/2 980/4/2
f 976/2/2 977/2/2 980/2/2
f 975/4/2 976/4/2 980/4/2
f 980/2/2 977/2/2 981/2/2
f 978/4/2 979/4/2 982/4/2
f 967/4/2 970/4/2 982/4/2
f 970/4/2 978/4/2 982/4/2
f 982/4/2 979/4/2 983/4/2
f 969/4/2 974/4/2 984/4/2
f 980/4/2 981/4/2 984/4/2
f 974/4/2 980/4/2 984/4/2
f 984/4/2 981/4/2 985/4/2
f 966/2/2 967/2/2 986/2/2
f 967/4/2 982/4/2 987/4/2
f 986/2/2 967/2/2 987/2/2
f 983/4/2 979/4/2 988/4/2
f 988/4/2 979/4/2 989/4/2
f 968/2/2 969/2/2 990/2/2
f 969/4/2 984/4/2 991/4/2
f 990/2/2 969/2/2 991/2/2
f 985/4/2 981/4/2 992/4/2
f 992/4/2 981/4/2 993/4/2
f 987/4/2 982/4/2 994/4/2
f 982/2/2 983/2/2 994/2/2
f 986/4/2 987/4/2 994/4/2
f 983/4/2 988/4/2 995/4/2
f 994/2/2 983/2/2 995/2/2
f 991/4/2 984/4/2 996/4/2
f 984/2/2 985/2/2 996/2/2
f 990/4/2 991/4/2 996/4/2
f 985/4/2 992/4/2 997/4/2
f 996/2/2 985/2/2 997/2/2
f 994/4/2 995/4/2 998/4/2
f 986/4/2 994/4/2 998/4/2
f 998/4/2 995/4/2 999/4/2
f 988/2/2 989/2/2 1000/2/2
f 999/4/2 995/4/2 1000/4/2
f 995/4/2 988/4/2 1000/4/2
f 1000/2/2 989/2/2 1001/2/2
f 990/4/2 996/4/2 1002/4/2
f 996/4/2 997/4/2 1002/4/2
f 1002/4/2 997/4/2 1003/4/2
f 992/2/2 993/2/2 1004/2/2
f 1003/4/2 997/4/2 1004/4/2
f 997/4/2 992/4/2 1004/4/2
f 1004/2/2 993/2/2 1005/2/2
f 998/2/2 999/2/2 1006/2/2
f 1006/2/2 999/2/2 1007/2/2
f 1000/4/2 1001/4/2 1008/4/2
f 1007/2/2 999/2/2 1008/2/2
f 999/4/2 1000/4/2 1008/4/2
f 1008/4/2 1001/4/2 1009/4/2
f 1001/2/2 989/2/2 1010/2/2
f 1009/4/2 1001/4/2 1010/4/2
f 1010/2/2 989/2/2 1011/2/2
f 1002/2/2 1003/2/2 1012/2/2
f 1012/2/2 1003/2/2 1013/2/2
f 1003/4/2 1004/4/2 1014/4/2
f 1013/2/2 1003/2/2 1014/2/2
f 1004/4/2 1005/4/2 1014/4/2
f 1014/4/2 1005/4/2 1015/4/2
f 1005/2/2 993/2/2 1016/2/2
f 1015/4/2 1005/4/2 1016/4/2
f 1016/2/2 993/2/2 1017/2/2
f 1008/2/2 1009/2/2 1018/2/2
f 1006/4/2 1007/4/2 1018/4/2
f 1007/2/2 1008/2/2 1018/2/2
f 1018/2/2 1009/2/2 1019/2/2
f 1014/2/2 1015/2/2 1020/2/2
f 1012/4/2 1013/4/2 1020/4/2
f 1013/2/2 1014/2/2 1020/2/2
f 1020/2/2 1015/2/2 1021/2/2
f 1010/4/2 1011/4/2 1022/4/2
f 1019/2/2 1009/2/2 1022/2/2
f 1009/4/2 1010/4/2 1022/4/2
f 1022/4/2 1011/4/2 1023/4/2
f 1021/2/2 1015/2/2 1024/2/2
f 1016/4/2 1017/4/2 1024/4/2
f 1015/4/2 1016/4/2 1024/4/2
f 1024/4/2 1017/4/2 1025/4/2
f 1023/4/2 1011/4/2 1026/4/2
f 1022/2/2 1023/2/2 1026/2/2
f 1026/4/2 1011/4/2 1027/4/2
f 1025/4/2 1017/4/2 1028/4/2
f 1024/2/2 1025/2/2 1028/2/2
f 1028/4/2 1017/4/2 1029/4/2
f 1018/4/2 1019/4/2 1030/4/2
f 1006/4/2 1018/4/2 1030/4/2
f 1026/2/2 1027/2/2 1031/2/2
f 1030/4/2 1019/4/2 1031/4/2
f 1019/2/2 1022/2/2 1031/2/2
f 1022/2/2 1026/2/2 1031/2/2
f 1031/2/2 1027/2/2 1032/2/2
f 1027/4/2 1011/4/2 1033/4/2
f 1032/2/2 1027/2/2 1033/2/2
f 1020/4/2 1021/4/2 1034/4/2
f 1012/4/2 1020/4/2 1034/4/2
f 1024/2/2 1028/2/2 1035/2/2
f 1034/4/2 1021/4/2 1035/4/2
f 1028/2/2 1029/2/2 1035/2/2
f 1021/2/2 1024/2/2 1035/2/2
f 1035/2/2 1029/2/2 1036/2/2
f 1029/4/2 1017/4/2 1037/4/2
f 1036/2/2 1029/2/2 1037/2/2
f 1031/2/2 1032/2/2 1038/2/2
f 1006/4/2 1030/4/2 1038/4/2
f 1030/2/2 1031/2/2 1038/2/2
f 1038/2/2 1032/2/2 1039/2/2
f 1033/4/2 1011/4/2 1040/4/2
f 1032/4/2 1033/4/2 1040/4/2
f 1040/4/2 1011/4/2 1041/4/2
f 1035/2/2 1036/2/2 1042/2/2
f 1012/4/2 1034/4/2 1042/4/2
f 1034/2/2 1035/2/2 1042/2/2
f 1042/2/2 1036/2/2 1043/2/2
f 1037/4/2 1017/4/2 1044/4/2
f 1036/4/2 1037/4/2 1044/4/2
f 1044/4/2 1017/4/2 1045/4/2
f 1039/2/2 1032/2/2 1046/2/2
f 1032/4/2 1040/4/2 1047/4/2
f 1046/2/2 1032/2/2 1047/2/2
f 1043/2/2 1036/2/2 1048/2/2
f 1036/4/2 1044/4/2 1049/4/2
f 1048/2/2 1036/2/2 1049/2/2
f 1047/4/2 1040/4/2 1050/4/2
f 1040/2/2 1041/2/2 1050/2/2
f 1046/4/2 1047/4/2 1050/4/2
f 1050/2/2 1041/2/2 1051/2/2
f 1049/4/2 1044/4/2 1052/4/2
f 1048/4/2 1049/4/2 1052/4/2
f 1044/2/2 1045/2/2 1052/2/2
f 1052/2/2 1045/2/2 1053/2/2
f 1038/4/2 1039/4/2 1054/4/2
f 1006/4/2 1038/4/2 1054/4/2
f 1039/2/2 1046/2/2 1055/2/2
f 1054/4/2 1039/4/2 1055/4/2
f 1050/4/2 1051/4/2 1056/4/2
f 1055/2/2 1046/2/2 1056/2/2
f 1046/4/2 1050/4/2 1056/4/2
f 1042/4/2 1043/4/2 1057/4/2
f 1012/4/2 1042/4/2 1057/4/2
f 1043/2/2 1048/2/2 1058/2/2
f 1057/4/2 1043/4/2 1058/4/2
f 1048/4/2 1052/4/2 1059/4/2
f 1058/2/2 1048/2/2 1059/2/2
f 1052/4/2 1053/4/2 1059/4/2
f 1006/4/2 1054/4/2 1060/4/2
f 1054/2/2 1055/2/2 1061/2/2
f 1060/4/2 1054/4/2 1061/4/2
f 1055/4/2 1056/4/2 1062/4/2
f 1061/2/2 1055/2/2 1062/2/2
f 1056/4/2 1051/4/2 1063/4/2
f 1062/4/2 1056/4/2 1063/4/2
f 1063/4/2 1051/4/2 1064/4/2
f 1012/4/2 1057/4/2 1065/4/2
f 1057/2/2 1058/2/2 1066/2/2
f 1065/4/2 1057/4/2 1066/4/2
f 1058/4/2 1059/4/2 1067/4/2
f 1066/2/2 1058/2/2 1067/2/2
f 1059/4/2 1053/4/2 1068/4/2
f 1067/4/2 1059/4/2 1068/4/2
f 1069/3/2 1070/3/2 1074/3/2
f 1070/1/2 1071/1/2 1074/1/2
f 1071/3/2 1072/3/2 1075/3/2
f 1074/1/2 1071/1/2 1075/1/2
f 1075/3/2 1072/3/2 1076/3/2
f 1076/3/2 1072/3/2 1077/3/2
f 1072/1/2 1073/1/2 1078/1/2
f 1077/3/2 1072/3/2 1078/3/2
f 1078/1/2 1073/1/2 1079/1/2
f 1079/1/2 1073/1/2 1080/1/2
f 1080/1/2 1073/1/2 1081/1/2
f 1074/3/2 1075/3/2 1082/3/2
f 1075/3/2 1076/3/2 1082/3/2
f 1076/1/2 1077/1/2 1083/1/2
f 1082/3/2 1076/3/2 1083/3/2
f 1083/1/2 1077/1/2 1084/1/2
f 1077/3/2 1078/3/2 1085/3/2
f 1084/1/2 1077/1/2 1085/1/2
f 1078/3/2 1079/3/2 1085/3/2
f 1085/3/2 1079/3/2 1086/3/2
f 1079/1/2 1080/1/2 1087/1/2
f 1086/3/2 1079/3/2 1087/3/2
f 1080/3/2 1081/3/2 1088/3/2
f 1087/1/2 1080/1/2 1088/1/2
f 1074/3/2 1082/3/2 1089/3/2
f 1083/1/2 1084/1/2 1090/1/2
f 1089/3/2 1082/3/2 1090/3/2
f 1082/1/2 1083/1/2 1090/1/2
f 1090/1/2 1084/1/2 1091/1/2
f 1084/3/2 1085/3/2 1092/3/2
f 1091/1/2 1084/1/2 1092/1/2
f 1085/1/2 1086/1/2 1093/1/2
f 1092/3/2 1085/3/2 1093/3/2
f 1093/1/2 1086/1/2 1094/1/2
f 1086/3/2 1087/3/2 1095/3/2
f 1094/1/2 1086/1/2 1095/1/2
f 1087/3/2 1088/3/2 1095/3/2
f 1088/3/2 1081/3/2 1096/3/2
f 1095/3/2 1088/3/2 1096/3/2
f 1069/3/2 1074/3/2 1097/3/2
f 1074/3/2 1089/3/2 1097/3/2
f 1097/3/2 1089/3/2 1098/3/2
f 1090/1/2 1091/1/2 1099/1/2
f 1098/3/2 1089/3/2 1099/3/2
f 1089/1/2 1090/1/2 1099/1/2
f 1099/1/2 1091/1/2 1100/1/2
f 1100/1/2 1091/1/2 1101/1/2
f 1093/3/2 1094/3/2 1102/3/2
f 1101/1/2 1091/1/2 1102/1/2
f 1092/3/2 1093/3/2 1102/3/2
f 1091/3/2 1092/3/2 1102/3/2
f 1102/3/2 1094/3/2 1103/3/2
f 1103/3/2 1094/3/2 1104/3/2
f 1094/1/2 1095/1/2 1105/1/2
f 1104/3/2 1094/3/2 1105/3/2
f 1095/1/2 1096/1/2 1105/1/2
f 1105/1/2 1096/1/2 1106/1/2
f 1106/1/2 1096/1/2 1107/1/2
f 1107/1/2 1096/1/2 1108/1/2
f 1096/3/2 1081/3/2 1109/3/2
f 1108/1/2 1096/1/2 1109/1/2
f 1109/3/2 1081/3/2 1110/3/2
f 1111/4/2 1112/4/2 1123/4/2
f 1112/2/2 1113/2/2 1124/2/2
f 1123/4/2 1112/4/2 1124/4/2
f 1113/4/2 1114/4/2 1125/4/2
f 1124/2/2 1113/2/2 1125/2/2
f 1114/2/2 1115/2/2 1126/2/2
f 1125/4/2 1114/4/2 1126/4/2
f 1115/4/2 1116/4/2 1127/4/2
f 1126/2/2 1115/2/2 1127/2/2
f 1116/2/2 1117/2/2 1128/2/2
f 1127/4/2 1116/4/2 1128/4/2
f 1117/4/2 1118/4/2 1129/4/2
f 1128/2/2 1117/2/2 1129/2/2
f 1118/2/2 1119/2/2 1130/2/2
f 1129/4/2 1118/4/2 1130/4/2
f 1119/4/2 1120/4/2 1131/4/2
f 1130/2/2 1119/2/2 1131/2/2
f 1120/2/2 1121/2/2 1132/2/2
f 1131/4/2 1120/4/2 1132/4/2
f 1121/4/2 1122/4/2 1133/4/2
f 1132/2/2 1121/2/2 1133/2/2
f 1133/4/2 1122/4/2 1134/4/2
f 1137/4/3 1136/4/3 1135/4/3
f 1138/4/3 1136/4/3 1137/4/3
f 1139/2/3 1138/2/3 1137/2/3
f 1140/2/3 1138/2/3 1139/2/3
f 1141/4/3 1140/4/3 1139/4/3
f 1142/4/3 1140/4/3 1141/4/3
f 1143/2/3 1142/2/3 1141/2/3
f 1144/2/3 1142/2/3 1143/2/3
f 1145/4/3 1144/4/3 1143/4/3
f 1146/4/3 1144/4/3 1145/4/3
f 1150/3/3 1148/3/3 1147/3/3
f 1151/3/3 1148/3/3 1150/3/3
f 1152/3/3 1148/3/3 1151/3/3
f 1153/1/3 1149/1/3 1148/1/3
f 1153/3/3 1148/3/3 1152/3/3
f 1154/1/3 1151/1/3 1150/1/3
f 1155/3/3 1152/3/3 1151/3/3
f 1155/1/3 1151/1/3 1154/1/3
f 1156/1/3 1153/1/3 1152/1/3
f 1156/3/3 1152/3/3 1155/3/3
f 1156/3/3 1155/3/3 1154/3/3
f 1157/1/3 1149/1/3 1153/1/3
f 1157/1/3 1153/1/3 1156/1/3
f 1158/3/3 1156/3/3 1154/3/3
f 1158/3/3 1157/3/3 1156/3/3
f 1159/3/3 1157/3/3 1158/3/3
f 1160/1/3 1159/1/3 1158/1/3
f 1161/3/3 1157/3/3 1159/3/3
f 1161/1/3 1159/1/3 1160/1/3
f 1162/1/3 1149/1/3 1157/1/3
f 1162/3/3 1157/3/3 1161/3/3
f 1162/3/3 1161/3/3 1160/3/3
f 1163/1/3 1149/1/3 1162/1/3
f 1164/3/3 1163/3/3 1162/3/3
f 1165/3/3 1162/3/3 1160/3/3
f 1165/3/3 1164/3/3 1162/3/3
f 1166/3/3 1164/3/3 1165/3/3
f 1167/3/3 1165/3/3 1160/3/3
f 1168/3/3 1165/3/3 1167/3/3
f 1169/1/3 1166/1/3 1165/1/3
f 1170/3/3 1165/3/3 1168/3/3
f 1170/1/3 1168/1/3 1167/1/3
f 1171/3/3 1165/3/3 1170/3/3
f 1172/1/3 1170/1/3 1167/1/3
f 1172/1/3 1171/1/3 1170/1/3
f 1173/1/3 1171/1/3 1172/1/3
f 1174/3/3 1165/3/3 1171/3/3
f 1174/1/3 1171/1/3 1173/1/3
f 1175/1/3 1169/1/3 1165/1/3
f 1175/3/3 1165/3/3 1174/3/3
f 1176/1/3 1174/1/3 1173/1/3
f 1176/3/3 1173/3/3 1172/3/3
f 1176/1/3 1175/1/3 1174/1/3
f 1177/1/3 1175/1/3 1176/1/3
f 1178/1/3 1169/1/3 1175/1/3
f 1178/1/3 1175/1/3 1177/1/3
f 1179/3/3 1177/3/3 1176/3/3
f 1179/1/3 1178/1/3 1177/1/3
f 1180/1/3 1178/1/3 1179/1/3
f 1181/3/3 1176/3/3 1172/3/3
f 1181/3/3 1179/3/3 1176/3/3
f 1181/3/3 1180/3/3 1179/3/3
f 1182/3/3 1180/3/3 1181/3/3
f 1183/1/3 1182/1/3 1181/1/3
f 1183/3/3 1180/3/3 1182/3/3
f 1184/3/3 1180/3/3 1183/3/3
f 1185/1/3 1178/1/3 1180/1/3
f 1186/3/3 1180/3/3 1184/3/3
f 1186/1/3 1185/1/3 1180/1/3
f 1187/1/3 1185/1/3 1186/1/3
f 1188/1/3 1183/1/3 1181/1/3
f 1188/1/3 1184/1/3 1183/1/3
f 1189/1/3 1184/1/3 1188/1/3
f 1190/3/3 1189/3/3 1188/3/3
f 1190/1/3 1184/1/3 1189/1/3
f 1191/3/3 1187/3/3 1186/3/3
f 1191/1/3 1184/1/3 1190/1/3
f 1191/3/3 1186/3/3 1184/3/3
f 1192/3/3 1190/3/3 1188/3/3
f 1192/3/3 1191/3/3 1190/3/3
f 1193/3/3 1187/3/3 1191/3/3
f 1193/3/3 1191/3/3 1192/3/3
f 1204/4/3 1195/4/3 1194/4/3
f 1205/2/3 1196/2/3 1195/2/3
f 1205/4/3 1195/4/3 1204/4/3
f 1206/4/3 1197/4/3 1196/4/3
f 1206/2/3 1198/2/3 1197/2/3
f 1207/4/3 1199/4/3 1198/4/3
f 1207/2/3 1198/2/3 1206/2/3
f 1208/2/3 1200/2/3 1199/2/3
f 1208/4/3 1199/4/3 1207/4/3
f 1209/2/3 1200/2/3 1208/2/3
f 1210/4/3 1201/4/3 1200/4/3
f 1210/2/3 1200/2/3 1209/2/3
f 1211/2/3 1202/2/3 1201/2/3
f 1211/4/3 1201/4/3 1210/4/3
f 1212/4/3 1203/4/3 1202/4/3
f 1212/2/3 1202/2/3 1211/2/3
f 1213/4/3 1203/4/3 1212/4/3
f 1214/4/3 1203/4/3 1213/4/3
f 1215/4/3 1204/4/3 1194/4/3
f 1215/2/3 1205/2/3 1204/2/3
f 1216/2/3 1196/2/3 1205/2/3
f 1216/2/3 1205/2/3 1215/2/3
f 1217/4/3 1206/4/3 1196/4/3
f 1217/2/3 1196/2/3 1216/2/3
f 1217/4/3 1207/4/3 1206/4/3
f 1218/2/3 1209/2/3 1208/2/3
f 1218/4/3 1207/4/3 1217/4/3
f 1218/2/3 1208/2/3 1207/2/3
f 1219/2/3 1209/2/3 1218/2/3
f 1220/2/3 1209/2/3 1219/2/3
f 1221/4/3 1211/4/3 1210/4/3
f 1221/2/3 1209/2/3 1220/2/3
f 1221/4/3 1213/4/3 1212/4/3
f 1221/4/3 1210/4/3 1209/4/3
f 1221/4/3 1212/4/3 1211/4/3
f 1222/2/3 1214/2/3 1213/2/3
f 1222/4/3 1213/4/3 1221/4/3
f 1223/2/3 1214/2/3 1222/2/3
f 1224/4/3 1203/4/3 1214/4/3
f 1224/2/3 1214/2/3 1223/2/3
f 1225/4/3 1203/4/3 1224/4/3
f 1226/4/3 1203/4/3 1225/4/3
f 1227/4/3 1203/4/3 1226/4/3
f 1228/4/3 1215/4/3 1194/4/3
f 1228/4/3 1216/4/3 1215/4/3
f 1229/4/3 1216/4/3 1228/4/3
f 1230/2/3 1217/2/3 1216/2/3
f 1230/4/3 1216/4/3 1229/4/3
f 1230/2/3 1218/2/3 1217/2/3
f 1231/2/3 1218/2/3 1230/2/3
f 1232/4/3 1219/4/3 1218/4/3
f 1232/2/3 1218/2/3 1231/2/3
f 1233/2/3 1220/2/3 1219/2/3
f 1233/4/3 1219/4/3 1232/4/3
f 1234/2/3 1224/2/3 1223/2/3
f 1234/2/3 1225/2/3 1224/2/3
f 1235/4/3 1226/4/3 1225/4/3
f 1235/2/3 1225/2/3 1234/2/3
f 1236/2/3 1227/2/3 1226/2/3
f 1236/4/3 1226/4/3 1235/4/3
f 1237/2/3 1232/2/3 1231/2/3
f 1237/4/3 1231/4/3 1230/4/3
f 1237/2/3 1233/2/3 1232/2/3
f 1237/4/3 1230/4/3 1229/4/3
f 1238/2/3 1233/2/3 1237/2/3
f 1239/4/3 1223/4/3 1222/4/3
f 1239/2/3 1233/2/3 1238/2/3
f 1239/4/3 1221/4/3 1220/4/3
f 1239/4/3 1222/4/3 1221/4/3
f 1239/2/3 1220/2/3 1233/2/3
f 1240/4/3 1223/4/3 1239/4/3
f 1241/4/3 1235/4/3 1234/4/3
f 1241/2/3 1236/2/3 1235/2/3
f 1242/2/3 1227/2/3 1236/2/3
f 1242/2/3 1236/2/3 1241/2/3
f 1243/2/3 1229/2/3 1228/2/3
f 1243/4/3 1228/4/3 1194/4/3
f 1244/4/3 1238/4/3 1237/4/3
f 1244/2/3 1229/2/3 1243/2/3
f 1244/4/3 1237/4/3 1229/4/3
f 1245/2/3 1239/2/3 1238/2/3
f 1245/4/3 1238/4/3 1244/4/3
f 1245/2/3 1240/2/3 1239/2/3
f 1246/2/3 1240/2/3 1245/2/3
f 1247/2/3 1240/2/3 1246/2/3
f 1248/4/3 1223/4/3 1240/4/3
f 1248/2/3 1240/2/3 1247/2/3
f 1249/4/3 1223/4/3 1248/4/3
f 1250/2/3 1234/2/3 1223/2/3
f 1250/4/3 1223/4/3 1249/4/3
f 1251/4/3 1241/4/3 1234/4/3
f 1251/2/3 1234/2/3 1250/2/3
f 1251/4/3 1242/4/3 1241/4/3
f 1252/4/3 1242/4/3 1251/4/3
f 1253/2/3 1227/2/3 1242/2/3
f 1253/4/3 1242/4/3 1252/4/3
f 1254/2/3 1227/2/3 1253/2/3
f 1255/4/3 1243/4/3 1194/4/3
f 1255/4/3 1244/4/3 1243/4/3
f 1255/4/3 1245/4/3 1244/4/3
f 1255/4/3 1246/4/3 1245/4/3
f 1256/2/3 1247/2/3 1246/2/3
f 1256/4/3 1246/4/3 1255/4/3
f 1257/4/3 1249/4/3 1248/4/3
f 1257/2/3 1247/2/3 1256/2/3
f 1257/4/3 1248/4/3 1247/4/3
f 1258/2/3 1250/2/3 1249/2/3
f 1258/4/3 1249/4/3 1257/4/3
f 1258/2/3 1252/2/3 1251/2/3
f 1258/2/3 1251/2/3 1250/2/3
f 1259/4/3 1254/4/3 1253/4/3
f 1259/2/3 1252/2/3 1258/2/3
f 1259/4/3 1253/4/3 1252/4/3
f 1260/4/3 1254/4/3 1259/4/3
f 1269/2/3 1263/2/3 1262/2/3
f 1269/4/3 1264/4/3 1263/4/3
f 1270/4/3 1264/4/3 1269/4/3
f 1271/4/3 1264/4/3 1270/4/3
f 1272/2/3 1265/2/3 1264/2/3
f 1272/4/3 1264/4/3 1271/4/3
f 1273/4/3 1266/4/3 1265/4/3
f 1273/2/3 1265/2/3 1272/2/3
f 1274/4/3 1266/4/3 1273/4/3
f 1275/2/3 1267/2/3 1266/2/3
f 1275/4/3 1266/4/3 1274/4/3
f 1276/2/3 1267/2/3 1275/2/3
f 1277/2/3 1267/2/3 1276/2/3
f 1278/4/3 1268/4/3 1267/4/3
f 1278/2/3 1267/2/3 1277/2/3
f 1279/4/3 1268/4/3 1278/4/3
f 1280/4/3 1268/4/3 1279/4/3
f 1281/4/3 1271/4/3 1270/4/3
f 1282/2/3 1274/2/3 1273/2/3
f 1282/4/3 1271/4/3 1281/4/3
f 1282/2/3 1272/2/3 1271/2/3
f 1282/2/3 1273/2/3 1272/2/3
f 1283/2/3 1274/2/3 1282/2/3
f 1284/4/3 1275/4/3 1274/4/3
f 1284/2/3 1274/2/3 1283/2/3
f 1284/4/3 1276/4/3 1275/4/3
f 1285/4/3 1279/4/3 1278/4/3
f 1285/4/3 1278/4/3 1277/4/3
f 1286/2/3 1280/2/3 1279/2/3
f 1286/4/3 1279/4/3 1285/4/3
f 1287/4/3 1262/4/3 1261/4/3
f 1287/2/3 1269/2/3 1262/2/3
f 1287/2/3 1270/2/3 1269/2/3
f 1288/4/3 1281/4/3 1270/4/3
f 1288/2/3 1270/2/3 1287/2/3
f 1289/4/3 1281/4/3 1288/4/3
f 1290/2/3 1283/2/3 1282/2/3
f 1290/4/3 1281/4/3 1289/4/3
f 1290/2/3 1282/2/3 1281/2/3
f 1291/2/3 1283/2/3 1290/2/3
f 1292/2/3 1283/2/3 1291/2/3
f 1293/2/3 1277/2/3 1276/2/3
f 1293/4/3 1285/4/3 1277/4/3
f 1294/2/3 1286/2/3 1285/2/3
f 1294/4/3 1285/4/3 1293/4/3
f 1295/2/3 1280/2/3 1286/2/3
f 1295/2/3 1286/2/3 1294/2/3
f 1296/2/3 1280/2/3 1295/2/3
f 1297/4/3 1289/4/3 1288/4/3
f 1297/4/3 1288/4/3 1287/4/3
f 1298/2/3 1290/2/3 1289/2/3
f 1298/4/3 1289/4/3 1297/4/3
f 1298/2/3 1291/2/3 1290/2/3
f 1299/2/3 1291/2/3 1298/2/3
f 1300/4/3 1292/4/3 1291/4/3
f 1300/2/3 1291/2/3 1299/2/3
f 1301/2/3 1283/2/3 1292/2/3
f 1301/4/3 1292/4/3 1300/4/3
f 1302/4/3 1284/4/3 1283/4/3
f 1302/2/3 1283/2/3 1301/2/3
f 1303/4/3 1284/4/3 1302/4/3
f 1304/4/3 1276/4/3 1284/4/3
f 1304/4/3 1284/4/3 1303/4/3
f 1305/2/3 1294/2/3 1293/2/3
f 1305/4/3 1276/4/3 1304/4/3
f 1305/2/3 1293/2/3 1276/2/3
f 1306/2/3 1294/2/3 1305/2/3
f 1307/4/3 1295/4/3 1294/4/3
f 1307/2/3 1294/2/3 1306/2/3
f 1308/2/3 1296/2/3 1295/2/3
f 1308/4/3 1295/4/3 1307/4/3
f 1309/2/3 1296/2/3 1308/2/3
f 1310/2/3 1299/2/3 1298/2/3
f 1310/4/3 1297/4/3 1287/4/3
f 1310/2/3 1298/2/3 1297/2/3
f 1311/2/3 1299/2/3 1310/2/3
f 1312/4/3 1300/4/3 1299/4/3
f 1313/2/3 1302/2/3 1301/2/3
f 1313/4/3 1300/4/3 1312/4/3
f 1313/2/3 1301/2/3 1300/2/3
f 1313/2/3 1303/2/3 1302/2/3
f 1314/2/3 1303/2/3 1313/2/3
f 1315/4/3 1304/4/3 1303/4/3
f 1315/2/3 1303/2/3 1314/2/3
f 1316/4/3 1304/4/3 1315/4/3
f 1317/4/3 1304/4/3 1316/4/3
f 1318/4/3 1304/4/3 1317/4/3
f 1319/2/3 1306/2/3 1305/2/3
f 1319/4/3 1304/4/3 1318/4/3
f 1319/2/3 1305/2/3 1304/2/3
f 1320/4/3 1307/4/3 1306/4/3
f 1320/2/3 1306/2/3 1319/2/3
f 1320/4/3 1309/4/3 1308/4/3
f 1320/4/3 1308/4/3 1307/4/3
f 1321/4/3 1287/4/3 1261/4/3
f 1321/4/3 1311/4/3 1310/4/3
f 1321/4/3 1310/4/3 1287/4/3
f 1322/2/3 1299/2/3 1311/2/3
f 1322/4/3 1311/4/3 1321/4/3
f 1323/4/3 1312/4/3 1299/4/3
f 1323/2/3 1299/2/3 1322/2/3
f 1324/2/3 1313/2/3 1312/2/3
f 1324/4/3 1312/4/3 1323/4/3
f 1325/4/3 1314/4/3 1313/4/3
f 1325/2/3 1313/2/3 1324/2/3
f 1326/2/3 1316/2/3 1315/2/3
f 1326/4/3 1314/4/3 1325/4/3
f 1326/2/3 1315/2/3 1314/2/3
f 1327/4/3 1317/4/3 1316/4/3
f 1327/2/3 1316/2/3 1326/2/3
f 1328/2/3 1318/2/3 1317/2/3
f 1328/4/3 1317/4/3 1327/4/3
f 1329/4/3 1320/4/3 1319/4/3
f 1329/2/3 1318/2/3 1328/2/3
f 1329/4/3 1319/4/3 1318/4/3
f 1330/4/3 1309/4/3 1320/4/3
f 1330/4/3 1320/4/3 1329/4/3
f 1335/4/3 1332/4/3 1331/4/3
f 1336/4/3 1332/4/3 1335/4/3
f 1337/4/3 1334/4/3 1333/4/3
f 1338/4/3 1334/4/3 1337/4/3
f 1339/2/3 1336/2/3 1335/2/3
f 1340/2/3 1336/2/3 1339/2/3
f 1341/2/3 1338/2/3 1337/2/3
f 1342/2/3 1338/2/3 1341/2/3
f 1343/4/3 1340/4/3 1339/4/3
f 1344/4/3 1340/4/3 1343/4/3
f 1345/4/3 1342/4/3 1341/4/3
f 1346/4/3 1342/4/3 1345/4/3
f 1347/2/3 1344/2/3 1343/2/3
f 1348/2/3 1344/2/3 1347/2/3
f 1349/2/3 1346/2/3 1345/2/3
f 1350/2/3 1346/2/3 1349/2/3
f 1351/4/3 1348/4/3 1347/4/3
f 1352/4/3 1348/4/3 1351/4/3
f 1353/4/3 1350/4/3 1349/4/3
f 1354/4/3 1350/4/3 1353/4/3
f 1365/1/3 1356/1/3 1355/1/3
f 1366/3/3 1357/3/3 1356/3/3
f 1366/1/3 1356/1/3 1365/1/3
f 1367/1/3 1358/1/3 1357/1/3
f 1367/3/3 1357/3/3 1366/3/3
f 1367/3/3 1366/3/3 1365/3/3
f 1367/1/3 1359/1/3 1358/1/3
f 1368/1/3 1359/1/3 1367/1/3
f 1369/1/3 1361/1/3 1360/1/3
f 1370/3/3 1362/3/3 1361/3/3
f 1370/1/3 1361/1/3 1369/1/3
f 1371/1/3 1364/1/3 1363/1/3
f 1371/3/3 1362/3/3 1370/3/3
f 1371/1/3 1363/1/3 1362/1/3
f 1372/1/3 1364/1/3 1371/1/3
f 1373/3/3 1368/3/3 1367/3/3
f 1373/3/3 1367/3/3 1365/3/3
f 1374/3/3 1368/3/3 1373/3/3
f 1375/3/3 1370/3/3 1369/3/3
f 1375/3/3 1372/3/3 1371/3/3
f 1375/3/3 1371/3/3 1370/3/3
f 1376/3/3 1372/3/3 1375/3/3
f 1377/1/3 1374/1/3 1373/1/3
f 1378/3/3 1368/3/3 1374/3/3
f 1378/1/3 1374/1/3 1377/1/3
f 1379/1/3 1376/1/3 1375/1/3
f 1380/3/3 1372/3/3 1376/3/3
f 1380/1/3 1376/1/3 1379/1/3
f 1381/1/3 1359/1/3 1368/1/3
f 1381/3/3 1368/3/3 1378/3/3
f 1381/3/3 1378/3/3 1377/3/3
f 1382/1/3 1359/1/3 1381/1/3
f 1383/1/3 1364/1/3 1372/1/3
f 1383/3/3 1372/3/3 1380/3/3
f 1383/3/3 1380/3/3 1379/3/3
f 1384/1/3 1364/1/3 1383/1/3
f 1385/3/3 1382/3/3 1381/3/3
f 1386/3/3 1384/3/3 1383/3/3
f 1387/3/3 1381/3/3 1377/3/3
f 1387/3/3 1385/3/3 1381/3/3
f 1388/3/3 1385/3/3 1387/3/3
f 1389/3/3 1383/3/3 1379/3/3
f 1389/3/3 1386/3/3 1383/3/3
f 1390/3/3 1386/3/3 1389/3/3
f 1391/3/3 1387/3/3 1377/3/3
f 1392/3/3 1387/3/3 1391/3/3
f 1393/3/3 1389/3/3 1379/3/3
f 1394/3/3 1389/3/3 1393/3/3
f 1395/1/3 1388/1/3 1387/1/3
f 1396/1/3 1390/1/3 1389/1/3
f 1397/3/3 1387/3/3 1392/3/3
f 1397/1/3 1392/1/3 1391/1/3
f 1398/3/3 1387/3/3 1397/3/3
f 1399/3/3 1389/3/3 1394/3/3
f 1399/1/3 1394/1/3 1393/1/3
f 1400/3/3 1389/3/3 1399/3/3
f 1401/1/3 1398/1/3 1397/1/3
f 1401/1/3 1397/1/3 1391/1/3
f 1402/1/3 1398/1/3 1401/1/3
f 1403/3/3 1387/3/3 1398/3/3
f 1403/1/3 1398/1/3 1402/1/3
f 1404/1/3 1395/1/3 1387/1/3
f 1404/3/3 1387/3/3 1403/3/3
f 1405/1/3 1400/1/3 1399/1/3
f 1405/1/3 1399/1/3 1393/1/3
f 1406/1/3 1400/1/3 1405/1/3
f 1407/3/3 1389/3/3 1400/3/3
f 1407/1/3 1400/1/3 1406/1/3
f 1408/1/3 1396/1/3 1389/1/3
f 1408/3/3 1389/3/3 1407/3/3
f 1409/3/3 1402/3/3 1401/3/3
f 1409/1/3 1403/1/3 1402/1/3
f 1409/1/3 1404/1/3 1403/1/3
f 1410/1/3 1404/1/3 1409/1/3
f 1411/1/3 1395/1/3 1404/1/3
f 1411/1/3 1404/1/3 1410/1/3
f 1412/1/3 1408/1/3 1407/1/3
f 1412/1/3 1407/1/3 1406/1/3
f 1412/3/3 1406/3/3 1405/3/3
f 1413/1/3 1408/1/3 1412/1/3
f 1414/1/3 1396/1/3 1408/1/3
f 1414/1/3 1408/1/3 1413/1/3
f 1415/1/3 1411/1/3 1410/1/3
f 1415/3/3 1410/3/3 1409/3/3
f 1416/1/3 1411/1/3 1415/1/3
f 1417/3/3 1413/3/3 1412/3/3
f 1417/1/3 1414/1/3 1413/1/3
f 1418/1/3 1414/1/3 1417/1/3
f 1419/3/3 1409/3/3 1401/3/3
f 1419/3/3 1416/3/3 1415/3/3
f 1419/3/3 1415/3/3 1409/3/3
f 1420/3/3 1416/3/3 1419/3/3
f 1421/3/3 1418/3/3 1417/3/3
f 1421/3/3 1412/3/3 1405/3/3
f 1421/3/3 1417/3/3 1412/3/3
f 1422/3/3 1418/3/3 1421/3/3
f 1423/3/3 1416/3/3 1420/3/3
f 1423/1/3 1420/1/3 1419/1/3
f 1424/3/3 1416/3/3 1423/3/3
f 1425/1/3 1411/1/3 1416/1/3
f 1426/3/3 1418/3/3 1422/3/3
f 1426/1/3 1422/1/3 1421/1/3
f 1427/3/3 1418/3/3 1426/3/3
f 1428/1/3 1414/1/3 1418/1/3
f 1429/3/3 1418/3/3 1427/3/3
f 1429/1/3 1428/1/3 1418/1/3
f 1430/1/3 1428/1/3 1429/1/3
f 1431/1/3 1424/1/3 1423/1/3
f 1431/1/3 1423/1/3 1419/1/3
f 1432/3/3 1416/3/3 1424/3/3
f 1432/1/3 1424/1/3 1431/1/3
f 1433/1/3 1425/1/3 1416/1/3
f 1433/3/3 1416/3/3 1432/3/3
f 1434/1/3 1425/1/3 1433/1/3
f 1435/1/3 1426/1/3 1421/1/3
f 1435/1/3 1427/1/3 1426/1/3
f 1436/1/3 1427/1/3 1435/1/3
f 1437/3/3 1430/3/3 1429/3/3
f 1437/1/3 1427/1/3 1436/1/3
f 1437/3/3 1429/3/3 1427/3/3
f 1438/3/3 1430/3/3 1437/3/3
f 1439/3/3 1430/3/3 1438/3/3
f 1450/4/3 1441/4/3 1440/4/3
f 1451/2/3 1442/2/3 1441/2/3
f 1451/4/3 1441/4/3 1450/4/3
f 1452/2/3 1442/2/3 1451/2/3
f 1453/4/3 1443/4/3 1442/4/3
f 1453/2/3 1442/2/3 1452/2/3
f 1454/2/3 1444/2/3 1443/2/3
f 1454/4/3 1443/4/3 1453/4/3
f 1455/4/3 1445/4/3 1444/4/3
f 1455/2/3 1444/2/3 1454/2/3
f 1456/2/3 1446/2/3 1445/2/3
f 1456/4/3 1445/4/3 1455/4/3
f 1457/2/3 1446/2/3 1456/2/3
f 1458/4/3 1447/4/3 1446/4/3
f 1458/2/3 1446/2/3 1457/2/3
f 1459/4/3 1447/4/3 1458/4/3
f 1460/2/3 1448/2/3 1447/2/3
f 1460/4/3 1447/4/3 1459/4/3
f 1461/2/3 1448/2/3 1460/2/3
f 1462/4/3 1449/4/3 1448/4/3
f 1462/2/3 1448/2/3 1461/2/3
f 1463/4/3 1449/4/3 1462/4/3
f 1464/4/3 1449/4/3 1463/4/3
f 1465/4/3 1450/4/3 1440/4/3
f 1466/4/3 1450/4/3 1465/4/3
f 1467/2/3 1451/2/3 1450/2/3
f 1467/4/3 1450/4/3 1466/4/3
f 1468/2/3 1451/2/3 1467/2/3
f 1469/2/3 1451/2/3 1468/2/3
f 1470/4/3 1454/4/3 1453/4/3
f 1470/4/3 1455/4/3 1454/4/3
f 1471/2/3 1457/2/3 1456/2/3
f 1471/4/3 1455/4/3 1470/4/3
f 1471/2/3 1456/2/3 1455/2/3
f 1472/2/3 1457/2/3 1471/2/3
f 1473/2/3 1457/2/3 1472/2/3
f 1474/4/3 1459/4/3 1458/4/3
f 1474/2/3 1457/2/3 1473/2/3
f 1474/4/3 1458/4/3 1457/4/3
f 1475/4/3 1459/4/3 1474/4/3
f 1476/4/3 1459/4/3 1475/4/3
f 1477/4/3 1459/4/3 1476/4/3
f 1478/2/3 1464/2/3 1463/2/3
f 1478/4/3 1463/4/3 1462/4/3
f 1478/4/3 1462/4/3 1461/4/3
f 1479/2/3 1464/2/3 1478/2/3
f 1480/4/3 1449/4/3 1464/4/3
f 1480/2/3 1464/2/3 1479/2/3
f 1481/4/3 1449/4/3 1480/4/3
f 1482/4/3 1449/4/3 1481/4/3
f 1483/4/3 1449/4/3 1482/4/3
f 1484/4/3 1465/4/3 1440/4/3
f 1485/4/3 1465/4/3 1484/4/3
f 1486/2/3 1471/2/3 1470/2/3
f 1487/2/3 1471/2/3 1486/2/3
f 1488/4/3 1472/4/3 1471/4/3
f 1488/2/3 1471/2/3 1487/2/3
f 1489/2/3 1473/2/3 1472/2/3
f 1489/4/3 1472/4/3 1488/4/3
f 1490/2/3 1473/2/3 1489/2/3
f 1491/2/3 1481/2/3 1480/2/3
f 1491/2/3 1480/2/3 1479/2/3
f 1492/4/3 1482/4/3 1481/4/3
f 1492/2/3 1481/2/3 1491/2/3
f 1493/2/3 1483/2/3 1482/2/3
f 1493/4/3 1482/4/3 1492/4/3
f 1494/2/3 1490/2/3 1489/2/3
f 1494/2/3 1489/2/3 1488/2/3
f 1494/2/3 1488/2/3 1487/2/3
f 1494/4/3 1487/4/3 1486/4/3
f 1495/2/3 1490/2/3 1494/2/3
f 1496/4/3 1492/4/3 1491/4/3
f 1496/2/3 1493/2/3 1492/2/3
f 1497/2/3 1483/2/3 1493/2/3
f 1497/2/3 1493/2/3 1496/2/3
f 1498/2/3 1485/2/3 1484/2/3
f 1498/4/3 1484/4/3 1440/4/3
f 1499/2/3 1485/2/3 1498/2/3
f 1500/2/3 1490/2/3 1495/2/3
f 1500/4/3 1495/4/3 1494/4/3
f 1501/2/3 1490/2/3 1500/2/3
f 1502/4/3 1479/4/3 1478/4/3
f 1502/4/3 1478/4/3 1461/4/3
f 1503/2/3 1491/2/3 1479/2/3
f 1503/4/3 1479/4/3 1502/4/3
f 1504/4/3 1496/4/3 1491/4/3
f 1504/2/3 1491/2/3 1503/2/3
f 1504/4/3 1497/4/3 1496/4/3
f 1505/4/3 1497/4/3 1504/4/3
f 1506/2/3 1483/2/3 1497/2/3
f 1506/4/3 1497/4/3 1505/4/3
f 1507/2/3 1483/2/3 1506/2/3
f 1508/4/3 1499/4/3 1498/4/3
f 1508/4/3 1498/4/3 1440/4/3
f 1509/4/3 1499/4/3 1508/4/3
f 1510/4/3 1501/4/3 1500/4/3
f 1510/4/3 1500/4/3 1494/4/3
f 1510/4/3 1494/4/3 1486/4/3
f 1511/2/3 1490/2/3 1501/2/3
f 1511/4/3 1501/4/3 1510/4/3
f 1512/2/3 1490/2/3 1511/2/3
f 1513/4/3 1502/4/3 1461/4/3
f 1514/2/3 1503/2/3 1502/2/3
f 1514/4/3 1502/4/3 1513/4/3
f 1514/2/3 1505/2/3 1504/2/3
f 1514/2/3 1504/2/3 1503/2/3
f 1515/4/3 1507/4/3 1506/4/3
f 1515/2/3 1505/2/3 1514/2/3
f 1515/4/3 1506/4/3 1505/4/3
f 1516/4/3 1507/4/3 1515/4/3
f 1527/4/3 1521/4/3 1520/4/3
f 1528/2/3 1522/2/3 1521/2/3
f 1528/4/3 1521/4/3 1527/4/3
f 1529/4/3 1524/4/3 1523/4/3
f 1529/2/3 1525/2/3 1524/2/3
f 1530/2/3 1525/2/3 1529/2/3
f 1531/2/3 1525/2/3 1530/2/3
f 1532/4/3 1526/4/3 1525/4/3
f 1532/2/3 1525/2/3 1531/2/3
f 1533/4/3 1526/4/3 1532/4/3
f 1534/4/3 1526/4/3 1533/4/3
f 1535/4/3 1527/4/3 1520/4/3
f 1536/2/3 1528/2/3 1527/2/3
f 1536/4/3 1527/4/3 1535/4/3
f 1537/4/3 1532/4/3 1531/4/3
f 1537/4/3 1533/4/3 1532/4/3
f 1538/2/3 1534/2/3 1533/2/3
f 1538/4/3 1533/4/3 1537/4/3
f 1539/4/3 1518/4/3 1517/4/3
f 1539/2/3 1519/2/3 1518/2/3
f 1540/2/3 1519/2/3 1539/2/3
f 1541/4/3 1535/4/3 1520/4/3
f 1542/2/3 1536/2/3 1535/2/3
f 1542/4/3 1535/4/3 1541/4/3
f 1543/2/3 1536/2/3 1542/2/3
f 1544/2/3 1522/2/3 1528/2/3
f 1544/2/3 1536/2/3 1543/2/3
f 1544/2/3 1528/2/3 1536/2/3
f 1545/2/3 1531/2/3 1530/2/3
f 1545/4/3 1537/4/3 1531/4/3
f 1546/2/3 1538/2/3 1537/2/3
f 1546/4/3 1537/4/3 1545/4/3
f 1547/2/3 1534/2/3 1538/2/3
f 1547/2/3 1538/2/3 1546/2/3
f 1548/4/3 1540/4/3 1539/4/3
f 1553/2/3 1543/2/3 1542/2/3
f 1553/2/3 1542/2/3 1541/2/3
f 1554/4/3 1544/4/3 1543/4/3
f 1554/2/3 1543/2/3 1553/2/3
f 1555/2/3 1522/2/3 1544/2/3
f 1555/4/3 1544/4/3 1554/4/3
f 1556/2/3 1522/2/3 1555/2/3
f 1560/4/3 1529/4/3 1523/4/3
f 1560/4/3 1530/4/3 1529/4/3
f 1561/4/3 1530/4/3 1560/4/3
f 1562/2/3 1546/2/3 1545/2/3
f 1562/4/3 1530/4/3 1561/4/3
f 1562/2/3 1545/2/3 1530/2/3
f 1563/2/3 1546/2/3 1562/2/3
f 1564/4/3 1547/4/3 1546/4/3
f 1564/2/3 1546/2/3 1563/2/3
f 1565/2/3 1534/2/3 1547/2/3
f 1565/4/3 1547/4/3 1564/4/3
f 1566/2/3 1534/2/3 1565/2/3
f 1567/2/3 1552/2/3 1551/2/3
f 1567/2/3 1551/2/3 1550/2/3
f 1567/4/3 1549/4/3 1548/4/3
f 1567/4/3 1550/4/3 1549/4/3
f 1568/2/3 1552/2/3 1567/2/3
f 1569/4/3 1554/4/3 1553/4/3
f 1570/4/3 1554/4/3 1569/4/3
f 1571/2/3 1555/2/3 1554/2/3
f 1571/4/3 1554/4/3 1570/4/3
f 1571/2/3 1556/2/3 1555/2/3
f 1571/2/3 1557/2/3 1556/2/3
f 1572/2/3 1557/2/3 1571/2/3
f 1573/4/3 1559/4/3 1558/4/3
f 1573/2/3 1557/2/3 1572/2/3
f 1573/4/3 1558/4/3 1557/4/3
f 1574/4/3 1559/4/3 1573/4/3
f 1575/4/3 1559/4/3 1574/4/3
f 1577/4/3 1561/4/3 1560/4/3
f 1578/4/3 1561/4/3 1577/4/3
f 1579/2/3 1563/2/3 1562/2/3
f 1579/4/3 1561/4/3 1578/4/3
f 1579/2/3 1562/2/3 1561/2/3
f 1580/4/3 1564/4/3 1563/4/3
f 1580/2/3 1563/2/3 1579/2/3
f 1580/4/3 1566/4/3 1565/4/3
f 1580/4/3 1565/4/3 1564/4/3
f 1581/4/3 1568/4/3 1567/4/3
f 1581/4/3 1539/4/3 1517/4/3
f 1581/4/3 1548/4/3 1539/4/3
f 1581/4/3 1567/4/3 1548/4/3
f 1582/2/3 1569/2/3 1568/2/3
f 1582/4/3 1568/4/3 1581/4/3
f 1583/4/3 1570/4/3 1569/4/3
f 1583/2/3 1569/2/3 1582/2/3
f 1584/2/3 1571/2/3 1570/2/3
f 1584/4/3 1570/4/3 1583/4/3
f 1585/4/3 1572/4/3 1571/4/3
f 1585/2/3 1571/2/3 1584/2/3
f 1586/2/3 1574/2/3 1573/2/3
f 1586/4/3 1572/4/3 1585/4/3
f 1586/2/3 1573/2/3 1572/2/3
f 1587/4/3 1576/4/3 1575/4/3
f 1587/2/3 1574/2/3 1586/2/3
f 1587/4/3 1575/4/3 1574/4/3
f 1588/2/3 1578/2/3 1577/2/3
f 1588/4/3 1576/4/3 1587/4/3
f 1588/2/3 1577/2/3 1576/2/3
f 1589/4/3 1579/4/3 1578/4/3
f 1589/2/3 1578/2/3 1588/2/3
f 1589/4/3 1580/4/3 1579/4/3
f 1590/4/3 1566/4/3 1580/4/3
f 1590/4/3 1580/4/3 1589/4/3
f 1592/2/4 1593/2/4 1601/2/4
f 1593/4/4 1594/4/4 1602/4/4
f 1601/2/4 1593/2/4 1602/2/4
f 1602/4/4 1594/4/4 1603/4/4
f 1603/4/4 1594/4/4 1604/4/4
f 1595/4/4 1596/4/4 1605/4/4
f 1596/2/4 1597/2/4 1605/2/4
f 1605/2/4 1597/2/4 1606/2/4
f 1606/2/4 1597/2/4 1607/2/4
f 1597/4/4 1598/4/4 1608/4/4
f 1607/2/4 1597/2/4 1608/2/4
f 1608/4/4 1598/4/4 1609/4/4
f 1609/4/4 1598/4/4 1610/4/4
f 1598/2/4 1599/2/4 1611/2/4
f 1610/4/4 1598/4/4 1611/4/4
f 1611/2/4 1599/2/4 1612/2/4
f 1599/4/4 1600/4/4 1613/4/4
f 1612/2/4 1599/2/4 1613/2/4
f 1591/4/4 1592/4/4 1614/4/4
f 1592/2/4 1601/2/4 1614/2/4
f 1601/4/4 1602/4/4 1615/4/4
f 1614/2/4 1601/2/4 1615/2/4
f 1615/4/4 1602/4/4 1616/4/4
f 1602/2/4 1603/2/4 1617/2/4
f 1616/4/4 1602/4/4 1617/4/4
f 1617/2/4 1603/2/4 1618/2/4
f 1604/4/4 1594/4/4 1619/4/4
f 1619/4/4 1594/4/4 1620/4/4
f 1594/2/4 1595/2/4 1621/2/4
f 1595/4/4 1605/4/4 1621/4/4
f 1605/4/4 1606/4/4 1621/4/4
f 1621/4/4 1606/4/4 1622/4/4
f 1622/4/4 1606/4/4 1623/4/4
f 1623/4/4 1606/4/4 1624/4/4
f 1608/2/4 1609/2/4 1625/2/4
f 1607/2/4 1608/2/4 1625/2/4
f 1625/2/4 1609/2/4 1626/2/4
f 1609/4/4 1610/4/4 1627/4/4
f 1626/2/4 1609/2/4 1627/2/4
f 1611/2/4 1612/2/4 1628/2/4
f 1627/4/4 1610/4/4 1628/4/4
f 1610/2/4 1611/2/4 1628/2/4
f 1628/2/4 1612/2/4 1629/2/4
f 1612/4/4 1613/4/4 1630/4/4
f 1629/2/4 1612/2/4 1630/2/4
f 1613/4/4 1600/4/4 1631/4/4
f 1630/4/4 1613/4/4 1631/4/4
f 1631/4/4 1600/4/4 1632/4/4
f 1591/4/4 1614/4/4 1633/4/4
f 1614/4/4 1615/4/4 1633/4/4
f 1633/4/4 1615/4/4 1634/4/4
f 1619/2/4 1620/2/4 1635/2/4
f 1635/2/4 1620/2/4 1636/2/4
f 1620/4/4 1594/4/4 1637/4/4
f 1636/2/4 1620/2/4 1637/2/4
f 1594/2/4 1621/2/4 1638/2/4
f 1637/4/4 1594/4/4 1638/4/4
f 1626/2/4 1627/2/4 1639/2/4
f 1628/2/4 1629/2/4 1639/2/4
f 1625/4/4 1626/4/4 1639/4/4
f 1627/2/4 1628/2/4 1639/2/4
f 1639/2/4 1629/2/4 1640/2/4
f 1629/4/4 1630/4/4 1641/4/4
f 1640/2/4 1629/2/4 1641/2/4
f 1630/4/4 1631/4/4 1641/4/4
f 1641/4/4 1631/4/4 1642/4/4
f 1642/4/4 1631/4/4 1643/4/4
f 1631/2/4 1632/2/4 1644/2/4
f 1643/4/4 1631/4/4 1644/4/4
f 1635/4/4 1636/4/4 1645/4/4
f 1637/2/4 1638/2/4 1646/2/4
f 1645/4/4 1636/4/4 1646/4/4
f 1636/2/4 1637/2/4 1646/2/4
f 1646/2/4 1638/2/4 1647/2/4
f 1639/4/4 1640/4/4 1648/4/4
f 1625/4/4 1639/4/4 1648/4/4
f 1640/2/4 1641/2/4 1649/2/4
f 1648/4/4 1640/4/4 1649/4/4
f 1641/2/4 1642/2/4 1649/2/4
f 1649/2/4 1642/2/4 1650/2/4
f 1650/2/4 1642/2/4 1651/2/4
f 1642/4/4 1643/4/4 1652/4/4
f 1651/2/4 1642/2/4 1652/2/4
f 1652/4/4 1643/4/4 1653/4/4
f 1643/2/4 1644/2/4 1654/2/4
f 1653/4/4 1643/4/4 1654/4/4
f 1644/2/4 1632/2/4 1655/2/4
f 1654/2/4 1644/2/4 1655/2/4
f 1655/2/4 1632/2/4 1656/2/4
f 1591/4/4 1633/4/4 1657/4/4
f 1633/2/4 1634/2/4 1657/2/4
f 1657/2/4 1634/2/4 1658/2/4
f 1646/4/4 1647/4/4 1659/4/4
f 1645/4/4 1646/4/4 1659/4/4
f 1659/4/4 1647/4/4 1660/4/4
f 1647/2/4 1638/2/4 1661/2/4
f 1660/4/4 1647/4/4 1661/4/4
f 1661/2/4 1638/2/4 1662/2/4
f 1648/4/4 1649/4/4 1663/4/4
f 1649/4/4 1650/4/4 1663/4/4
f 1663/4/4 1650/4/4 1664/4/4
f 1650/2/4 1651/2/4 1665/2/4
f 1652/4/4 1653/4/4 1666/4/4
f 1665/2/4 1651/2/4 1666/2/4
f 1651/4/4 1652/4/4 1666/4/4
f 1666/4/4 1653/4/4 1667/4/4
f 1653/2/4 1654/2/4 1668/2/4
f 1667/4/4 1653/4/4 1668/4/4
f 1654/2/4 1655/2/4 1668/2/4
f 1657/4/4 1658/4/4 1669/4/4
f 1591/4/4 1657/4/4 1669/4/4
f 1669/4/4 1658/4/4 1670/4/4
f 1659/2/4 1660/2/4 1671/2/4
f 1661/4/4 1662/4/4 1672/4/4
f 1671/2/4 1660/2/4 1672/2/4
f 1660/4/4 1661/4/4 1672/4/4
f 1662/2/4 1638/2/4 1673/2/4
f 1672/4/4 1662/4/4 1673/4/4
f 1638/2/4 1621/2/4 1674/2/4
f 1673/2/4 1638/2/4 1674/2/4
f 1663/2/4 1664/2/4 1675/2/4
f 1664/4/4 1650/4/4 1676/4/4
f 1675/2/4 1664/2/4 1676/2/4
f 1650/2/4 1665/2/4 1677/2/4
f 1676/4/4 1650/4/4 1677/4/4
f 1666/4/4 1667/4/4 1678/4/4
f 1677/2/4 1665/2/4 1678/2/4
f 1665/4/4 1666/4/4 1678/4/4
f 1667/2/4 1668/2/4 1679/2/4
f 1678/4/4 1667/4/4 1679/4/4
f 1668/2/4 1655/2/4 1680/2/4
f 1679/2/4 1668/2/4 1680/2/4
f 1655/4/4 1656/4/4 1680/4/4
f 1680/4/4 1656/4/4 1681/4/4
f 1682/4/4 1683/4/4 1695/4/4
f 1695/4/4 1683/4/4 1696/4/4
f 1684/2/4 1685/2/4 1697/2/4
f 1685/4/4 1686/4/4 1698/4/4
f 1697/2/4 1685/2/4 1698/2/4
f 1698/4/4 1686/4/4 1699/4/4
f 1686/2/4 1687/2/4 1700/2/4
f 1699/4/4 1686/4/4 1700/4/4
f 1688/2/4 1689/2/4 1701/2/4
f 1689/4/4 1690/4/4 1702/4/4
f 1701/2/4 1689/2/4 1702/2/4
f 1690/2/4 1691/2/4 1703/2/4
f 1691/4/4 1692/4/4 1703/4/4
f 1703/4/4 1692/4/4 1704/4/4
f 1692/2/4 1693/2/4 1705/2/4
f 1704/4/4 1692/4/4 1705/4/4
f 1705/2/4 1693/2/4 1706/2/4
f 1698/4/4 1699/4/4 1707/4/4
f 1697/4/4 1698/4/4 1707/4/4
f 1699/2/4 1700/2/4 1708/2/4
f 1707/4/4 1699/4/4 1708/4/4
f 1702/4/4 1690/4/4 1709/4/4
f 1701/4/4 1702/4/4 1709/4/4
f 1703/2/4 1704/2/4 1710/2/4
f 1709/4/4 1690/4/4 1710/4/4
f 1690/2/4 1703/2/4 1710/2/4
f 1705/4/4 1706/4/4 1711/4/4
f 1710/2/4 1704/2/4 1711/2/4
f 1704/4/4 1705/4/4 1711/4/4
f 1711/4/4 1706/4/4 1712/4/4
f 1706/2/4 1693/2/4 1713/2/4
f 1712/4/4 1706/4/4 1713/4/4
f 1713/2/4 1693/2/4 1714/2/4
f 1693/4/4 1694/4/4 1715/4/4
f 1714/2/4 1693/2/4 1715/2/4
f 1715/4/4 1694/4/4 1716/4/4
f 1695/2/4 1696/2/4 1717/2/4
f 1682/4/4 1695/4/4 1717/4/4
f 1717/2/4 1696/2/4 1718/2/4
f 1697/4/4 1707/4/4 1719/4/4
f 1707/2/4 1708/2/4 1720/2/4
f 1719/4/4 1707/4/4 1720/4/4
f 1708/2/4 1700/2/4 1721/2/4
f 1720/2/4 1708/2/4 1721/2/4
f 1700/2/4 1687/2/4 1722/2/4
f 1721/2/4 1700/2/4 1722/2/4
f 1701/4/4 1709/4/4 1723/4/4
f 1723/4/4 1709/4/4 1724/4/4
f 1711/2/4 1712/2/4 1725/2/4
f 1724/4/4 1709/4/4 1725/4/4
f 1709/2/4 1710/2/4 1725/2/4
f 1710/2/4 1711/2/4 1725/2/4
f 1725/2/4 1712/2/4 1726/2/4
f 1713/4/4 1714/4/4 1727/4/4
f 1726/2/4 1712/2/4 1727/2/4
f 1712/4/4 1713/4/4 1727/4/4
f 1715/2/4 1716/2/4 1728/2/4
f 1727/4/4 1714/4/4 1728/4/4
f 1714/2/4 1715/2/4 1728/2/4
f 1728/2/4 1716/2/4 1729/2/4
f 1717/4/4 1718/4/4 1730/4/4
f 1722/2/4 1687/2/4 1731/2/4
f 1717/4/4 1730/4/4 1732/4/4
f 1682/4/4 1717/4/4 1732/4/4
f 1732/4/4 1730/4/4 1733/4/4
f 1720/2/4 1721/2/4 1736/2/4
f 1719/2/4 1720/2/4 1736/2/4
f 1721/4/4 1722/4/4 1737/4/4
f 1736/2/4 1721/2/4 1737/2/4
f 1722/2/4 1731/2/4 1738/2/4
f 1723/4/4 1724/4/4 1741/4/4
f 1725/2/4 1726/2/4 1742/2/4
f 1741/4/4 1724/4/4 1742/4/4
f 1724/2/4 1725/2/4 1742/2/4
f 1742/2/4 1726/2/4 1743/2/4
f 1743/2/4 1726/2/4 1744/2/4
f 1726/4/4 1727/4/4 1745/4/4
f 1744/2/4 1726/2/4 1745/2/4
f 1727/4/4 1728/4/4 1745/4/4
f 1728/4/4 1729/4/4 1745/4/4
f 1745/4/4 1729/4/4 1746/4/4
f 1729/2/4 1716/2/4 1747/2/4
f 1746/4/4 1729/4/4 1747/4/4
f 1747/2/4 1716/2/4 1748/2/4
f 1733/4/4 1734/4/4 1749/4/4
f 1732/2/4 1733/2/4 1749/2/4
f 1734/2/4 1735/2/4 1750/2/4
f 1749/4/4 1734/4/4 1750/4/4
f 1750/2/4 1735/2/4 1751/2/4
f 1736/4/4 1737/4/4 1752/4/4
f 1739/4/4 1740/4/4 1753/4/4
f 1738/4/4 1739/4/4 1753/4/4
f 1753/4/4 1740/4/4 1754/4/4
f 1742/2/4 1743/2/4 1755/2/4
f 1741/2/4 1742/2/4 1755/2/4
f 1755/2/4 1743/2/4 1756/2/4
f 1743/4/4 1744/4/4 1757/4/4
f 1756/2/4 1743/2/4 1757/2/4
f 1745/2/4 1746/2/4 1758/2/4
f 1757/4/4 1744/4/4 1758/4/4
f 1744/2/4 1745/2/4 1758/2/4
f 1758/2/4 1746/2/4 1759/2/4
f 1747/4/4 1748/4/4 1760/4/4
f 1759/2/4 1746/2/4 1760/2/4
f 1746/4/4 1747/4/4 1760/4/4
f 1760/4/4 1748/4/4 1761/4/4
f 1682/4/4 1732/4/4 1762/4/4
f 1732/2/4 1749/2/4 1763/2/4
f 1762/4/4 1732/4/4 1763/4/4
f 1749/2/4 1750/2/4 1763/2/4
f 1751/4/4 1752/4/4 1764/4/4
f 1763/2/4 1750/2/4 1764/2/4
f 1750/4/4 1751/4/4 1764/4/4
f 1722/2/4 1738/2/4 1765/2/4
f 1764/4/4 1752/4/4 1765/4/4
f 1752/4/4 1737/4/4 1765/4/4
f 1737/4/4 1722/4/4 1765/4/4
f 1738/4/4 1753/4/4 1766/4/4
f 1765/2/4 1738/2/4 1766/2/4
f 1755/2/4 1756/2/4 1767/2/4
f 1766/4/4 1753/4/4 1767/4/4
f 1753/2/4 1754/2/4 1767/2/4
f 1754/2/4 1755/2/4 1767/2/4
f 1756/4/4 1757/4/4 1768/4/4
f 1767/2/4 1756/2/4 1768/2/4
f 1758/4/4 1759/4/4 1768/4/4
f 1757/4/4 1758/4/4 1768/4/4
f 1760/2/4 1761/2/4 1769/2/4
f 1768/4/4 1759/4/4 1769/4/4
f 1759/2/4 1760/2/4 1769/2/4
f 1761/4/4 1748/4/4 1770/4/4
f 1769/2/4 1761/2/4 1770/2/4
f 1770/4/4 1748/4/4 1771/4/4
f 1772/1/4 1773/1/4 1781/1/4
f 1773/3/4 1774/3/4 1782/3/4
f 1781/1/4 1773/1/4 1782/1/4
f 1776/1/4 1777/1/4 1783/1/4
f 1777/1/4 1778/1/4 1783/1/4
f 1778/3/4 1779/3/4 1784/3/4
f 1783/1/4 1778/1/4 1784/1/4
f 1782/3/4 1774/3/4 1785/3/4
f 1781/3/4 1782/3/4 1785/3/4
f 1774/1/4 1775/1/4 1786/1/4
f 1785/3/4 1774/3/4 1786/3/4
f 1784/3/4 1779/3/4 1787/3/4
f 1783/3/4 1784/3/4 1787/3/4
f 1779/1/4 1780/1/4 1788/1/4
f 1787/3/4 1779/3/4 1788/3/4
f 1772/1/4 1781/1/4 1789/1/4
f 1781/3/4 1785/3/4 1790/3/4
f 1789/1/4 1781/1/4 1790/1/4
f 1776/1/4 1783/1/4 1791/1/4
f 1783/3/4 1787/3/4 1792/3/4
f 1791/1/4 1783/1/4 1792/1/4
f 1790/3/4 1785/3/4 1793/3/4
f 1789/3/4 1790/3/4 1793/3/4
f 1785/1/4 1786/1/4 1794/1/4
f 1793/3/4 1785/3/4 1794/3/4
f 1792/3/4 1787/3/4 1795/3/4
f 1791/3/4 1792/3/4 1795/3/4
f 1787/1/4 1788/1/4 1796/1/4
f 1795/3/4 1787/3/4 1796/3/4
f 1789/3/4 1793/3/4 1797/3/4
f 1793/1/4 1794/1/4 1798/1/4
f 1797/3/4 1793/3/4 1798/3/4
f 1794/1/4 1786/1/4 1799/1/4
f 1798/1/4 1794/1/4 1799/1/4
f 1786/1/4 1775/1/4 1800/1/4
f 1799/1/4 1786/1/4 1800/1/4
f 1791/3/4 1795/3/4 1801/3/4
f 1795/1/4 1796/1/4 1802/1/4
f 1801/3/4 1795/3/4 1802/3/4
f 1796/1/4 1788/1/4 1803/1/4
f 1802/1/4 1796/1/4 1803/1/4
f 1788/1/4 1780/1/4 1804/1/4
f 1803/1/4 1788/1/4 1804/1/4
f 1798/1/4 1799/1/4 1805/1/4
f 1797/1/4 1798/1/4 1805/1/4
f 1799/3/4 1800/3/4 1806/3/4
f 1805/1/4 1799/1/4 1806/1/4
f 1802/1/4 1803/1/4 1807/1/4
f 1801/1/4 1802/1/4 1807/1/4
f 1803/3/4 1804/3/4 1808/3/4
f 1807/1/4 1803/1/4 1808/1/4
f 1801/1/4 1807/1/4 1809/1/4
f 1807/3/4 1808/3/4 1810/3/4
f 1809/1/4 1807/1/4 1810/1/4
f 1797/1/4 1805/1/4 1811/1/4
f 1805/3/4 1806/3/4 1812/3/4
f 1811/1/4 1805/1/4 1812/1/4
f 1806/3/4 1800/3/4 1813/3/4
f 1812/3/4 1806/3/4 1813/3/4
f 1800/1/4 1775/1/4 1814/1/4
f 1813/3/4 1800/3/4 1814/3/4
f 1814/1/4 1775/1/4 1815/1/4
f 1810/3/4 1808/3/4 1816/3/4
f 1809/3/4 1810/3/4 1816/3/4
f 1808/3/4 1804/3/4 1817/3/4
f 1816/3/4 1808/3/4 1817/3/4
f 1804/1/4 1780/1/4 1818/1/4
f 1817/3/4 1804/3/4 1818/3/4
f 1818/1/4 1780/1/4 1819/1/4
f 1814/3/4 1815/3/4 1820/3/4
f 1813/3/4 1814/3/4 1820/3/4
f 1818/3/4 1819/3/4 1821/3/4
f 1817/3/4 1818/3/4 1821/3/4
f 1812/1/4 1813/1/4 1822/1/4
f 1813/3/4 1820/3/4 1822/3/4
f 1822/3/4 1820/3/4 1823/3/4
f 1816/1/4 1817/1/4 1824/1/4
f 1817/3/4 1821/3/4 1824/3/4
f 1824/3/4 1821/3/4 1825/3/4
f 1811/3/4 1812/3/4 1826/3/4
f 1822/1/4 1823/1/4 1826/1/4
f 1812/1/4 1822/1/4 1826/1/4
f 1826/1/4 1823/1/4 1827/1/4
f 1809/3/4 1816/3/4 1828/3/4
f 1824/1/4 1825/1/4 1828/1/4
f 1816/1/4 1824/1/4 1828/1/4
f 1828/1/4 1825/1/4 1829/1/4
f 1826/3/4 1827/3/4 1830/3/4
f 1811/3/4 1826/3/4 1830/3/4
f 1827/1/4 1823/1/4 1831/1/4
f 1830/3/4 1827/3/4 1831/3/4
f 1828/3/4 1829/3/4 1832/3/4
f 1809/3/4 1828/3/4 1832/3/4
f 1829/1/4 1825/1/4 1833/1/4
f 1832/3/4 1829/3/4 1833/3/4
f 1830/1/4 1831/1/4 1834/1/4
f 1831/1/4 1823/1/4 1835/1/4
f 1834/1/4 1831/1/4 1835/1/4
f 1832/1/4 1833/1/4 1836/1/4
f 1833/1/4 1825/1/4 1837/1/4
f 1836/1/4 1833/1/4 1837/1/4
f 1830/1/4 1834/1/4 1838/1/4
f 1834/3/4 1835/3/4 1838/3/4
f 1835/1/4 1823/1/4 1839/1/4
f 1838/3/4 1835/3/4 1839/3/4
f 1830/1/4 1838/1/4 1840/1/4
f 1838/1/4 1839/1/4 1840/1/4
f 1840/1/4 1839/1/4 1841/1/4
f 1832/1/4 1836/1/4 1842/1/4
f 1836/3/4 1837/3/4 1843/3/4
f 1842/1/4 1836/1/4 1843/1/4
f 1837/1/4 1825/1/4 1844/1/4
f 1843/3/4 1837/3/4 1844/3/4
f 1841/1/4 1839/1/4 1845/1/4
f 1839/1/4 1823/1/4 1845/1/4
f 1823/3/4 1820/3/4 1846/3/4
f 1845/1/4 1823/1/4 1846/1/4
f 1846/3/4 1820/3/4 1847/3/4
f 1844/1/4 1825/1/4 1848/1/4
f 1843/1/4 1844/1/4 1848/1/4
f 1825/3/4 1821/3/4 1849/3/4
f 1848/1/4 1825/1/4 1849/1/4
f 1849/3/4 1821/3/4 1850/3/4
f 1841/1/4 1845/1/4 1851/1/4
f 1840/3/4 1841/3/4 1851/3/4
f 1846/3/4 1847/3/4 1852/3/4
f 1851/1/4 1845/1/4 1852/1/4
f 1845/3/4 1846/3/4 1852/3/4
f 1852/3/4 1847/3/4 1853/3/4
f 1853/3/4 1847/3/4 1854/3/4
f 1843/1/4 1848/1/4 1855/1/4
f 1842/3/4 1843/3/4 1855/3/4
f 1848/3/4 1849/3/4 1856/3/4
f 1855/1/4 1848/1/4 1856/1/4
f 1849/3/4 1850/3/4 1856/3/4
f 1856/3/4 1850/3/4 1857/3/4
f 1857/3/4 1850/3/4 1858/3/4
f 1852/3/4 1853/3/4 1859/3/4
f 1840/3/4 1851/3/4 1859/3/4
f 1851/3/4 1852/3/4 1859/3/4
f 1859/3/4 1853/3/4 1860/3/4
f 1842/3/4 1855/3/4 1861/3/4
f 1856/3/4 1857/3/4 1861/3/4
f 1855/3/4 1856/3/4 1861/3/4
f 1861/3/4 1857/3/4 1862/3/4
f 1860/3/4 1853/3/4 1863/3/4
f 1859/1/4 1860/1/4 1863/1/4
f 1863/3/4 1853/3/4 1864/3/4
f 1853/1/4 1854/1/4 1865/1/4
f 1862/3/4 1857/3/4 1866/3/4
f 1861/1/4 1862/1/4 1866/1/4
f 1866/3/4 1857/3/4 1867/3/4
f 1857/1/4 1858/1/4 1868/1/4
f 1863/1/4 1864/1/4 1869/1/4
f 1859/1/4 1863/1/4 1869/1/4
f 1864/3/4 1853/3/4 1870/3/4
f 1869/1/4 1864/1/4 1870/1/4
f 1861/1/4 1866/1/4 1871/1/4
f 1866/1/4 1867/1/4 1871/1/4
f 1867/3/4 1857/3/4 1872/3/4
f 1871/1/4 1867/1/4 1872/1/4
f 1870/3/4 1853/3/4 1873/3/4
f 1869/3/4 1870/3/4 1873/3/4
f 1853/1/4 1865/1/4 1874/1/4
f 1873/3/4 1853/3/4 1874/3/4
f 1872/3/4 1857/3/4 1875/3/4
f 1871/3/4 1872/3/4 1875/3/4
f 1857/1/4 1868/1/4 1876/1/4
f 1875/3/4 1857/3/4 1876/3/4
f 1859/1/4 1869/1/4 1877/1/4
f 1869/3/4 1873/3/4 1877/3/4
f 1873/1/4 1874/1/4 1878/1/4
f 1877/3/4 1873/3/4 1878/3/4
f 1861/1/4 1871/1/4 1879/1/4
f 1871/3/4 1875/3/4 1879/3/4
f 1875/1/4 1876/1/4 1880/1/4
f 1879/3/4 1875/3/4 1880/3/4
f 1878/1/4 1874/1/4 1881/1/4
f 1877/1/4 1878/1/4 1881/1/4
f 1874/1/4 1865/1/4 1881/1/4
f 1881/1/4 1865/1/4 1882/1/4
f 1876/1/4 1868/1/4 1883/1/4
f 1880/1/4 1876/1/4 1883/1/4
f 1879/1/4 1880/1/4 1883/1/4
f 1883/1/4 1868/1/4 1884/1/4
f 1877/1/4 1881/1/4 1885/1/4
f 1859/1/4 1877/1/4 1885/1/4
f 1885/1/4 1881/1/4 1886/1/4
f 1861/1/4 1879/1/4 1887/1/4
f 1879/1/4 1883/1/4 1887/1/4
f 1887/1/4 1883/1/4 1888/1/4
f 1859/1/4 1885/1/4 1889/1/4
f 1885/3/4 1886/3/4 1890/3/4
f 1889/1/4 1885/1/4 1890/1/4
f 1861/1/4 1887/1/4 1891/1/4
f 1887/3/4 1888/3/4 1892/3/4
f 1891/1/4 1887/1/4 1892/1/4
f 1890/3/4 1886/3/4 1893/3/4
f 1889/3/4 1890/3/4 1893/3/4
f 1886/1/4 1881/1/4 1894/1/4
f 1893/3/4 1886/3/4 1894/3/4
f 1881/3/4 1882/3/4 1895/3/4
f 1892/3/4 1888/3/4 1896/3/4
f 1891/3/4 1892/3/4 1896/3/4
f 1888/1/4 1883/1/4 1897/1/4
f 1896/3/4 1888/3/4 1897/3/4
f 1883/3/4 1884/3/4 1898/3/4
f 1897/1/4 1883/1/4 1898/1/4
f 1898/3/4 1884/3/4 1899/3/4
f 1894/1/4 1881/1/4 1900/1/4
f 1893/1/4 1894/1/4 1900/1/4
f 1881/3/4 1895/3/4 1901/3/4
f 1900/1/4 1881/1/4 1901/1/4
f 1891/3/4 1896/3/4 1902/3/4
f 1896/1/4 1897/1/4 1903/1/4
f 1902/3/4 1896/3/4 1903/3/4
f 1889/3/4 1893/3/4 1904/3/4
f 1893/1/4 1900/1/4 1905/1/4
f 1904/3/4 1893/3/4 1905/3/4
f 1900/3/4 1901/3/4 1906/3/4
f 1905/1/4 1900/1/4 1906/1/4
f 1901/3/4 1895/3/4 1907/3/4
f 1906/3/4 1901/3/4 1907/3/4
f 1902/1/4 1903/1/4 1908/1/4
f 1903/1/4 1897/1/4 1909/1/4
f 1908/1/4 1903/1/4 1909/1/4
f 1898/3/4 1899/3/4 1910/3/4
f 1909/1/4 1897/1/4 1910/1/4
f 1897/3/4 1898/3/4 1910/3/4
f 1910/3/4 1899/3/4 1911/3/4
f 1912/4/4 1913/4/4 1918/4/4
f 1913/4/4 1914/4/4 1918/4/4
f 1918/4/4 1914/4/4 1919/4/4
f 1916/4/4 1917/4/4 1920/4/4
f 1915/4/4 1916/4/4 1920/4/4
f 1920/4/4 1917/4/4 1921/4/4
f 1918/2/4 1919/2/4 1922/2/4
f 1922/2/4 1919/2/4 1923/2/4
f 1920/2/4 1921/2/4 1924/2/4
f 1924/2/4 1921/2/4 1925/2/4
f 1922/4/4 1923/4/4 1926/4/4
f 1926/4/4 1923/4/4 1927/4/4
f 1924/4/4 1925/4/4 1928/4/4
f 1928/4/4 1925/4/4 1929/4/4
f 1926/2/4 1927/2/4 1930/2/4
f 1930/2/4 1927/2/4 1931/2/4
f 1928/2/4 1929/2/4 1932/2/4
f 1932/2/4 1929/2/4 1933/2/4
f 1930/4/4 1931/4/4 1934/4/4
f 1934/4/4 1931/4/4 1935/4/4
f 1935/4/4 1931/4/4 1936/4/4
f 1932/4/4 1933/4/4 1937/4/4
f 1937/4/4 1933/4/4 1938/4/4
f 1938/4/4 1933/4/4 1939/4/4
f 1941/2/4 1942/2/4 1950/2/4
f 1942/4/4 1943/4/4 1951/4/4
f 1950/2/4 1942/2/4 1951/2/4
f 1951/4/4 1943/4/4 1952/4/4
f 1944/4/4 1945/4/4 1953/4/4
f 1945/2/4 1946/2/4 1953/2/4
f 1953/2/4 1946/2/4 1954/2/4
f 1946/4/4 1947/4/4 1955/4/4
f 1954/2/4 1946/2/4 1955/2/4
f 1955/4/4 1947/4/4 1956/4/4
f 1956/4/4 1947/4/4 1957/4/4
f 1947/2/4 1948/2/4 1958/2/4
f 1957/4/4 1947/4/4 1958/4/4
f 1958/2/4 1948/2/4 1959/2/4
f 1948/4/4 1949/4/4 1960/4/4
f 1959/2/4 1948/2/4 1960/2/4
f 1940/4/4 1941/4/4 1961/4/4
f 1941/2/4 1950/2/4 1961/2/4
f 1950/4/4 1951/4/4 1962/4/4
f 1961/2/4 1950/2/4 1962/2/4
f 1962/4/4 1951/4/4 1963/4/4
f 1951/2/4 1952/2/4 1964/2/4
f 1963/4/4 1951/4/4 1964/4/4
f 1952/4/4 1943/4/4 1965/4/4
f 1964/2/4 1952/2/4 1965/2/4
f 1965/4/4 1943/4/4 1966/4/4
f 1953/4/4 1954/4/4 1967/4/4
f 1954/2/4 1955/2/4 1967/2/4
f 1955/2/4 1956/2/4 1967/2/4
f 1967/2/4 1956/2/4 1968/2/4
f 1956/4/4 1957/4/4 1969/4/4
f 1968/2/4 1956/2/4 1969/2/4
f 1958/2/4 1959/2/4 1970/2/4
f 1969/4/4 1957/4/4 1970/4/4
f 1957/2/4 1958/2/4 1970/2/4
f 1970/2/4 1959/2/4 1971/2/4
f 1959/4/4 1960/4/4 1972/4/4
f 1971/2/4 1959/2/4 1972/2/4
f 1960/4/4 1949/4/4 1973/4/4
f 1972/4/4 1960/4/4 1973/4/4
f 1973/4/4 1949/4/4 1974/4/4
f 1962/4/4 1963/4/4 1975/4/4
f 1940/4/4 1961/4/4 1975/4/4
f 1961/4/4 1962/4/4 1975/4/4
f 1963/2/4 1964/2/4 1976/2/4
f 1975/4/4 1963/4/4 1976/4/4
f 1965/2/4 1966/2/4 1976/2/4
f 1964/2/4 1965/2/4 1976/2/4
f 1976/2/4 1966/2/4 1977/2/4
f 1977/2/4 1966/2/4 1978/2/4
f 1966/4/4 1943/4/4 1979/4/4
f 1978/2/4 1966/2/4 1979/2/4
f 1943/2/4 1944/2/4 1980/2/4
f 1979/4/4 1943/4/4 1980/4/4
f 1967/4/4 1968/4/4 1981/4/4
f 1980/2/4 1944/2/4 1981/2/4
f 1944/4/4 1953/4/4 1981/4/4
f 1953/4/4 1967/4/4 1981/4/4
f 1981/4/4 1968/4/4 1982/4/4
f 1968/2/4 1969/2/4 1983/2/4
f 1982/4/4 1968/4/4 1983/4/4
f 1970/2/4 1971/2/4 1983/2/4
f 1969/2/4 1970/2/4 1983/2/4
f 1983/2/4 1971/2/4 1984/2/4
f 1971/4/4 1972/4/4 1985/4/4
f 1984/2/4 1971/2/4 1985/2/4
f 1972/4/4 1973/4/4 1985/4/4
f 1985/4/4 1973/4/4 1986/4/4
f 1986/4/4 1973/4/4 1987/4/4
f 1973/2/4 1974/2/4 1988/2/4
f 1987/4/4 1973/4/4 1988/4/4
f 1988/2/4 1974/2/4 1989/2/4
f 1976/2/4 1977/2/4 1990/2/4
f 1975/2/4 1976/2/4 1990/2/4
f 1977/4/4 1978/4/4 1991/4/4
f 1990/2/4 1977/2/4 1991/2/4
f 1981/2/4 1982/2/4 1992/2/4
f 1991/4/4 1978/4/4 1992/4/4
f 1980/2/4 1981/2/4 1992/2/4
f 1978/2/4 1979/2/4 1992/2/4
f 1979/2/4 1980/2/4 1992/2/4
f 1992/2/4 1982/2/4 1993/2/4
f 1993/2/4 1982/2/4 1994/2/4
f 1983/4/4 1984/4/4 1995/4/4
f 1994/2/4 1982/2/4 1995/2/4
f 1982/4/4 1983/4/4 1995/4/4
f 1995/4/4 1984/4/4 1996/4/4
f 1985/2/4 1986/2/4 1997/2/4
f 1996/4/4 1984/4/4 1997/4/4
f 1984/2/4 1985/2/4 1997/2/4
f 1997/2/4 1986/2/4 1998/2/4
f 1998/2/4 1986/2/4 1999/2/4
f 1986/4/4 1987/4/4 2000/4/4
f 1999/2/4 1986/2/4 2000/2/4
f 2000/4/4 1987/4/4 2001/4/4
f 1987/2/4 1988/2/4 2002/2/4
f 2001/4/4 1987/4/4 2002/4/4
f 1988/2/4 1989/2/4 2002/2/4
f 2002/2/4 1989/2/4 2003/2/4
f 2003/2/4 1989/2/4 2004/2/4
f 1940/4/4 1975/4/4 2005/4/4
f 1975/2/4 1990/2/4 2005/2/4
f 1990/4/4 1991/4/4 2006/4/4
f 2005/2/4 1990/2/4 2006/2/4
f 1992/4/4 1993/4/4 2006/4/4
f 1991/4/4 1992/4/4 2006/4/4
f 2006/4/4 1993/4/4 2007/4/4
f 2007/4/4 1993/4/4 2008/4/4
f 1993/2/4 1994/2/4 2009/2/4
f 2008/4/4 1993/4/4 2009/4/4
f 2009/2/4 1994/2/4 2010/2/4
f 1994/4/4 1995/4/4 2011/4/4
f 2010/2/4 1994/2/4 2011/2/4
f 2011/4/4 1995/4/4 2012/4/4
f 1995/2/4 1996/2/4 2013/2/4
f 2012/4/4 1995/4/4 2013/4/4
f 1996/4/4 1997/4/4 2014/4/4
f 2013/2/4 1996/2/4 2014/2/4
f 1997/4/4 1998/4/4 2014/4/4
f 2014/4/4 1998/4/4 2015/4/4
f 1998/2/4 1999/2/4 2016/2/4
f 2000/4/4 2001/4/4 2017/4/4
f 2016/2/4 1999/2/4 2017/2/4
f 1999/4/4 2000/4/4 2017/4/4
f 2017/4/4 2001/4/4 2018/4/4
f 2002/2/4 2003/2/4 2019/2/4
f 2018/4/4 2001/4/4 2019/4/4
f 2001/2/4 2002/2/4 2019/2/4
f 1940/4/4 2005/4/4 2020/4/4
f 2005/4/4 2006/4/4 2020/4/4
f 2006/4/4 2007/4/4 2020/4/4
f 2007/2/4 2008/2/4 2021/2/4
f 2020/4/4 2007/4/4 2021/4/4
f 2009/4/4 2010/4/4 2022/4/4
f 2021/2/4 2008/2/4 2022/2/4
f 2008/4/4 2009/4/4 2022/4/4
f 2011/2/4 2012/2/4 2023/2/4
f 2022/4/4 2010/4/4 2023/4/4
f 2010/2/4 2011/2/4 2023/2/4
f 2012/4/4 2013/4/4 2024/4/4
f 2023/2/4 2012/2/4 2024/2/4
f 2013/4/4 2014/4/4 2024/4/4
f 2014/2/4 2015/2/4 2025/2/4
f 2024/4/4 2014/4/4 2025/4/4
f 2015/4/4 1998/4/4 2026/4/4
f 2025/2/4 2015/2/4 2026/2/4
f 1998/2/4 2016/2/4 2027/2/4
f 2026/4/4 1998/4/4 2027/4/4
f 2017/4/4 2018/4/4 2028/4/4
f 2027/2/4 2016/2/4 2028/2/4
f 2016/4/4 2017/4/4 2028/4/4
f 2018/2/4 2019/2/4 2029/2/4
f 2028/4/4 2018/4/4 2029/4/4
f 2019/2/4 2003/2/4 2030/2/4
f 2029/2/4 2019/2/4 2030/2/4
f 2003/4/4 2004/4/4 2030/4/4
f 2030/4/4 2004/4/4 2031/4/4
f 2032/4/4 2033/4/4 2044/4/4
f 2044/4/4 2033/4/4 2045/4/4
f 2033/2/4 2034/2/4 2046/2/4
f 2045/4/4 2033/4/4 2046/4/4
f 2034/4/4 2035/4/4 2047/4/4
f 2046/2/4 2034/2/4 2047/2/4
f 2047/4/4 2035/4/4 2048/4/4
f 2035/2/4 2036/2/4 2049/2/4
f 2048/4/4 2035/4/4 2049/4/4
f 2049/2/4 2036/2/4 2050/2/4
f 2036/4/4 2037/4/4 2051/4/4
f 2050/2/4 2036/2/4 2051/2/4
f 2051/4/4 2037/4/4 2052/4/4
f 2037/2/4 2038/2/4 2053/2/4
f 2052/4/4 2037/4/4 2053/4/4
f 2038/4/4 2039/4/4 2054/4/4
f 2053/2/4 2038/2/4 2054/2/4
f 2039/2/4 2040/2/4 2055/2/4
f 2040/4/4 2041/4/4 2055/4/4
f 2055/4/4 2041/4/4 2056/4/4
f 2041/2/4 2042/2/4 2057/2/4
f 2056/4/4 2041/4/4 2057/4/4
f 2057/2/4 2042/2/4 2058/2/4
f 2044/2/4 2045/2/4 2059/2/4
f 2045/4/4 2046/4/4 2059/4/4
f 2047/4/4 2048/4/4 2059/4/4
f 2046/4/4 2047/4/4 2059/4/4
f 2059/4/4 2048/4/4 2060/4/4
f 2060/4/4 2048/4/4 2061/4/4
f 2049/2/4 2050/2/4 2062/2/4
f 2061/4/4 2048/4/4 2062/4/4
f 2048/2/4 2049/2/4 2062/2/4
f 2051/4/4 2052/4/4 2063/4/4
f 2062/2/4 2050/2/4 2063/2/4
f 2050/4/4 2051/4/4 2063/4/4
f 2052/2/4 2053/2/4 2064/2/4
f 2063/4/4 2052/4/4 2064/4/4
f 2053/4/4 2054/4/4 2065/4/4
f 2064/2/4 2053/2/4 2065/2/4
f 2054/4/4 2039/4/4 2066/4/4
f 2065/4/4 2054/4/4 2066/4/4
f 2055/2/4 2056/2/4 2067/2/4
f 2066/4/4 2039/4/4 2067/4/4
f 2039/2/4 2055/2/4 2067/2/4
f 2057/4/4 2058/4/4 2068/4/4
f 2067/2/4 2056/2/4 2068/2/4
f 2056/4/4 2057/4/4 2068/4/4
f 2068/4/4 2058/4/4 2069/4/4
f 2058/2/4 2042/2/4 2070/2/4
f 2069/4/4 2058/4/4 2070/4/4
f 2070/2/4 2042/2/4 2071/2/4
f 2042/4/4 2043/4/4 2072/4/4
f 2071/2/4 2042/2/4 2072/2/4
f 2072/4/4 2043/4/4 2073/4/4
f 2059/2/4 2060/2/4 2074/2/4
f 2032/4/4 2044/4/4 2074/4/4
f 2044/2/4 2059/2/4 2074/2/4
f 2074/2/4 2060/2/4 2075/2/4
f 2060/4/4 2061/4/4 2076/4/4
f 2075/2/4 2060/2/4 2076/2/4
f 2061/2/4 2062/2/4 2077/2/4
f 2076/4/4 2061/4/4 2077/4/4
f 2062/2/4 2063/2/4 2077/2/4
f 2063/2/4 2064/2/4 2077/2/4
f 2077/2/4 2064/2/4 2078/2/4
f 2078/2/4 2064/2/4 2079/2/4
f 2079/2/4 2064/2/4 2080/2/4
f 2064/4/4 2065/4/4 2081/4/4
f 2080/2/4 2064/2/4 2081/2/4
f 2065/4/4 2066/4/4 2081/4/4
f 2081/4/4 2066/4/4 2082/4/4
f 2068/2/4 2069/2/4 2083/2/4
f 2082/4/4 2066/4/4 2083/4/4
f 2066/2/4 2067/2/4 2083/2/4
f 2067/2/4 2068/2/4 2083/2/4
f 2083/2/4 2069/2/4 2084/2/4
f 2070/4/4 2071/4/4 2085/4/4
f 2084/2/4 2069/2/4 2085/2/4
f 2069/4/4 2070/4/4 2085/4/4
f 2072/2/4 2073/2/4 2086/2/4
f 2085/4/4 2071/4/4 2086/4/4
f 2071/2/4 2072/2/4 2086/2/4
f 2086/2/4 2073/2/4 2087/2/4
f 2074/4/4 2075/4/4 2088/4/4
f 2032/4/4 2074/4/4 2088/4/4
f 2088/4/4 2075/4/4 2089/4/4
f 2075/2/4 2076/2/4 2090/2/4
f 2089/4/4 2075/4/4 2090/4/4
f 2076/2/4 2077/2/4 2090/2/4
f 2077/2/4 2078/2/4 2090/2/4
f 2090/2/4 2078/2/4 2091/2/4
f 2091/2/4 2078/2/4 2092/2/4
f 2078/4/4 2079/4/4 2093/4/4
f 2092/2/4 2078/2/4 2093/2/4
f 2081/4/4 2082/4/4 2094/4/4
f 2080/4/4 2081/4/4 2094/4/4
f 2083/2/4 2084/2/4 2095/2/4
f 2094/4/4 2082/4/4 2095/4/4
f 2082/2/4 2083/2/4 2095/2/4
f 2095/2/4 2084/2/4 2096/2/4
f 2096/2/4 2084/2/4 2097/2/4
f 2086/4/4 2087/4/4 2098/4/4
f 2097/2/4 2084/2/4 2098/2/4
f 2084/4/4 2085/4/4 2098/4/4
f 2085/4/4 2086/4/4 2098/4/4
f 2098/4/4 2087/4/4 2099/4/4
f 2087/2/4 2073/2/4 2100/2/4
f 2099/4/4 2087/4/4 2100/4/4
f 2100/2/4 2073/2/4 2101/2/4
f 2088/2/4 2089/2/4 2102/2/4
f 2090/4/4 2091/4/4 2102/4/4
f 2089/4/4 2090/4/4 2102/4/4
f 2091/2/4 2092/2/4 2103/2/4
f 2102/4/4 2091/4/4 2103/4/4
f 2092/4/4 2093/4/4 2104/4/4
f 2103/2/4 2092/2/4 2104/2/4
f 2080/4/4 2094/4/4 2105/4/4
f 2095/2/4 2096/2/4 2106/2/4
f 2105/4/4 2094/4/4 2106/4/4
f 2094/2/4 2095/2/4 2106/2/4
f 2106/2/4 2096/2/4 2107/2/4
f 2096/4/4 2097/4/4 2108/4/4
f 2107/2/4 2096/2/4 2108/2/4
f 2098/2/4 2099/2/4 2109/2/4
f 2108/4/4 2097/4/4 2109/4/4
f 2097/2/4 2098/2/4 2109/2/4
f 2109/2/4 2099/2/4 2110/2/4
f 2100/4/4 2101/4/4 2111/4/4
f 2110/2/4 2099/2/4 2111/2/4
f 2099/4/4 2100/4/4 2111/4/4
f 2111/4/4 2101/4/4 2112/4/4
f 2032/4/4 2088/4/4 2113/4/4
f 2102/2/4 2103/2/4 2114/2/4
f 2113/4/4 2088/4/4 2114/4/4
f 2088/2/4 2102/2/4 2114/2/4
f 2103/4/4 2104/4/4 2115/4/4
f 2114/2/4 2103/2/4 2115/2/4
f 2104/4/4 2093/4/4 2116/4/4
f 2115/4/4 2104/4/4 2116/4/4
f 2093/4/4 2079/4/4 2116/4/4
f 2079/2/4 2080/2/4 2116/2/4
f 2080/4/4 2105/4/4 2117/4/4
f 2116/2/4 2080/2/4 2117/2/4
f 2106/2/4 2107/2/4 2118/2/4
f 2117/4/4 2105/4/4 2118/4/4
f 2105/2/4 2106/2/4 2118/2/4
f 2107/4/4 2108/4/4 2119/4/4
f 2118/2/4 2107/2/4 2119/2/4
f 2108/4/4 2109/4/4 2119/4/4
f 2109/4/4 2110/4/4 2119/4/4
f 2110/2/4 2111/2/4 2120/2/4
f 2119/4/4 2110/4/4 2120/4/4
f 2111/2/4 2112/2/4 2120/2/4
f 2112/4/4 2101/4/4 2121/4/4
f 2120/2/4 2112/2/4 2121/2/4
f 2121/4/4 2101/4/4 2122/4/4
f 2123/3/4 2124/3/4 2126/3/4
f 2126/3/4 2124/3/4 2127/3/4
f 2123/3/4 2126/3/4 2128/3/4
f 2126/1/4 2127/1/4 2129/1/4
f 2128/3/4 2126/3/4 2129/3/4
f 2128/1/4 2129/1/4 2130/1/4
f 2129/1/4 2127/1/4 2130/1/4
f 2127/3/4 2124/3/4 2131/3/4
f 2130/1/4 2127/1/4 2131/1/4
f 2130/3/4 2131/3/4 2132/3/4
f 2131/3/4 2124/3/4 2132/3/4
f 2124/1/4 2125/1/4 2133/1/4
f 2132/3/4 2124/3/4 2133/3/4
f 2128/1/4 2130/1/4 2134/1/4
f 2130/3/4 2132/3/4 2135/3/4
f 2134/1/4 2130/1/4 2135/1/4
f 2134/3/4 2135/3/4 2136/3/4
f 2135/3/4 2132/3/4 2136/3/4
f 2132/1/4 2133/1/4 2137/1/4
f 2136/3/4 2132/3/4 2137/3/4
f 2134/3/4 2136/3/4 2138/3/4
f 2136/1/4 2137/1/4 2139/1/4
f 2138/3/4 2136/3/4 2139/3/4
f 2137/1/4 2133/1/4 2140/1/4
f 2139/1/4 2137/1/4 2140/1/4
f 2133/1/4 2125/1/4 2141/1/4
f 2140/1/4 2133/1/4 2141/1/4
f 2139/1/4 2140/1/4 2142/1/4
f 2138/1/4 2139/1/4 2142/1/4
f 2140/3/4 2141/3/4 2143/3/4
f 2142/1/4 2140/1/4 2143/1/4
f 2138/1/4 2142/1/4 2144/1/4
f 2142/3/4 2143/3/4 2145/3/4
f 2144/1/4 2142/1/4 2145/1/4
f 2144/3/4 2145/3/4 2146/3/4
f 2145/3/4 2143/3/4 2146/3/4
f 2143/3/4 2141/3/4 2147/3/4
f 2146/3/4 2143/3/4 2147/3/4
f 2141/1/4 2125/1/4 2148/1/4
f 2147/3/4 2141/3/4 2148/3/4
f 2148/1/4 2125/1/4 2149/1/4
f 2147/3/4 2148/3/4 2150/3/4
f 2148/3/4 2149/3/4 2150/3/4
f 2146/1/4 2147/1/4 2151/1/4
f 2147/3/4 2150/3/4 2151/3/4
f 2151/3/4 2150/3/4 2152/3/4
f 2144/3/4 2146/3/4 2153/3/4
f 2146/1/4 2151/1/4 2153/1/4
f 2151/1/4 2152/1/4 2153/1/4
f 2153/1/4 2152/1/4 2154/1/4
f 2144/3/4 2153/3/4 2155/3/4
f 2153/3/4 2154/3/4 2155/3/4
f 2154/1/4 2152/1/4 2156/1/4
f 2155/3/4 2154/3/4 2156/3/4
f 2155/1/4 2156/1/4 2157/1/4
f 2156/1/4 2152/1/4 2158/1/4
f 2157/1/4 2156/1/4 2158/1/4
f 2155/1/4 2157/1/4 2159/1/4
f 2157/3/4 2158/3/4 2159/3/4
f 2158/1/4 2152/1/4 2160/1/4
f 2159/3/4 2158/3/4 2160/3/4
f 2155/1/4 2159/1/4 2161/1/4
f 2159/1/4 2160/1/4 2161/1/4
f 2161/1/4 2160/1/4 2162/1/4
f 2160/1/4 2152/1/4 2163/1/4
f 2162/1/4 2160/1/4 2163/1/4
f 2152/3/4 2150/3/4 2164/3/4
f 2163/1/4 2152/1/4 2164/1/4
f 2164/3/4 2150/3/4 2165/3/4
f 2162/1/4 2163/1/4 2166/1/4
f 2161/3/4 2162/3/4 2166/3/4
f 2164/3/4 2165/3/4 2167/3/4
f 2166/1/4 2163/1/4 2167/1/4
f 2163/3/4 2164/3/4 2167/3/4
f 2167/3/4 2165/3/4 2168/3/4
f 2168/3/4 2165/3/4 2169/3/4
f 2161/3/4 2166/3/4 2170/3/4
f 2166/3/4 2167/3/4 2170/3/4
f 2167/3/4 2168/3/4 2170/3/4
f 2170/3/4 2168/3/4 2171/3/4
f 2168/1/4 2169/1/4 2172/1/4
f 2171/3/4 2168/3/4 2173/3/4
f 2170/1/4 2171/1/4 2173/1/4
f 2173/3/4 2168/3/4 2174/3/4
f 2170/1/4 2173/1/4 2175/1/4
f 2173/1/4 2174/1/4 2175/1/4
f 2174/3/4 2168/3/4 2176/3/4
f 2175/1/4 2174/1/4 2176/1/4
f 2175/3/4 2176/3/4 2177/3/4
f 2176/3/4 2168/3/4 2177/3/4
f 2168/1/4 2172/1/4 2178/1/4
f 2177/3/4 2168/3/4 2178/3/4
f 2175/3/4 2177/3/4 2179/3/4
f 2170/1/4 2175/1/4 2179/1/4
f 2177/1/4 2178/1/4 2180/1/4
f 2179/3/4 2177/3/4 2180/3/4
f 2178/1/4 2172/1/4 2181/1/4
f 2180/1/4 2178/1/4 2181/1/4
f 2179/1/4 2180/1/4 2181/1/4
f 2181/1/4 2172/1/4 2182/1/4
f 2170/1/4 2179/1/4 2183/1/4
f 2179/1/4 2181/1/4 2183/1/4
f 2183/1/4 2181/1/4 2184/1/4
f 2170/1/4 2183/1/4 2185/1/4
f 2183/3/4 2184/3/4 2186/3/4
f 2185/1/4 2183/1/4 2186/1/4
f 2185/3/4 2186/3/4 2187/3/4
f 2186/3/4 2184/3/4 2187/3/4
f 2184/1/4 2181/1/4 2188/1/4
f 2187/3/4 2184/3/4 2188/3/4
f 2181/3/4 2182/3/4 2189/3/4
f 2188/1/4 2181/1/4 2190/1/4
f 2187/1/4 2188/1/4 2190/1/4
f 2181/3/4 2189/3/4 2191/3/4
f 2190/1/4 2181/1/4 2191/1/4
f 2185/3/4 2187/3/4 2192/3/4
f 2187/1/4 2190/1/4 2193/1/4
f 2192/3/4 2187/3/4 2193/3/4
f 2192/1/4 2193/1/4 2194/1/4
f 2193/1/4 2190/1/4 2194/1/4
f 2190/3/4 2191/3/4 2195/3/4
f 2194/1/4 2190/1/4 2195/1/4
f 2192/1/4 2194/1/4 2196/1/4
f 2194/3/4 2195/3/4 2197/3/4
f 2196/1/4 2194/1/4 2197/1/4
f 2191/3/4 2189/3/4 2198/3/4
f 2197/3/4 2195/3/4 2198/3/4
f 2195/3/4 2191/3/4 2198/3/4
f 2199/4/4 2200/4/4 2201/4/4
f 2201/4/4 2200/4/4 2202/4/4
f 2201/2/4 2202/2/4 2203/2/4
f 2203/2/4 2202/2/4 2204/2/4
f 2203/4/4 2204/4/4 2205/4/4
f 2205/4/4 2204/4/4 2206/4/4
f 2205/2/4 2206/2/4 2207/2/4
f 2207/2/4 2206/2/4 2208/2/4
f 2207/4/4 2208/4/4 2209/4/4
f 2209/4/4 2208/4/4 2210/4/4
f 2215/4/5 2212/4/5 2211/4/5
f 2216/4/5 2212/4/5 2215/4/5
f 2217/4/5 2214/4/5 2213/4/5
f 2218/4/5 2214/4/5 2217/4/5
f 2223/4/5 2220/4/5 2219/4/5
f 2224/4/5 2220/4/5 2223/4/5
f 2225/4/5 2222/4/5 2221/4/5
f 2226/4/5 2222/4/5 2225/4/5
f 2235/1/5 2228/1/5 2227/1/5
f 2235/3/5 2229/3/5 2228/3/5
f 2236/1/5 2230/1/5 2229/1/5
f 2236/3/5 2229/3/5 2235/3/5
f 2237/3/5 2231/3/5 2230/3/5
f 2237/1/5 2230/1/5 2236/1/5
f 2238/1/5 2232/1/5 2231/1/5
f 2238/3/5 2231/3/5 2237/3/5
f 2239/3/5 2233/3/5 2232/3/5
f 2239/1/5 2232/1/5 2238/1/5
f 2240/1/5 2234/1/5 2233/1/5
f 2240/3/5 2233/3/5 2239/3/5
f 2241/1/5 2239/1/5 2238/1/5
f 2241/1/5 2238/1/5 2237/1/5
f 2241/1/5 2240/1/5 2239/1/5
f 2241/1/5 2237/1/5 2236/1/5
f 2241/1/5 2236/1/5 2235/1/5
f 2241/1/5 2235/1/5 2227/1/5
f 2242/1/5 2240/1/5 2241/1/5
f 2246/1/5 2240/1/5 2242/1/5
f 2247/1/5 2245/1/5 2244/1/5
f 2247/1/5 2246/1/5 2245/1/5
f 2247/1/5 2244/1/5 2243/1/5
f 2248/1/5 2246/1/5 2247/1/5
f 2249/1/5 2234/1/5 2240/1/5
f 2249/1/5 2246/1/5 2248/1/5
f 2249/1/5 2240/1/5 2246/1/5
f 2254/3/5 2248/3/5 2247/3/5
f 2255/1/5 2249/1/5 2248/1/5
f 2255/3/5 2248/3/5 2254/3/5
f 2255/1/5 2250/1/5 2249/1/5
f 2255/1/5 2252/1/5 2251/1/5
f 2255/1/5 2251/1/5 2250/1/5
f 2256/3/5 2253/3/5 2252/3/5
f 2256/1/5 2252/1/5 2255/1/5
f 2256/1/5 2255/1/5 2254/1/5
f 2257/3/5 2253/3/5 2256/3/5
f 2258/1/5 2256/1/5 2254/1/5
f 2258/1/5 2257/1/5 2256/1/5
f 2259/1/5 2257/1/5 2258/1/5
f 2260/3/5 2259/3/5 2258/3/5
f 2261/1/5 2257/1/5 2259/1/5
f 2261/3/5 2259/3/5 2260/3/5
f 2262/1/5 2257/1/5 2261/1/5
f 2263/1/5 2257/1/5 2262/1/5
f 2264/1/5 2257/1/5 2263/1/5
f 2265/1/5 2257/1/5 2264/1/5
f 2266/1/5 2257/1/5 2265/1/5
f 2267/1/5 2264/1/5 2263/1/5
f 2268/1/5 2264/1/5 2267/1/5
f 2269/1/5 2264/1/5 2268/1/5
f 2270/1/5 2269/1/5 2268/1/5
f 2271/1/5 2269/1/5 2270/1/5
f 2272/1/5 2269/1/5 2271/1/5
f 2273/1/5 2269/1/5 2272/1/5
f 2274/1/5 2269/1/5 2273/1/5
f 2275/1/5 2269/1/5 2274/1/5
f 2276/1/5 2269/1/5 2275/1/5
f 2277/1/5 2269/1/5 2276/1/5
f 2278/1/5 2270/1/5 2268/1/5
f 2279/3/5 2271/3/5 2270/3/5
f 2279/1/5 2270/1/5 2278/1/5
f 2280/1/5 2272/1/5 2271/1/5
f 2280/3/5 2271/3/5 2279/3/5
f 2281/3/5 2273/3/5 2272/3/5
f 2281/1/5 2272/1/5 2280/1/5
f 2282/1/5 2274/1/5 2273/1/5
f 2282/3/5 2273/3/5 2281/3/5
f 2283/3/5 2275/3/5 2274/3/5
f 2283/1/5 2274/1/5 2282/1/5
f 2284/1/5 2276/1/5 2275/1/5
f 2284/3/5 2275/3/5 2283/3/5
f 2285/3/5 2277/3/5 2276/3/5
f 2285/1/5 2276/1/5 2284/1/5
f 2286/3/5 2277/3/5 2285/3/5
f 2293/4/5 2288/4/5 2287/4/5
f 2294/4/5 2288/4/5 2293/4/5
f 2295/2/5 2289/2/5 2288/2/5
f 2295/4/5 2288/4/5 2294/4/5
f 2296/2/5 2289/2/5 2295/2/5
f 2297/4/5 2290/4/5 2289/4/5
f 2297/2/5 2289/2/5 2296/2/5
f 2298/2/5 2291/2/5 2290/2/5
f 2298/4/5 2290/4/5 2297/4/5
f 2299/4/5 2292/4/5 2291/4/5
f 2299/2/5 2291/2/5 2298/2/5
f 2300/4/5 2292/4/5 2299/4/5
f 2305/2/5 2302/2/5 2301/2/5
f 2306/2/5 2302/2/5 2305/2/5
f 2307/4/5 2306/4/5 2305/4/5
f 2308/4/5 2306/4/5 2307/4/5
f 2309/2/5 2308/2/5 2307/2/5
f 2310/2/5 2308/2/5 2309/2/5
f 2311/4/5 2304/4/5 2303/4/5
f 2312/4/5 2304/4/5 2311/4/5
f 2313/4/5 2310/4/5 2309/4/5
f 2314/2/5 2312/2/5 2311/2/5
f 2315/2/5 2312/2/5 2314/2/5
f 2316/4/5 2313/4/5 2309/4/5
f 2317/4/5 2313/4/5 2316/4/5
f 2318/2/5 2317/2/5 2316/2/5
f 2319/2/5 2317/2/5 2318/2/5
f 2320/4/5 2315/4/5 2314/4/5
f 2321/4/5 2319/4/5 2318/4/5
f 2322/4/5 2319/4/5 2321/4/5
f 2323/4/5 2315/4/5 2320/4/5
f 2324/4/5 2315/4/5 2323/4/5
f 2325/2/5 2324/2/5 2323/2/5
f 2326/2/5 2324/2/5 2325/2/5
f 2327/2/5 2322/2/5 2321/2/5
f 2328/2/5 2322/2/5 2327/2/5
f 2329/4/5 2328/4/5 2327/4/5
f 2330/4/5 2329/4/5 2327/4/5
f 2331/4/5 2329/4/5 2330/4/5
f 2332/2/5 2331/2/5 2330/2/5
f 2333/2/5 2331/2/5 2332/2/5
f 2334/4/5 2326/4/5 2325/4/5
f 2335/4/5 2333/4/5 2332/4/5
f 2336/4/5 2326/4/5 2334/4/5
f 2337/4/5 2326/4/5 2336/4/5
f 2338/4/5 2335/4/5 2332/4/5
f 2339/4/5 2335/4/5 2338/4/5
f 2340/2/5 2337/2/5 2336/2/5
f 2341/2/5 2337/2/5 2340/2/5
f 2342/2/5 2339/2/5 2338/2/5
f 2343/2/5 2339/2/5 2342/2/5
f 2344/4/5 2343/4/5 2342/4/5
f 2345/4/5 2343/4/5 2344/4/5
f 2346/2/5 2345/2/5 2344/2/5
f 2347/2/5 2346/2/5 2344/2/5
f 2348/2/5 2346/2/5 2347/2/5
f 2349/4/5 2341/4/5 2340/4/5
f 2350/4/5 2341/4/5 2349/4/5
f 2360/4/5 2352/4/5 2351/4/5
f 2360/4/5 2353/4/5 2352/4/5
f 2361/2/5 2354/2/5 2353/2/5
f 2361/4/5 2353/4/5 2360/4/5
f 2362/4/5 2355/4/5 2354/4/5
f 2362/2/5 2354/2/5 2361/2/5
f 2362/4/5 2356/4/5 2355/4/5
f 2363/2/5 2358/2/5 2357/2/5
f 2363/4/5 2356/4/5 2362/4/5
f 2363/2/5 2357/2/5 2356/2/5
f 2364/4/5 2359/4/5 2358/4/5
f 2364/2/5 2358/2/5 2363/2/5
f 2365/4/5 2359/4/5 2364/4/5
f 2374/1/5 2367/1/5 2366/1/5
f 2374/3/5 2368/3/5 2367/3/5
f 2375/1/5 2369/1/5 2368/1/5
f 2375/3/5 2368/3/5 2374/3/5
f 2376/3/5 2370/3/5 2369/3/5
f 2376/1/5 2369/1/5 2375/1/5
f 2377/1/5 2371/1/5 2370/1/5
f 2377/3/5 2370/3/5 2376/3/5
f 2378/3/5 2372/3/5 2371/3/5
f 2378/1/5 2371/1/5 2377/1/5
f 2379/1/5 2373/1/5 2372/1/5
f 2379/3/5 2372/3/5 2378/3/5
f 2380/1/5 2378/1/5 2377/1/5
f 2380/1/5 2377/1/5 2376/1/5
f 2380/1/5 2379/1/5 2378/1/5
f 2380/1/5 2376/1/5 2375/1/5
f 2380/1/5 2375/1/5 2374/1/5
f 2380/1/5 2374/1/5 2366/1/5
f 2382/1/5 2379/1/5 2380/1/5
f 2383/1/5 2373/1/5 2379/1/5
f 2383/1/5 2379/1/5 2382/1/5
f 2384/1/5 2382/1/5 2381/1/5
f 2384/1/5 2383/1/5 2382/1/5
f 2385/1/5 2383/1/5 2384/1/5
f 2386/1/5 2383/1/5 2385/1/5
f 2389/3/5 2385/3/5 2384/3/5
f 2390/1/5 2386/1/5 2385/1/5
f 2390/3/5 2385/3/5 2389/3/5
f 2390/1/5 2387/1/5 2386/1/5
f 2391/3/5 2388/3/5 2387/3/5
f 2391/1/5 2387/1/5 2390/1/5
f 2391/1/5 2390/1/5 2389/1/5
f 2392/3/5 2388/3/5 2391/3/5
f 2393/1/5 2391/1/5 2389/1/5
f 2393/1/5 2392/1/5 2391/1/5
f 2394/1/5 2392/1/5 2393/1/5
f 2395/3/5 2394/3/5 2393/3/5
f 2396/1/5 2392/1/5 2394/1/5
f 2396/3/5 2394/3/5 2395/3/5
f 2397/1/5 2392/1/5 2396/1/5
f 2398/1/5 2392/1/5 2397/1/5
f 2399/1/5 2392/1/5 2398/1/5
f 2400/1/5 2398/1/5 2397/1/5
f 2401/1/5 2398/1/5 2400/1/5
f 2402/1/5 2401/1/5 2400/1/5
f 2403/1/5 2401/1/5 2402/1/5
f 2404/1/5 2401/1/5 2403/1/5
f 2405/1/5 2401/1/5 2404/1/5
f 2406/1/5 2401/1/5 2405/1/5
f 2407/1/5 2401/1/5 2406/1/5
f 2408/1/5 2401/1/5 2407/1/5
f 2409/1/5 2401/1/5 2408/1/5
f 2410/1/5 2402/1/5 2400/1/5
f 2411/3/5 2403/3/5 2402/3/5
f 2411/1/5 2402/1/5 2410/1/5
f 2412/1/5 2404/1/5 2403/1/5
f 2412/3/5 2403/3/5 2411/3/5
f 2413/3/5 2405/3/5 2404/3/5
f 2413/1/5 2404/1/5 2412/1/5
f 2414/1/5 2406/1/5 2405/1/5
f 2414/3/5 2405/3/5 2413/3/5
f 2415/3/5 2407/3/5 2406/3/5
f 2415/1/5 2406/1/5 2414/1/5
f 2416/1/5 2408/1/5 2407/1/5
f 2416/3/5 2407/3/5 2415/3/5
f 2417/3/5 2409/3/5 2408/3/5
f 2417/1/5 2408/1/5 2416/1/5
f 2418/1/5 2401/1/5 2409/1/5
f 2418/3/5 2409/3/5 2417/3/5
f 2419/1/5 2401/1/5 2418/1/5
f 2426/4/5 2421/4/5 2420/4/5
f 2427/4/5 2421/4/5 2426/4/5
f 2428/2/5 2422/2/5 2421/2/5
f 2428/4/5 2421/4/5 2427/4/5
f 2429/2/5 2422/2/5 2428/2/5
f 2430/4/5 2423/4/5 2422/4/5
f 2430/2/5 2422/2/5 2429/2/5
f 2431/2/5 2424/2/5 2423/2/5
f 2431/4/5 2423/4/5 2430/4/5
f 2432/4/5 2425/4/5 2424/4/5
f 2432/2/5 2424/2/5 2431/2/5
f 2433/4/5 2425/4/5 2432/4/5
f 2434/4/5 2425/4/5 2433/4/5
f 2439/2/5 2436/2/5 2435/2/5
f 2440/2/5 2436/2/5 2439/2/5
f 2441/4/5 2440/4/5 2439/4/5
f 2442/4/5 2440/4/5 2441/4/5
f 2443/2/5 2442/2/5 2441/2/5
f 2444/2/5 2442/2/5 2443/2/5
f 2445/4/5 2438/4/5 2437/4/5
f 2446/4/5 2438/4/5 2445/4/5
f 2447/4/5 2444/4/5 2443/4/5
f 2448/2/5 2446/2/5 2445/2/5
f 2449/2/5 2446/2/5 2448/2/5
f 2450/4/5 2447/4/5 2443/4/5
f 2451/4/5 2447/4/5 2450/4/5
f 2452/2/5 2451/2/5 2450/2/5
f 2453/2/5 2451/2/5 2452/2/5
f 2454/4/5 2449/4/5 2448/4/5
f 2455/4/5 2453/4/5 2452/4/5
f 2456/4/5 2453/4/5 2455/4/5
f 2457/4/5 2449/4/5 2454/4/5
f 2458/4/5 2449/4/5 2457/4/5
f 2459/2/5 2458/2/5 2457/2/5
f 2460/2/5 2458/2/5 2459/2/5
f 2461/2/5 2456/2/5 2455/2/5
f 2462/2/5 2456/2/5 2461/2/5
f 2463/4/5 2462/4/5 2461/4/5
f 2464/4/5 2463/4/5 2461/4/5
f 2465/4/5 2463/4/5 2464/4/5
f 2466/2/5 2465/2/5 2464/2/5
f 2467/2/5 2465/2/5 2466/2/5
f 2468/4/5 2460/4/5 2459/4/5
f 2469/4/5 2467/4/5 2466/4/5
f 2470/4/5 2460/4/5 2468/4/5
f 2471/4/5 2460/4/5 2470/4/5
f 2472/4/5 2469/4/5 2466/4/5
f 2473/4/5 2469/4/5 2472/4/5
f 2474/2/5 2471/2/5 2470/2/5
f 2475/2/5 2471/2/5 2474/2/5
f 2476/2/5 2473/2/5 2472/2/5
f 2477/2/5 2473/2/5 2476/2/5
f 2478/4/5 2477/4/5 2476/4/5
f 2479/4/5 2477/4/5 2478/4/5
f 2480/2/5 2479/2/5 2478/2/5
f 2481/2/5 2480/2/5 2478/2/5
f 2482/2/5 2480/2/5 2481/2/5
f 2483/4/5 2475/4/5 2474/4/5
f 2484/4/5 2475/4/5 2483/4/5
f 2494/4/5 2486/4/5 2485/4/5
f 2494/4/5 2487/4/5 2486/4/5
f 2495/2/5 2488/2/5 2487/2/5
f 2495/4/5 2487/4/5 2494/4/5
f 2496/4/5 2489/4/5 2488/4/5
f 2496/2/5 2488/2/5 2495/2/5
f 2496/4/5 2490/4/5 2489/4/5
f 2497/2/5 2492/2/5 2491/2/5
f 2497/4/5 2490/4/5 2496/4/5
f 2497/2/5 2491/2/5 2490/2/5
f 2498/4/5 2493/4/5 2492/4/5
f 2498/2/5 2492/2/5 2497/2/5
f 2499/4/5 2493/4/5 2498/4/5
f 2510/3/5 2501/3/5 2500/3/5
f 2511/1/5 2502/1/5 2501/1/5
f 2511/3/5 2501/3/5 2510/3/5
f 2512/1/5 2502/1/5 2511/1/5
f 2513/3/5 2503/3/5 2502/3/5
f 2513/1/5 2502/1/5 2512/1/5
f 2514/3/5 2503/3/5 2513/3/5
f 2515/1/5 2504/1/5 2503/1/5
f 2515/3/5 2503/3/5 2514/3/5
f 2516/3/5 2505/3/5 2504/3/5
f 2516/1/5 2504/1/5 2515/1/5
f 2517/1/5 2506/1/5 2505/1/5
f 2517/3/5 2505/3/5 2516/3/5
f 2518/3/5 2507/3/5 2506/3/5
f 2518/1/5 2506/1/5 2517/1/5
f 2519/1/5 2508/1/5 2507/1/5
f 2519/3/5 2507/3/5 2518/3/5
f 2520/1/5 2508/1/5 2519/1/5
f 2521/1/5 2508/1/5 2520/1/5
f 2522/3/5 2509/3/5 2508/3/5
f 2522/1/5 2508/1/5 2521/1/5
f 2523/3/5 2509/3/5 2522/3/5
f 2524/3/5 2509/3/5 2523/3/5
f 2525/3/5 2509/3/5 2524/3/5
f 2526/1/5 2511/1/5 2510/1/5
f 2527/1/5 2520/1/5 2519/1/5
f 2527/1/5 2515/1/5 2514/1/5
f 2527/1/5 2519/1/5 2518/1/5
f 2527/1/5 2518/1/5 2517/1/5
f 2527/1/5 2517/1/5 2516/1/5
f 2527/1/5 2516/1/5 2515/1/5
f 2528/1/5 2520/1/5 2527/1/5
f 2529/1/5 2525/1/5 2524/1/5
f 2530/1/5 2526/1/5 2510/1/5
f 2531/1/5 2525/1/5 2529/1/5
f 2532/1/5 2528/1/5 2527/1/5
f 2533/1/5 2530/1/5 2510/1/5
f 2534/1/5 2530/1/5 2533/1/5
f 2535/1/5 2528/1/5 2532/1/5
f 2536/1/5 2525/1/5 2531/1/5
f 2537/1/5 2525/1/5 2536/1/5
f 2538/3/5 2534/3/5 2533/3/5
f 2541/1/5 2535/1/5 2532/1/5
f 2542/1/5 2540/1/5 2539/1/5
f 2542/1/5 2541/1/5 2540/1/5
f 2542/1/5 2535/1/5 2541/1/5
f 2542/1/5 2539/1/5 2538/1/5
f 2545/3/5 2537/3/5 2536/3/5
f 2546/3/5 2538/3/5 2533/3/5
f 2547/1/5 2544/1/5 2543/1/5
f 2547/3/5 2538/3/5 2546/3/5
f 2547/1/5 2545/1/5 2544/1/5
f 2547/1/5 2542/1/5 2538/1/5
f 2547/1/5 2543/1/5 2542/1/5
f 2548/3/5 2537/3/5 2545/3/5
f 2548/1/5 2545/1/5 2547/1/5
f 2548/1/5 2547/1/5 2546/1/5
f 2549/3/5 2537/3/5 2548/3/5
f 2550/1/5 2548/1/5 2546/1/5
f 2550/1/5 2549/1/5 2548/1/5
f 2551/1/5 2549/1/5 2550/1/5
f 2552/3/5 2551/3/5 2550/3/5
f 2552/1/5 2549/1/5 2551/1/5
f 2553/1/5 2549/1/5 2552/1/5
f 2554/1/5 2549/1/5 2553/1/5
f 2555/1/5 2549/1/5 2554/1/5
f 2556/1/5 2549/1/5 2555/1/5
f 2557/1/5 2549/1/5 2556/1/5
f 2558/1/5 2549/1/5 2557/1/5
f 2559/1/5 2549/1/5 2558/1/5
f 2560/3/5 2552/3/5 2550/3/5
f 2561/1/5 2556/1/5 2555/1/5
f 2562/1/5 2556/1/5 2561/1/5
f 2563/1/5 2549/1/5 2559/1/5
f 2564/3/5 2560/3/5 2550/3/5
f 2565/1/5 2549/1/5 2563/1/5
f 2566/1/5 2562/1/5 2561/1/5
f 2567/1/5 2562/1/5 2566/1/5
f 2568/3/5 2564/3/5 2550/3/5
f 2572/1/5 2567/1/5 2566/1/5
f 2573/1/5 2567/1/5 2572/1/5
f 2574/1/5 2567/1/5 2573/1/5
f 2575/1/5 2567/1/5 2574/1/5
f 2576/1/5 2567/1/5 2575/1/5
f 2577/1/5 2567/1/5 2576/1/5
f 2578/1/5 2567/1/5 2577/1/5
f 2579/1/5 2567/1/5 2578/1/5
f 2580/1/5 2567/1/5 2579/1/5
f 2583/1/5 2549/1/5 2565/1/5
f 2584/3/5 2568/3/5 2550/3/5
f 2584/3/5 2569/3/5 2568/3/5
f 2584/3/5 2570/3/5 2569/3/5
f 2585/1/5 2571/1/5 2570/1/5
f 2585/3/5 2570/3/5 2584/3/5
f 2585/1/5 2572/1/5 2571/1/5
f 2585/1/5 2573/1/5 2572/1/5
f 2586/3/5 2574/3/5 2573/3/5
f 2586/1/5 2573/1/5 2585/1/5
f 2587/1/5 2575/1/5 2574/1/5
f 2587/3/5 2574/3/5 2586/3/5
f 2588/3/5 2576/3/5 2575/3/5
f 2588/1/5 2575/1/5 2587/1/5
f 2589/1/5 2577/1/5 2576/1/5
f 2589/3/5 2576/3/5 2588/3/5
f 2590/3/5 2578/3/5 2577/3/5
f 2590/1/5 2577/1/5 2589/1/5
f 2591/1/5 2579/1/5 2578/1/5
f 2591/3/5 2578/3/5 2590/3/5
f 2592/3/5 2580/3/5 2579/3/5
f 2592/1/5 2579/1/5 2591/1/5
f 2592/3/5 2581/3/5 2580/3/5
f 2593/1/5 2582/1/5 2581/1/5
f 2593/3/5 2581/3/5 2592/3/5
f 2593/1/5 2583/1/5 2582/1/5
f 2594/1/5 2549/1/5 2583/1/5
f 2594/1/5 2583/1/5 2593/1/5
f 2601/4/5 2596/4/5 2595/4/5
f 2602/4/5 2596/4/5 2601/4/5
f 2603/2/5 2597/2/5 2596/2/5
f 2603/4/5 2596/4/5 2602/4/5
f 2604/2/5 2597/2/5 2603/2/5
f 2605/4/5 2598/4/5 2597/4/5
f 2605/2/5 2597/2/5 2604/2/5
f 2606/2/5 2599/2/5 2598/2/5
f 2606/4/5 2598/4/5 2605/4/5
f 2607/4/5 2600/4/5 2599/4/5
f 2607/2/5 2599/2/5 2606/2/5
f 2608/4/5 2600/4/5 2607/4/5
f 2609/4/5 2600/4/5 2608/4/5
f 2610/4/5 2600/4/5 2609/4/5
f 2611/4/5 2601/4/5 2595/4/5
f 2612/2/5 2610/2/5 2609/2/5
f 2613/2/5 2610/2/5 2612/2/5
f 2614/4/5 2611/4/5 2595/4/5
f 2615/4/5 2611/4/5 2614/4/5
f 2616/4/5 2613/4/5 2612/4/5
f 2617/2/5 2615/2/5 2614/2/5
f 2618/2/5 2617/2/5 2614/2/5
f 2619/2/5 2617/2/5 2618/2/5
f 2620/4/5 2619/4/5 2618/4/5
f 2621/4/5 2619/4/5 2620/4/5
f 2622/2/5 2621/2/5 2620/2/5
f 2623/2/5 2621/2/5 2622/2/5
f 2624/4/5 2613/4/5 2616/4/5
f 2625/4/5 2613/4/5 2624/4/5
f 2626/4/5 2623/4/5 2622/4/5
f 2627/2/5 2625/2/5 2624/2/5
f 2628/2/5 2625/2/5 2627/2/5
f 2629/4/5 2626/4/5 2622/4/5
f 2630/4/5 2626/4/5 2629/4/5
f 2631/2/5 2630/2/5 2629/2/5
f 2632/2/5 2630/2/5 2631/2/5
f 2633/4/5 2628/4/5 2627/4/5
f 2634/4/5 2632/4/5 2631/4/5
f 2635/4/5 2632/4/5 2634/4/5
f 2636/4/5 2628/4/5 2633/4/5
f 2637/4/5 2628/4/5 2636/4/5
f 2638/2/5 2637/2/5 2636/2/5
f 2639/2/5 2637/2/5 2638/2/5
f 2640/2/5 2635/2/5 2634/2/5
f 2641/2/5 2635/2/5 2640/2/5
f 2642/4/5 2641/4/5 2640/4/5
f 2643/4/5 2642/4/5 2640/4/5
f 2644/4/5 2642/4/5 2643/4/5
f 2645/2/5 2644/2/5 2643/2/5
f 2646/2/5 2644/2/5 2645/2/5
f 2647/4/5 2639/4/5 2638/4/5
f 2648/4/5 2646/4/5 2645/4/5
f 2649/4/5 2639/4/5 2647/4/5
f 2650/4/5 2639/4/5 2649/4/5
f 2651/4/5 2648/4/5 2645/4/5
f 2652/4/5 2648/4/5 2651/4/5
f 2653/2/5 2650/2/5 2649/2/5
f 2654/2/5 2650/2/5 2653/2/5
f 2655/2/5 2652/2/5 2651/2/5
f 2656/2/5 2652/2/5 2655/2/5
f 2657/4/5 2656/4/5 2655/4/5
f 2658/4/5 2656/4/5 2657/4/5
f 2659/2/5 2658/2/5 2657/2/5
f 2660/2/5 2659/2/5 2657/2/5
f 2661/2/5 2659/2/5 2660/2/5
f 2662/4/5 2654/4/5 2653/4/5
f 2663/4/5 2654/4/5 2662/4/5
f 2664/2/5 2663/2/5 2662/2/5
f 2665/4/5 2661/4/5 2660/4/5
f 2673/2/5 2663/2/5 2664/2/5
f 2674/2/5 2663/2/5 2673/2/5
f 2675/4/5 2665/4/5 2660/4/5
f 2675/4/5 2666/4/5 2665/4/5
f 2675/4/5 2667/4/5 2666/4/5
f 2676/2/5 2668/2/5 2667/2/5
f 2676/4/5 2667/4/5 2675/4/5
f 2677/4/5 2669/4/5 2668/4/5
f 2677/2/5 2668/2/5 2676/2/5
f 2677/4/5 2670/4/5 2669/4/5
f 2678/2/5 2672/2/5 2671/2/5
f 2678/4/5 2670/4/5 2677/4/5
f 2678/2/5 2671/2/5 2670/2/5
f 2679/4/5 2674/4/5 2673/4/5
f 2679/2/5 2672/2/5 2678/2/5
f 2679/4/5 2673/4/5 2672/4/5
f 2680/4/5 2674/4/5 2679/4/5
f 2681/4/6 2682/4/6 2687/4/6
f 2687/4/6 2682/4/6 2688/4/6
f 2688/4/6 2682/4/6 2689/4/6
f 2689/4/6 2682/4/6 2690/4/6
f 2682/2/6 2683/2/6 2691/2/6
f 2690/4/6 2682/4/6 2691/4/6
f 2691/2/6 2683/2/6 2692/2/6
f 2683/4/6 2684/4/6 2693/4/6
f 2692/2/6 2683/2/6 2693/2/6
f 2693/4/6 2684/4/6 2694/4/6
f 2694/4/6 2684/4/6 2695/4/6
f 2684/2/6 2685/2/6 2696/2/6
f 2695/4/6 2684/4/6 2696/4/6
f 2696/2/6 2685/2/6 2697/2/6
f 2685/4/6 2686/4/6 2698/4/6
f 2697/2/6 2685/2/6 2698/2/6
f 2698/4/6 2686/4/6 2699/4/6
f 2687/4/6 2688/4/6 2700/4/6
f 2700/4/6 2688/4/6 2701/4/6
f 2701/4/6 2688/4/6 2702/4/6
f 2688/2/6 2689/2/6 2703/2/6
f 2702/4/6 2688/4/6 2703/4/6
f 2689/4/6 2690/4/6 2704/4/6
f 2703/2/6 2689/2/6 2704/2/6
f 2704/4/6 2690/4/6 2705/4/6
f 2705/4/6 2690/4/6 2706/4/6
f 2706/4/6 2690/4/6 2707/4/6
f 2691/2/6 2692/2/6 2708/2/6
f 2707/4/6 2690/4/6 2708/4/6
f 2690/2/6 2691/2/6 2708/2/6
f 2708/2/6 2692/2/6 2709/2/6
f 2692/4/6 2693/4/6 2710/4/6
f 2709/2/6 2692/2/6 2710/2/6
f 2710/4/6 2693/4/6 2711/4/6
f 2711/4/6 2693/4/6 2712/4/6
f 2693/2/6 2694/2/6 2713/2/6
f 2712/4/6 2693/4/6 2713/4/6
f 2694/4/6 2695/4/6 2714/4/6
f 2713/2/6 2694/2/6 2714/2/6
f 2714/4/6 2695/4/6 2715/4/6
f 2696/2/6 2697/2/6 2716/2/6
f 2715/4/6 2695/4/6 2716/4/6
f 2695/2/6 2696/2/6 2716/2/6
f 2716/2/6 2697/2/6 2717/2/6
f 2697/4/6 2698/4/6 2718/4/6
f 2717/2/6 2697/2/6 2718/2/6
f 2698/4/6 2699/4/6 2718/4/6
f 2718/4/6 2699/4/6 2719/4/6
f 2700/4/6 2701/4/6 2720/4/6
f 2720/4/6 2701/4/6 2721/4/6
f 2701/2/6 2702/2/6 2722/2/6
f 2721/4/6 2701/4/6 2722/4/6
f 2702/4/6 2703/4/6 2723/4/6
f 2722/2/6 2702/2/6 2723/2/6
f 2703/4/6 2704/4/6 2723/4/6
f 2704/4/6 2705/4/6 2723/4/6
f 2723/4/6 2705/4/6 2724/4/6
f 2705/2/6 2706/2/6 2725/2/6
f 2724/4/6 2705/4/6 2725/4/6
f 2725/2/6 2706/2/6 2726/2/6
f 2706/4/6 2707/4/6 2727/4/6
f 2726/2/6 2706/2/6 2727/2/6
f 2727/4/6 2707/4/6 2728/4/6
f 2708/2/6 2709/2/6 2729/2/6
f 2728/4/6 2707/4/6 2729/4/6
f 2707/2/6 2708/2/6 2729/2/6
f 2709/4/6 2710/4/6 2730/4/6
f 2729/2/6 2709/2/6 2730/2/6
f 2710/4/6 2711/4/6 2730/4/6
f 2730/4/6 2711/4/6 2731/4/6
f 2731/4/6 2711/4/6 2732/4/6
f 2732/4/6 2711/4/6 2733/4/6
f 2711/2/6 2712/2/6 2734/2/6
f 2733/4/6 2711/4/6 2734/4/6
f 2714/4/6 2715/4/6 2735/4/6
f 2734/2/6 2712/2/6 2735/2/6
f 2712/4/6 2713/4/6 2735/4/6
f 2713/4/6 2714/4/6 2735/4/6
f 2735/4/6 2715/4/6 2736/4/6
f 2716/2/6 2717/2/6 2737/2/6
f 2736/4/6 2715/4/6 2737/4/6
f 2715/2/6 2716/2/6 2737/2/6
f 2737/2/6 2717/2/6 2738/2/6
f 2718/4/6 2719/4/6 2739/4/6
f 2738/2/6 2717/2/6 2739/2/6
f 2717/4/6 2718/4/6 2739/4/6
f 2739/4/6 2719/4/6 2740/4/6
f 2740/4/6 2719/4/6 2741/4/6
f 2720/2/6 2721/2/6 2742/2/6
f 2721/4/6 2722/4/6 2743/4/6
f 2742/2/6 2721/2/6 2743/2/6
f 2723/4/6 2724/4/6 2743/4/6
f 2722/4/6 2723/4/6 2743/4/6
f 2743/4/6 2724/4/6 2744/4/6
f 2744/4/6 2724/4/6 2745/4/6
f 2725/2/6 2726/2/6 2746/2/6
f 2745/4/6 2724/4/6 2746/4/6
f 2724/2/6 2725/2/6 2746/2/6
f 2727/4/6 2728/4/6 2747/4/6
f 2746/2/6 2726/2/6 2747/2/6
f 2726/4/6 2727/4/6 2747/4/6
f 2747/4/6 2728/4/6 2748/4/6
f 2728/2/6 2729/2/6 2749/2/6
f 2748/4/6 2728/4/6 2749/4/6
f 2749/2/6 2729/2/6 2750/2/6
f 2730/4/6 2731/4/6 2751/4/6
f 2750/2/6 2729/2/6 2751/2/6
f 2729/4/6 2730/4/6 2751/4/6
f 2751/4/6 2731/4/6 2752/4/6
f 2731/2/6 2732/2/6 2753/2/6
f 2752/4/6 2731/4/6 2753/4/6
f 2732/4/6 2733/4/6 2754/4/6
f 2733/2/6 2734/2/6 2755/2/6
f 2754/4/6 2733/4/6 2755/4/6
f 2735/4/6 2736/4/6 2756/4/6
f 2755/2/6 2734/2/6 2756/2/6
f 2734/4/6 2735/4/6 2756/4/6
f 2756/4/6 2736/4/6 2757/4/6
f 2737/2/6 2738/2/6 2758/2/6
f 2757/4/6 2736/4/6 2758/4/6
f 2736/2/6 2737/2/6 2758/2/6
f 2739/4/6 2740/4/6 2759/4/6
f 2758/2/6 2738/2/6 2759/2/6
f 2738/4/6 2739/4/6 2759/4/6
f 2759/4/6 2740/4/6 2760/4/6
f 2760/4/6 2740/4/6 2761/4/6
f 2740/2/6 2741/2/6 2762/2/6
f 2761/4/6 2740/4/6 2762/4/6
f 2742/2/6 2743/2/6 2768/2/6
f 2743/2/6 2744/2/6 2768/2/6
f 2768/2/6 2744/2/6 2769/2/6
f 2744/4/6 2745/4/6 2770/4/6
f 2745/2/6 2746/2/6 2770/2/6
f 2747/4/6 2748/4/6 2771/4/6
f 2770/2/6 2746/2/6 2771/2/6
f 2746/4/6 2747/4/6 2771/4/6
f 2771/4/6 2748/4/6 2772/4/6
f 2749/2/6 2750/2/6 2773/2/6
f 2772/4/6 2748/4/6 2773/4/6
f 2748/2/6 2749/2/6 2773/2/6
f 2773/2/6 2750/2/6 2774/2/6
f 2751/4/6 2752/4/6 2775/4/6
f 2774/2/6 2750/2/6 2775/2/6
f 2750/4/6 2751/4/6 2775/4/6
f 2752/2/6 2753/2/6 2776/2/6
f 2775/4/6 2752/4/6 2776/4/6
f 2732/4/6 2754/4/6 2777/4/6
f 2776/2/6 2753/2/6 2777/2/6
f 2753/2/6 2732/2/6 2777/2/6
f 2754/2/6 2755/2/6 2778/2/6
f 2777/4/6 2754/4/6 2778/4/6
f 2756/4/6 2757/4/6 2779/4/6
f 2778/2/6 2755/2/6 2779/2/6
f 2755/4/6 2756/4/6 2779/4/6
f 2757/2/6 2758/2/6 2780/2/6
f 2779/4/6 2757/4/6 2780/4/6
f 2758/2/6 2759/2/6 2780/2/6
f 2759/2/6 2760/2/6 2780/2/6
f 2780/2/6 2760/2/6 2781/2/6
f 2760/4/6 2761/4/6 2782/4/6
f 2781/2/6 2760/2/6 2782/2/6
f 2761/2/6 2762/2/6 2783/2/6
f 2782/4/6 2761/4/6 2783/4/6
f 2783/2/6 2762/2/6 2784/2/6
f 2762/2/6 2741/2/6 2785/2/6
f 2784/2/6 2762/2/6 2785/2/6
f 2768/4/6 2769/4/6 2786/4/6
f 2766/4/6 2767/4/6 2786/4/6
f 2765/2/6 2766/2/6 2786/2/6
f 2764/2/6 2765/2/6 2786/2/6
f 2767/4/6 2768/4/6 2786/4/6
f 2763/2/6 2764/2/6 2786/2/6
f 2786/4/6 2769/4/6 2787/4/6
f 2769/2/6 2744/2/6 2788/2/6
f 2787/4/6 2769/4/6 2788/4/6
f 2771/4/6 2772/4/6 2789/4/6
f 2788/2/6 2744/2/6 2789/2/6
f 2744/4/6 2770/4/6 2789/4/6
f 2770/4/6 2771/4/6 2789/4/6
f 2789/4/6 2772/4/6 2790/4/6
f 2773/2/6 2774/2/6 2791/2/6
f 2790/4/6 2772/4/6 2791/4/6
f 2772/2/6 2773/2/6 2791/2/6
f 2791/2/6 2774/2/6 2792/2/6
f 2775/4/6 2776/4/6 2793/4/6
f 2792/2/6 2774/2/6 2793/2/6
f 2776/4/6 2777/4/6 2793/4/6
f 2774/4/6 2775/4/6 2793/4/6
f 2777/4/6 2778/4/6 2793/4/6
f 2778/4/6 2779/4/6 2793/4/6
f 2793/4/6 2779/4/6 2794/4/6
f 2794/4/6 2779/4/6 2795/4/6
f 2795/4/6 2779/4/6 2796/4/6
f 2780/2/6 2781/2/6 2797/2/6
f 2796/4/6 2779/4/6 2797/4/6
f 2779/2/6 2780/2/6 2797/2/6
f 2797/2/6 2781/2/6 2798/2/6
f 2781/4/6 2782/4/6 2799/4/6
f 2798/2/6 2781/2/6 2799/2/6
f 2782/4/6 2783/4/6 2799/4/6
f 2783/4/6 2784/4/6 2799/4/6
f 2784/2/6 2785/2/6 2800/2/6
f 2799/4/6 2784/4/6 2800/4/6
f 2800/2/6 2785/2/6 2801/2/6
f 2801/2/6 2785/2/6 2802/2/6
f 2786/2/6 2787/2/6 2807/2/6
f 2763/2/6 2786/2/6 2807/2/6
f 2807/2/6 2787/2/6 2808/2/6
f 2789/4/6 2790/4/6 2809/4/6
f 2808/2/6 2787/2/6 2809/2/6
f 2787/4/6 2788/4/6 2809/4/6
f 2788/4/6 2789/4/6 2809/4/6
f 2809/4/6 2790/4/6 2810/4/6
f 2810/4/6 2790/4/6 2811/4/6
f 2791/2/6 2792/2/6 2812/2/6
f 2811/4/6 2790/4/6 2812/4/6
f 2790/2/6 2791/2/6 2812/2/6
f 2792/4/6 2793/4/6 2813/4/6
f 2812/2/6 2792/2/6 2813/2/6
f 2793/4/6 2794/4/6 2813/4/6
f 2813/4/6 2794/4/6 2814/4/6
f 2794/2/6 2795/2/6 2815/2/6
f 2814/4/6 2794/4/6 2815/4/6
f 2795/4/6 2796/4/6 2816/4/6
f 2815/2/6 2795/2/6 2816/2/6
f 2797/2/6 2798/2/6 2817/2/6
f 2816/4/6 2796/4/6 2817/4/6
f 2796/2/6 2797/2/6 2817/2/6
f 2817/2/6 2798/2/6 2818/2/6
f 2800/4/6 2801/4/6 2819/4/6
f 2818/2/6 2798/2/6 2819/2/6
f 2799/4/6 2800/4/6 2819/4/6
f 2798/4/6 2799/4/6 2819/4/6
f 2819/4/6 2801/4/6 2820/4/6
f 2820/4/6 2801/4/6 2821/4/6
f 2801/2/6 2802/2/6 2822/2/6
f 2821/4/6 2801/4/6 2822/4/6
f 2803/2/6 2804/2/6 2822/2/6
f 2802/2/6 2803/2/6 2822/2/6
f 2805/4/6 2806/4/6 2823/4/6
f 2822/2/6 2804/2/6 2823/2/6
f 2804/4/6 2805/4/6 2823/4/6
f 2807/4/6 2808/4/6 2824/4/6
f 2824/4/6 2808/4/6 2825/4/6
f 2809/2/6 2810/2/6 2826/2/6
f 2825/4/6 2808/4/6 2826/4/6
f 2808/2/6 2809/2/6 2826/2/6
f 2826/2/6 2810/2/6 2827/2/6
f 2810/4/6 2811/4/6 2828/4/6
f 2827/2/6 2810/2/6 2828/2/6
f 2828/4/6 2811/4/6 2829/4/6
f 2829/4/6 2811/4/6 2830/4/6
f 2811/2/6 2812/2/6 2831/2/6
f 2830/4/6 2811/4/6 2831/4/6
f 2831/2/6 2812/2/6 2832/2/6
f 2812/4/6 2813/4/6 2833/4/6
f 2832/2/6 2812/2/6 2833/2/6
f 2813/4/6 2814/4/6 2833/4/6
f 2833/4/6 2814/4/6 2834/4/6
f 2834/4/6 2814/4/6 2835/4/6
f 2835/4/6 2814/4/6 2836/4/6
f 2817/2/6 2818/2/6 2837/2/6
f 2836/4/6 2814/4/6 2837/4/6
f 2814/2/6 2815/2/6 2837/2/6
f 2816/2/6 2817/2/6 2837/2/6
f 2815/2/6 2816/2/6 2837/2/6
f 2837/2/6 2818/2/6 2838/2/6
f 2819/4/6 2820/4/6 2839/4/6
f 2838/2/6 2818/2/6 2839/2/6
f 2818/4/6 2819/4/6 2839/4/6
f 2839/4/6 2820/4/6 2840/4/6
f 2820/2/6 2821/2/6 2841/2/6
f 2840/4/6 2820/4/6 2841/4/6
f 2821/4/6 2822/4/6 2842/4/6
f 2841/2/6 2821/2/6 2842/2/6
f 2822/4/6 2823/4/6 2842/4/6
f 2842/4/6 2823/4/6 2843/4/6
f 2823/4/6 2806/4/6 2844/4/6
f 2843/4/6 2823/4/6 2844/4/6
f 2844/4/6 2806/4/6 2845/4/6
f 2824/2/6 2825/2/6 2846/2/6
f 2826/4/6 2827/4/6 2847/4/6
f 2846/2/6 2825/2/6 2847/2/6
f 2825/4/6 2826/4/6 2847/4/6
f 2847/4/6 2827/4/6 2848/4/6
f 2848/4/6 2827/4/6 2849/4/6
f 2829/4/6 2830/4/6 2850/4/6
f 2827/2/6 2828/2/6 2850/2/6
f 2828/2/6 2829/2/6 2850/2/6
f 2831/2/6 2832/2/6 2851/2/6
f 2850/4/6 2830/4/6 2851/4/6
f 2830/2/6 2831/2/6 2851/2/6
f 2851/2/6 2832/2/6 2852/2/6
f 2833/4/6 2834/4/6 2853/4/6
f 2852/2/6 2832/2/6 2853/2/6
f 2832/4/6 2833/4/6 2853/4/6
f 2853/4/6 2834/4/6 2854/4/6
f 2834/2/6 2835/2/6 2855/2/6
f 2854/4/6 2834/4/6 2855/4/6
f 2855/2/6 2835/2/6 2856/2/6
f 2835/4/6 2836/4/6 2857/4/6
f 2856/2/6 2835/2/6 2857/2/6
f 2857/4/6 2836/4/6 2858/4/6
f 2837/2/6 2838/2/6 2859/2/6
f 2858/4/6 2836/4/6 2859/4/6
f 2836/2/6 2837/2/6 2859/2/6
f 2859/2/6 2838/2/6 2860/2/6
f 2839/4/6 2840/4/6 2861/4/6
f 2860/2/6 2838/2/6 2861/2/6
f 2838/4/6 2839/4/6 2861/4/6
f 2861/4/6 2840/4/6 2862/4/6
f 2840/2/6 2841/2/6 2863/2/6
f 2862/4/6 2840/4/6 2863/4/6
f 2842/2/6 2843/2/6 2863/2/6
f 2841/2/6 2842/2/6 2863/2/6
f 2843/4/6 2844/4/6 2864/4/6
f 2863/2/6 2843/2/6 2864/2/6
f 2864/4/6 2844/4/6 2865/4/6
f 2865/4/6 2844/4/6 2866/4/6
f 2844/2/6 2845/2/6 2867/2/6
f 2866/4/6 2844/4/6 2867/4/6
f 2845/4/6 2806/4/6 2868/4/6
f 2867/2/6 2845/2/6 2868/2/6
f 2868/4/6 2806/4/6 2869/4/6
f 2846/4/6 2847/4/6 2870/4/6
f 2848/2/6 2849/2/6 2870/2/6
f 2847/4/6 2848/4/6 2870/4/6
f 2849/4/6 2827/4/6 2871/4/6
f 2870/2/6 2849/2/6 2871/2/6
f 2851/2/6 2852/2/6 2872/2/6
f 2850/2/6 2851/2/6 2872/2/6
f 2827/2/6 2850/2/6 2872/2/6
f 2853/4/6 2854/4/6 2873/4/6
f 2872/2/6 2852/2/6 2873/2/6
f 2852/4/6 2853/4/6 2873/4/6
f 2873/4/6 2854/4/6 2874/4/6
f 2855/2/6 2856/2/6 2875/2/6
f 2874/4/6 2854/4/6 2875/4/6
f 2854/2/6 2855/2/6 2875/2/6
f 2875/2/6 2856/2/6 2876/2/6
f 2857/4/6 2858/4/6 2877/4/6
f 2876/2/6 2856/2/6 2877/2/6
f 2856/4/6 2857/4/6 2877/4/6
f 2877/4/6 2858/4/6 2878/4/6
f 2859/2/6 2860/2/6 2879/2/6
f 2878/4/6 2858/4/6 2879/4/6
f 2858/2/6 2859/2/6 2879/2/6
f 2879/2/6 2860/2/6 2880/2/6
f 2861/4/6 2862/4/6 2881/4/6
f 2880/2/6 2860/2/6 2881/2/6
f 2860/4/6 2861/4/6 2881/4/6
f 2881/4/6 2862/4/6 2882/4/6
f 2882/4/6 2862/4/6 2883/4/6
f 2883/4/6 2862/4/6 2884/4/6
f 2864/2/6 2865/2/6 2885/2/6
f 2884/4/6 2862/4/6 2885/4/6
f 2862/2/6 2863/2/6 2885/2/6
f 2863/2/6 2864/2/6 2885/2/6
f 2885/2/6 2865/2/6 2886/2/6
f 2886/2/6 2865/2/6 2887/2/6
f 2865/4/6 2866/4/6 2888/4/6
f 2887/2/6 2865/2/6 2888/2/6
f 2888/4/6 2866/4/6 2889/4/6
f 2866/2/6 2867/2/6 2890/2/6
f 2889/4/6 2866/4/6 2890/4/6
f 2868/2/6 2869/2/6 2890/2/6
f 2867/2/6 2868/2/6 2890/2/6
f 2890/2/6 2869/2/6 2891/2/6
f 2871/4/6 2827/4/6 2892/4/6
f 2870/4/6 2871/4/6 2892/4/6
f 2827/2/6 2872/2/6 2893/2/6
f 2892/4/6 2827/4/6 2893/4/6
f 2893/2/6 2872/2/6 2894/2/6
f 2873/4/6 2874/4/6 2895/4/6
f 2894/2/6 2872/2/6 2895/2/6
f 2872/4/6 2873/4/6 2895/4/6
f 2895/4/6 2874/4/6 2896/4/6
f 2875/2/6 2876/2/6 2897/2/6
f 2896/4/6 2874/4/6 2897/4/6
f 2874/2/6 2875/2/6 2897/2/6
f 2877/4/6 2878/4/6 2898/4/6
f 2897/2/6 2876/2/6 2898/2/6
f 2876/4/6 2877/4/6 2898/4/6
f 2898/4/6 2878/4/6 2899/4/6
f 2879/2/6 2880/2/6 2900/2/6
f 2899/4/6 2878/4/6 2900/4/6
f 2878/2/6 2879/2/6 2900/2/6
f 2900/2/6 2880/2/6 2901/2/6
f 2881/4/6 2882/4/6 2902/4/6
f 2901/2/6 2880/2/6 2902/2/6
f 2880/4/6 2881/4/6 2902/4/6
f 2882/2/6 2883/2/6 2903/2/6
f 2902/4/6 2882/4/6 2903/4/6
f 2883/4/6 2884/4/6 2904/4/6
f 2903/2/6 2883/2/6 2904/2/6
f 2904/4/6 2884/4/6 2905/4/6
f 2885/2/6 2886/2/6 2906/2/6
f 2905/4/6 2884/4/6 2906/4/6
f 2884/2/6 2885/2/6 2906/2/6
f 2906/2/6 2886/2/6 2907/2/6
f 2886/4/6 2887/4/6 2908/4/6
f 2907/2/6 2886/2/6 2908/2/6
f 2888/2/6 2889/2/6 2909/2/6
f 2908/4/6 2887/4/6 2909/4/6
f 2887/2/6 2888/2/6 2909/2/6
f 2909/2/6 2889/2/6 2910/2/6
f 2910/2/6 2889/2/6 2911/2/6
f 2890/4/6 2891/4/6 2912/4/6
f 2911/2/6 2889/2/6 2912/2/6
f 2889/4/6 2890/4/6 2912/4/6
f 2891/2/6 2869/2/6 2913/2/6
f 2912/4/6 2891/4/6 2913/4/6
f 2913/2/6 2869/2/6 2914/2/6
f 2870/4/6 2892/4/6 2915/4/6
f 2893/2/6 2894/2/6 2916/2/6
f 2915/4/6 2892/4/6 2916/4/6
f 2892/2/6 2893/2/6 2916/2/6
f 2916/2/6 2894/2/6 2917/2/6
f 2895/4/6 2896/4/6 2918/4/6
f 2917/2/6 2894/2/6 2918/2/6
f 2894/4/6 2895/4/6 2918/4/6
f 2896/2/6 2897/2/6 2919/2/6
f 2918/4/6 2896/4/6 2919/4/6
f 2898/4/6 2899/4/6 2920/4/6
f 2919/2/6 2897/2/6 2920/2/6
f 2897/4/6 2898/4/6 2920/4/6
f 2920/4/6 2899/4/6 2921/4/6
f 2900/2/6 2901/2/6 2922/2/6
f 2921/4/6 2899/4/6 2922/4/6
f 2899/2/6 2900/2/6 2922/2/6
f 2922/2/6 2901/2/6 2923/2/6
f 2902/4/6 2903/4/6 2924/4/6
f 2923/2/6 2901/2/6 2924/2/6
f 2904/4/6 2905/4/6 2924/4/6
f 2901/4/6 2902/4/6 2924/4/6
f 2903/4/6 2904/4/6 2924/4/6
f 2924/4/6 2905/4/6 2925/4/6
f 2906/2/6 2907/2/6 2926/2/6
f 2925/4/6 2905/4/6 2926/4/6
f 2905/2/6 2906/2/6 2926/2/6
f 2926/2/6 2907/2/6 2927/2/6
f 2907/4/6 2908/4/6 2928/4/6
f 2927/2/6 2907/2/6 2928/2/6
f 2909/4/6 2910/4/6 2928/4/6
f 2908/4/6 2909/4/6 2928/4/6
f 2910/2/6 2911/2/6 2929/2/6
f 2928/4/6 2910/4/6 2929/4/6
f 2912/4/6 2913/4/6 2930/4/6
f 2929/2/6 2911/2/6 2930/2/6
f 2911/4/6 2912/4/6 2930/4/6
f 2913/4/6 2914/4/6 2930/4/6
f 2914/2/6 2869/2/6 2931/2/6
f 2930/4/6 2914/4/6 2931/4/6
f 2931/2/6 2869/2/6 2932/2/6
f 2870/4/6 2915/4/6 2933/4/6
f 2846/4/6 2870/4/6 2933/4/6
f 2933/4/6 2915/4/6 2934/4/6
f 2934/4/6 2915/4/6 2935/4/6
f 2916/2/6 2917/2/6 2936/2/6
f 2935/4/6 2915/4/6 2936/4/6
f 2915/2/6 2916/2/6 2936/2/6
f 2918/4/6 2919/4/6 2937/4/6
f 2917/4/6 2918/4/6 2937/4/6
f 2920/4/6 2921/4/6 2937/4/6
f 2919/4/6 2920/4/6 2937/4/6
f 2922/2/6 2923/2/6 2938/2/6
f 2937/4/6 2921/4/6 2938/4/6
f 2921/2/6 2922/2/6 2938/2/6
f 2938/2/6 2923/2/6 2939/2/6
f 2924/4/6 2925/4/6 2940/4/6
f 2939/2/6 2923/2/6 2940/2/6
f 2923/4/6 2924/4/6 2940/4/6
f 2926/2/6 2927/2/6 2941/2/6
f 2940/4/6 2925/4/6 2941/4/6
f 2925/2/6 2926/2/6 2941/2/6
f 2941/2/6 2927/2/6 2942/2/6
f 2942/2/6 2927/2/6 2943/2/6
f 2928/4/6 2929/4/6 2944/4/6
f 2943/2/6 2927/2/6 2944/2/6
f 2929/4/6 2930/4/6 2944/4/6
f 2927/4/6 2928/4/6 2944/4/6
f 2931/4/6 2932/4/6 2944/4/6
f 2930/4/6 2931/4/6 2944/4/6
f 2944/4/6 2932/4/6 2945/4/6
f 2945/4/6 2932/4/6 2946/4/6
f 2946/4/6 2932/4/6 2947/4/6
f 2947/4/6 2932/4/6 2948/4/6
f 2933/2/6 2934/2/6 2949/2/6
f 2934/4/6 2935/4/6 2950/4/6
f 2949/2/6 2934/2/6 2950/2/6
f 2935/2/6 2936/2/6 2951/2/6
f 2950/4/6 2935/4/6 2951/4/6
f 2936/2/6 2917/2/6 2952/2/6
f 2951/2/6 2936/2/6 2952/2/6
f 2917/4/6 2937/4/6 2953/4/6
f 2952/2/6 2917/2/6 2953/2/6
f 2953/4/6 2937/4/6 2954/4/6
f 2937/2/6 2938/2/6 2955/2/6
f 2954/4/6 2937/4/6 2955/4/6
f 2938/2/6 2939/2/6 2955/2/6
f 2955/2/6 2939/2/6 2956/2/6
f 2941/4/6 2942/4/6 2957/4/6
f 2956/2/6 2939/2/6 2957/2/6
f 2939/4/6 2940/4/6 2957/4/6
f 2940/4/6 2941/4/6 2957/4/6
f 2942/2/6 2943/2/6 2958/2/6
f 2957/4/6 2942/4/6 2958/4/6
f 2958/2/6 2943/2/6 2959/2/6
f 2943/4/6 2944/4/6 2960/4/6
f 2959/2/6 2943/2/6 2960/2/6
f 2944/4/6 2945/4/6 2960/4/6
f 2960/4/6 2945/4/6 2961/4/6
f 2961/4/6 2945/4/6 2962/4/6
f 2945/2/6 2946/2/6 2963/2/6
f 2962/4/6 2945/4/6 2963/4/6
f 2946/4/6 2947/4/6 2964/4/6
f 2963/2/6 2946/2/6 2964/2/6
f 2947/2/6 2948/2/6 2965/2/6
f 2964/4/6 2947/4/6 2965/4/6
f 2948/4/6 2932/4/6 2966/4/6
f 2965/2/6 2948/2/6 2966/2/6
f 2966/4/6 2932/4/6 2967/4/6
f 2950/2/6 2951/2/6 2968/2/6
f 2951/2/6 2952/2/6 2968/2/6
f 2953/4/6 2954/4/6 2969/4/6
f 2968/2/6 2952/2/6 2969/2/6
f 2952/4/6 2953/4/6 2969/4/6
f 2969/4/6 2954/4/6 2970/4/6
f 2955/2/6 2956/2/6 2971/2/6
f 2970/4/6 2954/4/6 2971/4/6
f 2954/2/6 2955/2/6 2971/2/6
f 2956/4/6 2957/4/6 2972/4/6
f 2971/2/6 2956/2/6 2972/2/6
f 2958/4/6 2959/4/6 2972/4/6
f 2957/4/6 2958/4/6 2972/4/6
f 2972/4/6 2959/4/6 2973/4/6
f 2960/2/6 2961/2/6 2974/2/6
f 2959/2/6 2960/2/6 2974/2/6
f 2961/4/6 2962/4/6 2974/4/6
f 2974/4/6 2962/4/6 2975/4/6
f 2963/2/6 2964/2/6 2976/2/6
f 2975/4/6 2962/4/6 2976/4/6
f 2964/2/6 2965/2/6 2976/2/6
f 2966/2/6 2967/2/6 2976/2/6
f 2962/2/6 2963/2/6 2976/2/6
f 2965/2/6 2966/2/6 2976/2/6
f 2976/2/6 2967/2/6 2977/2/6
f 2967/4/6 2932/4/6 2978/4/6
f 2978/4/6 2932/4/6 2979/4/6
f 2949/4/6 2950/4/6 2980/4/6
f 2950/2/6 2968/2/6 2980/2/6
f 2969/4/6 2970/4/6 2981/4/6
f 2980/2/6 2968/2/6 2981/2/6
f 2968/4/6 2969/4/6 2981/4/6
f 2970/2/6 2971/2/6 2982/2/6
f 2971/2/6 2972/2/6 2982/2/6
f 2972/2/6 2973/2/6 2982/2/6
f 2982/2/6 2973/2/6 2983/2/6
f 2973/4/6 2959/4/6 2984/4/6
f 2983/2/6 2973/2/6 2984/2/6
f 2984/4/6 2959/4/6 2985/4/6
f 2974/2/6 2975/2/6 2986/2/6
f 2985/4/6 2959/4/6 2986/4/6
f 2959/2/6 2974/2/6 2986/2/6
f 2986/2/6 2975/2/6 2987/2/6
f 2976/4/6 2977/4/6 2988/4/6
f 2987/2/6 2975/2/6 2988/2/6
f 2975/4/6 2976/4/6 2988/4/6
f 2988/4/6 2977/4/6 2989/4/6
f 2989/4/6 2977/4/6 2990/4/6
f 2990/4/6 2977/4/6 2991/4/6
f 2977/2/6 2967/2/6 2992/2/6
f 2991/4/6 2977/4/6 2992/4/6
f 2992/2/6 2967/2/6 2993/2/6
f 2993/2/6 2967/2/6 2994/2/6
f 2994/2/6 2967/2/6 2995/2/6
f 2967/4/6 2978/4/6 2996/4/6
f 2995/2/6 2967/2/6 2996/2/6
f 2996/4/6 2978/4/6 2997/4/6
f 2978/2/6 2979/2/6 2998/2/6
f 2997/4/6 2978/4/6 2998/4/6
f 2979/4/6 2932/4/6 2999/4/6
f 2998/2/6 2979/2/6 2999/2/6
f 2980/4/6 2981/4/6 3000/4/6
f 2981/4/6 2970/4/6 3001/4/6
f 3000/4/6 2981/4/6 3001/4/6
f 2970/2/6 2982/2/6 3001/2/6
f 3001/2/6 2982/2/6 3002/2/6
f 2982/4/6 2983/4/6 3003/4/6
f 3002/2/6 2982/2/6 3003/2/6
f 3003/4/6 2983/4/6 3004/4/6
f 3004/4/6 2983/4/6 3005/4/6
f 2984/2/6 2985/2/6 3006/2/6
f 3005/4/6 2983/4/6 3006/4/6
f 2983/2/6 2984/2/6 3006/2/6
f 3006/2/6 2985/2/6 3007/2/6
f 2986/4/6 2987/4/6 3008/4/6
f 2985/4/6 2986/4/6 3008/4/6
f 2987/2/6 2988/2/6 3009/2/6
f 3008/4/6 2987/4/6 3009/4/6
f 2988/2/6 2989/2/6 3009/2/6
f 2989/4/6 2990/4/6 3010/4/6
f 3009/2/6 2989/2/6 3010/2/6
f 2990/2/6 2991/2/6 3011/2/6
f 3010/4/6 2990/4/6 3011/4/6
f 2991/4/6 2992/4/6 3012/4/6
f 3011/2/6 2991/2/6 3012/2/6
f 2992/4/6 2993/4/6 3012/4/6
f 2993/2/6 2994/2/6 3013/2/6
f 3012/4/6 2993/4/6 3013/4/6
f 2994/4/6 2995/4/6 3014/4/6
f 3013/2/6 2994/2/6 3014/2/6
f 3014/4/6 2995/4/6 3015/4/6
f 2996/2/6 2997/2/6 3016/2/6
f 3015/4/6 2995/4/6 3016/4/6
f 2995/2/6 2996/2/6 3016/2/6
f 3016/2/6 2997/2/6 3017/2/6
f 2997/4/6 2998/4/6 3018/4/6
f 3017/2/6 2997/2/6 3018/2/6
f 2998/4/6 2999/4/6 3018/4/6
f 2999/4/6 2932/4/6 3019/4/6
f 3018/4/6 2999/4/6 3019/4/6
f 3001/2/6 3002/2/6 3020/2/6
f 3000/2/6 3001/2/6 3020/2/6
f 3003/4/6 3004/4/6 3021/4/6
f 3020/2/6 3002/2/6 3021/2/6
f 3002/4/6 3003/4/6 3021/4/6
f 3021/4/6 3004/4/6 3022/4/6
f 3022/4/6 3004/4/6 3023/4/6
f 3004/2/6 3005/2/6 3024/2/6
f 3006/4/6 3007/4/6 3024/4/6
f 3005/4/6 3006/4/6 3024/4/6
f 3024/4/6 3007/4/6 3025/4/6
f 3007/2/6 2985/2/6 3026/2/6
f 3025/4/6 3007/4/6 3026/4/6
f 2985/4/6 3008/4/6 3027/4/6
f 3026/2/6 2985/2/6 3027/2/6
f 3009/2/6 3010/2/6 3028/2/6
f 3027/4/6 3008/4/6 3028/4/6
f 3012/2/6 3013/2/6 3028/2/6
f 3014/2/6 3015/2/6 3028/2/6
f 3008/2/6 3009/2/6 3028/2/6
f 3013/2/6 3014/2/6 3028/2/6
f 3011/2/6 3012/2/6 3028/2/6
f 3010/2/6 3011/2/6 3028/2/6
f 3028/2/6 3015/2/6 3029/2/6
f 3029/2/6 3015/2/6 3030/2/6
f 3030/2/6 3015/2/6 3031/2/6
f 3031/2/6 3015/2/6 3032/2/6
f 3016/4/6 3017/4/6 3033/4/6
f 3032/2/6 3015/2/6 3033/2/6
f 3015/4/6 3016/4/6 3033/4/6
f 3033/4/6 3017/4/6 3034/4/6
f 3017/2/6 3018/2/6 3035/2/6
f 3034/4/6 3017/4/6 3035/4/6
f 3018/2/6 3019/2/6 3035/2/6
f 3035/2/6 3019/2/6 3036/2/6
f 2980/4/6 3000/4/6 3037/4/6
f 2949/4/6 2980/4/6 3037/4/6
f 3000/2/6 3020/2/6 3038/2/6
f 3037/4/6 3000/4/6 3038/4/6
f 3038/2/6 3020/2/6 3039/2/6
f 3020/4/6 3021/4/6 3040/4/6
f 3039/2/6 3020/2/6 3040/2/6
f 3021/4/6 3022/4/6 3040/4/6
f 3022/2/6 3023/2/6 3041/2/6
f 3040/4/6 3022/4/6 3041/4/6
f 3023/4/6 3004/4/6 3042/4/6
f 3041/2/6 3023/2/6 3042/2/6
f 3004/2/6 3024/2/6 3043/2/6
f 3042/4/6 3004/4/6 3043/4/6
f 3024/2/6 3025/2/6 3043/2/6
f 3043/2/6 3025/2/6 3044/2/6
f 3026/4/6 3027/4/6 3045/4/6
f 3044/2/6 3025/2/6 3045/2/6
f 3025/4/6 3026/4/6 3045/4/6
f 3045/4/6 3027/4/6 3046/4/6
f 3027/2/6 3028/2/6 3047/2/6
f 3046/4/6 3027/4/6 3047/4/6
f 3028/2/6 3029/2/6 3047/2/6
f 3029/4/6 3030/4/6 3048/4/6
f 3047/2/6 3029/2/6 3048/2/6
f 3048/4/6 3030/4/6 3049/4/6
f 3049/4/6 3030/4/6 3050/4/6
f 3030/2/6 3031/2/6 3051/2/6
f 3050/4/6 3030/4/6 3051/4/6
f 3031/4/6 3032/4/6 3052/4/6
f 3051/2/6 3031/2/6 3052/2/6
f 3033/2/6 3034/2/6 3053/2/6
f 3052/4/6 3032/4/6 3053/4/6
f 3032/2/6 3033/2/6 3053/2/6
f 3053/2/6 3034/2/6 3054/2/6
f 3035/4/6 3036/4/6 3055/4/6
f 3054/2/6 3034/2/6 3055/2/6
f 3034/4/6 3035/4/6 3055/4/6
f 3055/4/6 3036/4/6 3056/4/6
f 3036/2/6 3019/2/6 3057/2/6
f 3056/4/6 3036/4/6 3057/4/6
f 3057/2/6 3019/2/6 3058/2/6
f 3019/4/6 2932/4/6 3059/4/6
f 3058/2/6 3019/2/6 3059/2/6
f 3059/4/6 2932/4/6 3060/4/6
f 3038/2/6 3039/2/6 3061/2/6
f 3037/2/6 3038/2/6 3061/2/6
f 3043/4/6 3044/4/6 3062/4/6
f 3061/2/6 3039/2/6 3062/2/6
f 3041/4/6 3042/4/6 3062/4/6
f 3040/4/6 3041/4/6 3062/4/6
f 3039/4/6 3040/4/6 3062/4/6
f 3042/4/6 3043/4/6 3062/4/6
f 3062/4/6 3044/4/6 3063/4/6
f 3063/4/6 3044/4/6 3064/4/6
f 3045/2/6 3046/2/6 3065/2/6
f 3064/4/6 3044/4/6 3065/4/6
f 3044/2/6 3045/2/6 3065/2/6
f 3065/2/6 3046/2/6 3066/2/6
f 3047/4/6 3048/4/6 3067/4/6
f 3066/2/6 3046/2/6 3067/2/6
f 3048/4/6 3049/4/6 3067/4/6
f 3046/4/6 3047/4/6 3067/4/6
f 3067/4/6 3049/4/6 3068/4/6
f 3068/4/6 3049/4/6 3069/4/6
f 3049/2/6 3050/2/6 3070/2/6
f 3069/4/6 3049/4/6 3070/4/6
f 3050/4/6 3051/4/6 3071/4/6
f 3070/2/6 3050/2/6 3071/2/6
f 3053/4/6 3054/4/6 3071/4/6
f 3051/4/6 3052/4/6 3071/4/6
f 3052/4/6 3053/4/6 3071/4/6
f 3071/4/6 3054/4/6 3072/4/6
f 3072/4/6 3054/4/6 3073/4/6
f 3055/2/6 3056/2/6 3074/2/6
f 3073/4/6 3054/4/6 3074/4/6
f 3054/2/6 3055/2/6 3074/2/6
f 3074/2/6 3056/2/6 3075/2/6
f 3056/4/6 3057/4/6 3076/4/6
f 3075/2/6 3056/2/6 3076/2/6
f 3057/4/6 3058/4/6 3076/4/6
f 3058/2/6 3059/2/6 3077/2/6
f 3076/4/6 3058/4/6 3077/4/6
f 3059/2/6 3060/2/6 3077/2/6
f 3077/2/6 3060/2/6 3078/2/6
f 3078/2/6 3060/2/6 3079/2/6
f 3037/2/6 3061/2/6 3080/2/6
f 3080/2/6 3061/2/6 3081/2/6
f 3061/4/6 3062/4/6 3082/4/6
f 3062/4/6 3063/4/6 3082/4/6
f 3063/2/6 3064/2/6 3083/2/6
f 3082/4/6 3063/4/6 3083/4/6
f 3065/4/6 3066/4/6 3084/4/6
f 3083/2/6 3064/2/6 3084/2/6
f 3064/4/6 3065/4/6 3084/4/6
f 3084/4/6 3066/4/6 3085/4/6
f 3067/2/6 3068/2/6 3086/2/6
f 3085/4/6 3066/4/6 3086/4/6
f 3066/2/6 3067/2/6 3086/2/6
f 3086/2/6 3068/2/6 3087/2/6
f 3068/4/6 3069/4/6 3088/4/6
f 3087/2/6 3068/2/6 3088/2/6
f 3088/4/6 3069/4/6 3089/4/6
f 3069/2/6 3070/2/6 3090/2/6
f 3089/4/6 3069/4/6 3090/4/6
f 3071/4/6 3072/4/6 3091/4/6
f 3090/2/6 3070/2/6 3091/2/6
f 3070/4/6 3071/4/6 3091/4/6
f 3091/4/6 3072/4/6 3092/4/6
f 3072/2/6 3073/2/6 3093/2/6
f 3092/4/6 3072/4/6 3093/4/6
f 3074/4/6 3075/4/6 3094/4/6
f 3093/2/6 3073/2/6 3094/2/6
f 3073/4/6 3074/4/6 3094/4/6
f 3094/4/6 3075/4/6 3095/4/6
f 3095/4/6 3075/4/6 3096/4/6
f 3075/2/6 3076/2/6 3097/2/6
f 3096/4/6 3075/4/6 3097/4/6
f 3076/2/6 3077/2/6 3097/2/6
f 3077/2/6 3078/2/6 3097/2/6
f 3078/4/6 3079/4/6 3098/4/6
f 3097/2/6 3078/2/6 3098/2/6
f 3081/2/6 3061/2/6 3099/2/6
f 3080/4/6 3081/4/6 3099/4/6
f 3061/4/6 3082/4/6 3100/4/6
f 3099/2/6 3061/2/6 3100/2/6
f 3100/4/6 3082/4/6 3101/4/6
f 3101/4/6 3082/4/6 3102/4/6
f 3084/2/6 3085/2/6 3103/2/6
f 3102/4/6 3082/4/6 3103/4/6
f 3083/2/6 3084/2/6 3103/2/6
f 3082/2/6 3083/2/6 3103/2/6
f 3086/4/6 3087/4/6 3104/4/6
f 3103/2/6 3085/2/6 3104/2/6
f 3085/4/6 3086/4/6 3104/4/6
f 3088/2/6 3089/2/6 3105/2/6
f 3104/4/6 3087/4/6 3105/4/6
f 3087/2/6 3088/2/6 3105/2/6
f 3105/2/6 3089/2/6 3106/2/6
f 3091/4/6 3092/4/6 3107/4/6
f 3106/2/6 3089/2/6 3107/2/6
f 3090/4/6 3091/4/6 3107/4/6
f 3089/4/6 3090/4/6 3107/4/6
f 3107/4/6 3092/4/6 3108/4/6
f 3092/2/6 3093/2/6 3109/2/6
f 3108/4/6 3092/4/6 3109/4/6
f 3093/4/6 3094/4/6 3110/4/6
f 3109/2/6 3093/2/6 3110/2/6
f 3094/4/6 3095/4/6 3110/4/6
f 3095/2/6 3096/2/6 3111/2/6
f 3110/4/6 3095/4/6 3111/4/6
f 3096/4/6 3097/4/6 3112/4/6
f 3111/2/6 3096/2/6 3112/2/6
f 3097/4/6 3098/4/6 3112/4/6
f 3112/4/6 3098/4/6 3113/4/6
f 3105/4/6 3106/4/6 3114/4/6
f 3103/4/6 3104/4/6 3114/4/6
f 3101/2/6 3102/2/6 3114/2/6
f 3104/4/6 3105/4/6 3114/4/6
f 3102/4/6 3103/4/6 3114/4/6
f 3114/4/6 3106/4/6 3115/4/6
f 3115/4/6 3106/4/6 3116/4/6
f 3107/2/6 3108/2/6 3117/2/6
f 3116/4/6 3106/4/6 3117/4/6
f 3106/2/6 3107/2/6 3117/2/6
f 3109/4/6 3110/4/6 3118/4/6
f 3117/2/6 3108/2/6 3118/2/6
f 3108/4/6 3109/4/6 3118/4/6
f 3112/2/6 3113/2/6 3119/2/6
f 3118/4/6 3110/4/6 3119/4/6
f 3111/2/6 3112/2/6 3119/2/6
f 3110/2/6 3111/2/6 3119/2/6
f 3119/2/6 3113/2/6 3120/2/6
f 3120/2/6 3113/2/6 3121/2/6
f 3121/2/6 3113/2/6 3122/2/6
f 3113/4/6 3098/4/6 3123/4/6
f 3122/2/6 3113/2/6 3123/2/6
f 3123/4/6 3098/4/6 3124/4/6
f 3124/4/6 3098/4/6 3125/4/6
f 3098/4/6 3079/4/6 3126/4/6
f 3125/4/6 3098/4/6 3126/4/6
f 3100/4/6 3101/4/6 3127/4/6
f 3080/4/6 3099/4/6 3127/4/6
f 3099/4/6 3100/4/6 3127/4/6
f 3127/4/6 3101/4/6 3128/4/6
f 3114/2/6 3115/2/6 3129/2/6
f 3128/4/6 3101/4/6 3129/4/6
f 3101/2/6 3114/2/6 3129/2/6
f 3129/2/6 3115/2/6 3130/2/6
f 3115/4/6 3116/4/6 3131/4/6
f 3130/2/6 3115/2/6 3131/2/6
f 3117/2/6 3118/2/6 3132/2/6
f 3131/4/6 3116/4/6 3132/4/6
f 3116/2/6 3117/2/6 3132/2/6
f 3118/2/6 3119/2/6 3132/2/6
f 3132/2/6 3119/2/6 3133/2/6
f 3133/2/6 3119/2/6 3134/2/6
f 3119/4/6 3120/4/6 3135/4/6
f 3120/2/6 3121/2/6 3135/2/6
f 3121/4/6 3122/4/6 3136/4/6
f 3135/2/6 3121/2/6 3136/2/6
f 3136/4/6 3122/4/6 3137/4/6
f 3123/2/6 3124/2/6 3138/2/6
f 3137/4/6 3122/4/6 3138/4/6
f 3122/2/6 3123/2/6 3138/2/6
f 3124/4/6 3125/4/6 3139/4/6
f 3138/2/6 3124/2/6 3139/2/6
f 3125/2/6 3126/2/6 3140/2/6
f 3139/4/6 3125/4/6 3140/4/6
f 3128/4/6 3129/4/6 3141/4/6
f 3129/4/6 3130/4/6 3141/4/6
f 3127/2/6 3128/2/6 3141/2/6
f 3141/4/6 3130/4/6 3142/4/6
f 3130/2/6 3131/2/6 3143/2/6
f 3142/4/6 3130/4/6 3143/4/6
f 3132/2/6 3133/2/6 3143/2/6
f 3131/2/6 3132/2/6 3143/2/6
f 3143/2/6 3133/2/6 3144/2/6
f 3144/2/6 3133/2/6 3145/2/6
f 3133/4/6 3134/4/6 3146/4/6
f 3145/2/6 3133/2/6 3146/2/6
f 3134/2/6 3119/2/6 3147/2/6
f 3146/4/6 3134/4/6 3147/4/6
f 3119/4/6 3135/4/6 3148/4/6
f 3147/2/6 3119/2/6 3148/2/6
f 3136/4/6 3137/4/6 3148/4/6
f 3135/4/6 3136/4/6 3148/4/6
f 3139/2/6 3140/2/6 3149/2/6
f 3148/4/6 3137/4/6 3149/4/6
f 3137/2/6 3138/2/6 3149/2/6
f 3138/2/6 3139/2/6 3149/2/6
f 3140/2/6 3126/2/6 3150/2/6
f 3149/2/6 3140/2/6 3150/2/6
f 3126/4/6 3079/4/6 3151/4/6
f 3150/2/6 3126/2/6 3151/2/6
f 3080/4/6 3127/4/6 3152/4/6
f 3141/2/6 3142/2/6 3153/2/6
f 3152/4/6 3127/4/6 3153/4/6
f 3127/2/6 3141/2/6 3153/2/6
f 3153/2/6 3142/2/6 3154/2/6
f 3143/4/6 3144/4/6 3155/4/6
f 3154/2/6 3142/2/6 3155/2/6
f 3142/4/6 3143/4/6 3155/4/6
f 3155/4/6 3144/4/6 3156/4/6
f 3144/2/6 3145/2/6 3157/2/6
f 3156/4/6 3144/4/6 3157/4/6
f 3157/2/6 3145/2/6 3158/2/6
f 3158/2/6 3145/2/6 3159/2/6
f 3146/4/6 3147/4/6 3160/4/6
f 3159/2/6 3145/2/6 3160/2/6
f 3147/4/6 3148/4/6 3160/4/6
f 3145/4/6 3146/4/6 3160/4/6
f 3160/4/6 3148/4/6 3161/4/6
f 3161/4/6 3148/4/6 3162/4/6
f 3162/4/6 3148/4/6 3163/4/6
f 3148/2/6 3149/2/6 3164/2/6
f 3163/4/6 3148/4/6 3164/4/6
f 3149/2/6 3150/2/6 3164/2/6
f 3164/2/6 3150/2/6 3165/2/6
f 3165/2/6 3150/2/6 3166/2/6
f 3166/2/6 3150/2/6 3167/2/6
f 3167/2/6 3150/2/6 3168/2/6
f 3150/4/6 3151/4/6 3169/4/6
f 3168/2/6 3150/2/6 3169/2/6
f 3152/2/6 3153/2/6 3170/2/6
f 3153/4/6 3154/4/6 3171/4/6
f 3170/2/6 3153/2/6 3171/2/6
f 3155/2/6 3156/2/6 3172/2/6
f 3171/4/6 3154/4/6 3172/4/6
f 3154/2/6 3155/2/6 3172/2/6
f 3172/2/6 3156/2/6 3173/2/6
f 3158/2/6 3159/2/6 3174/2/6
f 3157/4/6 3158/4/6 3174/4/6
f 3156/4/6 3157/4/6 3174/4/6
f 3174/2/6 3159/2/6 3175/2/6
f 3159/4/6 3160/4/6 3176/4/6
f 3160/2/6 3161/2/6 3176/2/6
f 3161/4/6 3162/4/6 3177/4/6
f 3176/2/6 3161/2/6 3177/2/6
f 3177/4/6 3162/4/6 3178/4/6
f 3162/2/6 3163/2/6 3179/2/6
f 3178/4/6 3162/4/6 3179/4/6
f 3179/2/6 3163/2/6 3180/2/6
f 3180/2/6 3163/2/6 3181/2/6
f 3163/4/6 3164/4/6 3182/4/6
f 3181/2/6 3163/2/6 3182/2/6
f 3164/4/6 3165/4/6 3182/4/6
f 3182/4/6 3165/4/6 3183/4/6
f 3165/2/6 3166/2/6 3184/2/6
f 3183/4/6 3165/4/6 3184/4/6
f 3166/4/6 3167/4/6 3185/4/6
f 3184/2/6 3166/2/6 3185/2/6
f 3167/2/6 3168/2/6 3186/2/6
f 3185/4/6 3167/4/6 3186/4/6
f 3168/4/6 3169/4/6 3187/4/6
f 3186/2/6 3168/2/6 3187/2/6
f 3173/2/6 3156/2/6 3188/2/6
f 3172/4/6 3173/4/6 3188/4/6
f 3170/4/6 3171/4/6 3188/4/6
f 3171/4/6 3172/4/6 3188/4/6
f 3188/2/6 3156/2/6 3189/2/6
f 3174/4/6 3175/4/6 3190/4/6
f 3189/2/6 3156/2/6 3190/2/6
f 3156/4/6 3174/4/6 3190/4/6
f 3190/4/6 3175/4/6 3191/4/6
f 3191/4/6 3175/4/6 3192/4/6
f 3192/4/6 3175/4/6 3193/4/6
f 3175/2/6 3159/2/6 3194/2/6
f 3193/4/6 3175/4/6 3194/4/6
f 3194/2/6 3159/2/6 3195/2/6
f 3177/4/6 3178/4/6 3196/4/6
f 3195/2/6 3159/2/6 3196/2/6
f 3159/4/6 3176/4/6 3196/4/6
f 3176/4/6 3177/4/6 3196/4/6
f 3196/4/6 3178/4/6 3197/4/6
f 3197/4/6 3178/4/6 3198/4/6
f 3178/2/6 3179/2/6 3199/2/6
f 3198/4/6 3178/4/6 3199/4/6
f 3179/2/6 3180/2/6 3199/2/6
f 3181/2/6 3182/2/6 3200/2/6
f 3180/4/6 3181/4/6 3200/4/6
f 3182/2/6 3183/2/6 3200/2/6
f 3200/2/6 3183/2/6 3201/2/6
f 3201/2/6 3183/2/6 3202/2/6
f 3202/2/6 3183/2/6 3203/2/6
f 3203/2/6 3183/2/6 3204/2/6
f 3186/4/6 3187/4/6 3205/4/6
f 3204/2/6 3183/2/6 3205/2/6
f 3184/4/6 3185/4/6 3205/4/6
f 3185/4/6 3186/4/6 3205/4/6
f 3183/4/6 3184/4/6 3205/4/6
f 3205/4/6 3187/4/6 3206/4/6
f 3206/4/6 3187/4/6 3207/4/6
f 3187/4/6 3169/4/6 3208/4/6
f 3207/4/6 3187/4/6 3208/4/6
f 3169/4/6 3151/4/6 3208/4/6
f 3151/4/6 3079/4/6 3209/4/6
f 3208/4/6 3151/4/6 3209/4/6
f 3188/4/6 3189/4/6 3210/4/6
f 3189/2/6 3190/2/6 3210/2/6
f 3190/2/6 3191/2/6 3210/2/6
f 3210/2/6 3191/2/6 3211/2/6
f 3191/4/6 3192/4/6 3212/4/6
f 3211/2/6 3191/2/6 3212/2/6
f 3212/4/6 3192/4/6 3213/4/6
f 3192/2/6 3193/2/6 3214/2/6
f 3213/4/6 3192/4/6 3214/4/6
f 3194/4/6 3195/4/6 3215/4/6
f 3214/2/6 3193/2/6 3215/2/6
f 3193/4/6 3194/4/6 3215/4/6
f 3215/4/6 3195/4/6 3216/4/6
f 3196/2/6 3197/2/6 3217/2/6
f 3216/4/6 3195/4/6 3217/4/6
f 3195/2/6 3196/2/6 3217/2/6
f 3217/2/6 3197/2/6 3218/2/6
f 3197/4/6 3198/4/6 3219/4/6
f 3218/2/6 3197/2/6 3219/2/6
f 3219/4/6 3198/4/6 3220/4/6
f 3198/2/6 3199/2/6 3221/2/6
f 3220/4/6 3198/4/6 3221/4/6
f 3199/2/6 3180/2/6 3222/2/6
f 3221/2/6 3199/2/6 3222/2/6
f 3200/4/6 3201/4/6 3223/4/6
f 3222/2/6 3180/2/6 3223/2/6
f 3180/4/6 3200/4/6 3223/4/6
f 3201/2/6 3202/2/6 3224/2/6
f 3223/4/6 3201/4/6 3224/4/6
f 3202/4/6 3203/4/6 3225/4/6
f 3224/2/6 3202/2/6 3225/2/6
f 3203/2/6 3204/2/6 3226/2/6
f 3225/4/6 3203/4/6 3226/4/6
f 3205/4/6 3206/4/6 3227/4/6
f 3226/2/6 3204/2/6 3227/2/6
f 3204/4/6 3205/4/6 3227/4/6
f 3227/4/6 3206/4/6 3228/4/6
f 3206/2/6 3207/2/6 3229/2/6
f 3228/4/6 3206/4/6 3229/4/6
f 3207/4/6 3208/4/6 3230/4/6
f 3229/2/6 3207/2/6 3230/2/6
f 3230/4/6 3208/4/6 3231/4/6
f 3231/4/6 3208/4/6 3232/4/6
f 3208/2/6 3209/2/6 3233/2/6
f 3232/4/6 3208/4/6 3233/4/6
f 3170/4/6 3188/4/6 3234/4/6
f 3210/4/6 3211/4/6 3234/4/6
f 3188/4/6 3210/4/6 3234/4/6
f 3234/4/6 3211/4/6 3235/4/6
f 3213/4/6 3214/4/6 3236/4/6
f 3211/2/6 3212/2/6 3236/2/6
f 3212/2/6 3213/2/6 3236/2/6
f 3214/4/6 3215/4/6 3236/4/6
f 3236/4/6 3215/4/6 3237/4/6
f 3215/2/6 3216/2/6 3238/2/6
f 3237/4/6 3215/4/6 3238/4/6
f 3238/2/6 3216/2/6 3239/2/6
f 3217/4/6 3218/4/6 3240/4/6
f 3239/2/6 3216/2/6 3240/2/6
f 3216/4/6 3217/4/6 3240/4/6
f 3240/4/6 3218/4/6 3241/4/6
f 3219/2/6 3220/2/6 3242/2/6
f 3241/4/6 3218/4/6 3242/4/6
f 3218/2/6 3219/2/6 3242/2/6
f 3242/2/6 3220/2/6 3243/2/6
f 3220/4/6 3221/4/6 3244/4/6
f 3243/2/6 3220/2/6 3244/2/6
f 3221/4/6 3222/4/6 3244/4/6
f 3244/4/6 3222/4/6 3245/4/6
f 3223/2/6 3224/2/6 3246/2/6
f 3245/4/6 3222/4/6 3246/4/6
f 3222/2/6 3223/2/6 3246/2/6
f 3227/4/6 3228/4/6 3247/4/6
f 3246/2/6 3224/2/6 3247/2/6
f 3224/4/6 3225/4/6 3247/4/6
f 3225/4/6 3226/4/6 3247/4/6
f 3226/4/6 3227/4/6 3247/4/6
f 3247/4/6 3228/4/6 3248/4/6
f 3228/2/6 3229/2/6 3249/2/6
f 3248/4/6 3228/4/6 3249/4/6
f 3230/2/6 3231/2/6 3249/2/6
f 3229/2/6 3230/2/6 3249/2/6
f 3249/2/6 3231/2/6 3250/2/6
f 3231/4/6 3232/4/6 3251/4/6
f 3250/2/6 3231/2/6 3251/2/6
f 3251/4/6 3232/4/6 3252/4/6
f 3232/2/6 3233/2/6 3253/2/6
f 3252/4/6 3232/4/6 3253/4/6
f 3234/2/6 3235/2/6 3254/2/6
f 3170/4/6 3234/4/6 3254/4/6
f 3235/4/6 3211/4/6 3255/4/6
f 3254/2/6 3235/2/6 3255/2/6
f 3211/2/6 3236/2/6 3256/2/6
f 3236/2/6 3237/2/6 3256/2/6
f 3256/2/6 3237/2/6 3257/2/6
f 3238/4/6 3239/4/6 3258/4/6
f 3257/2/6 3237/2/6 3258/2/6
f 3237/4/6 3238/4/6 3258/4/6
f 3258/4/6 3239/4/6 3259/4/6
f 3240/2/6 3241/2/6 3260/2/6
f 3259/4/6 3239/4/6 3260/4/6
f 3239/2/6 3240/2/6 3260/2/6
f 3260/2/6 3241/2/6 3261/2/6
f 3242/4/6 3243/4/6 3262/4/6
f 3261/2/6 3241/2/6 3262/2/6
f 3241/4/6 3242/4/6 3262/4/6
f 3262/4/6 3243/4/6 3263/4/6
f 3244/2/6 3245/2/6 3264/2/6
f 3263/4/6 3243/4/6 3264/4/6
f 3243/2/6 3244/2/6 3264/2/6
f 3264/2/6 3245/2/6 3265/2/6
f 3245/4/6 3246/4/6 3266/4/6
f 3265/2/6 3245/2/6 3266/2/6
f 3247/4/6 3248/4/6 3266/4/6
f 3246/4/6 3247/4/6 3266/4/6
f 3249/2/6 3250/2/6 3267/2/6
f 3266/4/6 3248/4/6 3267/4/6
f 3248/2/6 3249/2/6 3267/2/6
f 3267/2/6 3250/2/6 3268/2/6
f 3250/4/6 3251/4/6 3269/4/6
f 3268/2/6 3250/2/6 3269/2/6
f 3251/4/6 3252/4/6 3269/4/6
f 3252/2/6 3253/2/6 3270/2/6
f 3269/4/6 3252/4/6 3270/4/6
f 3253/2/6 3233/2/6 3271/2/6
f 3270/2/6 3253/2/6 3271/2/6
f 3233/2/6 3209/2/6 3271/2/6
f 3271/2/6 3209/2/6 3272/2/6
f 3272/2/6 3209/2/6 3273/2/6
f 3255/4/6 3211/4/6 3274/4/6
f 3254/4/6 3255/4/6 3274/4/6
f 3211/2/6 3256/2/6 3275/2/6
f 3274/4/6 3211/4/6 3275/4/6
f 3275/2/6 3256/2/6 3276/2/6
f 3256/4/6 3257/4/6 3277/4/6
f 3276/2/6 3256/2/6 3277/2/6
f 3258/2/6 3259/2/6 3278/2/6
f 3277/4/6 3257/4/6 3278/4/6
f 3257/2/6 3258/2/6 3278/2/6
f 3278/2/6 3259/2/6 3279/2/6
f 3260/4/6 3261/4/6 3280/4/6
f 3262/2/6 3263/2/6 3280/2/6
f 3261/2/6 3262/2/6 3280/2/6
f 3259/4/6 3260/4/6 3280/4/6
f 3264/4/6 3265/4/6 3281/4/6
f 3280/2/6 3263/2/6 3281/2/6
f 3263/4/6 3264/4/6 3281/4/6
f 3267/2/6 3268/2/6 3282/2/6
f 3281/4/6 3265/4/6 3282/4/6
f 3266/2/6 3267/2/6 3282/2/6
f 3265/2/6 3266/2/6 3282/2/6
f 3282/2/6 3268/2/6 3283/2/6
f 3283/2/6 3268/2/6 3284/2/6
f 3284/2/6 3268/2/6 3285/2/6
f 3285/2/6 3268/2/6 3286/2/6
f 3269/4/6 3270/4/6 3287/4/6
f 3286/2/6 3268/2/6 3287/2/6
f 3270/4/6 3271/4/6 3287/4/6
f 3268/4/6 3269/4/6 3287/4/6
f 3271/2/6 3272/2/6 3288/2/6
f 3287/4/6 3271/4/6 3288/4/6
f 3272/4/6 3273/4/6 3289/4/6
f 3288/2/6 3272/2/6 3289/2/6
f 3170/4/6 3254/4/6 3290/4/6
f 3254/4/6 3274/4/6 3290/4/6
f 3290/4/6 3274/4/6 3291/4/6
f 3275/2/6 3276/2/6 3292/2/6
f 3291/4/6 3274/4/6 3292/4/6
f 3274/2/6 3275/2/6 3292/2/6
f 3292/2/6 3276/2/6 3293/2/6
f 3279/2/6 3259/2/6 3294/2/6
f 3278/4/6 3279/4/6 3294/4/6
f 3277/4/6 3278/4/6 3294/4/6
f 3276/4/6 3277/4/6 3294/4/6
f 3259/4/6 3280/4/6 3295/4/6
f 3294/2/6 3259/2/6 3295/2/6
f 3280/4/6 3281/4/6 3295/4/6
f 3281/4/6 3282/4/6 3295/4/6
f 3282/4/6 3283/4/6 3295/4/6
f 3295/4/6 3283/4/6 3296/4/6
f 3296/4/6 3283/4/6 3297/4/6
f 3283/2/6 3284/2/6 3298/2/6
f 3297/4/6 3283/4/6 3298/4/6
f 3298/2/6 3284/2/6 3299/2/6
f 3299/2/6 3284/2/6 3300/2/6
f 3300/2/6 3284/2/6 3301/2/6
f 3284/4/6 3285/4/6 3302/4/6
f 3301/2/6 3284/2/6 3302/2/6
f 3302/4/6 3285/4/6 3303/4/6
f 3285/2/6 3286/2/6 3304/2/6
f 3303/4/6 3285/4/6 3304/4/6
f 3288/4/6 3289/4/6 3305/4/6
f 3304/2/6 3286/2/6 3305/2/6
f 3286/4/6 3287/4/6 3305/4/6
f 3287/4/6 3288/4/6 3305/4/6
f 3305/4/6 3289/4/6 3306/4/6
f 3306/4/6 3289/4/6 3307/4/6
f 3290/2/6 3291/2/6 3308/2/6
f 3292/4/6 3293/4/6 3309/4/6
f 3308/2/6 3291/2/6 3309/2/6
f 3291/4/6 3292/4/6 3309/4/6
f 3276/4/6 3294/4/6 3310/4/6
f 3293/2/6 3276/2/6 3310/2/6
f 3294/4/6 3295/4/6 3310/4/6
f 3295/4/6 3296/4/6 3310/4/6
f 3310/4/6 3296/4/6 3311/4/6
f 3296/2/6 3297/2/6 3312/2/6
f 3297/4/6 3298/4/6 3312/4/6
f 3298/4/6 3299/4/6 3312/4/6
f 3312/4/6 3299/4/6 3313/4/6
f 3299/2/6 3300/2/6 3314/2/6
f 3313/4/6 3299/4/6 3314/4/6
f 3300/4/6 3301/4/6 3315/4/6
f 3314/2/6 3300/2/6 3315/2/6
f 3302/2/6 3303/2/6 3316/2/6
f 3315/4/6 3301/4/6 3316/4/6
f 3301/2/6 3302/2/6 3316/2/6
f 3316/2/6 3303/2/6 3317/2/6
f 3303/4/6 3304/4/6 3318/4/6
f 3317/2/6 3303/2/6 3318/2/6
f 3305/4/6 3306/4/6 3318/4/6
f 3304/4/6 3305/4/6 3318/4/6
f 3318/4/6 3306/4/6 3319/4/6
f 3319/4/6 3306/4/6 3320/4/6
f 3306/2/6 3307/2/6 3321/2/6
f 3320/4/6 3306/4/6 3321/4/6
f 3307/4/6 3289/4/6 3322/4/6
f 3321/2/6 3307/2/6 3322/2/6
f 3289/4/6 3273/4/6 3323/4/6
f 3322/4/6 3289/4/6 3323/4/6
f 3308/4/6 3309/4/6 3324/4/6
f 3309/4/6 3293/4/6 3325/4/6
f 3324/4/6 3309/4/6 3325/4/6
f 3325/4/6 3293/4/6 3326/4/6
f 3293/2/6 3310/2/6 3327/2/6
f 3326/4/6 3293/4/6 3327/4/6
f 3310/2/6 3311/2/6 3327/2/6
f 3311/4/6 3296/4/6 3328/4/6
f 3327/2/6 3311/2/6 3328/2/6
f 3328/4/6 3296/4/6 3329/4/6
f 3296/2/6 3312/2/6 3330/2/6
f 3329/4/6 3296/4/6 3330/4/6
f 3312/2/6 3313/2/6 3330/2/6
f 3330/2/6 3313/2/6 3331/2/6
f 3314/4/6 3315/4/6 3332/4/6
f 3331/2/6 3313/2/6 3332/2/6
f 3313/4/6 3314/4/6 3332/4/6
f 3316/4/6 3317/4/6 3332/4/6
f 3315/4/6 3316/4/6 3332/4/6
f 3332/4/6 3317/4/6 3333/4/6
f 3333/4/6 3317/4/6 3334/4/6
f 3334/4/6 3317/4/6 3335/4/6
f 3335/4/6 3317/4/6 3336/4/6
f 3318/2/6 3319/2/6 3337/2/6
f 3336/4/6 3317/4/6 3337/4/6
f 3317/2/6 3318/2/6 3337/2/6
f 3337/2/6 3319/2/6 3338/2/6
f 3319/4/6 3320/4/6 3339/4/6
f 3338/2/6 3319/2/6 3339/2/6
f 3339/4/6 3320/4/6 3340/4/6
f 3340/4/6 3320/4/6 3341/4/6
f 3321/2/6 3322/2/6 3342/2/6
f 3341/4/6 3320/4/6 3342/4/6
f 3320/2/6 3321/2/6 3342/2/6
f 3322/2/6 3323/2/6 3342/2/6
f 3342/2/6 3323/2/6 3343/2/6
f 3343/2/6 3323/2/6 3344/2/6
f 3323/4/6 3273/4/6 3345/4/6
f 3344/2/6 3323/2/6 3345/2/6
f 3345/4/6 3273/4/6 3346/4/6
f 3329/2/6 3330/2/6 3347/2/6
f 3328/4/6 3329/4/6 3347/4/6
f 3327/4/6 3328/4/6 3347/4/6
f 3347/2/6 3330/2/6 3348/2/6
f 3330/4/6 3331/4/6 3349/4/6
f 3348/2/6 3330/2/6 3349/2/6
f 3349/4/6 3331/4/6 3350/4/6
f 3332/2/6 3333/2/6 3351/2/6
f 3350/4/6 3331/4/6 3351/4/6
f 3331/2/6 3332/2/6 3351/2/6
f 3351/2/6 3333/2/6 3352/2/6
f 3333/4/6 3334/4/6 3353/4/6
f 3352/2/6 3333/2/6 3353/2/6
f 3353/4/6 3334/4/6 3354/4/6
f 3334/2/6 3335/2/6 3355/2/6
f 3354/4/6 3334/4/6 3355/4/6
f 3355/2/6 3335/2/6 3356/2/6
f 3336/2/6 3337/2/6 3357/2/6
f 3335/4/6 3336/4/6 3357/4/6
f 3337/4/6 3338/4/6 3358/4/6
f 3357/2/6 3337/2/6 3358/2/6
f 3358/4/6 3338/4/6 3359/4/6
f 3339/2/6 3340/2/6 3360/2/6
f 3359/4/6 3338/4/6 3360/4/6
f 3338/2/6 3339/2/6 3360/2/6
f 3360/2/6 3340/2/6 3361/2/6
f 3361/2/6 3340/2/6 3362/2/6
f 3340/4/6 3341/4/6 3363/4/6
f 3362/2/6 3340/2/6 3363/2/6
f 3342/2/6 3343/2/6 3364/2/6
f 3363/4/6 3341/4/6 3364/4/6
f 3341/2/6 3342/2/6 3364/2/6
f 3364/2/6 3343/2/6 3365/2/6
f 3347/4/6 3348/4/6 3366/4/6
f 3327/4/6 3347/4/6 3366/4/6
f 3366/4/6 3348/4/6 3367/4/6
f 3367/4/6 3348/4/6 3368/4/6
f 3349/2/6 3350/2/6 3369/2/6
f 3368/4/6 3348/4/6 3369/4/6
f 3348/2/6 3349/2/6 3369/2/6
f 3369/2/6 3350/2/6 3370/2/6
f 3351/4/6 3352/4/6 3371/4/6
f 3370/2/6 3350/2/6 3371/2/6
f 3350/4/6 3351/4/6 3371/4/6
f 3371/4/6 3352/4/6 3372/4/6
f 3353/2/6 3354/2/6 3373/2/6
f 3372/4/6 3352/4/6 3373/4/6
f 3352/2/6 3353/2/6 3373/2/6
f 3373/2/6 3354/2/6 3374/2/6
f 3355/4/6 3356/4/6 3375/4/6
f 3374/2/6 3354/2/6 3375/2/6
f 3354/4/6 3355/4/6 3375/4/6
f 3375/4/6 3356/4/6 3376/4/6
f 3356/2/6 3335/2/6 3377/2/6
f 3376/4/6 3356/4/6 3377/4/6
f 3357/4/6 3358/4/6 3378/4/6
f 3377/2/6 3335/2/6 3378/2/6
f 3335/4/6 3357/4/6 3378/4/6
f 3358/2/6 3359/2/6 3379/2/6
f 3378/4/6 3358/4/6 3379/4/6
f 3360/4/6 3361/4/6 3380/4/6
f 3379/2/6 3359/2/6 3380/2/6
f 3359/4/6 3360/4/6 3380/4/6
f 3380/4/6 3361/4/6 3381/4/6
f 3361/2/6 3362/2/6 3382/2/6
f 3381/4/6 3361/4/6 3382/4/6
f 3382/2/6 3362/2/6 3383/2/6
f 3362/4/6 3363/4/6 3384/4/6
f 3383/2/6 3362/2/6 3384/2/6
f 3364/4/6 3365/4/6 3384/4/6
f 3363/4/6 3364/4/6 3384/4/6
f 3384/4/6 3365/4/6 3385/4/6
f 3365/2/6 3343/2/6 3386/2/6
f 3385/4/6 3365/4/6 3386/4/6
f 3386/2/6 3343/2/6 3387/2/6
f 3387/2/6 3343/2/6 3388/2/6
f 3366/4/6 3367/4/6 3389/4/6
f 3367/2/6 3368/2/6 3390/2/6
f 3389/4/6 3367/4/6 3390/4/6
f 3369/4/6 3370/4/6 3391/4/6
f 3390/2/6 3368/2/6 3391/2/6
f 3368/4/6 3369/4/6 3391/4/6
f 3391/4/6 3370/4/6 3392/4/6
f 3392/4/6 3370/4/6 3393/4/6
f 3371/2/6 3372/2/6 3394/2/6
f 3393/4/6 3370/4/6 3394/4/6
f 3370/2/6 3371/2/6 3394/2/6
f 3373/4/6 3374/4/6 3395/4/6
f 3394/2/6 3372/2/6 3395/2/6
f 3372/4/6 3373/4/6 3395/4/6
f 3377/4/6 3378/4/6 3396/4/6
f 3376/4/6 3377/4/6 3396/4/6
f 3374/2/6 3375/2/6 3396/2/6
f 3378/4/6 3379/4/6 3396/4/6
f 3375/2/6 3376/2/6 3396/2/6
f 3379/4/6 3380/4/6 3396/4/6
f 3396/4/6 3380/4/6 3397/4/6
f 3380/2/6 3381/2/6 3398/2/6
f 3397/4/6 3380/4/6 3398/4/6
f 3382/4/6 3383/4/6 3399/4/6
f 3398/2/6 3381/2/6 3399/2/6
f 3381/4/6 3382/4/6 3399/4/6
f 3399/4/6 3383/4/6 3400/4/6
f 3400/4/6 3383/4/6 3401/4/6
f 3384/2/6 3385/2/6 3402/2/6
f 3401/4/6 3383/4/6 3402/4/6
f 3383/2/6 3384/2/6 3402/2/6
f 3402/2/6 3385/2/6 3403/2/6
f 3386/4/6 3387/4/6 3404/4/6
f 3403/2/6 3385/2/6 3404/2/6
f 3385/4/6 3386/4/6 3404/4/6
f 3404/4/6 3387/4/6 3405/4/6
f 3387/2/6 3388/2/6 3406/2/6
f 3405/4/6 3387/4/6 3406/4/6
f 3406/2/6 3388/2/6 3407/2/6
f 3389/4/6 3390/4/6 3408/4/6
f 3392/2/6 3393/2/6 3408/2/6
f 3391/4/6 3392/4/6 3408/4/6
f 3390/4/6 3391/4/6 3408/4/6
f 3394/4/6 3395/4/6 3409/4/6
f 3408/2/6 3393/2/6 3409/2/6
f 3393/4/6 3394/4/6 3409/4/6
f 3396/2/6 3397/2/6 3410/2/6
f 3409/4/6 3395/4/6 3410/4/6
f 3395/4/6 3374/4/6 3410/4/6
f 3374/2/6 3396/2/6 3410/2/6
f 3410/2/6 3397/2/6 3411/2/6
f 3397/4/6 3398/4/6 3412/4/6
f 3411/2/6 3397/2/6 3412/2/6
f 3399/4/6 3400/4/6 3412/4/6
f 3398/4/6 3399/4/6 3412/4/6
f 3400/2/6 3401/2/6 3413/2/6
f 3412/4/6 3400/4/6 3413/4/6
f 3402/4/6 3403/4/6 3414/4/6
f 3413/2/6 3401/2/6 3414/2/6
f 3401/4/6 3402/4/6 3414/4/6
f 3404/2/6 3405/2/6 3415/2/6
f 3414/4/6 3403/4/6 3415/4/6
f 3403/2/6 3404/2/6 3415/2/6
f 3415/2/6 3405/2/6 3416/2/6
f 3405/4/6 3406/4/6 3417/4/6
f 3416/2/6 3405/2/6 3417/2/6
f 3406/4/6 3407/4/6 3417/4/6
f 3417/4/6 3407/4/6 3418/4/6
f 3408/4/6 3409/4/6 3419/4/6
f 3410/4/6 3411/4/6 3419/4/6
f 3389/4/6 3408/4/6 3419/4/6
f 3409/4/6 3410/4/6 3419/4/6
f 3411/2/6 3412/2/6 3420/2/6
f 3419/4/6 3411/4/6 3420/4/6
f 3412/2/6 3413/2/6 3420/2/6
f 3413/4/6 3414/4/6 3421/4/6
f 3420/2/6 3413/2/6 3421/2/6
f 3414/4/6 3415/4/6 3421/4/6
f 3415/4/6 3416/4/6 3421/4/6
f 3417/2/6 3418/2/6 3422/2/6
f 3421/4/6 3416/4/6 3422/4/6
f 3416/2/6 3417/2/6 3422/2/6
f 3418/4/6 3407/4/6 3423/4/6
f 3422/2/6 3418/2/6 3423/2/6
f 3423/4/6 3407/4/6 3424/4/6
f 3425/4/6 3426/4/6 3431/4/6
f 3431/4/6 3426/4/6 3432/4/6
f 3432/4/6 3426/4/6 3433/4/6
f 3433/4/6 3426/4/6 3434/4/6
f 3426/2/6 3427/2/6 3435/2/6
f 3434/4/6 3426/4/6 3435/4/6
f 3435/2/6 3427/2/6 3436/2/6
f 3427/4/6 3428/4/6 3437/4/6
f 3436/2/6 3427/2/6 3437/2/6
f 3437/4/6 3428/4/6 3438/4/6
f 3438/4/6 3428/4/6 3439/4/6
f 3428/2/6 3429/2/6 3440/2/6
f 3439/4/6 3428/4/6 3440/4/6
f 3440/2/6 3429/2/6 3441/2/6
f 3429/4/6 3430/4/6 3442/4/6
f 3441/2/6 3429/2/6 3442/2/6
f 3442/4/6 3430/4/6 3443/4/6
f 3431/4/6 3432/4/6 3444/4/6
f 3444/4/6 3432/4/6 3445/4/6
f 3432/2/6 3433/2/6 3446/2/6
f 3445/4/6 3432/4/6 3446/4/6
f 3433/4/6 3434/4/6 3447/4/6
f 3446/2/6 3433/2/6 3447/2/6
f 3447/4/6 3434/4/6 3448/4/6
f 3448/4/6 3434/4/6 3449/4/6
f 3449/4/6 3434/4/6 3450/4/6
f 3435/2/6 3436/2/6 3451/2/6
f 3450/4/6 3434/4/6 3451/4/6
f 3434/2/6 3435/2/6 3451/2/6
f 3451/2/6 3436/2/6 3452/2/6
f 3436/4/6 3437/4/6 3453/4/6
f 3452/2/6 3436/2/6 3453/2/6
f 3437/2/6 3438/2/6 3454/2/6
f 3453/4/6 3437/4/6 3454/4/6
f 3438/4/6 3439/4/6 3455/4/6
f 3454/2/6 3438/2/6 3455/2/6
f 3455/4/6 3439/4/6 3456/4/6
f 3440/2/6 3441/2/6 3457/2/6
f 3456/4/6 3439/4/6 3457/4/6
f 3439/2/6 3440/2/6 3457/2/6
f 3457/2/6 3441/2/6 3458/2/6
f 3441/4/6 3442/4/6 3459/4/6
f 3458/2/6 3441/2/6 3459/2/6
f 3442/4/6 3443/4/6 3459/4/6
f 3459/4/6 3443/4/6 3460/4/6
f 3460/4/6 3443/4/6 3461/4/6
f 3431/4/6 3444/4/6 3462/4/6
f 3444/2/6 3445/2/6 3463/2/6
f 3462/4/6 3444/4/6 3463/4/6
f 3445/4/6 3446/4/6 3464/4/6
f 3463/2/6 3445/2/6 3464/2/6
f 3446/4/6 3447/4/6 3464/4/6
f 3447/4/6 3448/4/6 3464/4/6
f 3464/4/6 3448/4/6 3465/4/6
f 3448/2/6 3449/2/6 3466/2/6
f 3465/4/6 3448/4/6 3466/4/6
f 3466/2/6 3449/2/6 3467/2/6
f 3449/4/6 3450/4/6 3468/4/6
f 3467/2/6 3449/2/6 3468/2/6
f 3468/4/6 3450/4/6 3469/4/6
f 3451/2/6 3452/2/6 3470/2/6
f 3469/4/6 3450/4/6 3470/4/6
f 3450/2/6 3451/2/6 3470/2/6
f 3470/2/6 3452/2/6 3471/2/6
f 3455/4/6 3456/4/6 3472/4/6
f 3471/2/6 3452/2/6 3472/2/6
f 3453/4/6 3454/4/6 3472/4/6
f 3452/4/6 3453/4/6 3472/4/6
f 3454/4/6 3455/4/6 3472/4/6
f 3472/4/6 3456/4/6 3473/4/6
f 3473/4/6 3456/4/6 3474/4/6
f 3474/4/6 3456/4/6 3475/4/6
f 3475/4/6 3456/4/6 3476/4/6
f 3476/4/6 3456/4/6 3477/4/6
f 3457/2/6 3458/2/6 3478/2/6
f 3477/4/6 3456/4/6 3478/4/6
f 3456/2/6 3457/2/6 3478/2/6
f 3478/2/6 3458/2/6 3479/2/6
f 3459/4/6 3460/4/6 3480/4/6
f 3479/2/6 3458/2/6 3480/2/6
f 3458/4/6 3459/4/6 3480/4/6
f 3480/4/6 3460/4/6 3481/4/6
f 3460/2/6 3461/2/6 3482/2/6
f 3481/4/6 3460/4/6 3482/4/6
f 3462/2/6 3463/2/6 3483/2/6
f 3483/2/6 3463/2/6 3488/2/6
f 3464/4/6 3465/4/6 3489/4/6
f 3463/4/6 3464/4/6 3489/4/6
f 3488/2/6 3463/2/6 3489/2/6
f 3466/2/6 3467/2/6 3490/2/6
f 3489/4/6 3465/4/6 3490/4/6
f 3465/2/6 3466/2/6 3490/2/6
f 3490/2/6 3467/2/6 3491/2/6
f 3468/4/6 3469/4/6 3492/4/6
f 3491/2/6 3467/2/6 3492/2/6
f 3467/4/6 3468/4/6 3492/4/6
f 3470/2/6 3471/2/6 3493/2/6
f 3492/4/6 3469/4/6 3493/4/6
f 3469/2/6 3470/2/6 3493/2/6
f 3471/4/6 3472/4/6 3494/4/6
f 3493/2/6 3471/2/6 3494/2/6
f 3472/4/6 3473/4/6 3494/4/6
f 3473/2/6 3474/2/6 3495/2/6
f 3494/4/6 3473/4/6 3495/4/6
f 3474/4/6 3475/4/6 3496/4/6
f 3495/2/6 3474/2/6 3496/2/6
f 3475/2/6 3476/2/6 3497/2/6
f 3496/4/6 3475/4/6 3497/4/6
f 3497/2/6 3476/2/6 3498/2/6
f 3476/4/6 3477/4/6 3499/4/6
f 3498/2/6 3476/2/6 3499/2/6
f 3478/2/6 3479/2/6 3500/2/6
f 3499/4/6 3477/4/6 3500/4/6
f 3477/2/6 3478/2/6 3500/2/6
f 3500/2/6 3479/2/6 3501/2/6
f 3480/4/6 3481/4/6 3502/4/6
f 3501/2/6 3479/2/6 3502/2/6
f 3479/4/6 3480/4/6 3502/4/6
f 3502/4/6 3481/4/6 3503/4/6
f 3481/2/6 3482/2/6 3504/2/6
f 3503/4/6 3481/4/6 3504/4/6
f 3482/2/6 3461/2/6 3505/2/6
f 3504/2/6 3482/2/6 3505/2/6
f 3488/4/6 3489/4/6 3506/4/6
f 3484/2/6 3485/2/6 3506/2/6
f 3487/4/6 3488/4/6 3506/4/6
f 3490/4/6 3491/4/6 3506/4/6
f 3485/2/6 3486/2/6 3506/2/6
f 3489/4/6 3490/4/6 3506/4/6
f 3486/4/6 3487/4/6 3506/4/6
f 3506/4/6 3491/4/6 3507/4/6
f 3507/4/6 3491/4/6 3508/4/6
f 3491/2/6 3492/2/6 3509/2/6
f 3508/4/6 3491/4/6 3509/4/6
f 3492/2/6 3493/2/6 3509/2/6
f 3509/2/6 3493/2/6 3510/2/6
f 3497/4/6 3498/4/6 3511/4/6
f 3510/2/6 3493/2/6 3511/2/6
f 3495/4/6 3496/4/6 3511/4/6
f 3496/4/6 3497/4/6 3511/4/6
f 3494/4/6 3495/4/6 3511/4/6
f 3493/4/6 3494/4/6 3511/4/6
f 3511/4/6 3498/4/6 3512/4/6
f 3512/4/6 3498/4/6 3513/4/6
f 3513/4/6 3498/4/6 3514/4/6
f 3500/2/6 3501/2/6 3515/2/6
f 3514/4/6 3498/4/6 3515/4/6
f 3498/2/6 3499/2/6 3515/2/6
f 3499/2/6 3500/2/6 3515/2/6
f 3515/2/6 3501/2/6 3516/2/6
f 3501/4/6 3502/4/6 3517/4/6
f 3516/2/6 3501/2/6 3517/2/6
f 3502/4/6 3503/4/6 3517/4/6
f 3503/2/6 3504/2/6 3518/2/6
f 3517/4/6 3503/4/6 3518/4/6
f 3504/2/6 3505/2/6 3518/2/6
f 3518/2/6 3505/2/6 3519/2/6
f 3519/2/6 3505/2/6 3520/2/6
f 3484/2/6 3506/2/6 3525/2/6
f 3506/2/6 3507/2/6 3525/2/6
f 3525/2/6 3507/2/6 3526/2/6
f 3507/4/6 3508/4/6 3527/4/6
f 3526/2/6 3507/2/6 3527/2/6
f 3527/4/6 3508/4/6 3528/4/6
f 3528/4/6 3508/4/6 3529/4/6
f 3509/2/6 3510/2/6 3530/2/6
f 3529/4/6 3508/4/6 3530/4/6
f 3508/2/6 3509/2/6 3530/2/6
f 3510/4/6 3511/4/6 3531/4/6
f 3530/2/6 3510/2/6 3531/2/6
f 3511/4/6 3512/4/6 3531/4/6
f 3531/4/6 3512/4/6 3532/4/6
f 3512/2/6 3513/2/6 3533/2/6
f 3532/4/6 3512/4/6 3533/4/6
f 3513/4/6 3514/4/6 3534/4/6
f 3533/2/6 3513/2/6 3534/2/6
f 3515/2/6 3516/2/6 3535/2/6
f 3534/4/6 3514/4/6 3535/4/6
f 3514/2/6 3515/2/6 3535/2/6
f 3535/2/6 3516/2/6 3536/2/6
f 3516/4/6 3517/4/6 3537/4/6
f 3536/2/6 3516/2/6 3537/2/6
f 3518/4/6 3519/4/6 3537/4/6
f 3517/4/6 3518/4/6 3537/4/6
f 3537/4/6 3519/4/6 3538/4/6
f 3538/4/6 3519/4/6 3539/4/6
f 3519/2/6 3520/2/6 3540/2/6
f 3539/4/6 3519/4/6 3540/4/6
f 3520/2/6 3521/2/6 3540/2/6
f 3521/2/6 3522/2/6 3540/2/6
f 3523/4/6 3524/4/6 3541/4/6
f 3540/2/6 3522/2/6 3541/2/6
f 3522/4/6 3523/4/6 3541/4/6
f 3525/4/6 3526/4/6 3542/4/6
f 3542/4/6 3526/4/6 3543/4/6
f 3527/2/6 3528/2/6 3544/2/6
f 3543/4/6 3526/4/6 3544/4/6
f 3526/2/6 3527/2/6 3544/2/6
f 3544/2/6 3528/2/6 3545/2/6
f 3528/4/6 3529/4/6 3546/4/6
f 3529/2/6 3530/2/6 3547/2/6
f 3546/4/6 3529/4/6 3547/4/6
f 3547/2/6 3530/2/6 3548/2/6
f 3530/4/6 3531/4/6 3549/4/6
f 3548/2/6 3530/2/6 3549/2/6
f 3531/4/6 3532/4/6 3549/4/6
f 3549/4/6 3532/4/6 3550/4/6
f 3550/4/6 3532/4/6 3551/4/6
f 3551/4/6 3532/4/6 3552/4/6
f 3535/2/6 3536/2/6 3553/2/6
f 3552/4/6 3532/4/6 3553/4/6
f 3534/2/6 3535/2/6 3553/2/6
f 3533/2/6 3534/2/6 3553/2/6
f 3532/2/6 3533/2/6 3553/2/6
f 3553/2/6 3536/2/6 3554/2/6
f 3536/4/6 3537/4/6 3555/4/6
f 3554/2/6 3536/2/6 3555/2/6
f 3537/4/6 3538/4/6 3555/4/6
f 3555/4/6 3538/4/6 3556/4/6
f 3538/2/6 3539/2/6 3557/2/6
f 3556/4/6 3538/4/6 3557/4/6
f 3539/4/6 3540/4/6 3558/4/6
f 3557/2/6 3539/2/6 3558/2/6
f 3540/4/6 3541/4/6 3558/4/6
f 3558/4/6 3541/4/6 3559/4/6
f 3541/4/6 3524/4/6 3560/4/6
f 3559/4/6 3541/4/6 3560/4/6
f 3560/4/6 3524/4/6 3561/4/6
f 3542/2/6 3543/2/6 3562/2/6
f 3543/4/6 3544/4/6 3563/4/6
f 3562/2/6 3543/2/6 3563/2/6
f 3544/4/6 3545/4/6 3563/4/6
f 3563/4/6 3545/4/6 3564/4/6
f 3564/4/6 3545/4/6 3565/4/6
f 3528/4/6 3546/4/6 3566/4/6
f 3545/2/6 3528/2/6 3566/2/6
f 3547/2/6 3548/2/6 3567/2/6
f 3566/4/6 3546/4/6 3567/4/6
f 3546/2/6 3547/2/6 3567/2/6
f 3567/2/6 3548/2/6 3568/2/6
f 3549/4/6 3550/4/6 3569/4/6
f 3568/2/6 3548/2/6 3569/2/6
f 3548/4/6 3549/4/6 3569/4/6
f 3569/4/6 3550/4/6 3570/4/6
f 3550/2/6 3551/2/6 3571/2/6
f 3570/4/6 3550/4/6 3571/4/6
f 3551/4/6 3552/4/6 3572/4/6
f 3553/2/6 3554/2/6 3573/2/6
f 3572/4/6 3552/4/6 3573/4/6
f 3552/2/6 3553/2/6 3573/2/6
f 3573/2/6 3554/2/6 3574/2/6
f 3555/4/6 3556/4/6 3575/4/6
f 3574/2/6 3554/2/6 3575/2/6
f 3554/4/6 3555/4/6 3575/4/6
f 3575/4/6 3556/4/6 3576/4/6
f 3558/2/6 3559/2/6 3577/2/6
f 3576/4/6 3556/4/6 3577/4/6
f 3556/2/6 3557/2/6 3577/2/6
f 3557/2/6 3558/2/6 3577/2/6
f 3559/4/6 3560/4/6 3578/4/6
f 3577/2/6 3559/2/6 3578/2/6
f 3578/4/6 3560/4/6 3579/4/6
f 3579/4/6 3560/4/6 3580/4/6
f 3560/2/6 3561/2/6 3581/2/6
f 3580/4/6 3560/4/6 3581/4/6
f 3561/4/6 3524/4/6 3582/4/6
f 3581/2/6 3561/2/6 3582/2/6
f 3582/4/6 3524/4/6 3583/4/6
f 3564/2/6 3565/2/6 3584/2/6
f 3563/4/6 3564/4/6 3584/4/6
f 3562/4/6 3563/4/6 3584/4/6
f 3565/4/6 3545/4/6 3585/4/6
f 3584/2/6 3565/2/6 3585/2/6
f 3585/4/6 3545/4/6 3586/4/6
f 3567/2/6 3568/2/6 3587/2/6
f 3586/4/6 3545/4/6 3587/4/6
f 3545/2/6 3566/2/6 3587/2/6
f 3566/2/6 3567/2/6 3587/2/6
f 3587/2/6 3568/2/6 3588/2/6
f 3569/4/6 3570/4/6 3589/4/6
f 3588/2/6 3568/2/6 3589/2/6
f 3568/4/6 3569/4/6 3589/4/6
f 3589/4/6 3570/4/6 3590/4/6
f 3570/2/6 3571/2/6 3591/2/6
f 3590/4/6 3570/4/6 3591/4/6
f 3591/2/6 3571/2/6 3592/2/6
f 3571/2/6 3551/2/6 3593/2/6
f 3592/2/6 3571/2/6 3593/2/6
f 3551/4/6 3572/4/6 3593/4/6
f 3573/2/6 3574/2/6 3594/2/6
f 3593/4/6 3572/4/6 3594/4/6
f 3572/2/6 3573/2/6 3594/2/6
f 3594/2/6 3574/2/6 3595/2/6
f 3575/4/6 3576/4/6 3596/4/6
f 3595/2/6 3574/2/6 3596/2/6
f 3574/4/6 3575/4/6 3596/4/6
f 3596/4/6 3576/4/6 3597/4/6
f 3597/4/6 3576/4/6 3598/4/6
f 3598/4/6 3576/4/6 3599/4/6
f 3578/2/6 3579/2/6 3600/2/6
f 3599/4/6 3576/4/6 3600/4/6
f 3576/2/6 3577/2/6 3600/2/6
f 3577/2/6 3578/2/6 3600/2/6
f 3600/2/6 3579/2/6 3601/2/6
f 3601/2/6 3579/2/6 3602/2/6
f 3579/4/6 3580/4/6 3603/4/6
f 3602/2/6 3579/2/6 3603/2/6
f 3603/4/6 3580/4/6 3604/4/6
f 3580/2/6 3581/2/6 3605/2/6
f 3604/4/6 3580/4/6 3605/4/6
f 3582/2/6 3583/2/6 3605/2/6
f 3581/2/6 3582/2/6 3605/2/6
f 3605/2/6 3583/2/6 3606/2/6
f 3585/4/6 3586/4/6 3607/4/6
f 3584/4/6 3585/4/6 3607/4/6
f 3587/2/6 3588/2/6 3608/2/6
f 3607/4/6 3586/4/6 3608/4/6
f 3586/2/6 3587/2/6 3608/2/6
f 3589/4/6 3590/4/6 3609/4/6
f 3588/4/6 3589/4/6 3609/4/6
f 3591/2/6 3592/2/6 3610/2/6
f 3609/4/6 3590/4/6 3610/4/6
f 3590/2/6 3591/2/6 3610/2/6
f 3592/4/6 3593/4/6 3611/4/6
f 3610/2/6 3592/2/6 3611/2/6
f 3611/4/6 3593/4/6 3612/4/6
f 3594/2/6 3595/2/6 3613/2/6
f 3612/4/6 3593/4/6 3613/4/6
f 3593/2/6 3594/2/6 3613/2/6
f 3613/2/6 3595/2/6 3614/2/6
f 3596/4/6 3597/4/6 3615/4/6
f 3614/2/6 3595/2/6 3615/2/6
f 3595/4/6 3596/4/6 3615/4/6
f 3597/2/6 3598/2/6 3616/2/6
f 3615/4/6 3597/4/6 3616/4/6
f 3598/4/6 3599/4/6 3617/4/6
f 3616/2/6 3598/2/6 3617/2/6
f 3617/4/6 3599/4/6 3618/4/6
f 3599/2/6 3600/2/6 3619/2/6
f 3618/4/6 3599/4/6 3619/4/6
f 3600/2/6 3601/2/6 3619/2/6
f 3619/2/6 3601/2/6 3620/2/6
f 3601/4/6 3602/4/6 3621/4/6
f 3620/2/6 3601/2/6 3621/2/6
f 3603/2/6 3604/2/6 3622/2/6
f 3621/4/6 3602/4/6 3622/4/6
f 3602/2/6 3603/2/6 3622/2/6
f 3622/2/6 3604/2/6 3623/2/6
f 3606/2/6 3583/2/6 3624/2/6
f 3605/4/6 3606/4/6 3624/4/6
f 3604/4/6 3605/4/6 3624/4/6
f 3624/2/6 3583/2/6 3625/2/6
f 3584/4/6 3607/4/6 3626/4/6
f 3607/2/6 3608/2/6 3627/2/6
f 3626/4/6 3607/4/6 3627/4/6
f 3608/2/6 3588/2/6 3628/2/6
f 3627/2/6 3608/2/6 3628/2/6
f 3588/4/6 3609/4/6 3629/4/6
f 3628/2/6 3588/2/6 3629/2/6
f 3609/2/6 3610/2/6 3630/2/6
f 3629/4/6 3609/4/6 3630/4/6
f 3611/4/6 3612/4/6 3631/4/6
f 3630/2/6 3610/2/6 3631/2/6
f 3610/4/6 3611/4/6 3631/4/6
f 3631/4/6 3612/4/6 3632/4/6
f 3613/2/6 3614/2/6 3633/2/6
f 3632/4/6 3612/4/6 3633/4/6
f 3612/2/6 3613/2/6 3633/2/6
f 3633/2/6 3614/2/6 3634/2/6
f 3615/4/6 3616/4/6 3635/4/6
f 3634/2/6 3614/2/6 3635/2/6
f 3617/4/6 3618/4/6 3635/4/6
f 3614/4/6 3615/4/6 3635/4/6
f 3616/4/6 3617/4/6 3635/4/6
f 3635/4/6 3618/4/6 3636/4/6
f 3618/2/6 3619/2/6 3637/2/6
f 3636/4/6 3618/4/6 3637/4/6
f 3619/2/6 3620/2/6 3637/2/6
f 3637/2/6 3620/2/6 3638/2/6
f 3622/4/6 3623/4/6 3639/4/6
f 3638/2/6 3620/2/6 3639/2/6
f 3620/4/6 3621/4/6 3639/4/6
f 3621/4/6 3622/4/6 3639/4/6
f 3623/2/6 3604/2/6 3640/2/6
f 3639/4/6 3623/4/6 3640/4/6
f 3624/4/6 3625/4/6 3641/4/6
f 3640/2/6 3604/2/6 3641/2/6
f 3604/4/6 3624/4/6 3641/4/6
f 3625/2/6 3583/2/6 3642/2/6
f 3641/4/6 3625/4/6 3642/4/6
f 3642/2/6 3583/2/6 3643/2/6
f 3562/4/6 3584/4/6 3644/4/6
f 3584/4/6 3626/4/6 3644/4/6
f 3644/4/6 3626/4/6 3645/4/6
f 3645/4/6 3626/4/6 3646/4/6
f 3627/2/6 3628/2/6 3647/2/6
f 3646/4/6 3626/4/6 3647/4/6
f 3626/2/6 3627/2/6 3647/2/6
f 3647/2/6 3628/2/6 3648/2/6
f 3629/4/6 3630/4/6 3649/4/6
f 3648/2/6 3628/2/6 3649/2/6
f 3628/4/6 3629/4/6 3649/4/6
f 3631/4/6 3632/4/6 3649/4/6
f 3630/4/6 3631/4/6 3649/4/6
f 3649/4/6 3632/4/6 3650/4/6
f 3633/2/6 3634/2/6 3651/2/6
f 3650/4/6 3632/4/6 3651/4/6
f 3632/2/6 3633/2/6 3651/2/6
f 3651/2/6 3634/2/6 3652/2/6
f 3635/4/6 3636/4/6 3653/4/6
f 3652/2/6 3634/2/6 3653/2/6
f 3634/4/6 3635/4/6 3653/4/6
f 3637/2/6 3638/2/6 3654/2/6
f 3653/4/6 3636/4/6 3654/4/6
f 3636/2/6 3637/2/6 3654/2/6
f 3654/2/6 3638/2/6 3655/2/6
f 3655/2/6 3638/2/6 3656/2/6
f 3640/4/6 3641/4/6 3657/4/6
f 3656/2/6 3638/2/6 3657/2/6
f 3638/4/6 3639/4/6 3657/4/6
f 3641/4/6 3642/4/6 3657/4/6
f 3639/4/6 3640/4/6 3657/4/6
f 3642/4/6 3643/4/6 3657/4/6
f 3657/4/6 3643/4/6 3658/4/6
f 3658/4/6 3643/4/6 3659/4/6
f 3659/4/6 3643/4/6 3660/4/6
f 3660/4/6 3643/4/6 3661/4/6
f 3644/2/6 3645/2/6 3662/2/6
f 3645/4/6 3646/4/6 3663/4/6
f 3662/2/6 3645/2/6 3663/2/6
f 3647/2/6 3648/2/6 3664/2/6
f 3663/4/6 3646/4/6 3664/4/6
f 3646/2/6 3647/2/6 3664/2/6
f 3664/2/6 3648/2/6 3665/2/6
f 3649/4/6 3650/4/6 3666/4/6
f 3665/2/6 3648/2/6 3666/2/6
f 3648/4/6 3649/4/6 3666/4/6
f 3666/4/6 3650/4/6 3667/4/6
f 3651/2/6 3652/2/6 3668/2/6
f 3667/4/6 3650/4/6 3668/4/6
f 3650/2/6 3651/2/6 3668/2/6
f 3668/2/6 3652/2/6 3669/2/6
f 3654/4/6 3655/4/6 3670/4/6
f 3669/2/6 3652/2/6 3670/2/6
f 3652/4/6 3653/4/6 3670/4/6
f 3653/4/6 3654/4/6 3670/4/6
f 3655/2/6 3656/2/6 3671/2/6
f 3670/4/6 3655/4/6 3671/4/6
f 3671/2/6 3656/2/6 3672/2/6
f 3656/4/6 3657/4/6 3673/4/6
f 3657/4/6 3658/4/6 3673/4/6
f 3658/2/6 3659/2/6 3674/2/6
f 3673/4/6 3658/4/6 3674/4/6
f 3659/4/6 3660/4/6 3675/4/6
f 3674/2/6 3659/2/6 3675/2/6
f 3660/2/6 3661/2/6 3676/2/6
f 3675/4/6 3660/4/6 3676/4/6
f 3661/4/6 3643/4/6 3677/4/6
f 3676/2/6 3661/2/6 3677/2/6
f 3677/4/6 3643/4/6 3678/4/6
f 3662/4/6 3663/4/6 3679/4/6
f 3664/2/6 3665/2/6 3679/2/6
f 3663/2/6 3664/2/6 3679/2/6
f 3666/4/6 3667/4/6 3680/4/6
f 3679/2/6 3665/2/6 3680/2/6
f 3665/4/6 3666/4/6 3680/4/6
f 3680/4/6 3667/4/6 3681/4/6
f 3668/2/6 3669/2/6 3682/2/6
f 3681/4/6 3667/4/6 3682/4/6
f 3667/2/6 3668/2/6 3682/2/6
f 3682/2/6 3669/2/6 3683/2/6
f 3669/4/6 3670/4/6 3684/4/6
f 3683/2/6 3669/2/6 3684/2/6
f 3670/4/6 3671/4/6 3684/4/6
f 3671/4/6 3672/4/6 3684/4/6
f 3684/4/6 3672/4/6 3685/4/6
f 3685/4/6 3672/4/6 3686/4/6
f 3672/2/6 3656/2/6 3687/2/6
f 3686/4/6 3672/4/6 3687/4/6
f 3656/4/6 3673/4/6 3688/4/6
f 3687/2/6 3656/2/6 3688/2/6
f 3688/4/6 3673/4/6 3689/4/6
f 3674/2/6 3675/2/6 3690/2/6
f 3689/4/6 3673/4/6 3690/4/6
f 3673/2/6 3674/2/6 3690/2/6
f 3677/2/6 3678/2/6 3690/2/6
f 3676/2/6 3677/2/6 3690/2/6
f 3675/2/6 3676/2/6 3690/2/6
f 3690/2/6 3678/2/6 3691/2/6
f 3691/2/6 3678/2/6 3692/2/6
f 3692/2/6 3678/2/6 3693/2/6
f 3693/2/6 3678/2/6 3694/2/6
f 3694/2/6 3678/2/6 3695/2/6
f 3678/4/6 3643/4/6 3696/4/6
f 3695/2/6 3678/2/6 3696/2/6
f 3696/4/6 3643/4/6 3697/4/6
f 3680/4/6 3681/4/6 3698/4/6
f 3679/4/6 3680/4/6 3698/4/6
f 3682/2/6 3683/2/6 3699/2/6
f 3698/4/6 3681/4/6 3699/4/6
f 3681/2/6 3682/2/6 3699/2/6
f 3699/2/6 3683/2/6 3700/2/6
f 3684/4/6 3685/4/6 3701/4/6
f 3700/2/6 3683/2/6 3701/2/6
f 3683/4/6 3684/4/6 3701/4/6
f 3701/4/6 3685/4/6 3702/4/6
f 3702/4/6 3685/4/6 3703/4/6
f 3685/2/6 3686/2/6 3704/2/6
f 3703/4/6 3685/4/6 3704/4/6
f 3704/2/6 3686/2/6 3705/2/6
f 3688/4/6 3689/4/6 3706/4/6
f 3687/4/6 3688/4/6 3706/4/6
f 3686/4/6 3687/4/6 3706/4/6
f 3689/2/6 3690/2/6 3707/2/6
f 3706/4/6 3689/4/6 3707/4/6
f 3690/4/6 3691/4/6 3708/4/6
f 3707/2/6 3690/2/6 3708/2/6
f 3691/2/6 3692/2/6 3709/2/6
f 3708/4/6 3691/4/6 3709/4/6
f 3692/4/6 3693/4/6 3710/4/6
f 3709/2/6 3692/2/6 3710/2/6
f 3693/2/6 3694/2/6 3711/2/6
f 3710/4/6 3693/4/6 3711/4/6
f 3694/4/6 3695/4/6 3712/4/6
f 3711/2/6 3694/2/6 3712/2/6
f 3712/4/6 3695/4/6 3713/4/6
f 3696/2/6 3697/2/6 3714/2/6
f 3713/4/6 3695/4/6 3714/4/6
f 3695/2/6 3696/2/6 3714/2/6
f 3714/2/6 3697/2/6 3715/2/6
f 3697/4/6 3643/4/6 3716/4/6
f 3715/2/6 3697/2/6 3716/2/6
f 3716/4/6 3643/4/6 3717/4/6
f 3699/2/6 3700/2/6 3718/2/6
f 3698/2/6 3699/2/6 3718/2/6
f 3700/4/6 3701/4/6 3719/4/6
f 3718/2/6 3700/2/6 3719/2/6
f 3701/4/6 3702/4/6 3719/4/6
f 3719/4/6 3702/4/6 3720/4/6
f 3720/4/6 3702/4/6 3721/4/6
f 3704/4/6 3705/4/6 3722/4/6
f 3703/4/6 3704/4/6 3722/4/6
f 3702/2/6 3703/2/6 3722/2/6
f 3722/4/6 3705/4/6 3723/4/6
f 3705/2/6 3686/2/6 3724/2/6
f 3723/4/6 3705/4/6 3724/4/6
f 3686/4/6 3706/4/6 3725/4/6
f 3724/2/6 3686/2/6 3725/2/6
f 3710/2/6 3711/2/6 3726/2/6
f 3725/4/6 3706/4/6 3726/4/6
f 3712/2/6 3713/2/6 3726/2/6
f 3711/2/6 3712/2/6 3726/2/6
f 3706/2/6 3707/2/6 3726/2/6
f 3707/2/6 3708/2/6 3726/2/6
f 3708/2/6 3709/2/6 3726/2/6
f 3709/2/6 3710/2/6 3726/2/6
f 3726/2/6 3713/2/6 3727/2/6
f 3727/2/6 3713/2/6 3728/2/6
f 3714/4/6 3715/4/6 3729/4/6
f 3728/2/6 3713/2/6 3729/2/6
f 3713/4/6 3714/4/6 3729/4/6
f 3729/4/6 3715/4/6 3730/4/6
f 3716/2/6 3717/2/6 3731/2/6
f 3730/4/6 3715/4/6 3731/4/6
f 3715/2/6 3716/2/6 3731/2/6
f 3731/2/6 3717/2/6 3732/2/6
f 3679/4/6 3698/4/6 3733/4/6
f 3662/4/6 3679/4/6 3733/4/6
f 3698/2/6 3718/2/6 3734/2/6
f 3733/4/6 3698/4/6 3734/4/6
f 3734/2/6 3718/2/6 3735/2/6
f 3718/4/6 3719/4/6 3736/4/6
f 3735/2/6 3718/2/6 3736/2/6
f 3719/4/6 3720/4/6 3736/4/6
f 3720/2/6 3721/2/6 3737/2/6
f 3736/4/6 3720/4/6 3737/4/6
f 3721/4/6 3702/4/6 3738/4/6
f 3737/2/6 3721/2/6 3738/2/6
f 3722/2/6 3723/2/6 3739/2/6
f 3738/4/6 3702/4/6 3739/4/6
f 3702/2/6 3722/2/6 3739/2/6
f 3739/2/6 3723/2/6 3740/2/6
f 3724/4/6 3725/4/6 3741/4/6
f 3740/2/6 3723/2/6 3741/2/6
f 3723/4/6 3724/4/6 3741/4/6
f 3741/4/6 3725/4/6 3742/4/6
f 3726/2/6 3727/2/6 3743/2/6
f 3742/4/6 3725/4/6 3743/4/6
f 3725/2/6 3726/2/6 3743/2/6
f 3727/4/6 3728/4/6 3744/4/6
f 3743/2/6 3727/2/6 3744/2/6
f 3744/4/6 3728/4/6 3745/4/6
f 3745/4/6 3728/4/6 3746/4/6
f 3729/2/6 3730/2/6 3747/2/6
f 3746/4/6 3728/4/6 3747/4/6
f 3728/2/6 3729/2/6 3747/2/6
f 3747/2/6 3730/2/6 3748/2/6
f 3730/4/6 3731/4/6 3749/4/6
f 3748/2/6 3730/2/6 3749/2/6
f 3731/4/6 3732/4/6 3749/4/6
f 3749/4/6 3732/4/6 3750/4/6
f 3732/2/6 3717/2/6 3751/2/6
f 3750/4/6 3732/4/6 3751/4/6
f 3751/2/6 3717/2/6 3752/2/6
f 3717/4/6 3643/4/6 3753/4/6
f 3752/2/6 3717/2/6 3753/2/6
f 3753/4/6 3643/4/6 3754/4/6
f 3734/2/6 3735/2/6 3755/2/6
f 3733/2/6 3734/2/6 3755/2/6
f 3739/4/6 3740/4/6 3756/4/6
f 3755/2/6 3735/2/6 3756/2/6
f 3737/4/6 3738/4/6 3756/4/6
f 3736/4/6 3737/4/6 3756/4/6
f 3735/4/6 3736/4/6 3756/4/6
f 3738/4/6 3739/4/6 3756/4/6
f 3756/4/6 3740/4/6 3757/4/6
f 3757/4/6 3740/4/6 3758/4/6
f 3741/2/6 3742/2/6 3759/2/6
f 3758/4/6 3740/4/6 3759/4/6
f 3740/2/6 3741/2/6 3759/2/6
f 3759/2/6 3742/2/6 3760/2/6
f 3742/4/6 3743/4/6 3761/4/6
f 3760/2/6 3742/2/6 3761/2/6
f 3743/4/6 3744/4/6 3761/4/6
f 3744/4/6 3745/4/6 3761/4/6
f 3761/4/6 3745/4/6 3762/4/6
f 3762/4/6 3745/4/6 3763/4/6
f 3745/2/6 3746/2/6 3764/2/6
f 3763/4/6 3745/4/6 3764/4/6
f 3747/4/6 3748/4/6 3765/4/6
f 3764/2/6 3746/2/6 3765/2/6
f 3746/4/6 3747/4/6 3765/4/6
f 3765/4/6 3748/4/6 3766/4/6
f 3766/4/6 3748/4/6 3767/4/6
f 3749/2/6 3750/2/6 3768/2/6
f 3767/4/6 3748/4/6 3768/4/6
f 3748/2/6 3749/2/6 3768/2/6
f 3768/2/6 3750/2/6 3769/2/6
f 3750/4/6 3751/4/6 3770/4/6
f 3769/2/6 3750/2/6 3770/2/6
f 3751/4/6 3752/4/6 3770/4/6
f 3752/2/6 3753/2/6 3771/2/6
f 3770/4/6 3752/4/6 3771/4/6
f 3753/2/6 3754/2/6 3771/2/6
f 3771/2/6 3754/2/6 3772/2/6
f 3772/2/6 3754/2/6 3773/2/6
f 3733/2/6 3755/2/6 3774/2/6
f 3774/2/6 3755/2/6 3775/2/6
f 3755/4/6 3756/4/6 3776/4/6
f 3756/4/6 3757/4/6 3776/4/6
f 3757/2/6 3758/2/6 3777/2/6
f 3776/4/6 3757/4/6 3777/4/6
f 3759/4/6 3760/4/6 3778/4/6
f 3777/2/6 3758/2/6 3778/2/6
f 3758/4/6 3759/4/6 3778/4/6
f 3778/4/6 3760/4/6 3779/4/6
f 3761/2/6 3762/2/6 3780/2/6
f 3779/4/6 3760/4/6 3780/4/6
f 3760/2/6 3761/2/6 3780/2/6
f 3780/2/6 3762/2/6 3781/2/6
f 3762/4/6 3763/4/6 3782/4/6
f 3781/2/6 3762/2/6 3782/2/6
f 3782/4/6 3763/4/6 3783/4/6
f 3763/2/6 3764/2/6 3784/2/6
f 3783/4/6 3763/4/6 3784/4/6
f 3765/4/6 3766/4/6 3785/4/6
f 3784/2/6 3764/2/6 3785/2/6
f 3764/4/6 3765/4/6 3785/4/6
f 3785/4/6 3766/4/6 3786/4/6
f 3766/2/6 3767/2/6 3787/2/6
f 3786/4/6 3766/4/6 3787/4/6
f 3768/4/6 3769/4/6 3788/4/6
f 3787/2/6 3767/2/6 3788/2/6
f 3767/4/6 3768/4/6 3788/4/6
f 3788/4/6 3769/4/6 3789/4/6
f 3789/4/6 3769/4/6 3790/4/6
f 3769/2/6 3770/2/6 3791/2/6
f 3790/4/6 3769/4/6 3791/4/6
f 3770/2/6 3771/2/6 3791/2/6
f 3771/2/6 3772/2/6 3791/2/6
f 3772/4/6 3773/4/6 3792/4/6
f 3791/2/6 3772/2/6 3792/2/6
f 3775/2/6 3755/2/6 3793/2/6
f 3774/4/6 3775/4/6 3793/4/6
f 3755/4/6 3776/4/6 3794/4/6
f 3793/2/6 3755/2/6 3794/2/6
f 3794/4/6 3776/4/6 3795/4/6
f 3795/4/6 3776/4/6 3796/4/6
f 3776/2/6 3777/2/6 3797/2/6
f 3796/4/6 3776/4/6 3797/4/6
f 3778/2/6 3779/2/6 3797/2/6
f 3777/2/6 3778/2/6 3797/2/6
f 3780/4/6 3781/4/6 3798/4/6
f 3797/2/6 3779/2/6 3798/2/6
f 3779/4/6 3780/4/6 3798/4/6
f 3782/2/6 3783/2/6 3799/2/6
f 3798/4/6 3781/4/6 3799/4/6
f 3781/2/6 3782/2/6 3799/2/6
f 3799/2/6 3783/2/6 3800/2/6
f 3785/4/6 3786/4/6 3801/4/6
f 3800/2/6 3783/2/6 3801/2/6
f 3784/4/6 3785/4/6 3801/4/6
f 3783/4/6 3784/4/6 3801/4/6
f 3801/4/6 3786/4/6 3802/4/6
f 3786/2/6 3787/2/6 3803/2/6
f 3802/4/6 3786/4/6 3803/4/6
f 3787/4/6 3788/4/6 3804/4/6
f 3803/2/6 3787/2/6 3804/2/6
f 3788/4/6 3789/4/6 3804/4/6
f 3789/2/6 3790/2/6 3805/2/6
f 3804/4/6 3789/4/6 3805/4/6
f 3790/4/6 3791/4/6 3806/4/6
f 3805/2/6 3790/2/6 3806/2/6
f 3791/4/6 3792/4/6 3806/4/6
f 3806/4/6 3792/4/6 3807/4/6
f 3799/4/6 3800/4/6 3808/4/6
f 3795/2/6 3796/2/6 3808/2/6
f 3797/4/6 3798/4/6 3808/4/6
f 3798/4/6 3799/4/6 3808/4/6
f 3796/4/6 3797/4/6 3808/4/6
f 3808/4/6 3800/4/6 3809/4/6
f 3809/4/6 3800/4/6 3810/4/6
f 3801/2/6 3802/2/6 3811/2/6
f 3810/4/6 3800/4/6 3811/4/6
f 3800/2/6 3801/2/6 3811/2/6
f 3803/4/6 3804/4/6 3812/4/6
f 3811/2/6 3802/2/6 3812/2/6
f 3802/4/6 3803/4/6 3812/4/6
f 3806/2/6 3807/2/6 3813/2/6
f 3812/4/6 3804/4/6 3813/4/6
f 3805/2/6 3806/2/6 3813/2/6
f 3804/2/6 3805/2/6 3813/2/6
f 3813/2/6 3807/2/6 3814/2/6
f 3814/2/6 3807/2/6 3815/2/6
f 3815/2/6 3807/2/6 3816/2/6
f 3807/4/6 3792/4/6 3817/4/6
f 3816/2/6 3807/2/6 3817/2/6
f 3817/4/6 3792/4/6 3818/4/6
f 3818/4/6 3792/4/6 3819/4/6
f 3792/4/6 3773/4/6 3820/4/6
f 3819/4/6 3792/4/6 3820/4/6
f 3793/4/6 3794/4/6 3821/4/6
f 3794/4/6 3795/4/6 3821/4/6
f 3774/4/6 3793/4/6 3821/4/6
f 3821/4/6 3795/4/6 3822/4/6
f 3808/2/6 3809/2/6 3823/2/6
f 3822/4/6 3795/4/6 3823/4/6
f 3795/2/6 3808/2/6 3823/2/6
f 3823/2/6 3809/2/6 3824/2/6
f 3809/4/6 3810/4/6 3825/4/6
f 3824/2/6 3809/2/6 3825/2/6
f 3810/2/6 3811/2/6 3826/2/6
f 3825/4/6 3810/4/6 3826/4/6
f 3811/2/6 3812/2/6 3826/2/6
f 3812/2/6 3813/2/6 3826/2/6
f 3826/2/6 3813/2/6 3827/2/6
f 3813/4/6 3814/4/6 3828/4/6
f 3827/2/6 3813/2/6 3828/2/6
f 3814/2/6 3815/2/6 3829/2/6
f 3828/4/6 3814/4/6 3829/4/6
f 3815/4/6 3816/4/6 3830/4/6
f 3829/2/6 3815/2/6 3830/2/6
f 3817/2/6 3818/2/6 3831/2/6
f 3830/4/6 3816/4/6 3831/4/6
f 3816/2/6 3817/2/6 3831/2/6
f 3818/4/6 3819/4/6 3832/4/6
f 3831/2/6 3818/2/6 3832/2/6
f 3819/2/6 3820/2/6 3833/2/6
f 3832/4/6 3819/4/6 3833/4/6
f 3833/2/6 3820/2/6 3834/2/6
f 3820/4/6 3773/4/6 3835/4/6
f 3834/2/6 3820/2/6 3835/2/6
f 3774/4/6 3821/4/6 3836/4/6
f 3821/2/6 3822/2/6 3837/2/6
f 3836/4/6 3821/4/6 3837/4/6
f 3837/2/6 3822/2/6 3838/2/6
f 3822/4/6 3823/4/6 3839/4/6
f 3838/2/6 3822/2/6 3839/2/6
f 3823/4/6 3824/4/6 3839/4/6
f 3839/4/6 3824/4/6 3840/4/6
f 3824/2/6 3825/2/6 3841/2/6
f 3840/4/6 3824/4/6 3841/4/6
f 3825/2/6 3826/2/6 3841/2/6
f 3826/2/6 3827/2/6 3841/2/6
f 3841/2/6 3827/2/6 3842/2/6
f 3842/2/6 3827/2/6 3843/2/6
f 3827/4/6 3828/4/6 3844/4/6
f 3843/2/6 3827/2/6 3844/2/6
f 3844/4/6 3828/4/6 3845/4/6
f 3845/4/6 3828/4/6 3846/4/6
f 3846/4/6 3828/4/6 3847/4/6
f 3847/4/6 3828/4/6 3848/4/6
f 3828/2/6 3829/2/6 3849/2/6
f 3848/4/6 3828/4/6 3849/4/6
f 3833/2/6 3834/2/6 3849/2/6
f 3831/2/6 3832/2/6 3849/2/6
f 3830/2/6 3831/2/6 3849/2/6
f 3829/2/6 3830/2/6 3849/2/6
f 3832/2/6 3833/2/6 3849/2/6
f 3849/2/6 3834/2/6 3850/2/6
f 3850/2/6 3834/2/6 3851/2/6
f 3851/2/6 3834/2/6 3852/2/6
f 3852/2/6 3834/2/6 3853/2/6
f 3834/4/6 3835/4/6 3854/4/6
f 3853/2/6 3834/2/6 3854/2/6
f 3836/2/6 3837/2/6 3855/2/6
f 3837/4/6 3838/4/6 3856/4/6
f 3855/2/6 3837/2/6 3856/2/6
f 3839/2/6 3840/2/6 3857/2/6
f 3856/4/6 3838/4/6 3857/4/6
f 3838/2/6 3839/2/6 3857/2/6
f 3857/2/6 3840/2/6 3858/2/6
f 3841/4/6 3842/4/6 3859/4/6
f 3858/2/6 3840/2/6 3859/2/6
f 3840/4/6 3841/4/6 3859/4/6
f 3859/4/6 3842/4/6 3860/4/6
f 3842/2/6 3843/2/6 3861/2/6
f 3860/4/6 3842/4/6 3861/4/6
f 3861/2/6 3843/2/6 3862/2/6
f 3845/2/6 3846/2/6 3863/2/6
f 3844/4/6 3845/4/6 3863/4/6
f 3843/4/6 3844/4/6 3863/4/6
f 3846/4/6 3847/4/6 3864/4/6
f 3863/2/6 3846/2/6 3864/2/6
f 3864/4/6 3847/4/6 3865/4/6
f 3847/2/6 3848/2/6 3866/2/6
f 3865/4/6 3847/4/6 3866/4/6
f 3866/2/6 3848/2/6 3867/2/6
f 3867/2/6 3848/2/6 3868/2/6
f 3848/4/6 3849/4/6 3869/4/6
f 3868/2/6 3848/2/6 3869/2/6
f 3849/4/6 3850/4/6 3869/4/6
f 3869/4/6 3850/4/6 3870/4/6
f 3850/2/6 3851/2/6 3871/2/6
f 3870/4/6 3850/4/6 3871/4/6
f 3851/4/6 3852/4/6 3872/4/6
f 3871/2/6 3851/2/6 3872/2/6
f 3852/2/6 3853/2/6 3873/2/6
f 3872/4/6 3852/4/6 3873/4/6
f 3853/4/6 3854/4/6 3874/4/6
f 3873/2/6 3853/2/6 3874/2/6
f 3855/4/6 3856/4/6 3875/4/6
f 3859/2/6 3860/2/6 3875/2/6
f 3857/4/6 3858/4/6 3875/4/6
f 3856/4/6 3857/4/6 3875/4/6
f 3858/2/6 3859/2/6 3875/2/6
f 3875/2/6 3860/2/6 3876/2/6
f 3861/4/6 3862/4/6 3877/4/6
f 3876/2/6 3860/2/6 3877/2/6
f 3860/4/6 3861/4/6 3877/4/6
f 3877/4/6 3862/4/6 3878/4/6
f 3878/4/6 3862/4/6 3879/4/6
f 3879/4/6 3862/4/6 3880/4/6
f 3862/2/6 3843/2/6 3881/2/6
f 3880/4/6 3862/4/6 3881/4/6
f 3881/2/6 3843/2/6 3882/2/6
f 3864/4/6 3865/4/6 3883/4/6
f 3882/2/6 3843/2/6 3883/2/6
f 3843/4/6 3863/4/6 3883/4/6
f 3863/4/6 3864/4/6 3883/4/6
f 3883/4/6 3865/4/6 3884/4/6
f 3884/4/6 3865/4/6 3885/4/6
f 3865/2/6 3866/2/6 3886/2/6
f 3885/4/6 3865/4/6 3886/4/6
f 3866/2/6 3867/2/6 3886/2/6
f 3868/2/6 3869/2/6 3887/2/6
f 3867/4/6 3868/4/6 3887/4/6
f 3869/2/6 3870/2/6 3887/2/6
f 3887/2/6 3870/2/6 3888/2/6
f 3888/2/6 3870/2/6 3889/2/6
f 3889/2/6 3870/2/6 3890/2/6
f 3890/2/6 3870/2/6 3891/2/6
f 3872/4/6 3873/4/6 3892/4/6
f 3891/2/6 3870/2/6 3892/2/6
f 3871/4/6 3872/4/6 3892/4/6
f 3873/4/6 3874/4/6 3892/4/6
f 3870/4/6 3871/4/6 3892/4/6
f 3892/4/6 3874/4/6 3893/4/6
f 3893/4/6 3874/4/6 3894/4/6
f 3874/4/6 3854/4/6 3895/4/6
f 3894/4/6 3874/4/6 3895/4/6
f 3854/4/6 3835/4/6 3895/4/6
f 3835/4/6 3773/4/6 3896/4/6
f 3895/4/6 3835/4/6 3896/4/6
f 3875/4/6 3876/4/6 3897/4/6
f 3876/2/6 3877/2/6 3897/2/6
f 3877/2/6 3878/2/6 3897/2/6
f 3897/2/6 3878/2/6 3898/2/6
f 3879/2/6 3880/2/6 3899/2/6
f 3878/4/6 3879/4/6 3899/4/6
f 3881/4/6 3882/4/6 3900/4/6
f 3899/2/6 3880/2/6 3900/2/6
f 3880/4/6 3881/4/6 3900/4/6
f 3900/4/6 3882/4/6 3901/4/6
f 3883/2/6 3884/2/6 3902/2/6
f 3901/4/6 3882/4/6 3902/4/6
f 3882/2/6 3883/2/6 3902/2/6
f 3902/2/6 3884/2/6 3903/2/6
f 3884/4/6 3885/4/6 3904/4/6
f 3903/2/6 3884/2/6 3904/2/6
f 3904/4/6 3885/4/6 3905/4/6
f 3885/2/6 3886/2/6 3906/2/6
f 3905/4/6 3885/4/6 3906/4/6
f 3886/2/6 3867/2/6 3907/2/6
f 3906/2/6 3886/2/6 3907/2/6
f 3887/4/6 3888/4/6 3908/4/6
f 3907/2/6 3867/2/6 3908/2/6
f 3867/4/6 3887/4/6 3908/4/6
f 3888/2/6 3889/2/6 3909/2/6
f 3908/4/6 3888/4/6 3909/4/6
f 3889/4/6 3890/4/6 3910/4/6
f 3909/2/6 3889/2/6 3910/2/6
f 3890/2/6 3891/2/6 3911/2/6
f 3910/4/6 3890/4/6 3911/4/6
f 3892/4/6 3893/4/6 3912/4/6
f 3911/2/6 3891/2/6 3912/2/6
f 3891/4/6 3892/4/6 3912/4/6
f 3912/4/6 3893/4/6 3913/4/6
f 3893/2/6 3894/2/6 3914/2/6
f 3913/4/6 3893/4/6 3914/4/6
f 3894/4/6 3895/4/6 3915/4/6
f 3895/2/6 3896/2/6 3916/2/6
f 3915/4/6 3895/4/6 3916/4/6
f 3875/4/6 3897/4/6 3917/4/6
f 3855/4/6 3875/4/6 3917/4/6
f 3897/4/6 3898/4/6 3917/4/6
f 3917/4/6 3898/4/6 3918/4/6
f 3898/2/6 3878/2/6 3919/2/6
f 3918/4/6 3898/4/6 3919/4/6
f 3919/2/6 3878/2/6 3920/2/6
f 3878/4/6 3899/4/6 3921/4/6
f 3920/2/6 3878/2/6 3921/2/6
f 3899/4/6 3900/4/6 3921/4/6
f 3921/4/6 3900/4/6 3922/4/6
f 3900/2/6 3901/2/6 3923/2/6
f 3922/4/6 3900/4/6 3923/4/6
f 3923/2/6 3901/2/6 3924/2/6
f 3902/4/6 3903/4/6 3925/4/6
f 3924/2/6 3901/2/6 3925/2/6
f 3901/4/6 3902/4/6 3925/4/6
f 3904/2/6 3905/2/6 3926/2/6
f 3925/4/6 3903/4/6 3926/4/6
f 3903/2/6 3904/2/6 3926/2/6
f 3926/2/6 3905/2/6 3927/2/6
f 3905/4/6 3906/4/6 3928/4/6
f 3927/2/6 3905/2/6 3928/2/6
f 3906/4/6 3907/4/6 3928/4/6
f 3928/4/6 3907/4/6 3929/4/6
f 3908/2/6 3909/2/6 3930/2/6
f 3929/4/6 3907/4/6 3930/4/6
f 3907/2/6 3908/2/6 3930/2/6
f 3912/4/6 3913/4/6 3931/4/6
f 3930/2/6 3909/2/6 3931/2/6
f 3910/4/6 3911/4/6 3931/4/6
f 3909/4/6 3910/4/6 3931/4/6
f 3911/4/6 3912/4/6 3931/4/6
f 3931/4/6 3913/4/6 3932/4/6
f 3913/2/6 3914/2/6 3933/2/6
f 3932/4/6 3913/4/6 3933/4/6
f 3914/2/6 3894/2/6 3934/2/6
f 3933/2/6 3914/2/6 3934/2/6
f 3894/4/6 3915/4/6 3935/4/6
f 3934/2/6 3894/2/6 3935/2/6
f 3935/4/6 3915/4/6 3936/4/6
f 3915/2/6 3916/2/6 3937/2/6
f 3936/4/6 3915/4/6 3937/4/6
f 3855/4/6 3917/4/6 3938/4/6
f 3917/2/6 3918/2/6 3938/2/6
f 3919/4/6 3920/4/6 3939/4/6
f 3938/2/6 3918/2/6 3939/2/6
f 3918/4/6 3919/4/6 3939/4/6
f 3920/2/6 3921/2/6 3940/2/6
f 3921/2/6 3922/2/6 3940/2/6
f 3940/2/6 3922/2/6 3941/2/6
f 3923/4/6 3924/4/6 3942/4/6
f 3941/2/6 3922/2/6 3942/2/6
f 3922/4/6 3923/4/6 3942/4/6
f 3942/4/6 3924/4/6 3943/4/6
f 3924/2/6 3925/2/6 3944/2/6
f 3943/4/6 3924/4/6 3944/4/6
f 3925/2/6 3926/2/6 3944/2/6
f 3944/2/6 3926/2/6 3945/2/6
f 3928/2/6 3929/2/6 3946/2/6
f 3927/2/6 3928/2/6 3946/2/6
f 3926/4/6 3927/4/6 3946/4/6
f 3946/2/6 3929/2/6 3947/2/6
f 3929/4/6 3930/4/6 3948/4/6
f 3947/2/6 3929/2/6 3948/2/6
f 3931/4/6 3932/4/6 3948/4/6
f 3930/4/6 3931/4/6 3948/4/6
f 3932/2/6 3933/2/6 3949/2/6
f 3948/4/6 3932/4/6 3949/4/6
f 3933/2/6 3934/2/6 3949/2/6
f 3949/2/6 3934/2/6 3950/2/6
f 3935/4/6 3936/4/6 3951/4/6
f 3950/2/6 3934/2/6 3951/2/6
f 3934/4/6 3935/4/6 3951/4/6
f 3936/2/6 3937/2/6 3952/2/6
f 3951/4/6 3936/4/6 3952/4/6
f 3937/2/6 3916/2/6 3953/2/6
f 3952/2/6 3937/2/6 3953/2/6
f 3916/2/6 3896/2/6 3953/2/6
f 3953/2/6 3896/2/6 3954/2/6
f 3954/2/6 3896/2/6 3955/2/6
f 3939/4/6 3920/4/6 3956/4/6
f 3938/4/6 3939/4/6 3956/4/6
f 3920/2/6 3940/2/6 3957/2/6
f 3956/4/6 3920/4/6 3957/4/6
f 3940/4/6 3941/4/6 3958/4/6
f 3942/2/6 3943/2/6 3958/2/6
f 3941/2/6 3942/2/6 3958/2/6
f 3958/2/6 3943/2/6 3959/2/6
f 3945/2/6 3926/2/6 3960/2/6
f 3944/4/6 3945/4/6 3960/4/6
f 3943/4/6 3944/4/6 3960/4/6
f 3946/4/6 3947/4/6 3961/4/6
f 3960/2/6 3926/2/6 3961/2/6
f 3926/4/6 3946/4/6 3961/4/6
f 3947/2/6 3948/2/6 3962/2/6
f 3961/4/6 3947/4/6 3962/4/6
f 3949/2/6 3950/2/6 3962/2/6
f 3948/2/6 3949/2/6 3962/2/6
f 3962/2/6 3950/2/6 3963/2/6
f 3963/2/6 3950/2/6 3964/2/6
f 3964/2/6 3950/2/6 3965/2/6
f 3965/2/6 3950/2/6 3966/2/6
f 3951/4/6 3952/4/6 3967/4/6
f 3966/2/6 3950/2/6 3967/2/6
f 3950/4/6 3951/4/6 3967/4/6
f 3952/4/6 3953/4/6 3967/4/6
f 3953/2/6 3954/2/6 3968/2/6
f 3967/4/6 3953/4/6 3968/4/6
f 3954/4/6 3955/4/6 3969/4/6
f 3968/2/6 3954/2/6 3969/2/6
f 3855/4/6 3938/4/6 3970/4/6
f 3938/4/6 3956/4/6 3970/4/6
f 3970/4/6 3956/4/6 3971/4/6
f 3956/2/6 3957/2/6 3972/2/6
f 3971/4/6 3956/4/6 3972/4/6
f 3972/2/6 3957/2/6 3973/2/6
f 3959/2/6 3943/2/6 3974/2/6
f 3958/4/6 3959/4/6 3974/4/6
f 3943/4/6 3960/4/6 3975/4/6
f 3974/2/6 3943/2/6 3975/2/6
f 3960/4/6 3961/4/6 3975/4/6
f 3961/4/6 3962/4/6 3975/4/6
f 3962/4/6 3963/4/6 3975/4/6
f 3975/4/6 3963/4/6 3976/4/6
f 3976/4/6 3963/4/6 3977/4/6
f 3963/2/6 3964/2/6 3978/2/6
f 3977/4/6 3963/4/6 3978/4/6
f 3978/2/6 3964/2/6 3979/2/6
f 3979/2/6 3964/2/6 3980/2/6
f 3980/2/6 3964/2/6 3981/2/6
f 3964/4/6 3965/4/6 3982/4/6
f 3981/2/6 3964/2/6 3982/2/6
f 3982/4/6 3965/4/6 3983/4/6
f 3965/2/6 3966/2/6 3984/2/6
f 3983/4/6 3965/4/6 3984/4/6
f 3968/4/6 3969/4/6 3985/4/6
f 3984/2/6 3966/2/6 3985/2/6
f 3967/4/6 3968/4/6 3985/4/6
f 3966/4/6 3967/4/6 3985/4/6
f 3985/4/6 3969/4/6 3986/4/6
f 3986/4/6 3969/4/6 3987/4/6
f 3970/2/6 3971/2/6 3988/2/6
f 3971/4/6 3972/4/6 3989/4/6
f 3988/2/6 3971/2/6 3989/2/6
f 3972/4/6 3973/4/6 3989/4/6
f 3973/2/6 3957/2/6 3990/2/6
f 3989/4/6 3973/4/6 3990/4/6
f 3957/2/6 3940/2/6 3991/2/6
f 3990/2/6 3957/2/6 3991/2/6
f 3976/2/6 3977/2/6 3992/2/6
f 3977/4/6 3978/4/6 3992/4/6
f 3978/4/6 3979/4/6 3992/4/6
f 3992/4/6 3979/4/6 3993/4/6
f 3979/2/6 3980/2/6 3994/2/6
f 3993/4/6 3979/4/6 3994/4/6
f 3980/4/6 3981/4/6 3995/4/6
f 3994/2/6 3980/2/6 3995/2/6
f 3982/2/6 3983/2/6 3996/2/6
f 3995/4/6 3981/4/6 3996/4/6
f 3981/2/6 3982/2/6 3996/2/6
f 3996/2/6 3983/2/6 3997/2/6
f 3983/4/6 3984/4/6 3998/4/6
f 3997/2/6 3983/2/6 3998/2/6
f 3985/4/6 3986/4/6 3998/4/6
f 3984/4/6 3985/4/6 3998/4/6
f 3998/4/6 3986/4/6 3999/4/6
f 3999/4/6 3986/4/6 4000/4/6
f 3986/2/6 3987/2/6 4001/2/6
f 4000/4/6 3986/4/6 4001/4/6
f 3987/4/6 3969/4/6 4002/4/6
f 4001/2/6 3987/2/6 4002/2/6
f 3969/4/6 3955/4/6 4003/4/6
f 4002/4/6 3969/4/6 4003/4/6
f 3988/4/6 3989/4/6 4004/4/6
f 3989/4/6 3990/4/6 4004/4/6
f 3990/4/6 3991/4/6 4004/4/6
f 4004/4/6 3991/4/6 4005/4/6
f 3991/2/6 3940/2/6 4006/2/6
f 4005/4/6 3991/4/6 4006/4/6
f 3958/4/6 3974/4/6 4007/4/6
f 4006/2/6 3940/2/6 4007/2/6
f 3940/4/6 3958/4/6 4007/4/6
f 3974/4/6 3975/4/6 4007/4/6
f 3975/4/6 3976/4/6 4007/4/6
f 4007/4/6 3976/4/6 4008/4/6
f 3976/2/6 3992/2/6 4009/2/6
f 4008/4/6 3976/4/6 4009/4/6
f 3992/2/6 3993/2/6 4009/2/6
f 4009/2/6 3993/2/6 4010/2/6
f 3994/4/6 3995/4/6 4011/4/6
f 4010/2/6 3993/2/6 4011/2/6
f 3996/4/6 3997/4/6 4011/4/6
f 3993/4/6 3994/4/6 4011/4/6
f 3995/4/6 3996/4/6 4011/4/6
f 4011/4/6 3997/4/6 4012/4/6
f 4012/4/6 3997/4/6 4013/4/6
f 4013/4/6 3997/4/6 4014/4/6
f 4014/4/6 3997/4/6 4015/4/6
f 3998/2/6 3999/2/6 4016/2/6
f 4015/4/6 3997/4/6 4016/4/6
f 3997/2/6 3998/2/6 4016/2/6
f 4016/2/6 3999/2/6 4017/2/6
f 4017/2/6 3999/2/6 4018/2/6
f 3999/4/6 4000/4/6 4019/4/6
f 4018/2/6 3999/2/6 4019/2/6
f 4019/4/6 4000/4/6 4020/4/6
f 4001/2/6 4002/2/6 4021/2/6
f 4020/4/6 4000/4/6 4021/4/6
f 4002/2/6 4003/2/6 4021/2/6
f 4000/2/6 4001/2/6 4021/2/6
f 4021/2/6 4003/2/6 4022/2/6
f 4022/2/6 4003/2/6 4023/2/6
f 4003/4/6 3955/4/6 4024/4/6
f 4023/2/6 4003/2/6 4024/2/6
f 4024/4/6 3955/4/6 4025/4/6
f 4005/4/6 4006/4/6 4026/4/6
f 4007/4/6 4008/4/6 4026/4/6
f 4006/4/6 4007/4/6 4026/4/6
f 4022/2/6 4023/2/6 4027/2/6
f 4026/4/6 4008/4/6 4028/4/6
f 4028/4/6 4008/4/6 4029/4/6
f 4029/4/6 4008/4/6 4030/4/6
f 4009/2/6 4010/2/6 4031/2/6
f 4030/4/6 4008/4/6 4031/4/6
f 4008/2/6 4009/2/6 4031/2/6
f 4031/2/6 4010/2/6 4032/2/6
f 4010/4/6 4011/4/6 4033/4/6
f 4032/2/6 4010/2/6 4033/2/6
f 4033/4/6 4011/4/6 4034/4/6
f 4011/2/6 4012/2/6 4035/2/6
f 4034/4/6 4011/4/6 4035/4/6
f 4035/2/6 4012/2/6 4036/2/6
f 4012/4/6 4013/4/6 4037/4/6
f 4036/2/6 4012/2/6 4037/2/6
f 4037/4/6 4013/4/6 4038/4/6
f 4013/2/6 4014/2/6 4039/2/6
f 4038/4/6 4013/4/6 4039/4/6
f 4014/4/6 4015/4/6 4040/4/6
f 4039/2/6 4014/2/6 4040/2/6
f 4016/2/6 4017/2/6 4041/2/6
f 4040/4/6 4015/4/6 4041/4/6
f 4015/2/6 4016/2/6 4041/2/6
f 4017/4/6 4018/4/6 4042/4/6
f 4041/2/6 4017/2/6 4042/2/6
f 4019/2/6 4020/2/6 4043/2/6
f 4042/4/6 4018/4/6 4043/4/6
f 4018/2/6 4019/2/6 4043/2/6
f 4043/2/6 4020/2/6 4044/2/6
f 4021/4/6 4022/4/6 4045/4/6
f 4044/2/6 4020/2/6 4045/2/6
f 4020/4/6 4021/4/6 4045/4/6
f 4045/4/6 4022/4/6 4046/4/6
f 4022/2/6 4027/2/6 4047/2/6
f 4046/4/6 4022/4/6 4047/4/6
f 4047/2/6 4027/2/6 4048/2/6
f 4048/2/6 4027/2/6 4049/2/6
f 4029/2/6 4030/2/6 4050/2/6
f 4028/4/6 4029/4/6 4050/4/6
f 4031/4/6 4032/4/6 4051/4/6
f 4050/2/6 4030/2/6 4051/2/6
f 4030/4/6 4031/4/6 4051/4/6
f 4051/4/6 4032/4/6 4052/4/6
f 4052/4/6 4032/4/6 4053/4/6
f 4033/2/6 4034/2/6 4054/2/6
f 4053/4/6 4032/4/6 4054/4/6
f 4032/2/6 4033/2/6 4054/2/6
f 4034/4/6 4035/4/6 4055/4/6
f 4054/2/6 4034/2/6 4055/2/6
f 4035/4/6 4036/4/6 4055/4/6
f 4041/4/6 4042/4/6 4056/4/6
f 4038/4/6 4039/4/6 4056/4/6
f 4043/4/6 4044/4/6 4056/4/6
f 4040/4/6 4041/4/6 4056/4/6
f 4039/4/6 4040/4/6 4056/4/6
f 4042/4/6 4043/4/6 4056/4/6
f 4036/2/6 4037/2/6 4056/2/6
f 4037/2/6 4038/2/6 4056/2/6
f 4056/4/6 4044/4/6 4057/4/6
f 4057/4/6 4044/4/6 4058/4/6
f 4058/4/6 4044/4/6 4059/4/6
f 4044/2/6 4045/2/6 4060/2/6
f 4059/4/6 4044/4/6 4060/4/6
f 4045/2/6 4046/2/6 4060/2/6
f 4060/2/6 4046/2/6 4061/2/6
f 4046/4/6 4047/4/6 4062/4/6
f 4061/2/6 4046/2/6 4062/2/6
f 4047/4/6 4048/4/6 4062/4/6
f 4062/4/6 4048/4/6 4063/4/6
f 4048/2/6 4049/2/6 4064/2/6
f 4063/4/6 4048/4/6 4064/4/6
f 4064/2/6 4049/2/6 4065/2/6
f 4051/4/6 4052/4/6 4066/4/6
f 4052/2/6 4053/2/6 4066/2/6
f 4050/4/6 4051/4/6 4066/4/6
f 4054/4/6 4055/4/6 4067/4/6
f 4066/2/6 4053/2/6 4067/2/6
f 4053/4/6 4054/4/6 4067/4/6
f 4055/4/6 4036/4/6 4068/4/6
f 4067/4/6 4055/4/6 4068/4/6
f 4036/2/6 4056/2/6 4068/2/6
f 4056/2/6 4057/2/6 4068/2/6
f 4068/2/6 4057/2/6 4069/2/6
f 4057/4/6 4058/4/6 4070/4/6
f 4069/2/6 4057/2/6 4070/2/6
f 4058/2/6 4059/2/6 4071/2/6
f 4070/4/6 4058/4/6 4071/4/6
f 4060/4/6 4061/4/6 4072/4/6
f 4071/2/6 4059/2/6 4072/2/6
f 4059/4/6 4060/4/6 4072/4/6
f 4062/2/6 4063/2/6 4073/2/6
f 4072/4/6 4061/4/6 4073/4/6
f 4061/2/6 4062/2/6 4073/2/6
f 4073/2/6 4063/2/6 4074/2/6
f 4064/4/6 4065/4/6 4075/4/6
f 4074/2/6 4063/2/6 4075/2/6
f 4063/4/6 4064/4/6 4075/4/6
f 4075/4/6 4065/4/6 4076/4/6
f 4066/4/6 4067/4/6 4077/4/6
f 4050/4/6 4066/4/6 4077/4/6
f 4067/4/6 4068/4/6 4077/4/6
f 4068/4/6 4069/4/6 4077/4/6
f 4028/4/6 4050/4/6 4077/4/6
f 4070/2/6 4071/2/6 4078/2/6
f 4077/4/6 4069/4/6 4078/4/6
f 4069/2/6 4070/2/6 4078/2/6
f 4071/4/6 4072/4/6 4079/4/6
f 4078/2/6 4071/2/6 4079/2/6
f 4073/4/6 4074/4/6 4079/4/6
f 4072/4/6 4073/4/6 4079/4/6
f 4075/2/6 4076/2/6 4080/2/6
f 4079/4/6 4074/4/6 4080/4/6
f 4074/2/6 4075/2/6 4080/2/6
f 4076/4/6 4065/4/6 4081/4/6
f 4080/2/6 4076/2/6 4081/2/6
f 4081/4/6 4065/4/6 4082/4/6
f 4083/4/6 4084/4/6 4089/4/6
f 4089/4/6 4084/4/6 4090/4/6
f 4090/4/6 4084/4/6 4091/4/6
f 4084/2/6 4085/2/6 4092/2/6
f 4091/4/6 4084/4/6 4092/4/6
f 4092/2/6 4085/2/6 4093/2/6
f 4085/4/6 4086/4/6 4094/4/6
f 4093/2/6 4085/2/6 4094/2/6
f 4094/4/6 4086/4/6 4095/4/6
f 4095/4/6 4086/4/6 4096/4/6
f 4086/2/6 4087/2/6 4097/2/6
f 4096/4/6 4086/4/6 4097/4/6
f 4097/2/6 4087/2/6 4098/2/6
f 4087/4/6 4088/4/6 4099/4/6
f 4098/2/6 4087/2/6 4099/2/6
f 4099/4/6 4088/4/6 4100/4/6
f 4100/4/6 4088/4/6 4101/4/6
f 4083/4/6 4089/4/6 4102/4/6
f 4102/4/6 4089/4/6 4103/4/6
f 4103/4/6 4089/4/6 4104/4/6
f 4104/4/6 4089/4/6 4105/4/6
f 4089/2/6 4090/2/6 4106/2/6
f 4105/4/6 4089/4/6 4106/4/6
f 4090/4/6 4091/4/6 4107/4/6
f 4106/2/6 4090/2/6 4107/2/6
f 4107/4/6 4091/4/6 4108/4/6
f 4108/4/6 4091/4/6 4109/4/6
f 4109/4/6 4091/4/6 4110/4/6
f 4092/2/6 4093/2/6 4111/2/6
f 4110/4/6 4091/4/6 4111/4/6
f 4091/2/6 4092/2/6 4111/2/6
f 4111/2/6 4093/2/6 4112/2/6
f 4093/4/6 4094/4/6 4113/4/6
f 4112/2/6 4093/2/6 4113/2/6
f 4113/4/6 4094/4/6 4114/4/6
f 4114/4/6 4094/4/6 4115/4/6
f 4094/2/6 4095/2/6 4116/2/6
f 4115/4/6 4094/4/6 4116/4/6
f 4095/4/6 4096/4/6 4117/4/6
f 4116/2/6 4095/2/6 4117/2/6
f 4117/4/6 4096/4/6 4118/4/6
f 4097/2/6 4098/2/6 4119/2/6
f 4118/4/6 4096/4/6 4119/4/6
f 4096/2/6 4097/2/6 4119/2/6
f 4119/2/6 4098/2/6 4120/2/6
f 4098/4/6 4099/4/6 4121/4/6
f 4120/2/6 4098/2/6 4121/2/6
f 4099/4/6 4100/4/6 4121/4/6
f 4121/4/6 4100/4/6 4122/4/6
f 4100/2/6 4101/2/6 4123/2/6
f 4122/4/6 4100/4/6 4123/4/6
f 4083/4/6 4102/4/6 4124/4/6
f 4102/2/6 4103/2/6 4124/2/6
f 4124/2/6 4103/2/6 4125/2/6
f 4103/4/6 4104/4/6 4126/4/6
f 4125/2/6 4103/2/6 4126/2/6
f 4126/4/6 4104/4/6 4127/4/6
f 4104/2/6 4105/2/6 4128/2/6
f 4127/4/6 4104/4/6 4128/4/6
f 4105/4/6 4106/4/6 4129/4/6
f 4128/2/6 4105/2/6 4129/2/6
f 4106/4/6 4107/4/6 4129/4/6
f 4107/4/6 4108/4/6 4129/4/6
f 4129/4/6 4108/4/6 4130/4/6
f 4108/2/6 4109/2/6 4131/2/6
f 4130/4/6 4108/4/6 4131/4/6
f 4131/2/6 4109/2/6 4132/2/6
f 4109/4/6 4110/4/6 4133/4/6
f 4132/2/6 4109/2/6 4133/2/6
f 4133/4/6 4110/4/6 4134/4/6
f 4111/2/6 4112/2/6 4135/2/6
f 4134/4/6 4110/4/6 4135/4/6
f 4110/2/6 4111/2/6 4135/2/6
f 4135/2/6 4112/2/6 4136/2/6
f 4112/4/6 4113/4/6 4137/4/6
f 4136/2/6 4112/2/6 4137/2/6
f 4113/4/6 4114/4/6 4137/4/6
f 4137/4/6 4114/4/6 4138/4/6
f 4138/4/6 4114/4/6 4139/4/6
f 4139/4/6 4114/4/6 4140/4/6
f 4114/2/6 4115/2/6 4141/2/6
f 4140/4/6 4114/4/6 4141/4/6
f 4117/4/6 4118/4/6 4142/4/6
f 4141/2/6 4115/2/6 4142/2/6
f 4115/4/6 4116/4/6 4142/4/6
f 4116/4/6 4117/4/6 4142/4/6
f 4142/4/6 4118/4/6 4143/4/6
f 4119/2/6 4120/2/6 4144/2/6
f 4143/4/6 4118/4/6 4144/4/6
f 4118/2/6 4119/2/6 4144/2/6
f 4144/2/6 4120/2/6 4145/2/6
f 4121/4/6 4122/4/6 4146/4/6
f 4145/2/6 4120/2/6 4146/2/6
f 4120/4/6 4121/4/6 4146/4/6
f 4146/4/6 4122/4/6 4147/4/6
f 4122/2/6 4123/2/6 4148/2/6
f 4147/4/6 4122/4/6 4148/4/6
f 4123/2/6 4101/2/6 4149/2/6
f 4148/2/6 4123/2/6 4149/2/6
f 4149/2/6 4101/2/6 4150/2/6
f 4124/4/6 4125/4/6 4151/4/6
f 4083/4/6 4124/4/6 4151/4/6
f 4126/2/6 4127/2/6 4152/2/6
f 4151/4/6 4125/4/6 4152/4/6
f 4125/2/6 4126/2/6 4152/2/6
f 4152/2/6 4127/2/6 4153/2/6
f 4127/4/6 4128/4/6 4154/4/6
f 4153/2/6 4127/2/6 4154/2/6
f 4129/4/6 4130/4/6 4154/4/6
f 4128/4/6 4129/4/6 4154/4/6
f 4154/4/6 4130/4/6 4155/4/6
f 4155/4/6 4130/4/6 4156/4/6
f 4131/2/6 4132/2/6 4157/2/6
f 4156/4/6 4130/4/6 4157/4/6
f 4130/2/6 4131/2/6 4157/2/6
f 4133/4/6 4134/4/6 4158/4/6
f 4157/2/6 4132/2/6 4158/2/6
f 4132/4/6 4133/4/6 4158/4/6
f 4158/4/6 4134/4/6 4159/4/6
f 4135/2/6 4136/2/6 4160/2/6
f 4159/4/6 4134/4/6 4160/4/6
f 4134/2/6 4135/2/6 4160/2/6
f 4160/2/6 4136/2/6 4161/2/6
f 4137/4/6 4138/4/6 4162/4/6
f 4161/2/6 4136/2/6 4162/2/6
f 4136/4/6 4137/4/6 4162/4/6
f 4162/4/6 4138/4/6 4163/4/6
f 4138/2/6 4139/2/6 4164/2/6
f 4163/4/6 4138/4/6 4164/4/6
f 4139/4/6 4140/4/6 4165/4/6
f 4140/2/6 4141/2/6 4166/2/6
f 4165/4/6 4140/4/6 4166/4/6
f 4142/4/6 4143/4/6 4167/4/6
f 4166/2/6 4141/2/6 4167/2/6
f 4141/4/6 4142/4/6 4167/4/6
f 4167/4/6 4143/4/6 4168/4/6
f 4144/2/6 4145/2/6 4169/2/6
f 4168/4/6 4143/4/6 4169/4/6
f 4143/2/6 4144/2/6 4169/2/6
f 4146/4/6 4147/4/6 4170/4/6
f 4169/2/6 4145/2/6 4170/2/6
f 4145/4/6 4146/4/6 4170/4/6
f 4170/4/6 4147/4/6 4171/4/6
f 4171/4/6 4147/4/6 4172/4/6
f 4147/2/6 4148/2/6 4173/2/6
f 4172/4/6 4147/4/6 4173/4/6
f 4148/2/6 4149/2/6 4173/2/6
f 4152/4/6 4153/4/6 4174/4/6
f 4151/2/6 4152/2/6 4174/2/6
f 4174/4/6 4153/4/6 4175/4/6
f 4153/2/6 4154/2/6 4176/2/6
f 4175/4/6 4153/4/6 4176/4/6
f 4154/2/6 4155/2/6 4176/2/6
f 4176/2/6 4155/2/6 4177/2/6
f 4155/4/6 4156/4/6 4178/4/6
f 4156/2/6 4157/2/6 4178/2/6
f 4158/4/6 4159/4/6 4179/4/6
f 4178/2/6 4157/2/6 4179/2/6
f 4157/4/6 4158/4/6 4179/4/6
f 4179/4/6 4159/4/6 4180/4/6
f 4160/2/6 4161/2/6 4181/2/6
f 4180/4/6 4159/4/6 4181/4/6
f 4159/2/6 4160/2/6 4181/2/6
f 4181/2/6 4161/2/6 4182/2/6
f 4162/4/6 4163/4/6 4183/4/6
f 4182/2/6 4161/2/6 4183/2/6
f 4161/4/6 4162/4/6 4183/4/6
f 4163/2/6 4164/2/6 4184/2/6
f 4183/4/6 4163/4/6 4184/4/6
f 4139/4/6 4165/4/6 4185/4/6
f 4184/2/6 4164/2/6 4185/2/6
f 4164/2/6 4139/2/6 4185/2/6
f 4165/2/6 4166/2/6 4186/2/6
f 4185/4/6 4165/4/6 4186/4/6
f 4167/4/6 4168/4/6 4187/4/6
f 4186/2/6 4166/2/6 4187/2/6
f 4166/4/6 4167/4/6 4187/4/6
f 4187/4/6 4168/4/6 4188/4/6
f 4169/2/6 4170/2/6 4189/2/6
f 4188/4/6 4168/4/6 4189/4/6
f 4168/2/6 4169/2/6 4189/2/6
f 4170/2/6 4171/2/6 4189/2/6
f 4189/2/6 4171/2/6 4190/2/6
f 4171/4/6 4172/4/6 4191/4/6
f 4190/2/6 4171/2/6 4191/2/6
f 4172/2/6 4173/2/6 4192/2/6
f 4191/4/6 4172/4/6 4192/4/6
f 4192/2/6 4173/2/6 4193/2/6
f 4176/4/6 4177/4/6 4194/4/6
f 4174/2/6 4175/2/6 4194/2/6
f 4175/4/6 4176/4/6 4194/4/6
f 4194/4/6 4177/4/6 4195/4/6
f 4177/2/6 4155/2/6 4196/2/6
f 4195/4/6 4177/4/6 4196/4/6
f 4179/4/6 4180/4/6 4197/4/6
f 4196/2/6 4155/2/6 4197/2/6
f 4155/4/6 4178/4/6 4197/4/6
f 4178/4/6 4179/4/6 4197/4/6
f 4197/4/6 4180/4/6 4198/4/6
f 4181/2/6 4182/2/6 4199/2/6
f 4198/4/6 4180/4/6 4199/4/6
f 4180/2/6 4181/2/6 4199/2/6
f 4199/2/6 4182/2/6 4200/2/6
f 4183/4/6 4184/4/6 4201/4/6
f 4200/2/6 4182/2/6 4201/2/6
f 4187/4/6 4188/4/6 4201/4/6
f 4184/4/6 4185/4/6 4201/4/6
f 4182/4/6 4183/4/6 4201/4/6
f 4185/4/6 4186/4/6 4201/4/6
f 4186/4/6 4187/4/6 4201/4/6
f 4201/4/6 4188/4/6 4202/4/6
f 4202/4/6 4188/4/6 4203/4/6
f 4203/4/6 4188/4/6 4204/4/6
f 4188/2/6 4189/2/6 4205/2/6
f 4204/4/6 4188/4/6 4205/4/6
f 4189/2/6 4190/2/6 4205/2/6
f 4205/2/6 4190/2/6 4206/2/6
f 4190/4/6 4191/4/6 4207/4/6
f 4206/2/6 4190/2/6 4207/2/6
f 4191/4/6 4192/4/6 4207/4/6
f 4192/4/6 4193/4/6 4207/4/6
f 4193/2/6 4173/2/6 4208/2/6
f 4207/4/6 4193/4/6 4208/4/6
f 4173/2/6 4149/2/6 4209/2/6
f 4208/2/6 4173/2/6 4209/2/6
f 4209/2/6 4149/2/6 4210/2/6
f 4149/4/6 4150/4/6 4211/4/6
f 4210/2/6 4149/2/6 4211/2/6
f 4194/2/6 4195/2/6 4212/2/6
f 4174/2/6 4194/2/6 4212/2/6
f 4151/2/6 4174/2/6 4212/2/6
f 4212/2/6 4195/2/6 4213/2/6
f 4197/4/6 4198/4/6 4214/4/6
f 4213/2/6 4195/2/6 4214/2/6
f 4195/4/6 4196/4/6 4214/4/6
f 4196/4/6 4197/4/6 4214/4/6
f 4214/4/6 4198/4/6 4215/4/6
f 4215/4/6 4198/4/6 4216/4/6
f 4199/2/6 4200/2/6 4217/2/6
f 4216/4/6 4198/4/6 4217/4/6
f 4198/2/6 4199/2/6 4217/2/6
f 4217/2/6 4200/2/6 4218/2/6
f 4200/4/6 4201/4/6 4219/4/6
f 4218/2/6 4200/2/6 4219/2/6
f 4201/4/6 4202/4/6 4219/4/6
f 4219/4/6 4202/4/6 4220/4/6
f 4202/2/6 4203/2/6 4221/2/6
f 4220/4/6 4202/4/6 4221/4/6
f 4203/4/6 4204/4/6 4222/4/6
f 4221/2/6 4203/2/6 4222/2/6
f 4205/2/6 4206/2/6 4223/2/6
f 4222/4/6 4204/4/6 4223/4/6
f 4204/2/6 4205/2/6 4223/2/6
f 4223/2/6 4206/2/6 4224/2/6
f 4207/4/6 4208/4/6 4225/4/6
f 4224/2/6 4206/2/6 4225/2/6
f 4206/4/6 4207/4/6 4225/4/6
f 4208/4/6 4209/4/6 4225/4/6
f 4225/4/6 4209/4/6 4226/4/6
f 4226/4/6 4209/4/6 4227/4/6
f 4209/2/6 4210/2/6 4228/2/6
f 4227/4/6 4209/4/6 4228/4/6
f 4210/4/6 4211/4/6 4229/4/6
f 4228/2/6 4210/2/6 4229/2/6
f 4212/4/6 4213/4/6 4230/4/6
f 4230/4/6 4213/4/6 4231/4/6
f 4214/2/6 4215/2/6 4232/2/6
f 4231/4/6 4213/4/6 4232/4/6
f 4213/2/6 4214/2/6 4232/2/6
f 4232/2/6 4215/2/6 4233/2/6
f 4215/4/6 4216/4/6 4234/4/6
f 4233/2/6 4215/2/6 4234/2/6
f 4234/4/6 4216/4/6 4235/4/6
f 4235/4/6 4216/4/6 4236/4/6
f 4217/2/6 4218/2/6 4237/2/6
f 4236/4/6 4216/4/6 4237/4/6
f 4216/2/6 4217/2/6 4237/2/6
f 4237/2/6 4218/2/6 4238/2/6
f 4218/4/6 4219/4/6 4239/4/6
f 4238/2/6 4218/2/6 4239/2/6
f 4219/4/6 4220/4/6 4239/4/6
f 4239/4/6 4220/4/6 4240/4/6
f 4240/4/6 4220/4/6 4241/4/6
f 4241/4/6 4220/4/6 4242/4/6
f 4223/2/6 4224/2/6 4243/2/6
f 4242/4/6 4220/4/6 4243/4/6
f 4221/2/6 4222/2/6 4243/2/6
f 4222/2/6 4223/2/6 4243/2/6
f 4220/2/6 4221/2/6 4243/2/6
f 4243/2/6 4224/2/6 4244/2/6
f 4224/4/6 4225/4/6 4245/4/6
f 4244/2/6 4224/2/6 4245/2/6
f 4225/4/6 4226/4/6 4245/4/6
f 4245/4/6 4226/4/6 4246/4/6
f 4226/2/6 4227/2/6 4247/2/6
f 4246/4/6 4226/4/6 4247/4/6
f 4227/4/6 4228/4/6 4248/4/6
f 4247/2/6 4227/2/6 4248/2/6
f 4228/4/6 4229/4/6 4248/4/6
f 4248/4/6 4229/4/6 4249/4/6
f 4229/4/6 4211/4/6 4250/4/6
f 4249/4/6 4229/4/6 4250/4/6
f 4211/4/6 4150/4/6 4251/4/6
f 4250/4/6 4211/4/6 4251/4/6
f 4230/2/6 4231/2/6 4252/2/6
f 4232/4/6 4233/4/6 4253/4/6
f 4252/2/6 4231/2/6 4253/2/6
f 4231/4/6 4232/4/6 4253/4/6
f 4253/4/6 4233/4/6 4254/4/6
f 4254/4/6 4233/4/6 4255/4/6
f 4235/4/6 4236/4/6 4256/4/6
f 4234/2/6 4235/2/6 4256/2/6
f 4233/2/6 4234/2/6 4256/2/6
f 4237/2/6 4238/2/6 4257/2/6
f 4256/4/6 4236/4/6 4257/4/6
f 4236/2/6 4237/2/6 4257/2/6
f 4257/2/6 4238/2/6 4258/2/6
f 4239/4/6 4240/4/6 4259/4/6
f 4258/2/6 4238/2/6 4259/2/6
f 4238/4/6 4239/4/6 4259/4/6
f 4259/4/6 4240/4/6 4260/4/6
f 4240/2/6 4241/2/6 4261/2/6
f 4260/4/6 4240/4/6 4261/4/6
f 4261/2/6 4241/2/6 4262/2/6
f 4241/4/6 4242/4/6 4263/4/6
f 4262/2/6 4241/2/6 4263/2/6
f 4263/4/6 4242/4/6 4264/4/6
f 4243/2/6 4244/2/6 4265/2/6
f 4264/4/6 4242/4/6 4265/4/6
f 4242/2/6 4243/2/6 4265/2/6
f 4265/2/6 4244/2/6 4266/2/6
f 4245/4/6 4246/4/6 4267/4/6
f 4266/2/6 4244/2/6 4267/2/6
f 4244/4/6 4245/4/6 4267/4/6
f 4267/4/6 4246/4/6 4268/4/6
f 4248/2/6 4249/2/6 4269/2/6
f 4268/4/6 4246/4/6 4269/4/6
f 4246/2/6 4247/2/6 4269/2/6
f 4247/2/6 4248/2/6 4269/2/6
f 4249/4/6 4250/4/6 4270/4/6
f 4269/2/6 4249/2/6 4270/2/6
f 4270/4/6 4250/4/6 4271/4/6
f 4271/4/6 4250/4/6 4272/4/6
f 4250/2/6 4251/2/6 4273/2/6
f 4272/4/6 4250/4/6 4273/4/6
f 4251/4/6 4150/4/6 4274/4/6
f 4273/2/6 4251/2/6 4274/2/6
f 4274/4/6 4150/4/6 4275/4/6
f 4252/4/6 4253/4/6 4276/4/6
f 4254/2/6 4255/2/6 4276/2/6
f 4253/4/6 4254/4/6 4276/4/6
f 4255/4/6 4233/4/6 4277/4/6
f 4276/2/6 4255/2/6 4277/2/6
f 4277/4/6 4233/4/6 4278/4/6
f 4257/2/6 4258/2/6 4279/2/6
f 4278/4/6 4233/4/6 4279/4/6
f 4256/2/6 4257/2/6 4279/2/6
f 4233/2/6 4256/2/6 4279/2/6
f 4279/2/6 4258/2/6 4280/2/6
f 4259/4/6 4260/4/6 4281/4/6
f 4280/2/6 4258/2/6 4281/2/6
f 4258/4/6 4259/4/6 4281/4/6
f 4281/4/6 4260/4/6 4282/4/6
f 4261/2/6 4262/2/6 4283/2/6
f 4282/4/6 4260/4/6 4283/4/6
f 4260/2/6 4261/2/6 4283/2/6
f 4283/2/6 4262/2/6 4284/2/6
f 4263/4/6 4264/4/6 4285/4/6
f 4284/2/6 4262/2/6 4285/2/6
f 4262/4/6 4263/4/6 4285/4/6
f 4285/4/6 4264/4/6 4286/4/6
f 4265/2/6 4266/2/6 4287/2/6
f 4286/4/6 4264/4/6 4287/4/6
f 4264/2/6 4265/2/6 4287/2/6
f 4287/2/6 4266/2/6 4288/2/6
f 4267/4/6 4268/4/6 4289/4/6
f 4288/2/6 4266/2/6 4289/2/6
f 4266/4/6 4267/4/6 4289/4/6
f 4289/4/6 4268/4/6 4290/4/6
f 4290/4/6 4268/4/6 4291/4/6
f 4291/4/6 4268/4/6 4292/4/6
f 4268/2/6 4269/2/6 4293/2/6
f 4292/4/6 4268/4/6 4293/4/6
f 4270/2/6 4271/2/6 4293/2/6
f 4269/2/6 4270/2/6 4293/2/6
f 4293/2/6 4271/2/6 4294/2/6
f 4294/2/6 4271/2/6 4295/2/6
f 4271/4/6 4272/4/6 4296/4/6
f 4295/2/6 4271/2/6 4296/2/6
f 4296/4/6 4272/4/6 4297/4/6
f 4272/2/6 4273/2/6 4298/2/6
f 4297/4/6 4272/4/6 4298/4/6
f 4274/2/6 4275/2/6 4298/2/6
f 4273/2/6 4274/2/6 4298/2/6
f 4298/2/6 4275/2/6 4299/2/6
f 4277/4/6 4278/4/6 4300/4/6
f 4276/4/6 4277/4/6 4300/4/6
f 4279/2/6 4280/2/6 4301/2/6
f 4300/4/6 4278/4/6 4301/4/6
f 4278/2/6 4279/2/6 4301/2/6
f 4301/2/6 4280/2/6 4302/2/6
f 4281/4/6 4282/4/6 4303/4/6
f 4302/2/6 4280/2/6 4303/2/6
f 4280/4/6 4281/4/6 4303/4/6
f 4303/4/6 4282/4/6 4304/4/6
f 4283/2/6 4284/2/6 4305/2/6
f 4304/4/6 4282/4/6 4305/4/6
f 4282/2/6 4283/2/6 4305/2/6
f 4305/2/6 4284/2/6 4306/2/6
f 4285/4/6 4286/4/6 4307/4/6
f 4306/2/6 4284/2/6 4307/2/6
f 4284/4/6 4285/4/6 4307/4/6
f 4307/4/6 4286/4/6 4308/4/6
f 4287/2/6 4288/2/6 4309/2/6
f 4308/4/6 4286/4/6 4309/4/6
f 4286/2/6 4287/2/6 4309/2/6
f 4309/2/6 4288/2/6 4310/2/6
f 4289/4/6 4290/4/6 4311/4/6
f 4310/2/6 4288/2/6 4311/2/6
f 4288/4/6 4289/4/6 4311/4/6
f 4290/2/6 4291/2/6 4312/2/6
f 4311/4/6 4290/4/6 4312/4/6
f 4291/4/6 4292/4/6 4313/4/6
f 4312/2/6 4291/2/6 4313/2/6
f 4313/4/6 4292/4/6 4314/4/6
f 4293/2/6 4294/2/6 4315/2/6
f 4314/4/6 4292/4/6 4315/4/6
f 4292/2/6 4293/2/6 4315/2/6
f 4315/2/6 4294/2/6 4316/2/6
f 4294/4/6 4295/4/6 4317/4/6
f 4316/2/6 4294/2/6 4317/2/6
f 4296/2/6 4297/2/6 4318/2/6
f 4317/4/6 4295/4/6 4318/4/6
f 4295/2/6 4296/2/6 4318/2/6
f 4318/2/6 4297/2/6 4319/2/6
f 4319/2/6 4297/2/6 4320/2/6
f 4298/4/6 4299/4/6 4321/4/6
f 4320/2/6 4297/2/6 4321/2/6
f 4297/4/6 4298/4/6 4321/4/6
f 4299/2/6 4275/2/6 4322/2/6
f 4321/4/6 4299/4/6 4322/4/6
f 4322/2/6 4275/2/6 4323/2/6
f 4276/4/6 4300/4/6 4324/4/6
f 4301/2/6 4302/2/6 4325/2/6
f 4324/4/6 4300/4/6 4325/4/6
f 4300/2/6 4301/2/6 4325/2/6
f 4325/2/6 4302/2/6 4326/2/6
f 4303/4/6 4304/4/6 4327/4/6
f 4326/2/6 4302/2/6 4327/2/6
f 4302/4/6 4303/4/6 4327/4/6
f 4305/2/6 4306/2/6 4328/2/6
f 4327/4/6 4304/4/6 4328/4/6
f 4304/2/6 4305/2/6 4328/2/6
f 4307/4/6 4308/4/6 4329/4/6
f 4328/2/6 4306/2/6 4329/2/6
f 4306/4/6 4307/4/6 4329/4/6
f 4329/4/6 4308/4/6 4330/4/6
f 4309/2/6 4310/2/6 4331/2/6
f 4330/4/6 4308/4/6 4331/4/6
f 4308/2/6 4309/2/6 4331/2/6
f 4331/2/6 4310/2/6 4332/2/6
f 4311/4/6 4312/4/6 4333/4/6
f 4332/2/6 4310/2/6 4333/2/6
f 4310/4/6 4311/4/6 4333/4/6
f 4313/4/6 4314/4/6 4333/4/6
f 4312/4/6 4313/4/6 4333/4/6
f 4333/4/6 4314/4/6 4334/4/6
f 4314/2/6 4315/2/6 4335/2/6
f 4334/4/6 4314/4/6 4335/4/6
f 4315/2/6 4316/2/6 4335/2/6
f 4335/2/6 4316/2/6 4336/2/6
f 4316/4/6 4317/4/6 4337/4/6
f 4336/2/6 4316/2/6 4337/2/6
f 4317/4/6 4318/4/6 4337/4/6
f 4318/4/6 4319/4/6 4337/4/6
f 4319/2/6 4320/2/6 4338/2/6
f 4337/4/6 4319/4/6 4338/4/6
f 4320/4/6 4321/4/6 4339/4/6
f 4338/2/6 4320/2/6 4339/2/6
f 4321/4/6 4322/4/6 4339/4/6
f 4322/4/6 4323/4/6 4339/4/6
f 4323/2/6 4275/2/6 4340/2/6
f 4339/4/6 4323/4/6 4340/4/6
f 4340/2/6 4275/2/6 4341/2/6
f 4276/4/6 4324/4/6 4342/4/6
f 4252/4/6 4276/4/6 4342/4/6
f 4342/4/6 4324/4/6 4343/4/6
f 4343/4/6 4324/4/6 4344/4/6
f 4325/2/6 4326/2/6 4345/2/6
f 4344/4/6 4324/4/6 4345/4/6
f 4324/2/6 4325/2/6 4345/2/6
f 4345/2/6 4326/2/6 4346/2/6
f 4327/4/6 4328/4/6 4347/4/6
f 4346/2/6 4326/2/6 4347/2/6
f 4326/4/6 4327/4/6 4347/4/6
f 4329/4/6 4330/4/6 4347/4/6
f 4328/4/6 4329/4/6 4347/4/6
f 4347/4/6 4330/4/6 4348/4/6
f 4331/2/6 4332/2/6 4349/2/6
f 4348/4/6 4330/4/6 4349/4/6
f 4330/2/6 4331/2/6 4349/2/6
f 4349/2/6 4332/2/6 4350/2/6
f 4333/4/6 4334/4/6 4351/4/6
f 4350/2/6 4332/2/6 4351/2/6
f 4332/4/6 4333/4/6 4351/4/6
f 4335/2/6 4336/2/6 4352/2/6
f 4351/4/6 4334/4/6 4352/4/6
f 4334/2/6 4335/2/6 4352/2/6
f 4352/2/6 4336/2/6 4353/2/6
f 4353/2/6 4336/2/6 4354/2/6
f 4338/4/6 4339/4/6 4355/4/6
f 4354/2/6 4336/2/6 4355/2/6
f 4337/4/6 4338/4/6 4355/4/6
f 4340/4/6 4341/4/6 4355/4/6
f 4336/4/6 4337/4/6 4355/4/6
f 4339/4/6 4340/4/6 4355/4/6
f 4355/4/6 4341/4/6 4356/4/6
f 4356/4/6 4341/4/6 4357/4/6
f 4357/4/6 4341/4/6 4358/4/6
f 4358/4/6 4341/4/6 4359/4/6
f 4342/2/6 4343/2/6 4360/2/6
f 4343/4/6 4344/4/6 4361/4/6
f 4360/2/6 4343/2/6 4361/2/6
f 4345/2/6 4346/2/6 4362/2/6
f 4361/4/6 4344/4/6 4362/4/6
f 4344/2/6 4345/2/6 4362/2/6
f 4362/2/6 4346/2/6 4363/2/6
f 4347/4/6 4348/4/6 4364/4/6
f 4363/2/6 4346/2/6 4364/2/6
f 4346/4/6 4347/4/6 4364/4/6
f 4364/4/6 4348/4/6 4365/4/6
f 4348/2/6 4349/2/6 4366/2/6
f 4365/4/6 4348/4/6 4366/4/6
f 4349/2/6 4350/2/6 4366/2/6
f 4366/2/6 4350/2/6 4367/2/6
f 4352/4/6 4353/4/6 4368/4/6
f 4367/2/6 4350/2/6 4368/2/6
f 4350/4/6 4351/4/6 4368/4/6
f 4351/4/6 4352/4/6 4368/4/6
f 4353/2/6 4354/2/6 4369/2/6
f 4368/4/6 4353/4/6 4369/4/6
f 4369/2/6 4354/2/6 4370/2/6
f 4354/4/6 4355/4/6 4371/4/6
f 4370/2/6 4354/2/6 4371/2/6
f 4355/4/6 4356/4/6 4371/4/6
f 4371/4/6 4356/4/6 4372/4/6
f 4372/4/6 4356/4/6 4373/4/6
f 4356/2/6 4357/2/6 4374/2/6
f 4373/4/6 4356/4/6 4374/4/6
f 4357/4/6 4358/4/6 4375/4/6
f 4374/2/6 4357/2/6 4375/2/6
f 4358/2/6 4359/2/6 4376/2/6
f 4375/4/6 4358/4/6 4376/4/6
f 4359/4/6 4341/4/6 4377/4/6
f 4376/2/6 4359/2/6 4377/2/6
f 4377/4/6 4341/4/6 4378/4/6
f 4362/2/6 4363/2/6 4379/2/6
f 4361/2/6 4362/2/6 4379/2/6
f 4364/4/6 4365/4/6 4380/4/6
f 4379/2/6 4363/2/6 4380/2/6
f 4363/4/6 4364/4/6 4380/4/6
f 4380/4/6 4365/4/6 4381/4/6
f 4366/2/6 4367/2/6 4382/2/6
f 4381/4/6 4365/4/6 4382/4/6
f 4365/2/6 4366/2/6 4382/2/6
f 4367/4/6 4368/4/6 4383/4/6
f 4382/2/6 4367/2/6 4383/2/6
f 4369/4/6 4370/4/6 4383/4/6
f 4368/4/6 4369/4/6 4383/4/6
f 4383/4/6 4370/4/6 4384/4/6
f 4371/2/6 4372/2/6 4385/2/6
f 4370/2/6 4371/2/6 4385/2/6
f 4372/4/6 4373/4/6 4385/4/6
f 4385/4/6 4373/4/6 4386/4/6
f 4373/2/6 4374/2/6 4387/2/6
f 4386/4/6 4373/4/6 4387/4/6
f 4377/2/6 4378/2/6 4387/2/6
f 4374/2/6 4375/2/6 4387/2/6
f 4376/2/6 4377/2/6 4387/2/6
f 4375/2/6 4376/2/6 4387/2/6
f 4387/2/6 4378/2/6 4388/2/6
f 4378/4/6 4341/4/6 4389/4/6
f 4389/4/6 4341/4/6 4390/4/6
f 4360/4/6 4361/4/6 4391/4/6
f 4361/2/6 4379/2/6 4391/2/6
f 4380/4/6 4381/4/6 4392/4/6
f 4391/2/6 4379/2/6 4392/2/6
f 4379/4/6 4380/4/6 4392/4/6
f 4392/4/6 4381/4/6 4393/4/6
f 4381/2/6 4382/2/6 4394/2/6
f 4393/4/6 4381/4/6 4394/4/6
f 4382/2/6 4383/2/6 4394/2/6
f 4383/2/6 4384/2/6 4394/2/6
f 4394/2/6 4384/2/6 4395/2/6
f 4395/2/6 4384/2/6 4396/2/6
f 4384/4/6 4370/4/6 4397/4/6
f 4396/2/6 4384/2/6 4397/2/6
f 4397/4/6 4370/4/6 4398/4/6
f 4385/2/6 4386/2/6 4399/2/6
f 4398/4/6 4370/4/6 4399/4/6
f 4370/2/6 4385/2/6 4399/2/6
f 4399/2/6 4386/2/6 4400/2/6
f 4387/4/6 4388/4/6 4401/4/6
f 4400/2/6 4386/2/6 4401/2/6
f 4386/4/6 4387/4/6 4401/4/6
f 4401/4/6 4388/4/6 4402/4/6
f 4402/4/6 4388/4/6 4403/4/6
f 4403/4/6 4388/4/6 4404/4/6
f 4388/2/6 4378/2/6 4405/2/6
f 4404/4/6 4388/4/6 4405/4/6
f 4405/2/6 4378/2/6 4406/2/6
f 4406/2/6 4378/2/6 4407/2/6
f 4407/2/6 4378/2/6 4408/2/6
f 4378/4/6 4389/4/6 4409/4/6
f 4408/2/6 4378/2/6 4409/2/6
f 4409/4/6 4389/4/6 4410/4/6
f 4389/2/6 4390/2/6 4411/2/6
f 4410/4/6 4389/4/6 4411/4/6
f 4390/4/6 4341/4/6 4412/4/6
f 4411/2/6 4390/2/6 4412/2/6
f 4392/4/6 4393/4/6 4413/4/6
f 4391/4/6 4392/4/6 4413/4/6
f 4393/2/6 4394/2/6 4414/2/6
f 4413/4/6 4393/4/6 4414/4/6
f 4394/2/6 4395/2/6 4414/2/6
f 4414/2/6 4395/2/6 4415/2/6
f 4395/4/6 4396/4/6 4416/4/6
f 4415/2/6 4395/2/6 4416/2/6
f 4416/4/6 4396/4/6 4417/4/6
f 4417/4/6 4396/4/6 4418/4/6
f 4397/2/6 4398/2/6 4419/2/6
f 4418/4/6 4396/4/6 4419/4/6
f 4396/2/6 4397/2/6 4419/2/6
f 4419/2/6 4398/2/6 4420/2/6
f 4399/4/6 4400/4/6 4421/4/6
f 4398/4/6 4399/4/6 4421/4/6
f 4400/2/6 4401/2/6 4422/2/6
f 4421/4/6 4400/4/6 4422/4/6
f 4401/2/6 4402/2/6 4422/2/6
f 4402/4/6 4403/4/6 4423/4/6
f 4422/2/6 4402/2/6 4423/2/6
f 4403/2/6 4404/2/6 4424/2/6
f 4423/4/6 4403/4/6 4424/4/6
f 4404/4/6 4405/4/6 4425/4/6
f 4424/2/6 4404/2/6 4425/2/6
f 4405/4/6 4406/4/6 4425/4/6
f 4406/2/6 4407/2/6 4426/2/6
f 4425/4/6 4406/4/6 4426/4/6
f 4407/4/6 4408/4/6 4427/4/6
f 4426/2/6 4407/2/6 4427/2/6
f 4427/4/6 4408/4/6 4428/4/6
f 4409/2/6 4410/2/6 4429/2/6
f 4428/4/6 4408/4/6 4429/4/6
f 4408/2/6 4409/2/6 4429/2/6
f 4429/2/6 4410/2/6 4430/2/6
f 4410/4/6 4411/4/6 4431/4/6
f 4430/2/6 4410/2/6 4431/2/6
f 4411/4/6 4412/4/6 4431/4/6
f 4412/4/6 4341/4/6 4432/4/6
f 4431/4/6 4412/4/6 4432/4/6
f 4414/2/6 4415/2/6 4433/2/6
f 4413/2/6 4414/2/6 4433/2/6
f 4416/4/6 4417/4/6 4434/4/6
f 4433/2/6 4415/2/6 4434/2/6
f 4415/4/6 4416/4/6 4434/4/6
f 4434/4/6 4417/4/6 4435/4/6
f 4435/4/6 4417/4/6 4436/4/6
f 4417/2/6 4418/2/6 4437/2/6
f 4436/4/6 4417/4/6 4437/4/6
f 4437/2/6 4418/2/6 4438/2/6
f 4419/4/6 4420/4/6 4439/4/6
f 4438/2/6 4418/2/6 4439/2/6
f 4418/4/6 4419/4/6 4439/4/6
f 4439/4/6 4420/4/6 4440/4/6
f 4420/2/6 4398/2/6 4441/2/6
f 4440/4/6 4420/4/6 4441/4/6
f 4398/4/6 4421/4/6 4442/4/6
f 4441/2/6 4398/2/6 4442/2/6
f 4422/2/6 4423/2/6 4443/2/6
f 4442/4/6 4421/4/6 4443/4/6
f 4425/2/6 4426/2/6 4443/2/6
f 4427/2/6 4428/2/6 4443/2/6
f 4426/2/6 4427/2/6 4443/2/6
f 4421/2/6 4422/2/6 4443/2/6
f 4424/2/6 4425/2/6 4443/2/6
f 4423/2/6 4424/2/6 4443/2/6
f 4443/2/6 4428/2/6 4444/2/6
f 4444/2/6 4428/2/6 4445/2/6
f 4445/2/6 4428/2/6 4446/2/6
f 4446/2/6 4428/2/6 4447/2/6
f 4429/4/6 4430/4/6 4448/4/6
f 4447/2/6 4428/2/6 4448/2/6
f 4428/4/6 4429/4/6 4448/4/6
f 4448/4/6 4430/4/6 4449/4/6
f 4430/2/6 4431/2/6 4450/2/6
f 4449/4/6 4430/4/6 4450/4/6
f 4431/2/6 4432/2/6 4450/2/6
f 4450/2/6 4432/2/6 4451/2/6
f 4360/4/6 4391/4/6 4452/4/6
f 4391/4/6 4413/4/6 4452/4/6
f 4413/2/6 4433/2/6 4453/2/6
f 4452/4/6 4413/4/6 4453/4/6
f 4453/2/6 4433/2/6 4454/2/6
f 4434/4/6 4435/4/6 4455/4/6
f 4454/2/6 4433/2/6 4455/2/6
f 4433/4/6 4434/4/6 4455/4/6
f 4435/2/6 4436/2/6 4456/2/6
f 4455/4/6 4435/4/6 4456/4/6
f 4437/4/6 4438/4/6 4457/4/6
f 4456/2/6 4436/2/6 4457/2/6
f 4436/4/6 4437/4/6 4457/4/6
f 4438/2/6 4439/2/6 4458/2/6
f 4457/4/6 4438/4/6 4458/4/6
f 4439/2/6 4440/2/6 4458/2/6
f 4458/2/6 4440/2/6 4459/2/6
f 4441/4/6 4442/4/6 4460/4/6
f 4459/2/6 4440/2/6 4460/2/6
f 4440/4/6 4441/4/6 4460/4/6
f 4460/4/6 4442/4/6 4461/4/6
f 4442/2/6 4443/2/6 4462/2/6
f 4461/4/6 4442/4/6 4462/4/6
f 4443/2/6 4444/2/6 4462/2/6
f 4444/4/6 4445/4/6 4463/4/6
f 4462/2/6 4444/2/6 4463/2/6
f 4463/4/6 4445/4/6 4464/4/6
f 4464/4/6 4445/4/6 4465/4/6
f 4445/2/6 4446/2/6 4466/2/6
f 4465/4/6 4445/4/6 4466/4/6
f 4446/4/6 4447/4/6 4467/4/6
f 4466/2/6 4446/2/6 4467/2/6
f 4448/2/6 4449/2/6 4468/2/6
f 4467/4/6 4447/4/6 4468/4/6
f 4447/2/6 4448/2/6 4468/2/6
f 4468/2/6 4449/2/6 4469/2/6
f 4450/4/6 4451/4/6 4470/4/6
f 4469/2/6 4449/2/6 4470/2/6
f 4449/4/6 4450/4/6 4470/4/6
f 4470/4/6 4451/4/6 4471/4/6
f 4451/2/6 4432/2/6 4472/2/6
f 4471/4/6 4451/4/6 4472/4/6
f 4472/2/6 4432/2/6 4473/2/6
f 4432/4/6 4341/4/6 4474/4/6
f 4473/2/6 4432/2/6 4474/2/6
f 4474/4/6 4341/4/6 4475/4/6
f 4453/2/6 4454/2/6 4476/2/6
f 4452/2/6 4453/2/6 4476/2/6
f 4458/4/6 4459/4/6 4477/4/6
f 4476/2/6 4454/2/6 4477/2/6
f 4456/4/6 4457/4/6 4477/4/6
f 4454/4/6 4455/4/6 4477/4/6
f 4455/4/6 4456/4/6 4477/4/6
f 4457/4/6 4458/4/6 4477/4/6
f 4477/4/6 4459/4/6 4478/4/6
f 4478/4/6 4459/4/6 4479/4/6
f 4460/2/6 4461/2/6 4480/2/6
f 4479/4/6 4459/4/6 4480/4/6
f 4459/2/6 4460/2/6 4480/2/6
f 4480/2/6 4461/2/6 4481/2/6
f 4461/4/6 4462/4/6 4482/4/6
f 4481/2/6 4461/2/6 4482/2/6
f 4462/4/6 4463/4/6 4482/4/6
f 4463/4/6 4464/4/6 4482/4/6
f 4482/4/6 4464/4/6 4483/4/6
f 4483/4/6 4464/4/6 4484/4/6
f 4464/2/6 4465/2/6 4485/2/6
f 4484/4/6 4464/4/6 4485/4/6
f 4465/4/6 4466/4/6 4486/4/6
f 4485/2/6 4465/2/6 4486/2/6
f 4466/4/6 4467/4/6 4486/4/6
f 4468/4/6 4469/4/6 4486/4/6
f 4467/4/6 4468/4/6 4486/4/6
f 4486/4/6 4469/4/6 4487/4/6
f 4487/4/6 4469/4/6 4488/4/6
f 4470/2/6 4471/2/6 4489/2/6
f 4488/4/6 4469/4/6 4489/4/6
f 4469/2/6 4470/2/6 4489/2/6
f 4489/2/6 4471/2/6 4490/2/6
f 4471/4/6 4472/4/6 4491/4/6
f 4490/2/6 4471/2/6 4491/2/6
f 4472/4/6 4473/4/6 4491/4/6
f 4473/2/6 4474/2/6 4492/2/6
f 4491/4/6 4473/4/6 4492/4/6
f 4474/2/6 4475/2/6 4492/2/6
f 4492/2/6 4475/2/6 4493/2/6
f 4493/2/6 4475/2/6 4494/2/6
f 4452/2/6 4476/2/6 4495/2/6
f 4495/2/6 4476/2/6 4496/2/6
f 4477/4/6 4478/4/6 4497/4/6
f 4476/4/6 4477/4/6 4497/4/6
f 4478/2/6 4479/2/6 4498/2/6
f 4497/4/6 4478/4/6 4498/4/6
f 4480/4/6 4481/4/6 4499/4/6
f 4498/2/6 4479/2/6 4499/2/6
f 4479/4/6 4480/4/6 4499/4/6
f 4499/4/6 4481/4/6 4500/4/6
f 4482/2/6 4483/2/6 4501/2/6
f 4500/4/6 4481/4/6 4501/4/6
f 4481/2/6 4482/2/6 4501/2/6
f 4501/2/6 4483/2/6 4502/2/6
f 4483/4/6 4484/4/6 4503/4/6
f 4502/2/6 4483/2/6 4503/2/6
f 4503/4/6 4484/4/6 4504/4/6
f 4484/2/6 4485/2/6 4505/2/6
f 4504/4/6 4484/4/6 4505/4/6
f 4486/4/6 4487/4/6 4506/4/6
f 4505/2/6 4485/2/6 4506/2/6
f 4485/4/6 4486/4/6 4506/4/6
f 4506/4/6 4487/4/6 4507/4/6
f 4487/2/6 4488/2/6 4508/2/6
f 4507/4/6 4487/4/6 4508/4/6
f 4489/4/6 4490/4/6 4509/4/6
f 4508/2/6 4488/2/6 4509/2/6
f 4488/4/6 4489/4/6 4509/4/6
f 4509/4/6 4490/4/6 4510/4/6
f 4510/4/6 4490/4/6 4511/4/6
f 4490/2/6 4491/2/6 4512/2/6
f 4511/4/6 4490/4/6 4512/4/6
f 4491/2/6 4492/2/6 4512/2/6
f 4492/2/6 4493/2/6 4512/2/6
f 4493/4/6 4494/4/6 4513/4/6
f 4512/2/6 4493/2/6 4513/2/6
f 4496/2/6 4476/2/6 4514/2/6
f 4495/4/6 4496/4/6 4514/4/6
f 4476/4/6 4497/4/6 4515/4/6
f 4514/2/6 4476/2/6 4515/2/6
f 4515/4/6 4497/4/6 4516/4/6
f 4516/4/6 4497/4/6 4517/4/6
f 4499/2/6 4500/2/6 4518/2/6
f 4517/4/6 4497/4/6 4518/4/6
f 4497/2/6 4498/2/6 4518/2/6
f 4498/2/6 4499/2/6 4518/2/6
f 4501/4/6 4502/4/6 4519/4/6
f 4518/2/6 4500/2/6 4519/2/6
f 4500/4/6 4501/4/6 4519/4/6
f 4503/2/6 4504/2/6 4520/2/6
f 4519/4/6 4502/4/6 4520/4/6
f 4502/2/6 4503/2/6 4520/2/6
f 4520/2/6 4504/2/6 4521/2/6
f 4506/4/6 4507/4/6 4522/4/6
f 4521/2/6 4504/2/6 4522/2/6
f 4505/4/6 4506/4/6 4522/4/6
f 4504/4/6 4505/4/6 4522/4/6
f 4522/4/6 4507/4/6 4523/4/6
f 4507/2/6 4508/2/6 4524/2/6
f 4523/4/6 4507/4/6 4524/4/6
f 4508/4/6 4509/4/6 4525/4/6
f 4524/2/6 4508/2/6 4525/2/6
f 4509/4/6 4510/4/6 4525/4/6
f 4525/4/6 4510/4/6 4526/4/6
f 4510/2/6 4511/2/6 4527/2/6
f 4526/4/6 4510/4/6 4527/4/6
f 4511/4/6 4512/4/6 4528/4/6
f 4527/2/6 4511/2/6 4528/2/6
f 4512/4/6 4513/4/6 4528/4/6
f 4528/4/6 4513/4/6 4529/4/6
f 4518/4/6 4519/4/6 4530/4/6
f 4516/2/6 4517/2/6 4530/2/6
f 4520/4/6 4521/4/6 4530/4/6
f 4517/4/6 4518/4/6 4530/4/6
f 4519/4/6 4520/4/6 4530/4/6
f 4530/4/6 4521/4/6 4531/4/6
f 4531/4/6 4521/4/6 4532/4/6
f 4522/2/6 4523/2/6 4533/2/6
f 4532/4/6 4521/4/6 4533/4/6
f 4521/2/6 4522/2/6 4533/2/6
f 4525/4/6 4526/4/6 4534/4/6
f 4533/2/6 4523/2/6 4534/2/6
f 4523/4/6 4524/4/6 4534/4/6
f 4524/4/6 4525/4/6 4534/4/6
f 4534/4/6 4526/4/6 4535/4/6
f 4528/2/6 4529/2/6 4536/2/6
f 4535/4/6 4526/4/6 4536/4/6
f 4527/2/6 4528/2/6 4536/2/6
f 4526/2/6 4527/2/6 4536/2/6
f 4536/2/6 4529/2/6 4537/2/6
f 4537/2/6 4529/2/6 4538/2/6
f 4538/2/6 4529/2/6 4539/2/6
f 4529/4/6 4513/4/6 4540/4/6
f 4539/2/6 4529/2/6 4540/2/6
f 4540/4/6 4513/4/6 4541/4/6
f 4541/4/6 4513/4/6 4542/4/6
f 4513/4/6 4494/4/6 4543/4/6
f 4542/4/6 4513/4/6 4543/4/6
f 4515/4/6 4516/4/6 4544/4/6
f 4495/4/6 4514/4/6 4544/4/6
f 4514/4/6 4515/4/6 4544/4/6
f 4544/4/6 4516/4/6 4545/4/6
f 4530/2/6 4531/2/6 4546/2/6
f 4545/4/6 4516/4/6 4546/4/6
f 4516/2/6 4530/2/6 4546/2/6
f 4546/2/6 4531/2/6 4547/2/6
f 4531/4/6 4532/4/6 4548/4/6
f 4547/2/6 4531/2/6 4548/2/6
f 4534/2/6 4535/2/6 4549/2/6
f 4548/4/6 4532/4/6 4549/4/6
f 4533/2/6 4534/2/6 4549/2/6
f 4532/2/6 4533/2/6 4549/2/6
f 4549/2/6 4535/2/6 4550/2/6
f 4550/2/6 4535/2/6 4551/2/6
f 4535/4/6 4536/4/6 4552/4/6
f 4551/2/6 4535/2/6 4552/2/6
f 4536/4/6 4537/4/6 4552/4/6
f 4552/4/6 4537/4/6 4553/4/6
f 4537/2/6 4538/2/6 4554/2/6
f 4553/4/6 4537/4/6 4554/4/6
f 4538/4/6 4539/4/6 4555/4/6
f 4554/2/6 4538/2/6 4555/2/6
f 4555/4/6 4539/4/6 4556/4/6
f 4539/2/6 4540/2/6 4557/2/6
f 4556/4/6 4539/4/6 4557/4/6
f 4540/2/6 4541/2/6 4557/2/6
f 4541/4/6 4542/4/6 4558/4/6
f 4557/2/6 4541/2/6 4558/2/6
f 4542/2/6 4543/2/6 4559/2/6
f 4558/4/6 4542/4/6 4559/4/6
f 4545/4/6 4546/4/6 4560/4/6
f 4546/4/6 4547/4/6 4560/4/6
f 4544/2/6 4545/2/6 4560/2/6
f 4560/4/6 4547/4/6 4561/4/6
f 4547/2/6 4548/2/6 4562/2/6
f 4561/4/6 4547/4/6 4562/4/6
f 4549/2/6 4550/2/6 4562/2/6
f 4548/2/6 4549/2/6 4562/2/6
f 4562/2/6 4550/2/6 4563/2/6
f 4563/2/6 4550/2/6 4564/2/6
f 4550/4/6 4551/4/6 4565/4/6
f 4564/2/6 4550/2/6 4565/2/6
f 4551/2/6 4552/2/6 4566/2/6
f 4565/4/6 4551/4/6 4566/4/6
f 4552/2/6 4553/2/6 4566/2/6
f 4553/4/6 4554/4/6 4567/4/6
f 4566/2/6 4553/2/6 4567/2/6
f 4555/4/6 4556/4/6 4567/4/6
f 4554/4/6 4555/4/6 4567/4/6
f 4558/2/6 4559/2/6 4568/2/6
f 4567/4/6 4556/4/6 4568/4/6
f 4557/2/6 4558/2/6 4568/2/6
f 4556/2/6 4557/2/6 4568/2/6
f 4559/2/6 4543/2/6 4569/2/6
f 4568/2/6 4559/2/6 4569/2/6
f 4543/4/6 4494/4/6 4570/4/6
f 4569/2/6 4543/2/6 4570/2/6
f 4495/4/6 4544/4/6 4571/4/6
f 4560/2/6 4561/2/6 4572/2/6
f 4571/4/6 4544/4/6 4572/4/6
f 4544/2/6 4560/2/6 4572/2/6
f 4572/2/6 4561/2/6 4573/2/6
f 4561/4/6 4562/4/6 4574/4/6
f 4573/2/6 4561/2/6 4574/2/6
f 4562/4/6 4563/4/6 4574/4/6
f 4574/4/6 4563/4/6 4575/4/6
f 4563/2/6 4564/2/6 4576/2/6
f 4575/4/6 4563/4/6 4576/4/6
f 4576/2/6 4564/2/6 4577/2/6
f 4577/2/6 4564/2/6 4578/2/6
f 4565/4/6 4566/4/6 4579/4/6
f 4578/2/6 4564/2/6 4579/2/6
f 4566/4/6 4567/4/6 4579/4/6
f 4564/4/6 4565/4/6 4579/4/6
f 4579/4/6 4567/4/6 4580/4/6
f 4580/4/6 4567/4/6 4581/4/6
f 4581/4/6 4567/4/6 4582/4/6
f 4582/4/6 4567/4/6 4583/4/6
f 4567/2/6 4568/2/6 4584/2/6
f 4583/4/6 4567/4/6 4584/4/6
f 4568/2/6 4569/2/6 4584/2/6
f 4584/2/6 4569/2/6 4585/2/6
f 4585/2/6 4569/2/6 4586/2/6
f 4586/2/6 4569/2/6 4587/2/6
f 4587/2/6 4569/2/6 4588/2/6
f 4569/4/6 4570/4/6 4589/4/6
f 4588/2/6 4569/2/6 4589/2/6
f 4571/2/6 4572/2/6 4590/2/6
f 4572/4/6 4573/4/6 4591/4/6
f 4590/2/6 4572/2/6 4591/2/6
f 4574/2/6 4575/2/6 4592/2/6
f 4591/4/6 4573/4/6 4592/4/6
f 4573/2/6 4574/2/6 4592/2/6
f 4592/2/6 4575/2/6 4593/2/6
f 4576/4/6 4577/4/6 4594/4/6
f 4593/2/6 4575/2/6 4594/2/6
f 4575/4/6 4576/4/6 4594/4/6
f 4594/4/6 4577/4/6 4595/4/6
f 4577/2/6 4578/2/6 4596/2/6
f 4595/4/6 4577/4/6 4596/4/6
f 4596/2/6 4578/2/6 4597/2/6
f 4578/4/6 4579/4/6 4598/4/6
f 4579/4/6 4580/4/6 4598/4/6
f 4580/2/6 4581/2/6 4598/2/6
f 4581/4/6 4582/4/6 4599/4/6
f 4598/2/6 4581/2/6 4599/2/6
f 4599/4/6 4582/4/6 4600/4/6
f 4582/2/6 4583/2/6 4601/2/6
f 4600/4/6 4582/4/6 4601/4/6
f 4601/2/6 4583/2/6 4602/2/6
f 4602/2/6 4583/2/6 4603/2/6
f 4583/4/6 4584/4/6 4604/4/6
f 4603/2/6 4583/2/6 4604/2/6
f 4584/4/6 4585/4/6 4604/4/6
f 4604/4/6 4585/4/6 4605/4/6
f 4585/2/6 4586/2/6 4606/2/6
f 4605/4/6 4585/4/6 4606/4/6
f 4586/4/6 4587/4/6 4607/4/6
f 4606/2/6 4586/2/6 4607/2/6
f 4587/2/6 4588/2/6 4608/2/6
f 4607/4/6 4587/4/6 4608/4/6
f 4588/4/6 4589/4/6 4609/4/6
f 4608/2/6 4588/2/6 4609/2/6
f 4594/2/6 4595/2/6 4610/2/6
f 4592/4/6 4593/4/6 4610/4/6
f 4591/4/6 4592/4/6 4610/4/6
f 4590/4/6 4591/4/6 4610/4/6
f 4593/2/6 4594/2/6 4610/2/6
f 4610/2/6 4595/2/6 4611/2/6
f 4596/4/6 4597/4/6 4612/4/6
f 4611/2/6 4595/2/6 4612/2/6
f 4595/4/6 4596/4/6 4612/4/6
f 4612/4/6 4597/4/6 4613/4/6
f 4613/4/6 4597/4/6 4614/4/6
f 4614/4/6 4597/4/6 4615/4/6
f 4597/2/6 4578/2/6 4616/2/6
f 4615/4/6 4597/4/6 4616/4/6
f 4616/2/6 4578/2/6 4617/2/6
f 4599/4/6 4600/4/6 4618/4/6
f 4617/2/6 4578/2/6 4618/2/6
f 4578/4/6 4598/4/6 4618/4/6
f 4598/4/6 4599/4/6 4618/4/6
f 4618/4/6 4600/4/6 4619/4/6
f 4619/4/6 4600/4/6 4620/4/6
f 4600/2/6 4601/2/6 4621/2/6
f 4620/4/6 4600/4/6 4621/4/6
f 4601/2/6 4602/2/6 4621/2/6
f 4603/2/6 4604/2/6 4622/2/6
f 4602/4/6 4603/4/6 4622/4/6
f 4604/2/6 4605/2/6 4622/2/6
f 4622/2/6 4605/2/6 4623/2/6
f 4623/2/6 4605/2/6 4624/2/6
f 4624/2/6 4605/2/6 4625/2/6
f 4625/2/6 4605/2/6 4626/2/6
f 4608/4/6 4609/4/6 4627/4/6
f 4626/2/6 4605/2/6 4627/2/6
f 4606/4/6 4607/4/6 4627/4/6
f 4607/4/6 4608/4/6 4627/4/6
f 4605/4/6 4606/4/6 4627/4/6
f 4627/4/6 4609/4/6 4628/4/6
f 4628/4/6 4609/4/6 4629/4/6
f 4609/4/6 4589/4/6 4630/4/6
f 4629/4/6 4609/4/6 4630/4/6
f 4589/4/6 4570/4/6 4630/4/6
f 4570/4/6 4494/4/6 4631/4/6
f 4630/4/6 4570/4/6 4631/4/6
f 4610/4/6 4611/4/6 4632/4/6
f 4611/2/6 4612/2/6 4632/2/6
f 4612/2/6 4613/2/6 4632/2/6
f 4632/2/6 4613/2/6 4633/2/6
f 4613/4/6 4614/4/6 4634/4/6
f 4633/2/6 4613/2/6 4634/2/6
f 4634/4/6 4614/4/6 4635/4/6
f 4614/2/6 4615/2/6 4636/2/6
f 4635/4/6 4614/4/6 4636/4/6
f 4636/2/6 4615/2/6 4637/2/6
f 4616/4/6 4617/4/6 4638/4/6
f 4637/2/6 4615/2/6 4638/2/6
f 4615/4/6 4616/4/6 4638/4/6
f 4638/4/6 4617/4/6 4639/4/6
f 4618/2/6 4619/2/6 4640/2/6
f 4639/4/6 4617/4/6 4640/4/6
f 4617/2/6 4618/2/6 4640/2/6
f 4640/2/6 4619/2/6 4641/2/6
f 4619/4/6 4620/4/6 4642/4/6
f 4641/2/6 4619/2/6 4642/2/6
f 4642/4/6 4620/4/6 4643/4/6
f 4620/2/6 4621/2/6 4644/2/6
f 4643/4/6 4620/4/6 4644/4/6
f 4621/2/6 4602/2/6 4645/2/6
f 4644/2/6 4621/2/6 4645/2/6
f 4622/4/6 4623/4/6 4646/4/6
f 4645/2/6 4602/2/6 4646/2/6
f 4602/4/6 4622/4/6 4646/4/6
f 4623/2/6 4624/2/6 4647/2/6
f 4646/4/6 4623/4/6 4647/4/6
f 4624/4/6 4625/4/6 4648/4/6
f 4647/2/6 4624/2/6 4648/2/6
f 4625/2/6 4626/2/6 4649/2/6
f 4648/4/6 4625/4/6 4649/4/6
f 4627/4/6 4628/4/6 4650/4/6
f 4649/2/6 4626/2/6 4650/2/6
f 4626/4/6 4627/4/6 4650/4/6
f 4650/4/6 4628/4/6 4651/4/6
f 4628/2/6 4629/2/6 4652/2/6
f 4651/4/6 4628/4/6 4652/4/6
f 4629/4/6 4630/4/6 4653/4/6
f 4652/2/6 4629/2/6 4653/2/6
f 4653/4/6 4630/4/6 4654/4/6
f 4654/4/6 4630/4/6 4655/4/6
f 4630/2/6 4631/2/6 4656/2/6
f 4655/4/6 4630/4/6 4656/4/6
f 4590/4/6 4610/4/6 4657/4/6
f 4632/4/6 4633/4/6 4657/4/6
f 4610/4/6 4632/4/6 4657/4/6
f 4657/4/6 4633/4/6 4658/4/6
f 4634/2/6 4635/2/6 4659/2/6
f 4658/4/6 4633/4/6 4659/4/6
f 4633/2/6 4634/2/6 4659/2/6
f 4659/2/6 4635/2/6 4660/2/6
f 4636/4/6 4637/4/6 4661/4/6
f 4660/2/6 4635/2/6 4661/2/6
f 4635/4/6 4636/4/6 4661/4/6
f 4661/4/6 4637/4/6 4662/4/6
f 4638/2/6 4639/2/6 4663/2/6
f 4662/4/6 4637/4/6 4663/4/6
f 4637/2/6 4638/2/6 4663/2/6
f 4663/2/6 4639/2/6 4664/2/6
f 4640/4/6 4641/4/6 4665/4/6
f 4664/2/6 4639/2/6 4665/2/6
f 4639/4/6 4640/4/6 4665/4/6
f 4665/4/6 4641/4/6 4666/4/6
f 4642/2/6 4643/2/6 4667/2/6
f 4666/4/6 4641/4/6 4667/4/6
f 4641/2/6 4642/2/6 4667/2/6
f 4667/2/6 4643/2/6 4668/2/6
f 4643/4/6 4644/4/6 4669/4/6
f 4668/2/6 4643/2/6 4669/2/6
f 4644/4/6 4645/4/6 4669/4/6
f 4669/4/6 4645/4/6 4670/4/6
f 4646/2/6 4647/2/6 4671/2/6
f 4670/4/6 4645/4/6 4671/4/6
f 4645/2/6 4646/2/6 4671/2/6
f 4650/4/6 4651/4/6 4672/4/6
f 4671/2/6 4647/2/6 4672/2/6
f 4647/4/6 4648/4/6 4672/4/6
f 4648/4/6 4649/4/6 4672/4/6
f 4649/4/6 4650/4/6 4672/4/6
f 4672/4/6 4651/4/6 4673/4/6
f 4652/2/6 4653/2/6 4674/2/6
f 4673/4/6 4651/4/6 4674/4/6
f 4651/2/6 4652/2/6 4674/2/6
f 4653/2/6 4654/2/6 4674/2/6
f 4674/2/6 4654/2/6 4675/2/6
f 4654/4/6 4655/4/6 4676/4/6
f 4675/2/6 4654/2/6 4676/2/6
f 4676/4/6 4655/4/6 4677/4/6
f 4655/2/6 4656/2/6 4678/2/6
f 4677/4/6 4655/4/6 4678/4/6
f 4590/4/6 4657/4/6 4679/4/6
f 4657/2/6 4658/2/6 4679/2/6
f 4659/4/6 4660/4/6 4680/4/6
f 4679/2/6 4658/2/6 4680/2/6
f 4658/4/6 4659/4/6 4680/4/6
f 4661/2/6 4662/2/6 4681/2/6
f 4660/2/6 4661/2/6 4681/2/6
f 4681/2/6 4662/2/6 4682/2/6
f 4663/4/6 4664/4/6 4683/4/6
f 4682/2/6 4662/2/6 4683/2/6
f 4662/4/6 4663/4/6 4683/4/6
f 4683/4/6 4664/4/6 4684/4/6
f 4665/2/6 4666/2/6 4685/2/6
f 4684/4/6 4664/4/6 4685/4/6
f 4664/2/6 4665/2/6 4685/2/6
f 4685/2/6 4666/2/6 4686/2/6
f 4667/4/6 4668/4/6 4687/4/6
f 4686/2/6 4666/2/6 4687/2/6
f 4666/4/6 4667/4/6 4687/4/6
f 4687/4/6 4668/4/6 4688/4/6
f 4669/2/6 4670/2/6 4689/2/6
f 4688/4/6 4668/4/6 4689/4/6
f 4668/2/6 4669/2/6 4689/2/6
f 4689/2/6 4670/2/6 4690/2/6
f 4670/4/6 4671/4/6 4691/4/6
f 4690/2/6 4670/2/6 4691/2/6
f 4672/4/6 4673/4/6 4691/4/6
f 4671/4/6 4672/4/6 4691/4/6
f 4673/2/6 4674/2/6 4692/2/6
f 4691/4/6 4673/4/6 4692/4/6
f 4674/2/6 4675/2/6 4692/2/6
f 4692/2/6 4675/2/6 4693/2/6
f 4675/4/6 4676/4/6 4694/4/6
f 4693/2/6 4675/2/6 4694/2/6
f 4676/4/6 4677/4/6 4694/4/6
f 4677/2/6 4678/2/6 4695/2/6
f 4694/4/6 4677/4/6 4695/4/6
f 4678/2/6 4656/2/6 4696/2/6
f 4695/2/6 4678/2/6 4696/2/6
f 4656/2/6 4631/2/6 4696/2/6
f 4696/2/6 4631/2/6 4697/2/6
f 4697/2/6 4631/2/6 4698/2/6
f 4680/4/6 4660/4/6 4699/4/6
f 4679/4/6 4680/4/6 4699/4/6
f 4660/2/6 4681/2/6 4700/2/6
f 4699/4/6 4660/4/6 4700/4/6
f 4700/2/6 4681/2/6 4701/2/6
f 4681/4/6 4682/4/6 4702/4/6
f 4701/2/6 4681/2/6 4702/2/6
f 4683/2/6 4684/2/6 4703/2/6
f 4702/4/6 4682/4/6 4703/4/6
f 4682/2/6 4683/2/6 4703/2/6
f 4703/2/6 4684/2/6 4704/2/6
f 4685/4/6 4686/4/6 4705/4/6
f 4687/2/6 4688/2/6 4705/2/6
f 4686/2/6 4687/2/6 4705/2/6
f 4684/4/6 4685/4/6 4705/4/6
f 4689/4/6 4690/4/6 4706/4/6
f 4705/2/6 4688/2/6 4706/2/6
f 4688/4/6 4689/4/6 4706/4/6
f 4692/2/6 4693/2/6 4707/2/6
f 4706/4/6 4690/4/6 4707/4/6
f 4690/2/6 4691/2/6 4707/2/6
f 4691/2/6 4692/2/6 4707/2/6
f 4707/2/6 4693/2/6 4708/2/6
f 4708/2/6 4693/2/6 4709/2/6
f 4709/2/6 4693/2/6 4710/2/6
f 4710/2/6 4693/2/6 4711/2/6
f 4695/4/6 4696/4/6 4712/4/6
f 4711/2/6 4693/2/6 4712/2/6
f 4694/4/6 4695/4/6 4712/4/6
f 4693/4/6 4694/4/6 4712/4/6
f 4696/2/6 4697/2/6 4713/2/6
f 4712/4/6 4696/4/6 4713/4/6
f 4697/4/6 4698/4/6 4714/4/6
f 4713/2/6 4697/2/6 4714/2/6
f 4590/4/6 4679/4/6 4715/4/6
f 4679/4/6 4699/4/6 4715/4/6
f 4715/4/6 4699/4/6 4716/4/6
f 4699/2/6 4700/2/6 4717/2/6
f 4716/4/6 4699/4/6 4717/4/6
f 4700/2/6 4701/2/6 4717/2/6
f 4717/2/6 4701/2/6 4718/2/6
f 4704/2/6 4684/2/6 4719/2/6
f 4703/4/6 4704/4/6 4719/4/6
f 4702/4/6 4703/4/6 4719/4/6
f 4701/4/6 4702/4/6 4719/4/6
f 4684/4/6 4705/4/6 4720/4/6
f 4719/2/6 4684/2/6 4720/2/6
f 4705/4/6 4706/4/6 4720/4/6
f 4706/4/6 4707/4/6 4720/4/6
f 4707/4/6 4708/4/6 4720/4/6
f 4720/4/6 4708/4/6 4721/4/6
f 4721/4/6 4708/4/6 4722/4/6
f 4708/2/6 4709/2/6 4723/2/6
f 4722/4/6 4708/4/6 4723/4/6
f 4723/2/6 4709/2/6 4724/2/6
f 4724/2/6 4709/2/6 4725/2/6
f 4725/2/6 4709/2/6 4726/2/6
f 4709/4/6 4710/4/6 4727/4/6
f 4726/2/6 4709/2/6 4727/2/6
f 4727/4/6 4710/4/6 4728/4/6
f 4710/2/6 4711/2/6 4729/2/6
f 4728/4/6 4710/4/6 4729/4/6
f 4711/4/6 4712/4/6 4730/4/6
f 4729/2/6 4711/2/6 4730/2/6
f 4713/4/6 4714/4/6 4730/4/6
f 4712/4/6 4713/4/6 4730/4/6
f 4730/4/6 4714/4/6 4731/4/6
f 4731/4/6 4714/4/6 4732/4/6
f 4715/2/6 4716/2/6 4733/2/6
f 4717/4/6 4718/4/6 4734/4/6
f 4733/2/6 4716/2/6 4734/2/6
f 4716/4/6 4717/4/6 4734/4/6
f 4718/2/6 4701/2/6 4735/2/6
f 4734/4/6 4718/4/6 4735/4/6
f 4735/2/6 4701/2/6 4736/2/6
f 4701/4/6 4719/4/6 4737/4/6
f 4736/2/6 4701/2/6 4737/2/6
f 4719/4/6 4720/4/6 4737/4/6
f 4720/4/6 4721/4/6 4737/4/6
f 4737/4/6 4721/4/6 4738/4/6
f 4721/2/6 4722/2/6 4739/2/6
f 4738/4/6 4721/4/6 4739/4/6
f 4739/2/6 4722/2/6 4740/2/6
f 4722/4/6 4723/4/6 4741/4/6
f 4740/2/6 4722/2/6 4741/2/6
f 4723/4/6 4724/4/6 4741/4/6
f 4741/4/6 4724/4/6 4742/4/6
f 4724/2/6 4725/2/6 4743/2/6
f 4742/4/6 4724/4/6 4743/4/6
f 4725/4/6 4726/4/6 4744/4/6
f 4743/2/6 4725/2/6 4744/2/6
f 4727/2/6 4728/2/6 4745/2/6
f 4744/4/6 4726/4/6 4745/4/6
f 4726/2/6 4727/2/6 4745/2/6
f 4745/2/6 4728/2/6 4746/2/6
f 4728/4/6 4729/4/6 4747/4/6
f 4746/2/6 4728/2/6 4747/2/6
f 4730/4/6 4731/4/6 4747/4/6
f 4729/4/6 4730/4/6 4747/4/6
f 4747/4/6 4731/4/6 4748/4/6
f 4748/4/6 4731/4/6 4749/4/6
f 4731/2/6 4732/2/6 4750/2/6
f 4749/4/6 4731/4/6 4750/4/6
f 4732/4/6 4714/4/6 4751/4/6
f 4750/2/6 4732/2/6 4751/2/6
f 4714/4/6 4698/4/6 4752/4/6
f 4751/4/6 4714/4/6 4752/4/6
f 4735/4/6 4736/4/6 4753/4/6
f 4733/4/6 4734/4/6 4753/4/6
f 4734/4/6 4735/4/6 4753/4/6
f 4753/4/6 4736/4/6 4754/4/6
f 4737/2/6 4738/2/6 4755/2/6
f 4754/4/6 4736/4/6 4755/4/6
f 4736/2/6 4737/2/6 4755/2/6
f 4739/4/6 4740/4/6 4756/4/6
f 4755/2/6 4738/2/6 4756/2/6
f 4738/4/6 4739/4/6 4756/4/6
f 4756/4/6 4740/4/6 4757/4/6
f 4757/4/6 4740/4/6 4758/4/6
f 4740/2/6 4741/2/6 4759/2/6
f 4758/4/6 4740/4/6 4759/4/6
f 4741/2/6 4742/2/6 4759/2/6
f 4759/2/6 4742/2/6 4760/2/6
f 4743/4/6 4744/4/6 4761/4/6
f 4760/2/6 4742/2/6 4761/2/6
f 4745/4/6 4746/4/6 4761/4/6
f 4742/4/6 4743/4/6 4761/4/6
f 4744/4/6 4745/4/6 4761/4/6
f 4761/4/6 4746/4/6 4762/4/6
f 4762/4/6 4746/4/6 4763/4/6
f 4763/4/6 4746/4/6 4764/4/6
f 4764/4/6 4746/4/6 4765/4/6
f 4765/4/6 4746/4/6 4766/4/6
f 4747/2/6 4748/2/6 4767/2/6
f 4766/4/6 4746/4/6 4767/4/6
f 4746/2/6 4747/2/6 4767/2/6
f 4767/2/6 4748/2/6 4768/2/6
f 4748/4/6 4749/4/6 4769/4/6
f 4768/2/6 4748/2/6 4769/2/6
f 4769/4/6 4749/4/6 4770/4/6
f 4770/4/6 4749/4/6 4771/4/6
f 4750/2/6 4751/2/6 4772/2/6
f 4771/4/6 4749/4/6 4772/4/6
f 4751/2/6 4752/2/6 4772/2/6
f 4749/2/6 4750/2/6 4772/2/6
f 4753/2/6 4754/2/6 4773/2/6
f 4773/2/6 4754/2/6 4774/2/6
f 4755/4/6 4756/4/6 4775/4/6
f 4774/2/6 4754/2/6 4775/2/6
f 4756/4/6 4757/4/6 4775/4/6
f 4754/4/6 4755/4/6 4775/4/6
f 4775/4/6 4757/4/6 4776/4/6
f 4757/2/6 4758/2/6 4777/2/6
f 4776/4/6 4757/4/6 4777/4/6
f 4777/2/6 4758/2/6 4778/2/6
f 4759/4/6 4760/4/6 4779/4/6
f 4758/4/6 4759/4/6 4779/4/6
f 4779/4/6 4760/4/6 4780/4/6
f 4760/2/6 4761/2/6 4781/2/6
f 4780/4/6 4760/4/6 4781/4/6
f 4761/2/6 4762/2/6 4781/2/6
f 4781/2/6 4762/2/6 4782/2/6
f 4762/4/6 4763/4/6 4783/4/6
f 4782/2/6 4762/2/6 4783/2/6
f 4783/4/6 4763/4/6 4784/4/6
f 4763/2/6 4764/2/6 4785/2/6
f 4784/4/6 4763/4/6 4785/4/6
f 4785/2/6 4764/2/6 4786/2/6
f 4765/2/6 4766/2/6 4787/2/6
f 4764/4/6 4765/4/6 4787/4/6
f 4767/4/6 4768/4/6 4788/4/6
f 4787/2/6 4766/2/6 4788/2/6
f 4766/4/6 4767/4/6 4788/4/6
f 4788/4/6 4768/4/6 4789/4/6
f 4769/2/6 4770/2/6 4790/2/6
f 4789/4/6 4768/4/6 4790/4/6
f 4768/2/6 4769/2/6 4790/2/6
f 4790/2/6 4770/2/6 4791/2/6
f 4791/2/6 4770/2/6 4792/2/6
f 4770/4/6 4771/4/6 4793/4/6
f 4792/2/6 4770/2/6 4793/2/6
f 4771/2/6 4772/2/6 4794/2/6
f 4793/4/6 4771/4/6 4794/4/6
f 4772/2/6 4752/2/6 4795/2/6
f 4794/2/6 4772/2/6 4795/2/6
f 4773/4/6 4774/4/6 4796/4/6
f 4775/2/6 4776/2/6 4797/2/6
f 4796/4/6 4774/4/6 4797/4/6
f 4774/2/6 4775/2/6 4797/2/6
f 4797/2/6 4776/2/6 4798/2/6
f 4777/4/6 4778/4/6 4799/4/6
f 4798/2/6 4776/2/6 4799/2/6
f 4776/4/6 4777/4/6 4799/4/6
f 4799/4/6 4778/4/6 4800/4/6
f 4800/4/6 4778/4/6 4801/4/6
f 4778/2/6 4758/2/6 4802/2/6
f 4801/4/6 4778/4/6 4802/4/6
f 4758/4/6 4779/4/6 4803/4/6
f 4802/2/6 4758/2/6 4803/2/6
f 4779/2/6 4780/2/6 4804/2/6
f 4803/4/6 4779/4/6 4804/4/6
f 4804/2/6 4780/2/6 4805/2/6
f 4781/4/6 4782/4/6 4806/4/6
f 4805/2/6 4780/2/6 4806/2/6
f 4780/4/6 4781/4/6 4806/4/6
f 4806/4/6 4782/4/6 4807/4/6
f 4783/2/6 4784/2/6 4808/2/6
f 4807/4/6 4782/4/6 4808/4/6
f 4782/2/6 4783/2/6 4808/2/6
f 4808/2/6 4784/2/6 4809/2/6
f 4785/4/6 4786/4/6 4810/4/6
f 4809/2/6 4784/2/6 4810/2/6
f 4784/4/6 4785/4/6 4810/4/6
f 4810/4/6 4786/4/6 4811/4/6
f 4786/2/6 4764/2/6 4812/2/6
f 4811/4/6 4786/4/6 4812/4/6
f 4787/4/6 4788/4/6 4813/4/6
f 4812/2/6 4764/2/6 4813/2/6
f 4764/4/6 4787/4/6 4813/4/6
f 4788/2/6 4789/2/6 4814/2/6
f 4813/4/6 4788/4/6 4814/4/6
f 4789/4/6 4790/4/6 4815/4/6
f 4814/2/6 4789/2/6 4815/2/6
f 4790/4/6 4791/4/6 4815/4/6
f 4815/4/6 4791/4/6 4816/4/6
f 4791/2/6 4792/2/6 4817/2/6
f 4816/4/6 4791/4/6 4817/4/6
f 4817/2/6 4792/2/6 4818/2/6
f 4793/4/6 4794/4/6 4819/4/6
f 4818/2/6 4792/2/6 4819/2/6
f 4792/4/6 4793/4/6 4819/4/6
f 4794/4/6 4795/4/6 4819/4/6
f 4819/4/6 4795/4/6 4820/4/6
f 4795/2/6 4752/2/6 4821/2/6
f 4820/4/6 4795/4/6 4821/4/6
f 4821/2/6 4752/2/6 4822/2/6
f 4752/4/6 4698/4/6 4823/4/6
f 4822/2/6 4752/2/6 4823/2/6
f 4823/4/6 4698/4/6 4824/4/6
f 4797/2/6 4798/2/6 4825/2/6
f 4773/4/6 4796/4/6 4825/4/6
f 4796/2/6 4797/2/6 4825/2/6
f 4799/4/6 4800/4/6 4826/4/6
f 4825/2/6 4798/2/6 4826/2/6
f 4798/4/6 4799/4/6 4826/4/6
f 4800/2/6 4801/2/6 4827/2/6
f 4826/4/6 4800/4/6 4827/4/6
f 4802/4/6 4803/4/6 4828/4/6
f 4827/2/6 4801/2/6 4828/2/6
f 4801/4/6 4802/4/6 4828/4/6
f 4804/4/6 4805/4/6 4828/4/6
f 4803/4/6 4804/4/6 4828/4/6
f 4828/4/6 4805/4/6 4829/4/6
f 4829/4/6 4805/4/6 4830/4/6
f 4806/2/6 4807/2/6 4831/2/6
f 4830/4/6 4805/4/6 4831/4/6
f 4805/2/6 4806/2/6 4831/2/6
f 4808/4/6 4809/4/6 4832/4/6
f 4831/2/6 4807/2/6 4832/2/6
f 4807/4/6 4808/4/6 4832/4/6
f 4812/4/6 4813/4/6 4833/4/6
f 4811/4/6 4812/4/6 4833/4/6
f 4809/2/6 4810/2/6 4833/2/6
f 4813/4/6 4814/4/6 4833/4/6
f 4810/2/6 4811/2/6 4833/2/6
f 4814/4/6 4815/4/6 4833/4/6
f 4833/4/6 4815/4/6 4834/4/6
f 4815/2/6 4816/2/6 4835/2/6
f 4834/4/6 4815/4/6 4835/4/6
f 4817/4/6 4818/4/6 4836/4/6
f 4835/2/6 4816/2/6 4836/2/6
f 4816/4/6 4817/4/6 4836/4/6
f 4836/4/6 4818/4/6 4837/4/6
f 4837/4/6 4818/4/6 4838/4/6
f 4819/2/6 4820/2/6 4839/2/6
f 4838/4/6 4818/4/6 4839/4/6
f 4818/2/6 4819/2/6 4839/2/6
f 4839/2/6 4820/2/6 4840/2/6
f 4821/4/6 4822/4/6 4841/4/6
f 4840/2/6 4820/2/6 4841/2/6
f 4820/4/6 4821/4/6 4841/4/6
f 4841/4/6 4822/4/6 4842/4/6
f 4823/2/6 4824/2/6 4843/2/6
f 4842/4/6 4822/4/6 4843/4/6
f 4822/2/6 4823/2/6 4843/2/6
f 4843/2/6 4824/2/6 4844/2/6
f 4825/4/6 4826/4/6 4845/4/6
f 4828/4/6 4829/4/6 4845/4/6
f 4826/4/6 4827/4/6 4845/4/6
f 4829/2/6 4830/2/6 4845/2/6
f 4827/4/6 4828/4/6 4845/4/6
f 4831/4/6 4832/4/6 4846/4/6
f 4845/2/6 4830/2/6 4846/2/6
f 4830/4/6 4831/4/6 4846/4/6
f 4833/2/6 4834/2/6 4847/2/6
f 4846/4/6 4832/4/6 4847/4/6
f 4832/4/6 4809/4/6 4847/4/6
f 4809/2/6 4833/2/6 4847/2/6
f 4847/2/6 4834/2/6 4848/2/6
f 4835/4/6 4836/4/6 4849/4/6
f 4848/2/6 4834/2/6 4849/2/6
f 4834/4/6 4835/4/6 4849/4/6
f 4836/4/6 4837/4/6 4849/4/6
f 4837/2/6 4838/2/6 4850/2/6
f 4849/4/6 4837/4/6 4850/4/6
f 4839/4/6 4840/4/6 4851/4/6
f 4850/2/6 4838/2/6 4851/2/6
f 4838/4/6 4839/4/6 4851/4/6
f 4841/2/6 4842/2/6 4852/2/6
f 4851/4/6 4840/4/6 4852/4/6
f 4840/2/6 4841/2/6 4852/2/6
f 4852/2/6 4842/2/6 4853/2/6
f 4843/4/6 4844/4/6 4854/4/6
f 4853/2/6 4842/2/6 4854/2/6
f 4842/4/6 4843/4/6 4854/4/6
f 4854/4/6 4844/4/6 4855/4/6
f 4844/2/6 4824/2/6 4856/2/6
f 4855/4/6 4844/4/6 4856/4/6
f 4856/2/6 4824/2/6 4857/2/6
f 4845/4/6 4846/4/6 4858/4/6
f 4847/4/6 4848/4/6 4858/4/6
f 4825/4/6 4845/4/6 4858/4/6
f 4846/4/6 4847/4/6 4858/4/6
f 4773/4/6 4825/4/6 4858/4/6
f 4849/2/6 4850/2/6 4859/2/6
f 4858/4/6 4848/4/6 4859/4/6
f 4848/2/6 4849/2/6 4859/2/6
f 4852/4/6 4853/4/6 4860/4/6
f 4859/2/6 4850/2/6 4860/2/6
f 4850/4/6 4851/4/6 4860/4/6
f 4851/4/6 4852/4/6 4860/4/6
f 4854/2/6 4855/2/6 4861/2/6
f 4860/4/6 4853/4/6 4861/4/6
f 4853/2/6 4854/2/6 4861/2/6
f 4856/4/6 4857/4/6 4862/4/6
f 4861/2/6 4855/2/6 4862/2/6
f 4855/4/6 4856/4/6 4862/4/6
f 4862/4/6 4857/4/6 4863/4/6
