# MagicaVoxel @ Ephtracy

# group
o 

# material
mtllib fire_statue.mtl
usemtl palette

# normals
vn -1 0 0
vn 1 0 0
vn 0 0 1
vn 0 0 -1
vn 0 -1 0
vn 0 1 0

# texcoords
vt 0.00195312 0.5
vt 0.00585938 0.5
vt 0.00976562 0.5
vt 0.0136719 0.5
vt 0.0175781 0.5
vt 0.0332031 0.5
vt 0.0371094 0.5
vt 0.0605469 0.5
vt 0.232422 0.5
vt 0.396484 0.5
vt 0.861328 0.5
vt 0.865234 0.5
vt 0.869141 0.5
vt 0.873047 0.5
vt 0.990234 0.5

# verts
v -3.2 0 0.6
v -3.2 0 -0.6
v -3.2 0.9 0.6
v -3.2 0.9 -0.6
v -3.1 0 1
v -3.1 0 0.6
v -3.1 0 -0.6
v -3.1 0 -1
v -3.1 0.9 1
v -3.1 0.9 0.6
v -3.1 0.9 -0.6
v -3.1 0.9 -1
v -3 0 1.2
v -3 0 1
v -3 0 -1
v -3 0 -1.2
v -3 0.9 1.2
v -3 0.9 1
v -3 0.9 -1
v -3 0.9 -1.2
v -2.9 0 1.5
v -2.9 0 1.2
v -2.9 0 -1.2
v -2.9 0 -1.5
v -2.9 0.4 0.0999999
v -2.9 0.4 0
v -2.9 0.4 -0.2
v -2.9 0.4 -0.3
v -2.9 0.4 -0.4
v -2.9 0.4 -0.5
v -2.9 0.5 0.0999999
v -2.9 0.5 0
v -2.9 0.5 -0.2
v -2.9 0.5 -0.3
v -2.9 0.5 -0.4
v -2.9 0.5 -0.5
v -2.9 0.6 0.0999999
v -2.9 0.6 0
v -2.9 0.6 -0.2
v -2.9 0.6 -0.3
v -2.9 0.6 -0.4
v -2.9 0.6 -0.5
v -2.9 0.7 0.5
v -2.9 0.7 0.4
v -2.9 0.7 0.3
v -2.9 0.7 0.0999999
v -2.9 0.7 0
v -2.9 0.7 -0.2
v -2.9 0.7 -0.3
v -2.9 0.7 -0.4
v -2.9 0.8 0.5
v -2.9 0.8 0.4
v -2.9 0.8 0.3
v -2.9 0.8 0.0999999
v -2.9 0.8 0
v -2.9 0.8 -0.1
v -2.9 0.8 -0.2
v -2.9 0.8 -0.3
v -2.9 0.8 -0.4
v -2.9 0.8 -0.5
v -2.9 0.9 1.5
v -2.9 0.9 1.2
v -2.9 0.9 0.8
v -2.9 0.9 0.7
v -2.9 0.9 0.6
v -2.9 0.9 0.5
v -2.9 0.9 0.4
v -2.9 0.9 0.3
v -2.9 0.9 0.0999999
v -2.9 0.9 0
v -2.9 0.9 -0.1
v -2.9 0.9 -0.2
v -2.9 0.9 -0.3
v -2.9 0.9 -0.4
v -2.9 0.9 -0.5
v -2.9 0.9 -0.6
v -2.9 0.9 -1.2
v -2.9 0.9 -1.5
v -2.9 1 0.8
v -2.9 1 0.7
v -2.9 1 0.6
v -2.9 1 0.5
v -2.9 1 0.4
v -2.9 1 0.3
v -2.9 1 0.0999999
v -2.9 1 0
v -2.9 1 -0.2
v -2.9 1 -0.3
v -2.9 1 -0.4
v -2.9 1 -0.5
v -2.9 1 -0.6
v -2.9 1.1 0.8
v -2.9 1.1 0.7
v -2.9 1.1 0.6
v -2.9 1.1 0.5
v -2.9 1.1 0.4
v -2.9 1.1 0.3
v -2.9 1.1 0.0999999
v -2.9 1.1 0
v -2.9 1.1 -0.2
v -2.9 1.1 -0.3
v -2.9 1.1 -0.4
v -2.9 1.1 -0.5
v -2.9 1.1 -0.6
v -2.9 1.2 0.8
v -2.9 1.2 0.7
v -2.9 1.2 0.6
v -2.9 1.2 0.5
v -2.9 1.2 0.4
v -2.9 1.2 0.3
v -2.8 0 1.6
v -2.8 0 1.5
v -2.8 0 -1.5
v -2.8 0 -1.6
v -2.8 0.4 0.5
v -2.8 0.4 0.3
v -2.8 0.4 -0.6
v -2.8 0.4 -0.7
v -2.8 0.5 0.6
v -2.8 0.5 0.5
v -2.8 0.5 0.3
v -2.8 0.5 0.0999999
v -2.8 0.5 -0.6
v -2.8 0.5 -0.7
v -2.8 0.6 0.6
v -2.8 0.6 0.0999999
v -2.8 0.9 1.6
v -2.8 0.9 1.5
v -2.8 0.9 -1.5
v -2.8 0.9 -1.6
v -2.7 0 1.8
v -2.7 0 1.6
v -2.7 0 -1.6
v -2.7 0 -1.8
v -2.7 0.4 0.3
v -2.7 0.4 0.2
v -2.7 0.4 -0.7
v -2.7 0.4 -0.8
v -2.7 0.5 1.1
v -2.7 0.5 0.9
v -2.7 0.5 0.8
v -2.7 0.5 0.6
v -2.7 0.5 0.3
v -2.7 0.5 0.2
v -2.7 0.5 -0.7
v -2.7 0.5 -0.8
v -2.7 0.6 1.2
v -2.7 0.6 1.1
v -2.7 0.6 0.9
v -2.7 0.6 0.8
v -2.7 0.6 0.6
v -2.7 0.7 1.2
v -2.7 0.7 0.8
v -2.7 0.9 1.8
v -2.7 0.9 1.6
v -2.7 0.9 -1.6
v -2.7 0.9 -1.8
v -2.6 0 1.9
v -2.6 0 1.8
v -2.6 0 -1.8
v -2.6 0 -1.9
v -2.6 0.4 0.2
v -2.6 0.4 0.0999999
v -2.6 0.4 -1.1
v -2.6 0.4 -1.2
v -2.6 0.5 1.4
v -2.6 0.5 1.3
v -2.6 0.5 1.1
v -2.6 0.5 0.9
v -2.6 0.5 0.8
v -2.6 0.5 0.2
v -2.6 0.5 0.0999999
v -2.6 0.5 -1.1
v -2.6 0.5 -1.2
v -2.6 0.5 -1.3
v -2.6 0.6 1.4
v -2.6 0.6 1.3
v -2.6 0.6 1.1
v -2.6 0.6 0.9
v -2.6 0.6 0.8
v -2.6 0.6 -1.2
v -2.6 0.6 -1.3
v -2.6 0.8 -0.9
v -2.6 0.8 -1
v -2.6 0.8 -1.2
v -2.6 0.8 -1.3
v -2.6 0.8 -1.4
v -2.6 0.9 1.9
v -2.6 0.9 1.8
v -2.6 0.9 -0.9
v -2.6 0.9 -1
v -2.6 0.9 -1.1
v -2.6 0.9 -1.2
v -2.6 0.9 -1.3
v -2.6 0.9 -1.4
v -2.6 0.9 -1.8
v -2.6 0.9 -1.9
v -2.6 1 -0.9
v -2.6 1 -1
v -2.6 1 -1.1
v -2.6 1 -1.2
v -2.6 1 -1.3
v -2.6 1 -1.4
v -2.6 1.1 -0.9
v -2.6 1.1 -1
v -2.6 1.1 -1.1
v -2.6 1.1 -1.2
v -2.6 1.1 -1.3
v -2.6 1.1 -1.4
v -2.6 1.2 -0.9
v -2.6 1.2 -1
v -2.6 1.2 -1.1
v -2.6 1.2 -1.2
v -2.6 1.2 -1.3
v -2.6 1.2 -1.4
v -2.6 1.3 -0.9
v -2.6 1.3 -1
v -2.6 1.3 -1.1
v -2.6 1.3 -1.2
v -2.6 1.3 -1.3
v -2.6 1.3 -1.4
v -2.5 0 2.1
v -2.5 0 1.9
v -2.5 0 -1.9
v -2.5 0 -2.1
v -2.5 0.4 -0.8
v -2.5 0.4 -0.9
v -2.5 0.5 -0.6
v -2.5 0.5 -0.7
v -2.5 0.5 -0.8
v -2.5 0.5 -0.9
v -2.5 0.6 -0.6
v -2.5 0.6 -0.7
v -2.5 0.7 1
v -2.5 0.7 0.8
v -2.5 0.8 1
v -2.5 0.8 0.8
v -2.5 0.9 2.1
v -2.5 0.9 1.9
v -2.5 0.9 1
v -2.5 0.9 0.8
v -2.5 0.9 -1.9
v -2.5 0.9 -2.1
v -2.5 1 1
v -2.5 1 0.8
v -2.4 0 2.2
v -2.4 0 2.1
v -2.4 0 -2.1
v -2.4 0 -2.2
v -2.4 0.4 1.6
v -2.4 0.4 1.5
v -2.4 0.5 1.6
v -2.4 0.5 1.5
v -2.4 0.5 -0.7
v -2.4 0.5 -0.8
v -2.4 0.6 0.9
v -2.4 0.6 0.5
v -2.4 0.6 0.4
v -2.4 0.6 0.3
v -2.4 0.6 0.2
v -2.4 0.6 -0.7
v -2.4 0.6 -0.8
v -2.4 0.7 0.9
v -2.4 0.7 0.8
v -2.4 0.7 0.7
v -2.4 0.7 0.6
v -2.4 0.7 0.5
v -2.4 0.7 0.4
v -2.4 0.7 0.3
v -2.4 0.7 0.2
v -2.4 0.8 1
v -2.4 0.8 0.8
v -2.4 0.9 2.2
v -2.4 0.9 2.1
v -2.4 0.9 1
v -2.4 0.9 0.8
v -2.4 0.9 -2.1
v -2.4 0.9 -2.2
v -2.3 0 2.3
v -2.3 0 2.2
v -2.3 0 -2.2
v -2.3 0 -2.3
v -2.3 0.4 1.9
v -2.3 0.4 1.8
v -2.3 0.4 1.6
v -2.3 0.5 1.9
v -2.3 0.5 1.8
v -2.3 0.5 1.6
v -2.3 0.5 1.3
v -2.3 0.6 1.9
v -2.3 0.6 1.8
v -2.3 0.6 1.6
v -2.3 0.6 1.4
v -2.3 0.6 1.3
v -2.3 0.6 1.2
v -2.3 0.6 1.1
v -2.3 0.6 0.5
v -2.3 0.6 0.4
v -2.3 0.6 0.2
v -2.3 0.6 0.0999999
v -2.3 0.7 1.8
v -2.3 0.7 1.7
v -2.3 0.7 1.6
v -2.3 0.7 1.4
v -2.3 0.7 1.3
v -2.3 0.7 1.2
v -2.3 0.7 1.1
v -2.3 0.7 1
v -2.3 0.7 0.5
v -2.3 0.7 0.4
v -2.3 0.7 0.3
v -2.3 0.7 0.2
v -2.3 0.7 0.0999999
v -2.3 0.8 1.8
v -2.3 0.8 1.7
v -2.3 0.8 1.6
v -2.3 0.8 1.4
v -2.3 0.8 1.3
v -2.3 0.8 1.2
v -2.3 0.8 1.1
v -2.3 0.8 0.3
v -2.3 0.8 0.2
v -2.3 0.8 0.0999999
v -2.3 0.9 2.3
v -2.3 0.9 2.2
v -2.3 0.9 2
v -2.3 0.9 1.9
v -2.3 0.9 1.8
v -2.3 0.9 1.7
v -2.3 0.9 1.6
v -2.3 0.9 1.4
v -2.3 0.9 1.3
v -2.3 0.9 1.2
v -2.3 0.9 1.1
v -2.3 0.9 1
v -2.3 0.9 0.7
v -2.3 0.9 0.6
v -2.3 0.9 0.3
v -2.3 0.9 0.0999999
v -2.3 0.9 -2.2
v -2.3 0.9 -2.3
v -2.3 1 2
v -2.3 1 1.9
v -2.3 1 1.8
v -2.3 1 1.7
v -2.3 1 1.6
v -2.3 1 1.4
v -2.3 1 1.3
v -2.3 1 1.1
v -2.3 1 1
v -2.3 1 0.7
v -2.3 1 0.3
v -2.3 1.1 2
v -2.3 1.1 1.9
v -2.3 1.1 1.8
v -2.3 1.1 1.6
v -2.3 1.1 1.4
v -2.3 1.1 1.3
v -2.3 1.1 1.2
v -2.3 1.1 1.1
v -2.3 1.1 1
v -2.3 1.2 2
v -2.3 1.2 1.9
v -2.3 1.2 1.8
v -2.3 1.2 1.6
v -2.3 1.2 1.4
v -2.3 1.2 1.3
v -2.3 1.2 1.2
v -2.3 1.2 1.1
v -2.3 1.2 1
v -2.3 1.3 2
v -2.3 1.3 1.9
v -2.3 1.3 1.8
v -2.3 1.3 1.6
v -2.3 1.3 1.4
v -2.3 1.3 1.3
v -2.3 1.3 1.2
v -2.3 1.3 1
v -2.2 0 2.4
v -2.2 0 2.3
v -2.2 0 -2.3
v -2.2 0 -2.4
v -2.2 0.6 -0.6
v -2.2 0.6 -0.7
v -2.2 0.7 0.2
v -2.2 0.7 0.0999999
v -2.2 0.7 -0.6
v -2.2 0.7 -0.7
v -2.2 0.8 0.2
v -2.2 0.8 0.0999999
v -2.2 0.9 2.4
v -2.2 0.9 2.3
v -2.2 0.9 -2.3
v -2.2 0.9 -2.4
v -2.1 0 2.5
v -2.1 0 2.4
v -2.1 0 -2.4
v -2.1 0 -2.5
v -2.1 0.4 -0.9
v -2.1 0.4 -1
v -2.1 0.5 -0.9
v -2.1 0.5 -1
v -2.1 0.9 2.5
v -2.1 0.9 2.4
v -2.1 0.9 -2.4
v -2.1 0.9 -2.5
v -1.9 0 2.6
v -1.9 0 2.5
v -1.9 0 -2.5
v -1.9 0 -2.6
v -1.9 0.4 2.3
v -1.9 0.4 2
v -1.9 0.4 -0.4
v -1.9 0.4 -0.5
v -1.9 0.4 -1
v -1.9 0.4 -1.1
v -1.9 0.4 -1.2
v -1.9 0.4 -1.3
v -1.9 0.4 -1.4
v -1.9 0.4 -1.6
v -1.9 0.4 -2.1
v -1.9 0.4 -2.2
v -1.9 0.4 -2.3
v -1.9 0.5 2.3
v -1.9 0.5 2
v -1.9 0.5 -0.4
v -1.9 0.5 -0.5
v -1.9 0.5 -1
v -1.9 0.5 -1.1
v -1.9 0.5 -1.2
v -1.9 0.5 -1.3
v -1.9 0.5 -1.5
v -1.9 0.5 -1.6
v -1.9 0.5 -2
v -1.9 0.5 -2.1
v -1.9 0.6 -1.1
v -1.9 0.6 -1.2
v -1.9 0.6 -1.3
v -1.9 0.6 -1.4
v -1.9 0.6 -1.5
v -1.9 0.6 -2
v -1.9 0.6 -2.1
v -1.9 0.6 -2.2
v -1.9 0.6 -2.3
v -1.9 0.7 -1.1
v -1.9 0.7 -1.2
v -1.9 0.7 -1.3
v -1.9 0.7 -1.6
v -1.9 0.7 -1.9
v -1.9 0.7 -2
v -1.9 0.7 -2.1
v -1.9 0.8 0.9
v -1.9 0.8 0.6
v -1.9 0.8 -1.1
v -1.9 0.8 -1.2
v -1.9 0.8 -1.3
v -1.9 0.8 -1.4
v -1.9 0.8 -1.5
v -1.9 0.8 -1.6
v -1.9 0.8 -1.9
v -1.9 0.8 -2
v -1.9 0.8 -2.1
v -1.9 0.8 -2.2
v -1.9 0.8 -2.3
v -1.9 0.9 2.6
v -1.9 0.9 2.5
v -1.9 0.9 0.9
v -1.9 0.9 0.6
v -1.9 0.9 -1.2
v -1.9 0.9 -1.3
v -1.9 0.9 -1.8
v -1.9 0.9 -1.9
v -1.9 0.9 -2.3
v -1.9 0.9 -2.4
v -1.9 0.9 -2.5
v -1.9 0.9 -2.6
v -1.9 1 -1.2
v -1.9 1 -1.3
v -1.9 1 -1.5
v -1.9 1 -1.6
v -1.9 1 -1.8
v -1.9 1 -1.9
v -1.9 1 -2
v -1.9 1.1 -1.1
v -1.9 1.1 -1.2
v -1.9 1.1 -1.3
v -1.9 1.1 -1.4
v -1.9 1.1 -1.6
v -1.9 1.1 -1.9
v -1.9 1.1 -2
v -1.9 1.1 -2.1
v -1.9 1.1 -2.2
v -1.9 1.1 -2.3
v -1.9 1.1 -2.4
v -1.9 1.2 -1.1
v -1.9 1.2 -1.2
v -1.9 1.2 -1.3
v -1.9 1.2 -1.6
v -1.9 1.2 -1.9
v -1.9 1.2 -2
v -1.9 1.2 -2.1
v -1.9 1.2 -2.3
v -1.9 1.2 -2.4
v -1.9 1.3 -1.1
v -1.9 1.3 -1.2
v -1.9 1.3 -1.3
v -1.9 1.3 -1.4
v -1.9 1.3 -1.5
v -1.9 1.3 -2
v -1.9 1.3 -2.1
v -1.9 1.3 -2.2
v -1.9 1.3 -2.3
v -1.9 1.3 -2.4
v -1.9 1.4 -1.2
v -1.9 1.4 -1.3
v -1.9 1.4 -1.5
v -1.9 1.4 -1.7
v -1.9 1.4 -1.8
v -1.9 1.4 -2
v -1.9 1.4 -2.1
v -1.9 1.5 -1.1
v -1.9 1.5 -1.2
v -1.9 1.5 -1.3
v -1.9 1.5 -1.4
v -1.9 1.5 -1.6
v -1.9 1.5 -1.7
v -1.9 1.5 -1.8
v -1.9 1.5 -1.9
v -1.9 1.5 -2
v -1.9 1.5 -2.1
v -1.9 1.5 -2.2
v -1.9 1.5 -2.3
v -1.9 1.5 -2.4
v -1.9 1.6 -1.1
v -1.9 1.6 -1.2
v -1.9 1.6 -1.4
v -1.9 1.6 -1.6
v -1.9 1.6 -1.9
v -1.9 1.6 -2
v -1.9 1.6 -2.1
v -1.9 1.6 -2.2
v -1.9 1.6 -2.4
v -1.8 0 2.7
v -1.8 0 2.6
v -1.8 0 -2.6
v -1.8 0 -2.7
v -1.8 0.4 2.4
v -1.8 0.4 2.3
v -1.8 0.4 0
v -1.8 0.4 -0.1
v -1.8 0.4 -0.2
v -1.8 0.4 -0.3
v -1.8 0.4 -0.4
v -1.8 0.5 2.4
v -1.8 0.5 2.3
v -1.8 0.5 2.1
v -1.8 0.5 0
v -1.8 0.5 -0.1
v -1.8 0.5 -0.2
v -1.8 0.5 -0.3
v -1.8 0.5 -0.4
v -1.8 0.5 -0.7
v -1.8 0.5 -0.8
v -1.8 0.6 2.4
v -1.8 0.6 2.3
v -1.8 0.6 2.1
v -1.8 0.6 2
v -1.8 0.6 -0.3
v -1.8 0.6 -0.4
v -1.8 0.6 -0.5
v -1.8 0.6 -0.7
v -1.8 0.6 -0.8
v -1.8 0.7 2.3
v -1.8 0.7 2
v -1.8 0.7 0.2
v -1.8 0.7 -0.1
v -1.8 0.7 -0.2
v -1.8 0.7 -0.3
v -1.8 0.7 -0.4
v -1.8 0.7 -0.5
v -1.8 0.8 0.6
v -1.8 0.8 0.5
v -1.8 0.8 0.4
v -1.8 0.8 0.3
v -1.8 0.8 0.2
v -1.8 0.8 0.0999999
v -1.8 0.8 0
v -1.8 0.8 -0.1
v -1.8 0.9 2.7
v -1.8 0.9 2.6
v -1.8 0.9 0.6
v -1.8 0.9 -2.6
v -1.8 0.9 -2.7
v -1.8 1 0.6
v -1.8 1 0.5
v -1.8 1 0.4
v -1.8 1 0.3
v -1.8 1 0.0999999
v -1.8 1 0
v -1.8 1 -0.1
v -1.8 1 -0.2
v -1.8 1 -0.3
v -1.8 1 -0.4
v -1.8 1 -0.5
v -1.8 1.1 0.6
v -1.8 1.1 0.5
v -1.8 1.1 0.3
v -1.8 1.1 0.2
v -1.8 1.1 0.0999999
v -1.8 1.1 0
v -1.8 1.1 -0.1
v -1.8 1.1 -0.2
v -1.8 1.1 -0.3
v -1.8 1.1 -0.4
v -1.8 1.1 -0.5
v -1.8 1.3 0.6
v -1.8 1.3 0.5
v -1.8 1.3 0.3
v -1.8 1.3 0.2
v -1.8 1.3 0.0999999
v -1.8 1.3 0
v -1.8 1.3 -0.1
v -1.8 1.3 -0.2
v -1.8 1.3 -0.3
v -1.8 1.3 -0.4
v -1.8 1.3 -0.5
v -1.8 1.4 0.6
v -1.8 1.4 0.5
v -1.8 1.4 0.3
v -1.8 1.4 0.0999999
v -1.8 1.4 0
v -1.8 1.4 -0.1
v -1.8 1.4 -0.2
v -1.8 1.4 -0.3
v -1.8 1.4 -0.5
v -1.7 0.5 2.1
v -1.7 0.5 2
v -1.7 0.6 2.1
v -1.7 0.6 2
v -1.6 0 2.8
v -1.6 0 2.7
v -1.6 0 -2.7
v -1.6 0 -2.8
v -1.6 0.4 -2.4
v -1.6 0.4 -2.5
v -1.6 0.5 -2.4
v -1.6 0.5 -2.5
v -1.6 0.7 2.4
v -1.6 0.7 2.3
v -1.6 0.7 2.2
v -1.6 0.8 2.4
v -1.6 0.8 2.2
v -1.6 0.9 2.8
v -1.6 0.9 2.7
v -1.6 0.9 -2.7
v -1.6 0.9 -2.8
v -1.5 0 2.9
v -1.5 0 2.8
v -1.5 0 -2.8
v -1.5 0 -2.9
v -1.5 0.6 2.5
v -1.5 0.6 2.3
v -1.5 0.7 2.5
v -1.5 0.7 2.4
v -1.5 0.7 2.3
v -1.5 0.8 2.5
v -1.5 0.8 2.4
v -1.5 0.9 2.9
v -1.5 0.9 2.8
v -1.5 0.9 -2.8
v -1.5 0.9 -2.9
v -1.4 0.5 2.6
v -1.4 0.5 2.5
v -1.4 0.5 2.1
v -1.4 0.5 2
v -1.4 0.5 -0.9
v -1.4 0.5 -1.1
v -1.4 0.6 2.1
v -1.4 0.6 2
v -1.4 0.6 -0.9
v -1.4 0.6 -1.1
v -1.4 0.7 2.6
v -1.4 0.7 2.5
v -1.3 0.5 2.7
v -1.3 0.5 2.6
v -1.3 0.5 -0.8
v -1.3 0.5 -0.9
v -1.3 0.6 2.7
v -1.3 0.6 2.6
v -1.3 0.6 2.1
v -1.3 0.6 2
v -1.3 0.6 -0.8
v -1.3 0.6 -0.9
v -1.3 0.7 2.2
v -1.3 0.7 2.1
v -1.3 0.7 2
v -1.3 0.8 2.2
v -1.3 0.8 2.1
v -1.2 0 3
v -1.2 0 2.9
v -1.2 0 -2.9
v -1.2 0 -3
v -1.2 0.5 1.2
v -1.2 0.5 1.1
v -1.2 0.5 1
v -1.2 0.5 -0.5
v -1.2 0.5 -0.7
v -1.2 0.5 -0.8
v -1.2 0.6 1.2
v -1.2 0.6 1
v -1.2 0.6 -0.5
v -1.2 0.6 -0.7
v -1.2 0.6 -0.8
v -1.2 0.6 -0.9
v -1.2 0.7 -0.7
v -1.2 0.7 -0.9
v -1.2 0.9 3
v -1.2 0.9 2.9
v -1.2 0.9 -2.9
v -1.2 0.9 -3
v -1.1 0.4 2.8
v -1.1 0.4 2.7
v -1.1 0.4 1.1
v -1.1 0.4 1
v -1.1 0.5 2.8
v -1.1 0.5 2.7
v -1.1 0.5 1.9
v -1.1 0.5 1.7
v -1.1 0.5 1.6
v -1.1 0.5 1.5
v -1.1 0.5 1.4
v -1.1 0.5 1.3
v -1.1 0.5 1.1
v -1.1 0.5 1
v -1.1 0.5 -2.5
v -1.1 0.5 -2.7
v -1.1 0.6 2.6
v -1.1 0.6 2.5
v -1.1 0.6 2
v -1.1 0.6 1.9
v -1.1 0.6 1.7
v -1.1 0.6 1.6
v -1.1 0.6 1.5
v -1.1 0.6 1.4
v -1.1 0.6 1.3
v -1.1 0.6 -0.6
v -1.1 0.6 -0.7
v -1.1 0.6 -0.9
v -1.1 0.6 -1
v -1.1 0.6 -2.5
v -1.1 0.6 -2.7
v -1.1 0.7 2.6
v -1.1 0.7 2.5
v -1.1 0.7 2.1
v -1.1 0.7 2
v -1.1 0.7 1.8
v -1.1 0.7 1.7
v -1.1 0.7 1.6
v -1.1 0.7 1.4
v -1.1 0.7 1.3
v -1.1 0.7 -0.5
v -1.1 0.7 -0.6
v -1.1 0.7 -0.7
v -1.1 0.7 -0.9
v -1.1 0.7 -1
v -1.1 0.8 2.6
v -1.1 0.8 2.5
v -1.1 0.8 2.4
v -1.1 0.8 2.3
v -1.1 0.8 2.2
v -1.1 0.8 2.1
v -1.1 0.8 1.8
v -1.1 0.8 1.7
v -1.1 0.8 1.6
v -1.1 0.8 1.5
v -1.1 0.8 1.4
v -1.1 0.8 1.3
v -1.1 0.8 -0.5
v -1.1 0.8 -0.7
v -1.1 0.9 2.5
v -1.1 0.9 2.4
v -1.1 0.9 1.9
v -1.1 0.9 1.8
v -1.1 1 2.5
v -1.1 1 2.4
v -1.1 1 2.2
v -1.1 1 2.1
v -1.1 1 1.9
v -1.1 1 1.8
v -1.1 1 1.7
v -1.1 1.1 2.6
v -1.1 1.1 2.5
v -1.1 1.1 2.4
v -1.1 1.1 2.3
v -1.1 1.1 2.1
v -1.1 1.1 1.8
v -1.1 1.1 1.7
v -1.1 1.1 1.6
v -1.1 1.1 1.5
v -1.1 1.1 1.4
v -1.1 1.1 1.3
v -1.1 1.2 2.6
v -1.1 1.2 2.5
v -1.1 1.2 2.4
v -1.1 1.2 2.1
v -1.1 1.2 1.8
v -1.1 1.2 1.7
v -1.1 1.2 1.6
v -1.1 1.2 1.4
v -1.1 1.2 1.3
v -1.1 1.3 2.6
v -1.1 1.3 2.5
v -1.1 1.3 2.4
v -1.1 1.3 2.3
v -1.1 1.3 2.2
v -1.1 1.3 1.7
v -1.1 1.3 1.6
v -1.1 1.3 1.5
v -1.1 1.3 1.4
v -1.1 1.3 1.3
v -1.1 1.4 2.5
v -1.1 1.4 2.4
v -1.1 1.4 2.2
v -1.1 1.4 2
v -1.1 1.4 1.9
v -1.1 1.4 1.7
v -1.1 1.4 1.6
v -1.1 1.5 2.6
v -1.1 1.5 2.5
v -1.1 1.5 2.4
v -1.1 1.5 2.3
v -1.1 1.5 2.1
v -1.1 1.5 2
v -1.1 1.5 1.9
v -1.1 1.5 1.8
v -1.1 1.5 1.7
v -1.1 1.5 1.6
v -1.1 1.5 1.5
v -1.1 1.5 1.4
v -1.1 1.5 1.3
v -1.1 1.6 2.6
v -1.1 1.6 2.5
v -1.1 1.6 2.3
v -1.1 1.6 2.1
v -1.1 1.6 1.8
v -1.1 1.6 1.7
v -1.1 1.6 1.6
v -1.1 1.6 1.5
v -1.1 1.6 1.3
v -1 0 3.1
v -1 0 3
v -1 0 -3
v -1 0 -3.1
v -1 0.5 0.9
v -1 0.5 0.8
v -1 0.5 -2.4
v -1 0.5 -2.5
v -1 0.6 2.7
v -1 0.6 2.6
v -1 0.6 1.1
v -1 0.6 1
v -1 0.6 0.9
v -1 0.6 0.8
v -1 0.6 -0.5
v -1 0.6 -0.6
v -1 0.6 -1
v -1 0.6 -1.1
v -1 0.6 -2.4
v -1 0.6 -2.5
v -1 0.7 2.7
v -1 0.7 2.6
v -1 0.7 1.1
v -1 0.7 0.9
v -1 0.7 -0.5
v -1 0.7 -0.6
v -1 0.7 -0.7
v -1 0.7 -0.8
v -1 0.7 -1
v -1 0.7 -1.1
v -1 0.8 -0.7
v -1 0.8 -0.8
v -1 0.9 3.1
v -1 0.9 3
v -1 0.9 -3
v -1 0.9 -3.1
v -1 6 1
v -1 6 0.8
v -1 6 0.6
v -1 6 0.4
v -1 6 0.2
v -1 6 -0.2
v -1 6 -0.4
v -1 6 -0.6
v -1 6 -0.8
v -1 6 -1
v -1 6.1 0.9
v -1 6.1 0.8
v -1 6.1 0.6
v -1 6.1 0.5
v -1 6.1 0.4
v -1 6.1 0.3
v -1 6.1 0.2
v -1 6.1 -0.2
v -1 6.1 -0.3
v -1 6.1 -0.4
v -1 6.1 -0.5
v -1 6.1 -0.6
v -1 6.1 -0.8
v -1 6.1 -0.9
v -1 6.2 1
v -1 6.2 0.9
v -1 6.2 0.8
v -1 6.2 0.7
v -1 6.2 0.5
v -1 6.2 0.4
v -1 6.2 0.3
v -1 6.2 0.0999999
v -1 6.2 -0.1
v -1 6.2 -0.3
v -1 6.2 -0.4
v -1 6.2 -0.5
v -1 6.2 -0.7
v -1 6.2 -0.8
v -1 6.2 -0.9
v -1 6.2 -1
v -1 6.3 0.8
v -1 6.3 0.7
v -1 6.3 0.6
v -1 6.3 0.4
v -1 6.3 0.3
v -1 6.3 0.0999999
v -1 6.3 -0.1
v -1 6.3 -0.3
v -1 6.3 -0.4
v -1 6.3 -0.6
v -1 6.3 -0.7
v -1 6.3 -0.8
v -1 6.4 1
v -1 6.4 0.9
v -1 6.4 0.7
v -1 6.4 0.6
v -1 6.4 0.5
v -1 6.4 0.3
v -1 6.4 0.2
v -1 6.4 -0.2
v -1 6.4 -0.3
v -1 6.4 -0.5
v -1 6.4 -0.6
v -1 6.4 -0.7
v -1 6.4 -0.9
v -1 6.4 -1
v -1 6.5 0.9
v -1 6.5 0.8
v -1 6.5 0.6
v -1 6.5 0.5
v -1 6.5 0.4
v -1 6.5 0.2
v -1 6.5 -0.2
v -1 6.5 -0.4
v -1 6.5 -0.5
v -1 6.5 -0.6
v -1 6.5 -0.8
v -1 6.5 -0.9
v -1 6.6 1
v -1 6.6 0.9
v -1 6.6 0.8
v -1 6.6 0.7
v -1 6.6 0.5
v -1 6.6 0.4
v -1 6.6 0.2
v -1 6.6 0.0999999
v -1 6.6 0
v -1 6.6 -0.2
v -1 6.6 -0.4
v -1 6.6 -0.5
v -1 6.6 -0.7
v -1 6.6 -0.8
v -1 6.6 -0.9
v -1 6.6 -1
v -1 6.7 0.9
v -1 6.7 0.8
v -1 6.7 0.7
v -1 6.7 0.6
v -1 6.7 0.3
v -1 6.7 0.2
v -1 6.7 0
v -1 6.7 -0.1
v -1 6.7 -0.2
v -1 6.7 -0.3
v -1 6.7 -0.6
v -1 6.7 -0.7
v -1 6.7 -0.8
v -1 6.7 -0.9
v -1 6.8 1
v -1 6.8 0.9
v -1 6.8 0.6
v -1 6.8 0.5
v -1 6.8 0.4
v -1 6.8 0.3
v -1 6.8 0.0999999
v -1 6.8 0
v -1 6.8 -0.1
v -1 6.8 -0.3
v -1 6.8 -0.4
v -1 6.8 -0.5
v -1 6.8 -0.6
v -1 6.8 -0.9
v -1 6.8 -1
v -1 6.9 0.8
v -1 6.9 0.7
v -1 6.9 0.3
v -1 6.9 0.2
v -1 6.9 0
v -1 6.9 -0.1
v -1 6.9 -0.7
v -1 6.9 -0.8
v -1 7 0.3
v -1 7 0.2
v -1 7 0.0999999
v -1 7 -0.1
v -1 7 -0.2
v -1 7.1 0.8
v -1 7.1 0.7
v -1 7.1 0.3
v -1 7.1 0.2
v -1 7.1 0.0999999
v -1 7.1 0
v -1 7.1 -0.1
v -1 7.1 -0.2
v -1 7.1 -0.3
v -1 7.1 -0.7
v -1 7.1 -0.8
v -1 7.2 1
v -1 7.2 0.9
v -1 7.2 0.6
v -1 7.2 0.5
v -1 7.2 0.4
v -1 7.2 0.3
v -1 7.2 0.2
v -1 7.2 0.0999999
v -1 7.2 0
v -1 7.2 -0.1
v -1 7.2 -0.2
v -1 7.2 -0.3
v -1 7.2 -0.4
v -1 7.2 -0.5
v -1 7.2 -0.6
v -1 7.2 -0.9
v -1 7.2 -1
v -1 7.3 0.9
v -1 7.3 0.8
v -1 7.3 0.7
v -1 7.3 0.6
v -1 7.3 0.3
v -1 7.3 0.2
v -1 7.3 0.0999999
v -1 7.3 -0.1
v -1 7.3 -0.2
v -1 7.3 -0.3
v -1 7.3 -0.6
v -1 7.3 -0.7
v -1 7.3 -0.8
v -1 7.3 -0.9
v -1 7.4 1
v -1 7.4 0.9
v -1 7.4 0.8
v -1 7.4 0.7
v -1 7.4 0.5
v -1 7.4 0.4
v -1 7.4 0.2
v -1 7.4 -0.2
v -1 7.4 -0.4
v -1 7.4 -0.5
v -1 7.4 -0.7
v -1 7.4 -0.8
v -1 7.4 -0.9
v -1 7.4 -1
v -1 7.5 0.9
v -1 7.5 0.8
v -1 7.5 0.6
v -1 7.5 0.5
v -1 7.5 0.4
v -1 7.5 0.2
v -1 7.5 -0.2
v -1 7.5 -0.4
v -1 7.5 -0.5
v -1 7.5 -0.6
v -1 7.5 -0.8
v -1 7.5 -0.9
v -1 7.6 1
v -1 7.6 0.9
v -1 7.6 0.7
v -1 7.6 0.6
v -1 7.6 0.5
v -1 7.6 0.3
v -1 7.6 0.2
v -1 7.6 -0.2
v -1 7.6 -0.3
v -1 7.6 -0.5
v -1 7.6 -0.6
v -1 7.6 -0.7
v -1 7.6 -0.9
v -1 7.6 -1
v -1 7.7 0.8
v -1 7.7 0.7
v -1 7.7 0.6
v -1 7.7 0.4
v -1 7.7 0.3
v -1 7.7 0.0999999
v -1 7.7 -0.1
v -1 7.7 -0.3
v -1 7.7 -0.4
v -1 7.7 -0.6
v -1 7.7 -0.7
v -1 7.7 -0.8
v -1 7.8 1
v -1 7.8 0.9
v -1 7.8 0.8
v -1 7.8 0.7
v -1 7.8 0.5
v -1 7.8 0.4
v -1 7.8 0.3
v -1 7.8 0.0999999
v -1 7.8 -0.1
v -1 7.8 -0.3
v -1 7.8 -0.4
v -1 7.8 -0.5
v -1 7.8 -0.7
v -1 7.8 -0.8
v -1 7.8 -0.9
v -1 7.8 -1
v -1 7.9 0.9
v -1 7.9 0.8
v -1 7.9 0.6
v -1 7.9 0.5
v -1 7.9 0.4
v -1 7.9 0.3
v -1 7.9 0.2
v -1 7.9 -0.2
v -1 7.9 -0.3
v -1 7.9 -0.4
v -1 7.9 -0.5
v -1 7.9 -0.6
v -1 7.9 -0.8
v -1 7.9 -0.9
v -1 8 1
v -1 8 0.8
v -1 8 0.6
v -1 8 0.4
v -1 8 0.2
v -1 8 -0.2
v -1 8 -0.4
v -1 8 -0.6
v -1 8 -0.8
v -1 8 -1
v -0.9 0.4 1.3
v -0.9 0.4 1.1
v -0.9 0.5 1.3
v -0.9 0.5 1.2
v -0.9 0.5 1.1
v -0.9 0.5 1
v -0.9 0.5 0.9
v -0.9 0.6 1
v -0.9 0.6 0.9
v -0.9 0.6 -2.4
v -0.9 0.6 -2.5
v -0.9 0.6 -2.6
v -0.9 0.7 2.7
v -0.9 0.7 2.6
v -0.9 0.7 -2.4
v -0.9 0.7 -2.6
v -0.9 0.8 2.7
v -0.9 0.8 2.6
v -0.9 0.8 -0.5
v -0.9 0.8 -0.7
v -0.9 0.9 -0.5
v -0.9 0.9 -0.7
v -0.8 0.5 1.3
v -0.8 0.5 1.2
v -0.8 0.6 1.3
v -0.8 0.6 1.2
v -0.7 0.4 0.9
v -0.7 0.4 0.8
v -0.7 0.5 2.9
v -0.7 0.5 2.8
v -0.7 0.5 0.9
v -0.7 0.5 0.8
v -0.7 0.6 2.9
v -0.7 0.6 2.8
v -0.7 0.6 2.7
v -0.7 0.6 1.3
v -0.7 0.6 1.1
v -0.7 0.6 -0.1
v -0.7 0.6 -0.2
v -0.7 0.7 2.8
v -0.7 0.7 2.7
v -0.7 0.7 1.3
v -0.7 0.7 1.1
v -0.7 0.7 -0.8
v -0.7 0.7 -0.9
v -0.7 0.8 -0.1
v -0.7 0.8 -0.2
v -0.7 0.8 -0.8
v -0.7 0.8 -0.9
v -0.7 0.9 -0.2
v -0.7 0.9 -0.4
v -0.7 1 -0.2
v -0.7 1 -0.4
v -0.6 0 3.2
v -0.6 0 3.1
v -0.6 0 -3.1
v -0.6 0 -3.2
v -0.6 0.4 0.8
v -0.6 0.4 0.3
v -0.6 0.5 0.8
v -0.6 0.5 0.7
v -0.6 0.5 0.5
v -0.6 0.5 0.4
v -0.6 0.6 2.9
v -0.6 0.6 2.8
v -0.6 0.6 1.1
v -0.6 0.6 1
v -0.6 0.6 0.8
v -0.6 0.6 0.7
v -0.6 0.6 0.6
v -0.6 0.6 0.5
v -0.6 0.6 0.4
v -0.6 0.6 0.3
v -0.6 0.6 0.2
v -0.6 0.6 0.0999999
v -0.6 0.7 2.9
v -0.6 0.7 2.8
v -0.6 0.7 2.6
v -0.6 0.7 1.1
v -0.6 0.7 1
v -0.6 0.7 0.7
v -0.6 0.7 0.6
v -0.6 0.7 0.5
v -0.6 0.7 0.4
v -0.6 0.7 0.3
v -0.6 0.7 0.2
v -0.6 0.8 2.8
v -0.6 0.8 2.6
v -0.6 0.8 0.8
v -0.6 0.8 0.7
v -0.6 0.8 0.6
v -0.6 0.8 0.5
v -0.6 0.8 0.4
v -0.6 0.8 0.3
v -0.6 0.8 0.2
v -0.6 0.8 0.0999999
v -0.6 0.8 0
v -0.6 0.8 -0.1
v -0.6 0.9 3.2
v -0.6 0.9 3.1
v -0.6 0.9 0.8
v -0.6 0.9 0.7
v -0.6 0.9 0.6
v -0.6 0.9 0.5
v -0.6 0.9 0.4
v -0.6 0.9 0.3
v -0.6 0.9 0.2
v -0.6 0.9 0.0999999
v -0.6 0.9 0
v -0.6 0.9 -0.1
v -0.6 0.9 -0.2
v -0.6 0.9 -3.1
v -0.6 0.9 -3.2
v -0.6 1 0.7
v -0.6 1 0.6
v -0.6 1 0.5
v -0.6 1 0.4
v -0.6 1 0.3
v -0.6 1 0.2
v -0.6 1 -0.1
v -0.6 1 -0.2
v -0.6 1.1 0.8
v -0.6 1.1 0.7
v -0.6 1.1 0.6
v -0.6 1.1 0.5
v -0.6 1.1 0.4
v -0.6 1.1 0.3
v -0.6 1.1 0.2
v -0.6 1.1 0.0999999
v -0.6 1.2 0.8
v -0.6 1.2 0.7
v -0.6 1.2 0.6
v -0.6 1.2 0.5
v -0.6 1.2 0.4
v -0.6 1.2 0.3
v -0.6 1.2 0.2
v -0.6 1.2 0.0999999
v -0.5 0.4 -1.9
v -0.5 0.4 -2
v -0.5 0.4 -2.1
v -0.5 0.4 -2.3
v -0.5 0.4 -2.4
v -0.5 0.4 -2.8
v -0.5 0.4 -2.9
v -0.5 0.5 -1.9
v -0.5 0.5 -2
v -0.5 0.5 -2.1
v -0.5 0.5 -2.3
v -0.5 0.5 -2.4
v -0.5 0.5 -2.7
v -0.5 0.5 -2.8
v -0.5 0.5 -2.9
v -0.5 0.6 0
v -0.5 0.6 -0.1
v -0.5 0.6 -2.1
v -0.5 0.6 -2.3
v -0.5 0.6 -2.5
v -0.5 0.6 -2.7
v -0.5 0.6 -2.8
v -0.5 0.6 -2.9
v -0.5 0.7 0
v -0.5 0.7 -0.1
v -0.5 0.7 -1
v -0.5 0.7 -1.1
v -0.5 0.7 -2
v -0.5 0.7 -2.1
v -0.5 0.7 -2.2
v -0.5 0.7 -2.3
v -0.5 0.7 -2.5
v -0.5 0.7 -2.6
v -0.5 0.7 -2.7
v -0.5 0.7 -2.8
v -0.5 0.7 -2.9
v -0.5 0.8 0
v -0.5 0.8 -0.1
v -0.5 0.8 -1
v -0.5 0.8 -1.1
v -0.5 0.8 -1.3
v -0.5 0.8 -1.9
v -0.5 0.8 -2
v -0.5 0.8 -2.2
v -0.5 0.8 -2.3
v -0.5 0.8 -2.5
v -0.5 0.8 -2.6
v -0.5 0.9 -1.1
v -0.5 0.9 -1.3
v -0.5 0.9 -1.9
v -0.5 0.9 -2
v -0.5 0.9 -2.1
v -0.5 0.9 -2.3
v -0.5 0.9 -2.5
v -0.5 0.9 -2.6
v -0.5 0.9 -2.7
v -0.5 0.9 -2.8
v -0.5 0.9 -2.9
v -0.5 1 -1.9
v -0.5 1 -2
v -0.5 1 -2.1
v -0.5 1 -2.3
v -0.5 1 -2.5
v -0.5 1 -2.6
v -0.5 1 -2.7
v -0.5 1 -2.8
v -0.5 1 -2.9
v -0.5 1.1 -1.9
v -0.5 1.1 -2
v -0.5 1.1 -2.1
v -0.5 1.1 -2.6
v -0.5 1.1 -2.7
v -0.5 1.1 -2.8
v -0.5 1.1 -2.9
v -0.5 1.2 -1.9
v -0.5 1.2 -2
v -0.5 1.2 -2.1
v -0.5 1.2 -2.3
v -0.5 1.2 -2.5
v -0.5 1.2 -2.6
v -0.5 1.2 -2.7
v -0.5 1.2 -2.8
v -0.5 1.2 -2.9
v -0.5 1.3 -1.9
v -0.5 1.3 -2
v -0.5 1.3 -2.1
v -0.5 1.3 -2.3
v -0.5 1.3 -2.5
v -0.5 1.3 -2.6
v -0.5 1.3 -2.7
v -0.5 1.3 -2.9
v -0.4 0.5 3
v -0.4 0.5 2.9
v -0.4 0.6 3
v -0.4 0.6 2.9
v -0.4 0.7 1.3
v -0.4 0.7 1.1
v -0.4 0.7 -0.9
v -0.4 0.7 -1
v -0.4 0.8 1.3
v -0.4 0.8 1.1
v -0.4 0.8 -0.9
v -0.4 0.8 -1
v -0.3 0.5 1
v -0.3 0.5 0.8
v -0.3 0.6 2.9
v -0.3 0.6 2.8
v -0.3 0.6 1.3
v -0.3 0.6 1.2
v -0.3 0.6 1
v -0.3 0.6 0.8
v -0.3 0.6 0.0999999
v -0.3 0.6 0
v -0.3 0.7 2.9
v -0.3 0.7 2.8
v -0.3 0.7 1.3
v -0.3 0.7 1.2
v -0.3 0.7 0.0999999
v -0.3 0.7 0
v -0.2 0.7 0.0999999
v -0.2 0.7 0
v -0.2 0.8 0.0999999
v -0.2 0.8 0
v -0.0999999 0.4 -1.8
v -0.0999999 0.4 -1.9
v -0.0999999 0.5 -1.8
v -0.0999999 0.5 -1.9
v -0.0999999 0.7 -0.3
v -0.0999999 0.7 -0.4
v -0.0999999 0.7 -0.5
v -0.0999999 0.7 -0.6
v -0.0999999 0.7 -0.8
v -0.0999999 0.7 -1
v -0.0999999 0.7 -1.4
v -0.0999999 0.7 -1.5
v -0.0999999 0.8 -0.3
v -0.0999999 0.8 -0.4
v -0.0999999 0.8 -0.5
v -0.0999999 0.8 -0.6
v -0.0999999 0.8 -0.8
v -0.0999999 0.8 -1
v -0.0999999 0.8 -1.2
v -0.0999999 0.8 -1.3
v -0.0999999 0.8 -1.4
v -0.0999999 0.8 -1.5
v -0.0999999 0.9 -0.3
v -0.0999999 0.9 -0.4
v -0.0999999 0.9 -0.6
v -0.0999999 0.9 -0.7
v -0.0999999 0.9 -0.8
v -0.0999999 0.9 -1
v -0.0999999 0.9 -1.1
v -0.0999999 0.9 -1.2
v -0.0999999 0.9 -1.3
v -0.0999999 0.9 -1.4
v -0.0999999 0.9 -1.5
v -0.0999999 1 -0.3
v -0.0999999 1 -0.4
v -0.0999999 1 -0.6
v -0.0999999 1 -0.7
v -0.0999999 1 -0.8
v -0.0999999 1 -1
v -0.0999999 1 -1.1
v -0.0999999 1 -1.2
v -0.0999999 1 -1.3
v -0.0999999 1 -1.4
v -0.0999999 1 -1.5
v -0.0999999 1.1 -0.3
v -0.0999999 1.1 -0.4
v -0.0999999 1.1 -0.6
v -0.0999999 1.1 -0.8
v -0.0999999 1.1 -1
v -0.0999999 1.1 -1.1
v -0.0999999 1.1 -1.2
v -0.0999999 1.1 -1.3
v -0.0999999 1.1 -1.5
v 0 0.4 -1.7
v 0 0.4 -1.8
v 0 0.5 -1.7
v 0 0.5 -1.8
v 0 0.6 1
v 0 0.6 0.9
v 0 0.7 1
v 0 0.7 0.9
v 0 0.8 1.3
v 0 0.8 1.1
v 0 0.9 1.3
v 0 0.9 1.1
v 0.1 0.4 -1.6
v 0.1 0.4 -1.7
v 0.1 0.5 -1.6
v 0.1 0.5 -1.7
v 0.1 0.6 0.9
v 0.1 0.6 0.8
v 0.1 0.6 -0.2
v 0.1 0.6 -0.3
v 0.1 0.7 1.1
v 0.1 0.7 1
v 0.1 0.7 0.9
v 0.1 0.7 0.8
v 0.1 0.7 -0.2
v 0.1 0.8 1.1
v 0.1 0.8 1
v 0.1 0.8 -0.2
v 0.1 0.8 -0.3
v 0.2 0.4 -1.5
v 0.2 0.4 -1.6
v 0.2 0.5 0.8
v 0.2 0.5 0.7
v 0.2 0.5 -1.5
v 0.2 0.5 -1.6
v 0.2 0.6 2.7
v 0.2 0.6 2.6
v 0.2 0.6 0.8
v 0.2 0.6 0.7
v 0.2 0.7 2.7
v 0.2 0.7 2.6
v 0.2 0.7 1
v 0.2 0.7 0.8
v 0.2 0.8 1.1
v 0.2 0.8 1
v 0.2 0.8 0.8
v 0.2 0.9 1.1
v 0.2 0.9 1
v 0.3 0.6 0.8
v 0.3 0.6 0.7
v 0.3 0.7 0.8
v 0.3 0.7 0.7
v 0.3 0.8 1
v 0.3 0.8 0.8
v 0.3 0.8 0.7
v 0.3 0.8 0.6
v 0.3 0.8 0.4
v 0.3 0.8 0.3
v 0.3 0.8 0.2
v 0.3 0.8 0.0999999
v 0.3 0.8 0
v 0.3 0.9 1
v 0.3 0.9 0.8
v 0.3 0.9 0.7
v 0.3 0.9 0.6
v 0.3 0.9 0.5
v 0.3 0.9 0.4
v 0.3 0.9 0.3
v 0.3 0.9 0.2
v 0.3 0.9 0.0999999
v 0.3 0.9 0
v 0.3 1 0.7
v 0.3 1 0.6
v 0.3 1 0.5
v 0.3 1 0.4
v 0.3 1 0.3
v 0.3 1 0.2
v 0.3 1 0.0999999
v 0.3 1 0
v 0.3 1.1 0.7
v 0.3 1.1 0.6
v 0.3 1.1 0.4
v 0.3 1.1 0.3
v 0.3 1.1 0.2
v 0.3 1.1 0.0999999
v 0.3 1.1 0
v 0.3 1.2 0.7
v 0.3 1.2 0.6
v 0.3 1.2 0.5
v 0.3 1.2 0.4
v 0.3 1.2 0.3
v 0.3 1.2 0.2
v 0.3 1.2 0.0999999
v 0.3 1.2 0
v 0.3 1.3 0.7
v 0.3 1.3 0.6
v 0.3 1.3 0.5
v 0.3 1.3 0.4
v 0.3 1.3 0.3
v 0.3 1.3 0.0999999
v 0.3 1.3 0
v 0.3 1.4 0.7
v 0.3 1.4 0.6
v 0.3 1.4 0.4
v 0.3 1.4 0.3
v 0.3 1.4 0.2
v 0.3 1.4 0.0999999
v 0.3 1.4 0
v 0.3 1.5 0.7
v 0.3 1.5 0.6
v 0.3 1.5 0.4
v 0.3 1.5 0.3
v 0.3 1.5 0.2
v 0.3 1.5 0.0999999
v 0.3 1.5 0
v 0.4 0.4 0.5
v 0.4 0.4 0.3
v 0.4 0.5 0.5
v 0.4 0.5 0.3
v 0.4 0.6 1.3
v 0.4 0.6 1.2
v 0.4 0.7 2.7
v 0.4 0.7 2.6
v 0.4 0.7 2.5
v 0.4 0.7 2.4
v 0.4 0.7 2.3
v 0.4 0.7 2.2
v 0.4 0.7 2.1
v 0.4 0.7 1.8
v 0.4 0.7 1.7
v 0.4 0.7 1.6
v 0.4 0.7 1.5
v 0.4 0.7 1.3
v 0.4 0.7 1.2
v 0.4 0.8 2.7
v 0.4 0.8 2.6
v 0.4 0.8 2.4
v 0.4 0.8 2.3
v 0.4 0.8 2.2
v 0.4 0.8 2.1
v 0.4 0.8 2
v 0.4 0.8 1.8
v 0.4 0.8 1.7
v 0.4 0.8 1.6
v 0.4 0.8 1.5
v 0.4 0.8 1.3
v 0.4 0.8 1.2
v 0.4 0.9 2.7
v 0.4 0.9 2.6
v 0.4 0.9 2.5
v 0.4 0.9 2.4
v 0.4 0.9 2.3
v 0.4 0.9 2.2
v 0.4 0.9 2.1
v 0.4 0.9 2
v 0.4 0.9 1.8
v 0.4 0.9 1.7
v 0.4 0.9 1.6
v 0.4 0.9 1.3
v 0.4 0.9 1.2
v 0.4 0.9 1.1
v 0.4 0.9 1
v 0.4 0.9 0.9
v 0.4 1 2.7
v 0.4 1 2.6
v 0.4 1 2.5
v 0.4 1 2.4
v 0.4 1 2.3
v 0.4 1 2.2
v 0.4 1 2.1
v 0.4 1 2
v 0.4 1 1.8
v 0.4 1 1.7
v 0.4 1 1.6
v 0.4 1 1.4
v 0.4 1 1.3
v 0.4 1 1.2
v 0.4 1 1.1
v 0.4 1 1
v 0.4 1 0.9
v 0.4 1.1 2.7
v 0.4 1.1 2.6
v 0.4 1.1 2.5
v 0.4 1.1 2.4
v 0.4 1.1 2.3
v 0.4 1.1 2.2
v 0.4 1.1 2.1
v 0.4 1.1 2
v 0.4 1.1 1.8
v 0.4 1.1 1.7
v 0.4 1.1 1.6
v 0.4 1.1 1.4
v 0.4 1.1 1.3
v 0.4 1.1 1.2
v 0.4 1.1 1.1
v 0.4 1.1 0.9
v 0.4 1.2 2.7
v 0.4 1.2 2.6
v 0.4 1.2 2.5
v 0.4 1.2 2.4
v 0.4 1.2 2.3
v 0.4 1.2 2.2
v 0.4 1.2 2.1
v 0.4 1.2 2
v 0.4 1.3 2.7
v 0.4 1.3 2.6
v 0.4 1.3 2.4
v 0.4 1.3 2.3
v 0.4 1.3 2.2
v 0.4 1.3 2.1
v 0.4 1.3 2
v 0.4 1.4 2.7
v 0.4 1.4 2.6
v 0.4 1.4 2.4
v 0.4 1.4 2.3
v 0.4 1.4 2.2
v 0.4 1.4 2.1
v 0.4 1.4 2
v 0.5 0.3 -2.9
v 0.5 0.3 -3
v 0.5 0.4 0.3
v 0.5 0.4 0.2
v 0.5 0.4 -0.1
v 0.5 0.4 -0.3
v 0.5 0.4 -2.9
v 0.5 0.5 3
v 0.5 0.5 2.9
v 0.5 0.5 0.7
v 0.5 0.5 0.6
v 0.5 0.5 0.3
v 0.5 0.5 0.2
v 0.5 0.5 -0.1
v 0.5 0.5 -0.3
v 0.5 0.5 -1.8
v 0.5 0.5 -1.9
v 0.5 0.5 -2.9
v 0.5 0.6 0.7
v 0.5 0.6 0.6
v 0.5 0.6 -1.8
v 0.5 0.6 -1.9
v 0.5 0.6 -2.9
v 0.5 0.7 -2.9
v 0.5 0.9 3
v 0.5 0.9 2.9
v 0.5 0.9 -2.9
v 0.5 0.9 -3
v 0.6 0.4 0.2
v 0.6 0.4 0.0999999
v 0.6 0.5 0.2
v 0.6 0.5 0.0999999
v 0.6 0.5 -1.6
v 0.6 0.5 -1.7
v 0.6 0.6 -1.6
v 0.6 0.6 -1.7
v 0.6 0.6 -2.6
v 0.6 0.6 -2.8
v 0.6 0.7 -1.8
v 0.6 0.7 -1.9
v 0.6 0.7 -2
v 0.6 0.7 -2.1
v 0.6 0.7 -2.2
v 0.6 0.7 -2.3
v 0.6 0.7 -2.6
v 0.6 0.7 -2.8
v 0.6 0.8 -1.8
v 0.6 0.8 -1.9
v 0.6 0.8 -2
v 0.6 0.8 -2.1
v 0.6 0.8 -2.2
v 0.6 0.9 -1.8
v 0.6 0.9 -1.9
v 0.6 0.9 -2
v 0.6 0.9 -2.1
v 0.6 0.9 -2.2
v 0.6 0.9 -2.3
v 0.6 1 -1.8
v 0.6 1 -1.9
v 0.6 1 -2
v 0.6 1 -2.1
v 0.6 1 -2.2
v 0.6 1 -2.3
v 0.6 1.1 -1.8
v 0.6 1.1 -1.9
v 0.6 1.1 -2
v 0.6 1.1 -2.1
v 0.6 1.1 -2.2
v 0.6 1.1 -2.3
v 0.6 1.2 -1.8
v 0.6 1.2 -1.9
v 0.6 1.2 -2
v 0.6 1.2 -2.1
v 0.6 1.2 -2.2
v 0.6 1.2 -2.3
v 0.7 0.4 0.0999999
v 0.7 0.4 0
v 0.7 0.4 -0.1
v 0.7 0.5 0.5
v 0.7 0.5 0.0999999
v 0.7 0.5 0
v 0.7 0.5 -0.1
v 0.7 0.5 -1.7
v 0.7 0.5 -1.8
v 0.7 0.5 -2.8
v 0.7 0.5 -2.9
v 0.7 0.6 0.5
v 0.7 0.6 0
v 0.7 0.6 -0.1
v 0.7 0.6 -1.7
v 0.7 0.6 -1.8
v 0.7 0.6 -2.8
v 0.7 0.6 -2.9
v 0.7 0.7 -2.8
v 0.7 0.7 -2.9
v 0.8 0.5 0.6
v 0.8 0.5 0.5
v 0.8 0.6 0.6
v 0.8 0.6 0.5
v 0.8 0.6 -0.2
v 0.8 0.6 -0.3
v 0.8 0.6 -2
v 0.8 0.6 -2.2
v 0.8 0.7 -0.2
v 0.8 0.7 -0.3
v 0.8 0.7 -2
v 0.8 0.7 -2.1
v 0.8 0.7 -2.2
v 0.8 0.7 -2.5
v 0.8 0.7 -2.7
v 0.8 0.8 -2.5
v 0.8 0.8 -2.7
v 0.9 0.4 2.9
v 0.9 0.4 2.8
v 0.9 0.4 -2.8
v 0.9 0.4 -2.9
v 0.9 0.5 0.7
v 0.9 0.5 0.6
v 0.9 0.5 -2.8
v 0.9 0.5 -2.9
v 0.9 0.6 0.9
v 0.9 0.6 0.7
v 0.9 0.6 0.6
v 0.9 0.6 -1.8
v 0.9 0.6 -2
v 0.9 0.6 -2.4
v 0.9 0.6 -2.5
v 0.9 0.7 0.9
v 0.9 0.7 0.7
v 0.9 0.7 -1.8
v 0.9 0.7 -1.9
v 0.9 0.7 -2
v 0.9 0.7 -2.4
v 0.9 0.7 -2.5
v 0.9 0.7 -2.7
v 0.9 0.7 -2.8
v 0.9 0.7 -2.9
v 0.9 0.8 -2.4
v 0.9 0.8 -2.5
v 0.9 0.8 -2.7
v 0.9 0.8 -2.8
v 0.9 0.9 2.9
v 0.9 0.9 2.8
v 0.9 0.9 -2.8
v 0.9 0.9 -2.9
v 1 0.6 0.7
v 1 0.6 0.5
v 1 0.6 0.2
v 1 0.6 -1.7
v 1 0.6 -1.8
v 1 0.7 0.8
v 1 0.7 0.7
v 1 0.7 0.5
v 1 0.7 0.4
v 1 0.7 0.2
v 1 0.7 -1.7
v 1 0.7 -1.8
v 1 0.8 0.9
v 1 0.8 0.8
v 1 0.8 0.7
v 1 0.8 0.6
v 1 0.8 0.4
v 1 0.8 -2.3
v 1 0.8 -2.4
v 1 0.8 -2.5
v 1 0.8 -2.7
v 1 0.9 0.9
v 1 0.9 0.7
v 1 0.9 -2.3
v 1 0.9 -2.5
v 1 0.9 -2.7
v 1.1 0.5 2
v 1.1 0.5 1.8
v 1.1 0.5 0.9
v 1.1 0.5 0.8
v 1.1 0.6 2
v 1.1 0.6 1.8
v 1.1 0.6 0.9
v 1.1 0.6 0.8
v 1.1 0.6 0.2
v 1.1 0.6 0
v 1.1 0.7 0.9
v 1.1 0.7 0.8
v 1.1 0.7 0.2
v 1.1 0.7 0
v 1.1 0.7 -0.1
v 1.1 0.7 -0.3
v 1.1 0.7 -2.3
v 1.1 0.7 -2.4
v 1.1 0.8 0.9
v 1.1 0.8 0.8
v 1.1 0.8 -0.1
v 1.1 0.8 -0.3
v 1.1 0.8 -2.3
v 1.1 0.8 -2.4
v 1.2 0.4 2.8
v 1.2 0.4 2.7
v 1.2 0.4 -0.3
v 1.2 0.4 -0.4
v 1.2 0.4 -2.7
v 1.2 0.4 -2.8
v 1.2 0.5 -0.3
v 1.2 0.5 -0.4
v 1.2 0.5 -2.7
v 1.2 0.5 -2.8
v 1.2 0.6 2.5
v 1.2 0.6 2.4
v 1.2 0.6 2.3
v 1.2 0.6 2.2
v 1.2 0.6 2.1
v 1.2 0.6 2
v 1.2 0.6 -0.5
v 1.2 0.6 -0.6
v 1.2 0.6 -1.6
v 1.2 0.6 -1.7
v 1.2 0.7 2.4
v 1.2 0.7 2.3
v 1.2 0.7 2.2
v 1.2 0.7 2.1
v 1.2 0.7 0.2
v 1.2 0.7 -0.1
v 1.2 0.7 -0.3
v 1.2 0.7 -0.4
v 1.2 0.7 -0.5
v 1.2 0.7 -0.6
v 1.2 0.7 -1.6
v 1.2 0.7 -1.7
v 1.2 0.7 -1.8
v 1.2 0.7 -2.2
v 1.2 0.7 -2.3
v 1.2 0.8 2.5
v 1.2 0.8 2.4
v 1.2 0.8 2.3
v 1.2 0.8 2.2
v 1.2 0.8 2.1
v 1.2 0.8 2
v 1.2 0.8 -0.1
v 1.2 0.8 -0.2
v 1.2 0.8 -0.3
v 1.2 0.8 -0.4
v 1.2 0.8 -1.7
v 1.2 0.8 -1.8
v 1.2 0.8 -1.9
v 1.2 0.8 -2.2
v 1.2 0.8 -2.3
v 1.2 0.8 -2.7
v 1.2 0.8 -2.8
v 1.2 0.9 2.8
v 1.2 0.9 2.7
v 1.2 0.9 2.5
v 1.2 0.9 2.4
v 1.2 0.9 2.3
v 1.2 0.9 2.2
v 1.2 0.9 2.1
v 1.2 0.9 2
v 1.2 0.9 0.2
v 1.2 0.9 -0.2
v 1.2 0.9 -1.9
v 1.2 0.9 -2.2
v 1.2 0.9 -2.7
v 1.2 0.9 -2.8
v 1.2 1 2.5
v 1.2 1 2.4
v 1.2 1 2.3
v 1.2 1 2.2
v 1.2 1 2.1
v 1.2 1 2
v 1.2 1.1 2.5
v 1.2 1.1 2.4
v 1.2 1.1 2.3
v 1.2 1.1 2.2
v 1.2 1.1 2.1
v 1.2 1.1 2
v 1.3 0.6 1
v 1.3 0.6 0.9
v 1.3 0.6 0.8
v 1.3 0.7 1
v 1.3 0.7 0.9
v 1.3 0.7 0.8
v 1.3 0.7 0.4
v 1.3 0.7 0.2
v 1.3 0.8 0.4
v 1.3 0.8 0.3
v 1.3 0.8 0.2
v 1.3 0.9 0.2
v 1.3 0.9 0.0999999
v 1.3 1 0.3
v 1.3 1 0.0999999
v 1.4 0.4 2.7
v 1.4 0.4 2.6
v 1.4 0.4 -0.1
v 1.4 0.4 -0.3
v 1.4 0.4 -2.6
v 1.4 0.4 -2.7
v 1.4 0.5 1.9
v 1.4 0.5 1.8
v 1.4 0.5 1.7
v 1.4 0.5 1.4
v 1.4 0.5 1.2
v 1.4 0.5 1.1
v 1.4 0.5 -0.1
v 1.4 0.5 -0.3
v 1.4 0.5 -0.5
v 1.4 0.5 -0.7
v 1.4 0.5 -1.1
v 1.4 0.5 -1.2
v 1.4 0.5 -2.6
v 1.4 0.5 -2.7
v 1.4 0.6 1.9
v 1.4 0.6 1.8
v 1.4 0.6 1.7
v 1.4 0.6 1.5
v 1.4 0.6 1.4
v 1.4 0.6 1.3
v 1.4 0.6 1.2
v 1.4 0.6 1.1
v 1.4 0.6 1
v 1.4 0.6 -0.5
v 1.4 0.6 -0.6
v 1.4 0.6 -0.7
v 1.4 0.6 -0.8
v 1.4 0.6 -1
v 1.4 0.6 -1.1
v 1.4 0.6 -1.2
v 1.4 0.6 -1.5
v 1.4 0.7 1.9
v 1.4 0.7 1.8
v 1.4 0.7 1.7
v 1.4 0.7 1.6
v 1.4 0.7 1.5
v 1.4 0.7 1.3
v 1.4 0.7 1.2
v 1.4 0.7 1.1
v 1.4 0.7 1
v 1.4 0.7 0.9
v 1.4 0.7 0.5
v 1.4 0.7 0.4
v 1.4 0.7 -0.4
v 1.4 0.7 -0.6
v 1.4 0.7 -0.8
v 1.4 0.7 -0.9
v 1.4 0.7 -1.2
v 1.4 0.7 -1.5
v 1.4 0.7 -1.6
v 1.4 0.7 -1.7
v 1.4 0.8 1.6
v 1.4 0.8 1.5
v 1.4 0.8 1.3
v 1.4 0.8 1.2
v 1.4 0.8 0.5
v 1.4 0.8 0.4
v 1.4 0.8 -0.2
v 1.4 0.8 -0.4
v 1.4 0.8 -0.8
v 1.4 0.8 -0.9
v 1.4 0.8 -1
v 1.4 0.8 -1.1
v 1.4 0.8 -1.2
v 1.4 0.8 -1.5
v 1.4 0.8 -1.6
v 1.4 0.8 -1.7
v 1.4 0.8 -1.8
v 1.4 0.8 -1.9
v 1.4 0.9 2.7
v 1.4 0.9 2.6
v 1.4 0.9 1.9
v 1.4 0.9 1.8
v 1.4 0.9 1.7
v 1.4 0.9 1.5
v 1.4 0.9 1.3
v 1.4 0.9 1.2
v 1.4 0.9 1.1
v 1.4 0.9 1
v 1.4 0.9 0.9
v 1.4 0.9 0.0999999
v 1.4 0.9 0
v 1.4 0.9 -0.2
v 1.4 0.9 -0.4
v 1.4 0.9 -0.7
v 1.4 0.9 -0.8
v 1.4 0.9 -0.9
v 1.4 0.9 -1.1
v 1.4 0.9 -1.2
v 1.4 0.9 -1.5
v 1.4 0.9 -1.6
v 1.4 0.9 -1.7
v 1.4 0.9 -1.8
v 1.4 0.9 -1.9
v 1.4 0.9 -2
v 1.4 0.9 -2.1
v 1.4 0.9 -2.2
v 1.4 1 1.9
v 1.4 1 1.8
v 1.4 1 1.7
v 1.4 1 1.5
v 1.4 1 1.3
v 1.4 1 1.2
v 1.4 1 1.1
v 1.4 1 1
v 1.4 1 0.9
v 1.4 1 0.0999999
v 1.4 1 0
v 1.4 1 -0.1
v 1.4 1 -0.2
v 1.4 1 -0.3
v 1.4 1 -0.4
v 1.4 1 -0.7
v 1.4 1 -0.8
v 1.4 1 -0.9
v 1.4 1 -1
v 1.4 1 -1.1
v 1.4 1 -1.2
v 1.4 1 -1.5
v 1.4 1 -1.6
v 1.4 1 -1.7
v 1.4 1 -1.8
v 1.4 1 -1.9
v 1.4 1 -2
v 1.4 1 -2.1
v 1.4 1 -2.2
v 1.4 1.1 1.9
v 1.4 1.1 1.8
v 1.4 1.1 1.7
v 1.4 1.1 1.2
v 1.4 1.1 1.1
v 1.4 1.1 1
v 1.4 1.1 0.9
v 1.4 1.1 0
v 1.4 1.1 -0.1
v 1.4 1.1 -0.6
v 1.4 1.1 -0.7
v 1.4 1.1 -1.5
v 1.4 1.1 -1.6
v 1.4 1.1 -1.7
v 1.4 1.1 -1.8
v 1.4 1.1 -1.9
v 1.4 1.1 -2
v 1.4 1.1 -2.1
v 1.4 1.1 -2.2
v 1.4 1.2 1.9
v 1.4 1.2 1.8
v 1.4 1.2 1.7
v 1.4 1.2 1.5
v 1.4 1.2 1.3
v 1.4 1.2 1.2
v 1.4 1.2 1.1
v 1.4 1.2 1
v 1.4 1.2 0.9
v 1.4 1.2 0
v 1.4 1.2 -0.1
v 1.4 1.2 -0.3
v 1.4 1.2 -0.4
v 1.4 1.2 -0.6
v 1.4 1.2 -0.7
v 1.4 1.2 -0.8
v 1.4 1.2 -1.5
v 1.4 1.2 -1.6
v 1.4 1.2 -1.7
v 1.4 1.2 -1.8
v 1.4 1.2 -1.9
v 1.4 1.2 -2
v 1.4 1.2 -2.1
v 1.4 1.2 -2.2
v 1.4 1.3 1.9
v 1.4 1.3 1.8
v 1.4 1.3 1.7
v 1.4 1.3 1.5
v 1.4 1.3 1.3
v 1.4 1.3 1.2
v 1.4 1.3 1.1
v 1.4 1.3 0.9
v 1.4 1.3 0.0999999
v 1.4 1.3 0
v 1.4 1.3 -0.1
v 1.4 1.3 -0.2
v 1.4 1.3 -0.4
v 1.4 1.3 -0.7
v 1.4 1.3 -0.8
v 1.4 1.3 -0.9
v 1.4 1.3 -1
v 1.4 1.3 -1.1
v 1.4 1.3 -1.2
v 1.4 1.3 -1.5
v 1.4 1.3 -1.6
v 1.4 1.3 -1.8
v 1.4 1.3 -1.9
v 1.4 1.3 -2
v 1.4 1.3 -2.1
v 1.4 1.3 -2.2
v 1.4 1.4 0.0999999
v 1.4 1.4 0
v 1.4 1.4 -0.1
v 1.4 1.4 -0.4
v 1.4 1.4 -0.7
v 1.4 1.4 -0.8
v 1.4 1.4 -0.9
v 1.4 1.4 -1.1
v 1.4 1.4 -1.2
v 1.4 1.4 -1.5
v 1.4 1.4 -1.6
v 1.4 1.4 -1.8
v 1.4 1.4 -1.9
v 1.4 1.4 -2
v 1.4 1.4 -2.1
v 1.4 1.4 -2.2
v 1.4 1.5 0.0999999
v 1.4 1.5 0
v 1.4 1.5 -0.1
v 1.4 1.5 -0.2
v 1.4 1.5 -0.3
v 1.4 1.5 -0.8
v 1.4 1.5 -0.9
v 1.4 1.5 -1
v 1.4 1.5 -1.1
v 1.4 1.5 -1.2
v 1.4 1.6 0
v 1.4 1.6 -0.1
v 1.4 1.6 -0.3
v 1.4 1.6 -0.5
v 1.4 1.6 -0.6
v 1.4 1.6 -0.8
v 1.4 1.6 -0.9
v 1.4 1.7 0.0999999
v 1.4 1.7 0
v 1.4 1.7 -0.1
v 1.4 1.7 -0.2
v 1.4 1.7 -0.4
v 1.4 1.7 -0.5
v 1.4 1.7 -0.6
v 1.4 1.7 -0.7
v 1.4 1.7 -0.8
v 1.4 1.7 -0.9
v 1.4 1.7 -1
v 1.4 1.7 -1.1
v 1.4 1.7 -1.2
v 1.4 1.8 0.0999999
v 1.4 1.8 0
v 1.4 1.8 -0.2
v 1.4 1.8 -0.4
v 1.4 1.8 -0.7
v 1.4 1.8 -0.8
v 1.4 1.8 -0.9
v 1.4 1.8 -1
v 1.4 1.8 -1.2
v 1.5 0.5 -1.5
v 1.5 0.5 -1.6
v 1.5 0.6 -1.5
v 1.5 0.6 -1.6
v 1.5 0.8 0.4
v 1.5 0.8 0.3
v 1.5 0.9 0.4
v 1.5 0.9 0.3
v 1.6 0.4 2.6
v 1.6 0.4 2.5
v 1.6 0.4 -2.1
v 1.6 0.4 -2.2
v 1.6 0.4 -2.5
v 1.6 0.4 -2.6
v 1.6 0.5 -1.6
v 1.6 0.5 -1.8
v 1.6 0.5 -2.1
v 1.6 0.5 -2.2
v 1.6 0.6 2.5
v 1.6 0.6 -1.6
v 1.6 0.6 -1.8
v 1.6 0.6 -2.5
v 1.6 0.6 -2.6
v 1.6 0.7 2.5
v 1.6 0.7 0.7
v 1.6 0.7 0.5
v 1.6 0.7 -1.2
v 1.6 0.7 -1.5
v 1.6 0.8 0.7
v 1.6 0.8 0.5
v 1.6 0.8 0.4
v 1.6 0.8 -1.2
v 1.6 0.8 -1.5
v 1.6 0.8 -2.5
v 1.6 0.8 -2.6
v 1.6 0.9 2.6
v 1.6 0.9 2.5
v 1.6 0.9 0.5
v 1.6 0.9 0.4
v 1.6 0.9 0.3
v 1.6 0.9 -2.5
v 1.6 0.9 -2.6
v 1.6 1 0.4
v 1.6 1 0.3
v 1.7 0.4 2.5
v 1.7 0.4 2.4
v 1.7 0.4 2.1
v 1.7 0.4 -2.4
v 1.7 0.4 -2.5
v 1.7 0.5 2.4
v 1.7 0.5 2.1
v 1.7 0.5 -1.8
v 1.7 0.5 -1.9
v 1.7 0.6 2.5
v 1.7 0.6 2.4
v 1.7 0.6 -1.5
v 1.7 0.6 -1.7
v 1.7 0.6 -1.8
v 1.7 0.6 -1.9
v 1.7 0.6 -2.4
v 1.7 0.6 -2.5
v 1.7 0.7 0.8
v 1.7 0.7 0.7
v 1.7 0.7 -1.5
v 1.7 0.7 -1.6
v 1.7 0.7 -1.7
v 1.7 0.8 0.8
v 1.7 0.8 0.7
v 1.7 0.8 -2.4
v 1.7 0.8 -2.5
v 1.7 0.9 -2.4
v 1.7 0.9 -2.5
v 1.8 0.4 2.1
v 1.8 0.4 2
v 1.8 0.5 2.1
v 1.8 0.5 2
v 1.8 0.6 0.9
v 1.8 0.6 0.8
v 1.8 0.6 -1.2
v 1.8 0.6 -1.3
v 1.8 0.7 0.9
v 1.8 0.7 0.8
v 1.8 0.7 -1.2
v 1.8 0.7 -1.3
v 1.8 0.8 0.8
v 1.8 0.8 0.6
v 1.8 0.8 -1.2
v 1.8 0.8 -1.4
v 1.8 0.9 0.8
v 1.8 0.9 0.6
v 1.8 0.9 -1.2
v 1.8 0.9 -1.4
v 1.9 0.4 -2.3
v 1.9 0.4 -2.4
v 1.9 0.5 2.4
v 1.9 0.5 2.3
v 1.9 0.5 -1.9
v 1.9 0.5 -2
v 1.9 0.6 2.1
v 1.9 0.6 1.9
v 1.9 0.6 -1.9
v 1.9 0.6 -2
v 1.9 0.6 -2.3
v 1.9 0.6 -2.4
v 1.9 0.7 2.1
v 1.9 0.7 1.9
v 1.9 0.7 -1.2
v 1.9 0.7 -1.4
v 1.9 0.8 -1.2
v 1.9 0.8 -1.4
v 1.9 0.8 -2.3
v 1.9 0.8 -2.4
v 1.9 0.9 2.4
v 1.9 0.9 2.3
v 1.9 0.9 -2.3
v 1.9 0.9 -2.4
v 2 0.4 -2.2
v 2 0.4 -2.3
v 2 0.5 2.3
v 2 0.5 2.2
v 2 0.5 2
v 2 0.5 1.9
v 2 0.5 -2.2
v 2 0.6 2
v 2 0.6 1.9
v 2 0.6 -2.2
v 2 0.6 -2.3
v 2 0.7 -1.4
v 2 0.7 -1.5
v 2 0.8 0.6
v 2 0.8 0.5
v 2 0.8 -1.4
v 2 0.8 -1.5
v 2 0.8 -2.2
v 2 0.8 -2.3
v 2 0.9 2.3
v 2 0.9 2.2
v 2 0.9 0.7
v 2 0.9 0.6
v 2 0.9 0.5
v 2 0.9 0.4
v 2 0.9 -2.2
v 2 0.9 -2.3
v 2 1 0.7
v 2 1 0.4
v 2.1 0.5 2.2
v 2.1 0.5 2.1
v 2.1 0.5 -2.1
v 2.1 0.5 -2.2
v 2.1 0.6 2.1
v 2.1 0.6 0.8
v 2.1 0.6 0.7
v 2.1 0.6 0.6
v 2.1 0.6 -2
v 2.1 0.6 -2.1
v 2.1 0.7 2.1
v 2.1 0.7 0.7
v 2.1 0.7 0.6
v 2.1 0.7 0.5
v 2.1 0.7 0.4
v 2.1 0.7 -2
v 2.1 0.7 -2.1
v 2.1 0.7 -2.2
v 2.1 0.8 0.8
v 2.1 0.8 0.7
v 2.1 0.8 0.5
v 2.1 0.8 0.4
v 2.1 0.8 0.3
v 2.1 0.9 2.2
v 2.1 0.9 2.1
v 2.1 0.9 0.4
v 2.1 0.9 0.3
v 2.1 0.9 -1.2
v 2.1 0.9 -1.4
v 2.1 1 0.4
v 2.1 1 0.3
v 2.1 1 -1.2
v 2.1 1 -1.4
v 2.2 0.4 2.1
v 2.2 0.4 2
v 2.2 0.5 2
v 2.2 0.5 0.7
v 2.2 0.5 0.6
v 2.2 0.5 -2
v 2.2 0.5 -2.1
v 2.2 0.6 2.1
v 2.2 0.6 2
v 2.2 0.6 0.9
v 2.2 0.6 0.8
v 2.2 0.6 0.7
v 2.2 0.6 0.6
v 2.2 0.6 0.5
v 2.2 0.6 -2
v 2.2 0.6 -2.1
v 2.2 0.7 2.1
v 2.2 0.7 2
v 2.2 0.7 0.9
v 2.2 0.7 0.8
v 2.2 0.7 0.6
v 2.2 0.7 0.5
v 2.2 0.7 -2
v 2.2 0.7 -2.1
v 2.2 0.8 -1.3
v 2.2 0.8 -1.4
v 2.2 0.8 -1.5
v 2.2 0.8 -1.7
v 2.2 0.8 -1.8
v 2.2 0.8 -2
v 2.2 0.9 2.1
v 2.2 0.9 2
v 2.2 0.9 -1.3
v 2.2 0.9 -1.4
v 2.2 0.9 -1.5
v 2.2 0.9 -1.7
v 2.2 0.9 -1.8
v 2.2 0.9 -2
v 2.2 0.9 -2.1
v 2.3 0.4 2
v 2.3 0.4 1.9
v 2.3 0.5 2
v 2.3 0.5 1.9
v 2.3 0.5 0.6
v 2.3 0.5 0.4
v 2.3 0.6 2
v 2.3 0.6 1.9
v 2.3 0.6 0.6
v 2.3 0.6 0.5
v 2.3 0.6 0.4
v 2.3 0.8 0.8
v 2.3 0.8 0.7
v 2.3 0.8 -1.9
v 2.3 0.8 -2
v 2.3 0.9 2
v 2.3 0.9 1.9
v 2.3 0.9 0.7
v 2.3 0.9 0.6
v 2.3 0.9 -1.9
v 2.3 0.9 -2
v 2.3 1 0.8
v 2.3 1 0.7
v 2.3 1 0.6
v 2.3 1 0.5
v 2.3 1 0.4
v 2.3 1 0.3
v 2.3 1.1 0.8
v 2.3 1.1 0.7
v 2.3 1.1 0.6
v 2.3 1.1 0.5
v 2.3 1.1 0.4
v 2.3 1.1 0.3
v 2.3 1.2 0.8
v 2.3 1.2 0.7
v 2.3 1.2 0.6
v 2.3 1.2 0.5
v 2.3 1.2 0.4
v 2.3 1.2 0.3
v 2.3 1.3 0.8
v 2.3 1.3 0.7
v 2.3 1.3 0.6
v 2.3 1.3 0.5
v 2.3 1.3 0.4
v 2.3 1.3 0.3
v 2.4 0.7 0.9
v 2.4 0.7 0.8
v 2.4 0.8 0.8
v 2.4 0.8 -1.8
v 2.4 0.8 -1.9
v 2.4 0.9 0.9
v 2.4 0.9 0.8
v 2.4 0.9 -1.8
v 2.4 0.9 -1.9
v 2.5 0.6 1.7
v 2.5 0.6 1.6
v 2.5 0.6 0.6
v 2.5 0.6 0.4
v 2.5 0.6 0.2
v 2.5 0.6 0.0999999
v 2.5 0.7 1.1
v 2.5 0.7 1
v 2.5 0.7 0.8
v 2.5 0.7 0.7
v 2.5 0.7 0.6
v 2.5 0.7 0.4
v 2.5 0.7 0.2
v 2.5 0.7 0.0999999
v 2.5 0.8 1.1
v 2.5 0.8 1
v 2.5 0.8 0.8
v 2.5 0.8 0.7
v 2.5 0.8 0.6
v 2.5 0.8 0.5
v 2.5 0.8 0.4
v 2.5 0.8 0.3
v 2.5 0.8 0.0999999
v 2.5 0.9 1.7
v 2.5 0.9 1.6
v 2.5 0.9 0.9
v 2.5 0.9 0.8
v 2.5 0.9 0.3
v 2.5 0.9 0.0999999
v 2.5 1 0.9
v 2.5 1 0.8
v 2.6 0.5 0.6
v 2.6 0.5 0.5
v 2.6 0.6 1.6
v 2.6 0.6 1.4
v 2.6 0.6 0.6
v 2.6 0.6 0.5
v 2.6 0.7 1.4
v 2.6 0.7 0.7
v 2.6 0.7 0.6
v 2.6 0.7 0.4
v 2.6 0.7 0.3
v 2.6 0.7 0.2
v 2.6 0.7 0.0999999
v 2.6 0.8 0.7
v 2.6 0.8 0.6
v 2.6 0.8 0.4
v 2.6 0.8 0.3
v 2.6 0.8 0.2
v 2.6 0.8 0.0999999
v 2.6 0.9 1.6
v 2.6 0.9 1.4
v 2.7 0.6 1.4
v 2.7 0.6 1.3
v 2.7 0.7 1.3
v 2.7 0.7 1.2
v 2.7 0.7 0.3
v 2.7 0.7 0.2
v 2.7 0.8 0.3
v 2.7 0.8 0.2
v 2.7 0.9 1.4
v 2.7 0.9 1.2
v 2.8 0.4 -0.9
v 2.8 0.4 -1
v 2.8 0.5 -0.9
v 2.8 0.5 -1
v 2.8 0.5 -1.1
v 2.8 0.5 -1.2
v 2.8 0.6 -1.1
v 2.8 0.6 -1.2
v 2.8 0.7 1.2
v 2.8 0.7 1
v 2.8 0.8 1
v 2.8 0.8 0.9
v 2.8 0.8 -0.9
v 2.8 0.8 -1.2
v 2.8 0.9 1.2
v 2.8 0.9 0.9
v 2.8 0.9 -0.9
v 2.8 0.9 -1.2
v 2.9 0.4 0.7
v 2.9 0.4 0.6
v 2.9 0.4 -0.6
v 2.9 0.4 -0.9
v 2.9 0.5 0.7
v 2.9 0.5 0.6
v 2.9 0.5 0.5
v 2.9 0.5 -0.6
v 2.9 0.5 -0.9
v 2.9 0.6 0.9
v 2.9 0.6 0.7
v 2.9 0.6 0.6
v 2.9 0.6 0.5
v 2.9 0.7 0.4
v 2.9 0.7 0.3
v 2.9 0.8 0.7
v 2.9 0.8 0.6
v 2.9 0.8 0.4
v 2.9 0.8 0.3
v 2.9 0.8 -0.5
v 2.9 0.8 -0.9
v 2.9 0.9 0.9
v 2.9 0.9 0.7
v 2.9 0.9 -0.5
v 2.9 0.9 -0.9
v 3 0.5 0.5
v 3 0.5 0.4
v 3 0.5 0.0999999
v 3 0.5 0
v 3 0.6 0.5
v 3 0.6 0.4
v 3 0.6 0.0999999
v 3 0.6 0
v 3 0.7 0
v 3 0.7 -0.3
v 3 0.8 0.2
v 3 0.8 0
v 3 0.8 -0.3
v 3 0.8 -0.5
v 3 0.9 0.2
v 3 0.9 -0.5
v -3 0.4 0.5
v -3 0.4 -0.5
v -3 0.9 0.5
v -3 0.9 -0.5
v -2.9 0.4 -0.6
v -2.9 0.4 -0.9
v -2.9 0.5 0.9
v -2.9 0.5 0.5
v -2.9 0.5 -0.6
v -2.9 0.6 -0.6
v -2.9 0.7 0.8
v -2.9 0.7 0.7
v -2.9 0.7 0.6
v -2.9 0.7 0.5
v -2.9 0.7 -0.6
v -2.9 0.8 0.8
v -2.9 0.8 -0.6
v -2.9 0.9 0.9
v -2.9 0.9 0.8
v -2.9 0.9 -0.6
v -2.9 0.9 -0.9
v -2.8 0.4 -0.9
v -2.8 0.4 -1.2
v -2.8 0.5 1.2
v -2.8 0.5 0.9
v -2.8 0.9 1.2
v -2.8 0.9 0.9
v -2.8 0.9 -0.9
v -2.8 0.9 -1.2
v -2.7 0.5 1.4
v -2.7 0.5 1.2
v -2.7 0.5 -1.2
v -2.7 0.5 -1.3
v -2.7 0.6 1.3
v -2.7 0.6 1.2
v -2.7 0.6 -1.3
v -2.7 0.6 -1.4
v -2.7 0.7 1.3
v -2.7 0.7 1.2
v -2.7 0.9 1.4
v -2.7 0.9 1.2
v -2.7 0.9 -1.2
v -2.7 0.9 -1.4
v -2.6 0.4 1.6
v -2.6 0.4 1.5
v -2.6 0.5 1.6
v -2.6 0.5 1.5
v -2.6 0.6 1.6
v -2.6 0.6 1.4
v -2.6 0.7 -1.4
v -2.6 0.7 -1.6
v -2.6 0.8 -1.4
v -2.6 0.9 1.6
v -2.6 0.9 1.4
v -2.6 0.9 -1.4
v -2.6 0.9 -1.6
v -2.5 0.4 1.7
v -2.5 0.4 1.6
v -2.5 0.5 1.6
v -2.5 0.6 1.6
v -2.5 0.6 1.3
v -2.5 0.6 1.1
v -2.5 0.6 0.9
v -2.5 0.6 0.8
v -2.5 0.7 1.3
v -2.5 0.7 1.1
v -2.5 0.7 0.9
v -2.5 0.7 0.8
v -2.5 0.7 -1.6
v -2.5 0.7 -1.7
v -2.5 0.9 1.7
v -2.5 0.9 1.6
v -2.5 0.9 -1.6
v -2.5 0.9 -1.7
v -2.4 0.4 1.9
v -2.4 0.4 1.7
v -2.4 0.5 1.6
v -2.4 0.5 1.3
v -2.4 0.5 -1.2
v -2.4 0.5 -1.3
v -2.4 0.6 1.6
v -2.4 0.6 1.3
v -2.4 0.6 -1.2
v -2.4 0.6 -1.3
v -2.4 0.7 -1.7
v -2.4 0.7 -1.9
v -2.4 0.8 0.7
v -2.4 0.8 0.6
v -2.4 0.9 1.9
v -2.4 0.9 1.7
v -2.4 0.9 0.8
v -2.4 0.9 0.7
v -2.4 0.9 0.6
v -2.4 0.9 0.5
v -2.4 0.9 0.4
v -2.4 0.9 0.3
v -2.4 0.9 -1.7
v -2.4 0.9 -1.9
v -2.4 1 0.8
v -2.4 1 0.7
v -2.4 1 0.6
v -2.4 1 0.5
v -2.4 1 0.4
v -2.4 1 0.3
v -2.4 1.1 0.8
v -2.4 1.1 0.7
v -2.4 1.1 0.6
v -2.4 1.1 0.5
v -2.4 1.1 0.4
v -2.4 1.1 0.3
v -2.4 1.2 0.8
v -2.4 1.2 0.7
v -2.4 1.2 0.6
v -2.4 1.2 0.5
v -2.4 1.2 0.4
v -2.4 1.2 0.3
v -2.3 0.5 -1.3
v -2.3 0.5 -1.4
v -2.3 0.6 -1.3
v -2.3 0.6 -1.4
v -2.3 0.6 -1.5
v -2.3 0.6 -1.8
v -2.3 0.6 -1.9
v -2.3 0.6 -2
v -2.3 0.7 -1.4
v -2.3 0.7 -1.5
v -2.3 0.7 -1.8
v -2.3 0.7 -1.9
v -2.3 0.9 -1.9
v -2.3 0.9 -2
v -2.2 0.4 2.1
v -2.2 0.4 2
v -2.2 0.4 0
v -2.2 0.4 -0.2
v -2.2 0.4 -0.3
v -2.2 0.4 -0.4
v -2.2 0.4 -1.1
v -2.2 0.4 -1.2
v -2.2 0.5 2
v -2.2 0.5 0
v -2.2 0.5 -0.2
v -2.2 0.5 -0.3
v -2.2 0.5 -0.4
v -2.2 0.5 -1.1
v -2.2 0.5 -1.2
v -2.2 0.5 -1.4
v -2.2 0.5 -1.5
v -2.2 0.5 -2
v -2.2 0.5 -2.1
v -2.2 0.6 2
v -2.2 0.6 -1.4
v -2.2 0.6 -1.5
v -2.2 0.6 -1.8
v -2.2 0.6 -2
v -2.2 0.7 2
v -2.2 0.7 -1.5
v -2.2 0.7 -1.8
v -2.2 0.8 1
v -2.2 0.8 0.8
v -2.2 0.8 0.7
v -2.2 0.8 0.0999999
v -2.2 0.8 0
v -2.2 0.8 -0.2
v -2.2 0.8 -0.3
v -2.2 0.8 -0.5
v -2.2 0.8 -0.6
v -2.2 0.9 2.1
v -2.2 0.9 2
v -2.2 0.9 1
v -2.2 0.9 0.8
v -2.2 0.9 0.7
v -2.2 0.9 0.0999999
v -2.2 0.9 0
v -2.2 0.9 -0.2
v -2.2 0.9 -0.3
v -2.2 0.9 -0.4
v -2.2 0.9 -0.5
v -2.2 0.9 -0.6
v -2.2 0.9 -2
v -2.2 0.9 -2.1
v -2.2 1 1
v -2.2 1 0.8
v -2.2 1 0.0999999
v -2.2 1 0
v -2.2 1 -0.2
v -2.2 1 -0.3
v -2.2 1 -0.4
v -2.2 1 -0.5
v -2.2 1 -0.6
v -2.2 1.1 0.0999999
v -2.2 1.1 0
v -2.2 1.1 -0.2
v -2.2 1.1 -0.3
v -2.2 1.1 -0.4
v -2.2 1.1 -0.5
v -2.2 1.1 -0.6
v -2.1 0.4 2.2
v -2.1 0.4 2.1
v -2.1 0.4 -0.4
v -2.1 0.4 -0.5
v -2.1 0.4 -1.2
v -2.1 0.4 -1.3
v -2.1 0.5 -0.4
v -2.1 0.5 -0.5
v -2.1 0.5 -1.2
v -2.1 0.5 -1.3
v -2.1 0.5 -1.5
v -2.1 0.5 -1.7
v -2.1 0.5 -1.9
v -2.1 0.5 -2
v -2.1 0.5 -2.1
v -2.1 0.5 -2.2
v -2.1 0.6 -1.5
v -2.1 0.6 -1.7
v -2.1 0.6 -1.9
v -2.1 0.6 -2
v -2.1 0.8 -0.9
v -2.1 0.8 -1
v -2.1 0.8 -1.3
v -2.1 0.8 -1.4
v -2.1 0.9 2.2
v -2.1 0.9 2.1
v -2.1 0.9 0.7
v -2.1 0.9 0.6
v -2.1 0.9 0.3
v -2.1 0.9 -0.9
v -2.1 0.9 -1
v -2.1 0.9 -1.1
v -2.1 0.9 -1.2
v -2.1 0.9 -1.3
v -2.1 0.9 -2.1
v -2.1 0.9 -2.2
v -2.1 1 0.7
v -2.1 1 0.3
v -2.1 1 -0.9
v -2.1 1 -1
v -2.1 1 -1.1
v -2.1 1 -1.2
v -2.1 1 -1.3
v -2.1 1 -1.4
v -2.1 1.1 -0.9
v -2.1 1.1 -1
v -2.1 1.1 -1.1
v -2.1 1.1 -1.2
v -2.1 1.1 -1.3
v -2.1 1.1 -1.4
v -2.1 1.2 -0.9
v -2.1 1.2 -1
v -2.1 1.2 -1.1
v -2.1 1.2 -1.2
v -2.1 1.2 -1.3
v -2.1 1.2 -1.4
v -2.1 1.3 -0.9
v -2.1 1.3 -1
v -2.1 1.3 -1.1
v -2.1 1.3 -1.2
v -2.1 1.3 -1.3
v -2.1 1.3 -1.4
v -2 0.4 2.3
v -2 0.4 2.2
v -2 0.4 -1.3
v -2 0.4 -1.6
v -2 0.4 -2.1
v -2 0.4 -2.2
v -2 0.4 -2.3
v -2 0.5 -1.3
v -2 0.5 -1.6
v -2 0.5 -1.7
v -2 0.5 -1.9
v -2 0.5 -2.1
v -2 0.5 -2.2
v -2 0.6 -1.7
v -2 0.6 -1.9
v -2 0.7 0.0999999
v -2 0.7 -0.3
v -2 0.7 -0.5
v -2 0.7 -0.6
v -2 0.8 0.6
v -2 0.8 0.5
v -2 0.8 0.2
v -2 0.8 0.0999999
v -2 0.8 -0.3
v -2 0.8 -0.5
v -2 0.8 -0.6
v -2 0.9 2.3
v -2 0.9 2.2
v -2 0.9 0.6
v -2 0.9 0.5
v -2 0.9 0.2
v -2 0.9 0.0999999
v -2 0.9 -2.2
v -2 0.9 -2.3
v -1.9 0.4 2.4
v -1.9 0.4 2.3
v -1.9 0.5 2.3
v -1.9 0.5 -0.7
v -1.9 0.5 -0.8
v -1.9 0.6 -0.3
v -1.9 0.6 -0.5
v -1.9 0.6 -0.7
v -1.9 0.6 -0.8
v -1.9 0.7 0.2
v -1.9 0.7 0.0999999
v -1.9 0.7 -0.3
v -1.9 0.7 -0.5
v -1.9 0.7 -0.7
v -1.9 0.8 0.5
v -1.9 0.8 0.2
v -1.9 0.8 0.0999999
v -1.9 0.8 -0.3
v -1.9 0.8 -0.5
v -1.9 0.9 2.4
v -1.9 0.9 2.3
v -1.9 0.9 0.5
v -1.9 0.9 0.2
v -1.7 0.4 -2.4
v -1.7 0.4 -2.5
v -1.7 0.6 2.5
v -1.7 0.6 2.4
v -1.7 0.6 -2.4
v -1.7 0.7 1
v -1.7 0.7 0.9
v -1.7 0.8 1
v -1.7 0.8 0.9
v -1.7 0.8 0.7
v -1.7 0.8 0.6
v -1.7 0.8 -2.4
v -1.7 0.9 2.5
v -1.7 0.9 2.4
v -1.7 0.9 0.7
v -1.7 0.9 0.6
v -1.7 0.9 -2.4
v -1.7 0.9 -2.5
v -1.6 0.5 2.6
v -1.6 0.5 2.5
v -1.6 0.5 -2.5
v -1.6 0.5 -2.6
v -1.6 0.6 2.5
v -1.6 0.6 2.1
v -1.6 0.6 2
v -1.6 0.7 2.1
v -1.6 0.7 2
v -1.6 0.7 0.9
v -1.6 0.7 0.8
v -1.6 0.8 0.9
v -1.6 0.8 0.8
v -1.6 0.8 0.7
v -1.6 0.9 2.6
v -1.6 0.9 2.5
v -1.6 0.9 0.9
v -1.6 0.9 0.7
v -1.6 0.9 -2.5
v -1.6 0.9 -2.6
v -1.5 0.5 2.1
v -1.5 0.5 2
v -1.5 0.5 -0.7
v -1.5 0.5 -0.8
v -1.5 0.6 2.1
v -1.5 0.6 2
v -1.5 0.6 -0.7
v -1.5 0.6 -0.8
v -1.5 0.7 0.8
v -1.5 0.7 0.6
v -1.5 0.8 0.8
v -1.5 0.8 0.6
v -1.4 0.5 2.7
v -1.4 0.5 2.6
v -1.4 0.5 -0.5
v -1.4 0.5 -0.7
v -1.4 0.5 -2.6
v -1.4 0.5 -2.7
v -1.4 0.6 1
v -1.4 0.6 0.8
v -1.4 0.6 -0.5
v -1.4 0.6 -0.7
v -1.4 0.7 2.6
v -1.4 0.7 1
v -1.4 0.7 0.8
v -1.4 0.9 2.7
v -1.4 0.9 2.6
v -1.4 0.9 -2.6
v -1.4 0.9 -2.7
v -1.3 0.5 1.9
v -1.3 0.5 1.8
v -1.3 0.5 1.3
v -1.3 0.5 1.2
v -1.3 0.5 1.1
v -1.3 0.5 1
v -1.3 0.5 0.8
v -1.3 0.5 0.6
v -1.3 0.6 2
v -1.3 0.6 1.9
v -1.3 0.6 1.8
v -1.3 0.6 1.6
v -1.3 0.6 1.4
v -1.3 0.6 1.3
v -1.3 0.6 1.2
v -1.3 0.6 1.1
v -1.3 0.6 1
v -1.3 0.6 0.8
v -1.3 0.6 0.6
v -1.3 0.7 2
v -1.3 0.7 1.9
v -1.3 0.7 1.8
v -1.3 0.7 1.6
v -1.3 0.7 1.4
v -1.3 0.7 1.3
v -1.3 0.7 1.2
v -1.3 0.7 1.1
v -1.3 0.7 1
v -1.3 0.7 0.8
v -1.3 0.7 0.6
v -1.3 0.8 1.4
v -1.3 0.8 1.3
v -1.3 0.9 2
v -1.3 0.9 1.9
v -1.3 0.9 1.8
v -1.3 0.9 1.6
v -1.3 0.9 1.4
v -1.3 0.9 1.3
v -1.3 0.9 1.2
v -1.3 0.9 1.1
v -1.3 0.9 1
v -1.3 1 2
v -1.3 1 1.9
v -1.3 1 1.8
v -1.3 1 1.6
v -1.3 1 1.4
v -1.3 1 1.3
v -1.3 1 1.2
v -1.3 1 1.1
v -1.3 1 1
v -1.3 1.1 2
v -1.3 1.1 1.9
v -1.3 1.1 1.8
v -1.3 1.1 1.3
v -1.3 1.1 1.2
v -1.3 1.1 1.1
v -1.3 1.1 1
v -1.3 1.2 2
v -1.3 1.2 1.9
v -1.3 1.2 1.8
v -1.3 1.2 1.6
v -1.3 1.2 1.4
v -1.3 1.2 1.3
v -1.3 1.2 1.2
v -1.3 1.2 1.1
v -1.3 1.2 1
v -1.3 1.3 2
v -1.3 1.3 1.9
v -1.3 1.3 1.8
v -1.3 1.3 1.6
v -1.3 1.3 1.4
v -1.3 1.3 1.3
v -1.3 1.3 1.2
v -1.3 1.3 1
v -1.2 0.4 2.8
v -1.2 0.4 2.7
v -1.2 0.4 1.1
v -1.2 0.4 1
v -1.2 0.4 0.7
v -1.2 0.4 0.6
v -1.2 0.5 2.8
v -1.2 0.5 2.7
v -1.2 0.5 1.1
v -1.2 0.5 1
v -1.2 0.5 0.7
v -1.2 0.5 0.6
v -1.2 0.5 -2.7
v -1.2 0.5 -2.8
v -1.2 0.6 2.8
v -1.2 0.6 2.7
v -1.2 0.6 2.6
v -1.2 0.6 2.5
v -1.2 0.7 2.6
v -1.2 0.7 2.5
v -1.2 0.9 2.8
v -1.2 0.9 2.7
v -1.2 0.9 -2.7
v -1.2 0.9 -2.8
v -1 0.4 1.3
v -1 0.4 1.1
v -1 0.4 0.8
v -1 0.4 0.7
v -1 0.5 1.3
v -1 0.5 1.2
v -1 0.5 1.1
v -1 0.5 0.8
v -1 0.5 0.7
v -0.9 0.5 2.9
v -0.9 0.5 2.8
v -0.9 0.5 -2.8
v -0.9 0.5 -2.9
v -0.9 0.6 2.8
v -0.9 0.9 2.9
v -0.9 0.9 2.8
v -0.9 0.9 -2.8
v -0.9 0.9 -2.9
v -0.8 0.4 0.9
v -0.8 0.4 0.8
v -0.8 0.4 0.6
v -0.8 0.4 0.5
v -0.8 0.4 0.3
v -0.8 0.5 0.9
v -0.8 0.5 0.8
v -0.8 0.6 1.1
v -0.8 0.6 0.9
v -0.8 0.6 0.8
v -0.8 0.6 0.6
v -0.8 0.6 0.5
v -0.8 0.6 0.3
v -0.8 0.6 0.0999999
v -0.8 0.6 0
v -0.8 0.6 -0.2
v -0.8 0.7 1.1
v -0.8 0.7 0.9
v -0.8 0.7 0.6
v -0.8 0.7 0.5
v -0.8 0.7 0.4
v -0.8 0.7 0.3
v -0.8 0.7 0.0999999
v -0.8 0.7 0
v -0.8 0.7 -0.1
v -0.8 0.8 0
v -0.8 0.8 -0.1
v -0.8 0.8 -0.2
v -0.8 0.9 -0.1
v -0.8 0.9 -0.2
v -0.8 0.9 -0.3
v -0.8 0.9 -0.4
v -0.8 0.9 -0.5
v -0.8 1 0.6
v -0.8 1 0.5
v -0.8 1 0.4
v -0.8 1 0.3
v -0.8 1 0.0999999
v -0.8 1 0
v -0.8 1 -0.1
v -0.8 1 -0.2
v -0.8 1 -0.3
v -0.8 1 -0.4
v -0.8 1 -0.5
v -0.8 1.1 0.6
v -0.8 1.1 0.5
v -0.8 1.1 0.3
v -0.8 1.1 0.2
v -0.8 1.1 0.0999999
v -0.8 1.1 0
v -0.8 1.1 -0.1
v -0.8 1.1 -0.2
v -0.8 1.1 -0.3
v -0.8 1.1 -0.4
v -0.8 1.1 -0.5
v -0.8 1.3 0.6
v -0.8 1.3 0.5
v -0.8 1.3 0.3
v -0.8 1.3 0.2
v -0.8 1.3 0.0999999
v -0.8 1.3 0
v -0.8 1.3 -0.1
v -0.8 1.3 -0.2
v -0.8 1.3 -0.3
v -0.8 1.3 -0.4
v -0.8 1.3 -0.5
v -0.8 1.4 0.6
v -0.8 1.4 0.5
v -0.8 1.4 0.3
v -0.8 1.4 0.0999999
v -0.8 1.4 0
v -0.8 1.4 -0.1
v -0.8 1.4 -0.2
v -0.8 1.4 -0.3
v -0.8 1.4 -0.5
v -0.7 0.4 -2.8
v -0.7 0.4 -2.9
v -0.7 0.5 1
v -0.7 0.5 0.9
v -0.7 0.5 -2.8
v -0.7 0.5 -2.9
v -0.7 0.6 1
v -0.7 0.6 0.9
v -0.7 0.7 2.7
v -0.7 0.7 2.6
v -0.7 0.8 2.7
v -0.7 0.8 2.6
v -0.6 0.4 -1.6
v -0.6 0.4 -1.7
v -0.6 0.4 -1.8
v -0.6 0.4 -2
v -0.6 0.4 -2.1
v -0.6 0.4 -2.3
v -0.6 0.4 -2.4
v -0.6 0.5 -1.6
v -0.6 0.5 -1.7
v -0.6 0.5 -1.8
v -0.6 0.5 -2
v -0.6 0.5 -2.1
v -0.6 0.5 -2.3
v -0.6 0.5 -2.4
v -0.6 0.6 -2.1
v -0.6 0.6 -2.2
v -0.6 0.6 -2.3
v -0.6 0.6 -2.4
v -0.6 0.6 -2.6
v -0.6 0.7 -2
v -0.6 0.7 -2.1
v -0.6 0.7 -2.3
v -0.6 0.7 -2.4
v -0.6 0.7 -2.6
v -0.6 0.8 -0.5
v -0.6 0.8 -0.7
v -0.6 0.8 -1.1
v -0.6 0.8 -1.2
v -0.6 0.8 -1.3
v -0.6 0.8 -1.9
v -0.6 0.8 -2
v -0.6 0.8 -2.1
v -0.6 0.8 -2.2
v -0.6 0.8 -2.3
v -0.6 0.8 -2.4
v -0.6 0.9 -0.5
v -0.6 0.9 -0.7
v -0.6 0.9 -1.2
v -0.6 0.9 -1.3
v -0.6 0.9 -1.9
v -0.6 1 -1.2
v -0.6 1 -1.3
v -0.6 1 -1.4
v -0.6 1 -1.6
v -0.6 1 -1.9
v -0.6 1 -2
v -0.6 1.1 -1.1
v -0.6 1.1 -1.2
v -0.6 1.1 -1.3
v -0.6 1.1 -1.4
v -0.6 1.1 -1.6
v -0.6 1.1 -1.9
v -0.6 1.1 -2
v -0.6 1.1 -2.1
v -0.6 1.1 -2.2
v -0.6 1.1 -2.3
v -0.6 1.1 -2.4
v -0.6 1.2 -1.1
v -0.6 1.2 -1.2
v -0.6 1.2 -1.3
v -0.6 1.2 -1.6
v -0.6 1.2 -1.9
v -0.6 1.2 -2
v -0.6 1.2 -2.1
v -0.6 1.2 -2.3
v -0.6 1.2 -2.4
v -0.6 1.3 -1.1
v -0.6 1.3 -1.2
v -0.6 1.3 -1.3
v -0.6 1.3 -1.4
v -0.6 1.3 -1.5
v -0.6 1.3 -2
v -0.6 1.3 -2.1
v -0.6 1.3 -2.2
v -0.6 1.3 -2.3
v -0.6 1.3 -2.4
v -0.6 1.4 -1.2
v -0.6 1.4 -1.3
v -0.6 1.4 -1.5
v -0.6 1.4 -1.7
v -0.6 1.4 -1.8
v -0.6 1.4 -2
v -0.6 1.4 -2.1
v -0.6 1.5 -1.1
v -0.6 1.5 -1.2
v -0.6 1.5 -1.3
v -0.6 1.5 -1.4
v -0.6 1.5 -1.6
v -0.6 1.5 -1.7
v -0.6 1.5 -1.8
v -0.6 1.5 -1.9
v -0.6 1.5 -2
v -0.6 1.5 -2.1
v -0.6 1.5 -2.2
v -0.6 1.5 -2.3
v -0.6 1.5 -2.4
v -0.6 1.6 -1.1
v -0.6 1.6 -1.2
v -0.6 1.6 -1.4
v -0.6 1.6 -1.6
v -0.6 1.6 -1.9
v -0.6 1.6 -2
v -0.6 1.6 -2.1
v -0.6 1.6 -2.2
v -0.6 1.6 -2.4
v -0.5 0.3 -2.9
v -0.5 0.3 -3
v -0.5 0.4 -2.9
v -0.5 0.5 3
v -0.5 0.5 2.9
v -0.5 0.5 -2.9
v -0.5 0.6 -2.9
v -0.5 0.7 2.9
v -0.5 0.7 -0.5
v -0.5 0.7 -0.6
v -0.5 0.7 -0.8
v -0.5 0.7 -0.9
v -0.5 0.7 -2.9
v -0.5 0.8 -0.5
v -0.5 0.8 -0.6
v -0.5 0.8 -0.8
v -0.5 0.8 -0.9
v -0.5 0.9 3
v -0.5 0.9 2.9
v -0.5 0.9 -1.8
v -0.5 0.9 -1.9
v -0.5 0.9 -2.9
v -0.5 0.9 -3
v -0.5 1 -1.8
v -0.5 1 -1.9
v -0.4 0.6 2.9
v -0.4 0.6 2.8
v -0.4 0.6 1.3
v -0.4 0.6 1.2
v -0.4 0.7 2.9
v -0.4 0.7 2.8
v -0.4 0.7 1.3
v -0.4 0.7 1.2
v -0.4 0.7 -0.6
v -0.4 0.7 -0.8
v -0.4 0.8 0
v -0.4 0.8 -0.1
v -0.4 0.8 -0.4
v -0.4 0.8 -0.5
v -0.4 0.8 -0.6
v -0.4 0.8 -0.8
v -0.4 0.9 0
v -0.4 0.9 -0.1
v -0.4 0.9 -0.4
v -0.4 0.9 -0.5
v -0.4 1 -0.1
v -0.4 1 -0.4
v -0.3 0.4 0.0999999
v -0.3 0.4 0
v -0.3 0.5 0.0999999
v -0.3 0.5 0
v -0.3 0.7 2.8
v -0.3 0.7 2.6
v -0.3 0.7 -0.3
v -0.3 0.7 -0.4
v -0.3 0.7 -0.5
v -0.3 0.8 2.8
v -0.3 0.8 2.6
v -0.3 0.8 -0.1
v -0.3 0.8 -0.3
v -0.3 0.8 -0.4
v -0.3 0.8 -0.5
v -0.3 0.8 -1.4
v -0.3 0.8 -1.5
v -0.3 0.9 -0.1
v -0.3 0.9 -0.4
v -0.3 0.9 -1.3
v -0.3 0.9 -1.4
v -0.3 0.9 -1.5
v -0.3 1 -1.3
v -0.3 1 -1.5
v -0.2 0.5 3
v -0.2 0.5 2.9
v -0.2 0.6 3
v -0.2 0.6 2.9
v -0.2 0.6 2.7
v -0.2 0.6 2.6
v -0.2 0.7 2.7
v -0.2 0.7 2.6
v -0.2 0.7 -0.9
v -0.2 0.7 -1
v -0.2 0.7 -1.4
v -0.2 0.7 -1.5
v -0.2 0.8 -0.9
v -0.2 0.8 -1
v -0.2 0.8 -1.1
v -0.2 0.8 -1.4
v -0.2 0.8 -1.5
v -0.2 0.8 -1.6
v -0.2 0.8 -1.8
v -0.2 0.8 -1.9
v -0.2 0.9 -1.1
v -0.2 0.9 -1.4
v -0.2 0.9 -1.5
v -0.2 0.9 -1.6
v -0.2 0.9 -1.8
v -0.2 0.9 -1.9
v -0.2 1 -1.5
v -0.2 1 -1.6
v -0.0999999 0.4 0
v -0.0999999 0.4 -0.1
v -0.0999999 0.4 -1.5
v -0.0999999 0.4 -1.6
v -0.0999999 0.5 0
v -0.0999999 0.5 -0.1
v -0.0999999 0.5 -1.5
v -0.0999999 0.5 -1.6
v -0.0999999 0.6 2.9
v -0.0999999 0.6 2.7
v -0.0999999 0.7 2.9
v -0.0999999 0.7 2.7
v -0.0999999 0.7 -0.2
v -0.0999999 0.7 -0.3
v -0.0999999 0.7 -1.5
v -0.0999999 0.7 -1.6
v -0.0999999 0.8 -0.2
v -0.0999999 0.8 -0.3
v -0.0999999 0.8 -1.5
v -0.0999999 0.8 -1.6
v -0.0999999 0.8 -1.8
v -0.0999999 0.9 -1.6
v -0.0999999 0.9 -1.8
v -0.0999999 1 -1.6
v -0.0999999 1 -1.8
v 0 0.6 0.0999999
v 0 0.6 0
v 0 0.6 -0.2
v 0 0.6 -0.3
v 0 0.7 0.0999999
v 0 0.7 0
v 0 0.7 -0.2
v 0 0.7 -0.3
v 0 0.8 0.0999999
v 0 0.8 0
v 0.1 0.4 0.5
v 0.1 0.4 0.0999999
v 0.1 0.4 -0.1
v 0.1 0.4 -0.2
v 0.1 0.5 0.8
v 0.1 0.5 0.7
v 0.1 0.5 0.5
v 0.1 0.5 0.0999999
v 0.1 0.5 -0.1
v 0.1 0.5 -0.2
v 0.1 0.6 0.8
v 0.1 0.6 0.7
v 0.1 0.6 0.6
v 0.1 0.6 0.5
v 0.1 0.6 0.4
v 0.1 0.6 0.3
v 0.1 0.6 0.2
v 0.1 0.6 0.0999999
v 0.1 0.7 0.8
v 0.1 0.7 0.7
v 0.1 0.7 0.6
v 0.1 0.7 0.5
v 0.1 0.7 0.4
v 0.1 0.7 0.3
v 0.1 0.7 0.2
v 0.1 0.7 -1.8
v 0.1 0.7 -1.9
v 0.1 0.8 0.8
v 0.1 0.8 0.7
v 0.1 0.8 0.6
v 0.1 0.8 0.5
v 0.1 0.8 0.4
v 0.1 0.8 0.3
v 0.1 0.8 0.2
v 0.1 0.8 0.0999999
v 0.1 0.8 -1.8
v 0.1 0.8 -1.9
v 0.1 0.9 0.8
v 0.1 0.9 0.7
v 0.1 0.9 0.6
v 0.1 0.9 0.5
v 0.1 0.9 0.4
v 0.1 0.9 0.3
v 0.1 0.9 0.2
v 0.1 0.9 0.0999999
v 0.1 1 0.7
v 0.1 1 0.6
v 0.1 1 0.5
v 0.1 1 0.4
v 0.1 1 0.3
v 0.1 1.1 0.8
v 0.1 1.1 0.7
v 0.1 1.1 0.6
v 0.1 1.1 0.5
v 0.1 1.1 0.4
v 0.1 1.1 0.3
v 0.1 1.1 0.2
v 0.1 1.1 0.0999999
v 0.1 1.2 0.8
v 0.1 1.2 0.7
v 0.1 1.2 0.6
v 0.1 1.2 0.5
v 0.1 1.2 0.4
v 0.1 1.2 0.3
v 0.1 1.2 0.2
v 0.1 1.2 0.0999999
v 0.2 0.4 -0.2
v 0.2 0.4 -0.3
v 0.2 0.5 0.5
v 0.2 0.5 0.4
v 0.2 0.5 -0.2
v 0.2 0.5 -0.3
v 0.2 0.6 2.5
v 0.2 0.6 2.4
v 0.2 0.6 2.3
v 0.2 0.6 2
v 0.2 0.6 0.5
v 0.2 0.6 0.4
v 0.2 0.6 -1.8
v 0.2 0.6 -1.9
v 0.2 0.7 2.6
v 0.2 0.7 2.5
v 0.2 0.7 2.4
v 0.2 0.7 2.1
v 0.2 0.7 2
v 0.2 0.7 -1.6
v 0.2 0.7 -1.7
v 0.2 0.7 -1.8
v 0.2 0.7 -1.9
v 0.2 0.8 2.6
v 0.2 0.8 2.5
v 0.2 0.8 2.4
v 0.2 0.8 2.3
v 0.2 0.8 2.1
v 0.2 0.8 2
v 0.2 0.8 1.9
v 0.2 0.8 1.7
v 0.2 0.8 1.6
v 0.2 0.8 1.5
v 0.2 0.8 -1.6
v 0.2 0.8 -1.8
v 0.2 0.9 2.5
v 0.2 0.9 2.4
v 0.2 0.9 2.2
v 0.2 0.9 2.1
v 0.2 0.9 2
v 0.2 0.9 1.9
v 0.2 0.9 1.8
v 0.2 0.9 1.5
v 0.2 0.9 1.4
v 0.2 0.9 1.3
v 0.2 1 2.5
v 0.2 1 2.4
v 0.2 1 2.2
v 0.2 1 2.1
v 0.2 1 2
v 0.2 1 1.9
v 0.2 1 1.8
v 0.2 1 1.7
v 0.2 1.1 2.6
v 0.2 1.1 2.5
v 0.2 1.1 2.4
v 0.2 1.1 2.3
v 0.2 1.1 2.1
v 0.2 1.1 1.8
v 0.2 1.1 1.7
v 0.2 1.1 1.6
v 0.2 1.1 1.5
v 0.2 1.1 1.4
v 0.2 1.1 1.3
v 0.2 1.2 2.6
v 0.2 1.2 2.5
v 0.2 1.2 2.4
v 0.2 1.2 2.1
v 0.2 1.2 1.8
v 0.2 1.2 1.7
v 0.2 1.2 1.6
v 0.2 1.2 1.4
v 0.2 1.2 1.3
v 0.2 1.3 2.6
v 0.2 1.3 2.5
v 0.2 1.3 2.4
v 0.2 1.3 2.3
v 0.2 1.3 2.2
v 0.2 1.3 1.7
v 0.2 1.3 1.6
v 0.2 1.3 1.5
v 0.2 1.3 1.4
v 0.2 1.3 1.3
v 0.2 1.4 2.5
v 0.2 1.4 2.4
v 0.2 1.4 2.2
v 0.2 1.4 2
v 0.2 1.4 1.9
v 0.2 1.4 1.7
v 0.2 1.4 1.6
v 0.2 1.5 2.6
v 0.2 1.5 2.5
v 0.2 1.5 2.4
v 0.2 1.5 2.3
v 0.2 1.5 2.1
v 0.2 1.5 2
v 0.2 1.5 1.9
v 0.2 1.5 1.8
v 0.2 1.5 1.7
v 0.2 1.5 1.6
v 0.2 1.5 1.5
v 0.2 1.5 1.4
v 0.2 1.5 1.3
v 0.2 1.6 2.6
v 0.2 1.6 2.5
v 0.2 1.6 2.3
v 0.2 1.6 2.1
v 0.2 1.6 1.8
v 0.2 1.6 1.7
v 0.2 1.6 1.6
v 0.2 1.6 1.5
v 0.2 1.6 1.3
v 0.3 0.5 2.9
v 0.3 0.5 2.8
v 0.3 0.5 0.4
v 0.3 0.5 0.3
v 0.3 0.5 -1.8
v 0.3 0.5 -1.9
v 0.3 0.6 2.9
v 0.3 0.6 2.8
v 0.3 0.6 1.3
v 0.3 0.6 1.2
v 0.3 0.6 0.4
v 0.3 0.6 0.3
v 0.3 0.6 -1.7
v 0.3 0.6 -1.8
v 0.3 0.6 -1.9
v 0.3 0.7 1.9
v 0.3 0.7 1.5
v 0.3 0.7 1.3
v 0.3 0.7 1.2
v 0.3 0.7 0
v 0.3 0.7 -0.1
v 0.3 0.7 -1.7
v 0.3 0.7 -1.8
v 0.3 0.8 1.9
v 0.3 0.8 1.5
v 0.3 0.8 1.3
v 0.3 0.8 1.2
v 0.3 0.8 0
v 0.3 0.8 -0.1
v 0.3 0.9 1.5
v 0.3 0.9 1.3
v 0.4 0.5 2.8
v 0.4 0.5 2.7
v 0.4 0.5 2.6
v 0.4 0.5 0.3
v 0.4 0.5 0.2
v 0.4 0.5 -1.7
v 0.4 0.5 -1.8
v 0.4 0.6 2.8
v 0.4 0.6 2.7
v 0.4 0.6 2.6
v 0.4 0.6 0.3
v 0.4 0.6 0.2
v 0.4 0.6 -1.5
v 0.4 0.6 -1.6
v 0.4 0.6 -1.7
v 0.4 0.6 -1.8
v 0.4 0.7 2
v 0.4 0.7 1.9
v 0.4 0.7 -0.1
v 0.4 0.7 -0.3
v 0.4 0.7 -1.5
v 0.4 0.7 -1.6
v 0.4 0.7 -1.7
v 0.4 0.8 2
v 0.4 0.8 1.9
v 0.4 0.8 -0.1
v 0.4 0.8 -0.3
v 0.5 0.5 0.2
v 0.5 0.5 0.0999999
v 0.5 0.5 -1.6
v 0.5 0.5 -1.7
v 0.5 0.5 -2.8
v 0.5 0.5 -2.9
v 0.5 0.6 2.7
v 0.5 0.6 2.6
v 0.5 0.6 2.5
v 0.5 0.6 0.2
v 0.5 0.6 0.0999999
v 0.5 0.6 -1.6
v 0.5 0.6 -1.7
v 0.5 0.6 -1.9
v 0.5 0.6 -2
v 0.5 0.6 -2.1
v 0.5 0.6 -2.2
v 0.5 0.6 -2.6
v 0.5 0.6 -2.7
v 0.5 0.6 -2.8
v 0.5 0.6 -2.9
v 0.5 0.7 2.7
v 0.5 0.7 2.6
v 0.5 0.7 2.5
v 0.5 0.7 -1.9
v 0.5 0.7 -2
v 0.5 0.7 -2.1
v 0.5 0.7 -2.2
v 0.5 0.7 -2.3
v 0.5 0.7 -2.6
v 0.5 0.7 -2.7
v 0.5 0.7 -2.8
v 0.5 0.7 -2.9
v 0.5 0.8 0.9
v 0.5 0.8 0.8
v 0.5 0.8 -2.5
v 0.5 0.8 -2.6
v 0.5 0.8 -2.7
v 0.5 0.9 0.9
v 0.5 0.9 0.8
v 0.5 0.9 -1.9
v 0.5 0.9 -2
v 0.5 0.9 -2.1
v 0.5 0.9 -2.3
v 0.5 0.9 -2.5
v 0.5 0.9 -2.6
v 0.5 0.9 -2.7
v 0.5 0.9 -2.8
v 0.5 0.9 -2.9
v 0.5 1 -1.9
v 0.5 1 -2
v 0.5 1 -2.1
v 0.5 1 -2.3
v 0.5 1 -2.5
v 0.5 1 -2.6
v 0.5 1 -2.8
v 0.5 1 -2.9
v 0.5 1.1 -1.9
v 0.5 1.1 -2
v 0.5 1.1 -2.1
v 0.5 1.1 -2.3
v 0.5 1.1 -2.5
v 0.5 1.1 -2.6
v 0.5 1.1 -2.7
v 0.5 1.1 -2.8
v 0.5 1.1 -2.9
v 0.5 1.2 -1.9
v 0.5 1.2 -2
v 0.5 1.2 -2.1
v 0.5 1.2 -2.3
v 0.5 1.2 -2.5
v 0.5 1.2 -2.6
v 0.5 1.2 -2.7
v 0.5 1.2 -2.8
v 0.5 1.2 -2.9
v 0.5 1.3 -1.9
v 0.5 1.3 -2
v 0.5 1.3 -2.1
v 0.5 1.3 -2.3
v 0.5 1.3 -2.5
v 0.5 1.3 -2.6
v 0.5 1.3 -2.7
v 0.5 1.3 -2.9
v 0.6 0 3.2
v 0.6 0 3.1
v 0.6 0 -3.1
v 0.6 0 -3.2
v 0.6 0.5 2.6
v 0.6 0.5 2.5
v 0.6 0.5 0.0999999
v 0.6 0.5 -0.1
v 0.6 0.6 2.6
v 0.6 0.6 2.5
v 0.6 0.6 0.0999999
v 0.6 0.6 0
v 0.6 0.6 -0.1
v 0.6 0.6 -0.2
v 0.6 0.6 -0.3
v 0.6 0.7 0.9
v 0.6 0.7 0.8
v 0.6 0.7 0.7
v 0.6 0.7 -0.2
v 0.6 0.7 -0.3
v 0.6 0.8 0.9
v 0.6 0.8 0.7
v 0.6 0.9 3.2
v 0.6 0.9 3.1
v 0.6 0.9 -3.1
v 0.6 0.9 -3.2
v 0.7 0.4 2.9
v 0.7 0.4 2.6
v 0.7 0.5 2.9
v 0.7 0.5 2.6
v 0.7 0.5 2.5
v 0.7 0.5 2.4
v 0.7 0.5 0.7
v 0.7 0.5 0.6
v 0.7 0.6 2.5
v 0.7 0.6 2.4
v 0.7 0.6 0.7
v 0.7 0.6 0.6
v 0.7 0.6 -2.4
v 0.7 0.6 -2.5
v 0.7 0.7 -2.4
v 0.7 0.7 -2.5
v 0.8 0.4 -2.8
v 0.8 0.4 -2.9
v 0.8 0.5 2.4
v 0.8 0.5 2.3
v 0.8 0.5 -2.8
v 0.8 0.5 -2.9
v 0.8 0.6 2.4
v 0.8 0.6 2.3
v 0.8 0.6 0.9
v 0.8 0.6 0.7
v 0.8 0.7 0.9
v 0.8 0.7 0.7
v 0.9 0.4 2.6
v 0.9 0.4 2.5
v 0.9 0.4 -0.1
v 0.9 0.4 -0.3
v 0.9 0.4 -2.7
v 0.9 0.4 -2.8
v 0.9 0.5 2.6
v 0.9 0.5 2.5
v 0.9 0.5 2.3
v 0.9 0.5 2.2
v 0.9 0.5 -0.1
v 0.9 0.5 -0.3
v 0.9 0.5 -2.7
v 0.9 0.5 -2.8
v 0.9 0.6 2.3
v 0.9 0.6 2.2
v 0.9 0.6 2
v 0.9 0.6 1.8
v 0.9 0.7 2
v 0.9 0.7 1.8
v 1 0 3.1
v 1 0 3
v 1 0 -3
v 1 0 -3.1
v 1 0.4 2.5
v 1 0.4 2.4
v 1 0.4 -2.6
v 1 0.4 -2.7
v 1 0.5 2.5
v 1 0.5 2.4
v 1 0.5 2.2
v 1 0.5 1.8
v 1 0.5 0.9
v 1 0.5 0.8
v 1 0.5 -2.6
v 1 0.5 -2.7
v 1 0.6 2.2
v 1 0.6 1.8
v 1 0.6 0.9
v 1 0.6 0.8
v 1 0.8 0.7
v 1 0.8 0.6
v 1 0.8 0.4
v 1 0.8 0.3
v 1 0.8 0.2
v 1 0.8 0.0999999
v 1 0.8 0
v 1 0.9 3.1
v 1 0.9 3
v 1 0.9 0.7
v 1 0.9 0.6
v 1 0.9 0.5
v 1 0.9 0.4
v 1 0.9 0.3
v 1 0.9 0.2
v 1 0.9 0.0999999
v 1 0.9 0
v 1 0.9 -3
v 1 0.9 -3.1
v 1 1 0.7
v 1 1 0.6
v 1 1 0.5
v 1 1 0.4
v 1 1 0.3
v 1 1 0.2
v 1 1 0.0999999
v 1 1 0
v 1 1.1 0.7
v 1 1.1 0.6
v 1 1.1 0.4
v 1 1.1 0.3
v 1 1.1 0.2
v 1 1.1 0.0999999
v 1 1.1 0
v 1 1.2 0.7
v 1 1.2 0.6
v 1 1.2 0.5
v 1 1.2 0.4
v 1 1.2 0.3
v 1 1.2 0.2
v 1 1.2 0.0999999
v 1 1.2 0
v 1 1.3 0.7
v 1 1.3 0.6
v 1 1.3 0.5
v 1 1.3 0.4
v 1 1.3 0.3
v 1 1.3 0.2
v 1 1.3 0.0999999
v 1 1.3 0
v 1 1.4 0.7
v 1 1.4 0.6
v 1 1.4 0.5
v 1 1.4 0.4
v 1 1.4 0.3
v 1 1.4 0.2
v 1 1.4 0.0999999
v 1 1.4 0
v 1 1.5 0.7
v 1 1.5 0.6
v 1 1.5 0.4
v 1 1.5 0.3
v 1 1.5 0.2
v 1 1.5 0.0999999
v 1 1.5 0
v 1 6 1
v 1 6 0.8
v 1 6 0.6
v 1 6 0.4
v 1 6 0.2
v 1 6 -0.2
v 1 6 -0.4
v 1 6 -0.6
v 1 6 -0.8
v 1 6 -1
v 1 6.1 0.9
v 1 6.1 0.8
v 1 6.1 0.6
v 1 6.1 0.5
v 1 6.1 0.4
v 1 6.1 0.3
v 1 6.1 0.2
v 1 6.1 -0.2
v 1 6.1 -0.3
v 1 6.1 -0.4
v 1 6.1 -0.5
v 1 6.1 -0.6
v 1 6.1 -0.8
v 1 6.1 -0.9
v 1 6.2 1
v 1 6.2 0.9
v 1 6.2 0.8
v 1 6.2 0.7
v 1 6.2 0.5
v 1 6.2 0.4
v 1 6.2 0.3
v 1 6.2 0.0999999
v 1 6.2 -0.1
v 1 6.2 -0.3
v 1 6.2 -0.4
v 1 6.2 -0.5
v 1 6.2 -0.7
v 1 6.2 -0.8
v 1 6.2 -0.9
v 1 6.2 -1
v 1 6.3 0.8
v 1 6.3 0.7
v 1 6.3 0.6
v 1 6.3 0.4
v 1 6.3 0.3
v 1 6.3 0.0999999
v 1 6.3 -0.1
v 1 6.3 -0.3
v 1 6.3 -0.4
v 1 6.3 -0.6
v 1 6.3 -0.7
v 1 6.3 -0.8
v 1 6.4 1
v 1 6.4 0.9
v 1 6.4 0.7
v 1 6.4 0.6
v 1 6.4 0.5
v 1 6.4 0.3
v 1 6.4 0.2
v 1 6.4 -0.2
v 1 6.4 -0.3
v 1 6.4 -0.5
v 1 6.4 -0.6
v 1 6.4 -0.7
v 1 6.4 -0.9
v 1 6.4 -1
v 1 6.5 0.9
v 1 6.5 0.8
v 1 6.5 0.6
v 1 6.5 0.5
v 1 6.5 0.4
v 1 6.5 0.2
v 1 6.5 -0.2
v 1 6.5 -0.4
v 1 6.5 -0.5
v 1 6.5 -0.6
v 1 6.5 -0.8
v 1 6.5 -0.9
v 1 6.6 1
v 1 6.6 0.9
v 1 6.6 0.8
v 1 6.6 0.7
v 1 6.6 0.5
v 1 6.6 0.4
v 1 6.6 0.2
v 1 6.6 0.0999999
v 1 6.6 0
v 1 6.6 -0.2
v 1 6.6 -0.4
v 1 6.6 -0.5
v 1 6.6 -0.7
v 1 6.6 -0.8
v 1 6.6 -0.9
v 1 6.6 -1
v 1 6.7 0.9
v 1 6.7 0.8
v 1 6.7 0.7
v 1 6.7 0.6
v 1 6.7 0.3
v 1 6.7 0.2
v 1 6.7 0
v 1 6.7 -0.1
v 1 6.7 -0.2
v 1 6.7 -0.3
v 1 6.7 -0.6
v 1 6.7 -0.7
v 1 6.7 -0.8
v 1 6.7 -0.9
v 1 6.8 1
v 1 6.8 0.9
v 1 6.8 0.6
v 1 6.8 0.5
v 1 6.8 0.4
v 1 6.8 0.3
v 1 6.8 0.2
v 1 6.8 0.0999999
v 1 6.8 -0.1
v 1 6.8 -0.3
v 1 6.8 -0.4
v 1 6.8 -0.5
v 1 6.8 -0.6
v 1 6.8 -0.9
v 1 6.8 -1
v 1 6.9 0.8
v 1 6.9 0.7
v 1 6.9 0.3
v 1 6.9 0.2
v 1 6.9 0.0999999
v 1 6.9 0
v 1 6.9 -0.2
v 1 6.9 -0.3
v 1 6.9 -0.7
v 1 6.9 -0.8
v 1 7 0.2
v 1 7 0.0999999
v 1 7 0
v 1 7 -0.1
v 1 7 -0.2
v 1 7 -0.3
v 1 7.1 0.8
v 1 7.1 0.7
v 1 7.1 0.3
v 1 7.1 0.2
v 1 7.1 0.0999999
v 1 7.1 0
v 1 7.1 -0.1
v 1 7.1 -0.2
v 1 7.1 -0.3
v 1 7.1 -0.7
v 1 7.1 -0.8
v 1 7.2 1
v 1 7.2 0.9
v 1 7.2 0.6
v 1 7.2 0.5
v 1 7.2 0.4
v 1 7.2 0.3
v 1 7.2 0.2
v 1 7.2 0.0999999
v 1 7.2 0
v 1 7.2 -0.1
v 1 7.2 -0.2
v 1 7.2 -0.3
v 1 7.2 -0.4
v 1 7.2 -0.5
v 1 7.2 -0.6
v 1 7.2 -0.9
v 1 7.2 -1
v 1 7.3 0.9
v 1 7.3 0.8
v 1 7.3 0.7
v 1 7.3 0.6
v 1 7.3 0.3
v 1 7.3 0.2
v 1 7.3 0.0999999
v 1 7.3 -0.1
v 1 7.3 -0.2
v 1 7.3 -0.3
v 1 7.3 -0.6
v 1 7.3 -0.7
v 1 7.3 -0.8
v 1 7.3 -0.9
v 1 7.4 1
v 1 7.4 0.9
v 1 7.4 0.8
v 1 7.4 0.7
v 1 7.4 0.5
v 1 7.4 0.4
v 1 7.4 0.2
v 1 7.4 -0.2
v 1 7.4 -0.4
v 1 7.4 -0.5
v 1 7.4 -0.7
v 1 7.4 -0.8
v 1 7.4 -0.9
v 1 7.4 -1
v 1 7.5 0.9
v 1 7.5 0.8
v 1 7.5 0.6
v 1 7.5 0.5
v 1 7.5 0.4
v 1 7.5 0.2
v 1 7.5 -0.2
v 1 7.5 -0.4
v 1 7.5 -0.5
v 1 7.5 -0.6
v 1 7.5 -0.8
v 1 7.5 -0.9
v 1 7.6 1
v 1 7.6 0.9
v 1 7.6 0.7
v 1 7.6 0.6
v 1 7.6 0.5
v 1 7.6 0.3
v 1 7.6 0.2
v 1 7.6 -0.2
v 1 7.6 -0.3
v 1 7.6 -0.5
v 1 7.6 -0.6
v 1 7.6 -0.7
v 1 7.6 -0.9
v 1 7.6 -1
v 1 7.7 0.8
v 1 7.7 0.7
v 1 7.7 0.6
v 1 7.7 0.4
v 1 7.7 0.3
v 1 7.7 0.0999999
v 1 7.7 -0.1
v 1 7.7 -0.3
v 1 7.7 -0.4
v 1 7.7 -0.6
v 1 7.7 -0.7
v 1 7.7 -0.8
v 1 7.8 1
v 1 7.8 0.9
v 1 7.8 0.8
v 1 7.8 0.7
v 1 7.8 0.5
v 1 7.8 0.4
v 1 7.8 0.3
v 1 7.8 0.0999999
v 1 7.8 -0.1
v 1 7.8 -0.3
v 1 7.8 -0.4
v 1 7.8 -0.5
v 1 7.8 -0.7
v 1 7.8 -0.8
v 1 7.8 -0.9
v 1 7.8 -1
v 1 7.9 0.9
v 1 7.9 0.8
v 1 7.9 0.6
v 1 7.9 0.5
v 1 7.9 0.4
v 1 7.9 0.3
v 1 7.9 0.2
v 1 7.9 -0.2
v 1 7.9 -0.3
v 1 7.9 -0.4
v 1 7.9 -0.5
v 1 7.9 -0.6
v 1 7.9 -0.8
v 1 7.9 -0.9
v 1 8 1
v 1 8 0.8
v 1 8 0.6
v 1 8 0.4
v 1 8 0.2
v 1 8 -0.2
v 1 8 -0.4
v 1 8 -0.6
v 1 8 -0.8
v 1 8 -1
v 1.1 0.4 2.4
v 1.1 0.4 2.3
v 1.1 0.4 -0.3
v 1.1 0.4 -0.4
v 1.1 0.4 -2.5
v 1.1 0.4 -2.6
v 1.1 0.5 2.4
v 1.1 0.5 2.3
v 1.1 0.5 -0.3
v 1.1 0.5 -0.4
v 1.1 0.5 -0.5
v 1.1 0.5 -0.6
v 1.1 0.5 -0.7
v 1.1 0.5 -1.6
v 1.1 0.5 -1.7
v 1.1 0.5 -1.8
v 1.1 0.5 -2.5
v 1.1 0.5 -2.6
v 1.1 0.6 0.9
v 1.1 0.6 0.8
v 1.1 0.6 -0.5
v 1.1 0.6 -0.6
v 1.1 0.6 -0.7
v 1.1 0.6 -1.3
v 1.1 0.6 -1.4
v 1.1 0.6 -1.5
v 1.1 0.6 -1.6
v 1.1 0.6 -1.7
v 1.1 0.6 -1.8
v 1.1 0.7 2.7
v 1.1 0.7 2.6
v 1.1 0.7 2.4
v 1.1 0.7 2.3
v 1.1 0.7 2.2
v 1.1 0.7 2.1
v 1.1 0.7 2
v 1.1 0.7 0.9
v 1.1 0.7 0.8
v 1.1 0.7 -0.3
v 1.1 0.7 -0.4
v 1.1 0.7 -0.5
v 1.1 0.7 -0.6
v 1.1 0.7 -0.8
v 1.1 0.7 -1
v 1.1 0.7 -1.1
v 1.1 0.7 -1.2
v 1.1 0.7 -1.3
v 1.1 0.7 -2.2
v 1.1 0.7 -2.3
v 1.1 0.8 2.7
v 1.1 0.8 2.6
v 1.1 0.8 2.5
v 1.1 0.8 2.4
v 1.1 0.8 2.3
v 1.1 0.8 2.2
v 1.1 0.8 2.1
v 1.1 0.8 2
v 1.1 0.8 -0.3
v 1.1 0.8 -0.4
v 1.1 0.8 -0.5
v 1.1 0.8 -0.6
v 1.1 0.8 -0.8
v 1.1 0.8 -1
v 1.1 0.8 -1.1
v 1.1 0.8 -1.2
v 1.1 0.8 -1.3
v 1.1 0.8 -1.4
v 1.1 0.8 -1.5
v 1.1 0.8 -1.8
v 1.1 0.8 -1.9
v 1.1 0.8 -2
v 1.1 0.8 -2.1
v 1.1 0.8 -2.2
v 1.1 0.8 -2.3
v 1.1 0.9 2.7
v 1.1 0.9 2.6
v 1.1 0.9 2.5
v 1.1 0.9 2.4
v 1.1 0.9 2.3
v 1.1 0.9 2.2
v 1.1 0.9 2.1
v 1.1 0.9 2
v 1.1 0.9 -0.3
v 1.1 0.9 -0.4
v 1.1 0.9 -0.6
v 1.1 0.9 -0.7
v 1.1 0.9 -0.8
v 1.1 0.9 -1
v 1.1 0.9 -1.1
v 1.1 0.9 -1.2
v 1.1 0.9 -1.3
v 1.1 0.9 -1.4
v 1.1 0.9 -1.5
v 1.1 0.9 -1.8
v 1.1 0.9 -1.9
v 1.1 0.9 -2
v 1.1 0.9 -2.1
v 1.1 0.9 -2.2
v 1.1 0.9 -2.3
v 1.1 1 2.7
v 1.1 1 2.6
v 1.1 1 2.5
v 1.1 1 2.4
v 1.1 1 2.3
v 1.1 1 2.2
v 1.1 1 2.1
v 1.1 1 2
v 1.1 1 -0.3
v 1.1 1 -0.4
v 1.1 1 -0.6
v 1.1 1 -0.7
v 1.1 1 -0.8
v 1.1 1 -1
v 1.1 1 -1.1
v 1.1 1 -1.2
v 1.1 1 -1.3
v 1.1 1 -1.4
v 1.1 1 -1.5
v 1.1 1 -1.8
v 1.1 1 -1.9
v 1.1 1 -2
v 1.1 1 -2.1
v 1.1 1 -2.2
v 1.1 1 -2.3
v 1.1 1.1 2.7
v 1.1 1.1 2.6
v 1.1 1.1 2.5
v 1.1 1.1 2.4
v 1.1 1.1 2.3
v 1.1 1.1 2.2
v 1.1 1.1 2.1
v 1.1 1.1 2
v 1.1 1.1 -0.3
v 1.1 1.1 -0.4
v 1.1 1.1 -0.6
v 1.1 1.1 -0.8
v 1.1 1.1 -1
v 1.1 1.1 -1.1
v 1.1 1.1 -1.2
v 1.1 1.1 -1.3
v 1.1 1.1 -1.5
v 1.1 1.1 -1.8
v 1.1 1.1 -1.9
v 1.1 1.1 -2
v 1.1 1.1 -2.1
v 1.1 1.1 -2.2
v 1.1 1.1 -2.3
v 1.1 1.2 2.7
v 1.1 1.2 2.6
v 1.1 1.2 2.5
v 1.1 1.2 2.4
v 1.1 1.2 2.3
v 1.1 1.2 2.2
v 1.1 1.2 2.1
v 1.1 1.2 2
v 1.1 1.2 -1.8
v 1.1 1.2 -1.9
v 1.1 1.2 -2
v 1.1 1.2 -2.1
v 1.1 1.2 -2.2
v 1.1 1.2 -2.3
v 1.1 1.3 2.7
v 1.1 1.3 2.6
v 1.1 1.3 2.5
v 1.1 1.3 2.4
v 1.1 1.3 2.3
v 1.1 1.3 2.2
v 1.1 1.3 2.1
v 1.1 1.3 2
v 1.1 1.4 2.7
v 1.1 1.4 2.6
v 1.1 1.4 2.4
v 1.1 1.4 2.3
v 1.1 1.4 2.2
v 1.1 1.4 2.1
v 1.1 1.4 2
v 1.2 0 3
v 1.2 0 2.9
v 1.2 0 -2.9
v 1.2 0 -3
v 1.2 0.4 2.3
v 1.2 0.4 2.2
v 1.2 0.4 -2.3
v 1.2 0.4 -2.5
v 1.2 0.5 2.3
v 1.2 0.5 2.2
v 1.2 0.5 1.6
v 1.2 0.5 1.4
v 1.2 0.5 1.2
v 1.2 0.5 1.1
v 1.2 0.5 -1.5
v 1.2 0.5 -1.6
v 1.2 0.5 -2.3
v 1.2 0.5 -2.5
v 1.2 0.6 1.8
v 1.2 0.6 1.7
v 1.2 0.6 1.6
v 1.2 0.6 1.4
v 1.2 0.6 1.3
v 1.2 0.6 1.2
v 1.2 0.6 1.1
v 1.2 0.6 1
v 1.2 0.6 0.9
v 1.2 0.6 -0.6
v 1.2 0.6 -0.7
v 1.2 0.6 -1.5
v 1.2 0.6 -1.6
v 1.2 0.7 1.8
v 1.2 0.7 1.7
v 1.2 0.7 1.6
v 1.2 0.7 1.4
v 1.2 0.7 1.3
v 1.2 0.7 1.2
v 1.2 0.7 1.1
v 1.2 0.7 1
v 1.2 0.7 0.9
v 1.2 0.7 0.5
v 1.2 0.7 0.4
v 1.2 0.7 -0.6
v 1.2 0.7 -0.7
v 1.2 0.8 1.8
v 1.2 0.8 1.7
v 1.2 0.8 1.6
v 1.2 0.8 1.4
v 1.2 0.8 1.3
v 1.2 0.8 1.2
v 1.2 0.8 1.1
v 1.2 0.8 1
v 1.2 0.8 0.9
v 1.2 0.8 0.7
v 1.2 0.8 0.5
v 1.2 0.8 0.4
v 1.2 0.9 3
v 1.2 0.9 2.9
v 1.2 0.9 1.8
v 1.2 0.9 1.7
v 1.2 0.9 1.6
v 1.2 0.9 1.2
v 1.2 0.9 1.1
v 1.2 0.9 1
v 1.2 0.9 0.9
v 1.2 0.9 0.7
v 1.2 0.9 -2.9
v 1.2 0.9 -3
v 1.2 1 1.8
v 1.2 1 1.7
v 1.2 1 1.6
v 1.2 1 1.4
v 1.2 1 1.3
v 1.2 1 1.2
v 1.2 1 1.1
v 1.2 1 1
v 1.2 1 0.9
v 1.2 1.1 1.8
v 1.2 1.1 1.7
v 1.2 1.1 1.6
v 1.2 1.1 1.4
v 1.2 1.1 1.3
v 1.2 1.1 1.2
v 1.2 1.1 1.1
v 1.2 1.1 0.9
v 1.3 0.4 2.2
v 1.3 0.4 2
v 1.3 0.5 2.2
v 1.3 0.5 2
v 1.3 0.5 1.6
v 1.3 0.5 -1.1
v 1.3 0.5 -1.2
v 1.3 0.5 -1.8
v 1.3 0.5 -1.9
v 1.3 0.6 2
v 1.3 0.6 1.6
v 1.3 0.6 -0.7
v 1.3 0.6 -1.1
v 1.3 0.6 -1.2
v 1.3 0.6 -1.3
v 1.3 0.6 -1.8
v 1.3 0.6 -1.9
v 1.3 0.7 0.9
v 1.3 0.7 0.8
v 1.3 0.7 0.5
v 1.3 0.7 -0.7
v 1.3 0.7 -1.3
v 1.3 0.8 0.9
v 1.3 0.8 0.5
v 1.4 0.4 2
v 1.4 0.4 1.9
v 1.4 0.4 -2.2
v 1.4 0.4 -2.3
v 1.4 0.5 2
v 1.4 0.5 1.9
v 1.4 0.5 -1.9
v 1.4 0.5 -2.1
v 1.4 0.5 -2.2
v 1.4 0.5 -2.3
v 1.4 0.5 -2.5
v 1.4 0.5 -2.6
v 1.4 0.6 -1.9
v 1.4 0.6 -2.1
v 1.4 0.6 -2.5
v 1.4 0.6 -2.6
v 1.5 0 2.9
v 1.5 0 2.8
v 1.5 0 -2.8
v 1.5 0 -2.9
v 1.5 0.4 -2.1
v 1.5 0.4 -2.2
v 1.5 0.5 -2.1
v 1.5 0.5 -2.2
v 1.5 0.5 -2.5
v 1.5 0.6 0.9
v 1.5 0.6 0.8
v 1.5 0.6 -2.1
v 1.5 0.6 -2.5
v 1.5 0.7 0.9
v 1.5 0.7 0.8
v 1.5 0.8 -2.2
v 1.5 0.8 -2.3
v 1.5 0.8 -2.5
v 1.5 0.8 -2.6
v 1.5 0.9 2.9
v 1.5 0.9 2.8
v 1.5 0.9 -2.2
v 1.5 0.9 -2.3
v 1.5 0.9 -2.5
v 1.5 0.9 -2.6
v 1.5 0.9 -2.8
v 1.5 0.9 -2.9
v 1.6 0 2.8
v 1.6 0 2.7
v 1.6 0 -2.7
v 1.6 0 -2.8
v 1.6 0.6 -1.6
v 1.6 0.6 -1.7
v 1.6 0.7 -1.6
v 1.6 0.7 -1.7
v 1.6 0.8 -2.3
v 1.6 0.8 -2.5
v 1.6 0.9 2.8
v 1.6 0.9 2.7
v 1.6 0.9 -2.3
v 1.6 0.9 -2.5
v 1.6 0.9 -2.7
v 1.6 0.9 -2.8
v 1.7 0.6 2.4
v 1.7 0.6 2.3
v 1.7 0.6 2.2
v 1.7 0.6 2.1
v 1.7 0.6 2
v 1.7 0.6 -1.2
v 1.7 0.6 -1.3
v 1.7 0.7 2.4
v 1.7 0.7 2.3
v 1.7 0.7 2.2
v 1.7 0.7 2.1
v 1.7 0.7 2
v 1.7 0.7 -1.2
v 1.7 0.7 -1.3
v 1.7 0.8 2.4
v 1.7 0.8 2.3
v 1.7 0.8 2.2
v 1.7 0.8 2.1
v 1.7 0.8 2
v 1.7 0.9 2.5
v 1.7 0.9 2.4
v 1.7 0.9 2.3
v 1.7 0.9 2.2
v 1.7 0.9 2.1
v 1.7 0.9 2
v 1.7 1 2.5
v 1.7 1 2.4
v 1.7 1 2.3
v 1.7 1 2.2
v 1.7 1 2.1
v 1.7 1 2
v 1.7 1.1 2.5
v 1.7 1.1 2.4
v 1.7 1.1 2.3
v 1.7 1.1 2.2
v 1.7 1.1 2.1
v 1.7 1.1 2
v 1.8 0 2.7
v 1.8 0 2.6
v 1.8 0 -2.6
v 1.8 0 -2.7
v 1.8 0.7 -1.2
v 1.8 0.7 -1.5
v 1.8 0.8 0.2
v 1.8 0.8 0.0999999
v 1.8 0.8 -1.2
v 1.8 0.8 -1.4
v 1.8 0.8 -1.5
v 1.8 0.9 2.7
v 1.8 0.9 2.6
v 1.8 0.9 0.4
v 1.8 0.9 0.2
v 1.8 0.9 -2.6
v 1.8 0.9 -2.7
v 1.8 1 0.4
v 1.8 1 0.0999999
v 1.9 0 2.6
v 1.9 0 2.5
v 1.9 0 -2.5
v 1.9 0 -2.6
v 1.9 0.7 0.8
v 1.9 0.7 0.7
v 1.9 0.8 0.8
v 1.9 0.8 0.7
v 1.9 0.9 2.6
v 1.9 0.9 2.5
v 1.9 0.9 -2.5
v 1.9 0.9 -2.6
v 2 0.5 0.7
v 2 0.5 0.6
v 2 0.5 0.5
v 2 0.6 0.9
v 2 0.6 0.7
v 2 0.6 0.6
v 2 0.6 0.5
v 2 0.6 -2
v 2 0.6 -2.2
v 2 0.7 0.9
v 2 0.7 0.7
v 2 0.7 0.6
v 2 0.7 0.5
v 2 0.7 0.4
v 2 0.7 0.2
v 2 0.7 0.0999999
v 2 0.7 -2
v 2 0.7 -2.1
v 2 0.7 -2.2
v 2 0.8 0.5
v 2 0.8 0.4
v 2 0.8 0.2
v 2 0.8 0.0999999
v 2 0.9 0.4
v 2 0.9 0.2
v 2.1 0 2.5
v 2.1 0 2.4
v 2.1 0 -2.4
v 2.1 0 -2.5
v 2.1 0.4 2.1
v 2.1 0.4 2
v 2.1 0.5 2.1
v 2.1 0.5 2
v 2.1 0.5 0.5
v 2.1 0.5 0.4
v 2.1 0.6 0.6
v 2.1 0.6 0.5
v 2.1 0.6 0.4
v 2.1 0.7 0.6
v 2.1 0.7 0.4
v 2.1 0.7 0.2
v 2.1 0.7 -2
v 2.1 0.7 -2.1
v 2.1 0.8 0.8
v 2.1 0.8 0.7
v 2.1 0.8 0.4
v 2.1 0.8 0.3
v 2.1 0.8 0.2
v 2.1 0.8 -1.3
v 2.1 0.8 -1.4
v 2.1 0.8 -1.7
v 2.1 0.8 -1.8
v 2.1 0.8 -1.9
v 2.1 0.8 -2
v 2.1 0.8 -2.1
v 2.1 0.9 2.5
v 2.1 0.9 2.4
v 2.1 0.9 0.8
v 2.1 0.9 0.7
v 2.1 0.9 -1.3
v 2.1 0.9 -1.4
v 2.1 0.9 -1.5
v 2.1 0.9 -1.6
v 2.1 0.9 -1.7
v 2.1 0.9 -1.8
v 2.1 0.9 -1.9
v 2.1 0.9 -2
v 2.1 0.9 -2.1
v 2.1 0.9 -2.2
v 2.1 0.9 -2.4
v 2.1 0.9 -2.5
v 2.1 1 -1.5
v 2.1 1 -1.6
v 2.1 1 -1.7
v 2.1 1 -1.8
v 2.1 1 -1.9
v 2.1 1 -2
v 2.1 1 -2.1
v 2.1 1 -2.2
v 2.1 1.1 -1.5
v 2.1 1.1 -1.6
v 2.1 1.1 -1.7
v 2.1 1.1 -1.8
v 2.1 1.1 -1.9
v 2.1 1.1 -2
v 2.1 1.1 -2.1
v 2.1 1.1 -2.2
v 2.1 1.2 -1.5
v 2.1 1.2 -1.6
v 2.1 1.2 -1.7
v 2.1 1.2 -1.8
v 2.1 1.2 -1.9
v 2.1 1.2 -2
v 2.1 1.2 -2.1
v 2.1 1.2 -2.2
v 2.1 1.3 -1.5
v 2.1 1.3 -1.6
v 2.1 1.3 -1.7
v 2.1 1.3 -1.8
v 2.1 1.3 -1.9
v 2.1 1.3 -2
v 2.1 1.3 -2.1
v 2.1 1.3 -2.2
v 2.1 1.4 -1.5
v 2.1 1.4 -1.6
v 2.1 1.4 -1.8
v 2.1 1.4 -1.9
v 2.1 1.4 -2
v 2.1 1.4 -2.1
v 2.1 1.4 -2.2
v 2.2 0 2.4
v 2.2 0 2.3
v 2.2 0 -2.3
v 2.2 0 -2.4
v 2.2 0.6 2
v 2.2 0.6 1.9
v 2.2 0.6 0.2
v 2.2 0.6 0.0999999
v 2.2 0.7 2
v 2.2 0.7 1.9
v 2.2 0.7 0.2
v 2.2 0.7 0.0999999
v 2.2 0.9 2.4
v 2.2 0.9 2.3
v 2.2 0.9 0.7
v 2.2 0.9 0.6
v 2.2 0.9 -2.3
v 2.2 0.9 -2.4
v 2.2 1 0.7
v 2.2 1 0.6
v 2.3 0 2.3
v 2.3 0 2.2
v 2.3 0 -2.2
v 2.3 0 -2.3
v 2.3 0.7 0.8
v 2.3 0.7 0.7
v 2.3 0.7 0.5
v 2.3 0.7 0.4
v 2.3 0.8 0.8
v 2.3 0.8 0.7
v 2.3 0.8 0.5
v 2.3 0.8 0.4
v 2.3 0.9 2.3
v 2.3 0.9 2.2
v 2.3 0.9 -1.3
v 2.3 0.9 -1.4
v 2.3 0.9 -2.2
v 2.3 0.9 -2.3
v 2.3 1 -1.3
v 2.3 1 -1.4
v 2.4 0 2.2
v 2.4 0 2.1
v 2.4 0 -2.1
v 2.4 0 -2.2
v 2.4 0.6 1.7
v 2.4 0.6 1.5
v 2.4 0.6 1.4
v 2.4 0.6 0.6
v 2.4 0.6 0.5
v 2.4 0.7 1.7
v 2.4 0.7 1.5
v 2.4 0.7 1.4
v 2.4 0.7 1.2
v 2.4 0.7 1.1
v 2.4 0.7 1
v 2.4 0.7 0.7
v 2.4 0.7 0.6
v 2.4 0.8 1.3
v 2.4 0.8 1.2
v 2.4 0.8 1
v 2.4 0.8 0.9
v 2.4 0.8 0.7
v 2.4 0.8 0.6
v 2.4 0.8 0.5
v 2.4 0.9 2.2
v 2.4 0.9 2.1
v 2.4 0.9 1.9
v 2.4 0.9 1.8
v 2.4 0.9 1.7
v 2.4 0.9 1.5
v 2.4 0.9 1.3
v 2.4 0.9 1.2
v 2.4 0.9 1.1
v 2.4 0.9 1
v 2.4 0.9 0.9
v 2.4 0.9 -2.1
v 2.4 0.9 -2.2
v 2.4 1 1.9
v 2.4 1 1.8
v 2.4 1 1.7
v 2.4 1 1.5
v 2.4 1 1.3
v 2.4 1 1.2
v 2.4 1 1.1
v 2.4 1 1
v 2.4 1 0.9
v 2.4 1.1 1.9
v 2.4 1.1 1.8
v 2.4 1.1 1.7
v 2.4 1.1 1.2
v 2.4 1.1 1.1
v 2.4 1.1 1
v 2.4 1.1 0.9
v 2.4 1.2 1.9
v 2.4 1.2 1.8
v 2.4 1.2 1.7
v 2.4 1.2 1.5
v 2.4 1.2 1.3
v 2.4 1.2 1.2
v 2.4 1.2 1.1
v 2.4 1.2 1
v 2.4 1.2 0.9
v 2.4 1.3 1.9
v 2.4 1.3 1.8
v 2.4 1.3 1.7
v 2.4 1.3 1.5
v 2.4 1.3 1.3
v 2.4 1.3 1.2
v 2.4 1.3 1.1
v 2.4 1.3 0.9
v 2.5 0 2.1
v 2.5 0 1.9
v 2.5 0 -1.9
v 2.5 0 -2.1
v 2.5 0.5 0.6
v 2.5 0.5 0.5
v 2.5 0.6 0.6
v 2.5 0.6 0.5
v 2.5 0.9 2.1
v 2.5 0.9 1.9
v 2.5 0.9 -1.2
v 2.5 0.9 -1.3
v 2.5 0.9 -1.9
v 2.5 0.9 -2.1
v 2.5 1 -1.2
v 2.5 1 -1.3
v 2.6 0 1.9
v 2.6 0 1.8
v 2.6 0 -1.8
v 2.6 0 -1.9
v 2.6 0.6 1.4
v 2.6 0.6 1.3
v 2.6 0.7 1.4
v 2.6 0.7 1.3
v 2.6 0.9 1.9
v 2.6 0.9 1.8
v 2.6 0.9 -1.8
v 2.6 0.9 -1.9
v 2.7 0 1.8
v 2.7 0 1.6
v 2.7 0 -1.6
v 2.7 0 -1.8
v 2.7 0.4 0.7
v 2.7 0.4 0.6
v 2.7 0.4 -0.6
v 2.7 0.4 -1
v 2.7 0.5 0.7
v 2.7 0.5 0.6
v 2.7 0.5 -0.6
v 2.7 0.5 -1
v 2.7 0.5 -1.1
v 2.7 0.5 -1.2
v 2.7 0.6 -1.1
v 2.7 0.6 -1.2
v 2.7 0.7 1.1
v 2.7 0.7 1
v 2.7 0.7 0.8
v 2.7 0.7 0.7
v 2.7 0.7 -0.1
v 2.7 0.7 -0.2
v 2.7 0.8 1.1
v 2.7 0.8 1
v 2.7 0.8 0.8
v 2.7 0.8 0.7
v 2.7 0.8 0
v 2.7 0.8 -0.1
v 2.7 0.8 -0.2
v 2.7 0.8 -0.3
v 2.7 0.8 -0.8
v 2.7 0.8 -0.9
v 2.7 0.8 -1
v 2.7 0.8 -1.1
v 2.7 0.8 -1.2
v 2.7 0.9 1.8
v 2.7 0.9 1.6
v 2.7 0.9 0.9
v 2.7 0.9 0.8
v 2.7 0.9 0.0999999
v 2.7 0.9 0
v 2.7 0.9 -0.1
v 2.7 0.9 -0.3
v 2.7 0.9 -0.4
v 2.7 0.9 -0.7
v 2.7 0.9 -0.8
v 2.7 0.9 -0.9
v 2.7 0.9 -1.1
v 2.7 0.9 -1.2
v 2.7 0.9 -1.6
v 2.7 0.9 -1.8
v 2.7 1 0.9
v 2.7 1 0.8
v 2.7 1 0.0999999
v 2.7 1 0
v 2.7 1 -0.1
v 2.7 1 -0.2
v 2.7 1 -0.4
v 2.7 1 -0.5
v 2.7 1 -0.6
v 2.7 1 -0.7
v 2.7 1 -0.8
v 2.7 1 -0.9
v 2.7 1 -1
v 2.7 1 -1.1
v 2.7 1 -1.2
v 2.7 1.1 0
v 2.7 1.1 -0.1
v 2.7 1.1 -0.3
v 2.7 1.1 -0.4
v 2.7 1.1 -0.5
v 2.7 1.1 -0.6
v 2.7 1.1 -0.7
v 2.7 1.2 0
v 2.7 1.2 -0.1
v 2.7 1.2 -0.3
v 2.7 1.2 -0.4
v 2.7 1.2 -0.5
v 2.7 1.2 -0.6
v 2.7 1.2 -0.7
v 2.7 1.2 -0.8
v 2.7 1.3 0.0999999
v 2.7 1.3 0
v 2.7 1.3 -0.1
v 2.7 1.3 -0.2
v 2.7 1.3 -0.4
v 2.7 1.3 -0.7
v 2.7 1.3 -0.8
v 2.7 1.3 -0.9
v 2.7 1.3 -1
v 2.7 1.3 -1.1
v 2.7 1.3 -1.2
v 2.7 1.4 0.0999999
v 2.7 1.4 0
v 2.7 1.4 -0.1
v 2.7 1.4 -0.4
v 2.7 1.4 -0.7
v 2.7 1.4 -0.8
v 2.7 1.4 -0.9
v 2.7 1.4 -1.1
v 2.7 1.4 -1.2
v 2.7 1.5 0.0999999
v 2.7 1.5 0
v 2.7 1.5 -0.1
v 2.7 1.5 -0.2
v 2.7 1.5 -0.3
v 2.7 1.5 -0.8
v 2.7 1.5 -0.9
v 2.7 1.5 -1
v 2.7 1.5 -1.1
v 2.7 1.5 -1.2
v 2.7 1.6 0
v 2.7 1.6 -0.1
v 2.7 1.6 -0.3
v 2.7 1.6 -0.5
v 2.7 1.6 -0.6
v 2.7 1.6 -0.8
v 2.7 1.6 -0.9
v 2.7 1.7 0.0999999
v 2.7 1.7 0
v 2.7 1.7 -0.1
v 2.7 1.7 -0.2
v 2.7 1.7 -0.4
v 2.7 1.7 -0.5
v 2.7 1.7 -0.6
v 2.7 1.7 -0.7
v 2.7 1.7 -0.8
v 2.7 1.7 -0.9
v 2.7 1.7 -1
v 2.7 1.7 -1.1
v 2.7 1.7 -1.2
v 2.7 1.8 0.0999999
v 2.7 1.8 0
v 2.7 1.8 -0.2
v 2.7 1.8 -0.4
v 2.7 1.8 -0.7
v 2.7 1.8 -0.8
v 2.7 1.8 -0.9
v 2.7 1.8 -1
v 2.7 1.8 -1.2
v 2.8 0 1.6
v 2.8 0 1.5
v 2.8 0 -1.5
v 2.8 0 -1.6
v 2.8 0.5 0.7
v 2.8 0.5 0.6
v 2.8 0.5 0.5
v 2.8 0.6 0.9
v 2.8 0.6 0.7
v 2.8 0.6 0.6
v 2.8 0.6 0.5
v 2.8 0.7 0.8
v 2.8 0.7 0.7
v 2.8 0.7 0.4
v 2.8 0.7 0.3
v 2.8 0.8 0.8
v 2.8 0.8 0.7
v 2.8 0.8 0.6
v 2.8 0.8 0.4
v 2.8 0.8 0.3
v 2.8 0.8 0.0999999
v 2.8 0.8 0
v 2.8 0.8 -0.3
v 2.8 0.8 -0.4
v 2.8 0.8 -0.5
v 2.8 0.8 -0.8
v 2.8 0.9 1.6
v 2.8 0.9 1.5
v 2.8 0.9 0.9
v 2.8 0.9 0.8
v 2.8 0.9 0.7
v 2.8 0.9 0.6
v 2.8 0.9 0.5
v 2.8 0.9 0.4
v 2.8 0.9 0.3
v 2.8 0.9 0.0999999
v 2.8 0.9 0
v 2.8 0.9 -0.3
v 2.8 0.9 -0.4
v 2.8 0.9 -0.5
v 2.8 0.9 -0.8
v 2.8 0.9 -1.5
v 2.8 0.9 -1.6
v 2.8 1 0.8
v 2.8 1 0.7
v 2.8 1 0.6
v 2.8 1 0.5
v 2.8 1 0.4
v 2.8 1 0.3
v 2.8 1.1 0.8
v 2.8 1.1 0.7
v 2.8 1.1 0.6
v 2.8 1.1 0.5
v 2.8 1.1 0.4
v 2.8 1.1 0.3
v 2.8 1.2 0.8
v 2.8 1.2 0.7
v 2.8 1.2 0.6
v 2.8 1.2 0.5
v 2.8 1.2 0.4
v 2.8 1.2 0.3
v 2.8 1.3 0.8
v 2.8 1.3 0.7
v 2.8 1.3 0.6
v 2.8 1.3 0.5
v 2.8 1.3 0.4
v 2.8 1.3 0.3
v 2.9 0 1.5
v 2.9 0 1.2
v 2.9 0 -1.2
v 2.9 0 -1.5
v 2.9 0.5 0.5
v 2.9 0.5 0.4
v 2.9 0.5 0.0999999
v 2.9 0.5 0
v 2.9 0.6 0.5
v 2.9 0.6 0.4
v 2.9 0.6 0.0999999
v 2.9 0.6 0
v 2.9 0.7 0
v 2.9 0.7 -0.1
v 2.9 0.7 -0.2
v 2.9 0.7 -0.3
v 2.9 0.8 0.2
v 2.9 0.8 0.0999999
v 2.9 0.8 0
v 2.9 0.8 -0.1
v 2.9 0.8 -0.2
v 2.9 0.8 -0.3
v 2.9 0.8 -0.4
v 2.9 0.8 -0.5
v 2.9 0.9 1.5
v 2.9 0.9 1.2
v 2.9 0.9 0.2
v 2.9 0.9 0.0999999
v 2.9 0.9 -0.4
v 2.9 0.9 -0.5
v 2.9 0.9 -1.2
v 2.9 0.9 -1.5
v 3 0 1.2
v 3 0 1
v 3 0 -1
v 3 0 -1.2
v 3 0.9 1.2
v 3 0.9 1
v 3 0.9 -1
v 3 0.9 -1.2
v 3.1 0 1
v 3.1 0 0.6
v 3.1 0 -0.6
v 3.1 0 -1
v 3.1 0.9 1
v 3.1 0.9 0.6
v 3.1 0.9 -0.6
v 3.1 0.9 -1
v 3.2 0 0.6
v 3.2 0 -0.6
v 3.2 0.9 0.6
v 3.2 0.9 -0.6
v -0.6 0 3.2
v -0.6 0.9 3.2
v 0.6 0 3.2
v 0.6 0.9 3.2
v -1 0 3.1
v -1 0.9 3.1
v -0.6 0 3.1
v -0.6 0.9 3.1
v 0.6 0 3.1
v 0.6 0.9 3.1
v 1 0 3.1
v 1 0.9 3.1
v -1.2 0 3
v -1.2 0.9 3
v -1 0 3
v -1 0.9 3
v 1 0 3
v 1 0.9 3
v 1.2 0 3
v 1.2 0.9 3
v -1.5 0 2.9
v -1.5 0.9 2.9
v -1.2 0 2.9
v -1.2 0.9 2.9
v -0.5 0.5 2.9
v -0.5 0.7 2.9
v -0.4 0.5 2.9
v -0.4 0.6 2.9
v -0.4 0.7 2.9
v -0.3 0.6 2.9
v -0.3 0.7 2.9
v -0.2 0.5 2.9
v -0.2 0.6 2.9
v -0.0999999 0.5 2.9
v -0.0999999 0.6 2.9
v -0.0999999 0.7 2.9
v 0.3 0.5 2.9
v 0.3 0.6 2.9
v 1.2 0 2.9
v 1.2 0.9 2.9
v 1.5 0 2.9
v 1.5 0.9 2.9
v -1.6 0 2.8
v -1.6 0.9 2.8
v -1.5 0 2.8
v -1.5 0.9 2.8
v -0.9 0.5 2.8
v -0.9 0.6 2.8
v -0.7 0.5 2.8
v -0.7 0.6 2.8
v -0.7 0.7 2.8
v -0.6 0.6 2.8
v -0.6 0.7 2.8
v -0.6 0.8 2.8
v -0.4 0.6 2.8
v -0.4 0.7 2.8
v -0.3 0.6 2.8
v -0.3 0.7 2.8
v -0.3 0.8 2.8
v 0.3 0.5 2.8
v 0.3 0.6 2.8
v 0.4 0.5 2.8
v 0.4 0.6 2.8
v 1.5 0 2.8
v 1.5 0.9 2.8
v 1.6 0 2.8
v 1.6 0.9 2.8
v -1.8 0 2.7
v -1.8 0.9 2.7
v -1.6 0 2.7
v -1.6 0.9 2.7
v -1.2 0.4 2.7
v -1.2 0.5 2.7
v -1.1 0.4 2.7
v -1.1 0.5 2.7
v -1 0.6 2.7
v -1 0.7 2.7
v -0.9 0.7 2.7
v -0.9 0.8 2.7
v -0.7 0.6 2.7
v -0.7 0.7 2.7
v -0.7 0.8 2.7
v 0.2 0.6 2.7
v 0.2 0.7 2.7
v 0.4 0.6 2.7
v 0.4 0.7 2.7
v 0.4 0.8 2.7
v 0.4 0.9 2.7
v 0.4 1 2.7
v 0.4 1.1 2.7
v 0.4 1.2 2.7
v 0.4 1.3 2.7
v 0.4 1.4 2.7
v 0.5 0.6 2.7
v 0.5 0.7 2.7
v 0.5 0.8 2.7
v 0.5 0.9 2.7
v 0.5 1 2.7
v 0.5 1.1 2.7
v 0.5 1.2 2.7
v 0.5 1.3 2.7
v 0.5 1.4 2.7
v 0.6 0.7 2.7
v 0.6 0.8 2.7
v 0.6 0.9 2.7
v 0.6 1 2.7
v 0.6 1.1 2.7
v 0.6 1.2 2.7
v 0.6 1.3 2.7
v 0.6 1.4 2.7
v 0.7 0.8 2.7
v 0.7 0.9 2.7
v 0.7 1 2.7
v 0.7 1.1 2.7
v 0.7 1.2 2.7
v 0.7 1.3 2.7
v 0.8 0.9 2.7
v 0.8 1 2.7
v 0.8 1.1 2.7
v 0.8 1.2 2.7
v 0.8 1.3 2.7
v 0.9 0.7 2.7
v 0.9 0.8 2.7
v 0.9 0.9 2.7
v 0.9 1 2.7
v 0.9 1.1 2.7
v 0.9 1.3 2.7
v 0.9 1.4 2.7
v 1 0.7 2.7
v 1 0.8 2.7
v 1 0.9 2.7
v 1 1 2.7
v 1 1.1 2.7
v 1 1.2 2.7
v 1 1.3 2.7
v 1 1.4 2.7
v 1.1 0.7 2.7
v 1.1 0.8 2.7
v 1.1 0.9 2.7
v 1.1 1 2.7
v 1.1 1.1 2.7
v 1.1 1.2 2.7
v 1.1 1.3 2.7
v 1.1 1.4 2.7
v 1.6 0 2.7
v 1.6 0.9 2.7
v 1.8 0 2.7
v 1.8 0.9 2.7
v -1.9 0 2.6
v -1.9 0.9 2.6
v -1.8 0 2.6
v -1.8 0.9 2.6
v -1.4 0.5 2.6
v -1.4 0.7 2.6
v -1.3 0.5 2.6
v -1.3 0.6 2.6
v -1.2 0.6 2.6
v -1.2 0.7 2.6
v -1.1 0.6 2.6
v -1.1 0.7 2.6
v -1.1 0.8 2.6
v -1.1 1.1 2.6
v -1.1 1.2 2.6
v -1.1 1.3 2.6
v -1.1 1.5 2.6
v -1.1 1.6 2.6
v -1 0.6 2.6
v -1 0.7 2.6
v -1 0.8 2.6
v -1 0.9 2.6
v -1 1 2.6
v -1 1.1 2.6
v -1 1.2 2.6
v -1 1.3 2.6
v -1 1.4 2.6
v -1 1.5 2.6
v -1 1.6 2.6
v -0.9 0.7 2.6
v -0.9 0.8 2.6
v -0.9 0.9 2.6
v -0.9 1 2.6
v -0.9 1.1 2.6
v -0.9 1.2 2.6
v -0.9 1.3 2.6
v -0.9 1.4 2.6
v -0.9 1.5 2.6
v -0.8 0.8 2.6
v -0.8 1.1 2.6
v -0.8 1.2 2.6
v -0.8 1.3 2.6
v -0.8 1.4 2.6
v -0.8 1.5 2.6
v -0.8 1.6 2.6
v -0.7 0.7 2.6
v -0.7 0.8 2.6
v -0.7 1.1 2.6
v -0.7 1.2 2.6
v -0.7 1.3 2.6
v -0.7 1.4 2.6
v -0.7 1.5 2.6
v -0.7 1.6 2.6
v -0.6 0.7 2.6
v -0.6 0.8 2.6
v -0.6 1 2.6
v -0.6 1.3 2.6
v -0.6 1.4 2.6
v -0.5 0.9 2.6
v -0.5 1 2.6
v -0.5 1.1 2.6
v -0.5 1.2 2.6
v -0.5 1.4 2.6
v -0.5 1.5 2.6
v -0.5 1.6 2.6
v -0.4 0.8 2.6
v -0.4 0.9 2.6
v -0.4 1 2.6
v -0.4 1.1 2.6
v -0.4 1.4 2.6
v -0.4 1.5 2.6
v -0.4 1.6 2.6
v -0.3 0.7 2.6
v -0.3 0.8 2.6
v -0.3 0.9 2.6
v -0.3 1 2.6
v -0.3 1.1 2.6
v -0.3 1.2 2.6
v -0.3 1.3 2.6
v -0.3 1.4 2.6
v -0.2 0.6 2.6
v -0.2 0.7 2.6
v -0.2 0.8 2.6
v -0.2 1.1 2.6
v -0.2 1.3 2.6
v -0.2 1.4 2.6
v -0.2 1.5 2.6
v -0.2 1.6 2.6
v -0.0999999 0.6 2.6
v -0.0999999 0.8 2.6
v -0.0999999 1.1 2.6
v -0.0999999 1.3 2.6
v -0.0999999 1.4 2.6
v -0.0999999 1.5 2.6
v -0.0999999 1.6 2.6
v 0 0.6 2.6
v 0 0.7 2.6
v 0 0.8 2.6
v 0 0.9 2.6
v 0 1 2.6
v 0 1.1 2.6
v 0 1.2 2.6
v 0 1.3 2.6
v 0 1.4 2.6
v 0 1.5 2.6
v 0.1 0.6 2.6
v 0.1 0.7 2.6
v 0.1 0.8 2.6
v 0.1 0.9 2.6
v 0.1 1 2.6
v 0.1 1.1 2.6
v 0.1 1.2 2.6
v 0.1 1.3 2.6
v 0.1 1.4 2.6
v 0.1 1.5 2.6
v 0.1 1.6 2.6
v 0.2 0.6 2.6
v 0.2 0.7 2.6
v 0.2 0.8 2.6
v 0.2 1.1 2.6
v 0.2 1.2 2.6
v 0.2 1.3 2.6
v 0.2 1.5 2.6
v 0.2 1.6 2.6
v 0.4 0.5 2.6
v 0.4 0.6 2.6
v 0.5 0.6 2.6
v 0.6 0.5 2.6
v 0.6 0.6 2.6
v 0.7 0.4 2.6
v 0.7 0.5 2.6
v 0.9 0.4 2.6
v 0.9 0.5 2.6
v 1.8 0 2.6
v 1.8 0.9 2.6
v 1.9 0 2.6
v 1.9 0.9 2.6
v -2.1 0 2.5
v -2.1 0.9 2.5
v -1.9 0 2.5
v -1.9 0.9 2.5
v -1.6 0.5 2.5
v -1.6 0.6 2.5
v -1.5 0.6 2.5
v -1.5 0.7 2.5
v -1.5 0.8 2.5
v -1.4 0.5 2.5
v -1.4 0.7 2.5
v -1.2 0.6 2.5
v -1.2 0.7 2.5
v -1.1 0.6 2.5
v -1.1 0.7 2.5
v -1.1 0.8 2.5
v 0.6 0.5 2.5
v 0.6 0.6 2.5
v 0.7 0.5 2.5
v 0.7 0.6 2.5
v 0.9 0.4 2.5
v 0.9 0.5 2.5
v 1 0.4 2.5
v 1 0.5 2.5
v 1.2 0.6 2.5
v 1.2 0.8 2.5
v 1.2 0.9 2.5
v 1.2 1 2.5
v 1.2 1.1 2.5
v 1.3 0.6 2.5
v 1.3 0.7 2.5
v 1.3 0.8 2.5
v 1.3 0.9 2.5
v 1.3 1 2.5
v 1.3 1.1 2.5
v 1.4 0.6 2.5
v 1.4 0.7 2.5
v 1.4 0.8 2.5
v 1.4 0.9 2.5
v 1.4 1 2.5
v 1.4 1.1 2.5
v 1.5 0.6 2.5
v 1.5 0.7 2.5
v 1.5 0.8 2.5
v 1.5 0.9 2.5
v 1.5 1 2.5
v 1.5 1.1 2.5
v 1.6 0.6 2.5
v 1.6 0.7 2.5
v 1.6 0.9 2.5
v 1.6 1 2.5
v 1.6 1.1 2.5
v 1.7 0.9 2.5
v 1.7 1 2.5
v 1.7 1.1 2.5
v 1.9 0 2.5
v 1.9 0.9 2.5
v 2.1 0 2.5
v 2.1 0.9 2.5
v -2.2 0 2.4
v -2.2 0.9 2.4
v -2.1 0 2.4
v -2.1 0.9 2.4
v -1.6 0.7 2.4
v -1.6 0.8 2.4
v -1.5 0.7 2.4
v -1.5 0.8 2.4
v 0.7 0.5 2.4
v 0.7 0.6 2.4
v 0.8 0.5 2.4
v 0.8 0.6 2.4
v 1 0.4 2.4
v 1 0.5 2.4
v 1.1 0.4 2.4
v 1.1 0.5 2.4
v 2.1 0 2.4
v 2.1 0.9 2.4
v 2.2 0 2.4
v 2.2 0.9 2.4
v -2.3 0 2.3
v -2.3 0.9 2.3
v -2.2 0 2.3
v -2.2 0.9 2.3
v -1.9 0.4 2.3
v -1.9 0.5 2.3
v -1.8 0.4 2.3
v -1.8 0.5 2.3
v -1.8 0.6 2.3
v -1.8 0.7 2.3
v -1.6 0.6 2.3
v -1.6 0.7 2.3
v -1.5 0.6 2.3
v -1.5 0.7 2.3
v 0.8 0.5 2.3
v 0.8 0.6 2.3
v 0.9 0.5 2.3
v 0.9 0.6 2.3
v 1.1 0.4 2.3
v 1.1 0.5 2.3
v 1.2 0.4 2.3
v 1.2 0.5 2.3
v 2.2 0 2.3
v 2.2 0.9 2.3
v 2.3 0 2.3
v 2.3 0.9 2.3
v -2.4 0 2.2
v -2.4 0.9 2.2
v -2.3 0 2.2
v -2.3 0.9 2.2
v 0.9 0.5 2.2
v 0.9 0.6 2.2
v 1 0.5 2.2
v 1 0.6 2.2
v 1.2 0.4 2.2
v 1.2 0.5 2.2
v 1.3 0.4 2.2
v 1.3 0.5 2.2
v 2.3 0 2.2
v 2.3 0.9 2.2
v 2.4 0 2.2
v 2.4 0.9 2.2
v -2.5 0 2.1
v -2.5 0.9 2.1
v -2.4 0 2.1
v -2.4 0.9 2.1
v 0.2 0.7 2.1
v 0.2 0.8 2.1
v 0.4 0.7 2.1
v 0.4 0.8 2.1
v 1.9 0.6 2.1
v 1.9 0.7 2.1
v 2.1 0.6 2.1
v 2.1 0.7 2.1
v 2.4 0 2.1
v 2.4 0.9 2.1
v 2.5 0 2.1
v 2.5 0.9 2.1
v -2.3 0.9 2
v -2.3 1 2
v -2.3 1.1 2
v -2.3 1.2 2
v -2.3 1.3 2
v -2.2 0.4 2
v -2.2 0.5 2
v -2.2 0.6 2
v -2.2 0.7 2
v -2.2 0.9 2
v -2.2 1 2
v -2.2 1.1 2
v -2.2 1.2 2
v -2.2 1.3 2
v -2.1 0.4 2
v -2.1 0.5 2
v -2.1 0.6 2
v -2.1 0.7 2
v -2.1 0.9 2
v -2.1 1 2
v -2.1 1.1 2
v -2.1 1.2 2
v -2.1 1.3 2
v -2 0.4 2
v -2 0.5 2
v -2 0.6 2
v -2 0.7 2
v -2 0.9 2
v -2 1 2
v -2 1.1 2
v -2 1.2 2
v -2 1.3 2
v -1.9 0.4 2
v -1.9 0.5 2
v -1.9 0.7 2
v -1.9 0.8 2
v -1.9 0.9 2
v -1.9 1 2
v -1.9 1.1 2
v -1.9 1.2 2
v -1.8 0.6 2
v -1.8 0.7 2
v -1.8 0.8 2
v -1.7 0.5 2
v -1.7 0.6 2
v -1.7 0.9 2
v -1.7 1 2
v -1.7 1.1 2
v -1.7 1.2 2
v -1.6 0.6 2
v -1.6 0.7 2
v -1.6 0.9 2
v -1.6 1.1 2
v -1.6 1.2 2
v -1.6 1.3 2
v -1.5 0.5 2
v -1.5 0.6 2
v -1.5 0.7 2
v -1.5 0.9 2
v -1.5 1 2
v -1.5 1.1 2
v -1.5 1.2 2
v -1.5 1.3 2
v -1.4 0.5 2
v -1.4 0.6 2
v -1.4 0.7 2
v -1.4 0.9 2
v -1.4 1 2
v -1.4 1.1 2
v -1.4 1.2 2
v -1.4 1.3 2
v -1.3 0.6 2
v -1.3 0.7 2
v -1.3 0.9 2
v -1.3 1 2
v -1.3 1.1 2
v -1.3 1.2 2
v -1.3 1.3 2
v 0.2 0.6 2
v 0.2 0.7 2
v 0.4 0.6 2
v 0.4 0.7 2
v 0.5 0.7 2
v 0.6 0.7 2
v 0.9 0.6 2
v 0.9 0.7 2
v 1.1 0.5 2
v 1.1 0.6 2
v 1.2 0.6 2
v 1.3 0.4 2
v 1.3 0.5 2
v 1.3 0.6 2
v 1.4 0.4 2
v 1.4 0.5 2
v 2 0.5 2
v 2 0.6 2
v 2.1 0.5 2
v 2.2 0.5 2
v 2.2 0.6 2
v -2.6 0 1.9
v -2.6 0.9 1.9
v -2.5 0 1.9
v -2.5 0.9 1.9
v 1.4 0.4 1.9
v 1.4 0.5 1.9
v 1.4 0.6 1.9
v 1.4 0.7 1.9
v 1.4 0.9 1.9
v 1.4 1 1.9
v 1.4 1.1 1.9
v 1.4 1.2 1.9
v 1.4 1.3 1.9
v 1.5 0.4 1.9
v 1.5 0.5 1.9
v 1.5 0.6 1.9
v 1.5 0.7 1.9
v 1.5 0.9 1.9
v 1.5 1 1.9
v 1.5 1.1 1.9
v 1.5 1.2 1.9
v 1.5 1.3 1.9
v 1.6 0.4 1.9
v 1.6 0.5 1.9
v 1.6 0.6 1.9
v 1.6 1 1.9
v 1.6 1.1 1.9
v 1.6 1.2 1.9
v 1.6 1.3 1.9
v 1.7 0.4 1.9
v 1.7 0.5 1.9
v 1.7 0.6 1.9
v 1.7 0.7 1.9
v 1.7 0.9 1.9
v 1.7 1 1.9
v 1.7 1.1 1.9
v 1.7 1.2 1.9
v 1.7 1.3 1.9
v 1.8 0.7 1.9
v 1.8 0.8 1.9
v 1.8 0.9 1.9
v 1.8 1 1.9
v 1.9 0.6 1.9
v 1.9 0.7 1.9
v 1.9 0.8 1.9
v 2 0.5 1.9
v 2 0.6 1.9
v 2 0.9 1.9
v 2 1 1.9
v 2.1 0.4 1.9
v 2.1 0.5 1.9
v 2.1 0.7 1.9
v 2.1 0.9 1.9
v 2.1 1.1 1.9
v 2.1 1.2 1.9
v 2.1 1.3 1.9
v 2.2 0.4 1.9
v 2.2 0.5 1.9
v 2.2 0.6 1.9
v 2.2 0.7 1.9
v 2.2 0.9 1.9
v 2.2 1 1.9
v 2.2 1.1 1.9
v 2.2 1.2 1.9
v 2.2 1.3 1.9
v 2.3 0.4 1.9
v 2.3 0.5 1.9
v 2.3 0.6 1.9
v 2.3 0.9 1.9
v 2.3 1 1.9
v 2.3 1.1 1.9
v 2.3 1.2 1.9
v 2.3 1.3 1.9
v 2.4 0.9 1.9
v 2.4 1 1.9
v 2.4 1.1 1.9
v 2.4 1.2 1.9
v 2.4 1.3 1.9
v 2.5 0 1.9
v 2.5 0.9 1.9
v 2.6 0 1.9
v 2.6 0.9 1.9
v -2.7 0 1.8
v -2.7 0.9 1.8
v -2.6 0 1.8
v -2.6 0.9 1.8
v 0.4 0.7 1.8
v 0.4 0.8 1.8
v 0.4 0.9 1.8
v 0.4 1 1.8
v 0.4 1.1 1.8
v 0.5 0.7 1.8
v 0.5 0.8 1.8
v 0.5 0.9 1.8
v 0.5 1 1.8
v 0.5 1.1 1.8
v 0.6 0.7 1.8
v 0.6 0.8 1.8
v 0.6 0.9 1.8
v 0.6 1 1.8
v 0.6 1.1 1.8
v 0.9 0.6 1.8
v 0.9 0.7 1.8
v 1 0.5 1.8
v 1 0.6 1.8
v 1 0.7 1.8
v 1 0.8 1.8
v 1 0.9 1.8
v 1 1 1.8
v 1 1.1 1.8
v 1.1 0.5 1.8
v 1.1 0.6 1.8
v 1.1 0.7 1.8
v 1.1 0.8 1.8
v 1.1 0.9 1.8
v 1.1 1 1.8
v 1.1 1.1 1.8
v 1.2 0.6 1.8
v 1.2 0.7 1.8
v 1.2 0.8 1.8
v 1.2 0.9 1.8
v 1.2 1 1.8
v 1.2 1.1 1.8
v 2.6 0 1.8
v 2.6 0.9 1.8
v 2.7 0 1.8
v 2.7 0.9 1.8
v -2.8 0 1.6
v -2.8 0.9 1.6
v -2.7 0 1.6
v -2.7 0.9 1.6
v -2.5 0.5 1.6
v -2.5 0.6 1.6
v -2.4 0.4 1.6
v -2.4 0.5 1.6
v -2.4 0.6 1.6
v -2.3 0.4 1.6
v -2.3 0.5 1.6
v 2.7 0 1.6
v 2.7 0.9 1.6
v 2.8 0 1.6
v 2.8 0.9 1.6
v -2.9 0 1.5
v -2.9 0.9 1.5
v -2.8 0 1.5
v -2.8 0.9 1.5
v -2.6 0.4 1.5
v -2.6 0.5 1.5
v -2.4 0.4 1.5
v -2.4 0.5 1.5
v 0.2 0.8 1.5
v 0.2 0.9 1.5
v 0.3 0.7 1.5
v 0.3 0.8 1.5
v 0.3 0.9 1.5
v 0.4 0.7 1.5
v 0.4 0.8 1.5
v 2.8 0 1.5
v 2.8 0.9 1.5
v 2.9 0 1.5
v 2.9 0.9 1.5
v 1.2 0.5 1.4
v 1.2 0.6 1.4
v 1.4 0.5 1.4
v 1.4 0.6 1.4
v 2.4 0.6 1.4
v 2.4 0.7 1.4
v 2.6 0.6 1.4
v 2.6 0.7 1.4
v -2.7 0.6 1.3
v -2.7 0.7 1.3
v -2.6 0.6 1.3
v -2.5 0.6 1.3
v -2.5 0.7 1.3
v -2.4 0.5 1.3
v -2.4 0.6 1.3
v -2.3 0.5 1.3
v -2.3 0.6 1.3
v 0.3 0.8 1.3
v 0.3 0.9 1.3
v 0.4 0.8 1.3
v 0.4 0.9 1.3
v 2.6 0.6 1.3
v 2.6 0.7 1.3
v 2.7 0.6 1.3
v 2.7 0.7 1.3
v -3 0 1.2
v -3 0.9 1.2
v -2.9 0 1.2
v -2.9 0.9 1.2
v -1.2 0.5 1.2
v -1.2 0.6 1.2
v -1 0.5 1.2
v -0.9 0.5 1.2
v -0.9 0.6 1.2
v -0.8 0.5 1.2
v -0.8 0.6 1.2
v -0.4 0.6 1.2
v -0.4 0.7 1.2
v -0.3 0.6 1.2
v -0.3 0.7 1.2
v 0.3 0.6 1.2
v 0.3 0.7 1.2
v 0.3 0.8 1.2
v 0.4 0.6 1.2
v 0.4 0.7 1.2
v 0.4 0.8 1.2
v 2.9 0 1.2
v 2.9 0.9 1.2
v 3 0 1.2
v 3 0.9 1.2
v -2.7 0.5 1.1
v -2.7 0.6 1.1
v -2.6 0.5 1.1
v -2.6 0.6 1.1
v -2.5 0.6 1.1
v -2.5 0.7 1.1
v -2.3 0.6 1.1
v -2.3 0.7 1.1
v -1 0.4 1.1
v -1 0.5 1.1
v -1 0.6 1.1
v -1 0.7 1.1
v -0.9 0.4 1.1
v -0.9 0.5 1.1
v -0.9 0.6 1.1
v -0.8 0.6 1.1
v -0.8 0.7 1.1
v 1.2 0.5 1.1
v 1.2 0.6 1.1
v 1.4 0.5 1.1
v 1.4 0.6 1.1
v 2.5 0.7 1.1
v 2.5 0.8 1.1
v 2.7 0.7 1.1
v 2.7 0.8 1.1
v -3.1 0 1
v -3.1 0.9 1
v -3 0 1
v -3 0.9 1
v -2.5 0.7 1
v -2.5 0.8 1
v -2.5 0.9 1
v -2.5 1 1
v -2.4 0.8 1
v -2.4 0.9 1
v -2.3 0.7 1
v -2.3 0.9 1
v -2.3 1 1
v -1.2 0.4 1
v -1.2 0.5 1
v -1.1 0.4 1
v -1.1 0.5 1
v -1 6 1
v -1 6.2 1
v -1 6.4 1
v -1 6.6 1
v -1 6.8 1
v -1 7.2 1
v -1 7.4 1
v -1 7.6 1
v -1 7.8 1
v -1 8 1
v -0.9 6.1 1
v -0.9 6.2 1
v -0.9 6.4 1
v -0.9 6.5 1
v -0.9 6.6 1
v -0.9 6.7 1
v -0.9 6.8 1
v -0.9 7.2 1
v -0.9 7.3 1
v -0.9 7.4 1
v -0.9 7.5 1
v -0.9 7.6 1
v -0.9 7.8 1
v -0.9 7.9 1
v -0.8 6 1
v -0.8 6.1 1
v -0.8 6.2 1
v -0.8 6.3 1
v -0.8 6.5 1
v -0.8 6.6 1
v -0.8 6.7 1
v -0.8 6.9 1
v -0.8 7.1 1
v -0.8 7.3 1
v -0.8 7.4 1
v -0.8 7.5 1
v -0.8 7.7 1
v -0.8 7.8 1
v -0.8 7.9 1
v -0.8 8 1
v -0.7 6.2 1
v -0.7 6.3 1
v -0.7 6.4 1
v -0.7 6.6 1
v -0.7 6.7 1
v -0.7 6.9 1
v -0.7 7.1 1
v -0.7 7.3 1
v -0.7 7.4 1
v -0.7 7.6 1
v -0.7 7.7 1
v -0.7 7.8 1
v -0.6 6 1
v -0.6 6.1 1
v -0.6 6.3 1
v -0.6 6.4 1
v -0.6 6.5 1
v -0.6 6.7 1
v -0.6 6.8 1
v -0.6 7.2 1
v -0.6 7.3 1
v -0.6 7.5 1
v -0.6 7.6 1
v -0.6 7.7 1
v -0.6 7.9 1
v -0.6 8 1
v -0.5 6.1 1
v -0.5 6.2 1
v -0.5 6.4 1
v -0.5 6.5 1
v -0.5 6.6 1
v -0.5 6.8 1
v -0.5 7.2 1
v -0.5 7.4 1
v -0.5 7.5 1
v -0.5 7.6 1
v -0.5 7.8 1
v -0.5 7.9 1
v -0.4 6 1
v -0.4 6.1 1
v -0.4 6.2 1
v -0.4 6.3 1
v -0.4 6.5 1
v -0.4 6.6 1
v -0.4 6.8 1
v -0.4 7.2 1
v -0.4 7.4 1
v -0.4 7.5 1
v -0.4 7.7 1
v -0.4 7.8 1
v -0.4 7.9 1
v -0.4 8 1
v -0.3 6.1 1
v -0.3 6.2 1
v -0.3 6.3 1
v -0.3 6.4 1
v -0.3 6.7 1
v -0.3 6.8 1
v -0.3 7.1 1
v -0.3 7.2 1
v -0.3 7.3 1
v -0.3 7.6 1
v -0.3 7.7 1
v -0.3 7.8 1
v -0.3 7.9 1
v -0.2 6 1
v -0.2 6.1 1
v -0.2 6.4 1
v -0.2 6.5 1
v -0.2 6.6 1
v -0.2 6.7 1
v -0.2 6.8 1
v -0.2 6.9 1
v -0.2 7.1 1
v -0.2 7.3 1
v -0.2 7.4 1
v -0.2 7.5 1
v -0.2 7.6 1
v -0.2 7.9 1
v -0.2 8 1
v -0.0999999 6.2 1
v -0.0999999 6.3 1
v -0.0999999 6.6 1
v -0.0999999 6.7 1
v -0.0999999 6.8 1
v -0.0999999 6.9 1
v -0.0999999 7 1
v -0.0999999 7.1 1
v -0.0999999 7.2 1
v -0.0999999 7.3 1
v -0.0999999 7.7 1
v -0.0999999 7.8 1
v 0 6.7 1
v 0 6.8 1
v 0 7.2 1
v 0 7.3 1
v 0.1 6.2 1
v 0.1 6.3 1
v 0.1 6.6 1
v 0.1 6.7 1
v 0.1 6.9 1
v 0.1 7 1
v 0.1 7.1 1
v 0.1 7.2 1
v 0.1 7.3 1
v 0.1 7.7 1
v 0.1 7.8 1
v 0.2 6 1
v 0.2 6.1 1
v 0.2 6.4 1
v 0.2 6.5 1
v 0.2 6.6 1
v 0.2 6.7 1
v 0.2 6.9 1
v 0.2 7 1
v 0.2 7.1 1
v 0.2 7.2 1
v 0.2 7.3 1
v 0.2 7.4 1
v 0.2 7.5 1
v 0.2 7.6 1
v 0.2 7.9 1
v 0.2 8 1
v 0.3 6.1 1
v 0.3 6.2 1
v 0.3 6.3 1
v 0.3 6.4 1
v 0.3 6.7 1
v 0.3 6.8 1
v 0.3 6.9 1
v 0.3 7.1 1
v 0.3 7.2 1
v 0.3 7.3 1
v 0.3 7.6 1
v 0.3 7.7 1
v 0.3 7.8 1
v 0.3 7.9 1
v 0.4 6 1
v 0.4 6.1 1
v 0.4 6.2 1
v 0.4 6.3 1
v 0.4 6.5 1
v 0.4 6.6 1
v 0.4 6.8 1
v 0.4 7.2 1
v 0.4 7.4 1
v 0.4 7.5 1
v 0.4 7.7 1
v 0.4 7.8 1
v 0.4 7.9 1
v 0.4 8 1
v 0.5 6.1 1
v 0.5 6.2 1
v 0.5 6.4 1
v 0.5 6.5 1
v 0.5 6.6 1
v 0.5 6.8 1
v 0.5 7.2 1
v 0.5 7.4 1
v 0.5 7.5 1
v 0.5 7.6 1
v 0.5 7.8 1
v 0.5 7.9 1
v 0.6 6 1
v 0.6 6.1 1
v 0.6 6.3 1
v 0.6 6.4 1
v 0.6 6.5 1
v 0.6 6.7 1
v 0.6 6.8 1
v 0.6 7.2 1
v 0.6 7.3 1
v 0.6 7.5 1
v 0.6 7.6 1
v 0.6 7.7 1
v 0.6 7.9 1
v 0.6 8 1
v 0.7 6.2 1
v 0.7 6.3 1
v 0.7 6.4 1
v 0.7 6.6 1
v 0.7 6.7 1
v 0.7 6.9 1
v 0.7 7.1 1
v 0.7 7.3 1
v 0.7 7.4 1
v 0.7 7.6 1
v 0.7 7.7 1
v 0.7 7.8 1
v 0.8 6 1
v 0.8 6.1 1
v 0.8 6.2 1
v 0.8 6.3 1
v 0.8 6.5 1
v 0.8 6.6 1
v 0.8 6.7 1
v 0.8 6.9 1
v 0.8 7.1 1
v 0.8 7.3 1
v 0.8 7.4 1
v 0.8 7.5 1
v 0.8 7.7 1
v 0.8 7.8 1
v 0.8 7.9 1
v 0.8 8 1
v 0.9 6.1 1
v 0.9 6.2 1
v 0.9 6.4 1
v 0.9 6.5 1
v 0.9 6.6 1
v 0.9 6.7 1
v 0.9 6.8 1
v 0.9 7.2 1
v 0.9 7.3 1
v 0.9 7.4 1
v 0.9 7.5 1
v 0.9 7.6 1
v 0.9 7.8 1
v 0.9 7.9 1
v 1 6 1
v 1 6.2 1
v 1 6.4 1
v 1 6.6 1
v 1 6.8 1
v 1 7.2 1
v 1 7.4 1
v 1 7.6 1
v 1 7.8 1
v 1 8 1
v 1.3 0.6 1
v 1.3 0.7 1
v 1.4 0.6 1
v 1.4 0.7 1
v 2.4 0.7 1
v 2.4 0.8 1
v 2.5 0.7 1
v 2.5 0.8 1
v 2.7 0.7 1
v 2.7 0.8 1
v 2.8 0.7 1
v 2.8 0.8 1
v 3 0 1
v 3 0.9 1
v 3.1 0 1
v 3.1 0.9 1
v -1.9 0.8 0.9
v -1.9 0.9 0.9
v -1.7 0.7 0.9
v -1.7 0.8 0.9
v -1.6 0.7 0.9
v -1.6 0.8 0.9
v -1.6 0.9 0.9
v -1 0.5 0.9
v -1 0.6 0.9
v -0.9 0.5 0.9
v -0.9 0.6 0.9
v 1.2 0.7 0.9
v 1.2 0.8 0.9
v 1.3 0.7 0.9
v 1.3 0.8 0.9
v 2.4 0.8 0.9
v 2.4 0.9 0.9
v 2.5 0.9 0.9
v 2.5 1 0.9
v 2.7 0.9 0.9
v 2.7 1 0.9
v 2.8 0.8 0.9
v 2.8 0.9 0.9
v -2.9 0.7 0.8
v -2.9 0.8 0.8
v -2.9 0.9 0.8
v -2.9 1 0.8
v -2.9 1.1 0.8
v -2.9 1.2 0.8
v -2.8 0.7 0.8
v -2.8 0.8 0.8
v -2.8 0.9 0.8
v -2.8 1 0.8
v -2.8 1.1 0.8
v -2.8 1.2 0.8
v -2.7 0.5 0.8
v -2.7 0.6 0.8
v -2.7 0.7 0.8
v -2.7 0.8 0.8
v -2.7 0.9 0.8
v -2.7 1 0.8
v -2.7 1.1 0.8
v -2.7 1.2 0.8
v -2.6 0.5 0.8
v -2.6 0.6 0.8
v -2.6 0.7 0.8
v -2.6 0.8 0.8
v -2.6 0.9 0.8
v -2.6 1 0.8
v -2.6 1.1 0.8
v -2.6 1.2 0.8
v -2.5 0.7 0.8
v -2.5 0.8 0.8
v -2.5 0.9 0.8
v -2.5 1 0.8
v -2.5 1.1 0.8
v -2.5 1.2 0.8
v -2.4 0.8 0.8
v -2.4 0.9 0.8
v -2.4 1 0.8
v -2.4 1.1 0.8
v -2.4 1.2 0.8
v -1.6 0.7 0.8
v -1.6 0.8 0.8
v -1.5 0.7 0.8
v -1.5 0.8 0.8
v -1.4 0.6 0.8
v -1.4 0.7 0.8
v -1.3 0.6 0.8
v -1.3 0.7 0.8
v -0.6 0.5 0.8
v -0.6 0.6 0.8
v -0.6 0.8 0.8
v -0.6 0.9 0.8
v -0.6 1.1 0.8
v -0.6 1.2 0.8
v -0.5 0.5 0.8
v -0.5 0.6 0.8
v -0.5 0.7 0.8
v -0.5 0.8 0.8
v -0.5 0.9 0.8
v -0.5 1 0.8
v -0.5 1.1 0.8
v -0.5 1.2 0.8
v -0.4 0.6 0.8
v -0.4 0.7 0.8
v -0.4 0.8 0.8
v -0.4 0.9 0.8
v -0.4 1 0.8
v -0.4 1.1 0.8
v -0.4 1.2 0.8
v -0.3 0.5 0.8
v -0.3 0.6 0.8
v -0.3 0.7 0.8
v -0.3 0.8 0.8
v -0.3 0.9 0.8
v -0.3 1 0.8
v -0.3 1.1 0.8
v -0.3 1.2 0.8
v -0.2 0.6 0.8
v -0.2 0.7 0.8
v -0.2 0.8 0.8
v -0.2 0.9 0.8
v -0.2 1 0.8
v -0.2 1.1 0.8
v -0.2 1.2 0.8
v -0.0999999 0.6 0.8
v -0.0999999 0.7 0.8
v -0.0999999 0.8 0.8
v -0.0999999 0.9 0.8
v -0.0999999 1 0.8
v -0.0999999 1.1 0.8
v -0.0999999 1.2 0.8
v 0 0.6 0.8
v 0 0.7 0.8
v 0 0.8 0.8
v 0 0.9 0.8
v 0 1 0.8
v 0 1.1 0.8
v 0 1.2 0.8
v 0.1 0.6 0.8
v 0.1 0.7 0.8
v 0.1 0.8 0.8
v 0.1 0.9 0.8
v 0.1 1.1 0.8
v 0.1 1.2 0.8
v 1 0.5 0.8
v 1 0.6 0.8
v 1 0.7 0.8
v 1 0.8 0.8
v 1.1 0.5 0.8
v 1.1 0.6 0.8
v 1.1 0.7 0.8
v 1.1 0.8 0.8
v 1.3 0.6 0.8
v 1.3 0.7 0.8
v 1.5 0.6 0.8
v 1.5 0.7 0.8
v 1.7 0.6 0.8
v 1.7 0.7 0.8
v 1.7 0.8 0.8
v 1.8 0.6 0.8
v 1.8 0.7 0.8
v 1.8 0.8 0.8
v 1.8 0.9 0.8
v 1.9 0.7 0.8
v 1.9 0.8 0.8
v 2.1 0.6 0.8
v 2.1 0.8 0.8
v 2.1 0.9 0.8
v 2.2 0.6 0.8
v 2.2 0.7 0.8
v 2.3 0.7 0.8
v 2.3 0.8 0.8
v 2.3 1 0.8
v 2.3 1.1 0.8
v 2.3 1.2 0.8
v 2.3 1.3 0.8
v 2.4 0.8 0.8
v 2.4 0.9 0.8
v 2.4 1 0.8
v 2.4 1.1 0.8
v 2.4 1.2 0.8
v 2.4 1.3 0.8
v 2.5 0.9 0.8
v 2.5 1 0.8
v 2.5 1.1 0.8
v 2.5 1.2 0.8
v 2.5 1.3 0.8
v 2.6 1 0.8
v 2.6 1.1 0.8
v 2.6 1.2 0.8
v 2.6 1.3 0.8
v 2.7 0.9 0.8
v 2.7 1 0.8
v 2.7 1.1 0.8
v 2.7 1.2 0.8
v 2.7 1.3 0.8
v 2.8 0.9 0.8
v 2.8 1 0.8
v 2.8 1.1 0.8
v 2.8 1.2 0.8
v 2.8 1.3 0.8
v -2.3 0.9 0.7
v -2.3 1 0.7
v -2.2 0.9 0.7
v -2.1 0.9 0.7
v -2.1 1 0.7
v 0.3 0.8 0.7
v 0.3 0.9 0.7
v 0.3 1 0.7
v 0.3 1.1 0.7
v 0.3 1.2 0.7
v 0.3 1.3 0.7
v 0.3 1.4 0.7
v 0.3 1.5 0.7
v 0.4 0.8 0.7
v 0.4 0.9 0.7
v 0.4 1 0.7
v 0.4 1.1 0.7
v 0.4 1.2 0.7
v 0.4 1.3 0.7
v 0.4 1.4 0.7
v 0.4 1.5 0.7
v 0.5 0.8 0.7
v 0.5 0.9 0.7
v 0.5 1 0.7
v 0.5 1.1 0.7
v 0.5 1.2 0.7
v 0.5 1.3 0.7
v 0.5 1.4 0.7
v 0.5 1.5 0.7
v 0.6 0.8 0.7
v 0.6 0.9 0.7
v 0.6 1 0.7
v 0.6 1.1 0.7
v 0.6 1.2 0.7
v 0.6 1.3 0.7
v 0.6 1.4 0.7
v 0.7 0.9 0.7
v 0.7 1 0.7
v 0.7 1.1 0.7
v 0.7 1.2 0.7
v 0.7 1.3 0.7
v 0.7 1.4 0.7
v 0.8 0.8 0.7
v 0.8 0.9 0.7
v 0.8 1 0.7
v 0.8 1.1 0.7
v 0.8 1.2 0.7
v 0.8 1.3 0.7
v 0.8 1.4 0.7
v 0.8 1.5 0.7
v 0.9 0.8 0.7
v 0.9 0.9 0.7
v 0.9 1 0.7
v 0.9 1.1 0.7
v 0.9 1.2 0.7
v 0.9 1.3 0.7
v 0.9 1.4 0.7
v 0.9 1.5 0.7
v 1 0.8 0.7
v 1 0.9 0.7
v 1 1 0.7
v 1 1.1 0.7
v 1 1.2 0.7
v 1 1.3 0.7
v 1 1.4 0.7
v 1 1.5 0.7
v 1.6 0.7 0.7
v 1.6 0.8 0.7
v 1.7 0.7 0.7
v 1.7 0.8 0.7
v 1.9 0.7 0.7
v 1.9 0.8 0.7
v 2 0.7 0.7
v 2 0.9 0.7
v 2 1 0.7
v 2.1 0.7 0.7
v 2.1 0.8 0.7
v 2.1 0.9 0.7
v 2.2 0.9 0.7
v 2.2 1 0.7
v 2.3 0.7 0.7
v 2.3 0.8 0.7
v 2.3 0.9 0.7
v 2.4 0.7 0.7
v 2.4 0.8 0.7
v 2.7 0.7 0.7
v 2.7 0.8 0.7
v 2.8 0.7 0.7
v 2.8 0.8 0.7
v 2.8 0.9 0.7
v 2.9 0.8 0.7
v 2.9 0.9 0.7
v -3.2 0 0.6
v -3.2 0.9 0.6
v -3.1 0 0.6
v -3.1 0.9 0.6
v -2.8 0.5 0.6
v -2.8 0.6 0.6
v -2.7 0.5 0.6
v -2.7 0.6 0.6
v -2.4 0.8 0.6
v -2.4 0.9 0.6
v -2.3 0.9 0.6
v -2.2 0.8 0.6
v -2.2 0.9 0.6
v -2.1 0.8 0.6
v -2.1 0.9 0.6
v -2 0.8 0.6
v -2 0.9 0.6
v -1.8 0.9 0.6
v -1.8 1 0.6
v -1.8 1.1 0.6
v -1.8 1.3 0.6
v -1.8 1.4 0.6
v -1.7 0.8 0.6
v -1.7 0.9 0.6
v -1.7 1 0.6
v -1.7 1.1 0.6
v -1.7 1.3 0.6
v -1.7 1.4 0.6
v -1.6 0.8 0.6
v -1.6 0.9 0.6
v -1.6 1.1 0.6
v -1.6 1.3 0.6
v -1.6 1.4 0.6
v -1.5 0.7 0.6
v -1.5 0.8 0.6
v -1.5 0.9 0.6
v -1.5 1 0.6
v -1.5 1.3 0.6
v -1.5 1.4 0.6
v -1.4 0.7 0.6
v -1.4 0.8 0.6
v -1.4 1 0.6
v -1.4 1.1 0.6
v -1.4 1.3 0.6
v -1.3 0.5 0.6
v -1.3 0.6 0.6
v -1.3 0.7 0.6
v -1.3 0.8 0.6
v -1.2 0.4 0.6
v -1.2 0.5 0.6
v -1.2 0.6 0.6
v -1.2 1.1 0.6
v -1.2 1.3 0.6
v -1.1 0.4 0.6
v -1.1 0.6 0.6
v -1.1 0.7 0.6
v -1.1 1 0.6
v -1.1 1.1 0.6
v -1.1 1.3 0.6
v -1.1 1.4 0.6
v -1 0.7 0.6
v -1 1 0.6
v -0.9 0.4 0.6
v -0.9 0.6 0.6
v -0.9 0.7 0.6
v -0.9 1 0.6
v -0.9 1.1 0.6
v -0.9 1.3 0.6
v -0.9 1.4 0.6
v -0.8 0.4 0.6
v -0.8 0.6 0.6
v -0.8 0.7 0.6
v -0.8 1 0.6
v -0.8 1.1 0.6
v -0.8 1.3 0.6
v -0.8 1.4 0.6
v 0.8 0.5 0.6
v 0.8 0.6 0.6
v 0.9 0.5 0.6
v 0.9 0.6 0.6
v 2 0.6 0.6
v 2 0.7 0.6
v 2.1 0.6 0.6
v 2.1 0.7 0.6
v 2.2 0.9 0.6
v 2.2 1 0.6
v 2.3 0.9 0.6
v 2.3 1 0.6
v 2.5 0.7 0.6
v 2.5 0.8 0.6
v 2.6 0.7 0.6
v 2.6 0.8 0.6
v 2.7 0.4 0.6
v 2.7 0.5 0.6
v 2.8 0.5 0.6
v 2.8 0.6 0.6
v 2.8 0.8 0.6
v 2.9 0.4 0.6
v 2.9 0.5 0.6
v 2.9 0.6 0.6
v 2.9 0.8 0.6
v 3.1 0 0.6
v 3.1 0.9 0.6
v 3.2 0 0.6
v 3.2 0.9 0.6
v -2 0.8 0.5
v -2 0.9 0.5
v -1.9 0.8 0.5
v -1.9 0.9 0.5
v 0.1 0.5 0.5
v 0.1 0.6 0.5
v 0.2 0.5 0.5
v 0.2 0.6 0.5
v 0.7 0.5 0.5
v 0.7 0.6 0.5
v 0.8 0.5 0.5
v 0.8 0.6 0.5
v 1.4 0.7 0.5
v 1.4 0.8 0.5
v 1.6 0.7 0.5
v 1.6 0.8 0.5
v 1.6 0.9 0.5
v 2 0.5 0.5
v 2 0.6 0.5
v 2 0.8 0.5
v 2 0.9 0.5
v 2.1 0.5 0.5
v 2.1 0.6 0.5
v 2.5 0.5 0.5
v 2.5 0.6 0.5
v 2.6 0.5 0.5
v 2.6 0.6 0.5
v 2.8 0.5 0.5
v 2.8 0.6 0.5
v 2.9 0.5 0.5
v 2.9 0.6 0.5
v -2.4 0.6 0.4
v -2.4 0.7 0.4
v -2.3 0.6 0.4
v -2.3 0.7 0.4
v 0.2 0.5 0.4
v 0.2 0.6 0.4
v 0.3 0.5 0.4
v 0.3 0.6 0.4
v 1.3 0.7 0.4
v 1.3 0.8 0.4
v 1.4 0.7 0.4
v 1.4 0.8 0.4
v 1.5 0.8 0.4
v 1.5 0.9 0.4
v 1.6 0.8 0.4
v 1.6 0.9 0.4
v 1.6 1 0.4
v 1.8 0.9 0.4
v 1.8 1 0.4
v 2 0.7 0.4
v 2 0.8 0.4
v 2.1 0.5 0.4
v 2.1 0.6 0.4
v 2.1 0.7 0.4
v 2.1 0.8 0.4
v 2.2 0.6 0.4
v 2.2 0.7 0.4
v 2.3 0.5 0.4
v 2.3 0.6 0.4
v 2.3 0.7 0.4
v 2.4 0.6 0.4
v 2.4 0.7 0.4
v 2.5 0.6 0.4
v 2.5 0.7 0.4
v 2.9 0.5 0.4
v 2.9 0.6 0.4
v 3 0.5 0.4
v 3 0.6 0.4
v -0.8 0.4 0.3
v -0.8 0.6 0.3
v -0.6 0.4 0.3
v -0.6 0.6 0.3
v 0.3 0.5 0.3
v 0.3 0.6 0.3
v 0.4 0.5 0.3
v 0.4 0.6 0.3
v 1.3 0.8 0.3
v 1.3 1 0.3
v 1.5 0.8 0.3
v 1.5 0.9 0.3
v 1.6 0.9 0.3
v 1.6 1 0.3
v 2.8 0.7 0.3
v 2.8 0.8 0.3
v 2.9 0.7 0.3
v 2.9 0.8 0.3
v 0.4 0.5 0.2
v 0.4 0.6 0.2
v 0.5 0.5 0.2
v 0.5 0.6 0.2
v 1.2 0.7 0.2
v 1.2 0.9 0.2
v 1.3 0.7 0.2
v 1.3 0.8 0.2
v 1.3 0.9 0.2
v 2.6 0.7 0.2
v 2.6 0.8 0.2
v 2.7 0.7 0.2
v 2.7 0.8 0.2
v -2.9 0.4 0.0999999
v -2.9 0.5 0.0999999
v -2.9 0.6 0.0999999
v -2.9 0.7 0.0999999
v -2.9 0.8 0.0999999
v -2.9 0.9 0.0999999
v -2.9 1 0.0999999
v -2.9 1.1 0.0999999
v -2.8 0.4 0.0999999
v -2.8 0.5 0.0999999
v -2.8 0.6 0.0999999
v -2.8 0.7 0.0999999
v -2.8 0.8 0.0999999
v -2.8 0.9 0.0999999
v -2.8 1 0.0999999
v -2.8 1.1 0.0999999
v -2.7 0.4 0.0999999
v -2.7 0.5 0.0999999
v -2.7 0.7 0.0999999
v -2.7 0.8 0.0999999
v -2.7 0.9 0.0999999
v -2.7 1 0.0999999
v -2.7 1.1 0.0999999
v -2.6 0.4 0.0999999
v -2.6 0.5 0.0999999
v -2.4 0.6 0.0999999
v -2.4 0.7 0.0999999
v -2.4 0.8 0.0999999
v -2.4 1 0.0999999
v -2.4 1.1 0.0999999
v -2.3 0.6 0.0999999
v -2.3 0.7 0.0999999
v -2.3 0.8 0.0999999
v -2.3 0.9 0.0999999
v -2.3 1 0.0999999
v -2.3 1.1 0.0999999
v -2.2 0.7 0.0999999
v -2.2 0.8 0.0999999
v -2.2 0.9 0.0999999
v -2.2 1 0.0999999
v -2.2 1.1 0.0999999
v 0.5 0.5 0.0999999
v 0.5 0.6 0.0999999
v 0.6 0.5 0.0999999
v 0.6 0.6 0.0999999
v 1.4 1 0.0999999
v 1.4 1.3 0.0999999
v 1.4 1.4 0.0999999
v 1.4 1.5 0.0999999
v 1.4 1.7 0.0999999
v 1.4 1.8 0.0999999
v 1.5 1 0.0999999
v 1.5 1.1 0.0999999
v 1.5 1.2 0.0999999
v 1.5 1.3 0.0999999
v 1.5 1.4 0.0999999
v 1.5 1.5 0.0999999
v 1.5 1.6 0.0999999
v 1.5 1.7 0.0999999
v 1.5 1.8 0.0999999
v 1.6 1 0.0999999
v 1.6 1.1 0.0999999
v 1.6 1.2 0.0999999
v 1.6 1.3 0.0999999
v 1.6 1.4 0.0999999
v 1.6 1.5 0.0999999
v 1.6 1.6 0.0999999
v 1.6 1.7 0.0999999
v 1.7 1 0.0999999
v 1.7 1.3 0.0999999
v 1.7 1.4 0.0999999
v 1.7 1.5 0.0999999
v 1.7 1.6 0.0999999
v 1.7 1.7 0.0999999
v 1.7 1.8 0.0999999
v 1.8 0.8 0.0999999
v 1.8 1 0.0999999
v 1.8 1.3 0.0999999
v 1.8 1.4 0.0999999
v 1.8 1.5 0.0999999
v 1.8 1.6 0.0999999
v 1.8 1.7 0.0999999
v 1.8 1.8 0.0999999
v 1.9 1 0.0999999
v 1.9 1.2 0.0999999
v 1.9 1.5 0.0999999
v 1.9 1.6 0.0999999
v 2 0.7 0.0999999
v 2 0.8 0.0999999
v 2 0.9 0.0999999
v 2 1 0.0999999
v 2 1.1 0.0999999
v 2 1.2 0.0999999
v 2 1.3 0.0999999
v 2 1.4 0.0999999
v 2 1.6 0.0999999
v 2 1.7 0.0999999
v 2 1.8 0.0999999
v 2.1 0.9 0.0999999
v 2.1 1 0.0999999
v 2.1 1.1 0.0999999
v 2.1 1.2 0.0999999
v 2.1 1.3 0.0999999
v 2.1 1.4 0.0999999
v 2.1 1.6 0.0999999
v 2.1 1.7 0.0999999
v 2.1 1.8 0.0999999
v 2.2 0.6 0.0999999
v 2.2 0.7 0.0999999
v 2.2 0.8 0.0999999
v 2.2 1.1 0.0999999
v 2.2 1.2 0.0999999
v 2.2 1.5 0.0999999
v 2.2 1.6 0.0999999
v 2.3 0.6 0.0999999
v 2.3 0.7 0.0999999
v 2.3 0.8 0.0999999
v 2.3 1 0.0999999
v 2.3 1.3 0.0999999
v 2.3 1.5 0.0999999
v 2.3 1.6 0.0999999
v 2.3 1.7 0.0999999
v 2.3 1.8 0.0999999
v 2.4 0.7 0.0999999
v 2.4 0.8 0.0999999
v 2.4 1 0.0999999
v 2.4 1.3 0.0999999
v 2.4 1.5 0.0999999
v 2.4 1.6 0.0999999
v 2.4 1.7 0.0999999
v 2.4 1.8 0.0999999
v 2.5 0.6 0.0999999
v 2.5 0.7 0.0999999
v 2.5 0.8 0.0999999
v 2.5 0.9 0.0999999
v 2.5 1 0.0999999
v 2.5 1.1 0.0999999
v 2.5 1.2 0.0999999
v 2.5 1.3 0.0999999
v 2.5 1.4 0.0999999
v 2.5 1.5 0.0999999
v 2.5 1.6 0.0999999
v 2.5 1.7 0.0999999
v 2.6 0.7 0.0999999
v 2.6 0.8 0.0999999
v 2.6 0.9 0.0999999
v 2.6 1 0.0999999
v 2.6 1.1 0.0999999
v 2.6 1.2 0.0999999
v 2.6 1.3 0.0999999
v 2.6 1.4 0.0999999
v 2.6 1.5 0.0999999
v 2.6 1.6 0.0999999
v 2.6 1.7 0.0999999
v 2.6 1.8 0.0999999
v 2.7 0.9 0.0999999
v 2.7 1 0.0999999
v 2.7 1.3 0.0999999
v 2.7 1.4 0.0999999
v 2.7 1.5 0.0999999
v 2.7 1.7 0.0999999
v 2.7 1.8 0.0999999
v -0.6 0.8 0
v -0.6 0.9 0
v -0.5 0.6 0
v -0.5 0.7 0
v -0.5 0.8 0
v -0.4 0.8 0
v -0.4 0.9 0
v -0.3 0.4 0
v -0.3 0.5 0
v -0.3 0.6 0
v -0.3 0.7 0
v -0.2 0.7 0
v -0.2 0.8 0
v -0.0999999 0.4 0
v -0.0999999 0.5 0
v 0 0.6 0
v 0 0.7 0
v 0 0.8 0
v 0.1 0.6 0
v 0.1 0.7 0
v 0.3 0.7 0
v 0.3 0.8 0
v 0.6 0.6 0
v 0.7 0.6 0
v 1.1 0.6 0
v 1.1 0.7 0
v 2.9 0.5 0
v 2.9 0.6 0
v 3 0.5 0
v 3 0.6 0
v -0.8 0.8 -0.1
v -0.8 0.9 -0.1
v -0.7 0.6 -0.1
v -0.7 0.8 -0.1
v -0.6 0.8 -0.1
v -0.6 0.9 -0.1
v -0.6 1 -0.1
v -0.5 0.6 -0.1
v -0.5 0.7 -0.1
v -0.5 0.8 -0.1
v -0.4 0.8 -0.1
v -0.4 0.9 -0.1
v -0.4 1 -0.1
v -0.3 0.8 -0.1
v -0.3 0.9 -0.1
v -0.0999999 0.4 -0.1
v -0.0999999 0.5 -0.1
v 0.1 0.4 -0.1
v 0.1 0.5 -0.1
v 0.3 0.7 -0.1
v 0.3 0.8 -0.1
v 0.4 0.7 -0.1
v 0.4 0.8 -0.1
v 0.5 0.4 -0.1
v 0.5 0.5 -0.1
v 0.6 0.5 -0.1
v 0.6 0.6 -0.1
v 0.7 0.4 -0.1
v 0.7 0.5 -0.1
v 0.7 0.6 -0.1
v 1.1 0.7 -0.1
v 1.1 0.8 -0.1
v 1.2 0.7 -0.1
v 1.2 0.8 -0.1
v -0.8 0.6 -0.2
v -0.8 0.8 -0.2
v -0.7 0.6 -0.2
v -0.7 0.8 -0.2
v -0.7 0.9 -0.2
v -0.7 1 -0.2
v -0.6 0.9 -0.2
v -0.6 1 -0.2
v 0.1 0.4 -0.2
v 0.1 0.5 -0.2
v 0.2 0.4 -0.2
v 0.2 0.5 -0.2
v 2.7 0.7 -0.2
v 2.7 0.8 -0.2
v 2.9 0.7 -0.2
v 2.9 0.8 -0.2
v -2 0.7 -0.3
v -2 0.8 -0.3
v -1.9 0.7 -0.3
v -1.9 0.8 -0.3
v -0.0999999 0.7 -0.3
v -0.0999999 0.8 -0.3
v -0.0999999 0.9 -0.3
v -0.0999999 1 -0.3
v -0.0999999 1.1 -0.3
v 0 0.6 -0.3
v 0 0.7 -0.3
v 0 0.8 -0.3
v 0 0.9 -0.3
v 0 1 -0.3
v 0 1.1 -0.3
v 0.1 0.6 -0.3
v 0.1 0.8 -0.3
v 0.2 0.4 -0.3
v 0.2 0.5 -0.3
v 0.2 0.8 -0.3
v 0.2 0.9 -0.3
v 0.2 1 -0.3
v 0.2 1.1 -0.3
v 0.3 1 -0.3
v 0.3 1.1 -0.3
v 0.4 0.4 -0.3
v 0.4 0.5 -0.3
v 0.4 0.7 -0.3
v 0.4 0.8 -0.3
v 0.4 0.9 -0.3
v 0.4 1 -0.3
v 0.5 0.4 -0.3
v 0.5 0.5 -0.3
v 0.6 0.6 -0.3
v 0.6 0.7 -0.3
v 0.6 0.9 -0.3
v 0.6 1 -0.3
v 0.7 0.6 -0.3
v 0.7 0.8 -0.3
v 0.7 0.9 -0.3
v 0.7 1 -0.3
v 0.7 1.1 -0.3
v 0.8 0.6 -0.3
v 0.8 0.7 -0.3
v 0.8 0.8 -0.3
v 0.8 0.9 -0.3
v 0.8 1 -0.3
v 0.8 1.1 -0.3
v 0.9 0.4 -0.3
v 0.9 0.5 -0.3
v 0.9 0.7 -0.3
v 0.9 0.8 -0.3
v 1 0.4 -0.3
v 1 0.5 -0.3
v 1 0.7 -0.3
v 1 0.8 -0.3
v 1 0.9 -0.3
v 1 1 -0.3
v 1 1.1 -0.3
v 1.1 0.4 -0.3
v 1.1 0.5 -0.3
v 1.1 0.7 -0.3
v 1.1 0.8 -0.3
v 1.1 0.9 -0.3
v 1.1 1 -0.3
v 1.1 1.1 -0.3
v 1.2 0.4 -0.3
v 1.2 0.5 -0.3
v 1.4 0.4 -0.3
v 1.4 0.5 -0.3
v 2.7 0.8 -0.3
v 2.7 0.9 -0.3
v 2.8 0.8 -0.3
v 2.8 0.9 -0.3
v 2.9 0.7 -0.3
v 2.9 0.8 -0.3
v 3 0.7 -0.3
v 3 0.8 -0.3
v -2.2 0.4 -0.4
v -2.2 0.5 -0.4
v -2.1 0.4 -0.4
v -2.1 0.5 -0.4
v -1.9 0.4 -0.4
v -1.9 0.5 -0.4
v -1.8 0.4 -0.4
v -1.8 0.5 -0.4
v 1.1 0.4 -0.4
v 1.1 0.5 -0.4
v 1.2 0.4 -0.4
v 1.2 0.5 -0.4
v 2.8 0.8 -0.4
v 2.8 0.9 -0.4
v 2.9 0.8 -0.4
v 2.9 0.9 -0.4
v -3 0.4 -0.5
v -3 0.9 -0.5
v -2.9 0.4 -0.5
v -2.9 0.5 -0.5
v -2.9 0.6 -0.5
v -2.9 0.8 -0.5
v -2.9 0.9 -0.5
v -2.1 0.4 -0.5
v -2.1 0.5 -0.5
v -1.9 0.4 -0.5
v -1.9 0.5 -0.5
v 2.9 0.8 -0.5
v 2.9 0.9 -0.5
v 3 0.8 -0.5
v 3 0.9 -0.5
v -1.1 0.6 -0.6
v -1.1 0.7 -0.6
v -1 0.6 -0.6
v -1 0.7 -0.6
v -0.5 0.7 -0.6
v -0.5 0.8 -0.6
v -0.4 0.7 -0.6
v -0.4 0.8 -0.6
v 1.1 0.6 -0.6
v 1.1 0.7 -0.6
v 1.2 0.6 -0.6
v 1.2 0.7 -0.6
v -1.2 0.6 -0.7
v -1.2 0.7 -0.7
v -1.1 0.6 -0.7
v -1.1 0.7 -0.7
v 1.1 0.5 -0.7
v 1.1 0.6 -0.7
v 1.2 0.6 -0.7
v 1.2 0.7 -0.7
v 1.3 0.6 -0.7
v 1.3 0.7 -0.7
v 1.4 0.5 -0.7
v 1.4 0.6 -0.7
v -1.3 0.5 -0.8
v -1.3 0.6 -0.8
v -1.2 0.5 -0.8
v -1.2 0.6 -0.8
v -2.9 0.4 -0.9
v -2.9 0.9 -0.9
v -2.8 0.4 -0.9
v -2.8 0.9 -0.9
v -2.6 0.8 -0.9
v -2.6 0.9 -0.9
v -2.6 1 -0.9
v -2.6 1.1 -0.9
v -2.6 1.2 -0.9
v -2.6 1.3 -0.9
v -2.5 0.8 -0.9
v -2.5 0.9 -0.9
v -2.5 1 -0.9
v -2.5 1.1 -0.9
v -2.5 1.2 -0.9
v -2.5 1.3 -0.9
v -2.4 0.9 -0.9
v -2.4 1 -0.9
v -2.4 1.1 -0.9
v -2.4 1.2 -0.9
v -2.4 1.3 -0.9
v -2.3 0.9 -0.9
v -2.3 1 -0.9
v -2.3 1.1 -0.9
v -2.3 1.2 -0.9
v -2.3 1.3 -0.9
v -2.2 0.8 -0.9
v -2.2 0.9 -0.9
v -2.2 1 -0.9
v -2.2 1.1 -0.9
v -2.2 1.2 -0.9
v -2.2 1.3 -0.9
v -2.1 0.8 -0.9
v -2.1 0.9 -0.9
v -2.1 1 -0.9
v -2.1 1.1 -0.9
v -2.1 1.2 -0.9
v -2.1 1.3 -0.9
v -1.4 0.5 -0.9
v -1.4 0.6 -0.9
v -1.3 0.5 -0.9
v -1.3 0.6 -0.9
v -0.4 0.7 -0.9
v -0.4 0.8 -0.9
v -0.2 0.7 -0.9
v -0.2 0.8 -0.9
v 2.8 0.4 -0.9
v 2.8 0.5 -0.9
v 2.8 0.8 -0.9
v 2.8 0.9 -0.9
v 2.9 0.4 -0.9
v 2.9 0.5 -0.9
v 2.9 0.8 -0.9
v 2.9 0.9 -0.9
v -0.5 0.7 -1
v -0.5 0.8 -1
v -0.4 0.7 -1
v -0.4 0.8 -1
v -0.2 0.7 -1
v -0.2 0.8 -1
v -0.0999999 0.7 -1
v -0.0999999 0.8 -1
v 2.7 0.4 -1
v 2.7 0.5 -1
v 2.8 0.4 -1
v 2.8 0.5 -1
v -2.6 0.4 -1.1
v -2.6 0.5 -1.1
v -2.2 0.4 -1.1
v -2.2 0.5 -1.1
v -1.9 0.5 -1.1
v -1.9 0.6 -1.1
v -1.9 0.7 -1.1
v -1.9 0.8 -1.1
v -1.9 1.1 -1.1
v -1.9 1.2 -1.1
v -1.9 1.3 -1.1
v -1.9 1.5 -1.1
v -1.9 1.6 -1.1
v -1.8 0.5 -1.1
v -1.8 0.6 -1.1
v -1.8 0.7 -1.1
v -1.8 0.8 -1.1
v -1.8 0.9 -1.1
v -1.8 1 -1.1
v -1.8 1.1 -1.1
v -1.8 1.2 -1.1
v -1.8 1.3 -1.1
v -1.8 1.4 -1.1
v -1.8 1.5 -1.1
v -1.8 1.6 -1.1
v -1.7 0.6 -1.1
v -1.7 0.7 -1.1
v -1.7 0.8 -1.1
v -1.7 0.9 -1.1
v -1.7 1 -1.1
v -1.7 1.1 -1.1
v -1.7 1.2 -1.1
v -1.7 1.3 -1.1
v -1.7 1.4 -1.1
v -1.7 1.5 -1.1
v -1.6 0.5 -1.1
v -1.6 0.6 -1.1
v -1.6 0.7 -1.1
v -1.6 0.8 -1.1
v -1.6 1.1 -1.1
v -1.6 1.2 -1.1
v -1.6 1.3 -1.1
v -1.6 1.4 -1.1
v -1.6 1.5 -1.1
v -1.6 1.6 -1.1
v -1.5 0.6 -1.1
v -1.5 0.7 -1.1
v -1.5 0.8 -1.1
v -1.5 1.1 -1.1
v -1.5 1.2 -1.1
v -1.5 1.3 -1.1
v -1.5 1.4 -1.1
v -1.5 1.5 -1.1
v -1.5 1.6 -1.1
v -1.4 0.5 -1.1
v -1.4 0.6 -1.1
v -1.4 0.8 -1.1
v -1.4 1 -1.1
v -1.4 1.3 -1.1
v -1.4 1.4 -1.1
v -1.3 0.7 -1.1
v -1.3 0.8 -1.1
v -1.3 0.9 -1.1
v -1.3 1 -1.1
v -1.3 1.1 -1.1
v -1.3 1.2 -1.1
v -1.3 1.4 -1.1
v -1.3 1.5 -1.1
v -1.3 1.6 -1.1
v -1.2 0.7 -1.1
v -1.2 0.8 -1.1
v -1.2 0.9 -1.1
v -1.2 1 -1.1
v -1.2 1.1 -1.1
v -1.2 1.2 -1.1
v -1.2 1.4 -1.1
v -1.2 1.5 -1.1
v -1.2 1.6 -1.1
v -1.1 0.9 -1.1
v -1.1 1 -1.1
v -1.1 1.3 -1.1
v -1.1 1.4 -1.1
v -1 0.6 -1.1
v -1 0.7 -1.1
v -1 0.8 -1.1
v -1 1.1 -1.1
v -1 1.3 -1.1
v -1 1.4 -1.1
v -1 1.5 -1.1
v -1 1.6 -1.1
v -0.9 0.7 -1.1
v -0.9 0.8 -1.1
v -0.9 1.1 -1.1
v -0.9 1.3 -1.1
v -0.9 1.4 -1.1
v -0.9 1.5 -1.1
v -0.9 1.6 -1.1
v -0.8 0.8 -1.1
v -0.8 0.9 -1.1
v -0.8 1 -1.1
v -0.8 1.1 -1.1
v -0.8 1.2 -1.1
v -0.8 1.3 -1.1
v -0.8 1.4 -1.1
v -0.8 1.5 -1.1
v -0.7 0.7 -1.1
v -0.7 0.8 -1.1
v -0.7 0.9 -1.1
v -0.7 1 -1.1
v -0.7 1.1 -1.1
v -0.7 1.2 -1.1
v -0.7 1.3 -1.1
v -0.7 1.4 -1.1
v -0.7 1.5 -1.1
v -0.7 1.6 -1.1
v -0.6 0.7 -1.1
v -0.6 0.8 -1.1
v -0.6 1.1 -1.1
v -0.6 1.2 -1.1
v -0.6 1.3 -1.1
v -0.6 1.5 -1.1
v -0.6 1.6 -1.1
v -0.5 0.7 -1.1
v -0.5 0.8 -1.1
v -0.5 0.9 -1.1
v -0.2 0.8 -1.1
v -0.2 0.9 -1.1
v -2.8 0.4 -1.2
v -2.8 0.9 -1.2
v -2.7 0.4 -1.2
v -2.7 0.5 -1.2
v -2.7 0.9 -1.2
v -2.6 0.4 -1.2
v -2.6 0.5 -1.2
v -2.6 0.6 -1.2
v -2.4 0.5 -1.2
v -2.4 0.6 -1.2
v -2.2 0.4 -1.2
v -2.2 0.5 -1.2
v -2.1 0.4 -1.2
v -2.1 0.5 -1.2
v 1.3 0.5 -1.2
v 1.3 0.6 -1.2
v 1.4 0.5 -1.2
v 1.4 0.6 -1.2
v 2.7 0.5 -1.2
v 2.7 0.6 -1.2
v 2.7 0.8 -1.2
v 2.7 0.9 -1.2
v 2.8 0.5 -1.2
v 2.8 0.6 -1.2
v 2.8 0.8 -1.2
v 2.8 0.9 -1.2
v -2.7 0.5 -1.3
v -2.7 0.6 -1.3
v -2.6 0.5 -1.3
v -2.6 0.6 -1.3
v -2.4 0.5 -1.3
v -2.4 0.6 -1.3
v -2.3 0.5 -1.3
v -2.3 0.6 -1.3
v -2.1 0.4 -1.3
v -2.1 0.5 -1.3
v -2 0.4 -1.3
v -2 0.5 -1.3
v -0.6 0.8 -1.3
v -0.6 0.9 -1.3
v -0.6 1 -1.3
v -0.5 0.8 -1.3
v -0.5 0.9 -1.3
v -0.3 0.9 -1.3
v -0.3 1 -1.3
v 1.7 0.6 -1.3
v 1.7 0.7 -1.3
v 1.8 0.6 -1.3
v 1.8 0.7 -1.3
v -2.7 0.6 -1.4
v -2.7 0.9 -1.4
v -2.6 0.6 -1.4
v -2.6 0.7 -1.4
v -2.6 0.8 -1.4
v -2.6 0.9 -1.4
v -2.3 0.5 -1.4
v -2.3 0.6 -1.4
v -2.3 0.7 -1.4
v -2.2 0.5 -1.4
v -2.2 0.6 -1.4
v -2.3 0.6 -1.5
v -2.3 0.7 -1.5
v -2.2 0.5 -1.5
v -2.2 0.6 -1.5
v -2.2 0.7 -1.5
v -2.1 0.5 -1.5
v -2.1 0.6 -1.5
v -0.3 0.8 -1.5
v -0.3 0.9 -1.5
v -0.3 1 -1.5
v -0.2 0.7 -1.5
v -0.2 0.8 -1.5
v -0.2 0.9 -1.5
v -0.2 1 -1.5
v -0.0999999 0.7 -1.5
v -0.0999999 0.8 -1.5
v 1.4 0.7 -1.5
v 1.4 0.8 -1.5
v 1.4 0.9 -1.5
v 1.4 1 -1.5
v 1.4 1.1 -1.5
v 1.4 1.2 -1.5
v 1.4 1.3 -1.5
v 1.4 1.4 -1.5
v 1.5 0.7 -1.5
v 1.5 0.8 -1.5
v 1.5 0.9 -1.5
v 1.5 1 -1.5
v 1.5 1.1 -1.5
v 1.5 1.2 -1.5
v 1.5 1.3 -1.5
v 1.5 1.4 -1.5
v 1.6 0.7 -1.5
v 1.6 0.8 -1.5
v 1.6 0.9 -1.5
v 1.6 1 -1.5
v 1.6 1.1 -1.5
v 1.6 1.2 -1.5
v 1.6 1.3 -1.5
v 1.6 1.4 -1.5
v 1.8 0.7 -1.5
v 1.8 0.8 -1.5
v 1.9 0.7 -1.5
v 1.9 0.8 -1.5
v 1.9 1 -1.5
v 1.9 1.1 -1.5
v 1.9 1.3 -1.5
v 1.9 1.4 -1.5
v 2 0.7 -1.5
v 2 0.8 -1.5
v 2 0.9 -1.5
v 2 1 -1.5
v 2 1.1 -1.5
v 2 1.2 -1.5
v 2 1.3 -1.5
v 2 1.4 -1.5
v 2.1 0.8 -1.5
v 2.1 0.9 -1.5
v 2.1 1 -1.5
v 2.1 1.1 -1.5
v 2.1 1.2 -1.5
v 2.1 1.3 -1.5
v 2.1 1.4 -1.5
v 2.2 0.8 -1.5
v 2.2 0.9 -1.5
v -2.6 0.7 -1.6
v -2.6 0.9 -1.6
v -2.5 0.7 -1.6
v -2.5 0.9 -1.6
v -2 0.4 -1.6
v -2 0.5 -1.6
v -1.9 0.4 -1.6
v -1.9 0.5 -1.6
v -0.2 0.8 -1.6
v -0.2 0.9 -1.6
v -0.2 1 -1.6
v -0.0999999 0.7 -1.6
v -0.0999999 0.8 -1.6
v -0.0999999 0.9 -1.6
v -0.0999999 1 -1.6
v 0.1 0.4 -1.6
v 0.1 0.5 -1.6
v 0.2 0.4 -1.6
v 0.2 0.5 -1.6
v 0.2 0.7 -1.6
v 0.2 0.8 -1.6
v 1.2 0.6 -1.6
v 1.2 0.7 -1.6
v 1.4 0.7 -1.6
v 1.5 0.6 -1.6
v 1.5 0.7 -1.6
v 1.6 0.6 -1.6
v 1.6 0.7 -1.6
v -2.5 0.7 -1.7
v -2.5 0.9 -1.7
v -2.4 0.7 -1.7
v -2.4 0.9 -1.7
v -2.1 0.5 -1.7
v -2.1 0.6 -1.7
v -2 0.5 -1.7
v -2 0.6 -1.7
v 0 0.4 -1.7
v 0 0.5 -1.7
v 0.1 0.4 -1.7
v 0.1 0.5 -1.7
v 1 0.6 -1.7
v 1 0.7 -1.7
v 1.1 0.6 -1.7
v 1.2 0.6 -1.7
v 1.2 0.7 -1.7
v 1.2 0.8 -1.7
v 1.4 0.7 -1.7
v 1.4 0.8 -1.7
v 1.6 0.6 -1.7
v 1.6 0.7 -1.7
v 1.7 0.6 -1.7
v 1.7 0.7 -1.7
v -0.0999999 0.4 -1.8
v -0.0999999 0.5 -1.8
v 0 0.4 -1.8
v 0 0.5 -1.8
v 0.5 0.5 -1.8
v 0.5 0.6 -1.8
v 0.6 0.7 -1.8
v 0.6 0.8 -1.8
v 0.6 0.9 -1.8
v 0.6 1 -1.8
v 0.6 1.1 -1.8
v 0.6 1.2 -1.8
v 0.7 0.5 -1.8
v 0.7 0.6 -1.8
v 0.7 0.7 -1.8
v 0.7 0.8 -1.8
v 0.7 0.9 -1.8
v 0.7 1 -1.8
v 0.7 1.1 -1.8
v 0.7 1.2 -1.8
v 0.8 0.7 -1.8
v 0.8 0.8 -1.8
v 0.8 0.9 -1.8
v 0.8 1 -1.8
v 0.8 1.1 -1.8
v 0.8 1.2 -1.8
v 0.9 0.6 -1.8
v 0.9 0.7 -1.8
v 0.9 0.8 -1.8
v 0.9 0.9 -1.8
v 0.9 1 -1.8
v 0.9 1.1 -1.8
v 0.9 1.2 -1.8
v 1 0.6 -1.8
v 1 0.7 -1.8
v 1 0.8 -1.8
v 1 0.9 -1.8
v 1 1 -1.8
v 1 1.1 -1.8
v 1 1.2 -1.8
v 1.1 0.5 -1.8
v 1.1 0.6 -1.8
v 1.1 0.7 -1.8
v 1.1 0.8 -1.8
v 1.1 0.9 -1.8
v 1.1 1 -1.8
v 1.1 1.1 -1.8
v 1.1 1.2 -1.8
v 1.2 0.7 -1.8
v 1.2 0.8 -1.8
v 1.3 0.5 -1.8
v 1.3 0.6 -1.8
v -2.4 0.7 -1.9
v -2.4 0.9 -1.9
v -2.3 0.7 -1.9
v -2.3 0.9 -1.9
v -0.5 0.4 -1.9
v -0.5 0.5 -1.9
v -0.5 0.9 -1.9
v -0.5 1 -1.9
v -0.5 1.1 -1.9
v -0.5 1.2 -1.9
v -0.5 1.3 -1.9
v -0.4 0.4 -1.9
v -0.4 0.5 -1.9
v -0.4 0.9 -1.9
v -0.4 1 -1.9
v -0.4 1.1 -1.9
v -0.4 1.2 -1.9
v -0.4 1.3 -1.9
v -0.3 0.4 -1.9
v -0.3 0.5 -1.9
v -0.3 0.9 -1.9
v -0.3 1 -1.9
v -0.3 1.1 -1.9
v -0.3 1.2 -1.9
v -0.3 1.3 -1.9
v -0.2 0.4 -1.9
v -0.2 0.5 -1.9
v -0.2 0.8 -1.9
v -0.2 0.9 -1.9
v -0.2 1 -1.9
v -0.2 1.1 -1.9
v -0.2 1.2 -1.9
v -0.2 1.3 -1.9
v -0.0999999 0.4 -1.9
v -0.0999999 0.5 -1.9
v -0.0999999 0.9 -1.9
v -0.0999999 1 -1.9
v -0.0999999 1.1 -1.9
v -0.0999999 1.2 -1.9
v 0.1 0.7 -1.9
v 0.1 0.8 -1.9
v 0.1 0.9 -1.9
v 0.1 1 -1.9
v 0.1 1.1 -1.9
v 0.1 1.2 -1.9
v 0.2 0.6 -1.9
v 0.2 0.7 -1.9
v 0.2 0.9 -1.9
v 0.2 1.1 -1.9
v 0.2 1.2 -1.9
v 0.2 1.3 -1.9
v 0.3 0.5 -1.9
v 0.3 0.6 -1.9
v 0.3 0.7 -1.9
v 0.3 0.9 -1.9
v 0.3 1 -1.9
v 0.3 1.1 -1.9
v 0.3 1.2 -1.9
v 0.3 1.3 -1.9
v 0.4 0.5 -1.9
v 0.4 0.6 -1.9
v 0.4 0.7 -1.9
v 0.4 0.9 -1.9
v 0.4 1 -1.9
v 0.4 1.1 -1.9
v 0.4 1.2 -1.9
v 0.4 1.3 -1.9
v 0.5 0.5 -1.9
v 0.5 0.6 -1.9
v 0.5 0.7 -1.9
v 0.5 0.9 -1.9
v 0.5 1 -1.9
v 0.5 1.1 -1.9
v 0.5 1.2 -1.9
v 0.5 1.3 -1.9
v 1.2 0.8 -1.9
v 1.2 0.9 -1.9
v 1.3 0.5 -1.9
v 1.3 0.6 -1.9
v 1.4 0.5 -1.9
v 1.4 0.6 -1.9
v 1.4 0.8 -1.9
v 1.4 0.9 -1.9
v 2.3 0.8 -1.9
v 2.3 0.9 -1.9
v 2.4 0.8 -1.9
v 2.4 0.9 -1.9
v -2.3 0.6 -2
v -2.3 0.9 -2
v -2.2 0.6 -2
v -2.2 0.9 -2
v 0.8 0.6 -2
v 0.8 0.7 -2
v 0.9 0.6 -2
v 0.9 0.7 -2
v 2.2 0.8 -2
v 2.2 0.9 -2
v 2.3 0.8 -2
v 2.3 0.9 -2
v -2.2 0.5 -2.1
v -2.2 0.9 -2.1
v -2.1 0.5 -2.1
v -2.1 0.9 -2.1
v -0.6 0.4 -2.1
v -0.6 0.5 -2.1
v -0.5 0.4 -2.1
v -0.5 0.5 -2.1
v 1.4 0.5 -2.1
v 1.4 0.6 -2.1
v 1.5 0.5 -2.1
v 1.5 0.6 -2.1
v 2.1 0.5 -2.1
v 2.1 0.6 -2.1
v 2.1 0.7 -2.1
v 2.1 0.8 -2.1
v 2.1 0.9 -2.1
v 2.2 0.5 -2.1
v 2.2 0.6 -2.1
v 2.2 0.7 -2.1
v 2.2 0.9 -2.1
v -2.1 0.5 -2.2
v -2.1 0.9 -2.2
v -2 0.5 -2.2
v -2 0.9 -2.2
v 0.5 0.6 -2.2
v 0.5 0.7 -2.2
v 0.6 0.7 -2.2
v 0.7 0.7 -2.2
v 0.8 0.6 -2.2
v 0.8 0.7 -2.2
v 1.1 0.8 -2.2
v 1.1 0.9 -2.2
v 1.2 0.8 -2.2
v 1.2 0.9 -2.2
v 2 0.5 -2.2
v 2 0.6 -2.2
v 2 0.7 -2.2
v 2.1 0.5 -2.2
v 2.1 0.7 -2.2
v -2 0.4 -2.3
v -2 0.9 -2.3
v -1.9 0.4 -2.3
v -1.9 0.6 -2.3
v -1.9 0.8 -2.3
v -1.9 0.9 -2.3
v 1.1 0.7 -2.3
v 1.1 0.8 -2.3
v 1.2 0.7 -2.3
v 1.2 0.8 -2.3
v 1.5 0.8 -2.3
v 1.5 0.9 -2.3
v 1.6 0.8 -2.3
v 1.6 0.9 -2.3
v 1.9 0.4 -2.3
v 1.9 0.6 -2.3
v 1.9 0.8 -2.3
v 1.9 0.9 -2.3
v 2 0.4 -2.3
v 2 0.6 -2.3
v 2 0.8 -2.3
v 2 0.9 -2.3
v -0.6 0.4 -2.4
v -0.6 0.5 -2.4
v -0.5 0.4 -2.4
v -0.5 0.5 -2.4
v 0.9 0.7 -2.4
v 0.9 0.8 -2.4
v 1 0.8 -2.4
v 1.1 0.7 -2.4
v 1.1 0.8 -2.4
v 1.7 0.4 -2.4
v 1.7 0.6 -2.4
v 1.7 0.8 -2.4
v 1.7 0.9 -2.4
v 1.9 0.4 -2.4
v 1.9 0.6 -2.4
v 1.9 0.8 -2.4
v 1.9 0.9 -2.4
v -1.7 0.4 -2.5
v -1.7 0.9 -2.5
v -1.6 0.4 -2.5
v -1.6 0.5 -2.5
v -1.6 0.9 -2.5
v -1.1 0.5 -2.5
v -1.1 0.6 -2.5
v -1 0.5 -2.5
v -1 0.6 -2.5
v 0.7 0.6 -2.5
v 0.7 0.7 -2.5
v 0.8 0.7 -2.5
v 0.8 0.8 -2.5
v 0.9 0.6 -2.5
v 0.9 0.7 -2.5
v 0.9 0.8 -2.5
v 1.6 0.4 -2.5
v 1.6 0.6 -2.5
v 1.6 0.8 -2.5
v 1.6 0.9 -2.5
v 1.7 0.4 -2.5
v 1.7 0.6 -2.5
v 1.7 0.8 -2.5
v 1.7 0.9 -2.5
v -1.6 0.5 -2.6
v -1.6 0.9 -2.6
v -1.4 0.5 -2.6
v -1.4 0.9 -2.6
v 1.4 0.4 -2.6
v 1.4 0.5 -2.6
v 1.4 0.6 -2.6
v 1.5 0.8 -2.6
v 1.5 0.9 -2.6
v 1.6 0.4 -2.6
v 1.6 0.6 -2.6
v 1.6 0.8 -2.6
v 1.6 0.9 -2.6
v -1.4 0.5 -2.7
v -1.4 0.9 -2.7
v -1.2 0.5 -2.7
v -1.2 0.9 -2.7
v 1.2 0.4 -2.7
v 1.2 0.5 -2.7
v 1.4 0.4 -2.7
v 1.4 0.5 -2.7
v -1.2 0.5 -2.8
v -1.2 0.9 -2.8
v -0.9 0.5 -2.8
v -0.9 0.9 -2.8
v 0.9 0.4 -2.8
v 0.9 0.5 -2.8
v 0.9 0.8 -2.8
v 0.9 0.9 -2.8
v 1.2 0.4 -2.8
v 1.2 0.5 -2.8
v 1.2 0.8 -2.8
v 1.2 0.9 -2.8
v -0.9 0.5 -2.9
v -0.9 0.9 -2.9
v -0.7 0.4 -2.9
v -0.7 0.5 -2.9
v -0.5 0.4 -2.9
v -0.5 0.5 -2.9
v -0.5 0.6 -2.9
v -0.5 0.7 -2.9
v -0.5 0.9 -2.9
v 0.5 0.5 -2.9
v 0.5 0.6 -2.9
v 0.5 0.7 -2.9
v 0.5 0.9 -2.9
v 0.7 0.5 -2.9
v 0.7 0.6 -2.9
v 0.7 0.7 -2.9
v 0.8 0.4 -2.9
v 0.8 0.5 -2.9
v 0.9 0.4 -2.9
v 0.9 0.5 -2.9
v 0.9 0.7 -2.9
v 0.9 0.9 -2.9
v -0.5 0.3 -3
v -0.5 0.9 -3
v 0.5 0.3 -3
v 0.5 0.9 -3
v -0.5 0.5 3
v -0.5 0.9 3
v -0.4 0.5 3
v -0.4 0.6 3
v -0.2 0.5 3
v -0.2 0.6 3
v 0.5 0.5 3
v 0.5 0.9 3
v -0.9 0.5 2.9
v -0.9 0.9 2.9
v -0.7 0.5 2.9
v -0.7 0.6 2.9
v -0.6 0.6 2.9
v -0.6 0.7 2.9
v -0.5 0.7 2.9
v -0.5 0.9 2.9
v 0.5 0.5 2.9
v 0.5 0.9 2.9
v 0.7 0.4 2.9
v 0.7 0.5 2.9
v 0.9 0.4 2.9
v 0.9 0.9 2.9
v -1.2 0.4 2.8
v -1.2 0.5 2.8
v -1.2 0.6 2.8
v -1.2 0.9 2.8
v -1.1 0.4 2.8
v -1.1 0.5 2.8
v -0.9 0.6 2.8
v -0.9 0.9 2.8
v 0.9 0.4 2.8
v 0.9 0.9 2.8
v 1.2 0.4 2.8
v 1.2 0.9 2.8
v -1.4 0.5 2.7
v -1.4 0.9 2.7
v -1.3 0.5 2.7
v -1.3 0.6 2.7
v -1.2 0.6 2.7
v -1.2 0.9 2.7
v -0.2 0.6 2.7
v -0.2 0.7 2.7
v -0.0999999 0.6 2.7
v -0.0999999 0.7 2.7
v 1.2 0.4 2.7
v 1.2 0.9 2.7
v 1.4 0.4 2.7
v 1.4 0.9 2.7
v -1.6 0.5 2.6
v -1.6 0.9 2.6
v -1.4 0.5 2.6
v -1.4 0.7 2.6
v -1.4 0.9 2.6
v 1.4 0.4 2.6
v 1.4 0.9 2.6
v 1.6 0.4 2.6
v 1.6 0.9 2.6
v -1.7 0.6 2.5
v -1.7 0.9 2.5
v -1.6 0.6 2.5
v -1.6 0.9 2.5
v 0.2 0.6 2.5
v 0.2 0.7 2.5
v 0.4 0.6 2.5
v 0.4 0.7 2.5
v 0.5 0.6 2.5
v 0.5 0.7 2.5
v 1.6 0.4 2.5
v 1.6 0.6 2.5
v 1.7 0.4 2.5
v 1.7 0.6 2.5
v -1.9 0.4 2.4
v -1.9 0.9 2.4
v -1.8 0.4 2.4
v -1.8 0.5 2.4
v -1.8 0.6 2.4
v -1.7 0.6 2.4
v -1.7 0.9 2.4
v 1.7 0.5 2.4
v 1.7 0.6 2.4
v 1.7 0.7 2.4
v 1.7 0.8 2.4
v 1.7 0.9 2.4
v 1.9 0.5 2.4
v 1.9 0.9 2.4
v -2 0.4 2.3
v -2 0.9 2.3
v -1.9 0.4 2.3
v -1.9 0.5 2.3
v -1.9 0.9 2.3
v 1.9 0.5 2.3
v 1.9 0.9 2.3
v 2 0.5 2.3
v 2 0.9 2.3
v -2.1 0.4 2.2
v -2.1 0.9 2.2
v -2 0.4 2.2
v -2 0.9 2.2
v -1.6 0.7 2.2
v -1.6 0.8 2.2
v -1.4 0.7 2.2
v -1.3 0.7 2.2
v -1.3 0.8 2.2
v 2 0.5 2.2
v 2 0.9 2.2
v 2.1 0.5 2.2
v 2.1 0.9 2.2
v -2.2 0.4 2.1
v -2.2 0.9 2.1
v -2.1 0.4 2.1
v -2.1 0.9 2.1
v -1.8 0.5 2.1
v -1.8 0.6 2.1
v -1.7 0.5 2.1
v -1.7 0.6 2.1
v -1.6 0.6 2.1
v -1.6 0.7 2.1
v -1.5 0.5 2.1
v -1.5 0.6 2.1
v -1.4 0.5 2.1
v -1.4 0.6 2.1
v -1.4 0.7 2.1
v -1.3 0.6 2.1
v -1.3 0.7 2.1
v -1.3 0.8 2.1
v -1.1 0.7 2.1
v -1.1 0.8 2.1
v 1.7 0.4 2.1
v 1.7 0.5 2.1
v 1.8 0.4 2.1
v 1.8 0.5 2.1
v 2.1 0.4 2.1
v 2.1 0.5 2.1
v 2.1 0.6 2.1
v 2.1 0.7 2.1
v 2.1 0.9 2.1
v 2.2 0.4 2.1
v 2.2 0.6 2.1
v 2.2 0.7 2.1
v 2.2 0.9 2.1
v -1.3 0.6 2
v -1.3 0.7 2
v -1.1 0.6 2
v -1.1 0.7 2
v 0.4 0.7 2
v 0.4 0.8 2
v 0.4 0.9 2
v 0.4 1 2
v 0.4 1.1 2
v 0.4 1.2 2
v 0.4 1.3 2
v 0.4 1.4 2
v 0.5 0.7 2
v 0.5 0.8 2
v 0.5 0.9 2
v 0.5 1 2
v 0.5 1.1 2
v 0.5 1.2 2
v 0.5 1.3 2
v 0.5 1.4 2
v 0.6 0.7 2
v 0.6 0.8 2
v 0.6 0.9 2
v 0.6 1 2
v 0.6 1.1 2
v 0.6 1.2 2
v 0.6 1.3 2
v 0.6 1.4 2
v 0.7 0.8 2
v 0.7 0.9 2
v 0.7 1.2 2
v 0.7 1.3 2
v 0.8 0.8 2
v 0.8 0.9 2
v 0.8 1.2 2
v 0.8 1.3 2
v 0.9 0.7 2
v 0.9 0.8 2
v 0.9 0.9 2
v 0.9 1 2
v 0.9 1.1 2
v 0.9 1.2 2
v 0.9 1.3 2
v 0.9 1.4 2
v 1 0.7 2
v 1 0.8 2
v 1 0.9 2
v 1 1 2
v 1 1.1 2
v 1 1.2 2
v 1 1.3 2
v 1 1.4 2
v 1.1 0.7 2
v 1.1 0.8 2
v 1.1 0.9 2
v 1.1 1 2
v 1.1 1.1 2
v 1.1 1.2 2
v 1.1 1.3 2
v 1.1 1.4 2
v 1.2 0.6 2
v 1.2 0.8 2
v 1.2 0.9 2
v 1.2 1 2
v 1.2 1.1 2
v 1.3 0.6 2
v 1.3 0.7 2
v 1.3 0.8 2
v 1.3 0.9 2
v 1.3 1 2
v 1.3 1.1 2
v 1.4 0.6 2
v 1.4 0.7 2
v 1.4 0.8 2
v 1.4 0.9 2
v 1.4 1 2
v 1.4 1.1 2
v 1.5 0.6 2
v 1.5 0.7 2
v 1.5 0.8 2
v 1.5 0.9 2
v 1.5 1 2
v 1.5 1.1 2
v 1.6 0.6 2
v 1.6 0.7 2
v 1.6 0.8 2
v 1.6 0.9 2
v 1.6 1 2
v 1.6 1.1 2
v 1.7 0.6 2
v 1.7 0.7 2
v 1.7 0.8 2
v 1.7 0.9 2
v 1.7 1 2
v 1.7 1.1 2
v 1.8 0.4 2
v 1.8 0.5 2
v 2 0.5 2
v 2.1 0.4 2
v 2.1 0.5 2
v 2.2 0.4 2
v 2.2 0.5 2
v 2.2 0.6 2
v 2.2 0.7 2
v 2.2 0.9 2
v 2.3 0.4 2
v 2.3 0.5 2
v 2.3 0.6 2
v 2.3 0.9 2
v -2.4 0.4 1.9
v -2.4 0.9 1.9
v -2.3 0.4 1.9
v -2.3 0.5 1.9
v -2.3 0.6 1.9
v -2.3 0.9 1.9
v -1.3 0.5 1.9
v -1.3 0.6 1.9
v -1.1 0.5 1.9
v -1.1 0.6 1.9
v 0.3 0.7 1.9
v 0.3 0.8 1.9
v 0.4 0.7 1.9
v 0.4 0.8 1.9
v -2.5 0.4 1.7
v -2.5 0.9 1.7
v -2.4 0.4 1.7
v -2.4 0.9 1.7
v 2.4 0.6 1.7
v 2.4 0.7 1.7
v 2.4 0.9 1.7
v 2.5 0.6 1.7
v 2.5 0.9 1.7
v -2.6 0.4 1.6
v -2.6 0.5 1.6
v -2.6 0.6 1.6
v -2.6 0.9 1.6
v -2.5 0.4 1.6
v -2.5 0.5 1.6
v -2.5 0.6 1.6
v -2.5 0.9 1.6
v 1.2 0.5 1.6
v 1.2 0.6 1.6
v 1.3 0.5 1.6
v 1.3 0.6 1.6
v 2.5 0.6 1.6
v 2.5 0.9 1.6
v 2.6 0.6 1.6
v 2.6 0.9 1.6
v -2.7 0.5 1.4
v -2.7 0.9 1.4
v -2.6 0.5 1.4
v -2.6 0.6 1.4
v -2.6 0.9 1.4
v 2.6 0.6 1.4
v 2.6 0.7 1.4
v 2.6 0.9 1.4
v 2.7 0.6 1.4
v 2.7 0.9 1.4
v -1.1 0.5 1.3
v -1.1 0.6 1.3
v -1.1 0.7 1.3
v -1.1 0.8 1.3
v -1.1 1.1 1.3
v -1.1 1.2 1.3
v -1.1 1.3 1.3
v -1.1 1.5 1.3
v -1.1 1.6 1.3
v -1 0.4 1.3
v -1 0.5 1.3
v -1 0.6 1.3
v -1 0.7 1.3
v -1 0.8 1.3
v -1 0.9 1.3
v -1 1 1.3
v -1 1.1 1.3
v -1 1.2 1.3
v -1 1.3 1.3
v -1 1.4 1.3
v -1 1.5 1.3
v -1 1.6 1.3
v -0.9 0.4 1.3
v -0.9 0.5 1.3
v -0.9 0.6 1.3
v -0.9 0.7 1.3
v -0.9 0.8 1.3
v -0.9 0.9 1.3
v -0.9 1 1.3
v -0.9 1.1 1.3
v -0.9 1.2 1.3
v -0.9 1.3 1.3
v -0.9 1.4 1.3
v -0.9 1.5 1.3
v -0.8 0.5 1.3
v -0.8 0.6 1.3
v -0.8 0.7 1.3
v -0.8 0.8 1.3
v -0.8 1.1 1.3
v -0.8 1.2 1.3
v -0.8 1.3 1.3
v -0.8 1.4 1.3
v -0.8 1.5 1.3
v -0.8 1.6 1.3
v -0.7 0.6 1.3
v -0.7 0.7 1.3
v -0.7 0.8 1.3
v -0.7 1.1 1.3
v -0.7 1.2 1.3
v -0.7 1.3 1.3
v -0.7 1.4 1.3
v -0.7 1.5 1.3
v -0.7 1.6 1.3
v -0.6 0.8 1.3
v -0.6 1.1 1.3
v -0.6 1.3 1.3
v -0.6 1.4 1.3
v -0.5 0.7 1.3
v -0.5 0.8 1.3
v -0.5 0.9 1.3
v -0.5 1 1.3
v -0.5 1.1 1.3
v -0.5 1.2 1.3
v -0.5 1.4 1.3
v -0.5 1.5 1.3
v -0.5 1.6 1.3
v -0.4 0.6 1.3
v -0.4 0.7 1.3
v -0.4 0.8 1.3
v -0.4 0.9 1.3
v -0.4 1 1.3
v -0.4 1.1 1.3
v -0.4 1.2 1.3
v -0.4 1.4 1.3
v -0.4 1.5 1.3
v -0.4 1.6 1.3
v -0.3 0.6 1.3
v -0.3 0.7 1.3
v -0.3 0.9 1.3
v -0.3 1 1.3
v -0.3 1.3 1.3
v -0.3 1.4 1.3
v -0.2 0.8 1.3
v -0.2 1.1 1.3
v -0.2 1.3 1.3
v -0.2 1.4 1.3
v -0.2 1.5 1.3
v -0.2 1.6 1.3
v -0.0999999 0.8 1.3
v -0.0999999 1.1 1.3
v -0.0999999 1.3 1.3
v -0.0999999 1.4 1.3
v -0.0999999 1.5 1.3
v -0.0999999 1.6 1.3
v 0 0.8 1.3
v 0 0.9 1.3
v 0 1 1.3
v 0 1.1 1.3
v 0 1.2 1.3
v 0 1.3 1.3
v 0 1.4 1.3
v 0 1.5 1.3
v 0.1 0.9 1.3
v 0.1 1 1.3
v 0.1 1.1 1.3
v 0.1 1.2 1.3
v 0.1 1.3 1.3
v 0.1 1.4 1.3
v 0.1 1.5 1.3
v 0.1 1.6 1.3
v 0.2 0.9 1.3
v 0.2 1.1 1.3
v 0.2 1.2 1.3
v 0.2 1.3 1.3
v 0.2 1.5 1.3
v 0.2 1.6 1.3
v 0.3 0.6 1.3
v 0.3 0.7 1.3
v 0.3 0.8 1.3
v 0.4 0.6 1.3
v 0.4 0.7 1.3
v 0.4 0.8 1.3
v -2.8 0.5 1.2
v -2.8 0.9 1.2
v -2.7 0.5 1.2
v -2.7 0.6 1.2
v -2.7 0.7 1.2
v -2.7 0.9 1.2
v 1.2 0.5 1.2
v 1.2 0.6 1.2
v 1.4 0.5 1.2
v 1.4 0.6 1.2
v 2.7 0.7 1.2
v 2.7 0.9 1.2
v 2.8 0.7 1.2
v 2.8 0.9 1.2
v -1.2 0.4 1.1
v -1.2 0.5 1.1
v -1.1 0.4 1.1
v -1.1 0.5 1.1
v -0.7 0.6 1.1
v -0.7 0.7 1.1
v -0.6 0.6 1.1
v -0.6 0.7 1.1
v -0.4 0.7 1.1
v -0.4 0.8 1.1
v -0.2 0.7 1.1
v 0 0.7 1.1
v 0 0.8 1.1
v 0 0.9 1.1
v 0.1 0.7 1.1
v 0.1 0.8 1.1
v 0.2 0.8 1.1
v 0.2 0.9 1.1
v -2.3 1 1
v -2.3 1.1 1
v -2.3 1.2 1
v -2.3 1.3 1
v -2.2 0.8 1
v -2.2 0.9 1
v -2.2 1 1
v -2.2 1.1 1
v -2.2 1.2 1
v -2.2 1.3 1
v -2.1 0.8 1
v -2.1 1 1
v -2.1 1.1 1
v -2.1 1.2 1
v -2.1 1.3 1
v -2 0.8 1
v -2 0.9 1
v -2 1 1
v -2 1.1 1
v -2 1.2 1
v -2 1.3 1
v -1.9 0.8 1
v -1.9 0.9 1
v -1.8 0.8 1
v -1.8 0.9 1
v -1.7 0.7 1
v -1.7 0.8 1
v -1.6 0.7 1
v -1.6 0.9 1
v -1.6 1.1 1
v -1.6 1.2 1
v -1.6 1.3 1
v -1.5 0.7 1
v -1.5 0.9 1
v -1.5 1 1
v -1.5 1.1 1
v -1.5 1.2 1
v -1.5 1.3 1
v -1.4 0.6 1
v -1.4 0.7 1
v -1.4 0.9 1
v -1.4 1 1
v -1.4 1.1 1
v -1.4 1.2 1
v -1.4 1.3 1
v -1.3 0.6 1
v -1.3 0.7 1
v -1.3 0.9 1
v -1.3 1 1
v -1.3 1.1 1
v -1.3 1.2 1
v -1.3 1.3 1
v -1.2 0.5 1
v -1.2 0.6 1
v -1 0.6 1
v -0.9 0.5 1
v -0.9 0.6 1
v -0.7 0.5 1
v -0.7 0.6 1
v -0.6 0.5 1
v -0.6 0.6 1
v -0.6 0.7 1
v -0.5 0.5 1
v -0.5 0.6 1
v -0.3 0.5 1
v -0.3 0.6 1
v -0.2 0.6 1
v -0.2 0.7 1
v 0 0.6 1
v 0 0.7 1
v 0.1 0.7 1
v 0.1 0.8 1
v 0.2 0.7 1
v 0.2 0.8 1
v 0.2 0.9 1
v 0.3 0.8 1
v 0.3 0.9 1
v -2.9 0.5 0.9
v -2.9 0.9 0.9
v -2.8 0.5 0.9
v -2.8 0.9 0.9
v -2.7 0.5 0.9
v -2.7 0.6 0.9
v -2.6 0.5 0.9
v -2.6 0.6 0.9
v -2.5 0.6 0.9
v -2.5 0.7 0.9
v -2.4 0.6 0.9
v -2.4 0.7 0.9
v -1 0.6 0.9
v -1 0.7 0.9
v -0.8 0.4 0.9
v -0.8 0.5 0.9
v -0.8 0.6 0.9
v -0.8 0.7 0.9
v -0.7 0.4 0.9
v -0.7 0.5 0.9
v -0.7 0.6 0.9
v 0 0.6 0.9
v 0 0.7 0.9
v 0.1 0.6 0.9
v 0.1 0.7 0.9
v 0.4 0.9 0.9
v 0.4 1 0.9
v 0.4 1.1 0.9
v 0.5 0.8 0.9
v 0.5 0.9 0.9
v 0.5 1 0.9
v 0.5 1.1 0.9
v 0.6 0.7 0.9
v 0.6 0.8 0.9
v 0.6 0.9 0.9
v 0.6 1 0.9
v 0.6 1.1 0.9
v 0.7 0.7 0.9
v 0.8 0.6 0.9
v 0.8 0.7 0.9
v 0.9 0.6 0.9
v 0.9 0.7 0.9
v 1 0.5 0.9
v 1 0.6 0.9
v 1 0.7 0.9
v 1 0.8 0.9
v 1 0.9 0.9
v 1 1 0.9
v 1 1.1 0.9
v 1.1 0.5 0.9
v 1.1 0.6 0.9
v 1.1 0.7 0.9
v 1.1 0.8 0.9
v 1.1 0.9 0.9
v 1.1 1 0.9
v 1.1 1.1 0.9
v 1.2 0.6 0.9
v 1.2 0.7 0.9
v 1.2 0.9 0.9
v 1.2 1 0.9
v 1.2 1.1 0.9
v 1.4 0.7 0.9
v 1.4 0.9 0.9
v 1.4 1 0.9
v 1.4 1.1 0.9
v 1.4 1.2 0.9
v 1.4 1.3 0.9
v 1.5 0.6 0.9
v 1.5 0.7 0.9
v 1.5 0.9 0.9
v 1.5 1 0.9
v 1.5 1.1 0.9
v 1.5 1.2 0.9
v 1.5 1.3 0.9
v 1.6 0.6 0.9
v 1.6 1 0.9
v 1.6 1.1 0.9
v 1.6 1.2 0.9
v 1.6 1.3 0.9
v 1.7 0.6 0.9
v 1.7 0.7 0.9
v 1.7 0.9 0.9
v 1.7 1 0.9
v 1.7 1.1 0.9
v 1.7 1.2 0.9
v 1.7 1.3 0.9
v 1.8 0.6 0.9
v 1.8 0.7 0.9
v 1.8 0.9 0.9
v 1.9 0.7 0.9
v 1.9 0.9 0.9
v 2 0.6 0.9
v 2 0.7 0.9
v 2.1 0.6 0.9
v 2.1 0.7 0.9
v 2.1 0.9 0.9
v 2.1 1.1 0.9
v 2.1 1.2 0.9
v 2.1 1.3 0.9
v 2.2 0.6 0.9
v 2.2 0.7 0.9
v 2.2 0.9 0.9
v 2.2 1 0.9
v 2.2 1.1 0.9
v 2.2 1.2 0.9
v 2.2 1.3 0.9
v 2.3 0.7 0.9
v 2.3 0.9 0.9
v 2.3 1 0.9
v 2.3 1.1 0.9
v 2.3 1.2 0.9
v 2.3 1.3 0.9
v 2.4 0.7 0.9
v 2.4 0.9 0.9
v 2.4 1 0.9
v 2.4 1.1 0.9
v 2.4 1.2 0.9
v 2.4 1.3 0.9
v 2.8 0.6 0.9
v 2.8 0.9 0.9
v 2.9 0.6 0.9
v 2.9 0.9 0.9
v -2.7 0.6 0.8
v -2.7 0.7 0.8
v -2.6 0.7 0.8
v -2.5 0.6 0.8
v -2.5 0.7 0.8
v -2.4 0.9 0.8
v -2.4 1 0.8
v -2.2 0.9 0.8
v -2.2 1 0.8
v -1 0.4 0.8
v -1 0.5 0.8
v -1 0.6 0.8
v -0.8 0.4 0.8
v -0.8 0.5 0.8
v -0.8 0.6 0.8
v -0.7 0.4 0.8
v -0.7 0.5 0.8
v -0.6 0.4 0.8
v -0.6 0.5 0.8
v 0.1 0.5 0.8
v 0.1 0.6 0.8
v 0.1 0.7 0.8
v 0.2 0.5 0.8
v 0.2 0.6 0.8
v 0.2 0.7 0.8
v 0.2 0.8 0.8
v 0.3 0.6 0.8
v 0.3 0.7 0.8
v 0.3 0.8 0.8
v 0.3 0.9 0.8
v 0.5 0.8 0.8
v 0.5 0.9 0.8
v 2.4 0.7 0.8
v 2.4 0.8 0.8
v 2.5 0.7 0.8
v 2.5 0.8 0.8
v 2.7 0.7 0.8
v 2.7 0.8 0.8
v 2.8 0.7 0.8
v 2.8 0.8 0.8
v -2.4 0.8 0.7
v -2.4 0.9 0.7
v -2.3 0.9 0.7
v -2.2 0.8 0.7
v -2.2 0.9 0.7
v -1.7 0.8 0.7
v -1.7 0.9 0.7
v -1.6 0.8 0.7
v -1.6 0.9 0.7
v -1.2 0.4 0.7
v -1.2 0.5 0.7
v -1 0.4 0.7
v -1 0.5 0.7
v 0.2 0.5 0.7
v 0.2 0.6 0.7
v 0.3 0.6 0.7
v 0.3 0.7 0.7
v 0.3 0.8 0.7
v 0.4 0.8 0.7
v 0.5 0.5 0.7
v 0.5 0.6 0.7
v 0.5 0.8 0.7
v 0.6 0.6 0.7
v 0.6 0.7 0.7
v 0.6 0.8 0.7
v 0.7 0.5 0.7
v 0.7 0.6 0.7
v 0.8 0.5 0.7
v 0.8 0.6 0.7
v 0.8 0.7 0.7
v 0.9 0.5 0.7
v 0.9 0.6 0.7
v 0.9 0.7 0.7
v 1 0.6 0.7
v 1 0.7 0.7
v 1 0.8 0.7
v 1 0.9 0.7
v 1.2 0.8 0.7
v 1.2 0.9 0.7
v 2 0.5 0.7
v 2 0.6 0.7
v 2.1 0.6 0.7
v 2.2 0.5 0.7
v 2.2 0.6 0.7
v 2.5 0.7 0.7
v 2.5 0.8 0.7
v 2.6 0.7 0.7
v 2.6 0.8 0.7
v 2.7 0.4 0.7
v 2.7 0.5 0.7
v 2.8 0.5 0.7
v 2.8 0.6 0.7
v 2.9 0.4 0.7
v 2.9 0.5 0.7
v 2.9 0.6 0.7
v -1.9 0.8 0.6
v -1.9 0.9 0.6
v -1.8 0.8 0.6
v -1.8 0.9 0.6
v 0.5 0.5 0.6
v 0.5 0.6 0.6
v 0.7 0.5 0.6
v 0.7 0.6 0.6
v 1.8 0.8 0.6
v 1.8 0.9 0.6
v 2 0.8 0.6
v 2 0.9 0.6
v 2.1 0.6 0.6
v 2.1 0.7 0.6
v 2.2 0.5 0.6
v 2.2 0.6 0.6
v 2.2 0.7 0.6
v 2.3 0.5 0.6
v 2.3 0.6 0.6
v 2.4 0.6 0.6
v 2.4 0.7 0.6
v 2.5 0.5 0.6
v 2.5 0.6 0.6
v 2.5 0.7 0.6
v 2.6 0.5 0.6
v 2.6 0.6 0.6
v -3 0.4 0.5
v -3 0.9 0.5
v -2.9 0.4 0.5
v -2.9 0.5 0.5
v -2.9 0.7 0.5
v -2.9 0.8 0.5
v -2.9 0.9 0.5
v -2.8 0.4 0.5
v -2.8 0.5 0.5
v -2.4 0.6 0.5
v -2.4 0.7 0.5
v -2.3 0.6 0.5
v -2.3 0.7 0.5
v 0.1 0.4 0.5
v 0.1 0.5 0.5
v 0.2 0.5 0.5
v 0.4 0.4 0.5
v 0.4 0.5 0.5
v 1.2 0.7 0.5
v 1.2 0.8 0.5
v 1.3 0.7 0.5
v 1.3 0.8 0.5
v 2 0.7 0.5
v 2 0.8 0.5
v 2.1 0.7 0.5
v 2.1 0.8 0.5
v 2.2 0.6 0.5
v 2.2 0.7 0.5
v 2.3 0.6 0.5
v 2.3 0.7 0.5
v 2.3 0.8 0.5
v 2.4 0.6 0.5
v 2.4 0.8 0.5
v 2.9 0.5 0.5
v 2.9 0.6 0.5
v 3 0.5 0.5
v 3 0.6 0.5
v 1 0.7 0.4
v 1 0.8 0.4
v 1.2 0.7 0.4
v 1.2 0.8 0.4
v 2 0.8 0.4
v 2 0.9 0.4
v 2 1 0.4
v 2.1 0.7 0.4
v 2.1 0.8 0.4
v 2.1 0.9 0.4
v 2.1 1 0.4
v 2.2 0.7 0.4
v 2.3 0.7 0.4
v 2.3 0.8 0.4
v 2.5 0.7 0.4
v 2.5 0.8 0.4
v 2.6 0.7 0.4
v 2.6 0.8 0.4
v 2.8 0.7 0.4
v 2.8 0.8 0.4
v 2.9 0.7 0.4
v 2.9 0.8 0.4
v -2.9 0.7 0.3
v -2.9 0.8 0.3
v -2.9 0.9 0.3
v -2.9 1 0.3
v -2.9 1.1 0.3
v -2.9 1.2 0.3
v -2.8 0.4 0.3
v -2.8 0.5 0.3
v -2.8 0.7 0.3
v -2.8 0.8 0.3
v -2.8 0.9 0.3
v -2.8 1 0.3
v -2.8 1.1 0.3
v -2.8 1.2 0.3
v -2.7 0.4 0.3
v -2.7 0.5 0.3
v -2.7 0.7 0.3
v -2.7 0.8 0.3
v -2.7 0.9 0.3
v -2.7 1 0.3
v -2.7 1.1 0.3
v -2.7 1.2 0.3
v -2.6 0.7 0.3
v -2.6 0.8 0.3
v -2.6 0.9 0.3
v -2.6 1 0.3
v -2.6 1.1 0.3
v -2.6 1.2 0.3
v -2.5 0.7 0.3
v -2.5 0.8 0.3
v -2.5 0.9 0.3
v -2.5 1 0.3
v -2.5 1.1 0.3
v -2.5 1.2 0.3
v -2.4 0.7 0.3
v -2.4 0.8 0.3
v -2.4 0.9 0.3
v -2.4 1 0.3
v -2.4 1.1 0.3
v -2.4 1.2 0.3
v -2.3 0.7 0.3
v -2.3 0.8 0.3
v -2.3 0.9 0.3
v -2.3 1 0.3
v -2.1 0.9 0.3
v -2.1 1 0.3
v 0.4 0.4 0.3
v 0.4 0.5 0.3
v 0.5 0.4 0.3
v 0.5 0.5 0.3
v 2.1 0.8 0.3
v 2.1 0.9 0.3
v 2.1 1 0.3
v 2.3 0.8 0.3
v 2.3 0.9 0.3
v 2.3 1 0.3
v 2.3 1.1 0.3
v 2.3 1.2 0.3
v 2.3 1.3 0.3
v 2.4 0.9 0.3
v 2.4 1 0.3
v 2.4 1.1 0.3
v 2.4 1.2 0.3
v 2.4 1.3 0.3
v 2.5 0.8 0.3
v 2.5 0.9 0.3
v 2.5 1 0.3
v 2.5 1.1 0.3
v 2.5 1.2 0.3
v 2.5 1.3 0.3
v 2.6 0.7 0.3
v 2.6 0.8 0.3
v 2.6 0.9 0.3
v 2.6 1 0.3
v 2.6 1.1 0.3
v 2.6 1.2 0.3
v 2.6 1.3 0.3
v 2.7 0.7 0.3
v 2.7 0.8 0.3
v 2.7 0.9 0.3
v 2.7 1 0.3
v 2.7 1.1 0.3
v 2.7 1.2 0.3
v 2.7 1.3 0.3
v 2.8 0.9 0.3
v 2.8 1 0.3
v 2.8 1.1 0.3
v 2.8 1.2 0.3
v 2.8 1.3 0.3
v -2.7 0.4 0.2
v -2.7 0.5 0.2
v -2.6 0.4 0.2
v -2.6 0.5 0.2
v -2.4 0.6 0.2
v -2.4 0.7 0.2
v -2.3 0.6 0.2
v -2.3 0.7 0.2
v -2.3 0.8 0.2
v -2.2 0.7 0.2
v -2.2 0.8 0.2
v -2 0.8 0.2
v -2 0.9 0.2
v -1.9 0.7 0.2
v -1.9 0.8 0.2
v -1.9 0.9 0.2
v -1.8 0.7 0.2
v -1.8 0.8 0.2
v 0.5 0.4 0.2
v 0.5 0.5 0.2
v 0.6 0.4 0.2
v 0.6 0.5 0.2
v 1 0.6 0.2
v 1 0.7 0.2
v 1.1 0.6 0.2
v 1.1 0.7 0.2
v 1.8 0.8 0.2
v 1.8 0.9 0.2
v 2 0.7 0.2
v 2 0.8 0.2
v 2 0.9 0.2
v 2.1 0.7 0.2
v 2.1 0.8 0.2
v 2.2 0.6 0.2
v 2.2 0.7 0.2
v 2.4 0.6 0.2
v 2.4 0.7 0.2
v 2.5 0.6 0.2
v 2.5 0.7 0.2
v 2.9 0.8 0.2
v 2.9 0.9 0.2
v 3 0.8 0.2
v 3 0.9 0.2
v -2.2 0.8 0.0999999
v -2.2 0.9 0.0999999
v -2 0.7 0.0999999
v -2 0.8 0.0999999
v -2 0.9 0.0999999
v -1.9 0.7 0.0999999
v -1.9 0.8 0.0999999
v -0.6 0.6 0.0999999
v -0.6 0.8 0.0999999
v -0.6 0.9 0.0999999
v -0.6 1.1 0.0999999
v -0.6 1.2 0.0999999
v -0.5 0.6 0.0999999
v -0.5 0.7 0.0999999
v -0.5 0.8 0.0999999
v -0.5 0.9 0.0999999
v -0.5 1 0.0999999
v -0.5 1.1 0.0999999
v -0.5 1.2 0.0999999
v -0.4 0.6 0.0999999
v -0.4 0.7 0.0999999
v -0.4 0.8 0.0999999
v -0.4 0.9 0.0999999
v -0.4 1 0.0999999
v -0.4 1.1 0.0999999
v -0.4 1.2 0.0999999
v -0.3 0.4 0.0999999
v -0.3 0.5 0.0999999
v -0.3 0.6 0.0999999
v -0.3 0.7 0.0999999
v -0.3 0.8 0.0999999
v -0.3 0.9 0.0999999
v -0.3 1 0.0999999
v -0.3 1.1 0.0999999
v -0.3 1.2 0.0999999
v -0.2 0.7 0.0999999
v -0.2 0.8 0.0999999
v -0.2 0.9 0.0999999
v -0.2 1 0.0999999
v -0.2 1.1 0.0999999
v -0.2 1.2 0.0999999
v -0.0999999 0.8 0.0999999
v -0.0999999 0.9 0.0999999
v -0.0999999 1 0.0999999
v -0.0999999 1.1 0.0999999
v -0.0999999 1.2 0.0999999
v 0 0.6 0.0999999
v 0 0.7 0.0999999
v 0 0.8 0.0999999
v 0 0.9 0.0999999
v 0 1 0.0999999
v 0 1.1 0.0999999
v 0 1.2 0.0999999
v 0.1 0.4 0.0999999
v 0.1 0.5 0.0999999
v 0.1 0.6 0.0999999
v 0.1 0.8 0.0999999
v 0.1 0.9 0.0999999
v 0.1 1.1 0.0999999
v 0.1 1.2 0.0999999
v 0.6 0.4 0.0999999
v 0.6 0.5 0.0999999
v 0.7 0.4 0.0999999
v 0.7 0.5 0.0999999
v 1.3 0.9 0.0999999
v 1.3 1 0.0999999
v 1.4 0.9 0.0999999
v 1.4 1 0.0999999
v 2.8 0.8 0.0999999
v 2.8 0.9 0.0999999
v 2.9 0.5 0.0999999
v 2.9 0.6 0.0999999
v 2.9 0.8 0.0999999
v 2.9 0.9 0.0999999
v 3 0.5 0.0999999
v 3 0.6 0.0999999
v -2.2 0.4 0
v -2.2 0.5 0
v -1.8 0.4 0
v -1.8 0.5 0
v 0.3 0.8 0
v 0.3 0.9 0
v 0.3 1 0
v 0.3 1.1 0
v 0.3 1.2 0
v 0.3 1.3 0
v 0.3 1.4 0
v 0.3 1.5 0
v 0.4 0.8 0
v 0.4 0.9 0
v 0.4 1 0
v 0.4 1.1 0
v 0.4 1.2 0
v 0.4 1.3 0
v 0.4 1.4 0
v 0.4 1.5 0
v 0.5 0.8 0
v 0.5 0.9 0
v 0.5 1 0
v 0.5 1.1 0
v 0.5 1.2 0
v 0.5 1.3 0
v 0.5 1.4 0
v 0.5 1.5 0
v 0.6 1 0
v 0.6 1.1 0
v 0.6 1.2 0
v 0.6 1.3 0
v 0.6 1.4 0
v 0.7 0.9 0
v 0.7 1 0
v 0.7 1.1 0
v 0.7 1.2 0
v 0.7 1.3 0
v 0.8 0.8 0
v 0.8 0.9 0
v 0.8 1 0
v 0.8 1.1 0
v 0.8 1.2 0
v 0.8 1.4 0
v 0.8 1.5 0
v 0.9 0.8 0
v 0.9 0.9 0
v 0.9 1 0
v 0.9 1.1 0
v 0.9 1.2 0
v 0.9 1.3 0
v 0.9 1.4 0
v 0.9 1.5 0
v 1 0.8 0
v 1 0.9 0
v 1 1 0
v 1 1.1 0
v 1 1.2 0
v 1 1.3 0
v 1 1.4 0
v 1 1.5 0
v 2.7 0.8 0
v 2.7 0.9 0
v 2.8 0.8 0
v 2.8 0.9 0
v 2.9 0.7 0
v 2.9 0.8 0
v 3 0.7 0
v 3 0.8 0
v 0.9 0.4 -0.1
v 0.9 0.5 -0.1
v 1.4 0.4 -0.1
v 1.4 0.5 -0.1
v 2.7 0.7 -0.1
v 2.7 0.8 -0.1
v 2.9 0.7 -0.1
v 2.9 0.8 -0.1
v -0.0999999 0.7 -0.2
v -0.0999999 0.8 -0.2
v 0 0.6 -0.2
v 0 0.7 -0.2
v 0.1 0.6 -0.2
v 0.1 0.7 -0.2
v 0.1 0.8 -0.2
v 0.6 0.6 -0.2
v 0.6 0.7 -0.2
v 0.8 0.6 -0.2
v 0.8 0.7 -0.2
v 1.2 0.8 -0.2
v 1.2 0.9 -0.2
v 1.4 0.8 -0.2
v 1.4 0.9 -0.2
v -1.9 0.6 -0.3
v -1.9 0.7 -0.3
v -1.8 0.6 -0.3
v -1.8 0.7 -0.3
v -0.3 0.7 -0.3
v -0.3 0.8 -0.3
v -0.0999999 0.7 -0.3
v -0.0999999 0.8 -0.3
v 1.1 0.7 -0.3
v 1.1 0.8 -0.3
v 1.2 0.7 -0.3
v 1.2 0.8 -0.3
v -0.7 0.9 -0.4
v -0.7 1 -0.4
v -0.4 0.8 -0.4
v -0.4 0.9 -0.4
v -0.4 1 -0.4
v -0.3 0.8 -0.4
v -0.3 0.9 -0.4
v 1.2 0.7 -0.4
v 1.2 0.8 -0.4
v 1.4 0.7 -0.4
v 1.4 0.8 -0.4
v -2 0.7 -0.5
v -2 0.8 -0.5
v -1.9 0.7 -0.5
v -1.9 0.8 -0.5
v -1.8 0.6 -0.5
v -1.8 0.7 -0.5
v -1.8 1 -0.5
v -1.8 1.1 -0.5
v -1.8 1.3 -0.5
v -1.8 1.4 -0.5
v -1.7 0.6 -0.5
v -1.7 0.7 -0.5
v -1.7 1 -0.5
v -1.7 1.1 -0.5
v -1.7 1.3 -0.5
v -1.7 1.4 -0.5
v -1.6 0.6 -0.5
v -1.6 1.1 -0.5
v -1.6 1.3 -0.5
v -1.6 1.4 -0.5
v -1.5 0.7 -0.5
v -1.5 1 -0.5
v -1.5 1.3 -0.5
v -1.5 1.4 -0.5
v -1.4 0.5 -0.5
v -1.4 0.6 -0.5
v -1.4 0.7 -0.5
v -1.4 1 -0.5
v -1.4 1.1 -0.5
v -1.4 1.3 -0.5
v -1.3 0.7 -0.5
v -1.3 1 -0.5
v -1.2 0.5 -0.5
v -1.2 0.6 -0.5
v -1.2 1.1 -0.5
v -1.2 1.3 -0.5
v -1.1 0.6 -0.5
v -1.1 0.7 -0.5
v -1.1 0.8 -0.5
v -1.1 1 -0.5
v -1.1 1.1 -0.5
v -1.1 1.3 -0.5
v -1.1 1.4 -0.5
v -1 0.6 -0.5
v -1 0.7 -0.5
v -1 0.8 -0.5
v -1 1 -0.5
v -0.9 0.8 -0.5
v -0.9 0.9 -0.5
v -0.9 1 -0.5
v -0.9 1.1 -0.5
v -0.9 1.3 -0.5
v -0.9 1.4 -0.5
v -0.8 0.9 -0.5
v -0.8 1 -0.5
v -0.8 1.1 -0.5
v -0.8 1.3 -0.5
v -0.8 1.4 -0.5
v -0.6 0.8 -0.5
v -0.6 0.9 -0.5
v -0.5 0.7 -0.5
v -0.5 0.8 -0.5
v -0.4 0.7 -0.5
v -0.4 0.8 -0.5
v -0.4 0.9 -0.5
v -0.3 0.7 -0.5
v -0.3 0.8 -0.5
v 1.1 0.5 -0.5
v 1.1 0.6 -0.5
v 1.1 0.7 -0.5
v 1.2 0.6 -0.5
v 1.2 0.7 -0.5
v 1.4 0.5 -0.5
v 1.4 0.6 -0.5
v 2.8 0.8 -0.5
v 2.8 0.9 -0.5
v 2.9 0.8 -0.5
v 2.9 0.9 -0.5
v -3.2 0 -0.6
v -3.2 0.9 -0.6
v -3.1 0 -0.6
v -3.1 0.9 -0.6
v -2.9 0.4 -0.6
v -2.9 0.5 -0.6
v -2.9 0.6 -0.6
v -2.9 0.7 -0.6
v -2.9 0.8 -0.6
v -2.9 0.9 -0.6
v -2.9 1 -0.6
v -2.9 1.1 -0.6
v -2.8 0.4 -0.6
v -2.8 0.5 -0.6
v -2.8 0.6 -0.6
v -2.8 0.7 -0.6
v -2.8 0.8 -0.6
v -2.8 0.9 -0.6
v -2.8 1 -0.6
v -2.8 1.1 -0.6
v -2.7 0.5 -0.6
v -2.7 0.6 -0.6
v -2.7 0.7 -0.6
v -2.7 0.8 -0.6
v -2.7 0.9 -0.6
v -2.7 1 -0.6
v -2.7 1.1 -0.6
v -2.5 0.5 -0.6
v -2.5 0.6 -0.6
v -2.4 0.6 -0.6
v -2.4 0.7 -0.6
v -2.4 0.8 -0.6
v -2.4 1 -0.6
v -2.4 1.1 -0.6
v -2.3 0.6 -0.6
v -2.3 0.7 -0.6
v -2.3 0.8 -0.6
v -2.3 0.9 -0.6
v -2.3 1 -0.6
v -2.3 1.1 -0.6
v -2.2 0.6 -0.6
v -2.2 0.7 -0.6
v -2.2 0.8 -0.6
v -2.2 0.9 -0.6
v -2.2 1 -0.6
v -2.2 1.1 -0.6
v -2 0.7 -0.6
v -2 0.8 -0.6
v 1.2 0.6 -0.6
v 1.2 0.7 -0.6
v 1.4 0.6 -0.6
v 1.4 0.7 -0.6
v 2.7 0.4 -0.6
v 2.7 0.5 -0.6
v 2.9 0.4 -0.6
v 2.9 0.5 -0.6
v 3.1 0 -0.6
v 3.1 0.9 -0.6
v 3.2 0 -0.6
v 3.2 0.9 -0.6
v -2.8 0.4 -0.7
v -2.8 0.5 -0.7
v -2.7 0.4 -0.7
v -2.7 0.5 -0.7
v -2.5 0.5 -0.7
v -2.5 0.6 -0.7
v -2.4 0.5 -0.7
v -2.4 0.6 -0.7
v -2.2 0.6 -0.7
v -2.2 0.7 -0.7
v -1.9 0.5 -0.7
v -1.9 0.6 -0.7
v -1.9 0.7 -0.7
v -1.8 0.5 -0.7
v -1.8 0.6 -0.7
v -1.5 0.5 -0.7
v -1.5 0.6 -0.7
v -1.4 0.5 -0.7
v -1.4 0.6 -0.7
v -1.1 0.7 -0.7
v -1.1 0.8 -0.7
v -1 0.7 -0.7
v -1 0.8 -0.7
v -0.9 0.8 -0.7
v -0.9 0.9 -0.7
v -0.6 0.8 -0.7
v -0.6 0.9 -0.7
v -2.7 0.4 -0.8
v -2.7 0.5 -0.8
v -2.5 0.4 -0.8
v -2.5 0.5 -0.8
v -2.4 0.5 -0.8
v -2.4 0.6 -0.8
v -1.9 0.5 -0.8
v -1.9 0.6 -0.8
v -1.8 0.5 -0.8
v -1.8 0.6 -0.8
v -1.6 0.5 -0.8
v -1.5 0.5 -0.8
v -1.5 0.6 -0.8
v -1 0.7 -0.8
v -1 0.8 -0.8
v -0.8 0.7 -0.8
v -0.7 0.7 -0.8
v -0.7 0.8 -0.8
v -0.5 0.7 -0.8
v -0.5 0.8 -0.8
v -0.4 0.7 -0.8
v -0.4 0.8 -0.8
v 2.7 0.8 -0.8
v 2.7 0.9 -0.8
v 2.8 0.8 -0.8
v 2.8 0.9 -0.8
v -2.5 0.4 -0.9
v -2.5 0.5 -0.9
v -2.1 0.4 -0.9
v -2.1 0.5 -0.9
v -1.2 0.6 -0.9
v -1.2 0.7 -0.9
v -1.1 0.6 -0.9
v -1.1 0.7 -0.9
v -0.7 0.7 -0.9
v -0.7 0.8 -0.9
v -0.5 0.7 -0.9
v -0.5 0.8 -0.9
v -3.1 0 -1
v -3.1 0.9 -1
v -3 0 -1
v -3 0.9 -1
v -2.1 0.4 -1
v -2.1 0.5 -1
v -1.9 0.4 -1
v -1.9 0.5 -1
v -1.1 0.6 -1
v -1.1 0.7 -1
v -1 0.6 -1
v -1 0.7 -1
v -1 6 -1
v -1 6.2 -1
v -1 6.4 -1
v -1 6.6 -1
v -1 6.8 -1
v -1 7.2 -1
v -1 7.4 -1
v -1 7.6 -1
v -1 7.8 -1
v -1 8 -1
v -0.9 6.1 -1
v -0.9 6.2 -1
v -0.9 6.4 -1
v -0.9 6.5 -1
v -0.9 6.6 -1
v -0.9 6.7 -1
v -0.9 6.8 -1
v -0.9 7.2 -1
v -0.9 7.3 -1
v -0.9 7.4 -1
v -0.9 7.5 -1
v -0.9 7.6 -1
v -0.9 7.8 -1
v -0.9 7.9 -1
v -0.8 6 -1
v -0.8 6.1 -1
v -0.8 6.2 -1
v -0.8 6.3 -1
v -0.8 6.5 -1
v -0.8 6.6 -1
v -0.8 6.7 -1
v -0.8 6.9 -1
v -0.8 7.1 -1
v -0.8 7.3 -1
v -0.8 7.4 -1
v -0.8 7.5 -1
v -0.8 7.7 -1
v -0.8 7.8 -1
v -0.8 7.9 -1
v -0.8 8 -1
v -0.7 6.2 -1
v -0.7 6.3 -1
v -0.7 6.4 -1
v -0.7 6.6 -1
v -0.7 6.7 -1
v -0.7 6.9 -1
v -0.7 7.1 -1
v -0.7 7.3 -1
v -0.7 7.4 -1
v -0.7 7.6 -1
v -0.7 7.7 -1
v -0.7 7.8 -1
v -0.6 6 -1
v -0.6 6.1 -1
v -0.6 6.3 -1
v -0.6 6.4 -1
v -0.6 6.5 -1
v -0.6 6.7 -1
v -0.6 6.8 -1
v -0.6 7.2 -1
v -0.6 7.3 -1
v -0.6 7.5 -1
v -0.6 7.6 -1
v -0.6 7.7 -1
v -0.6 7.9 -1
v -0.6 8 -1
v -0.5 6.1 -1
v -0.5 6.2 -1
v -0.5 6.4 -1
v -0.5 6.5 -1
v -0.5 6.6 -1
v -0.5 6.8 -1
v -0.5 7.2 -1
v -0.5 7.4 -1
v -0.5 7.5 -1
v -0.5 7.6 -1
v -0.5 7.8 -1
v -0.5 7.9 -1
v -0.4 6 -1
v -0.4 6.1 -1
v -0.4 6.2 -1
v -0.4 6.3 -1
v -0.4 6.5 -1
v -0.4 6.6 -1
v -0.4 6.8 -1
v -0.4 7.2 -1
v -0.4 7.4 -1
v -0.4 7.5 -1
v -0.4 7.7 -1
v -0.4 7.8 -1
v -0.4 7.9 -1
v -0.4 8 -1
v -0.3 6.1 -1
v -0.3 6.2 -1
v -0.3 6.3 -1
v -0.3 6.4 -1
v -0.3 6.7 -1
v -0.3 6.8 -1
v -0.3 7.2 -1
v -0.3 7.3 -1
v -0.3 7.6 -1
v -0.3 7.7 -1
v -0.3 7.8 -1
v -0.3 7.9 -1
v -0.2 6 -1
v -0.2 6.1 -1
v -0.2 6.4 -1
v -0.2 6.5 -1
v -0.2 6.6 -1
v -0.2 6.7 -1
v -0.2 6.8 -1
v -0.2 6.9 -1
v -0.2 7.2 -1
v -0.2 7.3 -1
v -0.2 7.4 -1
v -0.2 7.5 -1
v -0.2 7.6 -1
v -0.2 7.9 -1
v -0.2 8 -1
v -0.0999999 6.2 -1
v -0.0999999 6.3 -1
v -0.0999999 6.6 -1
v -0.0999999 6.7 -1
v -0.0999999 6.8 -1
v -0.0999999 6.9 -1
v -0.0999999 7 -1
v -0.0999999 7.2 -1
v -0.0999999 7.7 -1
v -0.0999999 7.8 -1
v 0 6.7 -1
v 0 6.8 -1
v 0 7.1 -1
v 0 7.2 -1
v 0.1 6.2 -1
v 0.1 6.3 -1
v 0.1 6.6 -1
v 0.1 6.7 -1
v 0.1 6.9 -1
v 0.1 7 -1
v 0.1 7.1 -1
v 0.1 7.7 -1
v 0.1 7.8 -1
v 0.2 6 -1
v 0.2 6.1 -1
v 0.2 6.4 -1
v 0.2 6.5 -1
v 0.2 6.6 -1
v 0.2 6.7 -1
v 0.2 6.9 -1
v 0.2 7 -1
v 0.2 7.1 -1
v 0.2 7.3 -1
v 0.2 7.4 -1
v 0.2 7.5 -1
v 0.2 7.6 -1
v 0.2 7.9 -1
v 0.2 8 -1
v 0.3 6.1 -1
v 0.3 6.2 -1
v 0.3 6.3 -1
v 0.3 6.4 -1
v 0.3 6.7 -1
v 0.3 6.8 -1
v 0.3 6.9 -1
v 0.3 7.1 -1
v 0.3 7.2 -1
v 0.3 7.3 -1
v 0.3 7.6 -1
v 0.3 7.7 -1
v 0.3 7.8 -1
v 0.3 7.9 -1
v 0.4 6 -1
v 0.4 6.1 -1
v 0.4 6.2 -1
v 0.4 6.3 -1
v 0.4 6.5 -1
v 0.4 6.6 -1
v 0.4 6.8 -1
v 0.4 7.2 -1
v 0.4 7.4 -1
v 0.4 7.5 -1
v 0.4 7.7 -1
v 0.4 7.8 -1
v 0.4 7.9 -1
v 0.4 8 -1
v 0.5 6.1 -1
v 0.5 6.2 -1
v 0.5 6.4 -1
v 0.5 6.5 -1
v 0.5 6.6 -1
v 0.5 6.8 -1
v 0.5 7.2 -1
v 0.5 7.4 -1
v 0.5 7.5 -1
v 0.5 7.6 -1
v 0.5 7.8 -1
v 0.5 7.9 -1
v 0.6 6 -1
v 0.6 6.1 -1
v 0.6 6.3 -1
v 0.6 6.4 -1
v 0.6 6.5 -1
v 0.6 6.7 -1
v 0.6 6.8 -1
v 0.6 7.2 -1
v 0.6 7.3 -1
v 0.6 7.5 -1
v 0.6 7.6 -1
v 0.6 7.7 -1
v 0.6 7.9 -1
v 0.6 8 -1
v 0.7 6.2 -1
v 0.7 6.3 -1
v 0.7 6.4 -1
v 0.7 6.6 -1
v 0.7 6.7 -1
v 0.7 6.9 -1
v 0.7 7.1 -1
v 0.7 7.3 -1
v 0.7 7.4 -1
v 0.7 7.6 -1
v 0.7 7.7 -1
v 0.7 7.8 -1
v 0.8 6 -1
v 0.8 6.1 -1
v 0.8 6.2 -1
v 0.8 6.3 -1
v 0.8 6.5 -1
v 0.8 6.6 -1
v 0.8 6.7 -1
v 0.8 6.9 -1
v 0.8 7.1 -1
v 0.8 7.3 -1
v 0.8 7.4 -1
v 0.8 7.5 -1
v 0.8 7.7 -1
v 0.8 7.8 -1
v 0.8 7.9 -1
v 0.8 8 -1
v 0.9 6.1 -1
v 0.9 6.2 -1
v 0.9 6.4 -1
v 0.9 6.5 -1
v 0.9 6.6 -1
v 0.9 6.7 -1
v 0.9 6.8 -1
v 0.9 7.2 -1
v 0.9 7.3 -1
v 0.9 7.4 -1
v 0.9 7.5 -1
v 0.9 7.6 -1
v 0.9 7.8 -1
v 0.9 7.9 -1
v 1 6 -1
v 1 6.2 -1
v 1 6.4 -1
v 1 6.6 -1
v 1 6.8 -1
v 1 7.2 -1
v 1 7.4 -1
v 1 7.6 -1
v 1 7.8 -1
v 1 8 -1
v 3 0 -1
v 3 0.9 -1
v 3.1 0 -1
v 3.1 0.9 -1
v 1.3 0.5 -1.1
v 1.3 0.6 -1.1
v 1.4 0.5 -1.1
v 1.4 0.6 -1.1
v 2.7 0.5 -1.1
v 2.7 0.6 -1.1
v 2.8 0.5 -1.1
v 2.8 0.6 -1.1
v -3 0 -1.2
v -3 0.9 -1.2
v -2.9 0 -1.2
v -2.9 0.9 -1.2
v 1.4 0.7 -1.2
v 1.4 0.8 -1.2
v 1.4 0.9 -1.2
v 1.4 1 -1.2
v 1.4 1.3 -1.2
v 1.4 1.4 -1.2
v 1.4 1.5 -1.2
v 1.4 1.7 -1.2
v 1.4 1.8 -1.2
v 1.5 0.7 -1.2
v 1.5 0.8 -1.2
v 1.5 0.9 -1.2
v 1.5 1 -1.2
v 1.5 1.1 -1.2
v 1.5 1.2 -1.2
v 1.5 1.3 -1.2
v 1.5 1.4 -1.2
v 1.5 1.5 -1.2
v 1.5 1.6 -1.2
v 1.5 1.7 -1.2
v 1.5 1.8 -1.2
v 1.6 0.7 -1.2
v 1.6 0.8 -1.2
v 1.6 0.9 -1.2
v 1.6 1 -1.2
v 1.6 1.1 -1.2
v 1.6 1.2 -1.2
v 1.6 1.3 -1.2
v 1.6 1.4 -1.2
v 1.6 1.5 -1.2
v 1.6 1.6 -1.2
v 1.6 1.7 -1.2
v 1.7 0.6 -1.2
v 1.7 0.7 -1.2
v 1.7 0.8 -1.2
v 1.7 0.9 -1.2
v 1.7 1 -1.2
v 1.7 1.3 -1.2
v 1.7 1.4 -1.2
v 1.7 1.5 -1.2
v 1.7 1.6 -1.2
v 1.7 1.7 -1.2
v 1.7 1.8 -1.2
v 1.8 0.6 -1.2
v 1.8 0.7 -1.2
v 1.8 0.8 -1.2
v 1.8 0.9 -1.2
v 1.8 1 -1.2
v 1.8 1.3 -1.2
v 1.8 1.4 -1.2
v 1.8 1.5 -1.2
v 1.8 1.6 -1.2
v 1.8 1.7 -1.2
v 1.8 1.8 -1.2
v 1.9 0.7 -1.2
v 1.9 0.8 -1.2
v 1.9 1 -1.2
v 1.9 1.3 -1.2
v 1.9 1.5 -1.2
v 1.9 1.6 -1.2
v 2 0.9 -1.2
v 2 1 -1.2
v 2 1.1 -1.2
v 2 1.2 -1.2
v 2 1.3 -1.2
v 2 1.4 -1.2
v 2 1.6 -1.2
v 2 1.7 -1.2
v 2 1.8 -1.2
v 2.1 0.9 -1.2
v 2.1 1 -1.2
v 2.1 1.1 -1.2
v 2.1 1.2 -1.2
v 2.1 1.3 -1.2
v 2.1 1.4 -1.2
v 2.1 1.6 -1.2
v 2.1 1.7 -1.2
v 2.1 1.8 -1.2
v 2.2 1.1 -1.2
v 2.2 1.2 -1.2
v 2.2 1.5 -1.2
v 2.2 1.6 -1.2
v 2.3 1 -1.2
v 2.3 1.3 -1.2
v 2.3 1.5 -1.2
v 2.3 1.6 -1.2
v 2.3 1.7 -1.2
v 2.3 1.8 -1.2
v 2.4 1 -1.2
v 2.4 1.3 -1.2
v 2.4 1.5 -1.2
v 2.4 1.6 -1.2
v 2.4 1.7 -1.2
v 2.4 1.8 -1.2
v 2.5 0.9 -1.2
v 2.5 1 -1.2
v 2.5 1.1 -1.2
v 2.5 1.2 -1.2
v 2.5 1.3 -1.2
v 2.5 1.4 -1.2
v 2.5 1.5 -1.2
v 2.5 1.6 -1.2
v 2.5 1.7 -1.2
v 2.6 0.9 -1.2
v 2.6 1 -1.2
v 2.6 1.1 -1.2
v 2.6 1.2 -1.2
v 2.6 1.3 -1.2
v 2.6 1.4 -1.2
v 2.6 1.5 -1.2
v 2.6 1.6 -1.2
v 2.6 1.7 -1.2
v 2.6 1.8 -1.2
v 2.7 0.9 -1.2
v 2.7 1 -1.2
v 2.7 1.3 -1.2
v 2.7 1.4 -1.2
v 2.7 1.5 -1.2
v 2.7 1.7 -1.2
v 2.7 1.8 -1.2
v 2.9 0 -1.2
v 2.9 0.9 -1.2
v 3 0 -1.2
v 3 0.9 -1.2
v 1.1 0.6 -1.3
v 1.1 0.7 -1.3
v 1.3 0.6 -1.3
v 1.3 0.7 -1.3
v 2.1 0.8 -1.3
v 2.1 0.9 -1.3
v 2.2 0.8 -1.3
v 2.2 0.9 -1.3
v 2.3 0.9 -1.3
v 2.3 1 -1.3
v 2.5 0.9 -1.3
v 2.5 1 -1.3
v -2.6 0.8 -1.4
v -2.6 0.9 -1.4
v -2.6 1 -1.4
v -2.6 1.1 -1.4
v -2.6 1.2 -1.4
v -2.6 1.3 -1.4
v -2.5 0.8 -1.4
v -2.5 0.9 -1.4
v -2.5 1 -1.4
v -2.5 1.1 -1.4
v -2.5 1.2 -1.4
v -2.5 1.3 -1.4
v -2.4 0.8 -1.4
v -2.4 0.9 -1.4
v -2.4 1 -1.4
v -2.4 1.1 -1.4
v -2.4 1.2 -1.4
v -2.4 1.3 -1.4
v -2.3 0.8 -1.4
v -2.3 0.9 -1.4
v -2.3 1 -1.4
v -2.3 1.1 -1.4
v -2.3 1.2 -1.4
v -2.3 1.3 -1.4
v -2.2 0.9 -1.4
v -2.2 1 -1.4
v -2.2 1.1 -1.4
v -2.2 1.2 -1.4
v -2.2 1.3 -1.4
v -2.1 0.8 -1.4
v -2.1 1 -1.4
v -2.1 1.1 -1.4
v -2.1 1.2 -1.4
v -2.1 1.3 -1.4
v -0.3 0.8 -1.4
v -0.3 0.9 -1.4
v -0.2 0.7 -1.4
v -0.2 0.8 -1.4
v -0.2 0.9 -1.4
v -0.0999999 0.7 -1.4
v -0.0999999 0.8 -1.4
v 1.8 0.8 -1.4
v 1.8 0.9 -1.4
v 1.9 0.7 -1.4
v 1.9 0.8 -1.4
v 2 0.7 -1.4
v 2 0.8 -1.4
v 2.1 0.8 -1.4
v 2.1 0.9 -1.4
v 2.1 1 -1.4
v 2.2 0.9 -1.4
v 2.3 0.9 -1.4
v 2.3 1 -1.4
v -2.9 0 -1.5
v -2.9 0.9 -1.5
v -2.8 0 -1.5
v -2.8 0.9 -1.5
v -0.0999999 0.4 -1.5
v -0.0999999 0.5 -1.5
v -0.0999999 0.7 -1.5
v -0.0999999 0.8 -1.5
v -0.0999999 0.9 -1.5
v -0.0999999 1 -1.5
v -0.0999999 1.1 -1.5
v 0 0.4 -1.5
v 0 0.5 -1.5
v 0 0.7 -1.5
v 0 0.8 -1.5
v 0 0.9 -1.5
v 0 1 -1.5
v 0 1.1 -1.5
v 0.1 0.7 -1.5
v 0.1 0.8 -1.5
v 0.2 0.4 -1.5
v 0.2 0.5 -1.5
v 0.2 0.7 -1.5
v 0.2 0.8 -1.5
v 0.2 0.9 -1.5
v 0.2 1 -1.5
v 0.2 1.1 -1.5
v 0.3 0.7 -1.5
v 0.3 0.8 -1.5
v 0.3 1 -1.5
v 0.3 1.1 -1.5
v 0.4 0.6 -1.5
v 0.4 0.7 -1.5
v 0.4 0.8 -1.5
v 0.4 0.9 -1.5
v 0.4 1 -1.5
v 0.5 0.6 -1.5
v 0.5 0.8 -1.5
v 0.6 0.9 -1.5
v 0.6 1 -1.5
v 0.7 0.6 -1.5
v 0.7 0.8 -1.5
v 0.7 0.9 -1.5
v 0.7 1 -1.5
v 0.7 1.1 -1.5
v 0.8 0.6 -1.5
v 0.8 0.8 -1.5
v 0.8 0.9 -1.5
v 0.8 1 -1.5
v 0.8 1.1 -1.5
v 0.9 0.6 -1.5
v 0.9 0.8 -1.5
v 1 0.6 -1.5
v 1 0.8 -1.5
v 1 0.9 -1.5
v 1 1 -1.5
v 1 1.1 -1.5
v 1.1 0.6 -1.5
v 1.1 0.8 -1.5
v 1.1 0.9 -1.5
v 1.1 1 -1.5
v 1.1 1.1 -1.5
v 1.2 0.5 -1.5
v 1.2 0.6 -1.5
v 1.4 0.6 -1.5
v 1.4 0.7 -1.5
v 1.5 0.5 -1.5
v 1.5 0.6 -1.5
v 1.5 0.7 -1.5
v 1.6 0.7 -1.5
v 1.7 0.6 -1.5
v 1.7 0.7 -1.5
v 2.8 0 -1.5
v 2.8 0.9 -1.5
v 2.9 0 -1.5
v 2.9 0.9 -1.5
v -2.8 0 -1.6
v -2.8 0.9 -1.6
v -2.7 0 -1.6
v -2.7 0.9 -1.6
v -0.6 0.4 -1.6
v -0.6 0.5 -1.6
v -0.0999999 0.4 -1.6
v -0.0999999 0.5 -1.6
v 0.5 0.5 -1.6
v 0.5 0.6 -1.6
v 0.6 0.5 -1.6
v 0.6 0.6 -1.6
v 1.1 0.5 -1.6
v 1.1 0.6 -1.6
v 1.2 0.5 -1.6
v 1.2 0.6 -1.6
v 1.5 0.5 -1.6
v 1.5 0.6 -1.6
v 1.6 0.5 -1.6
v 1.6 0.6 -1.6
v 2.7 0 -1.6
v 2.7 0.9 -1.6
v 2.8 0 -1.6
v 2.8 0.9 -1.6
v 0.3 0.6 -1.7
v 0.3 0.7 -1.7
v 0.4 0.5 -1.7
v 0.4 0.6 -1.7
v 0.4 0.7 -1.7
v 0.5 0.5 -1.7
v 0.5 0.6 -1.7
v 0.6 0.5 -1.7
v 0.6 0.6 -1.7
v 0.7 0.5 -1.7
v 0.7 0.6 -1.7
v 2.1 0.8 -1.7
v 2.1 0.9 -1.7
v 2.2 0.8 -1.7
v 2.2 0.9 -1.7
v -2.7 0 -1.8
v -2.7 0.9 -1.8
v -2.6 0 -1.8
v -2.6 0.9 -1.8
v -2.3 0.6 -1.8
v -2.3 0.7 -1.8
v -2.2 0.6 -1.8
v -2.2 0.7 -1.8
v -0.5 0.9 -1.8
v -0.5 1 -1.8
v -0.4 0.9 -1.8
v -0.2 0.8 -1.8
v -0.2 0.9 -1.8
v -0.0999999 0.8 -1.8
v -0.0999999 0.9 -1.8
v -0.0999999 1 -1.8
v 0.1 0.7 -1.8
v 0.1 0.8 -1.8
v 0.2 0.6 -1.8
v 0.2 0.7 -1.8
v 0.2 0.8 -1.8
v 0.3 0.5 -1.8
v 0.3 0.6 -1.8
v 0.3 0.7 -1.8
v 0.4 0.5 -1.8
v 0.4 0.6 -1.8
v 1.6 0.5 -1.8
v 1.6 0.6 -1.8
v 1.7 0.5 -1.8
v 1.7 0.6 -1.8
v 2.2 0.8 -1.8
v 2.2 0.9 -1.8
v 2.4 0.8 -1.8
v 2.4 0.9 -1.8
v 2.6 0 -1.8
v 2.6 0.9 -1.8
v 2.7 0 -1.8
v 2.7 0.9 -1.8
v -2.6 0 -1.9
v -2.6 0.9 -1.9
v -2.5 0 -1.9
v -2.5 0.9 -1.9
v -2.1 0.5 -1.9
v -2.1 0.6 -1.9
v -2 0.5 -1.9
v -2 0.6 -1.9
v -0.6 0.8 -1.9
v -0.6 0.9 -1.9
v -0.6 1 -1.9
v -0.5 0.8 -1.9
v -0.5 0.9 -1.9
v -0.5 1 -1.9
v 1.7 0.5 -1.9
v 1.7 0.6 -1.9
v 1.9 0.5 -1.9
v 1.9 0.6 -1.9
v 2.5 0 -1.9
v 2.5 0.9 -1.9
v 2.6 0 -1.9
v 2.6 0.9 -1.9
v -2.2 0.5 -2
v -2.2 0.6 -2
v -2.1 0.5 -2
v -2.1 0.6 -2
v -0.6 0.7 -2
v -0.6 0.8 -2
v -0.5 0.7 -2
v -0.5 0.8 -2
v 1.9 0.5 -2
v 1.9 0.6 -2
v 2 0.6 -2
v 2 0.7 -2
v 2.1 0.6 -2
v 2.1 0.7 -2
v 2.1 0.8 -2
v 2.2 0.5 -2
v 2.2 0.6 -2
v 2.2 0.7 -2
v 2.2 0.8 -2
v -2.5 0 -2.1
v -2.5 0.9 -2.1
v -2.4 0 -2.1
v -2.4 0.9 -2.1
v -2 0.4 -2.1
v -2 0.5 -2.1
v -1.9 0.4 -2.1
v -1.9 0.5 -2.1
v -0.6 0.6 -2.1
v -0.6 0.7 -2.1
v -0.5 0.6 -2.1
v -0.5 0.7 -2.1
v 1.5 0.4 -2.1
v 1.5 0.5 -2.1
v 1.6 0.4 -2.1
v 1.6 0.5 -2.1
v 2.4 0 -2.1
v 2.4 0.9 -2.1
v 2.5 0 -2.1
v 2.5 0.9 -2.1
v -2.4 0 -2.2
v -2.4 0.9 -2.2
v -2.3 0 -2.2
v -2.3 0.9 -2.2
v 1.1 0.7 -2.2
v 1.1 0.8 -2.2
v 1.2 0.7 -2.2
v 1.2 0.8 -2.2
v 1.4 0.4 -2.2
v 1.4 0.5 -2.2
v 1.4 0.9 -2.2
v 1.4 1 -2.2
v 1.4 1.1 -2.2
v 1.4 1.2 -2.2
v 1.4 1.3 -2.2
v 1.4 1.4 -2.2
v 1.5 0.4 -2.2
v 1.5 0.5 -2.2
v 1.5 0.8 -2.2
v 1.5 0.9 -2.2
v 1.5 1 -2.2
v 1.5 1.1 -2.2
v 1.5 1.2 -2.2
v 1.5 1.3 -2.2
v 1.5 1.4 -2.2
v 1.6 0.4 -2.2
v 1.6 0.5 -2.2
v 1.6 0.8 -2.2
v 1.6 0.9 -2.2
v 1.6 1 -2.2
v 1.6 1.1 -2.2
v 1.6 1.2 -2.2
v 1.6 1.3 -2.2
v 1.6 1.4 -2.2
v 1.7 0.8 -2.2
v 1.7 0.9 -2.2
v 1.7 1 -2.2
v 1.7 1.1 -2.2
v 1.7 1.2 -2.2
v 1.7 1.3 -2.2
v 1.8 0.8 -2.2
v 1.8 0.9 -2.2
v 1.8 1 -2.2
v 1.8 1.1 -2.2
v 1.8 1.2 -2.2
v 1.8 1.3 -2.2
v 1.9 0.8 -2.2
v 1.9 0.9 -2.2
v 1.9 1 -2.2
v 1.9 1.1 -2.2
v 1.9 1.2 -2.2
v 1.9 1.3 -2.2
v 1.9 1.4 -2.2
v 2 0.4 -2.2
v 2 0.5 -2.2
v 2 0.8 -2.2
v 2 0.9 -2.2
v 2 1 -2.2
v 2 1.1 -2.2
v 2 1.2 -2.2
v 2 1.3 -2.2
v 2 1.4 -2.2
v 2.1 0.9 -2.2
v 2.1 1 -2.2
v 2.1 1.1 -2.2
v 2.1 1.2 -2.2
v 2.1 1.3 -2.2
v 2.1 1.4 -2.2
v 2.3 0 -2.2
v 2.3 0.9 -2.2
v 2.4 0 -2.2
v 2.4 0.9 -2.2
v -2.3 0 -2.3
v -2.3 0.9 -2.3
v -2.2 0 -2.3
v -2.2 0.9 -2.3
v -0.6 0.4 -2.3
v -0.6 0.5 -2.3
v -0.5 0.4 -2.3
v -0.5 0.5 -2.3
v 0.6 0.7 -2.3
v 0.6 0.9 -2.3
v 0.6 1 -2.3
v 0.6 1.1 -2.3
v 0.6 1.2 -2.3
v 0.7 0.8 -2.3
v 0.7 0.9 -2.3
v 0.7 1 -2.3
v 0.7 1.1 -2.3
v 0.7 1.2 -2.3
v 0.8 0.7 -2.3
v 0.8 0.8 -2.3
v 0.8 0.9 -2.3
v 0.8 1 -2.3
v 0.8 1.1 -2.3
v 0.8 1.2 -2.3
v 0.9 0.7 -2.3
v 0.9 0.8 -2.3
v 0.9 0.9 -2.3
v 0.9 1 -2.3
v 0.9 1.1 -2.3
v 0.9 1.2 -2.3
v 1 0.7 -2.3
v 1 0.8 -2.3
v 1 0.9 -2.3
v 1 1 -2.3
v 1 1.1 -2.3
v 1 1.2 -2.3
v 1.1 0.7 -2.3
v 1.1 0.8 -2.3
v 1.1 0.9 -2.3
v 1.1 1 -2.3
v 1.1 1.1 -2.3
v 1.1 1.2 -2.3
v 1.2 0.4 -2.3
v 1.2 0.5 -2.3
v 1.4 0.4 -2.3
v 1.4 0.5 -2.3
v 2.2 0 -2.3
v 2.2 0.9 -2.3
v 2.3 0 -2.3
v 2.3 0.9 -2.3
v -2.2 0 -2.4
v -2.2 0.9 -2.4
v -2.1 0 -2.4
v -2.1 0.9 -2.4
v -1.9 0.9 -2.4
v -1.9 1.1 -2.4
v -1.9 1.2 -2.4
v -1.9 1.3 -2.4
v -1.9 1.5 -2.4
v -1.9 1.6 -2.4
v -1.8 0.9 -2.4
v -1.8 1 -2.4
v -1.8 1.1 -2.4
v -1.8 1.2 -2.4
v -1.8 1.3 -2.4
v -1.8 1.4 -2.4
v -1.8 1.5 -2.4
v -1.8 1.6 -2.4
v -1.7 0.4 -2.4
v -1.7 0.6 -2.4
v -1.7 0.8 -2.4
v -1.7 0.9 -2.4
v -1.7 1 -2.4
v -1.7 1.1 -2.4
v -1.7 1.2 -2.4
v -1.7 1.3 -2.4
v -1.7 1.4 -2.4
v -1.7 1.5 -2.4
v -1.6 0.4 -2.4
v -1.6 0.5 -2.4
v -1.6 0.6 -2.4
v -1.6 0.7 -2.4
v -1.6 0.8 -2.4
v -1.6 1.1 -2.4
v -1.6 1.2 -2.4
v -1.6 1.3 -2.4
v -1.6 1.4 -2.4
v -1.6 1.5 -2.4
v -1.6 1.6 -2.4
v -1.5 0.6 -2.4
v -1.5 0.7 -2.4
v -1.5 0.8 -2.4
v -1.5 1.1 -2.4
v -1.5 1.2 -2.4
v -1.5 1.3 -2.4
v -1.5 1.4 -2.4
v -1.5 1.5 -2.4
v -1.5 1.6 -2.4
v -1.4 0.5 -2.4
v -1.4 0.6 -2.4
v -1.4 0.8 -2.4
v -1.4 1.1 -2.4
v -1.4 1.3 -2.4
v -1.4 1.4 -2.4
v -1.3 0.7 -2.4
v -1.3 0.8 -2.4
v -1.3 0.9 -2.4
v -1.3 1 -2.4
v -1.3 1.1 -2.4
v -1.3 1.2 -2.4
v -1.3 1.4 -2.4
v -1.3 1.5 -2.4
v -1.3 1.6 -2.4
v -1.2 0.5 -2.4
v -1.2 0.7 -2.4
v -1.2 0.8 -2.4
v -1.2 0.9 -2.4
v -1.2 1 -2.4
v -1.2 1.1 -2.4
v -1.2 1.2 -2.4
v -1.2 1.4 -2.4
v -1.2 1.5 -2.4
v -1.2 1.6 -2.4
v -1.1 0.5 -2.4
v -1.1 0.6 -2.4
v -1.1 0.9 -2.4
v -1.1 1 -2.4
v -1.1 1.3 -2.4
v -1.1 1.4 -2.4
v -1 0.5 -2.4
v -1 0.6 -2.4
v -1 0.8 -2.4
v -1 1.1 -2.4
v -1 1.3 -2.4
v -1 1.4 -2.4
v -1 1.5 -2.4
v -1 1.6 -2.4
v -0.9 0.6 -2.4
v -0.9 0.7 -2.4
v -0.9 0.8 -2.4
v -0.9 1.1 -2.4
v -0.9 1.3 -2.4
v -0.9 1.4 -2.4
v -0.9 1.5 -2.4
v -0.9 1.6 -2.4
v -0.8 0.8 -2.4
v -0.8 0.9 -2.4
v -0.8 1 -2.4
v -0.8 1.1 -2.4
v -0.8 1.2 -2.4
v -0.8 1.3 -2.4
v -0.8 1.4 -2.4
v -0.8 1.5 -2.4
v -0.7 0.7 -2.4
v -0.7 0.8 -2.4
v -0.7 0.9 -2.4
v -0.7 1 -2.4
v -0.7 1.1 -2.4
v -0.7 1.2 -2.4
v -0.7 1.3 -2.4
v -0.7 1.4 -2.4
v -0.7 1.5 -2.4
v -0.7 1.6 -2.4
v -0.6 0.7 -2.4
v -0.6 0.8 -2.4
v -0.6 1.1 -2.4
v -0.6 1.2 -2.4
v -0.6 1.3 -2.4
v -0.6 1.5 -2.4
v -0.6 1.6 -2.4
v 0.7 0.6 -2.4
v 0.7 0.7 -2.4
v 0.8 0.6 -2.4
v 0.8 0.7 -2.4
v 0.9 0.6 -2.4
v 0.9 0.7 -2.4
v 2.1 0 -2.4
v 2.1 0.9 -2.4
v 2.2 0 -2.4
v 2.2 0.9 -2.4
v -2.1 0 -2.5
v -2.1 0.9 -2.5
v -1.9 0 -2.5
v -1.9 0.9 -2.5
v 1.1 0.4 -2.5
v 1.1 0.5 -2.5
v 1.2 0.4 -2.5
v 1.2 0.5 -2.5
v 1.4 0.5 -2.5
v 1.4 0.6 -2.5
v 1.5 0.5 -2.5
v 1.5 0.6 -2.5
v 1.5 0.8 -2.5
v 1.5 0.9 -2.5
v 1.6 0.8 -2.5
v 1.6 0.9 -2.5
v 1.9 0 -2.5
v 1.9 0.9 -2.5
v 2.1 0 -2.5
v 2.1 0.9 -2.5
v -1.9 0 -2.6
v -1.9 0.9 -2.6
v -1.8 0 -2.6
v -1.8 0.9 -2.6
v -0.9 0.6 -2.6
v -0.9 0.7 -2.6
v -0.7 0.6 -2.6
v -0.6 0.6 -2.6
v -0.6 0.7 -2.6
v 0.5 0.6 -2.6
v 0.5 0.7 -2.6
v 0.6 0.6 -2.6
v 0.6 0.7 -2.6
v 1 0.4 -2.6
v 1 0.5 -2.6
v 1.1 0.4 -2.6
v 1.1 0.5 -2.6
v 1.8 0 -2.6
v 1.8 0.9 -2.6
v 1.9 0 -2.6
v 1.9 0.9 -2.6
v -1.8 0 -2.7
v -1.8 0.9 -2.7
v -1.6 0 -2.7
v -1.6 0.9 -2.7
v -1.1 0.5 -2.7
v -1.1 0.6 -2.7
v -0.7 0.5 -2.7
v -0.7 0.6 -2.7
v -0.5 0.5 -2.7
v -0.5 0.6 -2.7
v 0.8 0.7 -2.7
v 0.8 0.8 -2.7
v 0.9 0.4 -2.7
v 0.9 0.5 -2.7
v 0.9 0.7 -2.7
v 0.9 0.8 -2.7
v 1 0.4 -2.7
v 1 0.5 -2.7
v 1 0.8 -2.7
v 1 0.9 -2.7
v 1.2 0.8 -2.7
v 1.2 0.9 -2.7
v 1.6 0 -2.7
v 1.6 0.9 -2.7
v 1.8 0 -2.7
v 1.8 0.9 -2.7
v -1.6 0 -2.8
v -1.6 0.9 -2.8
v -1.5 0 -2.8
v -1.5 0.9 -2.8
v -0.7 0.4 -2.8
v -0.7 0.5 -2.8
v -0.5 0.4 -2.8
v -0.5 0.5 -2.8
v 0.5 0.5 -2.8
v 0.5 0.6 -2.8
v 0.6 0.6 -2.8
v 0.6 0.7 -2.8
v 0.7 0.5 -2.8
v 0.7 0.6 -2.8
v 0.7 0.7 -2.8
v 0.8 0.4 -2.8
v 0.8 0.5 -2.8
v 0.9 0.4 -2.8
v 0.9 0.5 -2.8
v 1.5 0 -2.8
v 1.5 0.9 -2.8
v 1.6 0 -2.8
v 1.6 0.9 -2.8
v -1.5 0 -2.9
v -1.5 0.9 -2.9
v -1.2 0 -2.9
v -1.2 0.9 -2.9
v -0.5 0.3 -2.9
v -0.5 0.4 -2.9
v -0.5 0.5 -2.9
v -0.5 0.6 -2.9
v -0.5 0.7 -2.9
v -0.5 0.9 -2.9
v -0.5 1 -2.9
v -0.5 1.1 -2.9
v -0.5 1.2 -2.9
v -0.5 1.3 -2.9
v -0.4 0.3 -2.9
v -0.4 0.4 -2.9
v -0.4 0.5 -2.9
v -0.4 0.6 -2.9
v -0.4 0.7 -2.9
v -0.4 0.9 -2.9
v -0.4 1 -2.9
v -0.4 1.1 -2.9
v -0.4 1.2 -2.9
v -0.4 1.3 -2.9
v -0.3 0.3 -2.9
v -0.3 0.4 -2.9
v -0.3 0.5 -2.9
v -0.3 0.6 -2.9
v -0.3 1 -2.9
v -0.3 1.1 -2.9
v -0.3 1.2 -2.9
v -0.3 1.3 -2.9
v -0.2 0.3 -2.9
v -0.2 0.4 -2.9
v -0.2 0.5 -2.9
v -0.2 0.6 -2.9
v -0.2 0.7 -2.9
v -0.2 0.9 -2.9
v -0.2 1 -2.9
v -0.2 1.1 -2.9
v -0.2 1.2 -2.9
v -0.2 1.3 -2.9
v -0.0999999 0.7 -2.9
v -0.0999999 0.9 -2.9
v 0 0.7 -2.9
v 0 0.9 -2.9
v 0.2 0.3 -2.9
v 0.2 0.4 -2.9
v 0.2 0.5 -2.9
v 0.2 0.7 -2.9
v 0.2 0.9 -2.9
v 0.2 1.1 -2.9
v 0.2 1.2 -2.9
v 0.2 1.3 -2.9
v 0.3 0.3 -2.9
v 0.3 0.4 -2.9
v 0.3 0.5 -2.9
v 0.3 0.6 -2.9
v 0.3 0.7 -2.9
v 0.3 0.9 -2.9
v 0.3 1 -2.9
v 0.3 1.1 -2.9
v 0.3 1.2 -2.9
v 0.3 1.3 -2.9
v 0.4 0.3 -2.9
v 0.4 0.4 -2.9
v 0.4 0.5 -2.9
v 0.4 0.6 -2.9
v 0.4 0.7 -2.9
v 0.4 0.9 -2.9
v 0.4 1 -2.9
v 0.4 1.1 -2.9
v 0.4 1.2 -2.9
v 0.4 1.3 -2.9
v 0.5 0.3 -2.9
v 0.5 0.4 -2.9
v 0.5 0.5 -2.9
v 0.5 0.6 -2.9
v 0.5 0.7 -2.9
v 0.5 0.9 -2.9
v 0.5 1 -2.9
v 0.5 1.1 -2.9
v 0.5 1.2 -2.9
v 0.5 1.3 -2.9
v 1.2 0 -2.9
v 1.2 0.9 -2.9
v 1.5 0 -2.9
v 1.5 0.9 -2.9
v -1.2 0 -3
v -1.2 0.9 -3
v -1 0 -3
v -1 0.9 -3
v 1 0 -3
v 1 0.9 -3
v 1.2 0 -3
v 1.2 0.9 -3
v -1 0 -3.1
v -1 0.9 -3.1
v -0.6 0 -3.1
v -0.6 0.9 -3.1
v 0.6 0 -3.1
v 0.6 0.9 -3.1
v 1 0 -3.1
v 1 0.9 -3.1
v -0.6 0 -3.2
v -0.6 0.9 -3.2
v 0.6 0 -3.2
v 0.6 0.9 -3.2
v -0.6 0 3.2
v 0.6 0 3.2
v -1 0 3.1
v -0.6 0 3.1
v 0.6 0 3.1
v 1 0 3.1
v -1.2 0 3
v -1 0 3
v 1 0 3
v 1.2 0 3
v -1.5 0 2.9
v -1.2 0 2.9
v 1.2 0 2.9
v 1.5 0 2.9
v -1.6 0 2.8
v -1.5 0 2.8
v 1.5 0 2.8
v 1.6 0 2.8
v -1.8 0 2.7
v -1.6 0 2.7
v 1.6 0 2.7
v 1.8 0 2.7
v -1.9 0 2.6
v -1.8 0 2.6
v 1.8 0 2.6
v 1.9 0 2.6
v -2.1 0 2.5
v -1.9 0 2.5
v 1.9 0 2.5
v 2.1 0 2.5
v -2.2 0 2.4
v -2.1 0 2.4
v 2.1 0 2.4
v 2.2 0 2.4
v -2.3 0 2.3
v -2.2 0 2.3
v 2.2 0 2.3
v 2.3 0 2.3
v -2.4 0 2.2
v -2.3 0 2.2
v 2.3 0 2.2
v 2.4 0 2.2
v -2.5 0 2.1
v -2.4 0 2.1
v 2.4 0 2.1
v 2.5 0 2.1
v -2.6 0 1.9
v -2.5 0 1.9
v 2.5 0 1.9
v 2.6 0 1.9
v -2.7 0 1.8
v -2.6 0 1.8
v 2.6 0 1.8
v 2.7 0 1.8
v -2.8 0 1.6
v -2.7 0 1.6
v 2.7 0 1.6
v 2.8 0 1.6
v -2.9 0 1.5
v -2.8 0 1.5
v 2.8 0 1.5
v 2.9 0 1.5
v -3 0 1.2
v -2.9 0 1.2
v 2.9 0 1.2
v 3 0 1.2
v -3.1 0 1
v -3 0 1
v 3 0 1
v 3.1 0 1
v -3.2 0 0.6
v -3.1 0 0.6
v 3.1 0 0.6
v 3.2 0 0.6
v -3.2 0 -0.6
v -3.1 0 -0.6
v 3.1 0 -0.6
v 3.2 0 -0.6
v -3.1 0 -1
v -3 0 -1
v 3 0 -1
v 3.1 0 -1
v -3 0 -1.2
v -2.9 0 -1.2
v 2.9 0 -1.2
v 3 0 -1.2
v -2.9 0 -1.5
v -2.8 0 -1.5
v 2.8 0 -1.5
v 2.9 0 -1.5
v -2.8 0 -1.6
v -2.7 0 -1.6
v 2.7 0 -1.6
v 2.8 0 -1.6
v -2.7 0 -1.8
v -2.6 0 -1.8
v 2.6 0 -1.8
v 2.7 0 -1.8
v -2.6 0 -1.9
v -2.5 0 -1.9
v 2.5 0 -1.9
v 2.6 0 -1.9
v -2.5 0 -2.1
v -2.4 0 -2.1
v 2.4 0 -2.1
v 2.5 0 -2.1
v -2.4 0 -2.2
v -2.3 0 -2.2
v 2.3 0 -2.2
v 2.4 0 -2.2
v -2.3 0 -2.3
v -2.2 0 -2.3
v 2.2 0 -2.3
v 2.3 0 -2.3
v -2.2 0 -2.4
v -2.1 0 -2.4
v 2.1 0 -2.4
v 2.2 0 -2.4
v -2.1 0 -2.5
v -1.9 0 -2.5
v 1.9 0 -2.5
v 2.1 0 -2.5
v -1.9 0 -2.6
v -1.8 0 -2.6
v 1.8 0 -2.6
v 1.9 0 -2.6
v -1.8 0 -2.7
v -1.6 0 -2.7
v 1.6 0 -2.7
v 1.8 0 -2.7
v -1.6 0 -2.8
v -1.5 0 -2.8
v 1.5 0 -2.8
v 1.6 0 -2.8
v -1.5 0 -2.9
v -1.2 0 -2.9
v 1.2 0 -2.9
v 1.5 0 -2.9
v -1.2 0 -3
v -1 0 -3
v 1 0 -3
v 1.2 0 -3
v -1 0 -3.1
v -0.6 0 -3.1
v 0.6 0 -3.1
v 1 0 -3.1
v -0.6 0 -3.2
v 0.6 0 -3.2
v -1.2 0.5 2.8
v -1.1 0.5 2.8
v -1.2 0.5 2.7
v -1.1 0.5 2.7
v 2 0.5 2
v 2.1 0.5 2
v 2.2 0.5 2
v 2.3 0.5 2
v 2 0.5 1.9
v 2.1 0.5 1.9
v 2.2 0.5 1.9
v 2.3 0.5 1.9
v -2.6 0.5 1.6
v -2.5 0.5 1.6
v -2.4 0.5 1.6
v -2.6 0.5 1.5
v -2.4 0.5 1.5
v -1 0.5 1.2
v -0.9 0.5 1.2
v -1.2 0.5 1.1
v -1.1 0.5 1.1
v -1 0.5 1.1
v -0.9 0.5 1.1
v -1.2 0.5 1
v -1.1 0.5 1
v 2.7 0.5 0.7
v 2.8 0.5 0.7
v 2.7 0.5 0.6
v 2.8 0.5 0.6
v 0.1 0.5 0.5
v 0.2 0.5 0.5
v 0.2 0.5 0.4
v 0.3 0.5 0.4
v -2.8 0.5 0.3
v -2.7 0.5 0.3
v 0.3 0.5 0.3
v 0.4 0.5 0.3
v -2.7 0.5 0.2
v -2.6 0.5 0.2
v 0.4 0.5 0.2
v 0.5 0.5 0.2
v -2.8 0.5 0.0999999
v -2.7 0.5 0.0999999
v -2.6 0.5 0.0999999
v -0.3 0.5 0.0999999
v 0.1 0.5 0.0999999
v 0.5 0.5 0.0999999
v 0.6 0.5 0.0999999
v -2.2 0.5 0
v -1.8 0.5 0
v -0.3 0.5 0
v -0.0999999 0.5 0
v -1.8 0.5 -0.1
v -0.0999999 0.5 -0.1
v 0.1 0.5 -0.1
v 0.5 0.5 -0.1
v 0.6 0.5 -0.1
v 0.9 0.5 -0.1
v 1.4 0.5 -0.1
v -2.2 0.5 -0.2
v -1.8 0.5 -0.2
v 0.1 0.5 -0.2
v 0.2 0.5 -0.2
v -2.2 0.5 -0.3
v -1.8 0.5 -0.3
v 0.2 0.5 -0.3
v 0.4 0.5 -0.3
v 0.5 0.5 -0.3
v 0.9 0.5 -0.3
v 1 0.5 -0.3
v 1.1 0.5 -0.3
v 1.2 0.5 -0.3
v 1.4 0.5 -0.3
v -2.2 0.5 -0.4
v -2.1 0.5 -0.4
v -1.9 0.5 -0.4
v -1.8 0.5 -0.4
v 1.1 0.5 -0.4
v 1.2 0.5 -0.4
v -2.1 0.5 -0.5
v -1.9 0.5 -0.5
v 2.7 0.5 -0.6
v 2.9 0.5 -0.6
v 2.8 0.5 -0.9
v 2.9 0.5 -0.9
v 2.7 0.5 -1
v 2.8 0.5 -1
v -0.0999999 0.5 -1.5
v 0 0.5 -1.5
v 0.2 0.5 -1.5
v -0.6 0.5 -1.6
v -0.0999999 0.5 -1.6
v 0.1 0.5 -1.6
v 0.2 0.5 -1.6
v -0.6 0.5 -1.7
v 0 0.5 -1.7
v 0.1 0.5 -1.7
v -0.6 0.5 -1.8
v -0.0999999 0.5 -1.8
v 0 0.5 -1.8
v -0.5 0.5 -1.9
v -0.4 0.5 -1.9
v -0.3 0.5 -1.9
v -0.2 0.5 -1.9
v -0.0999999 0.5 -1.9
v -0.6 0.5 -2
v -0.5 0.5 -2
v -0.6 0.5 -2.1
v -0.5 0.5 -2.1
v 1.4 0.5 -2.2
v 1.5 0.5 -2.2
v -0.6 0.5 -2.3
v -0.5 0.5 -2.3
v 1.2 0.5 -2.3
v 1.4 0.5 -2.3
v -0.6 0.5 -2.4
v -0.5 0.5 -2.4
v 1.1 0.5 -2.5
v 1.2 0.5 -2.5
v 1.4 0.5 -2.5
v 1.5 0.5 -2.5
v 1 0.5 -2.6
v 1.1 0.5 -2.6
v 1.4 0.5 -2.6
v 0.9 0.5 -2.7
v 1 0.5 -2.7
v 1.2 0.5 -2.7
v 1.4 0.5 -2.7
v 0.8 0.5 -2.8
v 0.9 0.5 -2.8
v 1.2 0.5 -2.8
v 0.8 0.5 -2.9
v 0.9 0.5 -2.9
v 0.4 0.6 2.7
v 0.5 0.6 2.7
v 0.4 0.6 2.6
v 0.5 0.6 2.6
v 1.2 0.6 2.5
v 1.3 0.6 2.5
v 1.4 0.6 2.5
v 1.5 0.6 2.5
v 1.6 0.6 2.5
v 1.7 0.6 2.5
v 1.2 0.6 2.4
v 1.3 0.6 2.4
v 1.4 0.6 2.4
v 1.5 0.6 2.4
v 1.6 0.6 2.4
v 1.7 0.6 2.4
v 1.2 0.6 2.3
v 1.3 0.6 2.3
v 1.4 0.6 2.3
v 1.5 0.6 2.3
v 1.6 0.6 2.3
v 1.7 0.6 2.3
v 1.2 0.6 2.2
v 1.3 0.6 2.2
v 1.4 0.6 2.2
v 1.5 0.6 2.2
v 1.6 0.6 2.2
v 1.7 0.6 2.2
v -1.8 0.6 2.1
v -1.7 0.6 2.1
v 1.2 0.6 2.1
v 1.3 0.6 2.1
v 1.4 0.6 2.1
v 1.5 0.6 2.1
v 1.6 0.6 2.1
v 1.7 0.6 2.1
v 1.9 0.6 2.1
v 2.1 0.6 2.1
v 2.2 0.6 2.1
v -1.8 0.6 2
v -1.7 0.6 2
v 1.2 0.6 2
v 1.3 0.6 2
v 1.4 0.6 2
v 1.5 0.6 2
v 1.6 0.6 2
v 1.7 0.6 2
v 2 0.6 2
v 2.2 0.6 2
v 1.9 0.6 1.9
v 2 0.6 1.9
v -2.7 0.6 1.3
v -2.6 0.6 1.3
v -2.7 0.6 1.2
v -2.7 0.6 1.1
v -2.6 0.6 1.1
v -1 0.6 1
v -0.9 0.6 1
v -2.7 0.6 0.9
v -2.6 0.6 0.9
v -1 0.6 0.9
v -0.9 0.6 0.9
v 1 0.6 0.9
v 1.1 0.6 0.9
v -2.7 0.6 0.8
v -2.6 0.6 0.8
v 1 0.6 0.8
v 1.1 0.6 0.8
v 2.1 0.6 0.7
v 2.2 0.6 0.7
v 2 0.6 0.6
v 2.1 0.6 0.6
v 2.2 0.6 0.6
v 2.3 0.6 0.6
v 2.5 0.6 0.6
v 2.6 0.6 0.6
v 2.8 0.6 0.6
v 2.9 0.6 0.6
v 2 0.6 0.5
v 2.1 0.6 0.5
v 2.2 0.6 0.5
v 2.3 0.6 0.5
v 2.5 0.6 0.5
v 2.6 0.6 0.5
v 2.8 0.6 0.5
v 2.9 0.6 0.5
v 3 0.6 0.5
v 2.9 0.6 0.4
v 3 0.6 0.4
v 2.9 0.6 0.0999999
v 3 0.6 0.0999999
v 0.6 0.6 0
v 0.7 0.6 0
v 2.9 0.6 0
v 3 0.6 0
v 0.6 0.6 -0.1
v 0.7 0.6 -0.1
v 1.2 0.6 -0.5
v 1.4 0.6 -0.5
v 1.1 0.6 -0.6
v 1.2 0.6 -0.6
v 1.4 0.6 -0.6
v 1.1 0.6 -0.7
v 1.2 0.6 -0.7
v 2.7 0.6 -1.1
v 2.8 0.6 -1.1
v 2.7 0.6 -1.2
v 2.8 0.6 -1.2
v 1.2 0.6 -1.6
v 1.5 0.6 -1.6
v 1.6 0.6 -1.6
v 1.1 0.6 -1.7
v 1.2 0.6 -1.7
v 1.1 0.6 -1.8
v 1.3 0.6 -1.8
v 1.6 0.6 -1.8
v 1.7 0.6 -1.8
v 1.3 0.6 -1.9
v 1.4 0.6 -1.9
v 1.7 0.6 -1.9
v 1.9 0.6 -1.9
v 1.9 0.6 -2
v 2 0.6 -2
v 2.1 0.6 -2
v 2.2 0.6 -2
v 1.4 0.6 -2.1
v 1.5 0.6 -2.1
v 2.1 0.6 -2.1
v 2.2 0.6 -2.1
v 2 0.6 -2.2
v 1.9 0.6 -2.3
v 2 0.6 -2.3
v 1.7 0.6 -2.4
v 1.9 0.6 -2.4
v 1.4 0.6 -2.5
v 1.5 0.6 -2.5
v 1.6 0.6 -2.5
v 1.7 0.6 -2.5
v 1.4 0.6 -2.6
v 1.6 0.6 -2.6
v 0.5 0.7 2.7
v 0.6 0.7 2.7
v 0.9 0.7 2.7
v 1 0.7 2.7
v 1.1 0.7 2.7
v 0.5 0.7 2.6
v 0.6 0.7 2.6
v 0.9 0.7 2.6
v 1 0.7 2.6
v 1.1 0.7 2.6
v 0.4 0.7 2.5
v 0.5 0.7 2.5
v 0.7 0.7 2.5
v 0.8 0.7 2.5
v -1.6 0.7 2.4
v -1.5 0.7 2.4
v 0.4 0.7 2.4
v 0.5 0.7 2.4
v 0.6 0.7 2.4
v 0.7 0.7 2.4
v 0.8 0.7 2.4
v 0.9 0.7 2.4
v 1 0.7 2.4
v 1.1 0.7 2.4
v -1.6 0.7 2.3
v -1.5 0.7 2.3
v 0.4 0.7 2.3
v 0.5 0.7 2.3
v 0.6 0.7 2.3
v 0.7 0.7 2.3
v 0.8 0.7 2.3
v 0.9 0.7 2.3
v 1 0.7 2.3
v 1.1 0.7 2.3
v 0.4 0.7 2.2
v 0.5 0.7 2.2
v 0.6 0.7 2.2
v 0.7 0.7 2.2
v 0.8 0.7 2.2
v 1 0.7 2.2
v 1.1 0.7 2.2
v 0.2 0.7 2.1
v 0.4 0.7 2.1
v 0.5 0.7 2.1
v 0.6 0.7 2.1
v 0.9 0.7 2.1
v 1 0.7 2.1
v 1.1 0.7 2.1
v 0.2 0.7 2
v 0.4 0.7 2
v 0.5 0.7 2
v 0.6 0.7 2
v 0.9 0.7 2
v 1 0.7 2
v 1.1 0.7 2
v -0.4 0.7 1.3
v -0.3 0.7 1.3
v -0.4 0.7 1.2
v -0.3 0.7 1.2
v -2.5 0.7 0.9
v -2.4 0.7 0.9
v 1.1 0.7 0.9
v 1.2 0.7 0.9
v 1.3 0.7 0.9
v -2.9 0.7 0.8
v -2.8 0.7 0.8
v -2.7 0.7 0.8
v -2.6 0.7 0.8
v -2.5 0.7 0.8
v -2.4 0.7 0.8
v 1.1 0.7 0.8
v 1.3 0.7 0.8
v -2.9 0.7 0.7
v -2.8 0.7 0.7
v -2.7 0.7 0.7
v -2.6 0.7 0.7
v -2.5 0.7 0.7
v -2.4 0.7 0.7
v 2 0.7 0.7
v 2.1 0.7 0.7
v -2.9 0.7 0.6
v -2.8 0.7 0.6
v -2.7 0.7 0.6
v -2.6 0.7 0.6
v -2.5 0.7 0.6
v -2.4 0.7 0.6
v 2 0.7 0.6
v 2.1 0.7 0.6
v 2.2 0.7 0.6
v -2.9 0.7 0.5
v -2.8 0.7 0.5
v -2.7 0.7 0.5
v -2.6 0.7 0.5
v -2.5 0.7 0.5
v -2.4 0.7 0.5
v -2.3 0.7 0.5
v 2.2 0.7 0.5
v 2.3 0.7 0.5
v -2.9 0.7 0.4
v -2.8 0.7 0.4
v -2.7 0.7 0.4
v -2.6 0.7 0.4
v -2.5 0.7 0.4
v -2.4 0.7 0.4
v -2.3 0.7 0.4
v 2.1 0.7 0.4
v 2.2 0.7 0.4
v 2.3 0.7 0.4
v -2.9 0.7 0.3
v -2.8 0.7 0.3
v -2.7 0.7 0.3
v -2.6 0.7 0.3
v -2.5 0.7 0.3
v -2.4 0.7 0.3
v -1.1 0.7 -0.5
v -1 0.7 -0.5
v -1.1 0.7 -0.6
v -1 0.7 -0.6
v 1.7 0.7 -1.2
v 1.8 0.7 -1.2
v 1.7 0.7 -1.3
v 1.8 0.7 -1.3
v 1.4 0.7 -1.5
v 1.5 0.7 -1.5
v 1.6 0.7 -1.5
v 1.7 0.7 -1.5
v 1.4 0.7 -1.6
v 1.5 0.7 -1.6
v 1.6 0.7 -1.6
v 1.7 0.7 -1.6
v 1.6 0.7 -1.7
v 1.7 0.7 -1.7
v 0.6 0.7 -1.8
v 0.7 0.7 -1.8
v 0.8 0.7 -1.8
v 0.9 0.7 -1.8
v 0.6 0.7 -1.9
v 0.7 0.7 -1.9
v 0.8 0.7 -1.9
v 0.9 0.7 -1.9
v 0.6 0.7 -2
v 0.7 0.7 -2
v 0.8 0.7 -2
v 0.9 0.7 -2
v 2 0.7 -2
v 2.1 0.7 -2
v 0.6 0.7 -2.1
v 0.7 0.7 -2.1
v 0.8 0.7 -2.1
v 2 0.7 -2.1
v 2.1 0.7 -2.1
v 0.6 0.7 -2.2
v 0.7 0.7 -2.2
v 0.8 0.7 -2.2
v 2 0.7 -2.2
v 2.1 0.7 -2.2
v 0.3 0.8 1.3
v 0.4 0.8 1.3
v 0.3 0.8 1.2
v 0.4 0.8 1.2
v 1 0.8 0.9
v 1.1 0.8 0.9
v 1 0.8 0.8
v 1.1 0.8 0.8
v 1.9 0.8 0.8
v 2.1 0.8 0.8
v 2.3 0.8 0.8
v 2.4 0.8 0.8
v 2.5 0.8 0.8
v 2.7 0.8 0.8
v 2.8 0.8 0.8
v 0.3 0.8 0.7
v 0.4 0.8 0.7
v 0.5 0.8 0.7
v 0.6 0.8 0.7
v 0.8 0.8 0.7
v 0.9 0.8 0.7
v 1 0.8 0.7
v 1.9 0.8 0.7
v 2.1 0.8 0.7
v 2.3 0.8 0.7
v 2.4 0.8 0.7
v 2.5 0.8 0.7
v 2.6 0.8 0.7
v 2.7 0.8 0.7
v 2.8 0.8 0.7
v 2.9 0.8 0.7
v 0.3 0.8 0.6
v 0.4 0.8 0.6
v 0.5 0.8 0.6
v 0.8 0.8 0.6
v 0.9 0.8 0.6
v 1 0.8 0.6
v 2.4 0.8 0.6
v 2.5 0.8 0.6
v 2.6 0.8 0.6
v 2.8 0.8 0.6
v 2.9 0.8 0.6
v 0.6 0.8 0.5
v 0.7 0.8 0.5
v 2 0.8 0.5
v 2.1 0.8 0.5
v 2.3 0.8 0.5
v 2.4 0.8 0.5
v 2.5 0.8 0.5
v 0.3 0.8 0.4
v 0.4 0.8 0.4
v 0.5 0.8 0.4
v 0.6 0.8 0.4
v 0.7 0.8 0.4
v 0.8 0.8 0.4
v 0.9 0.8 0.4
v 1 0.8 0.4
v 2 0.8 0.4
v 2.1 0.8 0.4
v 2.3 0.8 0.4
v 2.4 0.8 0.4
v 2.5 0.8 0.4
v 2.6 0.8 0.4
v 2.8 0.8 0.4
v 2.9 0.8 0.4
v 0.3 0.8 0.3
v 0.4 0.8 0.3
v 0.5 0.8 0.3
v 0.6 0.8 0.3
v 0.7 0.8 0.3
v 0.8 0.8 0.3
v 0.9 0.8 0.3
v 1 0.8 0.3
v 2.1 0.8 0.3
v 2.3 0.8 0.3
v 2.5 0.8 0.3
v 2.6 0.8 0.3
v 2.7 0.8 0.3
v 2.8 0.8 0.3
v 2.9 0.8 0.3
v -2.3 0.8 0.2
v -2.2 0.8 0.2
v 0.3 0.8 0.2
v 0.4 0.8 0.2
v 0.5 0.8 0.2
v 0.6 0.8 0.2
v 0.7 0.8 0.2
v 0.9 0.8 0.2
v 1 0.8 0.2
v 2.6 0.8 0.2
v 2.7 0.8 0.2
v -2.3 0.8 0.0999999
v -2.2 0.8 0.0999999
v 0.3 0.8 0.0999999
v 0.4 0.8 0.0999999
v 0.5 0.8 0.0999999
v 0.8 0.8 0.0999999
v 0.9 0.8 0.0999999
v 1 0.8 0.0999999
v 2.5 0.8 0.0999999
v 2.6 0.8 0.0999999
v -0.6 0.8 0
v -0.5 0.8 0
v 0.3 0.8 0
v 0.4 0.8 0
v 0.5 0.8 0
v 0.8 0.8 0
v 0.9 0.8 0
v 1 0.8 0
v -0.8 0.8 -0.1
v -0.7 0.8 -0.1
v -0.6 0.8 -0.1
v -0.5 0.8 -0.1
v -0.8 0.8 -0.2
v -0.7 0.8 -0.2
v -2.6 0.8 -0.9
v -2.5 0.8 -0.9
v -2.2 0.8 -0.9
v -2.1 0.8 -0.9
v -2.6 0.8 -1
v -2.5 0.8 -1
v -2.4 0.8 -1
v -2.3 0.8 -1
v -2.2 0.8 -1
v -2.1 0.8 -1
v -2.5 0.8 -1.1
v -2.4 0.8 -1.1
v -2.3 0.8 -1.1
v -2.2 0.8 -1.1
v -2.6 0.8 -1.2
v -2.5 0.8 -1.2
v -2.4 0.8 -1.2
v -2.3 0.8 -1.2
v -2.2 0.8 -1.2
v 1.8 0.8 -1.2
v 1.9 0.8 -1.2
v -2.6 0.8 -1.3
v -2.5 0.8 -1.3
v -2.4 0.8 -1.3
v -2.3 0.8 -1.3
v -2.2 0.8 -1.3
v -2.1 0.8 -1.3
v -2.6 0.8 -1.4
v -2.5 0.8 -1.4
v -2.4 0.8 -1.4
v -2.3 0.8 -1.4
v -2.1 0.8 -1.4
v 1.8 0.8 -1.4
v 1.9 0.8 -1.4
v 1.1 0.8 -2.2
v 1.2 0.8 -2.2
v 1 0.8 -2.3
v 1.1 0.8 -2.3
v 1.2 0.8 -2.3
v 1 0.8 -2.4
v 1.1 0.8 -2.4
v -2.5 0.9 1
v -2.4 0.9 1
v -2.5 0.9 0.8
v -2.4 0.9 0.8
v -2.3 0.9 0.7
v -2.2 0.9 0.7
v -2.1 0.9 0.7
v -2.3 0.9 0.6
v -2.2 0.9 0.6
v -2.1 0.9 0.6
v 2.1 0.9 -1.3
v 2.2 0.9 -1.3
v 2.1 0.9 -1.4
v 2.2 0.9 -1.4
v -1 6 1
v -0.8 6 1
v -0.6 6 1
v -0.4 6 1
v -0.2 6 1
v 0.2 6 1
v 0.4 6 1
v 0.6 6 1
v 0.8 6 1
v 1 6 1
v -0.9 6 0.9
v -0.8 6 0.9
v -0.6 6 0.9
v -0.5 6 0.9
v -0.4 6 0.9
v -0.3 6 0.9
v -0.2 6 0.9
v 0.2 6 0.9
v 0.3 6 0.9
v 0.4 6 0.9
v 0.5 6 0.9
v 0.6 6 0.9
v 0.8 6 0.9
v 0.9 6 0.9
v -1 6 0.8
v -0.9 6 0.8
v -0.8 6 0.8
v -0.7 6 0.8
v -0.5 6 0.8
v -0.4 6 0.8
v -0.3 6 0.8
v -0.0999999 6 0.8
v 0.1 6 0.8
v 0.3 6 0.8
v 0.4 6 0.8
v 0.5 6 0.8
v 0.7 6 0.8
v 0.8 6 0.8
v 0.9 6 0.8
v 1 6 0.8
v -0.8 6 0.7
v -0.7 6 0.7
v -0.6 6 0.7
v -0.4 6 0.7
v -0.3 6 0.7
v -0.0999999 6 0.7
v 0.1 6 0.7
v 0.3 6 0.7
v 0.4 6 0.7
v 0.6 6 0.7
v 0.7 6 0.7
v 0.8 6 0.7
v -1 6 0.6
v -0.9 6 0.6
v -0.7 6 0.6
v -0.6 6 0.6
v -0.5 6 0.6
v -0.3 6 0.6
v -0.2 6 0.6
v 0.2 6 0.6
v 0.3 6 0.6
v 0.5 6 0.6
v 0.6 6 0.6
v 0.7 6 0.6
v 0.9 6 0.6
v 1 6 0.6
v -0.9 6 0.5
v -0.8 6 0.5
v -0.6 6 0.5
v -0.5 6 0.5
v -0.4 6 0.5
v -0.2 6 0.5
v 0.2 6 0.5
v 0.4 6 0.5
v 0.5 6 0.5
v 0.6 6 0.5
v 0.8 6 0.5
v 0.9 6 0.5
v -1 6 0.4
v -0.9 6 0.4
v -0.8 6 0.4
v -0.7 6 0.4
v -0.5 6 0.4
v -0.4 6 0.4
v -0.2 6 0.4
v -0.0999999 6 0.4
v 0.1 6 0.4
v 0.2 6 0.4
v 0.4 6 0.4
v 0.5 6 0.4
v 0.7 6 0.4
v 0.8 6 0.4
v 0.9 6 0.4
v 1 6 0.4
v -0.9 6 0.3
v -0.8 6 0.3
v -0.7 6 0.3
v -0.6 6 0.3
v -0.3 6 0.3
v -0.2 6 0.3
v -0.0999999 6 0.3
v 0 6 0.3
v 0.1 6 0.3
v 0.2 6 0.3
v 0.3 6 0.3
v 0.6 6 0.3
v 0.7 6 0.3
v 0.8 6 0.3
v 0.9 6 0.3
v -1 6 0.2
v -0.9 6 0.2
v -0.6 6 0.2
v -0.5 6 0.2
v -0.4 6 0.2
v -0.3 6 0.2
v -0.2 6 0.2
v 0 6 0.2
v 0.1 6 0.2
v 0.3 6 0.2
v 0.4 6 0.2
v 0.5 6 0.2
v 0.6 6 0.2
v 0.9 6 0.2
v 1 6 0.2
v -0.8 6 0.0999999
v -0.7 6 0.0999999
v -0.0999999 6 0.0999999
v 0 6 0.0999999
v 0.2 6 0.0999999
v 0.3 6 0.0999999
v 0.7 6 0.0999999
v 0.8 6 0.0999999
v -0.0999999 6 0
v 0 6 0
v 0.2 6 0
v -0.8 6 -0.1
v -0.7 6 -0.1
v -0.3 6 -0.1
v -0.2 6 -0.1
v 0 6 -0.1
v 0.2 6 -0.1
v 0.7 6 -0.1
v 0.8 6 -0.1
v -1 6 -0.2
v -0.9 6 -0.2
v -0.6 6 -0.2
v -0.5 6 -0.2
v -0.4 6 -0.2
v -0.3 6 -0.2
v -0.2 6 -0.2
v -0.0999999 6 -0.2
v 0.2 6 -0.2
v 0.3 6 -0.2
v 0.4 6 -0.2
v 0.5 6 -0.2
v 0.6 6 -0.2
v 0.9 6 -0.2
v 1 6 -0.2
v -0.9 6 -0.3
v -0.8 6 -0.3
v -0.7 6 -0.3
v -0.6 6 -0.3
v -0.3 6 -0.3
v -0.2 6 -0.3
v -0.0999999 6 -0.3
v 0.2 6 -0.3
v 0.3 6 -0.3
v 0.6 6 -0.3
v 0.7 6 -0.3
v 0.8 6 -0.3
v 0.9 6 -0.3
v -1 6 -0.4
v -0.9 6 -0.4
v -0.8 6 -0.4
v -0.7 6 -0.4
v -0.5 6 -0.4
v -0.4 6 -0.4
v -0.2 6 -0.4
v 0.2 6 -0.4
v 0.4 6 -0.4
v 0.5 6 -0.4
v 0.7 6 -0.4
v 0.8 6 -0.4
v 0.9 6 -0.4
v 1 6 -0.4
v -0.9 6 -0.5
v -0.8 6 -0.5
v -0.6 6 -0.5
v -0.5 6 -0.5
v -0.4 6 -0.5
v -0.2 6 -0.5
v 0.2 6 -0.5
v 0.4 6 -0.5
v 0.5 6 -0.5
v 0.6 6 -0.5
v 0.8 6 -0.5
v 0.9 6 -0.5
v -1 6 -0.6
v -0.9 6 -0.6
v -0.7 6 -0.6
v -0.6 6 -0.6
v -0.5 6 -0.6
v -0.3 6 -0.6
v -0.2 6 -0.6
v 0.2 6 -0.6
v 0.3 6 -0.6
v 0.5 6 -0.6
v 0.6 6 -0.6
v 0.7 6 -0.6
v 0.9 6 -0.6
v 1 6 -0.6
v -0.8 6 -0.7
v -0.7 6 -0.7
v -0.6 6 -0.7
v -0.4 6 -0.7
v -0.3 6 -0.7
v -0.0999999 6 -0.7
v 0.1 6 -0.7
v 0.3 6 -0.7
v 0.4 6 -0.7
v 0.6 6 -0.7
v 0.7 6 -0.7
v 0.8 6 -0.7
v -1 6 -0.8
v -0.9 6 -0.8
v -0.8 6 -0.8
v -0.7 6 -0.8
v -0.5 6 -0.8
v -0.4 6 -0.8
v -0.3 6 -0.8
v -0.0999999 6 -0.8
v 0.1 6 -0.8
v 0.3 6 -0.8
v 0.4 6 -0.8
v 0.5 6 -0.8
v 0.7 6 -0.8
v 0.8 6 -0.8
v 0.9 6 -0.8
v 1 6 -0.8
v -0.9 6 -0.9
v -0.8 6 -0.9
v -0.6 6 -0.9
v -0.5 6 -0.9
v -0.4 6 -0.9
v -0.3 6 -0.9
v -0.2 6 -0.9
v 0.2 6 -0.9
v 0.3 6 -0.9
v 0.4 6 -0.9
v 0.5 6 -0.9
v 0.6 6 -0.9
v 0.8 6 -0.9
v 0.9 6 -0.9
v -1 6 -1
v -0.8 6 -1
v -0.6 6 -1
v -0.4 6 -1
v -0.2 6 -1
v 0.2 6 -1
v 0.4 6 -1
v 0.6 6 -1
v 0.8 6 -1
v 1 6 -1
v -0.5 0.3 -2.9
v -0.4 0.3 -2.9
v -0.3 0.3 -2.9
v -0.2 0.3 -2.9
v 0.2 0.3 -2.9
v 0.3 0.3 -2.9
v 0.4 0.3 -2.9
v 0.5 0.3 -2.9
v -0.5 0.3 -3
v 0.5 0.3 -3
v 0.7 0.4 2.9
v 0.9 0.4 2.9
v -1.2 0.4 2.8
v -1.1 0.4 2.8
v 0.9 0.4 2.8
v 1.2 0.4 2.8
v -1.2 0.4 2.7
v -1.1 0.4 2.7
v 1.2 0.4 2.7
v 1.4 0.4 2.7
v 0.7 0.4 2.6
v 0.9 0.4 2.6
v 1.4 0.4 2.6
v 1.6 0.4 2.6
v 0.9 0.4 2.5
v 1 0.4 2.5
v 1.6 0.4 2.5
v 1.7 0.4 2.5
v -1.9 0.4 2.4
v -1.8 0.4 2.4
v 1 0.4 2.4
v 1.1 0.4 2.4
v 1.7 0.4 2.4
v -2 0.4 2.3
v -1.9 0.4 2.3
v -1.8 0.4 2.3
v 1.1 0.4 2.3
v 1.2 0.4 2.3
v -2.1 0.4 2.2
v -2 0.4 2.2
v 1.2 0.4 2.2
v 1.3 0.4 2.2
v -2.2 0.4 2.1
v -2.1 0.4 2.1
v 1.7 0.4 2.1
v 1.8 0.4 2.1
v 2.1 0.4 2.1
v 2.2 0.4 2.1
v -2.2 0.4 2
v -2.1 0.4 2
v -2 0.4 2
v -1.9 0.4 2
v 1.3 0.4 2
v 1.4 0.4 2
v 1.8 0.4 2
v 2.1 0.4 2
v 2.2 0.4 2
v 2.3 0.4 2
v -2.4 0.4 1.9
v -2.3 0.4 1.9
v 1.4 0.4 1.9
v 1.5 0.4 1.9
v 1.6 0.4 1.9
v 1.7 0.4 1.9
v 2.1 0.4 1.9
v 2.2 0.4 1.9
v 2.3 0.4 1.9
v -2.3 0.4 1.8
v -2.5 0.4 1.7
v -2.4 0.4 1.7
v -2.6 0.4 1.6
v -2.5 0.4 1.6
v -2.4 0.4 1.6
v -2.3 0.4 1.6
v -2.6 0.4 1.5
v -2.4 0.4 1.5
v -1 0.4 1.3
v -0.9 0.4 1.3
v -1.2 0.4 1.1
v -1.1 0.4 1.1
v -1 0.4 1.1
v -0.9 0.4 1.1
v -1.2 0.4 1
v -1.1 0.4 1
v -0.8 0.4 0.9
v -0.7 0.4 0.9
v -1 0.4 0.8
v -0.8 0.4 0.8
v -0.7 0.4 0.8
v -0.6 0.4 0.8
v -1.2 0.4 0.7
v -1 0.4 0.7
v 2.7 0.4 0.7
v 2.9 0.4 0.7
v -1.2 0.4 0.6
v -1.1 0.4 0.6
v -0.9 0.4 0.6
v -0.8 0.4 0.6
v 2.7 0.4 0.6
v 2.9 0.4 0.6
v -3 0.4 0.5
v -2.9 0.4 0.5
v -2.8 0.4 0.5
v -0.8 0.4 0.5
v 0.1 0.4 0.5
v 0.4 0.4 0.5
v -2.8 0.4 0.3
v -2.7 0.4 0.3
v -0.8 0.4 0.3
v -0.6 0.4 0.3
v 0.4 0.4 0.3
v 0.5 0.4 0.3
v -2.7 0.4 0.2
v -2.6 0.4 0.2
v 0.5 0.4 0.2
v 0.6 0.4 0.2
v -2.9 0.4 0.0999999
v -2.8 0.4 0.0999999
v -2.7 0.4 0.0999999
v -2.6 0.4 0.0999999
v -0.3 0.4 0.0999999
v 0.1 0.4 0.0999999
v 0.6 0.4 0.0999999
v 0.7 0.4 0.0999999
v -2.9 0.4 0
v -2.2 0.4 0
v -1.8 0.4 0
v -0.3 0.4 0
v -0.0999999 0.4 0
v 0.7 0.4 0
v -1.8 0.4 -0.1
v -0.0999999 0.4 -0.1
v 0.1 0.4 -0.1
v 0.5 0.4 -0.1
v 0.7 0.4 -0.1
v 0.9 0.4 -0.1
v 1.4 0.4 -0.1
v -2.9 0.4 -0.2
v -2.2 0.4 -0.2
v -1.8 0.4 -0.2
v 0.1 0.4 -0.2
v 0.2 0.4 -0.2
v -2.9 0.4 -0.3
v -2.2 0.4 -0.3
v -1.8 0.4 -0.3
v 0.2 0.4 -0.3
v 0.4 0.4 -0.3
v 0.5 0.4 -0.3
v 0.9 0.4 -0.3
v 1 0.4 -0.3
v 1.1 0.4 -0.3
v 1.2 0.4 -0.3
v 1.4 0.4 -0.3
v -2.9 0.4 -0.4
v -2.2 0.4 -0.4
v -2.1 0.4 -0.4
v -1.9 0.4 -0.4
v -1.8 0.4 -0.4
v 1.1 0.4 -0.4
v 1.2 0.4 -0.4
v -3 0.4 -0.5
v -2.9 0.4 -0.5
v -2.1 0.4 -0.5
v -1.9 0.4 -0.5
v -2.9 0.4 -0.6
v -2.8 0.4 -0.6
v 2.7 0.4 -0.6
v 2.9 0.4 -0.6
v -2.8 0.4 -0.7
v -2.7 0.4 -0.7
v -2.7 0.4 -0.8
v -2.5 0.4 -0.8
v -2.9 0.4 -0.9
v -2.8 0.4 -0.9
v -2.5 0.4 -0.9
v -2.1 0.4 -0.9
v 2.8 0.4 -0.9
v 2.9 0.4 -0.9
v -2.1 0.4 -1
v -1.9 0.4 -1
v 2.7 0.4 -1
v 2.8 0.4 -1
v -2.6 0.4 -1.1
v -2.2 0.4 -1.1
v -1.9 0.4 -1.1
v -2.8 0.4 -1.2
v -2.7 0.4 -1.2
v -2.6 0.4 -1.2
v -2.2 0.4 -1.2
v -2.1 0.4 -1.2
v -1.9 0.4 -1.2
v -2.1 0.4 -1.3
v -2 0.4 -1.3
v -1.9 0.4 -1.3
v -1.9 0.4 -1.4
v -0.0999999 0.4 -1.5
v 0 0.4 -1.5
v 0.2 0.4 -1.5
v -2 0.4 -1.6
v -1.9 0.4 -1.6
v -0.6 0.4 -1.6
v -0.0999999 0.4 -1.6
v 0.1 0.4 -1.6
v 0.2 0.4 -1.6
v -0.6 0.4 -1.7
v 0 0.4 -1.7
v 0.1 0.4 -1.7
v -0.6 0.4 -1.8
v -0.0999999 0.4 -1.8
v 0 0.4 -1.8
v -0.5 0.4 -1.9
v -0.4 0.4 -1.9
v -0.3 0.4 -1.9
v -0.2 0.4 -1.9
v -0.0999999 0.4 -1.9
v -0.6 0.4 -2
v -0.5 0.4 -2
v -2 0.4 -2.1
v -1.9 0.4 -2.1
v -0.6 0.4 -2.1
v -0.5 0.4 -2.1
v 1.5 0.4 -2.1
v 1.6 0.4 -2.1
v -2 0.4 -2.2
v -1.9 0.4 -2.2
v 1.4 0.4 -2.2
v 1.5 0.4 -2.2
v 1.6 0.4 -2.2
v 2 0.4 -2.2
v -2 0.4 -2.3
v -1.9 0.4 -2.3
v -0.6 0.4 -2.3
v -0.5 0.4 -2.3
v 1.2 0.4 -2.3
v 1.4 0.4 -2.3
v 1.9 0.4 -2.3
v 2 0.4 -2.3
v -1.7 0.4 -2.4
v -1.6 0.4 -2.4
v -0.6 0.4 -2.4
v -0.5 0.4 -2.4
v 1.7 0.4 -2.4
v 1.9 0.4 -2.4
v -1.7 0.4 -2.5
v -1.6 0.4 -2.5
v 1.1 0.4 -2.5
v 1.2 0.4 -2.5
v 1.6 0.4 -2.5
v 1.7 0.4 -2.5
v 1 0.4 -2.6
v 1.1 0.4 -2.6
v 1.4 0.4 -2.6
v 1.6 0.4 -2.6
v 0.9 0.4 -2.7
v 1 0.4 -2.7
v 1.2 0.4 -2.7
v 1.4 0.4 -2.7
v -0.7 0.4 -2.8
v -0.5 0.4 -2.8
v 0.8 0.4 -2.8
v 0.9 0.4 -2.8
v 1.2 0.4 -2.8
v -0.7 0.4 -2.9
v -0.5 0.4 -2.9
v 0.8 0.4 -2.9
v 0.9 0.4 -2.9
v -0.5 0.5 3
v -0.4 0.5 3
v -0.2 0.5 3
v 0.5 0.5 3
v -0.9 0.5 2.9
v -0.7 0.5 2.9
v -0.5 0.5 2.9
v -0.4 0.5 2.9
v -0.2 0.5 2.9
v -0.0999999 0.5 2.9
v 0.3 0.5 2.9
v 0.5 0.5 2.9
v 0.7 0.5 2.9
v -0.9 0.5 2.8
v -0.7 0.5 2.8
v 0.3 0.5 2.8
v 0.4 0.5 2.8
v -1.4 0.5 2.7
v -1.3 0.5 2.7
v 0.4 0.5 2.7
v -1.6 0.5 2.6
v -1.4 0.5 2.6
v -1.3 0.5 2.6
v 0.4 0.5 2.6
v 0.6 0.5 2.6
v 0.7 0.5 2.6
v 0.9 0.5 2.6
v -1.6 0.5 2.5
v -1.4 0.5 2.5
v 0.6 0.5 2.5
v 0.7 0.5 2.5
v 0.9 0.5 2.5
v 1 0.5 2.5
v 0.7 0.5 2.4
v 0.8 0.5 2.4
v 1 0.5 2.4
v 1.1 0.5 2.4
v 1.7 0.5 2.4
v 1.9 0.5 2.4
v -1.9 0.5 2.3
v -1.8 0.5 2.3
v 0.8 0.5 2.3
v 0.9 0.5 2.3
v 1.1 0.5 2.3
v 1.2 0.5 2.3
v 1.9 0.5 2.3
v 2 0.5 2.3
v 0.9 0.5 2.2
v 1 0.5 2.2
v 1.2 0.5 2.2
v 1.3 0.5 2.2
v 2 0.5 2.2
v 2.1 0.5 2.2
v -1.8 0.5 2.1
v -1.7 0.5 2.1
v -1.5 0.5 2.1
v -1.4 0.5 2.1
v 1.7 0.5 2.1
v 1.8 0.5 2.1
v 2.1 0.5 2.1
v -1.9 0.5 2
v -1.7 0.5 2
v -1.5 0.5 2
v -1.4 0.5 2
v 1.1 0.5 2
v 1.3 0.5 2
v 1.4 0.5 2
v 1.8 0.5 2
v 2 0.5 2
v 2.1 0.5 2
v -1.3 0.5 1.9
v -1.1 0.5 1.9
v 1.4 0.5 1.9
v -1.3 0.5 1.8
v 1 0.5 1.8
v 1.1 0.5 1.8
v 1.4 0.5 1.8
v -1.1 0.5 1.7
v 1.4 0.5 1.7
v -2.4 0.5 1.6
v -2.3 0.5 1.6
v -1.1 0.5 1.6
v 1.2 0.5 1.6
v 1.3 0.5 1.6
v -1.1 0.5 1.5
v -2.7 0.5 1.4
v -2.6 0.5 1.4
v -1.1 0.5 1.4
v 1.2 0.5 1.4
v 1.4 0.5 1.4
v -2.6 0.5 1.3
v -2.4 0.5 1.3
v -2.3 0.5 1.3
v -1.3 0.5 1.3
v -1.1 0.5 1.3
v -1 0.5 1.3
v -0.9 0.5 1.3
v -0.8 0.5 1.3
v -2.8 0.5 1.2
v -2.7 0.5 1.2
v -1.3 0.5 1.2
v -1.2 0.5 1.2
v -1 0.5 1.2
v -0.9 0.5 1.2
v -0.8 0.5 1.2
v 1.2 0.5 1.2
v 1.4 0.5 1.2
v -2.7 0.5 1.1
v -2.6 0.5 1.1
v -1.3 0.5 1.1
v -1.2 0.5 1.1
v 1.2 0.5 1.1
v 1.4 0.5 1.1
v -1.3 0.5 1
v -1.2 0.5 1
v -0.9 0.5 1
v -0.7 0.5 1
v -0.6 0.5 1
v -0.5 0.5 1
v -0.3 0.5 1
v -2.9 0.5 0.9
v -2.8 0.5 0.9
v -2.7 0.5 0.9
v -2.6 0.5 0.9
v -1 0.5 0.9
v -0.9 0.5 0.9
v -0.7 0.5 0.9
v 1 0.5 0.9
v 1.1 0.5 0.9
v -2.7 0.5 0.8
v -2.6 0.5 0.8
v -1.3 0.5 0.8
v -1 0.5 0.8
v -0.7 0.5 0.8
v -0.6 0.5 0.8
v -0.5 0.5 0.8
v -0.3 0.5 0.8
v 0.1 0.5 0.8
v 0.2 0.5 0.8
v 1 0.5 0.8
v 1.1 0.5 0.8
v -1.2 0.5 0.7
v -1 0.5 0.7
v 0.1 0.5 0.7
v 0.2 0.5 0.7
v 0.5 0.5 0.7
v 0.7 0.5 0.7
v 0.8 0.5 0.7
v 0.9 0.5 0.7
v 2 0.5 0.7
v 2.2 0.5 0.7
v -2.8 0.5 0.6
v -2.7 0.5 0.6
v -1.3 0.5 0.6
v -1.2 0.5 0.6
v 0.5 0.5 0.6
v 0.7 0.5 0.6
v 0.8 0.5 0.6
v 0.9 0.5 0.6
v 2 0.5 0.6
v 2.2 0.5 0.6
v 2.3 0.5 0.6
v 2.5 0.5 0.6
v 2.6 0.5 0.6
v 2.8 0.5 0.6
v 2.9 0.5 0.6
v -2.9 0.5 0.5
v -2.8 0.5 0.5
v 0.1 0.5 0.5
v 0.2 0.5 0.5
v 0.4 0.5 0.5
v 0.7 0.5 0.5
v 0.8 0.5 0.5
v 2 0.5 0.5
v 2.1 0.5 0.5
v 2.5 0.5 0.5
v 2.6 0.5 0.5
v 2.8 0.5 0.5
v 2.9 0.5 0.5
v 3 0.5 0.5
v 2.1 0.5 0.4
v 2.3 0.5 0.4
v 2.9 0.5 0.4
v 3 0.5 0.4
v 0.4 0.5 0.3
v 0.5 0.5 0.3
v 0.5 0.5 0.2
v 0.6 0.5 0.2
v 0.6 0.5 0.0999999
v 0.7 0.5 0.0999999
v 2.9 0.5 0.0999999
v 3 0.5 0.0999999
v 2.9 0.5 0
v 3 0.5 0
v -1.4 0.5 -0.5
v -1.2 0.5 -0.5
v 1.1 0.5 -0.5
v 1.4 0.5 -0.5
v -2.8 0.5 -0.6
v -2.7 0.5 -0.6
v -2.5 0.5 -0.6
v 1.1 0.5 -0.6
v -2.8 0.5 -0.7
v -2.7 0.5 -0.7
v -2.5 0.5 -0.7
v -2.4 0.5 -0.7
v -1.9 0.5 -0.7
v -1.8 0.5 -0.7
v -1.5 0.5 -0.7
v -1.4 0.5 -0.7
v -1.2 0.5 -0.7
v 1.1 0.5 -0.7
v 1.4 0.5 -0.7
v -2.7 0.5 -0.8
v -2.5 0.5 -0.8
v -2.4 0.5 -0.8
v -1.9 0.5 -0.8
v -1.8 0.5 -0.8
v -1.6 0.5 -0.8
v -1.5 0.5 -0.8
v -1.3 0.5 -0.8
v -1.2 0.5 -0.8
v -2.5 0.5 -0.9
v -2.1 0.5 -0.9
v -1.4 0.5 -0.9
v -1.3 0.5 -0.9
v -2.1 0.5 -1
v -1.9 0.5 -1
v -2.6 0.5 -1.1
v -2.2 0.5 -1.1
v -1.9 0.5 -1.1
v -1.8 0.5 -1.1
v -1.6 0.5 -1.1
v -1.4 0.5 -1.1
v 1.3 0.5 -1.1
v 1.4 0.5 -1.1
v 2.7 0.5 -1.1
v 2.8 0.5 -1.1
v -2.7 0.5 -1.2
v -2.6 0.5 -1.2
v -2.4 0.5 -1.2
v -2.2 0.5 -1.2
v -2.1 0.5 -1.2
v 1.3 0.5 -1.2
v 1.4 0.5 -1.2
v 2.7 0.5 -1.2
v 2.8 0.5 -1.2
v -2.7 0.5 -1.3
v -2.6 0.5 -1.3
v -2.4 0.5 -1.3
v -2.3 0.5 -1.3
v -2.1 0.5 -1.3
v -2 0.5 -1.3
v -2.3 0.5 -1.4
v -2.2 0.5 -1.4
v -2.2 0.5 -1.5
v -2.1 0.5 -1.5
v 1.2 0.5 -1.5
v 1.5 0.5 -1.5
v -2 0.5 -1.6
v -1.9 0.5 -1.6
v 0.5 0.5 -1.6
v 0.6 0.5 -1.6
v 1.1 0.5 -1.6
v 1.2 0.5 -1.6
v 1.5 0.5 -1.6
v 1.6 0.5 -1.6
v -2.1 0.5 -1.7
v -2 0.5 -1.7
v 0.4 0.5 -1.7
v 0.5 0.5 -1.7
v 0.6 0.5 -1.7
v 0.7 0.5 -1.7
v 1.1 0.5 -1.7
v 0.3 0.5 -1.8
v 0.4 0.5 -1.8
v 0.5 0.5 -1.8
v 0.7 0.5 -1.8
v 1.1 0.5 -1.8
v 1.3 0.5 -1.8
v 1.6 0.5 -1.8
v 1.7 0.5 -1.8
v -2.1 0.5 -1.9
v -2 0.5 -1.9
v 0.3 0.5 -1.9
v 0.4 0.5 -1.9
v 0.5 0.5 -1.9
v 1.3 0.5 -1.9
v 1.4 0.5 -1.9
v 1.7 0.5 -1.9
v 1.9 0.5 -1.9
v -2.2 0.5 -2
v -2.1 0.5 -2
v -1.9 0.5 -2
v 1.9 0.5 -2
v 2.2 0.5 -2
v -2.2 0.5 -2.1
v -2.1 0.5 -2.1
v -2 0.5 -2.1
v -1.9 0.5 -2.1
v 1.4 0.5 -2.1
v 1.5 0.5 -2.1
v 1.6 0.5 -2.1
v 2.1 0.5 -2.1
v 2.2 0.5 -2.1
v -2.1 0.5 -2.2
v -2 0.5 -2.2
v 1.6 0.5 -2.2
v 2 0.5 -2.2
v 2.1 0.5 -2.2
v -1.6 0.5 -2.4
v -1.4 0.5 -2.4
v -1.2 0.5 -2.4
v -1.1 0.5 -2.4
v -1 0.5 -2.4
v -1.6 0.5 -2.5
v -1.2 0.5 -2.5
v -1.1 0.5 -2.5
v -1 0.5 -2.5
v -1.6 0.5 -2.6
v -1.4 0.5 -2.6
v -1.4 0.5 -2.7
v -1.2 0.5 -2.7
v -1.1 0.5 -2.7
v -0.7 0.5 -2.7
v -0.5 0.5 -2.7
v -1.2 0.5 -2.8
v -0.9 0.5 -2.8
v -0.7 0.5 -2.8
v -0.5 0.5 -2.8
v 0.5 0.5 -2.8
v 0.7 0.5 -2.8
v -0.9 0.5 -2.9
v -0.7 0.5 -2.9
v 0.5 0.5 -2.9
v 0.7 0.5 -2.9
v -0.4 0.6 3
v -0.2 0.6 3
v -0.7 0.6 2.9
v -0.6 0.6 2.9
v -0.4 0.6 2.9
v -0.3 0.6 2.9
v -0.2 0.6 2.9
v -0.0999999 0.6 2.9
v 0.3 0.6 2.9
v -1.2 0.6 2.8
v -0.9 0.6 2.8
v -0.7 0.6 2.8
v -0.6 0.6 2.8
v -0.4 0.6 2.8
v -0.3 0.6 2.8
v 0.3 0.6 2.8
v 0.4 0.6 2.8
v -1.3 0.6 2.7
v -1.2 0.6 2.7
v -1 0.6 2.7
v -0.7 0.6 2.7
v -0.2 0.6 2.7
v -0.0999999 0.6 2.7
v 0.2 0.6 2.7
v 0.4 0.6 2.7
v -1.3 0.6 2.6
v -1.2 0.6 2.6
v -1.1 0.6 2.6
v -1 0.6 2.6
v -0.2 0.6 2.6
v -0.0999999 0.6 2.6
v 0 0.6 2.6
v 0.1 0.6 2.6
v 0.2 0.6 2.6
v 0.5 0.6 2.6
v 0.6 0.6 2.6
v -1.7 0.6 2.5
v -1.6 0.6 2.5
v -1.5 0.6 2.5
v -1.2 0.6 2.5
v -1.1 0.6 2.5
v 0.2 0.6 2.5
v 0.4 0.6 2.5
v 0.5 0.6 2.5
v 0.6 0.6 2.5
v 0.7 0.6 2.5
v -1.8 0.6 2.4
v -1.7 0.6 2.4
v 0.2 0.6 2.4
v 0.7 0.6 2.4
v 0.8 0.6 2.4
v -1.8 0.6 2.3
v -1.6 0.6 2.3
v -1.5 0.6 2.3
v 0.2 0.6 2.3
v 0.8 0.6 2.3
v 0.9 0.6 2.3
v 0.9 0.6 2.2
v 1 0.6 2.2
v -1.6 0.6 2.1
v -1.5 0.6 2.1
v -1.4 0.6 2.1
v -1.3 0.6 2.1
v -1.6 0.6 2
v -1.5 0.6 2
v -1.4 0.6 2
v -1.3 0.6 2
v -1.1 0.6 2
v 0.2 0.6 2
v 0.4 0.6 2
v 0.9 0.6 2
v 1.1 0.6 2
v 1.2 0.6 2
v 1.3 0.6 2
v 2.2 0.6 2
v 2.3 0.6 2
v -1.3 0.6 1.9
v -1.1 0.6 1.9
v 2.2 0.6 1.9
v 2.3 0.6 1.9
v 0.9 0.6 1.8
v 1 0.6 1.8
v 1.1 0.6 1.8
v 1.2 0.6 1.8
v 1.2 0.6 1.7
v 2.4 0.6 1.7
v 2.5 0.6 1.7
v -2.6 0.6 1.6
v -2.5 0.6 1.6
v -2.4 0.6 1.6
v 1.2 0.6 1.6
v 1.3 0.6 1.6
v 2.5 0.6 1.6
v 2.6 0.6 1.6
v 2.4 0.6 1.5
v -2.6 0.6 1.4
v 1.2 0.6 1.4
v 1.4 0.6 1.4
v 2.4 0.6 1.4
v 2.6 0.6 1.4
v 2.7 0.6 1.4
v -2.6 0.6 1.3
v -2.5 0.6 1.3
v -2.4 0.6 1.3
v -2.3 0.6 1.3
v -0.8 0.6 1.3
v -0.7 0.6 1.3
v -0.4 0.6 1.3
v -0.3 0.6 1.3
v 0.3 0.6 1.3
v 0.4 0.6 1.3
v 1.2 0.6 1.3
v 1.4 0.6 1.3
v 2.6 0.6 1.3
v 2.7 0.6 1.3
v -2.3 0.6 1.2
v -1.2 0.6 1.2
v -0.9 0.6 1.2
v -0.8 0.6 1.2
v -0.4 0.6 1.2
v -0.3 0.6 1.2
v 0.3 0.6 1.2
v 0.4 0.6 1.2
v 1.2 0.6 1.2
v 1.4 0.6 1.2
v -2.5 0.6 1.1
v -2.3 0.6 1.1
v -1 0.6 1.1
v -0.9 0.6 1.1
v -0.8 0.6 1.1
v -0.7 0.6 1.1
v -0.6 0.6 1.1
v 1.2 0.6 1.1
v 1.4 0.6 1.1
v -1.4 0.6 1
v -1.3 0.6 1
v -1.2 0.6 1
v -1 0.6 1
v -0.7 0.6 1
v -0.6 0.6 1
v -0.3 0.6 1
v -0.2 0.6 1
v 0 0.6 1
v 1.2 0.6 1
v 1.3 0.6 1
v 1.4 0.6 1
v -2.5 0.6 0.9
v -2.4 0.6 0.9
v -1 0.6 0.9
v -0.8 0.6 0.9
v -0.7 0.6 0.9
v 0 0.6 0.9
v 0.1 0.6 0.9
v 0.8 0.6 0.9
v 0.9 0.6 0.9
v 1.1 0.6 0.9
v 1.2 0.6 0.9
v 1.3 0.6 0.9
v 1.5 0.6 0.9
v 1.6 0.6 0.9
v 1.7 0.6 0.9
v 1.8 0.6 0.9
v 2 0.6 0.9
v 2.1 0.6 0.9
v 2.2 0.6 0.9
v 2.8 0.6 0.9
v 2.9 0.6 0.9
v -2.7 0.6 0.8
v -2.5 0.6 0.8
v -1.4 0.6 0.8
v -1.3 0.6 0.8
v -1 0.6 0.8
v -0.8 0.6 0.8
v -0.3 0.6 0.8
v -0.2 0.6 0.8
v -0.0999999 0.6 0.8
v 0 0.6 0.8
v 0.1 0.6 0.8
v 0.2 0.6 0.8
v 0.3 0.6 0.8
v 1.1 0.6 0.8
v 1.3 0.6 0.8
v 1.5 0.6 0.8
v 1.7 0.6 0.8
v 1.8 0.6 0.8
v 2.1 0.6 0.8
v 2.2 0.6 0.8
v 0.2 0.6 0.7
v 0.3 0.6 0.7
v 0.5 0.6 0.7
v 0.6 0.6 0.7
v 0.7 0.6 0.7
v 0.8 0.6 0.7
v 0.9 0.6 0.7
v 1 0.6 0.7
v 2 0.6 0.7
v 2.1 0.6 0.7
v 2.8 0.6 0.7
v 2.9 0.6 0.7
v -2.8 0.6 0.6
v -2.7 0.6 0.6
v 0.5 0.6 0.6
v 0.7 0.6 0.6
v 0.8 0.6 0.6
v 0.9 0.6 0.6
v 2.4 0.6 0.6
v 2.5 0.6 0.6
v -2.4 0.6 0.5
v -2.3 0.6 0.5
v 0.1 0.6 0.5
v 0.2 0.6 0.5
v 0.7 0.6 0.5
v 0.8 0.6 0.5
v 1 0.6 0.5
v 2.3 0.6 0.5
v 2.4 0.6 0.5
v -2.4 0.6 0.4
v -2.3 0.6 0.4
v 0.1 0.6 0.4
v 0.2 0.6 0.4
v 0.3 0.6 0.4
v 2.3 0.6 0.4
v 2.4 0.6 0.4
v 2.5 0.6 0.4
v -2.4 0.6 0.3
v -0.8 0.6 0.3
v -0.6 0.6 0.3
v 0.1 0.6 0.3
v 0.3 0.6 0.3
v 0.4 0.6 0.3
v -2.4 0.6 0.2
v -2.3 0.6 0.2
v -0.6 0.6 0.2
v 0.1 0.6 0.2
v 0.4 0.6 0.2
v 0.5 0.6 0.2
v 1 0.6 0.2
v 1.1 0.6 0.2
v 2.2 0.6 0.2
v 2.4 0.6 0.2
v 2.5 0.6 0.2
v -2.8 0.6 0.0999999
v -2.4 0.6 0.0999999
v -2.3 0.6 0.0999999
v -0.8 0.6 0.0999999
v -0.6 0.6 0.0999999
v -0.5 0.6 0.0999999
v -0.4 0.6 0.0999999
v -0.3 0.6 0.0999999
v 0 0.6 0.0999999
v 0.1 0.6 0.0999999
v 0.5 0.6 0.0999999
v 0.6 0.6 0.0999999
v 2.2 0.6 0.0999999
v 2.3 0.6 0.0999999
v 2.5 0.6 0.0999999
v -0.8 0.6 0
v -0.5 0.6 0
v -0.3 0.6 0
v 0 0.6 0
v 0.1 0.6 0
v 0.6 0.6 0
v 0.7 0.6 0
v 1.1 0.6 0
v -0.7 0.6 -0.1
v -0.5 0.6 -0.1
v -0.8 0.6 -0.2
v -0.7 0.6 -0.2
v 0 0.6 -0.2
v 0.1 0.6 -0.2
v 0.6 0.6 -0.2
v 0.8 0.6 -0.2
v -1.9 0.6 -0.3
v -1.8 0.6 -0.3
v 0 0.6 -0.3
v 0.1 0.6 -0.3
v 0.6 0.6 -0.3
v 0.7 0.6 -0.3
v 0.8 0.6 -0.3
v -1.8 0.6 -0.4
v -1.9 0.6 -0.5
v -1.8 0.6 -0.5
v -1.7 0.6 -0.5
v -1.6 0.6 -0.5
v -1.4 0.6 -0.5
v -1.2 0.6 -0.5
v -1.1 0.6 -0.5
v -1 0.6 -0.5
v -2.5 0.6 -0.6
v -2.4 0.6 -0.6
v -2.3 0.6 -0.6
v -2.2 0.6 -0.6
v -1.1 0.6 -0.6
v -1 0.6 -0.6
v -2.5 0.6 -0.7
v -2.4 0.6 -0.7
v -2.2 0.6 -0.7
v -1.9 0.6 -0.7
v -1.8 0.6 -0.7
v -1.5 0.6 -0.7
v -1.4 0.6 -0.7
v -1.2 0.6 -0.7
v -1.1 0.6 -0.7
v 1.3 0.6 -0.7
v 1.4 0.6 -0.7
v -2.4 0.6 -0.8
v -1.9 0.6 -0.8
v -1.8 0.6 -0.8
v -1.5 0.6 -0.8
v -1.3 0.6 -0.8
v -1.2 0.6 -0.8
v 1.4 0.6 -0.8
v -1.4 0.6 -0.9
v -1.3 0.6 -0.9
v -1.2 0.6 -0.9
v -1.1 0.6 -0.9
v -1.1 0.6 -1
v -1 0.6 -1
v 1.4 0.6 -1
v -1.4 0.6 -1.1
v -1 0.6 -1.1
v 1.3 0.6 -1.1
v 1.4 0.6 -1.1
v -2.6 0.6 -1.2
v -2.4 0.6 -1.2
v 1.3 0.6 -1.2
v 1.4 0.6 -1.2
v 1.7 0.6 -1.2
v 1.8 0.6 -1.2
v -2.7 0.6 -1.3
v -2.6 0.6 -1.3
v -2.4 0.6 -1.3
v -2.3 0.6 -1.3
v 1.1 0.6 -1.3
v 1.3 0.6 -1.3
v 1.7 0.6 -1.3
v 1.8 0.6 -1.3
v -2.7 0.6 -1.4
v -2.6 0.6 -1.4
v -2.3 0.6 -1.4
v -2.2 0.6 -1.4
v 1.1 0.6 -1.4
v -2.3 0.6 -1.5
v -2.2 0.6 -1.5
v -2.1 0.6 -1.5
v 0.4 0.6 -1.5
v 0.5 0.6 -1.5
v 0.7 0.6 -1.5
v 0.8 0.6 -1.5
v 0.9 0.6 -1.5
v 1 0.6 -1.5
v 1.1 0.6 -1.5
v 1.2 0.6 -1.5
v 1.4 0.6 -1.5
v 1.5 0.6 -1.5
v 1.7 0.6 -1.5
v 0.4 0.6 -1.6
v 0.5 0.6 -1.6
v 0.6 0.6 -1.6
v 1.1 0.6 -1.6
v 1.2 0.6 -1.6
v 1.5 0.6 -1.6
v 1.6 0.6 -1.6
v -2.1 0.6 -1.7
v -2 0.6 -1.7
v 0.3 0.6 -1.7
v 0.4 0.6 -1.7
v 0.5 0.6 -1.7
v 0.6 0.6 -1.7
v 0.7 0.6 -1.7
v 1 0.6 -1.7
v 1.1 0.6 -1.7
v 1.6 0.6 -1.7
v 1.7 0.6 -1.7
v -2.3 0.6 -1.8
v -2.2 0.6 -1.8
v 0.2 0.6 -1.8
v 0.3 0.6 -1.8
v 0.4 0.6 -1.8
v 0.5 0.6 -1.8
v 0.7 0.6 -1.8
v 0.9 0.6 -1.8
v 1 0.6 -1.8
v -2.3 0.6 -1.9
v -2.1 0.6 -1.9
v -2 0.6 -1.9
v 0.2 0.6 -1.9
v 0.3 0.6 -1.9
v 0.5 0.6 -1.9
v -2.3 0.6 -2
v -2.2 0.6 -2
v -2.1 0.6 -2
v 0.5 0.6 -2
v 0.8 0.6 -2
v 0.9 0.6 -2
v -0.6 0.6 -2.1
v -0.5 0.6 -2.1
v 0.5 0.6 -2.1
v -0.6 0.6 -2.2
v 0.5 0.6 -2.2
v 0.8 0.6 -2.2
v -0.6 0.6 -2.3
v -0.5 0.6 -2.3
v -1 0.6 -2.4
v -0.9 0.6 -2.4
v -0.6 0.6 -2.4
v 0.7 0.6 -2.4
v 0.8 0.6 -2.4
v 0.9 0.6 -2.4
v -1.1 0.6 -2.5
v -1 0.6 -2.5
v -0.9 0.6 -2.5
v -0.5 0.6 -2.5
v 0.7 0.6 -2.5
v 0.9 0.6 -2.5
v -0.9 0.6 -2.6
v -0.7 0.6 -2.6
v -0.6 0.6 -2.6
v 0.5 0.6 -2.6
v 0.6 0.6 -2.6
v -1.1 0.6 -2.7
v -0.7 0.6 -2.7
v -0.5 0.6 -2.7
v 0.5 0.6 -2.7
v 0.5 0.6 -2.8
v 0.6 0.6 -2.8
v -0.6 0.7 2.9
v -0.5 0.7 2.9
v -0.4 0.7 2.9
v -0.3 0.7 2.9
v -0.0999999 0.7 2.9
v -0.7 0.7 2.8
v -0.6 0.7 2.8
v -0.4 0.7 2.8
v -0.3 0.7 2.8
v -1 0.7 2.7
v -0.9 0.7 2.7
v -0.7 0.7 2.7
v -0.2 0.7 2.7
v -0.0999999 0.7 2.7
v 0.2 0.7 2.7
v 0.4 0.7 2.7
v -1.4 0.7 2.6
v -1.2 0.7 2.6
v -1 0.7 2.6
v -0.9 0.7 2.6
v -0.7 0.7 2.6
v -0.6 0.7 2.6
v -0.3 0.7 2.6
v -0.2 0.7 2.6
v 0.2 0.7 2.6
v 0.4 0.7 2.6
v -1.4 0.7 2.5
v -1.2 0.7 2.5
v 0.2 0.7 2.5
v 0.4 0.7 2.5
v -1.8 0.7 2.3
v -1.6 0.7 2.3
v -1.6 0.7 2.2
v -1.4 0.7 2.2
v -1.3 0.7 2.2
v -1.6 0.7 2.1
v -1.4 0.7 2.1
v -1.3 0.7 2.1
v -1.1 0.7 2.1
v 1.9 0.7 2.1
v 2.1 0.7 2.1
v 2.2 0.7 2.1
v -1.8 0.7 2
v -1.6 0.7 2
v -1.3 0.7 2
v -1.1 0.7 2
v 0.4 0.7 2
v 0.5 0.7 2
v 0.6 0.7 2
v 0.9 0.7 2
v 2.2 0.7 2
v 0.3 0.7 1.9
v 0.4 0.7 1.9
v 1.9 0.7 1.9
v 2.1 0.7 1.9
v 2.2 0.7 1.9
v 0.4 0.7 1.8
v 0.5 0.7 1.8
v 0.6 0.7 1.8
v 0.9 0.7 1.8
v 0.4 0.7 1.7
v 0.4 0.7 1.6
v 0.3 0.7 1.5
v 0.4 0.7 1.5
v 2.4 0.7 1.4
v 2.6 0.7 1.4
v -2.7 0.7 1.3
v -2.5 0.7 1.3
v -0.7 0.7 1.3
v -0.5 0.7 1.3
v -0.4 0.7 1.3
v 2.6 0.7 1.3
v 2.7 0.7 1.3
v -2.7 0.7 1.2
v 2.4 0.7 1.2
v 2.7 0.7 1.2
v 2.8 0.7 1.2
v -2.5 0.7 1.1
v -2.3 0.7 1.1
v -1 0.7 1.1
v -0.8 0.7 1.1
v -0.7 0.7 1.1
v -0.6 0.7 1.1
v -0.4 0.7 1.1
v -0.2 0.7 1.1
v 0 0.7 1.1
v 0.1 0.7 1.1
v 2.4 0.7 1.1
v 2.5 0.7 1.1
v 2.7 0.7 1.1
v -2.5 0.7 1
v -2.3 0.7 1
v -1.7 0.7 1
v -1.6 0.7 1
v -1.5 0.7 1
v -1.4 0.7 1
v -0.6 0.7 1
v -0.2 0.7 1
v 0 0.7 1
v 0.1 0.7 1
v 0.2 0.7 1
v 1.3 0.7 1
v 1.4 0.7 1
v 2.4 0.7 1
v 2.5 0.7 1
v 2.7 0.7 1
v 2.8 0.7 1
v -1.7 0.7 0.9
v -1.6 0.7 0.9
v -1 0.7 0.9
v -0.8 0.7 0.9
v 0 0.7 0.9
v 0.1 0.7 0.9
v 0.6 0.7 0.9
v 0.7 0.7 0.9
v 0.8 0.7 0.9
v 0.9 0.7 0.9
v 1 0.7 0.9
v 1.1 0.7 0.9
v 1.3 0.7 0.9
v 1.4 0.7 0.9
v 1.5 0.7 0.9
v 1.8 0.7 0.9
v 1.9 0.7 0.9
v 2 0.7 0.9
v 2.2 0.7 0.9
v 2.3 0.7 0.9
v 2.4 0.7 0.9
v -2.7 0.7 0.8
v -2.6 0.7 0.8
v -2.5 0.7 0.8
v -1.6 0.7 0.8
v -1.5 0.7 0.8
v -1.4 0.7 0.8
v -1.3 0.7 0.8
v 0.1 0.7 0.8
v 0.2 0.7 0.8
v 0.6 0.7 0.8
v 0.7 0.7 0.8
v 1 0.7 0.8
v 1.1 0.7 0.8
v 1.3 0.7 0.8
v 1.5 0.7 0.8
v 1.7 0.7 0.8
v 1.8 0.7 0.8
v 1.9 0.7 0.8
v 2.2 0.7 0.8
v 2.3 0.7 0.8
v 2.4 0.7 0.8
v 2.5 0.7 0.8
v 2.7 0.7 0.8
v 2.8 0.7 0.8
v 0.6 0.7 0.7
v 0.8 0.7 0.7
v 0.9 0.7 0.7
v 1 0.7 0.7
v 1.6 0.7 0.7
v 1.7 0.7 0.7
v 1.9 0.7 0.7
v 2 0.7 0.7
v 2.3 0.7 0.7
v 2.4 0.7 0.7
v 2.5 0.7 0.7
v 2.6 0.7 0.7
v 2.7 0.7 0.7
v 2.8 0.7 0.7
v -1.5 0.7 0.6
v -1.4 0.7 0.6
v -1.3 0.7 0.6
v 2.4 0.7 0.6
v 2.5 0.7 0.6
v 2.6 0.7 0.6
v 1.2 0.7 0.5
v 1.3 0.7 0.5
v 1.4 0.7 0.5
v 1.6 0.7 0.5
v 2 0.7 0.5
v 2.1 0.7 0.5
v 1 0.7 0.4
v 1.2 0.7 0.4
v 1.3 0.7 0.4
v 1.4 0.7 0.4
v 2 0.7 0.4
v 2.1 0.7 0.4
v 2.2 0.7 0.4
v 2.3 0.7 0.4
v 2.4 0.7 0.4
v 2.5 0.7 0.4
v 2.6 0.7 0.4
v 2.8 0.7 0.4
v 2.9 0.7 0.4
v -2.4 0.7 0.3
v -2.3 0.7 0.3
v 2.6 0.7 0.3
v 2.7 0.7 0.3
v 2.8 0.7 0.3
v 2.9 0.7 0.3
v -2.4 0.7 0.2
v -2.3 0.7 0.2
v -2.2 0.7 0.2
v -1.9 0.7 0.2
v -1.8 0.7 0.2
v 1 0.7 0.2
v 1.1 0.7 0.2
v 1.2 0.7 0.2
v 1.3 0.7 0.2
v 2 0.7 0.2
v 2.1 0.7 0.2
v 2.2 0.7 0.2
v 2.4 0.7 0.2
v 2.5 0.7 0.2
v 2.6 0.7 0.2
v 2.7 0.7 0.2
v -2.3 0.7 0.0999999
v -2.2 0.7 0.0999999
v -2 0.7 0.0999999
v -1.9 0.7 0.0999999
v -0.3 0.7 0.0999999
v -0.2 0.7 0.0999999
v 2 0.7 0.0999999
v 2.2 0.7 0.0999999
v 2.5 0.7 0.0999999
v 2.6 0.7 0.0999999
v -0.3 0.7 0
v -0.2 0.7 0
v 0.3 0.7 0
v 1.1 0.7 0
v 2.9 0.7 0
v 3 0.7 0
v -1.8 0.7 -0.1
v 0.3 0.7 -0.1
v 0.4 0.7 -0.1
v 1.1 0.7 -0.1
v 1.2 0.7 -0.1
v 2.7 0.7 -0.1
v 2.9 0.7 -0.1
v -1.8 0.7 -0.2
v -0.0999999 0.7 -0.2
v 0 0.7 -0.2
v 0.6 0.7 -0.2
v 0.8 0.7 -0.2
v 2.7 0.7 -0.2
v 2.9 0.7 -0.2
v -2 0.7 -0.3
v -1.9 0.7 -0.3
v -1.8 0.7 -0.3
v -0.3 0.7 -0.3
v -0.0999999 0.7 -0.3
v 0 0.7 -0.3
v 0.4 0.7 -0.3
v 0.6 0.7 -0.3
v 0.8 0.7 -0.3
v 0.9 0.7 -0.3
v 1 0.7 -0.3
v 1.1 0.7 -0.3
v 1.2 0.7 -0.3
v 2.9 0.7 -0.3
v 3 0.7 -0.3
v -0.3 0.7 -0.4
v -0.0999999 0.7 -0.4
v 1.1 0.7 -0.4
v 1.2 0.7 -0.4
v 1.4 0.7 -0.4
v -2 0.7 -0.5
v -1.9 0.7 -0.5
v -0.5 0.7 -0.5
v -0.4 0.7 -0.5
v -0.3 0.7 -0.5
v -0.0999999 0.7 -0.5
v 1.1 0.7 -0.5
v 1.2 0.7 -0.5
v -2.2 0.7 -0.6
v -2 0.7 -0.6
v -0.5 0.7 -0.6
v -0.4 0.7 -0.6
v -0.0999999 0.7 -0.6
v 1.1 0.7 -0.6
v 1.2 0.7 -0.6
v 1.4 0.7 -0.6
v -2.2 0.7 -0.7
v -1.9 0.7 -0.7
v -1.2 0.7 -0.7
v -1.1 0.7 -0.7
v -1 0.7 -0.7
v 1.2 0.7 -0.7
v 1.3 0.7 -0.7
v -1 0.7 -0.8
v -0.8 0.7 -0.8
v -0.7 0.7 -0.8
v -0.5 0.7 -0.8
v -0.4 0.7 -0.8
v -0.0999999 0.7 -0.8
v 1.1 0.7 -0.8
v -1.2 0.7 -0.9
v -1.1 0.7 -0.9
v -0.9 0.7 -0.9
v -0.8 0.7 -0.9
v -0.7 0.7 -0.9
v -0.5 0.7 -0.9
v -0.4 0.7 -0.9
v -0.2 0.7 -0.9
v -1.1 0.7 -1
v -1 0.7 -1
v -0.9 0.7 -1
v -0.5 0.7 -1
v -0.4 0.7 -1
v -0.2 0.7 -1
v -0.0999999 0.7 -1
v 1.1 0.7 -1
v -1 0.7 -1.1
v -0.9 0.7 -1.1
v -0.7 0.7 -1.1
v -0.6 0.7 -1.1
v -0.5 0.7 -1.1
v 1.1 0.7 -1.1
v 1.1 0.7 -1.2
v 1.4 0.7 -1.2
v 1.5 0.7 -1.2
v 1.6 0.7 -1.2
v 1.8 0.7 -1.2
v 1.9 0.7 -1.2
v 1.1 0.7 -1.3
v 1.3 0.7 -1.3
v -2.6 0.7 -1.4
v -2.3 0.7 -1.4
v -0.2 0.7 -1.4
v -0.0999999 0.7 -1.4
v 1.9 0.7 -1.4
v 2 0.7 -1.4
v -2.3 0.7 -1.5
v -2.2 0.7 -1.5
v -0.2 0.7 -1.5
v -0.0999999 0.7 -1.5
v 0 0.7 -1.5
v 0.1 0.7 -1.5
v 0.2 0.7 -1.5
v 0.3 0.7 -1.5
v 0.4 0.7 -1.5
v 1.4 0.7 -1.5
v 1.5 0.7 -1.5
v 1.6 0.7 -1.5
v 1.8 0.7 -1.5
v 1.9 0.7 -1.5
v 2 0.7 -1.5
v -2.6 0.7 -1.6
v -2.5 0.7 -1.6
v -0.0999999 0.7 -1.6
v 0.2 0.7 -1.6
v 0.3 0.7 -1.6
v 0.4 0.7 -1.6
v 1.2 0.7 -1.6
v 1.4 0.7 -1.6
v -2.5 0.7 -1.7
v -2.4 0.7 -1.7
v 0.2 0.7 -1.7
v 0.3 0.7 -1.7
v 0.4 0.7 -1.7
v 1 0.7 -1.7
v 1.2 0.7 -1.7
v 1.4 0.7 -1.7
v -2.3 0.7 -1.8
v -2.2 0.7 -1.8
v 0.1 0.7 -1.8
v 0.2 0.7 -1.8
v 0.3 0.7 -1.8
v 1 0.7 -1.8
v 1.1 0.7 -1.8
v 1.2 0.7 -1.8
v -2.4 0.7 -1.9
v -2.3 0.7 -1.9
v 0.1 0.7 -1.9
v 0.2 0.7 -1.9
v -0.6 0.7 -2
v -0.5 0.7 -2
v 2.1 0.7 -2
v 2.2 0.7 -2
v -0.6 0.7 -2.1
v -0.5 0.7 -2.1
v 2.1 0.7 -2.1
v 2.2 0.7 -2.1
v 0.5 0.7 -2.2
v 0.6 0.7 -2.2
v 1.1 0.7 -2.2
v 1.2 0.7 -2.2
v 0.5 0.7 -2.3
v 0.6 0.7 -2.3
v 0.8 0.7 -2.3
v 0.9 0.7 -2.3
v 1 0.7 -2.3
v 1.1 0.7 -2.3
v 1.2 0.7 -2.3
v -0.9 0.7 -2.4
v -0.7 0.7 -2.4
v -0.6 0.7 -2.4
v 0.7 0.7 -2.4
v 0.8 0.7 -2.4
v 0.9 0.7 -2.4
v 1.1 0.7 -2.4
v 0.7 0.7 -2.5
v 0.8 0.7 -2.5
v -0.9 0.7 -2.6
v -0.6 0.7 -2.6
v 0.5 0.7 -2.6
v 0.6 0.7 -2.6
v 0.7 0.7 -2.6
v 0.8 0.7 -2.7
v 0.9 0.7 -2.7
v 0.6 0.7 -2.8
v 0.7 0.7 -2.8
v 0.9 0.7 -2.8
v 0.7 0.7 -2.9
v 0.9 0.7 -2.9
v -0.6 0.8 2.8
v -0.3 0.8 2.8
v -0.9 0.8 2.7
v -0.7 0.8 2.7
v -0.9 0.8 2.6
v -0.8 0.8 2.6
v -0.7 0.8 2.6
v -0.6 0.8 2.6
v -0.4 0.8 2.6
v -0.3 0.8 2.6
v -1.5 0.8 2.5
v -1.1 0.8 2.5
v -1.6 0.8 2.4
v -1.5 0.8 2.4
v -1.1 0.8 2.4
v -1.1 0.8 2.3
v -1.6 0.8 2.2
v -1.3 0.8 2.2
v -1.1 0.8 2.2
v -1.3 0.8 2.1
v -1.1 0.8 2.1
v 0.2 0.8 2.1
v 0.4 0.8 2.1
v 0.2 0.8 2
v 0.4 0.8 2
v 0.2 0.8 1.9
v 0.3 0.8 1.9
v 0.4 0.8 1.9
v 0.2 0.8 1.7
v 0.2 0.8 1.6
v 0.2 0.8 1.5
v 0.3 0.8 1.5
v 0.4 0.8 1.5
v -0.4 0.8 1.3
v -0.2 0.8 1.3
v -0.0999999 0.8 1.3
v 0 0.8 1.3
v 0.3 0.8 1.3
v 0.4 0.8 1.3
v -0.4 0.8 1.1
v 0 0.8 1.1
v 0.1 0.8 1.1
v 0.2 0.8 1.1
v 2.5 0.8 1.1
v 2.7 0.8 1.1
v -2.5 0.8 1
v -2.4 0.8 1
v -2.2 0.8 1
v -2.1 0.8 1
v -2 0.8 1
v -1.9 0.8 1
v -1.8 0.8 1
v -1.7 0.8 1
v 0.1 0.8 1
v 0.2 0.8 1
v 0.3 0.8 1
v 2.4 0.8 1
v 2.5 0.8 1
v 2.7 0.8 1
v 2.8 0.8 1
v -2.1 0.8 0.9
v -2 0.8 0.9
v -1.9 0.8 0.9
v -1.7 0.8 0.9
v 0.5 0.8 0.9
v 0.6 0.8 0.9
v 1.2 0.8 0.9
v 1.3 0.8 0.9
v 2.4 0.8 0.9
v 2.8 0.8 0.9
v -2.5 0.8 0.8
v -2.4 0.8 0.8
v -2.2 0.8 0.8
v -2.1 0.8 0.8
v -1.6 0.8 0.8
v -1.5 0.8 0.8
v 0.2 0.8 0.8
v 0.3 0.8 0.8
v 0.5 0.8 0.8
v 1.7 0.8 0.8
v 1.8 0.8 0.8
v 2.1 0.8 0.8
v 2.3 0.8 0.8
v -2.4 0.8 0.7
v -2.2 0.8 0.7
v -1.7 0.8 0.7
v -1.6 0.8 0.7
v 0.3 0.8 0.7
v 0.4 0.8 0.7
v 0.5 0.8 0.7
v 0.6 0.8 0.7
v 1 0.8 0.7
v 1.2 0.8 0.7
v 1.6 0.8 0.7
v 1.7 0.8 0.7
v 2.1 0.8 0.7
v 2.3 0.8 0.7
v -2.4 0.8 0.6
v -2.2 0.8 0.6
v -2.1 0.8 0.6
v -2 0.8 0.6
v -1.9 0.8 0.6
v -1.8 0.8 0.6
v -1.7 0.8 0.6
v -1.6 0.8 0.6
v -1.5 0.8 0.6
v 1 0.8 0.6
v 1.8 0.8 0.6
v 2 0.8 0.6
v -2 0.8 0.5
v -1.9 0.8 0.5
v -1.8 0.8 0.5
v 1.2 0.8 0.5
v 1.3 0.8 0.5
v 1.4 0.8 0.5
v 1.6 0.8 0.5
v 2 0.8 0.5
v -1.8 0.8 0.4
v 1 0.8 0.4
v 1.2 0.8 0.4
v 1.3 0.8 0.4
v 1.4 0.8 0.4
v 1.5 0.8 0.4
v 1.6 0.8 0.4
v 2 0.8 0.4
v 2.1 0.8 0.4
v -1.8 0.8 0.3
v 1.3 0.8 0.3
v 1.5 0.8 0.3
v 2.1 0.8 0.3
v -2 0.8 0.2
v -1.9 0.8 0.2
v -1.8 0.8 0.2
v 1.8 0.8 0.2
v 2 0.8 0.2
v 2.1 0.8 0.2
v 2.9 0.8 0.2
v 3 0.8 0.2
v -2.2 0.8 0.0999999
v -2 0.8 0.0999999
v -1.9 0.8 0.0999999
v -0.2 0.8 0.0999999
v -0.0999999 0.8 0.0999999
v 0 0.8 0.0999999
v 1.8 0.8 0.0999999
v 2 0.8 0.0999999
v 2.8 0.8 0.0999999
v 2.9 0.8 0.0999999
v -2.2 0.8 0
v -0.4 0.8 0
v -0.2 0.8 0
v 0 0.8 0
v 0.3 0.8 0
v 2.7 0.8 0
v 2.8 0.8 0
v 2.9 0.8 0
v 3 0.8 0
v -0.4 0.8 -0.1
v -0.3 0.8 -0.1
v 0.3 0.8 -0.1
v 0.4 0.8 -0.1
v 1.1 0.8 -0.1
v 1.2 0.8 -0.1
v 2.7 0.8 -0.1
v 2.9 0.8 -0.1
v -2.2 0.8 -0.2
v -0.0999999 0.8 -0.2
v 0.1 0.8 -0.2
v 1.2 0.8 -0.2
v 1.4 0.8 -0.2
v 2.7 0.8 -0.2
v 2.9 0.8 -0.2
v -2.2 0.8 -0.3
v -2 0.8 -0.3
v -1.9 0.8 -0.3
v -0.3 0.8 -0.3
v -0.0999999 0.8 -0.3
v 0.1 0.8 -0.3
v 0.2 0.8 -0.3
v 0.4 0.8 -0.3
v 1.1 0.8 -0.3
v 1.2 0.8 -0.3
v 2.7 0.8 -0.3
v 2.8 0.8 -0.3
v 2.9 0.8 -0.3
v 3 0.8 -0.3
v -0.4 0.8 -0.4
v -0.3 0.8 -0.4
v 1.2 0.8 -0.4
v 1.4 0.8 -0.4
v 2.8 0.8 -0.4
v 2.9 0.8 -0.4
v -2.2 0.8 -0.5
v -2 0.8 -0.5
v -1.9 0.8 -0.5
v -1.1 0.8 -0.5
v -1 0.8 -0.5
v -0.9 0.8 -0.5
v -0.6 0.8 -0.5
v -0.5 0.8 -0.5
v -0.4 0.8 -0.5
v -0.3 0.8 -0.5
v 2.8 0.8 -0.5
v 2.9 0.8 -0.5
v 3 0.8 -0.5
v -2.2 0.8 -0.6
v -2 0.8 -0.6
v -0.5 0.8 -0.6
v -0.4 0.8 -0.6
v -1.1 0.8 -0.7
v -1 0.8 -0.7
v -0.9 0.8 -0.7
v -0.6 0.8 -0.7
v -1 0.8 -0.8
v -0.7 0.8 -0.8
v -0.5 0.8 -0.8
v -0.4 0.8 -0.8
v 2.7 0.8 -0.8
v 2.8 0.8 -0.8
v -0.7 0.8 -0.9
v -0.5 0.8 -0.9
v -0.4 0.8 -0.9
v -0.2 0.8 -0.9
v 2.7 0.8 -0.9
v 2.8 0.8 -0.9
v 2.9 0.8 -0.9
v -0.5 0.8 -1
v -0.4 0.8 -1
v -0.2 0.8 -1
v -0.0999999 0.8 -1
v 2.7 0.8 -1
v -0.6 0.8 -1.1
v -0.5 0.8 -1.1
v -0.2 0.8 -1.1
v 2.7 0.8 -1.1
v -0.6 0.8 -1.2
v -0.0999999 0.8 -1.2
v 1.6 0.8 -1.2
v 1.7 0.8 -1.2
v 1.8 0.8 -1.2
v 2.7 0.8 -1.2
v 2.8 0.8 -1.2
v -0.6 0.8 -1.3
v -0.5 0.8 -1.3
v -0.0999999 0.8 -1.3
v 2.1 0.8 -1.3
v 2.2 0.8 -1.3
v -0.3 0.8 -1.4
v -0.2 0.8 -1.4
v -0.0999999 0.8 -1.4
v 1.8 0.8 -1.4
v 2 0.8 -1.4
v 2.1 0.8 -1.4
v 2.2 0.8 -1.4
v -0.3 0.8 -1.5
v -0.2 0.8 -1.5
v -0.0999999 0.8 -1.5
v 1.6 0.8 -1.5
v 1.8 0.8 -1.5
v 2 0.8 -1.5
v 2.1 0.8 -1.5
v 2.2 0.8 -1.5
v -0.2 0.8 -1.6
v -0.0999999 0.8 -1.6
v 0.2 0.8 -1.6
v 1.2 0.8 -1.7
v 1.4 0.8 -1.7
v 2.1 0.8 -1.7
v 2.2 0.8 -1.7
v -0.2 0.8 -1.8
v -0.0999999 0.8 -1.8
v 0.1 0.8 -1.8
v 0.2 0.8 -1.8
v 1.1 0.8 -1.8
v 1.2 0.8 -1.8
v 1.4 0.8 -1.8
v 2.1 0.8 -1.8
v 2.2 0.8 -1.8
v 2.4 0.8 -1.8
v -0.6 0.8 -1.9
v -0.5 0.8 -1.9
v -0.2 0.8 -1.9
v 0.1 0.8 -1.9
v 1.1 0.8 -1.9
v 1.2 0.8 -1.9
v 1.4 0.8 -1.9
v 2.1 0.8 -1.9
v 2.3 0.8 -1.9
v 2.4 0.8 -1.9
v -0.6 0.8 -2
v -0.5 0.8 -2
v 1.1 0.8 -2
v 2.1 0.8 -2
v 2.2 0.8 -2
v 2.3 0.8 -2
v 1.1 0.8 -2.1
v 1.1 0.8 -2.2
v 1.2 0.8 -2.2
v 1.5 0.8 -2.2
v 1.6 0.8 -2.2
v 1.7 0.8 -2.2
v 1.8 0.8 -2.2
v 1.9 0.8 -2.2
v 2 0.8 -2.2
v 1.5 0.8 -2.3
v 1.6 0.8 -2.3
v 1.9 0.8 -2.3
v 2 0.8 -2.3
v 0.9 0.8 -2.4
v 1 0.8 -2.4
v 1.7 0.8 -2.4
v 1.9 0.8 -2.4
v 0.8 0.8 -2.5
v 0.9 0.8 -2.5
v 1 0.8 -2.5
v 1.5 0.8 -2.5
v 1.6 0.8 -2.5
v 1.7 0.8 -2.5
v 1.5 0.8 -2.6
v 1.6 0.8 -2.6
v 0.8 0.8 -2.7
v 0.9 0.8 -2.7
v 1 0.8 -2.7
v 1.2 0.8 -2.7
v 0.9 0.8 -2.8
v 1.2 0.8 -2.8
v -0.6 0.9 3.2
v 0.6 0.9 3.2
v -1 0.9 3.1
v -0.6 0.9 3.1
v 0.6 0.9 3.1
v 1 0.9 3.1
v -1.2 0.9 3
v -1 0.9 3
v -0.5 0.9 3
v 0.5 0.9 3
v 1 0.9 3
v 1.2 0.9 3
v -1.5 0.9 2.9
v -1.2 0.9 2.9
v -0.9 0.9 2.9
v -0.5 0.9 2.9
v 0.5 0.9 2.9
v 0.9 0.9 2.9
v 1.2 0.9 2.9
v 1.5 0.9 2.9
v -1.6 0.9 2.8
v -1.5 0.9 2.8
v -1.2 0.9 2.8
v -0.9 0.9 2.8
v 0.9 0.9 2.8
v 1.2 0.9 2.8
v 1.5 0.9 2.8
v 1.6 0.9 2.8
v -1.8 0.9 2.7
v -1.6 0.9 2.7
v -1.4 0.9 2.7
v -1.2 0.9 2.7
v 1.2 0.9 2.7
v 1.4 0.9 2.7
v 1.6 0.9 2.7
v 1.8 0.9 2.7
v -1.9 0.9 2.6
v -1.8 0.9 2.6
v -1.6 0.9 2.6
v -1.4 0.9 2.6
v 1.4 0.9 2.6
v 1.6 0.9 2.6
v 1.8 0.9 2.6
v 1.9 0.9 2.6
v -2.1 0.9 2.5
v -1.9 0.9 2.5
v -1.7 0.9 2.5
v -1.6 0.9 2.5
v 1.6 0.9 2.5
v 1.7 0.9 2.5
v 1.9 0.9 2.5
v 2.1 0.9 2.5
v -2.2 0.9 2.4
v -2.1 0.9 2.4
v -1.9 0.9 2.4
v -1.7 0.9 2.4
v 1.7 0.9 2.4
v 1.9 0.9 2.4
v 2.1 0.9 2.4
v 2.2 0.9 2.4
v -2.3 0.9 2.3
v -2.2 0.9 2.3
v -2 0.9 2.3
v -1.9 0.9 2.3
v 1.9 0.9 2.3
v 2 0.9 2.3
v 2.2 0.9 2.3
v 2.3 0.9 2.3
v -2.4 0.9 2.2
v -2.3 0.9 2.2
v -2.1 0.9 2.2
v -2 0.9 2.2
v 2 0.9 2.2
v 2.1 0.9 2.2
v 2.3 0.9 2.2
v 2.4 0.9 2.2
v -2.5 0.9 2.1
v -2.4 0.9 2.1
v -2.2 0.9 2.1
v -2.1 0.9 2.1
v 2.1 0.9 2.1
v 2.2 0.9 2.1
v 2.4 0.9 2.1
v 2.5 0.9 2.1
v -2.3 0.9 2
v -2.2 0.9 2
v 2.2 0.9 2
v 2.3 0.9 2
v -2.6 0.9 1.9
v -2.5 0.9 1.9
v -2.4 0.9 1.9
v -2.3 0.9 1.9
v 2.3 0.9 1.9
v 2.4 0.9 1.9
v 2.5 0.9 1.9
v 2.6 0.9 1.9
v -2.7 0.9 1.8
v -2.6 0.9 1.8
v 2.4 0.9 1.8
v 2.6 0.9 1.8
v 2.7 0.9 1.8
v -2.5 0.9 1.7
v -2.4 0.9 1.7
v 2.4 0.9 1.7
v 2.5 0.9 1.7
v -2.8 0.9 1.6
v -2.7 0.9 1.6
v -2.6 0.9 1.6
v -2.5 0.9 1.6
v 2.5 0.9 1.6
v 2.6 0.9 1.6
v 2.7 0.9 1.6
v 2.8 0.9 1.6
v -2.9 0.9 1.5
v -2.8 0.9 1.5
v 0.2 0.9 1.5
v 0.3 0.9 1.5
v 2.8 0.9 1.5
v 2.9 0.9 1.5
v -2.7 0.9 1.4
v -2.6 0.9 1.4
v 0.2 0.9 1.4
v 2.6 0.9 1.4
v 2.7 0.9 1.4
v 0 0.9 1.3
v 0.1 0.9 1.3
v 0.2 0.9 1.3
v 0.3 0.9 1.3
v 0.4 0.9 1.3
v -3 0.9 1.2
v -2.9 0.9 1.2
v -2.8 0.9 1.2
v -2.7 0.9 1.2
v 0.4 0.9 1.2
v 2.7 0.9 1.2
v 2.8 0.9 1.2
v 2.9 0.9 1.2
v 3 0.9 1.2
v 0 0.9 1.1
v 0.2 0.9 1.1
v 0.4 0.9 1.1
v -3.1 0.9 1
v -3 0.9 1
v 0.2 0.9 1
v 0.3 0.9 1
v 0.4 0.9 1
v 3 0.9 1
v 3.1 0.9 1
v -2.9 0.9 0.9
v -2.8 0.9 0.9
v -1.9 0.9 0.9
v -1.6 0.9 0.9
v 0.4 0.9 0.9
v 0.5 0.9 0.9
v 1 0.9 0.9
v 1.1 0.9 0.9
v 1.2 0.9 0.9
v 2.4 0.9 0.9
v 2.5 0.9 0.9
v 2.7 0.9 0.9
v 2.8 0.9 0.9
v 2.9 0.9 0.9
v -2.9 0.9 0.8
v -2.4 0.9 0.8
v -2.2 0.9 0.8
v 0.3 0.9 0.8
v 0.5 0.9 0.8
v 1.8 0.9 0.8
v 2.1 0.9 0.8
v 2.4 0.9 0.8
v 2.5 0.9 0.8
v 2.7 0.9 0.8
v 2.8 0.9 0.8
v -2.9 0.9 0.7
v -2.4 0.9 0.7
v -2.3 0.9 0.7
v -2.2 0.9 0.7
v -1.7 0.9 0.7
v -1.6 0.9 0.7
v 1 0.9 0.7
v 1.2 0.9 0.7
v 2 0.9 0.7
v 2.1 0.9 0.7
v 2.2 0.9 0.7
v 2.3 0.9 0.7
v 2.8 0.9 0.7
v 2.9 0.9 0.7
v -3.2 0.9 0.6
v -3.1 0.9 0.6
v -2.9 0.9 0.6
v -2.4 0.9 0.6
v -2.3 0.9 0.6
v -2.1 0.9 0.6
v -2 0.9 0.6
v -1.9 0.9 0.6
v -1.8 0.9 0.6
v -1.7 0.9 0.6
v 1.8 0.9 0.6
v 2 0.9 0.6
v 2.2 0.9 0.6
v 2.3 0.9 0.6
v 2.8 0.9 0.6
v 3.1 0.9 0.6
v 3.2 0.9 0.6
v -3 0.9 0.5
v -2.9 0.9 0.5
v -2.4 0.9 0.5
v -2 0.9 0.5
v -1.9 0.9 0.5
v 1.6 0.9 0.5
v 2 0.9 0.5
v 2.8 0.9 0.5
v 2.9 0.9 0.5
v 3 0.9 0.5
v -2.4 0.9 0.4
v 1.5 0.9 0.4
v 1.6 0.9 0.4
v 1.8 0.9 0.4
v 2 0.9 0.4
v 2.8 0.9 0.4
v -2.4 0.9 0.3
v -2.3 0.9 0.3
v -2.1 0.9 0.3
v 1.5 0.9 0.3
v 1.6 0.9 0.3
v 2.5 0.9 0.3
v 2.6 0.9 0.3
v 2.7 0.9 0.3
v 2.8 0.9 0.3
v -2.1 0.9 0.2
v -2 0.9 0.2
v -1.9 0.9 0.2
v 1.2 0.9 0.2
v 1.3 0.9 0.2
v 1.8 0.9 0.2
v 2 0.9 0.2
v 2.9 0.9 0.2
v 3 0.9 0.2
v -2.3 0.9 0.0999999
v -2.2 0.9 0.0999999
v -2 0.9 0.0999999
v 1.3 0.9 0.0999999
v 1.4 0.9 0.0999999
v 2.5 0.9 0.0999999
v 2.6 0.9 0.0999999
v 2.7 0.9 0.0999999
v 2.8 0.9 0.0999999
v 2.9 0.9 0.0999999
v -0.6 0.9 0
v -0.4 0.9 0
v 1.4 0.9 0
v 2.7 0.9 0
v 2.8 0.9 0
v -0.8 0.9 -0.1
v -0.6 0.9 -0.1
v -0.4 0.9 -0.1
v -0.3 0.9 -0.1
v -0.8 0.9 -0.2
v -0.7 0.9 -0.2
v -0.6 0.9 -0.2
v 1.2 0.9 -0.2
v 1.4 0.9 -0.2
v -0.8 0.9 -0.3
v 2.7 0.9 -0.3
v 2.8 0.9 -0.3
v -0.8 0.9 -0.4
v -0.7 0.9 -0.4
v -0.4 0.9 -0.4
v -0.3 0.9 -0.4
v 2.7 0.9 -0.4
v 2.8 0.9 -0.4
v 2.9 0.9 -0.4
v -3 0.9 -0.5
v -2.9 0.9 -0.5
v -0.9 0.9 -0.5
v -0.8 0.9 -0.5
v -0.6 0.9 -0.5
v -0.4 0.9 -0.5
v 2.8 0.9 -0.5
v 2.9 0.9 -0.5
v 3 0.9 -0.5
v -3.2 0.9 -0.6
v -3.1 0.9 -0.6
v -2.9 0.9 -0.6
v 3.1 0.9 -0.6
v 3.2 0.9 -0.6
v -0.9 0.9 -0.7
v -0.6 0.9 -0.7
v 2.7 0.9 -0.7
v 2.7 0.9 -0.8
v 2.8 0.9 -0.8
v -2.9 0.9 -0.9
v -2.8 0.9 -0.9
v 2.8 0.9 -0.9
v 2.9 0.9 -0.9
v -3.1 0.9 -1
v -3 0.9 -1
v 3 0.9 -1
v 3.1 0.9 -1
v -0.5 0.9 -1.1
v -0.2 0.9 -1.1
v -3 0.9 -1.2
v -2.9 0.9 -1.2
v -2.8 0.9 -1.2
v -2.7 0.9 -1.2
v 1.8 0.9 -1.2
v 2 0.9 -1.2
v 2.1 0.9 -1.2
v 2.5 0.9 -1.2
v 2.6 0.9 -1.2
v 2.7 0.9 -1.2
v 2.8 0.9 -1.2
v 2.9 0.9 -1.2
v 3 0.9 -1.2
v -0.5 0.9 -1.3
v -0.3 0.9 -1.3
v 2.3 0.9 -1.3
v 2.5 0.9 -1.3
v 2.6 0.9 -1.3
v 2.7 0.9 -1.3
v -2.7 0.9 -1.4
v -2.6 0.9 -1.4
v -0.3 0.9 -1.4
v -0.2 0.9 -1.4
v 1.8 0.9 -1.4
v 2.1 0.9 -1.4
v 2.2 0.9 -1.4
v 2.3 0.9 -1.4
v 2.6 0.9 -1.4
v 2.7 0.9 -1.4
v -2.9 0.9 -1.5
v -2.8 0.9 -1.5
v 2.1 0.9 -1.5
v 2.2 0.9 -1.5
v 2.8 0.9 -1.5
v 2.9 0.9 -1.5
v -2.8 0.9 -1.6
v -2.7 0.9 -1.6
v -2.6 0.9 -1.6
v -2.5 0.9 -1.6
v 2.1 0.9 -1.6
v 2.5 0.9 -1.6
v 2.6 0.9 -1.6
v 2.7 0.9 -1.6
v 2.8 0.9 -1.6
v -2.5 0.9 -1.7
v -2.4 0.9 -1.7
v 2.1 0.9 -1.7
v 2.2 0.9 -1.7
v 2.4 0.9 -1.7
v 2.5 0.9 -1.7
v -2.7 0.9 -1.8
v -2.6 0.9 -1.8
v -0.5 0.9 -1.8
v -0.4 0.9 -1.8
v -0.2 0.9 -1.8
v 2.2 0.9 -1.8
v 2.4 0.9 -1.8
v 2.6 0.9 -1.8
v 2.7 0.9 -1.8
v -2.6 0.9 -1.9
v -2.5 0.9 -1.9
v -2.4 0.9 -1.9
v -2.3 0.9 -1.9
v -0.5 0.9 -1.9
v -0.4 0.9 -1.9
v -0.3 0.9 -1.9
v -0.2 0.9 -1.9
v 1.2 0.9 -1.9
v 1.4 0.9 -1.9
v 2.3 0.9 -1.9
v 2.4 0.9 -1.9
v 2.5 0.9 -1.9
v 2.6 0.9 -1.9
v -2.3 0.9 -2
v -2.2 0.9 -2
v 1.4 0.9 -2
v 2.2 0.9 -2
v 2.3 0.9 -2
v -2.5 0.9 -2.1
v -2.4 0.9 -2.1
v -2.2 0.9 -2.1
v -2.1 0.9 -2.1
v 1.4 0.9 -2.1
v 2.1 0.9 -2.1
v 2.2 0.9 -2.1
v 2.4 0.9 -2.1
v 2.5 0.9 -2.1
v -2.4 0.9 -2.2
v -2.3 0.9 -2.2
v -2.1 0.9 -2.2
v -2 0.9 -2.2
v 1.1 0.9 -2.2
v 1.2 0.9 -2.2
v 1.4 0.9 -2.2
v 1.5 0.9 -2.2
v 2 0.9 -2.2
v 2.1 0.9 -2.2
v 2.3 0.9 -2.2
v 2.4 0.9 -2.2
v -2.3 0.9 -2.3
v -2.2 0.9 -2.3
v -2 0.9 -2.3
v -1.9 0.9 -2.3
v 1 0.9 -2.3
v 1.1 0.9 -2.3
v 1.4 0.9 -2.3
v 1.5 0.9 -2.3
v 1.6 0.9 -2.3
v 1.9 0.9 -2.3
v 2 0.9 -2.3
v 2.2 0.9 -2.3
v 2.3 0.9 -2.3
v -2.2 0.9 -2.4
v -2.1 0.9 -2.4
v -1.9 0.9 -2.4
v -1.8 0.9 -2.4
v -1.7 0.9 -2.4
v 1.2 0.9 -2.4
v 1.4 0.9 -2.4
v 1.7 0.9 -2.4
v 1.9 0.9 -2.4
v 2.1 0.9 -2.4
v 2.2 0.9 -2.4
v -2.1 0.9 -2.5
v -1.9 0.9 -2.5
v -1.7 0.9 -2.5
v -1.6 0.9 -2.5
v 1 0.9 -2.5
v 1.2 0.9 -2.5
v 1.5 0.9 -2.5
v 1.6 0.9 -2.5
v 1.7 0.9 -2.5
v 1.9 0.9 -2.5
v 2.1 0.9 -2.5
v -1.9 0.9 -2.6
v -1.8 0.9 -2.6
v -1.6 0.9 -2.6
v -1.4 0.9 -2.6
v 1.4 0.9 -2.6
v 1.5 0.9 -2.6
v 1.6 0.9 -2.6
v 1.8 0.9 -2.6
v 1.9 0.9 -2.6
v -1.8 0.9 -2.7
v -1.6 0.9 -2.7
v -1.4 0.9 -2.7
v -1.2 0.9 -2.7
v 1 0.9 -2.7
v 1.2 0.9 -2.7
v 1.4 0.9 -2.7
v 1.6 0.9 -2.7
v 1.8 0.9 -2.7
v -1.6 0.9 -2.8
v -1.5 0.9 -2.8
v -1.2 0.9 -2.8
v -0.9 0.9 -2.8
v 0.9 0.9 -2.8
v 1.2 0.9 -2.8
v 1.5 0.9 -2.8
v 1.6 0.9 -2.8
v -1.5 0.9 -2.9
v -1.2 0.9 -2.9
v -0.9 0.9 -2.9
v -0.5 0.9 -2.9
v 0.5 0.9 -2.9
v 0.9 0.9 -2.9
v 1.2 0.9 -2.9
v 1.5 0.9 -2.9
v -1.2 0.9 -3
v -1 0.9 -3
v -0.5 0.9 -3
v 0.5 0.9 -3
v 1 0.9 -3
v 1.2 0.9 -3
v -1 0.9 -3.1
v -0.6 0.9 -3.1
v 0.6 0.9 -3.1
v 1 0.9 -3.1
v -0.6 0.9 -3.2
v 0.6 0.9 -3.2
v -2.5 1 1
v -2.3 1 1
v -2.2 1 1
v 2.5 1 0.9
v 2.7 1 0.9
v -2.5 1 0.8
v -2.4 1 0.8
v -2.2 1 0.8
v 2.5 1 0.8
v 2.6 1 0.8
v 2.7 1 0.8
v -2.3 1 0.7
v -2.1 1 0.7
v 2 1 0.7
v 2.2 1 0.7
v 2.2 1 0.6
v 2.3 1 0.6
v 2.3 1 0.5
v 1.6 1 0.4
v 1.8 1 0.4
v 2 1 0.4
v 2.1 1 0.4
v 2.3 1 0.4
v -2.3 1 0.3
v -2.1 1 0.3
v 1.3 1 0.3
v 1.6 1 0.3
v 2.1 1 0.3
v 2.3 1 0.3
v 1.3 1 0.0999999
v 1.4 1 0.0999999
v 1.5 1 0.0999999
v 1.6 1 0.0999999
v 1.7 1 0.0999999
v 1.8 1 0.0999999
v -0.6 1 -0.1
v -0.4 1 -0.1
v -0.7 1 -0.2
v -0.6 1 -0.2
v -0.7 1 -0.4
v -0.4 1 -0.4
v 2.1 1 -1.2
v 2.3 1 -1.2
v 2.4 1 -1.2
v 2.5 1 -1.2
v -0.6 1 -1.3
v -0.3 1 -1.3
v 2.3 1 -1.3
v 2.5 1 -1.3
v -0.6 1 -1.4
v 2.1 1 -1.4
v 2.3 1 -1.4
v -0.3 1 -1.5
v -0.2 1 -1.5
v -0.6 1 -1.6
v -0.2 1 -1.6
v -0.0999999 1 -1.6
v -0.5 1 -1.8
v -0.0999999 1 -1.8
v -0.6 1 -1.9
v -0.5 1 -1.9
v 1.2 1.1 2.5
v 1.3 1.1 2.5
v 1.4 1.1 2.5
v 1.5 1.1 2.5
v 1.6 1.1 2.5
v 1.7 1.1 2.5
v 1.2 1.1 2.4
v 1.3 1.1 2.4
v 1.4 1.1 2.4
v 1.5 1.1 2.4
v 1.6 1.1 2.4
v 1.7 1.1 2.4
v 1.2 1.1 2.3
v 1.3 1.1 2.3
v 1.4 1.1 2.3
v 1.5 1.1 2.3
v 1.6 1.1 2.3
v 1.7 1.1 2.3
v 1.2 1.1 2.2
v 1.3 1.1 2.2
v 1.4 1.1 2.2
v 1.5 1.1 2.2
v 1.6 1.1 2.2
v 1.7 1.1 2.2
v 1.2 1.1 2.1
v 1.3 1.1 2.1
v 1.4 1.1 2.1
v 1.5 1.1 2.1
v 1.6 1.1 2.1
v 1.7 1.1 2.1
v 1.2 1.1 2
v 1.3 1.1 2
v 1.4 1.1 2
v 1.5 1.1 2
v 1.6 1.1 2
v 1.7 1.1 2
v 0.4 1.1 1.8
v 0.5 1.1 1.8
v 0.6 1.1 1.8
v 1 1.1 1.8
v 1.1 1.1 1.8
v 1.2 1.1 1.8
v 0.4 1.1 1.7
v 0.5 1.1 1.7
v 0.6 1.1 1.7
v 1 1.1 1.7
v 1.1 1.1 1.7
v 1.2 1.1 1.7
v 0.4 1.1 1.6
v 0.5 1.1 1.6
v 0.6 1.1 1.6
v 0.7 1.1 1.6
v 0.9 1.1 1.6
v 1 1.1 1.6
v 1.1 1.1 1.6
v 1.2 1.1 1.6
v 0.6 1.1 1.5
v 0.7 1.1 1.5
v 0.9 1.1 1.5
v 1 1.1 1.5
v 0.4 1.1 1.4
v 0.5 1.1 1.4
v 0.6 1.1 1.4
v 0.7 1.1 1.4
v 0.9 1.1 1.4
v 1 1.1 1.4
v 1.1 1.1 1.4
v 1.2 1.1 1.4
v 0.4 1.1 1.3
v 0.5 1.1 1.3
v 0.6 1.1 1.3
v 0.7 1.1 1.3
v 0.9 1.1 1.3
v 1 1.1 1.3
v 1.1 1.1 1.3
v 1.2 1.1 1.3
v 0.4 1.1 1.2
v 0.5 1.1 1.2
v 0.6 1.1 1.2
v 0.7 1.1 1.2
v 0.9 1.1 1.2
v 1 1.1 1.2
v 1.1 1.1 1.2
v 1.2 1.1 1.2
v 0.4 1.1 1.1
v 0.5 1.1 1.1
v 0.6 1.1 1.1
v 0.7 1.1 1.1
v 0.9 1.1 1.1
v 1 1.1 1.1
v 1.1 1.1 1.1
v 1.2 1.1 1.1
v 0.5 1.1 1
v 0.6 1.1 1
v 0.7 1.1 1
v 0.9 1.1 1
v 1 1.1 1
v 1.1 1.1 1
v 0.4 1.1 0.9
v 0.5 1.1 0.9
v 0.6 1.1 0.9
v 1 1.1 0.9
v 1.1 1.1 0.9
v 1.2 1.1 0.9
v -2.9 1.1 0.0999999
v -2.8 1.1 0.0999999
v -2.7 1.1 0.0999999
v -2.4 1.1 0.0999999
v -2.3 1.1 0.0999999
v -2.2 1.1 0.0999999
v -2.9 1.1 0
v -2.8 1.1 0
v -2.7 1.1 0
v -2.6 1.1 0
v -2.5 1.1 0
v -2.4 1.1 0
v -2.3 1.1 0
v -2.2 1.1 0
v -2.8 1.1 -0.1
v -2.7 1.1 -0.1
v -2.6 1.1 -0.1
v -2.5 1.1 -0.1
v -2.4 1.1 -0.1
v -2.3 1.1 -0.1
v -2.9 1.1 -0.2
v -2.8 1.1 -0.2
v -2.7 1.1 -0.2
v -2.6 1.1 -0.2
v -2.5 1.1 -0.2
v -2.4 1.1 -0.2
v -2.3 1.1 -0.2
v -2.2 1.1 -0.2
v -2.9 1.1 -0.3
v -2.8 1.1 -0.3
v -2.7 1.1 -0.3
v -2.6 1.1 -0.3
v -2.5 1.1 -0.3
v -2.4 1.1 -0.3
v -2.3 1.1 -0.3
v -2.2 1.1 -0.3
v -0.0999999 1.1 -0.3
v 0 1.1 -0.3
v 0.2 1.1 -0.3
v 0.3 1.1 -0.3
v 0.7 1.1 -0.3
v 0.8 1.1 -0.3
v 1 1.1 -0.3
v 1.1 1.1 -0.3
v -2.9 1.1 -0.4
v -2.8 1.1 -0.4
v -2.7 1.1 -0.4
v -2.6 1.1 -0.4
v -2.5 1.1 -0.4
v -2.4 1.1 -0.4
v -2.3 1.1 -0.4
v -2.2 1.1 -0.4
v -0.0999999 1.1 -0.4
v 0 1.1 -0.4
v 0.1 1.1 -0.4
v 0.2 1.1 -0.4
v 0.3 1.1 -0.4
v 0.7 1.1 -0.4
v 0.8 1.1 -0.4
v 0.9 1.1 -0.4
v 1 1.1 -0.4
v 1.1 1.1 -0.4
v -2.9 1.1 -0.5
v -2.8 1.1 -0.5
v -2.7 1.1 -0.5
v -2.6 1.1 -0.5
v -2.4 1.1 -0.5
v -2.3 1.1 -0.5
v -2.2 1.1 -0.5
v 0 1.1 -0.5
v 0.1 1.1 -0.5
v 0.2 1.1 -0.5
v 0.3 1.1 -0.5
v 0.4 1.1 -0.5
v 0.6 1.1 -0.5
v 0.7 1.1 -0.5
v 0.8 1.1 -0.5
v 0.9 1.1 -0.5
v 1 1.1 -0.5
v -2.9 1.1 -0.6
v -2.8 1.1 -0.6
v -2.7 1.1 -0.6
v -2.4 1.1 -0.6
v -2.3 1.1 -0.6
v -2.2 1.1 -0.6
v -0.0999999 1.1 -0.6
v 0 1.1 -0.6
v 0.2 1.1 -0.6
v 0.3 1.1 -0.6
v 0.4 1.1 -0.6
v 0.6 1.1 -0.6
v 0.7 1.1 -0.6
v 0.8 1.1 -0.6
v 1 1.1 -0.6
v 1.1 1.1 -0.6
v 0.1 1.1 -0.7
v 0.2 1.1 -0.7
v 0.3 1.1 -0.7
v 0.4 1.1 -0.7
v 0.6 1.1 -0.7
v 0.8 1.1 -0.7
v 0.9 1.1 -0.7
v -0.0999999 1.1 -0.8
v 0 1.1 -0.8
v 0.3 1.1 -0.8
v 0.4 1.1 -0.8
v 0.5 1.1 -0.8
v 0.6 1.1 -0.8
v 0.7 1.1 -0.8
v 0.8 1.1 -0.8
v 1 1.1 -0.8
v 1.1 1.1 -0.8
v 0.4 1.1 -0.9
v 0.5 1.1 -0.9
v -0.0999999 1.1 -1
v 0 1.1 -1
v 0.3 1.1 -1
v 0.4 1.1 -1
v 0.6 1.1 -1
v 0.7 1.1 -1
v 0.8 1.1 -1
v 1 1.1 -1
v 1.1 1.1 -1
v -0.0999999 1.1 -1.1
v 0 1.1 -1.1
v 0.1 1.1 -1.1
v 0.2 1.1 -1.1
v 0.3 1.1 -1.1
v 0.4 1.1 -1.1
v 0.6 1.1 -1.1
v 0.8 1.1 -1.1
v 0.9 1.1 -1.1
v 1 1.1 -1.1
v 1.1 1.1 -1.1
v -0.0999999 1.1 -1.2
v 0 1.1 -1.2
v 0.1 1.1 -1.2
v 0.2 1.1 -1.2
v 0.3 1.1 -1.2
v 0.4 1.1 -1.2
v 0.6 1.1 -1.2
v 0.7 1.1 -1.2
v 0.8 1.1 -1.2
v 0.9 1.1 -1.2
v 1 1.1 -1.2
v 1.1 1.1 -1.2
v -0.0999999 1.1 -1.3
v 0 1.1 -1.3
v 0.2 1.1 -1.3
v 0.4 1.1 -1.3
v 0.6 1.1 -1.3
v 0.7 1.1 -1.3
v 0.8 1.1 -1.3
v 1 1.1 -1.3
v 1.1 1.1 -1.3
v 0 1.1 -1.4
v 0.2 1.1 -1.4
v 0.3 1.1 -1.4
v 0.4 1.1 -1.4
v 0.6 1.1 -1.4
v 0.7 1.1 -1.4
v 0.8 1.1 -1.4
v 1 1.1 -1.4
v -0.0999999 1.1 -1.5
v 0 1.1 -1.5
v 0.2 1.1 -1.5
v 0.3 1.1 -1.5
v 0.7 1.1 -1.5
v 0.8 1.1 -1.5
v 1 1.1 -1.5
v 1.1 1.1 -1.5
v -2.9 1.2 0.8
v -2.8 1.2 0.8
v -2.7 1.2 0.8
v -2.6 1.2 0.8
v -2.5 1.2 0.8
v -2.4 1.2 0.8
v -0.6 1.2 0.8
v -0.5 1.2 0.8
v -0.4 1.2 0.8
v -0.3 1.2 0.8
v -0.2 1.2 0.8
v -0.0999999 1.2 0.8
v 0 1.2 0.8
v 0.1 1.2 0.8
v -2.9 1.2 0.7
v -2.8 1.2 0.7
v -2.7 1.2 0.7
v -2.6 1.2 0.7
v -2.5 1.2 0.7
v -2.4 1.2 0.7
v -0.6 1.2 0.7
v -0.5 1.2 0.7
v -0.4 1.2 0.7
v -0.3 1.2 0.7
v -0.2 1.2 0.7
v -0.0999999 1.2 0.7
v 0 1.2 0.7
v 0.1 1.2 0.7
v -2.9 1.2 0.6
v -2.8 1.2 0.6
v -2.7 1.2 0.6
v -2.6 1.2 0.6
v -2.5 1.2 0.6
v -2.4 1.2 0.6
v -0.6 1.2 0.6
v -0.5 1.2 0.6
v -0.4 1.2 0.6
v -0.3 1.2 0.6
v -0.2 1.2 0.6
v -0.0999999 1.2 0.6
v 0 1.2 0.6
v 0.1 1.2 0.6
v -2.9 1.2 0.5
v -2.8 1.2 0.5
v -2.7 1.2 0.5
v -2.6 1.2 0.5
v -2.5 1.2 0.5
v -2.4 1.2 0.5
v -0.6 1.2 0.5
v -0.5 1.2 0.5
v -0.4 1.2 0.5
v -0.3 1.2 0.5
v -0.2 1.2 0.5
v -0.0999999 1.2 0.5
v 0 1.2 0.5
v 0.1 1.2 0.5
v -2.9 1.2 0.4
v -2.8 1.2 0.4
v -2.7 1.2 0.4
v -2.6 1.2 0.4
v -2.5 1.2 0.4
v -2.4 1.2 0.4
v -0.6 1.2 0.4
v -0.5 1.2 0.4
v -0.4 1.2 0.4
v -0.3 1.2 0.4
v -0.2 1.2 0.4
v -0.0999999 1.2 0.4
v 0 1.2 0.4
v 0.1 1.2 0.4
v -2.9 1.2 0.3
v -2.8 1.2 0.3
v -2.7 1.2 0.3
v -2.6 1.2 0.3
v -2.5 1.2 0.3
v -2.4 1.2 0.3
v -0.6 1.2 0.3
v -0.5 1.2 0.3
v -0.4 1.2 0.3
v -0.3 1.2 0.3
v -0.2 1.2 0.3
v -0.0999999 1.2 0.3
v 0 1.2 0.3
v 0.1 1.2 0.3
v -0.6 1.2 0.2
v -0.5 1.2 0.2
v -0.4 1.2 0.2
v -0.3 1.2 0.2
v -0.2 1.2 0.2
v -0.0999999 1.2 0.2
v 0 1.2 0.2
v 0.1 1.2 0.2
v -0.6 1.2 0.0999999
v -0.5 1.2 0.0999999
v -0.4 1.2 0.0999999
v -0.3 1.2 0.0999999
v -0.2 1.2 0.0999999
v -0.0999999 1.2 0.0999999
v 0 1.2 0.0999999
v 0.1 1.2 0.0999999
v 0.6 1.2 -1.8
v 0.7 1.2 -1.8
v 0.8 1.2 -1.8
v 0.9 1.2 -1.8
v 1 1.2 -1.8
v 1.1 1.2 -1.8
v 0.6 1.2 -1.9
v 0.7 1.2 -1.9
v 0.8 1.2 -1.9
v 0.9 1.2 -1.9
v 1 1.2 -1.9
v 1.1 1.2 -1.9
v 0.6 1.2 -2
v 0.7 1.2 -2
v 0.8 1.2 -2
v 0.9 1.2 -2
v 1 1.2 -2
v 1.1 1.2 -2
v 0.6 1.2 -2.1
v 0.7 1.2 -2.1
v 0.8 1.2 -2.1
v 0.9 1.2 -2.1
v 1 1.2 -2.1
v 1.1 1.2 -2.1
v 0.6 1.2 -2.2
v 0.7 1.2 -2.2
v 0.8 1.2 -2.2
v 0.9 1.2 -2.2
v 1 1.2 -2.2
v 1.1 1.2 -2.2
v 0.6 1.2 -2.3
v 0.7 1.2 -2.3
v 0.8 1.2 -2.3
v 0.9 1.2 -2.3
v 1 1.2 -2.3
v 1.1 1.2 -2.3
v -2.3 1.3 2
v -2.2 1.3 2
v -2.1 1.3 2
v -2 1.3 2
v -1.6 1.3 2
v -1.5 1.3 2
v -1.4 1.3 2
v -1.3 1.3 2
v -2.3 1.3 1.9
v -2.2 1.3 1.9
v -2.1 1.3 1.9
v -2 1.3 1.9
v -1.9 1.3 1.9
v -1.7 1.3 1.9
v -1.6 1.3 1.9
v -1.5 1.3 1.9
v -1.4 1.3 1.9
v -1.3 1.3 1.9
v 1.4 1.3 1.9
v 1.5 1.3 1.9
v 1.6 1.3 1.9
v 1.7 1.3 1.9
v 2.1 1.3 1.9
v 2.2 1.3 1.9
v 2.3 1.3 1.9
v 2.4 1.3 1.9
v -2.3 1.3 1.8
v -2.2 1.3 1.8
v -2.1 1.3 1.8
v -2 1.3 1.8
v -1.9 1.3 1.8
v -1.7 1.3 1.8
v -1.6 1.3 1.8
v -1.5 1.3 1.8
v -1.4 1.3 1.8
v -1.3 1.3 1.8
v 1.4 1.3 1.8
v 1.5 1.3 1.8
v 1.6 1.3 1.8
v 1.7 1.3 1.8
v 2.1 1.3 1.8
v 2.2 1.3 1.8
v 2.3 1.3 1.8
v 2.4 1.3 1.8
v -2 1.3 1.7
v -1.9 1.3 1.7
v -1.7 1.3 1.7
v 1.4 1.3 1.7
v 1.5 1.3 1.7
v 1.6 1.3 1.7
v 1.7 1.3 1.7
v 1.8 1.3 1.7
v 2 1.3 1.7
v 2.1 1.3 1.7
v 2.2 1.3 1.7
v 2.3 1.3 1.7
v 2.4 1.3 1.7
v -2.3 1.3 1.6
v -2.2 1.3 1.6
v -2.1 1.3 1.6
v -2 1.3 1.6
v -1.9 1.3 1.6
v -1.8 1.3 1.6
v -1.7 1.3 1.6
v -1.6 1.3 1.6
v -1.5 1.3 1.6
v -1.4 1.3 1.6
v -1.3 1.3 1.6
v 1.7 1.3 1.6
v 1.8 1.3 1.6
v 2 1.3 1.6
v 2.1 1.3 1.6
v -1.9 1.3 1.5
v -1.8 1.3 1.5
v 1.4 1.3 1.5
v 1.5 1.3 1.5
v 1.6 1.3 1.5
v 1.7 1.3 1.5
v 1.8 1.3 1.5
v 1.9 1.3 1.5
v 2 1.3 1.5
v 2.1 1.3 1.5
v 2.2 1.3 1.5
v 2.3 1.3 1.5
v 2.4 1.3 1.5
v -2.3 1.3 1.4
v -2.2 1.3 1.4
v -2.1 1.3 1.4
v -2 1.3 1.4
v -1.9 1.3 1.4
v -1.7 1.3 1.4
v -1.6 1.3 1.4
v -1.5 1.3 1.4
v -1.4 1.3 1.4
v -1.3 1.3 1.4
v 1.8 1.3 1.4
v 1.9 1.3 1.4
v -2.3 1.3 1.3
v -2.2 1.3 1.3
v -2.1 1.3 1.3
v -2 1.3 1.3
v -1.9 1.3 1.3
v -1.7 1.3 1.3
v -1.5 1.3 1.3
v -1.4 1.3 1.3
v -1.3 1.3 1.3
v 1.4 1.3 1.3
v 1.5 1.3 1.3
v 1.6 1.3 1.3
v 1.7 1.3 1.3
v 1.8 1.3 1.3
v 2 1.3 1.3
v 2.1 1.3 1.3
v 2.2 1.3 1.3
v 2.3 1.3 1.3
v 2.4 1.3 1.3
v -2.3 1.3 1.2
v -2.2 1.3 1.2
v -2.1 1.3 1.2
v -2 1.3 1.2
v -1.9 1.3 1.2
v -1.7 1.3 1.2
v -1.6 1.3 1.2
v -1.5 1.3 1.2
v -1.4 1.3 1.2
v -1.3 1.3 1.2
v 1.4 1.3 1.2
v 1.5 1.3 1.2
v 1.6 1.3 1.2
v 1.7 1.3 1.2
v 1.8 1.3 1.2
v 2 1.3 1.2
v 2.1 1.3 1.2
v 2.2 1.3 1.2
v 2.3 1.3 1.2
v 2.4 1.3 1.2
v -2.2 1.3 1.1
v -2.1 1.3 1.1
v -2 1.3 1.1
v -1.9 1.3 1.1
v -1.7 1.3 1.1
v -1.6 1.3 1.1
v -1.5 1.3 1.1
v -1.4 1.3 1.1
v 1.4 1.3 1.1
v 1.5 1.3 1.1
v 1.6 1.3 1.1
v 1.8 1.3 1.1
v 2 1.3 1.1
v 2.1 1.3 1.1
v 2.2 1.3 1.1
v 2.3 1.3 1.1
v 2.4 1.3 1.1
v -2.3 1.3 1
v -2.2 1.3 1
v -2.1 1.3 1
v -2 1.3 1
v -1.6 1.3 1
v -1.5 1.3 1
v -1.4 1.3 1
v -1.3 1.3 1
v 1.5 1.3 1
v 1.6 1.3 1
v 1.7 1.3 1
v 1.8 1.3 1
v 2 1.3 1
v 2.1 1.3 1
v 2.2 1.3 1
v 2.3 1.3 1
v 1.4 1.3 0.9
v 1.5 1.3 0.9
v 1.6 1.3 0.9
v 1.7 1.3 0.9
v 2.1 1.3 0.9
v 2.2 1.3 0.9
v 2.3 1.3 0.9
v 2.4 1.3 0.9
v 2.3 1.3 0.8
v 2.4 1.3 0.8
v 2.5 1.3 0.8
v 2.6 1.3 0.8
v 2.7 1.3 0.8
v 2.8 1.3 0.8
v 2.3 1.3 0.7
v 2.4 1.3 0.7
v 2.5 1.3 0.7
v 2.6 1.3 0.7
v 2.7 1.3 0.7
v 2.8 1.3 0.7
v 2.3 1.3 0.6
v 2.4 1.3 0.6
v 2.5 1.3 0.6
v 2.6 1.3 0.6
v 2.7 1.3 0.6
v 2.8 1.3 0.6
v 2.3 1.3 0.5
v 2.4 1.3 0.5
v 2.5 1.3 0.5
v 2.6 1.3 0.5
v 2.7 1.3 0.5
v 2.8 1.3 0.5
v 2.3 1.3 0.4
v 2.4 1.3 0.4
v 2.5 1.3 0.4
v 2.6 1.3 0.4
v 2.7 1.3 0.4
v 2.8 1.3 0.4
v 2.3 1.3 0.3
v 2.4 1.3 0.3
v 2.5 1.3 0.3
v 2.6 1.3 0.3
v 2.7 1.3 0.3
v 2.8 1.3 0.3
v -2.6 1.3 -0.9
v -2.5 1.3 -0.9
v -2.4 1.3 -0.9
v -2.3 1.3 -0.9
v -2.2 1.3 -0.9
v -2.1 1.3 -0.9
v -2.6 1.3 -1
v -2.5 1.3 -1
v -2.4 1.3 -1
v -2.3 1.3 -1
v -2.2 1.3 -1
v -2.1 1.3 -1
v -2.6 1.3 -1.1
v -2.5 1.3 -1.1
v -2.4 1.3 -1.1
v -2.3 1.3 -1.1
v -2.2 1.3 -1.1
v -2.1 1.3 -1.1
v -2.6 1.3 -1.2
v -2.5 1.3 -1.2
v -2.4 1.3 -1.2
v -2.3 1.3 -1.2
v -2.2 1.3 -1.2
v -2.1 1.3 -1.2
v -2.6 1.3 -1.3
v -2.5 1.3 -1.3
v -2.4 1.3 -1.3
v -2.3 1.3 -1.3
v -2.2 1.3 -1.3
v -2.1 1.3 -1.3
v -2.6 1.3 -1.4
v -2.5 1.3 -1.4
v -2.4 1.3 -1.4
v -2.3 1.3 -1.4
v -2.2 1.3 -1.4
v -2.1 1.3 -1.4
v -0.5 1.3 -1.9
v -0.4 1.3 -1.9
v -0.3 1.3 -1.9
v -0.2 1.3 -1.9
v 0.2 1.3 -1.9
v 0.3 1.3 -1.9
v 0.4 1.3 -1.9
v 0.5 1.3 -1.9
v -0.5 1.3 -2
v -0.4 1.3 -2
v -0.3 1.3 -2
v -0.2 1.3 -2
v -0.0999999 1.3 -2
v 0.1 1.3 -2
v 0.2 1.3 -2
v 0.3 1.3 -2
v 0.4 1.3 -2
v 0.5 1.3 -2
v -0.5 1.3 -2.1
v -0.4 1.3 -2.1
v -0.3 1.3 -2.1
v -0.2 1.3 -2.1
v -0.0999999 1.3 -2.1
v 0.1 1.3 -2.1
v 0.2 1.3 -2.1
v 0.3 1.3 -2.1
v 0.4 1.3 -2.1
v 0.5 1.3 -2.1
v -0.2 1.3 -2.2
v -0.0999999 1.3 -2.2
v 0.1 1.3 -2.2
v 0.2 1.3 -2.2
v -0.5 1.3 -2.3
v -0.4 1.3 -2.3
v -0.3 1.3 -2.3
v -0.2 1.3 -2.3
v -0.0999999 1.3 -2.3
v 0 1.3 -2.3
v 0.1 1.3 -2.3
v 0.2 1.3 -2.3
v 0.3 1.3 -2.3
v 0.4 1.3 -2.3
v 0.5 1.3 -2.3
v -0.0999999 1.3 -2.4
v 0 1.3 -2.4
v 0.3 1.3 -2.4
v 0.4 1.3 -2.4
v -0.5 1.3 -2.5
v -0.4 1.3 -2.5
v -0.3 1.3 -2.5
v -0.2 1.3 -2.5
v -0.0999999 1.3 -2.5
v 0.1 1.3 -2.5
v 0.2 1.3 -2.5
v 0.3 1.3 -2.5
v 0.4 1.3 -2.5
v 0.5 1.3 -2.5
v -0.5 1.3 -2.6
v -0.4 1.3 -2.6
v -0.3 1.3 -2.6
v -0.2 1.3 -2.6
v -0.0999999 1.3 -2.6
v 0.1 1.3 -2.6
v 0.2 1.3 -2.6
v 0.3 1.3 -2.6
v 0.4 1.3 -2.6
v 0.5 1.3 -2.6
v -0.5 1.3 -2.7
v -0.4 1.3 -2.7
v -0.3 1.3 -2.7
v -0.0999999 1.3 -2.7
v 0 1.3 -2.7
v 0.1 1.3 -2.7
v 0.2 1.3 -2.7
v 0.3 1.3 -2.7
v 0.4 1.3 -2.7
v 0.5 1.3 -2.7
v -0.4 1.3 -2.8
v -0.3 1.3 -2.8
v -0.2 1.3 -2.8
v -0.0999999 1.3 -2.8
v 0 1.3 -2.8
v 0.1 1.3 -2.8
v 0.2 1.3 -2.8
v 0.3 1.3 -2.8
v 0.4 1.3 -2.8
v -0.5 1.3 -2.9
v -0.4 1.3 -2.9
v -0.3 1.3 -2.9
v -0.2 1.3 -2.9
v 0.2 1.3 -2.9
v 0.3 1.3 -2.9
v 0.4 1.3 -2.9
v 0.5 1.3 -2.9
v 0.4 1.4 2.7
v 0.5 1.4 2.7
v 0.6 1.4 2.7
v 0.9 1.4 2.7
v 1 1.4 2.7
v 1.1 1.4 2.7
v 0.4 1.4 2.6
v 0.5 1.4 2.6
v 0.6 1.4 2.6
v 0.7 1.4 2.6
v 0.9 1.4 2.6
v 1 1.4 2.6
v 1.1 1.4 2.6
v 0.5 1.4 2.5
v 0.7 1.4 2.5
v 0.8 1.4 2.5
v 0.4 1.4 2.4
v 0.5 1.4 2.4
v 0.6 1.4 2.4
v 0.7 1.4 2.4
v 0.8 1.4 2.4
v 0.9 1.4 2.4
v 1 1.4 2.4
v 1.1 1.4 2.4
v 0.4 1.4 2.3
v 0.5 1.4 2.3
v 0.6 1.4 2.3
v 0.7 1.4 2.3
v 0.8 1.4 2.3
v 0.9 1.4 2.3
v 1 1.4 2.3
v 1.1 1.4 2.3
v 0.4 1.4 2.2
v 0.5 1.4 2.2
v 0.6 1.4 2.2
v 0.7 1.4 2.2
v 0.8 1.4 2.2
v 0.9 1.4 2.2
v 1 1.4 2.2
v 1.1 1.4 2.2
v 0.4 1.4 2.1
v 0.5 1.4 2.1
v 0.6 1.4 2.1
v 0.7 1.4 2.1
v 0.8 1.4 2.1
v 0.9 1.4 2.1
v 1 1.4 2.1
v 1.1 1.4 2.1
v 0.4 1.4 2
v 0.5 1.4 2
v 0.6 1.4 2
v 0.9 1.4 2
v 1 1.4 2
v 1.1 1.4 2
v -1.8 1.4 0.6
v -1.7 1.4 0.6
v -1.6 1.4 0.6
v -1.5 1.4 0.6
v -1.1 1.4 0.6
v -0.9 1.4 0.6
v -0.8 1.4 0.6
v -1.8 1.4 0.5
v -1.7 1.4 0.5
v -1.6 1.4 0.5
v -1.5 1.4 0.5
v -1.1 1.4 0.5
v -1 1.4 0.5
v -0.9 1.4 0.5
v -0.8 1.4 0.5
v -1.7 1.4 0.4
v -1.6 1.4 0.4
v -1.5 1.4 0.4
v -1.4 1.4 0.4
v -1.2 1.4 0.4
v -1 1.4 0.4
v -0.9 1.4 0.4
v -1.8 1.4 0.3
v -1.7 1.4 0.3
v -1.6 1.4 0.3
v -1.4 1.4 0.3
v -1.2 1.4 0.3
v -1.1 1.4 0.3
v -0.9 1.4 0.3
v -0.8 1.4 0.3
v -1.5 1.4 0.2
v -1.4 1.4 0.2
v -1.2 1.4 0.2
v -1.1 1.4 0.2
v -1 1.4 0.2
v -1.8 1.4 0.0999999
v -1.7 1.4 0.0999999
v -1.6 1.4 0.0999999
v -1.5 1.4 0.0999999
v -1.4 1.4 0.0999999
v -1.2 1.4 0.0999999
v -1.1 1.4 0.0999999
v -0.9 1.4 0.0999999
v -0.8 1.4 0.0999999
v -1.8 1.4 0
v -1.7 1.4 0
v -1.5 1.4 0
v -1.4 1.4 0
v -1.2 1.4 0
v -1.1 1.4 0
v -0.9 1.4 0
v -0.8 1.4 0
v -1.8 1.4 -0.1
v -1.7 1.4 -0.1
v -1.6 1.4 -0.1
v -1.5 1.4 -0.1
v -1.4 1.4 -0.1
v -1.2 1.4 -0.1
v -1.1 1.4 -0.1
v -1 1.4 -0.1
v -0.9 1.4 -0.1
v -0.8 1.4 -0.1
v -1.8 1.4 -0.2
v -1.7 1.4 -0.2
v -1.6 1.4 -0.2
v -1.5 1.4 -0.2
v -1.4 1.4 -0.2
v -1.2 1.4 -0.2
v -1.1 1.4 -0.2
v -1 1.4 -0.2
v -0.9 1.4 -0.2
v -0.8 1.4 -0.2
v -1.8 1.4 -0.3
v -1.7 1.4 -0.3
v -1.6 1.4 -0.3
v -1.4 1.4 -0.3
v -1.2 1.4 -0.3
v -1.1 1.4 -0.3
v -0.9 1.4 -0.3
v -0.8 1.4 -0.3
v -1.7 1.4 -0.4
v -1.6 1.4 -0.4
v -1.5 1.4 -0.4
v -1.4 1.4 -0.4
v -1.2 1.4 -0.4
v -1.1 1.4 -0.4
v -0.9 1.4 -0.4
v -1.8 1.4 -0.5
v -1.7 1.4 -0.5
v -1.6 1.4 -0.5
v -1.5 1.4 -0.5
v -1.1 1.4 -0.5
v -0.9 1.4 -0.5
v -0.8 1.4 -0.5
v 1.4 1.4 -1.5
v 1.5 1.4 -1.5
v 1.6 1.4 -1.5
v 1.9 1.4 -1.5
v 2 1.4 -1.5
v 2.1 1.4 -1.5
v 1.4 1.4 -1.6
v 1.5 1.4 -1.6
v 1.6 1.4 -1.6
v 1.8 1.4 -1.6
v 1.9 1.4 -1.6
v 2 1.4 -1.6
v 2.1 1.4 -1.6
v 1.5 1.4 -1.7
v 1.6 1.4 -1.7
v 1.7 1.4 -1.7
v 1.8 1.4 -1.7
v 1.4 1.4 -1.8
v 1.5 1.4 -1.8
v 1.6 1.4 -1.8
v 1.7 1.4 -1.8
v 1.8 1.4 -1.8
v 1.9 1.4 -1.8
v 2 1.4 -1.8
v 2.1 1.4 -1.8
v 1.4 1.4 -1.9
v 1.5 1.4 -1.9
v 1.6 1.4 -1.9
v 1.7 1.4 -1.9
v 1.8 1.4 -1.9
v 1.9 1.4 -1.9
v 2 1.4 -1.9
v 2.1 1.4 -1.9
v 1.4 1.4 -2
v 1.5 1.4 -2
v 1.6 1.4 -2
v 1.7 1.4 -2
v 1.8 1.4 -2
v 1.9 1.4 -2
v 2 1.4 -2
v 2.1 1.4 -2
v 1.4 1.4 -2.1
v 1.5 1.4 -2.1
v 1.6 1.4 -2.1
v 1.8 1.4 -2.1
v 1.9 1.4 -2.1
v 2 1.4 -2.1
v 2.1 1.4 -2.1
v 1.4 1.4 -2.2
v 1.5 1.4 -2.2
v 1.6 1.4 -2.2
v 1.9 1.4 -2.2
v 2 1.4 -2.2
v 2.1 1.4 -2.2
v 0.3 1.5 0.7
v 0.4 1.5 0.7
v 0.5 1.5 0.7
v 0.8 1.5 0.7
v 0.9 1.5 0.7
v 1 1.5 0.7
v 0.3 1.5 0.6
v 0.4 1.5 0.6
v 0.5 1.5 0.6
v 0.6 1.5 0.6
v 0.8 1.5 0.6
v 0.9 1.5 0.6
v 1 1.5 0.6
v 0.4 1.5 0.5
v 0.5 1.5 0.5
v 0.6 1.5 0.5
v 0.7 1.5 0.5
v 0.3 1.5 0.4
v 0.4 1.5 0.4
v 0.5 1.5 0.4
v 0.6 1.5 0.4
v 0.7 1.5 0.4
v 0.8 1.5 0.4
v 0.9 1.5 0.4
v 1 1.5 0.4
v 0.3 1.5 0.3
v 0.4 1.5 0.3
v 0.5 1.5 0.3
v 0.6 1.5 0.3
v 0.7 1.5 0.3
v 0.8 1.5 0.3
v 0.9 1.5 0.3
v 1 1.5 0.3
v 0.3 1.5 0.2
v 0.4 1.5 0.2
v 0.5 1.5 0.2
v 0.6 1.5 0.2
v 0.7 1.5 0.2
v 0.8 1.5 0.2
v 0.9 1.5 0.2
v 1 1.5 0.2
v 0.3 1.5 0.0999999
v 0.4 1.5 0.0999999
v 0.5 1.5 0.0999999
v 0.6 1.5 0.0999999
v 0.7 1.5 0.0999999
v 0.8 1.5 0.0999999
v 0.9 1.5 0.0999999
v 1 1.5 0.0999999
v 0.3 1.5 0
v 0.4 1.5 0
v 0.5 1.5 0
v 0.8 1.5 0
v 0.9 1.5 0
v 1 1.5 0
v -1.1 1.6 2.6
v -1 1.6 2.6
v -0.8 1.6 2.6
v -0.7 1.6 2.6
v -0.5 1.6 2.6
v -0.4 1.6 2.6
v -0.2 1.6 2.6
v -0.0999999 1.6 2.6
v 0.1 1.6 2.6
v 0.2 1.6 2.6
v -1.1 1.6 2.5
v -1 1.6 2.5
v -0.9 1.6 2.5
v -0.8 1.6 2.5
v -0.7 1.6 2.5
v -0.5 1.6 2.5
v -0.4 1.6 2.5
v -0.2 1.6 2.5
v -0.0999999 1.6 2.5
v 0 1.6 2.5
v 0.1 1.6 2.5
v 0.2 1.6 2.5
v -1 1.6 2.4
v -0.9 1.6 2.4
v -0.8 1.6 2.4
v -0.7 1.6 2.4
v -0.6 1.6 2.4
v -0.5 1.6 2.4
v -0.4 1.6 2.4
v -0.3 1.6 2.4
v -0.2 1.6 2.4
v -0.0999999 1.6 2.4
v 0 1.6 2.4
v 0.1 1.6 2.4
v -1.1 1.6 2.3
v -1 1.6 2.3
v -0.8 1.6 2.3
v -0.6 1.6 2.3
v -0.5 1.6 2.3
v -0.4 1.6 2.3
v -0.3 1.6 2.3
v -0.2 1.6 2.3
v -0.0999999 1.6 2.3
v 0.1 1.6 2.3
v 0.2 1.6 2.3
v -0.9 1.6 2.2
v -0.8 1.6 2.2
v -0.6 1.6 2.2
v -0.5 1.6 2.2
v -0.4 1.6 2.2
v -0.3 1.6 2.2
v -0.0999999 1.6 2.2
v 0 1.6 2.2
v -1.1 1.6 2.1
v -1 1.6 2.1
v -0.7 1.6 2.1
v -0.6 1.6 2.1
v -0.4 1.6 2.1
v -0.3 1.6 2.1
v -0.2 1.6 2.1
v -0.0999999 1.6 2.1
v 0.1 1.6 2.1
v 0.2 1.6 2.1
v -1 1.6 2
v -0.9 1.6 2
v -0.4 1.6 2
v -0.3 1.6 2
v 0 1.6 2
v 0.1 1.6 2
v -1 1.6 1.9
v -0.9 1.6 1.9
v -0.6 1.6 1.9
v -0.5 1.6 1.9
v -0.4 1.6 1.9
v -0.3 1.6 1.9
v 0 1.6 1.9
v 0.1 1.6 1.9
v -1.1 1.6 1.8
v -1 1.6 1.8
v -0.7 1.6 1.8
v -0.6 1.6 1.8
v -0.3 1.6 1.8
v -0.2 1.6 1.8
v -0.0999999 1.6 1.8
v 0.1 1.6 1.8
v 0.2 1.6 1.8
v -1.1 1.6 1.7
v -1 1.6 1.7
v -0.9 1.6 1.7
v -0.8 1.6 1.7
v -0.7 1.6 1.7
v -0.6 1.6 1.7
v -0.5 1.6 1.7
v -0.4 1.6 1.7
v -0.3 1.6 1.7
v -0.0999999 1.6 1.7
v 0 1.6 1.7
v 0.1 1.6 1.7
v 0.2 1.6 1.7
v -1.1 1.6 1.6
v -1 1.6 1.6
v -0.9 1.6 1.6
v -0.8 1.6 1.6
v -0.7 1.6 1.6
v -0.6 1.6 1.6
v -0.3 1.6 1.6
v -0.2 1.6 1.6
v -0.0999999 1.6 1.6
v 0 1.6 1.6
v 0.1 1.6 1.6
v 0.2 1.6 1.6
v -1.1 1.6 1.5
v -1 1.6 1.5
v -0.8 1.6 1.5
v -0.6 1.6 1.5
v -0.3 1.6 1.5
v -0.2 1.6 1.5
v -0.0999999 1.6 1.5
v 0.1 1.6 1.5
v 0.2 1.6 1.5
v -1 1.6 1.4
v -0.8 1.6 1.4
v -0.7 1.6 1.4
v -0.6 1.6 1.4
v -0.5 1.6 1.4
v -0.4 1.6 1.4
v -0.3 1.6 1.4
v -0.2 1.6 1.4
v -0.0999999 1.6 1.4
v 0.1 1.6 1.4
v -1.1 1.6 1.3
v -1 1.6 1.3
v -0.8 1.6 1.3
v -0.7 1.6 1.3
v -0.5 1.6 1.3
v -0.4 1.6 1.3
v -0.2 1.6 1.3
v -0.0999999 1.6 1.3
v 0.1 1.6 1.3
v 0.2 1.6 1.3
v -1.9 1.6 -1.1
v -1.8 1.6 -1.1
v -1.6 1.6 -1.1
v -1.5 1.6 -1.1
v -1.3 1.6 -1.1
v -1.2 1.6 -1.1
v -1 1.6 -1.1
v -0.9 1.6 -1.1
v -0.7 1.6 -1.1
v -0.6 1.6 -1.1
v -1.9 1.6 -1.2
v -1.8 1.6 -1.2
v -1.7 1.6 -1.2
v -1.6 1.6 -1.2
v -1.5 1.6 -1.2
v -1.3 1.6 -1.2
v -1.2 1.6 -1.2
v -1 1.6 -1.2
v -0.9 1.6 -1.2
v -0.8 1.6 -1.2
v -0.7 1.6 -1.2
v -0.6 1.6 -1.2
v -1.8 1.6 -1.3
v -1.7 1.6 -1.3
v -1.6 1.6 -1.3
v -1.5 1.6 -1.3
v -1.4 1.6 -1.3
v -1.3 1.6 -1.3
v -1.2 1.6 -1.3
v -1.1 1.6 -1.3
v -1 1.6 -1.3
v -0.9 1.6 -1.3
v -0.8 1.6 -1.3
v -0.7 1.6 -1.3
v -1.9 1.6 -1.4
v -1.8 1.6 -1.4
v -1.6 1.6 -1.4
v -1.4 1.6 -1.4
v -1.3 1.6 -1.4
v -1.2 1.6 -1.4
v -1.1 1.6 -1.4
v -1 1.6 -1.4
v -0.9 1.6 -1.4
v -0.7 1.6 -1.4
v -0.6 1.6 -1.4
v -1.7 1.6 -1.5
v -1.6 1.6 -1.5
v -1.4 1.6 -1.5
v -1.3 1.6 -1.5
v -1.2 1.6 -1.5
v -1.1 1.6 -1.5
v -0.9 1.6 -1.5
v -0.8 1.6 -1.5
v -1.9 1.6 -1.6
v -1.8 1.6 -1.6
v -1.5 1.6 -1.6
v -1.4 1.6 -1.6
v -1.2 1.6 -1.6
v -1.1 1.6 -1.6
v -1 1.6 -1.6
v -0.9 1.6 -1.6
v -0.7 1.6 -1.6
v -0.6 1.6 -1.6
v -1.8 1.6 -1.7
v -1.7 1.6 -1.7
v -1.2 1.6 -1.7
v -1.1 1.6 -1.7
v -0.8 1.6 -1.7
v -0.7 1.6 -1.7
v -1.8 1.6 -1.8
v -1.7 1.6 -1.8
v -1.4 1.6 -1.8
v -1.3 1.6 -1.8
v -1.2 1.6 -1.8
v -1.1 1.6 -1.8
v -0.8 1.6 -1.8
v -0.7 1.6 -1.8
v -1.9 1.6 -1.9
v -1.8 1.6 -1.9
v -1.5 1.6 -1.9
v -1.4 1.6 -1.9
v -1.1 1.6 -1.9
v -1 1.6 -1.9
v -0.9 1.6 -1.9
v -0.7 1.6 -1.9
v -0.6 1.6 -1.9
v -1.9 1.6 -2
v -1.8 1.6 -2
v -1.7 1.6 -2
v -1.6 1.6 -2
v -1.5 1.6 -2
v -1.4 1.6 -2
v -1.3 1.6 -2
v -1.2 1.6 -2
v -1.1 1.6 -2
v -0.9 1.6 -2
v -0.8 1.6 -2
v -0.7 1.6 -2
v -0.6 1.6 -2
v -1.9 1.6 -2.1
v -1.8 1.6 -2.1
v -1.7 1.6 -2.1
v -1.6 1.6 -2.1
v -1.5 1.6 -2.1
v -1.4 1.6 -2.1
v -1.1 1.6 -2.1
v -1 1.6 -2.1
v -0.9 1.6 -2.1
v -0.8 1.6 -2.1
v -0.7 1.6 -2.1
v -0.6 1.6 -2.1
v -1.9 1.6 -2.2
v -1.8 1.6 -2.2
v -1.6 1.6 -2.2
v -1.4 1.6 -2.2
v -1.1 1.6 -2.2
v -1 1.6 -2.2
v -0.9 1.6 -2.2
v -0.7 1.6 -2.2
v -0.6 1.6 -2.2
v -1.8 1.6 -2.3
v -1.6 1.6 -2.3
v -1.5 1.6 -2.3
v -1.4 1.6 -2.3
v -1.3 1.6 -2.3
v -1.2 1.6 -2.3
v -1.1 1.6 -2.3
v -1 1.6 -2.3
v -0.9 1.6 -2.3
v -0.7 1.6 -2.3
v -1.9 1.6 -2.4
v -1.8 1.6 -2.4
v -1.6 1.6 -2.4
v -1.5 1.6 -2.4
v -1.3 1.6 -2.4
v -1.2 1.6 -2.4
v -1 1.6 -2.4
v -0.9 1.6 -2.4
v -0.7 1.6 -2.4
v -0.6 1.6 -2.4
v 1.4 1.8 0.0999999
v 1.5 1.8 0.0999999
v 1.7 1.8 0.0999999
v 1.8 1.8 0.0999999
v 2 1.8 0.0999999
v 2.1 1.8 0.0999999
v 2.3 1.8 0.0999999
v 2.4 1.8 0.0999999
v 2.6 1.8 0.0999999
v 2.7 1.8 0.0999999
v 1.4 1.8 0
v 1.5 1.8 0
v 1.6 1.8 0
v 1.7 1.8 0
v 1.8 1.8 0
v 2 1.8 0
v 2.1 1.8 0
v 2.3 1.8 0
v 2.4 1.8 0
v 2.5 1.8 0
v 2.6 1.8 0
v 2.7 1.8 0
v 1.5 1.8 -0.1
v 1.6 1.8 -0.1
v 1.7 1.8 -0.1
v 1.8 1.8 -0.1
v 1.9 1.8 -0.1
v 2 1.8 -0.1
v 2.1 1.8 -0.1
v 2.2 1.8 -0.1
v 2.3 1.8 -0.1
v 2.4 1.8 -0.1
v 2.5 1.8 -0.1
v 2.6 1.8 -0.1
v 1.4 1.8 -0.2
v 1.5 1.8 -0.2
v 1.7 1.8 -0.2
v 1.9 1.8 -0.2
v 2 1.8 -0.2
v 2.1 1.8 -0.2
v 2.2 1.8 -0.2
v 2.3 1.8 -0.2
v 2.4 1.8 -0.2
v 2.6 1.8 -0.2
v 2.7 1.8 -0.2
v 1.6 1.8 -0.3
v 1.7 1.8 -0.3
v 1.9 1.8 -0.3
v 2 1.8 -0.3
v 2.1 1.8 -0.3
v 2.2 1.8 -0.3
v 2.4 1.8 -0.3
v 2.5 1.8 -0.3
v 1.4 1.8 -0.4
v 1.5 1.8 -0.4
v 1.8 1.8 -0.4
v 1.9 1.8 -0.4
v 2.1 1.8 -0.4
v 2.2 1.8 -0.4
v 2.3 1.8 -0.4
v 2.4 1.8 -0.4
v 2.6 1.8 -0.4
v 2.7 1.8 -0.4
v 1.5 1.8 -0.5
v 1.6 1.8 -0.5
v 2.1 1.8 -0.5
v 2.2 1.8 -0.5
v 2.5 1.8 -0.5
v 2.6 1.8 -0.5
v 1.5 1.8 -0.6
v 1.6 1.8 -0.6
v 1.9 1.8 -0.6
v 2 1.8 -0.6
v 2.1 1.8 -0.6
v 2.2 1.8 -0.6
v 2.5 1.8 -0.6
v 2.6 1.8 -0.6
v 1.4 1.8 -0.7
v 1.5 1.8 -0.7
v 1.8 1.8 -0.7
v 1.9 1.8 -0.7
v 2.2 1.8 -0.7
v 2.3 1.8 -0.7
v 2.4 1.8 -0.7
v 2.6 1.8 -0.7
v 2.7 1.8 -0.7
v 1.4 1.8 -0.8
v 1.5 1.8 -0.8
v 1.6 1.8 -0.8
v 1.7 1.8 -0.8
v 1.8 1.8 -0.8
v 1.9 1.8 -0.8
v 2 1.8 -0.8
v 2.1 1.8 -0.8
v 2.2 1.8 -0.8
v 2.4 1.8 -0.8
v 2.5 1.8 -0.8
v 2.6 1.8 -0.8
v 2.7 1.8 -0.8
v 1.4 1.8 -0.9
v 1.5 1.8 -0.9
v 1.6 1.8 -0.9
v 1.7 1.8 -0.9
v 1.8 1.8 -0.9
v 1.9 1.8 -0.9
v 2.2 1.8 -0.9
v 2.3 1.8 -0.9
v 2.4 1.8 -0.9
v 2.5 1.8 -0.9
v 2.6 1.8 -0.9
v 2.7 1.8 -0.9
v 1.4 1.8 -1
v 1.5 1.8 -1
v 1.7 1.8 -1
v 1.9 1.8 -1
v 2.2 1.8 -1
v 2.3 1.8 -1
v 2.4 1.8 -1
v 2.6 1.8 -1
v 2.7 1.8 -1
v 1.5 1.8 -1.1
v 1.7 1.8 -1.1
v 1.8 1.8 -1.1
v 1.9 1.8 -1.1
v 2 1.8 -1.1
v 2.1 1.8 -1.1
v 2.2 1.8 -1.1
v 2.3 1.8 -1.1
v 2.4 1.8 -1.1
v 2.6 1.8 -1.1
v 1.4 1.8 -1.2
v 1.5 1.8 -1.2
v 1.7 1.8 -1.2
v 1.8 1.8 -1.2
v 2 1.8 -1.2
v 2.1 1.8 -1.2
v 2.3 1.8 -1.2
v 2.4 1.8 -1.2
v 2.6 1.8 -1.2
v 2.7 1.8 -1.2
v -1 8 1
v -0.8 8 1
v -0.6 8 1
v -0.4 8 1
v -0.2 8 1
v 0.2 8 1
v 0.4 8 1
v 0.6 8 1
v 0.8 8 1
v 1 8 1
v -0.9 8 0.9
v -0.8 8 0.9
v -0.6 8 0.9
v -0.5 8 0.9
v -0.4 8 0.9
v -0.3 8 0.9
v -0.2 8 0.9
v 0.2 8 0.9
v 0.3 8 0.9
v 0.4 8 0.9
v 0.5 8 0.9
v 0.6 8 0.9
v 0.8 8 0.9
v 0.9 8 0.9
v -1 8 0.8
v -0.9 8 0.8
v -0.8 8 0.8
v -0.7 8 0.8
v -0.5 8 0.8
v -0.4 8 0.8
v -0.3 8 0.8
v -0.0999999 8 0.8
v 0.1 8 0.8
v 0.3 8 0.8
v 0.4 8 0.8
v 0.5 8 0.8
v 0.7 8 0.8
v 0.8 8 0.8
v 0.9 8 0.8
v 1 8 0.8
v -0.8 8 0.7
v -0.7 8 0.7
v -0.6 8 0.7
v -0.4 8 0.7
v -0.3 8 0.7
v -0.0999999 8 0.7
v 0.1 8 0.7
v 0.3 8 0.7
v 0.4 8 0.7
v 0.6 8 0.7
v 0.7 8 0.7
v 0.8 8 0.7
v -1 8 0.6
v -0.9 8 0.6
v -0.7 8 0.6
v -0.6 8 0.6
v -0.5 8 0.6
v -0.3 8 0.6
v -0.2 8 0.6
v 0.2 8 0.6
v 0.3 8 0.6
v 0.5 8 0.6
v 0.6 8 0.6
v 0.7 8 0.6
v 0.9 8 0.6
v 1 8 0.6
v -0.9 8 0.5
v -0.8 8 0.5
v -0.6 8 0.5
v -0.5 8 0.5
v -0.4 8 0.5
v -0.2 8 0.5
v 0.2 8 0.5
v 0.4 8 0.5
v 0.5 8 0.5
v 0.6 8 0.5
v 0.8 8 0.5
v 0.9 8 0.5
v -1 8 0.4
v -0.9 8 0.4
v -0.8 8 0.4
v -0.7 8 0.4
v -0.5 8 0.4
v -0.4 8 0.4
v -0.2 8 0.4
v -0.0999999 8 0.4
v 0.1 8 0.4
v 0.2 8 0.4
v 0.4 8 0.4
v 0.5 8 0.4
v 0.7 8 0.4
v 0.8 8 0.4
v 0.9 8 0.4
v 1 8 0.4
v -0.9 8 0.3
v -0.8 8 0.3
v -0.7 8 0.3
v -0.6 8 0.3
v -0.3 8 0.3
v -0.2 8 0.3
v -0.0999999 8 0.3
v 0 8 0.3
v 0.1 8 0.3
v 0.2 8 0.3
v 0.3 8 0.3
v 0.6 8 0.3
v 0.7 8 0.3
v 0.8 8 0.3
v 0.9 8 0.3
v -1 8 0.2
v -0.9 8 0.2
v -0.6 8 0.2
v -0.5 8 0.2
v -0.4 8 0.2
v -0.3 8 0.2
v -0.2 8 0.2
v 0 8 0.2
v 0.1 8 0.2
v 0.3 8 0.2
v 0.4 8 0.2
v 0.5 8 0.2
v 0.6 8 0.2
v 0.9 8 0.2
v 1 8 0.2
v -0.8 8 0.0999999
v -0.7 8 0.0999999
v -0.2 8 0.0999999
v -0.0999999 8 0.0999999
v 0 8 0.0999999
v 0.2 8 0.0999999
v 0.3 8 0.0999999
v 0.7 8 0.0999999
v 0.8 8 0.0999999
v -0.2 8 0
v -0.0999999 8 0
v 0 8 0
v 0.2 8 0
v -0.8 8 -0.1
v -0.7 8 -0.1
v -0.3 8 -0.1
v -0.2 8 -0.1
v -0.0999999 8 -0.1
v 0 8 -0.1
v 0.2 8 -0.1
v 0.3 8 -0.1
v 0.7 8 -0.1
v 0.8 8 -0.1
v -1 8 -0.2
v -0.9 8 -0.2
v -0.6 8 -0.2
v -0.5 8 -0.2
v -0.4 8 -0.2
v -0.3 8 -0.2
v -0.2 8 -0.2
v -0.0999999 8 -0.2
v 0.1 8 -0.2
v 0.2 8 -0.2
v 0.3 8 -0.2
v 0.4 8 -0.2
v 0.5 8 -0.2
v 0.6 8 -0.2
v 0.9 8 -0.2
v 1 8 -0.2
v -0.9 8 -0.3
v -0.8 8 -0.3
v -0.7 8 -0.3
v -0.6 8 -0.3
v -0.3 8 -0.3
v -0.2 8 -0.3
v -0.0999999 8 -0.3
v 0.1 8 -0.3
v 0.2 8 -0.3
v 0.3 8 -0.3
v 0.6 8 -0.3
v 0.7 8 -0.3
v 0.8 8 -0.3
v 0.9 8 -0.3
v -1 8 -0.4
v -0.9 8 -0.4
v -0.8 8 -0.4
v -0.7 8 -0.4
v -0.5 8 -0.4
v -0.4 8 -0.4
v -0.2 8 -0.4
v 0.2 8 -0.4
v 0.4 8 -0.4
v 0.5 8 -0.4
v 0.7 8 -0.4
v 0.8 8 -0.4
v 0.9 8 -0.4
v 1 8 -0.4
v -0.9 8 -0.5
v -0.8 8 -0.5
v -0.6 8 -0.5
v -0.5 8 -0.5
v -0.4 8 -0.5
v -0.2 8 -0.5
v 0.2 8 -0.5
v 0.4 8 -0.5
v 0.5 8 -0.5
v 0.6 8 -0.5
v 0.8 8 -0.5
v 0.9 8 -0.5
v -1 8 -0.6
v -0.9 8 -0.6
v -0.7 8 -0.6
v -0.6 8 -0.6
v -0.5 8 -0.6
v -0.3 8 -0.6
v -0.2 8 -0.6
v 0.2 8 -0.6
v 0.3 8 -0.6
v 0.5 8 -0.6
v 0.6 8 -0.6
v 0.7 8 -0.6
v 0.9 8 -0.6
v 1 8 -0.6
v -0.8 8 -0.7
v -0.7 8 -0.7
v -0.6 8 -0.7
v -0.4 8 -0.7
v -0.3 8 -0.7
v -0.0999999 8 -0.7
v 0.1 8 -0.7
v 0.3 8 -0.7
v 0.4 8 -0.7
v 0.6 8 -0.7
v 0.7 8 -0.7
v 0.8 8 -0.7
v -1 8 -0.8
v -0.9 8 -0.8
v -0.8 8 -0.8
v -0.7 8 -0.8
v -0.5 8 -0.8
v -0.4 8 -0.8
v -0.3 8 -0.8
v -0.0999999 8 -0.8
v 0.1 8 -0.8
v 0.3 8 -0.8
v 0.4 8 -0.8
v 0.5 8 -0.8
v 0.7 8 -0.8
v 0.8 8 -0.8
v 0.9 8 -0.8
v 1 8 -0.8
v -0.9 8 -0.9
v -0.8 8 -0.9
v -0.6 8 -0.9
v -0.5 8 -0.9
v -0.4 8 -0.9
v -0.3 8 -0.9
v -0.2 8 -0.9
v 0.2 8 -0.9
v 0.3 8 -0.9
v 0.4 8 -0.9
v 0.5 8 -0.9
v 0.6 8 -0.9
v 0.8 8 -0.9
v 0.9 8 -0.9
v -1 8 -1
v -0.8 8 -1
v -0.6 8 -1
v -0.4 8 -1
v -0.2 8 -1
v 0.2 8 -1
v 0.4 8 -1
v 0.6 8 -1
v 0.8 8 -1
v 1 8 -1

# faces
f 3/15/1 2/15/1 1/15/1
f 4/15/1 2/15/1 3/15/1
f 9/15/1 6/15/1 5/15/1
f 10/15/1 6/15/1 9/15/1
f 11/15/1 8/15/1 7/15/1
f 12/15/1 8/15/1 11/15/1
f 17/15/1 14/15/1 13/15/1
f 18/15/1 14/15/1 17/15/1
f 19/15/1 16/15/1 15/15/1
f 20/15/1 16/15/1 19/15/1
f 31/14/1 26/14/1 25/14/1
f 32/11/1 27/11/1 26/11/1
f 32/14/1 26/14/1 31/14/1
f 33/8/1 28/8/1 27/8/1
f 33/11/1 27/11/1 32/11/1
f 34/11/1 29/11/1 28/11/1
f 34/8/1 28/8/1 33/8/1
f 35/12/1 30/12/1 29/12/1
f 35/11/1 29/11/1 34/11/1
f 36/12/1 30/12/1 35/12/1
f 37/12/1 32/12/1 31/12/1
f 38/3/1 34/3/1 33/3/1
f 38/12/1 32/12/1 37/12/1
f 38/3/1 33/3/1 32/3/1
f 38/3/1 35/3/1 34/3/1
f 39/3/1 35/3/1 38/3/1
f 40/3/1 35/3/1 39/3/1
f 41/2/1 36/2/1 35/2/1
f 41/3/1 35/3/1 40/3/1
f 42/2/1 36/2/1 41/2/1
f 46/11/1 38/11/1 37/11/1
f 47/3/1 39/3/1 38/3/1
f 47/11/1 38/11/1 46/11/1
f 48/7/1 40/7/1 39/7/1
f 48/3/1 39/3/1 47/3/1
f 49/3/1 41/3/1 40/3/1
f 49/7/1 40/7/1 48/7/1
f 49/3/1 42/3/1 41/3/1
f 50/3/1 42/3/1 49/3/1
f 51/1/1 44/1/1 43/1/1
f 52/13/1 45/13/1 44/13/1
f 52/1/1 44/1/1 51/1/1
f 53/13/1 45/13/1 52/13/1
f 54/8/1 47/8/1 46/8/1
f 55/7/1 48/7/1 47/7/1
f 55/8/1 47/8/1 54/8/1
f 56/7/1 48/7/1 55/7/1
f 57/4/1 49/4/1 48/4/1
f 57/7/1 48/7/1 56/7/1
f 58/7/1 50/7/1 49/7/1
f 58/4/1 49/4/1 57/4/1
f 59/3/1 42/3/1 50/3/1
f 59/7/1 50/7/1 58/7/1
f 60/3/1 42/3/1 59/3/1
f 61/15/1 22/15/1 21/15/1
f 62/15/1 22/15/1 61/15/1
f 66/2/1 52/2/1 51/2/1
f 67/8/1 53/8/1 52/8/1
f 67/2/1 52/2/1 66/2/1
f 68/8/1 53/8/1 67/8/1
f 69/11/1 55/11/1 54/11/1
f 70/2/1 56/2/1 55/2/1
f 70/11/1 55/11/1 69/11/1
f 71/3/1 57/3/1 56/3/1
f 71/2/1 56/2/1 70/2/1
f 72/7/1 58/7/1 57/7/1
f 72/3/1 57/3/1 71/3/1
f 73/3/1 59/3/1 58/3/1
f 73/7/1 58/7/1 72/7/1
f 74/2/1 60/2/1 59/2/1
f 74/3/1 59/3/1 73/3/1
f 75/2/1 60/2/1 74/2/1
f 77/15/1 24/15/1 23/15/1
f 78/15/1 24/15/1 77/15/1
f 79/2/1 64/2/1 63/2/1
f 80/3/1 65/3/1 64/3/1
f 80/2/1 64/2/1 79/2/1
f 81/4/1 66/4/1 65/4/1
f 81/3/1 65/3/1 80/3/1
f 82/3/1 67/3/1 66/3/1
f 82/4/1 66/4/1 81/4/1
f 83/2/1 68/2/1 67/2/1
f 83/3/1 67/3/1 82/3/1
f 84/2/1 68/2/1 83/2/1
f 85/12/1 70/12/1 69/12/1
f 86/2/1 71/2/1 70/2/1
f 86/12/1 70/12/1 85/12/1
f 86/2/1 72/2/1 71/2/1
f 87/3/1 73/3/1 72/3/1
f 87/2/1 72/2/1 86/2/1
f 88/2/1 75/2/1 74/2/1
f 88/3/1 73/3/1 87/3/1
f 88/2/1 74/2/1 73/2/1
f 89/2/1 75/2/1 88/2/1
f 90/12/1 76/12/1 75/12/1
f 90/2/1 75/2/1 89/2/1
f 91/12/1 76/12/1 90/12/1
f 92/8/1 80/8/1 79/8/1
f 93/2/1 81/2/1 80/2/1
f 93/8/1 80/8/1 92/8/1
f 94/3/1 82/3/1 81/3/1
f 94/2/1 81/2/1 93/2/1
f 95/2/1 83/2/1 82/2/1
f 95/3/1 82/3/1 94/3/1
f 96/8/1 84/8/1 83/8/1
f 96/2/1 83/2/1 95/2/1
f 97/8/1 84/8/1 96/8/1
f 98/14/1 86/14/1 85/14/1
f 99/11/1 87/11/1 86/11/1
f 99/14/1 86/14/1 98/14/1
f 100/8/1 88/8/1 87/8/1
f 100/11/1 87/11/1 99/11/1
f 101/11/1 89/11/1 88/11/1
f 101/8/1 88/8/1 100/8/1
f 102/12/1 90/12/1 89/12/1
f 102/11/1 89/11/1 101/11/1
f 103/14/1 91/14/1 90/14/1
f 103/12/1 90/12/1 102/12/1
f 104/14/1 91/14/1 103/14/1
f 105/13/1 93/13/1 92/13/1
f 106/11/1 94/11/1 93/11/1
f 106/13/1 93/13/1 105/13/1
f 107/8/1 95/8/1 94/8/1
f 107/11/1 94/11/1 106/11/1
f 108/11/1 96/11/1 95/11/1
f 108/8/1 95/8/1 107/8/1
f 109/13/1 97/13/1 96/13/1
f 109/11/1 96/11/1 108/11/1
f 110/13/1 97/13/1 109/13/1
f 120/6/1 116/6/1 115/6/1
f 121/6/1 116/6/1 120/6/1
f 123/2/1 118/2/1 117/2/1
f 124/2/1 118/2/1 123/2/1
f 125/6/1 122/6/1 121/6/1
f 125/6/1 120/6/1 119/6/1
f 125/6/1 121/6/1 120/6/1
f 126/6/1 122/6/1 125/6/1
f 127/15/1 112/15/1 111/15/1
f 128/15/1 112/15/1 127/15/1
f 129/15/1 114/15/1 113/15/1
f 130/15/1 114/15/1 129/15/1
f 143/6/1 136/6/1 135/6/1
f 144/6/1 136/6/1 143/6/1
f 145/2/1 138/2/1 137/2/1
f 146/2/1 138/2/1 145/2/1
f 148/3/1 140/3/1 139/3/1
f 149/3/1 140/3/1 148/3/1
f 150/6/1 142/6/1 141/6/1
f 151/6/1 142/6/1 150/6/1
f 152/5/1 149/5/1 148/5/1
f 152/5/1 148/5/1 147/5/1
f 152/5/1 150/5/1 149/5/1
f 153/5/1 150/5/1 152/5/1
f 154/15/1 132/15/1 131/15/1
f 155/15/1 132/15/1 154/15/1
f 156/15/1 134/15/1 133/15/1
f 157/15/1 134/15/1 156/15/1
f 171/6/1 163/6/1 162/6/1
f 172/6/1 163/6/1 171/6/1
f 173/2/1 165/2/1 164/2/1
f 174/2/1 165/2/1 173/2/1
f 176/5/1 167/5/1 166/5/1
f 177/3/1 168/3/1 167/3/1
f 177/5/1 167/5/1 176/5/1
f 178/3/1 168/3/1 177/3/1
f 179/6/1 170/6/1 169/6/1
f 180/6/1 170/6/1 179/6/1
f 181/2/1 175/2/1 174/2/1
f 182/2/1 175/2/1 181/2/1
f 188/15/1 159/15/1 158/15/1
f 189/15/1 159/15/1 188/15/1
f 190/13/1 184/13/1 183/13/1
f 191/8/1 185/8/1 184/8/1
f 191/13/1 184/13/1 190/13/1
f 192/8/1 185/8/1 191/8/1
f 193/1/1 186/1/1 185/1/1
f 193/8/1 185/8/1 192/8/1
f 194/13/1 187/13/1 186/13/1
f 194/1/1 186/1/1 193/1/1
f 195/13/1 187/13/1 194/13/1
f 196/15/1 161/15/1 160/15/1
f 197/15/1 161/15/1 196/15/1
f 198/8/1 191/8/1 190/8/1
f 199/2/1 192/2/1 191/2/1
f 199/8/1 191/8/1 198/8/1
f 200/3/1 193/3/1 192/3/1
f 200/2/1 192/2/1 199/2/1
f 201/2/1 194/2/1 193/2/1
f 201/3/1 193/3/1 200/3/1
f 202/11/1 195/11/1 194/11/1
f 202/2/1 194/2/1 201/2/1
f 203/11/1 195/11/1 202/11/1
f 204/9/1 199/9/1 198/9/1
f 205/3/1 200/3/1 199/3/1
f 205/9/1 199/9/1 204/9/1
f 206/4/1 201/4/1 200/4/1
f 206/3/1 200/3/1 205/3/1
f 207/3/1 202/3/1 201/3/1
f 207/4/1 201/4/1 206/4/1
f 208/9/1 203/9/1 202/9/1
f 208/3/1 202/3/1 207/3/1
f 209/9/1 203/9/1 208/9/1
f 210/8/1 205/8/1 204/8/1
f 211/2/1 206/2/1 205/2/1
f 211/8/1 205/8/1 210/8/1
f 212/3/1 207/3/1 206/3/1
f 212/2/1 206/2/1 211/2/1
f 213/2/1 208/2/1 207/2/1
f 213/3/1 207/3/1 212/3/1
f 214/11/1 209/11/1 208/11/1
f 214/2/1 208/2/1 213/2/1
f 215/11/1 209/11/1 214/11/1
f 216/13/1 211/13/1 210/13/1
f 217/8/1 212/8/1 211/8/1
f 217/13/1 211/13/1 216/13/1
f 218/9/1 213/9/1 212/9/1
f 218/8/1 212/8/1 217/8/1
f 219/11/1 214/11/1 213/11/1
f 219/9/1 213/9/1 218/9/1
f 220/13/1 215/13/1 214/13/1
f 220/11/1 214/11/1 219/11/1
f 221/13/1 215/13/1 220/13/1
f 230/2/1 227/2/1 226/2/1
f 231/2/1 227/2/1 230/2/1
f 232/2/1 229/2/1 228/2/1
f 233/2/1 229/2/1 232/2/1
f 236/3/1 235/3/1 234/3/1
f 237/3/1 235/3/1 236/3/1
f 238/15/1 223/15/1 222/15/1
f 239/15/1 223/15/1 238/15/1
f 242/15/1 225/15/1 224/15/1
f 243/15/1 225/15/1 242/15/1
f 244/6/1 241/6/1 240/6/1
f 245/6/1 241/6/1 244/6/1
f 252/6/1 251/6/1 250/6/1
f 253/6/1 251/6/1 252/6/1
f 261/2/1 255/2/1 254/2/1
f 262/2/1 255/2/1 261/2/1
f 263/2/1 257/2/1 256/2/1
f 264/2/1 257/2/1 263/2/1
f 265/2/1 257/2/1 264/2/1
f 266/2/1 257/2/1 265/2/1
f 267/2/1 257/2/1 266/2/1
f 268/3/1 259/3/1 258/3/1
f 269/5/1 260/5/1 259/5/1
f 269/3/1 259/3/1 268/3/1
f 270/5/1 260/5/1 269/5/1
f 273/15/1 247/15/1 246/15/1
f 274/15/1 247/15/1 273/15/1
f 275/3/1 272/3/1 271/3/1
f 276/3/1 272/3/1 275/3/1
f 277/15/1 249/15/1 248/15/1
f 278/15/1 249/15/1 277/15/1
f 286/12/1 284/12/1 283/12/1
f 287/9/1 285/9/1 284/9/1
f 287/12/1 284/12/1 286/12/1
f 288/9/1 285/9/1 287/9/1
f 290/10/1 287/10/1 286/10/1
f 291/3/1 289/3/1 288/3/1
f 291/10/1 287/10/1 290/10/1
f 291/3/1 288/3/1 287/3/1
f 292/3/1 289/3/1 291/3/1
f 293/3/1 289/3/1 292/3/1
f 294/3/1 289/3/1 293/3/1
f 301/9/1 291/9/1 290/9/1
f 301/3/1 292/3/1 291/3/1
f 302/3/1 292/3/1 301/3/1
f 303/7/1 293/7/1 292/7/1
f 303/3/1 292/3/1 302/3/1
f 304/3/1 294/3/1 293/3/1
f 304/7/1 293/7/1 303/7/1
f 304/3/1 295/3/1 294/3/1
f 305/3/1 295/3/1 304/3/1
f 306/10/1 296/10/1 295/10/1
f 306/3/1 295/3/1 305/3/1
f 307/10/1 296/10/1 306/10/1
f 309/2/1 298/2/1 297/2/1
f 310/2/1 298/2/1 309/2/1
f 312/5/1 300/5/1 299/5/1
f 313/5/1 300/5/1 312/5/1
f 314/7/1 302/7/1 301/7/1
f 314/9/1 301/9/1 290/9/1
f 315/4/1 303/4/1 302/4/1
f 315/7/1 302/7/1 314/7/1
f 315/4/1 305/4/1 304/4/1
f 315/4/1 304/4/1 303/4/1
f 316/4/1 305/4/1 315/4/1
f 317/4/1 305/4/1 316/4/1
f 318/3/1 306/3/1 305/3/1
f 318/4/1 305/4/1 317/4/1
f 319/9/1 307/9/1 306/9/1
f 319/3/1 306/3/1 318/3/1
f 320/8/1 308/8/1 307/8/1
f 320/9/1 307/9/1 319/9/1
f 321/3/1 312/3/1 311/3/1
f 322/3/1 312/3/1 321/3/1
f 324/15/1 280/15/1 279/15/1
f 325/15/1 280/15/1 324/15/1
f 327/9/1 314/9/1 290/9/1
f 328/3/1 315/3/1 314/3/1
f 328/9/1 314/9/1 327/9/1
f 329/7/1 316/7/1 315/7/1
f 329/3/1 315/3/1 328/3/1
f 330/4/1 317/4/1 316/4/1
f 330/7/1 316/7/1 329/7/1
f 331/7/1 318/7/1 317/7/1
f 331/4/1 317/4/1 330/4/1
f 332/3/1 319/3/1 318/3/1
f 332/7/1 318/7/1 331/7/1
f 333/2/1 320/2/1 319/2/1
f 333/3/1 319/3/1 332/3/1
f 334/8/1 308/8/1 320/8/1
f 334/2/1 320/2/1 333/2/1
f 335/8/1 308/8/1 334/8/1
f 338/6/1 323/6/1 322/6/1
f 338/6/1 322/6/1 321/6/1
f 339/6/1 323/6/1 338/6/1
f 340/15/1 282/15/1 281/15/1
f 341/15/1 282/15/1 340/15/1
f 342/11/1 327/11/1 326/11/1
f 343/9/1 328/9/1 327/9/1
f 343/11/1 327/11/1 342/11/1
f 344/2/1 329/2/1 328/2/1
f 344/9/1 328/9/1 343/9/1
f 345/3/1 330/3/1 329/3/1
f 345/2/1 329/2/1 344/2/1
f 346/7/1 331/7/1 330/7/1
f 346/3/1 330/3/1 345/3/1
f 347/3/1 332/3/1 331/3/1
f 347/7/1 331/7/1 346/7/1
f 348/2/1 333/2/1 332/2/1
f 348/3/1 332/3/1 347/3/1
f 349/11/1 335/11/1 334/11/1
f 349/10/1 334/10/1 333/10/1
f 350/11/1 335/11/1 349/11/1
f 351/6/1 337/6/1 336/6/1
f 351/6/1 338/6/1 337/6/1
f 352/6/1 338/6/1 351/6/1
f 353/12/1 343/12/1 342/12/1
f 354/10/1 344/10/1 343/10/1
f 354/12/1 343/12/1 353/12/1
f 355/2/1 345/2/1 344/2/1
f 355/10/1 344/10/1 354/10/1
f 355/2/1 346/2/1 345/2/1
f 356/3/1 347/3/1 346/3/1
f 356/2/1 346/2/1 355/2/1
f 357/2/1 348/2/1 347/2/1
f 357/3/1 347/3/1 356/3/1
f 358/2/1 333/2/1 348/2/1
f 358/2/1 348/2/1 357/2/1
f 359/10/1 349/10/1 333/10/1
f 359/2/1 333/2/1 358/2/1
f 360/12/1 350/12/1 349/12/1
f 360/10/1 349/10/1 359/10/1
f 361/12/1 350/12/1 360/12/1
f 362/13/1 354/13/1 353/13/1
f 363/12/1 355/12/1 354/12/1
f 363/13/1 354/13/1 362/13/1
f 364/9/1 356/9/1 355/9/1
f 364/12/1 355/12/1 363/12/1
f 365/2/1 357/2/1 356/2/1
f 365/9/1 356/9/1 364/9/1
f 366/9/1 358/9/1 357/9/1
f 366/2/1 357/2/1 365/2/1
f 367/10/1 359/10/1 358/10/1
f 367/9/1 358/9/1 366/9/1
f 368/12/1 360/12/1 359/12/1
f 368/10/1 359/10/1 367/10/1
f 369/13/1 361/13/1 360/13/1
f 369/12/1 360/12/1 368/12/1
f 370/13/1 361/13/1 369/13/1
f 371/14/1 363/14/1 362/14/1
f 372/13/1 364/13/1 363/13/1
f 372/14/1 363/14/1 371/14/1
f 373/11/1 365/11/1 364/11/1
f 373/13/1 364/13/1 372/13/1
f 374/8/1 366/8/1 365/8/1
f 374/11/1 365/11/1 373/11/1
f 375/11/1 367/11/1 366/11/1
f 375/8/1 366/8/1 374/8/1
f 376/12/1 368/12/1 367/12/1
f 376/11/1 367/11/1 375/11/1
f 377/14/1 369/14/1 368/14/1
f 377/12/1 368/12/1 376/12/1
f 377/14/1 370/14/1 369/14/1
f 378/14/1 370/14/1 377/14/1
f 387/5/1 384/5/1 383/5/1
f 388/5/1 384/5/1 387/5/1
f 389/3/1 386/3/1 385/3/1
f 390/3/1 386/3/1 389/3/1
f 391/15/1 380/15/1 379/15/1
f 392/15/1 380/15/1 391/15/1
f 393/15/1 382/15/1 381/15/1
f 394/15/1 382/15/1 393/15/1
f 401/2/1 400/2/1 399/2/1
f 402/2/1 400/2/1 401/2/1
f 403/15/1 396/15/1 395/15/1
f 404/15/1 396/15/1 403/15/1
f 405/15/1 398/15/1 397/15/1
f 406/15/1 398/15/1 405/15/1
f 424/6/1 412/6/1 411/6/1
f 425/6/1 412/6/1 424/6/1
f 426/2/1 414/2/1 413/2/1
f 427/2/1 414/2/1 426/2/1
f 428/2/1 416/2/1 415/2/1
f 429/13/1 417/13/1 416/13/1
f 429/2/1 416/2/1 428/2/1
f 430/12/1 418/12/1 417/12/1
f 430/13/1 417/13/1 429/13/1
f 431/10/1 419/10/1 418/10/1
f 431/12/1 418/12/1 430/12/1
f 432/9/1 420/9/1 419/9/1
f 433/9/1 420/9/1 432/9/1
f 435/10/1 422/10/1 421/10/1
f 436/13/1 430/13/1 429/13/1
f 437/10/1 431/10/1 430/10/1
f 437/13/1 430/13/1 436/13/1
f 438/10/1 419/10/1 431/10/1
f 438/10/1 431/10/1 437/10/1
f 439/9/1 432/9/1 419/9/1
f 439/10/1 419/10/1 438/10/1
f 440/2/1 433/2/1 432/2/1
f 440/9/1 432/9/1 439/9/1
f 440/2/1 434/2/1 433/2/1
f 441/9/1 435/9/1 434/9/1
f 441/2/1 434/2/1 440/2/1
f 442/10/1 422/10/1 435/10/1
f 442/9/1 435/9/1 441/9/1
f 443/12/1 423/12/1 422/12/1
f 443/10/1 422/10/1 442/10/1
f 444/12/1 423/12/1 443/12/1
f 445/12/1 437/12/1 436/12/1
f 446/10/1 438/10/1 437/10/1
f 446/12/1 437/12/1 445/12/1
f 447/9/1 439/9/1 438/9/1
f 447/10/1 438/10/1 446/10/1
f 448/3/1 440/3/1 439/3/1
f 448/3/1 441/3/1 440/3/1
f 449/3/1 441/3/1 448/3/1
f 450/2/1 442/2/1 441/2/1
f 450/3/1 441/3/1 449/3/1
f 451/9/1 443/9/1 442/9/1
f 451/2/1 442/2/1 450/2/1
f 454/11/1 446/11/1 445/11/1
f 455/9/1 447/9/1 446/9/1
f 455/11/1 446/11/1 454/11/1
f 456/9/1 439/9/1 447/9/1
f 456/9/1 447/9/1 455/9/1
f 457/3/1 448/3/1 439/3/1
f 457/9/1 439/9/1 456/9/1
f 458/3/1 448/3/1 457/3/1
f 459/7/1 449/7/1 448/7/1
f 459/3/1 448/3/1 458/3/1
f 460/3/1 450/3/1 449/3/1
f 460/7/1 449/7/1 459/7/1
f 460/3/1 451/3/1 450/3/1
f 461/3/1 451/3/1 460/3/1
f 462/9/1 443/9/1 451/9/1
f 462/3/1 451/3/1 461/3/1
f 463/10/1 444/10/1 443/10/1
f 463/9/1 443/9/1 462/9/1
f 464/10/1 444/10/1 463/10/1
f 465/15/1 408/15/1 407/15/1
f 466/15/1 408/15/1 465/15/1
f 467/5/1 453/5/1 452/5/1
f 468/5/1 453/5/1 467/5/1
f 469/8/1 455/8/1 454/8/1
f 469/9/1 456/9/1 455/9/1
f 470/2/1 457/2/1 456/2/1
f 470/9/1 456/9/1 469/9/1
f 471/4/1 459/4/1 458/4/1
f 471/4/1 461/4/1 460/4/1
f 471/4/1 460/4/1 459/4/1
f 472/4/1 461/4/1 471/4/1
f 473/9/1 464/9/1 463/9/1
f 475/15/1 410/15/1 409/15/1
f 476/15/1 410/15/1 475/15/1
f 477/8/1 469/8/1 454/8/1
f 477/2/1 470/2/1 469/2/1
f 478/2/1 457/2/1 470/2/1
f 478/2/1 470/2/1 477/2/1
f 479/7/1 458/7/1 457/7/1
f 479/4/1 471/4/1 458/4/1
f 480/4/1 471/4/1 479/4/1
f 481/7/1 472/7/1 471/7/1
f 481/4/1 471/4/1 480/4/1
f 482/4/1 461/4/1 472/4/1
f 482/7/1 472/7/1 481/7/1
f 483/3/1 462/3/1 461/3/1
f 483/4/1 461/4/1 482/4/1
f 484/8/1 477/8/1 454/8/1
f 485/9/1 478/9/1 477/9/1
f 485/8/1 477/8/1 484/8/1
f 486/2/1 457/2/1 478/2/1
f 486/9/1 478/9/1 485/9/1
f 487/7/1 480/7/1 479/7/1
f 487/2/1 457/2/1 486/2/1
f 487/7/1 479/7/1 457/7/1
f 488/4/1 482/4/1 481/4/1
f 488/7/1 480/7/1 487/7/1
f 488/4/1 481/4/1 480/4/1
f 489/7/1 483/7/1 482/7/1
f 489/4/1 482/4/1 488/4/1
f 490/3/1 462/3/1 483/3/1
f 490/7/1 483/7/1 489/7/1
f 491/2/1 463/2/1 462/2/1
f 491/3/1 462/3/1 490/3/1
f 492/9/1 473/9/1 463/9/1
f 492/2/1 463/2/1 491/2/1
f 493/8/1 474/8/1 473/8/1
f 493/9/1 473/9/1 492/9/1
f 494/8/1 474/8/1 493/8/1
f 495/11/1 485/11/1 484/11/1
f 496/9/1 486/9/1 485/9/1
f 496/11/1 485/11/1 495/11/1
f 496/9/1 487/9/1 486/9/1
f 497/9/1 487/9/1 496/9/1
f 498/7/1 489/7/1 488/7/1
f 498/3/1 488/3/1 487/3/1
f 499/3/1 491/3/1 490/3/1
f 499/7/1 489/7/1 498/7/1
f 499/3/1 490/3/1 489/3/1
f 500/3/1 491/3/1 499/3/1
f 501/9/1 492/9/1 491/9/1
f 501/3/1 491/3/1 500/3/1
f 502/11/1 494/11/1 493/11/1
f 502/10/1 493/10/1 492/10/1
f 503/11/1 494/11/1 502/11/1
f 504/12/1 496/12/1 495/12/1
f 505/10/1 497/10/1 496/10/1
f 505/12/1 496/12/1 504/12/1
f 506/9/1 487/9/1 497/9/1
f 506/10/1 497/10/1 505/10/1
f 507/3/1 498/3/1 487/3/1
f 507/9/1 487/9/1 506/9/1
f 507/3/1 500/3/1 499/3/1
f 507/3/1 499/3/1 498/3/1
f 508/3/1 500/3/1 507/3/1
f 509/2/1 501/2/1 500/2/1
f 509/3/1 500/3/1 508/3/1
f 510/9/1 492/9/1 501/9/1
f 510/2/1 501/2/1 509/2/1
f 511/10/1 502/10/1 492/10/1
f 511/9/1 492/9/1 510/9/1
f 512/12/1 503/12/1 502/12/1
f 512/10/1 502/10/1 511/10/1
f 513/12/1 503/12/1 512/12/1
f 514/10/1 506/10/1 505/10/1
f 514/13/1 505/13/1 504/13/1
f 514/10/1 507/10/1 506/10/1
f 515/10/1 507/10/1 514/10/1
f 516/2/1 509/2/1 508/2/1
f 516/9/1 508/9/1 507/9/1
f 517/2/1 509/2/1 516/2/1
f 518/2/1 509/2/1 517/2/1
f 519/9/1 510/9/1 509/9/1
f 519/2/1 509/2/1 518/2/1
f 520/10/1 511/10/1 510/10/1
f 520/9/1 510/9/1 519/9/1
f 521/13/1 514/13/1 504/13/1
f 522/12/1 515/12/1 514/12/1
f 522/13/1 514/13/1 521/13/1
f 523/10/1 507/10/1 515/10/1
f 523/12/1 515/12/1 522/12/1
f 524/9/1 516/9/1 507/9/1
f 524/10/1 507/10/1 523/10/1
f 524/9/1 517/9/1 516/9/1
f 525/9/1 517/9/1 524/9/1
f 526/2/1 518/2/1 517/2/1
f 526/9/1 517/9/1 525/9/1
f 527/9/1 519/9/1 518/9/1
f 527/2/1 518/2/1 526/2/1
f 528/9/1 519/9/1 527/9/1
f 529/10/1 520/10/1 519/10/1
f 529/9/1 519/9/1 528/9/1
f 530/10/1 511/10/1 520/10/1
f 530/10/1 520/10/1 529/10/1
f 531/12/1 512/12/1 511/12/1
f 531/10/1 511/10/1 530/10/1
f 532/13/1 513/13/1 512/13/1
f 532/12/1 512/12/1 531/12/1
f 533/13/1 513/13/1 532/13/1
f 534/14/1 522/14/1 521/14/1
f 535/13/1 523/13/1 522/13/1
f 535/14/1 522/14/1 534/14/1
f 535/13/1 524/13/1 523/13/1
f 536/11/1 525/11/1 524/11/1
f 536/13/1 524/13/1 535/13/1
f 537/8/1 526/8/1 525/8/1
f 537/11/1 525/11/1 536/11/1
f 537/8/1 528/8/1 527/8/1
f 537/8/1 527/8/1 526/8/1
f 538/11/1 529/11/1 528/11/1
f 538/8/1 528/8/1 537/8/1
f 539/12/1 530/12/1 529/12/1
f 539/11/1 529/11/1 538/11/1
f 540/13/1 531/13/1 530/13/1
f 540/12/1 530/12/1 539/12/1
f 541/14/1 532/14/1 531/14/1
f 541/13/1 531/13/1 540/13/1
f 541/14/1 533/14/1 532/14/1
f 542/14/1 533/14/1 541/14/1
f 554/6/1 548/6/1 547/6/1
f 555/6/1 548/6/1 554/6/1
f 557/2/1 550/2/1 549/2/1
f 558/9/1 551/9/1 550/9/1
f 558/2/1 550/2/1 557/2/1
f 559/10/1 552/10/1 551/10/1
f 559/9/1 551/9/1 558/9/1
f 560/12/1 553/12/1 552/12/1
f 560/10/1 552/10/1 559/10/1
f 561/12/1 553/12/1 560/12/1
f 564/2/1 556/2/1 555/2/1
f 564/2/1 555/2/1 554/2/1
f 565/2/1 556/2/1 564/2/1
f 566/2/1 556/2/1 565/2/1
f 571/2/1 563/2/1 562/2/1
f 572/2/1 563/2/1 571/2/1
f 573/5/1 566/5/1 565/5/1
f 573/5/1 567/5/1 566/5/1
f 574/5/1 567/5/1 573/5/1
f 578/10/1 569/10/1 568/10/1
f 579/11/1 570/11/1 569/11/1
f 579/10/1 569/10/1 578/10/1
f 580/11/1 570/11/1 579/11/1
f 585/4/1 576/4/1 575/4/1
f 586/4/1 576/4/1 585/4/1
f 587/4/1 576/4/1 586/4/1
f 588/3/1 577/3/1 576/3/1
f 588/4/1 576/4/1 587/4/1
f 589/15/1 544/15/1 543/15/1
f 590/15/1 544/15/1 589/15/1
f 591/8/1 582/8/1 581/8/1
f 592/15/1 546/15/1 545/15/1
f 593/15/1 546/15/1 592/15/1
f 594/8/1 582/8/1 591/8/1
f 595/9/1 583/9/1 582/9/1
f 595/8/1 582/8/1 594/8/1
f 596/2/1 584/2/1 583/2/1
f 596/9/1 583/9/1 595/9/1
f 597/7/1 585/7/1 584/7/1
f 597/2/1 584/2/1 596/2/1
f 597/7/1 586/7/1 585/7/1
f 598/4/1 587/4/1 586/4/1
f 598/7/1 586/7/1 597/7/1
f 599/7/1 588/7/1 587/7/1
f 599/4/1 587/4/1 598/4/1
f 600/3/1 577/3/1 588/3/1
f 600/7/1 588/7/1 599/7/1
f 601/2/1 578/2/1 577/2/1
f 601/3/1 577/3/1 600/3/1
f 602/9/1 579/9/1 578/9/1
f 602/2/1 578/2/1 601/2/1
f 603/8/1 580/8/1 579/8/1
f 603/9/1 579/9/1 602/9/1
f 604/8/1 580/8/1 603/8/1
f 605/11/1 595/11/1 594/11/1
f 606/9/1 597/9/1 596/9/1
f 606/11/1 595/11/1 605/11/1
f 606/9/1 596/9/1 595/9/1
f 607/3/1 598/3/1 597/3/1
f 607/9/1 597/9/1 606/9/1
f 608/3/1 598/3/1 607/3/1
f 609/7/1 599/7/1 598/7/1
f 609/3/1 598/3/1 608/3/1
f 610/3/1 600/3/1 599/3/1
f 610/7/1 599/7/1 609/7/1
f 610/3/1 601/3/1 600/3/1
f 611/3/1 601/3/1 610/3/1
f 612/9/1 602/9/1 601/9/1
f 612/3/1 601/3/1 611/3/1
f 613/10/1 603/10/1 602/10/1
f 613/9/1 602/9/1 612/9/1
f 614/11/1 604/11/1 603/11/1
f 614/10/1 603/10/1 613/10/1
f 615/11/1 604/11/1 614/11/1
f 616/13/1 606/13/1 605/13/1
f 617/10/1 607/10/1 606/10/1
f 617/13/1 606/13/1 616/13/1
f 618/9/1 608/9/1 607/9/1
f 618/10/1 607/10/1 617/10/1
f 619/2/1 609/2/1 608/2/1
f 619/9/1 608/9/1 618/9/1
f 619/2/1 611/2/1 610/2/1
f 619/2/1 610/2/1 609/2/1
f 620/2/1 611/2/1 619/2/1
f 621/2/1 611/2/1 620/2/1
f 622/9/1 612/9/1 611/9/1
f 622/2/1 611/2/1 621/2/1
f 623/10/1 613/10/1 612/10/1
f 623/9/1 612/9/1 622/9/1
f 624/12/1 614/12/1 613/12/1
f 624/10/1 613/10/1 623/10/1
f 625/13/1 615/13/1 614/13/1
f 625/12/1 614/12/1 624/12/1
f 626/13/1 615/13/1 625/13/1
f 627/14/1 617/14/1 616/14/1
f 628/13/1 618/13/1 617/13/1
f 628/14/1 617/14/1 627/14/1
f 629/11/1 619/11/1 618/11/1
f 629/13/1 618/13/1 628/13/1
f 629/11/1 620/11/1 619/11/1
f 630/8/1 621/8/1 620/8/1
f 630/11/1 620/11/1 629/11/1
f 631/11/1 622/11/1 621/11/1
f 631/8/1 621/8/1 630/8/1
f 632/12/1 623/12/1 622/12/1
f 632/11/1 622/11/1 631/11/1
f 633/13/1 624/13/1 623/13/1
f 633/12/1 623/12/1 632/12/1
f 634/14/1 626/14/1 625/14/1
f 634/13/1 624/13/1 633/13/1
f 634/14/1 625/14/1 624/14/1
f 635/14/1 626/14/1 634/14/1
f 638/2/1 637/2/1 636/2/1
f 639/2/1 637/2/1 638/2/1
f 646/6/1 645/6/1 644/6/1
f 647/6/1 645/6/1 646/6/1
f 651/5/1 649/5/1 648/5/1
f 651/5/1 650/5/1 649/5/1
f 652/5/1 650/5/1 651/5/1
f 653/15/1 641/15/1 640/15/1
f 654/15/1 641/15/1 653/15/1
f 655/15/1 643/15/1 642/15/1
f 656/15/1 643/15/1 655/15/1
f 663/2/1 662/2/1 661/2/1
f 664/2/1 662/2/1 663/2/1
f 665/2/1 662/2/1 664/2/1
f 666/5/1 664/5/1 663/5/1
f 667/5/1 664/5/1 666/5/1
f 668/15/1 658/15/1 657/15/1
f 669/15/1 658/15/1 668/15/1
f 670/15/1 660/15/1 659/15/1
f 671/15/1 660/15/1 670/15/1
f 678/2/1 675/2/1 674/2/1
f 679/2/1 675/2/1 678/2/1
f 680/2/1 677/2/1 676/2/1
f 681/2/1 677/2/1 680/2/1
f 682/2/1 673/2/1 672/2/1
f 683/2/1 673/2/1 682/2/1
f 688/2/1 685/2/1 684/2/1
f 689/2/1 685/2/1 688/2/1
f 692/2/1 687/2/1 686/2/1
f 693/2/1 687/2/1 692/2/1
f 695/2/1 691/2/1 690/2/1
f 696/2/1 691/2/1 695/2/1
f 697/5/1 695/5/1 694/5/1
f 698/5/1 695/5/1 697/5/1
f 709/6/1 704/6/1 703/6/1
f 709/6/1 705/6/1 704/6/1
f 710/6/1 705/6/1 709/6/1
f 711/6/1 707/6/1 706/6/1
f 712/2/1 708/2/1 707/2/1
f 712/6/1 707/6/1 711/6/1
f 713/2/1 708/2/1 712/2/1
f 715/2/1 714/2/1 713/2/1
f 715/2/1 713/2/1 712/2/1
f 716/2/1 714/2/1 715/2/1
f 717/15/1 700/15/1 699/15/1
f 718/15/1 700/15/1 717/15/1
f 719/15/1 702/15/1 701/15/1
f 720/15/1 702/15/1 719/15/1
f 725/2/1 722/2/1 721/2/1
f 726/2/1 722/2/1 725/2/1
f 733/3/1 724/3/1 723/3/1
f 734/3/1 724/3/1 733/3/1
f 740/2/1 728/2/1 727/2/1
f 741/9/1 729/9/1 728/9/1
f 741/2/1 728/2/1 740/2/1
f 742/10/1 730/10/1 729/10/1
f 742/9/1 729/9/1 741/9/1
f 743/12/1 731/12/1 730/12/1
f 743/10/1 730/10/1 742/10/1
f 744/13/1 732/13/1 731/13/1
f 744/12/1 731/12/1 743/12/1
f 745/13/1 732/13/1 744/13/1
f 750/6/1 736/6/1 735/6/1
f 751/6/1 736/6/1 750/6/1
f 752/12/1 738/12/1 737/12/1
f 753/12/1 738/12/1 752/12/1
f 755/3/1 740/3/1 739/3/1
f 755/3/1 741/3/1 740/3/1
f 756/3/1 741/3/1 755/3/1
f 757/2/1 742/2/1 741/2/1
f 757/3/1 741/3/1 756/3/1
f 758/9/1 743/9/1 742/9/1
f 758/2/1 742/2/1 757/2/1
f 759/10/1 744/10/1 743/10/1
f 759/12/1 745/12/1 744/12/1
f 760/12/1 745/12/1 759/12/1
f 762/2/1 747/2/1 746/2/1
f 763/2/1 747/2/1 762/2/1
f 764/2/1 749/2/1 748/2/1
f 765/2/1 749/2/1 764/2/1
f 766/11/1 753/11/1 752/11/1
f 767/11/1 753/11/1 766/11/1
f 771/7/1 756/7/1 755/7/1
f 771/7/1 755/7/1 754/7/1
f 772/3/1 757/3/1 756/3/1
f 772/3/1 758/3/1 757/3/1
f 772/7/1 756/7/1 771/7/1
f 773/3/1 758/3/1 772/3/1
f 774/9/1 743/9/1 758/9/1
f 774/3/1 758/3/1 773/3/1
f 775/10/1 759/10/1 743/10/1
f 775/9/1 743/9/1 774/9/1
f 776/11/1 760/11/1 759/11/1
f 776/10/1 759/10/1 775/10/1
f 777/11/1 760/11/1 776/11/1
f 778/2/1 763/2/1 762/2/1
f 778/2/1 762/2/1 761/2/1
f 779/2/1 763/2/1 778/2/1
f 780/8/1 767/8/1 766/8/1
f 780/9/1 768/9/1 767/9/1
f 781/2/1 769/2/1 768/2/1
f 781/9/1 768/9/1 780/9/1
f 782/4/1 771/4/1 770/4/1
f 782/4/1 773/4/1 772/4/1
f 782/4/1 772/4/1 771/4/1
f 783/4/1 773/4/1 782/4/1
f 784/2/1 781/2/1 780/2/1
f 784/8/1 780/8/1 766/8/1
f 785/2/1 769/2/1 781/2/1
f 785/2/1 781/2/1 784/2/1
f 786/7/1 770/7/1 769/7/1
f 786/4/1 782/4/1 770/4/1
f 787/4/1 782/4/1 786/4/1
f 788/7/1 783/7/1 782/7/1
f 788/4/1 782/4/1 787/4/1
f 789/4/1 773/4/1 783/4/1
f 789/7/1 783/7/1 788/7/1
f 790/3/1 774/3/1 773/3/1
f 790/4/1 773/4/1 789/4/1
f 791/8/1 784/8/1 766/8/1
f 792/9/1 785/9/1 784/9/1
f 792/8/1 784/8/1 791/8/1
f 793/2/1 769/2/1 785/2/1
f 793/9/1 785/9/1 792/9/1
f 794/7/1 787/7/1 786/7/1
f 794/2/1 769/2/1 793/2/1
f 794/7/1 786/7/1 769/7/1
f 795/4/1 788/4/1 787/4/1
f 795/7/1 787/7/1 794/7/1
f 795/4/1 789/4/1 788/4/1
f 796/7/1 790/7/1 789/7/1
f 796/4/1 789/4/1 795/4/1
f 797/3/1 774/3/1 790/3/1
f 797/7/1 790/7/1 796/7/1
f 798/2/1 775/2/1 774/2/1
f 798/3/1 774/3/1 797/3/1
f 799/9/1 776/9/1 775/9/1
f 799/2/1 775/2/1 798/2/1
f 800/8/1 777/8/1 776/8/1
f 800/9/1 776/9/1 799/9/1
f 801/8/1 777/8/1 800/8/1
f 802/11/1 792/11/1 791/11/1
f 803/9/1 794/9/1 793/9/1
f 803/11/1 792/11/1 802/11/1
f 803/9/1 793/9/1 792/9/1
f 804/9/1 794/9/1 803/9/1
f 805/7/1 796/7/1 795/7/1
f 805/3/1 795/3/1 794/3/1
f 806/3/1 797/3/1 796/3/1
f 806/7/1 796/7/1 805/7/1
f 806/3/1 798/3/1 797/3/1
f 807/3/1 798/3/1 806/3/1
f 808/9/1 799/9/1 798/9/1
f 808/3/1 798/3/1 807/3/1
f 809/11/1 801/11/1 800/11/1
f 809/10/1 800/10/1 799/10/1
f 810/11/1 801/11/1 809/11/1
f 811/12/1 803/12/1 802/12/1
f 812/10/1 804/10/1 803/10/1
f 812/12/1 803/12/1 811/12/1
f 813/9/1 794/9/1 804/9/1
f 813/10/1 804/10/1 812/10/1
f 814/3/1 807/3/1 806/3/1
f 814/9/1 794/9/1 813/9/1
f 814/3/1 805/3/1 794/3/1
f 814/3/1 806/3/1 805/3/1
f 815/3/1 807/3/1 814/3/1
f 816/2/1 808/2/1 807/2/1
f 816/3/1 807/3/1 815/3/1
f 817/9/1 799/9/1 808/9/1
f 817/2/1 808/2/1 816/2/1
f 818/10/1 809/10/1 799/10/1
f 818/9/1 799/9/1 817/9/1
f 819/12/1 810/12/1 809/12/1
f 819/10/1 809/10/1 818/10/1
f 820/12/1 810/12/1 819/12/1
f 821/13/1 812/13/1 811/13/1
f 821/10/1 813/10/1 812/10/1
f 821/10/1 814/10/1 813/10/1
f 822/10/1 814/10/1 821/10/1
f 823/2/1 816/2/1 815/2/1
f 823/9/1 815/9/1 814/9/1
f 824/2/1 816/2/1 823/2/1
f 825/2/1 816/2/1 824/2/1
f 826/9/1 817/9/1 816/9/1
f 826/2/1 816/2/1 825/2/1
f 827/10/1 818/10/1 817/10/1
f 827/9/1 817/9/1 826/9/1
f 828/13/1 821/13/1 811/13/1
f 829/12/1 822/12/1 821/12/1
f 829/13/1 821/13/1 828/13/1
f 830/10/1 814/10/1 822/10/1
f 830/12/1 822/12/1 829/12/1
f 831/9/1 823/9/1 814/9/1
f 831/10/1 814/10/1 830/10/1
f 831/9/1 824/9/1 823/9/1
f 832/9/1 824/9/1 831/9/1
f 833/2/1 825/2/1 824/2/1
f 833/9/1 824/9/1 832/9/1
f 834/9/1 826/9/1 825/9/1
f 834/2/1 825/2/1 833/2/1
f 835/9/1 826/9/1 834/9/1
f 836/10/1 827/10/1 826/10/1
f 836/9/1 826/9/1 835/9/1
f 837/10/1 818/10/1 827/10/1
f 837/10/1 827/10/1 836/10/1
f 838/12/1 819/12/1 818/12/1
f 838/10/1 818/10/1 837/10/1
f 839/13/1 820/13/1 819/13/1
f 839/12/1 819/12/1 838/12/1
f 840/13/1 820/13/1 839/13/1
f 841/14/1 829/14/1 828/14/1
f 842/13/1 830/13/1 829/13/1
f 842/14/1 829/14/1 841/14/1
f 842/13/1 831/13/1 830/13/1
f 843/11/1 832/11/1 831/11/1
f 843/13/1 831/13/1 842/13/1
f 844/8/1 833/8/1 832/8/1
f 844/11/1 832/11/1 843/11/1
f 844/8/1 835/8/1 834/8/1
f 844/8/1 834/8/1 833/8/1
f 845/11/1 836/11/1 835/11/1
f 845/8/1 835/8/1 844/8/1
f 846/12/1 837/12/1 836/12/1
f 846/11/1 836/11/1 845/11/1
f 847/13/1 838/13/1 837/13/1
f 847/12/1 837/12/1 846/12/1
f 848/14/1 839/14/1 838/14/1
f 848/13/1 838/13/1 847/13/1
f 848/14/1 840/14/1 839/14/1
f 849/14/1 840/14/1 848/14/1
f 862/6/1 855/6/1 854/6/1
f 863/6/1 855/6/1 862/6/1
f 868/3/1 857/3/1 856/3/1
f 869/3/1 857/3/1 868/3/1
f 870/2/1 859/2/1 858/2/1
f 871/2/1 859/2/1 870/2/1
f 872/6/1 861/6/1 860/6/1
f 872/6/1 862/6/1 861/6/1
f 873/6/1 862/6/1 872/6/1
f 874/2/1 865/2/1 864/2/1
f 875/2/1 865/2/1 874/2/1
f 878/6/1 867/6/1 866/6/1
f 879/6/1 867/6/1 878/6/1
f 880/2/1 877/2/1 876/2/1
f 881/2/1 877/2/1 880/2/1
f 882/15/1 851/15/1 850/15/1
f 883/15/1 851/15/1 882/15/1
f 884/15/1 853/15/1 852/15/1
f 885/15/1 853/15/1 884/15/1
f 896/14/1 887/14/1 886/14/1
f 897/13/1 888/13/1 887/13/1
f 897/14/1 887/14/1 896/14/1
f 898/12/1 889/12/1 888/12/1
f 898/13/1 888/13/1 897/13/1
f 899/12/1 889/12/1 898/12/1
f 900/11/1 890/11/1 889/11/1
f 900/12/1 889/12/1 899/12/1
f 901/11/1 890/11/1 900/11/1
f 902/8/1 891/8/1 890/8/1
f 902/11/1 890/11/1 901/11/1
f 903/11/1 892/11/1 891/11/1
f 903/8/1 891/8/1 902/8/1
f 904/11/1 892/11/1 903/11/1
f 905/12/1 893/12/1 892/12/1
f 905/11/1 892/11/1 904/11/1
f 906/12/1 893/12/1 905/12/1
f 907/13/1 894/13/1 893/13/1
f 907/12/1 893/12/1 906/12/1
f 908/14/1 895/14/1 894/14/1
f 908/13/1 894/13/1 907/13/1
f 909/14/1 895/14/1 908/14/1
f 910/14/1 896/14/1 886/14/1
f 911/13/1 897/13/1 896/13/1
f 911/14/1 896/14/1 910/14/1
f 912/12/1 899/12/1 898/12/1
f 912/13/1 897/13/1 911/13/1
f 912/12/1 898/12/1 897/12/1
f 913/12/1 899/12/1 912/12/1
f 914/10/1 901/10/1 900/10/1
f 914/12/1 899/12/1 913/12/1
f 914/10/1 900/10/1 899/10/1
f 915/10/1 901/10/1 914/10/1
f 916/9/1 902/9/1 901/9/1
f 916/10/1 901/10/1 915/10/1
f 916/9/1 904/9/1 903/9/1
f 916/9/1 903/9/1 902/9/1
f 917/9/1 904/9/1 916/9/1
f 918/9/1 904/9/1 917/9/1
f 919/10/1 906/10/1 905/10/1
f 919/9/1 904/9/1 918/9/1
f 919/10/1 905/10/1 904/10/1
f 920/10/1 906/10/1 919/10/1
f 921/12/1 907/12/1 906/12/1
f 921/10/1 906/10/1 920/10/1
f 921/12/1 908/12/1 907/12/1
f 922/12/1 908/12/1 921/12/1
f 923/13/1 909/13/1 908/13/1
f 923/12/1 908/12/1 922/12/1
f 924/14/1 895/14/1 909/14/1
f 924/13/1 909/13/1 923/13/1
f 925/14/1 895/14/1 924/14/1
f 926/12/1 913/12/1 912/12/1
f 926/12/1 912/12/1 911/12/1
f 927/10/1 915/10/1 914/10/1
f 927/12/1 913/12/1 926/12/1
f 927/10/1 914/10/1 913/10/1
f 928/10/1 915/10/1 927/10/1
f 929/9/1 917/9/1 916/9/1
f 929/10/1 915/10/1 928/10/1
f 929/9/1 916/9/1 915/9/1
f 930/9/1 917/9/1 929/9/1
f 931/2/1 918/2/1 917/2/1
f 931/9/1 917/9/1 930/9/1
f 932/9/1 920/9/1 919/9/1
f 932/2/1 918/2/1 931/2/1
f 932/9/1 919/9/1 918/9/1
f 933/9/1 920/9/1 932/9/1
f 934/10/1 922/10/1 921/10/1
f 934/9/1 920/9/1 933/9/1
f 934/10/1 921/10/1 920/10/1
f 935/10/1 922/10/1 934/10/1
f 936/12/1 923/12/1 922/12/1
f 936/10/1 922/10/1 935/10/1
f 936/12/1 924/12/1 923/12/1
f 937/12/1 924/12/1 936/12/1
f 938/13/1 911/13/1 910/13/1
f 939/12/1 926/12/1 911/12/1
f 939/13/1 911/13/1 938/13/1
f 940/10/1 928/10/1 927/10/1
f 940/10/1 927/10/1 926/10/1
f 941/9/1 930/9/1 929/9/1
f 941/10/1 928/10/1 940/10/1
f 941/9/1 929/9/1 928/9/1
f 942/9/1 930/9/1 941/9/1
f 943/2/1 931/2/1 930/2/1
f 943/9/1 930/9/1 942/9/1
f 943/2/1 933/2/1 932/2/1
f 943/2/1 932/2/1 931/2/1
f 944/2/1 933/2/1 943/2/1
f 945/2/1 933/2/1 944/2/1
f 946/9/1 935/9/1 934/9/1
f 946/2/1 933/2/1 945/2/1
f 946/9/1 934/9/1 933/9/1
f 947/9/1 935/9/1 946/9/1
f 948/10/1 937/10/1 936/10/1
f 948/9/1 935/9/1 947/9/1
f 948/10/1 936/10/1 935/10/1
f 949/10/1 937/10/1 948/10/1
f 950/12/1 924/12/1 937/12/1
f 950/13/1 925/13/1 924/13/1
f 951/13/1 925/13/1 950/13/1
f 952/12/1 926/12/1 939/12/1
f 952/12/1 939/12/1 938/12/1
f 953/10/1 940/10/1 926/10/1
f 953/12/1 926/12/1 952/12/1
f 954/9/1 942/9/1 941/9/1
f 954/9/1 941/9/1 940/9/1
f 955/2/1 944/2/1 943/2/1
f 955/9/1 942/9/1 954/9/1
f 955/2/1 943/2/1 942/2/1
f 956/2/1 944/2/1 955/2/1
f 957/3/1 945/3/1 944/3/1
f 957/2/1 944/2/1 956/2/1
f 958/2/1 947/2/1 946/2/1
f 958/3/1 945/3/1 957/3/1
f 958/2/1 946/2/1 945/2/1
f 959/2/1 947/2/1 958/2/1
f 960/9/1 949/9/1 948/9/1
f 960/2/1 947/2/1 959/2/1
f 960/9/1 948/9/1 947/9/1
f 961/9/1 949/9/1 960/9/1
f 962/10/1 937/10/1 949/10/1
f 962/12/1 951/12/1 950/12/1
f 962/12/1 950/12/1 937/12/1
f 963/12/1 951/12/1 962/12/1
f 964/12/1 952/12/1 938/12/1
f 965/10/1 953/10/1 952/10/1
f 965/12/1 952/12/1 964/12/1
f 966/10/1 940/10/1 953/10/1
f 966/10/1 953/10/1 965/10/1
f 967/9/1 954/9/1 940/9/1
f 967/10/1 940/10/1 966/10/1
f 968/2/1 956/2/1 955/2/1
f 968/2/1 955/2/1 954/2/1
f 969/3/1 959/3/1 958/3/1
f 969/2/1 956/2/1 968/2/1
f 969/3/1 957/3/1 956/3/1
f 969/3/1 958/3/1 957/3/1
f 970/3/1 959/3/1 969/3/1
f 971/3/1 959/3/1 970/3/1
f 972/3/1 959/3/1 971/3/1
f 973/3/1 959/3/1 972/3/1
f 974/2/1 961/2/1 960/2/1
f 974/3/1 959/3/1 973/3/1
f 974/2/1 960/2/1 959/2/1
f 975/2/1 961/2/1 974/2/1
f 976/9/1 949/9/1 961/9/1
f 976/10/1 963/10/1 962/10/1
f 976/10/1 962/10/1 949/10/1
f 977/10/1 963/10/1 976/10/1
f 978/12/1 951/12/1 963/12/1
f 978/10/1 963/10/1 977/10/1
f 979/12/1 951/12/1 978/12/1
f 980/11/1 965/11/1 964/11/1
f 980/10/1 966/10/1 965/10/1
f 981/9/1 967/9/1 966/9/1
f 981/10/1 966/10/1 980/10/1
f 982/9/1 954/9/1 967/9/1
f 982/9/1 967/9/1 981/9/1
f 983/2/1 968/2/1 954/2/1
f 983/9/1 954/9/1 982/9/1
f 984/3/1 969/3/1 968/3/1
f 984/3/1 970/3/1 969/3/1
f 985/7/1 971/7/1 970/7/1
f 985/3/1 970/3/1 984/3/1
f 986/7/1 973/7/1 972/7/1
f 986/4/1 972/4/1 971/4/1
f 987/7/1 973/7/1 986/7/1
f 988/3/1 975/3/1 974/3/1
f 988/7/1 973/7/1 987/7/1
f 988/3/1 974/3/1 973/3/1
f 989/3/1 975/3/1 988/3/1
f 990/2/1 961/2/1 975/2/1
f 990/9/1 977/9/1 976/9/1
f 990/9/1 976/9/1 961/9/1
f 991/9/1 977/9/1 990/9/1
f 992/10/1 978/10/1 977/10/1
f 992/9/1 977/9/1 991/9/1
f 993/11/1 979/11/1 978/11/1
f 993/10/1 978/10/1 992/10/1
f 994/11/1 980/11/1 964/11/1
f 995/9/1 981/9/1 980/9/1
f 995/11/1 980/11/1 994/11/1
f 995/9/1 982/9/1 981/9/1
f 996/2/1 968/2/1 983/2/1
f 996/2/1 983/2/1 982/2/1
f 997/3/1 984/3/1 968/3/1
f 997/2/1 968/2/1 996/2/1
f 998/3/1 984/3/1 997/3/1
f 999/7/1 985/7/1 984/7/1
f 999/3/1 984/3/1 998/3/1
f 1000/4/1 987/4/1 986/4/1
f 1000/7/1 985/7/1 999/7/1
f 1000/7/1 971/7/1 985/7/1
f 1000/4/1 986/4/1 971/4/1
f 1001/4/1 987/4/1 1000/4/1
f 1002/7/1 989/7/1 988/7/1
f 1002/4/1 987/4/1 1001/4/1
f 1002/7/1 988/7/1 987/7/1
f 1003/3/1 975/3/1 989/3/1
f 1003/7/1 989/7/1 1002/7/1
f 1004/3/1 975/3/1 1003/3/1
f 1005/2/1 990/2/1 975/2/1
f 1005/3/1 975/3/1 1004/3/1
f 1005/2/1 991/2/1 990/2/1
f 1006/2/1 991/2/1 1005/2/1
f 1007/9/1 992/9/1 991/9/1
f 1007/9/1 993/9/1 992/9/1
f 1007/11/1 979/11/1 993/11/1
f 1008/11/1 979/11/1 1007/11/1
f 1009/9/1 982/9/1 995/9/1
f 1010/2/1 996/2/1 982/2/1
f 1010/9/1 982/9/1 1009/9/1
f 1011/7/1 999/7/1 998/7/1
f 1011/4/1 1000/4/1 999/4/1
f 1012/4/1 1000/4/1 1011/4/1
f 1013/4/1 1002/4/1 1001/4/1
f 1013/7/1 1001/7/1 1000/7/1
f 1013/4/1 1003/4/1 1002/4/1
f 1014/4/1 1003/4/1 1013/4/1
f 1015/2/1 991/2/1 1006/2/1
f 1015/9/1 1007/9/1 991/9/1
f 1016/9/1 1007/9/1 1015/9/1
f 1017/7/1 1012/7/1 1011/7/1
f 1017/7/1 1011/7/1 998/7/1
f 1018/4/1 1000/4/1 1012/4/1
f 1018/7/1 1012/7/1 1017/7/1
f 1019/7/1 1014/7/1 1013/7/1
f 1019/4/1 1000/4/1 1018/4/1
f 1019/7/1 1013/7/1 1000/7/1
f 1020/4/1 1003/4/1 1014/4/1
f 1020/7/1 1014/7/1 1019/7/1
f 1021/4/1 1003/4/1 1020/4/1
f 1022/9/1 1009/9/1 995/9/1
f 1022/2/1 1010/2/1 1009/2/1
f 1023/2/1 996/2/1 1010/2/1
f 1023/2/1 1010/2/1 1022/2/1
f 1024/7/1 1017/7/1 998/7/1
f 1024/4/1 1019/4/1 1018/4/1
f 1024/4/1 1018/4/1 1017/4/1
f 1024/4/1 1020/4/1 1019/4/1
f 1025/4/1 1020/4/1 1024/4/1
f 1026/4/1 1020/4/1 1025/4/1
f 1027/4/1 1020/4/1 1026/4/1
f 1028/7/1 1021/7/1 1020/7/1
f 1028/4/1 1020/4/1 1027/4/1
f 1029/4/1 1003/4/1 1021/4/1
f 1029/7/1 1021/7/1 1028/7/1
f 1030/7/1 1004/7/1 1003/7/1
f 1030/4/1 1003/4/1 1029/4/1
f 1031/2/1 1016/2/1 1015/2/1
f 1031/2/1 1015/2/1 1006/2/1
f 1032/9/1 1007/9/1 1016/9/1
f 1032/2/1 1016/2/1 1031/2/1
f 1033/8/1 995/8/1 994/8/1
f 1034/9/1 1023/9/1 1022/9/1
f 1034/8/1 995/8/1 1033/8/1
f 1034/9/1 1022/9/1 995/9/1
f 1035/2/1 996/2/1 1023/2/1
f 1035/3/1 997/3/1 996/3/1
f 1035/3/1 998/3/1 997/3/1
f 1036/3/1 998/3/1 1035/3/1
f 1037/7/1 1024/7/1 998/7/1
f 1037/3/1 998/3/1 1036/3/1
f 1037/7/1 1025/7/1 1024/7/1
f 1038/7/1 1025/7/1 1037/7/1
f 1039/4/1 1026/4/1 1025/4/1
f 1039/7/1 1025/7/1 1038/7/1
f 1040/7/1 1027/7/1 1026/7/1
f 1040/4/1 1026/4/1 1039/4/1
f 1041/4/1 1029/4/1 1028/4/1
f 1041/7/1 1027/7/1 1040/7/1
f 1041/4/1 1028/4/1 1027/4/1
f 1042/4/1 1029/4/1 1041/4/1
f 1043/7/1 1030/7/1 1029/7/1
f 1043/4/1 1029/4/1 1042/4/1
f 1044/7/1 1004/7/1 1030/7/1
f 1044/7/1 1030/7/1 1043/7/1
f 1045/3/1 1006/3/1 1005/3/1
f 1045/7/1 1004/7/1 1044/7/1
f 1045/3/1 1005/3/1 1004/3/1
f 1046/3/1 1006/3/1 1045/3/1
f 1047/2/1 1031/2/1 1006/2/1
f 1047/3/1 1006/3/1 1046/3/1
f 1048/9/1 1032/9/1 1031/9/1
f 1048/9/1 1007/9/1 1032/9/1
f 1048/8/1 1008/8/1 1007/8/1
f 1049/8/1 1008/8/1 1048/8/1
f 1050/9/1 1023/9/1 1034/9/1
f 1050/11/1 1034/11/1 1033/11/1
f 1051/9/1 1023/9/1 1050/9/1
f 1052/2/1 1036/2/1 1035/2/1
f 1052/9/1 1023/9/1 1051/9/1
f 1052/2/1 1035/2/1 1023/2/1
f 1053/2/1 1036/2/1 1052/2/1
f 1054/3/1 1038/3/1 1037/3/1
f 1054/7/1 1040/7/1 1039/7/1
f 1054/3/1 1037/3/1 1036/3/1
f 1054/7/1 1039/7/1 1038/7/1
f 1055/7/1 1040/7/1 1054/7/1
f 1056/4/1 1041/4/1 1040/4/1
f 1056/7/1 1040/7/1 1055/7/1
f 1056/4/1 1042/4/1 1041/4/1
f 1057/7/1 1044/7/1 1043/7/1
f 1057/4/1 1042/4/1 1056/4/1
f 1057/7/1 1043/7/1 1042/7/1
f 1058/7/1 1044/7/1 1057/7/1
f 1059/3/1 1046/3/1 1045/3/1
f 1059/7/1 1044/7/1 1058/7/1
f 1059/3/1 1045/3/1 1044/3/1
f 1060/2/1 1031/2/1 1047/2/1
f 1060/2/1 1047/2/1 1046/2/1
f 1061/9/1 1048/9/1 1031/9/1
f 1061/2/1 1031/2/1 1060/2/1
f 1062/9/1 1048/9/1 1061/9/1
f 1063/11/1 1049/11/1 1048/11/1
f 1063/9/1 1048/9/1 1062/9/1
f 1064/11/1 1050/11/1 1033/11/1
f 1065/10/1 1051/10/1 1050/10/1
f 1065/11/1 1050/11/1 1064/11/1
f 1066/9/1 1053/9/1 1052/9/1
f 1066/10/1 1051/10/1 1065/10/1
f 1066/9/1 1052/9/1 1051/9/1
f 1067/9/1 1053/9/1 1066/9/1
f 1068/3/1 1055/3/1 1054/3/1
f 1068/2/1 1036/2/1 1053/2/1
f 1068/3/1 1054/3/1 1036/3/1
f 1069/3/1 1055/3/1 1068/3/1
f 1070/7/1 1058/7/1 1057/7/1
f 1070/3/1 1055/3/1 1069/3/1
f 1070/7/1 1056/7/1 1055/7/1
f 1070/7/1 1057/7/1 1056/7/1
f 1071/3/1 1059/3/1 1058/3/1
f 1071/7/1 1058/7/1 1070/7/1
f 1072/3/1 1046/3/1 1059/3/1
f 1072/3/1 1059/3/1 1071/3/1
f 1073/2/1 1060/2/1 1046/2/1
f 1073/3/1 1046/3/1 1072/3/1
f 1074/9/1 1062/9/1 1061/9/1
f 1074/9/1 1061/9/1 1060/9/1
f 1075/10/1 1063/10/1 1062/10/1
f 1075/9/1 1062/9/1 1074/9/1
f 1076/11/1 1049/11/1 1063/11/1
f 1076/10/1 1063/10/1 1075/10/1
f 1077/11/1 1049/11/1 1076/11/1
f 1078/10/1 1067/10/1 1066/10/1
f 1078/12/1 1065/12/1 1064/12/1
f 1078/10/1 1066/10/1 1065/10/1
f 1079/10/1 1067/10/1 1078/10/1
f 1080/2/1 1069/2/1 1068/2/1
f 1080/2/1 1068/2/1 1053/2/1
f 1080/9/1 1053/9/1 1067/9/1
f 1081/2/1 1069/2/1 1080/2/1
f 1082/3/1 1071/3/1 1070/3/1
f 1082/2/1 1069/2/1 1081/2/1
f 1082/3/1 1070/3/1 1069/3/1
f 1082/3/1 1072/3/1 1071/3/1
f 1083/3/1 1072/3/1 1082/3/1
f 1084/3/1 1072/3/1 1083/3/1
f 1085/2/1 1073/2/1 1072/2/1
f 1085/3/1 1072/3/1 1084/3/1
f 1086/2/1 1060/2/1 1073/2/1
f 1086/2/1 1073/2/1 1085/2/1
f 1087/9/1 1074/9/1 1060/9/1
f 1087/2/1 1060/2/1 1086/2/1
f 1088/10/1 1075/10/1 1074/10/1
f 1088/10/1 1076/10/1 1075/10/1
f 1089/12/1 1077/12/1 1076/12/1
f 1089/10/1 1076/10/1 1088/10/1
f 1090/12/1 1079/12/1 1078/12/1
f 1090/12/1 1078/12/1 1064/12/1
f 1091/12/1 1079/12/1 1090/12/1
f 1092/10/1 1067/10/1 1079/10/1
f 1092/9/1 1081/9/1 1080/9/1
f 1092/9/1 1080/9/1 1067/9/1
f 1093/9/1 1081/9/1 1092/9/1
f 1094/2/1 1082/2/1 1081/2/1
f 1094/9/1 1081/9/1 1093/9/1
f 1094/2/1 1083/2/1 1082/2/1
f 1095/2/1 1083/2/1 1094/2/1
f 1096/3/1 1084/3/1 1083/3/1
f 1096/2/1 1083/2/1 1095/2/1
f 1097/2/1 1085/2/1 1084/2/1
f 1097/3/1 1084/3/1 1096/3/1
f 1097/2/1 1086/2/1 1085/2/1
f 1098/2/1 1086/2/1 1097/2/1
f 1099/9/1 1087/9/1 1086/9/1
f 1099/2/1 1086/2/1 1098/2/1
f 1100/9/1 1074/9/1 1087/9/1
f 1100/9/1 1087/9/1 1099/9/1
f 1101/10/1 1088/10/1 1074/10/1
f 1101/9/1 1074/9/1 1100/9/1
f 1102/12/1 1077/12/1 1089/12/1
f 1102/12/1 1089/12/1 1088/12/1
f 1103/12/1 1077/12/1 1102/12/1
f 1104/12/1 1079/12/1 1091/12/1
f 1104/10/1 1093/10/1 1092/10/1
f 1104/10/1 1092/10/1 1079/10/1
f 1105/10/1 1093/10/1 1104/10/1
f 1106/9/1 1094/9/1 1093/9/1
f 1106/10/1 1093/10/1 1105/10/1
f 1106/9/1 1095/9/1 1094/9/1
f 1107/9/1 1095/9/1 1106/9/1
f 1108/2/1 1096/2/1 1095/2/1
f 1108/9/1 1095/9/1 1107/9/1
f 1108/2/1 1098/2/1 1097/2/1
f 1108/2/1 1097/2/1 1096/2/1
f 1109/2/1 1098/2/1 1108/2/1
f 1110/2/1 1098/2/1 1109/2/1
f 1111/9/1 1100/9/1 1099/9/1
f 1111/2/1 1098/2/1 1110/2/1
f 1111/9/1 1099/9/1 1098/9/1
f 1112/9/1 1100/9/1 1111/9/1
f 1113/10/1 1101/10/1 1100/10/1
f 1113/9/1 1100/9/1 1112/9/1
f 1114/10/1 1088/10/1 1101/10/1
f 1114/10/1 1101/10/1 1113/10/1
f 1115/12/1 1102/12/1 1088/12/1
f 1115/10/1 1088/10/1 1114/10/1
f 1116/13/1 1091/13/1 1090/13/1
f 1117/12/1 1105/12/1 1104/12/1
f 1117/13/1 1091/13/1 1116/13/1
f 1117/12/1 1104/12/1 1091/12/1
f 1118/12/1 1105/12/1 1117/12/1
f 1119/10/1 1107/10/1 1106/10/1
f 1119/12/1 1105/12/1 1118/12/1
f 1119/10/1 1106/10/1 1105/10/1
f 1120/10/1 1107/10/1 1119/10/1
f 1121/9/1 1109/9/1 1108/9/1
f 1121/10/1 1107/10/1 1120/10/1
f 1121/9/1 1108/9/1 1107/9/1
f 1122/9/1 1109/9/1 1121/9/1
f 1123/2/1 1110/2/1 1109/2/1
f 1123/9/1 1109/9/1 1122/9/1
f 1124/9/1 1112/9/1 1111/9/1
f 1124/2/1 1110/2/1 1123/2/1
f 1124/9/1 1111/9/1 1110/9/1
f 1125/9/1 1112/9/1 1124/9/1
f 1126/10/1 1113/10/1 1112/10/1
f 1126/9/1 1112/9/1 1125/9/1
f 1126/10/1 1114/10/1 1113/10/1
f 1127/10/1 1114/10/1 1126/10/1
f 1128/12/1 1115/12/1 1114/12/1
f 1128/10/1 1114/10/1 1127/10/1
f 1129/12/1 1102/12/1 1115/12/1
f 1129/12/1 1115/12/1 1128/12/1
f 1130/13/1 1103/13/1 1102/13/1
f 1130/12/1 1102/12/1 1129/12/1
f 1131/13/1 1103/13/1 1130/13/1
f 1132/13/1 1118/13/1 1117/13/1
f 1132/14/1 1117/14/1 1116/14/1
f 1133/12/1 1120/12/1 1119/12/1
f 1133/13/1 1118/13/1 1132/13/1
f 1133/12/1 1119/12/1 1118/12/1
f 1134/12/1 1120/12/1 1133/12/1
f 1135/10/1 1122/10/1 1121/10/1
f 1135/12/1 1120/12/1 1134/12/1
f 1135/10/1 1121/10/1 1120/10/1
f 1136/10/1 1122/10/1 1135/10/1
f 1137/9/1 1125/9/1 1124/9/1
f 1137/10/1 1122/10/1 1136/10/1
f 1137/9/1 1123/9/1 1122/9/1
f 1137/9/1 1124/9/1 1123/9/1
f 1138/9/1 1125/9/1 1137/9/1
f 1139/9/1 1125/9/1 1138/9/1
f 1140/10/1 1127/10/1 1126/10/1
f 1140/9/1 1125/9/1 1139/9/1
f 1140/10/1 1126/10/1 1125/10/1
f 1141/10/1 1127/10/1 1140/10/1
f 1142/12/1 1128/12/1 1127/12/1
f 1142/10/1 1127/10/1 1141/10/1
f 1142/12/1 1129/12/1 1128/12/1
f 1143/12/1 1129/12/1 1142/12/1
f 1144/13/1 1130/13/1 1129/13/1
f 1144/12/1 1129/12/1 1143/12/1
f 1145/14/1 1131/14/1 1130/14/1
f 1145/13/1 1130/13/1 1144/13/1
f 1146/14/1 1132/14/1 1116/14/1
f 1146/14/1 1133/14/1 1132/14/1
f 1147/13/1 1134/13/1 1133/13/1
f 1147/14/1 1133/14/1 1146/14/1
f 1148/12/1 1136/12/1 1135/12/1
f 1148/13/1 1134/13/1 1147/13/1
f 1148/12/1 1135/12/1 1134/12/1
f 1149/11/1 1138/11/1 1137/11/1
f 1149/12/1 1136/12/1 1148/12/1
f 1149/11/1 1137/11/1 1136/11/1
f 1150/8/1 1139/8/1 1138/8/1
f 1150/11/1 1138/11/1 1149/11/1
f 1151/11/1 1141/11/1 1140/11/1
f 1151/8/1 1139/8/1 1150/8/1
f 1151/11/1 1140/11/1 1139/11/1
f 1152/12/1 1142/12/1 1141/12/1
f 1152/11/1 1141/11/1 1151/11/1
f 1152/12/1 1143/12/1 1142/12/1
f 1153/13/1 1144/13/1 1143/13/1
f 1153/12/1 1143/12/1 1152/12/1
f 1154/14/1 1145/14/1 1144/14/1
f 1154/13/1 1144/13/1 1153/13/1
f 1155/14/1 1131/14/1 1145/14/1
f 1155/14/1 1145/14/1 1154/14/1
f 1158/6/1 1157/6/1 1156/6/1
f 1159/6/1 1157/6/1 1158/6/1
f 1160/6/1 1157/6/1 1159/6/1
f 1163/3/1 1162/3/1 1161/3/1
f 1164/3/1 1162/3/1 1163/3/1
f 1170/6/1 1167/6/1 1166/6/1
f 1170/6/1 1166/6/1 1165/6/1
f 1171/6/1 1167/6/1 1170/6/1
f 1172/2/1 1169/2/1 1168/2/1
f 1173/2/1 1169/2/1 1172/2/1
f 1176/5/1 1175/5/1 1174/5/1
f 1177/5/1 1175/5/1 1176/5/1
f 1180/5/1 1179/5/1 1178/5/1
f 1181/5/1 1179/5/1 1180/5/1
f 1186/6/1 1183/6/1 1182/6/1
f 1187/6/1 1183/6/1 1186/6/1
f 1188/2/1 1185/2/1 1184/2/1
f 1189/2/1 1185/2/1 1188/2/1
f 1195/2/1 1190/2/1 1189/2/1
f 1196/2/1 1190/2/1 1195/2/1
f 1197/5/1 1192/5/1 1191/5/1
f 1198/5/1 1192/5/1 1197/5/1
f 1201/2/1 1194/2/1 1193/2/1
f 1202/2/1 1194/2/1 1201/2/1
f 1203/2/1 1200/2/1 1199/2/1
f 1204/2/1 1200/2/1 1203/2/1
f 1207/5/1 1206/5/1 1205/5/1
f 1208/5/1 1206/5/1 1207/5/1
f 1215/1/1 1214/1/1 1213/1/1
f 1216/1/1 1214/1/1 1215/1/1
f 1217/1/1 1214/1/1 1216/1/1
f 1218/1/1 1214/1/1 1217/1/1
f 1223/11/1 1216/11/1 1215/11/1
f 1224/8/1 1217/8/1 1216/8/1
f 1224/11/1 1216/11/1 1223/11/1
f 1225/8/1 1217/8/1 1224/8/1
f 1226/2/1 1218/2/1 1217/2/1
f 1226/8/1 1217/8/1 1225/8/1
f 1227/1/1 1214/1/1 1218/1/1
f 1227/2/1 1218/2/1 1226/2/1
f 1228/1/1 1214/1/1 1227/1/1
f 1231/2/1 1220/2/1 1219/2/1
f 1232/2/1 1220/2/1 1231/2/1
f 1234/5/1 1222/5/1 1221/5/1
f 1235/5/1 1222/5/1 1234/5/1
f 1236/9/1 1225/9/1 1224/9/1
f 1236/8/1 1224/8/1 1223/8/1
f 1237/2/1 1226/2/1 1225/2/1
f 1237/9/1 1225/9/1 1236/9/1
f 1238/7/1 1227/7/1 1226/7/1
f 1238/2/1 1226/2/1 1237/2/1
f 1239/2/1 1228/2/1 1227/2/1
f 1239/7/1 1227/7/1 1238/7/1
f 1240/9/1 1229/9/1 1228/9/1
f 1240/2/1 1228/2/1 1239/2/1
f 1241/8/1 1230/8/1 1229/8/1
f 1241/9/1 1229/9/1 1240/9/1
f 1242/5/1 1233/5/1 1232/5/1
f 1243/5/1 1233/5/1 1242/5/1
f 1244/8/1 1236/8/1 1223/8/1
f 1245/2/1 1237/2/1 1236/2/1
f 1245/8/1 1236/8/1 1244/8/1
f 1246/3/1 1238/3/1 1237/3/1
f 1246/2/1 1237/2/1 1245/2/1
f 1247/7/1 1239/7/1 1238/7/1
f 1247/3/1 1238/3/1 1246/3/1
f 1248/3/1 1240/3/1 1239/3/1
f 1248/7/1 1239/7/1 1247/7/1
f 1249/2/1 1241/2/1 1240/2/1
f 1249/3/1 1240/3/1 1248/3/1
f 1250/8/1 1230/8/1 1241/8/1
f 1250/2/1 1241/2/1 1249/2/1
f 1251/8/1 1230/8/1 1250/8/1
f 1254/15/1 1210/15/1 1209/15/1
f 1255/15/1 1210/15/1 1254/15/1
f 1256/2/1 1245/2/1 1244/2/1
f 1257/3/1 1246/3/1 1245/3/1
f 1257/2/1 1245/2/1 1256/2/1
f 1258/7/1 1247/7/1 1246/7/1
f 1258/3/1 1246/3/1 1257/3/1
f 1259/4/1 1248/4/1 1247/4/1
f 1259/7/1 1247/7/1 1258/7/1
f 1260/7/1 1249/7/1 1248/7/1
f 1260/4/1 1248/4/1 1259/4/1
f 1261/3/1 1250/3/1 1249/3/1
f 1261/7/1 1249/7/1 1260/7/1
f 1262/2/1 1251/2/1 1250/2/1
f 1262/3/1 1250/3/1 1261/3/1
f 1263/2/1 1251/2/1 1262/2/1
f 1264/5/1 1253/5/1 1252/5/1
f 1265/5/1 1253/5/1 1264/5/1
f 1267/15/1 1212/15/1 1211/15/1
f 1268/15/1 1212/15/1 1267/15/1
f 1269/2/1 1258/2/1 1257/2/1
f 1269/8/1 1257/8/1 1256/8/1
f 1270/3/1 1259/3/1 1258/3/1
f 1270/2/1 1258/2/1 1269/2/1
f 1271/7/1 1260/7/1 1259/7/1
f 1271/3/1 1259/3/1 1270/3/1
f 1272/3/1 1261/3/1 1260/3/1
f 1272/7/1 1260/7/1 1271/7/1
f 1273/2/1 1262/2/1 1261/2/1
f 1273/3/1 1261/3/1 1272/3/1
f 1274/8/1 1263/8/1 1262/8/1
f 1274/2/1 1262/2/1 1273/2/1
f 1275/5/1 1266/5/1 1265/5/1
f 1276/5/1 1266/5/1 1275/5/1
f 1277/8/1 1269/8/1 1256/8/1
f 1278/9/1 1270/9/1 1269/9/1
f 1278/8/1 1269/8/1 1277/8/1
f 1279/2/1 1271/2/1 1270/2/1
f 1279/9/1 1270/9/1 1278/9/1
f 1280/3/1 1272/3/1 1271/3/1
f 1280/2/1 1271/2/1 1279/2/1
f 1281/2/1 1273/2/1 1272/2/1
f 1281/3/1 1272/3/1 1280/3/1
f 1282/9/1 1274/9/1 1273/9/1
f 1282/2/1 1273/2/1 1281/2/1
f 1283/8/1 1263/8/1 1274/8/1
f 1283/9/1 1274/9/1 1282/9/1
f 1284/8/1 1263/8/1 1283/8/1
f 1285/13/1 1278/13/1 1277/13/1
f 1286/11/1 1279/11/1 1278/11/1
f 1286/13/1 1278/13/1 1285/13/1
f 1287/8/1 1280/8/1 1279/8/1
f 1287/11/1 1279/11/1 1286/11/1
f 1288/9/1 1281/9/1 1280/9/1
f 1288/8/1 1280/8/1 1287/8/1
f 1289/8/1 1282/8/1 1281/8/1
f 1289/9/1 1281/9/1 1288/9/1
f 1290/11/1 1283/11/1 1282/11/1
f 1290/8/1 1282/8/1 1289/8/1
f 1291/13/1 1284/13/1 1283/13/1
f 1291/11/1 1283/11/1 1290/11/1
f 1292/13/1 1284/13/1 1291/13/1
f 1300/13/1 1294/13/1 1293/13/1
f 1301/12/1 1295/12/1 1294/12/1
f 1301/13/1 1294/13/1 1300/13/1
f 1302/12/1 1295/12/1 1301/12/1
f 1303/9/1 1297/9/1 1296/9/1
f 1304/9/1 1297/9/1 1303/9/1
f 1306/13/1 1299/13/1 1298/13/1
f 1307/13/1 1299/13/1 1306/13/1
f 1313/10/1 1306/10/1 1305/10/1
f 1314/12/1 1307/12/1 1306/12/1
f 1314/10/1 1306/10/1 1313/10/1
f 1315/12/1 1307/12/1 1314/12/1
f 1316/2/1 1309/2/1 1308/2/1
f 1317/2/1 1309/2/1 1316/2/1
f 1321/3/1 1311/3/1 1310/3/1
f 1322/3/1 1311/3/1 1321/3/1
f 1323/7/1 1312/7/1 1311/7/1
f 1323/3/1 1311/3/1 1322/3/1
f 1324/3/1 1313/3/1 1312/3/1
f 1324/7/1 1312/7/1 1323/7/1
f 1325/3/1 1313/3/1 1324/3/1
f 1326/10/1 1314/10/1 1313/10/1
f 1326/3/1 1313/3/1 1325/3/1
f 1327/11/1 1315/11/1 1314/11/1
f 1327/10/1 1314/10/1 1326/10/1
f 1328/11/1 1315/11/1 1327/11/1
f 1329/5/1 1317/5/1 1316/5/1
f 1330/5/1 1317/5/1 1329/5/1
f 1331/2/1 1319/2/1 1318/2/1
f 1332/2/1 1319/2/1 1331/2/1
f 1335/9/1 1321/9/1 1320/9/1
f 1336/4/1 1323/4/1 1322/4/1
f 1336/7/1 1322/7/1 1321/7/1
f 1336/4/1 1325/4/1 1324/4/1
f 1336/4/1 1324/4/1 1323/4/1
f 1337/4/1 1325/4/1 1336/4/1
f 1338/4/1 1325/4/1 1337/4/1
f 1339/3/1 1326/3/1 1325/3/1
f 1339/4/1 1325/4/1 1338/4/1
f 1340/5/1 1333/5/1 1332/5/1
f 1341/5/1 1333/5/1 1340/5/1
f 1342/8/1 1335/8/1 1334/8/1
f 1343/9/1 1321/9/1 1335/9/1
f 1343/8/1 1335/8/1 1342/8/1
f 1344/7/1 1337/7/1 1336/7/1
f 1344/9/1 1321/9/1 1343/9/1
f 1344/7/1 1336/7/1 1321/7/1
f 1345/4/1 1338/4/1 1337/4/1
f 1345/7/1 1337/7/1 1344/7/1
f 1346/7/1 1339/7/1 1338/7/1
f 1346/4/1 1338/4/1 1345/4/1
f 1347/3/1 1326/3/1 1339/3/1
f 1347/7/1 1339/7/1 1346/7/1
f 1348/9/1 1327/9/1 1326/9/1
f 1348/3/1 1326/3/1 1347/3/1
f 1349/8/1 1328/8/1 1327/8/1
f 1349/9/1 1327/9/1 1348/9/1
f 1350/8/1 1328/8/1 1349/8/1
f 1351/11/1 1343/11/1 1342/11/1
f 1352/9/1 1344/9/1 1343/9/1
f 1352/11/1 1343/11/1 1351/11/1
f 1353/3/1 1345/3/1 1344/3/1
f 1353/9/1 1344/9/1 1352/9/1
f 1354/7/1 1346/7/1 1345/7/1
f 1354/3/1 1345/3/1 1353/3/1
f 1355/3/1 1347/3/1 1346/3/1
f 1355/7/1 1346/7/1 1354/7/1
f 1355/3/1 1348/3/1 1347/3/1
f 1356/3/1 1348/3/1 1355/3/1
f 1357/10/1 1349/10/1 1348/10/1
f 1357/3/1 1348/3/1 1356/3/1
f 1358/11/1 1350/11/1 1349/11/1
f 1358/10/1 1349/10/1 1357/10/1
f 1359/11/1 1350/11/1 1358/11/1
f 1360/12/1 1352/12/1 1351/12/1
f 1361/10/1 1353/10/1 1352/10/1
f 1361/12/1 1352/12/1 1360/12/1
f 1362/3/1 1354/3/1 1353/3/1
f 1362/10/1 1353/10/1 1361/10/1
f 1362/3/1 1356/3/1 1355/3/1
f 1362/3/1 1355/3/1 1354/3/1
f 1363/2/1 1357/2/1 1356/2/1
f 1363/3/1 1356/3/1 1362/3/1
f 1364/10/1 1358/10/1 1357/10/1
f 1364/2/1 1357/2/1 1363/2/1
f 1365/12/1 1359/12/1 1358/12/1
f 1365/10/1 1358/10/1 1364/10/1
f 1366/12/1 1359/12/1 1365/12/1
f 1367/13/1 1361/13/1 1360/13/1
f 1368/12/1 1362/12/1 1361/12/1
f 1368/13/1 1361/13/1 1367/13/1
f 1369/9/1 1363/9/1 1362/9/1
f 1369/12/1 1362/12/1 1368/12/1
f 1370/9/1 1363/9/1 1369/9/1
f 1371/9/1 1363/9/1 1370/9/1
f 1372/10/1 1364/10/1 1363/10/1
f 1372/9/1 1363/9/1 1371/9/1
f 1373/12/1 1365/12/1 1364/12/1
f 1373/10/1 1364/10/1 1372/10/1
f 1374/13/1 1366/13/1 1365/13/1
f 1374/12/1 1365/12/1 1373/12/1
f 1375/13/1 1366/13/1 1374/13/1
f 1376/14/1 1368/14/1 1367/14/1
f 1377/13/1 1369/13/1 1368/13/1
f 1377/14/1 1368/14/1 1376/14/1
f 1378/11/1 1370/11/1 1369/11/1
f 1378/13/1 1369/13/1 1377/13/1
f 1379/8/1 1371/8/1 1370/8/1
f 1379/11/1 1370/11/1 1378/11/1
f 1380/11/1 1372/11/1 1371/11/1
f 1380/8/1 1371/8/1 1379/8/1
f 1381/12/1 1373/12/1 1372/12/1
f 1381/11/1 1372/11/1 1380/11/1
f 1382/14/1 1374/14/1 1373/14/1
f 1382/12/1 1373/12/1 1381/12/1
f 1382/14/1 1375/14/1 1374/14/1
f 1383/14/1 1375/14/1 1382/14/1
f 1386/2/1 1385/2/1 1384/2/1
f 1387/2/1 1385/2/1 1386/2/1
f 1392/5/1 1389/5/1 1388/5/1
f 1393/5/1 1389/5/1 1392/5/1
f 1394/2/1 1391/2/1 1390/2/1
f 1395/2/1 1391/2/1 1394/2/1
f 1402/2/1 1397/2/1 1396/2/1
f 1403/2/1 1397/2/1 1402/2/1
f 1406/5/1 1399/5/1 1398/5/1
f 1407/5/1 1399/5/1 1406/5/1
f 1408/2/1 1401/2/1 1400/2/1
f 1409/2/1 1401/2/1 1408/2/1
f 1410/2/1 1405/2/1 1404/2/1
f 1411/2/1 1405/2/1 1410/2/1
f 1414/5/1 1413/5/1 1412/5/1
f 1415/5/1 1413/5/1 1414/5/1
f 1418/6/1 1417/6/1 1416/6/1
f 1419/6/1 1417/6/1 1418/6/1
f 1428/8/1 1421/8/1 1420/8/1
f 1429/9/1 1422/9/1 1421/9/1
f 1429/8/1 1421/8/1 1428/8/1
f 1430/2/1 1423/2/1 1422/2/1
f 1430/9/1 1422/9/1 1429/9/1
f 1431/7/1 1424/7/1 1423/7/1
f 1431/2/1 1423/2/1 1430/2/1
f 1432/4/1 1425/4/1 1424/4/1
f 1432/7/1 1424/7/1 1431/7/1
f 1433/4/1 1425/4/1 1432/4/1
f 1436/8/1 1427/8/1 1426/8/1
f 1437/8/1 1427/8/1 1436/8/1
f 1438/11/1 1429/11/1 1428/11/1
f 1439/9/1 1430/9/1 1429/9/1
f 1439/11/1 1429/11/1 1438/11/1
f 1439/9/1 1431/9/1 1430/9/1
f 1440/3/1 1432/3/1 1431/3/1
f 1440/9/1 1431/9/1 1439/9/1
f 1441/3/1 1432/3/1 1440/3/1
f 1442/7/1 1433/7/1 1432/7/1
f 1442/3/1 1432/3/1 1441/3/1
f 1443/3/1 1434/3/1 1433/3/1
f 1443/7/1 1433/7/1 1442/7/1
f 1444/3/1 1434/3/1 1443/3/1
f 1445/9/1 1435/9/1 1434/9/1
f 1445/3/1 1434/3/1 1444/3/1
f 1446/10/1 1436/10/1 1435/10/1
f 1446/9/1 1435/9/1 1445/9/1
f 1447/11/1 1437/11/1 1436/11/1
f 1447/10/1 1436/10/1 1446/10/1
f 1448/11/1 1437/11/1 1447/11/1
f 1449/13/1 1439/13/1 1438/13/1
f 1450/10/1 1440/10/1 1439/10/1
f 1450/13/1 1439/13/1 1449/13/1
f 1451/9/1 1441/9/1 1440/9/1
f 1451/10/1 1440/10/1 1450/10/1
f 1452/2/1 1444/2/1 1443/2/1
f 1452/9/1 1441/9/1 1451/9/1
f 1452/2/1 1442/2/1 1441/2/1
f 1452/2/1 1443/2/1 1442/2/1
f 1453/2/1 1444/2/1 1452/2/1
f 1454/2/1 1444/2/1 1453/2/1
f 1455/9/1 1445/9/1 1444/9/1
f 1455/2/1 1444/2/1 1454/2/1
f 1456/10/1 1446/10/1 1445/10/1
f 1456/9/1 1445/9/1 1455/9/1
f 1457/12/1 1447/12/1 1446/12/1
f 1457/10/1 1446/10/1 1456/10/1
f 1458/13/1 1448/13/1 1447/13/1
f 1458/12/1 1447/12/1 1457/12/1
f 1459/13/1 1448/13/1 1458/13/1
f 1460/14/1 1450/14/1 1449/14/1
f 1461/13/1 1451/13/1 1450/13/1
f 1461/14/1 1450/14/1 1460/14/1
f 1462/11/1 1452/11/1 1451/11/1
f 1462/13/1 1451/13/1 1461/13/1
f 1462/11/1 1453/11/1 1452/11/1
f 1463/8/1 1454/8/1 1453/8/1
f 1463/11/1 1453/11/1 1462/11/1
f 1464/11/1 1455/11/1 1454/11/1
f 1464/8/1 1454/8/1 1463/8/1
f 1465/12/1 1456/12/1 1455/12/1
f 1465/11/1 1455/11/1 1464/11/1
f 1466/13/1 1457/13/1 1456/13/1
f 1466/12/1 1456/12/1 1465/12/1
f 1467/14/1 1459/14/1 1458/14/1
f 1467/13/1 1457/13/1 1466/13/1
f 1467/14/1 1458/14/1 1457/14/1
f 1468/14/1 1459/14/1 1467/14/1
f 1471/6/1 1470/6/1 1469/6/1
f 1472/6/1 1470/6/1 1471/6/1
f 1475/2/1 1474/2/1 1473/2/1
f 1476/2/1 1474/2/1 1475/2/1
f 1479/5/1 1478/5/1 1477/5/1
f 1480/5/1 1478/5/1 1479/5/1
f 1483/6/1 1482/6/1 1481/6/1
f 1484/6/1 1482/6/1 1483/6/1
f 1491/2/1 1486/2/1 1485/2/1
f 1492/2/1 1486/2/1 1491/2/1
f 1493/5/1 1488/5/1 1487/5/1
f 1494/5/1 1490/5/1 1489/5/1
f 1495/5/1 1490/5/1 1494/5/1
f 1496/5/1 1488/5/1 1493/5/1
f 1497/5/1 1488/5/1 1496/5/1
f 1502/6/1 1499/6/1 1498/6/1
f 1503/6/1 1499/6/1 1502/6/1
f 1506/2/1 1501/2/1 1500/2/1
f 1507/2/1 1501/2/1 1506/2/1
f 1508/5/1 1505/5/1 1504/5/1
f 1509/5/1 1505/5/1 1508/5/1
f 1513/5/1 1511/5/1 1510/5/1
f 1514/5/1 1511/5/1 1513/5/1
f 1515/5/1 1513/5/1 1512/5/1
f 1516/5/1 1513/5/1 1515/5/1
f 1519/2/1 1518/2/1 1517/2/1
f 1520/2/1 1518/2/1 1519/2/1
f 1522/5/1 1520/5/1 1519/5/1
f 1523/5/1 1520/5/1 1522/5/1
f 1530/5/1 1522/5/1 1521/5/1
f 1531/5/1 1522/5/1 1530/5/1
f 1532/14/1 1524/14/1 1523/14/1
f 1533/11/1 1525/11/1 1524/11/1
f 1533/14/1 1524/14/1 1532/14/1
f 1534/11/1 1525/11/1 1533/11/1
f 1535/8/1 1526/8/1 1525/8/1
f 1535/11/1 1525/11/1 1534/11/1
f 1536/11/1 1527/11/1 1526/11/1
f 1536/8/1 1526/8/1 1535/8/1
f 1537/12/1 1528/12/1 1527/12/1
f 1537/11/1 1527/11/1 1536/11/1
f 1538/14/1 1529/14/1 1528/14/1
f 1538/12/1 1528/12/1 1537/12/1
f 1539/14/1 1529/14/1 1538/14/1
f 1540/12/1 1533/12/1 1532/12/1
f 1541/2/1 1534/2/1 1533/2/1
f 1541/12/1 1533/12/1 1540/12/1
f 1542/3/1 1537/3/1 1536/3/1
f 1542/2/1 1534/2/1 1541/2/1
f 1542/3/1 1536/3/1 1535/3/1
f 1542/3/1 1535/3/1 1534/3/1
f 1543/3/1 1537/3/1 1542/3/1
f 1544/3/1 1537/3/1 1543/3/1
f 1545/2/1 1538/2/1 1537/2/1
f 1545/3/1 1537/3/1 1544/3/1
f 1546/12/1 1539/12/1 1538/12/1
f 1546/2/1 1538/2/1 1545/2/1
f 1547/12/1 1539/12/1 1546/12/1
f 1548/11/1 1541/11/1 1540/11/1
f 1549/3/1 1542/3/1 1541/3/1
f 1549/11/1 1541/11/1 1548/11/1
f 1549/3/1 1543/3/1 1542/3/1
f 1550/7/1 1544/7/1 1543/7/1
f 1550/3/1 1543/3/1 1549/3/1
f 1551/3/1 1545/3/1 1544/3/1
f 1551/7/1 1544/7/1 1550/7/1
f 1551/3/1 1546/3/1 1545/3/1
f 1552/3/1 1546/3/1 1551/3/1
f 1553/11/1 1547/11/1 1546/11/1
f 1553/3/1 1546/3/1 1552/3/1
f 1554/11/1 1547/11/1 1553/11/1
f 1555/8/1 1549/8/1 1548/8/1
f 1556/7/1 1550/7/1 1549/7/1
f 1556/8/1 1549/8/1 1555/8/1
f 1557/7/1 1550/7/1 1556/7/1
f 1558/4/1 1551/4/1 1550/4/1
f 1558/7/1 1550/7/1 1557/7/1
f 1559/7/1 1552/7/1 1551/7/1
f 1559/4/1 1551/4/1 1558/4/1
f 1560/3/1 1553/3/1 1552/3/1
f 1560/7/1 1552/7/1 1559/7/1
f 1561/8/1 1554/8/1 1553/8/1
f 1561/3/1 1553/3/1 1560/3/1
f 1562/8/1 1554/8/1 1561/8/1
f 1563/11/1 1556/11/1 1555/11/1
f 1564/2/1 1557/2/1 1556/2/1
f 1564/11/1 1556/11/1 1563/11/1
f 1565/3/1 1558/3/1 1557/3/1
f 1565/2/1 1557/2/1 1564/2/1
f 1566/7/1 1559/7/1 1558/7/1
f 1566/3/1 1558/3/1 1565/3/1
f 1567/3/1 1560/3/1 1559/3/1
f 1567/7/1 1559/7/1 1566/7/1
f 1568/2/1 1561/2/1 1560/2/1
f 1568/11/1 1562/11/1 1561/11/1
f 1569/11/1 1562/11/1 1568/11/1
f 1570/12/1 1564/12/1 1563/12/1
f 1571/2/1 1565/2/1 1564/2/1
f 1571/12/1 1564/12/1 1570/12/1
f 1571/2/1 1566/2/1 1565/2/1
f 1572/3/1 1567/3/1 1566/3/1
f 1572/2/1 1566/2/1 1571/2/1
f 1573/3/1 1560/3/1 1567/3/1
f 1573/3/1 1567/3/1 1572/3/1
f 1574/2/1 1568/2/1 1560/2/1
f 1574/3/1 1560/3/1 1573/3/1
f 1575/12/1 1569/12/1 1568/12/1
f 1575/2/1 1568/2/1 1574/2/1
f 1576/12/1 1569/12/1 1575/12/1
f 1577/14/1 1571/14/1 1570/14/1
f 1578/11/1 1572/11/1 1571/11/1
f 1578/14/1 1571/14/1 1577/14/1
f 1579/8/1 1573/8/1 1572/8/1
f 1579/11/1 1572/11/1 1578/11/1
f 1580/11/1 1574/11/1 1573/11/1
f 1580/8/1 1573/8/1 1579/8/1
f 1581/12/1 1575/12/1 1574/12/1
f 1581/11/1 1574/11/1 1580/11/1
f 1582/14/1 1576/14/1 1575/14/1
f 1582/12/1 1575/12/1 1581/12/1
f 1583/14/1 1576/14/1 1582/14/1
f 1586/6/1 1585/6/1 1584/6/1
f 1587/6/1 1585/6/1 1586/6/1
f 1601/7/1 1589/7/1 1588/7/1
f 1602/7/1 1589/7/1 1601/7/1
f 1603/14/1 1591/14/1 1590/14/1
f 1604/11/1 1592/11/1 1591/11/1
f 1604/14/1 1591/14/1 1603/14/1
f 1604/11/1 1593/11/1 1592/11/1
f 1605/8/1 1594/8/1 1593/8/1
f 1605/11/1 1593/11/1 1604/11/1
f 1606/11/1 1595/11/1 1594/11/1
f 1606/8/1 1594/8/1 1605/8/1
f 1607/12/1 1596/12/1 1595/12/1
f 1607/11/1 1595/11/1 1606/11/1
f 1608/12/1 1596/12/1 1607/12/1
f 1610/11/1 1598/11/1 1597/11/1
f 1611/9/1 1599/9/1 1598/9/1
f 1611/11/1 1598/11/1 1610/11/1
f 1612/3/1 1600/3/1 1599/3/1
f 1612/9/1 1599/9/1 1611/9/1
f 1613/3/1 1600/3/1 1612/3/1
f 1614/3/1 1602/3/1 1601/3/1
f 1615/3/1 1602/3/1 1614/3/1
f 1616/12/1 1604/12/1 1603/12/1
f 1617/2/1 1605/2/1 1604/2/1
f 1617/12/1 1604/12/1 1616/12/1
f 1618/2/1 1605/2/1 1617/2/1
f 1619/3/1 1606/3/1 1605/3/1
f 1619/2/1 1605/2/1 1618/2/1
f 1619/3/1 1607/3/1 1606/3/1
f 1620/3/1 1607/3/1 1619/3/1
f 1621/2/1 1608/2/1 1607/2/1
f 1621/3/1 1607/3/1 1620/3/1
f 1622/12/1 1609/12/1 1608/12/1
f 1622/2/1 1608/2/1 1621/2/1
f 1623/12/1 1609/12/1 1622/12/1
f 1624/12/1 1611/12/1 1610/12/1
f 1625/10/1 1612/10/1 1611/10/1
f 1625/12/1 1611/12/1 1624/12/1
f 1626/3/1 1613/3/1 1612/3/1
f 1626/10/1 1612/10/1 1625/10/1
f 1626/3/1 1614/3/1 1613/3/1
f 1627/3/1 1614/3/1 1626/3/1
f 1632/11/1 1617/11/1 1616/11/1
f 1633/2/1 1618/2/1 1617/2/1
f 1633/11/1 1617/11/1 1632/11/1
f 1634/3/1 1619/3/1 1618/3/1
f 1634/2/1 1618/2/1 1633/2/1
f 1635/7/1 1620/7/1 1619/7/1
f 1635/3/1 1619/3/1 1634/3/1
f 1636/3/1 1621/3/1 1620/3/1
f 1636/7/1 1620/7/1 1635/7/1
f 1636/3/1 1622/3/1 1621/3/1
f 1637/3/1 1622/3/1 1636/3/1
f 1638/11/1 1623/11/1 1622/11/1
f 1638/3/1 1622/3/1 1637/3/1
f 1639/11/1 1623/11/1 1638/11/1
f 1640/13/1 1625/13/1 1624/13/1
f 1641/12/1 1626/12/1 1625/12/1
f 1641/13/1 1625/13/1 1640/13/1
f 1642/9/1 1628/9/1 1627/9/1
f 1642/12/1 1626/12/1 1641/12/1
f 1642/9/1 1627/9/1 1626/9/1
f 1643/9/1 1628/9/1 1642/9/1
f 1644/9/1 1628/9/1 1643/9/1
f 1645/10/1 1629/10/1 1628/10/1
f 1645/9/1 1628/9/1 1644/9/1
f 1646/12/1 1630/12/1 1629/12/1
f 1646/10/1 1629/10/1 1645/10/1
f 1647/13/1 1631/13/1 1630/13/1
f 1647/12/1 1630/12/1 1646/12/1
f 1648/13/1 1631/13/1 1647/13/1
f 1649/8/1 1633/8/1 1632/8/1
f 1650/7/1 1635/7/1 1634/7/1
f 1650/8/1 1633/8/1 1649/8/1
f 1650/7/1 1634/7/1 1633/7/1
f 1651/7/1 1635/7/1 1650/7/1
f 1652/4/1 1636/4/1 1635/4/1
f 1652/7/1 1635/7/1 1651/7/1
f 1653/7/1 1637/7/1 1636/7/1
f 1653/4/1 1636/4/1 1652/4/1
f 1654/3/1 1638/3/1 1637/3/1
f 1654/7/1 1637/7/1 1653/7/1
f 1655/8/1 1639/8/1 1638/8/1
f 1655/3/1 1638/3/1 1654/3/1
f 1656/8/1 1639/8/1 1655/8/1
f 1657/14/1 1641/14/1 1640/14/1
f 1658/13/1 1642/13/1 1641/13/1
f 1658/14/1 1641/14/1 1657/14/1
f 1659/11/1 1643/11/1 1642/11/1
f 1659/13/1 1642/13/1 1658/13/1
f 1660/8/1 1644/8/1 1643/8/1
f 1660/11/1 1643/11/1 1659/11/1
f 1661/11/1 1645/11/1 1644/11/1
f 1661/8/1 1644/8/1 1660/8/1
f 1662/12/1 1646/12/1 1645/12/1
f 1662/11/1 1645/11/1 1661/11/1
f 1663/14/1 1648/14/1 1647/14/1
f 1663/12/1 1646/12/1 1662/12/1
f 1663/14/1 1647/14/1 1646/14/1
f 1664/14/1 1648/14/1 1663/14/1
f 1665/11/1 1650/11/1 1649/11/1
f 1666/2/1 1651/2/1 1650/2/1
f 1666/11/1 1650/11/1 1665/11/1
f 1667/3/1 1652/3/1 1651/3/1
f 1667/2/1 1651/2/1 1666/2/1
f 1668/7/1 1653/7/1 1652/7/1
f 1668/3/1 1652/3/1 1667/3/1
f 1669/3/1 1654/3/1 1653/3/1
f 1669/7/1 1653/7/1 1668/7/1
f 1669/3/1 1655/3/1 1654/3/1
f 1670/3/1 1655/3/1 1669/3/1
f 1671/11/1 1656/11/1 1655/11/1
f 1671/3/1 1655/3/1 1670/3/1
f 1672/11/1 1656/11/1 1671/11/1
f 1673/12/1 1666/12/1 1665/12/1
f 1674/2/1 1668/2/1 1667/2/1
f 1674/12/1 1666/12/1 1673/12/1
f 1674/2/1 1667/2/1 1666/2/1
f 1675/3/1 1670/3/1 1669/3/1
f 1675/2/1 1668/2/1 1674/2/1
f 1675/3/1 1669/3/1 1668/3/1
f 1676/3/1 1670/3/1 1675/3/1
f 1677/2/1 1671/2/1 1670/2/1
f 1677/3/1 1670/3/1 1676/3/1
f 1678/12/1 1672/12/1 1671/12/1
f 1678/2/1 1671/2/1 1677/2/1
f 1679/12/1 1672/12/1 1678/12/1
f 1680/14/1 1674/14/1 1673/14/1
f 1681/11/1 1675/11/1 1674/11/1
f 1681/14/1 1674/14/1 1680/14/1
f 1682/8/1 1676/8/1 1675/8/1
f 1682/11/1 1675/11/1 1681/11/1
f 1683/11/1 1677/11/1 1676/11/1
f 1683/8/1 1676/8/1 1682/8/1
f 1684/12/1 1678/12/1 1677/12/1
f 1684/11/1 1677/11/1 1683/11/1
f 1685/14/1 1679/14/1 1678/14/1
f 1685/12/1 1678/12/1 1684/12/1
f 1686/14/1 1679/14/1 1685/14/1
f 1693/15/1 1688/15/1 1687/15/1
f 1698/6/1 1690/6/1 1689/6/1
f 1699/6/1 1690/6/1 1698/6/1
f 1700/5/1 1692/5/1 1691/5/1
f 1701/5/1 1692/5/1 1700/5/1
f 1704/15/1 1688/15/1 1693/15/1
f 1705/2/1 1697/2/1 1696/2/1
f 1706/2/1 1697/2/1 1705/2/1
f 1707/6/1 1703/6/1 1702/6/1
f 1708/6/1 1703/6/1 1707/6/1
f 1709/15/1 1688/15/1 1704/15/1
f 1710/15/1 1688/15/1 1709/15/1
f 1711/15/1 1695/15/1 1694/15/1
f 1712/15/1 1695/15/1 1711/15/1
f 1713/15/1 1688/15/1 1710/15/1
f 1714/15/1 1688/15/1 1713/15/1
f 1717/6/1 1716/6/1 1715/6/1
f 1718/6/1 1716/6/1 1717/6/1
f 1721/5/1 1720/5/1 1719/5/1
f 1722/5/1 1720/5/1 1721/5/1
f 1731/2/1 1724/2/1 1723/2/1
f 1732/2/1 1724/2/1 1731/2/1
f 1733/11/1 1726/11/1 1725/11/1
f 1734/8/1 1727/8/1 1726/8/1
f 1734/11/1 1726/11/1 1733/11/1
f 1735/2/1 1728/2/1 1727/2/1
f 1735/8/1 1727/8/1 1734/8/1
f 1736/1/1 1729/1/1 1728/1/1
f 1736/2/1 1728/2/1 1735/2/1
f 1737/8/1 1730/8/1 1729/8/1
f 1737/1/1 1729/1/1 1736/1/1
f 1738/8/1 1734/8/1 1733/8/1
f 1739/2/1 1735/2/1 1734/2/1
f 1739/8/1 1734/8/1 1738/8/1
f 1740/7/1 1736/7/1 1735/7/1
f 1740/2/1 1735/2/1 1739/2/1
f 1741/3/1 1737/3/1 1736/3/1
f 1741/7/1 1736/7/1 1740/7/1
f 1742/8/1 1730/8/1 1737/8/1
f 1742/3/1 1737/3/1 1741/3/1
f 1743/8/1 1730/8/1 1742/8/1
f 1744/2/1 1739/2/1 1738/2/1
f 1745/7/1 1740/7/1 1739/7/1
f 1745/2/1 1739/2/1 1744/2/1
f 1746/4/1 1741/4/1 1740/4/1
f 1746/7/1 1740/7/1 1745/7/1
f 1747/7/1 1742/7/1 1741/7/1
f 1747/4/1 1741/4/1 1746/4/1
f 1748/2/1 1743/2/1 1742/2/1
f 1748/7/1 1742/7/1 1747/7/1
f 1749/2/1 1743/2/1 1748/2/1
f 1750/8/1 1745/8/1 1744/8/1
f 1751/2/1 1746/2/1 1745/2/1
f 1751/8/1 1745/8/1 1750/8/1
f 1752/7/1 1747/7/1 1746/7/1
f 1752/2/1 1746/2/1 1751/2/1
f 1753/3/1 1748/3/1 1747/3/1
f 1753/7/1 1747/7/1 1752/7/1
f 1754/8/1 1749/8/1 1748/8/1
f 1754/3/1 1748/3/1 1753/3/1
f 1755/8/1 1749/8/1 1754/8/1
f 1756/13/1 1751/13/1 1750/13/1
f 1757/11/1 1752/11/1 1751/11/1
f 1757/13/1 1751/13/1 1756/13/1
f 1758/9/1 1753/9/1 1752/9/1
f 1758/11/1 1752/11/1 1757/11/1
f 1759/11/1 1754/11/1 1753/11/1
f 1759/9/1 1753/9/1 1758/9/1
f 1760/13/1 1755/13/1 1754/13/1
f 1760/11/1 1754/11/1 1759/11/1
f 1761/13/1 1755/13/1 1760/13/1
f 1766/6/1 1763/6/1 1762/6/1
f 1767/5/1 1764/5/1 1763/5/1
f 1767/6/1 1763/6/1 1766/6/1
f 1768/5/1 1764/5/1 1767/5/1
f 1773/6/1 1766/6/1 1765/6/1
f 1773/6/1 1767/6/1 1766/6/1
f 1773/6/1 1768/6/1 1767/6/1
f 1774/6/1 1768/6/1 1773/6/1
f 1775/6/1 1768/6/1 1774/6/1
f 1776/6/1 1770/6/1 1769/6/1
f 1777/6/1 1770/6/1 1776/6/1
f 1778/6/1 1772/6/1 1771/6/1
f 1779/6/1 1772/6/1 1778/6/1
f 1780/2/1 1779/2/1 1778/2/1
f 1781/2/1 1779/2/1 1780/2/1
f 1784/6/1 1783/6/1 1782/6/1
f 1785/6/1 1783/6/1 1784/6/1
f 1790/5/1 1787/5/1 1786/5/1
f 1791/5/1 1787/5/1 1790/5/1
f 1792/6/1 1789/6/1 1788/6/1
f 1793/6/1 1789/6/1 1792/6/1
f 1794/6/1 1789/6/1 1793/6/1
f 1797/2/1 1796/2/1 1795/2/1
f 1798/2/1 1796/2/1 1797/2/1
f 1805/15/1 1802/15/1 1801/15/1
f 1806/15/1 1802/15/1 1805/15/1
f 1808/6/1 1804/6/1 1803/6/1
f 1809/6/1 1804/6/1 1808/6/1
f 1814/5/1 1808/5/1 1807/5/1
f 1815/5/1 1808/5/1 1814/5/1
f 1816/6/1 1811/6/1 1810/6/1
f 1817/6/1 1811/6/1 1816/6/1
f 1818/6/1 1811/6/1 1817/6/1
f 1819/6/1 1813/6/1 1812/6/1
f 1820/6/1 1813/6/1 1819/6/1
f 1824/2/1 1820/2/1 1819/2/1
f 1825/2/1 1820/2/1 1824/2/1
f 1826/2/1 1822/2/1 1821/2/1
f 1827/15/1 1823/15/1 1822/15/1
f 1827/2/1 1822/2/1 1826/2/1
f 1828/15/1 1800/15/1 1799/15/1
f 1829/15/1 1800/15/1 1828/15/1
f 1830/15/1 1823/15/1 1827/15/1
f 1831/15/1 1823/15/1 1830/15/1
f 1838/2/1 1833/2/1 1832/2/1
f 1839/5/1 1834/5/1 1833/5/1
f 1839/2/1 1833/2/1 1838/2/1
f 1840/5/1 1834/5/1 1839/5/1
f 1841/5/1 1834/5/1 1840/5/1
f 1842/6/1 1836/6/1 1835/6/1
f 1843/6/1 1836/6/1 1842/6/1
f 1845/5/1 1838/5/1 1837/5/1
f 1845/5/1 1839/5/1 1838/5/1
f 1845/5/1 1840/5/1 1839/5/1
f 1846/5/1 1840/5/1 1845/5/1
f 1847/5/1 1840/5/1 1846/5/1
f 1848/5/1 1840/5/1 1847/5/1
f 1853/5/1 1845/5/1 1844/5/1
f 1853/5/1 1846/5/1 1845/5/1
f 1854/5/1 1846/5/1 1853/5/1
f 1855/6/1 1851/6/1 1850/6/1
f 1855/6/1 1850/6/1 1849/6/1
f 1856/5/1 1852/5/1 1851/5/1
f 1856/6/1 1851/6/1 1855/6/1
f 1857/5/1 1852/5/1 1856/5/1
f 1862/5/1 1859/5/1 1858/5/1
f 1863/5/1 1859/5/1 1862/5/1
f 1864/6/1 1861/6/1 1860/6/1
f 1865/6/1 1861/6/1 1864/6/1
f 1870/2/1 1867/2/1 1866/2/1
f 1871/2/1 1867/2/1 1870/2/1
f 1876/5/1 1869/5/1 1868/5/1
f 1877/5/1 1869/5/1 1876/5/1
f 1878/5/1 1873/5/1 1872/5/1
f 1879/5/1 1873/5/1 1878/5/1
f 1880/2/1 1875/2/1 1874/2/1
f 1881/2/1 1875/2/1 1880/2/1
f 1888/2/1 1885/2/1 1884/2/1
f 1889/2/1 1885/2/1 1888/2/1
f 1890/15/1 1887/15/1 1886/15/1
f 1891/15/1 1887/15/1 1890/15/1
f 1902/11/1 1893/11/1 1892/11/1
f 1902/8/1 1894/8/1 1893/8/1
f 1903/2/1 1895/2/1 1894/2/1
f 1903/8/1 1894/8/1 1902/8/1
f 1904/1/1 1896/1/1 1895/1/1
f 1904/2/1 1895/2/1 1903/2/1
f 1905/8/1 1897/8/1 1896/8/1
f 1905/1/1 1896/1/1 1904/1/1
f 1910/2/1 1899/2/1 1898/2/1
f 1911/2/1 1899/2/1 1910/2/1
f 1912/6/1 1901/6/1 1900/6/1
f 1913/6/1 1901/6/1 1912/6/1
f 1917/11/1 1902/11/1 1892/11/1
f 1918/2/1 1903/2/1 1902/2/1
f 1918/11/1 1902/11/1 1917/11/1
f 1919/7/1 1904/7/1 1903/7/1
f 1919/2/1 1903/2/1 1918/2/1
f 1920/2/1 1905/2/1 1904/2/1
f 1920/7/1 1904/7/1 1919/7/1
f 1921/8/1 1897/8/1 1905/8/1
f 1921/2/1 1905/2/1 1920/2/1
f 1922/8/1 1897/8/1 1921/8/1
f 1923/5/1 1907/5/1 1906/5/1
f 1925/5/1 1909/5/1 1908/5/1
f 1926/5/1 1909/5/1 1925/5/1
f 1927/2/1 1914/2/1 1913/2/1
f 1928/2/1 1914/2/1 1927/2/1
f 1930/2/1 1916/2/1 1915/2/1
f 1931/2/1 1916/2/1 1930/2/1
f 1934/15/1 1883/15/1 1882/15/1
f 1935/15/1 1883/15/1 1934/15/1
f 1936/9/1 1918/9/1 1917/9/1
f 1937/7/1 1919/7/1 1918/7/1
f 1937/9/1 1918/9/1 1936/9/1
f 1938/4/1 1920/4/1 1919/4/1
f 1938/7/1 1919/7/1 1937/7/1
f 1939/7/1 1921/7/1 1920/7/1
f 1939/4/1 1920/4/1 1938/4/1
f 1940/2/1 1922/2/1 1921/2/1
f 1940/7/1 1921/7/1 1939/7/1
f 1941/2/1 1922/2/1 1940/2/1
f 1942/5/1 1924/5/1 1923/5/1
f 1942/5/1 1923/5/1 1906/5/1
f 1943/5/1 1924/5/1 1942/5/1
f 1944/6/1 1930/6/1 1929/6/1
f 1945/6/1 1930/6/1 1944/6/1
f 1946/15/1 1933/15/1 1932/15/1
f 1947/15/1 1933/15/1 1946/15/1
f 1948/11/1 1937/11/1 1936/11/1
f 1949/2/1 1938/2/1 1937/2/1
f 1949/11/1 1937/11/1 1948/11/1
f 1950/7/1 1939/7/1 1938/7/1
f 1950/2/1 1938/2/1 1949/2/1
f 1951/2/1 1940/2/1 1939/2/1
f 1951/7/1 1939/7/1 1950/7/1
f 1952/8/1 1941/8/1 1940/8/1
f 1952/2/1 1940/2/1 1951/2/1
f 1953/8/1 1941/8/1 1952/8/1
f 1954/13/1 1949/13/1 1948/13/1
f 1955/11/1 1950/11/1 1949/11/1
f 1955/13/1 1949/13/1 1954/13/1
f 1956/9/1 1951/9/1 1950/9/1
f 1956/11/1 1950/11/1 1955/11/1
f 1957/11/1 1952/11/1 1951/11/1
f 1957/9/1 1951/9/1 1956/9/1
f 1958/13/1 1953/13/1 1952/13/1
f 1958/11/1 1952/11/1 1957/11/1
f 1959/13/1 1953/13/1 1958/13/1
f 1963/5/1 1961/5/1 1960/5/1
f 1963/5/1 1962/5/1 1961/5/1
f 1964/5/1 1962/5/1 1963/5/1
f 1965/5/1 1962/5/1 1964/5/1
f 1968/2/1 1967/2/1 1966/2/1
f 1969/2/1 1967/2/1 1968/2/1
f 1970/2/1 1967/2/1 1969/2/1
f 1971/5/1 1970/5/1 1969/5/1
f 1973/5/1 1971/5/1 1969/5/1
f 1973/5/1 1972/5/1 1971/5/1
f 1974/5/1 1972/5/1 1973/5/1
f 1987/1/1 1978/1/1 1977/1/1
f 1988/1/1 1978/1/1 1987/1/1
f 1993/15/1 1980/15/1 1979/15/1
f 1994/15/1 1980/15/1 1993/15/1
f 1995/12/1 1982/12/1 1981/12/1
f 1996/10/1 1983/10/1 1982/10/1
f 1996/12/1 1982/12/1 1995/12/1
f 1997/3/1 1984/3/1 1983/3/1
f 1997/10/1 1983/10/1 1996/10/1
f 1998/3/1 1984/3/1 1997/3/1
f 1999/3/1 1984/3/1 1998/3/1
f 2001/2/1 1986/2/1 1985/2/1
f 2002/2/1 1986/2/1 2001/2/1
f 2004/8/1 1990/8/1 1989/8/1
f 2005/8/1 1990/8/1 2004/8/1
f 2006/8/1 1990/8/1 2005/8/1
f 2009/14/1 1992/14/1 1991/14/1
f 2010/14/1 1992/14/1 2009/14/1
f 2012/11/1 1996/11/1 1995/11/1
f 2013/9/1 1997/9/1 1996/9/1
f 2013/11/1 1996/11/1 2012/11/1
f 2014/3/1 1998/3/1 1997/3/1
f 2014/9/1 1997/9/1 2013/9/1
f 2015/3/1 1998/3/1 2014/3/1
f 2016/7/1 2000/7/1 1999/7/1
f 2016/3/1 1998/3/1 2015/3/1
f 2016/7/1 1999/7/1 1998/7/1
f 2017/3/1 2001/3/1 2000/3/1
f 2017/7/1 2000/7/1 2016/7/1
f 2017/3/1 2002/3/1 2001/3/1
f 2018/3/1 2002/3/1 2017/3/1
f 2019/10/1 2003/10/1 2002/10/1
f 2019/3/1 2002/3/1 2018/3/1
f 2020/10/1 2003/10/1 2019/10/1
f 2025/9/1 2006/9/1 2005/9/1
f 2025/9/1 2007/9/1 2006/9/1
f 2026/10/1 2008/10/1 2007/10/1
f 2026/9/1 2007/9/1 2025/9/1
f 2027/10/1 2008/10/1 2026/10/1
f 2028/5/1 2011/5/1 2010/5/1
f 2028/13/1 2010/13/1 2009/13/1
f 2029/5/1 2011/5/1 2028/5/1
f 2032/7/1 2015/7/1 2014/7/1
f 2032/4/1 2018/4/1 2017/4/1
f 2032/4/1 2016/4/1 2015/4/1
f 2032/4/1 2017/4/1 2016/4/1
f 2033/4/1 2018/4/1 2032/4/1
f 2034/4/1 2018/4/1 2033/4/1
f 2035/3/1 2019/3/1 2018/3/1
f 2035/4/1 2018/4/1 2034/4/1
f 2036/2/1 2023/2/1 2022/2/1
f 2037/2/1 2023/2/1 2036/2/1
f 2039/2/1 2025/2/1 2024/2/1
f 2039/2/1 2026/2/1 2025/2/1
f 2040/9/1 2027/9/1 2026/9/1
f 2040/2/1 2026/2/1 2039/2/1
f 2041/10/1 2008/10/1 2027/10/1
f 2041/9/1 2027/9/1 2040/9/1
f 2042/12/1 2009/12/1 2008/12/1
f 2042/10/1 2008/10/1 2041/10/1
f 2043/13/1 2028/13/1 2009/13/1
f 2043/12/1 2009/12/1 2042/12/1
f 2044/13/1 2028/13/1 2043/13/1
f 2045/14/1 2030/14/1 2029/14/1
f 2046/11/1 2031/11/1 2030/11/1
f 2046/14/1 2030/14/1 2045/14/1
f 2047/11/1 2031/11/1 2046/11/1
f 2050/15/1 1976/15/1 1975/15/1
f 2051/15/1 1976/15/1 2050/15/1
f 2052/8/1 2013/8/1 2012/8/1
f 2053/9/1 2014/9/1 2013/9/1
f 2053/8/1 2013/8/1 2052/8/1
f 2054/7/1 2032/7/1 2014/7/1
f 2054/9/1 2014/9/1 2053/9/1
f 2054/7/1 2033/7/1 2032/7/1
f 2055/4/1 2034/4/1 2033/4/1
f 2055/7/1 2033/7/1 2054/7/1
f 2056/7/1 2035/7/1 2034/7/1
f 2056/4/1 2034/4/1 2055/4/1
f 2057/3/1 2019/3/1 2035/3/1
f 2057/7/1 2035/7/1 2056/7/1
f 2058/9/1 2020/9/1 2019/9/1
f 2058/3/1 2019/3/1 2057/3/1
f 2059/8/1 2021/8/1 2020/8/1
f 2059/9/1 2020/9/1 2058/9/1
f 2060/8/1 2021/8/1 2059/8/1
f 2063/3/1 2040/3/1 2039/3/1
f 2063/3/1 2039/3/1 2038/3/1
f 2064/3/1 2040/3/1 2063/3/1
f 2065/3/1 2040/3/1 2064/3/1
f 2066/2/1 2041/2/1 2040/2/1
f 2066/3/1 2040/3/1 2065/3/1
f 2067/9/1 2042/9/1 2041/9/1
f 2067/2/1 2041/2/1 2066/2/1
f 2068/12/1 2044/12/1 2043/12/1
f 2068/10/1 2043/10/1 2042/10/1
f 2069/12/1 2044/12/1 2068/12/1
f 2070/12/1 2046/12/1 2045/12/1
f 2071/2/1 2048/2/1 2047/2/1
f 2071/12/1 2046/12/1 2070/12/1
f 2071/2/1 2047/2/1 2046/2/1
f 2072/2/1 2048/2/1 2071/2/1
f 2073/3/1 2049/3/1 2048/3/1
f 2073/2/1 2048/2/1 2072/2/1
f 2074/3/1 2049/3/1 2073/3/1
f 2078/11/1 2053/11/1 2052/11/1
f 2079/9/1 2054/9/1 2053/9/1
f 2079/11/1 2053/11/1 2078/11/1
f 2080/3/1 2055/3/1 2054/3/1
f 2080/9/1 2054/9/1 2079/9/1
f 2081/7/1 2056/7/1 2055/7/1
f 2081/3/1 2055/3/1 2080/3/1
f 2082/3/1 2058/3/1 2057/3/1
f 2082/7/1 2056/7/1 2081/7/1
f 2082/3/1 2057/3/1 2056/3/1
f 2083/3/1 2058/3/1 2082/3/1
f 2084/10/1 2059/10/1 2058/10/1
f 2084/3/1 2058/3/1 2083/3/1
f 2085/11/1 2060/11/1 2059/11/1
f 2085/10/1 2059/10/1 2084/10/1
f 2086/11/1 2060/11/1 2085/11/1
f 2087/11/1 2062/11/1 2061/11/1
f 2088/9/1 2063/9/1 2062/9/1
f 2088/11/1 2062/11/1 2087/11/1
f 2089/9/1 2063/9/1 2088/9/1
f 2090/3/1 2064/3/1 2063/3/1
f 2090/9/1 2063/9/1 2089/9/1
f 2091/3/1 2064/3/1 2090/3/1
f 2092/7/1 2065/7/1 2064/7/1
f 2092/3/1 2064/3/1 2091/3/1
f 2093/3/1 2066/3/1 2065/3/1
f 2093/7/1 2065/7/1 2092/7/1
f 2093/3/1 2067/3/1 2066/3/1
f 2094/3/1 2067/3/1 2093/3/1
f 2095/9/1 2042/9/1 2067/9/1
f 2095/3/1 2067/3/1 2094/3/1
f 2096/10/1 2068/10/1 2042/10/1
f 2096/9/1 2042/9/1 2095/9/1
f 2097/11/1 2069/11/1 2068/11/1
f 2097/10/1 2068/10/1 2096/10/1
f 2098/11/1 2069/11/1 2097/11/1
f 2099/11/1 2071/11/1 2070/11/1
f 2100/2/1 2072/2/1 2071/2/1
f 2100/11/1 2071/11/1 2099/11/1
f 2101/3/1 2073/3/1 2072/3/1
f 2101/2/1 2072/2/1 2100/2/1
f 2102/7/1 2074/7/1 2073/7/1
f 2102/3/1 2073/3/1 2101/3/1
f 2103/3/1 2075/3/1 2074/3/1
f 2103/7/1 2074/7/1 2102/7/1
f 2104/2/1 2076/2/1 2075/2/1
f 2104/3/1 2075/3/1 2103/3/1
f 2105/11/1 2077/11/1 2076/11/1
f 2105/2/1 2076/2/1 2104/2/1
f 2106/11/1 2077/11/1 2105/11/1
f 2107/12/1 2079/12/1 2078/12/1
f 2108/10/1 2080/10/1 2079/10/1
f 2108/12/1 2079/12/1 2107/12/1
f 2109/3/1 2081/3/1 2080/3/1
f 2109/10/1 2080/10/1 2108/10/1
f 2109/3/1 2083/3/1 2082/3/1
f 2109/3/1 2082/3/1 2081/3/1
f 2110/2/1 2084/2/1 2083/2/1
f 2110/3/1 2083/3/1 2109/3/1
f 2111/10/1 2085/10/1 2084/10/1
f 2111/2/1 2084/2/1 2110/2/1
f 2112/12/1 2086/12/1 2085/12/1
f 2112/10/1 2085/10/1 2111/10/1
f 2113/12/1 2086/12/1 2112/12/1
f 2114/9/1 2089/9/1 2088/9/1
f 2114/8/1 2088/8/1 2087/8/1
f 2115/2/1 2090/2/1 2089/2/1
f 2115/9/1 2089/9/1 2114/9/1
f 2116/4/1 2094/4/1 2093/4/1
f 2116/4/1 2092/4/1 2091/4/1
f 2116/4/1 2093/4/1 2092/4/1
f 2117/4/1 2094/4/1 2116/4/1
f 2118/8/1 2100/8/1 2099/8/1
f 2119/7/1 2102/7/1 2101/7/1
f 2119/8/1 2100/8/1 2118/8/1
f 2119/7/1 2101/7/1 2100/7/1
f 2120/7/1 2102/7/1 2119/7/1
f 2121/4/1 2103/4/1 2102/4/1
f 2121/7/1 2102/7/1 2120/7/1
f 2122/7/1 2104/7/1 2103/7/1
f 2122/4/1 2103/4/1 2121/4/1
f 2123/3/1 2105/3/1 2104/3/1
f 2123/7/1 2104/7/1 2122/7/1
f 2124/8/1 2106/8/1 2105/8/1
f 2124/3/1 2105/3/1 2123/3/1
f 2125/8/1 2106/8/1 2124/8/1
f 2126/13/1 2108/13/1 2107/13/1
f 2127/12/1 2109/12/1 2108/12/1
f 2127/13/1 2108/13/1 2126/13/1
f 2128/9/1 2110/9/1 2109/9/1
f 2128/12/1 2109/12/1 2127/12/1
f 2129/9/1 2110/9/1 2128/9/1
f 2130/9/1 2110/9/1 2129/9/1
f 2131/10/1 2111/10/1 2110/10/1
f 2131/9/1 2110/9/1 2130/9/1
f 2132/12/1 2112/12/1 2111/12/1
f 2132/10/1 2111/10/1 2131/10/1
f 2133/13/1 2113/13/1 2112/13/1
f 2133/12/1 2112/12/1 2132/12/1
f 2134/13/1 2113/13/1 2133/13/1
f 2135/2/1 2115/2/1 2114/2/1
f 2135/8/1 2114/8/1 2087/8/1
f 2136/2/1 2090/2/1 2115/2/1
f 2136/2/1 2115/2/1 2135/2/1
f 2137/7/1 2091/7/1 2090/7/1
f 2137/4/1 2116/4/1 2091/4/1
f 2138/4/1 2116/4/1 2137/4/1
f 2139/7/1 2117/7/1 2116/7/1
f 2139/4/1 2116/4/1 2138/4/1
f 2140/4/1 2094/4/1 2117/4/1
f 2140/7/1 2117/7/1 2139/7/1
f 2141/3/1 2095/3/1 2094/3/1
f 2141/4/1 2094/4/1 2140/4/1
f 2142/11/1 2119/11/1 2118/11/1
f 2143/2/1 2120/2/1 2119/2/1
f 2143/11/1 2119/11/1 2142/11/1
f 2144/3/1 2121/3/1 2120/3/1
f 2144/2/1 2120/2/1 2143/2/1
f 2145/7/1 2122/7/1 2121/7/1
f 2145/3/1 2121/3/1 2144/3/1
f 2146/3/1 2123/3/1 2122/3/1
f 2146/7/1 2122/7/1 2145/7/1
f 2147/2/1 2124/2/1 2123/2/1
f 2147/3/1 2123/3/1 2146/3/1
f 2148/11/1 2125/11/1 2124/11/1
f 2148/2/1 2124/2/1 2147/2/1
f 2149/11/1 2125/11/1 2148/11/1
f 2150/14/1 2127/14/1 2126/14/1
f 2151/13/1 2128/13/1 2127/13/1
f 2151/14/1 2127/14/1 2150/14/1
f 2152/11/1 2129/11/1 2128/11/1
f 2152/13/1 2128/13/1 2151/13/1
f 2153/8/1 2130/8/1 2129/8/1
f 2153/11/1 2129/11/1 2152/11/1
f 2154/11/1 2131/11/1 2130/11/1
f 2154/8/1 2130/8/1 2153/8/1
f 2155/12/1 2132/12/1 2131/12/1
f 2155/11/1 2131/11/1 2154/11/1
f 2156/14/1 2134/14/1 2133/14/1
f 2156/12/1 2132/12/1 2155/12/1
f 2156/14/1 2133/14/1 2132/14/1
f 2157/14/1 2134/14/1 2156/14/1
f 2158/8/1 2135/8/1 2087/8/1
f 2159/9/1 2136/9/1 2135/9/1
f 2159/8/1 2135/8/1 2158/8/1
f 2160/2/1 2090/2/1 2136/2/1
f 2160/9/1 2136/9/1 2159/9/1
f 2161/7/1 2138/7/1 2137/7/1
f 2161/2/1 2090/2/1 2160/2/1
f 2161/7/1 2137/7/1 2090/7/1
f 2162/4/1 2140/4/1 2139/4/1
f 2162/7/1 2138/7/1 2161/7/1
f 2162/4/1 2139/4/1 2138/4/1
f 2163/7/1 2141/7/1 2140/7/1
f 2163/4/1 2140/4/1 2162/4/1
f 2164/3/1 2095/3/1 2141/3/1
f 2164/7/1 2141/7/1 2163/7/1
f 2165/2/1 2096/2/1 2095/2/1
f 2165/3/1 2095/3/1 2164/3/1
f 2166/9/1 2097/9/1 2096/9/1
f 2166/2/1 2096/2/1 2165/2/1
f 2167/8/1 2098/8/1 2097/8/1
f 2167/9/1 2097/9/1 2166/9/1
f 2168/8/1 2098/8/1 2167/8/1
f 2169/12/1 2143/12/1 2142/12/1
f 2170/2/1 2145/2/1 2144/2/1
f 2170/12/1 2143/12/1 2169/12/1
f 2170/2/1 2144/2/1 2143/2/1
f 2171/3/1 2146/3/1 2145/3/1
f 2171/2/1 2145/2/1 2170/2/1
f 2172/2/1 2148/2/1 2147/2/1
f 2172/3/1 2146/3/1 2171/3/1
f 2172/2/1 2147/2/1 2146/2/1
f 2173/2/1 2148/2/1 2172/2/1
f 2174/12/1 2149/12/1 2148/12/1
f 2174/2/1 2148/2/1 2173/2/1
f 2175/12/1 2149/12/1 2174/12/1
f 2176/11/1 2159/11/1 2158/11/1
f 2177/9/1 2161/9/1 2160/9/1
f 2177/11/1 2159/11/1 2176/11/1
f 2177/9/1 2160/9/1 2159/9/1
f 2178/9/1 2161/9/1 2177/9/1
f 2179/3/1 2162/3/1 2161/3/1
f 2179/7/1 2163/7/1 2162/7/1
f 2180/3/1 2164/3/1 2163/3/1
f 2180/7/1 2163/7/1 2179/7/1
f 2180/3/1 2165/3/1 2164/3/1
f 2181/3/1 2165/3/1 2180/3/1
f 2182/9/1 2166/9/1 2165/9/1
f 2182/3/1 2165/3/1 2181/3/1
f 2183/11/1 2168/11/1 2167/11/1
f 2183/10/1 2167/10/1 2166/10/1
f 2184/11/1 2168/11/1 2183/11/1
f 2185/14/1 2170/14/1 2169/14/1
f 2186/11/1 2171/11/1 2170/11/1
f 2186/14/1 2170/14/1 2185/14/1
f 2187/8/1 2172/8/1 2171/8/1
f 2187/11/1 2171/11/1 2186/11/1
f 2188/11/1 2173/11/1 2172/11/1
f 2188/8/1 2172/8/1 2187/8/1
f 2189/12/1 2174/12/1 2173/12/1
f 2189/11/1 2173/11/1 2188/11/1
f 2190/14/1 2175/14/1 2174/14/1
f 2190/12/1 2174/12/1 2189/12/1
f 2191/14/1 2175/14/1 2190/14/1
f 2192/12/1 2177/12/1 2176/12/1
f 2193/10/1 2178/10/1 2177/10/1
f 2193/12/1 2177/12/1 2192/12/1
f 2194/9/1 2161/9/1 2178/9/1
f 2194/10/1 2178/10/1 2193/10/1
f 2195/3/1 2180/3/1 2179/3/1
f 2195/9/1 2161/9/1 2194/9/1
f 2195/3/1 2179/3/1 2161/3/1
f 2195/3/1 2181/3/1 2180/3/1
f 2196/3/1 2181/3/1 2195/3/1
f 2197/2/1 2182/2/1 2181/2/1
f 2197/3/1 2181/3/1 2196/3/1
f 2198/9/1 2166/9/1 2182/9/1
f 2198/2/1 2182/2/1 2197/2/1
f 2199/10/1 2183/10/1 2166/10/1
f 2199/9/1 2166/9/1 2198/9/1
f 2200/12/1 2184/12/1 2183/12/1
f 2200/10/1 2183/10/1 2199/10/1
f 2201/12/1 2184/12/1 2200/12/1
f 2202/10/1 2194/10/1 2193/10/1
f 2202/13/1 2193/13/1 2192/13/1
f 2202/10/1 2195/10/1 2194/10/1
f 2203/10/1 2195/10/1 2202/10/1
f 2204/2/1 2197/2/1 2196/2/1
f 2204/9/1 2196/9/1 2195/9/1
f 2205/2/1 2197/2/1 2204/2/1
f 2206/2/1 2197/2/1 2205/2/1
f 2207/9/1 2198/9/1 2197/9/1
f 2207/2/1 2197/2/1 2206/2/1
f 2208/10/1 2199/10/1 2198/10/1
f 2208/9/1 2198/9/1 2207/9/1
f 2209/13/1 2202/13/1 2192/13/1
f 2210/12/1 2203/12/1 2202/12/1
f 2210/13/1 2202/13/1 2209/13/1
f 2211/10/1 2195/10/1 2203/10/1
f 2211/12/1 2203/12/1 2210/12/1
f 2212/9/1 2204/9/1 2195/9/1
f 2212/10/1 2195/10/1 2211/10/1
f 2212/9/1 2205/9/1 2204/9/1
f 2213/9/1 2205/9/1 2212/9/1
f 2214/2/1 2206/2/1 2205/2/1
f 2214/9/1 2205/9/1 2213/9/1
f 2215/9/1 2207/9/1 2206/9/1
f 2215/2/1 2206/2/1 2214/2/1
f 2216/9/1 2207/9/1 2215/9/1
f 2217/10/1 2208/10/1 2207/10/1
f 2217/9/1 2207/9/1 2216/9/1
f 2218/10/1 2199/10/1 2208/10/1
f 2218/10/1 2208/10/1 2217/10/1
f 2219/12/1 2200/12/1 2199/12/1
f 2219/10/1 2199/10/1 2218/10/1
f 2220/13/1 2201/13/1 2200/13/1
f 2220/12/1 2200/12/1 2219/12/1
f 2221/13/1 2201/13/1 2220/13/1
f 2222/14/1 2210/14/1 2209/14/1
f 2223/13/1 2211/13/1 2210/13/1
f 2223/14/1 2210/14/1 2222/14/1
f 2223/13/1 2212/13/1 2211/13/1
f 2224/11/1 2213/11/1 2212/11/1
f 2224/13/1 2212/13/1 2223/13/1
f 2225/8/1 2214/8/1 2213/8/1
f 2225/11/1 2213/11/1 2224/11/1
f 2225/8/1 2216/8/1 2215/8/1
f 2225/8/1 2215/8/1 2214/8/1
f 2226/11/1 2217/11/1 2216/11/1
f 2226/8/1 2216/8/1 2225/8/1
f 2227/12/1 2218/12/1 2217/12/1
f 2227/11/1 2217/11/1 2226/11/1
f 2228/13/1 2219/13/1 2218/13/1
f 2228/12/1 2218/12/1 2227/12/1
f 2229/14/1 2220/14/1 2219/14/1
f 2229/13/1 2219/13/1 2228/13/1
f 2229/14/1 2221/14/1 2220/14/1
f 2230/14/1 2221/14/1 2229/14/1
f 2233/6/1 2232/6/1 2231/6/1
f 2234/6/1 2232/6/1 2233/6/1
f 2237/5/1 2236/5/1 2235/5/1
f 2238/5/1 2236/5/1 2237/5/1
f 2247/6/1 2242/6/1 2241/6/1
f 2248/6/1 2242/6/1 2247/6/1
f 2249/15/1 2240/15/1 2239/15/1
f 2250/6/1 2246/6/1 2245/6/1
f 2251/6/1 2246/6/1 2250/6/1
f 2252/15/1 2244/15/1 2243/15/1
f 2253/15/1 2244/15/1 2252/15/1
f 2254/15/1 2249/15/1 2239/15/1
f 2259/2/1 2256/2/1 2255/2/1
f 2260/2/1 2256/2/1 2259/2/1
f 2262/5/1 2258/5/1 2257/5/1
f 2263/5/1 2258/5/1 2262/5/1
f 2266/15/1 2254/15/1 2239/15/1
f 2267/15/1 2254/15/1 2266/15/1
f 2268/5/1 2261/5/1 2260/5/1
f 2269/5/1 2261/5/1 2268/5/1
f 2271/15/1 2265/15/1 2264/15/1
f 2272/15/1 2265/15/1 2271/15/1
f 2273/5/1 2270/5/1 2269/5/1
f 2274/5/1 2270/5/1 2273/5/1
f 2280/15/1 2276/15/1 2275/15/1
f 2280/5/1 2277/5/1 2276/5/1
f 2281/5/1 2277/5/1 2280/5/1
f 2284/15/1 2280/15/1 2275/15/1
f 2285/15/1 2280/15/1 2284/15/1
f 2288/6/1 2283/6/1 2282/6/1
f 2289/6/1 2283/6/1 2288/6/1
f 2290/15/1 2279/15/1 2278/15/1
f 2291/15/1 2279/15/1 2290/15/1
f 2294/6/1 2287/6/1 2286/6/1
f 2295/6/1 2287/6/1 2294/6/1
f 2296/6/1 2287/6/1 2295/6/1
f 2297/2/1 2293/2/1 2292/2/1
f 2298/2/1 2293/2/1 2297/2/1
f 2301/15/1 2300/15/1 2299/15/1
f 2302/15/1 2300/15/1 2301/15/1
f 2305/5/1 2304/5/1 2303/5/1
f 2306/5/1 2304/5/1 2305/5/1
f 2311/6/1 2308/6/1 2307/6/1
f 2312/6/1 2308/6/1 2311/6/1
f 2313/6/1 2310/6/1 2309/6/1
f 2314/6/1 2310/6/1 2313/6/1
f 2319/6/1 2316/6/1 2315/6/1
f 2320/6/1 2316/6/1 2319/6/1
f 2321/5/1 2318/5/1 2317/5/1
f 2322/5/1 2318/5/1 2321/5/1
f 2331/6/1 2328/6/1 2327/6/1
f 2332/6/1 2328/6/1 2331/6/1
f 2333/15/1 2324/15/1 2323/15/1
f 2334/15/1 2324/15/1 2333/15/1
f 2335/5/1 2330/5/1 2329/5/1
f 2336/5/1 2330/5/1 2335/5/1
f 2339/2/1 2338/2/1 2337/2/1
f 2340/2/1 2338/2/1 2339/2/1
f 2343/15/1 2326/15/1 2325/15/1
f 2344/15/1 2326/15/1 2343/15/1
f 2345/15/1 2342/15/1 2341/15/1
f 2346/15/1 2342/15/1 2345/15/1
f 2353/15/1 2348/15/1 2347/15/1
f 2354/6/1 2352/6/1 2351/6/1
f 2355/6/1 2352/6/1 2354/6/1
f 2356/15/1 2348/15/1 2353/15/1
f 2357/15/1 2348/15/1 2356/15/1
f 2362/2/1 2359/2/1 2358/2/1
f 2363/2/1 2359/2/1 2362/2/1
f 2366/15/1 2350/15/1 2349/15/1
f 2367/15/1 2350/15/1 2366/15/1
f 2369/2/1 2361/2/1 2360/2/1
f 2370/2/1 2361/2/1 2369/2/1
f 2372/15/1 2365/15/1 2364/15/1
f 2373/15/1 2365/15/1 2372/15/1
f 2374/6/1 2371/6/1 2370/6/1
f 2374/6/1 2369/6/1 2368/6/1
f 2374/6/1 2370/6/1 2369/6/1
f 2375/6/1 2371/6/1 2374/6/1
f 2380/15/1 2377/15/1 2376/15/1
f 2385/15/1 2379/15/1 2378/15/1
f 2386/15/1 2380/15/1 2376/15/1
f 2387/2/1 2383/2/1 2382/2/1
f 2387/2/1 2382/2/1 2381/2/1
f 2388/2/1 2383/2/1 2387/2/1
f 2391/6/1 2385/6/1 2384/6/1
f 2392/15/1 2379/15/1 2385/15/1
f 2392/6/1 2385/6/1 2391/6/1
f 2393/15/1 2379/15/1 2392/15/1
f 2394/2/1 2387/2/1 2381/2/1
f 2395/2/1 2387/2/1 2394/2/1
f 2396/2/1 2390/2/1 2389/2/1
f 2397/2/1 2390/2/1 2396/2/1
f 2399/15/1 2386/15/1 2376/15/1
f 2400/15/1 2386/15/1 2399/15/1
f 2401/2/1 2398/2/1 2397/2/1
f 2402/2/1 2398/2/1 2401/2/1
f 2405/6/1 2402/6/1 2401/6/1
f 2406/6/1 2402/6/1 2405/6/1
f 2407/5/1 2404/5/1 2403/5/1
f 2408/5/1 2404/5/1 2407/5/1
f 2411/15/1 2410/15/1 2409/15/1
f 2416/15/1 2411/15/1 2409/15/1
f 2417/15/1 2411/15/1 2416/15/1
f 2420/2/1 2413/2/1 2412/2/1
f 2421/2/1 2413/2/1 2420/2/1
f 2423/15/1 2415/15/1 2414/15/1
f 2424/15/1 2415/15/1 2423/15/1
f 2427/2/1 2419/2/1 2418/2/1
f 2428/2/1 2419/2/1 2427/2/1
f 2429/2/1 2422/2/1 2421/2/1
f 2430/2/1 2422/2/1 2429/2/1
f 2438/15/1 2432/15/1 2431/15/1
f 2439/15/1 2426/15/1 2425/15/1
f 2440/15/1 2426/15/1 2439/15/1
f 2441/5/1 2434/5/1 2433/5/1
f 2442/2/1 2435/2/1 2434/2/1
f 2442/5/1 2434/5/1 2441/5/1
f 2443/2/1 2435/2/1 2442/2/1
f 2444/2/1 2437/2/1 2436/2/1
f 2445/2/1 2437/2/1 2444/2/1
f 2446/15/1 2432/15/1 2438/15/1
f 2447/15/1 2432/15/1 2446/15/1
f 2450/15/1 2449/15/1 2448/15/1
f 2451/15/1 2449/15/1 2450/15/1
f 2456/2/1 2453/2/1 2452/2/1
f 2457/2/1 2453/2/1 2456/2/1
f 2458/2/1 2453/2/1 2457/2/1
f 2463/15/1 2455/15/1 2454/15/1
f 2464/15/1 2455/15/1 2463/15/1
f 2465/11/1 2460/11/1 2459/11/1
f 2467/15/1 2462/15/1 2461/15/1
f 2468/15/1 2462/15/1 2467/15/1
f 2469/11/1 2465/11/1 2459/11/1
f 2470/3/1 2466/3/1 2465/3/1
f 2470/11/1 2465/11/1 2469/11/1
f 2471/3/1 2466/3/1 2470/3/1
f 2475/8/1 2470/8/1 2469/8/1
f 2476/7/1 2471/7/1 2470/7/1
f 2476/8/1 2470/8/1 2475/8/1
f 2477/4/1 2472/4/1 2471/4/1
f 2477/7/1 2471/7/1 2476/7/1
f 2478/7/1 2473/7/1 2472/7/1
f 2478/4/1 2472/4/1 2477/4/1
f 2479/8/1 2474/8/1 2473/8/1
f 2479/7/1 2473/7/1 2478/7/1
f 2480/8/1 2474/8/1 2479/8/1
f 2481/11/1 2476/11/1 2475/11/1
f 2482/3/1 2477/3/1 2476/3/1
f 2482/11/1 2476/11/1 2481/11/1
f 2483/7/1 2478/7/1 2477/7/1
f 2483/3/1 2477/3/1 2482/3/1
f 2484/3/1 2479/3/1 2478/3/1
f 2484/7/1 2478/7/1 2483/7/1
f 2485/11/1 2480/11/1 2479/11/1
f 2485/3/1 2479/3/1 2484/3/1
f 2486/11/1 2480/11/1 2485/11/1
f 2487/13/1 2482/13/1 2481/13/1
f 2488/11/1 2483/11/1 2482/11/1
f 2488/13/1 2482/13/1 2487/13/1
f 2489/8/1 2484/8/1 2483/8/1
f 2489/11/1 2483/11/1 2488/11/1
f 2490/11/1 2485/11/1 2484/11/1
f 2490/8/1 2484/8/1 2489/8/1
f 2491/13/1 2486/13/1 2485/13/1
f 2491/11/1 2485/11/1 2490/11/1
f 2492/13/1 2486/13/1 2491/13/1
f 2495/2/1 2494/2/1 2493/2/1
f 2498/2/1 2495/2/1 2493/2/1
f 2499/2/1 2495/2/1 2498/2/1
f 2500/15/1 2497/15/1 2496/15/1
f 2501/15/1 2497/15/1 2500/15/1
f 2512/2/1 2505/2/1 2504/2/1
f 2513/2/1 2505/2/1 2512/2/1
f 2514/2/1 2507/2/1 2506/2/1
f 2515/2/1 2507/2/1 2514/2/1
f 2516/2/1 2509/2/1 2508/2/1
f 2517/2/1 2509/2/1 2516/2/1
f 2518/2/1 2511/2/1 2510/2/1
f 2519/2/1 2511/2/1 2518/2/1
f 2520/2/1 2513/2/1 2512/2/1
f 2521/2/1 2513/2/1 2520/2/1
f 2522/2/1 2513/2/1 2521/2/1
f 2525/15/1 2503/15/1 2502/15/1
f 2526/15/1 2503/15/1 2525/15/1
f 2529/2/1 2524/2/1 2523/2/1
f 2530/2/1 2524/2/1 2529/2/1
f 2531/2/1 2528/2/1 2527/2/1
f 2532/2/1 2528/2/1 2531/2/1
f 2537/2/1 2534/2/1 2533/2/1
f 2538/2/1 2534/2/1 2537/2/1
f 2539/15/1 2536/15/1 2535/15/1
f 2546/2/1 2541/2/1 2540/2/1
f 2547/2/1 2541/2/1 2546/2/1
f 2548/2/1 2543/2/1 2542/2/1
f 2549/2/1 2543/2/1 2548/2/1
f 2550/2/1 2545/2/1 2544/2/1
f 2551/2/1 2545/2/1 2550/2/1
f 2552/15/1 2539/15/1 2535/15/1
f 2553/15/1 2539/15/1 2552/15/1
f 2556/15/1 2555/15/1 2554/15/1
f 2560/2/1 2559/2/1 2558/2/1
f 2561/2/1 2559/2/1 2560/2/1
f 2562/15/1 2556/15/1 2554/15/1
f 2562/15/1 2557/15/1 2556/15/1
f 2563/15/1 2557/15/1 2562/15/1
f 2566/15/1 2565/15/1 2564/15/1
f 2567/15/1 2565/15/1 2566/15/1
f 2570/15/1 2569/15/1 2568/15/1
f 2571/15/1 2569/15/1 2570/15/1
f 2574/15/1 2573/15/1 2572/15/1
f 2578/15/1 2574/15/1 2572/15/1
f 2578/15/1 2575/15/1 2574/15/1
f 2579/15/1 2575/15/1 2578/15/1
f 2580/15/1 2577/15/1 2576/15/1
f 2581/15/1 2577/15/1 2580/15/1
f 2586/15/1 2583/15/1 2582/15/1
f 2587/15/1 2583/15/1 2586/15/1
f 2589/15/1 2585/15/1 2584/15/1
f 2590/15/1 2585/15/1 2589/15/1
f 2592/15/1 2588/15/1 2587/15/1
f 2592/15/1 2587/15/1 2586/15/1
f 2593/15/1 2588/15/1 2592/15/1
f 2594/15/1 2588/15/1 2593/15/1
f 2597/15/1 2592/15/1 2591/15/1
f 2597/15/1 2593/15/1 2592/15/1
f 2598/15/1 2593/15/1 2597/15/1
f 2599/2/1 2596/2/1 2595/2/1
f 2600/2/1 2596/2/1 2599/2/1
f 2603/15/1 2597/15/1 2591/15/1
f 2604/15/1 2597/15/1 2603/15/1
f 2605/15/1 2602/15/1 2601/15/1
f 2606/15/1 2602/15/1 2605/15/1
f 2611/15/1 2608/15/1 2607/15/1
f 2612/15/1 2608/15/1 2611/15/1
f 2613/15/1 2610/15/1 2609/15/1
f 2614/15/1 2610/15/1 2613/15/1
f 2618/15/1 2616/15/1 2615/15/1
f 2619/15/1 2616/15/1 2618/15/1
f 2621/15/1 2618/15/1 2617/15/1
f 2621/15/1 2620/15/1 2619/15/1
f 2621/15/1 2619/15/1 2618/15/1
f 2622/15/1 2620/15/1 2621/15/1
f 2623/15/2 2624/15/2 2625/15/2
f 2625/15/2 2624/15/2 2626/15/2
f 2627/15/2 2628/15/2 2631/15/2
f 2631/15/2 2628/15/2 2632/15/2
f 2629/15/2 2630/15/2 2633/15/2
f 2633/15/2 2630/15/2 2634/15/2
f 2634/15/2 2630/15/2 2635/15/2
f 2635/15/2 2630/15/2 2636/15/2
f 2632/15/2 2628/15/2 2637/15/2
f 2629/15/2 2633/15/2 2638/15/2
f 2637/15/2 2628/15/2 2639/15/2
f 2629/15/2 2638/15/2 2640/15/2
f 2640/15/2 2638/15/2 2641/15/2
f 2639/15/2 2628/15/2 2642/15/2
f 2642/15/2 2628/15/2 2643/15/2
f 2646/15/2 2647/15/2 2648/15/2
f 2648/15/2 2647/15/2 2649/15/2
f 2644/15/2 2645/15/2 2650/15/2
f 2650/15/2 2645/15/2 2651/15/2
f 2652/15/2 2653/15/2 2656/15/2
f 2656/15/2 2653/15/2 2657/15/2
f 2654/15/2 2655/15/2 2658/15/2
f 2652/15/2 2656/15/2 2660/15/2
f 2652/15/2 2660/15/2 2662/15/2
f 2660/15/2 2661/15/2 2662/15/2
f 2662/15/2 2661/15/2 2663/15/2
f 2658/15/2 2659/15/2 2664/15/2
f 2654/15/2 2658/15/2 2664/15/2
f 2664/15/2 2659/15/2 2665/15/2
f 2666/15/2 2667/15/2 2668/15/2
f 2668/15/2 2667/15/2 2669/15/2
f 2672/15/2 2673/15/2 2674/15/2
f 2670/15/2 2671/15/2 2675/15/2
f 2675/15/2 2671/15/2 2676/15/2
f 2674/15/2 2673/15/2 2677/15/2
f 2677/15/2 2673/15/2 2678/15/2
f 2679/15/2 2680/15/2 2681/15/2
f 2679/15/2 2681/15/2 2682/15/2
f 2683/5/2 2684/5/2 2687/5/2
f 2687/5/2 2684/5/2 2688/5/2
f 2685/5/2 2686/5/2 2689/5/2
f 2689/5/2 2686/5/2 2690/5/2
f 2679/15/2 2682/15/2 2693/15/2
f 2693/15/2 2682/15/2 2694/15/2
f 2691/15/2 2692/15/2 2695/15/2
f 2695/15/2 2692/15/2 2696/15/2
f 2699/5/2 2700/5/2 2703/5/2
f 2703/5/2 2700/5/2 2704/5/2
f 2701/2/2 2702/2/2 2705/2/2
f 2705/2/2 2702/2/2 2706/2/2
f 2697/15/2 2698/15/2 2711/15/2
f 2711/15/2 2698/15/2 2712/15/2
f 2709/3/2 2710/3/2 2714/3/2
f 2714/3/2 2710/3/2 2715/3/2
f 2707/15/2 2708/15/2 2719/15/2
f 2719/15/2 2708/15/2 2720/15/2
f 2713/2/2 2714/2/2 2721/2/2
f 2714/7/2 2715/7/2 2722/7/2
f 2721/2/2 2714/2/2 2722/2/2
f 2715/4/2 2716/4/2 2723/4/2
f 2722/7/2 2715/7/2 2723/7/2
f 2716/7/2 2717/7/2 2724/7/2
f 2723/4/2 2716/4/2 2724/4/2
f 2717/2/2 2718/2/2 2725/2/2
f 2724/7/2 2717/7/2 2725/7/2
f 2725/2/2 2718/2/2 2726/2/2
f 2721/8/2 2722/8/2 2727/8/2
f 2722/3/2 2723/3/2 2728/3/2
f 2727/8/2 2722/8/2 2728/8/2
f 2723/7/2 2724/7/2 2729/7/2
f 2728/3/2 2723/3/2 2729/3/2
f 2724/3/2 2725/3/2 2730/3/2
f 2729/7/2 2724/7/2 2730/7/2
f 2725/8/2 2726/8/2 2731/8/2
f 2730/3/2 2725/3/2 2731/3/2
f 2731/8/2 2726/8/2 2732/8/2
f 2727/13/2 2728/13/2 2733/13/2
f 2728/11/2 2729/11/2 2734/11/2
f 2733/13/2 2728/13/2 2734/13/2
f 2729/8/2 2730/8/2 2735/8/2
f 2734/11/2 2729/11/2 2735/11/2
f 2730/11/2 2731/11/2 2736/11/2
f 2735/8/2 2730/8/2 2736/8/2
f 2731/13/2 2732/13/2 2737/13/2
f 2736/11/2 2731/11/2 2737/11/2
f 2737/13/2 2732/13/2 2738/13/2
f 2739/2/2 2740/2/2 2741/2/2
f 2741/2/2 2740/2/2 2742/2/2
f 2742/2/2 2743/2/2 2747/2/2
f 2747/2/2 2743/2/2 2748/2/2
f 2744/2/2 2745/2/2 2749/2/2
f 2745/15/2 2746/15/2 2750/15/2
f 2749/2/2 2745/2/2 2750/2/2
f 2750/15/2 2746/15/2 2751/15/2
f 2751/15/2 2746/15/2 2752/15/2
f 2753/15/2 2754/15/2 2761/15/2
f 2755/11/2 2756/11/2 2762/11/2
f 2756/8/2 2757/8/2 2763/8/2
f 2762/11/2 2756/11/2 2763/11/2
f 2757/11/2 2758/11/2 2764/11/2
f 2763/8/2 2757/8/2 2764/8/2
f 2764/11/2 2758/11/2 2765/11/2
f 2759/2/2 2760/2/2 2766/2/2
f 2766/2/2 2760/2/2 2767/2/2
f 2753/15/2 2761/15/2 2772/15/2
f 2768/2/2 2769/2/2 2773/2/2
f 2773/2/2 2769/2/2 2774/2/2
f 2770/15/2 2771/15/2 2776/15/2
f 2753/15/2 2772/15/2 2777/15/2
f 2774/2/2 2775/2/2 2778/2/2
f 2778/2/2 2775/2/2 2779/2/2
f 2753/15/2 2777/15/2 2789/15/2
f 2789/15/2 2777/15/2 2790/15/2
f 2780/3/2 2781/3/2 2791/3/2
f 2781/6/2 2782/6/2 2792/6/2
f 2791/3/2 2781/3/2 2792/3/2
f 2792/6/2 2782/6/2 2793/6/2
f 2783/11/2 2784/11/2 2794/11/2
f 2784/3/2 2785/3/2 2795/3/2
f 2794/11/2 2784/11/2 2795/11/2
f 2785/7/2 2786/7/2 2796/7/2
f 2795/3/2 2785/3/2 2796/3/2
f 2786/3/2 2787/3/2 2797/3/2
f 2796/7/2 2786/7/2 2797/7/2
f 2797/3/2 2787/3/2 2798/3/2
f 2787/11/2 2788/11/2 2799/11/2
f 2798/3/2 2787/3/2 2799/3/2
f 2799/11/2 2788/11/2 2800/11/2
f 2776/15/2 2771/15/2 2801/15/2
f 2801/15/2 2771/15/2 2802/15/2
f 2791/6/2 2792/6/2 2803/6/2
f 2803/6/2 2792/6/2 2804/6/2
f 2794/12/2 2795/12/2 2805/12/2
f 2797/3/2 2798/3/2 2806/3/2
f 2805/12/2 2795/12/2 2806/12/2
f 2795/3/2 2796/3/2 2806/3/2
f 2796/3/2 2797/3/2 2806/3/2
f 2806/3/2 2798/3/2 2807/3/2
f 2807/3/2 2798/3/2 2808/3/2
f 2798/2/2 2799/2/2 2809/2/2
f 2808/3/2 2798/3/2 2809/3/2
f 2799/12/2 2800/12/2 2810/12/2
f 2809/2/2 2799/2/2 2810/2/2
f 2810/12/2 2800/12/2 2811/12/2
f 2805/14/2 2806/14/2 2812/14/2
f 2806/11/2 2807/11/2 2813/11/2
f 2812/14/2 2806/14/2 2813/14/2
f 2807/8/2 2808/8/2 2814/8/2
f 2813/11/2 2807/11/2 2814/11/2
f 2808/11/2 2809/11/2 2815/11/2
f 2814/8/2 2808/8/2 2815/8/2
f 2809/12/2 2810/12/2 2816/12/2
f 2815/11/2 2809/11/2 2816/11/2
f 2810/14/2 2811/14/2 2817/14/2
f 2816/12/2 2810/12/2 2817/12/2
f 2817/14/2 2811/14/2 2818/14/2
f 2821/2/2 2822/2/2 2825/2/2
f 2825/2/2 2822/2/2 2826/2/2
f 2823/2/2 2824/2/2 2827/2/2
f 2827/2/2 2824/2/2 2828/2/2
f 2829/2/2 2830/2/2 2835/2/2
f 2835/2/2 2830/2/2 2836/2/2
f 2831/2/2 2832/2/2 2837/2/2
f 2837/2/2 2832/2/2 2838/2/2
f 2819/15/2 2820/15/2 2843/15/2
f 2843/15/2 2820/15/2 2844/15/2
f 2839/13/2 2840/13/2 2848/13/2
f 2840/8/2 2841/8/2 2849/8/2
f 2848/13/2 2840/13/2 2849/13/2
f 2849/8/2 2841/8/2 2850/8/2
f 2850/8/2 2841/8/2 2851/8/2
f 2841/11/2 2842/11/2 2852/11/2
f 2851/8/2 2841/8/2 2852/8/2
f 2833/15/2 2834/15/2 2853/15/2
f 2853/15/2 2834/15/2 2854/15/2
f 2846/6/2 2847/6/2 2855/6/2
f 2845/6/2 2846/6/2 2855/6/2
f 2855/6/2 2847/6/2 2856/6/2
f 2848/8/2 2849/8/2 2857/8/2
f 2849/3/2 2850/3/2 2858/3/2
f 2857/8/2 2849/8/2 2858/8/2
f 2850/7/2 2851/7/2 2859/7/2
f 2858/3/2 2850/3/2 2859/3/2
f 2851/3/2 2852/3/2 2860/3/2
f 2859/7/2 2851/7/2 2860/7/2
f 2852/11/2 2842/11/2 2861/11/2
f 2860/3/2 2852/3/2 2861/3/2
f 2861/11/2 2842/11/2 2862/11/2
f 2857/9/2 2858/9/2 2863/9/2
f 2858/7/2 2859/7/2 2864/7/2
f 2863/9/2 2858/9/2 2864/9/2
f 2859/4/2 2860/4/2 2865/4/2
f 2864/7/2 2859/7/2 2865/7/2
f 2860/7/2 2861/7/2 2866/7/2
f 2865/4/2 2860/4/2 2866/4/2
f 2861/9/2 2862/9/2 2867/9/2
f 2866/7/2 2861/7/2 2867/7/2
f 2867/9/2 2862/9/2 2868/9/2
f 2863/8/2 2864/8/2 2869/8/2
f 2864/3/2 2865/3/2 2870/3/2
f 2869/8/2 2864/8/2 2870/8/2
f 2865/7/2 2866/7/2 2871/7/2
f 2870/3/2 2865/3/2 2871/3/2
f 2866/3/2 2867/3/2 2872/3/2
f 2871/7/2 2866/7/2 2872/7/2
f 2867/11/2 2868/11/2 2873/11/2
f 2872/3/2 2867/3/2 2873/3/2
f 2873/11/2 2868/11/2 2874/11/2
f 2869/13/2 2870/13/2 2875/13/2
f 2870/11/2 2871/11/2 2876/11/2
f 2875/13/2 2870/13/2 2876/13/2
f 2871/9/2 2872/9/2 2877/9/2
f 2876/11/2 2871/11/2 2877/11/2
f 2872/11/2 2873/11/2 2878/11/2
f 2877/9/2 2872/9/2 2878/9/2
f 2873/13/2 2874/13/2 2879/13/2
f 2878/11/2 2873/11/2 2879/11/2
f 2879/13/2 2874/13/2 2880/13/2
f 2883/2/2 2884/2/2 2888/2/2
f 2888/2/2 2884/2/2 2889/2/2
f 2885/2/2 2886/2/2 2892/2/2
f 2886/15/2 2887/15/2 2893/15/2
f 2892/2/2 2886/2/2 2893/2/2
f 2890/2/2 2891/2/2 2894/2/2
f 2894/2/2 2891/2/2 2895/2/2
f 2896/5/2 2897/5/2 2903/5/2
f 2903/5/2 2897/5/2 2904/5/2
f 2898/5/2 2899/5/2 2905/5/2
f 2905/5/2 2899/5/2 2906/5/2
f 2881/15/2 2882/15/2 2907/15/2
f 2907/15/2 2882/15/2 2908/15/2
f 2900/5/2 2901/5/2 2909/5/2
f 2909/5/2 2901/5/2 2910/5/2
f 2902/6/2 2903/6/2 2911/6/2
f 2911/6/2 2903/6/2 2912/6/2
f 2893/15/2 2887/15/2 2913/15/2
f 2913/15/2 2887/15/2 2914/15/2
f 2915/15/2 2916/15/2 2917/15/2
f 2918/2/2 2919/2/2 2922/2/2
f 2922/2/2 2919/2/2 2923/2/2
f 2920/2/2 2921/2/2 2926/2/2
f 2921/5/2 2922/5/2 2927/5/2
f 2926/2/2 2921/2/2 2927/2/2
f 2927/5/2 2922/5/2 2928/5/2
f 2924/5/2 2925/5/2 2930/5/2
f 2930/5/2 2925/5/2 2931/5/2
f 2926/5/2 2927/5/2 2932/5/2
f 2932/5/2 2927/5/2 2933/5/2
f 2915/15/2 2917/15/2 2934/15/2
f 2934/15/2 2917/15/2 2935/15/2
f 2929/5/2 2930/5/2 2936/5/2
f 2936/5/2 2930/5/2 2937/5/2
f 2938/15/2 2939/15/2 2942/15/2
f 2943/2/2 2944/2/2 2945/2/2
f 2945/2/2 2944/2/2 2946/2/2
f 2942/15/2 2939/15/2 2949/15/2
f 2940/15/2 2941/15/2 2950/15/2
f 2950/15/2 2941/15/2 2951/15/2
f 2947/5/2 2948/5/2 2952/5/2
f 2952/5/2 2948/5/2 2953/5/2
f 2949/15/2 2939/15/2 2954/15/2
f 2954/15/2 2939/15/2 2955/15/2
f 2956/15/2 2957/15/2 2960/15/2
f 2961/5/2 2962/5/2 2963/5/2
f 2963/5/2 2962/5/2 2964/5/2
f 2965/2/2 2966/2/2 2967/2/2
f 2967/2/2 2966/2/2 2968/2/2
f 2956/15/2 2960/15/2 2970/15/2
f 2970/15/2 2960/15/2 2971/15/2
f 2968/5/2 2969/5/2 2972/5/2
f 2967/5/2 2968/5/2 2972/5/2
f 2972/5/2 2969/5/2 2973/5/2
f 2958/15/2 2959/15/2 2974/15/2
f 2974/15/2 2959/15/2 2975/15/2
f 2976/2/2 2977/2/2 2980/2/2
f 2980/2/2 2977/2/2 2981/2/2
f 2978/2/2 2979/2/2 2982/2/2
f 2982/2/2 2979/2/2 2983/2/2
f 2984/5/2 2985/5/2 2986/5/2
f 2986/5/2 2985/5/2 2987/5/2
f 2990/2/2 2991/2/2 2996/2/2
f 2996/2/2 2991/2/2 2997/2/2
f 2988/15/2 2989/15/2 2998/15/2
f 2994/5/2 2995/5/2 2999/5/2
f 2999/5/2 2995/5/2 3000/5/2
f 2988/15/2 2998/15/2 3001/15/2
f 3001/15/2 2998/15/2 3002/15/2
f 2992/15/2 2993/15/2 3003/15/2
f 3003/15/2 2993/15/2 3004/15/2
f 3005/10/2 3006/10/2 3014/10/2
f 3006/3/2 3007/3/2 3015/3/2
f 3014/10/2 3006/10/2 3015/10/2
f 3015/3/2 3007/3/2 3016/3/2
f 3016/3/2 3007/3/2 3017/3/2
f 3007/2/2 3008/2/2 3018/2/2
f 3017/3/2 3007/3/2 3018/3/2
f 3008/10/2 3009/10/2 3019/10/2
f 3018/2/2 3008/2/2 3019/2/2
f 3009/12/2 3010/12/2 3020/12/2
f 3019/10/2 3009/10/2 3020/10/2
f 3010/5/2 3011/5/2 3021/5/2
f 3020/12/2 3010/12/2 3021/12/2
f 3011/6/2 3012/6/2 3022/6/2
f 3021/5/2 3011/5/2 3022/5/2
f 3022/6/2 3012/6/2 3023/6/2
f 3013/11/2 3014/11/2 3024/11/2
f 3014/9/2 3015/9/2 3025/9/2
f 3024/11/2 3014/11/2 3025/11/2
f 3015/3/2 3016/3/2 3026/3/2
f 3025/9/2 3015/9/2 3026/9/2
f 3016/7/2 3017/7/2 3027/7/2
f 3026/3/2 3016/3/2 3027/3/2
f 3017/3/2 3018/3/2 3028/3/2
f 3027/7/2 3017/7/2 3028/7/2
f 3018/3/2 3019/3/2 3028/3/2
f 3028/3/2 3019/3/2 3029/3/2
f 3019/10/2 3020/10/2 3030/10/2
f 3029/3/2 3019/3/2 3030/3/2
f 3020/11/2 3021/11/2 3031/11/2
f 3030/10/2 3020/10/2 3031/10/2
f 3031/11/2 3021/11/2 3032/11/2
f 3022/5/2 3023/5/2 3033/5/2
f 3033/5/2 3023/5/2 3034/5/2
f 3028/4/2 3029/4/2 3035/4/2
f 3027/4/2 3028/4/2 3035/4/2
f 3029/3/2 3030/3/2 3036/3/2
f 3035/4/2 3029/4/2 3036/4/2
f 3024/8/2 3025/8/2 3037/8/2
f 3025/9/2 3026/9/2 3038/9/2
f 3037/8/2 3025/8/2 3038/8/2
f 3026/7/2 3027/7/2 3039/7/2
f 3038/9/2 3026/9/2 3039/9/2
f 3027/4/2 3035/4/2 3040/4/2
f 3039/7/2 3027/7/2 3040/7/2
f 3035/7/2 3036/7/2 3041/7/2
f 3040/4/2 3035/4/2 3041/4/2
f 3036/3/2 3030/3/2 3042/3/2
f 3041/7/2 3036/7/2 3042/7/2
f 3030/9/2 3031/9/2 3043/9/2
f 3042/3/2 3030/3/2 3043/3/2
f 3031/8/2 3032/8/2 3044/8/2
f 3043/9/2 3031/9/2 3044/9/2
f 3044/8/2 3032/8/2 3045/8/2
f 3037/11/2 3038/11/2 3046/11/2
f 3038/9/2 3039/9/2 3047/9/2
f 3046/11/2 3038/11/2 3047/11/2
f 3039/3/2 3040/3/2 3048/3/2
f 3047/9/2 3039/9/2 3048/9/2
f 3040/7/2 3041/7/2 3049/7/2
f 3048/3/2 3040/3/2 3049/3/2
f 3042/3/2 3043/3/2 3050/3/2
f 3049/7/2 3041/7/2 3050/7/2
f 3041/3/2 3042/3/2 3050/3/2
f 3050/3/2 3043/3/2 3051/3/2
f 3043/10/2 3044/10/2 3052/10/2
f 3051/3/2 3043/3/2 3052/3/2
f 3044/11/2 3045/11/2 3053/11/2
f 3052/10/2 3044/10/2 3053/10/2
f 3053/11/2 3045/11/2 3054/11/2
f 3046/12/2 3047/12/2 3055/12/2
f 3047/10/2 3048/10/2 3056/10/2
f 3055/12/2 3047/12/2 3056/12/2
f 3048/3/2 3049/3/2 3057/3/2
f 3056/10/2 3048/10/2 3057/10/2
f 3050/3/2 3051/3/2 3057/3/2
f 3049/3/2 3050/3/2 3057/3/2
f 3051/2/2 3052/2/2 3058/2/2
f 3057/3/2 3051/3/2 3058/3/2
f 3052/10/2 3053/10/2 3059/10/2
f 3058/2/2 3052/2/2 3059/2/2
f 3053/12/2 3054/12/2 3060/12/2
f 3059/10/2 3053/10/2 3060/10/2
f 3060/12/2 3054/12/2 3061/12/2
f 3055/13/2 3056/13/2 3062/13/2
f 3056/12/2 3057/12/2 3063/12/2
f 3062/13/2 3056/13/2 3063/13/2
f 3057/9/2 3058/9/2 3064/9/2
f 3063/12/2 3057/12/2 3064/12/2
f 3064/9/2 3058/9/2 3065/9/2
f 3065/9/2 3058/9/2 3066/9/2
f 3058/10/2 3059/10/2 3067/10/2
f 3066/9/2 3058/9/2 3067/9/2
f 3059/12/2 3060/12/2 3068/12/2
f 3067/10/2 3059/10/2 3068/10/2
f 3060/13/2 3061/13/2 3069/13/2
f 3068/12/2 3060/12/2 3069/12/2
f 3069/13/2 3061/13/2 3070/13/2
f 3062/14/2 3063/14/2 3071/14/2
f 3063/13/2 3064/13/2 3072/13/2
f 3071/14/2 3063/14/2 3072/14/2
f 3064/11/2 3065/11/2 3073/11/2
f 3072/13/2 3064/13/2 3073/13/2
f 3065/8/2 3066/8/2 3074/8/2
f 3073/11/2 3065/11/2 3074/11/2
f 3066/11/2 3067/11/2 3075/11/2
f 3074/8/2 3066/8/2 3075/8/2
f 3067/12/2 3068/12/2 3076/12/2
f 3075/11/2 3067/11/2 3076/11/2
f 3068/14/2 3069/14/2 3077/14/2
f 3076/12/2 3068/12/2 3077/12/2
f 3069/14/2 3070/14/2 3077/14/2
f 3077/14/2 3070/14/2 3078/14/2
f 3079/15/2 3080/15/2 3085/15/2
f 3085/15/2 3080/15/2 3086/15/2
f 3081/5/2 3082/5/2 3087/5/2
f 3087/5/2 3082/5/2 3088/5/2
f 3083/5/2 3084/5/2 3089/5/2
f 3089/5/2 3084/5/2 3090/5/2
f 3095/2/2 3096/2/2 3097/2/2
f 3097/2/2 3096/2/2 3098/2/2
f 3093/15/2 3094/15/2 3099/15/2
f 3099/15/2 3094/15/2 3100/15/2
f 3091/15/2 3092/15/2 3101/15/2
f 3101/15/2 3092/15/2 3102/15/2
f 3103/6/2 3104/6/2 3107/6/2
f 3107/6/2 3104/6/2 3108/6/2
f 3108/6/2 3104/6/2 3109/6/2
f 3105/5/2 3106/5/2 3110/5/2
f 3110/5/2 3106/5/2 3111/5/2
f 3112/15/2 3113/15/2 3116/15/2
f 3112/15/2 3116/15/2 3117/15/2
f 3117/15/2 3116/15/2 3118/15/2
f 3114/15/2 3115/15/2 3119/15/2
f 3119/15/2 3115/15/2 3120/15/2
f 3121/3/2 3122/3/2 3126/3/2
f 3126/3/2 3122/3/2 3127/3/2
f 3126/6/2 3127/6/2 3129/6/2
f 3129/6/2 3127/6/2 3130/6/2
f 3123/13/2 3124/13/2 3131/13/2
f 3124/10/2 3125/10/2 3132/10/2
f 3131/13/2 3124/13/2 3132/13/2
f 3132/10/2 3125/10/2 3133/10/2
f 3128/6/2 3129/6/2 3137/6/2
f 3137/6/2 3129/6/2 3138/6/2
f 3131/11/2 3132/11/2 3139/11/2
f 3132/9/2 3133/9/2 3140/9/2
f 3139/11/2 3132/11/2 3140/11/2
f 3140/9/2 3133/9/2 3141/9/2
f 3133/3/2 3134/3/2 3142/3/2
f 3141/9/2 3133/9/2 3142/9/2
f 3134/7/2 3135/7/2 3143/7/2
f 3142/3/2 3134/3/2 3143/3/2
f 3135/5/2 3136/5/2 3144/5/2
f 3143/7/2 3135/7/2 3144/7/2
f 3144/5/2 3136/5/2 3145/5/2
f 3143/4/2 3144/4/2 3146/4/2
f 3144/4/2 3145/4/2 3146/4/2
f 3145/5/2 3136/5/2 3147/5/2
f 3146/4/2 3145/4/2 3147/4/2
f 3147/5/2 3136/5/2 3148/5/2
f 3146/7/2 3147/7/2 3149/7/2
f 3139/8/2 3140/8/2 3154/8/2
f 3140/9/2 3141/9/2 3155/9/2
f 3154/8/2 3140/8/2 3155/8/2
f 3141/2/2 3142/2/2 3156/2/2
f 3155/9/2 3141/9/2 3156/9/2
f 3142/7/2 3143/7/2 3157/7/2
f 3156/2/2 3142/2/2 3157/2/2
f 3143/4/2 3146/4/2 3158/4/2
f 3157/7/2 3143/7/2 3158/7/2
f 3146/7/2 3149/7/2 3159/7/2
f 3158/4/2 3146/4/2 3159/4/2
f 3149/5/2 3150/5/2 3160/5/2
f 3159/7/2 3149/7/2 3160/7/2
f 3150/2/2 3151/2/2 3161/2/2
f 3160/5/2 3150/5/2 3161/5/2
f 3151/9/2 3152/9/2 3162/9/2
f 3161/2/2 3151/2/2 3162/2/2
f 3152/8/2 3153/8/2 3163/8/2
f 3162/9/2 3152/9/2 3163/9/2
f 3163/8/2 3153/8/2 3164/8/2
f 3154/11/2 3155/11/2 3165/11/2
f 3155/9/2 3156/9/2 3166/9/2
f 3165/11/2 3155/11/2 3166/11/2
f 3156/9/2 3157/9/2 3166/9/2
f 3157/3/2 3158/3/2 3167/3/2
f 3166/9/2 3157/9/2 3167/9/2
f 3167/3/2 3158/3/2 3168/3/2
f 3158/7/2 3159/7/2 3169/7/2
f 3168/3/2 3158/3/2 3169/3/2
f 3159/5/2 3160/5/2 3170/5/2
f 3169/7/2 3159/7/2 3170/7/2
f 3160/5/2 3161/5/2 3170/5/2
f 3170/5/2 3161/5/2 3171/5/2
f 3161/9/2 3162/9/2 3172/9/2
f 3171/5/2 3161/5/2 3172/5/2
f 3162/10/2 3163/10/2 3173/10/2
f 3172/9/2 3162/9/2 3173/9/2
f 3163/11/2 3164/11/2 3174/11/2
f 3173/10/2 3163/10/2 3174/10/2
f 3174/11/2 3164/11/2 3175/11/2
f 3165/13/2 3166/13/2 3176/13/2
f 3166/10/2 3167/10/2 3177/10/2
f 3176/13/2 3166/13/2 3177/13/2
f 3167/9/2 3168/9/2 3178/9/2
f 3177/10/2 3167/10/2 3178/10/2
f 3170/2/2 3171/2/2 3179/2/2
f 3178/9/2 3168/9/2 3179/9/2
f 3168/2/2 3169/2/2 3179/2/2
f 3169/2/2 3170/2/2 3179/2/2
f 3179/2/2 3171/2/2 3180/2/2
f 3180/2/2 3171/2/2 3181/2/2
f 3171/9/2 3172/9/2 3182/9/2
f 3181/2/2 3171/2/2 3182/2/2
f 3172/10/2 3173/10/2 3183/10/2
f 3182/9/2 3172/9/2 3183/9/2
f 3173/12/2 3174/12/2 3184/12/2
f 3183/10/2 3173/10/2 3184/10/2
f 3174/13/2 3175/13/2 3185/13/2
f 3184/12/2 3174/12/2 3185/12/2
f 3185/13/2 3175/13/2 3186/13/2
f 3176/14/2 3177/14/2 3187/14/2
f 3177/13/2 3178/13/2 3188/13/2
f 3187/14/2 3177/14/2 3188/14/2
f 3178/11/2 3179/11/2 3189/11/2
f 3188/13/2 3178/13/2 3189/13/2
f 3179/11/2 3180/11/2 3189/11/2
f 3180/8/2 3181/8/2 3190/8/2
f 3189/11/2 3180/11/2 3190/11/2
f 3181/11/2 3182/11/2 3191/11/2
f 3190/8/2 3181/8/2 3191/8/2
f 3182/12/2 3183/12/2 3192/12/2
f 3191/11/2 3182/11/2 3192/11/2
f 3183/13/2 3184/13/2 3193/13/2
f 3192/12/2 3183/12/2 3193/12/2
f 3185/14/2 3186/14/2 3194/14/2
f 3193/13/2 3184/13/2 3194/13/2
f 3184/14/2 3185/14/2 3194/14/2
f 3194/14/2 3186/14/2 3195/14/2
f 3196/6/2 3197/6/2 3200/6/2
f 3200/6/2 3197/6/2 3201/6/2
f 3198/5/2 3199/5/2 3202/5/2
f 3202/5/2 3199/5/2 3203/5/2
f 3204/2/2 3205/2/2 3206/2/2
f 3206/2/2 3205/2/2 3207/2/2
f 3208/9/2 3209/9/2 3215/9/2
f 3209/2/2 3210/2/2 3216/2/2
f 3215/9/2 3209/9/2 3216/9/2
f 3210/9/2 3211/9/2 3217/9/2
f 3216/2/2 3210/2/2 3217/2/2
f 3211/10/2 3212/10/2 3218/10/2
f 3217/9/2 3211/9/2 3218/9/2
f 3218/10/2 3212/10/2 3219/10/2
f 3213/13/2 3214/13/2 3220/13/2
f 3220/13/2 3214/13/2 3221/13/2
f 3222/9/2 3223/9/2 3228/9/2
f 3224/12/2 3225/12/2 3229/12/2
f 3223/10/2 3224/10/2 3229/10/2
f 3225/6/2 3226/6/2 3230/6/2
f 3229/12/2 3225/12/2 3230/12/2
f 3230/6/2 3226/6/2 3231/6/2
f 3227/3/2 3228/3/2 3238/3/2
f 3228/9/2 3223/9/2 3239/9/2
f 3238/3/2 3228/3/2 3239/3/2
f 3223/10/2 3229/10/2 3240/10/2
f 3239/9/2 3223/9/2 3240/9/2
f 3229/11/2 3230/11/2 3241/11/2
f 3240/10/2 3229/10/2 3241/10/2
f 3241/11/2 3230/11/2 3242/11/2
f 3232/5/2 3233/5/2 3243/5/2
f 3243/5/2 3233/5/2 3244/5/2
f 3235/9/2 3236/9/2 3245/9/2
f 3234/8/2 3235/8/2 3245/8/2
f 3245/9/2 3236/9/2 3246/9/2
f 3237/4/2 3238/4/2 3247/4/2
f 3245/2/2 3246/2/2 3248/2/2
f 3234/8/2 3245/8/2 3248/8/2
f 3248/2/2 3246/2/2 3249/2/2
f 3247/4/2 3238/4/2 3252/4/2
f 3238/3/2 3239/3/2 3253/3/2
f 3252/4/2 3238/4/2 3253/4/2
f 3234/8/2 3248/8/2 3254/8/2
f 3248/9/2 3249/9/2 3255/9/2
f 3254/8/2 3248/8/2 3255/8/2
f 3249/2/2 3250/2/2 3256/2/2
f 3255/9/2 3249/9/2 3256/9/2
f 3250/7/2 3251/7/2 3257/7/2
f 3256/2/2 3250/2/2 3257/2/2
f 3251/4/2 3252/4/2 3258/4/2
f 3257/7/2 3251/7/2 3258/7/2
f 3252/7/2 3253/7/2 3259/7/2
f 3258/4/2 3252/4/2 3259/4/2
f 3253/3/2 3239/3/2 3260/3/2
f 3259/7/2 3253/7/2 3260/7/2
f 3239/2/2 3240/2/2 3261/2/2
f 3260/3/2 3239/3/2 3261/3/2
f 3240/9/2 3241/9/2 3262/9/2
f 3261/2/2 3240/2/2 3262/2/2
f 3241/8/2 3242/8/2 3263/8/2
f 3262/9/2 3241/9/2 3263/9/2
f 3263/8/2 3242/8/2 3264/8/2
f 3254/11/2 3255/11/2 3265/11/2
f 3255/9/2 3256/9/2 3266/9/2
f 3265/11/2 3255/11/2 3266/11/2
f 3256/9/2 3257/9/2 3266/9/2
f 3266/9/2 3257/9/2 3267/9/2
f 3258/7/2 3259/7/2 3268/7/2
f 3257/3/2 3258/3/2 3268/3/2
f 3259/3/2 3260/3/2 3269/3/2
f 3268/7/2 3259/7/2 3269/7/2
f 3260/3/2 3261/3/2 3269/3/2
f 3269/3/2 3261/3/2 3270/3/2
f 3261/9/2 3262/9/2 3271/9/2
f 3270/3/2 3261/3/2 3271/3/2
f 3263/11/2 3264/11/2 3272/11/2
f 3262/10/2 3263/10/2 3272/10/2
f 3272/11/2 3264/11/2 3273/11/2
f 3265/12/2 3266/12/2 3274/12/2
f 3266/10/2 3267/10/2 3275/10/2
f 3274/12/2 3266/12/2 3275/12/2
f 3267/9/2 3257/9/2 3276/9/2
f 3275/10/2 3267/10/2 3276/10/2
f 3257/3/2 3268/3/2 3277/3/2
f 3276/9/2 3257/9/2 3277/9/2
f 3269/3/2 3270/3/2 3277/3/2
f 3268/3/2 3269/3/2 3277/3/2
f 3277/3/2 3270/3/2 3278/3/2
f 3270/2/2 3271/2/2 3279/2/2
f 3278/3/2 3270/3/2 3279/3/2
f 3271/9/2 3262/9/2 3280/9/2
f 3279/2/2 3271/2/2 3280/2/2
f 3262/10/2 3272/10/2 3281/10/2
f 3280/9/2 3262/9/2 3281/9/2
f 3272/12/2 3273/12/2 3282/12/2
f 3281/10/2 3272/10/2 3282/10/2
f 3282/12/2 3273/12/2 3283/12/2
f 3275/10/2 3276/10/2 3284/10/2
f 3274/13/2 3275/13/2 3284/13/2
f 3276/10/2 3277/10/2 3284/10/2
f 3284/10/2 3277/10/2 3285/10/2
f 3278/2/2 3279/2/2 3286/2/2
f 3277/9/2 3278/9/2 3286/9/2
f 3286/2/2 3279/2/2 3287/2/2
f 3287/2/2 3279/2/2 3288/2/2
f 3279/9/2 3280/9/2 3289/9/2
f 3288/2/2 3279/2/2 3289/2/2
f 3280/10/2 3281/10/2 3290/10/2
f 3289/9/2 3280/9/2 3290/9/2
f 3274/13/2 3284/13/2 3291/13/2
f 3284/12/2 3285/12/2 3292/12/2
f 3291/13/2 3284/13/2 3292/13/2
f 3285/10/2 3277/10/2 3293/10/2
f 3292/12/2 3285/12/2 3293/12/2
f 3277/9/2 3286/9/2 3294/9/2
f 3293/10/2 3277/10/2 3294/10/2
f 3286/9/2 3287/9/2 3294/9/2
f 3294/9/2 3287/9/2 3295/9/2
f 3287/2/2 3288/2/2 3296/2/2
f 3295/9/2 3287/9/2 3296/9/2
f 3288/9/2 3289/9/2 3297/9/2
f 3296/2/2 3288/2/2 3297/2/2
f 3297/9/2 3289/9/2 3298/9/2
f 3289/10/2 3290/10/2 3299/10/2
f 3298/9/2 3289/9/2 3299/9/2
f 3290/10/2 3281/10/2 3300/10/2
f 3299/10/2 3290/10/2 3300/10/2
f 3281/12/2 3282/12/2 3301/12/2
f 3300/10/2 3281/10/2 3301/10/2
f 3282/13/2 3283/13/2 3302/13/2
f 3301/12/2 3282/12/2 3302/12/2
f 3302/13/2 3283/13/2 3303/13/2
f 3291/14/2 3292/14/2 3304/14/2
f 3292/13/2 3293/13/2 3305/13/2
f 3304/14/2 3292/14/2 3305/14/2
f 3293/13/2 3294/13/2 3305/13/2
f 3294/11/2 3295/11/2 3306/11/2
f 3305/13/2 3294/13/2 3306/13/2
f 3295/8/2 3296/8/2 3307/8/2
f 3306/11/2 3295/11/2 3307/11/2
f 3297/8/2 3298/8/2 3307/8/2
f 3296/8/2 3297/8/2 3307/8/2
f 3298/11/2 3299/11/2 3308/11/2
f 3307/8/2 3298/8/2 3308/8/2
f 3299/12/2 3300/12/2 3309/12/2
f 3308/11/2 3299/11/2 3309/11/2
f 3300/13/2 3301/13/2 3310/13/2
f 3309/12/2 3300/12/2 3310/12/2
f 3301/14/2 3302/14/2 3311/14/2
f 3310/13/2 3301/13/2 3311/13/2
f 3302/14/2 3303/14/2 3311/14/2
f 3311/14/2 3303/14/2 3312/14/2
f 3313/15/2 3314/15/2 3315/15/2
f 3315/15/2 3314/15/2 3318/15/2
f 3318/15/2 3314/15/2 3319/15/2
f 3316/15/2 3317/15/2 3320/15/2
f 3319/15/2 3314/15/2 3325/15/2
f 3321/2/2 3322/2/2 3326/2/2
f 3326/2/2 3322/2/2 3327/2/2
f 3323/2/2 3324/2/2 3328/2/2
f 3328/2/2 3324/2/2 3329/2/2
f 3316/15/2 3320/15/2 3330/15/2
f 3330/15/2 3320/15/2 3331/15/2
f 3325/15/2 3314/15/2 3334/15/2
f 3334/15/2 3314/15/2 3335/15/2
f 3332/5/2 3333/5/2 3336/5/2
f 3336/5/2 3333/5/2 3337/5/2
f 3338/2/2 3339/2/2 3342/2/2
f 3342/2/2 3339/2/2 3343/2/2
f 3340/5/2 3341/5/2 3344/5/2
f 3344/5/2 3341/5/2 3345/5/2
f 3346/2/2 3347/2/2 3352/2/2
f 3352/2/2 3347/2/2 3353/2/2
f 3348/5/2 3349/5/2 3354/5/2
f 3354/5/2 3349/5/2 3355/5/2
f 3350/5/2 3351/5/2 3356/5/2
f 3356/5/2 3351/5/2 3357/5/2
f 3355/5/2 3356/5/2 3358/5/2
f 3358/5/2 3356/5/2 3359/5/2
f 3360/6/2 3361/6/2 3362/6/2
f 3362/6/2 3361/6/2 3363/6/2
f 3364/5/2 3365/5/2 3369/5/2
f 3369/5/2 3365/5/2 3370/5/2
f 3366/2/2 3367/2/2 3372/2/2
f 3367/5/2 3368/5/2 3373/5/2
f 3372/2/2 3367/2/2 3373/2/2
f 3373/5/2 3368/5/2 3374/5/2
f 3371/5/2 3372/5/2 3377/5/2
f 3372/5/2 3373/5/2 3377/5/2
f 3377/5/2 3373/5/2 3378/5/2
f 3375/2/2 3376/2/2 3380/2/2
f 3380/2/2 3376/2/2 3381/2/2
f 3379/5/2 3380/5/2 3382/5/2
f 3380/5/2 3381/5/2 3382/5/2
f 3382/5/2 3381/5/2 3383/5/2
f 3384/2/2 3385/2/2 3386/2/2
f 3386/2/2 3385/2/2 3387/2/2
f 3388/5/2 3389/5/2 3390/5/2
f 3390/5/2 3389/5/2 3391/5/2
f 3392/2/2 3393/2/2 3396/2/2
f 3396/2/2 3393/2/2 3397/2/2
f 3394/2/2 3395/2/2 3399/2/2
f 3399/2/2 3395/2/2 3400/2/2
f 3398/5/2 3399/5/2 3404/5/2
f 3404/5/2 3399/5/2 3405/5/2
f 3400/3/2 3401/3/2 3406/3/2
f 3406/3/2 3401/3/2 3407/3/2
f 3402/3/2 3403/3/2 3408/3/2
f 3408/3/2 3403/3/2 3409/3/2
f 3406/5/2 3407/5/2 3410/5/2
f 3410/5/2 3407/5/2 3411/5/2
f 3412/6/2 3413/6/2 3416/6/2
f 3416/6/2 3413/6/2 3417/6/2
f 3414/6/2 3415/6/2 3418/6/2
f 3418/6/2 3415/6/2 3419/6/2
f 3420/5/2 3421/5/2 3422/5/2
f 3422/5/2 3421/5/2 3423/5/2
f 3424/5/2 3425/5/2 3428/5/2
f 3428/5/2 3425/5/2 3429/5/2
f 3426/2/2 3427/2/2 3430/2/2
f 3430/2/2 3427/2/2 3431/2/2
f 3431/3/2 3432/3/2 3433/3/2
f 3433/3/2 3432/3/2 3434/3/2
f 3433/5/2 3434/5/2 3435/5/2
f 3435/5/2 3434/5/2 3436/5/2
f 3437/2/2 3438/2/2 3441/2/2
f 3441/2/2 3438/2/2 3442/2/2
f 3439/2/2 3440/2/2 3443/2/2
f 3443/2/2 3440/2/2 3444/2/2
f 3441/5/2 3442/5/2 3445/5/2
f 3445/5/2 3442/5/2 3446/5/2
f 3447/1/2 3448/1/2 3453/1/2
f 3453/1/2 3448/1/2 3454/1/2
f 3449/6/2 3450/6/2 3455/6/2
f 3455/6/2 3450/6/2 3456/6/2
f 3451/11/2 3452/11/2 3457/11/2
f 3452/8/2 3453/8/2 3458/8/2
f 3457/11/2 3452/11/2 3458/11/2
f 3458/8/2 3453/8/2 3459/8/2
f 3459/8/2 3453/8/2 3460/8/2
f 3457/8/2 3458/8/2 3465/8/2
f 3458/9/2 3459/9/2 3466/9/2
f 3465/8/2 3458/8/2 3466/8/2
f 3459/2/2 3460/2/2 3467/2/2
f 3466/9/2 3459/9/2 3467/9/2
f 3460/3/2 3461/3/2 3468/3/2
f 3467/2/2 3460/2/2 3468/2/2
f 3461/2/2 3462/2/2 3469/2/2
f 3468/3/2 3461/3/2 3469/3/2
f 3462/9/2 3463/9/2 3470/9/2
f 3469/2/2 3462/2/2 3470/2/2
f 3463/8/2 3464/8/2 3471/8/2
f 3470/9/2 3463/9/2 3471/9/2
f 3465/8/2 3466/8/2 3474/8/2
f 3466/2/2 3467/2/2 3475/2/2
f 3474/8/2 3466/8/2 3475/8/2
f 3467/3/2 3468/3/2 3476/3/2
f 3475/2/2 3467/2/2 3476/2/2
f 3468/7/2 3469/7/2 3477/7/2
f 3476/3/2 3468/3/2 3477/3/2
f 3469/3/2 3470/3/2 3478/3/2
f 3477/7/2 3469/7/2 3478/7/2
f 3470/2/2 3471/2/2 3479/2/2
f 3478/3/2 3470/3/2 3479/3/2
f 3471/8/2 3464/8/2 3480/8/2
f 3479/2/2 3471/2/2 3480/2/2
f 3480/8/2 3464/8/2 3481/8/2
f 3472/5/2 3473/5/2 3482/5/2
f 3482/5/2 3473/5/2 3483/5/2
f 3474/2/2 3475/2/2 3484/2/2
f 3475/3/2 3476/3/2 3485/3/2
f 3484/2/2 3475/2/2 3485/2/2
f 3476/7/2 3477/7/2 3486/7/2
f 3485/3/2 3476/3/2 3486/3/2
f 3477/4/2 3478/4/2 3487/4/2
f 3486/7/2 3477/7/2 3487/7/2
f 3478/7/2 3479/7/2 3488/7/2
f 3487/4/2 3478/4/2 3488/4/2
f 3479/3/2 3480/3/2 3489/3/2
f 3488/7/2 3479/7/2 3489/7/2
f 3480/2/2 3481/2/2 3490/2/2
f 3489/3/2 3480/3/2 3490/3/2
f 3490/2/2 3481/2/2 3491/2/2
f 3484/8/2 3485/8/2 3492/8/2
f 3485/2/2 3486/2/2 3492/2/2
f 3486/3/2 3487/3/2 3493/3/2
f 3492/2/2 3486/2/2 3493/2/2
f 3487/7/2 3488/7/2 3494/7/2
f 3493/3/2 3487/3/2 3494/3/2
f 3488/3/2 3489/3/2 3495/3/2
f 3494/7/2 3488/7/2 3495/7/2
f 3489/2/2 3490/2/2 3496/2/2
f 3495/3/2 3489/3/2 3496/3/2
f 3484/8/2 3492/8/2 3497/8/2
f 3492/9/2 3493/9/2 3498/9/2
f 3497/8/2 3492/8/2 3498/8/2
f 3493/2/2 3494/2/2 3499/2/2
f 3498/9/2 3493/9/2 3499/9/2
f 3494/3/2 3495/3/2 3500/3/2
f 3499/2/2 3494/2/2 3500/2/2
f 3495/2/2 3496/2/2 3501/2/2
f 3500/3/2 3495/3/2 3501/3/2
f 3496/2/2 3490/2/2 3502/2/2
f 3501/2/2 3496/2/2 3502/2/2
f 3490/8/2 3491/8/2 3503/8/2
f 3502/2/2 3490/2/2 3503/2/2
f 3503/8/2 3491/8/2 3504/8/2
f 3497/13/2 3498/13/2 3505/13/2
f 3498/11/2 3499/11/2 3506/11/2
f 3505/13/2 3498/13/2 3506/13/2
f 3499/8/2 3500/8/2 3507/8/2
f 3506/11/2 3499/11/2 3507/11/2
f 3500/2/2 3501/2/2 3508/2/2
f 3507/8/2 3500/8/2 3508/8/2
f 3501/8/2 3502/8/2 3509/8/2
f 3508/2/2 3501/2/2 3509/2/2
f 3502/11/2 3503/11/2 3510/11/2
f 3509/8/2 3502/8/2 3510/8/2
f 3503/13/2 3504/13/2 3511/13/2
f 3510/11/2 3503/11/2 3511/11/2
f 3511/13/2 3504/13/2 3512/13/2
f 3513/6/2 3514/6/2 3517/6/2
f 3517/6/2 3514/6/2 3518/6/2
f 3515/6/2 3516/6/2 3523/6/2
f 3523/6/2 3516/6/2 3524/6/2
f 3519/10/2 3520/10/2 3528/10/2
f 3520/9/2 3521/9/2 3529/9/2
f 3528/10/2 3520/10/2 3529/10/2
f 3521/3/2 3522/3/2 3530/3/2
f 3530/3/2 3522/3/2 3531/3/2
f 3525/5/2 3526/5/2 3534/5/2
f 3534/5/2 3526/5/2 3535/5/2
f 3527/11/2 3528/11/2 3536/11/2
f 3528/9/2 3529/9/2 3537/9/2
f 3536/11/2 3528/11/2 3537/11/2
f 3529/9/2 3521/9/2 3538/9/2
f 3537/9/2 3529/9/2 3538/9/2
f 3521/3/2 3530/3/2 3539/3/2
f 3538/9/2 3521/9/2 3539/9/2
f 3539/3/2 3530/3/2 3540/3/2
f 3532/5/2 3533/5/2 3546/5/2
f 3533/5/2 3534/5/2 3546/5/2
f 3546/5/2 3534/5/2 3547/5/2
f 3536/8/2 3537/8/2 3548/8/2
f 3537/9/2 3538/9/2 3548/9/2
f 3538/2/2 3539/2/2 3549/2/2
f 3548/9/2 3538/9/2 3549/9/2
f 3539/7/2 3540/7/2 3550/7/2
f 3540/4/2 3541/4/2 3551/4/2
f 3550/7/2 3540/7/2 3551/7/2
f 3541/7/2 3542/7/2 3552/7/2
f 3551/4/2 3541/4/2 3552/4/2
f 3542/4/2 3543/4/2 3553/4/2
f 3552/7/2 3542/7/2 3553/7/2
f 3553/4/2 3543/4/2 3554/4/2
f 3544/2/2 3545/2/2 3555/2/2
f 3536/8/2 3548/8/2 3558/8/2
f 3548/2/2 3549/2/2 3558/2/2
f 3549/2/2 3539/2/2 3559/2/2
f 3558/2/2 3549/2/2 3559/2/2
f 3539/7/2 3550/7/2 3560/7/2
f 3550/4/2 3551/4/2 3560/4/2
f 3551/7/2 3552/7/2 3561/7/2
f 3560/4/2 3551/4/2 3561/4/2
f 3552/4/2 3553/4/2 3562/4/2
f 3561/7/2 3552/7/2 3562/7/2
f 3553/7/2 3554/7/2 3563/7/2
f 3562/4/2 3553/4/2 3563/4/2
f 3554/4/2 3543/4/2 3564/4/2
f 3563/7/2 3554/7/2 3564/7/2
f 3543/3/2 3544/3/2 3565/3/2
f 3564/4/2 3543/4/2 3565/4/2
f 3536/8/2 3558/8/2 3566/8/2
f 3558/9/2 3559/9/2 3567/9/2
f 3566/8/2 3558/8/2 3567/8/2
f 3559/2/2 3539/2/2 3568/2/2
f 3567/9/2 3559/9/2 3568/9/2
f 3539/7/2 3560/7/2 3569/7/2
f 3568/2/2 3539/2/2 3569/2/2
f 3560/7/2 3561/7/2 3569/7/2
f 3562/4/2 3563/4/2 3570/4/2
f 3569/7/2 3561/7/2 3570/7/2
f 3563/4/2 3564/4/2 3570/4/2
f 3561/4/2 3562/4/2 3570/4/2
f 3564/7/2 3565/7/2 3571/7/2
f 3570/4/2 3564/4/2 3571/4/2
f 3565/3/2 3544/3/2 3572/3/2
f 3571/7/2 3565/7/2 3572/7/2
f 3544/2/2 3555/2/2 3573/2/2
f 3572/3/2 3544/3/2 3573/3/2
f 3555/9/2 3556/9/2 3574/9/2
f 3573/2/2 3555/2/2 3574/2/2
f 3556/8/2 3557/8/2 3575/8/2
f 3574/9/2 3556/9/2 3575/9/2
f 3575/8/2 3557/8/2 3576/8/2
f 3566/11/2 3567/11/2 3577/11/2
f 3568/9/2 3569/9/2 3578/9/2
f 3577/11/2 3567/11/2 3578/11/2
f 3567/9/2 3568/9/2 3578/9/2
f 3578/9/2 3569/9/2 3579/9/2
f 3570/7/2 3571/7/2 3580/7/2
f 3569/3/2 3570/3/2 3580/3/2
f 3571/3/2 3572/3/2 3581/3/2
f 3580/7/2 3571/7/2 3581/7/2
f 3572/3/2 3573/3/2 3581/3/2
f 3581/3/2 3573/3/2 3582/3/2
f 3573/9/2 3574/9/2 3583/9/2
f 3582/3/2 3573/3/2 3583/3/2
f 3575/11/2 3576/11/2 3584/11/2
f 3574/10/2 3575/10/2 3584/10/2
f 3584/11/2 3576/11/2 3585/11/2
f 3577/12/2 3578/12/2 3586/12/2
f 3578/10/2 3579/10/2 3587/10/2
f 3586/12/2 3578/12/2 3587/12/2
f 3579/9/2 3569/9/2 3588/9/2
f 3587/10/2 3579/10/2 3588/10/2
f 3569/3/2 3580/3/2 3589/3/2
f 3588/9/2 3569/9/2 3589/9/2
f 3581/3/2 3582/3/2 3589/3/2
f 3580/3/2 3581/3/2 3589/3/2
f 3589/3/2 3582/3/2 3590/3/2
f 3582/2/2 3583/2/2 3591/2/2
f 3590/3/2 3582/3/2 3591/3/2
f 3583/9/2 3574/9/2 3592/9/2
f 3591/2/2 3583/2/2 3592/2/2
f 3574/10/2 3584/10/2 3593/10/2
f 3592/9/2 3574/9/2 3593/9/2
f 3584/12/2 3585/12/2 3594/12/2
f 3593/10/2 3584/10/2 3594/10/2
f 3594/12/2 3585/12/2 3595/12/2
f 3587/10/2 3588/10/2 3596/10/2
f 3586/13/2 3587/13/2 3596/13/2
f 3588/10/2 3589/10/2 3596/10/2
f 3596/10/2 3589/10/2 3597/10/2
f 3590/2/2 3591/2/2 3598/2/2
f 3589/9/2 3590/9/2 3598/9/2
f 3598/2/2 3591/2/2 3599/2/2
f 3599/2/2 3591/2/2 3600/2/2
f 3591/9/2 3592/9/2 3601/9/2
f 3600/2/2 3591/2/2 3601/2/2
f 3592/10/2 3593/10/2 3602/10/2
f 3601/9/2 3592/9/2 3602/9/2
f 3586/13/2 3596/13/2 3603/13/2
f 3596/12/2 3597/12/2 3604/12/2
f 3603/13/2 3596/13/2 3604/13/2
f 3597/10/2 3589/10/2 3605/10/2
f 3604/12/2 3597/12/2 3605/12/2
f 3589/9/2 3598/9/2 3606/9/2
f 3605/10/2 3589/10/2 3606/10/2
f 3598/9/2 3599/9/2 3606/9/2
f 3606/9/2 3599/9/2 3607/9/2
f 3599/2/2 3600/2/2 3608/2/2
f 3607/9/2 3599/9/2 3608/9/2
f 3600/9/2 3601/9/2 3609/9/2
f 3608/2/2 3600/2/2 3609/2/2
f 3609/9/2 3601/9/2 3610/9/2
f 3601/10/2 3602/10/2 3611/10/2
f 3610/9/2 3601/9/2 3611/9/2
f 3602/10/2 3593/10/2 3612/10/2
f 3611/10/2 3602/10/2 3612/10/2
f 3593/12/2 3594/12/2 3613/12/2
f 3612/10/2 3593/10/2 3613/10/2
f 3594/13/2 3595/13/2 3614/13/2
f 3613/12/2 3594/12/2 3614/12/2
f 3614/13/2 3595/13/2 3615/13/2
f 3603/14/2 3604/14/2 3616/14/2
f 3604/13/2 3605/13/2 3617/13/2
f 3616/14/2 3604/14/2 3617/14/2
f 3605/13/2 3606/13/2 3617/13/2
f 3606/11/2 3607/11/2 3618/11/2
f 3617/13/2 3606/13/2 3618/13/2
f 3607/8/2 3608/8/2 3619/8/2
f 3618/11/2 3607/11/2 3619/11/2
f 3609/8/2 3610/8/2 3619/8/2
f 3608/8/2 3609/8/2 3619/8/2
f 3610/11/2 3611/11/2 3620/11/2
f 3619/8/2 3610/8/2 3620/8/2
f 3611/12/2 3612/12/2 3621/12/2
f 3620/11/2 3611/11/2 3621/11/2
f 3612/13/2 3613/13/2 3622/13/2
f 3621/12/2 3612/12/2 3622/12/2
f 3613/14/2 3614/14/2 3623/14/2
f 3622/13/2 3613/13/2 3623/13/2
f 3614/14/2 3615/14/2 3623/14/2
f 3623/14/2 3615/14/2 3624/14/2
f 3625/5/2 3626/5/2 3631/5/2
f 3631/5/2 3626/5/2 3632/5/2
f 3627/6/2 3628/6/2 3635/6/2
f 3635/6/2 3628/6/2 3636/6/2
f 3629/5/2 3630/5/2 3638/5/2
f 3638/5/2 3630/5/2 3639/5/2
f 3633/2/2 3634/2/2 3642/2/2
f 3642/2/2 3634/2/2 3643/2/2
f 3637/5/2 3638/5/2 3646/5/2
f 3646/5/2 3638/5/2 3647/5/2
f 3640/6/2 3641/6/2 3648/6/2
f 3648/6/2 3641/6/2 3649/6/2
f 3642/3/2 3643/3/2 3650/3/2
f 3650/3/2 3643/3/2 3651/3/2
f 3644/5/2 3645/5/2 3652/5/2
f 3652/5/2 3645/5/2 3653/5/2
f 3649/6/2 3650/6/2 3654/6/2
f 3654/6/2 3650/6/2 3655/6/2
f 3656/5/2 3657/5/2 3663/5/2
f 3657/3/2 3658/3/2 3664/3/2
f 3663/5/2 3657/5/2 3664/5/2
f 3664/3/2 3658/3/2 3665/3/2
f 3659/6/2 3660/6/2 3666/6/2
f 3666/6/2 3660/6/2 3667/6/2
f 3661/5/2 3662/5/2 3670/5/2
f 3670/5/2 3662/5/2 3671/5/2
f 3668/6/2 3669/6/2 3676/6/2
f 3669/5/2 3670/5/2 3677/5/2
f 3676/6/2 3669/6/2 3677/6/2
f 3677/5/2 3670/5/2 3678/5/2
f 3672/6/2 3673/6/2 3679/6/2
f 3679/6/2 3673/6/2 3680/6/2
f 3674/5/2 3675/5/2 3681/5/2
f 3681/5/2 3675/5/2 3682/5/2
f 3683/6/2 3684/6/2 3692/6/2
f 3692/6/2 3684/6/2 3693/6/2
f 3685/5/2 3686/5/2 3694/5/2
f 3694/5/2 3686/5/2 3695/5/2
f 3687/12/2 3688/12/2 3702/12/2
f 3702/12/2 3688/12/2 3703/12/2
f 3690/3/2 3691/3/2 3704/3/2
f 3689/3/2 3690/3/2 3704/3/2
f 3704/3/2 3691/3/2 3705/3/2
f 3705/3/2 3691/3/2 3706/3/2
f 3696/11/2 3697/11/2 3707/11/2
f 3697/9/2 3698/9/2 3708/9/2
f 3707/11/2 3697/11/2 3708/11/2
f 3698/3/2 3699/3/2 3709/3/2
f 3708/9/2 3698/9/2 3709/9/2
f 3709/3/2 3699/3/2 3710/3/2
f 3700/2/2 3701/2/2 3712/2/2
f 3701/10/2 3702/10/2 3713/10/2
f 3712/2/2 3701/2/2 3713/2/2
f 3702/11/2 3703/11/2 3714/11/2
f 3713/10/2 3702/10/2 3714/10/2
f 3714/11/2 3703/11/2 3715/11/2
f 3711/4/2 3712/4/2 3718/4/2
f 3712/2/2 3713/2/2 3719/2/2
f 3718/4/2 3712/4/2 3719/4/2
f 3713/9/2 3714/9/2 3720/9/2
f 3719/2/2 3713/2/2 3720/2/2
f 3716/5/2 3717/5/2 3721/5/2
f 3721/5/2 3717/5/2 3722/5/2
f 3707/8/2 3708/8/2 3723/8/2
f 3708/9/2 3709/9/2 3724/9/2
f 3723/8/2 3708/8/2 3724/8/2
f 3710/7/2 3711/7/2 3725/7/2
f 3724/9/2 3709/9/2 3725/9/2
f 3709/7/2 3710/7/2 3725/7/2
f 3711/4/2 3718/4/2 3726/4/2
f 3725/7/2 3711/7/2 3726/7/2
f 3718/7/2 3719/7/2 3727/7/2
f 3726/4/2 3718/4/2 3727/4/2
f 3719/3/2 3720/3/2 3728/3/2
f 3727/7/2 3719/7/2 3728/7/2
f 3720/9/2 3714/9/2 3729/9/2
f 3728/3/2 3720/3/2 3729/3/2
f 3714/8/2 3715/8/2 3730/8/2
f 3729/9/2 3714/9/2 3730/9/2
f 3730/8/2 3715/8/2 3731/8/2
f 3723/11/2 3724/11/2 3732/11/2
f 3724/9/2 3725/9/2 3733/9/2
f 3732/11/2 3724/11/2 3733/11/2
f 3725/3/2 3726/3/2 3734/3/2
f 3733/9/2 3725/9/2 3734/9/2
f 3726/7/2 3727/7/2 3735/7/2
f 3734/3/2 3726/3/2 3735/3/2
f 3727/3/2 3728/3/2 3736/3/2
f 3735/7/2 3727/7/2 3736/7/2
f 3728/2/2 3729/2/2 3737/2/2
f 3736/3/2 3728/3/2 3737/3/2
f 3730/11/2 3731/11/2 3738/11/2
f 3729/10/2 3730/10/2 3738/10/2
f 3738/11/2 3731/11/2 3739/11/2
f 3732/12/2 3733/12/2 3740/12/2
f 3733/10/2 3734/10/2 3741/10/2
f 3740/12/2 3733/12/2 3741/12/2
f 3734/3/2 3735/3/2 3742/3/2
f 3741/10/2 3734/10/2 3742/10/2
f 3735/3/2 3736/3/2 3742/3/2
f 3742/3/2 3736/3/2 3743/3/2
f 3736/2/2 3737/2/2 3744/2/2
f 3743/3/2 3736/3/2 3744/3/2
f 3737/2/2 3729/2/2 3745/2/2
f 3744/2/2 3737/2/2 3745/2/2
f 3729/10/2 3738/10/2 3746/10/2
f 3745/2/2 3729/2/2 3746/2/2
f 3738/12/2 3739/12/2 3747/12/2
f 3746/10/2 3738/10/2 3747/10/2
f 3747/12/2 3739/12/2 3748/12/2
f 3740/13/2 3741/13/2 3749/13/2
f 3741/12/2 3742/12/2 3750/12/2
f 3749/13/2 3741/13/2 3750/13/2
f 3742/9/2 3743/9/2 3751/9/2
f 3750/12/2 3742/12/2 3751/12/2
f 3743/2/2 3744/2/2 3752/2/2
f 3751/9/2 3743/9/2 3752/9/2
f 3744/9/2 3745/9/2 3753/9/2
f 3752/2/2 3744/2/2 3753/2/2
f 3745/10/2 3746/10/2 3754/10/2
f 3753/9/2 3745/9/2 3754/9/2
f 3746/12/2 3747/12/2 3755/12/2
f 3754/10/2 3746/10/2 3755/10/2
f 3747/13/2 3748/13/2 3756/13/2
f 3755/12/2 3747/12/2 3756/12/2
f 3756/13/2 3748/13/2 3757/13/2
f 3749/14/2 3750/14/2 3758/14/2
f 3750/13/2 3751/13/2 3759/13/2
f 3758/14/2 3750/14/2 3759/14/2
f 3751/11/2 3752/11/2 3760/11/2
f 3759/13/2 3751/13/2 3760/13/2
f 3752/8/2 3753/8/2 3761/8/2
f 3760/11/2 3752/11/2 3761/11/2
f 3753/11/2 3754/11/2 3762/11/2
f 3761/8/2 3753/8/2 3762/8/2
f 3754/12/2 3755/12/2 3763/12/2
f 3762/11/2 3754/11/2 3763/11/2
f 3755/14/2 3756/14/2 3764/14/2
f 3763/12/2 3755/12/2 3764/12/2
f 3756/14/2 3757/14/2 3764/14/2
f 3764/14/2 3757/14/2 3765/14/2
f 3770/6/2 3771/6/2 3774/6/2
f 3774/6/2 3771/6/2 3775/6/2
f 3772/6/2 3773/6/2 3776/6/2
f 3776/6/2 3773/6/2 3777/6/2
f 3777/6/2 3773/6/2 3778/6/2
f 3779/5/2 3780/5/2 3784/5/2
f 3784/5/2 3780/5/2 3785/5/2
f 3782/5/2 3783/5/2 3786/5/2
f 3781/5/2 3782/5/2 3786/5/2
f 3786/5/2 3783/5/2 3787/5/2
f 3766/15/2 3767/15/2 3788/15/2
f 3788/15/2 3767/15/2 3789/15/2
f 3768/15/2 3769/15/2 3790/15/2
f 3790/15/2 3769/15/2 3791/15/2
f 3792/6/2 3793/6/2 3794/6/2
f 3794/6/2 3793/6/2 3795/6/2
f 3796/6/2 3797/6/2 3800/6/2
f 3800/6/2 3797/6/2 3801/6/2
f 3798/2/2 3799/2/2 3802/2/2
f 3802/2/2 3799/2/2 3803/2/2
f 3804/3/2 3805/3/2 3806/3/2
f 3806/3/2 3805/3/2 3807/3/2
f 3808/6/2 3809/6/2 3812/6/2
f 3812/6/2 3809/6/2 3813/6/2
f 3810/6/2 3811/6/2 3814/6/2
f 3814/6/2 3811/6/2 3815/6/2
f 3816/5/2 3817/5/2 3818/5/2
f 3818/5/2 3817/5/2 3819/5/2
f 3820/6/2 3821/6/2 3826/6/2
f 3826/6/2 3821/6/2 3827/6/2
f 3822/5/2 3823/5/2 3830/5/2
f 3830/5/2 3823/5/2 3831/5/2
f 3824/6/2 3825/6/2 3832/6/2
f 3832/6/2 3825/6/2 3833/6/2
f 3828/6/2 3829/6/2 3834/6/2
f 3834/6/2 3829/6/2 3835/6/2
f 3836/5/2 3837/5/2 3838/5/2
f 3838/5/2 3837/5/2 3839/5/2
f 3844/6/2 3845/6/2 3848/6/2
f 3848/6/2 3845/6/2 3849/6/2
f 3846/6/2 3847/6/2 3854/6/2
f 3854/6/2 3847/6/2 3855/6/2
f 3850/6/2 3851/6/2 3856/6/2
f 3856/6/2 3851/6/2 3857/6/2
f 3852/5/2 3853/5/2 3858/5/2
f 3858/5/2 3853/5/2 3859/5/2
f 3840/15/2 3841/15/2 3867/15/2
f 3867/15/2 3841/15/2 3868/15/2
f 3860/14/2 3861/14/2 3869/14/2
f 3861/11/2 3862/11/2 3870/11/2
f 3869/14/2 3861/14/2 3870/14/2
f 3870/11/2 3862/11/2 3871/11/2
f 3862/8/2 3863/8/2 3872/8/2
f 3871/11/2 3862/11/2 3872/11/2
f 3863/11/2 3864/11/2 3873/11/2
f 3872/8/2 3863/8/2 3873/8/2
f 3864/12/2 3865/12/2 3874/12/2
f 3873/11/2 3864/11/2 3874/11/2
f 3865/14/2 3866/14/2 3875/14/2
f 3874/12/2 3865/12/2 3875/12/2
f 3875/14/2 3866/14/2 3876/14/2
f 3842/15/2 3843/15/2 3877/15/2
f 3877/15/2 3843/15/2 3878/15/2
f 3869/12/2 3870/12/2 3879/12/2
f 3870/9/2 3871/9/2 3880/9/2
f 3879/12/2 3870/12/2 3880/12/2
f 3871/2/2 3872/2/2 3881/2/2
f 3880/9/2 3871/9/2 3881/9/2
f 3872/3/2 3873/3/2 3882/3/2
f 3881/2/2 3872/2/2 3882/2/2
f 3873/9/2 3874/9/2 3883/9/2
f 3882/3/2 3873/3/2 3883/3/2
f 3874/2/2 3875/2/2 3884/2/2
f 3883/9/2 3874/9/2 3884/9/2
f 3875/12/2 3876/12/2 3885/12/2
f 3884/2/2 3875/2/2 3885/2/2
f 3885/12/2 3876/12/2 3886/12/2
f 3879/11/2 3880/11/2 3887/11/2
f 3881/3/2 3882/3/2 3888/3/2
f 3887/11/2 3880/11/2 3888/11/2
f 3880/3/2 3881/3/2 3888/3/2
f 3882/7/2 3883/7/2 3889/7/2
f 3888/3/2 3882/3/2 3889/3/2
f 3883/3/2 3884/3/2 3890/3/2
f 3889/7/2 3883/7/2 3890/7/2
f 3884/9/2 3885/9/2 3891/9/2
f 3890/3/2 3884/3/2 3891/3/2
f 3885/11/2 3886/11/2 3892/11/2
f 3891/9/2 3885/9/2 3892/9/2
f 3892/11/2 3886/11/2 3893/11/2
f 3887/8/2 3888/8/2 3894/8/2
f 3888/7/2 3889/7/2 3895/7/2
f 3894/8/2 3888/8/2 3895/8/2
f 3895/7/2 3889/7/2 3896/7/2
f 3889/4/2 3890/4/2 3897/4/2
f 3896/7/2 3889/7/2 3897/7/2
f 3890/7/2 3891/7/2 3898/7/2
f 3897/4/2 3890/4/2 3898/4/2
f 3891/3/2 3892/3/2 3899/3/2
f 3898/7/2 3891/7/2 3899/7/2
f 3892/8/2 3893/8/2 3900/8/2
f 3899/3/2 3892/3/2 3900/3/2
f 3900/8/2 3893/8/2 3901/8/2
f 3894/11/2 3895/11/2 3902/11/2
f 3895/2/2 3896/2/2 3903/2/2
f 3902/11/2 3895/11/2 3903/11/2
f 3896/3/2 3897/3/2 3904/3/2
f 3903/2/2 3896/2/2 3904/2/2
f 3897/7/2 3898/7/2 3905/7/2
f 3904/3/2 3897/3/2 3905/3/2
f 3898/3/2 3899/3/2 3906/3/2
f 3905/7/2 3898/7/2 3906/7/2
f 3899/2/2 3900/2/2 3907/2/2
f 3906/3/2 3899/3/2 3907/3/2
f 3900/11/2 3901/11/2 3908/11/2
f 3907/2/2 3900/2/2 3908/2/2
f 3908/11/2 3901/11/2 3909/11/2
f 3902/12/2 3903/12/2 3910/12/2
f 3903/9/2 3904/9/2 3911/9/2
f 3910/12/2 3903/12/2 3911/12/2
f 3904/2/2 3905/2/2 3912/2/2
f 3911/9/2 3904/9/2 3912/9/2
f 3905/3/2 3906/3/2 3913/3/2
f 3912/2/2 3905/2/2 3913/2/2
f 3906/3/2 3907/3/2 3913/3/2
f 3913/3/2 3907/3/2 3914/3/2
f 3907/9/2 3908/9/2 3915/9/2
f 3914/3/2 3907/3/2 3915/3/2
f 3908/12/2 3909/12/2 3916/12/2
f 3915/9/2 3908/9/2 3916/9/2
f 3916/12/2 3909/12/2 3917/12/2
f 3910/14/2 3911/14/2 3918/14/2
f 3911/11/2 3912/11/2 3919/11/2
f 3918/14/2 3911/14/2 3919/14/2
f 3912/11/2 3913/11/2 3919/11/2
f 3913/8/2 3914/8/2 3920/8/2
f 3919/11/2 3913/11/2 3920/11/2
f 3914/11/2 3915/11/2 3921/11/2
f 3920/8/2 3914/8/2 3921/8/2
f 3915/12/2 3916/12/2 3922/12/2
f 3921/11/2 3915/11/2 3922/11/2
f 3916/14/2 3917/14/2 3923/14/2
f 3922/12/2 3916/12/2 3923/12/2
f 3923/14/2 3917/14/2 3924/14/2
f 3925/14/2 3926/14/2 3935/14/2
f 3926/13/2 3927/13/2 3936/13/2
f 3935/14/2 3926/14/2 3936/14/2
f 3927/12/2 3928/12/2 3937/12/2
f 3936/13/2 3927/13/2 3937/13/2
f 3937/12/2 3928/12/2 3938/12/2
f 3928/11/2 3929/11/2 3939/11/2
f 3938/12/2 3928/12/2 3939/12/2
f 3939/11/2 3929/11/2 3940/11/2
f 3929/8/2 3930/8/2 3941/8/2
f 3940/11/2 3929/11/2 3941/11/2
f 3930/11/2 3931/11/2 3942/11/2
f 3941/8/2 3930/8/2 3942/8/2
f 3942/11/2 3931/11/2 3943/11/2
f 3931/12/2 3932/12/2 3944/12/2
f 3943/11/2 3931/11/2 3944/11/2
f 3944/12/2 3932/12/2 3945/12/2
f 3932/13/2 3933/13/2 3946/13/2
f 3945/12/2 3932/12/2 3946/12/2
f 3933/14/2 3934/14/2 3947/14/2
f 3946/13/2 3933/13/2 3947/13/2
f 3947/14/2 3934/14/2 3948/14/2
f 3925/14/2 3935/14/2 3949/14/2
f 3935/13/2 3936/13/2 3950/13/2
f 3949/14/2 3935/14/2 3950/14/2
f 3937/12/2 3938/12/2 3951/12/2
f 3950/13/2 3936/13/2 3951/13/2
f 3936/12/2 3937/12/2 3951/12/2
f 3951/12/2 3938/12/2 3952/12/2
f 3939/10/2 3940/10/2 3953/10/2
f 3952/12/2 3938/12/2 3953/12/2
f 3938/10/2 3939/10/2 3953/10/2
f 3953/10/2 3940/10/2 3954/10/2
f 3940/9/2 3941/9/2 3955/9/2
f 3954/10/2 3940/10/2 3955/10/2
f 3942/9/2 3943/9/2 3955/9/2
f 3941/9/2 3942/9/2 3955/9/2
f 3955/9/2 3943/9/2 3956/9/2
f 3956/9/2 3943/9/2 3957/9/2
f 3944/10/2 3945/10/2 3958/10/2
f 3957/9/2 3943/9/2 3958/9/2
f 3943/10/2 3944/10/2 3958/10/2
f 3958/10/2 3945/10/2 3959/10/2
f 3945/12/2 3946/12/2 3960/12/2
f 3959/10/2 3945/10/2 3960/10/2
f 3946/12/2 3947/12/2 3960/12/2
f 3960/12/2 3947/12/2 3961/12/2
f 3947/13/2 3948/13/2 3962/13/2
f 3961/12/2 3947/12/2 3962/12/2
f 3948/14/2 3934/14/2 3963/14/2
f 3962/13/2 3948/13/2 3963/13/2
f 3963/14/2 3934/14/2 3964/14/2
f 3951/12/2 3952/12/2 3965/12/2
f 3950/12/2 3951/12/2 3965/12/2
f 3953/10/2 3954/10/2 3966/10/2
f 3965/12/2 3952/12/2 3966/12/2
f 3952/10/2 3953/10/2 3966/10/2
f 3966/10/2 3954/10/2 3967/10/2
f 3955/9/2 3956/9/2 3968/9/2
f 3967/10/2 3954/10/2 3968/10/2
f 3954/9/2 3955/9/2 3968/9/2
f 3968/9/2 3956/9/2 3969/9/2
f 3956/2/2 3957/2/2 3970/2/2
f 3969/9/2 3956/9/2 3970/9/2
f 3958/9/2 3959/9/2 3971/9/2
f 3970/2/2 3957/2/2 3971/2/2
f 3957/9/2 3958/9/2 3971/9/2
f 3971/9/2 3959/9/2 3972/9/2
f 3960/10/2 3961/10/2 3973/10/2
f 3972/9/2 3959/9/2 3973/9/2
f 3959/10/2 3960/10/2 3973/10/2
f 3973/10/2 3961/10/2 3974/10/2
f 3961/12/2 3962/12/2 3975/12/2
f 3974/10/2 3961/10/2 3975/10/2
f 3962/12/2 3963/12/2 3975/12/2
f 3975/12/2 3963/12/2 3976/12/2
f 3949/13/2 3950/13/2 3977/13/2
f 3950/12/2 3965/12/2 3978/12/2
f 3977/13/2 3950/13/2 3978/13/2
f 3966/10/2 3967/10/2 3979/10/2
f 3965/10/2 3966/10/2 3979/10/2
f 3968/9/2 3969/9/2 3980/9/2
f 3979/10/2 3967/10/2 3980/10/2
f 3967/9/2 3968/9/2 3980/9/2
f 3980/9/2 3969/9/2 3981/9/2
f 3969/2/2 3970/2/2 3982/2/2
f 3981/9/2 3969/9/2 3982/9/2
f 3971/2/2 3972/2/2 3982/2/2
f 3970/2/2 3971/2/2 3982/2/2
f 3982/2/2 3972/2/2 3983/2/2
f 3983/2/2 3972/2/2 3984/2/2
f 3973/9/2 3974/9/2 3985/9/2
f 3984/2/2 3972/2/2 3985/2/2
f 3972/9/2 3973/9/2 3985/9/2
f 3985/9/2 3974/9/2 3986/9/2
f 3975/10/2 3976/10/2 3987/10/2
f 3986/9/2 3974/9/2 3987/9/2
f 3974/10/2 3975/10/2 3987/10/2
f 3987/10/2 3976/10/2 3988/10/2
f 3976/12/2 3963/12/2 3989/12/2
f 3963/13/2 3964/13/2 3989/13/2
f 3989/13/2 3964/13/2 3990/13/2
f 3978/12/2 3965/12/2 3991/12/2
f 3977/12/2 3978/12/2 3991/12/2
f 3965/10/2 3979/10/2 3992/10/2
f 3991/12/2 3965/12/2 3992/12/2
f 3980/9/2 3981/9/2 3993/9/2
f 3979/9/2 3980/9/2 3993/9/2
f 3982/2/2 3983/2/2 3994/2/2
f 3993/9/2 3981/9/2 3994/9/2
f 3981/2/2 3982/2/2 3994/2/2
f 3994/2/2 3983/2/2 3995/2/2
f 3983/3/2 3984/3/2 3996/3/2
f 3995/2/2 3983/2/2 3996/2/2
f 3985/2/2 3986/2/2 3997/2/2
f 3996/3/2 3984/3/2 3997/3/2
f 3984/2/2 3985/2/2 3997/2/2
f 3997/2/2 3986/2/2 3998/2/2
f 3987/9/2 3988/9/2 3999/9/2
f 3998/2/2 3986/2/2 3999/2/2
f 3986/9/2 3987/9/2 3999/9/2
f 3999/9/2 3988/9/2 4000/9/2
f 3988/10/2 3976/10/2 4001/10/2
f 3989/12/2 3990/12/2 4001/12/2
f 3976/12/2 3989/12/2 4001/12/2
f 4001/12/2 3990/12/2 4002/12/2
f 3977/12/2 3991/12/2 4003/12/2
f 3991/10/2 3992/10/2 4004/10/2
f 4003/12/2 3991/12/2 4004/12/2
f 3992/10/2 3979/10/2 4005/10/2
f 4004/10/2 3992/10/2 4005/10/2
f 3979/9/2 3993/9/2 4006/9/2
f 4005/10/2 3979/10/2 4006/10/2
f 3994/2/2 3995/2/2 4007/2/2
f 3993/2/2 3994/2/2 4007/2/2
f 3997/3/2 3998/3/2 4008/3/2
f 4007/2/2 3995/2/2 4008/2/2
f 3995/3/2 3996/3/2 4008/3/2
f 3996/3/2 3997/3/2 4008/3/2
f 4008/3/2 3998/3/2 4009/3/2
f 4009/3/2 3998/3/2 4010/3/2
f 4010/3/2 3998/3/2 4011/3/2
f 4011/3/2 3998/3/2 4012/3/2
f 3999/2/2 4000/2/2 4013/2/2
f 4012/3/2 3998/3/2 4013/3/2
f 3998/2/2 3999/2/2 4013/2/2
f 4013/2/2 4000/2/2 4014/2/2
f 4000/9/2 3988/9/2 4015/9/2
f 4001/10/2 4002/10/2 4015/10/2
f 3988/10/2 4001/10/2 4015/10/2
f 4015/10/2 4002/10/2 4016/10/2
f 4002/12/2 3990/12/2 4017/12/2
f 4016/10/2 4002/10/2 4017/10/2
f 4017/12/2 3990/12/2 4018/12/2
f 4003/11/2 4004/11/2 4019/11/2
f 4004/10/2 4005/10/2 4019/10/2
f 4005/9/2 4006/9/2 4020/9/2
f 4019/10/2 4005/10/2 4020/10/2
f 4006/9/2 3993/9/2 4021/9/2
f 4020/9/2 4006/9/2 4021/9/2
f 3993/2/2 4007/2/2 4022/2/2
f 4021/9/2 3993/9/2 4022/9/2
f 4007/3/2 4008/3/2 4023/3/2
f 4008/3/2 4009/3/2 4023/3/2
f 4009/7/2 4010/7/2 4024/7/2
f 4023/3/2 4009/3/2 4024/3/2
f 4011/7/2 4012/7/2 4025/7/2
f 4010/4/2 4011/4/2 4025/4/2
f 4025/7/2 4012/7/2 4026/7/2
f 4013/3/2 4014/3/2 4027/3/2
f 4026/7/2 4012/7/2 4027/7/2
f 4012/3/2 4013/3/2 4027/3/2
f 4027/3/2 4014/3/2 4028/3/2
f 4014/2/2 4000/2/2 4029/2/2
f 4015/9/2 4016/9/2 4029/9/2
f 4000/9/2 4015/9/2 4029/9/2
f 4029/9/2 4016/9/2 4030/9/2
f 4016/10/2 4017/10/2 4031/10/2
f 4030/9/2 4016/9/2 4031/9/2
f 4017/11/2 4018/11/2 4032/11/2
f 4031/10/2 4017/10/2 4032/10/2
f 4003/11/2 4019/11/2 4033/11/2
f 4019/9/2 4020/9/2 4034/9/2
f 4033/11/2 4019/11/2 4034/11/2
f 4020/9/2 4021/9/2 4034/9/2
f 4022/2/2 4007/2/2 4035/2/2
f 4021/2/2 4022/2/2 4035/2/2
f 4007/3/2 4023/3/2 4036/3/2
f 4035/2/2 4007/2/2 4036/2/2
f 4036/3/2 4023/3/2 4037/3/2
f 4023/7/2 4024/7/2 4038/7/2
f 4037/3/2 4023/3/2 4038/3/2
f 4024/7/2 4010/7/2 4039/7/2
f 4038/7/2 4024/7/2 4039/7/2
f 4025/4/2 4026/4/2 4040/4/2
f 4039/7/2 4010/7/2 4040/7/2
f 4010/4/2 4025/4/2 4040/4/2
f 4027/7/2 4028/7/2 4041/7/2
f 4040/4/2 4026/4/2 4041/4/2
f 4026/7/2 4027/7/2 4041/7/2
f 4028/3/2 4014/3/2 4042/3/2
f 4041/7/2 4028/7/2 4042/7/2
f 4042/3/2 4014/3/2 4043/3/2
f 4014/2/2 4029/2/2 4044/2/2
f 4043/3/2 4014/3/2 4044/3/2
f 4029/2/2 4030/2/2 4044/2/2
f 4044/2/2 4030/2/2 4045/2/2
f 4030/9/2 4031/9/2 4046/9/2
f 4031/9/2 4032/9/2 4046/9/2
f 4032/11/2 4018/11/2 4046/11/2
f 4046/11/2 4018/11/2 4047/11/2
f 4034/9/2 4021/9/2 4048/9/2
f 4021/2/2 4035/2/2 4049/2/2
f 4048/9/2 4021/9/2 4049/9/2
f 4038/7/2 4039/7/2 4050/7/2
f 4037/7/2 4038/7/2 4050/7/2
f 4039/4/2 4040/4/2 4051/4/2
f 4050/7/2 4039/7/2 4051/7/2
f 4040/7/2 4041/7/2 4052/7/2
f 4051/4/2 4040/4/2 4052/4/2
f 4052/7/2 4041/7/2 4053/7/2
f 4041/4/2 4042/4/2 4054/4/2
f 4042/7/2 4043/7/2 4055/7/2
f 4054/4/2 4042/4/2 4055/4/2
f 4045/2/2 4030/2/2 4056/2/2
f 4030/9/2 4046/9/2 4056/9/2
f 4056/9/2 4046/9/2 4057/9/2
f 4050/4/2 4051/4/2 4058/4/2
f 4051/4/2 4052/4/2 4058/4/2
f 4052/4/2 4053/4/2 4058/4/2
f 4058/4/2 4053/4/2 4059/4/2
f 4053/7/2 4041/7/2 4060/7/2
f 4059/4/2 4053/4/2 4060/4/2
f 4041/4/2 4054/4/2 4061/4/2
f 4060/7/2 4041/7/2 4061/7/2
f 4054/7/2 4055/7/2 4062/7/2
f 4061/4/2 4054/4/2 4062/4/2
f 4055/7/2 4043/7/2 4063/7/2
f 4062/7/2 4055/7/2 4063/7/2
f 4048/2/2 4049/2/2 4064/2/2
f 4034/9/2 4048/9/2 4064/9/2
f 4049/2/2 4035/2/2 4065/2/2
f 4064/2/2 4049/2/2 4065/2/2
f 4037/7/2 4050/7/2 4066/7/2
f 4050/4/2 4058/4/2 4066/4/2
f 4058/7/2 4059/7/2 4067/7/2
f 4066/4/2 4058/4/2 4067/4/2
f 4059/4/2 4060/4/2 4068/4/2
f 4067/7/2 4059/7/2 4068/7/2
f 4060/4/2 4061/4/2 4068/4/2
f 4068/4/2 4061/4/2 4069/4/2
f 4061/7/2 4062/7/2 4070/7/2
f 4069/4/2 4061/4/2 4070/4/2
f 4062/4/2 4063/4/2 4071/4/2
f 4070/7/2 4062/7/2 4071/7/2
f 4063/7/2 4043/7/2 4072/7/2
f 4071/4/2 4063/4/2 4072/4/2
f 4056/2/2 4057/2/2 4073/2/2
f 4045/2/2 4056/2/2 4073/2/2
f 4057/9/2 4046/9/2 4074/9/2
f 4073/2/2 4057/2/2 4074/2/2
f 4033/8/2 4034/8/2 4075/8/2
f 4034/9/2 4064/9/2 4076/9/2
f 4075/8/2 4034/8/2 4076/8/2
f 4064/9/2 4065/9/2 4076/9/2
f 4065/2/2 4035/2/2 4077/2/2
f 4036/3/2 4037/3/2 4077/3/2
f 4035/3/2 4036/3/2 4077/3/2
f 4077/3/2 4037/3/2 4078/3/2
f 4066/7/2 4067/7/2 4079/7/2
f 4078/3/2 4037/3/2 4079/3/2
f 4037/7/2 4066/7/2 4079/7/2
f 4079/7/2 4067/7/2 4080/7/2
f 4067/4/2 4068/4/2 4081/4/2
f 4080/7/2 4067/7/2 4081/7/2
f 4068/7/2 4069/7/2 4082/7/2
f 4081/4/2 4068/4/2 4082/4/2
f 4070/4/2 4071/4/2 4083/4/2
f 4082/7/2 4069/7/2 4083/7/2
f 4069/4/2 4070/4/2 4083/4/2
f 4083/4/2 4071/4/2 4084/4/2
f 4071/7/2 4072/7/2 4085/7/2
f 4084/4/2 4071/4/2 4085/4/2
f 4072/7/2 4043/7/2 4086/7/2
f 4085/7/2 4072/7/2 4086/7/2
f 4044/3/2 4045/3/2 4087/3/2
f 4086/7/2 4043/7/2 4087/7/2
f 4043/3/2 4044/3/2 4087/3/2
f 4087/3/2 4045/3/2 4088/3/2
f 4045/2/2 4073/2/2 4089/2/2
f 4088/3/2 4045/3/2 4089/3/2
f 4074/9/2 4046/9/2 4090/9/2
f 4073/9/2 4074/9/2 4090/9/2
f 4046/8/2 4047/8/2 4090/8/2
f 4090/8/2 4047/8/2 4091/8/2
f 4076/9/2 4065/9/2 4092/9/2
f 4075/11/2 4076/11/2 4092/11/2
f 4092/9/2 4065/9/2 4093/9/2
f 4077/2/2 4078/2/2 4094/2/2
f 4093/9/2 4065/9/2 4094/9/2
f 4065/2/2 4077/2/2 4094/2/2
f 4094/2/2 4078/2/2 4095/2/2
f 4080/7/2 4081/7/2 4096/7/2
f 4081/7/2 4082/7/2 4096/7/2
f 4079/3/2 4080/3/2 4096/3/2
f 4078/3/2 4079/3/2 4096/3/2
f 4096/7/2 4082/7/2 4097/7/2
f 4082/4/2 4083/4/2 4098/4/2
f 4097/7/2 4082/7/2 4098/7/2
f 4083/4/2 4084/4/2 4098/4/2
f 4085/7/2 4086/7/2 4099/7/2
f 4098/4/2 4084/4/2 4099/4/2
f 4084/7/2 4085/7/2 4099/7/2
f 4099/7/2 4086/7/2 4100/7/2
f 4087/3/2 4088/3/2 4101/3/2
f 4100/7/2 4086/7/2 4101/7/2
f 4086/3/2 4087/3/2 4101/3/2
f 4089/2/2 4073/2/2 4102/2/2
f 4088/2/2 4089/2/2 4102/2/2
f 4073/9/2 4090/9/2 4103/9/2
f 4102/2/2 4073/2/2 4103/2/2
f 4103/9/2 4090/9/2 4104/9/2
f 4090/11/2 4091/11/2 4105/11/2
f 4104/9/2 4090/9/2 4105/9/2
f 4075/11/2 4092/11/2 4106/11/2
f 4092/10/2 4093/10/2 4107/10/2
f 4106/11/2 4092/11/2 4107/11/2
f 4094/9/2 4095/9/2 4108/9/2
f 4107/10/2 4093/10/2 4108/10/2
f 4093/9/2 4094/9/2 4108/9/2
f 4108/9/2 4095/9/2 4109/9/2
f 4095/2/2 4078/2/2 4110/2/2
f 4096/3/2 4097/3/2 4110/3/2
f 4078/3/2 4096/3/2 4110/3/2
f 4110/3/2 4097/3/2 4111/3/2
f 4099/7/2 4100/7/2 4112/7/2
f 4111/3/2 4097/3/2 4112/3/2
f 4097/7/2 4098/7/2 4112/7/2
f 4098/7/2 4099/7/2 4112/7/2
f 4100/3/2 4101/3/2 4113/3/2
f 4112/7/2 4100/7/2 4113/7/2
f 4101/3/2 4088/3/2 4114/3/2
f 4113/3/2 4101/3/2 4114/3/2
f 4088/2/2 4102/2/2 4115/2/2
f 4114/3/2 4088/3/2 4115/3/2
f 4103/9/2 4104/9/2 4116/9/2
f 4102/9/2 4103/9/2 4116/9/2
f 4104/10/2 4105/10/2 4117/10/2
f 4116/9/2 4104/9/2 4117/9/2
f 4105/11/2 4091/11/2 4118/11/2
f 4117/10/2 4105/10/2 4118/10/2
f 4118/11/2 4091/11/2 4119/11/2
f 4106/12/2 4107/12/2 4120/12/2
f 4108/10/2 4109/10/2 4120/10/2
f 4107/10/2 4108/10/2 4120/10/2
f 4120/10/2 4109/10/2 4121/10/2
f 4110/2/2 4111/2/2 4122/2/2
f 4109/9/2 4095/9/2 4122/9/2
f 4095/2/2 4110/2/2 4122/2/2
f 4122/2/2 4111/2/2 4123/2/2
f 4112/3/2 4113/3/2 4124/3/2
f 4123/2/2 4111/2/2 4124/2/2
f 4113/3/2 4114/3/2 4124/3/2
f 4111/3/2 4112/3/2 4124/3/2
f 4124/3/2 4114/3/2 4125/3/2
f 4125/3/2 4114/3/2 4126/3/2
f 4114/2/2 4115/2/2 4127/2/2
f 4126/3/2 4114/3/2 4127/3/2
f 4115/2/2 4102/2/2 4128/2/2
f 4127/2/2 4115/2/2 4128/2/2
f 4102/9/2 4116/9/2 4129/9/2
f 4128/2/2 4102/2/2 4129/2/2
f 4116/10/2 4117/10/2 4130/10/2
f 4117/10/2 4118/10/2 4130/10/2
f 4118/12/2 4119/12/2 4131/12/2
f 4130/10/2 4118/10/2 4131/10/2
f 4120/12/2 4121/12/2 4132/12/2
f 4106/12/2 4120/12/2 4132/12/2
f 4132/12/2 4121/12/2 4133/12/2
f 4121/10/2 4109/10/2 4134/10/2
f 4122/9/2 4123/9/2 4134/9/2
f 4109/9/2 4122/9/2 4134/9/2
f 4134/9/2 4123/9/2 4135/9/2
f 4123/2/2 4124/2/2 4136/2/2
f 4135/9/2 4123/9/2 4136/9/2
f 4124/2/2 4125/2/2 4136/2/2
f 4136/2/2 4125/2/2 4137/2/2
f 4125/3/2 4126/3/2 4138/3/2
f 4137/2/2 4125/2/2 4138/2/2
f 4126/2/2 4127/2/2 4139/2/2
f 4138/3/2 4126/3/2 4139/3/2
f 4127/2/2 4128/2/2 4139/2/2
f 4139/2/2 4128/2/2 4140/2/2
f 4128/9/2 4129/9/2 4141/9/2
f 4140/2/2 4128/2/2 4141/2/2
f 4129/9/2 4116/9/2 4142/9/2
f 4141/9/2 4129/9/2 4142/9/2
f 4116/10/2 4130/10/2 4143/10/2
f 4142/9/2 4116/9/2 4143/9/2
f 4131/12/2 4119/12/2 4144/12/2
f 4130/12/2 4131/12/2 4144/12/2
f 4144/12/2 4119/12/2 4145/12/2
f 4133/12/2 4121/12/2 4146/12/2
f 4134/10/2 4135/10/2 4146/10/2
f 4121/10/2 4134/10/2 4146/10/2
f 4146/10/2 4135/10/2 4147/10/2
f 4135/9/2 4136/9/2 4148/9/2
f 4147/10/2 4135/10/2 4148/10/2
f 4136/9/2 4137/9/2 4148/9/2
f 4148/9/2 4137/9/2 4149/9/2
f 4137/2/2 4138/2/2 4150/2/2
f 4149/9/2 4137/9/2 4150/9/2
f 4139/2/2 4140/2/2 4150/2/2
f 4138/2/2 4139/2/2 4150/2/2
f 4150/2/2 4140/2/2 4151/2/2
f 4151/2/2 4140/2/2 4152/2/2
f 4141/9/2 4142/9/2 4153/9/2
f 4152/2/2 4140/2/2 4153/2/2
f 4140/9/2 4141/9/2 4153/9/2
f 4153/9/2 4142/9/2 4154/9/2
f 4142/10/2 4143/10/2 4155/10/2
f 4154/9/2 4142/9/2 4155/9/2
f 4143/10/2 4130/10/2 4156/10/2
f 4155/10/2 4143/10/2 4156/10/2
f 4130/12/2 4144/12/2 4157/12/2
f 4156/10/2 4130/10/2 4157/10/2
f 4132/13/2 4133/13/2 4158/13/2
f 4146/12/2 4147/12/2 4159/12/2
f 4158/13/2 4133/13/2 4159/13/2
f 4133/12/2 4146/12/2 4159/12/2
f 4159/12/2 4147/12/2 4160/12/2
f 4148/10/2 4149/10/2 4161/10/2
f 4160/12/2 4147/12/2 4161/12/2
f 4147/10/2 4148/10/2 4161/10/2
f 4161/10/2 4149/10/2 4162/10/2
f 4150/9/2 4151/9/2 4163/9/2
f 4162/10/2 4149/10/2 4163/10/2
f 4149/9/2 4150/9/2 4163/9/2
f 4163/9/2 4151/9/2 4164/9/2
f 4151/2/2 4152/2/2 4165/2/2
f 4164/9/2 4151/9/2 4165/9/2
f 4153/9/2 4154/9/2 4166/9/2
f 4165/2/2 4152/2/2 4166/2/2
f 4152/9/2 4153/9/2 4166/9/2
f 4166/9/2 4154/9/2 4167/9/2
f 4154/10/2 4155/10/2 4168/10/2
f 4167/9/2 4154/9/2 4168/9/2
f 4155/10/2 4156/10/2 4168/10/2
f 4168/10/2 4156/10/2 4169/10/2
f 4156/12/2 4157/12/2 4170/12/2
f 4169/10/2 4156/10/2 4170/10/2
f 4157/12/2 4144/12/2 4171/12/2
f 4170/12/2 4157/12/2 4171/12/2
f 4144/13/2 4145/13/2 4172/13/2
f 4171/12/2 4144/12/2 4172/12/2
f 4172/13/2 4145/13/2 4173/13/2
f 4159/13/2 4160/13/2 4174/13/2
f 4158/14/2 4159/14/2 4174/14/2
f 4161/12/2 4162/12/2 4175/12/2
f 4174/13/2 4160/13/2 4175/13/2
f 4160/12/2 4161/12/2 4175/12/2
f 4175/12/2 4162/12/2 4176/12/2
f 4163/10/2 4164/10/2 4177/10/2
f 4176/12/2 4162/12/2 4177/12/2
f 4162/10/2 4163/10/2 4177/10/2
f 4177/10/2 4164/10/2 4178/10/2
f 4166/9/2 4167/9/2 4179/9/2
f 4178/10/2 4164/10/2 4179/10/2
f 4164/9/2 4165/9/2 4179/9/2
f 4165/9/2 4166/9/2 4179/9/2
f 4179/9/2 4167/9/2 4180/9/2
f 4180/9/2 4167/9/2 4181/9/2
f 4168/10/2 4169/10/2 4182/10/2
f 4181/9/2 4167/9/2 4182/9/2
f 4167/10/2 4168/10/2 4182/10/2
f 4182/10/2 4169/10/2 4183/10/2
f 4169/12/2 4170/12/2 4184/12/2
f 4183/10/2 4169/10/2 4184/10/2
f 4170/12/2 4171/12/2 4184/12/2
f 4184/12/2 4171/12/2 4185/12/2
f 4171/13/2 4172/13/2 4186/13/2
f 4185/12/2 4171/12/2 4186/12/2
f 4172/14/2 4173/14/2 4187/14/2
f 4186/13/2 4172/13/2 4187/13/2
f 4158/14/2 4174/14/2 4188/14/2
f 4174/14/2 4175/14/2 4188/14/2
f 4175/13/2 4176/13/2 4189/13/2
f 4188/14/2 4175/14/2 4189/14/2
f 4177/12/2 4178/12/2 4190/12/2
f 4189/13/2 4176/13/2 4190/13/2
f 4176/12/2 4177/12/2 4190/12/2
f 4179/11/2 4180/11/2 4191/11/2
f 4190/12/2 4178/12/2 4191/12/2
f 4178/11/2 4179/11/2 4191/11/2
f 4180/8/2 4181/8/2 4192/8/2
f 4191/11/2 4180/11/2 4192/11/2
f 4182/11/2 4183/11/2 4193/11/2
f 4192/8/2 4181/8/2 4193/8/2
f 4181/11/2 4182/11/2 4193/11/2
f 4183/12/2 4184/12/2 4194/12/2
f 4193/11/2 4183/11/2 4194/11/2
f 4184/12/2 4185/12/2 4194/12/2
f 4185/13/2 4186/13/2 4195/13/2
f 4194/12/2 4185/12/2 4195/12/2
f 4186/14/2 4187/14/2 4196/14/2
f 4195/13/2 4186/13/2 4196/13/2
f 4187/14/2 4173/14/2 4197/14/2
f 4196/14/2 4187/14/2 4197/14/2
f 4198/6/2 4199/6/2 4204/6/2
f 4204/6/2 4199/6/2 4205/6/2
f 4200/13/2 4201/13/2 4206/13/2
f 4206/13/2 4201/13/2 4207/13/2
f 4202/6/2 4203/6/2 4214/6/2
f 4214/6/2 4203/6/2 4215/6/2
f 4208/9/2 4209/9/2 4218/9/2
f 4209/3/2 4210/3/2 4219/3/2
f 4218/9/2 4209/9/2 4219/9/2
f 4219/3/2 4210/3/2 4220/3/2
f 4211/5/2 4212/5/2 4224/5/2
f 4212/6/2 4213/6/2 4225/6/2
f 4224/5/2 4212/5/2 4225/5/2
f 4225/6/2 4213/6/2 4226/6/2
f 4216/5/2 4217/5/2 4234/5/2
f 4234/5/2 4217/5/2 4235/5/2
f 4218/2/2 4219/2/2 4238/2/2
f 4238/2/2 4219/2/2 4239/2/2
f 4221/9/2 4222/9/2 4244/9/2
f 4227/14/2 4228/14/2 4247/14/2
f 4228/11/2 4229/11/2 4248/11/2
f 4247/14/2 4228/14/2 4248/14/2
f 4248/11/2 4229/11/2 4249/11/2
f 4229/8/2 4230/8/2 4250/8/2
f 4249/11/2 4229/11/2 4250/11/2
f 4230/11/2 4231/11/2 4251/11/2
f 4250/8/2 4230/8/2 4251/8/2
f 4231/12/2 4232/12/2 4252/12/2
f 4251/11/2 4231/11/2 4252/11/2
f 4232/14/2 4233/14/2 4253/14/2
f 4252/12/2 4232/12/2 4253/12/2
f 4253/14/2 4233/14/2 4254/14/2
f 4236/8/2 4237/8/2 4255/8/2
f 4237/9/2 4238/9/2 4256/9/2
f 4255/8/2 4237/8/2 4256/8/2
f 4238/2/2 4239/2/2 4257/2/2
f 4256/9/2 4238/9/2 4257/9/2
f 4239/7/2 4240/7/2 4258/7/2
f 4257/2/2 4239/2/2 4258/2/2
f 4240/4/2 4241/4/2 4259/4/2
f 4258/7/2 4240/7/2 4259/7/2
f 4241/7/2 4242/7/2 4260/7/2
f 4259/4/2 4241/4/2 4260/4/2
f 4242/5/2 4243/5/2 4261/5/2
f 4260/7/2 4242/7/2 4261/7/2
f 4243/2/2 4244/2/2 4262/2/2
f 4261/5/2 4243/5/2 4262/5/2
f 4244/9/2 4222/9/2 4263/9/2
f 4262/2/2 4244/2/2 4263/2/2
f 4222/8/2 4223/8/2 4264/8/2
f 4263/9/2 4222/9/2 4264/9/2
f 4264/8/2 4223/8/2 4265/8/2
f 4245/11/2 4246/11/2 4270/11/2
f 4270/11/2 4246/11/2 4271/11/2
f 4247/12/2 4248/12/2 4272/12/2
f 4248/1/2 4249/1/2 4273/1/2
f 4272/12/2 4248/12/2 4273/12/2
f 4249/2/2 4250/2/2 4274/2/2
f 4273/1/2 4249/1/2 4274/1/2
f 4251/3/2 4252/3/2 4275/3/2
f 4274/2/2 4250/2/2 4275/2/2
f 4250/3/2 4251/3/2 4275/3/2
f 4275/3/2 4252/3/2 4276/3/2
f 4252/2/2 4253/2/2 4277/2/2
f 4276/3/2 4252/3/2 4277/3/2
f 4253/12/2 4254/12/2 4278/12/2
f 4277/2/2 4253/2/2 4278/2/2
f 4278/12/2 4254/12/2 4279/12/2
f 4255/11/2 4256/11/2 4280/11/2
f 4256/9/2 4257/9/2 4281/9/2
f 4280/11/2 4256/11/2 4281/11/2
f 4257/9/2 4258/9/2 4281/9/2
f 4258/3/2 4259/3/2 4282/3/2
f 4281/9/2 4258/9/2 4282/9/2
f 4282/3/2 4259/3/2 4283/3/2
f 4259/7/2 4260/7/2 4284/7/2
f 4283/3/2 4259/3/2 4284/3/2
f 4260/5/2 4261/5/2 4285/5/2
f 4284/7/2 4260/7/2 4285/7/2
f 4261/5/2 4262/5/2 4285/5/2
f 4285/5/2 4262/5/2 4286/5/2
f 4262/9/2 4263/9/2 4287/9/2
f 4286/5/2 4262/5/2 4287/5/2
f 4263/10/2 4264/10/2 4288/10/2
f 4287/9/2 4263/9/2 4288/9/2
f 4264/11/2 4265/11/2 4289/11/2
f 4288/10/2 4264/10/2 4289/10/2
f 4289/11/2 4265/11/2 4290/11/2
f 4266/8/2 4267/8/2 4291/8/2
f 4267/3/2 4268/3/2 4292/3/2
f 4291/8/2 4267/8/2 4292/8/2
f 4268/7/2 4269/7/2 4293/7/2
f 4292/3/2 4268/3/2 4293/3/2
f 4269/3/2 4270/3/2 4294/3/2
f 4293/7/2 4269/7/2 4294/7/2
f 4294/3/2 4270/3/2 4295/3/2
f 4272/11/2 4273/11/2 4297/11/2
f 4273/2/2 4274/2/2 4298/2/2
f 4297/11/2 4273/11/2 4298/11/2
f 4274/3/2 4275/3/2 4299/3/2
f 4298/2/2 4274/2/2 4299/2/2
f 4275/7/2 4276/7/2 4300/7/2
f 4299/3/2 4275/3/2 4300/3/2
f 4276/3/2 4277/3/2 4301/3/2
f 4300/7/2 4276/7/2 4301/7/2
f 4277/3/2 4278/3/2 4301/3/2
f 4301/3/2 4278/3/2 4302/3/2
f 4278/11/2 4279/11/2 4303/11/2
f 4302/3/2 4278/3/2 4303/3/2
f 4303/11/2 4279/11/2 4304/11/2
f 4280/13/2 4281/13/2 4305/13/2
f 4281/10/2 4282/10/2 4306/10/2
f 4305/13/2 4281/13/2 4306/13/2
f 4282/9/2 4283/9/2 4307/9/2
f 4306/10/2 4282/10/2 4307/10/2
f 4285/2/2 4286/2/2 4308/2/2
f 4307/9/2 4283/9/2 4308/9/2
f 4283/2/2 4284/2/2 4308/2/2
f 4284/2/2 4285/2/2 4308/2/2
f 4308/2/2 4286/2/2 4309/2/2
f 4309/2/2 4286/2/2 4310/2/2
f 4286/9/2 4287/9/2 4311/9/2
f 4310/2/2 4286/2/2 4311/2/2
f 4287/10/2 4288/10/2 4312/10/2
f 4311/9/2 4287/9/2 4312/9/2
f 4288/12/2 4289/12/2 4313/12/2
f 4312/10/2 4288/10/2 4313/10/2
f 4289/13/2 4290/13/2 4314/13/2
f 4313/12/2 4289/12/2 4314/12/2
f 4314/13/2 4290/13/2 4315/13/2
f 4291/2/2 4292/2/2 4316/2/2
f 4292/7/2 4293/7/2 4317/7/2
f 4316/2/2 4292/2/2 4317/2/2
f 4293/4/2 4294/4/2 4318/4/2
f 4317/7/2 4293/7/2 4318/7/2
f 4294/7/2 4295/7/2 4319/7/2
f 4318/4/2 4294/4/2 4319/4/2
f 4295/2/2 4296/2/2 4320/2/2
f 4319/7/2 4295/7/2 4320/7/2
f 4320/2/2 4296/2/2 4321/2/2
f 4297/8/2 4298/8/2 4322/8/2
f 4299/7/2 4300/7/2 4323/7/2
f 4322/8/2 4298/8/2 4323/8/2
f 4298/7/2 4299/7/2 4323/7/2
f 4323/7/2 4300/7/2 4324/7/2
f 4300/4/2 4301/4/2 4325/4/2
f 4324/7/2 4300/7/2 4325/7/2
f 4301/7/2 4302/7/2 4326/7/2
f 4325/4/2 4301/4/2 4326/4/2
f 4302/3/2 4303/3/2 4327/3/2
f 4326/7/2 4302/7/2 4327/7/2
f 4303/8/2 4304/8/2 4328/8/2
f 4327/3/2 4303/3/2 4328/3/2
f 4328/8/2 4304/8/2 4329/8/2
f 4305/14/2 4306/14/2 4330/14/2
f 4306/13/2 4307/13/2 4331/13/2
f 4330/14/2 4306/14/2 4331/14/2
f 4307/11/2 4308/11/2 4332/11/2
f 4331/13/2 4307/13/2 4332/13/2
f 4308/11/2 4309/11/2 4332/11/2
f 4309/8/2 4310/8/2 4333/8/2
f 4332/11/2 4309/11/2 4333/11/2
f 4310/11/2 4311/11/2 4334/11/2
f 4333/8/2 4310/8/2 4334/8/2
f 4311/12/2 4312/12/2 4335/12/2
f 4334/11/2 4311/11/2 4335/11/2
f 4312/13/2 4313/13/2 4336/13/2
f 4335/12/2 4312/12/2 4336/12/2
f 4314/14/2 4315/14/2 4337/14/2
f 4336/13/2 4313/13/2 4337/13/2
f 4313/14/2 4314/14/2 4337/14/2
f 4337/14/2 4315/14/2 4338/14/2
f 4316/8/2 4317/8/2 4339/8/2
f 4317/3/2 4318/3/2 4340/3/2
f 4339/8/2 4317/8/2 4340/8/2
f 4318/7/2 4319/7/2 4341/7/2
f 4340/3/2 4318/3/2 4341/3/2
f 4319/3/2 4320/3/2 4342/3/2
f 4341/7/2 4319/7/2 4342/7/2
f 4320/8/2 4321/8/2 4343/8/2
f 4342/3/2 4320/3/2 4343/3/2
f 4343/8/2 4321/8/2 4344/8/2
f 4322/11/2 4323/11/2 4345/11/2
f 4323/2/2 4324/2/2 4346/2/2
f 4345/11/2 4323/11/2 4346/11/2
f 4324/3/2 4325/3/2 4347/3/2
f 4346/2/2 4324/2/2 4347/2/2
f 4325/7/2 4326/7/2 4348/7/2
f 4347/3/2 4325/3/2 4348/3/2
f 4326/3/2 4327/3/2 4349/3/2
f 4348/7/2 4326/7/2 4349/7/2
f 4327/2/2 4328/2/2 4350/2/2
f 4349/3/2 4327/3/2 4350/3/2
f 4328/11/2 4329/11/2 4351/11/2
f 4350/2/2 4328/2/2 4351/2/2
f 4351/11/2 4329/11/2 4352/11/2
f 4339/13/2 4340/13/2 4353/13/2
f 4340/11/2 4341/11/2 4354/11/2
f 4353/13/2 4340/13/2 4354/13/2
f 4341/9/2 4342/9/2 4355/9/2
f 4354/11/2 4341/11/2 4355/11/2
f 4342/11/2 4343/11/2 4356/11/2
f 4355/9/2 4342/9/2 4356/9/2
f 4343/13/2 4344/13/2 4357/13/2
f 4356/11/2 4343/11/2 4357/11/2
f 4357/13/2 4344/13/2 4358/13/2
f 4345/12/2 4346/12/2 4359/12/2
f 4346/1/2 4347/1/2 4360/1/2
f 4359/12/2 4346/12/2 4360/12/2
f 4347/2/2 4348/2/2 4361/2/2
f 4360/1/2 4347/1/2 4361/1/2
f 4348/3/2 4349/3/2 4362/3/2
f 4361/2/2 4348/2/2 4362/2/2
f 4349/2/2 4350/2/2 4363/2/2
f 4362/3/2 4349/3/2 4363/3/2
f 4350/1/2 4351/1/2 4364/1/2
f 4363/2/2 4350/2/2 4364/2/2
f 4351/12/2 4352/12/2 4365/12/2
f 4364/1/2 4351/1/2 4365/1/2
f 4365/12/2 4352/12/2 4366/12/2
f 4359/14/2 4360/14/2 4367/14/2
f 4361/11/2 4362/11/2 4368/11/2
f 4367/14/2 4360/14/2 4368/14/2
f 4360/11/2 4361/11/2 4368/11/2
f 4362/8/2 4363/8/2 4369/8/2
f 4368/11/2 4362/11/2 4369/11/2
f 4363/11/2 4364/11/2 4370/11/2
f 4369/8/2 4363/8/2 4370/8/2
f 4364/12/2 4365/12/2 4371/12/2
f 4370/11/2 4364/11/2 4371/11/2
f 4365/14/2 4366/14/2 4372/14/2
f 4371/12/2 4365/12/2 4372/12/2
f 4372/14/2 4366/14/2 4373/14/2
f 4378/6/2 4379/6/2 4382/6/2
f 4382/6/2 4379/6/2 4383/6/2
f 4380/6/2 4381/6/2 4390/6/2
f 4390/6/2 4381/6/2 4391/6/2
f 4384/7/2 4385/7/2 4394/7/2
f 4394/7/2 4385/7/2 4395/7/2
f 4386/3/2 4387/3/2 4397/3/2
f 4397/3/2 4387/3/2 4398/3/2
f 4388/5/2 4389/5/2 4403/5/2
f 4403/5/2 4389/5/2 4404/5/2
f 4392/8/2 4393/8/2 4405/8/2
f 4393/9/2 4394/9/2 4406/9/2
f 4405/8/2 4393/8/2 4406/8/2
f 4394/7/2 4395/7/2 4407/7/2
f 4406/9/2 4394/9/2 4407/9/2
f 4395/4/2 4396/4/2 4408/4/2
f 4407/7/2 4395/7/2 4408/7/2
f 4396/7/2 4397/7/2 4409/7/2
f 4408/4/2 4396/4/2 4409/4/2
f 4397/3/2 4398/3/2 4410/3/2
f 4409/7/2 4397/7/2 4410/7/2
f 4398/9/2 4399/9/2 4411/9/2
f 4410/3/2 4398/3/2 4411/3/2
f 4399/8/2 4400/8/2 4412/8/2
f 4411/9/2 4399/9/2 4412/9/2
f 4412/8/2 4400/8/2 4413/8/2
f 4401/5/2 4402/5/2 4416/5/2
f 4416/5/2 4402/5/2 4417/5/2
f 4405/11/2 4406/11/2 4418/11/2
f 4406/9/2 4407/9/2 4419/9/2
f 4418/11/2 4406/11/2 4419/11/2
f 4407/3/2 4408/3/2 4420/3/2
f 4419/9/2 4407/9/2 4420/9/2
f 4408/7/2 4409/7/2 4421/7/2
f 4420/3/2 4408/3/2 4421/3/2
f 4409/3/2 4410/3/2 4422/3/2
f 4421/7/2 4409/7/2 4422/7/2
f 4410/3/2 4411/3/2 4422/3/2
f 4422/3/2 4411/3/2 4423/3/2
f 4411/10/2 4412/10/2 4424/10/2
f 4423/3/2 4411/3/2 4424/3/2
f 4412/11/2 4413/11/2 4425/11/2
f 4424/10/2 4412/10/2 4425/10/2
f 4425/11/2 4413/11/2 4426/11/2
f 4414/5/2 4415/5/2 4428/5/2
f 4428/5/2 4415/5/2 4429/5/2
f 4374/15/2 4375/15/2 4430/15/2
f 4430/15/2 4375/15/2 4431/15/2
f 4418/12/2 4419/12/2 4432/12/2
f 4419/10/2 4420/10/2 4433/10/2
f 4432/12/2 4419/12/2 4433/12/2
f 4420/3/2 4421/3/2 4434/3/2
f 4433/10/2 4420/10/2 4434/10/2
f 4422/3/2 4423/3/2 4434/3/2
f 4421/3/2 4422/3/2 4434/3/2
f 4423/2/2 4424/2/2 4435/2/2
f 4434/3/2 4423/3/2 4435/3/2
f 4424/10/2 4425/10/2 4436/10/2
f 4435/2/2 4424/2/2 4436/2/2
f 4425/12/2 4426/12/2 4437/12/2
f 4436/10/2 4425/10/2 4437/10/2
f 4426/5/2 4427/5/2 4438/5/2
f 4437/12/2 4426/12/2 4438/12/2
f 4438/5/2 4427/5/2 4439/5/2
f 4376/15/2 4377/15/2 4440/15/2
f 4440/15/2 4377/15/2 4441/15/2
f 4432/13/2 4433/13/2 4442/13/2
f 4433/12/2 4434/12/2 4443/12/2
f 4442/13/2 4433/13/2 4443/13/2
f 4434/9/2 4435/9/2 4444/9/2
f 4443/12/2 4434/12/2 4444/12/2
f 4444/9/2 4435/9/2 4445/9/2
f 4445/9/2 4435/9/2 4446/9/2
f 4435/10/2 4436/10/2 4447/10/2
f 4446/9/2 4435/9/2 4447/9/2
f 4436/12/2 4437/12/2 4448/12/2
f 4447/10/2 4436/10/2 4448/10/2
f 4437/13/2 4438/13/2 4449/13/2
f 4448/12/2 4437/12/2 4449/12/2
f 4449/13/2 4438/13/2 4450/13/2
f 4442/14/2 4443/14/2 4451/14/2
f 4443/13/2 4444/13/2 4452/13/2
f 4451/14/2 4443/14/2 4452/14/2
f 4444/11/2 4445/11/2 4453/11/2
f 4452/13/2 4444/13/2 4453/13/2
f 4445/8/2 4446/8/2 4454/8/2
f 4453/11/2 4445/11/2 4454/11/2
f 4446/11/2 4447/11/2 4455/11/2
f 4454/8/2 4446/8/2 4455/8/2
f 4447/12/2 4448/12/2 4456/12/2
f 4455/11/2 4447/11/2 4456/11/2
f 4448/14/2 4449/14/2 4457/14/2
f 4456/12/2 4448/12/2 4457/12/2
f 4449/14/2 4450/14/2 4457/14/2
f 4457/14/2 4450/14/2 4458/14/2
f 4459/6/2 4460/6/2 4461/6/2
f 4461/6/2 4460/6/2 4462/6/2
f 4462/5/2 4463/5/2 4468/5/2
f 4468/5/2 4463/5/2 4469/5/2
f 4464/5/2 4465/5/2 4471/5/2
f 4471/5/2 4465/5/2 4472/5/2
f 4466/6/2 4467/6/2 4474/6/2
f 4474/6/2 4467/6/2 4475/6/2
f 4472/5/2 4473/5/2 4479/5/2
f 4470/5/2 4471/5/2 4479/5/2
f 4471/5/2 4472/5/2 4479/5/2
f 4479/5/2 4473/5/2 4480/5/2
f 4477/5/2 4478/5/2 4481/5/2
f 4476/5/2 4477/5/2 4481/5/2
f 4481/5/2 4478/5/2 4482/5/2
f 4483/5/2 4484/5/2 4487/5/2
f 4487/5/2 4484/5/2 4488/5/2
f 4485/6/2 4486/6/2 4491/6/2
f 4491/6/2 4486/6/2 4492/6/2
f 4489/6/2 4490/6/2 4495/6/2
f 4495/6/2 4490/6/2 4496/6/2
f 4493/6/2 4494/6/2 4497/6/2
f 4497/6/2 4494/6/2 4498/6/2
f 4503/6/2 4504/6/2 4505/6/2
f 4505/6/2 4504/6/2 4506/6/2
f 4505/6/2 4506/6/2 4510/6/2
f 4506/6/2 4507/6/2 4510/6/2
f 4510/6/2 4507/6/2 4511/6/2
f 4508/5/2 4509/5/2 4512/5/2
f 4512/5/2 4509/5/2 4513/5/2
f 4499/15/2 4500/15/2 4518/15/2
f 4518/15/2 4500/15/2 4519/15/2
f 4514/6/2 4515/6/2 4520/6/2
f 4520/6/2 4515/6/2 4521/6/2
f 4516/5/2 4517/5/2 4522/5/2
f 4522/5/2 4517/5/2 4523/5/2
f 4501/15/2 4502/15/2 4524/15/2
f 4524/15/2 4502/15/2 4525/15/2
f 4530/6/2 4531/6/2 4532/6/2
f 4532/6/2 4531/6/2 4533/6/2
f 4526/15/2 4527/15/2 4536/15/2
f 4536/15/2 4527/15/2 4537/15/2
f 4534/5/2 4535/5/2 4538/5/2
f 4538/5/2 4535/5/2 4539/5/2
f 4528/15/2 4529/15/2 4540/15/2
f 4540/15/2 4529/15/2 4541/15/2
f 4542/11/2 4543/11/2 4549/11/2
f 4543/2/2 4544/2/2 4550/2/2
f 4549/11/2 4543/11/2 4550/11/2
f 4544/8/2 4545/8/2 4551/8/2
f 4550/2/2 4544/2/2 4551/2/2
f 4545/11/2 4546/11/2 4552/11/2
f 4551/8/2 4545/8/2 4552/8/2
f 4552/11/2 4546/11/2 4553/11/2
f 4547/5/2 4548/5/2 4554/5/2
f 4554/5/2 4548/5/2 4555/5/2
f 4549/2/2 4550/2/2 4556/2/2
f 4550/3/2 4551/3/2 4557/3/2
f 4556/2/2 4550/2/2 4557/2/2
f 4551/9/2 4552/9/2 4558/9/2
f 4557/3/2 4551/3/2 4558/3/2
f 4552/8/2 4553/8/2 4559/8/2
f 4558/9/2 4552/9/2 4559/9/2
f 4559/8/2 4553/8/2 4560/8/2
f 4556/3/2 4557/3/2 4562/3/2
f 4557/4/2 4558/4/2 4563/4/2
f 4562/3/2 4557/3/2 4563/3/2
f 4558/3/2 4559/3/2 4564/3/2
f 4563/4/2 4558/4/2 4564/4/2
f 4559/9/2 4560/9/2 4565/9/2
f 4564/3/2 4559/3/2 4565/3/2
f 4565/9/2 4560/9/2 4566/9/2
f 4561/11/2 4562/11/2 4567/11/2
f 4562/2/2 4563/2/2 4568/2/2
f 4567/11/2 4562/11/2 4568/11/2
f 4563/3/2 4564/3/2 4569/3/2
f 4568/2/2 4563/2/2 4569/2/2
f 4564/2/2 4565/2/2 4570/2/2
f 4569/3/2 4564/3/2 4570/3/2
f 4565/11/2 4566/11/2 4571/11/2
f 4570/2/2 4565/2/2 4571/2/2
f 4571/11/2 4566/11/2 4572/11/2
f 4567/13/2 4568/13/2 4573/13/2
f 4568/11/2 4569/11/2 4574/11/2
f 4573/13/2 4568/13/2 4574/13/2
f 4569/9/2 4570/9/2 4575/9/2
f 4574/11/2 4569/11/2 4575/11/2
f 4570/11/2 4571/11/2 4576/11/2
f 4575/9/2 4570/9/2 4576/9/2
f 4571/13/2 4572/13/2 4577/13/2
f 4576/11/2 4571/11/2 4577/11/2
f 4577/13/2 4572/13/2 4578/13/2
f 4583/5/2 4584/5/2 4587/5/2
f 4587/5/2 4584/5/2 4588/5/2
f 4588/5/2 4584/5/2 4589/5/2
f 4579/15/2 4580/15/2 4590/15/2
f 4590/15/2 4580/15/2 4591/15/2
f 4585/5/2 4586/5/2 4593/5/2
f 4581/15/2 4582/15/2 4594/15/2
f 4594/15/2 4582/15/2 4595/15/2
f 4592/5/2 4593/5/2 4596/5/2
f 4593/5/2 4586/5/2 4597/5/2
f 4596/5/2 4593/5/2 4597/5/2
f 4602/2/2 4603/2/2 4604/2/2
f 4604/2/2 4603/2/2 4605/2/2
f 4598/15/2 4599/15/2 4606/15/2
f 4606/15/2 4599/15/2 4607/15/2
f 4600/15/2 4601/15/2 4608/15/2
f 4608/15/2 4601/15/2 4609/15/2
f 4610/2/2 4611/2/2 4614/2/2
f 4611/6/2 4612/6/2 4615/6/2
f 4614/2/2 4611/2/2 4615/2/2
f 4615/6/2 4612/6/2 4616/6/2
f 4613/6/2 4614/6/2 4619/6/2
f 4614/2/2 4615/2/2 4620/2/2
f 4619/6/2 4614/6/2 4620/6/2
f 4620/2/2 4615/2/2 4621/2/2
f 4617/6/2 4618/6/2 4626/6/2
f 4626/6/2 4618/6/2 4627/6/2
f 4627/6/2 4618/6/2 4628/6/2
f 4622/2/2 4623/2/2 4629/2/2
f 4629/2/2 4623/2/2 4630/2/2
f 4624/2/2 4625/2/2 4631/2/2
f 4631/2/2 4625/2/2 4632/2/2
f 4630/5/2 4631/5/2 4633/5/2
f 4633/5/2 4631/5/2 4634/5/2
f 4639/5/2 4640/5/2 4641/5/2
f 4641/5/2 4640/5/2 4642/5/2
f 4643/6/2 4644/6/2 4646/6/2
f 4646/6/2 4644/6/2 4647/6/2
f 4645/2/2 4646/2/2 4648/2/2
f 4646/2/2 4647/2/2 4648/2/2
f 4648/2/2 4647/2/2 4649/2/2
f 4649/2/2 4650/2/2 4655/2/2
f 4655/2/2 4650/2/2 4656/2/2
f 4656/2/2 4650/2/2 4657/2/2
f 4651/12/2 4652/12/2 4663/12/2
f 4663/12/2 4652/12/2 4664/12/2
f 4635/15/2 4636/15/2 4665/15/2
f 4665/15/2 4636/15/2 4666/15/2
f 4653/6/2 4654/6/2 4667/6/2
f 4667/6/2 4654/6/2 4668/6/2
f 4658/5/2 4659/5/2 4669/5/2
f 4669/5/2 4659/5/2 4670/5/2
f 4660/2/2 4661/2/2 4673/2/2
f 4661/3/2 4662/3/2 4674/3/2
f 4673/2/2 4661/2/2 4674/2/2
f 4662/2/2 4663/2/2 4675/2/2
f 4674/3/2 4662/3/2 4675/3/2
f 4663/9/2 4664/9/2 4676/9/2
f 4675/2/2 4663/2/2 4676/2/2
f 4676/9/2 4664/9/2 4677/9/2
f 4637/15/2 4638/15/2 4679/15/2
f 4679/15/2 4638/15/2 4680/15/2
f 4671/11/2 4672/11/2 4681/11/2
f 4672/2/2 4673/2/2 4682/2/2
f 4681/11/2 4672/11/2 4682/11/2
f 4673/3/2 4674/3/2 4683/3/2
f 4682/2/2 4673/2/2 4683/2/2
f 4674/7/2 4675/7/2 4684/7/2
f 4683/3/2 4674/3/2 4684/3/2
f 4675/3/2 4676/3/2 4685/3/2
f 4684/7/2 4675/7/2 4685/7/2
f 4676/2/2 4677/2/2 4686/2/2
f 4685/3/2 4676/3/2 4686/3/2
f 4677/11/2 4678/11/2 4687/11/2
f 4686/2/2 4677/2/2 4687/2/2
f 4687/11/2 4678/11/2 4688/11/2
f 4681/8/2 4682/8/2 4689/8/2
f 4682/7/2 4683/7/2 4690/7/2
f 4689/8/2 4682/8/2 4690/8/2
f 4683/7/2 4684/7/2 4690/7/2
f 4690/7/2 4684/7/2 4691/7/2
f 4684/4/2 4685/4/2 4692/4/2
f 4691/7/2 4684/7/2 4692/7/2
f 4685/7/2 4686/7/2 4693/7/2
f 4692/4/2 4685/4/2 4693/4/2
f 4686/3/2 4687/3/2 4694/3/2
f 4693/7/2 4686/7/2 4694/7/2
f 4687/8/2 4688/8/2 4695/8/2
f 4694/3/2 4687/3/2 4695/3/2
f 4695/8/2 4688/8/2 4696/8/2
f 4689/11/2 4690/11/2 4697/11/2
f 4690/2/2 4691/2/2 4698/2/2
f 4697/11/2 4690/11/2 4698/11/2
f 4691/7/2 4692/7/2 4699/7/2
f 4698/2/2 4691/2/2 4699/2/2
f 4692/7/2 4693/7/2 4699/7/2
f 4699/7/2 4693/7/2 4700/7/2
f 4693/3/2 4694/3/2 4701/3/2
f 4700/7/2 4693/7/2 4701/7/2
f 4694/2/2 4695/2/2 4702/2/2
f 4701/3/2 4694/3/2 4702/3/2
f 4695/11/2 4696/11/2 4703/11/2
f 4702/2/2 4695/2/2 4703/2/2
f 4703/11/2 4696/11/2 4704/11/2
f 4697/12/2 4698/12/2 4705/12/2
f 4698/9/2 4699/9/2 4706/9/2
f 4705/12/2 4698/12/2 4706/12/2
f 4699/2/2 4700/2/2 4707/2/2
f 4706/9/2 4699/9/2 4707/9/2
f 4700/3/2 4701/3/2 4708/3/2
f 4707/2/2 4700/2/2 4708/2/2
f 4701/2/2 4702/2/2 4709/2/2
f 4708/3/2 4701/3/2 4709/3/2
f 4702/9/2 4703/9/2 4710/9/2
f 4709/2/2 4702/2/2 4710/2/2
f 4703/12/2 4704/12/2 4711/12/2
f 4710/9/2 4703/9/2 4711/9/2
f 4711/12/2 4704/12/2 4712/12/2
f 4705/14/2 4706/14/2 4713/14/2
f 4707/11/2 4708/11/2 4714/11/2
f 4713/14/2 4706/14/2 4714/14/2
f 4706/11/2 4707/11/2 4714/11/2
f 4708/8/2 4709/8/2 4715/8/2
f 4714/11/2 4708/11/2 4715/11/2
f 4709/11/2 4710/11/2 4716/11/2
f 4715/8/2 4709/8/2 4716/8/2
f 4710/12/2 4711/12/2 4717/12/2
f 4716/11/2 4710/11/2 4717/11/2
f 4711/14/2 4712/14/2 4718/14/2
f 4717/12/2 4711/12/2 4718/12/2
f 4718/14/2 4712/14/2 4719/14/2
f 4724/5/2 4725/5/2 4728/5/2
f 4728/5/2 4725/5/2 4729/5/2
f 4726/2/2 4727/2/2 4730/2/2
f 4730/2/2 4727/2/2 4731/2/2
f 4720/15/2 4721/15/2 4732/15/2
f 4732/15/2 4721/15/2 4733/15/2
f 4722/15/2 4723/15/2 4736/15/2
f 4736/15/2 4723/15/2 4737/15/2
f 4734/6/2 4735/6/2 4738/6/2
f 4738/6/2 4735/6/2 4739/6/2
f 4744/2/2 4745/2/2 4748/2/2
f 4748/2/2 4745/2/2 4749/2/2
f 4746/2/2 4747/2/2 4750/2/2
f 4750/2/2 4747/2/2 4751/2/2
f 4740/15/2 4741/15/2 4752/15/2
f 4752/15/2 4741/15/2 4753/15/2
f 4742/15/2 4743/15/2 4756/15/2
f 4756/15/2 4743/15/2 4757/15/2
f 4754/5/2 4755/5/2 4758/5/2
f 4758/5/2 4755/5/2 4759/5/2
f 4764/3/2 4765/3/2 4769/3/2
f 4765/7/2 4766/7/2 4770/7/2
f 4769/3/2 4765/3/2 4770/3/2
f 4770/7/2 4766/7/2 4771/7/2
f 4767/2/2 4768/2/2 4776/2/2
f 4770/4/2 4771/4/2 4777/4/2
f 4771/4/2 4772/4/2 4777/4/2
f 4772/3/2 4773/3/2 4778/3/2
f 4777/4/2 4772/4/2 4778/4/2
f 4773/9/2 4774/9/2 4779/9/2
f 4775/2/2 4776/2/2 4781/2/2
f 4776/2/2 4768/2/2 4782/2/2
f 4781/2/2 4776/2/2 4782/2/2
f 4782/2/2 4768/2/2 4783/2/2
f 4760/15/2 4761/15/2 4784/15/2
f 4784/15/2 4761/15/2 4785/15/2
f 4769/7/2 4770/7/2 4788/7/2
f 4770/4/2 4777/4/2 4789/4/2
f 4788/7/2 4770/7/2 4789/7/2
f 4777/7/2 4778/7/2 4790/7/2
f 4789/4/2 4777/4/2 4790/4/2
f 4778/3/2 4773/3/2 4791/3/2
f 4790/7/2 4778/7/2 4791/7/2
f 4773/9/2 4779/9/2 4792/9/2
f 4791/3/2 4773/3/2 4792/3/2
f 4779/8/2 4780/8/2 4793/8/2
f 4792/9/2 4779/9/2 4793/9/2
f 4793/8/2 4780/8/2 4794/8/2
f 4762/15/2 4763/15/2 4795/15/2
f 4795/15/2 4763/15/2 4796/15/2
f 4786/11/2 4787/11/2 4797/11/2
f 4787/9/2 4788/9/2 4798/9/2
f 4797/11/2 4787/11/2 4798/11/2
f 4788/3/2 4789/3/2 4799/3/2
f 4798/9/2 4788/9/2 4799/9/2
f 4789/7/2 4790/7/2 4800/7/2
f 4799/3/2 4789/3/2 4800/3/2
f 4791/3/2 4792/3/2 4801/3/2
f 4800/7/2 4790/7/2 4801/7/2
f 4790/3/2 4791/3/2 4801/3/2
f 4801/3/2 4792/3/2 4802/3/2
f 4792/10/2 4793/10/2 4803/10/2
f 4802/3/2 4792/3/2 4803/3/2
f 4793/11/2 4794/11/2 4804/11/2
f 4803/10/2 4793/10/2 4804/10/2
f 4804/11/2 4794/11/2 4805/11/2
f 4797/12/2 4798/12/2 4806/12/2
f 4798/10/2 4799/10/2 4807/10/2
f 4806/12/2 4798/12/2 4807/12/2
f 4801/3/2 4802/3/2 4808/3/2
f 4807/10/2 4799/10/2 4808/10/2
f 4799/3/2 4800/3/2 4808/3/2
f 4800/3/2 4801/3/2 4808/3/2
f 4802/2/2 4803/2/2 4809/2/2
f 4808/3/2 4802/3/2 4809/3/2
f 4803/10/2 4804/10/2 4810/10/2
f 4809/2/2 4803/2/2 4810/2/2
f 4804/12/2 4805/12/2 4811/12/2
f 4810/10/2 4804/10/2 4811/10/2
f 4811/12/2 4805/12/2 4812/12/2
f 4806/13/2 4807/13/2 4813/13/2
f 4807/12/2 4808/12/2 4814/12/2
f 4813/13/2 4807/13/2 4814/13/2
f 4808/9/2 4809/9/2 4815/9/2
f 4814/12/2 4808/12/2 4815/12/2
f 4815/9/2 4809/9/2 4816/9/2
f 4816/9/2 4809/9/2 4817/9/2
f 4809/10/2 4810/10/2 4818/10/2
f 4817/9/2 4809/9/2 4818/9/2
f 4810/12/2 4811/12/2 4819/12/2
f 4818/10/2 4810/10/2 4819/10/2
f 4811/13/2 4812/13/2 4820/13/2
f 4819/12/2 4811/12/2 4820/12/2
f 4820/13/2 4812/13/2 4821/13/2
f 4813/14/2 4814/14/2 4822/14/2
f 4814/13/2 4815/13/2 4823/13/2
f 4822/14/2 4814/14/2 4823/14/2
f 4815/11/2 4816/11/2 4824/11/2
f 4823/13/2 4815/13/2 4824/13/2
f 4816/8/2 4817/8/2 4825/8/2
f 4824/11/2 4816/11/2 4825/11/2
f 4817/11/2 4818/11/2 4826/11/2
f 4825/8/2 4817/8/2 4826/8/2
f 4818/12/2 4819/12/2 4827/12/2
f 4826/11/2 4818/11/2 4827/11/2
f 4819/14/2 4820/14/2 4828/14/2
f 4827/12/2 4819/12/2 4828/12/2
f 4820/14/2 4821/14/2 4828/14/2
f 4828/14/2 4821/14/2 4829/14/2
f 4834/2/2 4835/2/2 4836/2/2
f 4836/2/2 4835/2/2 4837/2/2
f 4830/15/2 4831/15/2 4838/15/2
f 4838/15/2 4831/15/2 4839/15/2
f 4832/15/2 4833/15/2 4842/15/2
f 4842/15/2 4833/15/2 4843/15/2
f 4840/5/2 4841/5/2 4844/5/2
f 4844/5/2 4841/5/2 4845/5/2
f 4850/2/2 4851/2/2 4852/2/2
f 4852/2/2 4851/2/2 4853/2/2
f 4846/15/2 4847/15/2 4854/15/2
f 4854/15/2 4847/15/2 4855/15/2
f 4848/15/2 4849/15/2 4856/15/2
f 4856/15/2 4849/15/2 4857/15/2
f 4862/6/2 4863/6/2 4866/6/2
f 4866/6/2 4863/6/2 4867/6/2
f 4864/1/2 4865/1/2 4868/1/2
f 4868/1/2 4865/1/2 4869/1/2
f 4870/14/2 4871/14/2 4872/14/2
f 4872/14/2 4871/14/2 4873/14/2
f 4874/2/2 4875/2/2 4880/2/2
f 4880/2/2 4875/2/2 4881/2/2
f 4876/2/2 4877/2/2 4882/2/2
f 4882/2/2 4877/2/2 4883/2/2
f 4878/10/2 4879/10/2 4885/10/2
f 4885/10/2 4879/10/2 4886/10/2
f 4858/15/2 4859/15/2 4893/15/2
f 4893/15/2 4859/15/2 4894/15/2
f 4884/10/2 4885/10/2 4898/10/2
f 4885/9/2 4886/9/2 4899/9/2
f 4898/10/2 4885/10/2 4899/10/2
f 4886/3/2 4887/3/2 4900/3/2
f 4888/2/2 4889/2/2 4903/2/2
f 4889/9/2 4890/9/2 4904/9/2
f 4903/2/2 4889/2/2 4904/2/2
f 4891/12/2 4892/12/2 4905/12/2
f 4890/10/2 4891/10/2 4905/10/2
f 4905/12/2 4892/12/2 4906/12/2
f 4860/15/2 4861/15/2 4907/15/2
f 4907/15/2 4861/15/2 4908/15/2
f 4895/2/2 4896/2/2 4909/2/2
f 4909/2/2 4896/2/2 4910/2/2
f 4897/11/2 4898/11/2 4911/11/2
f 4898/9/2 4899/9/2 4912/9/2
f 4911/11/2 4898/11/2 4912/11/2
f 4899/9/2 4886/9/2 4913/9/2
f 4912/9/2 4899/9/2 4913/9/2
f 4886/3/2 4900/3/2 4914/3/2
f 4913/9/2 4886/9/2 4914/9/2
f 4900/3/2 4901/3/2 4914/3/2
f 4901/7/2 4902/7/2 4915/7/2
f 4914/3/2 4901/3/2 4915/3/2
f 4915/7/2 4902/7/2 4916/7/2
f 4916/7/2 4902/7/2 4917/7/2
f 4903/3/2 4904/3/2 4918/3/2
f 4917/7/2 4902/7/2 4918/7/2
f 4902/3/2 4903/3/2 4918/3/2
f 4918/3/2 4904/3/2 4919/3/2
f 4904/9/2 4890/9/2 4920/9/2
f 4919/3/2 4904/3/2 4920/3/2
f 4890/10/2 4905/10/2 4921/10/2
f 4920/9/2 4890/9/2 4921/9/2
f 4905/11/2 4906/11/2 4922/11/2
f 4921/10/2 4905/10/2 4922/10/2
f 4922/11/2 4906/11/2 4923/11/2
f 4911/8/2 4912/8/2 4924/8/2
f 4912/9/2 4913/9/2 4924/9/2
f 4913/2/2 4914/2/2 4925/2/2
f 4924/9/2 4913/9/2 4925/9/2
f 4914/7/2 4915/7/2 4926/7/2
f 4915/4/2 4916/4/2 4927/4/2
f 4926/7/2 4915/7/2 4927/7/2
f 4916/7/2 4917/7/2 4928/7/2
f 4927/4/2 4916/4/2 4928/4/2
f 4918/4/2 4919/4/2 4929/4/2
f 4928/7/2 4917/7/2 4929/7/2
f 4917/4/2 4918/4/2 4929/4/2
f 4929/4/2 4919/4/2 4930/4/2
f 4911/8/2 4924/8/2 4931/8/2
f 4924/2/2 4925/2/2 4931/2/2
f 4925/2/2 4914/2/2 4932/2/2
f 4931/2/2 4925/2/2 4932/2/2
f 4926/4/2 4927/4/2 4933/4/2
f 4914/7/2 4926/7/2 4933/7/2
f 4927/7/2 4928/7/2 4934/7/2
f 4933/4/2 4927/4/2 4934/4/2
f 4928/4/2 4929/4/2 4935/4/2
f 4934/7/2 4928/7/2 4935/7/2
f 4929/7/2 4930/7/2 4936/7/2
f 4935/4/2 4929/4/2 4936/4/2
f 4930/4/2 4919/4/2 4937/4/2
f 4936/7/2 4930/7/2 4937/7/2
f 4919/3/2 4920/3/2 4938/3/2
f 4937/4/2 4919/4/2 4938/4/2
f 4911/8/2 4931/8/2 4939/8/2
f 4931/9/2 4932/9/2 4940/9/2
f 4939/8/2 4931/8/2 4940/8/2
f 4932/2/2 4914/2/2 4941/2/2
f 4940/9/2 4932/9/2 4941/9/2
f 4914/7/2 4933/7/2 4942/7/2
f 4941/2/2 4914/2/2 4942/2/2
f 4933/7/2 4934/7/2 4942/7/2
f 4936/4/2 4937/4/2 4943/4/2
f 4942/7/2 4934/7/2 4943/7/2
f 4935/4/2 4936/4/2 4943/4/2
f 4934/4/2 4935/4/2 4943/4/2
f 4937/7/2 4938/7/2 4944/7/2
f 4943/4/2 4937/4/2 4944/4/2
f 4938/3/2 4920/3/2 4945/3/2
f 4944/7/2 4938/7/2 4945/7/2
f 4920/2/2 4921/2/2 4946/2/2
f 4945/3/2 4920/3/2 4946/3/2
f 4921/9/2 4922/9/2 4947/9/2
f 4946/2/2 4921/2/2 4947/2/2
f 4922/8/2 4923/8/2 4948/8/2
f 4947/9/2 4922/9/2 4948/9/2
f 4948/8/2 4923/8/2 4949/8/2
f 4939/11/2 4940/11/2 4950/11/2
f 4940/9/2 4941/9/2 4951/9/2
f 4950/11/2 4940/11/2 4951/11/2
f 4941/9/2 4942/9/2 4951/9/2
f 4951/9/2 4942/9/2 4952/9/2
f 4942/3/2 4943/3/2 4953/3/2
f 4943/7/2 4944/7/2 4953/7/2
f 4944/3/2 4945/3/2 4954/3/2
f 4953/7/2 4944/7/2 4954/7/2
f 4945/3/2 4946/3/2 4954/3/2
f 4954/3/2 4946/3/2 4955/3/2
f 4946/9/2 4947/9/2 4956/9/2
f 4955/3/2 4946/3/2 4956/3/2
f 4948/11/2 4949/11/2 4957/11/2
f 4947/10/2 4948/10/2 4957/10/2
f 4957/11/2 4949/11/2 4958/11/2
f 4950/12/2 4951/12/2 4959/12/2
f 4951/10/2 4952/10/2 4960/10/2
f 4959/12/2 4951/12/2 4960/12/2
f 4952/9/2 4942/9/2 4961/9/2
f 4960/10/2 4952/10/2 4961/10/2
f 4942/3/2 4953/3/2 4962/3/2
f 4961/9/2 4942/9/2 4962/9/2
f 4954/3/2 4955/3/2 4962/3/2
f 4953/3/2 4954/3/2 4962/3/2
f 4962/3/2 4955/3/2 4963/3/2
f 4955/2/2 4956/2/2 4964/2/2
f 4963/3/2 4955/3/2 4964/3/2
f 4956/9/2 4947/9/2 4965/9/2
f 4964/2/2 4956/2/2 4965/2/2
f 4947/10/2 4957/10/2 4966/10/2
f 4965/9/2 4947/9/2 4966/9/2
f 4957/12/2 4958/12/2 4967/12/2
f 4966/10/2 4957/10/2 4967/10/2
f 4967/12/2 4958/12/2 4968/12/2
f 4960/10/2 4961/10/2 4969/10/2
f 4959/13/2 4960/13/2 4969/13/2
f 4961/10/2 4962/10/2 4969/10/2
f 4969/10/2 4962/10/2 4970/10/2
f 4963/2/2 4964/2/2 4971/2/2
f 4962/9/2 4963/9/2 4971/9/2
f 4971/2/2 4964/2/2 4972/2/2
f 4972/2/2 4964/2/2 4973/2/2
f 4964/9/2 4965/9/2 4974/9/2
f 4973/2/2 4964/2/2 4974/2/2
f 4965/10/2 4966/10/2 4975/10/2
f 4974/9/2 4965/9/2 4975/9/2
f 4959/13/2 4969/13/2 4976/13/2
f 4969/12/2 4970/12/2 4977/12/2
f 4976/13/2 4969/13/2 4977/13/2
f 4970/10/2 4962/10/2 4978/10/2
f 4977/12/2 4970/12/2 4978/12/2
f 4962/9/2 4971/9/2 4979/9/2
f 4978/10/2 4962/10/2 4979/10/2
f 4971/9/2 4972/9/2 4979/9/2
f 4979/9/2 4972/9/2 4980/9/2
f 4972/2/2 4973/2/2 4981/2/2
f 4980/9/2 4972/9/2 4981/9/2
f 4973/9/2 4974/9/2 4982/9/2
f 4981/2/2 4973/2/2 4982/2/2
f 4982/9/2 4974/9/2 4983/9/2
f 4974/10/2 4975/10/2 4984/10/2
f 4983/9/2 4974/9/2 4984/9/2
f 4975/10/2 4966/10/2 4985/10/2
f 4984/10/2 4975/10/2 4985/10/2
f 4966/12/2 4967/12/2 4986/12/2
f 4985/10/2 4966/10/2 4986/10/2
f 4967/13/2 4968/13/2 4987/13/2
f 4986/12/2 4967/12/2 4987/12/2
f 4987/13/2 4968/13/2 4988/13/2
f 4976/14/2 4977/14/2 4989/14/2
f 4977/13/2 4978/13/2 4990/13/2
f 4989/14/2 4977/14/2 4990/14/2
f 4978/13/2 4979/13/2 4990/13/2
f 4979/11/2 4980/11/2 4991/11/2
f 4990/13/2 4979/13/2 4991/13/2
f 4980/8/2 4981/8/2 4992/8/2
f 4991/11/2 4980/11/2 4992/11/2
f 4982/8/2 4983/8/2 4992/8/2
f 4981/8/2 4982/8/2 4992/8/2
f 4983/11/2 4984/11/2 4993/11/2
f 4992/8/2 4983/8/2 4993/8/2
f 4984/12/2 4985/12/2 4994/12/2
f 4993/11/2 4984/11/2 4994/11/2
f 4985/13/2 4986/13/2 4995/13/2
f 4994/12/2 4985/12/2 4995/12/2
f 4986/14/2 4987/14/2 4996/14/2
f 4995/13/2 4986/13/2 4996/13/2
f 4987/14/2 4988/14/2 4996/14/2
f 4996/14/2 4988/14/2 4997/14/2
f 5002/2/2 5003/2/2 5006/2/2
f 5003/2/2 5004/2/2 5006/2/2
f 5006/2/2 5004/2/2 5007/2/2
f 5007/2/2 5004/2/2 5008/2/2
f 5005/2/2 5006/2/2 5009/2/2
f 5006/2/2 5007/2/2 5009/2/2
f 5009/2/2 5007/2/2 5010/2/2
f 5005/2/2 5009/2/2 5013/2/2
f 5010/2/2 5007/2/2 5014/2/2
f 5014/2/2 5007/2/2 5015/2/2
f 5011/2/2 5012/2/2 5016/2/2
f 5016/2/2 5012/2/2 5017/2/2
f 4998/15/2 4999/15/2 5024/15/2
f 5024/15/2 4999/15/2 5025/15/2
f 5005/2/2 5013/2/2 5026/2/2
f 5013/11/2 5014/11/2 5027/11/2
f 5026/2/2 5013/2/2 5027/2/2
f 5027/11/2 5014/11/2 5028/11/2
f 5018/2/2 5019/2/2 5033/2/2
f 5033/2/2 5019/2/2 5034/2/2
f 5020/6/2 5021/6/2 5035/6/2
f 5035/6/2 5021/6/2 5036/6/2
f 5022/6/2 5023/6/2 5037/6/2
f 5037/6/2 5023/6/2 5038/6/2
f 5000/15/2 5001/15/2 5039/15/2
f 5039/15/2 5001/15/2 5040/15/2
f 5027/11/2 5028/11/2 5041/11/2
f 5028/2/2 5029/2/2 5042/2/2
f 5041/11/2 5028/11/2 5042/11/2
f 5029/3/2 5030/3/2 5043/3/2
f 5042/2/2 5029/2/2 5043/2/2
f 5030/2/2 5031/2/2 5044/2/2
f 5043/3/2 5030/3/2 5044/3/2
f 5031/11/2 5032/11/2 5045/11/2
f 5044/2/2 5031/2/2 5045/2/2
f 5045/11/2 5032/11/2 5046/11/2
f 5041/8/2 5042/8/2 5047/8/2
f 5042/3/2 5043/3/2 5048/3/2
f 5047/8/2 5042/8/2 5048/8/2
f 5043/4/2 5044/4/2 5049/4/2
f 5048/3/2 5043/3/2 5049/3/2
f 5044/3/2 5045/3/2 5050/3/2
f 5049/4/2 5044/4/2 5050/4/2
f 5045/8/2 5046/8/2 5051/8/2
f 5050/3/2 5045/3/2 5051/3/2
f 5051/8/2 5046/8/2 5052/8/2
f 5047/11/2 5048/11/2 5053/11/2
f 5048/2/2 5049/2/2 5054/2/2
f 5053/11/2 5048/11/2 5054/11/2
f 5049/3/2 5050/3/2 5055/3/2
f 5054/2/2 5049/2/2 5055/2/2
f 5050/2/2 5051/2/2 5056/2/2
f 5055/3/2 5050/3/2 5056/3/2
f 5051/11/2 5052/11/2 5057/11/2
f 5056/2/2 5051/2/2 5057/2/2
f 5057/11/2 5052/11/2 5058/11/2
f 5053/13/2 5054/13/2 5059/13/2
f 5054/11/2 5055/11/2 5060/11/2
f 5059/13/2 5054/13/2 5060/13/2
f 5055/8/2 5056/8/2 5061/8/2
f 5060/11/2 5055/11/2 5061/11/2
f 5056/11/2 5057/11/2 5062/11/2
f 5061/8/2 5056/8/2 5062/8/2
f 5057/13/2 5058/13/2 5063/13/2
f 5062/11/2 5057/11/2 5063/11/2
f 5063/13/2 5058/13/2 5064/13/2
f 5069/2/2 5070/2/2 5073/2/2
f 5073/2/2 5070/2/2 5074/2/2
f 5071/6/2 5072/6/2 5075/6/2
f 5075/6/2 5072/6/2 5076/6/2
f 5077/2/2 5078/2/2 5083/2/2
f 5083/2/2 5078/2/2 5084/2/2
f 5079/6/2 5080/6/2 5085/6/2
f 5085/6/2 5080/6/2 5086/6/2
f 5065/15/2 5066/15/2 5089/15/2
f 5089/15/2 5066/15/2 5090/15/2
f 5081/2/2 5082/2/2 5091/2/2
f 5091/2/2 5082/2/2 5092/2/2
f 5087/6/2 5088/6/2 5093/6/2
f 5093/6/2 5088/6/2 5094/6/2
f 5067/15/2 5068/15/2 5095/15/2
f 5095/15/2 5068/15/2 5096/15/2
f 5097/15/2 5098/15/2 5101/15/2
f 5101/15/2 5098/15/2 5102/15/2
f 5099/15/2 5100/15/2 5103/15/2
f 5103/15/2 5100/15/2 5104/15/2
f 5105/15/2 5106/15/2 5109/15/2
f 5109/15/2 5106/15/2 5110/15/2
f 5107/15/2 5108/15/2 5111/15/2
f 5111/15/2 5108/15/2 5112/15/2
f 5113/15/2 5114/15/2 5115/15/2
f 5115/15/2 5114/15/2 5116/15/2
f 5119/15/3 5118/15/3 5117/15/3
f 5120/15/3 5118/15/3 5119/15/3
f 5123/15/3 5122/15/3 5121/15/3
f 5124/15/3 5122/15/3 5123/15/3
f 5127/15/3 5126/15/3 5125/15/3
f 5128/15/3 5126/15/3 5127/15/3
f 5131/15/3 5130/15/3 5129/15/3
f 5132/15/3 5130/15/3 5131/15/3
f 5135/15/3 5134/15/3 5133/15/3
f 5136/15/3 5134/15/3 5135/15/3
f 5139/15/3 5138/15/3 5137/15/3
f 5140/15/3 5138/15/3 5139/15/3
f 5143/2/3 5142/2/3 5141/2/3
f 5144/2/3 5142/2/3 5143/2/3
f 5145/2/3 5142/2/3 5144/2/3
f 5149/5/3 5147/5/3 5146/5/3
f 5150/2/3 5149/2/3 5148/2/3
f 5151/5/3 5147/5/3 5149/5/3
f 5151/2/3 5149/2/3 5150/2/3
f 5152/5/3 5147/5/3 5151/5/3
f 5153/5/3 5151/5/3 5150/5/3
f 5154/5/3 5151/5/3 5153/5/3
f 5157/15/3 5156/15/3 5155/15/3
f 5158/15/3 5156/15/3 5157/15/3
f 5161/15/3 5160/15/3 5159/15/3
f 5162/15/3 5160/15/3 5161/15/3
f 5165/2/3 5164/2/3 5163/2/3
f 5166/2/3 5164/2/3 5165/2/3
f 5168/2/3 5167/2/3 5166/2/3
f 5169/2/3 5167/2/3 5168/2/3
f 5172/5/3 5170/5/3 5169/5/3
f 5173/2/3 5172/2/3 5171/2/3
f 5174/5/3 5170/5/3 5172/5/3
f 5174/2/3 5172/2/3 5173/2/3
f 5175/5/3 5170/5/3 5174/5/3
f 5178/5/3 5177/5/3 5176/5/3
f 5179/5/3 5177/5/3 5178/5/3
f 5182/15/3 5181/15/3 5180/15/3
f 5183/15/3 5181/15/3 5182/15/3
f 5186/15/3 5185/15/3 5184/15/3
f 5187/15/3 5185/15/3 5186/15/3
f 5190/6/3 5189/6/3 5188/6/3
f 5191/6/3 5189/6/3 5190/6/3
f 5194/2/3 5193/2/3 5192/2/3
f 5196/2/3 5194/2/3 5192/2/3
f 5196/2/3 5195/2/3 5194/2/3
f 5197/2/3 5195/2/3 5196/2/3
f 5198/2/3 5195/2/3 5197/2/3
f 5201/5/3 5200/5/3 5199/5/3
f 5202/5/3 5200/5/3 5201/5/3
f 5210/3/3 5202/3/3 5201/3/3
f 5211/14/3 5203/14/3 5202/14/3
f 5211/3/3 5202/3/3 5210/3/3
f 5212/12/3 5204/12/3 5203/12/3
f 5212/14/3 5203/14/3 5211/14/3
f 5213/11/3 5205/11/3 5204/11/3
f 5213/12/3 5204/12/3 5212/12/3
f 5214/8/3 5206/8/3 5205/8/3
f 5214/11/3 5205/11/3 5213/11/3
f 5215/11/3 5207/11/3 5206/11/3
f 5215/8/3 5206/8/3 5214/8/3
f 5216/12/3 5208/12/3 5207/12/3
f 5216/11/3 5207/11/3 5215/11/3
f 5217/14/3 5209/14/3 5208/14/3
f 5217/12/3 5208/12/3 5216/12/3
f 5218/14/3 5209/14/3 5217/14/3
f 5219/12/3 5212/12/3 5211/12/3
f 5220/2/3 5213/2/3 5212/2/3
f 5220/12/3 5212/12/3 5219/12/3
f 5221/3/3 5214/3/3 5213/3/3
f 5221/2/3 5213/2/3 5220/2/3
f 5222/2/3 5216/2/3 5215/2/3
f 5222/3/3 5214/3/3 5221/3/3
f 5222/2/3 5215/2/3 5214/2/3
f 5223/2/3 5216/2/3 5222/2/3
f 5224/1/3 5217/1/3 5216/1/3
f 5224/2/3 5216/2/3 5223/2/3
f 5225/12/3 5218/12/3 5217/12/3
f 5225/1/3 5217/1/3 5224/1/3
f 5226/12/3 5218/12/3 5225/12/3
f 5227/3/3 5221/3/3 5220/3/3
f 5227/11/3 5220/11/3 5219/11/3
f 5227/3/3 5222/3/3 5221/3/3
f 5228/3/3 5222/3/3 5227/3/3
f 5229/7/3 5223/7/3 5222/7/3
f 5229/3/3 5222/3/3 5228/3/3
f 5230/3/3 5224/3/3 5223/3/3
f 5230/7/3 5223/7/3 5229/7/3
f 5231/9/3 5225/9/3 5224/9/3
f 5231/3/3 5224/3/3 5230/3/3
f 5232/11/3 5226/11/3 5225/11/3
f 5232/9/3 5225/9/3 5231/9/3
f 5233/7/3 5229/7/3 5228/7/3
f 5233/7/3 5231/7/3 5230/7/3
f 5233/2/3 5228/2/3 5227/2/3
f 5233/7/3 5230/7/3 5229/7/3
f 5234/7/3 5231/7/3 5233/7/3
f 5235/7/3 5231/7/3 5234/7/3
f 5236/2/3 5232/2/3 5231/2/3
f 5236/7/3 5231/7/3 5235/7/3
f 5237/11/3 5226/11/3 5232/11/3
f 5237/2/3 5232/2/3 5236/2/3
f 5238/11/3 5227/11/3 5219/11/3
f 5239/2/3 5233/2/3 5227/2/3
f 5239/11/3 5227/11/3 5238/11/3
f 5240/3/3 5234/3/3 5233/3/3
f 5240/2/3 5233/2/3 5239/2/3
f 5241/7/3 5235/7/3 5234/7/3
f 5241/3/3 5234/3/3 5240/3/3
f 5242/3/3 5236/3/3 5235/3/3
f 5242/7/3 5235/7/3 5241/7/3
f 5242/3/3 5237/3/3 5236/3/3
f 5243/11/3 5226/11/3 5237/11/3
f 5243/3/3 5237/3/3 5242/3/3
f 5244/11/3 5226/11/3 5243/11/3
f 5245/12/3 5239/12/3 5238/12/3
f 5246/1/3 5240/1/3 5239/1/3
f 5246/12/3 5239/12/3 5245/12/3
f 5247/2/3 5241/2/3 5240/2/3
f 5247/1/3 5240/1/3 5246/1/3
f 5248/3/3 5242/3/3 5241/3/3
f 5248/2/3 5241/2/3 5247/2/3
f 5249/2/3 5243/2/3 5242/2/3
f 5249/3/3 5242/3/3 5248/3/3
f 5250/2/3 5243/2/3 5249/2/3
f 5251/12/3 5244/12/3 5243/12/3
f 5251/2/3 5243/2/3 5250/2/3
f 5252/12/3 5244/12/3 5251/12/3
f 5253/14/3 5246/14/3 5245/14/3
f 5254/12/3 5247/12/3 5246/12/3
f 5254/14/3 5246/14/3 5253/14/3
f 5255/11/3 5248/11/3 5247/11/3
f 5255/12/3 5247/12/3 5254/12/3
f 5256/8/3 5249/8/3 5248/8/3
f 5256/11/3 5248/11/3 5255/11/3
f 5257/11/3 5250/11/3 5249/11/3
f 5257/8/3 5249/8/3 5256/8/3
f 5258/12/3 5251/12/3 5250/12/3
f 5258/11/3 5250/11/3 5257/11/3
f 5259/14/3 5252/14/3 5251/14/3
f 5259/12/3 5251/12/3 5258/12/3
f 5260/14/3 5252/14/3 5259/14/3
f 5263/15/3 5262/15/3 5261/15/3
f 5264/15/3 5262/15/3 5263/15/3
f 5267/15/3 5266/15/3 5265/15/3
f 5268/15/3 5266/15/3 5267/15/3
f 5271/2/3 5270/2/3 5269/2/3
f 5272/2/3 5270/2/3 5271/2/3
f 5273/2/3 5270/2/3 5272/2/3
f 5274/2/3 5270/2/3 5273/2/3
f 5283/12/3 5276/12/3 5275/12/3
f 5284/11/3 5277/11/3 5276/11/3
f 5284/12/3 5276/12/3 5283/12/3
f 5285/8/3 5278/8/3 5277/8/3
f 5285/11/3 5277/11/3 5284/11/3
f 5286/8/3 5278/8/3 5285/8/3
f 5287/8/3 5278/8/3 5286/8/3
f 5288/11/3 5279/11/3 5278/11/3
f 5288/8/3 5278/8/3 5287/8/3
f 5289/12/3 5280/12/3 5279/12/3
f 5289/11/3 5279/11/3 5288/11/3
f 5290/13/3 5281/13/3 5280/13/3
f 5290/12/3 5280/12/3 5289/12/3
f 5291/13/3 5281/13/3 5290/13/3
f 5292/14/3 5282/14/3 5281/14/3
f 5292/13/3 5281/13/3 5291/13/3
f 5293/14/3 5282/14/3 5292/14/3
f 5294/9/3 5285/9/3 5284/9/3
f 5294/9/3 5286/9/3 5285/9/3
f 5295/9/3 5286/9/3 5294/9/3
f 5296/2/3 5287/2/3 5286/2/3
f 5296/9/3 5286/9/3 5295/9/3
f 5297/9/3 5288/9/3 5287/9/3
f 5297/2/3 5287/2/3 5296/2/3
f 5297/9/3 5289/9/3 5288/9/3
f 5298/9/3 5289/9/3 5297/9/3
f 5299/10/3 5291/10/3 5290/10/3
f 5299/9/3 5289/9/3 5298/9/3
f 5299/10/3 5290/10/3 5289/10/3
f 5300/10/3 5291/10/3 5299/10/3
f 5301/12/3 5292/12/3 5291/12/3
f 5301/10/3 5291/10/3 5300/10/3
f 5302/13/3 5293/13/3 5292/13/3
f 5302/12/3 5292/12/3 5301/12/3
f 5303/2/3 5298/2/3 5297/2/3
f 5303/2/3 5296/2/3 5295/2/3
f 5303/2/3 5297/2/3 5296/2/3
f 5304/9/3 5299/9/3 5298/9/3
f 5304/2/3 5298/2/3 5303/2/3
f 5304/9/3 5300/9/3 5299/9/3
f 5305/9/3 5300/9/3 5304/9/3
f 5306/10/3 5302/10/3 5301/10/3
f 5306/9/3 5300/9/3 5305/9/3
f 5306/10/3 5301/10/3 5300/10/3
f 5307/10/3 5302/10/3 5306/10/3
f 5308/13/3 5293/13/3 5302/13/3
f 5308/10/3 5302/10/3 5307/10/3
f 5309/13/3 5293/13/3 5308/13/3
f 5311/3/3 5305/3/3 5304/3/3
f 5311/3/3 5304/3/3 5303/3/3
f 5312/3/3 5305/3/3 5311/3/3
f 5313/2/3 5306/2/3 5305/2/3
f 5313/3/3 5305/3/3 5312/3/3
f 5314/9/3 5307/9/3 5306/9/3
f 5314/2/3 5306/2/3 5313/2/3
f 5315/10/3 5308/10/3 5307/10/3
f 5315/9/3 5307/9/3 5314/9/3
f 5316/12/3 5309/12/3 5308/12/3
f 5316/10/3 5308/10/3 5315/10/3
f 5317/12/3 5309/12/3 5316/12/3
f 5318/3/3 5311/3/3 5310/3/3
f 5319/7/3 5312/7/3 5311/7/3
f 5319/3/3 5311/3/3 5318/3/3
f 5320/7/3 5312/7/3 5319/7/3
f 5321/3/3 5313/3/3 5312/3/3
f 5321/9/3 5315/9/3 5314/9/3
f 5321/3/3 5314/3/3 5313/3/3
f 5321/9/3 5316/9/3 5315/9/3
f 5322/9/3 5316/9/3 5321/9/3
f 5323/4/3 5320/4/3 5319/4/3
f 5324/7/3 5312/7/3 5320/7/3
f 5324/4/3 5320/4/3 5323/4/3
f 5325/3/3 5321/3/3 5312/3/3
f 5325/7/3 5312/7/3 5324/7/3
f 5326/3/3 5321/3/3 5325/3/3
f 5327/9/3 5316/9/3 5322/9/3
f 5327/2/3 5322/2/3 5321/2/3
f 5328/11/3 5317/11/3 5316/11/3
f 5328/9/3 5316/9/3 5327/9/3
f 5329/11/3 5317/11/3 5328/11/3
f 5330/4/3 5323/4/3 5319/4/3
f 5331/7/3 5324/7/3 5323/7/3
f 5331/4/3 5323/4/3 5330/4/3
f 5332/4/3 5325/4/3 5324/4/3
f 5332/7/3 5324/7/3 5331/7/3
f 5333/7/3 5326/7/3 5325/7/3
f 5333/4/3 5325/4/3 5332/4/3
f 5334/2/3 5327/2/3 5321/2/3
f 5334/2/3 5328/2/3 5327/2/3
f 5335/8/3 5329/8/3 5328/8/3
f 5335/2/3 5328/2/3 5334/2/3
f 5336/8/3 5329/8/3 5335/8/3
f 5338/7/3 5331/7/3 5330/7/3
f 5339/4/3 5332/4/3 5331/4/3
f 5339/7/3 5331/7/3 5338/7/3
f 5340/7/3 5333/7/3 5332/7/3
f 5340/4/3 5332/4/3 5339/4/3
f 5341/7/3 5326/7/3 5333/7/3
f 5341/7/3 5333/7/3 5340/7/3
f 5342/3/3 5321/3/3 5326/3/3
f 5342/7/3 5326/7/3 5341/7/3
f 5343/2/3 5334/2/3 5321/2/3
f 5343/3/3 5321/3/3 5342/3/3
f 5344/9/3 5335/9/3 5334/9/3
f 5344/2/3 5334/2/3 5343/2/3
f 5346/3/3 5338/3/3 5337/3/3
f 5347/7/3 5341/7/3 5340/7/3
f 5347/7/3 5340/7/3 5339/7/3
f 5347/3/3 5338/3/3 5346/3/3
f 5347/7/3 5339/7/3 5338/7/3
f 5348/3/3 5342/3/3 5341/3/3
f 5348/7/3 5341/7/3 5347/7/3
f 5348/3/3 5343/3/3 5342/3/3
f 5349/9/3 5344/9/3 5343/9/3
f 5349/3/3 5343/3/3 5348/3/3
f 5350/9/3 5335/9/3 5344/9/3
f 5350/9/3 5344/9/3 5349/9/3
f 5351/11/3 5336/11/3 5335/11/3
f 5351/9/3 5335/9/3 5350/9/3
f 5352/11/3 5336/11/3 5351/11/3
f 5353/2/3 5346/2/3 5345/2/3
f 5353/2/3 5347/2/3 5346/2/3
f 5354/3/3 5348/3/3 5347/3/3
f 5354/2/3 5347/2/3 5353/2/3
f 5355/2/3 5349/2/3 5348/2/3
f 5355/3/3 5348/3/3 5354/3/3
f 5356/9/3 5350/9/3 5349/9/3
f 5356/2/3 5349/2/3 5355/2/3
f 5357/10/3 5351/10/3 5350/10/3
f 5357/9/3 5350/9/3 5356/9/3
f 5358/12/3 5352/12/3 5351/12/3
f 5358/10/3 5351/10/3 5357/10/3
f 5359/12/3 5352/12/3 5358/12/3
f 5360/9/3 5354/9/3 5353/9/3
f 5361/9/3 5354/9/3 5360/9/3
f 5362/2/3 5355/2/3 5354/2/3
f 5362/9/3 5354/9/3 5361/9/3
f 5363/2/3 5355/2/3 5362/2/3
f 5364/2/3 5355/2/3 5363/2/3
f 5365/9/3 5356/9/3 5355/9/3
f 5365/2/3 5355/2/3 5364/2/3
f 5366/9/3 5356/9/3 5365/9/3
f 5367/10/3 5357/10/3 5356/10/3
f 5367/9/3 5356/9/3 5366/9/3
f 5367/10/3 5358/10/3 5357/10/3
f 5368/10/3 5358/10/3 5367/10/3
f 5369/13/3 5359/13/3 5358/13/3
f 5369/10/3 5358/10/3 5368/10/3
f 5370/10/3 5361/10/3 5360/10/3
f 5371/9/3 5362/9/3 5361/9/3
f 5371/10/3 5361/10/3 5370/10/3
f 5371/9/3 5363/9/3 5362/9/3
f 5372/9/3 5363/9/3 5371/9/3
f 5373/2/3 5364/2/3 5363/2/3
f 5373/9/3 5363/9/3 5372/9/3
f 5374/9/3 5366/9/3 5365/9/3
f 5374/2/3 5364/2/3 5373/2/3
f 5374/9/3 5365/9/3 5364/9/3
f 5375/9/3 5366/9/3 5374/9/3
f 5376/10/3 5368/10/3 5367/10/3
f 5376/9/3 5366/9/3 5375/9/3
f 5376/10/3 5367/10/3 5366/10/3
f 5377/10/3 5368/10/3 5376/10/3
f 5378/12/3 5369/12/3 5368/12/3
f 5378/10/3 5368/10/3 5377/10/3
f 5379/13/3 5359/13/3 5369/13/3
f 5379/12/3 5369/12/3 5378/12/3
f 5380/13/3 5359/13/3 5379/13/3
f 5381/12/3 5371/12/3 5370/12/3
f 5382/11/3 5372/11/3 5371/11/3
f 5382/12/3 5371/12/3 5381/12/3
f 5383/8/3 5373/8/3 5372/8/3
f 5383/11/3 5372/11/3 5382/11/3
f 5383/8/3 5375/8/3 5374/8/3
f 5383/8/3 5374/8/3 5373/8/3
f 5384/11/3 5376/11/3 5375/11/3
f 5384/8/3 5375/8/3 5383/8/3
f 5385/12/3 5377/12/3 5376/12/3
f 5385/11/3 5376/11/3 5384/11/3
f 5386/13/3 5378/13/3 5377/13/3
f 5386/12/3 5377/12/3 5385/12/3
f 5386/13/3 5379/13/3 5378/13/3
f 5387/14/3 5380/14/3 5379/14/3
f 5387/13/3 5379/13/3 5386/13/3
f 5388/14/3 5380/14/3 5387/14/3
f 5391/6/3 5390/6/3 5389/6/3
f 5392/6/3 5391/6/3 5389/6/3
f 5393/6/3 5391/6/3 5392/6/3
f 5396/6/3 5395/6/3 5394/6/3
f 5397/6/3 5395/6/3 5396/6/3
f 5400/15/3 5399/15/3 5398/15/3
f 5401/15/3 5399/15/3 5400/15/3
f 5404/15/3 5403/15/3 5402/15/3
f 5405/15/3 5403/15/3 5404/15/3
f 5408/2/3 5407/2/3 5406/2/3
f 5411/2/3 5408/2/3 5406/2/3
f 5411/2/3 5409/2/3 5408/2/3
f 5412/5/3 5410/5/3 5409/5/3
f 5412/2/3 5409/2/3 5411/2/3
f 5414/5/3 5410/5/3 5412/5/3
f 5415/2/3 5414/2/3 5413/2/3
f 5416/5/3 5410/5/3 5414/5/3
f 5416/2/3 5414/2/3 5415/2/3
f 5417/5/3 5410/5/3 5416/5/3
f 5420/6/3 5419/6/3 5418/6/3
f 5421/6/3 5419/6/3 5420/6/3
f 5424/6/3 5423/6/3 5422/6/3
f 5425/6/3 5423/6/3 5424/6/3
f 5431/11/3 5427/11/3 5426/11/3
f 5432/11/3 5427/11/3 5431/11/3
f 5433/9/3 5428/9/3 5427/9/3
f 5433/11/3 5427/11/3 5432/11/3
f 5434/11/3 5429/11/3 5428/11/3
f 5434/9/3 5428/9/3 5433/9/3
f 5435/13/3 5430/13/3 5429/13/3
f 5435/11/3 5429/11/3 5434/11/3
f 5436/13/3 5430/13/3 5435/13/3
f 5437/8/3 5432/8/3 5431/8/3
f 5438/2/3 5433/2/3 5432/2/3
f 5438/8/3 5432/8/3 5437/8/3
f 5439/3/3 5434/3/3 5433/3/3
f 5439/2/3 5433/2/3 5438/2/3
f 5440/9/3 5435/9/3 5434/9/3
f 5440/3/3 5434/3/3 5439/3/3
f 5441/11/3 5436/11/3 5435/11/3
f 5441/9/3 5435/9/3 5440/9/3
f 5442/11/3 5436/11/3 5441/11/3
f 5443/2/3 5438/2/3 5437/2/3
f 5444/3/3 5439/3/3 5438/3/3
f 5444/2/3 5438/2/3 5443/2/3
f 5445/4/3 5440/4/3 5439/4/3
f 5445/3/3 5439/3/3 5444/3/3
f 5446/3/3 5441/3/3 5440/3/3
f 5446/4/3 5440/4/3 5445/4/3
f 5447/8/3 5442/8/3 5441/8/3
f 5447/3/3 5441/3/3 5446/3/3
f 5448/8/3 5442/8/3 5447/8/3
f 5449/8/3 5444/8/3 5443/8/3
f 5450/3/3 5445/3/3 5444/3/3
f 5450/8/3 5444/8/3 5449/8/3
f 5450/3/3 5446/3/3 5445/3/3
f 5451/2/3 5447/2/3 5446/2/3
f 5451/3/3 5446/3/3 5450/3/3
f 5452/11/3 5448/11/3 5447/11/3
f 5452/2/3 5447/2/3 5451/2/3
f 5453/11/3 5448/11/3 5452/11/3
f 5454/11/3 5452/11/3 5451/11/3
f 5455/13/3 5453/13/3 5452/13/3
f 5455/11/3 5452/11/3 5454/11/3
f 5456/13/3 5453/13/3 5455/13/3
f 5459/15/3 5458/15/3 5457/15/3
f 5460/15/3 5458/15/3 5459/15/3
f 5463/15/3 5462/15/3 5461/15/3
f 5464/15/3 5462/15/3 5463/15/3
f 5467/5/3 5466/5/3 5465/5/3
f 5468/5/3 5466/5/3 5467/5/3
f 5471/6/3 5470/6/3 5469/6/3
f 5472/6/3 5470/6/3 5471/6/3
f 5475/6/3 5474/6/3 5473/6/3
f 5476/6/3 5474/6/3 5475/6/3
f 5479/15/3 5478/15/3 5477/15/3
f 5480/15/3 5478/15/3 5479/15/3
f 5483/15/3 5482/15/3 5481/15/3
f 5484/15/3 5482/15/3 5483/15/3
f 5487/6/3 5486/6/3 5485/6/3
f 5488/6/3 5486/6/3 5487/6/3
f 5491/5/3 5490/5/3 5489/5/3
f 5492/5/3 5490/5/3 5491/5/3
f 5493/3/3 5492/3/3 5491/3/3
f 5494/3/3 5492/3/3 5493/3/3
f 5497/6/3 5496/6/3 5495/6/3
f 5498/6/3 5496/6/3 5497/6/3
f 5501/6/3 5500/6/3 5499/6/3
f 5502/6/3 5500/6/3 5501/6/3
f 5505/15/3 5504/15/3 5503/15/3
f 5506/15/3 5504/15/3 5505/15/3
f 5509/15/3 5508/15/3 5507/15/3
f 5510/15/3 5508/15/3 5509/15/3
f 5513/6/3 5512/6/3 5511/6/3
f 5514/6/3 5512/6/3 5513/6/3
f 5517/6/3 5516/6/3 5515/6/3
f 5518/6/3 5516/6/3 5517/6/3
f 5521/15/3 5520/15/3 5519/15/3
f 5522/15/3 5520/15/3 5521/15/3
f 5525/15/3 5524/15/3 5523/15/3
f 5526/15/3 5524/15/3 5525/15/3
f 5529/6/3 5528/6/3 5527/6/3
f 5530/6/3 5528/6/3 5529/6/3
f 5533/5/3 5532/5/3 5531/5/3
f 5534/5/3 5532/5/3 5533/5/3
f 5537/15/3 5536/15/3 5535/15/3
f 5538/15/3 5536/15/3 5537/15/3
f 5548/11/3 5540/11/3 5539/11/3
f 5549/12/3 5541/12/3 5540/12/3
f 5549/11/3 5540/11/3 5548/11/3
f 5550/13/3 5542/13/3 5541/13/3
f 5550/12/3 5541/12/3 5549/12/3
f 5551/14/3 5543/14/3 5542/14/3
f 5551/13/3 5542/13/3 5550/13/3
f 5552/14/3 5543/14/3 5551/14/3
f 5553/12/3 5545/12/3 5544/12/3
f 5554/10/3 5546/10/3 5545/10/3
f 5554/12/3 5545/12/3 5553/12/3
f 5555/9/3 5547/9/3 5546/9/3
f 5555/10/3 5546/10/3 5554/10/3
f 5556/2/3 5548/2/3 5547/2/3
f 5556/9/3 5547/9/3 5555/9/3
f 5557/9/3 5549/9/3 5548/9/3
f 5557/2/3 5548/2/3 5556/2/3
f 5558/10/3 5550/10/3 5549/10/3
f 5558/9/3 5549/9/3 5557/9/3
f 5559/12/3 5551/12/3 5550/12/3
f 5559/10/3 5550/10/3 5558/10/3
f 5560/13/3 5552/13/3 5551/13/3
f 5560/12/3 5551/12/3 5559/12/3
f 5561/13/3 5552/13/3 5560/13/3
f 5562/10/3 5554/10/3 5553/10/3
f 5563/2/3 5555/2/3 5554/2/3
f 5563/10/3 5554/10/3 5562/10/3
f 5564/3/3 5556/3/3 5555/3/3
f 5564/2/3 5555/2/3 5563/2/3
f 5564/3/3 5557/3/3 5556/3/3
f 5564/3/3 5558/3/3 5557/3/3
f 5565/3/3 5558/3/3 5564/3/3
f 5566/3/3 5558/3/3 5565/3/3
f 5567/2/3 5559/2/3 5558/2/3
f 5567/3/3 5558/3/3 5566/3/3
f 5568/10/3 5560/10/3 5559/10/3
f 5568/2/3 5559/2/3 5567/2/3
f 5569/12/3 5561/12/3 5560/12/3
f 5569/10/3 5560/10/3 5568/10/3
f 5570/12/3 5561/12/3 5569/12/3
f 5571/9/3 5563/9/3 5562/9/3
f 5572/3/3 5564/3/3 5563/3/3
f 5572/9/3 5563/9/3 5571/9/3
f 5572/3/3 5565/3/3 5564/3/3
f 5573/7/3 5566/7/3 5565/7/3
f 5573/3/3 5565/3/3 5572/3/3
f 5574/7/3 5566/7/3 5573/7/3
f 5575/3/3 5568/3/3 5567/3/3
f 5575/7/3 5566/7/3 5574/7/3
f 5575/3/3 5567/3/3 5566/3/3
f 5576/3/3 5568/3/3 5575/3/3
f 5577/9/3 5569/9/3 5568/9/3
f 5577/3/3 5568/3/3 5576/3/3
f 5578/11/3 5570/11/3 5569/11/3
f 5578/9/3 5569/9/3 5577/9/3
f 5579/3/3 5573/3/3 5572/3/3
f 5580/4/3 5574/4/3 5573/4/3
f 5580/3/3 5573/3/3 5579/3/3
f 5581/7/3 5576/7/3 5575/7/3
f 5581/4/3 5574/4/3 5580/4/3
f 5581/7/3 5575/7/3 5574/7/3
f 5582/3/3 5579/3/3 5572/3/3
f 5583/3/3 5579/3/3 5582/3/3
f 5584/7/3 5576/7/3 5581/7/3
f 5584/7/3 5581/7/3 5580/7/3
f 5585/3/3 5577/3/3 5576/3/3
f 5585/7/3 5576/7/3 5584/7/3
f 5586/2/3 5578/2/3 5577/2/3
f 5586/3/3 5577/3/3 5585/3/3
f 5587/11/3 5570/11/3 5578/11/3
f 5587/2/3 5578/2/3 5586/2/3
f 5589/7/3 5584/7/3 5580/7/3
f 5590/3/3 5586/3/3 5585/3/3
f 5590/3/3 5585/3/3 5584/3/3
f 5590/7/3 5584/7/3 5589/7/3
f 5591/9/3 5587/9/3 5586/9/3
f 5591/3/3 5586/3/3 5590/3/3
f 5592/11/3 5570/11/3 5587/11/3
f 5592/9/3 5587/9/3 5591/9/3
f 5593/11/3 5570/11/3 5592/11/3
f 5595/2/3 5589/2/3 5588/2/3
f 5596/3/3 5590/3/3 5589/3/3
f 5596/2/3 5589/2/3 5595/2/3
f 5597/2/3 5591/2/3 5590/2/3
f 5597/3/3 5590/3/3 5596/3/3
f 5598/2/3 5591/2/3 5597/2/3
f 5599/10/3 5592/10/3 5591/10/3
f 5599/2/3 5591/2/3 5598/2/3
f 5600/12/3 5593/12/3 5592/12/3
f 5600/10/3 5592/10/3 5599/10/3
f 5601/12/3 5593/12/3 5600/12/3
f 5602/10/3 5595/10/3 5594/10/3
f 5603/9/3 5596/9/3 5595/9/3
f 5603/10/3 5595/10/3 5602/10/3
f 5604/2/3 5597/2/3 5596/2/3
f 5604/9/3 5596/9/3 5603/9/3
f 5605/9/3 5598/9/3 5597/9/3
f 5605/2/3 5597/2/3 5604/2/3
f 5606/10/3 5599/10/3 5598/10/3
f 5606/9/3 5598/9/3 5605/9/3
f 5607/12/3 5600/12/3 5599/12/3
f 5607/10/3 5599/10/3 5606/10/3
f 5608/13/3 5601/13/3 5600/13/3
f 5608/12/3 5600/12/3 5607/12/3
f 5609/13/3 5601/13/3 5608/13/3
f 5610/11/3 5604/11/3 5603/11/3
f 5611/8/3 5605/8/3 5604/8/3
f 5611/11/3 5604/11/3 5610/11/3
f 5612/11/3 5606/11/3 5605/11/3
f 5612/8/3 5605/8/3 5611/8/3
f 5613/12/3 5607/12/3 5606/12/3
f 5613/11/3 5606/11/3 5612/11/3
f 5614/13/3 5608/13/3 5607/13/3
f 5614/12/3 5607/12/3 5613/12/3
f 5615/14/3 5609/14/3 5608/14/3
f 5615/13/3 5608/13/3 5614/13/3
f 5616/14/3 5609/14/3 5615/14/3
f 5619/3/3 5618/3/3 5617/3/3
f 5620/3/3 5618/3/3 5619/3/3
f 5621/5/3 5620/5/3 5619/5/3
f 5622/5/3 5621/5/3 5619/5/3
f 5623/5/3 5622/5/3 5619/5/3
f 5624/5/3 5622/5/3 5623/5/3
f 5627/5/3 5626/5/3 5625/5/3
f 5629/5/3 5627/5/3 5625/5/3
f 5630/5/3 5627/5/3 5629/5/3
f 5631/5/3 5629/5/3 5628/5/3
f 5632/5/3 5629/5/3 5631/5/3
f 5635/6/3 5634/6/3 5633/6/3
f 5636/6/3 5634/6/3 5635/6/3
f 5637/6/3 5634/6/3 5636/6/3
f 5640/15/3 5639/15/3 5638/15/3
f 5641/15/3 5639/15/3 5640/15/3
f 5651/13/3 5643/13/3 5642/13/3
f 5652/12/3 5644/12/3 5643/12/3
f 5652/13/3 5643/13/3 5651/13/3
f 5653/11/3 5645/11/3 5644/11/3
f 5653/12/3 5644/12/3 5652/12/3
f 5654/8/3 5646/8/3 5645/8/3
f 5654/11/3 5645/11/3 5653/11/3
f 5655/11/3 5647/11/3 5646/11/3
f 5655/8/3 5646/8/3 5654/8/3
f 5656/12/3 5648/12/3 5647/12/3
f 5656/11/3 5647/11/3 5655/11/3
f 5657/13/3 5649/13/3 5648/13/3
f 5657/12/3 5648/12/3 5656/12/3
f 5658/14/3 5650/14/3 5649/14/3
f 5658/13/3 5649/13/3 5657/13/3
f 5659/14/3 5650/14/3 5658/14/3
f 5660/12/3 5652/12/3 5651/12/3
f 5661/10/3 5653/10/3 5652/10/3
f 5661/12/3 5652/12/3 5660/12/3
f 5662/9/3 5654/9/3 5653/9/3
f 5662/10/3 5653/10/3 5661/10/3
f 5662/9/3 5655/9/3 5654/9/3
f 5662/9/3 5656/9/3 5655/9/3
f 5663/10/3 5657/10/3 5656/10/3
f 5663/9/3 5656/9/3 5662/9/3
f 5664/12/3 5658/12/3 5657/12/3
f 5664/10/3 5657/10/3 5663/10/3
f 5665/13/3 5659/13/3 5658/13/3
f 5665/12/3 5658/12/3 5664/12/3
f 5666/13/3 5659/13/3 5665/13/3
f 5667/10/3 5661/10/3 5660/10/3
f 5668/2/3 5662/2/3 5661/2/3
f 5668/10/3 5661/10/3 5667/10/3
f 5669/3/3 5663/3/3 5662/3/3
f 5669/2/3 5662/2/3 5668/2/3
f 5670/3/3 5663/3/3 5669/3/3
f 5671/3/3 5663/3/3 5670/3/3
f 5672/2/3 5664/2/3 5663/2/3
f 5672/3/3 5663/3/3 5671/3/3
f 5673/10/3 5665/10/3 5664/10/3
f 5673/2/3 5664/2/3 5672/2/3
f 5674/12/3 5666/12/3 5665/12/3
f 5674/10/3 5665/10/3 5673/10/3
f 5675/12/3 5666/12/3 5674/12/3
f 5676/7/3 5671/7/3 5670/7/3
f 5676/3/3 5669/3/3 5668/3/3
f 5676/3/3 5670/3/3 5669/3/3
f 5677/7/3 5671/7/3 5676/7/3
f 5678/3/3 5672/3/3 5671/3/3
f 5678/7/3 5671/7/3 5677/7/3
f 5678/3/3 5673/3/3 5672/3/3
f 5679/3/3 5673/3/3 5678/3/3
f 5680/3/3 5676/3/3 5668/3/3
f 5681/4/3 5677/4/3 5676/4/3
f 5681/3/3 5676/3/3 5680/3/3
f 5682/7/3 5678/7/3 5677/7/3
f 5682/4/3 5677/4/3 5681/4/3
f 5682/7/3 5679/7/3 5678/7/3
f 5683/9/3 5668/9/3 5667/9/3
f 5683/3/3 5680/3/3 5668/3/3
f 5684/3/3 5680/3/3 5683/3/3
f 5685/7/3 5679/7/3 5682/7/3
f 5685/7/3 5682/7/3 5681/7/3
f 5686/3/3 5673/3/3 5679/3/3
f 5686/7/3 5679/7/3 5685/7/3
f 5687/9/3 5683/9/3 5667/9/3
f 5688/9/3 5683/9/3 5687/9/3
f 5689/7/3 5685/7/3 5681/7/3
f 5690/3/3 5686/3/3 5685/3/3
f 5690/7/3 5685/7/3 5689/7/3
f 5691/3/3 5673/3/3 5686/3/3
f 5691/3/3 5686/3/3 5690/3/3
f 5691/9/3 5674/9/3 5673/9/3
f 5692/11/3 5675/11/3 5674/11/3
f 5692/9/3 5674/9/3 5691/9/3
f 5693/11/3 5675/11/3 5692/11/3
f 5694/10/3 5688/10/3 5687/10/3
f 5695/10/3 5688/10/3 5694/10/3
f 5697/3/3 5690/3/3 5689/3/3
f 5698/2/3 5691/2/3 5690/2/3
f 5698/3/3 5690/3/3 5697/3/3
f 5699/2/3 5691/2/3 5698/2/3
f 5700/10/3 5692/10/3 5691/10/3
f 5700/2/3 5691/2/3 5699/2/3
f 5701/12/3 5693/12/3 5692/12/3
f 5701/10/3 5692/10/3 5700/10/3
f 5702/12/3 5693/12/3 5701/12/3
f 5703/12/3 5695/12/3 5694/12/3
f 5704/12/3 5695/12/3 5703/12/3
f 5705/9/3 5697/9/3 5696/9/3
f 5705/9/3 5699/9/3 5698/9/3
f 5705/9/3 5698/9/3 5697/9/3
f 5706/9/3 5699/9/3 5705/9/3
f 5707/10/3 5700/10/3 5699/10/3
f 5707/9/3 5699/9/3 5706/9/3
f 5708/12/3 5701/12/3 5700/12/3
f 5708/10/3 5700/10/3 5707/10/3
f 5709/13/3 5702/13/3 5701/13/3
f 5709/12/3 5701/12/3 5708/12/3
f 5710/13/3 5702/13/3 5709/13/3
f 5711/11/3 5707/11/3 5706/11/3
f 5712/12/3 5708/12/3 5707/12/3
f 5712/11/3 5707/11/3 5711/11/3
f 5713/13/3 5709/13/3 5708/13/3
f 5713/12/3 5708/12/3 5712/12/3
f 5714/14/3 5710/14/3 5709/14/3
f 5714/13/3 5709/13/3 5713/13/3
f 5715/14/3 5710/14/3 5714/14/3
f 5718/15/3 5717/15/3 5716/15/3
f 5719/15/3 5717/15/3 5718/15/3
f 5722/15/3 5721/15/3 5720/15/3
f 5723/15/3 5721/15/3 5722/15/3
f 5729/11/3 5725/11/3 5724/11/3
f 5730/12/3 5726/12/3 5725/12/3
f 5730/11/3 5725/11/3 5729/11/3
f 5731/13/3 5727/13/3 5726/13/3
f 5731/12/3 5726/12/3 5730/12/3
f 5732/14/3 5728/14/3 5727/14/3
f 5732/13/3 5727/13/3 5731/13/3
f 5733/14/3 5728/14/3 5732/14/3
f 5734/9/3 5730/9/3 5729/9/3
f 5735/10/3 5731/10/3 5730/10/3
f 5735/9/3 5730/9/3 5734/9/3
f 5736/12/3 5732/12/3 5731/12/3
f 5736/10/3 5731/10/3 5735/10/3
f 5737/13/3 5733/13/3 5732/13/3
f 5737/12/3 5732/12/3 5736/12/3
f 5738/13/3 5733/13/3 5737/13/3
f 5740/3/3 5735/3/3 5734/3/3
f 5740/3/3 5736/3/3 5735/3/3
f 5742/7/3 5740/7/3 5739/7/3
f 5743/3/3 5736/3/3 5740/3/3
f 5743/7/3 5740/7/3 5742/7/3
f 5744/3/3 5736/3/3 5743/3/3
f 5745/9/3 5737/9/3 5736/9/3
f 5745/3/3 5736/3/3 5744/3/3
f 5746/11/3 5738/11/3 5737/11/3
f 5746/9/3 5737/9/3 5745/9/3
f 5747/11/3 5738/11/3 5746/11/3
f 5748/9/3 5744/9/3 5743/9/3
f 5748/9/3 5742/9/3 5741/9/3
f 5748/9/3 5743/9/3 5742/9/3
f 5749/9/3 5744/9/3 5748/9/3
f 5750/9/3 5744/9/3 5749/9/3
f 5751/10/3 5745/10/3 5744/10/3
f 5751/9/3 5744/9/3 5750/9/3
f 5752/12/3 5746/12/3 5745/12/3
f 5752/10/3 5745/10/3 5751/10/3
f 5753/13/3 5747/13/3 5746/13/3
f 5753/12/3 5746/12/3 5752/12/3
f 5754/13/3 5747/13/3 5753/13/3
f 5755/8/3 5750/8/3 5749/8/3
f 5756/11/3 5751/11/3 5750/11/3
f 5756/8/3 5750/8/3 5755/8/3
f 5757/12/3 5752/12/3 5751/12/3
f 5757/11/3 5751/11/3 5756/11/3
f 5758/13/3 5753/13/3 5752/13/3
f 5758/12/3 5752/12/3 5757/12/3
f 5759/14/3 5754/14/3 5753/14/3
f 5759/13/3 5753/13/3 5758/13/3
f 5760/14/3 5754/14/3 5759/14/3
f 5763/15/3 5762/15/3 5761/15/3
f 5764/15/3 5762/15/3 5763/15/3
f 5767/15/3 5766/15/3 5765/15/3
f 5768/15/3 5766/15/3 5767/15/3
f 5772/5/3 5770/5/3 5769/5/3
f 5773/5/3 5770/5/3 5772/5/3
f 5774/6/3 5772/6/3 5771/6/3
f 5775/6/3 5772/6/3 5774/6/3
f 5778/15/3 5777/15/3 5776/15/3
f 5779/15/3 5777/15/3 5778/15/3
f 5782/15/3 5781/15/3 5780/15/3
f 5783/15/3 5781/15/3 5782/15/3
f 5786/6/3 5785/6/3 5784/6/3
f 5787/6/3 5785/6/3 5786/6/3
f 5791/6/3 5789/6/3 5788/6/3
f 5792/6/3 5789/6/3 5791/6/3
f 5793/5/3 5791/5/3 5790/5/3
f 5794/5/3 5791/5/3 5793/5/3
f 5797/15/3 5796/15/3 5795/15/3
f 5798/15/3 5796/15/3 5797/15/3
f 5801/5/3 5800/5/3 5799/5/3
f 5802/5/3 5800/5/3 5801/5/3
f 5805/2/3 5804/2/3 5803/2/3
f 5806/2/3 5804/2/3 5805/2/3
f 5809/5/3 5808/5/3 5807/5/3
f 5810/5/3 5808/5/3 5809/5/3
f 5811/5/3 5808/5/3 5810/5/3
f 5814/5/3 5813/5/3 5812/5/3
f 5815/5/3 5813/5/3 5814/5/3
f 5818/5/3 5817/5/3 5816/5/3
f 5819/5/3 5817/5/3 5818/5/3
f 5822/2/3 5821/2/3 5820/2/3
f 5823/2/3 5821/2/3 5822/2/3
f 5826/15/3 5825/15/3 5824/15/3
f 5827/15/3 5825/15/3 5826/15/3
f 5830/6/3 5829/6/3 5828/6/3
f 5831/6/3 5829/6/3 5830/6/3
f 5832/6/3 5829/6/3 5831/6/3
f 5833/5/3 5832/5/3 5831/5/3
f 5834/5/3 5832/5/3 5833/5/3
f 5837/3/3 5836/3/3 5835/3/3
f 5838/3/3 5836/3/3 5837/3/3
f 5842/2/3 5840/2/3 5839/2/3
f 5843/3/3 5841/3/3 5840/3/3
f 5843/2/3 5840/2/3 5842/2/3
f 5844/3/3 5841/3/3 5843/3/3
f 5847/15/3 5846/15/3 5845/15/3
f 5848/15/3 5846/15/3 5847/15/3
f 5851/3/3 5850/3/3 5849/3/3
f 5852/3/3 5850/3/3 5851/3/3
f 5855/5/3 5854/5/3 5853/5/3
f 5856/5/3 5854/5/3 5855/5/3
f 5861/3/3 5858/3/3 5857/3/3
f 5862/3/3 5858/3/3 5861/3/3
f 5863/6/3 5860/6/3 5859/6/3
f 5864/6/3 5860/6/3 5863/6/3
f 5865/6/3 5860/6/3 5864/6/3
f 5868/5/3 5867/5/3 5866/5/3
f 5869/5/3 5867/5/3 5868/5/3
f 5872/2/3 5871/2/3 5870/2/3
f 5873/2/3 5871/2/3 5872/2/3
f 5876/15/3 5875/15/3 5874/15/3
f 5877/15/3 5875/15/3 5876/15/3
f 5882/3/3 5879/3/3 5878/3/3
f 5883/6/3 5881/6/3 5880/6/3
f 5884/3/3 5882/3/3 5878/3/3
f 5884/3/3 5883/3/3 5882/3/3
f 5885/6/3 5881/6/3 5883/6/3
f 5885/3/3 5883/3/3 5884/3/3
f 5886/6/3 5881/6/3 5885/6/3
f 5889/5/3 5888/5/3 5887/5/3
f 5890/5/3 5888/5/3 5889/5/3
f 5901/14/3 5892/14/3 5891/14/3
f 5902/13/3 5893/13/3 5892/13/3
f 5902/14/3 5892/14/3 5901/14/3
f 5903/12/3 5894/12/3 5893/12/3
f 5903/13/3 5893/13/3 5902/13/3
f 5904/12/3 5894/12/3 5903/12/3
f 5905/11/3 5895/11/3 5894/11/3
f 5905/12/3 5894/12/3 5904/12/3
f 5906/11/3 5895/11/3 5905/11/3
f 5907/8/3 5896/8/3 5895/8/3
f 5907/11/3 5895/11/3 5906/11/3
f 5908/11/3 5897/11/3 5896/11/3
f 5908/8/3 5896/8/3 5907/8/3
f 5909/11/3 5897/11/3 5908/11/3
f 5910/12/3 5898/12/3 5897/12/3
f 5910/11/3 5897/11/3 5909/11/3
f 5911/12/3 5898/12/3 5910/12/3
f 5912/13/3 5899/13/3 5898/13/3
f 5912/12/3 5898/12/3 5911/12/3
f 5913/14/3 5900/14/3 5899/14/3
f 5913/13/3 5899/13/3 5912/13/3
f 5914/14/3 5900/14/3 5913/14/3
f 5915/14/3 5901/14/3 5891/14/3
f 5916/13/3 5902/13/3 5901/13/3
f 5916/14/3 5901/14/3 5915/14/3
f 5917/12/3 5904/12/3 5903/12/3
f 5917/13/3 5902/13/3 5916/13/3
f 5917/12/3 5903/12/3 5902/12/3
f 5918/12/3 5904/12/3 5917/12/3
f 5919/10/3 5906/10/3 5905/10/3
f 5919/12/3 5904/12/3 5918/12/3
f 5919/10/3 5905/10/3 5904/10/3
f 5920/10/3 5906/10/3 5919/10/3
f 5921/9/3 5907/9/3 5906/9/3
f 5921/10/3 5906/10/3 5920/10/3
f 5921/9/3 5909/9/3 5908/9/3
f 5921/9/3 5908/9/3 5907/9/3
f 5922/9/3 5909/9/3 5921/9/3
f 5923/9/3 5909/9/3 5922/9/3
f 5924/10/3 5911/10/3 5910/10/3
f 5924/9/3 5909/9/3 5923/9/3
f 5924/10/3 5910/10/3 5909/10/3
f 5925/10/3 5911/10/3 5924/10/3
f 5926/12/3 5912/12/3 5911/12/3
f 5926/10/3 5911/10/3 5925/10/3
f 5926/12/3 5913/12/3 5912/12/3
f 5927/12/3 5913/12/3 5926/12/3
f 5928/13/3 5914/13/3 5913/13/3
f 5928/12/3 5913/12/3 5927/12/3
f 5929/14/3 5900/14/3 5914/14/3
f 5929/13/3 5914/13/3 5928/13/3
f 5930/14/3 5900/14/3 5929/14/3
f 5931/12/3 5918/12/3 5917/12/3
f 5931/12/3 5917/12/3 5916/12/3
f 5932/10/3 5920/10/3 5919/10/3
f 5932/12/3 5918/12/3 5931/12/3
f 5932/10/3 5919/10/3 5918/10/3
f 5933/10/3 5920/10/3 5932/10/3
f 5934/9/3 5922/9/3 5921/9/3
f 5934/10/3 5920/10/3 5933/10/3
f 5934/9/3 5921/9/3 5920/9/3
f 5935/9/3 5922/9/3 5934/9/3
f 5936/2/3 5923/2/3 5922/2/3
f 5936/9/3 5922/9/3 5935/9/3
f 5937/9/3 5925/9/3 5924/9/3
f 5937/2/3 5923/2/3 5936/2/3
f 5937/9/3 5924/9/3 5923/9/3
f 5938/9/3 5925/9/3 5937/9/3
f 5939/10/3 5927/10/3 5926/10/3
f 5939/9/3 5925/9/3 5938/9/3
f 5939/10/3 5926/10/3 5925/10/3
f 5940/10/3 5927/10/3 5939/10/3
f 5941/12/3 5928/12/3 5927/12/3
f 5941/10/3 5927/10/3 5940/10/3
f 5941/12/3 5929/12/3 5928/12/3
f 5942/12/3 5929/12/3 5941/12/3
f 5943/13/3 5916/13/3 5915/13/3
f 5944/12/3 5931/12/3 5916/12/3
f 5944/13/3 5916/13/3 5943/13/3
f 5945/10/3 5933/10/3 5932/10/3
f 5945/10/3 5932/10/3 5931/10/3
f 5946/9/3 5935/9/3 5934/9/3
f 5946/10/3 5933/10/3 5945/10/3
f 5946/9/3 5934/9/3 5933/9/3
f 5947/9/3 5935/9/3 5946/9/3
f 5948/2/3 5936/2/3 5935/2/3
f 5948/9/3 5935/9/3 5947/9/3
f 5948/2/3 5938/2/3 5937/2/3
f 5948/2/3 5937/2/3 5936/2/3
f 5949/2/3 5938/2/3 5948/2/3
f 5950/2/3 5938/2/3 5949/2/3
f 5951/9/3 5940/9/3 5939/9/3
f 5951/2/3 5938/2/3 5950/2/3
f 5951/9/3 5939/9/3 5938/9/3
f 5952/9/3 5940/9/3 5951/9/3
f 5953/10/3 5942/10/3 5941/10/3
f 5953/9/3 5940/9/3 5952/9/3
f 5953/10/3 5941/10/3 5940/10/3
f 5954/10/3 5942/10/3 5953/10/3
f 5955/12/3 5929/12/3 5942/12/3
f 5955/13/3 5930/13/3 5929/13/3
f 5956/13/3 5930/13/3 5955/13/3
f 5957/12/3 5931/12/3 5944/12/3
f 5957/12/3 5944/12/3 5943/12/3
f 5958/10/3 5945/10/3 5931/10/3
f 5958/12/3 5931/12/3 5957/12/3
f 5959/9/3 5947/9/3 5946/9/3
f 5959/9/3 5946/9/3 5945/9/3
f 5960/2/3 5949/2/3 5948/2/3
f 5960/9/3 5947/9/3 5959/9/3
f 5960/2/3 5948/2/3 5947/2/3
f 5961/2/3 5949/2/3 5960/2/3
f 5962/3/3 5950/3/3 5949/3/3
f 5962/2/3 5949/2/3 5961/2/3
f 5963/2/3 5952/2/3 5951/2/3
f 5963/3/3 5950/3/3 5962/3/3
f 5963/2/3 5951/2/3 5950/2/3
f 5964/2/3 5952/2/3 5963/2/3
f 5965/9/3 5954/9/3 5953/9/3
f 5965/2/3 5952/2/3 5964/2/3
f 5965/9/3 5953/9/3 5952/9/3
f 5966/9/3 5954/9/3 5965/9/3
f 5967/10/3 5942/10/3 5954/10/3
f 5967/12/3 5956/12/3 5955/12/3
f 5967/12/3 5955/12/3 5942/12/3
f 5968/12/3 5956/12/3 5967/12/3
f 5969/12/3 5957/12/3 5943/12/3
f 5970/10/3 5958/10/3 5957/10/3
f 5970/12/3 5957/12/3 5969/12/3
f 5971/10/3 5945/10/3 5958/10/3
f 5971/10/3 5958/10/3 5970/10/3
f 5972/9/3 5959/9/3 5945/9/3
f 5972/10/3 5945/10/3 5971/10/3
f 5973/2/3 5961/2/3 5960/2/3
f 5973/2/3 5960/2/3 5959/2/3
f 5974/3/3 5964/3/3 5963/3/3
f 5974/2/3 5961/2/3 5973/2/3
f 5974/3/3 5962/3/3 5961/3/3
f 5974/3/3 5963/3/3 5962/3/3
f 5975/3/3 5964/3/3 5974/3/3
f 5976/3/3 5964/3/3 5975/3/3
f 5977/2/3 5966/2/3 5965/2/3
f 5977/3/3 5964/3/3 5976/3/3
f 5977/2/3 5965/2/3 5964/2/3
f 5978/2/3 5966/2/3 5977/2/3
f 5979/9/3 5954/9/3 5966/9/3
f 5979/10/3 5968/10/3 5967/10/3
f 5979/10/3 5967/10/3 5954/10/3
f 5980/10/3 5968/10/3 5979/10/3
f 5981/12/3 5956/12/3 5968/12/3
f 5981/10/3 5968/10/3 5980/10/3
f 5982/12/3 5956/12/3 5981/12/3
f 5983/11/3 5970/11/3 5969/11/3
f 5983/10/3 5971/10/3 5970/10/3
f 5984/9/3 5972/9/3 5971/9/3
f 5984/10/3 5971/10/3 5983/10/3
f 5985/9/3 5959/9/3 5972/9/3
f 5985/9/3 5972/9/3 5984/9/3
f 5986/2/3 5973/2/3 5959/2/3
f 5986/9/3 5959/9/3 5985/9/3
f 5987/3/3 5975/3/3 5974/3/3
f 5987/3/3 5974/3/3 5973/3/3
f 5988/7/3 5976/7/3 5975/7/3
f 5988/3/3 5975/3/3 5987/3/3
f 5989/7/3 5976/7/3 5988/7/3
f 5990/3/3 5978/3/3 5977/3/3
f 5990/7/3 5976/7/3 5989/7/3
f 5990/3/3 5977/3/3 5976/3/3
f 5991/3/3 5978/3/3 5990/3/3
f 5992/2/3 5966/2/3 5978/2/3
f 5992/9/3 5980/9/3 5979/9/3
f 5992/9/3 5979/9/3 5966/9/3
f 5993/9/3 5980/9/3 5992/9/3
f 5994/10/3 5981/10/3 5980/10/3
f 5994/9/3 5980/9/3 5993/9/3
f 5995/11/3 5982/11/3 5981/11/3
f 5995/10/3 5981/10/3 5994/10/3
f 5996/11/3 5983/11/3 5969/11/3
f 5997/9/3 5984/9/3 5983/9/3
f 5997/11/3 5983/11/3 5996/11/3
f 5997/9/3 5985/9/3 5984/9/3
f 5998/2/3 5973/2/3 5986/2/3
f 5998/2/3 5986/2/3 5985/2/3
f 5999/3/3 5987/3/3 5973/3/3
f 5999/2/3 5973/2/3 5998/2/3
f 6000/3/3 5987/3/3 5999/3/3
f 6001/7/3 5988/7/3 5987/7/3
f 6001/3/3 5987/3/3 6000/3/3
f 6002/4/3 5989/4/3 5988/4/3
f 6002/7/3 5988/7/3 6001/7/3
f 6003/4/3 5989/4/3 6002/4/3
f 6004/7/3 5991/7/3 5990/7/3
f 6004/4/3 5989/4/3 6003/4/3
f 6004/7/3 5990/7/3 5989/7/3
f 6005/3/3 5978/3/3 5991/3/3
f 6005/7/3 5991/7/3 6004/7/3
f 6006/3/3 5978/3/3 6005/3/3
f 6007/2/3 5993/2/3 5992/2/3
f 6007/3/3 5978/3/3 6006/3/3
f 6007/2/3 5992/2/3 5978/2/3
f 6008/2/3 5993/2/3 6007/2/3
f 6009/9/3 5994/9/3 5993/9/3
f 6009/9/3 5995/9/3 5994/9/3
f 6009/11/3 5982/11/3 5995/11/3
f 6010/11/3 5982/11/3 6009/11/3
f 6011/9/3 5985/9/3 5997/9/3
f 6012/2/3 5998/2/3 5985/2/3
f 6012/9/3 5985/9/3 6011/9/3
f 6013/7/3 6001/7/3 6000/7/3
f 6013/3/3 6000/3/3 5999/3/3
f 6013/3/3 5999/3/3 5998/3/3
f 6014/4/3 6002/4/3 6001/4/3
f 6014/7/3 6001/7/3 6013/7/3
f 6015/7/3 6003/7/3 6002/7/3
f 6015/4/3 6002/4/3 6014/4/3
f 6016/4/3 6004/4/3 6003/4/3
f 6016/7/3 6003/7/3 6015/7/3
f 6016/4/3 6005/4/3 6004/4/3
f 6017/4/3 6005/4/3 6016/4/3
f 6018/4/3 6005/4/3 6017/4/3
f 6019/4/3 6005/4/3 6018/4/3
f 6020/7/3 6006/7/3 6005/7/3
f 6020/4/3 6005/4/3 6019/4/3
f 6021/2/3 5993/2/3 6008/2/3
f 6021/9/3 6009/9/3 5993/9/3
f 6022/9/3 6009/9/3 6021/9/3
f 6023/7/3 6015/7/3 6014/7/3
f 6023/4/3 6014/4/3 6013/4/3
f 6024/4/3 6016/4/3 6015/4/3
f 6024/7/3 6015/7/3 6023/7/3
f 6024/4/3 6017/4/3 6016/4/3
f 6025/4/3 6019/4/3 6018/4/3
f 6025/7/3 6020/7/3 6019/7/3
f 6026/7/3 6006/7/3 6020/7/3
f 6026/7/3 6020/7/3 6025/7/3
f 6027/9/3 6011/9/3 5997/9/3
f 6027/2/3 6012/2/3 6011/2/3
f 6028/2/3 5998/2/3 6012/2/3
f 6028/2/3 6012/2/3 6027/2/3
f 6029/3/3 6013/3/3 5998/3/3
f 6029/4/3 6024/4/3 6023/4/3
f 6029/4/3 6023/4/3 6013/4/3
f 6030/4/3 6024/4/3 6029/4/3
f 6031/4/3 6017/4/3 6024/4/3
f 6031/4/3 6024/4/3 6030/4/3
f 6032/7/3 6018/7/3 6017/7/3
f 6032/4/3 6017/4/3 6031/4/3
f 6033/4/3 6025/4/3 6018/4/3
f 6033/7/3 6018/7/3 6032/7/3
f 6033/4/3 6026/4/3 6025/4/3
f 6034/4/3 6026/4/3 6033/4/3
f 6035/7/3 6006/7/3 6026/7/3
f 6035/4/3 6026/4/3 6034/4/3
f 6036/2/3 6022/2/3 6021/2/3
f 6036/2/3 6021/2/3 6008/2/3
f 6037/9/3 6009/9/3 6022/9/3
f 6037/2/3 6022/2/3 6036/2/3
f 6038/8/3 5997/8/3 5996/8/3
f 6039/9/3 6027/9/3 5997/9/3
f 6039/8/3 5997/8/3 6038/8/3
f 6039/9/3 6028/9/3 6027/9/3
f 6040/3/3 6029/3/3 5998/3/3
f 6040/2/3 5998/2/3 6028/2/3
f 6041/3/3 6029/3/3 6040/3/3
f 6042/7/3 6030/7/3 6029/7/3
f 6042/3/3 6029/3/3 6041/3/3
f 6043/4/3 6031/4/3 6030/4/3
f 6043/7/3 6030/7/3 6042/7/3
f 6044/7/3 6032/7/3 6031/7/3
f 6044/4/3 6031/4/3 6043/4/3
f 6045/4/3 6034/4/3 6033/4/3
f 6045/7/3 6032/7/3 6044/7/3
f 6045/4/3 6033/4/3 6032/4/3
f 6046/4/3 6034/4/3 6045/4/3
f 6047/7/3 6035/7/3 6034/7/3
f 6047/4/3 6034/4/3 6046/4/3
f 6048/7/3 6006/7/3 6035/7/3
f 6048/7/3 6035/7/3 6047/7/3
f 6049/3/3 6008/3/3 6007/3/3
f 6049/7/3 6006/7/3 6048/7/3
f 6049/3/3 6007/3/3 6006/3/3
f 6050/3/3 6008/3/3 6049/3/3
f 6051/2/3 6036/2/3 6008/2/3
f 6051/3/3 6008/3/3 6050/3/3
f 6052/9/3 6009/9/3 6037/9/3
f 6052/9/3 6037/9/3 6036/9/3
f 6052/8/3 6010/8/3 6009/8/3
f 6053/8/3 6010/8/3 6052/8/3
f 6054/9/3 6028/9/3 6039/9/3
f 6054/11/3 6039/11/3 6038/11/3
f 6055/9/3 6028/9/3 6054/9/3
f 6056/2/3 6041/2/3 6040/2/3
f 6056/9/3 6028/9/3 6055/9/3
f 6056/2/3 6040/2/3 6028/2/3
f 6057/2/3 6041/2/3 6056/2/3
f 6058/3/3 6043/3/3 6042/3/3
f 6058/7/3 6044/7/3 6043/7/3
f 6058/3/3 6042/3/3 6041/3/3
f 6059/7/3 6044/7/3 6058/7/3
f 6060/4/3 6045/4/3 6044/4/3
f 6060/7/3 6044/7/3 6059/7/3
f 6060/4/3 6046/4/3 6045/4/3
f 6061/7/3 6047/7/3 6046/7/3
f 6061/4/3 6046/4/3 6060/4/3
f 6061/7/3 6048/7/3 6047/7/3
f 6062/7/3 6048/7/3 6061/7/3
f 6063/3/3 6050/3/3 6049/3/3
f 6063/7/3 6048/7/3 6062/7/3
f 6063/3/3 6049/3/3 6048/3/3
f 6064/2/3 6036/2/3 6051/2/3
f 6064/2/3 6051/2/3 6050/2/3
f 6065/9/3 6052/9/3 6036/9/3
f 6065/2/3 6036/2/3 6064/2/3
f 6066/9/3 6052/9/3 6065/9/3
f 6067/11/3 6053/11/3 6052/11/3
f 6067/9/3 6052/9/3 6066/9/3
f 6068/11/3 6054/11/3 6038/11/3
f 6069/10/3 6055/10/3 6054/10/3
f 6069/11/3 6054/11/3 6068/11/3
f 6070/9/3 6057/9/3 6056/9/3
f 6070/10/3 6055/10/3 6069/10/3
f 6070/9/3 6056/9/3 6055/9/3
f 6071/9/3 6057/9/3 6070/9/3
f 6072/2/3 6041/2/3 6057/2/3
f 6072/3/3 6059/3/3 6058/3/3
f 6072/3/3 6058/3/3 6041/3/3
f 6073/3/3 6059/3/3 6072/3/3
f 6074/7/3 6062/7/3 6061/7/3
f 6074/3/3 6059/3/3 6073/3/3
f 6074/7/3 6060/7/3 6059/7/3
f 6074/7/3 6061/7/3 6060/7/3
f 6075/3/3 6063/3/3 6062/3/3
f 6075/7/3 6062/7/3 6074/7/3
f 6076/3/3 6050/3/3 6063/3/3
f 6076/3/3 6063/3/3 6075/3/3
f 6077/2/3 6064/2/3 6050/2/3
f 6077/3/3 6050/3/3 6076/3/3
f 6078/9/3 6066/9/3 6065/9/3
f 6078/9/3 6065/9/3 6064/9/3
f 6079/10/3 6067/10/3 6066/10/3
f 6079/9/3 6066/9/3 6078/9/3
f 6080/11/3 6053/11/3 6067/11/3
f 6080/10/3 6067/10/3 6079/10/3
f 6081/11/3 6053/11/3 6080/11/3
f 6082/12/3 6069/12/3 6068/12/3
f 6082/10/3 6071/10/3 6070/10/3
f 6082/10/3 6070/10/3 6069/10/3
f 6083/10/3 6071/10/3 6082/10/3
f 6084/2/3 6073/2/3 6072/2/3
f 6084/9/3 6057/9/3 6071/9/3
f 6084/2/3 6072/2/3 6057/2/3
f 6085/2/3 6073/2/3 6084/2/3
f 6086/3/3 6076/3/3 6075/3/3
f 6086/2/3 6073/2/3 6085/2/3
f 6086/3/3 6075/3/3 6074/3/3
f 6086/3/3 6074/3/3 6073/3/3
f 6087/3/3 6076/3/3 6086/3/3
f 6088/3/3 6076/3/3 6087/3/3
f 6089/2/3 6077/2/3 6076/2/3
f 6089/3/3 6076/3/3 6088/3/3
f 6090/2/3 6064/2/3 6077/2/3
f 6090/2/3 6077/2/3 6089/2/3
f 6091/9/3 6078/9/3 6064/9/3
f 6091/2/3 6064/2/3 6090/2/3
f 6092/10/3 6079/10/3 6078/10/3
f 6092/10/3 6080/10/3 6079/10/3
f 6093/12/3 6081/12/3 6080/12/3
f 6093/10/3 6080/10/3 6092/10/3
f 6094/12/3 6083/12/3 6082/12/3
f 6094/12/3 6082/12/3 6068/12/3
f 6095/12/3 6083/12/3 6094/12/3
f 6096/10/3 6071/10/3 6083/10/3
f 6096/9/3 6085/9/3 6084/9/3
f 6096/9/3 6084/9/3 6071/9/3
f 6097/9/3 6085/9/3 6096/9/3
f 6098/2/3 6086/2/3 6085/2/3
f 6098/9/3 6085/9/3 6097/9/3
f 6098/2/3 6087/2/3 6086/2/3
f 6099/2/3 6087/2/3 6098/2/3
f 6100/3/3 6088/3/3 6087/3/3
f 6100/2/3 6087/2/3 6099/2/3
f 6101/2/3 6089/2/3 6088/2/3
f 6101/3/3 6088/3/3 6100/3/3
f 6101/2/3 6090/2/3 6089/2/3
f 6102/2/3 6090/2/3 6101/2/3
f 6103/9/3 6091/9/3 6090/9/3
f 6103/2/3 6090/2/3 6102/2/3
f 6104/9/3 6078/9/3 6091/9/3
f 6104/9/3 6091/9/3 6103/9/3
f 6105/10/3 6092/10/3 6078/10/3
f 6105/9/3 6078/9/3 6104/9/3
f 6106/12/3 6081/12/3 6093/12/3
f 6106/12/3 6093/12/3 6092/12/3
f 6107/12/3 6081/12/3 6106/12/3
f 6108/12/3 6083/12/3 6095/12/3
f 6108/10/3 6097/10/3 6096/10/3
f 6108/10/3 6096/10/3 6083/10/3
f 6109/10/3 6097/10/3 6108/10/3
f 6110/9/3 6099/9/3 6098/9/3
f 6110/10/3 6097/10/3 6109/10/3
f 6110/9/3 6098/9/3 6097/9/3
f 6111/9/3 6099/9/3 6110/9/3
f 6112/2/3 6100/2/3 6099/2/3
f 6112/9/3 6099/9/3 6111/9/3
f 6112/2/3 6102/2/3 6101/2/3
f 6112/2/3 6101/2/3 6100/2/3
f 6113/2/3 6102/2/3 6112/2/3
f 6114/2/3 6102/2/3 6113/2/3
f 6115/9/3 6104/9/3 6103/9/3
f 6115/2/3 6102/2/3 6114/2/3
f 6115/9/3 6103/9/3 6102/9/3
f 6116/9/3 6104/9/3 6115/9/3
f 6117/10/3 6105/10/3 6104/10/3
f 6117/9/3 6104/9/3 6116/9/3
f 6118/10/3 6092/10/3 6105/10/3
f 6118/10/3 6105/10/3 6117/10/3
f 6119/12/3 6106/12/3 6092/12/3
f 6119/10/3 6092/10/3 6118/10/3
f 6120/13/3 6095/13/3 6094/13/3
f 6121/12/3 6109/12/3 6108/12/3
f 6121/13/3 6095/13/3 6120/13/3
f 6121/12/3 6108/12/3 6095/12/3
f 6122/12/3 6109/12/3 6121/12/3
f 6123/10/3 6111/10/3 6110/10/3
f 6123/12/3 6109/12/3 6122/12/3
f 6123/10/3 6110/10/3 6109/10/3
f 6124/10/3 6111/10/3 6123/10/3
f 6125/9/3 6113/9/3 6112/9/3
f 6125/10/3 6111/10/3 6124/10/3
f 6125/9/3 6112/9/3 6111/9/3
f 6126/9/3 6113/9/3 6125/9/3
f 6127/2/3 6114/2/3 6113/2/3
f 6127/9/3 6113/9/3 6126/9/3
f 6128/9/3 6116/9/3 6115/9/3
f 6128/2/3 6114/2/3 6127/2/3
f 6128/9/3 6115/9/3 6114/9/3
f 6129/9/3 6116/9/3 6128/9/3
f 6130/10/3 6117/10/3 6116/10/3
f 6130/9/3 6116/9/3 6129/9/3
f 6130/10/3 6118/10/3 6117/10/3
f 6131/10/3 6118/10/3 6130/10/3
f 6132/12/3 6119/12/3 6118/12/3
f 6132/10/3 6118/10/3 6131/10/3
f 6133/12/3 6106/12/3 6119/12/3
f 6133/12/3 6119/12/3 6132/12/3
f 6134/13/3 6107/13/3 6106/13/3
f 6134/12/3 6106/12/3 6133/12/3
f 6135/13/3 6107/13/3 6134/13/3
f 6136/13/3 6122/13/3 6121/13/3
f 6136/14/3 6121/14/3 6120/14/3
f 6137/12/3 6124/12/3 6123/12/3
f 6137/13/3 6122/13/3 6136/13/3
f 6137/12/3 6123/12/3 6122/12/3
f 6138/12/3 6124/12/3 6137/12/3
f 6139/10/3 6126/10/3 6125/10/3
f 6139/12/3 6124/12/3 6138/12/3
f 6139/10/3 6125/10/3 6124/10/3
f 6140/10/3 6126/10/3 6139/10/3
f 6141/9/3 6129/9/3 6128/9/3
f 6141/10/3 6126/10/3 6140/10/3
f 6141/9/3 6127/9/3 6126/9/3
f 6141/9/3 6128/9/3 6127/9/3
f 6142/9/3 6129/9/3 6141/9/3
f 6143/9/3 6129/9/3 6142/9/3
f 6144/10/3 6131/10/3 6130/10/3
f 6144/9/3 6129/9/3 6143/9/3
f 6144/10/3 6130/10/3 6129/10/3
f 6145/10/3 6131/10/3 6144/10/3
f 6146/12/3 6132/12/3 6131/12/3
f 6146/10/3 6131/10/3 6145/10/3
f 6146/12/3 6133/12/3 6132/12/3
f 6147/12/3 6133/12/3 6146/12/3
f 6148/13/3 6134/13/3 6133/13/3
f 6148/12/3 6133/12/3 6147/12/3
f 6149/14/3 6135/14/3 6134/14/3
f 6149/13/3 6134/13/3 6148/13/3
f 6150/14/3 6136/14/3 6120/14/3
f 6150/14/3 6137/14/3 6136/14/3
f 6151/13/3 6138/13/3 6137/13/3
f 6151/14/3 6137/14/3 6150/14/3
f 6152/12/3 6140/12/3 6139/12/3
f 6152/13/3 6138/13/3 6151/13/3
f 6152/12/3 6139/12/3 6138/12/3
f 6153/11/3 6142/11/3 6141/11/3
f 6153/12/3 6140/12/3 6152/12/3
f 6153/11/3 6141/11/3 6140/11/3
f 6154/8/3 6143/8/3 6142/8/3
f 6154/11/3 6142/11/3 6153/11/3
f 6155/11/3 6145/11/3 6144/11/3
f 6155/8/3 6143/8/3 6154/8/3
f 6155/11/3 6144/11/3 6143/11/3
f 6156/12/3 6146/12/3 6145/12/3
f 6156/11/3 6145/11/3 6155/11/3
f 6156/12/3 6147/12/3 6146/12/3
f 6157/13/3 6148/13/3 6147/13/3
f 6157/12/3 6147/12/3 6156/12/3
f 6158/14/3 6149/14/3 6148/14/3
f 6158/13/3 6148/13/3 6157/13/3
f 6159/14/3 6135/14/3 6149/14/3
f 6159/14/3 6149/14/3 6158/14/3
f 6162/5/3 6161/5/3 6160/5/3
f 6163/5/3 6161/5/3 6162/5/3
f 6166/2/3 6165/2/3 6164/2/3
f 6167/2/3 6165/2/3 6166/2/3
f 6170/2/3 6169/2/3 6168/2/3
f 6171/2/3 6169/2/3 6170/2/3
f 6174/15/3 6173/15/3 6172/15/3
f 6175/15/3 6173/15/3 6174/15/3
f 6179/5/3 6177/5/3 6176/5/3
f 6180/2/3 6179/2/3 6178/2/3
f 6181/5/3 6177/5/3 6179/5/3
f 6181/2/3 6179/2/3 6180/2/3
f 6182/5/3 6177/5/3 6181/5/3
f 6185/6/3 6184/6/3 6183/6/3
f 6186/6/3 6184/6/3 6185/6/3
f 6189/5/3 6188/5/3 6187/5/3
f 6190/5/3 6188/5/3 6189/5/3
f 6193/2/3 6192/2/3 6191/2/3
f 6195/2/3 6193/2/3 6191/2/3
f 6195/2/3 6194/2/3 6193/2/3
f 6196/2/3 6194/2/3 6195/2/3
f 6197/2/3 6195/2/3 6191/2/3
f 6198/2/3 6195/2/3 6197/2/3
f 6205/13/3 6200/13/3 6199/13/3
f 6206/8/3 6201/8/3 6200/8/3
f 6206/13/3 6200/13/3 6205/13/3
f 6207/2/3 6202/2/3 6201/2/3
f 6207/8/3 6201/8/3 6206/8/3
f 6208/8/3 6203/8/3 6202/8/3
f 6208/2/3 6202/2/3 6207/2/3
f 6209/13/3 6204/13/3 6203/13/3
f 6209/8/3 6203/8/3 6208/8/3
f 6210/13/3 6204/13/3 6209/13/3
f 6213/8/3 6206/8/3 6205/8/3
f 6214/3/3 6207/3/3 6206/3/3
f 6214/8/3 6206/8/3 6213/8/3
f 6215/7/3 6208/7/3 6207/7/3
f 6215/3/3 6207/3/3 6214/3/3
f 6216/3/3 6209/3/3 6208/3/3
f 6216/7/3 6208/7/3 6215/7/3
f 6217/11/3 6210/11/3 6209/11/3
f 6217/3/3 6209/3/3 6216/3/3
f 6218/11/3 6210/11/3 6217/11/3
f 6219/6/3 6212/6/3 6211/6/3
f 6220/6/3 6212/6/3 6219/6/3
f 6221/2/3 6214/2/3 6213/2/3
f 6222/7/3 6215/7/3 6214/7/3
f 6222/2/3 6214/2/3 6221/2/3
f 6223/4/3 6216/4/3 6215/4/3
f 6223/7/3 6215/7/3 6222/7/3
f 6224/7/3 6217/7/3 6216/7/3
f 6224/4/3 6216/4/3 6223/4/3
f 6225/8/3 6218/8/3 6217/8/3
f 6225/7/3 6217/7/3 6224/7/3
f 6226/8/3 6218/8/3 6225/8/3
f 6227/8/3 6222/8/3 6221/8/3
f 6228/3/3 6223/3/3 6222/3/3
f 6228/8/3 6222/8/3 6227/8/3
f 6229/7/3 6224/7/3 6223/7/3
f 6229/3/3 6223/3/3 6228/3/3
f 6230/3/3 6225/3/3 6224/3/3
f 6230/7/3 6224/7/3 6229/7/3
f 6231/11/3 6226/11/3 6225/11/3
f 6231/3/3 6225/3/3 6230/3/3
f 6232/11/3 6226/11/3 6231/11/3
f 6233/8/3 6229/8/3 6228/8/3
f 6234/8/3 6229/8/3 6233/8/3
f 6235/8/3 6231/8/3 6230/8/3
f 6236/13/3 6232/13/3 6231/13/3
f 6236/8/3 6231/8/3 6235/8/3
f 6237/13/3 6232/13/3 6236/13/3
f 6240/5/3 6239/5/3 6238/5/3
f 6241/5/3 6239/5/3 6240/5/3
f 6244/5/3 6243/5/3 6242/5/3
f 6245/5/3 6243/5/3 6244/5/3
f 6252/11/3 6247/11/3 6246/11/3
f 6253/8/3 6248/8/3 6247/8/3
f 6253/11/3 6247/11/3 6252/11/3
f 6254/8/3 6248/8/3 6253/8/3
f 6255/2/3 6249/2/3 6248/2/3
f 6255/8/3 6248/8/3 6254/8/3
f 6256/8/3 6250/8/3 6249/8/3
f 6256/2/3 6249/2/3 6255/2/3
f 6257/8/3 6250/8/3 6256/8/3
f 6258/13/3 6251/13/3 6250/13/3
f 6258/8/3 6250/8/3 6257/8/3
f 6259/13/3 6251/13/3 6258/13/3
f 6260/9/3 6254/9/3 6253/9/3
f 6260/8/3 6253/8/3 6252/8/3
f 6261/2/3 6255/2/3 6254/2/3
f 6261/9/3 6254/9/3 6260/9/3
f 6262/3/3 6256/3/3 6255/3/3
f 6262/2/3 6255/2/3 6261/2/3
f 6263/2/3 6257/2/3 6256/2/3
f 6263/3/3 6256/3/3 6262/3/3
f 6264/9/3 6258/9/3 6257/9/3
f 6264/2/3 6257/2/3 6263/2/3
f 6265/11/3 6259/11/3 6258/11/3
f 6265/9/3 6258/9/3 6264/9/3
f 6266/11/3 6259/11/3 6265/11/3
f 6267/8/3 6260/8/3 6252/8/3
f 6268/2/3 6261/2/3 6260/2/3
f 6268/8/3 6260/8/3 6267/8/3
f 6269/3/3 6262/3/3 6261/3/3
f 6269/2/3 6261/2/3 6268/2/3
f 6270/7/3 6263/7/3 6262/7/3
f 6270/3/3 6262/3/3 6269/3/3
f 6271/3/3 6264/3/3 6263/3/3
f 6271/7/3 6263/7/3 6270/7/3
f 6272/2/3 6265/2/3 6264/2/3
f 6272/3/3 6264/3/3 6271/3/3
f 6273/8/3 6266/8/3 6265/8/3
f 6273/2/3 6265/2/3 6272/2/3
f 6274/8/3 6266/8/3 6273/8/3
f 6275/7/3 6270/7/3 6269/7/3
f 6275/7/3 6269/7/3 6268/7/3
f 6276/7/3 6270/7/3 6275/7/3
f 6277/4/3 6271/4/3 6270/4/3
f 6277/7/3 6270/7/3 6276/7/3
f 6278/7/3 6272/7/3 6271/7/3
f 6278/4/3 6271/4/3 6277/4/3
f 6279/3/3 6273/3/3 6272/3/3
f 6279/7/3 6272/7/3 6278/7/3
f 6280/9/3 6274/9/3 6273/9/3
f 6280/3/3 6273/3/3 6279/3/3
f 6281/9/3 6274/9/3 6280/9/3
f 6282/2/3 6276/2/3 6275/2/3
f 6283/3/3 6277/3/3 6276/3/3
f 6283/2/3 6276/2/3 6282/2/3
f 6284/7/3 6278/7/3 6277/7/3
f 6284/3/3 6277/3/3 6283/3/3
f 6285/3/3 6279/3/3 6278/3/3
f 6285/7/3 6278/7/3 6284/7/3
f 6286/2/3 6280/2/3 6279/2/3
f 6286/3/3 6279/3/3 6285/3/3
f 6287/8/3 6281/8/3 6280/8/3
f 6287/2/3 6280/2/3 6286/2/3
f 6288/8/3 6281/8/3 6287/8/3
f 6289/9/3 6283/9/3 6282/9/3
f 6290/2/3 6284/2/3 6283/2/3
f 6290/9/3 6283/9/3 6289/9/3
f 6291/3/3 6285/3/3 6284/3/3
f 6291/2/3 6284/2/3 6290/2/3
f 6292/2/3 6286/2/3 6285/2/3
f 6292/3/3 6285/3/3 6291/3/3
f 6293/9/3 6287/9/3 6286/9/3
f 6293/2/3 6286/2/3 6292/2/3
f 6294/11/3 6288/11/3 6287/11/3
f 6294/9/3 6287/9/3 6293/9/3
f 6295/11/3 6288/11/3 6294/11/3
f 6296/8/3 6290/8/3 6289/8/3
f 6296/8/3 6291/8/3 6290/8/3
f 6297/8/3 6291/8/3 6296/8/3
f 6298/2/3 6292/2/3 6291/2/3
f 6298/8/3 6291/8/3 6297/8/3
f 6299/8/3 6293/8/3 6292/8/3
f 6299/2/3 6292/2/3 6298/2/3
f 6299/8/3 6294/8/3 6293/8/3
f 6300/13/3 6295/13/3 6294/13/3
f 6300/8/3 6294/8/3 6299/8/3
f 6301/13/3 6295/13/3 6300/13/3
f 6306/6/3 6303/6/3 6302/6/3
f 6307/6/3 6303/6/3 6306/6/3
f 6308/5/3 6305/5/3 6304/5/3
f 6309/5/3 6305/5/3 6308/5/3
f 6310/2/3 6308/2/3 6307/2/3
f 6311/2/3 6308/2/3 6310/2/3
f 6314/2/3 6313/2/3 6312/2/3
f 6315/2/3 6313/2/3 6314/2/3
f 6317/2/3 6315/2/3 6314/2/3
f 6317/2/3 6316/2/3 6315/2/3
f 6318/2/3 6316/2/3 6317/2/3
f 6319/2/3 6316/2/3 6318/2/3
f 6321/2/3 6319/2/3 6318/2/3
f 6322/6/3 6320/6/3 6319/6/3
f 6322/2/3 6319/2/3 6321/2/3
f 6324/6/3 6320/6/3 6322/6/3
f 6325/6/3 6320/6/3 6324/6/3
f 6326/2/3 6324/2/3 6323/2/3
f 6327/2/3 6324/2/3 6326/2/3
f 6328/2/3 6324/2/3 6327/2/3
f 6329/2/3 6324/2/3 6328/2/3
f 6334/11/3 6330/11/3 6329/11/3
f 6335/11/3 6330/11/3 6334/11/3
f 6336/8/3 6331/8/3 6330/8/3
f 6336/11/3 6330/11/3 6335/11/3
f 6337/11/3 6332/11/3 6331/11/3
f 6337/8/3 6331/8/3 6336/8/3
f 6338/13/3 6333/13/3 6332/13/3
f 6338/11/3 6332/11/3 6337/11/3
f 6339/13/3 6333/13/3 6338/13/3
f 6340/3/3 6336/3/3 6335/3/3
f 6340/3/3 6337/3/3 6336/3/3
f 6341/3/3 6337/3/3 6340/3/3
f 6342/2/3 6338/2/3 6337/2/3
f 6342/3/3 6337/3/3 6341/3/3
f 6343/11/3 6339/11/3 6338/11/3
f 6343/2/3 6338/2/3 6342/2/3
f 6344/11/3 6339/11/3 6343/11/3
f 6345/4/3 6342/4/3 6341/4/3
f 6346/3/3 6343/3/3 6342/3/3
f 6346/4/3 6342/4/3 6345/4/3
f 6347/8/3 6344/8/3 6343/8/3
f 6347/3/3 6343/3/3 6346/3/3
f 6348/8/3 6344/8/3 6347/8/3
f 6350/3/3 6346/3/3 6345/3/3
f 6351/2/3 6347/2/3 6346/2/3
f 6351/3/3 6346/3/3 6350/3/3
f 6352/11/3 6348/11/3 6347/11/3
f 6352/2/3 6347/2/3 6351/2/3
f 6353/11/3 6348/11/3 6352/11/3
f 6354/11/3 6350/11/3 6349/11/3
f 6355/8/3 6351/8/3 6350/8/3
f 6355/11/3 6350/11/3 6354/11/3
f 6356/11/3 6352/11/3 6351/11/3
f 6356/8/3 6351/8/3 6355/8/3
f 6357/13/3 6353/13/3 6352/13/3
f 6357/11/3 6352/11/3 6356/11/3
f 6358/13/3 6353/13/3 6357/13/3
f 6361/6/3 6360/6/3 6359/6/3
f 6362/6/3 6360/6/3 6361/6/3
f 6363/6/3 6360/6/3 6362/6/3
f 6372/14/3 6365/14/3 6364/14/3
f 6373/12/3 6366/12/3 6365/12/3
f 6373/14/3 6365/14/3 6372/14/3
f 6374/11/3 6367/11/3 6366/11/3
f 6374/12/3 6366/12/3 6373/12/3
f 6375/8/3 6368/8/3 6367/8/3
f 6375/11/3 6367/11/3 6374/11/3
f 6376/11/3 6369/11/3 6368/11/3
f 6376/8/3 6368/8/3 6375/8/3
f 6377/12/3 6370/12/3 6369/12/3
f 6377/11/3 6369/11/3 6376/11/3
f 6378/14/3 6371/14/3 6370/14/3
f 6378/12/3 6370/12/3 6377/12/3
f 6379/14/3 6371/14/3 6378/14/3
f 6380/12/3 6373/12/3 6372/12/3
f 6381/9/3 6374/9/3 6373/9/3
f 6381/12/3 6373/12/3 6380/12/3
f 6382/2/3 6375/2/3 6374/2/3
f 6382/9/3 6374/9/3 6381/9/3
f 6383/3/3 6376/3/3 6375/3/3
f 6383/2/3 6375/2/3 6382/2/3
f 6384/2/3 6377/2/3 6376/2/3
f 6384/3/3 6376/3/3 6383/3/3
f 6385/9/3 6378/9/3 6377/9/3
f 6385/2/3 6377/2/3 6384/2/3
f 6386/12/3 6379/12/3 6378/12/3
f 6386/9/3 6378/9/3 6385/9/3
f 6387/12/3 6379/12/3 6386/12/3
f 6388/11/3 6381/11/3 6380/11/3
f 6389/2/3 6382/2/3 6381/2/3
f 6389/11/3 6381/11/3 6388/11/3
f 6390/3/3 6383/3/3 6382/3/3
f 6390/2/3 6382/2/3 6389/2/3
f 6391/7/3 6384/7/3 6383/7/3
f 6391/3/3 6383/3/3 6390/3/3
f 6392/3/3 6385/3/3 6384/3/3
f 6392/7/3 6384/7/3 6391/7/3
f 6393/2/3 6386/2/3 6385/2/3
f 6393/3/3 6385/3/3 6392/3/3
f 6394/11/3 6387/11/3 6386/11/3
f 6394/2/3 6386/2/3 6393/2/3
f 6395/11/3 6389/11/3 6388/11/3
f 6395/3/3 6390/3/3 6389/3/3
f 6396/7/3 6391/7/3 6390/7/3
f 6396/3/3 6390/3/3 6395/3/3
f 6396/7/3 6392/7/3 6391/7/3
f 6396/7/3 6393/7/3 6392/7/3
f 6397/7/3 6393/7/3 6396/7/3
f 6398/7/3 6393/7/3 6397/7/3
f 6399/3/3 6394/3/3 6393/3/3
f 6399/7/3 6393/7/3 6398/7/3
f 6400/11/3 6387/11/3 6394/11/3
f 6400/3/3 6394/3/3 6399/3/3
f 6401/11/3 6395/11/3 6388/11/3
f 6402/2/3 6396/2/3 6395/2/3
f 6402/11/3 6395/11/3 6401/11/3
f 6403/3/3 6397/3/3 6396/3/3
f 6403/2/3 6396/2/3 6402/2/3
f 6404/7/3 6398/7/3 6397/7/3
f 6404/3/3 6397/3/3 6403/3/3
f 6405/3/3 6399/3/3 6398/3/3
f 6405/7/3 6398/7/3 6404/7/3
f 6406/2/3 6400/2/3 6399/2/3
f 6406/3/3 6399/3/3 6405/3/3
f 6407/11/3 6387/11/3 6400/11/3
f 6407/2/3 6400/2/3 6406/2/3
f 6408/11/3 6387/11/3 6407/11/3
f 6409/12/3 6402/12/3 6401/12/3
f 6410/9/3 6403/9/3 6402/9/3
f 6410/12/3 6402/12/3 6409/12/3
f 6411/2/3 6404/2/3 6403/2/3
f 6411/9/3 6403/9/3 6410/9/3
f 6412/3/3 6405/3/3 6404/3/3
f 6412/2/3 6404/2/3 6411/2/3
f 6413/2/3 6406/2/3 6405/2/3
f 6413/3/3 6405/3/3 6412/3/3
f 6414/9/3 6407/9/3 6406/9/3
f 6414/2/3 6406/2/3 6413/2/3
f 6415/12/3 6408/12/3 6407/12/3
f 6415/9/3 6407/9/3 6414/9/3
f 6416/12/3 6408/12/3 6415/12/3
f 6417/14/3 6410/14/3 6409/14/3
f 6418/12/3 6411/12/3 6410/12/3
f 6418/14/3 6410/14/3 6417/14/3
f 6419/11/3 6412/11/3 6411/11/3
f 6419/12/3 6411/12/3 6418/12/3
f 6420/8/3 6413/8/3 6412/8/3
f 6420/11/3 6412/11/3 6419/11/3
f 6421/11/3 6414/11/3 6413/11/3
f 6421/8/3 6413/8/3 6420/8/3
f 6422/12/3 6415/12/3 6414/12/3
f 6422/11/3 6414/11/3 6421/11/3
f 6423/14/3 6416/14/3 6415/14/3
f 6423/12/3 6415/12/3 6422/12/3
f 6424/14/3 6416/14/3 6423/14/3
f 6427/2/3 6426/2/3 6425/2/3
f 6428/2/3 6426/2/3 6427/2/3
f 6431/2/3 6430/2/3 6429/2/3
f 6434/2/3 6430/2/3 6431/2/3
f 6435/2/3 6430/2/3 6434/2/3
f 6436/6/3 6433/6/3 6432/6/3
f 6437/2/3 6436/2/3 6435/2/3
f 6437/6/3 6433/6/3 6436/6/3
f 6438/6/3 6433/6/3 6437/6/3
f 6440/2/3 6437/2/3 6435/2/3
f 6441/2/3 6437/2/3 6440/2/3
f 6442/2/3 6440/2/3 6439/2/3
f 6443/2/3 6440/2/3 6442/2/3
f 6446/2/3 6445/2/3 6444/2/3
f 6447/2/3 6445/2/3 6446/2/3
f 6449/2/3 6448/2/3 6447/2/3
f 6450/2/3 6448/2/3 6449/2/3
f 6453/15/3 6452/15/3 6451/15/3
f 6454/15/3 6452/15/3 6453/15/3
f 6457/6/3 6456/6/3 6455/6/3
f 6458/6/3 6456/6/3 6457/6/3
f 6461/6/3 6460/6/3 6459/6/3
f 6462/6/3 6461/6/3 6459/6/3
f 6463/6/3 6461/6/3 6462/6/3
f 6464/3/3 6463/3/3 6462/3/3
f 6465/3/3 6463/3/3 6464/3/3
f 6466/5/3 6465/5/3 6464/5/3
f 6467/5/3 6465/5/3 6466/5/3
f 6474/8/3 6469/8/3 6468/8/3
f 6475/11/3 6470/11/3 6469/11/3
f 6475/8/3 6469/8/3 6474/8/3
f 6476/13/3 6471/13/3 6470/13/3
f 6476/11/3 6470/11/3 6475/11/3
f 6477/14/3 6472/14/3 6471/14/3
f 6477/13/3 6471/13/3 6476/13/3
f 6478/14/3 6472/14/3 6477/14/3
f 6479/9/3 6476/9/3 6475/9/3
f 6479/9/3 6474/9/3 6473/9/3
f 6479/9/3 6475/9/3 6474/9/3
f 6480/9/3 6476/9/3 6479/9/3
f 6481/10/3 6477/10/3 6476/10/3
f 6481/9/3 6476/9/3 6480/9/3
f 6482/13/3 6478/13/3 6477/13/3
f 6482/10/3 6477/10/3 6481/10/3
f 6483/13/3 6478/13/3 6482/13/3
f 6485/3/3 6480/3/3 6479/3/3
f 6486/2/3 6481/2/3 6480/2/3
f 6486/3/3 6480/3/3 6485/3/3
f 6487/2/3 6481/2/3 6486/2/3
f 6488/9/3 6482/9/3 6481/9/3
f 6488/12/3 6483/12/3 6482/12/3
f 6489/12/3 6483/12/3 6488/12/3
f 6490/7/3 6485/7/3 6484/7/3
f 6490/7/3 6487/7/3 6486/7/3
f 6490/7/3 6486/7/3 6485/7/3
f 6491/7/3 6487/7/3 6490/7/3
f 6492/2/3 6481/2/3 6487/2/3
f 6492/7/3 6487/7/3 6491/7/3
f 6493/9/3 6488/9/3 6481/9/3
f 6493/2/3 6481/2/3 6492/2/3
f 6494/11/3 6489/11/3 6488/11/3
f 6494/9/3 6488/9/3 6493/9/3
f 6497/4/3 6491/4/3 6490/4/3
f 6498/7/3 6492/7/3 6491/7/3
f 6498/4/3 6491/4/3 6497/4/3
f 6500/2/3 6496/2/3 6495/2/3
f 6501/3/3 6497/3/3 6496/3/3
f 6501/2/3 6496/2/3 6500/2/3
f 6502/3/3 6493/3/3 6492/3/3
f 6502/2/3 6494/2/3 6493/2/3
f 6503/11/3 6489/11/3 6494/11/3
f 6503/2/3 6494/2/3 6502/2/3
f 6504/9/3 6500/9/3 6499/9/3
f 6504/9/3 6501/9/3 6500/9/3
f 6505/3/3 6497/3/3 6501/3/3
f 6505/9/3 6501/9/3 6504/9/3
f 6506/7/3 6498/7/3 6497/7/3
f 6506/3/3 6497/3/3 6505/3/3
f 6507/7/3 6492/7/3 6498/7/3
f 6507/7/3 6498/7/3 6506/7/3
f 6507/3/3 6502/3/3 6492/3/3
f 6508/9/3 6503/9/3 6502/9/3
f 6508/3/3 6502/3/3 6507/3/3
f 6509/11/3 6489/11/3 6503/11/3
f 6509/9/3 6503/9/3 6508/9/3
f 6510/11/3 6489/11/3 6509/11/3
f 6511/9/3 6506/9/3 6505/9/3
f 6511/2/3 6507/2/3 6506/2/3
f 6512/9/3 6508/9/3 6507/9/3
f 6512/2/3 6507/2/3 6511/2/3
f 6513/10/3 6505/10/3 6504/10/3
f 6514/9/3 6511/9/3 6505/9/3
f 6514/10/3 6505/10/3 6513/10/3
f 6514/9/3 6512/9/3 6511/9/3
f 6515/9/3 6512/9/3 6514/9/3
f 6516/9/3 6508/9/3 6512/9/3
f 6516/9/3 6512/9/3 6515/9/3
f 6517/10/3 6509/10/3 6508/10/3
f 6517/9/3 6508/9/3 6516/9/3
f 6518/13/3 6510/13/3 6509/13/3
f 6518/10/3 6509/10/3 6517/10/3
f 6519/13/3 6510/13/3 6518/13/3
f 6520/13/3 6514/13/3 6513/13/3
f 6521/11/3 6515/11/3 6514/11/3
f 6521/13/3 6514/13/3 6520/13/3
f 6522/8/3 6516/8/3 6515/8/3
f 6522/11/3 6515/11/3 6521/11/3
f 6523/11/3 6517/11/3 6516/11/3
f 6523/8/3 6516/8/3 6522/8/3
f 6524/13/3 6518/13/3 6517/13/3
f 6524/11/3 6517/11/3 6523/11/3
f 6525/14/3 6519/14/3 6518/14/3
f 6525/13/3 6518/13/3 6524/13/3
f 6526/14/3 6519/14/3 6525/14/3
f 6529/6/3 6528/6/3 6527/6/3
f 6530/6/3 6528/6/3 6529/6/3
f 6533/2/3 6532/2/3 6531/2/3
f 6534/2/3 6532/2/3 6533/2/3
f 6537/6/3 6536/6/3 6535/6/3
f 6538/6/3 6536/6/3 6537/6/3
f 6541/2/3 6540/2/3 6539/2/3
f 6542/2/3 6540/2/3 6541/2/3
f 6545/6/3 6544/6/3 6543/6/3
f 6548/6/3 6545/6/3 6543/6/3
f 6549/6/3 6545/6/3 6548/6/3
f 6550/2/3 6547/2/3 6546/2/3
f 6551/2/3 6547/2/3 6550/2/3
f 6554/15/3 6553/15/3 6552/15/3
f 6555/15/3 6553/15/3 6554/15/3
f 6558/5/3 6557/5/3 6556/5/3
f 6559/5/3 6557/5/3 6558/5/3
f 6562/6/3 6561/6/3 6560/6/3
f 6563/6/3 6561/6/3 6562/6/3
f 6566/6/3 6565/6/3 6564/6/3
f 6567/6/3 6565/6/3 6566/6/3
f 6570/2/3 6569/2/3 6568/2/3
f 6571/2/3 6569/2/3 6570/2/3
f 6575/5/3 6572/5/3 6571/5/3
f 6576/5/3 6572/5/3 6575/5/3
f 6577/6/3 6574/6/3 6573/6/3
f 6578/6/3 6574/6/3 6577/6/3
f 6581/2/3 6580/2/3 6579/2/3
f 6582/2/3 6580/2/3 6581/2/3
f 6585/2/3 6584/2/3 6583/2/3
f 6586/2/3 6584/2/3 6585/2/3
f 6589/3/3 6588/3/3 6587/3/3
f 6590/3/3 6588/3/3 6589/3/3
f 6593/6/3 6592/6/3 6591/6/3
f 6594/6/3 6592/6/3 6593/6/3
f 6597/2/3 6596/2/3 6595/2/3
f 6598/2/3 6596/2/3 6597/2/3
f 6601/5/3 6600/5/3 6599/5/3
f 6602/5/3 6600/5/3 6601/5/3
f 6604/5/3 6603/5/3 6602/5/3
f 6605/5/3 6603/5/3 6604/5/3
f 6610/2/3 6607/2/3 6606/2/3
f 6611/2/3 6607/2/3 6610/2/3
f 6612/2/3 6609/2/3 6608/2/3
f 6612/2/3 6610/2/3 6609/2/3
f 6613/2/3 6610/2/3 6612/2/3
f 6614/2/3 6612/2/3 6608/2/3
f 6615/6/3 6613/6/3 6612/6/3
f 6615/2/3 6612/2/3 6614/2/3
f 6616/6/3 6613/6/3 6615/6/3
f 6617/6/3 6616/6/3 6615/6/3
f 6618/6/3 6616/6/3 6617/6/3
f 6619/2/3 6618/2/3 6617/2/3
f 6620/2/3 6618/2/3 6619/2/3
f 6623/2/3 6622/2/3 6621/2/3
f 6624/2/3 6622/2/3 6623/2/3
f 6627/6/3 6626/6/3 6625/6/3
f 6628/6/3 6626/6/3 6627/6/3
f 6631/6/3 6630/6/3 6629/6/3
f 6632/6/3 6630/6/3 6631/6/3
f 6635/5/3 6634/5/3 6633/5/3
f 6636/5/3 6634/5/3 6635/5/3
f 6637/5/3 6634/5/3 6636/5/3
f 6638/5/3 6634/5/3 6637/5/3
f 6641/2/3 6640/2/3 6639/2/3
f 6642/2/3 6640/2/3 6641/2/3
f 6645/6/3 6644/6/3 6643/6/3
f 6646/6/3 6644/6/3 6645/6/3
f 6649/5/3 6648/5/3 6647/5/3
f 6650/5/3 6648/5/3 6649/5/3
f 6651/5/3 6648/5/3 6650/5/3
f 6654/2/3 6653/2/3 6652/2/3
f 6655/2/3 6653/2/3 6654/2/3
f 6664/14/3 6657/14/3 6656/14/3
f 6665/12/3 6658/12/3 6657/12/3
f 6665/14/3 6657/14/3 6664/14/3
f 6666/11/3 6659/11/3 6658/11/3
f 6666/12/3 6658/12/3 6665/12/3
f 6667/8/3 6660/8/3 6659/8/3
f 6667/11/3 6659/11/3 6666/11/3
f 6668/11/3 6661/11/3 6660/11/3
f 6668/8/3 6660/8/3 6667/8/3
f 6669/12/3 6662/12/3 6661/12/3
f 6669/11/3 6661/11/3 6668/11/3
f 6670/14/3 6663/14/3 6662/14/3
f 6670/12/3 6662/12/3 6669/12/3
f 6671/14/3 6663/14/3 6670/14/3
f 6672/12/3 6665/12/3 6664/12/3
f 6673/12/3 6665/12/3 6672/12/3
f 6674/3/3 6669/3/3 6668/3/3
f 6674/3/3 6667/3/3 6666/3/3
f 6674/3/3 6668/3/3 6667/3/3
f 6675/3/3 6669/3/3 6674/3/3
f 6676/2/3 6670/2/3 6669/2/3
f 6676/3/3 6669/3/3 6675/3/3
f 6677/12/3 6671/12/3 6670/12/3
f 6677/2/3 6670/2/3 6676/2/3
f 6678/12/3 6671/12/3 6677/12/3
f 6679/11/3 6673/11/3 6672/11/3
f 6680/11/3 6673/11/3 6679/11/3
f 6681/3/3 6674/3/3 6666/3/3
f 6682/7/3 6675/7/3 6674/7/3
f 6682/3/3 6674/3/3 6681/3/3
f 6683/3/3 6676/3/3 6675/3/3
f 6683/7/3 6675/7/3 6682/7/3
f 6683/3/3 6677/3/3 6676/3/3
f 6684/11/3 6678/11/3 6677/11/3
f 6684/3/3 6677/3/3 6683/3/3
f 6685/11/3 6678/11/3 6684/11/3
f 6686/2/3 6682/2/3 6681/2/3
f 6687/3/3 6683/3/3 6682/3/3
f 6687/2/3 6682/2/3 6686/2/3
f 6688/2/3 6684/2/3 6683/2/3
f 6688/3/3 6683/3/3 6687/3/3
f 6689/2/3 6684/2/3 6688/2/3
f 6690/12/3 6685/12/3 6684/12/3
f 6690/2/3 6684/2/3 6689/2/3
f 6691/12/3 6685/12/3 6690/12/3
f 6692/8/3 6688/8/3 6687/8/3
f 6693/8/3 6688/8/3 6692/8/3
f 6694/12/3 6690/12/3 6689/12/3
f 6695/14/3 6691/14/3 6690/14/3
f 6695/12/3 6690/12/3 6694/12/3
f 6696/14/3 6691/14/3 6695/14/3
f 6699/6/3 6698/6/3 6697/6/3
f 6700/6/3 6698/6/3 6699/6/3
f 6707/8/3 6702/8/3 6701/8/3
f 6708/8/3 6702/8/3 6707/8/3
f 6709/8/3 6702/8/3 6708/8/3
f 6710/11/3 6703/11/3 6702/11/3
f 6710/8/3 6702/8/3 6709/8/3
f 6711/12/3 6704/12/3 6703/12/3
f 6711/11/3 6703/11/3 6710/11/3
f 6712/13/3 6705/13/3 6704/13/3
f 6712/12/3 6704/12/3 6711/12/3
f 6713/13/3 6705/13/3 6712/13/3
f 6714/14/3 6706/14/3 6705/14/3
f 6714/13/3 6705/13/3 6713/13/3
f 6715/14/3 6706/14/3 6714/14/3
f 6716/9/3 6708/9/3 6707/9/3
f 6717/2/3 6709/2/3 6708/2/3
f 6717/9/3 6708/9/3 6716/9/3
f 6718/9/3 6710/9/3 6709/9/3
f 6718/2/3 6709/2/3 6717/2/3
f 6718/9/3 6711/9/3 6710/9/3
f 6719/9/3 6711/9/3 6718/9/3
f 6720/10/3 6713/10/3 6712/10/3
f 6720/9/3 6711/9/3 6719/9/3
f 6720/10/3 6712/10/3 6711/10/3
f 6721/10/3 6713/10/3 6720/10/3
f 6722/12/3 6714/12/3 6713/12/3
f 6722/10/3 6713/10/3 6721/10/3
f 6723/13/3 6715/13/3 6714/13/3
f 6723/12/3 6714/12/3 6722/12/3
f 6724/2/3 6719/2/3 6718/2/3
f 6724/2/3 6717/2/3 6716/2/3
f 6724/2/3 6718/2/3 6717/2/3
f 6725/9/3 6720/9/3 6719/9/3
f 6725/2/3 6719/2/3 6724/2/3
f 6725/9/3 6721/9/3 6720/9/3
f 6726/9/3 6721/9/3 6725/9/3
f 6727/10/3 6723/10/3 6722/10/3
f 6727/9/3 6721/9/3 6726/9/3
f 6727/10/3 6722/10/3 6721/10/3
f 6728/10/3 6723/10/3 6727/10/3
f 6729/13/3 6715/13/3 6723/13/3
f 6729/10/3 6723/10/3 6728/10/3
f 6730/13/3 6715/13/3 6729/13/3
f 6732/3/3 6726/3/3 6725/3/3
f 6732/3/3 6725/3/3 6724/3/3
f 6733/3/3 6726/3/3 6732/3/3
f 6734/2/3 6727/2/3 6726/2/3
f 6734/3/3 6726/3/3 6733/3/3
f 6735/9/3 6728/9/3 6727/9/3
f 6735/2/3 6727/2/3 6734/2/3
f 6736/10/3 6729/10/3 6728/10/3
f 6736/9/3 6728/9/3 6735/9/3
f 6737/12/3 6730/12/3 6729/12/3
f 6737/10/3 6729/10/3 6736/10/3
f 6738/12/3 6730/12/3 6737/12/3
f 6739/7/3 6733/7/3 6732/7/3
f 6739/3/3 6732/3/3 6731/3/3
f 6740/7/3 6733/7/3 6739/7/3
f 6741/3/3 6734/3/3 6733/3/3
f 6741/9/3 6736/9/3 6735/9/3
f 6741/3/3 6735/3/3 6734/3/3
f 6741/9/3 6737/9/3 6736/9/3
f 6742/9/3 6737/9/3 6741/9/3
f 6744/3/3 6739/3/3 6731/3/3
f 6745/3/3 6739/3/3 6744/3/3
f 6746/4/3 6740/4/3 6739/4/3
f 6746/3/3 6739/3/3 6745/3/3
f 6747/4/3 6740/4/3 6746/4/3
f 6748/7/3 6733/7/3 6740/7/3
f 6748/4/3 6740/4/3 6747/4/3
f 6749/3/3 6741/3/3 6733/3/3
f 6749/7/3 6733/7/3 6748/7/3
f 6750/3/3 6741/3/3 6749/3/3
f 6751/9/3 6737/9/3 6742/9/3
f 6751/2/3 6742/2/3 6741/2/3
f 6752/11/3 6738/11/3 6737/11/3
f 6752/9/3 6737/9/3 6751/9/3
f 6753/11/3 6738/11/3 6752/11/3
f 6754/4/3 6747/4/3 6746/4/3
f 6754/3/3 6745/3/3 6744/3/3
f 6754/4/3 6746/4/3 6745/4/3
f 6755/4/3 6747/4/3 6754/4/3
f 6756/7/3 6748/7/3 6747/7/3
f 6756/4/3 6747/4/3 6755/4/3
f 6757/4/3 6749/4/3 6748/4/3
f 6757/7/3 6748/7/3 6756/7/3
f 6758/7/3 6750/7/3 6749/7/3
f 6758/4/3 6749/4/3 6757/4/3
f 6759/3/3 6741/3/3 6750/3/3
f 6759/7/3 6750/7/3 6758/7/3
f 6760/2/3 6751/2/3 6741/2/3
f 6760/2/3 6752/2/3 6751/2/3
f 6761/8/3 6753/8/3 6752/8/3
f 6761/2/3 6752/2/3 6760/2/3
f 6762/8/3 6753/8/3 6761/8/3
f 6764/2/3 6744/2/3 6743/2/3
f 6765/3/3 6755/3/3 6754/3/3
f 6765/3/3 6754/3/3 6744/3/3
f 6765/2/3 6744/2/3 6764/2/3
f 6766/4/3 6757/4/3 6756/4/3
f 6766/7/3 6756/7/3 6755/7/3
f 6767/7/3 6758/7/3 6757/7/3
f 6767/4/3 6757/4/3 6766/4/3
f 6768/2/3 6760/2/3 6741/2/3
f 6768/3/3 6741/3/3 6759/3/3
f 6768/3/3 6759/3/3 6758/3/3
f 6769/9/3 6761/9/3 6760/9/3
f 6769/2/3 6760/2/3 6768/2/3
f 6770/9/3 6764/9/3 6763/9/3
f 6770/9/3 6765/9/3 6764/9/3
f 6771/9/3 6765/9/3 6770/9/3
f 6772/3/3 6755/3/3 6765/3/3
f 6772/9/3 6765/9/3 6771/9/3
f 6773/7/3 6766/7/3 6755/7/3
f 6773/3/3 6755/3/3 6772/3/3
f 6773/7/3 6767/7/3 6766/7/3
f 6774/7/3 6758/7/3 6767/7/3
f 6774/7/3 6767/7/3 6773/7/3
f 6774/3/3 6768/3/3 6758/3/3
f 6775/9/3 6769/9/3 6768/9/3
f 6775/3/3 6768/3/3 6774/3/3
f 6776/9/3 6761/9/3 6769/9/3
f 6776/9/3 6769/9/3 6775/9/3
f 6777/11/3 6762/11/3 6761/11/3
f 6777/9/3 6761/9/3 6776/9/3
f 6778/11/3 6762/11/3 6777/11/3
f 6779/9/3 6772/9/3 6771/9/3
f 6779/10/3 6771/10/3 6770/10/3
f 6780/2/3 6773/2/3 6772/2/3
f 6780/9/3 6772/9/3 6779/9/3
f 6781/3/3 6774/3/3 6773/3/3
f 6781/2/3 6773/2/3 6780/2/3
f 6782/2/3 6775/2/3 6774/2/3
f 6782/3/3 6774/3/3 6781/3/3
f 6783/9/3 6776/9/3 6775/9/3
f 6783/2/3 6775/2/3 6782/2/3
f 6784/10/3 6777/10/3 6776/10/3
f 6784/9/3 6776/9/3 6783/9/3
f 6785/12/3 6778/12/3 6777/12/3
f 6785/10/3 6777/10/3 6784/10/3
f 6786/12/3 6778/12/3 6785/12/3
f 6787/10/3 6779/10/3 6770/10/3
f 6787/10/3 6780/10/3 6779/10/3
f 6788/10/3 6780/10/3 6787/10/3
f 6789/9/3 6781/9/3 6780/9/3
f 6789/10/3 6780/10/3 6788/10/3
f 6790/9/3 6781/9/3 6789/9/3
f 6791/2/3 6782/2/3 6781/2/3
f 6791/9/3 6781/9/3 6790/9/3
f 6792/2/3 6782/2/3 6791/2/3
f 6793/2/3 6782/2/3 6792/2/3
f 6794/9/3 6783/9/3 6782/9/3
f 6794/2/3 6782/2/3 6793/2/3
f 6795/9/3 6783/9/3 6794/9/3
f 6796/10/3 6784/10/3 6783/10/3
f 6796/9/3 6783/9/3 6795/9/3
f 6796/10/3 6785/10/3 6784/10/3
f 6797/10/3 6785/10/3 6796/10/3
f 6798/13/3 6786/13/3 6785/13/3
f 6798/10/3 6785/10/3 6797/10/3
f 6799/10/3 6789/10/3 6788/10/3
f 6800/10/3 6789/10/3 6799/10/3
f 6801/9/3 6791/9/3 6790/9/3
f 6801/9/3 6792/9/3 6791/9/3
f 6802/9/3 6792/9/3 6801/9/3
f 6803/2/3 6793/2/3 6792/2/3
f 6803/9/3 6792/9/3 6802/9/3
f 6804/9/3 6795/9/3 6794/9/3
f 6804/2/3 6793/2/3 6803/2/3
f 6804/9/3 6794/9/3 6793/9/3
f 6805/9/3 6795/9/3 6804/9/3
f 6806/10/3 6797/10/3 6796/10/3
f 6806/9/3 6795/9/3 6805/9/3
f 6806/10/3 6796/10/3 6795/10/3
f 6807/10/3 6797/10/3 6806/10/3
f 6808/12/3 6798/12/3 6797/12/3
f 6808/10/3 6797/10/3 6807/10/3
f 6809/13/3 6786/13/3 6798/13/3
f 6809/12/3 6798/12/3 6808/12/3
f 6810/13/3 6786/13/3 6809/13/3
f 6811/11/3 6802/11/3 6801/11/3
f 6812/8/3 6803/8/3 6802/8/3
f 6812/11/3 6802/11/3 6811/11/3
f 6812/8/3 6805/8/3 6804/8/3
f 6812/8/3 6804/8/3 6803/8/3
f 6813/11/3 6806/11/3 6805/11/3
f 6813/8/3 6805/8/3 6812/8/3
f 6814/12/3 6807/12/3 6806/12/3
f 6814/11/3 6806/11/3 6813/11/3
f 6815/13/3 6808/13/3 6807/13/3
f 6815/12/3 6807/12/3 6814/12/3
f 6815/13/3 6809/13/3 6808/13/3
f 6816/14/3 6810/14/3 6809/14/3
f 6816/13/3 6809/13/3 6815/13/3
f 6817/14/3 6810/14/3 6816/14/3
f 6822/5/3 6819/5/3 6818/5/3
f 6823/5/3 6819/5/3 6822/5/3
f 6823/5/3 6822/5/3 6821/5/3
f 6824/5/3 6819/5/3 6823/5/3
f 6827/2/3 6821/2/3 6820/2/3
f 6828/5/3 6823/5/3 6821/5/3
f 6828/2/3 6821/2/3 6827/2/3
f 6829/5/3 6823/5/3 6828/5/3
f 6830/5/3 6823/5/3 6829/5/3
f 6831/6/3 6826/6/3 6825/6/3
f 6832/6/3 6826/6/3 6831/6/3
f 6836/2/3 6834/2/3 6833/2/3
f 6837/5/3 6835/5/3 6834/5/3
f 6837/2/3 6834/2/3 6836/2/3
f 6838/5/3 6837/5/3 6836/5/3
f 6838/5/3 6835/5/3 6837/5/3
f 6839/5/3 6835/5/3 6838/5/3
f 6840/5/3 6838/5/3 6836/5/3
f 6841/5/3 6838/5/3 6840/5/3
f 6842/5/3 6838/5/3 6841/5/3
f 6843/5/3 6838/5/3 6842/5/3
f 6846/6/3 6845/6/3 6844/6/3
f 6847/6/3 6845/6/3 6846/6/3
f 6851/5/3 6849/5/3 6848/5/3
f 6852/5/3 6849/5/3 6851/5/3
f 6852/2/3 6851/2/3 6850/2/3
f 6853/5/3 6849/5/3 6852/5/3
f 6855/2/3 6852/2/3 6850/2/3
f 6856/2/3 6852/2/3 6855/2/3
f 6857/2/3 6852/2/3 6856/2/3
f 6859/5/3 6854/5/3 6853/5/3
f 6860/5/3 6854/5/3 6859/5/3
f 6861/5/3 6859/5/3 6858/5/3
f 6862/5/3 6859/5/3 6861/5/3
f 6865/6/3 6864/6/3 6863/6/3
f 6866/6/3 6864/6/3 6865/6/3
f 6869/5/3 6868/5/3 6867/5/3
f 6870/5/3 6868/5/3 6869/5/3
f 6873/5/3 6872/5/3 6871/5/3
f 6875/5/3 6873/5/3 6871/5/3
f 6875/5/3 6874/5/3 6873/5/3
f 6876/5/3 6874/5/3 6875/5/3
f 6877/5/3 6874/5/3 6876/5/3
f 6880/5/3 6879/5/3 6878/5/3
f 6881/5/3 6879/5/3 6880/5/3
f 6884/2/3 6883/2/3 6882/2/3
f 6885/2/3 6883/2/3 6884/2/3
f 6888/5/3 6887/5/3 6886/5/3
f 6889/5/3 6887/5/3 6888/5/3
f 6892/6/3 6891/6/3 6890/6/3
f 6893/6/3 6891/6/3 6892/6/3
f 6896/6/3 6895/6/3 6894/6/3
f 6897/6/3 6895/6/3 6896/6/3
f 6900/5/3 6899/5/3 6898/5/3
f 6901/5/3 6899/5/3 6900/5/3
f 6908/8/3 6903/8/3 6902/8/3
f 6909/11/3 6904/11/3 6903/11/3
f 6909/8/3 6903/8/3 6908/8/3
f 6910/13/3 6905/13/3 6904/13/3
f 6910/11/3 6904/11/3 6909/11/3
f 6911/14/3 6906/14/3 6905/14/3
f 6911/13/3 6905/13/3 6910/13/3
f 6912/14/3 6906/14/3 6911/14/3
f 6913/9/3 6910/9/3 6909/9/3
f 6913/9/3 6908/9/3 6907/9/3
f 6913/9/3 6909/9/3 6908/9/3
f 6914/9/3 6910/9/3 6913/9/3
f 6917/9/3 6910/9/3 6914/9/3
f 6918/10/3 6911/10/3 6910/10/3
f 6918/9/3 6910/9/3 6917/9/3
f 6919/13/3 6912/13/3 6911/13/3
f 6919/10/3 6911/10/3 6918/10/3
f 6920/13/3 6912/13/3 6919/13/3
f 6921/9/3 6919/9/3 6918/9/3
f 6921/12/3 6920/12/3 6919/12/3
f 6922/12/3 6920/12/3 6921/12/3
f 6923/9/3 6916/9/3 6915/9/3
f 6924/9/3 6916/9/3 6923/9/3
f 6926/5/3 6918/5/3 6917/5/3
f 6927/9/3 6921/9/3 6918/9/3
f 6927/5/3 6918/5/3 6926/5/3
f 6928/11/3 6922/11/3 6921/11/3
f 6928/9/3 6921/9/3 6927/9/3
f 6929/2/3 6924/2/3 6923/2/3
f 6930/2/3 6924/2/3 6929/2/3
f 6932/7/3 6926/7/3 6925/7/3
f 6933/5/3 6927/5/3 6926/5/3
f 6933/2/3 6928/2/3 6927/2/3
f 6934/11/3 6922/11/3 6928/11/3
f 6934/2/3 6928/2/3 6933/2/3
f 6935/7/3 6932/7/3 6931/7/3
f 6936/5/3 6933/5/3 6926/5/3
f 6936/7/3 6932/7/3 6935/7/3
f 6936/7/3 6926/7/3 6932/7/3
f 6937/9/3 6934/9/3 6933/9/3
f 6937/5/3 6933/5/3 6936/5/3
f 6938/11/3 6922/11/3 6934/11/3
f 6938/9/3 6934/9/3 6937/9/3
f 6939/11/3 6922/11/3 6938/11/3
f 6940/3/3 6936/3/3 6935/3/3
f 6941/3/3 6936/3/3 6940/3/3
f 6942/2/3 6937/2/3 6936/2/3
f 6942/3/3 6936/3/3 6941/3/3
f 6943/9/3 6938/9/3 6937/9/3
f 6943/2/3 6937/2/3 6942/2/3
f 6944/12/3 6939/12/3 6938/12/3
f 6944/9/3 6938/9/3 6943/9/3
f 6945/12/3 6939/12/3 6944/12/3
f 6948/2/3 6942/2/3 6941/2/3
f 6949/9/3 6943/9/3 6942/9/3
f 6949/2/3 6942/2/3 6948/2/3
f 6950/10/3 6947/10/3 6946/10/3
f 6951/10/3 6947/10/3 6950/10/3
f 6952/9/3 6949/9/3 6948/9/3
f 6953/9/3 6943/9/3 6949/9/3
f 6953/9/3 6949/9/3 6952/9/3
f 6954/10/3 6944/10/3 6943/10/3
f 6954/9/3 6943/9/3 6953/9/3
f 6955/13/3 6945/13/3 6944/13/3
f 6955/10/3 6944/10/3 6954/10/3
f 6956/13/3 6945/13/3 6955/13/3
f 6957/13/3 6951/13/3 6950/13/3
f 6958/13/3 6951/13/3 6957/13/3
f 6959/8/3 6953/8/3 6952/8/3
f 6960/11/3 6954/11/3 6953/11/3
f 6960/8/3 6953/8/3 6959/8/3
f 6961/13/3 6955/13/3 6954/13/3
f 6961/11/3 6954/11/3 6960/11/3
f 6962/14/3 6956/14/3 6955/14/3
f 6962/13/3 6955/13/3 6961/13/3
f 6963/14/3 6956/14/3 6962/14/3
f 6966/2/3 6965/2/3 6964/2/3
f 6967/2/3 6965/2/3 6966/2/3
f 6970/6/3 6969/6/3 6968/6/3
f 6971/6/3 6969/6/3 6970/6/3
f 6974/6/3 6973/6/3 6972/6/3
f 6975/6/3 6973/6/3 6974/6/3
f 6978/2/3 6977/2/3 6976/2/3
f 6979/2/3 6977/2/3 6978/2/3
f 6982/2/3 6981/2/3 6980/2/3
f 6983/2/3 6981/2/3 6982/2/3
f 6986/2/3 6985/2/3 6984/2/3
f 6987/2/3 6985/2/3 6986/2/3
f 6990/6/3 6989/6/3 6988/6/3
f 6991/6/3 6989/6/3 6990/6/3
f 6994/15/3 6993/15/3 6992/15/3
f 6995/15/3 6993/15/3 6994/15/3
f 6996/15/3 6993/15/3 6995/15/3
f 6997/15/3 6993/15/3 6996/15/3
f 6998/15/3 6993/15/3 6997/15/3
f 7001/2/3 7000/2/3 6999/2/3
f 7002/2/3 7000/2/3 7001/2/3
f 7005/15/3 7004/15/3 7003/15/3
f 7006/15/3 7004/15/3 7005/15/3
f 7009/2/3 7008/2/3 7007/2/3
f 7010/2/3 7008/2/3 7009/2/3
f 7013/2/3 7012/2/3 7011/2/3
f 7014/2/3 7012/2/3 7013/2/3
f 7017/5/3 7016/5/3 7015/5/3
f 7018/5/3 7016/5/3 7017/5/3
f 7021/2/3 7020/2/3 7019/2/3
f 7022/2/3 7020/2/3 7021/2/3
f 7025/2/3 7024/2/3 7023/2/3
f 7027/2/3 7025/2/3 7023/2/3
f 7027/5/3 7026/5/3 7025/5/3
f 7028/5/3 7026/5/3 7027/5/3
f 7029/2/3 7027/2/3 7023/2/3
f 7030/2/3 7027/2/3 7029/2/3
f 7033/2/3 7032/2/3 7031/2/3
f 7034/2/3 7032/2/3 7033/2/3
f 7037/15/3 7036/15/3 7035/15/3
f 7038/15/3 7036/15/3 7037/15/3
f 7045/13/3 7040/13/3 7039/13/3
f 7046/8/3 7041/8/3 7040/8/3
f 7046/13/3 7040/13/3 7045/13/3
f 7047/9/3 7042/9/3 7041/9/3
f 7047/8/3 7041/8/3 7046/8/3
f 7048/8/3 7043/8/3 7042/8/3
f 7048/9/3 7042/9/3 7047/9/3
f 7049/13/3 7044/13/3 7043/13/3
f 7049/8/3 7043/8/3 7048/8/3
f 7050/13/3 7044/13/3 7049/13/3
f 7051/8/3 7046/8/3 7045/8/3
f 7051/2/3 7047/2/3 7046/2/3
f 7052/3/3 7048/3/3 7047/3/3
f 7052/2/3 7047/2/3 7051/2/3
f 7053/2/3 7049/2/3 7048/2/3
f 7053/3/3 7048/3/3 7052/3/3
f 7054/11/3 7050/11/3 7049/11/3
f 7054/2/3 7049/2/3 7053/2/3
f 7055/11/3 7050/11/3 7054/11/3
f 7056/8/3 7051/8/3 7045/8/3
f 7056/3/3 7052/3/3 7051/3/3
f 7057/4/3 7053/4/3 7052/4/3
f 7057/3/3 7052/3/3 7056/3/3
f 7058/3/3 7054/3/3 7053/3/3
f 7058/4/3 7053/4/3 7057/4/3
f 7059/9/3 7055/9/3 7054/9/3
f 7059/3/3 7054/3/3 7058/3/3
f 7060/9/3 7055/9/3 7059/9/3
f 7061/8/3 7056/8/3 7045/8/3
f 7062/2/3 7057/2/3 7056/2/3
f 7062/8/3 7056/8/3 7061/8/3
f 7063/3/3 7058/3/3 7057/3/3
f 7063/2/3 7057/2/3 7062/2/3
f 7064/2/3 7059/2/3 7058/2/3
f 7064/3/3 7058/3/3 7063/3/3
f 7065/11/3 7060/11/3 7059/11/3
f 7065/2/3 7059/2/3 7064/2/3
f 7066/11/3 7060/11/3 7065/11/3
f 7067/13/3 7062/13/3 7061/13/3
f 7068/8/3 7063/8/3 7062/8/3
f 7068/13/3 7062/13/3 7067/13/3
f 7069/9/3 7064/9/3 7063/9/3
f 7069/8/3 7063/8/3 7068/8/3
f 7070/8/3 7065/8/3 7064/8/3
f 7070/9/3 7064/9/3 7069/9/3
f 7071/13/3 7066/13/3 7065/13/3
f 7071/8/3 7065/8/3 7070/8/3
f 7072/13/3 7066/13/3 7071/13/3
f 7075/2/3 7074/2/3 7073/2/3
f 7076/2/3 7074/2/3 7075/2/3
f 7079/2/3 7078/2/3 7077/2/3
f 7080/2/3 7078/2/3 7079/2/3
f 7085/15/3 7082/15/3 7081/15/3
f 7086/15/3 7082/15/3 7085/15/3
f 7087/15/3 7084/15/3 7083/15/3
f 7088/15/3 7084/15/3 7087/15/3
f 7091/2/3 7090/2/3 7089/2/3
f 7092/2/3 7090/2/3 7091/2/3
f 7095/2/3 7094/2/3 7093/2/3
f 7096/2/3 7094/2/3 7095/2/3
f 7099/6/3 7098/6/3 7097/6/3
f 7100/6/3 7098/6/3 7099/6/3
f 7103/2/3 7102/2/3 7101/2/3
f 7104/2/3 7102/2/3 7103/2/3
f 7114/13/3 7106/13/3 7105/13/3
f 7115/12/3 7107/12/3 7106/12/3
f 7115/13/3 7106/13/3 7114/13/3
f 7116/11/3 7108/11/3 7107/11/3
f 7116/12/3 7107/12/3 7115/12/3
f 7117/8/3 7109/8/3 7108/8/3
f 7117/11/3 7108/11/3 7116/11/3
f 7118/8/3 7109/8/3 7117/8/3
f 7119/8/3 7109/8/3 7118/8/3
f 7120/11/3 7110/11/3 7109/11/3
f 7120/8/3 7109/8/3 7119/8/3
f 7121/12/3 7111/12/3 7110/12/3
f 7121/11/3 7110/11/3 7120/11/3
f 7122/13/3 7112/13/3 7111/13/3
f 7122/12/3 7111/12/3 7121/12/3
f 7123/13/3 7112/13/3 7122/13/3
f 7124/14/3 7113/14/3 7112/14/3
f 7124/13/3 7112/13/3 7123/13/3
f 7125/14/3 7113/14/3 7124/14/3
f 7126/10/3 7115/10/3 7114/10/3
f 7126/10/3 7116/10/3 7115/10/3
f 7127/9/3 7117/9/3 7116/9/3
f 7127/10/3 7116/10/3 7126/10/3
f 7127/9/3 7118/9/3 7117/9/3
f 7128/9/3 7118/9/3 7127/9/3
f 7129/2/3 7119/2/3 7118/2/3
f 7129/9/3 7118/9/3 7128/9/3
f 7130/9/3 7120/9/3 7119/9/3
f 7130/2/3 7119/2/3 7129/2/3
f 7130/9/3 7121/9/3 7120/9/3
f 7131/9/3 7121/9/3 7130/9/3
f 7132/10/3 7123/10/3 7122/10/3
f 7132/9/3 7121/9/3 7131/9/3
f 7132/10/3 7122/10/3 7121/10/3
f 7133/10/3 7123/10/3 7132/10/3
f 7134/12/3 7124/12/3 7123/12/3
f 7134/10/3 7123/10/3 7133/10/3
f 7135/13/3 7125/13/3 7124/13/3
f 7135/12/3 7124/12/3 7134/12/3
f 7136/10/3 7126/10/3 7114/10/3
f 7137/9/3 7128/9/3 7127/9/3
f 7137/10/3 7126/10/3 7136/10/3
f 7137/9/3 7127/9/3 7126/9/3
f 7138/9/3 7128/9/3 7137/9/3
f 7139/2/3 7131/2/3 7130/2/3
f 7139/9/3 7128/9/3 7138/9/3
f 7139/2/3 7129/2/3 7128/2/3
f 7139/2/3 7130/2/3 7129/2/3
f 7140/9/3 7133/9/3 7132/9/3
f 7140/2/3 7131/2/3 7139/2/3
f 7140/9/3 7132/9/3 7131/9/3
f 7141/9/3 7133/9/3 7140/9/3
f 7142/10/3 7134/10/3 7133/10/3
f 7142/9/3 7133/9/3 7141/9/3
f 7142/10/3 7135/10/3 7134/10/3
f 7143/10/3 7135/10/3 7142/10/3
f 7144/13/3 7125/13/3 7135/13/3
f 7144/10/3 7135/10/3 7143/10/3
f 7145/13/3 7125/13/3 7144/13/3
f 7146/2/3 7138/2/3 7137/2/3
f 7146/9/3 7137/9/3 7136/9/3
f 7147/3/3 7141/3/3 7140/3/3
f 7147/2/3 7138/2/3 7146/2/3
f 7147/3/3 7140/3/3 7139/3/3
f 7147/3/3 7139/3/3 7138/3/3
f 7148/3/3 7141/3/3 7147/3/3
f 7149/3/3 7141/3/3 7148/3/3
f 7150/2/3 7142/2/3 7141/2/3
f 7150/3/3 7141/3/3 7149/3/3
f 7151/9/3 7143/9/3 7142/9/3
f 7151/2/3 7142/2/3 7150/2/3
f 7152/10/3 7144/10/3 7143/10/3
f 7152/9/3 7143/9/3 7151/9/3
f 7153/12/3 7145/12/3 7144/12/3
f 7153/10/3 7144/10/3 7152/10/3
f 7154/12/3 7145/12/3 7153/12/3
f 7155/9/3 7146/9/3 7136/9/3
f 7156/3/3 7147/3/3 7146/3/3
f 7156/9/3 7146/9/3 7155/9/3
f 7156/3/3 7148/3/3 7147/3/3
f 7157/7/3 7149/7/3 7148/7/3
f 7157/3/3 7148/3/3 7156/3/3
f 7158/7/3 7149/7/3 7157/7/3
f 7159/9/3 7152/9/3 7151/9/3
f 7159/3/3 7151/3/3 7150/3/3
f 7159/3/3 7150/3/3 7149/3/3
f 7159/9/3 7153/9/3 7152/9/3
f 7160/9/3 7153/9/3 7159/9/3
f 7161/3/3 7157/3/3 7156/3/3
f 7162/4/3 7158/4/3 7157/4/3
f 7162/3/3 7157/3/3 7161/3/3
f 7163/4/3 7158/4/3 7162/4/3
f 7164/7/3 7149/7/3 7158/7/3
f 7164/4/3 7158/4/3 7163/4/3
f 7165/3/3 7159/3/3 7149/3/3
f 7165/7/3 7149/7/3 7164/7/3
f 7166/3/3 7159/3/3 7165/3/3
f 7167/9/3 7153/9/3 7160/9/3
f 7167/2/3 7160/2/3 7159/2/3
f 7168/11/3 7154/11/3 7153/11/3
f 7168/9/3 7153/9/3 7167/9/3
f 7169/11/3 7154/11/3 7168/11/3
f 7170/4/3 7163/4/3 7162/4/3
f 7170/3/3 7161/3/3 7156/3/3
f 7170/4/3 7162/4/3 7161/4/3
f 7171/4/3 7163/4/3 7170/4/3
f 7172/7/3 7164/7/3 7163/7/3
f 7172/4/3 7163/4/3 7171/4/3
f 7173/4/3 7165/4/3 7164/4/3
f 7173/7/3 7164/7/3 7172/7/3
f 7174/7/3 7166/7/3 7165/7/3
f 7174/4/3 7165/4/3 7173/4/3
f 7175/3/3 7159/3/3 7166/3/3
f 7175/7/3 7166/7/3 7174/7/3
f 7176/2/3 7167/2/3 7159/2/3
f 7176/2/3 7168/2/3 7167/2/3
f 7177/8/3 7169/8/3 7168/8/3
f 7177/2/3 7168/2/3 7176/2/3
f 7178/8/3 7169/8/3 7177/8/3
f 7179/4/3 7173/4/3 7172/4/3
f 7179/7/3 7172/7/3 7171/7/3
f 7180/7/3 7174/7/3 7173/7/3
f 7180/4/3 7173/4/3 7179/4/3
f 7181/2/3 7176/2/3 7159/2/3
f 7181/3/3 7159/3/3 7175/3/3
f 7181/3/3 7175/3/3 7174/3/3
f 7182/9/3 7177/9/3 7176/9/3
f 7182/2/3 7176/2/3 7181/2/3
f 7183/3/3 7171/3/3 7170/3/3
f 7183/3/3 7170/3/3 7156/3/3
f 7184/3/3 7171/3/3 7183/3/3
f 7185/7/3 7179/7/3 7171/7/3
f 7185/3/3 7171/3/3 7184/3/3
f 7185/7/3 7180/7/3 7179/7/3
f 7186/7/3 7174/7/3 7180/7/3
f 7186/7/3 7180/7/3 7185/7/3
f 7186/3/3 7181/3/3 7174/3/3
f 7187/9/3 7182/9/3 7181/9/3
f 7187/3/3 7181/3/3 7186/3/3
f 7188/9/3 7177/9/3 7182/9/3
f 7188/9/3 7182/9/3 7187/9/3
f 7189/11/3 7178/11/3 7177/11/3
f 7189/9/3 7177/9/3 7188/9/3
f 7190/11/3 7178/11/3 7189/11/3
f 7191/2/3 7185/2/3 7184/2/3
f 7192/3/3 7186/3/3 7185/3/3
f 7192/2/3 7185/2/3 7191/2/3
f 7193/2/3 7187/2/3 7186/2/3
f 7193/3/3 7186/3/3 7192/3/3
f 7194/9/3 7188/9/3 7187/9/3
f 7194/2/3 7187/2/3 7193/2/3
f 7195/10/3 7189/10/3 7188/10/3
f 7195/9/3 7188/9/3 7194/9/3
f 7196/12/3 7190/12/3 7189/12/3
f 7196/10/3 7189/10/3 7195/10/3
f 7197/12/3 7190/12/3 7196/12/3
f 7198/9/3 7192/9/3 7191/9/3
f 7198/2/3 7193/2/3 7192/2/3
f 7199/2/3 7193/2/3 7198/2/3
f 7200/2/3 7193/2/3 7199/2/3
f 7201/9/3 7194/9/3 7193/9/3
f 7201/2/3 7193/2/3 7200/2/3
f 7202/9/3 7194/9/3 7201/9/3
f 7203/10/3 7195/10/3 7194/10/3
f 7203/9/3 7194/9/3 7202/9/3
f 7203/10/3 7196/10/3 7195/10/3
f 7204/10/3 7196/10/3 7203/10/3
f 7205/13/3 7197/13/3 7196/13/3
f 7205/10/3 7196/10/3 7204/10/3
f 7206/9/3 7198/9/3 7191/9/3
f 7206/9/3 7199/9/3 7198/9/3
f 7207/9/3 7199/9/3 7206/9/3
f 7208/2/3 7200/2/3 7199/2/3
f 7208/9/3 7199/9/3 7207/9/3
f 7209/9/3 7202/9/3 7201/9/3
f 7209/2/3 7200/2/3 7208/2/3
f 7209/9/3 7201/9/3 7200/9/3
f 7210/9/3 7202/9/3 7209/9/3
f 7211/10/3 7204/10/3 7203/10/3
f 7211/9/3 7202/9/3 7210/9/3
f 7211/10/3 7203/10/3 7202/10/3
f 7212/10/3 7204/10/3 7211/10/3
f 7213/12/3 7205/12/3 7204/12/3
f 7213/10/3 7204/10/3 7212/10/3
f 7214/13/3 7197/13/3 7205/13/3
f 7214/12/3 7205/12/3 7213/12/3
f 7215/13/3 7197/13/3 7214/13/3
f 7216/11/3 7207/11/3 7206/11/3
f 7217/8/3 7208/8/3 7207/8/3
f 7217/11/3 7207/11/3 7216/11/3
f 7217/8/3 7210/8/3 7209/8/3
f 7217/8/3 7209/8/3 7208/8/3
f 7218/11/3 7211/11/3 7210/11/3
f 7218/8/3 7210/8/3 7217/8/3
f 7219/12/3 7212/12/3 7211/12/3
f 7219/11/3 7211/11/3 7218/11/3
f 7220/13/3 7213/13/3 7212/13/3
f 7220/12/3 7212/12/3 7219/12/3
f 7220/13/3 7214/13/3 7213/13/3
f 7221/14/3 7215/14/3 7214/14/3
f 7221/13/3 7214/13/3 7220/13/3
f 7222/14/3 7215/14/3 7221/14/3
f 7223/2/3 7217/2/3 7216/2/3
f 7224/2/3 7217/2/3 7223/2/3
f 7226/5/3 7225/5/3 7224/5/3
f 7227/5/3 7225/5/3 7226/5/3
f 7230/15/3 7229/15/3 7228/15/3
f 7231/15/3 7229/15/3 7230/15/3
f 7232/15/3 7229/15/3 7231/15/3
f 7233/2/3 7231/2/3 7230/2/3
f 7234/2/3 7231/2/3 7233/2/3
f 7236/2/3 7235/2/3 7234/2/3
f 7237/2/3 7235/2/3 7236/2/3
f 7240/2/3 7239/2/3 7238/2/3
f 7241/2/3 7239/2/3 7240/2/3
f 7244/5/3 7243/5/3 7242/5/3
f 7245/5/3 7243/5/3 7244/5/3
f 7250/15/3 7247/15/3 7246/15/3
f 7251/15/3 7247/15/3 7250/15/3
f 7252/15/3 7249/15/3 7248/15/3
f 7253/15/3 7249/15/3 7252/15/3
f 7256/2/3 7255/2/3 7254/2/3
f 7257/2/3 7255/2/3 7256/2/3
f 7260/2/3 7259/2/3 7258/2/3
f 7261/2/3 7259/2/3 7260/2/3
f 7264/2/3 7263/2/3 7262/2/3
f 7265/2/3 7263/2/3 7264/2/3
f 7269/2/3 7267/2/3 7266/2/3
f 7270/5/3 7268/5/3 7267/5/3
f 7270/2/3 7267/2/3 7269/2/3
f 7271/5/3 7268/5/3 7270/5/3
f 7272/5/3 7268/5/3 7271/5/3
f 7275/6/3 7274/6/3 7273/6/3
f 7276/6/3 7274/6/3 7275/6/3
f 7279/15/3 7278/15/3 7277/15/3
f 7280/15/3 7278/15/3 7279/15/3
f 7281/15/3 7278/15/3 7280/15/3
f 7282/15/3 7278/15/3 7281/15/3
f 7284/2/3 7280/2/3 7279/2/3
f 7285/2/3 7280/2/3 7284/2/3
f 7286/2/3 7284/2/3 7283/2/3
f 7287/2/3 7284/2/3 7286/2/3
f 7291/2/3 7289/2/3 7288/2/3
f 7292/2/3 7289/2/3 7291/2/3
f 7293/2/3 7291/2/3 7290/2/3
f 7294/2/3 7291/2/3 7293/2/3
f 7299/3/3 7296/3/3 7295/3/3
f 7300/5/3 7297/5/3 7296/5/3
f 7300/3/3 7296/3/3 7299/3/3
f 7301/5/3 7297/5/3 7300/5/3
f 7302/2/3 7299/2/3 7298/2/3
f 7303/2/3 7299/2/3 7302/2/3
f 7312/14/3 7305/14/3 7304/14/3
f 7313/12/3 7306/12/3 7305/12/3
f 7313/14/3 7305/14/3 7312/14/3
f 7314/11/3 7307/11/3 7306/11/3
f 7314/12/3 7306/12/3 7313/12/3
f 7315/8/3 7308/8/3 7307/8/3
f 7315/11/3 7307/11/3 7314/11/3
f 7316/11/3 7309/11/3 7308/11/3
f 7316/8/3 7308/8/3 7315/8/3
f 7317/12/3 7310/12/3 7309/12/3
f 7317/11/3 7309/11/3 7316/11/3
f 7318/14/3 7311/14/3 7310/14/3
f 7318/12/3 7310/12/3 7317/12/3
f 7319/14/3 7311/14/3 7318/14/3
f 7320/12/3 7313/12/3 7312/12/3
f 7321/2/3 7314/2/3 7313/2/3
f 7321/12/3 7313/12/3 7320/12/3
f 7322/3/3 7317/3/3 7316/3/3
f 7322/2/3 7314/2/3 7321/2/3
f 7322/3/3 7315/3/3 7314/3/3
f 7322/3/3 7316/3/3 7315/3/3
f 7323/3/3 7317/3/3 7322/3/3
f 7324/3/3 7317/3/3 7323/3/3
f 7325/2/3 7318/2/3 7317/2/3
f 7325/3/3 7317/3/3 7324/3/3
f 7326/12/3 7319/12/3 7318/12/3
f 7326/2/3 7318/2/3 7325/2/3
f 7327/12/3 7319/12/3 7326/12/3
f 7329/3/3 7322/3/3 7321/3/3
f 7329/3/3 7323/3/3 7322/3/3
f 7330/11/3 7329/11/3 7328/11/3
f 7331/3/3 7323/3/3 7329/3/3
f 7331/11/3 7329/11/3 7330/11/3
f 7332/7/3 7324/7/3 7323/7/3
f 7332/3/3 7323/3/3 7331/3/3
f 7333/3/3 7325/3/3 7324/3/3
f 7333/7/3 7324/7/3 7332/7/3
f 7333/3/3 7326/3/3 7325/3/3
f 7334/11/3 7327/11/3 7326/11/3
f 7334/3/3 7326/3/3 7333/3/3
f 7335/11/3 7327/11/3 7334/11/3
f 7336/12/3 7331/12/3 7330/12/3
f 7337/2/3 7332/2/3 7331/2/3
f 7337/12/3 7331/12/3 7336/12/3
f 7338/2/3 7332/2/3 7337/2/3
f 7339/3/3 7333/3/3 7332/3/3
f 7339/2/3 7332/2/3 7338/2/3
f 7340/2/3 7334/2/3 7333/2/3
f 7340/3/3 7333/3/3 7339/3/3
f 7341/2/3 7334/2/3 7340/2/3
f 7342/12/3 7335/12/3 7334/12/3
f 7342/2/3 7334/2/3 7341/2/3
f 7343/12/3 7335/12/3 7342/12/3
f 7344/12/3 7338/12/3 7337/12/3
f 7345/11/3 7339/11/3 7338/11/3
f 7345/12/3 7338/12/3 7344/12/3
f 7346/8/3 7340/8/3 7339/8/3
f 7346/11/3 7339/11/3 7345/11/3
f 7347/11/3 7341/11/3 7340/11/3
f 7347/8/3 7340/8/3 7346/8/3
f 7348/12/3 7342/12/3 7341/12/3
f 7348/11/3 7341/11/3 7347/11/3
f 7349/14/3 7343/14/3 7342/14/3
f 7349/12/3 7342/12/3 7348/12/3
f 7350/14/3 7343/14/3 7349/14/3
f 7351/2/3 7345/2/3 7344/2/3
f 7352/2/3 7345/2/3 7351/2/3
f 7355/15/3 7354/15/3 7353/15/3
f 7356/15/3 7354/15/3 7355/15/3
f 7359/2/3 7358/2/3 7357/2/3
f 7360/2/3 7358/2/3 7359/2/3
f 7365/3/3 7362/3/3 7361/3/3
f 7366/5/3 7363/5/3 7362/5/3
f 7366/3/3 7362/3/3 7365/3/3
f 7367/5/3 7363/5/3 7366/5/3
f 7370/6/3 7369/6/3 7368/6/3
f 7371/6/3 7369/6/3 7370/6/3
f 7372/5/3 7365/5/3 7364/5/3
f 7373/5/3 7365/5/3 7372/5/3
f 7376/6/3 7375/6/3 7374/6/3
f 7377/6/3 7376/6/3 7374/6/3
f 7378/6/3 7376/6/3 7377/6/3
f 7379/6/3 7378/6/3 7377/6/3
f 7380/6/3 7378/6/3 7379/6/3
f 7383/15/3 7382/15/3 7381/15/3
f 7384/15/3 7382/15/3 7383/15/3
f 7387/2/3 7386/2/3 7385/2/3
f 7388/2/3 7386/2/3 7387/2/3
f 7391/6/3 7390/6/3 7389/6/3
f 7392/6/3 7390/6/3 7391/6/3
f 7395/6/3 7394/6/3 7393/6/3
f 7396/6/3 7394/6/3 7395/6/3
f 7397/6/3 7394/6/3 7396/6/3
f 7399/2/3 7398/2/3 7397/2/3
f 7400/2/3 7398/2/3 7399/2/3
f 7403/6/3 7402/6/3 7401/6/3
f 7404/6/3 7402/6/3 7403/6/3
f 7407/6/3 7406/6/3 7405/6/3
f 7408/6/3 7406/6/3 7407/6/3
f 7417/6/3 7410/6/3 7409/6/3
f 7418/6/3 7410/6/3 7417/6/3
f 7419/11/3 7412/11/3 7411/11/3
f 7420/8/3 7413/8/3 7412/8/3
f 7420/11/3 7412/11/3 7419/11/3
f 7421/2/3 7414/2/3 7413/2/3
f 7421/8/3 7413/8/3 7420/8/3
f 7422/8/3 7415/8/3 7414/8/3
f 7422/2/3 7414/2/3 7421/2/3
f 7423/13/3 7416/13/3 7415/13/3
f 7423/8/3 7415/8/3 7422/8/3
f 7424/13/3 7416/13/3 7423/13/3
f 7425/8/3 7420/8/3 7419/8/3
f 7426/2/3 7421/2/3 7420/2/3
f 7426/8/3 7420/8/3 7425/8/3
f 7427/7/3 7422/7/3 7421/7/3
f 7427/2/3 7421/2/3 7426/2/3
f 7428/2/3 7423/2/3 7422/2/3
f 7428/7/3 7422/7/3 7427/7/3
f 7429/11/3 7424/11/3 7423/11/3
f 7429/2/3 7423/2/3 7428/2/3
f 7430/11/3 7424/11/3 7429/11/3
f 7432/2/3 7426/2/3 7425/2/3
f 7433/7/3 7427/7/3 7426/7/3
f 7433/2/3 7426/2/3 7432/2/3
f 7434/4/3 7428/4/3 7427/4/3
f 7434/7/3 7427/7/3 7433/7/3
f 7435/7/3 7429/7/3 7428/7/3
f 7435/4/3 7428/4/3 7434/4/3
f 7436/8/3 7430/8/3 7429/8/3
f 7436/7/3 7429/7/3 7435/7/3
f 7437/8/3 7430/8/3 7436/8/3
f 7438/6/3 7432/6/3 7431/6/3
f 7439/8/3 7433/8/3 7432/8/3
f 7439/6/3 7432/6/3 7438/6/3
f 7440/2/3 7434/2/3 7433/2/3
f 7440/8/3 7433/8/3 7439/8/3
f 7441/7/3 7435/7/3 7434/7/3
f 7441/2/3 7434/2/3 7440/2/3
f 7442/2/3 7436/2/3 7435/2/3
f 7442/7/3 7435/7/3 7441/7/3
f 7443/11/3 7437/11/3 7436/11/3
f 7443/2/3 7436/2/3 7442/2/3
f 7444/11/3 7437/11/3 7443/11/3
f 7447/11/3 7440/11/3 7439/11/3
f 7448/8/3 7441/8/3 7440/8/3
f 7448/11/3 7440/11/3 7447/11/3
f 7449/2/3 7442/2/3 7441/2/3
f 7449/8/3 7441/8/3 7448/8/3
f 7450/8/3 7443/8/3 7442/8/3
f 7450/2/3 7442/2/3 7449/2/3
f 7451/13/3 7444/13/3 7443/13/3
f 7451/8/3 7443/8/3 7450/8/3
f 7452/13/3 7444/13/3 7451/13/3
f 7453/2/3 7448/2/3 7447/2/3
f 7454/2/3 7448/2/3 7453/2/3
f 7455/6/3 7446/6/3 7445/6/3
f 7456/6/3 7446/6/3 7455/6/3
f 7459/15/3 7458/15/3 7457/15/3
f 7460/15/3 7458/15/3 7459/15/3
f 7468/13/3 7462/13/3 7461/13/3
f 7469/13/3 7462/13/3 7468/13/3
f 7470/11/3 7464/11/3 7463/11/3
f 7471/12/3 7465/12/3 7464/12/3
f 7471/11/3 7464/11/3 7470/11/3
f 7472/13/3 7466/13/3 7465/13/3
f 7472/12/3 7465/12/3 7471/12/3
f 7473/14/3 7467/14/3 7466/14/3
f 7473/13/3 7466/13/3 7472/13/3
f 7474/14/3 7467/14/3 7473/14/3
f 7475/12/3 7469/12/3 7468/12/3
f 7476/12/3 7469/12/3 7475/12/3
f 7477/9/3 7471/9/3 7470/9/3
f 7478/10/3 7472/10/3 7471/10/3
f 7478/9/3 7471/9/3 7477/9/3
f 7479/12/3 7473/12/3 7472/12/3
f 7479/10/3 7472/10/3 7478/10/3
f 7480/13/3 7474/13/3 7473/13/3
f 7480/12/3 7473/12/3 7479/12/3
f 7481/13/3 7474/13/3 7480/13/3
f 7482/10/3 7476/10/3 7475/10/3
f 7483/10/3 7476/10/3 7482/10/3
f 7485/3/3 7478/3/3 7477/3/3
f 7486/2/3 7479/2/3 7478/2/3
f 7486/3/3 7478/3/3 7485/3/3
f 7487/10/3 7480/10/3 7479/10/3
f 7487/2/3 7479/2/3 7486/2/3
f 7488/12/3 7481/12/3 7480/12/3
f 7488/10/3 7480/10/3 7487/10/3
f 7489/12/3 7481/12/3 7488/12/3
f 7490/9/3 7483/9/3 7482/9/3
f 7491/9/3 7483/9/3 7490/9/3
f 7492/7/3 7485/7/3 7484/7/3
f 7492/3/3 7486/3/3 7485/3/3
f 7492/3/3 7487/3/3 7486/3/3
f 7493/3/3 7487/3/3 7492/3/3
f 7494/9/3 7488/9/3 7487/9/3
f 7494/3/3 7487/3/3 7493/3/3
f 7495/11/3 7489/11/3 7488/11/3
f 7495/9/3 7488/9/3 7494/9/3
f 7497/7/3 7493/7/3 7492/7/3
f 7497/7/3 7492/7/3 7484/7/3
f 7498/7/3 7493/7/3 7497/7/3
f 7499/3/3 7494/3/3 7493/3/3
f 7499/7/3 7493/7/3 7498/7/3
f 7500/2/3 7495/2/3 7494/2/3
f 7500/3/3 7494/3/3 7499/3/3
f 7501/11/3 7489/11/3 7495/11/3
f 7501/2/3 7495/2/3 7500/2/3
f 7503/7/3 7498/7/3 7497/7/3
f 7503/7/3 7497/7/3 7496/7/3
f 7504/3/3 7500/3/3 7499/3/3
f 7504/3/3 7499/3/3 7498/3/3
f 7504/7/3 7498/7/3 7503/7/3
f 7505/9/3 7501/9/3 7500/9/3
f 7505/3/3 7500/3/3 7504/3/3
f 7506/11/3 7489/11/3 7501/11/3
f 7506/9/3 7501/9/3 7505/9/3
f 7507/11/3 7489/11/3 7506/11/3
f 7509/2/3 7503/2/3 7502/2/3
f 7510/3/3 7504/3/3 7503/3/3
f 7510/2/3 7503/2/3 7509/2/3
f 7511/2/3 7505/2/3 7504/2/3
f 7511/3/3 7504/3/3 7510/3/3
f 7512/2/3 7505/2/3 7511/2/3
f 7513/10/3 7506/10/3 7505/10/3
f 7513/2/3 7505/2/3 7512/2/3
f 7514/12/3 7507/12/3 7506/12/3
f 7514/10/3 7506/10/3 7513/10/3
f 7515/12/3 7507/12/3 7514/12/3
f 7516/10/3 7509/10/3 7508/10/3
f 7517/9/3 7510/9/3 7509/9/3
f 7517/10/3 7509/10/3 7516/10/3
f 7517/9/3 7512/9/3 7511/9/3
f 7517/9/3 7511/9/3 7510/9/3
f 7518/9/3 7512/9/3 7517/9/3
f 7519/9/3 7512/9/3 7518/9/3
f 7520/10/3 7513/10/3 7512/10/3
f 7520/9/3 7512/9/3 7519/9/3
f 7521/12/3 7514/12/3 7513/12/3
f 7521/10/3 7513/10/3 7520/10/3
f 7522/13/3 7515/13/3 7514/13/3
f 7522/12/3 7514/12/3 7521/12/3
f 7523/13/3 7515/13/3 7522/13/3
f 7524/12/3 7517/12/3 7516/12/3
f 7525/11/3 7518/11/3 7517/11/3
f 7525/12/3 7517/12/3 7524/12/3
f 7526/8/3 7519/8/3 7518/8/3
f 7526/11/3 7518/11/3 7525/11/3
f 7527/11/3 7520/11/3 7519/11/3
f 7527/8/3 7519/8/3 7526/8/3
f 7528/12/3 7521/12/3 7520/12/3
f 7528/11/3 7520/11/3 7527/11/3
f 7529/13/3 7522/13/3 7521/13/3
f 7529/12/3 7521/12/3 7528/12/3
f 7530/14/3 7523/14/3 7522/14/3
f 7530/13/3 7522/13/3 7529/13/3
f 7531/14/3 7523/14/3 7530/14/3
f 7536/6/3 7535/6/3 7534/6/3
f 7537/6/3 7535/6/3 7536/6/3
f 7538/6/3 7533/6/3 7532/6/3
f 7539/6/3 7533/6/3 7538/6/3
f 7542/15/3 7541/15/3 7540/15/3
f 7543/15/3 7541/15/3 7542/15/3
f 7546/15/3 7545/15/3 7544/15/3
f 7547/15/3 7545/15/3 7546/15/3
f 7550/6/3 7549/6/3 7548/6/3
f 7551/6/3 7549/6/3 7550/6/3
f 7554/15/3 7553/15/3 7552/15/3
f 7555/15/3 7553/15/3 7554/15/3
f 7558/15/3 7557/15/3 7556/15/3
f 7559/15/3 7557/15/3 7558/15/3
f 7562/3/3 7561/3/3 7560/3/3
f 7563/3/3 7561/3/3 7562/3/3
f 7566/6/3 7565/6/3 7564/6/3
f 7567/6/3 7565/6/3 7566/6/3
f 7573/15/3 7569/15/3 7568/15/3
f 7574/15/3 7569/15/3 7573/15/3
f 7575/15/3 7572/15/3 7571/15/3
f 7575/15/3 7571/15/3 7570/15/3
f 7576/15/3 7572/15/3 7575/15/3
f 7579/15/3 7578/15/3 7577/15/3
f 7580/15/3 7578/15/3 7579/15/3
f 7583/3/3 7582/3/3 7581/3/3
f 7584/3/3 7583/3/3 7581/3/3
f 7585/3/3 7584/3/3 7581/3/3
f 7586/3/3 7584/3/3 7585/3/3
f 7589/6/3 7588/6/3 7587/6/3
f 7590/6/3 7588/6/3 7589/6/3
f 7594/15/3 7592/15/3 7591/15/3
f 7594/15/3 7593/15/3 7592/15/3
f 7595/15/3 7593/15/3 7594/15/3
f 7598/15/3 7597/15/3 7596/15/3
f 7599/15/3 7597/15/3 7598/15/3
f 7600/15/3 7597/15/3 7599/15/3
f 7601/15/3 7597/15/3 7600/15/3
f 7604/2/3 7603/2/3 7602/2/3
f 7605/2/3 7603/2/3 7604/2/3
f 7608/5/3 7607/5/3 7606/5/3
f 7609/5/3 7607/5/3 7608/5/3
f 7614/15/3 7611/15/3 7610/15/3
f 7615/15/3 7611/15/3 7614/15/3
f 7616/15/3 7613/15/3 7612/15/3
f 7617/15/3 7613/15/3 7616/15/3
f 7620/3/3 7619/3/3 7618/3/3
f 7621/3/3 7619/3/3 7620/3/3
f 7624/2/3 7623/2/3 7622/2/3
f 7625/2/3 7624/2/3 7622/2/3
f 7626/2/3 7624/2/3 7625/2/3
f 7631/15/3 7628/15/3 7627/15/3
f 7632/15/3 7628/15/3 7631/15/3
f 7633/15/3 7630/15/3 7629/15/3
f 7634/15/3 7630/15/3 7633/15/3
f 7637/15/3 7636/15/3 7635/15/3
f 7638/15/3 7636/15/3 7637/15/3
f 7639/15/3 7636/15/3 7638/15/3
f 7642/6/3 7641/6/3 7640/6/3
f 7643/6/3 7641/6/3 7642/6/3
f 7646/2/3 7645/2/3 7644/2/3
f 7648/2/3 7646/2/3 7644/2/3
f 7648/2/3 7647/2/3 7646/2/3
f 7649/2/3 7647/2/3 7648/2/3
f 7650/2/3 7647/2/3 7649/2/3
f 7655/15/3 7652/15/3 7651/15/3
f 7656/15/3 7652/15/3 7655/15/3
f 7657/15/3 7654/15/3 7653/15/3
f 7658/15/3 7654/15/3 7657/15/3
f 7661/15/3 7660/15/3 7659/15/3
f 7662/15/3 7660/15/3 7661/15/3
f 7668/15/3 7664/15/3 7663/15/3
f 7668/15/3 7665/15/3 7664/15/3
f 7669/15/3 7665/15/3 7668/15/3
f 7670/15/3 7667/15/3 7666/15/3
f 7671/15/3 7667/15/3 7670/15/3
f 7674/15/3 7673/15/3 7672/15/3
f 7675/15/3 7673/15/3 7674/15/3
f 7678/15/3 7677/15/3 7676/15/3
f 7679/15/3 7677/15/3 7678/15/3
f 7682/15/3 7681/15/3 7680/15/3
f 7683/15/3 7681/15/3 7682/15/3
f 7688/15/3 7685/15/3 7684/15/3
f 7689/15/3 7685/15/3 7688/15/3
f 7690/15/3 7687/15/3 7686/15/3
f 7691/15/3 7687/15/3 7690/15/3
f 7695/15/3 7693/15/3 7692/15/3
f 7696/15/3 7695/15/3 7694/15/3
f 7697/15/3 7693/15/3 7695/15/3
f 7697/15/3 7695/15/3 7696/15/3
f 7698/15/3 7693/15/3 7697/15/3
f 7699/15/3 7693/15/3 7698/15/3
f 7700/15/3 7693/15/3 7699/15/3
f 7705/15/3 7702/15/3 7701/15/3
f 7705/15/3 7704/15/3 7703/15/3
f 7705/15/3 7703/15/3 7702/15/3
f 7706/15/3 7704/15/3 7705/15/3
f 7707/15/3 7704/15/3 7706/15/3
f 7710/15/3 7709/15/3 7708/15/3
f 7711/15/3 7709/15/3 7710/15/3
f 7712/15/3 7704/15/3 7707/15/3
f 7713/15/3 7704/15/3 7712/15/3
f 7716/15/3 7715/15/3 7714/15/3
f 7717/15/3 7715/15/3 7716/15/3
f 7718/15/4 7719/15/4 7720/15/4
f 7720/15/4 7719/15/4 7721/15/4
f 7721/15/4 7719/15/4 7723/15/4
f 7722/15/4 7723/15/4 7724/15/4
f 7723/15/4 7719/15/4 7725/15/4
f 7724/15/4 7723/15/4 7725/15/4
f 7726/15/4 7727/15/4 7728/15/4
f 7728/15/4 7727/15/4 7729/15/4
f 7729/15/4 7727/15/4 7730/15/4
f 7730/15/4 7727/15/4 7731/15/4
f 7731/15/4 7727/15/4 7732/15/4
f 7732/15/4 7727/15/4 7733/15/4
f 7734/15/4 7735/15/4 7737/15/4
f 7736/15/4 7737/15/4 7738/15/4
f 7737/15/4 7735/15/4 7739/15/4
f 7738/15/4 7737/15/4 7739/15/4
f 7740/15/4 7741/15/4 7744/15/4
f 7744/15/4 7741/15/4 7745/15/4
f 7742/15/4 7743/15/4 7746/15/4
f 7746/15/4 7743/15/4 7747/15/4
f 7748/15/4 7749/15/4 7750/15/4
f 7750/15/4 7749/15/4 7751/15/4
f 7752/15/4 7753/15/4 7754/15/4
f 7754/15/4 7753/15/4 7755/15/4
f 7755/15/4 7753/15/4 7756/15/4
f 7756/15/4 7753/15/4 7757/15/4
f 7758/5/4 7759/5/4 7760/5/4
f 7760/5/4 7759/5/4 7761/5/4
f 7762/15/4 7763/15/4 7764/15/4
f 7764/15/4 7763/15/4 7765/15/4
f 7766/15/4 7767/15/4 7768/15/4
f 7768/15/4 7767/15/4 7769/15/4
f 7769/15/4 7767/15/4 7770/15/4
f 7771/15/4 7772/15/4 7773/15/4
f 7773/15/4 7772/15/4 7774/15/4
f 7775/15/4 7776/15/4 7777/15/4
f 7777/15/4 7776/15/4 7778/15/4
f 7779/5/4 7780/5/4 7781/5/4
f 7781/5/4 7780/5/4 7782/5/4
f 7781/3/4 7782/3/4 7783/3/4
f 7783/3/4 7782/3/4 7784/3/4
f 7785/15/4 7786/15/4 7787/15/4
f 7787/15/4 7786/15/4 7788/15/4
f 7789/15/4 7790/15/4 7791/15/4
f 7791/15/4 7790/15/4 7792/15/4
f 7792/15/4 7790/15/4 7793/15/4
f 7793/15/4 7790/15/4 7794/15/4
f 7794/15/4 7790/15/4 7795/15/4
f 7796/15/4 7797/15/4 7801/15/4
f 7799/15/4 7800/15/4 7801/15/4
f 7798/15/4 7799/15/4 7801/15/4
f 7797/15/4 7798/15/4 7801/15/4
f 7801/15/4 7800/15/4 7802/15/4
f 7803/15/4 7804/15/4 7805/15/4
f 7805/15/4 7804/15/4 7806/15/4
f 7806/15/4 7804/15/4 7807/15/4
f 7808/15/4 7809/15/4 7810/15/4
f 7810/15/4 7809/15/4 7811/15/4
f 7812/15/4 7813/15/4 7814/15/4
f 7814/15/4 7813/15/4 7815/15/4
f 7816/5/4 7817/5/4 7818/5/4
f 7818/5/4 7817/5/4 7819/5/4
f 7819/5/4 7817/5/4 7820/5/4
f 7821/15/4 7822/15/4 7823/15/4
f 7823/15/4 7822/15/4 7824/15/4
f 7825/15/4 7826/15/4 7827/15/4
f 7827/15/4 7826/15/4 7828/15/4
f 7829/2/4 7830/2/4 7831/2/4
f 7831/2/4 7830/2/4 7832/2/4
f 7833/5/4 7834/5/4 7836/5/4
f 7835/2/4 7836/2/4 7837/2/4
f 7836/5/4 7834/5/4 7838/5/4
f 7837/2/4 7836/2/4 7838/2/4
f 7838/5/4 7834/5/4 7839/5/4
f 7838/2/4 7839/2/4 7840/2/4
f 7840/2/4 7839/2/4 7841/2/4
f 7841/5/4 7842/5/4 7843/5/4
f 7843/5/4 7842/5/4 7844/5/4
f 7845/5/4 7846/5/4 7847/5/4
f 7847/5/4 7846/5/4 7848/5/4
f 7850/15/4 7851/15/4 7854/15/4
f 7849/15/4 7850/15/4 7854/15/4
f 7854/15/4 7851/15/4 7855/15/4
f 7852/15/4 7853/15/4 7856/15/4
f 7856/15/4 7853/15/4 7857/15/4
f 7858/2/4 7859/2/4 7860/2/4
f 7860/2/4 7859/2/4 7861/2/4
f 7862/14/4 7863/14/4 7870/14/4
f 7863/12/4 7864/12/4 7871/12/4
f 7870/14/4 7863/14/4 7871/14/4
f 7864/11/4 7865/11/4 7872/11/4
f 7871/12/4 7864/12/4 7872/12/4
f 7865/8/4 7866/8/4 7873/8/4
f 7872/11/4 7865/11/4 7873/11/4
f 7866/11/4 7867/11/4 7874/11/4
f 7873/8/4 7866/8/4 7874/8/4
f 7867/12/4 7868/12/4 7875/12/4
f 7874/11/4 7867/11/4 7875/11/4
f 7868/14/4 7869/14/4 7876/14/4
f 7875/12/4 7868/12/4 7876/12/4
f 7876/14/4 7869/14/4 7877/14/4
f 7870/12/4 7871/12/4 7878/12/4
f 7871/1/4 7872/1/4 7879/1/4
f 7878/12/4 7871/12/4 7879/12/4
f 7872/1/4 7873/1/4 7879/1/4
f 7879/1/4 7873/1/4 7880/1/4
f 7873/3/4 7874/3/4 7881/3/4
f 7880/1/4 7873/1/4 7881/1/4
f 7874/2/4 7875/2/4 7882/2/4
f 7881/3/4 7874/3/4 7882/3/4
f 7875/1/4 7876/1/4 7883/1/4
f 7882/2/4 7875/2/4 7883/2/4
f 7876/12/4 7877/12/4 7884/12/4
f 7883/1/4 7876/1/4 7884/1/4
f 7884/12/4 7877/12/4 7885/12/4
f 7879/2/4 7880/2/4 7886/2/4
f 7878/11/4 7879/11/4 7886/11/4
f 7880/3/4 7881/3/4 7887/3/4
f 7886/2/4 7880/2/4 7887/2/4
f 7882/3/4 7883/3/4 7888/3/4
f 7883/2/4 7884/2/4 7888/2/4
f 7884/11/4 7885/11/4 7889/11/4
f 7888/2/4 7884/2/4 7889/2/4
f 7878/11/4 7886/11/4 7890/11/4
f 7886/3/4 7887/3/4 7890/3/4
f 7887/3/4 7881/3/4 7891/3/4
f 7890/3/4 7887/3/4 7891/3/4
f 7882/3/4 7888/3/4 7892/3/4
f 7888/3/4 7889/3/4 7892/3/4
f 7889/11/4 7885/11/4 7893/11/4
f 7892/3/4 7889/3/4 7893/3/4
f 7878/11/4 7890/11/4 7894/11/4
f 7890/2/4 7891/2/4 7895/2/4
f 7894/11/4 7890/11/4 7895/11/4
f 7891/3/4 7881/3/4 7896/3/4
f 7895/2/4 7891/2/4 7896/2/4
f 7881/7/4 7882/7/4 7897/7/4
f 7896/3/4 7881/3/4 7897/3/4
f 7882/3/4 7892/3/4 7898/3/4
f 7897/7/4 7882/7/4 7898/7/4
f 7892/2/4 7893/2/4 7899/2/4
f 7898/3/4 7892/3/4 7899/3/4
f 7893/11/4 7885/11/4 7900/11/4
f 7899/2/4 7893/2/4 7900/2/4
f 7900/11/4 7885/11/4 7901/11/4
f 7894/12/4 7895/12/4 7902/12/4
f 7896/2/4 7897/2/4 7903/2/4
f 7902/12/4 7895/12/4 7903/12/4
f 7895/2/4 7896/2/4 7903/2/4
f 7903/2/4 7897/2/4 7904/2/4
f 7897/3/4 7898/3/4 7905/3/4
f 7904/2/4 7897/2/4 7905/2/4
f 7898/2/4 7899/2/4 7906/2/4
f 7905/3/4 7898/3/4 7906/3/4
f 7899/1/4 7900/1/4 7907/1/4
f 7906/2/4 7899/2/4 7907/2/4
f 7900/12/4 7901/12/4 7908/12/4
f 7907/1/4 7900/1/4 7908/1/4
f 7908/12/4 7901/12/4 7909/12/4
f 7902/14/4 7903/14/4 7910/14/4
f 7903/12/4 7904/12/4 7911/12/4
f 7910/14/4 7903/14/4 7911/14/4
f 7904/11/4 7905/11/4 7912/11/4
f 7911/12/4 7904/12/4 7912/12/4
f 7905/8/4 7906/8/4 7913/8/4
f 7912/11/4 7905/11/4 7913/11/4
f 7906/11/4 7907/11/4 7914/11/4
f 7913/8/4 7906/8/4 7914/8/4
f 7907/12/4 7908/12/4 7915/12/4
f 7914/11/4 7907/11/4 7915/11/4
f 7908/14/4 7909/14/4 7916/14/4
f 7915/12/4 7908/12/4 7916/12/4
f 7916/14/4 7909/14/4 7917/14/4
f 7918/8/4 7919/8/4 7923/8/4
f 7923/8/4 7919/8/4 7924/8/4
f 7919/2/4 7920/2/4 7925/2/4
f 7924/8/4 7919/8/4 7925/8/4
f 7920/8/4 7921/8/4 7926/8/4
f 7925/2/4 7920/2/4 7926/2/4
f 7921/13/4 7922/13/4 7927/13/4
f 7926/8/4 7921/8/4 7927/8/4
f 7927/13/4 7922/13/4 7928/13/4
f 7923/8/4 7924/8/4 7929/8/4
f 7924/2/4 7925/2/4 7930/2/4
f 7929/8/4 7924/8/4 7930/8/4
f 7925/7/4 7926/7/4 7931/7/4
f 7930/2/4 7925/2/4 7931/2/4
f 7926/2/4 7927/2/4 7932/2/4
f 7931/7/4 7926/7/4 7932/7/4
f 7927/11/4 7928/11/4 7933/11/4
f 7932/2/4 7927/2/4 7933/2/4
f 7933/11/4 7928/11/4 7934/11/4
f 7929/2/4 7930/2/4 7935/2/4
f 7930/7/4 7931/7/4 7936/7/4
f 7935/2/4 7930/2/4 7936/2/4
f 7931/4/4 7932/4/4 7937/4/4
f 7936/7/4 7931/7/4 7937/7/4
f 7932/7/4 7933/7/4 7938/7/4
f 7937/4/4 7932/4/4 7938/4/4
f 7933/8/4 7934/8/4 7939/8/4
f 7938/7/4 7933/7/4 7939/7/4
f 7939/8/4 7934/8/4 7940/8/4
f 7935/8/4 7936/8/4 7941/8/4
f 7936/2/4 7937/2/4 7942/2/4
f 7941/8/4 7936/8/4 7942/8/4
f 7937/7/4 7938/7/4 7943/7/4
f 7942/2/4 7937/2/4 7943/2/4
f 7938/2/4 7939/2/4 7944/2/4
f 7943/7/4 7938/7/4 7944/7/4
f 7939/11/4 7940/11/4 7945/11/4
f 7944/2/4 7939/2/4 7945/2/4
f 7945/11/4 7940/11/4 7946/11/4
f 7941/11/4 7942/11/4 7947/11/4
f 7942/8/4 7943/8/4 7948/8/4
f 7947/11/4 7942/11/4 7948/11/4
f 7943/9/4 7944/9/4 7949/9/4
f 7948/8/4 7943/8/4 7949/8/4
f 7944/11/4 7945/11/4 7950/11/4
f 7949/9/4 7944/9/4 7950/9/4
f 7945/13/4 7946/13/4 7951/13/4
f 7950/11/4 7945/11/4 7951/11/4
f 7951/13/4 7946/13/4 7952/13/4
f 7953/5/4 7954/5/4 7955/5/4
f 7953/5/4 7955/5/4 7956/5/4
f 7956/5/4 7955/5/4 7957/5/4
f 7958/15/4 7959/15/4 7963/15/4
f 7963/15/4 7959/15/4 7964/15/4
f 7961/15/4 7962/15/4 7965/15/4
f 7960/15/4 7961/15/4 7965/15/4
f 7965/15/4 7962/15/4 7966/15/4
f 7967/15/4 7968/15/4 7969/15/4
f 7969/15/4 7968/15/4 7970/15/4
f 7970/15/4 7968/15/4 7971/15/4
f 7971/15/4 7968/15/4 7972/15/4
f 7973/2/4 7974/2/4 7975/2/4
f 7975/2/4 7974/2/4 7976/2/4
f 7977/6/4 7978/6/4 7979/6/4
f 7979/6/4 7978/6/4 7980/6/4
f 7981/15/4 7982/15/4 7983/15/4
f 7983/15/4 7982/15/4 7984/15/4
f 7985/15/4 7986/15/4 7988/15/4
f 7986/15/4 7987/15/4 7988/15/4
f 7988/15/4 7987/15/4 7989/15/4
f 7990/15/4 7991/15/4 7994/15/4
f 7994/15/4 7991/15/4 7995/15/4
f 7992/15/4 7993/15/4 7996/15/4
f 7996/15/4 7993/15/4 7997/15/4
f 7998/5/4 7999/5/4 8000/5/4
f 8000/5/4 7999/5/4 8001/5/4
f 8002/15/4 8003/15/4 8004/15/4
f 8004/15/4 8003/15/4 8005/15/4
f 8006/15/4 8007/15/4 8008/15/4
f 8008/15/4 8007/15/4 8009/15/4
f 8009/15/4 8007/15/4 8010/15/4
f 8011/15/4 8012/15/4 8014/15/4
f 8012/15/4 8013/15/4 8014/15/4
f 8014/15/4 8013/15/4 8015/15/4
f 8016/13/4 8017/13/4 8026/13/4
f 8017/12/4 8018/12/4 8027/12/4
f 8026/13/4 8017/13/4 8027/13/4
f 8018/11/4 8019/11/4 8028/11/4
f 8027/12/4 8018/12/4 8028/12/4
f 8019/8/4 8020/8/4 8029/8/4
f 8028/11/4 8019/11/4 8029/11/4
f 8029/8/4 8020/8/4 8030/8/4
f 8030/8/4 8020/8/4 8031/8/4
f 8020/11/4 8021/11/4 8032/11/4
f 8031/8/4 8020/8/4 8032/8/4
f 8021/12/4 8022/12/4 8033/12/4
f 8032/11/4 8021/11/4 8033/11/4
f 8022/13/4 8023/13/4 8034/13/4
f 8033/12/4 8022/12/4 8034/12/4
f 8034/13/4 8023/13/4 8035/13/4
f 8023/14/4 8024/14/4 8036/14/4
f 8035/13/4 8023/13/4 8036/13/4
f 8036/14/4 8024/14/4 8037/14/4
f 8025/12/4 8026/12/4 8038/12/4
f 8026/10/4 8027/10/4 8039/10/4
f 8038/12/4 8026/12/4 8039/12/4
f 8027/10/4 8028/10/4 8039/10/4
f 8039/10/4 8028/10/4 8040/10/4
f 8028/9/4 8029/9/4 8041/9/4
f 8040/10/4 8028/10/4 8041/10/4
f 8029/9/4 8030/9/4 8041/9/4
f 8041/9/4 8030/9/4 8042/9/4
f 8030/2/4 8031/2/4 8043/2/4
f 8042/9/4 8030/9/4 8043/9/4
f 8031/9/4 8032/9/4 8044/9/4
f 8043/2/4 8031/2/4 8044/2/4
f 8032/9/4 8033/9/4 8044/9/4
f 8044/9/4 8033/9/4 8045/9/4
f 8034/10/4 8035/10/4 8046/10/4
f 8045/9/4 8033/9/4 8046/9/4
f 8033/10/4 8034/10/4 8046/10/4
f 8046/10/4 8035/10/4 8047/10/4
f 8035/12/4 8036/12/4 8048/12/4
f 8047/10/4 8035/10/4 8048/10/4
f 8036/13/4 8037/13/4 8049/13/4
f 8048/12/4 8036/12/4 8049/12/4
f 8039/10/4 8040/10/4 8050/10/4
f 8041/9/4 8042/9/4 8051/9/4
f 8050/10/4 8040/10/4 8051/10/4
f 8040/9/4 8041/9/4 8051/9/4
f 8051/9/4 8042/9/4 8052/9/4
f 8044/2/4 8045/2/4 8053/2/4
f 8052/9/4 8042/9/4 8053/9/4
f 8042/2/4 8043/2/4 8053/2/4
f 8043/2/4 8044/2/4 8053/2/4
f 8045/9/4 8046/9/4 8054/9/4
f 8053/2/4 8045/2/4 8054/2/4
f 8046/9/4 8047/9/4 8054/9/4
f 8054/9/4 8047/9/4 8055/9/4
f 8047/10/4 8048/10/4 8056/10/4
f 8055/9/4 8047/9/4 8056/9/4
f 8048/10/4 8049/10/4 8056/10/4
f 8056/10/4 8049/10/4 8057/10/4
f 8049/13/4 8037/13/4 8058/13/4
f 8057/10/4 8049/10/4 8058/10/4
f 8058/13/4 8037/13/4 8059/13/4
f 8051/2/4 8052/2/4 8060/2/4
f 8054/3/4 8055/3/4 8061/3/4
f 8060/2/4 8052/2/4 8061/2/4
f 8052/3/4 8053/3/4 8061/3/4
f 8053/3/4 8054/3/4 8061/3/4
f 8061/3/4 8055/3/4 8062/3/4
f 8062/3/4 8055/3/4 8063/3/4
f 8055/2/4 8056/2/4 8064/2/4
f 8063/3/4 8055/3/4 8064/3/4
f 8056/9/4 8057/9/4 8065/9/4
f 8064/2/4 8056/2/4 8065/2/4
f 8057/10/4 8058/10/4 8066/10/4
f 8065/9/4 8057/9/4 8066/9/4
f 8058/12/4 8059/12/4 8067/12/4
f 8066/10/4 8058/10/4 8067/10/4
f 8067/12/4 8059/12/4 8068/12/4
f 8062/7/4 8063/7/4 8069/7/4
f 8061/3/4 8062/3/4 8069/3/4
f 8064/3/4 8065/3/4 8070/3/4
f 8069/7/4 8063/7/4 8070/7/4
f 8063/3/4 8064/3/4 8070/3/4
f 8065/9/4 8066/9/4 8071/9/4
f 8070/3/4 8065/3/4 8071/3/4
f 8066/9/4 8067/9/4 8071/9/4
f 8071/9/4 8067/9/4 8072/9/4
f 8061/3/4 8069/3/4 8073/3/4
f 8069/4/4 8070/4/4 8074/4/4
f 8073/3/4 8069/3/4 8074/3/4
f 8074/4/4 8070/4/4 8075/4/4
f 8075/4/4 8070/4/4 8076/4/4
f 8070/3/4 8071/3/4 8077/3/4
f 8076/4/4 8070/4/4 8077/4/4
f 8077/3/4 8071/3/4 8078/3/4
f 8072/9/4 8067/9/4 8079/9/4
f 8071/2/4 8072/2/4 8079/2/4
f 8067/11/4 8068/11/4 8080/11/4
f 8079/9/4 8067/9/4 8080/9/4
f 8080/11/4 8068/11/4 8081/11/4
f 8073/4/4 8074/4/4 8083/4/4
f 8074/4/4 8075/4/4 8083/4/4
f 8083/4/4 8075/4/4 8084/4/4
f 8075/7/4 8076/7/4 8085/7/4
f 8084/4/4 8075/4/4 8085/4/4
f 8076/4/4 8077/4/4 8086/4/4
f 8085/7/4 8076/7/4 8086/7/4
f 8077/7/4 8078/7/4 8087/7/4
f 8086/4/4 8077/4/4 8087/4/4
f 8078/3/4 8071/3/4 8088/3/4
f 8087/7/4 8078/7/4 8088/7/4
f 8071/2/4 8079/2/4 8089/2/4
f 8079/2/4 8080/2/4 8089/2/4
f 8080/8/4 8081/8/4 8090/8/4
f 8089/2/4 8080/2/4 8090/2/4
f 8090/8/4 8081/8/4 8091/8/4
f 8082/3/4 8083/3/4 8092/3/4
f 8092/3/4 8083/3/4 8093/3/4
f 8085/4/4 8086/4/4 8094/4/4
f 8084/7/4 8085/7/4 8094/7/4
f 8086/7/4 8087/7/4 8095/7/4
f 8094/4/4 8086/4/4 8095/4/4
f 8088/3/4 8071/3/4 8096/3/4
f 8071/2/4 8089/2/4 8096/2/4
f 8087/3/4 8088/3/4 8096/3/4
f 8089/9/4 8090/9/4 8097/9/4
f 8096/2/4 8089/2/4 8097/2/4
f 8084/7/4 8094/7/4 8098/7/4
f 8094/7/4 8095/7/4 8098/7/4
f 8095/7/4 8087/7/4 8099/7/4
f 8098/7/4 8095/7/4 8099/7/4
f 8087/3/4 8096/3/4 8099/3/4
f 8096/9/4 8097/9/4 8100/9/4
f 8099/3/4 8096/3/4 8100/3/4
f 8097/9/4 8090/9/4 8101/9/4
f 8100/9/4 8097/9/4 8101/9/4
f 8090/11/4 8091/11/4 8102/11/4
f 8101/9/4 8090/9/4 8102/9/4
f 8102/11/4 8091/11/4 8103/11/4
f 8098/3/4 8099/3/4 8104/3/4
f 8099/2/4 8100/2/4 8105/2/4
f 8104/3/4 8099/3/4 8105/3/4
f 8100/9/4 8101/9/4 8106/9/4
f 8105/2/4 8100/2/4 8106/2/4
f 8101/10/4 8102/10/4 8107/10/4
f 8106/9/4 8101/9/4 8107/9/4
f 8102/12/4 8103/12/4 8108/12/4
f 8107/10/4 8102/10/4 8108/10/4
f 8108/12/4 8103/12/4 8109/12/4
f 8104/2/4 8105/2/4 8110/2/4
f 8110/2/4 8105/2/4 8111/2/4
f 8111/2/4 8105/2/4 8112/2/4
f 8105/9/4 8106/9/4 8113/9/4
f 8112/2/4 8105/2/4 8113/2/4
f 8113/9/4 8106/9/4 8114/9/4
f 8106/10/4 8107/10/4 8115/10/4
f 8114/9/4 8106/9/4 8115/9/4
f 8107/10/4 8108/10/4 8115/10/4
f 8115/10/4 8108/10/4 8116/10/4
f 8108/13/4 8109/13/4 8117/13/4
f 8116/10/4 8108/10/4 8117/10/4
f 8111/2/4 8112/2/4 8118/2/4
f 8113/9/4 8114/9/4 8119/9/4
f 8118/2/4 8112/2/4 8119/2/4
f 8112/9/4 8113/9/4 8119/9/4
f 8119/9/4 8114/9/4 8120/9/4
f 8114/10/4 8115/10/4 8121/10/4
f 8120/9/4 8114/9/4 8121/9/4
f 8115/10/4 8116/10/4 8121/10/4
f 8121/10/4 8116/10/4 8122/10/4
f 8116/12/4 8117/12/4 8123/12/4
f 8122/10/4 8116/10/4 8123/10/4
f 8117/13/4 8109/13/4 8124/13/4
f 8123/12/4 8117/12/4 8124/12/4
f 8124/13/4 8109/13/4 8125/13/4
f 8119/8/4 8120/8/4 8126/8/4
f 8118/8/4 8119/8/4 8126/8/4
f 8120/11/4 8121/11/4 8127/11/4
f 8126/8/4 8120/8/4 8127/8/4
f 8121/12/4 8122/12/4 8128/12/4
f 8127/11/4 8121/11/4 8128/11/4
f 8122/13/4 8123/13/4 8129/13/4
f 8128/12/4 8122/12/4 8129/12/4
f 8123/13/4 8124/13/4 8129/13/4
f 8124/14/4 8125/14/4 8130/14/4
f 8129/13/4 8124/13/4 8130/13/4
f 8130/14/4 8125/14/4 8131/14/4
f 8132/3/4 8133/3/4 8135/3/4
f 8133/5/4 8134/5/4 8136/5/4
f 8135/3/4 8133/3/4 8136/3/4
f 8136/5/4 8134/5/4 8137/5/4
f 8138/15/4 8139/15/4 8140/15/4
f 8140/15/4 8139/15/4 8141/15/4
f 8141/15/4 8139/15/4 8142/15/4
f 8142/15/4 8139/15/4 8143/15/4
f 8144/5/4 8145/5/4 8146/5/4
f 8146/5/4 8145/5/4 8147/5/4
f 8148/15/4 8149/15/4 8150/15/4
f 8150/15/4 8149/15/4 8151/15/4
f 8152/6/4 8153/6/4 8154/6/4
f 8154/6/4 8153/6/4 8155/6/4
f 8156/5/4 8157/5/4 8158/5/4
f 8158/5/4 8157/5/4 8159/5/4
f 8160/5/4 8161/5/4 8162/5/4
f 8162/5/4 8161/5/4 8163/5/4
f 8163/5/4 8161/5/4 8164/5/4
f 8163/3/4 8164/3/4 8166/3/4
f 8164/5/4 8165/5/4 8167/5/4
f 8166/3/4 8164/3/4 8167/3/4
f 8167/5/4 8165/5/4 8168/5/4
f 8168/5/4 8165/5/4 8169/5/4
f 8170/12/4 8171/12/4 8176/12/4
f 8171/13/4 8172/13/4 8177/13/4
f 8176/12/4 8171/12/4 8177/12/4
f 8172/14/4 8173/14/4 8178/14/4
f 8177/13/4 8172/13/4 8178/13/4
f 8178/14/4 8173/14/4 8179/14/4
f 8174/9/4 8175/9/4 8180/9/4
f 8175/9/4 8176/9/4 8180/9/4
f 8176/10/4 8177/10/4 8181/10/4
f 8180/9/4 8176/9/4 8181/9/4
f 8177/12/4 8178/12/4 8182/12/4
f 8181/10/4 8177/10/4 8182/10/4
f 8178/13/4 8179/13/4 8183/13/4
f 8182/12/4 8178/12/4 8183/12/4
f 8183/13/4 8179/13/4 8184/13/4
f 8180/3/4 8181/3/4 8185/3/4
f 8185/3/4 8181/3/4 8186/3/4
f 8181/2/4 8182/2/4 8187/2/4
f 8186/3/4 8181/3/4 8187/3/4
f 8182/10/4 8183/10/4 8188/10/4
f 8187/2/4 8182/2/4 8188/2/4
f 8183/12/4 8184/12/4 8189/12/4
f 8188/10/4 8183/10/4 8189/10/4
f 8189/12/4 8184/12/4 8190/12/4
f 8185/7/4 8186/7/4 8191/7/4
f 8186/3/4 8187/3/4 8192/3/4
f 8191/7/4 8186/7/4 8192/7/4
f 8187/3/4 8188/3/4 8192/3/4
f 8191/4/4 8192/4/4 8193/4/4
f 8192/3/4 8188/3/4 8194/3/4
f 8193/4/4 8192/4/4 8194/4/4
f 8193/7/4 8194/7/4 8196/7/4
f 8195/7/4 8196/7/4 8197/7/4
f 8194/3/4 8188/3/4 8198/3/4
f 8197/7/4 8196/7/4 8198/7/4
f 8196/7/4 8194/7/4 8198/7/4
f 8188/9/4 8189/9/4 8199/9/4
f 8198/3/4 8188/3/4 8199/3/4
f 8189/11/4 8190/11/4 8200/11/4
f 8199/9/4 8189/9/4 8200/9/4
f 8200/11/4 8190/11/4 8201/11/4
f 8197/3/4 8198/3/4 8202/3/4
f 8198/2/4 8199/2/4 8203/2/4
f 8202/3/4 8198/3/4 8203/3/4
f 8203/2/4 8199/2/4 8204/2/4
f 8199/10/4 8200/10/4 8205/10/4
f 8204/2/4 8199/2/4 8205/2/4
f 8200/12/4 8201/12/4 8206/12/4
f 8205/10/4 8200/10/4 8206/10/4
f 8206/12/4 8201/12/4 8207/12/4
f 8203/9/4 8204/9/4 8209/9/4
f 8202/9/4 8203/9/4 8209/9/4
f 8209/9/4 8204/9/4 8210/9/4
f 8204/10/4 8205/10/4 8211/10/4
f 8210/9/4 8204/9/4 8211/9/4
f 8205/12/4 8206/12/4 8212/12/4
f 8211/10/4 8205/10/4 8212/10/4
f 8206/13/4 8207/13/4 8213/13/4
f 8212/12/4 8206/12/4 8213/12/4
f 8213/13/4 8207/13/4 8214/13/4
f 8208/11/4 8209/11/4 8215/11/4
f 8209/8/4 8210/8/4 8216/8/4
f 8215/11/4 8209/11/4 8216/11/4
f 8210/11/4 8211/11/4 8217/11/4
f 8216/8/4 8210/8/4 8217/8/4
f 8211/12/4 8212/12/4 8218/12/4
f 8217/11/4 8211/11/4 8218/11/4
f 8212/13/4 8213/13/4 8219/13/4
f 8218/12/4 8212/12/4 8219/12/4
f 8213/14/4 8214/14/4 8220/14/4
f 8219/13/4 8213/13/4 8220/13/4
f 8220/14/4 8214/14/4 8221/14/4
f 8222/6/4 8223/6/4 8224/6/4
f 8222/6/4 8224/6/4 8225/6/4
f 8225/6/4 8224/6/4 8226/6/4
f 8227/5/4 8228/5/4 8229/5/4
f 8229/5/4 8228/5/4 8230/5/4
f 8229/3/4 8230/3/4 8232/3/4
f 8230/5/4 8231/5/4 8233/5/4
f 8232/3/4 8230/3/4 8233/3/4
f 8232/2/4 8233/2/4 8234/2/4
f 8233/5/4 8231/5/4 8235/5/4
f 8234/2/4 8233/2/4 8235/2/4
f 8235/5/4 8231/5/4 8236/5/4
f 8236/5/4 8231/5/4 8237/5/4
f 8236/2/4 8237/2/4 8238/2/4
f 8238/2/4 8237/2/4 8239/2/4
f 8240/5/4 8241/5/4 8242/5/4
f 8242/5/4 8241/5/4 8243/5/4
f 8243/5/4 8244/5/4 8245/5/4
f 8245/5/4 8244/5/4 8246/5/4
f 8247/15/4 8248/15/4 8249/15/4
f 8249/15/4 8248/15/4 8250/15/4
f 8251/3/4 8252/3/4 8253/3/4
f 8253/3/4 8252/3/4 8254/3/4
f 8255/3/4 8256/3/4 8257/3/4
f 8257/3/4 8256/3/4 8258/3/4
f 8259/6/4 8260/6/4 8263/6/4
f 8263/6/4 8260/6/4 8264/6/4
f 8261/6/4 8262/6/4 8265/6/4
f 8262/5/4 8263/5/4 8266/5/4
f 8265/6/4 8262/6/4 8266/6/4
f 8266/5/4 8263/5/4 8267/5/4
f 8268/2/4 8269/2/4 8270/2/4
f 8270/2/4 8269/2/4 8271/2/4
f 8272/13/4 8273/13/4 8276/13/4
f 8273/14/4 8274/14/4 8277/14/4
f 8276/13/4 8273/13/4 8277/13/4
f 8277/14/4 8274/14/4 8278/14/4
f 8275/10/4 8276/10/4 8280/10/4
f 8276/12/4 8277/12/4 8281/12/4
f 8280/10/4 8276/10/4 8281/10/4
f 8277/13/4 8278/13/4 8282/13/4
f 8281/12/4 8277/12/4 8282/12/4
f 8282/13/4 8278/13/4 8283/13/4
f 8279/3/4 8280/3/4 8284/3/4
f 8280/3/4 8281/3/4 8284/3/4
f 8284/3/4 8281/3/4 8286/3/4
f 8285/7/4 8286/7/4 8287/7/4
f 8286/3/4 8281/3/4 8288/3/4
f 8287/7/4 8286/7/4 8288/7/4
f 8288/3/4 8281/3/4 8291/3/4
f 8291/3/4 8281/3/4 8292/3/4
f 8281/9/4 8282/9/4 8293/9/4
f 8292/3/4 8281/3/4 8293/3/4
f 8282/11/4 8283/11/4 8294/11/4
f 8293/9/4 8282/9/4 8294/9/4
f 8294/11/4 8283/11/4 8295/11/4
f 8289/9/4 8290/9/4 8296/9/4
f 8296/9/4 8290/9/4 8297/9/4
f 8291/9/4 8292/9/4 8298/9/4
f 8298/9/4 8292/9/4 8299/9/4
f 8293/12/4 8294/12/4 8300/12/4
f 8294/13/4 8295/13/4 8301/13/4
f 8300/12/4 8294/12/4 8301/12/4
f 8301/13/4 8295/13/4 8302/13/4
f 8297/8/4 8298/8/4 8303/8/4
f 8303/8/4 8298/8/4 8304/8/4
f 8300/13/4 8301/13/4 8305/13/4
f 8301/14/4 8302/14/4 8306/14/4
f 8305/13/4 8301/13/4 8306/13/4
f 8306/14/4 8302/14/4 8307/14/4
f 8308/8/4 8309/8/4 8315/8/4
f 8309/11/4 8310/11/4 8316/11/4
f 8315/8/4 8309/8/4 8316/8/4
f 8310/12/4 8311/12/4 8317/12/4
f 8316/11/4 8310/11/4 8317/11/4
f 8311/13/4 8312/13/4 8318/13/4
f 8317/12/4 8311/12/4 8318/12/4
f 8312/14/4 8313/14/4 8319/14/4
f 8318/13/4 8312/13/4 8319/13/4
f 8319/14/4 8313/14/4 8320/14/4
f 8315/9/4 8316/9/4 8321/9/4
f 8314/9/4 8315/9/4 8321/9/4
f 8316/9/4 8317/9/4 8321/9/4
f 8317/10/4 8318/10/4 8322/10/4
f 8321/9/4 8317/9/4 8322/9/4
f 8318/12/4 8319/12/4 8323/12/4
f 8322/10/4 8318/10/4 8323/10/4
f 8319/13/4 8320/13/4 8324/13/4
f 8323/12/4 8319/12/4 8324/12/4
f 8324/13/4 8320/13/4 8325/13/4
f 8321/3/4 8322/3/4 8326/3/4
f 8326/3/4 8322/3/4 8327/3/4
f 8327/3/4 8322/3/4 8328/3/4
f 8322/2/4 8323/2/4 8329/2/4
f 8328/3/4 8322/3/4 8329/3/4
f 8323/10/4 8324/10/4 8330/10/4
f 8329/2/4 8323/2/4 8330/2/4
f 8324/12/4 8325/12/4 8331/12/4
f 8330/10/4 8324/10/4 8331/10/4
f 8331/12/4 8325/12/4 8332/12/4
f 8326/3/4 8327/3/4 8333/3/4
f 8327/7/4 8328/7/4 8334/7/4
f 8333/3/4 8327/3/4 8334/3/4
f 8328/3/4 8329/3/4 8335/3/4
f 8334/7/4 8328/7/4 8335/7/4
f 8329/3/4 8330/3/4 8335/3/4
f 8334/4/4 8335/4/4 8336/4/4
f 8335/3/4 8330/3/4 8337/3/4
f 8336/4/4 8335/4/4 8337/4/4
f 8336/7/4 8337/7/4 8339/7/4
f 8338/3/4 8339/3/4 8340/3/4
f 8339/7/4 8337/7/4 8341/7/4
f 8340/3/4 8339/3/4 8341/3/4
f 8337/3/4 8330/3/4 8342/3/4
f 8341/7/4 8337/7/4 8342/7/4
f 8330/9/4 8331/9/4 8343/9/4
f 8342/3/4 8330/3/4 8343/3/4
f 8331/11/4 8332/11/4 8344/11/4
f 8343/9/4 8331/9/4 8344/9/4
f 8344/11/4 8332/11/4 8345/11/4
f 8340/2/4 8341/2/4 8346/2/4
f 8341/3/4 8342/3/4 8347/3/4
f 8346/2/4 8341/2/4 8347/2/4
f 8342/2/4 8343/2/4 8348/2/4
f 8347/3/4 8342/3/4 8348/3/4
f 8348/2/4 8343/2/4 8349/2/4
f 8343/10/4 8344/10/4 8350/10/4
f 8349/2/4 8343/2/4 8350/2/4
f 8344/12/4 8345/12/4 8351/12/4
f 8350/10/4 8344/10/4 8351/10/4
f 8351/12/4 8345/12/4 8352/12/4
f 8348/9/4 8349/9/4 8353/9/4
f 8347/9/4 8348/9/4 8353/9/4
f 8353/9/4 8349/9/4 8354/9/4
f 8349/10/4 8350/10/4 8355/10/4
f 8354/9/4 8349/9/4 8355/9/4
f 8350/12/4 8351/12/4 8356/12/4
f 8355/10/4 8350/10/4 8356/10/4
f 8351/13/4 8352/13/4 8357/13/4
f 8356/12/4 8351/12/4 8357/12/4
f 8357/13/4 8352/13/4 8358/13/4
f 8353/8/4 8354/8/4 8359/8/4
f 8354/11/4 8355/11/4 8360/11/4
f 8359/8/4 8354/8/4 8360/8/4
f 8355/12/4 8356/12/4 8361/12/4
f 8360/11/4 8355/11/4 8361/11/4
f 8356/13/4 8357/13/4 8362/13/4
f 8361/12/4 8356/12/4 8362/12/4
f 8357/14/4 8358/14/4 8363/14/4
f 8362/13/4 8357/13/4 8363/13/4
f 8363/14/4 8358/14/4 8364/14/4
f 8365/15/4 8366/15/4 8367/15/4
f 8367/15/4 8366/15/4 8368/15/4
f 8369/5/4 8370/5/4 8371/5/4
f 8369/5/4 8371/5/4 8372/5/4
f 8372/5/4 8371/5/4 8373/5/4
f 8374/6/4 8375/6/4 8376/6/4
f 8376/6/4 8375/6/4 8377/6/4
f 8378/3/4 8379/3/4 8381/3/4
f 8379/6/4 8380/6/4 8382/6/4
f 8381/3/4 8379/3/4 8382/3/4
f 8382/6/4 8380/6/4 8383/6/4
f 8384/6/4 8385/6/4 8386/6/4
f 8386/6/4 8385/6/4 8387/6/4
f 8388/2/4 8389/2/4 8391/2/4
f 8389/2/4 8390/2/4 8391/2/4
f 8391/2/4 8390/2/4 8392/2/4
f 8392/2/4 8390/2/4 8393/2/4
f 8392/2/4 8393/2/4 8395/2/4
f 8393/5/4 8394/5/4 8396/5/4
f 8395/2/4 8393/2/4 8396/2/4
f 8396/5/4 8394/5/4 8397/5/4
f 8397/5/4 8398/5/4 8399/5/4
f 8399/5/4 8398/5/4 8400/5/4
f 8401/2/4 8402/2/4 8403/2/4
f 8403/2/4 8402/2/4 8404/2/4
f 8405/2/4 8406/2/4 8407/2/4
f 8407/2/4 8406/2/4 8408/2/4
f 8409/6/4 8410/6/4 8411/6/4
f 8409/6/4 8411/6/4 8412/6/4
f 8412/6/4 8411/6/4 8413/6/4
f 8414/5/4 8415/5/4 8416/5/4
f 8416/5/4 8415/5/4 8417/5/4
f 8418/5/4 8419/5/4 8420/5/4
f 8420/5/4 8419/5/4 8421/5/4
f 8422/2/4 8423/2/4 8424/2/4
f 8425/5/4 8426/5/4 8427/5/4
f 8422/2/4 8424/2/4 8428/2/4
f 8424/2/4 8425/2/4 8428/2/4
f 8428/2/4 8425/2/4 8429/2/4
f 8425/5/4 8427/5/4 8430/5/4
f 8429/2/4 8425/2/4 8431/2/4
f 8425/5/4 8430/5/4 8432/5/4
f 8431/2/4 8425/2/4 8432/2/4
f 8432/5/4 8430/5/4 8433/5/4
f 8431/5/4 8432/5/4 8435/5/4
f 8434/2/4 8435/2/4 8436/2/4
f 8435/5/4 8432/5/4 8437/5/4
f 8436/2/4 8435/2/4 8437/2/4
f 8437/5/4 8432/5/4 8438/5/4
f 8436/5/4 8437/5/4 8439/5/4
f 8439/5/4 8437/5/4 8440/5/4
f 8440/5/4 8441/5/4 8442/5/4
f 8442/5/4 8441/5/4 8443/5/4
f 8444/5/4 8445/5/4 8446/5/4
f 8446/5/4 8445/5/4 8447/5/4
f 8448/2/4 8449/2/4 8450/2/4
f 8448/2/4 8450/2/4 8451/2/4
f 8451/2/4 8450/2/4 8452/2/4
f 8453/2/4 8454/2/4 8455/2/4
f 8455/2/4 8454/2/4 8456/2/4
f 8457/6/4 8458/6/4 8459/6/4
f 8457/6/4 8459/6/4 8461/6/4
f 8459/2/4 8460/2/4 8462/2/4
f 8461/6/4 8459/6/4 8462/6/4
f 8462/2/4 8460/2/4 8463/2/4
f 8464/5/4 8465/5/4 8466/5/4
f 8466/5/4 8465/5/4 8467/5/4
f 8468/2/4 8469/2/4 8470/2/4
f 8470/2/4 8469/2/4 8471/2/4
f 8472/6/4 8473/6/4 8474/6/4
f 8474/6/4 8473/6/4 8475/6/4
f 8476/2/4 8477/2/4 8479/2/4
f 8479/2/4 8477/2/4 8480/2/4
f 8478/2/4 8479/2/4 8481/2/4
f 8481/2/4 8479/2/4 8482/2/4
f 8483/2/4 8484/2/4 8486/2/4
f 8486/2/4 8484/2/4 8487/2/4
f 8485/2/4 8486/2/4 8488/2/4
f 8488/2/4 8486/2/4 8489/2/4
f 8490/15/4 8491/15/4 8492/15/4
f 8492/15/4 8491/15/4 8493/15/4
f 8493/15/4 8491/15/4 8494/15/4
f 8494/15/4 8491/15/4 8495/15/4
f 8495/15/4 8491/15/4 8496/15/4
f 8492/6/4 8493/6/4 8497/6/4
f 8497/6/4 8493/6/4 8498/6/4
f 8499/2/4 8500/2/4 8501/2/4
f 8501/2/4 8500/2/4 8502/2/4
f 8503/6/4 8504/6/4 8505/6/4
f 8503/6/4 8505/6/4 8506/6/4
f 8506/6/4 8505/6/4 8507/6/4
f 8508/5/4 8509/5/4 8510/5/4
f 8510/5/4 8509/5/4 8511/5/4
f 8512/2/4 8513/2/4 8514/2/4
f 8514/2/4 8513/2/4 8515/2/4
f 8516/2/4 8517/2/4 8518/2/4
f 8518/2/4 8517/2/4 8519/2/4
f 8518/2/4 8519/2/4 8521/2/4
f 8519/2/4 8520/2/4 8521/2/4
f 8521/2/4 8520/2/4 8522/2/4
f 8523/15/4 8524/15/4 8525/15/4
f 8525/15/4 8524/15/4 8526/15/4
f 8527/5/4 8528/5/4 8529/5/4
f 8529/5/4 8528/5/4 8530/5/4
f 8531/2/4 8532/2/4 8535/2/4
f 8532/6/4 8533/6/4 8536/6/4
f 8535/2/4 8532/2/4 8536/2/4
f 8536/6/4 8533/6/4 8537/6/4
f 8534/2/4 8535/2/4 8538/2/4
f 8538/2/4 8535/2/4 8539/2/4
f 8539/2/4 8535/2/4 8540/2/4
f 8541/2/4 8542/2/4 8543/2/4
f 8543/2/4 8542/2/4 8544/2/4
f 8545/2/4 8546/2/4 8547/2/4
f 8547/2/4 8546/2/4 8548/2/4
f 8549/13/4 8550/13/4 8557/13/4
f 8550/8/4 8551/8/4 8558/8/4
f 8557/13/4 8550/13/4 8558/13/4
f 8551/2/4 8552/2/4 8559/2/4
f 8558/8/4 8551/8/4 8559/8/4
f 8552/8/4 8553/8/4 8560/8/4
f 8559/2/4 8552/2/4 8560/2/4
f 8553/13/4 8554/13/4 8561/13/4
f 8560/8/4 8553/8/4 8561/8/4
f 8561/13/4 8554/13/4 8562/13/4
f 8555/6/4 8556/6/4 8563/6/4
f 8563/6/4 8556/6/4 8564/6/4
f 8557/8/4 8558/8/4 8565/8/4
f 8558/3/4 8559/3/4 8566/3/4
f 8565/8/4 8558/8/4 8566/8/4
f 8559/7/4 8560/7/4 8567/7/4
f 8566/3/4 8559/3/4 8567/3/4
f 8560/3/4 8561/3/4 8568/3/4
f 8567/7/4 8560/7/4 8568/7/4
f 8561/11/4 8562/11/4 8569/11/4
f 8568/3/4 8561/3/4 8569/3/4
f 8569/11/4 8562/11/4 8570/11/4
f 8565/2/4 8566/2/4 8571/2/4
f 8566/7/4 8567/7/4 8572/7/4
f 8571/2/4 8566/2/4 8572/2/4
f 8567/4/4 8568/4/4 8573/4/4
f 8572/7/4 8567/7/4 8573/7/4
f 8568/7/4 8569/7/4 8574/7/4
f 8573/4/4 8568/4/4 8574/4/4
f 8569/8/4 8570/8/4 8575/8/4
f 8574/7/4 8569/7/4 8575/7/4
f 8575/8/4 8570/8/4 8576/8/4
f 8571/8/4 8572/8/4 8577/8/4
f 8572/3/4 8573/3/4 8578/3/4
f 8577/8/4 8572/8/4 8578/8/4
f 8573/7/4 8574/7/4 8579/7/4
f 8578/3/4 8573/3/4 8579/3/4
f 8574/3/4 8575/3/4 8580/3/4
f 8579/7/4 8574/7/4 8580/7/4
f 8575/11/4 8576/11/4 8581/11/4
f 8580/3/4 8575/3/4 8581/3/4
f 8581/11/4 8576/11/4 8582/11/4
f 8577/13/4 8578/13/4 8583/13/4
f 8578/8/4 8579/8/4 8584/8/4
f 8583/13/4 8578/13/4 8584/13/4
f 8579/2/4 8580/2/4 8585/2/4
f 8584/8/4 8579/8/4 8585/8/4
f 8580/8/4 8581/8/4 8586/8/4
f 8585/2/4 8580/2/4 8586/2/4
f 8581/13/4 8582/13/4 8587/13/4
f 8586/8/4 8581/8/4 8587/8/4
f 8587/13/4 8582/13/4 8588/13/4
f 8583/3/4 8584/3/4 8589/3/4
f 8584/6/4 8585/6/4 8590/6/4
f 8589/3/4 8584/3/4 8590/3/4
f 8590/6/4 8585/6/4 8591/6/4
f 8591/6/4 8592/6/4 8593/6/4
f 8593/6/4 8592/6/4 8594/6/4
f 8595/6/4 8596/6/4 8597/6/4
f 8597/6/4 8596/6/4 8598/6/4
f 8599/2/4 8600/2/4 8602/2/4
f 8600/6/4 8601/6/4 8603/6/4
f 8602/2/4 8600/2/4 8603/2/4
f 8603/6/4 8601/6/4 8604/6/4
f 8604/8/4 8605/8/4 8608/8/4
f 8602/8/4 8603/8/4 8608/8/4
f 8603/8/4 8604/8/4 8608/8/4
f 8608/8/4 8605/8/4 8609/8/4
f 8605/11/4 8606/11/4 8610/11/4
f 8609/8/4 8605/8/4 8610/8/4
f 8606/13/4 8607/13/4 8611/13/4
f 8610/11/4 8606/11/4 8611/11/4
f 8611/13/4 8607/13/4 8612/13/4
f 8602/8/4 8608/8/4 8613/8/4
f 8608/3/4 8609/3/4 8614/3/4
f 8613/8/4 8608/8/4 8614/8/4
f 8609/7/4 8610/7/4 8615/7/4
f 8614/3/4 8609/3/4 8615/3/4
f 8610/3/4 8611/3/4 8616/3/4
f 8615/7/4 8610/7/4 8616/7/4
f 8611/11/4 8612/11/4 8617/11/4
f 8616/3/4 8611/3/4 8617/3/4
f 8617/11/4 8612/11/4 8618/11/4
f 8614/7/4 8615/7/4 8621/7/4
f 8615/4/4 8616/4/4 8622/4/4
f 8621/7/4 8615/7/4 8622/7/4
f 8616/7/4 8617/7/4 8623/7/4
f 8622/4/4 8616/4/4 8623/4/4
f 8617/8/4 8618/8/4 8624/8/4
f 8623/7/4 8617/7/4 8624/7/4
f 8624/8/4 8618/8/4 8625/8/4
f 8619/2/4 8620/2/4 8626/2/4
f 8626/2/4 8620/2/4 8627/2/4
f 8621/3/4 8622/3/4 8628/3/4
f 8622/7/4 8623/7/4 8629/7/4
f 8628/3/4 8622/3/4 8629/3/4
f 8623/3/4 8624/3/4 8630/3/4
f 8629/7/4 8623/7/4 8630/7/4
f 8624/11/4 8625/11/4 8631/11/4
f 8630/3/4 8624/3/4 8631/3/4
f 8631/11/4 8625/11/4 8632/11/4
f 8628/11/4 8629/11/4 8633/11/4
f 8629/8/4 8630/8/4 8634/8/4
f 8633/11/4 8629/11/4 8634/11/4
f 8630/11/4 8631/11/4 8635/11/4
f 8634/8/4 8630/8/4 8635/8/4
f 8631/13/4 8632/13/4 8636/13/4
f 8635/11/4 8631/11/4 8636/11/4
f 8636/13/4 8632/13/4 8637/13/4
f 8638/6/4 8639/6/4 8640/6/4
f 8640/6/4 8639/6/4 8641/6/4
f 8642/5/4 8643/5/4 8644/5/4
f 8644/5/4 8643/5/4 8645/5/4
f 8645/3/4 8646/3/4 8647/3/4
f 8647/3/4 8646/3/4 8648/3/4
f 8649/5/4 8650/5/4 8652/5/4
f 8652/5/4 8650/5/4 8653/5/4
f 8651/2/4 8652/2/4 8654/2/4
f 8654/2/4 8652/2/4 8655/2/4
f 8656/6/4 8657/6/4 8658/6/4
f 8658/6/4 8657/6/4 8659/6/4
f 8660/5/4 8661/5/4 8662/5/4
f 8662/5/4 8661/5/4 8663/5/4
f 8664/5/4 8665/5/4 8667/5/4
f 8667/5/4 8665/5/4 8668/5/4
f 8666/2/4 8667/2/4 8669/2/4
f 8669/2/4 8667/2/4 8670/2/4
f 8671/6/4 8672/6/4 8673/6/4
f 8673/6/4 8672/6/4 8674/6/4
f 8673/2/4 8674/2/4 8675/2/4
f 8675/2/4 8674/2/4 8676/2/4
f 8677/2/4 8678/2/4 8679/2/4
f 8679/2/4 8678/2/4 8680/2/4
f 8681/6/4 8682/6/4 8684/6/4
f 8684/6/4 8682/6/4 8685/6/4
f 8683/5/4 8684/5/4 8686/5/4
f 8686/5/4 8684/5/4 8687/5/4
f 8688/8/4 8689/8/4 8693/8/4
f 8693/8/4 8689/8/4 8694/8/4
f 8689/2/4 8690/2/4 8695/2/4
f 8694/8/4 8689/8/4 8695/8/4
f 8690/8/4 8691/8/4 8696/8/4
f 8695/2/4 8690/2/4 8696/2/4
f 8696/8/4 8691/8/4 8697/8/4
f 8691/13/4 8692/13/4 8698/13/4
f 8697/8/4 8691/8/4 8698/8/4
f 8698/13/4 8692/13/4 8699/13/4
f 8693/9/4 8694/9/4 8700/9/4
f 8694/2/4 8695/2/4 8701/2/4
f 8700/9/4 8694/9/4 8701/9/4
f 8695/3/4 8696/3/4 8702/3/4
f 8701/2/4 8695/2/4 8702/2/4
f 8696/2/4 8697/2/4 8703/2/4
f 8702/3/4 8696/3/4 8703/3/4
f 8697/9/4 8698/9/4 8704/9/4
f 8703/2/4 8697/2/4 8704/2/4
f 8698/11/4 8699/11/4 8705/11/4
f 8704/9/4 8698/9/4 8705/9/4
f 8705/11/4 8699/11/4 8706/11/4
f 8700/2/4 8701/2/4 8709/2/4
f 8701/3/4 8702/3/4 8710/3/4
f 8709/2/4 8701/2/4 8710/2/4
f 8702/7/4 8703/7/4 8711/7/4
f 8710/3/4 8702/3/4 8711/3/4
f 8703/3/4 8704/3/4 8712/3/4
f 8711/7/4 8703/7/4 8712/7/4
f 8704/2/4 8705/2/4 8713/2/4
f 8712/3/4 8704/3/4 8713/3/4
f 8705/8/4 8706/8/4 8714/8/4
f 8713/2/4 8705/2/4 8714/2/4
f 8714/8/4 8706/8/4 8715/8/4
f 8710/7/4 8711/7/4 8716/7/4
f 8711/4/4 8712/4/4 8717/4/4
f 8716/7/4 8711/7/4 8717/7/4
f 8712/7/4 8713/7/4 8718/7/4
f 8717/4/4 8712/4/4 8718/4/4
f 8713/3/4 8714/3/4 8719/3/4
f 8718/7/4 8713/7/4 8719/7/4
f 8714/9/4 8715/9/4 8720/9/4
f 8719/3/4 8714/3/4 8720/3/4
f 8720/9/4 8715/9/4 8721/9/4
f 8717/7/4 8718/7/4 8722/7/4
f 8718/3/4 8719/3/4 8723/3/4
f 8722/7/4 8718/7/4 8723/7/4
f 8719/2/4 8720/2/4 8724/2/4
f 8723/3/4 8719/3/4 8724/3/4
f 8720/8/4 8721/8/4 8725/8/4
f 8724/2/4 8720/2/4 8725/2/4
f 8725/8/4 8721/8/4 8726/8/4
f 8722/3/4 8723/3/4 8729/3/4
f 8723/2/4 8724/2/4 8730/2/4
f 8729/3/4 8723/3/4 8730/3/4
f 8724/9/4 8725/9/4 8731/9/4
f 8730/2/4 8724/2/4 8731/2/4
f 8725/11/4 8726/11/4 8732/11/4
f 8731/9/4 8725/9/4 8732/9/4
f 8732/11/4 8726/11/4 8733/11/4
f 8707/1/4 8708/1/4 8734/1/4
f 8734/1/4 8708/1/4 8735/1/4
f 8728/8/4 8729/8/4 8736/8/4
f 8727/8/4 8728/8/4 8736/8/4
f 8729/2/4 8730/2/4 8737/2/4
f 8736/8/4 8729/8/4 8737/8/4
f 8730/8/4 8731/8/4 8738/8/4
f 8737/2/4 8730/2/4 8738/2/4
f 8731/8/4 8732/8/4 8738/8/4
f 8732/13/4 8733/13/4 8739/13/4
f 8738/8/4 8732/8/4 8739/8/4
f 8739/13/4 8733/13/4 8740/13/4
f 8741/6/4 8742/6/4 8743/6/4
f 8743/6/4 8742/6/4 8744/6/4
f 8745/5/4 8746/5/4 8747/5/4
f 8747/5/4 8746/5/4 8748/5/4
f 8749/2/4 8750/2/4 8753/2/4
f 8753/2/4 8750/2/4 8754/2/4
f 8751/2/4 8752/2/4 8755/2/4
f 8755/2/4 8752/2/4 8756/2/4
f 8757/6/4 8758/6/4 8759/6/4
f 8759/6/4 8758/6/4 8760/6/4
f 8761/14/4 8762/14/4 8769/14/4
f 8762/12/4 8763/12/4 8770/12/4
f 8769/14/4 8762/14/4 8770/14/4
f 8763/11/4 8764/11/4 8771/11/4
f 8770/12/4 8763/12/4 8771/12/4
f 8764/8/4 8765/8/4 8772/8/4
f 8771/11/4 8764/11/4 8772/11/4
f 8765/11/4 8766/11/4 8773/11/4
f 8772/8/4 8765/8/4 8773/8/4
f 8766/12/4 8767/12/4 8774/12/4
f 8773/11/4 8766/11/4 8774/11/4
f 8767/14/4 8768/14/4 8775/14/4
f 8774/12/4 8767/12/4 8775/12/4
f 8775/14/4 8768/14/4 8776/14/4
f 8769/12/4 8770/12/4 8777/12/4
f 8770/2/4 8771/2/4 8778/2/4
f 8777/12/4 8770/12/4 8778/12/4
f 8771/3/4 8772/3/4 8779/3/4
f 8778/2/4 8771/2/4 8779/2/4
f 8772/3/4 8773/3/4 8779/3/4
f 8779/3/4 8773/3/4 8780/3/4
f 8773/2/4 8774/2/4 8781/2/4
f 8780/3/4 8773/3/4 8781/3/4
f 8774/1/4 8775/1/4 8782/1/4
f 8781/2/4 8774/2/4 8782/2/4
f 8775/12/4 8776/12/4 8783/12/4
f 8782/1/4 8775/1/4 8783/1/4
f 8783/12/4 8776/12/4 8784/12/4
f 8779/3/4 8780/3/4 8785/3/4
f 8778/3/4 8779/3/4 8785/3/4
f 8780/7/4 8781/7/4 8786/7/4
f 8785/3/4 8780/3/4 8786/3/4
f 8781/3/4 8782/3/4 8787/3/4
f 8786/7/4 8781/7/4 8787/7/4
f 8782/2/4 8783/2/4 8788/2/4
f 8787/3/4 8782/3/4 8788/3/4
f 8783/11/4 8784/11/4 8789/11/4
f 8788/2/4 8783/2/4 8789/2/4
f 8777/11/4 8778/11/4 8790/11/4
f 8778/3/4 8785/3/4 8790/3/4
f 8785/7/4 8786/7/4 8791/7/4
f 8790/3/4 8785/3/4 8791/3/4
f 8787/7/4 8788/7/4 8791/7/4
f 8786/7/4 8787/7/4 8791/7/4
f 8791/7/4 8788/7/4 8792/7/4
f 8792/7/4 8788/7/4 8793/7/4
f 8788/3/4 8789/3/4 8794/3/4
f 8793/7/4 8788/7/4 8794/7/4
f 8777/11/4 8790/11/4 8795/11/4
f 8790/2/4 8791/2/4 8796/2/4
f 8795/11/4 8790/11/4 8796/11/4
f 8791/3/4 8792/3/4 8797/3/4
f 8796/2/4 8791/2/4 8797/2/4
f 8792/7/4 8793/7/4 8798/7/4
f 8797/3/4 8792/3/4 8798/3/4
f 8793/3/4 8794/3/4 8799/3/4
f 8798/7/4 8793/7/4 8799/7/4
f 8789/11/4 8784/11/4 8800/11/4
f 8799/3/4 8794/3/4 8800/3/4
f 8794/3/4 8789/3/4 8800/3/4
f 8800/11/4 8784/11/4 8801/11/4
f 8795/12/4 8796/12/4 8802/12/4
f 8796/1/4 8797/1/4 8803/1/4
f 8802/12/4 8796/12/4 8803/12/4
f 8797/2/4 8798/2/4 8804/2/4
f 8803/1/4 8797/1/4 8804/1/4
f 8798/3/4 8799/3/4 8805/3/4
f 8804/2/4 8798/2/4 8805/2/4
f 8799/2/4 8800/2/4 8806/2/4
f 8805/3/4 8799/3/4 8806/3/4
f 8806/2/4 8800/2/4 8807/2/4
f 8800/12/4 8801/12/4 8808/12/4
f 8807/2/4 8800/2/4 8808/2/4
f 8808/12/4 8801/12/4 8809/12/4
f 8802/14/4 8803/14/4 8810/14/4
f 8803/12/4 8804/12/4 8811/12/4
f 8810/14/4 8803/14/4 8811/14/4
f 8804/11/4 8805/11/4 8812/11/4
f 8811/12/4 8804/12/4 8812/12/4
f 8805/8/4 8806/8/4 8813/8/4
f 8812/11/4 8805/11/4 8813/11/4
f 8806/11/4 8807/11/4 8814/11/4
f 8813/8/4 8806/8/4 8814/8/4
f 8807/12/4 8808/12/4 8815/12/4
f 8814/11/4 8807/11/4 8815/11/4
f 8808/14/4 8809/14/4 8816/14/4
f 8815/12/4 8808/12/4 8816/12/4
f 8816/14/4 8809/14/4 8817/14/4
f 8818/2/4 8819/2/4 8820/2/4
f 8820/2/4 8819/2/4 8821/2/4
f 8822/2/4 8823/2/4 8824/2/4
f 8824/2/4 8823/2/4 8825/2/4
f 8826/6/4 8827/6/4 8828/6/4
f 8828/6/4 8827/6/4 8829/6/4
f 8830/2/4 8831/2/4 8832/2/4
f 8832/2/4 8831/2/4 8833/2/4
f 8834/5/4 8835/5/4 8837/5/4
f 8836/2/4 8837/2/4 8838/2/4
f 8837/5/4 8835/5/4 8839/5/4
f 8838/2/4 8837/2/4 8839/2/4
f 8839/5/4 8835/5/4 8840/5/4
f 8841/5/4 8842/5/4 8843/5/4
f 8843/5/4 8842/5/4 8844/5/4
f 8845/5/4 8846/5/4 8847/5/4
f 8847/5/4 8846/5/4 8848/5/4
f 8849/2/4 8850/2/4 8851/2/4
f 8851/2/4 8850/2/4 8852/2/4
f 8853/5/4 8854/5/4 8855/5/4
f 8855/5/4 8854/5/4 8856/5/4
f 8857/5/4 8858/5/4 8859/5/4
f 8859/5/4 8858/5/4 8860/5/4
f 8861/5/4 8862/5/4 8864/5/4
f 8864/5/4 8862/5/4 8865/5/4
f 8863/5/4 8864/5/4 8866/5/4
f 8866/5/4 8864/5/4 8867/5/4
f 8868/5/4 8869/5/4 8870/5/4
f 8870/5/4 8869/5/4 8871/5/4
f 8872/5/4 8873/5/4 8874/5/4
f 8874/5/4 8873/5/4 8875/5/4
f 8876/11/4 8877/11/4 8882/11/4
f 8877/8/4 8878/8/4 8883/8/4
f 8882/11/4 8877/11/4 8883/11/4
f 8878/11/4 8879/11/4 8884/11/4
f 8883/8/4 8878/8/4 8884/8/4
f 8879/13/4 8880/13/4 8885/13/4
f 8884/11/4 8879/11/4 8885/11/4
f 8880/14/4 8881/14/4 8886/14/4
f 8885/13/4 8880/13/4 8886/13/4
f 8886/14/4 8881/14/4 8887/14/4
f 8884/9/4 8885/9/4 8888/9/4
f 8882/9/4 8883/9/4 8888/9/4
f 8883/9/4 8884/9/4 8888/9/4
f 8885/10/4 8886/10/4 8889/10/4
f 8888/9/4 8885/9/4 8889/9/4
f 8886/13/4 8887/13/4 8890/13/4
f 8889/10/4 8886/10/4 8890/10/4
f 8890/13/4 8887/13/4 8891/13/4
f 8888/3/4 8889/3/4 8892/3/4
f 8892/3/4 8889/3/4 8893/3/4
f 8889/9/4 8890/9/4 8894/9/4
f 8890/12/4 8891/12/4 8894/12/4
f 8894/12/4 8891/12/4 8895/12/4
f 8888/3/4 8892/3/4 8897/3/4
f 8892/7/4 8893/7/4 8898/7/4
f 8897/3/4 8892/3/4 8898/3/4
f 8893/3/4 8889/3/4 8899/3/4
f 8898/7/4 8893/7/4 8899/7/4
f 8889/9/4 8894/9/4 8900/9/4
f 8899/3/4 8889/3/4 8900/3/4
f 8894/11/4 8895/11/4 8901/11/4
f 8900/9/4 8894/9/4 8901/9/4
f 8897/3/4 8898/3/4 8902/3/4
f 8898/4/4 8899/4/4 8902/4/4
f 8899/3/4 8900/3/4 8903/3/4
f 8902/4/4 8899/4/4 8903/4/4
f 8896/2/4 8897/2/4 8904/2/4
f 8897/3/4 8902/3/4 8905/3/4
f 8904/2/4 8897/2/4 8905/2/4
f 8903/3/4 8900/3/4 8906/3/4
f 8900/2/4 8901/2/4 8906/2/4
f 8901/11/4 8895/11/4 8907/11/4
f 8906/2/4 8901/2/4 8907/2/4
f 8905/3/4 8902/3/4 8908/3/4
f 8902/7/4 8903/7/4 8909/7/4
f 8908/3/4 8902/3/4 8909/3/4
f 8909/7/4 8903/7/4 8910/7/4
f 8903/3/4 8906/3/4 8911/3/4
f 8910/7/4 8903/7/4 8911/7/4
f 8906/9/4 8907/9/4 8912/9/4
f 8911/3/4 8906/3/4 8912/3/4
f 8907/11/4 8895/11/4 8913/11/4
f 8912/9/4 8907/9/4 8913/9/4
f 8913/11/4 8895/11/4 8914/11/4
f 8908/9/4 8909/9/4 8915/9/4
f 8915/9/4 8909/9/4 8916/9/4
f 8910/2/4 8911/2/4 8917/2/4
f 8911/9/4 8912/9/4 8918/9/4
f 8917/2/4 8911/2/4 8918/2/4
f 8917/9/4 8918/9/4 8919/9/4
f 8919/9/4 8918/9/4 8920/9/4
f 8918/9/4 8912/9/4 8921/9/4
f 8920/9/4 8918/9/4 8921/9/4
f 8912/10/4 8913/10/4 8922/10/4
f 8921/9/4 8912/9/4 8922/9/4
f 8913/13/4 8914/13/4 8923/13/4
f 8922/10/4 8913/10/4 8923/10/4
f 8923/13/4 8914/13/4 8924/13/4
f 8920/8/4 8921/8/4 8925/8/4
f 8921/11/4 8922/11/4 8926/11/4
f 8925/8/4 8921/8/4 8926/8/4
f 8922/13/4 8923/13/4 8927/13/4
f 8926/11/4 8922/11/4 8927/11/4
f 8923/14/4 8924/14/4 8928/14/4
f 8927/13/4 8923/13/4 8928/13/4
f 8928/14/4 8924/14/4 8929/14/4
f 8930/5/4 8931/5/4 8933/5/4
f 8932/2/4 8933/2/4 8934/2/4
f 8933/5/4 8931/5/4 8935/5/4
f 8934/2/4 8933/2/4 8935/2/4
f 8935/5/4 8931/5/4 8936/5/4
f 8934/5/4 8935/5/4 8937/5/4
f 8937/5/4 8935/5/4 8938/5/4
f 8939/6/4 8940/6/4 8942/6/4
f 8940/2/4 8941/2/4 8942/2/4
f 8942/2/4 8941/2/4 8943/2/4
f 8939/6/4 8942/6/4 8944/6/4
f 8944/6/4 8942/6/4 8945/6/4
f 8946/6/4 8947/6/4 8948/6/4
f 8948/6/4 8947/6/4 8949/6/4
f 8950/15/4 8951/15/4 8952/15/4
f 8952/15/4 8951/15/4 8953/15/4
f 8954/15/4 8955/15/4 8962/15/4
f 8955/12/4 8956/12/4 8963/12/4
f 8962/15/4 8955/15/4 8963/15/4
f 8956/11/4 8957/11/4 8964/11/4
f 8963/12/4 8956/12/4 8964/12/4
f 8957/8/4 8958/8/4 8965/8/4
f 8964/11/4 8957/11/4 8965/11/4
f 8958/11/4 8959/11/4 8966/11/4
f 8965/8/4 8958/8/4 8966/8/4
f 8959/12/4 8960/12/4 8967/12/4
f 8966/11/4 8959/11/4 8967/11/4
f 8960/14/4 8961/14/4 8968/14/4
f 8967/12/4 8960/12/4 8968/12/4
f 8968/14/4 8961/14/4 8969/14/4
f 8963/2/4 8964/2/4 8970/2/4
f 8964/3/4 8965/3/4 8971/3/4
f 8970/2/4 8964/2/4 8971/2/4
f 8966/3/4 8967/3/4 8971/3/4
f 8965/3/4 8966/3/4 8971/3/4
f 8971/3/4 8967/3/4 8972/3/4
f 8972/3/4 8967/3/4 8973/3/4
f 8967/2/4 8968/2/4 8974/2/4
f 8973/3/4 8967/3/4 8974/3/4
f 8968/12/4 8969/12/4 8975/12/4
f 8974/2/4 8968/2/4 8975/2/4
f 8975/12/4 8969/12/4 8976/12/4
f 8970/3/4 8971/3/4 8977/3/4
f 8971/3/4 8972/3/4 8977/3/4
f 8977/3/4 8972/3/4 8978/3/4
f 8978/3/4 8972/3/4 8979/3/4
f 8972/7/4 8973/7/4 8980/7/4
f 8979/3/4 8972/3/4 8980/3/4
f 8973/3/4 8974/3/4 8981/3/4
f 8980/7/4 8973/7/4 8981/7/4
f 8974/3/4 8975/3/4 8981/3/4
f 8975/11/4 8976/11/4 8982/11/4
f 8981/3/4 8975/3/4 8982/3/4
f 8982/11/4 8976/11/4 8983/11/4
f 8979/2/4 8980/2/4 8984/2/4
f 8980/3/4 8981/3/4 8985/3/4
f 8984/2/4 8980/2/4 8985/2/4
f 8981/2/4 8982/2/4 8986/2/4
f 8985/3/4 8981/3/4 8986/3/4
f 8986/2/4 8982/2/4 8987/2/4
f 8982/12/4 8983/12/4 8988/12/4
f 8987/2/4 8982/2/4 8988/2/4
f 8988/12/4 8983/12/4 8989/12/4
f 8984/11/4 8985/11/4 8990/11/4
f 8985/8/4 8986/8/4 8991/8/4
f 8990/11/4 8985/11/4 8991/11/4
f 8986/11/4 8987/11/4 8992/11/4
f 8991/8/4 8986/8/4 8992/8/4
f 8987/12/4 8988/12/4 8993/12/4
f 8992/11/4 8987/11/4 8993/11/4
f 8988/14/4 8989/14/4 8994/14/4
f 8993/12/4 8988/12/4 8994/12/4
f 8994/14/4 8989/14/4 8995/14/4
f 8991/5/4 8992/5/4 8996/5/4
f 8996/5/4 8992/5/4 8997/5/4
f 8998/2/4 8999/2/4 9000/2/4
f 9000/2/4 8999/2/4 9001/2/4
f 9002/6/4 9003/6/4 9004/6/4
f 9004/6/4 9003/6/4 9005/6/4
f 9006/15/4 9007/15/4 9008/15/4
f 9008/15/4 9007/15/4 9009/15/4
f 9010/2/4 9011/2/4 9012/2/4
f 9012/2/4 9011/2/4 9013/2/4
f 9014/2/4 9015/2/4 9016/2/4
f 9016/2/4 9015/2/4 9017/2/4
f 9018/5/4 9019/5/4 9021/5/4
f 9021/5/4 9019/5/4 9022/5/4
f 9020/2/4 9021/2/4 9023/2/4
f 9023/2/4 9021/2/4 9024/2/4
f 9025/2/4 9026/2/4 9027/2/4
f 9027/2/4 9026/2/4 9028/2/4
f 9029/2/4 9030/2/4 9031/2/4
f 9031/2/4 9030/2/4 9032/2/4
f 9033/5/4 9034/5/4 9035/5/4
f 9035/5/4 9034/5/4 9036/5/4
f 9037/2/4 9038/2/4 9039/2/4
f 9039/2/4 9038/2/4 9040/2/4
f 9041/2/4 9042/2/4 9043/2/4
f 9043/2/4 9042/2/4 9044/2/4
f 9045/2/4 9046/2/4 9047/2/4
f 9047/2/4 9046/2/4 9048/2/4
f 9048/2/4 9046/2/4 9049/2/4
f 9050/2/4 9051/2/4 9052/2/4
f 9052/2/4 9051/2/4 9053/2/4
f 9053/2/4 9051/2/4 9054/2/4
f 9055/2/4 9056/2/4 9057/2/4
f 9057/2/4 9056/2/4 9058/2/4
f 9059/6/4 9060/6/4 9061/6/4
f 9061/6/4 9060/6/4 9062/6/4
f 9063/2/4 9064/2/4 9065/2/4
f 9065/2/4 9064/2/4 9066/2/4
f 9067/2/4 9068/2/4 9069/2/4
f 9069/2/4 9068/2/4 9070/2/4
f 9071/2/4 9072/2/4 9073/2/4
f 9073/2/4 9072/2/4 9074/2/4
f 9075/15/4 9076/15/4 9077/15/4
f 9077/15/4 9076/15/4 9078/15/4
f 9079/2/4 9080/2/4 9081/2/4
f 9081/2/4 9080/2/4 9082/2/4
f 9083/2/4 9084/2/4 9085/2/4
f 9085/2/4 9084/2/4 9086/2/4
f 9087/14/4 9088/14/4 9097/14/4
f 9088/13/4 9089/13/4 9098/13/4
f 9097/14/4 9088/14/4 9098/14/4
f 9089/12/4 9090/12/4 9099/12/4
f 9098/13/4 9089/13/4 9099/13/4
f 9099/12/4 9090/12/4 9100/12/4
f 9090/11/4 9091/11/4 9101/11/4
f 9100/12/4 9090/12/4 9101/12/4
f 9101/11/4 9091/11/4 9102/11/4
f 9091/8/4 9092/8/4 9103/8/4
f 9102/11/4 9091/11/4 9103/11/4
f 9092/11/4 9093/11/4 9104/11/4
f 9103/8/4 9092/8/4 9104/8/4
f 9104/11/4 9093/11/4 9105/11/4
f 9093/12/4 9094/12/4 9106/12/4
f 9105/11/4 9093/11/4 9106/11/4
f 9106/12/4 9094/12/4 9107/12/4
f 9094/13/4 9095/13/4 9108/13/4
f 9107/12/4 9094/12/4 9108/12/4
f 9095/14/4 9096/14/4 9109/14/4
f 9108/13/4 9095/13/4 9109/13/4
f 9109/14/4 9096/14/4 9110/14/4
f 9087/14/4 9097/14/4 9111/14/4
f 9097/13/4 9098/13/4 9112/13/4
f 9111/14/4 9097/14/4 9112/14/4
f 9099/12/4 9100/12/4 9113/12/4
f 9112/13/4 9098/13/4 9113/13/4
f 9098/12/4 9099/12/4 9113/12/4
f 9113/12/4 9100/12/4 9114/12/4
f 9101/10/4 9102/10/4 9115/10/4
f 9114/12/4 9100/12/4 9115/12/4
f 9100/10/4 9101/10/4 9115/10/4
f 9115/10/4 9102/10/4 9116/10/4
f 9102/9/4 9103/9/4 9117/9/4
f 9116/10/4 9102/10/4 9117/10/4
f 9104/9/4 9105/9/4 9117/9/4
f 9103/9/4 9104/9/4 9117/9/4
f 9117/9/4 9105/9/4 9118/9/4
f 9118/9/4 9105/9/4 9119/9/4
f 9106/10/4 9107/10/4 9120/10/4
f 9119/9/4 9105/9/4 9120/9/4
f 9105/10/4 9106/10/4 9120/10/4
f 9120/10/4 9107/10/4 9121/10/4
f 9107/12/4 9108/12/4 9122/12/4
f 9121/10/4 9107/10/4 9122/10/4
f 9108/12/4 9109/12/4 9122/12/4
f 9122/12/4 9109/12/4 9123/12/4
f 9109/13/4 9110/13/4 9124/13/4
f 9123/12/4 9109/12/4 9124/12/4
f 9110/14/4 9096/14/4 9125/14/4
f 9124/13/4 9110/13/4 9125/13/4
f 9125/14/4 9096/14/4 9126/14/4
f 9113/12/4 9114/12/4 9127/12/4
f 9112/12/4 9113/12/4 9127/12/4
f 9115/10/4 9116/10/4 9128/10/4
f 9127/12/4 9114/12/4 9128/12/4
f 9114/10/4 9115/10/4 9128/10/4
f 9128/10/4 9116/10/4 9129/10/4
f 9117/9/4 9118/9/4 9130/9/4
f 9129/10/4 9116/10/4 9130/10/4
f 9116/9/4 9117/9/4 9130/9/4
f 9130/9/4 9118/9/4 9131/9/4
f 9118/2/4 9119/2/4 9132/2/4
f 9131/9/4 9118/9/4 9132/9/4
f 9120/9/4 9121/9/4 9133/9/4
f 9132/2/4 9119/2/4 9133/2/4
f 9119/9/4 9120/9/4 9133/9/4
f 9133/9/4 9121/9/4 9134/9/4
f 9122/10/4 9123/10/4 9135/10/4
f 9134/9/4 9121/9/4 9135/9/4
f 9121/10/4 9122/10/4 9135/10/4
f 9135/10/4 9123/10/4 9136/10/4
f 9123/12/4 9124/12/4 9137/12/4
f 9136/10/4 9123/10/4 9137/10/4
f 9124/12/4 9125/12/4 9137/12/4
f 9137/12/4 9125/12/4 9138/12/4
f 9111/13/4 9112/13/4 9139/13/4
f 9112/12/4 9127/12/4 9140/12/4
f 9139/13/4 9112/13/4 9140/13/4
f 9128/10/4 9129/10/4 9141/10/4
f 9127/10/4 9128/10/4 9141/10/4
f 9130/9/4 9131/9/4 9142/9/4
f 9141/10/4 9129/10/4 9142/10/4
f 9129/9/4 9130/9/4 9142/9/4
f 9142/9/4 9131/9/4 9143/9/4
f 9131/2/4 9132/2/4 9144/2/4
f 9143/9/4 9131/9/4 9144/9/4
f 9133/2/4 9134/2/4 9144/2/4
f 9132/2/4 9133/2/4 9144/2/4
f 9144/2/4 9134/2/4 9145/2/4
f 9145/2/4 9134/2/4 9146/2/4
f 9135/9/4 9136/9/4 9147/9/4
f 9146/2/4 9134/2/4 9147/2/4
f 9134/9/4 9135/9/4 9147/9/4
f 9147/9/4 9136/9/4 9148/9/4
f 9137/10/4 9138/10/4 9149/10/4
f 9148/9/4 9136/9/4 9149/9/4
f 9136/10/4 9137/10/4 9149/10/4
f 9149/10/4 9138/10/4 9150/10/4
f 9138/12/4 9125/12/4 9151/12/4
f 9125/13/4 9126/13/4 9151/13/4
f 9151/13/4 9126/13/4 9152/13/4
f 9140/12/4 9127/12/4 9153/12/4
f 9139/12/4 9140/12/4 9153/12/4
f 9127/10/4 9141/10/4 9154/10/4
f 9153/12/4 9127/12/4 9154/12/4
f 9142/9/4 9143/9/4 9155/9/4
f 9141/9/4 9142/9/4 9155/9/4
f 9144/2/4 9145/2/4 9156/2/4
f 9155/9/4 9143/9/4 9156/9/4
f 9143/2/4 9144/2/4 9156/2/4
f 9156/2/4 9145/2/4 9157/2/4
f 9145/3/4 9146/3/4 9158/3/4
f 9157/2/4 9145/2/4 9158/2/4
f 9147/2/4 9148/2/4 9159/2/4
f 9158/3/4 9146/3/4 9159/3/4
f 9146/2/4 9147/2/4 9159/2/4
f 9159/2/4 9148/2/4 9160/2/4
f 9149/9/4 9150/9/4 9161/9/4
f 9160/2/4 9148/2/4 9161/2/4
f 9148/9/4 9149/9/4 9161/9/4
f 9161/9/4 9150/9/4 9162/9/4
f 9150/10/4 9138/10/4 9163/10/4
f 9151/12/4 9152/12/4 9163/12/4
f 9138/12/4 9151/12/4 9163/12/4
f 9163/12/4 9152/12/4 9164/12/4
f 9139/12/4 9153/12/4 9165/12/4
f 9153/10/4 9154/10/4 9166/10/4
f 9165/12/4 9153/12/4 9166/12/4
f 9154/10/4 9141/10/4 9167/10/4
f 9166/10/4 9154/10/4 9167/10/4
f 9141/9/4 9155/9/4 9168/9/4
f 9167/10/4 9141/10/4 9168/10/4
f 9156/2/4 9157/2/4 9169/2/4
f 9155/2/4 9156/2/4 9169/2/4
f 9159/3/4 9160/3/4 9170/3/4
f 9169/2/4 9157/2/4 9170/2/4
f 9157/3/4 9158/3/4 9170/3/4
f 9158/3/4 9159/3/4 9170/3/4
f 9170/3/4 9160/3/4 9171/3/4
f 9171/3/4 9160/3/4 9172/3/4
f 9161/2/4 9162/2/4 9173/2/4
f 9172/3/4 9160/3/4 9173/3/4
f 9160/2/4 9161/2/4 9173/2/4
f 9173/2/4 9162/2/4 9174/2/4
f 9162/9/4 9150/9/4 9175/9/4
f 9163/10/4 9164/10/4 9175/10/4
f 9150/10/4 9163/10/4 9175/10/4
f 9175/10/4 9164/10/4 9176/10/4
f 9164/12/4 9152/12/4 9177/12/4
f 9176/10/4 9164/10/4 9177/10/4
f 9177/12/4 9152/12/4 9178/12/4
f 9165/11/4 9166/11/4 9179/11/4
f 9166/10/4 9167/10/4 9179/10/4
f 9167/9/4 9168/9/4 9180/9/4
f 9179/10/4 9167/10/4 9180/10/4
f 9168/9/4 9155/9/4 9181/9/4
f 9180/9/4 9168/9/4 9181/9/4
f 9155/2/4 9169/2/4 9182/2/4
f 9181/9/4 9155/9/4 9182/9/4
f 9170/3/4 9171/3/4 9183/3/4
f 9169/3/4 9170/3/4 9183/3/4
f 9171/7/4 9172/7/4 9184/7/4
f 9183/3/4 9171/3/4 9184/3/4
f 9173/3/4 9174/3/4 9185/3/4
f 9184/7/4 9172/7/4 9185/7/4
f 9172/3/4 9173/3/4 9185/3/4
f 9185/3/4 9174/3/4 9186/3/4
f 9175/9/4 9176/9/4 9187/9/4
f 9174/2/4 9162/2/4 9187/2/4
f 9162/9/4 9175/9/4 9187/9/4
f 9187/9/4 9176/9/4 9188/9/4
f 9176/10/4 9177/10/4 9189/10/4
f 9188/9/4 9176/9/4 9189/9/4
f 9177/11/4 9178/11/4 9190/11/4
f 9189/10/4 9177/10/4 9190/10/4
f 9165/11/4 9179/11/4 9191/11/4
f 9179/9/4 9180/9/4 9192/9/4
f 9191/11/4 9179/11/4 9192/11/4
f 9180/9/4 9181/9/4 9192/9/4
f 9182/2/4 9169/2/4 9193/2/4
f 9181/2/4 9182/2/4 9193/2/4
f 9169/3/4 9183/3/4 9194/3/4
f 9193/2/4 9169/2/4 9194/2/4
f 9194/3/4 9183/3/4 9195/3/4
f 9183/7/4 9184/7/4 9196/7/4
f 9195/3/4 9183/3/4 9196/3/4
f 9184/4/4 9185/4/4 9197/4/4
f 9196/7/4 9184/7/4 9197/7/4
f 9197/4/4 9185/4/4 9198/4/4
f 9185/7/4 9186/7/4 9199/7/4
f 9198/4/4 9185/4/4 9199/4/4
f 9186/3/4 9174/3/4 9200/3/4
f 9199/7/4 9186/7/4 9200/7/4
f 9200/3/4 9174/3/4 9201/3/4
f 9187/2/4 9188/2/4 9202/2/4
f 9201/3/4 9174/3/4 9202/3/4
f 9174/2/4 9187/2/4 9202/2/4
f 9202/2/4 9188/2/4 9203/2/4
f 9188/9/4 9189/9/4 9204/9/4
f 9189/9/4 9190/9/4 9204/9/4
f 9190/11/4 9178/11/4 9204/11/4
f 9204/11/4 9178/11/4 9205/11/4
f 9192/9/4 9181/9/4 9206/9/4
f 9181/2/4 9193/2/4 9207/2/4
f 9206/9/4 9181/9/4 9207/9/4
f 9194/3/4 9195/3/4 9208/3/4
f 9195/7/4 9196/7/4 9208/7/4
f 9193/3/4 9194/3/4 9208/3/4
f 9196/4/4 9197/4/4 9209/4/4
f 9208/7/4 9196/7/4 9209/7/4
f 9197/7/4 9198/7/4 9210/7/4
f 9209/4/4 9197/4/4 9210/4/4
f 9198/4/4 9199/4/4 9211/4/4
f 9210/7/4 9198/7/4 9211/7/4
f 9199/4/4 9200/4/4 9211/4/4
f 9211/4/4 9200/4/4 9212/4/4
f 9212/4/4 9200/4/4 9213/4/4
f 9203/2/4 9188/2/4 9214/2/4
f 9188/9/4 9204/9/4 9214/9/4
f 9214/9/4 9204/9/4 9215/9/4
f 9209/7/4 9210/7/4 9216/7/4
f 9208/4/4 9209/4/4 9216/4/4
f 9210/4/4 9211/4/4 9217/4/4
f 9216/7/4 9210/7/4 9217/7/4
f 9211/4/4 9212/4/4 9217/4/4
f 9212/7/4 9213/7/4 9218/7/4
f 9213/4/4 9200/4/4 9219/4/4
f 9218/7/4 9213/7/4 9219/7/4
f 9192/9/4 9206/9/4 9220/9/4
f 9206/2/4 9207/2/4 9220/2/4
f 9207/2/4 9193/2/4 9221/2/4
f 9220/2/4 9207/2/4 9221/2/4
f 9193/3/4 9208/3/4 9222/3/4
f 9208/4/4 9216/4/4 9222/4/4
f 9216/4/4 9217/4/4 9222/4/4
f 9222/4/4 9217/4/4 9223/4/4
f 9217/4/4 9212/4/4 9224/4/4
f 9223/4/4 9217/4/4 9224/4/4
f 9212/7/4 9218/7/4 9225/7/4
f 9224/4/4 9212/4/4 9225/4/4
f 9218/4/4 9219/4/4 9226/4/4
f 9225/7/4 9218/7/4 9226/7/4
f 9214/2/4 9215/2/4 9227/2/4
f 9203/2/4 9214/2/4 9227/2/4
f 9215/9/4 9204/9/4 9228/9/4
f 9227/2/4 9215/2/4 9228/2/4
f 9191/8/4 9192/8/4 9229/8/4
f 9192/9/4 9220/9/4 9230/9/4
f 9229/8/4 9192/8/4 9230/8/4
f 9220/9/4 9221/9/4 9230/9/4
f 9221/2/4 9193/2/4 9231/2/4
f 9193/3/4 9222/3/4 9231/3/4
f 9231/3/4 9222/3/4 9232/3/4
f 9222/7/4 9223/7/4 9233/7/4
f 9232/3/4 9222/3/4 9233/3/4
f 9223/4/4 9224/4/4 9234/4/4
f 9233/7/4 9223/7/4 9234/7/4
f 9224/7/4 9225/7/4 9235/7/4
f 9234/4/4 9224/4/4 9235/4/4
f 9225/4/4 9226/4/4 9236/4/4
f 9235/7/4 9225/7/4 9236/7/4
f 9226/4/4 9219/4/4 9237/4/4
f 9236/4/4 9226/4/4 9237/4/4
f 9219/4/4 9200/4/4 9238/4/4
f 9237/4/4 9219/4/4 9238/4/4
f 9200/7/4 9201/7/4 9238/7/4
f 9202/3/4 9203/3/4 9239/3/4
f 9238/7/4 9201/7/4 9239/7/4
f 9201/3/4 9202/3/4 9239/3/4
f 9239/3/4 9203/3/4 9240/3/4
f 9203/2/4 9227/2/4 9241/2/4
f 9240/3/4 9203/3/4 9241/3/4
f 9228/9/4 9204/9/4 9242/9/4
f 9204/8/4 9205/8/4 9242/8/4
f 9227/9/4 9228/9/4 9242/9/4
f 9242/8/4 9205/8/4 9243/8/4
f 9229/11/4 9230/11/4 9244/11/4
f 9230/9/4 9221/9/4 9244/9/4
f 9244/9/4 9221/9/4 9245/9/4
f 9221/2/4 9231/2/4 9246/2/4
f 9245/9/4 9221/9/4 9246/9/4
f 9231/2/4 9232/2/4 9246/2/4
f 9246/2/4 9232/2/4 9247/2/4
f 9232/3/4 9233/3/4 9248/3/4
f 9233/3/4 9234/3/4 9248/3/4
f 9234/7/4 9235/7/4 9248/7/4
f 9248/7/4 9235/7/4 9249/7/4
f 9235/4/4 9236/4/4 9250/4/4
f 9249/7/4 9235/7/4 9250/7/4
f 9236/4/4 9237/4/4 9250/4/4
f 9237/7/4 9238/7/4 9251/7/4
f 9250/4/4 9237/4/4 9251/4/4
f 9251/7/4 9238/7/4 9252/7/4
f 9239/3/4 9240/3/4 9253/3/4
f 9252/7/4 9238/7/4 9253/7/4
f 9238/3/4 9239/3/4 9253/3/4
f 9241/2/4 9227/2/4 9254/2/4
f 9240/2/4 9241/2/4 9254/2/4
f 9227/9/4 9242/9/4 9255/9/4
f 9254/2/4 9227/2/4 9255/2/4
f 9255/9/4 9242/9/4 9256/9/4
f 9242/11/4 9243/11/4 9257/11/4
f 9256/9/4 9242/9/4 9257/9/4
f 9229/11/4 9244/11/4 9258/11/4
f 9244/10/4 9245/10/4 9259/10/4
f 9258/11/4 9244/11/4 9259/11/4
f 9246/9/4 9247/9/4 9260/9/4
f 9259/10/4 9245/10/4 9260/10/4
f 9245/9/4 9246/9/4 9260/9/4
f 9260/9/4 9247/9/4 9261/9/4
f 9248/3/4 9249/3/4 9262/3/4
f 9247/2/4 9232/2/4 9262/2/4
f 9232/3/4 9248/3/4 9262/3/4
f 9262/3/4 9249/3/4 9263/3/4
f 9251/7/4 9252/7/4 9264/7/4
f 9263/3/4 9249/3/4 9264/3/4
f 9249/7/4 9250/7/4 9264/7/4
f 9250/7/4 9251/7/4 9264/7/4
f 9252/3/4 9253/3/4 9265/3/4
f 9264/7/4 9252/7/4 9265/7/4
f 9253/3/4 9240/3/4 9266/3/4
f 9265/3/4 9253/3/4 9266/3/4
f 9240/2/4 9254/2/4 9267/2/4
f 9266/3/4 9240/3/4 9267/3/4
f 9255/9/4 9256/9/4 9268/9/4
f 9254/9/4 9255/9/4 9268/9/4
f 9256/10/4 9257/10/4 9269/10/4
f 9268/9/4 9256/9/4 9269/9/4
f 9257/11/4 9243/11/4 9270/11/4
f 9269/10/4 9257/10/4 9270/10/4
f 9270/11/4 9243/11/4 9271/11/4
f 9260/10/4 9261/10/4 9272/10/4
f 9259/10/4 9260/10/4 9272/10/4
f 9258/12/4 9259/12/4 9272/12/4
f 9272/10/4 9261/10/4 9273/10/4
f 9262/2/4 9263/2/4 9274/2/4
f 9261/9/4 9247/9/4 9274/9/4
f 9247/2/4 9262/2/4 9274/2/4
f 9274/2/4 9263/2/4 9275/2/4
f 9264/3/4 9265/3/4 9276/3/4
f 9275/2/4 9263/2/4 9276/2/4
f 9263/3/4 9264/3/4 9276/3/4
f 9265/3/4 9266/3/4 9276/3/4
f 9276/3/4 9266/3/4 9277/3/4
f 9277/3/4 9266/3/4 9278/3/4
f 9266/2/4 9267/2/4 9279/2/4
f 9278/3/4 9266/3/4 9279/3/4
f 9267/2/4 9254/2/4 9280/2/4
f 9279/2/4 9267/2/4 9280/2/4
f 9254/9/4 9268/9/4 9281/9/4
f 9280/2/4 9254/2/4 9281/2/4
f 9269/10/4 9270/10/4 9282/10/4
f 9268/10/4 9269/10/4 9282/10/4
f 9270/12/4 9271/12/4 9283/12/4
f 9282/10/4 9270/10/4 9283/10/4
f 9272/12/4 9273/12/4 9284/12/4
f 9258/12/4 9272/12/4 9284/12/4
f 9284/12/4 9273/12/4 9285/12/4
f 9273/10/4 9261/10/4 9286/10/4
f 9274/9/4 9275/9/4 9286/9/4
f 9261/9/4 9274/9/4 9286/9/4
f 9286/9/4 9275/9/4 9287/9/4
f 9275/2/4 9276/2/4 9288/2/4
f 9287/9/4 9275/9/4 9288/9/4
f 9276/2/4 9277/2/4 9288/2/4
f 9288/2/4 9277/2/4 9289/2/4
f 9277/3/4 9278/3/4 9290/3/4
f 9289/2/4 9277/2/4 9290/2/4
f 9278/2/4 9279/2/4 9291/2/4
f 9290/3/4 9278/3/4 9291/3/4
f 9279/2/4 9280/2/4 9291/2/4
f 9291/2/4 9280/2/4 9292/2/4
f 9280/9/4 9281/9/4 9293/9/4
f 9292/2/4 9280/2/4 9293/2/4
f 9281/9/4 9268/9/4 9294/9/4
f 9293/9/4 9281/9/4 9294/9/4
f 9268/10/4 9282/10/4 9295/10/4
f 9294/9/4 9268/9/4 9295/9/4
f 9283/12/4 9271/12/4 9296/12/4
f 9282/12/4 9283/12/4 9296/12/4
f 9296/12/4 9271/12/4 9297/12/4
f 9285/12/4 9273/12/4 9298/12/4
f 9286/10/4 9287/10/4 9298/10/4
f 9273/10/4 9286/10/4 9298/10/4
f 9298/10/4 9287/10/4 9299/10/4
f 9288/9/4 9289/9/4 9300/9/4
f 9299/10/4 9287/10/4 9300/10/4
f 9287/9/4 9288/9/4 9300/9/4
f 9300/9/4 9289/9/4 9301/9/4
f 9291/2/4 9292/2/4 9302/2/4
f 9301/9/4 9289/9/4 9302/9/4
f 9289/2/4 9290/2/4 9302/2/4
f 9290/2/4 9291/2/4 9302/2/4
f 9302/2/4 9292/2/4 9303/2/4
f 9303/2/4 9292/2/4 9304/2/4
f 9293/9/4 9294/9/4 9305/9/4
f 9304/2/4 9292/2/4 9305/2/4
f 9292/9/4 9293/9/4 9305/9/4
f 9305/9/4 9294/9/4 9306/9/4
f 9294/10/4 9295/10/4 9307/10/4
f 9306/9/4 9294/9/4 9307/9/4
f 9295/10/4 9282/10/4 9308/10/4
f 9307/10/4 9295/10/4 9308/10/4
f 9282/12/4 9296/12/4 9309/12/4
f 9308/10/4 9282/10/4 9309/10/4
f 9284/13/4 9285/13/4 9310/13/4
f 9298/12/4 9299/12/4 9311/12/4
f 9310/13/4 9285/13/4 9311/13/4
f 9285/12/4 9298/12/4 9311/12/4
f 9311/12/4 9299/12/4 9312/12/4
f 9300/10/4 9301/10/4 9313/10/4
f 9312/12/4 9299/12/4 9313/12/4
f 9299/10/4 9300/10/4 9313/10/4
f 9313/10/4 9301/10/4 9314/10/4
f 9302/9/4 9303/9/4 9315/9/4
f 9314/10/4 9301/10/4 9315/10/4
f 9301/9/4 9302/9/4 9315/9/4
f 9315/9/4 9303/9/4 9316/9/4
f 9303/2/4 9304/2/4 9317/2/4
f 9316/9/4 9303/9/4 9317/9/4
f 9305/9/4 9306/9/4 9318/9/4
f 9317/2/4 9304/2/4 9318/2/4
f 9304/9/4 9305/9/4 9318/9/4
f 9318/9/4 9306/9/4 9319/9/4
f 9306/10/4 9307/10/4 9320/10/4
f 9319/9/4 9306/9/4 9320/9/4
f 9307/10/4 9308/10/4 9320/10/4
f 9320/10/4 9308/10/4 9321/10/4
f 9308/12/4 9309/12/4 9322/12/4
f 9321/10/4 9308/10/4 9322/10/4
f 9309/12/4 9296/12/4 9323/12/4
f 9322/12/4 9309/12/4 9323/12/4
f 9296/13/4 9297/13/4 9324/13/4
f 9323/12/4 9296/12/4 9324/12/4
f 9324/13/4 9297/13/4 9325/13/4
f 9311/13/4 9312/13/4 9326/13/4
f 9310/14/4 9311/14/4 9326/14/4
f 9313/12/4 9314/12/4 9327/12/4
f 9326/13/4 9312/13/4 9327/13/4
f 9312/12/4 9313/12/4 9327/12/4
f 9327/12/4 9314/12/4 9328/12/4
f 9315/10/4 9316/10/4 9329/10/4
f 9328/12/4 9314/12/4 9329/12/4
f 9314/10/4 9315/10/4 9329/10/4
f 9329/10/4 9316/10/4 9330/10/4
f 9318/9/4 9319/9/4 9331/9/4
f 9330/10/4 9316/10/4 9331/10/4
f 9316/9/4 9317/9/4 9331/9/4
f 9317/9/4 9318/9/4 9331/9/4
f 9331/9/4 9319/9/4 9332/9/4
f 9332/9/4 9319/9/4 9333/9/4
f 9320/10/4 9321/10/4 9334/10/4
f 9333/9/4 9319/9/4 9334/9/4
f 9319/10/4 9320/10/4 9334/10/4
f 9334/10/4 9321/10/4 9335/10/4
f 9321/12/4 9322/12/4 9336/12/4
f 9335/10/4 9321/10/4 9336/10/4
f 9322/12/4 9323/12/4 9336/12/4
f 9336/12/4 9323/12/4 9337/12/4
f 9323/13/4 9324/13/4 9338/13/4
f 9337/12/4 9323/12/4 9338/12/4
f 9324/14/4 9325/14/4 9339/14/4
f 9338/13/4 9324/13/4 9339/13/4
f 9310/14/4 9326/14/4 9340/14/4
f 9326/14/4 9327/14/4 9340/14/4
f 9327/13/4 9328/13/4 9341/13/4
f 9340/14/4 9327/14/4 9341/14/4
f 9329/12/4 9330/12/4 9342/12/4
f 9341/13/4 9328/13/4 9342/13/4
f 9328/12/4 9329/12/4 9342/12/4
f 9331/11/4 9332/11/4 9343/11/4
f 9342/12/4 9330/12/4 9343/12/4
f 9330/11/4 9331/11/4 9343/11/4
f 9332/8/4 9333/8/4 9344/8/4
f 9343/11/4 9332/11/4 9344/11/4
f 9334/11/4 9335/11/4 9345/11/4
f 9344/8/4 9333/8/4 9345/8/4
f 9333/11/4 9334/11/4 9345/11/4
f 9335/12/4 9336/12/4 9346/12/4
f 9345/11/4 9335/11/4 9346/11/4
f 9336/12/4 9337/12/4 9346/12/4
f 9337/13/4 9338/13/4 9347/13/4
f 9346/12/4 9337/12/4 9347/12/4
f 9338/14/4 9339/14/4 9348/14/4
f 9347/13/4 9338/13/4 9348/13/4
f 9339/14/4 9325/14/4 9349/14/4
f 9348/14/4 9339/14/4 9349/14/4
f 9350/15/4 9351/15/4 9352/15/4
f 9352/15/4 9351/15/4 9353/15/4
f 9354/2/4 9355/2/4 9356/2/4
f 9356/2/4 9355/2/4 9357/2/4
f 9358/6/4 9359/6/4 9360/6/4
f 9360/6/4 9359/6/4 9361/6/4
f 9362/15/4 9363/15/4 9364/15/4
f 9364/15/4 9363/15/4 9365/15/4
f 9366/13/4 9367/13/4 9375/13/4
f 9367/12/4 9368/12/4 9376/12/4
f 9375/13/4 9367/13/4 9376/13/4
f 9368/11/4 9369/11/4 9377/11/4
f 9376/12/4 9368/12/4 9377/12/4
f 9369/8/4 9370/8/4 9378/8/4
f 9377/11/4 9369/11/4 9378/11/4
f 9378/8/4 9370/8/4 9379/8/4
f 9379/8/4 9370/8/4 9380/8/4
f 9370/11/4 9371/11/4 9381/11/4
f 9380/8/4 9370/8/4 9381/8/4
f 9371/12/4 9372/12/4 9382/12/4
f 9381/11/4 9371/11/4 9382/11/4
f 9372/13/4 9373/13/4 9383/13/4
f 9382/12/4 9372/12/4 9383/12/4
f 9383/13/4 9373/13/4 9384/13/4
f 9373/14/4 9374/14/4 9385/14/4
f 9384/13/4 9373/13/4 9385/13/4
f 9385/14/4 9374/14/4 9386/14/4
f 9375/10/4 9376/10/4 9387/10/4
f 9376/10/4 9377/10/4 9387/10/4
f 9387/10/4 9377/10/4 9388/10/4
f 9377/9/4 9378/9/4 9389/9/4
f 9388/10/4 9377/10/4 9389/10/4
f 9378/9/4 9379/9/4 9389/9/4
f 9389/9/4 9379/9/4 9390/9/4
f 9379/2/4 9380/2/4 9391/2/4
f 9390/9/4 9379/9/4 9391/9/4
f 9380/9/4 9381/9/4 9392/9/4
f 9391/2/4 9380/2/4 9392/2/4
f 9381/9/4 9382/9/4 9392/9/4
f 9392/9/4 9382/9/4 9393/9/4
f 9383/10/4 9384/10/4 9394/10/4
f 9393/9/4 9382/9/4 9394/9/4
f 9382/10/4 9383/10/4 9394/10/4
f 9394/10/4 9384/10/4 9395/10/4
f 9384/12/4 9385/12/4 9396/12/4
f 9395/10/4 9384/10/4 9396/10/4
f 9385/13/4 9386/13/4 9397/13/4
f 9396/12/4 9385/12/4 9397/12/4
f 9389/9/4 9390/9/4 9400/9/4
f 9388/9/4 9389/9/4 9400/9/4
f 9400/9/4 9390/9/4 9401/9/4
f 9392/2/4 9393/2/4 9402/2/4
f 9401/9/4 9390/9/4 9402/9/4
f 9390/2/4 9391/2/4 9402/2/4
f 9391/2/4 9392/2/4 9402/2/4
f 9393/9/4 9394/9/4 9403/9/4
f 9402/2/4 9393/2/4 9403/2/4
f 9394/9/4 9395/9/4 9403/9/4
f 9403/9/4 9395/9/4 9404/9/4
f 9395/10/4 9396/10/4 9405/10/4
f 9404/9/4 9395/9/4 9405/9/4
f 9396/10/4 9397/10/4 9405/10/4
f 9405/10/4 9397/10/4 9406/10/4
f 9397/13/4 9386/13/4 9407/13/4
f 9406/10/4 9397/10/4 9407/10/4
f 9407/13/4 9386/13/4 9408/13/4
f 9398/10/4 9399/10/4 9409/10/4
f 9409/10/4 9399/10/4 9410/10/4
f 9400/2/4 9401/2/4 9411/2/4
f 9403/3/4 9404/3/4 9412/3/4
f 9402/3/4 9403/3/4 9412/3/4
f 9411/2/4 9401/2/4 9412/2/4
f 9401/3/4 9402/3/4 9412/3/4
f 9412/3/4 9404/3/4 9413/3/4
f 9413/3/4 9404/3/4 9414/3/4
f 9404/2/4 9405/2/4 9415/2/4
f 9414/3/4 9404/3/4 9415/3/4
f 9405/9/4 9406/9/4 9416/9/4
f 9415/2/4 9405/2/4 9416/2/4
f 9406/10/4 9407/10/4 9417/10/4
f 9416/9/4 9406/9/4 9417/9/4
f 9407/12/4 9408/12/4 9418/12/4
f 9417/10/4 9407/10/4 9418/10/4
f 9418/12/4 9408/12/4 9419/12/4
f 9410/9/4 9411/9/4 9420/9/4
f 9420/9/4 9411/9/4 9421/9/4
f 9413/7/4 9414/7/4 9422/7/4
f 9412/3/4 9413/3/4 9422/3/4
f 9414/3/4 9415/3/4 9423/3/4
f 9422/7/4 9414/7/4 9423/7/4
f 9415/3/4 9416/3/4 9423/3/4
f 9416/9/4 9417/9/4 9424/9/4
f 9423/3/4 9416/3/4 9424/3/4
f 9417/9/4 9418/9/4 9424/9/4
f 9424/9/4 9418/9/4 9425/9/4
f 9412/3/4 9422/3/4 9426/3/4
f 9422/4/4 9423/4/4 9427/4/4
f 9426/3/4 9422/3/4 9427/3/4
f 9427/4/4 9423/4/4 9428/4/4
f 9428/4/4 9423/4/4 9429/4/4
f 9423/3/4 9424/3/4 9430/3/4
f 9429/4/4 9423/4/4 9430/4/4
f 9430/3/4 9424/3/4 9431/3/4
f 9425/9/4 9418/9/4 9432/9/4
f 9424/2/4 9425/2/4 9432/2/4
f 9418/11/4 9419/11/4 9433/11/4
f 9432/9/4 9418/9/4 9433/9/4
f 9433/11/4 9419/11/4 9434/11/4
f 9426/4/4 9427/4/4 9435/4/4
f 9427/4/4 9428/4/4 9435/4/4
f 9435/4/4 9428/4/4 9436/4/4
f 9428/7/4 9429/7/4 9437/7/4
f 9436/4/4 9428/4/4 9437/4/4
f 9429/4/4 9430/4/4 9438/4/4
f 9437/7/4 9429/7/4 9438/7/4
f 9430/7/4 9431/7/4 9439/7/4
f 9438/4/4 9430/4/4 9439/4/4
f 9431/3/4 9424/3/4 9440/3/4
f 9439/7/4 9431/7/4 9440/7/4
f 9424/2/4 9432/2/4 9441/2/4
f 9432/2/4 9433/2/4 9441/2/4
f 9433/8/4 9434/8/4 9442/8/4
f 9441/2/4 9433/2/4 9442/2/4
f 9442/8/4 9434/8/4 9443/8/4
f 9437/4/4 9438/4/4 9444/4/4
f 9436/7/4 9437/7/4 9444/7/4
f 9438/7/4 9439/7/4 9445/7/4
f 9444/4/4 9438/4/4 9445/4/4
f 9440/3/4 9424/3/4 9446/3/4
f 9424/2/4 9441/2/4 9446/2/4
f 9439/3/4 9440/3/4 9446/3/4
f 9441/9/4 9442/9/4 9447/9/4
f 9446/2/4 9441/2/4 9447/2/4
f 9436/7/4 9444/7/4 9448/7/4
f 9444/7/4 9445/7/4 9448/7/4
f 9445/7/4 9439/7/4 9449/7/4
f 9448/7/4 9445/7/4 9449/7/4
f 9439/3/4 9446/3/4 9449/3/4
f 9446/9/4 9447/9/4 9450/9/4
f 9449/3/4 9446/3/4 9450/3/4
f 9447/9/4 9442/9/4 9451/9/4
f 9450/9/4 9447/9/4 9451/9/4
f 9442/11/4 9443/11/4 9452/11/4
f 9451/9/4 9442/9/4 9452/9/4
f 9452/11/4 9443/11/4 9453/11/4
f 9448/3/4 9449/3/4 9454/3/4
f 9449/2/4 9450/2/4 9455/2/4
f 9454/3/4 9449/3/4 9455/3/4
f 9450/9/4 9451/9/4 9456/9/4
f 9455/2/4 9450/2/4 9456/2/4
f 9451/10/4 9452/10/4 9457/10/4
f 9456/9/4 9451/9/4 9457/9/4
f 9452/12/4 9453/12/4 9458/12/4
f 9457/10/4 9452/10/4 9458/10/4
f 9458/12/4 9453/12/4 9459/12/4
f 9454/2/4 9455/2/4 9461/2/4
f 9461/2/4 9455/2/4 9462/2/4
f 9462/2/4 9455/2/4 9463/2/4
f 9455/9/4 9456/9/4 9464/9/4
f 9463/2/4 9455/2/4 9464/2/4
f 9464/9/4 9456/9/4 9465/9/4
f 9456/10/4 9457/10/4 9466/10/4
f 9465/9/4 9456/9/4 9466/9/4
f 9457/10/4 9458/10/4 9466/10/4
f 9466/10/4 9458/10/4 9467/10/4
f 9458/13/4 9459/13/4 9468/13/4
f 9467/10/4 9458/10/4 9468/10/4
f 9460/9/4 9461/9/4 9469/9/4
f 9461/9/4 9462/9/4 9469/9/4
f 9469/9/4 9462/9/4 9470/9/4
f 9462/2/4 9463/2/4 9471/2/4
f 9470/9/4 9462/9/4 9471/9/4
f 9464/9/4 9465/9/4 9472/9/4
f 9471/2/4 9463/2/4 9472/2/4
f 9463/9/4 9464/9/4 9472/9/4
f 9472/9/4 9465/9/4 9473/9/4
f 9466/10/4 9467/10/4 9474/10/4
f 9473/9/4 9465/9/4 9474/9/4
f 9465/10/4 9466/10/4 9474/10/4
f 9474/10/4 9467/10/4 9475/10/4
f 9467/12/4 9468/12/4 9476/12/4
f 9475/10/4 9467/10/4 9476/10/4
f 9468/13/4 9459/13/4 9477/13/4
f 9476/12/4 9468/12/4 9477/12/4
f 9477/13/4 9459/13/4 9478/13/4
f 9469/11/4 9470/11/4 9479/11/4
f 9470/8/4 9471/8/4 9480/8/4
f 9479/11/4 9470/11/4 9480/11/4
f 9472/8/4 9473/8/4 9480/8/4
f 9471/8/4 9472/8/4 9480/8/4
f 9473/11/4 9474/11/4 9481/11/4
f 9480/8/4 9473/8/4 9481/8/4
f 9474/12/4 9475/12/4 9482/12/4
f 9481/11/4 9474/11/4 9482/11/4
f 9475/13/4 9476/13/4 9483/13/4
f 9482/12/4 9475/12/4 9483/12/4
f 9476/13/4 9477/13/4 9483/13/4
f 9477/14/4 9478/14/4 9484/14/4
f 9483/13/4 9477/13/4 9484/13/4
f 9484/14/4 9478/14/4 9485/14/4
f 9486/15/4 9487/15/4 9488/15/4
f 9488/15/4 9487/15/4 9489/15/4
f 9490/5/4 9491/5/4 9492/5/4
f 9492/5/4 9491/5/4 9493/5/4
f 9494/5/4 9495/5/4 9496/5/4
f 9496/5/4 9495/5/4 9497/5/4
f 9498/5/4 9499/5/4 9500/5/4
f 9500/5/4 9499/5/4 9501/5/4
f 9502/13/4 9503/13/4 9508/13/4
f 9503/11/4 9504/11/4 9509/11/4
f 9508/13/4 9503/13/4 9509/13/4
f 9504/9/4 9505/9/4 9510/9/4
f 9509/11/4 9504/11/4 9510/11/4
f 9505/11/4 9506/11/4 9511/11/4
f 9510/9/4 9505/9/4 9511/9/4
f 9506/13/4 9507/13/4 9512/13/4
f 9511/11/4 9506/11/4 9512/11/4
f 9512/13/4 9507/13/4 9513/13/4
f 9508/11/4 9509/11/4 9514/11/4
f 9509/3/4 9510/3/4 9515/3/4
f 9514/11/4 9509/11/4 9515/11/4
f 9510/7/4 9511/7/4 9516/7/4
f 9515/3/4 9510/3/4 9516/3/4
f 9511/3/4 9512/3/4 9517/3/4
f 9516/7/4 9511/7/4 9517/7/4
f 9512/11/4 9513/11/4 9518/11/4
f 9517/3/4 9512/3/4 9518/3/4
f 9518/11/4 9513/11/4 9519/11/4
f 9514/8/4 9515/8/4 9520/8/4
f 9515/7/4 9516/7/4 9521/7/4
f 9520/8/4 9515/8/4 9521/8/4
f 9516/4/4 9517/4/4 9522/4/4
f 9521/7/4 9516/7/4 9522/7/4
f 9517/7/4 9518/7/4 9523/7/4
f 9522/4/4 9517/4/4 9523/4/4
f 9518/9/4 9519/9/4 9524/9/4
f 9523/7/4 9518/7/4 9524/7/4
f 9524/9/4 9519/9/4 9525/9/4
f 9520/11/4 9521/11/4 9526/11/4
f 9521/3/4 9522/3/4 9526/3/4
f 9522/7/4 9523/7/4 9527/7/4
f 9526/3/4 9522/3/4 9527/3/4
f 9523/3/4 9524/3/4 9528/3/4
f 9527/7/4 9523/7/4 9528/7/4
f 9524/11/4 9525/11/4 9529/11/4
f 9528/3/4 9524/3/4 9529/3/4
f 9529/11/4 9525/11/4 9530/11/4
f 9520/11/4 9526/11/4 9531/11/4
f 9526/11/4 9527/11/4 9531/11/4
f 9527/9/4 9528/9/4 9532/9/4
f 9531/11/4 9527/11/4 9532/11/4
f 9528/11/4 9529/11/4 9533/11/4
f 9532/9/4 9528/9/4 9533/9/4
f 9529/13/4 9530/13/4 9534/13/4
f 9533/11/4 9529/11/4 9534/11/4
f 9534/13/4 9530/13/4 9535/13/4
f 9536/5/4 9537/5/4 9539/5/4
f 9539/5/4 9537/5/4 9540/5/4
f 9538/2/4 9539/2/4 9541/2/4
f 9541/2/4 9539/2/4 9542/2/4
f 9543/5/4 9544/5/4 9546/5/4
f 9545/2/4 9546/2/4 9547/2/4
f 9546/5/4 9544/5/4 9548/5/4
f 9547/2/4 9546/2/4 9548/2/4
f 9548/5/4 9544/5/4 9549/5/4
f 9549/5/4 9544/5/4 9550/5/4
f 9550/5/4 9551/5/4 9552/5/4
f 9552/5/4 9551/5/4 9553/5/4
f 9553/5/4 9551/5/4 9554/5/4
f 9555/15/4 9556/15/4 9557/15/4
f 9557/15/4 9556/15/4 9558/15/4
f 9559/13/4 9560/13/4 9566/13/4
f 9566/13/4 9560/13/4 9567/13/4
f 9561/8/4 9562/8/4 9568/8/4
f 9562/11/4 9563/11/4 9569/11/4
f 9568/8/4 9562/8/4 9569/8/4
f 9563/13/4 9564/13/4 9570/13/4
f 9569/11/4 9563/11/4 9570/11/4
f 9564/14/4 9565/14/4 9571/14/4
f 9570/13/4 9564/13/4 9571/13/4
f 9571/14/4 9565/14/4 9572/14/4
f 9569/9/4 9570/9/4 9573/9/4
f 9568/9/4 9569/9/4 9573/9/4
f 9573/9/4 9570/9/4 9574/9/4
f 9566/10/4 9567/10/4 9575/10/4
f 9575/10/4 9567/10/4 9576/10/4
f 9573/2/4 9574/2/4 9577/2/4
f 9574/9/4 9570/9/4 9578/9/4
f 9577/2/4 9574/2/4 9578/2/4
f 9570/10/4 9571/10/4 9579/10/4
f 9578/9/4 9570/9/4 9579/9/4
f 9571/13/4 9572/13/4 9580/13/4
f 9579/10/4 9571/10/4 9580/10/4
f 9580/13/4 9572/13/4 9581/13/4
f 9578/5/4 9579/5/4 9582/5/4
f 9577/5/4 9578/5/4 9582/5/4
f 9582/5/4 9579/5/4 9583/5/4
f 9580/12/4 9581/12/4 9584/12/4
f 9579/9/4 9580/9/4 9584/9/4
f 9584/12/4 9581/12/4 9585/12/4
f 9582/7/4 9583/7/4 9587/7/4
f 9583/5/4 9579/5/4 9588/5/4
f 9587/7/4 9583/7/4 9588/7/4
f 9579/9/4 9584/9/4 9589/9/4
f 9588/5/4 9579/5/4 9589/5/4
f 9584/11/4 9585/11/4 9590/11/4
f 9589/9/4 9584/9/4 9590/9/4
f 9586/4/4 9587/4/4 9591/4/4
f 9587/4/4 9588/4/4 9591/4/4
f 9588/5/4 9589/5/4 9592/5/4
f 9591/4/4 9588/4/4 9592/4/4
f 9589/2/4 9590/2/4 9593/2/4
f 9592/5/4 9589/5/4 9593/5/4
f 9590/11/4 9585/11/4 9594/11/4
f 9593/2/4 9590/2/4 9594/2/4
f 9591/7/4 9592/7/4 9595/7/4
f 9592/5/4 9593/5/4 9596/5/4
f 9595/7/4 9592/7/4 9596/7/4
f 9593/9/4 9594/9/4 9597/9/4
f 9596/5/4 9593/5/4 9597/5/4
f 9594/11/4 9585/11/4 9598/11/4
f 9597/9/4 9594/9/4 9598/9/4
f 9598/11/4 9585/11/4 9599/11/4
f 9595/3/4 9596/3/4 9600/3/4
f 9596/2/4 9597/2/4 9601/2/4
f 9600/3/4 9596/3/4 9601/3/4
f 9597/9/4 9598/9/4 9602/9/4
f 9601/2/4 9597/2/4 9602/2/4
f 9598/12/4 9599/12/4 9603/12/4
f 9602/9/4 9598/9/4 9603/9/4
f 9603/12/4 9599/12/4 9604/12/4
f 9600/2/4 9601/2/4 9605/2/4
f 9601/9/4 9602/9/4 9606/9/4
f 9605/2/4 9601/2/4 9606/2/4
f 9605/9/4 9606/9/4 9607/9/4
f 9606/9/4 9602/9/4 9608/9/4
f 9607/9/4 9606/9/4 9608/9/4
f 9602/10/4 9603/10/4 9609/10/4
f 9608/9/4 9602/9/4 9609/9/4
f 9603/13/4 9604/13/4 9610/13/4
f 9609/10/4 9603/10/4 9610/10/4
f 9610/13/4 9604/13/4 9611/13/4
f 9607/8/4 9608/8/4 9612/8/4
f 9608/11/4 9609/11/4 9613/11/4
f 9612/8/4 9608/8/4 9613/8/4
f 9609/13/4 9610/13/4 9614/13/4
f 9613/11/4 9609/11/4 9614/11/4
f 9610/14/4 9611/14/4 9615/14/4
f 9614/13/4 9610/13/4 9615/13/4
f 9615/14/4 9611/14/4 9616/14/4
f 9617/5/4 9618/5/4 9619/5/4
f 9617/5/4 9619/5/4 9621/5/4
f 9619/5/4 9620/5/4 9621/5/4
f 9621/5/4 9620/5/4 9622/5/4
f 9622/5/4 9620/5/4 9623/5/4
f 9622/5/4 9623/5/4 9624/5/4
f 9622/5/4 9624/5/4 9625/5/4
f 9625/5/4 9624/5/4 9626/5/4
f 9627/15/4 9628/15/4 9629/15/4
f 9629/15/4 9628/15/4 9630/15/4
f 9631/15/4 9632/15/4 9633/15/4
f 9633/15/4 9632/15/4 9634/15/4
f 9635/6/4 9636/6/4 9637/6/4
f 9637/6/4 9636/6/4 9638/6/4
f 9639/5/4 9640/5/4 9641/5/4
f 9641/5/4 9640/5/4 9642/5/4
f 9643/5/4 9644/5/4 9645/5/4
f 9645/5/4 9644/5/4 9646/5/4
f 9647/6/4 9648/6/4 9649/6/4
f 9649/6/4 9648/6/4 9650/6/4
f 9651/15/4 9652/15/4 9653/15/4
f 9653/15/4 9652/15/4 9654/15/4
f 9655/5/4 9656/5/4 9658/5/4
f 9658/5/4 9656/5/4 9659/5/4
f 9657/5/4 9658/5/4 9660/5/4
f 9660/5/4 9658/5/4 9661/5/4
f 9662/5/4 9663/5/4 9664/5/4
f 9664/5/4 9663/5/4 9665/5/4
f 9666/2/4 9667/2/4 9668/2/4
f 9668/2/4 9667/2/4 9669/2/4
f 9670/15/4 9671/15/4 9672/15/4
f 9672/15/4 9671/15/4 9673/15/4
f 9674/2/4 9675/2/4 9676/2/4
f 9676/2/4 9675/2/4 9677/2/4
f 9678/5/4 9679/5/4 9680/5/4
f 9680/5/4 9679/5/4 9682/5/4
f 9681/3/4 9682/3/4 9683/3/4
f 9682/5/4 9679/5/4 9684/5/4
f 9683/3/4 9682/3/4 9684/3/4
f 9684/5/4 9679/5/4 9685/5/4
f 9686/5/4 9687/5/4 9689/5/4
f 9689/5/4 9687/5/4 9690/5/4
f 9688/5/4 9689/5/4 9692/5/4
f 9692/5/4 9689/5/4 9693/5/4
f 9691/5/4 9692/5/4 9694/5/4
f 9694/5/4 9692/5/4 9695/5/4
f 9696/6/4 9697/6/4 9698/6/4
f 9698/6/4 9697/6/4 9699/6/4
f 9700/2/4 9701/2/4 9702/2/4
f 9702/2/4 9701/2/4 9703/2/4
f 9704/15/4 9705/15/4 9706/15/4
f 9706/15/4 9705/15/4 9707/15/4
f 9708/15/4 9709/15/4 9710/15/4
f 9710/15/4 9709/15/4 9711/15/4
f 9712/2/4 9713/2/4 9714/2/4
f 9714/2/4 9713/2/4 9715/2/4
f 9716/2/4 9717/2/4 9719/2/4
f 9717/5/4 9718/5/4 9720/5/4
f 9719/2/4 9717/2/4 9720/2/4
f 9720/5/4 9718/5/4 9721/5/4
f 9722/6/4 9723/6/4 9724/6/4
f 9724/6/4 9723/6/4 9725/6/4
f 9726/15/4 9727/15/4 9728/15/4
f 9728/15/4 9727/15/4 9729/15/4
f 9730/2/4 9731/2/4 9732/2/4
f 9732/2/4 9731/2/4 9733/2/4
f 9734/2/4 9735/2/4 9736/2/4
f 9736/2/4 9735/2/4 9737/2/4
f 9738/6/4 9739/6/4 9740/6/4
f 9738/6/4 9740/6/4 9742/6/4
f 9740/6/4 9741/6/4 9742/6/4
f 9742/6/4 9741/6/4 9743/6/4
f 9738/6/4 9742/6/4 9745/6/4
f 9745/6/4 9742/6/4 9746/6/4
f 9743/2/4 9744/2/4 9747/2/4
f 9747/2/4 9744/2/4 9748/2/4
f 9749/15/4 9750/15/4 9751/15/4
f 9751/15/4 9750/15/4 9752/15/4
f 9753/2/4 9754/2/4 9755/2/4
f 9755/2/4 9754/2/4 9756/2/4
f 9757/3/4 9758/3/4 9759/3/4
f 9759/3/4 9758/3/4 9760/3/4
f 9761/6/4 9762/6/4 9763/6/4
f 9763/6/4 9762/6/4 9764/6/4
f 9765/15/4 9766/15/4 9767/15/4
f 9767/15/4 9766/15/4 9768/15/4
f 9769/15/4 9770/15/4 9771/15/4
f 9771/15/4 9770/15/4 9772/15/4
f 9773/2/4 9774/2/4 9775/2/4
f 9775/2/4 9774/2/4 9776/2/4
f 9777/6/4 9778/6/4 9785/6/4
f 9785/6/4 9778/6/4 9786/6/4
f 9779/11/4 9780/11/4 9788/11/4
f 9780/8/4 9781/8/4 9789/8/4
f 9788/11/4 9780/11/4 9789/11/4
f 9781/11/4 9782/11/4 9790/11/4
f 9789/8/4 9781/8/4 9790/8/4
f 9782/12/4 9783/12/4 9791/12/4
f 9790/11/4 9782/11/4 9791/11/4
f 9783/14/4 9784/14/4 9792/14/4
f 9791/12/4 9783/12/4 9792/12/4
f 9792/14/4 9784/14/4 9793/14/4
f 9787/1/4 9788/1/4 9796/1/4
f 9788/2/4 9789/2/4 9797/2/4
f 9796/1/4 9788/1/4 9797/1/4
f 9789/3/4 9790/3/4 9798/3/4
f 9797/2/4 9789/2/4 9798/2/4
f 9790/2/4 9791/2/4 9799/2/4
f 9798/3/4 9790/3/4 9799/3/4
f 9791/1/4 9792/1/4 9800/1/4
f 9799/2/4 9791/2/4 9800/2/4
f 9792/12/4 9793/12/4 9801/12/4
f 9800/1/4 9792/1/4 9801/1/4
f 9801/12/4 9793/12/4 9802/12/4
f 9796/2/4 9797/2/4 9803/2/4
f 9797/3/4 9798/3/4 9804/3/4
f 9803/2/4 9797/2/4 9804/2/4
f 9798/7/4 9799/7/4 9805/7/4
f 9804/3/4 9798/3/4 9805/3/4
f 9799/3/4 9800/3/4 9806/3/4
f 9805/7/4 9799/7/4 9806/7/4
f 9800/2/4 9801/2/4 9807/2/4
f 9806/3/4 9800/3/4 9807/3/4
f 9801/11/4 9802/11/4 9808/11/4
f 9807/2/4 9801/2/4 9808/2/4
f 9803/3/4 9804/3/4 9809/3/4
f 9804/7/4 9805/7/4 9810/7/4
f 9809/3/4 9804/3/4 9810/3/4
f 9805/4/4 9806/4/4 9811/4/4
f 9810/7/4 9805/7/4 9811/7/4
f 9806/7/4 9807/7/4 9812/7/4
f 9811/4/4 9806/4/4 9812/4/4
f 9807/3/4 9808/3/4 9813/3/4
f 9812/7/4 9807/7/4 9813/7/4
f 9808/11/4 9802/11/4 9814/11/4
f 9813/3/4 9808/3/4 9814/3/4
f 9809/2/4 9810/2/4 9815/2/4
f 9810/3/4 9811/3/4 9816/3/4
f 9815/2/4 9810/2/4 9816/2/4
f 9811/7/4 9812/7/4 9817/7/4
f 9816/3/4 9811/3/4 9817/3/4
f 9812/3/4 9813/3/4 9818/3/4
f 9817/7/4 9812/7/4 9818/7/4
f 9813/2/4 9814/2/4 9819/2/4
f 9818/3/4 9813/3/4 9819/3/4
f 9814/11/4 9802/11/4 9820/11/4
f 9819/2/4 9814/2/4 9820/2/4
f 9820/11/4 9802/11/4 9821/11/4
f 9794/6/4 9795/6/4 9822/6/4
f 9822/6/4 9795/6/4 9823/6/4
f 9815/1/4 9816/1/4 9824/1/4
f 9816/2/4 9817/2/4 9825/2/4
f 9824/1/4 9816/1/4 9825/1/4
f 9817/3/4 9818/3/4 9826/3/4
f 9825/2/4 9817/2/4 9826/2/4
f 9818/2/4 9819/2/4 9827/2/4
f 9826/3/4 9818/3/4 9827/3/4
f 9819/1/4 9820/1/4 9828/1/4
f 9827/2/4 9819/2/4 9828/2/4
f 9820/12/4 9821/12/4 9829/12/4
f 9828/1/4 9820/1/4 9829/1/4
f 9829/12/4 9821/12/4 9830/12/4
f 9825/11/4 9826/11/4 9831/11/4
f 9826/8/4 9827/8/4 9832/8/4
f 9831/11/4 9826/11/4 9832/11/4
f 9827/11/4 9828/11/4 9833/11/4
f 9832/8/4 9827/8/4 9833/8/4
f 9828/12/4 9829/12/4 9834/12/4
f 9833/11/4 9828/11/4 9834/11/4
f 9829/14/4 9830/14/4 9835/14/4
f 9834/12/4 9829/12/4 9835/12/4
f 9835/14/4 9830/14/4 9836/14/4
f 9837/15/4 9838/15/4 9839/15/4
f 9839/15/4 9838/15/4 9840/15/4
f 9841/15/4 9842/15/4 9843/15/4
f 9843/15/4 9842/15/4 9844/15/4
f 9845/3/4 9846/3/4 9847/3/4
f 9847/3/4 9846/3/4 9848/3/4
f 9849/8/4 9850/8/4 9854/8/4
f 9850/2/4 9851/2/4 9855/2/4
f 9854/8/4 9850/8/4 9855/8/4
f 9851/8/4 9852/8/4 9856/8/4
f 9855/2/4 9851/2/4 9856/2/4
f 9852/13/4 9853/13/4 9857/13/4
f 9856/8/4 9852/8/4 9857/8/4
f 9857/13/4 9853/13/4 9858/13/4
f 9849/8/4 9854/8/4 9859/8/4
f 9854/3/4 9855/3/4 9860/3/4
f 9859/8/4 9854/8/4 9860/8/4
f 9855/7/4 9856/7/4 9861/7/4
f 9860/3/4 9855/3/4 9861/3/4
f 9856/3/4 9857/3/4 9862/3/4
f 9861/7/4 9856/7/4 9862/7/4
f 9857/11/4 9858/11/4 9863/11/4
f 9862/3/4 9857/3/4 9863/3/4
f 9863/11/4 9858/11/4 9864/11/4
f 9859/2/4 9860/2/4 9865/2/4
f 9860/7/4 9861/7/4 9866/7/4
f 9865/2/4 9860/2/4 9866/2/4
f 9861/4/4 9862/4/4 9867/4/4
f 9866/7/4 9861/7/4 9867/7/4
f 9862/7/4 9863/7/4 9868/7/4
f 9867/4/4 9862/4/4 9868/4/4
f 9863/8/4 9864/8/4 9869/8/4
f 9868/7/4 9863/7/4 9869/7/4
f 9869/8/4 9864/8/4 9870/8/4
f 9865/8/4 9866/8/4 9871/8/4
f 9866/3/4 9867/3/4 9872/3/4
f 9871/8/4 9866/8/4 9872/8/4
f 9867/7/4 9868/7/4 9873/7/4
f 9872/3/4 9867/3/4 9873/3/4
f 9868/3/4 9869/3/4 9874/3/4
f 9873/7/4 9868/7/4 9874/7/4
f 9869/11/4 9870/11/4 9875/11/4
f 9874/3/4 9869/3/4 9875/3/4
f 9875/11/4 9870/11/4 9876/11/4
f 9871/11/4 9872/11/4 9877/11/4
f 9877/11/4 9872/11/4 9878/11/4
f 9873/2/4 9874/2/4 9879/2/4
f 9874/8/4 9875/8/4 9880/8/4
f 9879/2/4 9874/2/4 9880/2/4
f 9875/13/4 9876/13/4 9881/13/4
f 9880/8/4 9875/8/4 9881/8/4
f 9881/13/4 9876/13/4 9882/13/4
f 9883/6/4 9884/6/4 9885/6/4
f 9885/6/4 9884/6/4 9886/6/4
f 9887/15/4 9888/15/4 9889/15/4
f 9889/15/4 9888/15/4 9890/15/4
f 9891/15/4 9892/15/4 9893/15/4
f 9893/15/4 9892/15/4 9894/15/4
f 9895/8/4 9896/8/4 9901/8/4
f 9901/8/4 9896/8/4 9902/8/4
f 9896/11/4 9897/11/4 9903/11/4
f 9902/8/4 9896/8/4 9903/8/4
f 9897/12/4 9898/12/4 9904/12/4
f 9903/11/4 9897/11/4 9904/11/4
f 9898/13/4 9899/13/4 9905/13/4
f 9904/12/4 9898/12/4 9905/12/4
f 9905/13/4 9899/13/4 9906/13/4
f 9899/14/4 9900/14/4 9907/14/4
f 9906/13/4 9899/13/4 9907/13/4
f 9907/14/4 9900/14/4 9908/14/4
f 9901/2/4 9902/2/4 9912/2/4
f 9902/9/4 9903/9/4 9913/9/4
f 9903/9/4 9904/9/4 9913/9/4
f 9912/2/4 9902/2/4 9913/2/4
f 9913/9/4 9904/9/4 9914/9/4
f 9905/10/4 9906/10/4 9915/10/4
f 9914/9/4 9904/9/4 9915/9/4
f 9904/10/4 9905/10/4 9915/10/4
f 9915/10/4 9906/10/4 9916/10/4
f 9906/12/4 9907/12/4 9917/12/4
f 9916/10/4 9906/10/4 9917/10/4
f 9907/13/4 9908/13/4 9918/13/4
f 9917/12/4 9907/12/4 9918/12/4
f 9909/10/4 9910/10/4 9919/10/4
f 9919/10/4 9910/10/4 9920/10/4
f 9910/9/4 9911/9/4 9921/9/4
f 9920/10/4 9910/10/4 9921/10/4
f 9921/9/4 9911/9/4 9922/9/4
f 9913/2/4 9914/2/4 9923/2/4
f 9922/9/4 9911/9/4 9923/9/4
f 9911/2/4 9912/2/4 9923/2/4
f 9912/2/4 9913/2/4 9923/2/4
f 9915/9/4 9916/9/4 9924/9/4
f 9923/2/4 9914/2/4 9924/2/4
f 9914/9/4 9915/9/4 9924/9/4
f 9924/9/4 9916/9/4 9925/9/4
f 9916/10/4 9917/10/4 9926/10/4
f 9925/9/4 9916/9/4 9926/9/4
f 9917/10/4 9918/10/4 9926/10/4
f 9926/10/4 9918/10/4 9927/10/4
f 9918/13/4 9908/13/4 9928/13/4
f 9927/10/4 9918/10/4 9928/10/4
f 9928/13/4 9908/13/4 9929/13/4
f 9921/2/4 9922/2/4 9930/2/4
f 9920/9/4 9921/9/4 9930/9/4
f 9922/3/4 9923/3/4 9931/3/4
f 9930/2/4 9922/2/4 9931/2/4
f 9924/3/4 9925/3/4 9931/3/4
f 9923/3/4 9924/3/4 9931/3/4
f 9931/3/4 9925/3/4 9932/3/4
f 9932/3/4 9925/3/4 9933/3/4
f 9925/2/4 9926/2/4 9934/2/4
f 9933/3/4 9925/3/4 9934/3/4
f 9926/9/4 9927/9/4 9935/9/4
f 9934/2/4 9926/2/4 9935/2/4
f 9927/10/4 9928/10/4 9936/10/4
f 9935/9/4 9927/9/4 9936/9/4
f 9928/12/4 9929/12/4 9937/12/4
f 9936/10/4 9928/10/4 9937/10/4
f 9937/12/4 9929/12/4 9938/12/4
f 9920/9/4 9930/9/4 9939/9/4
f 9930/3/4 9931/3/4 9940/3/4
f 9939/9/4 9930/9/4 9940/9/4
f 9931/3/4 9932/3/4 9940/3/4
f 9932/7/4 9933/7/4 9941/7/4
f 9940/3/4 9932/3/4 9941/3/4
f 9934/3/4 9935/3/4 9942/3/4
f 9941/7/4 9933/7/4 9942/7/4
f 9933/3/4 9934/3/4 9942/3/4
f 9935/9/4 9936/9/4 9943/9/4
f 9942/3/4 9935/3/4 9943/3/4
f 9936/9/4 9937/9/4 9943/9/4
f 9943/9/4 9937/9/4 9944/9/4
f 9940/3/4 9941/3/4 9945/3/4
f 9941/4/4 9942/4/4 9946/4/4
f 9945/3/4 9941/3/4 9946/3/4
f 9946/4/4 9942/4/4 9947/4/4
f 9947/4/4 9942/4/4 9948/4/4
f 9942/3/4 9943/3/4 9949/3/4
f 9948/4/4 9942/4/4 9949/4/4
f 9949/3/4 9943/3/4 9950/3/4
f 9944/9/4 9937/9/4 9951/9/4
f 9943/2/4 9944/2/4 9951/2/4
f 9937/11/4 9938/11/4 9952/11/4
f 9951/9/4 9937/9/4 9952/9/4
f 9952/11/4 9938/11/4 9953/11/4
f 9939/2/4 9940/2/4 9954/2/4
f 9940/3/4 9945/3/4 9955/3/4
f 9945/4/4 9946/4/4 9955/4/4
f 9946/4/4 9947/4/4 9955/4/4
f 9955/4/4 9947/4/4 9956/4/4
f 9947/7/4 9948/7/4 9957/7/4
f 9956/4/4 9947/4/4 9957/4/4
f 9948/4/4 9949/4/4 9958/4/4
f 9957/7/4 9948/7/4 9958/7/4
f 9949/7/4 9950/7/4 9959/7/4
f 9958/4/4 9949/4/4 9959/4/4
f 9950/3/4 9943/3/4 9960/3/4
f 9959/7/4 9950/7/4 9960/7/4
f 9943/2/4 9951/2/4 9961/2/4
f 9951/2/4 9952/2/4 9961/2/4
f 9952/8/4 9953/8/4 9962/8/4
f 9961/2/4 9952/2/4 9962/2/4
f 9962/8/4 9953/8/4 9963/8/4
f 9954/2/4 9940/2/4 9964/2/4
f 9955/3/4 9956/3/4 9965/3/4
f 9964/2/4 9940/2/4 9965/2/4
f 9940/3/4 9955/3/4 9965/3/4
f 9957/4/4 9958/4/4 9966/4/4
f 9956/7/4 9957/7/4 9966/7/4
f 9958/7/4 9959/7/4 9967/7/4
f 9966/4/4 9958/4/4 9967/4/4
f 9960/3/4 9943/3/4 9968/3/4
f 9943/2/4 9961/2/4 9968/2/4
f 9959/3/4 9960/3/4 9968/3/4
f 9961/9/4 9962/9/4 9969/9/4
f 9968/2/4 9961/2/4 9969/2/4
f 9964/9/4 9965/9/4 9970/9/4
f 9965/3/4 9956/3/4 9971/3/4
f 9970/9/4 9965/9/4 9971/9/4
f 9956/7/4 9966/7/4 9972/7/4
f 9971/3/4 9956/3/4 9972/3/4
f 9966/7/4 9967/7/4 9972/7/4
f 9967/7/4 9959/7/4 9973/7/4
f 9972/7/4 9967/7/4 9973/7/4
f 9959/3/4 9968/3/4 9973/3/4
f 9968/9/4 9969/9/4 9974/9/4
f 9973/3/4 9968/3/4 9974/3/4
f 9969/9/4 9962/9/4 9975/9/4
f 9974/9/4 9969/9/4 9975/9/4
f 9962/11/4 9963/11/4 9976/11/4
f 9975/9/4 9962/9/4 9976/9/4
f 9976/11/4 9963/11/4 9977/11/4
f 9971/2/4 9972/2/4 9978/2/4
f 9978/2/4 9972/2/4 9979/2/4
f 9972/3/4 9973/3/4 9980/3/4
f 9979/2/4 9972/2/4 9980/2/4
f 9973/2/4 9974/2/4 9981/2/4
f 9980/3/4 9973/3/4 9981/3/4
f 9974/9/4 9975/9/4 9982/9/4
f 9981/2/4 9974/2/4 9982/2/4
f 9975/10/4 9976/10/4 9983/10/4
f 9982/9/4 9975/9/4 9983/9/4
f 9976/12/4 9977/12/4 9984/12/4
f 9983/10/4 9976/10/4 9984/10/4
f 9984/12/4 9977/12/4 9985/12/4
f 9979/9/4 9980/9/4 9986/9/4
f 9980/2/4 9981/2/4 9986/2/4
f 9986/2/4 9981/2/4 9987/2/4
f 9987/2/4 9981/2/4 9988/2/4
f 9981/9/4 9982/9/4 9989/9/4
f 9988/2/4 9981/2/4 9989/2/4
f 9989/9/4 9982/9/4 9990/9/4
f 9982/10/4 9983/10/4 9991/10/4
f 9990/9/4 9982/9/4 9991/9/4
f 9983/10/4 9984/10/4 9991/10/4
f 9991/10/4 9984/10/4 9992/10/4
f 9984/13/4 9985/13/4 9993/13/4
f 9992/10/4 9984/10/4 9993/10/4
f 9979/9/4 9986/9/4 9994/9/4
f 9986/9/4 9987/9/4 9994/9/4
f 9994/9/4 9987/9/4 9995/9/4
f 9987/2/4 9988/2/4 9996/2/4
f 9995/9/4 9987/9/4 9996/9/4
f 9989/9/4 9990/9/4 9997/9/4
f 9996/2/4 9988/2/4 9997/2/4
f 9988/9/4 9989/9/4 9997/9/4
f 9997/9/4 9990/9/4 9998/9/4
f 9991/10/4 9992/10/4 9999/10/4
f 9998/9/4 9990/9/4 9999/9/4
f 9990/10/4 9991/10/4 9999/10/4
f 9999/10/4 9992/10/4 10000/10/4
f 9992/12/4 9993/12/4 10001/12/4
f 10000/10/4 9992/10/4 10001/10/4
f 9993/13/4 9985/13/4 10002/13/4
f 10001/12/4 9993/12/4 10002/12/4
f 10002/13/4 9985/13/4 10003/13/4
f 9994/11/4 9995/11/4 10004/11/4
f 9995/8/4 9996/8/4 10005/8/4
f 10004/11/4 9995/11/4 10005/11/4
f 9997/8/4 9998/8/4 10005/8/4
f 9996/8/4 9997/8/4 10005/8/4
f 9998/11/4 9999/11/4 10006/11/4
f 10005/8/4 9998/8/4 10006/8/4
f 9999/12/4 10000/12/4 10007/12/4
f 10006/11/4 9999/11/4 10007/11/4
f 10000/13/4 10001/13/4 10008/13/4
f 10007/12/4 10000/12/4 10008/12/4
f 10001/13/4 10002/13/4 10008/13/4
f 10002/14/4 10003/14/4 10009/14/4
f 10008/13/4 10002/13/4 10009/13/4
f 10009/14/4 10003/14/4 10010/14/4
f 10011/3/4 10012/3/4 10013/3/4
f 10013/3/4 10012/3/4 10014/3/4
f 10013/6/4 10014/6/4 10015/6/4
f 10015/6/4 10014/6/4 10016/6/4
f 10017/15/4 10018/15/4 10019/15/4
f 10019/15/4 10018/15/4 10020/15/4
f 10021/15/4 10022/15/4 10023/15/4
f 10023/15/4 10022/15/4 10024/15/4
f 10025/6/4 10026/6/4 10027/6/4
f 10027/6/4 10026/6/4 10028/6/4
f 10029/6/4 10030/6/4 10031/6/4
f 10031/6/4 10030/6/4 10032/6/4
f 10033/5/4 10034/5/4 10035/5/4
f 10035/5/4 10034/5/4 10036/5/4
f 10037/15/4 10038/15/4 10039/15/4
f 10039/15/4 10038/15/4 10040/15/4
f 10041/15/4 10042/15/4 10043/15/4
f 10043/15/4 10042/15/4 10044/15/4
f 10045/6/4 10046/6/4 10047/6/4
f 10047/6/4 10046/6/4 10048/6/4
f 10048/6/4 10046/6/4 10049/6/4
f 10050/3/4 10051/3/4 10052/3/4
f 10052/3/4 10051/3/4 10053/3/4
f 10054/6/4 10055/6/4 10056/6/4
f 10056/6/4 10055/6/4 10057/6/4
f 10058/15/4 10059/15/4 10060/15/4
f 10060/15/4 10059/15/4 10061/15/4
f 10062/15/4 10063/15/4 10064/15/4
f 10064/15/4 10063/15/4 10065/15/4
f 10066/6/4 10067/6/4 10068/6/4
f 10068/6/4 10067/6/4 10069/6/4
f 10068/3/4 10069/3/4 10070/3/4
f 10070/3/4 10069/3/4 10071/3/4
f 10072/2/4 10073/2/4 10076/2/4
f 10076/2/4 10073/2/4 10077/2/4
f 10074/6/4 10075/6/4 10078/6/4
f 10078/6/4 10075/6/4 10079/6/4
f 10080/5/4 10081/5/4 10082/5/4
f 10082/5/4 10081/5/4 10083/5/4
f 10084/15/4 10085/15/4 10086/15/4
f 10086/15/4 10085/15/4 10087/15/4
f 10088/15/4 10089/15/4 10090/15/4
f 10090/15/4 10089/15/4 10091/15/4
f 10092/3/4 10093/3/4 10094/3/4
f 10094/3/4 10093/3/4 10095/3/4
f 10096/6/4 10097/6/4 10098/6/4
f 10096/6/4 10098/6/4 10100/6/4
f 10098/2/4 10099/2/4 10101/2/4
f 10100/6/4 10098/6/4 10101/6/4
f 10101/2/4 10099/2/4 10102/2/4
f 10103/6/4 10104/6/4 10105/6/4
f 10105/6/4 10104/6/4 10106/6/4
f 10107/15/4 10108/15/4 10109/15/4
f 10109/15/4 10108/15/4 10110/15/4
f 10111/15/4 10112/15/4 10113/15/4
f 10113/15/4 10112/15/4 10114/15/4
f 10115/14/4 10116/14/4 10125/14/4
f 10116/13/4 10117/13/4 10126/13/4
f 10125/14/4 10116/14/4 10126/14/4
f 10117/12/4 10118/12/4 10127/12/4
f 10126/13/4 10117/13/4 10127/13/4
f 10118/11/4 10119/11/4 10128/11/4
f 10127/12/4 10118/12/4 10128/12/4
f 10119/8/4 10120/8/4 10129/8/4
f 10128/11/4 10119/11/4 10129/11/4
f 10120/11/4 10121/11/4 10130/11/4
f 10129/8/4 10120/8/4 10130/8/4
f 10121/12/4 10122/12/4 10131/12/4
f 10130/11/4 10121/11/4 10131/11/4
f 10122/13/4 10123/13/4 10132/13/4
f 10131/12/4 10122/12/4 10132/12/4
f 10123/14/4 10124/14/4 10133/14/4
f 10132/13/4 10123/13/4 10133/13/4
f 10133/14/4 10124/14/4 10134/14/4
f 10125/13/4 10126/13/4 10135/13/4
f 10126/12/4 10127/12/4 10136/12/4
f 10135/13/4 10126/13/4 10136/13/4
f 10127/10/4 10128/10/4 10137/10/4
f 10136/12/4 10127/12/4 10137/12/4
f 10128/9/4 10129/9/4 10138/9/4
f 10137/10/4 10128/10/4 10138/10/4
f 10129/9/4 10130/9/4 10138/9/4
f 10130/9/4 10131/9/4 10138/9/4
f 10131/10/4 10132/10/4 10139/10/4
f 10138/9/4 10131/9/4 10139/9/4
f 10132/12/4 10133/12/4 10140/12/4
f 10139/10/4 10132/10/4 10140/10/4
f 10133/13/4 10134/13/4 10141/13/4
f 10140/12/4 10133/12/4 10141/12/4
f 10141/13/4 10134/13/4 10142/13/4
f 10135/12/4 10136/12/4 10143/12/4
f 10136/10/4 10137/10/4 10144/10/4
f 10143/12/4 10136/12/4 10144/12/4
f 10137/2/4 10138/2/4 10145/2/4
f 10144/10/4 10137/10/4 10145/10/4
f 10138/3/4 10139/3/4 10146/3/4
f 10145/2/4 10138/2/4 10146/2/4
f 10146/3/4 10139/3/4 10147/3/4
f 10147/3/4 10139/3/4 10148/3/4
f 10139/2/4 10140/2/4 10149/2/4
f 10148/3/4 10139/3/4 10149/3/4
f 10140/10/4 10141/10/4 10150/10/4
f 10149/2/4 10140/2/4 10150/2/4
f 10141/12/4 10142/12/4 10151/12/4
f 10150/10/4 10141/10/4 10151/10/4
f 10151/12/4 10142/12/4 10152/12/4
f 10147/7/4 10148/7/4 10153/7/4
f 10145/3/4 10146/3/4 10153/3/4
f 10146/3/4 10147/3/4 10153/3/4
f 10148/3/4 10149/3/4 10154/3/4
f 10153/7/4 10148/7/4 10154/7/4
f 10149/3/4 10150/3/4 10154/3/4
f 10145/3/4 10153/3/4 10155/3/4
f 10153/4/4 10154/4/4 10155/4/4
f 10154/3/4 10150/3/4 10156/3/4
f 10155/4/4 10154/4/4 10156/4/4
f 10143/11/4 10144/11/4 10157/11/4
f 10144/9/4 10145/9/4 10158/9/4
f 10157/11/4 10144/11/4 10158/11/4
f 10145/3/4 10155/3/4 10159/3/4
f 10158/9/4 10145/9/4 10159/9/4
f 10155/7/4 10156/7/4 10160/7/4
f 10159/3/4 10155/3/4 10160/3/4
f 10156/3/4 10150/3/4 10161/3/4
f 10160/7/4 10156/7/4 10161/7/4
f 10150/9/4 10151/9/4 10162/9/4
f 10161/3/4 10150/3/4 10162/3/4
f 10151/11/4 10152/11/4 10163/11/4
f 10162/9/4 10151/9/4 10163/9/4
f 10163/11/4 10152/11/4 10164/11/4
f 10157/12/4 10158/12/4 10165/12/4
f 10158/10/4 10159/10/4 10166/10/4
f 10165/12/4 10158/12/4 10166/12/4
f 10159/2/4 10160/2/4 10167/2/4
f 10166/10/4 10159/10/4 10167/10/4
f 10167/2/4 10160/2/4 10168/2/4
f 10160/3/4 10161/3/4 10169/3/4
f 10168/2/4 10160/2/4 10169/2/4
f 10161/2/4 10162/2/4 10170/2/4
f 10169/3/4 10161/3/4 10170/3/4
f 10170/2/4 10162/2/4 10171/2/4
f 10162/10/4 10163/10/4 10172/10/4
f 10171/2/4 10162/2/4 10172/2/4
f 10163/12/4 10164/12/4 10173/12/4
f 10172/10/4 10163/10/4 10173/10/4
f 10173/12/4 10164/12/4 10174/12/4
f 10165/13/4 10166/13/4 10175/13/4
f 10166/12/4 10167/12/4 10176/12/4
f 10175/13/4 10166/13/4 10176/13/4
f 10167/10/4 10168/10/4 10177/10/4
f 10176/12/4 10167/12/4 10177/12/4
f 10168/9/4 10169/9/4 10178/9/4
f 10177/10/4 10168/10/4 10178/10/4
f 10170/9/4 10171/9/4 10178/9/4
f 10169/9/4 10170/9/4 10178/9/4
f 10178/9/4 10171/9/4 10179/9/4
f 10179/9/4 10171/9/4 10180/9/4
f 10171/10/4 10172/10/4 10181/10/4
f 10180/9/4 10171/9/4 10181/9/4
f 10172/12/4 10173/12/4 10182/12/4
f 10181/10/4 10172/10/4 10182/10/4
f 10173/13/4 10174/13/4 10183/13/4
f 10182/12/4 10173/12/4 10183/12/4
f 10183/13/4 10174/13/4 10184/13/4
f 10175/14/4 10176/14/4 10185/14/4
f 10176/13/4 10177/13/4 10186/13/4
f 10185/14/4 10176/14/4 10186/14/4
f 10177/12/4 10178/12/4 10187/12/4
f 10186/13/4 10177/13/4 10187/13/4
f 10178/11/4 10179/11/4 10188/11/4
f 10187/12/4 10178/12/4 10188/12/4
f 10179/8/4 10180/8/4 10189/8/4
f 10188/11/4 10179/11/4 10189/11/4
f 10180/11/4 10181/11/4 10190/11/4
f 10189/8/4 10180/8/4 10190/8/4
f 10181/12/4 10182/12/4 10191/12/4
f 10190/11/4 10181/11/4 10191/11/4
f 10182/13/4 10183/13/4 10192/13/4
f 10191/12/4 10182/12/4 10192/12/4
f 10183/14/4 10184/14/4 10193/14/4
f 10192/13/4 10183/13/4 10193/13/4
f 10193/14/4 10184/14/4 10194/14/4
f 10195/15/4 10196/15/4 10197/15/4
f 10197/15/4 10196/15/4 10198/15/4
f 10199/15/4 10200/15/4 10201/15/4
f 10201/15/4 10200/15/4 10202/15/4
f 10203/15/4 10204/15/4 10205/15/4
f 10205/15/4 10204/15/4 10206/15/4
f 10207/15/4 10208/15/4 10209/15/4
f 10209/15/4 10208/15/4 10210/15/4
f 10211/15/4 10212/15/4 10213/15/4
f 10213/15/4 10212/15/4 10214/15/4
f 10215/15/4 10216/15/4 10217/15/4
f 10217/15/4 10216/15/4 10218/15/4
f 10222/15/5 10220/15/5 10219/15/5
f 10223/15/5 10220/15/5 10222/15/5
f 10226/15/5 10222/15/5 10221/15/5
f 10226/15/5 10224/15/5 10223/15/5
f 10226/15/5 10223/15/5 10222/15/5
f 10227/15/5 10224/15/5 10226/15/5
f 10230/15/5 10226/15/5 10225/15/5
f 10230/15/5 10228/15/5 10227/15/5
f 10230/15/5 10227/15/5 10226/15/5
f 10231/15/5 10228/15/5 10230/15/5
f 10234/15/5 10230/15/5 10229/15/5
f 10234/15/5 10232/15/5 10231/15/5
f 10234/15/5 10231/15/5 10230/15/5
f 10235/15/5 10232/15/5 10234/15/5
f 10238/15/5 10234/15/5 10233/15/5
f 10238/15/5 10236/15/5 10235/15/5
f 10238/15/5 10235/15/5 10234/15/5
f 10239/15/5 10236/15/5 10238/15/5
f 10242/15/5 10238/15/5 10237/15/5
f 10242/15/5 10240/15/5 10239/15/5
f 10242/15/5 10239/15/5 10238/15/5
f 10243/15/5 10240/15/5 10242/15/5
f 10246/15/5 10242/15/5 10241/15/5
f 10246/15/5 10244/15/5 10243/15/5
f 10246/15/5 10243/15/5 10242/15/5
f 10247/15/5 10244/15/5 10246/15/5
f 10250/15/5 10246/15/5 10245/15/5
f 10250/15/5 10248/15/5 10247/15/5
f 10250/15/5 10247/15/5 10246/15/5
f 10251/15/5 10248/15/5 10250/15/5
f 10254/15/5 10250/15/5 10249/15/5
f 10254/15/5 10252/15/5 10251/15/5
f 10254/15/5 10251/15/5 10250/15/5
f 10255/15/5 10252/15/5 10254/15/5
f 10258/15/5 10254/15/5 10253/15/5
f 10258/15/5 10256/15/5 10255/15/5
f 10258/15/5 10255/15/5 10254/15/5
f 10259/15/5 10256/15/5 10258/15/5
f 10262/15/5 10258/15/5 10257/15/5
f 10262/15/5 10260/15/5 10259/15/5
f 10262/15/5 10259/15/5 10258/15/5
f 10263/15/5 10260/15/5 10262/15/5
f 10266/15/5 10262/15/5 10261/15/5
f 10266/15/5 10264/15/5 10263/15/5
f 10266/15/5 10263/15/5 10262/15/5
f 10267/15/5 10264/15/5 10266/15/5
f 10270/15/5 10266/15/5 10265/15/5
f 10270/15/5 10268/15/5 10267/15/5
f 10270/15/5 10267/15/5 10266/15/5
f 10271/15/5 10268/15/5 10270/15/5
f 10274/15/5 10270/15/5 10269/15/5
f 10274/15/5 10272/15/5 10271/15/5
f 10274/15/5 10271/15/5 10270/15/5
f 10275/15/5 10272/15/5 10274/15/5
f 10278/15/5 10274/15/5 10273/15/5
f 10278/15/5 10276/15/5 10275/15/5
f 10278/15/5 10275/15/5 10274/15/5
f 10279/15/5 10276/15/5 10278/15/5
f 10282/15/5 10278/15/5 10277/15/5
f 10282/15/5 10280/15/5 10279/15/5
f 10282/15/5 10279/15/5 10278/15/5
f 10283/15/5 10280/15/5 10282/15/5
f 10286/15/5 10282/15/5 10281/15/5
f 10286/15/5 10284/15/5 10283/15/5
f 10286/15/5 10283/15/5 10282/15/5
f 10287/15/5 10284/15/5 10286/15/5
f 10290/15/5 10286/15/5 10285/15/5
f 10290/15/5 10288/15/5 10287/15/5
f 10290/15/5 10287/15/5 10286/15/5
f 10291/15/5 10288/15/5 10290/15/5
f 10293/15/5 10290/15/5 10289/15/5
f 10293/15/5 10292/15/5 10291/15/5
f 10293/15/5 10291/15/5 10290/15/5
f 10294/15/5 10292/15/5 10293/15/5
f 10295/15/5 10292/15/5 10294/15/5
f 10296/15/5 10292/15/5 10295/15/5
f 10297/15/5 10295/15/5 10294/15/5
f 10298/15/5 10295/15/5 10297/15/5
f 10299/15/5 10295/15/5 10298/15/5
f 10300/15/5 10295/15/5 10299/15/5
f 10301/15/5 10299/15/5 10298/15/5
f 10302/15/5 10299/15/5 10301/15/5
f 10303/15/5 10299/15/5 10302/15/5
f 10304/15/5 10299/15/5 10303/15/5
f 10305/15/5 10303/15/5 10302/15/5
f 10306/15/5 10303/15/5 10305/15/5
f 10307/15/5 10303/15/5 10306/15/5
f 10308/15/5 10303/15/5 10307/15/5
f 10309/15/5 10307/15/5 10306/15/5
f 10310/15/5 10307/15/5 10309/15/5
f 10311/15/5 10307/15/5 10310/15/5
f 10312/15/5 10307/15/5 10311/15/5
f 10313/15/5 10311/15/5 10310/15/5
f 10314/15/5 10311/15/5 10313/15/5
f 10315/15/5 10311/15/5 10314/15/5
f 10316/15/5 10311/15/5 10315/15/5
f 10317/15/5 10315/15/5 10314/15/5
f 10318/15/5 10315/15/5 10317/15/5
f 10319/15/5 10315/15/5 10318/15/5
f 10320/15/5 10315/15/5 10319/15/5
f 10321/15/5 10319/15/5 10318/15/5
f 10322/15/5 10319/15/5 10321/15/5
f 10323/15/5 10319/15/5 10322/15/5
f 10324/15/5 10319/15/5 10323/15/5
f 10325/15/5 10323/15/5 10322/15/5
f 10326/15/5 10323/15/5 10325/15/5
f 10327/15/5 10323/15/5 10326/15/5
f 10328/15/5 10323/15/5 10327/15/5
f 10329/15/5 10327/15/5 10326/15/5
f 10330/15/5 10327/15/5 10329/15/5
f 10331/15/5 10327/15/5 10330/15/5
f 10332/15/5 10327/15/5 10331/15/5
f 10333/15/5 10331/15/5 10330/15/5
f 10334/15/5 10331/15/5 10333/15/5
f 10335/15/5 10331/15/5 10334/15/5
f 10336/15/5 10331/15/5 10335/15/5
f 10337/15/5 10335/15/5 10334/15/5
f 10338/15/5 10335/15/5 10337/15/5
f 10339/15/5 10335/15/5 10338/15/5
f 10340/15/5 10335/15/5 10339/15/5
f 10341/15/5 10339/15/5 10338/15/5
f 10342/15/5 10339/15/5 10341/15/5
f 10343/15/5 10339/15/5 10342/15/5
f 10344/15/5 10339/15/5 10343/15/5
f 10345/15/5 10343/15/5 10342/15/5
f 10346/15/5 10343/15/5 10345/15/5
f 10347/15/5 10343/15/5 10346/15/5
f 10348/15/5 10343/15/5 10347/15/5
f 10349/15/5 10347/15/5 10346/15/5
f 10350/15/5 10347/15/5 10349/15/5
f 10351/15/5 10347/15/5 10350/15/5
f 10352/15/5 10347/15/5 10351/15/5
f 10353/15/5 10351/15/5 10350/15/5
f 10354/15/5 10351/15/5 10353/15/5
f 10355/15/5 10351/15/5 10354/15/5
f 10356/15/5 10351/15/5 10355/15/5
f 10357/15/5 10355/15/5 10354/15/5
f 10358/15/5 10355/15/5 10357/15/5
f 10359/15/5 10355/15/5 10358/15/5
f 10360/15/5 10355/15/5 10359/15/5
f 10361/15/5 10359/15/5 10358/15/5
f 10362/15/5 10359/15/5 10361/15/5
f 10363/15/5 10359/15/5 10362/15/5
f 10364/15/5 10359/15/5 10363/15/5
f 10365/15/5 10363/15/5 10362/15/5
f 10366/15/5 10363/15/5 10365/15/5
f 10369/2/5 10368/2/5 10367/2/5
f 10370/2/5 10368/2/5 10369/2/5
f 10375/6/5 10372/6/5 10371/6/5
f 10375/6/5 10374/6/5 10373/6/5
f 10375/6/5 10373/6/5 10372/6/5
f 10376/6/5 10374/6/5 10375/6/5
f 10377/6/5 10374/6/5 10376/6/5
f 10378/6/5 10374/6/5 10377/6/5
f 10382/5/5 10380/5/5 10379/5/5
f 10382/5/5 10381/5/5 10380/5/5
f 10383/5/5 10381/5/5 10382/5/5
f 10388/6/5 10385/6/5 10384/6/5
f 10389/6/5 10385/6/5 10388/6/5
f 10390/6/5 10387/6/5 10386/6/5
f 10391/6/5 10387/6/5 10390/6/5
f 10394/2/5 10393/2/5 10392/2/5
f 10395/2/5 10393/2/5 10394/2/5
f 10398/6/5 10397/6/5 10396/6/5
f 10402/6/5 10399/6/5 10398/6/5
f 10404/6/5 10401/6/5 10400/6/5
f 10406/6/5 10403/6/5 10402/6/5
f 10408/6/5 10405/6/5 10404/6/5
f 10408/6/5 10404/6/5 10400/6/5
f 10409/6/5 10405/6/5 10408/6/5
f 10410/6/5 10405/6/5 10409/6/5
f 10412/6/5 10398/6/5 10396/6/5
f 10412/6/5 10407/6/5 10406/6/5
f 10412/6/5 10402/6/5 10398/6/5
f 10412/6/5 10406/6/5 10402/6/5
f 10413/6/5 10407/6/5 10412/6/5
f 10417/6/5 10414/6/5 10413/6/5
f 10417/6/5 10413/6/5 10412/6/5
f 10417/6/5 10412/6/5 10411/6/5
f 10418/6/5 10414/6/5 10417/6/5
f 10419/6/5 10416/6/5 10415/6/5
f 10420/6/5 10414/6/5 10418/6/5
f 10421/6/5 10414/6/5 10420/6/5
f 10422/6/5 10414/6/5 10421/6/5
f 10423/6/5 10414/6/5 10422/6/5
f 10426/6/5 10419/6/5 10415/6/5
f 10427/6/5 10419/6/5 10426/6/5
f 10428/6/5 10422/6/5 10421/6/5
f 10429/6/5 10422/6/5 10428/6/5
f 10430/6/5 10427/6/5 10426/6/5
f 10431/6/5 10427/6/5 10430/6/5
f 10432/6/5 10422/6/5 10429/6/5
f 10433/6/5 10422/6/5 10432/6/5
f 10434/6/5 10422/6/5 10433/6/5
f 10435/6/5 10425/6/5 10424/6/5
f 10436/6/5 10425/6/5 10435/6/5
f 10437/6/5 10425/6/5 10436/6/5
f 10438/6/5 10425/6/5 10437/6/5
f 10439/6/5 10425/6/5 10438/6/5
f 10440/6/5 10431/6/5 10430/6/5
f 10441/6/5 10431/6/5 10440/6/5
f 10442/6/5 10431/6/5 10441/6/5
f 10443/6/5 10431/6/5 10442/6/5
f 10444/6/5 10438/6/5 10437/6/5
f 10445/6/5 10438/6/5 10444/6/5
f 10446/6/5 10442/6/5 10441/6/5
f 10447/6/5 10442/6/5 10446/6/5
f 10450/6/5 10449/6/5 10448/6/5
f 10451/6/5 10449/6/5 10450/6/5
f 10452/6/5 10450/6/5 10448/6/5
f 10453/6/5 10450/6/5 10452/6/5
f 10458/6/5 10455/6/5 10454/6/5
f 10458/6/5 10456/6/5 10455/6/5
f 10459/6/5 10456/6/5 10458/6/5
f 10460/6/5 10456/6/5 10459/6/5
f 10461/6/5 10458/6/5 10457/6/5
f 10461/6/5 10459/6/5 10458/6/5
f 10462/6/5 10459/6/5 10461/6/5
f 10463/6/5 10459/6/5 10462/6/5
f 10464/6/5 10462/6/5 10461/6/5
f 10465/6/5 10462/6/5 10464/6/5
f 10466/6/5 10462/6/5 10465/6/5
f 10467/6/5 10465/6/5 10464/6/5
f 10468/6/5 10465/6/5 10467/6/5
f 10469/6/5 10465/6/5 10468/6/5
f 10470/6/5 10465/6/5 10469/6/5
f 10471/6/5 10465/6/5 10470/6/5
f 10472/6/5 10467/6/5 10464/6/5
f 10473/6/5 10467/6/5 10472/6/5
f 10474/6/5 10473/6/5 10472/6/5
f 10475/6/5 10473/6/5 10474/6/5
f 10481/6/5 10477/6/5 10476/6/5
f 10482/3/5 10479/3/5 10478/3/5
f 10483/3/5 10479/3/5 10482/3/5
f 10485/6/5 10481/6/5 10480/6/5
f 10486/6/5 10477/6/5 10481/6/5
f 10486/6/5 10481/6/5 10485/6/5
f 10487/6/5 10477/6/5 10486/6/5
f 10489/6/5 10485/6/5 10484/6/5
f 10489/6/5 10486/6/5 10485/6/5
f 10490/6/5 10486/6/5 10489/6/5
f 10492/6/5 10489/6/5 10488/6/5
f 10492/6/5 10490/6/5 10489/6/5
f 10493/6/5 10490/6/5 10492/6/5
f 10494/6/5 10490/6/5 10493/6/5
f 10496/6/5 10492/6/5 10491/6/5
f 10496/6/5 10493/6/5 10492/6/5
f 10497/6/5 10493/6/5 10496/6/5
f 10498/6/5 10496/6/5 10495/6/5
f 10499/6/5 10496/6/5 10498/6/5
f 10502/3/5 10501/3/5 10500/3/5
f 10503/3/5 10501/3/5 10502/3/5
f 10510/11/5 10505/11/5 10504/11/5
f 10511/8/5 10506/8/5 10505/8/5
f 10511/11/5 10505/11/5 10510/11/5
f 10512/2/5 10507/2/5 10506/2/5
f 10512/8/5 10506/8/5 10511/8/5
f 10513/8/5 10508/8/5 10507/8/5
f 10513/2/5 10507/2/5 10512/2/5
f 10514/11/5 10509/11/5 10508/11/5
f 10514/8/5 10508/8/5 10513/8/5
f 10515/11/5 10509/11/5 10514/11/5
f 10516/8/5 10511/8/5 10510/8/5
f 10517/3/5 10512/3/5 10511/3/5
f 10517/8/5 10511/8/5 10516/8/5
f 10518/7/5 10513/7/5 10512/7/5
f 10518/3/5 10512/3/5 10517/3/5
f 10519/3/5 10514/3/5 10513/3/5
f 10519/7/5 10513/7/5 10518/7/5
f 10520/11/5 10515/11/5 10514/11/5
f 10520/3/5 10514/3/5 10519/3/5
f 10521/11/5 10515/11/5 10520/11/5
f 10522/2/5 10517/2/5 10516/2/5
f 10523/7/5 10518/7/5 10517/7/5
f 10523/2/5 10517/2/5 10522/2/5
f 10524/4/5 10519/4/5 10518/4/5
f 10524/7/5 10518/7/5 10523/7/5
f 10525/7/5 10520/7/5 10519/7/5
f 10525/4/5 10519/4/5 10524/4/5
f 10526/2/5 10521/2/5 10520/2/5
f 10526/7/5 10520/7/5 10525/7/5
f 10527/2/5 10521/2/5 10526/2/5
f 10530/1/5 10523/1/5 10522/1/5
f 10531/3/5 10524/3/5 10523/3/5
f 10531/1/5 10523/1/5 10530/1/5
f 10532/7/5 10525/7/5 10524/7/5
f 10532/3/5 10524/3/5 10531/3/5
f 10533/3/5 10526/3/5 10525/3/5
f 10533/7/5 10525/7/5 10532/7/5
f 10534/8/5 10527/8/5 10526/8/5
f 10534/3/5 10526/3/5 10533/3/5
f 10535/8/5 10527/8/5 10534/8/5
f 10539/5/5 10529/5/5 10528/5/5
f 10540/5/5 10529/5/5 10539/5/5
f 10541/8/5 10531/8/5 10530/8/5
f 10541/8/5 10532/8/5 10531/8/5
f 10542/8/5 10532/8/5 10541/8/5
f 10543/2/5 10533/2/5 10532/2/5
f 10543/8/5 10532/8/5 10542/8/5
f 10544/8/5 10534/8/5 10533/8/5
f 10544/2/5 10533/2/5 10543/2/5
f 10545/11/5 10535/11/5 10534/11/5
f 10545/8/5 10534/8/5 10544/8/5
f 10546/11/5 10535/11/5 10545/11/5
f 10547/5/5 10538/5/5 10537/5/5
f 10547/5/5 10537/5/5 10536/5/5
f 10548/5/5 10538/5/5 10547/5/5
f 10549/5/5 10547/5/5 10536/5/5
f 10550/5/5 10547/5/5 10549/5/5
f 10553/5/5 10552/5/5 10551/5/5
f 10554/5/5 10552/5/5 10553/5/5
f 10555/5/5 10552/5/5 10554/5/5
f 10560/6/5 10557/6/5 10556/6/5
f 10561/6/5 10557/6/5 10560/6/5
f 10564/5/5 10559/5/5 10558/5/5
f 10565/5/5 10559/5/5 10564/5/5
f 10566/5/5 10563/5/5 10562/5/5
f 10567/5/5 10563/5/5 10566/5/5
f 10571/2/5 10569/2/5 10568/2/5
f 10572/2/5 10569/2/5 10571/2/5
f 10578/2/5 10571/2/5 10570/2/5
f 10579/2/5 10571/2/5 10578/2/5
f 10580/2/5 10573/2/5 10572/2/5
f 10581/2/5 10573/2/5 10580/2/5
f 10582/2/5 10575/2/5 10574/2/5
f 10583/2/5 10575/2/5 10582/2/5
f 10584/2/5 10577/2/5 10576/2/5
f 10585/2/5 10577/2/5 10584/2/5
f 10587/2/5 10586/2/5 10585/2/5
f 10588/2/5 10586/2/5 10587/2/5
f 10593/2/5 10590/2/5 10589/2/5
f 10594/2/5 10590/2/5 10593/2/5
f 10595/5/5 10592/5/5 10591/5/5
f 10596/5/5 10592/5/5 10595/5/5
f 10600/2/5 10598/2/5 10597/2/5
f 10601/2/5 10598/2/5 10600/2/5
f 10602/5/5 10600/5/5 10599/5/5
f 10603/5/5 10600/5/5 10602/5/5
f 10606/6/5 10605/6/5 10604/6/5
f 10607/6/5 10605/6/5 10606/6/5
f 10612/6/5 10609/6/5 10608/6/5
f 10612/6/5 10610/6/5 10609/6/5
f 10613/6/5 10612/6/5 10611/6/5
f 10614/6/5 10610/6/5 10612/6/5
f 10614/6/5 10612/6/5 10613/6/5
f 10615/6/5 10610/6/5 10614/6/5
f 10617/6/5 10616/6/5 10615/6/5
f 10617/6/5 10615/6/5 10614/6/5
f 10618/6/5 10616/6/5 10617/6/5
f 10619/6/5 10616/6/5 10618/6/5
f 10621/6/5 10620/6/5 10619/6/5
f 10621/6/5 10619/6/5 10618/6/5
f 10625/6/5 10621/6/5 10618/6/5
f 10625/6/5 10622/6/5 10621/6/5
f 10626/6/5 10622/6/5 10625/6/5
f 10627/6/5 10624/6/5 10623/6/5
f 10628/6/5 10624/6/5 10627/6/5
f 10629/6/5 10622/6/5 10626/6/5
f 10630/6/5 10629/6/5 10626/6/5
f 10631/6/5 10629/6/5 10630/6/5
f 10632/6/5 10630/6/5 10626/6/5
f 10633/6/5 10630/6/5 10632/6/5
f 10635/6/5 10632/6/5 10626/6/5
f 10636/6/5 10632/6/5 10635/6/5
f 10637/6/5 10632/6/5 10636/6/5
f 10638/6/5 10635/6/5 10634/6/5
f 10638/6/5 10636/6/5 10635/6/5
f 10639/6/5 10636/6/5 10638/6/5
f 10645/12/5 10641/12/5 10640/12/5
f 10646/11/5 10642/11/5 10641/11/5
f 10646/12/5 10641/12/5 10645/12/5
f 10647/12/5 10643/12/5 10642/12/5
f 10647/11/5 10642/11/5 10646/11/5
f 10648/14/5 10644/14/5 10643/14/5
f 10648/12/5 10643/12/5 10647/12/5
f 10649/14/5 10644/14/5 10648/14/5
f 10651/3/5 10647/3/5 10646/3/5
f 10651/3/5 10646/3/5 10645/3/5
f 10652/3/5 10647/3/5 10651/3/5
f 10653/3/5 10647/3/5 10652/3/5
f 10656/11/5 10651/11/5 10650/11/5
f 10657/3/5 10652/3/5 10651/3/5
f 10657/11/5 10651/11/5 10656/11/5
f 10658/3/5 10652/3/5 10657/3/5
f 10659/7/5 10653/7/5 10652/7/5
f 10659/3/5 10652/3/5 10658/3/5
f 10660/3/5 10647/3/5 10653/3/5
f 10660/7/5 10653/7/5 10659/7/5
f 10661/2/5 10648/2/5 10647/2/5
f 10661/3/5 10647/3/5 10660/3/5
f 10662/11/5 10649/11/5 10648/11/5
f 10662/2/5 10648/2/5 10661/2/5
f 10663/11/5 10649/11/5 10662/11/5
f 10664/5/5 10655/5/5 10654/5/5
f 10665/5/5 10655/5/5 10664/5/5
f 10666/8/5 10657/8/5 10656/8/5
f 10667/3/5 10658/3/5 10657/3/5
f 10667/8/5 10657/8/5 10666/8/5
f 10668/7/5 10659/7/5 10658/7/5
f 10668/3/5 10658/3/5 10667/3/5
f 10669/4/5 10660/4/5 10659/4/5
f 10669/7/5 10659/7/5 10668/7/5
f 10670/7/5 10661/7/5 10660/7/5
f 10670/4/5 10660/4/5 10669/4/5
f 10671/3/5 10662/3/5 10661/3/5
f 10671/7/5 10661/7/5 10670/7/5
f 10672/8/5 10663/8/5 10662/8/5
f 10672/3/5 10662/3/5 10671/3/5
f 10673/8/5 10663/8/5 10672/8/5
f 10674/11/5 10667/11/5 10666/11/5
f 10675/3/5 10669/3/5 10668/3/5
f 10675/11/5 10667/11/5 10674/11/5
f 10675/3/5 10668/3/5 10667/3/5
f 10676/3/5 10669/3/5 10675/3/5
f 10677/7/5 10670/7/5 10669/7/5
f 10677/3/5 10669/3/5 10676/3/5
f 10678/3/5 10671/3/5 10670/3/5
f 10678/7/5 10670/7/5 10677/7/5
f 10679/2/5 10672/2/5 10671/2/5
f 10679/11/5 10673/11/5 10672/11/5
f 10680/11/5 10673/11/5 10679/11/5
f 10682/12/5 10675/12/5 10674/12/5
f 10683/2/5 10676/2/5 10675/2/5
f 10683/12/5 10675/12/5 10682/12/5
f 10684/3/5 10678/3/5 10677/3/5
f 10684/2/5 10676/2/5 10683/2/5
f 10684/3/5 10677/3/5 10676/3/5
f 10685/3/5 10671/3/5 10678/3/5
f 10685/3/5 10678/3/5 10684/3/5
f 10685/2/5 10679/2/5 10671/2/5
f 10686/12/5 10680/12/5 10679/12/5
f 10686/2/5 10679/2/5 10685/2/5
f 10687/12/5 10680/12/5 10686/12/5
f 10688/6/5 10682/6/5 10681/6/5
f 10689/14/5 10683/14/5 10682/14/5
f 10689/6/5 10682/6/5 10688/6/5
f 10690/12/5 10684/12/5 10683/12/5
f 10690/14/5 10683/14/5 10689/14/5
f 10691/11/5 10685/11/5 10684/11/5
f 10691/12/5 10684/12/5 10690/12/5
f 10692/12/5 10686/12/5 10685/12/5
f 10692/11/5 10685/11/5 10691/11/5
f 10693/14/5 10687/14/5 10686/14/5
f 10693/12/5 10686/12/5 10692/12/5
f 10694/14/5 10687/14/5 10693/14/5
f 10697/5/5 10696/5/5 10695/5/5
f 10698/5/5 10696/5/5 10697/5/5
f 10708/3/5 10700/3/5 10699/3/5
f 10709/3/5 10700/3/5 10708/3/5
f 10710/5/5 10702/5/5 10701/5/5
f 10710/5/5 10703/5/5 10702/5/5
f 10711/5/5 10703/5/5 10710/5/5
f 10712/13/5 10705/13/5 10704/13/5
f 10713/8/5 10706/8/5 10705/8/5
f 10713/13/5 10705/13/5 10712/13/5
f 10714/2/5 10707/2/5 10706/2/5
f 10714/8/5 10706/8/5 10713/8/5
f 10715/8/5 10708/8/5 10707/8/5
f 10715/2/5 10707/2/5 10714/2/5
f 10716/11/5 10709/11/5 10708/11/5
f 10716/8/5 10708/8/5 10715/8/5
f 10717/11/5 10709/11/5 10716/11/5
f 10720/8/5 10713/8/5 10712/8/5
f 10721/3/5 10714/3/5 10713/3/5
f 10721/8/5 10713/8/5 10720/8/5
f 10722/7/5 10715/7/5 10714/7/5
f 10722/3/5 10714/3/5 10721/3/5
f 10723/3/5 10716/3/5 10715/3/5
f 10723/7/5 10715/7/5 10722/7/5
f 10724/8/5 10717/8/5 10716/8/5
f 10724/3/5 10716/3/5 10723/3/5
f 10725/8/5 10717/8/5 10724/8/5
f 10726/2/5 10719/2/5 10718/2/5
f 10727/2/5 10719/2/5 10726/2/5
f 10729/2/5 10721/2/5 10720/2/5
f 10730/7/5 10722/7/5 10721/7/5
f 10730/2/5 10721/2/5 10729/2/5
f 10731/4/5 10723/4/5 10722/4/5
f 10731/7/5 10722/7/5 10730/7/5
f 10732/7/5 10724/7/5 10723/7/5
f 10732/4/5 10723/4/5 10731/4/5
f 10733/2/5 10725/2/5 10724/2/5
f 10733/7/5 10724/7/5 10732/7/5
f 10734/2/5 10725/2/5 10733/2/5
f 10736/2/5 10728/2/5 10727/2/5
f 10738/1/5 10730/1/5 10729/1/5
f 10739/3/5 10731/3/5 10730/3/5
f 10739/1/5 10730/1/5 10738/1/5
f 10740/7/5 10732/7/5 10731/7/5
f 10740/3/5 10731/3/5 10739/3/5
f 10741/3/5 10733/3/5 10732/3/5
f 10741/7/5 10732/7/5 10740/7/5
f 10742/8/5 10734/8/5 10733/8/5
f 10742/3/5 10733/3/5 10741/3/5
f 10743/3/5 10735/3/5 10734/3/5
f 10743/8/5 10734/8/5 10742/8/5
f 10744/3/5 10735/3/5 10743/3/5
f 10745/2/5 10737/2/5 10736/2/5
f 10745/2/5 10736/2/5 10727/2/5
f 10746/2/5 10737/2/5 10745/2/5
f 10747/2/5 10737/2/5 10746/2/5
f 10748/13/5 10739/13/5 10738/13/5
f 10749/8/5 10740/8/5 10739/8/5
f 10749/13/5 10739/13/5 10748/13/5
f 10750/2/5 10741/2/5 10740/2/5
f 10750/8/5 10740/8/5 10749/8/5
f 10751/8/5 10742/8/5 10741/8/5
f 10751/2/5 10741/2/5 10750/2/5
f 10752/13/5 10743/13/5 10742/13/5
f 10752/8/5 10742/8/5 10751/8/5
f 10753/13/5 10743/13/5 10752/13/5
f 10756/2/5 10755/2/5 10754/2/5
f 10757/2/5 10755/2/5 10756/2/5
f 10760/5/5 10759/5/5 10758/5/5
f 10761/5/5 10759/5/5 10760/5/5
f 10766/14/5 10763/14/5 10762/14/5
f 10767/12/5 10764/12/5 10763/12/5
f 10767/14/5 10763/14/5 10766/14/5
f 10768/11/5 10765/11/5 10764/11/5
f 10768/12/5 10764/12/5 10767/12/5
f 10769/11/5 10765/11/5 10768/11/5
f 10770/3/5 10769/3/5 10768/3/5
f 10771/3/5 10769/3/5 10770/3/5
f 10776/11/5 10773/11/5 10772/11/5
f 10777/8/5 10774/8/5 10773/8/5
f 10777/11/5 10773/11/5 10776/11/5
f 10778/2/5 10775/2/5 10774/2/5
f 10778/8/5 10774/8/5 10777/8/5
f 10779/2/5 10775/2/5 10778/2/5
f 10780/8/5 10777/8/5 10776/8/5
f 10781/3/5 10778/3/5 10777/3/5
f 10781/8/5 10777/8/5 10780/8/5
f 10782/7/5 10779/7/5 10778/7/5
f 10782/3/5 10778/3/5 10781/3/5
f 10783/7/5 10779/7/5 10782/7/5
f 10786/2/5 10781/2/5 10780/2/5
f 10787/7/5 10782/7/5 10781/7/5
f 10787/2/5 10781/2/5 10786/2/5
f 10788/7/5 10782/7/5 10787/7/5
f 10789/12/5 10785/12/5 10784/12/5
f 10790/12/5 10785/12/5 10789/12/5
f 10791/1/5 10787/1/5 10786/1/5
f 10792/3/5 10788/3/5 10787/3/5
f 10792/1/5 10787/1/5 10791/1/5
f 10793/3/5 10788/3/5 10792/3/5
f 10794/15/5 10790/15/5 10789/15/5
f 10795/15/5 10790/15/5 10794/15/5
f 10798/5/5 10797/5/5 10796/5/5
f 10799/5/5 10797/5/5 10798/5/5
f 10802/5/5 10801/5/5 10800/5/5
f 10803/5/5 10801/5/5 10802/5/5
f 10818/6/5 10805/6/5 10804/6/5
f 10819/6/5 10805/6/5 10818/6/5
f 10820/11/5 10807/11/5 10806/11/5
f 10821/8/5 10808/8/5 10807/8/5
f 10821/11/5 10807/11/5 10820/11/5
f 10822/8/5 10808/8/5 10821/8/5
f 10824/11/5 10810/11/5 10809/11/5
f 10825/11/5 10810/11/5 10824/11/5
f 10827/14/5 10812/14/5 10811/14/5
f 10828/12/5 10813/12/5 10812/12/5
f 10828/14/5 10812/14/5 10827/14/5
f 10829/11/5 10814/11/5 10813/11/5
f 10829/12/5 10813/12/5 10828/12/5
f 10829/11/5 10815/11/5 10814/11/5
f 10830/12/5 10816/12/5 10815/12/5
f 10830/11/5 10815/11/5 10829/11/5
f 10831/14/5 10817/14/5 10816/14/5
f 10831/12/5 10816/12/5 10830/12/5
f 10832/14/5 10817/14/5 10831/14/5
f 10833/3/5 10822/3/5 10821/3/5
f 10834/7/5 10823/7/5 10822/7/5
f 10834/3/5 10822/3/5 10833/3/5
f 10835/7/5 10823/7/5 10834/7/5
f 10836/2/5 10826/2/5 10825/2/5
f 10837/2/5 10826/2/5 10836/2/5
f 10838/3/5 10830/3/5 10829/3/5
f 10838/3/5 10829/3/5 10828/3/5
f 10839/3/5 10830/3/5 10838/3/5
f 10843/7/5 10834/7/5 10833/7/5
f 10844/7/5 10834/7/5 10843/7/5
f 10845/11/5 10828/11/5 10827/11/5
f 10846/3/5 10838/3/5 10828/3/5
f 10846/11/5 10828/11/5 10845/11/5
f 10847/3/5 10838/3/5 10846/3/5
f 10848/7/5 10839/7/5 10838/7/5
f 10848/3/5 10838/3/5 10847/3/5
f 10849/3/5 10830/3/5 10839/3/5
f 10849/7/5 10839/7/5 10848/7/5
f 10850/2/5 10831/2/5 10830/2/5
f 10850/3/5 10830/3/5 10849/3/5
f 10851/11/5 10832/11/5 10831/11/5
f 10851/2/5 10831/2/5 10850/2/5
f 10852/11/5 10832/11/5 10851/11/5
f 10853/2/5 10841/2/5 10840/2/5
f 10854/2/5 10841/2/5 10853/2/5
f 10855/1/5 10843/1/5 10842/1/5
f 10856/3/5 10844/3/5 10843/3/5
f 10856/1/5 10843/1/5 10855/1/5
f 10857/3/5 10844/3/5 10856/3/5
f 10861/8/5 10846/8/5 10845/8/5
f 10862/3/5 10847/3/5 10846/3/5
f 10862/8/5 10846/8/5 10861/8/5
f 10863/7/5 10848/7/5 10847/7/5
f 10863/3/5 10847/3/5 10862/3/5
f 10864/4/5 10849/4/5 10848/4/5
f 10864/7/5 10848/7/5 10863/7/5
f 10865/7/5 10850/7/5 10849/7/5
f 10865/4/5 10849/4/5 10864/4/5
f 10866/3/5 10851/3/5 10850/3/5
f 10866/7/5 10850/7/5 10865/7/5
f 10867/8/5 10852/8/5 10851/8/5
f 10867/3/5 10851/3/5 10866/3/5
f 10868/8/5 10852/8/5 10867/8/5
f 10869/2/5 10855/2/5 10854/2/5
f 10870/8/5 10857/8/5 10856/8/5
f 10870/2/5 10855/2/5 10869/2/5
f 10870/8/5 10856/8/5 10855/8/5
f 10871/2/5 10858/2/5 10857/2/5
f 10871/8/5 10857/8/5 10870/8/5
f 10872/2/5 10858/2/5 10871/2/5
f 10874/2/5 10860/2/5 10859/2/5
f 10875/2/5 10860/2/5 10874/2/5
f 10878/11/5 10862/11/5 10861/11/5
f 10879/3/5 10864/3/5 10863/3/5
f 10879/11/5 10862/11/5 10878/11/5
f 10879/3/5 10863/3/5 10862/3/5
f 10880/3/5 10864/3/5 10879/3/5
f 10881/7/5 10865/7/5 10864/7/5
f 10881/3/5 10864/3/5 10880/3/5
f 10882/3/5 10866/3/5 10865/3/5
f 10882/7/5 10865/7/5 10881/7/5
f 10883/11/5 10868/11/5 10867/11/5
f 10883/2/5 10867/2/5 10866/2/5
f 10884/11/5 10868/11/5 10883/11/5
f 10885/2/5 10872/2/5 10871/2/5
f 10885/2/5 10873/2/5 10872/2/5
f 10886/2/5 10873/2/5 10885/2/5
f 10887/6/5 10877/6/5 10876/6/5
f 10888/6/5 10877/6/5 10887/6/5
f 10889/12/5 10879/12/5 10878/12/5
f 10890/2/5 10880/2/5 10879/2/5
f 10890/12/5 10879/12/5 10889/12/5
f 10891/3/5 10881/3/5 10880/3/5
f 10891/2/5 10880/2/5 10890/2/5
f 10891/3/5 10882/3/5 10881/3/5
f 10892/2/5 10883/2/5 10866/2/5
f 10892/3/5 10882/3/5 10891/3/5
f 10892/3/5 10866/3/5 10882/3/5
f 10893/12/5 10884/12/5 10883/12/5
f 10893/2/5 10883/2/5 10892/2/5
f 10894/12/5 10884/12/5 10893/12/5
f 10895/2/5 10885/2/5 10871/2/5
f 10896/2/5 10885/2/5 10895/2/5
f 10899/14/5 10890/14/5 10889/14/5
f 10900/12/5 10891/12/5 10890/12/5
f 10900/14/5 10890/14/5 10899/14/5
f 10901/11/5 10892/11/5 10891/11/5
f 10901/12/5 10891/12/5 10900/12/5
f 10902/12/5 10893/12/5 10892/12/5
f 10902/11/5 10892/11/5 10901/11/5
f 10903/14/5 10894/14/5 10893/14/5
f 10903/12/5 10893/12/5 10902/12/5
f 10904/14/5 10894/14/5 10903/14/5
f 10907/5/5 10898/5/5 10897/5/5
f 10908/5/5 10898/5/5 10907/5/5
f 10909/5/5 10906/5/5 10905/5/5
f 10910/5/5 10906/5/5 10909/5/5
f 10915/13/5 10912/13/5 10911/13/5
f 10916/8/5 10913/8/5 10912/8/5
f 10916/13/5 10912/13/5 10915/13/5
f 10917/8/5 10913/8/5 10916/8/5
f 10918/8/5 10913/8/5 10917/8/5
f 10919/13/5 10914/13/5 10913/13/5
f 10919/8/5 10913/8/5 10918/8/5
f 10920/13/5 10914/13/5 10919/13/5
f 10921/8/5 10916/8/5 10915/8/5
f 10921/3/5 10917/3/5 10916/3/5
f 10922/7/5 10918/7/5 10917/7/5
f 10922/3/5 10917/3/5 10921/3/5
f 10923/3/5 10919/3/5 10918/3/5
f 10923/7/5 10918/7/5 10922/7/5
f 10924/8/5 10920/8/5 10919/8/5
f 10924/3/5 10919/3/5 10923/3/5
f 10925/8/5 10921/8/5 10915/8/5
f 10926/7/5 10922/7/5 10921/7/5
f 10926/8/5 10921/8/5 10925/8/5
f 10927/4/5 10923/4/5 10922/4/5
f 10927/7/5 10922/7/5 10926/7/5
f 10928/7/5 10924/7/5 10923/7/5
f 10928/4/5 10923/4/5 10927/4/5
f 10929/8/5 10920/8/5 10924/8/5
f 10929/7/5 10924/7/5 10928/7/5
f 10932/1/5 10926/1/5 10925/1/5
f 10933/3/5 10927/3/5 10926/3/5
f 10933/1/5 10926/1/5 10932/1/5
f 10934/7/5 10928/7/5 10927/7/5
f 10934/3/5 10927/3/5 10933/3/5
f 10935/3/5 10929/3/5 10928/3/5
f 10935/7/5 10928/7/5 10934/7/5
f 10936/8/5 10920/8/5 10929/8/5
f 10936/3/5 10929/3/5 10935/3/5
f 10937/8/5 10920/8/5 10936/8/5
f 10938/13/5 10933/13/5 10932/13/5
f 10939/11/5 10934/11/5 10933/11/5
f 10939/13/5 10933/13/5 10938/13/5
f 10940/8/5 10935/8/5 10934/8/5
f 10940/11/5 10934/11/5 10939/11/5
f 10941/11/5 10936/11/5 10935/11/5
f 10941/8/5 10935/8/5 10940/8/5
f 10941/11/5 10937/11/5 10936/11/5
f 10942/11/5 10937/11/5 10941/11/5
f 10943/5/5 10931/5/5 10930/5/5
f 10944/5/5 10931/5/5 10943/5/5
f 10948/6/5 10946/6/5 10945/6/5
f 10949/6/5 10946/6/5 10948/6/5
f 10950/6/5 10948/6/5 10947/6/5
f 10951/6/5 10948/6/5 10950/6/5
f 10954/6/5 10953/6/5 10952/6/5
f 10955/6/5 10953/6/5 10954/6/5
f 10959/6/5 10957/6/5 10956/6/5
f 10959/6/5 10958/6/5 10957/6/5
f 10960/6/5 10958/6/5 10959/6/5
f 10961/6/5 10958/6/5 10960/6/5
f 10964/5/5 10963/5/5 10962/5/5
f 10965/5/5 10963/5/5 10964/5/5
f 10976/14/5 10967/14/5 10966/14/5
f 10977/13/5 10968/13/5 10967/13/5
f 10977/14/5 10967/14/5 10976/14/5
f 10978/12/5 10969/12/5 10968/12/5
f 10978/13/5 10968/13/5 10977/13/5
f 10979/12/5 10969/12/5 10978/12/5
f 10980/11/5 10970/11/5 10969/11/5
f 10980/12/5 10969/12/5 10979/12/5
f 10981/11/5 10970/11/5 10980/11/5
f 10982/8/5 10971/8/5 10970/8/5
f 10982/11/5 10970/11/5 10981/11/5
f 10983/11/5 10972/11/5 10971/11/5
f 10983/8/5 10971/8/5 10982/8/5
f 10984/11/5 10972/11/5 10983/11/5
f 10985/12/5 10973/12/5 10972/12/5
f 10985/11/5 10972/11/5 10984/11/5
f 10986/12/5 10973/12/5 10985/12/5
f 10987/13/5 10974/13/5 10973/13/5
f 10987/12/5 10973/12/5 10986/12/5
f 10988/14/5 10975/14/5 10974/14/5
f 10988/13/5 10974/13/5 10987/13/5
f 10989/14/5 10975/14/5 10988/14/5
f 10990/14/5 10976/14/5 10966/14/5
f 10991/13/5 10977/13/5 10976/13/5
f 10991/14/5 10976/14/5 10990/14/5
f 10992/12/5 10979/12/5 10978/12/5
f 10992/13/5 10977/13/5 10991/13/5
f 10992/12/5 10978/12/5 10977/12/5
f 10993/12/5 10979/12/5 10992/12/5
f 10994/10/5 10981/10/5 10980/10/5
f 10994/12/5 10979/12/5 10993/12/5
f 10994/10/5 10980/10/5 10979/10/5
f 10995/10/5 10981/10/5 10994/10/5
f 10996/9/5 10982/9/5 10981/9/5
f 10996/10/5 10981/10/5 10995/10/5
f 10996/9/5 10984/9/5 10983/9/5
f 10996/9/5 10983/9/5 10982/9/5
f 10997/9/5 10984/9/5 10996/9/5
f 10998/9/5 10984/9/5 10997/9/5
f 10999/10/5 10986/10/5 10985/10/5
f 10999/9/5 10984/9/5 10998/9/5
f 10999/10/5 10985/10/5 10984/10/5
f 11000/10/5 10986/10/5 10999/10/5
f 11001/12/5 10987/12/5 10986/12/5
f 11001/10/5 10986/10/5 11000/10/5
f 11001/12/5 10988/12/5 10987/12/5
f 11002/12/5 10988/12/5 11001/12/5
f 11003/13/5 10989/13/5 10988/13/5
f 11003/12/5 10988/12/5 11002/12/5
f 11004/14/5 10975/14/5 10989/14/5
f 11004/13/5 10989/13/5 11003/13/5
f 11005/14/5 10975/14/5 11004/14/5
f 11006/12/5 10993/12/5 10992/12/5
f 11006/12/5 10992/12/5 10991/12/5
f 11007/10/5 10995/10/5 10994/10/5
f 11007/12/5 10993/12/5 11006/12/5
f 11007/10/5 10994/10/5 10993/10/5
f 11008/10/5 10995/10/5 11007/10/5
f 11009/9/5 10997/9/5 10996/9/5
f 11009/10/5 10995/10/5 11008/10/5
f 11009/9/5 10996/9/5 10995/9/5
f 11010/9/5 10997/9/5 11009/9/5
f 11011/2/5 10998/2/5 10997/2/5
f 11011/9/5 10997/9/5 11010/9/5
f 11012/9/5 11000/9/5 10999/9/5
f 11012/2/5 10998/2/5 11011/2/5
f 11012/9/5 10999/9/5 10998/9/5
f 11013/9/5 11000/9/5 11012/9/5
f 11014/10/5 11002/10/5 11001/10/5
f 11014/9/5 11000/9/5 11013/9/5
f 11014/10/5 11001/10/5 11000/10/5
f 11015/10/5 11002/10/5 11014/10/5
f 11016/12/5 11003/12/5 11002/12/5
f 11016/10/5 11002/10/5 11015/10/5
f 11016/12/5 11004/12/5 11003/12/5
f 11017/12/5 11004/12/5 11016/12/5
f 11018/13/5 10991/13/5 10990/13/5
f 11019/12/5 11006/12/5 10991/12/5
f 11019/13/5 10991/13/5 11018/13/5
f 11020/10/5 11008/10/5 11007/10/5
f 11020/10/5 11007/10/5 11006/10/5
f 11021/9/5 11010/9/5 11009/9/5
f 11021/10/5 11008/10/5 11020/10/5
f 11021/9/5 11009/9/5 11008/9/5
f 11022/9/5 11010/9/5 11021/9/5
f 11023/2/5 11011/2/5 11010/2/5
f 11023/9/5 11010/9/5 11022/9/5
f 11023/2/5 11013/2/5 11012/2/5
f 11023/2/5 11012/2/5 11011/2/5
f 11024/2/5 11013/2/5 11023/2/5
f 11025/2/5 11013/2/5 11024/2/5
f 11026/9/5 11015/9/5 11014/9/5
f 11026/2/5 11013/2/5 11025/2/5
f 11026/9/5 11014/9/5 11013/9/5
f 11027/9/5 11015/9/5 11026/9/5
f 11028/10/5 11017/10/5 11016/10/5
f 11028/9/5 11015/9/5 11027/9/5
f 11028/10/5 11016/10/5 11015/10/5
f 11029/10/5 11017/10/5 11028/10/5
f 11030/12/5 11004/12/5 11017/12/5
f 11030/13/5 11005/13/5 11004/13/5
f 11031/13/5 11005/13/5 11030/13/5
f 11032/12/5 11006/12/5 11019/12/5
f 11032/12/5 11019/12/5 11018/12/5
f 11033/10/5 11020/10/5 11006/10/5
f 11033/12/5 11006/12/5 11032/12/5
f 11034/9/5 11022/9/5 11021/9/5
f 11034/9/5 11021/9/5 11020/9/5
f 11035/2/5 11024/2/5 11023/2/5
f 11035/9/5 11022/9/5 11034/9/5
f 11035/2/5 11023/2/5 11022/2/5
f 11036/2/5 11024/2/5 11035/2/5
f 11037/3/5 11025/3/5 11024/3/5
f 11037/2/5 11024/2/5 11036/2/5
f 11038/2/5 11027/2/5 11026/2/5
f 11038/3/5 11025/3/5 11037/3/5
f 11038/2/5 11026/2/5 11025/2/5
f 11039/2/5 11027/2/5 11038/2/5
f 11040/9/5 11029/9/5 11028/9/5
f 11040/2/5 11027/2/5 11039/2/5
f 11040/9/5 11028/9/5 11027/9/5
f 11041/9/5 11029/9/5 11040/9/5
f 11042/10/5 11017/10/5 11029/10/5
f 11042/12/5 11031/12/5 11030/12/5
f 11042/12/5 11030/12/5 11017/12/5
f 11043/12/5 11031/12/5 11042/12/5
f 11044/12/5 11032/12/5 11018/12/5
f 11045/10/5 11033/10/5 11032/10/5
f 11045/12/5 11032/12/5 11044/12/5
f 11046/10/5 11020/10/5 11033/10/5
f 11046/10/5 11033/10/5 11045/10/5
f 11047/9/5 11034/9/5 11020/9/5
f 11047/10/5 11020/10/5 11046/10/5
f 11048/2/5 11036/2/5 11035/2/5
f 11048/2/5 11035/2/5 11034/2/5
f 11049/3/5 11039/3/5 11038/3/5
f 11049/2/5 11036/2/5 11048/2/5
f 11049/3/5 11037/3/5 11036/3/5
f 11049/3/5 11038/3/5 11037/3/5
f 11050/3/5 11039/3/5 11049/3/5
f 11051/3/5 11039/3/5 11050/3/5
f 11052/3/5 11039/3/5 11051/3/5
f 11053/3/5 11039/3/5 11052/3/5
f 11054/2/5 11041/2/5 11040/2/5
f 11054/3/5 11039/3/5 11053/3/5
f 11054/2/5 11040/2/5 11039/2/5
f 11055/2/5 11041/2/5 11054/2/5
f 11056/9/5 11029/9/5 11041/9/5
f 11056/10/5 11043/10/5 11042/10/5
f 11056/10/5 11042/10/5 11029/10/5
f 11057/10/5 11043/10/5 11056/10/5
f 11058/12/5 11031/12/5 11043/12/5
f 11058/10/5 11043/10/5 11057/10/5
f 11059/12/5 11031/12/5 11058/12/5
f 11060/11/5 11045/11/5 11044/11/5
f 11060/10/5 11046/10/5 11045/10/5
f 11061/9/5 11047/9/5 11046/9/5
f 11061/10/5 11046/10/5 11060/10/5
f 11062/9/5 11034/9/5 11047/9/5
f 11062/9/5 11047/9/5 11061/9/5
f 11063/2/5 11048/2/5 11034/2/5
f 11063/9/5 11034/9/5 11062/9/5
f 11064/3/5 11049/3/5 11048/3/5
f 11064/3/5 11050/3/5 11049/3/5
f 11065/7/5 11051/7/5 11050/7/5
f 11065/3/5 11050/3/5 11064/3/5
f 11066/4/5 11052/4/5 11051/4/5
f 11066/7/5 11051/7/5 11065/7/5
f 11067/4/5 11052/4/5 11066/4/5
f 11068/7/5 11053/7/5 11052/7/5
f 11068/4/5 11052/4/5 11067/4/5
f 11069/3/5 11055/3/5 11054/3/5
f 11069/7/5 11053/7/5 11068/7/5
f 11069/3/5 11054/3/5 11053/3/5
f 11070/3/5 11055/3/5 11069/3/5
f 11071/2/5 11041/2/5 11055/2/5
f 11071/9/5 11057/9/5 11056/9/5
f 11071/9/5 11056/9/5 11041/9/5
f 11072/9/5 11057/9/5 11071/9/5
f 11073/10/5 11058/10/5 11057/10/5
f 11073/9/5 11057/9/5 11072/9/5
f 11074/11/5 11059/11/5 11058/11/5
f 11074/10/5 11058/10/5 11073/10/5
f 11075/11/5 11060/11/5 11044/11/5
f 11076/9/5 11061/9/5 11060/9/5
f 11076/11/5 11060/11/5 11075/11/5
f 11076/9/5 11062/9/5 11061/9/5
f 11077/2/5 11048/2/5 11063/2/5
f 11077/2/5 11063/2/5 11062/2/5
f 11078/3/5 11064/3/5 11048/3/5
f 11078/2/5 11048/2/5 11077/2/5
f 11079/3/5 11064/3/5 11078/3/5
f 11080/7/5 11065/7/5 11064/7/5
f 11080/3/5 11064/3/5 11079/3/5
f 11081/4/5 11067/4/5 11066/4/5
f 11081/7/5 11065/7/5 11080/7/5
f 11081/4/5 11066/4/5 11065/4/5
f 11082/7/5 11068/7/5 11067/7/5
f 11082/4/5 11067/4/5 11081/4/5
f 11083/4/5 11069/4/5 11068/4/5
f 11083/7/5 11068/7/5 11082/7/5
f 11084/3/5 11055/3/5 11070/3/5
f 11084/7/5 11070/7/5 11069/7/5
f 11085/3/5 11055/3/5 11084/3/5
f 11086/2/5 11072/2/5 11071/2/5
f 11086/3/5 11055/3/5 11085/3/5
f 11086/2/5 11071/2/5 11055/2/5
f 11087/2/5 11072/2/5 11086/2/5
f 11088/9/5 11073/9/5 11072/9/5
f 11088/9/5 11074/9/5 11073/9/5
f 11088/11/5 11059/11/5 11074/11/5
f 11089/11/5 11059/11/5 11088/11/5
f 11090/9/5 11062/9/5 11076/9/5
f 11091/2/5 11077/2/5 11062/2/5
f 11091/9/5 11062/9/5 11090/9/5
f 11092/4/5 11083/4/5 11082/4/5
f 11092/4/5 11081/4/5 11080/4/5
f 11092/4/5 11082/4/5 11081/4/5
f 11093/4/5 11083/4/5 11092/4/5
f 11094/4/5 11069/4/5 11083/4/5
f 11094/4/5 11083/4/5 11093/4/5
f 11094/7/5 11085/7/5 11084/7/5
f 11094/7/5 11084/7/5 11069/7/5
f 11095/7/5 11085/7/5 11094/7/5
f 11096/2/5 11072/2/5 11087/2/5
f 11096/9/5 11088/9/5 11072/9/5
f 11097/9/5 11088/9/5 11096/9/5
f 11098/7/5 11093/7/5 11092/7/5
f 11098/4/5 11092/4/5 11080/4/5
f 11099/4/5 11095/4/5 11094/4/5
f 11099/7/5 11093/7/5 11098/7/5
f 11099/4/5 11094/4/5 11093/4/5
f 11100/4/5 11095/4/5 11099/4/5
f 11101/2/5 11091/2/5 11090/2/5
f 11101/9/5 11090/9/5 11076/9/5
f 11102/2/5 11077/2/5 11091/2/5
f 11102/2/5 11091/2/5 11101/2/5
f 11103/7/5 11080/7/5 11079/7/5
f 11103/4/5 11098/4/5 11080/4/5
f 11103/4/5 11099/4/5 11098/4/5
f 11104/4/5 11099/4/5 11103/4/5
f 11105/7/5 11100/7/5 11099/7/5
f 11105/4/5 11099/4/5 11104/4/5
f 11106/4/5 11095/4/5 11100/4/5
f 11106/7/5 11100/7/5 11105/7/5
f 11107/2/5 11097/2/5 11096/2/5
f 11107/2/5 11096/2/5 11087/2/5
f 11108/9/5 11088/9/5 11097/9/5
f 11108/2/5 11097/2/5 11107/2/5
f 11109/8/5 11076/8/5 11075/8/5
f 11110/9/5 11101/9/5 11076/9/5
f 11110/8/5 11076/8/5 11109/8/5
f 11110/9/5 11102/9/5 11101/9/5
f 11111/2/5 11077/2/5 11102/2/5
f 11111/3/5 11079/3/5 11078/3/5
f 11111/3/5 11078/3/5 11077/3/5
f 11112/3/5 11079/3/5 11111/3/5
f 11113/7/5 11103/7/5 11079/7/5
f 11113/3/5 11079/3/5 11112/3/5
f 11113/7/5 11104/7/5 11103/7/5
f 11114/7/5 11104/7/5 11113/7/5
f 11115/4/5 11105/4/5 11104/4/5
f 11115/7/5 11104/7/5 11114/7/5
f 11115/4/5 11106/4/5 11105/4/5
f 11116/4/5 11106/4/5 11115/4/5
f 11117/4/5 11095/4/5 11106/4/5
f 11117/4/5 11106/4/5 11116/4/5
f 11118/7/5 11085/7/5 11095/7/5
f 11118/4/5 11095/4/5 11117/4/5
f 11119/3/5 11087/3/5 11086/3/5
f 11119/7/5 11085/7/5 11118/7/5
f 11119/3/5 11086/3/5 11085/3/5
f 11120/3/5 11087/3/5 11119/3/5
f 11121/2/5 11107/2/5 11087/2/5
f 11121/3/5 11087/3/5 11120/3/5
f 11122/9/5 11088/9/5 11108/9/5
f 11122/8/5 11089/8/5 11088/8/5
f 11122/9/5 11108/9/5 11107/9/5
f 11123/8/5 11089/8/5 11122/8/5
f 11124/9/5 11102/9/5 11110/9/5
f 11124/11/5 11110/11/5 11109/11/5
f 11125/9/5 11102/9/5 11124/9/5
f 11126/2/5 11112/2/5 11111/2/5
f 11126/9/5 11102/9/5 11125/9/5
f 11126/2/5 11111/2/5 11102/2/5
f 11127/2/5 11112/2/5 11126/2/5
f 11128/3/5 11114/3/5 11113/3/5
f 11128/7/5 11115/7/5 11114/7/5
f 11128/7/5 11116/7/5 11115/7/5
f 11128/3/5 11113/3/5 11112/3/5
f 11129/7/5 11116/7/5 11128/7/5
f 11130/4/5 11117/4/5 11116/4/5
f 11130/7/5 11116/7/5 11129/7/5
f 11131/7/5 11118/7/5 11117/7/5
f 11131/4/5 11117/4/5 11130/4/5
f 11132/3/5 11120/3/5 11119/3/5
f 11132/7/5 11118/7/5 11131/7/5
f 11132/3/5 11119/3/5 11118/3/5
f 11133/2/5 11107/2/5 11121/2/5
f 11133/2/5 11121/2/5 11120/2/5
f 11134/9/5 11122/9/5 11107/9/5
f 11134/2/5 11107/2/5 11133/2/5
f 11135/9/5 11122/9/5 11134/9/5
f 11136/11/5 11123/11/5 11122/11/5
f 11136/9/5 11122/9/5 11135/9/5
f 11137/11/5 11124/11/5 11109/11/5
f 11138/10/5 11125/10/5 11124/10/5
f 11138/11/5 11124/11/5 11137/11/5
f 11139/9/5 11127/9/5 11126/9/5
f 11139/10/5 11125/10/5 11138/10/5
f 11139/9/5 11126/9/5 11125/9/5
f 11140/9/5 11127/9/5 11139/9/5
f 11141/3/5 11129/3/5 11128/3/5
f 11141/2/5 11112/2/5 11127/2/5
f 11141/3/5 11128/3/5 11112/3/5
f 11142/3/5 11129/3/5 11141/3/5
f 11143/7/5 11131/7/5 11130/7/5
f 11143/3/5 11129/3/5 11142/3/5
f 11143/7/5 11130/7/5 11129/7/5
f 11144/3/5 11132/3/5 11131/3/5
f 11144/7/5 11131/7/5 11143/7/5
f 11145/3/5 11120/3/5 11132/3/5
f 11145/3/5 11132/3/5 11144/3/5
f 11146/2/5 11133/2/5 11120/2/5
f 11146/3/5 11120/3/5 11145/3/5
f 11147/9/5 11135/9/5 11134/9/5
f 11147/9/5 11134/9/5 11133/9/5
f 11148/10/5 11136/10/5 11135/10/5
f 11148/9/5 11135/9/5 11147/9/5
f 11149/11/5 11123/11/5 11136/11/5
f 11149/10/5 11136/10/5 11148/10/5
f 11150/11/5 11123/11/5 11149/11/5
f 11151/10/5 11140/10/5 11139/10/5
f 11151/12/5 11138/12/5 11137/12/5
f 11151/10/5 11139/10/5 11138/10/5
f 11152/10/5 11140/10/5 11151/10/5
f 11153/2/5 11142/2/5 11141/2/5
f 11153/9/5 11127/9/5 11140/9/5
f 11153/2/5 11141/2/5 11127/2/5
f 11154/2/5 11142/2/5 11153/2/5
f 11155/3/5 11144/3/5 11143/3/5
f 11155/2/5 11142/2/5 11154/2/5
f 11155/3/5 11143/3/5 11142/3/5
f 11155/3/5 11145/3/5 11144/3/5
f 11156/3/5 11145/3/5 11155/3/5
f 11157/3/5 11145/3/5 11156/3/5
f 11158/2/5 11146/2/5 11145/2/5
f 11158/3/5 11145/3/5 11157/3/5
f 11159/2/5 11133/2/5 11146/2/5
f 11159/2/5 11146/2/5 11158/2/5
f 11160/9/5 11147/9/5 11133/9/5
f 11160/2/5 11133/2/5 11159/2/5
f 11161/10/5 11148/10/5 11147/10/5
f 11161/10/5 11149/10/5 11148/10/5
f 11162/12/5 11150/12/5 11149/12/5
f 11162/10/5 11149/10/5 11161/10/5
f 11163/12/5 11152/12/5 11151/12/5
f 11163/12/5 11151/12/5 11137/12/5
f 11164/12/5 11152/12/5 11163/12/5
f 11165/10/5 11140/10/5 11152/10/5
f 11165/9/5 11154/9/5 11153/9/5
f 11165/9/5 11153/9/5 11140/9/5
f 11166/9/5 11154/9/5 11165/9/5
f 11167/2/5 11155/2/5 11154/2/5
f 11167/9/5 11154/9/5 11166/9/5
f 11167/2/5 11156/2/5 11155/2/5
f 11168/2/5 11156/2/5 11167/2/5
f 11169/3/5 11157/3/5 11156/3/5
f 11169/2/5 11156/2/5 11168/2/5
f 11170/2/5 11158/2/5 11157/2/5
f 11170/3/5 11157/3/5 11169/3/5
f 11170/2/5 11159/2/5 11158/2/5
f 11171/2/5 11159/2/5 11170/2/5
f 11172/9/5 11160/9/5 11159/9/5
f 11172/2/5 11159/2/5 11171/2/5
f 11173/9/5 11147/9/5 11160/9/5
f 11173/9/5 11160/9/5 11172/9/5
f 11174/10/5 11161/10/5 11147/10/5
f 11174/9/5 11147/9/5 11173/9/5
f 11175/12/5 11150/12/5 11162/12/5
f 11175/12/5 11162/12/5 11161/12/5
f 11176/12/5 11150/12/5 11175/12/5
f 11177/12/5 11152/12/5 11164/12/5
f 11177/10/5 11166/10/5 11165/10/5
f 11177/10/5 11165/10/5 11152/10/5
f 11178/10/5 11166/10/5 11177/10/5
f 11179/9/5 11167/9/5 11166/9/5
f 11179/10/5 11166/10/5 11178/10/5
f 11179/9/5 11168/9/5 11167/9/5
f 11180/9/5 11168/9/5 11179/9/5
f 11181/2/5 11169/2/5 11168/2/5
f 11181/9/5 11168/9/5 11180/9/5
f 11181/2/5 11171/2/5 11170/2/5
f 11181/2/5 11170/2/5 11169/2/5
f 11182/2/5 11171/2/5 11181/2/5
f 11183/2/5 11171/2/5 11182/2/5
f 11184/9/5 11173/9/5 11172/9/5
f 11184/2/5 11171/2/5 11183/2/5
f 11184/9/5 11172/9/5 11171/9/5
f 11185/9/5 11173/9/5 11184/9/5
f 11186/10/5 11174/10/5 11173/10/5
f 11186/9/5 11173/9/5 11185/9/5
f 11187/10/5 11161/10/5 11174/10/5
f 11187/10/5 11174/10/5 11186/10/5
f 11188/12/5 11175/12/5 11161/12/5
f 11188/10/5 11161/10/5 11187/10/5
f 11189/13/5 11164/13/5 11163/13/5
f 11190/12/5 11178/12/5 11177/12/5
f 11190/13/5 11164/13/5 11189/13/5
f 11190/12/5 11177/12/5 11164/12/5
f 11191/12/5 11178/12/5 11190/12/5
f 11192/10/5 11180/10/5 11179/10/5
f 11192/12/5 11178/12/5 11191/12/5
f 11192/10/5 11179/10/5 11178/10/5
f 11193/10/5 11180/10/5 11192/10/5
f 11194/9/5 11182/9/5 11181/9/5
f 11194/10/5 11180/10/5 11193/10/5
f 11194/9/5 11181/9/5 11180/9/5
f 11195/9/5 11182/9/5 11194/9/5
f 11196/2/5 11183/2/5 11182/2/5
f 11196/9/5 11182/9/5 11195/9/5
f 11197/9/5 11185/9/5 11184/9/5
f 11197/2/5 11183/2/5 11196/2/5
f 11197/9/5 11184/9/5 11183/9/5
f 11198/9/5 11185/9/5 11197/9/5
f 11199/10/5 11186/10/5 11185/10/5
f 11199/9/5 11185/9/5 11198/9/5
f 11199/10/5 11187/10/5 11186/10/5
f 11200/10/5 11187/10/5 11199/10/5
f 11201/12/5 11188/12/5 11187/12/5
f 11201/10/5 11187/10/5 11200/10/5
f 11202/12/5 11175/12/5 11188/12/5
f 11202/12/5 11188/12/5 11201/12/5
f 11203/13/5 11176/13/5 11175/13/5
f 11203/12/5 11175/12/5 11202/12/5
f 11204/13/5 11176/13/5 11203/13/5
f 11205/13/5 11191/13/5 11190/13/5
f 11205/14/5 11190/14/5 11189/14/5
f 11206/12/5 11193/12/5 11192/12/5
f 11206/13/5 11191/13/5 11205/13/5
f 11206/12/5 11192/12/5 11191/12/5
f 11207/12/5 11193/12/5 11206/12/5
f 11208/10/5 11195/10/5 11194/10/5
f 11208/12/5 11193/12/5 11207/12/5
f 11208/10/5 11194/10/5 11193/10/5
f 11209/10/5 11195/10/5 11208/10/5
f 11210/9/5 11198/9/5 11197/9/5
f 11210/10/5 11195/10/5 11209/10/5
f 11210/9/5 11196/9/5 11195/9/5
f 11210/9/5 11197/9/5 11196/9/5
f 11211/9/5 11198/9/5 11210/9/5
f 11212/9/5 11198/9/5 11211/9/5
f 11213/10/5 11200/10/5 11199/10/5
f 11213/9/5 11198/9/5 11212/9/5
f 11213/10/5 11199/10/5 11198/10/5
f 11214/10/5 11200/10/5 11213/10/5
f 11215/12/5 11201/12/5 11200/12/5
f 11215/10/5 11200/10/5 11214/10/5
f 11215/12/5 11202/12/5 11201/12/5
f 11216/12/5 11202/12/5 11215/12/5
f 11217/13/5 11203/13/5 11202/13/5
f 11217/12/5 11202/12/5 11216/12/5
f 11218/14/5 11204/14/5 11203/14/5
f 11218/13/5 11203/13/5 11217/13/5
f 11219/14/5 11205/14/5 11189/14/5
f 11219/14/5 11206/14/5 11205/14/5
f 11220/13/5 11207/13/5 11206/13/5
f 11220/14/5 11206/14/5 11219/14/5
f 11221/12/5 11209/12/5 11208/12/5
f 11221/13/5 11207/13/5 11220/13/5
f 11221/12/5 11208/12/5 11207/12/5
f 11222/11/5 11211/11/5 11210/11/5
f 11222/12/5 11209/12/5 11221/12/5
f 11222/11/5 11210/11/5 11209/11/5
f 11223/8/5 11212/8/5 11211/8/5
f 11223/11/5 11211/11/5 11222/11/5
f 11224/11/5 11214/11/5 11213/11/5
f 11224/8/5 11212/8/5 11223/8/5
f 11224/11/5 11213/11/5 11212/11/5
f 11225/12/5 11215/12/5 11214/12/5
f 11225/11/5 11214/11/5 11224/11/5
f 11225/12/5 11216/12/5 11215/12/5
f 11226/13/5 11217/13/5 11216/13/5
f 11226/12/5 11216/12/5 11225/12/5
f 11227/14/5 11218/14/5 11217/14/5
f 11227/13/5 11217/13/5 11226/13/5
f 11228/14/5 11204/14/5 11218/14/5
f 11228/14/5 11218/14/5 11227/14/5
f 11229/1/6 11230/1/6 11237/1/6
f 11235/1/6 11236/1/6 11237/1/6
f 11234/1/6 11235/1/6 11237/1/6
f 11233/1/6 11234/1/6 11237/1/6
f 11232/1/6 11233/1/6 11237/1/6
f 11231/1/6 11232/1/6 11237/1/6
f 11230/1/6 11231/1/6 11237/1/6
f 11237/1/6 11236/1/6 11238/1/6
f 11239/1/6 11240/1/6 11243/1/6
f 11241/1/6 11242/1/6 11245/1/6
f 11245/1/6 11242/1/6 11246/1/6
f 11243/1/6 11244/1/6 11247/1/6
f 11247/1/6 11248/1/6 11249/1/6
f 11243/1/6 11247/1/6 11249/1/6
f 11239/1/6 11243/1/6 11249/1/6
f 11249/1/6 11248/1/6 11250/1/6
f 11250/1/6 11248/1/6 11251/1/6
f 11251/1/6 11252/1/6 11253/1/6
f 11250/1/6 11251/1/6 11253/1/6
f 11253/1/6 11252/1/6 11254/1/6
f 11254/1/6 11252/1/6 11255/1/6
f 11255/1/6 11256/1/6 11259/1/6
f 11254/1/6 11255/1/6 11259/1/6
f 11259/1/6 11256/1/6 11260/1/6
f 11260/1/6 11256/1/6 11261/1/6
f 11257/1/6 11258/1/6 11263/1/6
f 11263/1/6 11258/1/6 11264/1/6
f 11260/1/6 11261/1/6 11265/1/6
f 11265/1/6 11261/1/6 11266/1/6
f 11262/1/6 11263/1/6 11268/1/6
f 11266/1/6 11261/1/6 11269/1/6
f 11269/1/6 11261/1/6 11270/1/6
f 11267/1/6 11268/1/6 11272/1/6
f 11270/1/6 11261/1/6 11273/1/6
f 11271/1/6 11272/1/6 11277/1/6
f 11272/1/6 11268/1/6 11278/1/6
f 11277/1/6 11272/1/6 11278/1/6
f 11268/1/6 11263/1/6 11279/1/6
f 11278/1/6 11268/1/6 11279/1/6
f 11279/1/6 11263/1/6 11280/1/6
f 11270/1/6 11273/1/6 11281/1/6
f 11273/1/6 11274/1/6 11281/1/6
f 11281/1/6 11274/1/6 11282/1/6
f 11282/1/6 11274/1/6 11283/1/6
f 11275/1/6 11276/1/6 11284/1/6
f 11284/1/6 11276/1/6 11285/1/6
f 11282/1/6 11283/1/6 11289/1/6
f 11285/1/6 11286/1/6 11289/1/6
f 11284/1/6 11285/1/6 11289/1/6
f 11283/1/6 11284/1/6 11289/1/6
f 11289/1/6 11286/1/6 11290/1/6
f 11290/1/6 11286/1/6 11291/1/6
f 11291/1/6 11286/1/6 11292/1/6
f 11292/1/6 11286/1/6 11293/1/6
f 11293/1/6 11286/1/6 11294/1/6
f 11294/1/6 11286/1/6 11295/1/6
f 11287/1/6 11288/1/6 11296/1/6
f 11287/1/6 11296/1/6 11298/1/6
f 11297/1/6 11298/1/6 11300/1/6
f 11298/1/6 11296/1/6 11301/1/6
f 11300/1/6 11298/1/6 11301/1/6
f 11301/1/6 11296/1/6 11302/1/6
f 11299/1/6 11300/1/6 11303/1/6
f 11300/1/6 11301/1/6 11303/1/6
f 11303/1/6 11301/1/6 11304/1/6
f 11305/1/6 11306/1/6 11309/1/6
f 11309/1/6 11306/1/6 11310/1/6
f 11307/1/6 11308/1/6 11311/1/6
f 11311/1/6 11308/1/6 11312/1/6
f 11313/1/6 11314/1/6 11316/1/6
f 11316/1/6 11314/1/6 11317/1/6
f 11315/1/6 11316/1/6 11320/1/6
f 11317/1/6 11318/1/6 11320/1/6
f 11316/1/6 11317/1/6 11320/1/6
f 11319/1/6 11320/1/6 11323/1/6
f 11323/1/6 11320/1/6 11324/1/6
f 11320/1/6 11318/1/6 11325/1/6
f 11324/1/6 11320/1/6 11325/1/6
f 11325/1/6 11318/1/6 11326/1/6
f 11321/1/6 11322/1/6 11327/1/6
f 11327/1/6 11322/1/6 11328/1/6
f 11326/1/6 11318/1/6 11332/1/6
f 11330/1/6 11331/1/6 11335/1/6
f 11329/1/6 11330/1/6 11335/1/6
f 11332/1/6 11318/1/6 11337/1/6
f 11337/1/6 11318/1/6 11338/1/6
f 11333/1/6 11334/1/6 11339/1/6
f 11335/1/6 11336/1/6 11341/1/6
f 11339/1/6 11340/1/6 11343/1/6
f 11341/1/6 11342/1/6 11345/1/6
f 11329/1/6 11335/1/6 11345/1/6
f 11335/1/6 11341/1/6 11345/1/6
f 11345/1/6 11342/1/6 11346/1/6
f 11346/1/6 11342/1/6 11347/1/6
f 11347/1/6 11342/1/6 11348/1/6
f 11343/1/6 11344/1/6 11350/1/6
f 11333/1/6 11339/1/6 11350/1/6
f 11339/1/6 11343/1/6 11350/1/6
f 11350/1/6 11344/1/6 11351/1/6
f 11329/1/6 11345/1/6 11353/1/6
f 11351/1/6 11352/1/6 11356/1/6
f 11350/1/6 11351/1/6 11356/1/6
f 11349/1/6 11350/1/6 11356/1/6
f 11356/1/6 11352/1/6 11357/1/6
f 11357/1/6 11352/1/6 11358/1/6
f 11354/1/6 11355/1/6 11359/1/6
f 11357/1/6 11358/1/6 11360/1/6
f 11360/1/6 11358/1/6 11361/1/6
f 11361/1/6 11358/1/6 11362/1/6
f 11362/1/6 11358/1/6 11363/1/6
f 11329/1/6 11353/1/6 11366/1/6
f 11354/1/6 11359/1/6 11367/1/6
f 11367/1/6 11359/1/6 11368/1/6
f 11361/1/6 11362/1/6 11369/1/6
f 11369/1/6 11362/1/6 11370/1/6
f 11329/1/6 11366/1/6 11371/1/6
f 11367/1/6 11368/1/6 11372/1/6
f 11372/1/6 11368/1/6 11373/1/6
f 11370/1/6 11362/1/6 11374/1/6
f 11374/1/6 11362/1/6 11375/1/6
f 11375/1/6 11362/1/6 11376/1/6
f 11364/1/6 11365/1/6 11377/1/6
f 11377/1/6 11365/1/6 11378/1/6
f 11378/1/6 11365/1/6 11379/1/6
f 11379/1/6 11365/1/6 11380/1/6
f 11380/1/6 11365/1/6 11381/1/6
f 11329/1/6 11371/1/6 11382/1/6
f 11372/1/6 11373/1/6 11383/1/6
f 11383/1/6 11373/1/6 11384/1/6
f 11384/1/6 11373/1/6 11385/1/6
f 11385/1/6 11373/1/6 11386/1/6
f 11379/1/6 11380/1/6 11387/1/6
f 11387/1/6 11380/1/6 11388/1/6
f 11329/1/6 11382/1/6 11389/1/6
f 11389/1/6 11382/1/6 11390/1/6
f 11384/1/6 11385/1/6 11391/1/6
f 11391/1/6 11385/1/6 11392/1/6
f 11393/1/6 11394/1/6 11397/1/6
f 11397/1/6 11398/1/6 11399/1/6
f 11393/1/6 11397/1/6 11401/1/6
f 11399/1/6 11400/1/6 11401/1/6
f 11397/1/6 11399/1/6 11401/1/6
f 11401/1/6 11400/1/6 11402/1/6
f 11402/1/6 11400/1/6 11403/1/6
f 11395/1/6 11396/1/6 11405/1/6
f 11405/1/6 11396/1/6 11406/1/6
f 11403/1/6 11404/1/6 11407/1/6
f 11402/1/6 11403/1/6 11407/1/6
f 11395/1/6 11405/1/6 11409/1/6
f 11409/1/6 11405/1/6 11410/1/6
f 11407/1/6 11408/1/6 11411/1/6
f 11402/1/6 11407/1/6 11411/1/6
f 11411/1/6 11408/1/6 11412/1/6
f 11412/1/6 11408/1/6 11413/1/6
f 11402/1/6 11411/1/6 11414/1/6
f 11414/1/6 11411/1/6 11415/1/6
f 11415/1/6 11411/1/6 11416/1/6
f 11412/1/6 11413/1/6 11417/1/6
f 11417/1/6 11413/1/6 11418/1/6
f 11418/1/6 11413/1/6 11419/1/6
f 11418/1/6 11419/1/6 11420/1/6
f 11420/1/6 11419/1/6 11421/1/6
f 11421/1/6 11419/1/6 11422/1/6
f 11421/1/6 11422/1/6 11423/1/6
f 11421/1/6 11423/1/6 11427/1/6
f 11427/1/6 11423/1/6 11428/1/6
f 11425/1/6 11426/1/6 11430/1/6
f 11424/1/6 11425/1/6 11430/1/6
f 11430/1/6 11426/1/6 11431/1/6
f 11431/1/6 11426/1/6 11432/1/6
f 11429/1/6 11430/1/6 11433/1/6
f 11430/1/6 11431/1/6 11433/1/6
f 11433/1/6 11431/1/6 11434/1/6
f 11434/1/6 11431/1/6 11435/1/6
f 11433/1/6 11434/1/6 11436/1/6
f 11436/1/6 11434/1/6 11437/1/6
f 11437/1/6 11434/1/6 11438/1/6
f 11436/1/6 11437/1/6 11439/1/6
f 11439/1/6 11437/1/6 11440/1/6
f 11440/1/6 11437/1/6 11441/1/6
f 11441/1/6 11437/1/6 11442/1/6
f 11442/1/6 11437/1/6 11443/1/6
f 11436/1/6 11439/1/6 11444/1/6
f 11444/1/6 11439/1/6 11445/1/6
f 11444/1/6 11445/1/6 11448/1/6
f 11448/1/6 11445/1/6 11449/1/6
f 11446/1/6 11447/1/6 11452/1/6
f 11452/1/6 11447/1/6 11453/1/6
f 11450/1/6 11451/1/6 11455/1/6
f 11455/1/6 11451/1/6 11456/1/6
f 11452/1/6 11453/1/6 11458/1/6
f 11458/1/6 11453/1/6 11459/1/6
f 11456/1/6 11457/1/6 11463/1/6
f 11454/1/6 11455/1/6 11463/1/6
f 11455/1/6 11456/1/6 11463/1/6
f 11463/1/6 11457/1/6 11464/1/6
f 11464/1/6 11457/1/6 11465/1/6
f 11460/1/6 11461/1/6 11468/1/6
f 11468/1/6 11461/1/6 11469/1/6
f 11462/1/6 11463/1/6 11470/1/6
f 11463/1/6 11464/1/6 11470/1/6
f 11470/1/6 11464/1/6 11471/1/6
f 11466/1/6 11467/1/6 11472/1/6
f 11472/1/6 11467/1/6 11473/1/6
f 11462/1/6 11470/1/6 11475/1/6
f 11475/1/6 11470/1/6 11476/1/6
f 11476/1/6 11470/1/6 11477/1/6
f 11474/1/6 11475/1/6 11479/1/6
f 11475/1/6 11476/1/6 11479/1/6
f 11479/1/6 11476/1/6 11480/1/6
f 11480/1/6 11476/1/6 11481/1/6
f 11478/1/6 11479/1/6 11483/1/6
f 11479/1/6 11480/1/6 11483/1/6
f 11483/1/6 11480/1/6 11484/1/6
f 11484/1/6 11480/1/6 11485/1/6
f 11482/1/6 11483/1/6 11489/1/6
f 11483/1/6 11484/1/6 11489/1/6
f 11489/1/6 11484/1/6 11490/1/6
f 11486/1/6 11487/1/6 11491/1/6
f 11491/1/6 11487/1/6 11492/1/6
f 11488/1/6 11489/1/6 11493/1/6
f 11493/1/6 11489/1/6 11494/1/6
f 11495/6/6 11496/6/6 11501/6/6
f 11501/6/6 11496/6/6 11502/6/6
f 11497/6/6 11498/6/6 11503/6/6
f 11503/6/6 11498/6/6 11504/6/6
f 11504/6/6 11498/6/6 11505/6/6
f 11505/6/6 11498/6/6 11506/6/6
f 11499/2/6 11500/2/6 11508/2/6
f 11508/2/6 11500/2/6 11509/2/6
f 11506/6/6 11507/6/6 11510/6/6
f 11505/6/6 11506/6/6 11510/6/6
f 11510/6/6 11507/6/6 11511/6/6
f 11511/6/6 11507/6/6 11514/6/6
f 11512/6/6 11513/6/6 11516/6/6
f 11516/6/6 11513/6/6 11517/6/6
f 11514/6/6 11507/6/6 11518/6/6
f 11518/6/6 11507/6/6 11519/6/6
f 11519/6/6 11507/6/6 11520/6/6
f 11515/6/6 11516/6/6 11522/6/6
f 11522/6/6 11516/6/6 11523/6/6
f 11520/6/6 11521/6/6 11524/6/6
f 11519/6/6 11520/6/6 11524/6/6
f 11524/6/6 11521/6/6 11525/6/6
f 11525/6/6 11521/6/6 11526/6/6
f 11526/6/6 11527/6/6 11528/6/6
f 11525/6/6 11526/6/6 11528/6/6
f 11528/6/6 11527/6/6 11529/6/6
f 11529/6/6 11527/6/6 11530/6/6
f 11529/6/6 11530/6/6 11536/6/6
f 11530/6/6 11531/6/6 11536/6/6
f 11536/6/6 11531/6/6 11537/6/6
f 11537/6/6 11531/6/6 11538/6/6
f 11532/5/6 11533/5/6 11540/5/6
f 11538/6/6 11539/6/6 11542/6/6
f 11537/6/6 11538/6/6 11542/6/6
f 11542/6/6 11539/6/6 11543/6/6
f 11543/6/6 11539/6/6 11544/6/6
f 11540/5/6 11541/5/6 11546/5/6
f 11534/6/6 11535/6/6 11548/6/6
f 11546/5/6 11547/5/6 11552/5/6
f 11532/5/6 11540/5/6 11552/5/6
f 11540/5/6 11546/5/6 11552/5/6
f 11552/5/6 11547/5/6 11553/5/6
f 11553/5/6 11547/5/6 11554/5/6
f 11548/6/6 11549/6/6 11555/6/6
f 11534/6/6 11548/6/6 11555/6/6
f 11555/6/6 11549/6/6 11556/6/6
f 11550/6/6 11551/6/6 11557/6/6
f 11557/6/6 11551/6/6 11558/6/6
f 11544/6/6 11545/6/6 11559/6/6
f 11543/6/6 11544/6/6 11559/6/6
f 11559/6/6 11545/6/6 11560/6/6
f 11553/5/6 11554/5/6 11562/5/6
f 11562/5/6 11554/5/6 11563/5/6
f 11563/5/6 11554/5/6 11564/5/6
f 11560/5/6 11561/5/6 11567/5/6
f 11565/6/6 11566/6/6 11568/6/6
f 11543/6/6 11559/6/6 11569/6/6
f 11569/6/6 11559/6/6 11570/6/6
f 11560/5/6 11567/5/6 11571/5/6
f 11568/6/6 11566/6/6 11572/6/6
f 11560/5/6 11571/5/6 11573/5/6
f 11568/6/6 11572/6/6 11576/6/6
f 11560/5/6 11573/5/6 11578/5/6
f 11568/6/6 11576/6/6 11579/6/6
f 11568/6/6 11579/6/6 11582/6/6
f 11577/5/6 11578/5/6 11583/5/6
f 11578/5/6 11573/5/6 11584/5/6
f 11583/5/6 11578/5/6 11584/5/6
f 11580/6/6 11581/6/6 11585/6/6
f 11574/6/6 11575/6/6 11586/6/6
f 11586/6/6 11575/6/6 11587/6/6
f 11568/6/6 11582/6/6 11588/6/6
f 11588/6/6 11582/6/6 11589/6/6
f 11580/6/6 11585/6/6 11594/6/6
f 11589/6/6 11590/6/6 11595/6/6
f 11588/6/6 11589/6/6 11595/6/6
f 11595/6/6 11590/6/6 11596/6/6
f 11596/6/6 11590/6/6 11597/6/6
f 11591/6/6 11592/6/6 11598/6/6
f 11598/6/6 11592/6/6 11599/6/6
f 11593/6/6 11594/6/6 11602/6/6
f 11594/6/6 11585/6/6 11602/6/6
f 11602/6/6 11585/6/6 11603/6/6
f 11595/6/6 11596/6/6 11604/6/6
f 11604/6/6 11596/6/6 11605/6/6
f 11600/6/6 11601/6/6 11606/6/6
f 11606/6/6 11601/6/6 11607/6/6
f 11604/5/6 11605/5/6 11608/5/6
f 11608/5/6 11605/5/6 11609/5/6
f 11593/6/6 11602/6/6 11616/6/6
f 11616/6/6 11602/6/6 11617/6/6
f 11608/5/6 11609/5/6 11619/5/6
f 11609/5/6 11610/5/6 11619/5/6
f 11619/5/6 11610/5/6 11620/5/6
f 11613/6/6 11614/6/6 11621/6/6
f 11611/6/6 11612/6/6 11621/6/6
f 11612/6/6 11613/6/6 11621/6/6
f 11617/6/6 11618/6/6 11624/6/6
f 11616/6/6 11617/6/6 11624/6/6
f 11615/6/6 11616/6/6 11624/6/6
f 11624/6/6 11618/6/6 11625/6/6
f 11608/5/6 11619/5/6 11626/5/6
f 11626/5/6 11619/5/6 11627/5/6
f 11621/6/6 11614/6/6 11628/6/6
f 11628/6/6 11614/6/6 11629/6/6
f 11629/6/6 11614/6/6 11630/6/6
f 11630/6/6 11614/6/6 11631/6/6
f 11622/6/6 11623/6/6 11634/6/6
f 11634/6/6 11623/6/6 11635/6/6
f 11626/5/6 11627/5/6 11636/5/6
f 11636/5/6 11627/5/6 11637/5/6
f 11632/6/6 11633/6/6 11638/6/6
f 11638/6/6 11633/6/6 11639/6/6
f 11615/6/6 11624/6/6 11646/6/6
f 11646/6/6 11624/6/6 11647/6/6
f 11626/5/6 11636/5/6 11648/5/6
f 11648/5/6 11636/5/6 11649/5/6
f 11639/6/6 11640/6/6 11650/6/6
f 11638/6/6 11639/6/6 11650/6/6
f 11642/6/6 11643/6/6 11651/6/6
f 11641/6/6 11642/6/6 11651/6/6
f 11651/6/6 11643/6/6 11652/6/6
f 11652/6/6 11643/6/6 11653/6/6
f 11644/6/6 11645/6/6 11654/6/6
f 11654/6/6 11645/6/6 11655/6/6
f 11615/6/6 11646/6/6 11661/6/6
f 11661/6/6 11646/6/6 11662/6/6
f 11638/6/6 11650/6/6 11663/6/6
f 11650/6/6 11651/6/6 11663/6/6
f 11651/6/6 11652/6/6 11663/6/6
f 11663/6/6 11652/6/6 11664/6/6
f 11664/6/6 11652/6/6 11665/6/6
f 11665/6/6 11652/6/6 11666/6/6
f 11666/6/6 11652/6/6 11667/6/6
f 11655/6/6 11656/6/6 11668/6/6
f 11654/6/6 11655/6/6 11668/6/6
f 11668/6/6 11656/6/6 11669/6/6
f 11657/6/6 11658/6/6 11670/6/6
f 11670/6/6 11658/6/6 11671/6/6
f 11659/6/6 11660/6/6 11672/6/6
f 11672/6/6 11660/6/6 11673/6/6
f 11669/6/6 11656/6/6 11675/6/6
f 11675/6/6 11656/6/6 11676/6/6
f 11673/6/6 11674/6/6 11677/6/6
f 11677/6/6 11674/6/6 11678/6/6
f 11665/6/6 11666/6/6 11679/6/6
f 11679/6/6 11666/6/6 11680/6/6
f 11680/6/6 11666/6/6 11681/6/6
f 11681/6/6 11666/6/6 11682/6/6
f 11682/6/6 11666/6/6 11683/6/6
f 11683/6/6 11666/6/6 11684/6/6
f 11685/6/6 11686/6/6 11687/6/6
f 11687/6/6 11686/6/6 11688/6/6
f 11691/2/6 11692/2/6 11696/2/6
f 11694/2/6 11695/2/6 11697/2/6
f 11693/2/6 11694/2/6 11697/2/6
f 11697/2/6 11695/2/6 11698/2/6
f 11698/2/6 11695/2/6 11699/2/6
f 11689/6/6 11690/6/6 11704/6/6
f 11704/6/6 11690/6/6 11705/6/6
f 11696/2/6 11692/2/6 11706/2/6
f 11706/2/6 11692/2/6 11707/2/6
f 11698/2/6 11699/2/6 11708/2/6
f 11699/2/6 11700/2/6 11708/2/6
f 11708/2/6 11700/2/6 11709/2/6
f 11709/2/6 11700/2/6 11710/2/6
f 11701/2/6 11702/2/6 11711/2/6
f 11711/2/6 11702/2/6 11712/2/6
f 11704/6/6 11705/6/6 11714/6/6
f 11703/6/6 11704/6/6 11714/6/6
f 11714/6/6 11705/6/6 11715/6/6
f 11715/6/6 11705/6/6 11716/6/6
f 11709/2/6 11710/2/6 11717/2/6
f 11712/2/6 11713/2/6 11717/2/6
f 11711/2/6 11712/2/6 11717/2/6
f 11710/2/6 11711/2/6 11717/2/6
f 11717/2/6 11713/2/6 11718/2/6
f 11714/6/6 11715/6/6 11719/6/6
f 11713/6/6 11714/6/6 11719/6/6
f 11719/6/6 11715/6/6 11720/6/6
f 11718/2/6 11713/2/6 11721/2/6
f 11721/2/6 11713/2/6 11722/2/6
f 11722/2/6 11713/2/6 11725/2/6
f 11725/2/6 11713/2/6 11726/2/6
f 11713/6/6 11719/6/6 11727/6/6
f 11726/2/6 11713/2/6 11727/2/6
f 11727/6/6 11719/6/6 11728/6/6
f 11723/2/6 11724/2/6 11734/2/6
f 11734/2/6 11724/2/6 11735/2/6
f 11735/2/6 11724/2/6 11736/2/6
f 11729/6/6 11730/6/6 11738/6/6
f 11738/6/6 11730/6/6 11739/6/6
f 11731/6/6 11732/6/6 11740/6/6
f 11740/6/6 11732/6/6 11741/6/6
f 11733/2/6 11734/2/6 11742/2/6
f 11742/2/6 11734/2/6 11743/2/6
f 11736/2/6 11737/2/6 11744/2/6
f 11735/2/6 11736/2/6 11744/2/6
f 11744/2/6 11737/2/6 11745/2/6
f 11745/2/6 11737/2/6 11746/2/6
f 11746/2/6 11747/2/6 11748/2/6
f 11745/2/6 11746/2/6 11748/2/6
f 11748/2/6 11747/2/6 11749/2/6
f 11749/2/6 11747/2/6 11750/2/6
f 11750/2/6 11747/2/6 11751/2/6
f 11751/2/6 11747/2/6 11754/2/6
f 11752/6/6 11753/6/6 11759/6/6
f 11759/6/6 11753/6/6 11760/6/6
f 11751/2/6 11754/2/6 11762/2/6
f 11754/2/6 11755/2/6 11762/2/6
f 11762/2/6 11755/2/6 11763/2/6
f 11756/6/6 11757/6/6 11765/6/6
f 11765/6/6 11757/6/6 11766/6/6
f 11760/6/6 11761/6/6 11768/6/6
f 11759/6/6 11760/6/6 11768/6/6
f 11758/6/6 11759/6/6 11768/6/6
f 11766/6/6 11767/6/6 11770/6/6
f 11765/6/6 11766/6/6 11770/6/6
f 11764/6/6 11765/6/6 11770/6/6
f 11770/6/6 11767/6/6 11771/6/6
f 11771/6/6 11767/6/6 11772/6/6
f 11768/6/6 11761/6/6 11773/6/6
f 11773/6/6 11761/6/6 11774/6/6
f 11774/6/6 11761/6/6 11775/6/6
f 11763/2/6 11755/2/6 11778/2/6
f 11769/6/6 11770/6/6 11779/6/6
f 11770/6/6 11771/6/6 11779/6/6
f 11779/6/6 11771/6/6 11780/6/6
f 11780/6/6 11771/6/6 11781/6/6
f 11774/6/6 11775/6/6 11782/6/6
f 11775/6/6 11776/6/6 11782/6/6
f 11782/6/6 11776/6/6 11783/6/6
f 11783/6/6 11776/6/6 11784/6/6
f 11777/2/6 11778/2/6 11787/2/6
f 11778/2/6 11755/2/6 11788/2/6
f 11787/2/6 11778/2/6 11788/2/6
f 11784/6/6 11785/6/6 11789/6/6
f 11783/6/6 11784/6/6 11789/6/6
f 11787/2/6 11788/2/6 11791/2/6
f 11786/2/6 11787/2/6 11791/2/6
f 11791/2/6 11788/2/6 11792/2/6
f 11792/2/6 11788/2/6 11793/2/6
f 11793/2/6 11788/2/6 11794/2/6
f 11789/6/6 11790/6/6 11795/6/6
f 11783/6/6 11789/6/6 11795/6/6
f 11795/6/6 11790/6/6 11796/6/6
f 11796/6/6 11790/6/6 11797/6/6
f 11797/6/6 11790/6/6 11798/6/6
f 11798/6/6 11790/6/6 11799/6/6
f 11792/2/6 11793/2/6 11800/2/6
f 11800/2/6 11793/2/6 11801/2/6
f 11797/6/6 11798/6/6 11802/6/6
f 11802/6/6 11798/6/6 11803/6/6
f 11803/6/6 11798/6/6 11804/6/6
f 11805/6/6 11806/6/6 11810/6/6
f 11806/6/6 11807/6/6 11810/6/6
f 11808/3/6 11809/3/6 11811/3/6
f 11810/6/6 11807/6/6 11811/6/6
f 11807/3/6 11808/3/6 11811/3/6
f 11811/3/6 11809/3/6 11812/3/6
f 11812/3/6 11809/3/6 11813/3/6
f 11810/6/6 11811/6/6 11814/6/6
f 11811/6/6 11812/6/6 11814/6/6
f 11814/6/6 11812/6/6 11815/6/6
f 11815/6/6 11812/6/6 11816/6/6
f 11816/6/6 11812/6/6 11817/6/6
f 11817/6/6 11812/6/6 11818/6/6
f 11817/6/6 11818/6/6 11821/6/6
f 11818/6/6 11819/6/6 11821/6/6
f 11821/6/6 11819/6/6 11822/6/6
f 11819/3/6 11820/3/6 11823/3/6
f 11822/6/6 11819/6/6 11823/6/6
f 11823/3/6 11820/3/6 11824/3/6
f 11822/6/6 11823/6/6 11827/6/6
f 11827/6/6 11823/6/6 11828/6/6
f 11825/6/6 11826/6/6 11829/6/6
f 11829/6/6 11826/6/6 11830/6/6
f 11831/2/6 11832/2/6 11835/2/6
f 11835/2/6 11832/2/6 11836/2/6
f 11836/2/6 11832/2/6 11837/2/6
f 11833/2/6 11834/2/6 11842/2/6
f 11842/2/6 11834/2/6 11843/2/6
f 11835/2/6 11836/2/6 11844/2/6
f 11844/2/6 11836/2/6 11845/2/6
f 11838/5/6 11839/5/6 11846/5/6
f 11840/2/6 11841/2/6 11849/2/6
f 11841/2/6 11842/2/6 11849/2/6
f 11849/2/6 11842/2/6 11850/2/6
f 11850/2/6 11842/2/6 11851/2/6
f 11846/5/6 11847/5/6 11853/5/6
f 11838/5/6 11846/5/6 11853/5/6
f 11853/5/6 11847/5/6 11854/5/6
f 11854/5/6 11847/5/6 11855/5/6
f 11849/2/6 11850/2/6 11856/2/6
f 11848/2/6 11849/2/6 11856/2/6
f 11856/2/6 11850/2/6 11857/2/6
f 11857/2/6 11850/2/6 11858/2/6
f 11858/2/6 11850/2/6 11859/2/6
f 11853/5/6 11854/5/6 11860/5/6
f 11852/5/6 11853/5/6 11860/5/6
f 11860/5/6 11854/5/6 11861/5/6
f 11861/5/6 11854/5/6 11862/5/6
f 11862/5/6 11854/5/6 11863/5/6
f 11863/5/6 11854/5/6 11864/5/6
f 11857/2/6 11858/2/6 11870/2/6
f 11870/2/6 11858/2/6 11871/2/6
f 11865/6/6 11866/6/6 11874/6/6
f 11874/6/6 11866/6/6 11875/6/6
f 11868/2/6 11869/2/6 11878/2/6
f 11867/2/6 11868/2/6 11878/2/6
f 11872/6/6 11873/6/6 11879/6/6
f 11874/6/6 11875/6/6 11879/6/6
f 11873/6/6 11874/6/6 11879/6/6
f 11875/6/6 11876/6/6 11879/6/6
f 11879/6/6 11876/6/6 11880/6/6
f 11877/2/6 11878/2/6 11882/2/6
f 11878/2/6 11869/2/6 11883/2/6
f 11882/2/6 11878/2/6 11883/2/6
f 11883/2/6 11869/2/6 11884/2/6
f 11880/6/6 11881/6/6 11885/6/6
f 11879/6/6 11880/6/6 11885/6/6
f 11885/6/6 11881/6/6 11886/6/6
f 11886/6/6 11887/6/6 11888/6/6
f 11885/6/6 11886/6/6 11888/6/6
f 11890/2/6 11891/2/6 11894/2/6
f 11894/2/6 11891/2/6 11895/2/6
f 11892/2/6 11893/2/6 11896/2/6
f 11896/2/6 11893/2/6 11897/2/6
f 11885/6/6 11888/6/6 11899/6/6
f 11888/6/6 11889/6/6 11899/6/6
f 11899/6/6 11889/6/6 11900/6/6
f 11900/6/6 11889/6/6 11901/6/6
f 11897/2/6 11898/2/6 11907/2/6
f 11907/2/6 11898/2/6 11908/2/6
f 11905/6/6 11906/6/6 11909/6/6
f 11909/6/6 11906/6/6 11910/6/6
f 11901/6/6 11889/6/6 11911/6/6
f 11911/6/6 11889/6/6 11912/6/6
f 11903/5/6 11904/5/6 11913/5/6
f 11902/5/6 11903/5/6 11913/5/6
f 11913/5/6 11904/5/6 11914/5/6
f 11914/5/6 11904/5/6 11915/5/6
f 11915/5/6 11904/5/6 11921/5/6
f 11921/5/6 11904/5/6 11922/5/6
f 11916/6/6 11917/6/6 11923/6/6
f 11923/6/6 11924/6/6 11925/6/6
f 11916/6/6 11923/6/6 11925/6/6
f 11919/5/6 11920/5/6 11926/5/6
f 11918/5/6 11919/5/6 11926/5/6
f 11925/6/6 11924/6/6 11929/6/6
f 11929/6/6 11924/6/6 11930/6/6
f 11926/5/6 11920/5/6 11932/5/6
f 11932/5/6 11920/5/6 11933/5/6
f 11933/5/6 11920/5/6 11934/5/6
f 11927/5/6 11928/5/6 11942/5/6
f 11942/5/6 11928/5/6 11943/5/6
f 11930/6/6 11931/6/6 11944/6/6
f 11944/6/6 11931/6/6 11945/6/6
f 11933/5/6 11934/5/6 11946/5/6
f 11934/5/6 11935/5/6 11946/5/6
f 11936/5/6 11937/5/6 11949/5/6
f 11938/2/6 11939/2/6 11950/2/6
f 11950/2/6 11939/2/6 11951/2/6
f 11940/6/6 11941/6/6 11952/6/6
f 11952/6/6 11941/6/6 11953/6/6
f 11942/5/6 11943/5/6 11954/5/6
f 11954/5/6 11943/5/6 11955/5/6
f 11933/5/6 11946/5/6 11956/5/6
f 11956/5/6 11946/5/6 11957/5/6
f 11947/6/6 11948/6/6 11958/6/6
f 11948/5/6 11949/5/6 11959/5/6
f 11958/6/6 11948/6/6 11959/6/6
f 11949/5/6 11937/5/6 11960/5/6
f 11959/5/6 11949/5/6 11960/5/6
f 11960/5/6 11937/5/6 11961/5/6
f 11947/6/6 11958/6/6 11967/6/6
f 11967/6/6 11958/6/6 11968/6/6
f 11961/5/6 11962/5/6 11969/5/6
f 11960/5/6 11961/5/6 11969/5/6
f 11969/5/6 11962/5/6 11970/5/6
f 11963/5/6 11964/5/6 11974/5/6
f 11974/5/6 11964/5/6 11975/5/6
f 11975/5/6 11964/5/6 11976/5/6
f 11960/5/6 11969/5/6 11980/5/6
f 11980/5/6 11969/5/6 11981/5/6
f 11972/2/6 11973/2/6 11982/2/6
f 11971/2/6 11972/2/6 11982/2/6
f 11974/5/6 11975/5/6 11987/5/6
f 11987/5/6 11975/5/6 11988/5/6
f 11977/6/6 11978/6/6 11999/6/6
f 11965/5/6 11966/5/6 12000/5/6
f 12000/5/6 11966/5/6 12001/5/6
f 11979/6/6 11980/6/6 12002/6/6
f 12002/6/6 11980/6/6 12003/6/6
f 11971/2/6 11982/2/6 12004/2/6
f 11982/2/6 11983/2/6 12004/2/6
f 12004/2/6 11983/2/6 12005/2/6
f 12005/2/6 11983/2/6 12006/2/6
f 12006/2/6 11983/2/6 12007/2/6
f 12007/2/6 11983/2/6 12008/2/6
f 11987/6/6 11988/6/6 12011/6/6
f 11986/6/6 11987/6/6 12011/6/6
f 12011/6/6 11988/6/6 12012/6/6
f 11989/6/6 11990/6/6 12013/6/6
f 11990/6/6 11991/6/6 12013/6/6
f 11991/2/6 11992/2/6 12014/2/6
f 12013/6/6 11991/6/6 12014/6/6
f 12014/2/6 11992/2/6 12015/2/6
f 11994/2/6 11995/2/6 12016/2/6
f 11993/2/6 11994/2/6 12016/2/6
f 12016/2/6 11995/2/6 12017/2/6
f 12009/2/6 12010/2/6 12018/2/6
f 12018/2/6 12010/2/6 12019/2/6
f 11984/5/6 11985/5/6 12023/5/6
f 12023/5/6 11985/5/6 12024/5/6
f 11993/2/6 12016/2/6 12026/2/6
f 12026/2/6 12016/2/6 12027/2/6
f 11996/2/6 11997/2/6 12028/2/6
f 12028/2/6 11997/2/6 12029/2/6
f 11998/6/6 11999/6/6 12031/6/6
f 12021/2/6 12022/2/6 12032/2/6
f 12020/2/6 12021/2/6 12032/2/6
f 12032/2/6 12022/2/6 12033/2/6
f 12024/6/6 12025/6/6 12035/6/6
f 12030/6/6 12031/6/6 12038/6/6
f 11999/6/6 11978/6/6 12038/6/6
f 12031/6/6 11999/6/6 12038/6/6
f 12034/6/6 12035/6/6 12043/6/6
f 12035/6/6 12025/6/6 12044/6/6
f 12043/6/6 12035/6/6 12044/6/6
f 12036/2/6 12037/2/6 12046/2/6
f 12030/6/6 12038/6/6 12047/6/6
f 12038/6/6 12039/6/6 12047/6/6
f 12047/6/6 12039/6/6 12048/6/6
f 12040/6/6 12041/6/6 12049/6/6
f 12049/6/6 12041/6/6 12050/6/6
f 12045/2/6 12046/2/6 12052/2/6
f 12046/2/6 12037/2/6 12053/2/6
f 12052/2/6 12046/2/6 12053/2/6
f 12053/2/6 12037/2/6 12054/2/6
f 12030/6/6 12047/6/6 12055/6/6
f 12050/6/6 12051/6/6 12058/6/6
f 12049/6/6 12050/6/6 12058/6/6
f 12058/6/6 12051/6/6 12059/6/6
f 12030/6/6 12055/6/6 12061/6/6
f 12056/6/6 12057/6/6 12063/6/6
f 12059/6/6 12060/6/6 12064/6/6
f 12058/6/6 12059/6/6 12064/6/6
f 12064/6/6 12060/6/6 12065/6/6
f 12043/6/6 12044/6/6 12067/6/6
f 12042/6/6 12043/6/6 12067/6/6
f 12061/6/6 12062/6/6 12072/6/6
f 12030/6/6 12061/6/6 12072/6/6
f 12072/6/6 12062/6/6 12073/6/6
f 12073/6/6 12062/6/6 12074/6/6
f 12056/6/6 12063/6/6 12075/6/6
f 12075/6/6 12063/6/6 12076/6/6
f 12065/6/6 12066/6/6 12081/6/6
f 12064/6/6 12065/6/6 12081/6/6
f 12081/6/6 12066/6/6 12082/6/6
f 12070/2/6 12071/2/6 12084/2/6
f 12069/2/6 12070/2/6 12084/2/6
f 12084/2/6 12071/2/6 12085/2/6
f 12085/2/6 12071/2/6 12086/2/6
f 12078/6/6 12079/6/6 12087/6/6
f 12077/6/6 12078/6/6 12087/6/6
f 12075/6/6 12076/6/6 12087/6/6
f 12076/6/6 12077/6/6 12087/6/6
f 12087/6/6 12079/6/6 12088/6/6
f 12088/6/6 12079/6/6 12089/6/6
f 12082/6/6 12083/6/6 12090/6/6
f 12080/6/6 12081/6/6 12090/6/6
f 12081/6/6 12082/6/6 12090/6/6
f 12090/6/6 12083/6/6 12091/6/6
f 12091/6/6 12083/6/6 12092/6/6
f 12042/6/6 12067/6/6 12093/6/6
f 12067/6/6 12068/6/6 12093/6/6
f 12093/6/6 12068/6/6 12094/6/6
f 12087/6/6 12088/6/6 12095/6/6
f 12095/6/6 12088/6/6 12096/6/6
f 12087/6/6 12095/6/6 12097/6/6
f 12097/6/6 12095/6/6 12098/6/6
f 12099/6/6 12100/6/6 12105/6/6
f 12105/6/6 12100/6/6 12106/6/6
f 12101/5/6 12102/5/6 12107/5/6
f 12107/5/6 12102/5/6 12108/5/6
f 12108/5/6 12102/5/6 12109/5/6
f 12103/6/6 12104/6/6 12110/6/6
f 12103/6/6 12110/6/6 12111/6/6
f 12111/6/6 12110/6/6 12112/6/6
f 12116/6/6 12117/6/6 12123/6/6
f 12117/6/6 12118/6/6 12123/6/6
f 12123/6/6 12118/6/6 12124/6/6
f 12121/2/6 12122/2/6 12125/2/6
f 12120/2/6 12121/2/6 12125/2/6
f 12119/2/6 12120/2/6 12125/2/6
f 12125/2/6 12122/2/6 12126/2/6
f 12126/2/6 12122/2/6 12127/2/6
f 12111/2/6 12112/2/6 12128/2/6
f 12112/2/6 12113/2/6 12128/2/6
f 12113/2/6 12114/2/6 12128/2/6
f 12114/2/6 12115/2/6 12128/2/6
f 12128/2/6 12115/2/6 12129/2/6
f 12129/2/6 12115/2/6 12130/2/6
f 12130/2/6 12115/2/6 12131/2/6
f 12116/6/6 12123/6/6 12132/6/6
f 12132/6/6 12123/6/6 12133/6/6
f 12126/2/6 12127/2/6 12136/2/6
f 12127/2/6 12128/2/6 12136/2/6
f 12136/2/6 12128/2/6 12137/2/6
f 12129/2/6 12130/2/6 12138/2/6
f 12138/2/6 12130/2/6 12139/2/6
f 12134/2/6 12135/2/6 12142/2/6
f 12140/2/6 12141/2/6 12144/2/6
f 12144/2/6 12141/2/6 12145/2/6
f 12143/2/6 12144/2/6 12147/2/6
f 12145/2/6 12146/2/6 12147/2/6
f 12144/2/6 12145/2/6 12147/2/6
f 12134/2/6 12142/2/6 12149/2/6
f 12147/2/6 12148/2/6 12150/2/6
f 12143/2/6 12147/2/6 12150/2/6
f 12150/2/6 12148/2/6 12151/2/6
f 12134/2/6 12149/2/6 12152/2/6
f 12152/2/6 12149/2/6 12153/2/6
f 12154/2/6 12155/2/6 12161/2/6
f 12161/2/6 12155/2/6 12162/2/6
f 12156/5/6 12157/5/6 12165/5/6
f 12158/6/6 12159/6/6 12166/6/6
f 12166/6/6 12159/6/6 12167/6/6
f 12162/2/6 12163/2/6 12168/2/6
f 12160/2/6 12161/2/6 12168/2/6
f 12161/2/6 12162/2/6 12168/2/6
f 12168/2/6 12163/2/6 12169/2/6
f 12169/2/6 12163/2/6 12170/2/6
f 12164/5/6 12165/5/6 12172/5/6
f 12170/2/6 12171/2/6 12173/2/6
f 12173/2/6 12171/2/6 12174/2/6
f 12172/5/6 12165/5/6 12182/5/6
f 12182/5/6 12165/5/6 12183/5/6
f 12165/5/6 12157/5/6 12184/5/6
f 12183/5/6 12165/5/6 12184/5/6
f 12180/5/6 12181/5/6 12187/5/6
f 12182/5/6 12183/5/6 12187/5/6
f 12181/5/6 12182/5/6 12187/5/6
f 12179/5/6 12180/5/6 12187/5/6
f 12178/5/6 12179/5/6 12187/5/6
f 12177/5/6 12178/5/6 12187/5/6
f 12176/5/6 12177/5/6 12187/5/6
f 12187/5/6 12183/5/6 12188/5/6
f 12188/5/6 12183/5/6 12189/5/6
f 12189/5/6 12183/5/6 12190/5/6
f 12190/5/6 12183/5/6 12191/5/6
f 12185/6/6 12186/6/6 12192/6/6
f 12192/6/6 12186/6/6 12193/6/6
f 12174/2/6 12175/2/6 12194/2/6
f 12187/5/6 12188/5/6 12197/5/6
f 12197/5/6 12188/5/6 12198/5/6
f 12189/5/6 12190/5/6 12199/5/6
f 12199/5/6 12190/5/6 12200/5/6
f 12200/5/6 12190/5/6 12201/5/6
f 12201/5/6 12190/5/6 12202/5/6
f 12193/6/6 12186/6/6 12203/6/6
f 12203/6/6 12186/6/6 12204/6/6
f 12194/2/6 12195/2/6 12206/2/6
f 12174/2/6 12194/2/6 12206/2/6
f 12196/5/6 12197/5/6 12208/5/6
f 12208/5/6 12197/5/6 12209/5/6
f 12200/6/6 12201/6/6 12211/6/6
f 12211/6/6 12201/6/6 12212/6/6
f 12212/6/6 12201/6/6 12213/6/6
f 12205/2/6 12206/2/6 12214/2/6
f 12206/2/6 12195/2/6 12215/2/6
f 12214/2/6 12206/2/6 12215/2/6
f 12215/2/6 12195/2/6 12216/2/6
f 12207/5/6 12208/5/6 12217/5/6
f 12217/5/6 12208/5/6 12218/5/6
f 12211/6/6 12212/6/6 12219/6/6
f 12210/6/6 12211/6/6 12219/6/6
f 12214/2/6 12215/2/6 12220/2/6
f 12220/2/6 12215/2/6 12221/2/6
f 12221/2/6 12215/2/6 12222/2/6
f 12219/6/6 12212/6/6 12223/6/6
f 12223/6/6 12212/6/6 12224/6/6
f 12224/6/6 12212/6/6 12225/6/6
f 12223/6/6 12224/6/6 12228/6/6
f 12226/3/6 12227/3/6 12229/3/6
f 12228/6/6 12224/6/6 12230/6/6
f 12230/6/6 12224/6/6 12231/6/6
f 12229/3/6 12227/3/6 12232/3/6
f 12232/3/6 12227/3/6 12233/3/6
f 12232/3/6 12233/3/6 12236/3/6
f 12234/3/6 12235/3/6 12241/3/6
f 12241/3/6 12235/3/6 12242/3/6
f 12236/3/6 12233/3/6 12243/3/6
f 12237/6/6 12238/6/6 12244/6/6
f 12238/6/6 12239/6/6 12244/6/6
f 12244/6/6 12239/6/6 12245/6/6
f 12240/6/6 12241/6/6 12246/6/6
f 12241/6/6 12242/6/6 12246/6/6
f 12236/3/6 12243/3/6 12248/3/6
f 12246/6/6 12247/6/6 12251/6/6
f 12240/6/6 12246/6/6 12251/6/6
f 12247/3/6 12248/3/6 12252/3/6
f 12251/6/6 12247/6/6 12252/6/6
f 12248/3/6 12243/3/6 12253/3/6
f 12252/3/6 12248/3/6 12253/3/6
f 12249/6/6 12250/6/6 12254/6/6
f 12254/6/6 12250/6/6 12255/6/6
f 12255/6/6 12250/6/6 12256/6/6
f 12257/2/6 12258/2/6 12263/2/6
f 12258/2/6 12259/2/6 12263/2/6
f 12263/2/6 12259/2/6 12264/2/6
f 12260/5/6 12261/5/6 12265/5/6
f 12262/2/6 12263/2/6 12268/2/6
f 12265/5/6 12261/5/6 12269/5/6
f 12269/5/6 12261/5/6 12270/5/6
f 12266/2/6 12267/2/6 12275/2/6
f 12275/2/6 12267/2/6 12276/2/6
f 12268/2/6 12263/2/6 12277/2/6
f 12277/2/6 12263/2/6 12278/2/6
f 12265/5/6 12269/5/6 12279/5/6
f 12279/5/6 12269/5/6 12280/5/6
f 12271/5/6 12272/5/6 12281/5/6
f 12281/5/6 12272/5/6 12282/5/6
f 12273/2/6 12274/2/6 12283/2/6
f 12283/2/6 12274/2/6 12284/2/6
f 12281/5/6 12282/5/6 12285/5/6
f 12285/5/6 12282/5/6 12286/5/6
f 12287/5/6 12288/5/6 12289/5/6
f 12287/5/6 12289/5/6 12292/5/6
f 12289/5/6 12290/5/6 12292/5/6
f 12290/2/6 12291/2/6 12293/2/6
f 12292/5/6 12290/5/6 12293/5/6
f 12293/2/6 12291/2/6 12294/2/6
f 12287/5/6 12292/5/6 12299/5/6
f 12299/5/6 12292/5/6 12300/5/6
f 12294/2/6 12295/2/6 12301/2/6
f 12301/2/6 12295/2/6 12302/2/6
f 12297/5/6 12298/5/6 12307/5/6
f 12296/5/6 12297/5/6 12307/5/6
f 12305/5/6 12306/5/6 12309/5/6
f 12303/5/6 12304/5/6 12309/5/6
f 12304/5/6 12305/5/6 12309/5/6
f 12296/5/6 12307/5/6 12310/5/6
f 12310/5/6 12307/5/6 12311/5/6
f 12311/5/6 12307/5/6 12312/5/6
f 12308/5/6 12309/5/6 12313/5/6
f 12309/5/6 12306/5/6 12313/5/6
f 12313/5/6 12306/5/6 12314/5/6
f 12314/5/6 12306/5/6 12315/5/6
f 12315/5/6 12306/5/6 12316/5/6
f 12308/5/6 12313/5/6 12317/5/6
f 12308/5/6 12317/5/6 12318/5/6
f 12308/5/6 12318/5/6 12319/5/6
f 12319/5/6 12318/5/6 12320/5/6
f 12321/2/6 12322/2/6 12328/2/6
f 12323/5/6 12324/5/6 12330/5/6
f 12328/2/6 12329/2/6 12331/2/6
f 12321/2/6 12328/2/6 12331/2/6
f 12331/2/6 12329/2/6 12332/2/6
f 12330/5/6 12324/5/6 12334/5/6
f 12326/5/6 12327/5/6 12338/5/6
f 12325/5/6 12326/5/6 12338/5/6
f 12338/5/6 12327/5/6 12339/5/6
f 12339/5/6 12327/5/6 12340/5/6
f 12332/2/6 12333/2/6 12344/2/6
f 12331/2/6 12332/2/6 12344/2/6
f 12344/2/6 12333/2/6 12345/2/6
f 12345/2/6 12333/2/6 12346/2/6
f 12334/5/6 12335/5/6 12347/5/6
f 12330/5/6 12334/5/6 12347/5/6
f 12347/5/6 12335/5/6 12348/5/6
f 12339/5/6 12340/5/6 12353/5/6
f 12340/5/6 12341/5/6 12353/5/6
f 12342/2/6 12343/2/6 12354/2/6
f 12353/5/6 12341/5/6 12354/5/6
f 12341/2/6 12342/2/6 12354/2/6
f 12354/2/6 12343/2/6 12355/2/6
f 12355/2/6 12343/2/6 12356/2/6
f 12344/2/6 12345/2/6 12360/2/6
f 12360/2/6 12345/2/6 12361/2/6
f 12346/2/6 12333/2/6 12362/2/6
f 12362/2/6 12333/2/6 12363/2/6
f 12349/2/6 12350/2/6 12364/2/6
f 12351/5/6 12352/5/6 12365/5/6
f 12364/2/6 12350/2/6 12365/2/6
f 12350/5/6 12351/5/6 12365/5/6
f 12336/6/6 12337/6/6 12366/6/6
f 12366/6/6 12337/6/6 12367/6/6
f 12355/2/6 12356/2/6 12368/2/6
f 12356/2/6 12357/2/6 12368/2/6
f 12368/2/6 12357/2/6 12369/2/6
f 12358/5/6 12359/5/6 12376/5/6
f 12376/5/6 12359/5/6 12377/5/6
f 12330/5/6 12347/5/6 12385/5/6
f 12385/5/6 12347/5/6 12386/5/6
f 12386/5/6 12347/5/6 12387/5/6
f 12365/5/6 12352/5/6 12388/5/6
f 12388/5/6 12352/5/6 12389/5/6
f 12389/5/6 12352/5/6 12390/5/6
f 12369/2/6 12357/2/6 12392/2/6
f 12392/2/6 12357/2/6 12393/2/6
f 12370/2/6 12371/2/6 12394/2/6
f 12371/5/6 12372/5/6 12395/5/6
f 12394/2/6 12371/2/6 12395/2/6
f 12374/5/6 12375/5/6 12396/5/6
f 12373/5/6 12374/5/6 12396/5/6
f 12396/5/6 12375/5/6 12397/5/6
f 12376/5/6 12377/5/6 12398/5/6
f 12377/5/6 12378/5/6 12398/5/6
f 12398/5/6 12378/5/6 12399/5/6
f 12380/6/6 12381/6/6 12401/6/6
f 12379/6/6 12380/6/6 12401/6/6
f 12401/6/6 12381/6/6 12402/6/6
f 12383/2/6 12384/2/6 12403/2/6
f 12382/2/6 12383/2/6 12403/2/6
f 12403/2/6 12384/2/6 12404/2/6
f 12404/2/6 12384/2/6 12405/2/6
f 12394/5/6 12395/5/6 12409/5/6
f 12395/5/6 12372/5/6 12410/5/6
f 12409/5/6 12395/5/6 12410/5/6
f 12373/5/6 12396/5/6 12411/5/6
f 12411/5/6 12396/5/6 12412/5/6
f 12399/2/6 12400/2/6 12413/2/6
f 12398/2/6 12399/2/6 12413/2/6
f 12413/2/6 12400/2/6 12414/2/6
f 12402/6/6 12381/6/6 12415/6/6
f 12415/6/6 12381/6/6 12416/6/6
f 12405/2/6 12406/2/6 12417/2/6
f 12404/2/6 12405/2/6 12417/2/6
f 12417/2/6 12406/2/6 12418/2/6
f 12418/2/6 12406/2/6 12419/2/6
f 12407/2/6 12408/2/6 12421/2/6
f 12421/2/6 12408/2/6 12422/2/6
f 12390/5/6 12391/5/6 12423/5/6
f 12389/5/6 12390/5/6 12423/5/6
f 12423/5/6 12391/5/6 12424/5/6
f 12424/5/6 12391/5/6 12425/5/6
f 12419/2/6 12420/2/6 12426/2/6
f 12418/2/6 12419/2/6 12426/2/6
f 12426/2/6 12420/2/6 12427/2/6
f 12427/2/6 12420/2/6 12428/2/6
f 12398/2/6 12413/2/6 12430/2/6
f 12430/2/6 12413/2/6 12431/2/6
f 12431/2/6 12413/2/6 12432/2/6
f 12429/2/6 12430/2/6 12436/2/6
f 12430/2/6 12431/2/6 12436/2/6
f 12436/2/6 12431/2/6 12437/2/6
f 12437/2/6 12431/2/6 12438/2/6
f 12433/2/6 12434/2/6 12439/2/6
f 12439/2/6 12434/2/6 12440/2/6
f 12444/2/6 12445/2/6 12450/2/6
f 12443/2/6 12444/2/6 12450/2/6
f 12446/2/6 12447/2/6 12452/2/6
f 12452/2/6 12447/2/6 12453/2/6
f 12448/5/6 12449/5/6 12454/5/6
f 12454/5/6 12449/5/6 12455/5/6
f 12435/5/6 12436/5/6 12459/5/6
f 12459/5/6 12436/5/6 12460/5/6
f 12436/2/6 12437/2/6 12461/2/6
f 12460/5/6 12436/5/6 12461/5/6
f 12461/2/6 12437/2/6 12462/2/6
f 12440/2/6 12441/2/6 12464/2/6
f 12442/6/6 12443/6/6 12465/6/6
f 12441/6/6 12442/6/6 12465/6/6
f 12464/2/6 12441/2/6 12465/2/6
f 12450/2/6 12451/2/6 12466/2/6
f 12465/6/6 12443/6/6 12466/6/6
f 12443/2/6 12450/2/6 12466/2/6
f 12466/2/6 12451/2/6 12467/2/6
f 12467/2/6 12451/2/6 12468/2/6
f 12468/2/6 12451/2/6 12469/2/6
f 12455/5/6 12456/5/6 12470/5/6
f 12470/5/6 12456/5/6 12471/5/6
f 12457/2/6 12458/2/6 12473/2/6
f 12463/2/6 12464/2/6 12476/2/6
f 12464/2/6 12465/2/6 12476/2/6
f 12476/2/6 12465/2/6 12477/2/6
f 12467/2/6 12468/2/6 12478/2/6
f 12478/2/6 12468/2/6 12479/2/6
f 12474/2/6 12475/2/6 12480/2/6
f 12480/2/6 12475/2/6 12481/2/6
f 12460/2/6 12461/2/6 12483/2/6
f 12472/2/6 12473/2/6 12486/2/6
f 12473/2/6 12458/2/6 12486/2/6
f 12482/5/6 12483/5/6 12487/5/6
f 12487/5/6 12483/5/6 12488/5/6
f 12483/2/6 12461/2/6 12489/2/6
f 12488/5/6 12483/5/6 12489/5/6
f 12489/2/6 12461/2/6 12490/2/6
f 12484/2/6 12485/2/6 12492/2/6
f 12472/2/6 12486/2/6 12493/2/6
f 12488/5/6 12489/5/6 12496/5/6
f 12496/5/6 12489/5/6 12497/5/6
f 12491/2/6 12492/2/6 12498/2/6
f 12492/2/6 12485/2/6 12499/2/6
f 12498/2/6 12492/2/6 12499/2/6
f 12472/2/6 12493/2/6 12500/2/6
f 12500/2/6 12493/2/6 12501/2/6
f 12501/2/6 12493/2/6 12502/2/6
f 12494/2/6 12495/2/6 12504/2/6
f 12504/2/6 12495/2/6 12505/2/6
f 12488/5/6 12496/5/6 12506/5/6
f 12506/5/6 12496/5/6 12507/5/6
f 12497/5/6 12489/5/6 12508/5/6
f 12508/5/6 12489/5/6 12509/5/6
f 12509/5/6 12489/5/6 12510/5/6
f 12510/5/6 12489/5/6 12511/5/6
f 12499/2/6 12485/2/6 12513/2/6
f 12513/2/6 12485/2/6 12514/2/6
f 12503/2/6 12504/2/6 12515/2/6
f 12515/2/6 12504/2/6 12516/2/6
f 12511/2/6 12512/2/6 12517/2/6
f 12517/2/6 12512/2/6 12518/2/6
f 12515/2/6 12516/2/6 12524/2/6
f 12524/2/6 12516/2/6 12525/2/6
f 12517/2/6 12518/2/6 12526/2/6
f 12518/2/6 12519/2/6 12526/2/6
f 12526/2/6 12519/2/6 12527/2/6
f 12520/5/6 12521/5/6 12529/5/6
f 12522/2/6 12523/2/6 12530/2/6
f 12524/2/6 12525/2/6 12530/2/6
f 12523/2/6 12524/2/6 12530/2/6
f 12530/2/6 12525/2/6 12531/2/6
f 12531/2/6 12525/2/6 12532/2/6
f 12527/2/6 12519/2/6 12534/2/6
f 12534/2/6 12519/2/6 12535/2/6
f 12528/5/6 12529/5/6 12536/5/6
f 12529/5/6 12521/5/6 12537/5/6
f 12536/5/6 12529/5/6 12537/5/6
f 12533/5/6 12534/5/6 12541/5/6
f 12539/2/6 12540/2/6 12543/2/6
f 12538/2/6 12539/2/6 12543/2/6
f 12531/6/6 12532/6/6 12547/6/6
f 12547/6/6 12532/6/6 12548/6/6
f 12541/5/6 12542/5/6 12549/5/6
f 12533/5/6 12541/5/6 12549/5/6
f 12538/2/6 12543/2/6 12550/2/6
f 12543/2/6 12544/2/6 12550/2/6
f 12550/2/6 12544/2/6 12551/2/6
f 12551/2/6 12544/2/6 12552/2/6
f 12544/6/6 12545/6/6 12553/6/6
f 12552/2/6 12544/2/6 12553/2/6
f 12553/6/6 12545/6/6 12554/6/6
f 12547/6/6 12548/6/6 12555/6/6
f 12546/6/6 12547/6/6 12555/6/6
f 12555/6/6 12548/6/6 12556/6/6
f 12556/6/6 12548/6/6 12557/6/6
f 12551/2/6 12552/2/6 12558/2/6
f 12558/2/6 12552/2/6 12559/2/6
f 12553/6/6 12554/6/6 12560/6/6
f 12559/2/6 12552/2/6 12560/2/6
f 12552/6/6 12553/6/6 12560/6/6
f 12555/6/6 12556/6/6 12560/6/6
f 12554/6/6 12555/6/6 12560/6/6
f 12560/6/6 12556/6/6 12561/6/6
f 12561/6/6 12556/6/6 12562/6/6
f 12557/6/6 12548/6/6 12563/6/6
f 12563/6/6 12548/6/6 12564/6/6
f 12549/5/6 12542/5/6 12565/5/6
f 12559/6/6 12560/6/6 12566/6/6
f 12560/6/6 12561/6/6 12566/6/6
f 12566/6/6 12561/6/6 12567/6/6
f 12567/6/6 12561/6/6 12568/6/6
f 12568/6/6 12561/6/6 12569/6/6
f 12569/6/6 12561/6/6 12570/6/6
f 12565/5/6 12542/5/6 12571/5/6
f 12571/5/6 12542/5/6 12572/5/6
f 12572/5/6 12542/5/6 12578/5/6
f 12578/5/6 12542/5/6 12579/5/6
f 12576/6/6 12577/6/6 12584/6/6
f 12580/2/6 12581/2/6 12586/2/6
f 12582/6/6 12583/6/6 12588/6/6
f 12588/6/6 12583/6/6 12589/6/6
f 12573/5/6 12574/5/6 12595/5/6
f 12574/5/6 12575/5/6 12595/5/6
f 12595/5/6 12575/5/6 12596/5/6
f 12596/5/6 12575/5/6 12597/5/6
f 12584/6/6 12585/6/6 12598/6/6
f 12576/6/6 12584/6/6 12598/6/6
f 12598/6/6 12585/6/6 12599/6/6
f 12599/6/6 12585/6/6 12600/6/6
f 12586/2/6 12587/2/6 12601/2/6
f 12580/2/6 12586/2/6 12601/2/6
f 12601/2/6 12587/2/6 12602/2/6
f 12593/6/6 12594/6/6 12603/6/6
f 12592/6/6 12593/6/6 12603/6/6
f 12591/6/6 12592/6/6 12603/6/6
f 12590/6/6 12591/6/6 12603/6/6
f 12589/6/6 12590/6/6 12603/6/6
f 12603/6/6 12594/6/6 12604/6/6
f 12604/6/6 12594/6/6 12605/6/6
f 12605/6/6 12594/6/6 12606/6/6
f 12602/2/6 12587/2/6 12609/2/6
f 12609/2/6 12587/2/6 12610/2/6
f 12604/6/6 12605/6/6 12611/6/6
f 12605/5/6 12606/5/6 12612/5/6
f 12611/6/6 12605/6/6 12612/6/6
f 12612/5/6 12606/5/6 12613/5/6
f 12607/6/6 12608/6/6 12615/6/6
f 12615/6/6 12608/6/6 12616/6/6
f 12610/2/6 12587/2/6 12617/2/6
f 12617/2/6 12587/2/6 12618/2/6
f 12611/5/6 12612/5/6 12620/5/6
f 12620/5/6 12612/5/6 12621/5/6
f 12614/6/6 12615/6/6 12622/6/6
f 12622/6/6 12615/6/6 12623/6/6
f 12623/6/6 12615/6/6 12624/6/6
f 12610/2/6 12617/2/6 12625/2/6
f 12625/2/6 12617/2/6 12626/2/6
f 12619/5/6 12620/5/6 12627/5/6
f 12627/5/6 12620/5/6 12628/5/6
f 12629/3/6 12630/3/6 12633/3/6
f 12633/3/6 12630/3/6 12634/3/6
f 12631/6/6 12632/6/6 12635/6/6
f 12635/6/6 12632/6/6 12636/6/6
f 12637/3/6 12638/3/6 12641/3/6
f 12641/3/6 12638/3/6 12642/3/6
f 12639/6/6 12640/6/6 12646/6/6
f 12646/6/6 12640/6/6 12647/6/6
f 12641/3/6 12642/3/6 12651/3/6
f 12642/3/6 12643/3/6 12651/3/6
f 12644/6/6 12645/6/6 12652/6/6
f 12651/3/6 12643/3/6 12652/3/6
f 12643/6/6 12644/6/6 12652/6/6
f 12645/6/6 12646/6/6 12652/6/6
f 12652/6/6 12646/6/6 12653/6/6
f 12653/6/6 12646/6/6 12654/6/6
f 12641/3/6 12651/3/6 12655/3/6
f 12649/6/6 12650/6/6 12657/6/6
f 12648/6/6 12649/6/6 12657/6/6
f 12657/6/6 12650/6/6 12658/6/6
f 12641/3/6 12655/3/6 12659/3/6
f 12659/3/6 12655/3/6 12660/3/6
f 12655/2/6 12656/2/6 12661/2/6
f 12660/3/6 12655/3/6 12661/3/6
f 12661/2/6 12656/2/6 12662/2/6
f 12660/2/6 12661/2/6 12662/2/6
f 12660/2/6 12662/2/6 12664/2/6
f 12662/2/6 12663/2/6 12664/2/6
f 12664/2/6 12663/2/6 12665/2/6
f 12665/2/6 12663/2/6 12666/2/6
f 12665/2/6 12666/2/6 12667/2/6
f 12667/2/6 12666/2/6 12668/2/6
f 12671/2/6 12672/2/6 12673/2/6
f 12673/2/6 12672/2/6 12674/2/6
f 12674/2/6 12672/2/6 12675/2/6
f 12669/5/6 12670/5/6 12676/5/6
f 12676/5/6 12670/5/6 12677/5/6
f 12677/5/6 12670/5/6 12678/5/6
f 12679/5/6 12680/5/6 12682/5/6
f 12682/5/6 12680/5/6 12683/5/6
f 12681/5/6 12682/5/6 12684/5/6
f 12682/5/6 12683/5/6 12684/5/6
f 12681/5/6 12684/5/6 12685/5/6
f 12685/5/6 12684/5/6 12686/5/6
f 12686/5/6 12684/5/6 12687/5/6
f 12686/5/6 12687/5/6 12688/5/6
f 12688/5/6 12687/5/6 12689/5/6
f 12690/6/6 12691/6/6 12692/6/6
f 12692/6/6 12691/6/6 12693/6/6
f 12692/6/6 12693/6/6 12694/6/6
f 12694/6/6 12693/6/6 12695/6/6
f 12695/6/6 12693/6/6 12696/6/6
f 12694/6/6 12695/6/6 12697/6/6
f 12697/6/6 12695/6/6 12698/6/6
f 12698/6/6 12695/6/6 12699/6/6
f 12699/6/6 12695/6/6 12700/6/6
f 12700/5/6 12701/5/6 12706/5/6
f 12706/5/6 12701/5/6 12707/5/6
f 12704/5/6 12705/5/6 12708/5/6
f 12702/5/6 12703/5/6 12708/5/6
f 12703/5/6 12704/5/6 12708/5/6
f 12708/5/6 12705/5/6 12709/5/6
f 12710/5/6 12711/5/6 12722/5/6
f 12722/5/6 12711/5/6 12723/5/6
f 12712/2/6 12713/2/6 12726/2/6
f 12726/2/6 12713/2/6 12727/2/6
f 12716/5/6 12717/5/6 12729/5/6
f 12717/5/6 12718/5/6 12729/5/6
f 12720/2/6 12721/2/6 12730/2/6
f 12729/5/6 12718/5/6 12730/5/6
f 12718/2/6 12719/2/6 12730/2/6
f 12719/2/6 12720/2/6 12730/2/6
f 12730/2/6 12721/2/6 12731/2/6
f 12731/2/6 12721/2/6 12732/2/6
f 12727/2/6 12728/2/6 12737/2/6
f 12726/2/6 12727/2/6 12737/2/6
f 12725/2/6 12726/2/6 12737/2/6
f 12737/2/6 12728/2/6 12738/2/6
f 12714/3/6 12715/3/6 12739/3/6
f 12739/3/6 12715/3/6 12740/3/6
f 12716/5/6 12729/5/6 12741/5/6
f 12729/2/6 12730/2/6 12742/2/6
f 12741/5/6 12729/5/6 12742/5/6
f 12730/2/6 12731/2/6 12742/2/6
f 12723/5/6 12724/5/6 12745/5/6
f 12745/5/6 12724/5/6 12746/5/6
f 12733/5/6 12734/5/6 12747/5/6
f 12741/2/6 12742/2/6 12753/2/6
f 12743/5/6 12744/5/6 12755/5/6
f 12746/5/6 12747/5/6 12756/5/6
f 12756/5/6 12747/5/6 12757/5/6
f 12747/5/6 12734/5/6 12758/5/6
f 12757/5/6 12747/5/6 12758/5/6
f 12758/5/6 12734/5/6 12759/5/6
f 12735/5/6 12736/5/6 12761/5/6
f 12748/2/6 12749/2/6 12763/2/6
f 12750/2/6 12751/2/6 12764/2/6
f 12764/2/6 12751/2/6 12765/2/6
f 12752/6/6 12753/6/6 12766/6/6
f 12753/2/6 12742/2/6 12767/2/6
f 12766/6/6 12753/6/6 12767/6/6
f 12742/2/6 12731/2/6 12768/2/6
f 12767/2/6 12742/2/6 12768/2/6
f 12768/2/6 12731/2/6 12769/2/6
f 12769/2/6 12731/2/6 12770/2/6
f 12754/5/6 12755/5/6 12772/5/6
f 12755/5/6 12744/5/6 12773/5/6
f 12772/5/6 12755/5/6 12773/5/6
f 12773/5/6 12744/5/6 12774/5/6
f 12760/5/6 12761/5/6 12775/5/6
f 12762/2/6 12763/2/6 12776/2/6
f 12763/2/6 12749/2/6 12776/2/6
f 12770/2/6 12771/2/6 12778/2/6
f 12769/2/6 12770/2/6 12778/2/6
f 12778/2/6 12771/2/6 12779/2/6
f 12779/2/6 12771/2/6 12780/2/6
f 12775/5/6 12761/5/6 12781/5/6
f 12761/5/6 12736/5/6 12781/5/6
f 12781/5/6 12736/5/6 12782/5/6
f 12776/2/6 12777/2/6 12784/2/6
f 12762/2/6 12776/2/6 12784/2/6
f 12784/2/6 12777/2/6 12785/2/6
f 12779/2/6 12780/2/6 12786/2/6
f 12775/5/6 12781/5/6 12787/5/6
f 12787/5/6 12781/5/6 12788/5/6
f 12783/2/6 12784/2/6 12790/2/6
f 12790/2/6 12784/2/6 12791/2/6
f 12791/2/6 12784/2/6 12792/2/6
f 12779/2/6 12786/2/6 12795/2/6
f 12790/2/6 12791/2/6 12796/2/6
f 12789/2/6 12790/2/6 12796/2/6
f 12796/2/6 12791/2/6 12797/2/6
f 12793/2/6 12794/2/6 12798/2/6
f 12779/2/6 12795/2/6 12800/2/6
f 12800/2/6 12795/2/6 12801/2/6
f 12793/2/6 12798/2/6 12803/2/6
f 12803/2/6 12798/2/6 12804/2/6
f 12799/5/6 12800/5/6 12808/5/6
f 12808/5/6 12800/5/6 12809/5/6
f 12802/2/6 12803/2/6 12813/2/6
f 12813/2/6 12803/2/6 12814/2/6
f 12805/2/6 12806/2/6 12816/2/6
f 12807/5/6 12808/5/6 12817/5/6
f 12811/5/6 12812/5/6 12819/5/6
f 12810/5/6 12811/5/6 12819/5/6
f 12819/5/6 12812/5/6 12820/5/6
f 12815/2/6 12816/2/6 12823/2/6
f 12816/2/6 12806/2/6 12824/2/6
f 12823/2/6 12816/2/6 12824/2/6
f 12824/2/6 12806/2/6 12825/2/6
f 12820/5/6 12821/5/6 12826/5/6
f 12818/5/6 12819/5/6 12826/5/6
f 12819/5/6 12820/5/6 12826/5/6
f 12826/5/6 12821/5/6 12827/5/6
f 12827/5/6 12821/5/6 12828/5/6
f 12822/2/6 12823/2/6 12832/2/6
f 12823/2/6 12824/2/6 12832/2/6
f 12832/2/6 12824/2/6 12833/2/6
f 12817/5/6 12808/5/6 12834/5/6
f 12828/5/6 12829/5/6 12835/5/6
f 12827/5/6 12828/5/6 12835/5/6
f 12835/5/6 12829/5/6 12836/5/6
f 12830/5/6 12831/5/6 12837/5/6
f 12834/5/6 12808/5/6 12841/5/6
f 12841/5/6 12808/5/6 12842/5/6
f 12827/5/6 12835/5/6 12844/5/6
f 12844/5/6 12835/5/6 12845/5/6
f 12836/5/6 12829/5/6 12846/5/6
f 12846/5/6 12829/5/6 12847/5/6
f 12847/5/6 12829/5/6 12848/5/6
f 12837/5/6 12838/5/6 12849/5/6
f 12830/5/6 12837/5/6 12849/5/6
f 12849/5/6 12838/5/6 12850/5/6
f 12839/6/6 12840/6/6 12851/6/6
f 12851/6/6 12840/6/6 12852/6/6
f 12852/6/6 12840/6/6 12853/6/6
f 12850/5/6 12838/5/6 12857/5/6
f 12857/5/6 12838/5/6 12858/5/6
f 12852/6/6 12853/6/6 12859/6/6
f 12853/6/6 12854/6/6 12859/6/6
f 12859/6/6 12854/6/6 12860/6/6
f 12842/5/6 12843/5/6 12861/5/6
f 12841/5/6 12842/5/6 12861/5/6
f 12861/5/6 12843/5/6 12862/5/6
f 12862/5/6 12843/5/6 12863/5/6
f 12855/5/6 12856/5/6 12869/5/6
f 12869/5/6 12856/5/6 12870/5/6
f 12860/6/6 12854/6/6 12872/6/6
f 12872/6/6 12854/6/6 12873/6/6
f 12861/5/6 12862/5/6 12874/5/6
f 12874/5/6 12862/5/6 12875/5/6
f 12867/2/6 12868/2/6 12876/2/6
f 12864/2/6 12865/2/6 12878/2/6
f 12865/2/6 12866/2/6 12878/2/6
f 12878/2/6 12866/2/6 12879/2/6
f 12879/2/6 12866/2/6 12880/2/6
f 12876/2/6 12877/2/6 12881/2/6
f 12867/2/6 12876/2/6 12881/2/6
f 12879/2/6 12880/2/6 12882/2/6
f 12880/2/6 12881/2/6 12882/2/6
f 12882/2/6 12881/2/6 12883/2/6
f 12881/2/6 12877/2/6 12884/2/6
f 12883/2/6 12881/2/6 12884/2/6
f 12884/2/6 12877/2/6 12885/2/6
f 12871/6/6 12872/6/6 12887/6/6
f 12883/2/6 12884/2/6 12888/2/6
f 12888/2/6 12884/2/6 12889/2/6
f 12886/6/6 12887/6/6 12892/6/6
f 12887/6/6 12872/6/6 12893/6/6
f 12892/6/6 12887/6/6 12893/6/6
f 12893/6/6 12872/6/6 12894/6/6
f 12890/2/6 12891/2/6 12896/2/6
f 12896/2/6 12891/2/6 12897/2/6
f 12892/6/6 12893/6/6 12899/6/6
f 12897/2/6 12898/2/6 12901/2/6
f 12895/2/6 12896/2/6 12901/2/6
f 12896/2/6 12897/2/6 12901/2/6
f 12901/2/6 12898/2/6 12902/2/6
f 12899/6/6 12893/6/6 12903/6/6
f 12900/2/6 12901/2/6 12904/2/6
f 12902/2/6 12898/2/6 12905/2/6
f 12903/6/6 12893/6/6 12909/6/6
f 12909/6/6 12893/6/6 12910/6/6
f 12904/2/6 12901/2/6 12911/2/6
f 12911/2/6 12901/2/6 12912/2/6
f 12902/2/6 12905/2/6 12913/2/6
f 12902/2/6 12913/2/6 12917/2/6
f 12917/2/6 12913/2/6 12918/2/6
f 12907/5/6 12908/5/6 12919/5/6
f 12906/5/6 12907/5/6 12919/5/6
f 12914/5/6 12915/5/6 12921/5/6
f 12921/5/6 12915/5/6 12922/5/6
f 12916/2/6 12917/2/6 12923/2/6
f 12923/2/6 12917/2/6 12924/2/6
f 12906/5/6 12919/5/6 12926/5/6
f 12926/5/6 12919/5/6 12927/5/6
f 12921/2/6 12922/2/6 12928/2/6
f 12920/2/6 12921/2/6 12928/2/6
f 12928/2/6 12922/2/6 12929/2/6
f 12929/2/6 12922/2/6 12930/2/6
f 12924/2/6 12925/2/6 12931/2/6
f 12931/2/6 12925/2/6 12932/2/6
f 12932/5/6 12933/5/6 12939/5/6
f 12939/5/6 12933/5/6 12940/5/6
f 12940/5/6 12933/5/6 12941/5/6
f 12934/2/6 12935/2/6 12943/2/6
f 12943/2/6 12935/2/6 12944/2/6
f 12936/2/6 12937/2/6 12945/2/6
f 12945/2/6 12937/2/6 12946/2/6
f 12938/5/6 12939/5/6 12950/5/6
f 12939/5/6 12940/5/6 12950/5/6
f 12950/5/6 12940/5/6 12951/5/6
f 12943/2/6 12944/2/6 12952/2/6
f 12942/2/6 12943/2/6 12952/2/6
f 12952/2/6 12944/2/6 12953/2/6
f 12953/2/6 12944/2/6 12954/2/6
f 12945/2/6 12946/2/6 12955/2/6
f 12946/2/6 12947/2/6 12955/2/6
f 12955/2/6 12947/2/6 12956/2/6
f 12956/2/6 12947/2/6 12957/2/6
f 12948/2/6 12949/2/6 12958/2/6
f 12958/2/6 12949/2/6 12959/2/6
f 12952/2/6 12953/2/6 12960/2/6
f 12955/2/6 12956/2/6 12961/2/6
f 12961/2/6 12956/2/6 12962/2/6
f 12962/2/6 12956/2/6 12963/2/6
f 12960/2/6 12953/2/6 12964/2/6
f 12964/2/6 12953/2/6 12965/2/6
f 12965/2/6 12953/2/6 12966/2/6
f 12971/5/6 12972/5/6 12973/5/6
f 12970/5/6 12971/5/6 12973/5/6
f 12969/5/6 12970/5/6 12973/5/6
f 12968/5/6 12969/5/6 12973/5/6
f 12967/5/6 12968/5/6 12973/5/6
f 12973/5/6 12972/5/6 12974/5/6
f 12974/5/6 12972/5/6 12975/5/6
f 12975/5/6 12972/5/6 12976/5/6
f 12974/5/6 12975/5/6 12979/5/6
f 12979/5/6 12975/5/6 12980/5/6
f 12977/2/6 12978/2/6 12982/2/6
f 12982/2/6 12978/2/6 12983/2/6
f 12974/5/6 12979/5/6 12985/5/6
f 12985/5/6 12979/5/6 12986/5/6
f 12984/3/6 12985/3/6 12987/3/6
f 12987/3/6 12985/3/6 12988/3/6
f 12982/2/6 12983/2/6 12989/2/6
f 12981/2/6 12982/2/6 12989/2/6
f 12989/2/6 12983/2/6 12990/2/6
f 12990/2/6 12983/2/6 12991/2/6
f 12991/2/6 12992/2/6 12993/2/6
f 12990/2/6 12991/2/6 12993/2/6
f 12993/2/6 12992/2/6 12994/2/6
f 12995/15/6 12996/15/6 12998/15/6
f 12998/15/6 12996/15/6 12999/15/6
f 12997/15/6 12998/15/6 13002/15/6
f 12999/15/6 13000/15/6 13002/15/6
f 12998/15/6 12999/15/6 13002/15/6
f 13002/15/6 13000/15/6 13003/15/6
f 13003/15/6 13000/15/6 13004/15/6
f 13004/15/6 13000/15/6 13005/15/6
f 13001/15/6 13002/15/6 13008/15/6
f 13002/15/6 13003/15/6 13008/15/6
f 13008/15/6 13003/15/6 13009/15/6
f 13009/15/6 13003/15/6 13010/15/6
f 13004/15/6 13005/15/6 13011/15/6
f 13005/15/6 13006/15/6 13011/15/6
f 13011/15/6 13006/15/6 13012/15/6
f 13012/15/6 13006/15/6 13013/15/6
f 13008/15/6 13009/15/6 13016/15/6
f 13007/15/6 13008/15/6 13016/15/6
f 13016/15/6 13009/15/6 13017/15/6
f 13017/15/6 13009/15/6 13018/15/6
f 13013/15/6 13014/15/6 13019/15/6
f 13012/15/6 13013/15/6 13019/15/6
f 13019/15/6 13014/15/6 13020/15/6
f 13020/15/6 13014/15/6 13021/15/6
f 13016/15/6 13017/15/6 13024/15/6
f 13015/15/6 13016/15/6 13024/15/6
f 13024/15/6 13017/15/6 13025/15/6
f 13025/15/6 13017/15/6 13026/15/6
f 13021/15/6 13022/15/6 13027/15/6
f 13020/15/6 13021/15/6 13027/15/6
f 13027/15/6 13022/15/6 13028/15/6
f 13028/15/6 13022/15/6 13029/15/6
f 13024/15/6 13025/15/6 13032/15/6
f 13023/15/6 13024/15/6 13032/15/6
f 13032/15/6 13025/15/6 13033/15/6
f 13033/15/6 13025/15/6 13034/15/6
f 13029/15/6 13030/15/6 13035/15/6
f 13028/15/6 13029/15/6 13035/15/6
f 13035/15/6 13030/15/6 13036/15/6
f 13036/15/6 13030/15/6 13037/15/6
f 13032/15/6 13033/15/6 13040/15/6
f 13031/15/6 13032/15/6 13040/15/6
f 13040/15/6 13033/15/6 13041/15/6
f 13041/15/6 13033/15/6 13042/15/6
f 13037/15/6 13038/15/6 13043/15/6
f 13036/15/6 13037/15/6 13043/15/6
f 13043/15/6 13038/15/6 13044/15/6
f 13044/15/6 13038/15/6 13045/15/6
f 13040/15/6 13041/15/6 13048/15/6
f 13039/15/6 13040/15/6 13048/15/6
f 13048/15/6 13041/15/6 13049/15/6
f 13049/15/6 13041/15/6 13050/15/6
f 13045/15/6 13046/15/6 13051/15/6
f 13044/15/6 13045/15/6 13051/15/6
f 13051/15/6 13046/15/6 13052/15/6
f 13052/15/6 13046/15/6 13053/15/6
f 13048/15/6 13049/15/6 13056/15/6
f 13047/15/6 13048/15/6 13056/15/6
f 13056/15/6 13049/15/6 13057/15/6
f 13057/15/6 13049/15/6 13058/15/6
f 13053/15/6 13054/15/6 13059/15/6
f 13052/15/6 13053/15/6 13059/15/6
f 13059/15/6 13054/15/6 13060/15/6
f 13060/15/6 13054/15/6 13061/15/6
f 13056/15/6 13057/15/6 13064/15/6
f 13055/15/6 13056/15/6 13064/15/6
f 13064/15/6 13057/15/6 13065/15/6
f 13065/15/6 13057/15/6 13066/15/6
f 13061/15/6 13062/15/6 13067/15/6
f 13060/15/6 13061/15/6 13067/15/6
f 13067/15/6 13062/15/6 13068/15/6
f 13068/15/6 13062/15/6 13069/15/6
f 13064/15/6 13065/15/6 13072/15/6
f 13063/15/6 13064/15/6 13072/15/6
f 13072/15/6 13065/15/6 13073/15/6
f 13073/15/6 13065/15/6 13074/15/6
f 13069/15/6 13070/15/6 13075/15/6
f 13068/15/6 13069/15/6 13075/15/6
f 13075/15/6 13070/15/6 13076/15/6
f 13076/15/6 13070/15/6 13077/15/6
f 13072/15/6 13073/15/6 13079/15/6
f 13071/15/6 13072/15/6 13079/15/6
f 13079/15/6 13073/15/6 13080/15/6
f 13077/15/6 13078/15/6 13081/15/6
f 13076/15/6 13077/15/6 13081/15/6
f 13081/15/6 13078/15/6 13082/15/6
f 13071/15/6 13079/15/6 13084/15/6
f 13084/15/6 13079/15/6 13085/15/6
f 13085/15/6 13079/15/6 13086/15/6
f 13082/15/6 13078/15/6 13087/15/6
f 13087/15/6 13078/15/6 13088/15/6
f 13088/15/6 13078/15/6 13089/15/6
f 13083/15/6 13084/15/6 13092/15/6
f 13084/15/6 13085/15/6 13092/15/6
f 13089/15/6 13090/15/6 13093/15/6
f 13088/15/6 13089/15/6 13093/15/6
f 13093/15/6 13090/15/6 13094/15/6
f 13091/15/6 13092/15/6 13096/15/6
f 13092/15/6 13085/15/6 13096/15/6
f 13096/15/6 13085/15/6 13097/15/6
f 13094/15/6 13095/15/6 13098/15/6
f 13093/15/6 13094/15/6 13098/15/6
f 13098/15/6 13095/15/6 13099/15/6
f 13091/15/6 13096/15/6 13101/15/6
f 13101/15/6 13096/15/6 13102/15/6
f 13102/15/6 13096/15/6 13103/15/6
f 13099/15/6 13095/15/6 13104/15/6
f 13104/15/6 13095/15/6 13105/15/6
f 13105/15/6 13095/15/6 13106/15/6
f 13100/15/6 13101/15/6 13109/15/6
f 13101/15/6 13102/15/6 13109/15/6
f 13106/15/6 13107/15/6 13112/15/6
f 13105/15/6 13106/15/6 13112/15/6
f 13108/15/6 13109/15/6 13114/15/6
f 13109/15/6 13102/15/6 13114/15/6
f 13114/15/6 13102/15/6 13115/15/6
f 13110/6/6 13111/6/6 13116/6/6
f 13112/15/6 13113/15/6 13117/15/6
f 13105/15/6 13112/15/6 13117/15/6
f 13117/15/6 13113/15/6 13118/15/6
f 13116/6/6 13111/6/6 13121/6/6
f 13121/6/6 13111/6/6 13122/6/6
f 13108/15/6 13114/15/6 13125/15/6
f 13125/15/6 13114/15/6 13126/15/6
f 13126/15/6 13114/15/6 13127/15/6
f 13119/5/6 13120/5/6 13128/5/6
f 13122/5/6 13123/5/6 13128/5/6
f 13120/5/6 13121/5/6 13128/5/6
f 13121/5/6 13122/5/6 13128/5/6
f 13118/15/6 13113/15/6 13129/15/6
f 13129/15/6 13113/15/6 13130/15/6
f 13130/15/6 13113/15/6 13131/15/6
f 13119/5/6 13128/5/6 13133/5/6
f 13133/5/6 13128/5/6 13134/5/6
f 13134/5/6 13128/5/6 13135/5/6
f 13125/15/6 13126/15/6 13137/15/6
f 13124/15/6 13125/15/6 13137/15/6
f 13134/5/6 13135/5/6 13138/5/6
f 13138/5/6 13135/5/6 13139/5/6
f 13139/5/6 13135/5/6 13140/5/6
f 13131/15/6 13132/15/6 13141/15/6
f 13130/15/6 13131/15/6 13141/15/6
f 13136/15/6 13137/15/6 13143/15/6
f 13137/15/6 13126/15/6 13143/15/6
f 13143/15/6 13126/15/6 13144/15/6
f 13139/5/6 13140/5/6 13147/5/6
f 13141/15/6 13142/15/6 13155/15/6
f 13130/15/6 13141/15/6 13155/15/6
f 13155/15/6 13142/15/6 13156/15/6
f 13136/15/6 13143/15/6 13157/15/6
f 13139/5/6 13147/5/6 13160/5/6
f 13147/5/6 13148/5/6 13160/5/6
f 13160/5/6 13148/5/6 13161/5/6
f 13152/2/6 13153/2/6 13164/2/6
f 13164/2/6 13153/2/6 13165/2/6
f 13154/2/6 13155/2/6 13166/2/6
f 13166/2/6 13155/2/6 13167/2/6
f 13136/15/6 13157/15/6 13168/15/6
f 13158/6/6 13159/6/6 13169/6/6
f 13169/6/6 13159/6/6 13170/6/6
f 13170/6/6 13159/6/6 13171/6/6
f 13145/5/6 13146/5/6 13172/5/6
f 13172/5/6 13146/5/6 13173/5/6
f 13150/5/6 13151/5/6 13174/5/6
f 13149/5/6 13150/5/6 13174/5/6
f 13174/5/6 13151/5/6 13175/5/6
f 13162/6/6 13163/6/6 13176/6/6
f 13176/6/6 13163/6/6 13177/6/6
f 13156/15/6 13142/15/6 13181/15/6
f 13136/15/6 13168/15/6 13183/15/6
f 13183/15/6 13168/15/6 13184/15/6
f 13145/5/6 13172/5/6 13189/5/6
f 13189/5/6 13172/5/6 13190/5/6
f 13190/5/6 13172/5/6 13191/5/6
f 13162/6/6 13176/6/6 13192/6/6
f 13192/6/6 13176/6/6 13193/6/6
f 13178/2/6 13179/2/6 13194/2/6
f 13194/2/6 13179/2/6 13195/2/6
f 13180/2/6 13181/2/6 13196/2/6
f 13181/15/6 13142/15/6 13197/15/6
f 13182/15/6 13183/15/6 13199/15/6
f 13183/15/6 13184/15/6 13199/15/6
f 13199/15/6 13184/15/6 13200/15/6
f 13185/6/6 13186/6/6 13201/6/6
f 13187/5/6 13188/5/6 13202/5/6
f 13196/2/6 13181/2/6 13206/2/6
f 13197/15/6 13198/15/6 13207/15/6
f 13206/2/6 13181/2/6 13207/2/6
f 13181/15/6 13197/15/6 13207/15/6
f 13207/15/6 13198/15/6 13208/15/6
f 13201/6/6 13186/6/6 13209/6/6
f 13204/5/6 13205/5/6 13211/5/6
f 13211/5/6 13205/5/6 13212/5/6
f 13212/5/6 13205/5/6 13213/5/6
f 13207/2/6 13208/2/6 13214/2/6
f 13206/2/6 13207/2/6 13214/2/6
f 13209/6/6 13186/6/6 13215/6/6
f 13215/6/6 13186/6/6 13216/6/6
f 13202/5/6 13203/5/6 13217/5/6
f 13187/5/6 13202/5/6 13217/5/6
f 13210/5/6 13211/5/6 13218/5/6
f 13218/5/6 13211/5/6 13219/5/6
f 13214/2/6 13208/2/6 13223/2/6
f 13216/6/6 13217/6/6 13224/6/6
f 13217/5/6 13203/5/6 13224/5/6
f 13224/5/6 13203/5/6 13225/5/6
f 13225/5/6 13203/5/6 13226/5/6
f 13212/5/6 13213/5/6 13229/5/6
f 13229/5/6 13213/5/6 13230/5/6
f 13221/2/6 13222/2/6 13231/2/6
f 13222/2/6 13223/2/6 13231/2/6
f 13223/2/6 13208/2/6 13231/2/6
f 13220/2/6 13221/2/6 13231/2/6
f 13208/15/6 13198/15/6 13232/15/6
f 13231/2/6 13208/2/6 13232/2/6
f 13216/6/6 13224/6/6 13233/6/6
f 13224/6/6 13225/6/6 13233/6/6
f 13233/6/6 13225/6/6 13234/6/6
f 13234/6/6 13225/6/6 13235/6/6
f 13227/5/6 13228/5/6 13236/5/6
f 13220/2/6 13231/2/6 13238/2/6
f 13238/2/6 13231/2/6 13239/2/6
f 13239/2/6 13231/2/6 13240/2/6
f 13240/2/6 13231/2/6 13241/2/6
f 13241/2/6 13231/2/6 13242/2/6
f 13236/5/6 13237/5/6 13245/5/6
f 13240/2/6 13241/2/6 13246/2/6
f 13246/2/6 13241/2/6 13247/2/6
f 13243/5/6 13244/5/6 13249/5/6
f 13249/5/6 13244/5/6 13250/5/6
f 13248/5/6 13249/5/6 13252/5/6
f 13252/5/6 13249/5/6 13253/5/6
f 13253/5/6 13249/5/6 13254/5/6
f 13236/5/6 13245/5/6 13255/5/6
f 13227/5/6 13236/5/6 13255/5/6
f 13255/5/6 13245/5/6 13256/5/6
f 13252/5/6 13253/5/6 13257/5/6
f 13257/5/6 13253/5/6 13260/5/6
f 13260/5/6 13253/5/6 13261/5/6
f 13250/5/6 13251/5/6 13262/5/6
f 13262/5/6 13251/5/6 13263/5/6
f 13258/6/6 13259/6/6 13264/6/6
f 13264/6/6 13259/6/6 13265/6/6
f 13182/15/6 13199/15/6 13267/15/6
f 13260/5/6 13261/5/6 13270/5/6
f 13261/5/6 13262/5/6 13270/5/6
f 13270/5/6 13262/5/6 13271/5/6
f 13271/5/6 13262/5/6 13272/5/6
f 13264/6/6 13265/6/6 13273/6/6
f 13265/6/6 13266/6/6 13273/6/6
f 13273/6/6 13266/6/6 13274/6/6
f 13232/15/6 13198/15/6 13275/15/6
f 13267/15/6 13268/15/6 13276/15/6
f 13182/15/6 13267/15/6 13276/15/6
f 13276/15/6 13268/15/6 13277/15/6
f 13277/15/6 13268/15/6 13278/15/6
f 13274/15/6 13275/15/6 13279/15/6
f 13275/15/6 13198/15/6 13279/15/6
f 13279/15/6 13198/15/6 13280/15/6
f 13270/5/6 13271/5/6 13281/5/6
f 13269/5/6 13270/5/6 13281/5/6
f 13281/5/6 13271/5/6 13282/5/6
f 13264/6/6 13273/6/6 13283/6/6
f 13283/6/6 13273/6/6 13284/6/6
f 13284/6/6 13273/6/6 13285/6/6
f 13277/15/6 13278/15/6 13286/15/6
f 13274/15/6 13279/15/6 13289/15/6
f 13286/15/6 13287/15/6 13290/15/6
f 13277/15/6 13286/15/6 13290/15/6
f 13290/15/6 13287/15/6 13291/15/6
f 13288/15/6 13289/15/6 13292/15/6
f 13289/15/6 13279/15/6 13292/15/6
f 13292/15/6 13279/15/6 13293/15/6
f 13291/15/6 13287/15/6 13296/15/6
f 13296/15/6 13287/15/6 13297/15/6
f 13297/15/6 13287/15/6 13298/15/6
f 13288/15/6 13292/15/6 13306/15/6
f 13306/15/6 13292/15/6 13307/15/6
f 13307/15/6 13292/15/6 13308/15/6
f 13294/5/6 13295/5/6 13309/5/6
f 13309/5/6 13295/5/6 13310/5/6
f 13303/2/6 13304/2/6 13312/2/6
f 13304/6/6 13305/6/6 13313/6/6
f 13312/2/6 13304/2/6 13313/2/6
f 13306/15/6 13307/15/6 13314/15/6
f 13313/6/6 13305/6/6 13314/6/6
f 13305/15/6 13306/15/6 13314/15/6
f 13297/15/6 13298/15/6 13315/15/6
f 13298/15/6 13299/15/6 13315/15/6
f 13310/5/6 13295/5/6 13317/5/6
f 13317/5/6 13295/5/6 13318/5/6
f 13300/5/6 13301/5/6 13319/5/6
f 13301/5/6 13302/5/6 13319/5/6
f 13319/5/6 13302/5/6 13320/5/6
f 13311/2/6 13312/2/6 13322/2/6
f 13312/2/6 13313/2/6 13322/2/6
f 13313/2/6 13314/2/6 13322/2/6
f 13322/2/6 13314/2/6 13323/2/6
f 13314/15/6 13307/15/6 13324/15/6
f 13323/2/6 13314/2/6 13324/2/6
f 13297/15/6 13315/15/6 13325/15/6
f 13315/15/6 13316/15/6 13325/15/6
f 13325/15/6 13316/15/6 13326/15/6
f 13322/2/6 13323/2/6 13328/2/6
f 13321/2/6 13322/2/6 13328/2/6
f 13324/15/6 13307/15/6 13329/15/6
f 13323/15/6 13324/15/6 13329/15/6
f 13329/15/6 13307/15/6 13330/15/6
f 13326/15/6 13316/15/6 13331/15/6
f 13331/15/6 13316/15/6 13332/15/6
f 13332/15/6 13316/15/6 13333/15/6
f 13327/2/6 13328/2/6 13335/2/6
f 13328/2/6 13323/2/6 13336/2/6
f 13335/2/6 13328/2/6 13336/2/6
f 13323/15/6 13329/15/6 13337/15/6
f 13336/2/6 13323/2/6 13337/2/6
f 13337/15/6 13329/15/6 13338/15/6
f 13338/15/6 13329/15/6 13339/15/6
f 13333/15/6 13334/15/6 13340/15/6
f 13332/15/6 13333/15/6 13340/15/6
f 13335/2/6 13336/2/6 13342/2/6
f 13342/2/6 13336/2/6 13343/2/6
f 13343/2/6 13336/2/6 13344/2/6
f 13337/15/6 13338/15/6 13345/15/6
f 13344/2/6 13336/2/6 13345/2/6
f 13336/15/6 13337/15/6 13345/15/6
f 13340/15/6 13341/15/6 13346/15/6
f 13332/15/6 13340/15/6 13346/15/6
f 13346/15/6 13341/15/6 13347/15/6
f 13343/2/6 13344/2/6 13351/2/6
f 13344/15/6 13345/15/6 13352/15/6
f 13351/2/6 13344/2/6 13352/2/6
f 13345/15/6 13338/15/6 13353/15/6
f 13352/15/6 13345/15/6 13353/15/6
f 13353/15/6 13338/15/6 13354/15/6
f 13347/15/6 13341/15/6 13355/15/6
f 13355/15/6 13341/15/6 13356/15/6
f 13356/15/6 13341/15/6 13357/15/6
f 13348/2/6 13349/2/6 13359/2/6
f 13349/3/6 13350/3/6 13360/3/6
f 13359/2/6 13349/2/6 13360/2/6
f 13360/3/6 13350/3/6 13361/3/6
f 13361/3/6 13350/3/6 13362/3/6
f 13352/15/6 13353/15/6 13366/15/6
f 13366/15/6 13353/15/6 13367/15/6
f 13367/15/6 13353/15/6 13368/15/6
f 13357/15/6 13358/15/6 13369/15/6
f 13356/15/6 13357/15/6 13369/15/6
f 13363/6/6 13364/6/6 13371/6/6
f 13366/15/6 13367/15/6 13373/15/6
f 13365/15/6 13366/15/6 13373/15/6
f 13369/15/6 13370/15/6 13374/15/6
f 13356/15/6 13369/15/6 13374/15/6
f 13374/15/6 13370/15/6 13375/15/6
f 13375/15/6 13370/15/6 13376/15/6
f 13363/6/6 13371/6/6 13378/6/6
f 13372/15/6 13373/15/6 13380/15/6
f 13373/15/6 13367/15/6 13381/15/6
f 13380/15/6 13373/15/6 13381/15/6
f 13381/15/6 13367/15/6 13382/15/6
f 13376/15/6 13377/15/6 13383/15/6
f 13375/15/6 13376/15/6 13383/15/6
f 13383/15/6 13377/15/6 13384/15/6
f 13384/15/6 13377/15/6 13385/15/6
f 13363/6/6 13378/6/6 13388/6/6
f 13388/6/6 13378/6/6 13389/6/6
f 13379/15/6 13380/15/6 13392/15/6
f 13380/15/6 13381/15/6 13392/15/6
f 13392/15/6 13381/15/6 13393/15/6
f 13393/15/6 13381/15/6 13394/15/6
f 13385/15/6 13386/15/6 13395/15/6
f 13384/15/6 13385/15/6 13395/15/6
f 13395/15/6 13386/15/6 13396/15/6
f 13396/15/6 13386/15/6 13397/15/6
f 13389/6/6 13390/6/6 13400/6/6
f 13388/6/6 13389/6/6 13400/6/6
f 13387/6/6 13388/6/6 13400/6/6
f 13400/6/6 13390/6/6 13401/6/6
f 13401/6/6 13390/6/6 13402/6/6
f 13392/15/6 13393/15/6 13405/15/6
f 13391/15/6 13392/15/6 13405/15/6
f 13405/15/6 13393/15/6 13406/15/6
f 13406/15/6 13393/15/6 13407/15/6
f 13397/15/6 13398/15/6 13408/15/6
f 13396/15/6 13397/15/6 13408/15/6
f 13408/15/6 13398/15/6 13409/15/6
f 13409/15/6 13398/15/6 13410/15/6
f 13399/6/6 13400/6/6 13413/6/6
f 13400/6/6 13401/6/6 13413/6/6
f 13402/5/6 13403/5/6 13414/5/6
f 13413/6/6 13401/6/6 13414/6/6
f 13401/5/6 13402/5/6 13414/5/6
f 13405/15/6 13406/15/6 13416/15/6
f 13404/15/6 13405/15/6 13416/15/6
f 13416/15/6 13406/15/6 13417/15/6
f 13417/15/6 13406/15/6 13418/15/6
f 13409/15/6 13410/15/6 13419/15/6
f 13411/15/6 13412/15/6 13419/15/6
f 13410/15/6 13411/15/6 13419/15/6
f 13419/15/6 13412/15/6 13420/15/6
f 13420/15/6 13412/15/6 13421/15/6
f 13399/6/6 13413/6/6 13423/6/6
f 13413/5/6 13414/5/6 13424/5/6
f 13423/6/6 13413/6/6 13424/6/6
f 13414/5/6 13403/5/6 13425/5/6
f 13424/5/6 13414/5/6 13425/5/6
f 13425/5/6 13403/5/6 13426/5/6
f 13416/15/6 13417/15/6 13427/15/6
f 13415/15/6 13416/15/6 13427/15/6
f 13427/15/6 13417/15/6 13428/15/6
f 13428/15/6 13417/15/6 13429/15/6
f 13421/15/6 13422/15/6 13430/15/6
f 13420/15/6 13421/15/6 13430/15/6
f 13430/15/6 13422/15/6 13431/15/6
f 13431/15/6 13422/15/6 13432/15/6
f 13423/5/6 13424/5/6 13434/5/6
f 13424/5/6 13425/5/6 13434/5/6
f 13434/5/6 13425/5/6 13435/5/6
f 13427/15/6 13428/15/6 13436/15/6
f 13426/15/6 13427/15/6 13436/15/6
f 13436/15/6 13428/15/6 13437/15/6
f 13437/15/6 13428/15/6 13438/15/6
f 13432/15/6 13433/15/6 13439/15/6
f 13431/15/6 13432/15/6 13439/15/6
f 13439/15/6 13433/15/6 13440/15/6
f 13440/15/6 13433/15/6 13441/15/6
f 13423/5/6 13434/5/6 13443/5/6
f 13443/5/6 13434/5/6 13444/5/6
f 13434/15/6 13435/15/6 13445/15/6
f 13444/5/6 13434/5/6 13445/5/6
f 13436/15/6 13437/15/6 13445/15/6
f 13435/15/6 13436/15/6 13445/15/6
f 13445/15/6 13437/15/6 13446/15/6
f 13446/15/6 13437/15/6 13447/15/6
f 13441/15/6 13442/15/6 13448/15/6
f 13440/15/6 13441/15/6 13448/15/6
f 13448/15/6 13442/15/6 13449/15/6
f 13449/15/6 13442/15/6 13450/15/6
f 13445/15/6 13446/15/6 13453/15/6
f 13444/15/6 13445/15/6 13453/15/6
f 13453/15/6 13446/15/6 13454/15/6
f 13454/15/6 13446/15/6 13455/15/6
f 13450/15/6 13451/15/6 13456/15/6
f 13449/15/6 13450/15/6 13456/15/6
f 13456/15/6 13451/15/6 13457/15/6
f 13457/15/6 13451/15/6 13458/15/6
f 13453/15/6 13454/15/6 13461/15/6
f 13452/15/6 13453/15/6 13461/15/6
f 13461/15/6 13454/15/6 13462/15/6
f 13462/15/6 13454/15/6 13463/15/6
f 13458/15/6 13459/15/6 13464/15/6
f 13457/15/6 13458/15/6 13464/15/6
f 13464/15/6 13459/15/6 13465/15/6
f 13465/15/6 13459/15/6 13466/15/6
f 13461/15/6 13462/15/6 13467/15/6
f 13460/15/6 13461/15/6 13467/15/6
f 13467/15/6 13462/15/6 13468/15/6
f 13468/15/6 13462/15/6 13469/15/6
f 13465/15/6 13466/15/6 13470/15/6
f 13467/15/6 13468/15/6 13470/15/6
f 13466/15/6 13467/15/6 13470/15/6
f 13470/15/6 13468/15/6 13471/15/6
f 13471/15/6 13468/15/6 13472/15/6
f 13472/15/6 13468/15/6 13473/15/6
f 13471/15/6 13472/15/6 13474/15/6
f 13474/15/6 13472/15/6 13475/15/6
f 13476/6/6 13477/6/6 13481/6/6
f 13477/6/6 13478/6/6 13481/6/6
f 13481/6/6 13478/6/6 13482/6/6
f 13482/6/6 13478/6/6 13483/6/6
f 13479/2/6 13480/2/6 13484/2/6
f 13484/2/6 13480/2/6 13485/2/6
f 13485/2/6 13480/2/6 13486/2/6
f 13489/6/6 13490/6/6 13491/6/6
f 13491/6/6 13492/6/6 13493/6/6
f 13489/6/6 13491/6/6 13496/6/6
f 13491/6/6 13493/6/6 13496/6/6
f 13496/6/6 13493/6/6 13497/6/6
f 13497/6/6 13493/6/6 13498/6/6
f 13487/6/6 13488/6/6 13499/6/6
f 13499/6/6 13488/6/6 13500/6/6
f 13494/5/6 13495/5/6 13502/5/6
f 13497/6/6 13498/6/6 13503/6/6
f 13503/6/6 13498/6/6 13504/6/6
f 13501/5/6 13502/5/6 13505/5/6
f 13505/5/6 13502/5/6 13506/5/6
f 13506/5/6 13502/5/6 13507/5/6
f 13502/5/6 13495/5/6 13508/5/6
f 13507/5/6 13502/5/6 13508/5/6
f 13508/5/6 13495/5/6 13509/5/6
f 13509/5/6 13495/5/6 13510/5/6
f 13511/5/6 13512/5/6 13514/5/6
f 13513/5/6 13514/5/6 13515/5/6
f 13514/5/6 13512/5/6 13516/5/6
f 13515/5/6 13514/5/6 13516/5/6
f 13517/5/6 13518/5/6 13523/5/6
f 13518/5/6 13519/5/6 13523/5/6
f 13519/5/6 13520/5/6 13523/5/6
f 13523/5/6 13520/5/6 13524/5/6
f 13521/5/6 13522/5/6 13525/5/6
f 13517/5/6 13523/5/6 13526/5/6
f 13526/5/6 13523/5/6 13527/5/6
f 13525/5/6 13522/5/6 13528/5/6
f 13525/5/6 13528/5/6 13530/5/6
f 13528/5/6 13529/5/6 13530/5/6
f 13530/5/6 13529/5/6 13531/5/6
f 13530/5/6 13531/5/6 13533/5/6
f 13531/5/6 13532/5/6 13533/5/6
f 13533/5/6 13532/5/6 13534/5/6
f 13530/5/6 13533/5/6 13535/5/6
f 13535/5/6 13533/5/6 13536/5/6
f 13537/13/6 13538/13/6 13543/13/6
f 13538/11/6 13539/11/6 13544/11/6
f 13543/13/6 13538/13/6 13544/13/6
f 13539/8/6 13540/8/6 13545/8/6
f 13544/11/6 13539/11/6 13545/11/6
f 13540/11/6 13541/11/6 13546/11/6
f 13545/8/6 13540/8/6 13546/8/6
f 13541/13/6 13542/13/6 13547/13/6
f 13546/11/6 13541/11/6 13547/11/6
f 13547/13/6 13542/13/6 13548/13/6
f 13543/11/6 13544/11/6 13549/11/6
f 13544/2/6 13545/2/6 13550/2/6
f 13549/11/6 13544/11/6 13550/11/6
f 13545/3/6 13546/3/6 13551/3/6
f 13550/2/6 13545/2/6 13551/2/6
f 13546/2/6 13547/2/6 13552/2/6
f 13551/3/6 13546/3/6 13552/3/6
f 13547/11/6 13548/11/6 13553/11/6
f 13552/2/6 13547/2/6 13553/2/6
f 13553/11/6 13548/11/6 13554/11/6
f 13549/9/6 13550/9/6 13555/9/6
f 13550/3/6 13551/3/6 13556/3/6
f 13555/9/6 13550/9/6 13556/9/6
f 13551/7/6 13552/7/6 13557/7/6
f 13556/3/6 13551/3/6 13557/3/6
f 13552/3/6 13553/3/6 13558/3/6
f 13557/7/6 13552/7/6 13558/7/6
f 13553/9/6 13554/9/6 13559/9/6
f 13558/3/6 13553/3/6 13559/3/6
f 13559/9/6 13554/9/6 13560/9/6
f 13555/11/6 13556/11/6 13561/11/6
f 13556/9/6 13557/9/6 13562/9/6
f 13561/11/6 13556/11/6 13562/11/6
f 13557/3/6 13558/3/6 13563/3/6
f 13562/9/6 13557/9/6 13563/9/6
f 13558/2/6 13559/2/6 13564/2/6
f 13563/3/6 13558/3/6 13564/3/6
f 13559/11/6 13560/11/6 13565/11/6
f 13564/2/6 13559/2/6 13565/2/6
f 13565/11/6 13560/11/6 13566/11/6
f 13561/13/6 13562/13/6 13567/13/6
f 13562/11/6 13563/11/6 13568/11/6
f 13567/13/6 13562/13/6 13568/13/6
f 13563/8/6 13564/8/6 13569/8/6
f 13568/11/6 13563/11/6 13569/11/6
f 13564/11/6 13565/11/6 13570/11/6
f 13569/8/6 13564/8/6 13570/8/6
f 13565/13/6 13566/13/6 13571/13/6
f 13570/11/6 13565/11/6 13571/11/6
f 13571/13/6 13566/13/6 13572/13/6
f 13573/14/6 13574/14/6 13579/14/6
f 13574/13/6 13575/13/6 13580/13/6
f 13579/14/6 13574/14/6 13580/14/6
f 13575/11/6 13576/11/6 13581/11/6
f 13580/13/6 13575/13/6 13581/13/6
f 13576/13/6 13577/13/6 13582/13/6
f 13581/11/6 13576/11/6 13582/11/6
f 13577/14/6 13578/14/6 13583/14/6
f 13582/13/6 13577/13/6 13583/13/6
f 13583/14/6 13578/14/6 13584/14/6
f 13579/13/6 13580/13/6 13585/13/6
f 13580/12/6 13581/12/6 13586/12/6
f 13585/13/6 13580/13/6 13586/13/6
f 13581/9/6 13582/9/6 13587/9/6
f 13586/12/6 13581/12/6 13587/12/6
f 13587/9/6 13582/9/6 13588/9/6
f 13588/9/6 13582/9/6 13589/9/6
f 13582/12/6 13583/12/6 13590/12/6
f 13589/9/6 13582/9/6 13590/9/6
f 13583/13/6 13584/13/6 13591/13/6
f 13590/12/6 13583/12/6 13591/12/6
f 13591/13/6 13584/13/6 13592/13/6
f 13586/9/6 13587/9/6 13593/9/6
f 13587/2/6 13588/2/6 13593/2/6
f 13588/3/6 13589/3/6 13594/3/6
f 13593/2/6 13588/2/6 13594/2/6
f 13589/2/6 13590/2/6 13595/2/6
f 13594/3/6 13589/3/6 13595/3/6
f 13590/9/6 13591/9/6 13596/9/6
f 13595/2/6 13590/2/6 13596/2/6
f 13585/11/6 13586/11/6 13597/11/6
f 13586/9/6 13593/9/6 13598/9/6
f 13597/11/6 13586/11/6 13598/11/6
f 13593/3/6 13594/3/6 13599/3/6
f 13598/9/6 13593/9/6 13599/9/6
f 13594/7/6 13595/7/6 13600/7/6
f 13599/3/6 13594/3/6 13600/3/6
f 13595/3/6 13596/3/6 13601/3/6
f 13600/7/6 13595/7/6 13601/7/6
f 13596/9/6 13591/9/6 13602/9/6
f 13601/3/6 13596/3/6 13602/3/6
f 13591/11/6 13592/11/6 13603/11/6
f 13602/9/6 13591/9/6 13603/9/6
f 13603/11/6 13592/11/6 13604/11/6
f 13597/8/6 13598/8/6 13605/8/6
f 13598/9/6 13599/9/6 13606/9/6
f 13605/8/6 13598/8/6 13606/8/6
f 13600/7/6 13601/7/6 13607/7/6
f 13606/9/6 13599/9/6 13607/9/6
f 13601/7/6 13602/7/6 13607/7/6
f 13599/7/6 13600/7/6 13607/7/6
f 13607/7/6 13602/7/6 13608/7/6
f 13608/7/6 13602/7/6 13609/7/6
f 13602/9/6 13603/9/6 13610/9/6
f 13609/7/6 13602/7/6 13610/7/6
f 13603/8/6 13604/8/6 13611/8/6
f 13610/9/6 13603/9/6 13611/9/6
f 13611/8/6 13604/8/6 13612/8/6
f 13605/11/6 13606/11/6 13613/11/6
f 13606/9/6 13607/9/6 13614/9/6
f 13613/11/6 13606/11/6 13614/11/6
f 13607/3/6 13608/3/6 13615/3/6
f 13614/9/6 13607/9/6 13615/9/6
f 13608/7/6 13609/7/6 13616/7/6
f 13615/3/6 13608/3/6 13616/3/6
f 13609/3/6 13610/3/6 13617/3/6
f 13616/7/6 13609/7/6 13617/7/6
f 13610/9/6 13611/9/6 13618/9/6
f 13617/3/6 13610/3/6 13618/3/6
f 13611/11/6 13612/11/6 13619/11/6
f 13618/9/6 13611/9/6 13619/9/6
f 13619/11/6 13612/11/6 13620/11/6
f 13613/12/6 13614/12/6 13621/12/6
f 13614/10/6 13615/10/6 13622/10/6
f 13621/12/6 13614/12/6 13622/12/6
f 13615/2/6 13616/2/6 13623/2/6
f 13622/10/6 13615/10/6 13623/10/6
f 13616/3/6 13617/3/6 13624/3/6
f 13623/2/6 13616/2/6 13624/2/6
f 13617/2/6 13618/2/6 13625/2/6
f 13624/3/6 13617/3/6 13625/3/6
f 13618/10/6 13619/10/6 13626/10/6
f 13625/2/6 13618/2/6 13626/2/6
f 13619/12/6 13620/12/6 13627/12/6
f 13626/10/6 13619/10/6 13627/10/6
f 13627/12/6 13620/12/6 13628/12/6
f 13621/14/6 13622/14/6 13629/14/6
f 13622/12/6 13623/12/6 13629/12/6
f 13623/10/6 13624/10/6 13630/10/6
f 13629/12/6 13623/12/6 13630/12/6
f 13624/9/6 13625/9/6 13631/9/6
f 13630/10/6 13624/10/6 13631/10/6
f 13625/10/6 13626/10/6 13632/10/6
f 13631/9/6 13625/9/6 13632/9/6
f 13626/12/6 13627/12/6 13633/12/6
f 13632/10/6 13626/10/6 13633/10/6
f 13627/14/6 13628/14/6 13634/14/6
f 13633/12/6 13627/12/6 13634/12/6
f 13621/14/6 13629/14/6 13635/14/6
f 13629/13/6 13630/13/6 13636/13/6
f 13635/14/6 13629/14/6 13636/14/6
f 13632/11/6 13633/11/6 13637/11/6
f 13636/13/6 13630/13/6 13637/13/6
f 13630/11/6 13631/11/6 13637/11/6
f 13631/11/6 13632/11/6 13637/11/6
f 13633/13/6 13634/13/6 13638/13/6
f 13637/11/6 13633/11/6 13638/11/6
f 13634/14/6 13628/14/6 13639/14/6
f 13638/13/6 13634/13/6 13639/13/6
f 13639/14/6 13628/14/6 13640/14/6
f 13641/14/6 13642/14/6 13647/14/6
f 13642/12/6 13643/12/6 13648/12/6
f 13647/14/6 13642/14/6 13648/14/6
f 13643/11/6 13644/11/6 13649/11/6
f 13648/12/6 13643/12/6 13649/12/6
f 13649/11/6 13644/11/6 13650/11/6
f 13650/11/6 13644/11/6 13651/11/6
f 13644/12/6 13645/12/6 13652/12/6
f 13651/11/6 13644/11/6 13652/11/6
f 13645/14/6 13646/14/6 13653/14/6
f 13652/12/6 13645/12/6 13653/12/6
f 13653/14/6 13646/14/6 13654/14/6
f 13647/11/6 13648/11/6 13655/11/6
f 13648/9/6 13649/9/6 13655/9/6
f 13649/2/6 13650/2/6 13656/2/6
f 13655/9/6 13649/9/6 13656/9/6
f 13650/3/6 13651/3/6 13657/3/6
f 13656/2/6 13650/2/6 13657/2/6
f 13651/2/6 13652/2/6 13658/2/6
f 13657/3/6 13651/3/6 13658/3/6
f 13652/9/6 13653/9/6 13659/9/6
f 13658/2/6 13652/2/6 13659/2/6
f 13653/11/6 13654/11/6 13660/11/6
f 13659/9/6 13653/9/6 13660/9/6
f 13647/11/6 13655/11/6 13661/11/6
f 13655/2/6 13656/2/6 13662/2/6
f 13661/11/6 13655/11/6 13662/11/6
f 13656/3/6 13657/3/6 13663/3/6
f 13662/2/6 13656/2/6 13663/2/6
f 13657/7/6 13658/7/6 13664/7/6
f 13663/3/6 13657/3/6 13664/3/6
f 13658/3/6 13659/3/6 13665/3/6
f 13664/7/6 13658/7/6 13665/7/6
f 13659/2/6 13660/2/6 13666/2/6
f 13665/3/6 13659/3/6 13666/3/6
f 13660/11/6 13654/11/6 13667/11/6
f 13666/2/6 13660/2/6 13667/2/6
f 13667/11/6 13654/11/6 13668/11/6
f 13661/8/6 13662/8/6 13669/8/6
f 13662/3/6 13663/3/6 13670/3/6
f 13669/8/6 13662/8/6 13670/8/6
f 13663/7/6 13664/7/6 13671/7/6
f 13670/3/6 13663/3/6 13671/3/6
f 13665/7/6 13666/7/6 13671/7/6
f 13664/7/6 13665/7/6 13671/7/6
f 13671/7/6 13666/7/6 13672/7/6
f 13672/7/6 13666/7/6 13673/7/6
f 13666/3/6 13667/3/6 13674/3/6
f 13673/7/6 13666/7/6 13674/7/6
f 13667/8/6 13668/8/6 13675/8/6
f 13674/3/6 13667/3/6 13675/3/6
f 13675/8/6 13668/8/6 13676/8/6
f 13669/11/6 13670/11/6 13685/11/6
f 13670/3/6 13671/3/6 13686/3/6
f 13685/11/6 13670/11/6 13686/11/6
f 13671/3/6 13672/3/6 13686/3/6
f 13686/3/6 13672/3/6 13687/3/6
f 13672/7/6 13673/7/6 13688/7/6
f 13687/3/6 13672/3/6 13688/3/6
f 13673/3/6 13674/3/6 13689/3/6
f 13688/7/6 13673/7/6 13689/7/6
f 13674/2/6 13675/2/6 13690/2/6
f 13689/3/6 13674/3/6 13690/3/6
f 13675/11/6 13676/11/6 13691/11/6
f 13690/2/6 13675/2/6 13691/2/6
f 13691/11/6 13676/11/6 13692/11/6
f 13677/14/6 13678/14/6 13693/14/6
f 13678/13/6 13679/13/6 13694/13/6
f 13693/14/6 13678/14/6 13694/14/6
f 13694/13/6 13679/13/6 13695/13/6
f 13679/12/6 13680/12/6 13696/12/6
f 13695/13/6 13679/13/6 13696/13/6
f 13680/11/6 13681/11/6 13697/11/6
f 13696/12/6 13680/12/6 13697/12/6
f 13681/12/6 13682/12/6 13698/12/6
f 13697/11/6 13681/11/6 13698/11/6
f 13682/13/6 13683/13/6 13699/13/6
f 13698/12/6 13682/12/6 13699/12/6
f 13699/13/6 13683/13/6 13700/13/6
f 13683/14/6 13684/14/6 13701/14/6
f 13700/13/6 13683/13/6 13701/13/6
f 13701/14/6 13684/14/6 13702/14/6
f 13685/12/6 13686/12/6 13703/12/6
f 13686/9/6 13687/9/6 13704/9/6
f 13703/12/6 13686/12/6 13704/12/6
f 13687/2/6 13688/2/6 13705/2/6
f 13704/9/6 13687/9/6 13705/9/6
f 13689/3/6 13690/3/6 13706/3/6
f 13705/2/6 13688/2/6 13706/2/6
f 13688/3/6 13689/3/6 13706/3/6
f 13690/9/6 13691/9/6 13707/9/6
f 13706/3/6 13690/3/6 13707/3/6
f 13691/12/6 13692/12/6 13708/12/6
f 13707/9/6 13691/9/6 13708/9/6
f 13708/12/6 13692/12/6 13709/12/6
f 13694/12/6 13695/12/6 13710/12/6
f 13693/13/6 13694/13/6 13710/13/6
f 13695/10/6 13696/10/6 13711/10/6
f 13710/12/6 13695/12/6 13711/12/6
f 13696/10/6 13697/10/6 13711/10/6
f 13711/10/6 13697/10/6 13712/10/6
f 13697/9/6 13698/9/6 13713/9/6
f 13712/10/6 13697/10/6 13713/10/6
f 13713/9/6 13698/9/6 13714/9/6
f 13714/9/6 13698/9/6 13715/9/6
f 13699/10/6 13700/10/6 13716/10/6
f 13715/9/6 13698/9/6 13716/9/6
f 13698/10/6 13699/10/6 13716/10/6
f 13716/10/6 13700/10/6 13717/10/6
f 13700/12/6 13701/12/6 13718/12/6
f 13717/10/6 13700/10/6 13718/10/6
f 13701/13/6 13702/13/6 13719/13/6
f 13718/12/6 13701/12/6 13719/12/6
f 13703/14/6 13704/14/6 13720/14/6
f 13704/12/6 13705/12/6 13721/12/6
f 13720/14/6 13704/14/6 13721/14/6
f 13706/11/6 13707/11/6 13722/11/6
f 13721/12/6 13705/12/6 13722/12/6
f 13705/11/6 13706/11/6 13722/11/6
f 13707/12/6 13708/12/6 13723/12/6
f 13722/11/6 13707/11/6 13723/11/6
f 13708/14/6 13709/14/6 13724/14/6
f 13723/12/6 13708/12/6 13724/12/6
f 13724/14/6 13709/14/6 13725/14/6
f 13693/13/6 13710/13/6 13726/13/6
f 13711/10/6 13712/10/6 13727/10/6
f 13726/13/6 13710/13/6 13727/13/6
f 13710/10/6 13711/10/6 13727/10/6
f 13713/9/6 13714/9/6 13728/9/6
f 13727/10/6 13712/10/6 13728/10/6
f 13712/9/6 13713/9/6 13728/9/6
f 13728/9/6 13714/9/6 13729/9/6
f 13714/2/6 13715/2/6 13730/2/6
f 13729/9/6 13714/9/6 13730/9/6
f 13716/9/6 13717/9/6 13731/9/6
f 13730/2/6 13715/2/6 13731/2/6
f 13715/9/6 13716/9/6 13731/9/6
f 13731/9/6 13717/9/6 13732/9/6
f 13717/10/6 13718/10/6 13733/10/6
f 13732/9/6 13717/9/6 13733/9/6
f 13718/10/6 13719/10/6 13733/10/6
f 13719/13/6 13702/13/6 13734/13/6
f 13733/10/6 13719/10/6 13734/10/6
f 13734/13/6 13702/13/6 13735/13/6
f 13727/9/6 13728/9/6 13736/9/6
f 13728/2/6 13729/2/6 13737/2/6
f 13736/9/6 13728/9/6 13737/9/6
f 13731/3/6 13732/3/6 13738/3/6
f 13737/2/6 13729/2/6 13738/2/6
f 13729/3/6 13730/3/6 13738/3/6
f 13730/3/6 13731/3/6 13738/3/6
f 13738/3/6 13732/3/6 13739/3/6
f 13739/3/6 13732/3/6 13740/3/6
f 13732/2/6 13733/2/6 13741/2/6
f 13733/9/6 13734/9/6 13741/9/6
f 13741/9/6 13734/9/6 13742/9/6
f 13726/11/6 13727/11/6 13743/11/6
f 13727/9/6 13736/9/6 13744/9/6
f 13743/11/6 13727/11/6 13744/11/6
f 13737/3/6 13738/3/6 13745/3/6
f 13738/3/6 13739/3/6 13745/3/6
f 13739/7/6 13740/7/6 13746/7/6
f 13745/3/6 13739/3/6 13746/3/6
f 13746/7/6 13740/7/6 13747/7/6
f 13740/3/6 13732/3/6 13748/3/6
f 13747/7/6 13740/7/6 13748/7/6
f 13732/2/6 13741/2/6 13749/2/6
f 13748/3/6 13732/3/6 13749/3/6
f 13741/2/6 13742/2/6 13749/2/6
f 13749/2/6 13742/2/6 13750/2/6
f 13734/11/6 13735/11/6 13751/11/6
f 13742/9/6 13734/9/6 13751/9/6
f 13751/11/6 13735/11/6 13752/11/6
f 13746/4/6 13747/4/6 13753/4/6
f 13745/7/6 13746/7/6 13753/7/6
f 13747/7/6 13748/7/6 13754/7/6
f 13753/4/6 13747/4/6 13754/4/6
f 13748/7/6 13749/7/6 13754/7/6
f 13743/8/6 13744/8/6 13755/8/6
f 13744/9/6 13736/9/6 13756/9/6
f 13755/8/6 13744/8/6 13756/8/6
f 13737/3/6 13745/3/6 13757/3/6
f 13745/7/6 13753/7/6 13757/7/6
f 13753/7/6 13754/7/6 13757/7/6
f 13757/7/6 13754/7/6 13758/7/6
f 13754/7/6 13749/7/6 13759/7/6
f 13758/7/6 13754/7/6 13759/7/6
f 13749/3/6 13750/3/6 13760/3/6
f 13759/7/6 13749/7/6 13760/7/6
f 13750/2/6 13742/2/6 13761/2/6
f 13760/3/6 13750/3/6 13761/3/6
f 13751/8/6 13752/8/6 13762/8/6
f 13742/9/6 13751/9/6 13762/9/6
f 13762/8/6 13752/8/6 13763/8/6
f 13755/11/6 13756/11/6 13764/11/6
f 13756/9/6 13736/9/6 13765/9/6
f 13764/11/6 13756/11/6 13765/11/6
f 13736/2/6 13737/2/6 13766/2/6
f 13765/9/6 13736/9/6 13766/9/6
f 13757/3/6 13758/3/6 13767/3/6
f 13766/2/6 13737/2/6 13767/2/6
f 13737/3/6 13757/3/6 13767/3/6
f 13767/3/6 13758/3/6 13768/3/6
f 13758/7/6 13759/7/6 13769/7/6
f 13768/3/6 13758/3/6 13769/3/6
f 13759/3/6 13760/3/6 13770/3/6
f 13769/7/6 13759/7/6 13770/7/6
f 13761/2/6 13742/2/6 13771/2/6
f 13760/2/6 13761/2/6 13771/2/6
f 13742/9/6 13762/9/6 13772/9/6
f 13771/2/6 13742/2/6 13772/2/6
f 13762/11/6 13763/11/6 13773/11/6
f 13772/9/6 13762/9/6 13773/9/6
f 13773/11/6 13763/11/6 13774/11/6
f 13764/12/6 13765/12/6 13775/12/6
f 13765/10/6 13766/10/6 13776/10/6
f 13775/12/6 13765/12/6 13776/12/6
f 13766/9/6 13767/9/6 13777/9/6
f 13776/10/6 13766/10/6 13777/10/6
f 13767/2/6 13768/2/6 13778/2/6
f 13777/9/6 13767/9/6 13778/9/6
f 13768/3/6 13769/3/6 13779/3/6
f 13778/2/6 13768/2/6 13779/2/6
f 13769/3/6 13770/3/6 13779/3/6
f 13779/3/6 13770/3/6 13780/3/6
f 13770/3/6 13760/3/6 13781/3/6
f 13780/3/6 13770/3/6 13781/3/6
f 13760/2/6 13771/2/6 13782/2/6
f 13781/3/6 13760/3/6 13782/3/6
f 13771/9/6 13772/9/6 13783/9/6
f 13782/2/6 13771/2/6 13783/2/6
f 13772/10/6 13773/10/6 13784/10/6
f 13783/9/6 13772/9/6 13784/9/6
f 13773/12/6 13774/12/6 13785/12/6
f 13784/10/6 13773/10/6 13785/10/6
f 13785/12/6 13774/12/6 13786/12/6
f 13775/13/6 13776/13/6 13787/13/6
f 13777/10/6 13778/10/6 13788/10/6
f 13787/13/6 13776/13/6 13788/13/6
f 13776/10/6 13777/10/6 13788/10/6
f 13779/9/6 13780/9/6 13789/9/6
f 13788/10/6 13778/10/6 13789/10/6
f 13778/9/6 13779/9/6 13789/9/6
f 13780/2/6 13781/2/6 13790/2/6
f 13789/9/6 13780/9/6 13790/9/6
f 13781/9/6 13782/9/6 13791/9/6
f 13790/2/6 13781/2/6 13791/2/6
f 13782/9/6 13783/9/6 13791/9/6
f 13791/9/6 13783/9/6 13792/9/6
f 13783/10/6 13784/10/6 13793/10/6
f 13792/9/6 13783/9/6 13793/9/6
f 13784/10/6 13785/10/6 13793/10/6
f 13785/13/6 13786/13/6 13794/13/6
f 13793/10/6 13785/10/6 13794/10/6
f 13794/13/6 13786/13/6 13795/13/6
f 13787/14/6 13788/14/6 13796/14/6
f 13788/12/6 13789/12/6 13796/12/6
f 13789/10/6 13790/10/6 13797/10/6
f 13796/12/6 13789/12/6 13797/12/6
f 13797/10/6 13790/10/6 13798/10/6
f 13790/9/6 13791/9/6 13799/9/6
f 13798/10/6 13790/10/6 13799/10/6
f 13791/10/6 13792/10/6 13800/10/6
f 13799/9/6 13791/9/6 13800/9/6
f 13792/12/6 13793/12/6 13801/12/6
f 13800/10/6 13792/10/6 13801/10/6
f 13793/12/6 13794/12/6 13801/12/6
f 13801/12/6 13794/12/6 13802/12/6
f 13794/14/6 13795/14/6 13803/14/6
f 13802/12/6 13794/12/6 13803/12/6
f 13787/14/6 13796/14/6 13804/14/6
f 13796/13/6 13797/13/6 13805/13/6
f 13804/14/6 13796/14/6 13805/14/6
f 13797/12/6 13798/12/6 13806/12/6
f 13805/13/6 13797/13/6 13806/13/6
f 13799/11/6 13800/11/6 13807/11/6
f 13806/12/6 13798/12/6 13807/12/6
f 13798/11/6 13799/11/6 13807/11/6
f 13800/11/6 13801/11/6 13807/11/6
f 13801/12/6 13802/12/6 13808/12/6
f 13807/11/6 13801/11/6 13808/11/6
f 13802/13/6 13803/13/6 13809/13/6
f 13808/12/6 13802/12/6 13809/12/6
f 13803/14/6 13795/14/6 13810/14/6
f 13809/13/6 13803/13/6 13810/13/6
f 13810/14/6 13795/14/6 13811/14/6
f 13812/13/6 13813/13/6 13826/13/6
f 13813/11/6 13814/11/6 13827/11/6
f 13826/13/6 13813/13/6 13827/13/6
f 13814/8/6 13815/8/6 13828/8/6
f 13827/11/6 13814/11/6 13828/11/6
f 13815/11/6 13816/11/6 13829/11/6
f 13828/8/6 13815/8/6 13829/8/6
f 13816/13/6 13817/13/6 13830/13/6
f 13829/11/6 13816/11/6 13830/11/6
f 13830/13/6 13817/13/6 13831/13/6
f 13818/13/6 13819/13/6 13832/13/6
f 13819/11/6 13820/11/6 13833/11/6
f 13832/13/6 13819/13/6 13833/13/6
f 13820/8/6 13821/8/6 13834/8/6
f 13833/11/6 13820/11/6 13834/11/6
f 13821/9/6 13822/9/6 13835/9/6
f 13834/8/6 13821/8/6 13835/8/6
f 13822/8/6 13823/8/6 13836/8/6
f 13835/9/6 13822/9/6 13836/9/6
f 13823/11/6 13824/11/6 13837/11/6
f 13836/8/6 13823/8/6 13837/8/6
f 13824/13/6 13825/13/6 13838/13/6
f 13837/11/6 13824/11/6 13838/11/6
f 13838/13/6 13825/13/6 13839/13/6
f 13826/11/6 13827/11/6 13840/11/6
f 13827/2/6 13828/2/6 13841/2/6
f 13840/11/6 13827/11/6 13841/11/6
f 13828/7/6 13829/7/6 13842/7/6
f 13841/2/6 13828/2/6 13842/2/6
f 13829/2/6 13830/2/6 13843/2/6
f 13842/7/6 13829/7/6 13843/7/6
f 13830/11/6 13831/11/6 13844/11/6
f 13843/2/6 13830/2/6 13844/2/6
f 13844/11/6 13831/11/6 13845/11/6
f 13832/11/6 13833/11/6 13846/11/6
f 13833/9/6 13834/9/6 13847/9/6
f 13846/11/6 13833/11/6 13847/11/6
f 13834/2/6 13835/2/6 13848/2/6
f 13847/9/6 13834/9/6 13848/9/6
f 13835/3/6 13836/3/6 13849/3/6
f 13848/2/6 13835/2/6 13849/2/6
f 13836/2/6 13837/2/6 13850/2/6
f 13849/3/6 13836/3/6 13850/3/6
f 13837/9/6 13838/9/6 13851/9/6
f 13850/2/6 13837/2/6 13851/2/6
f 13838/11/6 13839/11/6 13852/11/6
f 13851/9/6 13838/9/6 13852/9/6
f 13852/11/6 13839/11/6 13853/11/6
f 13840/8/6 13841/8/6 13854/8/6
f 13841/3/6 13842/3/6 13855/3/6
f 13854/8/6 13841/8/6 13855/8/6
f 13842/4/6 13843/4/6 13856/4/6
f 13855/3/6 13842/3/6 13856/3/6
f 13843/3/6 13844/3/6 13857/3/6
f 13856/4/6 13843/4/6 13857/4/6
f 13844/8/6 13845/8/6 13858/8/6
f 13857/3/6 13844/3/6 13858/3/6
f 13858/8/6 13845/8/6 13859/8/6
f 13846/8/6 13847/8/6 13860/8/6
f 13847/2/6 13848/2/6 13861/2/6
f 13860/8/6 13847/8/6 13861/8/6
f 13848/3/6 13849/3/6 13862/3/6
f 13861/2/6 13848/2/6 13862/2/6
f 13849/7/6 13850/7/6 13863/7/6
f 13862/3/6 13849/3/6 13863/3/6
f 13850/3/6 13851/3/6 13864/3/6
f 13863/7/6 13850/7/6 13864/7/6
f 13851/2/6 13852/2/6 13865/2/6
f 13864/3/6 13851/3/6 13865/3/6
f 13852/8/6 13853/8/6 13866/8/6
f 13865/2/6 13852/2/6 13866/2/6
f 13866/8/6 13853/8/6 13867/8/6
f 13854/11/6 13855/11/6 13868/11/6
f 13855/2/6 13856/2/6 13869/2/6
f 13868/11/6 13855/11/6 13869/11/6
f 13856/3/6 13857/3/6 13870/3/6
f 13869/2/6 13856/2/6 13870/2/6
f 13857/2/6 13858/2/6 13871/2/6
f 13870/3/6 13857/3/6 13871/3/6
f 13858/11/6 13859/11/6 13872/11/6
f 13871/2/6 13858/2/6 13872/2/6
f 13872/11/6 13859/11/6 13873/11/6
f 13860/9/6 13861/9/6 13874/9/6
f 13861/3/6 13862/3/6 13875/3/6
f 13874/9/6 13861/9/6 13875/9/6
f 13862/7/6 13863/7/6 13876/7/6
f 13875/3/6 13862/3/6 13876/3/6
f 13863/4/6 13864/4/6 13877/4/6
f 13876/7/6 13863/7/6 13877/7/6
f 13864/7/6 13865/7/6 13878/7/6
f 13877/4/6 13864/4/6 13878/4/6
f 13865/3/6 13866/3/6 13879/3/6
f 13878/7/6 13865/7/6 13879/7/6
f 13866/2/6 13867/2/6 13880/2/6
f 13879/3/6 13866/3/6 13880/3/6
f 13880/2/6 13867/2/6 13881/2/6
f 13868/13/6 13869/13/6 13882/13/6
f 13869/11/6 13870/11/6 13883/11/6
f 13882/13/6 13869/13/6 13883/13/6
f 13870/8/6 13871/8/6 13884/8/6
f 13883/11/6 13870/11/6 13884/11/6
f 13871/11/6 13872/11/6 13885/11/6
f 13884/8/6 13871/8/6 13885/8/6
f 13872/13/6 13873/13/6 13886/13/6
f 13885/11/6 13872/11/6 13886/11/6
f 13886/13/6 13873/13/6 13887/13/6
f 13874/8/6 13875/8/6 13888/8/6
f 13875/2/6 13876/2/6 13889/2/6
f 13888/8/6 13875/8/6 13889/8/6
f 13876/3/6 13877/3/6 13890/3/6
f 13889/2/6 13876/2/6 13890/2/6
f 13877/7/6 13878/7/6 13891/7/6
f 13890/3/6 13877/3/6 13891/3/6
f 13878/3/6 13879/3/6 13892/3/6
f 13891/7/6 13878/7/6 13892/7/6
f 13879/2/6 13880/2/6 13893/2/6
f 13892/3/6 13879/3/6 13893/3/6
f 13880/8/6 13881/8/6 13894/8/6
f 13893/2/6 13880/2/6 13894/2/6
f 13894/8/6 13881/8/6 13895/8/6
f 13888/11/6 13889/11/6 13896/11/6
f 13889/9/6 13890/9/6 13897/9/6
f 13896/11/6 13889/11/6 13897/11/6
f 13890/2/6 13891/2/6 13898/2/6
f 13897/9/6 13890/9/6 13898/9/6
f 13891/3/6 13892/3/6 13899/3/6
f 13898/2/6 13891/2/6 13899/2/6
f 13892/2/6 13893/2/6 13900/2/6
f 13899/3/6 13892/3/6 13900/3/6
f 13893/9/6 13894/9/6 13901/9/6
f 13900/2/6 13893/2/6 13901/2/6
f 13894/11/6 13895/11/6 13902/11/6
f 13901/9/6 13894/9/6 13902/9/6
f 13902/11/6 13895/11/6 13903/11/6
f 13896/13/6 13897/13/6 13904/13/6
f 13897/11/6 13898/11/6 13905/11/6
f 13904/13/6 13897/13/6 13905/13/6
f 13898/8/6 13899/8/6 13906/8/6
f 13905/11/6 13898/11/6 13906/11/6
f 13899/9/6 13900/9/6 13907/9/6
f 13906/8/6 13899/8/6 13907/8/6
f 13900/8/6 13901/8/6 13908/8/6
f 13907/9/6 13900/9/6 13908/9/6
f 13901/11/6 13902/11/6 13909/11/6
f 13908/8/6 13901/8/6 13909/8/6
f 13902/13/6 13903/13/6 13910/13/6
f 13909/11/6 13902/11/6 13910/11/6
f 13910/13/6 13903/13/6 13911/13/6
f 13912/13/6 13913/13/6 13918/13/6
f 13913/11/6 13914/11/6 13919/11/6
f 13918/13/6 13913/13/6 13919/13/6
f 13914/8/6 13915/8/6 13920/8/6
f 13919/11/6 13914/11/6 13920/11/6
f 13915/11/6 13916/11/6 13921/11/6
f 13920/8/6 13915/8/6 13921/8/6
f 13916/13/6 13917/13/6 13922/13/6
f 13921/11/6 13916/11/6 13922/11/6
f 13922/13/6 13917/13/6 13923/13/6
f 13918/11/6 13919/11/6 13924/11/6
f 13919/2/6 13920/2/6 13925/2/6
f 13924/11/6 13919/11/6 13925/11/6
f 13920/3/6 13921/3/6 13926/3/6
f 13925/2/6 13920/2/6 13926/2/6
f 13921/2/6 13922/2/6 13927/2/6
f 13926/3/6 13921/3/6 13927/3/6
f 13922/11/6 13923/11/6 13928/11/6
f 13927/2/6 13922/2/6 13928/2/6
f 13928/11/6 13923/11/6 13929/11/6
f 13924/9/6 13925/9/6 13930/9/6
f 13925/3/6 13926/3/6 13931/3/6
f 13930/9/6 13925/9/6 13931/9/6
f 13926/7/6 13927/7/6 13932/7/6
f 13931/3/6 13926/3/6 13932/3/6
f 13927/3/6 13928/3/6 13933/3/6
f 13932/7/6 13927/7/6 13933/7/6
f 13928/9/6 13929/9/6 13934/9/6
f 13933/3/6 13928/3/6 13934/3/6
f 13934/9/6 13929/9/6 13935/9/6
f 13930/11/6 13931/11/6 13936/11/6
f 13931/9/6 13932/9/6 13937/9/6
f 13936/11/6 13931/11/6 13937/11/6
f 13932/3/6 13933/3/6 13938/3/6
f 13937/9/6 13932/9/6 13938/9/6
f 13933/2/6 13934/2/6 13939/2/6
f 13938/3/6 13933/3/6 13939/3/6
f 13934/11/6 13935/11/6 13940/11/6
f 13939/2/6 13934/2/6 13940/2/6
f 13940/11/6 13935/11/6 13941/11/6
f 13936/13/6 13937/13/6 13942/13/6
f 13937/11/6 13938/11/6 13943/11/6
f 13942/13/6 13937/13/6 13943/13/6
f 13938/8/6 13939/8/6 13944/8/6
f 13943/11/6 13938/11/6 13944/11/6
f 13939/11/6 13940/11/6 13945/11/6
f 13944/8/6 13939/8/6 13945/8/6
f 13940/13/6 13941/13/6 13946/13/6
f 13945/11/6 13940/11/6 13946/11/6
f 13946/13/6 13941/13/6 13947/13/6
f 13948/14/6 13949/14/6 13956/14/6
f 13949/13/6 13950/13/6 13957/13/6
f 13956/14/6 13949/14/6 13957/14/6
f 13950/12/6 13951/12/6 13958/12/6
f 13957/13/6 13950/13/6 13958/13/6
f 13951/11/6 13952/11/6 13959/11/6
f 13958/12/6 13951/12/6 13959/12/6
f 13959/11/6 13952/11/6 13960/11/6
f 13960/11/6 13952/11/6 13961/11/6
f 13952/12/6 13953/12/6 13962/12/6
f 13961/11/6 13952/11/6 13962/11/6
f 13953/13/6 13954/13/6 13963/13/6
f 13962/12/6 13953/12/6 13963/12/6
f 13954/14/6 13955/14/6 13964/14/6
f 13963/13/6 13954/13/6 13964/13/6
f 13964/14/6 13955/14/6 13965/14/6
f 13956/13/6 13957/13/6 13974/13/6
f 13957/12/6 13958/12/6 13975/12/6
f 13974/13/6 13957/13/6 13975/13/6
f 13958/10/6 13959/10/6 13976/10/6
f 13975/12/6 13958/12/6 13976/12/6
f 13959/9/6 13960/9/6 13977/9/6
f 13976/10/6 13959/10/6 13977/10/6
f 13960/2/6 13961/2/6 13978/2/6
f 13977/9/6 13960/9/6 13978/9/6
f 13961/9/6 13962/9/6 13979/9/6
f 13978/2/6 13961/2/6 13979/2/6
f 13962/10/6 13963/10/6 13980/10/6
f 13979/9/6 13962/9/6 13980/9/6
f 13963/12/6 13964/12/6 13981/12/6
f 13980/10/6 13963/10/6 13981/10/6
f 13964/13/6 13965/13/6 13982/13/6
f 13981/12/6 13964/12/6 13982/12/6
f 13982/13/6 13965/13/6 13983/13/6
f 13966/14/6 13967/14/6 13984/14/6
f 13967/13/6 13968/13/6 13985/13/6
f 13984/14/6 13967/14/6 13985/14/6
f 13968/12/6 13969/12/6 13986/12/6
f 13985/13/6 13968/13/6 13986/13/6
f 13969/11/6 13970/11/6 13987/11/6
f 13986/12/6 13969/12/6 13987/12/6
f 13970/12/6 13971/12/6 13988/12/6
f 13987/11/6 13970/11/6 13988/11/6
f 13971/13/6 13972/13/6 13989/13/6
f 13988/12/6 13971/12/6 13989/12/6
f 13972/14/6 13973/14/6 13990/14/6
f 13989/13/6 13972/13/6 13990/13/6
f 13990/14/6 13973/14/6 13991/14/6
f 13976/2/6 13977/2/6 13992/2/6
f 13977/2/6 13978/2/6 13992/2/6
f 13978/3/6 13979/3/6 13993/3/6
f 13992/2/6 13978/2/6 13993/2/6
f 13979/3/6 13980/3/6 13993/3/6
f 13993/3/6 13980/3/6 13994/3/6
f 13984/13/6 13985/13/6 13995/13/6
f 13985/12/6 13986/12/6 13996/12/6
f 13995/13/6 13985/13/6 13996/13/6
f 13986/10/6 13987/10/6 13997/10/6
f 13996/12/6 13986/12/6 13997/12/6
f 13987/9/6 13988/9/6 13998/9/6
f 13997/10/6 13987/10/6 13998/10/6
f 13998/9/6 13988/9/6 13999/9/6
f 13999/9/6 13988/9/6 14000/9/6
f 13988/10/6 13989/10/6 14001/10/6
f 14000/9/6 13988/9/6 14001/9/6
f 13989/12/6 13990/12/6 14002/12/6
f 14001/10/6 13989/10/6 14002/10/6
f 13990/13/6 13991/13/6 14003/13/6
f 14002/12/6 13990/12/6 14003/12/6
f 14003/13/6 13991/13/6 14004/13/6
f 13974/11/6 13975/11/6 14005/11/6
f 13975/9/6 13976/9/6 14006/9/6
f 14005/11/6 13975/11/6 14006/11/6
f 13976/2/6 13992/2/6 14007/2/6
f 14006/9/6 13976/9/6 14007/9/6
f 13992/3/6 13993/3/6 14008/3/6
f 14007/2/6 13992/2/6 14008/2/6
f 13993/7/6 13994/7/6 14009/7/6
f 14008/3/6 13993/3/6 14009/3/6
f 14009/7/6 13994/7/6 14010/7/6
f 13994/3/6 13980/3/6 14011/3/6
f 14010/7/6 13994/7/6 14011/7/6
f 13980/2/6 13981/2/6 14012/2/6
f 14011/3/6 13980/3/6 14012/3/6
f 13981/9/6 13982/9/6 14013/9/6
f 14012/2/6 13981/2/6 14013/2/6
f 13982/11/6 13983/11/6 14014/11/6
f 14013/9/6 13982/9/6 14014/9/6
f 14014/11/6 13983/11/6 14015/11/6
f 13997/2/6 13998/2/6 14016/2/6
f 13998/2/6 13999/2/6 14016/2/6
f 13999/3/6 14000/3/6 14017/3/6
f 14016/2/6 13999/2/6 14017/2/6
f 14001/2/6 14002/2/6 14018/2/6
f 14017/3/6 14000/3/6 14018/3/6
f 14000/2/6 14001/2/6 14018/2/6
f 14018/2/6 14002/2/6 14019/2/6
f 14008/7/6 14009/7/6 14020/7/6
f 14009/4/6 14010/4/6 14020/4/6
f 14010/7/6 14011/7/6 14021/7/6
f 14020/4/6 14010/4/6 14021/4/6
f 14011/7/6 14012/7/6 14021/7/6
f 13995/11/6 13996/11/6 14022/11/6
f 13996/9/6 13997/9/6 14023/9/6
f 14022/11/6 13996/11/6 14023/11/6
f 13997/2/6 14016/2/6 14024/2/6
f 14023/9/6 13997/9/6 14024/9/6
f 14016/3/6 14017/3/6 14025/3/6
f 14024/2/6 14016/2/6 14025/2/6
f 14017/7/6 14018/7/6 14026/7/6
f 14025/3/6 14017/3/6 14026/3/6
f 14026/7/6 14018/7/6 14027/7/6
f 14018/3/6 14019/3/6 14028/3/6
f 14027/7/6 14018/7/6 14028/7/6
f 14019/2/6 14002/2/6 14029/2/6
f 14028/3/6 14019/3/6 14029/3/6
f 14002/9/6 14003/9/6 14030/9/6
f 14029/2/6 14002/2/6 14030/2/6
f 14003/11/6 14004/11/6 14031/11/6
f 14030/9/6 14003/9/6 14031/9/6
f 14031/11/6 14004/11/6 14032/11/6
f 14005/8/6 14006/8/6 14033/8/6
f 14006/2/6 14007/2/6 14034/2/6
f 14033/8/6 14006/8/6 14034/8/6
f 14007/3/6 14008/3/6 14035/3/6
f 14034/2/6 14007/2/6 14035/2/6
f 14008/7/6 14020/7/6 14036/7/6
f 14035/3/6 14008/3/6 14036/3/6
f 14020/7/6 14021/7/6 14036/7/6
f 14036/7/6 14021/7/6 14037/7/6
f 14021/7/6 14012/7/6 14038/7/6
f 14037/7/6 14021/7/6 14038/7/6
f 14012/3/6 14013/3/6 14039/3/6
f 14038/7/6 14012/7/6 14039/7/6
f 14013/2/6 14014/2/6 14040/2/6
f 14039/3/6 14013/3/6 14040/3/6
f 14014/8/6 14015/8/6 14041/8/6
f 14040/2/6 14014/2/6 14041/2/6
f 14041/8/6 14015/8/6 14042/8/6
f 14026/4/6 14027/4/6 14043/4/6
f 14025/7/6 14026/7/6 14043/7/6
f 14027/7/6 14028/7/6 14044/7/6
f 14043/4/6 14027/4/6 14044/4/6
f 14028/7/6 14029/7/6 14044/7/6
f 14033/11/6 14034/11/6 14045/11/6
f 14034/9/6 14035/9/6 14046/9/6
f 14045/11/6 14034/11/6 14046/11/6
f 14036/3/6 14037/3/6 14047/3/6
f 14046/9/6 14035/9/6 14047/9/6
f 14035/3/6 14036/3/6 14047/3/6
f 14047/3/6 14037/3/6 14048/3/6
f 14037/7/6 14038/7/6 14049/7/6
f 14048/3/6 14037/3/6 14049/3/6
f 14038/3/6 14039/3/6 14050/3/6
f 14049/7/6 14038/7/6 14050/7/6
f 14039/2/6 14040/2/6 14051/2/6
f 14040/9/6 14041/9/6 14051/9/6
f 14041/11/6 14042/11/6 14052/11/6
f 14051/9/6 14041/9/6 14052/9/6
f 14052/11/6 14042/11/6 14053/11/6
f 14022/8/6 14023/8/6 14054/8/6
f 14023/9/6 14024/9/6 14055/9/6
f 14054/8/6 14023/8/6 14055/8/6
f 14024/3/6 14025/3/6 14056/3/6
f 14055/9/6 14024/9/6 14056/9/6
f 14025/7/6 14043/7/6 14057/7/6
f 14056/3/6 14025/3/6 14057/3/6
f 14043/7/6 14044/7/6 14057/7/6
f 14057/7/6 14044/7/6 14058/7/6
f 14044/7/6 14029/7/6 14059/7/6
f 14058/7/6 14044/7/6 14059/7/6
f 14029/3/6 14030/3/6 14060/3/6
f 14059/7/6 14029/7/6 14060/7/6
f 14030/9/6 14031/9/6 14061/9/6
f 14060/3/6 14030/3/6 14061/3/6
f 14031/8/6 14032/8/6 14062/8/6
f 14061/9/6 14031/9/6 14062/9/6
f 14062/8/6 14032/8/6 14063/8/6
f 14045/12/6 14046/12/6 14064/12/6
f 14046/10/6 14047/10/6 14065/10/6
f 14064/12/6 14046/12/6 14065/12/6
f 14047/2/6 14048/2/6 14066/2/6
f 14065/10/6 14047/10/6 14066/10/6
f 14048/3/6 14049/3/6 14067/3/6
f 14066/2/6 14048/2/6 14067/2/6
f 14049/3/6 14050/3/6 14067/3/6
f 14067/3/6 14050/3/6 14068/3/6
f 14050/3/6 14039/3/6 14069/3/6
f 14068/3/6 14050/3/6 14069/3/6
f 14039/2/6 14051/2/6 14070/2/6
f 14069/3/6 14039/3/6 14070/3/6
f 14051/10/6 14052/10/6 14071/10/6
f 14070/2/6 14051/2/6 14071/2/6
f 14052/12/6 14053/12/6 14072/12/6
f 14071/10/6 14052/10/6 14072/10/6
f 14072/12/6 14053/12/6 14073/12/6
f 14054/11/6 14055/11/6 14074/11/6
f 14055/9/6 14056/9/6 14075/9/6
f 14074/11/6 14055/11/6 14075/11/6
f 14056/2/6 14057/2/6 14076/2/6
f 14075/9/6 14056/9/6 14076/9/6
f 14057/3/6 14058/3/6 14077/3/6
f 14076/2/6 14057/2/6 14077/2/6
f 14058/7/6 14059/7/6 14078/7/6
f 14077/3/6 14058/3/6 14078/3/6
f 14059/3/6 14060/3/6 14079/3/6
f 14078/7/6 14059/7/6 14079/7/6
f 14060/2/6 14061/2/6 14080/2/6
f 14079/3/6 14060/3/6 14080/3/6
f 14061/9/6 14062/9/6 14081/9/6
f 14080/2/6 14061/2/6 14081/2/6
f 14062/11/6 14063/11/6 14082/11/6
f 14081/9/6 14062/9/6 14082/9/6
f 14082/11/6 14063/11/6 14083/11/6
f 14064/14/6 14065/14/6 14084/14/6
f 14065/12/6 14066/12/6 14084/12/6
f 14067/10/6 14068/10/6 14085/10/6
f 14084/12/6 14066/12/6 14085/12/6
f 14066/10/6 14067/10/6 14085/10/6
f 14085/10/6 14068/10/6 14086/10/6
f 14068/9/6 14069/9/6 14087/9/6
f 14086/10/6 14068/10/6 14087/10/6
f 14069/10/6 14070/10/6 14088/10/6
f 14087/9/6 14069/9/6 14088/9/6
f 14070/12/6 14071/12/6 14089/12/6
f 14088/10/6 14070/10/6 14089/10/6
f 14071/12/6 14072/12/6 14089/12/6
f 14089/12/6 14072/12/6 14090/12/6
f 14072/14/6 14073/14/6 14091/14/6
f 14090/12/6 14072/12/6 14091/12/6
f 14074/12/6 14075/12/6 14092/12/6
f 14075/10/6 14076/10/6 14093/10/6
f 14092/12/6 14075/12/6 14093/12/6
f 14076/2/6 14077/2/6 14094/2/6
f 14093/10/6 14076/10/6 14094/10/6
f 14077/2/6 14078/2/6 14094/2/6
f 14078/3/6 14079/3/6 14095/3/6
f 14094/2/6 14078/2/6 14095/2/6
f 14080/2/6 14081/2/6 14096/2/6
f 14095/3/6 14079/3/6 14096/3/6
f 14079/2/6 14080/2/6 14096/2/6
f 14096/2/6 14081/2/6 14097/2/6
f 14081/10/6 14082/10/6 14098/10/6
f 14097/2/6 14081/2/6 14098/2/6
f 14082/12/6 14083/12/6 14099/12/6
f 14098/10/6 14082/10/6 14099/10/6
f 14099/12/6 14083/12/6 14100/12/6
f 14064/14/6 14084/14/6 14101/14/6
f 14084/13/6 14085/13/6 14102/13/6
f 14101/14/6 14084/14/6 14102/14/6
f 14085/12/6 14086/12/6 14103/12/6
f 14102/13/6 14085/13/6 14103/13/6
f 14087/11/6 14088/11/6 14104/11/6
f 14103/12/6 14086/12/6 14104/12/6
f 14086/11/6 14087/11/6 14104/11/6
f 14088/11/6 14089/11/6 14104/11/6
f 14089/12/6 14090/12/6 14105/12/6
f 14104/11/6 14089/11/6 14105/11/6
f 14090/13/6 14091/13/6 14106/13/6
f 14105/12/6 14090/12/6 14106/12/6
f 14091/14/6 14073/14/6 14107/14/6
f 14106/13/6 14091/13/6 14107/13/6
f 14107/14/6 14073/14/6 14108/14/6
f 14092/14/6 14093/14/6 14109/14/6
f 14093/12/6 14094/12/6 14109/12/6
f 14094/10/6 14095/10/6 14110/10/6
f 14109/12/6 14094/12/6 14110/12/6
f 14110/10/6 14095/10/6 14111/10/6
f 14095/9/6 14096/9/6 14112/9/6
f 14111/10/6 14095/10/6 14112/10/6
f 14096/10/6 14097/10/6 14113/10/6
f 14112/9/6 14096/9/6 14113/9/6
f 14097/12/6 14098/12/6 14114/12/6
f 14113/10/6 14097/10/6 14114/10/6
f 14098/12/6 14099/12/6 14114/12/6
f 14114/12/6 14099/12/6 14115/12/6
f 14099/14/6 14100/14/6 14116/14/6
f 14115/12/6 14099/12/6 14116/12/6
f 14092/14/6 14109/14/6 14117/14/6
f 14109/13/6 14110/13/6 14118/13/6
f 14117/14/6 14109/14/6 14118/14/6
f 14110/12/6 14111/12/6 14119/12/6
f 14118/13/6 14110/13/6 14119/13/6
f 14113/11/6 14114/11/6 14120/11/6
f 14119/12/6 14111/12/6 14120/12/6
f 14112/11/6 14113/11/6 14120/11/6
f 14111/11/6 14112/11/6 14120/11/6
f 14114/12/6 14115/12/6 14121/12/6
f 14120/11/6 14114/11/6 14121/11/6
f 14115/13/6 14116/13/6 14122/13/6
f 14121/12/6 14115/12/6 14122/12/6
f 14116/14/6 14100/14/6 14123/14/6
f 14122/13/6 14116/13/6 14123/13/6
f 14123/14/6 14100/14/6 14124/14/6
f 14125/13/6 14126/13/6 14131/13/6
f 14126/11/6 14127/11/6 14132/11/6
f 14131/13/6 14126/13/6 14132/13/6
f 14127/8/6 14128/8/6 14133/8/6
f 14132/11/6 14127/11/6 14133/11/6
f 14128/11/6 14129/11/6 14134/11/6
f 14133/8/6 14128/8/6 14134/8/6
f 14129/13/6 14130/13/6 14135/13/6
f 14134/11/6 14129/11/6 14135/11/6
f 14135/13/6 14130/13/6 14136/13/6
f 14131/11/6 14132/11/6 14137/11/6
f 14132/2/6 14133/2/6 14138/2/6
f 14137/11/6 14132/11/6 14138/11/6
f 14133/3/6 14134/3/6 14139/3/6
f 14138/2/6 14133/2/6 14139/2/6
f 14134/2/6 14135/2/6 14140/2/6
f 14139/3/6 14134/3/6 14140/3/6
f 14135/11/6 14136/11/6 14141/11/6
f 14140/2/6 14135/2/6 14141/2/6
f 14141/11/6 14136/11/6 14142/11/6
f 14137/8/6 14138/8/6 14143/8/6
f 14138/3/6 14139/3/6 14144/3/6
f 14143/8/6 14138/8/6 14144/8/6
f 14139/7/6 14140/7/6 14145/7/6
f 14144/3/6 14139/3/6 14145/3/6
f 14140/3/6 14141/3/6 14146/3/6
f 14145/7/6 14140/7/6 14146/7/6
f 14141/8/6 14142/8/6 14147/8/6
f 14146/3/6 14141/3/6 14147/3/6
f 14147/8/6 14142/8/6 14148/8/6
f 14143/11/6 14144/11/6 14149/11/6
f 14144/2/6 14145/2/6 14150/2/6
f 14149/11/6 14144/11/6 14150/11/6
f 14145/3/6 14146/3/6 14151/3/6
f 14150/2/6 14145/2/6 14151/2/6
f 14146/2/6 14147/2/6 14152/2/6
f 14151/3/6 14146/3/6 14152/3/6
f 14147/11/6 14148/11/6 14153/11/6
f 14152/2/6 14147/2/6 14153/2/6
f 14153/11/6 14148/11/6 14154/11/6
f 14149/13/6 14150/13/6 14155/13/6
f 14150/11/6 14151/11/6 14156/11/6
f 14155/13/6 14150/13/6 14156/13/6
f 14151/8/6 14152/8/6 14157/8/6
f 14156/11/6 14151/11/6 14157/11/6
f 14152/11/6 14153/11/6 14158/11/6
f 14157/8/6 14152/8/6 14158/8/6
f 14153/13/6 14154/13/6 14159/13/6
f 14158/11/6 14153/11/6 14159/11/6
f 14159/13/6 14154/13/6 14160/13/6
f 14161/13/6 14162/13/6 14167/13/6
f 14162/11/6 14163/11/6 14168/11/6
f 14167/13/6 14162/13/6 14168/13/6
f 14163/9/6 14164/9/6 14169/9/6
f 14168/11/6 14163/11/6 14169/11/6
f 14164/11/6 14165/11/6 14170/11/6
f 14169/9/6 14164/9/6 14170/9/6
f 14165/13/6 14166/13/6 14171/13/6
f 14170/11/6 14165/11/6 14171/11/6
f 14171/13/6 14166/13/6 14172/13/6
f 14167/8/6 14168/8/6 14173/8/6
f 14168/2/6 14169/2/6 14174/2/6
f 14173/8/6 14168/8/6 14174/8/6
f 14169/3/6 14170/3/6 14175/3/6
f 14174/2/6 14169/2/6 14175/2/6
f 14170/2/6 14171/2/6 14176/2/6
f 14175/3/6 14170/3/6 14176/3/6
f 14171/11/6 14172/11/6 14177/11/6
f 14176/2/6 14171/2/6 14177/2/6
f 14177/11/6 14172/11/6 14178/11/6
f 14173/9/6 14174/9/6 14179/9/6
f 14174/3/6 14175/3/6 14180/3/6
f 14179/9/6 14174/9/6 14180/9/6
f 14175/7/6 14176/7/6 14181/7/6
f 14180/3/6 14175/3/6 14181/3/6
f 14176/3/6 14177/3/6 14182/3/6
f 14181/7/6 14176/7/6 14182/7/6
f 14177/9/6 14178/9/6 14183/9/6
f 14182/3/6 14177/3/6 14183/3/6
f 14183/9/6 14178/9/6 14184/9/6
f 14179/11/6 14180/11/6 14185/11/6
f 14180/2/6 14181/2/6 14186/2/6
f 14185/11/6 14180/11/6 14186/11/6
f 14181/3/6 14182/3/6 14187/3/6
f 14186/2/6 14181/2/6 14187/2/6
f 14182/2/6 14183/2/6 14188/2/6
f 14187/3/6 14182/3/6 14188/3/6
f 14183/11/6 14184/11/6 14189/11/6
f 14188/2/6 14183/2/6 14189/2/6
f 14189/11/6 14184/11/6 14190/11/6
f 14185/13/6 14186/13/6 14191/13/6
f 14186/11/6 14187/11/6 14192/11/6
f 14191/13/6 14186/13/6 14192/13/6
f 14187/9/6 14188/9/6 14193/9/6
f 14192/11/6 14187/11/6 14193/11/6
f 14188/11/6 14189/11/6 14194/11/6
f 14193/9/6 14188/9/6 14194/9/6
f 14189/13/6 14190/13/6 14195/13/6
f 14194/11/6 14189/11/6 14195/11/6
f 14195/13/6 14190/13/6 14196/13/6
f 14197/14/6 14198/14/6 14205/14/6
f 14198/13/6 14199/13/6 14206/13/6
f 14205/14/6 14198/14/6 14206/14/6
f 14199/12/6 14200/12/6 14207/12/6
f 14206/13/6 14199/13/6 14207/13/6
f 14200/11/6 14201/11/6 14208/11/6
f 14207/12/6 14200/12/6 14208/12/6
f 14208/11/6 14201/11/6 14209/11/6
f 14209/11/6 14201/11/6 14210/11/6
f 14201/12/6 14202/12/6 14211/12/6
f 14210/11/6 14201/11/6 14211/11/6
f 14202/13/6 14203/13/6 14212/13/6
f 14211/12/6 14202/12/6 14212/12/6
f 14203/14/6 14204/14/6 14213/14/6
f 14212/13/6 14203/13/6 14213/13/6
f 14213/14/6 14204/14/6 14214/14/6
f 14205/13/6 14206/13/6 14215/13/6
f 14206/12/6 14207/12/6 14216/12/6
f 14215/13/6 14206/13/6 14216/13/6
f 14207/10/6 14208/10/6 14217/10/6
f 14216/12/6 14207/12/6 14217/12/6
f 14208/9/6 14209/9/6 14218/9/6
f 14217/10/6 14208/10/6 14218/10/6
f 14209/2/6 14210/2/6 14219/2/6
f 14218/9/6 14209/9/6 14219/9/6
f 14210/9/6 14211/9/6 14220/9/6
f 14219/2/6 14210/2/6 14220/2/6
f 14211/10/6 14212/10/6 14221/10/6
f 14220/9/6 14211/9/6 14221/9/6
f 14212/12/6 14213/12/6 14222/12/6
f 14221/10/6 14212/10/6 14222/10/6
f 14213/13/6 14214/13/6 14223/13/6
f 14222/12/6 14213/12/6 14223/12/6
f 14223/13/6 14214/13/6 14224/13/6
f 14217/2/6 14218/2/6 14225/2/6
f 14218/2/6 14219/2/6 14225/2/6
f 14219/3/6 14220/3/6 14226/3/6
f 14225/2/6 14219/2/6 14226/2/6
f 14220/2/6 14221/2/6 14227/2/6
f 14226/3/6 14220/3/6 14227/3/6
f 14221/2/6 14222/2/6 14227/2/6
f 14227/2/6 14222/2/6 14228/2/6
f 14215/11/6 14216/11/6 14229/11/6
f 14216/9/6 14217/9/6 14230/9/6
f 14229/11/6 14216/11/6 14230/11/6
f 14217/2/6 14225/2/6 14231/2/6
f 14230/9/6 14217/9/6 14231/9/6
f 14225/3/6 14226/3/6 14232/3/6
f 14231/2/6 14225/2/6 14232/2/6
f 14226/7/6 14227/7/6 14233/7/6
f 14232/3/6 14226/3/6 14233/3/6
f 14233/7/6 14227/7/6 14234/7/6
f 14227/3/6 14228/3/6 14235/3/6
f 14234/7/6 14227/7/6 14235/7/6
f 14228/2/6 14222/2/6 14236/2/6
f 14235/3/6 14228/3/6 14236/3/6
f 14222/9/6 14223/9/6 14237/9/6
f 14236/2/6 14222/2/6 14237/2/6
f 14223/11/6 14224/11/6 14238/11/6
f 14237/9/6 14223/9/6 14238/9/6
f 14238/11/6 14224/11/6 14239/11/6
f 14233/4/6 14234/4/6 14240/4/6
f 14232/7/6 14233/7/6 14240/7/6
f 14234/7/6 14235/7/6 14241/7/6
f 14240/4/6 14234/4/6 14241/4/6
f 14235/7/6 14236/7/6 14241/7/6
f 14236/3/6 14237/3/6 14242/3/6
f 14237/9/6 14238/9/6 14242/9/6
f 14238/8/6 14239/8/6 14243/8/6
f 14242/9/6 14238/9/6 14243/9/6
f 14229/8/6 14230/8/6 14244/8/6
f 14230/2/6 14231/2/6 14245/2/6
f 14244/8/6 14230/8/6 14245/8/6
f 14231/3/6 14232/3/6 14246/3/6
f 14245/2/6 14231/2/6 14246/2/6
f 14232/7/6 14240/7/6 14247/7/6
f 14246/3/6 14232/3/6 14247/3/6
f 14240/7/6 14241/7/6 14247/7/6
f 14247/7/6 14241/7/6 14248/7/6
f 14241/7/6 14236/7/6 14249/7/6
f 14248/7/6 14241/7/6 14249/7/6
f 14236/3/6 14242/3/6 14250/3/6
f 14249/7/6 14236/7/6 14250/7/6
f 14242/2/6 14243/2/6 14251/2/6
f 14250/3/6 14242/3/6 14251/3/6
f 14243/8/6 14239/8/6 14252/8/6
f 14251/2/6 14243/2/6 14252/2/6
f 14252/8/6 14239/8/6 14253/8/6
f 14244/11/6 14245/11/6 14254/11/6
f 14245/9/6 14246/9/6 14255/9/6
f 14254/11/6 14245/11/6 14255/11/6
f 14246/2/6 14247/2/6 14256/2/6
f 14255/9/6 14246/9/6 14256/9/6
f 14247/3/6 14248/3/6 14257/3/6
f 14256/2/6 14247/2/6 14257/2/6
f 14248/7/6 14249/7/6 14258/7/6
f 14257/3/6 14248/3/6 14258/3/6
f 14249/3/6 14250/3/6 14259/3/6
f 14258/7/6 14249/7/6 14259/7/6
f 14250/2/6 14251/2/6 14260/2/6
f 14259/3/6 14250/3/6 14260/3/6
f 14251/9/6 14252/9/6 14261/9/6
f 14260/2/6 14251/2/6 14261/2/6
f 14252/11/6 14253/11/6 14262/11/6
f 14261/9/6 14252/9/6 14262/9/6
f 14262/11/6 14253/11/6 14263/11/6
f 14254/12/6 14255/12/6 14264/12/6
f 14255/10/6 14256/10/6 14265/10/6
f 14264/12/6 14255/12/6 14265/12/6
f 14257/2/6 14258/2/6 14266/2/6
f 14265/10/6 14256/10/6 14266/10/6
f 14256/2/6 14257/2/6 14266/2/6
f 14258/3/6 14259/3/6 14267/3/6
f 14266/2/6 14258/2/6 14267/2/6
f 14267/3/6 14259/3/6 14268/3/6
f 14259/2/6 14260/2/6 14269/2/6
f 14268/3/6 14259/3/6 14269/3/6
f 14260/2/6 14261/2/6 14269/2/6
f 14269/2/6 14261/2/6 14270/2/6
f 14261/10/6 14262/10/6 14271/10/6
f 14270/2/6 14261/2/6 14271/2/6
f 14262/12/6 14263/12/6 14272/12/6
f 14271/10/6 14262/10/6 14272/10/6
f 14272/12/6 14263/12/6 14273/12/6
f 14265/12/6 14266/12/6 14274/12/6
f 14264/14/6 14265/14/6 14274/14/6
f 14266/10/6 14267/10/6 14275/10/6
f 14274/12/6 14266/12/6 14275/12/6
f 14275/10/6 14267/10/6 14276/10/6
f 14267/2/6 14268/2/6 14277/2/6
f 14276/10/6 14267/10/6 14277/10/6
f 14268/9/6 14269/9/6 14278/9/6
f 14277/2/6 14268/2/6 14278/2/6
f 14269/10/6 14270/10/6 14279/10/6
f 14278/9/6 14269/9/6 14279/9/6
f 14270/12/6 14271/12/6 14280/12/6
f 14279/10/6 14270/10/6 14280/10/6
f 14271/12/6 14272/12/6 14280/12/6
f 14280/12/6 14272/12/6 14281/12/6
f 14272/14/6 14273/14/6 14282/14/6
f 14281/12/6 14272/12/6 14282/12/6
f 14264/14/6 14274/14/6 14283/14/6
f 14274/13/6 14275/13/6 14284/13/6
f 14283/14/6 14274/14/6 14284/14/6
f 14275/12/6 14276/12/6 14285/12/6
f 14284/13/6 14275/13/6 14285/13/6
f 14278/11/6 14279/11/6 14286/11/6
f 14285/12/6 14276/12/6 14286/12/6
f 14277/11/6 14278/11/6 14286/11/6
f 14276/11/6 14277/11/6 14286/11/6
f 14279/11/6 14280/11/6 14286/11/6
f 14280/12/6 14281/12/6 14287/12/6
f 14286/11/6 14280/11/6 14287/11/6
f 14281/13/6 14282/13/6 14288/13/6
f 14287/12/6 14281/12/6 14288/12/6
f 14282/14/6 14273/14/6 14289/14/6
f 14288/13/6 14282/13/6 14289/13/6
f 14289/14/6 14273/14/6 14290/14/6
f 14291/14/6 14292/14/6 14297/14/6
f 14292/12/6 14293/12/6 14298/12/6
f 14297/14/6 14292/14/6 14298/14/6
f 14293/11/6 14294/11/6 14299/11/6
f 14298/12/6 14293/12/6 14299/12/6
f 14299/11/6 14294/11/6 14300/11/6
f 14294/12/6 14295/12/6 14301/12/6
f 14300/11/6 14294/11/6 14301/11/6
f 14295/14/6 14296/14/6 14302/14/6
f 14301/12/6 14295/12/6 14302/12/6
f 14302/14/6 14296/14/6 14303/14/6
f 14297/11/6 14298/11/6 14304/11/6
f 14299/2/6 14300/2/6 14304/2/6
f 14298/2/6 14299/2/6 14304/2/6
f 14300/3/6 14301/3/6 14305/3/6
f 14304/2/6 14300/2/6 14305/2/6
f 14305/3/6 14301/3/6 14306/3/6
f 14297/11/6 14304/11/6 14307/11/6
f 14304/3/6 14305/3/6 14308/3/6
f 14307/11/6 14304/11/6 14308/11/6
f 14308/3/6 14305/3/6 14309/3/6
f 14305/7/6 14306/7/6 14310/7/6
f 14309/3/6 14305/3/6 14310/3/6
f 14306/3/6 14301/3/6 14311/3/6
f 14310/7/6 14306/7/6 14311/7/6
f 14301/2/6 14302/2/6 14312/2/6
f 14311/3/6 14301/3/6 14312/3/6
f 14302/11/6 14303/11/6 14313/11/6
f 14312/2/6 14302/2/6 14313/2/6
f 14313/11/6 14303/11/6 14314/11/6
f 14307/8/6 14308/8/6 14315/8/6
f 14308/3/6 14309/3/6 14316/3/6
f 14315/8/6 14308/8/6 14316/8/6
f 14309/7/6 14310/7/6 14317/7/6
f 14316/3/6 14309/3/6 14317/3/6
f 14311/7/6 14312/7/6 14317/7/6
f 14310/7/6 14311/7/6 14317/7/6
f 14317/7/6 14312/7/6 14318/7/6
f 14318/7/6 14312/7/6 14319/7/6
f 14312/3/6 14313/3/6 14320/3/6
f 14319/7/6 14312/7/6 14320/7/6
f 14313/8/6 14314/8/6 14321/8/6
f 14320/3/6 14313/3/6 14321/3/6
f 14321/8/6 14314/8/6 14322/8/6
f 14315/11/6 14316/11/6 14323/11/6
f 14316/2/6 14317/2/6 14324/2/6
f 14323/11/6 14316/11/6 14324/11/6
f 14317/3/6 14318/3/6 14325/3/6
f 14324/2/6 14317/2/6 14325/2/6
f 14318/7/6 14319/7/6 14326/7/6
f 14325/3/6 14318/3/6 14326/3/6
f 14319/3/6 14320/3/6 14327/3/6
f 14326/7/6 14319/7/6 14327/7/6
f 14320/2/6 14321/2/6 14328/2/6
f 14327/3/6 14320/3/6 14328/3/6
f 14321/11/6 14322/11/6 14329/11/6
f 14328/2/6 14321/2/6 14329/2/6
f 14329/11/6 14322/11/6 14330/11/6
f 14323/12/6 14324/12/6 14331/12/6
f 14325/2/6 14326/2/6 14332/2/6
f 14331/12/6 14324/12/6 14332/12/6
f 14324/2/6 14325/2/6 14332/2/6
f 14332/2/6 14326/2/6 14333/2/6
f 14326/3/6 14327/3/6 14334/3/6
f 14333/2/6 14326/2/6 14334/2/6
f 14327/2/6 14328/2/6 14335/2/6
f 14334/3/6 14327/3/6 14335/3/6
f 14328/2/6 14329/2/6 14335/2/6
f 14335/2/6 14329/2/6 14336/2/6
f 14329/12/6 14330/12/6 14337/12/6
f 14336/2/6 14329/2/6 14337/2/6
f 14337/12/6 14330/12/6 14338/12/6
f 14331/14/6 14332/14/6 14339/14/6
f 14332/12/6 14333/12/6 14340/12/6
f 14339/14/6 14332/14/6 14340/14/6
f 14335/11/6 14336/11/6 14341/11/6
f 14340/12/6 14333/12/6 14341/12/6
f 14333/11/6 14334/11/6 14341/11/6
f 14334/11/6 14335/11/6 14341/11/6
f 14336/12/6 14337/12/6 14342/12/6
f 14341/11/6 14336/11/6 14342/11/6
f 14337/14/6 14338/14/6 14343/14/6
f 14342/12/6 14337/12/6 14343/12/6
f 14343/14/6 14338/14/6 14344/14/6
f 14345/14/6 14346/14/6 14352/14/6
f 14346/13/6 14347/13/6 14353/13/6
f 14352/14/6 14346/14/6 14353/14/6
f 14347/12/6 14348/12/6 14354/12/6
f 14353/13/6 14347/13/6 14354/13/6
f 14348/11/6 14349/11/6 14355/11/6
f 14354/12/6 14348/12/6 14355/12/6
f 14349/13/6 14350/13/6 14356/13/6
f 14355/11/6 14349/11/6 14356/11/6
f 14356/13/6 14350/13/6 14357/13/6
f 14350/14/6 14351/14/6 14358/14/6
f 14357/13/6 14350/13/6 14358/13/6
f 14358/14/6 14351/14/6 14359/14/6
f 14352/13/6 14353/13/6 14360/13/6
f 14353/12/6 14354/12/6 14360/12/6
f 14354/10/6 14355/10/6 14361/10/6
f 14360/12/6 14354/12/6 14361/12/6
f 14355/9/6 14356/9/6 14362/9/6
f 14361/10/6 14355/10/6 14362/10/6
f 14362/9/6 14356/9/6 14363/9/6
f 14363/9/6 14356/9/6 14364/9/6
f 14356/10/6 14357/10/6 14365/10/6
f 14357/12/6 14358/12/6 14365/12/6
f 14358/13/6 14359/13/6 14366/13/6
f 14365/12/6 14358/12/6 14366/12/6
f 14352/13/6 14360/13/6 14367/13/6
f 14360/10/6 14361/10/6 14368/10/6
f 14367/13/6 14360/13/6 14368/13/6
f 14361/9/6 14362/9/6 14369/9/6
f 14368/10/6 14361/10/6 14369/10/6
f 14362/9/6 14363/9/6 14369/9/6
f 14363/2/6 14364/2/6 14370/2/6
f 14369/9/6 14363/9/6 14370/9/6
f 14364/9/6 14356/9/6 14371/9/6
f 14370/2/6 14364/2/6 14371/2/6
f 14356/10/6 14365/10/6 14372/10/6
f 14371/9/6 14356/9/6 14372/9/6
f 14365/10/6 14366/10/6 14372/10/6
f 14366/13/6 14359/13/6 14373/13/6
f 14372/10/6 14366/10/6 14373/10/6
f 14373/13/6 14359/13/6 14374/13/6
f 14369/2/6 14370/2/6 14375/2/6
f 14370/3/6 14371/3/6 14376/3/6
f 14375/2/6 14370/2/6 14376/2/6
f 14371/3/6 14372/3/6 14376/3/6
f 14376/3/6 14372/3/6 14377/3/6
f 14372/9/6 14373/9/6 14378/9/6
f 14377/3/6 14372/3/6 14378/3/6
f 14378/9/6 14373/9/6 14379/9/6
f 14367/11/6 14368/11/6 14380/11/6
f 14368/9/6 14369/9/6 14381/9/6
f 14380/11/6 14368/11/6 14381/11/6
f 14369/2/6 14375/2/6 14382/2/6
f 14381/9/6 14369/9/6 14382/9/6
f 14375/3/6 14376/3/6 14383/3/6
f 14382/2/6 14375/2/6 14383/2/6
f 14376/7/6 14377/7/6 14384/7/6
f 14383/3/6 14376/3/6 14384/3/6
f 14377/3/6 14378/3/6 14385/3/6
f 14384/7/6 14377/7/6 14385/7/6
f 14378/2/6 14379/2/6 14386/2/6
f 14385/3/6 14378/3/6 14386/3/6
f 14373/11/6 14374/11/6 14387/11/6
f 14379/9/6 14373/9/6 14387/9/6
f 14387/11/6 14374/11/6 14388/11/6
f 14380/8/6 14381/8/6 14389/8/6
f 14381/9/6 14382/9/6 14390/9/6
f 14389/8/6 14381/8/6 14390/8/6
f 14385/7/6 14386/7/6 14391/7/6
f 14382/3/6 14383/3/6 14391/3/6
f 14383/7/6 14384/7/6 14391/7/6
f 14384/7/6 14385/7/6 14391/7/6
f 14391/7/6 14386/7/6 14392/7/6
f 14392/7/6 14386/7/6 14393/7/6
f 14386/2/6 14379/2/6 14394/2/6
f 14393/7/6 14386/7/6 14394/7/6
f 14387/8/6 14388/8/6 14395/8/6
f 14379/9/6 14387/9/6 14395/9/6
f 14395/8/6 14388/8/6 14396/8/6
f 14389/11/6 14390/11/6 14397/11/6
f 14390/9/6 14382/9/6 14398/9/6
f 14397/11/6 14390/11/6 14398/11/6
f 14382/3/6 14391/3/6 14399/3/6
f 14398/9/6 14382/9/6 14399/9/6
f 14391/3/6 14392/3/6 14399/3/6
f 14399/3/6 14392/3/6 14400/3/6
f 14392/7/6 14393/7/6 14401/7/6
f 14400/3/6 14392/3/6 14401/3/6
f 14393/3/6 14394/3/6 14402/3/6
f 14401/7/6 14393/7/6 14402/7/6
f 14394/2/6 14379/2/6 14403/2/6
f 14402/3/6 14394/3/6 14403/3/6
f 14379/9/6 14395/9/6 14404/9/6
f 14403/2/6 14379/2/6 14404/2/6
f 14395/11/6 14396/11/6 14405/11/6
f 14404/9/6 14395/9/6 14405/9/6
f 14405/11/6 14396/11/6 14406/11/6
f 14397/12/6 14398/12/6 14407/12/6
f 14398/10/6 14399/10/6 14408/10/6
f 14407/12/6 14398/12/6 14408/12/6
f 14399/2/6 14400/2/6 14409/2/6
f 14408/10/6 14399/10/6 14409/10/6
f 14401/3/6 14402/3/6 14410/3/6
f 14409/2/6 14400/2/6 14410/2/6
f 14400/3/6 14401/3/6 14410/3/6
f 14402/3/6 14403/3/6 14410/3/6
f 14410/3/6 14403/3/6 14411/3/6
f 14411/3/6 14403/3/6 14412/3/6
f 14403/9/6 14404/9/6 14413/9/6
f 14412/3/6 14403/3/6 14413/3/6
f 14404/10/6 14405/10/6 14414/10/6
f 14413/9/6 14404/9/6 14414/9/6
f 14405/12/6 14406/12/6 14415/12/6
f 14414/10/6 14405/10/6 14415/10/6
f 14415/12/6 14406/12/6 14416/12/6
f 14407/13/6 14408/13/6 14417/13/6
f 14408/10/6 14409/10/6 14418/10/6
f 14417/13/6 14408/13/6 14418/13/6
f 14409/9/6 14410/9/6 14419/9/6
f 14418/10/6 14409/10/6 14419/10/6
f 14410/9/6 14411/9/6 14419/9/6
f 14411/2/6 14412/2/6 14420/2/6
f 14419/9/6 14411/9/6 14420/9/6
f 14412/9/6 14413/9/6 14421/9/6
f 14420/2/6 14412/2/6 14421/2/6
f 14413/10/6 14414/10/6 14422/10/6
f 14421/9/6 14413/9/6 14422/9/6
f 14414/10/6 14415/10/6 14422/10/6
f 14415/13/6 14416/13/6 14423/13/6
f 14422/10/6 14415/10/6 14423/10/6
f 14423/13/6 14416/13/6 14424/13/6
f 14418/12/6 14419/12/6 14425/12/6
f 14417/14/6 14418/14/6 14425/14/6
f 14419/10/6 14420/10/6 14426/10/6
f 14425/12/6 14419/12/6 14426/12/6
f 14426/10/6 14420/10/6 14427/10/6
f 14420/9/6 14421/9/6 14428/9/6
f 14427/10/6 14420/10/6 14428/10/6
f 14421/10/6 14422/10/6 14429/10/6
f 14428/9/6 14421/9/6 14429/9/6
f 14422/12/6 14423/12/6 14430/12/6
f 14429/10/6 14422/10/6 14430/10/6
f 14423/14/6 14424/14/6 14431/14/6
f 14430/12/6 14423/12/6 14431/12/6
f 14417/14/6 14425/14/6 14432/14/6
f 14425/13/6 14426/13/6 14433/13/6
f 14432/14/6 14425/14/6 14433/14/6
f 14426/12/6 14427/12/6 14434/12/6
f 14433/13/6 14426/13/6 14434/13/6
f 14429/11/6 14430/11/6 14435/11/6
f 14434/12/6 14427/12/6 14435/12/6
f 14427/11/6 14428/11/6 14435/11/6
f 14428/11/6 14429/11/6 14435/11/6
f 14430/13/6 14431/13/6 14436/13/6
f 14435/11/6 14430/11/6 14436/11/6
f 14431/14/6 14424/14/6 14437/14/6
f 14436/13/6 14431/13/6 14437/13/6
f 14437/14/6 14424/14/6 14438/14/6
f 14439/14/6 14440/14/6 14445/14/6
f 14440/12/6 14441/12/6 14446/12/6
f 14445/14/6 14440/14/6 14446/14/6
f 14441/11/6 14442/11/6 14447/11/6
f 14446/12/6 14441/12/6 14447/12/6
f 14447/11/6 14442/11/6 14448/11/6
f 14442/12/6 14443/12/6 14449/12/6
f 14448/11/6 14442/11/6 14449/11/6
f 14443/14/6 14444/14/6 14450/14/6
f 14449/12/6 14443/12/6 14450/12/6
f 14450/14/6 14444/14/6 14451/14/6
f 14445/11/6 14446/11/6 14452/11/6
f 14446/9/6 14447/9/6 14452/9/6
f 14447/2/6 14448/2/6 14453/2/6
f 14452/9/6 14447/9/6 14453/9/6
f 14453/2/6 14448/2/6 14454/2/6
f 14448/3/6 14449/3/6 14455/3/6
f 14454/2/6 14448/2/6 14455/2/6
f 14445/11/6 14452/11/6 14456/11/6
f 14452/2/6 14453/2/6 14457/2/6
f 14456/11/6 14452/11/6 14457/11/6
f 14453/3/6 14454/3/6 14458/3/6
f 14457/2/6 14453/2/6 14458/2/6
f 14454/7/6 14455/7/6 14459/7/6
f 14458/3/6 14454/3/6 14459/3/6
f 14455/3/6 14449/3/6 14460/3/6
f 14459/7/6 14455/7/6 14460/7/6
f 14449/2/6 14450/2/6 14461/2/6
f 14460/3/6 14449/3/6 14461/3/6
f 14450/11/6 14451/11/6 14462/11/6
f 14461/2/6 14450/2/6 14462/2/6
f 14462/11/6 14451/11/6 14463/11/6
f 14456/8/6 14457/8/6 14464/8/6
f 14457/3/6 14458/3/6 14465/3/6
f 14464/8/6 14457/8/6 14465/8/6
f 14458/7/6 14459/7/6 14466/7/6
f 14465/3/6 14458/3/6 14466/3/6
f 14460/7/6 14461/7/6 14466/7/6
f 14459/7/6 14460/7/6 14466/7/6
f 14466/7/6 14461/7/6 14467/7/6
f 14467/7/6 14461/7/6 14468/7/6
f 14461/3/6 14462/3/6 14469/3/6
f 14468/7/6 14461/7/6 14469/7/6
f 14462/8/6 14463/8/6 14470/8/6
f 14469/3/6 14462/3/6 14470/3/6
f 14470/8/6 14463/8/6 14471/8/6
f 14464/11/6 14465/11/6 14472/11/6
f 14465/2/6 14466/2/6 14473/2/6
f 14472/11/6 14465/11/6 14473/11/6
f 14466/3/6 14467/3/6 14474/3/6
f 14473/2/6 14466/2/6 14474/2/6
f 14467/7/6 14468/7/6 14475/7/6
f 14474/3/6 14467/3/6 14475/3/6
f 14468/3/6 14469/3/6 14476/3/6
f 14475/7/6 14468/7/6 14476/7/6
f 14469/2/6 14470/2/6 14477/2/6
f 14476/3/6 14469/3/6 14477/3/6
f 14470/11/6 14471/11/6 14478/11/6
f 14477/2/6 14470/2/6 14478/2/6
f 14478/11/6 14471/11/6 14479/11/6
f 14472/12/6 14473/12/6 14480/12/6
f 14473/9/6 14474/9/6 14481/9/6
f 14480/12/6 14473/12/6 14481/12/6
f 14474/2/6 14475/2/6 14482/2/6
f 14481/9/6 14474/9/6 14482/9/6
f 14475/2/6 14476/2/6 14482/2/6
f 14476/3/6 14477/3/6 14483/3/6
f 14482/2/6 14476/2/6 14483/2/6
f 14477/9/6 14478/9/6 14484/9/6
f 14483/3/6 14477/3/6 14484/3/6
f 14478/12/6 14479/12/6 14485/12/6
f 14484/9/6 14478/9/6 14485/9/6
f 14485/12/6 14479/12/6 14486/12/6
f 14480/14/6 14481/14/6 14487/14/6
f 14481/12/6 14482/12/6 14488/12/6
f 14487/14/6 14481/14/6 14488/14/6
f 14483/11/6 14484/11/6 14489/11/6
f 14488/12/6 14482/12/6 14489/12/6
f 14482/11/6 14483/11/6 14489/11/6
f 14484/12/6 14485/12/6 14490/12/6
f 14489/11/6 14484/11/6 14490/11/6
f 14485/14/6 14486/14/6 14491/14/6
f 14490/12/6 14485/12/6 14491/12/6
f 14491/14/6 14486/14/6 14492/14/6
f 14493/14/6 14494/14/6 14499/14/6
f 14494/12/6 14495/12/6 14500/12/6
f 14499/14/6 14494/14/6 14500/14/6
f 14495/11/6 14496/11/6 14501/11/6
f 14500/12/6 14495/12/6 14501/12/6
f 14501/11/6 14496/11/6 14502/11/6
f 14496/12/6 14497/12/6 14503/12/6
f 14502/11/6 14496/11/6 14503/11/6
f 14497/14/6 14498/14/6 14504/14/6
f 14503/12/6 14497/12/6 14504/12/6
f 14504/14/6 14498/14/6 14505/14/6
f 14499/11/6 14500/11/6 14506/11/6
f 14500/9/6 14501/9/6 14506/9/6
f 14501/2/6 14502/2/6 14507/2/6
f 14506/9/6 14501/9/6 14507/9/6
f 14502/3/6 14503/3/6 14508/3/6
f 14507/2/6 14502/2/6 14508/2/6
f 14508/3/6 14503/3/6 14509/3/6
f 14499/11/6 14506/11/6 14510/11/6
f 14506/2/6 14507/2/6 14511/2/6
f 14510/11/6 14506/11/6 14511/11/6
f 14507/3/6 14508/3/6 14512/3/6
f 14511/2/6 14507/2/6 14512/2/6
f 14508/7/6 14509/7/6 14513/7/6
f 14512/3/6 14508/3/6 14513/3/6
f 14509/3/6 14503/3/6 14514/3/6
f 14513/7/6 14509/7/6 14514/7/6
f 14503/2/6 14504/2/6 14515/2/6
f 14514/3/6 14503/3/6 14515/3/6
f 14504/11/6 14505/11/6 14516/11/6
f 14515/2/6 14504/2/6 14516/2/6
f 14516/11/6 14505/11/6 14517/11/6
f 14510/8/6 14511/8/6 14518/8/6
f 14511/3/6 14512/3/6 14519/3/6
f 14518/8/6 14511/8/6 14519/8/6
f 14512/7/6 14513/7/6 14520/7/6
f 14519/3/6 14512/3/6 14520/3/6
f 14514/7/6 14515/7/6 14520/7/6
f 14513/7/6 14514/7/6 14520/7/6
f 14520/7/6 14515/7/6 14521/7/6
f 14521/7/6 14515/7/6 14522/7/6
f 14515/3/6 14516/3/6 14523/3/6
f 14522/7/6 14515/7/6 14523/7/6
f 14516/8/6 14517/8/6 14524/8/6
f 14523/3/6 14516/3/6 14524/3/6
f 14524/8/6 14517/8/6 14525/8/6
f 14518/11/6 14519/11/6 14526/11/6
f 14519/2/6 14520/2/6 14527/2/6
f 14526/11/6 14519/11/6 14527/11/6
f 14520/3/6 14521/3/6 14528/3/6
f 14527/2/6 14520/2/6 14528/2/6
f 14521/7/6 14522/7/6 14529/7/6
f 14528/3/6 14521/3/6 14529/3/6
f 14522/3/6 14523/3/6 14530/3/6
f 14529/7/6 14522/7/6 14530/7/6
f 14523/2/6 14524/2/6 14531/2/6
f 14530/3/6 14523/3/6 14531/3/6
f 14524/11/6 14525/11/6 14532/11/6
f 14531/2/6 14524/2/6 14532/2/6
f 14532/11/6 14525/11/6 14533/11/6
f 14526/12/6 14527/12/6 14534/12/6
f 14527/9/6 14528/9/6 14535/9/6
f 14534/12/6 14527/12/6 14535/12/6
f 14528/2/6 14529/2/6 14536/2/6
f 14535/9/6 14528/9/6 14536/9/6
f 14529/3/6 14530/3/6 14537/3/6
f 14536/2/6 14529/2/6 14537/2/6
f 14530/9/6 14531/9/6 14538/9/6
f 14537/3/6 14530/3/6 14538/3/6
f 14531/9/6 14532/9/6 14538/9/6
f 14538/9/6 14532/9/6 14539/9/6
f 14532/12/6 14533/12/6 14540/12/6
f 14539/9/6 14532/9/6 14540/9/6
f 14540/12/6 14533/12/6 14541/12/6
f 14534/14/6 14535/14/6 14542/14/6
f 14535/12/6 14536/12/6 14543/12/6
f 14542/14/6 14535/14/6 14543/14/6
f 14536/11/6 14537/11/6 14544/11/6
f 14543/12/6 14536/12/6 14544/12/6
f 14538/11/6 14539/11/6 14544/11/6
f 14537/11/6 14538/11/6 14544/11/6
f 14539/12/6 14540/12/6 14545/12/6
f 14544/11/6 14539/11/6 14545/11/6
f 14540/14/6 14541/14/6 14546/14/6
f 14545/12/6 14540/12/6 14546/12/6
f 14546/14/6 14541/14/6 14547/14/6
f 14548/14/6 14549/14/6 14558/14/6
f 14549/13/6 14550/13/6 14559/13/6
f 14558/14/6 14549/14/6 14559/14/6
f 14559/13/6 14550/13/6 14560/13/6
f 14550/12/6 14551/12/6 14561/12/6
f 14560/13/6 14550/13/6 14561/13/6
f 14551/11/6 14552/11/6 14562/11/6
f 14561/12/6 14551/12/6 14562/12/6
f 14552/8/6 14553/8/6 14563/8/6
f 14562/11/6 14552/11/6 14563/11/6
f 14553/11/6 14554/11/6 14564/11/6
f 14563/8/6 14553/8/6 14564/8/6
f 14554/12/6 14555/12/6 14565/12/6
f 14564/11/6 14554/11/6 14565/11/6
f 14555/13/6 14556/13/6 14566/13/6
f 14565/12/6 14555/12/6 14566/12/6
f 14566/13/6 14556/13/6 14567/13/6
f 14556/14/6 14557/14/6 14568/14/6
f 14567/13/6 14556/13/6 14568/13/6
f 14568/14/6 14557/14/6 14569/14/6
f 14559/12/6 14560/12/6 14570/12/6
f 14558/13/6 14559/13/6 14570/13/6
f 14560/10/6 14561/10/6 14571/10/6
f 14570/12/6 14560/12/6 14571/12/6
f 14561/10/6 14562/10/6 14571/10/6
f 14571/10/6 14562/10/6 14572/10/6
f 14562/9/6 14563/9/6 14573/9/6
f 14572/10/6 14562/10/6 14573/10/6
f 14573/9/6 14563/9/6 14574/9/6
f 14563/2/6 14564/2/6 14575/2/6
f 14574/9/6 14563/9/6 14575/9/6
f 14564/9/6 14565/9/6 14576/9/6
f 14575/2/6 14564/2/6 14576/2/6
f 14576/9/6 14565/9/6 14577/9/6
f 14566/10/6 14567/10/6 14578/10/6
f 14577/9/6 14565/9/6 14578/9/6
f 14565/10/6 14566/10/6 14578/10/6
f 14578/10/6 14567/10/6 14579/10/6
f 14567/12/6 14568/12/6 14580/12/6
f 14579/10/6 14567/10/6 14580/10/6
f 14568/13/6 14569/13/6 14581/13/6
f 14580/12/6 14568/12/6 14581/12/6
f 14558/13/6 14570/13/6 14582/13/6
f 14571/10/6 14572/10/6 14583/10/6
f 14582/13/6 14570/13/6 14583/13/6
f 14570/10/6 14571/10/6 14583/10/6
f 14573/9/6 14574/9/6 14584/9/6
f 14583/10/6 14572/10/6 14584/10/6
f 14572/9/6 14573/9/6 14584/9/6
f 14576/2/6 14577/2/6 14585/2/6
f 14584/9/6 14574/9/6 14585/9/6
f 14574/2/6 14575/2/6 14585/2/6
f 14575/2/6 14576/2/6 14585/2/6
f 14585/2/6 14577/2/6 14586/2/6
f 14586/2/6 14577/2/6 14587/2/6
f 14578/9/6 14579/9/6 14588/9/6
f 14587/2/6 14577/2/6 14588/2/6
f 14577/9/6 14578/9/6 14588/9/6
f 14588/9/6 14579/9/6 14589/9/6
f 14579/10/6 14580/10/6 14590/10/6
f 14589/9/6 14579/9/6 14590/9/6
f 14580/10/6 14581/10/6 14590/10/6
f 14581/13/6 14569/13/6 14591/13/6
f 14590/10/6 14581/10/6 14591/10/6
f 14591/13/6 14569/13/6 14592/13/6
f 14583/9/6 14584/9/6 14593/9/6
f 14585/3/6 14586/3/6 14594/3/6
f 14593/9/6 14584/9/6 14594/9/6
f 14584/3/6 14585/3/6 14594/3/6
f 14594/3/6 14586/3/6 14595/3/6
f 14586/4/6 14587/4/6 14596/4/6
f 14595/3/6 14586/3/6 14596/3/6
f 14588/3/6 14589/3/6 14597/3/6
f 14596/4/6 14587/4/6 14597/4/6
f 14587/3/6 14588/3/6 14597/3/6
f 14597/3/6 14589/3/6 14598/3/6
f 14589/2/6 14590/2/6 14599/2/6
f 14590/9/6 14591/9/6 14599/9/6
f 14599/9/6 14591/9/6 14600/9/6
f 14582/11/6 14583/11/6 14601/11/6
f 14583/9/6 14593/9/6 14602/9/6
f 14601/11/6 14583/11/6 14602/11/6
f 14594/3/6 14595/3/6 14603/3/6
f 14595/7/6 14596/7/6 14604/7/6
f 14603/3/6 14595/3/6 14604/3/6
f 14597/7/6 14598/7/6 14604/7/6
f 14596/7/6 14597/7/6 14604/7/6
f 14604/7/6 14598/7/6 14605/7/6
f 14598/3/6 14589/3/6 14606/3/6
f 14605/7/6 14598/7/6 14606/7/6
f 14599/2/6 14600/2/6 14607/2/6
f 14606/3/6 14589/3/6 14607/3/6
f 14589/2/6 14599/2/6 14607/2/6
f 14607/2/6 14600/2/6 14608/2/6
f 14600/9/6 14591/9/6 14609/9/6
f 14591/11/6 14592/11/6 14609/11/6
f 14609/11/6 14592/11/6 14610/11/6
f 14602/9/6 14593/9/6 14611/9/6
f 14601/8/6 14602/8/6 14611/8/6
f 14593/2/6 14594/2/6 14612/2/6
f 14611/9/6 14593/9/6 14612/9/6
f 14604/4/6 14605/4/6 14613/4/6
f 14605/7/6 14606/7/6 14613/7/6
f 14606/7/6 14607/7/6 14613/7/6
f 14613/7/6 14607/7/6 14614/7/6
f 14608/2/6 14600/2/6 14615/2/6
f 14600/9/6 14609/9/6 14615/9/6
f 14609/8/6 14610/8/6 14616/8/6
f 14615/9/6 14609/9/6 14616/9/6
f 14601/8/6 14611/8/6 14617/8/6
f 14611/2/6 14612/2/6 14617/2/6
f 14612/2/6 14594/2/6 14618/2/6
f 14617/2/6 14612/2/6 14618/2/6
f 14603/7/6 14604/7/6 14619/7/6
f 14613/4/6 14614/4/6 14619/4/6
f 14604/4/6 14613/4/6 14619/4/6
f 14619/4/6 14614/4/6 14620/4/6
f 14620/4/6 14614/4/6 14621/4/6
f 14614/7/6 14607/7/6 14622/7/6
f 14621/4/6 14614/4/6 14622/4/6
f 14608/2/6 14615/2/6 14623/2/6
f 14615/2/6 14616/2/6 14623/2/6
f 14616/8/6 14610/8/6 14624/8/6
f 14623/2/6 14616/2/6 14624/2/6
f 14601/8/6 14617/8/6 14625/8/6
f 14617/9/6 14618/9/6 14626/9/6
f 14625/8/6 14617/8/6 14626/8/6
f 14594/3/6 14603/3/6 14627/3/6
f 14603/7/6 14619/7/6 14627/7/6
f 14619/7/6 14620/7/6 14627/7/6
f 14627/7/6 14620/7/6 14628/7/6
f 14622/7/6 14607/7/6 14629/7/6
f 14621/7/6 14622/7/6 14629/7/6
f 14607/3/6 14608/3/6 14630/3/6
f 14629/7/6 14607/7/6 14630/7/6
f 14608/2/6 14623/2/6 14631/2/6
f 14630/3/6 14608/3/6 14631/3/6
f 14624/8/6 14610/8/6 14632/8/6
f 14623/9/6 14624/9/6 14632/9/6
f 14632/8/6 14610/8/6 14633/8/6
f 14625/11/6 14626/11/6 14634/11/6
f 14626/9/6 14618/9/6 14635/9/6
f 14634/11/6 14626/11/6 14635/11/6
f 14618/2/6 14594/2/6 14636/2/6
f 14635/9/6 14618/9/6 14636/9/6
f 14627/3/6 14628/3/6 14637/3/6
f 14636/2/6 14594/2/6 14637/2/6
f 14594/3/6 14627/3/6 14637/3/6
f 14637/3/6 14628/3/6 14638/3/6
f 14628/7/6 14620/7/6 14639/7/6
f 14638/3/6 14628/3/6 14639/3/6
f 14620/4/6 14621/4/6 14640/4/6
f 14639/7/6 14620/7/6 14640/7/6
f 14621/7/6 14629/7/6 14641/7/6
f 14640/4/6 14621/4/6 14641/4/6
f 14629/3/6 14630/3/6 14642/3/6
f 14641/7/6 14629/7/6 14642/7/6
f 14631/2/6 14623/2/6 14643/2/6
f 14630/2/6 14631/2/6 14643/2/6
f 14623/9/6 14632/9/6 14644/9/6
f 14643/2/6 14623/2/6 14644/2/6
f 14632/11/6 14633/11/6 14645/11/6
f 14644/9/6 14632/9/6 14645/9/6
f 14645/11/6 14633/11/6 14646/11/6
f 14634/12/6 14635/12/6 14647/12/6
f 14635/10/6 14636/10/6 14648/10/6
f 14647/12/6 14635/12/6 14648/12/6
f 14636/9/6 14637/9/6 14649/9/6
f 14648/10/6 14636/10/6 14649/10/6
f 14637/2/6 14638/2/6 14650/2/6
f 14649/9/6 14637/9/6 14650/9/6
f 14638/3/6 14639/3/6 14651/3/6
f 14650/2/6 14638/2/6 14651/2/6
f 14640/3/6 14641/3/6 14651/3/6
f 14639/3/6 14640/3/6 14651/3/6
f 14641/3/6 14642/3/6 14651/3/6
f 14651/3/6 14642/3/6 14652/3/6
f 14642/3/6 14630/3/6 14653/3/6
f 14652/3/6 14642/3/6 14653/3/6
f 14630/2/6 14643/2/6 14654/2/6
f 14653/3/6 14630/3/6 14654/3/6
f 14643/9/6 14644/9/6 14655/9/6
f 14654/2/6 14643/2/6 14655/2/6
f 14644/10/6 14645/10/6 14656/10/6
f 14655/9/6 14644/9/6 14656/9/6
f 14645/12/6 14646/12/6 14657/12/6
f 14656/10/6 14645/10/6 14657/10/6
f 14657/12/6 14646/12/6 14658/12/6
f 14647/13/6 14648/13/6 14659/13/6
f 14649/10/6 14650/10/6 14660/10/6
f 14659/13/6 14648/13/6 14660/13/6
f 14648/10/6 14649/10/6 14660/10/6
f 14651/9/6 14652/9/6 14661/9/6
f 14660/10/6 14650/10/6 14661/10/6
f 14650/9/6 14651/9/6 14661/9/6
f 14652/2/6 14653/2/6 14662/2/6
f 14661/9/6 14652/9/6 14662/9/6
f 14654/9/6 14655/9/6 14663/9/6
f 14662/2/6 14653/2/6 14663/2/6
f 14653/9/6 14654/9/6 14663/9/6
f 14663/9/6 14655/9/6 14664/9/6
f 14655/10/6 14656/10/6 14665/10/6
f 14664/9/6 14655/9/6 14665/9/6
f 14656/10/6 14657/10/6 14665/10/6
f 14657/13/6 14658/13/6 14666/13/6
f 14665/10/6 14657/10/6 14666/10/6
f 14666/13/6 14658/13/6 14667/13/6
f 14659/14/6 14660/14/6 14668/14/6
f 14660/12/6 14661/12/6 14668/12/6
f 14661/10/6 14662/10/6 14669/10/6
f 14668/12/6 14661/12/6 14669/12/6
f 14669/10/6 14662/10/6 14670/10/6
f 14662/9/6 14663/9/6 14671/9/6
f 14670/10/6 14662/10/6 14671/10/6
f 14671/9/6 14663/9/6 14672/9/6
f 14672/9/6 14663/9/6 14673/9/6
f 14663/10/6 14664/10/6 14674/10/6
f 14673/9/6 14663/9/6 14674/9/6
f 14664/12/6 14665/12/6 14675/12/6
f 14674/10/6 14664/10/6 14675/10/6
f 14665/12/6 14666/12/6 14675/12/6
f 14675/12/6 14666/12/6 14676/12/6
f 14666/14/6 14667/14/6 14677/14/6
f 14676/12/6 14666/12/6 14677/12/6
f 14659/14/6 14668/14/6 14678/14/6
f 14668/13/6 14669/13/6 14679/13/6
f 14678/14/6 14668/14/6 14679/14/6
f 14669/12/6 14670/12/6 14680/12/6
f 14679/13/6 14669/13/6 14680/13/6
f 14671/11/6 14672/11/6 14681/11/6
f 14680/12/6 14670/12/6 14681/12/6
f 14670/11/6 14671/11/6 14681/11/6
f 14672/8/6 14673/8/6 14682/8/6
f 14681/11/6 14672/11/6 14682/11/6
f 14673/11/6 14674/11/6 14683/11/6
f 14682/8/6 14673/8/6 14683/8/6
f 14674/11/6 14675/11/6 14683/11/6
f 14675/12/6 14676/12/6 14684/12/6
f 14683/11/6 14675/11/6 14684/11/6
f 14676/13/6 14677/13/6 14685/13/6
f 14684/12/6 14676/12/6 14685/12/6
f 14677/14/6 14667/14/6 14686/14/6
f 14685/13/6 14677/13/6 14686/13/6
f 14686/14/6 14667/14/6 14687/14/6
f 14688/14/6 14689/14/6 14698/14/6
f 14689/13/6 14690/13/6 14699/13/6
f 14698/14/6 14689/14/6 14699/14/6
f 14699/13/6 14690/13/6 14700/13/6
f 14690/12/6 14691/12/6 14701/12/6
f 14700/13/6 14690/13/6 14701/13/6
f 14691/11/6 14692/11/6 14702/11/6
f 14701/12/6 14691/12/6 14702/12/6
f 14692/8/6 14693/8/6 14703/8/6
f 14702/11/6 14692/11/6 14703/11/6
f 14693/11/6 14694/11/6 14704/11/6
f 14703/8/6 14693/8/6 14704/8/6
f 14694/12/6 14695/12/6 14705/12/6
f 14704/11/6 14694/11/6 14705/11/6
f 14695/13/6 14696/13/6 14706/13/6
f 14705/12/6 14695/12/6 14706/12/6
f 14706/13/6 14696/13/6 14707/13/6
f 14696/14/6 14697/14/6 14708/14/6
f 14707/13/6 14696/13/6 14708/13/6
f 14708/14/6 14697/14/6 14709/14/6
f 14699/12/6 14700/12/6 14710/12/6
f 14698/13/6 14699/13/6 14710/13/6
f 14700/10/6 14701/10/6 14711/10/6
f 14710/12/6 14700/12/6 14711/12/6
f 14701/10/6 14702/10/6 14711/10/6
f 14711/10/6 14702/10/6 14712/10/6
f 14702/9/6 14703/9/6 14713/9/6
f 14712/10/6 14702/10/6 14713/10/6
f 14713/9/6 14703/9/6 14714/9/6
f 14703/2/6 14704/2/6 14715/2/6
f 14714/9/6 14703/9/6 14715/9/6
f 14704/9/6 14705/9/6 14716/9/6
f 14715/2/6 14704/2/6 14716/2/6
f 14716/9/6 14705/9/6 14717/9/6
f 14706/10/6 14707/10/6 14718/10/6
f 14717/9/6 14705/9/6 14718/9/6
f 14705/10/6 14706/10/6 14718/10/6
f 14718/10/6 14707/10/6 14719/10/6
f 14707/12/6 14708/12/6 14720/12/6
f 14719/10/6 14707/10/6 14720/10/6
f 14708/13/6 14709/13/6 14721/13/6
f 14720/12/6 14708/12/6 14721/12/6
f 14698/13/6 14710/13/6 14722/13/6
f 14711/10/6 14712/10/6 14723/10/6
f 14722/13/6 14710/13/6 14723/13/6
f 14710/10/6 14711/10/6 14723/10/6
f 14713/9/6 14714/9/6 14724/9/6
f 14723/10/6 14712/10/6 14724/10/6
f 14712/9/6 14713/9/6 14724/9/6
f 14716/2/6 14717/2/6 14725/2/6
f 14724/9/6 14714/9/6 14725/9/6
f 14714/2/6 14715/2/6 14725/2/6
f 14715/2/6 14716/2/6 14725/2/6
f 14725/2/6 14717/2/6 14726/2/6
f 14726/2/6 14717/2/6 14727/2/6
f 14718/9/6 14719/9/6 14728/9/6
f 14727/2/6 14717/2/6 14728/2/6
f 14717/9/6 14718/9/6 14728/9/6
f 14728/9/6 14719/9/6 14729/9/6
f 14719/10/6 14720/10/6 14730/10/6
f 14729/9/6 14719/9/6 14730/9/6
f 14720/10/6 14721/10/6 14730/10/6
f 14721/13/6 14709/13/6 14731/13/6
f 14730/10/6 14721/10/6 14731/10/6
f 14731/13/6 14709/13/6 14732/13/6
f 14723/9/6 14724/9/6 14733/9/6
f 14725/3/6 14726/3/6 14734/3/6
f 14733/9/6 14724/9/6 14734/9/6
f 14724/3/6 14725/3/6 14734/3/6
f 14734/3/6 14726/3/6 14735/3/6
f 14726/4/6 14727/4/6 14736/4/6
f 14735/3/6 14726/3/6 14736/3/6
f 14728/3/6 14729/3/6 14737/3/6
f 14736/4/6 14727/4/6 14737/4/6
f 14727/3/6 14728/3/6 14737/3/6
f 14737/3/6 14729/3/6 14738/3/6
f 14729/2/6 14730/2/6 14739/2/6
f 14730/9/6 14731/9/6 14739/9/6
f 14739/9/6 14731/9/6 14740/9/6
f 14722/11/6 14723/11/6 14741/11/6
f 14723/9/6 14733/9/6 14742/9/6
f 14741/11/6 14723/11/6 14742/11/6
f 14734/3/6 14735/3/6 14743/3/6
f 14735/7/6 14736/7/6 14744/7/6
f 14743/3/6 14735/3/6 14744/3/6
f 14737/7/6 14738/7/6 14744/7/6
f 14736/7/6 14737/7/6 14744/7/6
f 14744/7/6 14738/7/6 14745/7/6
f 14738/3/6 14729/3/6 14746/3/6
f 14745/7/6 14738/7/6 14746/7/6
f 14739/2/6 14740/2/6 14747/2/6
f 14746/3/6 14729/3/6 14747/3/6
f 14729/2/6 14739/2/6 14747/2/6
f 14747/2/6 14740/2/6 14748/2/6
f 14740/9/6 14731/9/6 14749/9/6
f 14731/11/6 14732/11/6 14749/11/6
f 14749/11/6 14732/11/6 14750/11/6
f 14742/9/6 14733/9/6 14751/9/6
f 14741/8/6 14742/8/6 14751/8/6
f 14733/2/6 14734/2/6 14752/2/6
f 14751/9/6 14733/9/6 14752/9/6
f 14744/4/6 14745/4/6 14753/4/6
f 14745/7/6 14746/7/6 14753/7/6
f 14746/7/6 14747/7/6 14753/7/6
f 14753/7/6 14747/7/6 14754/7/6
f 14748/2/6 14740/2/6 14755/2/6
f 14740/9/6 14749/9/6 14755/9/6
f 14749/8/6 14750/8/6 14756/8/6
f 14755/9/6 14749/9/6 14756/9/6
f 14741/8/6 14751/8/6 14757/8/6
f 14751/2/6 14752/2/6 14757/2/6
f 14752/2/6 14734/2/6 14758/2/6
f 14757/2/6 14752/2/6 14758/2/6
f 14743/7/6 14744/7/6 14759/7/6
f 14753/4/6 14754/4/6 14759/4/6
f 14744/4/6 14753/4/6 14759/4/6
f 14759/4/6 14754/4/6 14760/4/6
f 14760/4/6 14754/4/6 14761/4/6
f 14754/7/6 14747/7/6 14762/7/6
f 14761/4/6 14754/4/6 14762/4/6
f 14748/2/6 14755/2/6 14763/2/6
f 14755/2/6 14756/2/6 14763/2/6
f 14756/8/6 14750/8/6 14764/8/6
f 14763/2/6 14756/2/6 14764/2/6
f 14741/8/6 14757/8/6 14765/8/6
f 14757/9/6 14758/9/6 14766/9/6
f 14765/8/6 14757/8/6 14766/8/6
f 14734/3/6 14743/3/6 14767/3/6
f 14743/7/6 14759/7/6 14767/7/6
f 14759/7/6 14760/7/6 14767/7/6
f 14767/7/6 14760/7/6 14768/7/6
f 14762/7/6 14747/7/6 14769/7/6
f 14761/7/6 14762/7/6 14769/7/6
f 14747/3/6 14748/3/6 14770/3/6
f 14769/7/6 14747/7/6 14770/7/6
f 14748/2/6 14763/2/6 14771/2/6
f 14770/3/6 14748/3/6 14771/3/6
f 14764/8/6 14750/8/6 14772/8/6
f 14763/9/6 14764/9/6 14772/9/6
f 14772/8/6 14750/8/6 14773/8/6
f 14765/11/6 14766/11/6 14774/11/6
f 14766/9/6 14758/9/6 14775/9/6
f 14774/11/6 14766/11/6 14775/11/6
f 14758/2/6 14734/2/6 14776/2/6
f 14775/9/6 14758/9/6 14776/9/6
f 14767/3/6 14768/3/6 14777/3/6
f 14776/2/6 14734/2/6 14777/2/6
f 14734/3/6 14767/3/6 14777/3/6
f 14777/3/6 14768/3/6 14778/3/6
f 14768/7/6 14760/7/6 14779/7/6
f 14778/3/6 14768/3/6 14779/3/6
f 14760/4/6 14761/4/6 14780/4/6
f 14779/7/6 14760/7/6 14780/7/6
f 14761/7/6 14769/7/6 14781/7/6
f 14780/4/6 14761/4/6 14781/4/6
f 14769/3/6 14770/3/6 14782/3/6
f 14781/7/6 14769/7/6 14782/7/6
f 14771/2/6 14763/2/6 14783/2/6
f 14770/2/6 14771/2/6 14783/2/6
f 14763/9/6 14772/9/6 14784/9/6
f 14783/2/6 14763/2/6 14784/2/6
f 14772/11/6 14773/11/6 14785/11/6
f 14784/9/6 14772/9/6 14785/9/6
f 14785/11/6 14773/11/6 14786/11/6
f 14774/12/6 14775/12/6 14787/12/6
f 14775/10/6 14776/10/6 14788/10/6
f 14787/12/6 14775/12/6 14788/12/6
f 14776/9/6 14777/9/6 14789/9/6
f 14788/10/6 14776/10/6 14789/10/6
f 14777/2/6 14778/2/6 14790/2/6
f 14789/9/6 14777/9/6 14790/9/6
f 14778/3/6 14779/3/6 14791/3/6
f 14790/2/6 14778/2/6 14791/2/6
f 14780/3/6 14781/3/6 14791/3/6
f 14779/3/6 14780/3/6 14791/3/6
f 14781/3/6 14782/3/6 14791/3/6
f 14791/3/6 14782/3/6 14792/3/6
f 14782/3/6 14770/3/6 14793/3/6
f 14792/3/6 14782/3/6 14793/3/6
f 14770/2/6 14783/2/6 14794/2/6
f 14793/3/6 14770/3/6 14794/3/6
f 14783/9/6 14784/9/6 14795/9/6
f 14794/2/6 14783/2/6 14795/2/6
f 14784/10/6 14785/10/6 14796/10/6
f 14795/9/6 14784/9/6 14796/9/6
f 14785/12/6 14786/12/6 14797/12/6
f 14796/10/6 14785/10/6 14797/10/6
f 14797/12/6 14786/12/6 14798/12/6
f 14787/13/6 14788/13/6 14799/13/6
f 14789/10/6 14790/10/6 14800/10/6
f 14799/13/6 14788/13/6 14800/13/6
f 14788/10/6 14789/10/6 14800/10/6
f 14791/9/6 14792/9/6 14801/9/6
f 14800/10/6 14790/10/6 14801/10/6
f 14790/9/6 14791/9/6 14801/9/6
f 14792/2/6 14793/2/6 14802/2/6
f 14801/9/6 14792/9/6 14802/9/6
f 14794/9/6 14795/9/6 14803/9/6
f 14802/2/6 14793/2/6 14803/2/6
f 14793/9/6 14794/9/6 14803/9/6
f 14803/9/6 14795/9/6 14804/9/6
f 14795/10/6 14796/10/6 14805/10/6
f 14804/9/6 14795/9/6 14805/9/6
f 14796/10/6 14797/10/6 14805/10/6
f 14797/13/6 14798/13/6 14806/13/6
f 14805/10/6 14797/10/6 14806/10/6
f 14806/13/6 14798/13/6 14807/13/6
f 14799/14/6 14800/14/6 14808/14/6
f 14800/12/6 14801/12/6 14808/12/6
f 14801/10/6 14802/10/6 14809/10/6
f 14808/12/6 14801/12/6 14809/12/6
f 14809/10/6 14802/10/6 14810/10/6
f 14802/9/6 14803/9/6 14811/9/6
f 14810/10/6 14802/10/6 14811/10/6
f 14811/9/6 14803/9/6 14812/9/6
f 14812/9/6 14803/9/6 14813/9/6
f 14803/10/6 14804/10/6 14814/10/6
f 14813/9/6 14803/9/6 14814/9/6
f 14804/12/6 14805/12/6 14815/12/6
f 14814/10/6 14804/10/6 14815/10/6
f 14805/12/6 14806/12/6 14815/12/6
f 14815/12/6 14806/12/6 14816/12/6
f 14806/14/6 14807/14/6 14817/14/6
f 14816/12/6 14806/12/6 14817/12/6
f 14799/14/6 14808/14/6 14818/14/6
f 14808/13/6 14809/13/6 14819/13/6
f 14818/14/6 14808/14/6 14819/14/6
f 14809/12/6 14810/12/6 14820/12/6
f 14819/13/6 14809/13/6 14820/13/6
f 14811/11/6 14812/11/6 14821/11/6
f 14820/12/6 14810/12/6 14821/12/6
f 14810/11/6 14811/11/6 14821/11/6
f 14812/8/6 14813/8/6 14822/8/6
f 14821/11/6 14812/11/6 14822/11/6
f 14813/11/6 14814/11/6 14823/11/6
f 14822/8/6 14813/8/6 14823/8/6
f 14814/11/6 14815/11/6 14823/11/6
f 14815/12/6 14816/12/6 14824/12/6
f 14823/11/6 14815/11/6 14824/11/6
f 14816/13/6 14817/13/6 14825/13/6
f 14824/12/6 14816/12/6 14825/12/6
f 14817/14/6 14807/14/6 14826/14/6
f 14825/13/6 14817/13/6 14826/13/6
f 14826/14/6 14807/14/6 14827/14/6
f 14828/14/6 14829/14/6 14838/14/6
f 14829/13/6 14830/13/6 14839/13/6
f 14838/14/6 14829/14/6 14839/14/6
f 14839/13/6 14830/13/6 14840/13/6
f 14830/12/6 14831/12/6 14841/12/6
f 14840/13/6 14830/13/6 14841/13/6
f 14831/11/6 14832/11/6 14842/11/6
f 14841/12/6 14831/12/6 14842/12/6
f 14832/8/6 14833/8/6 14843/8/6
f 14842/11/6 14832/11/6 14843/11/6
f 14833/11/6 14834/11/6 14844/11/6
f 14843/8/6 14833/8/6 14844/8/6
f 14834/12/6 14835/12/6 14845/12/6
f 14844/11/6 14834/11/6 14845/11/6
f 14835/13/6 14836/13/6 14846/13/6
f 14845/12/6 14835/12/6 14846/12/6
f 14846/13/6 14836/13/6 14847/13/6
f 14836/14/6 14837/14/6 14848/14/6
f 14847/13/6 14836/13/6 14848/13/6
f 14848/14/6 14837/14/6 14849/14/6
f 14839/12/6 14840/12/6 14850/12/6
f 14838/13/6 14839/13/6 14850/13/6
f 14840/10/6 14841/10/6 14851/10/6
f 14850/12/6 14840/12/6 14851/12/6
f 14841/10/6 14842/10/6 14851/10/6
f 14851/10/6 14842/10/6 14852/10/6
f 14842/9/6 14843/9/6 14853/9/6
f 14852/10/6 14842/10/6 14853/10/6
f 14853/9/6 14843/9/6 14854/9/6
f 14843/2/6 14844/2/6 14855/2/6
f 14854/9/6 14843/9/6 14855/9/6
f 14844/9/6 14845/9/6 14856/9/6
f 14855/2/6 14844/2/6 14856/2/6
f 14856/9/6 14845/9/6 14857/9/6
f 14846/10/6 14847/10/6 14858/10/6
f 14857/9/6 14845/9/6 14858/9/6
f 14845/10/6 14846/10/6 14858/10/6
f 14858/10/6 14847/10/6 14859/10/6
f 14847/12/6 14848/12/6 14860/12/6
f 14859/10/6 14847/10/6 14860/10/6
f 14848/13/6 14849/13/6 14861/13/6
f 14860/12/6 14848/12/6 14861/12/6
f 14838/13/6 14850/13/6 14862/13/6
f 14851/10/6 14852/10/6 14863/10/6
f 14862/13/6 14850/13/6 14863/13/6
f 14850/10/6 14851/10/6 14863/10/6
f 14853/9/6 14854/9/6 14864/9/6
f 14863/10/6 14852/10/6 14864/10/6
f 14852/9/6 14853/9/6 14864/9/6
f 14856/2/6 14857/2/6 14865/2/6
f 14864/9/6 14854/9/6 14865/9/6
f 14854/2/6 14855/2/6 14865/2/6
f 14855/2/6 14856/2/6 14865/2/6
f 14865/2/6 14857/2/6 14866/2/6
f 14866/2/6 14857/2/6 14867/2/6
f 14858/9/6 14859/9/6 14868/9/6
f 14867/2/6 14857/2/6 14868/2/6
f 14857/9/6 14858/9/6 14868/9/6
f 14868/9/6 14859/9/6 14869/9/6
f 14859/10/6 14860/10/6 14870/10/6
f 14869/9/6 14859/9/6 14870/9/6
f 14860/10/6 14861/10/6 14870/10/6
f 14861/13/6 14849/13/6 14871/13/6
f 14870/10/6 14861/10/6 14871/10/6
f 14871/13/6 14849/13/6 14872/13/6
f 14863/9/6 14864/9/6 14873/9/6
f 14865/3/6 14866/3/6 14874/3/6
f 14873/9/6 14864/9/6 14874/9/6
f 14864/3/6 14865/3/6 14874/3/6
f 14874/3/6 14866/3/6 14875/3/6
f 14866/4/6 14867/4/6 14876/4/6
f 14875/3/6 14866/3/6 14876/3/6
f 14868/3/6 14869/3/6 14877/3/6
f 14876/4/6 14867/4/6 14877/4/6
f 14867/3/6 14868/3/6 14877/3/6
f 14877/3/6 14869/3/6 14878/3/6
f 14869/2/6 14870/2/6 14879/2/6
f 14870/9/6 14871/9/6 14879/9/6
f 14879/9/6 14871/9/6 14880/9/6
f 14862/11/6 14863/11/6 14881/11/6
f 14863/9/6 14873/9/6 14882/9/6
f 14881/11/6 14863/11/6 14882/11/6
f 14874/3/6 14875/3/6 14883/3/6
f 14875/7/6 14876/7/6 14884/7/6
f 14883/3/6 14875/3/6 14884/3/6
f 14877/7/6 14878/7/6 14884/7/6
f 14876/7/6 14877/7/6 14884/7/6
f 14884/7/6 14878/7/6 14885/7/6
f 14878/3/6 14869/3/6 14886/3/6
f 14885/7/6 14878/7/6 14886/7/6
f 14879/2/6 14880/2/6 14887/2/6
f 14886/3/6 14869/3/6 14887/3/6
f 14869/2/6 14879/2/6 14887/2/6
f 14887/2/6 14880/2/6 14888/2/6
f 14880/9/6 14871/9/6 14889/9/6
f 14871/11/6 14872/11/6 14889/11/6
f 14889/11/6 14872/11/6 14890/11/6
f 14882/9/6 14873/9/6 14891/9/6
f 14881/8/6 14882/8/6 14891/8/6
f 14873/2/6 14874/2/6 14892/2/6
f 14891/9/6 14873/9/6 14892/9/6
f 14884/4/6 14885/4/6 14893/4/6
f 14885/7/6 14886/7/6 14893/7/6
f 14886/7/6 14887/7/6 14893/7/6
f 14893/7/6 14887/7/6 14894/7/6
f 14888/2/6 14880/2/6 14895/2/6
f 14880/9/6 14889/9/6 14895/9/6
f 14889/8/6 14890/8/6 14896/8/6
f 14895/9/6 14889/9/6 14896/9/6
f 14881/8/6 14891/8/6 14897/8/6
f 14891/2/6 14892/2/6 14897/2/6
f 14892/2/6 14874/2/6 14898/2/6
f 14897/2/6 14892/2/6 14898/2/6
f 14883/7/6 14884/7/6 14899/7/6
f 14893/4/6 14894/4/6 14899/4/6
f 14884/4/6 14893/4/6 14899/4/6
f 14899/4/6 14894/4/6 14900/4/6
f 14900/4/6 14894/4/6 14901/4/6
f 14894/7/6 14887/7/6 14902/7/6
f 14901/4/6 14894/4/6 14902/4/6
f 14888/2/6 14895/2/6 14903/2/6
f 14895/2/6 14896/2/6 14903/2/6
f 14896/8/6 14890/8/6 14904/8/6
f 14903/2/6 14896/2/6 14904/2/6
f 14881/8/6 14897/8/6 14905/8/6
f 14897/9/6 14898/9/6 14906/9/6
f 14905/8/6 14897/8/6 14906/8/6
f 14874/3/6 14883/3/6 14907/3/6
f 14883/7/6 14899/7/6 14907/7/6
f 14899/7/6 14900/7/6 14907/7/6
f 14907/7/6 14900/7/6 14908/7/6
f 14902/7/6 14887/7/6 14909/7/6
f 14901/7/6 14902/7/6 14909/7/6
f 14887/3/6 14888/3/6 14910/3/6
f 14909/7/6 14887/7/6 14910/7/6
f 14888/2/6 14903/2/6 14911/2/6
f 14910/3/6 14888/3/6 14911/3/6
f 14904/8/6 14890/8/6 14912/8/6
f 14903/9/6 14904/9/6 14912/9/6
f 14912/8/6 14890/8/6 14913/8/6
f 14905/11/6 14906/11/6 14914/11/6
f 14906/9/6 14898/9/6 14915/9/6
f 14914/11/6 14906/11/6 14915/11/6
f 14898/2/6 14874/2/6 14916/2/6
f 14915/9/6 14898/9/6 14916/9/6
f 14907/3/6 14908/3/6 14917/3/6
f 14916/2/6 14874/2/6 14917/2/6
f 14874/3/6 14907/3/6 14917/3/6
f 14917/3/6 14908/3/6 14918/3/6
f 14908/7/6 14900/7/6 14919/7/6
f 14918/3/6 14908/3/6 14919/3/6
f 14900/4/6 14901/4/6 14920/4/6
f 14919/7/6 14900/7/6 14920/7/6
f 14901/7/6 14909/7/6 14921/7/6
f 14920/4/6 14901/4/6 14921/4/6
f 14909/3/6 14910/3/6 14922/3/6
f 14921/7/6 14909/7/6 14922/7/6
f 14911/2/6 14903/2/6 14923/2/6
f 14910/2/6 14911/2/6 14923/2/6
f 14903/9/6 14912/9/6 14924/9/6
f 14923/2/6 14903/2/6 14924/2/6
f 14912/11/6 14913/11/6 14925/11/6
f 14924/9/6 14912/9/6 14925/9/6
f 14925/11/6 14913/11/6 14926/11/6
f 14914/12/6 14915/12/6 14927/12/6
f 14915/10/6 14916/10/6 14928/10/6
f 14927/12/6 14915/12/6 14928/12/6
f 14916/9/6 14917/9/6 14929/9/6
f 14928/10/6 14916/10/6 14929/10/6
f 14917/2/6 14918/2/6 14930/2/6
f 14929/9/6 14917/9/6 14930/9/6
f 14918/3/6 14919/3/6 14931/3/6
f 14930/2/6 14918/2/6 14931/2/6
f 14920/3/6 14921/3/6 14931/3/6
f 14919/3/6 14920/3/6 14931/3/6
f 14921/3/6 14922/3/6 14931/3/6
f 14931/3/6 14922/3/6 14932/3/6
f 14922/3/6 14910/3/6 14933/3/6
f 14932/3/6 14922/3/6 14933/3/6
f 14910/2/6 14923/2/6 14934/2/6
f 14933/3/6 14910/3/6 14934/3/6
f 14923/9/6 14924/9/6 14935/9/6
f 14934/2/6 14923/2/6 14935/2/6
f 14924/10/6 14925/10/6 14936/10/6
f 14935/9/6 14924/9/6 14936/9/6
f 14925/12/6 14926/12/6 14937/12/6
f 14936/10/6 14925/10/6 14937/10/6
f 14937/12/6 14926/12/6 14938/12/6
f 14927/13/6 14928/13/6 14939/13/6
f 14929/10/6 14930/10/6 14940/10/6
f 14939/13/6 14928/13/6 14940/13/6
f 14928/10/6 14929/10/6 14940/10/6
f 14931/9/6 14932/9/6 14941/9/6
f 14940/10/6 14930/10/6 14941/10/6
f 14930/9/6 14931/9/6 14941/9/6
f 14932/2/6 14933/2/6 14942/2/6
f 14941/9/6 14932/9/6 14942/9/6
f 14934/9/6 14935/9/6 14943/9/6
f 14942/2/6 14933/2/6 14943/2/6
f 14933/9/6 14934/9/6 14943/9/6
f 14943/9/6 14935/9/6 14944/9/6
f 14935/10/6 14936/10/6 14945/10/6
f 14944/9/6 14935/9/6 14945/9/6
f 14936/10/6 14937/10/6 14945/10/6
f 14937/13/6 14938/13/6 14946/13/6
f 14945/10/6 14937/10/6 14946/10/6
f 14946/13/6 14938/13/6 14947/13/6
f 14939/14/6 14940/14/6 14948/14/6
f 14940/12/6 14941/12/6 14948/12/6
f 14941/10/6 14942/10/6 14949/10/6
f 14948/12/6 14941/12/6 14949/12/6
f 14949/10/6 14942/10/6 14950/10/6
f 14942/9/6 14943/9/6 14951/9/6
f 14950/10/6 14942/10/6 14951/10/6
f 14951/9/6 14943/9/6 14952/9/6
f 14952/9/6 14943/9/6 14953/9/6
f 14943/10/6 14944/10/6 14954/10/6
f 14953/9/6 14943/9/6 14954/9/6
f 14944/12/6 14945/12/6 14955/12/6
f 14954/10/6 14944/10/6 14955/10/6
f 14945/12/6 14946/12/6 14955/12/6
f 14955/12/6 14946/12/6 14956/12/6
f 14946/14/6 14947/14/6 14957/14/6
f 14956/12/6 14946/12/6 14957/12/6
f 14939/14/6 14948/14/6 14958/14/6
f 14948/13/6 14949/13/6 14959/13/6
f 14958/14/6 14948/14/6 14959/14/6
f 14949/12/6 14950/12/6 14960/12/6
f 14959/13/6 14949/13/6 14960/13/6
f 14951/11/6 14952/11/6 14961/11/6
f 14960/12/6 14950/12/6 14961/12/6
f 14950/11/6 14951/11/6 14961/11/6
f 14952/8/6 14953/8/6 14962/8/6
f 14961/11/6 14952/11/6 14962/11/6
f 14953/11/6 14954/11/6 14963/11/6
f 14962/8/6 14953/8/6 14963/8/6
f 14954/11/6 14955/11/6 14963/11/6
f 14955/12/6 14956/12/6 14964/12/6
f 14963/11/6 14955/11/6 14964/11/6
f 14956/13/6 14957/13/6 14965/13/6
f 14964/12/6 14956/12/6 14965/12/6
f 14957/14/6 14947/14/6 14966/14/6
f 14965/13/6 14957/13/6 14966/13/6
f 14966/14/6 14947/14/6 14967/14/6
f 14968/14/6 14969/14/6 14978/14/6
f 14969/13/6 14970/13/6 14979/13/6
f 14978/14/6 14969/14/6 14979/14/6
f 14970/12/6 14971/12/6 14980/12/6
f 14979/13/6 14970/13/6 14980/13/6
f 14980/12/6 14971/12/6 14981/12/6
f 14971/11/6 14972/11/6 14982/11/6
f 14981/12/6 14971/12/6 14982/12/6
f 14982/11/6 14972/11/6 14983/11/6
f 14972/8/6 14973/8/6 14984/8/6
f 14983/11/6 14972/11/6 14984/11/6
f 14973/11/6 14974/11/6 14985/11/6
f 14984/8/6 14973/8/6 14985/8/6
f 14985/11/6 14974/11/6 14986/11/6
f 14974/12/6 14975/12/6 14987/12/6
f 14986/11/6 14974/11/6 14987/11/6
f 14987/12/6 14975/12/6 14988/12/6
f 14975/13/6 14976/13/6 14989/13/6
f 14988/12/6 14975/12/6 14989/12/6
f 14976/14/6 14977/14/6 14990/14/6
f 14989/13/6 14976/13/6 14990/13/6
f 14990/14/6 14977/14/6 14991/14/6
f 14968/14/6 14978/14/6 14992/14/6
f 14978/13/6 14979/13/6 14993/13/6
f 14992/14/6 14978/14/6 14993/14/6
f 14980/12/6 14981/12/6 14994/12/6
f 14993/13/6 14979/13/6 14994/13/6
f 14979/12/6 14980/12/6 14994/12/6
f 14994/12/6 14981/12/6 14995/12/6
f 14982/10/6 14983/10/6 14996/10/6
f 14995/12/6 14981/12/6 14996/12/6
f 14981/10/6 14982/10/6 14996/10/6
f 14996/10/6 14983/10/6 14997/10/6
f 14983/9/6 14984/9/6 14998/9/6
f 14997/10/6 14983/10/6 14998/10/6
f 14985/9/6 14986/9/6 14998/9/6
f 14984/9/6 14985/9/6 14998/9/6
f 14998/9/6 14986/9/6 14999/9/6
f 14999/9/6 14986/9/6 15000/9/6
f 14987/10/6 14988/10/6 15001/10/6
f 15000/9/6 14986/9/6 15001/9/6
f 14986/10/6 14987/10/6 15001/10/6
f 15001/10/6 14988/10/6 15002/10/6
f 14988/12/6 14989/12/6 15003/12/6
f 15002/10/6 14988/10/6 15003/10/6
f 14989/12/6 14990/12/6 15003/12/6
f 15003/12/6 14990/12/6 15004/12/6
f 14990/13/6 14991/13/6 15005/13/6
f 15004/12/6 14990/12/6 15005/12/6
f 14991/14/6 14977/14/6 15006/14/6
f 15005/13/6 14991/13/6 15006/13/6
f 15006/14/6 14977/14/6 15007/14/6
f 14994/12/6 14995/12/6 15008/12/6
f 14993/12/6 14994/12/6 15008/12/6
f 14996/10/6 14997/10/6 15009/10/6
f 15008/12/6 14995/12/6 15009/12/6
f 14995/10/6 14996/10/6 15009/10/6
f 15009/10/6 14997/10/6 15010/10/6
f 14998/9/6 14999/9/6 15011/9/6
f 15010/10/6 14997/10/6 15011/10/6
f 14997/9/6 14998/9/6 15011/9/6
f 15011/9/6 14999/9/6 15012/9/6
f 14999/2/6 15000/2/6 15013/2/6
f 15012/9/6 14999/9/6 15013/9/6
f 15001/9/6 15002/9/6 15014/9/6
f 15013/2/6 15000/2/6 15014/2/6
f 15000/9/6 15001/9/6 15014/9/6
f 15014/9/6 15002/9/6 15015/9/6
f 15003/10/6 15004/10/6 15016/10/6
f 15015/9/6 15002/9/6 15016/9/6
f 15002/10/6 15003/10/6 15016/10/6
f 15016/10/6 15004/10/6 15017/10/6
f 15004/12/6 15005/12/6 15018/12/6
f 15017/10/6 15004/10/6 15018/10/6
f 15005/12/6 15006/12/6 15018/12/6
f 15018/12/6 15006/12/6 15019/12/6
f 14992/13/6 14993/13/6 15020/13/6
f 14993/12/6 15008/12/6 15021/12/6
f 15020/13/6 14993/13/6 15021/13/6
f 15009/10/6 15010/10/6 15022/10/6
f 15008/10/6 15009/10/6 15022/10/6
f 15011/9/6 15012/9/6 15023/9/6
f 15022/10/6 15010/10/6 15023/10/6
f 15010/9/6 15011/9/6 15023/9/6
f 15023/9/6 15012/9/6 15024/9/6
f 15012/2/6 15013/2/6 15025/2/6
f 15024/9/6 15012/9/6 15025/9/6
f 15014/2/6 15015/2/6 15025/2/6
f 15013/2/6 15014/2/6 15025/2/6
f 15025/2/6 15015/2/6 15026/2/6
f 15026/2/6 15015/2/6 15027/2/6
f 15016/9/6 15017/9/6 15028/9/6
f 15027/2/6 15015/2/6 15028/2/6
f 15015/9/6 15016/9/6 15028/9/6
f 15028/9/6 15017/9/6 15029/9/6
f 15018/10/6 15019/10/6 15030/10/6
f 15029/9/6 15017/9/6 15030/9/6
f 15017/10/6 15018/10/6 15030/10/6
f 15030/10/6 15019/10/6 15031/10/6
f 15019/12/6 15006/12/6 15032/12/6
f 15006/13/6 15007/13/6 15032/13/6
f 15032/13/6 15007/13/6 15033/13/6
f 15021/12/6 15008/12/6 15034/12/6
f 15020/12/6 15021/12/6 15034/12/6
f 15008/10/6 15022/10/6 15035/10/6
f 15034/12/6 15008/12/6 15035/12/6
f 15023/9/6 15024/9/6 15036/9/6
f 15022/9/6 15023/9/6 15036/9/6
f 15025/2/6 15026/2/6 15037/2/6
f 15036/9/6 15024/9/6 15037/9/6
f 15024/2/6 15025/2/6 15037/2/6
f 15037/2/6 15026/2/6 15038/2/6
f 15026/3/6 15027/3/6 15039/3/6
f 15038/2/6 15026/2/6 15039/2/6
f 15028/2/6 15029/2/6 15040/2/6
f 15039/3/6 15027/3/6 15040/3/6
f 15027/2/6 15028/2/6 15040/2/6
f 15040/2/6 15029/2/6 15041/2/6
f 15030/9/6 15031/9/6 15042/9/6
f 15041/2/6 15029/2/6 15042/2/6
f 15029/9/6 15030/9/6 15042/9/6
f 15042/9/6 15031/9/6 15043/9/6
f 15031/10/6 15019/10/6 15044/10/6
f 15032/12/6 15033/12/6 15044/12/6
f 15019/12/6 15032/12/6 15044/12/6
f 15044/12/6 15033/12/6 15045/12/6
f 15020/12/6 15034/12/6 15046/12/6
f 15034/10/6 15035/10/6 15047/10/6
f 15046/12/6 15034/12/6 15047/12/6
f 15035/10/6 15022/10/6 15048/10/6
f 15047/10/6 15035/10/6 15048/10/6
f 15022/9/6 15036/9/6 15049/9/6
f 15048/10/6 15022/10/6 15049/10/6
f 15037/2/6 15038/2/6 15050/2/6
f 15036/2/6 15037/2/6 15050/2/6
f 15040/3/6 15041/3/6 15051/3/6
f 15050/2/6 15038/2/6 15051/2/6
f 15038/3/6 15039/3/6 15051/3/6
f 15039/3/6 15040/3/6 15051/3/6
f 15051/3/6 15041/3/6 15052/3/6
f 15052/3/6 15041/3/6 15053/3/6
f 15053/3/6 15041/3/6 15054/3/6
f 15054/3/6 15041/3/6 15055/3/6
f 15042/2/6 15043/2/6 15056/2/6
f 15055/3/6 15041/3/6 15056/3/6
f 15041/2/6 15042/2/6 15056/2/6
f 15056/2/6 15043/2/6 15057/2/6
f 15043/9/6 15031/9/6 15058/9/6
f 15044/10/6 15045/10/6 15058/10/6
f 15031/10/6 15044/10/6 15058/10/6
f 15058/10/6 15045/10/6 15059/10/6
f 15045/12/6 15033/12/6 15060/12/6
f 15059/10/6 15045/10/6 15060/10/6
f 15060/12/6 15033/12/6 15061/12/6
f 15046/11/6 15047/11/6 15062/11/6
f 15047/10/6 15048/10/6 15062/10/6
f 15048/9/6 15049/9/6 15063/9/6
f 15062/10/6 15048/10/6 15063/10/6
f 15049/9/6 15036/9/6 15064/9/6
f 15063/9/6 15049/9/6 15064/9/6
f 15036/2/6 15050/2/6 15065/2/6
f 15064/9/6 15036/9/6 15065/9/6
f 15050/3/6 15051/3/6 15066/3/6
f 15051/3/6 15052/3/6 15066/3/6
f 15052/7/6 15053/7/6 15067/7/6
f 15066/3/6 15052/3/6 15067/3/6
f 15053/4/6 15054/4/6 15068/4/6
f 15067/7/6 15053/7/6 15068/7/6
f 15068/4/6 15054/4/6 15069/4/6
f 15054/7/6 15055/7/6 15070/7/6
f 15069/4/6 15054/4/6 15070/4/6
f 15056/3/6 15057/3/6 15071/3/6
f 15070/7/6 15055/7/6 15071/7/6
f 15055/3/6 15056/3/6 15071/3/6
f 15071/3/6 15057/3/6 15072/3/6
f 15057/2/6 15043/2/6 15073/2/6
f 15058/9/6 15059/9/6 15073/9/6
f 15043/9/6 15058/9/6 15073/9/6
f 15073/9/6 15059/9/6 15074/9/6
f 15059/10/6 15060/10/6 15075/10/6
f 15074/9/6 15059/9/6 15075/9/6
f 15060/11/6 15061/11/6 15076/11/6
f 15075/10/6 15060/10/6 15076/10/6
f 15046/11/6 15062/11/6 15077/11/6
f 15062/9/6 15063/9/6 15078/9/6
f 15077/11/6 15062/11/6 15078/11/6
f 15063/9/6 15064/9/6 15078/9/6
f 15065/2/6 15050/2/6 15079/2/6
f 15064/2/6 15065/2/6 15079/2/6
f 15050/3/6 15066/3/6 15080/3/6
f 15079/2/6 15050/2/6 15080/2/6
f 15080/3/6 15066/3/6 15081/3/6
f 15066/7/6 15067/7/6 15082/7/6
f 15081/3/6 15066/3/6 15082/3/6
f 15068/4/6 15069/4/6 15083/4/6
f 15082/7/6 15067/7/6 15083/7/6
f 15067/4/6 15068/4/6 15083/4/6
f 15069/7/6 15070/7/6 15084/7/6
f 15083/4/6 15069/4/6 15084/4/6
f 15070/4/6 15071/4/6 15085/4/6
f 15084/7/6 15070/7/6 15085/7/6
f 15072/3/6 15057/3/6 15086/3/6
f 15071/7/6 15072/7/6 15086/7/6
f 15086/3/6 15057/3/6 15087/3/6
f 15073/2/6 15074/2/6 15088/2/6
f 15087/3/6 15057/3/6 15088/3/6
f 15057/2/6 15073/2/6 15088/2/6
f 15088/2/6 15074/2/6 15089/2/6
f 15074/9/6 15075/9/6 15090/9/6
f 15075/9/6 15076/9/6 15090/9/6
f 15076/11/6 15061/11/6 15090/11/6
f 15090/11/6 15061/11/6 15091/11/6
f 15078/9/6 15064/9/6 15092/9/6
f 15064/2/6 15079/2/6 15093/2/6
f 15092/9/6 15064/9/6 15093/9/6
f 15084/4/6 15085/4/6 15094/4/6
f 15082/4/6 15083/4/6 15094/4/6
f 15083/4/6 15084/4/6 15094/4/6
f 15094/4/6 15085/4/6 15095/4/6
f 15095/4/6 15085/4/6 15096/4/6
f 15085/4/6 15071/4/6 15097/4/6
f 15096/4/6 15085/4/6 15097/4/6
f 15086/7/6 15087/7/6 15097/7/6
f 15071/7/6 15086/7/6 15097/7/6
f 15097/7/6 15087/7/6 15098/7/6
f 15089/2/6 15074/2/6 15099/2/6
f 15074/9/6 15090/9/6 15099/9/6
f 15099/9/6 15090/9/6 15100/9/6
f 15094/7/6 15095/7/6 15101/7/6
f 15082/4/6 15094/4/6 15101/4/6
f 15095/4/6 15096/4/6 15102/4/6
f 15101/7/6 15095/7/6 15102/7/6
f 15096/7/6 15097/7/6 15103/7/6
f 15102/4/6 15096/4/6 15103/4/6
f 15097/4/6 15098/4/6 15104/4/6
f 15103/7/6 15097/7/6 15104/7/6
f 15092/2/6 15093/2/6 15105/2/6
f 15078/9/6 15092/9/6 15105/9/6
f 15093/2/6 15079/2/6 15106/2/6
f 15105/2/6 15093/2/6 15106/2/6
f 15082/4/6 15101/4/6 15107/4/6
f 15081/7/6 15082/7/6 15107/7/6
f 15101/4/6 15102/4/6 15107/4/6
f 15107/4/6 15102/4/6 15108/4/6
f 15102/7/6 15103/7/6 15109/7/6
f 15108/4/6 15102/4/6 15109/4/6
f 15103/4/6 15104/4/6 15110/4/6
f 15109/7/6 15103/7/6 15110/7/6
f 15104/4/6 15098/4/6 15111/4/6
f 15110/4/6 15104/4/6 15111/4/6
f 15098/7/6 15087/7/6 15112/7/6
f 15111/4/6 15098/4/6 15112/4/6
f 15099/2/6 15100/2/6 15113/2/6
f 15089/2/6 15099/2/6 15113/2/6
f 15100/9/6 15090/9/6 15114/9/6
f 15113/2/6 15100/2/6 15114/2/6
f 15077/8/6 15078/8/6 15115/8/6
f 15078/9/6 15105/9/6 15116/9/6
f 15115/8/6 15078/8/6 15116/8/6
f 15105/9/6 15106/9/6 15116/9/6
f 15106/2/6 15079/2/6 15117/2/6
f 15080/3/6 15081/3/6 15117/3/6
f 15079/3/6 15080/3/6 15117/3/6
f 15117/3/6 15081/3/6 15118/3/6
f 15081/7/6 15107/7/6 15119/7/6
f 15118/3/6 15081/3/6 15119/3/6
f 15107/7/6 15108/7/6 15119/7/6
f 15119/7/6 15108/7/6 15120/7/6
f 15110/4/6 15111/4/6 15121/4/6
f 15120/7/6 15108/7/6 15121/7/6
f 15109/4/6 15110/4/6 15121/4/6
f 15108/4/6 15109/4/6 15121/4/6
f 15121/4/6 15111/4/6 15122/4/6
f 15122/4/6 15111/4/6 15123/4/6
f 15111/7/6 15112/7/6 15124/7/6
f 15123/4/6 15111/4/6 15124/4/6
f 15112/7/6 15087/7/6 15125/7/6
f 15124/7/6 15112/7/6 15125/7/6
f 15088/3/6 15089/3/6 15126/3/6
f 15125/7/6 15087/7/6 15126/7/6
f 15087/3/6 15088/3/6 15126/3/6
f 15126/3/6 15089/3/6 15127/3/6
f 15089/2/6 15113/2/6 15128/2/6
f 15127/3/6 15089/3/6 15128/3/6
f 15113/9/6 15114/9/6 15129/9/6
f 15114/9/6 15090/9/6 15129/9/6
f 15090/8/6 15091/8/6 15129/8/6
f 15129/8/6 15091/8/6 15130/8/6
f 15116/9/6 15106/9/6 15131/9/6
f 15115/11/6 15116/11/6 15131/11/6
f 15131/9/6 15106/9/6 15132/9/6
f 15117/2/6 15118/2/6 15133/2/6
f 15132/9/6 15106/9/6 15133/9/6
f 15106/2/6 15117/2/6 15133/2/6
f 15133/2/6 15118/2/6 15134/2/6
f 15119/3/6 15120/3/6 15135/3/6
f 15118/3/6 15119/3/6 15135/3/6
f 15121/7/6 15122/7/6 15135/7/6
f 15120/7/6 15121/7/6 15135/7/6
f 15135/7/6 15122/7/6 15136/7/6
f 15122/4/6 15123/4/6 15137/4/6
f 15136/7/6 15122/7/6 15137/7/6
f 15124/7/6 15125/7/6 15138/7/6
f 15137/4/6 15123/4/6 15138/4/6
f 15123/7/6 15124/7/6 15138/7/6
f 15138/7/6 15125/7/6 15139/7/6
f 15125/3/6 15126/3/6 15140/3/6
f 15139/7/6 15125/7/6 15140/7/6
f 15126/3/6 15127/3/6 15140/3/6
f 15128/2/6 15113/2/6 15141/2/6
f 15127/2/6 15128/2/6 15141/2/6
f 15113/9/6 15129/9/6 15142/9/6
f 15141/2/6 15113/2/6 15142/2/6
f 15142/9/6 15129/9/6 15143/9/6
f 15129/11/6 15130/11/6 15144/11/6
f 15143/9/6 15129/9/6 15144/9/6
f 15115/11/6 15131/11/6 15145/11/6
f 15131/10/6 15132/10/6 15146/10/6
f 15145/11/6 15131/11/6 15146/11/6
f 15133/9/6 15134/9/6 15147/9/6
f 15146/10/6 15132/10/6 15147/10/6
f 15132/9/6 15133/9/6 15147/9/6
f 15147/9/6 15134/9/6 15148/9/6
f 15134/2/6 15118/2/6 15149/2/6
f 15135/3/6 15136/3/6 15149/3/6
f 15118/3/6 15135/3/6 15149/3/6
f 15149/3/6 15136/3/6 15150/3/6
f 15136/7/6 15137/7/6 15151/7/6
f 15150/3/6 15136/3/6 15151/3/6
f 15138/7/6 15139/7/6 15151/7/6
f 15137/7/6 15138/7/6 15151/7/6
f 15139/3/6 15140/3/6 15152/3/6
f 15151/7/6 15139/7/6 15152/7/6
f 15140/3/6 15127/3/6 15153/3/6
f 15152/3/6 15140/3/6 15153/3/6
f 15127/2/6 15141/2/6 15154/2/6
f 15153/3/6 15127/3/6 15154/3/6
f 15142/9/6 15143/9/6 15155/9/6
f 15141/9/6 15142/9/6 15155/9/6
f 15143/10/6 15144/10/6 15156/10/6
f 15155/9/6 15143/9/6 15156/9/6
f 15144/11/6 15130/11/6 15157/11/6
f 15156/10/6 15144/10/6 15157/10/6
f 15157/11/6 15130/11/6 15158/11/6
f 15145/12/6 15146/12/6 15159/12/6
f 15147/10/6 15148/10/6 15159/10/6
f 15146/10/6 15147/10/6 15159/10/6
f 15159/10/6 15148/10/6 15160/10/6
f 15148/9/6 15134/9/6 15161/9/6
f 15149/2/6 15150/2/6 15161/2/6
f 15134/2/6 15149/2/6 15161/2/6
f 15161/2/6 15150/2/6 15162/2/6
f 15151/3/6 15152/3/6 15163/3/6
f 15162/2/6 15150/2/6 15163/2/6
f 15150/3/6 15151/3/6 15163/3/6
f 15152/3/6 15153/3/6 15163/3/6
f 15163/3/6 15153/3/6 15164/3/6
f 15164/3/6 15153/3/6 15165/3/6
f 15153/2/6 15154/2/6 15166/2/6
f 15165/3/6 15153/3/6 15166/3/6
f 15154/2/6 15141/2/6 15167/2/6
f 15166/2/6 15154/2/6 15167/2/6
f 15141/9/6 15155/9/6 15168/9/6
f 15167/2/6 15141/2/6 15168/2/6
f 15156/10/6 15157/10/6 15169/10/6
f 15155/10/6 15156/10/6 15169/10/6
f 15157/12/6 15158/12/6 15170/12/6
f 15169/10/6 15157/10/6 15170/10/6
f 15159/12/6 15160/12/6 15171/12/6
f 15145/12/6 15159/12/6 15171/12/6
f 15171/12/6 15160/12/6 15172/12/6
f 15160/10/6 15148/10/6 15173/10/6
f 15161/9/6 15162/9/6 15173/9/6
f 15148/9/6 15161/9/6 15173/9/6
f 15173/9/6 15162/9/6 15174/9/6
f 15162/2/6 15163/2/6 15175/2/6
f 15174/9/6 15162/9/6 15175/9/6
f 15163/2/6 15164/2/6 15175/2/6
f 15175/2/6 15164/2/6 15176/2/6
f 15164/3/6 15165/3/6 15177/3/6
f 15176/2/6 15164/2/6 15177/2/6
f 15166/2/6 15167/2/6 15178/2/6
f 15177/3/6 15165/3/6 15178/3/6
f 15165/2/6 15166/2/6 15178/2/6
f 15178/2/6 15167/2/6 15179/2/6
f 15167/9/6 15168/9/6 15180/9/6
f 15179/2/6 15167/2/6 15180/2/6
f 15168/9/6 15155/9/6 15181/9/6
f 15180/9/6 15168/9/6 15181/9/6
f 15155/10/6 15169/10/6 15182/10/6
f 15181/9/6 15155/9/6 15182/9/6
f 15170/12/6 15158/12/6 15183/12/6
f 15169/12/6 15170/12/6 15183/12/6
f 15183/12/6 15158/12/6 15184/12/6
f 15172/12/6 15160/12/6 15185/12/6
f 15173/10/6 15174/10/6 15185/10/6
f 15160/10/6 15173/10/6 15185/10/6
f 15185/10/6 15174/10/6 15186/10/6
f 15174/9/6 15175/9/6 15187/9/6
f 15186/10/6 15174/10/6 15187/10/6
f 15175/9/6 15176/9/6 15187/9/6
f 15187/9/6 15176/9/6 15188/9/6
f 15176/2/6 15177/2/6 15189/2/6
f 15188/9/6 15176/9/6 15189/9/6
f 15178/2/6 15179/2/6 15189/2/6
f 15177/2/6 15178/2/6 15189/2/6
f 15189/2/6 15179/2/6 15190/2/6
f 15190/2/6 15179/2/6 15191/2/6
f 15180/9/6 15181/9/6 15192/9/6
f 15191/2/6 15179/2/6 15192/2/6
f 15179/9/6 15180/9/6 15192/9/6
f 15192/9/6 15181/9/6 15193/9/6
f 15181/10/6 15182/10/6 15194/10/6
f 15193/9/6 15181/9/6 15194/9/6
f 15182/10/6 15169/10/6 15195/10/6
f 15194/10/6 15182/10/6 15195/10/6
f 15169/12/6 15183/12/6 15196/12/6
f 15195/10/6 15169/10/6 15196/10/6
f 15171/13/6 15172/13/6 15197/13/6
f 15185/12/6 15186/12/6 15198/12/6
f 15197/13/6 15172/13/6 15198/13/6
f 15172/12/6 15185/12/6 15198/12/6
f 15198/12/6 15186/12/6 15199/12/6
f 15187/10/6 15188/10/6 15200/10/6
f 15199/12/6 15186/12/6 15200/12/6
f 15186/10/6 15187/10/6 15200/10/6
f 15200/10/6 15188/10/6 15201/10/6
f 15189/9/6 15190/9/6 15202/9/6
f 15201/10/6 15188/10/6 15202/10/6
f 15188/9/6 15189/9/6 15202/9/6
f 15202/9/6 15190/9/6 15203/9/6
f 15190/2/6 15191/2/6 15204/2/6
f 15203/9/6 15190/9/6 15204/9/6
f 15192/9/6 15193/9/6 15205/9/6
f 15204/2/6 15191/2/6 15205/2/6
f 15191/9/6 15192/9/6 15205/9/6
f 15205/9/6 15193/9/6 15206/9/6
f 15193/10/6 15194/10/6 15207/10/6
f 15206/9/6 15193/9/6 15207/9/6
f 15194/10/6 15195/10/6 15207/10/6
f 15207/10/6 15195/10/6 15208/10/6
f 15195/12/6 15196/12/6 15209/12/6
f 15208/10/6 15195/10/6 15209/10/6
f 15196/12/6 15183/12/6 15210/12/6
f 15209/12/6 15196/12/6 15210/12/6
f 15183/13/6 15184/13/6 15211/13/6
f 15210/12/6 15183/12/6 15211/12/6
f 15211/13/6 15184/13/6 15212/13/6
f 15198/13/6 15199/13/6 15213/13/6
f 15197/14/6 15198/14/6 15213/14/6
f 15200/12/6 15201/12/6 15214/12/6
f 15213/13/6 15199/13/6 15214/13/6
f 15199/12/6 15200/12/6 15214/12/6
f 15214/12/6 15201/12/6 15215/12/6
f 15202/10/6 15203/10/6 15216/10/6
f 15215/12/6 15201/12/6 15216/12/6
f 15201/10/6 15202/10/6 15216/10/6
f 15216/10/6 15203/10/6 15217/10/6
f 15205/9/6 15206/9/6 15218/9/6
f 15217/10/6 15203/10/6 15218/10/6
f 15203/9/6 15204/9/6 15218/9/6
f 15204/9/6 15205/9/6 15218/9/6
f 15218/9/6 15206/9/6 15219/9/6
f 15219/9/6 15206/9/6 15220/9/6
f 15207/10/6 15208/10/6 15221/10/6
f 15220/9/6 15206/9/6 15221/9/6
f 15206/10/6 15207/10/6 15221/10/6
f 15221/10/6 15208/10/6 15222/10/6
f 15208/12/6 15209/12/6 15223/12/6
f 15222/10/6 15208/10/6 15223/10/6
f 15209/12/6 15210/12/6 15223/12/6
f 15223/12/6 15210/12/6 15224/12/6
f 15210/13/6 15211/13/6 15225/13/6
f 15224/12/6 15210/12/6 15225/12/6
f 15211/14/6 15212/14/6 15226/14/6
f 15225/13/6 15211/13/6 15226/13/6
f 15197/14/6 15213/14/6 15227/14/6
f 15213/14/6 15214/14/6 15227/14/6
f 15214/13/6 15215/13/6 15228/13/6
f 15227/14/6 15214/14/6 15228/14/6
f 15216/12/6 15217/12/6 15229/12/6
f 15228/13/6 15215/13/6 15229/13/6
f 15215/12/6 15216/12/6 15229/12/6
f 15218/11/6 15219/11/6 15230/11/6
f 15229/12/6 15217/12/6 15230/12/6
f 15217/11/6 15218/11/6 15230/11/6
f 15219/8/6 15220/8/6 15231/8/6
f 15230/11/6 15219/11/6 15231/11/6
f 15221/11/6 15222/11/6 15232/11/6
f 15231/8/6 15220/8/6 15232/8/6
f 15220/11/6 15221/11/6 15232/11/6
f 15222/12/6 15223/12/6 15233/12/6
f 15232/11/6 15222/11/6 15233/11/6
f 15223/12/6 15224/12/6 15233/12/6
f 15224/13/6 15225/13/6 15234/13/6
f 15233/12/6 15224/12/6 15234/12/6
f 15225/14/6 15226/14/6 15235/14/6
f 15234/13/6 15225/13/6 15235/13/6
f 15226/14/6 15212/14/6 15236/14/6
f 15235/14/6 15226/14/6 15236/14/6
