# MagicaVoxel @ Ephtracy

# group
o 

# material
mtllib target.mtl
usemtl palette

# normals
vn -1 0 0
vn 1 0 0
vn 0 0 1
vn 0 0 -1
vn 0 -1 0
vn 0 1 0

# texcoords
vt 0.158203 0.5
vt 0.166016 0.5
vt 0.669922 0.5
vt 0.720703 0.5
vt 0.744141 0.5
vt 0.748047 0.5
vt 0.994141 0.5

# verts
v -2 3.5 0.2
v -2 3.5 -0.2
v -2 4.3 0.2
v -2 4.3 -0.2
v -1.9 -0.3 0.5
v -1.9 -0.3 0.2
v -1.9 -0.2 0.5
v -1.9 -0.2 0.2
v -1.9 -0.1 0.5
v -1.9 -0.1 0.2
v -1.9 3.1 0.2
v -1.9 3.1 -0.2
v -1.9 3.5 0.2
v -1.9 3.5 -0.2
v -1.9 4.3 0.2
v -1.9 4.3 -0.2
v -1.9 4.7 0.2
v -1.9 4.7 -0.2
v -1.8 2.9 0.2
v -1.8 2.9 -0.2
v -1.8 3.1 0.2
v -1.8 3.1 -0.2
v -1.8 4.7 0.2
v -1.8 4.7 -0.2
v -1.8 4.9 0.2
v -1.8 4.9 -0.2
v -1.7 -0.1 0.5
v -1.7 -0.1 0.4
v -1.7 -0.1 0.2
v -1.7 0.1 0.5
v -1.7 0.1 0.4
v -1.7 0.2 0.5
v -1.7 0.2 0.4
v -1.7 0.2 0.2
v -1.7 2.8 0.2
v -1.7 2.8 -0.2
v -1.7 2.9 0.2
v -1.7 2.9 -0.2
v -1.7 4.9 0.2
v -1.7 4.9 -0.2
v -1.7 5 0.2
v -1.7 5 -0.2
v -1.6 0.2 0.5
v -1.6 0.2 0.4
v -1.6 0.2 0.2
v -1.6 0.5 0.5
v -1.6 0.5 0.4
v -1.6 0.5 0.2
v -1.6 2.6 0.2
v -1.6 2.6 -0.2
v -1.6 2.8 0.2
v -1.6 2.8 -0.2
v -1.6 5 0.2
v -1.6 5 -0.2
v -1.6 5.2 0.2
v -1.6 5.2 -0.2
v -1.5 0.5 0.5
v -1.5 0.5 0.4
v -1.5 0.5 0.2
v -1.5 0.7 0.4
v -1.5 0.7 0.3
v -1.5 0.8 0.5
v -1.5 0.8 0.3
v -1.5 0.8 0.2
v -1.5 2.5 0.2
v -1.5 2.5 -0.2
v -1.5 2.6 0.2
v -1.5 2.6 -0.2
v -1.5 5.2 0.2
v -1.5 5.2 -0.2
v -1.5 5.3 0.2
v -1.5 5.3 -0.2
v -1.4 0.8 0.5
v -1.4 0.8 0.3
v -1.4 0.8 0.2
v -1.4 1 0.5
v -1.4 1 0.3
v -1.4 1 0.2
v -1.4 2.4 0.2
v -1.4 2.4 -0.2
v -1.4 2.5 0.2
v -1.4 2.5 -0.2
v -1.4 5.3 0.2
v -1.4 5.3 -0.2
v -1.4 5.4 0.2
v -1.4 5.4 -0.2
v -1.3 1 0.5
v -1.3 1 0.3
v -1.3 1 0.2
v -1.3 1.1 0.3
v -1.3 1.1 0.2
v -1.3 1.2 0.4
v -1.3 1.2 0.3
v -1.3 1.3 0.5
v -1.3 1.3 0.4
v -1.3 1.3 0.3
v -1.3 1.3 0.2
v -1.3 2.3 0.2
v -1.3 2.3 -0.2
v -1.3 2.4 0.2
v -1.3 2.4 -0.2
v -1.3 5.4 0.2
v -1.3 5.4 -0.2
v -1.3 5.5 0.2
v -1.3 5.5 -0.2
v -1.2 1.3 0.5
v -1.2 1.3 0.4
v -1.2 1.3 0.3
v -1.2 1.3 0.2
v -1.2 1.4 0.4
v -1.2 1.4 0.3
v -1.2 1.6 0.5
v -1.2 1.6 0.4
v -1.2 1.6 0.3
v -1.2 1.6 0.2
v -1.1 1.6 0.5
v -1.1 1.6 0.4
v -1.1 1.6 0.3
v -1.1 1.6 0.2
v -1.1 1.7 0.3
v -1.1 1.7 0.2
v -1.1 1.8 0.4
v -1.1 1.8 0.2
v -1.1 1.9 0.5
v -1.1 1.9 0.4
v -1.1 1.9 0.2
v -1.1 2.1 0.2
v -1.1 2.1 -0.2
v -1.1 2.3 0.2
v -1.1 2.3 -0.2
v -1.1 5.5 0.2
v -1.1 5.5 -0.2
v -1.1 5.6 0.2
v -1.1 5.6 -0.2
v -1 1.9 0.5
v -1 1.9 0.4
v -1 1.9 0.2
v -1 2.1 0.2
v -1 2.2 0.5
v -1 2.2 0.4
v -1 2.3 0.5
v -1 2.3 0.2
v -1 5.6 0.2
v -1 5.6 -0.2
v -1 5.7 0.2
v -1 5.7 -0.2
v -0.9 2.3 0.5
v -0.9 2.3 0.4
v -0.9 2.3 0.2
v -0.9 2.4 0.5
v -0.9 2.4 0.4
v -0.9 2.6 0.5
v -0.9 2.6 0.2
v -0.8 2 0.2
v -0.8 2 -0.2
v -0.8 2.1 0.2
v -0.8 2.1 -0.2
v -0.8 2.6 0.5
v -0.8 2.6 0.4
v -0.8 2.6 0.2
v -0.8 2.9 0.5
v -0.8 2.9 0.4
v -0.8 2.9 0.2
v -0.8 5.7 0.2
v -0.8 5.7 -0.2
v -0.8 5.8 0.2
v -0.8 5.8 -0.2
v -0.7 2.9 0.5
v -0.7 2.9 0.4
v -0.7 2.9 0.3
v -0.7 2.9 0.2
v -0.7 3 0.2
v -0.7 3.1 0.5
v -0.7 3.1 0.4
v -0.7 3.2 0.5
v -0.7 3.2 0.3
v -0.7 3.2 0.2
v -0.6 3.2 0.5
v -0.6 3.2 0.4
v -0.6 3.2 0.3
v -0.6 3.2 0.2
v -0.6 3.3 0.5
v -0.6 3.3 0.4
v -0.6 3.4 0.5
v -0.6 3.4 0.3
v -0.6 3.4 0.2
v -0.5 3.4 0.5
v -0.5 3.4 0.3
v -0.5 3.4 0.2
v -0.5 3.5 0.5
v -0.5 3.5 0.3
v -0.5 3.5 0.2
v -0.4 1.9 0.2
v -0.4 1.9 -0.2
v -0.4 2 0.2
v -0.4 2 -0.2
v -0.4 3.5 0.5
v -0.4 3.5 0.3
v -0.4 3.5 0.2
v -0.4 3.6 0.5
v -0.4 3.6 0.4
v -0.4 3.7 0.4
v -0.4 3.7 0.2
v -0.4 5.8 0.2
v -0.4 5.8 -0.2
v -0.4 5.9 0.2
v -0.4 5.9 -0.2
v -0.3 3.6 0.5
v -0.3 3.6 0.4
v -0.3 3.7 0.5
v -0.3 3.7 0.4
v -0.3 3.7 0.2
v -0.3 3.8 0.4
v -0.3 3.8 0.2
v -0.2 -0.1 1.5
v -0.2 -0.1 1.4
v -0.2 -0.1 1.3
v -0.2 0.2 1.5
v -0.2 0.2 1.4
v -0.2 0.2 1.3
v -0.2 0.2 1.2
v -0.2 0.3 1.3
v -0.2 0.3 1.2
v -0.2 0.4 1.3
v -0.2 0.4 1.2
v -0.2 0.6 1.4
v -0.2 0.6 1.3
v -0.2 0.6 1.2
v -0.2 0.6 1.1
v -0.2 1 1.3
v -0.2 1 1.2
v -0.2 1 1.1
v -0.2 1 1
v -0.2 1.2 1.1
v -0.2 1.2 1
v -0.2 1.4 1.2
v -0.2 1.4 1.1
v -0.2 1.5 1.2
v -0.2 1.5 1.1
v -0.2 1.5 1
v -0.2 1.5 0.9
v -0.2 1.6 1
v -0.2 1.6 0.9
v -0.2 1.9 1.1
v -0.2 1.9 1
v -0.2 2 1.1
v -0.2 2 1
v -0.2 2 0.9
v -0.2 2 0.8
v -0.2 2.3 1
v -0.2 2.3 0.8
v -0.2 2.5 1
v -0.2 2.5 0.9
v -0.2 2.5 0.8
v -0.2 2.5 0.7
v -0.2 2.9 0.9
v -0.2 2.9 0.8
v -0.2 2.9 0.7
v -0.2 2.9 0.6
v -0.2 3.2 0.8
v -0.2 3.2 0.7
v -0.2 3.2 0.6
v -0.2 3.2 0.5
v -0.2 3.4 0.5
v -0.2 3.5 0.7
v -0.2 3.5 0.6
v -0.2 3.5 0.5
v -0.2 3.7 0.6
v -0.2 3.7 0.5
v -0.2 3.8 0.3
v -0.2 3.8 0.2
v -0.2 4.1 0.2
v -0.2 4.2 0.3
v -0.2 4.2 0.2
v 0.2 3.2 0.5
v 0.2 3.2 0.4
v 0.2 3.2 0.2
v 0.2 3.3 0.5
v 0.2 3.3 0.4
v 0.2 3.5 0.5
v 0.2 3.5 0.3
v 0.2 3.6 0.2
v 0.2 3.7 0.3
v 0.2 3.7 0.2
v 0.4 2.9 0.5
v 0.4 2.9 0.2
v 0.4 3.2 0.5
v 0.4 3.2 0.2
v 0.5 2.6 0.5
v 0.5 2.6 0.2
v 0.5 2.8 0.2
v 0.5 2.9 0.5
v 0.5 2.9 0.2
v 0.6 2.3 0.5
v 0.6 2.3 0.2
v 0.6 2.4 0.5
v 0.6 2.4 0.4
v 0.6 2.4 0.2
v 0.6 2.6 0.5
v 0.6 2.6 0.4
v 0.6 2.6 0.2
v 0.7 1.9 0.5
v 0.7 1.9 0.2
v 0.7 2 0.2
v 0.7 2.2 0.5
v 0.7 2.2 0.4
v 0.7 2.3 0.5
v 0.7 2.3 0.4
v 0.7 2.3 0.2
v 0.8 1.6 0.5
v 0.8 1.6 0.2
v 0.8 1.7 0.4
v 0.8 1.7 0.2
v 0.8 1.9 0.5
v 0.8 1.9 0.4
v 0.8 1.9 0.2
v 0.9 1.3 0.5
v 0.9 1.3 0.3
v 0.9 1.3 0.2
v 0.9 1.6 0.5
v 0.9 1.6 0.3
v 0.9 1.6 0.2
v 1 1 0.5
v 1 1 0.3
v 1 1 0.2
v 1 1.2 0.5
v 1 1.2 0.4
v 1 1.3 0.5
v 1 1.3 0.4
v 1 1.3 0.3
v 1 1.3 0.2
v 1.1 0.8 0.5
v 1.1 0.8 0.3
v 1.1 0.8 0.2
v 1.1 0.9 0.5
v 1.1 0.9 0.4
v 1.1 0.9 0.3
v 1.1 0.9 0.2
v 1.1 1 0.5
v 1.1 1 0.4
v 1.1 1 0.3
v 1.1 1 0.2
v 1.2 0.5 0.5
v 1.2 0.5 0.3
v 1.2 0.5 0.2
v 1.2 0.6 0.5
v 1.2 0.6 0.4
v 1.2 0.7 0.3
v 1.2 0.7 0.2
v 1.2 0.8 0.5
v 1.2 0.8 0.4
v 1.2 0.8 0.3
v 1.2 0.8 0.2
v 1.3 0.2 0.5
v 1.3 0.2 0.2
v 1.3 0.3 0.3
v 1.3 0.3 0.2
v 1.3 0.4 0.5
v 1.3 0.4 0.4
v 1.3 0.5 0.5
v 1.3 0.5 0.4
v 1.3 0.5 0.3
v 1.3 0.5 0.2
v 1.4 -0.1 0.5
v 1.4 -0.1 0.2
v 1.4 0.1 0.5
v 1.4 0.1 0.4
v 1.4 0.2 0.5
v 1.4 0.2 0.4
v 1.4 0.2 0.2
v 1.5 -0.3 0.5
v 1.5 -0.3 0.2
v 1.5 -0.1 0.5
v 1.5 -0.1 0.2
v -1.5 -0.3 0.5
v -1.5 -0.3 0.2
v -1.5 -0.2 0.3
v -1.5 -0.2 0.2
v -1.5 -0.1 0.5
v -1.5 -0.1 0.3
v -1.5 -0.1 0.2
v -1.4 -0.1 0.5
v -1.4 -0.1 0.2
v -1.4 0.1 0.5
v -1.4 0.1 0.4
v -1.4 0.1 0.3
v -1.4 0.1 0.2
v -1.4 0.2 0.5
v -1.4 0.2 0.4
v -1.4 0.2 0.3
v -1.4 0.2 0.2
v -1.3 0.2 0.5
v -1.3 0.2 0.2
v -1.3 0.3 0.5
v -1.3 0.3 0.4
v -1.3 0.4 0.3
v -1.3 0.4 0.2
v -1.3 0.5 0.5
v -1.3 0.5 0.4
v -1.3 0.5 0.3
v -1.3 0.5 0.2
v -1.2 0.5 0.5
v -1.2 0.5 0.4
v -1.2 0.5 0.2
v -1.2 0.7 0.5
v -1.2 0.7 0.4
v -1.2 0.7 0.3
v -1.2 0.7 0.2
v -1.2 0.8 0.5
v -1.2 0.8 0.4
v -1.2 0.8 0.3
v -1.2 0.8 0.2
v -1.1 0.8 0.5
v -1.1 0.8 0.4
v -1.1 0.8 0.2
v -1.1 0.9 0.3
v -1.1 0.9 0.2
v -1.1 1 0.5
v -1.1 1 0.4
v -1.1 1 0.3
v -1.1 1 0.2
v -1 1 0.5
v -1 1 0.2
v -1 1.1 0.5
v -1 1.1 0.4
v -1 1.2 0.3
v -1 1.2 0.2
v -1 1.3 0.5
v -1 1.3 0.4
v -1 1.3 0.3
v -1 1.3 0.2
v -0.9 1.3 0.5
v -0.9 1.3 0.4
v -0.9 1.3 0.2
v -0.9 1.4 0.3
v -0.9 1.4 0.2
v -0.9 1.5 0.5
v -0.9 1.5 0.4
v -0.9 1.6 0.5
v -0.9 1.6 0.3
v -0.9 1.6 0.2
v -0.8 1.6 0.5
v -0.8 1.6 0.2
v -0.8 1.7 0.3
v -0.8 1.7 0.2
v -0.8 1.9 0.5
v -0.8 1.9 0.4
v -0.8 1.9 0.3
v -0.8 1.9 0.2
v -0.7 1.9 0.5
v -0.7 1.9 0.4
v -0.7 1.9 0.2
v -0.7 2 0.5
v -0.7 2 0.4
v -0.7 2 0.2
v -0.7 2.3 0.5
v -0.7 2.3 0.2
v -0.6 2.3 0.5
v -0.6 2.3 0.2
v -0.6 2.4 0.2
v -0.6 2.5 0.5
v -0.6 2.5 0.4
v -0.6 2.6 0.5
v -0.6 2.6 0.4
v -0.6 2.6 0.2
v -0.5 2.6 0.5
v -0.5 2.6 0.2
v -0.5 2.7 0.5
v -0.5 2.7 0.4
v -0.5 2.8 0.2
v -0.5 2.9 0.5
v -0.5 2.9 0.4
v -0.5 2.9 0.2
v -0.4 2.9 0.5
v -0.4 2.9 0.2
v -0.4 3 0.5
v -0.4 3 0.4
v -0.4 3.2 0.5
v -0.4 3.2 0.4
v -0.4 3.2 0.2
v -0.2 3.2 0.5
v -0.2 3.2 0.2
v -0.2 3.4 0.5
v -0.2 3.4 0.4
v -0.2 3.5 0.5
v -0.2 3.5 0.4
v -0.2 3.5 0.3
v -0.2 3.6 0.2
v -0.2 3.7 0.3
v -0.2 3.7 0.2
v 0.2 -0.1 1.5
v 0.2 -0.1 1.4
v 0.2 -0.1 1.3
v 0.2 0.2 1.5
v 0.2 0.2 1.4
v 0.2 0.2 1.3
v 0.2 0.2 1.2
v 0.2 0.4 1.3
v 0.2 0.4 1.2
v 0.2 0.6 1.4
v 0.2 0.6 1.3
v 0.2 0.6 1.2
v 0.2 0.6 1.1
v 0.2 0.7 1.2
v 0.2 0.7 1.1
v 0.2 1 1.3
v 0.2 1 1.2
v 0.2 1 1.1
v 0.2 1 1
v 0.2 1.1 1.1
v 0.2 1.1 1
v 0.2 1.3 1.2
v 0.2 1.3 1
v 0.2 1.5 1.2
v 0.2 1.5 1.1
v 0.2 1.5 1
v 0.2 1.5 0.9
v 0.2 1.9 1
v 0.2 1.9 0.9
v 0.2 2 1.1
v 0.2 2 1
v 0.2 2 0.9
v 0.2 2 0.8
v 0.2 2.4 1
v 0.2 2.4 0.8
v 0.2 2.5 1
v 0.2 2.5 0.9
v 0.2 2.5 0.8
v 0.2 2.5 0.7
v 0.2 2.6 0.9
v 0.2 2.6 0.7
v 0.2 2.9 0.9
v 0.2 2.9 0.8
v 0.2 2.9 0.7
v 0.2 2.9 0.6
v 0.2 3.2 0.8
v 0.2 3.2 0.7
v 0.2 3.2 0.6
v 0.2 3.2 0.5
v 0.2 3.3 0.5
v 0.2 3.5 0.7
v 0.2 3.5 0.6
v 0.2 3.5 0.5
v 0.2 3.6 0.5
v 0.2 3.7 0.6
v 0.2 3.7 0.5
v 0.2 3.8 0.3
v 0.2 3.8 0.2
v 0.2 4 0.3
v 0.2 4 0.2
v 0.2 4.1 0.2
v 0.2 4.2 0.3
v 0.2 4.2 0.2
v 0.3 3.6 0.5
v 0.3 3.6 0.4
v 0.3 3.7 0.5
v 0.3 3.7 0.4
v 0.3 3.7 0.2
v 0.3 3.8 0.4
v 0.3 3.8 0.2
v 0.4 1.9 0.2
v 0.4 1.9 -0.2
v 0.4 2 0.2
v 0.4 2 -0.2
v 0.4 3.5 0.5
v 0.4 3.5 0.4
v 0.4 3.5 0.2
v 0.4 3.6 0.5
v 0.4 3.6 0.4
v 0.4 3.7 0.4
v 0.4 3.7 0.2
v 0.4 5.8 0.2
v 0.4 5.8 -0.2
v 0.4 5.9 0.2
v 0.4 5.9 -0.2
v 0.5 3.4 0.5
v 0.5 3.4 0.2
v 0.5 3.5 0.5
v 0.5 3.5 0.2
v 0.6 3.2 0.5
v 0.6 3.2 0.2
v 0.6 3.4 0.5
v 0.6 3.4 0.2
v 0.7 2.9 0.5
v 0.7 2.9 0.4
v 0.7 2.9 0.2
v 0.7 3 0.5
v 0.7 3 0.4
v 0.7 3 0.2
v 0.7 3.2 0.5
v 0.7 3.2 0.2
v 0.8 2 0.2
v 0.8 2 -0.2
v 0.8 2.1 0.2
v 0.8 2.1 -0.2
v 0.8 2.6 0.5
v 0.8 2.6 0.2
v 0.8 2.9 0.5
v 0.8 2.9 0.2
v 0.8 5.7 0.2
v 0.8 5.7 -0.2
v 0.8 5.8 0.2
v 0.8 5.8 -0.2
v 0.9 2.3 0.5
v 0.9 2.3 0.2
v 0.9 2.6 0.5
v 0.9 2.6 0.2
v 1 1.9 0.5
v 1 1.9 0.4
v 1 1.9 0.3
v 1 1.9 0.2
v 1 2 0.3
v 1 2 0.2
v 1 2.1 0.5
v 1 2.1 0.4
v 1 2.1 0.2
v 1 2.1 -0.2
v 1 2.2 0.4
v 1 2.2 0.3
v 1 2.2 0.2
v 1 2.2 -0.2
v 1 2.3 0.5
v 1 2.3 0.2
v 1 5.6 0.2
v 1 5.6 -0.2
v 1 5.7 0.2
v 1 5.7 -0.2
v 1.1 1.6 0.5
v 1.1 1.6 0.4
v 1.1 1.6 0.3
v 1.1 1.6 0.2
v 1.1 1.7 0.5
v 1.1 1.7 0.4
v 1.1 1.7 0.3
v 1.1 1.8 0.3
v 1.1 1.8 0.2
v 1.1 1.9 0.5
v 1.1 1.9 0.4
v 1.1 1.9 0.3
v 1.1 1.9 0.2
v 1.1 2.2 0.2
v 1.1 2.2 -0.2
v 1.1 2.3 0.2
v 1.1 2.3 -0.2
v 1.1 5.5 0.2
v 1.1 5.5 -0.2
v 1.1 5.6 0.2
v 1.1 5.6 -0.2
v 1.2 1.3 0.5
v 1.2 1.3 0.2
v 1.2 1.5 0.5
v 1.2 1.5 0.4
v 1.2 1.6 0.5
v 1.2 1.6 0.4
v 1.2 1.6 0.2
v 1.3 1 0.5
v 1.3 1 0.3
v 1.3 1 0.2
v 1.3 1.2 0.5
v 1.3 1.2 0.3
v 1.3 1.3 0.5
v 1.3 1.3 0.2
v 1.3 2.3 0.2
v 1.3 2.3 -0.2
v 1.3 2.4 0.2
v 1.3 2.4 -0.2
v 1.3 5.4 0.2
v 1.3 5.4 -0.2
v 1.3 5.5 0.2
v 1.3 5.5 -0.2
v 1.4 0.8 0.5
v 1.4 0.8 0.3
v 1.4 0.8 0.2
v 1.4 1 0.5
v 1.4 1 0.3
v 1.4 1 0.2
v 1.4 2.4 0.2
v 1.4 2.4 -0.2
v 1.4 2.5 0.2
v 1.4 2.5 -0.2
v 1.4 5.3 0.2
v 1.4 5.3 -0.2
v 1.4 5.4 0.2
v 1.4 5.4 -0.2
v 1.5 0.5 0.5
v 1.5 0.5 0.3
v 1.5 0.5 0.2
v 1.5 0.6 0.5
v 1.5 0.6 0.4
v 1.5 0.6 0.3
v 1.5 0.6 0.2
v 1.5 0.7 0.4
v 1.5 0.7 0.3
v 1.5 0.8 0.5
v 1.5 0.8 0.3
v 1.5 0.8 0.2
v 1.5 2.5 0.2
v 1.5 2.5 -0.2
v 1.5 2.6 0.2
v 1.5 2.6 -0.2
v 1.5 5.2 0.2
v 1.5 5.2 -0.2
v 1.5 5.3 0.2
v 1.5 5.3 -0.2
v 1.6 0.2 0.5
v 1.6 0.2 0.2
v 1.6 0.3 0.5
v 1.6 0.3 0.4
v 1.6 0.4 0.4
v 1.6 0.4 0.3
v 1.6 0.5 0.5
v 1.6 0.5 0.3
v 1.6 0.5 0.2
v 1.6 2.6 0.2
v 1.6 2.6 -0.2
v 1.6 2.8 0.2
v 1.6 2.8 -0.2
v 1.6 5 0.2
v 1.6 5 -0.2
v 1.6 5.2 0.2
v 1.6 5.2 -0.2
v 1.7 -0.1 0.5
v 1.7 -0.1 0.4
v 1.7 -0.1 0.3
v 1.7 -0.1 0.2
v 1.7 0 0.5
v 1.7 0 0.4
v 1.7 0 0.3
v 1.7 0 0.2
v 1.7 0.2 0.5
v 1.7 0.2 0.2
v 1.7 2.8 0.2
v 1.7 2.8 -0.2
v 1.7 2.9 0.2
v 1.7 2.9 -0.2
v 1.7 4.9 0.2
v 1.7 4.9 -0.2
v 1.7 5 0.2
v 1.7 5 -0.2
v 1.8 2.9 0.2
v 1.8 2.9 -0.2
v 1.8 3.1 0.2
v 1.8 3.1 -0.2
v 1.8 4.7 0.2
v 1.8 4.7 -0.2
v 1.8 4.9 0.2
v 1.8 4.9 -0.2
v 1.9 -0.3 0.5
v 1.9 -0.3 0.2
v 1.9 -0.2 0.4
v 1.9 -0.2 0.2
v 1.9 -0.1 0.5
v 1.9 -0.1 0.4
v 1.9 -0.1 0.2
v 1.9 3.1 0.2
v 1.9 3.1 -0.2
v 1.9 3.5 0.2
v 1.9 3.5 -0.2
v 1.9 4.3 0.2
v 1.9 4.3 -0.2
v 1.9 4.7 0.2
v 1.9 4.7 -0.2
v 2 3.5 0.2
v 2 3.5 -0.2
v 2 4.3 0.2
v 2 4.3 -0.2
v -0.2 -0.1 1.5
v -0.2 0.2 1.5
v -0.0999999 0 1.5
v -0.0999999 0.2 1.5
v 2.38419e-07 0 1.5
v 2.38419e-07 0.2 1.5
v 0.2 -0.1 1.5
v 0.2 0.2 1.5
v -0.2 0.2 1.4
v -0.2 0.6 1.4
v -0.0999999 0.2 1.4
v 2.38419e-07 0.2 1.4
v 2.38419e-07 0.6 1.4
v 0.1 0.2 1.4
v 0.1 0.6 1.4
v 0.2 0.2 1.4
v 0.2 0.6 1.4
v -0.2 0.6 1.3
v -0.2 1 1.3
v -0.0999999 0.6 1.3
v -0.0999999 1 1.3
v 2.38419e-07 0.6 1.3
v 0.1 0.6 1.3
v 0.1 1 1.3
v 0.2 0.6 1.3
v 0.2 1 1.3
v -0.2 1 1.2
v -0.2 1.4 1.2
v -0.2 1.5 1.2
v -0.0999999 1 1.2
v -0.0999999 1.4 1.2
v 2.38419e-07 1 1.2
v 2.38419e-07 1.2 1.2
v 0.1 1 1.2
v 0.1 1.2 1.2
v 0.1 1.3 1.2
v 0.1 1.5 1.2
v 0.2 1 1.2
v 0.2 1.3 1.2
v 0.2 1.5 1.2
v -0.2 1.5 1.1
v -0.2 1.9 1.1
v -0.2 2 1.1
v -0.0999999 1.5 1.1
v -0.0999999 1.9 1.1
v 2.38419e-07 1.9 1.1
v 2.38419e-07 2 1.1
v 0.1 1.5 1.1
v 0.1 1.9 1.1
v 0.2 1.5 1.1
v 0.2 2 1.1
v -0.2 2 1
v -0.2 2.3 1
v -0.2 2.5 1
v -0.0999999 2 1
v -0.0999999 2.1 1
v -0.0999999 2.3 1
v -0.0999999 2.5 1
v 2.38419e-07 2 1
v 2.38419e-07 2.1 1
v 2.38419e-07 2.5 1
v 0.1 2 1
v 0.1 2.4 1
v 0.2 2 1
v 0.2 2.4 1
v 0.2 2.5 1
v -0.2 2.5 0.9
v -0.2 2.9 0.9
v -0.0999999 2.5 0.9
v -0.0999999 2.6 0.9
v -0.0999999 2.9 0.9
v 2.38419e-07 2.5 0.9
v 2.38419e-07 2.6 0.9
v 2.38419e-07 2.7 0.9
v 2.38419e-07 2.9 0.9
v 0.1 2.5 0.9
v 0.1 2.6 0.9
v 0.1 2.7 0.9
v 0.1 2.9 0.9
v 0.2 2.5 0.9
v 0.2 2.6 0.9
v 0.2 2.9 0.9
v -0.2 2.9 0.8
v -0.2 3.2 0.8
v -0.0999999 2.9 0.8
v -0.0999999 3.2 0.8
v 2.38419e-07 2.9 0.8
v 2.38419e-07 3.2 0.8
v 0.1 2.9 0.8
v 0.2 2.9 0.8
v 0.2 3.2 0.8
v -0.2 3.2 0.7
v -0.2 3.5 0.7
v -0.0999999 3.2 0.7
v 2.38419e-07 3.2 0.7
v 2.38419e-07 3.5 0.7
v 0.1 3.2 0.7
v 0.1 3.5 0.7
v 0.2 3.2 0.7
v 0.2 3.5 0.7
v -0.2 3.5 0.6
v -0.2 3.7 0.6
v 2.38419e-07 3.5 0.6
v 0.1 3.5 0.6
v 0.2 3.5 0.6
v 0.2 3.7 0.6
v -1.9 -0.3 0.5
v -1.9 -0.2 0.5
v -1.9 -0.1 0.5
v -1.8 -0.2 0.5
v -1.8 -0.1 0.5
v -1.7 -0.3 0.5
v -1.7 -0.1 0.5
v -1.7 0.1 0.5
v -1.7 0.2 0.5
v -1.6 0.1 0.5
v -1.6 0.2 0.5
v -1.6 0.5 0.5
v -1.5 -0.3 0.5
v -1.5 -0.1 0.5
v -1.5 0.1 0.5
v -1.5 0.2 0.5
v -1.5 0.5 0.5
v -1.5 0.8 0.5
v -1.4 -0.1 0.5
v -1.4 0.1 0.5
v -1.4 0.2 0.5
v -1.4 0.3 0.5
v -1.4 0.5 0.5
v -1.4 0.7 0.5
v -1.4 0.8 0.5
v -1.4 1 0.5
v -1.3 0.2 0.5
v -1.3 0.3 0.5
v -1.3 0.5 0.5
v -1.3 0.7 0.5
v -1.3 1 0.5
v -1.3 1.3 0.5
v -1.2 0.5 0.5
v -1.2 0.7 0.5
v -1.2 0.8 0.5
v -1.2 1 0.5
v -1.2 1.2 0.5
v -1.2 1.3 0.5
v -1.2 1.6 0.5
v -1.1 0.8 0.5
v -1.1 1 0.5
v -1.1 1.1 0.5
v -1.1 1.2 0.5
v -1.1 1.3 0.5
v -1.1 1.6 0.5
v -1.1 1.9 0.5
v -1 1 0.5
v -1 1.1 0.5
v -1 1.3 0.5
v -1 1.5 0.5
v -1 1.6 0.5
v -1 1.9 0.5
v -1 2.2 0.5
v -1 2.3 0.5
v -0.9 1.3 0.5
v -0.9 1.5 0.5
v -0.9 1.6 0.5
v -0.9 1.9 0.5
v -0.9 2.1 0.5
v -0.9 2.2 0.5
v -0.9 2.3 0.5
v -0.9 2.4 0.5
v -0.9 2.6 0.5
v -0.8 1.6 0.5
v -0.8 1.9 0.5
v -0.8 2 0.5
v -0.8 2.1 0.5
v -0.8 2.3 0.5
v -0.8 2.4 0.5
v -0.8 2.6 0.5
v -0.8 2.9 0.5
v -0.7 1.9 0.5
v -0.7 2 0.5
v -0.7 2.3 0.5
v -0.7 2.5 0.5
v -0.7 2.8 0.5
v -0.7 2.9 0.5
v -0.7 3.1 0.5
v -0.7 3.2 0.5
v -0.6 2.3 0.5
v -0.6 2.5 0.5
v -0.6 2.6 0.5
v -0.6 2.7 0.5
v -0.6 2.8 0.5
v -0.6 3.1 0.5
v -0.6 3.2 0.5
v -0.6 3.3 0.5
v -0.6 3.4 0.5
v -0.5 2.6 0.5
v -0.5 2.7 0.5
v -0.5 2.9 0.5
v -0.5 3 0.5
v -0.5 3.1 0.5
v -0.5 3.3 0.5
v -0.5 3.4 0.5
v -0.5 3.5 0.5
v -0.4 2.9 0.5
v -0.4 3 0.5
v -0.4 3.2 0.5
v -0.4 3.3 0.5
v -0.4 3.4 0.5
v -0.4 3.5 0.5
v -0.4 3.6 0.5
v -0.3 3.2 0.5
v -0.3 3.4 0.5
v -0.3 3.5 0.5
v -0.3 3.6 0.5
v -0.3 3.7 0.5
v -0.2 3.2 0.5
v -0.2 3.4 0.5
v -0.2 3.5 0.5
v -0.2 3.7 0.5
v 0.2 3.2 0.5
v 0.2 3.3 0.5
v 0.2 3.5 0.5
v 0.2 3.6 0.5
v 0.2 3.7 0.5
v 0.3 3.2 0.5
v 0.3 3.3 0.5
v 0.3 3.5 0.5
v 0.3 3.6 0.5
v 0.3 3.7 0.5
v 0.4 2.9 0.5
v 0.4 3.2 0.5
v 0.4 3.3 0.5
v 0.4 3.4 0.5
v 0.4 3.5 0.5
v 0.4 3.6 0.5
v 0.5 2.6 0.5
v 0.5 2.9 0.5
v 0.5 3.2 0.5
v 0.5 3.4 0.5
v 0.5 3.5 0.5
v 0.6 2.3 0.5
v 0.6 2.4 0.5
v 0.6 2.6 0.5
v 0.6 2.9 0.5
v 0.6 3 0.5
v 0.6 3.2 0.5
v 0.6 3.4 0.5
v 0.7 1.9 0.5
v 0.7 2.2 0.5
v 0.7 2.3 0.5
v 0.7 2.4 0.5
v 0.7 2.5 0.5
v 0.7 2.9 0.5
v 0.7 3 0.5
v 0.7 3.2 0.5
v 0.8 1.6 0.5
v 0.8 1.9 0.5
v 0.8 2 0.5
v 0.8 2.2 0.5
v 0.8 2.3 0.5
v 0.8 2.5 0.5
v 0.8 2.6 0.5
v 0.8 2.9 0.5
v 0.9 1.3 0.5
v 0.9 1.6 0.5
v 0.9 2 0.5
v 0.9 2.1 0.5
v 0.9 2.3 0.5
v 0.9 2.6 0.5
v 1 1 0.5
v 1 1.2 0.5
v 1 1.3 0.5
v 1 1.6 0.5
v 1 1.7 0.5
v 1 1.9 0.5
v 1 2.1 0.5
v 1 2.3 0.5
v 1.1 0.8 0.5
v 1.1 0.9 0.5
v 1.1 1 0.5
v 1.1 1.2 0.5
v 1.1 1.3 0.5
v 1.1 1.5 0.5
v 1.1 1.6 0.5
v 1.1 1.7 0.5
v 1.1 1.9 0.5
v 1.2 0.5 0.5
v 1.2 0.6 0.5
v 1.2 0.8 0.5
v 1.2 0.9 0.5
v 1.2 1 0.5
v 1.2 1.2 0.5
v 1.2 1.3 0.5
v 1.2 1.5 0.5
v 1.2 1.6 0.5
v 1.3 0.2 0.5
v 1.3 0.4 0.5
v 1.3 0.5 0.5
v 1.3 0.6 0.5
v 1.3 0.7 0.5
v 1.3 1 0.5
v 1.3 1.2 0.5
v 1.3 1.3 0.5
v 1.4 -0.1 0.5
v 1.4 0.1 0.5
v 1.4 0.2 0.5
v 1.4 0.4 0.5
v 1.4 0.5 0.5
v 1.4 0.6 0.5
v 1.4 0.7 0.5
v 1.4 0.8 0.5
v 1.4 1 0.5
v 1.5 -0.3 0.5
v 1.5 -0.1 0.5
v 1.5 0.1 0.5
v 1.5 0.2 0.5
v 1.5 0.3 0.5
v 1.5 0.4 0.5
v 1.5 0.5 0.5
v 1.5 0.6 0.5
v 1.5 0.8 0.5
v 1.6 -0.3 0.5
v 1.6 -0.1 0.5
v 1.6 0 0.5
v 1.6 0.2 0.5
v 1.6 0.3 0.5
v 1.6 0.5 0.5
v 1.7 -0.3 0.5
v 1.7 -0.1 0.5
v 1.7 0 0.5
v 1.7 0.2 0.5
v 1.8 -0.3 0.5
v 1.8 -0.1 0.5
v 1.9 -0.3 0.5
v 1.9 -0.1 0.5
v -0.4 3.6 0.4
v -0.4 3.7 0.4
v -0.3 3.6 0.4
v -0.3 3.7 0.4
v -0.3 3.8 0.4
v -0.0999999 3.7 0.4
v -0.0999999 3.8 0.4
v 2.38419e-07 3.7 0.4
v 2.38419e-07 3.8 0.4
v 0.3 3.6 0.4
v 0.3 3.7 0.4
v 0.3 3.8 0.4
v 0.4 3.6 0.4
v 0.4 3.7 0.4
v -0.2 3.8 0.3
v -0.2 4.2 0.3
v -0.0999999 3.8 0.3
v -0.0999999 4.1 0.3
v 2.38419e-07 3.8 0.3
v 2.38419e-07 3.9 0.3
v 2.38419e-07 4.1 0.3
v 2.38419e-07 4.2 0.3
v 0.1 3.8 0.3
v 0.1 3.9 0.3
v 0.1 4 0.3
v 0.1 4.2 0.3
v 0.2 3.8 0.3
v 0.2 4 0.3
v 0.2 4.2 0.3
v -2 3.5 0.2
v -2 4.3 0.2
v -1.9 3.1 0.2
v -1.9 3.5 0.2
v -1.9 4.3 0.2
v -1.9 4.7 0.2
v -1.8 2.9 0.2
v -1.8 3.1 0.2
v -1.8 4.7 0.2
v -1.8 4.9 0.2
v -1.7 2.8 0.2
v -1.7 2.9 0.2
v -1.7 4.9 0.2
v -1.7 5 0.2
v -1.6 2.6 0.2
v -1.6 2.8 0.2
v -1.6 3.5 0.2
v -1.6 4.3 0.2
v -1.6 5 0.2
v -1.6 5.2 0.2
v -1.5 2.5 0.2
v -1.5 2.6 0.2
v -1.5 3.2 0.2
v -1.5 3.5 0.2
v -1.5 4.3 0.2
v -1.5 4.6 0.2
v -1.5 5.2 0.2
v -1.5 5.3 0.2
v -1.4 2.4 0.2
v -1.4 2.5 0.2
v -1.4 3 0.2
v -1.4 3.2 0.2
v -1.4 4.6 0.2
v -1.4 4.8 0.2
v -1.4 5.3 0.2
v -1.4 5.4 0.2
v -1.3 2.3 0.2
v -1.3 2.4 0.2
v -1.3 2.9 0.2
v -1.3 3 0.2
v -1.3 4.8 0.2
v -1.3 4.9 0.2
v -1.3 5.4 0.2
v -1.3 5.5 0.2
v -1.2 2.8 0.2
v -1.2 2.9 0.2
v -1.2 3.6 0.2
v -1.2 4.2 0.2
v -1.2 4.9 0.2
v -1.2 5 0.2
v -1.1 2.1 0.2
v -1.1 2.3 0.2
v -1.1 2.7 0.2
v -1.1 2.8 0.2
v -1.1 3.3 0.2
v -1.1 3.6 0.2
v -1.1 4.2 0.2
v -1.1 4.5 0.2
v -1.1 5 0.2
v -1.1 5.1 0.2
v -1.1 5.5 0.2
v -1.1 5.6 0.2
v -1 2.1 0.2
v -1 2.3 0.2
v -1 2.6 0.2
v -1 2.7 0.2
v -1 3.2 0.2
v -1 3.3 0.2
v -1 4.5 0.2
v -1 4.6 0.2
v -1 5.1 0.2
v -1 5.2 0.2
v -1 5.6 0.2
v -1 5.7 0.2
v -0.9 2.3 0.2
v -0.9 2.6 0.2
v -0.9 3.1 0.2
v -0.9 3.2 0.2
v -0.9 4.6 0.2
v -0.9 4.7 0.2
v -0.9 5.2 0.2
v -0.9 5.3 0.2
v -0.8 2.6 0.2
v -0.8 2.9 0.2
v -0.8 3 0.2
v -0.8 3.1 0.2
v -0.8 4.7 0.2
v -0.8 4.8 0.2
v -0.8 5.7 0.2
v -0.8 5.8 0.2
v -0.7 2 0.2
v -0.7 2.3 0.2
v -0.7 2.9 0.2
v -0.7 3 0.2
v -0.7 3.2 0.2
v -0.7 3.7 0.2
v -0.7 4.1 0.2
v -0.7 4.8 0.2
v -0.7 4.9 0.2
v -0.7 5.3 0.2
v -0.7 5.4 0.2
v -0.6 2.3 0.2
v -0.6 2.4 0.2
v -0.6 2.6 0.2
v -0.6 3.2 0.2
v -0.6 3.4 0.2
v -0.6 3.5 0.2
v -0.6 3.7 0.2
v -0.6 4.1 0.2
v -0.6 4.3 0.2
v -0.6 4.9 0.2
v -0.6 5 0.2
v -0.5 2.6 0.2
v -0.5 2.8 0.2
v -0.5 2.9 0.2
v -0.5 3.4 0.2
v -0.5 3.5 0.2
v -0.5 4.3 0.2
v -0.5 4.4 0.2
v -0.4 1.9 0.2
v -0.4 2 0.2
v -0.4 2.3 0.2
v -0.4 2.4 0.2
v -0.4 2.9 0.2
v -0.4 3.2 0.2
v -0.4 3.5 0.2
v -0.4 3.7 0.2
v -0.4 4.4 0.2
v -0.4 4.5 0.2
v -0.4 5.4 0.2
v -0.4 5.5 0.2
v -0.4 5.8 0.2
v -0.4 5.9 0.2
v -0.3 2.7 0.2
v -0.3 2.8 0.2
v -0.3 3.7 0.2
v -0.3 3.8 0.2
v -0.3 4.1 0.2
v -0.3 5 0.2
v -0.3 5.1 0.2
v -0.2 3.2 0.2
v -0.2 3.6 0.2
v -0.2 3.7 0.2
v -0.2 3.8 0.2
v -0.2 4.1 0.2
v -0.2 4.2 0.2
v -0.2 4.5 0.2
v -0.2 4.6 0.2
v 2.38419e-07 4.2 0.2
v 0.1 4.2 0.2
v 0.2 3.2 0.2
v 0.2 3.6 0.2
v 0.2 3.7 0.2
v 0.2 3.8 0.2
v 0.2 4 0.2
v 0.2 4.1 0.2
v 0.2 4.2 0.2
v 0.2 4.5 0.2
v 0.2 4.6 0.2
v 0.3 2.7 0.2
v 0.3 2.8 0.2
v 0.3 3.7 0.2
v 0.3 3.8 0.2
v 0.3 4.1 0.2
v 0.3 5 0.2
v 0.3 5.1 0.2
v 0.4 1.9 0.2
v 0.4 2 0.2
v 0.4 2.3 0.2
v 0.4 2.4 0.2
v 0.4 2.9 0.2
v 0.4 3.2 0.2
v 0.4 3.5 0.2
v 0.4 3.7 0.2
v 0.4 4.4 0.2
v 0.4 4.5 0.2
v 0.4 5.4 0.2
v 0.4 5.5 0.2
v 0.4 5.8 0.2
v 0.4 5.9 0.2
v 0.5 2.6 0.2
v 0.5 2.8 0.2
v 0.5 2.9 0.2
v 0.5 3.4 0.2
v 0.5 3.5 0.2
v 0.5 4.3 0.2
v 0.5 4.4 0.2
v 0.6 2.3 0.2
v 0.6 2.4 0.2
v 0.6 2.6 0.2
v 0.6 3.2 0.2
v 0.6 3.4 0.2
v 0.6 3.5 0.2
v 0.6 3.7 0.2
v 0.6 4.1 0.2
v 0.6 4.3 0.2
v 0.6 4.9 0.2
v 0.6 5 0.2
v 0.7 2 0.2
v 0.7 2.3 0.2
v 0.7 2.9 0.2
v 0.7 3 0.2
v 0.7 3.2 0.2
v 0.7 3.7 0.2
v 0.7 4.1 0.2
v 0.7 4.8 0.2
v 0.7 4.9 0.2
v 0.7 5.3 0.2
v 0.7 5.4 0.2
v 0.8 2.6 0.2
v 0.8 2.9 0.2
v 0.8 3 0.2
v 0.8 3.1 0.2
v 0.8 4.7 0.2
v 0.8 4.8 0.2
v 0.8 5.7 0.2
v 0.8 5.8 0.2
v 0.9 2.3 0.2
v 0.9 2.6 0.2
v 0.9 3.1 0.2
v 0.9 3.2 0.2
v 0.9 4.6 0.2
v 0.9 4.7 0.2
v 0.9 5.2 0.2
v 0.9 5.3 0.2
v 1 2.2 0.2
v 1 2.3 0.2
v 1 2.6 0.2
v 1 2.7 0.2
v 1 3.2 0.2
v 1 3.3 0.2
v 1 4.5 0.2
v 1 4.6 0.2
v 1 5.1 0.2
v 1 5.2 0.2
v 1 5.6 0.2
v 1 5.7 0.2
v 1.1 2.2 0.2
v 1.1 2.3 0.2
v 1.1 2.7 0.2
v 1.1 2.8 0.2
v 1.1 3.3 0.2
v 1.1 3.6 0.2
v 1.1 4.2 0.2
v 1.1 4.5 0.2
v 1.1 5 0.2
v 1.1 5.1 0.2
v 1.1 5.5 0.2
v 1.1 5.6 0.2
v 1.2 2.8 0.2
v 1.2 2.9 0.2
v 1.2 3.6 0.2
v 1.2 4.2 0.2
v 1.2 4.9 0.2
v 1.2 5 0.2
v 1.3 2.3 0.2
v 1.3 2.4 0.2
v 1.3 2.9 0.2
v 1.3 3 0.2
v 1.3 4.8 0.2
v 1.3 4.9 0.2
v 1.3 5.4 0.2
v 1.3 5.5 0.2
v 1.4 2.4 0.2
v 1.4 2.5 0.2
v 1.4 3 0.2
v 1.4 3.2 0.2
v 1.4 4.6 0.2
v 1.4 4.8 0.2
v 1.4 5.3 0.2
v 1.4 5.4 0.2
v 1.5 2.5 0.2
v 1.5 2.6 0.2
v 1.5 3.2 0.2
v 1.5 3.5 0.2
v 1.5 4.3 0.2
v 1.5 4.6 0.2
v 1.5 5.2 0.2
v 1.5 5.3 0.2
v 1.6 2.6 0.2
v 1.6 2.8 0.2
v 1.6 3.5 0.2
v 1.6 4.3 0.2
v 1.6 5 0.2
v 1.6 5.2 0.2
v 1.7 2.8 0.2
v 1.7 2.9 0.2
v 1.7 4.9 0.2
v 1.7 5 0.2
v 1.8 2.9 0.2
v 1.8 3.1 0.2
v 1.8 4.7 0.2
v 1.8 4.9 0.2
v 1.9 3.1 0.2
v 1.9 3.5 0.2
v 1.9 4.3 0.2
v 1.9 4.7 0.2
v 2 3.5 0.2
v 2 4.3 0.2
v -0.2 -0.1 1.3
v -0.2 0.2 1.3
v -0.0999999 0.2 1.3
v 2.38419e-07 -0.1 1.3
v 2.38419e-07 0.2 1.3
v 0.1 -0.1 1.3
v 0.1 0.2 1.3
v 0.2 -0.1 1.3
v 0.2 0.2 1.3
v -0.2 0.2 1.2
v -0.2 0.3 1.2
v -0.2 0.4 1.2
v -0.2 0.6 1.2
v -0.0999999 0.2 1.2
v -0.0999999 0.3 1.2
v -0.0999999 0.4 1.2
v -0.0999999 0.6 1.2
v 2.38419e-07 0.2 1.2
v 2.38419e-07 0.3 1.2
v 2.38419e-07 0.5 1.2
v 2.38419e-07 0.6 1.2
v 0.1 0.2 1.2
v 0.1 0.3 1.2
v 0.1 0.4 1.2
v 0.1 0.5 1.2
v 0.2 0.2 1.2
v 0.2 0.4 1.2
v 0.2 0.6 1.2
v -0.2 0.6 1.1
v -0.2 1 1.1
v -0.0999999 0.6 1.1
v -0.0999999 1 1.1
v 2.38419e-07 0.6 1.1
v 2.38419e-07 1 1.1
v 0.1 0.7 1.1
v 0.1 1 1.1
v 0.2 0.6 1.1
v 0.2 0.7 1.1
v 0.2 1 1.1
v -0.2 1 1
v -0.2 1.2 1
v -0.2 1.5 1
v -0.0999999 1 1
v -0.0999999 1.2 1
v 2.38419e-07 1 1
v 2.38419e-07 1.2 1
v 2.38419e-07 1.5 1
v 0.1 1.1 1
v 0.1 1.2 1
v 0.1 1.3 1
v 0.1 1.5 1
v 0.2 1 1
v 0.2 1.1 1
v 0.2 1.3 1
v 0.2 1.5 1
v -0.2 1.5 0.9
v -0.2 1.6 0.9
v -0.2 2 0.9
v -0.0999999 1.6 0.9
v -0.0999999 1.9 0.9
v 2.38419e-07 1.5 0.9
v 2.38419e-07 1.6 0.9
v 2.38419e-07 1.9 0.9
v 2.38419e-07 2 0.9
v 0.1 1.6 0.9
v 0.1 1.9 0.9
v 0.2 1.5 0.9
v 0.2 1.9 0.9
v 0.2 2 0.9
v -0.2 2 0.8
v -0.2 2.3 0.8
v -0.2 2.5 0.8
v -0.0999999 2.3 0.8
v -0.0999999 2.5 0.8
v 0.1 2.4 0.8
v 0.1 2.5 0.8
v 0.2 2 0.8
v 0.2 2.4 0.8
v 0.2 2.5 0.8
v -0.2 2.5 0.7
v -0.2 2.9 0.7
v 0.1 2.6 0.7
v 0.1 2.9 0.7
v 0.2 2.5 0.7
v 0.2 2.6 0.7
v 0.2 2.9 0.7
v -0.2 2.9 0.6
v -0.2 3.2 0.6
v 0.2 2.9 0.6
v 0.2 3.2 0.6
v -0.2 3.2 0.5
v -0.2 3.4 0.5
v -0.2 3.5 0.5
v 2.38419e-07 3.5 0.5
v 0.2 3.2 0.5
v 0.2 3.3 0.5
v 0.2 3.5 0.5
v -0.2 3.5 0.3
v -0.2 3.7 0.3
v 0.2 3.5 0.3
v 0.2 3.7 0.3
v -1.9 -0.3 0.2
v -1.9 -0.2 0.2
v -1.9 -0.1 0.2
v -1.8 -0.3 0.2
v -1.8 -0.2 0.2
v -1.7 -0.3 0.2
v -1.7 -0.1 0.2
v -1.7 0.2 0.2
v -1.6 -0.3 0.2
v -1.6 -0.2 0.2
v -1.6 -0.1 0.2
v -1.6 0.2 0.2
v -1.6 0.5 0.2
v -1.5 -0.3 0.2
v -1.5 -0.2 0.2
v -1.5 -0.1 0.2
v -1.5 0.1 0.2
v -1.5 0.2 0.2
v -1.5 0.5 0.2
v -1.5 0.8 0.2
v -1.4 -0.1 0.2
v -1.4 0.1 0.2
v -1.4 0.2 0.2
v -1.4 0.4 0.2
v -1.4 0.5 0.2
v -1.4 0.7 0.2
v -1.4 0.8 0.2
v -1.4 1 0.2
v -1.3 0.2 0.2
v -1.3 0.4 0.2
v -1.3 0.5 0.2
v -1.3 0.7 0.2
v -1.3 1 0.2
v -1.3 1.1 0.2
v -1.3 1.3 0.2
v -1.2 0.5 0.2
v -1.2 0.7 0.2
v -1.2 0.8 0.2
v -1.2 0.9 0.2
v -1.2 1 0.2
v -1.2 1.1 0.2
v -1.2 1.2 0.2
v -1.2 1.3 0.2
v -1.2 1.6 0.2
v -1.1 0.8 0.2
v -1.1 0.9 0.2
v -1.1 1 0.2
v -1.1 1.2 0.2
v -1.1 1.3 0.2
v -1.1 1.5 0.2
v -1.1 1.6 0.2
v -1.1 1.7 0.2
v -1.1 1.8 0.2
v -1.1 1.9 0.2
v -1 1 0.2
v -1 1.2 0.2
v -1 1.3 0.2
v -1 1.4 0.2
v -1 1.5 0.2
v -1 1.7 0.2
v -1 1.9 0.2
v -1 2.1 0.2
v -0.9 1.3 0.2
v -0.9 1.4 0.2
v -0.9 1.6 0.2
v -0.9 1.7 0.2
v -0.9 1.8 0.2
v -0.9 2 0.2
v -0.8 1.6 0.2
v -0.8 1.7 0.2
v -0.8 1.9 0.2
v -0.8 2 0.2
v -0.8 2.1 0.2
v -0.7 1.9 0.2
v -0.7 2 0.2
v 0.7 1.9 0.2
v 0.7 2 0.2
v 0.8 1.6 0.2
v 0.8 1.7 0.2
v 0.8 1.9 0.2
v 0.8 2 0.2
v 0.8 2.1 0.2
v 0.9 1.3 0.2
v 0.9 1.6 0.2
v 0.9 1.7 0.2
v 0.9 1.9 0.2
v 0.9 2 0.2
v 1 1 0.2
v 1 1.3 0.2
v 1 1.5 0.2
v 1 1.6 0.2
v 1 1.8 0.2
v 1 1.9 0.2
v 1 2 0.2
v 1 2.1 0.2
v 1.1 0.8 0.2
v 1.1 0.9 0.2
v 1.1 1 0.2
v 1.1 1.5 0.2
v 1.1 1.6 0.2
v 1.1 1.8 0.2
v 1.1 1.9 0.2
v 1.2 0.5 0.2
v 1.2 0.7 0.2
v 1.2 0.8 0.2
v 1.2 0.9 0.2
v 1.2 1 0.2
v 1.2 1.3 0.2
v 1.2 1.6 0.2
v 1.3 0.2 0.2
v 1.3 0.3 0.2
v 1.3 0.5 0.2
v 1.3 0.7 0.2
v 1.3 0.8 0.2
v 1.3 1 0.2
v 1.3 1.3 0.2
v 1.4 -0.1 0.2
v 1.4 0.2 0.2
v 1.4 0.3 0.2
v 1.4 0.5 0.2
v 1.4 0.6 0.2
v 1.4 0.8 0.2
v 1.4 1 0.2
v 1.5 -0.3 0.2
v 1.5 -0.1 0.2
v 1.5 0.1 0.2
v 1.5 0.2 0.2
v 1.5 0.3 0.2
v 1.5 0.5 0.2
v 1.5 0.6 0.2
v 1.5 0.8 0.2
v 1.6 -0.3 0.2
v 1.6 -0.2 0.2
v 1.6 -0.1 0.2
v 1.6 0 0.2
v 1.6 0.1 0.2
v 1.6 0.2 0.2
v 1.6 0.5 0.2
v 1.7 -0.1 0.2
v 1.7 0 0.2
v 1.7 0.2 0.2
v 1.9 -0.3 0.2
v 1.9 -0.2 0.2
v 1.9 -0.1 0.2
v -2 3.5 -0.2
v -2 4.3 -0.2
v -1.9 3.1 -0.2
v -1.9 3.5 -0.2
v -1.9 4.3 -0.2
v -1.9 4.7 -0.2
v -1.8 2.9 -0.2
v -1.8 3.1 -0.2
v -1.8 4.7 -0.2
v -1.8 4.9 -0.2
v -1.7 2.8 -0.2
v -1.7 2.9 -0.2
v -1.7 4.9 -0.2
v -1.7 5 -0.2
v -1.6 2.6 -0.2
v -1.6 2.8 -0.2
v -1.6 3.5 -0.2
v -1.6 4.3 -0.2
v -1.6 5 -0.2
v -1.6 5.2 -0.2
v -1.5 2.5 -0.2
v -1.5 2.6 -0.2
v -1.5 3.2 -0.2
v -1.5 3.5 -0.2
v -1.5 4.3 -0.2
v -1.5 4.6 -0.2
v -1.5 5.2 -0.2
v -1.5 5.3 -0.2
v -1.4 2.4 -0.2
v -1.4 2.5 -0.2
v -1.4 3 -0.2
v -1.4 3.2 -0.2
v -1.4 4.6 -0.2
v -1.4 4.8 -0.2
v -1.4 5.3 -0.2
v -1.4 5.4 -0.2
v -1.3 2.3 -0.2
v -1.3 2.4 -0.2
v -1.3 2.9 -0.2
v -1.3 3 -0.2
v -1.3 4.8 -0.2
v -1.3 4.9 -0.2
v -1.3 5.4 -0.2
v -1.3 5.5 -0.2
v -1.2 2.8 -0.2
v -1.2 2.9 -0.2
v -1.2 3.6 -0.2
v -1.2 4.2 -0.2
v -1.2 4.9 -0.2
v -1.2 5 -0.2
v -1.1 2.1 -0.2
v -1.1 2.3 -0.2
v -1.1 2.7 -0.2
v -1.1 2.8 -0.2
v -1.1 3.3 -0.2
v -1.1 3.6 -0.2
v -1.1 4.2 -0.2
v -1.1 4.5 -0.2
v -1.1 5 -0.2
v -1.1 5.1 -0.2
v -1.1 5.5 -0.2
v -1.1 5.6 -0.2
v -1 2.6 -0.2
v -1 2.7 -0.2
v -1 3.2 -0.2
v -1 3.3 -0.2
v -1 4.5 -0.2
v -1 4.6 -0.2
v -1 5.1 -0.2
v -1 5.2 -0.2
v -1 5.6 -0.2
v -1 5.7 -0.2
v -0.9 2.5 -0.2
v -0.9 2.6 -0.2
v -0.9 3.1 -0.2
v -0.9 3.2 -0.2
v -0.9 4.6 -0.2
v -0.9 4.7 -0.2
v -0.9 5.2 -0.2
v -0.9 5.3 -0.2
v -0.8 2 -0.2
v -0.8 2.1 -0.2
v -0.8 3 -0.2
v -0.8 3.1 -0.2
v -0.8 4.7 -0.2
v -0.8 4.8 -0.2
v -0.8 5.7 -0.2
v -0.8 5.8 -0.2
v -0.7 2.4 -0.2
v -0.7 2.5 -0.2
v -0.7 2.9 -0.2
v -0.7 3 -0.2
v -0.7 3.7 -0.2
v -0.7 4.1 -0.2
v -0.7 4.8 -0.2
v -0.7 4.9 -0.2
v -0.7 5.3 -0.2
v -0.7 5.4 -0.2
v -0.6 2.8 -0.2
v -0.6 2.9 -0.2
v -0.6 3.5 -0.2
v -0.6 3.7 -0.2
v -0.6 4.1 -0.2
v -0.6 4.3 -0.2
v -0.6 4.9 -0.2
v -0.6 5 -0.2
v -0.5 3.4 -0.2
v -0.5 3.5 -0.2
v -0.5 4.3 -0.2
v -0.5 4.4 -0.2
v -0.4 1.9 -0.2
v -0.4 2 -0.2
v -0.4 2.3 -0.2
v -0.4 2.4 -0.2
v -0.4 3.3 -0.2
v -0.4 3.4 -0.2
v -0.4 4.4 -0.2
v -0.4 4.5 -0.2
v -0.4 5.4 -0.2
v -0.4 5.5 -0.2
v -0.4 5.8 -0.2
v -0.4 5.9 -0.2
v -0.3 2.7 -0.2
v -0.3 2.8 -0.2
v -0.3 3.7 -0.2
v -0.3 4.1 -0.2
v -0.3 5 -0.2
v -0.3 5.1 -0.2
v -0.2 3.2 -0.2
v -0.2 3.3 -0.2
v -0.2 3.6 -0.2
v -0.2 3.7 -0.2
v -0.2 4.1 -0.2
v -0.2 4.2 -0.2
v -0.2 4.5 -0.2
v -0.2 4.6 -0.2
v 0.2 3.2 -0.2
v 0.2 3.3 -0.2
v 0.2 3.6 -0.2
v 0.2 3.7 -0.2
v 0.2 4.1 -0.2
v 0.2 4.2 -0.2
v 0.2 4.5 -0.2
v 0.2 4.6 -0.2
v 0.3 2.7 -0.2
v 0.3 2.8 -0.2
v 0.3 3.7 -0.2
v 0.3 4.1 -0.2
v 0.3 5 -0.2
v 0.3 5.1 -0.2
v 0.4 1.9 -0.2
v 0.4 2 -0.2
v 0.4 2.3 -0.2
v 0.4 2.4 -0.2
v 0.4 3.3 -0.2
v 0.4 3.4 -0.2
v 0.4 4.4 -0.2
v 0.4 4.5 -0.2
v 0.4 5.4 -0.2
v 0.4 5.5 -0.2
v 0.4 5.8 -0.2
v 0.4 5.9 -0.2
v 0.5 3.4 -0.2
v 0.5 3.5 -0.2
v 0.5 4.3 -0.2
v 0.5 4.4 -0.2
v 0.6 2.8 -0.2
v 0.6 2.9 -0.2
v 0.6 3.5 -0.2
v 0.6 3.7 -0.2
v 0.6 4.1 -0.2
v 0.6 4.3 -0.2
v 0.6 4.9 -0.2
v 0.6 5 -0.2
v 0.7 2.4 -0.2
v 0.7 2.5 -0.2
v 0.7 2.9 -0.2
v 0.7 3 -0.2
v 0.7 3.7 -0.2
v 0.7 4.1 -0.2
v 0.7 4.8 -0.2
v 0.7 4.9 -0.2
v 0.7 5.3 -0.2
v 0.7 5.4 -0.2
v 0.8 2 -0.2
v 0.8 2.1 -0.2
v 0.8 3 -0.2
v 0.8 3.1 -0.2
v 0.8 4.7 -0.2
v 0.8 4.8 -0.2
v 0.8 5.7 -0.2
v 0.8 5.8 -0.2
v 0.9 2.5 -0.2
v 0.9 2.6 -0.2
v 0.9 3.1 -0.2
v 0.9 3.2 -0.2
v 0.9 4.6 -0.2
v 0.9 4.7 -0.2
v 0.9 5.2 -0.2
v 0.9 5.3 -0.2
v 1 2.1 -0.2
v 1 2.2 -0.2
v 1 2.6 -0.2
v 1 2.7 -0.2
v 1 3.2 -0.2
v 1 3.3 -0.2
v 1 4.5 -0.2
v 1 4.6 -0.2
v 1 5.1 -0.2
v 1 5.2 -0.2
v 1 5.6 -0.2
v 1 5.7 -0.2
v 1.1 2.2 -0.2
v 1.1 2.3 -0.2
v 1.1 2.7 -0.2
v 1.1 2.8 -0.2
v 1.1 3.3 -0.2
v 1.1 3.6 -0.2
v 1.1 4.2 -0.2
v 1.1 4.5 -0.2
v 1.1 5 -0.2
v 1.1 5.1 -0.2
v 1.1 5.5 -0.2
v 1.1 5.6 -0.2
v 1.2 2.8 -0.2
v 1.2 2.9 -0.2
v 1.2 3.6 -0.2
v 1.2 4.2 -0.2
v 1.2 4.9 -0.2
v 1.2 5 -0.2
v 1.3 2.3 -0.2
v 1.3 2.4 -0.2
v 1.3 2.9 -0.2
v 1.3 3 -0.2
v 1.3 4.8 -0.2
v 1.3 4.9 -0.2
v 1.3 5.4 -0.2
v 1.3 5.5 -0.2
v 1.4 2.4 -0.2
v 1.4 2.5 -0.2
v 1.4 3 -0.2
v 1.4 3.2 -0.2
v 1.4 4.6 -0.2
v 1.4 4.8 -0.2
v 1.4 5.3 -0.2
v 1.4 5.4 -0.2
v 1.5 2.5 -0.2
v 1.5 2.6 -0.2
v 1.5 3.2 -0.2
v 1.5 3.5 -0.2
v 1.5 4.3 -0.2
v 1.5 4.6 -0.2
v 1.5 5.2 -0.2
v 1.5 5.3 -0.2
v 1.6 2.6 -0.2
v 1.6 2.8 -0.2
v 1.6 3.5 -0.2
v 1.6 4.3 -0.2
v 1.6 5 -0.2
v 1.6 5.2 -0.2
v 1.7 2.8 -0.2
v 1.7 2.9 -0.2
v 1.7 4.9 -0.2
v 1.7 5 -0.2
v 1.8 2.9 -0.2
v 1.8 3.1 -0.2
v 1.8 4.7 -0.2
v 1.8 4.9 -0.2
v 1.9 3.1 -0.2
v 1.9 3.5 -0.2
v 1.9 4.3 -0.2
v 1.9 4.7 -0.2
v 2 3.5 -0.2
v 2 4.3 -0.2
v -1.9 -0.3 0.5
v -1.7 -0.3 0.5
v -1.5 -0.3 0.5
v 1.5 -0.3 0.5
v 1.6 -0.3 0.5
v 1.7 -0.3 0.5
v 1.8 -0.3 0.5
v 1.9 -0.3 0.5
v 1.6 -0.3 0.4
v 1.7 -0.3 0.4
v -1.8 -0.3 0.3
v -1.7 -0.3 0.3
v -1.6 -0.3 0.3
v 1.6 -0.3 0.3
v 1.8 -0.3 0.3
v -1.9 -0.3 0.2
v -1.8 -0.3 0.2
v -1.7 -0.3 0.2
v -1.6 -0.3 0.2
v -1.5 -0.3 0.2
v 1.5 -0.3 0.2
v 1.6 -0.3 0.2
v 1.9 -0.3 0.2
v -0.2 -0.1 1.5
v 0.2 -0.1 1.5
v -0.2 -0.1 1.4
v 2.38419e-07 -0.1 1.4
v 0.1 -0.1 1.4
v 0.2 -0.1 1.4
v -0.2 -0.1 1.3
v 2.38419e-07 -0.1 1.3
v 0.1 -0.1 1.3
v 0.2 -0.1 1.3
v -1.5 -0.1 0.5
v -1.4 -0.1 0.5
v 1.4 -0.1 0.5
v 1.5 -0.1 0.5
v -1.5 -0.1 0.3
v -1.5 -0.1 0.2
v -1.4 -0.1 0.2
v 1.4 -0.1 0.2
v 1.5 -0.1 0.2
v -0.2 0.2 1.3
v -0.0999999 0.2 1.3
v 2.38419e-07 0.2 1.3
v 0.1 0.2 1.3
v 0.2 0.2 1.3
v -0.2 0.2 1.2
v -0.0999999 0.2 1.2
v 2.38419e-07 0.2 1.2
v 0.1 0.2 1.2
v 0.2 0.2 1.2
v -1.4 0.2 0.5
v -1.3 0.2 0.5
v 1.3 0.2 0.5
v 1.4 0.2 0.5
v -1.4 0.2 0.4
v 1.4 0.2 0.4
v -1.4 0.2 0.3
v -1.4 0.2 0.2
v -1.3 0.2 0.2
v 1.3 0.2 0.2
v 1.4 0.2 0.2
v -1.3 0.5 0.5
v -1.2 0.5 0.5
v 1.2 0.5 0.5
v 1.3 0.5 0.5
v -1.3 0.5 0.4
v -1.2 0.5 0.4
v 1.3 0.5 0.4
v -1.3 0.5 0.3
v 1.2 0.5 0.3
v 1.3 0.5 0.3
v -1.3 0.5 0.2
v -1.2 0.5 0.2
v 1.2 0.5 0.2
v 1.3 0.5 0.2
v -0.2 0.6 1.2
v -0.0999999 0.6 1.2
v 2.38419e-07 0.6 1.2
v 0.2 0.6 1.2
v -0.2 0.6 1.1
v -0.0999999 0.6 1.1
v 2.38419e-07 0.6 1.1
v 0.2 0.6 1.1
v -1.2 0.8 0.5
v -1.1 0.8 0.5
v 1.1 0.8 0.5
v 1.2 0.8 0.5
v -1.2 0.8 0.4
v -1.1 0.8 0.4
v 1.2 0.8 0.4
v -1.2 0.8 0.3
v 1.1 0.8 0.3
v 1.2 0.8 0.3
v -1.2 0.8 0.2
v -1.1 0.8 0.2
v 1.1 0.8 0.2
v 1.2 0.8 0.2
v -0.2 1 1.1
v -0.0999999 1 1.1
v 2.38419e-07 1 1.1
v 0.1 1 1.1
v 0.2 1 1.1
v -0.2 1 1
v -0.0999999 1 1
v 2.38419e-07 1 1
v 0.2 1 1
v -1.1 1 0.5
v -1 1 0.5
v 1 1 0.5
v 1.1 1 0.5
v -1.1 1 0.4
v 1.1 1 0.4
v -1.1 1 0.3
v 1 1 0.3
v 1.1 1 0.3
v -1.1 1 0.2
v -1 1 0.2
v 1 1 0.2
v 1.1 1 0.2
v -1 1.3 0.5
v -0.9 1.3 0.5
v 0.9 1.3 0.5
v 1 1.3 0.5
v -1 1.3 0.4
v -0.9 1.3 0.4
v 1 1.3 0.4
v -1 1.3 0.3
v 0.9 1.3 0.3
v 1 1.3 0.3
v -1 1.3 0.2
v -0.9 1.3 0.2
v 0.9 1.3 0.2
v 1 1.3 0.2
v -0.2 1.5 1
v 2.38419e-07 1.5 1
v 0.1 1.5 1
v 0.2 1.5 1
v -0.2 1.5 0.9
v 2.38419e-07 1.5 0.9
v 0.2 1.5 0.9
v -0.9 1.6 0.5
v -0.8 1.6 0.5
v 0.8 1.6 0.5
v 0.9 1.6 0.5
v -0.9 1.6 0.3
v 0.9 1.6 0.3
v -0.9 1.6 0.2
v -0.8 1.6 0.2
v 0.8 1.6 0.2
v 0.9 1.6 0.2
v -0.8 1.9 0.5
v -0.7 1.9 0.5
v 0.7 1.9 0.5
v 0.8 1.9 0.5
v -0.8 1.9 0.4
v -0.7 1.9 0.4
v 0.8 1.9 0.4
v -0.8 1.9 0.3
v -0.8 1.9 0.2
v -0.7 1.9 0.2
v -0.4 1.9 0.2
v 0.4 1.9 0.2
v 0.7 1.9 0.2
v 0.8 1.9 0.2
v -0.4 1.9 -0.2
v 0.4 1.9 -0.2
v -0.2 2 0.9
v 2.38419e-07 2 0.9
v 0.2 2 0.9
v -0.2 2 0.8
v 0.2 2 0.8
v -0.8 2 0.2
v -0.7 2 0.2
v -0.4 2 0.2
v 0.4 2 0.2
v 0.7 2 0.2
v 0.8 2 0.2
v -0.8 2 -0.2
v -0.4 2 -0.2
v 0.4 2 -0.2
v 0.8 2 -0.2
v -1.1 2.1 0.2
v -1 2.1 0.2
v -0.8 2.1 0.2
v 0.8 2.1 0.2
v 1 2.1 0.2
v -1.1 2.1 -0.2
v -0.8 2.1 -0.2
v 0.8 2.1 -0.2
v 1 2.1 -0.2
v 1 2.2 0.2
v 1.1 2.2 0.2
v 1 2.2 -0.2
v 1.1 2.2 -0.2
v -0.7 2.3 0.5
v -0.6 2.3 0.5
v 0.6 2.3 0.5
v 0.7 2.3 0.5
v 0.7 2.3 0.4
v -1.3 2.3 0.2
v -1.1 2.3 0.2
v -0.7 2.3 0.2
v -0.6 2.3 0.2
v 0.6 2.3 0.2
v 0.7 2.3 0.2
v 1.1 2.3 0.2
v 1.3 2.3 0.2
v -1.3 2.3 -0.2
v -1.1 2.3 -0.2
v 1.1 2.3 -0.2
v 1.3 2.3 -0.2
v -1.4 2.4 0.2
v -1.3 2.4 0.2
v 1.3 2.4 0.2
v 1.4 2.4 0.2
v -1.4 2.4 -0.2
v -1.3 2.4 -0.2
v 1.3 2.4 -0.2
v 1.4 2.4 -0.2
v -0.2 2.5 0.8
v -0.0999999 2.5 0.8
v 0.1 2.5 0.8
v 0.2 2.5 0.8
v -0.2 2.5 0.7
v 0.2 2.5 0.7
v -1.5 2.5 0.2
v -1.4 2.5 0.2
v 1.4 2.5 0.2
v 1.5 2.5 0.2
v -1.5 2.5 -0.2
v -1.4 2.5 -0.2
v 1.4 2.5 -0.2
v 1.5 2.5 -0.2
v -0.6 2.6 0.5
v -0.5 2.6 0.5
v 0.5 2.6 0.5
v 0.6 2.6 0.5
v -0.6 2.6 0.4
v 0.6 2.6 0.4
v -1.6 2.6 0.2
v -1.5 2.6 0.2
v -0.6 2.6 0.2
v -0.5 2.6 0.2
v 0.5 2.6 0.2
v 0.6 2.6 0.2
v 1.5 2.6 0.2
v 1.6 2.6 0.2
v -1.6 2.6 -0.2
v -1.5 2.6 -0.2
v 1.5 2.6 -0.2
v 1.6 2.6 -0.2
v -1.7 2.8 0.2
v -1.6 2.8 0.2
v 1.6 2.8 0.2
v 1.7 2.8 0.2
v -1.7 2.8 -0.2
v -1.6 2.8 -0.2
v 1.6 2.8 -0.2
v 1.7 2.8 -0.2
v -0.2 2.9 0.7
v 0.1 2.9 0.7
v 0.2 2.9 0.7
v -0.2 2.9 0.6
v 0.2 2.9 0.6
v -0.5 2.9 0.5
v -0.4 2.9 0.5
v 0.4 2.9 0.5
v 0.5 2.9 0.5
v -0.5 2.9 0.4
v -1.8 2.9 0.2
v -1.7 2.9 0.2
v -0.5 2.9 0.2
v -0.4 2.9 0.2
v 0.4 2.9 0.2
v 0.5 2.9 0.2
v 1.7 2.9 0.2
v 1.8 2.9 0.2
v -1.8 2.9 -0.2
v -1.7 2.9 -0.2
v 1.7 2.9 -0.2
v 1.8 2.9 -0.2
v -1.9 3.1 0.2
v -1.8 3.1 0.2
v 1.8 3.1 0.2
v 1.9 3.1 0.2
v -1.9 3.1 -0.2
v -1.8 3.1 -0.2
v 1.8 3.1 -0.2
v 1.9 3.1 -0.2
v -0.2 3.2 0.6
v 0.2 3.2 0.6
v -0.4 3.2 0.5
v -0.3 3.2 0.5
v -0.2 3.2 0.5
v 0.2 3.2 0.5
v 0.3 3.2 0.5
v 0.4 3.2 0.5
v -0.4 3.2 0.4
v -0.3 3.2 0.4
v 0.2 3.2 0.4
v 0.3 3.2 0.4
v -0.4 3.2 0.2
v -0.2 3.2 0.2
v 0.2 3.2 0.2
v 0.4 3.2 0.2
v -0.2 3.5 0.5
v 2.38419e-07 3.5 0.5
v 0.2 3.5 0.5
v -0.2 3.5 0.4
v 2.38419e-07 3.5 0.4
v -0.2 3.5 0.3
v 0.2 3.5 0.3
v -2 3.5 0.2
v -1.9 3.5 0.2
v 1.9 3.5 0.2
v 2 3.5 0.2
v -2 3.5 -0.2
v -1.9 3.5 -0.2
v 1.9 3.5 -0.2
v 2 3.5 -0.2
v -0.2 3.7 0.3
v 0.2 3.7 0.3
v -0.2 3.7 0.2
v 0.2 3.7 0.2
v -1.9 -0.1 0.5
v -1.8 -0.1 0.5
v -1.7 -0.1 0.5
v 1.7 -0.1 0.5
v 1.8 -0.1 0.5
v 1.9 -0.1 0.5
v -1.8 -0.1 0.4
v -1.7 -0.1 0.4
v 1.7 -0.1 0.4
v 1.8 -0.1 0.4
v 1.9 -0.1 0.4
v 1.7 -0.1 0.3
v -1.9 -0.1 0.2
v -1.7 -0.1 0.2
v 1.7 -0.1 0.2
v 1.9 -0.1 0.2
v -0.2 0.2 1.5
v -0.0999999 0.2 1.5
v 2.38419e-07 0.2 1.5
v 0.2 0.2 1.5
v -0.2 0.2 1.4
v -0.0999999 0.2 1.4
v 2.38419e-07 0.2 1.4
v 0.1 0.2 1.4
v 0.2 0.2 1.4
v -1.7 0.2 0.5
v -1.6 0.2 0.5
v 1.6 0.2 0.5
v 1.7 0.2 0.5
v -1.7 0.2 0.4
v -1.6 0.2 0.4
v -1.7 0.2 0.2
v -1.6 0.2 0.2
v 1.6 0.2 0.2
v 1.7 0.2 0.2
v -1.6 0.5 0.5
v -1.5 0.5 0.5
v 1.5 0.5 0.5
v 1.6 0.5 0.5
v -1.6 0.5 0.4
v -1.5 0.5 0.4
v 1.5 0.5 0.3
v 1.6 0.5 0.3
v -1.6 0.5 0.2
v -1.5 0.5 0.2
v 1.5 0.5 0.2
v 1.6 0.5 0.2
v -0.2 0.6 1.4
v 2.38419e-07 0.6 1.4
v 0.1 0.6 1.4
v 0.2 0.6 1.4
v -0.2 0.6 1.3
v -0.0999999 0.6 1.3
v 2.38419e-07 0.6 1.3
v 0.1 0.6 1.3
v 0.2 0.6 1.3
v -1.5 0.8 0.5
v -1.4 0.8 0.5
v 1.4 0.8 0.5
v 1.5 0.8 0.5
v -1.5 0.8 0.3
v -1.4 0.8 0.3
v 1.4 0.8 0.3
v 1.5 0.8 0.3
v -1.5 0.8 0.2
v -1.4 0.8 0.2
v 1.4 0.8 0.2
v 1.5 0.8 0.2
v -0.2 1 1.3
v -0.0999999 1 1.3
v 0.1 1 1.3
v 0.2 1 1.3
v -0.2 1 1.2
v -0.0999999 1 1.2
v 2.38419e-07 1 1.2
v 0.1 1 1.2
v 0.2 1 1.2
v -1.4 1 0.5
v -1.3 1 0.5
v 1.3 1 0.5
v 1.4 1 0.5
v -1.4 1 0.3
v -1.3 1 0.3
v 1.3 1 0.3
v 1.4 1 0.3
v -1.4 1 0.2
v -1.3 1 0.2
v 1.3 1 0.2
v 1.4 1 0.2
v -1.3 1.3 0.5
v -1.2 1.3 0.5
v 1.2 1.3 0.5
v 1.3 1.3 0.5
v -1.3 1.3 0.4
v -1.2 1.3 0.4
v -1.3 1.3 0.3
v -1.2 1.3 0.3
v -1.3 1.3 0.2
v -1.2 1.3 0.2
v 1.2 1.3 0.2
v 1.3 1.3 0.2
v -0.2 1.5 1.2
v 0.1 1.5 1.2
v 0.2 1.5 1.2
v -0.2 1.5 1.1
v -0.0999999 1.5 1.1
v 0.1 1.5 1.1
v 0.2 1.5 1.1
v -1.2 1.6 0.5
v -1.1 1.6 0.5
v 1.1 1.6 0.5
v 1.2 1.6 0.5
v -1.2 1.6 0.4
v -1.1 1.6 0.4
v 1.1 1.6 0.4
v 1.2 1.6 0.4
v -1.2 1.6 0.3
v -1.1 1.6 0.3
v 1.1 1.6 0.3
v -1.2 1.6 0.2
v -1.1 1.6 0.2
v 1.1 1.6 0.2
v 1.2 1.6 0.2
v -1.1 1.9 0.5
v -1 1.9 0.5
v 1 1.9 0.5
v 1.1 1.9 0.5
v -1.1 1.9 0.4
v -1 1.9 0.4
v 1 1.9 0.4
v 1.1 1.9 0.4
v 1 1.9 0.3
v 1.1 1.9 0.3
v -1.1 1.9 0.2
v -1 1.9 0.2
v 1 1.9 0.2
v 1.1 1.9 0.2
v -0.2 2 1.1
v 2.38419e-07 2 1.1
v 0.2 2 1.1
v -0.2 2 1
v -0.0999999 2 1
v 2.38419e-07 2 1
v 0.1 2 1
v 0.2 2 1
v -1 2.3 0.5
v -0.9 2.3 0.5
v 0.9 2.3 0.5
v 1 2.3 0.5
v -0.9 2.3 0.4
v -1 2.3 0.2
v -0.9 2.3 0.2
v 0.9 2.3 0.2
v 1 2.3 0.2
v -0.2 2.5 1
v -0.0999999 2.5 1
v 2.38419e-07 2.5 1
v 0.2 2.5 1
v -0.2 2.5 0.9
v -0.0999999 2.5 0.9
v 2.38419e-07 2.5 0.9
v 0.1 2.5 0.9
v 0.2 2.5 0.9
v -0.9 2.6 0.5
v -0.8 2.6 0.5
v 0.8 2.6 0.5
v 0.9 2.6 0.5
v -0.8 2.6 0.4
v -0.9 2.6 0.2
v -0.8 2.6 0.2
v 0.8 2.6 0.2
v 0.9 2.6 0.2
v -0.2 2.9 0.9
v -0.0999999 2.9 0.9
v 2.38419e-07 2.9 0.9
v 0.1 2.9 0.9
v 0.2 2.9 0.9
v -0.2 2.9 0.8
v -0.0999999 2.9 0.8
v 2.38419e-07 2.9 0.8
v 0.1 2.9 0.8
v 0.2 2.9 0.8
v -0.8 2.9 0.5
v -0.7 2.9 0.5
v 0.7 2.9 0.5
v 0.8 2.9 0.5
v -0.8 2.9 0.4
v -0.7 2.9 0.4
v 0.7 2.9 0.4
v -0.7 2.9 0.3
v -0.8 2.9 0.2
v -0.7 2.9 0.2
v 0.7 2.9 0.2
v 0.8 2.9 0.2
v -0.2 3.2 0.8
v -0.0999999 3.2 0.8
v 2.38419e-07 3.2 0.8
v 0.2 3.2 0.8
v -0.2 3.2 0.7
v -0.0999999 3.2 0.7
v 2.38419e-07 3.2 0.7
v 0.1 3.2 0.7
v 0.2 3.2 0.7
v -0.7 3.2 0.5
v -0.6 3.2 0.5
v 0.6 3.2 0.5
v 0.7 3.2 0.5
v -0.6 3.2 0.4
v -0.7 3.2 0.3
v -0.6 3.2 0.3
v -0.7 3.2 0.2
v -0.6 3.2 0.2
v 0.6 3.2 0.2
v 0.7 3.2 0.2
v -0.6 3.4 0.5
v -0.5 3.4 0.5
v 0.5 3.4 0.5
v 0.6 3.4 0.5
v -0.6 3.4 0.3
v -0.5 3.4 0.3
v -0.6 3.4 0.2
v -0.5 3.4 0.2
v 0.5 3.4 0.2
v 0.6 3.4 0.2
v -0.2 3.5 0.7
v 2.38419e-07 3.5 0.7
v 0.1 3.5 0.7
v 0.2 3.5 0.7
v -0.2 3.5 0.6
v 2.38419e-07 3.5 0.6
v 0.1 3.5 0.6
v 0.2 3.5 0.6
v -0.5 3.5 0.5
v -0.4 3.5 0.5
v 0.4 3.5 0.5
v 0.5 3.5 0.5
v 0.4 3.5 0.4
v -0.5 3.5 0.3
v -0.4 3.5 0.3
v -0.5 3.5 0.2
v -0.4 3.5 0.2
v 0.4 3.5 0.2
v 0.5 3.5 0.2
v -0.4 3.6 0.5
v -0.3 3.6 0.5
v 0.3 3.6 0.5
v 0.4 3.6 0.5
v -0.4 3.6 0.4
v -0.3 3.6 0.4
v 0.3 3.6 0.4
v 0.4 3.6 0.4
v -0.2 3.7 0.6
v 0.2 3.7 0.6
v -0.3 3.7 0.5
v -0.2 3.7 0.5
v -0.0999999 3.7 0.5
v 0.2 3.7 0.5
v 0.3 3.7 0.5
v -0.4 3.7 0.4
v -0.3 3.7 0.4
v -0.0999999 3.7 0.4
v 2.38419e-07 3.7 0.4
v 0.3 3.7 0.4
v 0.4 3.7 0.4
v -0.4 3.7 0.2
v -0.3 3.7 0.2
v 0.3 3.7 0.2
v 0.4 3.7 0.2
v -0.3 3.8 0.4
v -0.0999999 3.8 0.4
v 2.38419e-07 3.8 0.4
v 0.3 3.8 0.4
v -0.2 3.8 0.3
v -0.0999999 3.8 0.3
v 2.38419e-07 3.8 0.3
v 0.1 3.8 0.3
v 0.2 3.8 0.3
v -0.3 3.8 0.2
v -0.2 3.8 0.2
v 0.2 3.8 0.2
v 0.3 3.8 0.2
v -0.2 4.2 0.3
v 2.38419e-07 4.2 0.3
v 0.1 4.2 0.3
v 0.2 4.2 0.3
v -0.2 4.2 0.2
v 2.38419e-07 4.2 0.2
v 0.1 4.2 0.2
v 0.2 4.2 0.2
v -2 4.3 0.2
v -1.9 4.3 0.2
v 1.9 4.3 0.2
v 2 4.3 0.2
v -2 4.3 -0.2
v -1.9 4.3 -0.2
v 1.9 4.3 -0.2
v 2 4.3 -0.2
v -1.9 4.7 0.2
v -1.8 4.7 0.2
v 1.8 4.7 0.2
v 1.9 4.7 0.2
v -1.9 4.7 -0.2
v -1.8 4.7 -0.2
v 1.8 4.7 -0.2
v 1.9 4.7 -0.2
v -1.8 4.9 0.2
v -1.7 4.9 0.2
v 1.7 4.9 0.2
v 1.8 4.9 0.2
v -1.8 4.9 -0.2
v -1.7 4.9 -0.2
v 1.7 4.9 -0.2
v 1.8 4.9 -0.2
v -1.7 5 0.2
v -1.6 5 0.2
v 1.6 5 0.2
v 1.7 5 0.2
v -1.7 5 -0.2
v -1.6 5 -0.2
v 1.6 5 -0.2
v 1.7 5 -0.2
v -1.6 5.2 0.2
v -1.5 5.2 0.2
v 1.5 5.2 0.2
v 1.6 5.2 0.2
v -1.6 5.2 -0.2
v -1.5 5.2 -0.2
v 1.5 5.2 -0.2
v 1.6 5.2 -0.2
v -1.5 5.3 0.2
v -1.4 5.3 0.2
v 1.4 5.3 0.2
v 1.5 5.3 0.2
v -1.5 5.3 -0.2
v -1.4 5.3 -0.2
v 1.4 5.3 -0.2
v 1.5 5.3 -0.2
v -1.4 5.4 0.2
v -1.3 5.4 0.2
v 1.3 5.4 0.2
v 1.4 5.4 0.2
v -1.4 5.4 -0.2
v -1.3 5.4 -0.2
v 1.3 5.4 -0.2
v 1.4 5.4 -0.2
v -1.3 5.5 0.2
v -1.1 5.5 0.2
v 1.1 5.5 0.2
v 1.3 5.5 0.2
v -1.3 5.5 -0.2
v -1.1 5.5 -0.2
v 1.1 5.5 -0.2
v 1.3 5.5 -0.2
v -1.1 5.6 0.2
v -1 5.6 0.2
v 1 5.6 0.2
v 1.1 5.6 0.2
v -1.1 5.6 -0.2
v -1 5.6 -0.2
v 1 5.6 -0.2
v 1.1 5.6 -0.2
v -1 5.7 0.2
v -0.8 5.7 0.2
v 0.8 5.7 0.2
v 1 5.7 0.2
v -1 5.7 -0.2
v -0.8 5.7 -0.2
v 0.8 5.7 -0.2
v 1 5.7 -0.2
v -0.8 5.8 0.2
v -0.4 5.8 0.2
v 0.4 5.8 0.2
v 0.8 5.8 0.2
v -0.8 5.8 -0.2
v -0.4 5.8 -0.2
v 0.4 5.8 -0.2
v 0.8 5.8 -0.2
v -0.4 5.9 0.2
v 0.4 5.9 0.2
v -0.4 5.9 -0.2
v 0.4 5.9 -0.2

# faces
f 3/6/1 2/6/1 1/6/1
f 4/6/1 2/6/1 3/6/1
f 7/1/1 6/1/1 5/1/1
f 8/1/1 6/1/1 7/1/1
f 9/2/1 8/2/1 7/2/1
f 10/2/1 8/2/1 9/2/1
f 13/6/1 12/6/1 11/6/1
f 14/6/1 12/6/1 13/6/1
f 17/6/1 16/6/1 15/6/1
f 18/6/1 16/6/1 17/6/1
f 21/6/1 20/6/1 19/6/1
f 22/6/1 20/6/1 21/6/1
f 25/6/1 24/6/1 23/6/1
f 26/6/1 24/6/1 25/6/1
f 30/2/1 28/2/1 27/2/1
f 30/2/1 29/2/1 28/2/1
f 31/2/1 29/2/1 30/2/1
f 32/1/1 31/1/1 30/1/1
f 33/2/1 29/2/1 31/2/1
f 33/1/1 31/1/1 32/1/1
f 34/2/1 29/2/1 33/2/1
f 37/6/1 36/6/1 35/6/1
f 38/6/1 36/6/1 37/6/1
f 41/6/1 40/6/1 39/6/1
f 42/6/1 40/6/1 41/6/1
f 46/1/1 44/1/1 43/1/1
f 47/2/1 45/2/1 44/2/1
f 47/1/1 44/1/1 46/1/1
f 48/2/1 45/2/1 47/2/1
f 51/6/1 50/6/1 49/6/1
f 52/6/1 50/6/1 51/6/1
f 55/6/1 54/6/1 53/6/1
f 56/6/1 54/6/1 55/6/1
f 60/1/1 58/1/1 57/1/1
f 60/2/1 59/2/1 58/2/1
f 61/2/1 59/2/1 60/2/1
f 62/1/1 60/1/1 57/1/1
f 62/1/1 61/1/1 60/1/1
f 63/2/1 59/2/1 61/2/1
f 63/1/1 61/1/1 62/1/1
f 64/2/1 59/2/1 63/2/1
f 67/6/1 66/6/1 65/6/1
f 68/6/1 66/6/1 67/6/1
f 71/6/1 70/6/1 69/6/1
f 72/6/1 70/6/1 71/6/1
f 76/1/1 74/1/1 73/1/1
f 77/2/1 75/2/1 74/2/1
f 77/1/1 74/1/1 76/1/1
f 78/2/1 75/2/1 77/2/1
f 81/6/1 80/6/1 79/6/1
f 82/6/1 80/6/1 81/6/1
f 85/6/1 84/6/1 83/6/1
f 86/6/1 84/6/1 85/6/1
f 90/1/1 88/1/1 87/1/1
f 90/2/1 89/2/1 88/2/1
f 91/2/1 89/2/1 90/2/1
f 92/1/1 90/1/1 87/1/1
f 92/1/1 91/1/1 90/1/1
f 93/1/1 91/1/1 92/1/1
f 94/1/1 92/1/1 87/1/1
f 95/2/1 93/2/1 92/2/1
f 95/1/1 92/1/1 94/1/1
f 96/1/1 91/1/1 93/1/1
f 96/2/1 93/2/1 95/2/1
f 97/1/1 91/1/1 96/1/1
f 100/6/1 99/6/1 98/6/1
f 101/6/1 99/6/1 100/6/1
f 104/6/1 103/6/1 102/6/1
f 105/6/1 103/6/1 104/6/1
f 110/1/1 107/1/1 106/1/1
f 110/1/1 109/1/1 108/1/1
f 110/1/1 108/1/1 107/1/1
f 111/1/1 109/1/1 110/1/1
f 112/1/1 110/1/1 106/1/1
f 113/2/1 111/2/1 110/2/1
f 113/1/1 110/1/1 112/1/1
f 114/1/1 109/1/1 111/1/1
f 114/2/1 111/2/1 113/2/1
f 115/1/1 109/1/1 114/1/1
f 120/1/1 117/1/1 116/1/1
f 120/2/1 119/2/1 118/2/1
f 120/1/1 118/1/1 117/1/1
f 121/2/1 119/2/1 120/2/1
f 122/1/1 120/1/1 116/1/1
f 122/1/1 121/1/1 120/1/1
f 123/1/1 121/1/1 122/1/1
f 124/1/1 122/1/1 116/1/1
f 125/2/1 123/2/1 122/2/1
f 125/1/1 122/1/1 124/1/1
f 126/2/1 123/2/1 125/2/1
f 129/6/1 128/6/1 127/6/1
f 130/6/1 128/6/1 129/6/1
f 133/6/1 132/6/1 131/6/1
f 134/6/1 132/6/1 133/6/1
f 138/2/1 137/2/1 136/2/1
f 139/1/1 136/1/1 135/1/1
f 140/2/1 138/2/1 136/2/1
f 140/1/1 136/1/1 139/1/1
f 141/2/1 140/2/1 139/2/1
f 142/2/1 138/2/1 140/2/1
f 142/2/1 140/2/1 141/2/1
f 145/6/1 144/6/1 143/6/1
f 146/6/1 144/6/1 145/6/1
f 150/1/1 148/1/1 147/1/1
f 151/2/1 149/2/1 148/2/1
f 151/1/1 148/1/1 150/1/1
f 152/2/1 151/2/1 150/2/1
f 153/2/1 149/2/1 151/2/1
f 153/2/1 151/2/1 152/2/1
f 156/6/1 155/6/1 154/6/1
f 157/6/1 155/6/1 156/6/1
f 161/1/1 159/1/1 158/1/1
f 162/2/1 160/2/1 159/2/1
f 162/1/1 159/1/1 161/1/1
f 163/2/1 160/2/1 162/2/1
f 166/6/1 165/6/1 164/6/1
f 167/6/1 165/6/1 166/6/1
f 172/2/1 171/2/1 170/2/1
f 173/2/1 169/2/1 168/2/1
f 174/1/1 170/1/1 169/1/1
f 174/2/1 169/2/1 173/2/1
f 175/1/1 174/1/1 173/1/1
f 176/2/1 172/2/1 170/2/1
f 176/1/1 174/1/1 175/1/1
f 176/1/1 170/1/1 174/1/1
f 177/2/1 172/2/1 176/2/1
f 182/2/1 179/2/1 178/2/1
f 183/1/1 180/1/1 179/1/1
f 183/2/1 179/2/1 182/2/1
f 184/1/1 183/1/1 182/1/1
f 185/2/1 181/2/1 180/2/1
f 185/1/1 183/1/1 184/1/1
f 185/1/1 180/1/1 183/1/1
f 186/2/1 181/2/1 185/2/1
f 190/1/1 188/1/1 187/1/1
f 191/2/1 189/2/1 188/2/1
f 191/1/1 188/1/1 190/1/1
f 192/2/1 189/2/1 191/2/1
f 195/6/1 194/6/1 193/6/1
f 196/6/1 194/6/1 195/6/1
f 200/2/1 198/2/1 197/2/1
f 200/2/1 199/2/1 198/2/1
f 201/2/1 199/2/1 200/2/1
f 202/2/1 199/2/1 201/2/1
f 203/2/1 199/2/1 202/2/1
f 206/6/1 205/6/1 204/6/1
f 207/6/1 205/6/1 206/6/1
f 210/1/1 209/1/1 208/1/1
f 211/1/1 209/1/1 210/1/1
f 213/2/1 212/2/1 211/2/1
f 214/2/1 212/2/1 213/2/1
f 218/2/1 216/2/1 215/2/1
f 219/1/1 217/1/1 216/1/1
f 219/2/1 216/2/1 218/2/1
f 220/1/1 217/1/1 219/1/1
f 222/2/1 221/2/1 220/2/1
f 222/2/1 220/2/1 219/2/1
f 223/2/1 221/2/1 222/2/1
f 224/2/1 222/2/1 219/2/1
f 224/1/1 223/1/1 222/1/1
f 225/1/1 223/1/1 224/1/1
f 226/2/1 224/2/1 219/2/1
f 226/2/1 225/2/1 224/2/1
f 227/2/1 225/2/1 226/2/1
f 228/2/1 225/2/1 227/2/1
f 230/1/1 228/1/1 227/1/1
f 231/2/1 229/2/1 228/2/1
f 231/1/1 228/1/1 230/1/1
f 232/2/1 229/2/1 231/2/1
f 234/2/1 233/2/1 232/2/1
f 234/2/1 232/2/1 231/2/1
f 235/2/1 233/2/1 234/2/1
f 236/2/1 234/2/1 231/2/1
f 237/1/1 235/1/1 234/1/1
f 237/2/1 234/2/1 236/2/1
f 238/1/1 237/1/1 236/1/1
f 239/1/1 235/1/1 237/1/1
f 239/1/1 237/1/1 238/1/1
f 240/1/1 235/1/1 239/1/1
f 242/2/1 240/2/1 239/2/1
f 242/2/1 241/2/1 240/2/1
f 243/2/1 241/2/1 242/2/1
f 244/2/1 242/2/1 239/2/1
f 245/1/1 243/1/1 242/1/1
f 245/2/1 242/2/1 244/2/1
f 246/1/1 245/1/1 244/1/1
f 247/1/1 243/1/1 245/1/1
f 247/1/1 245/1/1 246/1/1
f 248/1/1 243/1/1 247/1/1
f 250/2/1 248/2/1 247/2/1
f 250/2/1 249/2/1 248/2/1
f 251/2/1 249/2/1 250/2/1
f 252/1/1 251/1/1 250/1/1
f 253/1/1 251/1/1 252/1/1
f 254/1/1 251/1/1 253/1/1
f 256/2/1 254/2/1 253/2/1
f 256/2/1 255/2/1 254/2/1
f 257/2/1 255/2/1 256/2/1
f 258/2/1 255/2/1 257/2/1
f 260/2/1 259/2/1 258/2/1
f 260/2/1 258/2/1 257/2/1
f 261/2/1 259/2/1 260/2/1
f 262/2/1 259/2/1 261/2/1
f 264/2/1 263/2/1 262/2/1
f 264/2/1 262/2/1 261/2/1
f 265/2/1 264/2/1 261/2/1
f 266/2/1 264/2/1 265/2/1
f 267/2/1 264/2/1 266/2/1
f 268/1/1 267/1/1 266/1/1
f 269/1/1 267/1/1 268/1/1
f 272/2/1 271/2/1 270/2/1
f 273/2/1 272/2/1 270/2/1
f 274/2/1 272/2/1 273/2/1
f 278/1/1 276/1/1 275/1/1
f 279/2/1 277/2/1 276/2/1
f 279/1/1 276/1/1 278/1/1
f 280/2/1 279/2/1 278/2/1
f 281/2/1 277/2/1 279/2/1
f 281/2/1 279/2/1 280/2/1
f 282/2/1 277/2/1 281/2/1
f 283/2/1 282/2/1 281/2/1
f 284/2/1 282/2/1 283/2/1
f 287/2/1 286/2/1 285/2/1
f 288/2/1 286/2/1 287/2/1
f 291/2/1 290/2/1 289/2/1
f 292/2/1 291/2/1 289/2/1
f 293/2/1 291/2/1 292/2/1
f 296/2/1 295/2/1 294/2/1
f 297/2/1 295/2/1 296/2/1
f 298/2/1 295/2/1 297/2/1
f 299/1/1 297/1/1 296/1/1
f 300/2/1 298/2/1 297/2/1
f 300/1/1 297/1/1 299/1/1
f 301/2/1 298/2/1 300/2/1
f 304/2/1 303/2/1 302/2/1
f 305/2/1 304/2/1 302/2/1
f 306/2/1 304/2/1 305/2/1
f 307/1/1 306/1/1 305/1/1
f 308/2/1 304/2/1 306/2/1
f 308/1/1 306/1/1 307/1/1
f 309/2/1 304/2/1 308/2/1
f 312/2/1 311/2/1 310/2/1
f 313/2/1 311/2/1 312/2/1
f 314/2/1 312/2/1 310/2/1
f 315/1/1 313/1/1 312/1/1
f 315/2/1 312/2/1 314/2/1
f 316/1/1 313/1/1 315/1/1
f 320/2/1 318/2/1 317/2/1
f 321/1/1 319/1/1 318/1/1
f 321/2/1 318/2/1 320/2/1
f 322/1/1 319/1/1 321/1/1
f 326/2/1 324/2/1 323/2/1
f 327/2/1 324/2/1 326/2/1
f 328/1/1 327/1/1 326/1/1
f 329/2/1 324/2/1 327/2/1
f 329/1/1 327/1/1 328/1/1
f 330/1/1 325/1/1 324/1/1
f 330/2/1 324/2/1 329/2/1
f 331/1/1 325/1/1 330/1/1
f 335/2/1 333/2/1 332/2/1
f 336/2/1 333/2/1 335/2/1
f 337/1/1 334/1/1 333/1/1
f 337/2/1 333/2/1 336/2/1
f 338/1/1 334/1/1 337/1/1
f 339/1/1 336/1/1 335/1/1
f 340/2/1 337/2/1 336/2/1
f 340/1/1 336/1/1 339/1/1
f 340/2/1 338/2/1 337/2/1
f 341/2/1 338/2/1 340/2/1
f 342/2/1 338/2/1 341/2/1
f 346/2/1 344/2/1 343/2/1
f 347/2/1 344/2/1 346/2/1
f 348/1/1 345/1/1 344/1/1
f 348/2/1 344/2/1 347/2/1
f 349/1/1 345/1/1 348/1/1
f 350/1/1 347/1/1 346/1/1
f 351/2/1 348/2/1 347/2/1
f 351/1/1 347/1/1 350/1/1
f 351/2/1 349/2/1 348/2/1
f 352/2/1 349/2/1 351/2/1
f 353/2/1 349/2/1 352/2/1
f 356/2/1 355/2/1 354/2/1
f 357/2/1 355/2/1 356/2/1
f 358/2/1 356/2/1 354/2/1
f 359/2/1 356/2/1 358/2/1
f 360/1/1 359/1/1 358/1/1
f 361/2/1 356/2/1 359/2/1
f 361/1/1 359/1/1 360/1/1
f 362/1/1 357/1/1 356/1/1
f 362/2/1 356/2/1 361/2/1
f 363/1/1 357/1/1 362/1/1
f 366/2/1 365/2/1 364/2/1
f 367/2/1 365/2/1 366/2/1
f 368/1/1 367/1/1 366/1/1
f 369/2/1 365/2/1 367/2/1
f 369/1/1 367/1/1 368/1/1
f 370/2/1 365/2/1 369/2/1
f 373/2/1 372/2/1 371/2/1
f 374/2/1 372/2/1 373/2/1
f 375/2/2 376/2/2 377/2/2
f 377/2/2 376/2/2 378/2/2
f 375/2/2 377/2/2 379/2/2
f 377/1/2 378/1/2 380/1/2
f 379/2/2 377/2/2 380/2/2
f 380/1/2 378/1/2 381/1/2
f 382/2/2 383/2/2 384/2/2
f 384/2/2 383/2/2 385/2/2
f 385/2/2 383/2/2 386/2/2
f 386/2/2 383/2/2 387/2/2
f 384/1/2 385/1/2 388/1/2
f 385/2/2 386/2/2 389/2/2
f 388/1/2 385/1/2 389/1/2
f 386/1/2 387/1/2 390/1/2
f 389/2/2 386/2/2 390/2/2
f 390/1/2 387/1/2 391/1/2
f 392/2/2 393/2/2 394/2/2
f 394/2/2 393/2/2 395/2/2
f 395/2/2 393/2/2 396/2/2
f 396/2/2 393/2/2 397/2/2
f 394/1/2 395/1/2 398/1/2
f 395/2/2 396/2/2 399/2/2
f 398/1/2 395/1/2 399/1/2
f 396/1/2 397/1/2 400/1/2
f 399/2/2 396/2/2 400/2/2
f 400/1/2 397/1/2 401/1/2
f 402/1/2 403/1/2 405/1/2
f 403/2/2 404/2/2 406/2/2
f 405/1/2 403/1/2 406/1/2
f 406/2/2 404/2/2 407/2/2
f 407/2/2 404/2/2 408/2/2
f 405/2/2 406/2/2 409/2/2
f 406/2/2 407/2/2 409/2/2
f 409/2/2 407/2/2 410/2/2
f 407/1/2 408/1/2 411/1/2
f 410/2/2 407/2/2 411/2/2
f 411/1/2 408/1/2 412/1/2
f 414/2/2 415/2/2 416/2/2
f 416/2/2 415/2/2 417/2/2
f 413/1/2 414/1/2 418/1/2
f 414/2/2 416/2/2 419/2/2
f 418/1/2 414/1/2 419/1/2
f 416/1/2 417/1/2 420/1/2
f 419/2/2 416/2/2 420/2/2
f 420/1/2 417/1/2 421/1/2
f 422/2/2 423/2/2 424/2/2
f 424/2/2 423/2/2 425/2/2
f 425/2/2 423/2/2 426/2/2
f 426/2/2 423/2/2 427/2/2
f 424/1/2 425/1/2 428/1/2
f 425/2/2 426/2/2 429/2/2
f 428/1/2 425/1/2 429/1/2
f 426/1/2 427/1/2 430/1/2
f 429/2/2 426/2/2 430/2/2
f 430/1/2 427/1/2 431/1/2
f 433/2/2 434/2/2 435/2/2
f 435/2/2 434/2/2 436/2/2
f 432/1/2 433/1/2 437/1/2
f 433/2/2 435/2/2 438/2/2
f 437/1/2 433/1/2 438/1/2
f 437/2/2 438/2/2 439/2/2
f 435/1/2 436/1/2 440/1/2
f 439/2/2 438/2/2 440/2/2
f 438/2/2 435/2/2 440/2/2
f 440/1/2 436/1/2 441/1/2
f 442/2/2 443/2/2 444/2/2
f 444/2/2 443/2/2 445/2/2
f 442/2/2 444/2/2 446/2/2
f 446/2/2 444/2/2 447/2/2
f 444/1/2 445/1/2 448/1/2
f 447/2/2 444/2/2 448/2/2
f 448/1/2 445/1/2 449/1/2
f 450/1/2 451/1/2 453/1/2
f 451/2/2 452/2/2 454/2/2
f 453/1/2 451/1/2 454/1/2
f 454/2/2 452/2/2 455/2/2
f 453/2/2 454/2/2 456/2/2
f 454/2/2 455/2/2 456/2/2
f 456/2/2 455/2/2 457/2/2
f 458/2/2 459/2/2 460/2/2
f 458/2/2 460/2/2 461/2/2
f 461/2/2 460/2/2 462/2/2
f 461/1/2 462/1/2 463/1/2
f 462/2/2 460/2/2 464/2/2
f 463/1/2 462/1/2 464/1/2
f 464/2/2 460/2/2 465/2/2
f 466/2/2 467/2/2 468/2/2
f 468/2/2 467/2/2 469/2/2
f 469/2/2 467/2/2 470/2/2
f 468/1/2 469/1/2 471/1/2
f 469/2/2 470/2/2 472/2/2
f 471/1/2 469/1/2 472/1/2
f 472/2/2 470/2/2 473/2/2
f 474/2/2 475/2/2 476/2/2
f 476/2/2 475/2/2 477/2/2
f 476/1/2 477/1/2 478/1/2
f 477/2/2 475/2/2 479/2/2
f 478/1/2 477/1/2 479/1/2
f 479/2/2 475/2/2 480/2/2
f 481/2/2 482/2/2 483/2/2
f 483/2/2 482/2/2 484/2/2
f 483/1/2 484/1/2 485/1/2
f 484/2/2 482/2/2 486/2/2
f 485/1/2 484/1/2 486/1/2
f 486/2/2 482/2/2 487/2/2
f 487/2/2 482/2/2 488/2/2
f 487/2/2 488/2/2 489/2/2
f 489/2/2 488/2/2 490/2/2
f 491/2/2 492/2/2 494/2/2
f 492/1/2 493/1/2 495/1/2
f 494/2/2 492/2/2 495/2/2
f 495/1/2 493/1/2 496/1/2
f 496/1/2 497/1/2 498/1/2
f 495/2/2 496/2/2 498/2/2
f 498/1/2 497/1/2 499/1/2
f 495/2/2 498/2/2 500/2/2
f 498/2/2 499/2/2 500/2/2
f 500/2/2 499/2/2 501/2/2
f 501/2/2 499/2/2 502/2/2
f 501/1/2 502/1/2 504/1/2
f 502/2/2 503/2/2 504/2/2
f 504/2/2 503/2/2 505/2/2
f 501/1/2 504/1/2 506/1/2
f 504/1/2 505/1/2 506/1/2
f 506/1/2 505/1/2 507/1/2
f 507/1/2 505/1/2 508/1/2
f 507/1/2 508/1/2 510/1/2
f 508/2/2 509/2/2 510/2/2
f 510/2/2 509/2/2 511/2/2
f 507/1/2 510/1/2 512/1/2
f 510/1/2 511/1/2 512/1/2
f 512/1/2 511/1/2 513/1/2
f 512/2/2 513/2/2 514/2/2
f 514/2/2 513/2/2 515/2/2
f 515/2/2 513/2/2 516/2/2
f 515/2/2 516/2/2 518/2/2
f 516/1/2 517/1/2 518/1/2
f 518/1/2 517/1/2 519/1/2
f 515/2/2 518/2/2 520/2/2
f 518/2/2 519/2/2 520/2/2
f 520/2/2 519/2/2 521/2/2
f 521/2/2 519/2/2 522/2/2
f 521/2/2 522/2/2 524/2/2
f 522/2/2 523/2/2 524/2/2
f 524/2/2 523/2/2 525/2/2
f 524/1/2 525/1/2 526/1/2
f 526/1/2 525/1/2 527/1/2
f 527/1/2 525/1/2 528/1/2
f 527/2/2 528/2/2 530/2/2
f 528/2/2 529/2/2 530/2/2
f 530/2/2 529/2/2 531/2/2
f 530/1/2 531/1/2 532/1/2
f 532/1/2 531/1/2 533/1/2
f 533/1/2 531/1/2 534/1/2
f 533/2/2 534/2/2 536/2/2
f 534/2/2 535/2/2 536/2/2
f 536/2/2 535/2/2 537/2/2
f 537/2/2 535/2/2 538/2/2
f 538/2/2 539/2/2 540/2/2
f 537/2/2 538/2/2 540/2/2
f 537/2/2 540/2/2 541/2/2
f 541/2/2 540/2/2 542/2/2
f 542/2/2 540/2/2 543/2/2
f 542/1/2 543/1/2 544/1/2
f 542/1/2 544/1/2 545/1/2
f 545/1/2 544/1/2 546/1/2
f 547/1/2 548/1/2 549/1/2
f 549/1/2 548/1/2 550/1/2
f 549/2/2 550/2/2 551/2/2
f 549/2/2 551/2/2 552/2/2
f 552/2/2 551/2/2 553/2/2
f 554/2/2 555/2/2 556/2/2
f 556/2/2 555/2/2 557/2/2
f 557/2/2 558/2/2 559/2/2
f 559/2/2 558/2/2 560/2/2
f 561/6/2 562/6/2 563/6/2
f 563/6/2 562/6/2 564/6/2
f 565/1/2 566/1/2 568/1/2
f 566/2/2 567/2/2 569/2/2
f 568/1/2 566/1/2 569/1/2
f 569/2/2 567/2/2 570/2/2
f 570/2/2 567/2/2 571/2/2
f 572/6/2 573/6/2 574/6/2
f 574/6/2 573/6/2 575/6/2
f 576/2/2 577/2/2 578/2/2
f 578/2/2 577/2/2 579/2/2
f 580/2/2 581/2/2 582/2/2
f 582/2/2 581/2/2 583/2/2
f 584/1/2 585/1/2 587/1/2
f 585/2/2 586/2/2 588/2/2
f 587/1/2 585/1/2 588/1/2
f 588/2/2 586/2/2 589/2/2
f 587/2/2 588/2/2 590/2/2
f 588/2/2 589/2/2 590/2/2
f 590/2/2 589/2/2 591/2/2
f 592/6/2 593/6/2 594/6/2
f 594/6/2 593/6/2 595/6/2
f 596/2/2 597/2/2 598/2/2
f 598/2/2 597/2/2 599/2/2
f 600/6/2 601/6/2 602/6/2
f 602/6/2 601/6/2 603/6/2
f 604/2/2 605/2/2 606/2/2
f 606/2/2 605/2/2 607/2/2
f 608/1/2 609/1/2 612/1/2
f 610/1/2 611/1/2 612/1/2
f 609/1/2 610/1/2 612/1/2
f 612/1/2 611/1/2 613/1/2
f 608/1/2 612/1/2 614/1/2
f 614/1/2 612/1/2 615/1/2
f 612/2/2 613/2/2 616/2/2
f 615/1/2 612/1/2 618/1/2
f 614/2/2 615/2/2 618/2/2
f 612/2/2 616/2/2 619/2/2
f 618/1/2 612/1/2 619/1/2
f 616/6/2 617/6/2 620/6/2
f 619/2/2 616/2/2 620/2/2
f 620/6/2 617/6/2 621/6/2
f 614/2/2 618/2/2 622/2/2
f 618/2/2 619/2/2 622/2/2
f 619/2/2 620/2/2 622/2/2
f 622/2/2 620/2/2 623/2/2
f 624/6/2 625/6/2 626/6/2
f 626/6/2 625/6/2 627/6/2
f 628/1/2 629/1/2 632/1/2
f 629/2/2 630/2/2 633/2/2
f 632/1/2 629/1/2 633/1/2
f 630/1/2 631/1/2 634/1/2
f 633/2/2 630/2/2 634/2/2
f 633/1/2 634/1/2 635/1/2
f 634/1/2 631/1/2 635/1/2
f 635/1/2 631/1/2 636/1/2
f 632/2/2 633/2/2 637/2/2
f 633/1/2 635/1/2 638/1/2
f 637/2/2 633/2/2 638/2/2
f 635/2/2 636/2/2 639/2/2
f 638/1/2 635/1/2 639/1/2
f 639/2/2 636/2/2 640/2/2
f 641/6/2 642/6/2 643/6/2
f 643/6/2 642/6/2 644/6/2
f 645/6/2 646/6/2 647/6/2
f 647/6/2 646/6/2 648/6/2
f 649/2/2 650/2/2 651/2/2
f 651/2/2 650/2/2 652/2/2
f 651/1/2 652/1/2 653/1/2
f 652/2/2 650/2/2 654/2/2
f 653/1/2 652/1/2 654/1/2
f 654/2/2 650/2/2 655/2/2
f 656/2/2 657/2/2 659/2/2
f 657/1/2 658/1/2 660/1/2
f 659/2/2 657/2/2 660/2/2
f 659/1/2 660/1/2 661/1/2
f 660/1/2 658/1/2 662/1/2
f 661/1/2 660/1/2 662/1/2
f 663/6/2 664/6/2 665/6/2
f 665/6/2 664/6/2 666/6/2
f 667/6/2 668/6/2 669/6/2
f 669/6/2 668/6/2 670/6/2
f 671/2/2 672/2/2 674/2/2
f 672/1/2 673/1/2 675/1/2
f 674/2/2 672/2/2 675/2/2
f 675/1/2 673/1/2 676/1/2
f 677/6/2 678/6/2 679/6/2
f 679/6/2 678/6/2 680/6/2
f 681/6/2 682/6/2 683/6/2
f 683/6/2 682/6/2 684/6/2
f 685/1/2 686/1/2 688/1/2
f 688/1/2 686/1/2 689/1/2
f 686/2/2 687/2/2 690/2/2
f 689/1/2 686/1/2 690/1/2
f 690/2/2 687/2/2 691/2/2
f 688/2/2 689/2/2 692/2/2
f 689/1/2 690/1/2 692/1/2
f 690/1/2 691/1/2 692/1/2
f 692/1/2 691/1/2 693/1/2
f 688/2/2 692/2/2 694/2/2
f 692/2/2 693/2/2 694/2/2
f 693/1/2 691/1/2 695/1/2
f 694/2/2 693/2/2 695/2/2
f 695/1/2 691/1/2 696/1/2
f 697/6/2 698/6/2 699/6/2
f 699/6/2 698/6/2 700/6/2
f 701/6/2 702/6/2 703/6/2
f 703/6/2 702/6/2 704/6/2
f 705/2/2 706/2/2 707/2/2
f 707/2/2 706/2/2 708/2/2
f 707/1/2 708/1/2 709/1/2
f 708/2/2 706/2/2 709/2/2
f 709/2/2 706/2/2 710/2/2
f 707/1/2 709/1/2 711/1/2
f 709/1/2 710/1/2 711/1/2
f 710/2/2 706/2/2 712/2/2
f 711/1/2 710/1/2 712/1/2
f 712/2/2 706/2/2 713/2/2
f 714/6/2 715/6/2 716/6/2
f 716/6/2 715/6/2 717/6/2
f 718/6/2 719/6/2 720/6/2
f 720/6/2 719/6/2 721/6/2
f 722/1/2 723/1/2 726/1/2
f 723/2/2 724/2/2 727/2/2
f 726/1/2 723/1/2 727/1/2
f 724/1/2 725/1/2 728/1/2
f 727/2/2 724/2/2 728/2/2
f 728/1/2 725/1/2 729/1/2
f 726/2/2 727/2/2 730/2/2
f 727/2/2 728/2/2 730/2/2
f 728/2/2 729/2/2 730/2/2
f 730/2/2 729/2/2 731/2/2
f 732/6/2 733/6/2 734/6/2
f 734/6/2 733/6/2 735/6/2
f 736/6/2 737/6/2 738/6/2
f 738/6/2 737/6/2 739/6/2
f 740/6/2 741/6/2 742/6/2
f 742/6/2 741/6/2 743/6/2
f 744/6/2 745/6/2 746/6/2
f 746/6/2 745/6/2 747/6/2
f 748/1/2 749/1/2 750/1/2
f 750/1/2 749/1/2 751/1/2
f 748/1/2 750/1/2 752/1/2
f 750/2/2 751/2/2 753/2/2
f 752/1/2 750/1/2 753/1/2
f 753/2/2 751/2/2 754/2/2
f 755/6/2 756/6/2 757/6/2
f 757/6/2 756/6/2 758/6/2
f 759/6/2 760/6/2 761/6/2
f 761/6/2 760/6/2 762/6/2
f 763/6/2 764/6/2 765/6/2
f 765/6/2 764/6/2 766/6/2
f 769/2/3 768/2/3 767/2/3
f 770/2/3 768/2/3 769/2/3
f 771/2/3 769/2/3 767/2/3
f 771/1/3 770/1/3 769/1/3
f 772/1/3 770/1/3 771/1/3
f 773/2/3 771/2/3 767/2/3
f 773/2/3 772/2/3 771/2/3
f 774/2/3 772/2/3 773/2/3
f 777/2/3 776/2/3 775/2/3
f 778/2/3 776/2/3 777/2/3
f 779/2/3 776/2/3 778/2/3
f 780/1/3 779/1/3 778/1/3
f 781/1/3 779/1/3 780/1/3
f 782/2/3 781/2/3 780/2/3
f 783/2/3 781/2/3 782/2/3
f 786/1/3 785/1/3 784/1/3
f 787/1/3 785/1/3 786/1/3
f 788/2/3 787/2/3 786/2/3
f 789/2/3 787/2/3 788/2/3
f 790/2/3 787/2/3 789/2/3
f 791/1/3 790/1/3 789/1/3
f 792/1/3 790/1/3 791/1/3
f 796/2/3 794/2/3 793/2/3
f 797/1/3 795/1/3 794/1/3
f 797/2/3 794/2/3 796/2/3
f 798/1/3 797/1/3 796/1/3
f 799/1/3 797/1/3 798/1/3
f 800/2/3 799/2/3 798/2/3
f 801/1/3 797/1/3 799/1/3
f 801/2/3 799/2/3 800/2/3
f 802/1/3 797/1/3 801/1/3
f 803/1/3 795/1/3 797/1/3
f 803/1/3 797/1/3 802/1/3
f 804/1/3 802/1/3 801/1/3
f 804/1/3 801/1/3 800/1/3
f 805/2/3 803/2/3 802/2/3
f 805/1/3 802/1/3 804/1/3
f 806/2/3 803/2/3 805/2/3
f 810/2/3 808/2/3 807/2/3
f 811/1/3 809/1/3 808/1/3
f 811/2/3 808/2/3 810/2/3
f 812/1/3 811/1/3 810/1/3
f 812/1/3 809/1/3 811/1/3
f 813/1/3 809/1/3 812/1/3
f 814/1/3 812/1/3 810/1/3
f 815/2/3 813/2/3 812/2/3
f 815/1/3 812/1/3 814/1/3
f 816/2/3 815/2/3 814/2/3
f 817/2/3 813/2/3 815/2/3
f 817/2/3 815/2/3 816/2/3
f 821/2/3 819/2/3 818/2/3
f 822/2/3 819/2/3 821/2/3
f 823/1/3 820/1/3 819/1/3
f 823/2/3 819/2/3 822/2/3
f 824/1/3 820/1/3 823/1/3
f 825/1/3 822/1/3 821/1/3
f 826/2/3 823/2/3 822/2/3
f 826/1/3 822/1/3 825/1/3
f 826/2/3 824/2/3 823/2/3
f 827/2/3 824/2/3 826/2/3
f 828/1/3 826/1/3 825/1/3
f 828/1/3 827/1/3 826/1/3
f 829/1/3 827/1/3 828/1/3
f 830/2/3 829/2/3 828/2/3
f 831/1/3 827/1/3 829/1/3
f 831/2/3 829/2/3 830/2/3
f 832/1/3 827/1/3 831/1/3
f 835/2/3 834/2/3 833/2/3
f 836/2/3 834/2/3 835/2/3
f 837/2/3 834/2/3 836/2/3
f 838/2/3 836/2/3 835/2/3
f 839/1/3 837/1/3 836/1/3
f 839/2/3 836/2/3 838/2/3
f 840/1/3 837/1/3 839/1/3
f 841/1/3 837/1/3 840/1/3
f 842/1/3 839/1/3 838/1/3
f 842/1/3 840/1/3 839/1/3
f 843/1/3 840/1/3 842/1/3
f 844/2/3 841/2/3 840/2/3
f 844/1/3 840/1/3 843/1/3
f 845/2/3 841/2/3 844/2/3
f 846/2/3 843/2/3 842/2/3
f 847/1/3 844/1/3 843/1/3
f 847/2/3 843/2/3 846/2/3
f 847/1/3 845/1/3 844/1/3
f 848/1/3 845/1/3 847/1/3
f 851/2/3 850/2/3 849/2/3
f 852/2/3 850/2/3 851/2/3
f 853/1/3 852/1/3 851/1/3
f 854/1/3 852/1/3 853/1/3
f 855/2/3 854/2/3 853/2/3
f 856/2/3 854/2/3 855/2/3
f 857/2/3 854/2/3 856/2/3
f 860/2/3 859/2/3 858/2/3
f 861/2/3 859/2/3 860/2/3
f 862/2/3 859/2/3 861/2/3
f 863/1/3 862/1/3 861/1/3
f 864/1/3 862/1/3 863/1/3
f 865/2/3 864/2/3 863/2/3
f 866/2/3 864/2/3 865/2/3
f 869/1/3 868/1/3 867/1/3
f 870/1/3 868/1/3 869/1/3
f 871/1/3 868/1/3 870/1/3
f 872/1/3 868/1/3 871/1/3
f 876/1/3 874/1/3 873/1/3
f 876/2/3 875/2/3 874/2/3
f 877/2/3 875/2/3 876/2/3
f 878/1/3 876/1/3 873/1/3
f 878/1/3 877/1/3 876/1/3
f 879/1/3 877/1/3 878/1/3
f 882/2/3 879/2/3 878/2/3
f 882/1/3 881/1/3 880/1/3
f 882/2/3 880/2/3 879/2/3
f 883/1/3 881/1/3 882/1/3
f 885/2/3 882/2/3 878/2/3
f 885/2/3 883/2/3 882/2/3
f 886/2/3 883/2/3 885/2/3
f 887/2/3 883/2/3 886/2/3
f 888/1/3 884/1/3 883/1/3
f 888/2/3 883/2/3 887/2/3
f 889/1/3 884/1/3 888/1/3
f 891/2/3 887/2/3 886/2/3
f 892/1/3 890/1/3 889/1/3
f 892/2/3 887/2/3 891/2/3
f 892/1/3 889/1/3 888/1/3
f 892/1/3 888/1/3 887/1/3
f 893/1/3 890/1/3 892/1/3
f 894/1/3 890/1/3 893/1/3
f 895/1/3 890/1/3 894/1/3
f 896/1/3 890/1/3 895/1/3
f 897/1/3 890/1/3 896/1/3
f 899/2/3 894/2/3 893/2/3
f 900/1/3 895/1/3 894/1/3
f 900/2/3 894/2/3 899/2/3
f 901/2/3 896/2/3 895/2/3
f 901/1/3 895/1/3 900/1/3
f 902/1/3 898/1/3 897/1/3
f 902/2/3 896/2/3 901/2/3
f 902/1/3 897/1/3 896/1/3
f 903/1/3 898/1/3 902/1/3
f 905/1/3 902/1/3 901/1/3
f 906/2/3 903/2/3 902/2/3
f 906/1/3 902/1/3 905/1/3
f 907/2/3 903/2/3 906/2/3
f 908/1/3 904/1/3 903/1/3
f 908/2/3 903/2/3 907/2/3
f 909/1/3 904/1/3 908/1/3
f 910/1/3 904/1/3 909/1/3
f 912/1/3 908/1/3 907/1/3
f 912/1/3 909/1/3 908/1/3
f 913/1/3 909/1/3 912/1/3
f 914/1/3 909/1/3 913/1/3
f 915/2/3 910/2/3 909/2/3
f 915/1/3 909/1/3 914/1/3
f 916/1/3 911/1/3 910/1/3
f 916/2/3 910/2/3 915/2/3
f 917/1/3 911/1/3 916/1/3
f 919/2/3 914/2/3 913/2/3
f 920/1/3 915/1/3 914/1/3
f 920/2/3 914/2/3 919/2/3
f 920/1/3 916/1/3 915/1/3
f 921/2/3 917/2/3 916/2/3
f 921/1/3 916/1/3 920/1/3
f 922/2/3 917/2/3 921/2/3
f 923/1/3 918/1/3 917/1/3
f 923/2/3 917/2/3 922/2/3
f 924/1/3 918/1/3 923/1/3
f 927/1/3 922/1/3 921/1/3
f 928/2/3 924/2/3 923/2/3
f 928/1/3 922/1/3 927/1/3
f 928/2/3 923/2/3 922/2/3
f 929/2/3 924/2/3 928/2/3
f 930/1/3 925/1/3 924/1/3
f 930/2/3 924/2/3 929/2/3
f 931/1/3 925/1/3 930/1/3
f 932/2/3 926/2/3 925/2/3
f 932/1/3 925/1/3 931/1/3
f 933/2/3 926/2/3 932/2/3
f 936/2/3 931/2/3 930/2/3
f 936/2/3 930/2/3 929/2/3
f 937/2/3 931/2/3 936/2/3
f 938/2/3 931/2/3 937/2/3
f 939/1/3 934/1/3 933/1/3
f 939/2/3 931/2/3 938/2/3
f 939/1/3 933/1/3 932/1/3
f 939/1/3 932/1/3 931/1/3
f 940/1/3 934/1/3 939/1/3
f 941/2/3 935/2/3 934/2/3
f 941/1/3 934/1/3 940/1/3
f 942/2/3 935/2/3 941/2/3
f 944/1/3 938/1/3 937/1/3
f 945/2/3 940/2/3 939/2/3
f 945/1/3 938/1/3 944/1/3
f 945/2/3 939/2/3 938/2/3
f 946/1/3 943/1/3 942/1/3
f 946/2/3 940/2/3 945/2/3
f 946/1/3 942/1/3 941/1/3
f 946/1/3 941/1/3 940/1/3
f 947/1/3 943/1/3 946/1/3
f 948/1/3 943/1/3 947/1/3
f 949/1/3 943/1/3 948/1/3
f 952/2/3 947/2/3 946/2/3
f 953/1/3 948/1/3 947/1/3
f 953/2/3 947/2/3 952/2/3
f 954/1/3 948/1/3 953/1/3
f 955/1/3 948/1/3 954/1/3
f 956/2/3 950/2/3 949/2/3
f 956/1/3 948/1/3 955/1/3
f 956/2/3 949/2/3 948/2/3
f 957/1/3 951/1/3 950/1/3
f 957/2/3 950/2/3 956/2/3
f 958/1/3 951/1/3 957/1/3
f 961/2/3 955/2/3 954/2/3
f 962/1/3 956/1/3 955/1/3
f 962/2/3 955/2/3 961/2/3
f 962/1/3 957/1/3 956/1/3
f 963/1/3 957/1/3 962/1/3
f 964/1/3 957/1/3 963/1/3
f 965/2/3 959/2/3 958/2/3
f 965/1/3 957/1/3 964/1/3
f 965/2/3 958/2/3 957/2/3
f 966/1/3 960/1/3 959/1/3
f 966/2/3 959/2/3 965/2/3
f 967/1/3 960/1/3 966/1/3
f 969/2/3 964/2/3 963/2/3
f 970/1/3 965/1/3 964/1/3
f 970/2/3 964/2/3 969/2/3
f 970/1/3 966/1/3 965/1/3
f 971/1/3 966/1/3 970/1/3
f 972/2/3 967/2/3 966/2/3
f 972/1/3 966/1/3 971/1/3
f 973/1/3 968/1/3 967/1/3
f 973/2/3 967/2/3 972/2/3
f 974/1/3 968/1/3 973/1/3
f 976/1/3 972/1/3 971/1/3
f 976/1/3 974/1/3 973/1/3
f 976/1/3 973/1/3 972/1/3
f 977/1/3 974/1/3 976/1/3
f 978/2/3 975/2/3 974/2/3
f 978/1/3 974/1/3 977/1/3
f 979/2/3 975/2/3 978/2/3
f 981/2/3 977/2/3 976/2/3
f 982/1/3 980/1/3 979/1/3
f 982/2/3 977/2/3 981/2/3
f 982/1/3 978/1/3 977/1/3
f 982/1/3 979/1/3 978/1/3
f 983/1/3 980/1/3 982/1/3
f 984/1/3 980/1/3 983/1/3
f 990/1/3 986/1/3 985/1/3
f 991/2/3 987/2/3 986/2/3
f 991/1/3 986/1/3 990/1/3
f 992/1/3 988/1/3 987/1/3
f 992/2/3 987/2/3 991/2/3
f 993/2/3 989/2/3 988/2/3
f 993/1/3 988/1/3 992/1/3
f 994/2/3 989/2/3 993/2/3
f 996/2/3 991/2/3 990/2/3
f 997/1/3 992/1/3 991/1/3
f 997/1/3 993/1/3 992/1/3
f 997/2/3 991/2/3 996/2/3
f 998/1/3 993/1/3 997/1/3
f 999/1/3 993/1/3 998/1/3
f 1000/1/3 993/1/3 999/1/3
f 1002/2/3 996/2/3 995/2/3
f 1003/1/3 997/1/3 996/1/3
f 1003/1/3 998/1/3 997/1/3
f 1003/2/3 996/2/3 1002/2/3
f 1004/2/3 999/2/3 998/2/3
f 1004/1/3 998/1/3 1003/1/3
f 1005/2/3 999/2/3 1004/2/3
f 1008/2/3 1002/2/3 1001/2/3
f 1009/1/3 1003/1/3 1002/1/3
f 1009/2/3 1002/2/3 1008/2/3
f 1010/1/3 1003/1/3 1009/1/3
f 1011/2/3 1004/2/3 1003/2/3
f 1011/1/3 1003/1/3 1010/1/3
f 1012/2/3 1004/2/3 1011/2/3
f 1015/2/3 1007/2/3 1006/2/3
f 1016/1/3 1008/1/3 1007/1/3
f 1016/1/3 1010/1/3 1009/1/3
f 1016/2/3 1007/2/3 1015/2/3
f 1016/1/3 1009/1/3 1008/1/3
f 1017/1/3 1010/1/3 1016/1/3
f 1018/1/3 1010/1/3 1017/1/3
f 1019/2/3 1011/2/3 1010/2/3
f 1019/1/3 1010/1/3 1018/1/3
f 1020/2/3 1011/2/3 1019/2/3
f 1022/2/3 1014/2/3 1013/2/3
f 1023/2/3 1014/2/3 1022/2/3
f 1024/1/3 1015/1/3 1014/1/3
f 1024/2/3 1014/2/3 1023/2/3
f 1024/1/3 1016/1/3 1015/1/3
f 1024/1/3 1017/1/3 1016/1/3
f 1025/1/3 1017/1/3 1024/1/3
f 1026/2/3 1018/2/3 1017/2/3
f 1026/1/3 1017/1/3 1025/1/3
f 1027/2/3 1018/2/3 1026/2/3
f 1028/2/3 1018/2/3 1027/2/3
f 1030/2/3 1023/2/3 1022/2/3
f 1030/2/3 1022/2/3 1021/2/3
f 1031/1/3 1025/1/3 1024/1/3
f 1031/1/3 1024/1/3 1023/1/3
f 1031/2/3 1023/2/3 1030/2/3
f 1032/1/3 1025/1/3 1031/1/3
f 1033/2/3 1027/2/3 1026/2/3
f 1033/1/3 1025/1/3 1032/1/3
f 1033/2/3 1026/2/3 1025/2/3
f 1034/2/3 1027/2/3 1033/2/3
f 1037/2/3 1030/2/3 1029/2/3
f 1038/1/3 1032/1/3 1031/1/3
f 1038/1/3 1031/1/3 1030/1/3
f 1038/2/3 1030/2/3 1037/2/3
f 1039/1/3 1032/1/3 1038/1/3
f 1040/1/3 1032/1/3 1039/1/3
f 1041/2/3 1033/2/3 1032/2/3
f 1041/1/3 1032/1/3 1040/1/3
f 1042/2/3 1033/2/3 1041/2/3
f 1045/2/3 1036/2/3 1035/2/3
f 1046/1/3 1037/1/3 1036/1/3
f 1046/1/3 1038/1/3 1037/1/3
f 1046/2/3 1036/2/3 1045/2/3
f 1046/1/3 1039/1/3 1038/1/3
f 1047/1/3 1039/1/3 1046/1/3
f 1048/1/3 1039/1/3 1047/1/3
f 1049/1/3 1039/1/3 1048/1/3
f 1050/2/3 1040/2/3 1039/2/3
f 1050/1/3 1039/1/3 1049/1/3
f 1051/2/3 1040/2/3 1050/2/3
f 1054/2/3 1044/2/3 1043/2/3
f 1055/1/3 1045/1/3 1044/1/3
f 1055/1/3 1046/1/3 1045/1/3
f 1055/2/3 1044/2/3 1054/2/3
f 1055/1/3 1047/1/3 1046/1/3
f 1056/1/3 1047/1/3 1055/1/3
f 1057/1/3 1047/1/3 1056/1/3
f 1058/2/3 1048/2/3 1047/2/3
f 1058/1/3 1047/1/3 1057/1/3
f 1059/1/3 1049/1/3 1048/1/3
f 1059/2/3 1048/2/3 1058/2/3
f 1060/1/3 1049/1/3 1059/1/3
f 1063/2/3 1053/2/3 1052/2/3
f 1064/1/3 1054/1/3 1053/1/3
f 1064/1/3 1055/1/3 1054/1/3
f 1064/2/3 1053/2/3 1063/2/3
f 1064/1/3 1056/1/3 1055/1/3
f 1065/1/3 1056/1/3 1064/1/3
f 1066/2/3 1057/2/3 1056/2/3
f 1066/1/3 1056/1/3 1065/1/3
f 1067/1/3 1058/1/3 1057/1/3
f 1067/2/3 1057/2/3 1066/2/3
f 1068/1/3 1058/1/3 1067/1/3
f 1071/2/3 1062/2/3 1061/2/3
f 1072/1/3 1063/1/3 1062/1/3
f 1072/1/3 1065/1/3 1064/1/3
f 1072/2/3 1062/2/3 1071/2/3
f 1072/1/3 1064/1/3 1063/1/3
f 1073/1/3 1065/1/3 1072/1/3
f 1074/1/3 1065/1/3 1073/1/3
f 1075/2/3 1066/2/3 1065/2/3
f 1075/1/3 1065/1/3 1074/1/3
f 1076/2/3 1066/2/3 1075/2/3
f 1077/2/3 1066/2/3 1076/2/3
f 1079/2/3 1070/2/3 1069/2/3
f 1080/1/3 1071/1/3 1070/1/3
f 1080/1/3 1072/1/3 1071/1/3
f 1080/2/3 1070/2/3 1079/2/3
f 1081/1/3 1072/1/3 1080/1/3
f 1082/1/3 1072/1/3 1081/1/3
f 1083/2/3 1073/2/3 1072/2/3
f 1083/1/3 1072/1/3 1082/1/3
f 1084/1/3 1074/1/3 1073/1/3
f 1084/2/3 1073/2/3 1083/2/3
f 1085/2/3 1075/2/3 1074/2/3
f 1085/1/3 1074/1/3 1084/1/3
f 1085/2/3 1076/2/3 1075/2/3
f 1086/2/3 1076/2/3 1085/2/3
f 1087/2/3 1079/2/3 1078/2/3
f 1088/1/3 1081/1/3 1080/1/3
f 1088/2/3 1079/2/3 1087/2/3
f 1088/1/3 1080/1/3 1079/1/3
f 1089/1/3 1081/1/3 1088/1/3
f 1090/2/3 1082/2/3 1081/2/3
f 1090/1/3 1081/1/3 1089/1/3
f 1091/1/3 1083/1/3 1082/1/3
f 1091/2/3 1082/2/3 1090/2/3
f 1091/1/3 1084/1/3 1083/1/3
f 1092/1/3 1084/1/3 1091/1/3
f 1093/1/3 1089/1/3 1088/1/3
f 1093/1/3 1088/1/3 1087/1/3
f 1094/1/3 1089/1/3 1093/1/3
f 1095/2/3 1090/2/3 1089/2/3
f 1095/1/3 1089/1/3 1094/1/3
f 1096/2/3 1090/2/3 1095/2/3
f 1097/2/3 1094/2/3 1093/2/3
f 1098/2/3 1094/2/3 1097/2/3
f 1099/1/3 1098/1/3 1097/1/3
f 1100/1/3 1098/1/3 1099/1/3
f 1103/2/3 1102/2/3 1101/2/3
f 1104/2/3 1102/2/3 1103/2/3
f 1106/2/3 1105/2/3 1104/2/3
f 1107/2/3 1105/2/3 1106/2/3
f 1108/1/3 1107/1/3 1106/1/3
f 1109/1/3 1107/1/3 1108/1/3
f 1111/2/3 1109/2/3 1108/2/3
f 1112/2/3 1109/2/3 1111/2/3
f 1113/2/3 1111/2/3 1110/2/3
f 1114/2/3 1111/2/3 1113/2/3
f 1117/2/3 1116/2/3 1115/2/3
f 1118/2/3 1116/2/3 1117/2/3
f 1119/1/3 1118/1/3 1117/1/3
f 1120/1/3 1118/1/3 1119/1/3
f 1121/2/3 1116/2/3 1118/2/3
f 1121/1/3 1118/1/3 1120/1/3
f 1122/2/3 1116/2/3 1121/2/3
f 1123/2/3 1120/2/3 1119/2/3
f 1124/1/3 1121/1/3 1120/1/3
f 1124/2/3 1120/2/3 1123/2/3
f 1124/1/3 1122/1/3 1121/1/3
f 1125/1/3 1122/1/3 1124/1/3
f 1126/1/3 1122/1/3 1125/1/3
f 1127/1/3 1124/1/3 1123/1/3
f 1127/1/3 1125/1/3 1124/1/3
f 1128/2/3 1126/2/3 1125/2/3
f 1128/1/3 1125/1/3 1127/1/3
f 1129/2/3 1126/2/3 1128/2/3
f 1133/6/3 1131/6/3 1130/6/3
f 1134/6/3 1131/6/3 1133/6/3
f 1137/6/3 1133/6/3 1132/6/3
f 1137/6/3 1135/6/3 1134/6/3
f 1137/6/3 1134/6/3 1133/6/3
f 1138/6/3 1135/6/3 1137/6/3
f 1141/6/3 1137/6/3 1136/6/3
f 1141/6/3 1139/6/3 1138/6/3
f 1141/6/3 1138/6/3 1137/6/3
f 1142/6/3 1139/6/3 1141/6/3
f 1145/6/3 1141/6/3 1140/6/3
f 1145/6/3 1143/6/3 1142/6/3
f 1145/6/3 1142/6/3 1141/6/3
f 1146/6/3 1143/6/3 1145/6/3
f 1147/6/3 1143/6/3 1146/6/3
f 1148/6/3 1143/6/3 1147/6/3
f 1151/6/3 1145/6/3 1144/6/3
f 1151/6/3 1146/6/3 1145/6/3
f 1152/6/3 1146/6/3 1151/6/3
f 1153/7/3 1147/7/3 1146/7/3
f 1153/6/3 1146/6/3 1152/6/3
f 1154/6/3 1149/6/3 1148/6/3
f 1154/7/3 1147/7/3 1153/7/3
f 1154/6/3 1148/6/3 1147/6/3
f 1155/6/3 1149/6/3 1154/6/3
f 1156/6/3 1149/6/3 1155/6/3
f 1159/6/3 1151/6/3 1150/6/3
f 1159/6/3 1152/6/3 1151/6/3
f 1160/6/3 1152/6/3 1159/6/3
f 1161/7/3 1153/7/3 1152/7/3
f 1161/6/3 1152/6/3 1160/6/3
f 1161/7/3 1154/7/3 1153/7/3
f 1161/7/3 1155/7/3 1154/7/3
f 1162/6/3 1157/6/3 1156/6/3
f 1162/7/3 1155/7/3 1161/7/3
f 1162/6/3 1156/6/3 1155/6/3
f 1163/6/3 1157/6/3 1162/6/3
f 1164/6/3 1157/6/3 1163/6/3
f 1167/6/3 1160/6/3 1159/6/3
f 1167/6/3 1159/6/3 1158/6/3
f 1168/6/3 1160/6/3 1167/6/3
f 1169/7/3 1161/7/3 1160/7/3
f 1169/6/3 1160/6/3 1168/6/3
f 1169/7/3 1162/7/3 1161/7/3
f 1169/7/3 1163/7/3 1162/7/3
f 1170/6/3 1165/6/3 1164/6/3
f 1170/7/3 1163/7/3 1169/7/3
f 1170/6/3 1164/6/3 1163/6/3
f 1171/6/3 1165/6/3 1170/6/3
f 1172/6/3 1165/6/3 1171/6/3
f 1174/6/3 1168/6/3 1167/6/3
f 1174/6/3 1167/6/3 1166/6/3
f 1175/7/3 1169/7/3 1168/7/3
f 1175/6/3 1168/6/3 1174/6/3
f 1175/7/3 1170/7/3 1169/7/3
f 1175/7/3 1171/7/3 1170/7/3
f 1176/7/3 1171/7/3 1175/7/3
f 1177/7/3 1171/7/3 1176/7/3
f 1178/6/3 1173/6/3 1172/6/3
f 1178/7/3 1171/7/3 1177/7/3
f 1178/6/3 1172/6/3 1171/6/3
f 1179/6/3 1173/6/3 1178/6/3
f 1181/6/3 1174/6/3 1166/6/3
f 1182/6/3 1174/6/3 1181/6/3
f 1183/7/3 1176/7/3 1175/7/3
f 1183/6/3 1174/6/3 1182/6/3
f 1183/7/3 1175/7/3 1174/7/3
f 1184/7/3 1176/7/3 1183/7/3
f 1185/3/3 1177/3/3 1176/3/3
f 1185/7/3 1176/7/3 1184/7/3
f 1186/7/3 1178/7/3 1177/7/3
f 1186/3/3 1177/3/3 1185/3/3
f 1186/7/3 1179/7/3 1178/7/3
f 1187/7/3 1179/7/3 1186/7/3
f 1188/6/3 1173/6/3 1179/6/3
f 1188/7/3 1179/7/3 1187/7/3
f 1189/6/3 1173/6/3 1188/6/3
f 1190/6/3 1173/6/3 1189/6/3
f 1192/6/3 1182/6/3 1181/6/3
f 1192/6/3 1181/6/3 1180/6/3
f 1193/6/3 1182/6/3 1192/6/3
f 1194/6/3 1182/6/3 1193/6/3
f 1195/7/3 1184/7/3 1183/7/3
f 1195/6/3 1182/6/3 1194/6/3
f 1195/7/3 1183/7/3 1182/7/3
f 1196/7/3 1184/7/3 1195/7/3
f 1197/3/3 1187/3/3 1186/3/3
f 1197/7/3 1184/7/3 1196/7/3
f 1197/3/3 1185/3/3 1184/3/3
f 1197/3/3 1186/3/3 1185/3/3
f 1198/7/3 1188/7/3 1187/7/3
f 1198/3/3 1187/3/3 1197/3/3
f 1198/7/3 1189/7/3 1188/7/3
f 1199/7/3 1189/7/3 1198/7/3
f 1200/6/3 1191/6/3 1190/6/3
f 1200/7/3 1189/7/3 1199/7/3
f 1200/6/3 1190/6/3 1189/6/3
f 1201/6/3 1191/6/3 1200/6/3
f 1202/6/3 1191/6/3 1201/6/3
f 1204/6/3 1194/6/3 1193/6/3
f 1205/7/3 1196/7/3 1195/7/3
f 1205/6/3 1194/6/3 1204/6/3
f 1205/7/3 1195/7/3 1194/7/3
f 1206/7/3 1196/7/3 1205/7/3
f 1207/3/3 1199/3/3 1198/3/3
f 1207/7/3 1196/7/3 1206/7/3
f 1207/3/3 1198/3/3 1197/3/3
f 1207/3/3 1197/3/3 1196/3/3
f 1208/7/3 1201/7/3 1200/7/3
f 1208/3/3 1199/3/3 1207/3/3
f 1208/7/3 1200/7/3 1199/7/3
f 1209/7/3 1201/7/3 1208/7/3
f 1210/6/3 1203/6/3 1202/6/3
f 1210/7/3 1201/7/3 1209/7/3
f 1210/6/3 1202/6/3 1201/6/3
f 1211/6/3 1203/6/3 1210/6/3
f 1212/7/3 1206/7/3 1205/7/3
f 1213/7/3 1206/7/3 1212/7/3
f 1214/7/3 1206/7/3 1213/7/3
f 1215/3/3 1209/3/3 1208/3/3
f 1215/7/3 1206/7/3 1214/7/3
f 1215/3/3 1207/3/3 1206/3/3
f 1215/3/3 1208/3/3 1207/3/3
f 1216/7/3 1211/7/3 1210/7/3
f 1216/3/3 1209/3/3 1215/3/3
f 1216/7/3 1210/7/3 1209/7/3
f 1217/7/3 1211/7/3 1216/7/3
f 1218/6/3 1203/6/3 1211/6/3
f 1222/7/3 1214/7/3 1213/7/3
f 1223/3/3 1215/3/3 1214/3/3
f 1223/7/3 1214/7/3 1222/7/3
f 1223/3/3 1216/3/3 1215/3/3
f 1223/3/3 1217/3/3 1216/3/3
f 1224/3/3 1217/3/3 1223/3/3
f 1225/3/3 1217/3/3 1224/3/3
f 1226/3/3 1217/3/3 1225/3/3
f 1227/7/3 1211/7/3 1217/7/3
f 1227/3/3 1217/3/3 1226/3/3
f 1228/7/3 1211/7/3 1227/7/3
f 1229/6/3 1219/6/3 1218/6/3
f 1229/7/3 1211/7/3 1228/7/3
f 1229/6/3 1218/6/3 1211/6/3
f 1230/6/3 1219/6/3 1229/6/3
f 1231/6/3 1221/6/3 1220/6/3
f 1234/3/3 1225/3/3 1224/3/3
f 1235/3/3 1225/3/3 1234/3/3
f 1236/3/3 1225/3/3 1235/3/3
f 1237/4/3 1226/4/3 1225/4/3
f 1237/3/3 1225/3/3 1236/3/3
f 1238/3/3 1228/3/3 1227/3/3
f 1238/4/3 1226/4/3 1237/4/3
f 1238/3/3 1227/3/3 1226/3/3
f 1239/3/3 1228/3/3 1238/3/3
f 1240/7/3 1230/7/3 1229/7/3
f 1240/3/3 1228/3/3 1239/3/3
f 1240/7/3 1229/7/3 1228/7/3
f 1241/7/3 1230/7/3 1240/7/3
f 1242/7/3 1233/7/3 1232/7/3
f 1245/3/3 1236/3/3 1235/3/3
f 1246/4/3 1237/4/3 1236/4/3
f 1246/3/3 1236/3/3 1245/3/3
f 1246/4/3 1239/4/3 1238/4/3
f 1246/4/3 1238/4/3 1237/4/3
f 1247/3/3 1241/3/3 1240/3/3
f 1247/4/3 1239/4/3 1246/4/3
f 1247/3/3 1240/3/3 1239/3/3
f 1248/3/3 1241/3/3 1247/3/3
f 1250/6/3 1231/6/3 1220/6/3
f 1250/6/3 1232/6/3 1231/6/3
f 1251/6/3 1232/6/3 1250/6/3
f 1252/7/3 1243/7/3 1242/7/3
f 1252/6/3 1232/6/3 1251/6/3
f 1252/7/3 1242/7/3 1232/7/3
f 1253/3/3 1244/3/3 1243/3/3
f 1255/4/3 1248/4/3 1247/4/3
f 1255/4/3 1247/4/3 1246/4/3
f 1256/4/3 1248/4/3 1255/4/3
f 1257/3/3 1241/3/3 1248/3/3
f 1257/4/3 1248/4/3 1256/4/3
f 1258/3/3 1241/3/3 1257/3/3
f 1259/6/3 1219/6/3 1230/6/3
f 1259/7/3 1230/7/3 1241/7/3
f 1260/6/3 1219/6/3 1259/6/3
f 1261/6/3 1219/6/3 1260/6/3
f 1263/7/3 1243/7/3 1252/7/3
f 1263/7/3 1252/7/3 1251/7/3
f 1264/3/3 1254/3/3 1253/3/3
f 1264/7/3 1243/7/3 1263/7/3
f 1264/3/3 1253/3/3 1243/3/3
f 1265/4/3 1258/4/3 1257/4/3
f 1265/4/3 1257/4/3 1256/4/3
f 1266/4/3 1258/4/3 1265/4/3
f 1267/4/3 1258/4/3 1266/4/3
f 1268/3/3 1241/3/3 1258/3/3
f 1268/7/3 1259/7/3 1241/7/3
f 1268/7/3 1260/7/3 1259/7/3
f 1269/7/3 1260/7/3 1268/7/3
f 1270/3/3 1254/3/3 1264/3/3
f 1270/3/3 1264/3/3 1263/3/3
f 1273/5/3 1267/5/3 1266/5/3
f 1274/4/3 1258/4/3 1267/4/3
f 1274/5/3 1267/5/3 1273/5/3
f 1275/4/3 1258/4/3 1274/4/3
f 1276/3/3 1269/3/3 1268/3/3
f 1276/4/3 1258/4/3 1275/4/3
f 1276/3/3 1268/3/3 1258/3/3
f 1277/3/3 1269/3/3 1276/3/3
f 1278/4/3 1277/4/3 1276/4/3
f 1278/4/3 1276/4/3 1275/4/3
f 1279/4/3 1277/4/3 1278/4/3
f 1280/4/3 1271/4/3 1270/4/3
f 1280/3/3 1270/3/3 1263/3/3
f 1281/5/3 1272/5/3 1271/5/3
f 1281/4/3 1271/4/3 1280/4/3
f 1282/5/3 1272/5/3 1281/5/3
f 1286/4/3 1277/4/3 1279/4/3
f 1287/4/3 1277/4/3 1286/4/3
f 1288/3/3 1269/3/3 1277/3/3
f 1288/4/3 1277/4/3 1287/4/3
f 1289/7/3 1263/7/3 1251/7/3
f 1289/3/3 1280/3/3 1263/3/3
f 1290/3/3 1280/3/3 1289/3/3
f 1292/5/3 1285/5/3 1284/5/3
f 1292/5/3 1284/5/3 1283/5/3
f 1293/4/3 1287/4/3 1286/4/3
f 1293/4/3 1286/4/3 1285/4/3
f 1293/5/3 1285/5/3 1292/5/3
f 1294/3/3 1269/3/3 1288/3/3
f 1294/3/3 1288/3/3 1287/3/3
f 1295/7/3 1260/7/3 1269/7/3
f 1295/3/3 1269/3/3 1294/3/3
f 1296/6/3 1251/6/3 1250/6/3
f 1296/6/3 1250/6/3 1249/6/3
f 1297/6/3 1251/6/3 1296/6/3
f 1298/7/3 1290/7/3 1289/7/3
f 1298/6/3 1251/6/3 1297/6/3
f 1298/7/3 1289/7/3 1251/7/3
f 1299/7/3 1290/7/3 1298/7/3
f 1300/3/3 1280/3/3 1290/3/3
f 1301/3/3 1280/3/3 1300/3/3
f 1303/4/3 1293/4/3 1292/4/3
f 1303/4/3 1292/4/3 1291/4/3
f 1304/4/3 1287/4/3 1293/4/3
f 1304/4/3 1293/4/3 1303/4/3
f 1305/3/3 1294/3/3 1287/3/3
f 1305/4/3 1287/4/3 1304/4/3
f 1306/7/3 1260/7/3 1295/7/3
f 1306/7/3 1295/7/3 1294/7/3
f 1307/6/3 1262/6/3 1261/6/3
f 1307/7/3 1260/7/3 1306/7/3
f 1307/6/3 1261/6/3 1260/6/3
f 1308/6/3 1262/6/3 1307/6/3
f 1309/6/3 1262/6/3 1308/6/3
f 1310/7/3 1290/7/3 1299/7/3
f 1311/3/3 1300/3/3 1290/3/3
f 1311/7/3 1290/7/3 1310/7/3
f 1312/3/3 1300/3/3 1311/3/3
f 1314/4/3 1304/4/3 1303/4/3
f 1314/4/3 1303/4/3 1302/4/3
f 1315/4/3 1304/4/3 1314/4/3
f 1316/3/3 1305/3/3 1304/3/3
f 1316/4/3 1304/4/3 1315/4/3
f 1317/6/3 1298/6/3 1297/6/3
f 1317/6/3 1299/6/3 1298/6/3
f 1318/7/3 1310/7/3 1299/7/3
f 1318/6/3 1299/6/3 1317/6/3
f 1319/7/3 1310/7/3 1318/7/3
f 1321/3/3 1314/3/3 1313/3/3
f 1322/4/3 1315/4/3 1314/4/3
f 1322/3/3 1314/3/3 1321/3/3
f 1323/4/3 1315/4/3 1322/4/3
f 1324/4/3 1315/4/3 1323/4/3
f 1325/3/3 1316/3/3 1315/3/3
f 1325/4/3 1315/4/3 1324/4/3
f 1326/3/3 1305/3/3 1316/3/3
f 1326/3/3 1316/3/3 1325/3/3
f 1326/3/3 1294/3/3 1305/3/3
f 1327/7/3 1306/7/3 1294/7/3
f 1327/3/3 1294/3/3 1326/3/3
f 1328/6/3 1317/6/3 1297/6/3
f 1329/6/3 1317/6/3 1328/6/3
f 1332/3/3 1323/3/3 1322/3/3
f 1332/3/3 1321/3/3 1320/3/3
f 1332/3/3 1322/3/3 1321/3/3
f 1333/4/3 1324/4/3 1323/4/3
f 1333/3/3 1323/3/3 1332/3/3
f 1334/3/3 1326/3/3 1325/3/3
f 1334/4/3 1324/4/3 1333/4/3
f 1334/3/3 1325/3/3 1324/3/3
f 1335/3/3 1326/3/3 1334/3/3
f 1336/7/3 1327/7/3 1326/7/3
f 1336/3/3 1326/3/3 1335/3/3
f 1337/7/3 1306/7/3 1327/7/3
f 1337/7/3 1327/7/3 1336/7/3
f 1338/6/3 1308/6/3 1307/6/3
f 1338/7/3 1306/7/3 1337/7/3
f 1338/6/3 1307/6/3 1306/6/3
f 1340/7/3 1331/7/3 1330/7/3
f 1341/3/3 1333/3/3 1332/3/3
f 1341/3/3 1332/3/3 1331/3/3
f 1341/7/3 1331/7/3 1340/7/3
f 1341/3/3 1334/3/3 1333/3/3
f 1341/3/3 1335/3/3 1334/3/3
f 1342/3/3 1335/3/3 1341/3/3
f 1343/3/3 1335/3/3 1342/3/3
f 1344/7/3 1336/7/3 1335/7/3
f 1344/3/3 1335/3/3 1343/3/3
f 1344/7/3 1337/7/3 1336/7/3
f 1345/6/3 1338/6/3 1337/6/3
f 1345/6/3 1308/6/3 1338/6/3
f 1346/6/3 1308/6/3 1345/6/3
f 1348/7/3 1340/7/3 1339/7/3
f 1348/7/3 1342/7/3 1341/7/3
f 1348/7/3 1341/7/3 1340/7/3
f 1349/3/3 1343/3/3 1342/3/3
f 1349/7/3 1342/7/3 1348/7/3
f 1350/3/3 1343/3/3 1349/3/3
f 1351/3/3 1343/3/3 1350/3/3
f 1352/7/3 1344/7/3 1343/7/3
f 1352/3/3 1343/3/3 1351/3/3
f 1353/7/3 1337/7/3 1344/7/3
f 1353/7/3 1344/7/3 1352/7/3
f 1354/6/3 1345/6/3 1337/6/3
f 1354/7/3 1337/7/3 1353/7/3
f 1356/6/3 1348/6/3 1347/6/3
f 1357/7/3 1349/7/3 1348/7/3
f 1357/7/3 1350/7/3 1349/7/3
f 1357/6/3 1348/6/3 1356/6/3
f 1358/7/3 1350/7/3 1357/7/3
f 1359/3/3 1351/3/3 1350/3/3
f 1359/7/3 1350/7/3 1358/7/3
f 1360/3/3 1351/3/3 1359/3/3
f 1361/3/3 1351/3/3 1360/3/3
f 1362/7/3 1352/7/3 1351/7/3
f 1362/3/3 1351/3/3 1361/3/3
f 1362/7/3 1353/7/3 1352/7/3
f 1363/7/3 1353/7/3 1362/7/3
f 1364/6/3 1354/6/3 1353/6/3
f 1364/7/3 1353/7/3 1363/7/3
f 1365/6/3 1345/6/3 1354/6/3
f 1365/6/3 1354/6/3 1364/6/3
f 1366/6/3 1345/6/3 1365/6/3
f 1367/6/3 1358/6/3 1357/6/3
f 1367/6/3 1356/6/3 1355/6/3
f 1367/6/3 1357/6/3 1356/6/3
f 1368/6/3 1358/6/3 1367/6/3
f 1369/7/3 1360/7/3 1359/7/3
f 1369/6/3 1358/6/3 1368/6/3
f 1369/7/3 1359/7/3 1358/7/3
f 1370/7/3 1360/7/3 1369/7/3
f 1371/3/3 1361/3/3 1360/3/3
f 1371/7/3 1360/7/3 1370/7/3
f 1372/3/3 1361/3/3 1371/3/3
f 1373/3/3 1361/3/3 1372/3/3
f 1374/7/3 1363/7/3 1362/7/3
f 1374/3/3 1361/3/3 1373/3/3
f 1374/7/3 1362/7/3 1361/7/3
f 1375/7/3 1363/7/3 1374/7/3
f 1376/6/3 1364/6/3 1363/6/3
f 1376/7/3 1363/7/3 1375/7/3
f 1376/6/3 1365/6/3 1364/6/3
f 1377/6/3 1365/6/3 1376/6/3
f 1378/6/3 1365/6/3 1377/6/3
f 1379/6/3 1370/6/3 1369/6/3
f 1379/7/3 1372/7/3 1371/7/3
f 1379/6/3 1369/6/3 1368/6/3
f 1379/7/3 1371/7/3 1370/7/3
f 1380/7/3 1372/7/3 1379/7/3
f 1381/3/3 1373/3/3 1372/3/3
f 1381/7/3 1372/7/3 1380/7/3
f 1382/7/3 1375/7/3 1374/7/3
f 1382/3/3 1373/3/3 1381/3/3
f 1382/7/3 1374/7/3 1373/7/3
f 1383/7/3 1375/7/3 1382/7/3
f 1384/6/3 1377/6/3 1376/6/3
f 1384/7/3 1375/7/3 1383/7/3
f 1384/6/3 1376/6/3 1375/6/3
f 1385/6/3 1379/6/3 1368/6/3
f 1385/6/3 1380/6/3 1379/6/3
f 1386/6/3 1380/6/3 1385/6/3
f 1387/7/3 1381/7/3 1380/7/3
f 1387/6/3 1380/6/3 1386/6/3
f 1387/7/3 1383/7/3 1382/7/3
f 1387/7/3 1382/7/3 1381/7/3
f 1388/7/3 1383/7/3 1387/7/3
f 1389/7/3 1383/7/3 1388/7/3
f 1390/6/3 1384/6/3 1383/6/3
f 1390/7/3 1383/7/3 1389/7/3
f 1391/6/3 1377/6/3 1384/6/3
f 1391/6/3 1384/6/3 1390/6/3
f 1392/6/3 1377/6/3 1391/6/3
f 1393/6/3 1387/6/3 1386/6/3
f 1393/6/3 1388/6/3 1387/6/3
f 1394/6/3 1388/6/3 1393/6/3
f 1395/7/3 1389/7/3 1388/7/3
f 1395/6/3 1388/6/3 1394/6/3
f 1396/7/3 1389/7/3 1395/7/3
f 1397/7/3 1389/7/3 1396/7/3
f 1398/6/3 1390/6/3 1389/6/3
f 1398/7/3 1389/7/3 1397/7/3
f 1398/6/3 1391/6/3 1390/6/3
f 1399/6/3 1391/6/3 1398/6/3
f 1400/6/3 1391/6/3 1399/6/3
f 1401/6/3 1396/6/3 1395/6/3
f 1401/6/3 1395/6/3 1394/6/3
f 1402/6/3 1396/6/3 1401/6/3
f 1403/7/3 1397/7/3 1396/7/3
f 1403/6/3 1396/6/3 1402/6/3
f 1404/7/3 1397/7/3 1403/7/3
f 1405/7/3 1397/7/3 1404/7/3
f 1406/6/3 1399/6/3 1398/6/3
f 1406/7/3 1397/7/3 1405/7/3
f 1406/6/3 1398/6/3 1397/6/3
f 1407/6/3 1399/6/3 1406/6/3
f 1408/6/3 1399/6/3 1407/6/3
f 1409/6/3 1404/6/3 1403/6/3
f 1409/6/3 1403/6/3 1402/6/3
f 1410/6/3 1404/6/3 1409/6/3
f 1411/7/3 1405/7/3 1404/7/3
f 1411/6/3 1404/6/3 1410/6/3
f 1412/6/3 1407/6/3 1406/6/3
f 1412/7/3 1405/7/3 1411/7/3
f 1412/6/3 1406/6/3 1405/6/3
f 1413/6/3 1407/6/3 1412/6/3
f 1414/6/3 1407/6/3 1413/6/3
f 1415/6/3 1411/6/3 1410/6/3
f 1415/6/3 1413/6/3 1412/6/3
f 1415/6/3 1412/6/3 1411/6/3
f 1416/6/3 1413/6/3 1415/6/3
f 1417/6/3 1413/6/3 1416/6/3
f 1418/6/3 1413/6/3 1417/6/3
f 1419/6/3 1417/6/3 1416/6/3
f 1420/6/3 1417/6/3 1419/6/3
f 1421/6/3 1417/6/3 1420/6/3
f 1422/6/3 1417/6/3 1421/6/3
f 1423/6/3 1421/6/3 1420/6/3
f 1424/6/3 1421/6/3 1423/6/3
f 1425/6/3 1421/6/3 1424/6/3
f 1426/6/3 1421/6/3 1425/6/3
f 1427/6/3 1425/6/3 1424/6/3
f 1428/6/3 1425/6/3 1427/6/3
f 1429/1/4 1430/1/4 1431/1/4
f 1429/1/4 1431/1/4 1432/1/4
f 1432/1/4 1431/1/4 1433/1/4
f 1432/2/4 1433/2/4 1434/2/4
f 1434/2/4 1433/2/4 1435/2/4
f 1434/1/4 1435/1/4 1436/1/4
f 1436/1/4 1435/1/4 1437/1/4
f 1438/2/4 1439/2/4 1442/2/4
f 1439/1/4 1440/1/4 1443/1/4
f 1442/2/4 1439/2/4 1443/2/4
f 1440/2/4 1441/2/4 1444/2/4
f 1443/1/4 1440/1/4 1444/1/4
f 1444/2/4 1441/2/4 1445/2/4
f 1442/1/4 1443/1/4 1446/1/4
f 1443/1/4 1444/1/4 1446/1/4
f 1444/1/4 1445/1/4 1446/1/4
f 1446/1/4 1445/1/4 1447/1/4
f 1447/1/4 1445/1/4 1448/1/4
f 1448/1/4 1445/1/4 1449/1/4
f 1446/2/4 1447/2/4 1450/2/4
f 1447/1/4 1448/1/4 1451/1/4
f 1450/2/4 1447/2/4 1451/2/4
f 1451/1/4 1448/1/4 1452/1/4
f 1448/2/4 1449/2/4 1453/2/4
f 1452/1/4 1448/1/4 1453/1/4
f 1451/1/4 1452/1/4 1454/1/4
f 1450/1/4 1451/1/4 1454/1/4
f 1452/2/4 1453/2/4 1455/2/4
f 1454/1/4 1452/1/4 1455/1/4
f 1453/2/4 1449/2/4 1456/2/4
f 1455/2/4 1453/2/4 1456/2/4
f 1457/2/4 1458/2/4 1459/2/4
f 1459/2/4 1458/2/4 1460/2/4
f 1459/1/4 1460/1/4 1461/1/4
f 1461/1/4 1460/1/4 1462/1/4
f 1461/2/4 1462/2/4 1463/2/4
f 1463/2/4 1462/2/4 1464/2/4
f 1461/2/4 1463/2/4 1465/2/4
f 1463/1/4 1464/1/4 1466/1/4
f 1465/2/4 1463/2/4 1466/2/4
f 1466/1/4 1464/1/4 1467/1/4
f 1468/2/4 1469/2/4 1471/2/4
f 1469/1/4 1470/1/4 1472/1/4
f 1471/2/4 1469/2/4 1472/2/4
f 1471/1/4 1472/1/4 1473/1/4
f 1472/1/4 1470/1/4 1474/1/4
f 1473/1/4 1472/1/4 1474/1/4
f 1474/1/4 1470/1/4 1475/1/4
f 1473/2/4 1474/2/4 1476/2/4
f 1474/1/4 1475/1/4 1477/1/4
f 1476/2/4 1474/2/4 1477/2/4
f 1477/1/4 1475/1/4 1478/1/4
f 1478/1/4 1475/1/4 1479/1/4
f 1473/2/4 1476/2/4 1480/2/4
f 1476/1/4 1477/1/4 1481/1/4
f 1480/2/4 1476/2/4 1481/2/4
f 1477/1/4 1478/1/4 1481/1/4
f 1478/2/4 1479/2/4 1482/2/4
f 1481/1/4 1478/1/4 1482/1/4
f 1482/2/4 1479/2/4 1483/2/4
f 1484/2/4 1485/2/4 1487/2/4
f 1485/1/4 1486/1/4 1487/1/4
f 1487/1/4 1486/1/4 1488/1/4
f 1484/2/4 1487/2/4 1489/2/4
f 1487/2/4 1488/2/4 1489/2/4
f 1489/2/4 1488/2/4 1490/2/4
f 1488/1/4 1486/1/4 1491/1/4
f 1490/2/4 1488/2/4 1491/2/4
f 1491/1/4 1486/1/4 1492/1/4
f 1489/1/4 1490/1/4 1493/1/4
f 1490/2/4 1491/2/4 1493/2/4
f 1491/2/4 1492/2/4 1493/2/4
f 1493/2/4 1492/2/4 1494/2/4
f 1489/1/4 1493/1/4 1495/1/4
f 1493/1/4 1494/1/4 1495/1/4
f 1494/2/4 1492/2/4 1496/2/4
f 1495/1/4 1494/1/4 1496/1/4
f 1496/2/4 1492/2/4 1497/2/4
f 1498/2/4 1499/2/4 1501/2/4
f 1499/1/4 1500/1/4 1501/1/4
f 1501/1/4 1500/1/4 1502/1/4
f 1501/2/4 1502/2/4 1503/2/4
f 1503/2/4 1502/2/4 1504/2/4
f 1498/2/4 1501/2/4 1505/2/4
f 1501/2/4 1503/2/4 1505/2/4
f 1503/1/4 1504/1/4 1506/1/4
f 1505/2/4 1503/2/4 1506/2/4
f 1506/1/4 1504/1/4 1507/1/4
f 1508/2/4 1509/2/4 1510/2/4
f 1510/2/4 1509/2/4 1511/2/4
f 1508/2/4 1510/2/4 1512/2/4
f 1510/1/4 1511/1/4 1513/1/4
f 1512/2/4 1510/2/4 1513/2/4
f 1513/1/4 1511/1/4 1514/1/4
f 1515/2/4 1516/2/4 1517/2/4
f 1517/2/4 1516/2/4 1518/2/4
f 1519/2/4 1520/2/4 1522/2/4
f 1520/2/4 1521/2/4 1522/2/4
f 1519/2/4 1522/2/4 1523/2/4
f 1523/2/4 1522/2/4 1524/2/4
f 1524/2/4 1522/2/4 1525/2/4
f 1526/2/4 1527/2/4 1528/2/4
f 1528/2/4 1527/2/4 1529/2/4
f 1530/1/4 1531/1/4 1533/1/4
f 1531/2/4 1532/2/4 1534/2/4
f 1533/1/4 1531/1/4 1534/1/4
f 1533/2/4 1534/2/4 1535/2/4
f 1534/2/4 1532/2/4 1536/2/4
f 1535/2/4 1534/2/4 1536/2/4
f 1535/1/4 1536/1/4 1538/1/4
f 1538/1/4 1536/1/4 1539/1/4
f 1536/2/4 1537/2/4 1540/2/4
f 1539/1/4 1536/1/4 1540/1/4
f 1540/2/4 1537/2/4 1541/2/4
f 1538/2/4 1539/2/4 1543/2/4
f 1539/1/4 1540/1/4 1544/1/4
f 1543/2/4 1539/2/4 1544/2/4
f 1540/1/4 1541/1/4 1544/1/4
f 1544/1/4 1541/1/4 1545/1/4
f 1545/1/4 1541/1/4 1546/1/4
f 1541/2/4 1542/2/4 1547/2/4
f 1546/1/4 1541/1/4 1547/1/4
f 1547/2/4 1542/2/4 1548/2/4
f 1545/2/4 1546/2/4 1550/2/4
f 1547/1/4 1548/1/4 1551/1/4
f 1550/2/4 1546/2/4 1551/2/4
f 1546/1/4 1547/1/4 1551/1/4
f 1551/1/4 1548/1/4 1552/1/4
f 1552/1/4 1548/1/4 1553/1/4
f 1548/2/4 1549/2/4 1554/2/4
f 1553/1/4 1548/1/4 1554/1/4
f 1554/2/4 1549/2/4 1555/2/4
f 1555/2/4 1549/2/4 1556/2/4
f 1552/2/4 1553/2/4 1558/2/4
f 1554/1/4 1555/1/4 1559/1/4
f 1558/2/4 1553/2/4 1559/2/4
f 1553/1/4 1554/1/4 1559/1/4
f 1559/1/4 1555/1/4 1560/1/4
f 1556/2/4 1557/2/4 1561/2/4
f 1560/1/4 1555/1/4 1561/1/4
f 1555/2/4 1556/2/4 1561/2/4
f 1561/2/4 1557/2/4 1562/2/4
f 1560/2/4 1561/2/4 1565/2/4
f 1561/1/4 1562/1/4 1566/1/4
f 1565/2/4 1561/2/4 1566/2/4
f 1566/1/4 1562/1/4 1567/1/4
f 1567/1/4 1562/1/4 1568/1/4
f 1562/2/4 1563/2/4 1569/2/4
f 1568/1/4 1562/1/4 1569/1/4
f 1563/1/4 1564/1/4 1570/1/4
f 1569/2/4 1563/2/4 1570/2/4
f 1570/1/4 1564/1/4 1571/1/4
f 1571/1/4 1564/1/4 1572/1/4
f 1567/2/4 1568/2/4 1574/2/4
f 1568/1/4 1569/1/4 1575/1/4
f 1574/2/4 1568/2/4 1575/2/4
f 1570/1/4 1571/1/4 1575/1/4
f 1569/1/4 1570/1/4 1575/1/4
f 1575/1/4 1571/1/4 1576/1/4
f 1571/2/4 1572/2/4 1577/2/4
f 1576/1/4 1571/1/4 1577/1/4
f 1572/1/4 1573/1/4 1578/1/4
f 1577/2/4 1572/2/4 1578/2/4
f 1578/1/4 1573/1/4 1579/1/4
f 1579/1/4 1573/1/4 1580/1/4
f 1576/2/4 1577/2/4 1584/2/4
f 1577/1/4 1578/1/4 1585/1/4
f 1584/2/4 1577/2/4 1585/2/4
f 1578/1/4 1579/1/4 1585/1/4
f 1585/1/4 1579/1/4 1586/1/4
f 1586/1/4 1579/1/4 1587/1/4
f 1580/2/4 1581/2/4 1588/2/4
f 1587/1/4 1579/1/4 1588/1/4
f 1579/2/4 1580/2/4 1588/2/4
f 1581/1/4 1582/1/4 1589/1/4
f 1588/2/4 1581/2/4 1589/2/4
f 1582/2/4 1583/2/4 1590/2/4
f 1586/2/4 1587/2/4 1592/2/4
f 1587/1/4 1588/1/4 1593/1/4
f 1592/2/4 1587/2/4 1593/2/4
f 1588/1/4 1589/1/4 1593/1/4
f 1593/1/4 1589/1/4 1594/1/4
f 1589/1/4 1582/1/4 1595/1/4
f 1594/1/4 1589/1/4 1595/1/4
f 1590/2/4 1591/2/4 1596/2/4
f 1595/1/4 1582/1/4 1596/1/4
f 1582/2/4 1590/2/4 1596/2/4
f 1596/2/4 1591/2/4 1597/2/4
f 1594/2/4 1595/2/4 1598/2/4
f 1596/1/4 1597/1/4 1599/1/4
f 1598/2/4 1595/2/4 1599/2/4
f 1595/1/4 1596/1/4 1599/1/4
f 1599/1/4 1597/1/4 1600/1/4
f 1597/2/4 1591/2/4 1601/2/4
f 1600/1/4 1597/1/4 1601/1/4
f 1601/2/4 1591/2/4 1602/2/4
f 1600/2/4 1601/2/4 1603/2/4
f 1603/2/4 1601/2/4 1604/2/4
f 1605/2/4 1606/2/4 1609/2/4
f 1609/2/4 1606/2/4 1610/2/4
f 1607/2/4 1608/2/4 1613/2/4
f 1608/1/4 1609/1/4 1614/1/4
f 1613/2/4 1608/2/4 1614/2/4
f 1609/2/4 1610/2/4 1615/2/4
f 1614/1/4 1609/1/4 1615/1/4
f 1610/2/4 1611/2/4 1615/2/4
f 1615/2/4 1611/2/4 1616/2/4
f 1613/1/4 1614/1/4 1618/1/4
f 1612/1/4 1613/1/4 1618/1/4
f 1615/1/4 1616/1/4 1618/1/4
f 1614/1/4 1615/1/4 1618/1/4
f 1618/1/4 1616/1/4 1619/1/4
f 1619/1/4 1616/1/4 1620/1/4
f 1620/1/4 1616/1/4 1621/1/4
f 1621/1/4 1616/1/4 1622/1/4
f 1616/2/4 1611/2/4 1623/2/4
f 1622/1/4 1616/1/4 1623/1/4
f 1623/2/4 1611/2/4 1624/2/4
f 1617/1/4 1618/1/4 1627/1/4
f 1618/1/4 1619/1/4 1627/1/4
f 1619/2/4 1620/2/4 1628/2/4
f 1627/1/4 1619/1/4 1628/1/4
f 1620/1/4 1621/1/4 1629/1/4
f 1628/2/4 1620/2/4 1629/2/4
f 1621/2/4 1622/2/4 1630/2/4
f 1629/1/4 1621/1/4 1630/1/4
f 1630/2/4 1622/2/4 1631/2/4
f 1625/1/4 1626/1/4 1634/1/4
f 1628/2/4 1629/2/4 1635/2/4
f 1626/2/4 1627/2/4 1635/2/4
f 1634/1/4 1626/1/4 1635/1/4
f 1627/2/4 1628/2/4 1635/2/4
f 1635/2/4 1629/2/4 1636/2/4
f 1636/2/4 1629/2/4 1637/2/4
f 1637/2/4 1629/2/4 1638/2/4
f 1632/1/4 1633/1/4 1641/1/4
f 1633/2/4 1634/2/4 1642/2/4
f 1634/2/4 1635/2/4 1642/2/4
f 1641/1/4 1633/1/4 1642/1/4
f 1635/2/4 1636/2/4 1642/2/4
f 1642/2/4 1636/2/4 1643/2/4
f 1636/1/4 1637/1/4 1644/1/4
f 1643/2/4 1636/2/4 1644/2/4
f 1644/1/4 1637/1/4 1645/1/4
f 1639/2/4 1640/2/4 1647/2/4
f 1640/1/4 1641/1/4 1648/1/4
f 1647/2/4 1640/2/4 1648/2/4
f 1642/2/4 1643/2/4 1649/2/4
f 1648/1/4 1641/1/4 1649/1/4
f 1641/2/4 1642/2/4 1649/2/4
f 1649/2/4 1643/2/4 1650/2/4
f 1643/1/4 1644/1/4 1651/1/4
f 1650/2/4 1643/2/4 1651/2/4
f 1651/1/4 1644/1/4 1652/1/4
f 1646/2/4 1647/2/4 1654/2/4
f 1654/2/4 1647/2/4 1655/2/4
f 1647/1/4 1648/1/4 1656/1/4
f 1655/2/4 1647/2/4 1656/2/4
f 1649/2/4 1650/2/4 1657/2/4
f 1656/1/4 1648/1/4 1657/1/4
f 1648/2/4 1649/2/4 1657/2/4
f 1657/2/4 1650/2/4 1658/2/4
f 1650/1/4 1651/1/4 1659/1/4
f 1658/2/4 1650/2/4 1659/2/4
f 1659/1/4 1651/1/4 1660/1/4
f 1654/2/4 1655/2/4 1661/2/4
f 1653/2/4 1654/2/4 1661/2/4
f 1661/2/4 1655/2/4 1662/2/4
f 1662/2/4 1655/2/4 1663/2/4
f 1663/2/4 1655/2/4 1664/2/4
f 1655/1/4 1656/1/4 1665/1/4
f 1664/2/4 1655/2/4 1665/2/4
f 1656/2/4 1657/2/4 1666/2/4
f 1665/1/4 1656/1/4 1666/1/4
f 1657/2/4 1658/2/4 1666/2/4
f 1666/2/4 1658/2/4 1667/2/4
f 1663/1/4 1664/1/4 1668/1/4
f 1662/2/4 1663/2/4 1668/2/4
f 1664/2/4 1665/2/4 1669/2/4
f 1668/1/4 1664/1/4 1669/1/4
f 1665/2/4 1666/2/4 1669/2/4
f 1669/2/4 1666/2/4 1670/2/4
f 1661/1/4 1662/1/4 1671/1/4
f 1662/2/4 1668/2/4 1672/2/4
f 1671/1/4 1662/1/4 1672/1/4
f 1672/2/4 1668/2/4 1673/2/4
f 1674/6/4 1675/6/4 1677/6/4
f 1677/6/4 1675/6/4 1678/6/4
f 1676/6/4 1677/6/4 1681/6/4
f 1678/6/4 1679/6/4 1681/6/4
f 1677/6/4 1678/6/4 1681/6/4
f 1681/6/4 1679/6/4 1682/6/4
f 1680/6/4 1681/6/4 1685/6/4
f 1682/6/4 1683/6/4 1685/6/4
f 1681/6/4 1682/6/4 1685/6/4
f 1685/6/4 1683/6/4 1686/6/4
f 1684/6/4 1685/6/4 1689/6/4
f 1686/6/4 1687/6/4 1689/6/4
f 1685/6/4 1686/6/4 1689/6/4
f 1689/6/4 1687/6/4 1690/6/4
f 1690/6/4 1687/6/4 1691/6/4
f 1691/6/4 1687/6/4 1692/6/4
f 1688/6/4 1689/6/4 1695/6/4
f 1689/6/4 1690/6/4 1695/6/4
f 1695/6/4 1690/6/4 1696/6/4
f 1690/7/4 1691/7/4 1697/7/4
f 1696/6/4 1690/6/4 1697/6/4
f 1692/6/4 1693/6/4 1698/6/4
f 1697/7/4 1691/7/4 1698/7/4
f 1691/6/4 1692/6/4 1698/6/4
f 1698/6/4 1693/6/4 1699/6/4
f 1699/6/4 1693/6/4 1700/6/4
f 1694/6/4 1695/6/4 1703/6/4
f 1695/6/4 1696/6/4 1703/6/4
f 1703/6/4 1696/6/4 1704/6/4
f 1696/7/4 1697/7/4 1705/7/4
f 1704/6/4 1696/6/4 1705/6/4
f 1697/7/4 1698/7/4 1705/7/4
f 1698/7/4 1699/7/4 1705/7/4
f 1700/6/4 1701/6/4 1706/6/4
f 1705/7/4 1699/7/4 1706/7/4
f 1699/6/4 1700/6/4 1706/6/4
f 1706/6/4 1701/6/4 1707/6/4
f 1707/6/4 1701/6/4 1708/6/4
f 1703/6/4 1704/6/4 1711/6/4
f 1702/6/4 1703/6/4 1711/6/4
f 1711/6/4 1704/6/4 1712/6/4
f 1704/7/4 1705/7/4 1713/7/4
f 1712/6/4 1704/6/4 1713/6/4
f 1705/7/4 1706/7/4 1713/7/4
f 1706/7/4 1707/7/4 1713/7/4
f 1708/6/4 1709/6/4 1714/6/4
f 1713/7/4 1707/7/4 1714/7/4
f 1707/6/4 1708/6/4 1714/6/4
f 1714/6/4 1709/6/4 1715/6/4
f 1715/6/4 1709/6/4 1716/6/4
f 1711/6/4 1712/6/4 1718/6/4
f 1710/6/4 1711/6/4 1718/6/4
f 1712/7/4 1713/7/4 1719/7/4
f 1718/6/4 1712/6/4 1719/6/4
f 1713/7/4 1714/7/4 1719/7/4
f 1714/7/4 1715/7/4 1719/7/4
f 1719/7/4 1715/7/4 1720/7/4
f 1720/7/4 1715/7/4 1721/7/4
f 1716/6/4 1717/6/4 1722/6/4
f 1721/7/4 1715/7/4 1722/7/4
f 1715/6/4 1716/6/4 1722/6/4
f 1722/6/4 1717/6/4 1723/6/4
f 1710/6/4 1718/6/4 1725/6/4
f 1725/6/4 1718/6/4 1726/6/4
f 1719/7/4 1720/7/4 1727/7/4
f 1726/6/4 1718/6/4 1727/6/4
f 1718/7/4 1719/7/4 1727/7/4
f 1727/7/4 1720/7/4 1728/7/4
f 1720/3/4 1721/3/4 1729/3/4
f 1728/7/4 1720/7/4 1729/7/4
f 1721/7/4 1722/7/4 1730/7/4
f 1729/3/4 1721/3/4 1730/3/4
f 1722/7/4 1723/7/4 1730/7/4
f 1730/7/4 1723/7/4 1731/7/4
f 1723/6/4 1717/6/4 1732/6/4
f 1731/7/4 1723/7/4 1732/7/4
f 1732/6/4 1717/6/4 1733/6/4
f 1733/6/4 1717/6/4 1734/6/4
f 1725/6/4 1726/6/4 1736/6/4
f 1724/6/4 1725/6/4 1736/6/4
f 1727/7/4 1728/7/4 1737/7/4
f 1736/6/4 1726/6/4 1737/6/4
f 1726/7/4 1727/7/4 1737/7/4
f 1737/7/4 1728/7/4 1738/7/4
f 1730/3/4 1731/3/4 1739/3/4
f 1738/7/4 1728/7/4 1739/7/4
f 1728/3/4 1729/3/4 1739/3/4
f 1729/3/4 1730/3/4 1739/3/4
f 1732/7/4 1733/7/4 1740/7/4
f 1739/3/4 1731/3/4 1740/3/4
f 1731/7/4 1732/7/4 1740/7/4
f 1740/7/4 1733/7/4 1741/7/4
f 1734/6/4 1735/6/4 1742/6/4
f 1741/7/4 1733/7/4 1742/7/4
f 1733/6/4 1734/6/4 1742/6/4
f 1742/6/4 1735/6/4 1743/6/4
f 1743/6/4 1735/6/4 1744/6/4
f 1724/6/4 1736/6/4 1746/6/4
f 1737/7/4 1738/7/4 1747/7/4
f 1746/6/4 1736/6/4 1747/6/4
f 1736/7/4 1737/7/4 1747/7/4
f 1747/7/4 1738/7/4 1748/7/4
f 1740/3/4 1741/3/4 1749/3/4
f 1748/7/4 1738/7/4 1749/7/4
f 1739/3/4 1740/3/4 1749/3/4
f 1738/3/4 1739/3/4 1749/3/4
f 1742/7/4 1743/7/4 1750/7/4
f 1749/3/4 1741/3/4 1750/3/4
f 1741/7/4 1742/7/4 1750/7/4
f 1750/7/4 1743/7/4 1751/7/4
f 1744/6/4 1745/6/4 1752/6/4
f 1751/7/4 1743/7/4 1752/7/4
f 1743/6/4 1744/6/4 1752/6/4
f 1752/6/4 1745/6/4 1753/6/4
f 1724/6/4 1746/6/4 1755/6/4
f 1747/7/4 1748/7/4 1756/7/4
f 1746/7/4 1747/7/4 1756/7/4
f 1750/3/4 1751/3/4 1757/3/4
f 1756/7/4 1748/7/4 1757/7/4
f 1749/3/4 1750/3/4 1757/3/4
f 1748/3/4 1749/3/4 1757/3/4
f 1752/7/4 1753/7/4 1758/7/4
f 1757/3/4 1751/3/4 1758/3/4
f 1751/7/4 1752/7/4 1758/7/4
f 1758/7/4 1753/7/4 1759/7/4
f 1753/6/4 1745/6/4 1760/6/4
f 1754/6/4 1755/6/4 1762/6/4
f 1755/6/4 1746/6/4 1762/6/4
f 1746/7/4 1756/7/4 1763/7/4
f 1762/6/4 1746/6/4 1763/6/4
f 1763/7/4 1756/7/4 1764/7/4
f 1756/3/4 1757/3/4 1765/3/4
f 1764/7/4 1756/7/4 1765/7/4
f 1757/3/4 1758/3/4 1765/3/4
f 1758/3/4 1759/3/4 1765/3/4
f 1765/3/4 1759/3/4 1766/3/4
f 1766/3/4 1759/3/4 1767/3/4
f 1759/7/4 1753/7/4 1768/7/4
f 1767/3/4 1759/3/4 1768/3/4
f 1768/7/4 1753/7/4 1769/7/4
f 1760/6/4 1761/6/4 1770/6/4
f 1769/7/4 1753/7/4 1770/7/4
f 1753/6/4 1760/6/4 1770/6/4
f 1770/6/4 1761/6/4 1771/6/4
f 1763/7/4 1764/7/4 1772/7/4
f 1762/7/4 1763/7/4 1772/7/4
f 1764/3/4 1765/3/4 1773/3/4
f 1772/7/4 1764/7/4 1773/7/4
f 1765/3/4 1766/3/4 1773/3/4
f 1773/3/4 1766/3/4 1774/3/4
f 1766/4/4 1767/4/4 1775/4/4
f 1774/3/4 1766/3/4 1775/3/4
f 1768/3/4 1769/3/4 1776/3/4
f 1775/4/4 1767/4/4 1776/4/4
f 1767/3/4 1768/3/4 1776/3/4
f 1776/3/4 1769/3/4 1777/3/4
f 1770/7/4 1771/7/4 1778/7/4
f 1777/3/4 1769/3/4 1778/3/4
f 1769/7/4 1770/7/4 1778/7/4
f 1778/7/4 1771/7/4 1779/7/4
f 1773/3/4 1774/3/4 1780/3/4
f 1772/3/4 1773/3/4 1780/3/4
f 1774/4/4 1775/4/4 1781/4/4
f 1780/3/4 1774/3/4 1781/3/4
f 1776/4/4 1777/4/4 1781/4/4
f 1775/4/4 1776/4/4 1781/4/4
f 1778/3/4 1779/3/4 1782/3/4
f 1781/4/4 1777/4/4 1782/4/4
f 1777/3/4 1778/3/4 1782/3/4
f 1782/3/4 1779/3/4 1783/3/4
f 1754/6/4 1762/6/4 1785/6/4
f 1785/6/4 1762/6/4 1786/6/4
f 1762/7/4 1772/7/4 1787/7/4
f 1786/6/4 1762/6/4 1787/6/4
f 1772/3/4 1780/3/4 1788/3/4
f 1780/4/4 1781/4/4 1789/4/4
f 1788/3/4 1780/3/4 1789/3/4
f 1781/4/4 1782/4/4 1789/4/4
f 1782/4/4 1783/4/4 1789/4/4
f 1783/3/4 1779/3/4 1790/3/4
f 1789/4/4 1783/4/4 1790/4/4
f 1790/3/4 1779/3/4 1791/3/4
f 1779/7/4 1771/7/4 1792/7/4
f 1771/6/4 1761/6/4 1792/6/4
f 1792/6/4 1761/6/4 1793/6/4
f 1793/6/4 1761/6/4 1794/6/4
f 1787/7/4 1772/7/4 1796/7/4
f 1786/7/4 1787/7/4 1796/7/4
f 1772/3/4 1788/3/4 1797/3/4
f 1796/7/4 1772/7/4 1797/7/4
f 1788/4/4 1789/4/4 1798/4/4
f 1790/4/4 1791/4/4 1798/4/4
f 1789/4/4 1790/4/4 1798/4/4
f 1798/4/4 1791/4/4 1799/4/4
f 1791/3/4 1779/3/4 1800/3/4
f 1792/7/4 1793/7/4 1800/7/4
f 1779/7/4 1792/7/4 1800/7/4
f 1800/7/4 1793/7/4 1801/7/4
f 1797/3/4 1788/3/4 1802/3/4
f 1796/3/4 1797/3/4 1802/3/4
f 1788/4/4 1798/4/4 1803/4/4
f 1802/3/4 1788/3/4 1803/3/4
f 1803/4/4 1798/4/4 1804/4/4
f 1798/5/4 1799/5/4 1805/5/4
f 1804/4/4 1798/4/4 1805/4/4
f 1799/4/4 1791/4/4 1806/4/4
f 1805/5/4 1799/5/4 1806/5/4
f 1806/4/4 1791/4/4 1807/4/4
f 1800/3/4 1801/3/4 1808/3/4
f 1807/4/4 1791/4/4 1808/4/4
f 1791/3/4 1800/3/4 1808/3/4
f 1808/3/4 1801/3/4 1809/3/4
f 1803/4/4 1804/4/4 1810/4/4
f 1796/3/4 1802/3/4 1810/3/4
f 1802/4/4 1803/4/4 1810/4/4
f 1810/4/4 1804/4/4 1811/4/4
f 1804/5/4 1805/5/4 1812/5/4
f 1811/4/4 1804/4/4 1812/4/4
f 1806/5/4 1807/5/4 1812/5/4
f 1805/5/4 1806/5/4 1812/5/4
f 1812/5/4 1807/5/4 1813/5/4
f 1813/5/4 1807/5/4 1814/5/4
f 1808/4/4 1809/4/4 1815/4/4
f 1814/5/4 1807/5/4 1815/5/4
f 1807/4/4 1808/4/4 1815/4/4
f 1815/4/4 1809/4/4 1816/4/4
f 1809/3/4 1801/3/4 1817/3/4
f 1816/4/4 1809/4/4 1817/4/4
f 1810/3/4 1811/3/4 1818/3/4
f 1786/7/4 1796/7/4 1818/7/4
f 1796/3/4 1810/3/4 1818/3/4
f 1818/3/4 1811/3/4 1819/3/4
f 1813/5/4 1814/5/4 1820/5/4
f 1812/4/4 1813/4/4 1820/4/4
f 1811/4/4 1812/4/4 1820/4/4
f 1814/4/4 1815/4/4 1821/4/4
f 1820/5/4 1814/5/4 1821/5/4
f 1815/4/4 1816/4/4 1821/4/4
f 1817/3/4 1801/3/4 1822/3/4
f 1816/3/4 1817/3/4 1822/3/4
f 1801/7/4 1793/7/4 1823/7/4
f 1822/3/4 1801/3/4 1823/3/4
f 1785/6/4 1786/6/4 1824/6/4
f 1784/6/4 1785/6/4 1824/6/4
f 1824/6/4 1786/6/4 1825/6/4
f 1786/7/4 1818/7/4 1826/7/4
f 1825/6/4 1786/6/4 1826/6/4
f 1818/7/4 1819/7/4 1826/7/4
f 1826/7/4 1819/7/4 1827/7/4
f 1820/4/4 1821/4/4 1828/4/4
f 1811/4/4 1820/4/4 1828/4/4
f 1819/3/4 1811/3/4 1828/3/4
f 1828/4/4 1821/4/4 1829/4/4
f 1821/4/4 1816/4/4 1830/4/4
f 1829/4/4 1821/4/4 1830/4/4
f 1816/3/4 1822/3/4 1831/3/4
f 1830/4/4 1816/4/4 1831/4/4
f 1823/7/4 1793/7/4 1832/7/4
f 1822/7/4 1823/7/4 1832/7/4
f 1794/6/4 1795/6/4 1833/6/4
f 1832/7/4 1793/7/4 1833/7/4
f 1793/6/4 1794/6/4 1833/6/4
f 1833/6/4 1795/6/4 1834/6/4
f 1834/6/4 1795/6/4 1835/6/4
f 1828/3/4 1829/3/4 1836/3/4
f 1829/4/4 1830/4/4 1836/4/4
f 1836/4/4 1830/4/4 1837/4/4
f 1837/4/4 1830/4/4 1838/4/4
f 1830/3/4 1831/3/4 1839/3/4
f 1838/4/4 1830/4/4 1839/4/4
f 1827/7/4 1819/7/4 1840/7/4
f 1819/3/4 1828/3/4 1840/3/4
f 1828/3/4 1836/3/4 1840/3/4
f 1836/3/4 1837/3/4 1840/3/4
f 1840/3/4 1837/3/4 1841/3/4
f 1837/4/4 1838/4/4 1842/4/4
f 1841/3/4 1837/3/4 1842/3/4
f 1842/4/4 1838/4/4 1843/4/4
f 1843/4/4 1838/4/4 1844/4/4
f 1838/3/4 1839/3/4 1845/3/4
f 1844/4/4 1838/4/4 1845/4/4
f 1839/3/4 1831/3/4 1846/3/4
f 1845/3/4 1839/3/4 1846/3/4
f 1831/3/4 1822/3/4 1846/3/4
f 1822/7/4 1832/7/4 1847/7/4
f 1846/3/4 1822/3/4 1847/3/4
f 1826/6/4 1827/6/4 1848/6/4
f 1840/7/4 1841/7/4 1848/7/4
f 1825/6/4 1826/6/4 1848/6/4
f 1827/7/4 1840/7/4 1848/7/4
f 1848/7/4 1841/7/4 1849/7/4
f 1842/3/4 1843/3/4 1850/3/4
f 1849/7/4 1841/7/4 1850/7/4
f 1841/3/4 1842/3/4 1850/3/4
f 1850/3/4 1843/3/4 1851/3/4
f 1843/4/4 1844/4/4 1852/4/4
f 1851/3/4 1843/3/4 1852/3/4
f 1845/3/4 1846/3/4 1853/3/4
f 1852/4/4 1844/4/4 1853/4/4
f 1844/3/4 1845/3/4 1853/3/4
f 1853/3/4 1846/3/4 1854/3/4
f 1846/7/4 1847/7/4 1855/7/4
f 1854/3/4 1846/3/4 1855/3/4
f 1847/7/4 1832/7/4 1856/7/4
f 1855/7/4 1847/7/4 1856/7/4
f 1833/6/4 1834/6/4 1857/6/4
f 1856/7/4 1832/7/4 1857/7/4
f 1832/6/4 1833/6/4 1857/6/4
f 1848/6/4 1849/6/4 1858/6/4
f 1825/6/4 1848/6/4 1858/6/4
f 1858/6/4 1849/6/4 1859/6/4
f 1851/3/4 1852/3/4 1860/3/4
f 1849/7/4 1850/7/4 1860/7/4
f 1850/7/4 1851/7/4 1860/7/4
f 1853/3/4 1854/3/4 1860/3/4
f 1852/3/4 1853/3/4 1860/3/4
f 1860/3/4 1854/3/4 1861/3/4
f 1861/3/4 1854/3/4 1862/3/4
f 1855/7/4 1856/7/4 1863/7/4
f 1862/3/4 1854/3/4 1863/3/4
f 1854/7/4 1855/7/4 1863/7/4
f 1857/6/4 1834/6/4 1864/6/4
f 1856/6/4 1857/6/4 1864/6/4
f 1864/6/4 1834/6/4 1865/6/4
f 1859/6/4 1849/6/4 1866/6/4
f 1860/7/4 1861/7/4 1866/7/4
f 1849/7/4 1860/7/4 1866/7/4
f 1866/7/4 1861/7/4 1867/7/4
f 1861/3/4 1862/3/4 1868/3/4
f 1867/7/4 1861/7/4 1868/7/4
f 1868/3/4 1862/3/4 1869/3/4
f 1869/3/4 1862/3/4 1870/3/4
f 1862/7/4 1863/7/4 1871/7/4
f 1870/3/4 1862/3/4 1871/3/4
f 1863/7/4 1856/7/4 1872/7/4
f 1871/7/4 1863/7/4 1872/7/4
f 1856/6/4 1864/6/4 1873/6/4
f 1872/7/4 1856/7/4 1873/7/4
f 1866/6/4 1867/6/4 1874/6/4
f 1859/6/4 1866/6/4 1874/6/4
f 1874/6/4 1867/6/4 1875/6/4
f 1867/7/4 1868/7/4 1876/7/4
f 1875/6/4 1867/6/4 1876/6/4
f 1868/7/4 1869/7/4 1876/7/4
f 1876/7/4 1869/7/4 1877/7/4
f 1869/3/4 1870/3/4 1878/3/4
f 1877/7/4 1869/7/4 1878/7/4
f 1878/3/4 1870/3/4 1879/3/4
f 1879/3/4 1870/3/4 1880/3/4
f 1871/7/4 1872/7/4 1881/7/4
f 1880/3/4 1870/3/4 1881/3/4
f 1870/7/4 1871/7/4 1881/7/4
f 1881/7/4 1872/7/4 1882/7/4
f 1872/6/4 1873/6/4 1883/6/4
f 1882/7/4 1872/7/4 1883/7/4
f 1873/6/4 1864/6/4 1884/6/4
f 1883/6/4 1873/6/4 1884/6/4
f 1884/6/4 1864/6/4 1885/6/4
f 1876/6/4 1877/6/4 1886/6/4
f 1875/6/4 1876/6/4 1886/6/4
f 1886/6/4 1877/6/4 1887/6/4
f 1878/7/4 1879/7/4 1888/7/4
f 1887/6/4 1877/6/4 1888/6/4
f 1877/7/4 1878/7/4 1888/7/4
f 1888/7/4 1879/7/4 1889/7/4
f 1879/3/4 1880/3/4 1890/3/4
f 1889/7/4 1879/7/4 1890/7/4
f 1890/3/4 1880/3/4 1891/3/4
f 1891/3/4 1880/3/4 1892/3/4
f 1881/7/4 1882/7/4 1893/7/4
f 1892/3/4 1880/3/4 1893/3/4
f 1880/7/4 1881/7/4 1893/7/4
f 1893/7/4 1882/7/4 1894/7/4
f 1882/6/4 1883/6/4 1895/6/4
f 1894/7/4 1882/7/4 1895/7/4
f 1883/6/4 1884/6/4 1895/6/4
f 1895/6/4 1884/6/4 1896/6/4
f 1896/6/4 1884/6/4 1897/6/4
f 1888/6/4 1889/6/4 1898/6/4
f 1890/7/4 1891/7/4 1898/7/4
f 1887/6/4 1888/6/4 1898/6/4
f 1889/7/4 1890/7/4 1898/7/4
f 1898/7/4 1891/7/4 1899/7/4
f 1891/3/4 1892/3/4 1900/3/4
f 1899/7/4 1891/7/4 1900/7/4
f 1893/7/4 1894/7/4 1901/7/4
f 1900/3/4 1892/3/4 1901/3/4
f 1892/7/4 1893/7/4 1901/7/4
f 1901/7/4 1894/7/4 1902/7/4
f 1895/6/4 1896/6/4 1903/6/4
f 1902/7/4 1894/7/4 1903/7/4
f 1894/6/4 1895/6/4 1903/6/4
f 1898/6/4 1899/6/4 1904/6/4
f 1887/6/4 1898/6/4 1904/6/4
f 1904/6/4 1899/6/4 1905/6/4
f 1899/7/4 1900/7/4 1906/7/4
f 1905/6/4 1899/6/4 1906/6/4
f 1901/7/4 1902/7/4 1906/7/4
f 1900/7/4 1901/7/4 1906/7/4
f 1906/7/4 1902/7/4 1907/7/4
f 1907/7/4 1902/7/4 1908/7/4
f 1902/6/4 1903/6/4 1909/6/4
f 1908/7/4 1902/7/4 1909/7/4
f 1903/6/4 1896/6/4 1910/6/4
f 1909/6/4 1903/6/4 1910/6/4
f 1910/6/4 1896/6/4 1911/6/4
f 1905/6/4 1906/6/4 1912/6/4
f 1906/6/4 1907/6/4 1912/6/4
f 1912/6/4 1907/6/4 1913/6/4
f 1907/7/4 1908/7/4 1914/7/4
f 1913/6/4 1907/6/4 1914/6/4
f 1914/7/4 1908/7/4 1915/7/4
f 1915/7/4 1908/7/4 1916/7/4
f 1908/6/4 1909/6/4 1917/6/4
f 1916/7/4 1908/7/4 1917/7/4
f 1909/6/4 1910/6/4 1917/6/4
f 1917/6/4 1910/6/4 1918/6/4
f 1918/6/4 1910/6/4 1919/6/4
f 1914/6/4 1915/6/4 1920/6/4
f 1913/6/4 1914/6/4 1920/6/4
f 1920/6/4 1915/6/4 1921/6/4
f 1915/7/4 1916/7/4 1922/7/4
f 1921/6/4 1915/6/4 1922/6/4
f 1922/7/4 1916/7/4 1923/7/4
f 1923/7/4 1916/7/4 1924/7/4
f 1917/6/4 1918/6/4 1925/6/4
f 1924/7/4 1916/7/4 1925/7/4
f 1916/6/4 1917/6/4 1925/6/4
f 1925/6/4 1918/6/4 1926/6/4
f 1926/6/4 1918/6/4 1927/6/4
f 1922/6/4 1923/6/4 1928/6/4
f 1921/6/4 1922/6/4 1928/6/4
f 1928/6/4 1923/6/4 1929/6/4
f 1923/7/4 1924/7/4 1930/7/4
f 1929/6/4 1923/6/4 1930/6/4
f 1925/6/4 1926/6/4 1931/6/4
f 1930/7/4 1924/7/4 1931/7/4
f 1924/6/4 1925/6/4 1931/6/4
f 1931/6/4 1926/6/4 1932/6/4
f 1932/6/4 1926/6/4 1933/6/4
f 1929/6/4 1930/6/4 1934/6/4
f 1931/6/4 1932/6/4 1934/6/4
f 1930/6/4 1931/6/4 1934/6/4
f 1934/6/4 1932/6/4 1935/6/4
f 1935/6/4 1932/6/4 1936/6/4
f 1936/6/4 1932/6/4 1937/6/4
f 1935/6/4 1936/6/4 1938/6/4
f 1938/6/4 1936/6/4 1939/6/4
f 1939/6/4 1936/6/4 1940/6/4
f 1940/6/4 1936/6/4 1941/6/4
f 1939/6/4 1940/6/4 1942/6/4
f 1942/6/4 1940/6/4 1943/6/4
f 1943/6/4 1940/6/4 1944/6/4
f 1944/6/4 1940/6/4 1945/6/4
f 1943/6/4 1944/6/4 1946/6/4
f 1946/6/4 1944/6/4 1947/6/4
f 1956/2/5 1952/2/5 1951/2/5
f 1956/1/5 1953/1/5 1952/1/5
f 1957/2/5 1954/2/5 1953/2/5
f 1957/1/5 1953/1/5 1956/1/5
f 1958/1/5 1949/1/5 1948/1/5
f 1959/2/5 1950/2/5 1949/2/5
f 1959/1/5 1949/1/5 1958/1/5
f 1960/2/5 1950/2/5 1959/2/5
f 1961/2/5 1956/2/5 1951/2/5
f 1961/2/5 1957/2/5 1956/2/5
f 1962/2/5 1954/2/5 1957/2/5
f 1962/2/5 1957/2/5 1961/2/5
f 1962/1/5 1955/1/5 1954/1/5
f 1963/1/5 1958/1/5 1948/1/5
f 1964/2/5 1959/2/5 1958/2/5
f 1964/1/5 1958/1/5 1963/1/5
f 1965/1/5 1960/1/5 1959/1/5
f 1965/2/5 1959/2/5 1964/2/5
f 1966/2/5 1950/2/5 1960/2/5
f 1966/1/5 1960/1/5 1965/1/5
f 1967/2/5 1950/2/5 1966/2/5
f 1968/2/5 1961/2/5 1951/2/5
f 1969/1/5 1962/1/5 1961/1/5
f 1969/2/5 1961/2/5 1968/2/5
f 1970/1/5 1955/1/5 1962/1/5
f 1970/1/5 1962/1/5 1969/1/5
f 1973/2/5 1972/2/5 1971/2/5
f 1974/2/5 1972/2/5 1973/2/5
f 1975/2/5 1972/2/5 1974/2/5
f 1976/2/5 1972/2/5 1975/2/5
f 1977/1/5 1974/1/5 1973/1/5
f 1978/2/5 1975/2/5 1974/2/5
f 1978/1/5 1974/1/5 1977/1/5
f 1979/1/5 1976/1/5 1975/1/5
f 1979/2/5 1975/2/5 1978/2/5
f 1980/1/5 1976/1/5 1979/1/5
f 1985/2/5 1982/2/5 1981/2/5
f 1986/2/5 1982/2/5 1985/2/5
f 1987/2/5 1982/2/5 1986/2/5
f 1988/2/5 1984/2/5 1983/2/5
f 1989/2/5 1984/2/5 1988/2/5
f 1995/2/5 1991/2/5 1990/2/5
f 1996/1/5 1992/1/5 1991/1/5
f 1996/2/5 1991/2/5 1995/2/5
f 1997/2/5 1993/2/5 1992/2/5
f 1997/1/5 1992/1/5 1996/1/5
f 1998/1/5 1994/1/5 1993/1/5
f 1998/2/5 1993/2/5 1997/2/5
f 1999/1/5 1994/1/5 1998/1/5
f 2004/2/5 2001/2/5 2000/2/5
f 2005/2/5 2003/2/5 2002/2/5
f 2006/2/5 2001/2/5 2004/2/5
f 2007/2/5 2001/2/5 2006/2/5
f 2008/2/5 2001/2/5 2007/2/5
f 2009/2/5 2005/2/5 2002/2/5
f 2010/2/5 2005/2/5 2009/2/5
f 2015/1/5 2012/1/5 2011/1/5
f 2016/1/5 2012/1/5 2015/1/5
f 2017/2/5 2014/2/5 2013/2/5
f 2018/2/5 2016/2/5 2015/2/5
f 2019/2/5 2017/2/5 2013/2/5
f 2020/2/5 2017/2/5 2019/2/5
f 2021/2/5 2016/2/5 2018/2/5
f 2022/2/5 2016/2/5 2021/2/5
f 2023/1/5 2020/1/5 2019/1/5
f 2024/1/5 2020/1/5 2023/1/5
f 2029/2/5 2026/2/5 2025/2/5
f 2030/1/5 2027/1/5 2026/1/5
f 2030/2/5 2026/2/5 2029/2/5
f 2031/2/5 2028/2/5 2027/2/5
f 2031/1/5 2027/1/5 2030/1/5
f 2032/2/5 2028/2/5 2031/2/5
f 2037/1/5 2034/1/5 2033/1/5
f 2038/1/5 2034/1/5 2037/1/5
f 2039/2/5 2036/2/5 2035/2/5
f 2040/2/5 2038/2/5 2037/2/5
f 2041/2/5 2039/2/5 2035/2/5
f 2042/2/5 2039/2/5 2041/2/5
f 2043/2/5 2038/2/5 2040/2/5
f 2044/2/5 2038/2/5 2043/2/5
f 2045/1/5 2042/1/5 2041/1/5
f 2046/1/5 2042/1/5 2045/1/5
f 2052/2/5 2048/2/5 2047/2/5
f 2053/1/5 2049/1/5 2048/1/5
f 2053/2/5 2048/2/5 2052/2/5
f 2054/2/5 2051/2/5 2050/2/5
f 2054/1/5 2049/1/5 2053/1/5
f 2054/2/5 2050/2/5 2049/2/5
f 2055/2/5 2051/2/5 2054/2/5
f 2060/2/5 2057/2/5 2056/2/5
f 2061/2/5 2059/2/5 2058/2/5
f 2062/2/5 2057/2/5 2060/2/5
f 2063/2/5 2061/2/5 2058/2/5
f 2064/2/5 2061/2/5 2063/2/5
f 2065/2/5 2057/2/5 2062/2/5
f 2066/2/5 2057/2/5 2065/2/5
f 2067/1/5 2064/1/5 2063/1/5
f 2068/1/5 2064/1/5 2067/1/5
f 2073/1/5 2070/1/5 2069/1/5
f 2074/1/5 2070/1/5 2073/1/5
f 2075/2/5 2072/2/5 2071/2/5
f 2076/2/5 2074/2/5 2073/2/5
f 2077/2/5 2075/2/5 2071/2/5
f 2078/2/5 2075/2/5 2077/2/5
f 2079/2/5 2074/2/5 2076/2/5
f 2080/2/5 2074/2/5 2079/2/5
f 2081/1/5 2078/1/5 2077/1/5
f 2082/1/5 2078/1/5 2081/1/5
f 2087/2/5 2084/2/5 2083/2/5
f 2088/1/5 2086/1/5 2085/1/5
f 2088/2/5 2084/2/5 2087/2/5
f 2088/1/5 2085/1/5 2084/1/5
f 2089/1/5 2086/1/5 2088/1/5
f 2094/2/5 2091/2/5 2090/2/5
f 2095/2/5 2093/2/5 2092/2/5
f 2096/2/5 2091/2/5 2094/2/5
f 2097/2/5 2091/2/5 2096/2/5
f 2098/2/5 2095/2/5 2092/2/5
f 2099/2/5 2095/2/5 2098/2/5
f 2104/1/5 2101/1/5 2100/1/5
f 2105/1/5 2101/1/5 2104/1/5
f 2106/2/5 2103/2/5 2102/2/5
f 2107/2/5 2105/2/5 2104/2/5
f 2108/2/5 2105/2/5 2107/2/5
f 2109/2/5 2105/2/5 2108/2/5
f 2112/2/5 2106/2/5 2102/2/5
f 2113/2/5 2106/2/5 2112/2/5
f 2114/6/5 2111/6/5 2110/6/5
f 2115/6/5 2111/6/5 2114/6/5
f 2119/2/5 2117/2/5 2116/2/5
f 2119/2/5 2118/2/5 2117/2/5
f 2120/2/5 2118/2/5 2119/2/5
f 2127/6/5 2123/6/5 2122/6/5
f 2127/6/5 2122/6/5 2121/6/5
f 2128/6/5 2123/6/5 2127/6/5
f 2129/6/5 2126/6/5 2125/6/5
f 2129/6/5 2125/6/5 2124/6/5
f 2130/6/5 2126/6/5 2129/6/5
f 2136/6/5 2132/6/5 2131/6/5
f 2136/6/5 2133/6/5 2132/6/5
f 2137/6/5 2133/6/5 2136/6/5
f 2138/6/5 2135/6/5 2134/6/5
f 2139/6/5 2135/6/5 2138/6/5
f 2142/6/5 2141/6/5 2140/6/5
f 2143/6/5 2141/6/5 2142/6/5
f 2148/2/5 2147/2/5 2146/2/5
f 2151/2/5 2145/2/5 2144/2/5
f 2152/2/5 2145/2/5 2151/2/5
f 2153/2/5 2148/2/5 2146/2/5
f 2154/2/5 2148/2/5 2153/2/5
f 2157/6/5 2150/6/5 2149/6/5
f 2158/6/5 2150/6/5 2157/6/5
f 2159/6/5 2156/6/5 2155/6/5
f 2160/6/5 2156/6/5 2159/6/5
f 2165/6/5 2162/6/5 2161/6/5
f 2166/6/5 2162/6/5 2165/6/5
f 2167/6/5 2164/6/5 2163/6/5
f 2168/6/5 2164/6/5 2167/6/5
f 2173/2/5 2170/2/5 2169/2/5
f 2173/2/5 2172/2/5 2171/2/5
f 2173/2/5 2171/2/5 2170/2/5
f 2174/2/5 2172/2/5 2173/2/5
f 2179/6/5 2176/6/5 2175/6/5
f 2180/6/5 2176/6/5 2179/6/5
f 2181/6/5 2178/6/5 2177/6/5
f 2182/6/5 2178/6/5 2181/6/5
f 2187/2/5 2184/2/5 2183/2/5
f 2188/2/5 2186/2/5 2185/2/5
f 2191/2/5 2184/2/5 2187/2/5
f 2192/2/5 2184/2/5 2191/2/5
f 2193/2/5 2188/2/5 2185/2/5
f 2194/2/5 2188/2/5 2193/2/5
f 2197/6/5 2190/6/5 2189/6/5
f 2198/6/5 2190/6/5 2197/6/5
f 2199/6/5 2196/6/5 2195/6/5
f 2200/6/5 2196/6/5 2199/6/5
f 2205/6/5 2202/6/5 2201/6/5
f 2206/6/5 2202/6/5 2205/6/5
f 2207/6/5 2204/6/5 2203/6/5
f 2208/6/5 2204/6/5 2207/6/5
f 2212/2/5 2210/2/5 2209/2/5
f 2212/2/5 2211/2/5 2210/2/5
f 2213/2/5 2211/2/5 2212/2/5
f 2218/2/5 2215/2/5 2214/2/5
f 2221/2/5 2215/2/5 2218/2/5
f 2222/2/5 2215/2/5 2221/2/5
f 2223/2/5 2217/2/5 2216/2/5
f 2224/2/5 2217/2/5 2223/2/5
f 2227/6/5 2220/6/5 2219/6/5
f 2228/6/5 2220/6/5 2227/6/5
f 2229/6/5 2226/6/5 2225/6/5
f 2230/6/5 2226/6/5 2229/6/5
f 2235/6/5 2232/6/5 2231/6/5
f 2236/6/5 2232/6/5 2235/6/5
f 2237/6/5 2234/6/5 2233/6/5
f 2238/6/5 2234/6/5 2237/6/5
f 2243/2/5 2240/2/5 2239/2/5
f 2244/2/5 2240/2/5 2243/2/5
f 2247/1/5 2242/1/5 2241/1/5
f 2248/2/5 2243/2/5 2242/2/5
f 2248/1/5 2242/1/5 2247/1/5
f 2249/1/5 2245/1/5 2244/1/5
f 2250/2/5 2246/2/5 2245/2/5
f 2250/1/5 2245/1/5 2249/1/5
f 2251/2/5 2248/2/5 2247/2/5
f 2252/2/5 2243/2/5 2248/2/5
f 2252/2/5 2248/2/5 2251/2/5
f 2253/2/5 2250/2/5 2249/2/5
f 2254/2/5 2246/2/5 2250/2/5
f 2254/2/5 2250/2/5 2253/2/5
f 2258/1/5 2256/1/5 2255/1/5
f 2259/2/5 2257/2/5 2256/2/5
f 2259/1/5 2256/1/5 2258/1/5
f 2260/2/5 2259/2/5 2258/2/5
f 2261/2/5 2257/2/5 2259/2/5
f 2261/2/5 2259/2/5 2260/2/5
f 2266/6/5 2263/6/5 2262/6/5
f 2267/6/5 2263/6/5 2266/6/5
f 2268/6/5 2265/6/5 2264/6/5
f 2269/6/5 2265/6/5 2268/6/5
f 2272/2/5 2271/2/5 2270/2/5
f 2273/2/5 2271/2/5 2272/2/5
f 2274/2/6 2275/2/6 2280/2/6
f 2275/1/6 2276/1/6 2280/1/6
f 2280/1/6 2276/1/6 2281/1/6
f 2277/2/6 2278/2/6 2282/2/6
f 2278/1/6 2279/1/6 2283/1/6
f 2282/2/6 2278/2/6 2283/2/6
f 2283/1/6 2279/1/6 2284/1/6
f 2282/2/6 2283/2/6 2285/2/6
f 2283/2/6 2284/2/6 2285/2/6
f 2280/2/6 2281/2/6 2286/2/6
f 2274/2/6 2280/2/6 2286/2/6
f 2286/2/6 2281/2/6 2287/2/6
f 2285/2/6 2284/2/6 2288/2/6
f 2288/2/6 2284/2/6 2289/2/6
f 2290/2/6 2291/2/6 2294/2/6
f 2291/1/6 2292/1/6 2295/1/6
f 2294/2/6 2291/2/6 2295/2/6
f 2292/2/6 2293/2/6 2296/2/6
f 2295/1/6 2292/1/6 2296/1/6
f 2296/2/6 2293/2/6 2297/2/6
f 2297/2/6 2293/2/6 2298/2/6
f 2299/1/6 2300/1/6 2303/1/6
f 2303/1/6 2300/1/6 2304/1/6
f 2303/2/6 2304/2/6 2305/2/6
f 2305/2/6 2304/2/6 2306/2/6
f 2301/2/6 2302/2/6 2307/2/6
f 2307/2/6 2302/2/6 2308/2/6
f 2309/1/6 2310/1/6 2313/1/6
f 2313/1/6 2310/1/6 2314/1/6
f 2311/1/6 2312/1/6 2315/1/6
f 2315/1/6 2312/1/6 2316/1/6
f 2313/2/6 2314/2/6 2317/2/6
f 2317/2/6 2314/2/6 2318/2/6
f 2315/2/6 2316/2/6 2319/2/6
f 2319/2/6 2316/2/6 2320/2/6
f 2321/2/6 2322/2/6 2325/2/6
f 2325/2/6 2322/2/6 2326/2/6
f 2322/1/6 2323/1/6 2327/1/6
f 2326/2/6 2322/2/6 2327/2/6
f 2323/2/6 2324/2/6 2328/2/6
f 2327/1/6 2323/1/6 2328/1/6
f 2328/2/6 2324/2/6 2329/2/6
f 2330/1/6 2331/1/6 2334/1/6
f 2334/1/6 2331/1/6 2335/1/6
f 2332/2/6 2333/2/6 2336/2/6
f 2336/2/6 2333/2/6 2337/2/6
f 2334/2/6 2335/2/6 2338/2/6
f 2338/2/6 2335/2/6 2339/2/6
f 2336/1/6 2337/1/6 2340/1/6
f 2340/1/6 2337/1/6 2341/1/6
f 2342/1/6 2343/1/6 2346/1/6
f 2343/2/6 2344/2/6 2347/2/6
f 2346/1/6 2343/1/6 2347/1/6
f 2347/2/6 2344/2/6 2348/2/6
f 2344/1/6 2345/1/6 2349/1/6
f 2348/2/6 2344/2/6 2349/2/6
f 2349/1/6 2345/1/6 2350/1/6
f 2351/1/6 2352/1/6 2355/1/6
f 2355/1/6 2352/1/6 2356/1/6
f 2353/2/6 2354/2/6 2357/2/6
f 2357/2/6 2354/2/6 2358/2/6
f 2355/2/6 2356/2/6 2359/2/6
f 2359/2/6 2356/2/6 2360/2/6
f 2357/1/6 2358/1/6 2361/1/6
f 2361/1/6 2358/1/6 2362/1/6
f 2363/1/6 2364/1/6 2367/1/6
f 2367/1/6 2364/1/6 2368/1/6
f 2367/2/6 2368/2/6 2369/2/6
f 2369/2/6 2368/2/6 2370/2/6
f 2369/1/6 2370/1/6 2371/1/6
f 2371/1/6 2370/1/6 2372/1/6
f 2365/1/6 2366/1/6 2373/1/6
f 2373/1/6 2366/1/6 2374/1/6
f 2375/1/6 2376/1/6 2378/1/6
f 2378/1/6 2376/1/6 2379/1/6
f 2376/2/6 2377/2/6 2380/2/6
f 2379/1/6 2376/1/6 2380/1/6
f 2380/2/6 2377/2/6 2381/2/6
f 2382/1/6 2383/1/6 2386/1/6
f 2386/1/6 2383/1/6 2387/1/6
f 2384/1/6 2385/1/6 2388/1/6
f 2388/1/6 2385/1/6 2389/1/6
f 2386/2/6 2387/2/6 2390/2/6
f 2390/2/6 2387/2/6 2391/2/6
f 2388/2/6 2389/2/6 2392/2/6
f 2390/1/6 2391/1/6 2393/1/6
f 2393/1/6 2391/1/6 2394/1/6
f 2392/2/6 2389/2/6 2395/2/6
f 2395/2/6 2389/2/6 2396/2/6
f 2397/1/6 2398/1/6 2401/1/6
f 2401/1/6 2398/1/6 2402/1/6
f 2399/2/6 2400/2/6 2403/2/6
f 2403/2/6 2400/2/6 2404/2/6
f 2403/1/6 2404/1/6 2405/1/6
f 2405/1/6 2404/1/6 2406/1/6
f 2401/2/6 2402/2/6 2407/2/6
f 2407/2/6 2402/2/6 2408/2/6
f 2405/2/6 2406/2/6 2409/2/6
f 2409/2/6 2406/2/6 2410/2/6
f 2411/1/6 2412/1/6 2414/1/6
f 2414/1/6 2412/1/6 2415/1/6
f 2412/2/6 2413/2/6 2416/2/6
f 2415/1/6 2412/1/6 2416/1/6
f 2416/2/6 2413/2/6 2417/2/6
f 2417/2/6 2413/2/6 2418/2/6
f 2419/2/6 2420/2/6 2423/2/6
f 2419/2/6 2423/2/6 2424/2/6
f 2424/2/6 2423/2/6 2425/2/6
f 2421/2/6 2422/2/6 2426/2/6
f 2426/2/6 2422/2/6 2427/2/6
f 2428/1/6 2429/1/6 2432/1/6
f 2429/2/6 2430/2/6 2433/2/6
f 2432/1/6 2429/1/6 2433/1/6
f 2430/1/6 2431/1/6 2434/1/6
f 2433/2/6 2430/2/6 2434/2/6
f 2434/1/6 2431/1/6 2435/1/6
f 2435/1/6 2431/1/6 2436/1/6
f 2437/2/6 2438/2/6 2441/2/6
f 2437/2/6 2441/2/6 2442/2/6
f 2442/2/6 2441/2/6 2443/2/6
f 2439/2/6 2440/2/6 2444/2/6
f 2444/2/6 2440/2/6 2445/2/6
f 2446/2/6 2447/2/6 2451/2/6
f 2447/1/6 2448/1/6 2452/1/6
f 2451/2/6 2447/2/6 2452/2/6
f 2448/2/6 2449/2/6 2453/2/6
f 2452/1/6 2448/1/6 2453/1/6
f 2449/1/6 2450/1/6 2454/1/6
f 2453/2/6 2449/2/6 2454/2/6
f 2454/1/6 2450/1/6 2455/1/6
f 2456/1/6 2457/1/6 2460/1/6
f 2460/1/6 2457/1/6 2461/1/6
f 2458/2/6 2459/2/6 2462/2/6
f 2460/2/6 2461/2/6 2463/2/6
f 2460/2/6 2463/2/6 2464/2/6
f 2464/2/6 2463/2/6 2465/2/6
f 2462/2/6 2459/2/6 2466/2/6
f 2466/2/6 2459/2/6 2467/2/6
f 2468/2/6 2469/2/6 2472/2/6
f 2469/1/6 2470/1/6 2473/1/6
f 2472/2/6 2469/2/6 2473/2/6
f 2470/2/6 2471/2/6 2474/2/6
f 2473/1/6 2470/1/6 2474/1/6
f 2474/2/6 2471/2/6 2475/2/6
f 2475/2/6 2471/2/6 2476/2/6
f 2477/1/6 2478/1/6 2481/1/6
f 2477/1/6 2481/1/6 2482/1/6
f 2482/1/6 2481/1/6 2483/1/6
f 2482/2/6 2483/2/6 2484/2/6
f 2484/2/6 2483/2/6 2485/2/6
f 2479/2/6 2480/2/6 2486/2/6
f 2486/2/6 2480/2/6 2487/2/6
f 2488/1/6 2489/1/6 2492/1/6
f 2492/1/6 2489/1/6 2493/1/6
f 2492/2/6 2493/2/6 2494/2/6
f 2494/2/6 2493/2/6 2495/2/6
f 2490/2/6 2491/2/6 2496/2/6
f 2496/2/6 2491/2/6 2497/2/6
f 2498/2/6 2499/2/6 2502/2/6
f 2499/1/6 2500/1/6 2503/1/6
f 2502/2/6 2499/2/6 2503/2/6
f 2500/2/6 2501/2/6 2504/2/6
f 2503/1/6 2500/1/6 2504/1/6
f 2504/2/6 2501/2/6 2505/2/6
f 2508/2/6 2509/2/6 2510/2/6
f 2506/1/6 2507/1/6 2511/1/6
f 2511/1/6 2507/1/6 2512/1/6
f 2511/2/6 2512/2/6 2513/2/6
f 2513/2/6 2512/2/6 2514/2/6
f 2510/2/6 2509/2/6 2515/2/6
f 2515/2/6 2509/2/6 2516/2/6
f 2517/2/6 2518/2/6 2521/2/6
f 2521/2/6 2518/2/6 2522/2/6
f 2519/1/6 2520/1/6 2523/1/6
f 2523/1/6 2520/1/6 2524/1/6
f 2525/1/6 2526/1/6 2528/1/6
f 2528/1/6 2526/1/6 2529/1/6
f 2529/1/6 2526/1/6 2530/1/6
f 2527/1/6 2528/1/6 2533/1/6
f 2528/1/6 2529/1/6 2533/1/6
f 2530/2/6 2531/2/6 2534/2/6
f 2529/2/6 2530/2/6 2534/2/6
f 2533/1/6 2529/1/6 2534/1/6
f 2534/2/6 2531/2/6 2535/2/6
f 2535/2/6 2531/2/6 2536/2/6
f 2532/2/6 2533/2/6 2538/2/6
f 2538/2/6 2533/2/6 2539/2/6
f 2536/2/6 2537/2/6 2540/2/6
f 2540/2/6 2537/2/6 2541/2/6
f 2542/2/6 2543/2/6 2546/2/6
f 2543/1/6 2544/1/6 2547/1/6
f 2546/2/6 2543/2/6 2547/2/6
f 2544/2/6 2545/2/6 2548/2/6
f 2547/1/6 2544/1/6 2548/1/6
f 2548/2/6 2545/2/6 2549/2/6
f 2549/2/6 2545/2/6 2550/2/6
f 2542/2/6 2546/2/6 2551/2/6
f 2551/2/6 2546/2/6 2552/2/6
f 2550/2/6 2545/2/6 2553/2/6
f 2553/2/6 2545/2/6 2554/2/6
f 2555/2/6 2556/2/6 2559/2/6
f 2556/1/6 2557/1/6 2560/1/6
f 2559/2/6 2556/2/6 2560/2/6
f 2557/2/6 2558/2/6 2561/2/6
f 2560/1/6 2557/1/6 2561/1/6
f 2561/2/6 2558/2/6 2562/2/6
f 2563/6/6 2564/6/6 2567/6/6
f 2567/6/6 2564/6/6 2568/6/6
f 2565/6/6 2566/6/6 2569/6/6
f 2569/6/6 2566/6/6 2570/6/6
f 2571/6/6 2572/6/6 2575/6/6
f 2575/6/6 2572/6/6 2576/6/6
f 2573/6/6 2574/6/6 2577/6/6
f 2577/6/6 2574/6/6 2578/6/6
f 2579/6/6 2580/6/6 2583/6/6
f 2583/6/6 2580/6/6 2584/6/6
f 2581/6/6 2582/6/6 2585/6/6
f 2585/6/6 2582/6/6 2586/6/6
f 2587/6/6 2588/6/6 2591/6/6
f 2591/6/6 2588/6/6 2592/6/6
f 2589/6/6 2590/6/6 2593/6/6
f 2593/6/6 2590/6/6 2594/6/6
f 2595/6/6 2596/6/6 2599/6/6
f 2599/6/6 2596/6/6 2600/6/6
f 2597/6/6 2598/6/6 2601/6/6
f 2601/6/6 2598/6/6 2602/6/6
f 2603/6/6 2604/6/6 2607/6/6
f 2607/6/6 2604/6/6 2608/6/6
f 2605/6/6 2606/6/6 2609/6/6
f 2609/6/6 2606/6/6 2610/6/6
f 2611/6/6 2612/6/6 2615/6/6
f 2615/6/6 2612/6/6 2616/6/6
f 2613/6/6 2614/6/6 2617/6/6
f 2617/6/6 2614/6/6 2618/6/6
f 2619/6/6 2620/6/6 2623/6/6
f 2623/6/6 2620/6/6 2624/6/6
f 2621/6/6 2622/6/6 2625/6/6
f 2625/6/6 2622/6/6 2626/6/6
f 2627/6/6 2628/6/6 2631/6/6
f 2631/6/6 2628/6/6 2632/6/6
f 2629/6/6 2630/6/6 2633/6/6
f 2633/6/6 2630/6/6 2634/6/6
f 2635/6/6 2636/6/6 2639/6/6
f 2639/6/6 2636/6/6 2640/6/6
f 2637/6/6 2638/6/6 2641/6/6
f 2641/6/6 2638/6/6 2642/6/6
f 2643/6/6 2644/6/6 2647/6/6
f 2647/6/6 2644/6/6 2648/6/6
f 2645/6/6 2646/6/6 2649/6/6
f 2649/6/6 2646/6/6 2650/6/6
f 2651/6/6 2652/6/6 2653/6/6
f 2653/6/6 2652/6/6 2654/6/6
