# MagicaVoxel @ Ephtracy

# group
o 

# material
mtllib CLOSEDBOX_metal.mtl
usemtl palette

# normals
vn -1 0 0
vn 1 0 0
vn 0 0 1
vn 0 0 -1
vn 0 -1 0
vn 0 1 0

# texcoords
vt 0.158203 0.5
vt 0.939453 0.5
vt 0.951172 0.5
vt 0.955078 0.5
vt 0.958984 0.5
vt 0.982422 0.5

# verts
v -2 0 2
v -2 0 -2
v -2 0.1 1.9
v -2 0.1 -1.9
v -2 0.2 2
v -2 0.2 1.9
v -2 0.2 1.7
v -2 0.2 1.6
v -2 0.2 0.0999999
v -2 0.2 -0.1
v -2 0.2 -1.6
v -2 0.2 -1.7
v -2 0.2 -1.9
v -2 0.2 -2
v -2 0.3 1.9
v -2 0.3 1.8
v -2 0.3 1.7
v -2 0.3 1.6
v -2 0.3 1.5
v -2 0.3 -1.5
v -2 0.3 -1.6
v -2 0.3 -1.7
v -2 0.3 -1.8
v -2 0.3 -1.9
v -2 0.4 1.8
v -2 0.4 1.7
v -2 0.4 1.6
v -2 0.4 1.5
v -2 0.4 1.4
v -2 0.4 -1.4
v -2 0.4 -1.5
v -2 0.4 -1.6
v -2 0.4 -1.7
v -2 0.4 -1.8
v -2 0.5 1.7
v -2 0.5 1.6
v -2 0.5 1.5
v -2 0.5 1.4
v -2 0.5 1.3
v -2 0.5 -1.3
v -2 0.5 -1.4
v -2 0.5 -1.5
v -2 0.5 -1.6
v -2 0.5 -1.7
v -2 0.6 1.6
v -2 0.6 1.5
v -2 0.6 1.4
v -2 0.6 1.3
v -2 0.6 1.2
v -2 0.6 -1.2
v -2 0.6 -1.3
v -2 0.6 -1.4
v -2 0.6 -1.5
v -2 0.6 -1.6
v -2 0.7 1.5
v -2 0.7 1.4
v -2 0.7 1.3
v -2 0.7 1.2
v -2 0.7 1.1
v -2 0.7 -1.1
v -2 0.7 -1.2
v -2 0.7 -1.3
v -2 0.7 -1.4
v -2 0.7 -1.5
v -2 0.8 1.4
v -2 0.8 1.3
v -2 0.8 1.2
v -2 0.8 1.1
v -2 0.8 1
v -2 0.8 -1
v -2 0.8 -1.1
v -2 0.8 -1.2
v -2 0.8 -1.3
v -2 0.8 -1.4
v -2 0.9 1.3
v -2 0.9 1.2
v -2 0.9 1.1
v -2 0.9 1
v -2 0.9 0.9
v -2 0.9 -0.9
v -2 0.9 -1
v -2 0.9 -1.1
v -2 0.9 -1.2
v -2 0.9 -1.3
v -2 1 1.2
v -2 1 1.1
v -2 1 1
v -2 1 0.9
v -2 1 0.8
v -2 1 -0.8
v -2 1 -0.9
v -2 1 -1
v -2 1 -1.1
v -2 1 -1.2
v -2 1.1 1.1
v -2 1.1 1
v -2 1.1 0.9
v -2 1.1 0.8
v -2 1.1 0.7
v -2 1.1 -0.7
v -2 1.1 -0.8
v -2 1.1 -0.9
v -2 1.1 -1
v -2 1.1 -1.1
v -2 1.2 1
v -2 1.2 0.9
v -2 1.2 0.8
v -2 1.2 0.7
v -2 1.2 0.6
v -2 1.2 -0.6
v -2 1.2 -0.7
v -2 1.2 -0.8
v -2 1.2 -0.9
v -2 1.2 -1
v -2 1.3 0.9
v -2 1.3 0.8
v -2 1.3 0.7
v -2 1.3 0.6
v -2 1.3 0.5
v -2 1.3 -0.5
v -2 1.3 -0.6
v -2 1.3 -0.7
v -2 1.3 -0.8
v -2 1.3 -0.9
v -2 1.4 0.8
v -2 1.4 0.7
v -2 1.4 0.6
v -2 1.4 0.5
v -2 1.4 0.4
v -2 1.4 0.2
v -2 1.4 0.0999999
v -2 1.4 -0.1
v -2 1.4 -0.2
v -2 1.4 -0.4
v -2 1.4 -0.5
v -2 1.4 -0.6
v -2 1.4 -0.7
v -2 1.4 -0.8
v -2 1.5 0.7
v -2 1.5 0.6
v -2 1.5 0.5
v -2 1.5 0.4
v -2 1.5 0.2
v -2 1.5 0.0999999
v -2 1.5 -0.1
v -2 1.5 -0.2
v -2 1.5 -0.4
v -2 1.5 -0.5
v -2 1.5 -0.6
v -2 1.5 -0.7
v -2 1.6 0.4
v -2 1.6 0.2
v -2 1.6 -0.2
v -2 1.6 -0.4
v -2 1.7 0.7
v -2 1.7 0.6
v -2 1.7 0.5
v -2 1.7 0.4
v -2 1.7 0.2
v -2 1.7 -0.2
v -2 1.7 -0.4
v -2 1.7 -0.5
v -2 1.7 -0.6
v -2 1.7 -0.7
v -2 1.8 0.8
v -2 1.8 0.7
v -2 1.8 0.6
v -2 1.8 0.5
v -2 1.8 0.4
v -2 1.8 0.2
v -2 1.8 0.0999999
v -2 1.8 -0.1
v -2 1.8 -0.2
v -2 1.8 -0.4
v -2 1.8 -0.5
v -2 1.8 -0.6
v -2 1.8 -0.7
v -2 1.8 -0.8
v -2 1.9 0.9
v -2 1.9 0.8
v -2 1.9 0.7
v -2 1.9 0.6
v -2 1.9 0.5
v -2 1.9 -0.5
v -2 1.9 -0.6
v -2 1.9 -0.7
v -2 1.9 -0.8
v -2 1.9 -0.9
v -2 2 1
v -2 2 0.9
v -2 2 0.8
v -2 2 0.7
v -2 2 0.6
v -2 2 -0.6
v -2 2 -0.7
v -2 2 -0.8
v -2 2 -0.9
v -2 2 -1
v -2 2.1 1.1
v -2 2.1 1
v -2 2.1 0.9
v -2 2.1 0.8
v -2 2.1 0.7
v -2 2.1 -0.7
v -2 2.1 -0.8
v -2 2.1 -0.9
v -2 2.1 -1
v -2 2.1 -1.1
v -2 2.2 1.2
v -2 2.2 1.1
v -2 2.2 1
v -2 2.2 0.9
v -2 2.2 0.8
v -2 2.2 -0.8
v -2 2.2 -0.9
v -2 2.2 -1
v -2 2.2 -1.1
v -2 2.2 -1.2
v -2 2.3 1.3
v -2 2.3 1.2
v -2 2.3 1.1
v -2 2.3 1
v -2 2.3 0.9
v -2 2.3 -0.9
v -2 2.3 -1
v -2 2.3 -1.1
v -2 2.3 -1.2
v -2 2.3 -1.3
v -2 2.4 1.4
v -2 2.4 1.3
v -2 2.4 1.2
v -2 2.4 1.1
v -2 2.4 1
v -2 2.4 -1
v -2 2.4 -1.1
v -2 2.4 -1.2
v -2 2.4 -1.3
v -2 2.4 -1.4
v -2 2.5 1.5
v -2 2.5 1.4
v -2 2.5 1.3
v -2 2.5 1.2
v -2 2.5 1.1
v -2 2.5 -1.1
v -2 2.5 -1.2
v -2 2.5 -1.3
v -2 2.5 -1.4
v -2 2.5 -1.5
v -2 2.6 1.6
v -2 2.6 1.5
v -2 2.6 1.4
v -2 2.6 1.3
v -2 2.6 1.2
v -2 2.6 -1.2
v -2 2.6 -1.3
v -2 2.6 -1.4
v -2 2.6 -1.5
v -2 2.6 -1.6
v -2 2.7 1.7
v -2 2.7 1.6
v -2 2.7 1.5
v -2 2.7 1.4
v -2 2.7 1.3
v -2 2.7 -1.3
v -2 2.7 -1.4
v -2 2.7 -1.5
v -2 2.7 -1.6
v -2 2.7 -1.7
v -2 2.8 1.8
v -2 2.8 1.7
v -2 2.8 1.6
v -2 2.8 1.5
v -2 2.8 1.4
v -2 2.8 -1.4
v -2 2.8 -1.5
v -2 2.8 -1.6
v -2 2.8 -1.7
v -2 2.8 -1.8
v -2 2.9 1.8
v -2 2.9 1.7
v -2 2.9 1.6
v -2 2.9 1.5
v -2 2.9 -1.5
v -2 2.9 -1.6
v -2 2.9 -1.7
v -2 2.9 -1.8
v -2 3 1.9
v -2 3 1.8
v -2 3 1.6
v -2 3 0.0999999
v -2 3 -0.1
v -2 3 -1.6
v -2 3 -1.8
v -2 3 -1.9
v -2 3.1 1.6
v -2 3.1 0.0999999
v -2 3.1 -0.1
v -2 3.1 -1.6
v -2 3.2 2
v -2 3.2 -2
v -1.9 0.2 1.6
v -1.9 0.2 0.0999999
v -1.9 0.2 -0.1
v -1.9 0.2 -1.6
v -1.9 0.3 1.6
v -1.9 0.3 1.5
v -1.9 0.3 1.3
v -1.9 0.3 1.1
v -1.9 0.3 0.2
v -1.9 0.3 0.0999999
v -1.9 0.3 -0.1
v -1.9 0.3 -0.2
v -1.9 0.3 -1
v -1.9 0.3 -1.4
v -1.9 0.3 -1.5
v -1.9 0.3 -1.6
v -1.9 0.4 1.8
v -1.9 0.4 1.7
v -1.9 0.4 1.5
v -1.9 0.4 1.4
v -1.9 0.4 1.3
v -1.9 0.4 1.1
v -1.9 0.4 1
v -1.9 0.4 0.3
v -1.9 0.4 0.2
v -1.9 0.4 -0.2
v -1.9 0.4 -0.3
v -1.9 0.4 -0.9
v -1.9 0.4 -1
v -1.9 0.4 -1.4
v -1.9 0.4 -1.5
v -1.9 0.4 -1.7
v -1.9 0.4 -1.8
v -1.9 0.5 1.7
v -1.9 0.5 1.6
v -1.9 0.5 1.4
v -1.9 0.5 1.3
v -1.9 0.5 -1.3
v -1.9 0.5 -1.4
v -1.9 0.5 -1.6
v -1.9 0.5 -1.7
v -1.9 0.6 1.6
v -1.9 0.6 1.5
v -1.9 0.6 1.3
v -1.9 0.6 1.2
v -1.9 0.6 1.1
v -1.9 0.6 1
v -1.9 0.6 0.9
v -1.9 0.6 -0.3
v -1.9 0.6 -0.4
v -1.9 0.6 -1.1
v -1.9 0.6 -1.2
v -1.9 0.6 -1.3
v -1.9 0.6 -1.5
v -1.9 0.6 -1.6
v -1.9 0.7 1.5
v -1.9 0.7 1.4
v -1.9 0.7 1.2
v -1.9 0.7 1.1
v -1.9 0.7 -1
v -1.9 0.7 -1.1
v -1.9 0.7 -1.2
v -1.9 0.7 -1.4
v -1.9 0.7 -1.5
v -1.9 0.8 1.4
v -1.9 0.8 1.3
v -1.9 0.8 1.1
v -1.9 0.8 1
v -1.9 0.8 0.4
v -1.9 0.8 0.3
v -1.9 0.8 0.2
v -1.9 0.8 0.0999999
v -1.9 0.8 -0.1
v -1.9 0.8 -0.2
v -1.9 0.8 -0.8
v -1.9 0.8 -0.9
v -1.9 0.8 -1
v -1.9 0.8 -1.1
v -1.9 0.8 -1.3
v -1.9 0.8 -1.4
v -1.9 0.9 1.3
v -1.9 0.9 1.2
v -1.9 0.9 1
v -1.9 0.9 0.9
v -1.9 0.9 -0.9
v -1.9 0.9 -1
v -1.9 0.9 -1.2
v -1.9 0.9 -1.3
v -1.9 0.9 -1.6
v -1.9 0.9 -1.7
v -1.9 1 1.6
v -1.9 1 1.5
v -1.9 1 1.2
v -1.9 1 1.1
v -1.9 1 0.9
v -1.9 1 0.8
v -1.9 1 -0.8
v -1.9 1 -0.9
v -1.9 1 -1.1
v -1.9 1 -1.2
v -1.9 1.1 1.1
v -1.9 1.1 1
v -1.9 1.1 0.8
v -1.9 1.1 0.7
v -1.9 1.1 -0.4
v -1.9 1.1 -0.5
v -1.9 1.1 -0.7
v -1.9 1.1 -0.8
v -1.9 1.1 -1
v -1.9 1.1 -1.1
v -1.9 1.1 -1.4
v -1.9 1.1 -1.5
v -1.9 1.2 1.5
v -1.9 1.2 1.4
v -1.9 1.2 1
v -1.9 1.2 0.9
v -1.9 1.2 0.7
v -1.9 1.2 0.6
v -1.9 1.2 0.3
v -1.9 1.2 0.2
v -1.9 1.2 -0.2
v -1.9 1.2 -0.3
v -1.9 1.2 -0.6
v -1.9 1.2 -0.7
v -1.9 1.2 -0.9
v -1.9 1.2 -1
v -1.9 1.3 0.9
v -1.9 1.3 0.8
v -1.9 1.3 0.6
v -1.9 1.3 0.5
v -1.9 1.3 0.4
v -1.9 1.3 -0.5
v -1.9 1.3 -0.6
v -1.9 1.3 -0.8
v -1.9 1.3 -0.9
v -1.9 1.3 -1.6
v -1.9 1.3 -1.7
v -1.9 1.4 1.7
v -1.9 1.4 1.6
v -1.9 1.4 0.8
v -1.9 1.4 0.7
v -1.9 1.4 0.5
v -1.9 1.4 0.4
v -1.9 1.4 0.2
v -1.9 1.4 0.0999999
v -1.9 1.4 -0.1
v -1.9 1.4 -0.2
v -1.9 1.4 -0.4
v -1.9 1.4 -0.5
v -1.9 1.4 -0.7
v -1.9 1.4 -0.8
v -1.9 1.5 0.7
v -1.9 1.5 0.6
v -1.9 1.5 0.4
v -1.9 1.5 0.3
v -1.9 1.5 0.2
v -1.9 1.5 -0.2
v -1.9 1.5 -0.3
v -1.9 1.5 -0.4
v -1.9 1.5 -0.6
v -1.9 1.5 -0.7
v -1.9 1.7 0.7
v -1.9 1.7 0.6
v -1.9 1.7 0.4
v -1.9 1.7 0.3
v -1.9 1.7 0.2
v -1.9 1.7 -0.2
v -1.9 1.7 -0.3
v -1.9 1.7 -0.4
v -1.9 1.7 -0.6
v -1.9 1.7 -0.7
v -1.9 1.8 0.8
v -1.9 1.8 0.7
v -1.9 1.8 0.5
v -1.9 1.8 0.4
v -1.9 1.8 0.2
v -1.9 1.8 0.0999999
v -1.9 1.8 -0.1
v -1.9 1.8 -0.2
v -1.9 1.8 -0.4
v -1.9 1.8 -0.5
v -1.9 1.8 -0.7
v -1.9 1.8 -0.8
v -1.9 1.8 -0.9
v -1.9 1.8 -1
v -1.9 1.9 0.9
v -1.9 1.9 0.8
v -1.9 1.9 0.6
v -1.9 1.9 0.5
v -1.9 1.9 -0.5
v -1.9 1.9 -0.6
v -1.9 1.9 -0.8
v -1.9 1.9 -0.9
v -1.9 2 1.5
v -1.9 2 1.4
v -1.9 2 1
v -1.9 2 0.9
v -1.9 2 0.7
v -1.9 2 0.6
v -1.9 2 -0.6
v -1.9 2 -0.7
v -1.9 2 -0.9
v -1.9 2 -1
v -1.9 2.1 1.7
v -1.9 2.1 1.6
v -1.9 2.1 1.1
v -1.9 2.1 1
v -1.9 2.1 0.8
v -1.9 2.1 0.7
v -1.9 2.1 0.5
v -1.9 2.1 0.4
v -1.9 2.1 0.3
v -1.9 2.1 0.2
v -1.9 2.1 -0.4
v -1.9 2.1 -0.5
v -1.9 2.1 -0.7
v -1.9 2.1 -0.8
v -1.9 2.1 -1
v -1.9 2.1 -1.1
v -1.9 2.1 -1.4
v -1.9 2.1 -1.5
v -1.9 2.2 1.2
v -1.9 2.2 1.1
v -1.9 2.2 0.9
v -1.9 2.2 0.8
v -1.9 2.2 -0.2
v -1.9 2.2 -0.3
v -1.9 2.2 -0.8
v -1.9 2.2 -0.9
v -1.9 2.2 -1.1
v -1.9 2.2 -1.2
v -1.9 2.3 1.6
v -1.9 2.3 1.5
v -1.9 2.3 1.3
v -1.9 2.3 1.2
v -1.9 2.3 1
v -1.9 2.3 0.9
v -1.9 2.3 -0.9
v -1.9 2.3 -1
v -1.9 2.3 -1.2
v -1.9 2.3 -1.3
v -1.9 2.3 -1.5
v -1.9 2.3 -1.6
v -1.9 2.4 1.4
v -1.9 2.4 1.3
v -1.9 2.4 1.1
v -1.9 2.4 1
v -1.9 2.4 -0.1
v -1.9 2.4 -0.2
v -1.9 2.4 -0.3
v -1.9 2.4 -0.4
v -1.9 2.4 -1
v -1.9 2.4 -1.1
v -1.9 2.4 -1.3
v -1.9 2.4 -1.4
v -1.9 2.5 1.5
v -1.9 2.5 1.4
v -1.9 2.5 1.2
v -1.9 2.5 1.1
v -1.9 2.5 0.4
v -1.9 2.5 0.3
v -1.9 2.5 0.2
v -1.9 2.5 0.0999999
v -1.9 2.5 -1.1
v -1.9 2.5 -1.2
v -1.9 2.5 -1.4
v -1.9 2.5 -1.5
v -1.9 2.6 1.6
v -1.9 2.6 1.5
v -1.9 2.6 1.3
v -1.9 2.6 1.2
v -1.9 2.6 1.1
v -1.9 2.6 -1.1
v -1.9 2.6 -1.2
v -1.9 2.6 -1.3
v -1.9 2.6 -1.5
v -1.9 2.6 -1.6
v -1.9 2.7 1.7
v -1.9 2.7 1.6
v -1.9 2.7 1.4
v -1.9 2.7 1.3
v -1.9 2.7 1
v -1.9 2.7 0.9
v -1.9 2.7 -0.9
v -1.9 2.7 -1
v -1.9 2.7 -1.3
v -1.9 2.7 -1.4
v -1.9 2.7 -1.6
v -1.9 2.7 -1.7
v -1.9 2.8 1.8
v -1.9 2.8 1.7
v -1.9 2.8 1.5
v -1.9 2.8 1.4
v -1.9 2.8 0.3
v -1.9 2.8 0.0999999
v -1.9 2.8 -0.1
v -1.9 2.8 -0.3
v -1.9 2.8 -1.4
v -1.9 2.8 -1.5
v -1.9 2.8 -1.7
v -1.9 2.8 -1.8
v -1.9 2.9 1.6
v -1.9 2.9 1.5
v -1.9 2.9 1.4
v -1.9 2.9 1
v -1.9 2.9 -1
v -1.9 2.9 -1.4
v -1.9 2.9 -1.5
v -1.9 2.9 -1.6
v -1.9 3 1.6
v -1.9 3 0.0999999
v -1.9 3 -0.1
v -1.9 3 -1.6
v -1.7 0.4 2
v -1.7 0.4 1.9
v -1.7 0.4 -1.9
v -1.7 0.4 -2
v -1.7 0.5 2
v -1.7 0.5 1.9
v -1.7 0.5 -1.9
v -1.7 0.5 -2
v -1.7 2.7 2
v -1.7 2.7 1.9
v -1.7 2.7 -1.9
v -1.7 2.7 -2
v -1.7 2.8 2
v -1.7 2.8 1.9
v -1.7 2.8 -1.9
v -1.7 2.8 -2
v -1.6 0.5 2
v -1.6 0.5 1.9
v -1.6 0.5 -1.9
v -1.6 0.5 -2
v -1.6 0.6 2
v -1.6 0.6 1.9
v -1.6 0.6 -1.9
v -1.6 0.6 -2
v -1.6 2.6 2
v -1.6 2.6 1.9
v -1.6 2.6 -1.9
v -1.6 2.6 -2
v -1.6 2.7 2
v -1.6 2.7 1.9
v -1.6 2.7 -1.9
v -1.6 2.7 -2
v -1.6 3.1 1.5
v -1.6 3.1 1.4
v -1.6 3.1 -1.4
v -1.6 3.1 -1.5
v -1.6 3.2 1.5
v -1.6 3.2 1.4
v -1.6 3.2 -1.4
v -1.6 3.2 -1.5
v -1.5 0.6 2
v -1.5 0.6 1.9
v -1.5 0.6 -1.9
v -1.5 0.6 -2
v -1.5 0.7 2
v -1.5 0.7 1.9
v -1.5 0.7 -1.9
v -1.5 0.7 -2
v -1.5 2.5 2
v -1.5 2.5 1.9
v -1.5 2.5 -1.9
v -1.5 2.5 -2
v -1.5 2.6 2
v -1.5 2.6 1.9
v -1.5 2.6 -1.9
v -1.5 2.6 -2
v -1.5 3.1 1.4
v -1.5 3.1 1.3
v -1.5 3.1 -1.3
v -1.5 3.1 -1.4
v -1.5 3.2 1.4
v -1.5 3.2 1.3
v -1.5 3.2 -1.3
v -1.5 3.2 -1.4
v -1.4 0.7 2
v -1.4 0.7 1.9
v -1.4 0.7 -1.9
v -1.4 0.7 -2
v -1.4 0.8 2
v -1.4 0.8 1.9
v -1.4 0.8 -1.9
v -1.4 0.8 -2
v -1.4 2.4 2
v -1.4 2.4 1.9
v -1.4 2.4 -1.9
v -1.4 2.4 -2
v -1.4 2.5 2
v -1.4 2.5 1.9
v -1.4 2.5 -1.9
v -1.4 2.5 -2
v -1.4 3.1 1.3
v -1.4 3.1 1.2
v -1.4 3.1 -1.2
v -1.4 3.1 -1.3
v -1.4 3.2 1.3
v -1.4 3.2 1.2
v -1.4 3.2 -1.2
v -1.4 3.2 -1.3
v -1.3 0.8 2
v -1.3 0.8 1.9
v -1.3 0.8 -1.9
v -1.3 0.8 -2
v -1.3 0.9 2
v -1.3 0.9 1.9
v -1.3 0.9 -1.9
v -1.3 0.9 -2
v -1.3 2.3 2
v -1.3 2.3 1.9
v -1.3 2.3 -1.9
v -1.3 2.3 -2
v -1.3 2.4 2
v -1.3 2.4 1.9
v -1.3 2.4 -1.9
v -1.3 2.4 -2
v -1.3 3.1 1.2
v -1.3 3.1 1.1
v -1.3 3.1 -1.1
v -1.3 3.1 -1.2
v -1.3 3.2 1.2
v -1.3 3.2 1.1
v -1.3 3.2 -1.1
v -1.3 3.2 -1.2
v -1.2 0.9 2
v -1.2 0.9 1.9
v -1.2 0.9 -1.9
v -1.2 0.9 -2
v -1.2 1 2
v -1.2 1 1.9
v -1.2 1 -1.9
v -1.2 1 -2
v -1.2 2.2 2
v -1.2 2.2 1.9
v -1.2 2.2 -1.9
v -1.2 2.2 -2
v -1.2 2.3 2
v -1.2 2.3 1.9
v -1.2 2.3 -1.9
v -1.2 2.3 -2
v -1.2 3.1 1.1
v -1.2 3.1 1
v -1.2 3.1 -1
v -1.2 3.1 -1.1
v -1.2 3.2 1.1
v -1.2 3.2 1
v -1.2 3.2 -1
v -1.2 3.2 -1.1
v -1.1 1 2
v -1.1 1 1.9
v -1.1 1 -1.9
v -1.1 1 -2
v -1.1 1.1 2
v -1.1 1.1 1.9
v -1.1 1.1 -1.9
v -1.1 1.1 -2
v -1.1 2.1 2
v -1.1 2.1 1.9
v -1.1 2.1 -1.9
v -1.1 2.1 -2
v -1.1 2.2 2
v -1.1 2.2 1.9
v -1.1 2.2 -1.9
v -1.1 2.2 -2
v -1.1 3.1 1
v -1.1 3.1 0.9
v -1.1 3.1 -0.9
v -1.1 3.1 -1
v -1.1 3.2 1
v -1.1 3.2 0.9
v -1.1 3.2 -0.9
v -1.1 3.2 -1
v -1 1.1 2
v -1 1.1 1.9
v -1 1.1 -1.9
v -1 1.1 -2
v -1 1.2 2
v -1 1.2 1.9
v -1 1.2 -1.9
v -1 1.2 -2
v -1 2 2
v -1 2 1.9
v -1 2 -1.9
v -1 2 -2
v -1 2.1 2
v -1 2.1 1.9
v -1 2.1 -1.9
v -1 2.1 -2
v -1 3.1 0.9
v -1 3.1 0.8
v -1 3.1 -0.8
v -1 3.1 -0.9
v -1 3.2 0.9
v -1 3.2 0.8
v -1 3.2 -0.8
v -1 3.2 -0.9
v -0.9 1.2 2
v -0.9 1.2 1.9
v -0.9 1.2 -1.9
v -0.9 1.2 -2
v -0.9 1.3 2
v -0.9 1.3 1.9
v -0.9 1.3 -1.9
v -0.9 1.3 -2
v -0.9 1.9 2
v -0.9 1.9 1.9
v -0.9 1.9 -1.9
v -0.9 1.9 -2
v -0.9 2 2
v -0.9 2 1.9
v -0.9 2 -1.9
v -0.9 2 -2
v -0.9 3.1 0.8
v -0.9 3.1 0.7
v -0.9 3.1 -0.7
v -0.9 3.1 -0.8
v -0.9 3.2 0.8
v -0.9 3.2 0.7
v -0.9 3.2 -0.7
v -0.9 3.2 -0.8
v -0.8 1.3 2
v -0.8 1.3 1.9
v -0.8 1.3 -1.9
v -0.8 1.3 -2
v -0.8 1.4 2
v -0.8 1.4 1.9
v -0.8 1.4 -1.9
v -0.8 1.4 -2
v -0.8 1.8 2
v -0.8 1.8 1.9
v -0.8 1.8 -1.9
v -0.8 1.8 -2
v -0.8 1.9 2
v -0.8 1.9 1.9
v -0.8 1.9 -1.9
v -0.8 1.9 -2
v -0.8 3.1 0.7
v -0.8 3.1 0.6
v -0.8 3.1 -0.6
v -0.8 3.1 -0.7
v -0.8 3.2 0.7
v -0.8 3.2 0.6
v -0.8 3.2 -0.6
v -0.8 3.2 -0.7
v -0.7 1.4 2
v -0.7 1.4 1.9
v -0.7 1.4 -1.9
v -0.7 1.4 -2
v -0.7 1.5 2
v -0.7 1.5 1.9
v -0.7 1.5 -1.9
v -0.7 1.5 -2
v -0.7 1.7 2
v -0.7 1.7 1.9
v -0.7 1.7 -1.9
v -0.7 1.7 -2
v -0.7 1.8 2
v -0.7 1.8 1.9
v -0.7 1.8 -1.9
v -0.7 1.8 -2
v -0.7 3.1 0.6
v -0.7 3.1 0.5
v -0.7 3.1 -0.5
v -0.7 3.1 -0.6
v -0.7 3.2 0.6
v -0.7 3.2 0.5
v -0.7 3.2 -0.5
v -0.7 3.2 -0.6
v -0.6 1.5 2
v -0.6 1.5 1.9
v -0.6 1.5 -1.9
v -0.6 1.5 -2
v -0.6 1.6 2
v -0.6 1.6 1.9
v -0.6 1.6 -1.9
v -0.6 1.6 -2
v -0.6 1.7 2
v -0.6 1.7 1.9
v -0.6 1.7 -1.9
v -0.6 1.7 -2
v -0.6 3.1 0.5
v -0.6 3.1 0.4
v -0.6 3.1 -0.4
v -0.6 3.1 -0.5
v -0.6 3.2 0.5
v -0.6 3.2 0.4
v -0.6 3.2 -0.4
v -0.6 3.2 -0.5
v -0.5 3.1 0.4
v -0.5 3.1 0.3
v -0.5 3.1 -0.3
v -0.5 3.1 -0.4
v -0.5 3.2 0.4
v -0.5 3.2 0.3
v -0.5 3.2 -0.3
v -0.5 3.2 -0.4
v -0.4 3.1 0.3
v -0.4 3.1 0.2
v -0.4 3.1 -0.2
v -0.4 3.1 -0.3
v -0.4 3.2 0.3
v -0.4 3.2 0.2
v -0.4 3.2 -0.2
v -0.4 3.2 -0.3
v -0.3 3.1 0.2
v -0.3 3.1 0.0999999
v -0.3 3.1 -0.1
v -0.3 3.1 -0.2
v -0.3 3.2 0.2
v -0.3 3.2 0.0999999
v -0.3 3.2 -0.1
v -0.3 3.2 -0.2
v -0.2 1.4 2
v -0.2 1.4 1.9
v -0.2 1.4 -1.9
v -0.2 1.4 -2
v -0.2 1.5 2
v -0.2 1.5 1.9
v -0.2 1.5 -1.9
v -0.2 1.5 -2
v -0.2 1.7 2
v -0.2 1.7 1.9
v -0.2 1.7 -1.9
v -0.2 1.7 -2
v -0.2 1.8 2
v -0.2 1.8 1.9
v -0.2 1.8 -1.9
v -0.2 1.8 -2
v -0.2 3.1 0.0999999
v -0.2 3.1 -0.1
v -0.2 3.2 0.0999999
v -0.2 3.2 -0.1
v -0.0999999 0.2 2
v -0.0999999 0.2 1.9
v -0.0999999 0.2 -1.9
v -0.0999999 0.2 -2
v -0.0999999 0.3 1.9
v -0.0999999 0.3 -1.9
v -0.0999999 0.8 1.9
v -0.0999999 0.8 -1.9
v -0.0999999 1.4 2
v -0.0999999 1.4 1.9
v -0.0999999 1.4 -1.9
v -0.0999999 1.4 -2
v -0.0999999 1.8 2
v -0.0999999 1.8 1.9
v -0.0999999 1.8 -1.9
v -0.0999999 1.8 -2
v -0.0999999 2.4 1.9
v -0.0999999 2.4 -1.9
v -0.0999999 2.8 1.9
v -0.0999999 2.8 -1.9
v -0.0999999 3 2
v -0.0999999 3 1.9
v -0.0999999 3 -1.9
v -0.0999999 3 -2
v 0.1 3.1 0.3
v 0.1 3.1 0.2
v 0.1 3.1 -0.2
v 0.1 3.1 -0.3
v 0.1 3.2 0.3
v 0.1 3.2 0.2
v 0.1 3.2 -0.2
v 0.1 3.2 -0.3
v 0.2 3.1 0.4
v 0.2 3.1 0.3
v 0.2 3.1 -0.3
v 0.2 3.1 -0.4
v 0.2 3.2 0.4
v 0.2 3.2 0.3
v 0.2 3.2 -0.3
v 0.2 3.2 -0.4
v 0.3 3.1 0.5
v 0.3 3.1 0.4
v 0.3 3.1 -0.4
v 0.3 3.1 -0.5
v 0.3 3.2 0.5
v 0.3 3.2 0.4
v 0.3 3.2 -0.4
v 0.3 3.2 -0.5
v 0.4 1.4 2
v 0.4 1.4 1.9
v 0.4 1.4 -1.9
v 0.4 1.4 -2
v 0.4 1.5 2
v 0.4 1.5 1.9
v 0.4 1.5 -1.9
v 0.4 1.5 -2
v 0.4 1.7 2
v 0.4 1.7 1.9
v 0.4 1.7 -1.9
v 0.4 1.7 -2
v 0.4 1.8 2
v 0.4 1.8 1.9
v 0.4 1.8 -1.9
v 0.4 1.8 -2
v 0.4 3.1 0.6
v 0.4 3.1 0.5
v 0.4 3.1 -0.5
v 0.4 3.1 -0.6
v 0.4 3.2 0.6
v 0.4 3.2 0.5
v 0.4 3.2 -0.5
v 0.4 3.2 -0.6
v 0.5 1.3 2
v 0.5 1.3 1.9
v 0.5 1.3 -1.9
v 0.5 1.3 -2
v 0.5 1.4 2
v 0.5 1.4 1.9
v 0.5 1.4 -1.9
v 0.5 1.4 -2
v 0.5 1.8 2
v 0.5 1.8 1.9
v 0.5 1.8 -1.9
v 0.5 1.8 -2
v 0.5 1.9 2
v 0.5 1.9 1.9
v 0.5 1.9 -1.9
v 0.5 1.9 -2
v 0.5 3.1 0.7
v 0.5 3.1 0.6
v 0.5 3.1 -0.6
v 0.5 3.1 -0.7
v 0.5 3.2 0.7
v 0.5 3.2 0.6
v 0.5 3.2 -0.6
v 0.5 3.2 -0.7
v 0.6 1.2 2
v 0.6 1.2 1.9
v 0.6 1.2 -1.9
v 0.6 1.2 -2
v 0.6 1.3 2
v 0.6 1.3 1.9
v 0.6 1.3 -1.9
v 0.6 1.3 -2
v 0.6 1.9 2
v 0.6 1.9 1.9
v 0.6 1.9 -1.9
v 0.6 1.9 -2
v 0.6 2 2
v 0.6 2 1.9
v 0.6 2 -1.9
v 0.6 2 -2
v 0.6 3.1 0.8
v 0.6 3.1 0.7
v 0.6 3.1 -0.7
v 0.6 3.1 -0.8
v 0.6 3.2 0.8
v 0.6 3.2 0.7
v 0.6 3.2 -0.7
v 0.6 3.2 -0.8
v 0.7 1.1 2
v 0.7 1.1 1.9
v 0.7 1.1 -1.9
v 0.7 1.1 -2
v 0.7 1.2 2
v 0.7 1.2 1.9
v 0.7 1.2 -1.9
v 0.7 1.2 -2
v 0.7 2 2
v 0.7 2 1.9
v 0.7 2 -1.9
v 0.7 2 -2
v 0.7 2.1 2
v 0.7 2.1 1.9
v 0.7 2.1 -1.9
v 0.7 2.1 -2
v 0.7 3.1 0.9
v 0.7 3.1 0.8
v 0.7 3.1 -0.8
v 0.7 3.1 -0.9
v 0.7 3.2 0.9
v 0.7 3.2 0.8
v 0.7 3.2 -0.8
v 0.7 3.2 -0.9
v 0.8 1 2
v 0.8 1 1.9
v 0.8 1 -1.9
v 0.8 1 -2
v 0.8 1.1 2
v 0.8 1.1 1.9
v 0.8 1.1 -1.9
v 0.8 1.1 -2
v 0.8 2.1 2
v 0.8 2.1 1.9
v 0.8 2.1 -1.9
v 0.8 2.1 -2
v 0.8 2.2 2
v 0.8 2.2 1.9
v 0.8 2.2 -1.9
v 0.8 2.2 -2
v 0.8 3.1 1
v 0.8 3.1 0.9
v 0.8 3.1 -0.9
v 0.8 3.1 -1
v 0.8 3.2 1
v 0.8 3.2 0.9
v 0.8 3.2 -0.9
v 0.8 3.2 -1
v 0.9 0.9 2
v 0.9 0.9 1.9
v 0.9 0.9 -1.9
v 0.9 0.9 -2
v 0.9 1 2
v 0.9 1 1.9
v 0.9 1 -1.9
v 0.9 1 -2
v 0.9 2.2 2
v 0.9 2.2 1.9
v 0.9 2.2 -1.9
v 0.9 2.2 -2
v 0.9 2.3 2
v 0.9 2.3 1.9
v 0.9 2.3 -1.9
v 0.9 2.3 -2
v 0.9 3.1 1.1
v 0.9 3.1 1
v 0.9 3.1 -1
v 0.9 3.1 -1.1
v 0.9 3.2 1.1
v 0.9 3.2 1
v 0.9 3.2 -1
v 0.9 3.2 -1.1
v 1 0.8 2
v 1 0.8 1.9
v 1 0.8 -1.9
v 1 0.8 -2
v 1 0.9 2
v 1 0.9 1.9
v 1 0.9 -1.9
v 1 0.9 -2
v 1 2.3 2
v 1 2.3 1.9
v 1 2.3 -1.9
v 1 2.3 -2
v 1 2.4 2
v 1 2.4 1.9
v 1 2.4 -1.9
v 1 2.4 -2
v 1 3.1 1.2
v 1 3.1 1.1
v 1 3.1 -1.1
v 1 3.1 -1.2
v 1 3.2 1.2
v 1 3.2 1.1
v 1 3.2 -1.1
v 1 3.2 -1.2
v 1.1 0.7 2
v 1.1 0.7 1.9
v 1.1 0.7 -1.9
v 1.1 0.7 -2
v 1.1 0.8 2
v 1.1 0.8 1.9
v 1.1 0.8 -1.9
v 1.1 0.8 -2
v 1.1 2.4 2
v 1.1 2.4 1.9
v 1.1 2.4 -1.9
v 1.1 2.4 -2
v 1.1 2.5 2
v 1.1 2.5 1.9
v 1.1 2.5 -1.9
v 1.1 2.5 -2
v 1.1 3.1 1.3
v 1.1 3.1 1.2
v 1.1 3.1 -1.2
v 1.1 3.1 -1.3
v 1.1 3.2 1.3
v 1.1 3.2 1.2
v 1.1 3.2 -1.2
v 1.1 3.2 -1.3
v 1.2 0.6 2
v 1.2 0.6 1.9
v 1.2 0.6 -1.9
v 1.2 0.6 -2
v 1.2 0.7 2
v 1.2 0.7 1.9
v 1.2 0.7 -1.9
v 1.2 0.7 -2
v 1.2 2.5 2
v 1.2 2.5 1.9
v 1.2 2.5 -1.9
v 1.2 2.5 -2
v 1.2 2.6 2
v 1.2 2.6 1.9
v 1.2 2.6 -1.9
v 1.2 2.6 -2
v 1.2 3.1 1.4
v 1.2 3.1 1.3
v 1.2 3.1 -1.3
v 1.2 3.1 -1.4
v 1.2 3.2 1.4
v 1.2 3.2 1.3
v 1.2 3.2 -1.3
v 1.2 3.2 -1.4
v 1.3 0.5 2
v 1.3 0.5 1.9
v 1.3 0.5 -1.9
v 1.3 0.5 -2
v 1.3 0.6 2
v 1.3 0.6 1.9
v 1.3 0.6 -1.9
v 1.3 0.6 -2
v 1.3 2.6 2
v 1.3 2.6 1.9
v 1.3 2.6 -1.9
v 1.3 2.6 -2
v 1.3 2.7 2
v 1.3 2.7 1.9
v 1.3 2.7 -1.9
v 1.3 2.7 -2
v 1.3 3.1 1.5
v 1.3 3.1 1.4
v 1.3 3.1 -1.4
v 1.3 3.1 -1.5
v 1.3 3.2 1.5
v 1.3 3.2 1.4
v 1.3 3.2 -1.4
v 1.3 3.2 -1.5
v 1.4 0.4 2
v 1.4 0.4 1.9
v 1.4 0.4 -1.9
v 1.4 0.4 -2
v 1.4 0.5 2
v 1.4 0.5 1.9
v 1.4 0.5 -1.9
v 1.4 0.5 -2
v 1.4 2.7 2
v 1.4 2.7 1.9
v 1.4 2.7 -1.9
v 1.4 2.7 -2
v 1.4 2.8 2
v 1.4 2.8 1.9
v 1.4 2.8 -1.9
v 1.4 2.8 -2
v 1.4 3.1 1.6
v 1.4 3.1 1.5
v 1.4 3.1 -1.5
v 1.4 3.1 -1.6
v 1.4 3.2 1.6
v 1.4 3.2 1.5
v 1.4 3.2 -1.5
v 1.4 3.2 -1.6
v 1.5 0.3 2
v 1.5 0.3 1.9
v 1.5 0.3 -1.9
v 1.5 0.3 -2
v 1.5 0.4 2
v 1.5 0.4 1.9
v 1.5 0.4 -1.9
v 1.5 0.4 -2
v 1.5 2.8 2
v 1.5 2.8 1.9
v 1.5 2.8 -1.9
v 1.5 2.8 -2
v 1.5 2.9 2
v 1.5 2.9 1.9
v 1.5 2.9 -1.9
v 1.5 2.9 -2
v 1.5 3.1 1.7
v 1.5 3.1 1.6
v 1.5 3.1 -1.6
v 1.5 3.1 -1.7
v 1.5 3.2 1.7
v 1.5 3.2 1.6
v 1.5 3.2 -1.6
v 1.5 3.2 -1.7
v 1.6 0.2 2
v 1.6 0.2 1.9
v 1.6 0.2 1.6
v 1.6 0.2 -1.6
v 1.6 0.2 -1.9
v 1.6 0.2 -2
v 1.6 0.3 2
v 1.6 0.3 1.9
v 1.6 0.3 -1.9
v 1.6 0.3 -2
v 1.6 2.9 2
v 1.6 2.9 1.9
v 1.6 2.9 -1.9
v 1.6 2.9 -2
v 1.6 3 2
v 1.6 3 1.9
v 1.6 3 1.6
v 1.6 3 -1.6
v 1.6 3 -1.9
v 1.6 3 -2
v 1.7 3.1 1.5
v 1.7 3.1 -1.5
v 1.7 3.2 1.5
v 1.7 3.2 -1.5
v 1.8 0.4 2
v 1.8 0.4 1.9
v 1.8 0.4 -1.9
v 1.8 0.4 -2
v 1.8 2.8 2
v 1.8 2.8 1.9
v 1.8 2.8 -1.9
v 1.8 2.8 -2
v -1.8 0.4 2
v -1.8 0.4 1.9
v -1.8 0.4 -1.9
v -1.8 0.4 -2
v -1.8 2.8 2
v -1.8 2.8 1.9
v -1.8 2.8 -1.9
v -1.8 2.8 -2
v -1.7 3.1 1.5
v -1.7 3.1 -1.5
v -1.7 3.2 1.5
v -1.7 3.2 -1.5
v -1.6 0.2 2
v -1.6 0.2 1.9
v -1.6 0.2 1.6
v -1.6 0.2 -1.6
v -1.6 0.2 -1.9
v -1.6 0.2 -2
v -1.6 0.3 2
v -1.6 0.3 1.9
v -1.6 0.3 -1.9
v -1.6 0.3 -2
v -1.6 2.9 2
v -1.6 2.9 1.9
v -1.6 2.9 -1.9
v -1.6 2.9 -2
v -1.6 3 2
v -1.6 3 1.9
v -1.6 3 1.6
v -1.6 3 -1.6
v -1.6 3 -1.9
v -1.6 3 -2
v -1.5 0.3 2
v -1.5 0.3 1.9
v -1.5 0.3 -1.9
v -1.5 0.3 -2
v -1.5 0.4 2
v -1.5 0.4 1.9
v -1.5 0.4 -1.9
v -1.5 0.4 -2
v -1.5 2.8 2
v -1.5 2.8 1.9
v -1.5 2.8 -1.9
v -1.5 2.8 -2
v -1.5 2.9 2
v -1.5 2.9 1.9
v -1.5 2.9 -1.9
v -1.5 2.9 -2
v -1.5 3.1 1.7
v -1.5 3.1 1.6
v -1.5 3.1 -1.6
v -1.5 3.1 -1.7
v -1.5 3.2 1.7
v -1.5 3.2 1.6
v -1.5 3.2 -1.6
v -1.5 3.2 -1.7
v -1.4 0.4 2
v -1.4 0.4 1.9
v -1.4 0.4 -1.9
v -1.4 0.4 -2
v -1.4 0.5 2
v -1.4 0.5 1.9
v -1.4 0.5 -1.9
v -1.4 0.5 -2
v -1.4 2.7 2
v -1.4 2.7 1.9
v -1.4 2.7 -1.9
v -1.4 2.7 -2
v -1.4 2.8 2
v -1.4 2.8 1.9
v -1.4 2.8 -1.9
v -1.4 2.8 -2
v -1.4 3.1 1.6
v -1.4 3.1 1.5
v -1.4 3.1 -1.5
v -1.4 3.1 -1.6
v -1.4 3.2 1.6
v -1.4 3.2 1.5
v -1.4 3.2 -1.5
v -1.4 3.2 -1.6
v -1.3 0.5 2
v -1.3 0.5 1.9
v -1.3 0.5 -1.9
v -1.3 0.5 -2
v -1.3 0.6 2
v -1.3 0.6 1.9
v -1.3 0.6 -1.9
v -1.3 0.6 -2
v -1.3 2.6 2
v -1.3 2.6 1.9
v -1.3 2.6 -1.9
v -1.3 2.6 -2
v -1.3 2.7 2
v -1.3 2.7 1.9
v -1.3 2.7 -1.9
v -1.3 2.7 -2
v -1.3 3.1 1.5
v -1.3 3.1 1.4
v -1.3 3.1 -1.4
v -1.3 3.1 -1.5
v -1.3 3.2 1.5
v -1.3 3.2 1.4
v -1.3 3.2 -1.4
v -1.3 3.2 -1.5
v -1.2 0.6 2
v -1.2 0.6 1.9
v -1.2 0.6 -1.9
v -1.2 0.6 -2
v -1.2 0.7 2
v -1.2 0.7 1.9
v -1.2 0.7 -1.9
v -1.2 0.7 -2
v -1.2 2.5 2
v -1.2 2.5 1.9
v -1.2 2.5 -1.9
v -1.2 2.5 -2
v -1.2 2.6 2
v -1.2 2.6 1.9
v -1.2 2.6 -1.9
v -1.2 2.6 -2
v -1.2 3.1 1.4
v -1.2 3.1 1.3
v -1.2 3.1 -1.3
v -1.2 3.1 -1.4
v -1.2 3.2 1.4
v -1.2 3.2 1.3
v -1.2 3.2 -1.3
v -1.2 3.2 -1.4
v -1.1 0.7 2
v -1.1 0.7 1.9
v -1.1 0.7 -1.9
v -1.1 0.7 -2
v -1.1 0.8 2
v -1.1 0.8 1.9
v -1.1 0.8 -1.9
v -1.1 0.8 -2
v -1.1 2.4 2
v -1.1 2.4 1.9
v -1.1 2.4 -1.9
v -1.1 2.4 -2
v -1.1 2.5 2
v -1.1 2.5 1.9
v -1.1 2.5 -1.9
v -1.1 2.5 -2
v -1.1 3.1 1.3
v -1.1 3.1 1.2
v -1.1 3.1 -1.2
v -1.1 3.1 -1.3
v -1.1 3.2 1.3
v -1.1 3.2 1.2
v -1.1 3.2 -1.2
v -1.1 3.2 -1.3
v -1 0.8 2
v -1 0.8 1.9
v -1 0.8 -1.9
v -1 0.8 -2
v -1 0.9 2
v -1 0.9 1.9
v -1 0.9 -1.9
v -1 0.9 -2
v -1 2.3 2
v -1 2.3 1.9
v -1 2.3 -1.9
v -1 2.3 -2
v -1 2.4 2
v -1 2.4 1.9
v -1 2.4 -1.9
v -1 2.4 -2
v -1 3.1 1.2
v -1 3.1 1.1
v -1 3.1 -1.1
v -1 3.1 -1.2
v -1 3.2 1.2
v -1 3.2 1.1
v -1 3.2 -1.1
v -1 3.2 -1.2
v -0.9 0.9 2
v -0.9 0.9 1.9
v -0.9 0.9 -1.9
v -0.9 0.9 -2
v -0.9 1 2
v -0.9 1 1.9
v -0.9 1 -1.9
v -0.9 1 -2
v -0.9 2.2 2
v -0.9 2.2 1.9
v -0.9 2.2 -1.9
v -0.9 2.2 -2
v -0.9 2.3 2
v -0.9 2.3 1.9
v -0.9 2.3 -1.9
v -0.9 2.3 -2
v -0.9 3.1 1.1
v -0.9 3.1 1
v -0.9 3.1 -1
v -0.9 3.1 -1.1
v -0.9 3.2 1.1
v -0.9 3.2 1
v -0.9 3.2 -1
v -0.9 3.2 -1.1
v -0.8 1 2
v -0.8 1 1.9
v -0.8 1 -1.9
v -0.8 1 -2
v -0.8 1.1 2
v -0.8 1.1 1.9
v -0.8 1.1 -1.9
v -0.8 1.1 -2
v -0.8 2.1 2
v -0.8 2.1 1.9
v -0.8 2.1 -1.9
v -0.8 2.1 -2
v -0.8 2.2 2
v -0.8 2.2 1.9
v -0.8 2.2 -1.9
v -0.8 2.2 -2
v -0.8 3.1 1
v -0.8 3.1 0.9
v -0.8 3.1 -0.9
v -0.8 3.1 -1
v -0.8 3.2 1
v -0.8 3.2 0.9
v -0.8 3.2 -0.9
v -0.8 3.2 -1
v -0.7 1.1 2
v -0.7 1.1 1.9
v -0.7 1.1 -1.9
v -0.7 1.1 -2
v -0.7 1.2 2
v -0.7 1.2 1.9
v -0.7 1.2 -1.9
v -0.7 1.2 -2
v -0.7 2 2
v -0.7 2 1.9
v -0.7 2 -1.9
v -0.7 2 -2
v -0.7 2.1 2
v -0.7 2.1 1.9
v -0.7 2.1 -1.9
v -0.7 2.1 -2
v -0.7 3.1 0.9
v -0.7 3.1 0.8
v -0.7 3.1 -0.8
v -0.7 3.1 -0.9
v -0.7 3.2 0.9
v -0.7 3.2 0.8
v -0.7 3.2 -0.8
v -0.7 3.2 -0.9
v -0.6 1.2 2
v -0.6 1.2 1.9
v -0.6 1.2 -1.9
v -0.6 1.2 -2
v -0.6 1.3 2
v -0.6 1.3 1.9
v -0.6 1.3 -1.9
v -0.6 1.3 -2
v -0.6 1.9 2
v -0.6 1.9 1.9
v -0.6 1.9 -1.9
v -0.6 1.9 -2
v -0.6 2 2
v -0.6 2 1.9
v -0.6 2 -1.9
v -0.6 2 -2
v -0.6 3.1 0.8
v -0.6 3.1 0.7
v -0.6 3.1 -0.7
v -0.6 3.1 -0.8
v -0.6 3.2 0.8
v -0.6 3.2 0.7
v -0.6 3.2 -0.7
v -0.6 3.2 -0.8
v -0.5 1.3 2
v -0.5 1.3 1.9
v -0.5 1.3 -1.9
v -0.5 1.3 -2
v -0.5 1.4 2
v -0.5 1.4 1.9
v -0.5 1.4 -1.9
v -0.5 1.4 -2
v -0.5 1.8 2
v -0.5 1.8 1.9
v -0.5 1.8 -1.9
v -0.5 1.8 -2
v -0.5 1.9 2
v -0.5 1.9 1.9
v -0.5 1.9 -1.9
v -0.5 1.9 -2
v -0.5 3.1 0.7
v -0.5 3.1 0.6
v -0.5 3.1 -0.6
v -0.5 3.1 -0.7
v -0.5 3.2 0.7
v -0.5 3.2 0.6
v -0.5 3.2 -0.6
v -0.5 3.2 -0.7
v -0.4 1.4 2
v -0.4 1.4 1.9
v -0.4 1.4 -1.9
v -0.4 1.4 -2
v -0.4 1.5 2
v -0.4 1.5 1.9
v -0.4 1.5 -1.9
v -0.4 1.5 -2
v -0.4 1.7 2
v -0.4 1.7 1.9
v -0.4 1.7 -1.9
v -0.4 1.7 -2
v -0.4 1.8 2
v -0.4 1.8 1.9
v -0.4 1.8 -1.9
v -0.4 1.8 -2
v -0.4 3.1 0.6
v -0.4 3.1 0.5
v -0.4 3.1 -0.5
v -0.4 3.1 -0.6
v -0.4 3.2 0.6
v -0.4 3.2 0.5
v -0.4 3.2 -0.5
v -0.4 3.2 -0.6
v -0.3 3.1 0.5
v -0.3 3.1 0.4
v -0.3 3.1 -0.4
v -0.3 3.1 -0.5
v -0.3 3.2 0.5
v -0.3 3.2 0.4
v -0.3 3.2 -0.4
v -0.3 3.2 -0.5
v -0.2 3.1 0.4
v -0.2 3.1 0.3
v -0.2 3.1 -0.3
v -0.2 3.1 -0.4
v -0.2 3.2 0.4
v -0.2 3.2 0.3
v -0.2 3.2 -0.3
v -0.2 3.2 -0.4
v -0.0999999 3.1 0.3
v -0.0999999 3.1 0.2
v -0.0999999 3.1 -0.2
v -0.0999999 3.1 -0.3
v -0.0999999 3.2 0.3
v -0.0999999 3.2 0.2
v -0.0999999 3.2 -0.2
v -0.0999999 3.2 -0.3
v 0.1 0.2 2
v 0.1 0.2 1.9
v 0.1 0.2 -1.9
v 0.1 0.2 -2
v 0.1 0.3 1.9
v 0.1 0.3 -1.9
v 0.1 0.8 1.9
v 0.1 0.8 -1.9
v 0.1 1.4 2
v 0.1 1.4 1.9
v 0.1 1.4 -1.9
v 0.1 1.4 -2
v 0.1 1.8 2
v 0.1 1.8 1.9
v 0.1 1.8 -1.9
v 0.1 1.8 -2
v 0.1 2.5 1.9
v 0.1 2.5 -1.9
v 0.1 2.8 1.9
v 0.1 2.8 -1.9
v 0.1 3 2
v 0.1 3 1.9
v 0.1 3 -1.9
v 0.1 3 -2
v 0.2 1.4 2
v 0.2 1.4 1.9
v 0.2 1.4 -1.9
v 0.2 1.4 -2
v 0.2 1.5 2
v 0.2 1.5 1.9
v 0.2 1.5 -1.9
v 0.2 1.5 -2
v 0.2 1.7 2
v 0.2 1.7 1.9
v 0.2 1.7 -1.9
v 0.2 1.7 -2
v 0.2 1.8 2
v 0.2 1.8 1.9
v 0.2 1.8 -1.9
v 0.2 1.8 -2
v 0.2 3.1 0.0999999
v 0.2 3.1 -0.1
v 0.2 3.2 0.0999999
v 0.2 3.2 -0.1
v 0.3 3.1 0.2
v 0.3 3.1 0.0999999
v 0.3 3.1 -0.1
v 0.3 3.1 -0.2
v 0.3 3.2 0.2
v 0.3 3.2 0.0999999
v 0.3 3.2 -0.1
v 0.3 3.2 -0.2
v 0.4 3.1 0.3
v 0.4 3.1 0.2
v 0.4 3.1 -0.2
v 0.4 3.1 -0.3
v 0.4 3.2 0.3
v 0.4 3.2 0.2
v 0.4 3.2 -0.2
v 0.4 3.2 -0.3
v 0.5 3.1 0.4
v 0.5 3.1 0.3
v 0.5 3.1 -0.3
v 0.5 3.1 -0.4
v 0.5 3.2 0.4
v 0.5 3.2 0.3
v 0.5 3.2 -0.3
v 0.5 3.2 -0.4
v 0.6 1.5 2
v 0.6 1.5 1.9
v 0.6 1.5 -1.9
v 0.6 1.5 -2
v 0.6 1.6 2
v 0.6 1.6 1.9
v 0.6 1.6 -1.9
v 0.6 1.6 -2
v 0.6 1.7 2
v 0.6 1.7 1.9
v 0.6 1.7 -1.9
v 0.6 1.7 -2
v 0.6 3.1 0.5
v 0.6 3.1 0.4
v 0.6 3.1 -0.4
v 0.6 3.1 -0.5
v 0.6 3.2 0.5
v 0.6 3.2 0.4
v 0.6 3.2 -0.4
v 0.6 3.2 -0.5
v 0.7 1.4 2
v 0.7 1.4 1.9
v 0.7 1.4 -1.9
v 0.7 1.4 -2
v 0.7 1.5 2
v 0.7 1.5 1.9
v 0.7 1.5 -1.9
v 0.7 1.5 -2
v 0.7 1.7 2
v 0.7 1.7 1.9
v 0.7 1.7 -1.9
v 0.7 1.7 -2
v 0.7 1.8 2
v 0.7 1.8 1.9
v 0.7 1.8 -1.9
v 0.7 1.8 -2
v 0.7 3.1 0.6
v 0.7 3.1 0.5
v 0.7 3.1 -0.5
v 0.7 3.1 -0.6
v 0.7 3.2 0.6
v 0.7 3.2 0.5
v 0.7 3.2 -0.5
v 0.7 3.2 -0.6
v 0.8 1.3 2
v 0.8 1.3 1.9
v 0.8 1.3 -1.9
v 0.8 1.3 -2
v 0.8 1.4 2
v 0.8 1.4 1.9
v 0.8 1.4 -1.9
v 0.8 1.4 -2
v 0.8 1.8 2
v 0.8 1.8 1.9
v 0.8 1.8 -1.9
v 0.8 1.8 -2
v 0.8 1.9 2
v 0.8 1.9 1.9
v 0.8 1.9 -1.9
v 0.8 1.9 -2
v 0.8 3.1 0.7
v 0.8 3.1 0.6
v 0.8 3.1 -0.6
v 0.8 3.1 -0.7
v 0.8 3.2 0.7
v 0.8 3.2 0.6
v 0.8 3.2 -0.6
v 0.8 3.2 -0.7
v 0.9 1.2 2
v 0.9 1.2 1.9
v 0.9 1.2 -1.9
v 0.9 1.2 -2
v 0.9 1.3 2
v 0.9 1.3 1.9
v 0.9 1.3 -1.9
v 0.9 1.3 -2
v 0.9 1.9 2
v 0.9 1.9 1.9
v 0.9 1.9 -1.9
v 0.9 1.9 -2
v 0.9 2 2
v 0.9 2 1.9
v 0.9 2 -1.9
v 0.9 2 -2
v 0.9 3.1 0.8
v 0.9 3.1 0.7
v 0.9 3.1 -0.7
v 0.9 3.1 -0.8
v 0.9 3.2 0.8
v 0.9 3.2 0.7
v 0.9 3.2 -0.7
v 0.9 3.2 -0.8
v 1 1.1 2
v 1 1.1 1.9
v 1 1.1 -1.9
v 1 1.1 -2
v 1 1.2 2
v 1 1.2 1.9
v 1 1.2 -1.9
v 1 1.2 -2
v 1 2 2
v 1 2 1.9
v 1 2 -1.9
v 1 2 -2
v 1 2.1 2
v 1 2.1 1.9
v 1 2.1 -1.9
v 1 2.1 -2
v 1 3.1 0.9
v 1 3.1 0.8
v 1 3.1 -0.8
v 1 3.1 -0.9
v 1 3.2 0.9
v 1 3.2 0.8
v 1 3.2 -0.8
v 1 3.2 -0.9
v 1.1 1 2
v 1.1 1 1.9
v 1.1 1 -1.9
v 1.1 1 -2
v 1.1 1.1 2
v 1.1 1.1 1.9
v 1.1 1.1 -1.9
v 1.1 1.1 -2
v 1.1 2.1 2
v 1.1 2.1 1.9
v 1.1 2.1 -1.9
v 1.1 2.1 -2
v 1.1 2.2 2
v 1.1 2.2 1.9
v 1.1 2.2 -1.9
v 1.1 2.2 -2
v 1.1 3.1 1
v 1.1 3.1 0.9
v 1.1 3.1 -0.9
v 1.1 3.1 -1
v 1.1 3.2 1
v 1.1 3.2 0.9
v 1.1 3.2 -0.9
v 1.1 3.2 -1
v 1.2 0.9 2
v 1.2 0.9 1.9
v 1.2 0.9 -1.9
v 1.2 0.9 -2
v 1.2 1 2
v 1.2 1 1.9
v 1.2 1 -1.9
v 1.2 1 -2
v 1.2 2.2 2
v 1.2 2.2 1.9
v 1.2 2.2 -1.9
v 1.2 2.2 -2
v 1.2 2.3 2
v 1.2 2.3 1.9
v 1.2 2.3 -1.9
v 1.2 2.3 -2
v 1.2 3.1 1.1
v 1.2 3.1 1
v 1.2 3.1 -1
v 1.2 3.1 -1.1
v 1.2 3.2 1.1
v 1.2 3.2 1
v 1.2 3.2 -1
v 1.2 3.2 -1.1
v 1.3 0.8 2
v 1.3 0.8 1.9
v 1.3 0.8 -1.9
v 1.3 0.8 -2
v 1.3 0.9 2
v 1.3 0.9 1.9
v 1.3 0.9 -1.9
v 1.3 0.9 -2
v 1.3 2.3 2
v 1.3 2.3 1.9
v 1.3 2.3 -1.9
v 1.3 2.3 -2
v 1.3 2.4 2
v 1.3 2.4 1.9
v 1.3 2.4 -1.9
v 1.3 2.4 -2
v 1.3 3.1 1.2
v 1.3 3.1 1.1
v 1.3 3.1 -1.1
v 1.3 3.1 -1.2
v 1.3 3.2 1.2
v 1.3 3.2 1.1
v 1.3 3.2 -1.1
v 1.3 3.2 -1.2
v 1.4 0.7 2
v 1.4 0.7 1.9
v 1.4 0.7 -1.9
v 1.4 0.7 -2
v 1.4 0.8 2
v 1.4 0.8 1.9
v 1.4 0.8 -1.9
v 1.4 0.8 -2
v 1.4 2.4 2
v 1.4 2.4 1.9
v 1.4 2.4 -1.9
v 1.4 2.4 -2
v 1.4 2.5 2
v 1.4 2.5 1.9
v 1.4 2.5 -1.9
v 1.4 2.5 -2
v 1.4 3.1 1.3
v 1.4 3.1 1.2
v 1.4 3.1 -1.2
v 1.4 3.1 -1.3
v 1.4 3.2 1.3
v 1.4 3.2 1.2
v 1.4 3.2 -1.2
v 1.4 3.2 -1.3
v 1.5 0.6 2
v 1.5 0.6 1.9
v 1.5 0.6 -1.9
v 1.5 0.6 -2
v 1.5 0.7 2
v 1.5 0.7 1.9
v 1.5 0.7 -1.9
v 1.5 0.7 -2
v 1.5 2.5 2
v 1.5 2.5 1.9
v 1.5 2.5 -1.9
v 1.5 2.5 -2
v 1.5 2.6 2
v 1.5 2.6 1.9
v 1.5 2.6 -1.9
v 1.5 2.6 -2
v 1.5 3.1 1.4
v 1.5 3.1 1.3
v 1.5 3.1 -1.3
v 1.5 3.1 -1.4
v 1.5 3.2 1.4
v 1.5 3.2 1.3
v 1.5 3.2 -1.3
v 1.5 3.2 -1.4
v 1.6 0.5 2
v 1.6 0.5 1.9
v 1.6 0.5 -1.9
v 1.6 0.5 -2
v 1.6 0.6 2
v 1.6 0.6 1.9
v 1.6 0.6 -1.9
v 1.6 0.6 -2
v 1.6 2.6 2
v 1.6 2.6 1.9
v 1.6 2.6 -1.9
v 1.6 2.6 -2
v 1.6 2.7 2
v 1.6 2.7 1.9
v 1.6 2.7 -1.9
v 1.6 2.7 -2
v 1.6 3.1 1.5
v 1.6 3.1 1.4
v 1.6 3.1 -1.4
v 1.6 3.1 -1.5
v 1.6 3.2 1.5
v 1.6 3.2 1.4
v 1.6 3.2 -1.4
v 1.6 3.2 -1.5
v 1.7 0.4 2
v 1.7 0.4 1.9
v 1.7 0.4 -1.9
v 1.7 0.4 -2
v 1.7 0.5 2
v 1.7 0.5 1.9
v 1.7 0.5 -1.9
v 1.7 0.5 -2
v 1.7 2.7 2
v 1.7 2.7 1.9
v 1.7 2.7 -1.9
v 1.7 2.7 -2
v 1.7 2.8 2
v 1.7 2.8 1.9
v 1.7 2.8 -1.9
v 1.7 2.8 -2
v 1.9 0.2 1.6
v 1.9 0.2 0.0999999
v 1.9 0.2 -0.1
v 1.9 0.2 -1.6
v 1.9 0.3 1.6
v 1.9 0.3 1.5
v 1.9 0.3 1.3
v 1.9 0.3 1.1
v 1.9 0.3 0.2
v 1.9 0.3 0.0999999
v 1.9 0.3 -0.1
v 1.9 0.3 -0.2
v 1.9 0.3 -1
v 1.9 0.3 -1.4
v 1.9 0.3 -1.5
v 1.9 0.3 -1.6
v 1.9 0.4 1.8
v 1.9 0.4 1.7
v 1.9 0.4 1.5
v 1.9 0.4 1.4
v 1.9 0.4 1.3
v 1.9 0.4 1.1
v 1.9 0.4 1
v 1.9 0.4 0.3
v 1.9 0.4 0.2
v 1.9 0.4 -0.2
v 1.9 0.4 -0.3
v 1.9 0.4 -0.9
v 1.9 0.4 -1
v 1.9 0.4 -1.4
v 1.9 0.4 -1.5
v 1.9 0.4 -1.7
v 1.9 0.4 -1.8
v 1.9 0.5 1.7
v 1.9 0.5 1.6
v 1.9 0.5 1.4
v 1.9 0.5 1.3
v 1.9 0.5 -1.3
v 1.9 0.5 -1.4
v 1.9 0.5 -1.6
v 1.9 0.5 -1.7
v 1.9 0.6 1.6
v 1.9 0.6 1.5
v 1.9 0.6 1.3
v 1.9 0.6 1.2
v 1.9 0.6 1.1
v 1.9 0.6 1
v 1.9 0.6 0.9
v 1.9 0.6 -0.3
v 1.9 0.6 -0.4
v 1.9 0.6 -1.1
v 1.9 0.6 -1.2
v 1.9 0.6 -1.3
v 1.9 0.6 -1.5
v 1.9 0.6 -1.6
v 1.9 0.7 1.5
v 1.9 0.7 1.4
v 1.9 0.7 1.2
v 1.9 0.7 1.1
v 1.9 0.7 -1
v 1.9 0.7 -1.1
v 1.9 0.7 -1.2
v 1.9 0.7 -1.4
v 1.9 0.7 -1.5
v 1.9 0.8 1.4
v 1.9 0.8 1.3
v 1.9 0.8 1.1
v 1.9 0.8 1
v 1.9 0.8 0.4
v 1.9 0.8 0.3
v 1.9 0.8 0.2
v 1.9 0.8 0.0999999
v 1.9 0.8 -0.1
v 1.9 0.8 -0.2
v 1.9 0.8 -0.8
v 1.9 0.8 -0.9
v 1.9 0.8 -1
v 1.9 0.8 -1.1
v 1.9 0.8 -1.3
v 1.9 0.8 -1.4
v 1.9 0.9 1.3
v 1.9 0.9 1.2
v 1.9 0.9 1
v 1.9 0.9 0.9
v 1.9 0.9 -0.9
v 1.9 0.9 -1
v 1.9 0.9 -1.2
v 1.9 0.9 -1.3
v 1.9 0.9 -1.6
v 1.9 0.9 -1.7
v 1.9 1 1.6
v 1.9 1 1.5
v 1.9 1 1.2
v 1.9 1 1.1
v 1.9 1 0.9
v 1.9 1 0.8
v 1.9 1 -0.8
v 1.9 1 -0.9
v 1.9 1 -1.1
v 1.9 1 -1.2
v 1.9 1.1 1.1
v 1.9 1.1 1
v 1.9 1.1 0.8
v 1.9 1.1 0.7
v 1.9 1.1 -0.4
v 1.9 1.1 -0.5
v 1.9 1.1 -0.7
v 1.9 1.1 -0.8
v 1.9 1.1 -1
v 1.9 1.1 -1.1
v 1.9 1.1 -1.4
v 1.9 1.1 -1.5
v 1.9 1.2 1.5
v 1.9 1.2 1.4
v 1.9 1.2 1
v 1.9 1.2 0.9
v 1.9 1.2 0.7
v 1.9 1.2 0.6
v 1.9 1.2 0.3
v 1.9 1.2 0.2
v 1.9 1.2 -0.2
v 1.9 1.2 -0.3
v 1.9 1.2 -0.6
v 1.9 1.2 -0.7
v 1.9 1.2 -0.9
v 1.9 1.2 -1
v 1.9 1.3 0.9
v 1.9 1.3 0.8
v 1.9 1.3 0.6
v 1.9 1.3 0.5
v 1.9 1.3 0.4
v 1.9 1.3 -0.5
v 1.9 1.3 -0.6
v 1.9 1.3 -0.8
v 1.9 1.3 -0.9
v 1.9 1.3 -1.6
v 1.9 1.3 -1.7
v 1.9 1.4 0.8
v 1.9 1.4 0.7
v 1.9 1.4 0.5
v 1.9 1.4 0.4
v 1.9 1.4 0.2
v 1.9 1.4 0.0999999
v 1.9 1.4 -0.1
v 1.9 1.4 -0.2
v 1.9 1.4 -0.4
v 1.9 1.4 -0.5
v 1.9 1.4 -0.7
v 1.9 1.4 -0.8
v 1.9 1.5 1.7
v 1.9 1.5 1.6
v 1.9 1.5 0.7
v 1.9 1.5 0.6
v 1.9 1.5 0.4
v 1.9 1.5 0.3
v 1.9 1.5 0.2
v 1.9 1.5 -0.2
v 1.9 1.5 -0.3
v 1.9 1.5 -0.4
v 1.9 1.5 -0.6
v 1.9 1.5 -0.7
v 1.9 1.7 0.7
v 1.9 1.7 0.6
v 1.9 1.7 0.4
v 1.9 1.7 0.3
v 1.9 1.7 0.2
v 1.9 1.7 -0.2
v 1.9 1.7 -0.3
v 1.9 1.7 -0.4
v 1.9 1.7 -0.6
v 1.9 1.7 -0.7
v 1.9 1.8 0.8
v 1.9 1.8 0.7
v 1.9 1.8 0.5
v 1.9 1.8 0.4
v 1.9 1.8 0.2
v 1.9 1.8 0.0999999
v 1.9 1.8 -0.1
v 1.9 1.8 -0.2
v 1.9 1.8 -0.4
v 1.9 1.8 -0.5
v 1.9 1.8 -0.7
v 1.9 1.8 -0.8
v 1.9 1.8 -0.9
v 1.9 1.8 -1
v 1.9 1.9 1.7
v 1.9 1.9 1.6
v 1.9 1.9 0.9
v 1.9 1.9 0.8
v 1.9 1.9 0.6
v 1.9 1.9 0.5
v 1.9 1.9 -0.5
v 1.9 1.9 -0.6
v 1.9 1.9 -0.8
v 1.9 1.9 -0.9
v 1.9 2 1.5
v 1.9 2 1.4
v 1.9 2 1
v 1.9 2 0.9
v 1.9 2 0.7
v 1.9 2 0.6
v 1.9 2 -0.6
v 1.9 2 -0.7
v 1.9 2 -0.9
v 1.9 2 -1
v 1.9 2.1 1.1
v 1.9 2.1 1
v 1.9 2.1 0.8
v 1.9 2.1 0.7
v 1.9 2.1 0.5
v 1.9 2.1 0.4
v 1.9 2.1 0.3
v 1.9 2.1 0.2
v 1.9 2.1 -0.4
v 1.9 2.1 -0.5
v 1.9 2.1 -0.7
v 1.9 2.1 -0.8
v 1.9 2.1 -1
v 1.9 2.1 -1.1
v 1.9 2.1 -1.4
v 1.9 2.1 -1.5
v 1.9 2.2 1.2
v 1.9 2.2 1.1
v 1.9 2.2 0.9
v 1.9 2.2 0.8
v 1.9 2.2 -0.2
v 1.9 2.2 -0.3
v 1.9 2.2 -0.8
v 1.9 2.2 -0.9
v 1.9 2.2 -1.1
v 1.9 2.2 -1.2
v 1.9 2.3 1.6
v 1.9 2.3 1.5
v 1.9 2.3 1.3
v 1.9 2.3 1.2
v 1.9 2.3 1
v 1.9 2.3 0.9
v 1.9 2.3 -0.9
v 1.9 2.3 -1
v 1.9 2.3 -1.2
v 1.9 2.3 -1.3
v 1.9 2.3 -1.5
v 1.9 2.3 -1.6
v 1.9 2.4 1.4
v 1.9 2.4 1.3
v 1.9 2.4 1.1
v 1.9 2.4 1
v 1.9 2.4 -0.1
v 1.9 2.4 -0.2
v 1.9 2.4 -0.3
v 1.9 2.4 -0.4
v 1.9 2.4 -1
v 1.9 2.4 -1.1
v 1.9 2.4 -1.3
v 1.9 2.4 -1.4
v 1.9 2.5 1.5
v 1.9 2.5 1.4
v 1.9 2.5 1.2
v 1.9 2.5 1.1
v 1.9 2.5 0.4
v 1.9 2.5 0.3
v 1.9 2.5 0.2
v 1.9 2.5 0.0999999
v 1.9 2.5 -1.1
v 1.9 2.5 -1.2
v 1.9 2.5 -1.4
v 1.9 2.5 -1.5
v 1.9 2.6 1.6
v 1.9 2.6 1.5
v 1.9 2.6 1.3
v 1.9 2.6 1.2
v 1.9 2.6 1.1
v 1.9 2.6 -1.1
v 1.9 2.6 -1.2
v 1.9 2.6 -1.3
v 1.9 2.6 -1.5
v 1.9 2.6 -1.6
v 1.9 2.7 1.7
v 1.9 2.7 1.6
v 1.9 2.7 1.4
v 1.9 2.7 1.3
v 1.9 2.7 1
v 1.9 2.7 0.9
v 1.9 2.7 -0.9
v 1.9 2.7 -1
v 1.9 2.7 -1.3
v 1.9 2.7 -1.4
v 1.9 2.7 -1.6
v 1.9 2.7 -1.7
v 1.9 2.8 1.8
v 1.9 2.8 1.7
v 1.9 2.8 1.5
v 1.9 2.8 1.4
v 1.9 2.8 0.3
v 1.9 2.8 0.0999999
v 1.9 2.8 -0.1
v 1.9 2.8 -0.3
v 1.9 2.8 -1.4
v 1.9 2.8 -1.5
v 1.9 2.8 -1.7
v 1.9 2.8 -1.8
v 1.9 2.9 1.6
v 1.9 2.9 1.5
v 1.9 2.9 1.4
v 1.9 2.9 1
v 1.9 2.9 -1
v 1.9 2.9 -1.4
v 1.9 2.9 -1.5
v 1.9 2.9 -1.6
v 1.9 3 1.6
v 1.9 3 0.0999999
v 1.9 3 -0.1
v 1.9 3 -1.6
v 2 0 2
v 2 0 -2
v 2 0.1 1.9
v 2 0.1 -1.9
v 2 0.2 2
v 2 0.2 1.9
v 2 0.2 1.7
v 2 0.2 1.6
v 2 0.2 0.0999999
v 2 0.2 -0.1
v 2 0.2 -1.6
v 2 0.2 -1.7
v 2 0.2 -1.9
v 2 0.2 -2
v 2 0.3 1.9
v 2 0.3 1.8
v 2 0.3 1.7
v 2 0.3 1.6
v 2 0.3 1.5
v 2 0.3 -1.5
v 2 0.3 -1.6
v 2 0.3 -1.7
v 2 0.3 -1.8
v 2 0.3 -1.9
v 2 0.4 1.8
v 2 0.4 1.7
v 2 0.4 1.6
v 2 0.4 1.5
v 2 0.4 1.4
v 2 0.4 -1.4
v 2 0.4 -1.5
v 2 0.4 -1.6
v 2 0.4 -1.7
v 2 0.4 -1.8
v 2 0.5 1.7
v 2 0.5 1.6
v 2 0.5 1.5
v 2 0.5 1.4
v 2 0.5 1.3
v 2 0.5 -1.3
v 2 0.5 -1.4
v 2 0.5 -1.5
v 2 0.5 -1.6
v 2 0.5 -1.7
v 2 0.6 1.6
v 2 0.6 1.5
v 2 0.6 1.4
v 2 0.6 1.3
v 2 0.6 1.2
v 2 0.6 -1.2
v 2 0.6 -1.3
v 2 0.6 -1.4
v 2 0.6 -1.5
v 2 0.6 -1.6
v 2 0.7 1.5
v 2 0.7 1.4
v 2 0.7 1.3
v 2 0.7 1.2
v 2 0.7 1.1
v 2 0.7 -1.1
v 2 0.7 -1.2
v 2 0.7 -1.3
v 2 0.7 -1.4
v 2 0.7 -1.5
v 2 0.8 1.4
v 2 0.8 1.3
v 2 0.8 1.2
v 2 0.8 1.1
v 2 0.8 1
v 2 0.8 -1
v 2 0.8 -1.1
v 2 0.8 -1.2
v 2 0.8 -1.3
v 2 0.8 -1.4
v 2 0.9 1.3
v 2 0.9 1.2
v 2 0.9 1.1
v 2 0.9 1
v 2 0.9 0.9
v 2 0.9 -0.9
v 2 0.9 -1
v 2 0.9 -1.1
v 2 0.9 -1.2
v 2 0.9 -1.3
v 2 1 1.2
v 2 1 1.1
v 2 1 1
v 2 1 0.9
v 2 1 0.8
v 2 1 -0.8
v 2 1 -0.9
v 2 1 -1
v 2 1 -1.1
v 2 1 -1.2
v 2 1.1 1.1
v 2 1.1 1
v 2 1.1 0.9
v 2 1.1 0.8
v 2 1.1 0.7
v 2 1.1 -0.7
v 2 1.1 -0.8
v 2 1.1 -0.9
v 2 1.1 -1
v 2 1.1 -1.1
v 2 1.2 1
v 2 1.2 0.9
v 2 1.2 0.8
v 2 1.2 0.7
v 2 1.2 0.6
v 2 1.2 -0.6
v 2 1.2 -0.7
v 2 1.2 -0.8
v 2 1.2 -0.9
v 2 1.2 -1
v 2 1.3 0.9
v 2 1.3 0.8
v 2 1.3 0.7
v 2 1.3 0.6
v 2 1.3 0.5
v 2 1.3 -0.5
v 2 1.3 -0.6
v 2 1.3 -0.7
v 2 1.3 -0.8
v 2 1.3 -0.9
v 2 1.4 0.8
v 2 1.4 0.7
v 2 1.4 0.6
v 2 1.4 0.5
v 2 1.4 0.4
v 2 1.4 0.2
v 2 1.4 0.0999999
v 2 1.4 -0.1
v 2 1.4 -0.2
v 2 1.4 -0.4
v 2 1.4 -0.5
v 2 1.4 -0.6
v 2 1.4 -0.7
v 2 1.4 -0.8
v 2 1.5 0.7
v 2 1.5 0.6
v 2 1.5 0.5
v 2 1.5 0.4
v 2 1.5 0.2
v 2 1.5 0.0999999
v 2 1.5 -0.1
v 2 1.5 -0.2
v 2 1.5 -0.4
v 2 1.5 -0.5
v 2 1.5 -0.6
v 2 1.5 -0.7
v 2 1.6 0.4
v 2 1.6 0.2
v 2 1.6 -0.2
v 2 1.6 -0.4
v 2 1.7 0.7
v 2 1.7 0.6
v 2 1.7 0.5
v 2 1.7 0.4
v 2 1.7 0.2
v 2 1.7 -0.2
v 2 1.7 -0.4
v 2 1.7 -0.5
v 2 1.7 -0.6
v 2 1.7 -0.7
v 2 1.8 0.8
v 2 1.8 0.7
v 2 1.8 0.6
v 2 1.8 0.5
v 2 1.8 0.4
v 2 1.8 0.2
v 2 1.8 0.0999999
v 2 1.8 -0.1
v 2 1.8 -0.2
v 2 1.8 -0.4
v 2 1.8 -0.5
v 2 1.8 -0.6
v 2 1.8 -0.7
v 2 1.8 -0.8
v 2 1.9 0.9
v 2 1.9 0.8
v 2 1.9 0.7
v 2 1.9 0.6
v 2 1.9 0.5
v 2 1.9 -0.5
v 2 1.9 -0.6
v 2 1.9 -0.7
v 2 1.9 -0.8
v 2 1.9 -0.9
v 2 2 1
v 2 2 0.9
v 2 2 0.8
v 2 2 0.7
v 2 2 0.6
v 2 2 -0.6
v 2 2 -0.7
v 2 2 -0.8
v 2 2 -0.9
v 2 2 -1
v 2 2.1 1.1
v 2 2.1 1
v 2 2.1 0.9
v 2 2.1 0.8
v 2 2.1 0.7
v 2 2.1 -0.7
v 2 2.1 -0.8
v 2 2.1 -0.9
v 2 2.1 -1
v 2 2.1 -1.1
v 2 2.2 1.2
v 2 2.2 1.1
v 2 2.2 1
v 2 2.2 0.9
v 2 2.2 0.8
v 2 2.2 -0.8
v 2 2.2 -0.9
v 2 2.2 -1
v 2 2.2 -1.1
v 2 2.2 -1.2
v 2 2.3 1.3
v 2 2.3 1.2
v 2 2.3 1.1
v 2 2.3 1
v 2 2.3 0.9
v 2 2.3 -0.9
v 2 2.3 -1
v 2 2.3 -1.1
v 2 2.3 -1.2
v 2 2.3 -1.3
v 2 2.4 1.4
v 2 2.4 1.3
v 2 2.4 1.2
v 2 2.4 1.1
v 2 2.4 1
v 2 2.4 -1
v 2 2.4 -1.1
v 2 2.4 -1.2
v 2 2.4 -1.3
v 2 2.4 -1.4
v 2 2.5 1.5
v 2 2.5 1.4
v 2 2.5 1.3
v 2 2.5 1.2
v 2 2.5 1.1
v 2 2.5 -1.1
v 2 2.5 -1.2
v 2 2.5 -1.3
v 2 2.5 -1.4
v 2 2.5 -1.5
v 2 2.6 1.6
v 2 2.6 1.5
v 2 2.6 1.4
v 2 2.6 1.3
v 2 2.6 1.2
v 2 2.6 -1.2
v 2 2.6 -1.3
v 2 2.6 -1.4
v 2 2.6 -1.5
v 2 2.6 -1.6
v 2 2.7 1.7
v 2 2.7 1.6
v 2 2.7 1.5
v 2 2.7 1.4
v 2 2.7 1.3
v 2 2.7 -1.3
v 2 2.7 -1.4
v 2 2.7 -1.5
v 2 2.7 -1.6
v 2 2.7 -1.7
v 2 2.8 1.8
v 2 2.8 1.7
v 2 2.8 1.6
v 2 2.8 1.5
v 2 2.8 1.4
v 2 2.8 -1.4
v 2 2.8 -1.5
v 2 2.8 -1.6
v 2 2.8 -1.7
v 2 2.8 -1.8
v 2 2.9 1.8
v 2 2.9 1.7
v 2 2.9 1.6
v 2 2.9 1.5
v 2 2.9 -1.5
v 2 2.9 -1.6
v 2 2.9 -1.7
v 2 2.9 -1.8
v 2 3 1.9
v 2 3 1.8
v 2 3 1.6
v 2 3 0.0999999
v 2 3 -0.1
v 2 3 -1.6
v 2 3 -1.8
v 2 3 -1.9
v 2 3.1 1.6
v 2 3.1 0.0999999
v 2 3.1 -0.1
v 2 3.1 -1.6
v 2 3.2 2
v 2 3.2 -2
v -2 0 2
v -2 0.2 2
v -2 3.2 2
v -1.9 0.1 2
v -1.9 0.2 2
v -1.9 0.3 2
v -1.9 3 2
v -1.8 0.3 2
v -1.8 0.4 2
v -1.8 2.8 2
v -1.8 2.9 2
v -1.8 3 2
v -1.7 0.2 2
v -1.7 0.3 2
v -1.7 0.4 2
v -1.7 0.5 2
v -1.7 2.7 2
v -1.7 2.8 2
v -1.7 2.9 2
v -1.6 0.2 2
v -1.6 0.3 2
v -1.6 0.4 2
v -1.6 0.5 2
v -1.6 0.6 2
v -1.6 2.6 2
v -1.6 2.7 2
v -1.6 2.8 2
v -1.6 2.9 2
v -1.6 3 2
v -1.6 3.1 2
v -1.5 0.3 2
v -1.5 0.4 2
v -1.5 0.5 2
v -1.5 0.6 2
v -1.5 0.7 2
v -1.5 2.5 2
v -1.5 2.6 2
v -1.5 2.7 2
v -1.5 2.8 2
v -1.5 2.9 2
v -1.4 0.4 2
v -1.4 0.5 2
v -1.4 0.6 2
v -1.4 0.7 2
v -1.4 0.8 2
v -1.4 2.4 2
v -1.4 2.5 2
v -1.4 2.6 2
v -1.4 2.7 2
v -1.4 2.8 2
v -1.3 0.5 2
v -1.3 0.6 2
v -1.3 0.7 2
v -1.3 0.8 2
v -1.3 0.9 2
v -1.3 2.3 2
v -1.3 2.4 2
v -1.3 2.5 2
v -1.3 2.6 2
v -1.3 2.7 2
v -1.2 0.6 2
v -1.2 0.7 2
v -1.2 0.8 2
v -1.2 0.9 2
v -1.2 1 2
v -1.2 2.2 2
v -1.2 2.3 2
v -1.2 2.4 2
v -1.2 2.5 2
v -1.2 2.6 2
v -1.1 0.7 2
v -1.1 0.8 2
v -1.1 0.9 2
v -1.1 1 2
v -1.1 1.1 2
v -1.1 2.1 2
v -1.1 2.2 2
v -1.1 2.3 2
v -1.1 2.4 2
v -1.1 2.5 2
v -1 0.8 2
v -1 0.9 2
v -1 1 2
v -1 1.1 2
v -1 1.2 2
v -1 2 2
v -1 2.1 2
v -1 2.2 2
v -1 2.3 2
v -1 2.4 2
v -0.9 0.9 2
v -0.9 1 2
v -0.9 1.1 2
v -0.9 1.2 2
v -0.9 1.3 2
v -0.9 1.9 2
v -0.9 2 2
v -0.9 2.1 2
v -0.9 2.2 2
v -0.9 2.3 2
v -0.8 1 2
v -0.8 1.1 2
v -0.8 1.2 2
v -0.8 1.3 2
v -0.8 1.4 2
v -0.8 1.8 2
v -0.8 1.9 2
v -0.8 2 2
v -0.8 2.1 2
v -0.8 2.2 2
v -0.7 1.1 2
v -0.7 1.2 2
v -0.7 1.3 2
v -0.7 1.4 2
v -0.7 1.5 2
v -0.7 1.7 2
v -0.7 1.8 2
v -0.7 1.9 2
v -0.7 2 2
v -0.7 2.1 2
v -0.6 1.2 2
v -0.6 1.3 2
v -0.6 1.4 2
v -0.6 1.5 2
v -0.6 1.6 2
v -0.6 1.7 2
v -0.6 1.8 2
v -0.6 1.9 2
v -0.6 2 2
v -0.5 1.3 2
v -0.5 1.4 2
v -0.5 1.5 2
v -0.5 1.6 2
v -0.5 1.7 2
v -0.5 1.8 2
v -0.5 1.9 2
v -0.4 1.4 2
v -0.4 1.5 2
v -0.4 1.6 2
v -0.4 1.7 2
v -0.4 1.8 2
v -0.2 1.4 2
v -0.2 1.5 2
v -0.2 1.6 2
v -0.2 1.7 2
v -0.2 1.8 2
v -0.0999999 0.2 2
v -0.0999999 1.4 2
v -0.0999999 1.5 2
v -0.0999999 1.8 2
v -0.0999999 3 2
v -0.0999999 3.1 2
v 0.1 0.2 2
v 0.1 1.4 2
v 0.1 1.5 2
v 0.1 1.8 2
v 0.1 3 2
v 0.1 3.1 2
v 0.2 1.4 2
v 0.2 1.5 2
v 0.2 1.6 2
v 0.2 1.7 2
v 0.2 1.8 2
v 0.4 1.4 2
v 0.4 1.5 2
v 0.4 1.6 2
v 0.4 1.7 2
v 0.4 1.8 2
v 0.5 1.3 2
v 0.5 1.4 2
v 0.5 1.5 2
v 0.5 1.6 2
v 0.5 1.7 2
v 0.5 1.8 2
v 0.5 1.9 2
v 0.6 1.2 2
v 0.6 1.3 2
v 0.6 1.4 2
v 0.6 1.5 2
v 0.6 1.6 2
v 0.6 1.7 2
v 0.6 1.8 2
v 0.6 1.9 2
v 0.6 2 2
v 0.7 1.1 2
v 0.7 1.2 2
v 0.7 1.3 2
v 0.7 1.4 2
v 0.7 1.5 2
v 0.7 1.7 2
v 0.7 1.8 2
v 0.7 1.9 2
v 0.7 2 2
v 0.7 2.1 2
v 0.8 1 2
v 0.8 1.1 2
v 0.8 1.2 2
v 0.8 1.3 2
v 0.8 1.4 2
v 0.8 1.8 2
v 0.8 1.9 2
v 0.8 2 2
v 0.8 2.1 2
v 0.8 2.2 2
v 0.9 0.9 2
v 0.9 1 2
v 0.9 1.1 2
v 0.9 1.2 2
v 0.9 1.3 2
v 0.9 1.9 2
v 0.9 2 2
v 0.9 2.1 2
v 0.9 2.2 2
v 0.9 2.3 2
v 1 0.8 2
v 1 0.9 2
v 1 1 2
v 1 1.1 2
v 1 1.2 2
v 1 2 2
v 1 2.1 2
v 1 2.2 2
v 1 2.3 2
v 1 2.4 2
v 1.1 0.7 2
v 1.1 0.8 2
v 1.1 0.9 2
v 1.1 1 2
v 1.1 1.1 2
v 1.1 2.1 2
v 1.1 2.2 2
v 1.1 2.3 2
v 1.1 2.4 2
v 1.1 2.5 2
v 1.2 0.6 2
v 1.2 0.7 2
v 1.2 0.8 2
v 1.2 0.9 2
v 1.2 1 2
v 1.2 2.2 2
v 1.2 2.3 2
v 1.2 2.4 2
v 1.2 2.5 2
v 1.2 2.6 2
v 1.3 0.5 2
v 1.3 0.6 2
v 1.3 0.7 2
v 1.3 0.8 2
v 1.3 0.9 2
v 1.3 2.3 2
v 1.3 2.4 2
v 1.3 2.5 2
v 1.3 2.6 2
v 1.3 2.7 2
v 1.4 0.4 2
v 1.4 0.5 2
v 1.4 0.6 2
v 1.4 0.7 2
v 1.4 0.8 2
v 1.4 2.4 2
v 1.4 2.5 2
v 1.4 2.6 2
v 1.4 2.7 2
v 1.4 2.8 2
v 1.5 0.3 2
v 1.5 0.4 2
v 1.5 0.5 2
v 1.5 0.6 2
v 1.5 0.7 2
v 1.5 2.5 2
v 1.5 2.6 2
v 1.5 2.7 2
v 1.5 2.8 2
v 1.5 2.9 2
v 1.6 0.2 2
v 1.6 0.3 2
v 1.6 0.4 2
v 1.6 0.5 2
v 1.6 0.6 2
v 1.6 2.6 2
v 1.6 2.7 2
v 1.6 2.8 2
v 1.6 2.9 2
v 1.6 3 2
v 1.6 3.1 2
v 1.7 0.2 2
v 1.7 0.3 2
v 1.7 0.4 2
v 1.7 0.5 2
v 1.7 2.7 2
v 1.7 2.8 2
v 1.7 2.9 2
v 1.8 0.3 2
v 1.8 0.4 2
v 1.8 2.8 2
v 1.8 2.9 2
v 1.8 3 2
v 1.9 0.1 2
v 1.9 0.2 2
v 1.9 0.3 2
v 1.9 3 2
v 2 0 2
v 2 0.2 2
v 2 3.2 2
v -1.8 0.4 1.9
v -1.8 2.8 1.9
v -1.7 0.4 1.9
v -1.7 0.5 1.9
v -1.7 0.9 1.9
v -1.7 1.3 1.9
v -1.7 2.7 1.9
v -1.7 2.8 1.9
v -1.6 0.2 1.9
v -1.6 0.3 1.9
v -1.6 0.5 1.9
v -1.6 0.6 1.9
v -1.6 0.9 1.9
v -1.6 1.3 1.9
v -1.6 2.3 1.9
v -1.6 2.6 1.9
v -1.6 2.7 1.9
v -1.6 2.9 1.9
v -1.6 3 1.9
v -1.5 0.3 1.9
v -1.5 0.4 1.9
v -1.5 0.6 1.9
v -1.5 0.7 1.9
v -1.5 1.1 1.9
v -1.5 2.1 1.9
v -1.5 2.3 1.9
v -1.5 2.5 1.9
v -1.5 2.6 1.9
v -1.5 2.8 1.9
v -1.5 2.9 1.9
v -1.4 0.3 1.9
v -1.4 0.4 1.9
v -1.4 0.5 1.9
v -1.4 0.7 1.9
v -1.4 0.8 1.9
v -1.4 1.1 1.9
v -1.4 2.1 1.9
v -1.4 2.4 1.9
v -1.4 2.5 1.9
v -1.4 2.7 1.9
v -1.4 2.8 1.9
v -1.4 2.9 1.9
v -1.3 0.5 1.9
v -1.3 0.6 1.9
v -1.3 0.8 1.9
v -1.3 0.9 1.9
v -1.3 2.3 1.9
v -1.3 2.4 1.9
v -1.3 2.6 1.9
v -1.3 2.7 1.9
v -1.2 0.6 1.9
v -1.2 0.7 1.9
v -1.2 0.9 1.9
v -1.2 1 1.9
v -1.2 2.2 1.9
v -1.2 2.3 1.9
v -1.2 2.5 1.9
v -1.2 2.6 1.9
v -1.1 0.6 1.9
v -1.1 0.7 1.9
v -1.1 0.8 1.9
v -1.1 1 1.9
v -1.1 1.1 1.9
v -1.1 2.1 1.9
v -1.1 2.2 1.9
v -1.1 2.4 1.9
v -1.1 2.5 1.9
v -1.1 2.6 1.9
v -1 0.3 1.9
v -1 0.4 1.9
v -1 0.7 1.9
v -1 0.8 1.9
v -1 0.9 1.9
v -1 1.1 1.9
v -1 1.2 1.9
v -1 1.8 1.9
v -1 2 1.9
v -1 2.1 1.9
v -1 2.3 1.9
v -1 2.4 1.9
v -1 2.7 1.9
v -1 2.9 1.9
v -0.9 0.4 1.9
v -0.9 0.8 1.9
v -0.9 0.9 1.9
v -0.9 1 1.9
v -0.9 1.2 1.9
v -0.9 1.3 1.9
v -0.9 1.8 1.9
v -0.9 1.9 1.9
v -0.9 2 1.9
v -0.9 2.2 1.9
v -0.9 2.3 1.9
v -0.9 2.7 1.9
v -0.8 0.8 1.9
v -0.8 1 1.9
v -0.8 1.1 1.9
v -0.8 1.3 1.9
v -0.8 1.4 1.9
v -0.8 1.8 1.9
v -0.8 1.9 1.9
v -0.8 2.1 1.9
v -0.8 2.2 1.9
v -0.7 1.1 1.9
v -0.7 1.2 1.9
v -0.7 1.4 1.9
v -0.7 1.5 1.9
v -0.7 1.7 1.9
v -0.7 1.8 1.9
v -0.7 2 1.9
v -0.7 2.1 1.9
v -0.6 1.2 1.9
v -0.6 1.3 1.9
v -0.6 1.5 1.9
v -0.6 1.6 1.9
v -0.6 1.7 1.9
v -0.6 1.9 1.9
v -0.6 2 1.9
v -0.5 1.1 1.9
v -0.5 1.3 1.9
v -0.5 1.4 1.9
v -0.5 1.8 1.9
v -0.5 1.9 1.9
v -0.5 2.1 1.9
v -0.4 0.6 1.9
v -0.4 1.1 1.9
v -0.4 1.4 1.9
v -0.4 1.5 1.9
v -0.4 1.7 1.9
v -0.4 1.8 1.9
v -0.4 2.1 1.9
v -0.4 2.4 1.9
v -0.3 0.4 1.9
v -0.3 0.6 1.9
v -0.3 1.2 1.9
v -0.3 1.5 1.9
v -0.3 1.7 1.9
v -0.3 2.2 1.9
v -0.3 2.4 1.9
v -0.3 2.8 1.9
v -0.2 0.3 1.9
v -0.2 0.4 1.9
v -0.2 0.8 1.9
v -0.2 1.2 1.9
v -0.2 1.4 1.9
v -0.2 1.5 1.9
v -0.2 1.7 1.9
v -0.2 1.8 1.9
v -0.2 2.2 1.9
v -0.2 2.4 1.9
v -0.0999999 0.2 1.9
v -0.0999999 0.3 1.9
v -0.0999999 0.8 1.9
v -0.0999999 1.4 1.9
v -0.0999999 1.8 1.9
v -0.0999999 2.4 1.9
v -0.0999999 2.8 1.9
v -0.0999999 3 1.9
v 0.1 0.2 1.9
v 0.1 0.3 1.9
v 0.1 0.8 1.9
v 0.1 1.4 1.9
v 0.1 1.8 1.9
v 0.1 2.5 1.9
v 0.1 2.8 1.9
v 0.1 3 1.9
v 0.2 0.3 1.9
v 0.2 0.4 1.9
v 0.2 0.8 1.9
v 0.2 1.2 1.9
v 0.2 1.4 1.9
v 0.2 1.5 1.9
v 0.2 1.7 1.9
v 0.2 1.8 1.9
v 0.2 2.1 1.9
v 0.2 2.5 1.9
v 0.3 0.4 1.9
v 0.3 0.8 1.9
v 0.3 1.2 1.9
v 0.3 1.5 1.9
v 0.3 1.7 1.9
v 0.3 2.1 1.9
v 0.3 2.5 1.9
v 0.3 2.8 1.9
v 0.4 0.8 1.9
v 0.4 1.3 1.9
v 0.4 1.4 1.9
v 0.4 1.5 1.9
v 0.4 1.7 1.9
v 0.4 1.8 1.9
v 0.4 2.1 1.9
v 0.4 2.5 1.9
v 0.5 1.3 1.9
v 0.5 1.4 1.9
v 0.5 1.8 1.9
v 0.5 1.9 1.9
v 0.5 2.1 1.9
v 0.6 1.2 1.9
v 0.6 1.3 1.9
v 0.6 1.5 1.9
v 0.6 1.6 1.9
v 0.6 1.7 1.9
v 0.6 1.9 1.9
v 0.6 2 1.9
v 0.7 1.1 1.9
v 0.7 1.2 1.9
v 0.7 1.4 1.9
v 0.7 1.5 1.9
v 0.7 1.7 1.9
v 0.7 1.8 1.9
v 0.7 2 1.9
v 0.7 2.1 1.9
v 0.8 1 1.9
v 0.8 1.1 1.9
v 0.8 1.3 1.9
v 0.8 1.4 1.9
v 0.8 1.8 1.9
v 0.8 1.9 1.9
v 0.8 2.1 1.9
v 0.8 2.2 1.9
v 0.9 0.6 1.9
v 0.9 0.9 1.9
v 0.9 1 1.9
v 0.9 1.2 1.9
v 0.9 1.3 1.9
v 0.9 1.9 1.9
v 0.9 2 1.9
v 0.9 2.2 1.9
v 0.9 2.3 1.9
v 0.9 2.7 1.9
v 1 0.4 1.9
v 1 0.6 1.9
v 1 0.8 1.9
v 1 0.9 1.9
v 1 1.1 1.9
v 1 1.2 1.9
v 1 2 1.9
v 1 2.1 1.9
v 1 2.3 1.9
v 1 2.4 1.9
v 1 2.7 1.9
v 1 2.9 1.9
v 1.1 0.3 1.9
v 1.1 0.4 1.9
v 1.1 0.6 1.9
v 1.1 0.7 1.9
v 1.1 0.8 1.9
v 1.1 1 1.9
v 1.1 1.1 1.9
v 1.1 2.1 1.9
v 1.1 2.2 1.9
v 1.1 2.4 1.9
v 1.1 2.5 1.9
v 1.1 2.6 1.9
v 1.2 0.6 1.9
v 1.2 0.7 1.9
v 1.2 0.9 1.9
v 1.2 1 1.9
v 1.2 2.2 1.9
v 1.2 2.3 1.9
v 1.2 2.5 1.9
v 1.2 2.6 1.9
v 1.3 0.3 1.9
v 1.3 0.4 1.9
v 1.3 0.5 1.9
v 1.3 0.6 1.9
v 1.3 0.8 1.9
v 1.3 0.9 1.9
v 1.3 2.3 1.9
v 1.3 2.4 1.9
v 1.3 2.6 1.9
v 1.3 2.7 1.9
v 1.4 0.4 1.9
v 1.4 0.5 1.9
v 1.4 0.7 1.9
v 1.4 0.8 1.9
v 1.4 1.2 1.9
v 1.4 2 1.9
v 1.4 2.4 1.9
v 1.4 2.5 1.9
v 1.4 2.7 1.9
v 1.4 2.8 1.9
v 1.4 2.9 1.9
v 1.5 0.3 1.9
v 1.5 0.4 1.9
v 1.5 0.6 1.9
v 1.5 0.7 1.9
v 1.5 1 1.9
v 1.5 1.2 1.9
v 1.5 2 1.9
v 1.5 2.3 1.9
v 1.5 2.5 1.9
v 1.5 2.6 1.9
v 1.5 2.8 1.9
v 1.5 2.9 1.9
v 1.6 0.2 1.9
v 1.6 0.3 1.9
v 1.6 0.5 1.9
v 1.6 0.6 1.9
v 1.6 1 1.9
v 1.6 1.5 1.9
v 1.6 1.9 1.9
v 1.6 2.3 1.9
v 1.6 2.6 1.9
v 1.6 2.7 1.9
v 1.6 2.9 1.9
v 1.6 3 1.9
v 1.7 0.4 1.9
v 1.7 0.5 1.9
v 1.7 1.5 1.9
v 1.7 1.9 1.9
v 1.7 2.7 1.9
v 1.7 2.8 1.9
v 1.8 0.4 1.9
v 1.8 2.8 1.9
v -2 0.4 1.7
v -2 0.5 1.7
v -2 2.7 1.7
v -2 2.8 1.7
v -1.9 0.4 1.7
v -1.9 0.5 1.7
v -1.9 2.7 1.7
v -1.9 2.8 1.7
v 1.9 0.4 1.7
v 1.9 0.5 1.7
v 1.9 2.7 1.7
v 1.9 2.8 1.7
v 2 0.4 1.7
v 2 0.5 1.7
v 2 2.7 1.7
v 2 2.8 1.7
v -2 0.5 1.6
v -2 0.6 1.6
v -2 2.6 1.6
v -2 2.7 1.6
v -1.9 0.5 1.6
v -1.9 0.6 1.6
v -1.9 2.6 1.6
v -1.9 2.7 1.6
v -1.5 3.1 1.6
v -1.5 3.2 1.6
v -1.4 3.1 1.6
v -1.4 3.2 1.6
v 1.4 3.1 1.6
v 1.4 3.2 1.6
v 1.5 3.1 1.6
v 1.5 3.2 1.6
v 1.9 0.5 1.6
v 1.9 0.6 1.6
v 1.9 2.6 1.6
v 1.9 2.7 1.6
v 2 0.5 1.6
v 2 0.6 1.6
v 2 2.6 1.6
v 2 2.7 1.6
v -2 0.6 1.5
v -2 0.7 1.5
v -2 2.5 1.5
v -2 2.6 1.5
v -1.9 0.6 1.5
v -1.9 0.7 1.5
v -1.9 2.5 1.5
v -1.9 2.6 1.5
v -1.4 3.1 1.5
v -1.4 3.2 1.5
v -1.3 3.1 1.5
v -1.3 3.2 1.5
v 1.3 3.1 1.5
v 1.3 3.2 1.5
v 1.4 3.1 1.5
v 1.4 3.2 1.5
v 1.9 0.6 1.5
v 1.9 0.7 1.5
v 1.9 2.5 1.5
v 1.9 2.6 1.5
v 2 0.6 1.5
v 2 0.7 1.5
v 2 2.5 1.5
v 2 2.6 1.5
v -2 0.7 1.4
v -2 0.8 1.4
v -2 2.4 1.4
v -2 2.5 1.4
v -1.9 0.7 1.4
v -1.9 0.8 1.4
v -1.9 2.4 1.4
v -1.9 2.5 1.4
v -1.3 3.1 1.4
v -1.3 3.2 1.4
v -1.2 3.1 1.4
v -1.2 3.2 1.4
v 1.2 3.1 1.4
v 1.2 3.2 1.4
v 1.3 3.1 1.4
v 1.3 3.2 1.4
v 1.9 0.7 1.4
v 1.9 0.8 1.4
v 1.9 2.4 1.4
v 1.9 2.5 1.4
v 2 0.7 1.4
v 2 0.8 1.4
v 2 2.4 1.4
v 2 2.5 1.4
v -2 0.8 1.3
v -2 0.9 1.3
v -2 2.3 1.3
v -2 2.4 1.3
v -1.9 0.8 1.3
v -1.9 0.9 1.3
v -1.9 2.3 1.3
v -1.9 2.4 1.3
v -1.2 3.1 1.3
v -1.2 3.2 1.3
v -1.1 3.1 1.3
v -1.1 3.2 1.3
v 1.1 3.1 1.3
v 1.1 3.2 1.3
v 1.2 3.1 1.3
v 1.2 3.2 1.3
v 1.9 0.8 1.3
v 1.9 0.9 1.3
v 1.9 2.3 1.3
v 1.9 2.4 1.3
v 2 0.8 1.3
v 2 0.9 1.3
v 2 2.3 1.3
v 2 2.4 1.3
v -2 0.9 1.2
v -2 1 1.2
v -2 2.2 1.2
v -2 2.3 1.2
v -1.9 0.9 1.2
v -1.9 1 1.2
v -1.9 2.2 1.2
v -1.9 2.3 1.2
v -1.1 3.1 1.2
v -1.1 3.2 1.2
v -1 3.1 1.2
v -1 3.2 1.2
v 1 3.1 1.2
v 1 3.2 1.2
v 1.1 3.1 1.2
v 1.1 3.2 1.2
v 1.9 0.9 1.2
v 1.9 1 1.2
v 1.9 2.2 1.2
v 1.9 2.3 1.2
v 2 0.9 1.2
v 2 1 1.2
v 2 2.2 1.2
v 2 2.3 1.2
v -2 1 1.1
v -2 1.1 1.1
v -2 2.1 1.1
v -2 2.2 1.1
v -1.9 1 1.1
v -1.9 1.1 1.1
v -1.9 2.1 1.1
v -1.9 2.2 1.1
v -1 3.1 1.1
v -1 3.2 1.1
v -0.9 3.1 1.1
v -0.9 3.2 1.1
v 0.9 3.1 1.1
v 0.9 3.2 1.1
v 1 3.1 1.1
v 1 3.2 1.1
v 1.9 1 1.1
v 1.9 1.1 1.1
v 1.9 2.1 1.1
v 1.9 2.2 1.1
v 2 1 1.1
v 2 1.1 1.1
v 2 2.1 1.1
v 2 2.2 1.1
v -2 1.1 1
v -2 1.2 1
v -2 2 1
v -2 2.1 1
v -1.9 1.1 1
v -1.9 1.2 1
v -1.9 2 1
v -1.9 2.1 1
v -0.9 3.1 1
v -0.9 3.2 1
v -0.8 3.1 1
v -0.8 3.2 1
v 0.8 3.1 1
v 0.8 3.2 1
v 0.9 3.1 1
v 0.9 3.2 1
v 1.9 1.1 1
v 1.9 1.2 1
v 1.9 2 1
v 1.9 2.1 1
v 2 1.1 1
v 2 1.2 1
v 2 2 1
v 2 2.1 1
v -2 1.2 0.9
v -2 1.3 0.9
v -2 1.9 0.9
v -2 2 0.9
v -1.9 1.2 0.9
v -1.9 1.3 0.9
v -1.9 1.9 0.9
v -1.9 2 0.9
v -0.8 3.1 0.9
v -0.8 3.2 0.9
v -0.7 3.1 0.9
v -0.7 3.2 0.9
v 0.7 3.1 0.9
v 0.7 3.2 0.9
v 0.8 3.1 0.9
v 0.8 3.2 0.9
v 1.9 1.2 0.9
v 1.9 1.3 0.9
v 1.9 1.9 0.9
v 1.9 2 0.9
v 2 1.2 0.9
v 2 1.3 0.9
v 2 1.9 0.9
v 2 2 0.9
v -2 1.3 0.8
v -2 1.4 0.8
v -2 1.8 0.8
v -2 1.9 0.8
v -1.9 1.3 0.8
v -1.9 1.4 0.8
v -1.9 1.8 0.8
v -1.9 1.9 0.8
v -0.7 3.1 0.8
v -0.7 3.2 0.8
v -0.6 3.1 0.8
v -0.6 3.2 0.8
v 0.6 3.1 0.8
v 0.6 3.2 0.8
v 0.7 3.1 0.8
v 0.7 3.2 0.8
v 1.9 1.3 0.8
v 1.9 1.4 0.8
v 1.9 1.8 0.8
v 1.9 1.9 0.8
v 2 1.3 0.8
v 2 1.4 0.8
v 2 1.8 0.8
v 2 1.9 0.8
v -2 1.4 0.7
v -2 1.5 0.7
v -2 1.7 0.7
v -2 1.8 0.7
v -1.9 1.4 0.7
v -1.9 1.5 0.7
v -1.9 1.7 0.7
v -1.9 1.8 0.7
v -0.6 3.1 0.7
v -0.6 3.2 0.7
v -0.5 3.1 0.7
v -0.5 3.2 0.7
v 0.5 3.1 0.7
v 0.5 3.2 0.7
v 0.6 3.1 0.7
v 0.6 3.2 0.7
v 1.9 1.4 0.7
v 1.9 1.5 0.7
v 1.9 1.7 0.7
v 1.9 1.8 0.7
v 2 1.4 0.7
v 2 1.5 0.7
v 2 1.7 0.7
v 2 1.8 0.7
v -2 1.5 0.6
v -2 1.7 0.6
v -1.9 1.5 0.6
v -1.9 1.7 0.6
v -0.5 3.1 0.6
v -0.5 3.2 0.6
v -0.4 3.1 0.6
v -0.4 3.2 0.6
v 0.4 3.1 0.6
v 0.4 3.2 0.6
v 0.5 3.1 0.6
v 0.5 3.2 0.6
v 1.9 1.5 0.6
v 1.9 1.7 0.6
v 2 1.5 0.6
v 2 1.7 0.6
v -0.4 3.1 0.5
v -0.4 3.2 0.5
v -0.3 3.1 0.5
v -0.3 3.2 0.5
v 0.3 3.1 0.5
v 0.3 3.2 0.5
v 0.4 3.1 0.5
v 0.4 3.2 0.5
v -0.3 3.1 0.4
v -0.3 3.2 0.4
v -0.2 3.1 0.4
v -0.2 3.2 0.4
v 0.2 3.1 0.4
v 0.2 3.2 0.4
v 0.3 3.1 0.4
v 0.3 3.2 0.4
v -0.2 3.1 0.3
v -0.2 3.2 0.3
v -0.0999999 3.1 0.3
v -0.0999999 3.2 0.3
v 0.1 3.1 0.3
v 0.1 3.2 0.3
v 0.2 3.1 0.3
v 0.2 3.2 0.3
v -2 1.4 0.2
v -2 1.5 0.2
v -2 1.7 0.2
v -2 1.8 0.2
v -1.9 1.4 0.2
v -1.9 1.5 0.2
v -1.9 1.7 0.2
v -1.9 1.8 0.2
v -0.0999999 3.1 0.2
v -0.0999999 3.2 0.2
v 0.1 3.1 0.2
v 0.1 3.2 0.2
v 1.9 1.4 0.2
v 1.9 1.5 0.2
v 1.9 1.7 0.2
v 1.9 1.8 0.2
v 2 1.4 0.2
v 2 1.5 0.2
v 2 1.7 0.2
v 2 1.8 0.2
v -2 0.2 0.0999999
v -2 1.4 0.0999999
v -2 1.8 0.0999999
v -2 3 0.0999999
v -1.9 0.2 0.0999999
v -1.9 0.3 0.0999999
v -1.9 0.8 0.0999999
v -1.9 1.4 0.0999999
v -1.9 1.8 0.0999999
v -1.9 2.5 0.0999999
v -1.9 2.8 0.0999999
v -1.9 3 0.0999999
v 1.9 0.2 0.0999999
v 1.9 0.3 0.0999999
v 1.9 0.8 0.0999999
v 1.9 1.4 0.0999999
v 1.9 1.8 0.0999999
v 1.9 2.5 0.0999999
v 1.9 2.8 0.0999999
v 1.9 3 0.0999999
v 2 0.2 0.0999999
v 2 1.4 0.0999999
v 2 1.8 0.0999999
v 2 3 0.0999999
v -0.3 3.1 -0.1
v -0.3 3.2 -0.1
v -0.2 3.1 -0.1
v -0.2 3.2 -0.1
v 0.2 3.1 -0.1
v 0.2 3.2 -0.1
v 0.3 3.1 -0.1
v 0.3 3.2 -0.1
v -0.4 3.1 -0.2
v -0.4 3.2 -0.2
v -0.3 3.1 -0.2
v -0.3 3.2 -0.2
v 0.3 3.1 -0.2
v 0.3 3.2 -0.2
v 0.4 3.1 -0.2
v 0.4 3.2 -0.2
v -0.5 3.1 -0.3
v -0.5 3.2 -0.3
v -0.4 3.1 -0.3
v -0.4 3.2 -0.3
v 0.4 3.1 -0.3
v 0.4 3.2 -0.3
v 0.5 3.1 -0.3
v 0.5 3.2 -0.3
v -2 1.4 -0.4
v -2 1.5 -0.4
v -2 1.7 -0.4
v -2 1.8 -0.4
v -1.9 1.4 -0.4
v -1.9 1.5 -0.4
v -1.9 1.7 -0.4
v -1.9 1.8 -0.4
v -0.6 3.1 -0.4
v -0.6 3.2 -0.4
v -0.5 3.1 -0.4
v -0.5 3.2 -0.4
v 0.5 3.1 -0.4
v 0.5 3.2 -0.4
v 0.6 3.1 -0.4
v 0.6 3.2 -0.4
v 1.9 1.4 -0.4
v 1.9 1.5 -0.4
v 1.9 1.7 -0.4
v 1.9 1.8 -0.4
v 2 1.4 -0.4
v 2 1.5 -0.4
v 2 1.7 -0.4
v 2 1.8 -0.4
v -2 1.3 -0.5
v -2 1.4 -0.5
v -2 1.8 -0.5
v -2 1.9 -0.5
v -1.9 1.3 -0.5
v -1.9 1.4 -0.5
v -1.9 1.8 -0.5
v -1.9 1.9 -0.5
v -0.7 3.1 -0.5
v -0.7 3.2 -0.5
v -0.6 3.1 -0.5
v -0.6 3.2 -0.5
v 0.6 3.1 -0.5
v 0.6 3.2 -0.5
v 0.7 3.1 -0.5
v 0.7 3.2 -0.5
v 1.9 1.3 -0.5
v 1.9 1.4 -0.5
v 1.9 1.8 -0.5
v 1.9 1.9 -0.5
v 2 1.3 -0.5
v 2 1.4 -0.5
v 2 1.8 -0.5
v 2 1.9 -0.5
v -2 1.2 -0.6
v -2 1.3 -0.6
v -2 1.9 -0.6
v -2 2 -0.6
v -1.9 1.2 -0.6
v -1.9 1.3 -0.6
v -1.9 1.9 -0.6
v -1.9 2 -0.6
v -0.8 3.1 -0.6
v -0.8 3.2 -0.6
v -0.7 3.1 -0.6
v -0.7 3.2 -0.6
v 0.7 3.1 -0.6
v 0.7 3.2 -0.6
v 0.8 3.1 -0.6
v 0.8 3.2 -0.6
v 1.9 1.2 -0.6
v 1.9 1.3 -0.6
v 1.9 1.9 -0.6
v 1.9 2 -0.6
v 2 1.2 -0.6
v 2 1.3 -0.6
v 2 1.9 -0.6
v 2 2 -0.6
v -2 1.1 -0.7
v -2 1.2 -0.7
v -2 2 -0.7
v -2 2.1 -0.7
v -1.9 1.1 -0.7
v -1.9 1.2 -0.7
v -1.9 2 -0.7
v -1.9 2.1 -0.7
v -0.9 3.1 -0.7
v -0.9 3.2 -0.7
v -0.8 3.1 -0.7
v -0.8 3.2 -0.7
v 0.8 3.1 -0.7
v 0.8 3.2 -0.7
v 0.9 3.1 -0.7
v 0.9 3.2 -0.7
v 1.9 1.1 -0.7
v 1.9 1.2 -0.7
v 1.9 2 -0.7
v 1.9 2.1 -0.7
v 2 1.1 -0.7
v 2 1.2 -0.7
v 2 2 -0.7
v 2 2.1 -0.7
v -2 1 -0.8
v -2 1.1 -0.8
v -2 2.1 -0.8
v -2 2.2 -0.8
v -1.9 1 -0.8
v -1.9 1.1 -0.8
v -1.9 2.1 -0.8
v -1.9 2.2 -0.8
v -1 3.1 -0.8
v -1 3.2 -0.8
v -0.9 3.1 -0.8
v -0.9 3.2 -0.8
v 0.9 3.1 -0.8
v 0.9 3.2 -0.8
v 1 3.1 -0.8
v 1 3.2 -0.8
v 1.9 1 -0.8
v 1.9 1.1 -0.8
v 1.9 2.1 -0.8
v 1.9 2.2 -0.8
v 2 1 -0.8
v 2 1.1 -0.8
v 2 2.1 -0.8
v 2 2.2 -0.8
v -2 0.9 -0.9
v -2 1 -0.9
v -2 2.2 -0.9
v -2 2.3 -0.9
v -1.9 0.9 -0.9
v -1.9 1 -0.9
v -1.9 2.2 -0.9
v -1.9 2.3 -0.9
v -1.1 3.1 -0.9
v -1.1 3.2 -0.9
v -1 3.1 -0.9
v -1 3.2 -0.9
v 1 3.1 -0.9
v 1 3.2 -0.9
v 1.1 3.1 -0.9
v 1.1 3.2 -0.9
v 1.9 0.9 -0.9
v 1.9 1 -0.9
v 1.9 2.2 -0.9
v 1.9 2.3 -0.9
v 2 0.9 -0.9
v 2 1 -0.9
v 2 2.2 -0.9
v 2 2.3 -0.9
v -2 0.8 -1
v -2 0.9 -1
v -2 2.3 -1
v -2 2.4 -1
v -1.9 0.8 -1
v -1.9 0.9 -1
v -1.9 2.3 -1
v -1.9 2.4 -1
v -1.2 3.1 -1
v -1.2 3.2 -1
v -1.1 3.1 -1
v -1.1 3.2 -1
v 1.1 3.1 -1
v 1.1 3.2 -1
v 1.2 3.1 -1
v 1.2 3.2 -1
v 1.9 0.8 -1
v 1.9 0.9 -1
v 1.9 2.3 -1
v 1.9 2.4 -1
v 2 0.8 -1
v 2 0.9 -1
v 2 2.3 -1
v 2 2.4 -1
v -2 0.7 -1.1
v -2 0.8 -1.1
v -2 2.4 -1.1
v -2 2.5 -1.1
v -1.9 0.7 -1.1
v -1.9 0.8 -1.1
v -1.9 2.4 -1.1
v -1.9 2.5 -1.1
v -1.3 3.1 -1.1
v -1.3 3.2 -1.1
v -1.2 3.1 -1.1
v -1.2 3.2 -1.1
v 1.2 3.1 -1.1
v 1.2 3.2 -1.1
v 1.3 3.1 -1.1
v 1.3 3.2 -1.1
v 1.9 0.7 -1.1
v 1.9 0.8 -1.1
v 1.9 2.4 -1.1
v 1.9 2.5 -1.1
v 2 0.7 -1.1
v 2 0.8 -1.1
v 2 2.4 -1.1
v 2 2.5 -1.1
v -2 0.6 -1.2
v -2 0.7 -1.2
v -2 2.5 -1.2
v -2 2.6 -1.2
v -1.9 0.6 -1.2
v -1.9 0.7 -1.2
v -1.9 2.5 -1.2
v -1.9 2.6 -1.2
v -1.4 3.1 -1.2
v -1.4 3.2 -1.2
v -1.3 3.1 -1.2
v -1.3 3.2 -1.2
v 1.3 3.1 -1.2
v 1.3 3.2 -1.2
v 1.4 3.1 -1.2
v 1.4 3.2 -1.2
v 1.9 0.6 -1.2
v 1.9 0.7 -1.2
v 1.9 2.5 -1.2
v 1.9 2.6 -1.2
v 2 0.6 -1.2
v 2 0.7 -1.2
v 2 2.5 -1.2
v 2 2.6 -1.2
v -2 0.5 -1.3
v -2 0.6 -1.3
v -2 2.6 -1.3
v -2 2.7 -1.3
v -1.9 0.5 -1.3
v -1.9 0.6 -1.3
v -1.9 2.6 -1.3
v -1.9 2.7 -1.3
v -1.5 3.1 -1.3
v -1.5 3.2 -1.3
v -1.4 3.1 -1.3
v -1.4 3.2 -1.3
v 1.4 3.1 -1.3
v 1.4 3.2 -1.3
v 1.5 3.1 -1.3
v 1.5 3.2 -1.3
v 1.9 0.5 -1.3
v 1.9 0.6 -1.3
v 1.9 2.6 -1.3
v 1.9 2.7 -1.3
v 2 0.5 -1.3
v 2 0.6 -1.3
v 2 2.6 -1.3
v 2 2.7 -1.3
v -2 0.4 -1.4
v -2 0.5 -1.4
v -2 2.7 -1.4
v -2 2.8 -1.4
v -1.9 0.4 -1.4
v -1.9 0.5 -1.4
v -1.9 2.7 -1.4
v -1.9 2.8 -1.4
v -1.6 3.1 -1.4
v -1.6 3.2 -1.4
v -1.5 3.1 -1.4
v -1.5 3.2 -1.4
v 1.5 3.1 -1.4
v 1.5 3.2 -1.4
v 1.6 3.1 -1.4
v 1.6 3.2 -1.4
v 1.9 0.4 -1.4
v 1.9 0.5 -1.4
v 1.9 2.7 -1.4
v 1.9 2.8 -1.4
v 2 0.4 -1.4
v 2 0.5 -1.4
v 2 2.7 -1.4
v 2 2.8 -1.4
v -2 0.3 -1.5
v -2 0.4 -1.5
v -2 2.8 -1.5
v -2 2.9 -1.5
v -1.9 0.3 -1.5
v -1.9 0.4 -1.5
v -1.9 2.8 -1.5
v -1.9 2.9 -1.5
v -1.7 3.1 -1.5
v -1.7 3.2 -1.5
v -1.6 3.1 -1.5
v -1.6 3.2 -1.5
v 1.6 3.1 -1.5
v 1.6 3.2 -1.5
v 1.7 3.1 -1.5
v 1.7 3.2 -1.5
v 1.9 0.3 -1.5
v 1.9 0.4 -1.5
v 1.9 2.8 -1.5
v 1.9 2.9 -1.5
v 2 0.3 -1.5
v 2 0.4 -1.5
v 2 2.8 -1.5
v 2 2.9 -1.5
v -2 0.2 -1.6
v -2 0.3 -1.6
v -2 2.9 -1.6
v -2 3 -1.6
v -1.9 0.2 -1.6
v -1.9 0.3 -1.6
v -1.9 2.9 -1.6
v -1.9 3 -1.6
v -1.6 0.2 -1.6
v -1.6 3 -1.6
v 1.6 0.2 -1.6
v 1.6 3 -1.6
v 1.9 0.2 -1.6
v 1.9 0.3 -1.6
v 1.9 2.9 -1.6
v 1.9 3 -1.6
v 2 0.2 -1.6
v 2 0.3 -1.6
v 2 2.9 -1.6
v 2 3 -1.6
v -1.5 3.1 -1.7
v -1.5 3.2 -1.7
v 1.5 3.1 -1.7
v 1.5 3.2 -1.7
v -2 0.4 -1.8
v -2 2.8 -1.8
v -1.9 0.4 -1.8
v -1.9 2.8 -1.8
v 1.9 0.4 -1.8
v 1.9 2.8 -1.8
v 2 0.4 -1.8
v 2 2.8 -1.8
v -2 0.4 1.8
v -2 2.8 1.8
v -1.9 0.4 1.8
v -1.9 2.8 1.8
v 1.9 0.4 1.8
v 1.9 2.8 1.8
v 2 0.4 1.8
v 2 2.8 1.8
v -1.5 3.1 1.7
v -1.5 3.2 1.7
v 1.5 3.1 1.7
v 1.5 3.2 1.7
v -2 0.2 1.6
v -2 0.3 1.6
v -2 2.9 1.6
v -2 3 1.6
v -1.9 0.2 1.6
v -1.9 0.3 1.6
v -1.9 2.9 1.6
v -1.9 3 1.6
v -1.6 0.2 1.6
v -1.6 3 1.6
v 1.6 0.2 1.6
v 1.6 3 1.6
v 1.9 0.2 1.6
v 1.9 0.3 1.6
v 1.9 2.9 1.6
v 1.9 3 1.6
v 2 0.2 1.6
v 2 0.3 1.6
v 2 2.9 1.6
v 2 3 1.6
v -2 0.3 1.5
v -2 0.4 1.5
v -2 2.8 1.5
v -2 2.9 1.5
v -1.9 0.3 1.5
v -1.9 0.4 1.5
v -1.9 2.8 1.5
v -1.9 2.9 1.5
v -1.7 3.1 1.5
v -1.7 3.2 1.5
v -1.6 3.1 1.5
v -1.6 3.2 1.5
v 1.6 3.1 1.5
v 1.6 3.2 1.5
v 1.7 3.1 1.5
v 1.7 3.2 1.5
v 1.9 0.3 1.5
v 1.9 0.4 1.5
v 1.9 2.8 1.5
v 1.9 2.9 1.5
v 2 0.3 1.5
v 2 0.4 1.5
v 2 2.8 1.5
v 2 2.9 1.5
v -2 0.4 1.4
v -2 0.5 1.4
v -2 2.7 1.4
v -2 2.8 1.4
v -1.9 0.4 1.4
v -1.9 0.5 1.4
v -1.9 2.7 1.4
v -1.9 2.8 1.4
v -1.6 3.1 1.4
v -1.6 3.2 1.4
v -1.5 3.1 1.4
v -1.5 3.2 1.4
v 1.5 3.1 1.4
v 1.5 3.2 1.4
v 1.6 3.1 1.4
v 1.6 3.2 1.4
v 1.9 0.4 1.4
v 1.9 0.5 1.4
v 1.9 2.7 1.4
v 1.9 2.8 1.4
v 2 0.4 1.4
v 2 0.5 1.4
v 2 2.7 1.4
v 2 2.8 1.4
v -2 0.5 1.3
v -2 0.6 1.3
v -2 2.6 1.3
v -2 2.7 1.3
v -1.9 0.5 1.3
v -1.9 0.6 1.3
v -1.9 2.6 1.3
v -1.9 2.7 1.3
v -1.5 3.1 1.3
v -1.5 3.2 1.3
v -1.4 3.1 1.3
v -1.4 3.2 1.3
v 1.4 3.1 1.3
v 1.4 3.2 1.3
v 1.5 3.1 1.3
v 1.5 3.2 1.3
v 1.9 0.5 1.3
v 1.9 0.6 1.3
v 1.9 2.6 1.3
v 1.9 2.7 1.3
v 2 0.5 1.3
v 2 0.6 1.3
v 2 2.6 1.3
v 2 2.7 1.3
v -2 0.6 1.2
v -2 0.7 1.2
v -2 2.5 1.2
v -2 2.6 1.2
v -1.9 0.6 1.2
v -1.9 0.7 1.2
v -1.9 2.5 1.2
v -1.9 2.6 1.2
v -1.4 3.1 1.2
v -1.4 3.2 1.2
v -1.3 3.1 1.2
v -1.3 3.2 1.2
v 1.3 3.1 1.2
v 1.3 3.2 1.2
v 1.4 3.1 1.2
v 1.4 3.2 1.2
v 1.9 0.6 1.2
v 1.9 0.7 1.2
v 1.9 2.5 1.2
v 1.9 2.6 1.2
v 2 0.6 1.2
v 2 0.7 1.2
v 2 2.5 1.2
v 2 2.6 1.2
v -2 0.7 1.1
v -2 0.8 1.1
v -2 2.4 1.1
v -2 2.5 1.1
v -1.9 0.7 1.1
v -1.9 0.8 1.1
v -1.9 2.4 1.1
v -1.9 2.5 1.1
v -1.3 3.1 1.1
v -1.3 3.2 1.1
v -1.2 3.1 1.1
v -1.2 3.2 1.1
v 1.2 3.1 1.1
v 1.2 3.2 1.1
v 1.3 3.1 1.1
v 1.3 3.2 1.1
v 1.9 0.7 1.1
v 1.9 0.8 1.1
v 1.9 2.4 1.1
v 1.9 2.5 1.1
v 2 0.7 1.1
v 2 0.8 1.1
v 2 2.4 1.1
v 2 2.5 1.1
v -2 0.8 1
v -2 0.9 1
v -2 2.3 1
v -2 2.4 1
v -1.9 0.8 1
v -1.9 0.9 1
v -1.9 2.3 1
v -1.9 2.4 1
v -1.2 3.1 1
v -1.2 3.2 1
v -1.1 3.1 1
v -1.1 3.2 1
v 1.1 3.1 1
v 1.1 3.2 1
v 1.2 3.1 1
v 1.2 3.2 1
v 1.9 0.8 1
v 1.9 0.9 1
v 1.9 2.3 1
v 1.9 2.4 1
v 2 0.8 1
v 2 0.9 1
v 2 2.3 1
v 2 2.4 1
v -2 0.9 0.9
v -2 1 0.9
v -2 2.2 0.9
v -2 2.3 0.9
v -1.9 0.9 0.9
v -1.9 1 0.9
v -1.9 2.2 0.9
v -1.9 2.3 0.9
v -1.1 3.1 0.9
v -1.1 3.2 0.9
v -1 3.1 0.9
v -1 3.2 0.9
v 1 3.1 0.9
v 1 3.2 0.9
v 1.1 3.1 0.9
v 1.1 3.2 0.9
v 1.9 0.9 0.9
v 1.9 1 0.9
v 1.9 2.2 0.9
v 1.9 2.3 0.9
v 2 0.9 0.9
v 2 1 0.9
v 2 2.2 0.9
v 2 2.3 0.9
v -2 1 0.8
v -2 1.1 0.8
v -2 2.1 0.8
v -2 2.2 0.8
v -1.9 1 0.8
v -1.9 1.1 0.8
v -1.9 2.1 0.8
v -1.9 2.2 0.8
v -1 3.1 0.8
v -1 3.2 0.8
v -0.9 3.1 0.8
v -0.9 3.2 0.8
v 0.9 3.1 0.8
v 0.9 3.2 0.8
v 1 3.1 0.8
v 1 3.2 0.8
v 1.9 1 0.8
v 1.9 1.1 0.8
v 1.9 2.1 0.8
v 1.9 2.2 0.8
v 2 1 0.8
v 2 1.1 0.8
v 2 2.1 0.8
v 2 2.2 0.8
v -2 1.1 0.7
v -2 1.2 0.7
v -2 2 0.7
v -2 2.1 0.7
v -1.9 1.1 0.7
v -1.9 1.2 0.7
v -1.9 2 0.7
v -1.9 2.1 0.7
v -0.9 3.1 0.7
v -0.9 3.2 0.7
v -0.8 3.1 0.7
v -0.8 3.2 0.7
v 0.8 3.1 0.7
v 0.8 3.2 0.7
v 0.9 3.1 0.7
v 0.9 3.2 0.7
v 1.9 1.1 0.7
v 1.9 1.2 0.7
v 1.9 2 0.7
v 1.9 2.1 0.7
v 2 1.1 0.7
v 2 1.2 0.7
v 2 2 0.7
v 2 2.1 0.7
v -2 1.2 0.6
v -2 1.3 0.6
v -2 1.9 0.6
v -2 2 0.6
v -1.9 1.2 0.6
v -1.9 1.3 0.6
v -1.9 1.9 0.6
v -1.9 2 0.6
v -0.8 3.1 0.6
v -0.8 3.2 0.6
v -0.7 3.1 0.6
v -0.7 3.2 0.6
v 0.7 3.1 0.6
v 0.7 3.2 0.6
v 0.8 3.1 0.6
v 0.8 3.2 0.6
v 1.9 1.2 0.6
v 1.9 1.3 0.6
v 1.9 1.9 0.6
v 1.9 2 0.6
v 2 1.2 0.6
v 2 1.3 0.6
v 2 1.9 0.6
v 2 2 0.6
v -2 1.3 0.5
v -2 1.4 0.5
v -2 1.8 0.5
v -2 1.9 0.5
v -1.9 1.3 0.5
v -1.9 1.4 0.5
v -1.9 1.8 0.5
v -1.9 1.9 0.5
v -0.7 3.1 0.5
v -0.7 3.2 0.5
v -0.6 3.1 0.5
v -0.6 3.2 0.5
v 0.6 3.1 0.5
v 0.6 3.2 0.5
v 0.7 3.1 0.5
v 0.7 3.2 0.5
v 1.9 1.3 0.5
v 1.9 1.4 0.5
v 1.9 1.8 0.5
v 1.9 1.9 0.5
v 2 1.3 0.5
v 2 1.4 0.5
v 2 1.8 0.5
v 2 1.9 0.5
v -2 1.4 0.4
v -2 1.5 0.4
v -2 1.7 0.4
v -2 1.8 0.4
v -1.9 1.4 0.4
v -1.9 1.5 0.4
v -1.9 1.7 0.4
v -1.9 1.8 0.4
v -0.6 3.1 0.4
v -0.6 3.2 0.4
v -0.5 3.1 0.4
v -0.5 3.2 0.4
v 0.5 3.1 0.4
v 0.5 3.2 0.4
v 0.6 3.1 0.4
v 0.6 3.2 0.4
v 1.9 1.4 0.4
v 1.9 1.5 0.4
v 1.9 1.7 0.4
v 1.9 1.8 0.4
v 2 1.4 0.4
v 2 1.5 0.4
v 2 1.7 0.4
v 2 1.8 0.4
v -0.5 3.1 0.3
v -0.5 3.2 0.3
v -0.4 3.1 0.3
v -0.4 3.2 0.3
v 0.4 3.1 0.3
v 0.4 3.2 0.3
v 0.5 3.1 0.3
v 0.5 3.2 0.3
v -0.4 3.1 0.2
v -0.4 3.2 0.2
v -0.3 3.1 0.2
v -0.3 3.2 0.2
v 0.3 3.1 0.2
v 0.3 3.2 0.2
v 0.4 3.1 0.2
v 0.4 3.2 0.2
v -0.3 3.1 0.0999999
v -0.3 3.2 0.0999999
v -0.2 3.1 0.0999999
v -0.2 3.2 0.0999999
v 0.2 3.1 0.0999999
v 0.2 3.2 0.0999999
v 0.3 3.1 0.0999999
v 0.3 3.2 0.0999999
v -2 0.2 -0.1
v -2 1.4 -0.1
v -2 1.8 -0.1
v -2 3 -0.1
v -1.9 0.2 -0.1
v -1.9 0.3 -0.1
v -1.9 0.8 -0.1
v -1.9 1.4 -0.1
v -1.9 1.8 -0.1
v -1.9 2.4 -0.1
v -1.9 2.8 -0.1
v -1.9 3 -0.1
v 1.9 0.2 -0.1
v 1.9 0.3 -0.1
v 1.9 0.8 -0.1
v 1.9 1.4 -0.1
v 1.9 1.8 -0.1
v 1.9 2.4 -0.1
v 1.9 2.8 -0.1
v 1.9 3 -0.1
v 2 0.2 -0.1
v 2 1.4 -0.1
v 2 1.8 -0.1
v 2 3 -0.1
v -2 1.4 -0.2
v -2 1.5 -0.2
v -2 1.7 -0.2
v -2 1.8 -0.2
v -1.9 1.4 -0.2
v -1.9 1.5 -0.2
v -1.9 1.7 -0.2
v -1.9 1.8 -0.2
v -0.0999999 3.1 -0.2
v -0.0999999 3.2 -0.2
v 0.1 3.1 -0.2
v 0.1 3.2 -0.2
v 1.9 1.4 -0.2
v 1.9 1.5 -0.2
v 1.9 1.7 -0.2
v 1.9 1.8 -0.2
v 2 1.4 -0.2
v 2 1.5 -0.2
v 2 1.7 -0.2
v 2 1.8 -0.2
v -0.2 3.1 -0.3
v -0.2 3.2 -0.3
v -0.0999999 3.1 -0.3
v -0.0999999 3.2 -0.3
v 0.1 3.1 -0.3
v 0.1 3.2 -0.3
v 0.2 3.1 -0.3
v 0.2 3.2 -0.3
v -0.3 3.1 -0.4
v -0.3 3.2 -0.4
v -0.2 3.1 -0.4
v -0.2 3.2 -0.4
v 0.2 3.1 -0.4
v 0.2 3.2 -0.4
v 0.3 3.1 -0.4
v 0.3 3.2 -0.4
v -0.4 3.1 -0.5
v -0.4 3.2 -0.5
v -0.3 3.1 -0.5
v -0.3 3.2 -0.5
v 0.3 3.1 -0.5
v 0.3 3.2 -0.5
v 0.4 3.1 -0.5
v 0.4 3.2 -0.5
v -2 1.5 -0.6
v -2 1.7 -0.6
v -1.9 1.5 -0.6
v -1.9 1.7 -0.6
v -0.5 3.1 -0.6
v -0.5 3.2 -0.6
v -0.4 3.1 -0.6
v -0.4 3.2 -0.6
v 0.4 3.1 -0.6
v 0.4 3.2 -0.6
v 0.5 3.1 -0.6
v 0.5 3.2 -0.6
v 1.9 1.5 -0.6
v 1.9 1.7 -0.6
v 2 1.5 -0.6
v 2 1.7 -0.6
v -2 1.4 -0.7
v -2 1.5 -0.7
v -2 1.7 -0.7
v -2 1.8 -0.7
v -1.9 1.4 -0.7
v -1.9 1.5 -0.7
v -1.9 1.7 -0.7
v -1.9 1.8 -0.7
v -0.6 3.1 -0.7
v -0.6 3.2 -0.7
v -0.5 3.1 -0.7
v -0.5 3.2 -0.7
v 0.5 3.1 -0.7
v 0.5 3.2 -0.7
v 0.6 3.1 -0.7
v 0.6 3.2 -0.7
v 1.9 1.4 -0.7
v 1.9 1.5 -0.7
v 1.9 1.7 -0.7
v 1.9 1.8 -0.7
v 2 1.4 -0.7
v 2 1.5 -0.7
v 2 1.7 -0.7
v 2 1.8 -0.7
v -2 1.3 -0.8
v -2 1.4 -0.8
v -2 1.8 -0.8
v -2 1.9 -0.8
v -1.9 1.3 -0.8
v -1.9 1.4 -0.8
v -1.9 1.8 -0.8
v -1.9 1.9 -0.8
v -0.7 3.1 -0.8
v -0.7 3.2 -0.8
v -0.6 3.1 -0.8
v -0.6 3.2 -0.8
v 0.6 3.1 -0.8
v 0.6 3.2 -0.8
v 0.7 3.1 -0.8
v 0.7 3.2 -0.8
v 1.9 1.3 -0.8
v 1.9 1.4 -0.8
v 1.9 1.8 -0.8
v 1.9 1.9 -0.8
v 2 1.3 -0.8
v 2 1.4 -0.8
v 2 1.8 -0.8
v 2 1.9 -0.8
v -2 1.2 -0.9
v -2 1.3 -0.9
v -2 1.9 -0.9
v -2 2 -0.9
v -1.9 1.2 -0.9
v -1.9 1.3 -0.9
v -1.9 1.9 -0.9
v -1.9 2 -0.9
v -0.8 3.1 -0.9
v -0.8 3.2 -0.9
v -0.7 3.1 -0.9
v -0.7 3.2 -0.9
v 0.7 3.1 -0.9
v 0.7 3.2 -0.9
v 0.8 3.1 -0.9
v 0.8 3.2 -0.9
v 1.9 1.2 -0.9
v 1.9 1.3 -0.9
v 1.9 1.9 -0.9
v 1.9 2 -0.9
v 2 1.2 -0.9
v 2 1.3 -0.9
v 2 1.9 -0.9
v 2 2 -0.9
v -2 1.1 -1
v -2 1.2 -1
v -2 2 -1
v -2 2.1 -1
v -1.9 1.1 -1
v -1.9 1.2 -1
v -1.9 2 -1
v -1.9 2.1 -1
v -0.9 3.1 -1
v -0.9 3.2 -1
v -0.8 3.1 -1
v -0.8 3.2 -1
v 0.8 3.1 -1
v 0.8 3.2 -1
v 0.9 3.1 -1
v 0.9 3.2 -1
v 1.9 1.1 -1
v 1.9 1.2 -1
v 1.9 2 -1
v 1.9 2.1 -1
v 2 1.1 -1
v 2 1.2 -1
v 2 2 -1
v 2 2.1 -1
v -2 1 -1.1
v -2 1.1 -1.1
v -2 2.1 -1.1
v -2 2.2 -1.1
v -1.9 1 -1.1
v -1.9 1.1 -1.1
v -1.9 2.1 -1.1
v -1.9 2.2 -1.1
v -1 3.1 -1.1
v -1 3.2 -1.1
v -0.9 3.1 -1.1
v -0.9 3.2 -1.1
v 0.9 3.1 -1.1
v 0.9 3.2 -1.1
v 1 3.1 -1.1
v 1 3.2 -1.1
v 1.9 1 -1.1
v 1.9 1.1 -1.1
v 1.9 2.1 -1.1
v 1.9 2.2 -1.1
v 2 1 -1.1
v 2 1.1 -1.1
v 2 2.1 -1.1
v 2 2.2 -1.1
v -2 0.9 -1.2
v -2 1 -1.2
v -2 2.2 -1.2
v -2 2.3 -1.2
v -1.9 0.9 -1.2
v -1.9 1 -1.2
v -1.9 2.2 -1.2
v -1.9 2.3 -1.2
v -1.1 3.1 -1.2
v -1.1 3.2 -1.2
v -1 3.1 -1.2
v -1 3.2 -1.2
v 1 3.1 -1.2
v 1 3.2 -1.2
v 1.1 3.1 -1.2
v 1.1 3.2 -1.2
v 1.9 0.9 -1.2
v 1.9 1 -1.2
v 1.9 2.2 -1.2
v 1.9 2.3 -1.2
v 2 0.9 -1.2
v 2 1 -1.2
v 2 2.2 -1.2
v 2 2.3 -1.2
v -2 0.8 -1.3
v -2 0.9 -1.3
v -2 2.3 -1.3
v -2 2.4 -1.3
v -1.9 0.8 -1.3
v -1.9 0.9 -1.3
v -1.9 2.3 -1.3
v -1.9 2.4 -1.3
v -1.2 3.1 -1.3
v -1.2 3.2 -1.3
v -1.1 3.1 -1.3
v -1.1 3.2 -1.3
v 1.1 3.1 -1.3
v 1.1 3.2 -1.3
v 1.2 3.1 -1.3
v 1.2 3.2 -1.3
v 1.9 0.8 -1.3
v 1.9 0.9 -1.3
v 1.9 2.3 -1.3
v 1.9 2.4 -1.3
v 2 0.8 -1.3
v 2 0.9 -1.3
v 2 2.3 -1.3
v 2 2.4 -1.3
v -2 0.7 -1.4
v -2 0.8 -1.4
v -2 2.4 -1.4
v -2 2.5 -1.4
v -1.9 0.7 -1.4
v -1.9 0.8 -1.4
v -1.9 2.4 -1.4
v -1.9 2.5 -1.4
v -1.3 3.1 -1.4
v -1.3 3.2 -1.4
v -1.2 3.1 -1.4
v -1.2 3.2 -1.4
v 1.2 3.1 -1.4
v 1.2 3.2 -1.4
v 1.3 3.1 -1.4
v 1.3 3.2 -1.4
v 1.9 0.7 -1.4
v 1.9 0.8 -1.4
v 1.9 2.4 -1.4
v 1.9 2.5 -1.4
v 2 0.7 -1.4
v 2 0.8 -1.4
v 2 2.4 -1.4
v 2 2.5 -1.4
v -2 0.6 -1.5
v -2 0.7 -1.5
v -2 2.5 -1.5
v -2 2.6 -1.5
v -1.9 0.6 -1.5
v -1.9 0.7 -1.5
v -1.9 2.5 -1.5
v -1.9 2.6 -1.5
v -1.4 3.1 -1.5
v -1.4 3.2 -1.5
v -1.3 3.1 -1.5
v -1.3 3.2 -1.5
v 1.3 3.1 -1.5
v 1.3 3.2 -1.5
v 1.4 3.1 -1.5
v 1.4 3.2 -1.5
v 1.9 0.6 -1.5
v 1.9 0.7 -1.5
v 1.9 2.5 -1.5
v 1.9 2.6 -1.5
v 2 0.6 -1.5
v 2 0.7 -1.5
v 2 2.5 -1.5
v 2 2.6 -1.5
v -2 0.5 -1.6
v -2 0.6 -1.6
v -2 2.6 -1.6
v -2 2.7 -1.6
v -1.9 0.5 -1.6
v -1.9 0.6 -1.6
v -1.9 2.6 -1.6
v -1.9 2.7 -1.6
v -1.5 3.1 -1.6
v -1.5 3.2 -1.6
v -1.4 3.1 -1.6
v -1.4 3.2 -1.6
v 1.4 3.1 -1.6
v 1.4 3.2 -1.6
v 1.5 3.1 -1.6
v 1.5 3.2 -1.6
v 1.9 0.5 -1.6
v 1.9 0.6 -1.6
v 1.9 2.6 -1.6
v 1.9 2.7 -1.6
v 2 0.5 -1.6
v 2 0.6 -1.6
v 2 2.6 -1.6
v 2 2.7 -1.6
v -2 0.4 -1.7
v -2 0.5 -1.7
v -2 2.7 -1.7
v -2 2.8 -1.7
v -1.9 0.4 -1.7
v -1.9 0.5 -1.7
v -1.9 2.7 -1.7
v -1.9 2.8 -1.7
v 1.9 0.4 -1.7
v 1.9 0.5 -1.7
v 1.9 2.7 -1.7
v 1.9 2.8 -1.7
v 2 0.4 -1.7
v 2 0.5 -1.7
v 2 2.7 -1.7
v 2 2.8 -1.7
v -1.8 0.4 -1.9
v -1.8 2.8 -1.9
v -1.7 0.4 -1.9
v -1.7 0.5 -1.9
v -1.7 0.9 -1.9
v -1.7 1.3 -1.9
v -1.7 2.7 -1.9
v -1.7 2.8 -1.9
v -1.6 0.2 -1.9
v -1.6 0.3 -1.9
v -1.6 0.5 -1.9
v -1.6 0.6 -1.9
v -1.6 0.9 -1.9
v -1.6 1.3 -1.9
v -1.6 2.3 -1.9
v -1.6 2.6 -1.9
v -1.6 2.7 -1.9
v -1.6 2.9 -1.9
v -1.6 3 -1.9
v -1.5 0.3 -1.9
v -1.5 0.4 -1.9
v -1.5 0.6 -1.9
v -1.5 0.7 -1.9
v -1.5 1.1 -1.9
v -1.5 2.1 -1.9
v -1.5 2.3 -1.9
v -1.5 2.5 -1.9
v -1.5 2.6 -1.9
v -1.5 2.8 -1.9
v -1.5 2.9 -1.9
v -1.4 0.3 -1.9
v -1.4 0.4 -1.9
v -1.4 0.5 -1.9
v -1.4 0.7 -1.9
v -1.4 0.8 -1.9
v -1.4 1.1 -1.9
v -1.4 2.1 -1.9
v -1.4 2.4 -1.9
v -1.4 2.5 -1.9
v -1.4 2.7 -1.9
v -1.4 2.8 -1.9
v -1.4 2.9 -1.9
v -1.3 0.5 -1.9
v -1.3 0.6 -1.9
v -1.3 0.8 -1.9
v -1.3 0.9 -1.9
v -1.3 2.3 -1.9
v -1.3 2.4 -1.9
v -1.3 2.6 -1.9
v -1.3 2.7 -1.9
v -1.2 0.6 -1.9
v -1.2 0.7 -1.9
v -1.2 0.9 -1.9
v -1.2 1 -1.9
v -1.2 2.2 -1.9
v -1.2 2.3 -1.9
v -1.2 2.5 -1.9
v -1.2 2.6 -1.9
v -1.1 0.6 -1.9
v -1.1 0.7 -1.9
v -1.1 0.8 -1.9
v -1.1 1 -1.9
v -1.1 1.1 -1.9
v -1.1 2.1 -1.9
v -1.1 2.2 -1.9
v -1.1 2.4 -1.9
v -1.1 2.5 -1.9
v -1.1 2.6 -1.9
v -1 0.3 -1.9
v -1 0.4 -1.9
v -1 0.7 -1.9
v -1 0.8 -1.9
v -1 0.9 -1.9
v -1 1.1 -1.9
v -1 1.2 -1.9
v -1 1.8 -1.9
v -1 2 -1.9
v -1 2.1 -1.9
v -1 2.3 -1.9
v -1 2.4 -1.9
v -1 2.7 -1.9
v -1 2.9 -1.9
v -0.9 0.4 -1.9
v -0.9 0.8 -1.9
v -0.9 0.9 -1.9
v -0.9 1 -1.9
v -0.9 1.2 -1.9
v -0.9 1.3 -1.9
v -0.9 1.8 -1.9
v -0.9 1.9 -1.9
v -0.9 2 -1.9
v -0.9 2.2 -1.9
v -0.9 2.3 -1.9
v -0.9 2.7 -1.9
v -0.8 0.8 -1.9
v -0.8 1 -1.9
v -0.8 1.1 -1.9
v -0.8 1.3 -1.9
v -0.8 1.4 -1.9
v -0.8 1.8 -1.9
v -0.8 1.9 -1.9
v -0.8 2.1 -1.9
v -0.8 2.2 -1.9
v -0.7 1.1 -1.9
v -0.7 1.2 -1.9
v -0.7 1.4 -1.9
v -0.7 1.5 -1.9
v -0.7 1.7 -1.9
v -0.7 1.8 -1.9
v -0.7 2 -1.9
v -0.7 2.1 -1.9
v -0.6 1.2 -1.9
v -0.6 1.3 -1.9
v -0.6 1.5 -1.9
v -0.6 1.6 -1.9
v -0.6 1.7 -1.9
v -0.6 1.9 -1.9
v -0.6 2 -1.9
v -0.5 1.1 -1.9
v -0.5 1.3 -1.9
v -0.5 1.4 -1.9
v -0.5 1.8 -1.9
v -0.5 1.9 -1.9
v -0.5 2.1 -1.9
v -0.4 0.6 -1.9
v -0.4 1.1 -1.9
v -0.4 1.4 -1.9
v -0.4 1.5 -1.9
v -0.4 1.7 -1.9
v -0.4 1.8 -1.9
v -0.4 2.1 -1.9
v -0.4 2.4 -1.9
v -0.3 0.4 -1.9
v -0.3 0.6 -1.9
v -0.3 1.2 -1.9
v -0.3 1.5 -1.9
v -0.3 1.7 -1.9
v -0.3 2.2 -1.9
v -0.3 2.4 -1.9
v -0.3 2.8 -1.9
v -0.2 0.3 -1.9
v -0.2 0.4 -1.9
v -0.2 0.8 -1.9
v -0.2 1.2 -1.9
v -0.2 1.4 -1.9
v -0.2 1.5 -1.9
v -0.2 1.7 -1.9
v -0.2 1.8 -1.9
v -0.2 2.2 -1.9
v -0.2 2.4 -1.9
v -0.0999999 0.2 -1.9
v -0.0999999 0.3 -1.9
v -0.0999999 0.8 -1.9
v -0.0999999 1.4 -1.9
v -0.0999999 1.8 -1.9
v -0.0999999 2.4 -1.9
v -0.0999999 2.8 -1.9
v -0.0999999 3 -1.9
v 0.1 0.2 -1.9
v 0.1 0.3 -1.9
v 0.1 0.8 -1.9
v 0.1 1.4 -1.9
v 0.1 1.8 -1.9
v 0.1 2.5 -1.9
v 0.1 2.8 -1.9
v 0.1 3 -1.9
v 0.2 0.3 -1.9
v 0.2 0.4 -1.9
v 0.2 0.8 -1.9
v 0.2 1.2 -1.9
v 0.2 1.4 -1.9
v 0.2 1.5 -1.9
v 0.2 1.7 -1.9
v 0.2 1.8 -1.9
v 0.2 2.1 -1.9
v 0.2 2.5 -1.9
v 0.3 0.4 -1.9
v 0.3 0.8 -1.9
v 0.3 1.2 -1.9
v 0.3 1.5 -1.9
v 0.3 1.7 -1.9
v 0.3 2.1 -1.9
v 0.3 2.5 -1.9
v 0.3 2.8 -1.9
v 0.4 0.8 -1.9
v 0.4 1.3 -1.9
v 0.4 1.4 -1.9
v 0.4 1.5 -1.9
v 0.4 1.7 -1.9
v 0.4 1.8 -1.9
v 0.4 2.1 -1.9
v 0.4 2.5 -1.9
v 0.5 1.3 -1.9
v 0.5 1.4 -1.9
v 0.5 1.8 -1.9
v 0.5 1.9 -1.9
v 0.5 2.1 -1.9
v 0.6 1.2 -1.9
v 0.6 1.3 -1.9
v 0.6 1.5 -1.9
v 0.6 1.6 -1.9
v 0.6 1.7 -1.9
v 0.6 1.9 -1.9
v 0.6 2 -1.9
v 0.7 1.1 -1.9
v 0.7 1.2 -1.9
v 0.7 1.4 -1.9
v 0.7 1.5 -1.9
v 0.7 1.7 -1.9
v 0.7 1.8 -1.9
v 0.7 2 -1.9
v 0.7 2.1 -1.9
v 0.8 1 -1.9
v 0.8 1.1 -1.9
v 0.8 1.3 -1.9
v 0.8 1.4 -1.9
v 0.8 1.8 -1.9
v 0.8 1.9 -1.9
v 0.8 2.1 -1.9
v 0.8 2.2 -1.9
v 0.9 0.6 -1.9
v 0.9 0.9 -1.9
v 0.9 1 -1.9
v 0.9 1.2 -1.9
v 0.9 1.3 -1.9
v 0.9 1.9 -1.9
v 0.9 2 -1.9
v 0.9 2.2 -1.9
v 0.9 2.3 -1.9
v 0.9 2.7 -1.9
v 1 0.4 -1.9
v 1 0.6 -1.9
v 1 0.8 -1.9
v 1 0.9 -1.9
v 1 1.1 -1.9
v 1 1.2 -1.9
v 1 2 -1.9
v 1 2.1 -1.9
v 1 2.3 -1.9
v 1 2.4 -1.9
v 1 2.7 -1.9
v 1 2.9 -1.9
v 1.1 0.3 -1.9
v 1.1 0.4 -1.9
v 1.1 0.6 -1.9
v 1.1 0.7 -1.9
v 1.1 0.8 -1.9
v 1.1 1 -1.9
v 1.1 1.1 -1.9
v 1.1 2.1 -1.9
v 1.1 2.2 -1.9
v 1.1 2.4 -1.9
v 1.1 2.5 -1.9
v 1.1 2.6 -1.9
v 1.2 0.6 -1.9
v 1.2 0.7 -1.9
v 1.2 0.9 -1.9
v 1.2 1 -1.9
v 1.2 2.2 -1.9
v 1.2 2.3 -1.9
v 1.2 2.5 -1.9
v 1.2 2.6 -1.9
v 1.3 0.3 -1.9
v 1.3 0.4 -1.9
v 1.3 0.5 -1.9
v 1.3 0.6 -1.9
v 1.3 0.8 -1.9
v 1.3 0.9 -1.9
v 1.3 2.3 -1.9
v 1.3 2.4 -1.9
v 1.3 2.6 -1.9
v 1.3 2.7 -1.9
v 1.4 0.4 -1.9
v 1.4 0.5 -1.9
v 1.4 0.7 -1.9
v 1.4 0.8 -1.9
v 1.4 1.2 -1.9
v 1.4 2 -1.9
v 1.4 2.4 -1.9
v 1.4 2.5 -1.9
v 1.4 2.7 -1.9
v 1.4 2.8 -1.9
v 1.4 2.9 -1.9
v 1.5 0.3 -1.9
v 1.5 0.4 -1.9
v 1.5 0.6 -1.9
v 1.5 0.7 -1.9
v 1.5 1 -1.9
v 1.5 1.2 -1.9
v 1.5 2 -1.9
v 1.5 2.3 -1.9
v 1.5 2.5 -1.9
v 1.5 2.6 -1.9
v 1.5 2.8 -1.9
v 1.5 2.9 -1.9
v 1.6 0.2 -1.9
v 1.6 0.3 -1.9
v 1.6 0.5 -1.9
v 1.6 0.6 -1.9
v 1.6 1 -1.9
v 1.6 1.5 -1.9
v 1.6 1.9 -1.9
v 1.6 2.3 -1.9
v 1.6 2.6 -1.9
v 1.6 2.7 -1.9
v 1.6 2.9 -1.9
v 1.6 3 -1.9
v 1.7 0.4 -1.9
v 1.7 0.5 -1.9
v 1.7 1.5 -1.9
v 1.7 1.9 -1.9
v 1.7 2.7 -1.9
v 1.7 2.8 -1.9
v 1.8 0.4 -1.9
v 1.8 2.8 -1.9
v -2 0 -2
v -2 0.2 -2
v -2 3.2 -2
v -1.9 0.1 -2
v -1.9 0.2 -2
v -1.9 0.3 -2
v -1.9 3 -2
v -1.8 0.3 -2
v -1.8 0.4 -2
v -1.8 2.8 -2
v -1.8 2.9 -2
v -1.8 3 -2
v -1.7 0.2 -2
v -1.7 0.3 -2
v -1.7 0.4 -2
v -1.7 0.5 -2
v -1.7 2.7 -2
v -1.7 2.8 -2
v -1.7 2.9 -2
v -1.6 0.2 -2
v -1.6 0.3 -2
v -1.6 0.4 -2
v -1.6 0.5 -2
v -1.6 0.6 -2
v -1.6 2.6 -2
v -1.6 2.7 -2
v -1.6 2.8 -2
v -1.6 2.9 -2
v -1.6 3 -2
v -1.6 3.1 -2
v -1.5 0.3 -2
v -1.5 0.4 -2
v -1.5 0.5 -2
v -1.5 0.6 -2
v -1.5 0.7 -2
v -1.5 2.5 -2
v -1.5 2.6 -2
v -1.5 2.7 -2
v -1.5 2.8 -2
v -1.5 2.9 -2
v -1.4 0.4 -2
v -1.4 0.5 -2
v -1.4 0.6 -2
v -1.4 0.7 -2
v -1.4 0.8 -2
v -1.4 2.4 -2
v -1.4 2.5 -2
v -1.4 2.6 -2
v -1.4 2.7 -2
v -1.4 2.8 -2
v -1.3 0.5 -2
v -1.3 0.6 -2
v -1.3 0.7 -2
v -1.3 0.8 -2
v -1.3 0.9 -2
v -1.3 2.3 -2
v -1.3 2.4 -2
v -1.3 2.5 -2
v -1.3 2.6 -2
v -1.3 2.7 -2
v -1.2 0.6 -2
v -1.2 0.7 -2
v -1.2 0.8 -2
v -1.2 0.9 -2
v -1.2 1 -2
v -1.2 2.2 -2
v -1.2 2.3 -2
v -1.2 2.4 -2
v -1.2 2.5 -2
v -1.2 2.6 -2
v -1.1 0.7 -2
v -1.1 0.8 -2
v -1.1 0.9 -2
v -1.1 1 -2
v -1.1 1.1 -2
v -1.1 2.1 -2
v -1.1 2.2 -2
v -1.1 2.3 -2
v -1.1 2.4 -2
v -1.1 2.5 -2
v -1 0.8 -2
v -1 0.9 -2
v -1 1 -2
v -1 1.1 -2
v -1 1.2 -2
v -1 2 -2
v -1 2.1 -2
v -1 2.2 -2
v -1 2.3 -2
v -1 2.4 -2
v -0.9 0.9 -2
v -0.9 1 -2
v -0.9 1.1 -2
v -0.9 1.2 -2
v -0.9 1.3 -2
v -0.9 1.9 -2
v -0.9 2 -2
v -0.9 2.1 -2
v -0.9 2.2 -2
v -0.9 2.3 -2
v -0.8 1 -2
v -0.8 1.1 -2
v -0.8 1.2 -2
v -0.8 1.3 -2
v -0.8 1.4 -2
v -0.8 1.8 -2
v -0.8 1.9 -2
v -0.8 2 -2
v -0.8 2.1 -2
v -0.8 2.2 -2
v -0.7 1.1 -2
v -0.7 1.2 -2
v -0.7 1.3 -2
v -0.7 1.4 -2
v -0.7 1.5 -2
v -0.7 1.7 -2
v -0.7 1.8 -2
v -0.7 1.9 -2
v -0.7 2 -2
v -0.7 2.1 -2
v -0.6 1.2 -2
v -0.6 1.3 -2
v -0.6 1.4 -2
v -0.6 1.5 -2
v -0.6 1.6 -2
v -0.6 1.7 -2
v -0.6 1.8 -2
v -0.6 1.9 -2
v -0.6 2 -2
v -0.5 1.3 -2
v -0.5 1.4 -2
v -0.5 1.5 -2
v -0.5 1.6 -2
v -0.5 1.7 -2
v -0.5 1.8 -2
v -0.5 1.9 -2
v -0.4 1.4 -2
v -0.4 1.5 -2
v -0.4 1.7 -2
v -0.4 1.8 -2
v -0.2 1.4 -2
v -0.2 1.5 -2
v -0.2 1.7 -2
v -0.2 1.8 -2
v -0.0999999 0.2 -2
v -0.0999999 1.4 -2
v -0.0999999 1.8 -2
v -0.0999999 3 -2
v -0.0999999 3.1 -2
v 0.1 0.2 -2
v 0.1 1.4 -2
v 0.1 1.8 -2
v 0.1 3 -2
v 0.1 3.1 -2
v 0.2 1.4 -2
v 0.2 1.5 -2
v 0.2 1.7 -2
v 0.2 1.8 -2
v 0.4 1.4 -2
v 0.4 1.5 -2
v 0.4 1.7 -2
v 0.4 1.8 -2
v 0.5 1.3 -2
v 0.5 1.4 -2
v 0.5 1.5 -2
v 0.5 1.6 -2
v 0.5 1.7 -2
v 0.5 1.8 -2
v 0.5 1.9 -2
v 0.6 1.2 -2
v 0.6 1.3 -2
v 0.6 1.4 -2
v 0.6 1.5 -2
v 0.6 1.6 -2
v 0.6 1.7 -2
v 0.6 1.8 -2
v 0.6 1.9 -2
v 0.6 2 -2
v 0.7 1.1 -2
v 0.7 1.2 -2
v 0.7 1.3 -2
v 0.7 1.4 -2
v 0.7 1.5 -2
v 0.7 1.7 -2
v 0.7 1.8 -2
v 0.7 1.9 -2
v 0.7 2 -2
v 0.7 2.1 -2
v 0.8 1 -2
v 0.8 1.1 -2
v 0.8 1.2 -2
v 0.8 1.3 -2
v 0.8 1.4 -2
v 0.8 1.8 -2
v 0.8 1.9 -2
v 0.8 2 -2
v 0.8 2.1 -2
v 0.8 2.2 -2
v 0.9 0.9 -2
v 0.9 1 -2
v 0.9 1.1 -2
v 0.9 1.2 -2
v 0.9 1.3 -2
v 0.9 1.9 -2
v 0.9 2 -2
v 0.9 2.1 -2
v 0.9 2.2 -2
v 0.9 2.3 -2
v 1 0.8 -2
v 1 0.9 -2
v 1 1 -2
v 1 1.1 -2
v 1 1.2 -2
v 1 2 -2
v 1 2.1 -2
v 1 2.2 -2
v 1 2.3 -2
v 1 2.4 -2
v 1.1 0.7 -2
v 1.1 0.8 -2
v 1.1 0.9 -2
v 1.1 1 -2
v 1.1 1.1 -2
v 1.1 2.1 -2
v 1.1 2.2 -2
v 1.1 2.3 -2
v 1.1 2.4 -2
v 1.1 2.5 -2
v 1.2 0.6 -2
v 1.2 0.7 -2
v 1.2 0.8 -2
v 1.2 0.9 -2
v 1.2 1 -2
v 1.2 2.2 -2
v 1.2 2.3 -2
v 1.2 2.4 -2
v 1.2 2.5 -2
v 1.2 2.6 -2
v 1.3 0.5 -2
v 1.3 0.6 -2
v 1.3 0.7 -2
v 1.3 0.8 -2
v 1.3 0.9 -2
v 1.3 2.3 -2
v 1.3 2.4 -2
v 1.3 2.5 -2
v 1.3 2.6 -2
v 1.3 2.7 -2
v 1.4 0.4 -2
v 1.4 0.5 -2
v 1.4 0.6 -2
v 1.4 0.7 -2
v 1.4 0.8 -2
v 1.4 2.4 -2
v 1.4 2.5 -2
v 1.4 2.6 -2
v 1.4 2.7 -2
v 1.4 2.8 -2
v 1.5 0.3 -2
v 1.5 0.4 -2
v 1.5 0.5 -2
v 1.5 0.6 -2
v 1.5 0.7 -2
v 1.5 2.5 -2
v 1.5 2.6 -2
v 1.5 2.7 -2
v 1.5 2.8 -2
v 1.5 2.9 -2
v 1.6 0.2 -2
v 1.6 0.3 -2
v 1.6 0.4 -2
v 1.6 0.5 -2
v 1.6 0.6 -2
v 1.6 2.6 -2
v 1.6 2.7 -2
v 1.6 2.8 -2
v 1.6 2.9 -2
v 1.6 3 -2
v 1.6 3.1 -2
v 1.7 0.2 -2
v 1.7 0.3 -2
v 1.7 0.4 -2
v 1.7 0.5 -2
v 1.7 2.7 -2
v 1.7 2.8 -2
v 1.7 2.9 -2
v 1.8 0.3 -2
v 1.8 0.4 -2
v 1.8 2.8 -2
v 1.8 2.9 -2
v 1.8 3 -2
v 1.9 0.1 -2
v 1.9 0.2 -2
v 1.9 0.3 -2
v 1.9 3 -2
v 2 0 -2
v 2 0.2 -2
v 2 3.2 -2
v -2 0 2
v 2 0 2
v -1.9 0 1.9
v 1.9 0 1.9
v -1.9 0 -1.9
v 1.9 0 -1.9
v -2 0 -2
v 2 0 -2
v -1.6 0.3 2
v -1.5 0.3 2
v 1.5 0.3 2
v 1.6 0.3 2
v -1.6 0.3 1.9
v -1.5 0.3 1.9
v 1.5 0.3 1.9
v 1.6 0.3 1.9
v -2 0.3 1.6
v -1.9 0.3 1.6
v 1.9 0.3 1.6
v 2 0.3 1.6
v -2 0.3 1.5
v -1.9 0.3 1.5
v 1.9 0.3 1.5
v 2 0.3 1.5
v -2 0.3 -1.5
v -1.9 0.3 -1.5
v 1.9 0.3 -1.5
v 2 0.3 -1.5
v -2 0.3 -1.6
v -1.9 0.3 -1.6
v 1.9 0.3 -1.6
v 2 0.3 -1.6
v -1.6 0.3 -1.9
v -1.5 0.3 -1.9
v 1.5 0.3 -1.9
v 1.6 0.3 -1.9
v -1.6 0.3 -2
v -1.5 0.3 -2
v 1.5 0.3 -2
v 1.6 0.3 -2
v -1.5 0.4 2
v -1.4 0.4 2
v 1.4 0.4 2
v 1.5 0.4 2
v -1.5 0.4 1.9
v -1.4 0.4 1.9
v 1.4 0.4 1.9
v 1.5 0.4 1.9
v -2 0.4 1.5
v -1.9 0.4 1.5
v 1.9 0.4 1.5
v 2 0.4 1.5
v -2 0.4 1.4
v -1.9 0.4 1.4
v 1.9 0.4 1.4
v 2 0.4 1.4
v -2 0.4 -1.4
v -1.9 0.4 -1.4
v 1.9 0.4 -1.4
v 2 0.4 -1.4
v -2 0.4 -1.5
v -1.9 0.4 -1.5
v 1.9 0.4 -1.5
v 2 0.4 -1.5
v -1.5 0.4 -1.9
v -1.4 0.4 -1.9
v 1.4 0.4 -1.9
v 1.5 0.4 -1.9
v -1.5 0.4 -2
v -1.4 0.4 -2
v 1.4 0.4 -2
v 1.5 0.4 -2
v -1.4 0.5 2
v -1.3 0.5 2
v 1.3 0.5 2
v 1.4 0.5 2
v -1.4 0.5 1.9
v -1.3 0.5 1.9
v 1.3 0.5 1.9
v 1.4 0.5 1.9
v -2 0.5 1.4
v -1.9 0.5 1.4
v 1.9 0.5 1.4
v 2 0.5 1.4
v -2 0.5 1.3
v -1.9 0.5 1.3
v 1.9 0.5 1.3
v 2 0.5 1.3
v -2 0.5 -1.3
v -1.9 0.5 -1.3
v 1.9 0.5 -1.3
v 2 0.5 -1.3
v -2 0.5 -1.4
v -1.9 0.5 -1.4
v 1.9 0.5 -1.4
v 2 0.5 -1.4
v -1.4 0.5 -1.9
v -1.3 0.5 -1.9
v 1.3 0.5 -1.9
v 1.4 0.5 -1.9
v -1.4 0.5 -2
v -1.3 0.5 -2
v 1.3 0.5 -2
v 1.4 0.5 -2
v -1.3 0.6 2
v -1.2 0.6 2
v 1.2 0.6 2
v 1.3 0.6 2
v -1.3 0.6 1.9
v -1.2 0.6 1.9
v 1.2 0.6 1.9
v 1.3 0.6 1.9
v -2 0.6 1.3
v -1.9 0.6 1.3
v 1.9 0.6 1.3
v 2 0.6 1.3
v -2 0.6 1.2
v -1.9 0.6 1.2
v 1.9 0.6 1.2
v 2 0.6 1.2
v -2 0.6 -1.2
v -1.9 0.6 -1.2
v 1.9 0.6 -1.2
v 2 0.6 -1.2
v -2 0.6 -1.3
v -1.9 0.6 -1.3
v 1.9 0.6 -1.3
v 2 0.6 -1.3
v -1.3 0.6 -1.9
v -1.2 0.6 -1.9
v 1.2 0.6 -1.9
v 1.3 0.6 -1.9
v -1.3 0.6 -2
v -1.2 0.6 -2
v 1.2 0.6 -2
v 1.3 0.6 -2
v -1.2 0.7 2
v -1.1 0.7 2
v 1.1 0.7 2
v 1.2 0.7 2
v -1.2 0.7 1.9
v -1.1 0.7 1.9
v 1.1 0.7 1.9
v 1.2 0.7 1.9
v -2 0.7 1.2
v -1.9 0.7 1.2
v 1.9 0.7 1.2
v 2 0.7 1.2
v -2 0.7 1.1
v -1.9 0.7 1.1
v 1.9 0.7 1.1
v 2 0.7 1.1
v -2 0.7 -1.1
v -1.9 0.7 -1.1
v 1.9 0.7 -1.1
v 2 0.7 -1.1
v -2 0.7 -1.2
v -1.9 0.7 -1.2
v 1.9 0.7 -1.2
v 2 0.7 -1.2
v -1.2 0.7 -1.9
v -1.1 0.7 -1.9
v 1.1 0.7 -1.9
v 1.2 0.7 -1.9
v -1.2 0.7 -2
v -1.1 0.7 -2
v 1.1 0.7 -2
v 1.2 0.7 -2
v -1.1 0.8 2
v -1 0.8 2
v 1 0.8 2
v 1.1 0.8 2
v -1.1 0.8 1.9
v -1 0.8 1.9
v 1 0.8 1.9
v 1.1 0.8 1.9
v -2 0.8 1.1
v -1.9 0.8 1.1
v 1.9 0.8 1.1
v 2 0.8 1.1
v -2 0.8 1
v -1.9 0.8 1
v 1.9 0.8 1
v 2 0.8 1
v -2 0.8 -1
v -1.9 0.8 -1
v 1.9 0.8 -1
v 2 0.8 -1
v -2 0.8 -1.1
v -1.9 0.8 -1.1
v 1.9 0.8 -1.1
v 2 0.8 -1.1
v -1.1 0.8 -1.9
v -1 0.8 -1.9
v 1 0.8 -1.9
v 1.1 0.8 -1.9
v -1.1 0.8 -2
v -1 0.8 -2
v 1 0.8 -2
v 1.1 0.8 -2
v -1 0.9 2
v -0.9 0.9 2
v 0.9 0.9 2
v 1 0.9 2
v -1 0.9 1.9
v -0.9 0.9 1.9
v 0.9 0.9 1.9
v 1 0.9 1.9
v -2 0.9 1
v -1.9 0.9 1
v 1.9 0.9 1
v 2 0.9 1
v -2 0.9 0.9
v -1.9 0.9 0.9
v 1.9 0.9 0.9
v 2 0.9 0.9
v -2 0.9 -0.9
v -1.9 0.9 -0.9
v 1.9 0.9 -0.9
v 2 0.9 -0.9
v -2 0.9 -1
v -1.9 0.9 -1
v 1.9 0.9 -1
v 2 0.9 -1
v -1 0.9 -1.9
v -0.9 0.9 -1.9
v 0.9 0.9 -1.9
v 1 0.9 -1.9
v -1 0.9 -2
v -0.9 0.9 -2
v 0.9 0.9 -2
v 1 0.9 -2
v -0.9 1 2
v -0.8 1 2
v 0.8 1 2
v 0.9 1 2
v -0.9 1 1.9
v -0.8 1 1.9
v 0.8 1 1.9
v 0.9 1 1.9
v -2 1 0.9
v -1.9 1 0.9
v 1.9 1 0.9
v 2 1 0.9
v -2 1 0.8
v -1.9 1 0.8
v 1.9 1 0.8
v 2 1 0.8
v -2 1 -0.8
v -1.9 1 -0.8
v 1.9 1 -0.8
v 2 1 -0.8
v -2 1 -0.9
v -1.9 1 -0.9
v 1.9 1 -0.9
v 2 1 -0.9
v -0.9 1 -1.9
v -0.8 1 -1.9
v 0.8 1 -1.9
v 0.9 1 -1.9
v -0.9 1 -2
v -0.8 1 -2
v 0.8 1 -2
v 0.9 1 -2
v -0.8 1.1 2
v -0.7 1.1 2
v 0.7 1.1 2
v 0.8 1.1 2
v -0.8 1.1 1.9
v -0.7 1.1 1.9
v 0.7 1.1 1.9
v 0.8 1.1 1.9
v -2 1.1 0.8
v -1.9 1.1 0.8
v 1.9 1.1 0.8
v 2 1.1 0.8
v -2 1.1 0.7
v -1.9 1.1 0.7
v 1.9 1.1 0.7
v 2 1.1 0.7
v -2 1.1 -0.7
v -1.9 1.1 -0.7
v 1.9 1.1 -0.7
v 2 1.1 -0.7
v -2 1.1 -0.8
v -1.9 1.1 -0.8
v 1.9 1.1 -0.8
v 2 1.1 -0.8
v -0.8 1.1 -1.9
v -0.7 1.1 -1.9
v 0.7 1.1 -1.9
v 0.8 1.1 -1.9
v -0.8 1.1 -2
v -0.7 1.1 -2
v 0.7 1.1 -2
v 0.8 1.1 -2
v -0.7 1.2 2
v -0.6 1.2 2
v 0.6 1.2 2
v 0.7 1.2 2
v -0.7 1.2 1.9
v -0.6 1.2 1.9
v 0.6 1.2 1.9
v 0.7 1.2 1.9
v -2 1.2 0.7
v -1.9 1.2 0.7
v 1.9 1.2 0.7
v 2 1.2 0.7
v -2 1.2 0.6
v -1.9 1.2 0.6
v 1.9 1.2 0.6
v 2 1.2 0.6
v -2 1.2 -0.6
v -1.9 1.2 -0.6
v 1.9 1.2 -0.6
v 2 1.2 -0.6
v -2 1.2 -0.7
v -1.9 1.2 -0.7
v 1.9 1.2 -0.7
v 2 1.2 -0.7
v -0.7 1.2 -1.9
v -0.6 1.2 -1.9
v 0.6 1.2 -1.9
v 0.7 1.2 -1.9
v -0.7 1.2 -2
v -0.6 1.2 -2
v 0.6 1.2 -2
v 0.7 1.2 -2
v -0.6 1.3 2
v -0.5 1.3 2
v 0.5 1.3 2
v 0.6 1.3 2
v -0.6 1.3 1.9
v -0.5 1.3 1.9
v 0.5 1.3 1.9
v 0.6 1.3 1.9
v -2 1.3 0.6
v -1.9 1.3 0.6
v 1.9 1.3 0.6
v 2 1.3 0.6
v -2 1.3 0.5
v -1.9 1.3 0.5
v 1.9 1.3 0.5
v 2 1.3 0.5
v -2 1.3 -0.5
v -1.9 1.3 -0.5
v 1.9 1.3 -0.5
v 2 1.3 -0.5
v -2 1.3 -0.6
v -1.9 1.3 -0.6
v 1.9 1.3 -0.6
v 2 1.3 -0.6
v -0.6 1.3 -1.9
v -0.5 1.3 -1.9
v 0.5 1.3 -1.9
v 0.6 1.3 -1.9
v -0.6 1.3 -2
v -0.5 1.3 -2
v 0.5 1.3 -2
v 0.6 1.3 -2
v -0.5 1.4 2
v -0.4 1.4 2
v -0.2 1.4 2
v -0.0999999 1.4 2
v 0.1 1.4 2
v 0.2 1.4 2
v 0.4 1.4 2
v 0.5 1.4 2
v -0.5 1.4 1.9
v -0.4 1.4 1.9
v -0.2 1.4 1.9
v -0.0999999 1.4 1.9
v 0.1 1.4 1.9
v 0.2 1.4 1.9
v 0.4 1.4 1.9
v 0.5 1.4 1.9
v -2 1.4 0.5
v -1.9 1.4 0.5
v 1.9 1.4 0.5
v 2 1.4 0.5
v -2 1.4 0.4
v -1.9 1.4 0.4
v 1.9 1.4 0.4
v 2 1.4 0.4
v -2 1.4 0.2
v -1.9 1.4 0.2
v 1.9 1.4 0.2
v 2 1.4 0.2
v -2 1.4 0.0999999
v -1.9 1.4 0.0999999
v 1.9 1.4 0.0999999
v 2 1.4 0.0999999
v -2 1.4 -0.1
v -1.9 1.4 -0.1
v 1.9 1.4 -0.1
v 2 1.4 -0.1
v -2 1.4 -0.2
v -1.9 1.4 -0.2
v 1.9 1.4 -0.2
v 2 1.4 -0.2
v -2 1.4 -0.4
v -1.9 1.4 -0.4
v 1.9 1.4 -0.4
v 2 1.4 -0.4
v -2 1.4 -0.5
v -1.9 1.4 -0.5
v 1.9 1.4 -0.5
v 2 1.4 -0.5
v -0.5 1.4 -1.9
v -0.4 1.4 -1.9
v -0.2 1.4 -1.9
v -0.0999999 1.4 -1.9
v 0.1 1.4 -1.9
v 0.2 1.4 -1.9
v 0.4 1.4 -1.9
v 0.5 1.4 -1.9
v -0.5 1.4 -2
v -0.4 1.4 -2
v -0.2 1.4 -2
v -0.0999999 1.4 -2
v 0.1 1.4 -2
v 0.2 1.4 -2
v 0.4 1.4 -2
v 0.5 1.4 -2
v -0.4 1.5 2
v -0.2 1.5 2
v 0.2 1.5 2
v 0.4 1.5 2
v -0.4 1.5 1.9
v -0.3 1.5 1.9
v -0.2 1.5 1.9
v 0.2 1.5 1.9
v 0.3 1.5 1.9
v 0.4 1.5 1.9
v -2 1.5 0.4
v -1.9 1.5 0.4
v 1.9 1.5 0.4
v 2 1.5 0.4
v -1.9 1.5 0.3
v 1.9 1.5 0.3
v -2 1.5 0.2
v -1.9 1.5 0.2
v 1.9 1.5 0.2
v 2 1.5 0.2
v -2 1.5 -0.2
v -1.9 1.5 -0.2
v 1.9 1.5 -0.2
v 2 1.5 -0.2
v -1.9 1.5 -0.3
v 1.9 1.5 -0.3
v -2 1.5 -0.4
v -1.9 1.5 -0.4
v 1.9 1.5 -0.4
v 2 1.5 -0.4
v -0.4 1.5 -1.9
v -0.3 1.5 -1.9
v -0.2 1.5 -1.9
v 0.2 1.5 -1.9
v 0.3 1.5 -1.9
v 0.4 1.5 -1.9
v -0.4 1.5 -2
v -0.2 1.5 -2
v 0.2 1.5 -2
v 0.4 1.5 -2
v -0.7 1.7 2
v -0.6 1.7 2
v 0.6 1.7 2
v 0.7 1.7 2
v -0.7 1.7 1.9
v -0.6 1.7 1.9
v 0.6 1.7 1.9
v 0.7 1.7 1.9
v -2 1.7 0.7
v -1.9 1.7 0.7
v 1.9 1.7 0.7
v 2 1.7 0.7
v -2 1.7 0.6
v -1.9 1.7 0.6
v 1.9 1.7 0.6
v 2 1.7 0.6
v -2 1.7 -0.6
v -1.9 1.7 -0.6
v 1.9 1.7 -0.6
v 2 1.7 -0.6
v -2 1.7 -0.7
v -1.9 1.7 -0.7
v 1.9 1.7 -0.7
v 2 1.7 -0.7
v -0.7 1.7 -1.9
v -0.6 1.7 -1.9
v 0.6 1.7 -1.9
v 0.7 1.7 -1.9
v -0.7 1.7 -2
v -0.6 1.7 -2
v 0.6 1.7 -2
v 0.7 1.7 -2
v -0.8 1.8 2
v -0.7 1.8 2
v 0.7 1.8 2
v 0.8 1.8 2
v -0.8 1.8 1.9
v -0.7 1.8 1.9
v 0.7 1.8 1.9
v 0.8 1.8 1.9
v -2 1.8 0.8
v -1.9 1.8 0.8
v 1.9 1.8 0.8
v 2 1.8 0.8
v -2 1.8 0.7
v -1.9 1.8 0.7
v 1.9 1.8 0.7
v 2 1.8 0.7
v -2 1.8 -0.7
v -1.9 1.8 -0.7
v 1.9 1.8 -0.7
v 2 1.8 -0.7
v -2 1.8 -0.8
v -1.9 1.8 -0.8
v 1.9 1.8 -0.8
v 2 1.8 -0.8
v -0.8 1.8 -1.9
v -0.7 1.8 -1.9
v 0.7 1.8 -1.9
v 0.8 1.8 -1.9
v -0.8 1.8 -2
v -0.7 1.8 -2
v 0.7 1.8 -2
v 0.8 1.8 -2
v -0.9 1.9 2
v -0.8 1.9 2
v 0.8 1.9 2
v 0.9 1.9 2
v -0.9 1.9 1.9
v -0.8 1.9 1.9
v 0.8 1.9 1.9
v 0.9 1.9 1.9
v -2 1.9 0.9
v -1.9 1.9 0.9
v 1.9 1.9 0.9
v 2 1.9 0.9
v -2 1.9 0.8
v -1.9 1.9 0.8
v 1.9 1.9 0.8
v 2 1.9 0.8
v -2 1.9 -0.8
v -1.9 1.9 -0.8
v 1.9 1.9 -0.8
v 2 1.9 -0.8
v -2 1.9 -0.9
v -1.9 1.9 -0.9
v 1.9 1.9 -0.9
v 2 1.9 -0.9
v -0.9 1.9 -1.9
v -0.8 1.9 -1.9
v 0.8 1.9 -1.9
v 0.9 1.9 -1.9
v -0.9 1.9 -2
v -0.8 1.9 -2
v 0.8 1.9 -2
v 0.9 1.9 -2
v -1 2 2
v -0.9 2 2
v 0.9 2 2
v 1 2 2
v -1 2 1.9
v -0.9 2 1.9
v 0.9 2 1.9
v 1 2 1.9
v -2 2 1
v -1.9 2 1
v 1.9 2 1
v 2 2 1
v -2 2 0.9
v -1.9 2 0.9
v 1.9 2 0.9
v 2 2 0.9
v -2 2 -0.9
v -1.9 2 -0.9
v 1.9 2 -0.9
v 2 2 -0.9
v -2 2 -1
v -1.9 2 -1
v 1.9 2 -1
v 2 2 -1
v -1 2 -1.9
v -0.9 2 -1.9
v 0.9 2 -1.9
v 1 2 -1.9
v -1 2 -2
v -0.9 2 -2
v 0.9 2 -2
v 1 2 -2
v -1.1 2.1 2
v -1 2.1 2
v 1 2.1 2
v 1.1 2.1 2
v -1.1 2.1 1.9
v -1 2.1 1.9
v 1 2.1 1.9
v 1.1 2.1 1.9
v -2 2.1 1.1
v -1.9 2.1 1.1
v 1.9 2.1 1.1
v 2 2.1 1.1
v -2 2.1 1
v -1.9 2.1 1
v 1.9 2.1 1
v 2 2.1 1
v -2 2.1 -1
v -1.9 2.1 -1
v 1.9 2.1 -1
v 2 2.1 -1
v -2 2.1 -1.1
v -1.9 2.1 -1.1
v 1.9 2.1 -1.1
v 2 2.1 -1.1
v -1.1 2.1 -1.9
v -1 2.1 -1.9
v 1 2.1 -1.9
v 1.1 2.1 -1.9
v -1.1 2.1 -2
v -1 2.1 -2
v 1 2.1 -2
v 1.1 2.1 -2
v -1.2 2.2 2
v -1.1 2.2 2
v 1.1 2.2 2
v 1.2 2.2 2
v -1.2 2.2 1.9
v -1.1 2.2 1.9
v 1.1 2.2 1.9
v 1.2 2.2 1.9
v -2 2.2 1.2
v -1.9 2.2 1.2
v 1.9 2.2 1.2
v 2 2.2 1.2
v -2 2.2 1.1
v -1.9 2.2 1.1
v 1.9 2.2 1.1
v 2 2.2 1.1
v -2 2.2 -1.1
v -1.9 2.2 -1.1
v 1.9 2.2 -1.1
v 2 2.2 -1.1
v -2 2.2 -1.2
v -1.9 2.2 -1.2
v 1.9 2.2 -1.2
v 2 2.2 -1.2
v -1.2 2.2 -1.9
v -1.1 2.2 -1.9
v 1.1 2.2 -1.9
v 1.2 2.2 -1.9
v -1.2 2.2 -2
v -1.1 2.2 -2
v 1.1 2.2 -2
v 1.2 2.2 -2
v -1.3 2.3 2
v -1.2 2.3 2
v 1.2 2.3 2
v 1.3 2.3 2
v -1.3 2.3 1.9
v -1.2 2.3 1.9
v 1.2 2.3 1.9
v 1.3 2.3 1.9
v -2 2.3 1.3
v -1.9 2.3 1.3
v 1.9 2.3 1.3
v 2 2.3 1.3
v -2 2.3 1.2
v -1.9 2.3 1.2
v 1.9 2.3 1.2
v 2 2.3 1.2
v -2 2.3 -1.2
v -1.9 2.3 -1.2
v 1.9 2.3 -1.2
v 2 2.3 -1.2
v -2 2.3 -1.3
v -1.9 2.3 -1.3
v 1.9 2.3 -1.3
v 2 2.3 -1.3
v -1.3 2.3 -1.9
v -1.2 2.3 -1.9
v 1.2 2.3 -1.9
v 1.3 2.3 -1.9
v -1.3 2.3 -2
v -1.2 2.3 -2
v 1.2 2.3 -2
v 1.3 2.3 -2
v -1.4 2.4 2
v -1.3 2.4 2
v 1.3 2.4 2
v 1.4 2.4 2
v -1.4 2.4 1.9
v -1.3 2.4 1.9
v 1.3 2.4 1.9
v 1.4 2.4 1.9
v -2 2.4 1.4
v -1.9 2.4 1.4
v 1.9 2.4 1.4
v 2 2.4 1.4
v -2 2.4 1.3
v -1.9 2.4 1.3
v 1.9 2.4 1.3
v 2 2.4 1.3
v -2 2.4 -1.3
v -1.9 2.4 -1.3
v 1.9 2.4 -1.3
v 2 2.4 -1.3
v -2 2.4 -1.4
v -1.9 2.4 -1.4
v 1.9 2.4 -1.4
v 2 2.4 -1.4
v -1.4 2.4 -1.9
v -1.3 2.4 -1.9
v 1.3 2.4 -1.9
v 1.4 2.4 -1.9
v -1.4 2.4 -2
v -1.3 2.4 -2
v 1.3 2.4 -2
v 1.4 2.4 -2
v -1.5 2.5 2
v -1.4 2.5 2
v 1.4 2.5 2
v 1.5 2.5 2
v -1.5 2.5 1.9
v -1.4 2.5 1.9
v 1.4 2.5 1.9
v 1.5 2.5 1.9
v -2 2.5 1.5
v -1.9 2.5 1.5
v 1.9 2.5 1.5
v 2 2.5 1.5
v -2 2.5 1.4
v -1.9 2.5 1.4
v 1.9 2.5 1.4
v 2 2.5 1.4
v -2 2.5 -1.4
v -1.9 2.5 -1.4
v 1.9 2.5 -1.4
v 2 2.5 -1.4
v -2 2.5 -1.5
v -1.9 2.5 -1.5
v 1.9 2.5 -1.5
v 2 2.5 -1.5
v -1.5 2.5 -1.9
v -1.4 2.5 -1.9
v 1.4 2.5 -1.9
v 1.5 2.5 -1.9
v -1.5 2.5 -2
v -1.4 2.5 -2
v 1.4 2.5 -2
v 1.5 2.5 -2
v -1.6 2.6 2
v -1.5 2.6 2
v 1.5 2.6 2
v 1.6 2.6 2
v -1.6 2.6 1.9
v -1.5 2.6 1.9
v 1.5 2.6 1.9
v 1.6 2.6 1.9
v -2 2.6 1.6
v -1.9 2.6 1.6
v 1.9 2.6 1.6
v 2 2.6 1.6
v -2 2.6 1.5
v -1.9 2.6 1.5
v 1.9 2.6 1.5
v 2 2.6 1.5
v -2 2.6 -1.5
v -1.9 2.6 -1.5
v 1.9 2.6 -1.5
v 2 2.6 -1.5
v -2 2.6 -1.6
v -1.9 2.6 -1.6
v 1.9 2.6 -1.6
v 2 2.6 -1.6
v -1.6 2.6 -1.9
v -1.5 2.6 -1.9
v 1.5 2.6 -1.9
v 1.6 2.6 -1.9
v -1.6 2.6 -2
v -1.5 2.6 -2
v 1.5 2.6 -2
v 1.6 2.6 -2
v -1.7 2.7 2
v -1.6 2.7 2
v 1.6 2.7 2
v 1.7 2.7 2
v -1.7 2.7 1.9
v -1.6 2.7 1.9
v 1.6 2.7 1.9
v 1.7 2.7 1.9
v -2 2.7 1.7
v -1.9 2.7 1.7
v 1.9 2.7 1.7
v 2 2.7 1.7
v -2 2.7 1.6
v -1.9 2.7 1.6
v 1.9 2.7 1.6
v 2 2.7 1.6
v -2 2.7 -1.6
v -1.9 2.7 -1.6
v 1.9 2.7 -1.6
v 2 2.7 -1.6
v -2 2.7 -1.7
v -1.9 2.7 -1.7
v 1.9 2.7 -1.7
v 2 2.7 -1.7
v -1.7 2.7 -1.9
v -1.6 2.7 -1.9
v 1.6 2.7 -1.9
v 1.7 2.7 -1.9
v -1.7 2.7 -2
v -1.6 2.7 -2
v 1.6 2.7 -2
v 1.7 2.7 -2
v -1.8 2.8 2
v -1.7 2.8 2
v 1.7 2.8 2
v 1.8 2.8 2
v -1.8 2.8 1.9
v -1.7 2.8 1.9
v 1.7 2.8 1.9
v 1.8 2.8 1.9
v -2 2.8 1.8
v -1.9 2.8 1.8
v 1.9 2.8 1.8
v 2 2.8 1.8
v -2 2.8 1.7
v -1.9 2.8 1.7
v 1.9 2.8 1.7
v 2 2.8 1.7
v -2 2.8 -1.7
v -1.9 2.8 -1.7
v 1.9 2.8 -1.7
v 2 2.8 -1.7
v -2 2.8 -1.8
v -1.9 2.8 -1.8
v 1.9 2.8 -1.8
v 2 2.8 -1.8
v -1.8 2.8 -1.9
v -1.7 2.8 -1.9
v 1.7 2.8 -1.9
v 1.8 2.8 -1.9
v -1.8 2.8 -2
v -1.7 2.8 -2
v 1.7 2.8 -2
v 1.8 2.8 -2
v -1.6 3 2
v -0.0999999 3 2
v 0.1 3 2
v 1.6 3 2
v -1.6 3 1.9
v -0.0999999 3 1.9
v 0.1 3 1.9
v 1.6 3 1.9
v -2 3 1.6
v -1.9 3 1.6
v -1.6 3 1.6
v 1.6 3 1.6
v 1.9 3 1.6
v 2 3 1.6
v -0.8 3 1.5
v 0.7 3 1.5
v -1 3 1.4
v -0.8 3 1.4
v 0.7 3 1.4
v 0.9 3 1.4
v -1.2 3 1.3
v -1 3 1.3
v 0.9 3 1.3
v 1.1 3 1.3
v -1.3 3 1.2
v -1.2 3 1.2
v 1.1 3 1.2
v 1.2 3 1.2
v -1.4 3 1
v -1.3 3 1
v -0.6 3 1
v 0.5 3 1
v 1.2 3 1
v 1.3 3 1
v -0.8 3 0.9
v -0.6 3 0.9
v 0.5 3 0.9
v 0.7 3 0.9
v -1.5 3 0.8
v -1.4 3 0.8
v -1 3 0.8
v -0.8 3 0.8
v 0.7 3 0.8
v 0.9 3 0.8
v 1.3 3 0.8
v 1.4 3 0.8
v -1.1 3 0.7
v -1 3 0.7
v 0.9 3 0.7
v 1 3 0.7
v -1.2 3 0.5
v -1.1 3 0.5
v 1 3 0.5
v 1.1 3 0.5
v 1.4 3 0.5
v 1.5 3 0.5
v -1.3 3 0.3
v -1.2 3 0.3
v 1.1 3 0.3
v 1.2 3 0.3
v -2 3 0.0999999
v -1.9 3 0.0999999
v 1.9 3 0.0999999
v 2 3 0.0999999
v -2 3 -0.1
v -1.9 3 -0.1
v 1.9 3 -0.1
v 2 3 -0.1
v -1.3 3 -0.3
v -1.2 3 -0.3
v 1.1 3 -0.3
v 1.2 3 -0.3
v -1.2 3 -0.5
v -1.1 3 -0.5
v 1 3 -0.5
v 1.1 3 -0.5
v 1.4 3 -0.6
v 1.5 3 -0.6
v -1.1 3 -0.7
v -1 3 -0.7
v 0.9 3 -0.7
v 1 3 -0.7
v -1.5 3 -0.8
v -1.4 3 -0.8
v -1 3 -0.8
v -0.8 3 -0.8
v 0.7 3 -0.8
v 0.9 3 -0.8
v 1.3 3 -0.8
v 1.4 3 -0.8
v -0.8 3 -0.9
v -0.6 3 -0.9
v 0.5 3 -0.9
v 0.7 3 -0.9
v -1.4 3 -1
v -1.3 3 -1
v -0.6 3 -1
v 0.5 3 -1
v 1.2 3 -1
v 1.3 3 -1
v -1.3 3 -1.2
v -1.2 3 -1.2
v 1.1 3 -1.2
v 1.2 3 -1.2
v -1.2 3 -1.3
v -1 3 -1.3
v 0.9 3 -1.3
v 1.1 3 -1.3
v -1 3 -1.4
v -0.8 3 -1.4
v 0.7 3 -1.4
v 0.9 3 -1.4
v -0.8 3 -1.5
v 0.7 3 -1.5
v -2 3 -1.6
v -1.9 3 -1.6
v -1.6 3 -1.6
v 1.6 3 -1.6
v 1.9 3 -1.6
v 2 3 -1.6
v -1.6 3 -1.9
v -0.0999999 3 -1.9
v 0.1 3 -1.9
v 1.6 3 -1.9
v -1.6 3 -2
v -0.0999999 3 -2
v 0.1 3 -2
v 1.6 3 -2
v -1.6 0.2 2
v -0.0999999 0.2 2
v 0.1 0.2 2
v 1.6 0.2 2
v -1.6 0.2 1.9
v -0.0999999 0.2 1.9
v 0.1 0.2 1.9
v 1.6 0.2 1.9
v -2 0.2 1.6
v -1.9 0.2 1.6
v -1.6 0.2 1.6
v 1.6 0.2 1.6
v 1.9 0.2 1.6
v 2 0.2 1.6
v -0.8 0.2 1.5
v 0.7 0.2 1.5
v -1 0.2 1.4
v -0.8 0.2 1.4
v 0.7 0.2 1.4
v 0.9 0.2 1.4
v -1.2 0.2 1.3
v -1 0.2 1.3
v 0.9 0.2 1.3
v 1.1 0.2 1.3
v -1.3 0.2 1.2
v -1.2 0.2 1.2
v 1.1 0.2 1.2
v 1.2 0.2 1.2
v -1.4 0.2 1
v -1.3 0.2 1
v -0.6 0.2 1
v 0.5 0.2 1
v 1.2 0.2 1
v 1.3 0.2 1
v -0.8 0.2 0.9
v -0.6 0.2 0.9
v 0.5 0.2 0.9
v 0.7 0.2 0.9
v -1.5 0.2 0.8
v -1.4 0.2 0.8
v -1 0.2 0.8
v -0.8 0.2 0.8
v 0.7 0.2 0.8
v 0.9 0.2 0.8
v 1.3 0.2 0.8
v 1.4 0.2 0.8
v -1.1 0.2 0.7
v -1 0.2 0.7
v 0.9 0.2 0.7
v 1 0.2 0.7
v -1.2 0.2 0.5
v -1.1 0.2 0.5
v 1 0.2 0.5
v 1.1 0.2 0.5
v 1.4 0.2 0.5
v 1.5 0.2 0.5
v -1.3 0.2 0.3
v -1.2 0.2 0.3
v 1.1 0.2 0.3
v 1.2 0.2 0.3
v -2 0.2 0.0999999
v -1.9 0.2 0.0999999
v 1.9 0.2 0.0999999
v 2 0.2 0.0999999
v -2 0.2 -0.1
v -1.9 0.2 -0.1
v 1.9 0.2 -0.1
v 2 0.2 -0.1
v -1.3 0.2 -0.3
v -1.2 0.2 -0.3
v 1.1 0.2 -0.3
v 1.2 0.2 -0.3
v -1.2 0.2 -0.5
v -1.1 0.2 -0.5
v 1 0.2 -0.5
v 1.1 0.2 -0.5
v 1.4 0.2 -0.6
v 1.5 0.2 -0.6
v -1.1 0.2 -0.7
v -1 0.2 -0.7
v 0.9 0.2 -0.7
v 1 0.2 -0.7
v -1.5 0.2 -0.8
v -1.4 0.2 -0.8
v -1 0.2 -0.8
v -0.8 0.2 -0.8
v 0.7 0.2 -0.8
v 0.9 0.2 -0.8
v 1.3 0.2 -0.8
v 1.4 0.2 -0.8
v -0.8 0.2 -0.9
v -0.6 0.2 -0.9
v 0.5 0.2 -0.9
v 0.7 0.2 -0.9
v -1.4 0.2 -1
v -1.3 0.2 -1
v -0.6 0.2 -1
v 0.5 0.2 -1
v 1.2 0.2 -1
v 1.3 0.2 -1
v -1.3 0.2 -1.2
v -1.2 0.2 -1.2
v 1.1 0.2 -1.2
v 1.2 0.2 -1.2
v -1.2 0.2 -1.3
v -1 0.2 -1.3
v 0.9 0.2 -1.3
v 1.1 0.2 -1.3
v -1 0.2 -1.4
v -0.8 0.2 -1.4
v 0.7 0.2 -1.4
v 0.9 0.2 -1.4
v -0.8 0.2 -1.5
v 0.7 0.2 -1.5
v -2 0.2 -1.6
v -1.9 0.2 -1.6
v -1.6 0.2 -1.6
v 1.6 0.2 -1.6
v 1.9 0.2 -1.6
v 2 0.2 -1.6
v -1.6 0.2 -1.9
v -0.0999999 0.2 -1.9
v 0.1 0.2 -1.9
v 1.6 0.2 -1.9
v -1.6 0.2 -2
v -0.0999999 0.2 -2
v 0.1 0.2 -2
v 1.6 0.2 -2
v -1.8 0.4 2
v -1.7 0.4 2
v 1.7 0.4 2
v 1.8 0.4 2
v -1.8 0.4 1.9
v -1.7 0.4 1.9
v 1.7 0.4 1.9
v 1.8 0.4 1.9
v -2 0.4 1.8
v -1.9 0.4 1.8
v 1.9 0.4 1.8
v 2 0.4 1.8
v -2 0.4 1.7
v -1.9 0.4 1.7
v 1.9 0.4 1.7
v 2 0.4 1.7
v -2 0.4 -1.7
v -1.9 0.4 -1.7
v 1.9 0.4 -1.7
v 2 0.4 -1.7
v -2 0.4 -1.8
v -1.9 0.4 -1.8
v 1.9 0.4 -1.8
v 2 0.4 -1.8
v -1.8 0.4 -1.9
v -1.7 0.4 -1.9
v 1.7 0.4 -1.9
v 1.8 0.4 -1.9
v -1.8 0.4 -2
v -1.7 0.4 -2
v 1.7 0.4 -2
v 1.8 0.4 -2
v -1.7 0.5 2
v -1.6 0.5 2
v 1.6 0.5 2
v 1.7 0.5 2
v -1.7 0.5 1.9
v -1.6 0.5 1.9
v 1.6 0.5 1.9
v 1.7 0.5 1.9
v -2 0.5 1.7
v -1.9 0.5 1.7
v 1.9 0.5 1.7
v 2 0.5 1.7
v -2 0.5 1.6
v -1.9 0.5 1.6
v 1.9 0.5 1.6
v 2 0.5 1.6
v -2 0.5 -1.6
v -1.9 0.5 -1.6
v 1.9 0.5 -1.6
v 2 0.5 -1.6
v -2 0.5 -1.7
v -1.9 0.5 -1.7
v 1.9 0.5 -1.7
v 2 0.5 -1.7
v -1.7 0.5 -1.9
v -1.6 0.5 -1.9
v 1.6 0.5 -1.9
v 1.7 0.5 -1.9
v -1.7 0.5 -2
v -1.6 0.5 -2
v 1.6 0.5 -2
v 1.7 0.5 -2
v -1.6 0.6 2
v -1.5 0.6 2
v 1.5 0.6 2
v 1.6 0.6 2
v -1.6 0.6 1.9
v -1.5 0.6 1.9
v 1.5 0.6 1.9
v 1.6 0.6 1.9
v -2 0.6 1.6
v -1.9 0.6 1.6
v 1.9 0.6 1.6
v 2 0.6 1.6
v -2 0.6 1.5
v -1.9 0.6 1.5
v 1.9 0.6 1.5
v 2 0.6 1.5
v -2 0.6 -1.5
v -1.9 0.6 -1.5
v 1.9 0.6 -1.5
v 2 0.6 -1.5
v -2 0.6 -1.6
v -1.9 0.6 -1.6
v 1.9 0.6 -1.6
v 2 0.6 -1.6
v -1.6 0.6 -1.9
v -1.5 0.6 -1.9
v 1.5 0.6 -1.9
v 1.6 0.6 -1.9
v -1.6 0.6 -2
v -1.5 0.6 -2
v 1.5 0.6 -2
v 1.6 0.6 -2
v -1.5 0.7 2
v -1.4 0.7 2
v 1.4 0.7 2
v 1.5 0.7 2
v -1.5 0.7 1.9
v -1.4 0.7 1.9
v 1.4 0.7 1.9
v 1.5 0.7 1.9
v -2 0.7 1.5
v -1.9 0.7 1.5
v 1.9 0.7 1.5
v 2 0.7 1.5
v -2 0.7 1.4
v -1.9 0.7 1.4
v 1.9 0.7 1.4
v 2 0.7 1.4
v -2 0.7 -1.4
v -1.9 0.7 -1.4
v 1.9 0.7 -1.4
v 2 0.7 -1.4
v -2 0.7 -1.5
v -1.9 0.7 -1.5
v 1.9 0.7 -1.5
v 2 0.7 -1.5
v -1.5 0.7 -1.9
v -1.4 0.7 -1.9
v 1.4 0.7 -1.9
v 1.5 0.7 -1.9
v -1.5 0.7 -2
v -1.4 0.7 -2
v 1.4 0.7 -2
v 1.5 0.7 -2
v -1.4 0.8 2
v -1.3 0.8 2
v 1.3 0.8 2
v 1.4 0.8 2
v -1.4 0.8 1.9
v -1.3 0.8 1.9
v 1.3 0.8 1.9
v 1.4 0.8 1.9
v -2 0.8 1.4
v -1.9 0.8 1.4
v 1.9 0.8 1.4
v 2 0.8 1.4
v -2 0.8 1.3
v -1.9 0.8 1.3
v 1.9 0.8 1.3
v 2 0.8 1.3
v -2 0.8 -1.3
v -1.9 0.8 -1.3
v 1.9 0.8 -1.3
v 2 0.8 -1.3
v -2 0.8 -1.4
v -1.9 0.8 -1.4
v 1.9 0.8 -1.4
v 2 0.8 -1.4
v -1.4 0.8 -1.9
v -1.3 0.8 -1.9
v 1.3 0.8 -1.9
v 1.4 0.8 -1.9
v -1.4 0.8 -2
v -1.3 0.8 -2
v 1.3 0.8 -2
v 1.4 0.8 -2
v -1.3 0.9 2
v -1.2 0.9 2
v 1.2 0.9 2
v 1.3 0.9 2
v -1.3 0.9 1.9
v -1.2 0.9 1.9
v 1.2 0.9 1.9
v 1.3 0.9 1.9
v -2 0.9 1.3
v -1.9 0.9 1.3
v 1.9 0.9 1.3
v 2 0.9 1.3
v -2 0.9 1.2
v -1.9 0.9 1.2
v 1.9 0.9 1.2
v 2 0.9 1.2
v -2 0.9 -1.2
v -1.9 0.9 -1.2
v 1.9 0.9 -1.2
v 2 0.9 -1.2
v -2 0.9 -1.3
v -1.9 0.9 -1.3
v 1.9 0.9 -1.3
v 2 0.9 -1.3
v -1.3 0.9 -1.9
v -1.2 0.9 -1.9
v 1.2 0.9 -1.9
v 1.3 0.9 -1.9
v -1.3 0.9 -2
v -1.2 0.9 -2
v 1.2 0.9 -2
v 1.3 0.9 -2
v -1.2 1 2
v -1.1 1 2
v 1.1 1 2
v 1.2 1 2
v -1.2 1 1.9
v -1.1 1 1.9
v 1.1 1 1.9
v 1.2 1 1.9
v -2 1 1.2
v -1.9 1 1.2
v 1.9 1 1.2
v 2 1 1.2
v -2 1 1.1
v -1.9 1 1.1
v 1.9 1 1.1
v 2 1 1.1
v -2 1 -1.1
v -1.9 1 -1.1
v 1.9 1 -1.1
v 2 1 -1.1
v -2 1 -1.2
v -1.9 1 -1.2
v 1.9 1 -1.2
v 2 1 -1.2
v -1.2 1 -1.9
v -1.1 1 -1.9
v 1.1 1 -1.9
v 1.2 1 -1.9
v -1.2 1 -2
v -1.1 1 -2
v 1.1 1 -2
v 1.2 1 -2
v -1.1 1.1 2
v -1 1.1 2
v 1 1.1 2
v 1.1 1.1 2
v -1.1 1.1 1.9
v -1 1.1 1.9
v 1 1.1 1.9
v 1.1 1.1 1.9
v -2 1.1 1.1
v -1.9 1.1 1.1
v 1.9 1.1 1.1
v 2 1.1 1.1
v -2 1.1 1
v -1.9 1.1 1
v 1.9 1.1 1
v 2 1.1 1
v -2 1.1 -1
v -1.9 1.1 -1
v 1.9 1.1 -1
v 2 1.1 -1
v -2 1.1 -1.1
v -1.9 1.1 -1.1
v 1.9 1.1 -1.1
v 2 1.1 -1.1
v -1.1 1.1 -1.9
v -1 1.1 -1.9
v 1 1.1 -1.9
v 1.1 1.1 -1.9
v -1.1 1.1 -2
v -1 1.1 -2
v 1 1.1 -2
v 1.1 1.1 -2
v -1 1.2 2
v -0.9 1.2 2
v 0.9 1.2 2
v 1 1.2 2
v -1 1.2 1.9
v -0.9 1.2 1.9
v 0.9 1.2 1.9
v 1 1.2 1.9
v -2 1.2 1
v -1.9 1.2 1
v 1.9 1.2 1
v 2 1.2 1
v -2 1.2 0.9
v -1.9 1.2 0.9
v 1.9 1.2 0.9
v 2 1.2 0.9
v -2 1.2 -0.9
v -1.9 1.2 -0.9
v 1.9 1.2 -0.9
v 2 1.2 -0.9
v -2 1.2 -1
v -1.9 1.2 -1
v 1.9 1.2 -1
v 2 1.2 -1
v -1 1.2 -1.9
v -0.9 1.2 -1.9
v 0.9 1.2 -1.9
v 1 1.2 -1.9
v -1 1.2 -2
v -0.9 1.2 -2
v 0.9 1.2 -2
v 1 1.2 -2
v -0.9 1.3 2
v -0.8 1.3 2
v 0.8 1.3 2
v 0.9 1.3 2
v -0.9 1.3 1.9
v -0.8 1.3 1.9
v 0.8 1.3 1.9
v 0.9 1.3 1.9
v -2 1.3 0.9
v -1.9 1.3 0.9
v 1.9 1.3 0.9
v 2 1.3 0.9
v -2 1.3 0.8
v -1.9 1.3 0.8
v 1.9 1.3 0.8
v 2 1.3 0.8
v -2 1.3 -0.8
v -1.9 1.3 -0.8
v 1.9 1.3 -0.8
v 2 1.3 -0.8
v -2 1.3 -0.9
v -1.9 1.3 -0.9
v 1.9 1.3 -0.9
v 2 1.3 -0.9
v -0.9 1.3 -1.9
v -0.8 1.3 -1.9
v 0.8 1.3 -1.9
v 0.9 1.3 -1.9
v -0.9 1.3 -2
v -0.8 1.3 -2
v 0.8 1.3 -2
v 0.9 1.3 -2
v -0.8 1.4 2
v -0.7 1.4 2
v 0.7 1.4 2
v 0.8 1.4 2
v -0.8 1.4 1.9
v -0.7 1.4 1.9
v 0.7 1.4 1.9
v 0.8 1.4 1.9
v -2 1.4 0.8
v -1.9 1.4 0.8
v 1.9 1.4 0.8
v 2 1.4 0.8
v -2 1.4 0.7
v -1.9 1.4 0.7
v 1.9 1.4 0.7
v 2 1.4 0.7
v -2 1.4 -0.7
v -1.9 1.4 -0.7
v 1.9 1.4 -0.7
v 2 1.4 -0.7
v -2 1.4 -0.8
v -1.9 1.4 -0.8
v 1.9 1.4 -0.8
v 2 1.4 -0.8
v -0.8 1.4 -1.9
v -0.7 1.4 -1.9
v 0.7 1.4 -1.9
v 0.8 1.4 -1.9
v -0.8 1.4 -2
v -0.7 1.4 -2
v 0.7 1.4 -2
v 0.8 1.4 -2
v -0.7 1.5 2
v -0.6 1.5 2
v 0.6 1.5 2
v 0.7 1.5 2
v -0.7 1.5 1.9
v -0.6 1.5 1.9
v 0.6 1.5 1.9
v 0.7 1.5 1.9
v -2 1.5 0.7
v -1.9 1.5 0.7
v 1.9 1.5 0.7
v 2 1.5 0.7
v -2 1.5 0.6
v -1.9 1.5 0.6
v 1.9 1.5 0.6
v 2 1.5 0.6
v -2 1.5 -0.6
v -1.9 1.5 -0.6
v 1.9 1.5 -0.6
v 2 1.5 -0.6
v -2 1.5 -0.7
v -1.9 1.5 -0.7
v 1.9 1.5 -0.7
v 2 1.5 -0.7
v -0.7 1.5 -1.9
v -0.6 1.5 -1.9
v 0.6 1.5 -1.9
v 0.7 1.5 -1.9
v -0.7 1.5 -2
v -0.6 1.5 -2
v 0.6 1.5 -2
v 0.7 1.5 -2
v -0.4 1.7 2
v -0.2 1.7 2
v 0.2 1.7 2
v 0.4 1.7 2
v -0.4 1.7 1.9
v -0.3 1.7 1.9
v -0.2 1.7 1.9
v 0.2 1.7 1.9
v 0.3 1.7 1.9
v 0.4 1.7 1.9
v -2 1.7 0.4
v -1.9 1.7 0.4
v 1.9 1.7 0.4
v 2 1.7 0.4
v -1.9 1.7 0.3
v 1.9 1.7 0.3
v -2 1.7 0.2
v -1.9 1.7 0.2
v 1.9 1.7 0.2
v 2 1.7 0.2
v -2 1.7 -0.2
v -1.9 1.7 -0.2
v 1.9 1.7 -0.2
v 2 1.7 -0.2
v -1.9 1.7 -0.3
v 1.9 1.7 -0.3
v -2 1.7 -0.4
v -1.9 1.7 -0.4
v 1.9 1.7 -0.4
v 2 1.7 -0.4
v -0.4 1.7 -1.9
v -0.3 1.7 -1.9
v -0.2 1.7 -1.9
v 0.2 1.7 -1.9
v 0.3 1.7 -1.9
v 0.4 1.7 -1.9
v -0.4 1.7 -2
v -0.2 1.7 -2
v 0.2 1.7 -2
v 0.4 1.7 -2
v -0.5 1.8 2
v -0.4 1.8 2
v -0.2 1.8 2
v -0.0999999 1.8 2
v 0.1 1.8 2
v 0.2 1.8 2
v 0.4 1.8 2
v 0.5 1.8 2
v -0.5 1.8 1.9
v -0.4 1.8 1.9
v -0.2 1.8 1.9
v -0.0999999 1.8 1.9
v 0.1 1.8 1.9
v 0.2 1.8 1.9
v 0.4 1.8 1.9
v 0.5 1.8 1.9
v -2 1.8 0.5
v -1.9 1.8 0.5
v 1.9 1.8 0.5
v 2 1.8 0.5
v -2 1.8 0.4
v -1.9 1.8 0.4
v 1.9 1.8 0.4
v 2 1.8 0.4
v -2 1.8 0.2
v -1.9 1.8 0.2
v 1.9 1.8 0.2
v 2 1.8 0.2
v -2 1.8 0.0999999
v -1.9 1.8 0.0999999
v 1.9 1.8 0.0999999
v 2 1.8 0.0999999
v -2 1.8 -0.1
v -1.9 1.8 -0.1
v 1.9 1.8 -0.1
v 2 1.8 -0.1
v -2 1.8 -0.2
v -1.9 1.8 -0.2
v 1.9 1.8 -0.2
v 2 1.8 -0.2
v -2 1.8 -0.4
v -1.9 1.8 -0.4
v 1.9 1.8 -0.4
v 2 1.8 -0.4
v -2 1.8 -0.5
v -1.9 1.8 -0.5
v 1.9 1.8 -0.5
v 2 1.8 -0.5
v -0.5 1.8 -1.9
v -0.4 1.8 -1.9
v -0.2 1.8 -1.9
v -0.0999999 1.8 -1.9
v 0.1 1.8 -1.9
v 0.2 1.8 -1.9
v 0.4 1.8 -1.9
v 0.5 1.8 -1.9
v -0.5 1.8 -2
v -0.4 1.8 -2
v -0.2 1.8 -2
v -0.0999999 1.8 -2
v 0.1 1.8 -2
v 0.2 1.8 -2
v 0.4 1.8 -2
v 0.5 1.8 -2
v -0.6 1.9 2
v -0.5 1.9 2
v 0.5 1.9 2
v 0.6 1.9 2
v -0.6 1.9 1.9
v -0.5 1.9 1.9
v 0.5 1.9 1.9
v 0.6 1.9 1.9
v -2 1.9 0.6
v -1.9 1.9 0.6
v 1.9 1.9 0.6
v 2 1.9 0.6
v -2 1.9 0.5
v -1.9 1.9 0.5
v 1.9 1.9 0.5
v 2 1.9 0.5
v -2 1.9 -0.5
v -1.9 1.9 -0.5
v 1.9 1.9 -0.5
v 2 1.9 -0.5
v -2 1.9 -0.6
v -1.9 1.9 -0.6
v 1.9 1.9 -0.6
v 2 1.9 -0.6
v -0.6 1.9 -1.9
v -0.5 1.9 -1.9
v 0.5 1.9 -1.9
v 0.6 1.9 -1.9
v -0.6 1.9 -2
v -0.5 1.9 -2
v 0.5 1.9 -2
v 0.6 1.9 -2
v -0.7 2 2
v -0.6 2 2
v 0.6 2 2
v 0.7 2 2
v -0.7 2 1.9
v -0.6 2 1.9
v 0.6 2 1.9
v 0.7 2 1.9
v -2 2 0.7
v -1.9 2 0.7
v 1.9 2 0.7
v 2 2 0.7
v -2 2 0.6
v -1.9 2 0.6
v 1.9 2 0.6
v 2 2 0.6
v -2 2 -0.6
v -1.9 2 -0.6
v 1.9 2 -0.6
v 2 2 -0.6
v -2 2 -0.7
v -1.9 2 -0.7
v 1.9 2 -0.7
v 2 2 -0.7
v -0.7 2 -1.9
v -0.6 2 -1.9
v 0.6 2 -1.9
v 0.7 2 -1.9
v -0.7 2 -2
v -0.6 2 -2
v 0.6 2 -2
v 0.7 2 -2
v -0.8 2.1 2
v -0.7 2.1 2
v 0.7 2.1 2
v 0.8 2.1 2
v -0.8 2.1 1.9
v -0.7 2.1 1.9
v 0.7 2.1 1.9
v 0.8 2.1 1.9
v -2 2.1 0.8
v -1.9 2.1 0.8
v 1.9 2.1 0.8
v 2 2.1 0.8
v -2 2.1 0.7
v -1.9 2.1 0.7
v 1.9 2.1 0.7
v 2 2.1 0.7
v -2 2.1 -0.7
v -1.9 2.1 -0.7
v 1.9 2.1 -0.7
v 2 2.1 -0.7
v -2 2.1 -0.8
v -1.9 2.1 -0.8
v 1.9 2.1 -0.8
v 2 2.1 -0.8
v -0.8 2.1 -1.9
v -0.7 2.1 -1.9
v 0.7 2.1 -1.9
v 0.8 2.1 -1.9
v -0.8 2.1 -2
v -0.7 2.1 -2
v 0.7 2.1 -2
v 0.8 2.1 -2
v -0.9 2.2 2
v -0.8 2.2 2
v 0.8 2.2 2
v 0.9 2.2 2
v -0.9 2.2 1.9
v -0.8 2.2 1.9
v 0.8 2.2 1.9
v 0.9 2.2 1.9
v -2 2.2 0.9
v -1.9 2.2 0.9
v 1.9 2.2 0.9
v 2 2.2 0.9
v -2 2.2 0.8
v -1.9 2.2 0.8
v 1.9 2.2 0.8
v 2 2.2 0.8
v -2 2.2 -0.8
v -1.9 2.2 -0.8
v 1.9 2.2 -0.8
v 2 2.2 -0.8
v -2 2.2 -0.9
v -1.9 2.2 -0.9
v 1.9 2.2 -0.9
v 2 2.2 -0.9
v -0.9 2.2 -1.9
v -0.8 2.2 -1.9
v 0.8 2.2 -1.9
v 0.9 2.2 -1.9
v -0.9 2.2 -2
v -0.8 2.2 -2
v 0.8 2.2 -2
v 0.9 2.2 -2
v -1 2.3 2
v -0.9 2.3 2
v 0.9 2.3 2
v 1 2.3 2
v -1 2.3 1.9
v -0.9 2.3 1.9
v 0.9 2.3 1.9
v 1 2.3 1.9
v -2 2.3 1
v -1.9 2.3 1
v 1.9 2.3 1
v 2 2.3 1
v -2 2.3 0.9
v -1.9 2.3 0.9
v 1.9 2.3 0.9
v 2 2.3 0.9
v -2 2.3 -0.9
v -1.9 2.3 -0.9
v 1.9 2.3 -0.9
v 2 2.3 -0.9
v -2 2.3 -1
v -1.9 2.3 -1
v 1.9 2.3 -1
v 2 2.3 -1
v -1 2.3 -1.9
v -0.9 2.3 -1.9
v 0.9 2.3 -1.9
v 1 2.3 -1.9
v -1 2.3 -2
v -0.9 2.3 -2
v 0.9 2.3 -2
v 1 2.3 -2
v -1.1 2.4 2
v -1 2.4 2
v 1 2.4 2
v 1.1 2.4 2
v -1.1 2.4 1.9
v -1 2.4 1.9
v 1 2.4 1.9
v 1.1 2.4 1.9
v -2 2.4 1.1
v -1.9 2.4 1.1
v 1.9 2.4 1.1
v 2 2.4 1.1
v -2 2.4 1
v -1.9 2.4 1
v 1.9 2.4 1
v 2 2.4 1
v -2 2.4 -1
v -1.9 2.4 -1
v 1.9 2.4 -1
v 2 2.4 -1
v -2 2.4 -1.1
v -1.9 2.4 -1.1
v 1.9 2.4 -1.1
v 2 2.4 -1.1
v -1.1 2.4 -1.9
v -1 2.4 -1.9
v 1 2.4 -1.9
v 1.1 2.4 -1.9
v -1.1 2.4 -2
v -1 2.4 -2
v 1 2.4 -2
v 1.1 2.4 -2
v -1.2 2.5 2
v -1.1 2.5 2
v 1.1 2.5 2
v 1.2 2.5 2
v -1.2 2.5 1.9
v -1.1 2.5 1.9
v 1.1 2.5 1.9
v 1.2 2.5 1.9
v -2 2.5 1.2
v -1.9 2.5 1.2
v 1.9 2.5 1.2
v 2 2.5 1.2
v -2 2.5 1.1
v -1.9 2.5 1.1
v 1.9 2.5 1.1
v 2 2.5 1.1
v -2 2.5 -1.1
v -1.9 2.5 -1.1
v 1.9 2.5 -1.1
v 2 2.5 -1.1
v -2 2.5 -1.2
v -1.9 2.5 -1.2
v 1.9 2.5 -1.2
v 2 2.5 -1.2
v -1.2 2.5 -1.9
v -1.1 2.5 -1.9
v 1.1 2.5 -1.9
v 1.2 2.5 -1.9
v -1.2 2.5 -2
v -1.1 2.5 -2
v 1.1 2.5 -2
v 1.2 2.5 -2
v -1.3 2.6 2
v -1.2 2.6 2
v 1.2 2.6 2
v 1.3 2.6 2
v -1.3 2.6 1.9
v -1.2 2.6 1.9
v 1.2 2.6 1.9
v 1.3 2.6 1.9
v -2 2.6 1.3
v -1.9 2.6 1.3
v 1.9 2.6 1.3
v 2 2.6 1.3
v -2 2.6 1.2
v -1.9 2.6 1.2
v 1.9 2.6 1.2
v 2 2.6 1.2
v -2 2.6 -1.2
v -1.9 2.6 -1.2
v 1.9 2.6 -1.2
v 2 2.6 -1.2
v -2 2.6 -1.3
v -1.9 2.6 -1.3
v 1.9 2.6 -1.3
v 2 2.6 -1.3
v -1.3 2.6 -1.9
v -1.2 2.6 -1.9
v 1.2 2.6 -1.9
v 1.3 2.6 -1.9
v -1.3 2.6 -2
v -1.2 2.6 -2
v 1.2 2.6 -2
v 1.3 2.6 -2
v -1.4 2.7 2
v -1.3 2.7 2
v 1.3 2.7 2
v 1.4 2.7 2
v -1.4 2.7 1.9
v -1.3 2.7 1.9
v 1.3 2.7 1.9
v 1.4 2.7 1.9
v -2 2.7 1.4
v -1.9 2.7 1.4
v 1.9 2.7 1.4
v 2 2.7 1.4
v -2 2.7 1.3
v -1.9 2.7 1.3
v 1.9 2.7 1.3
v 2 2.7 1.3
v -2 2.7 -1.3
v -1.9 2.7 -1.3
v 1.9 2.7 -1.3
v 2 2.7 -1.3
v -2 2.7 -1.4
v -1.9 2.7 -1.4
v 1.9 2.7 -1.4
v 2 2.7 -1.4
v -1.4 2.7 -1.9
v -1.3 2.7 -1.9
v 1.3 2.7 -1.9
v 1.4 2.7 -1.9
v -1.4 2.7 -2
v -1.3 2.7 -2
v 1.3 2.7 -2
v 1.4 2.7 -2
v -1.5 2.8 2
v -1.4 2.8 2
v 1.4 2.8 2
v 1.5 2.8 2
v -1.5 2.8 1.9
v -1.4 2.8 1.9
v 1.4 2.8 1.9
v 1.5 2.8 1.9
v -2 2.8 1.5
v -1.9 2.8 1.5
v 1.9 2.8 1.5
v 2 2.8 1.5
v -2 2.8 1.4
v -1.9 2.8 1.4
v 1.9 2.8 1.4
v 2 2.8 1.4
v -2 2.8 -1.4
v -1.9 2.8 -1.4
v 1.9 2.8 -1.4
v 2 2.8 -1.4
v -2 2.8 -1.5
v -1.9 2.8 -1.5
v 1.9 2.8 -1.5
v 2 2.8 -1.5
v -1.5 2.8 -1.9
v -1.4 2.8 -1.9
v 1.4 2.8 -1.9
v 1.5 2.8 -1.9
v -1.5 2.8 -2
v -1.4 2.8 -2
v 1.4 2.8 -2
v 1.5 2.8 -2
v -1.6 2.9 2
v -1.5 2.9 2
v 1.5 2.9 2
v 1.6 2.9 2
v -1.6 2.9 1.9
v -1.5 2.9 1.9
v 1.5 2.9 1.9
v 1.6 2.9 1.9
v -2 2.9 1.6
v -1.9 2.9 1.6
v 1.9 2.9 1.6
v 2 2.9 1.6
v -2 2.9 1.5
v -1.9 2.9 1.5
v 1.9 2.9 1.5
v 2 2.9 1.5
v -2 2.9 -1.5
v -1.9 2.9 -1.5
v 1.9 2.9 -1.5
v 2 2.9 -1.5
v -2 2.9 -1.6
v -1.9 2.9 -1.6
v 1.9 2.9 -1.6
v 2 2.9 -1.6
v -1.6 2.9 -1.9
v -1.5 2.9 -1.9
v 1.5 2.9 -1.9
v 1.6 2.9 -1.9
v -1.6 2.9 -2
v -1.5 2.9 -2
v 1.5 2.9 -2
v 1.6 2.9 -2
v -1.5 3.1 1.7
v 1.5 3.1 1.7
v -1.5 3.1 1.6
v -1.4 3.1 1.6
v 1.4 3.1 1.6
v 1.5 3.1 1.6
v -1.7 3.1 1.5
v -1.6 3.1 1.5
v -1.4 3.1 1.5
v -1.3 3.1 1.5
v -0.8 3.1 1.5
v 0.7 3.1 1.5
v 1.3 3.1 1.5
v 1.4 3.1 1.5
v 1.6 3.1 1.5
v 1.7 3.1 1.5
v -1.6 3.1 1.4
v -1.5 3.1 1.4
v -1.3 3.1 1.4
v -1.2 3.1 1.4
v -1 3.1 1.4
v -0.8 3.1 1.4
v 0.7 3.1 1.4
v 0.9 3.1 1.4
v 1.2 3.1 1.4
v 1.3 3.1 1.4
v 1.5 3.1 1.4
v 1.6 3.1 1.4
v -1.5 3.1 1.3
v -1.4 3.1 1.3
v -1.2 3.1 1.3
v -1.1 3.1 1.3
v -1 3.1 1.3
v 0.9 3.1 1.3
v 1.1 3.1 1.3
v 1.2 3.1 1.3
v 1.4 3.1 1.3
v 1.5 3.1 1.3
v -1.4 3.1 1.2
v -1.3 3.1 1.2
v -1.1 3.1 1.2
v -1 3.1 1.2
v 1 3.1 1.2
v 1.1 3.1 1.2
v 1.3 3.1 1.2
v 1.4 3.1 1.2
v -1.3 3.1 1.1
v -1.2 3.1 1.1
v -1 3.1 1.1
v -0.9 3.1 1.1
v 0.9 3.1 1.1
v 1 3.1 1.1
v 1.2 3.1 1.1
v 1.3 3.1 1.1
v -1.4 3.1 1
v -1.3 3.1 1
v -1.2 3.1 1
v -1.1 3.1 1
v -0.9 3.1 1
v -0.8 3.1 1
v -0.6 3.1 1
v 0.5 3.1 1
v 0.8 3.1 1
v 0.9 3.1 1
v 1.1 3.1 1
v 1.2 3.1 1
v 1.3 3.1 1
v -1.1 3.1 0.9
v -1 3.1 0.9
v -0.8 3.1 0.9
v -0.7 3.1 0.9
v -0.6 3.1 0.9
v 0.5 3.1 0.9
v 0.7 3.1 0.9
v 0.8 3.1 0.9
v 1 3.1 0.9
v 1.1 3.1 0.9
v -1.5 3.1 0.8
v -1.4 3.1 0.8
v -1 3.1 0.8
v -0.9 3.1 0.8
v -0.7 3.1 0.8
v -0.6 3.1 0.8
v 0.6 3.1 0.8
v 0.7 3.1 0.8
v 0.9 3.1 0.8
v 1 3.1 0.8
v 1.3 3.1 0.8
v 1.4 3.1 0.8
v -1.1 3.1 0.7
v -1 3.1 0.7
v -0.9 3.1 0.7
v -0.8 3.1 0.7
v -0.6 3.1 0.7
v -0.5 3.1 0.7
v 0.5 3.1 0.7
v 0.6 3.1 0.7
v 0.8 3.1 0.7
v 0.9 3.1 0.7
v 1 3.1 0.7
v -0.8 3.1 0.6
v -0.7 3.1 0.6
v -0.5 3.1 0.6
v -0.4 3.1 0.6
v 0.4 3.1 0.6
v 0.5 3.1 0.6
v 0.7 3.1 0.6
v 0.8 3.1 0.6
v -1.2 3.1 0.5
v -1.1 3.1 0.5
v -0.7 3.1 0.5
v -0.6 3.1 0.5
v -0.4 3.1 0.5
v -0.3 3.1 0.5
v 0.3 3.1 0.5
v 0.4 3.1 0.5
v 0.6 3.1 0.5
v 0.7 3.1 0.5
v 1 3.1 0.5
v 1.1 3.1 0.5
v 1.4 3.1 0.5
v 1.5 3.1 0.5
v -0.6 3.1 0.4
v -0.5 3.1 0.4
v -0.3 3.1 0.4
v -0.2 3.1 0.4
v 0.2 3.1 0.4
v 0.3 3.1 0.4
v 0.5 3.1 0.4
v 0.6 3.1 0.4
v -1.3 3.1 0.3
v -1.2 3.1 0.3
v -0.5 3.1 0.3
v -0.4 3.1 0.3
v -0.2 3.1 0.3
v -0.0999999 3.1 0.3
v 0.1 3.1 0.3
v 0.2 3.1 0.3
v 0.4 3.1 0.3
v 0.5 3.1 0.3
v 1.1 3.1 0.3
v 1.2 3.1 0.3
v -0.4 3.1 0.2
v -0.3 3.1 0.2
v -0.0999999 3.1 0.2
v 0.1 3.1 0.2
v 0.3 3.1 0.2
v 0.4 3.1 0.2
v -0.3 3.1 0.0999999
v -0.2 3.1 0.0999999
v 0.2 3.1 0.0999999
v 0.3 3.1 0.0999999
v -0.3 3.1 -0.1
v -0.2 3.1 -0.1
v 0.2 3.1 -0.1
v 0.3 3.1 -0.1
v -0.4 3.1 -0.2
v -0.3 3.1 -0.2
v -0.0999999 3.1 -0.2
v 0.1 3.1 -0.2
v 0.3 3.1 -0.2
v 0.4 3.1 -0.2
v -1.3 3.1 -0.3
v -1.2 3.1 -0.3
v -0.5 3.1 -0.3
v -0.4 3.1 -0.3
v -0.2 3.1 -0.3
v -0.0999999 3.1 -0.3
v 0.1 3.1 -0.3
v 0.2 3.1 -0.3
v 0.4 3.1 -0.3
v 0.5 3.1 -0.3
v 1.1 3.1 -0.3
v 1.2 3.1 -0.3
v -0.6 3.1 -0.4
v -0.5 3.1 -0.4
v -0.3 3.1 -0.4
v -0.2 3.1 -0.4
v 0.2 3.1 -0.4
v 0.3 3.1 -0.4
v 0.5 3.1 -0.4
v 0.6 3.1 -0.4
v -1.2 3.1 -0.5
v -1.1 3.1 -0.5
v -0.7 3.1 -0.5
v -0.6 3.1 -0.5
v -0.4 3.1 -0.5
v -0.3 3.1 -0.5
v 0.3 3.1 -0.5
v 0.4 3.1 -0.5
v 0.6 3.1 -0.5
v 0.7 3.1 -0.5
v 1 3.1 -0.5
v 1.1 3.1 -0.5
v -0.8 3.1 -0.6
v -0.7 3.1 -0.6
v -0.5 3.1 -0.6
v -0.4 3.1 -0.6
v 0.4 3.1 -0.6
v 0.5 3.1 -0.6
v 0.7 3.1 -0.6
v 0.8 3.1 -0.6
v 1.4 3.1 -0.6
v 1.5 3.1 -0.6
v -1.1 3.1 -0.7
v -1 3.1 -0.7
v -0.9 3.1 -0.7
v -0.8 3.1 -0.7
v -0.6 3.1 -0.7
v -0.5 3.1 -0.7
v 0.5 3.1 -0.7
v 0.6 3.1 -0.7
v 0.8 3.1 -0.7
v 0.9 3.1 -0.7
v 1 3.1 -0.7
v -1.5 3.1 -0.8
v -1.4 3.1 -0.8
v -1 3.1 -0.8
v -0.9 3.1 -0.8
v -0.7 3.1 -0.8
v -0.6 3.1 -0.8
v 0.6 3.1 -0.8
v 0.7 3.1 -0.8
v 0.9 3.1 -0.8
v 1 3.1 -0.8
v 1.3 3.1 -0.8
v 1.4 3.1 -0.8
v -1.1 3.1 -0.9
v -1 3.1 -0.9
v -0.8 3.1 -0.9
v -0.7 3.1 -0.9
v -0.6 3.1 -0.9
v 0.5 3.1 -0.9
v 0.7 3.1 -0.9
v 0.8 3.1 -0.9
v 1 3.1 -0.9
v 1.1 3.1 -0.9
v -1.4 3.1 -1
v -1.3 3.1 -1
v -1.2 3.1 -1
v -1.1 3.1 -1
v -0.9 3.1 -1
v -0.8 3.1 -1
v -0.6 3.1 -1
v 0.5 3.1 -1
v 0.8 3.1 -1
v 0.9 3.1 -1
v 1.1 3.1 -1
v 1.2 3.1 -1
v 1.3 3.1 -1
v -1.3 3.1 -1.1
v -1.2 3.1 -1.1
v -1 3.1 -1.1
v -0.9 3.1 -1.1
v 0.9 3.1 -1.1
v 1 3.1 -1.1
v 1.2 3.1 -1.1
v 1.3 3.1 -1.1
v -1.4 3.1 -1.2
v -1.3 3.1 -1.2
v -1.1 3.1 -1.2
v -1 3.1 -1.2
v 1 3.1 -1.2
v 1.1 3.1 -1.2
v 1.3 3.1 -1.2
v 1.4 3.1 -1.2
v -1.5 3.1 -1.3
v -1.4 3.1 -1.3
v -1.2 3.1 -1.3
v -1.1 3.1 -1.3
v -1 3.1 -1.3
v 0.9 3.1 -1.3
v 1.1 3.1 -1.3
v 1.2 3.1 -1.3
v 1.4 3.1 -1.3
v 1.5 3.1 -1.3
v -1.6 3.1 -1.4
v -1.5 3.1 -1.4
v -1.3 3.1 -1.4
v -1.2 3.1 -1.4
v -1 3.1 -1.4
v -0.8 3.1 -1.4
v 0.7 3.1 -1.4
v 0.9 3.1 -1.4
v 1.2 3.1 -1.4
v 1.3 3.1 -1.4
v 1.5 3.1 -1.4
v 1.6 3.1 -1.4
v -1.7 3.1 -1.5
v -1.6 3.1 -1.5
v -1.4 3.1 -1.5
v -1.3 3.1 -1.5
v -0.8 3.1 -1.5
v 0.7 3.1 -1.5
v 1.3 3.1 -1.5
v 1.4 3.1 -1.5
v 1.6 3.1 -1.5
v 1.7 3.1 -1.5
v -1.5 3.1 -1.6
v -1.4 3.1 -1.6
v 1.4 3.1 -1.6
v 1.5 3.1 -1.6
v -1.5 3.1 -1.7
v 1.5 3.1 -1.7
v -2 3.2 2
v 2 3.2 2
v -1.7 3.2 1.8
v 1.7 3.2 1.8
v -1.8 3.2 1.7
v -1.7 3.2 1.7
v -1.5 3.2 1.7
v 1.5 3.2 1.7
v 1.7 3.2 1.7
v 1.8 3.2 1.7
v -1.7 3.2 1.6
v -1.5 3.2 1.6
v -1.4 3.2 1.6
v 1.4 3.2 1.6
v 1.5 3.2 1.6
v 1.7 3.2 1.6
v -1.7 3.2 1.5
v -1.6 3.2 1.5
v -1.5 3.2 1.5
v -1.4 3.2 1.5
v -1.3 3.2 1.5
v 1.3 3.2 1.5
v 1.4 3.2 1.5
v 1.5 3.2 1.5
v 1.6 3.2 1.5
v 1.7 3.2 1.5
v -1.6 3.2 1.4
v -1.5 3.2 1.4
v -1.4 3.2 1.4
v -1.3 3.2 1.4
v -1.2 3.2 1.4
v 1.2 3.2 1.4
v 1.3 3.2 1.4
v 1.4 3.2 1.4
v 1.5 3.2 1.4
v 1.6 3.2 1.4
v -1.5 3.2 1.3
v -1.4 3.2 1.3
v -1.3 3.2 1.3
v -1.2 3.2 1.3
v -1.1 3.2 1.3
v 1.1 3.2 1.3
v 1.2 3.2 1.3
v 1.3 3.2 1.3
v 1.4 3.2 1.3
v 1.5 3.2 1.3
v -1.4 3.2 1.2
v -1.3 3.2 1.2
v -1.2 3.2 1.2
v -1.1 3.2 1.2
v -1 3.2 1.2
v 1 3.2 1.2
v 1.1 3.2 1.2
v 1.2 3.2 1.2
v 1.3 3.2 1.2
v 1.4 3.2 1.2
v -1.3 3.2 1.1
v -1.2 3.2 1.1
v -1.1 3.2 1.1
v -1 3.2 1.1
v -0.9 3.2 1.1
v 0.9 3.2 1.1
v 1 3.2 1.1
v 1.1 3.2 1.1
v 1.2 3.2 1.1
v 1.3 3.2 1.1
v -1.2 3.2 1
v -1.1 3.2 1
v -1 3.2 1
v -0.9 3.2 1
v -0.8 3.2 1
v 0.8 3.2 1
v 0.9 3.2 1
v 1 3.2 1
v 1.1 3.2 1
v 1.2 3.2 1
v -1.1 3.2 0.9
v -1 3.2 0.9
v -0.9 3.2 0.9
v -0.8 3.2 0.9
v -0.7 3.2 0.9
v 0.7 3.2 0.9
v 0.8 3.2 0.9
v 0.9 3.2 0.9
v 1 3.2 0.9
v 1.1 3.2 0.9
v -1 3.2 0.8
v -0.9 3.2 0.8
v -0.8 3.2 0.8
v -0.7 3.2 0.8
v -0.6 3.2 0.8
v 0.6 3.2 0.8
v 0.7 3.2 0.8
v 0.8 3.2 0.8
v 0.9 3.2 0.8
v 1 3.2 0.8
v -0.9 3.2 0.7
v -0.8 3.2 0.7
v -0.7 3.2 0.7
v -0.6 3.2 0.7
v -0.5 3.2 0.7
v 0.5 3.2 0.7
v 0.6 3.2 0.7
v 0.7 3.2 0.7
v 0.8 3.2 0.7
v 0.9 3.2 0.7
v -0.8 3.2 0.6
v -0.7 3.2 0.6
v -0.6 3.2 0.6
v -0.5 3.2 0.6
v -0.4 3.2 0.6
v 0.4 3.2 0.6
v 0.5 3.2 0.6
v 0.6 3.2 0.6
v 0.7 3.2 0.6
v 0.8 3.2 0.6
v -0.7 3.2 0.5
v -0.6 3.2 0.5
v -0.5 3.2 0.5
v -0.4 3.2 0.5
v -0.3 3.2 0.5
v 0.3 3.2 0.5
v 0.4 3.2 0.5
v 0.5 3.2 0.5
v 0.6 3.2 0.5
v 0.7 3.2 0.5
v -0.6 3.2 0.4
v -0.5 3.2 0.4
v -0.4 3.2 0.4
v -0.3 3.2 0.4
v -0.2 3.2 0.4
v 0.2 3.2 0.4
v 0.3 3.2 0.4
v 0.4 3.2 0.4
v 0.5 3.2 0.4
v 0.6 3.2 0.4
v -0.5 3.2 0.3
v -0.4 3.2 0.3
v -0.3 3.2 0.3
v -0.2 3.2 0.3
v -0.0999999 3.2 0.3
v 0.1 3.2 0.3
v 0.2 3.2 0.3
v 0.3 3.2 0.3
v 0.4 3.2 0.3
v 0.5 3.2 0.3
v -0.4 3.2 0.2
v -0.3 3.2 0.2
v -0.2 3.2 0.2
v -0.0999999 3.2 0.2
v 0.1 3.2 0.2
v 0.2 3.2 0.2
v 0.3 3.2 0.2
v 0.4 3.2 0.2
v -0.3 3.2 0.0999999
v -0.2 3.2 0.0999999
v -0.0999999 3.2 0.0999999
v 0.1 3.2 0.0999999
v 0.2 3.2 0.0999999
v 0.3 3.2 0.0999999
v -0.3 3.2 -0.1
v -0.2 3.2 -0.1
v -0.0999999 3.2 -0.1
v 0.1 3.2 -0.1
v 0.2 3.2 -0.1
v 0.3 3.2 -0.1
v -0.4 3.2 -0.2
v -0.3 3.2 -0.2
v -0.2 3.2 -0.2
v -0.0999999 3.2 -0.2
v 0.1 3.2 -0.2
v 0.2 3.2 -0.2
v 0.3 3.2 -0.2
v 0.4 3.2 -0.2
v -0.5 3.2 -0.3
v -0.4 3.2 -0.3
v -0.3 3.2 -0.3
v -0.2 3.2 -0.3
v -0.0999999 3.2 -0.3
v 0.1 3.2 -0.3
v 0.2 3.2 -0.3
v 0.3 3.2 -0.3
v 0.4 3.2 -0.3
v 0.5 3.2 -0.3
v -0.6 3.2 -0.4
v -0.5 3.2 -0.4
v -0.4 3.2 -0.4
v -0.3 3.2 -0.4
v -0.2 3.2 -0.4
v 0.2 3.2 -0.4
v 0.3 3.2 -0.4
v 0.4 3.2 -0.4
v 0.5 3.2 -0.4
v 0.6 3.2 -0.4
v -0.7 3.2 -0.5
v -0.6 3.2 -0.5
v -0.5 3.2 -0.5
v -0.4 3.2 -0.5
v -0.3 3.2 -0.5
v 0.3 3.2 -0.5
v 0.4 3.2 -0.5
v 0.5 3.2 -0.5
v 0.6 3.2 -0.5
v 0.7 3.2 -0.5
v -0.8 3.2 -0.6
v -0.7 3.2 -0.6
v -0.6 3.2 -0.6
v -0.5 3.2 -0.6
v -0.4 3.2 -0.6
v 0.4 3.2 -0.6
v 0.5 3.2 -0.6
v 0.6 3.2 -0.6
v 0.7 3.2 -0.6
v 0.8 3.2 -0.6
v -0.9 3.2 -0.7
v -0.8 3.2 -0.7
v -0.7 3.2 -0.7
v -0.6 3.2 -0.7
v -0.5 3.2 -0.7
v 0.5 3.2 -0.7
v 0.6 3.2 -0.7
v 0.7 3.2 -0.7
v 0.8 3.2 -0.7
v 0.9 3.2 -0.7
v -1 3.2 -0.8
v -0.9 3.2 -0.8
v -0.8 3.2 -0.8
v -0.7 3.2 -0.8
v -0.6 3.2 -0.8
v 0.6 3.2 -0.8
v 0.7 3.2 -0.8
v 0.8 3.2 -0.8
v 0.9 3.2 -0.8
v 1 3.2 -0.8
v -1.1 3.2 -0.9
v -1 3.2 -0.9
v -0.9 3.2 -0.9
v -0.8 3.2 -0.9
v -0.7 3.2 -0.9
v 0.7 3.2 -0.9
v 0.8 3.2 -0.9
v 0.9 3.2 -0.9
v 1 3.2 -0.9
v 1.1 3.2 -0.9
v -1.2 3.2 -1
v -1.1 3.2 -1
v -1 3.2 -1
v -0.9 3.2 -1
v -0.8 3.2 -1
v 0.8 3.2 -1
v 0.9 3.2 -1
v 1 3.2 -1
v 1.1 3.2 -1
v 1.2 3.2 -1
v -1.3 3.2 -1.1
v -1.2 3.2 -1.1
v -1.1 3.2 -1.1
v -1 3.2 -1.1
v -0.9 3.2 -1.1
v 0.9 3.2 -1.1
v 1 3.2 -1.1
v 1.1 3.2 -1.1
v 1.2 3.2 -1.1
v 1.3 3.2 -1.1
v -1.4 3.2 -1.2
v -1.3 3.2 -1.2
v -1.2 3.2 -1.2
v -1.1 3.2 -1.2
v -1 3.2 -1.2
v 1 3.2 -1.2
v 1.1 3.2 -1.2
v 1.2 3.2 -1.2
v 1.3 3.2 -1.2
v 1.4 3.2 -1.2
v -1.5 3.2 -1.3
v -1.4 3.2 -1.3
v -1.3 3.2 -1.3
v -1.2 3.2 -1.3
v -1.1 3.2 -1.3
v 1.1 3.2 -1.3
v 1.2 3.2 -1.3
v 1.3 3.2 -1.3
v 1.4 3.2 -1.3
v 1.5 3.2 -1.3
v -1.6 3.2 -1.4
v -1.5 3.2 -1.4
v -1.4 3.2 -1.4
v -1.3 3.2 -1.4
v -1.2 3.2 -1.4
v 1.2 3.2 -1.4
v 1.3 3.2 -1.4
v 1.4 3.2 -1.4
v 1.5 3.2 -1.4
v 1.6 3.2 -1.4
v -1.7 3.2 -1.5
v -1.6 3.2 -1.5
v -1.5 3.2 -1.5
v -1.4 3.2 -1.5
v -1.3 3.2 -1.5
v 1.3 3.2 -1.5
v 1.4 3.2 -1.5
v 1.5 3.2 -1.5
v 1.6 3.2 -1.5
v 1.7 3.2 -1.5
v -1.7 3.2 -1.6
v -1.5 3.2 -1.6
v -1.4 3.2 -1.6
v 1.4 3.2 -1.6
v 1.5 3.2 -1.6
v 1.7 3.2 -1.6
v -1.8 3.2 -1.7
v -1.7 3.2 -1.7
v -1.5 3.2 -1.7
v 1.5 3.2 -1.7
v 1.7 3.2 -1.7
v 1.8 3.2 -1.7
v -1.7 3.2 -1.8
v 1.7 3.2 -1.8
v -2 3.2 -2
v 2 3.2 -2

# faces
f 3/5/1 2/5/1 1/5/1
f 4/5/1 2/5/1 3/5/1
f 5/5/1 3/5/1 1/5/1
f 6/6/1 4/6/1 3/6/1
f 6/5/1 3/5/1 5/5/1
f 7/6/1 4/6/1 6/6/1
f 8/6/1 4/6/1 7/6/1
f 9/6/1 4/6/1 8/6/1
f 10/6/1 4/6/1 9/6/1
f 11/6/1 4/6/1 10/6/1
f 12/6/1 4/6/1 11/6/1
f 13/5/1 2/5/1 4/5/1
f 13/6/1 4/6/1 12/6/1
f 14/5/1 2/5/1 13/5/1
f 15/6/1 6/6/1 5/6/1
f 15/6/1 7/6/1 6/6/1
f 16/6/1 7/6/1 15/6/1
f 17/5/1 8/5/1 7/5/1
f 17/6/1 7/6/1 16/6/1
f 18/5/1 8/5/1 17/5/1
f 21/5/1 12/5/1 11/5/1
f 22/6/1 14/6/1 13/6/1
f 22/6/1 13/6/1 12/6/1
f 22/5/1 12/5/1 21/5/1
f 23/6/1 14/6/1 22/6/1
f 24/6/1 14/6/1 23/6/1
f 25/5/1 16/5/1 15/5/1
f 25/6/1 17/6/1 16/6/1
f 25/6/1 18/6/1 17/6/1
f 26/6/1 18/6/1 25/6/1
f 27/5/1 19/5/1 18/5/1
f 27/6/1 18/6/1 26/6/1
f 28/5/1 19/5/1 27/5/1
f 31/5/1 21/5/1 20/5/1
f 32/6/1 23/6/1 22/6/1
f 32/6/1 22/6/1 21/6/1
f 32/5/1 21/5/1 31/5/1
f 33/6/1 23/6/1 32/6/1
f 34/5/1 24/5/1 23/5/1
f 34/6/1 23/6/1 33/6/1
f 35/6/1 27/6/1 26/6/1
f 35/6/1 28/6/1 27/6/1
f 36/6/1 28/6/1 35/6/1
f 37/5/1 29/5/1 28/5/1
f 37/6/1 28/6/1 36/6/1
f 38/5/1 29/5/1 37/5/1
f 41/5/1 31/5/1 30/5/1
f 42/6/1 33/6/1 32/6/1
f 42/6/1 32/6/1 31/6/1
f 42/5/1 31/5/1 41/5/1
f 43/6/1 33/6/1 42/6/1
f 44/6/1 33/6/1 43/6/1
f 45/6/1 37/6/1 36/6/1
f 45/6/1 38/6/1 37/6/1
f 46/6/1 38/6/1 45/6/1
f 47/5/1 39/5/1 38/5/1
f 47/6/1 38/6/1 46/6/1
f 48/5/1 39/5/1 47/5/1
f 51/5/1 41/5/1 40/5/1
f 52/6/1 43/6/1 42/6/1
f 52/6/1 42/6/1 41/6/1
f 52/5/1 41/5/1 51/5/1
f 53/6/1 43/6/1 52/6/1
f 54/6/1 43/6/1 53/6/1
f 55/6/1 47/6/1 46/6/1
f 55/6/1 48/6/1 47/6/1
f 56/6/1 48/6/1 55/6/1
f 57/5/1 49/5/1 48/5/1
f 57/6/1 48/6/1 56/6/1
f 58/5/1 49/5/1 57/5/1
f 61/5/1 51/5/1 50/5/1
f 62/6/1 53/6/1 52/6/1
f 62/6/1 52/6/1 51/6/1
f 62/5/1 51/5/1 61/5/1
f 63/6/1 53/6/1 62/6/1
f 64/6/1 53/6/1 63/6/1
f 65/6/1 57/6/1 56/6/1
f 65/6/1 58/6/1 57/6/1
f 66/6/1 58/6/1 65/6/1
f 67/5/1 59/5/1 58/5/1
f 67/6/1 58/6/1 66/6/1
f 68/5/1 59/5/1 67/5/1
f 71/5/1 61/5/1 60/5/1
f 72/6/1 63/6/1 62/6/1
f 72/6/1 62/6/1 61/6/1
f 72/5/1 61/5/1 71/5/1
f 73/6/1 63/6/1 72/6/1
f 74/6/1 63/6/1 73/6/1
f 75/6/1 67/6/1 66/6/1
f 75/6/1 68/6/1 67/6/1
f 76/6/1 68/6/1 75/6/1
f 77/5/1 69/5/1 68/5/1
f 77/6/1 68/6/1 76/6/1
f 78/5/1 69/5/1 77/5/1
f 81/5/1 71/5/1 70/5/1
f 82/6/1 73/6/1 72/6/1
f 82/6/1 72/6/1 71/6/1
f 82/5/1 71/5/1 81/5/1
f 83/6/1 73/6/1 82/6/1
f 84/6/1 73/6/1 83/6/1
f 85/6/1 77/6/1 76/6/1
f 85/6/1 78/6/1 77/6/1
f 86/6/1 78/6/1 85/6/1
f 87/5/1 79/5/1 78/5/1
f 87/6/1 78/6/1 86/6/1
f 88/5/1 79/5/1 87/5/1
f 91/5/1 81/5/1 80/5/1
f 92/6/1 83/6/1 82/6/1
f 92/6/1 82/6/1 81/6/1
f 92/5/1 81/5/1 91/5/1
f 93/6/1 83/6/1 92/6/1
f 94/6/1 83/6/1 93/6/1
f 95/6/1 87/6/1 86/6/1
f 95/6/1 88/6/1 87/6/1
f 96/6/1 88/6/1 95/6/1
f 97/5/1 89/5/1 88/5/1
f 97/6/1 88/6/1 96/6/1
f 98/5/1 89/5/1 97/5/1
f 101/5/1 91/5/1 90/5/1
f 102/6/1 93/6/1 92/6/1
f 102/6/1 92/6/1 91/6/1
f 102/5/1 91/5/1 101/5/1
f 103/6/1 93/6/1 102/6/1
f 104/6/1 93/6/1 103/6/1
f 105/6/1 97/6/1 96/6/1
f 105/6/1 98/6/1 97/6/1
f 106/6/1 98/6/1 105/6/1
f 107/5/1 99/5/1 98/5/1
f 107/6/1 98/6/1 106/6/1
f 108/5/1 99/5/1 107/5/1
f 111/5/1 101/5/1 100/5/1
f 112/6/1 103/6/1 102/6/1
f 112/6/1 102/6/1 101/6/1
f 112/5/1 101/5/1 111/5/1
f 113/6/1 103/6/1 112/6/1
f 114/6/1 103/6/1 113/6/1
f 115/6/1 107/6/1 106/6/1
f 115/6/1 108/6/1 107/6/1
f 116/6/1 108/6/1 115/6/1
f 117/5/1 109/5/1 108/5/1
f 117/6/1 108/6/1 116/6/1
f 118/5/1 109/5/1 117/5/1
f 121/5/1 111/5/1 110/5/1
f 122/6/1 113/6/1 112/6/1
f 122/6/1 112/6/1 111/6/1
f 122/5/1 111/5/1 121/5/1
f 123/6/1 113/6/1 122/6/1
f 124/6/1 113/6/1 123/6/1
f 125/6/1 117/6/1 116/6/1
f 125/6/1 118/6/1 117/6/1
f 126/6/1 118/6/1 125/6/1
f 127/5/1 119/5/1 118/5/1
f 127/6/1 118/6/1 126/6/1
f 128/5/1 119/5/1 127/5/1
f 131/6/1 10/6/1 9/6/1
f 132/6/1 10/6/1 131/6/1
f 135/5/1 121/5/1 120/5/1
f 136/6/1 123/6/1 122/6/1
f 136/6/1 122/6/1 121/6/1
f 136/5/1 121/5/1 135/5/1
f 137/6/1 123/6/1 136/6/1
f 138/6/1 123/6/1 137/6/1
f 139/6/1 127/6/1 126/6/1
f 139/6/1 128/6/1 127/6/1
f 140/6/1 128/6/1 139/6/1
f 141/5/1 129/5/1 128/5/1
f 141/6/1 128/6/1 140/6/1
f 142/5/1 129/5/1 141/5/1
f 143/5/1 131/5/1 130/5/1
f 144/6/1 132/6/1 131/6/1
f 144/5/1 131/5/1 143/5/1
f 145/5/1 133/5/1 132/5/1
f 145/6/1 132/6/1 144/6/1
f 146/5/1 133/5/1 145/5/1
f 147/5/1 135/5/1 134/5/1
f 148/6/1 137/6/1 136/6/1
f 148/6/1 136/6/1 135/6/1
f 148/5/1 135/5/1 147/5/1
f 149/6/1 137/6/1 148/6/1
f 150/6/1 137/6/1 149/6/1
f 151/6/1 142/6/1 141/6/1
f 151/5/1 143/5/1 142/5/1
f 152/6/1 144/6/1 143/6/1
f 152/5/1 143/5/1 151/5/1
f 152/6/1 146/6/1 145/6/1
f 152/6/1 145/6/1 144/6/1
f 153/5/1 147/5/1 146/5/1
f 153/6/1 146/6/1 152/6/1
f 154/6/1 148/6/1 147/6/1
f 154/5/1 147/5/1 153/5/1
f 156/5/1 141/5/1 140/5/1
f 157/6/1 151/6/1 141/6/1
f 157/6/1 152/6/1 151/6/1
f 157/5/1 141/5/1 156/5/1
f 157/6/1 153/6/1 152/6/1
f 157/6/1 154/6/1 153/6/1
f 158/6/1 154/6/1 157/6/1
f 159/6/1 154/6/1 158/6/1
f 160/6/1 154/6/1 159/6/1
f 161/6/1 148/6/1 154/6/1
f 161/6/1 154/6/1 160/6/1
f 162/5/1 149/5/1 148/5/1
f 162/6/1 148/6/1 161/6/1
f 163/5/1 149/5/1 162/5/1
f 166/5/1 156/5/1 155/5/1
f 167/6/1 157/6/1 156/6/1
f 167/6/1 158/6/1 157/6/1
f 167/5/1 156/5/1 166/5/1
f 168/6/1 158/6/1 167/6/1
f 169/6/1 158/6/1 168/6/1
f 170/6/1 160/6/1 159/6/1
f 171/6/1 160/6/1 170/6/1
f 172/6/1 160/6/1 171/6/1
f 173/6/1 160/6/1 172/6/1
f 174/6/1 162/6/1 161/6/1
f 174/6/1 163/6/1 162/6/1
f 175/6/1 163/6/1 174/6/1
f 176/5/1 164/5/1 163/5/1
f 176/6/1 163/6/1 175/6/1
f 177/5/1 164/5/1 176/5/1
f 180/5/1 166/5/1 165/5/1
f 181/6/1 167/6/1 166/6/1
f 181/6/1 168/6/1 167/6/1
f 181/5/1 166/5/1 180/5/1
f 182/6/1 168/6/1 181/6/1
f 183/6/1 168/6/1 182/6/1
f 184/6/1 177/6/1 176/6/1
f 184/6/1 176/6/1 175/6/1
f 185/6/1 177/6/1 184/6/1
f 186/5/1 178/5/1 177/5/1
f 186/6/1 177/6/1 185/6/1
f 187/5/1 178/5/1 186/5/1
f 190/5/1 180/5/1 179/5/1
f 191/6/1 182/6/1 181/6/1
f 191/6/1 181/6/1 180/6/1
f 191/5/1 180/5/1 190/5/1
f 192/6/1 182/6/1 191/6/1
f 193/6/1 182/6/1 192/6/1
f 194/6/1 187/6/1 186/6/1
f 194/6/1 186/6/1 185/6/1
f 195/6/1 187/6/1 194/6/1
f 196/5/1 188/5/1 187/5/1
f 196/6/1 187/6/1 195/6/1
f 197/5/1 188/5/1 196/5/1
f 200/5/1 190/5/1 189/5/1
f 201/6/1 192/6/1 191/6/1
f 201/6/1 191/6/1 190/6/1
f 201/5/1 190/5/1 200/5/1
f 202/6/1 192/6/1 201/6/1
f 203/6/1 192/6/1 202/6/1
f 204/6/1 197/6/1 196/6/1
f 204/6/1 196/6/1 195/6/1
f 205/6/1 197/6/1 204/6/1
f 206/5/1 198/5/1 197/5/1
f 206/6/1 197/6/1 205/6/1
f 207/5/1 198/5/1 206/5/1
f 210/5/1 200/5/1 199/5/1
f 211/6/1 202/6/1 201/6/1
f 211/6/1 201/6/1 200/6/1
f 211/5/1 200/5/1 210/5/1
f 212/6/1 202/6/1 211/6/1
f 213/6/1 202/6/1 212/6/1
f 214/6/1 207/6/1 206/6/1
f 214/6/1 206/6/1 205/6/1
f 215/6/1 207/6/1 214/6/1
f 216/5/1 208/5/1 207/5/1
f 216/6/1 207/6/1 215/6/1
f 217/5/1 208/5/1 216/5/1
f 220/5/1 210/5/1 209/5/1
f 221/6/1 212/6/1 211/6/1
f 221/6/1 211/6/1 210/6/1
f 221/5/1 210/5/1 220/5/1
f 222/6/1 212/6/1 221/6/1
f 223/6/1 212/6/1 222/6/1
f 224/6/1 217/6/1 216/6/1
f 224/6/1 216/6/1 215/6/1
f 225/6/1 217/6/1 224/6/1
f 226/5/1 218/5/1 217/5/1
f 226/6/1 217/6/1 225/6/1
f 227/5/1 218/5/1 226/5/1
f 230/5/1 220/5/1 219/5/1
f 231/6/1 222/6/1 221/6/1
f 231/6/1 221/6/1 220/6/1
f 231/5/1 220/5/1 230/5/1
f 232/6/1 222/6/1 231/6/1
f 233/6/1 222/6/1 232/6/1
f 234/6/1 227/6/1 226/6/1
f 234/6/1 226/6/1 225/6/1
f 235/6/1 227/6/1 234/6/1
f 236/5/1 228/5/1 227/5/1
f 236/6/1 227/6/1 235/6/1
f 237/5/1 228/5/1 236/5/1
f 240/5/1 230/5/1 229/5/1
f 241/6/1 232/6/1 231/6/1
f 241/6/1 231/6/1 230/6/1
f 241/5/1 230/5/1 240/5/1
f 242/6/1 232/6/1 241/6/1
f 243/6/1 232/6/1 242/6/1
f 244/6/1 237/6/1 236/6/1
f 244/6/1 236/6/1 235/6/1
f 245/6/1 237/6/1 244/6/1
f 246/5/1 238/5/1 237/5/1
f 246/6/1 237/6/1 245/6/1
f 247/5/1 238/5/1 246/5/1
f 250/5/1 240/5/1 239/5/1
f 251/6/1 242/6/1 241/6/1
f 251/6/1 241/6/1 240/6/1
f 251/5/1 240/5/1 250/5/1
f 252/6/1 242/6/1 251/6/1
f 253/6/1 242/6/1 252/6/1
f 254/6/1 247/6/1 246/6/1
f 254/6/1 246/6/1 245/6/1
f 255/6/1 247/6/1 254/6/1
f 256/5/1 248/5/1 247/5/1
f 256/6/1 247/6/1 255/6/1
f 257/5/1 248/5/1 256/5/1
f 260/5/1 250/5/1 249/5/1
f 261/6/1 252/6/1 251/6/1
f 261/6/1 251/6/1 250/6/1
f 261/5/1 250/5/1 260/5/1
f 262/6/1 252/6/1 261/6/1
f 263/6/1 252/6/1 262/6/1
f 264/6/1 257/6/1 256/6/1
f 264/6/1 256/6/1 255/6/1
f 265/6/1 257/6/1 264/6/1
f 266/5/1 258/5/1 257/5/1
f 266/6/1 257/6/1 265/6/1
f 267/5/1 258/5/1 266/5/1
f 269/5/1 25/5/1 15/5/1
f 270/5/1 260/5/1 259/5/1
f 271/6/1 262/6/1 261/6/1
f 271/6/1 261/6/1 260/6/1
f 271/5/1 260/5/1 270/5/1
f 272/6/1 262/6/1 271/6/1
f 273/6/1 262/6/1 272/6/1
f 274/6/1 266/6/1 265/6/1
f 274/6/1 267/6/1 266/6/1
f 275/6/1 267/6/1 274/6/1
f 276/5/1 268/5/1 267/5/1
f 276/6/1 267/6/1 275/6/1
f 277/5/1 268/5/1 276/5/1
f 278/5/1 24/5/1 34/5/1
f 279/5/1 270/5/1 269/5/1
f 279/5/1 269/5/1 15/5/1
f 280/6/1 272/6/1 271/6/1
f 280/5/1 270/5/1 279/5/1
f 280/6/1 271/6/1 270/6/1
f 281/6/1 272/6/1 280/6/1
f 282/6/1 272/6/1 281/6/1
f 283/6/1 277/6/1 276/6/1
f 283/6/1 276/6/1 275/6/1
f 284/6/1 277/6/1 283/6/1
f 285/5/1 278/5/1 277/5/1
f 285/6/1 277/6/1 284/6/1
f 286/5/1 24/5/1 278/5/1
f 286/5/1 278/5/1 285/5/1
f 287/6/1 15/6/1 5/6/1
f 287/5/1 279/5/1 15/5/1
f 288/6/1 281/6/1 280/6/1
f 288/5/1 279/5/1 287/5/1
f 288/6/1 280/6/1 279/6/1
f 289/6/1 281/6/1 288/6/1
f 290/6/1 172/6/1 171/6/1
f 291/6/1 172/6/1 290/6/1
f 292/6/1 286/6/1 285/6/1
f 292/6/1 285/6/1 284/6/1
f 293/5/1 24/5/1 286/5/1
f 293/6/1 286/6/1 292/6/1
f 294/6/1 14/6/1 24/6/1
f 294/5/1 24/5/1 293/5/1
f 295/5/1 290/5/1 289/5/1
f 295/6/1 289/6/1 288/6/1
f 295/6/1 288/6/1 287/6/1
f 296/6/1 291/6/1 290/6/1
f 296/5/1 290/5/1 295/5/1
f 297/5/1 292/5/1 291/5/1
f 297/6/1 291/6/1 296/6/1
f 298/6/1 293/6/1 292/6/1
f 298/5/1 292/5/1 297/5/1
f 298/6/1 294/6/1 293/6/1
f 299/6/1 296/6/1 295/6/1
f 299/6/1 287/6/1 5/6/1
f 299/6/1 298/6/1 297/6/1
f 299/6/1 297/6/1 296/6/1
f 299/6/1 295/6/1 287/6/1
f 300/6/1 294/6/1 298/6/1
f 300/6/1 298/6/1 299/6/1
f 300/6/1 14/6/1 294/6/1
f 305/3/1 302/3/1 301/3/1
f 306/3/1 302/3/1 305/3/1
f 307/3/1 302/3/1 306/3/1
f 308/3/1 302/3/1 307/3/1
f 309/3/1 302/3/1 308/3/1
f 310/3/1 302/3/1 309/3/1
f 311/3/1 304/3/1 303/3/1
f 312/3/1 304/3/1 311/3/1
f 313/3/1 304/3/1 312/3/1
f 314/3/1 304/3/1 313/3/1
f 315/3/1 304/3/1 314/3/1
f 316/3/1 304/3/1 315/3/1
f 319/3/1 307/3/1 306/3/1
f 320/3/1 307/3/1 319/3/1
f 321/4/1 308/4/1 307/4/1
f 321/3/1 307/3/1 320/3/1
f 322/3/1 309/3/1 308/3/1
f 322/4/1 308/4/1 321/4/1
f 323/3/1 309/3/1 322/3/1
f 324/3/1 309/3/1 323/3/1
f 325/4/1 310/4/1 309/4/1
f 325/3/1 309/3/1 324/3/1
f 326/4/1 312/4/1 311/4/1
f 326/3/1 313/3/1 312/3/1
f 327/3/1 313/3/1 326/3/1
f 328/3/1 313/3/1 327/3/1
f 329/4/1 314/4/1 313/4/1
f 329/3/1 313/3/1 328/3/1
f 330/3/1 315/3/1 314/3/1
f 330/4/1 314/4/1 329/4/1
f 331/3/1 315/3/1 330/3/1
f 334/3/1 318/3/1 317/3/1
f 336/4/1 321/4/1 320/4/1
f 336/4/1 322/4/1 321/4/1
f 336/4/1 323/4/1 322/4/1
f 337/4/1 323/4/1 336/4/1
f 338/4/1 330/4/1 329/4/1
f 338/4/1 329/4/1 328/4/1
f 339/4/1 330/4/1 338/4/1
f 341/3/1 333/3/1 332/3/1
f 342/3/1 335/3/1 334/3/1
f 344/4/1 323/4/1 337/4/1
f 345/4/1 323/4/1 344/4/1
f 346/4/1 323/4/1 345/4/1
f 347/3/1 324/3/1 323/3/1
f 347/4/1 323/4/1 346/4/1
f 348/3/1 324/3/1 347/3/1
f 349/4/1 327/4/1 326/4/1
f 349/3/1 328/3/1 327/3/1
f 350/3/1 328/3/1 349/3/1
f 351/4/1 338/4/1 328/4/1
f 352/4/1 338/4/1 351/4/1
f 353/4/1 338/4/1 352/4/1
f 355/3/1 341/3/1 340/3/1
f 356/3/1 343/3/1 342/3/1
f 358/5/1 346/5/1 345/5/1
f 359/4/1 348/4/1 347/4/1
f 359/5/1 346/5/1 358/5/1
f 359/4/1 347/4/1 346/4/1
f 360/4/1 351/4/1 328/4/1
f 361/5/1 352/5/1 351/5/1
f 361/4/1 351/4/1 360/4/1
f 362/5/1 352/5/1 361/5/1
f 364/4/1 355/4/1 354/4/1
f 365/4/1 357/4/1 356/4/1
f 367/4/1 348/4/1 359/4/1
f 368/4/1 348/4/1 367/4/1
f 369/3/1 324/3/1 348/3/1
f 370/4/1 325/4/1 324/4/1
f 370/3/1 324/3/1 369/3/1
f 371/4/1 310/4/1 325/4/1
f 371/4/1 325/4/1 370/4/1
f 372/4/1 310/4/1 371/4/1
f 373/4/1 326/4/1 311/4/1
f 373/4/1 349/4/1 326/4/1
f 373/4/1 350/4/1 349/4/1
f 374/4/1 350/4/1 373/4/1
f 375/3/1 328/3/1 350/3/1
f 376/4/1 360/4/1 328/4/1
f 376/3/1 328/3/1 375/3/1
f 377/5/1 361/5/1 360/5/1
f 377/4/1 360/4/1 376/4/1
f 378/5/1 361/5/1 377/5/1
f 380/4/1 364/4/1 363/4/1
f 381/5/1 366/5/1 365/5/1
f 383/4/1 348/4/1 368/4/1
f 384/3/1 369/3/1 348/3/1
f 384/4/1 348/4/1 383/4/1
f 385/4/1 376/4/1 375/4/1
f 385/4/1 377/4/1 376/4/1
f 386/4/1 377/4/1 385/4/1
f 388/5/1 380/5/1 379/5/1
f 389/4/1 355/4/1 364/4/1
f 389/3/1 341/3/1 355/3/1
f 389/4/1 364/4/1 380/4/1
f 390/3/1 333/3/1 341/3/1
f 390/3/1 341/3/1 389/3/1
f 391/3/1 342/3/1 334/3/1
f 391/3/1 356/3/1 342/3/1
f 392/4/1 365/4/1 356/4/1
f 392/3/1 356/3/1 391/3/1
f 393/5/1 382/5/1 381/5/1
f 395/3/1 369/3/1 384/3/1
f 396/3/1 369/3/1 395/3/1
f 397/4/1 385/4/1 375/4/1
f 397/3/1 375/3/1 350/3/1
f 398/4/1 385/4/1 397/4/1
f 400/5/1 388/5/1 387/5/1
f 401/5/1 394/5/1 393/5/1
f 403/3/1 369/3/1 396/3/1
f 404/3/1 369/3/1 403/3/1
f 405/4/1 350/4/1 374/4/1
f 405/3/1 397/3/1 350/3/1
f 406/3/1 397/3/1 405/3/1
f 407/3/1 397/3/1 406/3/1
f 408/3/1 397/3/1 407/3/1
f 410/5/1 400/5/1 399/5/1
f 411/5/1 380/5/1 388/5/1
f 411/4/1 389/4/1 380/4/1
f 411/5/1 400/5/1 410/5/1
f 411/4/1 390/4/1 389/4/1
f 411/5/1 388/5/1 400/5/1
f 412/4/1 390/4/1 411/4/1
f 413/4/1 365/4/1 392/4/1
f 413/4/1 392/4/1 391/4/1
f 414/5/1 402/5/1 401/5/1
f 414/4/1 365/4/1 413/4/1
f 414/5/1 381/5/1 365/5/1
f 414/5/1 393/5/1 381/5/1
f 414/5/1 401/5/1 393/5/1
f 415/5/1 402/5/1 414/5/1
f 417/3/1 369/3/1 404/3/1
f 418/3/1 369/3/1 417/3/1
f 419/4/1 370/4/1 369/4/1
f 419/4/1 371/4/1 370/4/1
f 420/5/1 372/5/1 371/5/1
f 420/4/1 371/4/1 419/4/1
f 421/4/1 406/4/1 405/4/1
f 421/5/1 374/5/1 373/5/1
f 421/4/1 405/4/1 374/4/1
f 422/4/1 406/4/1 421/4/1
f 423/3/1 407/3/1 406/3/1
f 424/3/1 407/3/1 423/3/1
f 426/5/1 410/5/1 409/5/1
f 426/5/1 412/5/1 411/5/1
f 426/5/1 411/5/1 410/5/1
f 427/4/1 416/4/1 415/4/1
f 429/3/1 369/3/1 418/3/1
f 430/3/1 369/3/1 429/3/1
f 431/4/1 419/4/1 369/4/1
f 431/3/1 369/3/1 430/3/1
f 432/3/1 423/3/1 406/3/1
f 432/4/1 406/4/1 422/4/1
f 433/3/1 423/3/1 432/3/1
f 435/5/1 426/5/1 425/5/1
f 436/4/1 390/4/1 412/4/1
f 437/3/1 333/3/1 390/3/1
f 437/4/1 390/4/1 436/4/1
f 438/3/1 334/3/1 317/3/1
f 438/3/1 391/3/1 334/3/1
f 439/4/1 413/4/1 391/4/1
f 439/3/1 391/3/1 438/3/1
f 440/4/1 428/4/1 427/4/1
f 442/4/1 431/4/1 430/4/1
f 443/4/1 419/4/1 431/4/1
f 443/4/1 431/4/1 442/4/1
f 444/5/1 372/5/1 420/5/1
f 444/5/1 420/5/1 419/5/1
f 445/5/1 372/5/1 444/5/1
f 446/5/1 422/5/1 421/5/1
f 446/5/1 421/5/1 373/5/1
f 447/5/1 422/5/1 446/5/1
f 448/4/1 432/4/1 422/4/1
f 449/4/1 432/4/1 448/4/1
f 451/4/1 435/4/1 434/4/1
f 452/3/1 441/3/1 440/3/1
f 454/4/1 419/4/1 443/4/1
f 455/5/1 444/5/1 419/5/1
f 455/4/1 419/4/1 454/4/1
f 456/5/1 444/5/1 455/5/1
f 457/5/1 422/5/1 447/5/1
f 458/4/1 448/4/1 422/4/1
f 458/5/1 422/5/1 457/5/1
f 459/4/1 448/4/1 458/4/1
f 461/3/1 451/3/1 450/3/1
f 462/3/1 453/3/1 452/3/1
f 462/3/1 452/3/1 440/3/1
f 463/3/1 453/3/1 462/3/1
f 470/3/1 461/3/1 460/3/1
f 471/3/1 451/3/1 461/3/1
f 471/3/1 461/3/1 470/3/1
f 472/4/1 440/4/1 427/4/1
f 472/3/1 462/3/1 440/3/1
f 473/3/1 462/3/1 472/3/1
f 475/4/1 465/4/1 464/4/1
f 476/5/1 466/5/1 465/5/1
f 479/5/1 468/5/1 467/5/1
f 480/4/1 469/4/1 468/4/1
f 482/3/1 451/3/1 471/3/1
f 483/4/1 435/4/1 451/4/1
f 483/3/1 451/3/1 482/3/1
f 484/5/1 426/5/1 435/5/1
f 484/4/1 435/4/1 483/4/1
f 485/5/1 412/5/1 426/5/1
f 485/5/1 426/5/1 484/5/1
f 486/4/1 427/4/1 415/4/1
f 486/4/1 472/4/1 427/4/1
f 487/4/1 472/4/1 486/4/1
f 489/4/1 475/4/1 474/4/1
f 490/4/1 481/4/1 480/4/1
f 492/4/1 484/4/1 483/4/1
f 492/4/1 485/4/1 484/4/1
f 493/4/1 485/4/1 492/4/1
f 494/4/1 413/4/1 439/4/1
f 494/5/1 414/5/1 413/5/1
f 494/5/1 415/5/1 414/5/1
f 494/4/1 439/4/1 438/4/1
f 495/5/1 415/5/1 494/5/1
f 496/4/1 486/4/1 415/4/1
f 496/5/1 415/5/1 495/5/1
f 497/4/1 486/4/1 496/4/1
f 499/3/1 489/3/1 488/3/1
f 500/3/1 491/3/1 490/3/1
f 502/4/1 485/4/1 493/4/1
f 503/5/1 412/5/1 485/5/1
f 503/4/1 485/4/1 502/4/1
f 504/3/1 438/3/1 317/3/1
f 504/4/1 495/4/1 494/4/1
f 504/4/1 494/4/1 438/4/1
f 505/4/1 495/4/1 504/4/1
f 506/5/1 496/5/1 495/5/1
f 507/5/1 496/5/1 506/5/1
f 509/3/1 499/3/1 498/3/1
f 510/4/1 475/4/1 489/4/1
f 510/3/1 489/3/1 499/3/1
f 510/3/1 499/3/1 509/3/1
f 511/4/1 465/4/1 475/4/1
f 511/4/1 475/4/1 510/4/1
f 512/5/1 477/5/1 476/5/1
f 512/4/1 465/4/1 511/4/1
f 512/5/1 476/5/1 465/5/1
f 513/5/1 477/5/1 512/5/1
f 514/4/1 490/4/1 480/4/1
f 514/4/1 480/4/1 468/4/1
f 515/3/1 501/3/1 500/3/1
f 515/4/1 490/4/1 514/4/1
f 515/3/1 500/3/1 490/3/1
f 516/3/1 501/3/1 515/3/1
f 518/5/1 412/5/1 503/5/1
f 519/5/1 412/5/1 518/5/1
f 520/5/1 412/5/1 519/5/1
f 521/4/1 436/4/1 412/4/1
f 521/5/1 412/5/1 520/5/1
f 522/5/1 506/5/1 495/5/1
f 523/5/1 506/5/1 522/5/1
f 525/3/1 509/3/1 508/3/1
f 525/3/1 511/3/1 510/3/1
f 525/3/1 510/3/1 509/3/1
f 526/5/1 479/5/1 478/5/1
f 526/5/1 468/5/1 479/5/1
f 527/4/1 514/4/1 468/4/1
f 527/5/1 468/5/1 526/5/1
f 528/3/1 517/3/1 516/3/1
f 528/3/1 515/3/1 514/3/1
f 528/3/1 516/3/1 515/3/1
f 530/5/1 520/5/1 519/5/1
f 531/5/1 520/5/1 530/5/1
f 532/4/1 495/4/1 505/4/1
f 532/3/1 505/3/1 504/3/1
f 533/4/1 495/4/1 532/4/1
f 534/5/1 522/5/1 495/5/1
f 535/5/1 522/5/1 534/5/1
f 537/3/1 525/3/1 524/3/1
f 538/3/1 529/3/1 528/3/1
f 540/5/1 520/5/1 531/5/1
f 541/5/1 520/5/1 540/5/1
f 542/4/1 436/4/1 521/4/1
f 542/4/1 521/4/1 520/4/1
f 543/3/1 437/3/1 436/3/1
f 543/4/1 436/4/1 542/4/1
f 544/4/1 495/4/1 533/4/1
f 544/5/1 534/5/1 495/5/1
f 545/5/1 534/5/1 544/5/1
f 547/4/1 537/4/1 536/4/1
f 548/5/1 526/5/1 478/5/1
f 549/4/1 527/4/1 526/4/1
f 549/5/1 526/5/1 548/5/1
f 550/4/1 514/4/1 527/4/1
f 550/4/1 527/4/1 549/4/1
f 551/3/1 528/3/1 514/3/1
f 551/4/1 514/4/1 550/4/1
f 551/3/1 538/3/1 528/3/1
f 552/4/1 539/4/1 538/4/1
f 554/5/1 520/5/1 541/5/1
f 555/4/1 542/4/1 520/4/1
f 555/5/1 520/5/1 554/5/1
f 556/3/1 533/3/1 532/3/1
f 556/4/1 544/4/1 533/4/1
f 557/4/1 544/4/1 556/4/1
f 559/4/1 547/4/1 546/4/1
f 560/4/1 512/4/1 511/4/1
f 560/4/1 513/4/1 512/4/1
f 560/3/1 511/3/1 525/3/1
f 560/3/1 525/3/1 537/3/1
f 561/4/1 513/4/1 560/4/1
f 562/5/1 477/5/1 513/5/1
f 562/4/1 513/4/1 561/4/1
f 563/5/1 477/5/1 562/5/1
f 564/4/1 553/4/1 552/4/1
f 566/4/1 542/4/1 555/4/1
f 567/3/1 543/3/1 542/3/1
f 567/4/1 542/4/1 566/4/1
f 568/3/1 532/3/1 504/3/1
f 568/3/1 556/3/1 532/3/1
f 569/3/1 556/3/1 568/3/1
f 571/5/1 559/5/1 558/5/1
f 572/4/1 547/4/1 559/4/1
f 572/5/1 559/5/1 571/5/1
f 573/5/1 565/5/1 564/5/1
f 573/4/1 564/4/1 552/4/1
f 574/5/1 565/5/1 573/5/1
f 576/3/1 543/3/1 567/3/1
f 577/3/1 437/3/1 543/3/1
f 577/3/1 543/3/1 576/3/1
f 578/3/1 504/3/1 317/3/1
f 578/3/1 568/3/1 504/3/1
f 579/3/1 568/3/1 578/3/1
f 581/4/1 571/4/1 570/4/1
f 581/4/1 572/4/1 571/4/1
f 582/4/1 547/4/1 572/4/1
f 582/4/1 537/4/1 547/4/1
f 582/4/1 572/4/1 581/4/1
f 583/3/1 561/3/1 560/3/1
f 583/4/1 537/4/1 582/4/1
f 583/3/1 560/3/1 537/3/1
f 584/4/1 575/4/1 574/4/1
f 584/3/1 538/3/1 551/3/1
f 584/4/1 574/4/1 573/4/1
f 584/4/1 573/4/1 552/4/1
f 584/4/1 552/4/1 538/4/1
f 584/3/1 551/3/1 550/3/1
f 585/4/1 575/4/1 584/4/1
f 586/4/1 575/4/1 585/4/1
f 588/3/1 437/3/1 577/3/1
f 589/3/1 333/3/1 437/3/1
f 589/3/1 437/3/1 588/3/1
f 590/3/1 578/3/1 317/3/1
f 591/3/1 578/3/1 590/3/1
f 593/4/1 581/4/1 580/4/1
f 593/4/1 582/4/1 581/4/1
f 594/3/1 561/3/1 583/3/1
f 594/4/1 563/4/1 562/4/1
f 594/3/1 583/3/1 582/3/1
f 594/4/1 562/4/1 561/4/1
f 595/4/1 563/4/1 594/4/1
f 596/4/1 549/4/1 548/4/1
f 596/4/1 550/4/1 549/4/1
f 597/3/1 585/3/1 584/3/1
f 597/4/1 550/4/1 596/4/1
f 597/3/1 584/3/1 550/3/1
f 598/4/1 587/4/1 586/4/1
f 598/4/1 586/4/1 585/4/1
f 600/3/1 333/3/1 589/3/1
f 601/3/1 333/3/1 600/3/1
f 603/3/1 593/3/1 592/3/1
f 604/4/1 582/4/1 593/4/1
f 604/3/1 593/3/1 603/3/1
f 605/3/1 595/3/1 594/3/1
f 605/4/1 582/4/1 604/4/1
f 605/3/1 594/3/1 582/3/1
f 606/3/1 585/3/1 597/3/1
f 606/3/1 597/3/1 596/3/1
f 606/4/1 598/4/1 585/4/1
f 607/3/1 599/3/1 598/3/1
f 607/4/1 598/4/1 606/4/1
f 608/3/1 599/3/1 607/3/1
f 610/3/1 603/3/1 602/3/1
f 610/3/1 604/3/1 603/3/1
f 610/3/1 605/3/1 604/3/1
f 611/3/1 595/3/1 605/3/1
f 611/3/1 605/3/1 610/3/1
f 612/3/1 609/3/1 608/3/1
f 612/3/1 608/3/1 607/3/1
f 612/3/1 606/3/1 596/3/1
f 612/3/1 607/3/1 606/3/1
f 613/3/1 609/3/1 612/3/1
f 618/6/1 615/6/1 614/6/1
f 619/6/1 615/6/1 618/6/1
f 620/6/1 617/6/1 616/6/1
f 621/6/1 617/6/1 620/6/1
f 626/5/1 623/5/1 622/5/1
f 627/5/1 623/5/1 626/5/1
f 628/5/1 625/5/1 624/5/1
f 629/5/1 625/5/1 628/5/1
f 634/6/1 631/6/1 630/6/1
f 635/6/1 631/6/1 634/6/1
f 636/6/1 633/6/1 632/6/1
f 637/6/1 633/6/1 636/6/1
f 642/5/1 639/5/1 638/5/1
f 643/5/1 639/5/1 642/5/1
f 644/5/1 641/5/1 640/5/1
f 645/5/1 641/5/1 644/5/1
f 650/6/1 647/6/1 646/6/1
f 651/6/1 647/6/1 650/6/1
f 652/6/1 649/6/1 648/6/1
f 653/6/1 649/6/1 652/6/1
f 658/6/1 655/6/1 654/6/1
f 659/6/1 655/6/1 658/6/1
f 660/6/1 657/6/1 656/6/1
f 661/6/1 657/6/1 660/6/1
f 666/5/1 663/5/1 662/5/1
f 667/5/1 663/5/1 666/5/1
f 668/5/1 665/5/1 664/5/1
f 669/5/1 665/5/1 668/5/1
f 674/6/1 671/6/1 670/6/1
f 675/6/1 671/6/1 674/6/1
f 676/6/1 673/6/1 672/6/1
f 677/6/1 673/6/1 676/6/1
f 682/6/1 679/6/1 678/6/1
f 683/6/1 679/6/1 682/6/1
f 684/6/1 681/6/1 680/6/1
f 685/6/1 681/6/1 684/6/1
f 690/5/1 687/5/1 686/5/1
f 691/5/1 687/5/1 690/5/1
f 692/5/1 689/5/1 688/5/1
f 693/5/1 689/5/1 692/5/1
f 698/6/1 695/6/1 694/6/1
f 699/6/1 695/6/1 698/6/1
f 700/6/1 697/6/1 696/6/1
f 701/6/1 697/6/1 700/6/1
f 706/6/1 703/6/1 702/6/1
f 707/6/1 703/6/1 706/6/1
f 708/6/1 705/6/1 704/6/1
f 709/6/1 705/6/1 708/6/1
f 714/5/1 711/5/1 710/5/1
f 715/5/1 711/5/1 714/5/1
f 716/5/1 713/5/1 712/5/1
f 717/5/1 713/5/1 716/5/1
f 722/6/1 719/6/1 718/6/1
f 723/6/1 719/6/1 722/6/1
f 724/6/1 721/6/1 720/6/1
f 725/6/1 721/6/1 724/6/1
f 730/6/1 727/6/1 726/6/1
f 731/6/1 727/6/1 730/6/1
f 732/6/1 729/6/1 728/6/1
f 733/6/1 729/6/1 732/6/1
f 738/5/1 735/5/1 734/5/1
f 739/5/1 735/5/1 738/5/1
f 740/5/1 737/5/1 736/5/1
f 741/5/1 737/5/1 740/5/1
f 746/6/1 743/6/1 742/6/1
f 747/6/1 743/6/1 746/6/1
f 748/6/1 745/6/1 744/6/1
f 749/6/1 745/6/1 748/6/1
f 754/6/1 751/6/1 750/6/1
f 755/6/1 751/6/1 754/6/1
f 756/6/1 753/6/1 752/6/1
f 757/6/1 753/6/1 756/6/1
f 762/5/1 759/5/1 758/5/1
f 763/5/1 759/5/1 762/5/1
f 764/5/1 761/5/1 760/5/1
f 765/5/1 761/5/1 764/5/1
f 770/6/1 767/6/1 766/6/1
f 771/6/1 767/6/1 770/6/1
f 772/6/1 769/6/1 768/6/1
f 773/6/1 769/6/1 772/6/1
f 778/6/1 775/6/1 774/6/1
f 779/6/1 775/6/1 778/6/1
f 780/6/1 777/6/1 776/6/1
f 781/6/1 777/6/1 780/6/1
f 786/5/1 783/5/1 782/5/1
f 787/5/1 783/5/1 786/5/1
f 788/5/1 785/5/1 784/5/1
f 789/5/1 785/5/1 788/5/1
f 794/6/1 791/6/1 790/6/1
f 795/6/1 791/6/1 794/6/1
f 796/6/1 793/6/1 792/6/1
f 797/6/1 793/6/1 796/6/1
f 802/6/1 799/6/1 798/6/1
f 803/6/1 799/6/1 802/6/1
f 804/6/1 801/6/1 800/6/1
f 805/6/1 801/6/1 804/6/1
f 810/5/1 807/5/1 806/5/1
f 811/5/1 807/5/1 810/5/1
f 812/5/1 809/5/1 808/5/1
f 813/5/1 809/5/1 812/5/1
f 818/6/1 815/6/1 814/6/1
f 819/6/1 815/6/1 818/6/1
f 820/6/1 817/6/1 816/6/1
f 821/6/1 817/6/1 820/6/1
f 826/6/1 823/6/1 822/6/1
f 827/6/1 823/6/1 826/6/1
f 828/6/1 825/6/1 824/6/1
f 829/6/1 825/6/1 828/6/1
f 834/5/1 831/5/1 830/5/1
f 835/5/1 831/5/1 834/5/1
f 836/5/1 833/5/1 832/5/1
f 837/5/1 833/5/1 836/5/1
f 842/6/1 839/6/1 838/6/1
f 843/6/1 839/6/1 842/6/1
f 844/6/1 841/6/1 840/6/1
f 845/6/1 841/6/1 844/6/1
f 850/6/1 847/6/1 846/6/1
f 851/6/1 847/6/1 850/6/1
f 852/6/1 849/6/1 848/6/1
f 853/6/1 849/6/1 852/6/1
f 858/5/1 855/5/1 854/5/1
f 859/5/1 855/5/1 858/5/1
f 860/5/1 857/5/1 856/5/1
f 861/5/1 857/5/1 860/5/1
f 866/6/1 863/6/1 862/6/1
f 867/6/1 863/6/1 866/6/1
f 868/6/1 865/6/1 864/6/1
f 869/6/1 865/6/1 868/6/1
f 874/6/1 871/6/1 870/6/1
f 875/6/1 871/6/1 874/6/1
f 876/6/1 873/6/1 872/6/1
f 877/6/1 873/6/1 876/6/1
f 878/5/1 875/5/1 874/5/1
f 879/5/1 875/5/1 878/5/1
f 880/5/1 877/5/1 876/5/1
f 881/5/1 877/5/1 880/5/1
f 886/6/1 883/6/1 882/6/1
f 887/6/1 883/6/1 886/6/1
f 888/6/1 885/6/1 884/6/1
f 889/6/1 885/6/1 888/6/1
f 894/6/1 891/6/1 890/6/1
f 895/6/1 891/6/1 894/6/1
f 896/6/1 893/6/1 892/6/1
f 897/6/1 893/6/1 896/6/1
f 902/6/1 899/6/1 898/6/1
f 903/6/1 899/6/1 902/6/1
f 904/6/1 901/6/1 900/6/1
f 905/6/1 901/6/1 904/6/1
f 910/6/1 907/6/1 906/6/1
f 911/6/1 907/6/1 910/6/1
f 912/6/1 909/6/1 908/6/1
f 913/6/1 909/6/1 912/6/1
f 918/5/1 915/5/1 914/5/1
f 919/5/1 915/5/1 918/5/1
f 920/6/1 917/6/1 916/6/1
f 921/6/1 917/6/1 920/6/1
f 926/6/1 923/6/1 922/6/1
f 927/6/1 923/6/1 926/6/1
f 928/6/1 925/6/1 924/6/1
f 929/6/1 925/6/1 928/6/1
f 932/6/1 931/6/1 930/6/1
f 933/6/1 931/6/1 932/6/1
f 938/6/1 935/6/1 934/6/1
f 939/6/1 937/6/1 936/6/1
f 940/6/1 938/6/1 934/6/1
f 941/6/1 937/6/1 939/6/1
f 942/6/1 940/6/1 934/6/1
f 943/6/1 940/6/1 942/6/1
f 944/6/1 937/6/1 941/6/1
f 945/6/1 937/6/1 944/6/1
f 950/6/1 947/6/1 946/6/1
f 951/6/1 949/6/1 948/6/1
f 952/6/1 950/6/1 946/6/1
f 953/6/1 949/6/1 951/6/1
f 954/6/1 952/6/1 946/6/1
f 955/6/1 952/6/1 954/6/1
f 956/6/1 949/6/1 953/6/1
f 957/6/1 949/6/1 956/6/1
f 962/5/1 959/5/1 958/5/1
f 963/5/1 959/5/1 962/5/1
f 964/5/1 961/5/1 960/5/1
f 965/5/1 961/5/1 964/5/1
f 970/5/1 967/5/1 966/5/1
f 971/5/1 967/5/1 970/5/1
f 972/5/1 969/5/1 968/5/1
f 973/5/1 969/5/1 972/5/1
f 978/5/1 975/5/1 974/5/1
f 979/5/1 975/5/1 978/5/1
f 980/5/1 977/5/1 976/5/1
f 981/5/1 977/5/1 980/5/1
f 986/5/1 983/5/1 982/5/1
f 987/5/1 983/5/1 986/5/1
f 988/5/1 985/5/1 984/5/1
f 989/5/1 985/5/1 988/5/1
f 994/6/1 991/6/1 990/6/1
f 995/6/1 991/6/1 994/6/1
f 996/6/1 993/6/1 992/6/1
f 997/6/1 993/6/1 996/6/1
f 1002/5/1 999/5/1 998/5/1
f 1003/5/1 999/5/1 1002/5/1
f 1004/5/1 1001/5/1 1000/5/1
f 1005/5/1 1001/5/1 1004/5/1
f 1010/5/1 1007/5/1 1006/5/1
f 1011/5/1 1007/5/1 1010/5/1
f 1012/5/1 1009/5/1 1008/5/1
f 1013/5/1 1009/5/1 1012/5/1
f 1018/6/1 1015/6/1 1014/6/1
f 1019/6/1 1015/6/1 1018/6/1
f 1020/6/1 1017/6/1 1016/6/1
f 1021/6/1 1017/6/1 1020/6/1
f 1026/5/1 1023/5/1 1022/5/1
f 1027/5/1 1023/5/1 1026/5/1
f 1028/5/1 1025/5/1 1024/5/1
f 1029/5/1 1025/5/1 1028/5/1
f 1034/5/1 1031/5/1 1030/5/1
f 1035/5/1 1031/5/1 1034/5/1
f 1036/5/1 1033/5/1 1032/5/1
f 1037/5/1 1033/5/1 1036/5/1
f 1042/6/1 1039/6/1 1038/6/1
f 1043/6/1 1039/6/1 1042/6/1
f 1044/6/1 1041/6/1 1040/6/1
f 1045/6/1 1041/6/1 1044/6/1
f 1050/5/1 1047/5/1 1046/5/1
f 1051/5/1 1047/5/1 1050/5/1
f 1052/5/1 1049/5/1 1048/5/1
f 1053/5/1 1049/5/1 1052/5/1
f 1058/5/1 1055/5/1 1054/5/1
f 1059/5/1 1055/5/1 1058/5/1
f 1060/5/1 1057/5/1 1056/5/1
f 1061/5/1 1057/5/1 1060/5/1
f 1066/6/1 1063/6/1 1062/6/1
f 1067/6/1 1063/6/1 1066/6/1
f 1068/6/1 1065/6/1 1064/6/1
f 1069/6/1 1065/6/1 1068/6/1
f 1074/5/1 1071/5/1 1070/5/1
f 1075/5/1 1071/5/1 1074/5/1
f 1076/5/1 1073/5/1 1072/5/1
f 1077/5/1 1073/5/1 1076/5/1
f 1082/5/1 1079/5/1 1078/5/1
f 1083/5/1 1079/5/1 1082/5/1
f 1084/5/1 1081/5/1 1080/5/1
f 1085/5/1 1081/5/1 1084/5/1
f 1090/6/1 1087/6/1 1086/6/1
f 1091/6/1 1087/6/1 1090/6/1
f 1092/6/1 1089/6/1 1088/6/1
f 1093/6/1 1089/6/1 1092/6/1
f 1098/5/1 1095/5/1 1094/5/1
f 1099/5/1 1095/5/1 1098/5/1
f 1100/5/1 1097/5/1 1096/5/1
f 1101/5/1 1097/5/1 1100/5/1
f 1106/5/1 1103/5/1 1102/5/1
f 1107/5/1 1103/5/1 1106/5/1
f 1108/5/1 1105/5/1 1104/5/1
f 1109/5/1 1105/5/1 1108/5/1
f 1114/6/1 1111/6/1 1110/6/1
f 1115/6/1 1111/6/1 1114/6/1
f 1116/6/1 1113/6/1 1112/6/1
f 1117/6/1 1113/6/1 1116/6/1
f 1122/5/1 1119/5/1 1118/5/1
f 1123/5/1 1119/5/1 1122/5/1
f 1124/5/1 1121/5/1 1120/5/1
f 1125/5/1 1121/5/1 1124/5/1
f 1130/5/1 1127/5/1 1126/5/1
f 1131/5/1 1127/5/1 1130/5/1
f 1132/5/1 1129/5/1 1128/5/1
f 1133/5/1 1129/5/1 1132/5/1
f 1138/6/1 1135/6/1 1134/6/1
f 1139/6/1 1135/6/1 1138/6/1
f 1140/6/1 1137/6/1 1136/6/1
f 1141/6/1 1137/6/1 1140/6/1
f 1146/5/1 1143/5/1 1142/5/1
f 1147/5/1 1143/5/1 1146/5/1
f 1148/5/1 1145/5/1 1144/5/1
f 1149/5/1 1145/5/1 1148/5/1
f 1154/5/1 1151/5/1 1150/5/1
f 1155/5/1 1151/5/1 1154/5/1
f 1156/5/1 1153/5/1 1152/5/1
f 1157/5/1 1153/5/1 1156/5/1
f 1162/6/1 1159/6/1 1158/6/1
f 1163/6/1 1159/6/1 1162/6/1
f 1164/6/1 1161/6/1 1160/6/1
f 1165/6/1 1161/6/1 1164/6/1
f 1170/5/1 1167/5/1 1166/5/1
f 1171/5/1 1167/5/1 1170/5/1
f 1172/5/1 1169/5/1 1168/5/1
f 1173/5/1 1169/5/1 1172/5/1
f 1178/5/1 1175/5/1 1174/5/1
f 1179/5/1 1175/5/1 1178/5/1
f 1180/5/1 1177/5/1 1176/5/1
f 1181/5/1 1177/5/1 1180/5/1
f 1186/6/1 1183/6/1 1182/6/1
f 1187/6/1 1183/6/1 1186/6/1
f 1188/6/1 1185/6/1 1184/6/1
f 1189/6/1 1185/6/1 1188/6/1
f 1194/5/1 1191/5/1 1190/5/1
f 1195/5/1 1191/5/1 1194/5/1
f 1196/5/1 1193/5/1 1192/5/1
f 1197/5/1 1193/5/1 1196/5/1
f 1202/5/1 1199/5/1 1198/5/1
f 1203/5/1 1199/5/1 1202/5/1
f 1204/5/1 1201/5/1 1200/5/1
f 1205/5/1 1201/5/1 1204/5/1
f 1210/6/1 1207/6/1 1206/6/1
f 1211/6/1 1207/6/1 1210/6/1
f 1212/6/1 1209/6/1 1208/6/1
f 1213/6/1 1209/6/1 1212/6/1
f 1218/5/1 1215/5/1 1214/5/1
f 1219/5/1 1215/5/1 1218/5/1
f 1220/5/1 1217/5/1 1216/5/1
f 1221/5/1 1217/5/1 1220/5/1
f 1226/5/1 1223/5/1 1222/5/1
f 1227/5/1 1223/5/1 1226/5/1
f 1228/5/1 1225/5/1 1224/5/1
f 1229/5/1 1225/5/1 1228/5/1
f 1234/6/1 1231/6/1 1230/6/1
f 1235/6/1 1231/6/1 1234/6/1
f 1236/6/1 1233/6/1 1232/6/1
f 1237/6/1 1233/6/1 1236/6/1
f 1242/5/1 1239/5/1 1238/5/1
f 1243/5/1 1239/5/1 1242/5/1
f 1244/5/1 1241/5/1 1240/5/1
f 1245/5/1 1241/5/1 1244/5/1
f 1250/5/1 1247/5/1 1246/5/1
f 1251/5/1 1247/5/1 1250/5/1
f 1252/5/1 1249/5/1 1248/5/1
f 1253/5/1 1249/5/1 1252/5/1
f 1258/6/1 1255/6/1 1254/6/1
f 1259/6/1 1255/6/1 1258/6/1
f 1260/6/1 1257/6/1 1256/6/1
f 1261/6/1 1257/6/1 1260/6/1
f 1266/5/1 1263/5/1 1262/5/1
f 1267/5/1 1263/5/1 1266/5/1
f 1268/5/1 1265/5/1 1264/5/1
f 1269/5/1 1265/5/1 1268/5/1
f 1276/5/1 1271/5/1 1270/5/1
f 1277/5/1 1271/5/1 1276/5/1
f 1278/5/1 1275/5/1 1274/5/1
f 1279/5/1 1275/5/1 1278/5/1
f 1284/6/1 1281/6/1 1280/6/1
f 1285/6/1 1281/6/1 1284/6/1
f 1286/3/1 1273/3/1 1272/3/1
f 1287/3/1 1273/3/1 1286/3/1
f 1288/6/1 1283/6/1 1282/6/1
f 1289/6/1 1283/6/1 1288/6/1
f 1292/5/1 1291/5/1 1290/5/1
f 1293/5/1 1291/5/1 1292/5/1
f 1298/5/1 1295/5/1 1294/5/1
f 1299/5/1 1295/5/1 1298/5/1
f 1300/5/1 1297/5/1 1296/5/1
f 1301/5/1 1297/5/1 1300/5/1
f 1302/5/2 1303/5/2 1306/5/2
f 1306/5/2 1303/5/2 1307/5/2
f 1304/5/2 1305/5/2 1308/5/2
f 1308/5/2 1305/5/2 1309/5/2
f 1310/5/2 1311/5/2 1312/5/2
f 1312/5/2 1311/5/2 1313/5/2
f 1314/5/2 1315/5/2 1320/5/2
f 1320/5/2 1315/5/2 1321/5/2
f 1318/5/2 1319/5/2 1322/5/2
f 1322/5/2 1319/5/2 1323/5/2
f 1324/6/2 1325/6/2 1328/6/2
f 1328/6/2 1325/6/2 1329/6/2
f 1316/3/2 1317/3/2 1330/3/2
f 1330/3/2 1317/3/2 1331/3/2
f 1326/6/2 1327/6/2 1332/6/2
f 1332/6/2 1327/6/2 1333/6/2
f 1334/5/2 1335/5/2 1338/5/2
f 1338/5/2 1335/5/2 1339/5/2
f 1336/5/2 1337/5/2 1340/5/2
f 1340/5/2 1337/5/2 1341/5/2
f 1342/6/2 1343/6/2 1346/6/2
f 1346/6/2 1343/6/2 1347/6/2
f 1344/6/2 1345/6/2 1348/6/2
f 1348/6/2 1345/6/2 1349/6/2
f 1350/5/2 1351/5/2 1354/5/2
f 1354/5/2 1351/5/2 1355/5/2
f 1352/5/2 1353/5/2 1356/5/2
f 1356/5/2 1353/5/2 1357/5/2
f 1358/5/2 1359/5/2 1362/5/2
f 1362/5/2 1359/5/2 1363/5/2
f 1360/5/2 1361/5/2 1364/5/2
f 1364/5/2 1361/5/2 1365/5/2
f 1366/6/2 1367/6/2 1370/6/2
f 1370/6/2 1367/6/2 1371/6/2
f 1368/6/2 1369/6/2 1372/6/2
f 1372/6/2 1369/6/2 1373/6/2
f 1374/5/2 1375/5/2 1378/5/2
f 1378/5/2 1375/5/2 1379/5/2
f 1376/5/2 1377/5/2 1380/5/2
f 1380/5/2 1377/5/2 1381/5/2
f 1382/5/2 1383/5/2 1386/5/2
f 1386/5/2 1383/5/2 1387/5/2
f 1384/5/2 1385/5/2 1388/5/2
f 1388/5/2 1385/5/2 1389/5/2
f 1390/6/2 1391/6/2 1394/6/2
f 1394/6/2 1391/6/2 1395/6/2
f 1392/6/2 1393/6/2 1396/6/2
f 1396/6/2 1393/6/2 1397/6/2
f 1398/5/2 1399/5/2 1402/5/2
f 1402/5/2 1399/5/2 1403/5/2
f 1400/5/2 1401/5/2 1404/5/2
f 1404/5/2 1401/5/2 1405/5/2
f 1406/5/2 1407/5/2 1410/5/2
f 1410/5/2 1407/5/2 1411/5/2
f 1408/5/2 1409/5/2 1412/5/2
f 1412/5/2 1409/5/2 1413/5/2
f 1414/6/2 1415/6/2 1418/6/2
f 1418/6/2 1415/6/2 1419/6/2
f 1416/6/2 1417/6/2 1420/6/2
f 1420/6/2 1417/6/2 1421/6/2
f 1422/5/2 1423/5/2 1426/5/2
f 1426/5/2 1423/5/2 1427/5/2
f 1424/5/2 1425/5/2 1428/5/2
f 1428/5/2 1425/5/2 1429/5/2
f 1430/5/2 1431/5/2 1434/5/2
f 1434/5/2 1431/5/2 1435/5/2
f 1432/5/2 1433/5/2 1436/5/2
f 1436/5/2 1433/5/2 1437/5/2
f 1438/6/2 1439/6/2 1442/6/2
f 1442/6/2 1439/6/2 1443/6/2
f 1440/6/2 1441/6/2 1444/6/2
f 1444/6/2 1441/6/2 1445/6/2
f 1446/5/2 1447/5/2 1450/5/2
f 1450/5/2 1447/5/2 1451/5/2
f 1448/5/2 1449/5/2 1452/5/2
f 1452/5/2 1449/5/2 1453/5/2
f 1454/5/2 1455/5/2 1458/5/2
f 1458/5/2 1455/5/2 1459/5/2
f 1456/5/2 1457/5/2 1460/5/2
f 1460/5/2 1457/5/2 1461/5/2
f 1462/6/2 1463/6/2 1466/6/2
f 1466/6/2 1463/6/2 1467/6/2
f 1464/6/2 1465/6/2 1468/6/2
f 1468/6/2 1465/6/2 1469/6/2
f 1470/5/2 1471/5/2 1474/5/2
f 1474/5/2 1471/5/2 1475/5/2
f 1472/5/2 1473/5/2 1476/5/2
f 1476/5/2 1473/5/2 1477/5/2
f 1478/5/2 1479/5/2 1482/5/2
f 1482/5/2 1479/5/2 1483/5/2
f 1480/5/2 1481/5/2 1484/5/2
f 1484/5/2 1481/5/2 1485/5/2
f 1486/6/2 1487/6/2 1490/6/2
f 1490/6/2 1487/6/2 1491/6/2
f 1488/6/2 1489/6/2 1492/6/2
f 1492/6/2 1489/6/2 1493/6/2
f 1494/5/2 1495/5/2 1498/5/2
f 1498/5/2 1495/5/2 1499/5/2
f 1496/5/2 1497/5/2 1500/5/2
f 1500/5/2 1497/5/2 1501/5/2
f 1502/5/2 1503/5/2 1506/5/2
f 1506/5/2 1503/5/2 1507/5/2
f 1504/5/2 1505/5/2 1508/5/2
f 1508/5/2 1505/5/2 1509/5/2
f 1510/6/2 1511/6/2 1514/6/2
f 1514/6/2 1511/6/2 1515/6/2
f 1512/6/2 1513/6/2 1516/6/2
f 1516/6/2 1513/6/2 1517/6/2
f 1518/5/2 1519/5/2 1522/5/2
f 1522/5/2 1519/5/2 1523/5/2
f 1520/5/2 1521/5/2 1524/5/2
f 1524/5/2 1521/5/2 1525/5/2
f 1526/5/2 1527/5/2 1530/5/2
f 1530/5/2 1527/5/2 1531/5/2
f 1528/5/2 1529/5/2 1532/5/2
f 1532/5/2 1529/5/2 1533/5/2
f 1534/6/2 1535/6/2 1538/6/2
f 1538/6/2 1535/6/2 1539/6/2
f 1536/6/2 1537/6/2 1540/6/2
f 1540/6/2 1537/6/2 1541/6/2
f 1542/5/2 1543/5/2 1546/5/2
f 1546/5/2 1543/5/2 1547/5/2
f 1544/5/2 1545/5/2 1548/5/2
f 1548/5/2 1545/5/2 1549/5/2
f 1550/5/2 1551/5/2 1554/5/2
f 1554/5/2 1551/5/2 1555/5/2
f 1552/5/2 1553/5/2 1556/5/2
f 1556/5/2 1553/5/2 1557/5/2
f 1558/6/2 1559/6/2 1562/6/2
f 1562/6/2 1559/6/2 1563/6/2
f 1560/6/2 1561/6/2 1564/6/2
f 1564/6/2 1561/6/2 1565/6/2
f 1566/5/2 1567/5/2 1570/5/2
f 1570/5/2 1567/5/2 1571/5/2
f 1568/5/2 1569/5/2 1572/5/2
f 1572/5/2 1569/5/2 1573/5/2
f 1574/5/2 1575/5/2 1578/5/2
f 1578/5/2 1575/5/2 1579/5/2
f 1576/5/2 1577/5/2 1580/5/2
f 1580/5/2 1577/5/2 1581/5/2
f 1582/6/2 1583/6/2 1586/6/2
f 1586/6/2 1583/6/2 1587/6/2
f 1584/6/2 1585/6/2 1588/6/2
f 1588/6/2 1585/6/2 1589/6/2
f 1590/5/2 1591/5/2 1594/5/2
f 1594/5/2 1591/5/2 1595/5/2
f 1592/5/2 1593/5/2 1596/5/2
f 1596/5/2 1593/5/2 1597/5/2
f 1598/5/2 1599/5/2 1602/5/2
f 1602/5/2 1599/5/2 1603/5/2
f 1600/5/2 1601/5/2 1604/5/2
f 1604/5/2 1601/5/2 1605/5/2
f 1606/6/2 1607/6/2 1610/6/2
f 1610/6/2 1607/6/2 1611/6/2
f 1608/6/2 1609/6/2 1612/6/2
f 1612/6/2 1609/6/2 1613/6/2
f 1614/5/2 1615/5/2 1618/5/2
f 1618/5/2 1615/5/2 1619/5/2
f 1616/5/2 1617/5/2 1620/5/2
f 1620/5/2 1617/5/2 1621/5/2
f 1622/5/2 1623/5/2 1626/5/2
f 1626/5/2 1623/5/2 1627/5/2
f 1624/5/2 1625/5/2 1628/5/2
f 1628/5/2 1625/5/2 1629/5/2
f 1630/5/2 1631/5/2 1634/5/2
f 1634/5/2 1631/5/2 1635/5/2
f 1632/5/2 1633/5/2 1636/5/2
f 1636/5/2 1633/5/2 1637/5/2
f 1638/5/2 1639/5/2 1642/5/2
f 1642/5/2 1639/5/2 1643/5/2
f 1640/5/2 1641/5/2 1644/5/2
f 1644/5/2 1641/5/2 1645/5/2
f 1646/6/2 1647/6/2 1650/6/2
f 1648/6/2 1649/6/2 1651/6/2
f 1646/6/2 1650/6/2 1652/6/2
f 1651/6/2 1649/6/2 1653/6/2
f 1646/6/2 1652/6/2 1654/6/2
f 1654/6/2 1652/6/2 1655/6/2
f 1653/6/2 1649/6/2 1656/6/2
f 1656/6/2 1649/6/2 1657/6/2
f 1658/6/2 1659/6/2 1662/6/2
f 1660/6/2 1661/6/2 1663/6/2
f 1658/6/2 1662/6/2 1664/6/2
f 1663/6/2 1661/6/2 1665/6/2
f 1658/6/2 1664/6/2 1666/6/2
f 1666/6/2 1664/6/2 1667/6/2
f 1665/6/2 1661/6/2 1668/6/2
f 1668/6/2 1661/6/2 1669/6/2
f 1670/5/2 1671/5/2 1674/5/2
f 1674/5/2 1671/5/2 1675/5/2
f 1672/6/2 1673/6/2 1676/6/2
f 1676/6/2 1673/6/2 1677/6/2
f 1678/6/2 1679/6/2 1682/6/2
f 1682/6/2 1679/6/2 1683/6/2
f 1680/6/2 1681/6/2 1684/6/2
f 1684/6/2 1681/6/2 1685/6/2
f 1686/6/2 1687/6/2 1688/6/2
f 1688/6/2 1687/6/2 1689/6/2
f 1690/6/2 1691/6/2 1694/6/2
f 1694/6/2 1691/6/2 1695/6/2
f 1692/6/2 1693/6/2 1696/6/2
f 1696/6/2 1693/6/2 1697/6/2
f 1698/6/2 1699/6/2 1702/6/2
f 1702/6/2 1699/6/2 1703/6/2
f 1700/6/2 1701/6/2 1704/6/2
f 1704/6/2 1701/6/2 1705/6/2
f 1706/6/2 1707/6/2 1710/6/2
f 1710/6/2 1707/6/2 1711/6/2
f 1708/6/2 1709/6/2 1712/6/2
f 1712/6/2 1709/6/2 1713/6/2
f 1714/6/2 1715/6/2 1718/6/2
f 1718/6/2 1715/6/2 1719/6/2
f 1716/6/2 1717/6/2 1720/6/2
f 1720/6/2 1717/6/2 1721/6/2
f 1718/5/2 1719/5/2 1722/5/2
f 1722/5/2 1719/5/2 1723/5/2
f 1720/5/2 1721/5/2 1724/5/2
f 1724/5/2 1721/5/2 1725/5/2
f 1726/6/2 1727/6/2 1730/6/2
f 1730/6/2 1727/6/2 1731/6/2
f 1728/6/2 1729/6/2 1732/6/2
f 1732/6/2 1729/6/2 1733/6/2
f 1734/6/2 1735/6/2 1738/6/2
f 1738/6/2 1735/6/2 1739/6/2
f 1736/6/2 1737/6/2 1740/6/2
f 1740/6/2 1737/6/2 1741/6/2
f 1742/5/2 1743/5/2 1746/5/2
f 1746/5/2 1743/5/2 1747/5/2
f 1744/5/2 1745/5/2 1748/5/2
f 1748/5/2 1745/5/2 1749/5/2
f 1750/6/2 1751/6/2 1754/6/2
f 1754/6/2 1751/6/2 1755/6/2
f 1752/6/2 1753/6/2 1756/6/2
f 1756/6/2 1753/6/2 1757/6/2
f 1758/6/2 1759/6/2 1762/6/2
f 1762/6/2 1759/6/2 1763/6/2
f 1760/6/2 1761/6/2 1764/6/2
f 1764/6/2 1761/6/2 1765/6/2
f 1766/5/2 1767/5/2 1770/5/2
f 1770/5/2 1767/5/2 1771/5/2
f 1768/5/2 1769/5/2 1772/5/2
f 1772/5/2 1769/5/2 1773/5/2
f 1774/6/2 1775/6/2 1778/6/2
f 1778/6/2 1775/6/2 1779/6/2
f 1776/6/2 1777/6/2 1780/6/2
f 1780/6/2 1777/6/2 1781/6/2
f 1782/6/2 1783/6/2 1786/6/2
f 1786/6/2 1783/6/2 1787/6/2
f 1784/6/2 1785/6/2 1788/6/2
f 1788/6/2 1785/6/2 1789/6/2
f 1790/5/2 1791/5/2 1794/5/2
f 1794/5/2 1791/5/2 1795/5/2
f 1792/5/2 1793/5/2 1796/5/2
f 1796/5/2 1793/5/2 1797/5/2
f 1798/6/2 1799/6/2 1802/6/2
f 1802/6/2 1799/6/2 1803/6/2
f 1800/6/2 1801/6/2 1804/6/2
f 1804/6/2 1801/6/2 1805/6/2
f 1806/6/2 1807/6/2 1810/6/2
f 1810/6/2 1807/6/2 1811/6/2
f 1808/6/2 1809/6/2 1812/6/2
f 1812/6/2 1809/6/2 1813/6/2
f 1814/5/2 1815/5/2 1818/5/2
f 1818/5/2 1815/5/2 1819/5/2
f 1816/5/2 1817/5/2 1820/5/2
f 1820/5/2 1817/5/2 1821/5/2
f 1822/6/2 1823/6/2 1826/6/2
f 1826/6/2 1823/6/2 1827/6/2
f 1824/6/2 1825/6/2 1828/6/2
f 1828/6/2 1825/6/2 1829/6/2
f 1830/6/2 1831/6/2 1834/6/2
f 1834/6/2 1831/6/2 1835/6/2
f 1832/6/2 1833/6/2 1836/6/2
f 1836/6/2 1833/6/2 1837/6/2
f 1838/5/2 1839/5/2 1842/5/2
f 1842/5/2 1839/5/2 1843/5/2
f 1840/5/2 1841/5/2 1844/5/2
f 1844/5/2 1841/5/2 1845/5/2
f 1846/6/2 1847/6/2 1850/6/2
f 1850/6/2 1847/6/2 1851/6/2
f 1848/6/2 1849/6/2 1852/6/2
f 1852/6/2 1849/6/2 1853/6/2
f 1854/6/2 1855/6/2 1858/6/2
f 1858/6/2 1855/6/2 1859/6/2
f 1856/6/2 1857/6/2 1860/6/2
f 1860/6/2 1857/6/2 1861/6/2
f 1862/5/2 1863/5/2 1866/5/2
f 1866/5/2 1863/5/2 1867/5/2
f 1864/5/2 1865/5/2 1868/5/2
f 1868/5/2 1865/5/2 1869/5/2
f 1870/6/2 1871/6/2 1874/6/2
f 1874/6/2 1871/6/2 1875/6/2
f 1872/6/2 1873/6/2 1876/6/2
f 1876/6/2 1873/6/2 1877/6/2
f 1878/6/2 1879/6/2 1882/6/2
f 1882/6/2 1879/6/2 1883/6/2
f 1880/6/2 1881/6/2 1884/6/2
f 1884/6/2 1881/6/2 1885/6/2
f 1886/5/2 1887/5/2 1890/5/2
f 1890/5/2 1887/5/2 1891/5/2
f 1888/5/2 1889/5/2 1892/5/2
f 1892/5/2 1889/5/2 1893/5/2
f 1894/6/2 1895/6/2 1898/6/2
f 1898/6/2 1895/6/2 1899/6/2
f 1896/6/2 1897/6/2 1900/6/2
f 1900/6/2 1897/6/2 1901/6/2
f 1902/6/2 1903/6/2 1906/6/2
f 1906/6/2 1903/6/2 1907/6/2
f 1904/6/2 1905/6/2 1908/6/2
f 1908/6/2 1905/6/2 1909/6/2
f 1910/5/2 1911/5/2 1914/5/2
f 1914/5/2 1911/5/2 1915/5/2
f 1912/5/2 1913/5/2 1916/5/2
f 1916/5/2 1913/5/2 1917/5/2
f 1918/6/2 1919/6/2 1922/6/2
f 1922/6/2 1919/6/2 1923/6/2
f 1920/6/2 1921/6/2 1924/6/2
f 1924/6/2 1921/6/2 1925/6/2
f 1926/6/2 1927/6/2 1930/6/2
f 1930/6/2 1927/6/2 1931/6/2
f 1928/6/2 1929/6/2 1932/6/2
f 1932/6/2 1929/6/2 1933/6/2
f 1934/5/2 1935/5/2 1938/5/2
f 1938/5/2 1935/5/2 1939/5/2
f 1936/5/2 1937/5/2 1940/5/2
f 1940/5/2 1937/5/2 1941/5/2
f 1942/6/2 1943/6/2 1946/6/2
f 1946/6/2 1943/6/2 1947/6/2
f 1944/6/2 1945/6/2 1948/6/2
f 1948/6/2 1945/6/2 1949/6/2
f 1950/6/2 1951/6/2 1954/6/2
f 1954/6/2 1951/6/2 1955/6/2
f 1952/6/2 1953/6/2 1956/6/2
f 1956/6/2 1953/6/2 1957/6/2
f 1958/5/2 1959/5/2 1962/5/2
f 1962/5/2 1959/5/2 1963/5/2
f 1960/5/2 1961/5/2 1964/5/2
f 1964/5/2 1961/5/2 1965/5/2
f 1966/6/2 1967/6/2 1970/6/2
f 1970/6/2 1967/6/2 1971/6/2
f 1968/6/2 1969/6/2 1972/6/2
f 1972/6/2 1969/6/2 1973/6/2
f 1974/6/2 1975/6/2 1978/6/2
f 1978/6/2 1975/6/2 1979/6/2
f 1976/6/2 1977/6/2 1980/6/2
f 1980/6/2 1977/6/2 1981/6/2
f 1982/5/2 1983/5/2 1986/5/2
f 1986/5/2 1983/5/2 1987/5/2
f 1984/5/2 1985/5/2 1988/5/2
f 1988/5/2 1985/5/2 1989/5/2
f 1990/3/2 1991/3/2 1994/3/2
f 1994/3/2 1991/3/2 1995/3/2
f 1995/3/2 1991/3/2 1996/3/2
f 1996/3/2 1991/3/2 1997/3/2
f 1997/3/2 1991/3/2 1998/3/2
f 1998/3/2 1991/3/2 1999/3/2
f 1992/3/2 1993/3/2 2000/3/2
f 2000/3/2 1993/3/2 2001/3/2
f 2001/3/2 1993/3/2 2002/3/2
f 2002/3/2 1993/3/2 2003/3/2
f 2003/3/2 1993/3/2 2004/3/2
f 2004/3/2 1993/3/2 2005/3/2
f 1995/3/2 1996/3/2 2008/3/2
f 2008/3/2 1996/3/2 2009/3/2
f 1996/4/2 1997/4/2 2010/4/2
f 2009/3/2 1996/3/2 2010/3/2
f 1997/3/2 1998/3/2 2011/3/2
f 2010/4/2 1997/4/2 2011/4/2
f 2011/3/2 1998/3/2 2012/3/2
f 2012/3/2 1998/3/2 2013/3/2
f 1998/4/2 1999/4/2 2014/4/2
f 2013/3/2 1998/3/2 2014/3/2
f 2000/4/2 2001/4/2 2015/4/2
f 2001/3/2 2002/3/2 2015/3/2
f 2015/3/2 2002/3/2 2016/3/2
f 2016/3/2 2002/3/2 2017/3/2
f 2002/4/2 2003/4/2 2018/4/2
f 2017/3/2 2002/3/2 2018/3/2
f 2003/3/2 2004/3/2 2019/3/2
f 2018/4/2 2003/4/2 2019/4/2
f 2019/3/2 2004/3/2 2020/3/2
f 2006/3/2 2007/3/2 2023/3/2
f 2009/4/2 2010/4/2 2025/4/2
f 2010/4/2 2011/4/2 2025/4/2
f 2011/4/2 2012/4/2 2025/4/2
f 2025/4/2 2012/4/2 2026/4/2
f 2018/4/2 2019/4/2 2027/4/2
f 2017/4/2 2018/4/2 2027/4/2
f 2027/4/2 2019/4/2 2028/4/2
f 2021/3/2 2022/3/2 2030/3/2
f 2023/3/2 2024/3/2 2031/3/2
f 2026/4/2 2012/4/2 2033/4/2
f 2033/4/2 2012/4/2 2034/4/2
f 2034/4/2 2012/4/2 2035/4/2
f 2012/3/2 2013/3/2 2036/3/2
f 2035/4/2 2012/4/2 2036/4/2
f 2036/3/2 2013/3/2 2037/3/2
f 2015/4/2 2016/4/2 2038/4/2
f 2016/3/2 2017/3/2 2038/3/2
f 2038/3/2 2017/3/2 2039/3/2
f 2017/4/2 2027/4/2 2040/4/2
f 2040/4/2 2027/4/2 2041/4/2
f 2041/4/2 2027/4/2 2042/4/2
f 2029/3/2 2030/3/2 2044/3/2
f 2031/3/2 2032/3/2 2045/3/2
f 2034/5/2 2035/5/2 2047/5/2
f 2036/4/2 2037/4/2 2048/4/2
f 2047/5/2 2035/5/2 2048/5/2
f 2035/4/2 2036/4/2 2048/4/2
f 2017/4/2 2040/4/2 2049/4/2
f 2040/5/2 2041/5/2 2050/5/2
f 2049/4/2 2040/4/2 2050/4/2
f 2050/5/2 2041/5/2 2051/5/2
f 2043/4/2 2044/4/2 2053/4/2
f 2045/4/2 2046/4/2 2054/4/2
f 2048/4/2 2037/4/2 2056/4/2
f 2056/4/2 2037/4/2 2057/4/2
f 2037/3/2 2013/3/2 2058/3/2
f 2013/4/2 2014/4/2 2059/4/2
f 2058/3/2 2013/3/2 2059/3/2
f 2014/4/2 1999/4/2 2060/4/2
f 2059/4/2 2014/4/2 2060/4/2
f 2060/4/2 1999/4/2 2061/4/2
f 2000/4/2 2015/4/2 2062/4/2
f 2015/4/2 2038/4/2 2062/4/2
f 2038/4/2 2039/4/2 2062/4/2
f 2062/4/2 2039/4/2 2063/4/2
f 2039/3/2 2017/3/2 2064/3/2
f 2017/4/2 2049/4/2 2065/4/2
f 2064/3/2 2017/3/2 2065/3/2
f 2049/5/2 2050/5/2 2066/5/2
f 2065/4/2 2049/4/2 2066/4/2
f 2066/5/2 2050/5/2 2067/5/2
f 2052/4/2 2053/4/2 2069/4/2
f 2054/5/2 2055/5/2 2070/5/2
f 2057/4/2 2037/4/2 2072/4/2
f 2037/3/2 2058/3/2 2073/3/2
f 2072/4/2 2037/4/2 2073/4/2
f 2064/4/2 2065/4/2 2074/4/2
f 2065/4/2 2066/4/2 2074/4/2
f 2074/4/2 2066/4/2 2075/4/2
f 2068/5/2 2069/5/2 2077/5/2
f 2053/4/2 2044/4/2 2078/4/2
f 2044/3/2 2030/3/2 2078/3/2
f 2069/4/2 2053/4/2 2078/4/2
f 2030/3/2 2022/3/2 2079/3/2
f 2078/3/2 2030/3/2 2079/3/2
f 2023/3/2 2031/3/2 2080/3/2
f 2031/3/2 2045/3/2 2080/3/2
f 2045/4/2 2054/4/2 2081/4/2
f 2080/3/2 2045/3/2 2081/3/2
f 2070/5/2 2071/5/2 2082/5/2
f 2073/3/2 2058/3/2 2084/3/2
f 2084/3/2 2058/3/2 2085/3/2
f 2064/4/2 2074/4/2 2086/4/2
f 2039/3/2 2064/3/2 2086/3/2
f 2086/4/2 2074/4/2 2087/4/2
f 2076/5/2 2077/5/2 2089/5/2
f 2082/5/2 2083/5/2 2090/5/2
f 2085/3/2 2058/3/2 2092/3/2
f 2092/3/2 2058/3/2 2093/3/2
f 2063/4/2 2039/4/2 2094/4/2
f 2039/3/2 2086/3/2 2094/3/2
f 2094/3/2 2086/3/2 2095/3/2
f 2095/3/2 2086/3/2 2096/3/2
f 2096/3/2 2086/3/2 2097/3/2
f 2088/5/2 2089/5/2 2099/5/2
f 2077/5/2 2069/5/2 2100/5/2
f 2069/4/2 2078/4/2 2100/4/2
f 2099/5/2 2089/5/2 2100/5/2
f 2078/4/2 2079/4/2 2100/4/2
f 2089/5/2 2077/5/2 2100/5/2
f 2100/4/2 2079/4/2 2101/4/2
f 2081/4/2 2054/4/2 2102/4/2
f 2080/4/2 2081/4/2 2102/4/2
f 2090/5/2 2091/5/2 2103/5/2
f 2102/4/2 2054/4/2 2103/4/2
f 2054/5/2 2070/5/2 2103/5/2
f 2070/5/2 2082/5/2 2103/5/2
f 2082/5/2 2090/5/2 2103/5/2
f 2103/5/2 2091/5/2 2104/5/2
f 2093/3/2 2058/3/2 2106/3/2
f 2106/3/2 2058/3/2 2107/3/2
f 2058/4/2 2059/4/2 2108/4/2
f 2059/4/2 2060/4/2 2108/4/2
f 2060/5/2 2061/5/2 2109/5/2
f 2108/4/2 2060/4/2 2109/4/2
f 2094/4/2 2095/4/2 2110/4/2
f 2062/5/2 2063/5/2 2110/5/2
f 2063/4/2 2094/4/2 2110/4/2
f 2110/4/2 2095/4/2 2111/4/2
f 2095/3/2 2096/3/2 2112/3/2
f 2112/3/2 2096/3/2 2113/3/2
f 2098/5/2 2099/5/2 2115/5/2
f 2100/5/2 2101/5/2 2115/5/2
f 2099/5/2 2100/5/2 2115/5/2
f 2104/4/2 2105/4/2 2116/4/2
f 2107/3/2 2058/3/2 2118/3/2
f 2118/3/2 2058/3/2 2119/3/2
f 2058/4/2 2108/4/2 2120/4/2
f 2119/3/2 2058/3/2 2120/3/2
f 2095/3/2 2112/3/2 2121/3/2
f 2111/4/2 2095/4/2 2121/4/2
f 2121/3/2 2112/3/2 2122/3/2
f 2114/5/2 2115/5/2 2124/5/2
f 2101/4/2 2079/4/2 2125/4/2
f 2079/3/2 2022/3/2 2126/3/2
f 2125/4/2 2079/4/2 2126/4/2
f 2116/4/2 2117/4/2 2127/4/2
f 2119/4/2 2120/4/2 2129/4/2
f 2120/4/2 2108/4/2 2130/4/2
f 2129/4/2 2120/4/2 2130/4/2
f 2109/5/2 2061/5/2 2131/5/2
f 2108/5/2 2109/5/2 2131/5/2
f 2131/5/2 2061/5/2 2132/5/2
f 2110/5/2 2111/5/2 2133/5/2
f 2062/5/2 2110/5/2 2133/5/2
f 2133/5/2 2111/5/2 2134/5/2
f 2111/4/2 2121/4/2 2135/4/2
f 2135/4/2 2121/4/2 2136/4/2
f 2123/4/2 2124/4/2 2138/4/2
f 2006/3/2 2023/3/2 2139/3/2
f 2023/3/2 2080/3/2 2139/3/2
f 2080/4/2 2102/4/2 2140/4/2
f 2139/3/2 2080/3/2 2140/3/2
f 2127/3/2 2128/3/2 2141/3/2
f 2130/4/2 2108/4/2 2143/4/2
f 2108/5/2 2131/5/2 2144/5/2
f 2143/4/2 2108/4/2 2144/4/2
f 2144/5/2 2131/5/2 2145/5/2
f 2134/5/2 2111/5/2 2146/5/2
f 2111/4/2 2135/4/2 2147/4/2
f 2146/5/2 2111/5/2 2147/5/2
f 2147/4/2 2135/4/2 2148/4/2
f 2137/3/2 2138/3/2 2150/3/2
f 2141/3/2 2142/3/2 2151/3/2
f 2127/3/2 2141/3/2 2151/3/2
f 2151/3/2 2142/3/2 2152/3/2
f 2149/3/2 2150/3/2 2159/3/2
f 2150/3/2 2138/3/2 2160/3/2
f 2159/3/2 2150/3/2 2160/3/2
f 2116/4/2 2127/4/2 2161/4/2
f 2127/3/2 2151/3/2 2161/3/2
f 2161/3/2 2151/3/2 2162/3/2
f 2153/4/2 2154/4/2 2164/4/2
f 2154/5/2 2155/5/2 2165/5/2
f 2156/5/2 2157/5/2 2168/5/2
f 2157/4/2 2158/4/2 2169/4/2
f 2160/3/2 2138/3/2 2171/3/2
f 2138/4/2 2124/4/2 2172/4/2
f 2171/3/2 2138/3/2 2172/3/2
f 2124/5/2 2115/5/2 2173/5/2
f 2172/4/2 2124/4/2 2173/4/2
f 2115/5/2 2101/5/2 2174/5/2
f 2173/5/2 2115/5/2 2174/5/2
f 2006/3/2 2139/3/2 2175/3/2
f 2139/4/2 2140/4/2 2175/4/2
f 2140/4/2 2102/4/2 2176/4/2
f 2175/4/2 2140/4/2 2176/4/2
f 2104/4/2 2116/4/2 2177/4/2
f 2116/4/2 2161/4/2 2177/4/2
f 2177/4/2 2161/4/2 2178/4/2
f 2163/4/2 2164/4/2 2180/4/2
f 2169/4/2 2170/4/2 2181/4/2
f 2172/4/2 2173/4/2 2183/4/2
f 2173/4/2 2174/4/2 2183/4/2
f 2183/4/2 2174/4/2 2184/4/2
f 2102/5/2 2103/5/2 2185/5/2
f 2103/5/2 2104/5/2 2185/5/2
f 2176/4/2 2102/4/2 2185/4/2
f 2185/5/2 2104/5/2 2186/5/2
f 2104/4/2 2177/4/2 2187/4/2
f 2186/5/2 2104/5/2 2187/5/2
f 2187/4/2 2177/4/2 2188/4/2
f 2179/3/2 2180/3/2 2190/3/2
f 2181/3/2 2182/3/2 2191/3/2
f 2184/4/2 2174/4/2 2193/4/2
f 2174/5/2 2101/5/2 2194/5/2
f 2193/4/2 2174/4/2 2194/4/2
f 2186/5/2 2187/5/2 2195/5/2
f 2195/5/2 2187/5/2 2196/5/2
f 2189/3/2 2190/3/2 2198/3/2
f 2180/4/2 2164/4/2 2199/4/2
f 2190/3/2 2180/3/2 2199/3/2
f 2198/3/2 2190/3/2 2199/3/2
f 2164/4/2 2154/4/2 2200/4/2
f 2199/4/2 2164/4/2 2200/4/2
f 2165/5/2 2166/5/2 2201/5/2
f 2200/4/2 2154/4/2 2201/4/2
f 2154/5/2 2165/5/2 2201/5/2
f 2201/5/2 2166/5/2 2202/5/2
f 2169/4/2 2181/4/2 2203/4/2
f 2157/4/2 2169/4/2 2203/4/2
f 2191/3/2 2192/3/2 2204/3/2
f 2203/4/2 2181/4/2 2204/4/2
f 2181/3/2 2191/3/2 2204/3/2
f 2204/3/2 2192/3/2 2205/3/2
f 2194/5/2 2101/5/2 2207/5/2
f 2207/5/2 2101/5/2 2208/5/2
f 2208/5/2 2101/5/2 2209/5/2
f 2101/4/2 2125/4/2 2210/4/2
f 2209/5/2 2101/5/2 2210/5/2
f 2186/5/2 2195/5/2 2211/5/2
f 2211/5/2 2195/5/2 2212/5/2
f 2197/3/2 2198/3/2 2214/3/2
f 2199/3/2 2200/3/2 2214/3/2
f 2198/3/2 2199/3/2 2214/3/2
f 2167/5/2 2168/5/2 2215/5/2
f 2168/5/2 2157/5/2 2215/5/2
f 2157/4/2 2203/4/2 2216/4/2
f 2215/5/2 2157/5/2 2216/5/2
f 2205/3/2 2206/3/2 2217/3/2
f 2203/3/2 2204/3/2 2217/3/2
f 2204/3/2 2205/3/2 2217/3/2
f 2208/5/2 2209/5/2 2219/5/2
f 2219/5/2 2209/5/2 2220/5/2
f 2175/3/2 2176/3/2 2221/3/2
f 2185/4/2 2186/4/2 2221/4/2
f 2176/4/2 2185/4/2 2221/4/2
f 2221/4/2 2186/4/2 2222/4/2
f 2186/5/2 2211/5/2 2223/5/2
f 2223/5/2 2211/5/2 2224/5/2
f 2213/3/2 2214/3/2 2226/3/2
f 2217/3/2 2218/3/2 2227/3/2
f 2220/5/2 2209/5/2 2229/5/2
f 2229/5/2 2209/5/2 2230/5/2
f 2210/4/2 2125/4/2 2231/4/2
f 2209/4/2 2210/4/2 2231/4/2
f 2125/3/2 2126/3/2 2232/3/2
f 2231/4/2 2125/4/2 2232/4/2
f 2222/4/2 2186/4/2 2233/4/2
f 2186/5/2 2223/5/2 2233/5/2
f 2233/5/2 2223/5/2 2234/5/2
f 2225/4/2 2226/4/2 2236/4/2
f 2167/5/2 2215/5/2 2237/5/2
f 2215/4/2 2216/4/2 2238/4/2
f 2237/5/2 2215/5/2 2238/5/2
f 2216/4/2 2203/4/2 2239/4/2
f 2238/4/2 2216/4/2 2239/4/2
f 2203/3/2 2217/3/2 2240/3/2
f 2239/4/2 2203/4/2 2240/4/2
f 2217/3/2 2227/3/2 2240/3/2
f 2227/4/2 2228/4/2 2241/4/2
f 2230/5/2 2209/5/2 2243/5/2
f 2209/4/2 2231/4/2 2244/4/2
f 2243/5/2 2209/5/2 2244/5/2
f 2221/3/2 2222/3/2 2245/3/2
f 2222/4/2 2233/4/2 2245/4/2
f 2245/4/2 2233/4/2 2246/4/2
f 2235/4/2 2236/4/2 2248/4/2
f 2201/4/2 2202/4/2 2249/4/2
f 2214/3/2 2200/3/2 2249/3/2
f 2200/4/2 2201/4/2 2249/4/2
f 2226/3/2 2214/3/2 2249/3/2
f 2249/4/2 2202/4/2 2250/4/2
f 2202/5/2 2166/5/2 2251/5/2
f 2250/4/2 2202/4/2 2251/4/2
f 2251/5/2 2166/5/2 2252/5/2
f 2241/4/2 2242/4/2 2253/4/2
f 2244/4/2 2231/4/2 2255/4/2
f 2231/3/2 2232/3/2 2256/3/2
f 2255/4/2 2231/4/2 2256/4/2
f 2175/3/2 2221/3/2 2257/3/2
f 2221/3/2 2245/3/2 2257/3/2
f 2257/3/2 2245/3/2 2258/3/2
f 2247/5/2 2248/5/2 2260/5/2
f 2248/4/2 2236/4/2 2261/4/2
f 2260/5/2 2248/5/2 2261/5/2
f 2253/5/2 2254/5/2 2262/5/2
f 2241/4/2 2253/4/2 2262/4/2
f 2262/5/2 2254/5/2 2263/5/2
f 2256/3/2 2232/3/2 2265/3/2
f 2232/3/2 2126/3/2 2266/3/2
f 2265/3/2 2232/3/2 2266/3/2
f 2006/3/2 2175/3/2 2267/3/2
f 2175/3/2 2257/3/2 2267/3/2
f 2267/3/2 2257/3/2 2268/3/2
f 2259/4/2 2260/4/2 2270/4/2
f 2260/4/2 2261/4/2 2270/4/2
f 2261/4/2 2236/4/2 2271/4/2
f 2236/4/2 2226/4/2 2271/4/2
f 2270/4/2 2261/4/2 2271/4/2
f 2249/3/2 2250/3/2 2272/3/2
f 2271/4/2 2226/4/2 2272/4/2
f 2226/3/2 2249/3/2 2272/3/2
f 2263/4/2 2264/4/2 2273/4/2
f 2240/3/2 2227/3/2 2273/3/2
f 2262/4/2 2263/4/2 2273/4/2
f 2241/4/2 2262/4/2 2273/4/2
f 2227/4/2 2241/4/2 2273/4/2
f 2239/3/2 2240/3/2 2273/3/2
f 2273/4/2 2264/4/2 2274/4/2
f 2274/4/2 2264/4/2 2275/4/2
f 2266/3/2 2126/3/2 2277/3/2
f 2126/3/2 2022/3/2 2278/3/2
f 2277/3/2 2126/3/2 2278/3/2
f 2006/3/2 2267/3/2 2279/3/2
f 2279/3/2 2267/3/2 2280/3/2
f 2269/4/2 2270/4/2 2282/4/2
f 2270/4/2 2271/4/2 2282/4/2
f 2251/4/2 2252/4/2 2283/4/2
f 2272/3/2 2250/3/2 2283/3/2
f 2271/3/2 2272/3/2 2283/3/2
f 2250/4/2 2251/4/2 2283/4/2
f 2283/4/2 2252/4/2 2284/4/2
f 2237/4/2 2238/4/2 2285/4/2
f 2238/4/2 2239/4/2 2285/4/2
f 2273/3/2 2274/3/2 2286/3/2
f 2285/4/2 2239/4/2 2286/4/2
f 2239/3/2 2273/3/2 2286/3/2
f 2275/4/2 2276/4/2 2287/4/2
f 2274/4/2 2275/4/2 2287/4/2
f 2278/3/2 2022/3/2 2289/3/2
f 2289/3/2 2022/3/2 2290/3/2
f 2281/3/2 2282/3/2 2292/3/2
f 2282/4/2 2271/4/2 2293/4/2
f 2292/3/2 2282/3/2 2293/3/2
f 2283/3/2 2284/3/2 2294/3/2
f 2293/4/2 2271/4/2 2294/4/2
f 2271/3/2 2283/3/2 2294/3/2
f 2286/3/2 2274/3/2 2295/3/2
f 2285/3/2 2286/3/2 2295/3/2
f 2274/4/2 2287/4/2 2295/4/2
f 2287/3/2 2288/3/2 2296/3/2
f 2295/4/2 2287/4/2 2296/4/2
f 2296/3/2 2288/3/2 2297/3/2
f 2291/3/2 2292/3/2 2299/3/2
f 2292/3/2 2293/3/2 2299/3/2
f 2293/3/2 2294/3/2 2299/3/2
f 2294/3/2 2284/3/2 2300/3/2
f 2299/3/2 2294/3/2 2300/3/2
f 2297/3/2 2298/3/2 2301/3/2
f 2296/3/2 2297/3/2 2301/3/2
f 2285/3/2 2295/3/2 2301/3/2
f 2295/3/2 2296/3/2 2301/3/2
f 2301/3/2 2298/3/2 2302/3/2
f 2303/5/2 2304/5/2 2305/5/2
f 2305/5/2 2304/5/2 2306/5/2
f 2303/5/2 2305/5/2 2307/5/2
f 2305/6/2 2306/6/2 2308/6/2
f 2307/5/2 2305/5/2 2308/5/2
f 2308/6/2 2306/6/2 2309/6/2
f 2309/6/2 2306/6/2 2310/6/2
f 2310/6/2 2306/6/2 2311/6/2
f 2311/6/2 2306/6/2 2312/6/2
f 2312/6/2 2306/6/2 2313/6/2
f 2313/6/2 2306/6/2 2314/6/2
f 2306/5/2 2304/5/2 2315/5/2
f 2314/6/2 2306/6/2 2315/6/2
f 2315/5/2 2304/5/2 2316/5/2
f 2307/6/2 2308/6/2 2317/6/2
f 2308/6/2 2309/6/2 2317/6/2
f 2317/6/2 2309/6/2 2318/6/2
f 2309/5/2 2310/5/2 2319/5/2
f 2318/6/2 2309/6/2 2319/6/2
f 2319/5/2 2310/5/2 2320/5/2
f 2313/5/2 2314/5/2 2323/5/2
f 2315/6/2 2316/6/2 2324/6/2
f 2314/6/2 2315/6/2 2324/6/2
f 2323/5/2 2314/5/2 2324/5/2
f 2324/6/2 2316/6/2 2325/6/2
f 2325/6/2 2316/6/2 2326/6/2
f 2317/5/2 2318/5/2 2327/5/2
f 2318/6/2 2319/6/2 2327/6/2
f 2319/6/2 2320/6/2 2327/6/2
f 2327/6/2 2320/6/2 2328/6/2
f 2320/5/2 2321/5/2 2329/5/2
f 2328/6/2 2320/6/2 2329/6/2
f 2329/5/2 2321/5/2 2330/5/2
f 2322/5/2 2323/5/2 2333/5/2
f 2324/6/2 2325/6/2 2334/6/2
f 2323/6/2 2324/6/2 2334/6/2
f 2333/5/2 2323/5/2 2334/5/2
f 2334/6/2 2325/6/2 2335/6/2
f 2325/5/2 2326/5/2 2336/5/2
f 2335/6/2 2325/6/2 2336/6/2
f 2328/6/2 2329/6/2 2337/6/2
f 2329/6/2 2330/6/2 2337/6/2
f 2337/6/2 2330/6/2 2338/6/2
f 2330/5/2 2331/5/2 2339/5/2
f 2338/6/2 2330/6/2 2339/6/2
f 2339/5/2 2331/5/2 2340/5/2
f 2332/5/2 2333/5/2 2343/5/2
f 2334/6/2 2335/6/2 2344/6/2
f 2333/6/2 2334/6/2 2344/6/2
f 2343/5/2 2333/5/2 2344/5/2
f 2344/6/2 2335/6/2 2345/6/2
f 2345/6/2 2335/6/2 2346/6/2
f 2338/6/2 2339/6/2 2347/6/2
f 2339/6/2 2340/6/2 2347/6/2
f 2347/6/2 2340/6/2 2348/6/2
f 2340/5/2 2341/5/2 2349/5/2
f 2348/6/2 2340/6/2 2349/6/2
f 2349/5/2 2341/5/2 2350/5/2
f 2342/5/2 2343/5/2 2353/5/2
f 2344/6/2 2345/6/2 2354/6/2
f 2343/6/2 2344/6/2 2354/6/2
f 2353/5/2 2343/5/2 2354/5/2
f 2354/6/2 2345/6/2 2355/6/2
f 2355/6/2 2345/6/2 2356/6/2
f 2348/6/2 2349/6/2 2357/6/2
f 2349/6/2 2350/6/2 2357/6/2
f 2357/6/2 2350/6/2 2358/6/2
f 2350/5/2 2351/5/2 2359/5/2
f 2358/6/2 2350/6/2 2359/6/2
f 2359/5/2 2351/5/2 2360/5/2
f 2352/5/2 2353/5/2 2363/5/2
f 2354/6/2 2355/6/2 2364/6/2
f 2353/6/2 2354/6/2 2364/6/2
f 2363/5/2 2353/5/2 2364/5/2
f 2364/6/2 2355/6/2 2365/6/2
f 2365/6/2 2355/6/2 2366/6/2
f 2358/6/2 2359/6/2 2367/6/2
f 2359/6/2 2360/6/2 2367/6/2
f 2367/6/2 2360/6/2 2368/6/2
f 2360/5/2 2361/5/2 2369/5/2
f 2368/6/2 2360/6/2 2369/6/2
f 2369/5/2 2361/5/2 2370/5/2
f 2362/5/2 2363/5/2 2373/5/2
f 2364/6/2 2365/6/2 2374/6/2
f 2363/6/2 2364/6/2 2374/6/2
f 2373/5/2 2363/5/2 2374/5/2
f 2374/6/2 2365/6/2 2375/6/2
f 2375/6/2 2365/6/2 2376/6/2
f 2368/6/2 2369/6/2 2377/6/2
f 2369/6/2 2370/6/2 2377/6/2
f 2377/6/2 2370/6/2 2378/6/2
f 2370/5/2 2371/5/2 2379/5/2
f 2378/6/2 2370/6/2 2379/6/2
f 2379/5/2 2371/5/2 2380/5/2
f 2372/5/2 2373/5/2 2383/5/2
f 2374/6/2 2375/6/2 2384/6/2
f 2373/6/2 2374/6/2 2384/6/2
f 2383/5/2 2373/5/2 2384/5/2
f 2384/6/2 2375/6/2 2385/6/2
f 2385/6/2 2375/6/2 2386/6/2
f 2378/6/2 2379/6/2 2387/6/2
f 2379/6/2 2380/6/2 2387/6/2
f 2387/6/2 2380/6/2 2388/6/2
f 2380/5/2 2381/5/2 2389/5/2
f 2388/6/2 2380/6/2 2389/6/2
f 2389/5/2 2381/5/2 2390/5/2
f 2382/5/2 2383/5/2 2393/5/2
f 2384/6/2 2385/6/2 2394/6/2
f 2383/6/2 2384/6/2 2394/6/2
f 2393/5/2 2383/5/2 2394/5/2
f 2394/6/2 2385/6/2 2395/6/2
f 2395/6/2 2385/6/2 2396/6/2
f 2388/6/2 2389/6/2 2397/6/2
f 2389/6/2 2390/6/2 2397/6/2
f 2397/6/2 2390/6/2 2398/6/2
f 2390/5/2 2391/5/2 2399/5/2
f 2398/6/2 2390/6/2 2399/6/2
f 2399/5/2 2391/5/2 2400/5/2
f 2392/5/2 2393/5/2 2403/5/2
f 2394/6/2 2395/6/2 2404/6/2
f 2393/6/2 2394/6/2 2404/6/2
f 2403/5/2 2393/5/2 2404/5/2
f 2404/6/2 2395/6/2 2405/6/2
f 2405/6/2 2395/6/2 2406/6/2
f 2398/6/2 2399/6/2 2407/6/2
f 2399/6/2 2400/6/2 2407/6/2
f 2407/6/2 2400/6/2 2408/6/2
f 2400/5/2 2401/5/2 2409/5/2
f 2408/6/2 2400/6/2 2409/6/2
f 2409/5/2 2401/5/2 2410/5/2
f 2402/5/2 2403/5/2 2413/5/2
f 2404/6/2 2405/6/2 2414/6/2
f 2403/6/2 2404/6/2 2414/6/2
f 2413/5/2 2403/5/2 2414/5/2
f 2414/6/2 2405/6/2 2415/6/2
f 2415/6/2 2405/6/2 2416/6/2
f 2408/6/2 2409/6/2 2417/6/2
f 2409/6/2 2410/6/2 2417/6/2
f 2417/6/2 2410/6/2 2418/6/2
f 2410/5/2 2411/5/2 2419/5/2
f 2418/6/2 2410/6/2 2419/6/2
f 2419/5/2 2411/5/2 2420/5/2
f 2412/5/2 2413/5/2 2423/5/2
f 2414/6/2 2415/6/2 2424/6/2
f 2413/6/2 2414/6/2 2424/6/2
f 2423/5/2 2413/5/2 2424/5/2
f 2424/6/2 2415/6/2 2425/6/2
f 2425/6/2 2415/6/2 2426/6/2
f 2418/6/2 2419/6/2 2427/6/2
f 2419/6/2 2420/6/2 2427/6/2
f 2427/6/2 2420/6/2 2428/6/2
f 2420/5/2 2421/5/2 2429/5/2
f 2428/6/2 2420/6/2 2429/6/2
f 2429/5/2 2421/5/2 2430/5/2
f 2311/6/2 2312/6/2 2433/6/2
f 2433/6/2 2312/6/2 2434/6/2
f 2422/5/2 2423/5/2 2437/5/2
f 2424/6/2 2425/6/2 2438/6/2
f 2423/6/2 2424/6/2 2438/6/2
f 2437/5/2 2423/5/2 2438/5/2
f 2438/6/2 2425/6/2 2439/6/2
f 2439/6/2 2425/6/2 2440/6/2
f 2428/6/2 2429/6/2 2441/6/2
f 2429/6/2 2430/6/2 2441/6/2
f 2441/6/2 2430/6/2 2442/6/2
f 2430/5/2 2431/5/2 2443/5/2
f 2442/6/2 2430/6/2 2443/6/2
f 2443/5/2 2431/5/2 2444/5/2
f 2432/5/2 2433/5/2 2445/5/2
f 2433/6/2 2434/6/2 2446/6/2
f 2445/5/2 2433/5/2 2446/5/2
f 2434/5/2 2435/5/2 2447/5/2
f 2446/6/2 2434/6/2 2447/6/2
f 2447/5/2 2435/5/2 2448/5/2
f 2436/5/2 2437/5/2 2449/5/2
f 2438/6/2 2439/6/2 2450/6/2
f 2437/6/2 2438/6/2 2450/6/2
f 2449/5/2 2437/5/2 2450/5/2
f 2450/6/2 2439/6/2 2451/6/2
f 2451/6/2 2439/6/2 2452/6/2
f 2443/6/2 2444/6/2 2453/6/2
f 2444/5/2 2445/5/2 2453/5/2
f 2445/6/2 2446/6/2 2454/6/2
f 2453/5/2 2445/5/2 2454/5/2
f 2447/6/2 2448/6/2 2454/6/2
f 2446/6/2 2447/6/2 2454/6/2
f 2448/5/2 2449/5/2 2455/5/2
f 2454/6/2 2448/6/2 2455/6/2
f 2449/6/2 2450/6/2 2456/6/2
f 2455/5/2 2449/5/2 2456/5/2
f 2442/5/2 2443/5/2 2458/5/2
f 2443/6/2 2453/6/2 2459/6/2
f 2453/6/2 2454/6/2 2459/6/2
f 2458/5/2 2443/5/2 2459/5/2
f 2454/6/2 2455/6/2 2459/6/2
f 2455/6/2 2456/6/2 2459/6/2
f 2459/6/2 2456/6/2 2460/6/2
f 2460/6/2 2456/6/2 2461/6/2
f 2461/6/2 2456/6/2 2462/6/2
f 2456/6/2 2450/6/2 2463/6/2
f 2462/6/2 2456/6/2 2463/6/2
f 2450/5/2 2451/5/2 2464/5/2
f 2463/6/2 2450/6/2 2464/6/2
f 2464/5/2 2451/5/2 2465/5/2
f 2457/5/2 2458/5/2 2468/5/2
f 2458/6/2 2459/6/2 2469/6/2
f 2459/6/2 2460/6/2 2469/6/2
f 2468/5/2 2458/5/2 2469/5/2
f 2469/6/2 2460/6/2 2470/6/2
f 2470/6/2 2460/6/2 2471/6/2
f 2461/6/2 2462/6/2 2472/6/2
f 2472/6/2 2462/6/2 2473/6/2
f 2473/6/2 2462/6/2 2474/6/2
f 2474/6/2 2462/6/2 2475/6/2
f 2463/6/2 2464/6/2 2476/6/2
f 2464/6/2 2465/6/2 2476/6/2
f 2476/6/2 2465/6/2 2477/6/2
f 2465/5/2 2466/5/2 2478/5/2
f 2477/6/2 2465/6/2 2478/6/2
f 2478/5/2 2466/5/2 2479/5/2
f 2467/5/2 2468/5/2 2482/5/2
f 2468/6/2 2469/6/2 2483/6/2
f 2469/6/2 2470/6/2 2483/6/2
f 2482/5/2 2468/5/2 2483/5/2
f 2483/6/2 2470/6/2 2484/6/2
f 2484/6/2 2470/6/2 2485/6/2
f 2478/6/2 2479/6/2 2486/6/2
f 2477/6/2 2478/6/2 2486/6/2
f 2486/6/2 2479/6/2 2487/6/2
f 2479/5/2 2480/5/2 2488/5/2
f 2487/6/2 2479/6/2 2488/6/2
f 2488/5/2 2480/5/2 2489/5/2
f 2481/5/2 2482/5/2 2492/5/2
f 2483/6/2 2484/6/2 2493/6/2
f 2482/6/2 2483/6/2 2493/6/2
f 2492/5/2 2482/5/2 2493/5/2
f 2493/6/2 2484/6/2 2494/6/2
f 2494/6/2 2484/6/2 2495/6/2
f 2488/6/2 2489/6/2 2496/6/2
f 2487/6/2 2488/6/2 2496/6/2
f 2496/6/2 2489/6/2 2497/6/2
f 2489/5/2 2490/5/2 2498/5/2
f 2497/6/2 2489/6/2 2498/6/2
f 2498/5/2 2490/5/2 2499/5/2
f 2491/5/2 2492/5/2 2502/5/2
f 2493/6/2 2494/6/2 2503/6/2
f 2492/6/2 2493/6/2 2503/6/2
f 2502/5/2 2492/5/2 2503/5/2
f 2503/6/2 2494/6/2 2504/6/2
f 2504/6/2 2494/6/2 2505/6/2
f 2498/6/2 2499/6/2 2506/6/2
f 2497/6/2 2498/6/2 2506/6/2
f 2506/6/2 2499/6/2 2507/6/2
f 2499/5/2 2500/5/2 2508/5/2
f 2507/6/2 2499/6/2 2508/6/2
f 2508/5/2 2500/5/2 2509/5/2
f 2501/5/2 2502/5/2 2512/5/2
f 2503/6/2 2504/6/2 2513/6/2
f 2502/6/2 2503/6/2 2513/6/2
f 2512/5/2 2502/5/2 2513/5/2
f 2513/6/2 2504/6/2 2514/6/2
f 2514/6/2 2504/6/2 2515/6/2
f 2508/6/2 2509/6/2 2516/6/2
f 2507/6/2 2508/6/2 2516/6/2
f 2516/6/2 2509/6/2 2517/6/2
f 2509/5/2 2510/5/2 2518/5/2
f 2517/6/2 2509/6/2 2518/6/2
f 2518/5/2 2510/5/2 2519/5/2
f 2511/5/2 2512/5/2 2522/5/2
f 2513/6/2 2514/6/2 2523/6/2
f 2512/6/2 2513/6/2 2523/6/2
f 2522/5/2 2512/5/2 2523/5/2
f 2523/6/2 2514/6/2 2524/6/2
f 2524/6/2 2514/6/2 2525/6/2
f 2518/6/2 2519/6/2 2526/6/2
f 2517/6/2 2518/6/2 2526/6/2
f 2526/6/2 2519/6/2 2527/6/2
f 2519/5/2 2520/5/2 2528/5/2
f 2527/6/2 2519/6/2 2528/6/2
f 2528/5/2 2520/5/2 2529/5/2
f 2521/5/2 2522/5/2 2532/5/2
f 2523/6/2 2524/6/2 2533/6/2
f 2522/6/2 2523/6/2 2533/6/2
f 2532/5/2 2522/5/2 2533/5/2
f 2533/6/2 2524/6/2 2534/6/2
f 2534/6/2 2524/6/2 2535/6/2
f 2528/6/2 2529/6/2 2536/6/2
f 2527/6/2 2528/6/2 2536/6/2
f 2536/6/2 2529/6/2 2537/6/2
f 2529/5/2 2530/5/2 2538/5/2
f 2537/6/2 2529/6/2 2538/6/2
f 2538/5/2 2530/5/2 2539/5/2
f 2531/5/2 2532/5/2 2542/5/2
f 2533/6/2 2534/6/2 2543/6/2
f 2532/6/2 2533/6/2 2543/6/2
f 2542/5/2 2532/5/2 2543/5/2
f 2543/6/2 2534/6/2 2544/6/2
f 2544/6/2 2534/6/2 2545/6/2
f 2538/6/2 2539/6/2 2546/6/2
f 2537/6/2 2538/6/2 2546/6/2
f 2546/6/2 2539/6/2 2547/6/2
f 2539/5/2 2540/5/2 2548/5/2
f 2547/6/2 2539/6/2 2548/6/2
f 2548/5/2 2540/5/2 2549/5/2
f 2541/5/2 2542/5/2 2552/5/2
f 2543/6/2 2544/6/2 2553/6/2
f 2542/6/2 2543/6/2 2553/6/2
f 2552/5/2 2542/5/2 2553/5/2
f 2553/6/2 2544/6/2 2554/6/2
f 2554/6/2 2544/6/2 2555/6/2
f 2548/6/2 2549/6/2 2556/6/2
f 2547/6/2 2548/6/2 2556/6/2
f 2556/6/2 2549/6/2 2557/6/2
f 2549/5/2 2550/5/2 2558/5/2
f 2557/6/2 2549/6/2 2558/6/2
f 2558/5/2 2550/5/2 2559/5/2
f 2551/5/2 2552/5/2 2562/5/2
f 2553/6/2 2554/6/2 2563/6/2
f 2552/6/2 2553/6/2 2563/6/2
f 2562/5/2 2552/5/2 2563/5/2
f 2563/6/2 2554/6/2 2564/6/2
f 2564/6/2 2554/6/2 2565/6/2
f 2558/6/2 2559/6/2 2566/6/2
f 2557/6/2 2558/6/2 2566/6/2
f 2566/6/2 2559/6/2 2567/6/2
f 2559/5/2 2560/5/2 2568/5/2
f 2567/6/2 2559/6/2 2568/6/2
f 2568/5/2 2560/5/2 2569/5/2
f 2317/5/2 2327/5/2 2571/5/2
f 2561/5/2 2562/5/2 2572/5/2
f 2563/6/2 2564/6/2 2573/6/2
f 2562/6/2 2563/6/2 2573/6/2
f 2572/5/2 2562/5/2 2573/5/2
f 2573/6/2 2564/6/2 2574/6/2
f 2574/6/2 2564/6/2 2575/6/2
f 2567/6/2 2568/6/2 2576/6/2
f 2568/6/2 2569/6/2 2576/6/2
f 2576/6/2 2569/6/2 2577/6/2
f 2569/5/2 2570/5/2 2578/5/2
f 2577/6/2 2569/6/2 2578/6/2
f 2578/5/2 2570/5/2 2579/5/2
f 2336/5/2 2326/5/2 2580/5/2
f 2571/5/2 2572/5/2 2581/5/2
f 2317/5/2 2571/5/2 2581/5/2
f 2573/6/2 2574/6/2 2582/6/2
f 2581/5/2 2572/5/2 2582/5/2
f 2572/6/2 2573/6/2 2582/6/2
f 2582/6/2 2574/6/2 2583/6/2
f 2583/6/2 2574/6/2 2584/6/2
f 2578/6/2 2579/6/2 2585/6/2
f 2577/6/2 2578/6/2 2585/6/2
f 2585/6/2 2579/6/2 2586/6/2
f 2579/5/2 2580/5/2 2587/5/2
f 2586/6/2 2579/6/2 2587/6/2
f 2580/5/2 2326/5/2 2588/5/2
f 2587/5/2 2580/5/2 2588/5/2
f 2307/6/2 2317/6/2 2589/6/2
f 2317/5/2 2581/5/2 2589/5/2
f 2582/6/2 2583/6/2 2590/6/2
f 2589/5/2 2581/5/2 2590/5/2
f 2581/6/2 2582/6/2 2590/6/2
f 2590/6/2 2583/6/2 2591/6/2
f 2473/6/2 2474/6/2 2592/6/2
f 2592/6/2 2474/6/2 2593/6/2
f 2587/6/2 2588/6/2 2594/6/2
f 2586/6/2 2587/6/2 2594/6/2
f 2588/5/2 2326/5/2 2595/5/2
f 2594/6/2 2588/6/2 2595/6/2
f 2326/6/2 2316/6/2 2596/6/2
f 2595/5/2 2326/5/2 2596/5/2
f 2591/5/2 2592/5/2 2597/5/2
f 2590/6/2 2591/6/2 2597/6/2
f 2589/6/2 2590/6/2 2597/6/2
f 2592/6/2 2593/6/2 2598/6/2
f 2597/5/2 2592/5/2 2598/5/2
f 2593/5/2 2594/5/2 2599/5/2
f 2598/6/2 2593/6/2 2599/6/2
f 2594/6/2 2595/6/2 2600/6/2
f 2599/5/2 2594/5/2 2600/5/2
f 2595/6/2 2596/6/2 2600/6/2
f 2597/6/2 2598/6/2 2601/6/2
f 2307/6/2 2589/6/2 2601/6/2
f 2599/6/2 2600/6/2 2601/6/2
f 2598/6/2 2599/6/2 2601/6/2
f 2589/6/2 2597/6/2 2601/6/2
f 2600/6/2 2596/6/2 2602/6/2
f 2601/6/2 2600/6/2 2602/6/2
f 2596/6/2 2316/6/2 2602/6/2
f 2606/5/3 2604/5/3 2603/5/3
f 2607/6/3 2605/6/3 2604/6/3
f 2607/5/3 2604/5/3 2606/5/3
f 2608/6/3 2605/6/3 2607/6/3
f 2609/6/3 2605/6/3 2608/6/3
f 2610/6/3 2607/6/3 2606/6/3
f 2610/6/3 2608/6/3 2607/6/3
f 2610/5/3 2609/5/3 2608/5/3
f 2611/5/3 2609/5/3 2610/5/3
f 2612/5/3 2609/5/3 2611/5/3
f 2613/5/3 2609/5/3 2612/5/3
f 2614/6/3 2605/6/3 2609/6/3
f 2614/5/3 2609/5/3 2613/5/3
f 2615/6/3 2610/6/3 2606/6/3
f 2615/6/3 2611/6/3 2610/6/3
f 2616/6/3 2611/6/3 2615/6/3
f 2617/6/3 2611/6/3 2616/6/3
f 2620/5/3 2613/5/3 2612/5/3
f 2621/6/3 2614/6/3 2613/6/3
f 2621/5/3 2613/5/3 2620/5/3
f 2622/6/3 2615/6/3 2606/6/3
f 2622/5/3 2616/5/3 2615/5/3
f 2623/6/3 2618/6/3 2617/6/3
f 2623/5/3 2616/5/3 2622/5/3
f 2623/6/3 2617/6/3 2616/6/3
f 2624/6/3 2618/6/3 2623/6/3
f 2625/6/3 2618/6/3 2624/6/3
f 2628/5/3 2620/5/3 2619/5/3
f 2629/6/3 2621/6/3 2620/6/3
f 2629/5/3 2620/5/3 2628/5/3
f 2630/6/3 2614/6/3 2621/6/3
f 2630/6/3 2621/6/3 2629/6/3
f 2631/6/3 2605/6/3 2614/6/3
f 2631/6/3 2614/6/3 2630/6/3
f 2632/6/3 2605/6/3 2631/6/3
f 2633/5/3 2624/5/3 2623/5/3
f 2634/6/3 2626/6/3 2625/6/3
f 2634/5/3 2624/5/3 2633/5/3
f 2634/6/3 2625/6/3 2624/6/3
f 2635/6/3 2626/6/3 2634/6/3
f 2636/6/3 2626/6/3 2635/6/3
f 2639/5/3 2628/5/3 2627/5/3
f 2640/6/3 2630/6/3 2629/6/3
f 2640/6/3 2629/6/3 2628/6/3
f 2640/5/3 2628/5/3 2639/5/3
f 2641/6/3 2630/6/3 2640/6/3
f 2642/6/3 2630/6/3 2641/6/3
f 2643/5/3 2635/5/3 2634/5/3
f 2644/6/3 2637/6/3 2636/6/3
f 2644/5/3 2635/5/3 2643/5/3
f 2644/6/3 2636/6/3 2635/6/3
f 2645/6/3 2637/6/3 2644/6/3
f 2646/6/3 2637/6/3 2645/6/3
f 2649/5/3 2639/5/3 2638/5/3
f 2650/6/3 2641/6/3 2640/6/3
f 2650/6/3 2640/6/3 2639/6/3
f 2650/5/3 2639/5/3 2649/5/3
f 2651/6/3 2641/6/3 2650/6/3
f 2652/6/3 2641/6/3 2651/6/3
f 2653/5/3 2645/5/3 2644/5/3
f 2654/6/3 2647/6/3 2646/6/3
f 2654/5/3 2645/5/3 2653/5/3
f 2654/6/3 2646/6/3 2645/6/3
f 2655/6/3 2647/6/3 2654/6/3
f 2656/6/3 2647/6/3 2655/6/3
f 2659/5/3 2649/5/3 2648/5/3
f 2660/6/3 2651/6/3 2650/6/3
f 2660/6/3 2650/6/3 2649/6/3
f 2660/5/3 2649/5/3 2659/5/3
f 2661/6/3 2651/6/3 2660/6/3
f 2662/6/3 2651/6/3 2661/6/3
f 2663/5/3 2655/5/3 2654/5/3
f 2664/6/3 2657/6/3 2656/6/3
f 2664/5/3 2655/5/3 2663/5/3
f 2664/6/3 2656/6/3 2655/6/3
f 2665/6/3 2657/6/3 2664/6/3
f 2666/6/3 2657/6/3 2665/6/3
f 2669/5/3 2659/5/3 2658/5/3
f 2670/6/3 2661/6/3 2660/6/3
f 2670/6/3 2660/6/3 2659/6/3
f 2670/5/3 2659/5/3 2669/5/3
f 2671/6/3 2661/6/3 2670/6/3
f 2672/6/3 2661/6/3 2671/6/3
f 2673/5/3 2665/5/3 2664/5/3
f 2674/6/3 2667/6/3 2666/6/3
f 2674/5/3 2665/5/3 2673/5/3
f 2674/6/3 2666/6/3 2665/6/3
f 2675/6/3 2667/6/3 2674/6/3
f 2676/6/3 2667/6/3 2675/6/3
f 2679/5/3 2669/5/3 2668/5/3
f 2680/6/3 2671/6/3 2670/6/3
f 2680/6/3 2670/6/3 2669/6/3
f 2680/5/3 2669/5/3 2679/5/3
f 2681/6/3 2671/6/3 2680/6/3
f 2682/6/3 2671/6/3 2681/6/3
f 2683/5/3 2675/5/3 2674/5/3
f 2684/6/3 2677/6/3 2676/6/3
f 2684/5/3 2675/5/3 2683/5/3
f 2684/6/3 2676/6/3 2675/6/3
f 2685/6/3 2677/6/3 2684/6/3
f 2686/6/3 2677/6/3 2685/6/3
f 2689/5/3 2679/5/3 2678/5/3
f 2690/6/3 2681/6/3 2680/6/3
f 2690/6/3 2680/6/3 2679/6/3
f 2690/5/3 2679/5/3 2689/5/3
f 2691/6/3 2681/6/3 2690/6/3
f 2692/6/3 2681/6/3 2691/6/3
f 2693/5/3 2685/5/3 2684/5/3
f 2694/6/3 2687/6/3 2686/6/3
f 2694/5/3 2685/5/3 2693/5/3
f 2694/6/3 2686/6/3 2685/6/3
f 2695/6/3 2687/6/3 2694/6/3
f 2696/6/3 2687/6/3 2695/6/3
f 2699/5/3 2689/5/3 2688/5/3
f 2700/6/3 2691/6/3 2690/6/3
f 2700/6/3 2690/6/3 2689/6/3
f 2700/5/3 2689/5/3 2699/5/3
f 2701/6/3 2691/6/3 2700/6/3
f 2702/6/3 2691/6/3 2701/6/3
f 2703/5/3 2695/5/3 2694/5/3
f 2704/6/3 2697/6/3 2696/6/3
f 2704/5/3 2695/5/3 2703/5/3
f 2704/6/3 2696/6/3 2695/6/3
f 2705/6/3 2697/6/3 2704/6/3
f 2706/6/3 2697/6/3 2705/6/3
f 2709/5/3 2699/5/3 2698/5/3
f 2710/6/3 2701/6/3 2700/6/3
f 2710/6/3 2700/6/3 2699/6/3
f 2710/5/3 2699/5/3 2709/5/3
f 2711/6/3 2701/6/3 2710/6/3
f 2712/6/3 2701/6/3 2711/6/3
f 2713/5/3 2705/5/3 2704/5/3
f 2714/6/3 2707/6/3 2706/6/3
f 2714/5/3 2705/5/3 2713/5/3
f 2714/6/3 2706/6/3 2705/6/3
f 2715/6/3 2707/6/3 2714/6/3
f 2716/6/3 2707/6/3 2715/6/3
f 2719/5/3 2709/5/3 2708/5/3
f 2720/6/3 2711/6/3 2710/6/3
f 2720/6/3 2710/6/3 2709/6/3
f 2720/5/3 2709/5/3 2719/5/3
f 2721/6/3 2711/6/3 2720/6/3
f 2722/6/3 2711/6/3 2721/6/3
f 2723/5/3 2715/5/3 2714/5/3
f 2724/6/3 2717/6/3 2716/6/3
f 2724/5/3 2715/5/3 2723/5/3
f 2724/6/3 2716/6/3 2715/6/3
f 2725/6/3 2717/6/3 2724/6/3
f 2726/6/3 2717/6/3 2725/6/3
f 2728/5/3 2719/5/3 2718/5/3
f 2729/6/3 2721/6/3 2720/6/3
f 2729/6/3 2720/6/3 2719/6/3
f 2729/5/3 2719/5/3 2728/5/3
f 2730/6/3 2721/6/3 2729/6/3
f 2731/6/3 2721/6/3 2730/6/3
f 2732/5/3 2725/5/3 2724/5/3
f 2733/6/3 2727/6/3 2726/6/3
f 2733/5/3 2725/5/3 2732/5/3
f 2733/6/3 2726/6/3 2725/6/3
f 2734/6/3 2727/6/3 2733/6/3
f 2735/5/3 2728/5/3 2727/5/3
f 2735/6/3 2727/6/3 2734/6/3
f 2736/6/3 2730/6/3 2729/6/3
f 2736/5/3 2728/5/3 2735/5/3
f 2736/6/3 2729/6/3 2728/6/3
f 2737/6/3 2730/6/3 2736/6/3
f 2738/6/3 2730/6/3 2737/6/3
f 2739/5/3 2734/5/3 2733/5/3
f 2740/6/3 2735/6/3 2734/6/3
f 2740/5/3 2734/5/3 2739/5/3
f 2740/6/3 2737/6/3 2736/6/3
f 2740/6/3 2736/6/3 2735/6/3
f 2741/6/3 2737/6/3 2740/6/3
f 2742/6/3 2737/6/3 2741/6/3
f 2743/6/3 2737/6/3 2742/6/3
f 2745/5/3 2741/5/3 2740/5/3
f 2746/6/3 2742/6/3 2741/6/3
f 2746/5/3 2741/5/3 2745/5/3
f 2747/6/3 2742/6/3 2746/6/3
f 2749/6/3 2622/6/3 2606/6/3
f 2750/5/3 2745/5/3 2744/5/3
f 2751/6/3 2748/6/3 2747/6/3
f 2751/6/3 2746/6/3 2745/6/3
f 2751/5/3 2745/5/3 2750/5/3
f 2751/6/3 2747/6/3 2746/6/3
f 2752/6/3 2748/6/3 2751/6/3
f 2753/5/3 2632/5/3 2631/5/3
f 2754/6/3 2605/6/3 2632/6/3
f 2754/5/3 2632/5/3 2753/5/3
f 2755/6/3 2750/6/3 2749/6/3
f 2755/6/3 2753/6/3 2752/6/3
f 2755/6/3 2754/6/3 2753/6/3
f 2755/6/3 2752/6/3 2751/6/3
f 2755/6/3 2751/6/3 2750/6/3
f 2755/6/3 2749/6/3 2606/6/3
f 2756/6/3 2754/6/3 2755/6/3
f 2757/6/3 2754/6/3 2756/6/3
f 2758/6/3 2754/6/3 2757/6/3
f 2759/6/3 2754/6/3 2758/6/3
f 2760/6/3 2605/6/3 2754/6/3
f 2760/6/3 2754/6/3 2759/6/3
f 2761/5/3 2757/5/3 2756/5/3
f 2762/6/3 2758/6/3 2757/6/3
f 2762/5/3 2757/5/3 2761/5/3
f 2763/6/3 2758/6/3 2762/6/3
f 2764/6/3 2758/6/3 2763/6/3
f 2765/6/3 2758/6/3 2764/6/3
f 2767/5/3 2763/5/3 2762/5/3
f 2768/6/3 2764/6/3 2763/6/3
f 2768/5/3 2763/5/3 2767/5/3
f 2769/6/3 2764/6/3 2768/6/3
f 2772/5/3 2767/5/3 2766/5/3
f 2773/6/3 2770/6/3 2769/6/3
f 2773/6/3 2768/6/3 2767/6/3
f 2773/5/3 2767/5/3 2772/5/3
f 2773/6/3 2769/6/3 2768/6/3
f 2774/6/3 2770/6/3 2773/6/3
f 2775/6/3 2770/6/3 2774/6/3
f 2776/6/3 2770/6/3 2775/6/3
f 2779/5/3 2772/5/3 2771/5/3
f 2780/6/3 2773/6/3 2772/6/3
f 2780/6/3 2774/6/3 2773/6/3
f 2780/5/3 2772/5/3 2779/5/3
f 2781/6/3 2774/6/3 2780/6/3
f 2782/5/3 2775/5/3 2774/5/3
f 2782/6/3 2774/6/3 2781/6/3
f 2783/6/3 2776/6/3 2775/6/3
f 2783/5/3 2775/5/3 2782/5/3
f 2783/6/3 2777/6/3 2776/6/3
f 2784/6/3 2777/6/3 2783/6/3
f 2785/6/3 2777/6/3 2784/6/3
f 2788/5/3 2779/5/3 2778/5/3
f 2789/6/3 2780/6/3 2779/6/3
f 2789/6/3 2781/6/3 2780/6/3
f 2789/5/3 2779/5/3 2788/5/3
f 2790/6/3 2781/6/3 2789/6/3
f 2791/6/3 2781/6/3 2790/6/3
f 2792/5/3 2784/5/3 2783/5/3
f 2793/6/3 2786/6/3 2785/6/3
f 2793/5/3 2784/5/3 2792/5/3
f 2793/6/3 2785/6/3 2784/6/3
f 2794/6/3 2786/6/3 2793/6/3
f 2795/6/3 2786/6/3 2794/6/3
f 2798/5/3 2788/5/3 2787/5/3
f 2799/6/3 2790/6/3 2789/6/3
f 2799/6/3 2789/6/3 2788/6/3
f 2799/5/3 2788/5/3 2798/5/3
f 2800/6/3 2790/6/3 2799/6/3
f 2801/6/3 2790/6/3 2800/6/3
f 2802/5/3 2794/5/3 2793/5/3
f 2803/6/3 2796/6/3 2795/6/3
f 2803/5/3 2794/5/3 2802/5/3
f 2803/6/3 2795/6/3 2794/6/3
f 2804/6/3 2796/6/3 2803/6/3
f 2805/6/3 2796/6/3 2804/6/3
f 2808/5/3 2798/5/3 2797/5/3
f 2809/6/3 2800/6/3 2799/6/3
f 2809/6/3 2799/6/3 2798/6/3
f 2809/5/3 2798/5/3 2808/5/3
f 2810/6/3 2800/6/3 2809/6/3
f 2811/6/3 2800/6/3 2810/6/3
f 2812/5/3 2804/5/3 2803/5/3
f 2813/6/3 2806/6/3 2805/6/3
f 2813/5/3 2804/5/3 2812/5/3
f 2813/6/3 2805/6/3 2804/6/3
f 2814/6/3 2806/6/3 2813/6/3
f 2815/6/3 2806/6/3 2814/6/3
f 2818/5/3 2808/5/3 2807/5/3
f 2819/6/3 2810/6/3 2809/6/3
f 2819/6/3 2809/6/3 2808/6/3
f 2819/5/3 2808/5/3 2818/5/3
f 2820/6/3 2810/6/3 2819/6/3
f 2821/6/3 2810/6/3 2820/6/3
f 2822/5/3 2814/5/3 2813/5/3
f 2823/6/3 2816/6/3 2815/6/3
f 2823/5/3 2814/5/3 2822/5/3
f 2823/6/3 2815/6/3 2814/6/3
f 2824/6/3 2816/6/3 2823/6/3
f 2825/6/3 2816/6/3 2824/6/3
f 2828/5/3 2818/5/3 2817/5/3
f 2829/6/3 2820/6/3 2819/6/3
f 2829/6/3 2819/6/3 2818/6/3
f 2829/5/3 2818/5/3 2828/5/3
f 2830/6/3 2820/6/3 2829/6/3
f 2831/6/3 2820/6/3 2830/6/3
f 2832/5/3 2824/5/3 2823/5/3
f 2833/6/3 2826/6/3 2825/6/3
f 2833/5/3 2824/5/3 2832/5/3
f 2833/6/3 2825/6/3 2824/6/3
f 2834/6/3 2826/6/3 2833/6/3
f 2835/6/3 2826/6/3 2834/6/3
f 2838/5/3 2828/5/3 2827/5/3
f 2839/6/3 2830/6/3 2829/6/3
f 2839/6/3 2829/6/3 2828/6/3
f 2839/5/3 2828/5/3 2838/5/3
f 2840/6/3 2830/6/3 2839/6/3
f 2841/6/3 2830/6/3 2840/6/3
f 2842/5/3 2834/5/3 2833/5/3
f 2843/6/3 2836/6/3 2835/6/3
f 2843/5/3 2834/5/3 2842/5/3
f 2843/6/3 2835/6/3 2834/6/3
f 2844/6/3 2836/6/3 2843/6/3
f 2845/6/3 2836/6/3 2844/6/3
f 2848/5/3 2838/5/3 2837/5/3
f 2849/6/3 2840/6/3 2839/6/3
f 2849/6/3 2839/6/3 2838/6/3
f 2849/5/3 2838/5/3 2848/5/3
f 2850/6/3 2840/6/3 2849/6/3
f 2851/6/3 2840/6/3 2850/6/3
f 2852/5/3 2844/5/3 2843/5/3
f 2853/6/3 2846/6/3 2845/6/3
f 2853/5/3 2844/5/3 2852/5/3
f 2853/6/3 2845/6/3 2844/6/3
f 2854/6/3 2846/6/3 2853/6/3
f 2855/6/3 2846/6/3 2854/6/3
f 2858/5/3 2848/5/3 2847/5/3
f 2859/6/3 2850/6/3 2849/6/3
f 2859/6/3 2849/6/3 2848/6/3
f 2859/5/3 2848/5/3 2858/5/3
f 2860/6/3 2850/6/3 2859/6/3
f 2861/6/3 2850/6/3 2860/6/3
f 2862/5/3 2854/5/3 2853/5/3
f 2863/6/3 2856/6/3 2855/6/3
f 2863/5/3 2854/5/3 2862/5/3
f 2863/6/3 2855/6/3 2854/6/3
f 2864/6/3 2856/6/3 2863/6/3
f 2865/6/3 2856/6/3 2864/6/3
f 2868/5/3 2858/5/3 2857/5/3
f 2869/6/3 2860/6/3 2859/6/3
f 2869/6/3 2859/6/3 2858/6/3
f 2869/5/3 2858/5/3 2868/5/3
f 2870/6/3 2860/6/3 2869/6/3
f 2871/6/3 2860/6/3 2870/6/3
f 2872/5/3 2864/5/3 2863/5/3
f 2873/6/3 2866/6/3 2865/6/3
f 2873/5/3 2864/5/3 2872/5/3
f 2873/6/3 2865/6/3 2864/6/3
f 2874/6/3 2866/6/3 2873/6/3
f 2875/6/3 2866/6/3 2874/6/3
f 2877/6/3 2755/6/3 2606/6/3
f 2878/5/3 2868/5/3 2867/5/3
f 2879/6/3 2870/6/3 2869/6/3
f 2879/6/3 2869/6/3 2868/6/3
f 2879/5/3 2868/5/3 2878/5/3
f 2880/6/3 2870/6/3 2879/6/3
f 2881/6/3 2870/6/3 2880/6/3
f 2882/5/3 2874/5/3 2873/5/3
f 2883/6/3 2876/6/3 2875/6/3
f 2883/5/3 2874/5/3 2882/5/3
f 2883/6/3 2875/6/3 2874/6/3
f 2884/6/3 2876/6/3 2883/6/3
f 2885/6/3 2876/6/3 2884/6/3
f 2886/5/3 2760/5/3 2759/5/3
f 2887/6/3 2605/6/3 2760/6/3
f 2887/5/3 2760/5/3 2886/5/3
f 2888/6/3 2877/6/3 2606/6/3
f 2888/5/3 2878/5/3 2877/5/3
f 2889/6/3 2880/6/3 2879/6/3
f 2889/5/3 2878/5/3 2888/5/3
f 2889/6/3 2879/6/3 2878/6/3
f 2890/6/3 2880/6/3 2889/6/3
f 2891/6/3 2880/6/3 2890/6/3
f 2892/5/3 2884/5/3 2883/5/3
f 2893/6/3 2886/6/3 2885/6/3
f 2893/5/3 2884/5/3 2892/5/3
f 2893/6/3 2885/6/3 2884/6/3
f 2893/6/3 2887/6/3 2886/6/3
f 2894/6/3 2887/6/3 2893/6/3
f 2895/6/3 2890/6/3 2889/6/3
f 2895/6/3 2889/6/3 2888/6/3
f 2896/6/3 2890/6/3 2895/6/3
f 2897/5/3 2894/5/3 2893/5/3
f 2898/6/3 2887/6/3 2894/6/3
f 2898/5/3 2894/5/3 2897/5/3
f 2899/6/3 2887/6/3 2898/6/3
f 2900/5/3 2606/5/3 2603/5/3
f 2900/6/3 2888/6/3 2606/6/3
f 2900/6/3 2895/6/3 2888/6/3
f 2901/6/3 2895/6/3 2900/6/3
f 2902/5/3 2897/5/3 2896/5/3
f 2902/6/3 2895/6/3 2901/6/3
f 2902/5/3 2899/5/3 2898/5/3
f 2902/5/3 2896/5/3 2895/5/3
f 2902/5/3 2898/5/3 2897/5/3
f 2903/6/3 2887/6/3 2899/6/3
f 2903/5/3 2899/5/3 2902/5/3
f 2904/5/3 2901/5/3 2900/5/3
f 2904/5/3 2900/5/3 2603/5/3
f 2905/6/3 2902/6/3 2901/6/3
f 2905/5/3 2901/5/3 2904/5/3
f 2905/6/3 2903/6/3 2902/6/3
f 2906/6/3 2887/6/3 2903/6/3
f 2906/6/3 2903/6/3 2905/6/3
f 2906/6/3 2605/6/3 2887/6/3
f 2909/3/3 2908/3/3 2907/3/3
f 2910/3/3 2908/3/3 2909/3/3
f 2911/3/3 2908/3/3 2910/3/3
f 2912/3/3 2908/3/3 2911/3/3
f 2913/3/3 2908/3/3 2912/3/3
f 2914/3/3 2908/3/3 2913/3/3
f 2917/3/3 2911/3/3 2910/3/3
f 2918/3/3 2911/3/3 2917/3/3
f 2919/4/3 2912/4/3 2911/4/3
f 2919/3/3 2911/3/3 2918/3/3
f 2920/3/3 2913/3/3 2912/3/3
f 2920/4/3 2912/4/3 2919/4/3
f 2921/3/3 2913/3/3 2920/3/3
f 2922/3/3 2913/3/3 2921/3/3
f 2923/3/3 2913/3/3 2922/3/3
f 2926/3/3 2916/3/3 2915/3/3
f 2928/4/3 2921/4/3 2920/4/3
f 2928/4/3 2919/4/3 2918/4/3
f 2928/4/3 2920/4/3 2919/4/3
f 2929/4/3 2921/4/3 2928/4/3
f 2930/4/3 2921/4/3 2929/4/3
f 2931/4/3 2921/4/3 2930/4/3
f 2932/3/3 2922/3/3 2921/3/3
f 2932/4/3 2921/4/3 2931/4/3
f 2933/3/3 2922/3/3 2932/3/3
f 2934/3/3 2922/3/3 2933/3/3
f 2936/3/3 2925/3/3 2924/3/3
f 2937/3/3 2927/3/3 2926/3/3
f 2937/3/3 2926/3/3 2915/3/3
f 2938/3/3 2927/3/3 2937/3/3
f 2940/4/3 2930/4/3 2929/4/3
f 2941/4/3 2930/4/3 2940/4/3
f 2942/5/3 2931/5/3 2930/5/3
f 2942/4/3 2930/4/3 2941/4/3
f 2943/4/3 2933/4/3 2932/4/3
f 2943/5/3 2931/5/3 2942/5/3
f 2943/4/3 2932/4/3 2931/4/3
f 2944/4/3 2933/4/3 2943/4/3
f 2945/4/3 2933/4/3 2944/4/3
f 2947/3/3 2936/3/3 2935/3/3
f 2948/3/3 2925/3/3 2936/3/3
f 2948/3/3 2936/3/3 2947/3/3
f 2949/4/3 2939/4/3 2938/4/3
f 2949/4/3 2938/4/3 2937/4/3
f 2951/5/3 2942/5/3 2941/5/3
f 2951/5/3 2944/5/3 2943/5/3
f 2951/5/3 2943/5/3 2942/5/3
f 2952/5/3 2944/5/3 2951/5/3
f 2953/5/3 2944/5/3 2952/5/3
f 2954/5/3 2944/5/3 2953/5/3
f 2956/4/3 2948/4/3 2947/4/3
f 2956/4/3 2947/4/3 2946/4/3
f 2957/4/3 2950/4/3 2949/4/3
f 2959/5/3 2953/5/3 2952/5/3
f 2960/5/3 2953/5/3 2959/5/3
f 2961/5/3 2953/5/3 2960/5/3
f 2962/5/3 2953/5/3 2961/5/3
f 2964/4/3 2956/4/3 2955/4/3
f 2965/5/3 2958/5/3 2957/5/3
f 2965/4/3 2957/4/3 2949/4/3
f 2966/5/3 2958/5/3 2965/5/3
f 2968/5/3 2961/5/3 2960/5/3
f 2969/5/3 2961/5/3 2968/5/3
f 2970/5/3 2961/5/3 2969/5/3
f 2971/5/3 2961/5/3 2970/5/3
f 2973/5/3 2964/5/3 2963/5/3
f 2974/4/3 2956/4/3 2964/4/3
f 2974/5/3 2964/5/3 2973/5/3
f 2975/3/3 2937/3/3 2915/3/3
f 2975/4/3 2949/4/3 2937/4/3
f 2975/4/3 2965/4/3 2949/4/3
f 2975/4/3 2966/4/3 2965/4/3
f 2976/4/3 2966/4/3 2975/4/3
f 2977/5/3 2967/5/3 2966/5/3
f 2977/4/3 2966/4/3 2976/4/3
f 2978/5/3 2967/5/3 2977/5/3
f 2980/5/3 2970/5/3 2969/5/3
f 2981/5/3 2970/5/3 2980/5/3
f 2982/5/3 2970/5/3 2981/5/3
f 2983/5/3 2970/5/3 2982/5/3
f 2984/5/3 2970/5/3 2983/5/3
f 2986/4/3 2973/4/3 2972/4/3
f 2986/4/3 2974/4/3 2973/4/3
f 2987/4/3 2956/4/3 2974/4/3
f 2987/4/3 2948/4/3 2956/4/3
f 2987/4/3 2974/4/3 2986/4/3
f 2988/3/3 2925/3/3 2948/3/3
f 2988/4/3 2948/4/3 2987/4/3
f 2989/3/3 2976/3/3 2975/3/3
f 2989/4/3 2979/4/3 2978/4/3
f 2989/4/3 2977/4/3 2976/4/3
f 2989/4/3 2978/4/3 2977/4/3
f 2990/4/3 2979/4/3 2989/4/3
f 2991/4/3 2979/4/3 2990/4/3
f 2993/5/3 2982/5/3 2981/5/3
f 2994/5/3 2982/5/3 2993/5/3
f 2995/4/3 2983/4/3 2982/4/3
f 2995/5/3 2982/5/3 2994/5/3
f 2996/4/3 2983/4/3 2995/4/3
f 2997/4/3 2983/4/3 2996/4/3
f 2999/4/3 2987/4/3 2986/4/3
f 2999/4/3 2986/4/3 2985/4/3
f 3000/3/3 2988/3/3 2987/3/3
f 3000/4/3 2987/4/3 2999/4/3
f 3001/4/3 2992/4/3 2991/4/3
f 3001/3/3 2990/3/3 2989/3/3
f 3001/4/3 2991/4/3 2990/4/3
f 3002/4/3 2992/4/3 3001/4/3
f 3004/4/3 2996/4/3 2995/4/3
f 3004/4/3 2995/4/3 2994/4/3
f 3005/4/3 2996/4/3 3004/4/3
f 3006/4/3 2996/4/3 3005/4/3
f 3007/4/3 2996/4/3 3006/4/3
f 3009/3/3 3000/3/3 2999/3/3
f 3009/3/3 2999/3/3 2998/3/3
f 3010/3/3 3003/3/3 3002/3/3
f 3010/3/3 3002/3/3 3001/3/3
f 3012/3/3 3006/3/3 3005/3/3
f 3013/3/3 3006/3/3 3012/3/3
f 3014/3/3 3006/3/3 3013/3/3
f 3015/3/3 3006/3/3 3014/3/3
f 3017/3/3 3009/3/3 3008/3/3
f 3018/3/3 3011/3/3 3010/3/3
f 3020/3/3 3014/3/3 3013/3/3
f 3021/3/3 3014/3/3 3020/3/3
f 3022/3/3 3014/3/3 3021/3/3
f 3024/3/3 3017/3/3 3016/3/3
f 3025/3/3 3010/3/3 3001/3/3
f 3025/3/3 3019/3/3 3018/3/3
f 3025/3/3 3018/3/3 3010/3/3
f 3026/3/3 3019/3/3 3025/3/3
f 3029/3/3 3024/3/3 3023/3/3
f 3030/3/3 3009/3/3 3017/3/3
f 3030/3/3 3017/3/3 3024/3/3
f 3030/3/3 3024/3/3 3029/3/3
f 3031/3/3 3001/3/3 2989/3/3
f 3031/3/3 3025/3/3 3001/3/3
f 3032/4/3 3027/4/3 3026/4/3
f 3032/3/3 3025/3/3 3031/3/3
f 3032/4/3 3026/4/3 3025/4/3
f 3033/4/3 3027/4/3 3032/4/3
f 3036/4/3 3029/4/3 3028/4/3
f 3036/4/3 3030/4/3 3029/4/3
f 3037/3/3 3009/3/3 3030/3/3
f 3037/4/3 3030/4/3 3036/4/3
f 3038/3/3 3000/3/3 3009/3/3
f 3038/3/3 3009/3/3 3037/3/3
f 3039/3/3 3031/3/3 2989/3/3
f 3039/3/3 2989/3/3 2975/3/3
f 3040/4/3 3034/4/3 3033/4/3
f 3040/3/3 3031/3/3 3039/3/3
f 3040/4/3 3033/4/3 3032/4/3
f 3040/4/3 3032/4/3 3031/4/3
f 3041/4/3 3034/4/3 3040/4/3
f 3042/4/3 3034/4/3 3041/4/3
f 3043/4/3 3037/4/3 3036/4/3
f 3043/4/3 3038/4/3 3037/4/3
f 3043/4/3 3036/4/3 3035/4/3
f 3044/4/3 3038/4/3 3043/4/3
f 3045/3/3 3000/3/3 3038/3/3
f 3045/4/3 3038/4/3 3044/4/3
f 3046/3/3 2988/3/3 3000/3/3
f 3046/3/3 3000/3/3 3045/3/3
f 3047/3/3 3039/3/3 2975/3/3
f 3047/3/3 2975/3/3 2915/3/3
f 3048/4/3 3041/4/3 3040/4/3
f 3048/3/3 3039/3/3 3047/3/3
f 3048/4/3 3040/4/3 3039/4/3
f 3049/4/3 3041/4/3 3048/4/3
f 3050/5/3 3042/5/3 3041/5/3
f 3050/4/3 3041/4/3 3049/4/3
f 3051/5/3 3042/5/3 3050/5/3
f 3052/5/3 3042/5/3 3051/5/3
f 3053/5/3 3044/5/3 3043/5/3
f 3054/5/3 3044/5/3 3053/5/3
f 3055/4/3 3045/4/3 3044/4/3
f 3055/5/3 3044/5/3 3054/5/3
f 3055/4/3 3046/4/3 3045/4/3
f 3056/4/3 3046/4/3 3055/4/3
f 3057/3/3 3047/3/3 2915/3/3
f 3058/4/3 3049/4/3 3048/4/3
f 3058/3/3 3047/3/3 3057/3/3
f 3058/4/3 3048/4/3 3047/4/3
f 3059/5/3 3051/5/3 3050/5/3
f 3059/4/3 3049/4/3 3058/4/3
f 3059/5/3 3050/5/3 3049/5/3
f 3060/5/3 3051/5/3 3059/5/3
f 3061/5/3 3056/5/3 3055/5/3
f 3061/5/3 3055/5/3 3054/5/3
f 3062/4/3 3046/4/3 3056/4/3
f 3062/5/3 3056/5/3 3061/5/3
f 3063/3/3 2988/3/3 3046/3/3
f 3063/4/3 3046/4/3 3062/4/3
f 3064/3/3 2925/3/3 2988/3/3
f 3064/3/3 2988/3/3 3063/3/3
f 3073/3/3 3066/3/3 3065/3/3
f 3073/4/3 3067/4/3 3066/4/3
f 3074/4/3 3067/4/3 3073/4/3
f 3075/5/3 3068/5/3 3067/5/3
f 3075/4/3 3067/4/3 3074/4/3
f 3076/5/3 3068/5/3 3075/5/3
f 3077/5/3 3068/5/3 3076/5/3
f 3080/5/3 3070/5/3 3069/5/3
f 3081/5/3 3070/5/3 3080/5/3
f 3082/4/3 3071/4/3 3070/4/3
f 3082/5/3 3070/5/3 3081/5/3
f 3083/3/3 3074/3/3 3073/3/3
f 3083/4/3 3075/4/3 3074/4/3
f 3083/4/3 3076/4/3 3075/4/3
f 3084/4/3 3076/4/3 3083/4/3
f 3085/5/3 3078/5/3 3077/5/3
f 3085/4/3 3076/4/3 3084/4/3
f 3085/5/3 3077/5/3 3076/5/3
f 3086/5/3 3078/5/3 3085/5/3
f 3087/5/3 3081/5/3 3080/5/3
f 3087/5/3 3080/5/3 3079/5/3
f 3088/4/3 3082/4/3 3081/4/3
f 3088/5/3 3081/5/3 3087/5/3
f 3089/4/3 3071/4/3 3082/4/3
f 3089/4/3 3082/4/3 3088/4/3
f 3090/3/3 3072/3/3 3071/3/3
f 3090/4/3 3071/4/3 3089/4/3
f 3091/4/3 3086/4/3 3085/4/3
f 3091/3/3 3084/3/3 3083/3/3
f 3091/4/3 3085/4/3 3084/4/3
f 3092/4/3 3086/4/3 3091/4/3
f 3093/4/3 3086/4/3 3092/4/3
f 3094/4/3 3086/4/3 3093/4/3
f 3095/4/3 3089/4/3 3088/4/3
f 3095/4/3 3088/4/3 3087/4/3
f 3096/4/3 3089/4/3 3095/4/3
f 3097/4/3 3089/4/3 3096/4/3
f 3098/3/3 3090/3/3 3089/3/3
f 3098/4/3 3089/4/3 3097/4/3
f 3099/4/3 3093/4/3 3092/4/3
f 3099/3/3 3092/3/3 3091/3/3
f 3100/4/3 3093/4/3 3099/4/3
f 3101/4/3 3097/4/3 3096/4/3
f 3102/4/3 3097/4/3 3101/4/3
f 3103/3/3 3098/3/3 3097/3/3
f 3103/4/3 3097/4/3 3102/4/3
f 3104/3/3 3099/3/3 3091/3/3
f 3105/3/3 3099/3/3 3104/3/3
f 3109/3/3 3103/3/3 3102/3/3
f 3110/3/3 3103/3/3 3109/3/3
f 3111/3/3 3104/3/3 3091/3/3
f 3112/3/3 3104/3/3 3111/3/3
f 3114/3/3 3108/3/3 3107/3/3
f 3114/3/3 3107/3/3 3106/3/3
f 3115/3/3 3108/3/3 3114/3/3
f 3117/3/3 3103/3/3 3110/3/3
f 3118/3/3 3098/3/3 3103/3/3
f 3118/3/3 3103/3/3 3117/3/3
f 3119/3/3 3111/3/3 3091/3/3
f 3120/3/3 3111/3/3 3119/3/3
f 3122/3/3 3116/3/3 3115/3/3
f 3122/3/3 3115/3/3 3114/3/3
f 3122/3/3 3114/3/3 3113/3/3
f 3123/3/3 3116/3/3 3122/3/3
f 3125/3/3 3098/3/3 3118/3/3
f 3126/3/3 3098/3/3 3125/3/3
f 3127/3/3 3091/3/3 3083/3/3
f 3127/3/3 3119/3/3 3091/3/3
f 3128/3/3 3119/3/3 3127/3/3
f 3129/3/3 3119/3/3 3128/3/3
f 3131/4/3 3124/4/3 3123/4/3
f 3131/4/3 3123/4/3 3122/4/3
f 3131/4/3 3122/4/3 3121/4/3
f 3132/4/3 3124/4/3 3131/4/3
f 3134/3/3 3098/3/3 3126/3/3
f 3135/3/3 3098/3/3 3134/3/3
f 3136/3/3 3090/3/3 3098/3/3
f 3136/3/3 3098/3/3 3135/3/3
f 3137/3/3 3083/3/3 3073/3/3
f 3137/3/3 3127/3/3 3083/3/3
f 3138/4/3 3128/4/3 3127/4/3
f 3138/3/3 3127/3/3 3137/3/3
f 3139/4/3 3128/4/3 3138/4/3
f 3140/4/3 3128/4/3 3139/4/3
f 3142/4/3 3133/4/3 3132/4/3
f 3142/4/3 3132/4/3 3131/4/3
f 3142/4/3 3131/4/3 3130/4/3
f 3143/4/3 3133/4/3 3142/4/3
f 3145/4/3 3136/4/3 3135/4/3
f 3146/4/3 3136/4/3 3145/4/3
f 3147/3/3 3090/3/3 3136/3/3
f 3147/4/3 3136/4/3 3146/4/3
f 3148/3/3 3072/3/3 3090/3/3
f 3148/3/3 3090/3/3 3147/3/3
f 3149/3/3 3073/3/3 3065/3/3
f 3149/3/3 3137/3/3 3073/3/3
f 3150/4/3 3139/4/3 3138/4/3
f 3150/3/3 3137/3/3 3149/3/3
f 3150/4/3 3138/4/3 3137/4/3
f 3151/4/3 3139/4/3 3150/4/3
f 3152/4/3 3139/4/3 3151/4/3
f 3153/4/3 3139/4/3 3152/4/3
f 3155/5/3 3144/5/3 3143/5/3
f 3155/5/3 3143/5/3 3142/5/3
f 3155/5/3 3142/5/3 3141/5/3
f 3156/5/3 3144/5/3 3155/5/3
f 3158/4/3 3147/4/3 3146/4/3
f 3158/4/3 3148/4/3 3147/4/3
f 3159/4/3 3148/4/3 3158/4/3
f 3160/4/3 3148/4/3 3159/4/3
f 3161/5/3 3152/5/3 3151/5/3
f 3161/4/3 3151/4/3 3150/4/3
f 3161/4/3 3150/4/3 3149/4/3
f 3162/5/3 3152/5/3 3161/5/3
f 3164/5/3 3157/5/3 3156/5/3
f 3164/5/3 3156/5/3 3155/5/3
f 3164/5/3 3155/5/3 3154/5/3
f 3165/5/3 3157/5/3 3164/5/3
f 3167/5/3 3160/5/3 3159/5/3
f 3168/4/3 3148/4/3 3160/4/3
f 3168/5/3 3160/5/3 3167/5/3
f 3169/4/3 3161/4/3 3149/4/3
f 3169/3/3 3149/3/3 3065/3/3
f 3170/4/3 3161/4/3 3169/4/3
f 3171/4/3 3161/4/3 3170/4/3
f 3172/4/3 3161/4/3 3171/4/3
f 3174/5/3 3165/5/3 3164/5/3
f 3174/5/3 3166/5/3 3165/5/3
f 3174/5/3 3164/5/3 3163/5/3
f 3175/5/3 3166/5/3 3174/5/3
f 3177/4/3 3148/4/3 3168/4/3
f 3178/4/3 3148/4/3 3177/4/3
f 3179/4/3 3171/4/3 3170/4/3
f 3179/3/3 3170/3/3 3169/3/3
f 3180/4/3 3171/4/3 3179/4/3
f 3182/5/3 3176/5/3 3175/5/3
f 3182/5/3 3175/5/3 3174/5/3
f 3182/5/3 3174/5/3 3173/5/3
f 3183/5/3 3176/5/3 3182/5/3
f 3184/5/3 3176/5/3 3183/5/3
f 3185/5/3 3176/5/3 3184/5/3
f 3187/4/3 3148/4/3 3178/4/3
f 3188/4/3 3148/4/3 3187/4/3
f 3189/3/3 3072/3/3 3148/3/3
f 3189/4/3 3148/4/3 3188/4/3
f 3190/3/3 3179/3/3 3169/3/3
f 3190/3/3 3169/3/3 3065/3/3
f 3191/3/3 3179/3/3 3190/3/3
f 3193/4/3 3182/4/3 3181/4/3
f 3193/4/3 3183/4/3 3182/4/3
f 3194/4/3 3183/4/3 3193/4/3
f 3195/5/3 3184/5/3 3183/5/3
f 3195/4/3 3183/4/3 3194/4/3
f 3196/4/3 3186/4/3 3185/4/3
f 3196/5/3 3184/5/3 3195/5/3
f 3196/4/3 3185/4/3 3184/4/3
f 3197/4/3 3186/4/3 3196/4/3
f 3198/4/3 3186/4/3 3197/4/3
f 3200/3/3 3189/3/3 3188/3/3
f 3201/3/3 3072/3/3 3189/3/3
f 3201/3/3 3189/3/3 3200/3/3
f 3202/3/3 3190/3/3 3065/3/3
f 3203/3/3 3190/3/3 3202/3/3
f 3205/3/3 3193/3/3 3192/3/3
f 3205/3/3 3194/3/3 3193/3/3
f 3206/4/3 3195/4/3 3194/4/3
f 3206/4/3 3196/4/3 3195/4/3
f 3206/3/3 3194/3/3 3205/3/3
f 3206/4/3 3197/4/3 3196/4/3
f 3207/4/3 3197/4/3 3206/4/3
f 3208/4/3 3197/4/3 3207/4/3
f 3209/3/3 3199/3/3 3198/3/3
f 3209/4/3 3197/4/3 3208/4/3
f 3209/3/3 3198/3/3 3197/3/3
f 3210/3/3 3199/3/3 3209/3/3
f 3212/3/3 3072/3/3 3201/3/3
f 3213/3/3 3072/3/3 3212/3/3
f 3215/3/3 3205/3/3 3204/3/3
f 3215/3/3 3207/3/3 3206/3/3
f 3215/3/3 3206/3/3 3205/3/3
f 3216/4/3 3208/4/3 3207/4/3
f 3216/3/3 3207/3/3 3215/3/3
f 3217/3/3 3211/3/3 3210/3/3
f 3217/4/3 3208/4/3 3216/4/3
f 3217/3/3 3210/3/3 3209/3/3
f 3217/3/3 3209/3/3 3208/3/3
f 3218/3/3 3211/3/3 3217/3/3
f 3220/3/3 3215/3/3 3214/3/3
f 3220/3/3 3219/3/3 3218/3/3
f 3220/3/3 3218/3/3 3217/3/3
f 3220/3/3 3217/3/3 3216/3/3
f 3220/3/3 3216/3/3 3215/3/3
f 3221/3/3 3219/3/3 3220/3/3
f 3226/6/3 3223/6/3 3222/6/3
f 3227/6/3 3223/6/3 3226/6/3
f 3228/5/3 3225/5/3 3224/5/3
f 3229/5/3 3225/5/3 3228/5/3
f 3234/6/3 3231/6/3 3230/6/3
f 3235/6/3 3231/6/3 3234/6/3
f 3236/5/3 3233/5/3 3232/5/3
f 3237/5/3 3233/5/3 3236/5/3
f 3242/6/3 3239/6/3 3238/6/3
f 3243/6/3 3239/6/3 3242/6/3
f 3244/5/3 3241/5/3 3240/5/3
f 3245/5/3 3241/5/3 3244/5/3
f 3248/5/3 3247/5/3 3246/5/3
f 3249/5/3 3247/5/3 3248/5/3
f 3252/5/3 3251/5/3 3250/5/3
f 3253/5/3 3251/5/3 3252/5/3
f 3258/6/3 3255/6/3 3254/6/3
f 3259/6/3 3255/6/3 3258/6/3
f 3260/5/3 3257/5/3 3256/5/3
f 3261/5/3 3257/5/3 3260/5/3
f 3266/6/3 3263/6/3 3262/6/3
f 3267/6/3 3263/6/3 3266/6/3
f 3268/5/3 3265/5/3 3264/5/3
f 3269/5/3 3265/5/3 3268/5/3
f 3272/5/3 3271/5/3 3270/5/3
f 3273/5/3 3271/5/3 3272/5/3
f 3276/5/3 3275/5/3 3274/5/3
f 3277/5/3 3275/5/3 3276/5/3
f 3282/6/3 3279/6/3 3278/6/3
f 3283/6/3 3279/6/3 3282/6/3
f 3284/5/3 3281/5/3 3280/5/3
f 3285/5/3 3281/5/3 3284/5/3
f 3290/6/3 3287/6/3 3286/6/3
f 3291/6/3 3287/6/3 3290/6/3
f 3292/5/3 3289/5/3 3288/5/3
f 3293/5/3 3289/5/3 3292/5/3
f 3296/5/3 3295/5/3 3294/5/3
f 3297/5/3 3295/5/3 3296/5/3
f 3300/5/3 3299/5/3 3298/5/3
f 3301/5/3 3299/5/3 3300/5/3
f 3306/6/3 3303/6/3 3302/6/3
f 3307/6/3 3303/6/3 3306/6/3
f 3308/5/3 3305/5/3 3304/5/3
f 3309/5/3 3305/5/3 3308/5/3
f 3314/6/3 3311/6/3 3310/6/3
f 3315/6/3 3311/6/3 3314/6/3
f 3316/5/3 3313/5/3 3312/5/3
f 3317/5/3 3313/5/3 3316/5/3
f 3320/5/3 3319/5/3 3318/5/3
f 3321/5/3 3319/5/3 3320/5/3
f 3324/5/3 3323/5/3 3322/5/3
f 3325/5/3 3323/5/3 3324/5/3
f 3330/6/3 3327/6/3 3326/6/3
f 3331/6/3 3327/6/3 3330/6/3
f 3332/5/3 3329/5/3 3328/5/3
f 3333/5/3 3329/5/3 3332/5/3
f 3338/6/3 3335/6/3 3334/6/3
f 3339/6/3 3335/6/3 3338/6/3
f 3340/5/3 3337/5/3 3336/5/3
f 3341/5/3 3337/5/3 3340/5/3
f 3344/5/3 3343/5/3 3342/5/3
f 3345/5/3 3343/5/3 3344/5/3
f 3348/5/3 3347/5/3 3346/5/3
f 3349/5/3 3347/5/3 3348/5/3
f 3354/6/3 3351/6/3 3350/6/3
f 3355/6/3 3351/6/3 3354/6/3
f 3356/5/3 3353/5/3 3352/5/3
f 3357/5/3 3353/5/3 3356/5/3
f 3362/6/3 3359/6/3 3358/6/3
f 3363/6/3 3359/6/3 3362/6/3
f 3364/5/3 3361/5/3 3360/5/3
f 3365/5/3 3361/5/3 3364/5/3
f 3368/5/3 3367/5/3 3366/5/3
f 3369/5/3 3367/5/3 3368/5/3
f 3372/5/3 3371/5/3 3370/5/3
f 3373/5/3 3371/5/3 3372/5/3
f 3378/6/3 3375/6/3 3374/6/3
f 3379/6/3 3375/6/3 3378/6/3
f 3380/5/3 3377/5/3 3376/5/3
f 3381/5/3 3377/5/3 3380/5/3
f 3386/6/3 3383/6/3 3382/6/3
f 3387/6/3 3383/6/3 3386/6/3
f 3388/5/3 3385/5/3 3384/5/3
f 3389/5/3 3385/5/3 3388/5/3
f 3392/5/3 3391/5/3 3390/5/3
f 3393/5/3 3391/5/3 3392/5/3
f 3396/5/3 3395/5/3 3394/5/3
f 3397/5/3 3395/5/3 3396/5/3
f 3402/6/3 3399/6/3 3398/6/3
f 3403/6/3 3399/6/3 3402/6/3
f 3404/5/3 3401/5/3 3400/5/3
f 3405/5/3 3401/5/3 3404/5/3
f 3410/6/3 3407/6/3 3406/6/3
f 3411/6/3 3407/6/3 3410/6/3
f 3412/5/3 3409/5/3 3408/5/3
f 3413/5/3 3409/5/3 3412/5/3
f 3416/5/3 3415/5/3 3414/5/3
f 3417/5/3 3415/5/3 3416/5/3
f 3420/5/3 3419/5/3 3418/5/3
f 3421/5/3 3419/5/3 3420/5/3
f 3426/6/3 3423/6/3 3422/6/3
f 3427/6/3 3423/6/3 3426/6/3
f 3428/5/3 3425/5/3 3424/5/3
f 3429/5/3 3425/5/3 3428/5/3
f 3434/6/3 3431/6/3 3430/6/3
f 3435/6/3 3431/6/3 3434/6/3
f 3436/5/3 3433/5/3 3432/5/3
f 3437/5/3 3433/5/3 3436/5/3
f 3440/5/3 3439/5/3 3438/5/3
f 3441/5/3 3439/5/3 3440/5/3
f 3444/5/3 3443/5/3 3442/5/3
f 3445/5/3 3443/5/3 3444/5/3
f 3450/6/3 3447/6/3 3446/6/3
f 3451/6/3 3447/6/3 3450/6/3
f 3452/5/3 3449/5/3 3448/5/3
f 3453/5/3 3449/5/3 3452/5/3
f 3458/6/3 3455/6/3 3454/6/3
f 3459/6/3 3455/6/3 3458/6/3
f 3460/5/3 3457/5/3 3456/5/3
f 3461/5/3 3457/5/3 3460/5/3
f 3464/5/3 3463/5/3 3462/5/3
f 3465/5/3 3463/5/3 3464/5/3
f 3468/5/3 3467/5/3 3466/5/3
f 3469/5/3 3467/5/3 3468/5/3
f 3474/6/3 3471/6/3 3470/6/3
f 3475/6/3 3471/6/3 3474/6/3
f 3476/5/3 3473/5/3 3472/5/3
f 3477/5/3 3473/5/3 3476/5/3
f 3480/5/3 3479/5/3 3478/5/3
f 3481/5/3 3479/5/3 3480/5/3
f 3484/5/3 3483/5/3 3482/5/3
f 3485/5/3 3483/5/3 3484/5/3
f 3488/5/3 3487/5/3 3486/5/3
f 3489/5/3 3487/5/3 3488/5/3
f 3492/5/3 3491/5/3 3490/5/3
f 3493/5/3 3491/5/3 3492/5/3
f 3496/5/3 3495/5/3 3494/5/3
f 3497/5/3 3495/5/3 3496/5/3
f 3500/5/3 3499/5/3 3498/5/3
f 3501/5/3 3499/5/3 3500/5/3
f 3504/5/3 3503/5/3 3502/5/3
f 3505/5/3 3503/5/3 3504/5/3
f 3508/5/3 3507/5/3 3506/5/3
f 3509/5/3 3507/5/3 3508/5/3
f 3512/5/3 3511/5/3 3510/5/3
f 3513/5/3 3511/5/3 3512/5/3
f 3516/5/3 3515/5/3 3514/5/3
f 3517/5/3 3515/5/3 3516/5/3
f 3522/5/3 3519/5/3 3518/5/3
f 3523/5/3 3519/5/3 3522/5/3
f 3524/6/3 3521/6/3 3520/6/3
f 3525/6/3 3521/6/3 3524/6/3
f 3528/5/3 3527/5/3 3526/5/3
f 3529/5/3 3527/5/3 3528/5/3
f 3534/5/3 3531/5/3 3530/5/3
f 3535/5/3 3531/5/3 3534/5/3
f 3536/6/3 3533/6/3 3532/6/3
f 3537/6/3 3533/6/3 3536/6/3
f 3542/6/3 3539/6/3 3538/6/3
f 3543/6/3 3539/6/3 3542/6/3
f 3544/6/3 3539/6/3 3543/6/3
f 3545/6/3 3539/6/3 3544/6/3
f 3546/6/3 3541/6/3 3540/6/3
f 3547/6/3 3541/6/3 3546/6/3
f 3548/6/3 3541/6/3 3547/6/3
f 3549/6/3 3541/6/3 3548/6/3
f 3558/6/3 3551/6/3 3550/6/3
f 3558/6/3 3552/6/3 3551/6/3
f 3558/6/3 3553/6/3 3552/6/3
f 3559/6/3 3553/6/3 3558/6/3
f 3560/6/3 3557/6/3 3556/6/3
f 3560/6/3 3556/6/3 3555/6/3
f 3560/6/3 3555/6/3 3554/6/3
f 3561/6/3 3557/6/3 3560/6/3
f 3564/6/3 3563/6/3 3562/6/3
f 3565/6/3 3563/6/3 3564/6/3
f 3568/6/3 3567/6/3 3566/6/3
f 3569/6/3 3567/6/3 3568/6/3
f 3572/6/3 3571/6/3 3570/6/3
f 3573/6/3 3571/6/3 3572/6/3
f 3576/6/3 3575/6/3 3574/6/3
f 3577/6/3 3575/6/3 3576/6/3
f 3580/6/3 3579/6/3 3578/6/3
f 3581/6/3 3579/6/3 3580/6/3
f 3584/6/3 3583/6/3 3582/6/3
f 3585/6/3 3583/6/3 3584/6/3
f 3590/5/3 3587/5/3 3586/5/3
f 3591/5/3 3587/5/3 3590/5/3
f 3592/6/3 3589/6/3 3588/6/3
f 3593/6/3 3589/6/3 3592/6/3
f 3596/6/3 3595/6/3 3594/6/3
f 3597/6/3 3595/6/3 3596/6/3
f 3600/6/3 3599/6/3 3598/6/3
f 3601/6/3 3599/6/3 3600/6/3
f 3606/5/3 3603/5/3 3602/5/3
f 3607/5/3 3603/5/3 3606/5/3
f 3608/6/3 3605/6/3 3604/6/3
f 3609/6/3 3605/6/3 3608/6/3
f 3614/5/3 3611/5/3 3610/5/3
f 3615/5/3 3611/5/3 3614/5/3
f 3616/6/3 3613/6/3 3612/6/3
f 3617/6/3 3613/6/3 3616/6/3
f 3620/6/3 3619/6/3 3618/6/3
f 3621/6/3 3619/6/3 3620/6/3
f 3624/6/3 3623/6/3 3622/6/3
f 3625/6/3 3623/6/3 3624/6/3
f 3630/5/3 3627/5/3 3626/5/3
f 3631/5/3 3627/5/3 3630/5/3
f 3632/6/3 3629/6/3 3628/6/3
f 3633/6/3 3629/6/3 3632/6/3
f 3638/5/3 3635/5/3 3634/5/3
f 3639/5/3 3635/5/3 3638/5/3
f 3640/6/3 3637/6/3 3636/6/3
f 3641/6/3 3637/6/3 3640/6/3
f 3644/6/3 3643/6/3 3642/6/3
f 3645/6/3 3643/6/3 3644/6/3
f 3648/6/3 3647/6/3 3646/6/3
f 3649/6/3 3647/6/3 3648/6/3
f 3654/5/3 3651/5/3 3650/5/3
f 3655/5/3 3651/5/3 3654/5/3
f 3656/6/3 3653/6/3 3652/6/3
f 3657/6/3 3653/6/3 3656/6/3
f 3662/5/3 3659/5/3 3658/5/3
f 3663/5/3 3659/5/3 3662/5/3
f 3664/6/3 3661/6/3 3660/6/3
f 3665/6/3 3661/6/3 3664/6/3
f 3668/6/3 3667/6/3 3666/6/3
f 3669/6/3 3667/6/3 3668/6/3
f 3672/6/3 3671/6/3 3670/6/3
f 3673/6/3 3671/6/3 3672/6/3
f 3678/5/3 3675/5/3 3674/5/3
f 3679/5/3 3675/5/3 3678/5/3
f 3680/6/3 3677/6/3 3676/6/3
f 3681/6/3 3677/6/3 3680/6/3
f 3686/5/3 3683/5/3 3682/5/3
f 3687/5/3 3683/5/3 3686/5/3
f 3688/6/3 3685/6/3 3684/6/3
f 3689/6/3 3685/6/3 3688/6/3
f 3692/6/3 3691/6/3 3690/6/3
f 3693/6/3 3691/6/3 3692/6/3
f 3696/6/3 3695/6/3 3694/6/3
f 3697/6/3 3695/6/3 3696/6/3
f 3702/5/3 3699/5/3 3698/5/3
f 3703/5/3 3699/5/3 3702/5/3
f 3704/6/3 3701/6/3 3700/6/3
f 3705/6/3 3701/6/3 3704/6/3
f 3710/5/3 3707/5/3 3706/5/3
f 3711/5/3 3707/5/3 3710/5/3
f 3712/6/3 3709/6/3 3708/6/3
f 3713/6/3 3709/6/3 3712/6/3
f 3716/6/3 3715/6/3 3714/6/3
f 3717/6/3 3715/6/3 3716/6/3
f 3720/6/3 3719/6/3 3718/6/3
f 3721/6/3 3719/6/3 3720/6/3
f 3726/5/3 3723/5/3 3722/5/3
f 3727/5/3 3723/5/3 3726/5/3
f 3728/6/3 3725/6/3 3724/6/3
f 3729/6/3 3725/6/3 3728/6/3
f 3734/5/3 3731/5/3 3730/5/3
f 3735/5/3 3731/5/3 3734/5/3
f 3736/6/3 3733/6/3 3732/6/3
f 3737/6/3 3733/6/3 3736/6/3
f 3740/6/3 3739/6/3 3738/6/3
f 3741/6/3 3739/6/3 3740/6/3
f 3744/6/3 3743/6/3 3742/6/3
f 3745/6/3 3743/6/3 3744/6/3
f 3750/5/3 3747/5/3 3746/5/3
f 3751/5/3 3747/5/3 3750/5/3
f 3752/6/3 3749/6/3 3748/6/3
f 3753/6/3 3749/6/3 3752/6/3
f 3758/5/3 3755/5/3 3754/5/3
f 3759/5/3 3755/5/3 3758/5/3
f 3760/6/3 3757/6/3 3756/6/3
f 3761/6/3 3757/6/3 3760/6/3
f 3764/6/3 3763/6/3 3762/6/3
f 3765/6/3 3763/6/3 3764/6/3
f 3768/6/3 3767/6/3 3766/6/3
f 3769/6/3 3767/6/3 3768/6/3
f 3774/5/3 3771/5/3 3770/5/3
f 3775/5/3 3771/5/3 3774/5/3
f 3776/6/3 3773/6/3 3772/6/3
f 3777/6/3 3773/6/3 3776/6/3
f 3782/5/3 3779/5/3 3778/5/3
f 3783/5/3 3779/5/3 3782/5/3
f 3784/6/3 3781/6/3 3780/6/3
f 3785/6/3 3781/6/3 3784/6/3
f 3788/6/3 3787/6/3 3786/6/3
f 3789/6/3 3787/6/3 3788/6/3
f 3792/6/3 3791/6/3 3790/6/3
f 3793/6/3 3791/6/3 3792/6/3
f 3798/5/3 3795/5/3 3794/5/3
f 3799/5/3 3795/5/3 3798/5/3
f 3800/6/3 3797/6/3 3796/6/3
f 3801/6/3 3797/6/3 3800/6/3
f 3806/5/3 3803/5/3 3802/5/3
f 3807/5/3 3803/5/3 3806/5/3
f 3808/6/3 3805/6/3 3804/6/3
f 3809/6/3 3805/6/3 3808/6/3
f 3812/6/3 3811/6/3 3810/6/3
f 3813/6/3 3811/6/3 3812/6/3
f 3816/6/3 3815/6/3 3814/6/3
f 3817/6/3 3815/6/3 3816/6/3
f 3822/5/3 3819/5/3 3818/5/3
f 3823/5/3 3819/5/3 3822/5/3
f 3824/6/3 3821/6/3 3820/6/3
f 3825/6/3 3821/6/3 3824/6/3
f 3830/5/3 3827/5/3 3826/5/3
f 3831/5/3 3827/5/3 3830/5/3
f 3832/6/3 3829/6/3 3828/6/3
f 3833/6/3 3829/6/3 3832/6/3
f 3836/6/3 3835/6/3 3834/6/3
f 3837/6/3 3835/6/3 3836/6/3
f 3840/6/3 3839/6/3 3838/6/3
f 3841/6/3 3839/6/3 3840/6/3
f 3846/5/3 3843/5/3 3842/5/3
f 3847/5/3 3843/5/3 3846/5/3
f 3848/6/3 3845/6/3 3844/6/3
f 3849/6/3 3845/6/3 3848/6/3
f 3854/5/3 3851/5/3 3850/5/3
f 3855/5/3 3851/5/3 3854/5/3
f 3856/6/3 3853/6/3 3852/6/3
f 3857/6/3 3853/6/3 3856/6/3
f 3860/6/3 3859/6/3 3858/6/3
f 3861/6/3 3859/6/3 3860/6/3
f 3864/6/3 3863/6/3 3862/6/3
f 3865/6/3 3863/6/3 3864/6/3
f 3870/5/3 3867/5/3 3866/5/3
f 3871/5/3 3867/5/3 3870/5/3
f 3872/6/3 3869/6/3 3868/6/3
f 3873/6/3 3869/6/3 3872/6/3
f 3878/5/3 3875/5/3 3874/5/3
f 3879/5/3 3875/5/3 3878/5/3
f 3880/6/3 3877/6/3 3876/6/3
f 3881/6/3 3877/6/3 3880/6/3
f 3884/3/3 3883/3/3 3882/3/3
f 3885/3/3 3883/3/3 3884/3/3
f 3890/5/3 3887/5/3 3886/5/3
f 3891/5/3 3887/5/3 3890/5/3
f 3892/6/3 3889/6/3 3888/6/3
f 3893/6/3 3889/6/3 3892/6/3
f 3896/5/3 3895/5/3 3894/5/3
f 3897/5/3 3895/5/3 3896/5/3
f 3900/5/3 3899/5/3 3898/5/3
f 3901/5/3 3899/5/3 3900/5/3
f 3904/5/3 3903/5/3 3902/5/3
f 3905/5/3 3903/5/3 3904/5/3
f 3906/5/4 3907/5/4 3908/5/4
f 3908/5/4 3907/5/4 3909/5/4
f 3910/5/4 3911/5/4 3912/5/4
f 3912/5/4 3911/5/4 3913/5/4
f 3914/5/4 3915/5/4 3916/5/4
f 3916/5/4 3915/5/4 3917/5/4
f 3918/5/4 3919/5/4 3922/5/4
f 3922/5/4 3919/5/4 3923/5/4
f 3920/6/4 3921/6/4 3924/6/4
f 3924/6/4 3921/6/4 3925/6/4
f 3926/3/4 3927/3/4 3928/3/4
f 3928/3/4 3927/3/4 3929/3/4
f 3930/5/4 3931/5/4 3934/5/4
f 3934/5/4 3931/5/4 3935/5/4
f 3932/6/4 3933/6/4 3936/6/4
f 3936/6/4 3933/6/4 3937/6/4
f 3938/5/4 3939/5/4 3942/5/4
f 3942/5/4 3939/5/4 3943/5/4
f 3940/6/4 3941/6/4 3944/6/4
f 3944/6/4 3941/6/4 3945/6/4
f 3946/6/4 3947/6/4 3948/6/4
f 3948/6/4 3947/6/4 3949/6/4
f 3950/6/4 3951/6/4 3952/6/4
f 3952/6/4 3951/6/4 3953/6/4
f 3954/5/4 3955/5/4 3958/5/4
f 3958/5/4 3955/5/4 3959/5/4
f 3956/6/4 3957/6/4 3960/6/4
f 3960/6/4 3957/6/4 3961/6/4
f 3962/5/4 3963/5/4 3966/5/4
f 3966/5/4 3963/5/4 3967/5/4
f 3964/6/4 3965/6/4 3968/6/4
f 3968/6/4 3965/6/4 3969/6/4
f 3970/6/4 3971/6/4 3972/6/4
f 3972/6/4 3971/6/4 3973/6/4
f 3974/6/4 3975/6/4 3976/6/4
f 3976/6/4 3975/6/4 3977/6/4
f 3978/5/4 3979/5/4 3982/5/4
f 3982/5/4 3979/5/4 3983/5/4
f 3980/6/4 3981/6/4 3984/6/4
f 3984/6/4 3981/6/4 3985/6/4
f 3986/5/4 3987/5/4 3990/5/4
f 3990/5/4 3987/5/4 3991/5/4
f 3988/6/4 3989/6/4 3992/6/4
f 3992/6/4 3989/6/4 3993/6/4
f 3994/6/4 3995/6/4 3996/6/4
f 3996/6/4 3995/6/4 3997/6/4
f 3998/6/4 3999/6/4 4000/6/4
f 4000/6/4 3999/6/4 4001/6/4
f 4002/5/4 4003/5/4 4006/5/4
f 4006/5/4 4003/5/4 4007/5/4
f 4004/6/4 4005/6/4 4008/6/4
f 4008/6/4 4005/6/4 4009/6/4
f 4010/5/4 4011/5/4 4014/5/4
f 4014/5/4 4011/5/4 4015/5/4
f 4012/6/4 4013/6/4 4016/6/4
f 4016/6/4 4013/6/4 4017/6/4
f 4018/6/4 4019/6/4 4020/6/4
f 4020/6/4 4019/6/4 4021/6/4
f 4022/6/4 4023/6/4 4024/6/4
f 4024/6/4 4023/6/4 4025/6/4
f 4026/5/4 4027/5/4 4030/5/4
f 4030/5/4 4027/5/4 4031/5/4
f 4028/6/4 4029/6/4 4032/6/4
f 4032/6/4 4029/6/4 4033/6/4
f 4034/5/4 4035/5/4 4038/5/4
f 4038/5/4 4035/5/4 4039/5/4
f 4036/6/4 4037/6/4 4040/6/4
f 4040/6/4 4037/6/4 4041/6/4
f 4042/6/4 4043/6/4 4044/6/4
f 4044/6/4 4043/6/4 4045/6/4
f 4046/6/4 4047/6/4 4048/6/4
f 4048/6/4 4047/6/4 4049/6/4
f 4050/5/4 4051/5/4 4054/5/4
f 4054/5/4 4051/5/4 4055/5/4
f 4052/6/4 4053/6/4 4056/6/4
f 4056/6/4 4053/6/4 4057/6/4
f 4058/5/4 4059/5/4 4062/5/4
f 4062/5/4 4059/5/4 4063/5/4
f 4060/6/4 4061/6/4 4064/6/4
f 4064/6/4 4061/6/4 4065/6/4
f 4066/6/4 4067/6/4 4068/6/4
f 4068/6/4 4067/6/4 4069/6/4
f 4070/6/4 4071/6/4 4072/6/4
f 4072/6/4 4071/6/4 4073/6/4
f 4074/5/4 4075/5/4 4078/5/4
f 4078/5/4 4075/5/4 4079/5/4
f 4076/6/4 4077/6/4 4080/6/4
f 4080/6/4 4077/6/4 4081/6/4
f 4082/5/4 4083/5/4 4086/5/4
f 4086/5/4 4083/5/4 4087/5/4
f 4084/6/4 4085/6/4 4088/6/4
f 4088/6/4 4085/6/4 4089/6/4
f 4090/6/4 4091/6/4 4092/6/4
f 4092/6/4 4091/6/4 4093/6/4
f 4094/6/4 4095/6/4 4096/6/4
f 4096/6/4 4095/6/4 4097/6/4
f 4098/5/4 4099/5/4 4102/5/4
f 4102/5/4 4099/5/4 4103/5/4
f 4100/6/4 4101/6/4 4104/6/4
f 4104/6/4 4101/6/4 4105/6/4
f 4106/5/4 4107/5/4 4110/5/4
f 4110/5/4 4107/5/4 4111/5/4
f 4108/6/4 4109/6/4 4112/6/4
f 4112/6/4 4109/6/4 4113/6/4
f 4114/6/4 4115/6/4 4116/6/4
f 4116/6/4 4115/6/4 4117/6/4
f 4118/6/4 4119/6/4 4120/6/4
f 4120/6/4 4119/6/4 4121/6/4
f 4122/5/4 4123/5/4 4126/5/4
f 4126/5/4 4123/5/4 4127/5/4
f 4124/6/4 4125/6/4 4128/6/4
f 4128/6/4 4125/6/4 4129/6/4
f 4130/5/4 4131/5/4 4134/5/4
f 4134/5/4 4131/5/4 4135/5/4
f 4132/6/4 4133/6/4 4136/6/4
f 4136/6/4 4133/6/4 4137/6/4
f 4138/6/4 4139/6/4 4140/6/4
f 4140/6/4 4139/6/4 4141/6/4
f 4142/6/4 4143/6/4 4144/6/4
f 4144/6/4 4143/6/4 4145/6/4
f 4146/5/4 4147/5/4 4150/5/4
f 4150/5/4 4147/5/4 4151/5/4
f 4148/6/4 4149/6/4 4152/6/4
f 4152/6/4 4149/6/4 4153/6/4
f 4154/5/4 4155/5/4 4158/5/4
f 4158/5/4 4155/5/4 4159/5/4
f 4156/6/4 4157/6/4 4160/6/4
f 4160/6/4 4157/6/4 4161/6/4
f 4162/6/4 4163/6/4 4164/6/4
f 4164/6/4 4163/6/4 4165/6/4
f 4166/6/4 4167/6/4 4168/6/4
f 4168/6/4 4167/6/4 4169/6/4
f 4170/5/4 4171/5/4 4174/5/4
f 4174/5/4 4171/5/4 4175/5/4
f 4172/6/4 4173/6/4 4176/6/4
f 4176/6/4 4173/6/4 4177/6/4
f 4178/5/4 4179/5/4 4182/5/4
f 4182/5/4 4179/5/4 4183/5/4
f 4180/6/4 4181/6/4 4184/6/4
f 4184/6/4 4181/6/4 4185/6/4
f 4186/6/4 4187/6/4 4188/6/4
f 4188/6/4 4187/6/4 4189/6/4
f 4190/6/4 4191/6/4 4192/6/4
f 4192/6/4 4191/6/4 4193/6/4
f 4194/5/4 4195/5/4 4198/5/4
f 4198/5/4 4195/5/4 4199/5/4
f 4196/6/4 4197/6/4 4200/6/4
f 4200/6/4 4197/6/4 4201/6/4
f 4202/5/4 4203/5/4 4206/5/4
f 4206/5/4 4203/5/4 4207/5/4
f 4204/6/4 4205/6/4 4208/6/4
f 4208/6/4 4205/6/4 4209/6/4
f 4210/6/4 4211/6/4 4212/6/4
f 4212/6/4 4211/6/4 4213/6/4
f 4214/6/4 4215/6/4 4216/6/4
f 4216/6/4 4215/6/4 4217/6/4
f 4218/5/4 4219/5/4 4222/5/4
f 4222/5/4 4219/5/4 4223/5/4
f 4220/6/4 4221/6/4 4224/6/4
f 4224/6/4 4221/6/4 4225/6/4
f 4226/6/4 4227/6/4 4228/6/4
f 4228/6/4 4227/6/4 4229/6/4
f 4230/6/4 4231/6/4 4232/6/4
f 4232/6/4 4231/6/4 4233/6/4
f 4234/6/4 4235/6/4 4236/6/4
f 4236/6/4 4235/6/4 4237/6/4
f 4238/6/4 4239/6/4 4240/6/4
f 4240/6/4 4239/6/4 4241/6/4
f 4242/6/4 4243/6/4 4244/6/4
f 4244/6/4 4243/6/4 4245/6/4
f 4246/6/4 4247/6/4 4248/6/4
f 4248/6/4 4247/6/4 4249/6/4
f 4250/6/4 4251/6/4 4254/6/4
f 4254/6/4 4251/6/4 4255/6/4
f 4255/6/4 4251/6/4 4256/6/4
f 4256/6/4 4251/6/4 4257/6/4
f 4252/6/4 4253/6/4 4258/6/4
f 4258/6/4 4253/6/4 4259/6/4
f 4259/6/4 4253/6/4 4260/6/4
f 4260/6/4 4253/6/4 4261/6/4
f 4262/6/4 4263/6/4 4270/6/4
f 4263/6/4 4264/6/4 4270/6/4
f 4264/6/4 4265/6/4 4270/6/4
f 4270/6/4 4265/6/4 4271/6/4
f 4268/6/4 4269/6/4 4272/6/4
f 4267/6/4 4268/6/4 4272/6/4
f 4266/6/4 4267/6/4 4272/6/4
f 4272/6/4 4269/6/4 4273/6/4
f 4274/5/4 4275/5/4 4278/5/4
f 4278/5/4 4275/5/4 4279/5/4
f 4276/6/4 4277/6/4 4280/6/4
f 4280/6/4 4277/6/4 4281/6/4
f 4282/5/4 4283/5/4 4284/5/4
f 4284/5/4 4283/5/4 4285/5/4
f 4286/5/4 4287/5/4 4290/5/4
f 4290/5/4 4287/5/4 4291/5/4
f 4288/6/4 4289/6/4 4292/6/4
f 4292/6/4 4289/6/4 4293/6/4
f 4294/5/4 4295/5/4 4296/5/4
f 4296/5/4 4295/5/4 4297/5/4
f 4298/5/4 4299/5/4 4300/5/4
f 4300/5/4 4299/5/4 4301/5/4
f 4302/5/4 4303/5/4 4304/5/4
f 4304/5/4 4303/5/4 4305/5/4
f 4306/5/4 4307/5/4 4308/5/4
f 4308/5/4 4307/5/4 4309/5/4
f 4310/5/4 4311/5/4 4312/5/4
f 4312/5/4 4311/5/4 4313/5/4
f 4314/5/4 4315/5/4 4316/5/4
f 4316/5/4 4315/5/4 4317/5/4
f 4318/5/4 4319/5/4 4320/5/4
f 4320/5/4 4319/5/4 4321/5/4
f 4322/5/4 4323/5/4 4324/5/4
f 4324/5/4 4323/5/4 4325/5/4
f 4326/5/4 4327/5/4 4328/5/4
f 4328/5/4 4327/5/4 4329/5/4
f 4330/5/4 4331/5/4 4332/5/4
f 4332/5/4 4331/5/4 4333/5/4
f 4334/6/4 4335/6/4 4338/6/4
f 4338/6/4 4335/6/4 4339/6/4
f 4336/5/4 4337/5/4 4340/5/4
f 4340/5/4 4337/5/4 4341/5/4
f 4342/5/4 4343/5/4 4344/5/4
f 4344/5/4 4343/5/4 4345/5/4
f 4346/5/4 4347/5/4 4348/5/4
f 4348/5/4 4347/5/4 4349/5/4
f 4350/6/4 4351/6/4 4354/6/4
f 4354/6/4 4351/6/4 4355/6/4
f 4352/5/4 4353/5/4 4356/5/4
f 4356/5/4 4353/5/4 4357/5/4
f 4358/6/4 4359/6/4 4362/6/4
f 4362/6/4 4359/6/4 4363/6/4
f 4360/5/4 4361/5/4 4364/5/4
f 4364/5/4 4361/5/4 4365/5/4
f 4366/5/4 4367/5/4 4368/5/4
f 4368/5/4 4367/5/4 4369/5/4
f 4370/5/4 4371/5/4 4372/5/4
f 4372/5/4 4371/5/4 4373/5/4
f 4374/6/4 4375/6/4 4378/6/4
f 4378/6/4 4375/6/4 4379/6/4
f 4376/5/4 4377/5/4 4380/5/4
f 4380/5/4 4377/5/4 4381/5/4
f 4382/6/4 4383/6/4 4386/6/4
f 4386/6/4 4383/6/4 4387/6/4
f 4384/5/4 4385/5/4 4388/5/4
f 4388/5/4 4385/5/4 4389/5/4
f 4390/5/4 4391/5/4 4392/5/4
f 4392/5/4 4391/5/4 4393/5/4
f 4394/5/4 4395/5/4 4396/5/4
f 4396/5/4 4395/5/4 4397/5/4
f 4398/6/4 4399/6/4 4402/6/4
f 4402/6/4 4399/6/4 4403/6/4
f 4400/5/4 4401/5/4 4404/5/4
f 4404/5/4 4401/5/4 4405/5/4
f 4406/6/4 4407/6/4 4410/6/4
f 4410/6/4 4407/6/4 4411/6/4
f 4408/5/4 4409/5/4 4412/5/4
f 4412/5/4 4409/5/4 4413/5/4
f 4414/5/4 4415/5/4 4416/5/4
f 4416/5/4 4415/5/4 4417/5/4
f 4418/5/4 4419/5/4 4420/5/4
f 4420/5/4 4419/5/4 4421/5/4
f 4422/6/4 4423/6/4 4426/6/4
f 4426/6/4 4423/6/4 4427/6/4
f 4424/5/4 4425/5/4 4428/5/4
f 4428/5/4 4425/5/4 4429/5/4
f 4430/6/4 4431/6/4 4434/6/4
f 4434/6/4 4431/6/4 4435/6/4
f 4432/5/4 4433/5/4 4436/5/4
f 4436/5/4 4433/5/4 4437/5/4
f 4438/5/4 4439/5/4 4440/5/4
f 4440/5/4 4439/5/4 4441/5/4
f 4442/5/4 4443/5/4 4444/5/4
f 4444/5/4 4443/5/4 4445/5/4
f 4446/6/4 4447/6/4 4450/6/4
f 4450/6/4 4447/6/4 4451/6/4
f 4448/5/4 4449/5/4 4452/5/4
f 4452/5/4 4449/5/4 4453/5/4
f 4454/6/4 4455/6/4 4458/6/4
f 4458/6/4 4455/6/4 4459/6/4
f 4456/5/4 4457/5/4 4460/5/4
f 4460/5/4 4457/5/4 4461/5/4
f 4462/5/4 4463/5/4 4464/5/4
f 4464/5/4 4463/5/4 4465/5/4
f 4466/5/4 4467/5/4 4468/5/4
f 4468/5/4 4467/5/4 4469/5/4
f 4470/6/4 4471/6/4 4474/6/4
f 4474/6/4 4471/6/4 4475/6/4
f 4472/5/4 4473/5/4 4476/5/4
f 4476/5/4 4473/5/4 4477/5/4
f 4478/6/4 4479/6/4 4482/6/4
f 4482/6/4 4479/6/4 4483/6/4
f 4480/5/4 4481/5/4 4484/5/4
f 4484/5/4 4481/5/4 4485/5/4
f 4486/5/4 4487/5/4 4488/5/4
f 4488/5/4 4487/5/4 4489/5/4
f 4490/5/4 4491/5/4 4492/5/4
f 4492/5/4 4491/5/4 4493/5/4
f 4494/6/4 4495/6/4 4498/6/4
f 4498/6/4 4495/6/4 4499/6/4
f 4496/5/4 4497/5/4 4500/5/4
f 4500/5/4 4497/5/4 4501/5/4
f 4502/6/4 4503/6/4 4506/6/4
f 4506/6/4 4503/6/4 4507/6/4
f 4504/5/4 4505/5/4 4508/5/4
f 4508/5/4 4505/5/4 4509/5/4
f 4510/5/4 4511/5/4 4512/5/4
f 4512/5/4 4511/5/4 4513/5/4
f 4514/5/4 4515/5/4 4516/5/4
f 4516/5/4 4515/5/4 4517/5/4
f 4518/6/4 4519/6/4 4522/6/4
f 4522/6/4 4519/6/4 4523/6/4
f 4520/5/4 4521/5/4 4524/5/4
f 4524/5/4 4521/5/4 4525/5/4
f 4526/6/4 4527/6/4 4530/6/4
f 4530/6/4 4527/6/4 4531/6/4
f 4528/5/4 4529/5/4 4532/5/4
f 4532/5/4 4529/5/4 4533/5/4
f 4534/5/4 4535/5/4 4536/5/4
f 4536/5/4 4535/5/4 4537/5/4
f 4538/5/4 4539/5/4 4540/5/4
f 4540/5/4 4539/5/4 4541/5/4
f 4542/6/4 4543/6/4 4546/6/4
f 4546/6/4 4543/6/4 4547/6/4
f 4544/5/4 4545/5/4 4548/5/4
f 4548/5/4 4545/5/4 4549/5/4
f 4550/6/4 4551/6/4 4554/6/4
f 4554/6/4 4551/6/4 4555/6/4
f 4552/5/4 4553/5/4 4556/5/4
f 4556/5/4 4553/5/4 4557/5/4
f 4558/5/4 4559/5/4 4560/5/4
f 4560/5/4 4559/5/4 4561/5/4
f 4562/5/4 4563/5/4 4564/5/4
f 4564/5/4 4563/5/4 4565/5/4
f 4566/6/4 4567/6/4 4570/6/4
f 4570/6/4 4567/6/4 4571/6/4
f 4568/5/4 4569/5/4 4572/5/4
f 4572/5/4 4569/5/4 4573/5/4
f 4574/6/4 4575/6/4 4578/6/4
f 4578/6/4 4575/6/4 4579/6/4
f 4576/5/4 4577/5/4 4580/5/4
f 4580/5/4 4577/5/4 4581/5/4
f 4582/6/4 4583/6/4 4586/6/4
f 4586/6/4 4583/6/4 4587/6/4
f 4584/5/4 4585/5/4 4588/5/4
f 4588/5/4 4585/5/4 4589/5/4
f 4590/3/4 4591/3/4 4592/3/4
f 4592/3/4 4591/3/4 4593/3/4
f 4593/3/4 4591/3/4 4594/3/4
f 4594/3/4 4591/3/4 4595/3/4
f 4595/3/4 4591/3/4 4596/3/4
f 4596/3/4 4591/3/4 4597/3/4
f 4593/3/4 4594/3/4 4600/3/4
f 4600/3/4 4594/3/4 4601/3/4
f 4594/4/4 4595/4/4 4602/4/4
f 4601/3/4 4594/3/4 4602/3/4
f 4595/3/4 4596/3/4 4603/3/4
f 4602/4/4 4595/4/4 4603/4/4
f 4603/3/4 4596/3/4 4604/3/4
f 4604/3/4 4596/3/4 4605/3/4
f 4605/3/4 4596/3/4 4606/3/4
f 4598/3/4 4599/3/4 4609/3/4
f 4603/4/4 4604/4/4 4611/4/4
f 4601/4/4 4602/4/4 4611/4/4
f 4602/4/4 4603/4/4 4611/4/4
f 4611/4/4 4604/4/4 4612/4/4
f 4612/4/4 4604/4/4 4613/4/4
f 4613/4/4 4604/4/4 4614/4/4
f 4604/3/4 4605/3/4 4615/3/4
f 4614/4/4 4604/4/4 4615/4/4
f 4615/3/4 4605/3/4 4616/3/4
f 4616/3/4 4605/3/4 4617/3/4
f 4607/3/4 4608/3/4 4619/3/4
f 4609/3/4 4610/3/4 4620/3/4
f 4598/3/4 4609/3/4 4620/3/4
f 4620/3/4 4610/3/4 4621/3/4
f 4612/4/4 4613/4/4 4623/4/4
f 4623/4/4 4613/4/4 4624/4/4
f 4613/5/4 4614/5/4 4625/5/4
f 4624/4/4 4613/4/4 4625/4/4
f 4615/4/4 4616/4/4 4626/4/4
f 4625/5/4 4614/5/4 4626/5/4
f 4614/4/4 4615/4/4 4626/4/4
f 4626/4/4 4616/4/4 4627/4/4
f 4627/4/4 4616/4/4 4628/4/4
f 4618/3/4 4619/3/4 4630/3/4
f 4619/3/4 4608/3/4 4631/3/4
f 4630/3/4 4619/3/4 4631/3/4
f 4621/4/4 4622/4/4 4632/4/4
f 4620/4/4 4621/4/4 4632/4/4
f 4624/5/4 4625/5/4 4634/5/4
f 4626/5/4 4627/5/4 4634/5/4
f 4625/5/4 4626/5/4 4634/5/4
f 4634/5/4 4627/5/4 4635/5/4
f 4635/5/4 4627/5/4 4636/5/4
f 4636/5/4 4627/5/4 4637/5/4
f 4630/4/4 4631/4/4 4639/4/4
f 4629/4/4 4630/4/4 4639/4/4
f 4632/4/4 4633/4/4 4640/4/4
f 4635/5/4 4636/5/4 4642/5/4
f 4642/5/4 4636/5/4 4643/5/4
f 4643/5/4 4636/5/4 4644/5/4
f 4644/5/4 4636/5/4 4645/5/4
f 4638/4/4 4639/4/4 4647/4/4
f 4640/5/4 4641/5/4 4648/5/4
f 4632/4/4 4640/4/4 4648/4/4
f 4648/5/4 4641/5/4 4649/5/4
f 4643/5/4 4644/5/4 4651/5/4
f 4651/5/4 4644/5/4 4652/5/4
f 4652/5/4 4644/5/4 4653/5/4
f 4653/5/4 4644/5/4 4654/5/4
f 4646/5/4 4647/5/4 4656/5/4
f 4647/4/4 4639/4/4 4657/4/4
f 4656/5/4 4647/5/4 4657/5/4
f 4598/3/4 4620/3/4 4658/3/4
f 4620/4/4 4632/4/4 4658/4/4
f 4632/4/4 4648/4/4 4658/4/4
f 4648/4/4 4649/4/4 4658/4/4
f 4658/4/4 4649/4/4 4659/4/4
f 4649/5/4 4650/5/4 4660/5/4
f 4659/4/4 4649/4/4 4660/4/4
f 4660/5/4 4650/5/4 4661/5/4
f 4652/5/4 4653/5/4 4663/5/4
f 4663/5/4 4653/5/4 4664/5/4
f 4664/5/4 4653/5/4 4665/5/4
f 4665/5/4 4653/5/4 4666/5/4
f 4666/5/4 4653/5/4 4667/5/4
f 4655/4/4 4656/4/4 4669/4/4
f 4656/4/4 4657/4/4 4669/4/4
f 4657/4/4 4639/4/4 4670/4/4
f 4639/4/4 4631/4/4 4670/4/4
f 4669/4/4 4657/4/4 4670/4/4
f 4631/3/4 4608/3/4 4671/3/4
f 4670/4/4 4631/4/4 4671/4/4
f 4658/3/4 4659/3/4 4672/3/4
f 4661/4/4 4662/4/4 4672/4/4
f 4659/4/4 4660/4/4 4672/4/4
f 4660/4/4 4661/4/4 4672/4/4
f 4672/4/4 4662/4/4 4673/4/4
f 4673/4/4 4662/4/4 4674/4/4
f 4664/5/4 4665/5/4 4676/5/4
f 4676/5/4 4665/5/4 4677/5/4
f 4665/4/4 4666/4/4 4678/4/4
f 4677/5/4 4665/5/4 4678/5/4
f 4678/4/4 4666/4/4 4679/4/4
f 4679/4/4 4666/4/4 4680/4/4
f 4669/4/4 4670/4/4 4682/4/4
f 4668/4/4 4669/4/4 4682/4/4
f 4670/3/4 4671/3/4 4683/3/4
f 4682/4/4 4670/4/4 4683/4/4
f 4674/4/4 4675/4/4 4684/4/4
f 4672/3/4 4673/3/4 4684/3/4
f 4673/4/4 4674/4/4 4684/4/4
f 4684/4/4 4675/4/4 4685/4/4
f 4678/4/4 4679/4/4 4687/4/4
f 4677/4/4 4678/4/4 4687/4/4
f 4687/4/4 4679/4/4 4688/4/4
f 4688/4/4 4679/4/4 4689/4/4
f 4689/4/4 4679/4/4 4690/4/4
f 4682/3/4 4683/3/4 4692/3/4
f 4681/3/4 4682/3/4 4692/3/4
f 4685/3/4 4686/3/4 4693/3/4
f 4684/3/4 4685/3/4 4693/3/4
f 4688/3/4 4689/3/4 4695/3/4
f 4695/3/4 4689/3/4 4696/3/4
f 4696/3/4 4689/3/4 4697/3/4
f 4697/3/4 4689/3/4 4698/3/4
f 4691/3/4 4692/3/4 4700/3/4
f 4693/3/4 4694/3/4 4701/3/4
f 4696/3/4 4697/3/4 4703/3/4
f 4703/3/4 4697/3/4 4704/3/4
f 4704/3/4 4697/3/4 4705/3/4
f 4699/3/4 4700/3/4 4707/3/4
f 4684/3/4 4693/3/4 4708/3/4
f 4701/3/4 4702/3/4 4708/3/4
f 4693/3/4 4701/3/4 4708/3/4
f 4708/3/4 4702/3/4 4709/3/4
f 4706/3/4 4707/3/4 4712/3/4
f 4700/3/4 4692/3/4 4713/3/4
f 4707/3/4 4700/3/4 4713/3/4
f 4712/3/4 4707/3/4 4713/3/4
f 4672/3/4 4684/3/4 4714/3/4
f 4684/3/4 4708/3/4 4714/3/4
f 4709/4/4 4710/4/4 4715/4/4
f 4714/3/4 4708/3/4 4715/3/4
f 4708/4/4 4709/4/4 4715/4/4
f 4715/4/4 4710/4/4 4716/4/4
f 4711/4/4 4712/4/4 4719/4/4
f 4712/4/4 4713/4/4 4719/4/4
f 4713/3/4 4692/3/4 4720/3/4
f 4719/4/4 4713/4/4 4720/4/4
f 4692/3/4 4683/3/4 4721/3/4
f 4720/3/4 4692/3/4 4721/3/4
f 4672/3/4 4714/3/4 4722/3/4
f 4658/3/4 4672/3/4 4722/3/4
f 4716/4/4 4717/4/4 4723/4/4
f 4722/3/4 4714/3/4 4723/3/4
f 4715/4/4 4716/4/4 4723/4/4
f 4714/4/4 4715/4/4 4723/4/4
f 4723/4/4 4717/4/4 4724/4/4
f 4724/4/4 4717/4/4 4725/4/4
f 4719/4/4 4720/4/4 4726/4/4
f 4720/4/4 4721/4/4 4726/4/4
f 4718/4/4 4719/4/4 4726/4/4
f 4726/4/4 4721/4/4 4727/4/4
f 4721/3/4 4683/3/4 4728/3/4
f 4727/4/4 4721/4/4 4728/4/4
f 4683/3/4 4671/3/4 4729/3/4
f 4728/3/4 4683/3/4 4729/3/4
f 4658/3/4 4722/3/4 4730/3/4
f 4598/3/4 4658/3/4 4730/3/4
f 4723/4/4 4724/4/4 4731/4/4
f 4730/3/4 4722/3/4 4731/3/4
f 4722/4/4 4723/4/4 4731/4/4
f 4731/4/4 4724/4/4 4732/4/4
f 4724/5/4 4725/5/4 4733/5/4
f 4732/4/4 4724/4/4 4733/4/4
f 4733/5/4 4725/5/4 4734/5/4
f 4734/5/4 4725/5/4 4735/5/4
f 4726/5/4 4727/5/4 4736/5/4
f 4736/5/4 4727/5/4 4737/5/4
f 4727/4/4 4728/4/4 4738/4/4
f 4737/5/4 4727/5/4 4738/5/4
f 4728/4/4 4729/4/4 4738/4/4
f 4738/4/4 4729/4/4 4739/4/4
f 4598/3/4 4730/3/4 4740/3/4
f 4731/4/4 4732/4/4 4741/4/4
f 4740/3/4 4730/3/4 4741/3/4
f 4730/4/4 4731/4/4 4741/4/4
f 4733/5/4 4734/5/4 4742/5/4
f 4741/4/4 4732/4/4 4742/4/4
f 4732/5/4 4733/5/4 4742/5/4
f 4742/5/4 4734/5/4 4743/5/4
f 4738/5/4 4739/5/4 4744/5/4
f 4737/5/4 4738/5/4 4744/5/4
f 4739/4/4 4729/4/4 4745/4/4
f 4744/5/4 4739/5/4 4745/5/4
f 4729/3/4 4671/3/4 4746/3/4
f 4745/4/4 4729/4/4 4746/4/4
f 4671/3/4 4608/3/4 4747/3/4
f 4746/3/4 4671/3/4 4747/3/4
f 4748/3/4 4749/3/4 4756/3/4
f 4749/4/4 4750/4/4 4756/4/4
f 4756/4/4 4750/4/4 4757/4/4
f 4750/5/4 4751/5/4 4758/5/4
f 4757/4/4 4750/4/4 4758/4/4
f 4758/5/4 4751/5/4 4759/5/4
f 4759/5/4 4751/5/4 4760/5/4
f 4752/5/4 4753/5/4 4763/5/4
f 4763/5/4 4753/5/4 4764/5/4
f 4753/4/4 4754/4/4 4765/4/4
f 4764/5/4 4753/5/4 4765/5/4
f 4756/3/4 4757/3/4 4766/3/4
f 4757/4/4 4758/4/4 4766/4/4
f 4758/4/4 4759/4/4 4766/4/4
f 4766/4/4 4759/4/4 4767/4/4
f 4760/5/4 4761/5/4 4768/5/4
f 4767/4/4 4759/4/4 4768/4/4
f 4759/5/4 4760/5/4 4768/5/4
f 4768/5/4 4761/5/4 4769/5/4
f 4763/5/4 4764/5/4 4770/5/4
f 4762/5/4 4763/5/4 4770/5/4
f 4764/4/4 4765/4/4 4771/4/4
f 4770/5/4 4764/5/4 4771/5/4
f 4765/4/4 4754/4/4 4772/4/4
f 4771/4/4 4765/4/4 4772/4/4
f 4754/3/4 4755/3/4 4773/3/4
f 4772/4/4 4754/4/4 4773/4/4
f 4768/4/4 4769/4/4 4774/4/4
f 4766/3/4 4767/3/4 4774/3/4
f 4767/4/4 4768/4/4 4774/4/4
f 4774/4/4 4769/4/4 4775/4/4
f 4775/4/4 4769/4/4 4776/4/4
f 4776/4/4 4769/4/4 4777/4/4
f 4771/4/4 4772/4/4 4778/4/4
f 4770/4/4 4771/4/4 4778/4/4
f 4778/4/4 4772/4/4 4779/4/4
f 4779/4/4 4772/4/4 4780/4/4
f 4772/3/4 4773/3/4 4781/3/4
f 4780/4/4 4772/4/4 4781/4/4
f 4775/4/4 4776/4/4 4782/4/4
f 4774/3/4 4775/3/4 4782/3/4
f 4782/4/4 4776/4/4 4783/4/4
f 4779/4/4 4780/4/4 4784/4/4
f 4784/4/4 4780/4/4 4785/4/4
f 4780/3/4 4781/3/4 4786/3/4
f 4785/4/4 4780/4/4 4786/4/4
f 4774/3/4 4782/3/4 4787/3/4
f 4787/3/4 4782/3/4 4788/3/4
f 4785/3/4 4786/3/4 4792/3/4
f 4792/3/4 4786/3/4 4793/3/4
f 4774/3/4 4787/3/4 4794/3/4
f 4794/3/4 4787/3/4 4795/3/4
f 4790/3/4 4791/3/4 4797/3/4
f 4789/3/4 4790/3/4 4797/3/4
f 4797/3/4 4791/3/4 4798/3/4
f 4793/3/4 4786/3/4 4800/3/4
f 4786/3/4 4781/3/4 4801/3/4
f 4800/3/4 4786/3/4 4801/3/4
f 4774/3/4 4794/3/4 4802/3/4
f 4802/3/4 4794/3/4 4803/3/4
f 4798/3/4 4799/3/4 4805/3/4
f 4797/3/4 4798/3/4 4805/3/4
f 4796/3/4 4797/3/4 4805/3/4
f 4805/3/4 4799/3/4 4806/3/4
f 4801/3/4 4781/3/4 4808/3/4
f 4808/3/4 4781/3/4 4809/3/4
f 4766/3/4 4774/3/4 4810/3/4
f 4774/3/4 4802/3/4 4810/3/4
f 4810/3/4 4802/3/4 4811/3/4
f 4811/3/4 4802/3/4 4812/3/4
f 4806/4/4 4807/4/4 4814/4/4
f 4805/4/4 4806/4/4 4814/4/4
f 4804/4/4 4805/4/4 4814/4/4
f 4814/4/4 4807/4/4 4815/4/4
f 4809/3/4 4781/3/4 4817/3/4
f 4817/3/4 4781/3/4 4818/3/4
f 4781/3/4 4773/3/4 4819/3/4
f 4818/3/4 4781/3/4 4819/3/4
f 4756/3/4 4766/3/4 4820/3/4
f 4766/3/4 4810/3/4 4820/3/4
f 4810/4/4 4811/4/4 4821/4/4
f 4820/3/4 4810/3/4 4821/3/4
f 4821/4/4 4811/4/4 4822/4/4
f 4822/4/4 4811/4/4 4823/4/4
f 4815/4/4 4816/4/4 4825/4/4
f 4814/4/4 4815/4/4 4825/4/4
f 4813/4/4 4814/4/4 4825/4/4
f 4825/4/4 4816/4/4 4826/4/4
f 4818/4/4 4819/4/4 4828/4/4
f 4828/4/4 4819/4/4 4829/4/4
f 4819/3/4 4773/3/4 4830/3/4
f 4829/4/4 4819/4/4 4830/4/4
f 4773/3/4 4755/3/4 4831/3/4
f 4830/3/4 4773/3/4 4831/3/4
f 4748/3/4 4756/3/4 4832/3/4
f 4756/3/4 4820/3/4 4832/3/4
f 4821/4/4 4822/4/4 4833/4/4
f 4832/3/4 4820/3/4 4833/3/4
f 4820/4/4 4821/4/4 4833/4/4
f 4833/4/4 4822/4/4 4834/4/4
f 4834/4/4 4822/4/4 4835/4/4
f 4835/4/4 4822/4/4 4836/4/4
f 4826/5/4 4827/5/4 4838/5/4
f 4825/5/4 4826/5/4 4838/5/4
f 4824/5/4 4825/5/4 4838/5/4
f 4838/5/4 4827/5/4 4839/5/4
f 4829/4/4 4830/4/4 4841/4/4
f 4830/4/4 4831/4/4 4841/4/4
f 4841/4/4 4831/4/4 4842/4/4
f 4842/4/4 4831/4/4 4843/4/4
f 4834/5/4 4835/5/4 4844/5/4
f 4833/4/4 4834/4/4 4844/4/4
f 4832/4/4 4833/4/4 4844/4/4
f 4844/5/4 4835/5/4 4845/5/4
f 4839/5/4 4840/5/4 4847/5/4
f 4838/5/4 4839/5/4 4847/5/4
f 4837/5/4 4838/5/4 4847/5/4
f 4847/5/4 4840/5/4 4848/5/4
f 4842/5/4 4843/5/4 4850/5/4
f 4843/4/4 4831/4/4 4851/4/4
f 4850/5/4 4843/5/4 4851/5/4
f 4832/4/4 4844/4/4 4852/4/4
f 4748/3/4 4832/3/4 4852/3/4
f 4852/4/4 4844/4/4 4853/4/4
f 4853/4/4 4844/4/4 4854/4/4
f 4854/4/4 4844/4/4 4855/4/4
f 4847/5/4 4848/5/4 4857/5/4
f 4848/5/4 4849/5/4 4857/5/4
f 4846/5/4 4847/5/4 4857/5/4
f 4857/5/4 4849/5/4 4858/5/4
f 4851/4/4 4831/4/4 4860/4/4
f 4860/4/4 4831/4/4 4861/4/4
f 4853/4/4 4854/4/4 4862/4/4
f 4852/3/4 4853/3/4 4862/3/4
f 4862/4/4 4854/4/4 4863/4/4
f 4858/5/4 4859/5/4 4865/5/4
f 4857/5/4 4858/5/4 4865/5/4
f 4856/5/4 4857/5/4 4865/5/4
f 4865/5/4 4859/5/4 4866/5/4
f 4866/5/4 4859/5/4 4867/5/4
f 4867/5/4 4859/5/4 4868/5/4
f 4861/4/4 4831/4/4 4870/4/4
f 4870/4/4 4831/4/4 4871/4/4
f 4831/3/4 4755/3/4 4872/3/4
f 4871/4/4 4831/4/4 4872/4/4
f 4852/3/4 4862/3/4 4873/3/4
f 4748/3/4 4852/3/4 4873/3/4
f 4873/3/4 4862/3/4 4874/3/4
f 4864/4/4 4865/4/4 4876/4/4
f 4865/4/4 4866/4/4 4876/4/4
f 4876/4/4 4866/4/4 4877/4/4
f 4866/5/4 4867/5/4 4878/5/4
f 4877/4/4 4866/4/4 4878/4/4
f 4868/4/4 4869/4/4 4879/4/4
f 4878/5/4 4867/5/4 4879/5/4
f 4867/4/4 4868/4/4 4879/4/4
f 4879/4/4 4869/4/4 4880/4/4
f 4880/4/4 4869/4/4 4881/4/4
f 4871/3/4 4872/3/4 4883/3/4
f 4872/3/4 4755/3/4 4884/3/4
f 4883/3/4 4872/3/4 4884/3/4
f 4748/3/4 4873/3/4 4885/3/4
f 4885/3/4 4873/3/4 4886/3/4
f 4875/3/4 4876/3/4 4888/3/4
f 4876/3/4 4877/3/4 4888/3/4
f 4877/4/4 4878/4/4 4889/4/4
f 4878/4/4 4879/4/4 4889/4/4
f 4888/3/4 4877/3/4 4889/3/4
f 4879/4/4 4880/4/4 4889/4/4
f 4889/4/4 4880/4/4 4890/4/4
f 4890/4/4 4880/4/4 4891/4/4
f 4881/3/4 4882/3/4 4892/3/4
f 4891/4/4 4880/4/4 4892/4/4
f 4880/3/4 4881/3/4 4892/3/4
f 4892/3/4 4882/3/4 4893/3/4
f 4884/3/4 4755/3/4 4895/3/4
f 4895/3/4 4755/3/4 4896/3/4
f 4887/3/4 4888/3/4 4898/3/4
f 4889/3/4 4890/3/4 4898/3/4
f 4888/3/4 4889/3/4 4898/3/4
f 4890/4/4 4891/4/4 4899/4/4
f 4898/3/4 4890/3/4 4899/3/4
f 4893/3/4 4894/3/4 4900/3/4
f 4899/4/4 4891/4/4 4900/4/4
f 4892/3/4 4893/3/4 4900/3/4
f 4891/3/4 4892/3/4 4900/3/4
f 4900/3/4 4894/3/4 4901/3/4
f 4897/3/4 4898/3/4 4903/3/4
f 4901/3/4 4902/3/4 4903/3/4
f 4900/3/4 4901/3/4 4903/3/4
f 4899/3/4 4900/3/4 4903/3/4
f 4898/3/4 4899/3/4 4903/3/4
f 4903/3/4 4902/3/4 4904/3/4
f 4905/5/4 4906/5/4 4908/5/4
f 4906/6/4 4907/6/4 4909/6/4
f 4908/5/4 4906/5/4 4909/5/4
f 4909/6/4 4907/6/4 4910/6/4
f 4910/6/4 4907/6/4 4911/6/4
f 4908/6/4 4909/6/4 4912/6/4
f 4909/6/4 4910/6/4 4912/6/4
f 4910/5/4 4911/5/4 4912/5/4
f 4912/5/4 4911/5/4 4913/5/4
f 4913/5/4 4911/5/4 4914/5/4
f 4914/5/4 4911/5/4 4915/5/4
f 4911/6/4 4907/6/4 4916/6/4
f 4915/5/4 4911/5/4 4916/5/4
f 4908/6/4 4912/6/4 4917/6/4
f 4912/6/4 4913/6/4 4917/6/4
f 4917/6/4 4913/6/4 4918/6/4
f 4918/6/4 4913/6/4 4919/6/4
f 4914/5/4 4915/5/4 4922/5/4
f 4915/6/4 4916/6/4 4923/6/4
f 4922/5/4 4915/5/4 4923/5/4
f 4908/6/4 4917/6/4 4924/6/4
f 4917/5/4 4918/5/4 4924/5/4
f 4919/6/4 4920/6/4 4925/6/4
f 4924/5/4 4918/5/4 4925/5/4
f 4918/6/4 4919/6/4 4925/6/4
f 4925/6/4 4920/6/4 4926/6/4
f 4926/6/4 4920/6/4 4927/6/4
f 4921/5/4 4922/5/4 4930/5/4
f 4922/6/4 4923/6/4 4931/6/4
f 4930/5/4 4922/5/4 4931/5/4
f 4923/6/4 4916/6/4 4932/6/4
f 4931/6/4 4923/6/4 4932/6/4
f 4916/6/4 4907/6/4 4933/6/4
f 4932/6/4 4916/6/4 4933/6/4
f 4933/6/4 4907/6/4 4934/6/4
f 4925/5/4 4926/5/4 4935/5/4
f 4927/6/4 4928/6/4 4936/6/4
f 4935/5/4 4926/5/4 4936/5/4
f 4926/6/4 4927/6/4 4936/6/4
f 4936/6/4 4928/6/4 4937/6/4
f 4937/6/4 4928/6/4 4938/6/4
f 4929/5/4 4930/5/4 4941/5/4
f 4931/6/4 4932/6/4 4942/6/4
f 4930/6/4 4931/6/4 4942/6/4
f 4941/5/4 4930/5/4 4942/5/4
f 4942/6/4 4932/6/4 4943/6/4
f 4943/6/4 4932/6/4 4944/6/4
f 4936/5/4 4937/5/4 4945/5/4
f 4938/6/4 4939/6/4 4946/6/4
f 4945/5/4 4937/5/4 4946/5/4
f 4937/6/4 4938/6/4 4946/6/4
f 4946/6/4 4939/6/4 4947/6/4
f 4947/6/4 4939/6/4 4948/6/4
f 4940/5/4 4941/5/4 4951/5/4
f 4942/6/4 4943/6/4 4952/6/4
f 4941/6/4 4942/6/4 4952/6/4
f 4951/5/4 4941/5/4 4952/5/4
f 4952/6/4 4943/6/4 4953/6/4
f 4953/6/4 4943/6/4 4954/6/4
f 4946/5/4 4947/5/4 4955/5/4
f 4948/6/4 4949/6/4 4956/6/4
f 4955/5/4 4947/5/4 4956/5/4
f 4947/6/4 4948/6/4 4956/6/4
f 4956/6/4 4949/6/4 4957/6/4
f 4957/6/4 4949/6/4 4958/6/4
f 4950/5/4 4951/5/4 4961/5/4
f 4952/6/4 4953/6/4 4962/6/4
f 4951/6/4 4952/6/4 4962/6/4
f 4961/5/4 4951/5/4 4962/5/4
f 4962/6/4 4953/6/4 4963/6/4
f 4963/6/4 4953/6/4 4964/6/4
f 4956/5/4 4957/5/4 4965/5/4
f 4958/6/4 4959/6/4 4966/6/4
f 4965/5/4 4957/5/4 4966/5/4
f 4957/6/4 4958/6/4 4966/6/4
f 4966/6/4 4959/6/4 4967/6/4
f 4967/6/4 4959/6/4 4968/6/4
f 4960/5/4 4961/5/4 4971/5/4
f 4962/6/4 4963/6/4 4972/6/4
f 4961/6/4 4962/6/4 4972/6/4
f 4971/5/4 4961/5/4 4972/5/4
f 4972/6/4 4963/6/4 4973/6/4
f 4973/6/4 4963/6/4 4974/6/4
f 4966/5/4 4967/5/4 4975/5/4
f 4968/6/4 4969/6/4 4976/6/4
f 4975/5/4 4967/5/4 4976/5/4
f 4967/6/4 4968/6/4 4976/6/4
f 4976/6/4 4969/6/4 4977/6/4
f 4977/6/4 4969/6/4 4978/6/4
f 4970/5/4 4971/5/4 4981/5/4
f 4972/6/4 4973/6/4 4982/6/4
f 4971/6/4 4972/6/4 4982/6/4
f 4981/5/4 4971/5/4 4982/5/4
f 4982/6/4 4973/6/4 4983/6/4
f 4983/6/4 4973/6/4 4984/6/4
f 4976/5/4 4977/5/4 4985/5/4
f 4978/6/4 4979/6/4 4986/6/4
f 4985/5/4 4977/5/4 4986/5/4
f 4977/6/4 4978/6/4 4986/6/4
f 4986/6/4 4979/6/4 4987/6/4
f 4987/6/4 4979/6/4 4988/6/4
f 4980/5/4 4981/5/4 4991/5/4
f 4982/6/4 4983/6/4 4992/6/4
f 4981/6/4 4982/6/4 4992/6/4
f 4991/5/4 4981/5/4 4992/5/4
f 4992/6/4 4983/6/4 4993/6/4
f 4993/6/4 4983/6/4 4994/6/4
f 4986/5/4 4987/5/4 4995/5/4
f 4988/6/4 4989/6/4 4996/6/4
f 4995/5/4 4987/5/4 4996/5/4
f 4987/6/4 4988/6/4 4996/6/4
f 4996/6/4 4989/6/4 4997/6/4
f 4997/6/4 4989/6/4 4998/6/4
f 4990/5/4 4991/5/4 5001/5/4
f 4992/6/4 4993/6/4 5002/6/4
f 4991/6/4 4992/6/4 5002/6/4
f 5001/5/4 4991/5/4 5002/5/4
f 5002/6/4 4993/6/4 5003/6/4
f 5003/6/4 4993/6/4 5004/6/4
f 4996/5/4 4997/5/4 5005/5/4
f 4998/6/4 4999/6/4 5006/6/4
f 5005/5/4 4997/5/4 5006/5/4
f 4997/6/4 4998/6/4 5006/6/4
f 5006/6/4 4999/6/4 5007/6/4
f 5007/6/4 4999/6/4 5008/6/4
f 5000/5/4 5001/5/4 5011/5/4
f 5002/6/4 5003/6/4 5012/6/4
f 5001/6/4 5002/6/4 5012/6/4
f 5011/5/4 5001/5/4 5012/5/4
f 5012/6/4 5003/6/4 5013/6/4
f 5013/6/4 5003/6/4 5014/6/4
f 5006/5/4 5007/5/4 5015/5/4
f 5008/6/4 5009/6/4 5016/6/4
f 5015/5/4 5007/5/4 5016/5/4
f 5007/6/4 5008/6/4 5016/6/4
f 5016/6/4 5009/6/4 5017/6/4
f 5017/6/4 5009/6/4 5018/6/4
f 5010/5/4 5011/5/4 5021/5/4
f 5012/6/4 5013/6/4 5022/6/4
f 5011/6/4 5012/6/4 5022/6/4
f 5021/5/4 5011/5/4 5022/5/4
f 5022/6/4 5013/6/4 5023/6/4
f 5023/6/4 5013/6/4 5024/6/4
f 5016/5/4 5017/5/4 5025/5/4
f 5018/6/4 5019/6/4 5026/6/4
f 5025/5/4 5017/5/4 5026/5/4
f 5017/6/4 5018/6/4 5026/6/4
f 5026/6/4 5019/6/4 5027/6/4
f 5027/6/4 5019/6/4 5028/6/4
f 5020/5/4 5021/5/4 5030/5/4
f 5022/6/4 5023/6/4 5031/6/4
f 5021/6/4 5022/6/4 5031/6/4
f 5030/5/4 5021/5/4 5031/5/4
f 5031/6/4 5023/6/4 5032/6/4
f 5032/6/4 5023/6/4 5033/6/4
f 5026/5/4 5027/5/4 5034/5/4
f 5028/6/4 5029/6/4 5035/6/4
f 5034/5/4 5027/5/4 5035/5/4
f 5027/6/4 5028/6/4 5035/6/4
f 5035/6/4 5029/6/4 5036/6/4
f 5029/5/4 5030/5/4 5037/5/4
f 5036/6/4 5029/6/4 5037/6/4
f 5031/6/4 5032/6/4 5038/6/4
f 5037/5/4 5030/5/4 5038/5/4
f 5030/6/4 5031/6/4 5038/6/4
f 5038/6/4 5032/6/4 5039/6/4
f 5039/6/4 5032/6/4 5040/6/4
f 5035/5/4 5036/5/4 5041/5/4
f 5036/6/4 5037/6/4 5042/6/4
f 5041/5/4 5036/5/4 5042/5/4
f 5038/6/4 5039/6/4 5042/6/4
f 5037/6/4 5038/6/4 5042/6/4
f 5042/6/4 5039/6/4 5043/6/4
f 5043/6/4 5039/6/4 5044/6/4
f 5042/6/4 5043/6/4 5046/6/4
f 5046/6/4 5043/6/4 5047/6/4
f 4908/6/4 4924/6/4 5049/6/4
f 5047/6/4 5048/6/4 5050/6/4
f 5045/6/4 5046/6/4 5050/6/4
f 5046/6/4 5047/6/4 5050/6/4
f 5050/6/4 5048/6/4 5051/6/4
f 4933/5/4 4934/5/4 5052/5/4
f 4934/6/4 4907/6/4 5053/6/4
f 5052/5/4 4934/5/4 5053/5/4
f 4908/6/4 5049/6/4 5054/6/4
f 5051/6/4 5052/6/4 5054/6/4
f 5052/6/4 5053/6/4 5054/6/4
f 5050/6/4 5051/6/4 5054/6/4
f 5049/6/4 5050/6/4 5054/6/4
f 5054/6/4 5053/6/4 5055/6/4
f 5055/6/4 5053/6/4 5056/6/4
f 5056/6/4 5053/6/4 5057/6/4
f 5053/6/4 4907/6/4 5058/6/4
f 5057/6/4 5053/6/4 5058/6/4
f 5055/6/4 5056/6/4 5059/6/4
f 5059/6/4 5056/6/4 5060/6/4
f 5060/6/4 5056/6/4 5061/6/4
f 5061/6/4 5056/6/4 5062/6/4
f 5060/6/4 5061/6/4 5064/6/4
f 5064/6/4 5061/6/4 5065/6/4
f 5063/5/4 5064/5/4 5068/5/4
f 5065/6/4 5066/6/4 5069/6/4
f 5064/6/4 5065/6/4 5069/6/4
f 5068/5/4 5064/5/4 5069/5/4
f 5069/6/4 5066/6/4 5070/6/4
f 5070/6/4 5066/6/4 5071/6/4
f 5071/6/4 5066/6/4 5072/6/4
f 5067/5/4 5068/5/4 5075/5/4
f 5068/6/4 5069/6/4 5076/6/4
f 5069/6/4 5070/6/4 5076/6/4
f 5075/5/4 5068/5/4 5076/5/4
f 5076/6/4 5070/6/4 5077/6/4
f 5070/5/4 5071/5/4 5078/5/4
f 5077/6/4 5070/6/4 5078/6/4
f 5071/6/4 5072/6/4 5079/6/4
f 5078/5/4 5071/5/4 5079/5/4
f 5072/6/4 5073/6/4 5079/6/4
f 5079/6/4 5073/6/4 5080/6/4
f 5080/6/4 5073/6/4 5081/6/4
f 5074/5/4 5075/5/4 5084/5/4
f 5075/6/4 5076/6/4 5085/6/4
f 5076/6/4 5077/6/4 5085/6/4
f 5084/5/4 5075/5/4 5085/5/4
f 5085/6/4 5077/6/4 5086/6/4
f 5086/6/4 5077/6/4 5087/6/4
f 5079/5/4 5080/5/4 5088/5/4
f 5081/6/4 5082/6/4 5089/6/4
f 5088/5/4 5080/5/4 5089/5/4
f 5080/6/4 5081/6/4 5089/6/4
f 5089/6/4 5082/6/4 5090/6/4
f 5090/6/4 5082/6/4 5091/6/4
f 5083/5/4 5084/5/4 5094/5/4
f 5085/6/4 5086/6/4 5095/6/4
f 5084/6/4 5085/6/4 5095/6/4
f 5094/5/4 5084/5/4 5095/5/4
f 5095/6/4 5086/6/4 5096/6/4
f 5096/6/4 5086/6/4 5097/6/4
f 5089/5/4 5090/5/4 5098/5/4
f 5091/6/4 5092/6/4 5099/6/4
f 5098/5/4 5090/5/4 5099/5/4
f 5090/6/4 5091/6/4 5099/6/4
f 5099/6/4 5092/6/4 5100/6/4
f 5100/6/4 5092/6/4 5101/6/4
f 5093/5/4 5094/5/4 5104/5/4
f 5095/6/4 5096/6/4 5105/6/4
f 5094/6/4 5095/6/4 5105/6/4
f 5104/5/4 5094/5/4 5105/5/4
f 5105/6/4 5096/6/4 5106/6/4
f 5106/6/4 5096/6/4 5107/6/4
f 5099/5/4 5100/5/4 5108/5/4
f 5101/6/4 5102/6/4 5109/6/4
f 5108/5/4 5100/5/4 5109/5/4
f 5100/6/4 5101/6/4 5109/6/4
f 5109/6/4 5102/6/4 5110/6/4
f 5110/6/4 5102/6/4 5111/6/4
f 5103/5/4 5104/5/4 5114/5/4
f 5105/6/4 5106/6/4 5115/6/4
f 5104/6/4 5105/6/4 5115/6/4
f 5114/5/4 5104/5/4 5115/5/4
f 5115/6/4 5106/6/4 5116/6/4
f 5116/6/4 5106/6/4 5117/6/4
f 5109/5/4 5110/5/4 5118/5/4
f 5111/6/4 5112/6/4 5119/6/4
f 5118/5/4 5110/5/4 5119/5/4
f 5110/6/4 5111/6/4 5119/6/4
f 5119/6/4 5112/6/4 5120/6/4
f 5120/6/4 5112/6/4 5121/6/4
f 5113/5/4 5114/5/4 5124/5/4
f 5115/6/4 5116/6/4 5125/6/4
f 5114/6/4 5115/6/4 5125/6/4
f 5124/5/4 5114/5/4 5125/5/4
f 5125/6/4 5116/6/4 5126/6/4
f 5126/6/4 5116/6/4 5127/6/4
f 5119/5/4 5120/5/4 5128/5/4
f 5121/6/4 5122/6/4 5129/6/4
f 5128/5/4 5120/5/4 5129/5/4
f 5120/6/4 5121/6/4 5129/6/4
f 5129/6/4 5122/6/4 5130/6/4
f 5130/6/4 5122/6/4 5131/6/4
f 5123/5/4 5124/5/4 5134/5/4
f 5125/6/4 5126/6/4 5135/6/4
f 5124/6/4 5125/6/4 5135/6/4
f 5134/5/4 5124/5/4 5135/5/4
f 5135/6/4 5126/6/4 5136/6/4
f 5136/6/4 5126/6/4 5137/6/4
f 5129/5/4 5130/5/4 5138/5/4
f 5131/6/4 5132/6/4 5139/6/4
f 5138/5/4 5130/5/4 5139/5/4
f 5130/6/4 5131/6/4 5139/6/4
f 5139/6/4 5132/6/4 5140/6/4
f 5140/6/4 5132/6/4 5141/6/4
f 5133/5/4 5134/5/4 5144/5/4
f 5135/6/4 5136/6/4 5145/6/4
f 5134/6/4 5135/6/4 5145/6/4
f 5144/5/4 5134/5/4 5145/5/4
f 5145/6/4 5136/6/4 5146/6/4
f 5146/6/4 5136/6/4 5147/6/4
f 5139/5/4 5140/5/4 5148/5/4
f 5141/6/4 5142/6/4 5149/6/4
f 5148/5/4 5140/5/4 5149/5/4
f 5140/6/4 5141/6/4 5149/6/4
f 5149/6/4 5142/6/4 5150/6/4
f 5150/6/4 5142/6/4 5151/6/4
f 5143/5/4 5144/5/4 5154/5/4
f 5145/6/4 5146/6/4 5155/6/4
f 5144/6/4 5145/6/4 5155/6/4
f 5154/5/4 5144/5/4 5155/5/4
f 5155/6/4 5146/6/4 5156/6/4
f 5156/6/4 5146/6/4 5157/6/4
f 5149/5/4 5150/5/4 5158/5/4
f 5151/6/4 5152/6/4 5159/6/4
f 5158/5/4 5150/5/4 5159/5/4
f 5150/6/4 5151/6/4 5159/6/4
f 5159/6/4 5152/6/4 5160/6/4
f 5160/6/4 5152/6/4 5161/6/4
f 5153/5/4 5154/5/4 5164/5/4
f 5155/6/4 5156/6/4 5165/6/4
f 5154/6/4 5155/6/4 5165/6/4
f 5164/5/4 5154/5/4 5165/5/4
f 5165/6/4 5156/6/4 5166/6/4
f 5166/6/4 5156/6/4 5167/6/4
f 5159/5/4 5160/5/4 5168/5/4
f 5161/6/4 5162/6/4 5169/6/4
f 5168/5/4 5160/5/4 5169/5/4
f 5160/6/4 5161/6/4 5169/6/4
f 5169/6/4 5162/6/4 5170/6/4
f 5170/6/4 5162/6/4 5171/6/4
f 4908/6/4 5054/6/4 5173/6/4
f 5163/5/4 5164/5/4 5174/5/4
f 5165/6/4 5166/6/4 5175/6/4
f 5164/6/4 5165/6/4 5175/6/4
f 5174/5/4 5164/5/4 5175/5/4
f 5175/6/4 5166/6/4 5176/6/4
f 5176/6/4 5166/6/4 5177/6/4
f 5169/5/4 5170/5/4 5178/5/4
f 5171/6/4 5172/6/4 5179/6/4
f 5178/5/4 5170/5/4 5179/5/4
f 5170/6/4 5171/6/4 5179/6/4
f 5179/6/4 5172/6/4 5180/6/4
f 5180/6/4 5172/6/4 5181/6/4
f 5057/5/4 5058/5/4 5182/5/4
f 5058/6/4 4907/6/4 5183/6/4
f 5182/5/4 5058/5/4 5183/5/4
f 4908/6/4 5173/6/4 5184/6/4
f 5173/5/4 5174/5/4 5184/5/4
f 5175/6/4 5176/6/4 5185/6/4
f 5184/5/4 5174/5/4 5185/5/4
f 5174/6/4 5175/6/4 5185/6/4
f 5185/6/4 5176/6/4 5186/6/4
f 5186/6/4 5176/6/4 5187/6/4
f 5179/5/4 5180/5/4 5188/5/4
f 5181/6/4 5182/6/4 5189/6/4
f 5188/5/4 5180/5/4 5189/5/4
f 5180/6/4 5181/6/4 5189/6/4
f 5182/6/4 5183/6/4 5189/6/4
f 5189/6/4 5183/6/4 5190/6/4
f 5185/6/4 5186/6/4 5191/6/4
f 5184/6/4 5185/6/4 5191/6/4
f 5191/6/4 5186/6/4 5192/6/4
f 5189/5/4 5190/5/4 5193/5/4
f 5190/6/4 5183/6/4 5194/6/4
f 5193/5/4 5190/5/4 5194/5/4
f 5194/6/4 5183/6/4 5195/6/4
f 4905/5/4 4908/5/4 5196/5/4
f 4908/6/4 5184/6/4 5196/6/4
f 5184/6/4 5191/6/4 5196/6/4
f 5196/6/4 5191/6/4 5197/6/4
f 5192/5/4 5193/5/4 5198/5/4
f 5197/6/4 5191/6/4 5198/6/4
f 5194/5/4 5195/5/4 5198/5/4
f 5191/5/4 5192/5/4 5198/5/4
f 5193/5/4 5194/5/4 5198/5/4
f 5195/6/4 5183/6/4 5199/6/4
f 5198/5/4 5195/5/4 5199/5/4
f 5196/5/4 5197/5/4 5200/5/4
f 4905/5/4 5196/5/4 5200/5/4
f 5197/6/4 5198/6/4 5201/6/4
f 5200/5/4 5197/5/4 5201/5/4
f 5198/6/4 5199/6/4 5201/6/4
f 5199/6/4 5183/6/4 5202/6/4
f 5201/6/4 5199/6/4 5202/6/4
f 5183/6/4 4907/6/4 5202/6/4
f 5205/5/5 5204/5/5 5203/5/5
f 5206/5/5 5204/5/5 5205/5/5
f 5207/5/5 5205/5/5 5203/5/5
f 5207/6/5 5206/6/5 5205/6/5
f 5208/5/5 5204/5/5 5206/5/5
f 5208/6/5 5206/6/5 5207/6/5
f 5209/5/5 5207/5/5 5203/5/5
f 5209/5/5 5208/5/5 5207/5/5
f 5210/5/5 5204/5/5 5208/5/5
f 5210/5/5 5208/5/5 5209/5/5
f 5215/5/5 5212/5/5 5211/5/5
f 5216/5/5 5212/5/5 5215/5/5
f 5217/5/5 5214/5/5 5213/5/5
f 5218/5/5 5214/5/5 5217/5/5
f 5223/5/5 5220/5/5 5219/5/5
f 5224/5/5 5220/5/5 5223/5/5
f 5225/5/5 5222/5/5 5221/5/5
f 5226/5/5 5222/5/5 5225/5/5
f 5231/5/5 5228/5/5 5227/5/5
f 5232/5/5 5228/5/5 5231/5/5
f 5233/5/5 5230/5/5 5229/5/5
f 5234/5/5 5230/5/5 5233/5/5
f 5239/5/5 5236/5/5 5235/5/5
f 5240/5/5 5236/5/5 5239/5/5
f 5241/5/5 5238/5/5 5237/5/5
f 5242/5/5 5238/5/5 5241/5/5
f 5247/5/5 5244/5/5 5243/5/5
f 5248/5/5 5244/5/5 5247/5/5
f 5249/5/5 5246/5/5 5245/5/5
f 5250/5/5 5246/5/5 5249/5/5
f 5255/5/5 5252/5/5 5251/5/5
f 5256/5/5 5252/5/5 5255/5/5
f 5257/5/5 5254/5/5 5253/5/5
f 5258/5/5 5254/5/5 5257/5/5
f 5263/5/5 5260/5/5 5259/5/5
f 5264/5/5 5260/5/5 5263/5/5
f 5265/5/5 5262/5/5 5261/5/5
f 5266/5/5 5262/5/5 5265/5/5
f 5271/5/5 5268/5/5 5267/5/5
f 5272/5/5 5268/5/5 5271/5/5
f 5273/5/5 5270/5/5 5269/5/5
f 5274/5/5 5270/5/5 5273/5/5
f 5279/5/5 5276/5/5 5275/5/5
f 5280/5/5 5276/5/5 5279/5/5
f 5281/5/5 5278/5/5 5277/5/5
f 5282/5/5 5278/5/5 5281/5/5
f 5287/5/5 5284/5/5 5283/5/5
f 5288/5/5 5284/5/5 5287/5/5
f 5289/5/5 5286/5/5 5285/5/5
f 5290/5/5 5286/5/5 5289/5/5
f 5295/5/5 5292/5/5 5291/5/5
f 5296/5/5 5292/5/5 5295/5/5
f 5297/5/5 5294/5/5 5293/5/5
f 5298/5/5 5294/5/5 5297/5/5
f 5303/5/5 5300/5/5 5299/5/5
f 5304/5/5 5300/5/5 5303/5/5
f 5305/5/5 5302/5/5 5301/5/5
f 5306/5/5 5302/5/5 5305/5/5
f 5311/5/5 5308/5/5 5307/5/5
f 5312/5/5 5308/5/5 5311/5/5
f 5313/5/5 5310/5/5 5309/5/5
f 5314/5/5 5310/5/5 5313/5/5
f 5319/5/5 5316/5/5 5315/5/5
f 5320/5/5 5316/5/5 5319/5/5
f 5321/5/5 5318/5/5 5317/5/5
f 5322/5/5 5318/5/5 5321/5/5
f 5327/5/5 5324/5/5 5323/5/5
f 5328/5/5 5324/5/5 5327/5/5
f 5329/5/5 5326/5/5 5325/5/5
f 5330/5/5 5326/5/5 5329/5/5
f 5335/5/5 5332/5/5 5331/5/5
f 5336/5/5 5332/5/5 5335/5/5
f 5337/5/5 5334/5/5 5333/5/5
f 5338/5/5 5334/5/5 5337/5/5
f 5343/5/5 5340/5/5 5339/5/5
f 5344/5/5 5340/5/5 5343/5/5
f 5345/5/5 5342/5/5 5341/5/5
f 5346/5/5 5342/5/5 5345/5/5
f 5351/5/5 5348/5/5 5347/5/5
f 5352/5/5 5348/5/5 5351/5/5
f 5353/5/5 5350/5/5 5349/5/5
f 5354/5/5 5350/5/5 5353/5/5
f 5359/5/5 5356/5/5 5355/5/5
f 5360/5/5 5356/5/5 5359/5/5
f 5361/5/5 5358/5/5 5357/5/5
f 5362/5/5 5358/5/5 5361/5/5
f 5367/5/5 5364/5/5 5363/5/5
f 5368/5/5 5364/5/5 5367/5/5
f 5369/5/5 5366/5/5 5365/5/5
f 5370/5/5 5366/5/5 5369/5/5
f 5375/5/5 5372/5/5 5371/5/5
f 5376/5/5 5372/5/5 5375/5/5
f 5377/5/5 5374/5/5 5373/5/5
f 5378/5/5 5374/5/5 5377/5/5
f 5383/5/5 5380/5/5 5379/5/5
f 5384/5/5 5380/5/5 5383/5/5
f 5385/5/5 5382/5/5 5381/5/5
f 5386/5/5 5382/5/5 5385/5/5
f 5391/5/5 5388/5/5 5387/5/5
f 5392/5/5 5388/5/5 5391/5/5
f 5393/5/5 5390/5/5 5389/5/5
f 5394/5/5 5390/5/5 5393/5/5
f 5399/5/5 5396/5/5 5395/5/5
f 5400/5/5 5396/5/5 5399/5/5
f 5401/5/5 5398/5/5 5397/5/5
f 5402/5/5 5398/5/5 5401/5/5
f 5407/5/5 5404/5/5 5403/5/5
f 5408/5/5 5404/5/5 5407/5/5
f 5409/5/5 5406/5/5 5405/5/5
f 5410/5/5 5406/5/5 5409/5/5
f 5415/5/5 5412/5/5 5411/5/5
f 5416/5/5 5412/5/5 5415/5/5
f 5417/5/5 5414/5/5 5413/5/5
f 5418/5/5 5414/5/5 5417/5/5
f 5423/5/5 5420/5/5 5419/5/5
f 5424/5/5 5420/5/5 5423/5/5
f 5425/5/5 5422/5/5 5421/5/5
f 5426/5/5 5422/5/5 5425/5/5
f 5431/5/5 5428/5/5 5427/5/5
f 5432/5/5 5428/5/5 5431/5/5
f 5433/5/5 5430/5/5 5429/5/5
f 5434/5/5 5430/5/5 5433/5/5
f 5439/5/5 5436/5/5 5435/5/5
f 5440/5/5 5436/5/5 5439/5/5
f 5441/5/5 5438/5/5 5437/5/5
f 5442/5/5 5438/5/5 5441/5/5
f 5447/5/5 5444/5/5 5443/5/5
f 5448/5/5 5444/5/5 5447/5/5
f 5449/5/5 5446/5/5 5445/5/5
f 5450/5/5 5446/5/5 5449/5/5
f 5455/5/5 5452/5/5 5451/5/5
f 5456/5/5 5452/5/5 5455/5/5
f 5457/5/5 5454/5/5 5453/5/5
f 5458/5/5 5454/5/5 5457/5/5
f 5463/5/5 5460/5/5 5459/5/5
f 5464/5/5 5460/5/5 5463/5/5
f 5465/5/5 5462/5/5 5461/5/5
f 5466/5/5 5462/5/5 5465/5/5
f 5471/5/5 5468/5/5 5467/5/5
f 5472/5/5 5468/5/5 5471/5/5
f 5473/5/5 5470/5/5 5469/5/5
f 5474/5/5 5470/5/5 5473/5/5
f 5479/5/5 5476/5/5 5475/5/5
f 5480/5/5 5476/5/5 5479/5/5
f 5481/5/5 5478/5/5 5477/5/5
f 5482/5/5 5478/5/5 5481/5/5
f 5487/5/5 5484/5/5 5483/5/5
f 5488/5/5 5484/5/5 5487/5/5
f 5489/5/5 5486/5/5 5485/5/5
f 5490/5/5 5486/5/5 5489/5/5
f 5495/5/5 5492/5/5 5491/5/5
f 5496/5/5 5492/5/5 5495/5/5
f 5497/5/5 5494/5/5 5493/5/5
f 5498/5/5 5494/5/5 5497/5/5
f 5503/5/5 5500/5/5 5499/5/5
f 5504/5/5 5500/5/5 5503/5/5
f 5505/5/5 5502/5/5 5501/5/5
f 5506/5/5 5502/5/5 5505/5/5
f 5511/5/5 5508/5/5 5507/5/5
f 5512/5/5 5508/5/5 5511/5/5
f 5513/5/5 5510/5/5 5509/5/5
f 5514/5/5 5510/5/5 5513/5/5
f 5519/5/5 5516/5/5 5515/5/5
f 5520/5/5 5516/5/5 5519/5/5
f 5521/5/5 5518/5/5 5517/5/5
f 5522/5/5 5518/5/5 5521/5/5
f 5527/5/5 5524/5/5 5523/5/5
f 5528/5/5 5524/5/5 5527/5/5
f 5529/5/5 5526/5/5 5525/5/5
f 5530/5/5 5526/5/5 5529/5/5
f 5535/5/5 5532/5/5 5531/5/5
f 5536/5/5 5532/5/5 5535/5/5
f 5537/5/5 5534/5/5 5533/5/5
f 5538/5/5 5534/5/5 5537/5/5
f 5543/5/5 5540/5/5 5539/5/5
f 5544/5/5 5540/5/5 5543/5/5
f 5545/5/5 5542/5/5 5541/5/5
f 5546/5/5 5542/5/5 5545/5/5
f 5551/5/5 5548/5/5 5547/5/5
f 5552/5/5 5548/5/5 5551/5/5
f 5553/5/5 5550/5/5 5549/5/5
f 5554/5/5 5550/5/5 5553/5/5
f 5559/5/5 5556/5/5 5555/5/5
f 5560/5/5 5556/5/5 5559/5/5
f 5561/5/5 5558/5/5 5557/5/5
f 5562/5/5 5558/5/5 5561/5/5
f 5571/5/5 5564/5/5 5563/5/5
f 5572/5/5 5564/5/5 5571/5/5
f 5573/5/5 5566/5/5 5565/5/5
f 5574/5/5 5566/5/5 5573/5/5
f 5575/5/5 5568/5/5 5567/5/5
f 5576/5/5 5568/5/5 5575/5/5
f 5577/5/5 5570/5/5 5569/5/5
f 5578/5/5 5570/5/5 5577/5/5
f 5583/5/5 5580/5/5 5579/5/5
f 5584/5/5 5580/5/5 5583/5/5
f 5585/5/5 5582/5/5 5581/5/5
f 5586/5/5 5582/5/5 5585/5/5
f 5591/5/5 5588/5/5 5587/5/5
f 5592/5/5 5588/5/5 5591/5/5
f 5593/5/5 5590/5/5 5589/5/5
f 5594/5/5 5590/5/5 5593/5/5
f 5599/5/5 5596/5/5 5595/5/5
f 5600/5/5 5596/5/5 5599/5/5
f 5601/5/5 5598/5/5 5597/5/5
f 5602/5/5 5598/5/5 5601/5/5
f 5607/5/5 5604/5/5 5603/5/5
f 5608/5/5 5604/5/5 5607/5/5
f 5609/5/5 5606/5/5 5605/5/5
f 5610/5/5 5606/5/5 5609/5/5
f 5619/5/5 5612/5/5 5611/5/5
f 5620/5/5 5612/5/5 5619/5/5
f 5621/6/5 5614/6/5 5613/6/5
f 5622/6/5 5614/6/5 5621/6/5
f 5623/6/5 5616/6/5 5615/6/5
f 5624/6/5 5616/6/5 5623/6/5
f 5625/5/5 5618/5/5 5617/5/5
f 5626/5/5 5618/5/5 5625/5/5
f 5631/5/5 5628/5/5 5627/5/5
f 5632/5/5 5628/5/5 5631/5/5
f 5633/5/5 5628/5/5 5632/5/5
f 5634/5/5 5630/5/5 5629/5/5
f 5635/5/5 5630/5/5 5634/5/5
f 5636/5/5 5630/5/5 5635/5/5
f 5641/5/5 5638/5/5 5637/5/5
f 5642/5/5 5640/5/5 5639/5/5
f 5643/5/5 5641/5/5 5637/5/5
f 5644/5/5 5641/5/5 5643/5/5
f 5645/5/5 5640/5/5 5642/5/5
f 5646/5/5 5640/5/5 5645/5/5
f 5651/5/5 5648/5/5 5647/5/5
f 5652/5/5 5650/5/5 5649/5/5
f 5653/5/5 5651/5/5 5647/5/5
f 5654/5/5 5651/5/5 5653/5/5
f 5655/5/5 5650/5/5 5652/5/5
f 5656/5/5 5650/5/5 5655/5/5
f 5663/6/5 5658/6/5 5657/6/5
f 5663/6/5 5659/6/5 5658/6/5
f 5664/6/5 5659/6/5 5663/6/5
f 5665/6/5 5662/6/5 5661/6/5
f 5665/6/5 5661/6/5 5660/6/5
f 5666/6/5 5662/6/5 5665/6/5
f 5671/5/5 5668/5/5 5667/5/5
f 5672/5/5 5668/5/5 5671/5/5
f 5673/5/5 5670/5/5 5669/5/5
f 5674/5/5 5670/5/5 5673/5/5
f 5679/5/5 5676/5/5 5675/5/5
f 5680/5/5 5676/5/5 5679/5/5
f 5681/5/5 5678/5/5 5677/5/5
f 5682/5/5 5678/5/5 5681/5/5
f 5687/5/5 5684/5/5 5683/5/5
f 5688/5/5 5684/5/5 5687/5/5
f 5689/5/5 5686/5/5 5685/5/5
f 5690/5/5 5686/5/5 5689/5/5
f 5695/5/5 5692/5/5 5691/5/5
f 5696/5/5 5692/5/5 5695/5/5
f 5697/5/5 5694/5/5 5693/5/5
f 5698/5/5 5694/5/5 5697/5/5
f 5703/5/5 5700/5/5 5699/5/5
f 5704/5/5 5700/5/5 5703/5/5
f 5705/5/5 5702/5/5 5701/5/5
f 5706/5/5 5702/5/5 5705/5/5
f 5711/5/5 5708/5/5 5707/5/5
f 5712/5/5 5708/5/5 5711/5/5
f 5713/5/5 5710/5/5 5709/5/5
f 5714/5/5 5710/5/5 5713/5/5
f 5719/5/5 5716/5/5 5715/5/5
f 5720/5/5 5716/5/5 5719/5/5
f 5721/5/5 5718/5/5 5717/5/5
f 5722/5/5 5718/5/5 5721/5/5
f 5727/5/5 5724/5/5 5723/5/5
f 5728/5/5 5724/5/5 5727/5/5
f 5729/5/5 5726/5/5 5725/5/5
f 5730/5/5 5726/5/5 5729/5/5
f 5735/5/5 5732/5/5 5731/5/5
f 5736/5/5 5732/5/5 5735/5/5
f 5737/5/5 5734/5/5 5733/5/5
f 5738/5/5 5734/5/5 5737/5/5
f 5743/5/5 5740/5/5 5739/5/5
f 5744/5/5 5740/5/5 5743/5/5
f 5745/5/5 5742/5/5 5741/5/5
f 5746/5/5 5742/5/5 5745/5/5
f 5751/5/5 5748/5/5 5747/5/5
f 5752/5/5 5748/5/5 5751/5/5
f 5753/5/5 5750/5/5 5749/5/5
f 5754/5/5 5750/5/5 5753/5/5
f 5759/5/5 5756/5/5 5755/5/5
f 5760/5/5 5756/5/5 5759/5/5
f 5761/5/5 5758/5/5 5757/5/5
f 5762/5/5 5758/5/5 5761/5/5
f 5767/5/5 5764/5/5 5763/5/5
f 5768/5/5 5764/5/5 5767/5/5
f 5769/5/5 5766/5/5 5765/5/5
f 5770/5/5 5766/5/5 5769/5/5
f 5775/5/5 5772/5/5 5771/5/5
f 5776/5/5 5772/5/5 5775/5/5
f 5777/5/5 5774/5/5 5773/5/5
f 5778/5/5 5774/5/5 5777/5/5
f 5783/5/5 5780/5/5 5779/5/5
f 5784/5/5 5780/5/5 5783/5/5
f 5785/5/5 5782/5/5 5781/5/5
f 5786/5/5 5782/5/5 5785/5/5
f 5791/5/5 5788/5/5 5787/5/5
f 5792/5/5 5788/5/5 5791/5/5
f 5793/5/5 5790/5/5 5789/5/5
f 5794/5/5 5790/5/5 5793/5/5
f 5799/5/5 5796/5/5 5795/5/5
f 5800/5/5 5796/5/5 5799/5/5
f 5801/5/5 5798/5/5 5797/5/5
f 5802/5/5 5798/5/5 5801/5/5
f 5807/5/5 5804/5/5 5803/5/5
f 5808/5/5 5804/5/5 5807/5/5
f 5809/5/5 5806/5/5 5805/5/5
f 5810/5/5 5806/5/5 5809/5/5
f 5815/5/5 5812/5/5 5811/5/5
f 5816/5/5 5812/5/5 5815/5/5
f 5817/5/5 5814/5/5 5813/5/5
f 5818/5/5 5814/5/5 5817/5/5
f 5823/5/5 5820/5/5 5819/5/5
f 5824/5/5 5820/5/5 5823/5/5
f 5825/5/5 5822/5/5 5821/5/5
f 5826/5/5 5822/5/5 5825/5/5
f 5831/5/5 5828/5/5 5827/5/5
f 5832/5/5 5828/5/5 5831/5/5
f 5833/5/5 5830/5/5 5829/5/5
f 5834/5/5 5830/5/5 5833/5/5
f 5839/5/5 5836/5/5 5835/5/5
f 5840/5/5 5836/5/5 5839/5/5
f 5841/5/5 5838/5/5 5837/5/5
f 5842/5/5 5838/5/5 5841/5/5
f 5847/5/5 5844/5/5 5843/5/5
f 5848/5/5 5844/5/5 5847/5/5
f 5849/5/5 5846/5/5 5845/5/5
f 5850/5/5 5846/5/5 5849/5/5
f 5855/5/5 5852/5/5 5851/5/5
f 5856/5/5 5852/5/5 5855/5/5
f 5857/5/5 5854/5/5 5853/5/5
f 5858/5/5 5854/5/5 5857/5/5
f 5863/5/5 5860/5/5 5859/5/5
f 5864/5/5 5860/5/5 5863/5/5
f 5865/5/5 5862/5/5 5861/5/5
f 5866/5/5 5862/5/5 5865/5/5
f 5871/5/5 5868/5/5 5867/5/5
f 5872/5/5 5868/5/5 5871/5/5
f 5873/5/5 5870/5/5 5869/5/5
f 5874/5/5 5870/5/5 5873/5/5
f 5879/5/5 5876/5/5 5875/5/5
f 5880/5/5 5876/5/5 5879/5/5
f 5881/5/5 5878/5/5 5877/5/5
f 5882/5/5 5878/5/5 5881/5/5
f 5887/5/5 5884/5/5 5883/5/5
f 5888/5/5 5884/5/5 5887/5/5
f 5889/5/5 5886/5/5 5885/5/5
f 5890/5/5 5886/5/5 5889/5/5
f 5895/5/5 5892/5/5 5891/5/5
f 5896/5/5 5892/5/5 5895/5/5
f 5897/5/5 5894/5/5 5893/5/5
f 5898/5/5 5894/5/5 5897/5/5
f 5903/5/5 5900/5/5 5899/5/5
f 5904/5/5 5900/5/5 5903/5/5
f 5905/5/5 5902/5/5 5901/5/5
f 5906/5/5 5902/5/5 5905/5/5
f 5911/5/5 5908/5/5 5907/5/5
f 5912/5/5 5908/5/5 5911/5/5
f 5913/5/5 5910/5/5 5909/5/5
f 5914/5/5 5910/5/5 5913/5/5
f 5919/5/5 5916/5/5 5915/5/5
f 5920/5/5 5916/5/5 5919/5/5
f 5921/5/5 5918/5/5 5917/5/5
f 5922/5/5 5918/5/5 5921/5/5
f 5927/5/5 5924/5/5 5923/5/5
f 5928/5/5 5924/5/5 5927/5/5
f 5929/5/5 5926/5/5 5925/5/5
f 5930/5/5 5926/5/5 5929/5/5
f 5935/5/5 5932/5/5 5931/5/5
f 5936/5/5 5932/5/5 5935/5/5
f 5937/5/5 5934/5/5 5933/5/5
f 5938/5/5 5934/5/5 5937/5/5
f 5943/5/5 5940/5/5 5939/5/5
f 5944/5/5 5940/5/5 5943/5/5
f 5945/5/5 5942/5/5 5941/5/5
f 5946/5/5 5942/5/5 5945/5/5
f 5951/5/5 5948/5/5 5947/5/5
f 5952/5/5 5948/5/5 5951/5/5
f 5953/5/5 5950/5/5 5949/5/5
f 5954/5/5 5950/5/5 5953/5/5
f 5959/5/5 5956/5/5 5955/5/5
f 5960/5/5 5956/5/5 5959/5/5
f 5961/5/5 5958/5/5 5957/5/5
f 5962/5/5 5958/5/5 5961/5/5
f 5967/5/5 5964/5/5 5963/5/5
f 5968/5/5 5964/5/5 5967/5/5
f 5969/5/5 5966/5/5 5965/5/5
f 5970/5/5 5966/5/5 5969/5/5
f 5975/5/5 5972/5/5 5971/5/5
f 5976/5/5 5972/5/5 5975/5/5
f 5977/5/5 5974/5/5 5973/5/5
f 5978/5/5 5974/5/5 5977/5/5
f 5983/5/5 5980/5/5 5979/5/5
f 5984/5/5 5980/5/5 5983/5/5
f 5985/5/5 5982/5/5 5981/5/5
f 5986/5/5 5982/5/5 5985/5/5
f 5991/5/5 5988/5/5 5987/5/5
f 5992/5/5 5988/5/5 5991/5/5
f 5993/5/5 5990/5/5 5989/5/5
f 5994/5/5 5990/5/5 5993/5/5
f 5999/5/5 5996/5/5 5995/5/5
f 6000/5/5 5996/5/5 5999/5/5
f 6001/5/5 5998/5/5 5997/5/5
f 6002/5/5 5998/5/5 6001/5/5
f 6007/5/5 6004/5/5 6003/5/5
f 6008/5/5 6004/5/5 6007/5/5
f 6009/5/5 6006/5/5 6005/5/5
f 6010/5/5 6006/5/5 6009/5/5
f 6015/5/5 6012/5/5 6011/5/5
f 6016/5/5 6012/5/5 6015/5/5
f 6017/5/5 6014/5/5 6013/5/5
f 6018/5/5 6014/5/5 6017/5/5
f 6023/5/5 6020/5/5 6019/5/5
f 6024/5/5 6020/5/5 6023/5/5
f 6025/5/5 6022/5/5 6021/5/5
f 6026/5/5 6022/5/5 6025/5/5
f 6031/5/5 6028/5/5 6027/5/5
f 6032/5/5 6028/5/5 6031/5/5
f 6033/5/5 6030/5/5 6029/5/5
f 6034/5/5 6030/5/5 6033/5/5
f 6039/5/5 6036/5/5 6035/5/5
f 6040/5/5 6036/5/5 6039/5/5
f 6041/5/5 6038/5/5 6037/5/5
f 6042/5/5 6038/5/5 6041/5/5
f 6047/5/5 6044/5/5 6043/5/5
f 6048/5/5 6044/5/5 6047/5/5
f 6049/5/5 6046/5/5 6045/5/5
f 6050/5/5 6046/5/5 6049/5/5
f 6055/5/5 6052/5/5 6051/5/5
f 6056/5/5 6052/5/5 6055/5/5
f 6057/5/5 6054/5/5 6053/5/5
f 6058/5/5 6054/5/5 6057/5/5
f 6065/3/5 6062/3/5 6061/3/5
f 6066/3/5 6062/3/5 6065/3/5
f 6067/3/5 6065/3/5 6061/3/5
f 6068/5/5 6066/5/5 6065/5/5
f 6068/3/5 6065/3/5 6067/3/5
f 6069/3/5 6062/3/5 6066/3/5
f 6069/5/5 6066/5/5 6068/5/5
f 6070/3/5 6062/3/5 6069/3/5
f 6071/3/5 6067/3/5 6061/3/5
f 6072/5/5 6068/5/5 6067/5/5
f 6072/3/5 6067/3/5 6071/3/5
f 6072/5/5 6069/5/5 6068/5/5
f 6072/5/5 6070/5/5 6069/5/5
f 6073/3/5 6062/3/5 6070/3/5
f 6073/5/5 6070/5/5 6072/5/5
f 6074/3/5 6062/3/5 6073/3/5
f 6075/3/5 6071/3/5 6061/3/5
f 6076/5/5 6072/5/5 6071/5/5
f 6076/3/5 6071/3/5 6075/3/5
f 6076/5/5 6073/5/5 6072/5/5
f 6076/5/5 6074/5/5 6073/5/5
f 6077/3/5 6062/3/5 6074/3/5
f 6077/5/5 6074/5/5 6076/5/5
f 6078/3/5 6062/3/5 6077/3/5
f 6079/3/5 6075/3/5 6061/3/5
f 6080/5/5 6076/5/5 6075/5/5
f 6080/3/5 6075/3/5 6079/3/5
f 6080/5/5 6077/5/5 6076/5/5
f 6080/5/5 6078/5/5 6077/5/5
f 6081/5/5 6078/5/5 6080/5/5
f 6082/5/5 6078/5/5 6081/5/5
f 6083/3/5 6062/3/5 6078/3/5
f 6083/5/5 6078/5/5 6082/5/5
f 6084/3/5 6062/3/5 6083/3/5
f 6085/5/5 6080/5/5 6079/5/5
f 6085/5/5 6081/5/5 6080/5/5
f 6086/6/5 6082/6/5 6081/6/5
f 6086/5/5 6081/5/5 6085/5/5
f 6087/5/5 6084/5/5 6083/5/5
f 6087/6/5 6082/6/5 6086/6/5
f 6087/5/5 6083/5/5 6082/5/5
f 6088/5/5 6084/5/5 6087/5/5
f 6089/3/5 6079/3/5 6061/3/5
f 6090/5/5 6085/5/5 6079/5/5
f 6090/3/5 6079/3/5 6089/3/5
f 6091/5/5 6085/5/5 6090/5/5
f 6092/6/5 6086/6/5 6085/6/5
f 6092/5/5 6085/5/5 6091/5/5
f 6092/6/5 6087/6/5 6086/6/5
f 6092/6/5 6088/6/5 6087/6/5
f 6093/5/5 6084/5/5 6088/5/5
f 6093/6/5 6088/6/5 6092/6/5
f 6094/5/5 6084/5/5 6093/5/5
f 6095/3/5 6062/3/5 6084/3/5
f 6095/5/5 6084/5/5 6094/5/5
f 6096/3/5 6062/3/5 6095/3/5
f 6097/5/5 6091/5/5 6090/5/5
f 6097/5/5 6090/5/5 6089/5/5
f 6098/6/5 6092/6/5 6091/6/5
f 6098/5/5 6091/5/5 6097/5/5
f 6098/6/5 6094/6/5 6093/6/5
f 6098/6/5 6093/6/5 6092/6/5
f 6099/5/5 6095/5/5 6094/5/5
f 6099/6/5 6094/6/5 6098/6/5
f 6099/5/5 6096/5/5 6095/5/5
f 6100/5/5 6096/5/5 6099/5/5
f 6101/5/5 6097/5/5 6089/5/5
f 6102/6/5 6098/6/5 6097/6/5
f 6102/5/5 6097/5/5 6101/5/5
f 6102/6/5 6099/6/5 6098/6/5
f 6102/6/5 6100/6/5 6099/6/5
f 6103/5/5 6096/5/5 6100/5/5
f 6103/6/5 6100/6/5 6102/6/5
f 6104/5/5 6096/5/5 6103/5/5
f 6105/3/5 6062/3/5 6096/3/5
f 6105/5/5 6096/5/5 6104/5/5
f 6106/3/5 6062/3/5 6105/3/5
f 6107/5/5 6101/5/5 6089/5/5
f 6108/6/5 6102/6/5 6101/6/5
f 6108/5/5 6101/5/5 6107/5/5
f 6108/6/5 6104/6/5 6103/6/5
f 6108/6/5 6103/6/5 6102/6/5
f 6109/5/5 6106/5/5 6105/5/5
f 6109/6/5 6104/6/5 6108/6/5
f 6109/5/5 6105/5/5 6104/5/5
f 6110/5/5 6106/5/5 6109/5/5
f 6111/5/5 6060/5/5 6059/5/5
f 6112/5/5 6060/5/5 6111/5/5
f 6113/5/5 6064/5/5 6063/5/5
f 6114/5/5 6064/5/5 6113/5/5
f 6119/5/5 6107/5/5 6089/5/5
f 6119/6/5 6108/6/5 6107/6/5
f 6119/6/5 6109/6/5 6108/6/5
f 6119/6/5 6110/6/5 6109/6/5
f 6120/6/5 6110/6/5 6119/6/5
f 6121/6/5 6110/6/5 6120/6/5
f 6122/5/5 6106/5/5 6110/5/5
f 6122/6/5 6110/6/5 6121/6/5
f 6123/6/5 6121/6/5 6120/6/5
f 6123/5/5 6120/5/5 6119/5/5
f 6124/6/5 6121/6/5 6123/6/5
f 6125/6/5 6121/6/5 6124/6/5
f 6126/5/5 6122/5/5 6121/5/5
f 6126/6/5 6121/6/5 6125/6/5
f 6127/5/5 6106/5/5 6122/5/5
f 6127/5/5 6122/5/5 6126/5/5
f 6127/5/5 6126/5/5 6125/5/5
f 6128/3/5 6062/3/5 6106/3/5
f 6128/5/5 6106/5/5 6127/5/5
f 6129/5/5 6124/5/5 6123/5/5
f 6129/6/5 6125/6/5 6124/6/5
f 6130/6/5 6125/6/5 6129/6/5
f 6131/6/5 6125/6/5 6130/6/5
f 6132/5/5 6127/5/5 6125/5/5
f 6132/6/5 6125/6/5 6131/6/5
f 6133/3/5 6089/3/5 6061/3/5
f 6133/5/5 6119/5/5 6089/5/5
f 6133/5/5 6123/5/5 6119/5/5
f 6133/5/5 6130/5/5 6129/5/5
f 6133/5/5 6129/5/5 6123/5/5
f 6134/5/5 6130/5/5 6133/5/5
f 6135/6/5 6131/6/5 6130/6/5
f 6135/5/5 6130/5/5 6134/5/5
f 6136/6/5 6131/6/5 6135/6/5
f 6137/6/5 6131/6/5 6136/6/5
f 6138/5/5 6132/5/5 6131/5/5
f 6138/6/5 6131/6/5 6137/6/5
f 6139/5/5 6127/5/5 6132/5/5
f 6139/5/5 6132/5/5 6138/5/5
f 6140/3/5 6128/3/5 6127/3/5
f 6140/5/5 6127/5/5 6139/5/5
f 6141/6/5 6137/6/5 6136/6/5
f 6141/5/5 6135/5/5 6134/5/5
f 6141/5/5 6136/5/5 6135/5/5
f 6142/6/5 6137/6/5 6141/6/5
f 6143/6/5 6137/6/5 6142/6/5
f 6144/5/5 6138/5/5 6137/5/5
f 6144/6/5 6137/6/5 6143/6/5
f 6144/5/5 6139/5/5 6138/5/5
f 6145/3/5 6134/3/5 6133/3/5
f 6145/5/5 6142/5/5 6141/5/5
f 6145/5/5 6141/5/5 6134/5/5
f 6146/5/5 6142/5/5 6145/5/5
f 6147/6/5 6143/6/5 6142/6/5
f 6147/5/5 6142/5/5 6146/5/5
f 6148/5/5 6144/5/5 6143/5/5
f 6148/6/5 6143/6/5 6147/6/5
f 6149/5/5 6139/5/5 6144/5/5
f 6149/5/5 6144/5/5 6148/5/5
f 6150/3/5 6140/3/5 6139/3/5
f 6150/5/5 6139/5/5 6149/5/5
f 6151/3/5 6146/3/5 6145/3/5
f 6151/5/5 6148/5/5 6147/5/5
f 6151/5/5 6147/5/5 6146/5/5
f 6151/5/5 6149/5/5 6148/5/5
f 6152/5/5 6149/5/5 6151/5/5
f 6153/5/5 6149/5/5 6152/5/5
f 6154/3/5 6150/3/5 6149/3/5
f 6154/5/5 6149/5/5 6153/5/5
f 6155/5/5 6153/5/5 6152/5/5
f 6155/3/5 6152/3/5 6151/3/5
f 6156/5/5 6153/5/5 6155/5/5
f 6157/5/5 6153/5/5 6156/5/5
f 6158/3/5 6154/3/5 6153/3/5
f 6158/5/5 6153/5/5 6157/5/5
f 6159/5/5 6157/5/5 6156/5/5
f 6159/3/5 6156/3/5 6155/3/5
f 6160/5/5 6157/5/5 6159/5/5
f 6161/5/5 6157/5/5 6160/5/5
f 6162/3/5 6158/3/5 6157/3/5
f 6162/5/5 6157/5/5 6161/5/5
f 6163/5/5 6161/5/5 6160/5/5
f 6163/3/5 6160/3/5 6159/3/5
f 6164/3/5 6162/3/5 6161/3/5
f 6164/5/5 6161/5/5 6163/5/5
f 6165/5/5 6116/5/5 6115/5/5
f 6166/5/5 6116/5/5 6165/5/5
f 6167/3/5 6145/3/5 6133/3/5
f 6167/3/5 6133/3/5 6061/3/5
f 6167/3/5 6151/3/5 6145/3/5
f 6167/3/5 6164/3/5 6163/3/5
f 6167/3/5 6163/3/5 6159/3/5
f 6167/3/5 6159/3/5 6155/3/5
f 6167/3/5 6155/3/5 6151/3/5
f 6168/3/5 6062/3/5 6128/3/5
f 6168/3/5 6164/3/5 6167/3/5
f 6168/3/5 6140/3/5 6150/3/5
f 6168/3/5 6154/3/5 6158/3/5
f 6168/3/5 6158/3/5 6162/3/5
f 6168/3/5 6150/3/5 6154/3/5
f 6168/3/5 6162/3/5 6164/3/5
f 6168/3/5 6128/3/5 6140/3/5
f 6169/5/5 6118/5/5 6117/5/5
f 6170/5/5 6118/5/5 6169/5/5
f 6175/5/5 6172/5/5 6171/5/5
f 6176/5/5 6172/5/5 6175/5/5
f 6177/5/5 6174/5/5 6173/5/5
f 6178/5/5 6174/5/5 6177/5/5
f 6179/6/6 6180/6/6 6183/6/6
f 6183/6/6 6180/6/6 6184/6/6
f 6181/6/6 6182/6/6 6185/6/6
f 6185/6/6 6182/6/6 6186/6/6
f 6189/3/6 6190/3/6 6193/3/6
f 6193/3/6 6190/3/6 6194/3/6
f 6189/3/6 6193/3/6 6195/3/6
f 6193/5/6 6194/5/6 6196/5/6
f 6195/3/6 6193/3/6 6196/3/6
f 6194/3/6 6190/3/6 6197/3/6
f 6196/5/6 6194/5/6 6197/5/6
f 6197/3/6 6190/3/6 6198/3/6
f 6189/3/6 6195/3/6 6199/3/6
f 6195/5/6 6196/5/6 6200/5/6
f 6199/3/6 6195/3/6 6200/3/6
f 6196/5/6 6197/5/6 6200/5/6
f 6197/5/6 6198/5/6 6200/5/6
f 6198/3/6 6190/3/6 6201/3/6
f 6200/5/6 6198/5/6 6201/5/6
f 6201/3/6 6190/3/6 6202/3/6
f 6189/3/6 6199/3/6 6203/3/6
f 6199/5/6 6200/5/6 6204/5/6
f 6203/3/6 6199/3/6 6204/3/6
f 6200/5/6 6201/5/6 6204/5/6
f 6201/5/6 6202/5/6 6204/5/6
f 6202/3/6 6190/3/6 6205/3/6
f 6204/5/6 6202/5/6 6205/5/6
f 6205/3/6 6190/3/6 6206/3/6
f 6189/3/6 6203/3/6 6207/3/6
f 6203/5/6 6204/5/6 6208/5/6
f 6207/3/6 6203/3/6 6208/3/6
f 6204/5/6 6205/5/6 6208/5/6
f 6205/5/6 6206/5/6 6208/5/6
f 6208/5/6 6206/5/6 6209/5/6
f 6209/5/6 6206/5/6 6210/5/6
f 6206/3/6 6190/3/6 6211/3/6
f 6210/5/6 6206/5/6 6211/5/6
f 6211/3/6 6190/3/6 6212/3/6
f 6207/5/6 6208/5/6 6213/5/6
f 6208/5/6 6209/5/6 6213/5/6
f 6209/6/6 6210/6/6 6214/6/6
f 6213/5/6 6209/5/6 6214/5/6
f 6211/5/6 6212/5/6 6215/5/6
f 6214/6/6 6210/6/6 6215/6/6
f 6210/5/6 6211/5/6 6215/5/6
f 6215/5/6 6212/5/6 6216/5/6
f 6189/3/6 6207/3/6 6217/3/6
f 6207/5/6 6213/5/6 6218/5/6
f 6217/3/6 6207/3/6 6218/3/6
f 6218/5/6 6213/5/6 6219/5/6
f 6213/6/6 6214/6/6 6220/6/6
f 6219/5/6 6213/5/6 6220/5/6
f 6214/6/6 6215/6/6 6220/6/6
f 6215/6/6 6216/6/6 6220/6/6
f 6216/5/6 6212/5/6 6221/5/6
f 6220/6/6 6216/6/6 6221/6/6
f 6221/5/6 6212/5/6 6222/5/6
f 6212/3/6 6190/3/6 6223/3/6
f 6222/5/6 6212/5/6 6223/5/6
f 6223/3/6 6190/3/6 6224/3/6
f 6218/5/6 6219/5/6 6225/5/6
f 6217/5/6 6218/5/6 6225/5/6
f 6219/6/6 6220/6/6 6226/6/6
f 6225/5/6 6219/5/6 6226/5/6
f 6221/6/6 6222/6/6 6226/6/6
f 6220/6/6 6221/6/6 6226/6/6
f 6222/5/6 6223/5/6 6227/5/6
f 6226/6/6 6222/6/6 6227/6/6
f 6223/5/6 6224/5/6 6227/5/6
f 6227/5/6 6224/5/6 6228/5/6
f 6217/5/6 6225/5/6 6229/5/6
f 6225/6/6 6226/6/6 6230/6/6
f 6229/5/6 6225/5/6 6230/5/6
f 6226/6/6 6227/6/6 6230/6/6
f 6227/6/6 6228/6/6 6230/6/6
f 6228/5/6 6224/5/6 6231/5/6
f 6230/6/6 6228/6/6 6231/6/6
f 6231/5/6 6224/5/6 6232/5/6
f 6224/3/6 6190/3/6 6233/3/6
f 6232/5/6 6224/5/6 6233/5/6
f 6233/3/6 6190/3/6 6234/3/6
f 6217/5/6 6229/5/6 6235/5/6
f 6229/6/6 6230/6/6 6236/6/6
f 6235/5/6 6229/5/6 6236/5/6
f 6231/6/6 6232/6/6 6236/6/6
f 6230/6/6 6231/6/6 6236/6/6
f 6233/5/6 6234/5/6 6237/5/6
f 6236/6/6 6232/6/6 6237/6/6
f 6232/5/6 6233/5/6 6237/5/6
f 6237/5/6 6234/5/6 6238/5/6
f 6187/6/6 6188/6/6 6239/6/6
f 6239/6/6 6188/6/6 6240/6/6
f 6191/6/6 6192/6/6 6241/6/6
f 6241/6/6 6192/6/6 6242/6/6
f 6217/5/6 6235/5/6 6247/5/6
f 6235/6/6 6236/6/6 6247/6/6
f 6236/6/6 6237/6/6 6247/6/6
f 6237/6/6 6238/6/6 6247/6/6
f 6247/6/6 6238/6/6 6248/6/6
f 6248/6/6 6238/6/6 6249/6/6
f 6238/5/6 6234/5/6 6250/5/6
f 6249/6/6 6238/6/6 6250/6/6
f 6248/6/6 6249/6/6 6251/6/6
f 6247/5/6 6248/5/6 6251/5/6
f 6251/6/6 6249/6/6 6252/6/6
f 6252/6/6 6249/6/6 6253/6/6
f 6249/5/6 6250/5/6 6254/5/6
f 6253/6/6 6249/6/6 6254/6/6
f 6250/5/6 6234/5/6 6255/5/6
f 6254/5/6 6250/5/6 6255/5/6
f 6253/5/6 6254/5/6 6255/5/6
f 6234/3/6 6190/3/6 6256/3/6
f 6255/5/6 6234/5/6 6256/5/6
f 6251/5/6 6252/5/6 6257/5/6
f 6252/6/6 6253/6/6 6257/6/6
f 6257/6/6 6253/6/6 6258/6/6
f 6258/6/6 6253/6/6 6259/6/6
f 6253/5/6 6255/5/6 6260/5/6
f 6259/6/6 6253/6/6 6260/6/6
f 6189/3/6 6217/3/6 6261/3/6
f 6217/5/6 6247/5/6 6261/5/6
f 6247/5/6 6251/5/6 6261/5/6
f 6257/5/6 6258/5/6 6261/5/6
f 6251/5/6 6257/5/6 6261/5/6
f 6261/5/6 6258/5/6 6262/5/6
f 6258/6/6 6259/6/6 6263/6/6
f 6262/5/6 6258/5/6 6263/5/6
f 6263/6/6 6259/6/6 6264/6/6
f 6264/6/6 6259/6/6 6265/6/6
f 6259/5/6 6260/5/6 6266/5/6
f 6265/6/6 6259/6/6 6266/6/6
f 6260/5/6 6255/5/6 6267/5/6
f 6266/5/6 6260/5/6 6267/5/6
f 6255/3/6 6256/3/6 6268/3/6
f 6267/5/6 6255/5/6 6268/5/6
f 6264/6/6 6265/6/6 6269/6/6
f 6262/5/6 6263/5/6 6269/5/6
f 6263/5/6 6264/5/6 6269/5/6
f 6269/6/6 6265/6/6 6270/6/6
f 6270/6/6 6265/6/6 6271/6/6
f 6265/5/6 6266/5/6 6272/5/6
f 6271/6/6 6265/6/6 6272/6/6
f 6266/5/6 6267/5/6 6272/5/6
f 6261/3/6 6262/3/6 6273/3/6
f 6269/5/6 6270/5/6 6273/5/6
f 6262/5/6 6269/5/6 6273/5/6
f 6273/5/6 6270/5/6 6274/5/6
f 6270/6/6 6271/6/6 6275/6/6
f 6274/5/6 6270/5/6 6275/5/6
f 6271/5/6 6272/5/6 6276/5/6
f 6275/6/6 6271/6/6 6276/6/6
f 6272/5/6 6267/5/6 6277/5/6
f 6276/5/6 6272/5/6 6277/5/6
f 6267/3/6 6268/3/6 6278/3/6
f 6277/5/6 6267/5/6 6278/5/6
f 6273/3/6 6274/3/6 6279/3/6
f 6275/5/6 6276/5/6 6279/5/6
f 6274/5/6 6275/5/6 6279/5/6
f 6276/5/6 6277/5/6 6279/5/6
f 6279/5/6 6277/5/6 6280/5/6
f 6280/5/6 6277/5/6 6281/5/6
f 6277/3/6 6278/3/6 6282/3/6
f 6281/5/6 6277/5/6 6282/5/6
f 6280/5/6 6281/5/6 6283/5/6
f 6279/3/6 6280/3/6 6283/3/6
f 6283/5/6 6281/5/6 6284/5/6
f 6284/5/6 6281/5/6 6285/5/6
f 6281/3/6 6282/3/6 6286/3/6
f 6285/5/6 6281/5/6 6286/5/6
f 6284/5/6 6285/5/6 6287/5/6
f 6283/3/6 6284/3/6 6287/3/6
f 6287/5/6 6285/5/6 6288/5/6
f 6288/5/6 6285/5/6 6289/5/6
f 6285/3/6 6286/3/6 6290/3/6
f 6289/5/6 6285/5/6 6290/5/6
f 6288/5/6 6289/5/6 6291/5/6
f 6287/3/6 6288/3/6 6291/3/6
f 6289/3/6 6290/3/6 6292/3/6
f 6291/5/6 6289/5/6 6292/5/6
f 6243/6/6 6244/6/6 6293/6/6
f 6293/6/6 6244/6/6 6294/6/6
f 6261/3/6 6273/3/6 6295/3/6
f 6189/3/6 6261/3/6 6295/3/6
f 6273/3/6 6279/3/6 6295/3/6
f 6291/3/6 6292/3/6 6295/3/6
f 6287/3/6 6291/3/6 6295/3/6
f 6283/3/6 6287/3/6 6295/3/6
f 6279/3/6 6283/3/6 6295/3/6
f 6256/3/6 6190/3/6 6296/3/6
f 6295/3/6 6292/3/6 6296/3/6
f 6278/3/6 6268/3/6 6296/3/6
f 6286/3/6 6282/3/6 6296/3/6
f 6290/3/6 6286/3/6 6296/3/6
f 6282/3/6 6278/3/6 6296/3/6
f 6292/3/6 6290/3/6 6296/3/6
f 6268/3/6 6256/3/6 6296/3/6
f 6245/6/6 6246/6/6 6297/6/6
f 6297/6/6 6246/6/6 6298/6/6
f 6299/6/6 6300/6/6 6303/6/6
f 6303/6/6 6300/6/6 6304/6/6
f 6301/6/6 6302/6/6 6305/6/6
f 6305/6/6 6302/6/6 6306/6/6
f 6307/6/6 6308/6/6 6311/6/6
f 6311/6/6 6308/6/6 6312/6/6
f 6309/6/6 6310/6/6 6313/6/6
f 6313/6/6 6310/6/6 6314/6/6
f 6315/6/6 6316/6/6 6319/6/6
f 6319/6/6 6316/6/6 6320/6/6
f 6317/6/6 6318/6/6 6321/6/6
f 6321/6/6 6318/6/6 6322/6/6
f 6323/6/6 6324/6/6 6327/6/6
f 6327/6/6 6324/6/6 6328/6/6
f 6325/6/6 6326/6/6 6329/6/6
f 6329/6/6 6326/6/6 6330/6/6
f 6331/6/6 6332/6/6 6335/6/6
f 6335/6/6 6332/6/6 6336/6/6
f 6333/6/6 6334/6/6 6337/6/6
f 6337/6/6 6334/6/6 6338/6/6
f 6339/6/6 6340/6/6 6343/6/6
f 6343/6/6 6340/6/6 6344/6/6
f 6341/6/6 6342/6/6 6345/6/6
f 6345/6/6 6342/6/6 6346/6/6
f 6347/6/6 6348/6/6 6351/6/6
f 6351/6/6 6348/6/6 6352/6/6
f 6349/6/6 6350/6/6 6353/6/6
f 6353/6/6 6350/6/6 6354/6/6
f 6355/6/6 6356/6/6 6359/6/6
f 6359/6/6 6356/6/6 6360/6/6
f 6357/6/6 6358/6/6 6361/6/6
f 6361/6/6 6358/6/6 6362/6/6
f 6363/6/6 6364/6/6 6367/6/6
f 6367/6/6 6364/6/6 6368/6/6
f 6365/6/6 6366/6/6 6369/6/6
f 6369/6/6 6366/6/6 6370/6/6
f 6371/6/6 6372/6/6 6375/6/6
f 6375/6/6 6372/6/6 6376/6/6
f 6373/6/6 6374/6/6 6377/6/6
f 6377/6/6 6374/6/6 6378/6/6
f 6379/6/6 6380/6/6 6383/6/6
f 6383/6/6 6380/6/6 6384/6/6
f 6381/6/6 6382/6/6 6385/6/6
f 6385/6/6 6382/6/6 6386/6/6
f 6387/6/6 6388/6/6 6391/6/6
f 6391/6/6 6388/6/6 6392/6/6
f 6389/6/6 6390/6/6 6393/6/6
f 6393/6/6 6390/6/6 6394/6/6
f 6395/6/6 6396/6/6 6399/6/6
f 6399/6/6 6396/6/6 6400/6/6
f 6397/6/6 6398/6/6 6401/6/6
f 6401/6/6 6398/6/6 6402/6/6
f 6403/6/6 6404/6/6 6407/6/6
f 6407/6/6 6404/6/6 6408/6/6
f 6405/6/6 6406/6/6 6409/6/6
f 6409/6/6 6406/6/6 6410/6/6
f 6411/6/6 6412/6/6 6415/6/6
f 6415/6/6 6412/6/6 6416/6/6
f 6413/6/6 6414/6/6 6417/6/6
f 6417/6/6 6414/6/6 6418/6/6
f 6419/6/6 6420/6/6 6423/6/6
f 6423/6/6 6420/6/6 6424/6/6
f 6421/6/6 6422/6/6 6425/6/6
f 6425/6/6 6422/6/6 6426/6/6
f 6427/6/6 6428/6/6 6431/6/6
f 6431/6/6 6428/6/6 6432/6/6
f 6429/6/6 6430/6/6 6433/6/6
f 6433/6/6 6430/6/6 6434/6/6
f 6435/6/6 6436/6/6 6439/6/6
f 6439/6/6 6436/6/6 6440/6/6
f 6437/6/6 6438/6/6 6441/6/6
f 6441/6/6 6438/6/6 6442/6/6
f 6443/6/6 6444/6/6 6447/6/6
f 6447/6/6 6444/6/6 6448/6/6
f 6445/6/6 6446/6/6 6449/6/6
f 6449/6/6 6446/6/6 6450/6/6
f 6451/6/6 6452/6/6 6455/6/6
f 6455/6/6 6452/6/6 6456/6/6
f 6453/6/6 6454/6/6 6457/6/6
f 6457/6/6 6454/6/6 6458/6/6
f 6459/6/6 6460/6/6 6463/6/6
f 6463/6/6 6460/6/6 6464/6/6
f 6461/6/6 6462/6/6 6465/6/6
f 6465/6/6 6462/6/6 6466/6/6
f 6467/6/6 6468/6/6 6471/6/6
f 6471/6/6 6468/6/6 6472/6/6
f 6469/6/6 6470/6/6 6473/6/6
f 6473/6/6 6470/6/6 6474/6/6
f 6475/6/6 6476/6/6 6479/6/6
f 6479/6/6 6476/6/6 6480/6/6
f 6477/6/6 6478/6/6 6481/6/6
f 6481/6/6 6478/6/6 6482/6/6
f 6483/6/6 6484/6/6 6487/6/6
f 6487/6/6 6484/6/6 6488/6/6
f 6485/6/6 6486/6/6 6489/6/6
f 6489/6/6 6486/6/6 6490/6/6
f 6491/6/6 6492/6/6 6495/6/6
f 6495/6/6 6492/6/6 6496/6/6
f 6493/6/6 6494/6/6 6497/6/6
f 6497/6/6 6494/6/6 6498/6/6
f 6499/6/6 6500/6/6 6503/6/6
f 6503/6/6 6500/6/6 6504/6/6
f 6501/6/6 6502/6/6 6505/6/6
f 6505/6/6 6502/6/6 6506/6/6
f 6507/6/6 6508/6/6 6511/6/6
f 6511/6/6 6508/6/6 6512/6/6
f 6509/6/6 6510/6/6 6513/6/6
f 6513/6/6 6510/6/6 6514/6/6
f 6515/6/6 6516/6/6 6519/6/6
f 6519/6/6 6516/6/6 6520/6/6
f 6517/6/6 6518/6/6 6521/6/6
f 6521/6/6 6518/6/6 6522/6/6
f 6523/6/6 6524/6/6 6527/6/6
f 6527/6/6 6524/6/6 6528/6/6
f 6525/6/6 6526/6/6 6529/6/6
f 6529/6/6 6526/6/6 6530/6/6
f 6531/6/6 6532/6/6 6535/6/6
f 6535/6/6 6532/6/6 6536/6/6
f 6533/6/6 6534/6/6 6537/6/6
f 6537/6/6 6534/6/6 6538/6/6
f 6539/6/6 6540/6/6 6543/6/6
f 6543/6/6 6540/6/6 6544/6/6
f 6541/6/6 6542/6/6 6545/6/6
f 6545/6/6 6542/6/6 6546/6/6
f 6547/6/6 6548/6/6 6551/6/6
f 6551/6/6 6548/6/6 6552/6/6
f 6549/6/6 6550/6/6 6553/6/6
f 6553/6/6 6550/6/6 6554/6/6
f 6555/6/6 6556/6/6 6559/6/6
f 6559/6/6 6556/6/6 6560/6/6
f 6557/6/6 6558/6/6 6561/6/6
f 6561/6/6 6558/6/6 6562/6/6
f 6563/6/6 6564/6/6 6567/6/6
f 6567/6/6 6564/6/6 6568/6/6
f 6565/6/6 6566/6/6 6569/6/6
f 6569/6/6 6566/6/6 6570/6/6
f 6571/6/6 6572/6/6 6575/6/6
f 6575/6/6 6572/6/6 6576/6/6
f 6573/6/6 6574/6/6 6577/6/6
f 6577/6/6 6574/6/6 6578/6/6
f 6579/6/6 6580/6/6 6583/6/6
f 6583/6/6 6580/6/6 6584/6/6
f 6581/6/6 6582/6/6 6585/6/6
f 6585/6/6 6582/6/6 6586/6/6
f 6587/6/6 6588/6/6 6591/6/6
f 6591/6/6 6588/6/6 6592/6/6
f 6589/6/6 6590/6/6 6593/6/6
f 6593/6/6 6590/6/6 6594/6/6
f 6595/6/6 6596/6/6 6599/6/6
f 6599/6/6 6596/6/6 6600/6/6
f 6597/6/6 6598/6/6 6601/6/6
f 6601/6/6 6598/6/6 6602/6/6
f 6603/6/6 6604/6/6 6607/6/6
f 6607/6/6 6604/6/6 6608/6/6
f 6605/6/6 6606/6/6 6609/6/6
f 6609/6/6 6606/6/6 6610/6/6
f 6611/6/6 6612/6/6 6615/6/6
f 6615/6/6 6612/6/6 6616/6/6
f 6613/6/6 6614/6/6 6617/6/6
f 6617/6/6 6614/6/6 6618/6/6
f 6619/6/6 6620/6/6 6623/6/6
f 6623/6/6 6620/6/6 6624/6/6
f 6621/6/6 6622/6/6 6625/6/6
f 6625/6/6 6622/6/6 6626/6/6
f 6627/6/6 6628/6/6 6631/6/6
f 6631/6/6 6628/6/6 6632/6/6
f 6629/6/6 6630/6/6 6633/6/6
f 6633/6/6 6630/6/6 6634/6/6
f 6635/6/6 6636/6/6 6639/6/6
f 6639/6/6 6636/6/6 6640/6/6
f 6637/6/6 6638/6/6 6641/6/6
f 6641/6/6 6638/6/6 6642/6/6
f 6643/6/6 6644/6/6 6647/6/6
f 6647/6/6 6644/6/6 6648/6/6
f 6645/6/6 6646/6/6 6649/6/6
f 6649/6/6 6646/6/6 6650/6/6
f 6651/6/6 6652/6/6 6655/6/6
f 6655/6/6 6652/6/6 6656/6/6
f 6653/6/6 6654/6/6 6657/6/6
f 6657/6/6 6654/6/6 6658/6/6
f 6659/6/6 6660/6/6 6663/6/6
f 6663/6/6 6660/6/6 6664/6/6
f 6661/6/6 6662/6/6 6665/6/6
f 6665/6/6 6662/6/6 6666/6/6
f 6667/6/6 6668/6/6 6671/6/6
f 6671/6/6 6668/6/6 6672/6/6
f 6669/6/6 6670/6/6 6673/6/6
f 6673/6/6 6670/6/6 6674/6/6
f 6675/6/6 6676/6/6 6679/6/6
f 6679/6/6 6676/6/6 6680/6/6
f 6677/6/6 6678/6/6 6681/6/6
f 6681/6/6 6678/6/6 6682/6/6
f 6683/6/6 6684/6/6 6687/6/6
f 6687/6/6 6684/6/6 6688/6/6
f 6685/6/6 6686/6/6 6689/6/6
f 6689/6/6 6686/6/6 6690/6/6
f 6691/6/6 6692/6/6 6695/6/6
f 6695/6/6 6692/6/6 6696/6/6
f 6696/6/6 6692/6/6 6697/6/6
f 6693/6/6 6694/6/6 6698/6/6
f 6698/6/6 6694/6/6 6699/6/6
f 6699/6/6 6694/6/6 6700/6/6
f 6701/6/6 6702/6/6 6705/6/6
f 6703/6/6 6704/6/6 6706/6/6
f 6701/6/6 6705/6/6 6707/6/6
f 6707/6/6 6705/6/6 6708/6/6
f 6706/6/6 6704/6/6 6709/6/6
f 6709/6/6 6704/6/6 6710/6/6
f 6711/6/6 6712/6/6 6715/6/6
f 6713/6/6 6714/6/6 6716/6/6
f 6711/6/6 6715/6/6 6717/6/6
f 6717/6/6 6715/6/6 6718/6/6
f 6716/6/6 6714/6/6 6719/6/6
f 6719/6/6 6714/6/6 6720/6/6
f 6721/6/6 6722/6/6 6727/6/6
f 6722/6/6 6723/6/6 6727/6/6
f 6727/6/6 6723/6/6 6728/6/6
f 6725/6/6 6726/6/6 6729/6/6
f 6724/6/6 6725/6/6 6729/6/6
f 6729/6/6 6726/6/6 6730/6/6
f 6731/6/6 6732/6/6 6739/6/6
f 6739/6/6 6732/6/6 6740/6/6
f 6733/6/6 6734/6/6 6741/6/6
f 6741/6/6 6734/6/6 6742/6/6
f 6735/6/6 6736/6/6 6743/6/6
f 6743/6/6 6736/6/6 6744/6/6
f 6737/6/6 6738/6/6 6745/6/6
f 6745/6/6 6738/6/6 6746/6/6
f 6747/6/6 6748/6/6 6751/6/6
f 6751/6/6 6748/6/6 6752/6/6
f 6749/6/6 6750/6/6 6753/6/6
f 6753/6/6 6750/6/6 6754/6/6
f 6755/6/6 6756/6/6 6759/6/6
f 6759/6/6 6756/6/6 6760/6/6
f 6757/6/6 6758/6/6 6761/6/6
f 6761/6/6 6758/6/6 6762/6/6
f 6763/6/6 6764/6/6 6767/6/6
f 6767/6/6 6764/6/6 6768/6/6
f 6765/6/6 6766/6/6 6769/6/6
f 6769/6/6 6766/6/6 6770/6/6
f 6771/6/6 6772/6/6 6775/6/6
f 6775/6/6 6772/6/6 6776/6/6
f 6773/6/6 6774/6/6 6777/6/6
f 6777/6/6 6774/6/6 6778/6/6
f 6779/6/6 6780/6/6 6787/6/6
f 6787/6/6 6780/6/6 6788/6/6
f 6781/6/6 6782/6/6 6789/6/6
f 6789/6/6 6782/6/6 6790/6/6
f 6783/6/6 6784/6/6 6791/6/6
f 6791/6/6 6784/6/6 6792/6/6
f 6785/6/6 6786/6/6 6793/6/6
f 6793/6/6 6786/6/6 6794/6/6
f 6795/6/6 6796/6/6 6799/6/6
f 6799/6/6 6796/6/6 6800/6/6
f 6797/6/6 6798/6/6 6801/6/6
f 6801/6/6 6798/6/6 6802/6/6
f 6803/6/6 6804/6/6 6807/6/6
f 6807/6/6 6804/6/6 6808/6/6
f 6805/6/6 6806/6/6 6809/6/6
f 6809/6/6 6806/6/6 6810/6/6
f 6811/6/6 6812/6/6 6815/6/6
f 6815/6/6 6812/6/6 6816/6/6
f 6813/6/6 6814/6/6 6817/6/6
f 6817/6/6 6814/6/6 6818/6/6
f 6819/6/6 6820/6/6 6823/6/6
f 6823/6/6 6820/6/6 6824/6/6
f 6821/6/6 6822/6/6 6825/6/6
f 6825/6/6 6822/6/6 6826/6/6
f 6827/6/6 6828/6/6 6831/6/6
f 6831/6/6 6828/6/6 6832/6/6
f 6829/6/6 6830/6/6 6833/6/6
f 6833/6/6 6830/6/6 6834/6/6
f 6835/6/6 6836/6/6 6839/6/6
f 6839/6/6 6836/6/6 6840/6/6
f 6837/6/6 6838/6/6 6841/6/6
f 6841/6/6 6838/6/6 6842/6/6
f 6843/6/6 6844/6/6 6847/6/6
f 6847/6/6 6844/6/6 6848/6/6
f 6845/6/6 6846/6/6 6849/6/6
f 6849/6/6 6846/6/6 6850/6/6
f 6851/6/6 6852/6/6 6855/6/6
f 6855/6/6 6852/6/6 6856/6/6
f 6853/6/6 6854/6/6 6857/6/6
f 6857/6/6 6854/6/6 6858/6/6
f 6859/6/6 6860/6/6 6863/6/6
f 6863/6/6 6860/6/6 6864/6/6
f 6861/6/6 6862/6/6 6865/6/6
f 6865/6/6 6862/6/6 6866/6/6
f 6867/6/6 6868/6/6 6871/6/6
f 6871/6/6 6868/6/6 6872/6/6
f 6869/6/6 6870/6/6 6873/6/6
f 6873/6/6 6870/6/6 6874/6/6
f 6875/6/6 6876/6/6 6879/6/6
f 6879/6/6 6876/6/6 6880/6/6
f 6877/6/6 6878/6/6 6881/6/6
f 6881/6/6 6878/6/6 6882/6/6
f 6883/6/6 6884/6/6 6887/6/6
f 6887/6/6 6884/6/6 6888/6/6
f 6885/6/6 6886/6/6 6889/6/6
f 6889/6/6 6886/6/6 6890/6/6
f 6891/6/6 6892/6/6 6895/6/6
f 6895/6/6 6892/6/6 6896/6/6
f 6893/6/6 6894/6/6 6897/6/6
f 6897/6/6 6894/6/6 6898/6/6
f 6899/6/6 6900/6/6 6903/6/6
f 6903/6/6 6900/6/6 6904/6/6
f 6901/6/6 6902/6/6 6905/6/6
f 6905/6/6 6902/6/6 6906/6/6
f 6907/6/6 6908/6/6 6911/6/6
f 6911/6/6 6908/6/6 6912/6/6
f 6909/6/6 6910/6/6 6913/6/6
f 6913/6/6 6910/6/6 6914/6/6
f 6915/6/6 6916/6/6 6919/6/6
f 6919/6/6 6916/6/6 6920/6/6
f 6917/6/6 6918/6/6 6921/6/6
f 6921/6/6 6918/6/6 6922/6/6
f 6923/6/6 6924/6/6 6927/6/6
f 6927/6/6 6924/6/6 6928/6/6
f 6925/6/6 6926/6/6 6929/6/6
f 6929/6/6 6926/6/6 6930/6/6
f 6931/6/6 6932/6/6 6935/6/6
f 6935/6/6 6932/6/6 6936/6/6
f 6933/6/6 6934/6/6 6937/6/6
f 6937/6/6 6934/6/6 6938/6/6
f 6939/6/6 6940/6/6 6943/6/6
f 6943/6/6 6940/6/6 6944/6/6
f 6941/6/6 6942/6/6 6945/6/6
f 6945/6/6 6942/6/6 6946/6/6
f 6947/6/6 6948/6/6 6951/6/6
f 6951/6/6 6948/6/6 6952/6/6
f 6949/6/6 6950/6/6 6953/6/6
f 6953/6/6 6950/6/6 6954/6/6
f 6955/6/6 6956/6/6 6959/6/6
f 6959/6/6 6956/6/6 6960/6/6
f 6957/6/6 6958/6/6 6961/6/6
f 6961/6/6 6958/6/6 6962/6/6
f 6963/6/6 6964/6/6 6967/6/6
f 6967/6/6 6964/6/6 6968/6/6
f 6965/6/6 6966/6/6 6969/6/6
f 6969/6/6 6966/6/6 6970/6/6
f 6971/6/6 6972/6/6 6975/6/6
f 6975/6/6 6972/6/6 6976/6/6
f 6973/6/6 6974/6/6 6977/6/6
f 6977/6/6 6974/6/6 6978/6/6
f 6979/6/6 6980/6/6 6983/6/6
f 6983/6/6 6980/6/6 6984/6/6
f 6981/6/6 6982/6/6 6985/6/6
f 6985/6/6 6982/6/6 6986/6/6
f 6987/6/6 6988/6/6 6991/6/6
f 6991/6/6 6988/6/6 6992/6/6
f 6989/6/6 6990/6/6 6993/6/6
f 6993/6/6 6990/6/6 6994/6/6
f 6995/6/6 6996/6/6 6999/6/6
f 6999/6/6 6996/6/6 7000/6/6
f 6997/6/6 6998/6/6 7001/6/6
f 7001/6/6 6998/6/6 7002/6/6
f 7003/6/6 7004/6/6 7007/6/6
f 7007/6/6 7004/6/6 7008/6/6
f 7005/6/6 7006/6/6 7009/6/6
f 7009/6/6 7006/6/6 7010/6/6
f 7011/6/6 7012/6/6 7015/6/6
f 7015/6/6 7012/6/6 7016/6/6
f 7013/6/6 7014/6/6 7017/6/6
f 7017/6/6 7014/6/6 7018/6/6
f 7019/6/6 7020/6/6 7023/6/6
f 7023/6/6 7020/6/6 7024/6/6
f 7021/6/6 7022/6/6 7025/6/6
f 7025/6/6 7022/6/6 7026/6/6
f 7027/6/6 7028/6/6 7031/6/6
f 7031/6/6 7028/6/6 7032/6/6
f 7029/6/6 7030/6/6 7033/6/6
f 7033/6/6 7030/6/6 7034/6/6
f 7035/6/6 7036/6/6 7039/6/6
f 7039/6/6 7036/6/6 7040/6/6
f 7037/6/6 7038/6/6 7041/6/6
f 7041/6/6 7038/6/6 7042/6/6
f 7043/6/6 7044/6/6 7047/6/6
f 7047/6/6 7044/6/6 7048/6/6
f 7045/6/6 7046/6/6 7049/6/6
f 7049/6/6 7046/6/6 7050/6/6
f 7051/6/6 7052/6/6 7055/6/6
f 7055/6/6 7052/6/6 7056/6/6
f 7053/6/6 7054/6/6 7057/6/6
f 7057/6/6 7054/6/6 7058/6/6
f 7059/6/6 7060/6/6 7063/6/6
f 7063/6/6 7060/6/6 7064/6/6
f 7061/6/6 7062/6/6 7065/6/6
f 7065/6/6 7062/6/6 7066/6/6
f 7067/6/6 7068/6/6 7071/6/6
f 7071/6/6 7068/6/6 7072/6/6
f 7069/6/6 7070/6/6 7073/6/6
f 7073/6/6 7070/6/6 7074/6/6
f 7075/6/6 7076/6/6 7079/6/6
f 7079/6/6 7076/6/6 7080/6/6
f 7077/6/6 7078/6/6 7081/6/6
f 7081/6/6 7078/6/6 7082/6/6
f 7083/6/6 7084/6/6 7087/6/6
f 7087/6/6 7084/6/6 7088/6/6
f 7085/6/6 7086/6/6 7089/6/6
f 7089/6/6 7086/6/6 7090/6/6
f 7091/6/6 7092/6/6 7095/6/6
f 7095/6/6 7092/6/6 7096/6/6
f 7093/6/6 7094/6/6 7097/6/6
f 7097/6/6 7094/6/6 7098/6/6
f 7099/6/6 7100/6/6 7103/6/6
f 7103/6/6 7100/6/6 7104/6/6
f 7101/6/6 7102/6/6 7105/6/6
f 7105/6/6 7102/6/6 7106/6/6
f 7107/6/6 7108/6/6 7111/6/6
f 7111/6/6 7108/6/6 7112/6/6
f 7109/6/6 7110/6/6 7113/6/6
f 7113/6/6 7110/6/6 7114/6/6
f 7115/6/6 7116/6/6 7119/6/6
f 7119/6/6 7116/6/6 7120/6/6
f 7117/6/6 7118/6/6 7121/6/6
f 7121/6/6 7118/6/6 7122/6/6
f 7123/6/6 7124/6/6 7127/6/6
f 7127/6/6 7124/6/6 7128/6/6
f 7125/6/6 7126/6/6 7129/6/6
f 7129/6/6 7126/6/6 7130/6/6
f 7131/6/6 7132/6/6 7135/6/6
f 7135/6/6 7132/6/6 7136/6/6
f 7133/6/6 7134/6/6 7137/6/6
f 7137/6/6 7134/6/6 7138/6/6
f 7139/6/6 7140/6/6 7143/6/6
f 7143/6/6 7140/6/6 7144/6/6
f 7141/6/6 7142/6/6 7145/6/6
f 7145/6/6 7142/6/6 7146/6/6
f 7147/3/6 7148/3/6 7149/3/6
f 7149/3/6 7148/3/6 7150/3/6
f 7150/3/6 7148/3/6 7151/3/6
f 7151/3/6 7148/3/6 7152/3/6
f 7150/3/6 7151/3/6 7155/3/6
f 7155/3/6 7151/3/6 7156/3/6
f 7156/3/6 7151/3/6 7157/3/6
f 7157/3/6 7151/3/6 7158/3/6
f 7158/3/6 7151/3/6 7159/3/6
f 7159/3/6 7151/3/6 7160/3/6
f 7153/3/6 7154/3/6 7163/3/6
f 7156/3/6 7157/3/6 7165/3/6
f 7165/3/6 7157/3/6 7166/3/6
f 7166/3/6 7157/3/6 7167/3/6
f 7157/5/6 7158/5/6 7168/5/6
f 7167/3/6 7157/3/6 7168/3/6
f 7158/3/6 7159/3/6 7169/3/6
f 7168/5/6 7158/5/6 7169/5/6
f 7169/3/6 7159/3/6 7170/3/6
f 7170/3/6 7159/3/6 7171/3/6
f 7171/3/6 7159/3/6 7172/3/6
f 7161/3/6 7162/3/6 7174/3/6
f 7163/3/6 7164/3/6 7175/3/6
f 7166/3/6 7167/3/6 7177/3/6
f 7177/3/6 7167/3/6 7178/3/6
f 7167/5/6 7168/5/6 7179/5/6
f 7178/3/6 7167/3/6 7179/3/6
f 7168/5/6 7169/5/6 7179/5/6
f 7169/5/6 7170/5/6 7179/5/6
f 7170/3/6 7171/3/6 7180/3/6
f 7179/5/6 7170/5/6 7180/5/6
f 7180/3/6 7171/3/6 7181/3/6
f 7181/3/6 7171/3/6 7182/3/6
f 7173/3/6 7174/3/6 7184/3/6
f 7175/3/6 7176/3/6 7185/3/6
f 7178/5/6 7179/5/6 7187/5/6
f 7179/5/6 7180/5/6 7187/5/6
f 7180/5/6 7181/5/6 7187/5/6
f 7187/5/6 7181/5/6 7188/5/6
f 7188/5/6 7181/5/6 7189/5/6
f 7189/5/6 7181/5/6 7190/5/6
f 7183/3/6 7184/3/6 7192/3/6
f 7185/3/6 7186/3/6 7193/3/6
f 7188/5/6 7189/5/6 7195/5/6
f 7195/5/6 7189/5/6 7196/5/6
f 7196/5/6 7189/5/6 7197/5/6
f 7197/5/6 7189/5/6 7198/5/6
f 7191/3/6 7192/3/6 7200/3/6
f 7175/3/6 7185/3/6 7201/3/6
f 7185/3/6 7193/3/6 7201/3/6
f 7193/5/6 7194/5/6 7202/5/6
f 7201/3/6 7193/3/6 7202/3/6
f 7202/5/6 7194/5/6 7203/5/6
f 7196/5/6 7197/5/6 7205/5/6
f 7205/5/6 7197/5/6 7206/5/6
f 7206/5/6 7197/5/6 7207/5/6
f 7207/5/6 7197/5/6 7208/5/6
f 7208/5/6 7197/5/6 7209/5/6
f 7209/5/6 7197/5/6 7210/5/6
f 7199/3/6 7200/3/6 7212/3/6
f 7200/3/6 7192/3/6 7213/3/6
f 7212/3/6 7200/3/6 7213/3/6
f 7203/5/6 7204/5/6 7214/5/6
f 7201/5/6 7202/5/6 7214/5/6
f 7202/5/6 7203/5/6 7214/5/6
f 7206/5/6 7207/5/6 7216/5/6
f 7216/5/6 7207/5/6 7217/5/6
f 7207/6/6 7208/6/6 7218/6/6
f 7217/5/6 7207/5/6 7218/5/6
f 7208/5/6 7209/5/6 7219/5/6
f 7218/6/6 7208/6/6 7219/6/6
f 7219/5/6 7209/5/6 7220/5/6
f 7220/5/6 7209/5/6 7221/5/6
f 7211/5/6 7212/5/6 7223/5/6
f 7212/5/6 7213/5/6 7223/5/6
f 7163/3/6 7175/3/6 7224/3/6
f 7175/3/6 7201/3/6 7224/3/6
f 7214/5/6 7215/5/6 7225/5/6
f 7224/3/6 7201/3/6 7225/3/6
f 7201/5/6 7214/5/6 7225/5/6
f 7225/5/6 7215/5/6 7226/5/6
f 7219/6/6 7220/6/6 7228/6/6
f 7217/6/6 7218/6/6 7228/6/6
f 7218/6/6 7219/6/6 7228/6/6
f 7228/6/6 7220/6/6 7229/6/6
f 7229/6/6 7220/6/6 7230/6/6
f 7230/6/6 7220/6/6 7231/6/6
f 7222/5/6 7223/5/6 7233/5/6
f 7213/3/6 7192/3/6 7234/3/6
f 7223/5/6 7213/5/6 7234/5/6
f 7233/5/6 7223/5/6 7234/5/6
f 7192/3/6 7184/3/6 7235/3/6
f 7234/3/6 7192/3/6 7235/3/6
f 7225/5/6 7226/5/6 7236/5/6
f 7224/5/6 7225/5/6 7236/5/6
f 7226/6/6 7227/6/6 7237/6/6
f 7236/5/6 7226/5/6 7237/5/6
f 7237/6/6 7227/6/6 7238/6/6
f 7229/6/6 7230/6/6 7240/6/6
f 7240/6/6 7230/6/6 7241/6/6
f 7241/6/6 7230/6/6 7242/6/6
f 7242/6/6 7230/6/6 7243/6/6
f 7232/5/6 7233/5/6 7245/5/6
f 7233/5/6 7234/5/6 7245/5/6
f 7234/5/6 7235/5/6 7245/5/6
f 7245/5/6 7235/5/6 7246/5/6
f 7238/6/6 7239/6/6 7247/6/6
f 7236/6/6 7237/6/6 7247/6/6
f 7237/6/6 7238/6/6 7247/6/6
f 7241/6/6 7242/6/6 7249/6/6
f 7249/6/6 7242/6/6 7250/6/6
f 7250/6/6 7242/6/6 7251/6/6
f 7251/6/6 7242/6/6 7252/6/6
f 7245/6/6 7246/6/6 7254/6/6
f 7244/6/6 7245/6/6 7254/6/6
f 7224/5/6 7236/5/6 7255/5/6
f 7247/6/6 7248/6/6 7256/6/6
f 7255/5/6 7236/5/6 7256/5/6
f 7236/6/6 7247/6/6 7256/6/6
f 7256/6/6 7248/6/6 7257/6/6
f 7250/6/6 7251/6/6 7259/6/6
f 7259/6/6 7251/6/6 7260/6/6
f 7260/6/6 7251/6/6 7261/6/6
f 7261/6/6 7251/6/6 7262/6/6
f 7253/6/6 7254/6/6 7264/6/6
f 7246/5/6 7235/5/6 7265/5/6
f 7254/6/6 7246/6/6 7265/6/6
f 7264/6/6 7254/6/6 7265/6/6
f 7265/5/6 7235/5/6 7266/5/6
f 7235/3/6 7184/3/6 7267/3/6
f 7266/5/6 7235/5/6 7267/5/6
f 7184/3/6 7174/3/6 7268/3/6
f 7267/3/6 7184/3/6 7268/3/6
f 7257/6/6 7258/6/6 7269/6/6
f 7255/6/6 7256/6/6 7269/6/6
f 7256/6/6 7257/6/6 7269/6/6
f 7260/6/6 7261/6/6 7271/6/6
f 7271/6/6 7261/6/6 7272/6/6
f 7272/6/6 7261/6/6 7273/6/6
f 7273/6/6 7261/6/6 7274/6/6
f 7263/6/6 7264/6/6 7276/6/6
f 7265/6/6 7266/6/6 7276/6/6
f 7264/6/6 7265/6/6 7276/6/6
f 7224/5/6 7255/5/6 7277/5/6
f 7269/6/6 7270/6/6 7278/6/6
f 7277/5/6 7255/5/6 7278/5/6
f 7255/6/6 7269/6/6 7278/6/6
f 7278/6/6 7270/6/6 7279/6/6
f 7272/6/6 7273/6/6 7281/6/6
f 7281/6/6 7273/6/6 7282/6/6
f 7282/6/6 7273/6/6 7283/6/6
f 7283/6/6 7273/6/6 7284/6/6
f 7275/6/6 7276/6/6 7286/6/6
f 7266/5/6 7267/5/6 7287/5/6
f 7276/6/6 7266/6/6 7287/6/6
f 7286/6/6 7276/6/6 7287/6/6
f 7267/5/6 7268/5/6 7287/5/6
f 7287/5/6 7268/5/6 7288/5/6
f 7279/6/6 7280/6/6 7289/6/6
f 7277/6/6 7278/6/6 7289/6/6
f 7278/6/6 7279/6/6 7289/6/6
f 7282/6/6 7283/6/6 7291/6/6
f 7291/6/6 7283/6/6 7292/6/6
f 7285/6/6 7286/6/6 7294/6/6
f 7287/6/6 7288/6/6 7294/6/6
f 7286/6/6 7287/6/6 7294/6/6
f 7289/6/6 7290/6/6 7295/6/6
f 7293/6/6 7294/6/6 7298/6/6
f 7295/6/6 7296/6/6 7299/6/6
f 7289/6/6 7295/6/6 7299/6/6
f 7299/6/6 7296/6/6 7300/6/6
f 7297/6/6 7298/6/6 7301/6/6
f 7298/6/6 7294/6/6 7302/6/6
f 7301/6/6 7298/6/6 7302/6/6
f 7277/6/6 7289/6/6 7303/6/6
f 7289/6/6 7299/6/6 7303/6/6
f 7303/6/6 7299/6/6 7304/6/6
f 7302/6/6 7294/6/6 7307/6/6
f 7294/6/6 7288/6/6 7308/6/6
f 7307/6/6 7294/6/6 7308/6/6
f 7224/5/6 7277/5/6 7309/5/6
f 7277/6/6 7303/6/6 7309/6/6
f 7309/6/6 7303/6/6 7310/6/6
f 7310/6/6 7303/6/6 7311/6/6
f 7311/6/6 7303/6/6 7312/6/6
f 7305/6/6 7306/6/6 7314/6/6
f 7314/6/6 7306/6/6 7315/6/6
f 7308/6/6 7288/6/6 7317/6/6
f 7317/6/6 7288/6/6 7318/6/6
f 7318/6/6 7288/6/6 7319/6/6
f 7288/5/6 7268/5/6 7320/5/6
f 7319/6/6 7288/6/6 7320/6/6
f 7310/6/6 7311/6/6 7321/6/6
f 7321/6/6 7311/6/6 7322/6/6
f 7315/6/6 7316/6/6 7324/6/6
f 7313/6/6 7314/6/6 7324/6/6
f 7314/6/6 7315/6/6 7324/6/6
f 7324/6/6 7316/6/6 7325/6/6
f 7318/6/6 7319/6/6 7327/6/6
f 7327/6/6 7319/6/6 7328/6/6
f 7309/5/6 7310/5/6 7329/5/6
f 7310/6/6 7321/6/6 7329/6/6
f 7329/6/6 7321/6/6 7330/6/6
f 7330/6/6 7321/6/6 7331/6/6
f 7331/6/6 7321/6/6 7332/6/6
f 7325/6/6 7326/6/6 7334/6/6
f 7324/6/6 7325/6/6 7334/6/6
f 7323/6/6 7324/6/6 7334/6/6
f 7334/6/6 7326/6/6 7335/6/6
f 7328/6/6 7319/6/6 7337/6/6
f 7337/6/6 7319/6/6 7338/6/6
f 7338/6/6 7319/6/6 7339/6/6
f 7319/5/6 7320/5/6 7340/5/6
f 7339/6/6 7319/6/6 7340/6/6
f 7330/6/6 7331/6/6 7341/6/6
f 7341/6/6 7331/6/6 7342/6/6
f 7335/6/6 7336/6/6 7344/6/6
f 7333/6/6 7334/6/6 7344/6/6
f 7334/6/6 7335/6/6 7344/6/6
f 7344/6/6 7336/6/6 7345/6/6
f 7338/6/6 7339/6/6 7347/6/6
f 7347/6/6 7339/6/6 7348/6/6
f 7340/5/6 7320/5/6 7349/5/6
f 7320/5/6 7268/5/6 7349/5/6
f 7339/5/6 7340/5/6 7349/5/6
f 7268/3/6 7174/3/6 7350/3/6
f 7349/5/6 7268/5/6 7350/5/6
f 7329/5/6 7330/5/6 7351/5/6
f 7330/6/6 7341/6/6 7351/6/6
f 7351/6/6 7341/6/6 7352/6/6
f 7352/6/6 7341/6/6 7353/6/6
f 7353/6/6 7341/6/6 7354/6/6
f 7345/6/6 7346/6/6 7356/6/6
f 7344/6/6 7345/6/6 7356/6/6
f 7343/6/6 7344/6/6 7356/6/6
f 7356/6/6 7346/6/6 7357/6/6
f 7348/6/6 7339/6/6 7359/6/6
f 7359/6/6 7339/6/6 7360/6/6
f 7339/5/6 7349/5/6 7361/5/6
f 7360/6/6 7339/6/6 7361/6/6
f 7163/3/6 7224/3/6 7362/3/6
f 7224/5/6 7309/5/6 7362/5/6
f 7309/5/6 7329/5/6 7362/5/6
f 7351/5/6 7352/5/6 7362/5/6
f 7329/5/6 7351/5/6 7362/5/6
f 7362/5/6 7352/5/6 7363/5/6
f 7352/6/6 7353/6/6 7364/6/6
f 7363/5/6 7352/5/6 7364/5/6
f 7364/6/6 7353/6/6 7365/6/6
f 7357/6/6 7358/6/6 7367/6/6
f 7356/6/6 7357/6/6 7367/6/6
f 7355/6/6 7356/6/6 7367/6/6
f 7367/6/6 7358/6/6 7368/6/6
f 7360/5/6 7361/5/6 7370/5/6
f 7361/5/6 7349/5/6 7371/5/6
f 7370/5/6 7361/5/6 7371/5/6
f 7371/5/6 7349/5/6 7372/5/6
f 7349/3/6 7350/3/6 7373/3/6
f 7372/5/6 7349/5/6 7373/5/6
f 7363/5/6 7364/5/6 7374/5/6
f 7374/5/6 7364/5/6 7375/5/6
f 7368/6/6 7369/6/6 7377/6/6
f 7366/6/6 7367/6/6 7377/6/6
f 7367/6/6 7368/6/6 7377/6/6
f 7377/6/6 7369/6/6 7378/6/6
f 7378/6/6 7369/6/6 7379/6/6
f 7379/6/6 7369/6/6 7380/6/6
f 7371/5/6 7372/5/6 7382/5/6
f 7382/5/6 7372/5/6 7383/5/6
f 7362/3/6 7363/3/6 7384/3/6
f 7363/5/6 7374/5/6 7384/5/6
f 7384/5/6 7374/5/6 7385/5/6
f 7385/5/6 7374/5/6 7386/5/6
f 7386/5/6 7374/5/6 7387/5/6
f 7376/5/6 7377/5/6 7389/5/6
f 7377/5/6 7378/5/6 7389/5/6
f 7378/6/6 7379/6/6 7390/6/6
f 7389/5/6 7378/5/6 7390/5/6
f 7380/5/6 7381/5/6 7391/5/6
f 7390/6/6 7379/6/6 7391/6/6
f 7379/5/6 7380/5/6 7391/5/6
f 7391/5/6 7381/5/6 7392/5/6
f 7383/5/6 7372/5/6 7394/5/6
f 7394/5/6 7372/5/6 7395/5/6
f 7372/3/6 7373/3/6 7396/3/6
f 7395/5/6 7372/5/6 7396/5/6
f 7385/5/6 7386/5/6 7397/5/6
f 7384/3/6 7385/3/6 7397/3/6
f 7397/5/6 7386/5/6 7398/5/6
f 7392/5/6 7393/5/6 7400/5/6
f 7389/5/6 7390/5/6 7400/5/6
f 7388/5/6 7389/5/6 7400/5/6
f 7390/5/6 7391/5/6 7400/5/6
f 7391/5/6 7392/5/6 7400/5/6
f 7400/5/6 7393/5/6 7401/5/6
f 7395/3/6 7396/3/6 7403/3/6
f 7396/3/6 7373/3/6 7404/3/6
f 7403/3/6 7396/3/6 7404/3/6
f 7384/3/6 7397/3/6 7405/3/6
f 7362/3/6 7384/3/6 7405/3/6
f 7405/3/6 7397/3/6 7406/3/6
f 7400/5/6 7401/5/6 7408/5/6
f 7401/5/6 7402/5/6 7408/5/6
f 7399/5/6 7400/5/6 7408/5/6
f 7408/5/6 7402/5/6 7409/5/6
f 7404/3/6 7373/3/6 7411/3/6
f 7373/3/6 7350/3/6 7412/3/6
f 7411/3/6 7373/3/6 7412/3/6
f 7163/3/6 7362/3/6 7413/3/6
f 7362/3/6 7405/3/6 7413/3/6
f 7413/3/6 7405/3/6 7414/3/6
f 7409/5/6 7410/5/6 7416/5/6
f 7408/5/6 7409/5/6 7416/5/6
f 7407/5/6 7408/5/6 7416/5/6
f 7416/5/6 7410/5/6 7417/5/6
f 7417/5/6 7410/5/6 7418/5/6
f 7418/5/6 7410/5/6 7419/5/6
f 7412/3/6 7350/3/6 7421/3/6
f 7350/3/6 7174/3/6 7422/3/6
f 7421/3/6 7350/3/6 7422/3/6
f 7153/3/6 7163/3/6 7423/3/6
f 7163/3/6 7413/3/6 7423/3/6
f 7423/3/6 7413/3/6 7424/3/6
f 7415/3/6 7416/3/6 7426/3/6
f 7416/3/6 7417/3/6 7426/3/6
f 7417/5/6 7418/5/6 7427/5/6
f 7426/3/6 7417/3/6 7427/3/6
f 7427/5/6 7418/5/6 7428/5/6
f 7428/5/6 7418/5/6 7429/5/6
f 7418/3/6 7419/3/6 7430/3/6
f 7429/5/6 7418/5/6 7430/5/6
f 7419/3/6 7420/3/6 7430/3/6
f 7430/3/6 7420/3/6 7431/3/6
f 7422/3/6 7174/3/6 7433/3/6
f 7174/3/6 7162/3/6 7434/3/6
f 7433/3/6 7174/3/6 7434/3/6
f 7153/3/6 7423/3/6 7435/3/6
f 7435/3/6 7423/3/6 7436/3/6
f 7427/3/6 7428/3/6 7438/3/6
f 7425/3/6 7426/3/6 7438/3/6
f 7426/3/6 7427/3/6 7438/3/6
f 7428/5/6 7429/5/6 7439/5/6
f 7438/3/6 7428/3/6 7439/3/6
f 7431/3/6 7432/3/6 7440/3/6
f 7439/5/6 7429/5/6 7440/5/6
f 7430/3/6 7431/3/6 7440/3/6
f 7429/3/6 7430/3/6 7440/3/6
f 7440/3/6 7432/3/6 7441/3/6
f 7434/3/6 7162/3/6 7443/3/6
f 7443/3/6 7162/3/6 7444/3/6
f 7438/3/6 7439/3/6 7446/3/6
f 7437/3/6 7438/3/6 7446/3/6
f 7440/3/6 7441/3/6 7446/3/6
f 7439/3/6 7440/3/6 7446/3/6
f 7441/3/6 7442/3/6 7446/3/6
f 7446/3/6 7442/3/6 7447/3/6
f 7445/3/6 7446/3/6 7449/3/6
f 7447/3/6 7448/3/6 7449/3/6
f 7446/3/6 7447/3/6 7449/3/6
f 7449/3/6 7448/3/6 7450/3/6
f 7451/6/6 7452/6/6 7453/6/6
f 7453/6/6 7452/6/6 7454/6/6
f 7451/6/6 7453/6/6 7455/6/6
f 7453/5/6 7454/5/6 7456/5/6
f 7455/6/6 7453/6/6 7456/6/6
f 7456/5/6 7454/5/6 7457/5/6
f 7457/5/6 7454/5/6 7458/5/6
f 7454/6/6 7452/6/6 7459/6/6
f 7458/5/6 7454/5/6 7459/5/6
f 7459/6/6 7452/6/6 7460/6/6
f 7455/5/6 7456/5/6 7461/5/6
f 7456/5/6 7457/5/6 7461/5/6
f 7461/5/6 7457/5/6 7462/5/6
f 7459/5/6 7460/5/6 7465/5/6
f 7458/5/6 7459/5/6 7465/5/6
f 7465/5/6 7460/5/6 7466/5/6
f 7461/6/6 7462/6/6 7467/6/6
f 7455/5/6 7461/5/6 7467/5/6
f 7467/6/6 7462/6/6 7468/6/6
f 7462/5/6 7463/5/6 7469/5/6
f 7468/6/6 7462/6/6 7469/6/6
f 7469/5/6 7463/5/6 7470/5/6
f 7464/5/6 7465/5/6 7473/5/6
f 7465/6/6 7466/6/6 7474/6/6
f 7473/5/6 7465/5/6 7474/5/6
f 7474/6/6 7466/6/6 7475/6/6
f 7466/5/6 7460/5/6 7476/5/6
f 7475/6/6 7466/6/6 7476/6/6
f 7468/6/6 7469/6/6 7477/6/6
f 7469/6/6 7470/6/6 7477/6/6
f 7477/6/6 7470/6/6 7478/6/6
f 7470/5/6 7471/5/6 7479/5/6
f 7478/6/6 7470/6/6 7479/6/6
f 7479/5/6 7471/5/6 7480/5/6
f 7472/5/6 7473/5/6 7483/5/6
f 7474/6/6 7475/6/6 7484/6/6
f 7473/6/6 7474/6/6 7484/6/6
f 7483/5/6 7473/5/6 7484/5/6
f 7484/6/6 7475/6/6 7485/6/6
f 7485/6/6 7475/6/6 7486/6/6
f 7478/6/6 7479/6/6 7487/6/6
f 7479/6/6 7480/6/6 7487/6/6
f 7487/6/6 7480/6/6 7488/6/6
f 7480/5/6 7481/5/6 7489/5/6
f 7488/6/6 7480/6/6 7489/6/6
f 7489/5/6 7481/5/6 7490/5/6
f 7482/5/6 7483/5/6 7493/5/6
f 7484/6/6 7485/6/6 7494/6/6
f 7483/6/6 7484/6/6 7494/6/6
f 7493/5/6 7483/5/6 7494/5/6
f 7494/6/6 7485/6/6 7495/6/6
f 7495/6/6 7485/6/6 7496/6/6
f 7488/6/6 7489/6/6 7497/6/6
f 7489/6/6 7490/6/6 7497/6/6
f 7497/6/6 7490/6/6 7498/6/6
f 7490/5/6 7491/5/6 7499/5/6
f 7498/6/6 7490/6/6 7499/6/6
f 7499/5/6 7491/5/6 7500/5/6
f 7492/5/6 7493/5/6 7503/5/6
f 7494/6/6 7495/6/6 7504/6/6
f 7493/6/6 7494/6/6 7504/6/6
f 7503/5/6 7493/5/6 7504/5/6
f 7504/6/6 7495/6/6 7505/6/6
f 7505/6/6 7495/6/6 7506/6/6
f 7498/6/6 7499/6/6 7507/6/6
f 7499/6/6 7500/6/6 7507/6/6
f 7507/6/6 7500/6/6 7508/6/6
f 7500/5/6 7501/5/6 7509/5/6
f 7508/6/6 7500/6/6 7509/6/6
f 7509/5/6 7501/5/6 7510/5/6
f 7502/5/6 7503/5/6 7513/5/6
f 7504/6/6 7505/6/6 7514/6/6
f 7503/6/6 7504/6/6 7514/6/6
f 7513/5/6 7503/5/6 7514/5/6
f 7514/6/6 7505/6/6 7515/6/6
f 7515/6/6 7505/6/6 7516/6/6
f 7508/6/6 7509/6/6 7517/6/6
f 7509/6/6 7510/6/6 7517/6/6
f 7517/6/6 7510/6/6 7518/6/6
f 7510/5/6 7511/5/6 7519/5/6
f 7518/6/6 7510/6/6 7519/6/6
f 7519/5/6 7511/5/6 7520/5/6
f 7512/5/6 7513/5/6 7523/5/6
f 7514/6/6 7515/6/6 7524/6/6
f 7513/6/6 7514/6/6 7524/6/6
f 7523/5/6 7513/5/6 7524/5/6
f 7524/6/6 7515/6/6 7525/6/6
f 7525/6/6 7515/6/6 7526/6/6
f 7518/6/6 7519/6/6 7527/6/6
f 7519/6/6 7520/6/6 7527/6/6
f 7527/6/6 7520/6/6 7528/6/6
f 7520/5/6 7521/5/6 7529/5/6
f 7528/6/6 7520/6/6 7529/6/6
f 7529/5/6 7521/5/6 7530/5/6
f 7522/5/6 7523/5/6 7533/5/6
f 7524/6/6 7525/6/6 7534/6/6
f 7523/6/6 7524/6/6 7534/6/6
f 7533/5/6 7523/5/6 7534/5/6
f 7534/6/6 7525/6/6 7535/6/6
f 7535/6/6 7525/6/6 7536/6/6
f 7528/6/6 7529/6/6 7537/6/6
f 7529/6/6 7530/6/6 7537/6/6
f 7537/6/6 7530/6/6 7538/6/6
f 7530/5/6 7531/5/6 7539/5/6
f 7538/6/6 7530/6/6 7539/6/6
f 7539/5/6 7531/5/6 7540/5/6
f 7532/5/6 7533/5/6 7543/5/6
f 7534/6/6 7535/6/6 7544/6/6
f 7533/6/6 7534/6/6 7544/6/6
f 7543/5/6 7533/5/6 7544/5/6
f 7544/6/6 7535/6/6 7545/6/6
f 7545/6/6 7535/6/6 7546/6/6
f 7538/6/6 7539/6/6 7547/6/6
f 7539/6/6 7540/6/6 7547/6/6
f 7547/6/6 7540/6/6 7548/6/6
f 7540/5/6 7541/5/6 7549/5/6
f 7548/6/6 7540/6/6 7549/6/6
f 7549/5/6 7541/5/6 7550/5/6
f 7542/5/6 7543/5/6 7553/5/6
f 7544/6/6 7545/6/6 7554/6/6
f 7543/6/6 7544/6/6 7554/6/6
f 7553/5/6 7543/5/6 7554/5/6
f 7554/6/6 7545/6/6 7555/6/6
f 7555/6/6 7545/6/6 7556/6/6
f 7548/6/6 7549/6/6 7557/6/6
f 7549/6/6 7550/6/6 7557/6/6
f 7557/6/6 7550/6/6 7558/6/6
f 7550/5/6 7551/5/6 7559/5/6
f 7558/6/6 7550/6/6 7559/6/6
f 7559/5/6 7551/5/6 7560/5/6
f 7552/5/6 7553/5/6 7563/5/6
f 7554/6/6 7555/6/6 7564/6/6
f 7553/6/6 7554/6/6 7564/6/6
f 7563/5/6 7553/5/6 7564/5/6
f 7564/6/6 7555/6/6 7565/6/6
f 7565/6/6 7555/6/6 7566/6/6
f 7558/6/6 7559/6/6 7567/6/6
f 7559/6/6 7560/6/6 7567/6/6
f 7567/6/6 7560/6/6 7568/6/6
f 7560/5/6 7561/5/6 7569/5/6
f 7568/6/6 7560/6/6 7569/6/6
f 7569/5/6 7561/5/6 7570/5/6
f 7562/5/6 7563/5/6 7573/5/6
f 7564/6/6 7565/6/6 7574/6/6
f 7563/6/6 7564/6/6 7574/6/6
f 7573/5/6 7563/5/6 7574/5/6
f 7574/6/6 7565/6/6 7575/6/6
f 7575/6/6 7565/6/6 7576/6/6
f 7568/6/6 7569/6/6 7577/6/6
f 7569/6/6 7570/6/6 7577/6/6
f 7577/6/6 7570/6/6 7578/6/6
f 7570/5/6 7571/5/6 7579/5/6
f 7578/6/6 7570/6/6 7579/6/6
f 7579/5/6 7571/5/6 7580/5/6
f 7572/5/6 7573/5/6 7583/5/6
f 7574/6/6 7575/6/6 7584/6/6
f 7573/6/6 7574/6/6 7584/6/6
f 7583/5/6 7573/5/6 7584/5/6
f 7584/6/6 7575/6/6 7585/6/6
f 7585/6/6 7575/6/6 7586/6/6
f 7578/6/6 7579/6/6 7587/6/6
f 7579/6/6 7580/6/6 7587/6/6
f 7587/6/6 7580/6/6 7588/6/6
f 7580/5/6 7581/5/6 7589/5/6
f 7588/6/6 7580/6/6 7589/6/6
f 7589/5/6 7581/5/6 7590/5/6
f 7582/5/6 7583/5/6 7593/5/6
f 7584/6/6 7585/6/6 7594/6/6
f 7583/6/6 7584/6/6 7594/6/6
f 7593/5/6 7583/5/6 7594/5/6
f 7594/6/6 7585/6/6 7595/6/6
f 7595/6/6 7585/6/6 7596/6/6
f 7588/6/6 7589/6/6 7597/6/6
f 7589/6/6 7590/6/6 7597/6/6
f 7597/6/6 7590/6/6 7598/6/6
f 7590/5/6 7591/5/6 7599/5/6
f 7598/6/6 7590/6/6 7599/6/6
f 7599/5/6 7591/5/6 7600/5/6
f 7592/5/6 7593/5/6 7601/5/6
f 7594/6/6 7595/6/6 7602/6/6
f 7593/6/6 7594/6/6 7602/6/6
f 7601/5/6 7593/5/6 7602/5/6
f 7602/6/6 7595/6/6 7603/6/6
f 7603/6/6 7595/6/6 7604/6/6
f 7599/6/6 7600/6/6 7605/6/6
f 7598/6/6 7599/6/6 7605/6/6
f 7605/6/6 7600/6/6 7606/6/6
f 7600/5/6 7601/5/6 7607/5/6
f 7606/6/6 7600/6/6 7607/6/6
f 7602/6/6 7603/6/6 7608/6/6
f 7607/5/6 7601/5/6 7608/5/6
f 7601/6/6 7602/6/6 7608/6/6
f 7608/6/6 7603/6/6 7609/6/6
f 7609/6/6 7603/6/6 7610/6/6
f 7606/6/6 7607/6/6 7612/6/6
f 7608/6/6 7609/6/6 7612/6/6
f 7607/6/6 7608/6/6 7612/6/6
f 7612/6/6 7609/6/6 7613/6/6
f 7613/6/6 7609/6/6 7614/6/6
f 7614/6/6 7609/6/6 7615/6/6
f 7611/6/6 7612/6/6 7618/6/6
f 7612/6/6 7613/6/6 7618/6/6
f 7618/6/6 7613/6/6 7619/6/6
f 7613/5/6 7614/5/6 7620/5/6
f 7619/6/6 7613/6/6 7620/6/6
f 7615/6/6 7616/6/6 7621/6/6
f 7620/5/6 7614/5/6 7621/5/6
f 7614/6/6 7615/6/6 7621/6/6
f 7621/6/6 7616/6/6 7622/6/6
f 7622/6/6 7616/6/6 7623/6/6
f 7617/6/6 7618/6/6 7626/6/6
f 7618/6/6 7619/6/6 7626/6/6
f 7626/6/6 7619/6/6 7627/6/6
f 7619/5/6 7620/5/6 7628/5/6
f 7627/6/6 7619/6/6 7628/6/6
f 7628/5/6 7620/5/6 7629/5/6
f 7621/5/6 7622/5/6 7630/5/6
f 7622/6/6 7623/6/6 7631/6/6
f 7630/5/6 7622/5/6 7631/5/6
f 7623/6/6 7624/6/6 7631/6/6
f 7631/6/6 7624/6/6 7632/6/6
f 7632/6/6 7624/6/6 7633/6/6
f 7626/6/6 7627/6/6 7636/6/6
f 7625/6/6 7626/6/6 7636/6/6
f 7636/6/6 7627/6/6 7637/6/6
f 7627/5/6 7628/5/6 7638/5/6
f 7637/6/6 7627/6/6 7638/6/6
f 7638/5/6 7628/5/6 7639/5/6
f 7631/5/6 7632/5/6 7640/5/6
f 7632/6/6 7633/6/6 7641/6/6
f 7640/5/6 7632/5/6 7641/5/6
f 7633/6/6 7634/6/6 7641/6/6
f 7641/6/6 7634/6/6 7642/6/6
f 7642/6/6 7634/6/6 7643/6/6
f 7636/6/6 7637/6/6 7646/6/6
f 7635/6/6 7636/6/6 7646/6/6
f 7646/6/6 7637/6/6 7647/6/6
f 7637/5/6 7638/5/6 7648/5/6
f 7647/6/6 7637/6/6 7648/6/6
f 7648/5/6 7638/5/6 7649/5/6
f 7641/5/6 7642/5/6 7650/5/6
f 7642/6/6 7643/6/6 7651/6/6
f 7650/5/6 7642/5/6 7651/5/6
f 7643/6/6 7644/6/6 7651/6/6
f 7651/6/6 7644/6/6 7652/6/6
f 7652/6/6 7644/6/6 7653/6/6
f 7646/6/6 7647/6/6 7656/6/6
f 7645/6/6 7646/6/6 7656/6/6
f 7656/6/6 7647/6/6 7657/6/6
f 7647/5/6 7648/5/6 7658/5/6
f 7657/6/6 7647/6/6 7658/6/6
f 7658/5/6 7648/5/6 7659/5/6
f 7651/5/6 7652/5/6 7660/5/6
f 7652/6/6 7653/6/6 7661/6/6
f 7660/5/6 7652/5/6 7661/5/6
f 7653/6/6 7654/6/6 7661/6/6
f 7661/6/6 7654/6/6 7662/6/6
f 7662/6/6 7654/6/6 7663/6/6
f 7656/6/6 7657/6/6 7666/6/6
f 7655/6/6 7656/6/6 7666/6/6
f 7666/6/6 7657/6/6 7667/6/6
f 7657/5/6 7658/5/6 7668/5/6
f 7667/6/6 7657/6/6 7668/6/6
f 7668/5/6 7658/5/6 7669/5/6
f 7661/5/6 7662/5/6 7670/5/6
f 7662/6/6 7663/6/6 7671/6/6
f 7670/5/6 7662/5/6 7671/5/6
f 7663/6/6 7664/6/6 7671/6/6
f 7671/6/6 7664/6/6 7672/6/6
f 7672/6/6 7664/6/6 7673/6/6
f 7666/6/6 7667/6/6 7676/6/6
f 7665/6/6 7666/6/6 7676/6/6
f 7676/6/6 7667/6/6 7677/6/6
f 7667/5/6 7668/5/6 7678/5/6
f 7677/6/6 7667/6/6 7678/6/6
f 7678/5/6 7668/5/6 7679/5/6
f 7671/5/6 7672/5/6 7680/5/6
f 7672/6/6 7673/6/6 7681/6/6
f 7680/5/6 7672/5/6 7681/5/6
f 7673/6/6 7674/6/6 7681/6/6
f 7681/6/6 7674/6/6 7682/6/6
f 7682/6/6 7674/6/6 7683/6/6
f 7676/6/6 7677/6/6 7686/6/6
f 7675/6/6 7676/6/6 7686/6/6
f 7686/6/6 7677/6/6 7687/6/6
f 7677/5/6 7678/5/6 7688/5/6
f 7687/6/6 7677/6/6 7688/6/6
f 7688/5/6 7678/5/6 7689/5/6
f 7681/5/6 7682/5/6 7690/5/6
f 7682/6/6 7683/6/6 7691/6/6
f 7690/5/6 7682/5/6 7691/5/6
f 7683/6/6 7684/6/6 7691/6/6
f 7691/6/6 7684/6/6 7692/6/6
f 7692/6/6 7684/6/6 7693/6/6
f 7686/6/6 7687/6/6 7696/6/6
f 7685/6/6 7686/6/6 7696/6/6
f 7696/6/6 7687/6/6 7697/6/6
f 7687/5/6 7688/5/6 7698/5/6
f 7697/6/6 7687/6/6 7698/6/6
f 7698/5/6 7688/5/6 7699/5/6
f 7691/5/6 7692/5/6 7700/5/6
f 7692/6/6 7693/6/6 7701/6/6
f 7700/5/6 7692/5/6 7701/5/6
f 7693/6/6 7694/6/6 7701/6/6
f 7701/6/6 7694/6/6 7702/6/6
f 7702/6/6 7694/6/6 7703/6/6
f 7696/6/6 7697/6/6 7706/6/6
f 7695/6/6 7696/6/6 7706/6/6
f 7706/6/6 7697/6/6 7707/6/6
f 7697/5/6 7698/5/6 7708/5/6
f 7707/6/6 7697/6/6 7708/6/6
f 7708/5/6 7698/5/6 7709/5/6
f 7701/5/6 7702/5/6 7710/5/6
f 7702/6/6 7703/6/6 7711/6/6
f 7710/5/6 7702/5/6 7711/5/6
f 7703/6/6 7704/6/6 7711/6/6
f 7711/6/6 7704/6/6 7712/6/6
f 7712/6/6 7704/6/6 7713/6/6
f 7706/6/6 7707/6/6 7716/6/6
f 7705/6/6 7706/6/6 7716/6/6
f 7716/6/6 7707/6/6 7717/6/6
f 7707/5/6 7708/5/6 7718/5/6
f 7717/6/6 7707/6/6 7718/6/6
f 7718/5/6 7708/5/6 7719/5/6
f 7711/5/6 7712/5/6 7720/5/6
f 7712/6/6 7713/6/6 7721/6/6
f 7720/5/6 7712/5/6 7721/5/6
f 7713/6/6 7714/6/6 7721/6/6
f 7721/6/6 7714/6/6 7722/6/6
f 7722/6/6 7714/6/6 7723/6/6
f 7716/6/6 7717/6/6 7726/6/6
f 7715/6/6 7716/6/6 7726/6/6
f 7726/6/6 7717/6/6 7727/6/6
f 7717/5/6 7718/5/6 7728/5/6
f 7727/6/6 7717/6/6 7728/6/6
f 7728/5/6 7718/5/6 7729/5/6
f 7721/5/6 7722/5/6 7730/5/6
f 7722/6/6 7723/6/6 7731/6/6
f 7730/5/6 7722/5/6 7731/5/6
f 7723/6/6 7724/6/6 7731/6/6
f 7731/6/6 7724/6/6 7732/6/6
f 7732/6/6 7724/6/6 7733/6/6
f 7726/6/6 7727/6/6 7736/6/6
f 7725/6/6 7726/6/6 7736/6/6
f 7736/6/6 7727/6/6 7737/6/6
f 7727/5/6 7728/5/6 7738/5/6
f 7737/6/6 7727/6/6 7738/6/6
f 7738/5/6 7728/5/6 7739/5/6
f 7731/5/6 7732/5/6 7740/5/6
f 7732/6/6 7733/6/6 7741/6/6
f 7740/5/6 7732/5/6 7741/5/6
f 7733/6/6 7734/6/6 7741/6/6
f 7741/6/6 7734/6/6 7742/6/6
f 7742/6/6 7734/6/6 7743/6/6
f 7455/5/6 7467/5/6 7745/5/6
f 7736/6/6 7737/6/6 7746/6/6
f 7735/6/6 7736/6/6 7746/6/6
f 7746/6/6 7737/6/6 7747/6/6
f 7737/5/6 7738/5/6 7748/5/6
f 7747/6/6 7737/6/6 7748/6/6
f 7748/5/6 7738/5/6 7749/5/6
f 7741/5/6 7742/5/6 7750/5/6
f 7742/6/6 7743/6/6 7751/6/6
f 7750/5/6 7742/5/6 7751/5/6
f 7743/6/6 7744/6/6 7751/6/6
f 7751/6/6 7744/6/6 7752/6/6
f 7752/6/6 7744/6/6 7753/6/6
f 7476/5/6 7460/5/6 7754/5/6
f 7746/6/6 7747/6/6 7755/6/6
f 7455/5/6 7745/5/6 7755/5/6
f 7745/6/6 7746/6/6 7755/6/6
f 7747/5/6 7748/5/6 7756/5/6
f 7755/6/6 7747/6/6 7756/6/6
f 7756/5/6 7748/5/6 7757/5/6
f 7751/5/6 7752/5/6 7758/5/6
f 7752/6/6 7753/6/6 7759/6/6
f 7758/5/6 7752/5/6 7759/5/6
f 7753/6/6 7754/6/6 7759/6/6
f 7754/5/6 7460/5/6 7760/5/6
f 7759/6/6 7754/6/6 7760/6/6
f 7451/6/6 7455/6/6 7761/6/6
f 7455/5/6 7755/5/6 7761/5/6
f 7755/5/6 7756/5/6 7761/5/6
f 7761/5/6 7756/5/6 7762/5/6
f 7762/5/6 7756/5/6 7763/5/6
f 7759/5/6 7760/5/6 7764/5/6
f 7760/5/6 7460/5/6 7765/5/6
f 7764/5/6 7760/5/6 7765/5/6
f 7460/6/6 7452/6/6 7766/6/6
f 7765/5/6 7460/5/6 7766/5/6
f 7764/5/6 7765/5/6 7767/5/6
f 7763/5/6 7764/5/6 7767/5/6
f 7762/5/6 7763/5/6 7767/5/6
f 7761/6/6 7762/6/6 7767/6/6
f 7765/6/6 7766/6/6 7768/6/6
f 7767/5/6 7765/5/6 7768/5/6
f 7761/6/6 7767/6/6 7769/6/6
f 7451/6/6 7761/6/6 7769/6/6
f 7767/6/6 7768/6/6 7769/6/6
f 7766/6/6 7452/6/6 7770/6/6
f 7769/6/6 7768/6/6 7770/6/6
f 7768/6/6 7766/6/6 7770/6/6
