# MagicaVoxel @ Ephtracy

# group
o 

# material
mtllib CLOSEDBOX_wood.mtl
usemtl palette

# normals
vn -1 0 0
vn 1 0 0
vn 0 0 1
vn 0 0 -1
vn 0 -1 0
vn 0 1 0

# texcoords
vt 0.158203 0.5
vt 0.162109 0.5
vt 0.166016 0.5
vt 0.169922 0.5
vt 0.173828 0.5
vt 0.939453 0.5

# verts
v -2 0 2
v -2 0 -2
v -2 0.1 1.9
v -2 0.1 -1.9
v -2 0.2 2
v -2 0.2 1.9
v -2 0.2 1.7
v -2 0.2 1.6
v -2 0.2 0.0999999
v -2 0.2 -0.1
v -2 0.2 -1.6
v -2 0.2 -1.7
v -2 0.2 -1.9
v -2 0.2 -2
v -2 0.3 1.9
v -2 0.3 1.8
v -2 0.3 1.7
v -2 0.3 1.6
v -2 0.3 1.5
v -2 0.3 -1.5
v -2 0.3 -1.6
v -2 0.3 -1.7
v -2 0.3 -1.8
v -2 0.3 -1.9
v -2 0.4 1.8
v -2 0.4 1.7
v -2 0.4 1.6
v -2 0.4 1.5
v -2 0.4 1.4
v -2 0.4 -1.4
v -2 0.4 -1.5
v -2 0.4 -1.6
v -2 0.4 -1.7
v -2 0.4 -1.8
v -2 0.5 1.7
v -2 0.5 1.6
v -2 0.5 1.5
v -2 0.5 1.4
v -2 0.5 1.3
v -2 0.5 -1.3
v -2 0.5 -1.4
v -2 0.5 -1.5
v -2 0.5 -1.6
v -2 0.5 -1.7
v -2 0.6 1.6
v -2 0.6 1.5
v -2 0.6 1.4
v -2 0.6 1.3
v -2 0.6 1.2
v -2 0.6 -1.2
v -2 0.6 -1.3
v -2 0.6 -1.4
v -2 0.6 -1.5
v -2 0.6 -1.6
v -2 0.7 1.5
v -2 0.7 1.4
v -2 0.7 1.3
v -2 0.7 1.2
v -2 0.7 1.1
v -2 0.7 -1.1
v -2 0.7 -1.2
v -2 0.7 -1.3
v -2 0.7 -1.4
v -2 0.7 -1.5
v -2 0.8 1.4
v -2 0.8 1.3
v -2 0.8 1.2
v -2 0.8 1.1
v -2 0.8 1
v -2 0.8 -1
v -2 0.8 -1.1
v -2 0.8 -1.2
v -2 0.8 -1.3
v -2 0.8 -1.4
v -2 0.9 1.3
v -2 0.9 1.2
v -2 0.9 1.1
v -2 0.9 1
v -2 0.9 0.9
v -2 0.9 -0.9
v -2 0.9 -1
v -2 0.9 -1.1
v -2 0.9 -1.2
v -2 0.9 -1.3
v -2 1 1.2
v -2 1 1.1
v -2 1 1
v -2 1 0.9
v -2 1 0.8
v -2 1 -0.8
v -2 1 -0.9
v -2 1 -1
v -2 1 -1.1
v -2 1 -1.2
v -2 1.1 1.1
v -2 1.1 1
v -2 1.1 0.9
v -2 1.1 0.8
v -2 1.1 0.7
v -2 1.1 -0.7
v -2 1.1 -0.8
v -2 1.1 -0.9
v -2 1.1 -1
v -2 1.1 -1.1
v -2 1.2 1
v -2 1.2 0.9
v -2 1.2 0.8
v -2 1.2 0.7
v -2 1.2 0.6
v -2 1.2 -0.6
v -2 1.2 -0.7
v -2 1.2 -0.8
v -2 1.2 -0.9
v -2 1.2 -1
v -2 1.3 0.9
v -2 1.3 0.8
v -2 1.3 0.7
v -2 1.3 0.6
v -2 1.3 0.5
v -2 1.3 -0.5
v -2 1.3 -0.6
v -2 1.3 -0.7
v -2 1.3 -0.8
v -2 1.3 -0.9
v -2 1.4 0.8
v -2 1.4 0.7
v -2 1.4 0.6
v -2 1.4 0.5
v -2 1.4 0.4
v -2 1.4 0.2
v -2 1.4 0.0999999
v -2 1.4 -0.1
v -2 1.4 -0.2
v -2 1.4 -0.4
v -2 1.4 -0.5
v -2 1.4 -0.6
v -2 1.4 -0.7
v -2 1.4 -0.8
v -2 1.5 0.7
v -2 1.5 0.6
v -2 1.5 0.5
v -2 1.5 0.4
v -2 1.5 0.2
v -2 1.5 0.0999999
v -2 1.5 -0.1
v -2 1.5 -0.2
v -2 1.5 -0.4
v -2 1.5 -0.5
v -2 1.5 -0.6
v -2 1.5 -0.7
v -2 1.6 0.4
v -2 1.6 0.2
v -2 1.6 -0.2
v -2 1.6 -0.4
v -2 1.7 0.7
v -2 1.7 0.6
v -2 1.7 0.5
v -2 1.7 0.4
v -2 1.7 0.2
v -2 1.7 -0.2
v -2 1.7 -0.4
v -2 1.7 -0.5
v -2 1.7 -0.6
v -2 1.7 -0.7
v -2 1.8 0.8
v -2 1.8 0.7
v -2 1.8 0.6
v -2 1.8 0.5
v -2 1.8 0.4
v -2 1.8 0.2
v -2 1.8 0.0999999
v -2 1.8 -0.1
v -2 1.8 -0.2
v -2 1.8 -0.4
v -2 1.8 -0.5
v -2 1.8 -0.6
v -2 1.8 -0.7
v -2 1.8 -0.8
v -2 1.9 0.9
v -2 1.9 0.8
v -2 1.9 0.7
v -2 1.9 0.6
v -2 1.9 0.5
v -2 1.9 -0.5
v -2 1.9 -0.6
v -2 1.9 -0.7
v -2 1.9 -0.8
v -2 1.9 -0.9
v -2 2 1
v -2 2 0.9
v -2 2 0.8
v -2 2 0.7
v -2 2 0.6
v -2 2 -0.6
v -2 2 -0.7
v -2 2 -0.8
v -2 2 -0.9
v -2 2 -1
v -2 2.1 1.1
v -2 2.1 1
v -2 2.1 0.9
v -2 2.1 0.8
v -2 2.1 0.7
v -2 2.1 -0.7
v -2 2.1 -0.8
v -2 2.1 -0.9
v -2 2.1 -1
v -2 2.1 -1.1
v -2 2.2 1.2
v -2 2.2 1.1
v -2 2.2 1
v -2 2.2 0.9
v -2 2.2 0.8
v -2 2.2 -0.8
v -2 2.2 -0.9
v -2 2.2 -1
v -2 2.2 -1.1
v -2 2.2 -1.2
v -2 2.3 1.3
v -2 2.3 1.2
v -2 2.3 1.1
v -2 2.3 1
v -2 2.3 0.9
v -2 2.3 -0.9
v -2 2.3 -1
v -2 2.3 -1.1
v -2 2.3 -1.2
v -2 2.3 -1.3
v -2 2.4 1.4
v -2 2.4 1.3
v -2 2.4 1.2
v -2 2.4 1.1
v -2 2.4 1
v -2 2.4 -1
v -2 2.4 -1.1
v -2 2.4 -1.2
v -2 2.4 -1.3
v -2 2.4 -1.4
v -2 2.5 1.5
v -2 2.5 1.4
v -2 2.5 1.3
v -2 2.5 1.2
v -2 2.5 1.1
v -2 2.5 -1.1
v -2 2.5 -1.2
v -2 2.5 -1.3
v -2 2.5 -1.4
v -2 2.5 -1.5
v -2 2.6 1.6
v -2 2.6 1.5
v -2 2.6 1.4
v -2 2.6 1.3
v -2 2.6 1.2
v -2 2.6 -1.2
v -2 2.6 -1.3
v -2 2.6 -1.4
v -2 2.6 -1.5
v -2 2.6 -1.6
v -2 2.7 1.7
v -2 2.7 1.6
v -2 2.7 1.5
v -2 2.7 1.4
v -2 2.7 1.3
v -2 2.7 -1.3
v -2 2.7 -1.4
v -2 2.7 -1.5
v -2 2.7 -1.6
v -2 2.7 -1.7
v -2 2.8 1.8
v -2 2.8 1.7
v -2 2.8 1.6
v -2 2.8 1.5
v -2 2.8 1.4
v -2 2.8 -1.4
v -2 2.8 -1.5
v -2 2.8 -1.6
v -2 2.8 -1.7
v -2 2.8 -1.8
v -2 2.9 1.8
v -2 2.9 1.7
v -2 2.9 1.6
v -2 2.9 1.5
v -2 2.9 -1.5
v -2 2.9 -1.6
v -2 2.9 -1.7
v -2 2.9 -1.8
v -2 3 1.9
v -2 3 1.8
v -2 3 1.6
v -2 3 0.0999999
v -2 3 -0.1
v -2 3 -1.6
v -2 3 -1.8
v -2 3 -1.9
v -2 3.1 1.6
v -2 3.1 0.0999999
v -2 3.1 -0.1
v -2 3.1 -1.6
v -2 3.2 2
v -2 3.2 -2
v -1.9 0.2 1.6
v -1.9 0.2 0.0999999
v -1.9 0.2 -0.1
v -1.9 0.2 -1.6
v -1.9 0.3 1.6
v -1.9 0.3 1.5
v -1.9 0.3 1.3
v -1.9 0.3 1.1
v -1.9 0.3 0.2
v -1.9 0.3 0.0999999
v -1.9 0.3 -0.1
v -1.9 0.3 -0.2
v -1.9 0.3 -1
v -1.9 0.3 -1.4
v -1.9 0.3 -1.5
v -1.9 0.3 -1.6
v -1.9 0.4 1.8
v -1.9 0.4 1.7
v -1.9 0.4 1.5
v -1.9 0.4 1.4
v -1.9 0.4 1.3
v -1.9 0.4 1.1
v -1.9 0.4 1
v -1.9 0.4 0.3
v -1.9 0.4 0.2
v -1.9 0.4 -0.2
v -1.9 0.4 -0.3
v -1.9 0.4 -0.9
v -1.9 0.4 -1
v -1.9 0.4 -1.4
v -1.9 0.4 -1.5
v -1.9 0.4 -1.7
v -1.9 0.4 -1.8
v -1.9 0.5 1.7
v -1.9 0.5 1.6
v -1.9 0.5 1.4
v -1.9 0.5 1.3
v -1.9 0.5 -1.3
v -1.9 0.5 -1.4
v -1.9 0.5 -1.6
v -1.9 0.5 -1.7
v -1.9 0.6 1.6
v -1.9 0.6 1.5
v -1.9 0.6 1.3
v -1.9 0.6 1.2
v -1.9 0.6 1.1
v -1.9 0.6 1
v -1.9 0.6 0.9
v -1.9 0.6 -0.3
v -1.9 0.6 -0.4
v -1.9 0.6 -1.1
v -1.9 0.6 -1.2
v -1.9 0.6 -1.3
v -1.9 0.6 -1.5
v -1.9 0.6 -1.6
v -1.9 0.7 1.5
v -1.9 0.7 1.4
v -1.9 0.7 1.2
v -1.9 0.7 1.1
v -1.9 0.7 -1
v -1.9 0.7 -1.1
v -1.9 0.7 -1.2
v -1.9 0.7 -1.4
v -1.9 0.7 -1.5
v -1.9 0.8 1.4
v -1.9 0.8 1.3
v -1.9 0.8 1.1
v -1.9 0.8 1
v -1.9 0.8 0.4
v -1.9 0.8 0.3
v -1.9 0.8 0.2
v -1.9 0.8 0.0999999
v -1.9 0.8 -0.1
v -1.9 0.8 -0.2
v -1.9 0.8 -0.8
v -1.9 0.8 -0.9
v -1.9 0.8 -1
v -1.9 0.8 -1.1
v -1.9 0.8 -1.3
v -1.9 0.8 -1.4
v -1.9 0.9 1.3
v -1.9 0.9 1.2
v -1.9 0.9 1
v -1.9 0.9 0.9
v -1.9 0.9 -0.9
v -1.9 0.9 -1
v -1.9 0.9 -1.2
v -1.9 0.9 -1.3
v -1.9 0.9 -1.6
v -1.9 0.9 -1.7
v -1.9 1 1.6
v -1.9 1 1.5
v -1.9 1 1.2
v -1.9 1 1.1
v -1.9 1 0.9
v -1.9 1 0.8
v -1.9 1 -0.8
v -1.9 1 -0.9
v -1.9 1 -1.1
v -1.9 1 -1.2
v -1.9 1.1 1.1
v -1.9 1.1 1
v -1.9 1.1 0.8
v -1.9 1.1 0.7
v -1.9 1.1 -0.4
v -1.9 1.1 -0.5
v -1.9 1.1 -0.7
v -1.9 1.1 -0.8
v -1.9 1.1 -1
v -1.9 1.1 -1.1
v -1.9 1.1 -1.4
v -1.9 1.1 -1.5
v -1.9 1.2 1.5
v -1.9 1.2 1.4
v -1.9 1.2 1
v -1.9 1.2 0.9
v -1.9 1.2 0.7
v -1.9 1.2 0.6
v -1.9 1.2 0.3
v -1.9 1.2 0.2
v -1.9 1.2 -0.2
v -1.9 1.2 -0.3
v -1.9 1.2 -0.6
v -1.9 1.2 -0.7
v -1.9 1.2 -0.9
v -1.9 1.2 -1
v -1.9 1.3 0.9
v -1.9 1.3 0.8
v -1.9 1.3 0.6
v -1.9 1.3 0.5
v -1.9 1.3 0.4
v -1.9 1.3 -0.5
v -1.9 1.3 -0.6
v -1.9 1.3 -0.8
v -1.9 1.3 -0.9
v -1.9 1.3 -1.6
v -1.9 1.3 -1.7
v -1.9 1.4 0.8
v -1.9 1.4 0.7
v -1.9 1.4 0.5
v -1.9 1.4 0.4
v -1.9 1.4 0.2
v -1.9 1.4 0.0999999
v -1.9 1.4 -0.1
v -1.9 1.4 -0.2
v -1.9 1.4 -0.4
v -1.9 1.4 -0.5
v -1.9 1.4 -0.7
v -1.9 1.4 -0.8
v -1.9 1.5 0.7
v -1.9 1.5 0.6
v -1.9 1.5 0.4
v -1.9 1.5 0.3
v -1.9 1.5 0.2
v -1.9 1.5 -0.2
v -1.9 1.5 -0.3
v -1.9 1.5 -0.4
v -1.9 1.5 -0.6
v -1.9 1.5 -0.7
v -1.9 1.7 0.7
v -1.9 1.7 0.6
v -1.9 1.7 0.4
v -1.9 1.7 0.3
v -1.9 1.7 0.2
v -1.9 1.7 -0.2
v -1.9 1.7 -0.3
v -1.9 1.7 -0.4
v -1.9 1.7 -0.6
v -1.9 1.7 -0.7
v -1.9 1.8 0.8
v -1.9 1.8 0.7
v -1.9 1.8 0.5
v -1.9 1.8 0.4
v -1.9 1.8 0.2
v -1.9 1.8 0.0999999
v -1.9 1.8 -0.1
v -1.9 1.8 -0.2
v -1.9 1.8 -0.4
v -1.9 1.8 -0.5
v -1.9 1.8 -0.7
v -1.9 1.8 -0.8
v -1.9 1.8 -0.9
v -1.9 1.8 -1
v -1.9 1.9 0.9
v -1.9 1.9 0.8
v -1.9 1.9 0.6
v -1.9 1.9 0.5
v -1.9 1.9 -0.5
v -1.9 1.9 -0.6
v -1.9 1.9 -0.8
v -1.9 1.9 -0.9
v -1.9 2 1.5
v -1.9 2 1.4
v -1.9 2 1
v -1.9 2 0.9
v -1.9 2 0.7
v -1.9 2 0.6
v -1.9 2 -0.6
v -1.9 2 -0.7
v -1.9 2 -0.9
v -1.9 2 -1
v -1.9 2.1 1.1
v -1.9 2.1 1
v -1.9 2.1 0.8
v -1.9 2.1 0.7
v -1.9 2.1 0.5
v -1.9 2.1 0.4
v -1.9 2.1 0.3
v -1.9 2.1 0.2
v -1.9 2.1 -0.4
v -1.9 2.1 -0.5
v -1.9 2.1 -0.7
v -1.9 2.1 -0.8
v -1.9 2.1 -1
v -1.9 2.1 -1.1
v -1.9 2.1 -1.4
v -1.9 2.1 -1.5
v -1.9 2.2 1.2
v -1.9 2.2 1.1
v -1.9 2.2 0.9
v -1.9 2.2 0.8
v -1.9 2.2 -0.2
v -1.9 2.2 -0.3
v -1.9 2.2 -0.8
v -1.9 2.2 -0.9
v -1.9 2.2 -1.1
v -1.9 2.2 -1.2
v -1.9 2.3 1.6
v -1.9 2.3 1.5
v -1.9 2.3 1.3
v -1.9 2.3 1.2
v -1.9 2.3 1
v -1.9 2.3 0.9
v -1.9 2.3 -0.9
v -1.9 2.3 -1
v -1.9 2.3 -1.2
v -1.9 2.3 -1.3
v -1.9 2.3 -1.5
v -1.9 2.3 -1.6
v -1.9 2.4 1.4
v -1.9 2.4 1.3
v -1.9 2.4 1.1
v -1.9 2.4 1
v -1.9 2.4 -0.1
v -1.9 2.4 -0.2
v -1.9 2.4 -0.3
v -1.9 2.4 -0.4
v -1.9 2.4 -1
v -1.9 2.4 -1.1
v -1.9 2.4 -1.3
v -1.9 2.4 -1.4
v -1.9 2.5 1.5
v -1.9 2.5 1.4
v -1.9 2.5 1.2
v -1.9 2.5 1.1
v -1.9 2.5 0.4
v -1.9 2.5 0.3
v -1.9 2.5 0.2
v -1.9 2.5 0.0999999
v -1.9 2.5 -1.1
v -1.9 2.5 -1.2
v -1.9 2.5 -1.4
v -1.9 2.5 -1.5
v -1.9 2.6 1.6
v -1.9 2.6 1.5
v -1.9 2.6 1.3
v -1.9 2.6 1.2
v -1.9 2.6 1.1
v -1.9 2.6 -1.1
v -1.9 2.6 -1.2
v -1.9 2.6 -1.3
v -1.9 2.6 -1.5
v -1.9 2.6 -1.6
v -1.9 2.7 1.7
v -1.9 2.7 1.6
v -1.9 2.7 1.4
v -1.9 2.7 1.3
v -1.9 2.7 1
v -1.9 2.7 0.9
v -1.9 2.7 -0.9
v -1.9 2.7 -1
v -1.9 2.7 -1.3
v -1.9 2.7 -1.4
v -1.9 2.7 -1.6
v -1.9 2.7 -1.7
v -1.9 2.8 1.8
v -1.9 2.8 1.7
v -1.9 2.8 1.5
v -1.9 2.8 1.4
v -1.9 2.8 0.3
v -1.9 2.8 0.0999999
v -1.9 2.8 -0.1
v -1.9 2.8 -0.3
v -1.9 2.8 -1.4
v -1.9 2.8 -1.5
v -1.9 2.8 -1.7
v -1.9 2.8 -1.8
v -1.9 2.9 1.6
v -1.9 2.9 1.5
v -1.9 2.9 1.4
v -1.9 2.9 1
v -1.9 2.9 -1
v -1.9 2.9 -1.4
v -1.9 2.9 -1.5
v -1.9 2.9 -1.6
v -1.9 3 1.6
v -1.9 3 0.0999999
v -1.9 3 -0.1
v -1.9 3 -1.6
v -1.7 0.4 2
v -1.7 0.4 1.9
v -1.7 0.4 -1.9
v -1.7 0.4 -2
v -1.7 0.5 2
v -1.7 0.5 1.9
v -1.7 0.5 -1.9
v -1.7 0.5 -2
v -1.7 2.7 2
v -1.7 2.7 1.9
v -1.7 2.7 -1.9
v -1.7 2.7 -2
v -1.7 2.8 2
v -1.7 2.8 1.9
v -1.7 2.8 -1.9
v -1.7 2.8 -2
v -1.6 0.5 2
v -1.6 0.5 1.9
v -1.6 0.5 -1.9
v -1.6 0.5 -2
v -1.6 0.6 2
v -1.6 0.6 1.9
v -1.6 0.6 -1.9
v -1.6 0.6 -2
v -1.6 2.6 2
v -1.6 2.6 1.9
v -1.6 2.6 -1.9
v -1.6 2.6 -2
v -1.6 2.7 2
v -1.6 2.7 1.9
v -1.6 2.7 -1.9
v -1.6 2.7 -2
v -1.6 3.1 1.5
v -1.6 3.1 1.4
v -1.6 3.1 -1.4
v -1.6 3.1 -1.5
v -1.6 3.2 1.5
v -1.6 3.2 1.4
v -1.6 3.2 -1.4
v -1.6 3.2 -1.5
v -1.5 0.6 2
v -1.5 0.6 1.9
v -1.5 0.6 -1.9
v -1.5 0.6 -2
v -1.5 0.7 2
v -1.5 0.7 1.9
v -1.5 0.7 -1.9
v -1.5 0.7 -2
v -1.5 2.5 2
v -1.5 2.5 1.9
v -1.5 2.5 -1.9
v -1.5 2.5 -2
v -1.5 2.6 2
v -1.5 2.6 1.9
v -1.5 2.6 -1.9
v -1.5 2.6 -2
v -1.5 3.1 1.4
v -1.5 3.1 1.3
v -1.5 3.1 -1.3
v -1.5 3.1 -1.4
v -1.5 3.2 1.4
v -1.5 3.2 1.3
v -1.5 3.2 -1.3
v -1.5 3.2 -1.4
v -1.4 0.7 2
v -1.4 0.7 1.9
v -1.4 0.7 -1.9
v -1.4 0.7 -2
v -1.4 0.8 2
v -1.4 0.8 1.9
v -1.4 0.8 -1.9
v -1.4 0.8 -2
v -1.4 2.4 2
v -1.4 2.4 1.9
v -1.4 2.4 -1.9
v -1.4 2.4 -2
v -1.4 2.5 2
v -1.4 2.5 1.9
v -1.4 2.5 -1.9
v -1.4 2.5 -2
v -1.4 3.1 1.3
v -1.4 3.1 1.2
v -1.4 3.1 -1.2
v -1.4 3.1 -1.3
v -1.4 3.2 1.3
v -1.4 3.2 1.2
v -1.4 3.2 -1.2
v -1.4 3.2 -1.3
v -1.3 0.8 2
v -1.3 0.8 1.9
v -1.3 0.8 -1.9
v -1.3 0.8 -2
v -1.3 0.9 2
v -1.3 0.9 1.9
v -1.3 0.9 -1.9
v -1.3 0.9 -2
v -1.3 2.3 2
v -1.3 2.3 1.9
v -1.3 2.3 -1.9
v -1.3 2.3 -2
v -1.3 2.4 2
v -1.3 2.4 1.9
v -1.3 2.4 -1.9
v -1.3 2.4 -2
v -1.3 3.1 1.2
v -1.3 3.1 1.1
v -1.3 3.1 -1.1
v -1.3 3.1 -1.2
v -1.3 3.2 1.2
v -1.3 3.2 1.1
v -1.3 3.2 -1.1
v -1.3 3.2 -1.2
v -1.2 0.9 2
v -1.2 0.9 1.9
v -1.2 0.9 -1.9
v -1.2 0.9 -2
v -1.2 1 2
v -1.2 1 1.9
v -1.2 1 -1.9
v -1.2 1 -2
v -1.2 2.2 2
v -1.2 2.2 1.9
v -1.2 2.2 -1.9
v -1.2 2.2 -2
v -1.2 2.3 2
v -1.2 2.3 1.9
v -1.2 2.3 -1.9
v -1.2 2.3 -2
v -1.2 3.1 1.1
v -1.2 3.1 1
v -1.2 3.1 -1
v -1.2 3.1 -1.1
v -1.2 3.2 1.1
v -1.2 3.2 1
v -1.2 3.2 -1
v -1.2 3.2 -1.1
v -1.1 1 2
v -1.1 1 1.9
v -1.1 1 -1.9
v -1.1 1 -2
v -1.1 1.1 2
v -1.1 1.1 1.9
v -1.1 1.1 -1.9
v -1.1 1.1 -2
v -1.1 2.1 2
v -1.1 2.1 1.9
v -1.1 2.1 -1.9
v -1.1 2.1 -2
v -1.1 2.2 2
v -1.1 2.2 1.9
v -1.1 2.2 -1.9
v -1.1 2.2 -2
v -1.1 3.1 1
v -1.1 3.1 0.9
v -1.1 3.1 -0.9
v -1.1 3.1 -1
v -1.1 3.2 1
v -1.1 3.2 0.9
v -1.1 3.2 -0.9
v -1.1 3.2 -1
v -1 1.1 2
v -1 1.1 1.9
v -1 1.1 -1.9
v -1 1.1 -2
v -1 1.2 2
v -1 1.2 1.9
v -1 1.2 -1.9
v -1 1.2 -2
v -1 2 2
v -1 2 1.9
v -1 2 -1.9
v -1 2 -2
v -1 2.1 2
v -1 2.1 1.9
v -1 2.1 -1.9
v -1 2.1 -2
v -1 3.1 0.9
v -1 3.1 0.8
v -1 3.1 -0.8
v -1 3.1 -0.9
v -1 3.2 0.9
v -1 3.2 0.8
v -1 3.2 -0.8
v -1 3.2 -0.9
v -0.9 1.2 2
v -0.9 1.2 1.9
v -0.9 1.2 -1.9
v -0.9 1.2 -2
v -0.9 1.3 2
v -0.9 1.3 1.9
v -0.9 1.3 -1.9
v -0.9 1.3 -2
v -0.9 1.9 2
v -0.9 1.9 1.9
v -0.9 1.9 -1.9
v -0.9 1.9 -2
v -0.9 2 2
v -0.9 2 1.9
v -0.9 2 -1.9
v -0.9 2 -2
v -0.9 3.1 0.8
v -0.9 3.1 0.7
v -0.9 3.1 -0.7
v -0.9 3.1 -0.8
v -0.9 3.2 0.8
v -0.9 3.2 0.7
v -0.9 3.2 -0.7
v -0.9 3.2 -0.8
v -0.8 1.3 2
v -0.8 1.3 1.9
v -0.8 1.3 -1.9
v -0.8 1.3 -2
v -0.8 1.4 2
v -0.8 1.4 1.9
v -0.8 1.4 -1.9
v -0.8 1.4 -2
v -0.8 1.8 2
v -0.8 1.8 1.9
v -0.8 1.8 -1.9
v -0.8 1.8 -2
v -0.8 1.9 2
v -0.8 1.9 1.9
v -0.8 1.9 -1.9
v -0.8 1.9 -2
v -0.8 3.1 0.7
v -0.8 3.1 0.6
v -0.8 3.1 -0.6
v -0.8 3.1 -0.7
v -0.8 3.2 0.7
v -0.8 3.2 0.6
v -0.8 3.2 -0.6
v -0.8 3.2 -0.7
v -0.7 1.4 2
v -0.7 1.4 1.9
v -0.7 1.4 -1.9
v -0.7 1.4 -2
v -0.7 1.5 2
v -0.7 1.5 1.9
v -0.7 1.5 -1.9
v -0.7 1.5 -2
v -0.7 1.7 2
v -0.7 1.7 1.9
v -0.7 1.7 -1.9
v -0.7 1.7 -2
v -0.7 1.8 2
v -0.7 1.8 1.9
v -0.7 1.8 -1.9
v -0.7 1.8 -2
v -0.7 3.1 0.6
v -0.7 3.1 0.5
v -0.7 3.1 -0.5
v -0.7 3.1 -0.6
v -0.7 3.2 0.6
v -0.7 3.2 0.5
v -0.7 3.2 -0.5
v -0.7 3.2 -0.6
v -0.6 1.5 2
v -0.6 1.5 1.9
v -0.6 1.5 -1.9
v -0.6 1.5 -2
v -0.6 1.6 2
v -0.6 1.6 1.9
v -0.6 1.6 -1.9
v -0.6 1.6 -2
v -0.6 1.7 2
v -0.6 1.7 1.9
v -0.6 1.7 -1.9
v -0.6 1.7 -2
v -0.6 3.1 0.5
v -0.6 3.1 0.4
v -0.6 3.1 -0.4
v -0.6 3.1 -0.5
v -0.6 3.2 0.5
v -0.6 3.2 0.4
v -0.6 3.2 -0.4
v -0.6 3.2 -0.5
v -0.5 3.1 0.4
v -0.5 3.1 0.3
v -0.5 3.1 -0.3
v -0.5 3.1 -0.4
v -0.5 3.2 0.4
v -0.5 3.2 0.3
v -0.5 3.2 -0.3
v -0.5 3.2 -0.4
v -0.4 3.1 0.3
v -0.4 3.1 0.2
v -0.4 3.1 -0.2
v -0.4 3.1 -0.3
v -0.4 3.2 0.3
v -0.4 3.2 0.2
v -0.4 3.2 -0.2
v -0.4 3.2 -0.3
v -0.3 3.1 0.2
v -0.3 3.1 0.0999999
v -0.3 3.1 -0.1
v -0.3 3.1 -0.2
v -0.3 3.2 0.2
v -0.3 3.2 0.0999999
v -0.3 3.2 -0.1
v -0.3 3.2 -0.2
v -0.2 1.4 2
v -0.2 1.4 1.9
v -0.2 1.4 -1.9
v -0.2 1.4 -2
v -0.2 1.5 2
v -0.2 1.5 1.9
v -0.2 1.5 -1.9
v -0.2 1.5 -2
v -0.2 1.7 2
v -0.2 1.7 1.9
v -0.2 1.7 -1.9
v -0.2 1.7 -2
v -0.2 1.8 2
v -0.2 1.8 1.9
v -0.2 1.8 -1.9
v -0.2 1.8 -2
v -0.2 3.1 0.0999999
v -0.2 3.1 -0.1
v -0.2 3.2 0.0999999
v -0.2 3.2 -0.1
v -0.0999999 0.2 2
v -0.0999999 0.2 1.9
v -0.0999999 0.2 -1.9
v -0.0999999 0.2 -2
v -0.0999999 0.3 1.9
v -0.0999999 0.3 -1.9
v -0.0999999 0.8 1.9
v -0.0999999 0.8 -1.9
v -0.0999999 1.4 2
v -0.0999999 1.4 1.9
v -0.0999999 1.4 -1.9
v -0.0999999 1.4 -2
v -0.0999999 1.8 2
v -0.0999999 1.8 1.9
v -0.0999999 1.8 -1.9
v -0.0999999 1.8 -2
v -0.0999999 2.4 1.9
v -0.0999999 2.4 -1.9
v -0.0999999 2.8 1.9
v -0.0999999 2.8 -1.9
v -0.0999999 3 2
v -0.0999999 3 1.9
v -0.0999999 3 -1.9
v -0.0999999 3 -2
v 0.1 3.1 0.3
v 0.1 3.1 0.2
v 0.1 3.1 -0.2
v 0.1 3.1 -0.3
v 0.1 3.2 0.3
v 0.1 3.2 0.2
v 0.1 3.2 -0.2
v 0.1 3.2 -0.3
v 0.2 3.1 0.4
v 0.2 3.1 0.3
v 0.2 3.1 -0.3
v 0.2 3.1 -0.4
v 0.2 3.2 0.4
v 0.2 3.2 0.3
v 0.2 3.2 -0.3
v 0.2 3.2 -0.4
v 0.3 3.1 0.5
v 0.3 3.1 0.4
v 0.3 3.1 -0.4
v 0.3 3.1 -0.5
v 0.3 3.2 0.5
v 0.3 3.2 0.4
v 0.3 3.2 -0.4
v 0.3 3.2 -0.5
v 0.4 1.4 2
v 0.4 1.4 1.9
v 0.4 1.4 -1.9
v 0.4 1.4 -2
v 0.4 1.5 2
v 0.4 1.5 1.9
v 0.4 1.5 -1.9
v 0.4 1.5 -2
v 0.4 1.7 2
v 0.4 1.7 1.9
v 0.4 1.7 -1.9
v 0.4 1.7 -2
v 0.4 1.8 2
v 0.4 1.8 1.9
v 0.4 1.8 -1.9
v 0.4 1.8 -2
v 0.4 3.1 0.6
v 0.4 3.1 0.5
v 0.4 3.1 -0.5
v 0.4 3.1 -0.6
v 0.4 3.2 0.6
v 0.4 3.2 0.5
v 0.4 3.2 -0.5
v 0.4 3.2 -0.6
v 0.5 1.3 2
v 0.5 1.3 1.9
v 0.5 1.3 -1.9
v 0.5 1.3 -2
v 0.5 1.4 2
v 0.5 1.4 1.9
v 0.5 1.4 -1.9
v 0.5 1.4 -2
v 0.5 1.8 2
v 0.5 1.8 1.9
v 0.5 1.8 -1.9
v 0.5 1.8 -2
v 0.5 1.9 2
v 0.5 1.9 1.9
v 0.5 1.9 -1.9
v 0.5 1.9 -2
v 0.5 3.1 0.7
v 0.5 3.1 0.6
v 0.5 3.1 -0.6
v 0.5 3.1 -0.7
v 0.5 3.2 0.7
v 0.5 3.2 0.6
v 0.5 3.2 -0.6
v 0.5 3.2 -0.7
v 0.6 1.2 2
v 0.6 1.2 1.9
v 0.6 1.2 -1.9
v 0.6 1.2 -2
v 0.6 1.3 2
v 0.6 1.3 1.9
v 0.6 1.3 -1.9
v 0.6 1.3 -2
v 0.6 1.9 2
v 0.6 1.9 1.9
v 0.6 1.9 -1.9
v 0.6 1.9 -2
v 0.6 2 2
v 0.6 2 1.9
v 0.6 2 -1.9
v 0.6 2 -2
v 0.6 3.1 0.8
v 0.6 3.1 0.7
v 0.6 3.1 -0.7
v 0.6 3.1 -0.8
v 0.6 3.2 0.8
v 0.6 3.2 0.7
v 0.6 3.2 -0.7
v 0.6 3.2 -0.8
v 0.7 1.1 2
v 0.7 1.1 1.9
v 0.7 1.1 -1.9
v 0.7 1.1 -2
v 0.7 1.2 2
v 0.7 1.2 1.9
v 0.7 1.2 -1.9
v 0.7 1.2 -2
v 0.7 2 2
v 0.7 2 1.9
v 0.7 2 -1.9
v 0.7 2 -2
v 0.7 2.1 2
v 0.7 2.1 1.9
v 0.7 2.1 -1.9
v 0.7 2.1 -2
v 0.7 3.1 0.9
v 0.7 3.1 0.8
v 0.7 3.1 -0.8
v 0.7 3.1 -0.9
v 0.7 3.2 0.9
v 0.7 3.2 0.8
v 0.7 3.2 -0.8
v 0.7 3.2 -0.9
v 0.8 1 2
v 0.8 1 1.9
v 0.8 1 -1.9
v 0.8 1 -2
v 0.8 1.1 2
v 0.8 1.1 1.9
v 0.8 1.1 -1.9
v 0.8 1.1 -2
v 0.8 2.1 2
v 0.8 2.1 1.9
v 0.8 2.1 -1.9
v 0.8 2.1 -2
v 0.8 2.2 2
v 0.8 2.2 1.9
v 0.8 2.2 -1.9
v 0.8 2.2 -2
v 0.8 3.1 1
v 0.8 3.1 0.9
v 0.8 3.1 -0.9
v 0.8 3.1 -1
v 0.8 3.2 1
v 0.8 3.2 0.9
v 0.8 3.2 -0.9
v 0.8 3.2 -1
v 0.9 0.9 2
v 0.9 0.9 1.9
v 0.9 0.9 -1.9
v 0.9 0.9 -2
v 0.9 1 2
v 0.9 1 1.9
v 0.9 1 -1.9
v 0.9 1 -2
v 0.9 2.2 2
v 0.9 2.2 1.9
v 0.9 2.2 -1.9
v 0.9 2.2 -2
v 0.9 2.3 2
v 0.9 2.3 1.9
v 0.9 2.3 -1.9
v 0.9 2.3 -2
v 0.9 3.1 1.1
v 0.9 3.1 1
v 0.9 3.1 -1
v 0.9 3.1 -1.1
v 0.9 3.2 1.1
v 0.9 3.2 1
v 0.9 3.2 -1
v 0.9 3.2 -1.1
v 1 0.8 2
v 1 0.8 1.9
v 1 0.8 -1.9
v 1 0.8 -2
v 1 0.9 2
v 1 0.9 1.9
v 1 0.9 -1.9
v 1 0.9 -2
v 1 2.3 2
v 1 2.3 1.9
v 1 2.3 -1.9
v 1 2.3 -2
v 1 2.4 2
v 1 2.4 1.9
v 1 2.4 -1.9
v 1 2.4 -2
v 1 3.1 1.2
v 1 3.1 1.1
v 1 3.1 -1.1
v 1 3.1 -1.2
v 1 3.2 1.2
v 1 3.2 1.1
v 1 3.2 -1.1
v 1 3.2 -1.2
v 1.1 0.7 2
v 1.1 0.7 1.9
v 1.1 0.7 -1.9
v 1.1 0.7 -2
v 1.1 0.8 2
v 1.1 0.8 1.9
v 1.1 0.8 -1.9
v 1.1 0.8 -2
v 1.1 2.4 2
v 1.1 2.4 1.9
v 1.1 2.4 -1.9
v 1.1 2.4 -2
v 1.1 2.5 2
v 1.1 2.5 1.9
v 1.1 2.5 -1.9
v 1.1 2.5 -2
v 1.1 3.1 1.3
v 1.1 3.1 1.2
v 1.1 3.1 -1.2
v 1.1 3.1 -1.3
v 1.1 3.2 1.3
v 1.1 3.2 1.2
v 1.1 3.2 -1.2
v 1.1 3.2 -1.3
v 1.2 0.6 2
v 1.2 0.6 1.9
v 1.2 0.6 -1.9
v 1.2 0.6 -2
v 1.2 0.7 2
v 1.2 0.7 1.9
v 1.2 0.7 -1.9
v 1.2 0.7 -2
v 1.2 2.5 2
v 1.2 2.5 1.9
v 1.2 2.5 -1.9
v 1.2 2.5 -2
v 1.2 2.6 2
v 1.2 2.6 1.9
v 1.2 2.6 -1.9
v 1.2 2.6 -2
v 1.2 3.1 1.4
v 1.2 3.1 1.3
v 1.2 3.1 -1.3
v 1.2 3.1 -1.4
v 1.2 3.2 1.4
v 1.2 3.2 1.3
v 1.2 3.2 -1.3
v 1.2 3.2 -1.4
v 1.3 0.5 2
v 1.3 0.5 1.9
v 1.3 0.5 -1.9
v 1.3 0.5 -2
v 1.3 0.6 2
v 1.3 0.6 1.9
v 1.3 0.6 -1.9
v 1.3 0.6 -2
v 1.3 2.6 2
v 1.3 2.6 1.9
v 1.3 2.6 -1.9
v 1.3 2.6 -2
v 1.3 2.7 2
v 1.3 2.7 1.9
v 1.3 2.7 -1.9
v 1.3 2.7 -2
v 1.3 3.1 1.5
v 1.3 3.1 1.4
v 1.3 3.1 -1.4
v 1.3 3.1 -1.5
v 1.3 3.2 1.5
v 1.3 3.2 1.4
v 1.3 3.2 -1.4
v 1.3 3.2 -1.5
v 1.4 0.4 2
v 1.4 0.4 1.9
v 1.4 0.4 -1.9
v 1.4 0.4 -2
v 1.4 0.5 2
v 1.4 0.5 1.9
v 1.4 0.5 -1.9
v 1.4 0.5 -2
v 1.4 2.7 2
v 1.4 2.7 1.9
v 1.4 2.7 -1.9
v 1.4 2.7 -2
v 1.4 2.8 2
v 1.4 2.8 1.9
v 1.4 2.8 -1.9
v 1.4 2.8 -2
v 1.4 3.1 1.6
v 1.4 3.1 1.5
v 1.4 3.1 -1.5
v 1.4 3.1 -1.6
v 1.4 3.2 1.6
v 1.4 3.2 1.5
v 1.4 3.2 -1.5
v 1.4 3.2 -1.6
v 1.5 0.3 2
v 1.5 0.3 1.9
v 1.5 0.3 -1.9
v 1.5 0.3 -2
v 1.5 0.4 2
v 1.5 0.4 1.9
v 1.5 0.4 -1.9
v 1.5 0.4 -2
v 1.5 2.8 2
v 1.5 2.8 1.9
v 1.5 2.8 -1.9
v 1.5 2.8 -2
v 1.5 2.9 2
v 1.5 2.9 1.9
v 1.5 2.9 -1.9
v 1.5 2.9 -2
v 1.5 3.1 1.7
v 1.5 3.1 1.6
v 1.5 3.1 -1.6
v 1.5 3.1 -1.7
v 1.5 3.2 1.7
v 1.5 3.2 1.6
v 1.5 3.2 -1.6
v 1.5 3.2 -1.7
v 1.6 0.2 2
v 1.6 0.2 1.9
v 1.6 0.2 1.6
v 1.6 0.2 -1.6
v 1.6 0.2 -1.9
v 1.6 0.2 -2
v 1.6 0.3 2
v 1.6 0.3 1.9
v 1.6 0.3 -1.9
v 1.6 0.3 -2
v 1.6 2.9 2
v 1.6 2.9 1.9
v 1.6 2.9 -1.9
v 1.6 2.9 -2
v 1.6 3 2
v 1.6 3 1.9
v 1.6 3 1.6
v 1.6 3 -1.6
v 1.6 3 -1.9
v 1.6 3 -2
v 1.7 3.1 1.5
v 1.7 3.1 -1.5
v 1.7 3.2 1.5
v 1.7 3.2 -1.5
v 1.8 0.4 2
v 1.8 0.4 1.9
v 1.8 0.4 -1.9
v 1.8 0.4 -2
v 1.8 2.8 2
v 1.8 2.8 1.9
v 1.8 2.8 -1.9
v 1.8 2.8 -2
v -1.8 0.4 2
v -1.8 0.4 1.9
v -1.8 0.4 -1.9
v -1.8 0.4 -2
v -1.8 2.8 2
v -1.8 2.8 1.9
v -1.8 2.8 -1.9
v -1.8 2.8 -2
v -1.7 3.1 1.5
v -1.7 3.1 -1.5
v -1.7 3.2 1.5
v -1.7 3.2 -1.5
v -1.6 0.2 2
v -1.6 0.2 1.9
v -1.6 0.2 1.6
v -1.6 0.2 -1.6
v -1.6 0.2 -1.9
v -1.6 0.2 -2
v -1.6 0.3 2
v -1.6 0.3 1.9
v -1.6 0.3 -1.9
v -1.6 0.3 -2
v -1.6 2.9 2
v -1.6 2.9 1.9
v -1.6 2.9 -1.9
v -1.6 2.9 -2
v -1.6 3 2
v -1.6 3 1.9
v -1.6 3 1.6
v -1.6 3 -1.6
v -1.6 3 -1.9
v -1.6 3 -2
v -1.5 0.3 2
v -1.5 0.3 1.9
v -1.5 0.3 -1.9
v -1.5 0.3 -2
v -1.5 0.4 2
v -1.5 0.4 1.9
v -1.5 0.4 -1.9
v -1.5 0.4 -2
v -1.5 2.8 2
v -1.5 2.8 1.9
v -1.5 2.8 -1.9
v -1.5 2.8 -2
v -1.5 2.9 2
v -1.5 2.9 1.9
v -1.5 2.9 -1.9
v -1.5 2.9 -2
v -1.5 3.1 1.7
v -1.5 3.1 1.6
v -1.5 3.1 -1.6
v -1.5 3.1 -1.7
v -1.5 3.2 1.7
v -1.5 3.2 1.6
v -1.5 3.2 -1.6
v -1.5 3.2 -1.7
v -1.4 0.4 2
v -1.4 0.4 1.9
v -1.4 0.4 -1.9
v -1.4 0.4 -2
v -1.4 0.5 2
v -1.4 0.5 1.9
v -1.4 0.5 -1.9
v -1.4 0.5 -2
v -1.4 2.7 2
v -1.4 2.7 1.9
v -1.4 2.7 -1.9
v -1.4 2.7 -2
v -1.4 2.8 2
v -1.4 2.8 1.9
v -1.4 2.8 -1.9
v -1.4 2.8 -2
v -1.4 3.1 1.6
v -1.4 3.1 1.5
v -1.4 3.1 -1.5
v -1.4 3.1 -1.6
v -1.4 3.2 1.6
v -1.4 3.2 1.5
v -1.4 3.2 -1.5
v -1.4 3.2 -1.6
v -1.3 0.5 2
v -1.3 0.5 1.9
v -1.3 0.5 -1.9
v -1.3 0.5 -2
v -1.3 0.6 2
v -1.3 0.6 1.9
v -1.3 0.6 -1.9
v -1.3 0.6 -2
v -1.3 2.6 2
v -1.3 2.6 1.9
v -1.3 2.6 -1.9
v -1.3 2.6 -2
v -1.3 2.7 2
v -1.3 2.7 1.9
v -1.3 2.7 -1.9
v -1.3 2.7 -2
v -1.3 3.1 1.5
v -1.3 3.1 1.4
v -1.3 3.1 -1.4
v -1.3 3.1 -1.5
v -1.3 3.2 1.5
v -1.3 3.2 1.4
v -1.3 3.2 -1.4
v -1.3 3.2 -1.5
v -1.2 0.6 2
v -1.2 0.6 1.9
v -1.2 0.6 -1.9
v -1.2 0.6 -2
v -1.2 0.7 2
v -1.2 0.7 1.9
v -1.2 0.7 -1.9
v -1.2 0.7 -2
v -1.2 2.5 2
v -1.2 2.5 1.9
v -1.2 2.5 -1.9
v -1.2 2.5 -2
v -1.2 2.6 2
v -1.2 2.6 1.9
v -1.2 2.6 -1.9
v -1.2 2.6 -2
v -1.2 3.1 1.4
v -1.2 3.1 1.3
v -1.2 3.1 -1.3
v -1.2 3.1 -1.4
v -1.2 3.2 1.4
v -1.2 3.2 1.3
v -1.2 3.2 -1.3
v -1.2 3.2 -1.4
v -1.1 0.7 2
v -1.1 0.7 1.9
v -1.1 0.7 -1.9
v -1.1 0.7 -2
v -1.1 0.8 2
v -1.1 0.8 1.9
v -1.1 0.8 -1.9
v -1.1 0.8 -2
v -1.1 2.4 2
v -1.1 2.4 1.9
v -1.1 2.4 -1.9
v -1.1 2.4 -2
v -1.1 2.5 2
v -1.1 2.5 1.9
v -1.1 2.5 -1.9
v -1.1 2.5 -2
v -1.1 3.1 1.3
v -1.1 3.1 1.2
v -1.1 3.1 -1.2
v -1.1 3.1 -1.3
v -1.1 3.2 1.3
v -1.1 3.2 1.2
v -1.1 3.2 -1.2
v -1.1 3.2 -1.3
v -1 0.8 2
v -1 0.8 1.9
v -1 0.8 -1.9
v -1 0.8 -2
v -1 0.9 2
v -1 0.9 1.9
v -1 0.9 -1.9
v -1 0.9 -2
v -1 2.3 2
v -1 2.3 1.9
v -1 2.3 -1.9
v -1 2.3 -2
v -1 2.4 2
v -1 2.4 1.9
v -1 2.4 -1.9
v -1 2.4 -2
v -1 3.1 1.2
v -1 3.1 1.1
v -1 3.1 -1.1
v -1 3.1 -1.2
v -1 3.2 1.2
v -1 3.2 1.1
v -1 3.2 -1.1
v -1 3.2 -1.2
v -0.9 0.9 2
v -0.9 0.9 1.9
v -0.9 0.9 -1.9
v -0.9 0.9 -2
v -0.9 1 2
v -0.9 1 1.9
v -0.9 1 -1.9
v -0.9 1 -2
v -0.9 2.2 2
v -0.9 2.2 1.9
v -0.9 2.2 -1.9
v -0.9 2.2 -2
v -0.9 2.3 2
v -0.9 2.3 1.9
v -0.9 2.3 -1.9
v -0.9 2.3 -2
v -0.9 3.1 1.1
v -0.9 3.1 1
v -0.9 3.1 -1
v -0.9 3.1 -1.1
v -0.9 3.2 1.1
v -0.9 3.2 1
v -0.9 3.2 -1
v -0.9 3.2 -1.1
v -0.8 1 2
v -0.8 1 1.9
v -0.8 1 -1.9
v -0.8 1 -2
v -0.8 1.1 2
v -0.8 1.1 1.9
v -0.8 1.1 -1.9
v -0.8 1.1 -2
v -0.8 2.1 2
v -0.8 2.1 1.9
v -0.8 2.1 -1.9
v -0.8 2.1 -2
v -0.8 2.2 2
v -0.8 2.2 1.9
v -0.8 2.2 -1.9
v -0.8 2.2 -2
v -0.8 3.1 1
v -0.8 3.1 0.9
v -0.8 3.1 -0.9
v -0.8 3.1 -1
v -0.8 3.2 1
v -0.8 3.2 0.9
v -0.8 3.2 -0.9
v -0.8 3.2 -1
v -0.7 1.1 2
v -0.7 1.1 1.9
v -0.7 1.1 -1.9
v -0.7 1.1 -2
v -0.7 1.2 2
v -0.7 1.2 1.9
v -0.7 1.2 -1.9
v -0.7 1.2 -2
v -0.7 2 2
v -0.7 2 1.9
v -0.7 2 -1.9
v -0.7 2 -2
v -0.7 2.1 2
v -0.7 2.1 1.9
v -0.7 2.1 -1.9
v -0.7 2.1 -2
v -0.7 3.1 0.9
v -0.7 3.1 0.8
v -0.7 3.1 -0.8
v -0.7 3.1 -0.9
v -0.7 3.2 0.9
v -0.7 3.2 0.8
v -0.7 3.2 -0.8
v -0.7 3.2 -0.9
v -0.6 1.2 2
v -0.6 1.2 1.9
v -0.6 1.2 -1.9
v -0.6 1.2 -2
v -0.6 1.3 2
v -0.6 1.3 1.9
v -0.6 1.3 -1.9
v -0.6 1.3 -2
v -0.6 1.9 2
v -0.6 1.9 1.9
v -0.6 1.9 -1.9
v -0.6 1.9 -2
v -0.6 2 2
v -0.6 2 1.9
v -0.6 2 -1.9
v -0.6 2 -2
v -0.6 3.1 0.8
v -0.6 3.1 0.7
v -0.6 3.1 -0.7
v -0.6 3.1 -0.8
v -0.6 3.2 0.8
v -0.6 3.2 0.7
v -0.6 3.2 -0.7
v -0.6 3.2 -0.8
v -0.5 1.3 2
v -0.5 1.3 1.9
v -0.5 1.3 -1.9
v -0.5 1.3 -2
v -0.5 1.4 2
v -0.5 1.4 1.9
v -0.5 1.4 -1.9
v -0.5 1.4 -2
v -0.5 1.8 2
v -0.5 1.8 1.9
v -0.5 1.8 -1.9
v -0.5 1.8 -2
v -0.5 1.9 2
v -0.5 1.9 1.9
v -0.5 1.9 -1.9
v -0.5 1.9 -2
v -0.5 3.1 0.7
v -0.5 3.1 0.6
v -0.5 3.1 -0.6
v -0.5 3.1 -0.7
v -0.5 3.2 0.7
v -0.5 3.2 0.6
v -0.5 3.2 -0.6
v -0.5 3.2 -0.7
v -0.4 1.4 2
v -0.4 1.4 1.9
v -0.4 1.4 -1.9
v -0.4 1.4 -2
v -0.4 1.5 2
v -0.4 1.5 1.9
v -0.4 1.5 -1.9
v -0.4 1.5 -2
v -0.4 1.7 2
v -0.4 1.7 1.9
v -0.4 1.7 -1.9
v -0.4 1.7 -2
v -0.4 1.8 2
v -0.4 1.8 1.9
v -0.4 1.8 -1.9
v -0.4 1.8 -2
v -0.4 3.1 0.6
v -0.4 3.1 0.5
v -0.4 3.1 -0.5
v -0.4 3.1 -0.6
v -0.4 3.2 0.6
v -0.4 3.2 0.5
v -0.4 3.2 -0.5
v -0.4 3.2 -0.6
v -0.3 3.1 0.5
v -0.3 3.1 0.4
v -0.3 3.1 -0.4
v -0.3 3.1 -0.5
v -0.3 3.2 0.5
v -0.3 3.2 0.4
v -0.3 3.2 -0.4
v -0.3 3.2 -0.5
v -0.2 3.1 0.4
v -0.2 3.1 0.3
v -0.2 3.1 -0.3
v -0.2 3.1 -0.4
v -0.2 3.2 0.4
v -0.2 3.2 0.3
v -0.2 3.2 -0.3
v -0.2 3.2 -0.4
v -0.0999999 3.1 0.3
v -0.0999999 3.1 0.2
v -0.0999999 3.1 -0.2
v -0.0999999 3.1 -0.3
v -0.0999999 3.2 0.3
v -0.0999999 3.2 0.2
v -0.0999999 3.2 -0.2
v -0.0999999 3.2 -0.3
v 0.1 0.2 2
v 0.1 0.2 1.9
v 0.1 0.2 -1.9
v 0.1 0.2 -2
v 0.1 0.3 1.9
v 0.1 0.3 -1.9
v 0.1 0.8 1.9
v 0.1 0.8 -1.9
v 0.1 1.4 2
v 0.1 1.4 1.9
v 0.1 1.4 -1.9
v 0.1 1.4 -2
v 0.1 1.8 2
v 0.1 1.8 1.9
v 0.1 1.8 -1.9
v 0.1 1.8 -2
v 0.1 2.5 1.9
v 0.1 2.5 -1.9
v 0.1 2.8 1.9
v 0.1 2.8 -1.9
v 0.1 3 2
v 0.1 3 1.9
v 0.1 3 -1.9
v 0.1 3 -2
v 0.2 1.4 2
v 0.2 1.4 1.9
v 0.2 1.4 -1.9
v 0.2 1.4 -2
v 0.2 1.5 2
v 0.2 1.5 1.9
v 0.2 1.5 -1.9
v 0.2 1.5 -2
v 0.2 1.7 2
v 0.2 1.7 1.9
v 0.2 1.7 -1.9
v 0.2 1.7 -2
v 0.2 1.8 2
v 0.2 1.8 1.9
v 0.2 1.8 -1.9
v 0.2 1.8 -2
v 0.2 3.1 0.0999999
v 0.2 3.1 -0.1
v 0.2 3.2 0.0999999
v 0.2 3.2 -0.1
v 0.3 3.1 0.2
v 0.3 3.1 0.0999999
v 0.3 3.1 -0.1
v 0.3 3.1 -0.2
v 0.3 3.2 0.2
v 0.3 3.2 0.0999999
v 0.3 3.2 -0.1
v 0.3 3.2 -0.2
v 0.4 3.1 0.3
v 0.4 3.1 0.2
v 0.4 3.1 -0.2
v 0.4 3.1 -0.3
v 0.4 3.2 0.3
v 0.4 3.2 0.2
v 0.4 3.2 -0.2
v 0.4 3.2 -0.3
v 0.5 3.1 0.4
v 0.5 3.1 0.3
v 0.5 3.1 -0.3
v 0.5 3.1 -0.4
v 0.5 3.2 0.4
v 0.5 3.2 0.3
v 0.5 3.2 -0.3
v 0.5 3.2 -0.4
v 0.6 1.5 2
v 0.6 1.5 1.9
v 0.6 1.5 -1.9
v 0.6 1.5 -2
v 0.6 1.6 2
v 0.6 1.6 1.9
v 0.6 1.6 -1.9
v 0.6 1.6 -2
v 0.6 1.7 2
v 0.6 1.7 1.9
v 0.6 1.7 -1.9
v 0.6 1.7 -2
v 0.6 3.1 0.5
v 0.6 3.1 0.4
v 0.6 3.1 -0.4
v 0.6 3.1 -0.5
v 0.6 3.2 0.5
v 0.6 3.2 0.4
v 0.6 3.2 -0.4
v 0.6 3.2 -0.5
v 0.7 1.4 2
v 0.7 1.4 1.9
v 0.7 1.4 -1.9
v 0.7 1.4 -2
v 0.7 1.5 2
v 0.7 1.5 1.9
v 0.7 1.5 -1.9
v 0.7 1.5 -2
v 0.7 1.7 2
v 0.7 1.7 1.9
v 0.7 1.7 -1.9
v 0.7 1.7 -2
v 0.7 1.8 2
v 0.7 1.8 1.9
v 0.7 1.8 -1.9
v 0.7 1.8 -2
v 0.7 3.1 0.6
v 0.7 3.1 0.5
v 0.7 3.1 -0.5
v 0.7 3.1 -0.6
v 0.7 3.2 0.6
v 0.7 3.2 0.5
v 0.7 3.2 -0.5
v 0.7 3.2 -0.6
v 0.8 1.3 2
v 0.8 1.3 1.9
v 0.8 1.3 -1.9
v 0.8 1.3 -2
v 0.8 1.4 2
v 0.8 1.4 1.9
v 0.8 1.4 -1.9
v 0.8 1.4 -2
v 0.8 1.8 2
v 0.8 1.8 1.9
v 0.8 1.8 -1.9
v 0.8 1.8 -2
v 0.8 1.9 2
v 0.8 1.9 1.9
v 0.8 1.9 -1.9
v 0.8 1.9 -2
v 0.8 3.1 0.7
v 0.8 3.1 0.6
v 0.8 3.1 -0.6
v 0.8 3.1 -0.7
v 0.8 3.2 0.7
v 0.8 3.2 0.6
v 0.8 3.2 -0.6
v 0.8 3.2 -0.7
v 0.9 1.2 2
v 0.9 1.2 1.9
v 0.9 1.2 -1.9
v 0.9 1.2 -2
v 0.9 1.3 2
v 0.9 1.3 1.9
v 0.9 1.3 -1.9
v 0.9 1.3 -2
v 0.9 1.9 2
v 0.9 1.9 1.9
v 0.9 1.9 -1.9
v 0.9 1.9 -2
v 0.9 2 2
v 0.9 2 1.9
v 0.9 2 -1.9
v 0.9 2 -2
v 0.9 3.1 0.8
v 0.9 3.1 0.7
v 0.9 3.1 -0.7
v 0.9 3.1 -0.8
v 0.9 3.2 0.8
v 0.9 3.2 0.7
v 0.9 3.2 -0.7
v 0.9 3.2 -0.8
v 1 1.1 2
v 1 1.1 1.9
v 1 1.1 -1.9
v 1 1.1 -2
v 1 1.2 2
v 1 1.2 1.9
v 1 1.2 -1.9
v 1 1.2 -2
v 1 2 2
v 1 2 1.9
v 1 2 -1.9
v 1 2 -2
v 1 2.1 2
v 1 2.1 1.9
v 1 2.1 -1.9
v 1 2.1 -2
v 1 3.1 0.9
v 1 3.1 0.8
v 1 3.1 -0.8
v 1 3.1 -0.9
v 1 3.2 0.9
v 1 3.2 0.8
v 1 3.2 -0.8
v 1 3.2 -0.9
v 1.1 1 2
v 1.1 1 1.9
v 1.1 1 -1.9
v 1.1 1 -2
v 1.1 1.1 2
v 1.1 1.1 1.9
v 1.1 1.1 -1.9
v 1.1 1.1 -2
v 1.1 2.1 2
v 1.1 2.1 1.9
v 1.1 2.1 -1.9
v 1.1 2.1 -2
v 1.1 2.2 2
v 1.1 2.2 1.9
v 1.1 2.2 -1.9
v 1.1 2.2 -2
v 1.1 3.1 1
v 1.1 3.1 0.9
v 1.1 3.1 -0.9
v 1.1 3.1 -1
v 1.1 3.2 1
v 1.1 3.2 0.9
v 1.1 3.2 -0.9
v 1.1 3.2 -1
v 1.2 0.9 2
v 1.2 0.9 1.9
v 1.2 0.9 -1.9
v 1.2 0.9 -2
v 1.2 1 2
v 1.2 1 1.9
v 1.2 1 -1.9
v 1.2 1 -2
v 1.2 2.2 2
v 1.2 2.2 1.9
v 1.2 2.2 -1.9
v 1.2 2.2 -2
v 1.2 2.3 2
v 1.2 2.3 1.9
v 1.2 2.3 -1.9
v 1.2 2.3 -2
v 1.2 3.1 1.1
v 1.2 3.1 1
v 1.2 3.1 -1
v 1.2 3.1 -1.1
v 1.2 3.2 1.1
v 1.2 3.2 1
v 1.2 3.2 -1
v 1.2 3.2 -1.1
v 1.3 0.8 2
v 1.3 0.8 1.9
v 1.3 0.8 -1.9
v 1.3 0.8 -2
v 1.3 0.9 2
v 1.3 0.9 1.9
v 1.3 0.9 -1.9
v 1.3 0.9 -2
v 1.3 2.3 2
v 1.3 2.3 1.9
v 1.3 2.3 -1.9
v 1.3 2.3 -2
v 1.3 2.4 2
v 1.3 2.4 1.9
v 1.3 2.4 -1.9
v 1.3 2.4 -2
v 1.3 3.1 1.2
v 1.3 3.1 1.1
v 1.3 3.1 -1.1
v 1.3 3.1 -1.2
v 1.3 3.2 1.2
v 1.3 3.2 1.1
v 1.3 3.2 -1.1
v 1.3 3.2 -1.2
v 1.4 0.7 2
v 1.4 0.7 1.9
v 1.4 0.7 -1.9
v 1.4 0.7 -2
v 1.4 0.8 2
v 1.4 0.8 1.9
v 1.4 0.8 -1.9
v 1.4 0.8 -2
v 1.4 2.4 2
v 1.4 2.4 1.9
v 1.4 2.4 -1.9
v 1.4 2.4 -2
v 1.4 2.5 2
v 1.4 2.5 1.9
v 1.4 2.5 -1.9
v 1.4 2.5 -2
v 1.4 3.1 1.3
v 1.4 3.1 1.2
v 1.4 3.1 -1.2
v 1.4 3.1 -1.3
v 1.4 3.2 1.3
v 1.4 3.2 1.2
v 1.4 3.2 -1.2
v 1.4 3.2 -1.3
v 1.5 0.6 2
v 1.5 0.6 1.9
v 1.5 0.6 -1.9
v 1.5 0.6 -2
v 1.5 0.7 2
v 1.5 0.7 1.9
v 1.5 0.7 -1.9
v 1.5 0.7 -2
v 1.5 2.5 2
v 1.5 2.5 1.9
v 1.5 2.5 -1.9
v 1.5 2.5 -2
v 1.5 2.6 2
v 1.5 2.6 1.9
v 1.5 2.6 -1.9
v 1.5 2.6 -2
v 1.5 3.1 1.4
v 1.5 3.1 1.3
v 1.5 3.1 -1.3
v 1.5 3.1 -1.4
v 1.5 3.2 1.4
v 1.5 3.2 1.3
v 1.5 3.2 -1.3
v 1.5 3.2 -1.4
v 1.6 0.5 2
v 1.6 0.5 1.9
v 1.6 0.5 -1.9
v 1.6 0.5 -2
v 1.6 0.6 2
v 1.6 0.6 1.9
v 1.6 0.6 -1.9
v 1.6 0.6 -2
v 1.6 2.6 2
v 1.6 2.6 1.9
v 1.6 2.6 -1.9
v 1.6 2.6 -2
v 1.6 2.7 2
v 1.6 2.7 1.9
v 1.6 2.7 -1.9
v 1.6 2.7 -2
v 1.6 3.1 1.5
v 1.6 3.1 1.4
v 1.6 3.1 -1.4
v 1.6 3.1 -1.5
v 1.6 3.2 1.5
v 1.6 3.2 1.4
v 1.6 3.2 -1.4
v 1.6 3.2 -1.5
v 1.7 0.4 2
v 1.7 0.4 1.9
v 1.7 0.4 -1.9
v 1.7 0.4 -2
v 1.7 0.5 2
v 1.7 0.5 1.9
v 1.7 0.5 -1.9
v 1.7 0.5 -2
v 1.7 2.7 2
v 1.7 2.7 1.9
v 1.7 2.7 -1.9
v 1.7 2.7 -2
v 1.7 2.8 2
v 1.7 2.8 1.9
v 1.7 2.8 -1.9
v 1.7 2.8 -2
v 1.9 0.2 1.6
v 1.9 0.2 0.0999999
v 1.9 0.2 -0.1
v 1.9 0.2 -1.6
v 1.9 0.3 1.6
v 1.9 0.3 1.5
v 1.9 0.3 1.3
v 1.9 0.3 1.1
v 1.9 0.3 0.2
v 1.9 0.3 0.0999999
v 1.9 0.3 -0.1
v 1.9 0.3 -0.2
v 1.9 0.3 -1
v 1.9 0.3 -1.4
v 1.9 0.3 -1.5
v 1.9 0.3 -1.6
v 1.9 0.4 1.8
v 1.9 0.4 1.7
v 1.9 0.4 1.5
v 1.9 0.4 1.4
v 1.9 0.4 1.3
v 1.9 0.4 1.1
v 1.9 0.4 1
v 1.9 0.4 0.3
v 1.9 0.4 0.2
v 1.9 0.4 -0.2
v 1.9 0.4 -0.3
v 1.9 0.4 -0.9
v 1.9 0.4 -1
v 1.9 0.4 -1.4
v 1.9 0.4 -1.5
v 1.9 0.4 -1.7
v 1.9 0.4 -1.8
v 1.9 0.5 1.7
v 1.9 0.5 1.6
v 1.9 0.5 1.4
v 1.9 0.5 1.3
v 1.9 0.5 -1.3
v 1.9 0.5 -1.4
v 1.9 0.5 -1.6
v 1.9 0.5 -1.7
v 1.9 0.6 1.6
v 1.9 0.6 1.5
v 1.9 0.6 1.3
v 1.9 0.6 1.2
v 1.9 0.6 1.1
v 1.9 0.6 1
v 1.9 0.6 0.9
v 1.9 0.6 -0.3
v 1.9 0.6 -0.4
v 1.9 0.6 -1.1
v 1.9 0.6 -1.2
v 1.9 0.6 -1.3
v 1.9 0.6 -1.5
v 1.9 0.6 -1.6
v 1.9 0.7 1.5
v 1.9 0.7 1.4
v 1.9 0.7 1.2
v 1.9 0.7 1.1
v 1.9 0.7 -1
v 1.9 0.7 -1.1
v 1.9 0.7 -1.2
v 1.9 0.7 -1.4
v 1.9 0.7 -1.5
v 1.9 0.8 1.4
v 1.9 0.8 1.3
v 1.9 0.8 1.1
v 1.9 0.8 1
v 1.9 0.8 0.4
v 1.9 0.8 0.3
v 1.9 0.8 0.2
v 1.9 0.8 0.0999999
v 1.9 0.8 -0.1
v 1.9 0.8 -0.2
v 1.9 0.8 -0.8
v 1.9 0.8 -0.9
v 1.9 0.8 -1
v 1.9 0.8 -1.1
v 1.9 0.8 -1.3
v 1.9 0.8 -1.4
v 1.9 0.9 1.3
v 1.9 0.9 1.2
v 1.9 0.9 1
v 1.9 0.9 0.9
v 1.9 0.9 -0.9
v 1.9 0.9 -1
v 1.9 0.9 -1.2
v 1.9 0.9 -1.3
v 1.9 0.9 -1.6
v 1.9 0.9 -1.7
v 1.9 1 1.6
v 1.9 1 1.5
v 1.9 1 1.2
v 1.9 1 1.1
v 1.9 1 0.9
v 1.9 1 0.8
v 1.9 1 -0.8
v 1.9 1 -0.9
v 1.9 1 -1.1
v 1.9 1 -1.2
v 1.9 1.1 1.1
v 1.9 1.1 1
v 1.9 1.1 0.8
v 1.9 1.1 0.7
v 1.9 1.1 -0.4
v 1.9 1.1 -0.5
v 1.9 1.1 -0.7
v 1.9 1.1 -0.8
v 1.9 1.1 -1
v 1.9 1.1 -1.1
v 1.9 1.1 -1.4
v 1.9 1.1 -1.5
v 1.9 1.2 1.5
v 1.9 1.2 1.4
v 1.9 1.2 1
v 1.9 1.2 0.9
v 1.9 1.2 0.7
v 1.9 1.2 0.6
v 1.9 1.2 0.3
v 1.9 1.2 0.2
v 1.9 1.2 -0.2
v 1.9 1.2 -0.3
v 1.9 1.2 -0.6
v 1.9 1.2 -0.7
v 1.9 1.2 -0.9
v 1.9 1.2 -1
v 1.9 1.3 0.9
v 1.9 1.3 0.8
v 1.9 1.3 0.6
v 1.9 1.3 0.5
v 1.9 1.3 0.4
v 1.9 1.3 -0.5
v 1.9 1.3 -0.6
v 1.9 1.3 -0.8
v 1.9 1.3 -0.9
v 1.9 1.3 -1.6
v 1.9 1.3 -1.7
v 1.9 1.4 0.8
v 1.9 1.4 0.7
v 1.9 1.4 0.5
v 1.9 1.4 0.4
v 1.9 1.4 0.2
v 1.9 1.4 0.0999999
v 1.9 1.4 -0.1
v 1.9 1.4 -0.2
v 1.9 1.4 -0.4
v 1.9 1.4 -0.5
v 1.9 1.4 -0.7
v 1.9 1.4 -0.8
v 1.9 1.5 1.7
v 1.9 1.5 1.6
v 1.9 1.5 0.7
v 1.9 1.5 0.6
v 1.9 1.5 0.4
v 1.9 1.5 0.3
v 1.9 1.5 0.2
v 1.9 1.5 -0.2
v 1.9 1.5 -0.3
v 1.9 1.5 -0.4
v 1.9 1.5 -0.6
v 1.9 1.5 -0.7
v 1.9 1.7 0.7
v 1.9 1.7 0.6
v 1.9 1.7 0.4
v 1.9 1.7 0.3
v 1.9 1.7 0.2
v 1.9 1.7 -0.2
v 1.9 1.7 -0.3
v 1.9 1.7 -0.4
v 1.9 1.7 -0.6
v 1.9 1.7 -0.7
v 1.9 1.8 0.8
v 1.9 1.8 0.7
v 1.9 1.8 0.5
v 1.9 1.8 0.4
v 1.9 1.8 0.2
v 1.9 1.8 0.0999999
v 1.9 1.8 -0.1
v 1.9 1.8 -0.2
v 1.9 1.8 -0.4
v 1.9 1.8 -0.5
v 1.9 1.8 -0.7
v 1.9 1.8 -0.8
v 1.9 1.8 -0.9
v 1.9 1.8 -1
v 1.9 1.9 1.7
v 1.9 1.9 1.6
v 1.9 1.9 0.9
v 1.9 1.9 0.8
v 1.9 1.9 0.6
v 1.9 1.9 0.5
v 1.9 1.9 -0.5
v 1.9 1.9 -0.6
v 1.9 1.9 -0.8
v 1.9 1.9 -0.9
v 1.9 2 1.5
v 1.9 2 1.4
v 1.9 2 1
v 1.9 2 0.9
v 1.9 2 0.7
v 1.9 2 0.6
v 1.9 2 -0.6
v 1.9 2 -0.7
v 1.9 2 -0.9
v 1.9 2 -1
v 1.9 2.1 1.1
v 1.9 2.1 1
v 1.9 2.1 0.8
v 1.9 2.1 0.7
v 1.9 2.1 0.5
v 1.9 2.1 0.4
v 1.9 2.1 0.3
v 1.9 2.1 0.2
v 1.9 2.1 -0.4
v 1.9 2.1 -0.5
v 1.9 2.1 -0.7
v 1.9 2.1 -0.8
v 1.9 2.1 -1
v 1.9 2.1 -1.1
v 1.9 2.1 -1.4
v 1.9 2.1 -1.5
v 1.9 2.2 1.2
v 1.9 2.2 1.1
v 1.9 2.2 0.9
v 1.9 2.2 0.8
v 1.9 2.2 -0.2
v 1.9 2.2 -0.3
v 1.9 2.2 -0.8
v 1.9 2.2 -0.9
v 1.9 2.2 -1.1
v 1.9 2.2 -1.2
v 1.9 2.3 1.6
v 1.9 2.3 1.5
v 1.9 2.3 1.3
v 1.9 2.3 1.2
v 1.9 2.3 1
v 1.9 2.3 0.9
v 1.9 2.3 -0.9
v 1.9 2.3 -1
v 1.9 2.3 -1.2
v 1.9 2.3 -1.3
v 1.9 2.3 -1.5
v 1.9 2.3 -1.6
v 1.9 2.4 1.4
v 1.9 2.4 1.3
v 1.9 2.4 1.1
v 1.9 2.4 1
v 1.9 2.4 -0.1
v 1.9 2.4 -0.2
v 1.9 2.4 -0.3
v 1.9 2.4 -0.4
v 1.9 2.4 -1
v 1.9 2.4 -1.1
v 1.9 2.4 -1.3
v 1.9 2.4 -1.4
v 1.9 2.5 1.5
v 1.9 2.5 1.4
v 1.9 2.5 1.2
v 1.9 2.5 1.1
v 1.9 2.5 0.4
v 1.9 2.5 0.3
v 1.9 2.5 0.2
v 1.9 2.5 0.0999999
v 1.9 2.5 -1.1
v 1.9 2.5 -1.2
v 1.9 2.5 -1.4
v 1.9 2.5 -1.5
v 1.9 2.6 1.6
v 1.9 2.6 1.5
v 1.9 2.6 1.3
v 1.9 2.6 1.2
v 1.9 2.6 1.1
v 1.9 2.6 -1.1
v 1.9 2.6 -1.2
v 1.9 2.6 -1.3
v 1.9 2.6 -1.5
v 1.9 2.6 -1.6
v 1.9 2.7 1.7
v 1.9 2.7 1.6
v 1.9 2.7 1.4
v 1.9 2.7 1.3
v 1.9 2.7 1
v 1.9 2.7 0.9
v 1.9 2.7 -0.9
v 1.9 2.7 -1
v 1.9 2.7 -1.3
v 1.9 2.7 -1.4
v 1.9 2.7 -1.6
v 1.9 2.7 -1.7
v 1.9 2.8 1.8
v 1.9 2.8 1.7
v 1.9 2.8 1.5
v 1.9 2.8 1.4
v 1.9 2.8 0.3
v 1.9 2.8 0.0999999
v 1.9 2.8 -0.1
v 1.9 2.8 -0.3
v 1.9 2.8 -1.4
v 1.9 2.8 -1.5
v 1.9 2.8 -1.7
v 1.9 2.8 -1.8
v 1.9 2.9 1.6
v 1.9 2.9 1.5
v 1.9 2.9 1.4
v 1.9 2.9 1
v 1.9 2.9 -1
v 1.9 2.9 -1.4
v 1.9 2.9 -1.5
v 1.9 2.9 -1.6
v 1.9 3 1.6
v 1.9 3 0.0999999
v 1.9 3 -0.1
v 1.9 3 -1.6
v 2 0 2
v 2 0 -2
v 2 0.1 1.9
v 2 0.1 -1.9
v 2 0.2 2
v 2 0.2 1.9
v 2 0.2 1.7
v 2 0.2 1.6
v 2 0.2 0.0999999
v 2 0.2 -0.1
v 2 0.2 -1.6
v 2 0.2 -1.7
v 2 0.2 -1.9
v 2 0.2 -2
v 2 0.3 1.9
v 2 0.3 1.8
v 2 0.3 1.7
v 2 0.3 1.6
v 2 0.3 1.5
v 2 0.3 -1.5
v 2 0.3 -1.6
v 2 0.3 -1.7
v 2 0.3 -1.8
v 2 0.3 -1.9
v 2 0.4 1.8
v 2 0.4 1.7
v 2 0.4 1.6
v 2 0.4 1.5
v 2 0.4 1.4
v 2 0.4 -1.4
v 2 0.4 -1.5
v 2 0.4 -1.6
v 2 0.4 -1.7
v 2 0.4 -1.8
v 2 0.5 1.7
v 2 0.5 1.6
v 2 0.5 1.5
v 2 0.5 1.4
v 2 0.5 1.3
v 2 0.5 -1.3
v 2 0.5 -1.4
v 2 0.5 -1.5
v 2 0.5 -1.6
v 2 0.5 -1.7
v 2 0.6 1.6
v 2 0.6 1.5
v 2 0.6 1.4
v 2 0.6 1.3
v 2 0.6 1.2
v 2 0.6 -1.2
v 2 0.6 -1.3
v 2 0.6 -1.4
v 2 0.6 -1.5
v 2 0.6 -1.6
v 2 0.7 1.5
v 2 0.7 1.4
v 2 0.7 1.3
v 2 0.7 1.2
v 2 0.7 1.1
v 2 0.7 -1.1
v 2 0.7 -1.2
v 2 0.7 -1.3
v 2 0.7 -1.4
v 2 0.7 -1.5
v 2 0.8 1.4
v 2 0.8 1.3
v 2 0.8 1.2
v 2 0.8 1.1
v 2 0.8 1
v 2 0.8 -1
v 2 0.8 -1.1
v 2 0.8 -1.2
v 2 0.8 -1.3
v 2 0.8 -1.4
v 2 0.9 1.3
v 2 0.9 1.2
v 2 0.9 1.1
v 2 0.9 1
v 2 0.9 0.9
v 2 0.9 -0.9
v 2 0.9 -1
v 2 0.9 -1.1
v 2 0.9 -1.2
v 2 0.9 -1.3
v 2 1 1.2
v 2 1 1.1
v 2 1 1
v 2 1 0.9
v 2 1 0.8
v 2 1 -0.8
v 2 1 -0.9
v 2 1 -1
v 2 1 -1.1
v 2 1 -1.2
v 2 1.1 1.1
v 2 1.1 1
v 2 1.1 0.9
v 2 1.1 0.8
v 2 1.1 0.7
v 2 1.1 -0.7
v 2 1.1 -0.8
v 2 1.1 -0.9
v 2 1.1 -1
v 2 1.1 -1.1
v 2 1.2 1
v 2 1.2 0.9
v 2 1.2 0.8
v 2 1.2 0.7
v 2 1.2 0.6
v 2 1.2 -0.6
v 2 1.2 -0.7
v 2 1.2 -0.8
v 2 1.2 -0.9
v 2 1.2 -1
v 2 1.3 0.9
v 2 1.3 0.8
v 2 1.3 0.7
v 2 1.3 0.6
v 2 1.3 0.5
v 2 1.3 -0.5
v 2 1.3 -0.6
v 2 1.3 -0.7
v 2 1.3 -0.8
v 2 1.3 -0.9
v 2 1.4 0.8
v 2 1.4 0.7
v 2 1.4 0.6
v 2 1.4 0.5
v 2 1.4 0.4
v 2 1.4 0.2
v 2 1.4 0.0999999
v 2 1.4 -0.1
v 2 1.4 -0.2
v 2 1.4 -0.4
v 2 1.4 -0.5
v 2 1.4 -0.6
v 2 1.4 -0.7
v 2 1.4 -0.8
v 2 1.5 0.7
v 2 1.5 0.6
v 2 1.5 0.5
v 2 1.5 0.4
v 2 1.5 0.2
v 2 1.5 0.0999999
v 2 1.5 -0.1
v 2 1.5 -0.2
v 2 1.5 -0.4
v 2 1.5 -0.5
v 2 1.5 -0.6
v 2 1.5 -0.7
v 2 1.6 0.4
v 2 1.6 0.2
v 2 1.6 -0.2
v 2 1.6 -0.4
v 2 1.7 0.7
v 2 1.7 0.6
v 2 1.7 0.5
v 2 1.7 0.4
v 2 1.7 0.2
v 2 1.7 -0.2
v 2 1.7 -0.4
v 2 1.7 -0.5
v 2 1.7 -0.6
v 2 1.7 -0.7
v 2 1.8 0.8
v 2 1.8 0.7
v 2 1.8 0.6
v 2 1.8 0.5
v 2 1.8 0.4
v 2 1.8 0.2
v 2 1.8 0.0999999
v 2 1.8 -0.1
v 2 1.8 -0.2
v 2 1.8 -0.4
v 2 1.8 -0.5
v 2 1.8 -0.6
v 2 1.8 -0.7
v 2 1.8 -0.8
v 2 1.9 0.9
v 2 1.9 0.8
v 2 1.9 0.7
v 2 1.9 0.6
v 2 1.9 0.5
v 2 1.9 -0.5
v 2 1.9 -0.6
v 2 1.9 -0.7
v 2 1.9 -0.8
v 2 1.9 -0.9
v 2 2 1
v 2 2 0.9
v 2 2 0.8
v 2 2 0.7
v 2 2 0.6
v 2 2 -0.6
v 2 2 -0.7
v 2 2 -0.8
v 2 2 -0.9
v 2 2 -1
v 2 2.1 1.1
v 2 2.1 1
v 2 2.1 0.9
v 2 2.1 0.8
v 2 2.1 0.7
v 2 2.1 -0.7
v 2 2.1 -0.8
v 2 2.1 -0.9
v 2 2.1 -1
v 2 2.1 -1.1
v 2 2.2 1.2
v 2 2.2 1.1
v 2 2.2 1
v 2 2.2 0.9
v 2 2.2 0.8
v 2 2.2 -0.8
v 2 2.2 -0.9
v 2 2.2 -1
v 2 2.2 -1.1
v 2 2.2 -1.2
v 2 2.3 1.3
v 2 2.3 1.2
v 2 2.3 1.1
v 2 2.3 1
v 2 2.3 0.9
v 2 2.3 -0.9
v 2 2.3 -1
v 2 2.3 -1.1
v 2 2.3 -1.2
v 2 2.3 -1.3
v 2 2.4 1.4
v 2 2.4 1.3
v 2 2.4 1.2
v 2 2.4 1.1
v 2 2.4 1
v 2 2.4 -1
v 2 2.4 -1.1
v 2 2.4 -1.2
v 2 2.4 -1.3
v 2 2.4 -1.4
v 2 2.5 1.5
v 2 2.5 1.4
v 2 2.5 1.3
v 2 2.5 1.2
v 2 2.5 1.1
v 2 2.5 -1.1
v 2 2.5 -1.2
v 2 2.5 -1.3
v 2 2.5 -1.4
v 2 2.5 -1.5
v 2 2.6 1.6
v 2 2.6 1.5
v 2 2.6 1.4
v 2 2.6 1.3
v 2 2.6 1.2
v 2 2.6 -1.2
v 2 2.6 -1.3
v 2 2.6 -1.4
v 2 2.6 -1.5
v 2 2.6 -1.6
v 2 2.7 1.7
v 2 2.7 1.6
v 2 2.7 1.5
v 2 2.7 1.4
v 2 2.7 1.3
v 2 2.7 -1.3
v 2 2.7 -1.4
v 2 2.7 -1.5
v 2 2.7 -1.6
v 2 2.7 -1.7
v 2 2.8 1.8
v 2 2.8 1.7
v 2 2.8 1.6
v 2 2.8 1.5
v 2 2.8 1.4
v 2 2.8 -1.4
v 2 2.8 -1.5
v 2 2.8 -1.6
v 2 2.8 -1.7
v 2 2.8 -1.8
v 2 2.9 1.8
v 2 2.9 1.7
v 2 2.9 1.6
v 2 2.9 1.5
v 2 2.9 -1.5
v 2 2.9 -1.6
v 2 2.9 -1.7
v 2 2.9 -1.8
v 2 3 1.9
v 2 3 1.8
v 2 3 1.6
v 2 3 0.0999999
v 2 3 -0.1
v 2 3 -1.6
v 2 3 -1.8
v 2 3 -1.9
v 2 3.1 1.6
v 2 3.1 0.0999999
v 2 3.1 -0.1
v 2 3.1 -1.6
v 2 3.2 2
v 2 3.2 -2
v -2 0 2
v -2 0.2 2
v -2 3.2 2
v -1.9 0.1 2
v -1.9 0.2 2
v -1.9 0.3 2
v -1.9 3 2
v -1.8 0.3 2
v -1.8 0.4 2
v -1.8 2.8 2
v -1.8 2.9 2
v -1.8 3 2
v -1.7 0.2 2
v -1.7 0.3 2
v -1.7 0.4 2
v -1.7 0.5 2
v -1.7 2.7 2
v -1.7 2.8 2
v -1.7 2.9 2
v -1.6 0.2 2
v -1.6 0.3 2
v -1.6 0.4 2
v -1.6 0.5 2
v -1.6 0.6 2
v -1.6 2.6 2
v -1.6 2.7 2
v -1.6 2.8 2
v -1.6 2.9 2
v -1.6 3 2
v -1.6 3.1 2
v -1.5 0.3 2
v -1.5 0.4 2
v -1.5 0.5 2
v -1.5 0.6 2
v -1.5 0.7 2
v -1.5 2.5 2
v -1.5 2.6 2
v -1.5 2.7 2
v -1.5 2.8 2
v -1.5 2.9 2
v -1.4 0.4 2
v -1.4 0.5 2
v -1.4 0.6 2
v -1.4 0.7 2
v -1.4 0.8 2
v -1.4 2.4 2
v -1.4 2.5 2
v -1.4 2.6 2
v -1.4 2.7 2
v -1.4 2.8 2
v -1.3 0.5 2
v -1.3 0.6 2
v -1.3 0.7 2
v -1.3 0.8 2
v -1.3 0.9 2
v -1.3 2.3 2
v -1.3 2.4 2
v -1.3 2.5 2
v -1.3 2.6 2
v -1.3 2.7 2
v -1.2 0.6 2
v -1.2 0.7 2
v -1.2 0.8 2
v -1.2 0.9 2
v -1.2 1 2
v -1.2 2.2 2
v -1.2 2.3 2
v -1.2 2.4 2
v -1.2 2.5 2
v -1.2 2.6 2
v -1.1 0.7 2
v -1.1 0.8 2
v -1.1 0.9 2
v -1.1 1 2
v -1.1 1.1 2
v -1.1 2.1 2
v -1.1 2.2 2
v -1.1 2.3 2
v -1.1 2.4 2
v -1.1 2.5 2
v -1 0.8 2
v -1 0.9 2
v -1 1 2
v -1 1.1 2
v -1 1.2 2
v -1 2 2
v -1 2.1 2
v -1 2.2 2
v -1 2.3 2
v -1 2.4 2
v -0.9 0.9 2
v -0.9 1 2
v -0.9 1.1 2
v -0.9 1.2 2
v -0.9 1.3 2
v -0.9 1.9 2
v -0.9 2 2
v -0.9 2.1 2
v -0.9 2.2 2
v -0.9 2.3 2
v -0.8 1 2
v -0.8 1.1 2
v -0.8 1.2 2
v -0.8 1.3 2
v -0.8 1.4 2
v -0.8 1.8 2
v -0.8 1.9 2
v -0.8 2 2
v -0.8 2.1 2
v -0.8 2.2 2
v -0.7 1.1 2
v -0.7 1.2 2
v -0.7 1.3 2
v -0.7 1.4 2
v -0.7 1.5 2
v -0.7 1.7 2
v -0.7 1.8 2
v -0.7 1.9 2
v -0.7 2 2
v -0.7 2.1 2
v -0.6 1.2 2
v -0.6 1.3 2
v -0.6 1.4 2
v -0.6 1.5 2
v -0.6 1.6 2
v -0.6 1.7 2
v -0.6 1.8 2
v -0.6 1.9 2
v -0.6 2 2
v -0.5 1.3 2
v -0.5 1.4 2
v -0.5 1.5 2
v -0.5 1.6 2
v -0.5 1.7 2
v -0.5 1.8 2
v -0.5 1.9 2
v -0.4 1.4 2
v -0.4 1.5 2
v -0.4 1.6 2
v -0.4 1.7 2
v -0.4 1.8 2
v -0.2 1.4 2
v -0.2 1.5 2
v -0.2 1.6 2
v -0.2 1.7 2
v -0.2 1.8 2
v -0.0999999 0.2 2
v -0.0999999 1.4 2
v -0.0999999 1.5 2
v -0.0999999 1.8 2
v -0.0999999 3 2
v -0.0999999 3.1 2
v 0.1 0.2 2
v 0.1 1.4 2
v 0.1 1.5 2
v 0.1 1.8 2
v 0.1 3 2
v 0.1 3.1 2
v 0.2 1.4 2
v 0.2 1.5 2
v 0.2 1.6 2
v 0.2 1.7 2
v 0.2 1.8 2
v 0.4 1.4 2
v 0.4 1.5 2
v 0.4 1.6 2
v 0.4 1.7 2
v 0.4 1.8 2
v 0.5 1.3 2
v 0.5 1.4 2
v 0.5 1.5 2
v 0.5 1.6 2
v 0.5 1.7 2
v 0.5 1.8 2
v 0.5 1.9 2
v 0.6 1.2 2
v 0.6 1.3 2
v 0.6 1.4 2
v 0.6 1.5 2
v 0.6 1.6 2
v 0.6 1.7 2
v 0.6 1.8 2
v 0.6 1.9 2
v 0.6 2 2
v 0.7 1.1 2
v 0.7 1.2 2
v 0.7 1.3 2
v 0.7 1.4 2
v 0.7 1.5 2
v 0.7 1.7 2
v 0.7 1.8 2
v 0.7 1.9 2
v 0.7 2 2
v 0.7 2.1 2
v 0.8 1 2
v 0.8 1.1 2
v 0.8 1.2 2
v 0.8 1.3 2
v 0.8 1.4 2
v 0.8 1.8 2
v 0.8 1.9 2
v 0.8 2 2
v 0.8 2.1 2
v 0.8 2.2 2
v 0.9 0.9 2
v 0.9 1 2
v 0.9 1.1 2
v 0.9 1.2 2
v 0.9 1.3 2
v 0.9 1.9 2
v 0.9 2 2
v 0.9 2.1 2
v 0.9 2.2 2
v 0.9 2.3 2
v 1 0.8 2
v 1 0.9 2
v 1 1 2
v 1 1.1 2
v 1 1.2 2
v 1 2 2
v 1 2.1 2
v 1 2.2 2
v 1 2.3 2
v 1 2.4 2
v 1.1 0.7 2
v 1.1 0.8 2
v 1.1 0.9 2
v 1.1 1 2
v 1.1 1.1 2
v 1.1 2.1 2
v 1.1 2.2 2
v 1.1 2.3 2
v 1.1 2.4 2
v 1.1 2.5 2
v 1.2 0.6 2
v 1.2 0.7 2
v 1.2 0.8 2
v 1.2 0.9 2
v 1.2 1 2
v 1.2 2.2 2
v 1.2 2.3 2
v 1.2 2.4 2
v 1.2 2.5 2
v 1.2 2.6 2
v 1.3 0.5 2
v 1.3 0.6 2
v 1.3 0.7 2
v 1.3 0.8 2
v 1.3 0.9 2
v 1.3 2.3 2
v 1.3 2.4 2
v 1.3 2.5 2
v 1.3 2.6 2
v 1.3 2.7 2
v 1.4 0.4 2
v 1.4 0.5 2
v 1.4 0.6 2
v 1.4 0.7 2
v 1.4 0.8 2
v 1.4 2.4 2
v 1.4 2.5 2
v 1.4 2.6 2
v 1.4 2.7 2
v 1.4 2.8 2
v 1.5 0.3 2
v 1.5 0.4 2
v 1.5 0.5 2
v 1.5 0.6 2
v 1.5 0.7 2
v 1.5 2.5 2
v 1.5 2.6 2
v 1.5 2.7 2
v 1.5 2.8 2
v 1.5 2.9 2
v 1.6 0.2 2
v 1.6 0.3 2
v 1.6 0.4 2
v 1.6 0.5 2
v 1.6 0.6 2
v 1.6 2.6 2
v 1.6 2.7 2
v 1.6 2.8 2
v 1.6 2.9 2
v 1.6 3 2
v 1.6 3.1 2
v 1.7 0.2 2
v 1.7 0.3 2
v 1.7 0.4 2
v 1.7 0.5 2
v 1.7 2.7 2
v 1.7 2.8 2
v 1.7 2.9 2
v 1.8 0.3 2
v 1.8 0.4 2
v 1.8 2.8 2
v 1.8 2.9 2
v 1.8 3 2
v 1.9 0.1 2
v 1.9 0.2 2
v 1.9 0.3 2
v 1.9 3 2
v 2 0 2
v 2 0.2 2
v 2 3.2 2
v -1.8 0.4 1.9
v -1.8 2.8 1.9
v -1.7 0.4 1.9
v -1.7 0.5 1.9
v -1.7 0.9 1.9
v -1.7 1.3 1.9
v -1.7 2.7 1.9
v -1.7 2.8 1.9
v -1.6 0.2 1.9
v -1.6 0.3 1.9
v -1.6 0.5 1.9
v -1.6 0.6 1.9
v -1.6 0.9 1.9
v -1.6 1.3 1.9
v -1.6 2.3 1.9
v -1.6 2.6 1.9
v -1.6 2.7 1.9
v -1.6 2.9 1.9
v -1.6 3 1.9
v -1.5 0.3 1.9
v -1.5 0.4 1.9
v -1.5 0.6 1.9
v -1.5 0.7 1.9
v -1.5 1.1 1.9
v -1.5 2.1 1.9
v -1.5 2.3 1.9
v -1.5 2.5 1.9
v -1.5 2.6 1.9
v -1.5 2.8 1.9
v -1.5 2.9 1.9
v -1.4 0.3 1.9
v -1.4 0.4 1.9
v -1.4 0.5 1.9
v -1.4 0.7 1.9
v -1.4 0.8 1.9
v -1.4 1.1 1.9
v -1.4 2.1 1.9
v -1.4 2.4 1.9
v -1.4 2.5 1.9
v -1.4 2.7 1.9
v -1.4 2.8 1.9
v -1.4 2.9 1.9
v -1.3 0.5 1.9
v -1.3 0.6 1.9
v -1.3 0.8 1.9
v -1.3 0.9 1.9
v -1.3 2.3 1.9
v -1.3 2.4 1.9
v -1.3 2.6 1.9
v -1.3 2.7 1.9
v -1.2 0.6 1.9
v -1.2 0.7 1.9
v -1.2 0.9 1.9
v -1.2 1 1.9
v -1.2 2.2 1.9
v -1.2 2.3 1.9
v -1.2 2.5 1.9
v -1.2 2.6 1.9
v -1.1 0.6 1.9
v -1.1 0.7 1.9
v -1.1 0.8 1.9
v -1.1 1 1.9
v -1.1 1.1 1.9
v -1.1 2.1 1.9
v -1.1 2.2 1.9
v -1.1 2.4 1.9
v -1.1 2.5 1.9
v -1.1 2.6 1.9
v -1 0.3 1.9
v -1 0.4 1.9
v -1 0.7 1.9
v -1 0.8 1.9
v -1 0.9 1.9
v -1 1.1 1.9
v -1 1.2 1.9
v -1 1.8 1.9
v -1 2 1.9
v -1 2.1 1.9
v -1 2.3 1.9
v -1 2.4 1.9
v -1 2.7 1.9
v -1 2.9 1.9
v -0.9 0.4 1.9
v -0.9 0.8 1.9
v -0.9 0.9 1.9
v -0.9 1 1.9
v -0.9 1.2 1.9
v -0.9 1.3 1.9
v -0.9 1.8 1.9
v -0.9 1.9 1.9
v -0.9 2 1.9
v -0.9 2.2 1.9
v -0.9 2.3 1.9
v -0.9 2.7 1.9
v -0.8 0.8 1.9
v -0.8 1 1.9
v -0.8 1.1 1.9
v -0.8 1.3 1.9
v -0.8 1.4 1.9
v -0.8 1.8 1.9
v -0.8 1.9 1.9
v -0.8 2.1 1.9
v -0.8 2.2 1.9
v -0.7 1.1 1.9
v -0.7 1.2 1.9
v -0.7 1.4 1.9
v -0.7 1.5 1.9
v -0.7 1.7 1.9
v -0.7 1.8 1.9
v -0.7 2 1.9
v -0.7 2.1 1.9
v -0.6 1.2 1.9
v -0.6 1.3 1.9
v -0.6 1.5 1.9
v -0.6 1.6 1.9
v -0.6 1.7 1.9
v -0.6 1.9 1.9
v -0.6 2 1.9
v -0.5 1.1 1.9
v -0.5 1.3 1.9
v -0.5 1.4 1.9
v -0.5 1.8 1.9
v -0.5 1.9 1.9
v -0.5 2.1 1.9
v -0.4 0.6 1.9
v -0.4 1.1 1.9
v -0.4 1.4 1.9
v -0.4 1.5 1.9
v -0.4 1.7 1.9
v -0.4 1.8 1.9
v -0.4 2.1 1.9
v -0.4 2.4 1.9
v -0.3 0.4 1.9
v -0.3 0.6 1.9
v -0.3 1.2 1.9
v -0.3 1.5 1.9
v -0.3 1.7 1.9
v -0.3 2.2 1.9
v -0.3 2.4 1.9
v -0.3 2.8 1.9
v -0.2 0.3 1.9
v -0.2 0.4 1.9
v -0.2 0.8 1.9
v -0.2 1.2 1.9
v -0.2 1.4 1.9
v -0.2 1.5 1.9
v -0.2 1.7 1.9
v -0.2 1.8 1.9
v -0.2 2.2 1.9
v -0.2 2.4 1.9
v -0.0999999 0.2 1.9
v -0.0999999 0.3 1.9
v -0.0999999 0.8 1.9
v -0.0999999 1.4 1.9
v -0.0999999 1.8 1.9
v -0.0999999 2.4 1.9
v -0.0999999 2.8 1.9
v -0.0999999 3 1.9
v 0.1 0.2 1.9
v 0.1 0.3 1.9
v 0.1 0.8 1.9
v 0.1 1.4 1.9
v 0.1 1.8 1.9
v 0.1 2.5 1.9
v 0.1 2.8 1.9
v 0.1 3 1.9
v 0.2 0.3 1.9
v 0.2 0.4 1.9
v 0.2 0.8 1.9
v 0.2 1.2 1.9
v 0.2 1.4 1.9
v 0.2 1.5 1.9
v 0.2 1.7 1.9
v 0.2 1.8 1.9
v 0.2 2.1 1.9
v 0.2 2.5 1.9
v 0.3 0.4 1.9
v 0.3 0.8 1.9
v 0.3 1.2 1.9
v 0.3 1.5 1.9
v 0.3 1.7 1.9
v 0.3 2.1 1.9
v 0.3 2.5 1.9
v 0.3 2.8 1.9
v 0.4 0.8 1.9
v 0.4 1.3 1.9
v 0.4 1.4 1.9
v 0.4 1.5 1.9
v 0.4 1.7 1.9
v 0.4 1.8 1.9
v 0.4 2.1 1.9
v 0.4 2.5 1.9
v 0.5 1.3 1.9
v 0.5 1.4 1.9
v 0.5 1.8 1.9
v 0.5 1.9 1.9
v 0.5 2.1 1.9
v 0.6 1.2 1.9
v 0.6 1.3 1.9
v 0.6 1.5 1.9
v 0.6 1.6 1.9
v 0.6 1.7 1.9
v 0.6 1.9 1.9
v 0.6 2 1.9
v 0.7 1.1 1.9
v 0.7 1.2 1.9
v 0.7 1.4 1.9
v 0.7 1.5 1.9
v 0.7 1.7 1.9
v 0.7 1.8 1.9
v 0.7 2 1.9
v 0.7 2.1 1.9
v 0.8 1 1.9
v 0.8 1.1 1.9
v 0.8 1.3 1.9
v 0.8 1.4 1.9
v 0.8 1.8 1.9
v 0.8 1.9 1.9
v 0.8 2.1 1.9
v 0.8 2.2 1.9
v 0.9 0.6 1.9
v 0.9 0.9 1.9
v 0.9 1 1.9
v 0.9 1.2 1.9
v 0.9 1.3 1.9
v 0.9 1.9 1.9
v 0.9 2 1.9
v 0.9 2.2 1.9
v 0.9 2.3 1.9
v 0.9 2.7 1.9
v 1 0.4 1.9
v 1 0.6 1.9
v 1 0.8 1.9
v 1 0.9 1.9
v 1 1.1 1.9
v 1 1.2 1.9
v 1 2 1.9
v 1 2.1 1.9
v 1 2.3 1.9
v 1 2.4 1.9
v 1 2.7 1.9
v 1 2.9 1.9
v 1.1 0.3 1.9
v 1.1 0.4 1.9
v 1.1 0.6 1.9
v 1.1 0.7 1.9
v 1.1 0.8 1.9
v 1.1 1 1.9
v 1.1 1.1 1.9
v 1.1 2.1 1.9
v 1.1 2.2 1.9
v 1.1 2.4 1.9
v 1.1 2.5 1.9
v 1.1 2.6 1.9
v 1.2 0.6 1.9
v 1.2 0.7 1.9
v 1.2 0.9 1.9
v 1.2 1 1.9
v 1.2 2.2 1.9
v 1.2 2.3 1.9
v 1.2 2.5 1.9
v 1.2 2.6 1.9
v 1.3 0.3 1.9
v 1.3 0.4 1.9
v 1.3 0.5 1.9
v 1.3 0.6 1.9
v 1.3 0.8 1.9
v 1.3 0.9 1.9
v 1.3 2.3 1.9
v 1.3 2.4 1.9
v 1.3 2.6 1.9
v 1.3 2.7 1.9
v 1.4 0.4 1.9
v 1.4 0.5 1.9
v 1.4 0.7 1.9
v 1.4 0.8 1.9
v 1.4 1.2 1.9
v 1.4 2 1.9
v 1.4 2.4 1.9
v 1.4 2.5 1.9
v 1.4 2.7 1.9
v 1.4 2.8 1.9
v 1.4 2.9 1.9
v 1.5 0.3 1.9
v 1.5 0.4 1.9
v 1.5 0.6 1.9
v 1.5 0.7 1.9
v 1.5 1 1.9
v 1.5 1.2 1.9
v 1.5 2 1.9
v 1.5 2.3 1.9
v 1.5 2.5 1.9
v 1.5 2.6 1.9
v 1.5 2.8 1.9
v 1.5 2.9 1.9
v 1.6 0.2 1.9
v 1.6 0.3 1.9
v 1.6 0.5 1.9
v 1.6 0.6 1.9
v 1.6 1 1.9
v 1.6 1.5 1.9
v 1.6 1.9 1.9
v 1.6 2.3 1.9
v 1.6 2.6 1.9
v 1.6 2.7 1.9
v 1.6 2.9 1.9
v 1.6 3 1.9
v 1.7 0.4 1.9
v 1.7 0.5 1.9
v 1.7 1.5 1.9
v 1.7 1.9 1.9
v 1.7 2.7 1.9
v 1.7 2.8 1.9
v 1.8 0.4 1.9
v 1.8 2.8 1.9
v -2 0.4 1.7
v -2 0.5 1.7
v -2 2.7 1.7
v -2 2.8 1.7
v -1.9 0.4 1.7
v -1.9 0.5 1.7
v -1.9 2.7 1.7
v -1.9 2.8 1.7
v 1.9 0.4 1.7
v 1.9 0.5 1.7
v 1.9 2.7 1.7
v 1.9 2.8 1.7
v 2 0.4 1.7
v 2 0.5 1.7
v 2 2.7 1.7
v 2 2.8 1.7
v -2 0.5 1.6
v -2 0.6 1.6
v -2 2.6 1.6
v -2 2.7 1.6
v -1.9 0.5 1.6
v -1.9 0.6 1.6
v -1.9 2.6 1.6
v -1.9 2.7 1.6
v -1.5 3.1 1.6
v -1.5 3.2 1.6
v -1.4 3.1 1.6
v -1.4 3.2 1.6
v 1.4 3.1 1.6
v 1.4 3.2 1.6
v 1.5 3.1 1.6
v 1.5 3.2 1.6
v 1.9 0.5 1.6
v 1.9 0.6 1.6
v 1.9 2.6 1.6
v 1.9 2.7 1.6
v 2 0.5 1.6
v 2 0.6 1.6
v 2 2.6 1.6
v 2 2.7 1.6
v -2 0.6 1.5
v -2 0.7 1.5
v -2 2.5 1.5
v -2 2.6 1.5
v -1.9 0.6 1.5
v -1.9 0.7 1.5
v -1.9 2.5 1.5
v -1.9 2.6 1.5
v -1.4 3.1 1.5
v -1.4 3.2 1.5
v -1.3 3.1 1.5
v -1.3 3.2 1.5
v 1.3 3.1 1.5
v 1.3 3.2 1.5
v 1.4 3.1 1.5
v 1.4 3.2 1.5
v 1.9 0.6 1.5
v 1.9 0.7 1.5
v 1.9 2.5 1.5
v 1.9 2.6 1.5
v 2 0.6 1.5
v 2 0.7 1.5
v 2 2.5 1.5
v 2 2.6 1.5
v -2 0.7 1.4
v -2 0.8 1.4
v -2 2.4 1.4
v -2 2.5 1.4
v -1.9 0.7 1.4
v -1.9 0.8 1.4
v -1.9 2.4 1.4
v -1.9 2.5 1.4
v -1.3 3.1 1.4
v -1.3 3.2 1.4
v -1.2 3.1 1.4
v -1.2 3.2 1.4
v 1.2 3.1 1.4
v 1.2 3.2 1.4
v 1.3 3.1 1.4
v 1.3 3.2 1.4
v 1.9 0.7 1.4
v 1.9 0.8 1.4
v 1.9 2.4 1.4
v 1.9 2.5 1.4
v 2 0.7 1.4
v 2 0.8 1.4
v 2 2.4 1.4
v 2 2.5 1.4
v -2 0.8 1.3
v -2 0.9 1.3
v -2 2.3 1.3
v -2 2.4 1.3
v -1.9 0.8 1.3
v -1.9 0.9 1.3
v -1.9 2.3 1.3
v -1.9 2.4 1.3
v -1.2 3.1 1.3
v -1.2 3.2 1.3
v -1.1 3.1 1.3
v -1.1 3.2 1.3
v 1.1 3.1 1.3
v 1.1 3.2 1.3
v 1.2 3.1 1.3
v 1.2 3.2 1.3
v 1.9 0.8 1.3
v 1.9 0.9 1.3
v 1.9 2.3 1.3
v 1.9 2.4 1.3
v 2 0.8 1.3
v 2 0.9 1.3
v 2 2.3 1.3
v 2 2.4 1.3
v -2 0.9 1.2
v -2 1 1.2
v -2 2.2 1.2
v -2 2.3 1.2
v -1.9 0.9 1.2
v -1.9 1 1.2
v -1.9 2.2 1.2
v -1.9 2.3 1.2
v -1.1 3.1 1.2
v -1.1 3.2 1.2
v -1 3.1 1.2
v -1 3.2 1.2
v 1 3.1 1.2
v 1 3.2 1.2
v 1.1 3.1 1.2
v 1.1 3.2 1.2
v 1.9 0.9 1.2
v 1.9 1 1.2
v 1.9 2.2 1.2
v 1.9 2.3 1.2
v 2 0.9 1.2
v 2 1 1.2
v 2 2.2 1.2
v 2 2.3 1.2
v -2 1 1.1
v -2 1.1 1.1
v -2 2.1 1.1
v -2 2.2 1.1
v -1.9 1 1.1
v -1.9 1.1 1.1
v -1.9 2.1 1.1
v -1.9 2.2 1.1
v -1 3.1 1.1
v -1 3.2 1.1
v -0.9 3.1 1.1
v -0.9 3.2 1.1
v 0.9 3.1 1.1
v 0.9 3.2 1.1
v 1 3.1 1.1
v 1 3.2 1.1
v 1.9 1 1.1
v 1.9 1.1 1.1
v 1.9 2.1 1.1
v 1.9 2.2 1.1
v 2 1 1.1
v 2 1.1 1.1
v 2 2.1 1.1
v 2 2.2 1.1
v -2 1.1 1
v -2 1.2 1
v -2 2 1
v -2 2.1 1
v -1.9 1.1 1
v -1.9 1.2 1
v -1.9 2 1
v -1.9 2.1 1
v -0.9 3.1 1
v -0.9 3.2 1
v -0.8 3.1 1
v -0.8 3.2 1
v 0.8 3.1 1
v 0.8 3.2 1
v 0.9 3.1 1
v 0.9 3.2 1
v 1.9 1.1 1
v 1.9 1.2 1
v 1.9 2 1
v 1.9 2.1 1
v 2 1.1 1
v 2 1.2 1
v 2 2 1
v 2 2.1 1
v -2 1.2 0.9
v -2 1.3 0.9
v -2 1.9 0.9
v -2 2 0.9
v -1.9 1.2 0.9
v -1.9 1.3 0.9
v -1.9 1.9 0.9
v -1.9 2 0.9
v -0.8 3.1 0.9
v -0.8 3.2 0.9
v -0.7 3.1 0.9
v -0.7 3.2 0.9
v 0.7 3.1 0.9
v 0.7 3.2 0.9
v 0.8 3.1 0.9
v 0.8 3.2 0.9
v 1.9 1.2 0.9
v 1.9 1.3 0.9
v 1.9 1.9 0.9
v 1.9 2 0.9
v 2 1.2 0.9
v 2 1.3 0.9
v 2 1.9 0.9
v 2 2 0.9
v -2 1.3 0.8
v -2 1.4 0.8
v -2 1.8 0.8
v -2 1.9 0.8
v -1.9 1.3 0.8
v -1.9 1.4 0.8
v -1.9 1.8 0.8
v -1.9 1.9 0.8
v -0.7 3.1 0.8
v -0.7 3.2 0.8
v -0.6 3.1 0.8
v -0.6 3.2 0.8
v 0.6 3.1 0.8
v 0.6 3.2 0.8
v 0.7 3.1 0.8
v 0.7 3.2 0.8
v 1.9 1.3 0.8
v 1.9 1.4 0.8
v 1.9 1.8 0.8
v 1.9 1.9 0.8
v 2 1.3 0.8
v 2 1.4 0.8
v 2 1.8 0.8
v 2 1.9 0.8
v -2 1.4 0.7
v -2 1.5 0.7
v -2 1.7 0.7
v -2 1.8 0.7
v -1.9 1.4 0.7
v -1.9 1.5 0.7
v -1.9 1.7 0.7
v -1.9 1.8 0.7
v -0.6 3.1 0.7
v -0.6 3.2 0.7
v -0.5 3.1 0.7
v -0.5 3.2 0.7
v 0.5 3.1 0.7
v 0.5 3.2 0.7
v 0.6 3.1 0.7
v 0.6 3.2 0.7
v 1.9 1.4 0.7
v 1.9 1.5 0.7
v 1.9 1.7 0.7
v 1.9 1.8 0.7
v 2 1.4 0.7
v 2 1.5 0.7
v 2 1.7 0.7
v 2 1.8 0.7
v -2 1.5 0.6
v -2 1.7 0.6
v -1.9 1.5 0.6
v -1.9 1.7 0.6
v -0.5 3.1 0.6
v -0.5 3.2 0.6
v -0.4 3.1 0.6
v -0.4 3.2 0.6
v 0.4 3.1 0.6
v 0.4 3.2 0.6
v 0.5 3.1 0.6
v 0.5 3.2 0.6
v 1.9 1.5 0.6
v 1.9 1.7 0.6
v 2 1.5 0.6
v 2 1.7 0.6
v -0.4 3.1 0.5
v -0.4 3.2 0.5
v -0.3 3.1 0.5
v -0.3 3.2 0.5
v 0.3 3.1 0.5
v 0.3 3.2 0.5
v 0.4 3.1 0.5
v 0.4 3.2 0.5
v -0.3 3.1 0.4
v -0.3 3.2 0.4
v -0.2 3.1 0.4
v -0.2 3.2 0.4
v 0.2 3.1 0.4
v 0.2 3.2 0.4
v 0.3 3.1 0.4
v 0.3 3.2 0.4
v -0.2 3.1 0.3
v -0.2 3.2 0.3
v -0.0999999 3.1 0.3
v -0.0999999 3.2 0.3
v 0.1 3.1 0.3
v 0.1 3.2 0.3
v 0.2 3.1 0.3
v 0.2 3.2 0.3
v -2 1.4 0.2
v -2 1.5 0.2
v -2 1.7 0.2
v -2 1.8 0.2
v -1.9 1.4 0.2
v -1.9 1.5 0.2
v -1.9 1.7 0.2
v -1.9 1.8 0.2
v -0.0999999 3.1 0.2
v -0.0999999 3.2 0.2
v 0.1 3.1 0.2
v 0.1 3.2 0.2
v 1.9 1.4 0.2
v 1.9 1.5 0.2
v 1.9 1.7 0.2
v 1.9 1.8 0.2
v 2 1.4 0.2
v 2 1.5 0.2
v 2 1.7 0.2
v 2 1.8 0.2
v -2 0.2 0.0999999
v -2 1.4 0.0999999
v -2 1.8 0.0999999
v -2 3 0.0999999
v -1.9 0.2 0.0999999
v -1.9 0.3 0.0999999
v -1.9 0.8 0.0999999
v -1.9 1.4 0.0999999
v -1.9 1.8 0.0999999
v -1.9 2.5 0.0999999
v -1.9 2.8 0.0999999
v -1.9 3 0.0999999
v 1.9 0.2 0.0999999
v 1.9 0.3 0.0999999
v 1.9 0.8 0.0999999
v 1.9 1.4 0.0999999
v 1.9 1.8 0.0999999
v 1.9 2.5 0.0999999
v 1.9 2.8 0.0999999
v 1.9 3 0.0999999
v 2 0.2 0.0999999
v 2 1.4 0.0999999
v 2 1.8 0.0999999
v 2 3 0.0999999
v -0.3 3.1 -0.1
v -0.3 3.2 -0.1
v -0.2 3.1 -0.1
v -0.2 3.2 -0.1
v 0.2 3.1 -0.1
v 0.2 3.2 -0.1
v 0.3 3.1 -0.1
v 0.3 3.2 -0.1
v -0.4 3.1 -0.2
v -0.4 3.2 -0.2
v -0.3 3.1 -0.2
v -0.3 3.2 -0.2
v 0.3 3.1 -0.2
v 0.3 3.2 -0.2
v 0.4 3.1 -0.2
v 0.4 3.2 -0.2
v -0.5 3.1 -0.3
v -0.5 3.2 -0.3
v -0.4 3.1 -0.3
v -0.4 3.2 -0.3
v 0.4 3.1 -0.3
v 0.4 3.2 -0.3
v 0.5 3.1 -0.3
v 0.5 3.2 -0.3
v -2 1.4 -0.4
v -2 1.5 -0.4
v -2 1.7 -0.4
v -2 1.8 -0.4
v -1.9 1.4 -0.4
v -1.9 1.5 -0.4
v -1.9 1.7 -0.4
v -1.9 1.8 -0.4
v -0.6 3.1 -0.4
v -0.6 3.2 -0.4
v -0.5 3.1 -0.4
v -0.5 3.2 -0.4
v 0.5 3.1 -0.4
v 0.5 3.2 -0.4
v 0.6 3.1 -0.4
v 0.6 3.2 -0.4
v 1.9 1.4 -0.4
v 1.9 1.5 -0.4
v 1.9 1.7 -0.4
v 1.9 1.8 -0.4
v 2 1.4 -0.4
v 2 1.5 -0.4
v 2 1.7 -0.4
v 2 1.8 -0.4
v -2 1.3 -0.5
v -2 1.4 -0.5
v -2 1.8 -0.5
v -2 1.9 -0.5
v -1.9 1.3 -0.5
v -1.9 1.4 -0.5
v -1.9 1.8 -0.5
v -1.9 1.9 -0.5
v -0.7 3.1 -0.5
v -0.7 3.2 -0.5
v -0.6 3.1 -0.5
v -0.6 3.2 -0.5
v 0.6 3.1 -0.5
v 0.6 3.2 -0.5
v 0.7 3.1 -0.5
v 0.7 3.2 -0.5
v 1.9 1.3 -0.5
v 1.9 1.4 -0.5
v 1.9 1.8 -0.5
v 1.9 1.9 -0.5
v 2 1.3 -0.5
v 2 1.4 -0.5
v 2 1.8 -0.5
v 2 1.9 -0.5
v -2 1.2 -0.6
v -2 1.3 -0.6
v -2 1.9 -0.6
v -2 2 -0.6
v -1.9 1.2 -0.6
v -1.9 1.3 -0.6
v -1.9 1.9 -0.6
v -1.9 2 -0.6
v -0.8 3.1 -0.6
v -0.8 3.2 -0.6
v -0.7 3.1 -0.6
v -0.7 3.2 -0.6
v 0.7 3.1 -0.6
v 0.7 3.2 -0.6
v 0.8 3.1 -0.6
v 0.8 3.2 -0.6
v 1.9 1.2 -0.6
v 1.9 1.3 -0.6
v 1.9 1.9 -0.6
v 1.9 2 -0.6
v 2 1.2 -0.6
v 2 1.3 -0.6
v 2 1.9 -0.6
v 2 2 -0.6
v -2 1.1 -0.7
v -2 1.2 -0.7
v -2 2 -0.7
v -2 2.1 -0.7
v -1.9 1.1 -0.7
v -1.9 1.2 -0.7
v -1.9 2 -0.7
v -1.9 2.1 -0.7
v -0.9 3.1 -0.7
v -0.9 3.2 -0.7
v -0.8 3.1 -0.7
v -0.8 3.2 -0.7
v 0.8 3.1 -0.7
v 0.8 3.2 -0.7
v 0.9 3.1 -0.7
v 0.9 3.2 -0.7
v 1.9 1.1 -0.7
v 1.9 1.2 -0.7
v 1.9 2 -0.7
v 1.9 2.1 -0.7
v 2 1.1 -0.7
v 2 1.2 -0.7
v 2 2 -0.7
v 2 2.1 -0.7
v -2 1 -0.8
v -2 1.1 -0.8
v -2 2.1 -0.8
v -2 2.2 -0.8
v -1.9 1 -0.8
v -1.9 1.1 -0.8
v -1.9 2.1 -0.8
v -1.9 2.2 -0.8
v -1 3.1 -0.8
v -1 3.2 -0.8
v -0.9 3.1 -0.8
v -0.9 3.2 -0.8
v 0.9 3.1 -0.8
v 0.9 3.2 -0.8
v 1 3.1 -0.8
v 1 3.2 -0.8
v 1.9 1 -0.8
v 1.9 1.1 -0.8
v 1.9 2.1 -0.8
v 1.9 2.2 -0.8
v 2 1 -0.8
v 2 1.1 -0.8
v 2 2.1 -0.8
v 2 2.2 -0.8
v -2 0.9 -0.9
v -2 1 -0.9
v -2 2.2 -0.9
v -2 2.3 -0.9
v -1.9 0.9 -0.9
v -1.9 1 -0.9
v -1.9 2.2 -0.9
v -1.9 2.3 -0.9
v -1.1 3.1 -0.9
v -1.1 3.2 -0.9
v -1 3.1 -0.9
v -1 3.2 -0.9
v 1 3.1 -0.9
v 1 3.2 -0.9
v 1.1 3.1 -0.9
v 1.1 3.2 -0.9
v 1.9 0.9 -0.9
v 1.9 1 -0.9
v 1.9 2.2 -0.9
v 1.9 2.3 -0.9
v 2 0.9 -0.9
v 2 1 -0.9
v 2 2.2 -0.9
v 2 2.3 -0.9
v -2 0.8 -1
v -2 0.9 -1
v -2 2.3 -1
v -2 2.4 -1
v -1.9 0.8 -1
v -1.9 0.9 -1
v -1.9 2.3 -1
v -1.9 2.4 -1
v -1.2 3.1 -1
v -1.2 3.2 -1
v -1.1 3.1 -1
v -1.1 3.2 -1
v 1.1 3.1 -1
v 1.1 3.2 -1
v 1.2 3.1 -1
v 1.2 3.2 -1
v 1.9 0.8 -1
v 1.9 0.9 -1
v 1.9 2.3 -1
v 1.9 2.4 -1
v 2 0.8 -1
v 2 0.9 -1
v 2 2.3 -1
v 2 2.4 -1
v -2 0.7 -1.1
v -2 0.8 -1.1
v -2 2.4 -1.1
v -2 2.5 -1.1
v -1.9 0.7 -1.1
v -1.9 0.8 -1.1
v -1.9 2.4 -1.1
v -1.9 2.5 -1.1
v -1.3 3.1 -1.1
v -1.3 3.2 -1.1
v -1.2 3.1 -1.1
v -1.2 3.2 -1.1
v 1.2 3.1 -1.1
v 1.2 3.2 -1.1
v 1.3 3.1 -1.1
v 1.3 3.2 -1.1
v 1.9 0.7 -1.1
v 1.9 0.8 -1.1
v 1.9 2.4 -1.1
v 1.9 2.5 -1.1
v 2 0.7 -1.1
v 2 0.8 -1.1
v 2 2.4 -1.1
v 2 2.5 -1.1
v -2 0.6 -1.2
v -2 0.7 -1.2
v -2 2.5 -1.2
v -2 2.6 -1.2
v -1.9 0.6 -1.2
v -1.9 0.7 -1.2
v -1.9 2.5 -1.2
v -1.9 2.6 -1.2
v -1.4 3.1 -1.2
v -1.4 3.2 -1.2
v -1.3 3.1 -1.2
v -1.3 3.2 -1.2
v 1.3 3.1 -1.2
v 1.3 3.2 -1.2
v 1.4 3.1 -1.2
v 1.4 3.2 -1.2
v 1.9 0.6 -1.2
v 1.9 0.7 -1.2
v 1.9 2.5 -1.2
v 1.9 2.6 -1.2
v 2 0.6 -1.2
v 2 0.7 -1.2
v 2 2.5 -1.2
v 2 2.6 -1.2
v -2 0.5 -1.3
v -2 0.6 -1.3
v -2 2.6 -1.3
v -2 2.7 -1.3
v -1.9 0.5 -1.3
v -1.9 0.6 -1.3
v -1.9 2.6 -1.3
v -1.9 2.7 -1.3
v -1.5 3.1 -1.3
v -1.5 3.2 -1.3
v -1.4 3.1 -1.3
v -1.4 3.2 -1.3
v 1.4 3.1 -1.3
v 1.4 3.2 -1.3
v 1.5 3.1 -1.3
v 1.5 3.2 -1.3
v 1.9 0.5 -1.3
v 1.9 0.6 -1.3
v 1.9 2.6 -1.3
v 1.9 2.7 -1.3
v 2 0.5 -1.3
v 2 0.6 -1.3
v 2 2.6 -1.3
v 2 2.7 -1.3
v -2 0.4 -1.4
v -2 0.5 -1.4
v -2 2.7 -1.4
v -2 2.8 -1.4
v -1.9 0.4 -1.4
v -1.9 0.5 -1.4
v -1.9 2.7 -1.4
v -1.9 2.8 -1.4
v -1.6 3.1 -1.4
v -1.6 3.2 -1.4
v -1.5 3.1 -1.4
v -1.5 3.2 -1.4
v 1.5 3.1 -1.4
v 1.5 3.2 -1.4
v 1.6 3.1 -1.4
v 1.6 3.2 -1.4
v 1.9 0.4 -1.4
v 1.9 0.5 -1.4
v 1.9 2.7 -1.4
v 1.9 2.8 -1.4
v 2 0.4 -1.4
v 2 0.5 -1.4
v 2 2.7 -1.4
v 2 2.8 -1.4
v -2 0.3 -1.5
v -2 0.4 -1.5
v -2 2.8 -1.5
v -2 2.9 -1.5
v -1.9 0.3 -1.5
v -1.9 0.4 -1.5
v -1.9 2.8 -1.5
v -1.9 2.9 -1.5
v -1.7 3.1 -1.5
v -1.7 3.2 -1.5
v -1.6 3.1 -1.5
v -1.6 3.2 -1.5
v 1.6 3.1 -1.5
v 1.6 3.2 -1.5
v 1.7 3.1 -1.5
v 1.7 3.2 -1.5
v 1.9 0.3 -1.5
v 1.9 0.4 -1.5
v 1.9 2.8 -1.5
v 1.9 2.9 -1.5
v 2 0.3 -1.5
v 2 0.4 -1.5
v 2 2.8 -1.5
v 2 2.9 -1.5
v -2 0.2 -1.6
v -2 0.3 -1.6
v -2 2.9 -1.6
v -2 3 -1.6
v -1.9 0.2 -1.6
v -1.9 0.3 -1.6
v -1.9 2.9 -1.6
v -1.9 3 -1.6
v -1.6 0.2 -1.6
v -1.6 3 -1.6
v 1.6 0.2 -1.6
v 1.6 3 -1.6
v 1.9 0.2 -1.6
v 1.9 0.3 -1.6
v 1.9 2.9 -1.6
v 1.9 3 -1.6
v 2 0.2 -1.6
v 2 0.3 -1.6
v 2 2.9 -1.6
v 2 3 -1.6
v -1.5 3.1 -1.7
v -1.5 3.2 -1.7
v 1.5 3.1 -1.7
v 1.5 3.2 -1.7
v -2 0.4 -1.8
v -2 2.8 -1.8
v -1.9 0.4 -1.8
v -1.9 2.8 -1.8
v 1.9 0.4 -1.8
v 1.9 2.8 -1.8
v 2 0.4 -1.8
v 2 2.8 -1.8
v -2 0.4 1.8
v -2 2.8 1.8
v -1.9 0.4 1.8
v -1.9 2.8 1.8
v 1.9 0.4 1.8
v 1.9 2.8 1.8
v 2 0.4 1.8
v 2 2.8 1.8
v -1.5 3.1 1.7
v -1.5 3.2 1.7
v 1.5 3.1 1.7
v 1.5 3.2 1.7
v -2 0.2 1.6
v -2 0.3 1.6
v -2 2.9 1.6
v -2 3 1.6
v -1.9 0.2 1.6
v -1.9 0.3 1.6
v -1.9 2.9 1.6
v -1.9 3 1.6
v -1.6 0.2 1.6
v -1.6 3 1.6
v 1.6 0.2 1.6
v 1.6 3 1.6
v 1.9 0.2 1.6
v 1.9 0.3 1.6
v 1.9 2.9 1.6
v 1.9 3 1.6
v 2 0.2 1.6
v 2 0.3 1.6
v 2 2.9 1.6
v 2 3 1.6
v -2 0.3 1.5
v -2 0.4 1.5
v -2 2.8 1.5
v -2 2.9 1.5
v -1.9 0.3 1.5
v -1.9 0.4 1.5
v -1.9 2.8 1.5
v -1.9 2.9 1.5
v -1.7 3.1 1.5
v -1.7 3.2 1.5
v -1.6 3.1 1.5
v -1.6 3.2 1.5
v 1.6 3.1 1.5
v 1.6 3.2 1.5
v 1.7 3.1 1.5
v 1.7 3.2 1.5
v 1.9 0.3 1.5
v 1.9 0.4 1.5
v 1.9 2.8 1.5
v 1.9 2.9 1.5
v 2 0.3 1.5
v 2 0.4 1.5
v 2 2.8 1.5
v 2 2.9 1.5
v -2 0.4 1.4
v -2 0.5 1.4
v -2 2.7 1.4
v -2 2.8 1.4
v -1.9 0.4 1.4
v -1.9 0.5 1.4
v -1.9 2.7 1.4
v -1.9 2.8 1.4
v -1.6 3.1 1.4
v -1.6 3.2 1.4
v -1.5 3.1 1.4
v -1.5 3.2 1.4
v 1.5 3.1 1.4
v 1.5 3.2 1.4
v 1.6 3.1 1.4
v 1.6 3.2 1.4
v 1.9 0.4 1.4
v 1.9 0.5 1.4
v 1.9 2.7 1.4
v 1.9 2.8 1.4
v 2 0.4 1.4
v 2 0.5 1.4
v 2 2.7 1.4
v 2 2.8 1.4
v -2 0.5 1.3
v -2 0.6 1.3
v -2 2.6 1.3
v -2 2.7 1.3
v -1.9 0.5 1.3
v -1.9 0.6 1.3
v -1.9 2.6 1.3
v -1.9 2.7 1.3
v -1.5 3.1 1.3
v -1.5 3.2 1.3
v -1.4 3.1 1.3
v -1.4 3.2 1.3
v 1.4 3.1 1.3
v 1.4 3.2 1.3
v 1.5 3.1 1.3
v 1.5 3.2 1.3
v 1.9 0.5 1.3
v 1.9 0.6 1.3
v 1.9 2.6 1.3
v 1.9 2.7 1.3
v 2 0.5 1.3
v 2 0.6 1.3
v 2 2.6 1.3
v 2 2.7 1.3
v -2 0.6 1.2
v -2 0.7 1.2
v -2 2.5 1.2
v -2 2.6 1.2
v -1.9 0.6 1.2
v -1.9 0.7 1.2
v -1.9 2.5 1.2
v -1.9 2.6 1.2
v -1.4 3.1 1.2
v -1.4 3.2 1.2
v -1.3 3.1 1.2
v -1.3 3.2 1.2
v 1.3 3.1 1.2
v 1.3 3.2 1.2
v 1.4 3.1 1.2
v 1.4 3.2 1.2
v 1.9 0.6 1.2
v 1.9 0.7 1.2
v 1.9 2.5 1.2
v 1.9 2.6 1.2
v 2 0.6 1.2
v 2 0.7 1.2
v 2 2.5 1.2
v 2 2.6 1.2
v -2 0.7 1.1
v -2 0.8 1.1
v -2 2.4 1.1
v -2 2.5 1.1
v -1.9 0.7 1.1
v -1.9 0.8 1.1
v -1.9 2.4 1.1
v -1.9 2.5 1.1
v -1.3 3.1 1.1
v -1.3 3.2 1.1
v -1.2 3.1 1.1
v -1.2 3.2 1.1
v 1.2 3.1 1.1
v 1.2 3.2 1.1
v 1.3 3.1 1.1
v 1.3 3.2 1.1
v 1.9 0.7 1.1
v 1.9 0.8 1.1
v 1.9 2.4 1.1
v 1.9 2.5 1.1
v 2 0.7 1.1
v 2 0.8 1.1
v 2 2.4 1.1
v 2 2.5 1.1
v -2 0.8 1
v -2 0.9 1
v -2 2.3 1
v -2 2.4 1
v -1.9 0.8 1
v -1.9 0.9 1
v -1.9 2.3 1
v -1.9 2.4 1
v -1.2 3.1 1
v -1.2 3.2 1
v -1.1 3.1 1
v -1.1 3.2 1
v 1.1 3.1 1
v 1.1 3.2 1
v 1.2 3.1 1
v 1.2 3.2 1
v 1.9 0.8 1
v 1.9 0.9 1
v 1.9 2.3 1
v 1.9 2.4 1
v 2 0.8 1
v 2 0.9 1
v 2 2.3 1
v 2 2.4 1
v -2 0.9 0.9
v -2 1 0.9
v -2 2.2 0.9
v -2 2.3 0.9
v -1.9 0.9 0.9
v -1.9 1 0.9
v -1.9 2.2 0.9
v -1.9 2.3 0.9
v -1.1 3.1 0.9
v -1.1 3.2 0.9
v -1 3.1 0.9
v -1 3.2 0.9
v 1 3.1 0.9
v 1 3.2 0.9
v 1.1 3.1 0.9
v 1.1 3.2 0.9
v 1.9 0.9 0.9
v 1.9 1 0.9
v 1.9 2.2 0.9
v 1.9 2.3 0.9
v 2 0.9 0.9
v 2 1 0.9
v 2 2.2 0.9
v 2 2.3 0.9
v -2 1 0.8
v -2 1.1 0.8
v -2 2.1 0.8
v -2 2.2 0.8
v -1.9 1 0.8
v -1.9 1.1 0.8
v -1.9 2.1 0.8
v -1.9 2.2 0.8
v -1 3.1 0.8
v -1 3.2 0.8
v -0.9 3.1 0.8
v -0.9 3.2 0.8
v 0.9 3.1 0.8
v 0.9 3.2 0.8
v 1 3.1 0.8
v 1 3.2 0.8
v 1.9 1 0.8
v 1.9 1.1 0.8
v 1.9 2.1 0.8
v 1.9 2.2 0.8
v 2 1 0.8
v 2 1.1 0.8
v 2 2.1 0.8
v 2 2.2 0.8
v -2 1.1 0.7
v -2 1.2 0.7
v -2 2 0.7
v -2 2.1 0.7
v -1.9 1.1 0.7
v -1.9 1.2 0.7
v -1.9 2 0.7
v -1.9 2.1 0.7
v -0.9 3.1 0.7
v -0.9 3.2 0.7
v -0.8 3.1 0.7
v -0.8 3.2 0.7
v 0.8 3.1 0.7
v 0.8 3.2 0.7
v 0.9 3.1 0.7
v 0.9 3.2 0.7
v 1.9 1.1 0.7
v 1.9 1.2 0.7
v 1.9 2 0.7
v 1.9 2.1 0.7
v 2 1.1 0.7
v 2 1.2 0.7
v 2 2 0.7
v 2 2.1 0.7
v -2 1.2 0.6
v -2 1.3 0.6
v -2 1.9 0.6
v -2 2 0.6
v -1.9 1.2 0.6
v -1.9 1.3 0.6
v -1.9 1.9 0.6
v -1.9 2 0.6
v -0.8 3.1 0.6
v -0.8 3.2 0.6
v -0.7 3.1 0.6
v -0.7 3.2 0.6
v 0.7 3.1 0.6
v 0.7 3.2 0.6
v 0.8 3.1 0.6
v 0.8 3.2 0.6
v 1.9 1.2 0.6
v 1.9 1.3 0.6
v 1.9 1.9 0.6
v 1.9 2 0.6
v 2 1.2 0.6
v 2 1.3 0.6
v 2 1.9 0.6
v 2 2 0.6
v -2 1.3 0.5
v -2 1.4 0.5
v -2 1.8 0.5
v -2 1.9 0.5
v -1.9 1.3 0.5
v -1.9 1.4 0.5
v -1.9 1.8 0.5
v -1.9 1.9 0.5
v -0.7 3.1 0.5
v -0.7 3.2 0.5
v -0.6 3.1 0.5
v -0.6 3.2 0.5
v 0.6 3.1 0.5
v 0.6 3.2 0.5
v 0.7 3.1 0.5
v 0.7 3.2 0.5
v 1.9 1.3 0.5
v 1.9 1.4 0.5
v 1.9 1.8 0.5
v 1.9 1.9 0.5
v 2 1.3 0.5
v 2 1.4 0.5
v 2 1.8 0.5
v 2 1.9 0.5
v -2 1.4 0.4
v -2 1.5 0.4
v -2 1.7 0.4
v -2 1.8 0.4
v -1.9 1.4 0.4
v -1.9 1.5 0.4
v -1.9 1.7 0.4
v -1.9 1.8 0.4
v -0.6 3.1 0.4
v -0.6 3.2 0.4
v -0.5 3.1 0.4
v -0.5 3.2 0.4
v 0.5 3.1 0.4
v 0.5 3.2 0.4
v 0.6 3.1 0.4
v 0.6 3.2 0.4
v 1.9 1.4 0.4
v 1.9 1.5 0.4
v 1.9 1.7 0.4
v 1.9 1.8 0.4
v 2 1.4 0.4
v 2 1.5 0.4
v 2 1.7 0.4
v 2 1.8 0.4
v -0.5 3.1 0.3
v -0.5 3.2 0.3
v -0.4 3.1 0.3
v -0.4 3.2 0.3
v 0.4 3.1 0.3
v 0.4 3.2 0.3
v 0.5 3.1 0.3
v 0.5 3.2 0.3
v -0.4 3.1 0.2
v -0.4 3.2 0.2
v -0.3 3.1 0.2
v -0.3 3.2 0.2
v 0.3 3.1 0.2
v 0.3 3.2 0.2
v 0.4 3.1 0.2
v 0.4 3.2 0.2
v -0.3 3.1 0.0999999
v -0.3 3.2 0.0999999
v -0.2 3.1 0.0999999
v -0.2 3.2 0.0999999
v 0.2 3.1 0.0999999
v 0.2 3.2 0.0999999
v 0.3 3.1 0.0999999
v 0.3 3.2 0.0999999
v -2 0.2 -0.1
v -2 1.4 -0.1
v -2 1.8 -0.1
v -2 3 -0.1
v -1.9 0.2 -0.1
v -1.9 0.3 -0.1
v -1.9 0.8 -0.1
v -1.9 1.4 -0.1
v -1.9 1.8 -0.1
v -1.9 2.4 -0.1
v -1.9 2.8 -0.1
v -1.9 3 -0.1
v 1.9 0.2 -0.1
v 1.9 0.3 -0.1
v 1.9 0.8 -0.1
v 1.9 1.4 -0.1
v 1.9 1.8 -0.1
v 1.9 2.4 -0.1
v 1.9 2.8 -0.1
v 1.9 3 -0.1
v 2 0.2 -0.1
v 2 1.4 -0.1
v 2 1.8 -0.1
v 2 3 -0.1
v -2 1.4 -0.2
v -2 1.5 -0.2
v -2 1.7 -0.2
v -2 1.8 -0.2
v -1.9 1.4 -0.2
v -1.9 1.5 -0.2
v -1.9 1.7 -0.2
v -1.9 1.8 -0.2
v -0.0999999 3.1 -0.2
v -0.0999999 3.2 -0.2
v 0.1 3.1 -0.2
v 0.1 3.2 -0.2
v 1.9 1.4 -0.2
v 1.9 1.5 -0.2
v 1.9 1.7 -0.2
v 1.9 1.8 -0.2
v 2 1.4 -0.2
v 2 1.5 -0.2
v 2 1.7 -0.2
v 2 1.8 -0.2
v -0.2 3.1 -0.3
v -0.2 3.2 -0.3
v -0.0999999 3.1 -0.3
v -0.0999999 3.2 -0.3
v 0.1 3.1 -0.3
v 0.1 3.2 -0.3
v 0.2 3.1 -0.3
v 0.2 3.2 -0.3
v -0.3 3.1 -0.4
v -0.3 3.2 -0.4
v -0.2 3.1 -0.4
v -0.2 3.2 -0.4
v 0.2 3.1 -0.4
v 0.2 3.2 -0.4
v 0.3 3.1 -0.4
v 0.3 3.2 -0.4
v -0.4 3.1 -0.5
v -0.4 3.2 -0.5
v -0.3 3.1 -0.5
v -0.3 3.2 -0.5
v 0.3 3.1 -0.5
v 0.3 3.2 -0.5
v 0.4 3.1 -0.5
v 0.4 3.2 -0.5
v -2 1.5 -0.6
v -2 1.7 -0.6
v -1.9 1.5 -0.6
v -1.9 1.7 -0.6
v -0.5 3.1 -0.6
v -0.5 3.2 -0.6
v -0.4 3.1 -0.6
v -0.4 3.2 -0.6
v 0.4 3.1 -0.6
v 0.4 3.2 -0.6
v 0.5 3.1 -0.6
v 0.5 3.2 -0.6
v 1.9 1.5 -0.6
v 1.9 1.7 -0.6
v 2 1.5 -0.6
v 2 1.7 -0.6
v -2 1.4 -0.7
v -2 1.5 -0.7
v -2 1.7 -0.7
v -2 1.8 -0.7
v -1.9 1.4 -0.7
v -1.9 1.5 -0.7
v -1.9 1.7 -0.7
v -1.9 1.8 -0.7
v -0.6 3.1 -0.7
v -0.6 3.2 -0.7
v -0.5 3.1 -0.7
v -0.5 3.2 -0.7
v 0.5 3.1 -0.7
v 0.5 3.2 -0.7
v 0.6 3.1 -0.7
v 0.6 3.2 -0.7
v 1.9 1.4 -0.7
v 1.9 1.5 -0.7
v 1.9 1.7 -0.7
v 1.9 1.8 -0.7
v 2 1.4 -0.7
v 2 1.5 -0.7
v 2 1.7 -0.7
v 2 1.8 -0.7
v -2 1.3 -0.8
v -2 1.4 -0.8
v -2 1.8 -0.8
v -2 1.9 -0.8
v -1.9 1.3 -0.8
v -1.9 1.4 -0.8
v -1.9 1.8 -0.8
v -1.9 1.9 -0.8
v -0.7 3.1 -0.8
v -0.7 3.2 -0.8
v -0.6 3.1 -0.8
v -0.6 3.2 -0.8
v 0.6 3.1 -0.8
v 0.6 3.2 -0.8
v 0.7 3.1 -0.8
v 0.7 3.2 -0.8
v 1.9 1.3 -0.8
v 1.9 1.4 -0.8
v 1.9 1.8 -0.8
v 1.9 1.9 -0.8
v 2 1.3 -0.8
v 2 1.4 -0.8
v 2 1.8 -0.8
v 2 1.9 -0.8
v -2 1.2 -0.9
v -2 1.3 -0.9
v -2 1.9 -0.9
v -2 2 -0.9
v -1.9 1.2 -0.9
v -1.9 1.3 -0.9
v -1.9 1.9 -0.9
v -1.9 2 -0.9
v -0.8 3.1 -0.9
v -0.8 3.2 -0.9
v -0.7 3.1 -0.9
v -0.7 3.2 -0.9
v 0.7 3.1 -0.9
v 0.7 3.2 -0.9
v 0.8 3.1 -0.9
v 0.8 3.2 -0.9
v 1.9 1.2 -0.9
v 1.9 1.3 -0.9
v 1.9 1.9 -0.9
v 1.9 2 -0.9
v 2 1.2 -0.9
v 2 1.3 -0.9
v 2 1.9 -0.9
v 2 2 -0.9
v -2 1.1 -1
v -2 1.2 -1
v -2 2 -1
v -2 2.1 -1
v -1.9 1.1 -1
v -1.9 1.2 -1
v -1.9 2 -1
v -1.9 2.1 -1
v -0.9 3.1 -1
v -0.9 3.2 -1
v -0.8 3.1 -1
v -0.8 3.2 -1
v 0.8 3.1 -1
v 0.8 3.2 -1
v 0.9 3.1 -1
v 0.9 3.2 -1
v 1.9 1.1 -1
v 1.9 1.2 -1
v 1.9 2 -1
v 1.9 2.1 -1
v 2 1.1 -1
v 2 1.2 -1
v 2 2 -1
v 2 2.1 -1
v -2 1 -1.1
v -2 1.1 -1.1
v -2 2.1 -1.1
v -2 2.2 -1.1
v -1.9 1 -1.1
v -1.9 1.1 -1.1
v -1.9 2.1 -1.1
v -1.9 2.2 -1.1
v -1 3.1 -1.1
v -1 3.2 -1.1
v -0.9 3.1 -1.1
v -0.9 3.2 -1.1
v 0.9 3.1 -1.1
v 0.9 3.2 -1.1
v 1 3.1 -1.1
v 1 3.2 -1.1
v 1.9 1 -1.1
v 1.9 1.1 -1.1
v 1.9 2.1 -1.1
v 1.9 2.2 -1.1
v 2 1 -1.1
v 2 1.1 -1.1
v 2 2.1 -1.1
v 2 2.2 -1.1
v -2 0.9 -1.2
v -2 1 -1.2
v -2 2.2 -1.2
v -2 2.3 -1.2
v -1.9 0.9 -1.2
v -1.9 1 -1.2
v -1.9 2.2 -1.2
v -1.9 2.3 -1.2
v -1.1 3.1 -1.2
v -1.1 3.2 -1.2
v -1 3.1 -1.2
v -1 3.2 -1.2
v 1 3.1 -1.2
v 1 3.2 -1.2
v 1.1 3.1 -1.2
v 1.1 3.2 -1.2
v 1.9 0.9 -1.2
v 1.9 1 -1.2
v 1.9 2.2 -1.2
v 1.9 2.3 -1.2
v 2 0.9 -1.2
v 2 1 -1.2
v 2 2.2 -1.2
v 2 2.3 -1.2
v -2 0.8 -1.3
v -2 0.9 -1.3
v -2 2.3 -1.3
v -2 2.4 -1.3
v -1.9 0.8 -1.3
v -1.9 0.9 -1.3
v -1.9 2.3 -1.3
v -1.9 2.4 -1.3
v -1.2 3.1 -1.3
v -1.2 3.2 -1.3
v -1.1 3.1 -1.3
v -1.1 3.2 -1.3
v 1.1 3.1 -1.3
v 1.1 3.2 -1.3
v 1.2 3.1 -1.3
v 1.2 3.2 -1.3
v 1.9 0.8 -1.3
v 1.9 0.9 -1.3
v 1.9 2.3 -1.3
v 1.9 2.4 -1.3
v 2 0.8 -1.3
v 2 0.9 -1.3
v 2 2.3 -1.3
v 2 2.4 -1.3
v -2 0.7 -1.4
v -2 0.8 -1.4
v -2 2.4 -1.4
v -2 2.5 -1.4
v -1.9 0.7 -1.4
v -1.9 0.8 -1.4
v -1.9 2.4 -1.4
v -1.9 2.5 -1.4
v -1.3 3.1 -1.4
v -1.3 3.2 -1.4
v -1.2 3.1 -1.4
v -1.2 3.2 -1.4
v 1.2 3.1 -1.4
v 1.2 3.2 -1.4
v 1.3 3.1 -1.4
v 1.3 3.2 -1.4
v 1.9 0.7 -1.4
v 1.9 0.8 -1.4
v 1.9 2.4 -1.4
v 1.9 2.5 -1.4
v 2 0.7 -1.4
v 2 0.8 -1.4
v 2 2.4 -1.4
v 2 2.5 -1.4
v -2 0.6 -1.5
v -2 0.7 -1.5
v -2 2.5 -1.5
v -2 2.6 -1.5
v -1.9 0.6 -1.5
v -1.9 0.7 -1.5
v -1.9 2.5 -1.5
v -1.9 2.6 -1.5
v -1.4 3.1 -1.5
v -1.4 3.2 -1.5
v -1.3 3.1 -1.5
v -1.3 3.2 -1.5
v 1.3 3.1 -1.5
v 1.3 3.2 -1.5
v 1.4 3.1 -1.5
v 1.4 3.2 -1.5
v 1.9 0.6 -1.5
v 1.9 0.7 -1.5
v 1.9 2.5 -1.5
v 1.9 2.6 -1.5
v 2 0.6 -1.5
v 2 0.7 -1.5
v 2 2.5 -1.5
v 2 2.6 -1.5
v -2 0.5 -1.6
v -2 0.6 -1.6
v -2 2.6 -1.6
v -2 2.7 -1.6
v -1.9 0.5 -1.6
v -1.9 0.6 -1.6
v -1.9 2.6 -1.6
v -1.9 2.7 -1.6
v -1.5 3.1 -1.6
v -1.5 3.2 -1.6
v -1.4 3.1 -1.6
v -1.4 3.2 -1.6
v 1.4 3.1 -1.6
v 1.4 3.2 -1.6
v 1.5 3.1 -1.6
v 1.5 3.2 -1.6
v 1.9 0.5 -1.6
v 1.9 0.6 -1.6
v 1.9 2.6 -1.6
v 1.9 2.7 -1.6
v 2 0.5 -1.6
v 2 0.6 -1.6
v 2 2.6 -1.6
v 2 2.7 -1.6
v -2 0.4 -1.7
v -2 0.5 -1.7
v -2 2.7 -1.7
v -2 2.8 -1.7
v -1.9 0.4 -1.7
v -1.9 0.5 -1.7
v -1.9 2.7 -1.7
v -1.9 2.8 -1.7
v 1.9 0.4 -1.7
v 1.9 0.5 -1.7
v 1.9 2.7 -1.7
v 1.9 2.8 -1.7
v 2 0.4 -1.7
v 2 0.5 -1.7
v 2 2.7 -1.7
v 2 2.8 -1.7
v -1.8 0.4 -1.9
v -1.8 2.8 -1.9
v -1.7 0.4 -1.9
v -1.7 0.5 -1.9
v -1.7 0.9 -1.9
v -1.7 1.3 -1.9
v -1.7 2.7 -1.9
v -1.7 2.8 -1.9
v -1.6 0.2 -1.9
v -1.6 0.3 -1.9
v -1.6 0.5 -1.9
v -1.6 0.6 -1.9
v -1.6 0.9 -1.9
v -1.6 1.3 -1.9
v -1.6 2.3 -1.9
v -1.6 2.6 -1.9
v -1.6 2.7 -1.9
v -1.6 2.9 -1.9
v -1.6 3 -1.9
v -1.5 0.3 -1.9
v -1.5 0.4 -1.9
v -1.5 0.6 -1.9
v -1.5 0.7 -1.9
v -1.5 1.1 -1.9
v -1.5 2.1 -1.9
v -1.5 2.3 -1.9
v -1.5 2.5 -1.9
v -1.5 2.6 -1.9
v -1.5 2.8 -1.9
v -1.5 2.9 -1.9
v -1.4 0.3 -1.9
v -1.4 0.4 -1.9
v -1.4 0.5 -1.9
v -1.4 0.7 -1.9
v -1.4 0.8 -1.9
v -1.4 1.1 -1.9
v -1.4 2.1 -1.9
v -1.4 2.4 -1.9
v -1.4 2.5 -1.9
v -1.4 2.7 -1.9
v -1.4 2.8 -1.9
v -1.4 2.9 -1.9
v -1.3 0.5 -1.9
v -1.3 0.6 -1.9
v -1.3 0.8 -1.9
v -1.3 0.9 -1.9
v -1.3 2.3 -1.9
v -1.3 2.4 -1.9
v -1.3 2.6 -1.9
v -1.3 2.7 -1.9
v -1.2 0.6 -1.9
v -1.2 0.7 -1.9
v -1.2 0.9 -1.9
v -1.2 1 -1.9
v -1.2 2.2 -1.9
v -1.2 2.3 -1.9
v -1.2 2.5 -1.9
v -1.2 2.6 -1.9
v -1.1 0.6 -1.9
v -1.1 0.7 -1.9
v -1.1 0.8 -1.9
v -1.1 1 -1.9
v -1.1 1.1 -1.9
v -1.1 2.1 -1.9
v -1.1 2.2 -1.9
v -1.1 2.4 -1.9
v -1.1 2.5 -1.9
v -1.1 2.6 -1.9
v -1 0.3 -1.9
v -1 0.4 -1.9
v -1 0.7 -1.9
v -1 0.8 -1.9
v -1 0.9 -1.9
v -1 1.1 -1.9
v -1 1.2 -1.9
v -1 1.8 -1.9
v -1 2 -1.9
v -1 2.1 -1.9
v -1 2.3 -1.9
v -1 2.4 -1.9
v -1 2.7 -1.9
v -1 2.9 -1.9
v -0.9 0.4 -1.9
v -0.9 0.8 -1.9
v -0.9 0.9 -1.9
v -0.9 1 -1.9
v -0.9 1.2 -1.9
v -0.9 1.3 -1.9
v -0.9 1.8 -1.9
v -0.9 1.9 -1.9
v -0.9 2 -1.9
v -0.9 2.2 -1.9
v -0.9 2.3 -1.9
v -0.9 2.7 -1.9
v -0.8 0.8 -1.9
v -0.8 1 -1.9
v -0.8 1.1 -1.9
v -0.8 1.3 -1.9
v -0.8 1.4 -1.9
v -0.8 1.8 -1.9
v -0.8 1.9 -1.9
v -0.8 2.1 -1.9
v -0.8 2.2 -1.9
v -0.7 1.1 -1.9
v -0.7 1.2 -1.9
v -0.7 1.4 -1.9
v -0.7 1.5 -1.9
v -0.7 1.7 -1.9
v -0.7 1.8 -1.9
v -0.7 2 -1.9
v -0.7 2.1 -1.9
v -0.6 1.2 -1.9
v -0.6 1.3 -1.9
v -0.6 1.5 -1.9
v -0.6 1.6 -1.9
v -0.6 1.7 -1.9
v -0.6 1.9 -1.9
v -0.6 2 -1.9
v -0.5 1.1 -1.9
v -0.5 1.3 -1.9
v -0.5 1.4 -1.9
v -0.5 1.8 -1.9
v -0.5 1.9 -1.9
v -0.5 2.1 -1.9
v -0.4 0.6 -1.9
v -0.4 1.1 -1.9
v -0.4 1.4 -1.9
v -0.4 1.5 -1.9
v -0.4 1.7 -1.9
v -0.4 1.8 -1.9
v -0.4 2.1 -1.9
v -0.4 2.4 -1.9
v -0.3 0.4 -1.9
v -0.3 0.6 -1.9
v -0.3 1.2 -1.9
v -0.3 1.5 -1.9
v -0.3 1.7 -1.9
v -0.3 2.2 -1.9
v -0.3 2.4 -1.9
v -0.3 2.8 -1.9
v -0.2 0.3 -1.9
v -0.2 0.4 -1.9
v -0.2 0.8 -1.9
v -0.2 1.2 -1.9
v -0.2 1.4 -1.9
v -0.2 1.5 -1.9
v -0.2 1.7 -1.9
v -0.2 1.8 -1.9
v -0.2 2.2 -1.9
v -0.2 2.4 -1.9
v -0.0999999 0.2 -1.9
v -0.0999999 0.3 -1.9
v -0.0999999 0.8 -1.9
v -0.0999999 1.4 -1.9
v -0.0999999 1.8 -1.9
v -0.0999999 2.4 -1.9
v -0.0999999 2.8 -1.9
v -0.0999999 3 -1.9
v 0.1 0.2 -1.9
v 0.1 0.3 -1.9
v 0.1 0.8 -1.9
v 0.1 1.4 -1.9
v 0.1 1.8 -1.9
v 0.1 2.5 -1.9
v 0.1 2.8 -1.9
v 0.1 3 -1.9
v 0.2 0.3 -1.9
v 0.2 0.4 -1.9
v 0.2 0.8 -1.9
v 0.2 1.2 -1.9
v 0.2 1.4 -1.9
v 0.2 1.5 -1.9
v 0.2 1.7 -1.9
v 0.2 1.8 -1.9
v 0.2 2.1 -1.9
v 0.2 2.5 -1.9
v 0.3 0.4 -1.9
v 0.3 0.8 -1.9
v 0.3 1.2 -1.9
v 0.3 1.5 -1.9
v 0.3 1.7 -1.9
v 0.3 2.1 -1.9
v 0.3 2.5 -1.9
v 0.3 2.8 -1.9
v 0.4 0.8 -1.9
v 0.4 1.3 -1.9
v 0.4 1.4 -1.9
v 0.4 1.5 -1.9
v 0.4 1.7 -1.9
v 0.4 1.8 -1.9
v 0.4 2.1 -1.9
v 0.4 2.5 -1.9
v 0.5 1.3 -1.9
v 0.5 1.4 -1.9
v 0.5 1.8 -1.9
v 0.5 1.9 -1.9
v 0.5 2.1 -1.9
v 0.6 1.2 -1.9
v 0.6 1.3 -1.9
v 0.6 1.5 -1.9
v 0.6 1.6 -1.9
v 0.6 1.7 -1.9
v 0.6 1.9 -1.9
v 0.6 2 -1.9
v 0.7 1.1 -1.9
v 0.7 1.2 -1.9
v 0.7 1.4 -1.9
v 0.7 1.5 -1.9
v 0.7 1.7 -1.9
v 0.7 1.8 -1.9
v 0.7 2 -1.9
v 0.7 2.1 -1.9
v 0.8 1 -1.9
v 0.8 1.1 -1.9
v 0.8 1.3 -1.9
v 0.8 1.4 -1.9
v 0.8 1.8 -1.9
v 0.8 1.9 -1.9
v 0.8 2.1 -1.9
v 0.8 2.2 -1.9
v 0.9 0.6 -1.9
v 0.9 0.9 -1.9
v 0.9 1 -1.9
v 0.9 1.2 -1.9
v 0.9 1.3 -1.9
v 0.9 1.9 -1.9
v 0.9 2 -1.9
v 0.9 2.2 -1.9
v 0.9 2.3 -1.9
v 0.9 2.7 -1.9
v 1 0.4 -1.9
v 1 0.6 -1.9
v 1 0.8 -1.9
v 1 0.9 -1.9
v 1 1.1 -1.9
v 1 1.2 -1.9
v 1 2 -1.9
v 1 2.1 -1.9
v 1 2.3 -1.9
v 1 2.4 -1.9
v 1 2.7 -1.9
v 1 2.9 -1.9
v 1.1 0.3 -1.9
v 1.1 0.4 -1.9
v 1.1 0.6 -1.9
v 1.1 0.7 -1.9
v 1.1 0.8 -1.9
v 1.1 1 -1.9
v 1.1 1.1 -1.9
v 1.1 2.1 -1.9
v 1.1 2.2 -1.9
v 1.1 2.4 -1.9
v 1.1 2.5 -1.9
v 1.1 2.6 -1.9
v 1.2 0.6 -1.9
v 1.2 0.7 -1.9
v 1.2 0.9 -1.9
v 1.2 1 -1.9
v 1.2 2.2 -1.9
v 1.2 2.3 -1.9
v 1.2 2.5 -1.9
v 1.2 2.6 -1.9
v 1.3 0.3 -1.9
v 1.3 0.4 -1.9
v 1.3 0.5 -1.9
v 1.3 0.6 -1.9
v 1.3 0.8 -1.9
v 1.3 0.9 -1.9
v 1.3 2.3 -1.9
v 1.3 2.4 -1.9
v 1.3 2.6 -1.9
v 1.3 2.7 -1.9
v 1.4 0.4 -1.9
v 1.4 0.5 -1.9
v 1.4 0.7 -1.9
v 1.4 0.8 -1.9
v 1.4 1.2 -1.9
v 1.4 2 -1.9
v 1.4 2.4 -1.9
v 1.4 2.5 -1.9
v 1.4 2.7 -1.9
v 1.4 2.8 -1.9
v 1.4 2.9 -1.9
v 1.5 0.3 -1.9
v 1.5 0.4 -1.9
v 1.5 0.6 -1.9
v 1.5 0.7 -1.9
v 1.5 1 -1.9
v 1.5 1.2 -1.9
v 1.5 2 -1.9
v 1.5 2.3 -1.9
v 1.5 2.5 -1.9
v 1.5 2.6 -1.9
v 1.5 2.8 -1.9
v 1.5 2.9 -1.9
v 1.6 0.2 -1.9
v 1.6 0.3 -1.9
v 1.6 0.5 -1.9
v 1.6 0.6 -1.9
v 1.6 1 -1.9
v 1.6 1.5 -1.9
v 1.6 1.9 -1.9
v 1.6 2.3 -1.9
v 1.6 2.6 -1.9
v 1.6 2.7 -1.9
v 1.6 2.9 -1.9
v 1.6 3 -1.9
v 1.7 0.4 -1.9
v 1.7 0.5 -1.9
v 1.7 1.5 -1.9
v 1.7 1.9 -1.9
v 1.7 2.7 -1.9
v 1.7 2.8 -1.9
v 1.8 0.4 -1.9
v 1.8 2.8 -1.9
v -2 0 -2
v -2 0.2 -2
v -2 3.2 -2
v -1.9 0.1 -2
v -1.9 0.2 -2
v -1.9 0.3 -2
v -1.9 3 -2
v -1.8 0.3 -2
v -1.8 0.4 -2
v -1.8 2.8 -2
v -1.8 2.9 -2
v -1.8 3 -2
v -1.7 0.2 -2
v -1.7 0.3 -2
v -1.7 0.4 -2
v -1.7 0.5 -2
v -1.7 2.7 -2
v -1.7 2.8 -2
v -1.7 2.9 -2
v -1.6 0.2 -2
v -1.6 0.3 -2
v -1.6 0.4 -2
v -1.6 0.5 -2
v -1.6 0.6 -2
v -1.6 2.6 -2
v -1.6 2.7 -2
v -1.6 2.8 -2
v -1.6 2.9 -2
v -1.6 3 -2
v -1.6 3.1 -2
v -1.5 0.3 -2
v -1.5 0.4 -2
v -1.5 0.5 -2
v -1.5 0.6 -2
v -1.5 0.7 -2
v -1.5 2.5 -2
v -1.5 2.6 -2
v -1.5 2.7 -2
v -1.5 2.8 -2
v -1.5 2.9 -2
v -1.4 0.4 -2
v -1.4 0.5 -2
v -1.4 0.6 -2
v -1.4 0.7 -2
v -1.4 0.8 -2
v -1.4 2.4 -2
v -1.4 2.5 -2
v -1.4 2.6 -2
v -1.4 2.7 -2
v -1.4 2.8 -2
v -1.3 0.5 -2
v -1.3 0.6 -2
v -1.3 0.7 -2
v -1.3 0.8 -2
v -1.3 0.9 -2
v -1.3 2.3 -2
v -1.3 2.4 -2
v -1.3 2.5 -2
v -1.3 2.6 -2
v -1.3 2.7 -2
v -1.2 0.6 -2
v -1.2 0.7 -2
v -1.2 0.8 -2
v -1.2 0.9 -2
v -1.2 1 -2
v -1.2 2.2 -2
v -1.2 2.3 -2
v -1.2 2.4 -2
v -1.2 2.5 -2
v -1.2 2.6 -2
v -1.1 0.7 -2
v -1.1 0.8 -2
v -1.1 0.9 -2
v -1.1 1 -2
v -1.1 1.1 -2
v -1.1 2.1 -2
v -1.1 2.2 -2
v -1.1 2.3 -2
v -1.1 2.4 -2
v -1.1 2.5 -2
v -1 0.8 -2
v -1 0.9 -2
v -1 1 -2
v -1 1.1 -2
v -1 1.2 -2
v -1 2 -2
v -1 2.1 -2
v -1 2.2 -2
v -1 2.3 -2
v -1 2.4 -2
v -0.9 0.9 -2
v -0.9 1 -2
v -0.9 1.1 -2
v -0.9 1.2 -2
v -0.9 1.3 -2
v -0.9 1.9 -2
v -0.9 2 -2
v -0.9 2.1 -2
v -0.9 2.2 -2
v -0.9 2.3 -2
v -0.8 1 -2
v -0.8 1.1 -2
v -0.8 1.2 -2
v -0.8 1.3 -2
v -0.8 1.4 -2
v -0.8 1.8 -2
v -0.8 1.9 -2
v -0.8 2 -2
v -0.8 2.1 -2
v -0.8 2.2 -2
v -0.7 1.1 -2
v -0.7 1.2 -2
v -0.7 1.3 -2
v -0.7 1.4 -2
v -0.7 1.5 -2
v -0.7 1.7 -2
v -0.7 1.8 -2
v -0.7 1.9 -2
v -0.7 2 -2
v -0.7 2.1 -2
v -0.6 1.2 -2
v -0.6 1.3 -2
v -0.6 1.4 -2
v -0.6 1.5 -2
v -0.6 1.6 -2
v -0.6 1.7 -2
v -0.6 1.8 -2
v -0.6 1.9 -2
v -0.6 2 -2
v -0.5 1.3 -2
v -0.5 1.4 -2
v -0.5 1.5 -2
v -0.5 1.6 -2
v -0.5 1.7 -2
v -0.5 1.8 -2
v -0.5 1.9 -2
v -0.4 1.4 -2
v -0.4 1.5 -2
v -0.4 1.7 -2
v -0.4 1.8 -2
v -0.2 1.4 -2
v -0.2 1.5 -2
v -0.2 1.7 -2
v -0.2 1.8 -2
v -0.0999999 0.2 -2
v -0.0999999 1.4 -2
v -0.0999999 1.8 -2
v -0.0999999 3 -2
v -0.0999999 3.1 -2
v 0.1 0.2 -2
v 0.1 1.4 -2
v 0.1 1.8 -2
v 0.1 3 -2
v 0.1 3.1 -2
v 0.2 1.4 -2
v 0.2 1.5 -2
v 0.2 1.7 -2
v 0.2 1.8 -2
v 0.4 1.4 -2
v 0.4 1.5 -2
v 0.4 1.7 -2
v 0.4 1.8 -2
v 0.5 1.3 -2
v 0.5 1.4 -2
v 0.5 1.5 -2
v 0.5 1.6 -2
v 0.5 1.7 -2
v 0.5 1.8 -2
v 0.5 1.9 -2
v 0.6 1.2 -2
v 0.6 1.3 -2
v 0.6 1.4 -2
v 0.6 1.5 -2
v 0.6 1.6 -2
v 0.6 1.7 -2
v 0.6 1.8 -2
v 0.6 1.9 -2
v 0.6 2 -2
v 0.7 1.1 -2
v 0.7 1.2 -2
v 0.7 1.3 -2
v 0.7 1.4 -2
v 0.7 1.5 -2
v 0.7 1.7 -2
v 0.7 1.8 -2
v 0.7 1.9 -2
v 0.7 2 -2
v 0.7 2.1 -2
v 0.8 1 -2
v 0.8 1.1 -2
v 0.8 1.2 -2
v 0.8 1.3 -2
v 0.8 1.4 -2
v 0.8 1.8 -2
v 0.8 1.9 -2
v 0.8 2 -2
v 0.8 2.1 -2
v 0.8 2.2 -2
v 0.9 0.9 -2
v 0.9 1 -2
v 0.9 1.1 -2
v 0.9 1.2 -2
v 0.9 1.3 -2
v 0.9 1.9 -2
v 0.9 2 -2
v 0.9 2.1 -2
v 0.9 2.2 -2
v 0.9 2.3 -2
v 1 0.8 -2
v 1 0.9 -2
v 1 1 -2
v 1 1.1 -2
v 1 1.2 -2
v 1 2 -2
v 1 2.1 -2
v 1 2.2 -2
v 1 2.3 -2
v 1 2.4 -2
v 1.1 0.7 -2
v 1.1 0.8 -2
v 1.1 0.9 -2
v 1.1 1 -2
v 1.1 1.1 -2
v 1.1 2.1 -2
v 1.1 2.2 -2
v 1.1 2.3 -2
v 1.1 2.4 -2
v 1.1 2.5 -2
v 1.2 0.6 -2
v 1.2 0.7 -2
v 1.2 0.8 -2
v 1.2 0.9 -2
v 1.2 1 -2
v 1.2 2.2 -2
v 1.2 2.3 -2
v 1.2 2.4 -2
v 1.2 2.5 -2
v 1.2 2.6 -2
v 1.3 0.5 -2
v 1.3 0.6 -2
v 1.3 0.7 -2
v 1.3 0.8 -2
v 1.3 0.9 -2
v 1.3 2.3 -2
v 1.3 2.4 -2
v 1.3 2.5 -2
v 1.3 2.6 -2
v 1.3 2.7 -2
v 1.4 0.4 -2
v 1.4 0.5 -2
v 1.4 0.6 -2
v 1.4 0.7 -2
v 1.4 0.8 -2
v 1.4 2.4 -2
v 1.4 2.5 -2
v 1.4 2.6 -2
v 1.4 2.7 -2
v 1.4 2.8 -2
v 1.5 0.3 -2
v 1.5 0.4 -2
v 1.5 0.5 -2
v 1.5 0.6 -2
v 1.5 0.7 -2
v 1.5 2.5 -2
v 1.5 2.6 -2
v 1.5 2.7 -2
v 1.5 2.8 -2
v 1.5 2.9 -2
v 1.6 0.2 -2
v 1.6 0.3 -2
v 1.6 0.4 -2
v 1.6 0.5 -2
v 1.6 0.6 -2
v 1.6 2.6 -2
v 1.6 2.7 -2
v 1.6 2.8 -2
v 1.6 2.9 -2
v 1.6 3 -2
v 1.6 3.1 -2
v 1.7 0.2 -2
v 1.7 0.3 -2
v 1.7 0.4 -2
v 1.7 0.5 -2
v 1.7 2.7 -2
v 1.7 2.8 -2
v 1.7 2.9 -2
v 1.8 0.3 -2
v 1.8 0.4 -2
v 1.8 2.8 -2
v 1.8 2.9 -2
v 1.8 3 -2
v 1.9 0.1 -2
v 1.9 0.2 -2
v 1.9 0.3 -2
v 1.9 3 -2
v 2 0 -2
v 2 0.2 -2
v 2 3.2 -2
v -2 0 2
v 2 0 2
v -1.9 0 1.9
v 1.9 0 1.9
v -1.9 0 -1.9
v 1.9 0 -1.9
v -2 0 -2
v 2 0 -2
v -1.6 0.3 2
v -1.5 0.3 2
v 1.5 0.3 2
v 1.6 0.3 2
v -1.6 0.3 1.9
v -1.5 0.3 1.9
v 1.5 0.3 1.9
v 1.6 0.3 1.9
v -2 0.3 1.6
v -1.9 0.3 1.6
v 1.9 0.3 1.6
v 2 0.3 1.6
v -2 0.3 1.5
v -1.9 0.3 1.5
v 1.9 0.3 1.5
v 2 0.3 1.5
v -2 0.3 -1.5
v -1.9 0.3 -1.5
v 1.9 0.3 -1.5
v 2 0.3 -1.5
v -2 0.3 -1.6
v -1.9 0.3 -1.6
v 1.9 0.3 -1.6
v 2 0.3 -1.6
v -1.6 0.3 -1.9
v -1.5 0.3 -1.9
v 1.5 0.3 -1.9
v 1.6 0.3 -1.9
v -1.6 0.3 -2
v -1.5 0.3 -2
v 1.5 0.3 -2
v 1.6 0.3 -2
v -1.5 0.4 2
v -1.4 0.4 2
v 1.4 0.4 2
v 1.5 0.4 2
v -1.5 0.4 1.9
v -1.4 0.4 1.9
v 1.4 0.4 1.9
v 1.5 0.4 1.9
v -2 0.4 1.5
v -1.9 0.4 1.5
v 1.9 0.4 1.5
v 2 0.4 1.5
v -2 0.4 1.4
v -1.9 0.4 1.4
v 1.9 0.4 1.4
v 2 0.4 1.4
v -2 0.4 -1.4
v -1.9 0.4 -1.4
v 1.9 0.4 -1.4
v 2 0.4 -1.4
v -2 0.4 -1.5
v -1.9 0.4 -1.5
v 1.9 0.4 -1.5
v 2 0.4 -1.5
v -1.5 0.4 -1.9
v -1.4 0.4 -1.9
v 1.4 0.4 -1.9
v 1.5 0.4 -1.9
v -1.5 0.4 -2
v -1.4 0.4 -2
v 1.4 0.4 -2
v 1.5 0.4 -2
v -1.4 0.5 2
v -1.3 0.5 2
v 1.3 0.5 2
v 1.4 0.5 2
v -1.4 0.5 1.9
v -1.3 0.5 1.9
v 1.3 0.5 1.9
v 1.4 0.5 1.9
v -2 0.5 1.4
v -1.9 0.5 1.4
v 1.9 0.5 1.4
v 2 0.5 1.4
v -2 0.5 1.3
v -1.9 0.5 1.3
v 1.9 0.5 1.3
v 2 0.5 1.3
v -2 0.5 -1.3
v -1.9 0.5 -1.3
v 1.9 0.5 -1.3
v 2 0.5 -1.3
v -2 0.5 -1.4
v -1.9 0.5 -1.4
v 1.9 0.5 -1.4
v 2 0.5 -1.4
v -1.4 0.5 -1.9
v -1.3 0.5 -1.9
v 1.3 0.5 -1.9
v 1.4 0.5 -1.9
v -1.4 0.5 -2
v -1.3 0.5 -2
v 1.3 0.5 -2
v 1.4 0.5 -2
v -1.3 0.6 2
v -1.2 0.6 2
v 1.2 0.6 2
v 1.3 0.6 2
v -1.3 0.6 1.9
v -1.2 0.6 1.9
v 1.2 0.6 1.9
v 1.3 0.6 1.9
v -2 0.6 1.3
v -1.9 0.6 1.3
v 1.9 0.6 1.3
v 2 0.6 1.3
v -2 0.6 1.2
v -1.9 0.6 1.2
v 1.9 0.6 1.2
v 2 0.6 1.2
v -2 0.6 -1.2
v -1.9 0.6 -1.2
v 1.9 0.6 -1.2
v 2 0.6 -1.2
v -2 0.6 -1.3
v -1.9 0.6 -1.3
v 1.9 0.6 -1.3
v 2 0.6 -1.3
v -1.3 0.6 -1.9
v -1.2 0.6 -1.9
v 1.2 0.6 -1.9
v 1.3 0.6 -1.9
v -1.3 0.6 -2
v -1.2 0.6 -2
v 1.2 0.6 -2
v 1.3 0.6 -2
v -1.2 0.7 2
v -1.1 0.7 2
v 1.1 0.7 2
v 1.2 0.7 2
v -1.2 0.7 1.9
v -1.1 0.7 1.9
v 1.1 0.7 1.9
v 1.2 0.7 1.9
v -2 0.7 1.2
v -1.9 0.7 1.2
v 1.9 0.7 1.2
v 2 0.7 1.2
v -2 0.7 1.1
v -1.9 0.7 1.1
v 1.9 0.7 1.1
v 2 0.7 1.1
v -2 0.7 -1.1
v -1.9 0.7 -1.1
v 1.9 0.7 -1.1
v 2 0.7 -1.1
v -2 0.7 -1.2
v -1.9 0.7 -1.2
v 1.9 0.7 -1.2
v 2 0.7 -1.2
v -1.2 0.7 -1.9
v -1.1 0.7 -1.9
v 1.1 0.7 -1.9
v 1.2 0.7 -1.9
v -1.2 0.7 -2
v -1.1 0.7 -2
v 1.1 0.7 -2
v 1.2 0.7 -2
v -1.1 0.8 2
v -1 0.8 2
v 1 0.8 2
v 1.1 0.8 2
v -1.1 0.8 1.9
v -1 0.8 1.9
v 1 0.8 1.9
v 1.1 0.8 1.9
v -2 0.8 1.1
v -1.9 0.8 1.1
v 1.9 0.8 1.1
v 2 0.8 1.1
v -2 0.8 1
v -1.9 0.8 1
v 1.9 0.8 1
v 2 0.8 1
v -2 0.8 -1
v -1.9 0.8 -1
v 1.9 0.8 -1
v 2 0.8 -1
v -2 0.8 -1.1
v -1.9 0.8 -1.1
v 1.9 0.8 -1.1
v 2 0.8 -1.1
v -1.1 0.8 -1.9
v -1 0.8 -1.9
v 1 0.8 -1.9
v 1.1 0.8 -1.9
v -1.1 0.8 -2
v -1 0.8 -2
v 1 0.8 -2
v 1.1 0.8 -2
v -1 0.9 2
v -0.9 0.9 2
v 0.9 0.9 2
v 1 0.9 2
v -1 0.9 1.9
v -0.9 0.9 1.9
v 0.9 0.9 1.9
v 1 0.9 1.9
v -2 0.9 1
v -1.9 0.9 1
v 1.9 0.9 1
v 2 0.9 1
v -2 0.9 0.9
v -1.9 0.9 0.9
v 1.9 0.9 0.9
v 2 0.9 0.9
v -2 0.9 -0.9
v -1.9 0.9 -0.9
v 1.9 0.9 -0.9
v 2 0.9 -0.9
v -2 0.9 -1
v -1.9 0.9 -1
v 1.9 0.9 -1
v 2 0.9 -1
v -1 0.9 -1.9
v -0.9 0.9 -1.9
v 0.9 0.9 -1.9
v 1 0.9 -1.9
v -1 0.9 -2
v -0.9 0.9 -2
v 0.9 0.9 -2
v 1 0.9 -2
v -0.9 1 2
v -0.8 1 2
v 0.8 1 2
v 0.9 1 2
v -0.9 1 1.9
v -0.8 1 1.9
v 0.8 1 1.9
v 0.9 1 1.9
v -2 1 0.9
v -1.9 1 0.9
v 1.9 1 0.9
v 2 1 0.9
v -2 1 0.8
v -1.9 1 0.8
v 1.9 1 0.8
v 2 1 0.8
v -2 1 -0.8
v -1.9 1 -0.8
v 1.9 1 -0.8
v 2 1 -0.8
v -2 1 -0.9
v -1.9 1 -0.9
v 1.9 1 -0.9
v 2 1 -0.9
v -0.9 1 -1.9
v -0.8 1 -1.9
v 0.8 1 -1.9
v 0.9 1 -1.9
v -0.9 1 -2
v -0.8 1 -2
v 0.8 1 -2
v 0.9 1 -2
v -0.8 1.1 2
v -0.7 1.1 2
v 0.7 1.1 2
v 0.8 1.1 2
v -0.8 1.1 1.9
v -0.7 1.1 1.9
v 0.7 1.1 1.9
v 0.8 1.1 1.9
v -2 1.1 0.8
v -1.9 1.1 0.8
v 1.9 1.1 0.8
v 2 1.1 0.8
v -2 1.1 0.7
v -1.9 1.1 0.7
v 1.9 1.1 0.7
v 2 1.1 0.7
v -2 1.1 -0.7
v -1.9 1.1 -0.7
v 1.9 1.1 -0.7
v 2 1.1 -0.7
v -2 1.1 -0.8
v -1.9 1.1 -0.8
v 1.9 1.1 -0.8
v 2 1.1 -0.8
v -0.8 1.1 -1.9
v -0.7 1.1 -1.9
v 0.7 1.1 -1.9
v 0.8 1.1 -1.9
v -0.8 1.1 -2
v -0.7 1.1 -2
v 0.7 1.1 -2
v 0.8 1.1 -2
v -0.7 1.2 2
v -0.6 1.2 2
v 0.6 1.2 2
v 0.7 1.2 2
v -0.7 1.2 1.9
v -0.6 1.2 1.9
v 0.6 1.2 1.9
v 0.7 1.2 1.9
v -2 1.2 0.7
v -1.9 1.2 0.7
v 1.9 1.2 0.7
v 2 1.2 0.7
v -2 1.2 0.6
v -1.9 1.2 0.6
v 1.9 1.2 0.6
v 2 1.2 0.6
v -2 1.2 -0.6
v -1.9 1.2 -0.6
v 1.9 1.2 -0.6
v 2 1.2 -0.6
v -2 1.2 -0.7
v -1.9 1.2 -0.7
v 1.9 1.2 -0.7
v 2 1.2 -0.7
v -0.7 1.2 -1.9
v -0.6 1.2 -1.9
v 0.6 1.2 -1.9
v 0.7 1.2 -1.9
v -0.7 1.2 -2
v -0.6 1.2 -2
v 0.6 1.2 -2
v 0.7 1.2 -2
v -0.6 1.3 2
v -0.5 1.3 2
v 0.5 1.3 2
v 0.6 1.3 2
v -0.6 1.3 1.9
v -0.5 1.3 1.9
v 0.5 1.3 1.9
v 0.6 1.3 1.9
v -2 1.3 0.6
v -1.9 1.3 0.6
v 1.9 1.3 0.6
v 2 1.3 0.6
v -2 1.3 0.5
v -1.9 1.3 0.5
v 1.9 1.3 0.5
v 2 1.3 0.5
v -2 1.3 -0.5
v -1.9 1.3 -0.5
v 1.9 1.3 -0.5
v 2 1.3 -0.5
v -2 1.3 -0.6
v -1.9 1.3 -0.6
v 1.9 1.3 -0.6
v 2 1.3 -0.6
v -0.6 1.3 -1.9
v -0.5 1.3 -1.9
v 0.5 1.3 -1.9
v 0.6 1.3 -1.9
v -0.6 1.3 -2
v -0.5 1.3 -2
v 0.5 1.3 -2
v 0.6 1.3 -2
v -0.5 1.4 2
v -0.4 1.4 2
v -0.2 1.4 2
v -0.0999999 1.4 2
v 0.1 1.4 2
v 0.2 1.4 2
v 0.4 1.4 2
v 0.5 1.4 2
v -0.5 1.4 1.9
v -0.4 1.4 1.9
v -0.2 1.4 1.9
v -0.0999999 1.4 1.9
v 0.1 1.4 1.9
v 0.2 1.4 1.9
v 0.4 1.4 1.9
v 0.5 1.4 1.9
v -2 1.4 0.5
v -1.9 1.4 0.5
v 1.9 1.4 0.5
v 2 1.4 0.5
v -2 1.4 0.4
v -1.9 1.4 0.4
v 1.9 1.4 0.4
v 2 1.4 0.4
v -2 1.4 0.2
v -1.9 1.4 0.2
v 1.9 1.4 0.2
v 2 1.4 0.2
v -2 1.4 0.0999999
v -1.9 1.4 0.0999999
v 1.9 1.4 0.0999999
v 2 1.4 0.0999999
v -2 1.4 -0.1
v -1.9 1.4 -0.1
v 1.9 1.4 -0.1
v 2 1.4 -0.1
v -2 1.4 -0.2
v -1.9 1.4 -0.2
v 1.9 1.4 -0.2
v 2 1.4 -0.2
v -2 1.4 -0.4
v -1.9 1.4 -0.4
v 1.9 1.4 -0.4
v 2 1.4 -0.4
v -2 1.4 -0.5
v -1.9 1.4 -0.5
v 1.9 1.4 -0.5
v 2 1.4 -0.5
v -0.5 1.4 -1.9
v -0.4 1.4 -1.9
v -0.2 1.4 -1.9
v -0.0999999 1.4 -1.9
v 0.1 1.4 -1.9
v 0.2 1.4 -1.9
v 0.4 1.4 -1.9
v 0.5 1.4 -1.9
v -0.5 1.4 -2
v -0.4 1.4 -2
v -0.2 1.4 -2
v -0.0999999 1.4 -2
v 0.1 1.4 -2
v 0.2 1.4 -2
v 0.4 1.4 -2
v 0.5 1.4 -2
v -0.4 1.5 2
v -0.2 1.5 2
v 0.2 1.5 2
v 0.4 1.5 2
v -0.4 1.5 1.9
v -0.3 1.5 1.9
v -0.2 1.5 1.9
v 0.2 1.5 1.9
v 0.3 1.5 1.9
v 0.4 1.5 1.9
v -2 1.5 0.4
v -1.9 1.5 0.4
v 1.9 1.5 0.4
v 2 1.5 0.4
v -1.9 1.5 0.3
v 1.9 1.5 0.3
v -2 1.5 0.2
v -1.9 1.5 0.2
v 1.9 1.5 0.2
v 2 1.5 0.2
v -2 1.5 -0.2
v -1.9 1.5 -0.2
v 1.9 1.5 -0.2
v 2 1.5 -0.2
v -1.9 1.5 -0.3
v 1.9 1.5 -0.3
v -2 1.5 -0.4
v -1.9 1.5 -0.4
v 1.9 1.5 -0.4
v 2 1.5 -0.4
v -0.4 1.5 -1.9
v -0.3 1.5 -1.9
v -0.2 1.5 -1.9
v 0.2 1.5 -1.9
v 0.3 1.5 -1.9
v 0.4 1.5 -1.9
v -0.4 1.5 -2
v -0.2 1.5 -2
v 0.2 1.5 -2
v 0.4 1.5 -2
v -0.7 1.7 2
v -0.6 1.7 2
v 0.6 1.7 2
v 0.7 1.7 2
v -0.7 1.7 1.9
v -0.6 1.7 1.9
v 0.6 1.7 1.9
v 0.7 1.7 1.9
v -2 1.7 0.7
v -1.9 1.7 0.7
v 1.9 1.7 0.7
v 2 1.7 0.7
v -2 1.7 0.6
v -1.9 1.7 0.6
v 1.9 1.7 0.6
v 2 1.7 0.6
v -2 1.7 -0.6
v -1.9 1.7 -0.6
v 1.9 1.7 -0.6
v 2 1.7 -0.6
v -2 1.7 -0.7
v -1.9 1.7 -0.7
v 1.9 1.7 -0.7
v 2 1.7 -0.7
v -0.7 1.7 -1.9
v -0.6 1.7 -1.9
v 0.6 1.7 -1.9
v 0.7 1.7 -1.9
v -0.7 1.7 -2
v -0.6 1.7 -2
v 0.6 1.7 -2
v 0.7 1.7 -2
v -0.8 1.8 2
v -0.7 1.8 2
v 0.7 1.8 2
v 0.8 1.8 2
v -0.8 1.8 1.9
v -0.7 1.8 1.9
v 0.7 1.8 1.9
v 0.8 1.8 1.9
v -2 1.8 0.8
v -1.9 1.8 0.8
v 1.9 1.8 0.8
v 2 1.8 0.8
v -2 1.8 0.7
v -1.9 1.8 0.7
v 1.9 1.8 0.7
v 2 1.8 0.7
v -2 1.8 -0.7
v -1.9 1.8 -0.7
v 1.9 1.8 -0.7
v 2 1.8 -0.7
v -2 1.8 -0.8
v -1.9 1.8 -0.8
v 1.9 1.8 -0.8
v 2 1.8 -0.8
v -0.8 1.8 -1.9
v -0.7 1.8 -1.9
v 0.7 1.8 -1.9
v 0.8 1.8 -1.9
v -0.8 1.8 -2
v -0.7 1.8 -2
v 0.7 1.8 -2
v 0.8 1.8 -2
v -0.9 1.9 2
v -0.8 1.9 2
v 0.8 1.9 2
v 0.9 1.9 2
v -0.9 1.9 1.9
v -0.8 1.9 1.9
v 0.8 1.9 1.9
v 0.9 1.9 1.9
v -2 1.9 0.9
v -1.9 1.9 0.9
v 1.9 1.9 0.9
v 2 1.9 0.9
v -2 1.9 0.8
v -1.9 1.9 0.8
v 1.9 1.9 0.8
v 2 1.9 0.8
v -2 1.9 -0.8
v -1.9 1.9 -0.8
v 1.9 1.9 -0.8
v 2 1.9 -0.8
v -2 1.9 -0.9
v -1.9 1.9 -0.9
v 1.9 1.9 -0.9
v 2 1.9 -0.9
v -0.9 1.9 -1.9
v -0.8 1.9 -1.9
v 0.8 1.9 -1.9
v 0.9 1.9 -1.9
v -0.9 1.9 -2
v -0.8 1.9 -2
v 0.8 1.9 -2
v 0.9 1.9 -2
v -1 2 2
v -0.9 2 2
v 0.9 2 2
v 1 2 2
v -1 2 1.9
v -0.9 2 1.9
v 0.9 2 1.9
v 1 2 1.9
v -2 2 1
v -1.9 2 1
v 1.9 2 1
v 2 2 1
v -2 2 0.9
v -1.9 2 0.9
v 1.9 2 0.9
v 2 2 0.9
v -2 2 -0.9
v -1.9 2 -0.9
v 1.9 2 -0.9
v 2 2 -0.9
v -2 2 -1
v -1.9 2 -1
v 1.9 2 -1
v 2 2 -1
v -1 2 -1.9
v -0.9 2 -1.9
v 0.9 2 -1.9
v 1 2 -1.9
v -1 2 -2
v -0.9 2 -2
v 0.9 2 -2
v 1 2 -2
v -1.1 2.1 2
v -1 2.1 2
v 1 2.1 2
v 1.1 2.1 2
v -1.1 2.1 1.9
v -1 2.1 1.9
v 1 2.1 1.9
v 1.1 2.1 1.9
v -2 2.1 1.1
v -1.9 2.1 1.1
v 1.9 2.1 1.1
v 2 2.1 1.1
v -2 2.1 1
v -1.9 2.1 1
v 1.9 2.1 1
v 2 2.1 1
v -2 2.1 -1
v -1.9 2.1 -1
v 1.9 2.1 -1
v 2 2.1 -1
v -2 2.1 -1.1
v -1.9 2.1 -1.1
v 1.9 2.1 -1.1
v 2 2.1 -1.1
v -1.1 2.1 -1.9
v -1 2.1 -1.9
v 1 2.1 -1.9
v 1.1 2.1 -1.9
v -1.1 2.1 -2
v -1 2.1 -2
v 1 2.1 -2
v 1.1 2.1 -2
v -1.2 2.2 2
v -1.1 2.2 2
v 1.1 2.2 2
v 1.2 2.2 2
v -1.2 2.2 1.9
v -1.1 2.2 1.9
v 1.1 2.2 1.9
v 1.2 2.2 1.9
v -2 2.2 1.2
v -1.9 2.2 1.2
v 1.9 2.2 1.2
v 2 2.2 1.2
v -2 2.2 1.1
v -1.9 2.2 1.1
v 1.9 2.2 1.1
v 2 2.2 1.1
v -2 2.2 -1.1
v -1.9 2.2 -1.1
v 1.9 2.2 -1.1
v 2 2.2 -1.1
v -2 2.2 -1.2
v -1.9 2.2 -1.2
v 1.9 2.2 -1.2
v 2 2.2 -1.2
v -1.2 2.2 -1.9
v -1.1 2.2 -1.9
v 1.1 2.2 -1.9
v 1.2 2.2 -1.9
v -1.2 2.2 -2
v -1.1 2.2 -2
v 1.1 2.2 -2
v 1.2 2.2 -2
v -1.3 2.3 2
v -1.2 2.3 2
v 1.2 2.3 2
v 1.3 2.3 2
v -1.3 2.3 1.9
v -1.2 2.3 1.9
v 1.2 2.3 1.9
v 1.3 2.3 1.9
v -2 2.3 1.3
v -1.9 2.3 1.3
v 1.9 2.3 1.3
v 2 2.3 1.3
v -2 2.3 1.2
v -1.9 2.3 1.2
v 1.9 2.3 1.2
v 2 2.3 1.2
v -2 2.3 -1.2
v -1.9 2.3 -1.2
v 1.9 2.3 -1.2
v 2 2.3 -1.2
v -2 2.3 -1.3
v -1.9 2.3 -1.3
v 1.9 2.3 -1.3
v 2 2.3 -1.3
v -1.3 2.3 -1.9
v -1.2 2.3 -1.9
v 1.2 2.3 -1.9
v 1.3 2.3 -1.9
v -1.3 2.3 -2
v -1.2 2.3 -2
v 1.2 2.3 -2
v 1.3 2.3 -2
v -1.4 2.4 2
v -1.3 2.4 2
v 1.3 2.4 2
v 1.4 2.4 2
v -1.4 2.4 1.9
v -1.3 2.4 1.9
v 1.3 2.4 1.9
v 1.4 2.4 1.9
v -2 2.4 1.4
v -1.9 2.4 1.4
v 1.9 2.4 1.4
v 2 2.4 1.4
v -2 2.4 1.3
v -1.9 2.4 1.3
v 1.9 2.4 1.3
v 2 2.4 1.3
v -2 2.4 -1.3
v -1.9 2.4 -1.3
v 1.9 2.4 -1.3
v 2 2.4 -1.3
v -2 2.4 -1.4
v -1.9 2.4 -1.4
v 1.9 2.4 -1.4
v 2 2.4 -1.4
v -1.4 2.4 -1.9
v -1.3 2.4 -1.9
v 1.3 2.4 -1.9
v 1.4 2.4 -1.9
v -1.4 2.4 -2
v -1.3 2.4 -2
v 1.3 2.4 -2
v 1.4 2.4 -2
v -1.5 2.5 2
v -1.4 2.5 2
v 1.4 2.5 2
v 1.5 2.5 2
v -1.5 2.5 1.9
v -1.4 2.5 1.9
v 1.4 2.5 1.9
v 1.5 2.5 1.9
v -2 2.5 1.5
v -1.9 2.5 1.5
v 1.9 2.5 1.5
v 2 2.5 1.5
v -2 2.5 1.4
v -1.9 2.5 1.4
v 1.9 2.5 1.4
v 2 2.5 1.4
v -2 2.5 -1.4
v -1.9 2.5 -1.4
v 1.9 2.5 -1.4
v 2 2.5 -1.4
v -2 2.5 -1.5
v -1.9 2.5 -1.5
v 1.9 2.5 -1.5
v 2 2.5 -1.5
v -1.5 2.5 -1.9
v -1.4 2.5 -1.9
v 1.4 2.5 -1.9
v 1.5 2.5 -1.9
v -1.5 2.5 -2
v -1.4 2.5 -2
v 1.4 2.5 -2
v 1.5 2.5 -2
v -1.6 2.6 2
v -1.5 2.6 2
v 1.5 2.6 2
v 1.6 2.6 2
v -1.6 2.6 1.9
v -1.5 2.6 1.9
v 1.5 2.6 1.9
v 1.6 2.6 1.9
v -2 2.6 1.6
v -1.9 2.6 1.6
v 1.9 2.6 1.6
v 2 2.6 1.6
v -2 2.6 1.5
v -1.9 2.6 1.5
v 1.9 2.6 1.5
v 2 2.6 1.5
v -2 2.6 -1.5
v -1.9 2.6 -1.5
v 1.9 2.6 -1.5
v 2 2.6 -1.5
v -2 2.6 -1.6
v -1.9 2.6 -1.6
v 1.9 2.6 -1.6
v 2 2.6 -1.6
v -1.6 2.6 -1.9
v -1.5 2.6 -1.9
v 1.5 2.6 -1.9
v 1.6 2.6 -1.9
v -1.6 2.6 -2
v -1.5 2.6 -2
v 1.5 2.6 -2
v 1.6 2.6 -2
v -1.7 2.7 2
v -1.6 2.7 2
v 1.6 2.7 2
v 1.7 2.7 2
v -1.7 2.7 1.9
v -1.6 2.7 1.9
v 1.6 2.7 1.9
v 1.7 2.7 1.9
v -2 2.7 1.7
v -1.9 2.7 1.7
v 1.9 2.7 1.7
v 2 2.7 1.7
v -2 2.7 1.6
v -1.9 2.7 1.6
v 1.9 2.7 1.6
v 2 2.7 1.6
v -2 2.7 -1.6
v -1.9 2.7 -1.6
v 1.9 2.7 -1.6
v 2 2.7 -1.6
v -2 2.7 -1.7
v -1.9 2.7 -1.7
v 1.9 2.7 -1.7
v 2 2.7 -1.7
v -1.7 2.7 -1.9
v -1.6 2.7 -1.9
v 1.6 2.7 -1.9
v 1.7 2.7 -1.9
v -1.7 2.7 -2
v -1.6 2.7 -2
v 1.6 2.7 -2
v 1.7 2.7 -2
v -1.8 2.8 2
v -1.7 2.8 2
v 1.7 2.8 2
v 1.8 2.8 2
v -1.8 2.8 1.9
v -1.7 2.8 1.9
v 1.7 2.8 1.9
v 1.8 2.8 1.9
v -2 2.8 1.8
v -1.9 2.8 1.8
v 1.9 2.8 1.8
v 2 2.8 1.8
v -2 2.8 1.7
v -1.9 2.8 1.7
v 1.9 2.8 1.7
v 2 2.8 1.7
v -2 2.8 -1.7
v -1.9 2.8 -1.7
v 1.9 2.8 -1.7
v 2 2.8 -1.7
v -2 2.8 -1.8
v -1.9 2.8 -1.8
v 1.9 2.8 -1.8
v 2 2.8 -1.8
v -1.8 2.8 -1.9
v -1.7 2.8 -1.9
v 1.7 2.8 -1.9
v 1.8 2.8 -1.9
v -1.8 2.8 -2
v -1.7 2.8 -2
v 1.7 2.8 -2
v 1.8 2.8 -2
v -1.6 3 2
v -0.0999999 3 2
v 0.1 3 2
v 1.6 3 2
v -1.6 3 1.9
v -0.0999999 3 1.9
v 0.1 3 1.9
v 1.6 3 1.9
v -2 3 1.6
v -1.9 3 1.6
v -1.6 3 1.6
v 1.6 3 1.6
v 1.9 3 1.6
v 2 3 1.6
v -0.8 3 1.5
v 0.7 3 1.5
v -1 3 1.4
v -0.8 3 1.4
v 0.7 3 1.4
v 0.9 3 1.4
v -1.2 3 1.3
v -1 3 1.3
v 0.9 3 1.3
v 1.1 3 1.3
v -1.3 3 1.2
v -1.2 3 1.2
v 1.1 3 1.2
v 1.2 3 1.2
v -1.4 3 1
v -1.3 3 1
v -0.6 3 1
v 0.5 3 1
v 1.2 3 1
v 1.3 3 1
v -0.8 3 0.9
v -0.6 3 0.9
v 0.5 3 0.9
v 0.7 3 0.9
v -1.5 3 0.8
v -1.4 3 0.8
v -1 3 0.8
v -0.8 3 0.8
v 0.7 3 0.8
v 0.9 3 0.8
v 1.3 3 0.8
v 1.4 3 0.8
v -1.1 3 0.7
v -1 3 0.7
v 0.9 3 0.7
v 1 3 0.7
v 0.3 3 0.6
v 0.4 3 0.6
v -1.2 3 0.5
v -1.1 3 0.5
v 0.2 3 0.5
v 0.3 3 0.5
v 0.4 3 0.5
v 1 3 0.5
v 1.1 3 0.5
v 1.4 3 0.5
v 1.5 3 0.5
v -0.2 3 0.4
v -0.0999999 3 0.4
v 0.1 3 0.4
v 0.2 3 0.4
v 0.3 3 0.4
v -1.3 3 0.3
v -1.2 3 0.3
v -0.2 3 0.3
v -0.0999999 3 0.3
v 0.1 3 0.3
v 0.2 3 0.3
v 1.1 3 0.3
v 1.2 3 0.3
v -0.0999999 3 0.2
v 0.1 3 0.2
v -2 3 0.0999999
v -1.9 3 0.0999999
v 1.9 3 0.0999999
v 2 3 0.0999999
v -2 3 -0.1
v -1.9 3 -0.1
v 1.9 3 -0.1
v 2 3 -0.1
v -1.3 3 -0.3
v -1.2 3 -0.3
v 1.1 3 -0.3
v 1.2 3 -0.3
v -1.2 3 -0.5
v -1.1 3 -0.5
v 1 3 -0.5
v 1.1 3 -0.5
v 1.4 3 -0.6
v 1.5 3 -0.6
v -1.1 3 -0.7
v -1 3 -0.7
v 0.9 3 -0.7
v 1 3 -0.7
v -1.5 3 -0.8
v -1.4 3 -0.8
v -1 3 -0.8
v -0.8 3 -0.8
v 0.7 3 -0.8
v 0.9 3 -0.8
v 1.3 3 -0.8
v 1.4 3 -0.8
v -0.8 3 -0.9
v -0.6 3 -0.9
v 0.5 3 -0.9
v 0.7 3 -0.9
v -1.4 3 -1
v -1.3 3 -1
v -0.6 3 -1
v 0.5 3 -1
v 1.2 3 -1
v 1.3 3 -1
v -1.3 3 -1.2
v -1.2 3 -1.2
v 1.1 3 -1.2
v 1.2 3 -1.2
v -1.2 3 -1.3
v -1 3 -1.3
v 0.9 3 -1.3
v 1.1 3 -1.3
v -1 3 -1.4
v -0.8 3 -1.4
v 0.7 3 -1.4
v 0.9 3 -1.4
v -0.8 3 -1.5
v 0.7 3 -1.5
v -2 3 -1.6
v -1.9 3 -1.6
v -1.6 3 -1.6
v 1.6 3 -1.6
v 1.9 3 -1.6
v 2 3 -1.6
v -1.6 3 -1.9
v -0.0999999 3 -1.9
v 0.1 3 -1.9
v 1.6 3 -1.9
v -1.6 3 -2
v -0.0999999 3 -2
v 0.1 3 -2
v 1.6 3 -2
v -1.6 0.2 2
v -0.0999999 0.2 2
v 0.1 0.2 2
v 1.6 0.2 2
v -1.6 0.2 1.9
v -0.0999999 0.2 1.9
v 0.1 0.2 1.9
v 1.6 0.2 1.9
v -2 0.2 1.6
v -1.9 0.2 1.6
v -1.6 0.2 1.6
v 1.6 0.2 1.6
v 1.9 0.2 1.6
v 2 0.2 1.6
v -0.8 0.2 1.5
v 0.7 0.2 1.5
v -1 0.2 1.4
v -0.8 0.2 1.4
v 0.7 0.2 1.4
v 0.9 0.2 1.4
v -1.2 0.2 1.3
v -1 0.2 1.3
v 0.9 0.2 1.3
v 1.1 0.2 1.3
v -1.3 0.2 1.2
v -1.2 0.2 1.2
v 1.1 0.2 1.2
v 1.2 0.2 1.2
v -1.4 0.2 1
v -1.3 0.2 1
v -0.6 0.2 1
v 0.5 0.2 1
v 1.2 0.2 1
v 1.3 0.2 1
v -0.8 0.2 0.9
v -0.6 0.2 0.9
v 0.5 0.2 0.9
v 0.7 0.2 0.9
v -1.5 0.2 0.8
v -1.4 0.2 0.8
v -1 0.2 0.8
v -0.8 0.2 0.8
v 0.7 0.2 0.8
v 0.9 0.2 0.8
v 1.3 0.2 0.8
v 1.4 0.2 0.8
v -1.1 0.2 0.7
v -1 0.2 0.7
v 0.9 0.2 0.7
v 1 0.2 0.7
v -1.2 0.2 0.5
v -1.1 0.2 0.5
v 1 0.2 0.5
v 1.1 0.2 0.5
v 1.4 0.2 0.5
v 1.5 0.2 0.5
v -1.3 0.2 0.3
v -1.2 0.2 0.3
v 1.1 0.2 0.3
v 1.2 0.2 0.3
v -2 0.2 0.0999999
v -1.9 0.2 0.0999999
v 1.9 0.2 0.0999999
v 2 0.2 0.0999999
v -2 0.2 -0.1
v -1.9 0.2 -0.1
v 1.9 0.2 -0.1
v 2 0.2 -0.1
v -1.3 0.2 -0.3
v -1.2 0.2 -0.3
v 1.1 0.2 -0.3
v 1.2 0.2 -0.3
v -1.2 0.2 -0.5
v -1.1 0.2 -0.5
v 1 0.2 -0.5
v 1.1 0.2 -0.5
v 1.4 0.2 -0.6
v 1.5 0.2 -0.6
v -1.1 0.2 -0.7
v -1 0.2 -0.7
v 0.9 0.2 -0.7
v 1 0.2 -0.7
v -1.5 0.2 -0.8
v -1.4 0.2 -0.8
v -1 0.2 -0.8
v -0.8 0.2 -0.8
v 0.7 0.2 -0.8
v 0.9 0.2 -0.8
v 1.3 0.2 -0.8
v 1.4 0.2 -0.8
v -0.8 0.2 -0.9
v -0.6 0.2 -0.9
v 0.5 0.2 -0.9
v 0.7 0.2 -0.9
v -1.4 0.2 -1
v -1.3 0.2 -1
v -0.6 0.2 -1
v 0.5 0.2 -1
v 1.2 0.2 -1
v 1.3 0.2 -1
v -1.3 0.2 -1.2
v -1.2 0.2 -1.2
v 1.1 0.2 -1.2
v 1.2 0.2 -1.2
v -1.2 0.2 -1.3
v -1 0.2 -1.3
v 0.9 0.2 -1.3
v 1.1 0.2 -1.3
v -1 0.2 -1.4
v -0.8 0.2 -1.4
v 0.7 0.2 -1.4
v 0.9 0.2 -1.4
v -0.8 0.2 -1.5
v 0.7 0.2 -1.5
v -2 0.2 -1.6
v -1.9 0.2 -1.6
v -1.6 0.2 -1.6
v 1.6 0.2 -1.6
v 1.9 0.2 -1.6
v 2 0.2 -1.6
v -1.6 0.2 -1.9
v -0.0999999 0.2 -1.9
v 0.1 0.2 -1.9
v 1.6 0.2 -1.9
v -1.6 0.2 -2
v -0.0999999 0.2 -2
v 0.1 0.2 -2
v 1.6 0.2 -2
v -1.8 0.4 2
v -1.7 0.4 2
v 1.7 0.4 2
v 1.8 0.4 2
v -1.8 0.4 1.9
v -1.7 0.4 1.9
v 1.7 0.4 1.9
v 1.8 0.4 1.9
v -2 0.4 1.8
v -1.9 0.4 1.8
v 1.9 0.4 1.8
v 2 0.4 1.8
v -2 0.4 1.7
v -1.9 0.4 1.7
v 1.9 0.4 1.7
v 2 0.4 1.7
v -2 0.4 -1.7
v -1.9 0.4 -1.7
v 1.9 0.4 -1.7
v 2 0.4 -1.7
v -2 0.4 -1.8
v -1.9 0.4 -1.8
v 1.9 0.4 -1.8
v 2 0.4 -1.8
v -1.8 0.4 -1.9
v -1.7 0.4 -1.9
v 1.7 0.4 -1.9
v 1.8 0.4 -1.9
v -1.8 0.4 -2
v -1.7 0.4 -2
v 1.7 0.4 -2
v 1.8 0.4 -2
v -1.7 0.5 2
v -1.6 0.5 2
v 1.6 0.5 2
v 1.7 0.5 2
v -1.7 0.5 1.9
v -1.6 0.5 1.9
v 1.6 0.5 1.9
v 1.7 0.5 1.9
v -2 0.5 1.7
v -1.9 0.5 1.7
v 1.9 0.5 1.7
v 2 0.5 1.7
v -2 0.5 1.6
v -1.9 0.5 1.6
v 1.9 0.5 1.6
v 2 0.5 1.6
v -2 0.5 -1.6
v -1.9 0.5 -1.6
v 1.9 0.5 -1.6
v 2 0.5 -1.6
v -2 0.5 -1.7
v -1.9 0.5 -1.7
v 1.9 0.5 -1.7
v 2 0.5 -1.7
v -1.7 0.5 -1.9
v -1.6 0.5 -1.9
v 1.6 0.5 -1.9
v 1.7 0.5 -1.9
v -1.7 0.5 -2
v -1.6 0.5 -2
v 1.6 0.5 -2
v 1.7 0.5 -2
v -1.6 0.6 2
v -1.5 0.6 2
v 1.5 0.6 2
v 1.6 0.6 2
v -1.6 0.6 1.9
v -1.5 0.6 1.9
v 1.5 0.6 1.9
v 1.6 0.6 1.9
v -2 0.6 1.6
v -1.9 0.6 1.6
v 1.9 0.6 1.6
v 2 0.6 1.6
v -2 0.6 1.5
v -1.9 0.6 1.5
v 1.9 0.6 1.5
v 2 0.6 1.5
v -2 0.6 -1.5
v -1.9 0.6 -1.5
v 1.9 0.6 -1.5
v 2 0.6 -1.5
v -2 0.6 -1.6
v -1.9 0.6 -1.6
v 1.9 0.6 -1.6
v 2 0.6 -1.6
v -1.6 0.6 -1.9
v -1.5 0.6 -1.9
v 1.5 0.6 -1.9
v 1.6 0.6 -1.9
v -1.6 0.6 -2
v -1.5 0.6 -2
v 1.5 0.6 -2
v 1.6 0.6 -2
v -1.5 0.7 2
v -1.4 0.7 2
v 1.4 0.7 2
v 1.5 0.7 2
v -1.5 0.7 1.9
v -1.4 0.7 1.9
v 1.4 0.7 1.9
v 1.5 0.7 1.9
v -2 0.7 1.5
v -1.9 0.7 1.5
v 1.9 0.7 1.5
v 2 0.7 1.5
v -2 0.7 1.4
v -1.9 0.7 1.4
v 1.9 0.7 1.4
v 2 0.7 1.4
v -2 0.7 -1.4
v -1.9 0.7 -1.4
v 1.9 0.7 -1.4
v 2 0.7 -1.4
v -2 0.7 -1.5
v -1.9 0.7 -1.5
v 1.9 0.7 -1.5
v 2 0.7 -1.5
v -1.5 0.7 -1.9
v -1.4 0.7 -1.9
v 1.4 0.7 -1.9
v 1.5 0.7 -1.9
v -1.5 0.7 -2
v -1.4 0.7 -2
v 1.4 0.7 -2
v 1.5 0.7 -2
v -1.4 0.8 2
v -1.3 0.8 2
v 1.3 0.8 2
v 1.4 0.8 2
v -1.4 0.8 1.9
v -1.3 0.8 1.9
v 1.3 0.8 1.9
v 1.4 0.8 1.9
v -2 0.8 1.4
v -1.9 0.8 1.4
v 1.9 0.8 1.4
v 2 0.8 1.4
v -2 0.8 1.3
v -1.9 0.8 1.3
v 1.9 0.8 1.3
v 2 0.8 1.3
v -2 0.8 -1.3
v -1.9 0.8 -1.3
v 1.9 0.8 -1.3
v 2 0.8 -1.3
v -2 0.8 -1.4
v -1.9 0.8 -1.4
v 1.9 0.8 -1.4
v 2 0.8 -1.4
v -1.4 0.8 -1.9
v -1.3 0.8 -1.9
v 1.3 0.8 -1.9
v 1.4 0.8 -1.9
v -1.4 0.8 -2
v -1.3 0.8 -2
v 1.3 0.8 -2
v 1.4 0.8 -2
v -1.3 0.9 2
v -1.2 0.9 2
v 1.2 0.9 2
v 1.3 0.9 2
v -1.3 0.9 1.9
v -1.2 0.9 1.9
v 1.2 0.9 1.9
v 1.3 0.9 1.9
v -2 0.9 1.3
v -1.9 0.9 1.3
v 1.9 0.9 1.3
v 2 0.9 1.3
v -2 0.9 1.2
v -1.9 0.9 1.2
v 1.9 0.9 1.2
v 2 0.9 1.2
v -2 0.9 -1.2
v -1.9 0.9 -1.2
v 1.9 0.9 -1.2
v 2 0.9 -1.2
v -2 0.9 -1.3
v -1.9 0.9 -1.3
v 1.9 0.9 -1.3
v 2 0.9 -1.3
v -1.3 0.9 -1.9
v -1.2 0.9 -1.9
v 1.2 0.9 -1.9
v 1.3 0.9 -1.9
v -1.3 0.9 -2
v -1.2 0.9 -2
v 1.2 0.9 -2
v 1.3 0.9 -2
v -1.2 1 2
v -1.1 1 2
v 1.1 1 2
v 1.2 1 2
v -1.2 1 1.9
v -1.1 1 1.9
v 1.1 1 1.9
v 1.2 1 1.9
v -2 1 1.2
v -1.9 1 1.2
v 1.9 1 1.2
v 2 1 1.2
v -2 1 1.1
v -1.9 1 1.1
v 1.9 1 1.1
v 2 1 1.1
v -2 1 -1.1
v -1.9 1 -1.1
v 1.9 1 -1.1
v 2 1 -1.1
v -2 1 -1.2
v -1.9 1 -1.2
v 1.9 1 -1.2
v 2 1 -1.2
v -1.2 1 -1.9
v -1.1 1 -1.9
v 1.1 1 -1.9
v 1.2 1 -1.9
v -1.2 1 -2
v -1.1 1 -2
v 1.1 1 -2
v 1.2 1 -2
v -1.1 1.1 2
v -1 1.1 2
v 1 1.1 2
v 1.1 1.1 2
v -1.1 1.1 1.9
v -1 1.1 1.9
v 1 1.1 1.9
v 1.1 1.1 1.9
v -2 1.1 1.1
v -1.9 1.1 1.1
v 1.9 1.1 1.1
v 2 1.1 1.1
v -2 1.1 1
v -1.9 1.1 1
v 1.9 1.1 1
v 2 1.1 1
v -2 1.1 -1
v -1.9 1.1 -1
v 1.9 1.1 -1
v 2 1.1 -1
v -2 1.1 -1.1
v -1.9 1.1 -1.1
v 1.9 1.1 -1.1
v 2 1.1 -1.1
v -1.1 1.1 -1.9
v -1 1.1 -1.9
v 1 1.1 -1.9
v 1.1 1.1 -1.9
v -1.1 1.1 -2
v -1 1.1 -2
v 1 1.1 -2
v 1.1 1.1 -2
v -1 1.2 2
v -0.9 1.2 2
v 0.9 1.2 2
v 1 1.2 2
v -1 1.2 1.9
v -0.9 1.2 1.9
v 0.9 1.2 1.9
v 1 1.2 1.9
v -2 1.2 1
v -1.9 1.2 1
v 1.9 1.2 1
v 2 1.2 1
v -2 1.2 0.9
v -1.9 1.2 0.9
v 1.9 1.2 0.9
v 2 1.2 0.9
v -2 1.2 -0.9
v -1.9 1.2 -0.9
v 1.9 1.2 -0.9
v 2 1.2 -0.9
v -2 1.2 -1
v -1.9 1.2 -1
v 1.9 1.2 -1
v 2 1.2 -1
v -1 1.2 -1.9
v -0.9 1.2 -1.9
v 0.9 1.2 -1.9
v 1 1.2 -1.9
v -1 1.2 -2
v -0.9 1.2 -2
v 0.9 1.2 -2
v 1 1.2 -2
v -0.9 1.3 2
v -0.8 1.3 2
v 0.8 1.3 2
v 0.9 1.3 2
v -0.9 1.3 1.9
v -0.8 1.3 1.9
v 0.8 1.3 1.9
v 0.9 1.3 1.9
v -2 1.3 0.9
v -1.9 1.3 0.9
v 1.9 1.3 0.9
v 2 1.3 0.9
v -2 1.3 0.8
v -1.9 1.3 0.8
v 1.9 1.3 0.8
v 2 1.3 0.8
v -2 1.3 -0.8
v -1.9 1.3 -0.8
v 1.9 1.3 -0.8
v 2 1.3 -0.8
v -2 1.3 -0.9
v -1.9 1.3 -0.9
v 1.9 1.3 -0.9
v 2 1.3 -0.9
v -0.9 1.3 -1.9
v -0.8 1.3 -1.9
v 0.8 1.3 -1.9
v 0.9 1.3 -1.9
v -0.9 1.3 -2
v -0.8 1.3 -2
v 0.8 1.3 -2
v 0.9 1.3 -2
v -0.8 1.4 2
v -0.7 1.4 2
v 0.7 1.4 2
v 0.8 1.4 2
v -0.8 1.4 1.9
v -0.7 1.4 1.9
v 0.7 1.4 1.9
v 0.8 1.4 1.9
v -2 1.4 0.8
v -1.9 1.4 0.8
v 1.9 1.4 0.8
v 2 1.4 0.8
v -2 1.4 0.7
v -1.9 1.4 0.7
v 1.9 1.4 0.7
v 2 1.4 0.7
v -2 1.4 -0.7
v -1.9 1.4 -0.7
v 1.9 1.4 -0.7
v 2 1.4 -0.7
v -2 1.4 -0.8
v -1.9 1.4 -0.8
v 1.9 1.4 -0.8
v 2 1.4 -0.8
v -0.8 1.4 -1.9
v -0.7 1.4 -1.9
v 0.7 1.4 -1.9
v 0.8 1.4 -1.9
v -0.8 1.4 -2
v -0.7 1.4 -2
v 0.7 1.4 -2
v 0.8 1.4 -2
v -0.7 1.5 2
v -0.6 1.5 2
v 0.6 1.5 2
v 0.7 1.5 2
v -0.7 1.5 1.9
v -0.6 1.5 1.9
v 0.6 1.5 1.9
v 0.7 1.5 1.9
v -2 1.5 0.7
v -1.9 1.5 0.7
v 1.9 1.5 0.7
v 2 1.5 0.7
v -2 1.5 0.6
v -1.9 1.5 0.6
v 1.9 1.5 0.6
v 2 1.5 0.6
v -2 1.5 -0.6
v -1.9 1.5 -0.6
v 1.9 1.5 -0.6
v 2 1.5 -0.6
v -2 1.5 -0.7
v -1.9 1.5 -0.7
v 1.9 1.5 -0.7
v 2 1.5 -0.7
v -0.7 1.5 -1.9
v -0.6 1.5 -1.9
v 0.6 1.5 -1.9
v 0.7 1.5 -1.9
v -0.7 1.5 -2
v -0.6 1.5 -2
v 0.6 1.5 -2
v 0.7 1.5 -2
v -0.4 1.7 2
v -0.2 1.7 2
v 0.2 1.7 2
v 0.4 1.7 2
v -0.4 1.7 1.9
v -0.3 1.7 1.9
v -0.2 1.7 1.9
v 0.2 1.7 1.9
v 0.3 1.7 1.9
v 0.4 1.7 1.9
v -2 1.7 0.4
v -1.9 1.7 0.4
v 1.9 1.7 0.4
v 2 1.7 0.4
v -1.9 1.7 0.3
v 1.9 1.7 0.3
v -2 1.7 0.2
v -1.9 1.7 0.2
v 1.9 1.7 0.2
v 2 1.7 0.2
v -2 1.7 -0.2
v -1.9 1.7 -0.2
v 1.9 1.7 -0.2
v 2 1.7 -0.2
v -1.9 1.7 -0.3
v 1.9 1.7 -0.3
v -2 1.7 -0.4
v -1.9 1.7 -0.4
v 1.9 1.7 -0.4
v 2 1.7 -0.4
v -0.4 1.7 -1.9
v -0.3 1.7 -1.9
v -0.2 1.7 -1.9
v 0.2 1.7 -1.9
v 0.3 1.7 -1.9
v 0.4 1.7 -1.9
v -0.4 1.7 -2
v -0.2 1.7 -2
v 0.2 1.7 -2
v 0.4 1.7 -2
v -0.5 1.8 2
v -0.4 1.8 2
v -0.2 1.8 2
v -0.0999999 1.8 2
v 0.1 1.8 2
v 0.2 1.8 2
v 0.4 1.8 2
v 0.5 1.8 2
v -0.5 1.8 1.9
v -0.4 1.8 1.9
v -0.2 1.8 1.9
v -0.0999999 1.8 1.9
v 0.1 1.8 1.9
v 0.2 1.8 1.9
v 0.4 1.8 1.9
v 0.5 1.8 1.9
v -2 1.8 0.5
v -1.9 1.8 0.5
v 1.9 1.8 0.5
v 2 1.8 0.5
v -2 1.8 0.4
v -1.9 1.8 0.4
v 1.9 1.8 0.4
v 2 1.8 0.4
v -2 1.8 0.2
v -1.9 1.8 0.2
v 1.9 1.8 0.2
v 2 1.8 0.2
v -2 1.8 0.0999999
v -1.9 1.8 0.0999999
v 1.9 1.8 0.0999999
v 2 1.8 0.0999999
v -2 1.8 -0.1
v -1.9 1.8 -0.1
v 1.9 1.8 -0.1
v 2 1.8 -0.1
v -2 1.8 -0.2
v -1.9 1.8 -0.2
v 1.9 1.8 -0.2
v 2 1.8 -0.2
v -2 1.8 -0.4
v -1.9 1.8 -0.4
v 1.9 1.8 -0.4
v 2 1.8 -0.4
v -2 1.8 -0.5
v -1.9 1.8 -0.5
v 1.9 1.8 -0.5
v 2 1.8 -0.5
v -0.5 1.8 -1.9
v -0.4 1.8 -1.9
v -0.2 1.8 -1.9
v -0.0999999 1.8 -1.9
v 0.1 1.8 -1.9
v 0.2 1.8 -1.9
v 0.4 1.8 -1.9
v 0.5 1.8 -1.9
v -0.5 1.8 -2
v -0.4 1.8 -2
v -0.2 1.8 -2
v -0.0999999 1.8 -2
v 0.1 1.8 -2
v 0.2 1.8 -2
v 0.4 1.8 -2
v 0.5 1.8 -2
v -0.6 1.9 2
v -0.5 1.9 2
v 0.5 1.9 2
v 0.6 1.9 2
v -0.6 1.9 1.9
v -0.5 1.9 1.9
v 0.5 1.9 1.9
v 0.6 1.9 1.9
v -2 1.9 0.6
v -1.9 1.9 0.6
v 1.9 1.9 0.6
v 2 1.9 0.6
v -2 1.9 0.5
v -1.9 1.9 0.5
v 1.9 1.9 0.5
v 2 1.9 0.5
v -2 1.9 -0.5
v -1.9 1.9 -0.5
v 1.9 1.9 -0.5
v 2 1.9 -0.5
v -2 1.9 -0.6
v -1.9 1.9 -0.6
v 1.9 1.9 -0.6
v 2 1.9 -0.6
v -0.6 1.9 -1.9
v -0.5 1.9 -1.9
v 0.5 1.9 -1.9
v 0.6 1.9 -1.9
v -0.6 1.9 -2
v -0.5 1.9 -2
v 0.5 1.9 -2
v 0.6 1.9 -2
v -0.7 2 2
v -0.6 2 2
v 0.6 2 2
v 0.7 2 2
v -0.7 2 1.9
v -0.6 2 1.9
v 0.6 2 1.9
v 0.7 2 1.9
v -2 2 0.7
v -1.9 2 0.7
v 1.9 2 0.7
v 2 2 0.7
v -2 2 0.6
v -1.9 2 0.6
v 1.9 2 0.6
v 2 2 0.6
v -2 2 -0.6
v -1.9 2 -0.6
v 1.9 2 -0.6
v 2 2 -0.6
v -2 2 -0.7
v -1.9 2 -0.7
v 1.9 2 -0.7
v 2 2 -0.7
v -0.7 2 -1.9
v -0.6 2 -1.9
v 0.6 2 -1.9
v 0.7 2 -1.9
v -0.7 2 -2
v -0.6 2 -2
v 0.6 2 -2
v 0.7 2 -2
v -0.8 2.1 2
v -0.7 2.1 2
v 0.7 2.1 2
v 0.8 2.1 2
v -0.8 2.1 1.9
v -0.7 2.1 1.9
v 0.7 2.1 1.9
v 0.8 2.1 1.9
v -2 2.1 0.8
v -1.9 2.1 0.8
v 1.9 2.1 0.8
v 2 2.1 0.8
v -2 2.1 0.7
v -1.9 2.1 0.7
v 1.9 2.1 0.7
v 2 2.1 0.7
v -2 2.1 -0.7
v -1.9 2.1 -0.7
v 1.9 2.1 -0.7
v 2 2.1 -0.7
v -2 2.1 -0.8
v -1.9 2.1 -0.8
v 1.9 2.1 -0.8
v 2 2.1 -0.8
v -0.8 2.1 -1.9
v -0.7 2.1 -1.9
v 0.7 2.1 -1.9
v 0.8 2.1 -1.9
v -0.8 2.1 -2
v -0.7 2.1 -2
v 0.7 2.1 -2
v 0.8 2.1 -2
v -0.9 2.2 2
v -0.8 2.2 2
v 0.8 2.2 2
v 0.9 2.2 2
v -0.9 2.2 1.9
v -0.8 2.2 1.9
v 0.8 2.2 1.9
v 0.9 2.2 1.9
v -2 2.2 0.9
v -1.9 2.2 0.9
v 1.9 2.2 0.9
v 2 2.2 0.9
v -2 2.2 0.8
v -1.9 2.2 0.8
v 1.9 2.2 0.8
v 2 2.2 0.8
v -2 2.2 -0.8
v -1.9 2.2 -0.8
v 1.9 2.2 -0.8
v 2 2.2 -0.8
v -2 2.2 -0.9
v -1.9 2.2 -0.9
v 1.9 2.2 -0.9
v 2 2.2 -0.9
v -0.9 2.2 -1.9
v -0.8 2.2 -1.9
v 0.8 2.2 -1.9
v 0.9 2.2 -1.9
v -0.9 2.2 -2
v -0.8 2.2 -2
v 0.8 2.2 -2
v 0.9 2.2 -2
v -1 2.3 2
v -0.9 2.3 2
v 0.9 2.3 2
v 1 2.3 2
v -1 2.3 1.9
v -0.9 2.3 1.9
v 0.9 2.3 1.9
v 1 2.3 1.9
v -2 2.3 1
v -1.9 2.3 1
v 1.9 2.3 1
v 2 2.3 1
v -2 2.3 0.9
v -1.9 2.3 0.9
v 1.9 2.3 0.9
v 2 2.3 0.9
v -2 2.3 -0.9
v -1.9 2.3 -0.9
v 1.9 2.3 -0.9
v 2 2.3 -0.9
v -2 2.3 -1
v -1.9 2.3 -1
v 1.9 2.3 -1
v 2 2.3 -1
v -1 2.3 -1.9
v -0.9 2.3 -1.9
v 0.9 2.3 -1.9
v 1 2.3 -1.9
v -1 2.3 -2
v -0.9 2.3 -2
v 0.9 2.3 -2
v 1 2.3 -2
v -1.1 2.4 2
v -1 2.4 2
v 1 2.4 2
v 1.1 2.4 2
v -1.1 2.4 1.9
v -1 2.4 1.9
v 1 2.4 1.9
v 1.1 2.4 1.9
v -2 2.4 1.1
v -1.9 2.4 1.1
v 1.9 2.4 1.1
v 2 2.4 1.1
v -2 2.4 1
v -1.9 2.4 1
v 1.9 2.4 1
v 2 2.4 1
v -2 2.4 -1
v -1.9 2.4 -1
v 1.9 2.4 -1
v 2 2.4 -1
v -2 2.4 -1.1
v -1.9 2.4 -1.1
v 1.9 2.4 -1.1
v 2 2.4 -1.1
v -1.1 2.4 -1.9
v -1 2.4 -1.9
v 1 2.4 -1.9
v 1.1 2.4 -1.9
v -1.1 2.4 -2
v -1 2.4 -2
v 1 2.4 -2
v 1.1 2.4 -2
v -1.2 2.5 2
v -1.1 2.5 2
v 1.1 2.5 2
v 1.2 2.5 2
v -1.2 2.5 1.9
v -1.1 2.5 1.9
v 1.1 2.5 1.9
v 1.2 2.5 1.9
v -2 2.5 1.2
v -1.9 2.5 1.2
v 1.9 2.5 1.2
v 2 2.5 1.2
v -2 2.5 1.1
v -1.9 2.5 1.1
v 1.9 2.5 1.1
v 2 2.5 1.1
v -2 2.5 -1.1
v -1.9 2.5 -1.1
v 1.9 2.5 -1.1
v 2 2.5 -1.1
v -2 2.5 -1.2
v -1.9 2.5 -1.2
v 1.9 2.5 -1.2
v 2 2.5 -1.2
v -1.2 2.5 -1.9
v -1.1 2.5 -1.9
v 1.1 2.5 -1.9
v 1.2 2.5 -1.9
v -1.2 2.5 -2
v -1.1 2.5 -2
v 1.1 2.5 -2
v 1.2 2.5 -2
v -1.3 2.6 2
v -1.2 2.6 2
v 1.2 2.6 2
v 1.3 2.6 2
v -1.3 2.6 1.9
v -1.2 2.6 1.9
v 1.2 2.6 1.9
v 1.3 2.6 1.9
v -2 2.6 1.3
v -1.9 2.6 1.3
v 1.9 2.6 1.3
v 2 2.6 1.3
v -2 2.6 1.2
v -1.9 2.6 1.2
v 1.9 2.6 1.2
v 2 2.6 1.2
v -2 2.6 -1.2
v -1.9 2.6 -1.2
v 1.9 2.6 -1.2
v 2 2.6 -1.2
v -2 2.6 -1.3
v -1.9 2.6 -1.3
v 1.9 2.6 -1.3
v 2 2.6 -1.3
v -1.3 2.6 -1.9
v -1.2 2.6 -1.9
v 1.2 2.6 -1.9
v 1.3 2.6 -1.9
v -1.3 2.6 -2
v -1.2 2.6 -2
v 1.2 2.6 -2
v 1.3 2.6 -2
v -1.4 2.7 2
v -1.3 2.7 2
v 1.3 2.7 2
v 1.4 2.7 2
v -1.4 2.7 1.9
v -1.3 2.7 1.9
v 1.3 2.7 1.9
v 1.4 2.7 1.9
v -2 2.7 1.4
v -1.9 2.7 1.4
v 1.9 2.7 1.4
v 2 2.7 1.4
v -2 2.7 1.3
v -1.9 2.7 1.3
v 1.9 2.7 1.3
v 2 2.7 1.3
v -2 2.7 -1.3
v -1.9 2.7 -1.3
v 1.9 2.7 -1.3
v 2 2.7 -1.3
v -2 2.7 -1.4
v -1.9 2.7 -1.4
v 1.9 2.7 -1.4
v 2 2.7 -1.4
v -1.4 2.7 -1.9
v -1.3 2.7 -1.9
v 1.3 2.7 -1.9
v 1.4 2.7 -1.9
v -1.4 2.7 -2
v -1.3 2.7 -2
v 1.3 2.7 -2
v 1.4 2.7 -2
v -1.5 2.8 2
v -1.4 2.8 2
v 1.4 2.8 2
v 1.5 2.8 2
v -1.5 2.8 1.9
v -1.4 2.8 1.9
v 1.4 2.8 1.9
v 1.5 2.8 1.9
v -2 2.8 1.5
v -1.9 2.8 1.5
v 1.9 2.8 1.5
v 2 2.8 1.5
v -2 2.8 1.4
v -1.9 2.8 1.4
v 1.9 2.8 1.4
v 2 2.8 1.4
v -2 2.8 -1.4
v -1.9 2.8 -1.4
v 1.9 2.8 -1.4
v 2 2.8 -1.4
v -2 2.8 -1.5
v -1.9 2.8 -1.5
v 1.9 2.8 -1.5
v 2 2.8 -1.5
v -1.5 2.8 -1.9
v -1.4 2.8 -1.9
v 1.4 2.8 -1.9
v 1.5 2.8 -1.9
v -1.5 2.8 -2
v -1.4 2.8 -2
v 1.4 2.8 -2
v 1.5 2.8 -2
v -1.6 2.9 2
v -1.5 2.9 2
v 1.5 2.9 2
v 1.6 2.9 2
v -1.6 2.9 1.9
v -1.5 2.9 1.9
v 1.5 2.9 1.9
v 1.6 2.9 1.9
v -2 2.9 1.6
v -1.9 2.9 1.6
v 1.9 2.9 1.6
v 2 2.9 1.6
v -2 2.9 1.5
v -1.9 2.9 1.5
v 1.9 2.9 1.5
v 2 2.9 1.5
v -2 2.9 -1.5
v -1.9 2.9 -1.5
v 1.9 2.9 -1.5
v 2 2.9 -1.5
v -2 2.9 -1.6
v -1.9 2.9 -1.6
v 1.9 2.9 -1.6
v 2 2.9 -1.6
v -1.6 2.9 -1.9
v -1.5 2.9 -1.9
v 1.5 2.9 -1.9
v 1.6 2.9 -1.9
v -1.6 2.9 -2
v -1.5 2.9 -2
v 1.5 2.9 -2
v 1.6 2.9 -2
v -1.5 3.1 1.7
v 1.5 3.1 1.7
v -1.5 3.1 1.6
v -1.4 3.1 1.6
v 1.4 3.1 1.6
v 1.5 3.1 1.6
v -1.7 3.1 1.5
v -1.6 3.1 1.5
v -1.4 3.1 1.5
v -1.3 3.1 1.5
v -0.8 3.1 1.5
v 0.7 3.1 1.5
v 1.3 3.1 1.5
v 1.4 3.1 1.5
v 1.6 3.1 1.5
v 1.7 3.1 1.5
v -1.6 3.1 1.4
v -1.5 3.1 1.4
v -1.3 3.1 1.4
v -1.2 3.1 1.4
v -1 3.1 1.4
v -0.8 3.1 1.4
v 0.7 3.1 1.4
v 0.9 3.1 1.4
v 1.2 3.1 1.4
v 1.3 3.1 1.4
v 1.5 3.1 1.4
v 1.6 3.1 1.4
v -1.5 3.1 1.3
v -1.4 3.1 1.3
v -1.2 3.1 1.3
v -1.1 3.1 1.3
v -1 3.1 1.3
v 0.9 3.1 1.3
v 1.1 3.1 1.3
v 1.2 3.1 1.3
v 1.4 3.1 1.3
v 1.5 3.1 1.3
v -1.4 3.1 1.2
v -1.3 3.1 1.2
v -1.1 3.1 1.2
v -1 3.1 1.2
v 1 3.1 1.2
v 1.1 3.1 1.2
v 1.3 3.1 1.2
v 1.4 3.1 1.2
v -1.3 3.1 1.1
v -1.2 3.1 1.1
v -1 3.1 1.1
v -0.9 3.1 1.1
v 0.9 3.1 1.1
v 1 3.1 1.1
v 1.2 3.1 1.1
v 1.3 3.1 1.1
v -1.4 3.1 1
v -1.3 3.1 1
v -1.2 3.1 1
v -1.1 3.1 1
v -0.9 3.1 1
v -0.8 3.1 1
v -0.6 3.1 1
v 0.5 3.1 1
v 0.8 3.1 1
v 0.9 3.1 1
v 1.1 3.1 1
v 1.2 3.1 1
v 1.3 3.1 1
v -1.1 3.1 0.9
v -1 3.1 0.9
v -0.8 3.1 0.9
v -0.7 3.1 0.9
v -0.6 3.1 0.9
v 0.5 3.1 0.9
v 0.7 3.1 0.9
v 0.8 3.1 0.9
v 1 3.1 0.9
v 1.1 3.1 0.9
v -1.5 3.1 0.8
v -1.4 3.1 0.8
v -1 3.1 0.8
v -0.9 3.1 0.8
v -0.7 3.1 0.8
v -0.6 3.1 0.8
v 0.6 3.1 0.8
v 0.7 3.1 0.8
v 0.9 3.1 0.8
v 1 3.1 0.8
v 1.3 3.1 0.8
v 1.4 3.1 0.8
v -1.1 3.1 0.7
v -1 3.1 0.7
v -0.9 3.1 0.7
v -0.8 3.1 0.7
v -0.6 3.1 0.7
v -0.5 3.1 0.7
v 0.5 3.1 0.7
v 0.6 3.1 0.7
v 0.8 3.1 0.7
v 0.9 3.1 0.7
v 1 3.1 0.7
v -0.8 3.1 0.6
v -0.7 3.1 0.6
v -0.5 3.1 0.6
v -0.4 3.1 0.6
v 0.3 3.1 0.6
v 0.4 3.1 0.6
v 0.5 3.1 0.6
v 0.7 3.1 0.6
v 0.8 3.1 0.6
v -1.2 3.1 0.5
v -1.1 3.1 0.5
v -0.7 3.1 0.5
v -0.6 3.1 0.5
v -0.4 3.1 0.5
v -0.3 3.1 0.5
v 0.2 3.1 0.5
v 0.3 3.1 0.5
v 0.4 3.1 0.5
v 0.6 3.1 0.5
v 0.7 3.1 0.5
v 1 3.1 0.5
v 1.1 3.1 0.5
v 1.4 3.1 0.5
v 1.5 3.1 0.5
v -0.6 3.1 0.4
v -0.5 3.1 0.4
v -0.3 3.1 0.4
v -0.2 3.1 0.4
v -0.0999999 3.1 0.4
v 0.1 3.1 0.4
v 0.2 3.1 0.4
v 0.3 3.1 0.4
v 0.5 3.1 0.4
v 0.6 3.1 0.4
v -1.3 3.1 0.3
v -1.2 3.1 0.3
v -0.5 3.1 0.3
v -0.4 3.1 0.3
v -0.2 3.1 0.3
v -0.0999999 3.1 0.3
v 0.1 3.1 0.3
v 0.2 3.1 0.3
v 0.4 3.1 0.3
v 0.5 3.1 0.3
v 1.1 3.1 0.3
v 1.2 3.1 0.3
v -0.4 3.1 0.2
v -0.3 3.1 0.2
v -0.0999999 3.1 0.2
v 0.1 3.1 0.2
v 0.3 3.1 0.2
v 0.4 3.1 0.2
v -0.3 3.1 0.0999999
v -0.2 3.1 0.0999999
v 0.2 3.1 0.0999999
v 0.3 3.1 0.0999999
v -0.3 3.1 -0.1
v -0.2 3.1 -0.1
v 0.2 3.1 -0.1
v 0.3 3.1 -0.1
v -0.4 3.1 -0.2
v -0.3 3.1 -0.2
v -0.0999999 3.1 -0.2
v 0.1 3.1 -0.2
v 0.3 3.1 -0.2
v 0.4 3.1 -0.2
v -1.3 3.1 -0.3
v -1.2 3.1 -0.3
v -0.5 3.1 -0.3
v -0.4 3.1 -0.3
v -0.2 3.1 -0.3
v -0.0999999 3.1 -0.3
v 0.1 3.1 -0.3
v 0.2 3.1 -0.3
v 0.4 3.1 -0.3
v 0.5 3.1 -0.3
v 1.1 3.1 -0.3
v 1.2 3.1 -0.3
v -0.6 3.1 -0.4
v -0.5 3.1 -0.4
v -0.3 3.1 -0.4
v -0.2 3.1 -0.4
v 0.2 3.1 -0.4
v 0.3 3.1 -0.4
v 0.5 3.1 -0.4
v 0.6 3.1 -0.4
v -1.2 3.1 -0.5
v -1.1 3.1 -0.5
v -0.7 3.1 -0.5
v -0.6 3.1 -0.5
v -0.4 3.1 -0.5
v -0.3 3.1 -0.5
v 0.3 3.1 -0.5
v 0.4 3.1 -0.5
v 0.6 3.1 -0.5
v 0.7 3.1 -0.5
v 1 3.1 -0.5
v 1.1 3.1 -0.5
v -0.8 3.1 -0.6
v -0.7 3.1 -0.6
v -0.5 3.1 -0.6
v -0.4 3.1 -0.6
v 0.4 3.1 -0.6
v 0.5 3.1 -0.6
v 0.7 3.1 -0.6
v 0.8 3.1 -0.6
v 1.4 3.1 -0.6
v 1.5 3.1 -0.6
v -1.1 3.1 -0.7
v -1 3.1 -0.7
v -0.9 3.1 -0.7
v -0.8 3.1 -0.7
v -0.6 3.1 -0.7
v -0.5 3.1 -0.7
v 0.5 3.1 -0.7
v 0.6 3.1 -0.7
v 0.8 3.1 -0.7
v 0.9 3.1 -0.7
v 1 3.1 -0.7
v -1.5 3.1 -0.8
v -1.4 3.1 -0.8
v -1 3.1 -0.8
v -0.9 3.1 -0.8
v -0.7 3.1 -0.8
v -0.6 3.1 -0.8
v 0.6 3.1 -0.8
v 0.7 3.1 -0.8
v 0.9 3.1 -0.8
v 1 3.1 -0.8
v 1.3 3.1 -0.8
v 1.4 3.1 -0.8
v -1.1 3.1 -0.9
v -1 3.1 -0.9
v -0.8 3.1 -0.9
v -0.7 3.1 -0.9
v -0.6 3.1 -0.9
v 0.5 3.1 -0.9
v 0.7 3.1 -0.9
v 0.8 3.1 -0.9
v 1 3.1 -0.9
v 1.1 3.1 -0.9
v -1.4 3.1 -1
v -1.3 3.1 -1
v -1.2 3.1 -1
v -1.1 3.1 -1
v -0.9 3.1 -1
v -0.8 3.1 -1
v -0.6 3.1 -1
v 0.5 3.1 -1
v 0.8 3.1 -1
v 0.9 3.1 -1
v 1.1 3.1 -1
v 1.2 3.1 -1
v 1.3 3.1 -1
v -1.3 3.1 -1.1
v -1.2 3.1 -1.1
v -1 3.1 -1.1
v -0.9 3.1 -1.1
v 0.9 3.1 -1.1
v 1 3.1 -1.1
v 1.2 3.1 -1.1
v 1.3 3.1 -1.1
v -1.4 3.1 -1.2
v -1.3 3.1 -1.2
v -1.1 3.1 -1.2
v -1 3.1 -1.2
v 1 3.1 -1.2
v 1.1 3.1 -1.2
v 1.3 3.1 -1.2
v 1.4 3.1 -1.2
v -1.5 3.1 -1.3
v -1.4 3.1 -1.3
v -1.2 3.1 -1.3
v -1.1 3.1 -1.3
v -1 3.1 -1.3
v 0.9 3.1 -1.3
v 1.1 3.1 -1.3
v 1.2 3.1 -1.3
v 1.4 3.1 -1.3
v 1.5 3.1 -1.3
v -1.6 3.1 -1.4
v -1.5 3.1 -1.4
v -1.3 3.1 -1.4
v -1.2 3.1 -1.4
v -1 3.1 -1.4
v -0.8 3.1 -1.4
v 0.7 3.1 -1.4
v 0.9 3.1 -1.4
v 1.2 3.1 -1.4
v 1.3 3.1 -1.4
v 1.5 3.1 -1.4
v 1.6 3.1 -1.4
v -1.7 3.1 -1.5
v -1.6 3.1 -1.5
v -1.4 3.1 -1.5
v -1.3 3.1 -1.5
v -0.8 3.1 -1.5
v 0.7 3.1 -1.5
v 1.3 3.1 -1.5
v 1.4 3.1 -1.5
v 1.6 3.1 -1.5
v 1.7 3.1 -1.5
v -1.5 3.1 -1.6
v -1.4 3.1 -1.6
v 1.4 3.1 -1.6
v 1.5 3.1 -1.6
v -1.5 3.1 -1.7
v 1.5 3.1 -1.7
v -2 3.2 2
v 2 3.2 2
v -1.7 3.2 1.8
v 1.7 3.2 1.8
v -1.8 3.2 1.7
v -1.7 3.2 1.7
v -1.5 3.2 1.7
v 1.5 3.2 1.7
v 1.7 3.2 1.7
v 1.8 3.2 1.7
v -1.8 3.2 1.6
v -1.7 3.2 1.6
v -1.5 3.2 1.6
v -1.4 3.2 1.6
v 1.4 3.2 1.6
v 1.5 3.2 1.6
v 1.7 3.2 1.6
v -1.7 3.2 1.5
v -1.6 3.2 1.5
v -1.5 3.2 1.5
v -1.4 3.2 1.5
v -1.3 3.2 1.5
v 1.3 3.2 1.5
v 1.4 3.2 1.5
v 1.5 3.2 1.5
v 1.6 3.2 1.5
v 1.7 3.2 1.5
v -1.6 3.2 1.4
v -1.5 3.2 1.4
v -1.4 3.2 1.4
v -1.3 3.2 1.4
v -1.2 3.2 1.4
v 1.2 3.2 1.4
v 1.3 3.2 1.4
v 1.4 3.2 1.4
v 1.5 3.2 1.4
v 1.6 3.2 1.4
v -1.5 3.2 1.3
v -1.4 3.2 1.3
v -1.3 3.2 1.3
v -1.2 3.2 1.3
v -1.1 3.2 1.3
v 1.1 3.2 1.3
v 1.2 3.2 1.3
v 1.3 3.2 1.3
v 1.4 3.2 1.3
v 1.5 3.2 1.3
v -1.4 3.2 1.2
v -1.3 3.2 1.2
v -1.2 3.2 1.2
v -1.1 3.2 1.2
v -1 3.2 1.2
v 1 3.2 1.2
v 1.1 3.2 1.2
v 1.2 3.2 1.2
v 1.3 3.2 1.2
v 1.4 3.2 1.2
v -1.3 3.2 1.1
v -1.2 3.2 1.1
v -1.1 3.2 1.1
v -1 3.2 1.1
v -0.9 3.2 1.1
v 0.9 3.2 1.1
v 1 3.2 1.1
v 1.1 3.2 1.1
v 1.2 3.2 1.1
v 1.3 3.2 1.1
v -1.2 3.2 1
v -1.1 3.2 1
v -1 3.2 1
v -0.9 3.2 1
v -0.8 3.2 1
v 0.8 3.2 1
v 0.9 3.2 1
v 1 3.2 1
v 1.1 3.2 1
v 1.2 3.2 1
v -1.1 3.2 0.9
v -1 3.2 0.9
v -0.9 3.2 0.9
v -0.8 3.2 0.9
v -0.7 3.2 0.9
v 0.7 3.2 0.9
v 0.8 3.2 0.9
v 0.9 3.2 0.9
v 1 3.2 0.9
v 1.1 3.2 0.9
v -1 3.2 0.8
v -0.9 3.2 0.8
v -0.8 3.2 0.8
v -0.7 3.2 0.8
v -0.6 3.2 0.8
v 0.6 3.2 0.8
v 0.7 3.2 0.8
v 0.8 3.2 0.8
v 0.9 3.2 0.8
v 1 3.2 0.8
v -0.9 3.2 0.7
v -0.8 3.2 0.7
v -0.7 3.2 0.7
v -0.6 3.2 0.7
v -0.5 3.2 0.7
v 0.5 3.2 0.7
v 0.6 3.2 0.7
v 0.7 3.2 0.7
v 0.8 3.2 0.7
v 0.9 3.2 0.7
v -0.8 3.2 0.6
v -0.7 3.2 0.6
v -0.6 3.2 0.6
v -0.5 3.2 0.6
v -0.4 3.2 0.6
v 0.4 3.2 0.6
v 0.5 3.2 0.6
v 0.6 3.2 0.6
v 0.7 3.2 0.6
v 0.8 3.2 0.6
v -0.7 3.2 0.5
v -0.6 3.2 0.5
v -0.5 3.2 0.5
v -0.4 3.2 0.5
v -0.3 3.2 0.5
v 0.3 3.2 0.5
v 0.4 3.2 0.5
v 0.5 3.2 0.5
v 0.6 3.2 0.5
v 0.7 3.2 0.5
v -0.6 3.2 0.4
v -0.5 3.2 0.4
v -0.4 3.2 0.4
v -0.3 3.2 0.4
v -0.2 3.2 0.4
v 0.2 3.2 0.4
v 0.3 3.2 0.4
v 0.4 3.2 0.4
v 0.5 3.2 0.4
v 0.6 3.2 0.4
v -0.5 3.2 0.3
v -0.4 3.2 0.3
v -0.3 3.2 0.3
v -0.2 3.2 0.3
v -0.0999999 3.2 0.3
v 0.1 3.2 0.3
v 0.2 3.2 0.3
v 0.3 3.2 0.3
v 0.4 3.2 0.3
v 0.5 3.2 0.3
v -0.4 3.2 0.2
v -0.3 3.2 0.2
v -0.2 3.2 0.2
v -0.0999999 3.2 0.2
v 0.1 3.2 0.2
v 0.2 3.2 0.2
v 0.3 3.2 0.2
v 0.4 3.2 0.2
v -0.3 3.2 0.0999999
v -0.2 3.2 0.0999999
v -0.0999999 3.2 0.0999999
v 0.1 3.2 0.0999999
v 0.2 3.2 0.0999999
v 0.3 3.2 0.0999999
v -0.3 3.2 -0.1
v -0.2 3.2 -0.1
v -0.0999999 3.2 -0.1
v 0.1 3.2 -0.1
v 0.2 3.2 -0.1
v 0.3 3.2 -0.1
v -0.4 3.2 -0.2
v -0.3 3.2 -0.2
v -0.2 3.2 -0.2
v -0.0999999 3.2 -0.2
v 0.1 3.2 -0.2
v 0.2 3.2 -0.2
v 0.3 3.2 -0.2
v 0.4 3.2 -0.2
v -0.5 3.2 -0.3
v -0.4 3.2 -0.3
v -0.3 3.2 -0.3
v -0.2 3.2 -0.3
v -0.0999999 3.2 -0.3
v 0.1 3.2 -0.3
v 0.2 3.2 -0.3
v 0.3 3.2 -0.3
v 0.4 3.2 -0.3
v 0.5 3.2 -0.3
v -0.6 3.2 -0.4
v -0.5 3.2 -0.4
v -0.4 3.2 -0.4
v -0.3 3.2 -0.4
v -0.2 3.2 -0.4
v 0.2 3.2 -0.4
v 0.3 3.2 -0.4
v 0.4 3.2 -0.4
v 0.5 3.2 -0.4
v 0.6 3.2 -0.4
v -0.7 3.2 -0.5
v -0.6 3.2 -0.5
v -0.5 3.2 -0.5
v -0.4 3.2 -0.5
v -0.3 3.2 -0.5
v 0.3 3.2 -0.5
v 0.4 3.2 -0.5
v 0.5 3.2 -0.5
v 0.6 3.2 -0.5
v 0.7 3.2 -0.5
v -0.8 3.2 -0.6
v -0.7 3.2 -0.6
v -0.6 3.2 -0.6
v -0.5 3.2 -0.6
v -0.4 3.2 -0.6
v 0.4 3.2 -0.6
v 0.5 3.2 -0.6
v 0.6 3.2 -0.6
v 0.7 3.2 -0.6
v 0.8 3.2 -0.6
v -0.9 3.2 -0.7
v -0.8 3.2 -0.7
v -0.7 3.2 -0.7
v -0.6 3.2 -0.7
v -0.5 3.2 -0.7
v 0.5 3.2 -0.7
v 0.6 3.2 -0.7
v 0.7 3.2 -0.7
v 0.8 3.2 -0.7
v 0.9 3.2 -0.7
v -1 3.2 -0.8
v -0.9 3.2 -0.8
v -0.8 3.2 -0.8
v -0.7 3.2 -0.8
v -0.6 3.2 -0.8
v 0.6 3.2 -0.8
v 0.7 3.2 -0.8
v 0.8 3.2 -0.8
v 0.9 3.2 -0.8
v 1 3.2 -0.8
v -1.1 3.2 -0.9
v -1 3.2 -0.9
v -0.9 3.2 -0.9
v -0.8 3.2 -0.9
v -0.7 3.2 -0.9
v 0.7 3.2 -0.9
v 0.8 3.2 -0.9
v 0.9 3.2 -0.9
v 1 3.2 -0.9
v 1.1 3.2 -0.9
v -1.2 3.2 -1
v -1.1 3.2 -1
v -1 3.2 -1
v -0.9 3.2 -1
v -0.8 3.2 -1
v 0.8 3.2 -1
v 0.9 3.2 -1
v 1 3.2 -1
v 1.1 3.2 -1
v 1.2 3.2 -1
v -1.3 3.2 -1.1
v -1.2 3.2 -1.1
v -1.1 3.2 -1.1
v -1 3.2 -1.1
v -0.9 3.2 -1.1
v 0.9 3.2 -1.1
v 1 3.2 -1.1
v 1.1 3.2 -1.1
v 1.2 3.2 -1.1
v 1.3 3.2 -1.1
v -1.4 3.2 -1.2
v -1.3 3.2 -1.2
v -1.2 3.2 -1.2
v -1.1 3.2 -1.2
v -1 3.2 -1.2
v 1 3.2 -1.2
v 1.1 3.2 -1.2
v 1.2 3.2 -1.2
v 1.3 3.2 -1.2
v 1.4 3.2 -1.2
v -1.5 3.2 -1.3
v -1.4 3.2 -1.3
v -1.3 3.2 -1.3
v -1.2 3.2 -1.3
v -1.1 3.2 -1.3
v 1.1 3.2 -1.3
v 1.2 3.2 -1.3
v 1.3 3.2 -1.3
v 1.4 3.2 -1.3
v 1.5 3.2 -1.3
v -1.6 3.2 -1.4
v -1.5 3.2 -1.4
v -1.4 3.2 -1.4
v -1.3 3.2 -1.4
v -1.2 3.2 -1.4
v 1.2 3.2 -1.4
v 1.3 3.2 -1.4
v 1.4 3.2 -1.4
v 1.5 3.2 -1.4
v 1.6 3.2 -1.4
v -1.7 3.2 -1.5
v -1.6 3.2 -1.5
v -1.5 3.2 -1.5
v -1.4 3.2 -1.5
v -1.3 3.2 -1.5
v 1.3 3.2 -1.5
v 1.4 3.2 -1.5
v 1.5 3.2 -1.5
v 1.6 3.2 -1.5
v 1.7 3.2 -1.5
v -1.7 3.2 -1.6
v -1.5 3.2 -1.6
v -1.4 3.2 -1.6
v 1.4 3.2 -1.6
v 1.5 3.2 -1.6
v 1.7 3.2 -1.6
v -1.8 3.2 -1.7
v -1.7 3.2 -1.7
v -1.5 3.2 -1.7
v 1.5 3.2 -1.7
v 1.7 3.2 -1.7
v 1.8 3.2 -1.7
v -1.7 3.2 -1.8
v 1.7 3.2 -1.8
v -2 3.2 -2
v 2 3.2 -2

# faces
f 3/5/1 2/5/1 1/5/1
f 4/5/1 2/5/1 3/5/1
f 5/5/1 3/5/1 1/5/1
f 6/2/1 4/2/1 3/2/1
f 6/5/1 3/5/1 5/5/1
f 7/2/1 4/2/1 6/2/1
f 8/2/1 4/2/1 7/2/1
f 9/2/1 4/2/1 8/2/1
f 10/2/1 4/2/1 9/2/1
f 11/2/1 4/2/1 10/2/1
f 12/2/1 4/2/1 11/2/1
f 13/5/1 2/5/1 4/5/1
f 13/2/1 4/2/1 12/2/1
f 14/5/1 2/5/1 13/5/1
f 15/2/1 6/2/1 5/2/1
f 15/2/1 7/2/1 6/2/1
f 16/2/1 7/2/1 15/2/1
f 17/5/1 8/5/1 7/5/1
f 17/2/1 7/2/1 16/2/1
f 18/5/1 8/5/1 17/5/1
f 21/5/1 12/5/1 11/5/1
f 22/2/1 14/2/1 13/2/1
f 22/2/1 13/2/1 12/2/1
f 22/5/1 12/5/1 21/5/1
f 23/2/1 14/2/1 22/2/1
f 24/2/1 14/2/1 23/2/1
f 25/5/1 16/5/1 15/5/1
f 25/2/1 17/2/1 16/2/1
f 25/2/1 18/2/1 17/2/1
f 26/2/1 18/2/1 25/2/1
f 27/5/1 19/5/1 18/5/1
f 27/2/1 18/2/1 26/2/1
f 28/5/1 19/5/1 27/5/1
f 31/5/1 21/5/1 20/5/1
f 32/2/1 23/2/1 22/2/1
f 32/2/1 22/2/1 21/2/1
f 32/5/1 21/5/1 31/5/1
f 33/2/1 23/2/1 32/2/1
f 34/5/1 24/5/1 23/5/1
f 34/2/1 23/2/1 33/2/1
f 35/2/1 27/2/1 26/2/1
f 35/2/1 28/2/1 27/2/1
f 36/2/1 28/2/1 35/2/1
f 37/5/1 29/5/1 28/5/1
f 37/2/1 28/2/1 36/2/1
f 38/5/1 29/5/1 37/5/1
f 41/5/1 31/5/1 30/5/1
f 42/2/1 33/2/1 32/2/1
f 42/2/1 32/2/1 31/2/1
f 42/5/1 31/5/1 41/5/1
f 43/2/1 33/2/1 42/2/1
f 44/2/1 33/2/1 43/2/1
f 45/2/1 37/2/1 36/2/1
f 45/2/1 38/2/1 37/2/1
f 46/2/1 38/2/1 45/2/1
f 47/5/1 39/5/1 38/5/1
f 47/2/1 38/2/1 46/2/1
f 48/5/1 39/5/1 47/5/1
f 51/5/1 41/5/1 40/5/1
f 52/2/1 43/2/1 42/2/1
f 52/2/1 42/2/1 41/2/1
f 52/5/1 41/5/1 51/5/1
f 53/2/1 43/2/1 52/2/1
f 54/2/1 43/2/1 53/2/1
f 55/2/1 47/2/1 46/2/1
f 55/2/1 48/2/1 47/2/1
f 56/2/1 48/2/1 55/2/1
f 57/5/1 49/5/1 48/5/1
f 57/2/1 48/2/1 56/2/1
f 58/5/1 49/5/1 57/5/1
f 61/5/1 51/5/1 50/5/1
f 62/2/1 53/2/1 52/2/1
f 62/2/1 52/2/1 51/2/1
f 62/5/1 51/5/1 61/5/1
f 63/2/1 53/2/1 62/2/1
f 64/2/1 53/2/1 63/2/1
f 65/2/1 57/2/1 56/2/1
f 65/2/1 58/2/1 57/2/1
f 66/2/1 58/2/1 65/2/1
f 67/5/1 59/5/1 58/5/1
f 67/2/1 58/2/1 66/2/1
f 68/5/1 59/5/1 67/5/1
f 71/5/1 61/5/1 60/5/1
f 72/2/1 63/2/1 62/2/1
f 72/2/1 62/2/1 61/2/1
f 72/5/1 61/5/1 71/5/1
f 73/2/1 63/2/1 72/2/1
f 74/2/1 63/2/1 73/2/1
f 75/2/1 67/2/1 66/2/1
f 75/2/1 68/2/1 67/2/1
f 76/2/1 68/2/1 75/2/1
f 77/5/1 69/5/1 68/5/1
f 77/2/1 68/2/1 76/2/1
f 78/5/1 69/5/1 77/5/1
f 81/5/1 71/5/1 70/5/1
f 82/2/1 73/2/1 72/2/1
f 82/2/1 72/2/1 71/2/1
f 82/5/1 71/5/1 81/5/1
f 83/2/1 73/2/1 82/2/1
f 84/2/1 73/2/1 83/2/1
f 85/2/1 77/2/1 76/2/1
f 85/2/1 78/2/1 77/2/1
f 86/2/1 78/2/1 85/2/1
f 87/5/1 79/5/1 78/5/1
f 87/2/1 78/2/1 86/2/1
f 88/5/1 79/5/1 87/5/1
f 91/5/1 81/5/1 80/5/1
f 92/2/1 83/2/1 82/2/1
f 92/2/1 82/2/1 81/2/1
f 92/5/1 81/5/1 91/5/1
f 93/2/1 83/2/1 92/2/1
f 94/2/1 83/2/1 93/2/1
f 95/2/1 87/2/1 86/2/1
f 95/2/1 88/2/1 87/2/1
f 96/2/1 88/2/1 95/2/1
f 97/5/1 89/5/1 88/5/1
f 97/2/1 88/2/1 96/2/1
f 98/5/1 89/5/1 97/5/1
f 101/5/1 91/5/1 90/5/1
f 102/2/1 93/2/1 92/2/1
f 102/2/1 92/2/1 91/2/1
f 102/5/1 91/5/1 101/5/1
f 103/2/1 93/2/1 102/2/1
f 104/2/1 93/2/1 103/2/1
f 105/2/1 97/2/1 96/2/1
f 105/2/1 98/2/1 97/2/1
f 106/2/1 98/2/1 105/2/1
f 107/5/1 99/5/1 98/5/1
f 107/2/1 98/2/1 106/2/1
f 108/5/1 99/5/1 107/5/1
f 111/5/1 101/5/1 100/5/1
f 112/2/1 103/2/1 102/2/1
f 112/2/1 102/2/1 101/2/1
f 112/5/1 101/5/1 111/5/1
f 113/2/1 103/2/1 112/2/1
f 114/2/1 103/2/1 113/2/1
f 115/2/1 107/2/1 106/2/1
f 115/2/1 108/2/1 107/2/1
f 116/2/1 108/2/1 115/2/1
f 117/5/1 109/5/1 108/5/1
f 117/2/1 108/2/1 116/2/1
f 118/5/1 109/5/1 117/5/1
f 121/5/1 111/5/1 110/5/1
f 122/2/1 113/2/1 112/2/1
f 122/2/1 112/2/1 111/2/1
f 122/5/1 111/5/1 121/5/1
f 123/2/1 113/2/1 122/2/1
f 124/2/1 113/2/1 123/2/1
f 125/2/1 117/2/1 116/2/1
f 125/2/1 118/2/1 117/2/1
f 126/2/1 118/2/1 125/2/1
f 127/5/1 119/5/1 118/5/1
f 127/2/1 118/2/1 126/2/1
f 128/5/1 119/5/1 127/5/1
f 131/2/1 10/2/1 9/2/1
f 132/2/1 10/2/1 131/2/1
f 135/5/1 121/5/1 120/5/1
f 136/2/1 123/2/1 122/2/1
f 136/2/1 122/2/1 121/2/1
f 136/5/1 121/5/1 135/5/1
f 137/2/1 123/2/1 136/2/1
f 138/2/1 123/2/1 137/2/1
f 139/2/1 127/2/1 126/2/1
f 139/2/1 128/2/1 127/2/1
f 140/2/1 128/2/1 139/2/1
f 141/5/1 129/5/1 128/5/1
f 141/2/1 128/2/1 140/2/1
f 142/5/1 129/5/1 141/5/1
f 143/5/1 131/5/1 130/5/1
f 144/2/1 132/2/1 131/2/1
f 144/5/1 131/5/1 143/5/1
f 145/5/1 133/5/1 132/5/1
f 145/2/1 132/2/1 144/2/1
f 146/5/1 133/5/1 145/5/1
f 147/5/1 135/5/1 134/5/1
f 148/2/1 137/2/1 136/2/1
f 148/2/1 136/2/1 135/2/1
f 148/5/1 135/5/1 147/5/1
f 149/2/1 137/2/1 148/2/1
f 150/2/1 137/2/1 149/2/1
f 151/2/1 142/2/1 141/2/1
f 151/5/1 143/5/1 142/5/1
f 152/2/1 144/2/1 143/2/1
f 152/5/1 143/5/1 151/5/1
f 152/2/1 146/2/1 145/2/1
f 152/2/1 145/2/1 144/2/1
f 153/5/1 147/5/1 146/5/1
f 153/2/1 146/2/1 152/2/1
f 154/2/1 148/2/1 147/2/1
f 154/5/1 147/5/1 153/5/1
f 156/5/1 141/5/1 140/5/1
f 157/2/1 151/2/1 141/2/1
f 157/2/1 152/2/1 151/2/1
f 157/5/1 141/5/1 156/5/1
f 157/2/1 153/2/1 152/2/1
f 157/2/1 154/2/1 153/2/1
f 158/2/1 154/2/1 157/2/1
f 159/2/1 154/2/1 158/2/1
f 160/2/1 154/2/1 159/2/1
f 161/2/1 148/2/1 154/2/1
f 161/2/1 154/2/1 160/2/1
f 162/5/1 149/5/1 148/5/1
f 162/2/1 148/2/1 161/2/1
f 163/5/1 149/5/1 162/5/1
f 166/5/1 156/5/1 155/5/1
f 167/2/1 157/2/1 156/2/1
f 167/2/1 158/2/1 157/2/1
f 167/5/1 156/5/1 166/5/1
f 168/2/1 158/2/1 167/2/1
f 169/2/1 158/2/1 168/2/1
f 170/2/1 160/2/1 159/2/1
f 171/2/1 160/2/1 170/2/1
f 172/2/1 160/2/1 171/2/1
f 173/2/1 160/2/1 172/2/1
f 174/2/1 162/2/1 161/2/1
f 174/2/1 163/2/1 162/2/1
f 175/2/1 163/2/1 174/2/1
f 176/5/1 164/5/1 163/5/1
f 176/2/1 163/2/1 175/2/1
f 177/5/1 164/5/1 176/5/1
f 180/5/1 166/5/1 165/5/1
f 181/2/1 167/2/1 166/2/1
f 181/2/1 168/2/1 167/2/1
f 181/5/1 166/5/1 180/5/1
f 182/2/1 168/2/1 181/2/1
f 183/2/1 168/2/1 182/2/1
f 184/2/1 177/2/1 176/2/1
f 184/2/1 176/2/1 175/2/1
f 185/2/1 177/2/1 184/2/1
f 186/5/1 178/5/1 177/5/1
f 186/2/1 177/2/1 185/2/1
f 187/5/1 178/5/1 186/5/1
f 190/5/1 180/5/1 179/5/1
f 191/2/1 182/2/1 181/2/1
f 191/2/1 181/2/1 180/2/1
f 191/5/1 180/5/1 190/5/1
f 192/2/1 182/2/1 191/2/1
f 193/2/1 182/2/1 192/2/1
f 194/2/1 187/2/1 186/2/1
f 194/2/1 186/2/1 185/2/1
f 195/2/1 187/2/1 194/2/1
f 196/5/1 188/5/1 187/5/1
f 196/2/1 187/2/1 195/2/1
f 197/5/1 188/5/1 196/5/1
f 200/5/1 190/5/1 189/5/1
f 201/2/1 192/2/1 191/2/1
f 201/2/1 191/2/1 190/2/1
f 201/5/1 190/5/1 200/5/1
f 202/2/1 192/2/1 201/2/1
f 203/2/1 192/2/1 202/2/1
f 204/2/1 197/2/1 196/2/1
f 204/2/1 196/2/1 195/2/1
f 205/2/1 197/2/1 204/2/1
f 206/5/1 198/5/1 197/5/1
f 206/2/1 197/2/1 205/2/1
f 207/5/1 198/5/1 206/5/1
f 210/5/1 200/5/1 199/5/1
f 211/2/1 202/2/1 201/2/1
f 211/2/1 201/2/1 200/2/1
f 211/5/1 200/5/1 210/5/1
f 212/2/1 202/2/1 211/2/1
f 213/2/1 202/2/1 212/2/1
f 214/2/1 207/2/1 206/2/1
f 214/2/1 206/2/1 205/2/1
f 215/2/1 207/2/1 214/2/1
f 216/5/1 208/5/1 207/5/1
f 216/2/1 207/2/1 215/2/1
f 217/5/1 208/5/1 216/5/1
f 220/5/1 210/5/1 209/5/1
f 221/2/1 212/2/1 211/2/1
f 221/2/1 211/2/1 210/2/1
f 221/5/1 210/5/1 220/5/1
f 222/2/1 212/2/1 221/2/1
f 223/2/1 212/2/1 222/2/1
f 224/2/1 217/2/1 216/2/1
f 224/2/1 216/2/1 215/2/1
f 225/2/1 217/2/1 224/2/1
f 226/5/1 218/5/1 217/5/1
f 226/2/1 217/2/1 225/2/1
f 227/5/1 218/5/1 226/5/1
f 230/5/1 220/5/1 219/5/1
f 231/2/1 222/2/1 221/2/1
f 231/2/1 221/2/1 220/2/1
f 231/5/1 220/5/1 230/5/1
f 232/2/1 222/2/1 231/2/1
f 233/2/1 222/2/1 232/2/1
f 234/2/1 227/2/1 226/2/1
f 234/2/1 226/2/1 225/2/1
f 235/2/1 227/2/1 234/2/1
f 236/5/1 228/5/1 227/5/1
f 236/2/1 227/2/1 235/2/1
f 237/5/1 228/5/1 236/5/1
f 240/5/1 230/5/1 229/5/1
f 241/2/1 232/2/1 231/2/1
f 241/2/1 231/2/1 230/2/1
f 241/5/1 230/5/1 240/5/1
f 242/2/1 232/2/1 241/2/1
f 243/2/1 232/2/1 242/2/1
f 244/2/1 237/2/1 236/2/1
f 244/2/1 236/2/1 235/2/1
f 245/2/1 237/2/1 244/2/1
f 246/5/1 238/5/1 237/5/1
f 246/2/1 237/2/1 245/2/1
f 247/5/1 238/5/1 246/5/1
f 250/5/1 240/5/1 239/5/1
f 251/2/1 242/2/1 241/2/1
f 251/2/1 241/2/1 240/2/1
f 251/5/1 240/5/1 250/5/1
f 252/2/1 242/2/1 251/2/1
f 253/2/1 242/2/1 252/2/1
f 254/2/1 247/2/1 246/2/1
f 254/2/1 246/2/1 245/2/1
f 255/2/1 247/2/1 254/2/1
f 256/5/1 248/5/1 247/5/1
f 256/2/1 247/2/1 255/2/1
f 257/5/1 248/5/1 256/5/1
f 260/5/1 250/5/1 249/5/1
f 261/2/1 252/2/1 251/2/1
f 261/2/1 251/2/1 250/2/1
f 261/5/1 250/5/1 260/5/1
f 262/2/1 252/2/1 261/2/1
f 263/2/1 252/2/1 262/2/1
f 264/2/1 257/2/1 256/2/1
f 264/2/1 256/2/1 255/2/1
f 265/2/1 257/2/1 264/2/1
f 266/5/1 258/5/1 257/5/1
f 266/2/1 257/2/1 265/2/1
f 267/5/1 258/5/1 266/5/1
f 269/5/1 25/5/1 15/5/1
f 270/5/1 260/5/1 259/5/1
f 271/2/1 262/2/1 261/2/1
f 271/2/1 261/2/1 260/2/1
f 271/5/1 260/5/1 270/5/1
f 272/2/1 262/2/1 271/2/1
f 273/2/1 262/2/1 272/2/1
f 274/2/1 266/2/1 265/2/1
f 274/2/1 267/2/1 266/2/1
f 275/2/1 267/2/1 274/2/1
f 276/5/1 268/5/1 267/5/1
f 276/2/1 267/2/1 275/2/1
f 277/5/1 268/5/1 276/5/1
f 278/5/1 24/5/1 34/5/1
f 279/5/1 270/5/1 269/5/1
f 279/5/1 269/5/1 15/5/1
f 280/2/1 272/2/1 271/2/1
f 280/5/1 270/5/1 279/5/1
f 280/2/1 271/2/1 270/2/1
f 281/2/1 272/2/1 280/2/1
f 282/2/1 272/2/1 281/2/1
f 283/2/1 277/2/1 276/2/1
f 283/2/1 276/2/1 275/2/1
f 284/2/1 277/2/1 283/2/1
f 285/5/1 278/5/1 277/5/1
f 285/2/1 277/2/1 284/2/1
f 286/5/1 24/5/1 278/5/1
f 286/5/1 278/5/1 285/5/1
f 287/2/1 15/2/1 5/2/1
f 287/5/1 279/5/1 15/5/1
f 288/2/1 281/2/1 280/2/1
f 288/5/1 279/5/1 287/5/1
f 288/2/1 280/2/1 279/2/1
f 289/2/1 281/2/1 288/2/1
f 290/2/1 172/2/1 171/2/1
f 291/2/1 172/2/1 290/2/1
f 292/2/1 286/2/1 285/2/1
f 292/2/1 285/2/1 284/2/1
f 293/5/1 24/5/1 286/5/1
f 293/2/1 286/2/1 292/2/1
f 294/2/1 14/2/1 24/2/1
f 294/5/1 24/5/1 293/5/1
f 295/5/1 290/5/1 289/5/1
f 295/2/1 289/2/1 288/2/1
f 295/2/1 288/2/1 287/2/1
f 296/2/1 291/2/1 290/2/1
f 296/5/1 290/5/1 295/5/1
f 297/5/1 292/5/1 291/5/1
f 297/2/1 291/2/1 296/2/1
f 298/2/1 293/2/1 292/2/1
f 298/5/1 292/5/1 297/5/1
f 298/2/1 294/2/1 293/2/1
f 299/2/1 296/2/1 295/2/1
f 299/2/1 287/2/1 5/2/1
f 299/2/1 298/2/1 297/2/1
f 299/2/1 297/2/1 296/2/1
f 299/2/1 295/2/1 287/2/1
f 300/2/1 294/2/1 298/2/1
f 300/2/1 298/2/1 299/2/1
f 300/2/1 14/2/1 294/2/1
f 305/3/1 302/3/1 301/3/1
f 306/3/1 302/3/1 305/3/1
f 307/3/1 302/3/1 306/3/1
f 308/3/1 302/3/1 307/3/1
f 309/3/1 302/3/1 308/3/1
f 310/3/1 302/3/1 309/3/1
f 311/3/1 304/3/1 303/3/1
f 312/3/1 304/3/1 311/3/1
f 313/3/1 304/3/1 312/3/1
f 314/3/1 304/3/1 313/3/1
f 315/3/1 304/3/1 314/3/1
f 316/3/1 304/3/1 315/3/1
f 319/3/1 307/3/1 306/3/1
f 320/3/1 307/3/1 319/3/1
f 321/1/1 308/1/1 307/1/1
f 321/3/1 307/3/1 320/3/1
f 322/3/1 309/3/1 308/3/1
f 322/1/1 308/1/1 321/1/1
f 323/3/1 309/3/1 322/3/1
f 324/3/1 309/3/1 323/3/1
f 325/1/1 310/1/1 309/1/1
f 325/3/1 309/3/1 324/3/1
f 326/1/1 312/1/1 311/1/1
f 326/3/1 313/3/1 312/3/1
f 327/3/1 313/3/1 326/3/1
f 328/3/1 313/3/1 327/3/1
f 329/1/1 314/1/1 313/1/1
f 329/3/1 313/3/1 328/3/1
f 330/3/1 315/3/1 314/3/1
f 330/1/1 314/1/1 329/1/1
f 331/3/1 315/3/1 330/3/1
f 334/3/1 318/3/1 317/3/1
f 336/1/1 321/1/1 320/1/1
f 336/1/1 322/1/1 321/1/1
f 336/1/1 323/1/1 322/1/1
f 337/1/1 323/1/1 336/1/1
f 338/1/1 330/1/1 329/1/1
f 338/1/1 329/1/1 328/1/1
f 339/1/1 330/1/1 338/1/1
f 341/3/1 333/3/1 332/3/1
f 342/1/1 335/1/1 334/1/1
f 344/1/1 323/1/1 337/1/1
f 345/1/1 323/1/1 344/1/1
f 346/1/1 323/1/1 345/1/1
f 347/3/1 324/3/1 323/3/1
f 347/1/1 323/1/1 346/1/1
f 348/3/1 324/3/1 347/3/1
f 349/1/1 327/1/1 326/1/1
f 349/3/1 328/3/1 327/3/1
f 350/3/1 328/3/1 349/3/1
f 351/1/1 338/1/1 328/1/1
f 352/1/1 338/1/1 351/1/1
f 353/1/1 338/1/1 352/1/1
f 355/3/1 341/3/1 340/3/1
f 356/3/1 343/3/1 342/3/1
f 358/4/1 346/4/1 345/4/1
f 359/1/1 348/1/1 347/1/1
f 359/4/1 346/4/1 358/4/1
f 359/1/1 347/1/1 346/1/1
f 360/1/1 351/1/1 328/1/1
f 361/4/1 352/4/1 351/4/1
f 361/1/1 351/1/1 360/1/1
f 362/4/1 352/4/1 361/4/1
f 364/1/1 355/1/1 354/1/1
f 365/1/1 357/1/1 356/1/1
f 367/1/1 348/1/1 359/1/1
f 368/1/1 348/1/1 367/1/1
f 369/3/1 324/3/1 348/3/1
f 370/1/1 325/1/1 324/1/1
f 370/3/1 324/3/1 369/3/1
f 371/1/1 310/1/1 325/1/1
f 371/1/1 325/1/1 370/1/1
f 372/1/1 310/1/1 371/1/1
f 373/1/1 326/1/1 311/1/1
f 373/1/1 349/1/1 326/1/1
f 373/1/1 350/1/1 349/1/1
f 374/1/1 350/1/1 373/1/1
f 375/3/1 328/3/1 350/3/1
f 376/1/1 360/1/1 328/1/1
f 376/3/1 328/3/1 375/3/1
f 377/4/1 361/4/1 360/4/1
f 377/1/1 360/1/1 376/1/1
f 378/4/1 361/4/1 377/4/1
f 380/1/1 364/1/1 363/1/1
f 381/4/1 366/4/1 365/4/1
f 383/1/1 348/1/1 368/1/1
f 384/3/1 369/3/1 348/3/1
f 384/1/1 348/1/1 383/1/1
f 385/1/1 376/1/1 375/1/1
f 385/1/1 377/1/1 376/1/1
f 386/1/1 377/1/1 385/1/1
f 388/4/1 380/4/1 379/4/1
f 389/1/1 355/1/1 364/1/1
f 389/3/1 341/3/1 355/3/1
f 389/1/1 364/1/1 380/1/1
f 390/3/1 333/3/1 341/3/1
f 390/3/1 341/3/1 389/3/1
f 391/1/1 342/1/1 334/1/1
f 391/3/1 356/3/1 342/3/1
f 392/1/1 365/1/1 356/1/1
f 392/3/1 356/3/1 391/3/1
f 393/4/1 382/4/1 381/4/1
f 395/3/1 369/3/1 384/3/1
f 396/3/1 369/3/1 395/3/1
f 397/1/1 385/1/1 375/1/1
f 397/3/1 375/3/1 350/3/1
f 398/1/1 385/1/1 397/1/1
f 400/4/1 388/4/1 387/4/1
f 401/4/1 394/4/1 393/4/1
f 403/3/1 369/3/1 396/3/1
f 404/3/1 369/3/1 403/3/1
f 405/1/1 350/1/1 374/1/1
f 405/3/1 397/3/1 350/3/1
f 406/3/1 397/3/1 405/3/1
f 407/3/1 397/3/1 406/3/1
f 408/3/1 397/3/1 407/3/1
f 410/4/1 400/4/1 399/4/1
f 411/4/1 380/4/1 388/4/1
f 411/1/1 389/1/1 380/1/1
f 411/4/1 400/4/1 410/4/1
f 411/1/1 390/1/1 389/1/1
f 411/4/1 388/4/1 400/4/1
f 412/1/1 390/1/1 411/1/1
f 413/1/1 365/1/1 392/1/1
f 413/1/1 392/1/1 391/1/1
f 414/4/1 402/4/1 401/4/1
f 414/1/1 365/1/1 413/1/1
f 414/4/1 381/4/1 365/4/1
f 414/4/1 393/4/1 381/4/1
f 414/4/1 401/4/1 393/4/1
f 415/4/1 402/4/1 414/4/1
f 417/3/1 369/3/1 404/3/1
f 418/3/1 369/3/1 417/3/1
f 419/1/1 370/1/1 369/1/1
f 419/1/1 371/1/1 370/1/1
f 420/4/1 372/4/1 371/4/1
f 420/1/1 371/1/1 419/1/1
f 421/1/1 406/1/1 405/1/1
f 421/4/1 374/4/1 373/4/1
f 421/1/1 405/1/1 374/1/1
f 422/1/1 406/1/1 421/1/1
f 423/3/1 407/3/1 406/3/1
f 424/3/1 407/3/1 423/3/1
f 426/4/1 410/4/1 409/4/1
f 426/4/1 412/4/1 411/4/1
f 426/4/1 411/4/1 410/4/1
f 427/1/1 416/1/1 415/1/1
f 429/3/1 369/3/1 418/3/1
f 430/3/1 369/3/1 429/3/1
f 431/1/1 419/1/1 369/1/1
f 431/3/1 369/3/1 430/3/1
f 432/3/1 423/3/1 406/3/1
f 432/1/1 406/1/1 422/1/1
f 433/3/1 423/3/1 432/3/1
f 435/4/1 426/4/1 425/4/1
f 436/1/1 390/1/1 412/1/1
f 437/3/1 333/3/1 390/3/1
f 437/1/1 390/1/1 436/1/1
f 438/1/1 428/1/1 427/1/1
f 440/1/1 431/1/1 430/1/1
f 441/1/1 419/1/1 431/1/1
f 441/1/1 431/1/1 440/1/1
f 442/4/1 372/4/1 420/4/1
f 442/4/1 420/4/1 419/4/1
f 443/4/1 372/4/1 442/4/1
f 444/4/1 422/4/1 421/4/1
f 444/4/1 421/4/1 373/4/1
f 445/4/1 422/4/1 444/4/1
f 446/1/1 432/1/1 422/1/1
f 447/1/1 432/1/1 446/1/1
f 449/1/1 435/1/1 434/1/1
f 450/3/1 439/3/1 438/3/1
f 452/1/1 419/1/1 441/1/1
f 453/4/1 442/4/1 419/4/1
f 453/1/1 419/1/1 452/1/1
f 454/4/1 442/4/1 453/4/1
f 455/4/1 422/4/1 445/4/1
f 456/1/1 446/1/1 422/1/1
f 456/4/1 422/4/1 455/4/1
f 457/1/1 446/1/1 456/1/1
f 459/3/1 449/3/1 448/3/1
f 460/3/1 451/3/1 450/3/1
f 460/3/1 450/3/1 438/3/1
f 461/3/1 451/3/1 460/3/1
f 468/3/1 459/3/1 458/3/1
f 469/3/1 449/3/1 459/3/1
f 469/3/1 459/3/1 468/3/1
f 470/1/1 438/1/1 427/1/1
f 470/3/1 460/3/1 438/3/1
f 471/3/1 460/3/1 470/3/1
f 473/1/1 463/1/1 462/1/1
f 474/4/1 464/4/1 463/4/1
f 477/4/1 466/4/1 465/4/1
f 478/1/1 467/1/1 466/1/1
f 480/3/1 449/3/1 469/3/1
f 481/1/1 435/1/1 449/1/1
f 481/3/1 449/3/1 480/3/1
f 482/4/1 426/4/1 435/4/1
f 482/1/1 435/1/1 481/1/1
f 483/4/1 412/4/1 426/4/1
f 483/4/1 426/4/1 482/4/1
f 484/1/1 427/1/1 415/1/1
f 484/1/1 470/1/1 427/1/1
f 485/1/1 470/1/1 484/1/1
f 487/1/1 473/1/1 472/1/1
f 488/1/1 479/1/1 478/1/1
f 490/1/1 482/1/1 481/1/1
f 490/1/1 483/1/1 482/1/1
f 491/1/1 483/1/1 490/1/1
f 492/1/1 413/1/1 391/1/1
f 492/4/1 414/4/1 413/4/1
f 492/4/1 415/4/1 414/4/1
f 493/4/1 415/4/1 492/4/1
f 494/1/1 484/1/1 415/1/1
f 494/4/1 415/4/1 493/4/1
f 495/1/1 484/1/1 494/1/1
f 497/3/1 487/3/1 486/3/1
f 498/3/1 489/3/1 488/3/1
f 500/1/1 483/1/1 491/1/1
f 501/4/1 412/4/1 483/4/1
f 501/1/1 483/1/1 500/1/1
f 502/4/1 494/4/1 493/4/1
f 503/4/1 494/4/1 502/4/1
f 505/3/1 497/3/1 496/3/1
f 506/1/1 473/1/1 487/1/1
f 506/3/1 487/3/1 497/3/1
f 506/3/1 497/3/1 505/3/1
f 507/1/1 463/1/1 473/1/1
f 507/1/1 473/1/1 506/1/1
f 508/4/1 475/4/1 474/4/1
f 508/1/1 463/1/1 507/1/1
f 508/4/1 474/4/1 463/4/1
f 509/4/1 475/4/1 508/4/1
f 510/1/1 488/1/1 478/1/1
f 510/1/1 478/1/1 466/1/1
f 511/3/1 499/3/1 498/3/1
f 511/1/1 488/1/1 510/1/1
f 511/3/1 498/3/1 488/3/1
f 512/3/1 499/3/1 511/3/1
f 514/4/1 412/4/1 501/4/1
f 515/4/1 412/4/1 514/4/1
f 516/4/1 412/4/1 515/4/1
f 517/1/1 436/1/1 412/1/1
f 517/4/1 412/4/1 516/4/1
f 518/4/1 502/4/1 493/4/1
f 519/4/1 502/4/1 518/4/1
f 521/3/1 505/3/1 504/3/1
f 521/3/1 507/3/1 506/3/1
f 521/3/1 506/3/1 505/3/1
f 522/4/1 477/4/1 476/4/1
f 522/4/1 466/4/1 477/4/1
f 523/1/1 510/1/1 466/1/1
f 523/4/1 466/4/1 522/4/1
f 524/3/1 513/3/1 512/3/1
f 524/3/1 511/3/1 510/3/1
f 524/3/1 512/3/1 511/3/1
f 526/4/1 516/4/1 515/4/1
f 527/4/1 516/4/1 526/4/1
f 528/1/1 391/1/1 334/1/1
f 528/1/1 493/1/1 492/1/1
f 528/1/1 492/1/1 391/1/1
f 529/1/1 493/1/1 528/1/1
f 530/4/1 518/4/1 493/4/1
f 531/4/1 518/4/1 530/4/1
f 533/3/1 521/3/1 520/3/1
f 534/3/1 525/3/1 524/3/1
f 536/4/1 516/4/1 527/4/1
f 537/4/1 516/4/1 536/4/1
f 538/1/1 436/1/1 517/1/1
f 538/1/1 517/1/1 516/1/1
f 539/3/1 437/3/1 436/3/1
f 539/1/1 436/1/1 538/1/1
f 540/1/1 493/1/1 529/1/1
f 540/4/1 530/4/1 493/4/1
f 541/4/1 530/4/1 540/4/1
f 543/1/1 533/1/1 532/1/1
f 544/4/1 522/4/1 476/4/1
f 545/1/1 523/1/1 522/1/1
f 545/4/1 522/4/1 544/4/1
f 546/1/1 510/1/1 523/1/1
f 546/1/1 523/1/1 545/1/1
f 547/3/1 524/3/1 510/3/1
f 547/1/1 510/1/1 546/1/1
f 547/3/1 534/3/1 524/3/1
f 548/1/1 535/1/1 534/1/1
f 550/4/1 516/4/1 537/4/1
f 551/1/1 538/1/1 516/1/1
f 551/4/1 516/4/1 550/4/1
f 552/3/1 529/3/1 528/3/1
f 552/1/1 540/1/1 529/1/1
f 553/1/1 540/1/1 552/1/1
f 555/1/1 543/1/1 542/1/1
f 556/1/1 509/1/1 508/1/1
f 556/3/1 507/3/1 521/3/1
f 556/1/1 508/1/1 507/1/1
f 556/3/1 521/3/1 533/3/1
f 557/1/1 509/1/1 556/1/1
f 558/4/1 475/4/1 509/4/1
f 558/1/1 509/1/1 557/1/1
f 559/4/1 475/4/1 558/4/1
f 560/1/1 549/1/1 548/1/1
f 562/1/1 538/1/1 551/1/1
f 563/3/1 539/3/1 538/3/1
f 563/1/1 538/1/1 562/1/1
f 564/1/1 528/1/1 334/1/1
f 564/3/1 552/3/1 528/3/1
f 565/3/1 552/3/1 564/3/1
f 567/4/1 555/4/1 554/4/1
f 568/1/1 543/1/1 555/1/1
f 568/4/1 555/4/1 567/4/1
f 569/4/1 561/4/1 560/4/1
f 569/1/1 560/1/1 548/1/1
f 570/4/1 561/4/1 569/4/1
f 572/3/1 539/3/1 563/3/1
f 573/3/1 437/3/1 539/3/1
f 573/3/1 539/3/1 572/3/1
f 574/3/1 334/3/1 317/3/1
f 574/1/1 564/1/1 334/1/1
f 575/1/1 564/1/1 574/1/1
f 577/1/1 567/1/1 566/1/1
f 577/1/1 568/1/1 567/1/1
f 578/1/1 543/1/1 568/1/1
f 578/1/1 533/1/1 543/1/1
f 578/1/1 568/1/1 577/1/1
f 579/3/1 557/3/1 556/3/1
f 579/1/1 533/1/1 578/1/1
f 579/3/1 556/3/1 533/3/1
f 580/1/1 571/1/1 570/1/1
f 580/3/1 534/3/1 547/3/1
f 580/1/1 570/1/1 569/1/1
f 580/1/1 569/1/1 548/1/1
f 580/1/1 548/1/1 534/1/1
f 580/3/1 547/3/1 546/3/1
f 581/1/1 571/1/1 580/1/1
f 582/1/1 571/1/1 581/1/1
f 584/3/1 437/3/1 573/3/1
f 585/3/1 333/3/1 437/3/1
f 585/3/1 437/3/1 584/3/1
f 586/3/1 574/3/1 317/3/1
f 587/3/1 574/3/1 586/3/1
f 589/1/1 577/1/1 576/1/1
f 589/1/1 578/1/1 577/1/1
f 590/1/1 559/1/1 558/1/1
f 590/3/1 557/3/1 579/3/1
f 590/3/1 579/3/1 578/3/1
f 590/1/1 558/1/1 557/1/1
f 591/1/1 559/1/1 590/1/1
f 592/1/1 545/1/1 544/1/1
f 592/1/1 546/1/1 545/1/1
f 593/3/1 581/3/1 580/3/1
f 593/1/1 546/1/1 592/1/1
f 593/3/1 580/3/1 546/3/1
f 594/1/1 583/1/1 582/1/1
f 594/1/1 582/1/1 581/1/1
f 596/3/1 333/3/1 585/3/1
f 597/3/1 333/3/1 596/3/1
f 599/3/1 589/3/1 588/3/1
f 600/1/1 578/1/1 589/1/1
f 600/3/1 589/3/1 599/3/1
f 601/3/1 591/3/1 590/3/1
f 601/1/1 578/1/1 600/1/1
f 601/3/1 590/3/1 578/3/1
f 602/3/1 581/3/1 593/3/1
f 602/3/1 593/3/1 592/3/1
f 602/1/1 594/1/1 581/1/1
f 603/3/1 595/3/1 594/3/1
f 603/1/1 594/1/1 602/1/1
f 604/3/1 595/3/1 603/3/1
f 606/3/1 599/3/1 598/3/1
f 606/3/1 600/3/1 599/3/1
f 606/3/1 601/3/1 600/3/1
f 607/3/1 591/3/1 601/3/1
f 607/3/1 601/3/1 606/3/1
f 608/3/1 605/3/1 604/3/1
f 608/3/1 604/3/1 603/3/1
f 608/3/1 602/3/1 592/3/1
f 608/3/1 603/3/1 602/3/1
f 609/3/1 605/3/1 608/3/1
f 614/2/1 611/2/1 610/2/1
f 615/2/1 611/2/1 614/2/1
f 616/2/1 613/2/1 612/2/1
f 617/2/1 613/2/1 616/2/1
f 622/5/1 619/5/1 618/5/1
f 623/5/1 619/5/1 622/5/1
f 624/5/1 621/5/1 620/5/1
f 625/5/1 621/5/1 624/5/1
f 630/2/1 627/2/1 626/2/1
f 631/2/1 627/2/1 630/2/1
f 632/2/1 629/2/1 628/2/1
f 633/2/1 629/2/1 632/2/1
f 638/5/1 635/5/1 634/5/1
f 639/5/1 635/5/1 638/5/1
f 640/5/1 637/5/1 636/5/1
f 641/5/1 637/5/1 640/5/1
f 646/2/1 643/2/1 642/2/1
f 647/2/1 643/2/1 646/2/1
f 648/2/1 645/2/1 644/2/1
f 649/2/1 645/2/1 648/2/1
f 654/2/1 651/2/1 650/2/1
f 655/2/1 651/2/1 654/2/1
f 656/2/1 653/2/1 652/2/1
f 657/2/1 653/2/1 656/2/1
f 662/5/1 659/5/1 658/5/1
f 663/5/1 659/5/1 662/5/1
f 664/5/1 661/5/1 660/5/1
f 665/5/1 661/5/1 664/5/1
f 670/2/1 667/2/1 666/2/1
f 671/2/1 667/2/1 670/2/1
f 672/2/1 669/2/1 668/2/1
f 673/2/1 669/2/1 672/2/1
f 678/2/1 675/2/1 674/2/1
f 679/2/1 675/2/1 678/2/1
f 680/2/1 677/2/1 676/2/1
f 681/2/1 677/2/1 680/2/1
f 686/5/1 683/5/1 682/5/1
f 687/5/1 683/5/1 686/5/1
f 688/5/1 685/5/1 684/5/1
f 689/5/1 685/5/1 688/5/1
f 694/2/1 691/2/1 690/2/1
f 695/2/1 691/2/1 694/2/1
f 696/2/1 693/2/1 692/2/1
f 697/2/1 693/2/1 696/2/1
f 702/2/1 699/2/1 698/2/1
f 703/2/1 699/2/1 702/2/1
f 704/2/1 701/2/1 700/2/1
f 705/2/1 701/2/1 704/2/1
f 710/5/1 707/5/1 706/5/1
f 711/5/1 707/5/1 710/5/1
f 712/5/1 709/5/1 708/5/1
f 713/5/1 709/5/1 712/5/1
f 718/2/1 715/2/1 714/2/1
f 719/2/1 715/2/1 718/2/1
f 720/2/1 717/2/1 716/2/1
f 721/2/1 717/2/1 720/2/1
f 726/2/1 723/2/1 722/2/1
f 727/2/1 723/2/1 726/2/1
f 728/2/1 725/2/1 724/2/1
f 729/2/1 725/2/1 728/2/1
f 734/5/1 731/5/1 730/5/1
f 735/5/1 731/5/1 734/5/1
f 736/5/1 733/5/1 732/5/1
f 737/5/1 733/5/1 736/5/1
f 742/2/1 739/2/1 738/2/1
f 743/2/1 739/2/1 742/2/1
f 744/2/1 741/2/1 740/2/1
f 745/2/1 741/2/1 744/2/1
f 750/2/1 747/2/1 746/2/1
f 751/2/1 747/2/1 750/2/1
f 752/2/1 749/2/1 748/2/1
f 753/2/1 749/2/1 752/2/1
f 758/5/1 755/5/1 754/5/1
f 759/5/1 755/5/1 758/5/1
f 760/5/1 757/5/1 756/5/1
f 761/5/1 757/5/1 760/5/1
f 766/2/1 763/2/1 762/2/1
f 767/2/1 763/2/1 766/2/1
f 768/2/1 765/2/1 764/2/1
f 769/2/1 765/2/1 768/2/1
f 774/2/1 771/2/1 770/2/1
f 775/2/1 771/2/1 774/2/1
f 776/2/1 773/2/1 772/2/1
f 777/2/1 773/2/1 776/2/1
f 782/5/1 779/5/1 778/5/1
f 783/5/1 779/5/1 782/5/1
f 784/5/1 781/5/1 780/5/1
f 785/5/1 781/5/1 784/5/1
f 790/2/1 787/2/1 786/2/1
f 791/2/1 787/2/1 790/2/1
f 792/2/1 789/2/1 788/2/1
f 793/2/1 789/2/1 792/2/1
f 798/2/1 795/2/1 794/2/1
f 799/2/1 795/2/1 798/2/1
f 800/2/1 797/2/1 796/2/1
f 801/2/1 797/2/1 800/2/1
f 806/5/1 803/5/1 802/5/1
f 807/5/1 803/5/1 806/5/1
f 808/5/1 805/5/1 804/5/1
f 809/5/1 805/5/1 808/5/1
f 814/2/1 811/2/1 810/2/1
f 815/2/1 811/2/1 814/2/1
f 816/2/1 813/2/1 812/2/1
f 817/2/1 813/2/1 816/2/1
f 822/2/1 819/2/1 818/2/1
f 823/2/1 819/2/1 822/2/1
f 824/2/1 821/2/1 820/2/1
f 825/2/1 821/2/1 824/2/1
f 830/5/1 827/5/1 826/5/1
f 831/5/1 827/5/1 830/5/1
f 832/5/1 829/5/1 828/5/1
f 833/5/1 829/5/1 832/5/1
f 838/2/1 835/2/1 834/2/1
f 839/2/1 835/2/1 838/2/1
f 840/2/1 837/2/1 836/2/1
f 841/2/1 837/2/1 840/2/1
f 846/2/1 843/2/1 842/2/1
f 847/2/1 843/2/1 846/2/1
f 848/2/1 845/2/1 844/2/1
f 849/2/1 845/2/1 848/2/1
f 854/5/1 851/5/1 850/5/1
f 855/5/1 851/5/1 854/5/1
f 856/5/1 853/5/1 852/5/1
f 857/5/1 853/5/1 856/5/1
f 862/2/1 859/2/1 858/2/1
f 863/2/1 859/2/1 862/2/1
f 864/2/1 861/2/1 860/2/1
f 865/2/1 861/2/1 864/2/1
f 870/2/1 867/2/1 866/2/1
f 871/2/1 867/2/1 870/2/1
f 872/2/1 869/2/1 868/2/1
f 873/2/1 869/2/1 872/2/1
f 874/5/1 871/5/1 870/5/1
f 875/5/1 871/5/1 874/5/1
f 876/5/1 873/5/1 872/5/1
f 877/5/1 873/5/1 876/5/1
f 882/2/1 879/2/1 878/2/1
f 883/2/1 879/2/1 882/2/1
f 884/2/1 881/2/1 880/2/1
f 885/2/1 881/2/1 884/2/1
f 890/2/1 887/2/1 886/2/1
f 891/2/1 887/2/1 890/2/1
f 892/2/1 889/2/1 888/2/1
f 893/2/1 889/2/1 892/2/1
f 898/2/1 895/2/1 894/2/1
f 899/2/1 895/2/1 898/2/1
f 900/2/1 897/2/1 896/2/1
f 901/2/1 897/2/1 900/2/1
f 906/2/1 903/2/1 902/2/1
f 907/2/1 903/2/1 906/2/1
f 908/2/1 905/2/1 904/2/1
f 909/2/1 905/2/1 908/2/1
f 914/5/1 911/5/1 910/5/1
f 915/5/1 911/5/1 914/5/1
f 916/2/1 913/2/1 912/2/1
f 917/2/1 913/2/1 916/2/1
f 922/2/1 919/2/1 918/2/1
f 923/2/1 919/2/1 922/2/1
f 924/2/1 921/2/1 920/2/1
f 925/2/1 921/2/1 924/2/1
f 928/5/1 927/5/1 926/5/1
f 929/5/1 927/5/1 928/5/1
f 934/2/1 931/2/1 930/2/1
f 935/2/1 933/2/1 932/2/1
f 936/2/1 934/2/1 930/2/1
f 937/2/1 933/2/1 935/2/1
f 938/2/1 936/2/1 930/2/1
f 939/2/1 936/2/1 938/2/1
f 940/2/1 933/2/1 937/2/1
f 941/2/1 933/2/1 940/2/1
f 946/2/1 943/2/1 942/2/1
f 947/2/1 945/2/1 944/2/1
f 948/2/1 946/2/1 942/2/1
f 949/2/1 945/2/1 947/2/1
f 950/2/1 948/2/1 942/2/1
f 951/2/1 948/2/1 950/2/1
f 952/2/1 945/2/1 949/2/1
f 953/2/1 945/2/1 952/2/1
f 958/5/1 955/5/1 954/5/1
f 959/5/1 955/5/1 958/5/1
f 960/5/1 957/5/1 956/5/1
f 961/5/1 957/5/1 960/5/1
f 966/5/1 963/5/1 962/5/1
f 967/5/1 963/5/1 966/5/1
f 968/5/1 965/5/1 964/5/1
f 969/5/1 965/5/1 968/5/1
f 974/5/1 971/5/1 970/5/1
f 975/5/1 971/5/1 974/5/1
f 976/5/1 973/5/1 972/5/1
f 977/5/1 973/5/1 976/5/1
f 982/5/1 979/5/1 978/5/1
f 983/5/1 979/5/1 982/5/1
f 984/5/1 981/5/1 980/5/1
f 985/5/1 981/5/1 984/5/1
f 990/2/1 987/2/1 986/2/1
f 991/2/1 987/2/1 990/2/1
f 992/2/1 989/2/1 988/2/1
f 993/2/1 989/2/1 992/2/1
f 998/5/1 995/5/1 994/5/1
f 999/5/1 995/5/1 998/5/1
f 1000/5/1 997/5/1 996/5/1
f 1001/5/1 997/5/1 1000/5/1
f 1006/5/1 1003/5/1 1002/5/1
f 1007/5/1 1003/5/1 1006/5/1
f 1008/5/1 1005/5/1 1004/5/1
f 1009/5/1 1005/5/1 1008/5/1
f 1014/2/1 1011/2/1 1010/2/1
f 1015/2/1 1011/2/1 1014/2/1
f 1016/2/1 1013/2/1 1012/2/1
f 1017/2/1 1013/2/1 1016/2/1
f 1022/5/1 1019/5/1 1018/5/1
f 1023/5/1 1019/5/1 1022/5/1
f 1024/5/1 1021/5/1 1020/5/1
f 1025/5/1 1021/5/1 1024/5/1
f 1030/5/1 1027/5/1 1026/5/1
f 1031/5/1 1027/5/1 1030/5/1
f 1032/5/1 1029/5/1 1028/5/1
f 1033/5/1 1029/5/1 1032/5/1
f 1038/2/1 1035/2/1 1034/2/1
f 1039/2/1 1035/2/1 1038/2/1
f 1040/2/1 1037/2/1 1036/2/1
f 1041/2/1 1037/2/1 1040/2/1
f 1046/5/1 1043/5/1 1042/5/1
f 1047/5/1 1043/5/1 1046/5/1
f 1048/5/1 1045/5/1 1044/5/1
f 1049/5/1 1045/5/1 1048/5/1
f 1054/5/1 1051/5/1 1050/5/1
f 1055/5/1 1051/5/1 1054/5/1
f 1056/5/1 1053/5/1 1052/5/1
f 1057/5/1 1053/5/1 1056/5/1
f 1062/2/1 1059/2/1 1058/2/1
f 1063/2/1 1059/2/1 1062/2/1
f 1064/2/1 1061/2/1 1060/2/1
f 1065/2/1 1061/2/1 1064/2/1
f 1070/5/1 1067/5/1 1066/5/1
f 1071/5/1 1067/5/1 1070/5/1
f 1072/5/1 1069/5/1 1068/5/1
f 1073/5/1 1069/5/1 1072/5/1
f 1078/5/1 1075/5/1 1074/5/1
f 1079/5/1 1075/5/1 1078/5/1
f 1080/5/1 1077/5/1 1076/5/1
f 1081/5/1 1077/5/1 1080/5/1
f 1086/2/1 1083/2/1 1082/2/1
f 1087/2/1 1083/2/1 1086/2/1
f 1088/2/1 1085/2/1 1084/2/1
f 1089/2/1 1085/2/1 1088/2/1
f 1094/5/1 1091/5/1 1090/5/1
f 1095/5/1 1091/5/1 1094/5/1
f 1096/5/1 1093/5/1 1092/5/1
f 1097/5/1 1093/5/1 1096/5/1
f 1102/5/1 1099/5/1 1098/5/1
f 1103/5/1 1099/5/1 1102/5/1
f 1104/5/1 1101/5/1 1100/5/1
f 1105/5/1 1101/5/1 1104/5/1
f 1110/2/1 1107/2/1 1106/2/1
f 1111/2/1 1107/2/1 1110/2/1
f 1112/2/1 1109/2/1 1108/2/1
f 1113/2/1 1109/2/1 1112/2/1
f 1118/5/1 1115/5/1 1114/5/1
f 1119/5/1 1115/5/1 1118/5/1
f 1120/5/1 1117/5/1 1116/5/1
f 1121/5/1 1117/5/1 1120/5/1
f 1126/5/1 1123/5/1 1122/5/1
f 1127/5/1 1123/5/1 1126/5/1
f 1128/5/1 1125/5/1 1124/5/1
f 1129/5/1 1125/5/1 1128/5/1
f 1134/2/1 1131/2/1 1130/2/1
f 1135/2/1 1131/2/1 1134/2/1
f 1136/2/1 1133/2/1 1132/2/1
f 1137/2/1 1133/2/1 1136/2/1
f 1142/5/1 1139/5/1 1138/5/1
f 1143/5/1 1139/5/1 1142/5/1
f 1144/5/1 1141/5/1 1140/5/1
f 1145/5/1 1141/5/1 1144/5/1
f 1150/5/1 1147/5/1 1146/5/1
f 1151/5/1 1147/5/1 1150/5/1
f 1152/5/1 1149/5/1 1148/5/1
f 1153/5/1 1149/5/1 1152/5/1
f 1158/2/1 1155/2/1 1154/2/1
f 1159/2/1 1155/2/1 1158/2/1
f 1160/2/1 1157/2/1 1156/2/1
f 1161/2/1 1157/2/1 1160/2/1
f 1166/5/1 1163/5/1 1162/5/1
f 1167/5/1 1163/5/1 1166/5/1
f 1168/5/1 1165/5/1 1164/5/1
f 1169/5/1 1165/5/1 1168/5/1
f 1174/5/1 1171/5/1 1170/5/1
f 1175/5/1 1171/5/1 1174/5/1
f 1176/5/1 1173/5/1 1172/5/1
f 1177/5/1 1173/5/1 1176/5/1
f 1182/2/1 1179/2/1 1178/2/1
f 1183/2/1 1179/2/1 1182/2/1
f 1184/2/1 1181/2/1 1180/2/1
f 1185/2/1 1181/2/1 1184/2/1
f 1190/5/1 1187/5/1 1186/5/1
f 1191/5/1 1187/5/1 1190/5/1
f 1192/5/1 1189/5/1 1188/5/1
f 1193/5/1 1189/5/1 1192/5/1
f 1198/5/1 1195/5/1 1194/5/1
f 1199/5/1 1195/5/1 1198/5/1
f 1200/5/1 1197/5/1 1196/5/1
f 1201/5/1 1197/5/1 1200/5/1
f 1206/2/1 1203/2/1 1202/2/1
f 1207/2/1 1203/2/1 1206/2/1
f 1208/2/1 1205/2/1 1204/2/1
f 1209/2/1 1205/2/1 1208/2/1
f 1214/5/1 1211/5/1 1210/5/1
f 1215/5/1 1211/5/1 1214/5/1
f 1216/5/1 1213/5/1 1212/5/1
f 1217/5/1 1213/5/1 1216/5/1
f 1222/5/1 1219/5/1 1218/5/1
f 1223/5/1 1219/5/1 1222/5/1
f 1224/5/1 1221/5/1 1220/5/1
f 1225/5/1 1221/5/1 1224/5/1
f 1230/2/1 1227/2/1 1226/2/1
f 1231/2/1 1227/2/1 1230/2/1
f 1232/2/1 1229/2/1 1228/2/1
f 1233/2/1 1229/2/1 1232/2/1
f 1238/5/1 1235/5/1 1234/5/1
f 1239/5/1 1235/5/1 1238/5/1
f 1240/5/1 1237/5/1 1236/5/1
f 1241/5/1 1237/5/1 1240/5/1
f 1246/5/1 1243/5/1 1242/5/1
f 1247/5/1 1243/5/1 1246/5/1
f 1248/5/1 1245/5/1 1244/5/1
f 1249/5/1 1245/5/1 1248/5/1
f 1254/2/1 1251/2/1 1250/2/1
f 1255/2/1 1251/2/1 1254/2/1
f 1256/2/1 1253/2/1 1252/2/1
f 1257/2/1 1253/2/1 1256/2/1
f 1262/5/1 1259/5/1 1258/5/1
f 1263/5/1 1259/5/1 1262/5/1
f 1264/5/1 1261/5/1 1260/5/1
f 1265/5/1 1261/5/1 1264/5/1
f 1272/5/1 1267/5/1 1266/5/1
f 1273/5/1 1267/5/1 1272/5/1
f 1274/5/1 1271/5/1 1270/5/1
f 1275/5/1 1271/5/1 1274/5/1
f 1280/2/1 1277/2/1 1276/2/1
f 1281/2/1 1277/2/1 1280/2/1
f 1282/3/1 1269/3/1 1268/3/1
f 1283/3/1 1269/3/1 1282/3/1
f 1284/2/1 1279/2/1 1278/2/1
f 1285/2/1 1279/2/1 1284/2/1
f 1288/5/1 1287/5/1 1286/5/1
f 1289/5/1 1287/5/1 1288/5/1
f 1294/5/1 1291/5/1 1290/5/1
f 1295/5/1 1291/5/1 1294/5/1
f 1296/5/1 1293/5/1 1292/5/1
f 1297/5/1 1293/5/1 1296/5/1
f 1298/5/2 1299/5/2 1302/5/2
f 1302/5/2 1299/5/2 1303/5/2
f 1300/5/2 1301/5/2 1304/5/2
f 1304/5/2 1301/5/2 1305/5/2
f 1306/5/2 1307/5/2 1308/5/2
f 1308/5/2 1307/5/2 1309/5/2
f 1310/5/2 1311/5/2 1316/5/2
f 1316/5/2 1311/5/2 1317/5/2
f 1314/5/2 1315/5/2 1318/5/2
f 1318/5/2 1315/5/2 1319/5/2
f 1320/2/2 1321/2/2 1324/2/2
f 1324/2/2 1321/2/2 1325/2/2
f 1312/3/2 1313/3/2 1326/3/2
f 1326/3/2 1313/3/2 1327/3/2
f 1322/2/2 1323/2/2 1328/2/2
f 1328/2/2 1323/2/2 1329/2/2
f 1330/5/2 1331/5/2 1334/5/2
f 1334/5/2 1331/5/2 1335/5/2
f 1332/5/2 1333/5/2 1336/5/2
f 1336/5/2 1333/5/2 1337/5/2
f 1338/2/2 1339/2/2 1342/2/2
f 1342/2/2 1339/2/2 1343/2/2
f 1340/2/2 1341/2/2 1344/2/2
f 1344/2/2 1341/2/2 1345/2/2
f 1346/5/2 1347/5/2 1350/5/2
f 1350/5/2 1347/5/2 1351/5/2
f 1348/5/2 1349/5/2 1352/5/2
f 1352/5/2 1349/5/2 1353/5/2
f 1354/5/2 1355/5/2 1358/5/2
f 1358/5/2 1355/5/2 1359/5/2
f 1356/5/2 1357/5/2 1360/5/2
f 1360/5/2 1357/5/2 1361/5/2
f 1362/2/2 1363/2/2 1366/2/2
f 1366/2/2 1363/2/2 1367/2/2
f 1364/2/2 1365/2/2 1368/2/2
f 1368/2/2 1365/2/2 1369/2/2
f 1370/5/2 1371/5/2 1374/5/2
f 1374/5/2 1371/5/2 1375/5/2
f 1372/5/2 1373/5/2 1376/5/2
f 1376/5/2 1373/5/2 1377/5/2
f 1378/5/2 1379/5/2 1382/5/2
f 1382/5/2 1379/5/2 1383/5/2
f 1380/5/2 1381/5/2 1384/5/2
f 1384/5/2 1381/5/2 1385/5/2
f 1386/2/2 1387/2/2 1390/2/2
f 1390/2/2 1387/2/2 1391/2/2
f 1388/2/2 1389/2/2 1392/2/2
f 1392/2/2 1389/2/2 1393/2/2
f 1394/5/2 1395/5/2 1398/5/2
f 1398/5/2 1395/5/2 1399/5/2
f 1396/5/2 1397/5/2 1400/5/2
f 1400/5/2 1397/5/2 1401/5/2
f 1402/5/2 1403/5/2 1406/5/2
f 1406/5/2 1403/5/2 1407/5/2
f 1404/5/2 1405/5/2 1408/5/2
f 1408/5/2 1405/5/2 1409/5/2
f 1410/2/2 1411/2/2 1414/2/2
f 1414/2/2 1411/2/2 1415/2/2
f 1412/2/2 1413/2/2 1416/2/2
f 1416/2/2 1413/2/2 1417/2/2
f 1418/5/2 1419/5/2 1422/5/2
f 1422/5/2 1419/5/2 1423/5/2
f 1420/5/2 1421/5/2 1424/5/2
f 1424/5/2 1421/5/2 1425/5/2
f 1426/5/2 1427/5/2 1430/5/2
f 1430/5/2 1427/5/2 1431/5/2
f 1428/5/2 1429/5/2 1432/5/2
f 1432/5/2 1429/5/2 1433/5/2
f 1434/2/2 1435/2/2 1438/2/2
f 1438/2/2 1435/2/2 1439/2/2
f 1436/2/2 1437/2/2 1440/2/2
f 1440/2/2 1437/2/2 1441/2/2
f 1442/5/2 1443/5/2 1446/5/2
f 1446/5/2 1443/5/2 1447/5/2
f 1444/5/2 1445/5/2 1448/5/2
f 1448/5/2 1445/5/2 1449/5/2
f 1450/5/2 1451/5/2 1454/5/2
f 1454/5/2 1451/5/2 1455/5/2
f 1452/5/2 1453/5/2 1456/5/2
f 1456/5/2 1453/5/2 1457/5/2
f 1458/2/2 1459/2/2 1462/2/2
f 1462/2/2 1459/2/2 1463/2/2
f 1460/2/2 1461/2/2 1464/2/2
f 1464/2/2 1461/2/2 1465/2/2
f 1466/5/2 1467/5/2 1470/5/2
f 1470/5/2 1467/5/2 1471/5/2
f 1468/5/2 1469/5/2 1472/5/2
f 1472/5/2 1469/5/2 1473/5/2
f 1474/5/2 1475/5/2 1478/5/2
f 1478/5/2 1475/5/2 1479/5/2
f 1476/5/2 1477/5/2 1480/5/2
f 1480/5/2 1477/5/2 1481/5/2
f 1482/2/2 1483/2/2 1486/2/2
f 1486/2/2 1483/2/2 1487/2/2
f 1484/2/2 1485/2/2 1488/2/2
f 1488/2/2 1485/2/2 1489/2/2
f 1490/5/2 1491/5/2 1494/5/2
f 1494/5/2 1491/5/2 1495/5/2
f 1492/5/2 1493/5/2 1496/5/2
f 1496/5/2 1493/5/2 1497/5/2
f 1498/5/2 1499/5/2 1502/5/2
f 1502/5/2 1499/5/2 1503/5/2
f 1500/5/2 1501/5/2 1504/5/2
f 1504/5/2 1501/5/2 1505/5/2
f 1506/2/2 1507/2/2 1510/2/2
f 1510/2/2 1507/2/2 1511/2/2
f 1508/2/2 1509/2/2 1512/2/2
f 1512/2/2 1509/2/2 1513/2/2
f 1514/5/2 1515/5/2 1518/5/2
f 1518/5/2 1515/5/2 1519/5/2
f 1516/5/2 1517/5/2 1520/5/2
f 1520/5/2 1517/5/2 1521/5/2
f 1522/5/2 1523/5/2 1526/5/2
f 1526/5/2 1523/5/2 1527/5/2
f 1524/5/2 1525/5/2 1528/5/2
f 1528/5/2 1525/5/2 1529/5/2
f 1530/2/2 1531/2/2 1534/2/2
f 1534/2/2 1531/2/2 1535/2/2
f 1532/2/2 1533/2/2 1536/2/2
f 1536/2/2 1533/2/2 1537/2/2
f 1538/5/2 1539/5/2 1542/5/2
f 1542/5/2 1539/5/2 1543/5/2
f 1540/5/2 1541/5/2 1544/5/2
f 1544/5/2 1541/5/2 1545/5/2
f 1546/5/2 1547/5/2 1550/5/2
f 1550/5/2 1547/5/2 1551/5/2
f 1548/5/2 1549/5/2 1552/5/2
f 1552/5/2 1549/5/2 1553/5/2
f 1554/2/2 1555/2/2 1558/2/2
f 1558/2/2 1555/2/2 1559/2/2
f 1556/2/2 1557/2/2 1560/2/2
f 1560/2/2 1557/2/2 1561/2/2
f 1562/5/2 1563/5/2 1566/5/2
f 1566/5/2 1563/5/2 1567/5/2
f 1564/5/2 1565/5/2 1568/5/2
f 1568/5/2 1565/5/2 1569/5/2
f 1570/5/2 1571/5/2 1574/5/2
f 1574/5/2 1571/5/2 1575/5/2
f 1572/5/2 1573/5/2 1576/5/2
f 1576/5/2 1573/5/2 1577/5/2
f 1578/2/2 1579/2/2 1582/2/2
f 1582/2/2 1579/2/2 1583/2/2
f 1580/2/2 1581/2/2 1584/2/2
f 1584/2/2 1581/2/2 1585/2/2
f 1586/5/2 1587/5/2 1590/5/2
f 1590/5/2 1587/5/2 1591/5/2
f 1588/5/2 1589/5/2 1592/5/2
f 1592/5/2 1589/5/2 1593/5/2
f 1594/5/2 1595/5/2 1598/5/2
f 1598/5/2 1595/5/2 1599/5/2
f 1596/5/2 1597/5/2 1600/5/2
f 1600/5/2 1597/5/2 1601/5/2
f 1602/2/2 1603/2/2 1606/2/2
f 1606/2/2 1603/2/2 1607/2/2
f 1604/2/2 1605/2/2 1608/2/2
f 1608/2/2 1605/2/2 1609/2/2
f 1610/5/2 1611/5/2 1614/5/2
f 1614/5/2 1611/5/2 1615/5/2
f 1612/5/2 1613/5/2 1616/5/2
f 1616/5/2 1613/5/2 1617/5/2
f 1618/5/2 1619/5/2 1622/5/2
f 1622/5/2 1619/5/2 1623/5/2
f 1620/5/2 1621/5/2 1624/5/2
f 1624/5/2 1621/5/2 1625/5/2
f 1626/5/2 1627/5/2 1630/5/2
f 1630/5/2 1627/5/2 1631/5/2
f 1628/5/2 1629/5/2 1632/5/2
f 1632/5/2 1629/5/2 1633/5/2
f 1634/5/2 1635/5/2 1638/5/2
f 1638/5/2 1635/5/2 1639/5/2
f 1636/5/2 1637/5/2 1640/5/2
f 1640/5/2 1637/5/2 1641/5/2
f 1642/2/2 1643/2/2 1646/2/2
f 1644/2/2 1645/2/2 1647/2/2
f 1642/2/2 1646/2/2 1648/2/2
f 1647/2/2 1645/2/2 1649/2/2
f 1642/2/2 1648/2/2 1650/2/2
f 1650/2/2 1648/2/2 1651/2/2
f 1649/2/2 1645/2/2 1652/2/2
f 1652/2/2 1645/2/2 1653/2/2
f 1654/2/2 1655/2/2 1658/2/2
f 1656/2/2 1657/2/2 1659/2/2
f 1654/2/2 1658/2/2 1660/2/2
f 1659/2/2 1657/2/2 1661/2/2
f 1654/2/2 1660/2/2 1662/2/2
f 1662/2/2 1660/2/2 1663/2/2
f 1661/2/2 1657/2/2 1664/2/2
f 1664/2/2 1657/2/2 1665/2/2
f 1666/5/2 1667/5/2 1670/5/2
f 1670/5/2 1667/5/2 1671/5/2
f 1668/2/2 1669/2/2 1672/2/2
f 1672/2/2 1669/2/2 1673/2/2
f 1674/2/2 1675/2/2 1678/2/2
f 1678/2/2 1675/2/2 1679/2/2
f 1676/2/2 1677/2/2 1680/2/2
f 1680/2/2 1677/2/2 1681/2/2
f 1682/5/2 1683/5/2 1684/5/2
f 1684/5/2 1683/5/2 1685/5/2
f 1686/2/2 1687/2/2 1690/2/2
f 1690/2/2 1687/2/2 1691/2/2
f 1688/2/2 1689/2/2 1692/2/2
f 1692/2/2 1689/2/2 1693/2/2
f 1694/2/2 1695/2/2 1698/2/2
f 1698/2/2 1695/2/2 1699/2/2
f 1696/2/2 1697/2/2 1700/2/2
f 1700/2/2 1697/2/2 1701/2/2
f 1702/2/2 1703/2/2 1706/2/2
f 1706/2/2 1703/2/2 1707/2/2
f 1704/2/2 1705/2/2 1708/2/2
f 1708/2/2 1705/2/2 1709/2/2
f 1710/2/2 1711/2/2 1714/2/2
f 1714/2/2 1711/2/2 1715/2/2
f 1712/2/2 1713/2/2 1716/2/2
f 1716/2/2 1713/2/2 1717/2/2
f 1714/5/2 1715/5/2 1718/5/2
f 1718/5/2 1715/5/2 1719/5/2
f 1716/5/2 1717/5/2 1720/5/2
f 1720/5/2 1717/5/2 1721/5/2
f 1722/2/2 1723/2/2 1726/2/2
f 1726/2/2 1723/2/2 1727/2/2
f 1724/2/2 1725/2/2 1728/2/2
f 1728/2/2 1725/2/2 1729/2/2
f 1730/2/2 1731/2/2 1734/2/2
f 1734/2/2 1731/2/2 1735/2/2
f 1732/2/2 1733/2/2 1736/2/2
f 1736/2/2 1733/2/2 1737/2/2
f 1738/5/2 1739/5/2 1742/5/2
f 1742/5/2 1739/5/2 1743/5/2
f 1740/5/2 1741/5/2 1744/5/2
f 1744/5/2 1741/5/2 1745/5/2
f 1746/2/2 1747/2/2 1750/2/2
f 1750/2/2 1747/2/2 1751/2/2
f 1748/2/2 1749/2/2 1752/2/2
f 1752/2/2 1749/2/2 1753/2/2
f 1754/2/2 1755/2/2 1758/2/2
f 1758/2/2 1755/2/2 1759/2/2
f 1756/2/2 1757/2/2 1760/2/2
f 1760/2/2 1757/2/2 1761/2/2
f 1762/5/2 1763/5/2 1766/5/2
f 1766/5/2 1763/5/2 1767/5/2
f 1764/5/2 1765/5/2 1768/5/2
f 1768/5/2 1765/5/2 1769/5/2
f 1770/2/2 1771/2/2 1774/2/2
f 1774/2/2 1771/2/2 1775/2/2
f 1772/2/2 1773/2/2 1776/2/2
f 1776/2/2 1773/2/2 1777/2/2
f 1778/2/2 1779/2/2 1782/2/2
f 1782/2/2 1779/2/2 1783/2/2
f 1780/2/2 1781/2/2 1784/2/2
f 1784/2/2 1781/2/2 1785/2/2
f 1786/5/2 1787/5/2 1790/5/2
f 1790/5/2 1787/5/2 1791/5/2
f 1788/5/2 1789/5/2 1792/5/2
f 1792/5/2 1789/5/2 1793/5/2
f 1794/2/2 1795/2/2 1798/2/2
f 1798/2/2 1795/2/2 1799/2/2
f 1796/2/2 1797/2/2 1800/2/2
f 1800/2/2 1797/2/2 1801/2/2
f 1802/2/2 1803/2/2 1806/2/2
f 1806/2/2 1803/2/2 1807/2/2
f 1804/2/2 1805/2/2 1808/2/2
f 1808/2/2 1805/2/2 1809/2/2
f 1810/5/2 1811/5/2 1814/5/2
f 1814/5/2 1811/5/2 1815/5/2
f 1812/5/2 1813/5/2 1816/5/2
f 1816/5/2 1813/5/2 1817/5/2
f 1818/2/2 1819/2/2 1822/2/2
f 1822/2/2 1819/2/2 1823/2/2
f 1820/2/2 1821/2/2 1824/2/2
f 1824/2/2 1821/2/2 1825/2/2
f 1826/2/2 1827/2/2 1830/2/2
f 1830/2/2 1827/2/2 1831/2/2
f 1828/2/2 1829/2/2 1832/2/2
f 1832/2/2 1829/2/2 1833/2/2
f 1834/5/2 1835/5/2 1838/5/2
f 1838/5/2 1835/5/2 1839/5/2
f 1836/5/2 1837/5/2 1840/5/2
f 1840/5/2 1837/5/2 1841/5/2
f 1842/2/2 1843/2/2 1846/2/2
f 1846/2/2 1843/2/2 1847/2/2
f 1844/2/2 1845/2/2 1848/2/2
f 1848/2/2 1845/2/2 1849/2/2
f 1850/2/2 1851/2/2 1854/2/2
f 1854/2/2 1851/2/2 1855/2/2
f 1852/2/2 1853/2/2 1856/2/2
f 1856/2/2 1853/2/2 1857/2/2
f 1858/5/2 1859/5/2 1862/5/2
f 1862/5/2 1859/5/2 1863/5/2
f 1860/5/2 1861/5/2 1864/5/2
f 1864/5/2 1861/5/2 1865/5/2
f 1866/2/2 1867/2/2 1870/2/2
f 1870/2/2 1867/2/2 1871/2/2
f 1868/2/2 1869/2/2 1872/2/2
f 1872/2/2 1869/2/2 1873/2/2
f 1874/2/2 1875/2/2 1878/2/2
f 1878/2/2 1875/2/2 1879/2/2
f 1876/2/2 1877/2/2 1880/2/2
f 1880/2/2 1877/2/2 1881/2/2
f 1882/5/2 1883/5/2 1886/5/2
f 1886/5/2 1883/5/2 1887/5/2
f 1884/5/2 1885/5/2 1888/5/2
f 1888/5/2 1885/5/2 1889/5/2
f 1890/2/2 1891/2/2 1894/2/2
f 1894/2/2 1891/2/2 1895/2/2
f 1892/2/2 1893/2/2 1896/2/2
f 1896/2/2 1893/2/2 1897/2/2
f 1898/2/2 1899/2/2 1902/2/2
f 1902/2/2 1899/2/2 1903/2/2
f 1900/2/2 1901/2/2 1904/2/2
f 1904/2/2 1901/2/2 1905/2/2
f 1906/5/2 1907/5/2 1910/5/2
f 1910/5/2 1907/5/2 1911/5/2
f 1908/5/2 1909/5/2 1912/5/2
f 1912/5/2 1909/5/2 1913/5/2
f 1914/2/2 1915/2/2 1918/2/2
f 1918/2/2 1915/2/2 1919/2/2
f 1916/2/2 1917/2/2 1920/2/2
f 1920/2/2 1917/2/2 1921/2/2
f 1922/2/2 1923/2/2 1926/2/2
f 1926/2/2 1923/2/2 1927/2/2
f 1924/2/2 1925/2/2 1928/2/2
f 1928/2/2 1925/2/2 1929/2/2
f 1930/5/2 1931/5/2 1934/5/2
f 1934/5/2 1931/5/2 1935/5/2
f 1932/5/2 1933/5/2 1936/5/2
f 1936/5/2 1933/5/2 1937/5/2
f 1938/2/2 1939/2/2 1942/2/2
f 1942/2/2 1939/2/2 1943/2/2
f 1940/2/2 1941/2/2 1944/2/2
f 1944/2/2 1941/2/2 1945/2/2
f 1946/2/2 1947/2/2 1950/2/2
f 1950/2/2 1947/2/2 1951/2/2
f 1948/2/2 1949/2/2 1952/2/2
f 1952/2/2 1949/2/2 1953/2/2
f 1954/5/2 1955/5/2 1958/5/2
f 1958/5/2 1955/5/2 1959/5/2
f 1956/5/2 1957/5/2 1960/5/2
f 1960/5/2 1957/5/2 1961/5/2
f 1962/2/2 1963/2/2 1966/2/2
f 1966/2/2 1963/2/2 1967/2/2
f 1964/2/2 1965/2/2 1968/2/2
f 1968/2/2 1965/2/2 1969/2/2
f 1970/2/2 1971/2/2 1974/2/2
f 1974/2/2 1971/2/2 1975/2/2
f 1972/2/2 1973/2/2 1976/2/2
f 1976/2/2 1973/2/2 1977/2/2
f 1978/5/2 1979/5/2 1982/5/2
f 1982/5/2 1979/5/2 1983/5/2
f 1980/5/2 1981/5/2 1984/5/2
f 1984/5/2 1981/5/2 1985/5/2
f 1986/3/2 1987/3/2 1990/3/2
f 1990/3/2 1987/3/2 1991/3/2
f 1991/3/2 1987/3/2 1992/3/2
f 1992/3/2 1987/3/2 1993/3/2
f 1993/3/2 1987/3/2 1994/3/2
f 1994/3/2 1987/3/2 1995/3/2
f 1988/3/2 1989/3/2 1996/3/2
f 1996/3/2 1989/3/2 1997/3/2
f 1997/3/2 1989/3/2 1998/3/2
f 1998/3/2 1989/3/2 1999/3/2
f 1999/3/2 1989/3/2 2000/3/2
f 2000/3/2 1989/3/2 2001/3/2
f 1991/3/2 1992/3/2 2004/3/2
f 2004/3/2 1992/3/2 2005/3/2
f 1992/1/2 1993/1/2 2006/1/2
f 2005/3/2 1992/3/2 2006/3/2
f 1993/3/2 1994/3/2 2007/3/2
f 2006/1/2 1993/1/2 2007/1/2
f 2007/3/2 1994/3/2 2008/3/2
f 2008/3/2 1994/3/2 2009/3/2
f 1994/1/2 1995/1/2 2010/1/2
f 2009/3/2 1994/3/2 2010/3/2
f 1996/1/2 1997/1/2 2011/1/2
f 1997/3/2 1998/3/2 2011/3/2
f 2011/3/2 1998/3/2 2012/3/2
f 2012/3/2 1998/3/2 2013/3/2
f 1998/1/2 1999/1/2 2014/1/2
f 2013/3/2 1998/3/2 2014/3/2
f 1999/3/2 2000/3/2 2015/3/2
f 2014/1/2 1999/1/2 2015/1/2
f 2015/3/2 2000/3/2 2016/3/2
f 2002/3/2 2003/3/2 2019/3/2
f 2005/1/2 2006/1/2 2021/1/2
f 2006/1/2 2007/1/2 2021/1/2
f 2007/1/2 2008/1/2 2021/1/2
f 2021/1/2 2008/1/2 2022/1/2
f 2014/1/2 2015/1/2 2023/1/2
f 2013/1/2 2014/1/2 2023/1/2
f 2023/1/2 2015/1/2 2024/1/2
f 2017/3/2 2018/3/2 2026/3/2
f 2019/3/2 2020/3/2 2027/3/2
f 2022/1/2 2008/1/2 2029/1/2
f 2029/1/2 2008/1/2 2030/1/2
f 2030/1/2 2008/1/2 2031/1/2
f 2008/3/2 2009/3/2 2032/3/2
f 2031/1/2 2008/1/2 2032/1/2
f 2032/3/2 2009/3/2 2033/3/2
f 2011/1/2 2012/1/2 2034/1/2
f 2012/3/2 2013/3/2 2034/3/2
f 2034/3/2 2013/3/2 2035/3/2
f 2013/1/2 2023/1/2 2036/1/2
f 2036/1/2 2023/1/2 2037/1/2
f 2037/1/2 2023/1/2 2038/1/2
f 2025/3/2 2026/3/2 2040/3/2
f 2027/3/2 2028/3/2 2041/3/2
f 2030/4/2 2031/4/2 2043/4/2
f 2032/1/2 2033/1/2 2044/1/2
f 2043/4/2 2031/4/2 2044/4/2
f 2031/1/2 2032/1/2 2044/1/2
f 2013/1/2 2036/1/2 2045/1/2
f 2036/4/2 2037/4/2 2046/4/2
f 2045/1/2 2036/1/2 2046/1/2
f 2046/4/2 2037/4/2 2047/4/2
f 2039/1/2 2040/1/2 2049/1/2
f 2041/1/2 2042/1/2 2050/1/2
f 2044/1/2 2033/1/2 2052/1/2
f 2052/1/2 2033/1/2 2053/1/2
f 2033/3/2 2009/3/2 2054/3/2
f 2009/1/2 2010/1/2 2055/1/2
f 2054/3/2 2009/3/2 2055/3/2
f 2010/1/2 1995/1/2 2056/1/2
f 2055/1/2 2010/1/2 2056/1/2
f 2056/1/2 1995/1/2 2057/1/2
f 1996/1/2 2011/1/2 2058/1/2
f 2011/1/2 2034/1/2 2058/1/2
f 2034/1/2 2035/1/2 2058/1/2
f 2058/1/2 2035/1/2 2059/1/2
f 2035/3/2 2013/3/2 2060/3/2
f 2013/1/2 2045/1/2 2061/1/2
f 2060/3/2 2013/3/2 2061/3/2
f 2045/4/2 2046/4/2 2062/4/2
f 2061/1/2 2045/1/2 2062/1/2
f 2062/4/2 2046/4/2 2063/4/2
f 2048/1/2 2049/1/2 2065/1/2
f 2050/4/2 2051/4/2 2066/4/2
f 2053/1/2 2033/1/2 2068/1/2
f 2033/3/2 2054/3/2 2069/3/2
f 2068/1/2 2033/1/2 2069/1/2
f 2060/1/2 2061/1/2 2070/1/2
f 2061/1/2 2062/1/2 2070/1/2
f 2070/1/2 2062/1/2 2071/1/2
f 2064/4/2 2065/4/2 2073/4/2
f 2049/1/2 2040/1/2 2074/1/2
f 2040/3/2 2026/3/2 2074/3/2
f 2065/1/2 2049/1/2 2074/1/2
f 2026/3/2 2018/3/2 2075/3/2
f 2074/3/2 2026/3/2 2075/3/2
f 2019/3/2 2027/3/2 2076/3/2
f 2027/3/2 2041/3/2 2076/3/2
f 2041/1/2 2050/1/2 2077/1/2
f 2076/3/2 2041/3/2 2077/3/2
f 2066/4/2 2067/4/2 2078/4/2
f 2069/3/2 2054/3/2 2080/3/2
f 2080/3/2 2054/3/2 2081/3/2
f 2060/1/2 2070/1/2 2082/1/2
f 2035/3/2 2060/3/2 2082/3/2
f 2082/1/2 2070/1/2 2083/1/2
f 2072/4/2 2073/4/2 2085/4/2
f 2078/4/2 2079/4/2 2086/4/2
f 2081/3/2 2054/3/2 2088/3/2
f 2088/3/2 2054/3/2 2089/3/2
f 2059/1/2 2035/1/2 2090/1/2
f 2035/3/2 2082/3/2 2090/3/2
f 2090/3/2 2082/3/2 2091/3/2
f 2091/3/2 2082/3/2 2092/3/2
f 2092/3/2 2082/3/2 2093/3/2
f 2084/4/2 2085/4/2 2095/4/2
f 2073/4/2 2065/4/2 2096/4/2
f 2065/1/2 2074/1/2 2096/1/2
f 2095/4/2 2085/4/2 2096/4/2
f 2074/1/2 2075/1/2 2096/1/2
f 2085/4/2 2073/4/2 2096/4/2
f 2096/1/2 2075/1/2 2097/1/2
f 2077/1/2 2050/1/2 2098/1/2
f 2076/1/2 2077/1/2 2098/1/2
f 2086/4/2 2087/4/2 2099/4/2
f 2098/1/2 2050/1/2 2099/1/2
f 2050/4/2 2066/4/2 2099/4/2
f 2066/4/2 2078/4/2 2099/4/2
f 2078/4/2 2086/4/2 2099/4/2
f 2099/4/2 2087/4/2 2100/4/2
f 2089/3/2 2054/3/2 2102/3/2
f 2102/3/2 2054/3/2 2103/3/2
f 2054/1/2 2055/1/2 2104/1/2
f 2055/1/2 2056/1/2 2104/1/2
f 2056/4/2 2057/4/2 2105/4/2
f 2104/1/2 2056/1/2 2105/1/2
f 2090/1/2 2091/1/2 2106/1/2
f 2058/4/2 2059/4/2 2106/4/2
f 2059/1/2 2090/1/2 2106/1/2
f 2106/1/2 2091/1/2 2107/1/2
f 2091/3/2 2092/3/2 2108/3/2
f 2108/3/2 2092/3/2 2109/3/2
f 2094/4/2 2095/4/2 2111/4/2
f 2096/4/2 2097/4/2 2111/4/2
f 2095/4/2 2096/4/2 2111/4/2
f 2100/1/2 2101/1/2 2112/1/2
f 2103/3/2 2054/3/2 2114/3/2
f 2114/3/2 2054/3/2 2115/3/2
f 2054/1/2 2104/1/2 2116/1/2
f 2115/3/2 2054/3/2 2116/3/2
f 2091/3/2 2108/3/2 2117/3/2
f 2107/1/2 2091/1/2 2117/1/2
f 2117/3/2 2108/3/2 2118/3/2
f 2110/4/2 2111/4/2 2120/4/2
f 2097/1/2 2075/1/2 2121/1/2
f 2075/3/2 2018/3/2 2122/3/2
f 2121/1/2 2075/1/2 2122/1/2
f 2112/1/2 2113/1/2 2123/1/2
f 2115/1/2 2116/1/2 2125/1/2
f 2116/1/2 2104/1/2 2126/1/2
f 2125/1/2 2116/1/2 2126/1/2
f 2105/4/2 2057/4/2 2127/4/2
f 2104/4/2 2105/4/2 2127/4/2
f 2127/4/2 2057/4/2 2128/4/2
f 2106/4/2 2107/4/2 2129/4/2
f 2058/4/2 2106/4/2 2129/4/2
f 2129/4/2 2107/4/2 2130/4/2
f 2107/1/2 2117/1/2 2131/1/2
f 2131/1/2 2117/1/2 2132/1/2
f 2119/1/2 2120/1/2 2134/1/2
f 2002/3/2 2019/3/2 2135/3/2
f 2019/3/2 2076/3/2 2135/3/2
f 2076/1/2 2098/1/2 2136/1/2
f 2135/3/2 2076/3/2 2136/3/2
f 2123/3/2 2124/3/2 2137/3/2
f 2126/1/2 2104/1/2 2139/1/2
f 2104/4/2 2127/4/2 2140/4/2
f 2139/1/2 2104/1/2 2140/1/2
f 2140/4/2 2127/4/2 2141/4/2
f 2130/4/2 2107/4/2 2142/4/2
f 2107/1/2 2131/1/2 2143/1/2
f 2142/4/2 2107/4/2 2143/4/2
f 2143/1/2 2131/1/2 2144/1/2
f 2133/3/2 2134/3/2 2146/3/2
f 2137/3/2 2138/3/2 2147/3/2
f 2123/3/2 2137/3/2 2147/3/2
f 2147/3/2 2138/3/2 2148/3/2
f 2145/3/2 2146/3/2 2155/3/2
f 2146/3/2 2134/3/2 2156/3/2
f 2155/3/2 2146/3/2 2156/3/2
f 2112/1/2 2123/1/2 2157/1/2
f 2123/3/2 2147/3/2 2157/3/2
f 2157/3/2 2147/3/2 2158/3/2
f 2149/1/2 2150/1/2 2160/1/2
f 2150/4/2 2151/4/2 2161/4/2
f 2152/4/2 2153/4/2 2164/4/2
f 2153/1/2 2154/1/2 2165/1/2
f 2156/3/2 2134/3/2 2167/3/2
f 2134/1/2 2120/1/2 2168/1/2
f 2167/3/2 2134/3/2 2168/3/2
f 2120/4/2 2111/4/2 2169/4/2
f 2168/1/2 2120/1/2 2169/1/2
f 2111/4/2 2097/4/2 2170/4/2
f 2169/4/2 2111/4/2 2170/4/2
f 2002/3/2 2135/3/2 2171/3/2
f 2135/1/2 2136/1/2 2171/1/2
f 2136/1/2 2098/1/2 2172/1/2
f 2171/1/2 2136/1/2 2172/1/2
f 2100/1/2 2112/1/2 2173/1/2
f 2112/1/2 2157/1/2 2173/1/2
f 2173/1/2 2157/1/2 2174/1/2
f 2159/1/2 2160/1/2 2176/1/2
f 2165/1/2 2166/1/2 2177/1/2
f 2168/1/2 2169/1/2 2179/1/2
f 2169/1/2 2170/1/2 2179/1/2
f 2179/1/2 2170/1/2 2180/1/2
f 2098/4/2 2099/4/2 2181/4/2
f 2099/4/2 2100/4/2 2181/4/2
f 2172/1/2 2098/1/2 2181/1/2
f 2181/4/2 2100/4/2 2182/4/2
f 2100/1/2 2173/1/2 2183/1/2
f 2182/4/2 2100/4/2 2183/4/2
f 2183/1/2 2173/1/2 2184/1/2
f 2175/3/2 2176/3/2 2186/3/2
f 2177/3/2 2178/3/2 2187/3/2
f 2180/1/2 2170/1/2 2189/1/2
f 2170/4/2 2097/4/2 2190/4/2
f 2189/1/2 2170/1/2 2190/1/2
f 2182/4/2 2183/4/2 2191/4/2
f 2191/4/2 2183/4/2 2192/4/2
f 2185/3/2 2186/3/2 2194/3/2
f 2176/1/2 2160/1/2 2195/1/2
f 2186/3/2 2176/3/2 2195/3/2
f 2194/3/2 2186/3/2 2195/3/2
f 2160/1/2 2150/1/2 2196/1/2
f 2195/1/2 2160/1/2 2196/1/2
f 2161/4/2 2162/4/2 2197/4/2
f 2196/1/2 2150/1/2 2197/1/2
f 2150/4/2 2161/4/2 2197/4/2
f 2197/4/2 2162/4/2 2198/4/2
f 2165/1/2 2177/1/2 2199/1/2
f 2153/1/2 2165/1/2 2199/1/2
f 2187/3/2 2188/3/2 2200/3/2
f 2199/1/2 2177/1/2 2200/1/2
f 2177/3/2 2187/3/2 2200/3/2
f 2200/3/2 2188/3/2 2201/3/2
f 2190/4/2 2097/4/2 2203/4/2
f 2203/4/2 2097/4/2 2204/4/2
f 2204/4/2 2097/4/2 2205/4/2
f 2097/1/2 2121/1/2 2206/1/2
f 2205/4/2 2097/4/2 2206/4/2
f 2182/4/2 2191/4/2 2207/4/2
f 2207/4/2 2191/4/2 2208/4/2
f 2193/3/2 2194/3/2 2210/3/2
f 2195/3/2 2196/3/2 2210/3/2
f 2194/3/2 2195/3/2 2210/3/2
f 2163/4/2 2164/4/2 2211/4/2
f 2164/4/2 2153/4/2 2211/4/2
f 2153/1/2 2199/1/2 2212/1/2
f 2211/4/2 2153/4/2 2212/4/2
f 2201/3/2 2202/3/2 2213/3/2
f 2199/3/2 2200/3/2 2213/3/2
f 2200/3/2 2201/3/2 2213/3/2
f 2204/4/2 2205/4/2 2215/4/2
f 2215/4/2 2205/4/2 2216/4/2
f 2171/3/2 2172/3/2 2217/3/2
f 2181/1/2 2182/1/2 2217/1/2
f 2172/1/2 2181/1/2 2217/1/2
f 2217/1/2 2182/1/2 2218/1/2
f 2182/4/2 2207/4/2 2219/4/2
f 2219/4/2 2207/4/2 2220/4/2
f 2209/3/2 2210/3/2 2222/3/2
f 2213/3/2 2214/3/2 2223/3/2
f 2216/4/2 2205/4/2 2225/4/2
f 2225/4/2 2205/4/2 2226/4/2
f 2206/1/2 2121/1/2 2227/1/2
f 2205/1/2 2206/1/2 2227/1/2
f 2121/3/2 2122/3/2 2228/3/2
f 2227/1/2 2121/1/2 2228/1/2
f 2218/1/2 2182/1/2 2229/1/2
f 2182/4/2 2219/4/2 2229/4/2
f 2229/4/2 2219/4/2 2230/4/2
f 2221/1/2 2222/1/2 2232/1/2
f 2163/4/2 2211/4/2 2233/4/2
f 2211/1/2 2212/1/2 2234/1/2
f 2233/4/2 2211/4/2 2234/4/2
f 2212/1/2 2199/1/2 2235/1/2
f 2234/1/2 2212/1/2 2235/1/2
f 2199/3/2 2213/3/2 2236/3/2
f 2235/1/2 2199/1/2 2236/1/2
f 2213/3/2 2223/3/2 2236/3/2
f 2223/1/2 2224/1/2 2237/1/2
f 2226/4/2 2205/4/2 2239/4/2
f 2205/1/2 2227/1/2 2240/1/2
f 2239/4/2 2205/4/2 2240/4/2
f 2217/3/2 2218/3/2 2241/3/2
f 2218/1/2 2229/1/2 2241/1/2
f 2241/1/2 2229/1/2 2242/1/2
f 2231/1/2 2232/1/2 2244/1/2
f 2197/1/2 2198/1/2 2245/1/2
f 2210/3/2 2196/3/2 2245/3/2
f 2196/1/2 2197/1/2 2245/1/2
f 2222/3/2 2210/3/2 2245/3/2
f 2245/1/2 2198/1/2 2246/1/2
f 2198/4/2 2162/4/2 2247/4/2
f 2246/1/2 2198/1/2 2247/1/2
f 2247/4/2 2162/4/2 2248/4/2
f 2237/1/2 2238/1/2 2249/1/2
f 2240/1/2 2227/1/2 2251/1/2
f 2227/3/2 2228/3/2 2252/3/2
f 2251/1/2 2227/1/2 2252/1/2
f 2171/3/2 2217/3/2 2253/3/2
f 2217/3/2 2241/3/2 2253/3/2
f 2253/3/2 2241/3/2 2254/3/2
f 2243/4/2 2244/4/2 2256/4/2
f 2244/1/2 2232/1/2 2257/1/2
f 2256/4/2 2244/4/2 2257/4/2
f 2249/4/2 2250/4/2 2258/4/2
f 2237/1/2 2249/1/2 2258/1/2
f 2258/4/2 2250/4/2 2259/4/2
f 2252/3/2 2228/3/2 2261/3/2
f 2228/3/2 2122/3/2 2262/3/2
f 2261/3/2 2228/3/2 2262/3/2
f 2002/3/2 2171/3/2 2263/3/2
f 2171/3/2 2253/3/2 2263/3/2
f 2263/3/2 2253/3/2 2264/3/2
f 2255/1/2 2256/1/2 2266/1/2
f 2256/1/2 2257/1/2 2266/1/2
f 2257/1/2 2232/1/2 2267/1/2
f 2232/1/2 2222/1/2 2267/1/2
f 2266/1/2 2257/1/2 2267/1/2
f 2245/3/2 2246/3/2 2268/3/2
f 2267/1/2 2222/1/2 2268/1/2
f 2222/3/2 2245/3/2 2268/3/2
f 2259/1/2 2260/1/2 2269/1/2
f 2236/3/2 2223/3/2 2269/3/2
f 2258/1/2 2259/1/2 2269/1/2
f 2237/1/2 2258/1/2 2269/1/2
f 2223/1/2 2237/1/2 2269/1/2
f 2235/3/2 2236/3/2 2269/3/2
f 2269/1/2 2260/1/2 2270/1/2
f 2270/1/2 2260/1/2 2271/1/2
f 2262/3/2 2122/3/2 2273/3/2
f 2122/3/2 2018/3/2 2274/3/2
f 2273/3/2 2122/3/2 2274/3/2
f 2002/3/2 2263/3/2 2275/3/2
f 2275/3/2 2263/3/2 2276/3/2
f 2265/1/2 2266/1/2 2278/1/2
f 2266/1/2 2267/1/2 2278/1/2
f 2247/1/2 2248/1/2 2279/1/2
f 2268/3/2 2246/3/2 2279/3/2
f 2267/3/2 2268/3/2 2279/3/2
f 2246/1/2 2247/1/2 2279/1/2
f 2279/1/2 2248/1/2 2280/1/2
f 2233/1/2 2234/1/2 2281/1/2
f 2234/1/2 2235/1/2 2281/1/2
f 2269/3/2 2270/3/2 2282/3/2
f 2281/1/2 2235/1/2 2282/1/2
f 2235/3/2 2269/3/2 2282/3/2
f 2271/1/2 2272/1/2 2283/1/2
f 2270/1/2 2271/1/2 2283/1/2
f 2274/3/2 2018/3/2 2285/3/2
f 2285/3/2 2018/3/2 2286/3/2
f 2277/3/2 2278/3/2 2288/3/2
f 2278/1/2 2267/1/2 2289/1/2
f 2288/3/2 2278/3/2 2289/3/2
f 2279/3/2 2280/3/2 2290/3/2
f 2289/1/2 2267/1/2 2290/1/2
f 2267/3/2 2279/3/2 2290/3/2
f 2282/3/2 2270/3/2 2291/3/2
f 2281/3/2 2282/3/2 2291/3/2
f 2270/1/2 2283/1/2 2291/1/2
f 2283/3/2 2284/3/2 2292/3/2
f 2291/1/2 2283/1/2 2292/1/2
f 2292/3/2 2284/3/2 2293/3/2
f 2287/3/2 2288/3/2 2295/3/2
f 2288/3/2 2289/3/2 2295/3/2
f 2289/3/2 2290/3/2 2295/3/2
f 2290/3/2 2280/3/2 2296/3/2
f 2295/3/2 2290/3/2 2296/3/2
f 2293/3/2 2294/3/2 2297/3/2
f 2292/3/2 2293/3/2 2297/3/2
f 2281/3/2 2291/3/2 2297/3/2
f 2291/3/2 2292/3/2 2297/3/2
f 2297/3/2 2294/3/2 2298/3/2
f 2299/5/2 2300/5/2 2301/5/2
f 2301/5/2 2300/5/2 2302/5/2
f 2299/5/2 2301/5/2 2303/5/2
f 2301/2/2 2302/2/2 2304/2/2
f 2303/5/2 2301/5/2 2304/5/2
f 2304/2/2 2302/2/2 2305/2/2
f 2305/2/2 2302/2/2 2306/2/2
f 2306/2/2 2302/2/2 2307/2/2
f 2307/2/2 2302/2/2 2308/2/2
f 2308/2/2 2302/2/2 2309/2/2
f 2309/2/2 2302/2/2 2310/2/2
f 2302/5/2 2300/5/2 2311/5/2
f 2310/2/2 2302/2/2 2311/2/2
f 2311/5/2 2300/5/2 2312/5/2
f 2303/2/2 2304/2/2 2313/2/2
f 2304/2/2 2305/2/2 2313/2/2
f 2313/2/2 2305/2/2 2314/2/2
f 2305/5/2 2306/5/2 2315/5/2
f 2314/2/2 2305/2/2 2315/2/2
f 2315/5/2 2306/5/2 2316/5/2
f 2309/5/2 2310/5/2 2319/5/2
f 2311/2/2 2312/2/2 2320/2/2
f 2310/2/2 2311/2/2 2320/2/2
f 2319/5/2 2310/5/2 2320/5/2
f 2320/2/2 2312/2/2 2321/2/2
f 2321/2/2 2312/2/2 2322/2/2
f 2313/5/2 2314/5/2 2323/5/2
f 2314/2/2 2315/2/2 2323/2/2
f 2315/2/2 2316/2/2 2323/2/2
f 2323/2/2 2316/2/2 2324/2/2
f 2316/5/2 2317/5/2 2325/5/2
f 2324/2/2 2316/2/2 2325/2/2
f 2325/5/2 2317/5/2 2326/5/2
f 2318/5/2 2319/5/2 2329/5/2
f 2320/2/2 2321/2/2 2330/2/2
f 2319/2/2 2320/2/2 2330/2/2
f 2329/5/2 2319/5/2 2330/5/2
f 2330/2/2 2321/2/2 2331/2/2
f 2321/5/2 2322/5/2 2332/5/2
f 2331/2/2 2321/2/2 2332/2/2
f 2324/2/2 2325/2/2 2333/2/2
f 2325/2/2 2326/2/2 2333/2/2
f 2333/2/2 2326/2/2 2334/2/2
f 2326/5/2 2327/5/2 2335/5/2
f 2334/2/2 2326/2/2 2335/2/2
f 2335/5/2 2327/5/2 2336/5/2
f 2328/5/2 2329/5/2 2339/5/2
f 2330/2/2 2331/2/2 2340/2/2
f 2329/2/2 2330/2/2 2340/2/2
f 2339/5/2 2329/5/2 2340/5/2
f 2340/2/2 2331/2/2 2341/2/2
f 2341/2/2 2331/2/2 2342/2/2
f 2334/2/2 2335/2/2 2343/2/2
f 2335/2/2 2336/2/2 2343/2/2
f 2343/2/2 2336/2/2 2344/2/2
f 2336/5/2 2337/5/2 2345/5/2
f 2344/2/2 2336/2/2 2345/2/2
f 2345/5/2 2337/5/2 2346/5/2
f 2338/5/2 2339/5/2 2349/5/2
f 2340/2/2 2341/2/2 2350/2/2
f 2339/2/2 2340/2/2 2350/2/2
f 2349/5/2 2339/5/2 2350/5/2
f 2350/2/2 2341/2/2 2351/2/2
f 2351/2/2 2341/2/2 2352/2/2
f 2344/2/2 2345/2/2 2353/2/2
f 2345/2/2 2346/2/2 2353/2/2
f 2353/2/2 2346/2/2 2354/2/2
f 2346/5/2 2347/5/2 2355/5/2
f 2354/2/2 2346/2/2 2355/2/2
f 2355/5/2 2347/5/2 2356/5/2
f 2348/5/2 2349/5/2 2359/5/2
f 2350/2/2 2351/2/2 2360/2/2
f 2349/2/2 2350/2/2 2360/2/2
f 2359/5/2 2349/5/2 2360/5/2
f 2360/2/2 2351/2/2 2361/2/2
f 2361/2/2 2351/2/2 2362/2/2
f 2354/2/2 2355/2/2 2363/2/2
f 2355/2/2 2356/2/2 2363/2/2
f 2363/2/2 2356/2/2 2364/2/2
f 2356/5/2 2357/5/2 2365/5/2
f 2364/2/2 2356/2/2 2365/2/2
f 2365/5/2 2357/5/2 2366/5/2
f 2358/5/2 2359/5/2 2369/5/2
f 2360/2/2 2361/2/2 2370/2/2
f 2359/2/2 2360/2/2 2370/2/2
f 2369/5/2 2359/5/2 2370/5/2
f 2370/2/2 2361/2/2 2371/2/2
f 2371/2/2 2361/2/2 2372/2/2
f 2364/2/2 2365/2/2 2373/2/2
f 2365/2/2 2366/2/2 2373/2/2
f 2373/2/2 2366/2/2 2374/2/2
f 2366/5/2 2367/5/2 2375/5/2
f 2374/2/2 2366/2/2 2375/2/2
f 2375/5/2 2367/5/2 2376/5/2
f 2368/5/2 2369/5/2 2379/5/2
f 2370/2/2 2371/2/2 2380/2/2
f 2369/2/2 2370/2/2 2380/2/2
f 2379/5/2 2369/5/2 2380/5/2
f 2380/2/2 2371/2/2 2381/2/2
f 2381/2/2 2371/2/2 2382/2/2
f 2374/2/2 2375/2/2 2383/2/2
f 2375/2/2 2376/2/2 2383/2/2
f 2383/2/2 2376/2/2 2384/2/2
f 2376/5/2 2377/5/2 2385/5/2
f 2384/2/2 2376/2/2 2385/2/2
f 2385/5/2 2377/5/2 2386/5/2
f 2378/5/2 2379/5/2 2389/5/2
f 2380/2/2 2381/2/2 2390/2/2
f 2379/2/2 2380/2/2 2390/2/2
f 2389/5/2 2379/5/2 2390/5/2
f 2390/2/2 2381/2/2 2391/2/2
f 2391/2/2 2381/2/2 2392/2/2
f 2384/2/2 2385/2/2 2393/2/2
f 2385/2/2 2386/2/2 2393/2/2
f 2393/2/2 2386/2/2 2394/2/2
f 2386/5/2 2387/5/2 2395/5/2
f 2394/2/2 2386/2/2 2395/2/2
f 2395/5/2 2387/5/2 2396/5/2
f 2388/5/2 2389/5/2 2399/5/2
f 2390/2/2 2391/2/2 2400/2/2
f 2389/2/2 2390/2/2 2400/2/2
f 2399/5/2 2389/5/2 2400/5/2
f 2400/2/2 2391/2/2 2401/2/2
f 2401/2/2 2391/2/2 2402/2/2
f 2394/2/2 2395/2/2 2403/2/2
f 2395/2/2 2396/2/2 2403/2/2
f 2403/2/2 2396/2/2 2404/2/2
f 2396/5/2 2397/5/2 2405/5/2
f 2404/2/2 2396/2/2 2405/2/2
f 2405/5/2 2397/5/2 2406/5/2
f 2398/5/2 2399/5/2 2409/5/2
f 2400/2/2 2401/2/2 2410/2/2
f 2399/2/2 2400/2/2 2410/2/2
f 2409/5/2 2399/5/2 2410/5/2
f 2410/2/2 2401/2/2 2411/2/2
f 2411/2/2 2401/2/2 2412/2/2
f 2404/2/2 2405/2/2 2413/2/2
f 2405/2/2 2406/2/2 2413/2/2
f 2413/2/2 2406/2/2 2414/2/2
f 2406/5/2 2407/5/2 2415/5/2
f 2414/2/2 2406/2/2 2415/2/2
f 2415/5/2 2407/5/2 2416/5/2
f 2408/5/2 2409/5/2 2419/5/2
f 2410/2/2 2411/2/2 2420/2/2
f 2409/2/2 2410/2/2 2420/2/2
f 2419/5/2 2409/5/2 2420/5/2
f 2420/2/2 2411/2/2 2421/2/2
f 2421/2/2 2411/2/2 2422/2/2
f 2414/2/2 2415/2/2 2423/2/2
f 2415/2/2 2416/2/2 2423/2/2
f 2423/2/2 2416/2/2 2424/2/2
f 2416/5/2 2417/5/2 2425/5/2
f 2424/2/2 2416/2/2 2425/2/2
f 2425/5/2 2417/5/2 2426/5/2
f 2307/2/2 2308/2/2 2429/2/2
f 2429/2/2 2308/2/2 2430/2/2
f 2418/5/2 2419/5/2 2433/5/2
f 2420/2/2 2421/2/2 2434/2/2
f 2419/2/2 2420/2/2 2434/2/2
f 2433/5/2 2419/5/2 2434/5/2
f 2434/2/2 2421/2/2 2435/2/2
f 2435/2/2 2421/2/2 2436/2/2
f 2424/2/2 2425/2/2 2437/2/2
f 2425/2/2 2426/2/2 2437/2/2
f 2437/2/2 2426/2/2 2438/2/2
f 2426/5/2 2427/5/2 2439/5/2
f 2438/2/2 2426/2/2 2439/2/2
f 2439/5/2 2427/5/2 2440/5/2
f 2428/5/2 2429/5/2 2441/5/2
f 2429/2/2 2430/2/2 2442/2/2
f 2441/5/2 2429/5/2 2442/5/2
f 2430/5/2 2431/5/2 2443/5/2
f 2442/2/2 2430/2/2 2443/2/2
f 2443/5/2 2431/5/2 2444/5/2
f 2432/5/2 2433/5/2 2445/5/2
f 2434/2/2 2435/2/2 2446/2/2
f 2433/2/2 2434/2/2 2446/2/2
f 2445/5/2 2433/5/2 2446/5/2
f 2446/2/2 2435/2/2 2447/2/2
f 2447/2/2 2435/2/2 2448/2/2
f 2439/2/2 2440/2/2 2449/2/2
f 2440/5/2 2441/5/2 2449/5/2
f 2441/2/2 2442/2/2 2450/2/2
f 2449/5/2 2441/5/2 2450/5/2
f 2443/2/2 2444/2/2 2450/2/2
f 2442/2/2 2443/2/2 2450/2/2
f 2444/5/2 2445/5/2 2451/5/2
f 2450/2/2 2444/2/2 2451/2/2
f 2445/2/2 2446/2/2 2452/2/2
f 2451/5/2 2445/5/2 2452/5/2
f 2438/5/2 2439/5/2 2454/5/2
f 2439/2/2 2449/2/2 2455/2/2
f 2449/2/2 2450/2/2 2455/2/2
f 2454/5/2 2439/5/2 2455/5/2
f 2450/2/2 2451/2/2 2455/2/2
f 2451/2/2 2452/2/2 2455/2/2
f 2455/2/2 2452/2/2 2456/2/2
f 2456/2/2 2452/2/2 2457/2/2
f 2457/2/2 2452/2/2 2458/2/2
f 2452/2/2 2446/2/2 2459/2/2
f 2458/2/2 2452/2/2 2459/2/2
f 2446/5/2 2447/5/2 2460/5/2
f 2459/2/2 2446/2/2 2460/2/2
f 2460/5/2 2447/5/2 2461/5/2
f 2453/5/2 2454/5/2 2464/5/2
f 2454/2/2 2455/2/2 2465/2/2
f 2455/2/2 2456/2/2 2465/2/2
f 2464/5/2 2454/5/2 2465/5/2
f 2465/2/2 2456/2/2 2466/2/2
f 2466/2/2 2456/2/2 2467/2/2
f 2457/2/2 2458/2/2 2468/2/2
f 2468/2/2 2458/2/2 2469/2/2
f 2469/2/2 2458/2/2 2470/2/2
f 2470/2/2 2458/2/2 2471/2/2
f 2459/2/2 2460/2/2 2472/2/2
f 2460/2/2 2461/2/2 2472/2/2
f 2472/2/2 2461/2/2 2473/2/2
f 2461/5/2 2462/5/2 2474/5/2
f 2473/2/2 2461/2/2 2474/2/2
f 2474/5/2 2462/5/2 2475/5/2
f 2463/5/2 2464/5/2 2478/5/2
f 2464/2/2 2465/2/2 2479/2/2
f 2465/2/2 2466/2/2 2479/2/2
f 2478/5/2 2464/5/2 2479/5/2
f 2479/2/2 2466/2/2 2480/2/2
f 2480/2/2 2466/2/2 2481/2/2
f 2474/2/2 2475/2/2 2482/2/2
f 2473/2/2 2474/2/2 2482/2/2
f 2482/2/2 2475/2/2 2483/2/2
f 2475/5/2 2476/5/2 2484/5/2
f 2483/2/2 2475/2/2 2484/2/2
f 2484/5/2 2476/5/2 2485/5/2
f 2477/5/2 2478/5/2 2488/5/2
f 2479/2/2 2480/2/2 2489/2/2
f 2478/2/2 2479/2/2 2489/2/2
f 2488/5/2 2478/5/2 2489/5/2
f 2489/2/2 2480/2/2 2490/2/2
f 2490/2/2 2480/2/2 2491/2/2
f 2484/2/2 2485/2/2 2492/2/2
f 2483/2/2 2484/2/2 2492/2/2
f 2492/2/2 2485/2/2 2493/2/2
f 2485/5/2 2486/5/2 2494/5/2
f 2493/2/2 2485/2/2 2494/2/2
f 2494/5/2 2486/5/2 2495/5/2
f 2487/5/2 2488/5/2 2498/5/2
f 2489/2/2 2490/2/2 2499/2/2
f 2488/2/2 2489/2/2 2499/2/2
f 2498/5/2 2488/5/2 2499/5/2
f 2499/2/2 2490/2/2 2500/2/2
f 2500/2/2 2490/2/2 2501/2/2
f 2494/2/2 2495/2/2 2502/2/2
f 2493/2/2 2494/2/2 2502/2/2
f 2502/2/2 2495/2/2 2503/2/2
f 2495/5/2 2496/5/2 2504/5/2
f 2503/2/2 2495/2/2 2504/2/2
f 2504/5/2 2496/5/2 2505/5/2
f 2497/5/2 2498/5/2 2508/5/2
f 2499/2/2 2500/2/2 2509/2/2
f 2498/2/2 2499/2/2 2509/2/2
f 2508/5/2 2498/5/2 2509/5/2
f 2509/2/2 2500/2/2 2510/2/2
f 2510/2/2 2500/2/2 2511/2/2
f 2504/2/2 2505/2/2 2512/2/2
f 2503/2/2 2504/2/2 2512/2/2
f 2512/2/2 2505/2/2 2513/2/2
f 2505/5/2 2506/5/2 2514/5/2
f 2513/2/2 2505/2/2 2514/2/2
f 2514/5/2 2506/5/2 2515/5/2
f 2507/5/2 2508/5/2 2518/5/2
f 2509/2/2 2510/2/2 2519/2/2
f 2508/2/2 2509/2/2 2519/2/2
f 2518/5/2 2508/5/2 2519/5/2
f 2519/2/2 2510/2/2 2520/2/2
f 2520/2/2 2510/2/2 2521/2/2
f 2514/2/2 2515/2/2 2522/2/2
f 2513/2/2 2514/2/2 2522/2/2
f 2522/2/2 2515/2/2 2523/2/2
f 2515/5/2 2516/5/2 2524/5/2
f 2523/2/2 2515/2/2 2524/2/2
f 2524/5/2 2516/5/2 2525/5/2
f 2517/5/2 2518/5/2 2528/5/2
f 2519/2/2 2520/2/2 2529/2/2
f 2518/2/2 2519/2/2 2529/2/2
f 2528/5/2 2518/5/2 2529/5/2
f 2529/2/2 2520/2/2 2530/2/2
f 2530/2/2 2520/2/2 2531/2/2
f 2524/2/2 2525/2/2 2532/2/2
f 2523/2/2 2524/2/2 2532/2/2
f 2532/2/2 2525/2/2 2533/2/2
f 2525/5/2 2526/5/2 2534/5/2
f 2533/2/2 2525/2/2 2534/2/2
f 2534/5/2 2526/5/2 2535/5/2
f 2527/5/2 2528/5/2 2538/5/2
f 2529/2/2 2530/2/2 2539/2/2
f 2528/2/2 2529/2/2 2539/2/2
f 2538/5/2 2528/5/2 2539/5/2
f 2539/2/2 2530/2/2 2540/2/2
f 2540/2/2 2530/2/2 2541/2/2
f 2534/2/2 2535/2/2 2542/2/2
f 2533/2/2 2534/2/2 2542/2/2
f 2542/2/2 2535/2/2 2543/2/2
f 2535/5/2 2536/5/2 2544/5/2
f 2543/2/2 2535/2/2 2544/2/2
f 2544/5/2 2536/5/2 2545/5/2
f 2537/5/2 2538/5/2 2548/5/2
f 2539/2/2 2540/2/2 2549/2/2
f 2538/2/2 2539/2/2 2549/2/2
f 2548/5/2 2538/5/2 2549/5/2
f 2549/2/2 2540/2/2 2550/2/2
f 2550/2/2 2540/2/2 2551/2/2
f 2544/2/2 2545/2/2 2552/2/2
f 2543/2/2 2544/2/2 2552/2/2
f 2552/2/2 2545/2/2 2553/2/2
f 2545/5/2 2546/5/2 2554/5/2
f 2553/2/2 2545/2/2 2554/2/2
f 2554/5/2 2546/5/2 2555/5/2
f 2547/5/2 2548/5/2 2558/5/2
f 2549/2/2 2550/2/2 2559/2/2
f 2548/2/2 2549/2/2 2559/2/2
f 2558/5/2 2548/5/2 2559/5/2
f 2559/2/2 2550/2/2 2560/2/2
f 2560/2/2 2550/2/2 2561/2/2
f 2554/2/2 2555/2/2 2562/2/2
f 2553/2/2 2554/2/2 2562/2/2
f 2562/2/2 2555/2/2 2563/2/2
f 2555/5/2 2556/5/2 2564/5/2
f 2563/2/2 2555/2/2 2564/2/2
f 2564/5/2 2556/5/2 2565/5/2
f 2313/5/2 2323/5/2 2567/5/2
f 2557/5/2 2558/5/2 2568/5/2
f 2559/2/2 2560/2/2 2569/2/2
f 2558/2/2 2559/2/2 2569/2/2
f 2568/5/2 2558/5/2 2569/5/2
f 2569/2/2 2560/2/2 2570/2/2
f 2570/2/2 2560/2/2 2571/2/2
f 2563/2/2 2564/2/2 2572/2/2
f 2564/2/2 2565/2/2 2572/2/2
f 2572/2/2 2565/2/2 2573/2/2
f 2565/5/2 2566/5/2 2574/5/2
f 2573/2/2 2565/2/2 2574/2/2
f 2574/5/2 2566/5/2 2575/5/2
f 2332/5/2 2322/5/2 2576/5/2
f 2567/5/2 2568/5/2 2577/5/2
f 2313/5/2 2567/5/2 2577/5/2
f 2569/2/2 2570/2/2 2578/2/2
f 2577/5/2 2568/5/2 2578/5/2
f 2568/2/2 2569/2/2 2578/2/2
f 2578/2/2 2570/2/2 2579/2/2
f 2579/2/2 2570/2/2 2580/2/2
f 2574/2/2 2575/2/2 2581/2/2
f 2573/2/2 2574/2/2 2581/2/2
f 2581/2/2 2575/2/2 2582/2/2
f 2575/5/2 2576/5/2 2583/5/2
f 2582/2/2 2575/2/2 2583/2/2
f 2576/5/2 2322/5/2 2584/5/2
f 2583/5/2 2576/5/2 2584/5/2
f 2303/2/2 2313/2/2 2585/2/2
f 2313/5/2 2577/5/2 2585/5/2
f 2578/2/2 2579/2/2 2586/2/2
f 2585/5/2 2577/5/2 2586/5/2
f 2577/2/2 2578/2/2 2586/2/2
f 2586/2/2 2579/2/2 2587/2/2
f 2469/2/2 2470/2/2 2588/2/2
f 2588/2/2 2470/2/2 2589/2/2
f 2583/2/2 2584/2/2 2590/2/2
f 2582/2/2 2583/2/2 2590/2/2
f 2584/5/2 2322/5/2 2591/5/2
f 2590/2/2 2584/2/2 2591/2/2
f 2322/2/2 2312/2/2 2592/2/2
f 2591/5/2 2322/5/2 2592/5/2
f 2587/5/2 2588/5/2 2593/5/2
f 2586/2/2 2587/2/2 2593/2/2
f 2585/2/2 2586/2/2 2593/2/2
f 2588/2/2 2589/2/2 2594/2/2
f 2593/5/2 2588/5/2 2594/5/2
f 2589/5/2 2590/5/2 2595/5/2
f 2594/2/2 2589/2/2 2595/2/2
f 2590/2/2 2591/2/2 2596/2/2
f 2595/5/2 2590/5/2 2596/5/2
f 2591/2/2 2592/2/2 2596/2/2
f 2593/2/2 2594/2/2 2597/2/2
f 2303/2/2 2585/2/2 2597/2/2
f 2595/2/2 2596/2/2 2597/2/2
f 2594/2/2 2595/2/2 2597/2/2
f 2585/2/2 2593/2/2 2597/2/2
f 2596/2/2 2592/2/2 2598/2/2
f 2597/2/2 2596/2/2 2598/2/2
f 2592/2/2 2312/2/2 2598/2/2
f 2602/5/3 2600/5/3 2599/5/3
f 2603/2/3 2601/2/3 2600/2/3
f 2603/5/3 2600/5/3 2602/5/3
f 2604/2/3 2601/2/3 2603/2/3
f 2605/2/3 2601/2/3 2604/2/3
f 2606/2/3 2603/2/3 2602/2/3
f 2606/2/3 2604/2/3 2603/2/3
f 2606/5/3 2605/5/3 2604/5/3
f 2607/5/3 2605/5/3 2606/5/3
f 2608/5/3 2605/5/3 2607/5/3
f 2609/5/3 2605/5/3 2608/5/3
f 2610/2/3 2601/2/3 2605/2/3
f 2610/5/3 2605/5/3 2609/5/3
f 2611/2/3 2606/2/3 2602/2/3
f 2611/2/3 2607/2/3 2606/2/3
f 2612/2/3 2607/2/3 2611/2/3
f 2613/2/3 2607/2/3 2612/2/3
f 2616/5/3 2609/5/3 2608/5/3
f 2617/2/3 2610/2/3 2609/2/3
f 2617/5/3 2609/5/3 2616/5/3
f 2618/2/3 2611/2/3 2602/2/3
f 2618/5/3 2612/5/3 2611/5/3
f 2619/2/3 2614/2/3 2613/2/3
f 2619/5/3 2612/5/3 2618/5/3
f 2619/2/3 2613/2/3 2612/2/3
f 2620/2/3 2614/2/3 2619/2/3
f 2621/2/3 2614/2/3 2620/2/3
f 2624/5/3 2616/5/3 2615/5/3
f 2625/2/3 2617/2/3 2616/2/3
f 2625/5/3 2616/5/3 2624/5/3
f 2626/2/3 2610/2/3 2617/2/3
f 2626/2/3 2617/2/3 2625/2/3
f 2627/2/3 2601/2/3 2610/2/3
f 2627/2/3 2610/2/3 2626/2/3
f 2628/2/3 2601/2/3 2627/2/3
f 2629/5/3 2620/5/3 2619/5/3
f 2630/2/3 2622/2/3 2621/2/3
f 2630/5/3 2620/5/3 2629/5/3
f 2630/2/3 2621/2/3 2620/2/3
f 2631/2/3 2622/2/3 2630/2/3
f 2632/2/3 2622/2/3 2631/2/3
f 2635/5/3 2624/5/3 2623/5/3
f 2636/2/3 2626/2/3 2625/2/3
f 2636/2/3 2625/2/3 2624/2/3
f 2636/5/3 2624/5/3 2635/5/3
f 2637/2/3 2626/2/3 2636/2/3
f 2638/2/3 2626/2/3 2637/2/3
f 2639/5/3 2631/5/3 2630/5/3
f 2640/2/3 2633/2/3 2632/2/3
f 2640/5/3 2631/5/3 2639/5/3
f 2640/2/3 2632/2/3 2631/2/3
f 2641/2/3 2633/2/3 2640/2/3
f 2642/2/3 2633/2/3 2641/2/3
f 2645/5/3 2635/5/3 2634/5/3
f 2646/2/3 2637/2/3 2636/2/3
f 2646/2/3 2636/2/3 2635/2/3
f 2646/5/3 2635/5/3 2645/5/3
f 2647/2/3 2637/2/3 2646/2/3
f 2648/2/3 2637/2/3 2647/2/3
f 2649/5/3 2641/5/3 2640/5/3
f 2650/2/3 2643/2/3 2642/2/3
f 2650/5/3 2641/5/3 2649/5/3
f 2650/2/3 2642/2/3 2641/2/3
f 2651/2/3 2643/2/3 2650/2/3
f 2652/2/3 2643/2/3 2651/2/3
f 2655/5/3 2645/5/3 2644/5/3
f 2656/2/3 2647/2/3 2646/2/3
f 2656/2/3 2646/2/3 2645/2/3
f 2656/5/3 2645/5/3 2655/5/3
f 2657/2/3 2647/2/3 2656/2/3
f 2658/2/3 2647/2/3 2657/2/3
f 2659/5/3 2651/5/3 2650/5/3
f 2660/2/3 2653/2/3 2652/2/3
f 2660/5/3 2651/5/3 2659/5/3
f 2660/2/3 2652/2/3 2651/2/3
f 2661/2/3 2653/2/3 2660/2/3
f 2662/2/3 2653/2/3 2661/2/3
f 2665/5/3 2655/5/3 2654/5/3
f 2666/2/3 2657/2/3 2656/2/3
f 2666/2/3 2656/2/3 2655/2/3
f 2666/5/3 2655/5/3 2665/5/3
f 2667/2/3 2657/2/3 2666/2/3
f 2668/2/3 2657/2/3 2667/2/3
f 2669/5/3 2661/5/3 2660/5/3
f 2670/2/3 2663/2/3 2662/2/3
f 2670/5/3 2661/5/3 2669/5/3
f 2670/2/3 2662/2/3 2661/2/3
f 2671/2/3 2663/2/3 2670/2/3
f 2672/2/3 2663/2/3 2671/2/3
f 2675/5/3 2665/5/3 2664/5/3
f 2676/2/3 2667/2/3 2666/2/3
f 2676/2/3 2666/2/3 2665/2/3
f 2676/5/3 2665/5/3 2675/5/3
f 2677/2/3 2667/2/3 2676/2/3
f 2678/2/3 2667/2/3 2677/2/3
f 2679/5/3 2671/5/3 2670/5/3
f 2680/2/3 2673/2/3 2672/2/3
f 2680/5/3 2671/5/3 2679/5/3
f 2680/2/3 2672/2/3 2671/2/3
f 2681/2/3 2673/2/3 2680/2/3
f 2682/2/3 2673/2/3 2681/2/3
f 2685/5/3 2675/5/3 2674/5/3
f 2686/2/3 2677/2/3 2676/2/3
f 2686/2/3 2676/2/3 2675/2/3
f 2686/5/3 2675/5/3 2685/5/3
f 2687/2/3 2677/2/3 2686/2/3
f 2688/2/3 2677/2/3 2687/2/3
f 2689/5/3 2681/5/3 2680/5/3
f 2690/2/3 2683/2/3 2682/2/3
f 2690/5/3 2681/5/3 2689/5/3
f 2690/2/3 2682/2/3 2681/2/3
f 2691/2/3 2683/2/3 2690/2/3
f 2692/2/3 2683/2/3 2691/2/3
f 2695/5/3 2685/5/3 2684/5/3
f 2696/2/3 2687/2/3 2686/2/3
f 2696/2/3 2686/2/3 2685/2/3
f 2696/5/3 2685/5/3 2695/5/3
f 2697/2/3 2687/2/3 2696/2/3
f 2698/2/3 2687/2/3 2697/2/3
f 2699/5/3 2691/5/3 2690/5/3
f 2700/2/3 2693/2/3 2692/2/3
f 2700/5/3 2691/5/3 2699/5/3
f 2700/2/3 2692/2/3 2691/2/3
f 2701/2/3 2693/2/3 2700/2/3
f 2702/2/3 2693/2/3 2701/2/3
f 2705/5/3 2695/5/3 2694/5/3
f 2706/2/3 2697/2/3 2696/2/3
f 2706/2/3 2696/2/3 2695/2/3
f 2706/5/3 2695/5/3 2705/5/3
f 2707/2/3 2697/2/3 2706/2/3
f 2708/2/3 2697/2/3 2707/2/3
f 2709/5/3 2701/5/3 2700/5/3
f 2710/2/3 2703/2/3 2702/2/3
f 2710/5/3 2701/5/3 2709/5/3
f 2710/2/3 2702/2/3 2701/2/3
f 2711/2/3 2703/2/3 2710/2/3
f 2712/2/3 2703/2/3 2711/2/3
f 2715/5/3 2705/5/3 2704/5/3
f 2716/2/3 2707/2/3 2706/2/3
f 2716/2/3 2706/2/3 2705/2/3
f 2716/5/3 2705/5/3 2715/5/3
f 2717/2/3 2707/2/3 2716/2/3
f 2718/2/3 2707/2/3 2717/2/3
f 2719/5/3 2711/5/3 2710/5/3
f 2720/2/3 2713/2/3 2712/2/3
f 2720/5/3 2711/5/3 2719/5/3
f 2720/2/3 2712/2/3 2711/2/3
f 2721/2/3 2713/2/3 2720/2/3
f 2722/2/3 2713/2/3 2721/2/3
f 2724/5/3 2715/5/3 2714/5/3
f 2725/2/3 2717/2/3 2716/2/3
f 2725/2/3 2716/2/3 2715/2/3
f 2725/5/3 2715/5/3 2724/5/3
f 2726/2/3 2717/2/3 2725/2/3
f 2727/2/3 2717/2/3 2726/2/3
f 2728/5/3 2721/5/3 2720/5/3
f 2729/2/3 2723/2/3 2722/2/3
f 2729/5/3 2721/5/3 2728/5/3
f 2729/2/3 2722/2/3 2721/2/3
f 2730/2/3 2723/2/3 2729/2/3
f 2731/5/3 2724/5/3 2723/5/3
f 2731/2/3 2723/2/3 2730/2/3
f 2732/2/3 2726/2/3 2725/2/3
f 2732/5/3 2724/5/3 2731/5/3
f 2732/2/3 2725/2/3 2724/2/3
f 2733/2/3 2726/2/3 2732/2/3
f 2734/2/3 2726/2/3 2733/2/3
f 2735/5/3 2730/5/3 2729/5/3
f 2736/2/3 2731/2/3 2730/2/3
f 2736/5/3 2730/5/3 2735/5/3
f 2736/2/3 2733/2/3 2732/2/3
f 2736/2/3 2732/2/3 2731/2/3
f 2737/2/3 2733/2/3 2736/2/3
f 2738/2/3 2733/2/3 2737/2/3
f 2739/2/3 2733/2/3 2738/2/3
f 2741/5/3 2737/5/3 2736/5/3
f 2742/2/3 2738/2/3 2737/2/3
f 2742/5/3 2737/5/3 2741/5/3
f 2743/2/3 2738/2/3 2742/2/3
f 2745/2/3 2618/2/3 2602/2/3
f 2746/5/3 2741/5/3 2740/5/3
f 2747/2/3 2744/2/3 2743/2/3
f 2747/2/3 2742/2/3 2741/2/3
f 2747/5/3 2741/5/3 2746/5/3
f 2747/2/3 2743/2/3 2742/2/3
f 2748/2/3 2744/2/3 2747/2/3
f 2749/5/3 2628/5/3 2627/5/3
f 2750/2/3 2601/2/3 2628/2/3
f 2750/5/3 2628/5/3 2749/5/3
f 2751/2/3 2746/2/3 2745/2/3
f 2751/2/3 2749/2/3 2748/2/3
f 2751/2/3 2750/2/3 2749/2/3
f 2751/2/3 2748/2/3 2747/2/3
f 2751/2/3 2747/2/3 2746/2/3
f 2751/2/3 2745/2/3 2602/2/3
f 2752/2/3 2750/2/3 2751/2/3
f 2753/2/3 2750/2/3 2752/2/3
f 2754/2/3 2750/2/3 2753/2/3
f 2755/2/3 2750/2/3 2754/2/3
f 2756/2/3 2601/2/3 2750/2/3
f 2756/2/3 2750/2/3 2755/2/3
f 2757/5/3 2753/5/3 2752/5/3
f 2758/2/3 2754/2/3 2753/2/3
f 2758/5/3 2753/5/3 2757/5/3
f 2759/2/3 2754/2/3 2758/2/3
f 2760/2/3 2754/2/3 2759/2/3
f 2761/2/3 2754/2/3 2760/2/3
f 2763/5/3 2759/5/3 2758/5/3
f 2764/2/3 2760/2/3 2759/2/3
f 2764/5/3 2759/5/3 2763/5/3
f 2765/2/3 2760/2/3 2764/2/3
f 2768/5/3 2763/5/3 2762/5/3
f 2769/2/3 2766/2/3 2765/2/3
f 2769/2/3 2764/2/3 2763/2/3
f 2769/5/3 2763/5/3 2768/5/3
f 2769/2/3 2765/2/3 2764/2/3
f 2770/2/3 2766/2/3 2769/2/3
f 2771/2/3 2766/2/3 2770/2/3
f 2772/2/3 2766/2/3 2771/2/3
f 2775/5/3 2768/5/3 2767/5/3
f 2776/2/3 2769/2/3 2768/2/3
f 2776/2/3 2770/2/3 2769/2/3
f 2776/5/3 2768/5/3 2775/5/3
f 2777/2/3 2770/2/3 2776/2/3
f 2778/5/3 2771/5/3 2770/5/3
f 2778/2/3 2770/2/3 2777/2/3
f 2779/2/3 2772/2/3 2771/2/3
f 2779/5/3 2771/5/3 2778/5/3
f 2779/2/3 2773/2/3 2772/2/3
f 2780/2/3 2773/2/3 2779/2/3
f 2781/2/3 2773/2/3 2780/2/3
f 2784/5/3 2775/5/3 2774/5/3
f 2785/2/3 2776/2/3 2775/2/3
f 2785/2/3 2777/2/3 2776/2/3
f 2785/5/3 2775/5/3 2784/5/3
f 2786/2/3 2777/2/3 2785/2/3
f 2787/2/3 2777/2/3 2786/2/3
f 2788/5/3 2780/5/3 2779/5/3
f 2789/2/3 2782/2/3 2781/2/3
f 2789/5/3 2780/5/3 2788/5/3
f 2789/2/3 2781/2/3 2780/2/3
f 2790/2/3 2782/2/3 2789/2/3
f 2791/2/3 2782/2/3 2790/2/3
f 2794/5/3 2784/5/3 2783/5/3
f 2795/2/3 2786/2/3 2785/2/3
f 2795/2/3 2785/2/3 2784/2/3
f 2795/5/3 2784/5/3 2794/5/3
f 2796/2/3 2786/2/3 2795/2/3
f 2797/2/3 2786/2/3 2796/2/3
f 2798/5/3 2790/5/3 2789/5/3
f 2799/2/3 2792/2/3 2791/2/3
f 2799/5/3 2790/5/3 2798/5/3
f 2799/2/3 2791/2/3 2790/2/3
f 2800/2/3 2792/2/3 2799/2/3
f 2801/2/3 2792/2/3 2800/2/3
f 2804/5/3 2794/5/3 2793/5/3
f 2805/2/3 2796/2/3 2795/2/3
f 2805/2/3 2795/2/3 2794/2/3
f 2805/5/3 2794/5/3 2804/5/3
f 2806/2/3 2796/2/3 2805/2/3
f 2807/2/3 2796/2/3 2806/2/3
f 2808/5/3 2800/5/3 2799/5/3
f 2809/2/3 2802/2/3 2801/2/3
f 2809/5/3 2800/5/3 2808/5/3
f 2809/2/3 2801/2/3 2800/2/3
f 2810/2/3 2802/2/3 2809/2/3
f 2811/2/3 2802/2/3 2810/2/3
f 2814/5/3 2804/5/3 2803/5/3
f 2815/2/3 2806/2/3 2805/2/3
f 2815/2/3 2805/2/3 2804/2/3
f 2815/5/3 2804/5/3 2814/5/3
f 2816/2/3 2806/2/3 2815/2/3
f 2817/2/3 2806/2/3 2816/2/3
f 2818/5/3 2810/5/3 2809/5/3
f 2819/2/3 2812/2/3 2811/2/3
f 2819/5/3 2810/5/3 2818/5/3
f 2819/2/3 2811/2/3 2810/2/3
f 2820/2/3 2812/2/3 2819/2/3
f 2821/2/3 2812/2/3 2820/2/3
f 2824/5/3 2814/5/3 2813/5/3
f 2825/2/3 2816/2/3 2815/2/3
f 2825/2/3 2815/2/3 2814/2/3
f 2825/5/3 2814/5/3 2824/5/3
f 2826/2/3 2816/2/3 2825/2/3
f 2827/2/3 2816/2/3 2826/2/3
f 2828/5/3 2820/5/3 2819/5/3
f 2829/2/3 2822/2/3 2821/2/3
f 2829/5/3 2820/5/3 2828/5/3
f 2829/2/3 2821/2/3 2820/2/3
f 2830/2/3 2822/2/3 2829/2/3
f 2831/2/3 2822/2/3 2830/2/3
f 2834/5/3 2824/5/3 2823/5/3
f 2835/2/3 2826/2/3 2825/2/3
f 2835/2/3 2825/2/3 2824/2/3
f 2835/5/3 2824/5/3 2834/5/3
f 2836/2/3 2826/2/3 2835/2/3
f 2837/2/3 2826/2/3 2836/2/3
f 2838/5/3 2830/5/3 2829/5/3
f 2839/2/3 2832/2/3 2831/2/3
f 2839/5/3 2830/5/3 2838/5/3
f 2839/2/3 2831/2/3 2830/2/3
f 2840/2/3 2832/2/3 2839/2/3
f 2841/2/3 2832/2/3 2840/2/3
f 2844/5/3 2834/5/3 2833/5/3
f 2845/2/3 2836/2/3 2835/2/3
f 2845/2/3 2835/2/3 2834/2/3
f 2845/5/3 2834/5/3 2844/5/3
f 2846/2/3 2836/2/3 2845/2/3
f 2847/2/3 2836/2/3 2846/2/3
f 2848/5/3 2840/5/3 2839/5/3
f 2849/2/3 2842/2/3 2841/2/3
f 2849/5/3 2840/5/3 2848/5/3
f 2849/2/3 2841/2/3 2840/2/3
f 2850/2/3 2842/2/3 2849/2/3
f 2851/2/3 2842/2/3 2850/2/3
f 2854/5/3 2844/5/3 2843/5/3
f 2855/2/3 2846/2/3 2845/2/3
f 2855/2/3 2845/2/3 2844/2/3
f 2855/5/3 2844/5/3 2854/5/3
f 2856/2/3 2846/2/3 2855/2/3
f 2857/2/3 2846/2/3 2856/2/3
f 2858/5/3 2850/5/3 2849/5/3
f 2859/2/3 2852/2/3 2851/2/3
f 2859/5/3 2850/5/3 2858/5/3
f 2859/2/3 2851/2/3 2850/2/3
f 2860/2/3 2852/2/3 2859/2/3
f 2861/2/3 2852/2/3 2860/2/3
f 2864/5/3 2854/5/3 2853/5/3
f 2865/2/3 2856/2/3 2855/2/3
f 2865/2/3 2855/2/3 2854/2/3
f 2865/5/3 2854/5/3 2864/5/3
f 2866/2/3 2856/2/3 2865/2/3
f 2867/2/3 2856/2/3 2866/2/3
f 2868/5/3 2860/5/3 2859/5/3
f 2869/2/3 2862/2/3 2861/2/3
f 2869/5/3 2860/5/3 2868/5/3
f 2869/2/3 2861/2/3 2860/2/3
f 2870/2/3 2862/2/3 2869/2/3
f 2871/2/3 2862/2/3 2870/2/3
f 2873/2/3 2751/2/3 2602/2/3
f 2874/5/3 2864/5/3 2863/5/3
f 2875/2/3 2866/2/3 2865/2/3
f 2875/2/3 2865/2/3 2864/2/3
f 2875/5/3 2864/5/3 2874/5/3
f 2876/2/3 2866/2/3 2875/2/3
f 2877/2/3 2866/2/3 2876/2/3
f 2878/5/3 2870/5/3 2869/5/3
f 2879/2/3 2872/2/3 2871/2/3
f 2879/5/3 2870/5/3 2878/5/3
f 2879/2/3 2871/2/3 2870/2/3
f 2880/2/3 2872/2/3 2879/2/3
f 2881/2/3 2872/2/3 2880/2/3
f 2882/5/3 2756/5/3 2755/5/3
f 2883/2/3 2601/2/3 2756/2/3
f 2883/5/3 2756/5/3 2882/5/3
f 2884/2/3 2873/2/3 2602/2/3
f 2884/5/3 2874/5/3 2873/5/3
f 2885/2/3 2876/2/3 2875/2/3
f 2885/5/3 2874/5/3 2884/5/3
f 2885/2/3 2875/2/3 2874/2/3
f 2886/2/3 2876/2/3 2885/2/3
f 2887/2/3 2876/2/3 2886/2/3
f 2888/5/3 2880/5/3 2879/5/3
f 2889/2/3 2882/2/3 2881/2/3
f 2889/5/3 2880/5/3 2888/5/3
f 2889/2/3 2881/2/3 2880/2/3
f 2889/2/3 2883/2/3 2882/2/3
f 2890/2/3 2883/2/3 2889/2/3
f 2891/2/3 2886/2/3 2885/2/3
f 2891/2/3 2885/2/3 2884/2/3
f 2892/2/3 2886/2/3 2891/2/3
f 2893/5/3 2890/5/3 2889/5/3
f 2894/2/3 2883/2/3 2890/2/3
f 2894/5/3 2890/5/3 2893/5/3
f 2895/2/3 2883/2/3 2894/2/3
f 2896/5/3 2602/5/3 2599/5/3
f 2896/2/3 2884/2/3 2602/2/3
f 2896/2/3 2891/2/3 2884/2/3
f 2897/2/3 2891/2/3 2896/2/3
f 2898/5/3 2893/5/3 2892/5/3
f 2898/2/3 2891/2/3 2897/2/3
f 2898/5/3 2895/5/3 2894/5/3
f 2898/5/3 2892/5/3 2891/5/3
f 2898/5/3 2894/5/3 2893/5/3
f 2899/2/3 2883/2/3 2895/2/3
f 2899/5/3 2895/5/3 2898/5/3
f 2900/5/3 2897/5/3 2896/5/3
f 2900/5/3 2896/5/3 2599/5/3
f 2901/2/3 2898/2/3 2897/2/3
f 2901/5/3 2897/5/3 2900/5/3
f 2901/2/3 2899/2/3 2898/2/3
f 2902/2/3 2883/2/3 2899/2/3
f 2902/2/3 2899/2/3 2901/2/3
f 2902/2/3 2601/2/3 2883/2/3
f 2905/3/3 2904/3/3 2903/3/3
f 2906/3/3 2904/3/3 2905/3/3
f 2907/3/3 2904/3/3 2906/3/3
f 2908/3/3 2904/3/3 2907/3/3
f 2909/3/3 2904/3/3 2908/3/3
f 2910/3/3 2904/3/3 2909/3/3
f 2913/3/3 2907/3/3 2906/3/3
f 2914/3/3 2907/3/3 2913/3/3
f 2915/1/3 2908/1/3 2907/1/3
f 2915/3/3 2907/3/3 2914/3/3
f 2916/3/3 2909/3/3 2908/3/3
f 2916/1/3 2908/1/3 2915/1/3
f 2917/3/3 2909/3/3 2916/3/3
f 2918/3/3 2909/3/3 2917/3/3
f 2919/3/3 2909/3/3 2918/3/3
f 2922/3/3 2912/3/3 2911/3/3
f 2924/1/3 2917/1/3 2916/1/3
f 2924/1/3 2915/1/3 2914/1/3
f 2924/1/3 2916/1/3 2915/1/3
f 2925/1/3 2917/1/3 2924/1/3
f 2926/1/3 2917/1/3 2925/1/3
f 2927/1/3 2917/1/3 2926/1/3
f 2928/3/3 2918/3/3 2917/3/3
f 2928/1/3 2917/1/3 2927/1/3
f 2929/3/3 2918/3/3 2928/3/3
f 2930/3/3 2918/3/3 2929/3/3
f 2932/3/3 2921/3/3 2920/3/3
f 2933/3/3 2923/3/3 2922/3/3
f 2933/3/3 2922/3/3 2911/3/3
f 2934/3/3 2923/3/3 2933/3/3
f 2936/1/3 2926/1/3 2925/1/3
f 2937/1/3 2926/1/3 2936/1/3
f 2938/4/3 2927/4/3 2926/4/3
f 2938/1/3 2926/1/3 2937/1/3
f 2939/1/3 2929/1/3 2928/1/3
f 2939/4/3 2927/4/3 2938/4/3
f 2939/1/3 2928/1/3 2927/1/3
f 2940/1/3 2929/1/3 2939/1/3
f 2941/1/3 2929/1/3 2940/1/3
f 2943/3/3 2932/3/3 2931/3/3
f 2944/3/3 2921/3/3 2932/3/3
f 2944/3/3 2932/3/3 2943/3/3
f 2945/1/3 2935/1/3 2934/1/3
f 2945/1/3 2934/1/3 2933/1/3
f 2947/4/3 2938/4/3 2937/4/3
f 2947/4/3 2940/4/3 2939/4/3
f 2947/4/3 2939/4/3 2938/4/3
f 2948/4/3 2940/4/3 2947/4/3
f 2949/4/3 2940/4/3 2948/4/3
f 2950/4/3 2940/4/3 2949/4/3
f 2952/1/3 2944/1/3 2943/1/3
f 2952/1/3 2943/1/3 2942/1/3
f 2953/1/3 2946/1/3 2945/1/3
f 2955/4/3 2949/4/3 2948/4/3
f 2956/4/3 2949/4/3 2955/4/3
f 2957/4/3 2949/4/3 2956/4/3
f 2958/4/3 2949/4/3 2957/4/3
f 2960/1/3 2952/1/3 2951/1/3
f 2961/4/3 2954/4/3 2953/4/3
f 2961/1/3 2953/1/3 2945/1/3
f 2962/4/3 2954/4/3 2961/4/3
f 2964/4/3 2957/4/3 2956/4/3
f 2965/4/3 2957/4/3 2964/4/3
f 2966/4/3 2957/4/3 2965/4/3
f 2967/4/3 2957/4/3 2966/4/3
f 2969/4/3 2960/4/3 2959/4/3
f 2970/1/3 2952/1/3 2960/1/3
f 2970/4/3 2960/4/3 2969/4/3
f 2971/3/3 2933/3/3 2911/3/3
f 2971/1/3 2945/1/3 2933/1/3
f 2971/1/3 2961/1/3 2945/1/3
f 2971/1/3 2962/1/3 2961/1/3
f 2972/1/3 2962/1/3 2971/1/3
f 2973/4/3 2963/4/3 2962/4/3
f 2973/1/3 2962/1/3 2972/1/3
f 2974/4/3 2963/4/3 2973/4/3
f 2976/4/3 2966/4/3 2965/4/3
f 2977/4/3 2966/4/3 2976/4/3
f 2978/4/3 2966/4/3 2977/4/3
f 2979/4/3 2966/4/3 2978/4/3
f 2980/4/3 2966/4/3 2979/4/3
f 2982/1/3 2969/1/3 2968/1/3
f 2982/1/3 2970/1/3 2969/1/3
f 2983/1/3 2952/1/3 2970/1/3
f 2983/1/3 2944/1/3 2952/1/3
f 2983/1/3 2970/1/3 2982/1/3
f 2984/3/3 2921/3/3 2944/3/3
f 2984/1/3 2944/1/3 2983/1/3
f 2985/3/3 2972/3/3 2971/3/3
f 2985/1/3 2975/1/3 2974/1/3
f 2985/1/3 2973/1/3 2972/1/3
f 2985/1/3 2974/1/3 2973/1/3
f 2986/1/3 2975/1/3 2985/1/3
f 2987/1/3 2975/1/3 2986/1/3
f 2989/4/3 2978/4/3 2977/4/3
f 2990/4/3 2978/4/3 2989/4/3
f 2991/1/3 2979/1/3 2978/1/3
f 2991/4/3 2978/4/3 2990/4/3
f 2992/1/3 2979/1/3 2991/1/3
f 2993/1/3 2979/1/3 2992/1/3
f 2995/1/3 2983/1/3 2982/1/3
f 2995/1/3 2982/1/3 2981/1/3
f 2996/3/3 2984/3/3 2983/3/3
f 2996/1/3 2983/1/3 2995/1/3
f 2997/1/3 2988/1/3 2987/1/3
f 2997/3/3 2986/3/3 2985/3/3
f 2997/1/3 2987/1/3 2986/1/3
f 2998/1/3 2988/1/3 2997/1/3
f 3000/1/3 2992/1/3 2991/1/3
f 3000/1/3 2991/1/3 2990/1/3
f 3001/1/3 2992/1/3 3000/1/3
f 3002/1/3 2992/1/3 3001/1/3
f 3003/1/3 2992/1/3 3002/1/3
f 3005/3/3 2996/3/3 2995/3/3
f 3005/3/3 2995/3/3 2994/3/3
f 3006/3/3 2999/3/3 2998/3/3
f 3006/3/3 2998/3/3 2997/3/3
f 3008/3/3 3002/3/3 3001/3/3
f 3009/3/3 3002/3/3 3008/3/3
f 3010/3/3 3002/3/3 3009/3/3
f 3011/3/3 3002/3/3 3010/3/3
f 3013/3/3 3005/3/3 3004/3/3
f 3014/3/3 3007/3/3 3006/3/3
f 3016/3/3 3010/3/3 3009/3/3
f 3017/3/3 3010/3/3 3016/3/3
f 3018/3/3 3010/3/3 3017/3/3
f 3020/3/3 3013/3/3 3012/3/3
f 3021/3/3 3006/3/3 2997/3/3
f 3021/3/3 3015/3/3 3014/3/3
f 3021/3/3 3014/3/3 3006/3/3
f 3022/3/3 3015/3/3 3021/3/3
f 3025/3/3 3020/3/3 3019/3/3
f 3026/3/3 3005/3/3 3013/3/3
f 3026/3/3 3013/3/3 3020/3/3
f 3026/3/3 3020/3/3 3025/3/3
f 3027/3/3 2997/3/3 2985/3/3
f 3027/3/3 3021/3/3 2997/3/3
f 3028/1/3 3023/1/3 3022/1/3
f 3028/3/3 3021/3/3 3027/3/3
f 3028/1/3 3022/1/3 3021/1/3
f 3029/1/3 3023/1/3 3028/1/3
f 3032/1/3 3025/1/3 3024/1/3
f 3032/1/3 3026/1/3 3025/1/3
f 3033/3/3 3005/3/3 3026/3/3
f 3033/1/3 3026/1/3 3032/1/3
f 3034/3/3 2996/3/3 3005/3/3
f 3034/3/3 3005/3/3 3033/3/3
f 3035/3/3 3027/3/3 2985/3/3
f 3035/3/3 2985/3/3 2971/3/3
f 3036/1/3 3030/1/3 3029/1/3
f 3036/3/3 3027/3/3 3035/3/3
f 3036/1/3 3029/1/3 3028/1/3
f 3036/1/3 3028/1/3 3027/1/3
f 3037/1/3 3030/1/3 3036/1/3
f 3038/1/3 3030/1/3 3037/1/3
f 3039/1/3 3033/1/3 3032/1/3
f 3039/1/3 3034/1/3 3033/1/3
f 3039/1/3 3032/1/3 3031/1/3
f 3040/1/3 3034/1/3 3039/1/3
f 3041/3/3 2996/3/3 3034/3/3
f 3041/1/3 3034/1/3 3040/1/3
f 3042/3/3 2984/3/3 2996/3/3
f 3042/3/3 2996/3/3 3041/3/3
f 3043/3/3 3035/3/3 2971/3/3
f 3043/3/3 2971/3/3 2911/3/3
f 3044/1/3 3037/1/3 3036/1/3
f 3044/3/3 3035/3/3 3043/3/3
f 3044/1/3 3036/1/3 3035/1/3
f 3045/1/3 3037/1/3 3044/1/3
f 3046/4/3 3038/4/3 3037/4/3
f 3046/1/3 3037/1/3 3045/1/3
f 3047/4/3 3038/4/3 3046/4/3
f 3048/4/3 3038/4/3 3047/4/3
f 3049/4/3 3040/4/3 3039/4/3
f 3050/4/3 3040/4/3 3049/4/3
f 3051/1/3 3041/1/3 3040/1/3
f 3051/4/3 3040/4/3 3050/4/3
f 3051/1/3 3042/1/3 3041/1/3
f 3052/1/3 3042/1/3 3051/1/3
f 3053/3/3 3043/3/3 2911/3/3
f 3054/1/3 3045/1/3 3044/1/3
f 3054/3/3 3043/3/3 3053/3/3
f 3054/1/3 3044/1/3 3043/1/3
f 3055/4/3 3047/4/3 3046/4/3
f 3055/1/3 3045/1/3 3054/1/3
f 3055/4/3 3046/4/3 3045/4/3
f 3056/4/3 3047/4/3 3055/4/3
f 3057/4/3 3052/4/3 3051/4/3
f 3057/4/3 3051/4/3 3050/4/3
f 3058/1/3 3042/1/3 3052/1/3
f 3058/4/3 3052/4/3 3057/4/3
f 3059/3/3 2984/3/3 3042/3/3
f 3059/1/3 3042/1/3 3058/1/3
f 3060/3/3 2921/3/3 2984/3/3
f 3060/3/3 2984/3/3 3059/3/3
f 3069/3/3 3062/3/3 3061/3/3
f 3069/1/3 3063/1/3 3062/1/3
f 3070/1/3 3063/1/3 3069/1/3
f 3071/4/3 3064/4/3 3063/4/3
f 3071/1/3 3063/1/3 3070/1/3
f 3072/4/3 3064/4/3 3071/4/3
f 3073/4/3 3064/4/3 3072/4/3
f 3076/4/3 3066/4/3 3065/4/3
f 3077/4/3 3066/4/3 3076/4/3
f 3078/1/3 3067/1/3 3066/1/3
f 3078/4/3 3066/4/3 3077/4/3
f 3079/3/3 3070/3/3 3069/3/3
f 3079/1/3 3071/1/3 3070/1/3
f 3079/1/3 3072/1/3 3071/1/3
f 3080/1/3 3072/1/3 3079/1/3
f 3081/4/3 3074/4/3 3073/4/3
f 3081/1/3 3072/1/3 3080/1/3
f 3081/4/3 3073/4/3 3072/4/3
f 3082/4/3 3074/4/3 3081/4/3
f 3083/4/3 3077/4/3 3076/4/3
f 3083/4/3 3076/4/3 3075/4/3
f 3084/1/3 3078/1/3 3077/1/3
f 3084/4/3 3077/4/3 3083/4/3
f 3085/1/3 3067/1/3 3078/1/3
f 3085/1/3 3078/1/3 3084/1/3
f 3086/3/3 3068/3/3 3067/3/3
f 3086/1/3 3067/1/3 3085/1/3
f 3087/1/3 3082/1/3 3081/1/3
f 3087/3/3 3080/3/3 3079/3/3
f 3087/1/3 3081/1/3 3080/1/3
f 3088/1/3 3082/1/3 3087/1/3
f 3089/1/3 3082/1/3 3088/1/3
f 3090/1/3 3082/1/3 3089/1/3
f 3091/1/3 3085/1/3 3084/1/3
f 3091/1/3 3084/1/3 3083/1/3
f 3092/1/3 3085/1/3 3091/1/3
f 3093/1/3 3085/1/3 3092/1/3
f 3094/3/3 3086/3/3 3085/3/3
f 3094/1/3 3085/1/3 3093/1/3
f 3095/1/3 3089/1/3 3088/1/3
f 3095/3/3 3088/3/3 3087/3/3
f 3096/1/3 3089/1/3 3095/1/3
f 3097/1/3 3093/1/3 3092/1/3
f 3098/1/3 3093/1/3 3097/1/3
f 3099/3/3 3094/3/3 3093/3/3
f 3099/1/3 3093/1/3 3098/1/3
f 3100/3/3 3095/3/3 3087/3/3
f 3101/3/3 3095/3/3 3100/3/3
f 3105/3/3 3099/3/3 3098/3/3
f 3106/3/3 3099/3/3 3105/3/3
f 3107/3/3 3100/3/3 3087/3/3
f 3108/3/3 3100/3/3 3107/3/3
f 3110/3/3 3104/3/3 3103/3/3
f 3110/3/3 3103/3/3 3102/3/3
f 3111/3/3 3104/3/3 3110/3/3
f 3113/3/3 3099/3/3 3106/3/3
f 3114/3/3 3094/3/3 3099/3/3
f 3114/3/3 3099/3/3 3113/3/3
f 3115/3/3 3107/3/3 3087/3/3
f 3116/3/3 3107/3/3 3115/3/3
f 3118/3/3 3112/3/3 3111/3/3
f 3118/3/3 3111/3/3 3110/3/3
f 3118/3/3 3110/3/3 3109/3/3
f 3119/3/3 3112/3/3 3118/3/3
f 3121/3/3 3094/3/3 3114/3/3
f 3122/3/3 3094/3/3 3121/3/3
f 3123/3/3 3087/3/3 3079/3/3
f 3123/3/3 3115/3/3 3087/3/3
f 3124/3/3 3115/3/3 3123/3/3
f 3125/3/3 3115/3/3 3124/3/3
f 3127/1/3 3120/1/3 3119/1/3
f 3127/1/3 3119/1/3 3118/1/3
f 3127/1/3 3118/1/3 3117/1/3
f 3128/1/3 3120/1/3 3127/1/3
f 3130/3/3 3094/3/3 3122/3/3
f 3131/3/3 3094/3/3 3130/3/3
f 3132/3/3 3086/3/3 3094/3/3
f 3132/3/3 3094/3/3 3131/3/3
f 3133/3/3 3079/3/3 3069/3/3
f 3133/3/3 3123/3/3 3079/3/3
f 3134/1/3 3124/1/3 3123/1/3
f 3134/3/3 3123/3/3 3133/3/3
f 3135/1/3 3124/1/3 3134/1/3
f 3136/1/3 3124/1/3 3135/1/3
f 3138/1/3 3129/1/3 3128/1/3
f 3138/1/3 3128/1/3 3127/1/3
f 3138/1/3 3127/1/3 3126/1/3
f 3139/1/3 3129/1/3 3138/1/3
f 3141/1/3 3132/1/3 3131/1/3
f 3142/1/3 3132/1/3 3141/1/3
f 3143/3/3 3086/3/3 3132/3/3
f 3143/1/3 3132/1/3 3142/1/3
f 3144/3/3 3068/3/3 3086/3/3
f 3144/3/3 3086/3/3 3143/3/3
f 3145/3/3 3069/3/3 3061/3/3
f 3145/3/3 3133/3/3 3069/3/3
f 3146/1/3 3135/1/3 3134/1/3
f 3146/3/3 3133/3/3 3145/3/3
f 3146/1/3 3134/1/3 3133/1/3
f 3147/1/3 3135/1/3 3146/1/3
f 3148/1/3 3135/1/3 3147/1/3
f 3149/1/3 3135/1/3 3148/1/3
f 3151/4/3 3140/4/3 3139/4/3
f 3151/4/3 3139/4/3 3138/4/3
f 3151/4/3 3138/4/3 3137/4/3
f 3152/4/3 3140/4/3 3151/4/3
f 3154/1/3 3143/1/3 3142/1/3
f 3154/1/3 3144/1/3 3143/1/3
f 3155/1/3 3144/1/3 3154/1/3
f 3156/1/3 3144/1/3 3155/1/3
f 3157/4/3 3148/4/3 3147/4/3
f 3157/1/3 3147/1/3 3146/1/3
f 3157/1/3 3146/1/3 3145/1/3
f 3158/4/3 3148/4/3 3157/4/3
f 3160/4/3 3153/4/3 3152/4/3
f 3160/4/3 3152/4/3 3151/4/3
f 3160/4/3 3151/4/3 3150/4/3
f 3161/4/3 3153/4/3 3160/4/3
f 3163/4/3 3156/4/3 3155/4/3
f 3164/1/3 3144/1/3 3156/1/3
f 3164/4/3 3156/4/3 3163/4/3
f 3165/1/3 3157/1/3 3145/1/3
f 3165/3/3 3145/3/3 3061/3/3
f 3166/1/3 3157/1/3 3165/1/3
f 3167/1/3 3157/1/3 3166/1/3
f 3168/1/3 3157/1/3 3167/1/3
f 3170/4/3 3161/4/3 3160/4/3
f 3170/4/3 3162/4/3 3161/4/3
f 3170/4/3 3160/4/3 3159/4/3
f 3171/4/3 3162/4/3 3170/4/3
f 3173/1/3 3144/1/3 3164/1/3
f 3174/1/3 3144/1/3 3173/1/3
f 3175/1/3 3167/1/3 3166/1/3
f 3175/3/3 3166/3/3 3165/3/3
f 3176/1/3 3167/1/3 3175/1/3
f 3178/4/3 3172/4/3 3171/4/3
f 3178/4/3 3171/4/3 3170/4/3
f 3178/4/3 3170/4/3 3169/4/3
f 3179/4/3 3172/4/3 3178/4/3
f 3180/4/3 3172/4/3 3179/4/3
f 3181/4/3 3172/4/3 3180/4/3
f 3183/1/3 3144/1/3 3174/1/3
f 3184/1/3 3144/1/3 3183/1/3
f 3185/3/3 3068/3/3 3144/3/3
f 3185/1/3 3144/1/3 3184/1/3
f 3186/3/3 3175/3/3 3165/3/3
f 3186/3/3 3165/3/3 3061/3/3
f 3187/3/3 3175/3/3 3186/3/3
f 3189/1/3 3178/1/3 3177/1/3
f 3189/1/3 3179/1/3 3178/1/3
f 3190/1/3 3179/1/3 3189/1/3
f 3191/4/3 3180/4/3 3179/4/3
f 3191/1/3 3179/1/3 3190/1/3
f 3192/1/3 3182/1/3 3181/1/3
f 3192/4/3 3180/4/3 3191/4/3
f 3192/1/3 3181/1/3 3180/1/3
f 3193/1/3 3182/1/3 3192/1/3
f 3194/1/3 3182/1/3 3193/1/3
f 3196/3/3 3185/3/3 3184/3/3
f 3197/3/3 3068/3/3 3185/3/3
f 3197/3/3 3185/3/3 3196/3/3
f 3198/3/3 3186/3/3 3061/3/3
f 3199/3/3 3186/3/3 3198/3/3
f 3201/3/3 3189/3/3 3188/3/3
f 3201/3/3 3190/3/3 3189/3/3
f 3202/1/3 3191/1/3 3190/1/3
f 3202/1/3 3192/1/3 3191/1/3
f 3202/3/3 3190/3/3 3201/3/3
f 3202/1/3 3193/1/3 3192/1/3
f 3203/1/3 3193/1/3 3202/1/3
f 3204/1/3 3193/1/3 3203/1/3
f 3205/3/3 3195/3/3 3194/3/3
f 3205/1/3 3193/1/3 3204/1/3
f 3205/3/3 3194/3/3 3193/3/3
f 3206/3/3 3195/3/3 3205/3/3
f 3208/3/3 3068/3/3 3197/3/3
f 3209/3/3 3068/3/3 3208/3/3
f 3211/3/3 3201/3/3 3200/3/3
f 3211/3/3 3203/3/3 3202/3/3
f 3211/3/3 3202/3/3 3201/3/3
f 3212/1/3 3204/1/3 3203/1/3
f 3212/3/3 3203/3/3 3211/3/3
f 3213/3/3 3207/3/3 3206/3/3
f 3213/1/3 3204/1/3 3212/1/3
f 3213/3/3 3206/3/3 3205/3/3
f 3213/3/3 3205/3/3 3204/3/3
f 3214/3/3 3207/3/3 3213/3/3
f 3216/3/3 3211/3/3 3210/3/3
f 3216/3/3 3215/3/3 3214/3/3
f 3216/3/3 3214/3/3 3213/3/3
f 3216/3/3 3213/3/3 3212/3/3
f 3216/3/3 3212/3/3 3211/3/3
f 3217/3/3 3215/3/3 3216/3/3
f 3222/2/3 3219/2/3 3218/2/3
f 3223/2/3 3219/2/3 3222/2/3
f 3224/5/3 3221/5/3 3220/5/3
f 3225/5/3 3221/5/3 3224/5/3
f 3230/2/3 3227/2/3 3226/2/3
f 3231/2/3 3227/2/3 3230/2/3
f 3232/5/3 3229/5/3 3228/5/3
f 3233/5/3 3229/5/3 3232/5/3
f 3238/2/3 3235/2/3 3234/2/3
f 3239/2/3 3235/2/3 3238/2/3
f 3240/5/3 3237/5/3 3236/5/3
f 3241/5/3 3237/5/3 3240/5/3
f 3244/5/3 3243/5/3 3242/5/3
f 3245/5/3 3243/5/3 3244/5/3
f 3248/5/3 3247/5/3 3246/5/3
f 3249/5/3 3247/5/3 3248/5/3
f 3254/2/3 3251/2/3 3250/2/3
f 3255/2/3 3251/2/3 3254/2/3
f 3256/5/3 3253/5/3 3252/5/3
f 3257/5/3 3253/5/3 3256/5/3
f 3262/2/3 3259/2/3 3258/2/3
f 3263/2/3 3259/2/3 3262/2/3
f 3264/5/3 3261/5/3 3260/5/3
f 3265/5/3 3261/5/3 3264/5/3
f 3268/5/3 3267/5/3 3266/5/3
f 3269/5/3 3267/5/3 3268/5/3
f 3272/5/3 3271/5/3 3270/5/3
f 3273/5/3 3271/5/3 3272/5/3
f 3278/2/3 3275/2/3 3274/2/3
f 3279/2/3 3275/2/3 3278/2/3
f 3280/5/3 3277/5/3 3276/5/3
f 3281/5/3 3277/5/3 3280/5/3
f 3286/2/3 3283/2/3 3282/2/3
f 3287/2/3 3283/2/3 3286/2/3
f 3288/5/3 3285/5/3 3284/5/3
f 3289/5/3 3285/5/3 3288/5/3
f 3292/5/3 3291/5/3 3290/5/3
f 3293/5/3 3291/5/3 3292/5/3
f 3296/5/3 3295/5/3 3294/5/3
f 3297/5/3 3295/5/3 3296/5/3
f 3302/2/3 3299/2/3 3298/2/3
f 3303/2/3 3299/2/3 3302/2/3
f 3304/5/3 3301/5/3 3300/5/3
f 3305/5/3 3301/5/3 3304/5/3
f 3310/2/3 3307/2/3 3306/2/3
f 3311/2/3 3307/2/3 3310/2/3
f 3312/5/3 3309/5/3 3308/5/3
f 3313/5/3 3309/5/3 3312/5/3
f 3316/5/3 3315/5/3 3314/5/3
f 3317/5/3 3315/5/3 3316/5/3
f 3320/5/3 3319/5/3 3318/5/3
f 3321/5/3 3319/5/3 3320/5/3
f 3326/2/3 3323/2/3 3322/2/3
f 3327/2/3 3323/2/3 3326/2/3
f 3328/5/3 3325/5/3 3324/5/3
f 3329/5/3 3325/5/3 3328/5/3
f 3334/2/3 3331/2/3 3330/2/3
f 3335/2/3 3331/2/3 3334/2/3
f 3336/5/3 3333/5/3 3332/5/3
f 3337/5/3 3333/5/3 3336/5/3
f 3340/5/3 3339/5/3 3338/5/3
f 3341/5/3 3339/5/3 3340/5/3
f 3344/5/3 3343/5/3 3342/5/3
f 3345/5/3 3343/5/3 3344/5/3
f 3350/2/3 3347/2/3 3346/2/3
f 3351/2/3 3347/2/3 3350/2/3
f 3352/5/3 3349/5/3 3348/5/3
f 3353/5/3 3349/5/3 3352/5/3
f 3358/2/3 3355/2/3 3354/2/3
f 3359/2/3 3355/2/3 3358/2/3
f 3360/5/3 3357/5/3 3356/5/3
f 3361/5/3 3357/5/3 3360/5/3
f 3364/5/3 3363/5/3 3362/5/3
f 3365/5/3 3363/5/3 3364/5/3
f 3368/5/3 3367/5/3 3366/5/3
f 3369/5/3 3367/5/3 3368/5/3
f 3374/2/3 3371/2/3 3370/2/3
f 3375/2/3 3371/2/3 3374/2/3
f 3376/5/3 3373/5/3 3372/5/3
f 3377/5/3 3373/5/3 3376/5/3
f 3382/2/3 3379/2/3 3378/2/3
f 3383/2/3 3379/2/3 3382/2/3
f 3384/5/3 3381/5/3 3380/5/3
f 3385/5/3 3381/5/3 3384/5/3
f 3388/5/3 3387/5/3 3386/5/3
f 3389/5/3 3387/5/3 3388/5/3
f 3392/5/3 3391/5/3 3390/5/3
f 3393/5/3 3391/5/3 3392/5/3
f 3398/2/3 3395/2/3 3394/2/3
f 3399/2/3 3395/2/3 3398/2/3
f 3400/5/3 3397/5/3 3396/5/3
f 3401/5/3 3397/5/3 3400/5/3
f 3406/2/3 3403/2/3 3402/2/3
f 3407/2/3 3403/2/3 3406/2/3
f 3408/5/3 3405/5/3 3404/5/3
f 3409/5/3 3405/5/3 3408/5/3
f 3412/5/3 3411/5/3 3410/5/3
f 3413/5/3 3411/5/3 3412/5/3
f 3416/5/3 3415/5/3 3414/5/3
f 3417/5/3 3415/5/3 3416/5/3
f 3422/2/3 3419/2/3 3418/2/3
f 3423/2/3 3419/2/3 3422/2/3
f 3424/5/3 3421/5/3 3420/5/3
f 3425/5/3 3421/5/3 3424/5/3
f 3430/2/3 3427/2/3 3426/2/3
f 3431/2/3 3427/2/3 3430/2/3
f 3432/5/3 3429/5/3 3428/5/3
f 3433/5/3 3429/5/3 3432/5/3
f 3436/5/3 3435/5/3 3434/5/3
f 3437/5/3 3435/5/3 3436/5/3
f 3440/5/3 3439/5/3 3438/5/3
f 3441/5/3 3439/5/3 3440/5/3
f 3446/2/3 3443/2/3 3442/2/3
f 3447/2/3 3443/2/3 3446/2/3
f 3448/5/3 3445/5/3 3444/5/3
f 3449/5/3 3445/5/3 3448/5/3
f 3454/2/3 3451/2/3 3450/2/3
f 3455/2/3 3451/2/3 3454/2/3
f 3456/5/3 3453/5/3 3452/5/3
f 3457/5/3 3453/5/3 3456/5/3
f 3460/5/3 3459/5/3 3458/5/3
f 3461/5/3 3459/5/3 3460/5/3
f 3464/5/3 3463/5/3 3462/5/3
f 3465/5/3 3463/5/3 3464/5/3
f 3470/2/3 3467/2/3 3466/2/3
f 3471/2/3 3467/2/3 3470/2/3
f 3472/5/3 3469/5/3 3468/5/3
f 3473/5/3 3469/5/3 3472/5/3
f 3476/5/3 3475/5/3 3474/5/3
f 3477/5/3 3475/5/3 3476/5/3
f 3480/5/3 3479/5/3 3478/5/3
f 3481/5/3 3479/5/3 3480/5/3
f 3484/5/3 3483/5/3 3482/5/3
f 3485/5/3 3483/5/3 3484/5/3
f 3488/5/3 3487/5/3 3486/5/3
f 3489/5/3 3487/5/3 3488/5/3
f 3492/5/3 3491/5/3 3490/5/3
f 3493/5/3 3491/5/3 3492/5/3
f 3496/5/3 3495/5/3 3494/5/3
f 3497/5/3 3495/5/3 3496/5/3
f 3500/5/3 3499/5/3 3498/5/3
f 3501/5/3 3499/5/3 3500/5/3
f 3504/5/3 3503/5/3 3502/5/3
f 3505/5/3 3503/5/3 3504/5/3
f 3508/5/3 3507/5/3 3506/5/3
f 3509/5/3 3507/5/3 3508/5/3
f 3512/5/3 3511/5/3 3510/5/3
f 3513/5/3 3511/5/3 3512/5/3
f 3518/5/3 3515/5/3 3514/5/3
f 3519/5/3 3515/5/3 3518/5/3
f 3520/2/3 3517/2/3 3516/2/3
f 3521/2/3 3517/2/3 3520/2/3
f 3524/5/3 3523/5/3 3522/5/3
f 3525/5/3 3523/5/3 3524/5/3
f 3530/5/3 3527/5/3 3526/5/3
f 3531/5/3 3527/5/3 3530/5/3
f 3532/2/3 3529/2/3 3528/2/3
f 3533/2/3 3529/2/3 3532/2/3
f 3538/2/3 3535/2/3 3534/2/3
f 3539/2/3 3535/2/3 3538/2/3
f 3540/2/3 3535/2/3 3539/2/3
f 3541/2/3 3535/2/3 3540/2/3
f 3542/2/3 3537/2/3 3536/2/3
f 3543/2/3 3537/2/3 3542/2/3
f 3544/2/3 3537/2/3 3543/2/3
f 3545/2/3 3537/2/3 3544/2/3
f 3554/2/3 3547/2/3 3546/2/3
f 3554/2/3 3548/2/3 3547/2/3
f 3554/2/3 3549/2/3 3548/2/3
f 3555/2/3 3549/2/3 3554/2/3
f 3556/2/3 3553/2/3 3552/2/3
f 3556/2/3 3552/2/3 3551/2/3
f 3556/2/3 3551/2/3 3550/2/3
f 3557/2/3 3553/2/3 3556/2/3
f 3560/2/3 3559/2/3 3558/2/3
f 3561/2/3 3559/2/3 3560/2/3
f 3564/2/3 3563/2/3 3562/2/3
f 3565/2/3 3563/2/3 3564/2/3
f 3568/2/3 3567/2/3 3566/2/3
f 3569/2/3 3567/2/3 3568/2/3
f 3572/2/3 3571/2/3 3570/2/3
f 3573/2/3 3571/2/3 3572/2/3
f 3576/2/3 3575/2/3 3574/2/3
f 3577/2/3 3575/2/3 3576/2/3
f 3580/2/3 3579/2/3 3578/2/3
f 3581/2/3 3579/2/3 3580/2/3
f 3586/5/3 3583/5/3 3582/5/3
f 3587/5/3 3583/5/3 3586/5/3
f 3588/2/3 3585/2/3 3584/2/3
f 3589/2/3 3585/2/3 3588/2/3
f 3592/2/3 3591/2/3 3590/2/3
f 3593/2/3 3591/2/3 3592/2/3
f 3596/2/3 3595/2/3 3594/2/3
f 3597/2/3 3595/2/3 3596/2/3
f 3602/5/3 3599/5/3 3598/5/3
f 3603/5/3 3599/5/3 3602/5/3
f 3604/2/3 3601/2/3 3600/2/3
f 3605/2/3 3601/2/3 3604/2/3
f 3610/5/3 3607/5/3 3606/5/3
f 3611/5/3 3607/5/3 3610/5/3
f 3612/2/3 3609/2/3 3608/2/3
f 3613/2/3 3609/2/3 3612/2/3
f 3616/2/3 3615/2/3 3614/2/3
f 3617/2/3 3615/2/3 3616/2/3
f 3620/2/3 3619/2/3 3618/2/3
f 3621/2/3 3619/2/3 3620/2/3
f 3626/5/3 3623/5/3 3622/5/3
f 3627/5/3 3623/5/3 3626/5/3
f 3628/2/3 3625/2/3 3624/2/3
f 3629/2/3 3625/2/3 3628/2/3
f 3634/5/3 3631/5/3 3630/5/3
f 3635/5/3 3631/5/3 3634/5/3
f 3636/2/3 3633/2/3 3632/2/3
f 3637/2/3 3633/2/3 3636/2/3
f 3640/2/3 3639/2/3 3638/2/3
f 3641/2/3 3639/2/3 3640/2/3
f 3644/2/3 3643/2/3 3642/2/3
f 3645/2/3 3643/2/3 3644/2/3
f 3650/5/3 3647/5/3 3646/5/3
f 3651/5/3 3647/5/3 3650/5/3
f 3652/2/3 3649/2/3 3648/2/3
f 3653/2/3 3649/2/3 3652/2/3
f 3658/5/3 3655/5/3 3654/5/3
f 3659/5/3 3655/5/3 3658/5/3
f 3660/2/3 3657/2/3 3656/2/3
f 3661/2/3 3657/2/3 3660/2/3
f 3664/2/3 3663/2/3 3662/2/3
f 3665/2/3 3663/2/3 3664/2/3
f 3668/2/3 3667/2/3 3666/2/3
f 3669/2/3 3667/2/3 3668/2/3
f 3674/5/3 3671/5/3 3670/5/3
f 3675/5/3 3671/5/3 3674/5/3
f 3676/2/3 3673/2/3 3672/2/3
f 3677/2/3 3673/2/3 3676/2/3
f 3682/5/3 3679/5/3 3678/5/3
f 3683/5/3 3679/5/3 3682/5/3
f 3684/2/3 3681/2/3 3680/2/3
f 3685/2/3 3681/2/3 3684/2/3
f 3688/2/3 3687/2/3 3686/2/3
f 3689/2/3 3687/2/3 3688/2/3
f 3692/2/3 3691/2/3 3690/2/3
f 3693/2/3 3691/2/3 3692/2/3
f 3698/5/3 3695/5/3 3694/5/3
f 3699/5/3 3695/5/3 3698/5/3
f 3700/2/3 3697/2/3 3696/2/3
f 3701/2/3 3697/2/3 3700/2/3
f 3706/5/3 3703/5/3 3702/5/3
f 3707/5/3 3703/5/3 3706/5/3
f 3708/2/3 3705/2/3 3704/2/3
f 3709/2/3 3705/2/3 3708/2/3
f 3712/2/3 3711/2/3 3710/2/3
f 3713/2/3 3711/2/3 3712/2/3
f 3716/2/3 3715/2/3 3714/2/3
f 3717/2/3 3715/2/3 3716/2/3
f 3722/5/3 3719/5/3 3718/5/3
f 3723/5/3 3719/5/3 3722/5/3
f 3724/2/3 3721/2/3 3720/2/3
f 3725/2/3 3721/2/3 3724/2/3
f 3730/5/3 3727/5/3 3726/5/3
f 3731/5/3 3727/5/3 3730/5/3
f 3732/2/3 3729/2/3 3728/2/3
f 3733/2/3 3729/2/3 3732/2/3
f 3736/2/3 3735/2/3 3734/2/3
f 3737/2/3 3735/2/3 3736/2/3
f 3740/2/3 3739/2/3 3738/2/3
f 3741/2/3 3739/2/3 3740/2/3
f 3746/5/3 3743/5/3 3742/5/3
f 3747/5/3 3743/5/3 3746/5/3
f 3748/2/3 3745/2/3 3744/2/3
f 3749/2/3 3745/2/3 3748/2/3
f 3754/5/3 3751/5/3 3750/5/3
f 3755/5/3 3751/5/3 3754/5/3
f 3756/2/3 3753/2/3 3752/2/3
f 3757/2/3 3753/2/3 3756/2/3
f 3760/2/3 3759/2/3 3758/2/3
f 3761/2/3 3759/2/3 3760/2/3
f 3764/2/3 3763/2/3 3762/2/3
f 3765/2/3 3763/2/3 3764/2/3
f 3770/5/3 3767/5/3 3766/5/3
f 3771/5/3 3767/5/3 3770/5/3
f 3772/2/3 3769/2/3 3768/2/3
f 3773/2/3 3769/2/3 3772/2/3
f 3778/5/3 3775/5/3 3774/5/3
f 3779/5/3 3775/5/3 3778/5/3
f 3780/2/3 3777/2/3 3776/2/3
f 3781/2/3 3777/2/3 3780/2/3
f 3784/2/3 3783/2/3 3782/2/3
f 3785/2/3 3783/2/3 3784/2/3
f 3788/2/3 3787/2/3 3786/2/3
f 3789/2/3 3787/2/3 3788/2/3
f 3794/5/3 3791/5/3 3790/5/3
f 3795/5/3 3791/5/3 3794/5/3
f 3796/2/3 3793/2/3 3792/2/3
f 3797/2/3 3793/2/3 3796/2/3
f 3802/5/3 3799/5/3 3798/5/3
f 3803/5/3 3799/5/3 3802/5/3
f 3804/2/3 3801/2/3 3800/2/3
f 3805/2/3 3801/2/3 3804/2/3
f 3808/2/3 3807/2/3 3806/2/3
f 3809/2/3 3807/2/3 3808/2/3
f 3812/2/3 3811/2/3 3810/2/3
f 3813/2/3 3811/2/3 3812/2/3
f 3818/5/3 3815/5/3 3814/5/3
f 3819/5/3 3815/5/3 3818/5/3
f 3820/2/3 3817/2/3 3816/2/3
f 3821/2/3 3817/2/3 3820/2/3
f 3826/5/3 3823/5/3 3822/5/3
f 3827/5/3 3823/5/3 3826/5/3
f 3828/2/3 3825/2/3 3824/2/3
f 3829/2/3 3825/2/3 3828/2/3
f 3832/2/3 3831/2/3 3830/2/3
f 3833/2/3 3831/2/3 3832/2/3
f 3836/2/3 3835/2/3 3834/2/3
f 3837/2/3 3835/2/3 3836/2/3
f 3842/5/3 3839/5/3 3838/5/3
f 3843/5/3 3839/5/3 3842/5/3
f 3844/2/3 3841/2/3 3840/2/3
f 3845/2/3 3841/2/3 3844/2/3
f 3850/5/3 3847/5/3 3846/5/3
f 3851/5/3 3847/5/3 3850/5/3
f 3852/2/3 3849/2/3 3848/2/3
f 3853/2/3 3849/2/3 3852/2/3
f 3856/2/3 3855/2/3 3854/2/3
f 3857/2/3 3855/2/3 3856/2/3
f 3860/2/3 3859/2/3 3858/2/3
f 3861/2/3 3859/2/3 3860/2/3
f 3866/5/3 3863/5/3 3862/5/3
f 3867/5/3 3863/5/3 3866/5/3
f 3868/2/3 3865/2/3 3864/2/3
f 3869/2/3 3865/2/3 3868/2/3
f 3874/5/3 3871/5/3 3870/5/3
f 3875/5/3 3871/5/3 3874/5/3
f 3876/2/3 3873/2/3 3872/2/3
f 3877/2/3 3873/2/3 3876/2/3
f 3880/3/3 3879/3/3 3878/3/3
f 3881/3/3 3879/3/3 3880/3/3
f 3886/5/3 3883/5/3 3882/5/3
f 3887/5/3 3883/5/3 3886/5/3
f 3888/2/3 3885/2/3 3884/2/3
f 3889/2/3 3885/2/3 3888/2/3
f 3892/5/3 3891/5/3 3890/5/3
f 3893/5/3 3891/5/3 3892/5/3
f 3896/5/3 3895/5/3 3894/5/3
f 3897/5/3 3895/5/3 3896/5/3
f 3900/5/3 3899/5/3 3898/5/3
f 3901/5/3 3899/5/3 3900/5/3
f 3902/5/4 3903/5/4 3904/5/4
f 3904/5/4 3903/5/4 3905/5/4
f 3906/5/4 3907/5/4 3908/5/4
f 3908/5/4 3907/5/4 3909/5/4
f 3910/5/4 3911/5/4 3912/5/4
f 3912/5/4 3911/5/4 3913/5/4
f 3914/5/4 3915/5/4 3918/5/4
f 3918/5/4 3915/5/4 3919/5/4
f 3916/2/4 3917/2/4 3920/2/4
f 3920/2/4 3917/2/4 3921/2/4
f 3922/3/4 3923/3/4 3924/3/4
f 3924/3/4 3923/3/4 3925/3/4
f 3926/5/4 3927/5/4 3930/5/4
f 3930/5/4 3927/5/4 3931/5/4
f 3928/2/4 3929/2/4 3932/2/4
f 3932/2/4 3929/2/4 3933/2/4
f 3934/5/4 3935/5/4 3938/5/4
f 3938/5/4 3935/5/4 3939/5/4
f 3936/2/4 3937/2/4 3940/2/4
f 3940/2/4 3937/2/4 3941/2/4
f 3942/2/4 3943/2/4 3944/2/4
f 3944/2/4 3943/2/4 3945/2/4
f 3946/2/4 3947/2/4 3948/2/4
f 3948/2/4 3947/2/4 3949/2/4
f 3950/5/4 3951/5/4 3954/5/4
f 3954/5/4 3951/5/4 3955/5/4
f 3952/2/4 3953/2/4 3956/2/4
f 3956/2/4 3953/2/4 3957/2/4
f 3958/5/4 3959/5/4 3962/5/4
f 3962/5/4 3959/5/4 3963/5/4
f 3960/2/4 3961/2/4 3964/2/4
f 3964/2/4 3961/2/4 3965/2/4
f 3966/2/4 3967/2/4 3968/2/4
f 3968/2/4 3967/2/4 3969/2/4
f 3970/2/4 3971/2/4 3972/2/4
f 3972/2/4 3971/2/4 3973/2/4
f 3974/5/4 3975/5/4 3978/5/4
f 3978/5/4 3975/5/4 3979/5/4
f 3976/2/4 3977/2/4 3980/2/4
f 3980/2/4 3977/2/4 3981/2/4
f 3982/5/4 3983/5/4 3986/5/4
f 3986/5/4 3983/5/4 3987/5/4
f 3984/2/4 3985/2/4 3988/2/4
f 3988/2/4 3985/2/4 3989/2/4
f 3990/2/4 3991/2/4 3992/2/4
f 3992/2/4 3991/2/4 3993/2/4
f 3994/2/4 3995/2/4 3996/2/4
f 3996/2/4 3995/2/4 3997/2/4
f 3998/5/4 3999/5/4 4002/5/4
f 4002/5/4 3999/5/4 4003/5/4
f 4000/2/4 4001/2/4 4004/2/4
f 4004/2/4 4001/2/4 4005/2/4
f 4006/5/4 4007/5/4 4010/5/4
f 4010/5/4 4007/5/4 4011/5/4
f 4008/2/4 4009/2/4 4012/2/4
f 4012/2/4 4009/2/4 4013/2/4
f 4014/2/4 4015/2/4 4016/2/4
f 4016/2/4 4015/2/4 4017/2/4
f 4018/2/4 4019/2/4 4020/2/4
f 4020/2/4 4019/2/4 4021/2/4
f 4022/5/4 4023/5/4 4026/5/4
f 4026/5/4 4023/5/4 4027/5/4
f 4024/2/4 4025/2/4 4028/2/4
f 4028/2/4 4025/2/4 4029/2/4
f 4030/5/4 4031/5/4 4034/5/4
f 4034/5/4 4031/5/4 4035/5/4
f 4032/2/4 4033/2/4 4036/2/4
f 4036/2/4 4033/2/4 4037/2/4
f 4038/2/4 4039/2/4 4040/2/4
f 4040/2/4 4039/2/4 4041/2/4
f 4042/2/4 4043/2/4 4044/2/4
f 4044/2/4 4043/2/4 4045/2/4
f 4046/5/4 4047/5/4 4050/5/4
f 4050/5/4 4047/5/4 4051/5/4
f 4048/2/4 4049/2/4 4052/2/4
f 4052/2/4 4049/2/4 4053/2/4
f 4054/5/4 4055/5/4 4058/5/4
f 4058/5/4 4055/5/4 4059/5/4
f 4056/2/4 4057/2/4 4060/2/4
f 4060/2/4 4057/2/4 4061/2/4
f 4062/2/4 4063/2/4 4064/2/4
f 4064/2/4 4063/2/4 4065/2/4
f 4066/2/4 4067/2/4 4068/2/4
f 4068/2/4 4067/2/4 4069/2/4
f 4070/5/4 4071/5/4 4074/5/4
f 4074/5/4 4071/5/4 4075/5/4
f 4072/2/4 4073/2/4 4076/2/4
f 4076/2/4 4073/2/4 4077/2/4
f 4078/5/4 4079/5/4 4082/5/4
f 4082/5/4 4079/5/4 4083/5/4
f 4080/2/4 4081/2/4 4084/2/4
f 4084/2/4 4081/2/4 4085/2/4
f 4086/2/4 4087/2/4 4088/2/4
f 4088/2/4 4087/2/4 4089/2/4
f 4090/2/4 4091/2/4 4092/2/4
f 4092/2/4 4091/2/4 4093/2/4
f 4094/5/4 4095/5/4 4098/5/4
f 4098/5/4 4095/5/4 4099/5/4
f 4096/2/4 4097/2/4 4100/2/4
f 4100/2/4 4097/2/4 4101/2/4
f 4102/5/4 4103/5/4 4106/5/4
f 4106/5/4 4103/5/4 4107/5/4
f 4104/2/4 4105/2/4 4108/2/4
f 4108/2/4 4105/2/4 4109/2/4
f 4110/2/4 4111/2/4 4112/2/4
f 4112/2/4 4111/2/4 4113/2/4
f 4114/2/4 4115/2/4 4116/2/4
f 4116/2/4 4115/2/4 4117/2/4
f 4118/5/4 4119/5/4 4122/5/4
f 4122/5/4 4119/5/4 4123/5/4
f 4120/2/4 4121/2/4 4124/2/4
f 4124/2/4 4121/2/4 4125/2/4
f 4126/5/4 4127/5/4 4130/5/4
f 4130/5/4 4127/5/4 4131/5/4
f 4128/2/4 4129/2/4 4132/2/4
f 4132/2/4 4129/2/4 4133/2/4
f 4134/2/4 4135/2/4 4136/2/4
f 4136/2/4 4135/2/4 4137/2/4
f 4138/2/4 4139/2/4 4140/2/4
f 4140/2/4 4139/2/4 4141/2/4
f 4142/5/4 4143/5/4 4146/5/4
f 4146/5/4 4143/5/4 4147/5/4
f 4144/2/4 4145/2/4 4148/2/4
f 4148/2/4 4145/2/4 4149/2/4
f 4150/5/4 4151/5/4 4154/5/4
f 4154/5/4 4151/5/4 4155/5/4
f 4152/2/4 4153/2/4 4156/2/4
f 4156/2/4 4153/2/4 4157/2/4
f 4158/2/4 4159/2/4 4160/2/4
f 4160/2/4 4159/2/4 4161/2/4
f 4162/2/4 4163/2/4 4164/2/4
f 4164/2/4 4163/2/4 4165/2/4
f 4166/5/4 4167/5/4 4170/5/4
f 4170/5/4 4167/5/4 4171/5/4
f 4168/2/4 4169/2/4 4172/2/4
f 4172/2/4 4169/2/4 4173/2/4
f 4174/5/4 4175/5/4 4178/5/4
f 4178/5/4 4175/5/4 4179/5/4
f 4176/2/4 4177/2/4 4180/2/4
f 4180/2/4 4177/2/4 4181/2/4
f 4182/2/4 4183/2/4 4184/2/4
f 4184/2/4 4183/2/4 4185/2/4
f 4186/2/4 4187/2/4 4188/2/4
f 4188/2/4 4187/2/4 4189/2/4
f 4190/5/4 4191/5/4 4194/5/4
f 4194/5/4 4191/5/4 4195/5/4
f 4192/2/4 4193/2/4 4196/2/4
f 4196/2/4 4193/2/4 4197/2/4
f 4198/5/4 4199/5/4 4202/5/4
f 4202/5/4 4199/5/4 4203/5/4
f 4200/2/4 4201/2/4 4204/2/4
f 4204/2/4 4201/2/4 4205/2/4
f 4206/2/4 4207/2/4 4208/2/4
f 4208/2/4 4207/2/4 4209/2/4
f 4210/2/4 4211/2/4 4212/2/4
f 4212/2/4 4211/2/4 4213/2/4
f 4214/5/4 4215/5/4 4218/5/4
f 4218/5/4 4215/5/4 4219/5/4
f 4216/2/4 4217/2/4 4220/2/4
f 4220/2/4 4217/2/4 4221/2/4
f 4222/2/4 4223/2/4 4224/2/4
f 4224/2/4 4223/2/4 4225/2/4
f 4226/2/4 4227/2/4 4228/2/4
f 4228/2/4 4227/2/4 4229/2/4
f 4230/2/4 4231/2/4 4232/2/4
f 4232/2/4 4231/2/4 4233/2/4
f 4234/2/4 4235/2/4 4236/2/4
f 4236/2/4 4235/2/4 4237/2/4
f 4238/2/4 4239/2/4 4240/2/4
f 4240/2/4 4239/2/4 4241/2/4
f 4242/2/4 4243/2/4 4244/2/4
f 4244/2/4 4243/2/4 4245/2/4
f 4246/2/4 4247/2/4 4250/2/4
f 4250/2/4 4247/2/4 4251/2/4
f 4251/2/4 4247/2/4 4252/2/4
f 4252/2/4 4247/2/4 4253/2/4
f 4248/2/4 4249/2/4 4254/2/4
f 4254/2/4 4249/2/4 4255/2/4
f 4255/2/4 4249/2/4 4256/2/4
f 4256/2/4 4249/2/4 4257/2/4
f 4258/2/4 4259/2/4 4266/2/4
f 4259/2/4 4260/2/4 4266/2/4
f 4260/2/4 4261/2/4 4266/2/4
f 4266/2/4 4261/2/4 4267/2/4
f 4264/2/4 4265/2/4 4268/2/4
f 4263/2/4 4264/2/4 4268/2/4
f 4262/2/4 4263/2/4 4268/2/4
f 4268/2/4 4265/2/4 4269/2/4
f 4270/5/4 4271/5/4 4274/5/4
f 4274/5/4 4271/5/4 4275/5/4
f 4272/2/4 4273/2/4 4276/2/4
f 4276/2/4 4273/2/4 4277/2/4
f 4278/5/4 4279/5/4 4280/5/4
f 4280/5/4 4279/5/4 4281/5/4
f 4282/5/4 4283/5/4 4286/5/4
f 4286/5/4 4283/5/4 4287/5/4
f 4284/2/4 4285/2/4 4288/2/4
f 4288/2/4 4285/2/4 4289/2/4
f 4290/5/4 4291/5/4 4292/5/4
f 4292/5/4 4291/5/4 4293/5/4
f 4294/5/4 4295/5/4 4296/5/4
f 4296/5/4 4295/5/4 4297/5/4
f 4298/5/4 4299/5/4 4300/5/4
f 4300/5/4 4299/5/4 4301/5/4
f 4302/5/4 4303/5/4 4304/5/4
f 4304/5/4 4303/5/4 4305/5/4
f 4306/5/4 4307/5/4 4308/5/4
f 4308/5/4 4307/5/4 4309/5/4
f 4310/5/4 4311/5/4 4312/5/4
f 4312/5/4 4311/5/4 4313/5/4
f 4314/5/4 4315/5/4 4316/5/4
f 4316/5/4 4315/5/4 4317/5/4
f 4318/5/4 4319/5/4 4320/5/4
f 4320/5/4 4319/5/4 4321/5/4
f 4322/5/4 4323/5/4 4324/5/4
f 4324/5/4 4323/5/4 4325/5/4
f 4326/5/4 4327/5/4 4328/5/4
f 4328/5/4 4327/5/4 4329/5/4
f 4330/2/4 4331/2/4 4334/2/4
f 4334/2/4 4331/2/4 4335/2/4
f 4332/5/4 4333/5/4 4336/5/4
f 4336/5/4 4333/5/4 4337/5/4
f 4338/5/4 4339/5/4 4340/5/4
f 4340/5/4 4339/5/4 4341/5/4
f 4342/5/4 4343/5/4 4344/5/4
f 4344/5/4 4343/5/4 4345/5/4
f 4346/2/4 4347/2/4 4350/2/4
f 4350/2/4 4347/2/4 4351/2/4
f 4348/5/4 4349/5/4 4352/5/4
f 4352/5/4 4349/5/4 4353/5/4
f 4354/2/4 4355/2/4 4358/2/4
f 4358/2/4 4355/2/4 4359/2/4
f 4356/5/4 4357/5/4 4360/5/4
f 4360/5/4 4357/5/4 4361/5/4
f 4362/5/4 4363/5/4 4364/5/4
f 4364/5/4 4363/5/4 4365/5/4
f 4366/5/4 4367/5/4 4368/5/4
f 4368/5/4 4367/5/4 4369/5/4
f 4370/2/4 4371/2/4 4374/2/4
f 4374/2/4 4371/2/4 4375/2/4
f 4372/5/4 4373/5/4 4376/5/4
f 4376/5/4 4373/5/4 4377/5/4
f 4378/2/4 4379/2/4 4382/2/4
f 4382/2/4 4379/2/4 4383/2/4
f 4380/5/4 4381/5/4 4384/5/4
f 4384/5/4 4381/5/4 4385/5/4
f 4386/5/4 4387/5/4 4388/5/4
f 4388/5/4 4387/5/4 4389/5/4
f 4390/5/4 4391/5/4 4392/5/4
f 4392/5/4 4391/5/4 4393/5/4
f 4394/2/4 4395/2/4 4398/2/4
f 4398/2/4 4395/2/4 4399/2/4
f 4396/5/4 4397/5/4 4400/5/4
f 4400/5/4 4397/5/4 4401/5/4
f 4402/2/4 4403/2/4 4406/2/4
f 4406/2/4 4403/2/4 4407/2/4
f 4404/5/4 4405/5/4 4408/5/4
f 4408/5/4 4405/5/4 4409/5/4
f 4410/5/4 4411/5/4 4412/5/4
f 4412/5/4 4411/5/4 4413/5/4
f 4414/5/4 4415/5/4 4416/5/4
f 4416/5/4 4415/5/4 4417/5/4
f 4418/2/4 4419/2/4 4422/2/4
f 4422/2/4 4419/2/4 4423/2/4
f 4420/5/4 4421/5/4 4424/5/4
f 4424/5/4 4421/5/4 4425/5/4
f 4426/2/4 4427/2/4 4430/2/4
f 4430/2/4 4427/2/4 4431/2/4
f 4428/5/4 4429/5/4 4432/5/4
f 4432/5/4 4429/5/4 4433/5/4
f 4434/5/4 4435/5/4 4436/5/4
f 4436/5/4 4435/5/4 4437/5/4
f 4438/5/4 4439/5/4 4440/5/4
f 4440/5/4 4439/5/4 4441/5/4
f 4442/2/4 4443/2/4 4446/2/4
f 4446/2/4 4443/2/4 4447/2/4
f 4444/5/4 4445/5/4 4448/5/4
f 4448/5/4 4445/5/4 4449/5/4
f 4450/2/4 4451/2/4 4454/2/4
f 4454/2/4 4451/2/4 4455/2/4
f 4452/5/4 4453/5/4 4456/5/4
f 4456/5/4 4453/5/4 4457/5/4
f 4458/5/4 4459/5/4 4460/5/4
f 4460/5/4 4459/5/4 4461/5/4
f 4462/5/4 4463/5/4 4464/5/4
f 4464/5/4 4463/5/4 4465/5/4
f 4466/2/4 4467/2/4 4470/2/4
f 4470/2/4 4467/2/4 4471/2/4
f 4468/5/4 4469/5/4 4472/5/4
f 4472/5/4 4469/5/4 4473/5/4
f 4474/2/4 4475/2/4 4478/2/4
f 4478/2/4 4475/2/4 4479/2/4
f 4476/5/4 4477/5/4 4480/5/4
f 4480/5/4 4477/5/4 4481/5/4
f 4482/5/4 4483/5/4 4484/5/4
f 4484/5/4 4483/5/4 4485/5/4
f 4486/5/4 4487/5/4 4488/5/4
f 4488/5/4 4487/5/4 4489/5/4
f 4490/2/4 4491/2/4 4494/2/4
f 4494/2/4 4491/2/4 4495/2/4
f 4492/5/4 4493/5/4 4496/5/4
f 4496/5/4 4493/5/4 4497/5/4
f 4498/2/4 4499/2/4 4502/2/4
f 4502/2/4 4499/2/4 4503/2/4
f 4500/5/4 4501/5/4 4504/5/4
f 4504/5/4 4501/5/4 4505/5/4
f 4506/5/4 4507/5/4 4508/5/4
f 4508/5/4 4507/5/4 4509/5/4
f 4510/5/4 4511/5/4 4512/5/4
f 4512/5/4 4511/5/4 4513/5/4
f 4514/2/4 4515/2/4 4518/2/4
f 4518/2/4 4515/2/4 4519/2/4
f 4516/5/4 4517/5/4 4520/5/4
f 4520/5/4 4517/5/4 4521/5/4
f 4522/2/4 4523/2/4 4526/2/4
f 4526/2/4 4523/2/4 4527/2/4
f 4524/5/4 4525/5/4 4528/5/4
f 4528/5/4 4525/5/4 4529/5/4
f 4530/5/4 4531/5/4 4532/5/4
f 4532/5/4 4531/5/4 4533/5/4
f 4534/5/4 4535/5/4 4536/5/4
f 4536/5/4 4535/5/4 4537/5/4
f 4538/2/4 4539/2/4 4542/2/4
f 4542/2/4 4539/2/4 4543/2/4
f 4540/5/4 4541/5/4 4544/5/4
f 4544/5/4 4541/5/4 4545/5/4
f 4546/2/4 4547/2/4 4550/2/4
f 4550/2/4 4547/2/4 4551/2/4
f 4548/5/4 4549/5/4 4552/5/4
f 4552/5/4 4549/5/4 4553/5/4
f 4554/5/4 4555/5/4 4556/5/4
f 4556/5/4 4555/5/4 4557/5/4
f 4558/5/4 4559/5/4 4560/5/4
f 4560/5/4 4559/5/4 4561/5/4
f 4562/2/4 4563/2/4 4566/2/4
f 4566/2/4 4563/2/4 4567/2/4
f 4564/5/4 4565/5/4 4568/5/4
f 4568/5/4 4565/5/4 4569/5/4
f 4570/2/4 4571/2/4 4574/2/4
f 4574/2/4 4571/2/4 4575/2/4
f 4572/5/4 4573/5/4 4576/5/4
f 4576/5/4 4573/5/4 4577/5/4
f 4578/2/4 4579/2/4 4582/2/4
f 4582/2/4 4579/2/4 4583/2/4
f 4580/5/4 4581/5/4 4584/5/4
f 4584/5/4 4581/5/4 4585/5/4
f 4586/3/4 4587/3/4 4588/3/4
f 4588/3/4 4587/3/4 4589/3/4
f 4589/3/4 4587/3/4 4590/3/4
f 4590/3/4 4587/3/4 4591/3/4
f 4591/3/4 4587/3/4 4592/3/4
f 4592/3/4 4587/3/4 4593/3/4
f 4589/3/4 4590/3/4 4596/3/4
f 4596/3/4 4590/3/4 4597/3/4
f 4590/1/4 4591/1/4 4598/1/4
f 4597/3/4 4590/3/4 4598/3/4
f 4591/3/4 4592/3/4 4599/3/4
f 4598/1/4 4591/1/4 4599/1/4
f 4599/3/4 4592/3/4 4600/3/4
f 4600/3/4 4592/3/4 4601/3/4
f 4601/3/4 4592/3/4 4602/3/4
f 4594/3/4 4595/3/4 4605/3/4
f 4599/1/4 4600/1/4 4607/1/4
f 4597/1/4 4598/1/4 4607/1/4
f 4598/1/4 4599/1/4 4607/1/4
f 4607/1/4 4600/1/4 4608/1/4
f 4608/1/4 4600/1/4 4609/1/4
f 4609/1/4 4600/1/4 4610/1/4
f 4600/3/4 4601/3/4 4611/3/4
f 4610/1/4 4600/1/4 4611/1/4
f 4611/3/4 4601/3/4 4612/3/4
f 4612/3/4 4601/3/4 4613/3/4
f 4603/3/4 4604/3/4 4615/3/4
f 4605/3/4 4606/3/4 4616/3/4
f 4594/3/4 4605/3/4 4616/3/4
f 4616/3/4 4606/3/4 4617/3/4
f 4608/1/4 4609/1/4 4619/1/4
f 4619/1/4 4609/1/4 4620/1/4
f 4609/4/4 4610/4/4 4621/4/4
f 4620/1/4 4609/1/4 4621/1/4
f 4611/1/4 4612/1/4 4622/1/4
f 4621/4/4 4610/4/4 4622/4/4
f 4610/1/4 4611/1/4 4622/1/4
f 4622/1/4 4612/1/4 4623/1/4
f 4623/1/4 4612/1/4 4624/1/4
f 4614/3/4 4615/3/4 4626/3/4
f 4615/3/4 4604/3/4 4627/3/4
f 4626/3/4 4615/3/4 4627/3/4
f 4617/1/4 4618/1/4 4628/1/4
f 4616/1/4 4617/1/4 4628/1/4
f 4620/4/4 4621/4/4 4630/4/4
f 4622/4/4 4623/4/4 4630/4/4
f 4621/4/4 4622/4/4 4630/4/4
f 4630/4/4 4623/4/4 4631/4/4
f 4631/4/4 4623/4/4 4632/4/4
f 4632/4/4 4623/4/4 4633/4/4
f 4626/1/4 4627/1/4 4635/1/4
f 4625/1/4 4626/1/4 4635/1/4
f 4628/1/4 4629/1/4 4636/1/4
f 4631/4/4 4632/4/4 4638/4/4
f 4638/4/4 4632/4/4 4639/4/4
f 4639/4/4 4632/4/4 4640/4/4
f 4640/4/4 4632/4/4 4641/4/4
f 4634/1/4 4635/1/4 4643/1/4
f 4636/4/4 4637/4/4 4644/4/4
f 4628/1/4 4636/1/4 4644/1/4
f 4644/4/4 4637/4/4 4645/4/4
f 4639/4/4 4640/4/4 4647/4/4
f 4647/4/4 4640/4/4 4648/4/4
f 4648/4/4 4640/4/4 4649/4/4
f 4649/4/4 4640/4/4 4650/4/4
f 4642/4/4 4643/4/4 4652/4/4
f 4643/1/4 4635/1/4 4653/1/4
f 4652/4/4 4643/4/4 4653/4/4
f 4594/3/4 4616/3/4 4654/3/4
f 4616/1/4 4628/1/4 4654/1/4
f 4628/1/4 4644/1/4 4654/1/4
f 4644/1/4 4645/1/4 4654/1/4
f 4654/1/4 4645/1/4 4655/1/4
f 4645/4/4 4646/4/4 4656/4/4
f 4655/1/4 4645/1/4 4656/1/4
f 4656/4/4 4646/4/4 4657/4/4
f 4648/4/4 4649/4/4 4659/4/4
f 4659/4/4 4649/4/4 4660/4/4
f 4660/4/4 4649/4/4 4661/4/4
f 4661/4/4 4649/4/4 4662/4/4
f 4662/4/4 4649/4/4 4663/4/4
f 4651/1/4 4652/1/4 4665/1/4
f 4652/1/4 4653/1/4 4665/1/4
f 4653/1/4 4635/1/4 4666/1/4
f 4635/1/4 4627/1/4 4666/1/4
f 4665/1/4 4653/1/4 4666/1/4
f 4627/3/4 4604/3/4 4667/3/4
f 4666/1/4 4627/1/4 4667/1/4
f 4654/3/4 4655/3/4 4668/3/4
f 4657/1/4 4658/1/4 4668/1/4
f 4655/1/4 4656/1/4 4668/1/4
f 4656/1/4 4657/1/4 4668/1/4
f 4668/1/4 4658/1/4 4669/1/4
f 4669/1/4 4658/1/4 4670/1/4
f 4660/4/4 4661/4/4 4672/4/4
f 4672/4/4 4661/4/4 4673/4/4
f 4661/1/4 4662/1/4 4674/1/4
f 4673/4/4 4661/4/4 4674/4/4
f 4674/1/4 4662/1/4 4675/1/4
f 4675/1/4 4662/1/4 4676/1/4
f 4665/1/4 4666/1/4 4678/1/4
f 4664/1/4 4665/1/4 4678/1/4
f 4666/3/4 4667/3/4 4679/3/4
f 4678/1/4 4666/1/4 4679/1/4
f 4670/1/4 4671/1/4 4680/1/4
f 4668/3/4 4669/3/4 4680/3/4
f 4669/1/4 4670/1/4 4680/1/4
f 4680/1/4 4671/1/4 4681/1/4
f 4674/1/4 4675/1/4 4683/1/4
f 4673/1/4 4674/1/4 4683/1/4
f 4683/1/4 4675/1/4 4684/1/4
f 4684/1/4 4675/1/4 4685/1/4
f 4685/1/4 4675/1/4 4686/1/4
f 4678/3/4 4679/3/4 4688/3/4
f 4677/3/4 4678/3/4 4688/3/4
f 4681/3/4 4682/3/4 4689/3/4
f 4680/3/4 4681/3/4 4689/3/4
f 4684/3/4 4685/3/4 4691/3/4
f 4691/3/4 4685/3/4 4692/3/4
f 4692/3/4 4685/3/4 4693/3/4
f 4693/3/4 4685/3/4 4694/3/4
f 4687/3/4 4688/3/4 4696/3/4
f 4689/3/4 4690/3/4 4697/3/4
f 4692/3/4 4693/3/4 4699/3/4
f 4699/3/4 4693/3/4 4700/3/4
f 4700/3/4 4693/3/4 4701/3/4
f 4695/3/4 4696/3/4 4703/3/4
f 4680/3/4 4689/3/4 4704/3/4
f 4697/3/4 4698/3/4 4704/3/4
f 4689/3/4 4697/3/4 4704/3/4
f 4704/3/4 4698/3/4 4705/3/4
f 4702/3/4 4703/3/4 4708/3/4
f 4696/3/4 4688/3/4 4709/3/4
f 4703/3/4 4696/3/4 4709/3/4
f 4708/3/4 4703/3/4 4709/3/4
f 4668/3/4 4680/3/4 4710/3/4
f 4680/3/4 4704/3/4 4710/3/4
f 4705/1/4 4706/1/4 4711/1/4
f 4710/3/4 4704/3/4 4711/3/4
f 4704/1/4 4705/1/4 4711/1/4
f 4711/1/4 4706/1/4 4712/1/4
f 4707/1/4 4708/1/4 4715/1/4
f 4708/1/4 4709/1/4 4715/1/4
f 4709/3/4 4688/3/4 4716/3/4
f 4715/1/4 4709/1/4 4716/1/4
f 4688/3/4 4679/3/4 4717/3/4
f 4716/3/4 4688/3/4 4717/3/4
f 4668/3/4 4710/3/4 4718/3/4
f 4654/3/4 4668/3/4 4718/3/4
f 4712/1/4 4713/1/4 4719/1/4
f 4718/3/4 4710/3/4 4719/3/4
f 4711/1/4 4712/1/4 4719/1/4
f 4710/1/4 4711/1/4 4719/1/4
f 4719/1/4 4713/1/4 4720/1/4
f 4720/1/4 4713/1/4 4721/1/4
f 4715/1/4 4716/1/4 4722/1/4
f 4716/1/4 4717/1/4 4722/1/4
f 4714/1/4 4715/1/4 4722/1/4
f 4722/1/4 4717/1/4 4723/1/4
f 4717/3/4 4679/3/4 4724/3/4
f 4723/1/4 4717/1/4 4724/1/4
f 4679/3/4 4667/3/4 4725/3/4
f 4724/3/4 4679/3/4 4725/3/4
f 4654/3/4 4718/3/4 4726/3/4
f 4594/3/4 4654/3/4 4726/3/4
f 4719/1/4 4720/1/4 4727/1/4
f 4726/3/4 4718/3/4 4727/3/4
f 4718/1/4 4719/1/4 4727/1/4
f 4727/1/4 4720/1/4 4728/1/4
f 4720/4/4 4721/4/4 4729/4/4
f 4728/1/4 4720/1/4 4729/1/4
f 4729/4/4 4721/4/4 4730/4/4
f 4730/4/4 4721/4/4 4731/4/4
f 4722/4/4 4723/4/4 4732/4/4
f 4732/4/4 4723/4/4 4733/4/4
f 4723/1/4 4724/1/4 4734/1/4
f 4733/4/4 4723/4/4 4734/4/4
f 4724/1/4 4725/1/4 4734/1/4
f 4734/1/4 4725/1/4 4735/1/4
f 4594/3/4 4726/3/4 4736/3/4
f 4727/1/4 4728/1/4 4737/1/4
f 4736/3/4 4726/3/4 4737/3/4
f 4726/1/4 4727/1/4 4737/1/4
f 4729/4/4 4730/4/4 4738/4/4
f 4737/1/4 4728/1/4 4738/1/4
f 4728/4/4 4729/4/4 4738/4/4
f 4738/4/4 4730/4/4 4739/4/4
f 4734/4/4 4735/4/4 4740/4/4
f 4733/4/4 4734/4/4 4740/4/4
f 4735/1/4 4725/1/4 4741/1/4
f 4740/4/4 4735/4/4 4741/4/4
f 4725/3/4 4667/3/4 4742/3/4
f 4741/1/4 4725/1/4 4742/1/4
f 4667/3/4 4604/3/4 4743/3/4
f 4742/3/4 4667/3/4 4743/3/4
f 4744/3/4 4745/3/4 4752/3/4
f 4745/1/4 4746/1/4 4752/1/4
f 4752/1/4 4746/1/4 4753/1/4
f 4746/4/4 4747/4/4 4754/4/4
f 4753/1/4 4746/1/4 4754/1/4
f 4754/4/4 4747/4/4 4755/4/4
f 4755/4/4 4747/4/4 4756/4/4
f 4748/4/4 4749/4/4 4759/4/4
f 4759/4/4 4749/4/4 4760/4/4
f 4749/1/4 4750/1/4 4761/1/4
f 4760/4/4 4749/4/4 4761/4/4
f 4752/3/4 4753/3/4 4762/3/4
f 4753/1/4 4754/1/4 4762/1/4
f 4754/1/4 4755/1/4 4762/1/4
f 4762/1/4 4755/1/4 4763/1/4
f 4756/4/4 4757/4/4 4764/4/4
f 4763/1/4 4755/1/4 4764/1/4
f 4755/4/4 4756/4/4 4764/4/4
f 4764/4/4 4757/4/4 4765/4/4
f 4759/4/4 4760/4/4 4766/4/4
f 4758/4/4 4759/4/4 4766/4/4
f 4760/1/4 4761/1/4 4767/1/4
f 4766/4/4 4760/4/4 4767/4/4
f 4761/1/4 4750/1/4 4768/1/4
f 4767/1/4 4761/1/4 4768/1/4
f 4750/3/4 4751/3/4 4769/3/4
f 4768/1/4 4750/1/4 4769/1/4
f 4764/1/4 4765/1/4 4770/1/4
f 4762/3/4 4763/3/4 4770/3/4
f 4763/1/4 4764/1/4 4770/1/4
f 4770/1/4 4765/1/4 4771/1/4
f 4771/1/4 4765/1/4 4772/1/4
f 4772/1/4 4765/1/4 4773/1/4
f 4767/1/4 4768/1/4 4774/1/4
f 4766/1/4 4767/1/4 4774/1/4
f 4774/1/4 4768/1/4 4775/1/4
f 4775/1/4 4768/1/4 4776/1/4
f 4768/3/4 4769/3/4 4777/3/4
f 4776/1/4 4768/1/4 4777/1/4
f 4771/1/4 4772/1/4 4778/1/4
f 4770/3/4 4771/3/4 4778/3/4
f 4778/1/4 4772/1/4 4779/1/4
f 4775/1/4 4776/1/4 4780/1/4
f 4780/1/4 4776/1/4 4781/1/4
f 4776/3/4 4777/3/4 4782/3/4
f 4781/1/4 4776/1/4 4782/1/4
f 4770/3/4 4778/3/4 4783/3/4
f 4783/3/4 4778/3/4 4784/3/4
f 4781/3/4 4782/3/4 4788/3/4
f 4788/3/4 4782/3/4 4789/3/4
f 4770/3/4 4783/3/4 4790/3/4
f 4790/3/4 4783/3/4 4791/3/4
f 4786/3/4 4787/3/4 4793/3/4
f 4785/3/4 4786/3/4 4793/3/4
f 4793/3/4 4787/3/4 4794/3/4
f 4789/3/4 4782/3/4 4796/3/4
f 4782/3/4 4777/3/4 4797/3/4
f 4796/3/4 4782/3/4 4797/3/4
f 4770/3/4 4790/3/4 4798/3/4
f 4798/3/4 4790/3/4 4799/3/4
f 4794/3/4 4795/3/4 4801/3/4
f 4793/3/4 4794/3/4 4801/3/4
f 4792/3/4 4793/3/4 4801/3/4
f 4801/3/4 4795/3/4 4802/3/4
f 4797/3/4 4777/3/4 4804/3/4
f 4804/3/4 4777/3/4 4805/3/4
f 4762/3/4 4770/3/4 4806/3/4
f 4770/3/4 4798/3/4 4806/3/4
f 4806/3/4 4798/3/4 4807/3/4
f 4807/3/4 4798/3/4 4808/3/4
f 4802/1/4 4803/1/4 4810/1/4
f 4801/1/4 4802/1/4 4810/1/4
f 4800/1/4 4801/1/4 4810/1/4
f 4810/1/4 4803/1/4 4811/1/4
f 4805/3/4 4777/3/4 4813/3/4
f 4813/3/4 4777/3/4 4814/3/4
f 4777/3/4 4769/3/4 4815/3/4
f 4814/3/4 4777/3/4 4815/3/4
f 4752/3/4 4762/3/4 4816/3/4
f 4762/3/4 4806/3/4 4816/3/4
f 4806/1/4 4807/1/4 4817/1/4
f 4816/3/4 4806/3/4 4817/3/4
f 4817/1/4 4807/1/4 4818/1/4
f 4818/1/4 4807/1/4 4819/1/4
f 4811/1/4 4812/1/4 4821/1/4
f 4810/1/4 4811/1/4 4821/1/4
f 4809/1/4 4810/1/4 4821/1/4
f 4821/1/4 4812/1/4 4822/1/4
f 4814/1/4 4815/1/4 4824/1/4
f 4824/1/4 4815/1/4 4825/1/4
f 4815/3/4 4769/3/4 4826/3/4
f 4825/1/4 4815/1/4 4826/1/4
f 4769/3/4 4751/3/4 4827/3/4
f 4826/3/4 4769/3/4 4827/3/4
f 4744/3/4 4752/3/4 4828/3/4
f 4752/3/4 4816/3/4 4828/3/4
f 4817/1/4 4818/1/4 4829/1/4
f 4828/3/4 4816/3/4 4829/3/4
f 4816/1/4 4817/1/4 4829/1/4
f 4829/1/4 4818/1/4 4830/1/4
f 4830/1/4 4818/1/4 4831/1/4
f 4831/1/4 4818/1/4 4832/1/4
f 4822/4/4 4823/4/4 4834/4/4
f 4821/4/4 4822/4/4 4834/4/4
f 4820/4/4 4821/4/4 4834/4/4
f 4834/4/4 4823/4/4 4835/4/4
f 4825/1/4 4826/1/4 4837/1/4
f 4826/1/4 4827/1/4 4837/1/4
f 4837/1/4 4827/1/4 4838/1/4
f 4838/1/4 4827/1/4 4839/1/4
f 4830/4/4 4831/4/4 4840/4/4
f 4829/1/4 4830/1/4 4840/1/4
f 4828/1/4 4829/1/4 4840/1/4
f 4840/4/4 4831/4/4 4841/4/4
f 4835/4/4 4836/4/4 4843/4/4
f 4834/4/4 4835/4/4 4843/4/4
f 4833/4/4 4834/4/4 4843/4/4
f 4843/4/4 4836/4/4 4844/4/4
f 4838/4/4 4839/4/4 4846/4/4
f 4839/1/4 4827/1/4 4847/1/4
f 4846/4/4 4839/4/4 4847/4/4
f 4828/1/4 4840/1/4 4848/1/4
f 4744/3/4 4828/3/4 4848/3/4
f 4848/1/4 4840/1/4 4849/1/4
f 4849/1/4 4840/1/4 4850/1/4
f 4850/1/4 4840/1/4 4851/1/4
f 4843/4/4 4844/4/4 4853/4/4
f 4844/4/4 4845/4/4 4853/4/4
f 4842/4/4 4843/4/4 4853/4/4
f 4853/4/4 4845/4/4 4854/4/4
f 4847/1/4 4827/1/4 4856/1/4
f 4856/1/4 4827/1/4 4857/1/4
f 4849/1/4 4850/1/4 4858/1/4
f 4848/3/4 4849/3/4 4858/3/4
f 4858/1/4 4850/1/4 4859/1/4
f 4854/4/4 4855/4/4 4861/4/4
f 4853/4/4 4854/4/4 4861/4/4
f 4852/4/4 4853/4/4 4861/4/4
f 4861/4/4 4855/4/4 4862/4/4
f 4862/4/4 4855/4/4 4863/4/4
f 4863/4/4 4855/4/4 4864/4/4
f 4857/1/4 4827/1/4 4866/1/4
f 4866/1/4 4827/1/4 4867/1/4
f 4827/3/4 4751/3/4 4868/3/4
f 4867/1/4 4827/1/4 4868/1/4
f 4848/3/4 4858/3/4 4869/3/4
f 4744/3/4 4848/3/4 4869/3/4
f 4869/3/4 4858/3/4 4870/3/4
f 4860/1/4 4861/1/4 4872/1/4
f 4861/1/4 4862/1/4 4872/1/4
f 4872/1/4 4862/1/4 4873/1/4
f 4862/4/4 4863/4/4 4874/4/4
f 4873/1/4 4862/1/4 4874/1/4
f 4864/1/4 4865/1/4 4875/1/4
f 4874/4/4 4863/4/4 4875/4/4
f 4863/1/4 4864/1/4 4875/1/4
f 4875/1/4 4865/1/4 4876/1/4
f 4876/1/4 4865/1/4 4877/1/4
f 4867/3/4 4868/3/4 4879/3/4
f 4868/3/4 4751/3/4 4880/3/4
f 4879/3/4 4868/3/4 4880/3/4
f 4744/3/4 4869/3/4 4881/3/4
f 4881/3/4 4869/3/4 4882/3/4
f 4871/3/4 4872/3/4 4884/3/4
f 4872/3/4 4873/3/4 4884/3/4
f 4873/1/4 4874/1/4 4885/1/4
f 4874/1/4 4875/1/4 4885/1/4
f 4884/3/4 4873/3/4 4885/3/4
f 4875/1/4 4876/1/4 4885/1/4
f 4885/1/4 4876/1/4 4886/1/4
f 4886/1/4 4876/1/4 4887/1/4
f 4877/3/4 4878/3/4 4888/3/4
f 4887/1/4 4876/1/4 4888/1/4
f 4876/3/4 4877/3/4 4888/3/4
f 4888/3/4 4878/3/4 4889/3/4
f 4880/3/4 4751/3/4 4891/3/4
f 4891/3/4 4751/3/4 4892/3/4
f 4883/3/4 4884/3/4 4894/3/4
f 4885/3/4 4886/3/4 4894/3/4
f 4884/3/4 4885/3/4 4894/3/4
f 4886/1/4 4887/1/4 4895/1/4
f 4894/3/4 4886/3/4 4895/3/4
f 4889/3/4 4890/3/4 4896/3/4
f 4895/1/4 4887/1/4 4896/1/4
f 4888/3/4 4889/3/4 4896/3/4
f 4887/3/4 4888/3/4 4896/3/4
f 4896/3/4 4890/3/4 4897/3/4
f 4893/3/4 4894/3/4 4899/3/4
f 4897/3/4 4898/3/4 4899/3/4
f 4896/3/4 4897/3/4 4899/3/4
f 4895/3/4 4896/3/4 4899/3/4
f 4894/3/4 4895/3/4 4899/3/4
f 4899/3/4 4898/3/4 4900/3/4
f 4901/5/4 4902/5/4 4904/5/4
f 4902/2/4 4903/2/4 4905/2/4
f 4904/5/4 4902/5/4 4905/5/4
f 4905/2/4 4903/2/4 4906/2/4
f 4906/2/4 4903/2/4 4907/2/4
f 4904/2/4 4905/2/4 4908/2/4
f 4905/2/4 4906/2/4 4908/2/4
f 4906/5/4 4907/5/4 4908/5/4
f 4908/5/4 4907/5/4 4909/5/4
f 4909/5/4 4907/5/4 4910/5/4
f 4910/5/4 4907/5/4 4911/5/4
f 4907/2/4 4903/2/4 4912/2/4
f 4911/5/4 4907/5/4 4912/5/4
f 4904/2/4 4908/2/4 4913/2/4
f 4908/2/4 4909/2/4 4913/2/4
f 4913/2/4 4909/2/4 4914/2/4
f 4914/2/4 4909/2/4 4915/2/4
f 4910/5/4 4911/5/4 4918/5/4
f 4911/2/4 4912/2/4 4919/2/4
f 4918/5/4 4911/5/4 4919/5/4
f 4904/2/4 4913/2/4 4920/2/4
f 4913/5/4 4914/5/4 4920/5/4
f 4915/2/4 4916/2/4 4921/2/4
f 4920/5/4 4914/5/4 4921/5/4
f 4914/2/4 4915/2/4 4921/2/4
f 4921/2/4 4916/2/4 4922/2/4
f 4922/2/4 4916/2/4 4923/2/4
f 4917/5/4 4918/5/4 4926/5/4
f 4918/2/4 4919/2/4 4927/2/4
f 4926/5/4 4918/5/4 4927/5/4
f 4919/2/4 4912/2/4 4928/2/4
f 4927/2/4 4919/2/4 4928/2/4
f 4912/2/4 4903/2/4 4929/2/4
f 4928/2/4 4912/2/4 4929/2/4
f 4929/2/4 4903/2/4 4930/2/4
f 4921/5/4 4922/5/4 4931/5/4
f 4923/2/4 4924/2/4 4932/2/4
f 4931/5/4 4922/5/4 4932/5/4
f 4922/2/4 4923/2/4 4932/2/4
f 4932/2/4 4924/2/4 4933/2/4
f 4933/2/4 4924/2/4 4934/2/4
f 4925/5/4 4926/5/4 4937/5/4
f 4927/2/4 4928/2/4 4938/2/4
f 4926/2/4 4927/2/4 4938/2/4
f 4937/5/4 4926/5/4 4938/5/4
f 4938/2/4 4928/2/4 4939/2/4
f 4939/2/4 4928/2/4 4940/2/4
f 4932/5/4 4933/5/4 4941/5/4
f 4934/2/4 4935/2/4 4942/2/4
f 4941/5/4 4933/5/4 4942/5/4
f 4933/2/4 4934/2/4 4942/2/4
f 4942/2/4 4935/2/4 4943/2/4
f 4943/2/4 4935/2/4 4944/2/4
f 4936/5/4 4937/5/4 4947/5/4
f 4938/2/4 4939/2/4 4948/2/4
f 4937/2/4 4938/2/4 4948/2/4
f 4947/5/4 4937/5/4 4948/5/4
f 4948/2/4 4939/2/4 4949/2/4
f 4949/2/4 4939/2/4 4950/2/4
f 4942/5/4 4943/5/4 4951/5/4
f 4944/2/4 4945/2/4 4952/2/4
f 4951/5/4 4943/5/4 4952/5/4
f 4943/2/4 4944/2/4 4952/2/4
f 4952/2/4 4945/2/4 4953/2/4
f 4953/2/4 4945/2/4 4954/2/4
f 4946/5/4 4947/5/4 4957/5/4
f 4948/2/4 4949/2/4 4958/2/4
f 4947/2/4 4948/2/4 4958/2/4
f 4957/5/4 4947/5/4 4958/5/4
f 4958/2/4 4949/2/4 4959/2/4
f 4959/2/4 4949/2/4 4960/2/4
f 4952/5/4 4953/5/4 4961/5/4
f 4954/2/4 4955/2/4 4962/2/4
f 4961/5/4 4953/5/4 4962/5/4
f 4953/2/4 4954/2/4 4962/2/4
f 4962/2/4 4955/2/4 4963/2/4
f 4963/2/4 4955/2/4 4964/2/4
f 4956/5/4 4957/5/4 4967/5/4
f 4958/2/4 4959/2/4 4968/2/4
f 4957/2/4 4958/2/4 4968/2/4
f 4967/5/4 4957/5/4 4968/5/4
f 4968/2/4 4959/2/4 4969/2/4
f 4969/2/4 4959/2/4 4970/2/4
f 4962/5/4 4963/5/4 4971/5/4
f 4964/2/4 4965/2/4 4972/2/4
f 4971/5/4 4963/5/4 4972/5/4
f 4963/2/4 4964/2/4 4972/2/4
f 4972/2/4 4965/2/4 4973/2/4
f 4973/2/4 4965/2/4 4974/2/4
f 4966/5/4 4967/5/4 4977/5/4
f 4968/2/4 4969/2/4 4978/2/4
f 4967/2/4 4968/2/4 4978/2/4
f 4977/5/4 4967/5/4 4978/5/4
f 4978/2/4 4969/2/4 4979/2/4
f 4979/2/4 4969/2/4 4980/2/4
f 4972/5/4 4973/5/4 4981/5/4
f 4974/2/4 4975/2/4 4982/2/4
f 4981/5/4 4973/5/4 4982/5/4
f 4973/2/4 4974/2/4 4982/2/4
f 4982/2/4 4975/2/4 4983/2/4
f 4983/2/4 4975/2/4 4984/2/4
f 4976/5/4 4977/5/4 4987/5/4
f 4978/2/4 4979/2/4 4988/2/4
f 4977/2/4 4978/2/4 4988/2/4
f 4987/5/4 4977/5/4 4988/5/4
f 4988/2/4 4979/2/4 4989/2/4
f 4989/2/4 4979/2/4 4990/2/4
f 4982/5/4 4983/5/4 4991/5/4
f 4984/2/4 4985/2/4 4992/2/4
f 4991/5/4 4983/5/4 4992/5/4
f 4983/2/4 4984/2/4 4992/2/4
f 4992/2/4 4985/2/4 4993/2/4
f 4993/2/4 4985/2/4 4994/2/4
f 4986/5/4 4987/5/4 4997/5/4
f 4988/2/4 4989/2/4 4998/2/4
f 4987/2/4 4988/2/4 4998/2/4
f 4997/5/4 4987/5/4 4998/5/4
f 4998/2/4 4989/2/4 4999/2/4
f 4999/2/4 4989/2/4 5000/2/4
f 4992/5/4 4993/5/4 5001/5/4
f 4994/2/4 4995/2/4 5002/2/4
f 5001/5/4 4993/5/4 5002/5/4
f 4993/2/4 4994/2/4 5002/2/4
f 5002/2/4 4995/2/4 5003/2/4
f 5003/2/4 4995/2/4 5004/2/4
f 4996/5/4 4997/5/4 5007/5/4
f 4998/2/4 4999/2/4 5008/2/4
f 4997/2/4 4998/2/4 5008/2/4
f 5007/5/4 4997/5/4 5008/5/4
f 5008/2/4 4999/2/4 5009/2/4
f 5009/2/4 4999/2/4 5010/2/4
f 5002/5/4 5003/5/4 5011/5/4
f 5004/2/4 5005/2/4 5012/2/4
f 5011/5/4 5003/5/4 5012/5/4
f 5003/2/4 5004/2/4 5012/2/4
f 5012/2/4 5005/2/4 5013/2/4
f 5013/2/4 5005/2/4 5014/2/4
f 5006/5/4 5007/5/4 5017/5/4
f 5008/2/4 5009/2/4 5018/2/4
f 5007/2/4 5008/2/4 5018/2/4
f 5017/5/4 5007/5/4 5018/5/4
f 5018/2/4 5009/2/4 5019/2/4
f 5019/2/4 5009/2/4 5020/2/4
f 5012/5/4 5013/5/4 5021/5/4
f 5014/2/4 5015/2/4 5022/2/4
f 5021/5/4 5013/5/4 5022/5/4
f 5013/2/4 5014/2/4 5022/2/4
f 5022/2/4 5015/2/4 5023/2/4
f 5023/2/4 5015/2/4 5024/2/4
f 5016/5/4 5017/5/4 5026/5/4
f 5018/2/4 5019/2/4 5027/2/4
f 5017/2/4 5018/2/4 5027/2/4
f 5026/5/4 5017/5/4 5027/5/4
f 5027/2/4 5019/2/4 5028/2/4
f 5028/2/4 5019/2/4 5029/2/4
f 5022/5/4 5023/5/4 5030/5/4
f 5024/2/4 5025/2/4 5031/2/4
f 5030/5/4 5023/5/4 5031/5/4
f 5023/2/4 5024/2/4 5031/2/4
f 5031/2/4 5025/2/4 5032/2/4
f 5025/5/4 5026/5/4 5033/5/4
f 5032/2/4 5025/2/4 5033/2/4
f 5027/2/4 5028/2/4 5034/2/4
f 5033/5/4 5026/5/4 5034/5/4
f 5026/2/4 5027/2/4 5034/2/4
f 5034/2/4 5028/2/4 5035/2/4
f 5035/2/4 5028/2/4 5036/2/4
f 5031/5/4 5032/5/4 5037/5/4
f 5032/2/4 5033/2/4 5038/2/4
f 5037/5/4 5032/5/4 5038/5/4
f 5034/2/4 5035/2/4 5038/2/4
f 5033/2/4 5034/2/4 5038/2/4
f 5038/2/4 5035/2/4 5039/2/4
f 5039/2/4 5035/2/4 5040/2/4
f 5038/2/4 5039/2/4 5042/2/4
f 5042/2/4 5039/2/4 5043/2/4
f 4904/2/4 4920/2/4 5045/2/4
f 5043/2/4 5044/2/4 5046/2/4
f 5041/2/4 5042/2/4 5046/2/4
f 5042/2/4 5043/2/4 5046/2/4
f 5046/2/4 5044/2/4 5047/2/4
f 4929/5/4 4930/5/4 5048/5/4
f 4930/2/4 4903/2/4 5049/2/4
f 5048/5/4 4930/5/4 5049/5/4
f 4904/2/4 5045/2/4 5050/2/4
f 5047/2/4 5048/2/4 5050/2/4
f 5048/2/4 5049/2/4 5050/2/4
f 5046/2/4 5047/2/4 5050/2/4
f 5045/2/4 5046/2/4 5050/2/4
f 5050/2/4 5049/2/4 5051/2/4
f 5051/2/4 5049/2/4 5052/2/4
f 5052/2/4 5049/2/4 5053/2/4
f 5049/2/4 4903/2/4 5054/2/4
f 5053/2/4 5049/2/4 5054/2/4
f 5051/2/4 5052/2/4 5055/2/4
f 5055/2/4 5052/2/4 5056/2/4
f 5056/2/4 5052/2/4 5057/2/4
f 5057/2/4 5052/2/4 5058/2/4
f 5056/2/4 5057/2/4 5060/2/4
f 5060/2/4 5057/2/4 5061/2/4
f 5059/5/4 5060/5/4 5064/5/4
f 5061/2/4 5062/2/4 5065/2/4
f 5060/2/4 5061/2/4 5065/2/4
f 5064/5/4 5060/5/4 5065/5/4
f 5065/2/4 5062/2/4 5066/2/4
f 5066/2/4 5062/2/4 5067/2/4
f 5067/2/4 5062/2/4 5068/2/4
f 5063/5/4 5064/5/4 5071/5/4
f 5064/2/4 5065/2/4 5072/2/4
f 5065/2/4 5066/2/4 5072/2/4
f 5071/5/4 5064/5/4 5072/5/4
f 5072/2/4 5066/2/4 5073/2/4
f 5066/5/4 5067/5/4 5074/5/4
f 5073/2/4 5066/2/4 5074/2/4
f 5067/2/4 5068/2/4 5075/2/4
f 5074/5/4 5067/5/4 5075/5/4
f 5068/2/4 5069/2/4 5075/2/4
f 5075/2/4 5069/2/4 5076/2/4
f 5076/2/4 5069/2/4 5077/2/4
f 5070/5/4 5071/5/4 5080/5/4
f 5071/2/4 5072/2/4 5081/2/4
f 5072/2/4 5073/2/4 5081/2/4
f 5080/5/4 5071/5/4 5081/5/4
f 5081/2/4 5073/2/4 5082/2/4
f 5082/2/4 5073/2/4 5083/2/4
f 5075/5/4 5076/5/4 5084/5/4
f 5077/2/4 5078/2/4 5085/2/4
f 5084/5/4 5076/5/4 5085/5/4
f 5076/2/4 5077/2/4 5085/2/4
f 5085/2/4 5078/2/4 5086/2/4
f 5086/2/4 5078/2/4 5087/2/4
f 5079/5/4 5080/5/4 5090/5/4
f 5081/2/4 5082/2/4 5091/2/4
f 5080/2/4 5081/2/4 5091/2/4
f 5090/5/4 5080/5/4 5091/5/4
f 5091/2/4 5082/2/4 5092/2/4
f 5092/2/4 5082/2/4 5093/2/4
f 5085/5/4 5086/5/4 5094/5/4
f 5087/2/4 5088/2/4 5095/2/4
f 5094/5/4 5086/5/4 5095/5/4
f 5086/2/4 5087/2/4 5095/2/4
f 5095/2/4 5088/2/4 5096/2/4
f 5096/2/4 5088/2/4 5097/2/4
f 5089/5/4 5090/5/4 5100/5/4
f 5091/2/4 5092/2/4 5101/2/4
f 5090/2/4 5091/2/4 5101/2/4
f 5100/5/4 5090/5/4 5101/5/4
f 5101/2/4 5092/2/4 5102/2/4
f 5102/2/4 5092/2/4 5103/2/4
f 5095/5/4 5096/5/4 5104/5/4
f 5097/2/4 5098/2/4 5105/2/4
f 5104/5/4 5096/5/4 5105/5/4
f 5096/2/4 5097/2/4 5105/2/4
f 5105/2/4 5098/2/4 5106/2/4
f 5106/2/4 5098/2/4 5107/2/4
f 5099/5/4 5100/5/4 5110/5/4
f 5101/2/4 5102/2/4 5111/2/4
f 5100/2/4 5101/2/4 5111/2/4
f 5110/5/4 5100/5/4 5111/5/4
f 5111/2/4 5102/2/4 5112/2/4
f 5112/2/4 5102/2/4 5113/2/4
f 5105/5/4 5106/5/4 5114/5/4
f 5107/2/4 5108/2/4 5115/2/4
f 5114/5/4 5106/5/4 5115/5/4
f 5106/2/4 5107/2/4 5115/2/4
f 5115/2/4 5108/2/4 5116/2/4
f 5116/2/4 5108/2/4 5117/2/4
f 5109/5/4 5110/5/4 5120/5/4
f 5111/2/4 5112/2/4 5121/2/4
f 5110/2/4 5111/2/4 5121/2/4
f 5120/5/4 5110/5/4 5121/5/4
f 5121/2/4 5112/2/4 5122/2/4
f 5122/2/4 5112/2/4 5123/2/4
f 5115/5/4 5116/5/4 5124/5/4
f 5117/2/4 5118/2/4 5125/2/4
f 5124/5/4 5116/5/4 5125/5/4
f 5116/2/4 5117/2/4 5125/2/4
f 5125/2/4 5118/2/4 5126/2/4
f 5126/2/4 5118/2/4 5127/2/4
f 5119/5/4 5120/5/4 5130/5/4
f 5121/2/4 5122/2/4 5131/2/4
f 5120/2/4 5121/2/4 5131/2/4
f 5130/5/4 5120/5/4 5131/5/4
f 5131/2/4 5122/2/4 5132/2/4
f 5132/2/4 5122/2/4 5133/2/4
f 5125/5/4 5126/5/4 5134/5/4
f 5127/2/4 5128/2/4 5135/2/4
f 5134/5/4 5126/5/4 5135/5/4
f 5126/2/4 5127/2/4 5135/2/4
f 5135/2/4 5128/2/4 5136/2/4
f 5136/2/4 5128/2/4 5137/2/4
f 5129/5/4 5130/5/4 5140/5/4
f 5131/2/4 5132/2/4 5141/2/4
f 5130/2/4 5131/2/4 5141/2/4
f 5140/5/4 5130/5/4 5141/5/4
f 5141/2/4 5132/2/4 5142/2/4
f 5142/2/4 5132/2/4 5143/2/4
f 5135/5/4 5136/5/4 5144/5/4
f 5137/2/4 5138/2/4 5145/2/4
f 5144/5/4 5136/5/4 5145/5/4
f 5136/2/4 5137/2/4 5145/2/4
f 5145/2/4 5138/2/4 5146/2/4
f 5146/2/4 5138/2/4 5147/2/4
f 5139/5/4 5140/5/4 5150/5/4
f 5141/2/4 5142/2/4 5151/2/4
f 5140/2/4 5141/2/4 5151/2/4
f 5150/5/4 5140/5/4 5151/5/4
f 5151/2/4 5142/2/4 5152/2/4
f 5152/2/4 5142/2/4 5153/2/4
f 5145/5/4 5146/5/4 5154/5/4
f 5147/2/4 5148/2/4 5155/2/4
f 5154/5/4 5146/5/4 5155/5/4
f 5146/2/4 5147/2/4 5155/2/4
f 5155/2/4 5148/2/4 5156/2/4
f 5156/2/4 5148/2/4 5157/2/4
f 5149/5/4 5150/5/4 5160/5/4
f 5151/2/4 5152/2/4 5161/2/4
f 5150/2/4 5151/2/4 5161/2/4
f 5160/5/4 5150/5/4 5161/5/4
f 5161/2/4 5152/2/4 5162/2/4
f 5162/2/4 5152/2/4 5163/2/4
f 5155/5/4 5156/5/4 5164/5/4
f 5157/2/4 5158/2/4 5165/2/4
f 5164/5/4 5156/5/4 5165/5/4
f 5156/2/4 5157/2/4 5165/2/4
f 5165/2/4 5158/2/4 5166/2/4
f 5166/2/4 5158/2/4 5167/2/4
f 4904/2/4 5050/2/4 5169/2/4
f 5159/5/4 5160/5/4 5170/5/4
f 5161/2/4 5162/2/4 5171/2/4
f 5160/2/4 5161/2/4 5171/2/4
f 5170/5/4 5160/5/4 5171/5/4
f 5171/2/4 5162/2/4 5172/2/4
f 5172/2/4 5162/2/4 5173/2/4
f 5165/5/4 5166/5/4 5174/5/4
f 5167/2/4 5168/2/4 5175/2/4
f 5174/5/4 5166/5/4 5175/5/4
f 5166/2/4 5167/2/4 5175/2/4
f 5175/2/4 5168/2/4 5176/2/4
f 5176/2/4 5168/2/4 5177/2/4
f 5053/5/4 5054/5/4 5178/5/4
f 5054/2/4 4903/2/4 5179/2/4
f 5178/5/4 5054/5/4 5179/5/4
f 4904/2/4 5169/2/4 5180/2/4
f 5169/5/4 5170/5/4 5180/5/4
f 5171/2/4 5172/2/4 5181/2/4
f 5180/5/4 5170/5/4 5181/5/4
f 5170/2/4 5171/2/4 5181/2/4
f 5181/2/4 5172/2/4 5182/2/4
f 5182/2/4 5172/2/4 5183/2/4
f 5175/5/4 5176/5/4 5184/5/4
f 5177/2/4 5178/2/4 5185/2/4
f 5184/5/4 5176/5/4 5185/5/4
f 5176/2/4 5177/2/4 5185/2/4
f 5178/2/4 5179/2/4 5185/2/4
f 5185/2/4 5179/2/4 5186/2/4
f 5181/2/4 5182/2/4 5187/2/4
f 5180/2/4 5181/2/4 5187/2/4
f 5187/2/4 5182/2/4 5188/2/4
f 5185/5/4 5186/5/4 5189/5/4
f 5186/2/4 5179/2/4 5190/2/4
f 5189/5/4 5186/5/4 5190/5/4
f 5190/2/4 5179/2/4 5191/2/4
f 4901/5/4 4904/5/4 5192/5/4
f 4904/2/4 5180/2/4 5192/2/4
f 5180/2/4 5187/2/4 5192/2/4
f 5192/2/4 5187/2/4 5193/2/4
f 5188/5/4 5189/5/4 5194/5/4
f 5193/2/4 5187/2/4 5194/2/4
f 5190/5/4 5191/5/4 5194/5/4
f 5187/5/4 5188/5/4 5194/5/4
f 5189/5/4 5190/5/4 5194/5/4
f 5191/2/4 5179/2/4 5195/2/4
f 5194/5/4 5191/5/4 5195/5/4
f 5192/5/4 5193/5/4 5196/5/4
f 4901/5/4 5192/5/4 5196/5/4
f 5193/2/4 5194/2/4 5197/2/4
f 5196/5/4 5193/5/4 5197/5/4
f 5194/2/4 5195/2/4 5197/2/4
f 5195/2/4 5179/2/4 5198/2/4
f 5197/2/4 5195/2/4 5198/2/4
f 5179/2/4 4903/2/4 5198/2/4
f 5201/5/5 5200/5/5 5199/5/5
f 5202/5/5 5200/5/5 5201/5/5
f 5203/5/5 5201/5/5 5199/5/5
f 5203/2/5 5202/2/5 5201/2/5
f 5204/5/5 5200/5/5 5202/5/5
f 5204/2/5 5202/2/5 5203/2/5
f 5205/5/5 5203/5/5 5199/5/5
f 5205/5/5 5204/5/5 5203/5/5
f 5206/5/5 5200/5/5 5204/5/5
f 5206/5/5 5204/5/5 5205/5/5
f 5211/5/5 5208/5/5 5207/5/5
f 5212/5/5 5208/5/5 5211/5/5
f 5213/5/5 5210/5/5 5209/5/5
f 5214/5/5 5210/5/5 5213/5/5
f 5219/5/5 5216/5/5 5215/5/5
f 5220/5/5 5216/5/5 5219/5/5
f 5221/5/5 5218/5/5 5217/5/5
f 5222/5/5 5218/5/5 5221/5/5
f 5227/5/5 5224/5/5 5223/5/5
f 5228/5/5 5224/5/5 5227/5/5
f 5229/5/5 5226/5/5 5225/5/5
f 5230/5/5 5226/5/5 5229/5/5
f 5235/5/5 5232/5/5 5231/5/5
f 5236/5/5 5232/5/5 5235/5/5
f 5237/5/5 5234/5/5 5233/5/5
f 5238/5/5 5234/5/5 5237/5/5
f 5243/5/5 5240/5/5 5239/5/5
f 5244/5/5 5240/5/5 5243/5/5
f 5245/5/5 5242/5/5 5241/5/5
f 5246/5/5 5242/5/5 5245/5/5
f 5251/5/5 5248/5/5 5247/5/5
f 5252/5/5 5248/5/5 5251/5/5
f 5253/5/5 5250/5/5 5249/5/5
f 5254/5/5 5250/5/5 5253/5/5
f 5259/5/5 5256/5/5 5255/5/5
f 5260/5/5 5256/5/5 5259/5/5
f 5261/5/5 5258/5/5 5257/5/5
f 5262/5/5 5258/5/5 5261/5/5
f 5267/5/5 5264/5/5 5263/5/5
f 5268/5/5 5264/5/5 5267/5/5
f 5269/5/5 5266/5/5 5265/5/5
f 5270/5/5 5266/5/5 5269/5/5
f 5275/5/5 5272/5/5 5271/5/5
f 5276/5/5 5272/5/5 5275/5/5
f 5277/5/5 5274/5/5 5273/5/5
f 5278/5/5 5274/5/5 5277/5/5
f 5283/5/5 5280/5/5 5279/5/5
f 5284/5/5 5280/5/5 5283/5/5
f 5285/5/5 5282/5/5 5281/5/5
f 5286/5/5 5282/5/5 5285/5/5
f 5291/5/5 5288/5/5 5287/5/5
f 5292/5/5 5288/5/5 5291/5/5
f 5293/5/5 5290/5/5 5289/5/5
f 5294/5/5 5290/5/5 5293/5/5
f 5299/5/5 5296/5/5 5295/5/5
f 5300/5/5 5296/5/5 5299/5/5
f 5301/5/5 5298/5/5 5297/5/5
f 5302/5/5 5298/5/5 5301/5/5
f 5307/5/5 5304/5/5 5303/5/5
f 5308/5/5 5304/5/5 5307/5/5
f 5309/5/5 5306/5/5 5305/5/5
f 5310/5/5 5306/5/5 5309/5/5
f 5315/5/5 5312/5/5 5311/5/5
f 5316/5/5 5312/5/5 5315/5/5
f 5317/5/5 5314/5/5 5313/5/5
f 5318/5/5 5314/5/5 5317/5/5
f 5323/5/5 5320/5/5 5319/5/5
f 5324/5/5 5320/5/5 5323/5/5
f 5325/5/5 5322/5/5 5321/5/5
f 5326/5/5 5322/5/5 5325/5/5
f 5331/5/5 5328/5/5 5327/5/5
f 5332/5/5 5328/5/5 5331/5/5
f 5333/5/5 5330/5/5 5329/5/5
f 5334/5/5 5330/5/5 5333/5/5
f 5339/5/5 5336/5/5 5335/5/5
f 5340/5/5 5336/5/5 5339/5/5
f 5341/5/5 5338/5/5 5337/5/5
f 5342/5/5 5338/5/5 5341/5/5
f 5347/5/5 5344/5/5 5343/5/5
f 5348/5/5 5344/5/5 5347/5/5
f 5349/5/5 5346/5/5 5345/5/5
f 5350/5/5 5346/5/5 5349/5/5
f 5355/5/5 5352/5/5 5351/5/5
f 5356/5/5 5352/5/5 5355/5/5
f 5357/5/5 5354/5/5 5353/5/5
f 5358/5/5 5354/5/5 5357/5/5
f 5363/5/5 5360/5/5 5359/5/5
f 5364/5/5 5360/5/5 5363/5/5
f 5365/5/5 5362/5/5 5361/5/5
f 5366/5/5 5362/5/5 5365/5/5
f 5371/5/5 5368/5/5 5367/5/5
f 5372/5/5 5368/5/5 5371/5/5
f 5373/5/5 5370/5/5 5369/5/5
f 5374/5/5 5370/5/5 5373/5/5
f 5379/5/5 5376/5/5 5375/5/5
f 5380/5/5 5376/5/5 5379/5/5
f 5381/5/5 5378/5/5 5377/5/5
f 5382/5/5 5378/5/5 5381/5/5
f 5387/5/5 5384/5/5 5383/5/5
f 5388/5/5 5384/5/5 5387/5/5
f 5389/5/5 5386/5/5 5385/5/5
f 5390/5/5 5386/5/5 5389/5/5
f 5395/5/5 5392/5/5 5391/5/5
f 5396/5/5 5392/5/5 5395/5/5
f 5397/5/5 5394/5/5 5393/5/5
f 5398/5/5 5394/5/5 5397/5/5
f 5403/5/5 5400/5/5 5399/5/5
f 5404/5/5 5400/5/5 5403/5/5
f 5405/5/5 5402/5/5 5401/5/5
f 5406/5/5 5402/5/5 5405/5/5
f 5411/5/5 5408/5/5 5407/5/5
f 5412/5/5 5408/5/5 5411/5/5
f 5413/5/5 5410/5/5 5409/5/5
f 5414/5/5 5410/5/5 5413/5/5
f 5419/5/5 5416/5/5 5415/5/5
f 5420/5/5 5416/5/5 5419/5/5
f 5421/5/5 5418/5/5 5417/5/5
f 5422/5/5 5418/5/5 5421/5/5
f 5427/5/5 5424/5/5 5423/5/5
f 5428/5/5 5424/5/5 5427/5/5
f 5429/5/5 5426/5/5 5425/5/5
f 5430/5/5 5426/5/5 5429/5/5
f 5435/5/5 5432/5/5 5431/5/5
f 5436/5/5 5432/5/5 5435/5/5
f 5437/5/5 5434/5/5 5433/5/5
f 5438/5/5 5434/5/5 5437/5/5
f 5443/5/5 5440/5/5 5439/5/5
f 5444/5/5 5440/5/5 5443/5/5
f 5445/5/5 5442/5/5 5441/5/5
f 5446/5/5 5442/5/5 5445/5/5
f 5451/5/5 5448/5/5 5447/5/5
f 5452/5/5 5448/5/5 5451/5/5
f 5453/5/5 5450/5/5 5449/5/5
f 5454/5/5 5450/5/5 5453/5/5
f 5459/5/5 5456/5/5 5455/5/5
f 5460/5/5 5456/5/5 5459/5/5
f 5461/5/5 5458/5/5 5457/5/5
f 5462/5/5 5458/5/5 5461/5/5
f 5467/5/5 5464/5/5 5463/5/5
f 5468/5/5 5464/5/5 5467/5/5
f 5469/5/5 5466/5/5 5465/5/5
f 5470/5/5 5466/5/5 5469/5/5
f 5475/5/5 5472/5/5 5471/5/5
f 5476/5/5 5472/5/5 5475/5/5
f 5477/5/5 5474/5/5 5473/5/5
f 5478/5/5 5474/5/5 5477/5/5
f 5483/5/5 5480/5/5 5479/5/5
f 5484/5/5 5480/5/5 5483/5/5
f 5485/5/5 5482/5/5 5481/5/5
f 5486/5/5 5482/5/5 5485/5/5
f 5491/5/5 5488/5/5 5487/5/5
f 5492/5/5 5488/5/5 5491/5/5
f 5493/5/5 5490/5/5 5489/5/5
f 5494/5/5 5490/5/5 5493/5/5
f 5499/5/5 5496/5/5 5495/5/5
f 5500/5/5 5496/5/5 5499/5/5
f 5501/5/5 5498/5/5 5497/5/5
f 5502/5/5 5498/5/5 5501/5/5
f 5507/5/5 5504/5/5 5503/5/5
f 5508/5/5 5504/5/5 5507/5/5
f 5509/5/5 5506/5/5 5505/5/5
f 5510/5/5 5506/5/5 5509/5/5
f 5515/5/5 5512/5/5 5511/5/5
f 5516/5/5 5512/5/5 5515/5/5
f 5517/5/5 5514/5/5 5513/5/5
f 5518/5/5 5514/5/5 5517/5/5
f 5523/5/5 5520/5/5 5519/5/5
f 5524/5/5 5520/5/5 5523/5/5
f 5525/5/5 5522/5/5 5521/5/5
f 5526/5/5 5522/5/5 5525/5/5
f 5531/5/5 5528/5/5 5527/5/5
f 5532/5/5 5528/5/5 5531/5/5
f 5533/5/5 5530/5/5 5529/5/5
f 5534/5/5 5530/5/5 5533/5/5
f 5539/5/5 5536/5/5 5535/5/5
f 5540/5/5 5536/5/5 5539/5/5
f 5541/5/5 5538/5/5 5537/5/5
f 5542/5/5 5538/5/5 5541/5/5
f 5547/5/5 5544/5/5 5543/5/5
f 5548/5/5 5544/5/5 5547/5/5
f 5549/5/5 5546/5/5 5545/5/5
f 5550/5/5 5546/5/5 5549/5/5
f 5555/5/5 5552/5/5 5551/5/5
f 5556/5/5 5552/5/5 5555/5/5
f 5557/5/5 5554/5/5 5553/5/5
f 5558/5/5 5554/5/5 5557/5/5
f 5567/5/5 5560/5/5 5559/5/5
f 5568/5/5 5560/5/5 5567/5/5
f 5569/5/5 5562/5/5 5561/5/5
f 5570/5/5 5562/5/5 5569/5/5
f 5571/5/5 5564/5/5 5563/5/5
f 5572/5/5 5564/5/5 5571/5/5
f 5573/5/5 5566/5/5 5565/5/5
f 5574/5/5 5566/5/5 5573/5/5
f 5579/5/5 5576/5/5 5575/5/5
f 5580/5/5 5576/5/5 5579/5/5
f 5581/5/5 5578/5/5 5577/5/5
f 5582/5/5 5578/5/5 5581/5/5
f 5587/5/5 5584/5/5 5583/5/5
f 5588/5/5 5584/5/5 5587/5/5
f 5589/5/5 5586/5/5 5585/5/5
f 5590/5/5 5586/5/5 5589/5/5
f 5595/5/5 5592/5/5 5591/5/5
f 5596/5/5 5592/5/5 5595/5/5
f 5597/5/5 5594/5/5 5593/5/5
f 5598/5/5 5594/5/5 5597/5/5
f 5603/5/5 5600/5/5 5599/5/5
f 5604/5/5 5600/5/5 5603/5/5
f 5605/5/5 5602/5/5 5601/5/5
f 5606/5/5 5602/5/5 5605/5/5
f 5615/5/5 5608/5/5 5607/5/5
f 5616/5/5 5608/5/5 5615/5/5
f 5617/2/5 5610/2/5 5609/2/5
f 5618/2/5 5610/2/5 5617/2/5
f 5619/2/5 5612/2/5 5611/2/5
f 5620/2/5 5612/2/5 5619/2/5
f 5621/5/5 5614/5/5 5613/5/5
f 5622/5/5 5614/5/5 5621/5/5
f 5627/5/5 5624/5/5 5623/5/5
f 5628/5/5 5624/5/5 5627/5/5
f 5629/5/5 5624/5/5 5628/5/5
f 5630/5/5 5626/5/5 5625/5/5
f 5631/5/5 5626/5/5 5630/5/5
f 5632/5/5 5626/5/5 5631/5/5
f 5637/5/5 5634/5/5 5633/5/5
f 5638/5/5 5636/5/5 5635/5/5
f 5639/5/5 5637/5/5 5633/5/5
f 5640/5/5 5637/5/5 5639/5/5
f 5641/5/5 5636/5/5 5638/5/5
f 5642/5/5 5636/5/5 5641/5/5
f 5647/5/5 5644/5/5 5643/5/5
f 5648/5/5 5646/5/5 5645/5/5
f 5649/5/5 5647/5/5 5643/5/5
f 5650/5/5 5647/5/5 5649/5/5
f 5651/5/5 5646/5/5 5648/5/5
f 5652/5/5 5646/5/5 5651/5/5
f 5659/2/5 5654/2/5 5653/2/5
f 5659/2/5 5655/2/5 5654/2/5
f 5660/2/5 5655/2/5 5659/2/5
f 5661/2/5 5658/2/5 5657/2/5
f 5661/2/5 5657/2/5 5656/2/5
f 5662/2/5 5658/2/5 5661/2/5
f 5667/5/5 5664/5/5 5663/5/5
f 5668/5/5 5664/5/5 5667/5/5
f 5669/5/5 5666/5/5 5665/5/5
f 5670/5/5 5666/5/5 5669/5/5
f 5675/5/5 5672/5/5 5671/5/5
f 5676/5/5 5672/5/5 5675/5/5
f 5677/5/5 5674/5/5 5673/5/5
f 5678/5/5 5674/5/5 5677/5/5
f 5683/5/5 5680/5/5 5679/5/5
f 5684/5/5 5680/5/5 5683/5/5
f 5685/5/5 5682/5/5 5681/5/5
f 5686/5/5 5682/5/5 5685/5/5
f 5691/5/5 5688/5/5 5687/5/5
f 5692/5/5 5688/5/5 5691/5/5
f 5693/5/5 5690/5/5 5689/5/5
f 5694/5/5 5690/5/5 5693/5/5
f 5699/5/5 5696/5/5 5695/5/5
f 5700/5/5 5696/5/5 5699/5/5
f 5701/5/5 5698/5/5 5697/5/5
f 5702/5/5 5698/5/5 5701/5/5
f 5707/5/5 5704/5/5 5703/5/5
f 5708/5/5 5704/5/5 5707/5/5
f 5709/5/5 5706/5/5 5705/5/5
f 5710/5/5 5706/5/5 5709/5/5
f 5715/5/5 5712/5/5 5711/5/5
f 5716/5/5 5712/5/5 5715/5/5
f 5717/5/5 5714/5/5 5713/5/5
f 5718/5/5 5714/5/5 5717/5/5
f 5723/5/5 5720/5/5 5719/5/5
f 5724/5/5 5720/5/5 5723/5/5
f 5725/5/5 5722/5/5 5721/5/5
f 5726/5/5 5722/5/5 5725/5/5
f 5731/5/5 5728/5/5 5727/5/5
f 5732/5/5 5728/5/5 5731/5/5
f 5733/5/5 5730/5/5 5729/5/5
f 5734/5/5 5730/5/5 5733/5/5
f 5739/5/5 5736/5/5 5735/5/5
f 5740/5/5 5736/5/5 5739/5/5
f 5741/5/5 5738/5/5 5737/5/5
f 5742/5/5 5738/5/5 5741/5/5
f 5747/5/5 5744/5/5 5743/5/5
f 5748/5/5 5744/5/5 5747/5/5
f 5749/5/5 5746/5/5 5745/5/5
f 5750/5/5 5746/5/5 5749/5/5
f 5755/5/5 5752/5/5 5751/5/5
f 5756/5/5 5752/5/5 5755/5/5
f 5757/5/5 5754/5/5 5753/5/5
f 5758/5/5 5754/5/5 5757/5/5
f 5763/5/5 5760/5/5 5759/5/5
f 5764/5/5 5760/5/5 5763/5/5
f 5765/5/5 5762/5/5 5761/5/5
f 5766/5/5 5762/5/5 5765/5/5
f 5771/5/5 5768/5/5 5767/5/5
f 5772/5/5 5768/5/5 5771/5/5
f 5773/5/5 5770/5/5 5769/5/5
f 5774/5/5 5770/5/5 5773/5/5
f 5779/5/5 5776/5/5 5775/5/5
f 5780/5/5 5776/5/5 5779/5/5
f 5781/5/5 5778/5/5 5777/5/5
f 5782/5/5 5778/5/5 5781/5/5
f 5787/5/5 5784/5/5 5783/5/5
f 5788/5/5 5784/5/5 5787/5/5
f 5789/5/5 5786/5/5 5785/5/5
f 5790/5/5 5786/5/5 5789/5/5
f 5795/5/5 5792/5/5 5791/5/5
f 5796/5/5 5792/5/5 5795/5/5
f 5797/5/5 5794/5/5 5793/5/5
f 5798/5/5 5794/5/5 5797/5/5
f 5803/5/5 5800/5/5 5799/5/5
f 5804/5/5 5800/5/5 5803/5/5
f 5805/5/5 5802/5/5 5801/5/5
f 5806/5/5 5802/5/5 5805/5/5
f 5811/5/5 5808/5/5 5807/5/5
f 5812/5/5 5808/5/5 5811/5/5
f 5813/5/5 5810/5/5 5809/5/5
f 5814/5/5 5810/5/5 5813/5/5
f 5819/5/5 5816/5/5 5815/5/5
f 5820/5/5 5816/5/5 5819/5/5
f 5821/5/5 5818/5/5 5817/5/5
f 5822/5/5 5818/5/5 5821/5/5
f 5827/5/5 5824/5/5 5823/5/5
f 5828/5/5 5824/5/5 5827/5/5
f 5829/5/5 5826/5/5 5825/5/5
f 5830/5/5 5826/5/5 5829/5/5
f 5835/5/5 5832/5/5 5831/5/5
f 5836/5/5 5832/5/5 5835/5/5
f 5837/5/5 5834/5/5 5833/5/5
f 5838/5/5 5834/5/5 5837/5/5
f 5843/5/5 5840/5/5 5839/5/5
f 5844/5/5 5840/5/5 5843/5/5
f 5845/5/5 5842/5/5 5841/5/5
f 5846/5/5 5842/5/5 5845/5/5
f 5851/5/5 5848/5/5 5847/5/5
f 5852/5/5 5848/5/5 5851/5/5
f 5853/5/5 5850/5/5 5849/5/5
f 5854/5/5 5850/5/5 5853/5/5
f 5859/5/5 5856/5/5 5855/5/5
f 5860/5/5 5856/5/5 5859/5/5
f 5861/5/5 5858/5/5 5857/5/5
f 5862/5/5 5858/5/5 5861/5/5
f 5867/5/5 5864/5/5 5863/5/5
f 5868/5/5 5864/5/5 5867/5/5
f 5869/5/5 5866/5/5 5865/5/5
f 5870/5/5 5866/5/5 5869/5/5
f 5875/5/5 5872/5/5 5871/5/5
f 5876/5/5 5872/5/5 5875/5/5
f 5877/5/5 5874/5/5 5873/5/5
f 5878/5/5 5874/5/5 5877/5/5
f 5883/5/5 5880/5/5 5879/5/5
f 5884/5/5 5880/5/5 5883/5/5
f 5885/5/5 5882/5/5 5881/5/5
f 5886/5/5 5882/5/5 5885/5/5
f 5891/5/5 5888/5/5 5887/5/5
f 5892/5/5 5888/5/5 5891/5/5
f 5893/5/5 5890/5/5 5889/5/5
f 5894/5/5 5890/5/5 5893/5/5
f 5899/5/5 5896/5/5 5895/5/5
f 5900/5/5 5896/5/5 5899/5/5
f 5901/5/5 5898/5/5 5897/5/5
f 5902/5/5 5898/5/5 5901/5/5
f 5907/5/5 5904/5/5 5903/5/5
f 5908/5/5 5904/5/5 5907/5/5
f 5909/5/5 5906/5/5 5905/5/5
f 5910/5/5 5906/5/5 5909/5/5
f 5915/5/5 5912/5/5 5911/5/5
f 5916/5/5 5912/5/5 5915/5/5
f 5917/5/5 5914/5/5 5913/5/5
f 5918/5/5 5914/5/5 5917/5/5
f 5923/5/5 5920/5/5 5919/5/5
f 5924/5/5 5920/5/5 5923/5/5
f 5925/5/5 5922/5/5 5921/5/5
f 5926/5/5 5922/5/5 5925/5/5
f 5931/5/5 5928/5/5 5927/5/5
f 5932/5/5 5928/5/5 5931/5/5
f 5933/5/5 5930/5/5 5929/5/5
f 5934/5/5 5930/5/5 5933/5/5
f 5939/5/5 5936/5/5 5935/5/5
f 5940/5/5 5936/5/5 5939/5/5
f 5941/5/5 5938/5/5 5937/5/5
f 5942/5/5 5938/5/5 5941/5/5
f 5947/5/5 5944/5/5 5943/5/5
f 5948/5/5 5944/5/5 5947/5/5
f 5949/5/5 5946/5/5 5945/5/5
f 5950/5/5 5946/5/5 5949/5/5
f 5955/5/5 5952/5/5 5951/5/5
f 5956/5/5 5952/5/5 5955/5/5
f 5957/5/5 5954/5/5 5953/5/5
f 5958/5/5 5954/5/5 5957/5/5
f 5963/5/5 5960/5/5 5959/5/5
f 5964/5/5 5960/5/5 5963/5/5
f 5965/5/5 5962/5/5 5961/5/5
f 5966/5/5 5962/5/5 5965/5/5
f 5971/5/5 5968/5/5 5967/5/5
f 5972/5/5 5968/5/5 5971/5/5
f 5973/5/5 5970/5/5 5969/5/5
f 5974/5/5 5970/5/5 5973/5/5
f 5979/5/5 5976/5/5 5975/5/5
f 5980/5/5 5976/5/5 5979/5/5
f 5981/5/5 5978/5/5 5977/5/5
f 5982/5/5 5978/5/5 5981/5/5
f 5987/5/5 5984/5/5 5983/5/5
f 5988/5/5 5984/5/5 5987/5/5
f 5989/5/5 5986/5/5 5985/5/5
f 5990/5/5 5986/5/5 5989/5/5
f 5995/5/5 5992/5/5 5991/5/5
f 5996/5/5 5992/5/5 5995/5/5
f 5997/5/5 5994/5/5 5993/5/5
f 5998/5/5 5994/5/5 5997/5/5
f 6003/5/5 6000/5/5 5999/5/5
f 6004/5/5 6000/5/5 6003/5/5
f 6005/5/5 6002/5/5 6001/5/5
f 6006/5/5 6002/5/5 6005/5/5
f 6011/5/5 6008/5/5 6007/5/5
f 6012/5/5 6008/5/5 6011/5/5
f 6013/5/5 6010/5/5 6009/5/5
f 6014/5/5 6010/5/5 6013/5/5
f 6019/5/5 6016/5/5 6015/5/5
f 6020/5/5 6016/5/5 6019/5/5
f 6021/5/5 6018/5/5 6017/5/5
f 6022/5/5 6018/5/5 6021/5/5
f 6027/5/5 6024/5/5 6023/5/5
f 6028/5/5 6024/5/5 6027/5/5
f 6029/5/5 6026/5/5 6025/5/5
f 6030/5/5 6026/5/5 6029/5/5
f 6035/5/5 6032/5/5 6031/5/5
f 6036/5/5 6032/5/5 6035/5/5
f 6037/5/5 6034/5/5 6033/5/5
f 6038/5/5 6034/5/5 6037/5/5
f 6043/5/5 6040/5/5 6039/5/5
f 6044/5/5 6040/5/5 6043/5/5
f 6045/5/5 6042/5/5 6041/5/5
f 6046/5/5 6042/5/5 6045/5/5
f 6051/5/5 6048/5/5 6047/5/5
f 6052/5/5 6048/5/5 6051/5/5
f 6053/5/5 6050/5/5 6049/5/5
f 6054/5/5 6050/5/5 6053/5/5
f 6061/3/5 6058/3/5 6057/3/5
f 6062/3/5 6058/3/5 6061/3/5
f 6063/3/5 6061/3/5 6057/3/5
f 6064/1/5 6062/1/5 6061/1/5
f 6064/3/5 6061/3/5 6063/3/5
f 6065/3/5 6058/3/5 6062/3/5
f 6065/1/5 6062/1/5 6064/1/5
f 6066/3/5 6058/3/5 6065/3/5
f 6067/3/5 6063/3/5 6057/3/5
f 6068/1/5 6064/1/5 6063/1/5
f 6068/3/5 6063/3/5 6067/3/5
f 6068/1/5 6065/1/5 6064/1/5
f 6068/1/5 6066/1/5 6065/1/5
f 6069/3/5 6058/3/5 6066/3/5
f 6069/1/5 6066/1/5 6068/1/5
f 6070/3/5 6058/3/5 6069/3/5
f 6071/3/5 6067/3/5 6057/3/5
f 6072/1/5 6068/1/5 6067/1/5
f 6072/3/5 6067/3/5 6071/3/5
f 6072/1/5 6069/1/5 6068/1/5
f 6072/1/5 6070/1/5 6069/1/5
f 6073/3/5 6058/3/5 6070/3/5
f 6073/1/5 6070/1/5 6072/1/5
f 6074/3/5 6058/3/5 6073/3/5
f 6075/3/5 6071/3/5 6057/3/5
f 6076/1/5 6072/1/5 6071/1/5
f 6076/3/5 6071/3/5 6075/3/5
f 6076/1/5 6073/1/5 6072/1/5
f 6076/1/5 6074/1/5 6073/1/5
f 6077/1/5 6074/1/5 6076/1/5
f 6078/1/5 6074/1/5 6077/1/5
f 6079/3/5 6058/3/5 6074/3/5
f 6079/1/5 6074/1/5 6078/1/5
f 6080/3/5 6058/3/5 6079/3/5
f 6081/1/5 6076/1/5 6075/1/5
f 6081/1/5 6077/1/5 6076/1/5
f 6082/4/5 6078/4/5 6077/4/5
f 6082/1/5 6077/1/5 6081/1/5
f 6083/1/5 6080/1/5 6079/1/5
f 6083/4/5 6078/4/5 6082/4/5
f 6083/1/5 6079/1/5 6078/1/5
f 6084/1/5 6080/1/5 6083/1/5
f 6085/3/5 6075/3/5 6057/3/5
f 6086/1/5 6081/1/5 6075/1/5
f 6086/3/5 6075/3/5 6085/3/5
f 6087/1/5 6081/1/5 6086/1/5
f 6088/4/5 6082/4/5 6081/4/5
f 6088/1/5 6081/1/5 6087/1/5
f 6088/4/5 6083/4/5 6082/4/5
f 6088/4/5 6084/4/5 6083/4/5
f 6089/1/5 6080/1/5 6084/1/5
f 6089/4/5 6084/4/5 6088/4/5
f 6090/1/5 6080/1/5 6089/1/5
f 6091/3/5 6058/3/5 6080/3/5
f 6091/1/5 6080/1/5 6090/1/5
f 6092/3/5 6058/3/5 6091/3/5
f 6093/1/5 6087/1/5 6086/1/5
f 6093/1/5 6086/1/5 6085/1/5
f 6094/4/5 6088/4/5 6087/4/5
f 6094/1/5 6087/1/5 6093/1/5
f 6094/4/5 6090/4/5 6089/4/5
f 6094/4/5 6089/4/5 6088/4/5
f 6095/1/5 6091/1/5 6090/1/5
f 6095/4/5 6090/4/5 6094/4/5
f 6095/1/5 6092/1/5 6091/1/5
f 6096/1/5 6092/1/5 6095/1/5
f 6097/4/5 6094/4/5 6093/4/5
f 6097/4/5 6095/4/5 6094/4/5
f 6097/4/5 6096/4/5 6095/4/5
f 6098/4/5 6096/4/5 6097/4/5
f 6099/1/5 6093/1/5 6085/1/5
f 6100/4/5 6097/4/5 6093/4/5
f 6100/1/5 6093/1/5 6099/1/5
f 6101/4/5 6097/4/5 6100/4/5
f 6102/5/5 6098/5/5 6097/5/5
f 6102/4/5 6097/4/5 6101/4/5
f 6103/4/5 6096/4/5 6098/4/5
f 6103/5/5 6098/5/5 6102/5/5
f 6104/1/5 6092/1/5 6096/1/5
f 6104/4/5 6096/4/5 6103/4/5
f 6105/1/5 6092/1/5 6104/1/5
f 6106/3/5 6058/3/5 6092/3/5
f 6106/1/5 6092/1/5 6105/1/5
f 6107/3/5 6058/3/5 6106/3/5
f 6108/4/5 6101/4/5 6100/4/5
f 6108/4/5 6100/4/5 6099/4/5
f 6109/4/5 6101/4/5 6108/4/5
f 6110/4/5 6101/4/5 6109/4/5
f 6111/5/5 6102/5/5 6101/5/5
f 6111/4/5 6101/4/5 6110/4/5
f 6112/4/5 6103/4/5 6102/4/5
f 6112/5/5 6102/5/5 6111/5/5
f 6112/4/5 6105/4/5 6104/4/5
f 6112/4/5 6104/4/5 6103/4/5
f 6113/1/5 6099/1/5 6085/1/5
f 6114/4/5 6108/4/5 6099/4/5
f 6114/1/5 6099/1/5 6113/1/5
f 6115/5/5 6109/5/5 6108/5/5
f 6115/4/5 6108/4/5 6114/4/5
f 6116/4/5 6110/4/5 6109/4/5
f 6116/5/5 6109/5/5 6115/5/5
f 6117/5/5 6111/5/5 6110/5/5
f 6117/4/5 6110/4/5 6116/4/5
f 6118/4/5 6112/4/5 6111/4/5
f 6118/5/5 6111/5/5 6117/5/5
f 6119/4/5 6105/4/5 6112/4/5
f 6119/4/5 6112/4/5 6118/4/5
f 6119/1/5 6107/1/5 6106/1/5
f 6119/1/5 6106/1/5 6105/1/5
f 6120/1/5 6107/1/5 6119/1/5
f 6121/4/5 6115/4/5 6114/4/5
f 6121/4/5 6116/4/5 6115/4/5
f 6121/4/5 6114/4/5 6113/4/5
f 6121/5/5 6117/5/5 6116/5/5
f 6122/4/5 6120/4/5 6119/4/5
f 6122/5/5 6117/5/5 6121/5/5
f 6122/4/5 6119/4/5 6118/4/5
f 6122/4/5 6118/4/5 6117/4/5
f 6123/5/5 6056/5/5 6055/5/5
f 6124/5/5 6056/5/5 6123/5/5
f 6125/5/5 6060/5/5 6059/5/5
f 6126/5/5 6060/5/5 6125/5/5
f 6131/4/5 6121/4/5 6113/4/5
f 6131/1/5 6113/1/5 6085/1/5
f 6131/4/5 6122/4/5 6121/4/5
f 6132/4/5 6122/4/5 6131/4/5
f 6133/4/5 6120/4/5 6122/4/5
f 6133/4/5 6122/4/5 6132/4/5
f 6134/1/5 6107/1/5 6120/1/5
f 6134/4/5 6120/4/5 6133/4/5
f 6135/1/5 6132/1/5 6131/1/5
f 6135/4/5 6133/4/5 6132/4/5
f 6136/4/5 6133/4/5 6135/4/5
f 6137/4/5 6133/4/5 6136/4/5
f 6138/1/5 6134/1/5 6133/1/5
f 6138/4/5 6133/4/5 6137/4/5
f 6139/1/5 6107/1/5 6134/1/5
f 6139/1/5 6134/1/5 6138/1/5
f 6139/1/5 6138/1/5 6137/1/5
f 6140/3/5 6058/3/5 6107/3/5
f 6140/1/5 6107/1/5 6139/1/5
f 6141/1/5 6136/1/5 6135/1/5
f 6141/4/5 6137/4/5 6136/4/5
f 6142/4/5 6137/4/5 6141/4/5
f 6143/4/5 6137/4/5 6142/4/5
f 6144/1/5 6139/1/5 6137/1/5
f 6144/4/5 6137/4/5 6143/4/5
f 6145/3/5 6085/3/5 6057/3/5
f 6145/1/5 6131/1/5 6085/1/5
f 6145/1/5 6135/1/5 6131/1/5
f 6145/1/5 6142/1/5 6141/1/5
f 6145/1/5 6141/1/5 6135/1/5
f 6146/1/5 6142/1/5 6145/1/5
f 6147/4/5 6143/4/5 6142/4/5
f 6147/1/5 6142/1/5 6146/1/5
f 6148/4/5 6143/4/5 6147/4/5
f 6149/4/5 6143/4/5 6148/4/5
f 6150/1/5 6144/1/5 6143/1/5
f 6150/4/5 6143/4/5 6149/4/5
f 6151/1/5 6139/1/5 6144/1/5
f 6151/1/5 6144/1/5 6150/1/5
f 6152/3/5 6140/3/5 6139/3/5
f 6152/1/5 6139/1/5 6151/1/5
f 6153/4/5 6149/4/5 6148/4/5
f 6153/1/5 6147/1/5 6146/1/5
f 6153/1/5 6148/1/5 6147/1/5
f 6154/4/5 6149/4/5 6153/4/5
f 6155/4/5 6149/4/5 6154/4/5
f 6156/1/5 6151/1/5 6150/1/5
f 6156/4/5 6149/4/5 6155/4/5
f 6156/1/5 6150/1/5 6149/1/5
f 6157/1/5 6154/1/5 6153/1/5
f 6157/3/5 6146/3/5 6145/3/5
f 6157/1/5 6153/1/5 6146/1/5
f 6158/1/5 6154/1/5 6157/1/5
f 6159/4/5 6155/4/5 6154/4/5
f 6159/1/5 6154/1/5 6158/1/5
f 6160/1/5 6156/1/5 6155/1/5
f 6160/4/5 6155/4/5 6159/4/5
f 6161/1/5 6151/1/5 6156/1/5
f 6161/1/5 6156/1/5 6160/1/5
f 6162/3/5 6152/3/5 6151/3/5
f 6162/1/5 6151/1/5 6161/1/5
f 6163/3/5 6158/3/5 6157/3/5
f 6163/1/5 6160/1/5 6159/1/5
f 6163/1/5 6159/1/5 6158/1/5
f 6163/1/5 6161/1/5 6160/1/5
f 6164/1/5 6161/1/5 6163/1/5
f 6165/1/5 6161/1/5 6164/1/5
f 6166/3/5 6162/3/5 6161/3/5
f 6166/1/5 6161/1/5 6165/1/5
f 6167/1/5 6165/1/5 6164/1/5
f 6167/3/5 6164/3/5 6163/3/5
f 6168/1/5 6165/1/5 6167/1/5
f 6169/1/5 6165/1/5 6168/1/5
f 6170/3/5 6166/3/5 6165/3/5
f 6170/1/5 6165/1/5 6169/1/5
f 6171/1/5 6169/1/5 6168/1/5
f 6171/3/5 6168/3/5 6167/3/5
f 6172/1/5 6169/1/5 6171/1/5
f 6173/1/5 6169/1/5 6172/1/5
f 6174/3/5 6170/3/5 6169/3/5
f 6174/1/5 6169/1/5 6173/1/5
f 6175/1/5 6173/1/5 6172/1/5
f 6175/3/5 6172/3/5 6171/3/5
f 6176/3/5 6174/3/5 6173/3/5
f 6176/1/5 6173/1/5 6175/1/5
f 6177/5/5 6128/5/5 6127/5/5
f 6178/5/5 6128/5/5 6177/5/5
f 6179/3/5 6157/3/5 6145/3/5
f 6179/3/5 6145/3/5 6057/3/5
f 6179/3/5 6163/3/5 6157/3/5
f 6179/3/5 6176/3/5 6175/3/5
f 6179/3/5 6175/3/5 6171/3/5
f 6179/3/5 6171/3/5 6167/3/5
f 6179/3/5 6167/3/5 6163/3/5
f 6180/3/5 6058/3/5 6140/3/5
f 6180/3/5 6176/3/5 6179/3/5
f 6180/3/5 6152/3/5 6162/3/5
f 6180/3/5 6166/3/5 6170/3/5
f 6180/3/5 6170/3/5 6174/3/5
f 6180/3/5 6162/3/5 6166/3/5
f 6180/3/5 6140/3/5 6152/3/5
f 6180/3/5 6174/3/5 6176/3/5
f 6181/5/5 6130/5/5 6129/5/5
f 6182/5/5 6130/5/5 6181/5/5
f 6187/5/5 6184/5/5 6183/5/5
f 6188/5/5 6184/5/5 6187/5/5
f 6189/5/5 6186/5/5 6185/5/5
f 6190/5/5 6186/5/5 6189/5/5
f 6191/2/6 6192/2/6 6195/2/6
f 6195/2/6 6192/2/6 6196/2/6
f 6193/2/6 6194/2/6 6197/2/6
f 6197/2/6 6194/2/6 6198/2/6
f 6201/3/6 6202/3/6 6205/3/6
f 6205/3/6 6202/3/6 6206/3/6
f 6201/3/6 6205/3/6 6207/3/6
f 6205/1/6 6206/1/6 6208/1/6
f 6207/3/6 6205/3/6 6208/3/6
f 6206/3/6 6202/3/6 6209/3/6
f 6208/1/6 6206/1/6 6209/1/6
f 6209/3/6 6202/3/6 6210/3/6
f 6201/3/6 6207/3/6 6211/3/6
f 6207/1/6 6208/1/6 6212/1/6
f 6211/3/6 6207/3/6 6212/3/6
f 6208/1/6 6209/1/6 6212/1/6
f 6209/1/6 6210/1/6 6212/1/6
f 6210/3/6 6202/3/6 6213/3/6
f 6212/1/6 6210/1/6 6213/1/6
f 6213/3/6 6202/3/6 6214/3/6
f 6201/3/6 6211/3/6 6215/3/6
f 6211/1/6 6212/1/6 6216/1/6
f 6215/3/6 6211/3/6 6216/3/6
f 6212/1/6 6213/1/6 6216/1/6
f 6213/1/6 6214/1/6 6216/1/6
f 6214/3/6 6202/3/6 6217/3/6
f 6216/1/6 6214/1/6 6217/1/6
f 6217/3/6 6202/3/6 6218/3/6
f 6201/3/6 6215/3/6 6219/3/6
f 6215/1/6 6216/1/6 6220/1/6
f 6219/3/6 6215/3/6 6220/3/6
f 6216/1/6 6217/1/6 6220/1/6
f 6217/1/6 6218/1/6 6220/1/6
f 6220/1/6 6218/1/6 6221/1/6
f 6221/1/6 6218/1/6 6222/1/6
f 6218/3/6 6202/3/6 6223/3/6
f 6222/1/6 6218/1/6 6223/1/6
f 6223/3/6 6202/3/6 6224/3/6
f 6219/1/6 6220/1/6 6225/1/6
f 6220/1/6 6221/1/6 6225/1/6
f 6221/4/6 6222/4/6 6226/4/6
f 6225/1/6 6221/1/6 6226/1/6
f 6223/1/6 6224/1/6 6227/1/6
f 6226/4/6 6222/4/6 6227/4/6
f 6222/1/6 6223/1/6 6227/1/6
f 6227/1/6 6224/1/6 6228/1/6
f 6201/3/6 6219/3/6 6229/3/6
f 6219/1/6 6225/1/6 6230/1/6
f 6229/3/6 6219/3/6 6230/3/6
f 6230/1/6 6225/1/6 6231/1/6
f 6225/4/6 6226/4/6 6232/4/6
f 6231/1/6 6225/1/6 6232/1/6
f 6226/4/6 6227/4/6 6232/4/6
f 6227/4/6 6228/4/6 6232/4/6
f 6228/1/6 6224/1/6 6233/1/6
f 6232/4/6 6228/4/6 6233/4/6
f 6233/1/6 6224/1/6 6234/1/6
f 6224/3/6 6202/3/6 6235/3/6
f 6234/1/6 6224/1/6 6235/1/6
f 6235/3/6 6202/3/6 6236/3/6
f 6230/1/6 6231/1/6 6237/1/6
f 6229/1/6 6230/1/6 6237/1/6
f 6231/4/6 6232/4/6 6238/4/6
f 6237/1/6 6231/1/6 6238/1/6
f 6233/4/6 6234/4/6 6238/4/6
f 6232/4/6 6233/4/6 6238/4/6
f 6234/1/6 6235/1/6 6239/1/6
f 6238/4/6 6234/4/6 6239/4/6
f 6235/1/6 6236/1/6 6239/1/6
f 6239/1/6 6236/1/6 6240/1/6
f 6229/1/6 6237/1/6 6241/1/6
f 6237/4/6 6238/4/6 6242/4/6
f 6241/1/6 6237/1/6 6242/1/6
f 6238/4/6 6239/4/6 6242/4/6
f 6239/4/6 6240/4/6 6242/4/6
f 6240/1/6 6236/1/6 6243/1/6
f 6242/4/6 6240/4/6 6243/4/6
f 6243/1/6 6236/1/6 6244/1/6
f 6236/3/6 6202/3/6 6245/3/6
f 6244/1/6 6236/1/6 6245/1/6
f 6245/3/6 6202/3/6 6246/3/6
f 6229/1/6 6241/1/6 6247/1/6
f 6241/4/6 6242/4/6 6248/4/6
f 6247/1/6 6241/1/6 6248/1/6
f 6243/4/6 6244/4/6 6248/4/6
f 6242/4/6 6243/4/6 6248/4/6
f 6245/1/6 6246/1/6 6249/1/6
f 6248/4/6 6244/4/6 6249/4/6
f 6244/1/6 6245/1/6 6249/1/6
f 6249/1/6 6246/1/6 6250/1/6
f 6199/2/6 6200/2/6 6251/2/6
f 6251/2/6 6200/2/6 6252/2/6
f 6203/2/6 6204/2/6 6253/2/6
f 6253/2/6 6204/2/6 6254/2/6
f 6229/1/6 6247/1/6 6259/1/6
f 6247/4/6 6248/4/6 6259/4/6
f 6248/4/6 6249/4/6 6259/4/6
f 6249/4/6 6250/4/6 6259/4/6
f 6259/4/6 6250/4/6 6260/4/6
f 6260/4/6 6250/4/6 6261/4/6
f 6250/1/6 6246/1/6 6262/1/6
f 6261/4/6 6250/4/6 6262/4/6
f 6260/4/6 6261/4/6 6263/4/6
f 6259/1/6 6260/1/6 6263/1/6
f 6263/4/6 6261/4/6 6264/4/6
f 6264/4/6 6261/4/6 6265/4/6
f 6261/1/6 6262/1/6 6266/1/6
f 6265/4/6 6261/4/6 6266/4/6
f 6262/1/6 6246/1/6 6267/1/6
f 6266/1/6 6262/1/6 6267/1/6
f 6265/1/6 6266/1/6 6267/1/6
f 6246/3/6 6202/3/6 6268/3/6
f 6267/1/6 6246/1/6 6268/1/6
f 6263/1/6 6264/1/6 6269/1/6
f 6264/4/6 6265/4/6 6269/4/6
f 6269/4/6 6265/4/6 6270/4/6
f 6270/4/6 6265/4/6 6271/4/6
f 6265/1/6 6267/1/6 6272/1/6
f 6271/4/6 6265/4/6 6272/4/6
f 6201/3/6 6229/3/6 6273/3/6
f 6229/1/6 6259/1/6 6273/1/6
f 6259/1/6 6263/1/6 6273/1/6
f 6269/1/6 6270/1/6 6273/1/6
f 6263/1/6 6269/1/6 6273/1/6
f 6273/1/6 6270/1/6 6274/1/6
f 6270/4/6 6271/4/6 6275/4/6
f 6274/1/6 6270/1/6 6275/1/6
f 6275/4/6 6271/4/6 6276/4/6
f 6276/4/6 6271/4/6 6277/4/6
f 6271/1/6 6272/1/6 6278/1/6
f 6277/4/6 6271/4/6 6278/4/6
f 6272/1/6 6267/1/6 6279/1/6
f 6278/1/6 6272/1/6 6279/1/6
f 6267/3/6 6268/3/6 6280/3/6
f 6279/1/6 6267/1/6 6280/1/6
f 6276/4/6 6277/4/6 6281/4/6
f 6274/1/6 6275/1/6 6281/1/6
f 6275/1/6 6276/1/6 6281/1/6
f 6281/4/6 6277/4/6 6282/4/6
f 6282/4/6 6277/4/6 6283/4/6
f 6277/1/6 6278/1/6 6284/1/6
f 6283/4/6 6277/4/6 6284/4/6
f 6278/1/6 6279/1/6 6284/1/6
f 6273/3/6 6274/3/6 6285/3/6
f 6281/1/6 6282/1/6 6285/1/6
f 6274/1/6 6281/1/6 6285/1/6
f 6285/1/6 6282/1/6 6286/1/6
f 6282/4/6 6283/4/6 6287/4/6
f 6286/1/6 6282/1/6 6287/1/6
f 6283/1/6 6284/1/6 6288/1/6
f 6287/4/6 6283/4/6 6288/4/6
f 6284/1/6 6279/1/6 6289/1/6
f 6288/1/6 6284/1/6 6289/1/6
f 6279/3/6 6280/3/6 6290/3/6
f 6289/1/6 6279/1/6 6290/1/6
f 6285/3/6 6286/3/6 6291/3/6
f 6287/1/6 6288/1/6 6291/1/6
f 6286/1/6 6287/1/6 6291/1/6
f 6288/1/6 6289/1/6 6291/1/6
f 6291/1/6 6289/1/6 6292/1/6
f 6292/1/6 6289/1/6 6293/1/6
f 6289/3/6 6290/3/6 6294/3/6
f 6293/1/6 6289/1/6 6294/1/6
f 6292/1/6 6293/1/6 6295/1/6
f 6291/3/6 6292/3/6 6295/3/6
f 6295/1/6 6293/1/6 6296/1/6
f 6296/1/6 6293/1/6 6297/1/6
f 6293/3/6 6294/3/6 6298/3/6
f 6297/1/6 6293/1/6 6298/1/6
f 6296/1/6 6297/1/6 6299/1/6
f 6295/3/6 6296/3/6 6299/3/6
f 6299/1/6 6297/1/6 6300/1/6
f 6300/1/6 6297/1/6 6301/1/6
f 6297/3/6 6298/3/6 6302/3/6
f 6301/1/6 6297/1/6 6302/1/6
f 6300/1/6 6301/1/6 6303/1/6
f 6299/3/6 6300/3/6 6303/3/6
f 6301/3/6 6302/3/6 6304/3/6
f 6303/1/6 6301/1/6 6304/1/6
f 6255/2/6 6256/2/6 6305/2/6
f 6305/2/6 6256/2/6 6306/2/6
f 6273/3/6 6285/3/6 6307/3/6
f 6201/3/6 6273/3/6 6307/3/6
f 6285/3/6 6291/3/6 6307/3/6
f 6303/3/6 6304/3/6 6307/3/6
f 6299/3/6 6303/3/6 6307/3/6
f 6295/3/6 6299/3/6 6307/3/6
f 6291/3/6 6295/3/6 6307/3/6
f 6268/3/6 6202/3/6 6308/3/6
f 6307/3/6 6304/3/6 6308/3/6
f 6290/3/6 6280/3/6 6308/3/6
f 6298/3/6 6294/3/6 6308/3/6
f 6302/3/6 6298/3/6 6308/3/6
f 6294/3/6 6290/3/6 6308/3/6
f 6304/3/6 6302/3/6 6308/3/6
f 6280/3/6 6268/3/6 6308/3/6
f 6257/2/6 6258/2/6 6309/2/6
f 6309/2/6 6258/2/6 6310/2/6
f 6311/2/6 6312/2/6 6315/2/6
f 6315/2/6 6312/2/6 6316/2/6
f 6313/2/6 6314/2/6 6317/2/6
f 6317/2/6 6314/2/6 6318/2/6
f 6319/2/6 6320/2/6 6323/2/6
f 6323/2/6 6320/2/6 6324/2/6
f 6321/2/6 6322/2/6 6325/2/6
f 6325/2/6 6322/2/6 6326/2/6
f 6327/2/6 6328/2/6 6331/2/6
f 6331/2/6 6328/2/6 6332/2/6
f 6329/2/6 6330/2/6 6333/2/6
f 6333/2/6 6330/2/6 6334/2/6
f 6335/2/6 6336/2/6 6339/2/6
f 6339/2/6 6336/2/6 6340/2/6
f 6337/2/6 6338/2/6 6341/2/6
f 6341/2/6 6338/2/6 6342/2/6
f 6343/2/6 6344/2/6 6347/2/6
f 6347/2/6 6344/2/6 6348/2/6
f 6345/2/6 6346/2/6 6349/2/6
f 6349/2/6 6346/2/6 6350/2/6
f 6351/2/6 6352/2/6 6355/2/6
f 6355/2/6 6352/2/6 6356/2/6
f 6353/2/6 6354/2/6 6357/2/6
f 6357/2/6 6354/2/6 6358/2/6
f 6359/2/6 6360/2/6 6363/2/6
f 6363/2/6 6360/2/6 6364/2/6
f 6361/2/6 6362/2/6 6365/2/6
f 6365/2/6 6362/2/6 6366/2/6
f 6367/2/6 6368/2/6 6371/2/6
f 6371/2/6 6368/2/6 6372/2/6
f 6369/2/6 6370/2/6 6373/2/6
f 6373/2/6 6370/2/6 6374/2/6
f 6375/2/6 6376/2/6 6379/2/6
f 6379/2/6 6376/2/6 6380/2/6
f 6377/2/6 6378/2/6 6381/2/6
f 6381/2/6 6378/2/6 6382/2/6
f 6383/2/6 6384/2/6 6387/2/6
f 6387/2/6 6384/2/6 6388/2/6
f 6385/2/6 6386/2/6 6389/2/6
f 6389/2/6 6386/2/6 6390/2/6
f 6391/2/6 6392/2/6 6395/2/6
f 6395/2/6 6392/2/6 6396/2/6
f 6393/2/6 6394/2/6 6397/2/6
f 6397/2/6 6394/2/6 6398/2/6
f 6399/2/6 6400/2/6 6403/2/6
f 6403/2/6 6400/2/6 6404/2/6
f 6401/2/6 6402/2/6 6405/2/6
f 6405/2/6 6402/2/6 6406/2/6
f 6407/2/6 6408/2/6 6411/2/6
f 6411/2/6 6408/2/6 6412/2/6
f 6409/2/6 6410/2/6 6413/2/6
f 6413/2/6 6410/2/6 6414/2/6
f 6415/2/6 6416/2/6 6419/2/6
f 6419/2/6 6416/2/6 6420/2/6
f 6417/2/6 6418/2/6 6421/2/6
f 6421/2/6 6418/2/6 6422/2/6
f 6423/2/6 6424/2/6 6427/2/6
f 6427/2/6 6424/2/6 6428/2/6
f 6425/2/6 6426/2/6 6429/2/6
f 6429/2/6 6426/2/6 6430/2/6
f 6431/2/6 6432/2/6 6435/2/6
f 6435/2/6 6432/2/6 6436/2/6
f 6433/2/6 6434/2/6 6437/2/6
f 6437/2/6 6434/2/6 6438/2/6
f 6439/2/6 6440/2/6 6443/2/6
f 6443/2/6 6440/2/6 6444/2/6
f 6441/2/6 6442/2/6 6445/2/6
f 6445/2/6 6442/2/6 6446/2/6
f 6447/2/6 6448/2/6 6451/2/6
f 6451/2/6 6448/2/6 6452/2/6
f 6449/2/6 6450/2/6 6453/2/6
f 6453/2/6 6450/2/6 6454/2/6
f 6455/2/6 6456/2/6 6459/2/6
f 6459/2/6 6456/2/6 6460/2/6
f 6457/2/6 6458/2/6 6461/2/6
f 6461/2/6 6458/2/6 6462/2/6
f 6463/2/6 6464/2/6 6467/2/6
f 6467/2/6 6464/2/6 6468/2/6
f 6465/2/6 6466/2/6 6469/2/6
f 6469/2/6 6466/2/6 6470/2/6
f 6471/2/6 6472/2/6 6475/2/6
f 6475/2/6 6472/2/6 6476/2/6
f 6473/2/6 6474/2/6 6477/2/6
f 6477/2/6 6474/2/6 6478/2/6
f 6479/2/6 6480/2/6 6483/2/6
f 6483/2/6 6480/2/6 6484/2/6
f 6481/2/6 6482/2/6 6485/2/6
f 6485/2/6 6482/2/6 6486/2/6
f 6487/2/6 6488/2/6 6491/2/6
f 6491/2/6 6488/2/6 6492/2/6
f 6489/2/6 6490/2/6 6493/2/6
f 6493/2/6 6490/2/6 6494/2/6
f 6495/2/6 6496/2/6 6499/2/6
f 6499/2/6 6496/2/6 6500/2/6
f 6497/2/6 6498/2/6 6501/2/6
f 6501/2/6 6498/2/6 6502/2/6
f 6503/2/6 6504/2/6 6507/2/6
f 6507/2/6 6504/2/6 6508/2/6
f 6505/2/6 6506/2/6 6509/2/6
f 6509/2/6 6506/2/6 6510/2/6
f 6511/2/6 6512/2/6 6515/2/6
f 6515/2/6 6512/2/6 6516/2/6
f 6513/2/6 6514/2/6 6517/2/6
f 6517/2/6 6514/2/6 6518/2/6
f 6519/2/6 6520/2/6 6523/2/6
f 6523/2/6 6520/2/6 6524/2/6
f 6521/2/6 6522/2/6 6525/2/6
f 6525/2/6 6522/2/6 6526/2/6
f 6527/2/6 6528/2/6 6531/2/6
f 6531/2/6 6528/2/6 6532/2/6
f 6529/2/6 6530/2/6 6533/2/6
f 6533/2/6 6530/2/6 6534/2/6
f 6535/2/6 6536/2/6 6539/2/6
f 6539/2/6 6536/2/6 6540/2/6
f 6537/2/6 6538/2/6 6541/2/6
f 6541/2/6 6538/2/6 6542/2/6
f 6543/2/6 6544/2/6 6547/2/6
f 6547/2/6 6544/2/6 6548/2/6
f 6545/2/6 6546/2/6 6549/2/6
f 6549/2/6 6546/2/6 6550/2/6
f 6551/2/6 6552/2/6 6555/2/6
f 6555/2/6 6552/2/6 6556/2/6
f 6553/2/6 6554/2/6 6557/2/6
f 6557/2/6 6554/2/6 6558/2/6
f 6559/2/6 6560/2/6 6563/2/6
f 6563/2/6 6560/2/6 6564/2/6
f 6561/2/6 6562/2/6 6565/2/6
f 6565/2/6 6562/2/6 6566/2/6
f 6567/2/6 6568/2/6 6571/2/6
f 6571/2/6 6568/2/6 6572/2/6
f 6569/2/6 6570/2/6 6573/2/6
f 6573/2/6 6570/2/6 6574/2/6
f 6575/2/6 6576/2/6 6579/2/6
f 6579/2/6 6576/2/6 6580/2/6
f 6577/2/6 6578/2/6 6581/2/6
f 6581/2/6 6578/2/6 6582/2/6
f 6583/2/6 6584/2/6 6587/2/6
f 6587/2/6 6584/2/6 6588/2/6
f 6585/2/6 6586/2/6 6589/2/6
f 6589/2/6 6586/2/6 6590/2/6
f 6591/2/6 6592/2/6 6595/2/6
f 6595/2/6 6592/2/6 6596/2/6
f 6593/2/6 6594/2/6 6597/2/6
f 6597/2/6 6594/2/6 6598/2/6
f 6599/2/6 6600/2/6 6603/2/6
f 6603/2/6 6600/2/6 6604/2/6
f 6601/2/6 6602/2/6 6605/2/6
f 6605/2/6 6602/2/6 6606/2/6
f 6607/2/6 6608/2/6 6611/2/6
f 6611/2/6 6608/2/6 6612/2/6
f 6609/2/6 6610/2/6 6613/2/6
f 6613/2/6 6610/2/6 6614/2/6
f 6615/2/6 6616/2/6 6619/2/6
f 6619/2/6 6616/2/6 6620/2/6
f 6617/2/6 6618/2/6 6621/2/6
f 6621/2/6 6618/2/6 6622/2/6
f 6623/2/6 6624/2/6 6627/2/6
f 6627/2/6 6624/2/6 6628/2/6
f 6625/2/6 6626/2/6 6629/2/6
f 6629/2/6 6626/2/6 6630/2/6
f 6631/2/6 6632/2/6 6635/2/6
f 6635/2/6 6632/2/6 6636/2/6
f 6633/2/6 6634/2/6 6637/2/6
f 6637/2/6 6634/2/6 6638/2/6
f 6639/2/6 6640/2/6 6643/2/6
f 6643/2/6 6640/2/6 6644/2/6
f 6641/2/6 6642/2/6 6645/2/6
f 6645/2/6 6642/2/6 6646/2/6
f 6647/2/6 6648/2/6 6651/2/6
f 6651/2/6 6648/2/6 6652/2/6
f 6649/2/6 6650/2/6 6653/2/6
f 6653/2/6 6650/2/6 6654/2/6
f 6655/2/6 6656/2/6 6659/2/6
f 6659/2/6 6656/2/6 6660/2/6
f 6657/2/6 6658/2/6 6661/2/6
f 6661/2/6 6658/2/6 6662/2/6
f 6663/2/6 6664/2/6 6667/2/6
f 6667/2/6 6664/2/6 6668/2/6
f 6665/2/6 6666/2/6 6669/2/6
f 6669/2/6 6666/2/6 6670/2/6
f 6671/2/6 6672/2/6 6675/2/6
f 6675/2/6 6672/2/6 6676/2/6
f 6673/2/6 6674/2/6 6677/2/6
f 6677/2/6 6674/2/6 6678/2/6
f 6679/2/6 6680/2/6 6683/2/6
f 6683/2/6 6680/2/6 6684/2/6
f 6681/2/6 6682/2/6 6685/2/6
f 6685/2/6 6682/2/6 6686/2/6
f 6687/2/6 6688/2/6 6691/2/6
f 6691/2/6 6688/2/6 6692/2/6
f 6689/2/6 6690/2/6 6693/2/6
f 6693/2/6 6690/2/6 6694/2/6
f 6695/2/6 6696/2/6 6699/2/6
f 6699/2/6 6696/2/6 6700/2/6
f 6697/2/6 6698/2/6 6701/2/6
f 6701/2/6 6698/2/6 6702/2/6
f 6703/2/6 6704/2/6 6707/2/6
f 6707/2/6 6704/2/6 6708/2/6
f 6708/2/6 6704/2/6 6709/2/6
f 6705/2/6 6706/2/6 6710/2/6
f 6710/2/6 6706/2/6 6711/2/6
f 6711/2/6 6706/2/6 6712/2/6
f 6713/2/6 6714/2/6 6717/2/6
f 6715/2/6 6716/2/6 6718/2/6
f 6713/2/6 6717/2/6 6719/2/6
f 6719/2/6 6717/2/6 6720/2/6
f 6718/2/6 6716/2/6 6721/2/6
f 6721/2/6 6716/2/6 6722/2/6
f 6723/2/6 6724/2/6 6727/2/6
f 6725/2/6 6726/2/6 6728/2/6
f 6723/2/6 6727/2/6 6729/2/6
f 6729/2/6 6727/2/6 6730/2/6
f 6728/2/6 6726/2/6 6731/2/6
f 6731/2/6 6726/2/6 6732/2/6
f 6733/2/6 6734/2/6 6739/2/6
f 6734/2/6 6735/2/6 6739/2/6
f 6739/2/6 6735/2/6 6740/2/6
f 6737/2/6 6738/2/6 6741/2/6
f 6736/2/6 6737/2/6 6741/2/6
f 6741/2/6 6738/2/6 6742/2/6
f 6743/2/6 6744/2/6 6751/2/6
f 6751/2/6 6744/2/6 6752/2/6
f 6745/2/6 6746/2/6 6753/2/6
f 6753/2/6 6746/2/6 6754/2/6
f 6747/2/6 6748/2/6 6755/2/6
f 6755/2/6 6748/2/6 6756/2/6
f 6749/2/6 6750/2/6 6757/2/6
f 6757/2/6 6750/2/6 6758/2/6
f 6759/2/6 6760/2/6 6763/2/6
f 6763/2/6 6760/2/6 6764/2/6
f 6761/2/6 6762/2/6 6765/2/6
f 6765/2/6 6762/2/6 6766/2/6
f 6767/2/6 6768/2/6 6771/2/6
f 6771/2/6 6768/2/6 6772/2/6
f 6769/2/6 6770/2/6 6773/2/6
f 6773/2/6 6770/2/6 6774/2/6
f 6775/2/6 6776/2/6 6779/2/6
f 6779/2/6 6776/2/6 6780/2/6
f 6777/2/6 6778/2/6 6781/2/6
f 6781/2/6 6778/2/6 6782/2/6
f 6783/2/6 6784/2/6 6787/2/6
f 6787/2/6 6784/2/6 6788/2/6
f 6785/2/6 6786/2/6 6789/2/6
f 6789/2/6 6786/2/6 6790/2/6
f 6791/2/6 6792/2/6 6799/2/6
f 6799/2/6 6792/2/6 6800/2/6
f 6793/2/6 6794/2/6 6801/2/6
f 6801/2/6 6794/2/6 6802/2/6
f 6795/2/6 6796/2/6 6803/2/6
f 6803/2/6 6796/2/6 6804/2/6
f 6797/2/6 6798/2/6 6805/2/6
f 6805/2/6 6798/2/6 6806/2/6
f 6807/2/6 6808/2/6 6811/2/6
f 6811/2/6 6808/2/6 6812/2/6
f 6809/2/6 6810/2/6 6813/2/6
f 6813/2/6 6810/2/6 6814/2/6
f 6815/2/6 6816/2/6 6819/2/6
f 6819/2/6 6816/2/6 6820/2/6
f 6817/2/6 6818/2/6 6821/2/6
f 6821/2/6 6818/2/6 6822/2/6
f 6823/2/6 6824/2/6 6827/2/6
f 6827/2/6 6824/2/6 6828/2/6
f 6825/2/6 6826/2/6 6829/2/6
f 6829/2/6 6826/2/6 6830/2/6
f 6831/2/6 6832/2/6 6835/2/6
f 6835/2/6 6832/2/6 6836/2/6
f 6833/2/6 6834/2/6 6837/2/6
f 6837/2/6 6834/2/6 6838/2/6
f 6839/2/6 6840/2/6 6843/2/6
f 6843/2/6 6840/2/6 6844/2/6
f 6841/2/6 6842/2/6 6845/2/6
f 6845/2/6 6842/2/6 6846/2/6
f 6847/2/6 6848/2/6 6851/2/6
f 6851/2/6 6848/2/6 6852/2/6
f 6849/2/6 6850/2/6 6853/2/6
f 6853/2/6 6850/2/6 6854/2/6
f 6855/2/6 6856/2/6 6859/2/6
f 6859/2/6 6856/2/6 6860/2/6
f 6857/2/6 6858/2/6 6861/2/6
f 6861/2/6 6858/2/6 6862/2/6
f 6863/2/6 6864/2/6 6867/2/6
f 6867/2/6 6864/2/6 6868/2/6
f 6865/2/6 6866/2/6 6869/2/6
f 6869/2/6 6866/2/6 6870/2/6
f 6871/2/6 6872/2/6 6875/2/6
f 6875/2/6 6872/2/6 6876/2/6
f 6873/2/6 6874/2/6 6877/2/6
f 6877/2/6 6874/2/6 6878/2/6
f 6879/2/6 6880/2/6 6883/2/6
f 6883/2/6 6880/2/6 6884/2/6
f 6881/2/6 6882/2/6 6885/2/6
f 6885/2/6 6882/2/6 6886/2/6
f 6887/2/6 6888/2/6 6891/2/6
f 6891/2/6 6888/2/6 6892/2/6
f 6889/2/6 6890/2/6 6893/2/6
f 6893/2/6 6890/2/6 6894/2/6
f 6895/2/6 6896/2/6 6899/2/6
f 6899/2/6 6896/2/6 6900/2/6
f 6897/2/6 6898/2/6 6901/2/6
f 6901/2/6 6898/2/6 6902/2/6
f 6903/2/6 6904/2/6 6907/2/6
f 6907/2/6 6904/2/6 6908/2/6
f 6905/2/6 6906/2/6 6909/2/6
f 6909/2/6 6906/2/6 6910/2/6
f 6911/2/6 6912/2/6 6915/2/6
f 6915/2/6 6912/2/6 6916/2/6
f 6913/2/6 6914/2/6 6917/2/6
f 6917/2/6 6914/2/6 6918/2/6
f 6919/2/6 6920/2/6 6923/2/6
f 6923/2/6 6920/2/6 6924/2/6
f 6921/2/6 6922/2/6 6925/2/6
f 6925/2/6 6922/2/6 6926/2/6
f 6927/2/6 6928/2/6 6931/2/6
f 6931/2/6 6928/2/6 6932/2/6
f 6929/2/6 6930/2/6 6933/2/6
f 6933/2/6 6930/2/6 6934/2/6
f 6935/2/6 6936/2/6 6939/2/6
f 6939/2/6 6936/2/6 6940/2/6
f 6937/2/6 6938/2/6 6941/2/6
f 6941/2/6 6938/2/6 6942/2/6
f 6943/2/6 6944/2/6 6947/2/6
f 6947/2/6 6944/2/6 6948/2/6
f 6945/2/6 6946/2/6 6949/2/6
f 6949/2/6 6946/2/6 6950/2/6
f 6951/2/6 6952/2/6 6955/2/6
f 6955/2/6 6952/2/6 6956/2/6
f 6953/2/6 6954/2/6 6957/2/6
f 6957/2/6 6954/2/6 6958/2/6
f 6959/2/6 6960/2/6 6963/2/6
f 6963/2/6 6960/2/6 6964/2/6
f 6961/2/6 6962/2/6 6965/2/6
f 6965/2/6 6962/2/6 6966/2/6
f 6967/2/6 6968/2/6 6971/2/6
f 6971/2/6 6968/2/6 6972/2/6
f 6969/2/6 6970/2/6 6973/2/6
f 6973/2/6 6970/2/6 6974/2/6
f 6975/2/6 6976/2/6 6979/2/6
f 6979/2/6 6976/2/6 6980/2/6
f 6977/2/6 6978/2/6 6981/2/6
f 6981/2/6 6978/2/6 6982/2/6
f 6983/2/6 6984/2/6 6987/2/6
f 6987/2/6 6984/2/6 6988/2/6
f 6985/2/6 6986/2/6 6989/2/6
f 6989/2/6 6986/2/6 6990/2/6
f 6991/2/6 6992/2/6 6995/2/6
f 6995/2/6 6992/2/6 6996/2/6
f 6993/2/6 6994/2/6 6997/2/6
f 6997/2/6 6994/2/6 6998/2/6
f 6999/2/6 7000/2/6 7003/2/6
f 7003/2/6 7000/2/6 7004/2/6
f 7001/2/6 7002/2/6 7005/2/6
f 7005/2/6 7002/2/6 7006/2/6
f 7007/2/6 7008/2/6 7011/2/6
f 7011/2/6 7008/2/6 7012/2/6
f 7009/2/6 7010/2/6 7013/2/6
f 7013/2/6 7010/2/6 7014/2/6
f 7015/2/6 7016/2/6 7019/2/6
f 7019/2/6 7016/2/6 7020/2/6
f 7017/2/6 7018/2/6 7021/2/6
f 7021/2/6 7018/2/6 7022/2/6
f 7023/2/6 7024/2/6 7027/2/6
f 7027/2/6 7024/2/6 7028/2/6
f 7025/2/6 7026/2/6 7029/2/6
f 7029/2/6 7026/2/6 7030/2/6
f 7031/2/6 7032/2/6 7035/2/6
f 7035/2/6 7032/2/6 7036/2/6
f 7033/2/6 7034/2/6 7037/2/6
f 7037/2/6 7034/2/6 7038/2/6
f 7039/2/6 7040/2/6 7043/2/6
f 7043/2/6 7040/2/6 7044/2/6
f 7041/2/6 7042/2/6 7045/2/6
f 7045/2/6 7042/2/6 7046/2/6
f 7047/2/6 7048/2/6 7051/2/6
f 7051/2/6 7048/2/6 7052/2/6
f 7049/2/6 7050/2/6 7053/2/6
f 7053/2/6 7050/2/6 7054/2/6
f 7055/2/6 7056/2/6 7059/2/6
f 7059/2/6 7056/2/6 7060/2/6
f 7057/2/6 7058/2/6 7061/2/6
f 7061/2/6 7058/2/6 7062/2/6
f 7063/2/6 7064/2/6 7067/2/6
f 7067/2/6 7064/2/6 7068/2/6
f 7065/2/6 7066/2/6 7069/2/6
f 7069/2/6 7066/2/6 7070/2/6
f 7071/2/6 7072/2/6 7075/2/6
f 7075/2/6 7072/2/6 7076/2/6
f 7073/2/6 7074/2/6 7077/2/6
f 7077/2/6 7074/2/6 7078/2/6
f 7079/2/6 7080/2/6 7083/2/6
f 7083/2/6 7080/2/6 7084/2/6
f 7081/2/6 7082/2/6 7085/2/6
f 7085/2/6 7082/2/6 7086/2/6
f 7087/2/6 7088/2/6 7091/2/6
f 7091/2/6 7088/2/6 7092/2/6
f 7089/2/6 7090/2/6 7093/2/6
f 7093/2/6 7090/2/6 7094/2/6
f 7095/2/6 7096/2/6 7099/2/6
f 7099/2/6 7096/2/6 7100/2/6
f 7097/2/6 7098/2/6 7101/2/6
f 7101/2/6 7098/2/6 7102/2/6
f 7103/2/6 7104/2/6 7107/2/6
f 7107/2/6 7104/2/6 7108/2/6
f 7105/2/6 7106/2/6 7109/2/6
f 7109/2/6 7106/2/6 7110/2/6
f 7111/2/6 7112/2/6 7115/2/6
f 7115/2/6 7112/2/6 7116/2/6
f 7113/2/6 7114/2/6 7117/2/6
f 7117/2/6 7114/2/6 7118/2/6
f 7119/2/6 7120/2/6 7123/2/6
f 7123/2/6 7120/2/6 7124/2/6
f 7121/2/6 7122/2/6 7125/2/6
f 7125/2/6 7122/2/6 7126/2/6
f 7127/2/6 7128/2/6 7131/2/6
f 7131/2/6 7128/2/6 7132/2/6
f 7129/2/6 7130/2/6 7133/2/6
f 7133/2/6 7130/2/6 7134/2/6
f 7135/2/6 7136/2/6 7139/2/6
f 7139/2/6 7136/2/6 7140/2/6
f 7137/2/6 7138/2/6 7141/2/6
f 7141/2/6 7138/2/6 7142/2/6
f 7143/2/6 7144/2/6 7147/2/6
f 7147/2/6 7144/2/6 7148/2/6
f 7145/2/6 7146/2/6 7149/2/6
f 7149/2/6 7146/2/6 7150/2/6
f 7151/2/6 7152/2/6 7155/2/6
f 7155/2/6 7152/2/6 7156/2/6
f 7153/2/6 7154/2/6 7157/2/6
f 7157/2/6 7154/2/6 7158/2/6
f 7159/3/6 7160/3/6 7161/3/6
f 7161/3/6 7160/3/6 7162/3/6
f 7162/3/6 7160/3/6 7163/3/6
f 7163/3/6 7160/3/6 7164/3/6
f 7162/3/6 7163/3/6 7167/3/6
f 7167/3/6 7163/3/6 7168/3/6
f 7168/3/6 7163/3/6 7169/3/6
f 7169/3/6 7163/3/6 7170/3/6
f 7170/3/6 7163/3/6 7171/3/6
f 7171/3/6 7163/3/6 7172/3/6
f 7165/3/6 7166/3/6 7175/3/6
f 7168/3/6 7169/3/6 7177/3/6
f 7177/3/6 7169/3/6 7178/3/6
f 7178/3/6 7169/3/6 7179/3/6
f 7169/1/6 7170/1/6 7180/1/6
f 7179/3/6 7169/3/6 7180/3/6
f 7170/3/6 7171/3/6 7181/3/6
f 7180/1/6 7170/1/6 7181/1/6
f 7181/3/6 7171/3/6 7182/3/6
f 7182/3/6 7171/3/6 7183/3/6
f 7183/3/6 7171/3/6 7184/3/6
f 7173/3/6 7174/3/6 7186/3/6
f 7175/3/6 7176/3/6 7187/3/6
f 7178/3/6 7179/3/6 7189/3/6
f 7189/3/6 7179/3/6 7190/3/6
f 7179/1/6 7180/1/6 7191/1/6
f 7190/3/6 7179/3/6 7191/3/6
f 7180/1/6 7181/1/6 7191/1/6
f 7181/1/6 7182/1/6 7191/1/6
f 7182/3/6 7183/3/6 7192/3/6
f 7191/1/6 7182/1/6 7192/1/6
f 7192/3/6 7183/3/6 7193/3/6
f 7193/3/6 7183/3/6 7194/3/6
f 7185/3/6 7186/3/6 7196/3/6
f 7187/3/6 7188/3/6 7197/3/6
f 7190/1/6 7191/1/6 7199/1/6
f 7191/1/6 7192/1/6 7199/1/6
f 7192/1/6 7193/1/6 7199/1/6
f 7199/1/6 7193/1/6 7200/1/6
f 7200/1/6 7193/1/6 7201/1/6
f 7201/1/6 7193/1/6 7202/1/6
f 7195/3/6 7196/3/6 7204/3/6
f 7197/3/6 7198/3/6 7205/3/6
f 7200/1/6 7201/1/6 7207/1/6
f 7207/1/6 7201/1/6 7208/1/6
f 7208/1/6 7201/1/6 7209/1/6
f 7209/1/6 7201/1/6 7210/1/6
f 7203/3/6 7204/3/6 7212/3/6
f 7187/3/6 7197/3/6 7213/3/6
f 7197/3/6 7205/3/6 7213/3/6
f 7205/1/6 7206/1/6 7214/1/6
f 7213/3/6 7205/3/6 7214/3/6
f 7214/1/6 7206/1/6 7215/1/6
f 7208/1/6 7209/1/6 7217/1/6
f 7217/1/6 7209/1/6 7218/1/6
f 7218/1/6 7209/1/6 7219/1/6
f 7219/1/6 7209/1/6 7220/1/6
f 7220/1/6 7209/1/6 7221/1/6
f 7221/1/6 7209/1/6 7222/1/6
f 7211/3/6 7212/3/6 7224/3/6
f 7212/3/6 7204/3/6 7225/3/6
f 7224/3/6 7212/3/6 7225/3/6
f 7215/1/6 7216/1/6 7226/1/6
f 7213/1/6 7214/1/6 7226/1/6
f 7214/1/6 7215/1/6 7226/1/6
f 7218/1/6 7219/1/6 7228/1/6
f 7228/1/6 7219/1/6 7229/1/6
f 7219/4/6 7220/4/6 7230/4/6
f 7229/1/6 7219/1/6 7230/1/6
f 7220/1/6 7221/1/6 7231/1/6
f 7230/4/6 7220/4/6 7231/4/6
f 7231/1/6 7221/1/6 7232/1/6
f 7232/1/6 7221/1/6 7233/1/6
f 7223/1/6 7224/1/6 7235/1/6
f 7224/1/6 7225/1/6 7235/1/6
f 7175/3/6 7187/3/6 7236/3/6
f 7187/3/6 7213/3/6 7236/3/6
f 7226/1/6 7227/1/6 7237/1/6
f 7236/3/6 7213/3/6 7237/3/6
f 7213/1/6 7226/1/6 7237/1/6
f 7237/1/6 7227/1/6 7238/1/6
f 7231/4/6 7232/4/6 7240/4/6
f 7229/4/6 7230/4/6 7240/4/6
f 7230/4/6 7231/4/6 7240/4/6
f 7240/4/6 7232/4/6 7241/4/6
f 7241/4/6 7232/4/6 7242/4/6
f 7242/4/6 7232/4/6 7243/4/6
f 7234/1/6 7235/1/6 7245/1/6
f 7225/3/6 7204/3/6 7246/3/6
f 7235/1/6 7225/1/6 7246/1/6
f 7245/1/6 7235/1/6 7246/1/6
f 7204/3/6 7196/3/6 7247/3/6
f 7246/3/6 7204/3/6 7247/3/6
f 7237/1/6 7238/1/6 7248/1/6
f 7236/1/6 7237/1/6 7248/1/6
f 7238/4/6 7239/4/6 7249/4/6
f 7248/1/6 7238/1/6 7249/1/6
f 7249/4/6 7239/4/6 7250/4/6
f 7241/4/6 7242/4/6 7252/4/6
f 7252/4/6 7242/4/6 7253/4/6
f 7253/4/6 7242/4/6 7254/4/6
f 7254/4/6 7242/4/6 7255/4/6
f 7244/1/6 7245/1/6 7257/1/6
f 7245/1/6 7246/1/6 7257/1/6
f 7246/1/6 7247/1/6 7257/1/6
f 7257/1/6 7247/1/6 7258/1/6
f 7250/4/6 7251/4/6 7259/4/6
f 7248/4/6 7249/4/6 7259/4/6
f 7249/4/6 7250/4/6 7259/4/6
f 7253/4/6 7254/4/6 7261/4/6
f 7261/4/6 7254/4/6 7262/4/6
f 7262/4/6 7254/4/6 7263/4/6
f 7263/4/6 7254/4/6 7264/4/6
f 7264/4/6 7254/4/6 7265/4/6
f 7257/4/6 7258/4/6 7267/4/6
f 7256/4/6 7257/4/6 7267/4/6
f 7236/1/6 7248/1/6 7268/1/6
f 7259/4/6 7260/4/6 7269/4/6
f 7268/1/6 7248/1/6 7269/1/6
f 7248/4/6 7259/4/6 7269/4/6
f 7269/4/6 7260/4/6 7270/4/6
f 7262/4/6 7263/4/6 7272/4/6
f 7272/4/6 7263/4/6 7273/4/6
f 7273/4/6 7263/4/6 7274/4/6
f 7263/5/6 7264/5/6 7275/5/6
f 7274/4/6 7263/4/6 7275/4/6
f 7275/5/6 7264/5/6 7276/5/6
f 7266/4/6 7267/4/6 7278/4/6
f 7258/1/6 7247/1/6 7279/1/6
f 7267/4/6 7258/4/6 7279/4/6
f 7278/4/6 7267/4/6 7279/4/6
f 7279/1/6 7247/1/6 7280/1/6
f 7247/3/6 7196/3/6 7281/3/6
f 7280/1/6 7247/1/6 7281/1/6
f 7196/3/6 7186/3/6 7282/3/6
f 7281/3/6 7196/3/6 7282/3/6
f 7270/4/6 7271/4/6 7283/4/6
f 7268/4/6 7269/4/6 7283/4/6
f 7269/4/6 7270/4/6 7283/4/6
f 7273/4/6 7274/4/6 7285/4/6
f 7285/4/6 7274/4/6 7286/4/6
f 7286/4/6 7274/4/6 7287/4/6
f 7287/4/6 7274/4/6 7288/4/6
f 7274/5/6 7275/5/6 7289/5/6
f 7288/4/6 7274/4/6 7289/4/6
f 7289/5/6 7275/5/6 7290/5/6
f 7277/4/6 7278/4/6 7292/4/6
f 7279/4/6 7280/4/6 7292/4/6
f 7278/4/6 7279/4/6 7292/4/6
f 7236/1/6 7268/1/6 7293/1/6
f 7283/4/6 7284/4/6 7294/4/6
f 7293/1/6 7268/1/6 7294/1/6
f 7268/4/6 7283/4/6 7294/4/6
f 7294/4/6 7284/4/6 7295/4/6
f 7286/5/6 7287/5/6 7297/5/6
f 7287/4/6 7288/4/6 7298/4/6
f 7297/5/6 7287/5/6 7298/5/6
f 7288/5/6 7289/5/6 7299/5/6
f 7298/4/6 7288/4/6 7299/4/6
f 7299/5/6 7289/5/6 7300/5/6
f 7291/4/6 7292/4/6 7302/4/6
f 7280/1/6 7281/1/6 7303/1/6
f 7292/4/6 7280/4/6 7303/4/6
f 7302/4/6 7292/4/6 7303/4/6
f 7281/1/6 7282/1/6 7303/1/6
f 7303/1/6 7282/1/6 7304/1/6
f 7295/4/6 7296/4/6 7305/4/6
f 7293/4/6 7294/4/6 7305/4/6
f 7294/4/6 7295/4/6 7305/4/6
f 7298/5/6 7299/5/6 7307/5/6
f 7307/5/6 7299/5/6 7308/5/6
f 7301/4/6 7302/4/6 7310/4/6
f 7303/4/6 7304/4/6 7310/4/6
f 7302/4/6 7303/4/6 7310/4/6
f 7305/4/6 7306/4/6 7311/4/6
f 7309/4/6 7310/4/6 7314/4/6
f 7311/4/6 7312/4/6 7315/4/6
f 7305/4/6 7311/4/6 7315/4/6
f 7315/4/6 7312/4/6 7316/4/6
f 7313/4/6 7314/4/6 7317/4/6
f 7314/4/6 7310/4/6 7318/4/6
f 7317/4/6 7314/4/6 7318/4/6
f 7293/4/6 7305/4/6 7319/4/6
f 7305/4/6 7315/4/6 7319/4/6
f 7319/4/6 7315/4/6 7320/4/6
f 7318/4/6 7310/4/6 7323/4/6
f 7310/4/6 7304/4/6 7324/4/6
f 7323/4/6 7310/4/6 7324/4/6
f 7236/1/6 7293/1/6 7325/1/6
f 7293/4/6 7319/4/6 7325/4/6
f 7325/4/6 7319/4/6 7326/4/6
f 7326/4/6 7319/4/6 7327/4/6
f 7327/4/6 7319/4/6 7328/4/6
f 7321/4/6 7322/4/6 7330/4/6
f 7330/4/6 7322/4/6 7331/4/6
f 7324/4/6 7304/4/6 7333/4/6
f 7333/4/6 7304/4/6 7334/4/6
f 7334/4/6 7304/4/6 7335/4/6
f 7304/1/6 7282/1/6 7336/1/6
f 7335/4/6 7304/4/6 7336/4/6
f 7326/4/6 7327/4/6 7337/4/6
f 7337/4/6 7327/4/6 7338/4/6
f 7331/4/6 7332/4/6 7340/4/6
f 7329/4/6 7330/4/6 7340/4/6
f 7330/4/6 7331/4/6 7340/4/6
f 7340/4/6 7332/4/6 7341/4/6
f 7334/4/6 7335/4/6 7343/4/6
f 7343/4/6 7335/4/6 7344/4/6
f 7325/1/6 7326/1/6 7345/1/6
f 7326/4/6 7337/4/6 7345/4/6
f 7345/4/6 7337/4/6 7346/4/6
f 7346/4/6 7337/4/6 7347/4/6
f 7347/4/6 7337/4/6 7348/4/6
f 7341/4/6 7342/4/6 7350/4/6
f 7340/4/6 7341/4/6 7350/4/6
f 7339/4/6 7340/4/6 7350/4/6
f 7350/4/6 7342/4/6 7351/4/6
f 7344/4/6 7335/4/6 7353/4/6
f 7353/4/6 7335/4/6 7354/4/6
f 7354/4/6 7335/4/6 7355/4/6
f 7335/1/6 7336/1/6 7356/1/6
f 7355/4/6 7335/4/6 7356/4/6
f 7346/4/6 7347/4/6 7357/4/6
f 7357/4/6 7347/4/6 7358/4/6
f 7351/4/6 7352/4/6 7360/4/6
f 7349/4/6 7350/4/6 7360/4/6
f 7350/4/6 7351/4/6 7360/4/6
f 7360/4/6 7352/4/6 7361/4/6
f 7354/4/6 7355/4/6 7363/4/6
f 7363/4/6 7355/4/6 7364/4/6
f 7356/1/6 7336/1/6 7365/1/6
f 7336/1/6 7282/1/6 7365/1/6
f 7355/1/6 7356/1/6 7365/1/6
f 7282/3/6 7186/3/6 7366/3/6
f 7365/1/6 7282/1/6 7366/1/6
f 7345/1/6 7346/1/6 7367/1/6
f 7346/4/6 7357/4/6 7367/4/6
f 7367/4/6 7357/4/6 7368/4/6
f 7368/4/6 7357/4/6 7369/4/6
f 7369/4/6 7357/4/6 7370/4/6
f 7361/4/6 7362/4/6 7372/4/6
f 7360/4/6 7361/4/6 7372/4/6
f 7359/4/6 7360/4/6 7372/4/6
f 7372/4/6 7362/4/6 7373/4/6
f 7364/4/6 7355/4/6 7375/4/6
f 7375/4/6 7355/4/6 7376/4/6
f 7355/1/6 7365/1/6 7377/1/6
f 7376/4/6 7355/4/6 7377/4/6
f 7175/3/6 7236/3/6 7378/3/6
f 7236/1/6 7325/1/6 7378/1/6
f 7325/1/6 7345/1/6 7378/1/6
f 7367/1/6 7368/1/6 7378/1/6
f 7345/1/6 7367/1/6 7378/1/6
f 7378/1/6 7368/1/6 7379/1/6
f 7368/4/6 7369/4/6 7380/4/6
f 7379/1/6 7368/1/6 7380/1/6
f 7380/4/6 7369/4/6 7381/4/6
f 7373/4/6 7374/4/6 7383/4/6
f 7372/4/6 7373/4/6 7383/4/6
f 7371/4/6 7372/4/6 7383/4/6
f 7383/4/6 7374/4/6 7384/4/6
f 7376/1/6 7377/1/6 7386/1/6
f 7377/1/6 7365/1/6 7387/1/6
f 7386/1/6 7377/1/6 7387/1/6
f 7387/1/6 7365/1/6 7388/1/6
f 7365/3/6 7366/3/6 7389/3/6
f 7388/1/6 7365/1/6 7389/1/6
f 7379/1/6 7380/1/6 7390/1/6
f 7390/1/6 7380/1/6 7391/1/6
f 7384/4/6 7385/4/6 7393/4/6
f 7382/4/6 7383/4/6 7393/4/6
f 7383/4/6 7384/4/6 7393/4/6
f 7393/4/6 7385/4/6 7394/4/6
f 7394/4/6 7385/4/6 7395/4/6
f 7395/4/6 7385/4/6 7396/4/6
f 7387/1/6 7388/1/6 7398/1/6
f 7398/1/6 7388/1/6 7399/1/6
f 7378/3/6 7379/3/6 7400/3/6
f 7379/1/6 7390/1/6 7400/1/6
f 7400/1/6 7390/1/6 7401/1/6
f 7401/1/6 7390/1/6 7402/1/6
f 7402/1/6 7390/1/6 7403/1/6
f 7392/1/6 7393/1/6 7405/1/6
f 7393/1/6 7394/1/6 7405/1/6
f 7394/4/6 7395/4/6 7406/4/6
f 7405/1/6 7394/1/6 7406/1/6
f 7396/1/6 7397/1/6 7407/1/6
f 7406/4/6 7395/4/6 7407/4/6
f 7395/1/6 7396/1/6 7407/1/6
f 7407/1/6 7397/1/6 7408/1/6
f 7399/1/6 7388/1/6 7410/1/6
f 7410/1/6 7388/1/6 7411/1/6
f 7388/3/6 7389/3/6 7412/3/6
f 7411/1/6 7388/1/6 7412/1/6
f 7401/1/6 7402/1/6 7413/1/6
f 7400/3/6 7401/3/6 7413/3/6
f 7413/1/6 7402/1/6 7414/1/6
f 7405/1/6 7406/1/6 7416/1/6
f 7408/1/6 7409/1/6 7416/1/6
f 7404/1/6 7405/1/6 7416/1/6
f 7406/1/6 7407/1/6 7416/1/6
f 7407/1/6 7408/1/6 7416/1/6
f 7416/1/6 7409/1/6 7417/1/6
f 7411/3/6 7412/3/6 7419/3/6
f 7412/3/6 7389/3/6 7420/3/6
f 7419/3/6 7412/3/6 7420/3/6
f 7400/3/6 7413/3/6 7421/3/6
f 7378/3/6 7400/3/6 7421/3/6
f 7421/3/6 7413/3/6 7422/3/6
f 7416/1/6 7417/1/6 7424/1/6
f 7417/1/6 7418/1/6 7424/1/6
f 7415/1/6 7416/1/6 7424/1/6
f 7424/1/6 7418/1/6 7425/1/6
f 7420/3/6 7389/3/6 7427/3/6
f 7389/3/6 7366/3/6 7428/3/6
f 7427/3/6 7389/3/6 7428/3/6
f 7175/3/6 7378/3/6 7429/3/6
f 7378/3/6 7421/3/6 7429/3/6
f 7429/3/6 7421/3/6 7430/3/6
f 7425/1/6 7426/1/6 7432/1/6
f 7424/1/6 7425/1/6 7432/1/6
f 7423/1/6 7424/1/6 7432/1/6
f 7432/1/6 7426/1/6 7433/1/6
f 7433/1/6 7426/1/6 7434/1/6
f 7434/1/6 7426/1/6 7435/1/6
f 7428/3/6 7366/3/6 7437/3/6
f 7366/3/6 7186/3/6 7438/3/6
f 7437/3/6 7366/3/6 7438/3/6
f 7165/3/6 7175/3/6 7439/3/6
f 7175/3/6 7429/3/6 7439/3/6
f 7439/3/6 7429/3/6 7440/3/6
f 7431/3/6 7432/3/6 7442/3/6
f 7432/3/6 7433/3/6 7442/3/6
f 7433/1/6 7434/1/6 7443/1/6
f 7442/3/6 7433/3/6 7443/3/6
f 7443/1/6 7434/1/6 7444/1/6
f 7444/1/6 7434/1/6 7445/1/6
f 7434/3/6 7435/3/6 7446/3/6
f 7445/1/6 7434/1/6 7446/1/6
f 7435/3/6 7436/3/6 7446/3/6
f 7446/3/6 7436/3/6 7447/3/6
f 7438/3/6 7186/3/6 7449/3/6
f 7186/3/6 7174/3/6 7450/3/6
f 7449/3/6 7186/3/6 7450/3/6
f 7165/3/6 7439/3/6 7451/3/6
f 7451/3/6 7439/3/6 7452/3/6
f 7443/3/6 7444/3/6 7454/3/6
f 7441/3/6 7442/3/6 7454/3/6
f 7442/3/6 7443/3/6 7454/3/6
f 7444/1/6 7445/1/6 7455/1/6
f 7454/3/6 7444/3/6 7455/3/6
f 7447/3/6 7448/3/6 7456/3/6
f 7455/1/6 7445/1/6 7456/1/6
f 7446/3/6 7447/3/6 7456/3/6
f 7445/3/6 7446/3/6 7456/3/6
f 7456/3/6 7448/3/6 7457/3/6
f 7450/3/6 7174/3/6 7459/3/6
f 7459/3/6 7174/3/6 7460/3/6
f 7454/3/6 7455/3/6 7462/3/6
f 7453/3/6 7454/3/6 7462/3/6
f 7456/3/6 7457/3/6 7462/3/6
f 7455/3/6 7456/3/6 7462/3/6
f 7457/3/6 7458/3/6 7462/3/6
f 7462/3/6 7458/3/6 7463/3/6
f 7461/3/6 7462/3/6 7465/3/6
f 7463/3/6 7464/3/6 7465/3/6
f 7462/3/6 7463/3/6 7465/3/6
f 7465/3/6 7464/3/6 7466/3/6
f 7467/2/6 7468/2/6 7469/2/6
f 7469/2/6 7468/2/6 7470/2/6
f 7467/2/6 7469/2/6 7471/2/6
f 7469/5/6 7470/5/6 7472/5/6
f 7471/2/6 7469/2/6 7472/2/6
f 7472/5/6 7470/5/6 7473/5/6
f 7473/5/6 7470/5/6 7474/5/6
f 7470/2/6 7468/2/6 7475/2/6
f 7474/5/6 7470/5/6 7475/5/6
f 7475/2/6 7468/2/6 7476/2/6
f 7467/2/6 7471/2/6 7477/2/6
f 7471/4/6 7472/4/6 7477/4/6
f 7472/5/6 7473/5/6 7478/5/6
f 7477/4/6 7472/4/6 7478/4/6
f 7478/5/6 7473/5/6 7479/5/6
f 7475/5/6 7476/5/6 7482/5/6
f 7474/5/6 7475/5/6 7482/5/6
f 7482/5/6 7476/5/6 7483/5/6
f 7478/2/6 7479/2/6 7484/2/6
f 7477/5/6 7478/5/6 7484/5/6
f 7484/2/6 7479/2/6 7485/2/6
f 7479/5/6 7480/5/6 7486/5/6
f 7485/2/6 7479/2/6 7486/2/6
f 7486/5/6 7480/5/6 7487/5/6
f 7481/5/6 7482/5/6 7490/5/6
f 7482/2/6 7483/2/6 7491/2/6
f 7490/5/6 7482/5/6 7491/5/6
f 7491/2/6 7483/2/6 7492/2/6
f 7483/5/6 7476/5/6 7493/5/6
f 7492/2/6 7483/2/6 7493/2/6
f 7485/2/6 7486/2/6 7494/2/6
f 7486/2/6 7487/2/6 7494/2/6
f 7494/2/6 7487/2/6 7495/2/6
f 7487/5/6 7488/5/6 7496/5/6
f 7495/2/6 7487/2/6 7496/2/6
f 7496/5/6 7488/5/6 7497/5/6
f 7489/5/6 7490/5/6 7500/5/6
f 7491/2/6 7492/2/6 7501/2/6
f 7490/2/6 7491/2/6 7501/2/6
f 7500/5/6 7490/5/6 7501/5/6
f 7501/2/6 7492/2/6 7502/2/6
f 7502/2/6 7492/2/6 7503/2/6
f 7495/2/6 7496/2/6 7504/2/6
f 7496/2/6 7497/2/6 7504/2/6
f 7504/2/6 7497/2/6 7505/2/6
f 7497/5/6 7498/5/6 7506/5/6
f 7505/2/6 7497/2/6 7506/2/6
f 7506/5/6 7498/5/6 7507/5/6
f 7499/5/6 7500/5/6 7510/5/6
f 7501/2/6 7502/2/6 7511/2/6
f 7500/2/6 7501/2/6 7511/2/6
f 7510/5/6 7500/5/6 7511/5/6
f 7511/2/6 7502/2/6 7512/2/6
f 7512/2/6 7502/2/6 7513/2/6
f 7505/2/6 7506/2/6 7514/2/6
f 7506/2/6 7507/2/6 7514/2/6
f 7514/2/6 7507/2/6 7515/2/6
f 7507/5/6 7508/5/6 7516/5/6
f 7515/2/6 7507/2/6 7516/2/6
f 7516/5/6 7508/5/6 7517/5/6
f 7509/5/6 7510/5/6 7520/5/6
f 7511/2/6 7512/2/6 7521/2/6
f 7510/2/6 7511/2/6 7521/2/6
f 7520/5/6 7510/5/6 7521/5/6
f 7521/2/6 7512/2/6 7522/2/6
f 7522/2/6 7512/2/6 7523/2/6
f 7515/2/6 7516/2/6 7524/2/6
f 7516/2/6 7517/2/6 7524/2/6
f 7524/2/6 7517/2/6 7525/2/6
f 7517/5/6 7518/5/6 7526/5/6
f 7525/2/6 7517/2/6 7526/2/6
f 7526/5/6 7518/5/6 7527/5/6
f 7519/5/6 7520/5/6 7530/5/6
f 7521/2/6 7522/2/6 7531/2/6
f 7520/2/6 7521/2/6 7531/2/6
f 7530/5/6 7520/5/6 7531/5/6
f 7531/2/6 7522/2/6 7532/2/6
f 7532/2/6 7522/2/6 7533/2/6
f 7525/2/6 7526/2/6 7534/2/6
f 7526/2/6 7527/2/6 7534/2/6
f 7534/2/6 7527/2/6 7535/2/6
f 7527/5/6 7528/5/6 7536/5/6
f 7535/2/6 7527/2/6 7536/2/6
f 7536/5/6 7528/5/6 7537/5/6
f 7529/5/6 7530/5/6 7540/5/6
f 7531/2/6 7532/2/6 7541/2/6
f 7530/2/6 7531/2/6 7541/2/6
f 7540/5/6 7530/5/6 7541/5/6
f 7541/2/6 7532/2/6 7542/2/6
f 7542/2/6 7532/2/6 7543/2/6
f 7535/2/6 7536/2/6 7544/2/6
f 7536/2/6 7537/2/6 7544/2/6
f 7544/2/6 7537/2/6 7545/2/6
f 7537/5/6 7538/5/6 7546/5/6
f 7545/2/6 7537/2/6 7546/2/6
f 7546/5/6 7538/5/6 7547/5/6
f 7539/5/6 7540/5/6 7550/5/6
f 7541/2/6 7542/2/6 7551/2/6
f 7540/2/6 7541/2/6 7551/2/6
f 7550/5/6 7540/5/6 7551/5/6
f 7551/2/6 7542/2/6 7552/2/6
f 7552/2/6 7542/2/6 7553/2/6
f 7545/2/6 7546/2/6 7554/2/6
f 7546/2/6 7547/2/6 7554/2/6
f 7554/2/6 7547/2/6 7555/2/6
f 7547/5/6 7548/5/6 7556/5/6
f 7555/2/6 7547/2/6 7556/2/6
f 7556/5/6 7548/5/6 7557/5/6
f 7549/5/6 7550/5/6 7560/5/6
f 7551/2/6 7552/2/6 7561/2/6
f 7550/2/6 7551/2/6 7561/2/6
f 7560/5/6 7550/5/6 7561/5/6
f 7561/2/6 7552/2/6 7562/2/6
f 7562/2/6 7552/2/6 7563/2/6
f 7555/2/6 7556/2/6 7564/2/6
f 7556/2/6 7557/2/6 7564/2/6
f 7564/2/6 7557/2/6 7565/2/6
f 7557/5/6 7558/5/6 7566/5/6
f 7565/2/6 7557/2/6 7566/2/6
f 7566/5/6 7558/5/6 7567/5/6
f 7559/5/6 7560/5/6 7570/5/6
f 7561/2/6 7562/2/6 7571/2/6
f 7560/2/6 7561/2/6 7571/2/6
f 7570/5/6 7560/5/6 7571/5/6
f 7571/2/6 7562/2/6 7572/2/6
f 7572/2/6 7562/2/6 7573/2/6
f 7565/2/6 7566/2/6 7574/2/6
f 7566/2/6 7567/2/6 7574/2/6
f 7574/2/6 7567/2/6 7575/2/6
f 7567/5/6 7568/5/6 7576/5/6
f 7575/2/6 7567/2/6 7576/2/6
f 7576/5/6 7568/5/6 7577/5/6
f 7569/5/6 7570/5/6 7580/5/6
f 7571/2/6 7572/2/6 7581/2/6
f 7570/2/6 7571/2/6 7581/2/6
f 7580/5/6 7570/5/6 7581/5/6
f 7581/2/6 7572/2/6 7582/2/6
f 7582/2/6 7572/2/6 7583/2/6
f 7575/2/6 7576/2/6 7584/2/6
f 7576/2/6 7577/2/6 7584/2/6
f 7584/2/6 7577/2/6 7585/2/6
f 7577/5/6 7578/5/6 7586/5/6
f 7585/2/6 7577/2/6 7586/2/6
f 7586/5/6 7578/5/6 7587/5/6
f 7579/5/6 7580/5/6 7590/5/6
f 7581/2/6 7582/2/6 7591/2/6
f 7580/2/6 7581/2/6 7591/2/6
f 7590/5/6 7580/5/6 7591/5/6
f 7591/2/6 7582/2/6 7592/2/6
f 7592/2/6 7582/2/6 7593/2/6
f 7585/2/6 7586/2/6 7594/2/6
f 7586/2/6 7587/2/6 7594/2/6
f 7594/2/6 7587/2/6 7595/2/6
f 7587/5/6 7588/5/6 7596/5/6
f 7595/2/6 7587/2/6 7596/2/6
f 7596/5/6 7588/5/6 7597/5/6
f 7589/5/6 7590/5/6 7600/5/6
f 7591/2/6 7592/2/6 7601/2/6
f 7590/2/6 7591/2/6 7601/2/6
f 7600/5/6 7590/5/6 7601/5/6
f 7601/2/6 7592/2/6 7602/2/6
f 7602/2/6 7592/2/6 7603/2/6
f 7595/2/6 7596/2/6 7604/2/6
f 7596/2/6 7597/2/6 7604/2/6
f 7604/2/6 7597/2/6 7605/2/6
f 7597/5/6 7598/5/6 7606/5/6
f 7605/2/6 7597/2/6 7606/2/6
f 7606/5/6 7598/5/6 7607/5/6
f 7599/5/6 7600/5/6 7610/5/6
f 7601/2/6 7602/2/6 7611/2/6
f 7600/2/6 7601/2/6 7611/2/6
f 7610/5/6 7600/5/6 7611/5/6
f 7611/2/6 7602/2/6 7612/2/6
f 7612/2/6 7602/2/6 7613/2/6
f 7605/2/6 7606/2/6 7614/2/6
f 7606/2/6 7607/2/6 7614/2/6
f 7614/2/6 7607/2/6 7615/2/6
f 7607/5/6 7608/5/6 7616/5/6
f 7615/2/6 7607/2/6 7616/2/6
f 7616/5/6 7608/5/6 7617/5/6
f 7609/5/6 7610/5/6 7618/5/6
f 7611/2/6 7612/2/6 7619/2/6
f 7610/2/6 7611/2/6 7619/2/6
f 7618/5/6 7610/5/6 7619/5/6
f 7619/2/6 7612/2/6 7620/2/6
f 7620/2/6 7612/2/6 7621/2/6
f 7616/2/6 7617/2/6 7622/2/6
f 7615/2/6 7616/2/6 7622/2/6
f 7622/2/6 7617/2/6 7623/2/6
f 7617/5/6 7618/5/6 7624/5/6
f 7623/2/6 7617/2/6 7624/2/6
f 7619/2/6 7620/2/6 7625/2/6
f 7624/5/6 7618/5/6 7625/5/6
f 7618/2/6 7619/2/6 7625/2/6
f 7625/2/6 7620/2/6 7626/2/6
f 7626/2/6 7620/2/6 7627/2/6
f 7623/5/6 7624/5/6 7629/5/6
f 7624/2/6 7625/2/6 7630/2/6
f 7629/5/6 7624/5/6 7630/5/6
f 7625/5/6 7626/5/6 7631/5/6
f 7630/2/6 7625/2/6 7631/2/6
f 7631/5/6 7626/5/6 7632/5/6
f 7629/2/6 7630/2/6 7635/2/6
f 7628/2/6 7629/2/6 7635/2/6
f 7635/2/6 7630/2/6 7636/2/6
f 7630/5/6 7631/5/6 7637/5/6
f 7636/2/6 7630/2/6 7637/2/6
f 7632/2/6 7633/2/6 7638/2/6
f 7637/5/6 7631/5/6 7638/5/6
f 7631/2/6 7632/2/6 7638/2/6
f 7638/2/6 7633/2/6 7639/2/6
f 7639/2/6 7633/2/6 7640/2/6
f 7634/2/6 7635/2/6 7643/2/6
f 7635/2/6 7636/2/6 7643/2/6
f 7643/2/6 7636/2/6 7644/2/6
f 7636/5/6 7637/5/6 7645/5/6
f 7644/2/6 7636/2/6 7645/2/6
f 7645/5/6 7637/5/6 7646/5/6
f 7638/5/6 7639/5/6 7647/5/6
f 7639/2/6 7640/2/6 7648/2/6
f 7647/5/6 7639/5/6 7648/5/6
f 7640/2/6 7641/2/6 7648/2/6
f 7648/2/6 7641/2/6 7649/2/6
f 7649/2/6 7641/2/6 7650/2/6
f 7643/2/6 7644/2/6 7653/2/6
f 7642/2/6 7643/2/6 7653/2/6
f 7653/2/6 7644/2/6 7654/2/6
f 7644/5/6 7645/5/6 7655/5/6
f 7654/2/6 7644/2/6 7655/2/6
f 7655/5/6 7645/5/6 7656/5/6
f 7648/5/6 7649/5/6 7657/5/6
f 7649/2/6 7650/2/6 7658/2/6
f 7657/5/6 7649/5/6 7658/5/6
f 7650/2/6 7651/2/6 7658/2/6
f 7658/2/6 7651/2/6 7659/2/6
f 7659/2/6 7651/2/6 7660/2/6
f 7653/2/6 7654/2/6 7663/2/6
f 7652/2/6 7653/2/6 7663/2/6
f 7663/2/6 7654/2/6 7664/2/6
f 7654/5/6 7655/5/6 7665/5/6
f 7664/2/6 7654/2/6 7665/2/6
f 7665/5/6 7655/5/6 7666/5/6
f 7658/5/6 7659/5/6 7667/5/6
f 7659/2/6 7660/2/6 7668/2/6
f 7667/5/6 7659/5/6 7668/5/6
f 7660/2/6 7661/2/6 7668/2/6
f 7668/2/6 7661/2/6 7669/2/6
f 7669/2/6 7661/2/6 7670/2/6
f 7663/2/6 7664/2/6 7673/2/6
f 7662/2/6 7663/2/6 7673/2/6
f 7673/2/6 7664/2/6 7674/2/6
f 7664/5/6 7665/5/6 7675/5/6
f 7674/2/6 7664/2/6 7675/2/6
f 7675/5/6 7665/5/6 7676/5/6
f 7668/5/6 7669/5/6 7677/5/6
f 7669/2/6 7670/2/6 7678/2/6
f 7677/5/6 7669/5/6 7678/5/6
f 7670/2/6 7671/2/6 7678/2/6
f 7678/2/6 7671/2/6 7679/2/6
f 7679/2/6 7671/2/6 7680/2/6
f 7673/2/6 7674/2/6 7683/2/6
f 7672/2/6 7673/2/6 7683/2/6
f 7683/2/6 7674/2/6 7684/2/6
f 7674/5/6 7675/5/6 7685/5/6
f 7684/2/6 7674/2/6 7685/2/6
f 7685/5/6 7675/5/6 7686/5/6
f 7678/5/6 7679/5/6 7687/5/6
f 7679/2/6 7680/2/6 7688/2/6
f 7687/5/6 7679/5/6 7688/5/6
f 7680/2/6 7681/2/6 7688/2/6
f 7688/2/6 7681/2/6 7689/2/6
f 7689/2/6 7681/2/6 7690/2/6
f 7683/2/6 7684/2/6 7693/2/6
f 7682/2/6 7683/2/6 7693/2/6
f 7693/2/6 7684/2/6 7694/2/6
f 7684/5/6 7685/5/6 7695/5/6
f 7694/2/6 7684/2/6 7695/2/6
f 7695/5/6 7685/5/6 7696/5/6
f 7688/5/6 7689/5/6 7697/5/6
f 7689/2/6 7690/2/6 7698/2/6
f 7697/5/6 7689/5/6 7698/5/6
f 7690/2/6 7691/2/6 7698/2/6
f 7698/2/6 7691/2/6 7699/2/6
f 7699/2/6 7691/2/6 7700/2/6
f 7693/2/6 7694/2/6 7703/2/6
f 7692/2/6 7693/2/6 7703/2/6
f 7703/2/6 7694/2/6 7704/2/6
f 7694/5/6 7695/5/6 7705/5/6
f 7704/2/6 7694/2/6 7705/2/6
f 7705/5/6 7695/5/6 7706/5/6
f 7698/5/6 7699/5/6 7707/5/6
f 7699/2/6 7700/2/6 7708/2/6
f 7707/5/6 7699/5/6 7708/5/6
f 7700/2/6 7701/2/6 7708/2/6
f 7708/2/6 7701/2/6 7709/2/6
f 7709/2/6 7701/2/6 7710/2/6
f 7703/2/6 7704/2/6 7713/2/6
f 7702/2/6 7703/2/6 7713/2/6
f 7713/2/6 7704/2/6 7714/2/6
f 7704/5/6 7705/5/6 7715/5/6
f 7714/2/6 7704/2/6 7715/2/6
f 7715/5/6 7705/5/6 7716/5/6
f 7708/5/6 7709/5/6 7717/5/6
f 7709/2/6 7710/2/6 7718/2/6
f 7717/5/6 7709/5/6 7718/5/6
f 7710/2/6 7711/2/6 7718/2/6
f 7718/2/6 7711/2/6 7719/2/6
f 7719/2/6 7711/2/6 7720/2/6
f 7713/2/6 7714/2/6 7723/2/6
f 7712/2/6 7713/2/6 7723/2/6
f 7723/2/6 7714/2/6 7724/2/6
f 7714/5/6 7715/5/6 7725/5/6
f 7724/2/6 7714/2/6 7725/2/6
f 7725/5/6 7715/5/6 7726/5/6
f 7718/5/6 7719/5/6 7727/5/6
f 7719/2/6 7720/2/6 7728/2/6
f 7727/5/6 7719/5/6 7728/5/6
f 7720/2/6 7721/2/6 7728/2/6
f 7728/2/6 7721/2/6 7729/2/6
f 7729/2/6 7721/2/6 7730/2/6
f 7723/2/6 7724/2/6 7733/2/6
f 7722/2/6 7723/2/6 7733/2/6
f 7733/2/6 7724/2/6 7734/2/6
f 7724/5/6 7725/5/6 7735/5/6
f 7734/2/6 7724/2/6 7735/2/6
f 7735/5/6 7725/5/6 7736/5/6
f 7728/5/6 7729/5/6 7737/5/6
f 7729/2/6 7730/2/6 7738/2/6
f 7737/5/6 7729/5/6 7738/5/6
f 7730/2/6 7731/2/6 7738/2/6
f 7738/2/6 7731/2/6 7739/2/6
f 7739/2/6 7731/2/6 7740/2/6
f 7733/2/6 7734/2/6 7743/2/6
f 7732/2/6 7733/2/6 7743/2/6
f 7743/2/6 7734/2/6 7744/2/6
f 7734/5/6 7735/5/6 7745/5/6
f 7744/2/6 7734/2/6 7745/2/6
f 7745/5/6 7735/5/6 7746/5/6
f 7738/5/6 7739/5/6 7747/5/6
f 7739/2/6 7740/2/6 7748/2/6
f 7747/5/6 7739/5/6 7748/5/6
f 7740/2/6 7741/2/6 7748/2/6
f 7748/2/6 7741/2/6 7749/2/6
f 7749/2/6 7741/2/6 7750/2/6
f 7743/2/6 7744/2/6 7753/2/6
f 7742/2/6 7743/2/6 7753/2/6
f 7753/2/6 7744/2/6 7754/2/6
f 7744/5/6 7745/5/6 7755/5/6
f 7754/2/6 7744/2/6 7755/2/6
f 7755/5/6 7745/5/6 7756/5/6
f 7748/5/6 7749/5/6 7757/5/6
f 7749/2/6 7750/2/6 7758/2/6
f 7757/5/6 7749/5/6 7758/5/6
f 7750/2/6 7751/2/6 7758/2/6
f 7758/2/6 7751/2/6 7759/2/6
f 7759/2/6 7751/2/6 7760/2/6
f 7477/5/6 7484/5/6 7762/5/6
f 7753/2/6 7754/2/6 7763/2/6
f 7752/2/6 7753/2/6 7763/2/6
f 7763/2/6 7754/2/6 7764/2/6
f 7754/5/6 7755/5/6 7765/5/6
f 7764/2/6 7754/2/6 7765/2/6
f 7765/5/6 7755/5/6 7766/5/6
f 7758/5/6 7759/5/6 7767/5/6
f 7759/2/6 7760/2/6 7768/2/6
f 7767/5/6 7759/5/6 7768/5/6
f 7760/2/6 7761/2/6 7768/2/6
f 7768/2/6 7761/2/6 7769/2/6
f 7769/2/6 7761/2/6 7770/2/6
f 7493/5/6 7476/5/6 7771/5/6
f 7763/2/6 7764/2/6 7772/2/6
f 7477/5/6 7762/5/6 7772/5/6
f 7762/2/6 7763/2/6 7772/2/6
f 7764/5/6 7765/5/6 7773/5/6
f 7772/2/6 7764/2/6 7773/2/6
f 7773/5/6 7765/5/6 7774/5/6
f 7768/5/6 7769/5/6 7775/5/6
f 7769/2/6 7770/2/6 7776/2/6
f 7775/5/6 7769/5/6 7776/5/6
f 7770/2/6 7771/2/6 7776/2/6
f 7771/5/6 7476/5/6 7777/5/6
f 7776/2/6 7771/2/6 7777/2/6
f 7467/2/6 7477/2/6 7778/2/6
f 7477/5/6 7772/5/6 7778/5/6
f 7772/5/6 7773/5/6 7778/5/6
f 7778/5/6 7773/5/6 7779/5/6
f 7779/5/6 7773/5/6 7780/5/6
f 7776/5/6 7777/5/6 7781/5/6
f 7777/5/6 7476/5/6 7782/5/6
f 7781/5/6 7777/5/6 7782/5/6
f 7476/2/6 7468/2/6 7783/2/6
f 7782/5/6 7476/5/6 7783/5/6
f 7781/5/6 7782/5/6 7784/5/6
f 7780/5/6 7781/5/6 7784/5/6
f 7779/5/6 7780/5/6 7784/5/6
f 7778/2/6 7779/2/6 7784/2/6
f 7782/2/6 7783/2/6 7785/2/6
f 7784/5/6 7782/5/6 7785/5/6
f 7778/2/6 7784/2/6 7786/2/6
f 7467/2/6 7778/2/6 7786/2/6
f 7784/2/6 7785/2/6 7786/2/6
f 7783/2/6 7468/2/6 7787/2/6
f 7786/2/6 7785/2/6 7787/2/6
f 7785/2/6 7783/2/6 7787/2/6
