# MagicaVoxel @ Ephtracy

# group
o 

# material
mtllib EMPTYBOX_metal.mtl
usemtl palette

# normals
vn -1 0 0
vn 1 0 0
vn 0 0 1
vn 0 0 -1
vn 0 -1 0
vn 0 1 0

# texcoords
vt 0.158203 0.5
vt 0.939453 0.5
vt 0.951172 0.5
vt 0.955078 0.5
vt 0.958984 0.5
vt 0.982422 0.5

# verts
v -2 0 2
v -2 0 -2
v -2 0.1 1.9
v -2 0.1 -1.9
v -2 0.2 2
v -2 0.2 1.9
v -2 0.2 1.7
v -2 0.2 1.6
v -2 0.2 0.0999999
v -2 0.2 -0.1
v -2 0.2 -1.6
v -2 0.2 -1.7
v -2 0.2 -1.9
v -2 0.2 -2
v -2 0.3 1.9
v -2 0.3 1.8
v -2 0.3 1.7
v -2 0.3 1.6
v -2 0.3 1.5
v -2 0.3 -1.5
v -2 0.3 -1.6
v -2 0.3 -1.7
v -2 0.3 -1.8
v -2 0.3 -1.9
v -2 0.4 1.8
v -2 0.4 1.7
v -2 0.4 1.6
v -2 0.4 1.5
v -2 0.4 1.4
v -2 0.4 -1.4
v -2 0.4 -1.5
v -2 0.4 -1.6
v -2 0.4 -1.7
v -2 0.4 -1.8
v -2 0.5 1.7
v -2 0.5 1.6
v -2 0.5 1.5
v -2 0.5 1.4
v -2 0.5 1.3
v -2 0.5 -1.3
v -2 0.5 -1.4
v -2 0.5 -1.5
v -2 0.5 -1.6
v -2 0.5 -1.7
v -2 0.6 1.6
v -2 0.6 1.5
v -2 0.6 1.4
v -2 0.6 1.3
v -2 0.6 1.2
v -2 0.6 -1.2
v -2 0.6 -1.3
v -2 0.6 -1.4
v -2 0.6 -1.5
v -2 0.6 -1.6
v -2 0.7 1.5
v -2 0.7 1.4
v -2 0.7 1.3
v -2 0.7 1.2
v -2 0.7 1.1
v -2 0.7 -1.1
v -2 0.7 -1.2
v -2 0.7 -1.3
v -2 0.7 -1.4
v -2 0.7 -1.5
v -2 0.8 1.4
v -2 0.8 1.3
v -2 0.8 1.2
v -2 0.8 1.1
v -2 0.8 1
v -2 0.8 -1
v -2 0.8 -1.1
v -2 0.8 -1.2
v -2 0.8 -1.3
v -2 0.8 -1.4
v -2 0.9 1.3
v -2 0.9 1.2
v -2 0.9 1.1
v -2 0.9 1
v -2 0.9 0.9
v -2 0.9 -0.9
v -2 0.9 -1
v -2 0.9 -1.1
v -2 0.9 -1.2
v -2 0.9 -1.3
v -2 1 1.2
v -2 1 1.1
v -2 1 1
v -2 1 0.9
v -2 1 0.8
v -2 1 -0.8
v -2 1 -0.9
v -2 1 -1
v -2 1 -1.1
v -2 1 -1.2
v -2 1.1 1.1
v -2 1.1 1
v -2 1.1 0.9
v -2 1.1 0.8
v -2 1.1 0.7
v -2 1.1 -0.7
v -2 1.1 -0.8
v -2 1.1 -0.9
v -2 1.1 -1
v -2 1.1 -1.1
v -2 1.2 1
v -2 1.2 0.9
v -2 1.2 0.8
v -2 1.2 0.7
v -2 1.2 0.6
v -2 1.2 -0.6
v -2 1.2 -0.7
v -2 1.2 -0.8
v -2 1.2 -0.9
v -2 1.2 -1
v -2 1.3 0.9
v -2 1.3 0.8
v -2 1.3 0.7
v -2 1.3 0.6
v -2 1.3 0.5
v -2 1.3 -0.5
v -2 1.3 -0.6
v -2 1.3 -0.7
v -2 1.3 -0.8
v -2 1.3 -0.9
v -2 1.4 0.8
v -2 1.4 0.7
v -2 1.4 0.6
v -2 1.4 0.5
v -2 1.4 0.4
v -2 1.4 0.2
v -2 1.4 0.0999999
v -2 1.4 -0.1
v -2 1.4 -0.2
v -2 1.4 -0.4
v -2 1.4 -0.5
v -2 1.4 -0.6
v -2 1.4 -0.7
v -2 1.4 -0.8
v -2 1.5 0.7
v -2 1.5 0.6
v -2 1.5 0.5
v -2 1.5 0.4
v -2 1.5 0.2
v -2 1.5 0.0999999
v -2 1.5 -0.1
v -2 1.5 -0.2
v -2 1.5 -0.4
v -2 1.5 -0.5
v -2 1.5 -0.6
v -2 1.5 -0.7
v -2 1.6 0.4
v -2 1.6 0.2
v -2 1.6 -0.2
v -2 1.6 -0.4
v -2 1.7 0.7
v -2 1.7 0.6
v -2 1.7 0.5
v -2 1.7 0.4
v -2 1.7 0.2
v -2 1.7 -0.2
v -2 1.7 -0.4
v -2 1.7 -0.5
v -2 1.7 -0.6
v -2 1.7 -0.7
v -2 1.8 0.8
v -2 1.8 0.7
v -2 1.8 0.6
v -2 1.8 0.5
v -2 1.8 0.4
v -2 1.8 0.2
v -2 1.8 0.0999999
v -2 1.8 -0.1
v -2 1.8 -0.2
v -2 1.8 -0.4
v -2 1.8 -0.5
v -2 1.8 -0.6
v -2 1.8 -0.7
v -2 1.8 -0.8
v -2 1.9 0.9
v -2 1.9 0.8
v -2 1.9 0.7
v -2 1.9 0.6
v -2 1.9 0.5
v -2 1.9 -0.5
v -2 1.9 -0.6
v -2 1.9 -0.7
v -2 1.9 -0.8
v -2 1.9 -0.9
v -2 2 1
v -2 2 0.9
v -2 2 0.8
v -2 2 0.7
v -2 2 0.6
v -2 2 -0.6
v -2 2 -0.7
v -2 2 -0.8
v -2 2 -0.9
v -2 2 -1
v -2 2.1 1.1
v -2 2.1 1
v -2 2.1 0.9
v -2 2.1 0.8
v -2 2.1 0.7
v -2 2.1 -0.7
v -2 2.1 -0.8
v -2 2.1 -0.9
v -2 2.1 -1
v -2 2.1 -1.1
v -2 2.2 1.2
v -2 2.2 1.1
v -2 2.2 1
v -2 2.2 0.9
v -2 2.2 0.8
v -2 2.2 -0.8
v -2 2.2 -0.9
v -2 2.2 -1
v -2 2.2 -1.1
v -2 2.2 -1.2
v -2 2.3 1.3
v -2 2.3 1.2
v -2 2.3 1.1
v -2 2.3 1
v -2 2.3 0.9
v -2 2.3 -0.9
v -2 2.3 -1
v -2 2.3 -1.1
v -2 2.3 -1.2
v -2 2.3 -1.3
v -2 2.4 1.4
v -2 2.4 1.3
v -2 2.4 1.2
v -2 2.4 1.1
v -2 2.4 1
v -2 2.4 -1
v -2 2.4 -1.1
v -2 2.4 -1.2
v -2 2.4 -1.3
v -2 2.4 -1.4
v -2 2.5 1.5
v -2 2.5 1.4
v -2 2.5 1.3
v -2 2.5 1.2
v -2 2.5 1.1
v -2 2.5 -1.1
v -2 2.5 -1.2
v -2 2.5 -1.3
v -2 2.5 -1.4
v -2 2.5 -1.5
v -2 2.6 1.6
v -2 2.6 1.5
v -2 2.6 1.4
v -2 2.6 1.3
v -2 2.6 1.2
v -2 2.6 -1.2
v -2 2.6 -1.3
v -2 2.6 -1.4
v -2 2.6 -1.5
v -2 2.6 -1.6
v -2 2.7 1.7
v -2 2.7 1.6
v -2 2.7 1.5
v -2 2.7 1.4
v -2 2.7 1.3
v -2 2.7 -1.3
v -2 2.7 -1.4
v -2 2.7 -1.5
v -2 2.7 -1.6
v -2 2.7 -1.7
v -2 2.8 1.8
v -2 2.8 1.7
v -2 2.8 1.6
v -2 2.8 1.5
v -2 2.8 1.4
v -2 2.8 -1.4
v -2 2.8 -1.5
v -2 2.8 -1.6
v -2 2.8 -1.7
v -2 2.8 -1.8
v -2 2.9 1.8
v -2 2.9 1.7
v -2 2.9 1.6
v -2 2.9 1.5
v -2 2.9 -1.5
v -2 2.9 -1.6
v -2 2.9 -1.7
v -2 2.9 -1.8
v -2 3 1.9
v -2 3 1.8
v -2 3 1.6
v -2 3 0.0999999
v -2 3 -0.1
v -2 3 -1.6
v -2 3 -1.8
v -2 3 -1.9
v -2 3.1 1.6
v -2 3.1 0.0999999
v -2 3.1 -0.1
v -2 3.1 -1.6
v -2 3.2 2
v -2 3.2 -2
v -1.9 0.2 1.6
v -1.9 0.2 0.0999999
v -1.9 0.2 -0.1
v -1.9 0.2 -1.6
v -1.9 0.3 1.6
v -1.9 0.3 1.5
v -1.9 0.3 1.3
v -1.9 0.3 1.1
v -1.9 0.3 0.2
v -1.9 0.3 0.0999999
v -1.9 0.3 -0.1
v -1.9 0.3 -0.2
v -1.9 0.3 -1
v -1.9 0.3 -1.4
v -1.9 0.3 -1.5
v -1.9 0.3 -1.6
v -1.9 0.4 1.8
v -1.9 0.4 1.7
v -1.9 0.4 1.5
v -1.9 0.4 1.4
v -1.9 0.4 1.3
v -1.9 0.4 1.1
v -1.9 0.4 1
v -1.9 0.4 0.3
v -1.9 0.4 0.2
v -1.9 0.4 -0.2
v -1.9 0.4 -0.3
v -1.9 0.4 -0.9
v -1.9 0.4 -1
v -1.9 0.4 -1.4
v -1.9 0.4 -1.5
v -1.9 0.4 -1.7
v -1.9 0.4 -1.8
v -1.9 0.5 1.7
v -1.9 0.5 1.6
v -1.9 0.5 1.4
v -1.9 0.5 1.3
v -1.9 0.5 -1.3
v -1.9 0.5 -1.4
v -1.9 0.5 -1.6
v -1.9 0.5 -1.7
v -1.9 0.6 1.6
v -1.9 0.6 1.5
v -1.9 0.6 1.3
v -1.9 0.6 1.2
v -1.9 0.6 1.1
v -1.9 0.6 1
v -1.9 0.6 0.9
v -1.9 0.6 -0.3
v -1.9 0.6 -0.4
v -1.9 0.6 -1.1
v -1.9 0.6 -1.2
v -1.9 0.6 -1.3
v -1.9 0.6 -1.5
v -1.9 0.6 -1.6
v -1.9 0.7 1.5
v -1.9 0.7 1.4
v -1.9 0.7 1.2
v -1.9 0.7 1.1
v -1.9 0.7 -1
v -1.9 0.7 -1.1
v -1.9 0.7 -1.2
v -1.9 0.7 -1.4
v -1.9 0.7 -1.5
v -1.9 0.8 1.4
v -1.9 0.8 1.3
v -1.9 0.8 1.1
v -1.9 0.8 1
v -1.9 0.8 0.4
v -1.9 0.8 0.3
v -1.9 0.8 0.2
v -1.9 0.8 0.0999999
v -1.9 0.8 -0.1
v -1.9 0.8 -0.2
v -1.9 0.8 -0.8
v -1.9 0.8 -0.9
v -1.9 0.8 -1
v -1.9 0.8 -1.1
v -1.9 0.8 -1.3
v -1.9 0.8 -1.4
v -1.9 0.9 1.3
v -1.9 0.9 1.2
v -1.9 0.9 1
v -1.9 0.9 0.9
v -1.9 0.9 -0.9
v -1.9 0.9 -1
v -1.9 0.9 -1.2
v -1.9 0.9 -1.3
v -1.9 0.9 -1.6
v -1.9 0.9 -1.7
v -1.9 1 1.6
v -1.9 1 1.5
v -1.9 1 1.2
v -1.9 1 1.1
v -1.9 1 0.9
v -1.9 1 0.8
v -1.9 1 -0.8
v -1.9 1 -0.9
v -1.9 1 -1.1
v -1.9 1 -1.2
v -1.9 1.1 1.1
v -1.9 1.1 1
v -1.9 1.1 0.8
v -1.9 1.1 0.7
v -1.9 1.1 -0.4
v -1.9 1.1 -0.5
v -1.9 1.1 -0.7
v -1.9 1.1 -0.8
v -1.9 1.1 -1
v -1.9 1.1 -1.1
v -1.9 1.1 -1.4
v -1.9 1.1 -1.5
v -1.9 1.2 1.5
v -1.9 1.2 1.4
v -1.9 1.2 1
v -1.9 1.2 0.9
v -1.9 1.2 0.7
v -1.9 1.2 0.6
v -1.9 1.2 0.3
v -1.9 1.2 0.2
v -1.9 1.2 -0.2
v -1.9 1.2 -0.3
v -1.9 1.2 -0.6
v -1.9 1.2 -0.7
v -1.9 1.2 -0.9
v -1.9 1.2 -1
v -1.9 1.3 0.9
v -1.9 1.3 0.8
v -1.9 1.3 0.6
v -1.9 1.3 0.5
v -1.9 1.3 0.4
v -1.9 1.3 -0.5
v -1.9 1.3 -0.6
v -1.9 1.3 -0.8
v -1.9 1.3 -0.9
v -1.9 1.3 -1.6
v -1.9 1.3 -1.7
v -1.9 1.4 1.7
v -1.9 1.4 1.6
v -1.9 1.4 0.8
v -1.9 1.4 0.7
v -1.9 1.4 0.5
v -1.9 1.4 0.4
v -1.9 1.4 0.2
v -1.9 1.4 0.0999999
v -1.9 1.4 -0.1
v -1.9 1.4 -0.2
v -1.9 1.4 -0.4
v -1.9 1.4 -0.5
v -1.9 1.4 -0.7
v -1.9 1.4 -0.8
v -1.9 1.5 0.7
v -1.9 1.5 0.6
v -1.9 1.5 0.4
v -1.9 1.5 0.3
v -1.9 1.5 0.2
v -1.9 1.5 -0.2
v -1.9 1.5 -0.3
v -1.9 1.5 -0.4
v -1.9 1.5 -0.6
v -1.9 1.5 -0.7
v -1.9 1.7 0.7
v -1.9 1.7 0.6
v -1.9 1.7 0.4
v -1.9 1.7 0.3
v -1.9 1.7 0.2
v -1.9 1.7 -0.2
v -1.9 1.7 -0.3
v -1.9 1.7 -0.4
v -1.9 1.7 -0.6
v -1.9 1.7 -0.7
v -1.9 1.8 0.8
v -1.9 1.8 0.7
v -1.9 1.8 0.5
v -1.9 1.8 0.4
v -1.9 1.8 0.2
v -1.9 1.8 0.0999999
v -1.9 1.8 -0.1
v -1.9 1.8 -0.2
v -1.9 1.8 -0.4
v -1.9 1.8 -0.5
v -1.9 1.8 -0.7
v -1.9 1.8 -0.8
v -1.9 1.8 -0.9
v -1.9 1.8 -1
v -1.9 1.9 0.9
v -1.9 1.9 0.8
v -1.9 1.9 0.6
v -1.9 1.9 0.5
v -1.9 1.9 -0.5
v -1.9 1.9 -0.6
v -1.9 1.9 -0.8
v -1.9 1.9 -0.9
v -1.9 2 1.5
v -1.9 2 1.4
v -1.9 2 1
v -1.9 2 0.9
v -1.9 2 0.7
v -1.9 2 0.6
v -1.9 2 -0.6
v -1.9 2 -0.7
v -1.9 2 -0.9
v -1.9 2 -1
v -1.9 2.1 1.7
v -1.9 2.1 1.6
v -1.9 2.1 1.1
v -1.9 2.1 1
v -1.9 2.1 0.8
v -1.9 2.1 0.7
v -1.9 2.1 0.5
v -1.9 2.1 0.4
v -1.9 2.1 0.3
v -1.9 2.1 0.2
v -1.9 2.1 -0.4
v -1.9 2.1 -0.5
v -1.9 2.1 -0.7
v -1.9 2.1 -0.8
v -1.9 2.1 -1
v -1.9 2.1 -1.1
v -1.9 2.1 -1.4
v -1.9 2.1 -1.5
v -1.9 2.2 1.2
v -1.9 2.2 1.1
v -1.9 2.2 0.9
v -1.9 2.2 0.8
v -1.9 2.2 -0.2
v -1.9 2.2 -0.3
v -1.9 2.2 -0.8
v -1.9 2.2 -0.9
v -1.9 2.2 -1.1
v -1.9 2.2 -1.2
v -1.9 2.3 1.6
v -1.9 2.3 1.5
v -1.9 2.3 1.3
v -1.9 2.3 1.2
v -1.9 2.3 1
v -1.9 2.3 0.9
v -1.9 2.3 -0.9
v -1.9 2.3 -1
v -1.9 2.3 -1.2
v -1.9 2.3 -1.3
v -1.9 2.3 -1.5
v -1.9 2.3 -1.6
v -1.9 2.4 1.4
v -1.9 2.4 1.3
v -1.9 2.4 1.1
v -1.9 2.4 1
v -1.9 2.4 -0.1
v -1.9 2.4 -0.2
v -1.9 2.4 -0.3
v -1.9 2.4 -0.4
v -1.9 2.4 -1
v -1.9 2.4 -1.1
v -1.9 2.4 -1.3
v -1.9 2.4 -1.4
v -1.9 2.5 1.5
v -1.9 2.5 1.4
v -1.9 2.5 1.2
v -1.9 2.5 1.1
v -1.9 2.5 0.4
v -1.9 2.5 0.3
v -1.9 2.5 0.2
v -1.9 2.5 0.0999999
v -1.9 2.5 -1.1
v -1.9 2.5 -1.2
v -1.9 2.5 -1.4
v -1.9 2.5 -1.5
v -1.9 2.6 1.6
v -1.9 2.6 1.5
v -1.9 2.6 1.3
v -1.9 2.6 1.2
v -1.9 2.6 1.1
v -1.9 2.6 -1.1
v -1.9 2.6 -1.2
v -1.9 2.6 -1.3
v -1.9 2.6 -1.5
v -1.9 2.6 -1.6
v -1.9 2.7 1.7
v -1.9 2.7 1.6
v -1.9 2.7 1.4
v -1.9 2.7 1.3
v -1.9 2.7 1
v -1.9 2.7 0.9
v -1.9 2.7 -0.9
v -1.9 2.7 -1
v -1.9 2.7 -1.3
v -1.9 2.7 -1.4
v -1.9 2.7 -1.6
v -1.9 2.7 -1.7
v -1.9 2.8 1.8
v -1.9 2.8 1.7
v -1.9 2.8 1.5
v -1.9 2.8 1.4
v -1.9 2.8 0.3
v -1.9 2.8 0.0999999
v -1.9 2.8 -0.1
v -1.9 2.8 -0.3
v -1.9 2.8 -1.4
v -1.9 2.8 -1.5
v -1.9 2.8 -1.7
v -1.9 2.8 -1.8
v -1.9 2.9 1.6
v -1.9 2.9 1.5
v -1.9 2.9 1.4
v -1.9 2.9 1
v -1.9 2.9 -1
v -1.9 2.9 -1.4
v -1.9 2.9 -1.5
v -1.9 2.9 -1.6
v -1.9 3 1.6
v -1.9 3 0.0999999
v -1.9 3 -0.1
v -1.9 3 -1.6
v -1.7 0.4 2
v -1.7 0.4 1.9
v -1.7 0.4 -1.9
v -1.7 0.4 -2
v -1.7 0.5 2
v -1.7 0.5 1.9
v -1.7 0.5 -1.9
v -1.7 0.5 -2
v -1.7 2.7 2
v -1.7 2.7 1.9
v -1.7 2.7 -1.9
v -1.7 2.7 -2
v -1.7 2.8 2
v -1.7 2.8 1.9
v -1.7 2.8 -1.9
v -1.7 2.8 -2
v -1.6 0.5 2
v -1.6 0.5 1.9
v -1.6 0.5 -1.9
v -1.6 0.5 -2
v -1.6 0.6 2
v -1.6 0.6 1.9
v -1.6 0.6 -1.9
v -1.6 0.6 -2
v -1.6 2.6 2
v -1.6 2.6 1.9
v -1.6 2.6 -1.9
v -1.6 2.6 -2
v -1.6 2.7 2
v -1.6 2.7 1.9
v -1.6 2.7 -1.9
v -1.6 2.7 -2
v -1.5 0.6 2
v -1.5 0.6 1.9
v -1.5 0.6 -1.9
v -1.5 0.6 -2
v -1.5 0.7 2
v -1.5 0.7 1.9
v -1.5 0.7 -1.9
v -1.5 0.7 -2
v -1.5 2.5 2
v -1.5 2.5 1.9
v -1.5 2.5 -1.9
v -1.5 2.5 -2
v -1.5 2.6 2
v -1.5 2.6 1.9
v -1.5 2.6 -1.9
v -1.5 2.6 -2
v -1.4 0.7 2
v -1.4 0.7 1.9
v -1.4 0.7 -1.9
v -1.4 0.7 -2
v -1.4 0.8 2
v -1.4 0.8 1.9
v -1.4 0.8 -1.9
v -1.4 0.8 -2
v -1.4 2.4 2
v -1.4 2.4 1.9
v -1.4 2.4 -1.9
v -1.4 2.4 -2
v -1.4 2.5 2
v -1.4 2.5 1.9
v -1.4 2.5 -1.9
v -1.4 2.5 -2
v -1.3 0.8 2
v -1.3 0.8 1.9
v -1.3 0.8 -1.9
v -1.3 0.8 -2
v -1.3 0.9 2
v -1.3 0.9 1.9
v -1.3 0.9 -1.9
v -1.3 0.9 -2
v -1.3 2.3 2
v -1.3 2.3 1.9
v -1.3 2.3 -1.9
v -1.3 2.3 -2
v -1.3 2.4 2
v -1.3 2.4 1.9
v -1.3 2.4 -1.9
v -1.3 2.4 -2
v -1.2 0.9 2
v -1.2 0.9 1.9
v -1.2 0.9 -1.9
v -1.2 0.9 -2
v -1.2 1 2
v -1.2 1 1.9
v -1.2 1 -1.9
v -1.2 1 -2
v -1.2 2.2 2
v -1.2 2.2 1.9
v -1.2 2.2 -1.9
v -1.2 2.2 -2
v -1.2 2.3 2
v -1.2 2.3 1.9
v -1.2 2.3 -1.9
v -1.2 2.3 -2
v -1.1 1 2
v -1.1 1 1.9
v -1.1 1 -1.9
v -1.1 1 -2
v -1.1 1.1 2
v -1.1 1.1 1.9
v -1.1 1.1 -1.9
v -1.1 1.1 -2
v -1.1 2.1 2
v -1.1 2.1 1.9
v -1.1 2.1 -1.9
v -1.1 2.1 -2
v -1.1 2.2 2
v -1.1 2.2 1.9
v -1.1 2.2 -1.9
v -1.1 2.2 -2
v -1 1.1 2
v -1 1.1 1.9
v -1 1.1 -1.9
v -1 1.1 -2
v -1 1.2 2
v -1 1.2 1.9
v -1 1.2 -1.9
v -1 1.2 -2
v -1 2 2
v -1 2 1.9
v -1 2 -1.9
v -1 2 -2
v -1 2.1 2
v -1 2.1 1.9
v -1 2.1 -1.9
v -1 2.1 -2
v -0.9 1.2 2
v -0.9 1.2 1.9
v -0.9 1.2 -1.9
v -0.9 1.2 -2
v -0.9 1.3 2
v -0.9 1.3 1.9
v -0.9 1.3 -1.9
v -0.9 1.3 -2
v -0.9 1.9 2
v -0.9 1.9 1.9
v -0.9 1.9 -1.9
v -0.9 1.9 -2
v -0.9 2 2
v -0.9 2 1.9
v -0.9 2 -1.9
v -0.9 2 -2
v -0.8 1.3 2
v -0.8 1.3 1.9
v -0.8 1.3 -1.9
v -0.8 1.3 -2
v -0.8 1.4 2
v -0.8 1.4 1.9
v -0.8 1.4 -1.9
v -0.8 1.4 -2
v -0.8 1.8 2
v -0.8 1.8 1.9
v -0.8 1.8 -1.9
v -0.8 1.8 -2
v -0.8 1.9 2
v -0.8 1.9 1.9
v -0.8 1.9 -1.9
v -0.8 1.9 -2
v -0.7 1.4 2
v -0.7 1.4 1.9
v -0.7 1.4 -1.9
v -0.7 1.4 -2
v -0.7 1.5 2
v -0.7 1.5 1.9
v -0.7 1.5 -1.9
v -0.7 1.5 -2
v -0.7 1.7 2
v -0.7 1.7 1.9
v -0.7 1.7 -1.9
v -0.7 1.7 -2
v -0.7 1.8 2
v -0.7 1.8 1.9
v -0.7 1.8 -1.9
v -0.7 1.8 -2
v -0.6 1.5 2
v -0.6 1.5 1.9
v -0.6 1.5 -1.9
v -0.6 1.5 -2
v -0.6 1.6 2
v -0.6 1.6 1.9
v -0.6 1.6 -1.9
v -0.6 1.6 -2
v -0.6 1.7 2
v -0.6 1.7 1.9
v -0.6 1.7 -1.9
v -0.6 1.7 -2
v -0.2 1.4 2
v -0.2 1.4 1.9
v -0.2 1.4 -1.9
v -0.2 1.4 -2
v -0.2 1.5 2
v -0.2 1.5 1.9
v -0.2 1.5 -1.9
v -0.2 1.5 -2
v -0.2 1.7 2
v -0.2 1.7 1.9
v -0.2 1.7 -1.9
v -0.2 1.7 -2
v -0.2 1.8 2
v -0.2 1.8 1.9
v -0.2 1.8 -1.9
v -0.2 1.8 -2
v -0.0999999 0.2 2
v -0.0999999 0.2 1.9
v -0.0999999 0.2 -1.9
v -0.0999999 0.2 -2
v -0.0999999 0.3 1.9
v -0.0999999 0.3 -1.9
v -0.0999999 0.8 1.9
v -0.0999999 0.8 -1.9
v -0.0999999 1.4 2
v -0.0999999 1.4 1.9
v -0.0999999 1.4 -1.9
v -0.0999999 1.4 -2
v -0.0999999 1.8 2
v -0.0999999 1.8 1.9
v -0.0999999 1.8 -1.9
v -0.0999999 1.8 -2
v -0.0999999 2.4 1.9
v -0.0999999 2.4 -1.9
v -0.0999999 2.8 1.9
v -0.0999999 2.8 -1.9
v -0.0999999 3 2
v -0.0999999 3 1.9
v -0.0999999 3 -1.9
v -0.0999999 3 -2
v 0.4 1.4 2
v 0.4 1.4 1.9
v 0.4 1.4 -1.9
v 0.4 1.4 -2
v 0.4 1.5 2
v 0.4 1.5 1.9
v 0.4 1.5 -1.9
v 0.4 1.5 -2
v 0.4 1.7 2
v 0.4 1.7 1.9
v 0.4 1.7 -1.9
v 0.4 1.7 -2
v 0.4 1.8 2
v 0.4 1.8 1.9
v 0.4 1.8 -1.9
v 0.4 1.8 -2
v 0.5 1.3 2
v 0.5 1.3 1.9
v 0.5 1.3 -1.9
v 0.5 1.3 -2
v 0.5 1.4 2
v 0.5 1.4 1.9
v 0.5 1.4 -1.9
v 0.5 1.4 -2
v 0.5 1.8 2
v 0.5 1.8 1.9
v 0.5 1.8 -1.9
v 0.5 1.8 -2
v 0.5 1.9 2
v 0.5 1.9 1.9
v 0.5 1.9 -1.9
v 0.5 1.9 -2
v 0.6 1.2 2
v 0.6 1.2 1.9
v 0.6 1.2 -1.9
v 0.6 1.2 -2
v 0.6 1.3 2
v 0.6 1.3 1.9
v 0.6 1.3 -1.9
v 0.6 1.3 -2
v 0.6 1.9 2
v 0.6 1.9 1.9
v 0.6 1.9 -1.9
v 0.6 1.9 -2
v 0.6 2 2
v 0.6 2 1.9
v 0.6 2 -1.9
v 0.6 2 -2
v 0.7 1.1 2
v 0.7 1.1 1.9
v 0.7 1.1 -1.9
v 0.7 1.1 -2
v 0.7 1.2 2
v 0.7 1.2 1.9
v 0.7 1.2 -1.9
v 0.7 1.2 -2
v 0.7 2 2
v 0.7 2 1.9
v 0.7 2 -1.9
v 0.7 2 -2
v 0.7 2.1 2
v 0.7 2.1 1.9
v 0.7 2.1 -1.9
v 0.7 2.1 -2
v 0.8 1 2
v 0.8 1 1.9
v 0.8 1 -1.9
v 0.8 1 -2
v 0.8 1.1 2
v 0.8 1.1 1.9
v 0.8 1.1 -1.9
v 0.8 1.1 -2
v 0.8 2.1 2
v 0.8 2.1 1.9
v 0.8 2.1 -1.9
v 0.8 2.1 -2
v 0.8 2.2 2
v 0.8 2.2 1.9
v 0.8 2.2 -1.9
v 0.8 2.2 -2
v 0.9 0.9 2
v 0.9 0.9 1.9
v 0.9 0.9 -1.9
v 0.9 0.9 -2
v 0.9 1 2
v 0.9 1 1.9
v 0.9 1 -1.9
v 0.9 1 -2
v 0.9 2.2 2
v 0.9 2.2 1.9
v 0.9 2.2 -1.9
v 0.9 2.2 -2
v 0.9 2.3 2
v 0.9 2.3 1.9
v 0.9 2.3 -1.9
v 0.9 2.3 -2
v 1 0.8 2
v 1 0.8 1.9
v 1 0.8 -1.9
v 1 0.8 -2
v 1 0.9 2
v 1 0.9 1.9
v 1 0.9 -1.9
v 1 0.9 -2
v 1 2.3 2
v 1 2.3 1.9
v 1 2.3 -1.9
v 1 2.3 -2
v 1 2.4 2
v 1 2.4 1.9
v 1 2.4 -1.9
v 1 2.4 -2
v 1.1 0.7 2
v 1.1 0.7 1.9
v 1.1 0.7 -1.9
v 1.1 0.7 -2
v 1.1 0.8 2
v 1.1 0.8 1.9
v 1.1 0.8 -1.9
v 1.1 0.8 -2
v 1.1 2.4 2
v 1.1 2.4 1.9
v 1.1 2.4 -1.9
v 1.1 2.4 -2
v 1.1 2.5 2
v 1.1 2.5 1.9
v 1.1 2.5 -1.9
v 1.1 2.5 -2
v 1.2 0.6 2
v 1.2 0.6 1.9
v 1.2 0.6 -1.9
v 1.2 0.6 -2
v 1.2 0.7 2
v 1.2 0.7 1.9
v 1.2 0.7 -1.9
v 1.2 0.7 -2
v 1.2 2.5 2
v 1.2 2.5 1.9
v 1.2 2.5 -1.9
v 1.2 2.5 -2
v 1.2 2.6 2
v 1.2 2.6 1.9
v 1.2 2.6 -1.9
v 1.2 2.6 -2
v 1.3 0.5 2
v 1.3 0.5 1.9
v 1.3 0.5 -1.9
v 1.3 0.5 -2
v 1.3 0.6 2
v 1.3 0.6 1.9
v 1.3 0.6 -1.9
v 1.3 0.6 -2
v 1.3 2.6 2
v 1.3 2.6 1.9
v 1.3 2.6 -1.9
v 1.3 2.6 -2
v 1.3 2.7 2
v 1.3 2.7 1.9
v 1.3 2.7 -1.9
v 1.3 2.7 -2
v 1.4 0.4 2
v 1.4 0.4 1.9
v 1.4 0.4 -1.9
v 1.4 0.4 -2
v 1.4 0.5 2
v 1.4 0.5 1.9
v 1.4 0.5 -1.9
v 1.4 0.5 -2
v 1.4 2.7 2
v 1.4 2.7 1.9
v 1.4 2.7 -1.9
v 1.4 2.7 -2
v 1.4 2.8 2
v 1.4 2.8 1.9
v 1.4 2.8 -1.9
v 1.4 2.8 -2
v 1.5 0.3 2
v 1.5 0.3 1.9
v 1.5 0.3 -1.9
v 1.5 0.3 -2
v 1.5 0.4 2
v 1.5 0.4 1.9
v 1.5 0.4 -1.9
v 1.5 0.4 -2
v 1.5 2.8 2
v 1.5 2.8 1.9
v 1.5 2.8 -1.9
v 1.5 2.8 -2
v 1.5 2.9 2
v 1.5 2.9 1.9
v 1.5 2.9 -1.9
v 1.5 2.9 -2
v 1.6 0.2 2
v 1.6 0.2 1.9
v 1.6 0.2 1.6
v 1.6 0.2 -1.6
v 1.6 0.2 -1.9
v 1.6 0.2 -2
v 1.6 0.3 2
v 1.6 0.3 1.9
v 1.6 0.3 -1.9
v 1.6 0.3 -2
v 1.6 2.9 2
v 1.6 2.9 1.9
v 1.6 2.9 -1.9
v 1.6 2.9 -2
v 1.6 3 2
v 1.6 3 1.9
v 1.6 3 -1.9
v 1.6 3 -2
v 1.6 3.1 1.7
v 1.6 3.1 1.6
v 1.6 3.1 -1.6
v 1.6 3.1 -1.7
v 1.6 3.2 1.7
v 1.6 3.2 1.6
v 1.6 3.2 -1.6
v 1.6 3.2 -1.7
v 1.7 3.1 1.6
v 1.7 3.1 -1.6
v 1.7 3.2 1.6
v 1.7 3.2 -1.6
v 1.8 0.4 2
v 1.8 0.4 1.9
v 1.8 0.4 -1.9
v 1.8 0.4 -2
v 1.8 2.8 2
v 1.8 2.8 1.9
v 1.8 2.8 -1.9
v 1.8 2.8 -2
v -1.8 0.4 2
v -1.8 0.4 1.9
v -1.8 0.4 -1.9
v -1.8 0.4 -2
v -1.8 2.8 2
v -1.8 2.8 1.9
v -1.8 2.8 -1.9
v -1.8 2.8 -2
v -1.7 3.1 1.6
v -1.7 3.1 -1.6
v -1.7 3.2 1.6
v -1.7 3.2 -1.6
v -1.6 0.2 2
v -1.6 0.2 1.9
v -1.6 0.2 1.6
v -1.6 0.2 -1.6
v -1.6 0.2 -1.9
v -1.6 0.2 -2
v -1.6 0.3 2
v -1.6 0.3 1.9
v -1.6 0.3 -1.9
v -1.6 0.3 -2
v -1.6 2.9 2
v -1.6 2.9 1.9
v -1.6 2.9 -1.9
v -1.6 2.9 -2
v -1.6 3 2
v -1.6 3 1.9
v -1.6 3 -1.9
v -1.6 3 -2
v -1.6 3.1 1.7
v -1.6 3.1 1.6
v -1.6 3.1 -1.6
v -1.6 3.1 -1.7
v -1.6 3.2 1.7
v -1.6 3.2 1.6
v -1.6 3.2 -1.6
v -1.6 3.2 -1.7
v -1.5 0.3 2
v -1.5 0.3 1.9
v -1.5 0.3 -1.9
v -1.5 0.3 -2
v -1.5 0.4 2
v -1.5 0.4 1.9
v -1.5 0.4 -1.9
v -1.5 0.4 -2
v -1.5 2.8 2
v -1.5 2.8 1.9
v -1.5 2.8 -1.9
v -1.5 2.8 -2
v -1.5 2.9 2
v -1.5 2.9 1.9
v -1.5 2.9 -1.9
v -1.5 2.9 -2
v -1.4 0.4 2
v -1.4 0.4 1.9
v -1.4 0.4 -1.9
v -1.4 0.4 -2
v -1.4 0.5 2
v -1.4 0.5 1.9
v -1.4 0.5 -1.9
v -1.4 0.5 -2
v -1.4 2.7 2
v -1.4 2.7 1.9
v -1.4 2.7 -1.9
v -1.4 2.7 -2
v -1.4 2.8 2
v -1.4 2.8 1.9
v -1.4 2.8 -1.9
v -1.4 2.8 -2
v -1.3 0.5 2
v -1.3 0.5 1.9
v -1.3 0.5 -1.9
v -1.3 0.5 -2
v -1.3 0.6 2
v -1.3 0.6 1.9
v -1.3 0.6 -1.9
v -1.3 0.6 -2
v -1.3 2.6 2
v -1.3 2.6 1.9
v -1.3 2.6 -1.9
v -1.3 2.6 -2
v -1.3 2.7 2
v -1.3 2.7 1.9
v -1.3 2.7 -1.9
v -1.3 2.7 -2
v -1.2 0.6 2
v -1.2 0.6 1.9
v -1.2 0.6 -1.9
v -1.2 0.6 -2
v -1.2 0.7 2
v -1.2 0.7 1.9
v -1.2 0.7 -1.9
v -1.2 0.7 -2
v -1.2 2.5 2
v -1.2 2.5 1.9
v -1.2 2.5 -1.9
v -1.2 2.5 -2
v -1.2 2.6 2
v -1.2 2.6 1.9
v -1.2 2.6 -1.9
v -1.2 2.6 -2
v -1.1 0.7 2
v -1.1 0.7 1.9
v -1.1 0.7 -1.9
v -1.1 0.7 -2
v -1.1 0.8 2
v -1.1 0.8 1.9
v -1.1 0.8 -1.9
v -1.1 0.8 -2
v -1.1 2.4 2
v -1.1 2.4 1.9
v -1.1 2.4 -1.9
v -1.1 2.4 -2
v -1.1 2.5 2
v -1.1 2.5 1.9
v -1.1 2.5 -1.9
v -1.1 2.5 -2
v -1 0.8 2
v -1 0.8 1.9
v -1 0.8 -1.9
v -1 0.8 -2
v -1 0.9 2
v -1 0.9 1.9
v -1 0.9 -1.9
v -1 0.9 -2
v -1 2.3 2
v -1 2.3 1.9
v -1 2.3 -1.9
v -1 2.3 -2
v -1 2.4 2
v -1 2.4 1.9
v -1 2.4 -1.9
v -1 2.4 -2
v -0.9 0.9 2
v -0.9 0.9 1.9
v -0.9 0.9 -1.9
v -0.9 0.9 -2
v -0.9 1 2
v -0.9 1 1.9
v -0.9 1 -1.9
v -0.9 1 -2
v -0.9 2.2 2
v -0.9 2.2 1.9
v -0.9 2.2 -1.9
v -0.9 2.2 -2
v -0.9 2.3 2
v -0.9 2.3 1.9
v -0.9 2.3 -1.9
v -0.9 2.3 -2
v -0.8 1 2
v -0.8 1 1.9
v -0.8 1 -1.9
v -0.8 1 -2
v -0.8 1.1 2
v -0.8 1.1 1.9
v -0.8 1.1 -1.9
v -0.8 1.1 -2
v -0.8 2.1 2
v -0.8 2.1 1.9
v -0.8 2.1 -1.9
v -0.8 2.1 -2
v -0.8 2.2 2
v -0.8 2.2 1.9
v -0.8 2.2 -1.9
v -0.8 2.2 -2
v -0.7 1.1 2
v -0.7 1.1 1.9
v -0.7 1.1 -1.9
v -0.7 1.1 -2
v -0.7 1.2 2
v -0.7 1.2 1.9
v -0.7 1.2 -1.9
v -0.7 1.2 -2
v -0.7 2 2
v -0.7 2 1.9
v -0.7 2 -1.9
v -0.7 2 -2
v -0.7 2.1 2
v -0.7 2.1 1.9
v -0.7 2.1 -1.9
v -0.7 2.1 -2
v -0.6 1.2 2
v -0.6 1.2 1.9
v -0.6 1.2 -1.9
v -0.6 1.2 -2
v -0.6 1.3 2
v -0.6 1.3 1.9
v -0.6 1.3 -1.9
v -0.6 1.3 -2
v -0.6 1.9 2
v -0.6 1.9 1.9
v -0.6 1.9 -1.9
v -0.6 1.9 -2
v -0.6 2 2
v -0.6 2 1.9
v -0.6 2 -1.9
v -0.6 2 -2
v -0.5 1.3 2
v -0.5 1.3 1.9
v -0.5 1.3 -1.9
v -0.5 1.3 -2
v -0.5 1.4 2
v -0.5 1.4 1.9
v -0.5 1.4 -1.9
v -0.5 1.4 -2
v -0.5 1.8 2
v -0.5 1.8 1.9
v -0.5 1.8 -1.9
v -0.5 1.8 -2
v -0.5 1.9 2
v -0.5 1.9 1.9
v -0.5 1.9 -1.9
v -0.5 1.9 -2
v -0.4 1.4 2
v -0.4 1.4 1.9
v -0.4 1.4 -1.9
v -0.4 1.4 -2
v -0.4 1.5 2
v -0.4 1.5 1.9
v -0.4 1.5 -1.9
v -0.4 1.5 -2
v -0.4 1.7 2
v -0.4 1.7 1.9
v -0.4 1.7 -1.9
v -0.4 1.7 -2
v -0.4 1.8 2
v -0.4 1.8 1.9
v -0.4 1.8 -1.9
v -0.4 1.8 -2
v 0.1 0.2 2
v 0.1 0.2 1.9
v 0.1 0.2 -1.9
v 0.1 0.2 -2
v 0.1 0.3 1.9
v 0.1 0.3 -1.9
v 0.1 0.8 1.9
v 0.1 0.8 -1.9
v 0.1 1.4 2
v 0.1 1.4 1.9
v 0.1 1.4 -1.9
v 0.1 1.4 -2
v 0.1 1.8 2
v 0.1 1.8 1.9
v 0.1 1.8 -1.9
v 0.1 1.8 -2
v 0.1 2.5 1.9
v 0.1 2.5 -1.9
v 0.1 2.8 1.9
v 0.1 2.8 -1.9
v 0.1 3 2
v 0.1 3 1.9
v 0.1 3 -1.9
v 0.1 3 -2
v 0.2 1.4 2
v 0.2 1.4 1.9
v 0.2 1.4 -1.9
v 0.2 1.4 -2
v 0.2 1.5 2
v 0.2 1.5 1.9
v 0.2 1.5 -1.9
v 0.2 1.5 -2
v 0.2 1.7 2
v 0.2 1.7 1.9
v 0.2 1.7 -1.9
v 0.2 1.7 -2
v 0.2 1.8 2
v 0.2 1.8 1.9
v 0.2 1.8 -1.9
v 0.2 1.8 -2
v 0.6 1.5 2
v 0.6 1.5 1.9
v 0.6 1.5 -1.9
v 0.6 1.5 -2
v 0.6 1.6 2
v 0.6 1.6 1.9
v 0.6 1.6 -1.9
v 0.6 1.6 -2
v 0.6 1.7 2
v 0.6 1.7 1.9
v 0.6 1.7 -1.9
v 0.6 1.7 -2
v 0.7 1.4 2
v 0.7 1.4 1.9
v 0.7 1.4 -1.9
v 0.7 1.4 -2
v 0.7 1.5 2
v 0.7 1.5 1.9
v 0.7 1.5 -1.9
v 0.7 1.5 -2
v 0.7 1.7 2
v 0.7 1.7 1.9
v 0.7 1.7 -1.9
v 0.7 1.7 -2
v 0.7 1.8 2
v 0.7 1.8 1.9
v 0.7 1.8 -1.9
v 0.7 1.8 -2
v 0.8 1.3 2
v 0.8 1.3 1.9
v 0.8 1.3 -1.9
v 0.8 1.3 -2
v 0.8 1.4 2
v 0.8 1.4 1.9
v 0.8 1.4 -1.9
v 0.8 1.4 -2
v 0.8 1.8 2
v 0.8 1.8 1.9
v 0.8 1.8 -1.9
v 0.8 1.8 -2
v 0.8 1.9 2
v 0.8 1.9 1.9
v 0.8 1.9 -1.9
v 0.8 1.9 -2
v 0.9 1.2 2
v 0.9 1.2 1.9
v 0.9 1.2 -1.9
v 0.9 1.2 -2
v 0.9 1.3 2
v 0.9 1.3 1.9
v 0.9 1.3 -1.9
v 0.9 1.3 -2
v 0.9 1.9 2
v 0.9 1.9 1.9
v 0.9 1.9 -1.9
v 0.9 1.9 -2
v 0.9 2 2
v 0.9 2 1.9
v 0.9 2 -1.9
v 0.9 2 -2
v 1 1.1 2
v 1 1.1 1.9
v 1 1.1 -1.9
v 1 1.1 -2
v 1 1.2 2
v 1 1.2 1.9
v 1 1.2 -1.9
v 1 1.2 -2
v 1 2 2
v 1 2 1.9
v 1 2 -1.9
v 1 2 -2
v 1 2.1 2
v 1 2.1 1.9
v 1 2.1 -1.9
v 1 2.1 -2
v 1.1 1 2
v 1.1 1 1.9
v 1.1 1 -1.9
v 1.1 1 -2
v 1.1 1.1 2
v 1.1 1.1 1.9
v 1.1 1.1 -1.9
v 1.1 1.1 -2
v 1.1 2.1 2
v 1.1 2.1 1.9
v 1.1 2.1 -1.9
v 1.1 2.1 -2
v 1.1 2.2 2
v 1.1 2.2 1.9
v 1.1 2.2 -1.9
v 1.1 2.2 -2
v 1.2 0.9 2
v 1.2 0.9 1.9
v 1.2 0.9 -1.9
v 1.2 0.9 -2
v 1.2 1 2
v 1.2 1 1.9
v 1.2 1 -1.9
v 1.2 1 -2
v 1.2 2.2 2
v 1.2 2.2 1.9
v 1.2 2.2 -1.9
v 1.2 2.2 -2
v 1.2 2.3 2
v 1.2 2.3 1.9
v 1.2 2.3 -1.9
v 1.2 2.3 -2
v 1.3 0.8 2
v 1.3 0.8 1.9
v 1.3 0.8 -1.9
v 1.3 0.8 -2
v 1.3 0.9 2
v 1.3 0.9 1.9
v 1.3 0.9 -1.9
v 1.3 0.9 -2
v 1.3 2.3 2
v 1.3 2.3 1.9
v 1.3 2.3 -1.9
v 1.3 2.3 -2
v 1.3 2.4 2
v 1.3 2.4 1.9
v 1.3 2.4 -1.9
v 1.3 2.4 -2
v 1.4 0.7 2
v 1.4 0.7 1.9
v 1.4 0.7 -1.9
v 1.4 0.7 -2
v 1.4 0.8 2
v 1.4 0.8 1.9
v 1.4 0.8 -1.9
v 1.4 0.8 -2
v 1.4 2.4 2
v 1.4 2.4 1.9
v 1.4 2.4 -1.9
v 1.4 2.4 -2
v 1.4 2.5 2
v 1.4 2.5 1.9
v 1.4 2.5 -1.9
v 1.4 2.5 -2
v 1.5 0.6 2
v 1.5 0.6 1.9
v 1.5 0.6 -1.9
v 1.5 0.6 -2
v 1.5 0.7 2
v 1.5 0.7 1.9
v 1.5 0.7 -1.9
v 1.5 0.7 -2
v 1.5 2.5 2
v 1.5 2.5 1.9
v 1.5 2.5 -1.9
v 1.5 2.5 -2
v 1.5 2.6 2
v 1.5 2.6 1.9
v 1.5 2.6 -1.9
v 1.5 2.6 -2
v 1.6 0.5 2
v 1.6 0.5 1.9
v 1.6 0.5 -1.9
v 1.6 0.5 -2
v 1.6 0.6 2
v 1.6 0.6 1.9
v 1.6 0.6 -1.9
v 1.6 0.6 -2
v 1.6 2.6 2
v 1.6 2.6 1.9
v 1.6 2.6 -1.9
v 1.6 2.6 -2
v 1.6 2.7 2
v 1.6 2.7 1.9
v 1.6 2.7 -1.9
v 1.6 2.7 -2
v 1.7 0.4 2
v 1.7 0.4 1.9
v 1.7 0.4 -1.9
v 1.7 0.4 -2
v 1.7 0.5 2
v 1.7 0.5 1.9
v 1.7 0.5 -1.9
v 1.7 0.5 -2
v 1.7 2.7 2
v 1.7 2.7 1.9
v 1.7 2.7 -1.9
v 1.7 2.7 -2
v 1.7 2.8 2
v 1.7 2.8 1.9
v 1.7 2.8 -1.9
v 1.7 2.8 -2
v 1.9 0.2 1.6
v 1.9 0.2 0.0999999
v 1.9 0.2 -0.1
v 1.9 0.2 -1.6
v 1.9 0.3 1.6
v 1.9 0.3 1.5
v 1.9 0.3 1.3
v 1.9 0.3 1.1
v 1.9 0.3 0.2
v 1.9 0.3 0.0999999
v 1.9 0.3 -0.1
v 1.9 0.3 -0.2
v 1.9 0.3 -1
v 1.9 0.3 -1.4
v 1.9 0.3 -1.5
v 1.9 0.3 -1.6
v 1.9 0.4 1.8
v 1.9 0.4 1.7
v 1.9 0.4 1.5
v 1.9 0.4 1.4
v 1.9 0.4 1.3
v 1.9 0.4 1.1
v 1.9 0.4 1
v 1.9 0.4 0.3
v 1.9 0.4 0.2
v 1.9 0.4 -0.2
v 1.9 0.4 -0.3
v 1.9 0.4 -0.9
v 1.9 0.4 -1
v 1.9 0.4 -1.4
v 1.9 0.4 -1.5
v 1.9 0.4 -1.7
v 1.9 0.4 -1.8
v 1.9 0.5 1.7
v 1.9 0.5 1.6
v 1.9 0.5 1.4
v 1.9 0.5 1.3
v 1.9 0.5 -1.3
v 1.9 0.5 -1.4
v 1.9 0.5 -1.6
v 1.9 0.5 -1.7
v 1.9 0.6 1.6
v 1.9 0.6 1.5
v 1.9 0.6 1.3
v 1.9 0.6 1.2
v 1.9 0.6 1.1
v 1.9 0.6 1
v 1.9 0.6 0.9
v 1.9 0.6 -0.3
v 1.9 0.6 -0.4
v 1.9 0.6 -1.1
v 1.9 0.6 -1.2
v 1.9 0.6 -1.3
v 1.9 0.6 -1.5
v 1.9 0.6 -1.6
v 1.9 0.7 1.5
v 1.9 0.7 1.4
v 1.9 0.7 1.2
v 1.9 0.7 1.1
v 1.9 0.7 -1
v 1.9 0.7 -1.1
v 1.9 0.7 -1.2
v 1.9 0.7 -1.4
v 1.9 0.7 -1.5
v 1.9 0.8 1.4
v 1.9 0.8 1.3
v 1.9 0.8 1.1
v 1.9 0.8 1
v 1.9 0.8 0.4
v 1.9 0.8 0.3
v 1.9 0.8 0.2
v 1.9 0.8 0.0999999
v 1.9 0.8 -0.1
v 1.9 0.8 -0.2
v 1.9 0.8 -0.8
v 1.9 0.8 -0.9
v 1.9 0.8 -1
v 1.9 0.8 -1.1
v 1.9 0.8 -1.3
v 1.9 0.8 -1.4
v 1.9 0.9 1.3
v 1.9 0.9 1.2
v 1.9 0.9 1
v 1.9 0.9 0.9
v 1.9 0.9 -0.9
v 1.9 0.9 -1
v 1.9 0.9 -1.2
v 1.9 0.9 -1.3
v 1.9 0.9 -1.6
v 1.9 0.9 -1.7
v 1.9 1 1.6
v 1.9 1 1.5
v 1.9 1 1.2
v 1.9 1 1.1
v 1.9 1 0.9
v 1.9 1 0.8
v 1.9 1 -0.8
v 1.9 1 -0.9
v 1.9 1 -1.1
v 1.9 1 -1.2
v 1.9 1.1 1.1
v 1.9 1.1 1
v 1.9 1.1 0.8
v 1.9 1.1 0.7
v 1.9 1.1 -0.4
v 1.9 1.1 -0.5
v 1.9 1.1 -0.7
v 1.9 1.1 -0.8
v 1.9 1.1 -1
v 1.9 1.1 -1.1
v 1.9 1.1 -1.4
v 1.9 1.1 -1.5
v 1.9 1.2 1.5
v 1.9 1.2 1.4
v 1.9 1.2 1
v 1.9 1.2 0.9
v 1.9 1.2 0.7
v 1.9 1.2 0.6
v 1.9 1.2 0.3
v 1.9 1.2 0.2
v 1.9 1.2 -0.2
v 1.9 1.2 -0.3
v 1.9 1.2 -0.6
v 1.9 1.2 -0.7
v 1.9 1.2 -0.9
v 1.9 1.2 -1
v 1.9 1.3 0.9
v 1.9 1.3 0.8
v 1.9 1.3 0.6
v 1.9 1.3 0.5
v 1.9 1.3 0.4
v 1.9 1.3 -0.5
v 1.9 1.3 -0.6
v 1.9 1.3 -0.8
v 1.9 1.3 -0.9
v 1.9 1.3 -1.6
v 1.9 1.3 -1.7
v 1.9 1.4 0.8
v 1.9 1.4 0.7
v 1.9 1.4 0.5
v 1.9 1.4 0.4
v 1.9 1.4 0.2
v 1.9 1.4 0.0999999
v 1.9 1.4 -0.1
v 1.9 1.4 -0.2
v 1.9 1.4 -0.4
v 1.9 1.4 -0.5
v 1.9 1.4 -0.7
v 1.9 1.4 -0.8
v 1.9 1.5 1.7
v 1.9 1.5 1.6
v 1.9 1.5 0.7
v 1.9 1.5 0.6
v 1.9 1.5 0.4
v 1.9 1.5 0.3
v 1.9 1.5 0.2
v 1.9 1.5 -0.2
v 1.9 1.5 -0.3
v 1.9 1.5 -0.4
v 1.9 1.5 -0.6
v 1.9 1.5 -0.7
v 1.9 1.7 0.7
v 1.9 1.7 0.6
v 1.9 1.7 0.4
v 1.9 1.7 0.3
v 1.9 1.7 0.2
v 1.9 1.7 -0.2
v 1.9 1.7 -0.3
v 1.9 1.7 -0.4
v 1.9 1.7 -0.6
v 1.9 1.7 -0.7
v 1.9 1.8 0.8
v 1.9 1.8 0.7
v 1.9 1.8 0.5
v 1.9 1.8 0.4
v 1.9 1.8 0.2
v 1.9 1.8 0.0999999
v 1.9 1.8 -0.1
v 1.9 1.8 -0.2
v 1.9 1.8 -0.4
v 1.9 1.8 -0.5
v 1.9 1.8 -0.7
v 1.9 1.8 -0.8
v 1.9 1.8 -0.9
v 1.9 1.8 -1
v 1.9 1.9 1.7
v 1.9 1.9 1.6
v 1.9 1.9 0.9
v 1.9 1.9 0.8
v 1.9 1.9 0.6
v 1.9 1.9 0.5
v 1.9 1.9 -0.5
v 1.9 1.9 -0.6
v 1.9 1.9 -0.8
v 1.9 1.9 -0.9
v 1.9 2 1.5
v 1.9 2 1.4
v 1.9 2 1
v 1.9 2 0.9
v 1.9 2 0.7
v 1.9 2 0.6
v 1.9 2 -0.6
v 1.9 2 -0.7
v 1.9 2 -0.9
v 1.9 2 -1
v 1.9 2.1 1.1
v 1.9 2.1 1
v 1.9 2.1 0.8
v 1.9 2.1 0.7
v 1.9 2.1 0.5
v 1.9 2.1 0.4
v 1.9 2.1 0.3
v 1.9 2.1 0.2
v 1.9 2.1 -0.4
v 1.9 2.1 -0.5
v 1.9 2.1 -0.7
v 1.9 2.1 -0.8
v 1.9 2.1 -1
v 1.9 2.1 -1.1
v 1.9 2.1 -1.4
v 1.9 2.1 -1.5
v 1.9 2.2 1.2
v 1.9 2.2 1.1
v 1.9 2.2 0.9
v 1.9 2.2 0.8
v 1.9 2.2 -0.2
v 1.9 2.2 -0.3
v 1.9 2.2 -0.8
v 1.9 2.2 -0.9
v 1.9 2.2 -1.1
v 1.9 2.2 -1.2
v 1.9 2.3 1.6
v 1.9 2.3 1.5
v 1.9 2.3 1.3
v 1.9 2.3 1.2
v 1.9 2.3 1
v 1.9 2.3 0.9
v 1.9 2.3 -0.9
v 1.9 2.3 -1
v 1.9 2.3 -1.2
v 1.9 2.3 -1.3
v 1.9 2.3 -1.5
v 1.9 2.3 -1.6
v 1.9 2.4 1.4
v 1.9 2.4 1.3
v 1.9 2.4 1.1
v 1.9 2.4 1
v 1.9 2.4 -0.1
v 1.9 2.4 -0.2
v 1.9 2.4 -0.3
v 1.9 2.4 -0.4
v 1.9 2.4 -1
v 1.9 2.4 -1.1
v 1.9 2.4 -1.3
v 1.9 2.4 -1.4
v 1.9 2.5 1.5
v 1.9 2.5 1.4
v 1.9 2.5 1.2
v 1.9 2.5 1.1
v 1.9 2.5 0.4
v 1.9 2.5 0.3
v 1.9 2.5 0.2
v 1.9 2.5 0.0999999
v 1.9 2.5 -1.1
v 1.9 2.5 -1.2
v 1.9 2.5 -1.4
v 1.9 2.5 -1.5
v 1.9 2.6 1.6
v 1.9 2.6 1.5
v 1.9 2.6 1.3
v 1.9 2.6 1.2
v 1.9 2.6 1.1
v 1.9 2.6 -1.1
v 1.9 2.6 -1.2
v 1.9 2.6 -1.3
v 1.9 2.6 -1.5
v 1.9 2.6 -1.6
v 1.9 2.7 1.7
v 1.9 2.7 1.6
v 1.9 2.7 1.4
v 1.9 2.7 1.3
v 1.9 2.7 1
v 1.9 2.7 0.9
v 1.9 2.7 -0.9
v 1.9 2.7 -1
v 1.9 2.7 -1.3
v 1.9 2.7 -1.4
v 1.9 2.7 -1.6
v 1.9 2.7 -1.7
v 1.9 2.8 1.8
v 1.9 2.8 1.7
v 1.9 2.8 1.5
v 1.9 2.8 1.4
v 1.9 2.8 0.3
v 1.9 2.8 0.0999999
v 1.9 2.8 -0.1
v 1.9 2.8 -0.3
v 1.9 2.8 -1.4
v 1.9 2.8 -1.5
v 1.9 2.8 -1.7
v 1.9 2.8 -1.8
v 1.9 2.9 1.6
v 1.9 2.9 1.5
v 1.9 2.9 1.4
v 1.9 2.9 1
v 1.9 2.9 -1
v 1.9 2.9 -1.4
v 1.9 2.9 -1.5
v 1.9 2.9 -1.6
v 1.9 3 1.6
v 1.9 3 0.0999999
v 1.9 3 -0.1
v 1.9 3 -1.6
v 2 0 2
v 2 0 -2
v 2 0.1 1.9
v 2 0.1 -1.9
v 2 0.2 2
v 2 0.2 1.9
v 2 0.2 1.7
v 2 0.2 1.6
v 2 0.2 0.0999999
v 2 0.2 -0.1
v 2 0.2 -1.6
v 2 0.2 -1.7
v 2 0.2 -1.9
v 2 0.2 -2
v 2 0.3 1.9
v 2 0.3 1.8
v 2 0.3 1.7
v 2 0.3 1.6
v 2 0.3 1.5
v 2 0.3 -1.5
v 2 0.3 -1.6
v 2 0.3 -1.7
v 2 0.3 -1.8
v 2 0.3 -1.9
v 2 0.4 1.8
v 2 0.4 1.7
v 2 0.4 1.6
v 2 0.4 1.5
v 2 0.4 1.4
v 2 0.4 -1.4
v 2 0.4 -1.5
v 2 0.4 -1.6
v 2 0.4 -1.7
v 2 0.4 -1.8
v 2 0.5 1.7
v 2 0.5 1.6
v 2 0.5 1.5
v 2 0.5 1.4
v 2 0.5 1.3
v 2 0.5 -1.3
v 2 0.5 -1.4
v 2 0.5 -1.5
v 2 0.5 -1.6
v 2 0.5 -1.7
v 2 0.6 1.6
v 2 0.6 1.5
v 2 0.6 1.4
v 2 0.6 1.3
v 2 0.6 1.2
v 2 0.6 -1.2
v 2 0.6 -1.3
v 2 0.6 -1.4
v 2 0.6 -1.5
v 2 0.6 -1.6
v 2 0.7 1.5
v 2 0.7 1.4
v 2 0.7 1.3
v 2 0.7 1.2
v 2 0.7 1.1
v 2 0.7 -1.1
v 2 0.7 -1.2
v 2 0.7 -1.3
v 2 0.7 -1.4
v 2 0.7 -1.5
v 2 0.8 1.4
v 2 0.8 1.3
v 2 0.8 1.2
v 2 0.8 1.1
v 2 0.8 1
v 2 0.8 -1
v 2 0.8 -1.1
v 2 0.8 -1.2
v 2 0.8 -1.3
v 2 0.8 -1.4
v 2 0.9 1.3
v 2 0.9 1.2
v 2 0.9 1.1
v 2 0.9 1
v 2 0.9 0.9
v 2 0.9 -0.9
v 2 0.9 -1
v 2 0.9 -1.1
v 2 0.9 -1.2
v 2 0.9 -1.3
v 2 1 1.2
v 2 1 1.1
v 2 1 1
v 2 1 0.9
v 2 1 0.8
v 2 1 -0.8
v 2 1 -0.9
v 2 1 -1
v 2 1 -1.1
v 2 1 -1.2
v 2 1.1 1.1
v 2 1.1 1
v 2 1.1 0.9
v 2 1.1 0.8
v 2 1.1 0.7
v 2 1.1 -0.7
v 2 1.1 -0.8
v 2 1.1 -0.9
v 2 1.1 -1
v 2 1.1 -1.1
v 2 1.2 1
v 2 1.2 0.9
v 2 1.2 0.8
v 2 1.2 0.7
v 2 1.2 0.6
v 2 1.2 -0.6
v 2 1.2 -0.7
v 2 1.2 -0.8
v 2 1.2 -0.9
v 2 1.2 -1
v 2 1.3 0.9
v 2 1.3 0.8
v 2 1.3 0.7
v 2 1.3 0.6
v 2 1.3 0.5
v 2 1.3 -0.5
v 2 1.3 -0.6
v 2 1.3 -0.7
v 2 1.3 -0.8
v 2 1.3 -0.9
v 2 1.4 0.8
v 2 1.4 0.7
v 2 1.4 0.6
v 2 1.4 0.5
v 2 1.4 0.4
v 2 1.4 0.2
v 2 1.4 0.0999999
v 2 1.4 -0.1
v 2 1.4 -0.2
v 2 1.4 -0.4
v 2 1.4 -0.5
v 2 1.4 -0.6
v 2 1.4 -0.7
v 2 1.4 -0.8
v 2 1.5 0.7
v 2 1.5 0.6
v 2 1.5 0.5
v 2 1.5 0.4
v 2 1.5 0.2
v 2 1.5 0.0999999
v 2 1.5 -0.1
v 2 1.5 -0.2
v 2 1.5 -0.4
v 2 1.5 -0.5
v 2 1.5 -0.6
v 2 1.5 -0.7
v 2 1.6 0.4
v 2 1.6 0.2
v 2 1.6 -0.2
v 2 1.6 -0.4
v 2 1.7 0.7
v 2 1.7 0.6
v 2 1.7 0.5
v 2 1.7 0.4
v 2 1.7 0.2
v 2 1.7 -0.2
v 2 1.7 -0.4
v 2 1.7 -0.5
v 2 1.7 -0.6
v 2 1.7 -0.7
v 2 1.8 0.8
v 2 1.8 0.7
v 2 1.8 0.6
v 2 1.8 0.5
v 2 1.8 0.4
v 2 1.8 0.2
v 2 1.8 0.0999999
v 2 1.8 -0.1
v 2 1.8 -0.2
v 2 1.8 -0.4
v 2 1.8 -0.5
v 2 1.8 -0.6
v 2 1.8 -0.7
v 2 1.8 -0.8
v 2 1.9 0.9
v 2 1.9 0.8
v 2 1.9 0.7
v 2 1.9 0.6
v 2 1.9 0.5
v 2 1.9 -0.5
v 2 1.9 -0.6
v 2 1.9 -0.7
v 2 1.9 -0.8
v 2 1.9 -0.9
v 2 2 1
v 2 2 0.9
v 2 2 0.8
v 2 2 0.7
v 2 2 0.6
v 2 2 -0.6
v 2 2 -0.7
v 2 2 -0.8
v 2 2 -0.9
v 2 2 -1
v 2 2.1 1.1
v 2 2.1 1
v 2 2.1 0.9
v 2 2.1 0.8
v 2 2.1 0.7
v 2 2.1 -0.7
v 2 2.1 -0.8
v 2 2.1 -0.9
v 2 2.1 -1
v 2 2.1 -1.1
v 2 2.2 1.2
v 2 2.2 1.1
v 2 2.2 1
v 2 2.2 0.9
v 2 2.2 0.8
v 2 2.2 -0.8
v 2 2.2 -0.9
v 2 2.2 -1
v 2 2.2 -1.1
v 2 2.2 -1.2
v 2 2.3 1.3
v 2 2.3 1.2
v 2 2.3 1.1
v 2 2.3 1
v 2 2.3 0.9
v 2 2.3 -0.9
v 2 2.3 -1
v 2 2.3 -1.1
v 2 2.3 -1.2
v 2 2.3 -1.3
v 2 2.4 1.4
v 2 2.4 1.3
v 2 2.4 1.2
v 2 2.4 1.1
v 2 2.4 1
v 2 2.4 -1
v 2 2.4 -1.1
v 2 2.4 -1.2
v 2 2.4 -1.3
v 2 2.4 -1.4
v 2 2.5 1.5
v 2 2.5 1.4
v 2 2.5 1.3
v 2 2.5 1.2
v 2 2.5 1.1
v 2 2.5 -1.1
v 2 2.5 -1.2
v 2 2.5 -1.3
v 2 2.5 -1.4
v 2 2.5 -1.5
v 2 2.6 1.6
v 2 2.6 1.5
v 2 2.6 1.4
v 2 2.6 1.3
v 2 2.6 1.2
v 2 2.6 -1.2
v 2 2.6 -1.3
v 2 2.6 -1.4
v 2 2.6 -1.5
v 2 2.6 -1.6
v 2 2.7 1.7
v 2 2.7 1.6
v 2 2.7 1.5
v 2 2.7 1.4
v 2 2.7 1.3
v 2 2.7 -1.3
v 2 2.7 -1.4
v 2 2.7 -1.5
v 2 2.7 -1.6
v 2 2.7 -1.7
v 2 2.8 1.8
v 2 2.8 1.7
v 2 2.8 1.6
v 2 2.8 1.5
v 2 2.8 1.4
v 2 2.8 -1.4
v 2 2.8 -1.5
v 2 2.8 -1.6
v 2 2.8 -1.7
v 2 2.8 -1.8
v 2 2.9 1.8
v 2 2.9 1.7
v 2 2.9 1.6
v 2 2.9 1.5
v 2 2.9 -1.5
v 2 2.9 -1.6
v 2 2.9 -1.7
v 2 2.9 -1.8
v 2 3 1.9
v 2 3 1.8
v 2 3 1.6
v 2 3 0.0999999
v 2 3 -0.1
v 2 3 -1.6
v 2 3 -1.8
v 2 3 -1.9
v 2 3.1 1.6
v 2 3.1 0.0999999
v 2 3.1 -0.1
v 2 3.1 -1.6
v 2 3.2 2
v 2 3.2 -2
v -2 0 2
v -2 0.2 2
v -2 3.2 2
v -1.9 0.1 2
v -1.9 0.2 2
v -1.9 0.3 2
v -1.9 3 2
v -1.8 0.3 2
v -1.8 0.4 2
v -1.8 2.8 2
v -1.8 2.9 2
v -1.8 3 2
v -1.7 0.2 2
v -1.7 0.3 2
v -1.7 0.4 2
v -1.7 0.5 2
v -1.7 2.7 2
v -1.7 2.8 2
v -1.7 2.9 2
v -1.6 0.2 2
v -1.6 0.3 2
v -1.6 0.4 2
v -1.6 0.5 2
v -1.6 0.6 2
v -1.6 2.6 2
v -1.6 2.7 2
v -1.6 2.8 2
v -1.6 2.9 2
v -1.6 3 2
v -1.6 3.1 2
v -1.5 0.3 2
v -1.5 0.4 2
v -1.5 0.5 2
v -1.5 0.6 2
v -1.5 0.7 2
v -1.5 2.5 2
v -1.5 2.6 2
v -1.5 2.7 2
v -1.5 2.8 2
v -1.5 2.9 2
v -1.4 0.4 2
v -1.4 0.5 2
v -1.4 0.6 2
v -1.4 0.7 2
v -1.4 0.8 2
v -1.4 2.4 2
v -1.4 2.5 2
v -1.4 2.6 2
v -1.4 2.7 2
v -1.4 2.8 2
v -1.3 0.5 2
v -1.3 0.6 2
v -1.3 0.7 2
v -1.3 0.8 2
v -1.3 0.9 2
v -1.3 2.3 2
v -1.3 2.4 2
v -1.3 2.5 2
v -1.3 2.6 2
v -1.3 2.7 2
v -1.2 0.6 2
v -1.2 0.7 2
v -1.2 0.8 2
v -1.2 0.9 2
v -1.2 1 2
v -1.2 2.2 2
v -1.2 2.3 2
v -1.2 2.4 2
v -1.2 2.5 2
v -1.2 2.6 2
v -1.1 0.7 2
v -1.1 0.8 2
v -1.1 0.9 2
v -1.1 1 2
v -1.1 1.1 2
v -1.1 2.1 2
v -1.1 2.2 2
v -1.1 2.3 2
v -1.1 2.4 2
v -1.1 2.5 2
v -1 0.8 2
v -1 0.9 2
v -1 1 2
v -1 1.1 2
v -1 1.2 2
v -1 2 2
v -1 2.1 2
v -1 2.2 2
v -1 2.3 2
v -1 2.4 2
v -0.9 0.9 2
v -0.9 1 2
v -0.9 1.1 2
v -0.9 1.2 2
v -0.9 1.3 2
v -0.9 1.9 2
v -0.9 2 2
v -0.9 2.1 2
v -0.9 2.2 2
v -0.9 2.3 2
v -0.8 1 2
v -0.8 1.1 2
v -0.8 1.2 2
v -0.8 1.3 2
v -0.8 1.4 2
v -0.8 1.8 2
v -0.8 1.9 2
v -0.8 2 2
v -0.8 2.1 2
v -0.8 2.2 2
v -0.7 1.1 2
v -0.7 1.2 2
v -0.7 1.3 2
v -0.7 1.4 2
v -0.7 1.5 2
v -0.7 1.7 2
v -0.7 1.8 2
v -0.7 1.9 2
v -0.7 2 2
v -0.7 2.1 2
v -0.6 1.2 2
v -0.6 1.3 2
v -0.6 1.4 2
v -0.6 1.5 2
v -0.6 1.6 2
v -0.6 1.7 2
v -0.6 1.8 2
v -0.6 1.9 2
v -0.6 2 2
v -0.5 1.3 2
v -0.5 1.4 2
v -0.5 1.5 2
v -0.5 1.6 2
v -0.5 1.7 2
v -0.5 1.8 2
v -0.5 1.9 2
v -0.4 1.4 2
v -0.4 1.5 2
v -0.4 1.6 2
v -0.4 1.7 2
v -0.4 1.8 2
v -0.2 1.4 2
v -0.2 1.5 2
v -0.2 1.6 2
v -0.2 1.7 2
v -0.2 1.8 2
v -0.0999999 0.2 2
v -0.0999999 1.4 2
v -0.0999999 1.5 2
v -0.0999999 1.8 2
v -0.0999999 3 2
v -0.0999999 3.1 2
v 0.1 0.2 2
v 0.1 1.4 2
v 0.1 1.5 2
v 0.1 1.8 2
v 0.1 3 2
v 0.1 3.1 2
v 0.2 1.4 2
v 0.2 1.5 2
v 0.2 1.6 2
v 0.2 1.7 2
v 0.2 1.8 2
v 0.4 1.4 2
v 0.4 1.5 2
v 0.4 1.6 2
v 0.4 1.7 2
v 0.4 1.8 2
v 0.5 1.3 2
v 0.5 1.4 2
v 0.5 1.5 2
v 0.5 1.6 2
v 0.5 1.7 2
v 0.5 1.8 2
v 0.5 1.9 2
v 0.6 1.2 2
v 0.6 1.3 2
v 0.6 1.4 2
v 0.6 1.5 2
v 0.6 1.6 2
v 0.6 1.7 2
v 0.6 1.8 2
v 0.6 1.9 2
v 0.6 2 2
v 0.7 1.1 2
v 0.7 1.2 2
v 0.7 1.3 2
v 0.7 1.4 2
v 0.7 1.5 2
v 0.7 1.7 2
v 0.7 1.8 2
v 0.7 1.9 2
v 0.7 2 2
v 0.7 2.1 2
v 0.8 1 2
v 0.8 1.1 2
v 0.8 1.2 2
v 0.8 1.3 2
v 0.8 1.4 2
v 0.8 1.8 2
v 0.8 1.9 2
v 0.8 2 2
v 0.8 2.1 2
v 0.8 2.2 2
v 0.9 0.9 2
v 0.9 1 2
v 0.9 1.1 2
v 0.9 1.2 2
v 0.9 1.3 2
v 0.9 1.9 2
v 0.9 2 2
v 0.9 2.1 2
v 0.9 2.2 2
v 0.9 2.3 2
v 1 0.8 2
v 1 0.9 2
v 1 1 2
v 1 1.1 2
v 1 1.2 2
v 1 2 2
v 1 2.1 2
v 1 2.2 2
v 1 2.3 2
v 1 2.4 2
v 1.1 0.7 2
v 1.1 0.8 2
v 1.1 0.9 2
v 1.1 1 2
v 1.1 1.1 2
v 1.1 2.1 2
v 1.1 2.2 2
v 1.1 2.3 2
v 1.1 2.4 2
v 1.1 2.5 2
v 1.2 0.6 2
v 1.2 0.7 2
v 1.2 0.8 2
v 1.2 0.9 2
v 1.2 1 2
v 1.2 2.2 2
v 1.2 2.3 2
v 1.2 2.4 2
v 1.2 2.5 2
v 1.2 2.6 2
v 1.3 0.5 2
v 1.3 0.6 2
v 1.3 0.7 2
v 1.3 0.8 2
v 1.3 0.9 2
v 1.3 2.3 2
v 1.3 2.4 2
v 1.3 2.5 2
v 1.3 2.6 2
v 1.3 2.7 2
v 1.4 0.4 2
v 1.4 0.5 2
v 1.4 0.6 2
v 1.4 0.7 2
v 1.4 0.8 2
v 1.4 2.4 2
v 1.4 2.5 2
v 1.4 2.6 2
v 1.4 2.7 2
v 1.4 2.8 2
v 1.5 0.3 2
v 1.5 0.4 2
v 1.5 0.5 2
v 1.5 0.6 2
v 1.5 0.7 2
v 1.5 2.5 2
v 1.5 2.6 2
v 1.5 2.7 2
v 1.5 2.8 2
v 1.5 2.9 2
v 1.6 0.2 2
v 1.6 0.3 2
v 1.6 0.4 2
v 1.6 0.5 2
v 1.6 0.6 2
v 1.6 2.6 2
v 1.6 2.7 2
v 1.6 2.8 2
v 1.6 2.9 2
v 1.6 3 2
v 1.6 3.1 2
v 1.7 0.2 2
v 1.7 0.3 2
v 1.7 0.4 2
v 1.7 0.5 2
v 1.7 2.7 2
v 1.7 2.8 2
v 1.7 2.9 2
v 1.8 0.3 2
v 1.8 0.4 2
v 1.8 2.8 2
v 1.8 2.9 2
v 1.8 3 2
v 1.9 0.1 2
v 1.9 0.2 2
v 1.9 0.3 2
v 1.9 3 2
v 2 0 2
v 2 0.2 2
v 2 3.2 2
v -1.8 0.4 1.9
v -1.8 2.8 1.9
v -1.7 0.4 1.9
v -1.7 0.5 1.9
v -1.7 0.9 1.9
v -1.7 1.3 1.9
v -1.7 2.7 1.9
v -1.7 2.8 1.9
v -1.6 0.2 1.9
v -1.6 0.3 1.9
v -1.6 0.5 1.9
v -1.6 0.6 1.9
v -1.6 0.9 1.9
v -1.6 1.3 1.9
v -1.6 2.3 1.9
v -1.6 2.6 1.9
v -1.6 2.7 1.9
v -1.6 2.9 1.9
v -1.6 3 1.9
v -1.5 0.3 1.9
v -1.5 0.4 1.9
v -1.5 0.6 1.9
v -1.5 0.7 1.9
v -1.5 1.1 1.9
v -1.5 2.1 1.9
v -1.5 2.3 1.9
v -1.5 2.5 1.9
v -1.5 2.6 1.9
v -1.5 2.8 1.9
v -1.5 2.9 1.9
v -1.4 0.3 1.9
v -1.4 0.4 1.9
v -1.4 0.5 1.9
v -1.4 0.7 1.9
v -1.4 0.8 1.9
v -1.4 1.1 1.9
v -1.4 2.1 1.9
v -1.4 2.4 1.9
v -1.4 2.5 1.9
v -1.4 2.7 1.9
v -1.4 2.8 1.9
v -1.4 2.9 1.9
v -1.3 0.5 1.9
v -1.3 0.6 1.9
v -1.3 0.8 1.9
v -1.3 0.9 1.9
v -1.3 2.3 1.9
v -1.3 2.4 1.9
v -1.3 2.6 1.9
v -1.3 2.7 1.9
v -1.2 0.6 1.9
v -1.2 0.7 1.9
v -1.2 0.9 1.9
v -1.2 1 1.9
v -1.2 2.2 1.9
v -1.2 2.3 1.9
v -1.2 2.5 1.9
v -1.2 2.6 1.9
v -1.1 0.6 1.9
v -1.1 0.7 1.9
v -1.1 0.8 1.9
v -1.1 1 1.9
v -1.1 1.1 1.9
v -1.1 2.1 1.9
v -1.1 2.2 1.9
v -1.1 2.4 1.9
v -1.1 2.5 1.9
v -1.1 2.6 1.9
v -1 0.3 1.9
v -1 0.4 1.9
v -1 0.7 1.9
v -1 0.8 1.9
v -1 0.9 1.9
v -1 1.1 1.9
v -1 1.2 1.9
v -1 1.8 1.9
v -1 2 1.9
v -1 2.1 1.9
v -1 2.3 1.9
v -1 2.4 1.9
v -1 2.7 1.9
v -1 2.9 1.9
v -0.9 0.4 1.9
v -0.9 0.8 1.9
v -0.9 0.9 1.9
v -0.9 1 1.9
v -0.9 1.2 1.9
v -0.9 1.3 1.9
v -0.9 1.8 1.9
v -0.9 1.9 1.9
v -0.9 2 1.9
v -0.9 2.2 1.9
v -0.9 2.3 1.9
v -0.9 2.7 1.9
v -0.8 0.8 1.9
v -0.8 1 1.9
v -0.8 1.1 1.9
v -0.8 1.3 1.9
v -0.8 1.4 1.9
v -0.8 1.8 1.9
v -0.8 1.9 1.9
v -0.8 2.1 1.9
v -0.8 2.2 1.9
v -0.7 1.1 1.9
v -0.7 1.2 1.9
v -0.7 1.4 1.9
v -0.7 1.5 1.9
v -0.7 1.7 1.9
v -0.7 1.8 1.9
v -0.7 2 1.9
v -0.7 2.1 1.9
v -0.6 1.2 1.9
v -0.6 1.3 1.9
v -0.6 1.5 1.9
v -0.6 1.6 1.9
v -0.6 1.7 1.9
v -0.6 1.9 1.9
v -0.6 2 1.9
v -0.5 1.1 1.9
v -0.5 1.3 1.9
v -0.5 1.4 1.9
v -0.5 1.8 1.9
v -0.5 1.9 1.9
v -0.5 2.1 1.9
v -0.4 0.6 1.9
v -0.4 1.1 1.9
v -0.4 1.4 1.9
v -0.4 1.5 1.9
v -0.4 1.7 1.9
v -0.4 1.8 1.9
v -0.4 2.1 1.9
v -0.4 2.4 1.9
v -0.3 0.4 1.9
v -0.3 0.6 1.9
v -0.3 1.2 1.9
v -0.3 1.5 1.9
v -0.3 1.7 1.9
v -0.3 2.2 1.9
v -0.3 2.4 1.9
v -0.3 2.8 1.9
v -0.2 0.3 1.9
v -0.2 0.4 1.9
v -0.2 0.8 1.9
v -0.2 1.2 1.9
v -0.2 1.4 1.9
v -0.2 1.5 1.9
v -0.2 1.7 1.9
v -0.2 1.8 1.9
v -0.2 2.2 1.9
v -0.2 2.4 1.9
v -0.0999999 0.2 1.9
v -0.0999999 0.3 1.9
v -0.0999999 0.8 1.9
v -0.0999999 1.4 1.9
v -0.0999999 1.8 1.9
v -0.0999999 2.4 1.9
v -0.0999999 2.8 1.9
v -0.0999999 3 1.9
v 0.1 0.2 1.9
v 0.1 0.3 1.9
v 0.1 0.8 1.9
v 0.1 1.4 1.9
v 0.1 1.8 1.9
v 0.1 2.5 1.9
v 0.1 2.8 1.9
v 0.1 3 1.9
v 0.2 0.3 1.9
v 0.2 0.4 1.9
v 0.2 0.8 1.9
v 0.2 1.2 1.9
v 0.2 1.4 1.9
v 0.2 1.5 1.9
v 0.2 1.7 1.9
v 0.2 1.8 1.9
v 0.2 2.1 1.9
v 0.2 2.5 1.9
v 0.3 0.4 1.9
v 0.3 0.8 1.9
v 0.3 1.2 1.9
v 0.3 1.5 1.9
v 0.3 1.7 1.9
v 0.3 2.1 1.9
v 0.3 2.5 1.9
v 0.3 2.8 1.9
v 0.4 0.8 1.9
v 0.4 1.3 1.9
v 0.4 1.4 1.9
v 0.4 1.5 1.9
v 0.4 1.7 1.9
v 0.4 1.8 1.9
v 0.4 2.1 1.9
v 0.4 2.5 1.9
v 0.5 1.3 1.9
v 0.5 1.4 1.9
v 0.5 1.8 1.9
v 0.5 1.9 1.9
v 0.5 2.1 1.9
v 0.6 1.2 1.9
v 0.6 1.3 1.9
v 0.6 1.5 1.9
v 0.6 1.6 1.9
v 0.6 1.7 1.9
v 0.6 1.9 1.9
v 0.6 2 1.9
v 0.7 1.1 1.9
v 0.7 1.2 1.9
v 0.7 1.4 1.9
v 0.7 1.5 1.9
v 0.7 1.7 1.9
v 0.7 1.8 1.9
v 0.7 2 1.9
v 0.7 2.1 1.9
v 0.8 1 1.9
v 0.8 1.1 1.9
v 0.8 1.3 1.9
v 0.8 1.4 1.9
v 0.8 1.8 1.9
v 0.8 1.9 1.9
v 0.8 2.1 1.9
v 0.8 2.2 1.9
v 0.9 0.6 1.9
v 0.9 0.9 1.9
v 0.9 1 1.9
v 0.9 1.2 1.9
v 0.9 1.3 1.9
v 0.9 1.9 1.9
v 0.9 2 1.9
v 0.9 2.2 1.9
v 0.9 2.3 1.9
v 0.9 2.7 1.9
v 1 0.4 1.9
v 1 0.6 1.9
v 1 0.8 1.9
v 1 0.9 1.9
v 1 1.1 1.9
v 1 1.2 1.9
v 1 2 1.9
v 1 2.1 1.9
v 1 2.3 1.9
v 1 2.4 1.9
v 1 2.7 1.9
v 1 2.9 1.9
v 1.1 0.3 1.9
v 1.1 0.4 1.9
v 1.1 0.6 1.9
v 1.1 0.7 1.9
v 1.1 0.8 1.9
v 1.1 1 1.9
v 1.1 1.1 1.9
v 1.1 2.1 1.9
v 1.1 2.2 1.9
v 1.1 2.4 1.9
v 1.1 2.5 1.9
v 1.1 2.6 1.9
v 1.2 0.6 1.9
v 1.2 0.7 1.9
v 1.2 0.9 1.9
v 1.2 1 1.9
v 1.2 2.2 1.9
v 1.2 2.3 1.9
v 1.2 2.5 1.9
v 1.2 2.6 1.9
v 1.3 0.3 1.9
v 1.3 0.4 1.9
v 1.3 0.5 1.9
v 1.3 0.6 1.9
v 1.3 0.8 1.9
v 1.3 0.9 1.9
v 1.3 2.3 1.9
v 1.3 2.4 1.9
v 1.3 2.6 1.9
v 1.3 2.7 1.9
v 1.4 0.4 1.9
v 1.4 0.5 1.9
v 1.4 0.7 1.9
v 1.4 0.8 1.9
v 1.4 1.2 1.9
v 1.4 2 1.9
v 1.4 2.4 1.9
v 1.4 2.5 1.9
v 1.4 2.7 1.9
v 1.4 2.8 1.9
v 1.4 2.9 1.9
v 1.5 0.3 1.9
v 1.5 0.4 1.9
v 1.5 0.6 1.9
v 1.5 0.7 1.9
v 1.5 1 1.9
v 1.5 1.2 1.9
v 1.5 2 1.9
v 1.5 2.3 1.9
v 1.5 2.5 1.9
v 1.5 2.6 1.9
v 1.5 2.8 1.9
v 1.5 2.9 1.9
v 1.6 0.2 1.9
v 1.6 0.3 1.9
v 1.6 0.5 1.9
v 1.6 0.6 1.9
v 1.6 1 1.9
v 1.6 1.5 1.9
v 1.6 1.9 1.9
v 1.6 2.3 1.9
v 1.6 2.6 1.9
v 1.6 2.7 1.9
v 1.6 2.9 1.9
v 1.6 3 1.9
v 1.7 0.4 1.9
v 1.7 0.5 1.9
v 1.7 1.5 1.9
v 1.7 1.9 1.9
v 1.7 2.7 1.9
v 1.7 2.8 1.9
v 1.8 0.4 1.9
v 1.8 2.8 1.9
v -2 0.4 1.7
v -2 0.5 1.7
v -2 2.7 1.7
v -2 2.8 1.7
v -1.9 0.4 1.7
v -1.9 0.5 1.7
v -1.9 2.7 1.7
v -1.9 2.8 1.7
v 1.9 0.4 1.7
v 1.9 0.5 1.7
v 1.9 2.7 1.7
v 1.9 2.8 1.7
v 2 0.4 1.7
v 2 0.5 1.7
v 2 2.7 1.7
v 2 2.8 1.7
v -2 0.5 1.6
v -2 0.6 1.6
v -2 2.6 1.6
v -2 2.7 1.6
v -1.9 0.5 1.6
v -1.9 0.6 1.6
v -1.9 2.6 1.6
v -1.9 2.7 1.6
v 1.9 0.5 1.6
v 1.9 0.6 1.6
v 1.9 2.6 1.6
v 1.9 2.7 1.6
v 2 0.5 1.6
v 2 0.6 1.6
v 2 2.6 1.6
v 2 2.7 1.6
v -2 0.6 1.5
v -2 0.7 1.5
v -2 2.5 1.5
v -2 2.6 1.5
v -1.9 0.6 1.5
v -1.9 0.7 1.5
v -1.9 2.5 1.5
v -1.9 2.6 1.5
v 1.9 0.6 1.5
v 1.9 0.7 1.5
v 1.9 2.5 1.5
v 1.9 2.6 1.5
v 2 0.6 1.5
v 2 0.7 1.5
v 2 2.5 1.5
v 2 2.6 1.5
v -2 0.7 1.4
v -2 0.8 1.4
v -2 2.4 1.4
v -2 2.5 1.4
v -1.9 0.7 1.4
v -1.9 0.8 1.4
v -1.9 2.4 1.4
v -1.9 2.5 1.4
v 1.9 0.7 1.4
v 1.9 0.8 1.4
v 1.9 2.4 1.4
v 1.9 2.5 1.4
v 2 0.7 1.4
v 2 0.8 1.4
v 2 2.4 1.4
v 2 2.5 1.4
v -2 0.8 1.3
v -2 0.9 1.3
v -2 2.3 1.3
v -2 2.4 1.3
v -1.9 0.8 1.3
v -1.9 0.9 1.3
v -1.9 2.3 1.3
v -1.9 2.4 1.3
v 1.9 0.8 1.3
v 1.9 0.9 1.3
v 1.9 2.3 1.3
v 1.9 2.4 1.3
v 2 0.8 1.3
v 2 0.9 1.3
v 2 2.3 1.3
v 2 2.4 1.3
v -2 0.9 1.2
v -2 1 1.2
v -2 2.2 1.2
v -2 2.3 1.2
v -1.9 0.9 1.2
v -1.9 1 1.2
v -1.9 2.2 1.2
v -1.9 2.3 1.2
v 1.9 0.9 1.2
v 1.9 1 1.2
v 1.9 2.2 1.2
v 1.9 2.3 1.2
v 2 0.9 1.2
v 2 1 1.2
v 2 2.2 1.2
v 2 2.3 1.2
v -2 1 1.1
v -2 1.1 1.1
v -2 2.1 1.1
v -2 2.2 1.1
v -1.9 1 1.1
v -1.9 1.1 1.1
v -1.9 2.1 1.1
v -1.9 2.2 1.1
v 1.9 1 1.1
v 1.9 1.1 1.1
v 1.9 2.1 1.1
v 1.9 2.2 1.1
v 2 1 1.1
v 2 1.1 1.1
v 2 2.1 1.1
v 2 2.2 1.1
v -2 1.1 1
v -2 1.2 1
v -2 2 1
v -2 2.1 1
v -1.9 1.1 1
v -1.9 1.2 1
v -1.9 2 1
v -1.9 2.1 1
v 1.9 1.1 1
v 1.9 1.2 1
v 1.9 2 1
v 1.9 2.1 1
v 2 1.1 1
v 2 1.2 1
v 2 2 1
v 2 2.1 1
v -2 1.2 0.9
v -2 1.3 0.9
v -2 1.9 0.9
v -2 2 0.9
v -1.9 1.2 0.9
v -1.9 1.3 0.9
v -1.9 1.9 0.9
v -1.9 2 0.9
v 1.9 1.2 0.9
v 1.9 1.3 0.9
v 1.9 1.9 0.9
v 1.9 2 0.9
v 2 1.2 0.9
v 2 1.3 0.9
v 2 1.9 0.9
v 2 2 0.9
v -2 1.3 0.8
v -2 1.4 0.8
v -2 1.8 0.8
v -2 1.9 0.8
v -1.9 1.3 0.8
v -1.9 1.4 0.8
v -1.9 1.8 0.8
v -1.9 1.9 0.8
v 1.9 1.3 0.8
v 1.9 1.4 0.8
v 1.9 1.8 0.8
v 1.9 1.9 0.8
v 2 1.3 0.8
v 2 1.4 0.8
v 2 1.8 0.8
v 2 1.9 0.8
v -2 1.4 0.7
v -2 1.5 0.7
v -2 1.7 0.7
v -2 1.8 0.7
v -1.9 1.4 0.7
v -1.9 1.5 0.7
v -1.9 1.7 0.7
v -1.9 1.8 0.7
v 1.9 1.4 0.7
v 1.9 1.5 0.7
v 1.9 1.7 0.7
v 1.9 1.8 0.7
v 2 1.4 0.7
v 2 1.5 0.7
v 2 1.7 0.7
v 2 1.8 0.7
v -2 1.5 0.6
v -2 1.7 0.6
v -1.9 1.5 0.6
v -1.9 1.7 0.6
v 1.9 1.5 0.6
v 1.9 1.7 0.6
v 2 1.5 0.6
v 2 1.7 0.6
v -2 1.4 0.2
v -2 1.5 0.2
v -2 1.7 0.2
v -2 1.8 0.2
v -1.9 1.4 0.2
v -1.9 1.5 0.2
v -1.9 1.7 0.2
v -1.9 1.8 0.2
v 1.9 1.4 0.2
v 1.9 1.5 0.2
v 1.9 1.7 0.2
v 1.9 1.8 0.2
v 2 1.4 0.2
v 2 1.5 0.2
v 2 1.7 0.2
v 2 1.8 0.2
v -2 0.2 0.0999999
v -2 1.4 0.0999999
v -2 1.8 0.0999999
v -2 3 0.0999999
v -1.9 0.2 0.0999999
v -1.9 0.3 0.0999999
v -1.9 0.8 0.0999999
v -1.9 1.4 0.0999999
v -1.9 1.8 0.0999999
v -1.9 2.5 0.0999999
v -1.9 2.8 0.0999999
v -1.9 3 0.0999999
v 1.9 0.2 0.0999999
v 1.9 0.3 0.0999999
v 1.9 0.8 0.0999999
v 1.9 1.4 0.0999999
v 1.9 1.8 0.0999999
v 1.9 2.5 0.0999999
v 1.9 2.8 0.0999999
v 1.9 3 0.0999999
v 2 0.2 0.0999999
v 2 1.4 0.0999999
v 2 1.8 0.0999999
v 2 3 0.0999999
v -2 1.4 -0.4
v -2 1.5 -0.4
v -2 1.7 -0.4
v -2 1.8 -0.4
v -1.9 1.4 -0.4
v -1.9 1.5 -0.4
v -1.9 1.7 -0.4
v -1.9 1.8 -0.4
v 1.9 1.4 -0.4
v 1.9 1.5 -0.4
v 1.9 1.7 -0.4
v 1.9 1.8 -0.4
v 2 1.4 -0.4
v 2 1.5 -0.4
v 2 1.7 -0.4
v 2 1.8 -0.4
v -2 1.3 -0.5
v -2 1.4 -0.5
v -2 1.8 -0.5
v -2 1.9 -0.5
v -1.9 1.3 -0.5
v -1.9 1.4 -0.5
v -1.9 1.8 -0.5
v -1.9 1.9 -0.5
v 1.9 1.3 -0.5
v 1.9 1.4 -0.5
v 1.9 1.8 -0.5
v 1.9 1.9 -0.5
v 2 1.3 -0.5
v 2 1.4 -0.5
v 2 1.8 -0.5
v 2 1.9 -0.5
v -2 1.2 -0.6
v -2 1.3 -0.6
v -2 1.9 -0.6
v -2 2 -0.6
v -1.9 1.2 -0.6
v -1.9 1.3 -0.6
v -1.9 1.9 -0.6
v -1.9 2 -0.6
v 1.9 1.2 -0.6
v 1.9 1.3 -0.6
v 1.9 1.9 -0.6
v 1.9 2 -0.6
v 2 1.2 -0.6
v 2 1.3 -0.6
v 2 1.9 -0.6
v 2 2 -0.6
v -2 1.1 -0.7
v -2 1.2 -0.7
v -2 2 -0.7
v -2 2.1 -0.7
v -1.9 1.1 -0.7
v -1.9 1.2 -0.7
v -1.9 2 -0.7
v -1.9 2.1 -0.7
v 1.9 1.1 -0.7
v 1.9 1.2 -0.7
v 1.9 2 -0.7
v 1.9 2.1 -0.7
v 2 1.1 -0.7
v 2 1.2 -0.7
v 2 2 -0.7
v 2 2.1 -0.7
v -2 1 -0.8
v -2 1.1 -0.8
v -2 2.1 -0.8
v -2 2.2 -0.8
v -1.9 1 -0.8
v -1.9 1.1 -0.8
v -1.9 2.1 -0.8
v -1.9 2.2 -0.8
v 1.9 1 -0.8
v 1.9 1.1 -0.8
v 1.9 2.1 -0.8
v 1.9 2.2 -0.8
v 2 1 -0.8
v 2 1.1 -0.8
v 2 2.1 -0.8
v 2 2.2 -0.8
v -2 0.9 -0.9
v -2 1 -0.9
v -2 2.2 -0.9
v -2 2.3 -0.9
v -1.9 0.9 -0.9
v -1.9 1 -0.9
v -1.9 2.2 -0.9
v -1.9 2.3 -0.9
v 1.9 0.9 -0.9
v 1.9 1 -0.9
v 1.9 2.2 -0.9
v 1.9 2.3 -0.9
v 2 0.9 -0.9
v 2 1 -0.9
v 2 2.2 -0.9
v 2 2.3 -0.9
v -2 0.8 -1
v -2 0.9 -1
v -2 2.3 -1
v -2 2.4 -1
v -1.9 0.8 -1
v -1.9 0.9 -1
v -1.9 2.3 -1
v -1.9 2.4 -1
v 1.9 0.8 -1
v 1.9 0.9 -1
v 1.9 2.3 -1
v 1.9 2.4 -1
v 2 0.8 -1
v 2 0.9 -1
v 2 2.3 -1
v 2 2.4 -1
v -2 0.7 -1.1
v -2 0.8 -1.1
v -2 2.4 -1.1
v -2 2.5 -1.1
v -1.9 0.7 -1.1
v -1.9 0.8 -1.1
v -1.9 2.4 -1.1
v -1.9 2.5 -1.1
v 1.9 0.7 -1.1
v 1.9 0.8 -1.1
v 1.9 2.4 -1.1
v 1.9 2.5 -1.1
v 2 0.7 -1.1
v 2 0.8 -1.1
v 2 2.4 -1.1
v 2 2.5 -1.1
v -2 0.6 -1.2
v -2 0.7 -1.2
v -2 2.5 -1.2
v -2 2.6 -1.2
v -1.9 0.6 -1.2
v -1.9 0.7 -1.2
v -1.9 2.5 -1.2
v -1.9 2.6 -1.2
v 1.9 0.6 -1.2
v 1.9 0.7 -1.2
v 1.9 2.5 -1.2
v 1.9 2.6 -1.2
v 2 0.6 -1.2
v 2 0.7 -1.2
v 2 2.5 -1.2
v 2 2.6 -1.2
v -2 0.5 -1.3
v -2 0.6 -1.3
v -2 2.6 -1.3
v -2 2.7 -1.3
v -1.9 0.5 -1.3
v -1.9 0.6 -1.3
v -1.9 2.6 -1.3
v -1.9 2.7 -1.3
v 1.9 0.5 -1.3
v 1.9 0.6 -1.3
v 1.9 2.6 -1.3
v 1.9 2.7 -1.3
v 2 0.5 -1.3
v 2 0.6 -1.3
v 2 2.6 -1.3
v 2 2.7 -1.3
v -2 0.4 -1.4
v -2 0.5 -1.4
v -2 2.7 -1.4
v -2 2.8 -1.4
v -1.9 0.4 -1.4
v -1.9 0.5 -1.4
v -1.9 2.7 -1.4
v -1.9 2.8 -1.4
v 1.9 0.4 -1.4
v 1.9 0.5 -1.4
v 1.9 2.7 -1.4
v 1.9 2.8 -1.4
v 2 0.4 -1.4
v 2 0.5 -1.4
v 2 2.7 -1.4
v 2 2.8 -1.4
v -2 0.3 -1.5
v -2 0.4 -1.5
v -2 2.8 -1.5
v -2 2.9 -1.5
v -1.9 0.3 -1.5
v -1.9 0.4 -1.5
v -1.9 2.8 -1.5
v -1.9 2.9 -1.5
v 1.9 0.3 -1.5
v 1.9 0.4 -1.5
v 1.9 2.8 -1.5
v 1.9 2.9 -1.5
v 2 0.3 -1.5
v 2 0.4 -1.5
v 2 2.8 -1.5
v 2 2.9 -1.5
v -2 0.2 -1.6
v -2 0.3 -1.6
v -2 2.9 -1.6
v -2 3 -1.6
v -1.9 0.2 -1.6
v -1.9 0.3 -1.6
v -1.9 2.9 -1.6
v -1.9 3 -1.6
v -1.7 3.1 -1.6
v -1.7 3.2 -1.6
v -1.6 0.2 -1.6
v -1.6 3.1 -1.6
v -1.6 3.2 -1.6
v 1.6 0.2 -1.6
v 1.6 3.1 -1.6
v 1.6 3.2 -1.6
v 1.7 3.1 -1.6
v 1.7 3.2 -1.6
v 1.9 0.2 -1.6
v 1.9 0.3 -1.6
v 1.9 2.9 -1.6
v 1.9 3 -1.6
v 2 0.2 -1.6
v 2 0.3 -1.6
v 2 2.9 -1.6
v 2 3 -1.6
v -1.6 3.1 -1.7
v -1.6 3.2 -1.7
v 1.6 3.1 -1.7
v 1.6 3.2 -1.7
v -2 0.4 -1.8
v -2 2.8 -1.8
v -1.9 0.4 -1.8
v -1.9 2.8 -1.8
v 1.9 0.4 -1.8
v 1.9 2.8 -1.8
v 2 0.4 -1.8
v 2 2.8 -1.8
v -2 0.4 1.8
v -2 2.8 1.8
v -1.9 0.4 1.8
v -1.9 2.8 1.8
v 1.9 0.4 1.8
v 1.9 2.8 1.8
v 2 0.4 1.8
v 2 2.8 1.8
v -1.6 3.1 1.7
v -1.6 3.2 1.7
v 1.6 3.1 1.7
v 1.6 3.2 1.7
v -2 0.2 1.6
v -2 0.3 1.6
v -2 2.9 1.6
v -2 3 1.6
v -1.9 0.2 1.6
v -1.9 0.3 1.6
v -1.9 2.9 1.6
v -1.9 3 1.6
v -1.7 3.1 1.6
v -1.7 3.2 1.6
v -1.6 0.2 1.6
v -1.6 3.1 1.6
v -1.6 3.2 1.6
v 1.6 0.2 1.6
v 1.6 3.1 1.6
v 1.6 3.2 1.6
v 1.7 3.1 1.6
v 1.7 3.2 1.6
v 1.9 0.2 1.6
v 1.9 0.3 1.6
v 1.9 2.9 1.6
v 1.9 3 1.6
v 2 0.2 1.6
v 2 0.3 1.6
v 2 2.9 1.6
v 2 3 1.6
v -2 0.3 1.5
v -2 0.4 1.5
v -2 2.8 1.5
v -2 2.9 1.5
v -1.9 0.3 1.5
v -1.9 0.4 1.5
v -1.9 2.8 1.5
v -1.9 2.9 1.5
v 1.9 0.3 1.5
v 1.9 0.4 1.5
v 1.9 2.8 1.5
v 1.9 2.9 1.5
v 2 0.3 1.5
v 2 0.4 1.5
v 2 2.8 1.5
v 2 2.9 1.5
v -2 0.4 1.4
v -2 0.5 1.4
v -2 2.7 1.4
v -2 2.8 1.4
v -1.9 0.4 1.4
v -1.9 0.5 1.4
v -1.9 2.7 1.4
v -1.9 2.8 1.4
v 1.9 0.4 1.4
v 1.9 0.5 1.4
v 1.9 2.7 1.4
v 1.9 2.8 1.4
v 2 0.4 1.4
v 2 0.5 1.4
v 2 2.7 1.4
v 2 2.8 1.4
v -2 0.5 1.3
v -2 0.6 1.3
v -2 2.6 1.3
v -2 2.7 1.3
v -1.9 0.5 1.3
v -1.9 0.6 1.3
v -1.9 2.6 1.3
v -1.9 2.7 1.3
v 1.9 0.5 1.3
v 1.9 0.6 1.3
v 1.9 2.6 1.3
v 1.9 2.7 1.3
v 2 0.5 1.3
v 2 0.6 1.3
v 2 2.6 1.3
v 2 2.7 1.3
v -2 0.6 1.2
v -2 0.7 1.2
v -2 2.5 1.2
v -2 2.6 1.2
v -1.9 0.6 1.2
v -1.9 0.7 1.2
v -1.9 2.5 1.2
v -1.9 2.6 1.2
v 1.9 0.6 1.2
v 1.9 0.7 1.2
v 1.9 2.5 1.2
v 1.9 2.6 1.2
v 2 0.6 1.2
v 2 0.7 1.2
v 2 2.5 1.2
v 2 2.6 1.2
v -2 0.7 1.1
v -2 0.8 1.1
v -2 2.4 1.1
v -2 2.5 1.1
v -1.9 0.7 1.1
v -1.9 0.8 1.1
v -1.9 2.4 1.1
v -1.9 2.5 1.1
v 1.9 0.7 1.1
v 1.9 0.8 1.1
v 1.9 2.4 1.1
v 1.9 2.5 1.1
v 2 0.7 1.1
v 2 0.8 1.1
v 2 2.4 1.1
v 2 2.5 1.1
v -2 0.8 1
v -2 0.9 1
v -2 2.3 1
v -2 2.4 1
v -1.9 0.8 1
v -1.9 0.9 1
v -1.9 2.3 1
v -1.9 2.4 1
v 1.9 0.8 1
v 1.9 0.9 1
v 1.9 2.3 1
v 1.9 2.4 1
v 2 0.8 1
v 2 0.9 1
v 2 2.3 1
v 2 2.4 1
v -2 0.9 0.9
v -2 1 0.9
v -2 2.2 0.9
v -2 2.3 0.9
v -1.9 0.9 0.9
v -1.9 1 0.9
v -1.9 2.2 0.9
v -1.9 2.3 0.9
v 1.9 0.9 0.9
v 1.9 1 0.9
v 1.9 2.2 0.9
v 1.9 2.3 0.9
v 2 0.9 0.9
v 2 1 0.9
v 2 2.2 0.9
v 2 2.3 0.9
v -2 1 0.8
v -2 1.1 0.8
v -2 2.1 0.8
v -2 2.2 0.8
v -1.9 1 0.8
v -1.9 1.1 0.8
v -1.9 2.1 0.8
v -1.9 2.2 0.8
v 1.9 1 0.8
v 1.9 1.1 0.8
v 1.9 2.1 0.8
v 1.9 2.2 0.8
v 2 1 0.8
v 2 1.1 0.8
v 2 2.1 0.8
v 2 2.2 0.8
v -2 1.1 0.7
v -2 1.2 0.7
v -2 2 0.7
v -2 2.1 0.7
v -1.9 1.1 0.7
v -1.9 1.2 0.7
v -1.9 2 0.7
v -1.9 2.1 0.7
v 1.9 1.1 0.7
v 1.9 1.2 0.7
v 1.9 2 0.7
v 1.9 2.1 0.7
v 2 1.1 0.7
v 2 1.2 0.7
v 2 2 0.7
v 2 2.1 0.7
v -2 1.2 0.6
v -2 1.3 0.6
v -2 1.9 0.6
v -2 2 0.6
v -1.9 1.2 0.6
v -1.9 1.3 0.6
v -1.9 1.9 0.6
v -1.9 2 0.6
v 1.9 1.2 0.6
v 1.9 1.3 0.6
v 1.9 1.9 0.6
v 1.9 2 0.6
v 2 1.2 0.6
v 2 1.3 0.6
v 2 1.9 0.6
v 2 2 0.6
v -2 1.3 0.5
v -2 1.4 0.5
v -2 1.8 0.5
v -2 1.9 0.5
v -1.9 1.3 0.5
v -1.9 1.4 0.5
v -1.9 1.8 0.5
v -1.9 1.9 0.5
v 1.9 1.3 0.5
v 1.9 1.4 0.5
v 1.9 1.8 0.5
v 1.9 1.9 0.5
v 2 1.3 0.5
v 2 1.4 0.5
v 2 1.8 0.5
v 2 1.9 0.5
v -2 1.4 0.4
v -2 1.5 0.4
v -2 1.7 0.4
v -2 1.8 0.4
v -1.9 1.4 0.4
v -1.9 1.5 0.4
v -1.9 1.7 0.4
v -1.9 1.8 0.4
v 1.9 1.4 0.4
v 1.9 1.5 0.4
v 1.9 1.7 0.4
v 1.9 1.8 0.4
v 2 1.4 0.4
v 2 1.5 0.4
v 2 1.7 0.4
v 2 1.8 0.4
v -2 0.2 -0.1
v -2 1.4 -0.1
v -2 1.8 -0.1
v -2 3 -0.1
v -1.9 0.2 -0.1
v -1.9 0.3 -0.1
v -1.9 0.8 -0.1
v -1.9 1.4 -0.1
v -1.9 1.8 -0.1
v -1.9 2.4 -0.1
v -1.9 2.8 -0.1
v -1.9 3 -0.1
v 1.9 0.2 -0.1
v 1.9 0.3 -0.1
v 1.9 0.8 -0.1
v 1.9 1.4 -0.1
v 1.9 1.8 -0.1
v 1.9 2.4 -0.1
v 1.9 2.8 -0.1
v 1.9 3 -0.1
v 2 0.2 -0.1
v 2 1.4 -0.1
v 2 1.8 -0.1
v 2 3 -0.1
v -2 1.4 -0.2
v -2 1.5 -0.2
v -2 1.7 -0.2
v -2 1.8 -0.2
v -1.9 1.4 -0.2
v -1.9 1.5 -0.2
v -1.9 1.7 -0.2
v -1.9 1.8 -0.2
v 1.9 1.4 -0.2
v 1.9 1.5 -0.2
v 1.9 1.7 -0.2
v 1.9 1.8 -0.2
v 2 1.4 -0.2
v 2 1.5 -0.2
v 2 1.7 -0.2
v 2 1.8 -0.2
v -2 1.5 -0.6
v -2 1.7 -0.6
v -1.9 1.5 -0.6
v -1.9 1.7 -0.6
v 1.9 1.5 -0.6
v 1.9 1.7 -0.6
v 2 1.5 -0.6
v 2 1.7 -0.6
v -2 1.4 -0.7
v -2 1.5 -0.7
v -2 1.7 -0.7
v -2 1.8 -0.7
v -1.9 1.4 -0.7
v -1.9 1.5 -0.7
v -1.9 1.7 -0.7
v -1.9 1.8 -0.7
v 1.9 1.4 -0.7
v 1.9 1.5 -0.7
v 1.9 1.7 -0.7
v 1.9 1.8 -0.7
v 2 1.4 -0.7
v 2 1.5 -0.7
v 2 1.7 -0.7
v 2 1.8 -0.7
v -2 1.3 -0.8
v -2 1.4 -0.8
v -2 1.8 -0.8
v -2 1.9 -0.8
v -1.9 1.3 -0.8
v -1.9 1.4 -0.8
v -1.9 1.8 -0.8
v -1.9 1.9 -0.8
v 1.9 1.3 -0.8
v 1.9 1.4 -0.8
v 1.9 1.8 -0.8
v 1.9 1.9 -0.8
v 2 1.3 -0.8
v 2 1.4 -0.8
v 2 1.8 -0.8
v 2 1.9 -0.8
v -2 1.2 -0.9
v -2 1.3 -0.9
v -2 1.9 -0.9
v -2 2 -0.9
v -1.9 1.2 -0.9
v -1.9 1.3 -0.9
v -1.9 1.9 -0.9
v -1.9 2 -0.9
v 1.9 1.2 -0.9
v 1.9 1.3 -0.9
v 1.9 1.9 -0.9
v 1.9 2 -0.9
v 2 1.2 -0.9
v 2 1.3 -0.9
v 2 1.9 -0.9
v 2 2 -0.9
v -2 1.1 -1
v -2 1.2 -1
v -2 2 -1
v -2 2.1 -1
v -1.9 1.1 -1
v -1.9 1.2 -1
v -1.9 2 -1
v -1.9 2.1 -1
v 1.9 1.1 -1
v 1.9 1.2 -1
v 1.9 2 -1
v 1.9 2.1 -1
v 2 1.1 -1
v 2 1.2 -1
v 2 2 -1
v 2 2.1 -1
v -2 1 -1.1
v -2 1.1 -1.1
v -2 2.1 -1.1
v -2 2.2 -1.1
v -1.9 1 -1.1
v -1.9 1.1 -1.1
v -1.9 2.1 -1.1
v -1.9 2.2 -1.1
v 1.9 1 -1.1
v 1.9 1.1 -1.1
v 1.9 2.1 -1.1
v 1.9 2.2 -1.1
v 2 1 -1.1
v 2 1.1 -1.1
v 2 2.1 -1.1
v 2 2.2 -1.1
v -2 0.9 -1.2
v -2 1 -1.2
v -2 2.2 -1.2
v -2 2.3 -1.2
v -1.9 0.9 -1.2
v -1.9 1 -1.2
v -1.9 2.2 -1.2
v -1.9 2.3 -1.2
v 1.9 0.9 -1.2
v 1.9 1 -1.2
v 1.9 2.2 -1.2
v 1.9 2.3 -1.2
v 2 0.9 -1.2
v 2 1 -1.2
v 2 2.2 -1.2
v 2 2.3 -1.2
v -2 0.8 -1.3
v -2 0.9 -1.3
v -2 2.3 -1.3
v -2 2.4 -1.3
v -1.9 0.8 -1.3
v -1.9 0.9 -1.3
v -1.9 2.3 -1.3
v -1.9 2.4 -1.3
v 1.9 0.8 -1.3
v 1.9 0.9 -1.3
v 1.9 2.3 -1.3
v 1.9 2.4 -1.3
v 2 0.8 -1.3
v 2 0.9 -1.3
v 2 2.3 -1.3
v 2 2.4 -1.3
v -2 0.7 -1.4
v -2 0.8 -1.4
v -2 2.4 -1.4
v -2 2.5 -1.4
v -1.9 0.7 -1.4
v -1.9 0.8 -1.4
v -1.9 2.4 -1.4
v -1.9 2.5 -1.4
v 1.9 0.7 -1.4
v 1.9 0.8 -1.4
v 1.9 2.4 -1.4
v 1.9 2.5 -1.4
v 2 0.7 -1.4
v 2 0.8 -1.4
v 2 2.4 -1.4
v 2 2.5 -1.4
v -2 0.6 -1.5
v -2 0.7 -1.5
v -2 2.5 -1.5
v -2 2.6 -1.5
v -1.9 0.6 -1.5
v -1.9 0.7 -1.5
v -1.9 2.5 -1.5
v -1.9 2.6 -1.5
v 1.9 0.6 -1.5
v 1.9 0.7 -1.5
v 1.9 2.5 -1.5
v 1.9 2.6 -1.5
v 2 0.6 -1.5
v 2 0.7 -1.5
v 2 2.5 -1.5
v 2 2.6 -1.5
v -2 0.5 -1.6
v -2 0.6 -1.6
v -2 2.6 -1.6
v -2 2.7 -1.6
v -1.9 0.5 -1.6
v -1.9 0.6 -1.6
v -1.9 2.6 -1.6
v -1.9 2.7 -1.6
v 1.9 0.5 -1.6
v 1.9 0.6 -1.6
v 1.9 2.6 -1.6
v 1.9 2.7 -1.6
v 2 0.5 -1.6
v 2 0.6 -1.6
v 2 2.6 -1.6
v 2 2.7 -1.6
v -2 0.4 -1.7
v -2 0.5 -1.7
v -2 2.7 -1.7
v -2 2.8 -1.7
v -1.9 0.4 -1.7
v -1.9 0.5 -1.7
v -1.9 2.7 -1.7
v -1.9 2.8 -1.7
v 1.9 0.4 -1.7
v 1.9 0.5 -1.7
v 1.9 2.7 -1.7
v 1.9 2.8 -1.7
v 2 0.4 -1.7
v 2 0.5 -1.7
v 2 2.7 -1.7
v 2 2.8 -1.7
v -1.8 0.4 -1.9
v -1.8 2.8 -1.9
v -1.7 0.4 -1.9
v -1.7 0.5 -1.9
v -1.7 0.9 -1.9
v -1.7 1.3 -1.9
v -1.7 2.7 -1.9
v -1.7 2.8 -1.9
v -1.6 0.2 -1.9
v -1.6 0.3 -1.9
v -1.6 0.5 -1.9
v -1.6 0.6 -1.9
v -1.6 0.9 -1.9
v -1.6 1.3 -1.9
v -1.6 2.3 -1.9
v -1.6 2.6 -1.9
v -1.6 2.7 -1.9
v -1.6 2.9 -1.9
v -1.6 3 -1.9
v -1.5 0.3 -1.9
v -1.5 0.4 -1.9
v -1.5 0.6 -1.9
v -1.5 0.7 -1.9
v -1.5 1.1 -1.9
v -1.5 2.1 -1.9
v -1.5 2.3 -1.9
v -1.5 2.5 -1.9
v -1.5 2.6 -1.9
v -1.5 2.8 -1.9
v -1.5 2.9 -1.9
v -1.4 0.3 -1.9
v -1.4 0.4 -1.9
v -1.4 0.5 -1.9
v -1.4 0.7 -1.9
v -1.4 0.8 -1.9
v -1.4 1.1 -1.9
v -1.4 2.1 -1.9
v -1.4 2.4 -1.9
v -1.4 2.5 -1.9
v -1.4 2.7 -1.9
v -1.4 2.8 -1.9
v -1.4 2.9 -1.9
v -1.3 0.5 -1.9
v -1.3 0.6 -1.9
v -1.3 0.8 -1.9
v -1.3 0.9 -1.9
v -1.3 2.3 -1.9
v -1.3 2.4 -1.9
v -1.3 2.6 -1.9
v -1.3 2.7 -1.9
v -1.2 0.6 -1.9
v -1.2 0.7 -1.9
v -1.2 0.9 -1.9
v -1.2 1 -1.9
v -1.2 2.2 -1.9
v -1.2 2.3 -1.9
v -1.2 2.5 -1.9
v -1.2 2.6 -1.9
v -1.1 0.6 -1.9
v -1.1 0.7 -1.9
v -1.1 0.8 -1.9
v -1.1 1 -1.9
v -1.1 1.1 -1.9
v -1.1 2.1 -1.9
v -1.1 2.2 -1.9
v -1.1 2.4 -1.9
v -1.1 2.5 -1.9
v -1.1 2.6 -1.9
v -1 0.3 -1.9
v -1 0.4 -1.9
v -1 0.7 -1.9
v -1 0.8 -1.9
v -1 0.9 -1.9
v -1 1.1 -1.9
v -1 1.2 -1.9
v -1 1.8 -1.9
v -1 2 -1.9
v -1 2.1 -1.9
v -1 2.3 -1.9
v -1 2.4 -1.9
v -1 2.7 -1.9
v -1 2.9 -1.9
v -0.9 0.4 -1.9
v -0.9 0.8 -1.9
v -0.9 0.9 -1.9
v -0.9 1 -1.9
v -0.9 1.2 -1.9
v -0.9 1.3 -1.9
v -0.9 1.8 -1.9
v -0.9 1.9 -1.9
v -0.9 2 -1.9
v -0.9 2.2 -1.9
v -0.9 2.3 -1.9
v -0.9 2.7 -1.9
v -0.8 0.8 -1.9
v -0.8 1 -1.9
v -0.8 1.1 -1.9
v -0.8 1.3 -1.9
v -0.8 1.4 -1.9
v -0.8 1.8 -1.9
v -0.8 1.9 -1.9
v -0.8 2.1 -1.9
v -0.8 2.2 -1.9
v -0.7 1.1 -1.9
v -0.7 1.2 -1.9
v -0.7 1.4 -1.9
v -0.7 1.5 -1.9
v -0.7 1.7 -1.9
v -0.7 1.8 -1.9
v -0.7 2 -1.9
v -0.7 2.1 -1.9
v -0.6 1.2 -1.9
v -0.6 1.3 -1.9
v -0.6 1.5 -1.9
v -0.6 1.6 -1.9
v -0.6 1.7 -1.9
v -0.6 1.9 -1.9
v -0.6 2 -1.9
v -0.5 1.1 -1.9
v -0.5 1.3 -1.9
v -0.5 1.4 -1.9
v -0.5 1.8 -1.9
v -0.5 1.9 -1.9
v -0.5 2.1 -1.9
v -0.4 0.6 -1.9
v -0.4 1.1 -1.9
v -0.4 1.4 -1.9
v -0.4 1.5 -1.9
v -0.4 1.7 -1.9
v -0.4 1.8 -1.9
v -0.4 2.1 -1.9
v -0.4 2.4 -1.9
v -0.3 0.4 -1.9
v -0.3 0.6 -1.9
v -0.3 1.2 -1.9
v -0.3 1.5 -1.9
v -0.3 1.7 -1.9
v -0.3 2.2 -1.9
v -0.3 2.4 -1.9
v -0.3 2.8 -1.9
v -0.2 0.3 -1.9
v -0.2 0.4 -1.9
v -0.2 0.8 -1.9
v -0.2 1.2 -1.9
v -0.2 1.4 -1.9
v -0.2 1.5 -1.9
v -0.2 1.7 -1.9
v -0.2 1.8 -1.9
v -0.2 2.2 -1.9
v -0.2 2.4 -1.9
v -0.0999999 0.2 -1.9
v -0.0999999 0.3 -1.9
v -0.0999999 0.8 -1.9
v -0.0999999 1.4 -1.9
v -0.0999999 1.8 -1.9
v -0.0999999 2.4 -1.9
v -0.0999999 2.8 -1.9
v -0.0999999 3 -1.9
v 0.1 0.2 -1.9
v 0.1 0.3 -1.9
v 0.1 0.8 -1.9
v 0.1 1.4 -1.9
v 0.1 1.8 -1.9
v 0.1 2.5 -1.9
v 0.1 2.8 -1.9
v 0.1 3 -1.9
v 0.2 0.3 -1.9
v 0.2 0.4 -1.9
v 0.2 0.8 -1.9
v 0.2 1.2 -1.9
v 0.2 1.4 -1.9
v 0.2 1.5 -1.9
v 0.2 1.7 -1.9
v 0.2 1.8 -1.9
v 0.2 2.1 -1.9
v 0.2 2.5 -1.9
v 0.3 0.4 -1.9
v 0.3 0.8 -1.9
v 0.3 1.2 -1.9
v 0.3 1.5 -1.9
v 0.3 1.7 -1.9
v 0.3 2.1 -1.9
v 0.3 2.5 -1.9
v 0.3 2.8 -1.9
v 0.4 0.8 -1.9
v 0.4 1.3 -1.9
v 0.4 1.4 -1.9
v 0.4 1.5 -1.9
v 0.4 1.7 -1.9
v 0.4 1.8 -1.9
v 0.4 2.1 -1.9
v 0.4 2.5 -1.9
v 0.5 1.3 -1.9
v 0.5 1.4 -1.9
v 0.5 1.8 -1.9
v 0.5 1.9 -1.9
v 0.5 2.1 -1.9
v 0.6 1.2 -1.9
v 0.6 1.3 -1.9
v 0.6 1.5 -1.9
v 0.6 1.6 -1.9
v 0.6 1.7 -1.9
v 0.6 1.9 -1.9
v 0.6 2 -1.9
v 0.7 1.1 -1.9
v 0.7 1.2 -1.9
v 0.7 1.4 -1.9
v 0.7 1.5 -1.9
v 0.7 1.7 -1.9
v 0.7 1.8 -1.9
v 0.7 2 -1.9
v 0.7 2.1 -1.9
v 0.8 1 -1.9
v 0.8 1.1 -1.9
v 0.8 1.3 -1.9
v 0.8 1.4 -1.9
v 0.8 1.8 -1.9
v 0.8 1.9 -1.9
v 0.8 2.1 -1.9
v 0.8 2.2 -1.9
v 0.9 0.6 -1.9
v 0.9 0.9 -1.9
v 0.9 1 -1.9
v 0.9 1.2 -1.9
v 0.9 1.3 -1.9
v 0.9 1.9 -1.9
v 0.9 2 -1.9
v 0.9 2.2 -1.9
v 0.9 2.3 -1.9
v 0.9 2.7 -1.9
v 1 0.4 -1.9
v 1 0.6 -1.9
v 1 0.8 -1.9
v 1 0.9 -1.9
v 1 1.1 -1.9
v 1 1.2 -1.9
v 1 2 -1.9
v 1 2.1 -1.9
v 1 2.3 -1.9
v 1 2.4 -1.9
v 1 2.7 -1.9
v 1 2.9 -1.9
v 1.1 0.3 -1.9
v 1.1 0.4 -1.9
v 1.1 0.6 -1.9
v 1.1 0.7 -1.9
v 1.1 0.8 -1.9
v 1.1 1 -1.9
v 1.1 1.1 -1.9
v 1.1 2.1 -1.9
v 1.1 2.2 -1.9
v 1.1 2.4 -1.9
v 1.1 2.5 -1.9
v 1.1 2.6 -1.9
v 1.2 0.6 -1.9
v 1.2 0.7 -1.9
v 1.2 0.9 -1.9
v 1.2 1 -1.9
v 1.2 2.2 -1.9
v 1.2 2.3 -1.9
v 1.2 2.5 -1.9
v 1.2 2.6 -1.9
v 1.3 0.3 -1.9
v 1.3 0.4 -1.9
v 1.3 0.5 -1.9
v 1.3 0.6 -1.9
v 1.3 0.8 -1.9
v 1.3 0.9 -1.9
v 1.3 2.3 -1.9
v 1.3 2.4 -1.9
v 1.3 2.6 -1.9
v 1.3 2.7 -1.9
v 1.4 0.4 -1.9
v 1.4 0.5 -1.9
v 1.4 0.7 -1.9
v 1.4 0.8 -1.9
v 1.4 1.2 -1.9
v 1.4 2 -1.9
v 1.4 2.4 -1.9
v 1.4 2.5 -1.9
v 1.4 2.7 -1.9
v 1.4 2.8 -1.9
v 1.4 2.9 -1.9
v 1.5 0.3 -1.9
v 1.5 0.4 -1.9
v 1.5 0.6 -1.9
v 1.5 0.7 -1.9
v 1.5 1 -1.9
v 1.5 1.2 -1.9
v 1.5 2 -1.9
v 1.5 2.3 -1.9
v 1.5 2.5 -1.9
v 1.5 2.6 -1.9
v 1.5 2.8 -1.9
v 1.5 2.9 -1.9
v 1.6 0.2 -1.9
v 1.6 0.3 -1.9
v 1.6 0.5 -1.9
v 1.6 0.6 -1.9
v 1.6 1 -1.9
v 1.6 1.5 -1.9
v 1.6 1.9 -1.9
v 1.6 2.3 -1.9
v 1.6 2.6 -1.9
v 1.6 2.7 -1.9
v 1.6 2.9 -1.9
v 1.6 3 -1.9
v 1.7 0.4 -1.9
v 1.7 0.5 -1.9
v 1.7 1.5 -1.9
v 1.7 1.9 -1.9
v 1.7 2.7 -1.9
v 1.7 2.8 -1.9
v 1.8 0.4 -1.9
v 1.8 2.8 -1.9
v -2 0 -2
v -2 0.2 -2
v -2 3.2 -2
v -1.9 0.1 -2
v -1.9 0.2 -2
v -1.9 0.3 -2
v -1.9 3 -2
v -1.8 0.3 -2
v -1.8 0.4 -2
v -1.8 2.8 -2
v -1.8 2.9 -2
v -1.8 3 -2
v -1.7 0.2 -2
v -1.7 0.3 -2
v -1.7 0.4 -2
v -1.7 0.5 -2
v -1.7 2.7 -2
v -1.7 2.8 -2
v -1.7 2.9 -2
v -1.6 0.2 -2
v -1.6 0.3 -2
v -1.6 0.4 -2
v -1.6 0.5 -2
v -1.6 0.6 -2
v -1.6 2.6 -2
v -1.6 2.7 -2
v -1.6 2.8 -2
v -1.6 2.9 -2
v -1.6 3 -2
v -1.6 3.1 -2
v -1.5 0.3 -2
v -1.5 0.4 -2
v -1.5 0.5 -2
v -1.5 0.6 -2
v -1.5 0.7 -2
v -1.5 2.5 -2
v -1.5 2.6 -2
v -1.5 2.7 -2
v -1.5 2.8 -2
v -1.5 2.9 -2
v -1.4 0.4 -2
v -1.4 0.5 -2
v -1.4 0.6 -2
v -1.4 0.7 -2
v -1.4 0.8 -2
v -1.4 2.4 -2
v -1.4 2.5 -2
v -1.4 2.6 -2
v -1.4 2.7 -2
v -1.4 2.8 -2
v -1.3 0.5 -2
v -1.3 0.6 -2
v -1.3 0.7 -2
v -1.3 0.8 -2
v -1.3 0.9 -2
v -1.3 2.3 -2
v -1.3 2.4 -2
v -1.3 2.5 -2
v -1.3 2.6 -2
v -1.3 2.7 -2
v -1.2 0.6 -2
v -1.2 0.7 -2
v -1.2 0.8 -2
v -1.2 0.9 -2
v -1.2 1 -2
v -1.2 2.2 -2
v -1.2 2.3 -2
v -1.2 2.4 -2
v -1.2 2.5 -2
v -1.2 2.6 -2
v -1.1 0.7 -2
v -1.1 0.8 -2
v -1.1 0.9 -2
v -1.1 1 -2
v -1.1 1.1 -2
v -1.1 2.1 -2
v -1.1 2.2 -2
v -1.1 2.3 -2
v -1.1 2.4 -2
v -1.1 2.5 -2
v -1 0.8 -2
v -1 0.9 -2
v -1 1 -2
v -1 1.1 -2
v -1 1.2 -2
v -1 2 -2
v -1 2.1 -2
v -1 2.2 -2
v -1 2.3 -2
v -1 2.4 -2
v -0.9 0.9 -2
v -0.9 1 -2
v -0.9 1.1 -2
v -0.9 1.2 -2
v -0.9 1.3 -2
v -0.9 1.9 -2
v -0.9 2 -2
v -0.9 2.1 -2
v -0.9 2.2 -2
v -0.9 2.3 -2
v -0.8 1 -2
v -0.8 1.1 -2
v -0.8 1.2 -2
v -0.8 1.3 -2
v -0.8 1.4 -2
v -0.8 1.8 -2
v -0.8 1.9 -2
v -0.8 2 -2
v -0.8 2.1 -2
v -0.8 2.2 -2
v -0.7 1.1 -2
v -0.7 1.2 -2
v -0.7 1.3 -2
v -0.7 1.4 -2
v -0.7 1.5 -2
v -0.7 1.7 -2
v -0.7 1.8 -2
v -0.7 1.9 -2
v -0.7 2 -2
v -0.7 2.1 -2
v -0.6 1.2 -2
v -0.6 1.3 -2
v -0.6 1.4 -2
v -0.6 1.5 -2
v -0.6 1.6 -2
v -0.6 1.7 -2
v -0.6 1.8 -2
v -0.6 1.9 -2
v -0.6 2 -2
v -0.5 1.3 -2
v -0.5 1.4 -2
v -0.5 1.5 -2
v -0.5 1.6 -2
v -0.5 1.7 -2
v -0.5 1.8 -2
v -0.5 1.9 -2
v -0.4 1.4 -2
v -0.4 1.5 -2
v -0.4 1.7 -2
v -0.4 1.8 -2
v -0.2 1.4 -2
v -0.2 1.5 -2
v -0.2 1.7 -2
v -0.2 1.8 -2
v -0.0999999 0.2 -2
v -0.0999999 1.4 -2
v -0.0999999 1.8 -2
v -0.0999999 3 -2
v -0.0999999 3.1 -2
v 0.1 0.2 -2
v 0.1 1.4 -2
v 0.1 1.8 -2
v 0.1 3 -2
v 0.1 3.1 -2
v 0.2 1.4 -2
v 0.2 1.5 -2
v 0.2 1.7 -2
v 0.2 1.8 -2
v 0.4 1.4 -2
v 0.4 1.5 -2
v 0.4 1.7 -2
v 0.4 1.8 -2
v 0.5 1.3 -2
v 0.5 1.4 -2
v 0.5 1.5 -2
v 0.5 1.6 -2
v 0.5 1.7 -2
v 0.5 1.8 -2
v 0.5 1.9 -2
v 0.6 1.2 -2
v 0.6 1.3 -2
v 0.6 1.4 -2
v 0.6 1.5 -2
v 0.6 1.6 -2
v 0.6 1.7 -2
v 0.6 1.8 -2
v 0.6 1.9 -2
v 0.6 2 -2
v 0.7 1.1 -2
v 0.7 1.2 -2
v 0.7 1.3 -2
v 0.7 1.4 -2
v 0.7 1.5 -2
v 0.7 1.7 -2
v 0.7 1.8 -2
v 0.7 1.9 -2
v 0.7 2 -2
v 0.7 2.1 -2
v 0.8 1 -2
v 0.8 1.1 -2
v 0.8 1.2 -2
v 0.8 1.3 -2
v 0.8 1.4 -2
v 0.8 1.8 -2
v 0.8 1.9 -2
v 0.8 2 -2
v 0.8 2.1 -2
v 0.8 2.2 -2
v 0.9 0.9 -2
v 0.9 1 -2
v 0.9 1.1 -2
v 0.9 1.2 -2
v 0.9 1.3 -2
v 0.9 1.9 -2
v 0.9 2 -2
v 0.9 2.1 -2
v 0.9 2.2 -2
v 0.9 2.3 -2
v 1 0.8 -2
v 1 0.9 -2
v 1 1 -2
v 1 1.1 -2
v 1 1.2 -2
v 1 2 -2
v 1 2.1 -2
v 1 2.2 -2
v 1 2.3 -2
v 1 2.4 -2
v 1.1 0.7 -2
v 1.1 0.8 -2
v 1.1 0.9 -2
v 1.1 1 -2
v 1.1 1.1 -2
v 1.1 2.1 -2
v 1.1 2.2 -2
v 1.1 2.3 -2
v 1.1 2.4 -2
v 1.1 2.5 -2
v 1.2 0.6 -2
v 1.2 0.7 -2
v 1.2 0.8 -2
v 1.2 0.9 -2
v 1.2 1 -2
v 1.2 2.2 -2
v 1.2 2.3 -2
v 1.2 2.4 -2
v 1.2 2.5 -2
v 1.2 2.6 -2
v 1.3 0.5 -2
v 1.3 0.6 -2
v 1.3 0.7 -2
v 1.3 0.8 -2
v 1.3 0.9 -2
v 1.3 2.3 -2
v 1.3 2.4 -2
v 1.3 2.5 -2
v 1.3 2.6 -2
v 1.3 2.7 -2
v 1.4 0.4 -2
v 1.4 0.5 -2
v 1.4 0.6 -2
v 1.4 0.7 -2
v 1.4 0.8 -2
v 1.4 2.4 -2
v 1.4 2.5 -2
v 1.4 2.6 -2
v 1.4 2.7 -2
v 1.4 2.8 -2
v 1.5 0.3 -2
v 1.5 0.4 -2
v 1.5 0.5 -2
v 1.5 0.6 -2
v 1.5 0.7 -2
v 1.5 2.5 -2
v 1.5 2.6 -2
v 1.5 2.7 -2
v 1.5 2.8 -2
v 1.5 2.9 -2
v 1.6 0.2 -2
v 1.6 0.3 -2
v 1.6 0.4 -2
v 1.6 0.5 -2
v 1.6 0.6 -2
v 1.6 2.6 -2
v 1.6 2.7 -2
v 1.6 2.8 -2
v 1.6 2.9 -2
v 1.6 3 -2
v 1.6 3.1 -2
v 1.7 0.2 -2
v 1.7 0.3 -2
v 1.7 0.4 -2
v 1.7 0.5 -2
v 1.7 2.7 -2
v 1.7 2.8 -2
v 1.7 2.9 -2
v 1.8 0.3 -2
v 1.8 0.4 -2
v 1.8 2.8 -2
v 1.8 2.9 -2
v 1.8 3 -2
v 1.9 0.1 -2
v 1.9 0.2 -2
v 1.9 0.3 -2
v 1.9 3 -2
v 2 0 -2
v 2 0.2 -2
v 2 3.2 -2
v -2 0 2
v 2 0 2
v -1.9 0 1.9
v 1.9 0 1.9
v -1.9 0 -1.9
v 1.9 0 -1.9
v -2 0 -2
v 2 0 -2
v -1.6 0.3 2
v -1.5 0.3 2
v 1.5 0.3 2
v 1.6 0.3 2
v -1.6 0.3 1.9
v -1.5 0.3 1.9
v 1.5 0.3 1.9
v 1.6 0.3 1.9
v -2 0.3 1.6
v -1.9 0.3 1.6
v 1.9 0.3 1.6
v 2 0.3 1.6
v -2 0.3 1.5
v -1.9 0.3 1.5
v 1.9 0.3 1.5
v 2 0.3 1.5
v -2 0.3 -1.5
v -1.9 0.3 -1.5
v 1.9 0.3 -1.5
v 2 0.3 -1.5
v -2 0.3 -1.6
v -1.9 0.3 -1.6
v 1.9 0.3 -1.6
v 2 0.3 -1.6
v -1.6 0.3 -1.9
v -1.5 0.3 -1.9
v 1.5 0.3 -1.9
v 1.6 0.3 -1.9
v -1.6 0.3 -2
v -1.5 0.3 -2
v 1.5 0.3 -2
v 1.6 0.3 -2
v -1.5 0.4 2
v -1.4 0.4 2
v 1.4 0.4 2
v 1.5 0.4 2
v -1.5 0.4 1.9
v -1.4 0.4 1.9
v 1.4 0.4 1.9
v 1.5 0.4 1.9
v -2 0.4 1.5
v -1.9 0.4 1.5
v 1.9 0.4 1.5
v 2 0.4 1.5
v -2 0.4 1.4
v -1.9 0.4 1.4
v 1.9 0.4 1.4
v 2 0.4 1.4
v -2 0.4 -1.4
v -1.9 0.4 -1.4
v 1.9 0.4 -1.4
v 2 0.4 -1.4
v -2 0.4 -1.5
v -1.9 0.4 -1.5
v 1.9 0.4 -1.5
v 2 0.4 -1.5
v -1.5 0.4 -1.9
v -1.4 0.4 -1.9
v 1.4 0.4 -1.9
v 1.5 0.4 -1.9
v -1.5 0.4 -2
v -1.4 0.4 -2
v 1.4 0.4 -2
v 1.5 0.4 -2
v -1.4 0.5 2
v -1.3 0.5 2
v 1.3 0.5 2
v 1.4 0.5 2
v -1.4 0.5 1.9
v -1.3 0.5 1.9
v 1.3 0.5 1.9
v 1.4 0.5 1.9
v -2 0.5 1.4
v -1.9 0.5 1.4
v 1.9 0.5 1.4
v 2 0.5 1.4
v -2 0.5 1.3
v -1.9 0.5 1.3
v 1.9 0.5 1.3
v 2 0.5 1.3
v -2 0.5 -1.3
v -1.9 0.5 -1.3
v 1.9 0.5 -1.3
v 2 0.5 -1.3
v -2 0.5 -1.4
v -1.9 0.5 -1.4
v 1.9 0.5 -1.4
v 2 0.5 -1.4
v -1.4 0.5 -1.9
v -1.3 0.5 -1.9
v 1.3 0.5 -1.9
v 1.4 0.5 -1.9
v -1.4 0.5 -2
v -1.3 0.5 -2
v 1.3 0.5 -2
v 1.4 0.5 -2
v -1.3 0.6 2
v -1.2 0.6 2
v 1.2 0.6 2
v 1.3 0.6 2
v -1.3 0.6 1.9
v -1.2 0.6 1.9
v 1.2 0.6 1.9
v 1.3 0.6 1.9
v -2 0.6 1.3
v -1.9 0.6 1.3
v 1.9 0.6 1.3
v 2 0.6 1.3
v -2 0.6 1.2
v -1.9 0.6 1.2
v 1.9 0.6 1.2
v 2 0.6 1.2
v -2 0.6 -1.2
v -1.9 0.6 -1.2
v 1.9 0.6 -1.2
v 2 0.6 -1.2
v -2 0.6 -1.3
v -1.9 0.6 -1.3
v 1.9 0.6 -1.3
v 2 0.6 -1.3
v -1.3 0.6 -1.9
v -1.2 0.6 -1.9
v 1.2 0.6 -1.9
v 1.3 0.6 -1.9
v -1.3 0.6 -2
v -1.2 0.6 -2
v 1.2 0.6 -2
v 1.3 0.6 -2
v -1.2 0.7 2
v -1.1 0.7 2
v 1.1 0.7 2
v 1.2 0.7 2
v -1.2 0.7 1.9
v -1.1 0.7 1.9
v 1.1 0.7 1.9
v 1.2 0.7 1.9
v -2 0.7 1.2
v -1.9 0.7 1.2
v 1.9 0.7 1.2
v 2 0.7 1.2
v -2 0.7 1.1
v -1.9 0.7 1.1
v 1.9 0.7 1.1
v 2 0.7 1.1
v -2 0.7 -1.1
v -1.9 0.7 -1.1
v 1.9 0.7 -1.1
v 2 0.7 -1.1
v -2 0.7 -1.2
v -1.9 0.7 -1.2
v 1.9 0.7 -1.2
v 2 0.7 -1.2
v -1.2 0.7 -1.9
v -1.1 0.7 -1.9
v 1.1 0.7 -1.9
v 1.2 0.7 -1.9
v -1.2 0.7 -2
v -1.1 0.7 -2
v 1.1 0.7 -2
v 1.2 0.7 -2
v -1.1 0.8 2
v -1 0.8 2
v 1 0.8 2
v 1.1 0.8 2
v -1.1 0.8 1.9
v -1 0.8 1.9
v 1 0.8 1.9
v 1.1 0.8 1.9
v -2 0.8 1.1
v -1.9 0.8 1.1
v 1.9 0.8 1.1
v 2 0.8 1.1
v -2 0.8 1
v -1.9 0.8 1
v 1.9 0.8 1
v 2 0.8 1
v -2 0.8 -1
v -1.9 0.8 -1
v 1.9 0.8 -1
v 2 0.8 -1
v -2 0.8 -1.1
v -1.9 0.8 -1.1
v 1.9 0.8 -1.1
v 2 0.8 -1.1
v -1.1 0.8 -1.9
v -1 0.8 -1.9
v 1 0.8 -1.9
v 1.1 0.8 -1.9
v -1.1 0.8 -2
v -1 0.8 -2
v 1 0.8 -2
v 1.1 0.8 -2
v -1 0.9 2
v -0.9 0.9 2
v 0.9 0.9 2
v 1 0.9 2
v -1 0.9 1.9
v -0.9 0.9 1.9
v 0.9 0.9 1.9
v 1 0.9 1.9
v -2 0.9 1
v -1.9 0.9 1
v 1.9 0.9 1
v 2 0.9 1
v -2 0.9 0.9
v -1.9 0.9 0.9
v 1.9 0.9 0.9
v 2 0.9 0.9
v -2 0.9 -0.9
v -1.9 0.9 -0.9
v 1.9 0.9 -0.9
v 2 0.9 -0.9
v -2 0.9 -1
v -1.9 0.9 -1
v 1.9 0.9 -1
v 2 0.9 -1
v -1 0.9 -1.9
v -0.9 0.9 -1.9
v 0.9 0.9 -1.9
v 1 0.9 -1.9
v -1 0.9 -2
v -0.9 0.9 -2
v 0.9 0.9 -2
v 1 0.9 -2
v -0.9 1 2
v -0.8 1 2
v 0.8 1 2
v 0.9 1 2
v -0.9 1 1.9
v -0.8 1 1.9
v 0.8 1 1.9
v 0.9 1 1.9
v -2 1 0.9
v -1.9 1 0.9
v 1.9 1 0.9
v 2 1 0.9
v -2 1 0.8
v -1.9 1 0.8
v 1.9 1 0.8
v 2 1 0.8
v -2 1 -0.8
v -1.9 1 -0.8
v 1.9 1 -0.8
v 2 1 -0.8
v -2 1 -0.9
v -1.9 1 -0.9
v 1.9 1 -0.9
v 2 1 -0.9
v -0.9 1 -1.9
v -0.8 1 -1.9
v 0.8 1 -1.9
v 0.9 1 -1.9
v -0.9 1 -2
v -0.8 1 -2
v 0.8 1 -2
v 0.9 1 -2
v -0.8 1.1 2
v -0.7 1.1 2
v 0.7 1.1 2
v 0.8 1.1 2
v -0.8 1.1 1.9
v -0.7 1.1 1.9
v 0.7 1.1 1.9
v 0.8 1.1 1.9
v -2 1.1 0.8
v -1.9 1.1 0.8
v 1.9 1.1 0.8
v 2 1.1 0.8
v -2 1.1 0.7
v -1.9 1.1 0.7
v 1.9 1.1 0.7
v 2 1.1 0.7
v -2 1.1 -0.7
v -1.9 1.1 -0.7
v 1.9 1.1 -0.7
v 2 1.1 -0.7
v -2 1.1 -0.8
v -1.9 1.1 -0.8
v 1.9 1.1 -0.8
v 2 1.1 -0.8
v -0.8 1.1 -1.9
v -0.7 1.1 -1.9
v 0.7 1.1 -1.9
v 0.8 1.1 -1.9
v -0.8 1.1 -2
v -0.7 1.1 -2
v 0.7 1.1 -2
v 0.8 1.1 -2
v -0.7 1.2 2
v -0.6 1.2 2
v 0.6 1.2 2
v 0.7 1.2 2
v -0.7 1.2 1.9
v -0.6 1.2 1.9
v 0.6 1.2 1.9
v 0.7 1.2 1.9
v -2 1.2 0.7
v -1.9 1.2 0.7
v 1.9 1.2 0.7
v 2 1.2 0.7
v -2 1.2 0.6
v -1.9 1.2 0.6
v 1.9 1.2 0.6
v 2 1.2 0.6
v -2 1.2 -0.6
v -1.9 1.2 -0.6
v 1.9 1.2 -0.6
v 2 1.2 -0.6
v -2 1.2 -0.7
v -1.9 1.2 -0.7
v 1.9 1.2 -0.7
v 2 1.2 -0.7
v -0.7 1.2 -1.9
v -0.6 1.2 -1.9
v 0.6 1.2 -1.9
v 0.7 1.2 -1.9
v -0.7 1.2 -2
v -0.6 1.2 -2
v 0.6 1.2 -2
v 0.7 1.2 -2
v -0.6 1.3 2
v -0.5 1.3 2
v 0.5 1.3 2
v 0.6 1.3 2
v -0.6 1.3 1.9
v -0.5 1.3 1.9
v 0.5 1.3 1.9
v 0.6 1.3 1.9
v -2 1.3 0.6
v -1.9 1.3 0.6
v 1.9 1.3 0.6
v 2 1.3 0.6
v -2 1.3 0.5
v -1.9 1.3 0.5
v 1.9 1.3 0.5
v 2 1.3 0.5
v -2 1.3 -0.5
v -1.9 1.3 -0.5
v 1.9 1.3 -0.5
v 2 1.3 -0.5
v -2 1.3 -0.6
v -1.9 1.3 -0.6
v 1.9 1.3 -0.6
v 2 1.3 -0.6
v -0.6 1.3 -1.9
v -0.5 1.3 -1.9
v 0.5 1.3 -1.9
v 0.6 1.3 -1.9
v -0.6 1.3 -2
v -0.5 1.3 -2
v 0.5 1.3 -2
v 0.6 1.3 -2
v -0.5 1.4 2
v -0.4 1.4 2
v -0.2 1.4 2
v -0.0999999 1.4 2
v 0.1 1.4 2
v 0.2 1.4 2
v 0.4 1.4 2
v 0.5 1.4 2
v -0.5 1.4 1.9
v -0.4 1.4 1.9
v -0.2 1.4 1.9
v -0.0999999 1.4 1.9
v 0.1 1.4 1.9
v 0.2 1.4 1.9
v 0.4 1.4 1.9
v 0.5 1.4 1.9
v -2 1.4 0.5
v -1.9 1.4 0.5
v 1.9 1.4 0.5
v 2 1.4 0.5
v -2 1.4 0.4
v -1.9 1.4 0.4
v 1.9 1.4 0.4
v 2 1.4 0.4
v -2 1.4 0.2
v -1.9 1.4 0.2
v 1.9 1.4 0.2
v 2 1.4 0.2
v -2 1.4 0.0999999
v -1.9 1.4 0.0999999
v 1.9 1.4 0.0999999
v 2 1.4 0.0999999
v -2 1.4 -0.1
v -1.9 1.4 -0.1
v 1.9 1.4 -0.1
v 2 1.4 -0.1
v -2 1.4 -0.2
v -1.9 1.4 -0.2
v 1.9 1.4 -0.2
v 2 1.4 -0.2
v -2 1.4 -0.4
v -1.9 1.4 -0.4
v 1.9 1.4 -0.4
v 2 1.4 -0.4
v -2 1.4 -0.5
v -1.9 1.4 -0.5
v 1.9 1.4 -0.5
v 2 1.4 -0.5
v -0.5 1.4 -1.9
v -0.4 1.4 -1.9
v -0.2 1.4 -1.9
v -0.0999999 1.4 -1.9
v 0.1 1.4 -1.9
v 0.2 1.4 -1.9
v 0.4 1.4 -1.9
v 0.5 1.4 -1.9
v -0.5 1.4 -2
v -0.4 1.4 -2
v -0.2 1.4 -2
v -0.0999999 1.4 -2
v 0.1 1.4 -2
v 0.2 1.4 -2
v 0.4 1.4 -2
v 0.5 1.4 -2
v -0.4 1.5 2
v -0.2 1.5 2
v 0.2 1.5 2
v 0.4 1.5 2
v -0.4 1.5 1.9
v -0.3 1.5 1.9
v -0.2 1.5 1.9
v 0.2 1.5 1.9
v 0.3 1.5 1.9
v 0.4 1.5 1.9
v -2 1.5 0.4
v -1.9 1.5 0.4
v 1.9 1.5 0.4
v 2 1.5 0.4
v -1.9 1.5 0.3
v 1.9 1.5 0.3
v -2 1.5 0.2
v -1.9 1.5 0.2
v 1.9 1.5 0.2
v 2 1.5 0.2
v -2 1.5 -0.2
v -1.9 1.5 -0.2
v 1.9 1.5 -0.2
v 2 1.5 -0.2
v -1.9 1.5 -0.3
v 1.9 1.5 -0.3
v -2 1.5 -0.4
v -1.9 1.5 -0.4
v 1.9 1.5 -0.4
v 2 1.5 -0.4
v -0.4 1.5 -1.9
v -0.3 1.5 -1.9
v -0.2 1.5 -1.9
v 0.2 1.5 -1.9
v 0.3 1.5 -1.9
v 0.4 1.5 -1.9
v -0.4 1.5 -2
v -0.2 1.5 -2
v 0.2 1.5 -2
v 0.4 1.5 -2
v -0.7 1.7 2
v -0.6 1.7 2
v 0.6 1.7 2
v 0.7 1.7 2
v -0.7 1.7 1.9
v -0.6 1.7 1.9
v 0.6 1.7 1.9
v 0.7 1.7 1.9
v -2 1.7 0.7
v -1.9 1.7 0.7
v 1.9 1.7 0.7
v 2 1.7 0.7
v -2 1.7 0.6
v -1.9 1.7 0.6
v 1.9 1.7 0.6
v 2 1.7 0.6
v -2 1.7 -0.6
v -1.9 1.7 -0.6
v 1.9 1.7 -0.6
v 2 1.7 -0.6
v -2 1.7 -0.7
v -1.9 1.7 -0.7
v 1.9 1.7 -0.7
v 2 1.7 -0.7
v -0.7 1.7 -1.9
v -0.6 1.7 -1.9
v 0.6 1.7 -1.9
v 0.7 1.7 -1.9
v -0.7 1.7 -2
v -0.6 1.7 -2
v 0.6 1.7 -2
v 0.7 1.7 -2
v -0.8 1.8 2
v -0.7 1.8 2
v 0.7 1.8 2
v 0.8 1.8 2
v -0.8 1.8 1.9
v -0.7 1.8 1.9
v 0.7 1.8 1.9
v 0.8 1.8 1.9
v -2 1.8 0.8
v -1.9 1.8 0.8
v 1.9 1.8 0.8
v 2 1.8 0.8
v -2 1.8 0.7
v -1.9 1.8 0.7
v 1.9 1.8 0.7
v 2 1.8 0.7
v -2 1.8 -0.7
v -1.9 1.8 -0.7
v 1.9 1.8 -0.7
v 2 1.8 -0.7
v -2 1.8 -0.8
v -1.9 1.8 -0.8
v 1.9 1.8 -0.8
v 2 1.8 -0.8
v -0.8 1.8 -1.9
v -0.7 1.8 -1.9
v 0.7 1.8 -1.9
v 0.8 1.8 -1.9
v -0.8 1.8 -2
v -0.7 1.8 -2
v 0.7 1.8 -2
v 0.8 1.8 -2
v -0.9 1.9 2
v -0.8 1.9 2
v 0.8 1.9 2
v 0.9 1.9 2
v -0.9 1.9 1.9
v -0.8 1.9 1.9
v 0.8 1.9 1.9
v 0.9 1.9 1.9
v -2 1.9 0.9
v -1.9 1.9 0.9
v 1.9 1.9 0.9
v 2 1.9 0.9
v -2 1.9 0.8
v -1.9 1.9 0.8
v 1.9 1.9 0.8
v 2 1.9 0.8
v -2 1.9 -0.8
v -1.9 1.9 -0.8
v 1.9 1.9 -0.8
v 2 1.9 -0.8
v -2 1.9 -0.9
v -1.9 1.9 -0.9
v 1.9 1.9 -0.9
v 2 1.9 -0.9
v -0.9 1.9 -1.9
v -0.8 1.9 -1.9
v 0.8 1.9 -1.9
v 0.9 1.9 -1.9
v -0.9 1.9 -2
v -0.8 1.9 -2
v 0.8 1.9 -2
v 0.9 1.9 -2
v -1 2 2
v -0.9 2 2
v 0.9 2 2
v 1 2 2
v -1 2 1.9
v -0.9 2 1.9
v 0.9 2 1.9
v 1 2 1.9
v -2 2 1
v -1.9 2 1
v 1.9 2 1
v 2 2 1
v -2 2 0.9
v -1.9 2 0.9
v 1.9 2 0.9
v 2 2 0.9
v -2 2 -0.9
v -1.9 2 -0.9
v 1.9 2 -0.9
v 2 2 -0.9
v -2 2 -1
v -1.9 2 -1
v 1.9 2 -1
v 2 2 -1
v -1 2 -1.9
v -0.9 2 -1.9
v 0.9 2 -1.9
v 1 2 -1.9
v -1 2 -2
v -0.9 2 -2
v 0.9 2 -2
v 1 2 -2
v -1.1 2.1 2
v -1 2.1 2
v 1 2.1 2
v 1.1 2.1 2
v -1.1 2.1 1.9
v -1 2.1 1.9
v 1 2.1 1.9
v 1.1 2.1 1.9
v -2 2.1 1.1
v -1.9 2.1 1.1
v 1.9 2.1 1.1
v 2 2.1 1.1
v -2 2.1 1
v -1.9 2.1 1
v 1.9 2.1 1
v 2 2.1 1
v -2 2.1 -1
v -1.9 2.1 -1
v 1.9 2.1 -1
v 2 2.1 -1
v -2 2.1 -1.1
v -1.9 2.1 -1.1
v 1.9 2.1 -1.1
v 2 2.1 -1.1
v -1.1 2.1 -1.9
v -1 2.1 -1.9
v 1 2.1 -1.9
v 1.1 2.1 -1.9
v -1.1 2.1 -2
v -1 2.1 -2
v 1 2.1 -2
v 1.1 2.1 -2
v -1.2 2.2 2
v -1.1 2.2 2
v 1.1 2.2 2
v 1.2 2.2 2
v -1.2 2.2 1.9
v -1.1 2.2 1.9
v 1.1 2.2 1.9
v 1.2 2.2 1.9
v -2 2.2 1.2
v -1.9 2.2 1.2
v 1.9 2.2 1.2
v 2 2.2 1.2
v -2 2.2 1.1
v -1.9 2.2 1.1
v 1.9 2.2 1.1
v 2 2.2 1.1
v -2 2.2 -1.1
v -1.9 2.2 -1.1
v 1.9 2.2 -1.1
v 2 2.2 -1.1
v -2 2.2 -1.2
v -1.9 2.2 -1.2
v 1.9 2.2 -1.2
v 2 2.2 -1.2
v -1.2 2.2 -1.9
v -1.1 2.2 -1.9
v 1.1 2.2 -1.9
v 1.2 2.2 -1.9
v -1.2 2.2 -2
v -1.1 2.2 -2
v 1.1 2.2 -2
v 1.2 2.2 -2
v -1.3 2.3 2
v -1.2 2.3 2
v 1.2 2.3 2
v 1.3 2.3 2
v -1.3 2.3 1.9
v -1.2 2.3 1.9
v 1.2 2.3 1.9
v 1.3 2.3 1.9
v -2 2.3 1.3
v -1.9 2.3 1.3
v 1.9 2.3 1.3
v 2 2.3 1.3
v -2 2.3 1.2
v -1.9 2.3 1.2
v 1.9 2.3 1.2
v 2 2.3 1.2
v -2 2.3 -1.2
v -1.9 2.3 -1.2
v 1.9 2.3 -1.2
v 2 2.3 -1.2
v -2 2.3 -1.3
v -1.9 2.3 -1.3
v 1.9 2.3 -1.3
v 2 2.3 -1.3
v -1.3 2.3 -1.9
v -1.2 2.3 -1.9
v 1.2 2.3 -1.9
v 1.3 2.3 -1.9
v -1.3 2.3 -2
v -1.2 2.3 -2
v 1.2 2.3 -2
v 1.3 2.3 -2
v -1.4 2.4 2
v -1.3 2.4 2
v 1.3 2.4 2
v 1.4 2.4 2
v -1.4 2.4 1.9
v -1.3 2.4 1.9
v 1.3 2.4 1.9
v 1.4 2.4 1.9
v -2 2.4 1.4
v -1.9 2.4 1.4
v 1.9 2.4 1.4
v 2 2.4 1.4
v -2 2.4 1.3
v -1.9 2.4 1.3
v 1.9 2.4 1.3
v 2 2.4 1.3
v -2 2.4 -1.3
v -1.9 2.4 -1.3
v 1.9 2.4 -1.3
v 2 2.4 -1.3
v -2 2.4 -1.4
v -1.9 2.4 -1.4
v 1.9 2.4 -1.4
v 2 2.4 -1.4
v -1.4 2.4 -1.9
v -1.3 2.4 -1.9
v 1.3 2.4 -1.9
v 1.4 2.4 -1.9
v -1.4 2.4 -2
v -1.3 2.4 -2
v 1.3 2.4 -2
v 1.4 2.4 -2
v -1.5 2.5 2
v -1.4 2.5 2
v 1.4 2.5 2
v 1.5 2.5 2
v -1.5 2.5 1.9
v -1.4 2.5 1.9
v 1.4 2.5 1.9
v 1.5 2.5 1.9
v -2 2.5 1.5
v -1.9 2.5 1.5
v 1.9 2.5 1.5
v 2 2.5 1.5
v -2 2.5 1.4
v -1.9 2.5 1.4
v 1.9 2.5 1.4
v 2 2.5 1.4
v -2 2.5 -1.4
v -1.9 2.5 -1.4
v 1.9 2.5 -1.4
v 2 2.5 -1.4
v -2 2.5 -1.5
v -1.9 2.5 -1.5
v 1.9 2.5 -1.5
v 2 2.5 -1.5
v -1.5 2.5 -1.9
v -1.4 2.5 -1.9
v 1.4 2.5 -1.9
v 1.5 2.5 -1.9
v -1.5 2.5 -2
v -1.4 2.5 -2
v 1.4 2.5 -2
v 1.5 2.5 -2
v -1.6 2.6 2
v -1.5 2.6 2
v 1.5 2.6 2
v 1.6 2.6 2
v -1.6 2.6 1.9
v -1.5 2.6 1.9
v 1.5 2.6 1.9
v 1.6 2.6 1.9
v -2 2.6 1.6
v -1.9 2.6 1.6
v 1.9 2.6 1.6
v 2 2.6 1.6
v -2 2.6 1.5
v -1.9 2.6 1.5
v 1.9 2.6 1.5
v 2 2.6 1.5
v -2 2.6 -1.5
v -1.9 2.6 -1.5
v 1.9 2.6 -1.5
v 2 2.6 -1.5
v -2 2.6 -1.6
v -1.9 2.6 -1.6
v 1.9 2.6 -1.6
v 2 2.6 -1.6
v -1.6 2.6 -1.9
v -1.5 2.6 -1.9
v 1.5 2.6 -1.9
v 1.6 2.6 -1.9
v -1.6 2.6 -2
v -1.5 2.6 -2
v 1.5 2.6 -2
v 1.6 2.6 -2
v -1.7 2.7 2
v -1.6 2.7 2
v 1.6 2.7 2
v 1.7 2.7 2
v -1.7 2.7 1.9
v -1.6 2.7 1.9
v 1.6 2.7 1.9
v 1.7 2.7 1.9
v -2 2.7 1.7
v -1.9 2.7 1.7
v 1.9 2.7 1.7
v 2 2.7 1.7
v -2 2.7 1.6
v -1.9 2.7 1.6
v 1.9 2.7 1.6
v 2 2.7 1.6
v -2 2.7 -1.6
v -1.9 2.7 -1.6
v 1.9 2.7 -1.6
v 2 2.7 -1.6
v -2 2.7 -1.7
v -1.9 2.7 -1.7
v 1.9 2.7 -1.7
v 2 2.7 -1.7
v -1.7 2.7 -1.9
v -1.6 2.7 -1.9
v 1.6 2.7 -1.9
v 1.7 2.7 -1.9
v -1.7 2.7 -2
v -1.6 2.7 -2
v 1.6 2.7 -2
v 1.7 2.7 -2
v -1.8 2.8 2
v -1.7 2.8 2
v 1.7 2.8 2
v 1.8 2.8 2
v -1.8 2.8 1.9
v -1.7 2.8 1.9
v 1.7 2.8 1.9
v 1.8 2.8 1.9
v -2 2.8 1.8
v -1.9 2.8 1.8
v 1.9 2.8 1.8
v 2 2.8 1.8
v -2 2.8 1.7
v -1.9 2.8 1.7
v 1.9 2.8 1.7
v 2 2.8 1.7
v -2 2.8 -1.7
v -1.9 2.8 -1.7
v 1.9 2.8 -1.7
v 2 2.8 -1.7
v -2 2.8 -1.8
v -1.9 2.8 -1.8
v 1.9 2.8 -1.8
v 2 2.8 -1.8
v -1.8 2.8 -1.9
v -1.7 2.8 -1.9
v 1.7 2.8 -1.9
v 1.8 2.8 -1.9
v -1.8 2.8 -2
v -1.7 2.8 -2
v 1.7 2.8 -2
v 1.8 2.8 -2
v -1.6 3 2
v -0.0999999 3 2
v 0.1 3 2
v 1.6 3 2
v -1.6 3 1.9
v -0.0999999 3 1.9
v 0.1 3 1.9
v 1.6 3 1.9
v -2 3 1.6
v -1.9 3 1.6
v 1.9 3 1.6
v 2 3 1.6
v -2 3 0.0999999
v -1.9 3 0.0999999
v 1.9 3 0.0999999
v 2 3 0.0999999
v -2 3 -0.1
v -1.9 3 -0.1
v 1.9 3 -0.1
v 2 3 -0.1
v -2 3 -1.6
v -1.9 3 -1.6
v 1.9 3 -1.6
v 2 3 -1.6
v -1.6 3 -1.9
v -0.0999999 3 -1.9
v 0.1 3 -1.9
v 1.6 3 -1.9
v -1.6 3 -2
v -0.0999999 3 -2
v 0.1 3 -2
v 1.6 3 -2
v -1.6 0.2 2
v -0.0999999 0.2 2
v 0.1 0.2 2
v 1.6 0.2 2
v -1.6 0.2 1.9
v -0.0999999 0.2 1.9
v 0.1 0.2 1.9
v 1.6 0.2 1.9
v -2 0.2 1.6
v -1.9 0.2 1.6
v -1.6 0.2 1.6
v 1.6 0.2 1.6
v 1.9 0.2 1.6
v 2 0.2 1.6
v -0.8 0.2 1.5
v 0.7 0.2 1.5
v -1 0.2 1.4
v -0.8 0.2 1.4
v 0.7 0.2 1.4
v 0.9 0.2 1.4
v -1.2 0.2 1.3
v -1 0.2 1.3
v 0.9 0.2 1.3
v 1.1 0.2 1.3
v -1.3 0.2 1.2
v -1.2 0.2 1.2
v 1.1 0.2 1.2
v 1.2 0.2 1.2
v -1.4 0.2 1
v -1.3 0.2 1
v -0.6 0.2 1
v 0.5 0.2 1
v 1.2 0.2 1
v 1.3 0.2 1
v -0.8 0.2 0.9
v -0.6 0.2 0.9
v 0.5 0.2 0.9
v 0.7 0.2 0.9
v -1.5 0.2 0.8
v -1.4 0.2 0.8
v -1 0.2 0.8
v -0.8 0.2 0.8
v 0.7 0.2 0.8
v 0.9 0.2 0.8
v 1.3 0.2 0.8
v 1.4 0.2 0.8
v -1.1 0.2 0.7
v -1 0.2 0.7
v 0.9 0.2 0.7
v 1 0.2 0.7
v -1.2 0.2 0.5
v -1.1 0.2 0.5
v 1 0.2 0.5
v 1.1 0.2 0.5
v 1.4 0.2 0.5
v 1.5 0.2 0.5
v -1.3 0.2 0.3
v -1.2 0.2 0.3
v 1.1 0.2 0.3
v 1.2 0.2 0.3
v -2 0.2 0.0999999
v -1.9 0.2 0.0999999
v 1.9 0.2 0.0999999
v 2 0.2 0.0999999
v -2 0.2 -0.1
v -1.9 0.2 -0.1
v 1.9 0.2 -0.1
v 2 0.2 -0.1
v -1.3 0.2 -0.3
v -1.2 0.2 -0.3
v 1.1 0.2 -0.3
v 1.2 0.2 -0.3
v -1.2 0.2 -0.5
v -1.1 0.2 -0.5
v 1 0.2 -0.5
v 1.1 0.2 -0.5
v 1.4 0.2 -0.6
v 1.5 0.2 -0.6
v -1.1 0.2 -0.7
v -1 0.2 -0.7
v 0.9 0.2 -0.7
v 1 0.2 -0.7
v -1.5 0.2 -0.8
v -1.4 0.2 -0.8
v -1 0.2 -0.8
v -0.8 0.2 -0.8
v 0.7 0.2 -0.8
v 0.9 0.2 -0.8
v 1.3 0.2 -0.8
v 1.4 0.2 -0.8
v -0.8 0.2 -0.9
v -0.6 0.2 -0.9
v 0.5 0.2 -0.9
v 0.7 0.2 -0.9
v -1.4 0.2 -1
v -1.3 0.2 -1
v -0.6 0.2 -1
v 0.5 0.2 -1
v 1.2 0.2 -1
v 1.3 0.2 -1
v -1.3 0.2 -1.2
v -1.2 0.2 -1.2
v 1.1 0.2 -1.2
v 1.2 0.2 -1.2
v -1.2 0.2 -1.3
v -1 0.2 -1.3
v 0.9 0.2 -1.3
v 1.1 0.2 -1.3
v -1 0.2 -1.4
v -0.8 0.2 -1.4
v 0.7 0.2 -1.4
v 0.9 0.2 -1.4
v -0.8 0.2 -1.5
v 0.7 0.2 -1.5
v -2 0.2 -1.6
v -1.9 0.2 -1.6
v -1.6 0.2 -1.6
v 1.6 0.2 -1.6
v 1.9 0.2 -1.6
v 2 0.2 -1.6
v -1.6 0.2 -1.9
v -0.0999999 0.2 -1.9
v 0.1 0.2 -1.9
v 1.6 0.2 -1.9
v -1.6 0.2 -2
v -0.0999999 0.2 -2
v 0.1 0.2 -2
v 1.6 0.2 -2
v -1.8 0.4 2
v -1.7 0.4 2
v 1.7 0.4 2
v 1.8 0.4 2
v -1.8 0.4 1.9
v -1.7 0.4 1.9
v 1.7 0.4 1.9
v 1.8 0.4 1.9
v -2 0.4 1.8
v -1.9 0.4 1.8
v 1.9 0.4 1.8
v 2 0.4 1.8
v -2 0.4 1.7
v -1.9 0.4 1.7
v 1.9 0.4 1.7
v 2 0.4 1.7
v -2 0.4 -1.7
v -1.9 0.4 -1.7
v 1.9 0.4 -1.7
v 2 0.4 -1.7
v -2 0.4 -1.8
v -1.9 0.4 -1.8
v 1.9 0.4 -1.8
v 2 0.4 -1.8
v -1.8 0.4 -1.9
v -1.7 0.4 -1.9
v 1.7 0.4 -1.9
v 1.8 0.4 -1.9
v -1.8 0.4 -2
v -1.7 0.4 -2
v 1.7 0.4 -2
v 1.8 0.4 -2
v -1.7 0.5 2
v -1.6 0.5 2
v 1.6 0.5 2
v 1.7 0.5 2
v -1.7 0.5 1.9
v -1.6 0.5 1.9
v 1.6 0.5 1.9
v 1.7 0.5 1.9
v -2 0.5 1.7
v -1.9 0.5 1.7
v 1.9 0.5 1.7
v 2 0.5 1.7
v -2 0.5 1.6
v -1.9 0.5 1.6
v 1.9 0.5 1.6
v 2 0.5 1.6
v -2 0.5 -1.6
v -1.9 0.5 -1.6
v 1.9 0.5 -1.6
v 2 0.5 -1.6
v -2 0.5 -1.7
v -1.9 0.5 -1.7
v 1.9 0.5 -1.7
v 2 0.5 -1.7
v -1.7 0.5 -1.9
v -1.6 0.5 -1.9
v 1.6 0.5 -1.9
v 1.7 0.5 -1.9
v -1.7 0.5 -2
v -1.6 0.5 -2
v 1.6 0.5 -2
v 1.7 0.5 -2
v -1.6 0.6 2
v -1.5 0.6 2
v 1.5 0.6 2
v 1.6 0.6 2
v -1.6 0.6 1.9
v -1.5 0.6 1.9
v 1.5 0.6 1.9
v 1.6 0.6 1.9
v -2 0.6 1.6
v -1.9 0.6 1.6
v 1.9 0.6 1.6
v 2 0.6 1.6
v -2 0.6 1.5
v -1.9 0.6 1.5
v 1.9 0.6 1.5
v 2 0.6 1.5
v -2 0.6 -1.5
v -1.9 0.6 -1.5
v 1.9 0.6 -1.5
v 2 0.6 -1.5
v -2 0.6 -1.6
v -1.9 0.6 -1.6
v 1.9 0.6 -1.6
v 2 0.6 -1.6
v -1.6 0.6 -1.9
v -1.5 0.6 -1.9
v 1.5 0.6 -1.9
v 1.6 0.6 -1.9
v -1.6 0.6 -2
v -1.5 0.6 -2
v 1.5 0.6 -2
v 1.6 0.6 -2
v -1.5 0.7 2
v -1.4 0.7 2
v 1.4 0.7 2
v 1.5 0.7 2
v -1.5 0.7 1.9
v -1.4 0.7 1.9
v 1.4 0.7 1.9
v 1.5 0.7 1.9
v -2 0.7 1.5
v -1.9 0.7 1.5
v 1.9 0.7 1.5
v 2 0.7 1.5
v -2 0.7 1.4
v -1.9 0.7 1.4
v 1.9 0.7 1.4
v 2 0.7 1.4
v -2 0.7 -1.4
v -1.9 0.7 -1.4
v 1.9 0.7 -1.4
v 2 0.7 -1.4
v -2 0.7 -1.5
v -1.9 0.7 -1.5
v 1.9 0.7 -1.5
v 2 0.7 -1.5
v -1.5 0.7 -1.9
v -1.4 0.7 -1.9
v 1.4 0.7 -1.9
v 1.5 0.7 -1.9
v -1.5 0.7 -2
v -1.4 0.7 -2
v 1.4 0.7 -2
v 1.5 0.7 -2
v -1.4 0.8 2
v -1.3 0.8 2
v 1.3 0.8 2
v 1.4 0.8 2
v -1.4 0.8 1.9
v -1.3 0.8 1.9
v 1.3 0.8 1.9
v 1.4 0.8 1.9
v -2 0.8 1.4
v -1.9 0.8 1.4
v 1.9 0.8 1.4
v 2 0.8 1.4
v -2 0.8 1.3
v -1.9 0.8 1.3
v 1.9 0.8 1.3
v 2 0.8 1.3
v -2 0.8 -1.3
v -1.9 0.8 -1.3
v 1.9 0.8 -1.3
v 2 0.8 -1.3
v -2 0.8 -1.4
v -1.9 0.8 -1.4
v 1.9 0.8 -1.4
v 2 0.8 -1.4
v -1.4 0.8 -1.9
v -1.3 0.8 -1.9
v 1.3 0.8 -1.9
v 1.4 0.8 -1.9
v -1.4 0.8 -2
v -1.3 0.8 -2
v 1.3 0.8 -2
v 1.4 0.8 -2
v -1.3 0.9 2
v -1.2 0.9 2
v 1.2 0.9 2
v 1.3 0.9 2
v -1.3 0.9 1.9
v -1.2 0.9 1.9
v 1.2 0.9 1.9
v 1.3 0.9 1.9
v -2 0.9 1.3
v -1.9 0.9 1.3
v 1.9 0.9 1.3
v 2 0.9 1.3
v -2 0.9 1.2
v -1.9 0.9 1.2
v 1.9 0.9 1.2
v 2 0.9 1.2
v -2 0.9 -1.2
v -1.9 0.9 -1.2
v 1.9 0.9 -1.2
v 2 0.9 -1.2
v -2 0.9 -1.3
v -1.9 0.9 -1.3
v 1.9 0.9 -1.3
v 2 0.9 -1.3
v -1.3 0.9 -1.9
v -1.2 0.9 -1.9
v 1.2 0.9 -1.9
v 1.3 0.9 -1.9
v -1.3 0.9 -2
v -1.2 0.9 -2
v 1.2 0.9 -2
v 1.3 0.9 -2
v -1.2 1 2
v -1.1 1 2
v 1.1 1 2
v 1.2 1 2
v -1.2 1 1.9
v -1.1 1 1.9
v 1.1 1 1.9
v 1.2 1 1.9
v -2 1 1.2
v -1.9 1 1.2
v 1.9 1 1.2
v 2 1 1.2
v -2 1 1.1
v -1.9 1 1.1
v 1.9 1 1.1
v 2 1 1.1
v -2 1 -1.1
v -1.9 1 -1.1
v 1.9 1 -1.1
v 2 1 -1.1
v -2 1 -1.2
v -1.9 1 -1.2
v 1.9 1 -1.2
v 2 1 -1.2
v -1.2 1 -1.9
v -1.1 1 -1.9
v 1.1 1 -1.9
v 1.2 1 -1.9
v -1.2 1 -2
v -1.1 1 -2
v 1.1 1 -2
v 1.2 1 -2
v -1.1 1.1 2
v -1 1.1 2
v 1 1.1 2
v 1.1 1.1 2
v -1.1 1.1 1.9
v -1 1.1 1.9
v 1 1.1 1.9
v 1.1 1.1 1.9
v -2 1.1 1.1
v -1.9 1.1 1.1
v 1.9 1.1 1.1
v 2 1.1 1.1
v -2 1.1 1
v -1.9 1.1 1
v 1.9 1.1 1
v 2 1.1 1
v -2 1.1 -1
v -1.9 1.1 -1
v 1.9 1.1 -1
v 2 1.1 -1
v -2 1.1 -1.1
v -1.9 1.1 -1.1
v 1.9 1.1 -1.1
v 2 1.1 -1.1
v -1.1 1.1 -1.9
v -1 1.1 -1.9
v 1 1.1 -1.9
v 1.1 1.1 -1.9
v -1.1 1.1 -2
v -1 1.1 -2
v 1 1.1 -2
v 1.1 1.1 -2
v -1 1.2 2
v -0.9 1.2 2
v 0.9 1.2 2
v 1 1.2 2
v -1 1.2 1.9
v -0.9 1.2 1.9
v 0.9 1.2 1.9
v 1 1.2 1.9
v -2 1.2 1
v -1.9 1.2 1
v 1.9 1.2 1
v 2 1.2 1
v -2 1.2 0.9
v -1.9 1.2 0.9
v 1.9 1.2 0.9
v 2 1.2 0.9
v -2 1.2 -0.9
v -1.9 1.2 -0.9
v 1.9 1.2 -0.9
v 2 1.2 -0.9
v -2 1.2 -1
v -1.9 1.2 -1
v 1.9 1.2 -1
v 2 1.2 -1
v -1 1.2 -1.9
v -0.9 1.2 -1.9
v 0.9 1.2 -1.9
v 1 1.2 -1.9
v -1 1.2 -2
v -0.9 1.2 -2
v 0.9 1.2 -2
v 1 1.2 -2
v -0.9 1.3 2
v -0.8 1.3 2
v 0.8 1.3 2
v 0.9 1.3 2
v -0.9 1.3 1.9
v -0.8 1.3 1.9
v 0.8 1.3 1.9
v 0.9 1.3 1.9
v -2 1.3 0.9
v -1.9 1.3 0.9
v 1.9 1.3 0.9
v 2 1.3 0.9
v -2 1.3 0.8
v -1.9 1.3 0.8
v 1.9 1.3 0.8
v 2 1.3 0.8
v -2 1.3 -0.8
v -1.9 1.3 -0.8
v 1.9 1.3 -0.8
v 2 1.3 -0.8
v -2 1.3 -0.9
v -1.9 1.3 -0.9
v 1.9 1.3 -0.9
v 2 1.3 -0.9
v -0.9 1.3 -1.9
v -0.8 1.3 -1.9
v 0.8 1.3 -1.9
v 0.9 1.3 -1.9
v -0.9 1.3 -2
v -0.8 1.3 -2
v 0.8 1.3 -2
v 0.9 1.3 -2
v -0.8 1.4 2
v -0.7 1.4 2
v 0.7 1.4 2
v 0.8 1.4 2
v -0.8 1.4 1.9
v -0.7 1.4 1.9
v 0.7 1.4 1.9
v 0.8 1.4 1.9
v -2 1.4 0.8
v -1.9 1.4 0.8
v 1.9 1.4 0.8
v 2 1.4 0.8
v -2 1.4 0.7
v -1.9 1.4 0.7
v 1.9 1.4 0.7
v 2 1.4 0.7
v -2 1.4 -0.7
v -1.9 1.4 -0.7
v 1.9 1.4 -0.7
v 2 1.4 -0.7
v -2 1.4 -0.8
v -1.9 1.4 -0.8
v 1.9 1.4 -0.8
v 2 1.4 -0.8
v -0.8 1.4 -1.9
v -0.7 1.4 -1.9
v 0.7 1.4 -1.9
v 0.8 1.4 -1.9
v -0.8 1.4 -2
v -0.7 1.4 -2
v 0.7 1.4 -2
v 0.8 1.4 -2
v -0.7 1.5 2
v -0.6 1.5 2
v 0.6 1.5 2
v 0.7 1.5 2
v -0.7 1.5 1.9
v -0.6 1.5 1.9
v 0.6 1.5 1.9
v 0.7 1.5 1.9
v -2 1.5 0.7
v -1.9 1.5 0.7
v 1.9 1.5 0.7
v 2 1.5 0.7
v -2 1.5 0.6
v -1.9 1.5 0.6
v 1.9 1.5 0.6
v 2 1.5 0.6
v -2 1.5 -0.6
v -1.9 1.5 -0.6
v 1.9 1.5 -0.6
v 2 1.5 -0.6
v -2 1.5 -0.7
v -1.9 1.5 -0.7
v 1.9 1.5 -0.7
v 2 1.5 -0.7
v -0.7 1.5 -1.9
v -0.6 1.5 -1.9
v 0.6 1.5 -1.9
v 0.7 1.5 -1.9
v -0.7 1.5 -2
v -0.6 1.5 -2
v 0.6 1.5 -2
v 0.7 1.5 -2
v -0.4 1.7 2
v -0.2 1.7 2
v 0.2 1.7 2
v 0.4 1.7 2
v -0.4 1.7 1.9
v -0.3 1.7 1.9
v -0.2 1.7 1.9
v 0.2 1.7 1.9
v 0.3 1.7 1.9
v 0.4 1.7 1.9
v -2 1.7 0.4
v -1.9 1.7 0.4
v 1.9 1.7 0.4
v 2 1.7 0.4
v -1.9 1.7 0.3
v 1.9 1.7 0.3
v -2 1.7 0.2
v -1.9 1.7 0.2
v 1.9 1.7 0.2
v 2 1.7 0.2
v -2 1.7 -0.2
v -1.9 1.7 -0.2
v 1.9 1.7 -0.2
v 2 1.7 -0.2
v -1.9 1.7 -0.3
v 1.9 1.7 -0.3
v -2 1.7 -0.4
v -1.9 1.7 -0.4
v 1.9 1.7 -0.4
v 2 1.7 -0.4
v -0.4 1.7 -1.9
v -0.3 1.7 -1.9
v -0.2 1.7 -1.9
v 0.2 1.7 -1.9
v 0.3 1.7 -1.9
v 0.4 1.7 -1.9
v -0.4 1.7 -2
v -0.2 1.7 -2
v 0.2 1.7 -2
v 0.4 1.7 -2
v -0.5 1.8 2
v -0.4 1.8 2
v -0.2 1.8 2
v -0.0999999 1.8 2
v 0.1 1.8 2
v 0.2 1.8 2
v 0.4 1.8 2
v 0.5 1.8 2
v -0.5 1.8 1.9
v -0.4 1.8 1.9
v -0.2 1.8 1.9
v -0.0999999 1.8 1.9
v 0.1 1.8 1.9
v 0.2 1.8 1.9
v 0.4 1.8 1.9
v 0.5 1.8 1.9
v -2 1.8 0.5
v -1.9 1.8 0.5
v 1.9 1.8 0.5
v 2 1.8 0.5
v -2 1.8 0.4
v -1.9 1.8 0.4
v 1.9 1.8 0.4
v 2 1.8 0.4
v -2 1.8 0.2
v -1.9 1.8 0.2
v 1.9 1.8 0.2
v 2 1.8 0.2
v -2 1.8 0.0999999
v -1.9 1.8 0.0999999
v 1.9 1.8 0.0999999
v 2 1.8 0.0999999
v -2 1.8 -0.1
v -1.9 1.8 -0.1
v 1.9 1.8 -0.1
v 2 1.8 -0.1
v -2 1.8 -0.2
v -1.9 1.8 -0.2
v 1.9 1.8 -0.2
v 2 1.8 -0.2
v -2 1.8 -0.4
v -1.9 1.8 -0.4
v 1.9 1.8 -0.4
v 2 1.8 -0.4
v -2 1.8 -0.5
v -1.9 1.8 -0.5
v 1.9 1.8 -0.5
v 2 1.8 -0.5
v -0.5 1.8 -1.9
v -0.4 1.8 -1.9
v -0.2 1.8 -1.9
v -0.0999999 1.8 -1.9
v 0.1 1.8 -1.9
v 0.2 1.8 -1.9
v 0.4 1.8 -1.9
v 0.5 1.8 -1.9
v -0.5 1.8 -2
v -0.4 1.8 -2
v -0.2 1.8 -2
v -0.0999999 1.8 -2
v 0.1 1.8 -2
v 0.2 1.8 -2
v 0.4 1.8 -2
v 0.5 1.8 -2
v -0.6 1.9 2
v -0.5 1.9 2
v 0.5 1.9 2
v 0.6 1.9 2
v -0.6 1.9 1.9
v -0.5 1.9 1.9
v 0.5 1.9 1.9
v 0.6 1.9 1.9
v -2 1.9 0.6
v -1.9 1.9 0.6
v 1.9 1.9 0.6
v 2 1.9 0.6
v -2 1.9 0.5
v -1.9 1.9 0.5
v 1.9 1.9 0.5
v 2 1.9 0.5
v -2 1.9 -0.5
v -1.9 1.9 -0.5
v 1.9 1.9 -0.5
v 2 1.9 -0.5
v -2 1.9 -0.6
v -1.9 1.9 -0.6
v 1.9 1.9 -0.6
v 2 1.9 -0.6
v -0.6 1.9 -1.9
v -0.5 1.9 -1.9
v 0.5 1.9 -1.9
v 0.6 1.9 -1.9
v -0.6 1.9 -2
v -0.5 1.9 -2
v 0.5 1.9 -2
v 0.6 1.9 -2
v -0.7 2 2
v -0.6 2 2
v 0.6 2 2
v 0.7 2 2
v -0.7 2 1.9
v -0.6 2 1.9
v 0.6 2 1.9
v 0.7 2 1.9
v -2 2 0.7
v -1.9 2 0.7
v 1.9 2 0.7
v 2 2 0.7
v -2 2 0.6
v -1.9 2 0.6
v 1.9 2 0.6
v 2 2 0.6
v -2 2 -0.6
v -1.9 2 -0.6
v 1.9 2 -0.6
v 2 2 -0.6
v -2 2 -0.7
v -1.9 2 -0.7
v 1.9 2 -0.7
v 2 2 -0.7
v -0.7 2 -1.9
v -0.6 2 -1.9
v 0.6 2 -1.9
v 0.7 2 -1.9
v -0.7 2 -2
v -0.6 2 -2
v 0.6 2 -2
v 0.7 2 -2
v -0.8 2.1 2
v -0.7 2.1 2
v 0.7 2.1 2
v 0.8 2.1 2
v -0.8 2.1 1.9
v -0.7 2.1 1.9
v 0.7 2.1 1.9
v 0.8 2.1 1.9
v -2 2.1 0.8
v -1.9 2.1 0.8
v 1.9 2.1 0.8
v 2 2.1 0.8
v -2 2.1 0.7
v -1.9 2.1 0.7
v 1.9 2.1 0.7
v 2 2.1 0.7
v -2 2.1 -0.7
v -1.9 2.1 -0.7
v 1.9 2.1 -0.7
v 2 2.1 -0.7
v -2 2.1 -0.8
v -1.9 2.1 -0.8
v 1.9 2.1 -0.8
v 2 2.1 -0.8
v -0.8 2.1 -1.9
v -0.7 2.1 -1.9
v 0.7 2.1 -1.9
v 0.8 2.1 -1.9
v -0.8 2.1 -2
v -0.7 2.1 -2
v 0.7 2.1 -2
v 0.8 2.1 -2
v -0.9 2.2 2
v -0.8 2.2 2
v 0.8 2.2 2
v 0.9 2.2 2
v -0.9 2.2 1.9
v -0.8 2.2 1.9
v 0.8 2.2 1.9
v 0.9 2.2 1.9
v -2 2.2 0.9
v -1.9 2.2 0.9
v 1.9 2.2 0.9
v 2 2.2 0.9
v -2 2.2 0.8
v -1.9 2.2 0.8
v 1.9 2.2 0.8
v 2 2.2 0.8
v -2 2.2 -0.8
v -1.9 2.2 -0.8
v 1.9 2.2 -0.8
v 2 2.2 -0.8
v -2 2.2 -0.9
v -1.9 2.2 -0.9
v 1.9 2.2 -0.9
v 2 2.2 -0.9
v -0.9 2.2 -1.9
v -0.8 2.2 -1.9
v 0.8 2.2 -1.9
v 0.9 2.2 -1.9
v -0.9 2.2 -2
v -0.8 2.2 -2
v 0.8 2.2 -2
v 0.9 2.2 -2
v -1 2.3 2
v -0.9 2.3 2
v 0.9 2.3 2
v 1 2.3 2
v -1 2.3 1.9
v -0.9 2.3 1.9
v 0.9 2.3 1.9
v 1 2.3 1.9
v -2 2.3 1
v -1.9 2.3 1
v 1.9 2.3 1
v 2 2.3 1
v -2 2.3 0.9
v -1.9 2.3 0.9
v 1.9 2.3 0.9
v 2 2.3 0.9
v -2 2.3 -0.9
v -1.9 2.3 -0.9
v 1.9 2.3 -0.9
v 2 2.3 -0.9
v -2 2.3 -1
v -1.9 2.3 -1
v 1.9 2.3 -1
v 2 2.3 -1
v -1 2.3 -1.9
v -0.9 2.3 -1.9
v 0.9 2.3 -1.9
v 1 2.3 -1.9
v -1 2.3 -2
v -0.9 2.3 -2
v 0.9 2.3 -2
v 1 2.3 -2
v -1.1 2.4 2
v -1 2.4 2
v 1 2.4 2
v 1.1 2.4 2
v -1.1 2.4 1.9
v -1 2.4 1.9
v 1 2.4 1.9
v 1.1 2.4 1.9
v -2 2.4 1.1
v -1.9 2.4 1.1
v 1.9 2.4 1.1
v 2 2.4 1.1
v -2 2.4 1
v -1.9 2.4 1
v 1.9 2.4 1
v 2 2.4 1
v -2 2.4 -1
v -1.9 2.4 -1
v 1.9 2.4 -1
v 2 2.4 -1
v -2 2.4 -1.1
v -1.9 2.4 -1.1
v 1.9 2.4 -1.1
v 2 2.4 -1.1
v -1.1 2.4 -1.9
v -1 2.4 -1.9
v 1 2.4 -1.9
v 1.1 2.4 -1.9
v -1.1 2.4 -2
v -1 2.4 -2
v 1 2.4 -2
v 1.1 2.4 -2
v -1.2 2.5 2
v -1.1 2.5 2
v 1.1 2.5 2
v 1.2 2.5 2
v -1.2 2.5 1.9
v -1.1 2.5 1.9
v 1.1 2.5 1.9
v 1.2 2.5 1.9
v -2 2.5 1.2
v -1.9 2.5 1.2
v 1.9 2.5 1.2
v 2 2.5 1.2
v -2 2.5 1.1
v -1.9 2.5 1.1
v 1.9 2.5 1.1
v 2 2.5 1.1
v -2 2.5 -1.1
v -1.9 2.5 -1.1
v 1.9 2.5 -1.1
v 2 2.5 -1.1
v -2 2.5 -1.2
v -1.9 2.5 -1.2
v 1.9 2.5 -1.2
v 2 2.5 -1.2
v -1.2 2.5 -1.9
v -1.1 2.5 -1.9
v 1.1 2.5 -1.9
v 1.2 2.5 -1.9
v -1.2 2.5 -2
v -1.1 2.5 -2
v 1.1 2.5 -2
v 1.2 2.5 -2
v -1.3 2.6 2
v -1.2 2.6 2
v 1.2 2.6 2
v 1.3 2.6 2
v -1.3 2.6 1.9
v -1.2 2.6 1.9
v 1.2 2.6 1.9
v 1.3 2.6 1.9
v -2 2.6 1.3
v -1.9 2.6 1.3
v 1.9 2.6 1.3
v 2 2.6 1.3
v -2 2.6 1.2
v -1.9 2.6 1.2
v 1.9 2.6 1.2
v 2 2.6 1.2
v -2 2.6 -1.2
v -1.9 2.6 -1.2
v 1.9 2.6 -1.2
v 2 2.6 -1.2
v -2 2.6 -1.3
v -1.9 2.6 -1.3
v 1.9 2.6 -1.3
v 2 2.6 -1.3
v -1.3 2.6 -1.9
v -1.2 2.6 -1.9
v 1.2 2.6 -1.9
v 1.3 2.6 -1.9
v -1.3 2.6 -2
v -1.2 2.6 -2
v 1.2 2.6 -2
v 1.3 2.6 -2
v -1.4 2.7 2
v -1.3 2.7 2
v 1.3 2.7 2
v 1.4 2.7 2
v -1.4 2.7 1.9
v -1.3 2.7 1.9
v 1.3 2.7 1.9
v 1.4 2.7 1.9
v -2 2.7 1.4
v -1.9 2.7 1.4
v 1.9 2.7 1.4
v 2 2.7 1.4
v -2 2.7 1.3
v -1.9 2.7 1.3
v 1.9 2.7 1.3
v 2 2.7 1.3
v -2 2.7 -1.3
v -1.9 2.7 -1.3
v 1.9 2.7 -1.3
v 2 2.7 -1.3
v -2 2.7 -1.4
v -1.9 2.7 -1.4
v 1.9 2.7 -1.4
v 2 2.7 -1.4
v -1.4 2.7 -1.9
v -1.3 2.7 -1.9
v 1.3 2.7 -1.9
v 1.4 2.7 -1.9
v -1.4 2.7 -2
v -1.3 2.7 -2
v 1.3 2.7 -2
v 1.4 2.7 -2
v -1.5 2.8 2
v -1.4 2.8 2
v 1.4 2.8 2
v 1.5 2.8 2
v -1.5 2.8 1.9
v -1.4 2.8 1.9
v 1.4 2.8 1.9
v 1.5 2.8 1.9
v -2 2.8 1.5
v -1.9 2.8 1.5
v 1.9 2.8 1.5
v 2 2.8 1.5
v -2 2.8 1.4
v -1.9 2.8 1.4
v 1.9 2.8 1.4
v 2 2.8 1.4
v -2 2.8 -1.4
v -1.9 2.8 -1.4
v 1.9 2.8 -1.4
v 2 2.8 -1.4
v -2 2.8 -1.5
v -1.9 2.8 -1.5
v 1.9 2.8 -1.5
v 2 2.8 -1.5
v -1.5 2.8 -1.9
v -1.4 2.8 -1.9
v 1.4 2.8 -1.9
v 1.5 2.8 -1.9
v -1.5 2.8 -2
v -1.4 2.8 -2
v 1.4 2.8 -2
v 1.5 2.8 -2
v -1.6 2.9 2
v -1.5 2.9 2
v 1.5 2.9 2
v 1.6 2.9 2
v -1.6 2.9 1.9
v -1.5 2.9 1.9
v 1.5 2.9 1.9
v 1.6 2.9 1.9
v -2 2.9 1.6
v -1.9 2.9 1.6
v 1.9 2.9 1.6
v 2 2.9 1.6
v -2 2.9 1.5
v -1.9 2.9 1.5
v 1.9 2.9 1.5
v 2 2.9 1.5
v -2 2.9 -1.5
v -1.9 2.9 -1.5
v 1.9 2.9 -1.5
v 2 2.9 -1.5
v -2 2.9 -1.6
v -1.9 2.9 -1.6
v 1.9 2.9 -1.6
v 2 2.9 -1.6
v -1.6 2.9 -1.9
v -1.5 2.9 -1.9
v 1.5 2.9 -1.9
v 1.6 2.9 -1.9
v -1.6 2.9 -2
v -1.5 2.9 -2
v 1.5 2.9 -2
v 1.6 2.9 -2
v -1.6 3.1 1.7
v 1.6 3.1 1.7
v -1.7 3.1 1.6
v -1.6 3.1 1.6
v 1.6 3.1 1.6
v 1.7 3.1 1.6
v -1.7 3.1 -1.6
v -1.6 3.1 -1.6
v 1.6 3.1 -1.6
v 1.7 3.1 -1.6
v -1.6 3.1 -1.7
v 1.6 3.1 -1.7
v -2 3.2 2
v 2 3.2 2
v -1.7 3.2 1.8
v 1.7 3.2 1.8
v -1.8 3.2 1.7
v -1.7 3.2 1.7
v -1.6 3.2 1.7
v 1.6 3.2 1.7
v 1.7 3.2 1.7
v 1.8 3.2 1.7
v -1.7 3.2 1.6
v -1.6 3.2 1.6
v 1.6 3.2 1.6
v 1.7 3.2 1.6
v -1.7 3.2 -1.6
v -1.6 3.2 -1.6
v 1.6 3.2 -1.6
v 1.7 3.2 -1.6
v -1.8 3.2 -1.7
v -1.7 3.2 -1.7
v -1.6 3.2 -1.7
v 1.6 3.2 -1.7
v 1.7 3.2 -1.7
v 1.8 3.2 -1.7
v -1.7 3.2 -1.8
v 1.7 3.2 -1.8
v -2 3.2 -2
v 2 3.2 -2

# faces
f 3/5/1 2/5/1 1/5/1
f 4/5/1 2/5/1 3/5/1
f 5/5/1 3/5/1 1/5/1
f 6/6/1 4/6/1 3/6/1
f 6/5/1 3/5/1 5/5/1
f 7/6/1 4/6/1 6/6/1
f 8/6/1 4/6/1 7/6/1
f 9/6/1 4/6/1 8/6/1
f 10/6/1 4/6/1 9/6/1
f 11/6/1 4/6/1 10/6/1
f 12/6/1 4/6/1 11/6/1
f 13/5/1 2/5/1 4/5/1
f 13/6/1 4/6/1 12/6/1
f 14/5/1 2/5/1 13/5/1
f 15/6/1 6/6/1 5/6/1
f 15/6/1 7/6/1 6/6/1
f 16/6/1 7/6/1 15/6/1
f 17/5/1 8/5/1 7/5/1
f 17/6/1 7/6/1 16/6/1
f 18/5/1 8/5/1 17/5/1
f 21/5/1 12/5/1 11/5/1
f 22/6/1 14/6/1 13/6/1
f 22/6/1 13/6/1 12/6/1
f 22/5/1 12/5/1 21/5/1
f 23/6/1 14/6/1 22/6/1
f 24/6/1 14/6/1 23/6/1
f 25/5/1 16/5/1 15/5/1
f 25/6/1 17/6/1 16/6/1
f 25/6/1 18/6/1 17/6/1
f 26/6/1 18/6/1 25/6/1
f 27/5/1 19/5/1 18/5/1
f 27/6/1 18/6/1 26/6/1
f 28/5/1 19/5/1 27/5/1
f 31/5/1 21/5/1 20/5/1
f 32/6/1 23/6/1 22/6/1
f 32/6/1 22/6/1 21/6/1
f 32/5/1 21/5/1 31/5/1
f 33/6/1 23/6/1 32/6/1
f 34/5/1 24/5/1 23/5/1
f 34/6/1 23/6/1 33/6/1
f 35/6/1 27/6/1 26/6/1
f 35/6/1 28/6/1 27/6/1
f 36/6/1 28/6/1 35/6/1
f 37/5/1 29/5/1 28/5/1
f 37/6/1 28/6/1 36/6/1
f 38/5/1 29/5/1 37/5/1
f 41/5/1 31/5/1 30/5/1
f 42/6/1 33/6/1 32/6/1
f 42/6/1 32/6/1 31/6/1
f 42/5/1 31/5/1 41/5/1
f 43/6/1 33/6/1 42/6/1
f 44/6/1 33/6/1 43/6/1
f 45/6/1 37/6/1 36/6/1
f 45/6/1 38/6/1 37/6/1
f 46/6/1 38/6/1 45/6/1
f 47/5/1 39/5/1 38/5/1
f 47/6/1 38/6/1 46/6/1
f 48/5/1 39/5/1 47/5/1
f 51/5/1 41/5/1 40/5/1
f 52/6/1 43/6/1 42/6/1
f 52/6/1 42/6/1 41/6/1
f 52/5/1 41/5/1 51/5/1
f 53/6/1 43/6/1 52/6/1
f 54/6/1 43/6/1 53/6/1
f 55/6/1 47/6/1 46/6/1
f 55/6/1 48/6/1 47/6/1
f 56/6/1 48/6/1 55/6/1
f 57/5/1 49/5/1 48/5/1
f 57/6/1 48/6/1 56/6/1
f 58/5/1 49/5/1 57/5/1
f 61/5/1 51/5/1 50/5/1
f 62/6/1 53/6/1 52/6/1
f 62/6/1 52/6/1 51/6/1
f 62/5/1 51/5/1 61/5/1
f 63/6/1 53/6/1 62/6/1
f 64/6/1 53/6/1 63/6/1
f 65/6/1 57/6/1 56/6/1
f 65/6/1 58/6/1 57/6/1
f 66/6/1 58/6/1 65/6/1
f 67/5/1 59/5/1 58/5/1
f 67/6/1 58/6/1 66/6/1
f 68/5/1 59/5/1 67/5/1
f 71/5/1 61/5/1 60/5/1
f 72/6/1 63/6/1 62/6/1
f 72/6/1 62/6/1 61/6/1
f 72/5/1 61/5/1 71/5/1
f 73/6/1 63/6/1 72/6/1
f 74/6/1 63/6/1 73/6/1
f 75/6/1 67/6/1 66/6/1
f 75/6/1 68/6/1 67/6/1
f 76/6/1 68/6/1 75/6/1
f 77/5/1 69/5/1 68/5/1
f 77/6/1 68/6/1 76/6/1
f 78/5/1 69/5/1 77/5/1
f 81/5/1 71/5/1 70/5/1
f 82/6/1 73/6/1 72/6/1
f 82/6/1 72/6/1 71/6/1
f 82/5/1 71/5/1 81/5/1
f 83/6/1 73/6/1 82/6/1
f 84/6/1 73/6/1 83/6/1
f 85/6/1 77/6/1 76/6/1
f 85/6/1 78/6/1 77/6/1
f 86/6/1 78/6/1 85/6/1
f 87/5/1 79/5/1 78/5/1
f 87/6/1 78/6/1 86/6/1
f 88/5/1 79/5/1 87/5/1
f 91/5/1 81/5/1 80/5/1
f 92/6/1 83/6/1 82/6/1
f 92/6/1 82/6/1 81/6/1
f 92/5/1 81/5/1 91/5/1
f 93/6/1 83/6/1 92/6/1
f 94/6/1 83/6/1 93/6/1
f 95/6/1 87/6/1 86/6/1
f 95/6/1 88/6/1 87/6/1
f 96/6/1 88/6/1 95/6/1
f 97/5/1 89/5/1 88/5/1
f 97/6/1 88/6/1 96/6/1
f 98/5/1 89/5/1 97/5/1
f 101/5/1 91/5/1 90/5/1
f 102/6/1 93/6/1 92/6/1
f 102/6/1 92/6/1 91/6/1
f 102/5/1 91/5/1 101/5/1
f 103/6/1 93/6/1 102/6/1
f 104/6/1 93/6/1 103/6/1
f 105/6/1 97/6/1 96/6/1
f 105/6/1 98/6/1 97/6/1
f 106/6/1 98/6/1 105/6/1
f 107/5/1 99/5/1 98/5/1
f 107/6/1 98/6/1 106/6/1
f 108/5/1 99/5/1 107/5/1
f 111/5/1 101/5/1 100/5/1
f 112/6/1 103/6/1 102/6/1
f 112/6/1 102/6/1 101/6/1
f 112/5/1 101/5/1 111/5/1
f 113/6/1 103/6/1 112/6/1
f 114/6/1 103/6/1 113/6/1
f 115/6/1 107/6/1 106/6/1
f 115/6/1 108/6/1 107/6/1
f 116/6/1 108/6/1 115/6/1
f 117/5/1 109/5/1 108/5/1
f 117/6/1 108/6/1 116/6/1
f 118/5/1 109/5/1 117/5/1
f 121/5/1 111/5/1 110/5/1
f 122/6/1 113/6/1 112/6/1
f 122/6/1 112/6/1 111/6/1
f 122/5/1 111/5/1 121/5/1
f 123/6/1 113/6/1 122/6/1
f 124/6/1 113/6/1 123/6/1
f 125/6/1 117/6/1 116/6/1
f 125/6/1 118/6/1 117/6/1
f 126/6/1 118/6/1 125/6/1
f 127/5/1 119/5/1 118/5/1
f 127/6/1 118/6/1 126/6/1
f 128/5/1 119/5/1 127/5/1
f 131/6/1 10/6/1 9/6/1
f 132/6/1 10/6/1 131/6/1
f 135/5/1 121/5/1 120/5/1
f 136/6/1 123/6/1 122/6/1
f 136/6/1 122/6/1 121/6/1
f 136/5/1 121/5/1 135/5/1
f 137/6/1 123/6/1 136/6/1
f 138/6/1 123/6/1 137/6/1
f 139/6/1 127/6/1 126/6/1
f 139/6/1 128/6/1 127/6/1
f 140/6/1 128/6/1 139/6/1
f 141/5/1 129/5/1 128/5/1
f 141/6/1 128/6/1 140/6/1
f 142/5/1 129/5/1 141/5/1
f 143/5/1 131/5/1 130/5/1
f 144/6/1 132/6/1 131/6/1
f 144/5/1 131/5/1 143/5/1
f 145/5/1 133/5/1 132/5/1
f 145/6/1 132/6/1 144/6/1
f 146/5/1 133/5/1 145/5/1
f 147/5/1 135/5/1 134/5/1
f 148/6/1 137/6/1 136/6/1
f 148/6/1 136/6/1 135/6/1
f 148/5/1 135/5/1 147/5/1
f 149/6/1 137/6/1 148/6/1
f 150/6/1 137/6/1 149/6/1
f 151/6/1 142/6/1 141/6/1
f 151/5/1 143/5/1 142/5/1
f 152/6/1 144/6/1 143/6/1
f 152/5/1 143/5/1 151/5/1
f 152/6/1 146/6/1 145/6/1
f 152/6/1 145/6/1 144/6/1
f 153/5/1 147/5/1 146/5/1
f 153/6/1 146/6/1 152/6/1
f 154/6/1 148/6/1 147/6/1
f 154/5/1 147/5/1 153/5/1
f 156/5/1 141/5/1 140/5/1
f 157/6/1 151/6/1 141/6/1
f 157/6/1 152/6/1 151/6/1
f 157/5/1 141/5/1 156/5/1
f 157/6/1 153/6/1 152/6/1
f 157/6/1 154/6/1 153/6/1
f 158/6/1 154/6/1 157/6/1
f 159/6/1 154/6/1 158/6/1
f 160/6/1 154/6/1 159/6/1
f 161/6/1 148/6/1 154/6/1
f 161/6/1 154/6/1 160/6/1
f 162/5/1 149/5/1 148/5/1
f 162/6/1 148/6/1 161/6/1
f 163/5/1 149/5/1 162/5/1
f 166/5/1 156/5/1 155/5/1
f 167/6/1 157/6/1 156/6/1
f 167/6/1 158/6/1 157/6/1
f 167/5/1 156/5/1 166/5/1
f 168/6/1 158/6/1 167/6/1
f 169/6/1 158/6/1 168/6/1
f 170/6/1 160/6/1 159/6/1
f 171/6/1 160/6/1 170/6/1
f 172/6/1 160/6/1 171/6/1
f 173/6/1 160/6/1 172/6/1
f 174/6/1 162/6/1 161/6/1
f 174/6/1 163/6/1 162/6/1
f 175/6/1 163/6/1 174/6/1
f 176/5/1 164/5/1 163/5/1
f 176/6/1 163/6/1 175/6/1
f 177/5/1 164/5/1 176/5/1
f 180/5/1 166/5/1 165/5/1
f 181/6/1 167/6/1 166/6/1
f 181/6/1 168/6/1 167/6/1
f 181/5/1 166/5/1 180/5/1
f 182/6/1 168/6/1 181/6/1
f 183/6/1 168/6/1 182/6/1
f 184/6/1 177/6/1 176/6/1
f 184/6/1 176/6/1 175/6/1
f 185/6/1 177/6/1 184/6/1
f 186/5/1 178/5/1 177/5/1
f 186/6/1 177/6/1 185/6/1
f 187/5/1 178/5/1 186/5/1
f 190/5/1 180/5/1 179/5/1
f 191/6/1 182/6/1 181/6/1
f 191/6/1 181/6/1 180/6/1
f 191/5/1 180/5/1 190/5/1
f 192/6/1 182/6/1 191/6/1
f 193/6/1 182/6/1 192/6/1
f 194/6/1 187/6/1 186/6/1
f 194/6/1 186/6/1 185/6/1
f 195/6/1 187/6/1 194/6/1
f 196/5/1 188/5/1 187/5/1
f 196/6/1 187/6/1 195/6/1
f 197/5/1 188/5/1 196/5/1
f 200/5/1 190/5/1 189/5/1
f 201/6/1 192/6/1 191/6/1
f 201/6/1 191/6/1 190/6/1
f 201/5/1 190/5/1 200/5/1
f 202/6/1 192/6/1 201/6/1
f 203/6/1 192/6/1 202/6/1
f 204/6/1 197/6/1 196/6/1
f 204/6/1 196/6/1 195/6/1
f 205/6/1 197/6/1 204/6/1
f 206/5/1 198/5/1 197/5/1
f 206/6/1 197/6/1 205/6/1
f 207/5/1 198/5/1 206/5/1
f 210/5/1 200/5/1 199/5/1
f 211/6/1 202/6/1 201/6/1
f 211/6/1 201/6/1 200/6/1
f 211/5/1 200/5/1 210/5/1
f 212/6/1 202/6/1 211/6/1
f 213/6/1 202/6/1 212/6/1
f 214/6/1 207/6/1 206/6/1
f 214/6/1 206/6/1 205/6/1
f 215/6/1 207/6/1 214/6/1
f 216/5/1 208/5/1 207/5/1
f 216/6/1 207/6/1 215/6/1
f 217/5/1 208/5/1 216/5/1
f 220/5/1 210/5/1 209/5/1
f 221/6/1 212/6/1 211/6/1
f 221/6/1 211/6/1 210/6/1
f 221/5/1 210/5/1 220/5/1
f 222/6/1 212/6/1 221/6/1
f 223/6/1 212/6/1 222/6/1
f 224/6/1 217/6/1 216/6/1
f 224/6/1 216/6/1 215/6/1
f 225/6/1 217/6/1 224/6/1
f 226/5/1 218/5/1 217/5/1
f 226/6/1 217/6/1 225/6/1
f 227/5/1 218/5/1 226/5/1
f 230/5/1 220/5/1 219/5/1
f 231/6/1 222/6/1 221/6/1
f 231/6/1 221/6/1 220/6/1
f 231/5/1 220/5/1 230/5/1
f 232/6/1 222/6/1 231/6/1
f 233/6/1 222/6/1 232/6/1
f 234/6/1 227/6/1 226/6/1
f 234/6/1 226/6/1 225/6/1
f 235/6/1 227/6/1 234/6/1
f 236/5/1 228/5/1 227/5/1
f 236/6/1 227/6/1 235/6/1
f 237/5/1 228/5/1 236/5/1
f 240/5/1 230/5/1 229/5/1
f 241/6/1 232/6/1 231/6/1
f 241/6/1 231/6/1 230/6/1
f 241/5/1 230/5/1 240/5/1
f 242/6/1 232/6/1 241/6/1
f 243/6/1 232/6/1 242/6/1
f 244/6/1 237/6/1 236/6/1
f 244/6/1 236/6/1 235/6/1
f 245/6/1 237/6/1 244/6/1
f 246/5/1 238/5/1 237/5/1
f 246/6/1 237/6/1 245/6/1
f 247/5/1 238/5/1 246/5/1
f 250/5/1 240/5/1 239/5/1
f 251/6/1 242/6/1 241/6/1
f 251/6/1 241/6/1 240/6/1
f 251/5/1 240/5/1 250/5/1
f 252/6/1 242/6/1 251/6/1
f 253/6/1 242/6/1 252/6/1
f 254/6/1 247/6/1 246/6/1
f 254/6/1 246/6/1 245/6/1
f 255/6/1 247/6/1 254/6/1
f 256/5/1 248/5/1 247/5/1
f 256/6/1 247/6/1 255/6/1
f 257/5/1 248/5/1 256/5/1
f 260/5/1 250/5/1 249/5/1
f 261/6/1 252/6/1 251/6/1
f 261/6/1 251/6/1 250/6/1
f 261/5/1 250/5/1 260/5/1
f 262/6/1 252/6/1 261/6/1
f 263/6/1 252/6/1 262/6/1
f 264/6/1 257/6/1 256/6/1
f 264/6/1 256/6/1 255/6/1
f 265/6/1 257/6/1 264/6/1
f 266/5/1 258/5/1 257/5/1
f 266/6/1 257/6/1 265/6/1
f 267/5/1 258/5/1 266/5/1
f 269/5/1 25/5/1 15/5/1
f 270/5/1 260/5/1 259/5/1
f 271/6/1 262/6/1 261/6/1
f 271/6/1 261/6/1 260/6/1
f 271/5/1 260/5/1 270/5/1
f 272/6/1 262/6/1 271/6/1
f 273/6/1 262/6/1 272/6/1
f 274/6/1 266/6/1 265/6/1
f 274/6/1 267/6/1 266/6/1
f 275/6/1 267/6/1 274/6/1
f 276/5/1 268/5/1 267/5/1
f 276/6/1 267/6/1 275/6/1
f 277/5/1 268/5/1 276/5/1
f 278/5/1 24/5/1 34/5/1
f 279/5/1 270/5/1 269/5/1
f 279/5/1 269/5/1 15/5/1
f 280/6/1 272/6/1 271/6/1
f 280/5/1 270/5/1 279/5/1
f 280/6/1 271/6/1 270/6/1
f 281/6/1 272/6/1 280/6/1
f 282/6/1 272/6/1 281/6/1
f 283/6/1 277/6/1 276/6/1
f 283/6/1 276/6/1 275/6/1
f 284/6/1 277/6/1 283/6/1
f 285/5/1 278/5/1 277/5/1
f 285/6/1 277/6/1 284/6/1
f 286/5/1 24/5/1 278/5/1
f 286/5/1 278/5/1 285/5/1
f 287/6/1 15/6/1 5/6/1
f 287/5/1 279/5/1 15/5/1
f 288/6/1 281/6/1 280/6/1
f 288/5/1 279/5/1 287/5/1
f 288/6/1 280/6/1 279/6/1
f 289/6/1 281/6/1 288/6/1
f 290/6/1 172/6/1 171/6/1
f 291/6/1 172/6/1 290/6/1
f 292/6/1 286/6/1 285/6/1
f 292/6/1 285/6/1 284/6/1
f 293/5/1 24/5/1 286/5/1
f 293/6/1 286/6/1 292/6/1
f 294/6/1 14/6/1 24/6/1
f 294/5/1 24/5/1 293/5/1
f 295/5/1 290/5/1 289/5/1
f 295/6/1 289/6/1 288/6/1
f 295/6/1 288/6/1 287/6/1
f 296/6/1 291/6/1 290/6/1
f 296/5/1 290/5/1 295/5/1
f 297/5/1 292/5/1 291/5/1
f 297/6/1 291/6/1 296/6/1
f 298/6/1 293/6/1 292/6/1
f 298/5/1 292/5/1 297/5/1
f 298/6/1 294/6/1 293/6/1
f 299/6/1 296/6/1 295/6/1
f 299/6/1 287/6/1 5/6/1
f 299/6/1 298/6/1 297/6/1
f 299/6/1 297/6/1 296/6/1
f 299/6/1 295/6/1 287/6/1
f 300/6/1 294/6/1 298/6/1
f 300/6/1 298/6/1 299/6/1
f 300/6/1 14/6/1 294/6/1
f 305/3/1 302/3/1 301/3/1
f 306/3/1 302/3/1 305/3/1
f 307/3/1 302/3/1 306/3/1
f 308/3/1 302/3/1 307/3/1
f 309/3/1 302/3/1 308/3/1
f 310/3/1 302/3/1 309/3/1
f 311/3/1 304/3/1 303/3/1
f 312/3/1 304/3/1 311/3/1
f 313/3/1 304/3/1 312/3/1
f 314/3/1 304/3/1 313/3/1
f 315/3/1 304/3/1 314/3/1
f 316/3/1 304/3/1 315/3/1
f 319/3/1 307/3/1 306/3/1
f 320/3/1 307/3/1 319/3/1
f 321/4/1 308/4/1 307/4/1
f 321/3/1 307/3/1 320/3/1
f 322/3/1 309/3/1 308/3/1
f 322/4/1 308/4/1 321/4/1
f 323/3/1 309/3/1 322/3/1
f 324/3/1 309/3/1 323/3/1
f 325/4/1 310/4/1 309/4/1
f 325/3/1 309/3/1 324/3/1
f 326/4/1 312/4/1 311/4/1
f 326/3/1 313/3/1 312/3/1
f 327/3/1 313/3/1 326/3/1
f 328/3/1 313/3/1 327/3/1
f 329/4/1 314/4/1 313/4/1
f 329/3/1 313/3/1 328/3/1
f 330/3/1 315/3/1 314/3/1
f 330/4/1 314/4/1 329/4/1
f 331/3/1 315/3/1 330/3/1
f 334/3/1 318/3/1 317/3/1
f 336/4/1 321/4/1 320/4/1
f 336/4/1 322/4/1 321/4/1
f 336/4/1 323/4/1 322/4/1
f 337/4/1 323/4/1 336/4/1
f 338/4/1 330/4/1 329/4/1
f 338/4/1 329/4/1 328/4/1
f 339/4/1 330/4/1 338/4/1
f 341/3/1 333/3/1 332/3/1
f 342/3/1 335/3/1 334/3/1
f 344/4/1 323/4/1 337/4/1
f 345/4/1 323/4/1 344/4/1
f 346/4/1 323/4/1 345/4/1
f 347/3/1 324/3/1 323/3/1
f 347/4/1 323/4/1 346/4/1
f 348/3/1 324/3/1 347/3/1
f 349/4/1 327/4/1 326/4/1
f 349/3/1 328/3/1 327/3/1
f 350/3/1 328/3/1 349/3/1
f 351/4/1 338/4/1 328/4/1
f 352/4/1 338/4/1 351/4/1
f 353/4/1 338/4/1 352/4/1
f 355/3/1 341/3/1 340/3/1
f 356/3/1 343/3/1 342/3/1
f 358/5/1 346/5/1 345/5/1
f 359/4/1 348/4/1 347/4/1
f 359/5/1 346/5/1 358/5/1
f 359/4/1 347/4/1 346/4/1
f 360/4/1 351/4/1 328/4/1
f 361/5/1 352/5/1 351/5/1
f 361/4/1 351/4/1 360/4/1
f 362/5/1 352/5/1 361/5/1
f 364/4/1 355/4/1 354/4/1
f 365/4/1 357/4/1 356/4/1
f 367/4/1 348/4/1 359/4/1
f 368/4/1 348/4/1 367/4/1
f 369/3/1 324/3/1 348/3/1
f 370/4/1 325/4/1 324/4/1
f 370/3/1 324/3/1 369/3/1
f 371/4/1 310/4/1 325/4/1
f 371/4/1 325/4/1 370/4/1
f 372/4/1 310/4/1 371/4/1
f 373/4/1 326/4/1 311/4/1
f 373/4/1 349/4/1 326/4/1
f 373/4/1 350/4/1 349/4/1
f 374/4/1 350/4/1 373/4/1
f 375/3/1 328/3/1 350/3/1
f 376/4/1 360/4/1 328/4/1
f 376/3/1 328/3/1 375/3/1
f 377/5/1 361/5/1 360/5/1
f 377/4/1 360/4/1 376/4/1
f 378/5/1 361/5/1 377/5/1
f 380/4/1 364/4/1 363/4/1
f 381/5/1 366/5/1 365/5/1
f 383/4/1 348/4/1 368/4/1
f 384/3/1 369/3/1 348/3/1
f 384/4/1 348/4/1 383/4/1
f 385/4/1 376/4/1 375/4/1
f 385/4/1 377/4/1 376/4/1
f 386/4/1 377/4/1 385/4/1
f 388/5/1 380/5/1 379/5/1
f 389/4/1 355/4/1 364/4/1
f 389/3/1 341/3/1 355/3/1
f 389/4/1 364/4/1 380/4/1
f 390/3/1 333/3/1 341/3/1
f 390/3/1 341/3/1 389/3/1
f 391/3/1 342/3/1 334/3/1
f 391/3/1 356/3/1 342/3/1
f 392/4/1 365/4/1 356/4/1
f 392/3/1 356/3/1 391/3/1
f 393/5/1 382/5/1 381/5/1
f 395/3/1 369/3/1 384/3/1
f 396/3/1 369/3/1 395/3/1
f 397/4/1 385/4/1 375/4/1
f 397/3/1 375/3/1 350/3/1
f 398/4/1 385/4/1 397/4/1
f 400/5/1 388/5/1 387/5/1
f 401/5/1 394/5/1 393/5/1
f 403/3/1 369/3/1 396/3/1
f 404/3/1 369/3/1 403/3/1
f 405/4/1 350/4/1 374/4/1
f 405/3/1 397/3/1 350/3/1
f 406/3/1 397/3/1 405/3/1
f 407/3/1 397/3/1 406/3/1
f 408/3/1 397/3/1 407/3/1
f 410/5/1 400/5/1 399/5/1
f 411/5/1 380/5/1 388/5/1
f 411/4/1 389/4/1 380/4/1
f 411/5/1 400/5/1 410/5/1
f 411/4/1 390/4/1 389/4/1
f 411/5/1 388/5/1 400/5/1
f 412/4/1 390/4/1 411/4/1
f 413/4/1 365/4/1 392/4/1
f 413/4/1 392/4/1 391/4/1
f 414/5/1 402/5/1 401/5/1
f 414/4/1 365/4/1 413/4/1
f 414/5/1 381/5/1 365/5/1
f 414/5/1 393/5/1 381/5/1
f 414/5/1 401/5/1 393/5/1
f 415/5/1 402/5/1 414/5/1
f 417/3/1 369/3/1 404/3/1
f 418/3/1 369/3/1 417/3/1
f 419/4/1 370/4/1 369/4/1
f 419/4/1 371/4/1 370/4/1
f 420/5/1 372/5/1 371/5/1
f 420/4/1 371/4/1 419/4/1
f 421/4/1 406/4/1 405/4/1
f 421/5/1 374/5/1 373/5/1
f 421/4/1 405/4/1 374/4/1
f 422/4/1 406/4/1 421/4/1
f 423/3/1 407/3/1 406/3/1
f 424/3/1 407/3/1 423/3/1
f 426/5/1 410/5/1 409/5/1
f 426/5/1 412/5/1 411/5/1
f 426/5/1 411/5/1 410/5/1
f 427/4/1 416/4/1 415/4/1
f 429/3/1 369/3/1 418/3/1
f 430/3/1 369/3/1 429/3/1
f 431/4/1 419/4/1 369/4/1
f 431/3/1 369/3/1 430/3/1
f 432/3/1 423/3/1 406/3/1
f 432/4/1 406/4/1 422/4/1
f 433/3/1 423/3/1 432/3/1
f 435/5/1 426/5/1 425/5/1
f 436/4/1 390/4/1 412/4/1
f 437/3/1 333/3/1 390/3/1
f 437/4/1 390/4/1 436/4/1
f 438/3/1 334/3/1 317/3/1
f 438/3/1 391/3/1 334/3/1
f 439/4/1 413/4/1 391/4/1
f 439/3/1 391/3/1 438/3/1
f 440/4/1 428/4/1 427/4/1
f 442/4/1 431/4/1 430/4/1
f 443/4/1 419/4/1 431/4/1
f 443/4/1 431/4/1 442/4/1
f 444/5/1 372/5/1 420/5/1
f 444/5/1 420/5/1 419/5/1
f 445/5/1 372/5/1 444/5/1
f 446/5/1 422/5/1 421/5/1
f 446/5/1 421/5/1 373/5/1
f 447/5/1 422/5/1 446/5/1
f 448/4/1 432/4/1 422/4/1
f 449/4/1 432/4/1 448/4/1
f 451/4/1 435/4/1 434/4/1
f 452/3/1 441/3/1 440/3/1
f 454/4/1 419/4/1 443/4/1
f 455/5/1 444/5/1 419/5/1
f 455/4/1 419/4/1 454/4/1
f 456/5/1 444/5/1 455/5/1
f 457/5/1 422/5/1 447/5/1
f 458/4/1 448/4/1 422/4/1
f 458/5/1 422/5/1 457/5/1
f 459/4/1 448/4/1 458/4/1
f 461/3/1 451/3/1 450/3/1
f 462/3/1 453/3/1 452/3/1
f 462/3/1 452/3/1 440/3/1
f 463/3/1 453/3/1 462/3/1
f 470/3/1 461/3/1 460/3/1
f 471/3/1 451/3/1 461/3/1
f 471/3/1 461/3/1 470/3/1
f 472/4/1 440/4/1 427/4/1
f 472/3/1 462/3/1 440/3/1
f 473/3/1 462/3/1 472/3/1
f 475/4/1 465/4/1 464/4/1
f 476/5/1 466/5/1 465/5/1
f 479/5/1 468/5/1 467/5/1
f 480/4/1 469/4/1 468/4/1
f 482/3/1 451/3/1 471/3/1
f 483/4/1 435/4/1 451/4/1
f 483/3/1 451/3/1 482/3/1
f 484/5/1 426/5/1 435/5/1
f 484/4/1 435/4/1 483/4/1
f 485/5/1 412/5/1 426/5/1
f 485/5/1 426/5/1 484/5/1
f 486/4/1 427/4/1 415/4/1
f 486/4/1 472/4/1 427/4/1
f 487/4/1 472/4/1 486/4/1
f 489/4/1 475/4/1 474/4/1
f 490/4/1 481/4/1 480/4/1
f 492/4/1 484/4/1 483/4/1
f 492/4/1 485/4/1 484/4/1
f 493/4/1 485/4/1 492/4/1
f 494/4/1 413/4/1 439/4/1
f 494/5/1 414/5/1 413/5/1
f 494/5/1 415/5/1 414/5/1
f 494/4/1 439/4/1 438/4/1
f 495/5/1 415/5/1 494/5/1
f 496/4/1 486/4/1 415/4/1
f 496/5/1 415/5/1 495/5/1
f 497/4/1 486/4/1 496/4/1
f 499/3/1 489/3/1 488/3/1
f 500/3/1 491/3/1 490/3/1
f 502/4/1 485/4/1 493/4/1
f 503/5/1 412/5/1 485/5/1
f 503/4/1 485/4/1 502/4/1
f 504/3/1 438/3/1 317/3/1
f 504/4/1 495/4/1 494/4/1
f 504/4/1 494/4/1 438/4/1
f 505/4/1 495/4/1 504/4/1
f 506/5/1 496/5/1 495/5/1
f 507/5/1 496/5/1 506/5/1
f 509/3/1 499/3/1 498/3/1
f 510/4/1 475/4/1 489/4/1
f 510/3/1 489/3/1 499/3/1
f 510/3/1 499/3/1 509/3/1
f 511/4/1 465/4/1 475/4/1
f 511/4/1 475/4/1 510/4/1
f 512/5/1 477/5/1 476/5/1
f 512/4/1 465/4/1 511/4/1
f 512/5/1 476/5/1 465/5/1
f 513/5/1 477/5/1 512/5/1
f 514/4/1 490/4/1 480/4/1
f 514/4/1 480/4/1 468/4/1
f 515/3/1 501/3/1 500/3/1
f 515/4/1 490/4/1 514/4/1
f 515/3/1 500/3/1 490/3/1
f 516/3/1 501/3/1 515/3/1
f 518/5/1 412/5/1 503/5/1
f 519/5/1 412/5/1 518/5/1
f 520/5/1 412/5/1 519/5/1
f 521/4/1 436/4/1 412/4/1
f 521/5/1 412/5/1 520/5/1
f 522/5/1 506/5/1 495/5/1
f 523/5/1 506/5/1 522/5/1
f 525/3/1 509/3/1 508/3/1
f 525/3/1 511/3/1 510/3/1
f 525/3/1 510/3/1 509/3/1
f 526/5/1 479/5/1 478/5/1
f 526/5/1 468/5/1 479/5/1
f 527/4/1 514/4/1 468/4/1
f 527/5/1 468/5/1 526/5/1
f 528/3/1 517/3/1 516/3/1
f 528/3/1 515/3/1 514/3/1
f 528/3/1 516/3/1 515/3/1
f 530/5/1 520/5/1 519/5/1
f 531/5/1 520/5/1 530/5/1
f 532/4/1 495/4/1 505/4/1
f 532/3/1 505/3/1 504/3/1
f 533/4/1 495/4/1 532/4/1
f 534/5/1 522/5/1 495/5/1
f 535/5/1 522/5/1 534/5/1
f 537/3/1 525/3/1 524/3/1
f 538/3/1 529/3/1 528/3/1
f 540/5/1 520/5/1 531/5/1
f 541/5/1 520/5/1 540/5/1
f 542/4/1 436/4/1 521/4/1
f 542/4/1 521/4/1 520/4/1
f 543/3/1 437/3/1 436/3/1
f 543/4/1 436/4/1 542/4/1
f 544/4/1 495/4/1 533/4/1
f 544/5/1 534/5/1 495/5/1
f 545/5/1 534/5/1 544/5/1
f 547/4/1 537/4/1 536/4/1
f 548/5/1 526/5/1 478/5/1
f 549/4/1 527/4/1 526/4/1
f 549/5/1 526/5/1 548/5/1
f 550/4/1 514/4/1 527/4/1
f 550/4/1 527/4/1 549/4/1
f 551/3/1 528/3/1 514/3/1
f 551/4/1 514/4/1 550/4/1
f 551/3/1 538/3/1 528/3/1
f 552/4/1 539/4/1 538/4/1
f 554/5/1 520/5/1 541/5/1
f 555/4/1 542/4/1 520/4/1
f 555/5/1 520/5/1 554/5/1
f 556/3/1 533/3/1 532/3/1
f 556/4/1 544/4/1 533/4/1
f 557/4/1 544/4/1 556/4/1
f 559/4/1 547/4/1 546/4/1
f 560/4/1 512/4/1 511/4/1
f 560/4/1 513/4/1 512/4/1
f 560/3/1 511/3/1 525/3/1
f 560/3/1 525/3/1 537/3/1
f 561/4/1 513/4/1 560/4/1
f 562/5/1 477/5/1 513/5/1
f 562/4/1 513/4/1 561/4/1
f 563/5/1 477/5/1 562/5/1
f 564/4/1 553/4/1 552/4/1
f 566/4/1 542/4/1 555/4/1
f 567/3/1 543/3/1 542/3/1
f 567/4/1 542/4/1 566/4/1
f 568/3/1 532/3/1 504/3/1
f 568/3/1 556/3/1 532/3/1
f 569/3/1 556/3/1 568/3/1
f 571/5/1 559/5/1 558/5/1
f 572/4/1 547/4/1 559/4/1
f 572/5/1 559/5/1 571/5/1
f 573/5/1 565/5/1 564/5/1
f 573/4/1 564/4/1 552/4/1
f 574/5/1 565/5/1 573/5/1
f 576/3/1 543/3/1 567/3/1
f 577/3/1 437/3/1 543/3/1
f 577/3/1 543/3/1 576/3/1
f 578/3/1 504/3/1 317/3/1
f 578/3/1 568/3/1 504/3/1
f 579/3/1 568/3/1 578/3/1
f 581/4/1 571/4/1 570/4/1
f 581/4/1 572/4/1 571/4/1
f 582/4/1 547/4/1 572/4/1
f 582/4/1 537/4/1 547/4/1
f 582/4/1 572/4/1 581/4/1
f 583/3/1 561/3/1 560/3/1
f 583/4/1 537/4/1 582/4/1
f 583/3/1 560/3/1 537/3/1
f 584/4/1 575/4/1 574/4/1
f 584/3/1 538/3/1 551/3/1
f 584/4/1 574/4/1 573/4/1
f 584/4/1 573/4/1 552/4/1
f 584/4/1 552/4/1 538/4/1
f 584/3/1 551/3/1 550/3/1
f 585/4/1 575/4/1 584/4/1
f 586/4/1 575/4/1 585/4/1
f 588/3/1 437/3/1 577/3/1
f 589/3/1 333/3/1 437/3/1
f 589/3/1 437/3/1 588/3/1
f 590/3/1 578/3/1 317/3/1
f 591/3/1 578/3/1 590/3/1
f 593/4/1 581/4/1 580/4/1
f 593/4/1 582/4/1 581/4/1
f 594/3/1 561/3/1 583/3/1
f 594/4/1 563/4/1 562/4/1
f 594/3/1 583/3/1 582/3/1
f 594/4/1 562/4/1 561/4/1
f 595/4/1 563/4/1 594/4/1
f 596/4/1 549/4/1 548/4/1
f 596/4/1 550/4/1 549/4/1
f 597/3/1 585/3/1 584/3/1
f 597/4/1 550/4/1 596/4/1
f 597/3/1 584/3/1 550/3/1
f 598/4/1 587/4/1 586/4/1
f 598/4/1 586/4/1 585/4/1
f 600/3/1 333/3/1 589/3/1
f 601/3/1 333/3/1 600/3/1
f 603/3/1 593/3/1 592/3/1
f 604/4/1 582/4/1 593/4/1
f 604/3/1 593/3/1 603/3/1
f 605/3/1 595/3/1 594/3/1
f 605/4/1 582/4/1 604/4/1
f 605/3/1 594/3/1 582/3/1
f 606/3/1 585/3/1 597/3/1
f 606/3/1 597/3/1 596/3/1
f 606/4/1 598/4/1 585/4/1
f 607/3/1 599/3/1 598/3/1
f 607/4/1 598/4/1 606/4/1
f 608/3/1 599/3/1 607/3/1
f 610/3/1 603/3/1 602/3/1
f 610/3/1 604/3/1 603/3/1
f 610/3/1 605/3/1 604/3/1
f 611/3/1 595/3/1 605/3/1
f 611/3/1 605/3/1 610/3/1
f 612/3/1 609/3/1 608/3/1
f 612/3/1 608/3/1 607/3/1
f 612/3/1 606/3/1 596/3/1
f 612/3/1 607/3/1 606/3/1
f 613/3/1 609/3/1 612/3/1
f 618/6/1 615/6/1 614/6/1
f 619/6/1 615/6/1 618/6/1
f 620/6/1 617/6/1 616/6/1
f 621/6/1 617/6/1 620/6/1
f 626/5/1 623/5/1 622/5/1
f 627/5/1 623/5/1 626/5/1
f 628/5/1 625/5/1 624/5/1
f 629/5/1 625/5/1 628/5/1
f 634/6/1 631/6/1 630/6/1
f 635/6/1 631/6/1 634/6/1
f 636/6/1 633/6/1 632/6/1
f 637/6/1 633/6/1 636/6/1
f 642/5/1 639/5/1 638/5/1
f 643/5/1 639/5/1 642/5/1
f 644/5/1 641/5/1 640/5/1
f 645/5/1 641/5/1 644/5/1
f 650/6/1 647/6/1 646/6/1
f 651/6/1 647/6/1 650/6/1
f 652/6/1 649/6/1 648/6/1
f 653/6/1 649/6/1 652/6/1
f 658/5/1 655/5/1 654/5/1
f 659/5/1 655/5/1 658/5/1
f 660/5/1 657/5/1 656/5/1
f 661/5/1 657/5/1 660/5/1
f 666/6/1 663/6/1 662/6/1
f 667/6/1 663/6/1 666/6/1
f 668/6/1 665/6/1 664/6/1
f 669/6/1 665/6/1 668/6/1
f 674/5/1 671/5/1 670/5/1
f 675/5/1 671/5/1 674/5/1
f 676/5/1 673/5/1 672/5/1
f 677/5/1 673/5/1 676/5/1
f 682/6/1 679/6/1 678/6/1
f 683/6/1 679/6/1 682/6/1
f 684/6/1 681/6/1 680/6/1
f 685/6/1 681/6/1 684/6/1
f 690/5/1 687/5/1 686/5/1
f 691/5/1 687/5/1 690/5/1
f 692/5/1 689/5/1 688/5/1
f 693/5/1 689/5/1 692/5/1
f 698/6/1 695/6/1 694/6/1
f 699/6/1 695/6/1 698/6/1
f 700/6/1 697/6/1 696/6/1
f 701/6/1 697/6/1 700/6/1
f 706/5/1 703/5/1 702/5/1
f 707/5/1 703/5/1 706/5/1
f 708/5/1 705/5/1 704/5/1
f 709/5/1 705/5/1 708/5/1
f 714/6/1 711/6/1 710/6/1
f 715/6/1 711/6/1 714/6/1
f 716/6/1 713/6/1 712/6/1
f 717/6/1 713/6/1 716/6/1
f 722/5/1 719/5/1 718/5/1
f 723/5/1 719/5/1 722/5/1
f 724/5/1 721/5/1 720/5/1
f 725/5/1 721/5/1 724/5/1
f 730/6/1 727/6/1 726/6/1
f 731/6/1 727/6/1 730/6/1
f 732/6/1 729/6/1 728/6/1
f 733/6/1 729/6/1 732/6/1
f 738/5/1 735/5/1 734/5/1
f 739/5/1 735/5/1 738/5/1
f 740/5/1 737/5/1 736/5/1
f 741/5/1 737/5/1 740/5/1
f 746/6/1 743/6/1 742/6/1
f 747/6/1 743/6/1 746/6/1
f 748/6/1 745/6/1 744/6/1
f 749/6/1 745/6/1 748/6/1
f 754/5/1 751/5/1 750/5/1
f 755/5/1 751/5/1 754/5/1
f 756/5/1 753/5/1 752/5/1
f 757/5/1 753/5/1 756/5/1
f 762/6/1 759/6/1 758/6/1
f 763/6/1 759/6/1 762/6/1
f 764/6/1 761/6/1 760/6/1
f 765/6/1 761/6/1 764/6/1
f 770/5/1 767/5/1 766/5/1
f 771/5/1 767/5/1 770/5/1
f 772/5/1 769/5/1 768/5/1
f 773/5/1 769/5/1 772/5/1
f 778/6/1 775/6/1 774/6/1
f 779/6/1 775/6/1 778/6/1
f 780/6/1 777/6/1 776/6/1
f 781/6/1 777/6/1 780/6/1
f 786/5/1 783/5/1 782/5/1
f 787/5/1 783/5/1 786/5/1
f 788/5/1 785/5/1 784/5/1
f 789/5/1 785/5/1 788/5/1
f 794/6/1 791/6/1 790/6/1
f 795/6/1 791/6/1 794/6/1
f 796/6/1 793/6/1 792/6/1
f 797/6/1 793/6/1 796/6/1
f 798/5/1 795/5/1 794/5/1
f 799/5/1 795/5/1 798/5/1
f 800/5/1 797/5/1 796/5/1
f 801/5/1 797/5/1 800/5/1
f 806/5/1 803/5/1 802/5/1
f 807/5/1 803/5/1 806/5/1
f 808/6/1 805/6/1 804/6/1
f 809/6/1 805/6/1 808/6/1
f 814/6/1 811/6/1 810/6/1
f 815/6/1 811/6/1 814/6/1
f 816/6/1 813/6/1 812/6/1
f 817/6/1 813/6/1 816/6/1
f 822/6/1 819/6/1 818/6/1
f 823/6/1 821/6/1 820/6/1
f 824/6/1 822/6/1 818/6/1
f 825/6/1 821/6/1 823/6/1
f 826/6/1 824/6/1 818/6/1
f 827/6/1 824/6/1 826/6/1
f 828/6/1 821/6/1 825/6/1
f 829/6/1 821/6/1 828/6/1
f 834/6/1 831/6/1 830/6/1
f 835/6/1 833/6/1 832/6/1
f 836/6/1 834/6/1 830/6/1
f 837/6/1 833/6/1 835/6/1
f 838/6/1 836/6/1 830/6/1
f 839/6/1 836/6/1 838/6/1
f 840/6/1 833/6/1 837/6/1
f 841/6/1 833/6/1 840/6/1
f 846/5/1 843/5/1 842/5/1
f 847/5/1 843/5/1 846/5/1
f 848/5/1 845/5/1 844/5/1
f 849/5/1 845/5/1 848/5/1
f 854/6/1 851/6/1 850/6/1
f 855/6/1 851/6/1 854/6/1
f 856/6/1 853/6/1 852/6/1
f 857/6/1 853/6/1 856/6/1
f 862/5/1 859/5/1 858/5/1
f 863/5/1 859/5/1 862/5/1
f 864/5/1 861/5/1 860/5/1
f 865/5/1 861/5/1 864/5/1
f 870/6/1 867/6/1 866/6/1
f 871/6/1 867/6/1 870/6/1
f 872/6/1 869/6/1 868/6/1
f 873/6/1 869/6/1 872/6/1
f 878/5/1 875/5/1 874/5/1
f 879/5/1 875/5/1 878/5/1
f 880/5/1 877/5/1 876/5/1
f 881/5/1 877/5/1 880/5/1
f 886/6/1 883/6/1 882/6/1
f 887/6/1 883/6/1 886/6/1
f 888/6/1 885/6/1 884/6/1
f 889/6/1 885/6/1 888/6/1
f 894/5/1 891/5/1 890/5/1
f 895/5/1 891/5/1 894/5/1
f 896/5/1 893/5/1 892/5/1
f 897/5/1 893/5/1 896/5/1
f 902/6/1 899/6/1 898/6/1
f 903/6/1 899/6/1 902/6/1
f 904/6/1 901/6/1 900/6/1
f 905/6/1 901/6/1 904/6/1
f 910/5/1 907/5/1 906/5/1
f 911/5/1 907/5/1 910/5/1
f 912/5/1 909/5/1 908/5/1
f 913/5/1 909/5/1 912/5/1
f 918/6/1 915/6/1 914/6/1
f 919/6/1 915/6/1 918/6/1
f 920/6/1 917/6/1 916/6/1
f 921/6/1 917/6/1 920/6/1
f 926/5/1 923/5/1 922/5/1
f 927/5/1 923/5/1 926/5/1
f 928/5/1 925/5/1 924/5/1
f 929/5/1 925/5/1 928/5/1
f 934/6/1 931/6/1 930/6/1
f 935/6/1 931/6/1 934/6/1
f 936/6/1 933/6/1 932/6/1
f 937/6/1 933/6/1 936/6/1
f 942/5/1 939/5/1 938/5/1
f 943/5/1 939/5/1 942/5/1
f 944/5/1 941/5/1 940/5/1
f 945/5/1 941/5/1 944/5/1
f 950/6/1 947/6/1 946/6/1
f 951/6/1 947/6/1 950/6/1
f 952/6/1 949/6/1 948/6/1
f 953/6/1 949/6/1 952/6/1
f 958/5/1 955/5/1 954/5/1
f 959/5/1 955/5/1 958/5/1
f 960/5/1 957/5/1 956/5/1
f 961/5/1 957/5/1 960/5/1
f 966/6/1 963/6/1 962/6/1
f 967/6/1 963/6/1 966/6/1
f 968/6/1 965/6/1 964/6/1
f 969/6/1 965/6/1 968/6/1
f 974/5/1 971/5/1 970/5/1
f 975/5/1 971/5/1 974/5/1
f 976/5/1 973/5/1 972/5/1
f 977/5/1 973/5/1 976/5/1
f 982/6/1 979/6/1 978/6/1
f 983/6/1 979/6/1 982/6/1
f 984/6/1 981/6/1 980/6/1
f 985/6/1 981/6/1 984/6/1
f 990/5/1 987/5/1 986/5/1
f 991/5/1 987/5/1 990/5/1
f 992/5/1 989/5/1 988/5/1
f 993/5/1 989/5/1 992/5/1
f 998/6/1 995/6/1 994/6/1
f 999/6/1 995/6/1 998/6/1
f 1000/6/1 997/6/1 996/6/1
f 1001/6/1 997/6/1 1000/6/1
f 1006/5/1 1003/5/1 1002/5/1
f 1007/5/1 1003/5/1 1006/5/1
f 1008/5/1 1005/5/1 1004/5/1
f 1009/5/1 1005/5/1 1008/5/1
f 1014/6/1 1011/6/1 1010/6/1
f 1015/6/1 1011/6/1 1014/6/1
f 1016/6/1 1013/6/1 1012/6/1
f 1017/6/1 1013/6/1 1016/6/1
f 1022/5/1 1019/5/1 1018/5/1
f 1023/5/1 1019/5/1 1022/5/1
f 1024/5/1 1021/5/1 1020/5/1
f 1025/5/1 1021/5/1 1024/5/1
f 1030/6/1 1027/6/1 1026/6/1
f 1031/6/1 1027/6/1 1030/6/1
f 1032/6/1 1029/6/1 1028/6/1
f 1033/6/1 1029/6/1 1032/6/1
f 1040/5/1 1035/5/1 1034/5/1
f 1041/5/1 1035/5/1 1040/5/1
f 1042/5/1 1039/5/1 1038/5/1
f 1043/5/1 1039/5/1 1042/5/1
f 1048/6/1 1045/6/1 1044/6/1
f 1049/6/1 1045/6/1 1048/6/1
f 1050/6/1 1047/6/1 1046/6/1
f 1051/6/1 1047/6/1 1050/6/1
f 1053/3/1 1037/3/1 1036/3/1
f 1054/3/1 1037/3/1 1053/3/1
f 1056/5/1 1053/5/1 1052/5/1
f 1057/5/1 1053/5/1 1056/5/1
f 1058/5/1 1055/5/1 1054/5/1
f 1059/5/1 1055/5/1 1058/5/1
f 1062/5/1 1061/5/1 1060/5/1
f 1063/5/1 1061/5/1 1062/5/1
f 1068/5/1 1065/5/1 1064/5/1
f 1069/5/1 1065/5/1 1068/5/1
f 1070/5/1 1067/5/1 1066/5/1
f 1071/5/1 1067/5/1 1070/5/1
f 1072/5/2 1073/5/2 1076/5/2
f 1076/5/2 1073/5/2 1077/5/2
f 1074/5/2 1075/5/2 1078/5/2
f 1078/5/2 1075/5/2 1079/5/2
f 1080/5/2 1081/5/2 1082/5/2
f 1082/5/2 1081/5/2 1083/5/2
f 1084/5/2 1085/5/2 1090/5/2
f 1090/5/2 1085/5/2 1091/5/2
f 1088/5/2 1089/5/2 1092/5/2
f 1092/5/2 1089/5/2 1093/5/2
f 1094/6/2 1095/6/2 1098/6/2
f 1098/6/2 1095/6/2 1099/6/2
f 1096/6/2 1097/6/2 1100/6/2
f 1100/6/2 1097/6/2 1101/6/2
f 1086/3/2 1087/3/2 1103/3/2
f 1103/3/2 1087/3/2 1104/3/2
f 1102/5/2 1103/5/2 1106/5/2
f 1106/5/2 1103/5/2 1107/5/2
f 1104/5/2 1105/5/2 1108/5/2
f 1108/5/2 1105/5/2 1109/5/2
f 1110/5/2 1111/5/2 1114/5/2
f 1114/5/2 1111/5/2 1115/5/2
f 1112/5/2 1113/5/2 1116/5/2
f 1116/5/2 1113/5/2 1117/5/2
f 1118/6/2 1119/6/2 1122/6/2
f 1122/6/2 1119/6/2 1123/6/2
f 1120/6/2 1121/6/2 1124/6/2
f 1124/6/2 1121/6/2 1125/6/2
f 1126/5/2 1127/5/2 1130/5/2
f 1130/5/2 1127/5/2 1131/5/2
f 1128/5/2 1129/5/2 1132/5/2
f 1132/5/2 1129/5/2 1133/5/2
f 1134/6/2 1135/6/2 1138/6/2
f 1138/6/2 1135/6/2 1139/6/2
f 1136/6/2 1137/6/2 1140/6/2
f 1140/6/2 1137/6/2 1141/6/2
f 1142/5/2 1143/5/2 1146/5/2
f 1146/5/2 1143/5/2 1147/5/2
f 1144/5/2 1145/5/2 1148/5/2
f 1148/5/2 1145/5/2 1149/5/2
f 1150/6/2 1151/6/2 1154/6/2
f 1154/6/2 1151/6/2 1155/6/2
f 1152/6/2 1153/6/2 1156/6/2
f 1156/6/2 1153/6/2 1157/6/2
f 1158/5/2 1159/5/2 1162/5/2
f 1162/5/2 1159/5/2 1163/5/2
f 1160/5/2 1161/5/2 1164/5/2
f 1164/5/2 1161/5/2 1165/5/2
f 1166/6/2 1167/6/2 1170/6/2
f 1170/6/2 1167/6/2 1171/6/2
f 1168/6/2 1169/6/2 1172/6/2
f 1172/6/2 1169/6/2 1173/6/2
f 1174/5/2 1175/5/2 1178/5/2
f 1178/5/2 1175/5/2 1179/5/2
f 1176/5/2 1177/5/2 1180/5/2
f 1180/5/2 1177/5/2 1181/5/2
f 1182/6/2 1183/6/2 1186/6/2
f 1186/6/2 1183/6/2 1187/6/2
f 1184/6/2 1185/6/2 1188/6/2
f 1188/6/2 1185/6/2 1189/6/2
f 1190/5/2 1191/5/2 1194/5/2
f 1194/5/2 1191/5/2 1195/5/2
f 1192/5/2 1193/5/2 1196/5/2
f 1196/5/2 1193/5/2 1197/5/2
f 1198/6/2 1199/6/2 1202/6/2
f 1202/6/2 1199/6/2 1203/6/2
f 1200/6/2 1201/6/2 1204/6/2
f 1204/6/2 1201/6/2 1205/6/2
f 1206/5/2 1207/5/2 1210/5/2
f 1210/5/2 1207/5/2 1211/5/2
f 1208/5/2 1209/5/2 1212/5/2
f 1212/5/2 1209/5/2 1213/5/2
f 1214/6/2 1215/6/2 1218/6/2
f 1218/6/2 1215/6/2 1219/6/2
f 1216/6/2 1217/6/2 1220/6/2
f 1220/6/2 1217/6/2 1221/6/2
f 1222/5/2 1223/5/2 1226/5/2
f 1226/5/2 1223/5/2 1227/5/2
f 1224/5/2 1225/5/2 1228/5/2
f 1228/5/2 1225/5/2 1229/5/2
f 1230/6/2 1231/6/2 1234/6/2
f 1234/6/2 1231/6/2 1235/6/2
f 1232/6/2 1233/6/2 1236/6/2
f 1236/6/2 1233/6/2 1237/6/2
f 1238/5/2 1239/5/2 1242/5/2
f 1242/5/2 1239/5/2 1243/5/2
f 1240/5/2 1241/5/2 1244/5/2
f 1244/5/2 1241/5/2 1245/5/2
f 1246/6/2 1247/6/2 1250/6/2
f 1250/6/2 1247/6/2 1251/6/2
f 1248/6/2 1249/6/2 1252/6/2
f 1252/6/2 1249/6/2 1253/6/2
f 1254/5/2 1255/5/2 1258/5/2
f 1258/5/2 1255/5/2 1259/5/2
f 1256/5/2 1257/5/2 1260/5/2
f 1260/5/2 1257/5/2 1261/5/2
f 1262/6/2 1263/6/2 1266/6/2
f 1266/6/2 1263/6/2 1267/6/2
f 1264/6/2 1265/6/2 1268/6/2
f 1268/6/2 1265/6/2 1269/6/2
f 1270/5/2 1271/5/2 1274/5/2
f 1274/5/2 1271/5/2 1275/5/2
f 1272/5/2 1273/5/2 1276/5/2
f 1276/5/2 1273/5/2 1277/5/2
f 1278/6/2 1279/6/2 1282/6/2
f 1282/6/2 1279/6/2 1283/6/2
f 1280/6/2 1281/6/2 1284/6/2
f 1284/6/2 1281/6/2 1285/6/2
f 1286/5/2 1287/5/2 1290/5/2
f 1290/5/2 1287/5/2 1291/5/2
f 1288/5/2 1289/5/2 1292/5/2
f 1292/5/2 1289/5/2 1293/5/2
f 1294/6/2 1295/6/2 1298/6/2
f 1298/6/2 1295/6/2 1299/6/2
f 1296/6/2 1297/6/2 1300/6/2
f 1300/6/2 1297/6/2 1301/6/2
f 1302/6/2 1303/6/2 1306/6/2
f 1304/6/2 1305/6/2 1307/6/2
f 1302/6/2 1306/6/2 1308/6/2
f 1307/6/2 1305/6/2 1309/6/2
f 1302/6/2 1308/6/2 1310/6/2
f 1310/6/2 1308/6/2 1311/6/2
f 1309/6/2 1305/6/2 1312/6/2
f 1312/6/2 1305/6/2 1313/6/2
f 1314/6/2 1315/6/2 1318/6/2
f 1316/6/2 1317/6/2 1319/6/2
f 1314/6/2 1318/6/2 1320/6/2
f 1319/6/2 1317/6/2 1321/6/2
f 1314/6/2 1320/6/2 1322/6/2
f 1322/6/2 1320/6/2 1323/6/2
f 1321/6/2 1317/6/2 1324/6/2
f 1324/6/2 1317/6/2 1325/6/2
f 1326/5/2 1327/5/2 1330/5/2
f 1330/5/2 1327/5/2 1331/5/2
f 1328/6/2 1329/6/2 1332/6/2
f 1332/6/2 1329/6/2 1333/6/2
f 1334/6/2 1335/6/2 1338/6/2
f 1338/6/2 1335/6/2 1339/6/2
f 1336/6/2 1337/6/2 1340/6/2
f 1340/6/2 1337/6/2 1341/6/2
f 1342/6/2 1343/6/2 1346/6/2
f 1346/6/2 1343/6/2 1347/6/2
f 1344/6/2 1345/6/2 1348/6/2
f 1348/6/2 1345/6/2 1349/6/2
f 1346/5/2 1347/5/2 1350/5/2
f 1350/5/2 1347/5/2 1351/5/2
f 1348/5/2 1349/5/2 1352/5/2
f 1352/5/2 1349/5/2 1353/5/2
f 1354/6/2 1355/6/2 1358/6/2
f 1358/6/2 1355/6/2 1359/6/2
f 1356/6/2 1357/6/2 1360/6/2
f 1360/6/2 1357/6/2 1361/6/2
f 1362/5/2 1363/5/2 1366/5/2
f 1366/5/2 1363/5/2 1367/5/2
f 1364/5/2 1365/5/2 1368/5/2
f 1368/5/2 1365/5/2 1369/5/2
f 1370/6/2 1371/6/2 1374/6/2
f 1374/6/2 1371/6/2 1375/6/2
f 1372/6/2 1373/6/2 1376/6/2
f 1376/6/2 1373/6/2 1377/6/2
f 1378/5/2 1379/5/2 1382/5/2
f 1382/5/2 1379/5/2 1383/5/2
f 1380/5/2 1381/5/2 1384/5/2
f 1384/5/2 1381/5/2 1385/5/2
f 1386/6/2 1387/6/2 1390/6/2
f 1390/6/2 1387/6/2 1391/6/2
f 1388/6/2 1389/6/2 1392/6/2
f 1392/6/2 1389/6/2 1393/6/2
f 1394/5/2 1395/5/2 1398/5/2
f 1398/5/2 1395/5/2 1399/5/2
f 1396/5/2 1397/5/2 1400/5/2
f 1400/5/2 1397/5/2 1401/5/2
f 1402/6/2 1403/6/2 1406/6/2
f 1406/6/2 1403/6/2 1407/6/2
f 1404/6/2 1405/6/2 1408/6/2
f 1408/6/2 1405/6/2 1409/6/2
f 1410/5/2 1411/5/2 1414/5/2
f 1414/5/2 1411/5/2 1415/5/2
f 1412/5/2 1413/5/2 1416/5/2
f 1416/5/2 1413/5/2 1417/5/2
f 1418/6/2 1419/6/2 1422/6/2
f 1422/6/2 1419/6/2 1423/6/2
f 1420/6/2 1421/6/2 1424/6/2
f 1424/6/2 1421/6/2 1425/6/2
f 1426/5/2 1427/5/2 1430/5/2
f 1430/5/2 1427/5/2 1431/5/2
f 1428/5/2 1429/5/2 1432/5/2
f 1432/5/2 1429/5/2 1433/5/2
f 1434/6/2 1435/6/2 1438/6/2
f 1438/6/2 1435/6/2 1439/6/2
f 1436/6/2 1437/6/2 1440/6/2
f 1440/6/2 1437/6/2 1441/6/2
f 1442/5/2 1443/5/2 1446/5/2
f 1446/5/2 1443/5/2 1447/5/2
f 1444/5/2 1445/5/2 1448/5/2
f 1448/5/2 1445/5/2 1449/5/2
f 1450/6/2 1451/6/2 1454/6/2
f 1454/6/2 1451/6/2 1455/6/2
f 1452/6/2 1453/6/2 1456/6/2
f 1456/6/2 1453/6/2 1457/6/2
f 1458/5/2 1459/5/2 1462/5/2
f 1462/5/2 1459/5/2 1463/5/2
f 1460/5/2 1461/5/2 1464/5/2
f 1464/5/2 1461/5/2 1465/5/2
f 1466/6/2 1467/6/2 1470/6/2
f 1470/6/2 1467/6/2 1471/6/2
f 1468/6/2 1469/6/2 1472/6/2
f 1472/6/2 1469/6/2 1473/6/2
f 1474/5/2 1475/5/2 1478/5/2
f 1478/5/2 1475/5/2 1479/5/2
f 1476/5/2 1477/5/2 1480/5/2
f 1480/5/2 1477/5/2 1481/5/2
f 1482/6/2 1483/6/2 1486/6/2
f 1486/6/2 1483/6/2 1487/6/2
f 1484/6/2 1485/6/2 1488/6/2
f 1488/6/2 1485/6/2 1489/6/2
f 1490/5/2 1491/5/2 1494/5/2
f 1494/5/2 1491/5/2 1495/5/2
f 1492/5/2 1493/5/2 1496/5/2
f 1496/5/2 1493/5/2 1497/5/2
f 1498/6/2 1499/6/2 1502/6/2
f 1502/6/2 1499/6/2 1503/6/2
f 1500/6/2 1501/6/2 1504/6/2
f 1504/6/2 1501/6/2 1505/6/2
f 1506/5/2 1507/5/2 1510/5/2
f 1510/5/2 1507/5/2 1511/5/2
f 1508/5/2 1509/5/2 1512/5/2
f 1512/5/2 1509/5/2 1513/5/2
f 1514/6/2 1515/6/2 1518/6/2
f 1518/6/2 1515/6/2 1519/6/2
f 1516/6/2 1517/6/2 1520/6/2
f 1520/6/2 1517/6/2 1521/6/2
f 1522/5/2 1523/5/2 1526/5/2
f 1526/5/2 1523/5/2 1527/5/2
f 1524/5/2 1525/5/2 1528/5/2
f 1528/5/2 1525/5/2 1529/5/2
f 1530/3/2 1531/3/2 1534/3/2
f 1534/3/2 1531/3/2 1535/3/2
f 1535/3/2 1531/3/2 1536/3/2
f 1536/3/2 1531/3/2 1537/3/2
f 1537/3/2 1531/3/2 1538/3/2
f 1538/3/2 1531/3/2 1539/3/2
f 1532/3/2 1533/3/2 1540/3/2
f 1540/3/2 1533/3/2 1541/3/2
f 1541/3/2 1533/3/2 1542/3/2
f 1542/3/2 1533/3/2 1543/3/2
f 1543/3/2 1533/3/2 1544/3/2
f 1544/3/2 1533/3/2 1545/3/2
f 1535/3/2 1536/3/2 1548/3/2
f 1548/3/2 1536/3/2 1549/3/2
f 1536/4/2 1537/4/2 1550/4/2
f 1549/3/2 1536/3/2 1550/3/2
f 1537/3/2 1538/3/2 1551/3/2
f 1550/4/2 1537/4/2 1551/4/2
f 1551/3/2 1538/3/2 1552/3/2
f 1552/3/2 1538/3/2 1553/3/2
f 1538/4/2 1539/4/2 1554/4/2
f 1553/3/2 1538/3/2 1554/3/2
f 1540/4/2 1541/4/2 1555/4/2
f 1541/3/2 1542/3/2 1555/3/2
f 1555/3/2 1542/3/2 1556/3/2
f 1556/3/2 1542/3/2 1557/3/2
f 1542/4/2 1543/4/2 1558/4/2
f 1557/3/2 1542/3/2 1558/3/2
f 1543/3/2 1544/3/2 1559/3/2
f 1558/4/2 1543/4/2 1559/4/2
f 1559/3/2 1544/3/2 1560/3/2
f 1546/3/2 1547/3/2 1563/3/2
f 1549/4/2 1550/4/2 1565/4/2
f 1550/4/2 1551/4/2 1565/4/2
f 1551/4/2 1552/4/2 1565/4/2
f 1565/4/2 1552/4/2 1566/4/2
f 1558/4/2 1559/4/2 1567/4/2
f 1557/4/2 1558/4/2 1567/4/2
f 1567/4/2 1559/4/2 1568/4/2
f 1561/3/2 1562/3/2 1570/3/2
f 1563/3/2 1564/3/2 1571/3/2
f 1566/4/2 1552/4/2 1573/4/2
f 1573/4/2 1552/4/2 1574/4/2
f 1574/4/2 1552/4/2 1575/4/2
f 1552/3/2 1553/3/2 1576/3/2
f 1575/4/2 1552/4/2 1576/4/2
f 1576/3/2 1553/3/2 1577/3/2
f 1555/4/2 1556/4/2 1578/4/2
f 1556/3/2 1557/3/2 1578/3/2
f 1578/3/2 1557/3/2 1579/3/2
f 1557/4/2 1567/4/2 1580/4/2
f 1580/4/2 1567/4/2 1581/4/2
f 1581/4/2 1567/4/2 1582/4/2
f 1569/3/2 1570/3/2 1584/3/2
f 1571/3/2 1572/3/2 1585/3/2
f 1574/5/2 1575/5/2 1587/5/2
f 1576/4/2 1577/4/2 1588/4/2
f 1587/5/2 1575/5/2 1588/5/2
f 1575/4/2 1576/4/2 1588/4/2
f 1557/4/2 1580/4/2 1589/4/2
f 1580/5/2 1581/5/2 1590/5/2
f 1589/4/2 1580/4/2 1590/4/2
f 1590/5/2 1581/5/2 1591/5/2
f 1583/4/2 1584/4/2 1593/4/2
f 1585/4/2 1586/4/2 1594/4/2
f 1588/4/2 1577/4/2 1596/4/2
f 1596/4/2 1577/4/2 1597/4/2
f 1577/3/2 1553/3/2 1598/3/2
f 1553/4/2 1554/4/2 1599/4/2
f 1598/3/2 1553/3/2 1599/3/2
f 1554/4/2 1539/4/2 1600/4/2
f 1599/4/2 1554/4/2 1600/4/2
f 1600/4/2 1539/4/2 1601/4/2
f 1540/4/2 1555/4/2 1602/4/2
f 1555/4/2 1578/4/2 1602/4/2
f 1578/4/2 1579/4/2 1602/4/2
f 1602/4/2 1579/4/2 1603/4/2
f 1579/3/2 1557/3/2 1604/3/2
f 1557/4/2 1589/4/2 1605/4/2
f 1604/3/2 1557/3/2 1605/3/2
f 1589/5/2 1590/5/2 1606/5/2
f 1605/4/2 1589/4/2 1606/4/2
f 1606/5/2 1590/5/2 1607/5/2
f 1592/4/2 1593/4/2 1609/4/2
f 1594/5/2 1595/5/2 1610/5/2
f 1597/4/2 1577/4/2 1612/4/2
f 1577/3/2 1598/3/2 1613/3/2
f 1612/4/2 1577/4/2 1613/4/2
f 1604/4/2 1605/4/2 1614/4/2
f 1605/4/2 1606/4/2 1614/4/2
f 1614/4/2 1606/4/2 1615/4/2
f 1608/5/2 1609/5/2 1617/5/2
f 1593/4/2 1584/4/2 1618/4/2
f 1584/3/2 1570/3/2 1618/3/2
f 1609/4/2 1593/4/2 1618/4/2
f 1570/3/2 1562/3/2 1619/3/2
f 1618/3/2 1570/3/2 1619/3/2
f 1563/3/2 1571/3/2 1620/3/2
f 1571/3/2 1585/3/2 1620/3/2
f 1585/4/2 1594/4/2 1621/4/2
f 1620/3/2 1585/3/2 1621/3/2
f 1610/5/2 1611/5/2 1622/5/2
f 1613/3/2 1598/3/2 1624/3/2
f 1624/3/2 1598/3/2 1625/3/2
f 1604/4/2 1614/4/2 1626/4/2
f 1579/3/2 1604/3/2 1626/3/2
f 1626/4/2 1614/4/2 1627/4/2
f 1616/5/2 1617/5/2 1629/5/2
f 1622/5/2 1623/5/2 1630/5/2
f 1625/3/2 1598/3/2 1632/3/2
f 1632/3/2 1598/3/2 1633/3/2
f 1603/4/2 1579/4/2 1634/4/2
f 1579/3/2 1626/3/2 1634/3/2
f 1634/3/2 1626/3/2 1635/3/2
f 1635/3/2 1626/3/2 1636/3/2
f 1636/3/2 1626/3/2 1637/3/2
f 1628/5/2 1629/5/2 1639/5/2
f 1617/5/2 1609/5/2 1640/5/2
f 1609/4/2 1618/4/2 1640/4/2
f 1639/5/2 1629/5/2 1640/5/2
f 1618/4/2 1619/4/2 1640/4/2
f 1629/5/2 1617/5/2 1640/5/2
f 1640/4/2 1619/4/2 1641/4/2
f 1621/4/2 1594/4/2 1642/4/2
f 1620/4/2 1621/4/2 1642/4/2
f 1630/5/2 1631/5/2 1643/5/2
f 1642/4/2 1594/4/2 1643/4/2
f 1594/5/2 1610/5/2 1643/5/2
f 1610/5/2 1622/5/2 1643/5/2
f 1622/5/2 1630/5/2 1643/5/2
f 1643/5/2 1631/5/2 1644/5/2
f 1633/3/2 1598/3/2 1646/3/2
f 1646/3/2 1598/3/2 1647/3/2
f 1598/4/2 1599/4/2 1648/4/2
f 1599/4/2 1600/4/2 1648/4/2
f 1600/5/2 1601/5/2 1649/5/2
f 1648/4/2 1600/4/2 1649/4/2
f 1634/4/2 1635/4/2 1650/4/2
f 1602/5/2 1603/5/2 1650/5/2
f 1603/4/2 1634/4/2 1650/4/2
f 1650/4/2 1635/4/2 1651/4/2
f 1635/3/2 1636/3/2 1652/3/2
f 1652/3/2 1636/3/2 1653/3/2
f 1638/5/2 1639/5/2 1655/5/2
f 1640/5/2 1641/5/2 1655/5/2
f 1639/5/2 1640/5/2 1655/5/2
f 1644/4/2 1645/4/2 1656/4/2
f 1647/3/2 1598/3/2 1658/3/2
f 1658/3/2 1598/3/2 1659/3/2
f 1598/4/2 1648/4/2 1660/4/2
f 1659/3/2 1598/3/2 1660/3/2
f 1635/3/2 1652/3/2 1661/3/2
f 1651/4/2 1635/4/2 1661/4/2
f 1661/3/2 1652/3/2 1662/3/2
f 1654/5/2 1655/5/2 1664/5/2
f 1641/4/2 1619/4/2 1665/4/2
f 1619/3/2 1562/3/2 1666/3/2
f 1665/4/2 1619/4/2 1666/4/2
f 1656/4/2 1657/4/2 1667/4/2
f 1659/4/2 1660/4/2 1669/4/2
f 1660/4/2 1648/4/2 1670/4/2
f 1669/4/2 1660/4/2 1670/4/2
f 1649/5/2 1601/5/2 1671/5/2
f 1648/5/2 1649/5/2 1671/5/2
f 1671/5/2 1601/5/2 1672/5/2
f 1650/5/2 1651/5/2 1673/5/2
f 1602/5/2 1650/5/2 1673/5/2
f 1673/5/2 1651/5/2 1674/5/2
f 1651/4/2 1661/4/2 1675/4/2
f 1675/4/2 1661/4/2 1676/4/2
f 1663/4/2 1664/4/2 1678/4/2
f 1546/3/2 1563/3/2 1679/3/2
f 1563/3/2 1620/3/2 1679/3/2
f 1620/4/2 1642/4/2 1680/4/2
f 1679/3/2 1620/3/2 1680/3/2
f 1667/3/2 1668/3/2 1681/3/2
f 1670/4/2 1648/4/2 1683/4/2
f 1648/5/2 1671/5/2 1684/5/2
f 1683/4/2 1648/4/2 1684/4/2
f 1684/5/2 1671/5/2 1685/5/2
f 1674/5/2 1651/5/2 1686/5/2
f 1651/4/2 1675/4/2 1687/4/2
f 1686/5/2 1651/5/2 1687/5/2
f 1687/4/2 1675/4/2 1688/4/2
f 1677/3/2 1678/3/2 1690/3/2
f 1681/3/2 1682/3/2 1691/3/2
f 1667/3/2 1681/3/2 1691/3/2
f 1691/3/2 1682/3/2 1692/3/2
f 1689/3/2 1690/3/2 1699/3/2
f 1690/3/2 1678/3/2 1700/3/2
f 1699/3/2 1690/3/2 1700/3/2
f 1656/4/2 1667/4/2 1701/4/2
f 1667/3/2 1691/3/2 1701/3/2
f 1701/3/2 1691/3/2 1702/3/2
f 1693/4/2 1694/4/2 1704/4/2
f 1694/5/2 1695/5/2 1705/5/2
f 1696/5/2 1697/5/2 1708/5/2
f 1697/4/2 1698/4/2 1709/4/2
f 1700/3/2 1678/3/2 1711/3/2
f 1678/4/2 1664/4/2 1712/4/2
f 1711/3/2 1678/3/2 1712/3/2
f 1664/5/2 1655/5/2 1713/5/2
f 1712/4/2 1664/4/2 1713/4/2
f 1655/5/2 1641/5/2 1714/5/2
f 1713/5/2 1655/5/2 1714/5/2
f 1546/3/2 1679/3/2 1715/3/2
f 1679/4/2 1680/4/2 1715/4/2
f 1680/4/2 1642/4/2 1716/4/2
f 1715/4/2 1680/4/2 1716/4/2
f 1644/4/2 1656/4/2 1717/4/2
f 1656/4/2 1701/4/2 1717/4/2
f 1717/4/2 1701/4/2 1718/4/2
f 1703/4/2 1704/4/2 1720/4/2
f 1709/4/2 1710/4/2 1721/4/2
f 1712/4/2 1713/4/2 1723/4/2
f 1713/4/2 1714/4/2 1723/4/2
f 1723/4/2 1714/4/2 1724/4/2
f 1642/5/2 1643/5/2 1725/5/2
f 1643/5/2 1644/5/2 1725/5/2
f 1716/4/2 1642/4/2 1725/4/2
f 1725/5/2 1644/5/2 1726/5/2
f 1644/4/2 1717/4/2 1727/4/2
f 1726/5/2 1644/5/2 1727/5/2
f 1727/4/2 1717/4/2 1728/4/2
f 1719/3/2 1720/3/2 1730/3/2
f 1721/3/2 1722/3/2 1731/3/2
f 1724/4/2 1714/4/2 1733/4/2
f 1714/5/2 1641/5/2 1734/5/2
f 1733/4/2 1714/4/2 1734/4/2
f 1726/5/2 1727/5/2 1735/5/2
f 1735/5/2 1727/5/2 1736/5/2
f 1729/3/2 1730/3/2 1738/3/2
f 1720/4/2 1704/4/2 1739/4/2
f 1730/3/2 1720/3/2 1739/3/2
f 1738/3/2 1730/3/2 1739/3/2
f 1704/4/2 1694/4/2 1740/4/2
f 1739/4/2 1704/4/2 1740/4/2
f 1705/5/2 1706/5/2 1741/5/2
f 1740/4/2 1694/4/2 1741/4/2
f 1694/5/2 1705/5/2 1741/5/2
f 1741/5/2 1706/5/2 1742/5/2
f 1709/4/2 1721/4/2 1743/4/2
f 1697/4/2 1709/4/2 1743/4/2
f 1731/3/2 1732/3/2 1744/3/2
f 1743/4/2 1721/4/2 1744/4/2
f 1721/3/2 1731/3/2 1744/3/2
f 1744/3/2 1732/3/2 1745/3/2
f 1734/5/2 1641/5/2 1747/5/2
f 1747/5/2 1641/5/2 1748/5/2
f 1748/5/2 1641/5/2 1749/5/2
f 1641/4/2 1665/4/2 1750/4/2
f 1749/5/2 1641/5/2 1750/5/2
f 1726/5/2 1735/5/2 1751/5/2
f 1751/5/2 1735/5/2 1752/5/2
f 1737/3/2 1738/3/2 1754/3/2
f 1739/3/2 1740/3/2 1754/3/2
f 1738/3/2 1739/3/2 1754/3/2
f 1707/5/2 1708/5/2 1755/5/2
f 1708/5/2 1697/5/2 1755/5/2
f 1697/4/2 1743/4/2 1756/4/2
f 1755/5/2 1697/5/2 1756/5/2
f 1745/3/2 1746/3/2 1757/3/2
f 1743/3/2 1744/3/2 1757/3/2
f 1744/3/2 1745/3/2 1757/3/2
f 1748/5/2 1749/5/2 1759/5/2
f 1759/5/2 1749/5/2 1760/5/2
f 1715/3/2 1716/3/2 1761/3/2
f 1725/4/2 1726/4/2 1761/4/2
f 1716/4/2 1725/4/2 1761/4/2
f 1761/4/2 1726/4/2 1762/4/2
f 1726/5/2 1751/5/2 1763/5/2
f 1763/5/2 1751/5/2 1764/5/2
f 1753/3/2 1754/3/2 1766/3/2
f 1757/3/2 1758/3/2 1767/3/2
f 1760/5/2 1749/5/2 1769/5/2
f 1769/5/2 1749/5/2 1770/5/2
f 1750/4/2 1665/4/2 1771/4/2
f 1749/4/2 1750/4/2 1771/4/2
f 1665/3/2 1666/3/2 1772/3/2
f 1771/4/2 1665/4/2 1772/4/2
f 1762/4/2 1726/4/2 1773/4/2
f 1726/5/2 1763/5/2 1773/5/2
f 1773/5/2 1763/5/2 1774/5/2
f 1765/4/2 1766/4/2 1776/4/2
f 1707/5/2 1755/5/2 1777/5/2
f 1755/4/2 1756/4/2 1778/4/2
f 1777/5/2 1755/5/2 1778/5/2
f 1756/4/2 1743/4/2 1779/4/2
f 1778/4/2 1756/4/2 1779/4/2
f 1743/3/2 1757/3/2 1780/3/2
f 1779/4/2 1743/4/2 1780/4/2
f 1757/3/2 1767/3/2 1780/3/2
f 1767/4/2 1768/4/2 1781/4/2
f 1770/5/2 1749/5/2 1783/5/2
f 1749/4/2 1771/4/2 1784/4/2
f 1783/5/2 1749/5/2 1784/5/2
f 1761/3/2 1762/3/2 1785/3/2
f 1762/4/2 1773/4/2 1785/4/2
f 1785/4/2 1773/4/2 1786/4/2
f 1775/4/2 1776/4/2 1788/4/2
f 1741/4/2 1742/4/2 1789/4/2
f 1754/3/2 1740/3/2 1789/3/2
f 1740/4/2 1741/4/2 1789/4/2
f 1766/3/2 1754/3/2 1789/3/2
f 1789/4/2 1742/4/2 1790/4/2
f 1742/5/2 1706/5/2 1791/5/2
f 1790/4/2 1742/4/2 1791/4/2
f 1791/5/2 1706/5/2 1792/5/2
f 1781/4/2 1782/4/2 1793/4/2
f 1784/4/2 1771/4/2 1795/4/2
f 1771/3/2 1772/3/2 1796/3/2
f 1795/4/2 1771/4/2 1796/4/2
f 1715/3/2 1761/3/2 1797/3/2
f 1761/3/2 1785/3/2 1797/3/2
f 1797/3/2 1785/3/2 1798/3/2
f 1787/5/2 1788/5/2 1800/5/2
f 1788/4/2 1776/4/2 1801/4/2
f 1800/5/2 1788/5/2 1801/5/2
f 1793/5/2 1794/5/2 1802/5/2
f 1781/4/2 1793/4/2 1802/4/2
f 1802/5/2 1794/5/2 1803/5/2
f 1796/3/2 1772/3/2 1805/3/2
f 1772/3/2 1666/3/2 1806/3/2
f 1805/3/2 1772/3/2 1806/3/2
f 1546/3/2 1715/3/2 1807/3/2
f 1715/3/2 1797/3/2 1807/3/2
f 1807/3/2 1797/3/2 1808/3/2
f 1799/4/2 1800/4/2 1810/4/2
f 1800/4/2 1801/4/2 1810/4/2
f 1801/4/2 1776/4/2 1811/4/2
f 1776/4/2 1766/4/2 1811/4/2
f 1810/4/2 1801/4/2 1811/4/2
f 1789/3/2 1790/3/2 1812/3/2
f 1811/4/2 1766/4/2 1812/4/2
f 1766/3/2 1789/3/2 1812/3/2
f 1803/4/2 1804/4/2 1813/4/2
f 1780/3/2 1767/3/2 1813/3/2
f 1802/4/2 1803/4/2 1813/4/2
f 1781/4/2 1802/4/2 1813/4/2
f 1767/4/2 1781/4/2 1813/4/2
f 1779/3/2 1780/3/2 1813/3/2
f 1813/4/2 1804/4/2 1814/4/2
f 1814/4/2 1804/4/2 1815/4/2
f 1806/3/2 1666/3/2 1817/3/2
f 1666/3/2 1562/3/2 1818/3/2
f 1817/3/2 1666/3/2 1818/3/2
f 1546/3/2 1807/3/2 1819/3/2
f 1819/3/2 1807/3/2 1820/3/2
f 1809/4/2 1810/4/2 1822/4/2
f 1810/4/2 1811/4/2 1822/4/2
f 1791/4/2 1792/4/2 1823/4/2
f 1812/3/2 1790/3/2 1823/3/2
f 1811/3/2 1812/3/2 1823/3/2
f 1790/4/2 1791/4/2 1823/4/2
f 1823/4/2 1792/4/2 1824/4/2
f 1777/4/2 1778/4/2 1825/4/2
f 1778/4/2 1779/4/2 1825/4/2
f 1813/3/2 1814/3/2 1826/3/2
f 1825/4/2 1779/4/2 1826/4/2
f 1779/3/2 1813/3/2 1826/3/2
f 1815/4/2 1816/4/2 1827/4/2
f 1814/4/2 1815/4/2 1827/4/2
f 1818/3/2 1562/3/2 1829/3/2
f 1829/3/2 1562/3/2 1830/3/2
f 1821/3/2 1822/3/2 1832/3/2
f 1822/4/2 1811/4/2 1833/4/2
f 1832/3/2 1822/3/2 1833/3/2
f 1823/3/2 1824/3/2 1834/3/2
f 1833/4/2 1811/4/2 1834/4/2
f 1811/3/2 1823/3/2 1834/3/2
f 1826/3/2 1814/3/2 1835/3/2
f 1825/3/2 1826/3/2 1835/3/2
f 1814/4/2 1827/4/2 1835/4/2
f 1827/3/2 1828/3/2 1836/3/2
f 1835/4/2 1827/4/2 1836/4/2
f 1836/3/2 1828/3/2 1837/3/2
f 1831/3/2 1832/3/2 1839/3/2
f 1832/3/2 1833/3/2 1839/3/2
f 1833/3/2 1834/3/2 1839/3/2
f 1834/3/2 1824/3/2 1840/3/2
f 1839/3/2 1834/3/2 1840/3/2
f 1837/3/2 1838/3/2 1841/3/2
f 1836/3/2 1837/3/2 1841/3/2
f 1825/3/2 1835/3/2 1841/3/2
f 1835/3/2 1836/3/2 1841/3/2
f 1841/3/2 1838/3/2 1842/3/2
f 1843/5/2 1844/5/2 1845/5/2
f 1845/5/2 1844/5/2 1846/5/2
f 1843/5/2 1845/5/2 1847/5/2
f 1845/6/2 1846/6/2 1848/6/2
f 1847/5/2 1845/5/2 1848/5/2
f 1848/6/2 1846/6/2 1849/6/2
f 1849/6/2 1846/6/2 1850/6/2
f 1850/6/2 1846/6/2 1851/6/2
f 1851/6/2 1846/6/2 1852/6/2
f 1852/6/2 1846/6/2 1853/6/2
f 1853/6/2 1846/6/2 1854/6/2
f 1846/5/2 1844/5/2 1855/5/2
f 1854/6/2 1846/6/2 1855/6/2
f 1855/5/2 1844/5/2 1856/5/2
f 1847/6/2 1848/6/2 1857/6/2
f 1848/6/2 1849/6/2 1857/6/2
f 1857/6/2 1849/6/2 1858/6/2
f 1849/5/2 1850/5/2 1859/5/2
f 1858/6/2 1849/6/2 1859/6/2
f 1859/5/2 1850/5/2 1860/5/2
f 1853/5/2 1854/5/2 1863/5/2
f 1855/6/2 1856/6/2 1864/6/2
f 1854/6/2 1855/6/2 1864/6/2
f 1863/5/2 1854/5/2 1864/5/2
f 1864/6/2 1856/6/2 1865/6/2
f 1865/6/2 1856/6/2 1866/6/2
f 1857/5/2 1858/5/2 1867/5/2
f 1858/6/2 1859/6/2 1867/6/2
f 1859/6/2 1860/6/2 1867/6/2
f 1867/6/2 1860/6/2 1868/6/2
f 1860/5/2 1861/5/2 1869/5/2
f 1868/6/2 1860/6/2 1869/6/2
f 1869/5/2 1861/5/2 1870/5/2
f 1862/5/2 1863/5/2 1873/5/2
f 1864/6/2 1865/6/2 1874/6/2
f 1863/6/2 1864/6/2 1874/6/2
f 1873/5/2 1863/5/2 1874/5/2
f 1874/6/2 1865/6/2 1875/6/2
f 1865/5/2 1866/5/2 1876/5/2
f 1875/6/2 1865/6/2 1876/6/2
f 1868/6/2 1869/6/2 1877/6/2
f 1869/6/2 1870/6/2 1877/6/2
f 1877/6/2 1870/6/2 1878/6/2
f 1870/5/2 1871/5/2 1879/5/2
f 1878/6/2 1870/6/2 1879/6/2
f 1879/5/2 1871/5/2 1880/5/2
f 1872/5/2 1873/5/2 1883/5/2
f 1874/6/2 1875/6/2 1884/6/2
f 1873/6/2 1874/6/2 1884/6/2
f 1883/5/2 1873/5/2 1884/5/2
f 1884/6/2 1875/6/2 1885/6/2
f 1885/6/2 1875/6/2 1886/6/2
f 1878/6/2 1879/6/2 1887/6/2
f 1879/6/2 1880/6/2 1887/6/2
f 1887/6/2 1880/6/2 1888/6/2
f 1880/5/2 1881/5/2 1889/5/2
f 1888/6/2 1880/6/2 1889/6/2
f 1889/5/2 1881/5/2 1890/5/2
f 1882/5/2 1883/5/2 1893/5/2
f 1884/6/2 1885/6/2 1894/6/2
f 1883/6/2 1884/6/2 1894/6/2
f 1893/5/2 1883/5/2 1894/5/2
f 1894/6/2 1885/6/2 1895/6/2
f 1895/6/2 1885/6/2 1896/6/2
f 1888/6/2 1889/6/2 1897/6/2
f 1889/6/2 1890/6/2 1897/6/2
f 1897/6/2 1890/6/2 1898/6/2
f 1890/5/2 1891/5/2 1899/5/2
f 1898/6/2 1890/6/2 1899/6/2
f 1899/5/2 1891/5/2 1900/5/2
f 1892/5/2 1893/5/2 1903/5/2
f 1894/6/2 1895/6/2 1904/6/2
f 1893/6/2 1894/6/2 1904/6/2
f 1903/5/2 1893/5/2 1904/5/2
f 1904/6/2 1895/6/2 1905/6/2
f 1905/6/2 1895/6/2 1906/6/2
f 1898/6/2 1899/6/2 1907/6/2
f 1899/6/2 1900/6/2 1907/6/2
f 1907/6/2 1900/6/2 1908/6/2
f 1900/5/2 1901/5/2 1909/5/2
f 1908/6/2 1900/6/2 1909/6/2
f 1909/5/2 1901/5/2 1910/5/2
f 1902/5/2 1903/5/2 1913/5/2
f 1904/6/2 1905/6/2 1914/6/2
f 1903/6/2 1904/6/2 1914/6/2
f 1913/5/2 1903/5/2 1914/5/2
f 1914/6/2 1905/6/2 1915/6/2
f 1915/6/2 1905/6/2 1916/6/2
f 1908/6/2 1909/6/2 1917/6/2
f 1909/6/2 1910/6/2 1917/6/2
f 1917/6/2 1910/6/2 1918/6/2
f 1910/5/2 1911/5/2 1919/5/2
f 1918/6/2 1910/6/2 1919/6/2
f 1919/5/2 1911/5/2 1920/5/2
f 1912/5/2 1913/5/2 1923/5/2
f 1914/6/2 1915/6/2 1924/6/2
f 1913/6/2 1914/6/2 1924/6/2
f 1923/5/2 1913/5/2 1924/5/2
f 1924/6/2 1915/6/2 1925/6/2
f 1925/6/2 1915/6/2 1926/6/2
f 1918/6/2 1919/6/2 1927/6/2
f 1919/6/2 1920/6/2 1927/6/2
f 1927/6/2 1920/6/2 1928/6/2
f 1920/5/2 1921/5/2 1929/5/2
f 1928/6/2 1920/6/2 1929/6/2
f 1929/5/2 1921/5/2 1930/5/2
f 1922/5/2 1923/5/2 1933/5/2
f 1924/6/2 1925/6/2 1934/6/2
f 1923/6/2 1924/6/2 1934/6/2
f 1933/5/2 1923/5/2 1934/5/2
f 1934/6/2 1925/6/2 1935/6/2
f 1935/6/2 1925/6/2 1936/6/2
f 1928/6/2 1929/6/2 1937/6/2
f 1929/6/2 1930/6/2 1937/6/2
f 1937/6/2 1930/6/2 1938/6/2
f 1930/5/2 1931/5/2 1939/5/2
f 1938/6/2 1930/6/2 1939/6/2
f 1939/5/2 1931/5/2 1940/5/2
f 1932/5/2 1933/5/2 1943/5/2
f 1934/6/2 1935/6/2 1944/6/2
f 1933/6/2 1934/6/2 1944/6/2
f 1943/5/2 1933/5/2 1944/5/2
f 1944/6/2 1935/6/2 1945/6/2
f 1945/6/2 1935/6/2 1946/6/2
f 1938/6/2 1939/6/2 1947/6/2
f 1939/6/2 1940/6/2 1947/6/2
f 1947/6/2 1940/6/2 1948/6/2
f 1940/5/2 1941/5/2 1949/5/2
f 1948/6/2 1940/6/2 1949/6/2
f 1949/5/2 1941/5/2 1950/5/2
f 1942/5/2 1943/5/2 1953/5/2
f 1944/6/2 1945/6/2 1954/6/2
f 1943/6/2 1944/6/2 1954/6/2
f 1953/5/2 1943/5/2 1954/5/2
f 1954/6/2 1945/6/2 1955/6/2
f 1955/6/2 1945/6/2 1956/6/2
f 1948/6/2 1949/6/2 1957/6/2
f 1949/6/2 1950/6/2 1957/6/2
f 1957/6/2 1950/6/2 1958/6/2
f 1950/5/2 1951/5/2 1959/5/2
f 1958/6/2 1950/6/2 1959/6/2
f 1959/5/2 1951/5/2 1960/5/2
f 1952/5/2 1953/5/2 1963/5/2
f 1954/6/2 1955/6/2 1964/6/2
f 1953/6/2 1954/6/2 1964/6/2
f 1963/5/2 1953/5/2 1964/5/2
f 1964/6/2 1955/6/2 1965/6/2
f 1965/6/2 1955/6/2 1966/6/2
f 1958/6/2 1959/6/2 1967/6/2
f 1959/6/2 1960/6/2 1967/6/2
f 1967/6/2 1960/6/2 1968/6/2
f 1960/5/2 1961/5/2 1969/5/2
f 1968/6/2 1960/6/2 1969/6/2
f 1969/5/2 1961/5/2 1970/5/2
f 1851/6/2 1852/6/2 1973/6/2
f 1973/6/2 1852/6/2 1974/6/2
f 1962/5/2 1963/5/2 1977/5/2
f 1964/6/2 1965/6/2 1978/6/2
f 1963/6/2 1964/6/2 1978/6/2
f 1977/5/2 1963/5/2 1978/5/2
f 1978/6/2 1965/6/2 1979/6/2
f 1979/6/2 1965/6/2 1980/6/2
f 1968/6/2 1969/6/2 1981/6/2
f 1969/6/2 1970/6/2 1981/6/2
f 1981/6/2 1970/6/2 1982/6/2
f 1970/5/2 1971/5/2 1983/5/2
f 1982/6/2 1970/6/2 1983/6/2
f 1983/5/2 1971/5/2 1984/5/2
f 1972/5/2 1973/5/2 1985/5/2
f 1973/6/2 1974/6/2 1986/6/2
f 1985/5/2 1973/5/2 1986/5/2
f 1974/5/2 1975/5/2 1987/5/2
f 1986/6/2 1974/6/2 1987/6/2
f 1987/5/2 1975/5/2 1988/5/2
f 1976/5/2 1977/5/2 1989/5/2
f 1978/6/2 1979/6/2 1990/6/2
f 1977/6/2 1978/6/2 1990/6/2
f 1989/5/2 1977/5/2 1990/5/2
f 1990/6/2 1979/6/2 1991/6/2
f 1991/6/2 1979/6/2 1992/6/2
f 1983/6/2 1984/6/2 1993/6/2
f 1984/5/2 1985/5/2 1993/5/2
f 1985/6/2 1986/6/2 1994/6/2
f 1993/5/2 1985/5/2 1994/5/2
f 1987/6/2 1988/6/2 1994/6/2
f 1986/6/2 1987/6/2 1994/6/2
f 1988/5/2 1989/5/2 1995/5/2
f 1994/6/2 1988/6/2 1995/6/2
f 1989/6/2 1990/6/2 1996/6/2
f 1995/5/2 1989/5/2 1996/5/2
f 1982/5/2 1983/5/2 1998/5/2
f 1983/6/2 1993/6/2 1999/6/2
f 1993/6/2 1994/6/2 1999/6/2
f 1998/5/2 1983/5/2 1999/5/2
f 1994/6/2 1995/6/2 1999/6/2
f 1995/6/2 1996/6/2 1999/6/2
f 1999/6/2 1996/6/2 2000/6/2
f 2000/6/2 1996/6/2 2001/6/2
f 2001/6/2 1996/6/2 2002/6/2
f 1996/6/2 1990/6/2 2003/6/2
f 2002/6/2 1996/6/2 2003/6/2
f 1990/5/2 1991/5/2 2004/5/2
f 2003/6/2 1990/6/2 2004/6/2
f 2004/5/2 1991/5/2 2005/5/2
f 1997/5/2 1998/5/2 2008/5/2
f 1998/6/2 1999/6/2 2009/6/2
f 1999/6/2 2000/6/2 2009/6/2
f 2008/5/2 1998/5/2 2009/5/2
f 2009/6/2 2000/6/2 2010/6/2
f 2010/6/2 2000/6/2 2011/6/2
f 2001/6/2 2002/6/2 2012/6/2
f 2012/6/2 2002/6/2 2013/6/2
f 2013/6/2 2002/6/2 2014/6/2
f 2014/6/2 2002/6/2 2015/6/2
f 2003/6/2 2004/6/2 2016/6/2
f 2004/6/2 2005/6/2 2016/6/2
f 2016/6/2 2005/6/2 2017/6/2
f 2005/5/2 2006/5/2 2018/5/2
f 2017/6/2 2005/6/2 2018/6/2
f 2018/5/2 2006/5/2 2019/5/2
f 2007/5/2 2008/5/2 2022/5/2
f 2008/6/2 2009/6/2 2023/6/2
f 2009/6/2 2010/6/2 2023/6/2
f 2022/5/2 2008/5/2 2023/5/2
f 2023/6/2 2010/6/2 2024/6/2
f 2024/6/2 2010/6/2 2025/6/2
f 2018/6/2 2019/6/2 2026/6/2
f 2017/6/2 2018/6/2 2026/6/2
f 2026/6/2 2019/6/2 2027/6/2
f 2019/5/2 2020/5/2 2028/5/2
f 2027/6/2 2019/6/2 2028/6/2
f 2028/5/2 2020/5/2 2029/5/2
f 2021/5/2 2022/5/2 2032/5/2
f 2023/6/2 2024/6/2 2033/6/2
f 2022/6/2 2023/6/2 2033/6/2
f 2032/5/2 2022/5/2 2033/5/2
f 2033/6/2 2024/6/2 2034/6/2
f 2034/6/2 2024/6/2 2035/6/2
f 2028/6/2 2029/6/2 2036/6/2
f 2027/6/2 2028/6/2 2036/6/2
f 2036/6/2 2029/6/2 2037/6/2
f 2029/5/2 2030/5/2 2038/5/2
f 2037/6/2 2029/6/2 2038/6/2
f 2038/5/2 2030/5/2 2039/5/2
f 2031/5/2 2032/5/2 2042/5/2
f 2033/6/2 2034/6/2 2043/6/2
f 2032/6/2 2033/6/2 2043/6/2
f 2042/5/2 2032/5/2 2043/5/2
f 2043/6/2 2034/6/2 2044/6/2
f 2044/6/2 2034/6/2 2045/6/2
f 2038/6/2 2039/6/2 2046/6/2
f 2037/6/2 2038/6/2 2046/6/2
f 2046/6/2 2039/6/2 2047/6/2
f 2039/5/2 2040/5/2 2048/5/2
f 2047/6/2 2039/6/2 2048/6/2
f 2048/5/2 2040/5/2 2049/5/2
f 2041/5/2 2042/5/2 2052/5/2
f 2043/6/2 2044/6/2 2053/6/2
f 2042/6/2 2043/6/2 2053/6/2
f 2052/5/2 2042/5/2 2053/5/2
f 2053/6/2 2044/6/2 2054/6/2
f 2054/6/2 2044/6/2 2055/6/2
f 2048/6/2 2049/6/2 2056/6/2
f 2047/6/2 2048/6/2 2056/6/2
f 2056/6/2 2049/6/2 2057/6/2
f 2049/5/2 2050/5/2 2058/5/2
f 2057/6/2 2049/6/2 2058/6/2
f 2058/5/2 2050/5/2 2059/5/2
f 2051/5/2 2052/5/2 2062/5/2
f 2053/6/2 2054/6/2 2063/6/2
f 2052/6/2 2053/6/2 2063/6/2
f 2062/5/2 2052/5/2 2063/5/2
f 2063/6/2 2054/6/2 2064/6/2
f 2064/6/2 2054/6/2 2065/6/2
f 2058/6/2 2059/6/2 2066/6/2
f 2057/6/2 2058/6/2 2066/6/2
f 2066/6/2 2059/6/2 2067/6/2
f 2059/5/2 2060/5/2 2068/5/2
f 2067/6/2 2059/6/2 2068/6/2
f 2068/5/2 2060/5/2 2069/5/2
f 2061/5/2 2062/5/2 2072/5/2
f 2063/6/2 2064/6/2 2073/6/2
f 2062/6/2 2063/6/2 2073/6/2
f 2072/5/2 2062/5/2 2073/5/2
f 2073/6/2 2064/6/2 2074/6/2
f 2074/6/2 2064/6/2 2075/6/2
f 2068/6/2 2069/6/2 2076/6/2
f 2067/6/2 2068/6/2 2076/6/2
f 2076/6/2 2069/6/2 2077/6/2
f 2069/5/2 2070/5/2 2078/5/2
f 2077/6/2 2069/6/2 2078/6/2
f 2078/5/2 2070/5/2 2079/5/2
f 2071/5/2 2072/5/2 2082/5/2
f 2073/6/2 2074/6/2 2083/6/2
f 2072/6/2 2073/6/2 2083/6/2
f 2082/5/2 2072/5/2 2083/5/2
f 2083/6/2 2074/6/2 2084/6/2
f 2084/6/2 2074/6/2 2085/6/2
f 2078/6/2 2079/6/2 2086/6/2
f 2077/6/2 2078/6/2 2086/6/2
f 2086/6/2 2079/6/2 2087/6/2
f 2079/5/2 2080/5/2 2088/5/2
f 2087/6/2 2079/6/2 2088/6/2
f 2088/5/2 2080/5/2 2089/5/2
f 2081/5/2 2082/5/2 2092/5/2
f 2083/6/2 2084/6/2 2093/6/2
f 2082/6/2 2083/6/2 2093/6/2
f 2092/5/2 2082/5/2 2093/5/2
f 2093/6/2 2084/6/2 2094/6/2
f 2094/6/2 2084/6/2 2095/6/2
f 2088/6/2 2089/6/2 2096/6/2
f 2087/6/2 2088/6/2 2096/6/2
f 2096/6/2 2089/6/2 2097/6/2
f 2089/5/2 2090/5/2 2098/5/2
f 2097/6/2 2089/6/2 2098/6/2
f 2098/5/2 2090/5/2 2099/5/2
f 2091/5/2 2092/5/2 2102/5/2
f 2093/6/2 2094/6/2 2103/6/2
f 2092/6/2 2093/6/2 2103/6/2
f 2102/5/2 2092/5/2 2103/5/2
f 2103/6/2 2094/6/2 2104/6/2
f 2104/6/2 2094/6/2 2105/6/2
f 2098/6/2 2099/6/2 2106/6/2
f 2097/6/2 2098/6/2 2106/6/2
f 2106/6/2 2099/6/2 2107/6/2
f 2099/5/2 2100/5/2 2108/5/2
f 2107/6/2 2099/6/2 2108/6/2
f 2108/5/2 2100/5/2 2109/5/2
f 1857/5/2 1867/5/2 2111/5/2
f 2101/5/2 2102/5/2 2112/5/2
f 2103/6/2 2104/6/2 2113/6/2
f 2102/6/2 2103/6/2 2113/6/2
f 2112/5/2 2102/5/2 2113/5/2
f 2113/6/2 2104/6/2 2114/6/2
f 2114/6/2 2104/6/2 2115/6/2
f 2107/6/2 2108/6/2 2116/6/2
f 2108/6/2 2109/6/2 2116/6/2
f 2116/6/2 2109/6/2 2117/6/2
f 2109/5/2 2110/5/2 2118/5/2
f 2117/6/2 2109/6/2 2118/6/2
f 2118/5/2 2110/5/2 2119/5/2
f 1876/5/2 1866/5/2 2120/5/2
f 2111/5/2 2112/5/2 2121/5/2
f 1857/5/2 2111/5/2 2121/5/2
f 2113/6/2 2114/6/2 2122/6/2
f 2121/5/2 2112/5/2 2122/5/2
f 2112/6/2 2113/6/2 2122/6/2
f 2122/6/2 2114/6/2 2123/6/2
f 2123/6/2 2114/6/2 2124/6/2
f 2118/6/2 2119/6/2 2125/6/2
f 2117/6/2 2118/6/2 2125/6/2
f 2125/6/2 2119/6/2 2126/6/2
f 2119/5/2 2120/5/2 2127/5/2
f 2126/6/2 2119/6/2 2127/6/2
f 2120/5/2 1866/5/2 2128/5/2
f 2127/5/2 2120/5/2 2128/5/2
f 1847/6/2 1857/6/2 2129/6/2
f 1857/5/2 2121/5/2 2129/5/2
f 2122/6/2 2123/6/2 2130/6/2
f 2129/5/2 2121/5/2 2130/5/2
f 2121/6/2 2122/6/2 2130/6/2
f 2130/6/2 2123/6/2 2131/6/2
f 2013/6/2 2014/6/2 2132/6/2
f 2132/6/2 2014/6/2 2133/6/2
f 2127/6/2 2128/6/2 2134/6/2
f 2126/6/2 2127/6/2 2134/6/2
f 2128/5/2 1866/5/2 2135/5/2
f 2134/6/2 2128/6/2 2135/6/2
f 1866/6/2 1856/6/2 2136/6/2
f 2135/5/2 1866/5/2 2136/5/2
f 2131/5/2 2132/5/2 2137/5/2
f 2130/6/2 2131/6/2 2137/6/2
f 2129/6/2 2130/6/2 2137/6/2
f 2132/6/2 2133/6/2 2138/6/2
f 2137/5/2 2132/5/2 2138/5/2
f 2133/5/2 2134/5/2 2139/5/2
f 2138/6/2 2133/6/2 2139/6/2
f 2134/6/2 2135/6/2 2140/6/2
f 2139/5/2 2134/5/2 2140/5/2
f 2135/6/2 2136/6/2 2140/6/2
f 2137/6/2 2138/6/2 2141/6/2
f 1847/6/2 2129/6/2 2141/6/2
f 2139/6/2 2140/6/2 2141/6/2
f 2138/6/2 2139/6/2 2141/6/2
f 2129/6/2 2137/6/2 2141/6/2
f 2140/6/2 2136/6/2 2142/6/2
f 2141/6/2 2140/6/2 2142/6/2
f 2136/6/2 1856/6/2 2142/6/2
f 2146/5/3 2144/5/3 2143/5/3
f 2147/6/3 2145/6/3 2144/6/3
f 2147/5/3 2144/5/3 2146/5/3
f 2148/6/3 2145/6/3 2147/6/3
f 2149/6/3 2145/6/3 2148/6/3
f 2150/6/3 2147/6/3 2146/6/3
f 2150/6/3 2148/6/3 2147/6/3
f 2150/5/3 2149/5/3 2148/5/3
f 2151/5/3 2149/5/3 2150/5/3
f 2152/5/3 2149/5/3 2151/5/3
f 2153/5/3 2149/5/3 2152/5/3
f 2154/6/3 2145/6/3 2149/6/3
f 2154/5/3 2149/5/3 2153/5/3
f 2155/6/3 2150/6/3 2146/6/3
f 2155/6/3 2151/6/3 2150/6/3
f 2156/6/3 2151/6/3 2155/6/3
f 2157/6/3 2151/6/3 2156/6/3
f 2160/5/3 2153/5/3 2152/5/3
f 2161/6/3 2154/6/3 2153/6/3
f 2161/5/3 2153/5/3 2160/5/3
f 2162/6/3 2155/6/3 2146/6/3
f 2162/5/3 2156/5/3 2155/5/3
f 2163/6/3 2158/6/3 2157/6/3
f 2163/5/3 2156/5/3 2162/5/3
f 2163/6/3 2157/6/3 2156/6/3
f 2164/6/3 2158/6/3 2163/6/3
f 2165/6/3 2158/6/3 2164/6/3
f 2168/5/3 2160/5/3 2159/5/3
f 2169/6/3 2161/6/3 2160/6/3
f 2169/5/3 2160/5/3 2168/5/3
f 2170/6/3 2154/6/3 2161/6/3
f 2170/6/3 2161/6/3 2169/6/3
f 2171/6/3 2145/6/3 2154/6/3
f 2171/6/3 2154/6/3 2170/6/3
f 2172/6/3 2145/6/3 2171/6/3
f 2173/5/3 2164/5/3 2163/5/3
f 2174/6/3 2166/6/3 2165/6/3
f 2174/5/3 2164/5/3 2173/5/3
f 2174/6/3 2165/6/3 2164/6/3
f 2175/6/3 2166/6/3 2174/6/3
f 2176/6/3 2166/6/3 2175/6/3
f 2179/5/3 2168/5/3 2167/5/3
f 2180/6/3 2170/6/3 2169/6/3
f 2180/6/3 2169/6/3 2168/6/3
f 2180/5/3 2168/5/3 2179/5/3
f 2181/6/3 2170/6/3 2180/6/3
f 2182/6/3 2170/6/3 2181/6/3
f 2183/5/3 2175/5/3 2174/5/3
f 2184/6/3 2177/6/3 2176/6/3
f 2184/5/3 2175/5/3 2183/5/3
f 2184/6/3 2176/6/3 2175/6/3
f 2185/6/3 2177/6/3 2184/6/3
f 2186/6/3 2177/6/3 2185/6/3
f 2189/5/3 2179/5/3 2178/5/3
f 2190/6/3 2181/6/3 2180/6/3
f 2190/6/3 2180/6/3 2179/6/3
f 2190/5/3 2179/5/3 2189/5/3
f 2191/6/3 2181/6/3 2190/6/3
f 2192/6/3 2181/6/3 2191/6/3
f 2193/5/3 2185/5/3 2184/5/3
f 2194/6/3 2187/6/3 2186/6/3
f 2194/5/3 2185/5/3 2193/5/3
f 2194/6/3 2186/6/3 2185/6/3
f 2195/6/3 2187/6/3 2194/6/3
f 2196/6/3 2187/6/3 2195/6/3
f 2199/5/3 2189/5/3 2188/5/3
f 2200/6/3 2191/6/3 2190/6/3
f 2200/6/3 2190/6/3 2189/6/3
f 2200/5/3 2189/5/3 2199/5/3
f 2201/6/3 2191/6/3 2200/6/3
f 2202/6/3 2191/6/3 2201/6/3
f 2203/5/3 2195/5/3 2194/5/3
f 2204/6/3 2197/6/3 2196/6/3
f 2204/5/3 2195/5/3 2203/5/3
f 2204/6/3 2196/6/3 2195/6/3
f 2205/6/3 2197/6/3 2204/6/3
f 2206/6/3 2197/6/3 2205/6/3
f 2209/5/3 2199/5/3 2198/5/3
f 2210/6/3 2201/6/3 2200/6/3
f 2210/6/3 2200/6/3 2199/6/3
f 2210/5/3 2199/5/3 2209/5/3
f 2211/6/3 2201/6/3 2210/6/3
f 2212/6/3 2201/6/3 2211/6/3
f 2213/5/3 2205/5/3 2204/5/3
f 2214/6/3 2207/6/3 2206/6/3
f 2214/5/3 2205/5/3 2213/5/3
f 2214/6/3 2206/6/3 2205/6/3
f 2215/6/3 2207/6/3 2214/6/3
f 2216/6/3 2207/6/3 2215/6/3
f 2219/5/3 2209/5/3 2208/5/3
f 2220/6/3 2211/6/3 2210/6/3
f 2220/6/3 2210/6/3 2209/6/3
f 2220/5/3 2209/5/3 2219/5/3
f 2221/6/3 2211/6/3 2220/6/3
f 2222/6/3 2211/6/3 2221/6/3
f 2223/5/3 2215/5/3 2214/5/3
f 2224/6/3 2217/6/3 2216/6/3
f 2224/5/3 2215/5/3 2223/5/3
f 2224/6/3 2216/6/3 2215/6/3
f 2225/6/3 2217/6/3 2224/6/3
f 2226/6/3 2217/6/3 2225/6/3
f 2229/5/3 2219/5/3 2218/5/3
f 2230/6/3 2221/6/3 2220/6/3
f 2230/6/3 2220/6/3 2219/6/3
f 2230/5/3 2219/5/3 2229/5/3
f 2231/6/3 2221/6/3 2230/6/3
f 2232/6/3 2221/6/3 2231/6/3
f 2233/5/3 2225/5/3 2224/5/3
f 2234/6/3 2227/6/3 2226/6/3
f 2234/5/3 2225/5/3 2233/5/3
f 2234/6/3 2226/6/3 2225/6/3
f 2235/6/3 2227/6/3 2234/6/3
f 2236/6/3 2227/6/3 2235/6/3
f 2239/5/3 2229/5/3 2228/5/3
f 2240/6/3 2231/6/3 2230/6/3
f 2240/6/3 2230/6/3 2229/6/3
f 2240/5/3 2229/5/3 2239/5/3
f 2241/6/3 2231/6/3 2240/6/3
f 2242/6/3 2231/6/3 2241/6/3
f 2243/5/3 2235/5/3 2234/5/3
f 2244/6/3 2237/6/3 2236/6/3
f 2244/5/3 2235/5/3 2243/5/3
f 2244/6/3 2236/6/3 2235/6/3
f 2245/6/3 2237/6/3 2244/6/3
f 2246/6/3 2237/6/3 2245/6/3
f 2249/5/3 2239/5/3 2238/5/3
f 2250/6/3 2241/6/3 2240/6/3
f 2250/6/3 2240/6/3 2239/6/3
f 2250/5/3 2239/5/3 2249/5/3
f 2251/6/3 2241/6/3 2250/6/3
f 2252/6/3 2241/6/3 2251/6/3
f 2253/5/3 2245/5/3 2244/5/3
f 2254/6/3 2247/6/3 2246/6/3
f 2254/5/3 2245/5/3 2253/5/3
f 2254/6/3 2246/6/3 2245/6/3
f 2255/6/3 2247/6/3 2254/6/3
f 2256/6/3 2247/6/3 2255/6/3
f 2259/5/3 2249/5/3 2248/5/3
f 2260/6/3 2251/6/3 2250/6/3
f 2260/6/3 2250/6/3 2249/6/3
f 2260/5/3 2249/5/3 2259/5/3
f 2261/6/3 2251/6/3 2260/6/3
f 2262/6/3 2251/6/3 2261/6/3
f 2263/5/3 2255/5/3 2254/5/3
f 2264/6/3 2257/6/3 2256/6/3
f 2264/5/3 2255/5/3 2263/5/3
f 2264/6/3 2256/6/3 2255/6/3
f 2265/6/3 2257/6/3 2264/6/3
f 2266/6/3 2257/6/3 2265/6/3
f 2268/5/3 2259/5/3 2258/5/3
f 2269/6/3 2261/6/3 2260/6/3
f 2269/6/3 2260/6/3 2259/6/3
f 2269/5/3 2259/5/3 2268/5/3
f 2270/6/3 2261/6/3 2269/6/3
f 2271/6/3 2261/6/3 2270/6/3
f 2272/5/3 2265/5/3 2264/5/3
f 2273/6/3 2267/6/3 2266/6/3
f 2273/5/3 2265/5/3 2272/5/3
f 2273/6/3 2266/6/3 2265/6/3
f 2274/6/3 2267/6/3 2273/6/3
f 2275/5/3 2268/5/3 2267/5/3
f 2275/6/3 2267/6/3 2274/6/3
f 2276/6/3 2270/6/3 2269/6/3
f 2276/5/3 2268/5/3 2275/5/3
f 2276/6/3 2269/6/3 2268/6/3
f 2277/6/3 2270/6/3 2276/6/3
f 2278/6/3 2270/6/3 2277/6/3
f 2279/5/3 2274/5/3 2273/5/3
f 2280/6/3 2275/6/3 2274/6/3
f 2280/5/3 2274/5/3 2279/5/3
f 2280/6/3 2277/6/3 2276/6/3
f 2280/6/3 2276/6/3 2275/6/3
f 2281/6/3 2277/6/3 2280/6/3
f 2282/6/3 2277/6/3 2281/6/3
f 2283/6/3 2277/6/3 2282/6/3
f 2285/5/3 2281/5/3 2280/5/3
f 2286/6/3 2282/6/3 2281/6/3
f 2286/5/3 2281/5/3 2285/5/3
f 2287/6/3 2282/6/3 2286/6/3
f 2289/6/3 2162/6/3 2146/6/3
f 2290/5/3 2285/5/3 2284/5/3
f 2291/6/3 2288/6/3 2287/6/3
f 2291/6/3 2286/6/3 2285/6/3
f 2291/5/3 2285/5/3 2290/5/3
f 2291/6/3 2287/6/3 2286/6/3
f 2292/6/3 2288/6/3 2291/6/3
f 2293/5/3 2172/5/3 2171/5/3
f 2294/6/3 2145/6/3 2172/6/3
f 2294/5/3 2172/5/3 2293/5/3
f 2295/6/3 2290/6/3 2289/6/3
f 2295/6/3 2293/6/3 2292/6/3
f 2295/6/3 2294/6/3 2293/6/3
f 2295/6/3 2292/6/3 2291/6/3
f 2295/6/3 2291/6/3 2290/6/3
f 2295/6/3 2289/6/3 2146/6/3
f 2296/6/3 2294/6/3 2295/6/3
f 2297/6/3 2294/6/3 2296/6/3
f 2298/6/3 2294/6/3 2297/6/3
f 2299/6/3 2294/6/3 2298/6/3
f 2300/6/3 2145/6/3 2294/6/3
f 2300/6/3 2294/6/3 2299/6/3
f 2301/5/3 2297/5/3 2296/5/3
f 2302/6/3 2298/6/3 2297/6/3
f 2302/5/3 2297/5/3 2301/5/3
f 2303/6/3 2298/6/3 2302/6/3
f 2304/6/3 2298/6/3 2303/6/3
f 2305/6/3 2298/6/3 2304/6/3
f 2307/5/3 2303/5/3 2302/5/3
f 2308/6/3 2304/6/3 2303/6/3
f 2308/5/3 2303/5/3 2307/5/3
f 2309/6/3 2304/6/3 2308/6/3
f 2312/5/3 2307/5/3 2306/5/3
f 2313/6/3 2310/6/3 2309/6/3
f 2313/6/3 2308/6/3 2307/6/3
f 2313/5/3 2307/5/3 2312/5/3
f 2313/6/3 2309/6/3 2308/6/3
f 2314/6/3 2310/6/3 2313/6/3
f 2315/6/3 2310/6/3 2314/6/3
f 2316/6/3 2310/6/3 2315/6/3
f 2319/5/3 2312/5/3 2311/5/3
f 2320/6/3 2313/6/3 2312/6/3
f 2320/6/3 2314/6/3 2313/6/3
f 2320/5/3 2312/5/3 2319/5/3
f 2321/6/3 2314/6/3 2320/6/3
f 2322/5/3 2315/5/3 2314/5/3
f 2322/6/3 2314/6/3 2321/6/3
f 2323/6/3 2316/6/3 2315/6/3
f 2323/5/3 2315/5/3 2322/5/3
f 2323/6/3 2317/6/3 2316/6/3
f 2324/6/3 2317/6/3 2323/6/3
f 2325/6/3 2317/6/3 2324/6/3
f 2328/5/3 2319/5/3 2318/5/3
f 2329/6/3 2320/6/3 2319/6/3
f 2329/6/3 2321/6/3 2320/6/3
f 2329/5/3 2319/5/3 2328/5/3
f 2330/6/3 2321/6/3 2329/6/3
f 2331/6/3 2321/6/3 2330/6/3
f 2332/5/3 2324/5/3 2323/5/3
f 2333/6/3 2326/6/3 2325/6/3
f 2333/5/3 2324/5/3 2332/5/3
f 2333/6/3 2325/6/3 2324/6/3
f 2334/6/3 2326/6/3 2333/6/3
f 2335/6/3 2326/6/3 2334/6/3
f 2338/5/3 2328/5/3 2327/5/3
f 2339/6/3 2330/6/3 2329/6/3
f 2339/6/3 2329/6/3 2328/6/3
f 2339/5/3 2328/5/3 2338/5/3
f 2340/6/3 2330/6/3 2339/6/3
f 2341/6/3 2330/6/3 2340/6/3
f 2342/5/3 2334/5/3 2333/5/3
f 2343/6/3 2336/6/3 2335/6/3
f 2343/5/3 2334/5/3 2342/5/3
f 2343/6/3 2335/6/3 2334/6/3
f 2344/6/3 2336/6/3 2343/6/3
f 2345/6/3 2336/6/3 2344/6/3
f 2348/5/3 2338/5/3 2337/5/3
f 2349/6/3 2340/6/3 2339/6/3
f 2349/6/3 2339/6/3 2338/6/3
f 2349/5/3 2338/5/3 2348/5/3
f 2350/6/3 2340/6/3 2349/6/3
f 2351/6/3 2340/6/3 2350/6/3
f 2352/5/3 2344/5/3 2343/5/3
f 2353/6/3 2346/6/3 2345/6/3
f 2353/5/3 2344/5/3 2352/5/3
f 2353/6/3 2345/6/3 2344/6/3
f 2354/6/3 2346/6/3 2353/6/3
f 2355/6/3 2346/6/3 2354/6/3
f 2358/5/3 2348/5/3 2347/5/3
f 2359/6/3 2350/6/3 2349/6/3
f 2359/6/3 2349/6/3 2348/6/3
f 2359/5/3 2348/5/3 2358/5/3
f 2360/6/3 2350/6/3 2359/6/3
f 2361/6/3 2350/6/3 2360/6/3
f 2362/5/3 2354/5/3 2353/5/3
f 2363/6/3 2356/6/3 2355/6/3
f 2363/5/3 2354/5/3 2362/5/3
f 2363/6/3 2355/6/3 2354/6/3
f 2364/6/3 2356/6/3 2363/6/3
f 2365/6/3 2356/6/3 2364/6/3
f 2368/5/3 2358/5/3 2357/5/3
f 2369/6/3 2360/6/3 2359/6/3
f 2369/6/3 2359/6/3 2358/6/3
f 2369/5/3 2358/5/3 2368/5/3
f 2370/6/3 2360/6/3 2369/6/3
f 2371/6/3 2360/6/3 2370/6/3
f 2372/5/3 2364/5/3 2363/5/3
f 2373/6/3 2366/6/3 2365/6/3
f 2373/5/3 2364/5/3 2372/5/3
f 2373/6/3 2365/6/3 2364/6/3
f 2374/6/3 2366/6/3 2373/6/3
f 2375/6/3 2366/6/3 2374/6/3
f 2378/5/3 2368/5/3 2367/5/3
f 2379/6/3 2370/6/3 2369/6/3
f 2379/6/3 2369/6/3 2368/6/3
f 2379/5/3 2368/5/3 2378/5/3
f 2380/6/3 2370/6/3 2379/6/3
f 2381/6/3 2370/6/3 2380/6/3
f 2382/5/3 2374/5/3 2373/5/3
f 2383/6/3 2376/6/3 2375/6/3
f 2383/5/3 2374/5/3 2382/5/3
f 2383/6/3 2375/6/3 2374/6/3
f 2384/6/3 2376/6/3 2383/6/3
f 2385/6/3 2376/6/3 2384/6/3
f 2388/5/3 2378/5/3 2377/5/3
f 2389/6/3 2380/6/3 2379/6/3
f 2389/6/3 2379/6/3 2378/6/3
f 2389/5/3 2378/5/3 2388/5/3
f 2390/6/3 2380/6/3 2389/6/3
f 2391/6/3 2380/6/3 2390/6/3
f 2392/5/3 2384/5/3 2383/5/3
f 2393/6/3 2386/6/3 2385/6/3
f 2393/5/3 2384/5/3 2392/5/3
f 2393/6/3 2385/6/3 2384/6/3
f 2394/6/3 2386/6/3 2393/6/3
f 2395/6/3 2386/6/3 2394/6/3
f 2398/5/3 2388/5/3 2387/5/3
f 2399/6/3 2390/6/3 2389/6/3
f 2399/6/3 2389/6/3 2388/6/3
f 2399/5/3 2388/5/3 2398/5/3
f 2400/6/3 2390/6/3 2399/6/3
f 2401/6/3 2390/6/3 2400/6/3
f 2402/5/3 2394/5/3 2393/5/3
f 2403/6/3 2396/6/3 2395/6/3
f 2403/5/3 2394/5/3 2402/5/3
f 2403/6/3 2395/6/3 2394/6/3
f 2404/6/3 2396/6/3 2403/6/3
f 2405/6/3 2396/6/3 2404/6/3
f 2408/5/3 2398/5/3 2397/5/3
f 2409/6/3 2400/6/3 2399/6/3
f 2409/6/3 2399/6/3 2398/6/3
f 2409/5/3 2398/5/3 2408/5/3
f 2410/6/3 2400/6/3 2409/6/3
f 2411/6/3 2400/6/3 2410/6/3
f 2412/5/3 2404/5/3 2403/5/3
f 2413/6/3 2406/6/3 2405/6/3
f 2413/5/3 2404/5/3 2412/5/3
f 2413/6/3 2405/6/3 2404/6/3
f 2414/6/3 2406/6/3 2413/6/3
f 2415/6/3 2406/6/3 2414/6/3
f 2417/6/3 2295/6/3 2146/6/3
f 2418/5/3 2408/5/3 2407/5/3
f 2419/6/3 2410/6/3 2409/6/3
f 2419/6/3 2409/6/3 2408/6/3
f 2419/5/3 2408/5/3 2418/5/3
f 2420/6/3 2410/6/3 2419/6/3
f 2421/6/3 2410/6/3 2420/6/3
f 2422/5/3 2414/5/3 2413/5/3
f 2423/6/3 2416/6/3 2415/6/3
f 2423/5/3 2414/5/3 2422/5/3
f 2423/6/3 2415/6/3 2414/6/3
f 2424/6/3 2416/6/3 2423/6/3
f 2425/6/3 2416/6/3 2424/6/3
f 2426/5/3 2300/5/3 2299/5/3
f 2427/6/3 2145/6/3 2300/6/3
f 2427/5/3 2300/5/3 2426/5/3
f 2428/6/3 2417/6/3 2146/6/3
f 2428/5/3 2418/5/3 2417/5/3
f 2429/6/3 2420/6/3 2419/6/3
f 2429/5/3 2418/5/3 2428/5/3
f 2429/6/3 2419/6/3 2418/6/3
f 2430/6/3 2420/6/3 2429/6/3
f 2431/6/3 2420/6/3 2430/6/3
f 2432/5/3 2424/5/3 2423/5/3
f 2433/6/3 2426/6/3 2425/6/3
f 2433/5/3 2424/5/3 2432/5/3
f 2433/6/3 2425/6/3 2424/6/3
f 2433/6/3 2427/6/3 2426/6/3
f 2434/6/3 2427/6/3 2433/6/3
f 2435/6/3 2430/6/3 2429/6/3
f 2435/6/3 2429/6/3 2428/6/3
f 2436/6/3 2430/6/3 2435/6/3
f 2437/5/3 2434/5/3 2433/5/3
f 2438/6/3 2427/6/3 2434/6/3
f 2438/5/3 2434/5/3 2437/5/3
f 2439/6/3 2427/6/3 2438/6/3
f 2440/5/3 2146/5/3 2143/5/3
f 2440/6/3 2428/6/3 2146/6/3
f 2440/6/3 2435/6/3 2428/6/3
f 2441/6/3 2435/6/3 2440/6/3
f 2442/5/3 2437/5/3 2436/5/3
f 2442/6/3 2435/6/3 2441/6/3
f 2442/5/3 2439/5/3 2438/5/3
f 2442/5/3 2436/5/3 2435/5/3
f 2442/5/3 2438/5/3 2437/5/3
f 2443/6/3 2427/6/3 2439/6/3
f 2443/5/3 2439/5/3 2442/5/3
f 2444/5/3 2441/5/3 2440/5/3
f 2444/5/3 2440/5/3 2143/5/3
f 2445/6/3 2442/6/3 2441/6/3
f 2445/5/3 2441/5/3 2444/5/3
f 2445/6/3 2443/6/3 2442/6/3
f 2446/6/3 2427/6/3 2443/6/3
f 2446/6/3 2443/6/3 2445/6/3
f 2446/6/3 2145/6/3 2427/6/3
f 2449/3/3 2448/3/3 2447/3/3
f 2450/3/3 2448/3/3 2449/3/3
f 2451/3/3 2448/3/3 2450/3/3
f 2452/3/3 2448/3/3 2451/3/3
f 2453/3/3 2448/3/3 2452/3/3
f 2454/3/3 2448/3/3 2453/3/3
f 2457/3/3 2451/3/3 2450/3/3
f 2458/3/3 2451/3/3 2457/3/3
f 2459/4/3 2452/4/3 2451/4/3
f 2459/3/3 2451/3/3 2458/3/3
f 2460/3/3 2453/3/3 2452/3/3
f 2460/4/3 2452/4/3 2459/4/3
f 2461/3/3 2453/3/3 2460/3/3
f 2462/3/3 2453/3/3 2461/3/3
f 2463/3/3 2453/3/3 2462/3/3
f 2466/3/3 2456/3/3 2455/3/3
f 2468/4/3 2461/4/3 2460/4/3
f 2468/4/3 2459/4/3 2458/4/3
f 2468/4/3 2460/4/3 2459/4/3
f 2469/4/3 2461/4/3 2468/4/3
f 2470/4/3 2461/4/3 2469/4/3
f 2471/4/3 2461/4/3 2470/4/3
f 2472/3/3 2462/3/3 2461/3/3
f 2472/4/3 2461/4/3 2471/4/3
f 2473/3/3 2462/3/3 2472/3/3
f 2474/3/3 2462/3/3 2473/3/3
f 2476/3/3 2465/3/3 2464/3/3
f 2477/3/3 2467/3/3 2466/3/3
f 2477/3/3 2466/3/3 2455/3/3
f 2478/3/3 2467/3/3 2477/3/3
f 2480/4/3 2470/4/3 2469/4/3
f 2481/4/3 2470/4/3 2480/4/3
f 2482/5/3 2471/5/3 2470/5/3
f 2482/4/3 2470/4/3 2481/4/3
f 2483/4/3 2473/4/3 2472/4/3
f 2483/5/3 2471/5/3 2482/5/3
f 2483/4/3 2472/4/3 2471/4/3
f 2484/4/3 2473/4/3 2483/4/3
f 2485/4/3 2473/4/3 2484/4/3
f 2487/3/3 2476/3/3 2475/3/3
f 2488/3/3 2465/3/3 2476/3/3
f 2488/3/3 2476/3/3 2487/3/3
f 2489/4/3 2479/4/3 2478/4/3
f 2489/4/3 2478/4/3 2477/4/3
f 2491/5/3 2482/5/3 2481/5/3
f 2491/5/3 2484/5/3 2483/5/3
f 2491/5/3 2483/5/3 2482/5/3
f 2492/5/3 2484/5/3 2491/5/3
f 2493/5/3 2484/5/3 2492/5/3
f 2494/5/3 2484/5/3 2493/5/3
f 2496/4/3 2488/4/3 2487/4/3
f 2496/4/3 2487/4/3 2486/4/3
f 2497/4/3 2490/4/3 2489/4/3
f 2499/5/3 2493/5/3 2492/5/3
f 2500/5/3 2493/5/3 2499/5/3
f 2501/5/3 2493/5/3 2500/5/3
f 2502/5/3 2493/5/3 2501/5/3
f 2504/4/3 2496/4/3 2495/4/3
f 2505/5/3 2498/5/3 2497/5/3
f 2505/4/3 2497/4/3 2489/4/3
f 2506/5/3 2498/5/3 2505/5/3
f 2508/5/3 2501/5/3 2500/5/3
f 2509/5/3 2501/5/3 2508/5/3
f 2510/5/3 2501/5/3 2509/5/3
f 2511/5/3 2501/5/3 2510/5/3
f 2513/5/3 2504/5/3 2503/5/3
f 2514/4/3 2496/4/3 2504/4/3
f 2514/5/3 2504/5/3 2513/5/3
f 2515/3/3 2477/3/3 2455/3/3
f 2515/4/3 2489/4/3 2477/4/3
f 2515/4/3 2505/4/3 2489/4/3
f 2515/4/3 2506/4/3 2505/4/3
f 2516/4/3 2506/4/3 2515/4/3
f 2517/5/3 2507/5/3 2506/5/3
f 2517/4/3 2506/4/3 2516/4/3
f 2518/5/3 2507/5/3 2517/5/3
f 2520/5/3 2510/5/3 2509/5/3
f 2521/5/3 2510/5/3 2520/5/3
f 2522/5/3 2510/5/3 2521/5/3
f 2523/5/3 2510/5/3 2522/5/3
f 2524/5/3 2510/5/3 2523/5/3
f 2526/4/3 2513/4/3 2512/4/3
f 2526/4/3 2514/4/3 2513/4/3
f 2527/4/3 2496/4/3 2514/4/3
f 2527/4/3 2488/4/3 2496/4/3
f 2527/4/3 2514/4/3 2526/4/3
f 2528/3/3 2465/3/3 2488/3/3
f 2528/4/3 2488/4/3 2527/4/3
f 2529/3/3 2516/3/3 2515/3/3
f 2529/4/3 2519/4/3 2518/4/3
f 2529/4/3 2517/4/3 2516/4/3
f 2529/4/3 2518/4/3 2517/4/3
f 2530/4/3 2519/4/3 2529/4/3
f 2531/4/3 2519/4/3 2530/4/3
f 2533/5/3 2522/5/3 2521/5/3
f 2534/5/3 2522/5/3 2533/5/3
f 2535/4/3 2523/4/3 2522/4/3
f 2535/5/3 2522/5/3 2534/5/3
f 2536/4/3 2523/4/3 2535/4/3
f 2537/4/3 2523/4/3 2536/4/3
f 2539/4/3 2527/4/3 2526/4/3
f 2539/4/3 2526/4/3 2525/4/3
f 2540/3/3 2528/3/3 2527/3/3
f 2540/4/3 2527/4/3 2539/4/3
f 2541/4/3 2532/4/3 2531/4/3
f 2541/3/3 2530/3/3 2529/3/3
f 2541/4/3 2531/4/3 2530/4/3
f 2542/4/3 2532/4/3 2541/4/3
f 2544/4/3 2536/4/3 2535/4/3
f 2544/4/3 2535/4/3 2534/4/3
f 2545/4/3 2536/4/3 2544/4/3
f 2546/4/3 2536/4/3 2545/4/3
f 2547/4/3 2536/4/3 2546/4/3
f 2549/3/3 2540/3/3 2539/3/3
f 2549/3/3 2539/3/3 2538/3/3
f 2550/3/3 2543/3/3 2542/3/3
f 2550/3/3 2542/3/3 2541/3/3
f 2552/3/3 2546/3/3 2545/3/3
f 2553/3/3 2546/3/3 2552/3/3
f 2554/3/3 2546/3/3 2553/3/3
f 2555/3/3 2546/3/3 2554/3/3
f 2557/3/3 2549/3/3 2548/3/3
f 2558/3/3 2551/3/3 2550/3/3
f 2560/3/3 2554/3/3 2553/3/3
f 2561/3/3 2554/3/3 2560/3/3
f 2562/3/3 2554/3/3 2561/3/3
f 2564/3/3 2557/3/3 2556/3/3
f 2565/3/3 2550/3/3 2541/3/3
f 2565/3/3 2559/3/3 2558/3/3
f 2565/3/3 2558/3/3 2550/3/3
f 2566/3/3 2559/3/3 2565/3/3
f 2569/3/3 2564/3/3 2563/3/3
f 2570/3/3 2549/3/3 2557/3/3
f 2570/3/3 2557/3/3 2564/3/3
f 2570/3/3 2564/3/3 2569/3/3
f 2571/3/3 2541/3/3 2529/3/3
f 2571/3/3 2565/3/3 2541/3/3
f 2572/4/3 2567/4/3 2566/4/3
f 2572/3/3 2565/3/3 2571/3/3
f 2572/4/3 2566/4/3 2565/4/3
f 2573/4/3 2567/4/3 2572/4/3
f 2576/4/3 2569/4/3 2568/4/3
f 2576/4/3 2570/4/3 2569/4/3
f 2577/3/3 2549/3/3 2570/3/3
f 2577/4/3 2570/4/3 2576/4/3
f 2578/3/3 2540/3/3 2549/3/3
f 2578/3/3 2549/3/3 2577/3/3
f 2579/3/3 2571/3/3 2529/3/3
f 2579/3/3 2529/3/3 2515/3/3
f 2580/4/3 2574/4/3 2573/4/3
f 2580/3/3 2571/3/3 2579/3/3
f 2580/4/3 2573/4/3 2572/4/3
f 2580/4/3 2572/4/3 2571/4/3
f 2581/4/3 2574/4/3 2580/4/3
f 2582/4/3 2574/4/3 2581/4/3
f 2583/4/3 2577/4/3 2576/4/3
f 2583/4/3 2578/4/3 2577/4/3
f 2583/4/3 2576/4/3 2575/4/3
f 2584/4/3 2578/4/3 2583/4/3
f 2585/3/3 2540/3/3 2578/3/3
f 2585/4/3 2578/4/3 2584/4/3
f 2586/3/3 2528/3/3 2540/3/3
f 2586/3/3 2540/3/3 2585/3/3
f 2587/3/3 2579/3/3 2515/3/3
f 2587/3/3 2515/3/3 2455/3/3
f 2588/4/3 2581/4/3 2580/4/3
f 2588/3/3 2579/3/3 2587/3/3
f 2588/4/3 2580/4/3 2579/4/3
f 2589/4/3 2581/4/3 2588/4/3
f 2590/5/3 2582/5/3 2581/5/3
f 2590/4/3 2581/4/3 2589/4/3
f 2591/5/3 2582/5/3 2590/5/3
f 2592/5/3 2582/5/3 2591/5/3
f 2593/5/3 2584/5/3 2583/5/3
f 2594/5/3 2584/5/3 2593/5/3
f 2595/4/3 2585/4/3 2584/4/3
f 2595/5/3 2584/5/3 2594/5/3
f 2595/4/3 2586/4/3 2585/4/3
f 2596/4/3 2586/4/3 2595/4/3
f 2597/3/3 2587/3/3 2455/3/3
f 2598/4/3 2589/4/3 2588/4/3
f 2598/3/3 2587/3/3 2597/3/3
f 2598/4/3 2588/4/3 2587/4/3
f 2599/5/3 2591/5/3 2590/5/3
f 2599/4/3 2589/4/3 2598/4/3
f 2599/5/3 2590/5/3 2589/5/3
f 2600/5/3 2591/5/3 2599/5/3
f 2601/5/3 2596/5/3 2595/5/3
f 2601/5/3 2595/5/3 2594/5/3
f 2602/4/3 2586/4/3 2596/4/3
f 2602/5/3 2596/5/3 2601/5/3
f 2603/3/3 2528/3/3 2586/3/3
f 2603/4/3 2586/4/3 2602/4/3
f 2604/3/3 2465/3/3 2528/3/3
f 2604/3/3 2528/3/3 2603/3/3
f 2613/3/3 2606/3/3 2605/3/3
f 2613/4/3 2607/4/3 2606/4/3
f 2614/4/3 2607/4/3 2613/4/3
f 2615/5/3 2608/5/3 2607/5/3
f 2615/4/3 2607/4/3 2614/4/3
f 2616/5/3 2608/5/3 2615/5/3
f 2617/5/3 2608/5/3 2616/5/3
f 2620/5/3 2610/5/3 2609/5/3
f 2621/5/3 2610/5/3 2620/5/3
f 2622/4/3 2611/4/3 2610/4/3
f 2622/5/3 2610/5/3 2621/5/3
f 2623/3/3 2614/3/3 2613/3/3
f 2623/4/3 2615/4/3 2614/4/3
f 2623/4/3 2616/4/3 2615/4/3
f 2624/4/3 2616/4/3 2623/4/3
f 2625/5/3 2618/5/3 2617/5/3
f 2625/4/3 2616/4/3 2624/4/3
f 2625/5/3 2617/5/3 2616/5/3
f 2626/5/3 2618/5/3 2625/5/3
f 2627/5/3 2621/5/3 2620/5/3
f 2627/5/3 2620/5/3 2619/5/3
f 2628/4/3 2622/4/3 2621/4/3
f 2628/5/3 2621/5/3 2627/5/3
f 2629/4/3 2611/4/3 2622/4/3
f 2629/4/3 2622/4/3 2628/4/3
f 2630/3/3 2612/3/3 2611/3/3
f 2630/4/3 2611/4/3 2629/4/3
f 2631/4/3 2626/4/3 2625/4/3
f 2631/3/3 2624/3/3 2623/3/3
f 2631/4/3 2625/4/3 2624/4/3
f 2632/4/3 2626/4/3 2631/4/3
f 2633/4/3 2626/4/3 2632/4/3
f 2634/4/3 2626/4/3 2633/4/3
f 2635/4/3 2629/4/3 2628/4/3
f 2635/4/3 2628/4/3 2627/4/3
f 2636/4/3 2629/4/3 2635/4/3
f 2637/4/3 2629/4/3 2636/4/3
f 2638/3/3 2630/3/3 2629/3/3
f 2638/4/3 2629/4/3 2637/4/3
f 2639/4/3 2633/4/3 2632/4/3
f 2639/3/3 2632/3/3 2631/3/3
f 2640/4/3 2633/4/3 2639/4/3
f 2641/4/3 2637/4/3 2636/4/3
f 2642/4/3 2637/4/3 2641/4/3
f 2643/3/3 2638/3/3 2637/3/3
f 2643/4/3 2637/4/3 2642/4/3
f 2644/3/3 2639/3/3 2631/3/3
f 2645/3/3 2639/3/3 2644/3/3
f 2649/3/3 2643/3/3 2642/3/3
f 2650/3/3 2643/3/3 2649/3/3
f 2651/3/3 2644/3/3 2631/3/3
f 2652/3/3 2644/3/3 2651/3/3
f 2654/3/3 2648/3/3 2647/3/3
f 2654/3/3 2647/3/3 2646/3/3
f 2655/3/3 2648/3/3 2654/3/3
f 2657/3/3 2643/3/3 2650/3/3
f 2658/3/3 2638/3/3 2643/3/3
f 2658/3/3 2643/3/3 2657/3/3
f 2659/3/3 2651/3/3 2631/3/3
f 2660/3/3 2651/3/3 2659/3/3
f 2662/3/3 2656/3/3 2655/3/3
f 2662/3/3 2655/3/3 2654/3/3
f 2662/3/3 2654/3/3 2653/3/3
f 2663/3/3 2656/3/3 2662/3/3
f 2665/3/3 2638/3/3 2658/3/3
f 2666/3/3 2638/3/3 2665/3/3
f 2667/3/3 2631/3/3 2623/3/3
f 2667/3/3 2659/3/3 2631/3/3
f 2668/3/3 2659/3/3 2667/3/3
f 2669/3/3 2659/3/3 2668/3/3
f 2671/4/3 2664/4/3 2663/4/3
f 2671/4/3 2663/4/3 2662/4/3
f 2671/4/3 2662/4/3 2661/4/3
f 2672/4/3 2664/4/3 2671/4/3
f 2674/3/3 2638/3/3 2666/3/3
f 2675/3/3 2638/3/3 2674/3/3
f 2676/3/3 2630/3/3 2638/3/3
f 2676/3/3 2638/3/3 2675/3/3
f 2677/3/3 2623/3/3 2613/3/3
f 2677/3/3 2667/3/3 2623/3/3
f 2678/4/3 2668/4/3 2667/4/3
f 2678/3/3 2667/3/3 2677/3/3
f 2679/4/3 2668/4/3 2678/4/3
f 2680/4/3 2668/4/3 2679/4/3
f 2682/4/3 2673/4/3 2672/4/3
f 2682/4/3 2672/4/3 2671/4/3
f 2682/4/3 2671/4/3 2670/4/3
f 2683/4/3 2673/4/3 2682/4/3
f 2685/4/3 2676/4/3 2675/4/3
f 2686/4/3 2676/4/3 2685/4/3
f 2687/3/3 2630/3/3 2676/3/3
f 2687/4/3 2676/4/3 2686/4/3
f 2688/3/3 2612/3/3 2630/3/3
f 2688/3/3 2630/3/3 2687/3/3
f 2689/3/3 2613/3/3 2605/3/3
f 2689/3/3 2677/3/3 2613/3/3
f 2690/4/3 2679/4/3 2678/4/3
f 2690/3/3 2677/3/3 2689/3/3
f 2690/4/3 2678/4/3 2677/4/3
f 2691/4/3 2679/4/3 2690/4/3
f 2692/4/3 2679/4/3 2691/4/3
f 2693/4/3 2679/4/3 2692/4/3
f 2695/5/3 2684/5/3 2683/5/3
f 2695/5/3 2683/5/3 2682/5/3
f 2695/5/3 2682/5/3 2681/5/3
f 2696/5/3 2684/5/3 2695/5/3
f 2698/4/3 2687/4/3 2686/4/3
f 2698/4/3 2688/4/3 2687/4/3
f 2699/4/3 2688/4/3 2698/4/3
f 2700/4/3 2688/4/3 2699/4/3
f 2701/5/3 2692/5/3 2691/5/3
f 2701/4/3 2691/4/3 2690/4/3
f 2701/4/3 2690/4/3 2689/4/3
f 2702/5/3 2692/5/3 2701/5/3
f 2704/5/3 2697/5/3 2696/5/3
f 2704/5/3 2696/5/3 2695/5/3
f 2704/5/3 2695/5/3 2694/5/3
f 2705/5/3 2697/5/3 2704/5/3
f 2707/5/3 2700/5/3 2699/5/3
f 2708/4/3 2688/4/3 2700/4/3
f 2708/5/3 2700/5/3 2707/5/3
f 2709/4/3 2701/4/3 2689/4/3
f 2709/3/3 2689/3/3 2605/3/3
f 2710/4/3 2701/4/3 2709/4/3
f 2711/4/3 2701/4/3 2710/4/3
f 2712/4/3 2701/4/3 2711/4/3
f 2714/5/3 2705/5/3 2704/5/3
f 2714/5/3 2706/5/3 2705/5/3
f 2714/5/3 2704/5/3 2703/5/3
f 2715/5/3 2706/5/3 2714/5/3
f 2717/4/3 2688/4/3 2708/4/3
f 2718/4/3 2688/4/3 2717/4/3
f 2719/4/3 2711/4/3 2710/4/3
f 2719/3/3 2710/3/3 2709/3/3
f 2720/4/3 2711/4/3 2719/4/3
f 2722/5/3 2716/5/3 2715/5/3
f 2722/5/3 2715/5/3 2714/5/3
f 2722/5/3 2714/5/3 2713/5/3
f 2723/5/3 2716/5/3 2722/5/3
f 2724/5/3 2716/5/3 2723/5/3
f 2725/5/3 2716/5/3 2724/5/3
f 2727/4/3 2688/4/3 2718/4/3
f 2728/4/3 2688/4/3 2727/4/3
f 2729/3/3 2612/3/3 2688/3/3
f 2729/4/3 2688/4/3 2728/4/3
f 2730/3/3 2719/3/3 2709/3/3
f 2730/3/3 2709/3/3 2605/3/3
f 2731/3/3 2719/3/3 2730/3/3
f 2733/4/3 2722/4/3 2721/4/3
f 2733/4/3 2723/4/3 2722/4/3
f 2734/4/3 2723/4/3 2733/4/3
f 2735/5/3 2724/5/3 2723/5/3
f 2735/4/3 2723/4/3 2734/4/3
f 2736/4/3 2726/4/3 2725/4/3
f 2736/5/3 2724/5/3 2735/5/3
f 2736/4/3 2725/4/3 2724/4/3
f 2737/4/3 2726/4/3 2736/4/3
f 2738/4/3 2726/4/3 2737/4/3
f 2740/3/3 2729/3/3 2728/3/3
f 2741/3/3 2612/3/3 2729/3/3
f 2741/3/3 2729/3/3 2740/3/3
f 2742/3/3 2730/3/3 2605/3/3
f 2743/3/3 2730/3/3 2742/3/3
f 2745/3/3 2733/3/3 2732/3/3
f 2745/3/3 2734/3/3 2733/3/3
f 2746/4/3 2735/4/3 2734/4/3
f 2746/4/3 2736/4/3 2735/4/3
f 2746/3/3 2734/3/3 2745/3/3
f 2746/4/3 2737/4/3 2736/4/3
f 2747/4/3 2737/4/3 2746/4/3
f 2748/4/3 2737/4/3 2747/4/3
f 2749/3/3 2739/3/3 2738/3/3
f 2749/4/3 2737/4/3 2748/4/3
f 2749/3/3 2738/3/3 2737/3/3
f 2750/3/3 2739/3/3 2749/3/3
f 2752/3/3 2612/3/3 2741/3/3
f 2753/3/3 2612/3/3 2752/3/3
f 2755/3/3 2745/3/3 2744/3/3
f 2755/3/3 2747/3/3 2746/3/3
f 2755/3/3 2746/3/3 2745/3/3
f 2756/4/3 2748/4/3 2747/4/3
f 2756/3/3 2747/3/3 2755/3/3
f 2757/3/3 2751/3/3 2750/3/3
f 2757/4/3 2748/4/3 2756/4/3
f 2757/3/3 2750/3/3 2749/3/3
f 2757/3/3 2749/3/3 2748/3/3
f 2758/3/3 2751/3/3 2757/3/3
f 2760/3/3 2755/3/3 2754/3/3
f 2760/3/3 2759/3/3 2758/3/3
f 2760/3/3 2758/3/3 2757/3/3
f 2760/3/3 2757/3/3 2756/3/3
f 2760/3/3 2756/3/3 2755/3/3
f 2761/3/3 2759/3/3 2760/3/3
f 2766/6/3 2763/6/3 2762/6/3
f 2767/6/3 2763/6/3 2766/6/3
f 2768/5/3 2765/5/3 2764/5/3
f 2769/5/3 2765/5/3 2768/5/3
f 2774/6/3 2771/6/3 2770/6/3
f 2775/6/3 2771/6/3 2774/6/3
f 2776/5/3 2773/5/3 2772/5/3
f 2777/5/3 2773/5/3 2776/5/3
f 2782/6/3 2779/6/3 2778/6/3
f 2783/6/3 2779/6/3 2782/6/3
f 2784/5/3 2781/5/3 2780/5/3
f 2785/5/3 2781/5/3 2784/5/3
f 2790/6/3 2787/6/3 2786/6/3
f 2791/6/3 2787/6/3 2790/6/3
f 2792/5/3 2789/5/3 2788/5/3
f 2793/5/3 2789/5/3 2792/5/3
f 2798/6/3 2795/6/3 2794/6/3
f 2799/6/3 2795/6/3 2798/6/3
f 2800/5/3 2797/5/3 2796/5/3
f 2801/5/3 2797/5/3 2800/5/3
f 2806/6/3 2803/6/3 2802/6/3
f 2807/6/3 2803/6/3 2806/6/3
f 2808/5/3 2805/5/3 2804/5/3
f 2809/5/3 2805/5/3 2808/5/3
f 2814/6/3 2811/6/3 2810/6/3
f 2815/6/3 2811/6/3 2814/6/3
f 2816/5/3 2813/5/3 2812/5/3
f 2817/5/3 2813/5/3 2816/5/3
f 2822/6/3 2819/6/3 2818/6/3
f 2823/6/3 2819/6/3 2822/6/3
f 2824/5/3 2821/5/3 2820/5/3
f 2825/5/3 2821/5/3 2824/5/3
f 2830/6/3 2827/6/3 2826/6/3
f 2831/6/3 2827/6/3 2830/6/3
f 2832/5/3 2829/5/3 2828/5/3
f 2833/5/3 2829/5/3 2832/5/3
f 2838/6/3 2835/6/3 2834/6/3
f 2839/6/3 2835/6/3 2838/6/3
f 2840/5/3 2837/5/3 2836/5/3
f 2841/5/3 2837/5/3 2840/5/3
f 2846/6/3 2843/6/3 2842/6/3
f 2847/6/3 2843/6/3 2846/6/3
f 2848/5/3 2845/5/3 2844/5/3
f 2849/5/3 2845/5/3 2848/5/3
f 2854/6/3 2851/6/3 2850/6/3
f 2855/6/3 2851/6/3 2854/6/3
f 2856/5/3 2853/5/3 2852/5/3
f 2857/5/3 2853/5/3 2856/5/3
f 2862/6/3 2859/6/3 2858/6/3
f 2863/6/3 2859/6/3 2862/6/3
f 2864/5/3 2861/5/3 2860/5/3
f 2865/5/3 2861/5/3 2864/5/3
f 2870/6/3 2867/6/3 2866/6/3
f 2871/6/3 2867/6/3 2870/6/3
f 2872/5/3 2869/5/3 2868/5/3
f 2873/5/3 2869/5/3 2872/5/3
f 2878/6/3 2875/6/3 2874/6/3
f 2879/6/3 2875/6/3 2878/6/3
f 2880/5/3 2877/5/3 2876/5/3
f 2881/5/3 2877/5/3 2880/5/3
f 2886/6/3 2883/6/3 2882/6/3
f 2887/6/3 2883/6/3 2886/6/3
f 2888/5/3 2885/5/3 2884/5/3
f 2889/5/3 2885/5/3 2888/5/3
f 2894/6/3 2891/6/3 2890/6/3
f 2895/6/3 2891/6/3 2894/6/3
f 2896/5/3 2893/5/3 2892/5/3
f 2897/5/3 2893/5/3 2896/5/3
f 2902/6/3 2899/6/3 2898/6/3
f 2903/6/3 2899/6/3 2902/6/3
f 2904/5/3 2901/5/3 2900/5/3
f 2905/5/3 2901/5/3 2904/5/3
f 2910/6/3 2907/6/3 2906/6/3
f 2911/6/3 2907/6/3 2910/6/3
f 2912/5/3 2909/5/3 2908/5/3
f 2913/5/3 2909/5/3 2912/5/3
f 2918/6/3 2915/6/3 2914/6/3
f 2919/6/3 2915/6/3 2918/6/3
f 2920/5/3 2917/5/3 2916/5/3
f 2921/5/3 2917/5/3 2920/5/3
f 2926/6/3 2923/6/3 2922/6/3
f 2927/6/3 2923/6/3 2926/6/3
f 2928/5/3 2925/5/3 2924/5/3
f 2929/5/3 2925/5/3 2928/5/3
f 2934/6/3 2931/6/3 2930/6/3
f 2935/6/3 2931/6/3 2934/6/3
f 2936/5/3 2933/5/3 2932/5/3
f 2937/5/3 2933/5/3 2936/5/3
f 2940/5/3 2939/5/3 2938/5/3
f 2941/5/3 2939/5/3 2940/5/3
f 2944/5/3 2943/5/3 2942/5/3
f 2945/5/3 2943/5/3 2944/5/3
f 2950/5/3 2947/5/3 2946/5/3
f 2951/5/3 2947/5/3 2950/5/3
f 2952/6/3 2949/6/3 2948/6/3
f 2953/6/3 2949/6/3 2952/6/3
f 2958/5/3 2955/5/3 2954/5/3
f 2959/5/3 2955/5/3 2958/5/3
f 2960/6/3 2957/6/3 2956/6/3
f 2961/6/3 2957/6/3 2960/6/3
f 2966/6/3 2963/6/3 2962/6/3
f 2967/6/3 2963/6/3 2966/6/3
f 2968/6/3 2963/6/3 2967/6/3
f 2969/6/3 2963/6/3 2968/6/3
f 2970/6/3 2965/6/3 2964/6/3
f 2971/6/3 2965/6/3 2970/6/3
f 2972/6/3 2965/6/3 2971/6/3
f 2973/6/3 2965/6/3 2972/6/3
f 2982/6/3 2975/6/3 2974/6/3
f 2982/6/3 2976/6/3 2975/6/3
f 2982/6/3 2977/6/3 2976/6/3
f 2983/6/3 2977/6/3 2982/6/3
f 2984/6/3 2981/6/3 2980/6/3
f 2984/6/3 2980/6/3 2979/6/3
f 2984/6/3 2979/6/3 2978/6/3
f 2985/6/3 2981/6/3 2984/6/3
f 2990/5/3 2987/5/3 2986/5/3
f 2991/5/3 2987/5/3 2990/5/3
f 2992/6/3 2989/6/3 2988/6/3
f 2993/6/3 2989/6/3 2992/6/3
f 2998/5/3 2995/5/3 2994/5/3
f 2999/5/3 2995/5/3 2998/5/3
f 3000/6/3 2997/6/3 2996/6/3
f 3001/6/3 2997/6/3 3000/6/3
f 3006/5/3 3003/5/3 3002/5/3
f 3007/5/3 3003/5/3 3006/5/3
f 3008/6/3 3005/6/3 3004/6/3
f 3009/6/3 3005/6/3 3008/6/3
f 3014/5/3 3011/5/3 3010/5/3
f 3015/5/3 3011/5/3 3014/5/3
f 3016/6/3 3013/6/3 3012/6/3
f 3017/6/3 3013/6/3 3016/6/3
f 3022/5/3 3019/5/3 3018/5/3
f 3023/5/3 3019/5/3 3022/5/3
f 3024/6/3 3021/6/3 3020/6/3
f 3025/6/3 3021/6/3 3024/6/3
f 3030/5/3 3027/5/3 3026/5/3
f 3031/5/3 3027/5/3 3030/5/3
f 3032/6/3 3029/6/3 3028/6/3
f 3033/6/3 3029/6/3 3032/6/3
f 3038/5/3 3035/5/3 3034/5/3
f 3039/5/3 3035/5/3 3038/5/3
f 3040/6/3 3037/6/3 3036/6/3
f 3041/6/3 3037/6/3 3040/6/3
f 3046/5/3 3043/5/3 3042/5/3
f 3047/5/3 3043/5/3 3046/5/3
f 3048/6/3 3045/6/3 3044/6/3
f 3049/6/3 3045/6/3 3048/6/3
f 3054/5/3 3051/5/3 3050/5/3
f 3055/5/3 3051/5/3 3054/5/3
f 3056/6/3 3053/6/3 3052/6/3
f 3057/6/3 3053/6/3 3056/6/3
f 3062/5/3 3059/5/3 3058/5/3
f 3063/5/3 3059/5/3 3062/5/3
f 3064/6/3 3061/6/3 3060/6/3
f 3065/6/3 3061/6/3 3064/6/3
f 3070/5/3 3067/5/3 3066/5/3
f 3071/5/3 3067/5/3 3070/5/3
f 3072/6/3 3069/6/3 3068/6/3
f 3073/6/3 3069/6/3 3072/6/3
f 3078/5/3 3075/5/3 3074/5/3
f 3079/5/3 3075/5/3 3078/5/3
f 3080/6/3 3077/6/3 3076/6/3
f 3081/6/3 3077/6/3 3080/6/3
f 3086/5/3 3083/5/3 3082/5/3
f 3087/5/3 3083/5/3 3086/5/3
f 3088/6/3 3085/6/3 3084/6/3
f 3089/6/3 3085/6/3 3088/6/3
f 3094/5/3 3091/5/3 3090/5/3
f 3095/5/3 3091/5/3 3094/5/3
f 3096/6/3 3093/6/3 3092/6/3
f 3097/6/3 3093/6/3 3096/6/3
f 3102/5/3 3099/5/3 3098/5/3
f 3103/5/3 3099/5/3 3102/5/3
f 3104/6/3 3101/6/3 3100/6/3
f 3105/6/3 3101/6/3 3104/6/3
f 3110/5/3 3107/5/3 3106/5/3
f 3111/5/3 3107/5/3 3110/5/3
f 3112/6/3 3109/6/3 3108/6/3
f 3113/6/3 3109/6/3 3112/6/3
f 3118/5/3 3115/5/3 3114/5/3
f 3119/5/3 3115/5/3 3118/5/3
f 3120/6/3 3117/6/3 3116/6/3
f 3121/6/3 3117/6/3 3120/6/3
f 3126/5/3 3123/5/3 3122/5/3
f 3127/5/3 3123/5/3 3126/5/3
f 3128/6/3 3125/6/3 3124/6/3
f 3129/6/3 3125/6/3 3128/6/3
f 3134/5/3 3131/5/3 3130/5/3
f 3135/5/3 3131/5/3 3134/5/3
f 3136/6/3 3133/6/3 3132/6/3
f 3137/6/3 3133/6/3 3136/6/3
f 3142/5/3 3139/5/3 3138/5/3
f 3143/5/3 3139/5/3 3142/5/3
f 3144/6/3 3141/6/3 3140/6/3
f 3145/6/3 3141/6/3 3144/6/3
f 3150/5/3 3147/5/3 3146/5/3
f 3151/5/3 3147/5/3 3150/5/3
f 3152/6/3 3149/6/3 3148/6/3
f 3153/6/3 3149/6/3 3152/6/3
f 3158/5/3 3155/5/3 3154/5/3
f 3159/5/3 3155/5/3 3158/5/3
f 3160/6/3 3157/6/3 3156/6/3
f 3161/6/3 3157/6/3 3160/6/3
f 3166/5/3 3163/5/3 3162/5/3
f 3167/5/3 3163/5/3 3166/5/3
f 3168/6/3 3165/6/3 3164/6/3
f 3169/6/3 3165/6/3 3168/6/3
f 3174/5/3 3171/5/3 3170/5/3
f 3175/5/3 3171/5/3 3174/5/3
f 3176/6/3 3173/6/3 3172/6/3
f 3177/6/3 3173/6/3 3176/6/3
f 3182/5/3 3179/5/3 3178/5/3
f 3183/5/3 3179/5/3 3182/5/3
f 3184/6/3 3181/6/3 3180/6/3
f 3185/6/3 3181/6/3 3184/6/3
f 3189/5/3 3187/5/3 3186/5/3
f 3190/5/3 3187/5/3 3189/5/3
f 3191/3/3 3189/3/3 3188/3/3
f 3192/3/3 3189/3/3 3191/3/3
f 3194/5/3 3193/5/3 3192/5/3
f 3195/5/3 3193/5/3 3194/5/3
f 3200/5/3 3197/5/3 3196/5/3
f 3201/5/3 3197/5/3 3200/5/3
f 3202/6/3 3199/6/3 3198/6/3
f 3203/6/3 3199/6/3 3202/6/3
f 3206/5/3 3205/5/3 3204/5/3
f 3207/5/3 3205/5/3 3206/5/3
f 3210/5/3 3209/5/3 3208/5/3
f 3211/5/3 3209/5/3 3210/5/3
f 3214/5/3 3213/5/3 3212/5/3
f 3215/5/3 3213/5/3 3214/5/3
f 3216/5/4 3217/5/4 3218/5/4
f 3218/5/4 3217/5/4 3219/5/4
f 3220/5/4 3221/5/4 3222/5/4
f 3222/5/4 3221/5/4 3223/5/4
f 3224/5/4 3225/5/4 3226/5/4
f 3226/5/4 3225/5/4 3227/5/4
f 3228/5/4 3229/5/4 3232/5/4
f 3232/5/4 3229/5/4 3233/5/4
f 3230/6/4 3231/6/4 3234/6/4
f 3234/6/4 3231/6/4 3235/6/4
f 3236/5/4 3237/5/4 3239/5/4
f 3239/5/4 3237/5/4 3240/5/4
f 3238/3/4 3239/3/4 3241/3/4
f 3241/3/4 3239/3/4 3242/3/4
f 3242/5/4 3243/5/4 3244/5/4
f 3244/5/4 3243/5/4 3245/5/4
f 3246/5/4 3247/5/4 3250/5/4
f 3250/5/4 3247/5/4 3251/5/4
f 3248/6/4 3249/6/4 3252/6/4
f 3252/6/4 3249/6/4 3253/6/4
f 3254/5/4 3255/5/4 3258/5/4
f 3258/5/4 3255/5/4 3259/5/4
f 3256/6/4 3257/6/4 3260/6/4
f 3260/6/4 3257/6/4 3261/6/4
f 3262/5/4 3263/5/4 3266/5/4
f 3266/5/4 3263/5/4 3267/5/4
f 3264/6/4 3265/6/4 3268/6/4
f 3268/6/4 3265/6/4 3269/6/4
f 3270/5/4 3271/5/4 3274/5/4
f 3274/5/4 3271/5/4 3275/5/4
f 3272/6/4 3273/6/4 3276/6/4
f 3276/6/4 3273/6/4 3277/6/4
f 3278/5/4 3279/5/4 3282/5/4
f 3282/5/4 3279/5/4 3283/5/4
f 3280/6/4 3281/6/4 3284/6/4
f 3284/6/4 3281/6/4 3285/6/4
f 3286/5/4 3287/5/4 3290/5/4
f 3290/5/4 3287/5/4 3291/5/4
f 3288/6/4 3289/6/4 3292/6/4
f 3292/6/4 3289/6/4 3293/6/4
f 3294/5/4 3295/5/4 3298/5/4
f 3298/5/4 3295/5/4 3299/5/4
f 3296/6/4 3297/6/4 3300/6/4
f 3300/6/4 3297/6/4 3301/6/4
f 3302/5/4 3303/5/4 3306/5/4
f 3306/5/4 3303/5/4 3307/5/4
f 3304/6/4 3305/6/4 3308/6/4
f 3308/6/4 3305/6/4 3309/6/4
f 3310/5/4 3311/5/4 3314/5/4
f 3314/5/4 3311/5/4 3315/5/4
f 3312/6/4 3313/6/4 3316/6/4
f 3316/6/4 3313/6/4 3317/6/4
f 3318/5/4 3319/5/4 3322/5/4
f 3322/5/4 3319/5/4 3323/5/4
f 3320/6/4 3321/6/4 3324/6/4
f 3324/6/4 3321/6/4 3325/6/4
f 3326/5/4 3327/5/4 3330/5/4
f 3330/5/4 3327/5/4 3331/5/4
f 3328/6/4 3329/6/4 3332/6/4
f 3332/6/4 3329/6/4 3333/6/4
f 3334/5/4 3335/5/4 3338/5/4
f 3338/5/4 3335/5/4 3339/5/4
f 3336/6/4 3337/6/4 3340/6/4
f 3340/6/4 3337/6/4 3341/6/4
f 3342/5/4 3343/5/4 3346/5/4
f 3346/5/4 3343/5/4 3347/5/4
f 3344/6/4 3345/6/4 3348/6/4
f 3348/6/4 3345/6/4 3349/6/4
f 3350/5/4 3351/5/4 3354/5/4
f 3354/5/4 3351/5/4 3355/5/4
f 3352/6/4 3353/6/4 3356/6/4
f 3356/6/4 3353/6/4 3357/6/4
f 3358/5/4 3359/5/4 3362/5/4
f 3362/5/4 3359/5/4 3363/5/4
f 3360/6/4 3361/6/4 3364/6/4
f 3364/6/4 3361/6/4 3365/6/4
f 3366/5/4 3367/5/4 3370/5/4
f 3370/5/4 3367/5/4 3371/5/4
f 3368/6/4 3369/6/4 3372/6/4
f 3372/6/4 3369/6/4 3373/6/4
f 3374/5/4 3375/5/4 3378/5/4
f 3378/5/4 3375/5/4 3379/5/4
f 3376/6/4 3377/6/4 3380/6/4
f 3380/6/4 3377/6/4 3381/6/4
f 3382/5/4 3383/5/4 3386/5/4
f 3386/5/4 3383/5/4 3387/5/4
f 3384/6/4 3385/6/4 3388/6/4
f 3388/6/4 3385/6/4 3389/6/4
f 3390/5/4 3391/5/4 3394/5/4
f 3394/5/4 3391/5/4 3395/5/4
f 3392/6/4 3393/6/4 3396/6/4
f 3396/6/4 3393/6/4 3397/6/4
f 3398/5/4 3399/5/4 3402/5/4
f 3402/5/4 3399/5/4 3403/5/4
f 3400/6/4 3401/6/4 3404/6/4
f 3404/6/4 3401/6/4 3405/6/4
f 3406/5/4 3407/5/4 3410/5/4
f 3410/5/4 3407/5/4 3411/5/4
f 3408/6/4 3409/6/4 3412/6/4
f 3412/6/4 3409/6/4 3413/6/4
f 3414/5/4 3415/5/4 3418/5/4
f 3418/5/4 3415/5/4 3419/5/4
f 3416/6/4 3417/6/4 3420/6/4
f 3420/6/4 3417/6/4 3421/6/4
f 3422/5/4 3423/5/4 3426/5/4
f 3426/5/4 3423/5/4 3427/5/4
f 3424/6/4 3425/6/4 3428/6/4
f 3428/6/4 3425/6/4 3429/6/4
f 3430/5/4 3431/5/4 3434/5/4
f 3434/5/4 3431/5/4 3435/5/4
f 3432/6/4 3433/6/4 3436/6/4
f 3436/6/4 3433/6/4 3437/6/4
f 3438/5/4 3439/5/4 3442/5/4
f 3442/5/4 3439/5/4 3443/5/4
f 3440/6/4 3441/6/4 3444/6/4
f 3444/6/4 3441/6/4 3445/6/4
f 3446/6/4 3447/6/4 3450/6/4
f 3450/6/4 3447/6/4 3451/6/4
f 3451/6/4 3447/6/4 3452/6/4
f 3452/6/4 3447/6/4 3453/6/4
f 3448/6/4 3449/6/4 3454/6/4
f 3454/6/4 3449/6/4 3455/6/4
f 3455/6/4 3449/6/4 3456/6/4
f 3456/6/4 3449/6/4 3457/6/4
f 3458/6/4 3459/6/4 3466/6/4
f 3459/6/4 3460/6/4 3466/6/4
f 3460/6/4 3461/6/4 3466/6/4
f 3466/6/4 3461/6/4 3467/6/4
f 3464/6/4 3465/6/4 3468/6/4
f 3463/6/4 3464/6/4 3468/6/4
f 3462/6/4 3463/6/4 3468/6/4
f 3468/6/4 3465/6/4 3469/6/4
f 3470/5/4 3471/5/4 3474/5/4
f 3474/5/4 3471/5/4 3475/5/4
f 3472/6/4 3473/6/4 3476/6/4
f 3476/6/4 3473/6/4 3477/6/4
f 3478/5/4 3479/5/4 3482/5/4
f 3482/5/4 3479/5/4 3483/5/4
f 3480/6/4 3481/6/4 3484/6/4
f 3484/6/4 3481/6/4 3485/6/4
f 3486/5/4 3487/5/4 3488/5/4
f 3488/5/4 3487/5/4 3489/5/4
f 3490/5/4 3491/5/4 3492/5/4
f 3492/5/4 3491/5/4 3493/5/4
f 3494/6/4 3495/6/4 3498/6/4
f 3498/6/4 3495/6/4 3499/6/4
f 3496/5/4 3497/5/4 3500/5/4
f 3500/5/4 3497/5/4 3501/5/4
f 3502/6/4 3503/6/4 3506/6/4
f 3506/6/4 3503/6/4 3507/6/4
f 3504/5/4 3505/5/4 3508/5/4
f 3508/5/4 3505/5/4 3509/5/4
f 3510/6/4 3511/6/4 3514/6/4
f 3514/6/4 3511/6/4 3515/6/4
f 3512/5/4 3513/5/4 3516/5/4
f 3516/5/4 3513/5/4 3517/5/4
f 3518/6/4 3519/6/4 3522/6/4
f 3522/6/4 3519/6/4 3523/6/4
f 3520/5/4 3521/5/4 3524/5/4
f 3524/5/4 3521/5/4 3525/5/4
f 3526/6/4 3527/6/4 3530/6/4
f 3530/6/4 3527/6/4 3531/6/4
f 3528/5/4 3529/5/4 3532/5/4
f 3532/5/4 3529/5/4 3533/5/4
f 3534/6/4 3535/6/4 3538/6/4
f 3538/6/4 3535/6/4 3539/6/4
f 3536/5/4 3537/5/4 3540/5/4
f 3540/5/4 3537/5/4 3541/5/4
f 3542/6/4 3543/6/4 3546/6/4
f 3546/6/4 3543/6/4 3547/6/4
f 3544/5/4 3545/5/4 3548/5/4
f 3548/5/4 3545/5/4 3549/5/4
f 3550/6/4 3551/6/4 3554/6/4
f 3554/6/4 3551/6/4 3555/6/4
f 3552/5/4 3553/5/4 3556/5/4
f 3556/5/4 3553/5/4 3557/5/4
f 3558/6/4 3559/6/4 3562/6/4
f 3562/6/4 3559/6/4 3563/6/4
f 3560/5/4 3561/5/4 3564/5/4
f 3564/5/4 3561/5/4 3565/5/4
f 3566/6/4 3567/6/4 3570/6/4
f 3570/6/4 3567/6/4 3571/6/4
f 3568/5/4 3569/5/4 3572/5/4
f 3572/5/4 3569/5/4 3573/5/4
f 3574/6/4 3575/6/4 3578/6/4
f 3578/6/4 3575/6/4 3579/6/4
f 3576/5/4 3577/5/4 3580/5/4
f 3580/5/4 3577/5/4 3581/5/4
f 3582/6/4 3583/6/4 3586/6/4
f 3586/6/4 3583/6/4 3587/6/4
f 3584/5/4 3585/5/4 3588/5/4
f 3588/5/4 3585/5/4 3589/5/4
f 3590/6/4 3591/6/4 3594/6/4
f 3594/6/4 3591/6/4 3595/6/4
f 3592/5/4 3593/5/4 3596/5/4
f 3596/5/4 3593/5/4 3597/5/4
f 3598/6/4 3599/6/4 3602/6/4
f 3602/6/4 3599/6/4 3603/6/4
f 3600/5/4 3601/5/4 3604/5/4
f 3604/5/4 3601/5/4 3605/5/4
f 3606/6/4 3607/6/4 3610/6/4
f 3610/6/4 3607/6/4 3611/6/4
f 3608/5/4 3609/5/4 3612/5/4
f 3612/5/4 3609/5/4 3613/5/4
f 3614/6/4 3615/6/4 3618/6/4
f 3618/6/4 3615/6/4 3619/6/4
f 3616/5/4 3617/5/4 3620/5/4
f 3620/5/4 3617/5/4 3621/5/4
f 3622/6/4 3623/6/4 3626/6/4
f 3626/6/4 3623/6/4 3627/6/4
f 3624/5/4 3625/5/4 3628/5/4
f 3628/5/4 3625/5/4 3629/5/4
f 3630/6/4 3631/6/4 3634/6/4
f 3634/6/4 3631/6/4 3635/6/4
f 3632/5/4 3633/5/4 3636/5/4
f 3636/5/4 3633/5/4 3637/5/4
f 3638/6/4 3639/6/4 3642/6/4
f 3642/6/4 3639/6/4 3643/6/4
f 3640/5/4 3641/5/4 3644/5/4
f 3644/5/4 3641/5/4 3645/5/4
f 3646/6/4 3647/6/4 3650/6/4
f 3650/6/4 3647/6/4 3651/6/4
f 3648/5/4 3649/5/4 3652/5/4
f 3652/5/4 3649/5/4 3653/5/4
f 3654/6/4 3655/6/4 3658/6/4
f 3658/6/4 3655/6/4 3659/6/4
f 3656/5/4 3657/5/4 3660/5/4
f 3660/5/4 3657/5/4 3661/5/4
f 3662/6/4 3663/6/4 3666/6/4
f 3666/6/4 3663/6/4 3667/6/4
f 3664/5/4 3665/5/4 3668/5/4
f 3668/5/4 3665/5/4 3669/5/4
f 3670/3/4 3671/3/4 3672/3/4
f 3672/3/4 3671/3/4 3673/3/4
f 3673/3/4 3671/3/4 3674/3/4
f 3674/3/4 3671/3/4 3675/3/4
f 3675/3/4 3671/3/4 3676/3/4
f 3676/3/4 3671/3/4 3677/3/4
f 3673/3/4 3674/3/4 3680/3/4
f 3680/3/4 3674/3/4 3681/3/4
f 3674/4/4 3675/4/4 3682/4/4
f 3681/3/4 3674/3/4 3682/3/4
f 3675/3/4 3676/3/4 3683/3/4
f 3682/4/4 3675/4/4 3683/4/4
f 3683/3/4 3676/3/4 3684/3/4
f 3684/3/4 3676/3/4 3685/3/4
f 3685/3/4 3676/3/4 3686/3/4
f 3678/3/4 3679/3/4 3689/3/4
f 3683/4/4 3684/4/4 3691/4/4
f 3681/4/4 3682/4/4 3691/4/4
f 3682/4/4 3683/4/4 3691/4/4
f 3691/4/4 3684/4/4 3692/4/4
f 3692/4/4 3684/4/4 3693/4/4
f 3693/4/4 3684/4/4 3694/4/4
f 3684/3/4 3685/3/4 3695/3/4
f 3694/4/4 3684/4/4 3695/4/4
f 3695/3/4 3685/3/4 3696/3/4
f 3696/3/4 3685/3/4 3697/3/4
f 3687/3/4 3688/3/4 3699/3/4
f 3689/3/4 3690/3/4 3700/3/4
f 3678/3/4 3689/3/4 3700/3/4
f 3700/3/4 3690/3/4 3701/3/4
f 3692/4/4 3693/4/4 3703/4/4
f 3703/4/4 3693/4/4 3704/4/4
f 3693/5/4 3694/5/4 3705/5/4
f 3704/4/4 3693/4/4 3705/4/4
f 3695/4/4 3696/4/4 3706/4/4
f 3705/5/4 3694/5/4 3706/5/4
f 3694/4/4 3695/4/4 3706/4/4
f 3706/4/4 3696/4/4 3707/4/4
f 3707/4/4 3696/4/4 3708/4/4
f 3698/3/4 3699/3/4 3710/3/4
f 3699/3/4 3688/3/4 3711/3/4
f 3710/3/4 3699/3/4 3711/3/4
f 3701/4/4 3702/4/4 3712/4/4
f 3700/4/4 3701/4/4 3712/4/4
f 3704/5/4 3705/5/4 3714/5/4
f 3706/5/4 3707/5/4 3714/5/4
f 3705/5/4 3706/5/4 3714/5/4
f 3714/5/4 3707/5/4 3715/5/4
f 3715/5/4 3707/5/4 3716/5/4
f 3716/5/4 3707/5/4 3717/5/4
f 3710/4/4 3711/4/4 3719/4/4
f 3709/4/4 3710/4/4 3719/4/4
f 3712/4/4 3713/4/4 3720/4/4
f 3715/5/4 3716/5/4 3722/5/4
f 3722/5/4 3716/5/4 3723/5/4
f 3723/5/4 3716/5/4 3724/5/4
f 3724/5/4 3716/5/4 3725/5/4
f 3718/4/4 3719/4/4 3727/4/4
f 3720/5/4 3721/5/4 3728/5/4
f 3712/4/4 3720/4/4 3728/4/4
f 3728/5/4 3721/5/4 3729/5/4
f 3723/5/4 3724/5/4 3731/5/4
f 3731/5/4 3724/5/4 3732/5/4
f 3732/5/4 3724/5/4 3733/5/4
f 3733/5/4 3724/5/4 3734/5/4
f 3726/5/4 3727/5/4 3736/5/4
f 3727/4/4 3719/4/4 3737/4/4
f 3736/5/4 3727/5/4 3737/5/4
f 3678/3/4 3700/3/4 3738/3/4
f 3700/4/4 3712/4/4 3738/4/4
f 3712/4/4 3728/4/4 3738/4/4
f 3728/4/4 3729/4/4 3738/4/4
f 3738/4/4 3729/4/4 3739/4/4
f 3729/5/4 3730/5/4 3740/5/4
f 3739/4/4 3729/4/4 3740/4/4
f 3740/5/4 3730/5/4 3741/5/4
f 3732/5/4 3733/5/4 3743/5/4
f 3743/5/4 3733/5/4 3744/5/4
f 3744/5/4 3733/5/4 3745/5/4
f 3745/5/4 3733/5/4 3746/5/4
f 3746/5/4 3733/5/4 3747/5/4
f 3735/4/4 3736/4/4 3749/4/4
f 3736/4/4 3737/4/4 3749/4/4
f 3737/4/4 3719/4/4 3750/4/4
f 3719/4/4 3711/4/4 3750/4/4
f 3749/4/4 3737/4/4 3750/4/4
f 3711/3/4 3688/3/4 3751/3/4
f 3750/4/4 3711/4/4 3751/4/4
f 3738/3/4 3739/3/4 3752/3/4
f 3741/4/4 3742/4/4 3752/4/4
f 3739/4/4 3740/4/4 3752/4/4
f 3740/4/4 3741/4/4 3752/4/4
f 3752/4/4 3742/4/4 3753/4/4
f 3753/4/4 3742/4/4 3754/4/4
f 3744/5/4 3745/5/4 3756/5/4
f 3756/5/4 3745/5/4 3757/5/4
f 3745/4/4 3746/4/4 3758/4/4
f 3757/5/4 3745/5/4 3758/5/4
f 3758/4/4 3746/4/4 3759/4/4
f 3759/4/4 3746/4/4 3760/4/4
f 3749/4/4 3750/4/4 3762/4/4
f 3748/4/4 3749/4/4 3762/4/4
f 3750/3/4 3751/3/4 3763/3/4
f 3762/4/4 3750/4/4 3763/4/4
f 3754/4/4 3755/4/4 3764/4/4
f 3752/3/4 3753/3/4 3764/3/4
f 3753/4/4 3754/4/4 3764/4/4
f 3764/4/4 3755/4/4 3765/4/4
f 3758/4/4 3759/4/4 3767/4/4
f 3757/4/4 3758/4/4 3767/4/4
f 3767/4/4 3759/4/4 3768/4/4
f 3768/4/4 3759/4/4 3769/4/4
f 3769/4/4 3759/4/4 3770/4/4
f 3762/3/4 3763/3/4 3772/3/4
f 3761/3/4 3762/3/4 3772/3/4
f 3765/3/4 3766/3/4 3773/3/4
f 3764/3/4 3765/3/4 3773/3/4
f 3768/3/4 3769/3/4 3775/3/4
f 3775/3/4 3769/3/4 3776/3/4
f 3776/3/4 3769/3/4 3777/3/4
f 3777/3/4 3769/3/4 3778/3/4
f 3771/3/4 3772/3/4 3780/3/4
f 3773/3/4 3774/3/4 3781/3/4
f 3776/3/4 3777/3/4 3783/3/4
f 3783/3/4 3777/3/4 3784/3/4
f 3784/3/4 3777/3/4 3785/3/4
f 3779/3/4 3780/3/4 3787/3/4
f 3764/3/4 3773/3/4 3788/3/4
f 3781/3/4 3782/3/4 3788/3/4
f 3773/3/4 3781/3/4 3788/3/4
f 3788/3/4 3782/3/4 3789/3/4
f 3786/3/4 3787/3/4 3792/3/4
f 3780/3/4 3772/3/4 3793/3/4
f 3787/3/4 3780/3/4 3793/3/4
f 3792/3/4 3787/3/4 3793/3/4
f 3752/3/4 3764/3/4 3794/3/4
f 3764/3/4 3788/3/4 3794/3/4
f 3789/4/4 3790/4/4 3795/4/4
f 3794/3/4 3788/3/4 3795/3/4
f 3788/4/4 3789/4/4 3795/4/4
f 3795/4/4 3790/4/4 3796/4/4
f 3791/4/4 3792/4/4 3799/4/4
f 3792/4/4 3793/4/4 3799/4/4
f 3793/3/4 3772/3/4 3800/3/4
f 3799/4/4 3793/4/4 3800/4/4
f 3772/3/4 3763/3/4 3801/3/4
f 3800/3/4 3772/3/4 3801/3/4
f 3752/3/4 3794/3/4 3802/3/4
f 3738/3/4 3752/3/4 3802/3/4
f 3796/4/4 3797/4/4 3803/4/4
f 3802/3/4 3794/3/4 3803/3/4
f 3795/4/4 3796/4/4 3803/4/4
f 3794/4/4 3795/4/4 3803/4/4
f 3803/4/4 3797/4/4 3804/4/4
f 3804/4/4 3797/4/4 3805/4/4
f 3799/4/4 3800/4/4 3806/4/4
f 3800/4/4 3801/4/4 3806/4/4
f 3798/4/4 3799/4/4 3806/4/4
f 3806/4/4 3801/4/4 3807/4/4
f 3801/3/4 3763/3/4 3808/3/4
f 3807/4/4 3801/4/4 3808/4/4
f 3763/3/4 3751/3/4 3809/3/4
f 3808/3/4 3763/3/4 3809/3/4
f 3738/3/4 3802/3/4 3810/3/4
f 3678/3/4 3738/3/4 3810/3/4
f 3803/4/4 3804/4/4 3811/4/4
f 3810/3/4 3802/3/4 3811/3/4
f 3802/4/4 3803/4/4 3811/4/4
f 3811/4/4 3804/4/4 3812/4/4
f 3804/5/4 3805/5/4 3813/5/4
f 3812/4/4 3804/4/4 3813/4/4
f 3813/5/4 3805/5/4 3814/5/4
f 3814/5/4 3805/5/4 3815/5/4
f 3806/5/4 3807/5/4 3816/5/4
f 3816/5/4 3807/5/4 3817/5/4
f 3807/4/4 3808/4/4 3818/4/4
f 3817/5/4 3807/5/4 3818/5/4
f 3808/4/4 3809/4/4 3818/4/4
f 3818/4/4 3809/4/4 3819/4/4
f 3678/3/4 3810/3/4 3820/3/4
f 3811/4/4 3812/4/4 3821/4/4
f 3820/3/4 3810/3/4 3821/3/4
f 3810/4/4 3811/4/4 3821/4/4
f 3813/5/4 3814/5/4 3822/5/4
f 3821/4/4 3812/4/4 3822/4/4
f 3812/5/4 3813/5/4 3822/5/4
f 3822/5/4 3814/5/4 3823/5/4
f 3818/5/4 3819/5/4 3824/5/4
f 3817/5/4 3818/5/4 3824/5/4
f 3819/4/4 3809/4/4 3825/4/4
f 3824/5/4 3819/5/4 3825/5/4
f 3809/3/4 3751/3/4 3826/3/4
f 3825/4/4 3809/4/4 3826/4/4
f 3751/3/4 3688/3/4 3827/3/4
f 3826/3/4 3751/3/4 3827/3/4
f 3828/3/4 3829/3/4 3836/3/4
f 3829/4/4 3830/4/4 3836/4/4
f 3836/4/4 3830/4/4 3837/4/4
f 3830/5/4 3831/5/4 3838/5/4
f 3837/4/4 3830/4/4 3838/4/4
f 3838/5/4 3831/5/4 3839/5/4
f 3839/5/4 3831/5/4 3840/5/4
f 3832/5/4 3833/5/4 3843/5/4
f 3843/5/4 3833/5/4 3844/5/4
f 3833/4/4 3834/4/4 3845/4/4
f 3844/5/4 3833/5/4 3845/5/4
f 3836/3/4 3837/3/4 3846/3/4
f 3837/4/4 3838/4/4 3846/4/4
f 3838/4/4 3839/4/4 3846/4/4
f 3846/4/4 3839/4/4 3847/4/4
f 3840/5/4 3841/5/4 3848/5/4
f 3847/4/4 3839/4/4 3848/4/4
f 3839/5/4 3840/5/4 3848/5/4
f 3848/5/4 3841/5/4 3849/5/4
f 3843/5/4 3844/5/4 3850/5/4
f 3842/5/4 3843/5/4 3850/5/4
f 3844/4/4 3845/4/4 3851/4/4
f 3850/5/4 3844/5/4 3851/5/4
f 3845/4/4 3834/4/4 3852/4/4
f 3851/4/4 3845/4/4 3852/4/4
f 3834/3/4 3835/3/4 3853/3/4
f 3852/4/4 3834/4/4 3853/4/4
f 3848/4/4 3849/4/4 3854/4/4
f 3846/3/4 3847/3/4 3854/3/4
f 3847/4/4 3848/4/4 3854/4/4
f 3854/4/4 3849/4/4 3855/4/4
f 3855/4/4 3849/4/4 3856/4/4
f 3856/4/4 3849/4/4 3857/4/4
f 3851/4/4 3852/4/4 3858/4/4
f 3850/4/4 3851/4/4 3858/4/4
f 3858/4/4 3852/4/4 3859/4/4
f 3859/4/4 3852/4/4 3860/4/4
f 3852/3/4 3853/3/4 3861/3/4
f 3860/4/4 3852/4/4 3861/4/4
f 3855/4/4 3856/4/4 3862/4/4
f 3854/3/4 3855/3/4 3862/3/4
f 3862/4/4 3856/4/4 3863/4/4
f 3859/4/4 3860/4/4 3864/4/4
f 3864/4/4 3860/4/4 3865/4/4
f 3860/3/4 3861/3/4 3866/3/4
f 3865/4/4 3860/4/4 3866/4/4
f 3854/3/4 3862/3/4 3867/3/4
f 3867/3/4 3862/3/4 3868/3/4
f 3865/3/4 3866/3/4 3872/3/4
f 3872/3/4 3866/3/4 3873/3/4
f 3854/3/4 3867/3/4 3874/3/4
f 3874/3/4 3867/3/4 3875/3/4
f 3870/3/4 3871/3/4 3877/3/4
f 3869/3/4 3870/3/4 3877/3/4
f 3877/3/4 3871/3/4 3878/3/4
f 3873/3/4 3866/3/4 3880/3/4
f 3866/3/4 3861/3/4 3881/3/4
f 3880/3/4 3866/3/4 3881/3/4
f 3854/3/4 3874/3/4 3882/3/4
f 3882/3/4 3874/3/4 3883/3/4
f 3878/3/4 3879/3/4 3885/3/4
f 3877/3/4 3878/3/4 3885/3/4
f 3876/3/4 3877/3/4 3885/3/4
f 3885/3/4 3879/3/4 3886/3/4
f 3881/3/4 3861/3/4 3888/3/4
f 3888/3/4 3861/3/4 3889/3/4
f 3846/3/4 3854/3/4 3890/3/4
f 3854/3/4 3882/3/4 3890/3/4
f 3890/3/4 3882/3/4 3891/3/4
f 3891/3/4 3882/3/4 3892/3/4
f 3886/4/4 3887/4/4 3894/4/4
f 3885/4/4 3886/4/4 3894/4/4
f 3884/4/4 3885/4/4 3894/4/4
f 3894/4/4 3887/4/4 3895/4/4
f 3889/3/4 3861/3/4 3897/3/4
f 3897/3/4 3861/3/4 3898/3/4
f 3861/3/4 3853/3/4 3899/3/4
f 3898/3/4 3861/3/4 3899/3/4
f 3836/3/4 3846/3/4 3900/3/4
f 3846/3/4 3890/3/4 3900/3/4
f 3890/4/4 3891/4/4 3901/4/4
f 3900/3/4 3890/3/4 3901/3/4
f 3901/4/4 3891/4/4 3902/4/4
f 3902/4/4 3891/4/4 3903/4/4
f 3895/4/4 3896/4/4 3905/4/4
f 3894/4/4 3895/4/4 3905/4/4
f 3893/4/4 3894/4/4 3905/4/4
f 3905/4/4 3896/4/4 3906/4/4
f 3898/4/4 3899/4/4 3908/4/4
f 3908/4/4 3899/4/4 3909/4/4
f 3899/3/4 3853/3/4 3910/3/4
f 3909/4/4 3899/4/4 3910/4/4
f 3853/3/4 3835/3/4 3911/3/4
f 3910/3/4 3853/3/4 3911/3/4
f 3828/3/4 3836/3/4 3912/3/4
f 3836/3/4 3900/3/4 3912/3/4
f 3901/4/4 3902/4/4 3913/4/4
f 3912/3/4 3900/3/4 3913/3/4
f 3900/4/4 3901/4/4 3913/4/4
f 3913/4/4 3902/4/4 3914/4/4
f 3914/4/4 3902/4/4 3915/4/4
f 3915/4/4 3902/4/4 3916/4/4
f 3906/5/4 3907/5/4 3918/5/4
f 3905/5/4 3906/5/4 3918/5/4
f 3904/5/4 3905/5/4 3918/5/4
f 3918/5/4 3907/5/4 3919/5/4
f 3909/4/4 3910/4/4 3921/4/4
f 3910/4/4 3911/4/4 3921/4/4
f 3921/4/4 3911/4/4 3922/4/4
f 3922/4/4 3911/4/4 3923/4/4
f 3914/5/4 3915/5/4 3924/5/4
f 3913/4/4 3914/4/4 3924/4/4
f 3912/4/4 3913/4/4 3924/4/4
f 3924/5/4 3915/5/4 3925/5/4
f 3919/5/4 3920/5/4 3927/5/4
f 3918/5/4 3919/5/4 3927/5/4
f 3917/5/4 3918/5/4 3927/5/4
f 3927/5/4 3920/5/4 3928/5/4
f 3922/5/4 3923/5/4 3930/5/4
f 3923/4/4 3911/4/4 3931/4/4
f 3930/5/4 3923/5/4 3931/5/4
f 3912/4/4 3924/4/4 3932/4/4
f 3828/3/4 3912/3/4 3932/3/4
f 3932/4/4 3924/4/4 3933/4/4
f 3933/4/4 3924/4/4 3934/4/4
f 3934/4/4 3924/4/4 3935/4/4
f 3927/5/4 3928/5/4 3937/5/4
f 3928/5/4 3929/5/4 3937/5/4
f 3926/5/4 3927/5/4 3937/5/4
f 3937/5/4 3929/5/4 3938/5/4
f 3931/4/4 3911/4/4 3940/4/4
f 3940/4/4 3911/4/4 3941/4/4
f 3933/4/4 3934/4/4 3942/4/4
f 3932/3/4 3933/3/4 3942/3/4
f 3942/4/4 3934/4/4 3943/4/4
f 3938/5/4 3939/5/4 3945/5/4
f 3937/5/4 3938/5/4 3945/5/4
f 3936/5/4 3937/5/4 3945/5/4
f 3945/5/4 3939/5/4 3946/5/4
f 3946/5/4 3939/5/4 3947/5/4
f 3947/5/4 3939/5/4 3948/5/4
f 3941/4/4 3911/4/4 3950/4/4
f 3950/4/4 3911/4/4 3951/4/4
f 3911/3/4 3835/3/4 3952/3/4
f 3951/4/4 3911/4/4 3952/4/4
f 3932/3/4 3942/3/4 3953/3/4
f 3828/3/4 3932/3/4 3953/3/4
f 3953/3/4 3942/3/4 3954/3/4
f 3944/4/4 3945/4/4 3956/4/4
f 3945/4/4 3946/4/4 3956/4/4
f 3956/4/4 3946/4/4 3957/4/4
f 3946/5/4 3947/5/4 3958/5/4
f 3957/4/4 3946/4/4 3958/4/4
f 3948/4/4 3949/4/4 3959/4/4
f 3958/5/4 3947/5/4 3959/5/4
f 3947/4/4 3948/4/4 3959/4/4
f 3959/4/4 3949/4/4 3960/4/4
f 3960/4/4 3949/4/4 3961/4/4
f 3951/3/4 3952/3/4 3963/3/4
f 3952/3/4 3835/3/4 3964/3/4
f 3963/3/4 3952/3/4 3964/3/4
f 3828/3/4 3953/3/4 3965/3/4
f 3965/3/4 3953/3/4 3966/3/4
f 3955/3/4 3956/3/4 3968/3/4
f 3956/3/4 3957/3/4 3968/3/4
f 3957/4/4 3958/4/4 3969/4/4
f 3958/4/4 3959/4/4 3969/4/4
f 3968/3/4 3957/3/4 3969/3/4
f 3959/4/4 3960/4/4 3969/4/4
f 3969/4/4 3960/4/4 3970/4/4
f 3970/4/4 3960/4/4 3971/4/4
f 3961/3/4 3962/3/4 3972/3/4
f 3971/4/4 3960/4/4 3972/4/4
f 3960/3/4 3961/3/4 3972/3/4
f 3972/3/4 3962/3/4 3973/3/4
f 3964/3/4 3835/3/4 3975/3/4
f 3975/3/4 3835/3/4 3976/3/4
f 3967/3/4 3968/3/4 3978/3/4
f 3969/3/4 3970/3/4 3978/3/4
f 3968/3/4 3969/3/4 3978/3/4
f 3970/4/4 3971/4/4 3979/4/4
f 3978/3/4 3970/3/4 3979/3/4
f 3973/3/4 3974/3/4 3980/3/4
f 3979/4/4 3971/4/4 3980/4/4
f 3972/3/4 3973/3/4 3980/3/4
f 3971/3/4 3972/3/4 3980/3/4
f 3980/3/4 3974/3/4 3981/3/4
f 3977/3/4 3978/3/4 3983/3/4
f 3981/3/4 3982/3/4 3983/3/4
f 3980/3/4 3981/3/4 3983/3/4
f 3979/3/4 3980/3/4 3983/3/4
f 3978/3/4 3979/3/4 3983/3/4
f 3983/3/4 3982/3/4 3984/3/4
f 3985/5/4 3986/5/4 3988/5/4
f 3986/6/4 3987/6/4 3989/6/4
f 3988/5/4 3986/5/4 3989/5/4
f 3989/6/4 3987/6/4 3990/6/4
f 3990/6/4 3987/6/4 3991/6/4
f 3988/6/4 3989/6/4 3992/6/4
f 3989/6/4 3990/6/4 3992/6/4
f 3990/5/4 3991/5/4 3992/5/4
f 3992/5/4 3991/5/4 3993/5/4
f 3993/5/4 3991/5/4 3994/5/4
f 3994/5/4 3991/5/4 3995/5/4
f 3991/6/4 3987/6/4 3996/6/4
f 3995/5/4 3991/5/4 3996/5/4
f 3988/6/4 3992/6/4 3997/6/4
f 3992/6/4 3993/6/4 3997/6/4
f 3997/6/4 3993/6/4 3998/6/4
f 3998/6/4 3993/6/4 3999/6/4
f 3994/5/4 3995/5/4 4002/5/4
f 3995/6/4 3996/6/4 4003/6/4
f 4002/5/4 3995/5/4 4003/5/4
f 3988/6/4 3997/6/4 4004/6/4
f 3997/5/4 3998/5/4 4004/5/4
f 3999/6/4 4000/6/4 4005/6/4
f 4004/5/4 3998/5/4 4005/5/4
f 3998/6/4 3999/6/4 4005/6/4
f 4005/6/4 4000/6/4 4006/6/4
f 4006/6/4 4000/6/4 4007/6/4
f 4001/5/4 4002/5/4 4010/5/4
f 4002/6/4 4003/6/4 4011/6/4
f 4010/5/4 4002/5/4 4011/5/4
f 4003/6/4 3996/6/4 4012/6/4
f 4011/6/4 4003/6/4 4012/6/4
f 3996/6/4 3987/6/4 4013/6/4
f 4012/6/4 3996/6/4 4013/6/4
f 4013/6/4 3987/6/4 4014/6/4
f 4005/5/4 4006/5/4 4015/5/4
f 4007/6/4 4008/6/4 4016/6/4
f 4015/5/4 4006/5/4 4016/5/4
f 4006/6/4 4007/6/4 4016/6/4
f 4016/6/4 4008/6/4 4017/6/4
f 4017/6/4 4008/6/4 4018/6/4
f 4009/5/4 4010/5/4 4021/5/4
f 4011/6/4 4012/6/4 4022/6/4
f 4010/6/4 4011/6/4 4022/6/4
f 4021/5/4 4010/5/4 4022/5/4
f 4022/6/4 4012/6/4 4023/6/4
f 4023/6/4 4012/6/4 4024/6/4
f 4016/5/4 4017/5/4 4025/5/4
f 4018/6/4 4019/6/4 4026/6/4
f 4025/5/4 4017/5/4 4026/5/4
f 4017/6/4 4018/6/4 4026/6/4
f 4026/6/4 4019/6/4 4027/6/4
f 4027/6/4 4019/6/4 4028/6/4
f 4020/5/4 4021/5/4 4031/5/4
f 4022/6/4 4023/6/4 4032/6/4
f 4021/6/4 4022/6/4 4032/6/4
f 4031/5/4 4021/5/4 4032/5/4
f 4032/6/4 4023/6/4 4033/6/4
f 4033/6/4 4023/6/4 4034/6/4
f 4026/5/4 4027/5/4 4035/5/4
f 4028/6/4 4029/6/4 4036/6/4
f 4035/5/4 4027/5/4 4036/5/4
f 4027/6/4 4028/6/4 4036/6/4
f 4036/6/4 4029/6/4 4037/6/4
f 4037/6/4 4029/6/4 4038/6/4
f 4030/5/4 4031/5/4 4041/5/4
f 4032/6/4 4033/6/4 4042/6/4
f 4031/6/4 4032/6/4 4042/6/4
f 4041/5/4 4031/5/4 4042/5/4
f 4042/6/4 4033/6/4 4043/6/4
f 4043/6/4 4033/6/4 4044/6/4
f 4036/5/4 4037/5/4 4045/5/4
f 4038/6/4 4039/6/4 4046/6/4
f 4045/5/4 4037/5/4 4046/5/4
f 4037/6/4 4038/6/4 4046/6/4
f 4046/6/4 4039/6/4 4047/6/4
f 4047/6/4 4039/6/4 4048/6/4
f 4040/5/4 4041/5/4 4051/5/4
f 4042/6/4 4043/6/4 4052/6/4
f 4041/6/4 4042/6/4 4052/6/4
f 4051/5/4 4041/5/4 4052/5/4
f 4052/6/4 4043/6/4 4053/6/4
f 4053/6/4 4043/6/4 4054/6/4
f 4046/5/4 4047/5/4 4055/5/4
f 4048/6/4 4049/6/4 4056/6/4
f 4055/5/4 4047/5/4 4056/5/4
f 4047/6/4 4048/6/4 4056/6/4
f 4056/6/4 4049/6/4 4057/6/4
f 4057/6/4 4049/6/4 4058/6/4
f 4050/5/4 4051/5/4 4061/5/4
f 4052/6/4 4053/6/4 4062/6/4
f 4051/6/4 4052/6/4 4062/6/4
f 4061/5/4 4051/5/4 4062/5/4
f 4062/6/4 4053/6/4 4063/6/4
f 4063/6/4 4053/6/4 4064/6/4
f 4056/5/4 4057/5/4 4065/5/4
f 4058/6/4 4059/6/4 4066/6/4
f 4065/5/4 4057/5/4 4066/5/4
f 4057/6/4 4058/6/4 4066/6/4
f 4066/6/4 4059/6/4 4067/6/4
f 4067/6/4 4059/6/4 4068/6/4
f 4060/5/4 4061/5/4 4071/5/4
f 4062/6/4 4063/6/4 4072/6/4
f 4061/6/4 4062/6/4 4072/6/4
f 4071/5/4 4061/5/4 4072/5/4
f 4072/6/4 4063/6/4 4073/6/4
f 4073/6/4 4063/6/4 4074/6/4
f 4066/5/4 4067/5/4 4075/5/4
f 4068/6/4 4069/6/4 4076/6/4
f 4075/5/4 4067/5/4 4076/5/4
f 4067/6/4 4068/6/4 4076/6/4
f 4076/6/4 4069/6/4 4077/6/4
f 4077/6/4 4069/6/4 4078/6/4
f 4070/5/4 4071/5/4 4081/5/4
f 4072/6/4 4073/6/4 4082/6/4
f 4071/6/4 4072/6/4 4082/6/4
f 4081/5/4 4071/5/4 4082/5/4
f 4082/6/4 4073/6/4 4083/6/4
f 4083/6/4 4073/6/4 4084/6/4
f 4076/5/4 4077/5/4 4085/5/4
f 4078/6/4 4079/6/4 4086/6/4
f 4085/5/4 4077/5/4 4086/5/4
f 4077/6/4 4078/6/4 4086/6/4
f 4086/6/4 4079/6/4 4087/6/4
f 4087/6/4 4079/6/4 4088/6/4
f 4080/5/4 4081/5/4 4091/5/4
f 4082/6/4 4083/6/4 4092/6/4
f 4081/6/4 4082/6/4 4092/6/4
f 4091/5/4 4081/5/4 4092/5/4
f 4092/6/4 4083/6/4 4093/6/4
f 4093/6/4 4083/6/4 4094/6/4
f 4086/5/4 4087/5/4 4095/5/4
f 4088/6/4 4089/6/4 4096/6/4
f 4095/5/4 4087/5/4 4096/5/4
f 4087/6/4 4088/6/4 4096/6/4
f 4096/6/4 4089/6/4 4097/6/4
f 4097/6/4 4089/6/4 4098/6/4
f 4090/5/4 4091/5/4 4101/5/4
f 4092/6/4 4093/6/4 4102/6/4
f 4091/6/4 4092/6/4 4102/6/4
f 4101/5/4 4091/5/4 4102/5/4
f 4102/6/4 4093/6/4 4103/6/4
f 4103/6/4 4093/6/4 4104/6/4
f 4096/5/4 4097/5/4 4105/5/4
f 4098/6/4 4099/6/4 4106/6/4
f 4105/5/4 4097/5/4 4106/5/4
f 4097/6/4 4098/6/4 4106/6/4
f 4106/6/4 4099/6/4 4107/6/4
f 4107/6/4 4099/6/4 4108/6/4
f 4100/5/4 4101/5/4 4110/5/4
f 4102/6/4 4103/6/4 4111/6/4
f 4101/6/4 4102/6/4 4111/6/4
f 4110/5/4 4101/5/4 4111/5/4
f 4111/6/4 4103/6/4 4112/6/4
f 4112/6/4 4103/6/4 4113/6/4
f 4106/5/4 4107/5/4 4114/5/4
f 4108/6/4 4109/6/4 4115/6/4
f 4114/5/4 4107/5/4 4115/5/4
f 4107/6/4 4108/6/4 4115/6/4
f 4115/6/4 4109/6/4 4116/6/4
f 4109/5/4 4110/5/4 4117/5/4
f 4116/6/4 4109/6/4 4117/6/4
f 4111/6/4 4112/6/4 4118/6/4
f 4117/5/4 4110/5/4 4118/5/4
f 4110/6/4 4111/6/4 4118/6/4
f 4118/6/4 4112/6/4 4119/6/4
f 4119/6/4 4112/6/4 4120/6/4
f 4115/5/4 4116/5/4 4121/5/4
f 4116/6/4 4117/6/4 4122/6/4
f 4121/5/4 4116/5/4 4122/5/4
f 4118/6/4 4119/6/4 4122/6/4
f 4117/6/4 4118/6/4 4122/6/4
f 4122/6/4 4119/6/4 4123/6/4
f 4123/6/4 4119/6/4 4124/6/4
f 4122/6/4 4123/6/4 4126/6/4
f 4126/6/4 4123/6/4 4127/6/4
f 3988/6/4 4004/6/4 4129/6/4
f 4127/6/4 4128/6/4 4130/6/4
f 4125/6/4 4126/6/4 4130/6/4
f 4126/6/4 4127/6/4 4130/6/4
f 4130/6/4 4128/6/4 4131/6/4
f 4013/5/4 4014/5/4 4132/5/4
f 4014/6/4 3987/6/4 4133/6/4
f 4132/5/4 4014/5/4 4133/5/4
f 3988/6/4 4129/6/4 4134/6/4
f 4131/6/4 4132/6/4 4134/6/4
f 4132/6/4 4133/6/4 4134/6/4
f 4130/6/4 4131/6/4 4134/6/4
f 4129/6/4 4130/6/4 4134/6/4
f 4134/6/4 4133/6/4 4135/6/4
f 4135/6/4 4133/6/4 4136/6/4
f 4136/6/4 4133/6/4 4137/6/4
f 4133/6/4 3987/6/4 4138/6/4
f 4137/6/4 4133/6/4 4138/6/4
f 4135/6/4 4136/6/4 4139/6/4
f 4139/6/4 4136/6/4 4140/6/4
f 4140/6/4 4136/6/4 4141/6/4
f 4141/6/4 4136/6/4 4142/6/4
f 4140/6/4 4141/6/4 4144/6/4
f 4144/6/4 4141/6/4 4145/6/4
f 4143/5/4 4144/5/4 4148/5/4
f 4145/6/4 4146/6/4 4149/6/4
f 4144/6/4 4145/6/4 4149/6/4
f 4148/5/4 4144/5/4 4149/5/4
f 4149/6/4 4146/6/4 4150/6/4
f 4150/6/4 4146/6/4 4151/6/4
f 4151/6/4 4146/6/4 4152/6/4
f 4147/5/4 4148/5/4 4155/5/4
f 4148/6/4 4149/6/4 4156/6/4
f 4149/6/4 4150/6/4 4156/6/4
f 4155/5/4 4148/5/4 4156/5/4
f 4156/6/4 4150/6/4 4157/6/4
f 4150/5/4 4151/5/4 4158/5/4
f 4157/6/4 4150/6/4 4158/6/4
f 4151/6/4 4152/6/4 4159/6/4
f 4158/5/4 4151/5/4 4159/5/4
f 4152/6/4 4153/6/4 4159/6/4
f 4159/6/4 4153/6/4 4160/6/4
f 4160/6/4 4153/6/4 4161/6/4
f 4154/5/4 4155/5/4 4164/5/4
f 4155/6/4 4156/6/4 4165/6/4
f 4156/6/4 4157/6/4 4165/6/4
f 4164/5/4 4155/5/4 4165/5/4
f 4165/6/4 4157/6/4 4166/6/4
f 4166/6/4 4157/6/4 4167/6/4
f 4159/5/4 4160/5/4 4168/5/4
f 4161/6/4 4162/6/4 4169/6/4
f 4168/5/4 4160/5/4 4169/5/4
f 4160/6/4 4161/6/4 4169/6/4
f 4169/6/4 4162/6/4 4170/6/4
f 4170/6/4 4162/6/4 4171/6/4
f 4163/5/4 4164/5/4 4174/5/4
f 4165/6/4 4166/6/4 4175/6/4
f 4164/6/4 4165/6/4 4175/6/4
f 4174/5/4 4164/5/4 4175/5/4
f 4175/6/4 4166/6/4 4176/6/4
f 4176/6/4 4166/6/4 4177/6/4
f 4169/5/4 4170/5/4 4178/5/4
f 4171/6/4 4172/6/4 4179/6/4
f 4178/5/4 4170/5/4 4179/5/4
f 4170/6/4 4171/6/4 4179/6/4
f 4179/6/4 4172/6/4 4180/6/4
f 4180/6/4 4172/6/4 4181/6/4
f 4173/5/4 4174/5/4 4184/5/4
f 4175/6/4 4176/6/4 4185/6/4
f 4174/6/4 4175/6/4 4185/6/4
f 4184/5/4 4174/5/4 4185/5/4
f 4185/6/4 4176/6/4 4186/6/4
f 4186/6/4 4176/6/4 4187/6/4
f 4179/5/4 4180/5/4 4188/5/4
f 4181/6/4 4182/6/4 4189/6/4
f 4188/5/4 4180/5/4 4189/5/4
f 4180/6/4 4181/6/4 4189/6/4
f 4189/6/4 4182/6/4 4190/6/4
f 4190/6/4 4182/6/4 4191/6/4
f 4183/5/4 4184/5/4 4194/5/4
f 4185/6/4 4186/6/4 4195/6/4
f 4184/6/4 4185/6/4 4195/6/4
f 4194/5/4 4184/5/4 4195/5/4
f 4195/6/4 4186/6/4 4196/6/4
f 4196/6/4 4186/6/4 4197/6/4
f 4189/5/4 4190/5/4 4198/5/4
f 4191/6/4 4192/6/4 4199/6/4
f 4198/5/4 4190/5/4 4199/5/4
f 4190/6/4 4191/6/4 4199/6/4
f 4199/6/4 4192/6/4 4200/6/4
f 4200/6/4 4192/6/4 4201/6/4
f 4193/5/4 4194/5/4 4204/5/4
f 4195/6/4 4196/6/4 4205/6/4
f 4194/6/4 4195/6/4 4205/6/4
f 4204/5/4 4194/5/4 4205/5/4
f 4205/6/4 4196/6/4 4206/6/4
f 4206/6/4 4196/6/4 4207/6/4
f 4199/5/4 4200/5/4 4208/5/4
f 4201/6/4 4202/6/4 4209/6/4
f 4208/5/4 4200/5/4 4209/5/4
f 4200/6/4 4201/6/4 4209/6/4
f 4209/6/4 4202/6/4 4210/6/4
f 4210/6/4 4202/6/4 4211/6/4
f 4203/5/4 4204/5/4 4214/5/4
f 4205/6/4 4206/6/4 4215/6/4
f 4204/6/4 4205/6/4 4215/6/4
f 4214/5/4 4204/5/4 4215/5/4
f 4215/6/4 4206/6/4 4216/6/4
f 4216/6/4 4206/6/4 4217/6/4
f 4209/5/4 4210/5/4 4218/5/4
f 4211/6/4 4212/6/4 4219/6/4
f 4218/5/4 4210/5/4 4219/5/4
f 4210/6/4 4211/6/4 4219/6/4
f 4219/6/4 4212/6/4 4220/6/4
f 4220/6/4 4212/6/4 4221/6/4
f 4213/5/4 4214/5/4 4224/5/4
f 4215/6/4 4216/6/4 4225/6/4
f 4214/6/4 4215/6/4 4225/6/4
f 4224/5/4 4214/5/4 4225/5/4
f 4225/6/4 4216/6/4 4226/6/4
f 4226/6/4 4216/6/4 4227/6/4
f 4219/5/4 4220/5/4 4228/5/4
f 4221/6/4 4222/6/4 4229/6/4
f 4228/5/4 4220/5/4 4229/5/4
f 4220/6/4 4221/6/4 4229/6/4
f 4229/6/4 4222/6/4 4230/6/4
f 4230/6/4 4222/6/4 4231/6/4
f 4223/5/4 4224/5/4 4234/5/4
f 4225/6/4 4226/6/4 4235/6/4
f 4224/6/4 4225/6/4 4235/6/4
f 4234/5/4 4224/5/4 4235/5/4
f 4235/6/4 4226/6/4 4236/6/4
f 4236/6/4 4226/6/4 4237/6/4
f 4229/5/4 4230/5/4 4238/5/4
f 4231/6/4 4232/6/4 4239/6/4
f 4238/5/4 4230/5/4 4239/5/4
f 4230/6/4 4231/6/4 4239/6/4
f 4239/6/4 4232/6/4 4240/6/4
f 4240/6/4 4232/6/4 4241/6/4
f 4233/5/4 4234/5/4 4244/5/4
f 4235/6/4 4236/6/4 4245/6/4
f 4234/6/4 4235/6/4 4245/6/4
f 4244/5/4 4234/5/4 4245/5/4
f 4245/6/4 4236/6/4 4246/6/4
f 4246/6/4 4236/6/4 4247/6/4
f 4239/5/4 4240/5/4 4248/5/4
f 4241/6/4 4242/6/4 4249/6/4
f 4248/5/4 4240/5/4 4249/5/4
f 4240/6/4 4241/6/4 4249/6/4
f 4249/6/4 4242/6/4 4250/6/4
f 4250/6/4 4242/6/4 4251/6/4
f 3988/6/4 4134/6/4 4253/6/4
f 4243/5/4 4244/5/4 4254/5/4
f 4245/6/4 4246/6/4 4255/6/4
f 4244/6/4 4245/6/4 4255/6/4
f 4254/5/4 4244/5/4 4255/5/4
f 4255/6/4 4246/6/4 4256/6/4
f 4256/6/4 4246/6/4 4257/6/4
f 4249/5/4 4250/5/4 4258/5/4
f 4251/6/4 4252/6/4 4259/6/4
f 4258/5/4 4250/5/4 4259/5/4
f 4250/6/4 4251/6/4 4259/6/4
f 4259/6/4 4252/6/4 4260/6/4
f 4260/6/4 4252/6/4 4261/6/4
f 4137/5/4 4138/5/4 4262/5/4
f 4138/6/4 3987/6/4 4263/6/4
f 4262/5/4 4138/5/4 4263/5/4
f 3988/6/4 4253/6/4 4264/6/4
f 4253/5/4 4254/5/4 4264/5/4
f 4255/6/4 4256/6/4 4265/6/4
f 4264/5/4 4254/5/4 4265/5/4
f 4254/6/4 4255/6/4 4265/6/4
f 4265/6/4 4256/6/4 4266/6/4
f 4266/6/4 4256/6/4 4267/6/4
f 4259/5/4 4260/5/4 4268/5/4
f 4261/6/4 4262/6/4 4269/6/4
f 4268/5/4 4260/5/4 4269/5/4
f 4260/6/4 4261/6/4 4269/6/4
f 4262/6/4 4263/6/4 4269/6/4
f 4269/6/4 4263/6/4 4270/6/4
f 4265/6/4 4266/6/4 4271/6/4
f 4264/6/4 4265/6/4 4271/6/4
f 4271/6/4 4266/6/4 4272/6/4
f 4269/5/4 4270/5/4 4273/5/4
f 4270/6/4 4263/6/4 4274/6/4
f 4273/5/4 4270/5/4 4274/5/4
f 4274/6/4 4263/6/4 4275/6/4
f 3985/5/4 3988/5/4 4276/5/4
f 3988/6/4 4264/6/4 4276/6/4
f 4264/6/4 4271/6/4 4276/6/4
f 4276/6/4 4271/6/4 4277/6/4
f 4272/5/4 4273/5/4 4278/5/4
f 4277/6/4 4271/6/4 4278/6/4
f 4274/5/4 4275/5/4 4278/5/4
f 4271/5/4 4272/5/4 4278/5/4
f 4273/5/4 4274/5/4 4278/5/4
f 4275/6/4 4263/6/4 4279/6/4
f 4278/5/4 4275/5/4 4279/5/4
f 4276/5/4 4277/5/4 4280/5/4
f 3985/5/4 4276/5/4 4280/5/4
f 4277/6/4 4278/6/4 4281/6/4
f 4280/5/4 4277/5/4 4281/5/4
f 4278/6/4 4279/6/4 4281/6/4
f 4279/6/4 4263/6/4 4282/6/4
f 4281/6/4 4279/6/4 4282/6/4
f 4263/6/4 3987/6/4 4282/6/4
f 4285/5/5 4284/5/5 4283/5/5
f 4286/5/5 4284/5/5 4285/5/5
f 4287/5/5 4285/5/5 4283/5/5
f 4287/6/5 4286/6/5 4285/6/5
f 4288/5/5 4284/5/5 4286/5/5
f 4288/6/5 4286/6/5 4287/6/5
f 4289/5/5 4287/5/5 4283/5/5
f 4289/5/5 4288/5/5 4287/5/5
f 4290/5/5 4284/5/5 4288/5/5
f 4290/5/5 4288/5/5 4289/5/5
f 4295/5/5 4292/5/5 4291/5/5
f 4296/5/5 4292/5/5 4295/5/5
f 4297/5/5 4294/5/5 4293/5/5
f 4298/5/5 4294/5/5 4297/5/5
f 4303/5/5 4300/5/5 4299/5/5
f 4304/5/5 4300/5/5 4303/5/5
f 4305/5/5 4302/5/5 4301/5/5
f 4306/5/5 4302/5/5 4305/5/5
f 4311/5/5 4308/5/5 4307/5/5
f 4312/5/5 4308/5/5 4311/5/5
f 4313/5/5 4310/5/5 4309/5/5
f 4314/5/5 4310/5/5 4313/5/5
f 4319/5/5 4316/5/5 4315/5/5
f 4320/5/5 4316/5/5 4319/5/5
f 4321/5/5 4318/5/5 4317/5/5
f 4322/5/5 4318/5/5 4321/5/5
f 4327/5/5 4324/5/5 4323/5/5
f 4328/5/5 4324/5/5 4327/5/5
f 4329/5/5 4326/5/5 4325/5/5
f 4330/5/5 4326/5/5 4329/5/5
f 4335/5/5 4332/5/5 4331/5/5
f 4336/5/5 4332/5/5 4335/5/5
f 4337/5/5 4334/5/5 4333/5/5
f 4338/5/5 4334/5/5 4337/5/5
f 4343/5/5 4340/5/5 4339/5/5
f 4344/5/5 4340/5/5 4343/5/5
f 4345/5/5 4342/5/5 4341/5/5
f 4346/5/5 4342/5/5 4345/5/5
f 4351/5/5 4348/5/5 4347/5/5
f 4352/5/5 4348/5/5 4351/5/5
f 4353/5/5 4350/5/5 4349/5/5
f 4354/5/5 4350/5/5 4353/5/5
f 4359/5/5 4356/5/5 4355/5/5
f 4360/5/5 4356/5/5 4359/5/5
f 4361/5/5 4358/5/5 4357/5/5
f 4362/5/5 4358/5/5 4361/5/5
f 4367/5/5 4364/5/5 4363/5/5
f 4368/5/5 4364/5/5 4367/5/5
f 4369/5/5 4366/5/5 4365/5/5
f 4370/5/5 4366/5/5 4369/5/5
f 4375/5/5 4372/5/5 4371/5/5
f 4376/5/5 4372/5/5 4375/5/5
f 4377/5/5 4374/5/5 4373/5/5
f 4378/5/5 4374/5/5 4377/5/5
f 4383/5/5 4380/5/5 4379/5/5
f 4384/5/5 4380/5/5 4383/5/5
f 4385/5/5 4382/5/5 4381/5/5
f 4386/5/5 4382/5/5 4385/5/5
f 4391/5/5 4388/5/5 4387/5/5
f 4392/5/5 4388/5/5 4391/5/5
f 4393/5/5 4390/5/5 4389/5/5
f 4394/5/5 4390/5/5 4393/5/5
f 4399/5/5 4396/5/5 4395/5/5
f 4400/5/5 4396/5/5 4399/5/5
f 4401/5/5 4398/5/5 4397/5/5
f 4402/5/5 4398/5/5 4401/5/5
f 4407/5/5 4404/5/5 4403/5/5
f 4408/5/5 4404/5/5 4407/5/5
f 4409/5/5 4406/5/5 4405/5/5
f 4410/5/5 4406/5/5 4409/5/5
f 4415/5/5 4412/5/5 4411/5/5
f 4416/5/5 4412/5/5 4415/5/5
f 4417/5/5 4414/5/5 4413/5/5
f 4418/5/5 4414/5/5 4417/5/5
f 4423/5/5 4420/5/5 4419/5/5
f 4424/5/5 4420/5/5 4423/5/5
f 4425/5/5 4422/5/5 4421/5/5
f 4426/5/5 4422/5/5 4425/5/5
f 4431/5/5 4428/5/5 4427/5/5
f 4432/5/5 4428/5/5 4431/5/5
f 4433/5/5 4430/5/5 4429/5/5
f 4434/5/5 4430/5/5 4433/5/5
f 4439/5/5 4436/5/5 4435/5/5
f 4440/5/5 4436/5/5 4439/5/5
f 4441/5/5 4438/5/5 4437/5/5
f 4442/5/5 4438/5/5 4441/5/5
f 4447/5/5 4444/5/5 4443/5/5
f 4448/5/5 4444/5/5 4447/5/5
f 4449/5/5 4446/5/5 4445/5/5
f 4450/5/5 4446/5/5 4449/5/5
f 4455/5/5 4452/5/5 4451/5/5
f 4456/5/5 4452/5/5 4455/5/5
f 4457/5/5 4454/5/5 4453/5/5
f 4458/5/5 4454/5/5 4457/5/5
f 4463/5/5 4460/5/5 4459/5/5
f 4464/5/5 4460/5/5 4463/5/5
f 4465/5/5 4462/5/5 4461/5/5
f 4466/5/5 4462/5/5 4465/5/5
f 4471/5/5 4468/5/5 4467/5/5
f 4472/5/5 4468/5/5 4471/5/5
f 4473/5/5 4470/5/5 4469/5/5
f 4474/5/5 4470/5/5 4473/5/5
f 4479/5/5 4476/5/5 4475/5/5
f 4480/5/5 4476/5/5 4479/5/5
f 4481/5/5 4478/5/5 4477/5/5
f 4482/5/5 4478/5/5 4481/5/5
f 4487/5/5 4484/5/5 4483/5/5
f 4488/5/5 4484/5/5 4487/5/5
f 4489/5/5 4486/5/5 4485/5/5
f 4490/5/5 4486/5/5 4489/5/5
f 4495/5/5 4492/5/5 4491/5/5
f 4496/5/5 4492/5/5 4495/5/5
f 4497/5/5 4494/5/5 4493/5/5
f 4498/5/5 4494/5/5 4497/5/5
f 4503/5/5 4500/5/5 4499/5/5
f 4504/5/5 4500/5/5 4503/5/5
f 4505/5/5 4502/5/5 4501/5/5
f 4506/5/5 4502/5/5 4505/5/5
f 4511/5/5 4508/5/5 4507/5/5
f 4512/5/5 4508/5/5 4511/5/5
f 4513/5/5 4510/5/5 4509/5/5
f 4514/5/5 4510/5/5 4513/5/5
f 4519/5/5 4516/5/5 4515/5/5
f 4520/5/5 4516/5/5 4519/5/5
f 4521/5/5 4518/5/5 4517/5/5
f 4522/5/5 4518/5/5 4521/5/5
f 4527/5/5 4524/5/5 4523/5/5
f 4528/5/5 4524/5/5 4527/5/5
f 4529/5/5 4526/5/5 4525/5/5
f 4530/5/5 4526/5/5 4529/5/5
f 4535/5/5 4532/5/5 4531/5/5
f 4536/5/5 4532/5/5 4535/5/5
f 4537/5/5 4534/5/5 4533/5/5
f 4538/5/5 4534/5/5 4537/5/5
f 4543/5/5 4540/5/5 4539/5/5
f 4544/5/5 4540/5/5 4543/5/5
f 4545/5/5 4542/5/5 4541/5/5
f 4546/5/5 4542/5/5 4545/5/5
f 4551/5/5 4548/5/5 4547/5/5
f 4552/5/5 4548/5/5 4551/5/5
f 4553/5/5 4550/5/5 4549/5/5
f 4554/5/5 4550/5/5 4553/5/5
f 4559/5/5 4556/5/5 4555/5/5
f 4560/5/5 4556/5/5 4559/5/5
f 4561/5/5 4558/5/5 4557/5/5
f 4562/5/5 4558/5/5 4561/5/5
f 4567/5/5 4564/5/5 4563/5/5
f 4568/5/5 4564/5/5 4567/5/5
f 4569/5/5 4566/5/5 4565/5/5
f 4570/5/5 4566/5/5 4569/5/5
f 4575/5/5 4572/5/5 4571/5/5
f 4576/5/5 4572/5/5 4575/5/5
f 4577/5/5 4574/5/5 4573/5/5
f 4578/5/5 4574/5/5 4577/5/5
f 4583/5/5 4580/5/5 4579/5/5
f 4584/5/5 4580/5/5 4583/5/5
f 4585/5/5 4582/5/5 4581/5/5
f 4586/5/5 4582/5/5 4585/5/5
f 4591/5/5 4588/5/5 4587/5/5
f 4592/5/5 4588/5/5 4591/5/5
f 4593/5/5 4590/5/5 4589/5/5
f 4594/5/5 4590/5/5 4593/5/5
f 4599/5/5 4596/5/5 4595/5/5
f 4600/5/5 4596/5/5 4599/5/5
f 4601/5/5 4598/5/5 4597/5/5
f 4602/5/5 4598/5/5 4601/5/5
f 4607/5/5 4604/5/5 4603/5/5
f 4608/5/5 4604/5/5 4607/5/5
f 4609/5/5 4606/5/5 4605/5/5
f 4610/5/5 4606/5/5 4609/5/5
f 4615/5/5 4612/5/5 4611/5/5
f 4616/5/5 4612/5/5 4615/5/5
f 4617/5/5 4614/5/5 4613/5/5
f 4618/5/5 4614/5/5 4617/5/5
f 4623/5/5 4620/5/5 4619/5/5
f 4624/5/5 4620/5/5 4623/5/5
f 4625/5/5 4622/5/5 4621/5/5
f 4626/5/5 4622/5/5 4625/5/5
f 4631/5/5 4628/5/5 4627/5/5
f 4632/5/5 4628/5/5 4631/5/5
f 4633/5/5 4630/5/5 4629/5/5
f 4634/5/5 4630/5/5 4633/5/5
f 4639/5/5 4636/5/5 4635/5/5
f 4640/5/5 4636/5/5 4639/5/5
f 4641/5/5 4638/5/5 4637/5/5
f 4642/5/5 4638/5/5 4641/5/5
f 4651/5/5 4644/5/5 4643/5/5
f 4652/5/5 4644/5/5 4651/5/5
f 4653/5/5 4646/5/5 4645/5/5
f 4654/5/5 4646/5/5 4653/5/5
f 4655/5/5 4648/5/5 4647/5/5
f 4656/5/5 4648/5/5 4655/5/5
f 4657/5/5 4650/5/5 4649/5/5
f 4658/5/5 4650/5/5 4657/5/5
f 4663/5/5 4660/5/5 4659/5/5
f 4664/5/5 4660/5/5 4663/5/5
f 4665/5/5 4662/5/5 4661/5/5
f 4666/5/5 4662/5/5 4665/5/5
f 4671/5/5 4668/5/5 4667/5/5
f 4672/5/5 4668/5/5 4671/5/5
f 4673/5/5 4670/5/5 4669/5/5
f 4674/5/5 4670/5/5 4673/5/5
f 4679/5/5 4676/5/5 4675/5/5
f 4680/5/5 4676/5/5 4679/5/5
f 4681/5/5 4678/5/5 4677/5/5
f 4682/5/5 4678/5/5 4681/5/5
f 4687/5/5 4684/5/5 4683/5/5
f 4688/5/5 4684/5/5 4687/5/5
f 4689/5/5 4686/5/5 4685/5/5
f 4690/5/5 4686/5/5 4689/5/5
f 4699/5/5 4692/5/5 4691/5/5
f 4700/5/5 4692/5/5 4699/5/5
f 4701/6/5 4694/6/5 4693/6/5
f 4702/6/5 4694/6/5 4701/6/5
f 4703/6/5 4696/6/5 4695/6/5
f 4704/6/5 4696/6/5 4703/6/5
f 4705/5/5 4698/5/5 4697/5/5
f 4706/5/5 4698/5/5 4705/5/5
f 4711/5/5 4708/5/5 4707/5/5
f 4712/5/5 4708/5/5 4711/5/5
f 4713/5/5 4708/5/5 4712/5/5
f 4714/5/5 4710/5/5 4709/5/5
f 4715/5/5 4710/5/5 4714/5/5
f 4716/5/5 4710/5/5 4715/5/5
f 4721/5/5 4718/5/5 4717/5/5
f 4722/5/5 4720/5/5 4719/5/5
f 4723/5/5 4721/5/5 4717/5/5
f 4724/5/5 4721/5/5 4723/5/5
f 4725/5/5 4720/5/5 4722/5/5
f 4726/5/5 4720/5/5 4725/5/5
f 4731/5/5 4728/5/5 4727/5/5
f 4732/5/5 4730/5/5 4729/5/5
f 4733/5/5 4731/5/5 4727/5/5
f 4734/5/5 4731/5/5 4733/5/5
f 4735/5/5 4730/5/5 4732/5/5
f 4736/5/5 4730/5/5 4735/5/5
f 4743/6/5 4738/6/5 4737/6/5
f 4743/6/5 4739/6/5 4738/6/5
f 4744/6/5 4739/6/5 4743/6/5
f 4745/6/5 4742/6/5 4741/6/5
f 4745/6/5 4741/6/5 4740/6/5
f 4746/6/5 4742/6/5 4745/6/5
f 4751/5/5 4748/5/5 4747/5/5
f 4752/5/5 4748/5/5 4751/5/5
f 4753/5/5 4750/5/5 4749/5/5
f 4754/5/5 4750/5/5 4753/5/5
f 4759/5/5 4756/5/5 4755/5/5
f 4760/5/5 4756/5/5 4759/5/5
f 4761/5/5 4758/5/5 4757/5/5
f 4762/5/5 4758/5/5 4761/5/5
f 4767/5/5 4764/5/5 4763/5/5
f 4768/5/5 4764/5/5 4767/5/5
f 4769/5/5 4766/5/5 4765/5/5
f 4770/5/5 4766/5/5 4769/5/5
f 4775/5/5 4772/5/5 4771/5/5
f 4776/5/5 4772/5/5 4775/5/5
f 4777/5/5 4774/5/5 4773/5/5
f 4778/5/5 4774/5/5 4777/5/5
f 4783/5/5 4780/5/5 4779/5/5
f 4784/5/5 4780/5/5 4783/5/5
f 4785/5/5 4782/5/5 4781/5/5
f 4786/5/5 4782/5/5 4785/5/5
f 4791/5/5 4788/5/5 4787/5/5
f 4792/5/5 4788/5/5 4791/5/5
f 4793/5/5 4790/5/5 4789/5/5
f 4794/5/5 4790/5/5 4793/5/5
f 4799/5/5 4796/5/5 4795/5/5
f 4800/5/5 4796/5/5 4799/5/5
f 4801/5/5 4798/5/5 4797/5/5
f 4802/5/5 4798/5/5 4801/5/5
f 4807/5/5 4804/5/5 4803/5/5
f 4808/5/5 4804/5/5 4807/5/5
f 4809/5/5 4806/5/5 4805/5/5
f 4810/5/5 4806/5/5 4809/5/5
f 4815/5/5 4812/5/5 4811/5/5
f 4816/5/5 4812/5/5 4815/5/5
f 4817/5/5 4814/5/5 4813/5/5
f 4818/5/5 4814/5/5 4817/5/5
f 4823/5/5 4820/5/5 4819/5/5
f 4824/5/5 4820/5/5 4823/5/5
f 4825/5/5 4822/5/5 4821/5/5
f 4826/5/5 4822/5/5 4825/5/5
f 4831/5/5 4828/5/5 4827/5/5
f 4832/5/5 4828/5/5 4831/5/5
f 4833/5/5 4830/5/5 4829/5/5
f 4834/5/5 4830/5/5 4833/5/5
f 4839/5/5 4836/5/5 4835/5/5
f 4840/5/5 4836/5/5 4839/5/5
f 4841/5/5 4838/5/5 4837/5/5
f 4842/5/5 4838/5/5 4841/5/5
f 4847/5/5 4844/5/5 4843/5/5
f 4848/5/5 4844/5/5 4847/5/5
f 4849/5/5 4846/5/5 4845/5/5
f 4850/5/5 4846/5/5 4849/5/5
f 4855/5/5 4852/5/5 4851/5/5
f 4856/5/5 4852/5/5 4855/5/5
f 4857/5/5 4854/5/5 4853/5/5
f 4858/5/5 4854/5/5 4857/5/5
f 4863/5/5 4860/5/5 4859/5/5
f 4864/5/5 4860/5/5 4863/5/5
f 4865/5/5 4862/5/5 4861/5/5
f 4866/5/5 4862/5/5 4865/5/5
f 4871/5/5 4868/5/5 4867/5/5
f 4872/5/5 4868/5/5 4871/5/5
f 4873/5/5 4870/5/5 4869/5/5
f 4874/5/5 4870/5/5 4873/5/5
f 4879/5/5 4876/5/5 4875/5/5
f 4880/5/5 4876/5/5 4879/5/5
f 4881/5/5 4878/5/5 4877/5/5
f 4882/5/5 4878/5/5 4881/5/5
f 4887/5/5 4884/5/5 4883/5/5
f 4888/5/5 4884/5/5 4887/5/5
f 4889/5/5 4886/5/5 4885/5/5
f 4890/5/5 4886/5/5 4889/5/5
f 4895/5/5 4892/5/5 4891/5/5
f 4896/5/5 4892/5/5 4895/5/5
f 4897/5/5 4894/5/5 4893/5/5
f 4898/5/5 4894/5/5 4897/5/5
f 4903/5/5 4900/5/5 4899/5/5
f 4904/5/5 4900/5/5 4903/5/5
f 4905/5/5 4902/5/5 4901/5/5
f 4906/5/5 4902/5/5 4905/5/5
f 4911/5/5 4908/5/5 4907/5/5
f 4912/5/5 4908/5/5 4911/5/5
f 4913/5/5 4910/5/5 4909/5/5
f 4914/5/5 4910/5/5 4913/5/5
f 4919/5/5 4916/5/5 4915/5/5
f 4920/5/5 4916/5/5 4919/5/5
f 4921/5/5 4918/5/5 4917/5/5
f 4922/5/5 4918/5/5 4921/5/5
f 4927/5/5 4924/5/5 4923/5/5
f 4928/5/5 4924/5/5 4927/5/5
f 4929/5/5 4926/5/5 4925/5/5
f 4930/5/5 4926/5/5 4929/5/5
f 4935/5/5 4932/5/5 4931/5/5
f 4936/5/5 4932/5/5 4935/5/5
f 4937/5/5 4934/5/5 4933/5/5
f 4938/5/5 4934/5/5 4937/5/5
f 4943/5/5 4940/5/5 4939/5/5
f 4944/5/5 4940/5/5 4943/5/5
f 4945/5/5 4942/5/5 4941/5/5
f 4946/5/5 4942/5/5 4945/5/5
f 4951/5/5 4948/5/5 4947/5/5
f 4952/5/5 4948/5/5 4951/5/5
f 4953/5/5 4950/5/5 4949/5/5
f 4954/5/5 4950/5/5 4953/5/5
f 4959/5/5 4956/5/5 4955/5/5
f 4960/5/5 4956/5/5 4959/5/5
f 4961/5/5 4958/5/5 4957/5/5
f 4962/5/5 4958/5/5 4961/5/5
f 4967/5/5 4964/5/5 4963/5/5
f 4968/5/5 4964/5/5 4967/5/5
f 4969/5/5 4966/5/5 4965/5/5
f 4970/5/5 4966/5/5 4969/5/5
f 4975/5/5 4972/5/5 4971/5/5
f 4976/5/5 4972/5/5 4975/5/5
f 4977/5/5 4974/5/5 4973/5/5
f 4978/5/5 4974/5/5 4977/5/5
f 4983/5/5 4980/5/5 4979/5/5
f 4984/5/5 4980/5/5 4983/5/5
f 4985/5/5 4982/5/5 4981/5/5
f 4986/5/5 4982/5/5 4985/5/5
f 4991/5/5 4988/5/5 4987/5/5
f 4992/5/5 4988/5/5 4991/5/5
f 4993/5/5 4990/5/5 4989/5/5
f 4994/5/5 4990/5/5 4993/5/5
f 4999/5/5 4996/5/5 4995/5/5
f 5000/5/5 4996/5/5 4999/5/5
f 5001/5/5 4998/5/5 4997/5/5
f 5002/5/5 4998/5/5 5001/5/5
f 5007/5/5 5004/5/5 5003/5/5
f 5008/5/5 5004/5/5 5007/5/5
f 5009/5/5 5006/5/5 5005/5/5
f 5010/5/5 5006/5/5 5009/5/5
f 5015/5/5 5012/5/5 5011/5/5
f 5016/5/5 5012/5/5 5015/5/5
f 5017/5/5 5014/5/5 5013/5/5
f 5018/5/5 5014/5/5 5017/5/5
f 5023/5/5 5020/5/5 5019/5/5
f 5024/5/5 5020/5/5 5023/5/5
f 5025/5/5 5022/5/5 5021/5/5
f 5026/5/5 5022/5/5 5025/5/5
f 5031/5/5 5028/5/5 5027/5/5
f 5032/5/5 5028/5/5 5031/5/5
f 5033/5/5 5030/5/5 5029/5/5
f 5034/5/5 5030/5/5 5033/5/5
f 5039/5/5 5036/5/5 5035/5/5
f 5040/5/5 5036/5/5 5039/5/5
f 5041/5/5 5038/5/5 5037/5/5
f 5042/5/5 5038/5/5 5041/5/5
f 5047/5/5 5044/5/5 5043/5/5
f 5048/5/5 5044/5/5 5047/5/5
f 5049/5/5 5046/5/5 5045/5/5
f 5050/5/5 5046/5/5 5049/5/5
f 5055/5/5 5052/5/5 5051/5/5
f 5056/5/5 5052/5/5 5055/5/5
f 5057/5/5 5054/5/5 5053/5/5
f 5058/5/5 5054/5/5 5057/5/5
f 5063/5/5 5060/5/5 5059/5/5
f 5064/5/5 5060/5/5 5063/5/5
f 5065/5/5 5062/5/5 5061/5/5
f 5066/5/5 5062/5/5 5065/5/5
f 5071/5/5 5068/5/5 5067/5/5
f 5072/5/5 5068/5/5 5071/5/5
f 5073/5/5 5070/5/5 5069/5/5
f 5074/5/5 5070/5/5 5073/5/5
f 5079/5/5 5076/5/5 5075/5/5
f 5080/5/5 5076/5/5 5079/5/5
f 5081/5/5 5078/5/5 5077/5/5
f 5082/5/5 5078/5/5 5081/5/5
f 5087/5/5 5084/5/5 5083/5/5
f 5088/5/5 5084/5/5 5087/5/5
f 5089/5/5 5086/5/5 5085/5/5
f 5090/5/5 5086/5/5 5089/5/5
f 5095/5/5 5092/5/5 5091/5/5
f 5096/5/5 5092/5/5 5095/5/5
f 5097/5/5 5094/5/5 5093/5/5
f 5098/5/5 5094/5/5 5097/5/5
f 5103/5/5 5100/5/5 5099/5/5
f 5104/5/5 5100/5/5 5103/5/5
f 5105/5/5 5102/5/5 5101/5/5
f 5106/5/5 5102/5/5 5105/5/5
f 5111/5/5 5108/5/5 5107/5/5
f 5112/5/5 5108/5/5 5111/5/5
f 5113/5/5 5110/5/5 5109/5/5
f 5114/5/5 5110/5/5 5113/5/5
f 5119/5/5 5116/5/5 5115/5/5
f 5120/5/5 5116/5/5 5119/5/5
f 5121/5/5 5118/5/5 5117/5/5
f 5122/5/5 5118/5/5 5121/5/5
f 5127/5/5 5124/5/5 5123/5/5
f 5128/5/5 5124/5/5 5127/5/5
f 5129/5/5 5126/5/5 5125/5/5
f 5130/5/5 5126/5/5 5129/5/5
f 5135/5/5 5132/5/5 5131/5/5
f 5136/5/5 5132/5/5 5135/5/5
f 5137/5/5 5134/5/5 5133/5/5
f 5138/5/5 5134/5/5 5137/5/5
f 5143/5/5 5140/5/5 5139/5/5
f 5144/5/5 5140/5/5 5143/5/5
f 5145/5/5 5142/5/5 5141/5/5
f 5146/5/5 5142/5/5 5145/5/5
f 5151/5/5 5148/5/5 5147/5/5
f 5152/5/5 5148/5/5 5151/5/5
f 5153/5/5 5150/5/5 5149/5/5
f 5154/5/5 5150/5/5 5153/5/5
f 5159/5/5 5156/5/5 5155/5/5
f 5160/5/5 5156/5/5 5159/5/5
f 5161/5/5 5158/5/5 5157/5/5
f 5162/5/5 5158/5/5 5161/5/5
f 5163/6/6 5164/6/6 5167/6/6
f 5167/6/6 5164/6/6 5168/6/6
f 5165/6/6 5166/6/6 5169/6/6
f 5169/6/6 5166/6/6 5170/6/6
f 5173/3/6 5174/3/6 5177/3/6
f 5177/3/6 5174/3/6 5178/3/6
f 5173/3/6 5177/3/6 5179/3/6
f 5177/5/6 5178/5/6 5180/5/6
f 5179/3/6 5177/3/6 5180/3/6
f 5178/3/6 5174/3/6 5181/3/6
f 5180/5/6 5178/5/6 5181/5/6
f 5181/3/6 5174/3/6 5182/3/6
f 5173/3/6 5179/3/6 5183/3/6
f 5179/5/6 5180/5/6 5184/5/6
f 5183/3/6 5179/3/6 5184/3/6
f 5180/5/6 5181/5/6 5184/5/6
f 5181/5/6 5182/5/6 5184/5/6
f 5182/3/6 5174/3/6 5185/3/6
f 5184/5/6 5182/5/6 5185/5/6
f 5185/3/6 5174/3/6 5186/3/6
f 5173/3/6 5183/3/6 5187/3/6
f 5183/5/6 5184/5/6 5188/5/6
f 5187/3/6 5183/3/6 5188/3/6
f 5184/5/6 5185/5/6 5188/5/6
f 5185/5/6 5186/5/6 5188/5/6
f 5186/3/6 5174/3/6 5189/3/6
f 5188/5/6 5186/5/6 5189/5/6
f 5189/3/6 5174/3/6 5190/3/6
f 5173/3/6 5187/3/6 5191/3/6
f 5187/5/6 5188/5/6 5192/5/6
f 5191/3/6 5187/3/6 5192/3/6
f 5188/5/6 5189/5/6 5192/5/6
f 5189/5/6 5190/5/6 5192/5/6
f 5192/5/6 5190/5/6 5193/5/6
f 5193/5/6 5190/5/6 5194/5/6
f 5190/3/6 5174/3/6 5195/3/6
f 5194/5/6 5190/5/6 5195/5/6
f 5195/3/6 5174/3/6 5196/3/6
f 5191/5/6 5192/5/6 5197/5/6
f 5192/5/6 5193/5/6 5197/5/6
f 5193/6/6 5194/6/6 5198/6/6
f 5197/5/6 5193/5/6 5198/5/6
f 5195/5/6 5196/5/6 5199/5/6
f 5198/6/6 5194/6/6 5199/6/6
f 5194/5/6 5195/5/6 5199/5/6
f 5199/5/6 5196/5/6 5200/5/6
f 5173/3/6 5191/3/6 5201/3/6
f 5191/5/6 5197/5/6 5202/5/6
f 5201/3/6 5191/3/6 5202/3/6
f 5202/5/6 5197/5/6 5203/5/6
f 5197/6/6 5198/6/6 5204/6/6
f 5203/5/6 5197/5/6 5204/5/6
f 5198/6/6 5199/6/6 5204/6/6
f 5199/6/6 5200/6/6 5204/6/6
f 5200/5/6 5196/5/6 5205/5/6
f 5204/6/6 5200/6/6 5205/6/6
f 5205/5/6 5196/5/6 5206/5/6
f 5196/3/6 5174/3/6 5207/3/6
f 5206/5/6 5196/5/6 5207/5/6
f 5207/3/6 5174/3/6 5208/3/6
f 5202/5/6 5203/5/6 5209/5/6
f 5201/5/6 5202/5/6 5209/5/6
f 5203/6/6 5204/6/6 5210/6/6
f 5209/5/6 5203/5/6 5210/5/6
f 5205/6/6 5206/6/6 5210/6/6
f 5204/6/6 5205/6/6 5210/6/6
f 5206/5/6 5207/5/6 5211/5/6
f 5210/6/6 5206/6/6 5211/6/6
f 5207/5/6 5208/5/6 5211/5/6
f 5211/5/6 5208/5/6 5212/5/6
f 5201/5/6 5209/5/6 5213/5/6
f 5209/6/6 5210/6/6 5214/6/6
f 5213/5/6 5209/5/6 5214/5/6
f 5210/6/6 5211/6/6 5214/6/6
f 5211/6/6 5212/6/6 5214/6/6
f 5212/5/6 5208/5/6 5215/5/6
f 5214/6/6 5212/6/6 5215/6/6
f 5215/5/6 5208/5/6 5216/5/6
f 5208/3/6 5174/3/6 5217/3/6
f 5216/5/6 5208/5/6 5217/5/6
f 5217/3/6 5174/3/6 5218/3/6
f 5201/5/6 5213/5/6 5219/5/6
f 5213/6/6 5214/6/6 5220/6/6
f 5219/5/6 5213/5/6 5220/5/6
f 5215/6/6 5216/6/6 5220/6/6
f 5214/6/6 5215/6/6 5220/6/6
f 5217/5/6 5218/5/6 5221/5/6
f 5220/6/6 5216/6/6 5221/6/6
f 5216/5/6 5217/5/6 5221/5/6
f 5221/5/6 5218/5/6 5222/5/6
f 5171/6/6 5172/6/6 5223/6/6
f 5223/6/6 5172/6/6 5224/6/6
f 5175/6/6 5176/6/6 5225/6/6
f 5225/6/6 5176/6/6 5226/6/6
f 5201/5/6 5219/5/6 5231/5/6
f 5219/6/6 5220/6/6 5231/6/6
f 5220/6/6 5221/6/6 5231/6/6
f 5221/6/6 5222/6/6 5231/6/6
f 5231/6/6 5222/6/6 5232/6/6
f 5232/6/6 5222/6/6 5233/6/6
f 5222/5/6 5218/5/6 5234/5/6
f 5233/6/6 5222/6/6 5234/6/6
f 5232/6/6 5233/6/6 5235/6/6
f 5231/5/6 5232/5/6 5235/5/6
f 5235/6/6 5233/6/6 5236/6/6
f 5236/6/6 5233/6/6 5237/6/6
f 5233/5/6 5234/5/6 5238/5/6
f 5237/6/6 5233/6/6 5238/6/6
f 5234/5/6 5218/5/6 5239/5/6
f 5238/5/6 5234/5/6 5239/5/6
f 5237/5/6 5238/5/6 5239/5/6
f 5218/3/6 5174/3/6 5240/3/6
f 5239/5/6 5218/5/6 5240/5/6
f 5235/5/6 5236/5/6 5241/5/6
f 5236/6/6 5237/6/6 5241/6/6
f 5241/6/6 5237/6/6 5242/6/6
f 5242/6/6 5237/6/6 5243/6/6
f 5237/5/6 5239/5/6 5244/5/6
f 5243/6/6 5237/6/6 5244/6/6
f 5173/3/6 5201/3/6 5245/3/6
f 5201/5/6 5231/5/6 5245/5/6
f 5231/5/6 5235/5/6 5245/5/6
f 5241/5/6 5242/5/6 5245/5/6
f 5235/5/6 5241/5/6 5245/5/6
f 5245/5/6 5242/5/6 5246/5/6
f 5242/6/6 5243/6/6 5247/6/6
f 5246/5/6 5242/5/6 5247/5/6
f 5247/6/6 5243/6/6 5248/6/6
f 5248/6/6 5243/6/6 5249/6/6
f 5243/5/6 5244/5/6 5250/5/6
f 5249/6/6 5243/6/6 5250/6/6
f 5244/5/6 5239/5/6 5251/5/6
f 5250/5/6 5244/5/6 5251/5/6
f 5239/3/6 5240/3/6 5252/3/6
f 5251/5/6 5239/5/6 5252/5/6
f 5248/6/6 5249/6/6 5253/6/6
f 5246/5/6 5247/5/6 5253/5/6
f 5247/5/6 5248/5/6 5253/5/6
f 5253/6/6 5249/6/6 5254/6/6
f 5254/6/6 5249/6/6 5255/6/6
f 5249/5/6 5250/5/6 5256/5/6
f 5255/6/6 5249/6/6 5256/6/6
f 5250/5/6 5251/5/6 5256/5/6
f 5245/3/6 5246/3/6 5257/3/6
f 5253/5/6 5254/5/6 5257/5/6
f 5246/5/6 5253/5/6 5257/5/6
f 5257/5/6 5254/5/6 5258/5/6
f 5254/6/6 5255/6/6 5259/6/6
f 5258/5/6 5254/5/6 5259/5/6
f 5255/5/6 5256/5/6 5260/5/6
f 5259/6/6 5255/6/6 5260/6/6
f 5256/5/6 5251/5/6 5261/5/6
f 5260/5/6 5256/5/6 5261/5/6
f 5251/3/6 5252/3/6 5262/3/6
f 5261/5/6 5251/5/6 5262/5/6
f 5257/3/6 5258/3/6 5263/3/6
f 5259/5/6 5260/5/6 5263/5/6
f 5258/5/6 5259/5/6 5263/5/6
f 5260/5/6 5261/5/6 5263/5/6
f 5263/5/6 5261/5/6 5264/5/6
f 5264/5/6 5261/5/6 5265/5/6
f 5261/3/6 5262/3/6 5266/3/6
f 5265/5/6 5261/5/6 5266/5/6
f 5264/5/6 5265/5/6 5267/5/6
f 5263/3/6 5264/3/6 5267/3/6
f 5267/5/6 5265/5/6 5268/5/6
f 5268/5/6 5265/5/6 5269/5/6
f 5265/3/6 5266/3/6 5270/3/6
f 5269/5/6 5265/5/6 5270/5/6
f 5268/5/6 5269/5/6 5271/5/6
f 5267/3/6 5268/3/6 5271/3/6
f 5271/5/6 5269/5/6 5272/5/6
f 5272/5/6 5269/5/6 5273/5/6
f 5269/3/6 5270/3/6 5274/3/6
f 5273/5/6 5269/5/6 5274/5/6
f 5272/5/6 5273/5/6 5275/5/6
f 5271/3/6 5272/3/6 5275/3/6
f 5273/3/6 5274/3/6 5276/3/6
f 5275/5/6 5273/5/6 5276/5/6
f 5227/6/6 5228/6/6 5277/6/6
f 5277/6/6 5228/6/6 5278/6/6
f 5245/3/6 5257/3/6 5279/3/6
f 5173/3/6 5245/3/6 5279/3/6
f 5257/3/6 5263/3/6 5279/3/6
f 5275/3/6 5276/3/6 5279/3/6
f 5271/3/6 5275/3/6 5279/3/6
f 5267/3/6 5271/3/6 5279/3/6
f 5263/3/6 5267/3/6 5279/3/6
f 5240/3/6 5174/3/6 5280/3/6
f 5279/3/6 5276/3/6 5280/3/6
f 5262/3/6 5252/3/6 5280/3/6
f 5270/3/6 5266/3/6 5280/3/6
f 5274/3/6 5270/3/6 5280/3/6
f 5266/3/6 5262/3/6 5280/3/6
f 5276/3/6 5274/3/6 5280/3/6
f 5252/3/6 5240/3/6 5280/3/6
f 5229/6/6 5230/6/6 5281/6/6
f 5281/6/6 5230/6/6 5282/6/6
f 5283/6/6 5284/6/6 5287/6/6
f 5287/6/6 5284/6/6 5288/6/6
f 5285/6/6 5286/6/6 5289/6/6
f 5289/6/6 5286/6/6 5290/6/6
f 5291/6/6 5292/6/6 5295/6/6
f 5295/6/6 5292/6/6 5296/6/6
f 5293/6/6 5294/6/6 5297/6/6
f 5297/6/6 5294/6/6 5298/6/6
f 5299/6/6 5300/6/6 5303/6/6
f 5303/6/6 5300/6/6 5304/6/6
f 5301/6/6 5302/6/6 5305/6/6
f 5305/6/6 5302/6/6 5306/6/6
f 5307/6/6 5308/6/6 5311/6/6
f 5311/6/6 5308/6/6 5312/6/6
f 5309/6/6 5310/6/6 5313/6/6
f 5313/6/6 5310/6/6 5314/6/6
f 5315/6/6 5316/6/6 5319/6/6
f 5319/6/6 5316/6/6 5320/6/6
f 5317/6/6 5318/6/6 5321/6/6
f 5321/6/6 5318/6/6 5322/6/6
f 5323/6/6 5324/6/6 5327/6/6
f 5327/6/6 5324/6/6 5328/6/6
f 5325/6/6 5326/6/6 5329/6/6
f 5329/6/6 5326/6/6 5330/6/6
f 5331/6/6 5332/6/6 5335/6/6
f 5335/6/6 5332/6/6 5336/6/6
f 5333/6/6 5334/6/6 5337/6/6
f 5337/6/6 5334/6/6 5338/6/6
f 5339/6/6 5340/6/6 5343/6/6
f 5343/6/6 5340/6/6 5344/6/6
f 5341/6/6 5342/6/6 5345/6/6
f 5345/6/6 5342/6/6 5346/6/6
f 5347/6/6 5348/6/6 5351/6/6
f 5351/6/6 5348/6/6 5352/6/6
f 5349/6/6 5350/6/6 5353/6/6
f 5353/6/6 5350/6/6 5354/6/6
f 5355/6/6 5356/6/6 5359/6/6
f 5359/6/6 5356/6/6 5360/6/6
f 5357/6/6 5358/6/6 5361/6/6
f 5361/6/6 5358/6/6 5362/6/6
f 5363/6/6 5364/6/6 5367/6/6
f 5367/6/6 5364/6/6 5368/6/6
f 5365/6/6 5366/6/6 5369/6/6
f 5369/6/6 5366/6/6 5370/6/6
f 5371/6/6 5372/6/6 5375/6/6
f 5375/6/6 5372/6/6 5376/6/6
f 5373/6/6 5374/6/6 5377/6/6
f 5377/6/6 5374/6/6 5378/6/6
f 5379/6/6 5380/6/6 5383/6/6
f 5383/6/6 5380/6/6 5384/6/6
f 5381/6/6 5382/6/6 5385/6/6
f 5385/6/6 5382/6/6 5386/6/6
f 5387/6/6 5388/6/6 5391/6/6
f 5391/6/6 5388/6/6 5392/6/6
f 5389/6/6 5390/6/6 5393/6/6
f 5393/6/6 5390/6/6 5394/6/6
f 5395/6/6 5396/6/6 5399/6/6
f 5399/6/6 5396/6/6 5400/6/6
f 5397/6/6 5398/6/6 5401/6/6
f 5401/6/6 5398/6/6 5402/6/6
f 5403/6/6 5404/6/6 5407/6/6
f 5407/6/6 5404/6/6 5408/6/6
f 5405/6/6 5406/6/6 5409/6/6
f 5409/6/6 5406/6/6 5410/6/6
f 5411/6/6 5412/6/6 5415/6/6
f 5415/6/6 5412/6/6 5416/6/6
f 5413/6/6 5414/6/6 5417/6/6
f 5417/6/6 5414/6/6 5418/6/6
f 5419/6/6 5420/6/6 5423/6/6
f 5423/6/6 5420/6/6 5424/6/6
f 5421/6/6 5422/6/6 5425/6/6
f 5425/6/6 5422/6/6 5426/6/6
f 5427/6/6 5428/6/6 5431/6/6
f 5431/6/6 5428/6/6 5432/6/6
f 5429/6/6 5430/6/6 5433/6/6
f 5433/6/6 5430/6/6 5434/6/6
f 5435/6/6 5436/6/6 5439/6/6
f 5439/6/6 5436/6/6 5440/6/6
f 5437/6/6 5438/6/6 5441/6/6
f 5441/6/6 5438/6/6 5442/6/6
f 5443/6/6 5444/6/6 5447/6/6
f 5447/6/6 5444/6/6 5448/6/6
f 5445/6/6 5446/6/6 5449/6/6
f 5449/6/6 5446/6/6 5450/6/6
f 5451/6/6 5452/6/6 5455/6/6
f 5455/6/6 5452/6/6 5456/6/6
f 5453/6/6 5454/6/6 5457/6/6
f 5457/6/6 5454/6/6 5458/6/6
f 5459/6/6 5460/6/6 5463/6/6
f 5463/6/6 5460/6/6 5464/6/6
f 5461/6/6 5462/6/6 5465/6/6
f 5465/6/6 5462/6/6 5466/6/6
f 5467/6/6 5468/6/6 5471/6/6
f 5471/6/6 5468/6/6 5472/6/6
f 5469/6/6 5470/6/6 5473/6/6
f 5473/6/6 5470/6/6 5474/6/6
f 5475/6/6 5476/6/6 5479/6/6
f 5479/6/6 5476/6/6 5480/6/6
f 5477/6/6 5478/6/6 5481/6/6
f 5481/6/6 5478/6/6 5482/6/6
f 5483/6/6 5484/6/6 5487/6/6
f 5487/6/6 5484/6/6 5488/6/6
f 5485/6/6 5486/6/6 5489/6/6
f 5489/6/6 5486/6/6 5490/6/6
f 5491/6/6 5492/6/6 5495/6/6
f 5495/6/6 5492/6/6 5496/6/6
f 5493/6/6 5494/6/6 5497/6/6
f 5497/6/6 5494/6/6 5498/6/6
f 5499/6/6 5500/6/6 5503/6/6
f 5503/6/6 5500/6/6 5504/6/6
f 5501/6/6 5502/6/6 5505/6/6
f 5505/6/6 5502/6/6 5506/6/6
f 5507/6/6 5508/6/6 5511/6/6
f 5511/6/6 5508/6/6 5512/6/6
f 5509/6/6 5510/6/6 5513/6/6
f 5513/6/6 5510/6/6 5514/6/6
f 5515/6/6 5516/6/6 5519/6/6
f 5519/6/6 5516/6/6 5520/6/6
f 5517/6/6 5518/6/6 5521/6/6
f 5521/6/6 5518/6/6 5522/6/6
f 5523/6/6 5524/6/6 5527/6/6
f 5527/6/6 5524/6/6 5528/6/6
f 5525/6/6 5526/6/6 5529/6/6
f 5529/6/6 5526/6/6 5530/6/6
f 5531/6/6 5532/6/6 5535/6/6
f 5535/6/6 5532/6/6 5536/6/6
f 5533/6/6 5534/6/6 5537/6/6
f 5537/6/6 5534/6/6 5538/6/6
f 5539/6/6 5540/6/6 5543/6/6
f 5543/6/6 5540/6/6 5544/6/6
f 5541/6/6 5542/6/6 5545/6/6
f 5545/6/6 5542/6/6 5546/6/6
f 5547/6/6 5548/6/6 5551/6/6
f 5551/6/6 5548/6/6 5552/6/6
f 5549/6/6 5550/6/6 5553/6/6
f 5553/6/6 5550/6/6 5554/6/6
f 5555/6/6 5556/6/6 5559/6/6
f 5559/6/6 5556/6/6 5560/6/6
f 5557/6/6 5558/6/6 5561/6/6
f 5561/6/6 5558/6/6 5562/6/6
f 5563/6/6 5564/6/6 5567/6/6
f 5567/6/6 5564/6/6 5568/6/6
f 5565/6/6 5566/6/6 5569/6/6
f 5569/6/6 5566/6/6 5570/6/6
f 5571/6/6 5572/6/6 5575/6/6
f 5575/6/6 5572/6/6 5576/6/6
f 5573/6/6 5574/6/6 5577/6/6
f 5577/6/6 5574/6/6 5578/6/6
f 5579/6/6 5580/6/6 5583/6/6
f 5583/6/6 5580/6/6 5584/6/6
f 5581/6/6 5582/6/6 5585/6/6
f 5585/6/6 5582/6/6 5586/6/6
f 5587/6/6 5588/6/6 5591/6/6
f 5591/6/6 5588/6/6 5592/6/6
f 5589/6/6 5590/6/6 5593/6/6
f 5593/6/6 5590/6/6 5594/6/6
f 5595/6/6 5596/6/6 5599/6/6
f 5599/6/6 5596/6/6 5600/6/6
f 5597/6/6 5598/6/6 5601/6/6
f 5601/6/6 5598/6/6 5602/6/6
f 5603/6/6 5604/6/6 5607/6/6
f 5607/6/6 5604/6/6 5608/6/6
f 5605/6/6 5606/6/6 5609/6/6
f 5609/6/6 5606/6/6 5610/6/6
f 5611/6/6 5612/6/6 5615/6/6
f 5615/6/6 5612/6/6 5616/6/6
f 5613/6/6 5614/6/6 5617/6/6
f 5617/6/6 5614/6/6 5618/6/6
f 5619/6/6 5620/6/6 5623/6/6
f 5623/6/6 5620/6/6 5624/6/6
f 5621/6/6 5622/6/6 5625/6/6
f 5625/6/6 5622/6/6 5626/6/6
f 5627/6/6 5628/6/6 5631/6/6
f 5631/6/6 5628/6/6 5632/6/6
f 5629/6/6 5630/6/6 5633/6/6
f 5633/6/6 5630/6/6 5634/6/6
f 5635/6/6 5636/6/6 5639/6/6
f 5639/6/6 5636/6/6 5640/6/6
f 5637/6/6 5638/6/6 5641/6/6
f 5641/6/6 5638/6/6 5642/6/6
f 5643/6/6 5644/6/6 5647/6/6
f 5647/6/6 5644/6/6 5648/6/6
f 5645/6/6 5646/6/6 5649/6/6
f 5649/6/6 5646/6/6 5650/6/6
f 5651/6/6 5652/6/6 5655/6/6
f 5655/6/6 5652/6/6 5656/6/6
f 5653/6/6 5654/6/6 5657/6/6
f 5657/6/6 5654/6/6 5658/6/6
f 5659/6/6 5660/6/6 5663/6/6
f 5663/6/6 5660/6/6 5664/6/6
f 5661/6/6 5662/6/6 5665/6/6
f 5665/6/6 5662/6/6 5666/6/6
f 5667/6/6 5668/6/6 5671/6/6
f 5671/6/6 5668/6/6 5672/6/6
f 5669/6/6 5670/6/6 5673/6/6
f 5673/6/6 5670/6/6 5674/6/6
f 5675/6/6 5676/6/6 5679/6/6
f 5679/6/6 5676/6/6 5680/6/6
f 5680/6/6 5676/6/6 5681/6/6
f 5677/6/6 5678/6/6 5682/6/6
f 5682/6/6 5678/6/6 5683/6/6
f 5683/6/6 5678/6/6 5684/6/6
f 5685/6/6 5686/6/6 5689/6/6
f 5687/6/6 5688/6/6 5690/6/6
f 5685/6/6 5689/6/6 5691/6/6
f 5691/6/6 5689/6/6 5692/6/6
f 5690/6/6 5688/6/6 5693/6/6
f 5693/6/6 5688/6/6 5694/6/6
f 5695/6/6 5696/6/6 5699/6/6
f 5697/6/6 5698/6/6 5700/6/6
f 5695/6/6 5699/6/6 5701/6/6
f 5701/6/6 5699/6/6 5702/6/6
f 5700/6/6 5698/6/6 5703/6/6
f 5703/6/6 5698/6/6 5704/6/6
f 5705/6/6 5706/6/6 5711/6/6
f 5706/6/6 5707/6/6 5711/6/6
f 5711/6/6 5707/6/6 5712/6/6
f 5709/6/6 5710/6/6 5713/6/6
f 5708/6/6 5709/6/6 5713/6/6
f 5713/6/6 5710/6/6 5714/6/6
f 5715/6/6 5716/6/6 5723/6/6
f 5723/6/6 5716/6/6 5724/6/6
f 5717/6/6 5718/6/6 5725/6/6
f 5725/6/6 5718/6/6 5726/6/6
f 5719/6/6 5720/6/6 5727/6/6
f 5727/6/6 5720/6/6 5728/6/6
f 5721/6/6 5722/6/6 5729/6/6
f 5729/6/6 5722/6/6 5730/6/6
f 5731/6/6 5732/6/6 5735/6/6
f 5735/6/6 5732/6/6 5736/6/6
f 5733/6/6 5734/6/6 5737/6/6
f 5737/6/6 5734/6/6 5738/6/6
f 5739/6/6 5740/6/6 5743/6/6
f 5743/6/6 5740/6/6 5744/6/6
f 5741/6/6 5742/6/6 5745/6/6
f 5745/6/6 5742/6/6 5746/6/6
f 5747/6/6 5748/6/6 5751/6/6
f 5751/6/6 5748/6/6 5752/6/6
f 5749/6/6 5750/6/6 5753/6/6
f 5753/6/6 5750/6/6 5754/6/6
f 5755/6/6 5756/6/6 5759/6/6
f 5759/6/6 5756/6/6 5760/6/6
f 5757/6/6 5758/6/6 5761/6/6
f 5761/6/6 5758/6/6 5762/6/6
f 5763/6/6 5764/6/6 5771/6/6
f 5771/6/6 5764/6/6 5772/6/6
f 5765/6/6 5766/6/6 5773/6/6
f 5773/6/6 5766/6/6 5774/6/6
f 5767/6/6 5768/6/6 5775/6/6
f 5775/6/6 5768/6/6 5776/6/6
f 5769/6/6 5770/6/6 5777/6/6
f 5777/6/6 5770/6/6 5778/6/6
f 5779/6/6 5780/6/6 5783/6/6
f 5783/6/6 5780/6/6 5784/6/6
f 5781/6/6 5782/6/6 5785/6/6
f 5785/6/6 5782/6/6 5786/6/6
f 5787/6/6 5788/6/6 5791/6/6
f 5791/6/6 5788/6/6 5792/6/6
f 5789/6/6 5790/6/6 5793/6/6
f 5793/6/6 5790/6/6 5794/6/6
f 5795/6/6 5796/6/6 5799/6/6
f 5799/6/6 5796/6/6 5800/6/6
f 5797/6/6 5798/6/6 5801/6/6
f 5801/6/6 5798/6/6 5802/6/6
f 5803/6/6 5804/6/6 5807/6/6
f 5807/6/6 5804/6/6 5808/6/6
f 5805/6/6 5806/6/6 5809/6/6
f 5809/6/6 5806/6/6 5810/6/6
f 5811/6/6 5812/6/6 5815/6/6
f 5815/6/6 5812/6/6 5816/6/6
f 5813/6/6 5814/6/6 5817/6/6
f 5817/6/6 5814/6/6 5818/6/6
f 5819/6/6 5820/6/6 5823/6/6
f 5823/6/6 5820/6/6 5824/6/6
f 5821/6/6 5822/6/6 5825/6/6
f 5825/6/6 5822/6/6 5826/6/6
f 5827/6/6 5828/6/6 5831/6/6
f 5831/6/6 5828/6/6 5832/6/6
f 5829/6/6 5830/6/6 5833/6/6
f 5833/6/6 5830/6/6 5834/6/6
f 5835/6/6 5836/6/6 5839/6/6
f 5839/6/6 5836/6/6 5840/6/6
f 5837/6/6 5838/6/6 5841/6/6
f 5841/6/6 5838/6/6 5842/6/6
f 5843/6/6 5844/6/6 5847/6/6
f 5847/6/6 5844/6/6 5848/6/6
f 5845/6/6 5846/6/6 5849/6/6
f 5849/6/6 5846/6/6 5850/6/6
f 5851/6/6 5852/6/6 5855/6/6
f 5855/6/6 5852/6/6 5856/6/6
f 5853/6/6 5854/6/6 5857/6/6
f 5857/6/6 5854/6/6 5858/6/6
f 5859/6/6 5860/6/6 5863/6/6
f 5863/6/6 5860/6/6 5864/6/6
f 5861/6/6 5862/6/6 5865/6/6
f 5865/6/6 5862/6/6 5866/6/6
f 5867/6/6 5868/6/6 5871/6/6
f 5871/6/6 5868/6/6 5872/6/6
f 5869/6/6 5870/6/6 5873/6/6
f 5873/6/6 5870/6/6 5874/6/6
f 5875/6/6 5876/6/6 5879/6/6
f 5879/6/6 5876/6/6 5880/6/6
f 5877/6/6 5878/6/6 5881/6/6
f 5881/6/6 5878/6/6 5882/6/6
f 5883/6/6 5884/6/6 5887/6/6
f 5887/6/6 5884/6/6 5888/6/6
f 5885/6/6 5886/6/6 5889/6/6
f 5889/6/6 5886/6/6 5890/6/6
f 5891/6/6 5892/6/6 5895/6/6
f 5895/6/6 5892/6/6 5896/6/6
f 5893/6/6 5894/6/6 5897/6/6
f 5897/6/6 5894/6/6 5898/6/6
f 5899/6/6 5900/6/6 5903/6/6
f 5903/6/6 5900/6/6 5904/6/6
f 5901/6/6 5902/6/6 5905/6/6
f 5905/6/6 5902/6/6 5906/6/6
f 5907/6/6 5908/6/6 5911/6/6
f 5911/6/6 5908/6/6 5912/6/6
f 5909/6/6 5910/6/6 5913/6/6
f 5913/6/6 5910/6/6 5914/6/6
f 5915/6/6 5916/6/6 5919/6/6
f 5919/6/6 5916/6/6 5920/6/6
f 5917/6/6 5918/6/6 5921/6/6
f 5921/6/6 5918/6/6 5922/6/6
f 5923/6/6 5924/6/6 5927/6/6
f 5927/6/6 5924/6/6 5928/6/6
f 5925/6/6 5926/6/6 5929/6/6
f 5929/6/6 5926/6/6 5930/6/6
f 5931/6/6 5932/6/6 5935/6/6
f 5935/6/6 5932/6/6 5936/6/6
f 5933/6/6 5934/6/6 5937/6/6
f 5937/6/6 5934/6/6 5938/6/6
f 5939/6/6 5940/6/6 5943/6/6
f 5943/6/6 5940/6/6 5944/6/6
f 5941/6/6 5942/6/6 5945/6/6
f 5945/6/6 5942/6/6 5946/6/6
f 5947/6/6 5948/6/6 5951/6/6
f 5951/6/6 5948/6/6 5952/6/6
f 5949/6/6 5950/6/6 5953/6/6
f 5953/6/6 5950/6/6 5954/6/6
f 5955/6/6 5956/6/6 5959/6/6
f 5959/6/6 5956/6/6 5960/6/6
f 5957/6/6 5958/6/6 5961/6/6
f 5961/6/6 5958/6/6 5962/6/6
f 5963/6/6 5964/6/6 5967/6/6
f 5967/6/6 5964/6/6 5968/6/6
f 5965/6/6 5966/6/6 5969/6/6
f 5969/6/6 5966/6/6 5970/6/6
f 5971/6/6 5972/6/6 5975/6/6
f 5975/6/6 5972/6/6 5976/6/6
f 5973/6/6 5974/6/6 5977/6/6
f 5977/6/6 5974/6/6 5978/6/6
f 5979/6/6 5980/6/6 5983/6/6
f 5983/6/6 5980/6/6 5984/6/6
f 5981/6/6 5982/6/6 5985/6/6
f 5985/6/6 5982/6/6 5986/6/6
f 5987/6/6 5988/6/6 5991/6/6
f 5991/6/6 5988/6/6 5992/6/6
f 5989/6/6 5990/6/6 5993/6/6
f 5993/6/6 5990/6/6 5994/6/6
f 5995/6/6 5996/6/6 5999/6/6
f 5999/6/6 5996/6/6 6000/6/6
f 5997/6/6 5998/6/6 6001/6/6
f 6001/6/6 5998/6/6 6002/6/6
f 6003/6/6 6004/6/6 6007/6/6
f 6007/6/6 6004/6/6 6008/6/6
f 6005/6/6 6006/6/6 6009/6/6
f 6009/6/6 6006/6/6 6010/6/6
f 6011/6/6 6012/6/6 6015/6/6
f 6015/6/6 6012/6/6 6016/6/6
f 6013/6/6 6014/6/6 6017/6/6
f 6017/6/6 6014/6/6 6018/6/6
f 6019/6/6 6020/6/6 6023/6/6
f 6023/6/6 6020/6/6 6024/6/6
f 6021/6/6 6022/6/6 6025/6/6
f 6025/6/6 6022/6/6 6026/6/6
f 6027/6/6 6028/6/6 6031/6/6
f 6031/6/6 6028/6/6 6032/6/6
f 6029/6/6 6030/6/6 6033/6/6
f 6033/6/6 6030/6/6 6034/6/6
f 6035/6/6 6036/6/6 6039/6/6
f 6039/6/6 6036/6/6 6040/6/6
f 6037/6/6 6038/6/6 6041/6/6
f 6041/6/6 6038/6/6 6042/6/6
f 6043/6/6 6044/6/6 6047/6/6
f 6047/6/6 6044/6/6 6048/6/6
f 6045/6/6 6046/6/6 6049/6/6
f 6049/6/6 6046/6/6 6050/6/6
f 6051/6/6 6052/6/6 6055/6/6
f 6055/6/6 6052/6/6 6056/6/6
f 6053/6/6 6054/6/6 6057/6/6
f 6057/6/6 6054/6/6 6058/6/6
f 6059/6/6 6060/6/6 6063/6/6
f 6063/6/6 6060/6/6 6064/6/6
f 6061/6/6 6062/6/6 6065/6/6
f 6065/6/6 6062/6/6 6066/6/6
f 6067/6/6 6068/6/6 6071/6/6
f 6071/6/6 6068/6/6 6072/6/6
f 6069/6/6 6070/6/6 6073/6/6
f 6073/6/6 6070/6/6 6074/6/6
f 6075/6/6 6076/6/6 6079/6/6
f 6079/6/6 6076/6/6 6080/6/6
f 6077/6/6 6078/6/6 6081/6/6
f 6081/6/6 6078/6/6 6082/6/6
f 6083/6/6 6084/6/6 6087/6/6
f 6087/6/6 6084/6/6 6088/6/6
f 6085/6/6 6086/6/6 6089/6/6
f 6089/6/6 6086/6/6 6090/6/6
f 6091/6/6 6092/6/6 6095/6/6
f 6095/6/6 6092/6/6 6096/6/6
f 6093/6/6 6094/6/6 6097/6/6
f 6097/6/6 6094/6/6 6098/6/6
f 6099/6/6 6100/6/6 6103/6/6
f 6103/6/6 6100/6/6 6104/6/6
f 6101/6/6 6102/6/6 6105/6/6
f 6105/6/6 6102/6/6 6106/6/6
f 6107/6/6 6108/6/6 6111/6/6
f 6111/6/6 6108/6/6 6112/6/6
f 6109/6/6 6110/6/6 6113/6/6
f 6113/6/6 6110/6/6 6114/6/6
f 6115/6/6 6116/6/6 6119/6/6
f 6119/6/6 6116/6/6 6120/6/6
f 6117/6/6 6118/6/6 6121/6/6
f 6121/6/6 6118/6/6 6122/6/6
f 6123/6/6 6124/6/6 6127/6/6
f 6127/6/6 6124/6/6 6128/6/6
f 6125/6/6 6126/6/6 6129/6/6
f 6129/6/6 6126/6/6 6130/6/6
f 6131/3/6 6132/3/6 6134/3/6
f 6134/3/6 6132/3/6 6135/3/6
f 6133/3/6 6134/3/6 6137/3/6
f 6137/3/6 6134/3/6 6138/3/6
f 6135/3/6 6136/3/6 6139/3/6
f 6139/3/6 6136/3/6 6140/3/6
f 6138/3/6 6139/3/6 6141/3/6
f 6141/3/6 6139/3/6 6142/3/6
f 6143/6/6 6144/6/6 6145/6/6
f 6145/6/6 6144/6/6 6146/6/6
f 6143/6/6 6145/6/6 6147/6/6
f 6145/5/6 6146/5/6 6148/5/6
f 6147/6/6 6145/6/6 6148/6/6
f 6148/5/6 6146/5/6 6149/5/6
f 6149/5/6 6146/5/6 6150/5/6
f 6146/6/6 6144/6/6 6151/6/6
f 6150/5/6 6146/5/6 6151/5/6
f 6151/6/6 6144/6/6 6152/6/6
f 6147/5/6 6148/5/6 6153/5/6
f 6148/5/6 6149/5/6 6153/5/6
f 6153/5/6 6149/5/6 6154/5/6
f 6151/5/6 6152/5/6 6155/5/6
f 6150/5/6 6151/5/6 6155/5/6
f 6155/5/6 6152/5/6 6156/5/6
f 6147/5/6 6153/5/6 6157/5/6
f 6156/5/6 6152/5/6 6160/5/6
f 6143/6/6 6147/6/6 6161/6/6
f 6157/5/6 6158/5/6 6161/5/6
f 6147/5/6 6157/5/6 6161/5/6
f 6161/5/6 6158/5/6 6162/5/6
f 6162/5/6 6158/5/6 6163/5/6
f 6159/5/6 6160/5/6 6164/5/6
f 6160/5/6 6152/5/6 6165/5/6
f 6164/5/6 6160/5/6 6165/5/6
f 6152/6/6 6144/6/6 6166/6/6
f 6165/5/6 6152/5/6 6166/5/6
f 6164/5/6 6165/5/6 6167/5/6
f 6162/5/6 6163/5/6 6167/5/6
f 6163/5/6 6164/5/6 6167/5/6
f 6161/6/6 6162/6/6 6167/6/6
f 6165/6/6 6166/6/6 6168/6/6
f 6167/5/6 6165/5/6 6168/5/6
f 6161/6/6 6167/6/6 6169/6/6
f 6143/6/6 6161/6/6 6169/6/6
f 6167/6/6 6168/6/6 6169/6/6
f 6166/6/6 6144/6/6 6170/6/6
f 6169/6/6 6168/6/6 6170/6/6
f 6168/6/6 6166/6/6 6170/6/6
