# MagicaVoxel @ Ephtracy

# group
o 

# material
mtllib OREBOX_coal.mtl
usemtl palette

# normals
vn -1 0 0
vn 1 0 0
vn 0 0 1
vn 0 0 -1
vn 0 -1 0
vn 0 1 0

# texcoords
vt 0.158203 0.5
vt 0.162109 0.5
vt 0.166016 0.5
vt 0.169922 0.5
vt 0.173828 0.5
vt 0.939453 0.5
vt 0.943359 0.5
vt 0.947266 0.5
vt 0.951172 0.5
vt 0.955078 0.5
vt 0.958984 0.5
vt 0.974609 0.5
vt 0.982422 0.5
vt 0.994141 0.5

# verts
v -2 0 2
v -2 0 -2
v -2 0.1 1.9
v -2 0.1 -1.9
v -2 0.2 2
v -2 0.2 1.9
v -2 0.2 1.7
v -2 0.2 1.6
v -2 0.2 0.0999999
v -2 0.2 -0.1
v -2 0.2 -1.6
v -2 0.2 -1.7
v -2 0.2 -1.9
v -2 0.2 -2
v -2 0.3 1.9
v -2 0.3 1.8
v -2 0.3 1.7
v -2 0.3 1.6
v -2 0.3 1.5
v -2 0.3 -1.5
v -2 0.3 -1.6
v -2 0.3 -1.7
v -2 0.3 -1.8
v -2 0.3 -1.9
v -2 0.4 1.8
v -2 0.4 1.7
v -2 0.4 1.6
v -2 0.4 1.5
v -2 0.4 1.4
v -2 0.4 -1.4
v -2 0.4 -1.5
v -2 0.4 -1.6
v -2 0.4 -1.7
v -2 0.4 -1.8
v -2 0.5 1.7
v -2 0.5 1.6
v -2 0.5 1.5
v -2 0.5 1.4
v -2 0.5 1.3
v -2 0.5 -1.3
v -2 0.5 -1.4
v -2 0.5 -1.5
v -2 0.5 -1.6
v -2 0.5 -1.7
v -2 0.6 1.6
v -2 0.6 1.5
v -2 0.6 1.4
v -2 0.6 1.3
v -2 0.6 1.2
v -2 0.6 -1.2
v -2 0.6 -1.3
v -2 0.6 -1.4
v -2 0.6 -1.5
v -2 0.6 -1.6
v -2 0.7 1.5
v -2 0.7 1.4
v -2 0.7 1.3
v -2 0.7 1.2
v -2 0.7 1.1
v -2 0.7 -1.1
v -2 0.7 -1.2
v -2 0.7 -1.3
v -2 0.7 -1.4
v -2 0.7 -1.5
v -2 0.8 1.4
v -2 0.8 1.3
v -2 0.8 1.2
v -2 0.8 1.1
v -2 0.8 1
v -2 0.8 -1
v -2 0.8 -1.1
v -2 0.8 -1.2
v -2 0.8 -1.3
v -2 0.8 -1.4
v -2 0.9 1.3
v -2 0.9 1.2
v -2 0.9 1.1
v -2 0.9 1
v -2 0.9 0.9
v -2 0.9 -0.9
v -2 0.9 -1
v -2 0.9 -1.1
v -2 0.9 -1.2
v -2 0.9 -1.3
v -2 1 1.2
v -2 1 1.1
v -2 1 1
v -2 1 0.9
v -2 1 0.8
v -2 1 -0.8
v -2 1 -0.9
v -2 1 -1
v -2 1 -1.1
v -2 1 -1.2
v -2 1.1 1.1
v -2 1.1 1
v -2 1.1 0.9
v -2 1.1 0.8
v -2 1.1 0.7
v -2 1.1 -0.7
v -2 1.1 -0.8
v -2 1.1 -0.9
v -2 1.1 -1
v -2 1.1 -1.1
v -2 1.2 1
v -2 1.2 0.9
v -2 1.2 0.8
v -2 1.2 0.7
v -2 1.2 0.6
v -2 1.2 -0.6
v -2 1.2 -0.7
v -2 1.2 -0.8
v -2 1.2 -0.9
v -2 1.2 -1
v -2 1.3 0.9
v -2 1.3 0.8
v -2 1.3 0.7
v -2 1.3 0.6
v -2 1.3 0.5
v -2 1.3 -0.5
v -2 1.3 -0.6
v -2 1.3 -0.7
v -2 1.3 -0.8
v -2 1.3 -0.9
v -2 1.4 0.8
v -2 1.4 0.7
v -2 1.4 0.6
v -2 1.4 0.5
v -2 1.4 0.4
v -2 1.4 0.2
v -2 1.4 0.0999999
v -2 1.4 -0.1
v -2 1.4 -0.2
v -2 1.4 -0.4
v -2 1.4 -0.5
v -2 1.4 -0.6
v -2 1.4 -0.7
v -2 1.4 -0.8
v -2 1.5 0.7
v -2 1.5 0.6
v -2 1.5 0.5
v -2 1.5 0.4
v -2 1.5 0.2
v -2 1.5 0.0999999
v -2 1.5 -0.1
v -2 1.5 -0.2
v -2 1.5 -0.4
v -2 1.5 -0.5
v -2 1.5 -0.6
v -2 1.5 -0.7
v -2 1.6 0.4
v -2 1.6 0.2
v -2 1.6 -0.2
v -2 1.6 -0.4
v -2 1.7 0.7
v -2 1.7 0.6
v -2 1.7 0.5
v -2 1.7 0.4
v -2 1.7 0.2
v -2 1.7 -0.2
v -2 1.7 -0.4
v -2 1.7 -0.5
v -2 1.7 -0.6
v -2 1.7 -0.7
v -2 1.8 0.8
v -2 1.8 0.7
v -2 1.8 0.6
v -2 1.8 0.5
v -2 1.8 0.4
v -2 1.8 0.2
v -2 1.8 0.0999999
v -2 1.8 -0.1
v -2 1.8 -0.2
v -2 1.8 -0.4
v -2 1.8 -0.5
v -2 1.8 -0.6
v -2 1.8 -0.7
v -2 1.8 -0.8
v -2 1.9 0.9
v -2 1.9 0.8
v -2 1.9 0.7
v -2 1.9 0.6
v -2 1.9 0.5
v -2 1.9 -0.5
v -2 1.9 -0.6
v -2 1.9 -0.7
v -2 1.9 -0.8
v -2 1.9 -0.9
v -2 2 1
v -2 2 0.9
v -2 2 0.8
v -2 2 0.7
v -2 2 0.6
v -2 2 -0.6
v -2 2 -0.7
v -2 2 -0.8
v -2 2 -0.9
v -2 2 -1
v -2 2.1 1.1
v -2 2.1 1
v -2 2.1 0.9
v -2 2.1 0.8
v -2 2.1 0.7
v -2 2.1 -0.7
v -2 2.1 -0.8
v -2 2.1 -0.9
v -2 2.1 -1
v -2 2.1 -1.1
v -2 2.2 1.2
v -2 2.2 1.1
v -2 2.2 1
v -2 2.2 0.9
v -2 2.2 0.8
v -2 2.2 -0.8
v -2 2.2 -0.9
v -2 2.2 -1
v -2 2.2 -1.1
v -2 2.2 -1.2
v -2 2.3 1.3
v -2 2.3 1.2
v -2 2.3 1.1
v -2 2.3 1
v -2 2.3 0.9
v -2 2.3 -0.9
v -2 2.3 -1
v -2 2.3 -1.1
v -2 2.3 -1.2
v -2 2.3 -1.3
v -2 2.4 1.4
v -2 2.4 1.3
v -2 2.4 1.2
v -2 2.4 1.1
v -2 2.4 1
v -2 2.4 -1
v -2 2.4 -1.1
v -2 2.4 -1.2
v -2 2.4 -1.3
v -2 2.4 -1.4
v -2 2.5 1.5
v -2 2.5 1.4
v -2 2.5 1.3
v -2 2.5 1.2
v -2 2.5 1.1
v -2 2.5 -1.1
v -2 2.5 -1.2
v -2 2.5 -1.3
v -2 2.5 -1.4
v -2 2.5 -1.5
v -2 2.6 1.6
v -2 2.6 1.5
v -2 2.6 1.4
v -2 2.6 1.3
v -2 2.6 1.2
v -2 2.6 -1.2
v -2 2.6 -1.3
v -2 2.6 -1.4
v -2 2.6 -1.5
v -2 2.6 -1.6
v -2 2.7 1.7
v -2 2.7 1.6
v -2 2.7 1.5
v -2 2.7 1.4
v -2 2.7 1.3
v -2 2.7 -1.3
v -2 2.7 -1.4
v -2 2.7 -1.5
v -2 2.7 -1.6
v -2 2.7 -1.7
v -2 2.8 1.8
v -2 2.8 1.7
v -2 2.8 1.6
v -2 2.8 1.5
v -2 2.8 1.4
v -2 2.8 -1.4
v -2 2.8 -1.5
v -2 2.8 -1.6
v -2 2.8 -1.7
v -2 2.8 -1.8
v -2 2.9 1.8
v -2 2.9 1.7
v -2 2.9 1.6
v -2 2.9 1.5
v -2 2.9 -1.5
v -2 2.9 -1.6
v -2 2.9 -1.7
v -2 2.9 -1.8
v -2 3 1.9
v -2 3 1.8
v -2 3 1.6
v -2 3 0.0999999
v -2 3 -0.1
v -2 3 -1.6
v -2 3 -1.8
v -2 3 -1.9
v -2 3.1 1.6
v -2 3.1 0.0999999
v -2 3.1 -0.1
v -2 3.1 -1.6
v -2 3.2 2
v -2 3.2 -2
v -1.9 0.2 1.6
v -1.9 0.2 0.0999999
v -1.9 0.2 -0.1
v -1.9 0.2 -1.6
v -1.9 0.3 1.6
v -1.9 0.3 1.5
v -1.9 0.3 1.3
v -1.9 0.3 1.1
v -1.9 0.3 0.2
v -1.9 0.3 0.0999999
v -1.9 0.3 -0.1
v -1.9 0.3 -0.2
v -1.9 0.3 -1
v -1.9 0.3 -1.4
v -1.9 0.3 -1.5
v -1.9 0.3 -1.6
v -1.9 0.4 1.8
v -1.9 0.4 1.7
v -1.9 0.4 1.5
v -1.9 0.4 1.4
v -1.9 0.4 1.3
v -1.9 0.4 1.1
v -1.9 0.4 1
v -1.9 0.4 0.3
v -1.9 0.4 0.2
v -1.9 0.4 -0.2
v -1.9 0.4 -0.3
v -1.9 0.4 -0.9
v -1.9 0.4 -1
v -1.9 0.4 -1.4
v -1.9 0.4 -1.5
v -1.9 0.4 -1.7
v -1.9 0.4 -1.8
v -1.9 0.5 1.7
v -1.9 0.5 1.6
v -1.9 0.5 1.4
v -1.9 0.5 1.3
v -1.9 0.5 -1.3
v -1.9 0.5 -1.4
v -1.9 0.5 -1.6
v -1.9 0.5 -1.7
v -1.9 0.6 1.6
v -1.9 0.6 1.5
v -1.9 0.6 1.3
v -1.9 0.6 1.2
v -1.9 0.6 1.1
v -1.9 0.6 1
v -1.9 0.6 0.9
v -1.9 0.6 -0.3
v -1.9 0.6 -0.4
v -1.9 0.6 -1.1
v -1.9 0.6 -1.2
v -1.9 0.6 -1.3
v -1.9 0.6 -1.5
v -1.9 0.6 -1.6
v -1.9 0.7 1.5
v -1.9 0.7 1.4
v -1.9 0.7 1.2
v -1.9 0.7 1.1
v -1.9 0.7 -1
v -1.9 0.7 -1.1
v -1.9 0.7 -1.2
v -1.9 0.7 -1.4
v -1.9 0.7 -1.5
v -1.9 0.8 1.4
v -1.9 0.8 1.3
v -1.9 0.8 1.1
v -1.9 0.8 1
v -1.9 0.8 0.4
v -1.9 0.8 0.3
v -1.9 0.8 0.2
v -1.9 0.8 0.0999999
v -1.9 0.8 -0.1
v -1.9 0.8 -0.2
v -1.9 0.8 -0.8
v -1.9 0.8 -0.9
v -1.9 0.8 -1
v -1.9 0.8 -1.1
v -1.9 0.8 -1.3
v -1.9 0.8 -1.4
v -1.9 0.9 1.3
v -1.9 0.9 1.2
v -1.9 0.9 1
v -1.9 0.9 0.9
v -1.9 0.9 -0.9
v -1.9 0.9 -1
v -1.9 0.9 -1.2
v -1.9 0.9 -1.3
v -1.9 0.9 -1.6
v -1.9 0.9 -1.7
v -1.9 1 1.6
v -1.9 1 1.5
v -1.9 1 1.2
v -1.9 1 1.1
v -1.9 1 0.9
v -1.9 1 0.8
v -1.9 1 -0.8
v -1.9 1 -0.9
v -1.9 1 -1.1
v -1.9 1 -1.2
v -1.9 1.1 1.1
v -1.9 1.1 1
v -1.9 1.1 0.8
v -1.9 1.1 0.7
v -1.9 1.1 -0.4
v -1.9 1.1 -0.5
v -1.9 1.1 -0.7
v -1.9 1.1 -0.8
v -1.9 1.1 -1
v -1.9 1.1 -1.1
v -1.9 1.1 -1.4
v -1.9 1.1 -1.5
v -1.9 1.2 1.5
v -1.9 1.2 1.4
v -1.9 1.2 1
v -1.9 1.2 0.9
v -1.9 1.2 0.7
v -1.9 1.2 0.6
v -1.9 1.2 0.3
v -1.9 1.2 0.2
v -1.9 1.2 -0.2
v -1.9 1.2 -0.3
v -1.9 1.2 -0.6
v -1.9 1.2 -0.7
v -1.9 1.2 -0.9
v -1.9 1.2 -1
v -1.9 1.3 0.9
v -1.9 1.3 0.8
v -1.9 1.3 0.6
v -1.9 1.3 0.5
v -1.9 1.3 0.4
v -1.9 1.3 -0.5
v -1.9 1.3 -0.6
v -1.9 1.3 -0.8
v -1.9 1.3 -0.9
v -1.9 1.3 -1.6
v -1.9 1.3 -1.7
v -1.9 1.4 0.8
v -1.9 1.4 0.7
v -1.9 1.4 0.5
v -1.9 1.4 0.4
v -1.9 1.4 0.2
v -1.9 1.4 0.0999999
v -1.9 1.4 -0.1
v -1.9 1.4 -0.2
v -1.9 1.4 -0.4
v -1.9 1.4 -0.5
v -1.9 1.4 -0.7
v -1.9 1.4 -0.8
v -1.9 1.5 0.7
v -1.9 1.5 0.6
v -1.9 1.5 0.4
v -1.9 1.5 0.3
v -1.9 1.5 0.2
v -1.9 1.5 -0.2
v -1.9 1.5 -0.3
v -1.9 1.5 -0.4
v -1.9 1.5 -0.6
v -1.9 1.5 -0.7
v -1.9 1.7 0.7
v -1.9 1.7 0.6
v -1.9 1.7 0.4
v -1.9 1.7 0.3
v -1.9 1.7 0.2
v -1.9 1.7 -0.2
v -1.9 1.7 -0.3
v -1.9 1.7 -0.4
v -1.9 1.7 -0.6
v -1.9 1.7 -0.7
v -1.9 1.8 0.8
v -1.9 1.8 0.7
v -1.9 1.8 0.5
v -1.9 1.8 0.4
v -1.9 1.8 0.2
v -1.9 1.8 0.0999999
v -1.9 1.8 -0.1
v -1.9 1.8 -0.2
v -1.9 1.8 -0.4
v -1.9 1.8 -0.5
v -1.9 1.8 -0.7
v -1.9 1.8 -0.8
v -1.9 1.8 -0.9
v -1.9 1.8 -1
v -1.9 1.9 0.9
v -1.9 1.9 0.8
v -1.9 1.9 0.6
v -1.9 1.9 0.5
v -1.9 1.9 -0.5
v -1.9 1.9 -0.6
v -1.9 1.9 -0.8
v -1.9 1.9 -0.9
v -1.9 2 1.5
v -1.9 2 1.4
v -1.9 2 1
v -1.9 2 0.9
v -1.9 2 0.7
v -1.9 2 0.6
v -1.9 2 -0.6
v -1.9 2 -0.7
v -1.9 2 -0.9
v -1.9 2 -1
v -1.9 2.1 1.1
v -1.9 2.1 1
v -1.9 2.1 0.8
v -1.9 2.1 0.7
v -1.9 2.1 0.5
v -1.9 2.1 0.4
v -1.9 2.1 0.3
v -1.9 2.1 0.2
v -1.9 2.1 -0.4
v -1.9 2.1 -0.5
v -1.9 2.1 -0.7
v -1.9 2.1 -0.8
v -1.9 2.1 -1
v -1.9 2.1 -1.1
v -1.9 2.1 -1.4
v -1.9 2.1 -1.5
v -1.9 2.2 1.2
v -1.9 2.2 1.1
v -1.9 2.2 0.9
v -1.9 2.2 0.8
v -1.9 2.2 -0.2
v -1.9 2.2 -0.3
v -1.9 2.2 -0.8
v -1.9 2.2 -0.9
v -1.9 2.2 -1.1
v -1.9 2.2 -1.2
v -1.9 2.3 1.6
v -1.9 2.3 1.5
v -1.9 2.3 1.3
v -1.9 2.3 1.2
v -1.9 2.3 1
v -1.9 2.3 0.9
v -1.9 2.3 -0.9
v -1.9 2.3 -1
v -1.9 2.3 -1.2
v -1.9 2.3 -1.3
v -1.9 2.3 -1.5
v -1.9 2.3 -1.6
v -1.9 2.4 1.4
v -1.9 2.4 1.3
v -1.9 2.4 1.1
v -1.9 2.4 1
v -1.9 2.4 -0.1
v -1.9 2.4 -0.2
v -1.9 2.4 -0.3
v -1.9 2.4 -0.4
v -1.9 2.4 -1
v -1.9 2.4 -1.1
v -1.9 2.4 -1.3
v -1.9 2.4 -1.4
v -1.9 2.5 1.5
v -1.9 2.5 1.4
v -1.9 2.5 1.2
v -1.9 2.5 1.1
v -1.9 2.5 0.4
v -1.9 2.5 0.3
v -1.9 2.5 0.2
v -1.9 2.5 0.0999999
v -1.9 2.5 -1.1
v -1.9 2.5 -1.2
v -1.9 2.5 -1.4
v -1.9 2.5 -1.5
v -1.9 2.6 1.6
v -1.9 2.6 1.5
v -1.9 2.6 1.3
v -1.9 2.6 1.2
v -1.9 2.6 1.1
v -1.9 2.6 -1.1
v -1.9 2.6 -1.2
v -1.9 2.6 -1.3
v -1.9 2.6 -1.5
v -1.9 2.6 -1.6
v -1.9 2.7 1.7
v -1.9 2.7 1.6
v -1.9 2.7 1.4
v -1.9 2.7 1.3
v -1.9 2.7 1
v -1.9 2.7 0.9
v -1.9 2.7 -0.9
v -1.9 2.7 -1
v -1.9 2.7 -1.3
v -1.9 2.7 -1.4
v -1.9 2.7 -1.6
v -1.9 2.7 -1.7
v -1.9 2.8 1.8
v -1.9 2.8 1.7
v -1.9 2.8 1.5
v -1.9 2.8 1.4
v -1.9 2.8 0.3
v -1.9 2.8 0.0999999
v -1.9 2.8 -0.1
v -1.9 2.8 -0.3
v -1.9 2.8 -1.4
v -1.9 2.8 -1.5
v -1.9 2.8 -1.7
v -1.9 2.8 -1.8
v -1.9 2.9 1.6
v -1.9 2.9 1.5
v -1.9 2.9 1.4
v -1.9 2.9 1
v -1.9 2.9 -1
v -1.9 2.9 -1.4
v -1.9 2.9 -1.5
v -1.9 2.9 -1.6
v -1.9 3 1.6
v -1.9 3 0.0999999
v -1.9 3 -0.1
v -1.9 3 -1.6
v -1.9 3.2 0.6
v -1.9 3.2 0.4
v -1.9 3.2 0.2
v -1.9 3.3 0.6
v -1.9 3.3 0.4
v -1.9 3.3 0.2
v -1.8 3.2 0.7
v -1.8 3.2 0.6
v -1.8 3.2 0.2
v -1.8 3.2 -2.38419e-07
v -1.8 3.2 -1.2
v -1.8 3.2 -1.6
v -1.8 3.3 0.7
v -1.8 3.3 0.6
v -1.8 3.3 0.5
v -1.8 3.3 0.4
v -1.8 3.3 0.3
v -1.8 3.3 0.2
v -1.8 3.3 -1.2
v -1.8 3.3 -1.6
v -1.8 3.4 0.5
v -1.8 3.4 0.4
v -1.8 3.4 0.3
v -1.8 3.4 0.2
v -1.8 3.4 -2.38419e-07
v -1.8 3.5 0.3
v -1.8 3.5 0.2
v -1.8 3.6 0.5
v -1.8 3.6 0.3
v -1.8 3.6 0.2
v -1.7 0.4 2
v -1.7 0.4 1.9
v -1.7 0.4 -1.9
v -1.7 0.4 -2
v -1.7 0.5 2
v -1.7 0.5 1.9
v -1.7 0.5 -1.9
v -1.7 0.5 -2
v -1.7 2.7 2
v -1.7 2.7 1.9
v -1.7 2.7 -1.9
v -1.7 2.7 -2
v -1.7 2.8 2
v -1.7 2.8 1.9
v -1.7 2.8 -1.9
v -1.7 2.8 -2
v -1.7 3.2 1.7
v -1.7 3.2 0.8
v -1.7 3.2 0.7
v -1.7 3.2 -2.38419e-07
v -1.7 3.2 -0.1
v -1.7 3.2 -1
v -1.7 3.2 -1.2
v -1.7 3.2 -1.6
v -1.7 3.2 -1.7
v -1.7 3.3 1.7
v -1.7 3.3 1.6
v -1.7 3.3 1.2
v -1.7 3.3 0.8
v -1.7 3.3 0.7
v -1.7 3.3 0.6
v -1.7 3.3 0.5
v -1.7 3.3 -1
v -1.7 3.3 -1.2
v -1.7 3.3 -1.6
v -1.7 3.3 -1.7
v -1.7 3.4 1.5
v -1.7 3.4 1.2
v -1.7 3.4 0.6
v -1.7 3.4 0.5
v -1.7 3.4 0.2
v -1.7 3.4 -2.38419e-07
v -1.7 3.4 -0.1
v -1.7 3.4 -1.3
v -1.7 3.4 -1.6
v -1.7 3.5 1.6
v -1.7 3.5 1.5
v -1.7 3.5 1.2
v -1.7 3.5 0.6
v -1.7 3.5 0.5
v -1.7 3.5 0.2
v -1.7 3.5 0.0999999
v -1.7 3.5 -2.38419e-07
v -1.7 3.5 -1.2
v -1.7 3.5 -1.3
v -1.7 3.5 -1.6
v -1.7 3.6 0.6
v -1.7 3.6 0.5
v -1.7 3.6 0.3
v -1.7 3.6 0.2
v -1.7 3.6 0.0999999
v -1.7 3.6 -2.38419e-07
v -1.7 3.7 0.2
v -1.7 3.7 -2.38419e-07
v -1.7 3.8 0.3
v -1.7 3.8 0.2
v -1.7 3.8 0.0999999
v -1.7 3.8 -2.38419e-07
v -1.7 3.9 0.2
v -1.7 3.9 0.0999999
v -1.7 3.9 -2.38419e-07
v -1.6 0.5 2
v -1.6 0.5 1.9
v -1.6 0.5 -1.9
v -1.6 0.5 -2
v -1.6 0.6 2
v -1.6 0.6 1.9
v -1.6 0.6 -1.9
v -1.6 0.6 -2
v -1.6 2.6 2
v -1.6 2.6 1.9
v -1.6 2.6 -1.9
v -1.6 2.6 -2
v -1.6 2.7 2
v -1.6 2.7 1.9
v -1.6 2.7 -1.9
v -1.6 2.7 -2
v -1.6 2.9 0.5
v -1.6 2.9 0.4
v -1.6 3 -1.3
v -1.6 3 -1.4
v -1.6 3.1 0.9
v -1.6 3.1 0.8
v -1.6 3.1 0.5
v -1.6 3.1 0.4
v -1.6 3.1 -1.3
v -1.6 3.1 -1.4
v -1.6 3.2 1.8
v -1.6 3.2 1.7
v -1.6 3.2 0.9
v -1.6 3.2 0.8
v -1.6 3.2 -0.1
v -1.6 3.2 -0.2
v -1.6 3.2 -0.7
v -1.6 3.2 -1
v -1.6 3.2 -1.7
v -1.6 3.2 -1.8
v -1.6 3.3 1.8
v -1.6 3.3 1.7
v -1.6 3.3 1.6
v -1.6 3.3 1.2
v -1.6 3.3 0.9
v -1.6 3.3 0.8
v -1.6 3.3 0.7
v -1.6 3.3 0.6
v -1.6 3.3 -0.1
v -1.6 3.3 -0.2
v -1.6 3.3 -0.7
v -1.6 3.3 -1
v -1.6 3.3 -1.1
v -1.6 3.3 -1.2
v -1.6 3.3 -1.6
v -1.6 3.3 -1.7
v -1.6 3.3 -1.8
v -1.6 3.4 1.2
v -1.6 3.4 1.1
v -1.6 3.4 1
v -1.6 3.4 0.9
v -1.6 3.4 0.8
v -1.6 3.4 0.6
v -1.6 3.4 -2.38419e-07
v -1.6 3.4 -0.1
v -1.6 3.4 -0.2
v -1.6 3.4 -1.6
v -1.6 3.4 -1.7
v -1.6 3.5 1.7
v -1.6 3.5 1.6
v -1.6 3.5 1.5
v -1.6 3.5 1.4
v -1.6 3.5 1.2
v -1.6 3.5 1.1
v -1.6 3.5 1
v -1.6 3.5 0.7
v -1.6 3.5 0.6
v -1.6 3.5 -2.38419e-07
v -1.6 3.5 -1.2
v -1.6 3.5 -1.3
v -1.6 3.5 -1.4
v -1.6 3.5 -1.6
v -1.6 3.6 1.7
v -1.6 3.6 1.5
v -1.6 3.6 1.4
v -1.6 3.6 0.7
v -1.6 3.6 0.6
v -1.6 3.6 0.5
v -1.6 3.6 0.4
v -1.6 3.6 0.3
v -1.6 3.6 -2.38419e-07
v -1.6 3.6 -0.1
v -1.6 3.6 -1.1
v -1.6 3.6 -1.2
v -1.6 3.6 -1.3
v -1.6 3.6 -1.6
v -1.6 3.6 -1.7
v -1.6 3.7 1.5
v -1.6 3.7 1.4
v -1.6 3.7 0.5
v -1.6 3.7 0.4
v -1.6 3.7 0.3
v -1.6 3.7 -1.2
v -1.6 3.7 -1.4
v -1.6 3.7 -1.6
v -1.6 3.8 0.3
v -1.6 3.8 0.2
v -1.6 3.9 0.3
v -1.6 3.9 0.2
v -1.5 0.6 2
v -1.5 0.6 1.9
v -1.5 0.6 -1.9
v -1.5 0.6 -2
v -1.5 0.7 2
v -1.5 0.7 1.9
v -1.5 0.7 -1.9
v -1.5 0.7 -2
v -1.5 2.5 2
v -1.5 2.5 1.9
v -1.5 2.5 -1.9
v -1.5 2.5 -2
v -1.5 2.6 2
v -1.5 2.6 1.9
v -1.5 2.6 -1.9
v -1.5 2.6 -2
v -1.5 2.8 -2.38419e-07
v -1.5 2.8 -0.1
v -1.5 2.9 0.9
v -1.5 2.9 0.7
v -1.5 2.9 -2.38419e-07
v -1.5 2.9 -0.1
v -1.5 2.9 -0.9
v -1.5 2.9 -1
v -1.5 3 -0.9
v -1.5 3 -1
v -1.5 3.1 0.9
v -1.5 3.1 0.8
v -1.5 3.1 0.7
v -1.5 3.2 0.5
v -1.5 3.2 0.2
v -1.5 3.2 -0.2
v -1.5 3.2 -0.5
v -1.5 3.2 -0.6
v -1.5 3.2 -0.7
v -1.5 3.3 1.8
v -1.5 3.3 1.7
v -1.5 3.3 0.8
v -1.5 3.3 0.7
v -1.5 3.3 0.5
v -1.5 3.3 0.2
v -1.5 3.3 -0.2
v -1.5 3.3 -0.3
v -1.5 3.3 -0.5
v -1.5 3.3 -0.6
v -1.5 3.3 -0.7
v -1.5 3.3 -0.8
v -1.5 3.3 -0.9
v -1.5 3.3 -1
v -1.5 3.3 -1.1
v -1.5 3.3 -1.7
v -1.5 3.3 -1.8
v -1.5 3.4 1
v -1.5 3.4 0.9
v -1.5 3.4 0.8
v -1.5 3.4 -0.1
v -1.5 3.4 -0.2
v -1.5 3.4 -0.3
v -1.5 3.4 -0.8
v -1.5 3.4 -0.9
v -1.5 3.4 -1.7
v -1.5 3.5 1.8
v -1.5 3.5 1.7
v -1.5 3.5 1.4
v -1.5 3.5 1.3
v -1.5 3.5 1
v -1.5 3.5 0.9
v -1.5 3.5 0.8
v -1.5 3.5 0.7
v -1.5 3.5 -0.1
v -1.5 3.5 -0.2
v -1.5 3.5 -0.8
v -1.5 3.5 -1
v -1.5 3.6 1.8
v -1.5 3.6 1.7
v -1.5 3.6 1.6
v -1.5 3.6 1.5
v -1.5 3.6 1.4
v -1.5 3.6 1.3
v -1.5 3.6 0.8
v -1.5 3.6 0.7
v -1.5 3.6 -2.38419e-07
v -1.5 3.6 -0.1
v -1.5 3.6 -0.2
v -1.5 3.6 -1
v -1.5 3.6 -1.1
v -1.5 3.6 -1.2
v -1.5 3.6 -1.6
v -1.5 3.6 -1.7
v -1.5 3.6 -1.8
v -1.5 3.7 1.6
v -1.5 3.7 1.5
v -1.5 3.7 1.4
v -1.5 3.7 1.3
v -1.5 3.7 -2.38419e-07
v -1.5 3.7 -1.2
v -1.5 3.7 -1.4
v -1.5 3.7 -1.5
v -1.5 3.7 -1.6
v -1.5 3.7 -1.7
v -1.5 3.8 -2.38419e-07
v -1.5 3.8 -0.1
v -1.5 3.8 -1.1
v -1.5 3.8 -1.2
v -1.5 3.8 -1.4
v -1.5 3.8 -1.5
v -1.5 3.9 -1.2
v -1.5 3.9 -1.4
v -1.4 0.7 2
v -1.4 0.7 1.9
v -1.4 0.7 -1.9
v -1.4 0.7 -2
v -1.4 0.8 2
v -1.4 0.8 1.9
v -1.4 0.8 -1.9
v -1.4 0.8 -2
v -1.4 2.4 2
v -1.4 2.4 1.9
v -1.4 2.4 -1.9
v -1.4 2.4 -2
v -1.4 2.5 2
v -1.4 2.5 1.9
v -1.4 2.5 -1.9
v -1.4 2.5 -2
v -1.4 2.9 0.7
v -1.4 2.9 0.6
v -1.4 3 0.7
v -1.4 3 0.6
v -1.4 3.2 -0.5
v -1.4 3.2 -0.6
v -1.4 3.3 -0.3
v -1.4 3.3 -0.4
v -1.4 3.3 -0.5
v -1.4 3.3 -0.6
v -1.4 3.3 -0.7
v -1.4 3.3 -0.8
v -1.4 3.4 -0.2
v -1.4 3.4 -0.3
v -1.4 3.4 -0.8
v -1.4 3.5 1.3
v -1.4 3.5 1.2
v -1.4 3.5 -0.2
v -1.4 3.5 -0.7
v -1.4 3.5 -0.8
v -1.4 3.5 -0.9
v -1.4 3.5 -1
v -1.4 3.6 1.3
v -1.4 3.6 1.2
v -1.4 3.6 0.8
v -1.4 3.6 0.5
v -1.4 3.6 -0.2
v -1.4 3.6 -0.3
v -1.4 3.6 -0.4
v -1.4 3.6 -0.9
v -1.4 3.6 -1
v -1.4 3.7 1.3
v -1.4 3.7 1.2
v -1.4 3.7 0.8
v -1.4 3.7 0.6
v -1.4 3.7 0.5
v -1.4 3.7 0.4
v -1.4 3.7 -1.5
v -1.4 3.7 -1.6
v -1.4 3.8 0.8
v -1.4 3.8 0.7
v -1.4 3.8 0.6
v -1.4 3.8 0.5
v -1.4 3.8 -1.4
v -1.4 3.8 -1.5
v -1.4 3.8 -1.6
v -1.4 3.9 0.6
v -1.4 3.9 0.5
v -1.4 3.9 0.4
v -1.4 3.9 -1.4
v -1.4 3.9 -1.5
v -1.4 4 0.7
v -1.4 4 0.6
v -1.4 4.1 0.7
v -1.4 4.1 0.6
v -1.4 4.1 0.5
v -1.4 4.1 0.4
v -1.3 0.8 2
v -1.3 0.8 1.9
v -1.3 0.8 -1.9
v -1.3 0.8 -2
v -1.3 0.9 2
v -1.3 0.9 1.9
v -1.3 0.9 -1.9
v -1.3 0.9 -2
v -1.3 2.3 2
v -1.3 2.3 1.9
v -1.3 2.3 -1.9
v -1.3 2.3 -2
v -1.3 2.4 2
v -1.3 2.4 1.9
v -1.3 2.4 -1.9
v -1.3 2.4 -2
v -1.3 2.8 -0.3
v -1.3 2.8 -0.7
v -1.3 2.8 -1.1
v -1.3 2.8 -1.5
v -1.3 2.9 -0.3
v -1.3 2.9 -0.7
v -1.3 2.9 -1.1
v -1.3 2.9 -1.5
v -1.3 3.1 0.8
v -1.3 3.1 0.7
v -1.3 3.3 0.8
v -1.3 3.3 0.7
v -1.3 3.3 -0.4
v -1.3 3.3 -0.5
v -1.3 3.3 -0.6
v -1.3 3.3 -0.7
v -1.3 3.5 0.9
v -1.3 3.5 0.8
v -1.3 3.5 -0.6
v -1.3 3.5 -0.7
v -1.3 3.6 0.9
v -1.3 3.6 0.8
v -1.3 3.6 -0.1
v -1.3 3.6 -0.2
v -1.3 3.6 -0.4
v -1.3 3.6 -0.5
v -1.3 3.7 0.8
v -1.3 3.7 0.4
v -1.3 3.7 0.3
v -1.3 3.7 -0.1
v -1.3 3.8 0.8
v -1.3 3.8 0.7
v -1.3 3.8 -0.1
v -1.3 3.8 -0.2
v -1.3 3.9 0.4
v -1.3 3.9 0.3
v -1.3 4 0.9
v -1.3 4 0.8
v -1.3 4 0.7
v -1.3 4.1 0.8
v -1.3 4.1 0.7
v -1.3 4.1 0.4
v -1.3 4.1 0.3
v -1.2 0.9 2
v -1.2 0.9 1.9
v -1.2 0.9 -1.9
v -1.2 0.9 -2
v -1.2 1 2
v -1.2 1 1.9
v -1.2 1 -1.9
v -1.2 1 -2
v -1.2 2.2 2
v -1.2 2.2 1.9
v -1.2 2.2 -1.9
v -1.2 2.2 -2
v -1.2 2.3 2
v -1.2 2.3 1.9
v -1.2 2.3 -1.9
v -1.2 2.3 -2
v -1.2 2.8 -0.1
v -1.2 2.8 -0.3
v -1.2 2.8 -0.7
v -1.2 2.8 -1.1
v -1.2 2.8 -1.5
v -1.2 2.8 -1.7
v -1.2 2.9 -0.1
v -1.2 2.9 -0.3
v -1.2 2.9 -0.7
v -1.2 2.9 -1
v -1.2 2.9 -1.1
v -1.2 2.9 -1.5
v -1.2 2.9 -1.7
v -1.2 3.3 -0.5
v -1.2 3.3 -0.6
v -1.2 3.5 1
v -1.2 3.5 0.9
v -1.2 3.5 -0.6
v -1.2 3.5 -0.7
v -1.2 3.5 -0.9
v -1.2 3.6 1
v -1.2 3.6 0.9
v -1.2 3.6 -0.2
v -1.2 3.6 -0.3
v -1.2 3.6 -0.5
v -1.2 3.6 -0.7
v -1.2 3.6 -0.8
v -1.2 3.6 -0.9
v -1.2 3.7 0.3
v -1.2 3.7 0.2
v -1.2 3.7 -0.2
v -1.2 3.7 -0.3
v -1.2 3.7 -0.5
v -1.2 3.7 -0.6
v -1.2 3.7 -0.8
v -1.2 3.8 1
v -1.2 3.8 0.9
v -1.2 3.8 0.3
v -1.2 3.8 0.2
v -1.2 3.8 -0.2
v -1.2 3.8 -0.3
v -1.2 3.8 -1.1
v -1.2 3.8 -1.2
v -1.2 3.9 0.3
v -1.2 3.9 0.2
v -1.2 3.9 -1.1
v -1.2 3.9 -1.2
v -1.2 4.1 0.7
v -1.2 4.1 0.6
v -1.2 4.1 0.5
v -1.2 4.2 0.7
v -1.2 4.2 0.6
v -1.2 4.2 0.5
v -1.1 1 2
v -1.1 1 1.9
v -1.1 1 -1.9
v -1.1 1 -2
v -1.1 1.1 2
v -1.1 1.1 1.9
v -1.1 1.1 -1.9
v -1.1 1.1 -2
v -1.1 2.1 2
v -1.1 2.1 1.9
v -1.1 2.1 -1.9
v -1.1 2.1 -2
v -1.1 2.2 2
v -1.1 2.2 1.9
v -1.1 2.2 -1.9
v -1.1 2.2 -2
v -1.1 2.9 -1.1
v -1.1 2.9 -1.3
v -1.1 3 -1.1
v -1.1 3 -1.3
v -1.1 3.5 1.1
v -1.1 3.5 1
v -1.1 3.6 1.1
v -1.1 3.6 1
v -1.1 3.6 -0.3
v -1.1 3.6 -0.5
v -1.1 3.6 -0.8
v -1.1 3.6 -1
v -1.1 3.7 0.0999999
v -1.1 3.7 -2.38419e-07
v -1.1 3.7 -0.3
v -1.1 3.7 -0.5
v -1.1 3.7 -0.6
v -1.1 3.7 -0.8
v -1.1 3.8 0.0999999
v -1.1 3.8 -2.38419e-07
v -1.1 3.8 -0.2
v -1.1 3.8 -0.6
v -1.1 3.8 -1
v -1.1 3.9 0.3
v -1.1 3.9 0.2
v -1.1 3.9 -2.38419e-07
v -1.1 3.9 -0.2
v -1.1 4 -0.1
v -1.1 4 -0.2
v -1.1 4.1 0.5
v -1.1 4.1 0.4
v -1.1 4.1 0.3
v -1.1 4.1 0.2
v -1.1 4.1 -2.38419e-07
v -1.1 4.1 -0.1
v -1.1 4.1 -0.2
v -1.1 4.2 0.5
v -1.1 4.2 0.4
v -1 1.1 2
v -1 1.1 1.9
v -1 1.1 -1.9
v -1 1.1 -2
v -1 1.2 2
v -1 1.2 1.9
v -1 1.2 -1.9
v -1 1.2 -2
v -1 2 2
v -1 2 1.9
v -1 2 -1.9
v -1 2 -2
v -1 2.1 2
v -1 2.1 1.9
v -1 2.1 -1.9
v -1 2.1 -2
v -1 2.8 -2.38419e-07
v -1 2.8 -0.1
v -1 2.9 0.9
v -1 2.9 0.7
v -1 2.9 -2.38419e-07
v -1 2.9 -0.1
v -1 2.9 -0.9
v -1 2.9 -1.1
v -1 3 0.9
v -1 3 0.7
v -1 3 -0.9
v -1 3 -1.1
v -1 3.5 1.2
v -1 3.5 1.1
v -1 3.6 1.2
v -1 3.6 1.1
v -1 3.6 1
v -1 3.6 -1
v -1 3.6 -1.1
v -1 3.7 1.1
v -1 3.7 1
v -1 3.7 0.2
v -1 3.7 0.0999999
v -1 3.7 -0.3
v -1 3.7 -0.6
v -1 3.7 -1.1
v -1 3.8 0.2
v -1 3.8 0.0999999
v -1 3.8 -2.38419e-07
v -1 3.8 -0.2
v -1 3.8 -0.3
v -1 3.8 -0.6
v -1 3.8 -0.7
v -1 3.8 -0.8
v -1 3.8 -0.9
v -1 3.8 -1
v -1 3.8 -1.1
v -1 3.9 -2.38419e-07
v -1 3.9 -0.2
v -1 3.9 -0.3
v -1 3.9 -0.6
v -1 3.9 -0.7
v -1 3.9 -0.8
v -1 3.9 -0.9
v -1 4 0.0999999
v -1 4 -2.38419e-07
v -1 4 -0.2
v -1 4 -0.6
v -1 4 -0.7
v -1 4 -0.8
v -1 4 -0.9
v -1 4.1 -2.38419e-07
v -1 4.1 -0.1
v -1 4.1 -0.2
v -1 4.1 -0.3
v -1 4.2 -2.38419e-07
v -1 4.2 -0.1
v -1 4.2 -0.2
v -0.9 1.2 2
v -0.9 1.2 1.9
v -0.9 1.2 -1.9
v -0.9 1.2 -2
v -0.9 1.3 2
v -0.9 1.3 1.9
v -0.9 1.3 -1.9
v -0.9 1.3 -2
v -0.9 1.9 2
v -0.9 1.9 1.9
v -0.9 1.9 -1.9
v -0.9 1.9 -2
v -0.9 2 2
v -0.9 2 1.9
v -0.9 2 -1.9
v -0.9 2 -2
v -0.9 2.9 -1.3
v -0.9 2.9 -1.6
v -0.9 3 -1.3
v -0.9 3 -1.6
v -0.9 3.4 1.3
v -0.9 3.4 1.2
v -0.9 3.5 1.3
v -0.9 3.5 1.2
v -0.9 3.6 1.3
v -0.9 3.6 1.2
v -0.9 3.6 1.1
v -0.9 3.7 1.2
v -0.9 3.7 1.1
v -0.9 3.8 -0.3
v -0.9 3.8 -0.4
v -0.9 3.8 -0.5
v -0.9 3.8 -0.6
v -0.9 3.8 -0.9
v -0.9 3.8 -1
v -0.9 3.9 -0.3
v -0.9 3.9 -0.4
v -0.9 3.9 -0.5
v -0.9 3.9 -0.6
v -0.9 3.9 -0.9
v -0.9 4 -0.5
v -0.9 4 -0.6
v -0.9 4 -0.7
v -0.9 4 -0.8
v -0.9 4 -0.9
v -0.9 4 -1
v -0.9 4.1 -0.2
v -0.9 4.1 -0.3
v -0.9 4.1 -0.4
v -0.9 4.2 -0.1
v -0.9 4.2 -0.2
v -0.9 4.2 -0.3
v -0.9 4.2 -0.6
v -0.9 4.2 -0.7
v -0.9 4.2 -0.8
v -0.9 4.2 -0.9
v -0.9 4.3 -0.1
v -0.9 4.3 -0.3
v -0.9 4.3 -0.6
v -0.9 4.3 -0.7
v -0.9 4.3 -0.8
v -0.8 1.3 2
v -0.8 1.3 1.9
v -0.8 1.3 -1.9
v -0.8 1.3 -2
v -0.8 1.4 2
v -0.8 1.4 1.9
v -0.8 1.4 -1.9
v -0.8 1.4 -2
v -0.8 1.8 2
v -0.8 1.8 1.9
v -0.8 1.8 -1.9
v -0.8 1.8 -2
v -0.8 1.9 2
v -0.8 1.9 1.9
v -0.8 1.9 -1.9
v -0.8 1.9 -2
v -0.8 2.8 0.2
v -0.8 2.8 -2.38419e-07
v -0.8 2.9 0.2
v -0.8 2.9 -2.38419e-07
v -0.8 2.9 -1.2
v -0.8 2.9 -1.3
v -0.8 2.9 -1.6
v -0.8 2.9 -1.7
v -0.8 3 -1.2
v -0.8 3 -1.3
v -0.8 3 -1.4
v -0.8 3 -1.6
v -0.8 3.1 -1.4
v -0.8 3.1 -1.5
v -0.8 3.1 -1.6
v -0.8 3.1 -1.7
v -0.8 3.3 1.5
v -0.8 3.3 1.4
v -0.8 3.4 1.5
v -0.8 3.4 1.4
v -0.8 3.4 1.3
v -0.8 3.5 1.3
v -0.8 3.6 1.4
v -0.8 3.6 1.3
v -0.8 3.6 1.2
v -0.8 3.7 1.3
v -0.8 3.7 1.2
v -0.8 3.8 0.2
v -0.8 3.8 0.0999999
v -0.8 3.8 -0.4
v -0.8 3.8 -0.5
v -0.8 3.9 0.2
v -0.8 3.9 0.0999999
v -0.8 3.9 -0.4
v -0.8 3.9 -0.5
v -0.8 4 0.2
v -0.8 4 0.0999999
v -0.8 4 -0.4
v -0.8 4 -0.5
v -0.8 4 -0.6
v -0.8 4 -0.9
v -0.8 4 -1
v -0.8 4.1 0.4
v -0.8 4.1 0.3
v -0.8 4.1 -0.3
v -0.8 4.1 -0.4
v -0.8 4.1 -0.9
v -0.8 4.1 -1
v -0.8 4.2 0.4
v -0.8 4.2 0.3
v -0.8 4.2 -2.38419e-07
v -0.8 4.2 -0.1
v -0.8 4.2 -0.3
v -0.8 4.2 -0.4
v -0.8 4.2 -0.5
v -0.8 4.2 -0.6
v -0.8 4.2 -0.8
v -0.8 4.2 -0.9
v -0.8 4.2 -1
v -0.8 4.3 -2.38419e-07
v -0.8 4.3 -0.1
v -0.8 4.3 -0.8
v -0.8 4.3 -0.9
v -0.7 1.4 2
v -0.7 1.4 1.9
v -0.7 1.4 -1.9
v -0.7 1.4 -2
v -0.7 1.5 2
v -0.7 1.5 1.9
v -0.7 1.5 -1.9
v -0.7 1.5 -2
v -0.7 1.7 2
v -0.7 1.7 1.9
v -0.7 1.7 -1.9
v -0.7 1.7 -2
v -0.7 1.8 2
v -0.7 1.8 1.9
v -0.7 1.8 -1.9
v -0.7 1.8 -2
v -0.7 2.8 0.4
v -0.7 2.8 0.2
v -0.7 2.9 0.4
v -0.7 2.9 0.2
v -0.7 3 -1.2
v -0.7 3 -1.3
v -0.7 3 -1.4
v -0.7 3.1 -1.2
v -0.7 3.1 -1.3
v -0.7 3.1 -1.4
v -0.7 3.1 -1.5
v -0.7 3.1 -1.6
v -0.7 3.2 1.7
v -0.7 3.2 1.6
v -0.7 3.2 -1.3
v -0.7 3.2 -1.4
v -0.7 3.2 -1.5
v -0.7 3.2 -1.6
v -0.7 3.3 1.7
v -0.7 3.3 1.6
v -0.7 3.6 0.3
v -0.7 3.6 0.2
v -0.7 3.7 0.3
v -0.7 3.7 0.2
v -0.7 3.8 -1
v -0.7 3.8 -1.1
v -0.7 3.9 -1
v -0.7 3.9 -1.1
v -0.7 4 0.7
v -0.7 4 0.6
v -0.7 4 0.2
v -0.7 4 -2.38419e-07
v -0.7 4 -1
v -0.7 4 -1.1
v -0.7 4.1 0.7
v -0.7 4.1 0.6
v -0.7 4.1 0.2
v -0.7 4.1 -2.38419e-07
v -0.7 4.2 0.7
v -0.7 4.2 0.6
v -0.6 1.5 2
v -0.6 1.5 1.9
v -0.6 1.5 -1.9
v -0.6 1.5 -2
v -0.6 1.6 2
v -0.6 1.6 1.9
v -0.6 1.6 -1.9
v -0.6 1.6 -2
v -0.6 1.7 2
v -0.6 1.7 1.9
v -0.6 1.7 -1.9
v -0.6 1.7 -2
v -0.6 3.1 -1.4
v -0.6 3.1 -1.5
v -0.6 3.2 -1.4
v -0.6 3.2 -1.5
v -0.6 3.3 1.6
v -0.6 3.3 1.5
v -0.6 3.4 1.6
v -0.6 3.4 1.5
v -0.6 3.7 -1.1
v -0.6 3.7 -1.2
v -0.6 3.8 0.8
v -0.6 3.8 0.7
v -0.6 3.8 -1.1
v -0.6 3.8 -1.2
v -0.6 3.9 0.7
v -0.6 3.9 -1.1
v -0.6 3.9 -1.2
v -0.6 4 0.8
v -0.6 4 0.7
v -0.6 4.1 0.7
v -0.6 4.1 0.3
v -0.6 4.1 0.2
v -0.6 4.2 0.8
v -0.6 4.2 0.7
v -0.6 4.2 0.6
v -0.6 4.2 0.5
v -0.6 4.2 0.4
v -0.6 4.2 0.3
v -0.6 4.3 0.6
v -0.6 4.3 0.5
v -0.6 4.3 0.4
v -0.6 4.3 0.3
v -0.6 4.3 0.2
v -0.5 2.9 -1
v -0.5 2.9 -1.6
v -0.5 3 -1
v -0.5 3 -1.1
v -0.5 3 -1.3
v -0.5 3 -1.4
v -0.5 3.1 1.7
v -0.5 3.1 1.6
v -0.5 3.1 -1.1
v -0.5 3.1 -1.2
v -0.5 3.1 -1.4
v -0.5 3.1 -1.6
v -0.5 3.2 1.7
v -0.5 3.2 1.6
v -0.5 3.2 -1.1
v -0.5 3.2 -1.2
v -0.5 3.2 -1.6
v -0.5 3.2 -1.7
v -0.5 3.3 -1.4
v -0.5 3.3 -1.6
v -0.5 3.3 -1.7
v -0.5 3.4 -1.3
v -0.5 3.4 -1.4
v -0.5 3.5 -1.2
v -0.5 3.5 -1.3
v -0.5 3.5 -1.6
v -0.5 3.6 -1.2
v -0.5 3.7 0.9
v -0.5 3.7 0.8
v -0.5 3.7 -1.2
v -0.5 3.8 -1.2
v -0.5 3.8 -1.3
v -0.5 3.9 0.9
v -0.5 3.9 0.8
v -0.5 4 0.9
v -0.5 4 0.8
v -0.5 4 -0.2
v -0.5 4 -0.3
v -0.5 4.1 -0.2
v -0.5 4.1 -0.3
v -0.5 4.3 0.5
v -0.5 4.3 0.4
v -0.5 4.4 0.5
v -0.5 4.4 0.4
v -0.4 2.9 -1.6
v -0.4 2.9 -1.7
v -0.4 3 -1.6
v -0.4 3 -1.7
v -0.4 3.2 1.8
v -0.4 3.2 1.7
v -0.4 3.2 -1.1
v -0.4 3.2 -1.2
v -0.4 3.2 -1.7
v -0.4 3.2 -1.8
v -0.4 3.3 1.8
v -0.4 3.3 1.7
v -0.4 3.3 1.6
v -0.4 3.3 -1.1
v -0.4 3.3 -1.2
v -0.4 3.3 -1.6
v -0.4 3.3 -1.7
v -0.4 3.3 -1.8
v -0.4 3.4 1.7
v -0.4 3.4 1.6
v -0.4 3.4 1.5
v -0.4 3.4 1.4
v -0.4 3.5 1.7
v -0.4 3.5 1.5
v -0.4 3.5 1.4
v -0.4 3.5 -1.3
v -0.4 3.5 -1.6
v -0.4 3.5 -1.7
v -0.4 3.6 -1.4
v -0.4 3.6 -1.5
v -0.4 3.6 -1.6
v -0.4 3.7 -1.3
v -0.4 3.7 -1.4
v -0.4 3.7 -1.5
v -0.4 3.7 -1.6
v -0.4 3.8 -1.3
v -0.4 3.8 -1.4
v -0.4 4 0.9
v -0.4 4 0.8
v -0.4 4.1 0.9
v -0.4 4.1 0.8
v -0.4 4.1 0.2
v -0.4 4.1 0.0999999
v -0.4 4.2 0.7
v -0.4 4.2 0.6
v -0.4 4.2 0.2
v -0.4 4.2 0.0999999
v -0.4 4.3 0.7
v -0.4 4.3 0.6
v -0.4 4.3 0.4
v -0.4 4.3 0.2
v -0.4 4.3 0.0999999
v -0.4 4.4 0.4
v -0.4 4.4 0.2
v -0.3 2.8 -0.9
v -0.3 2.8 -1.1
v -0.3 2.8 -1.5
v -0.3 2.8 -1.7
v -0.3 2.9 -0.9
v -0.3 2.9 -1.1
v -0.3 2.9 -1.5
v -0.3 2.9 -1.7
v -0.3 3 -1.6
v -0.3 3 -1.7
v -0.3 3.1 -0.9
v -0.3 3.1 -1
v -0.3 3.1 -1.6
v -0.3 3.1 -1.7
v -0.3 3.2 1.3
v -0.3 3.2 1.2
v -0.3 3.2 -0.9
v -0.3 3.2 -1
v -0.3 3.2 -1.8
v -0.3 3.2 -1.9
v -0.3 3.3 1.8
v -0.3 3.3 1.7
v -0.3 3.3 1.3
v -0.3 3.3 1.2
v -0.3 3.3 -1.7
v -0.3 3.3 -1.8
v -0.3 3.3 -1.9
v -0.3 3.4 1.8
v -0.3 3.4 1.7
v -0.3 3.5 1.5
v -0.3 3.5 1.3
v -0.3 3.5 1.2
v -0.3 3.5 -1.6
v -0.3 3.5 -1.7
v -0.3 3.5 -1.8
v -0.3 3.6 1.5
v -0.3 3.6 1.2
v -0.3 3.6 1.1
v -0.3 3.6 0.9
v -0.3 3.6 -1.6
v -0.3 3.7 1.2
v -0.3 3.7 1.1
v -0.3 3.7 0.9
v -0.3 3.7 -1.4
v -0.3 3.7 -1.5
v -0.3 3.7 -1.6
v -0.3 3.7 -1.7
v -0.3 3.8 -1.4
v -0.3 3.8 -1.6
v -0.3 4 -0.3
v -0.3 4 -0.4
v -0.3 4.1 0.0999999
v -0.3 4.1 -2.38419e-07
v -0.3 4.1 -0.3
v -0.3 4.1 -0.4
v -0.3 4.2 0.0999999
v -0.3 4.2 -2.38419e-07
v -0.3 4.3 0.0999999
v -0.3 4.3 -2.38419e-07
v -0.2 1.4 2
v -0.2 1.4 1.9
v -0.2 1.4 -1.9
v -0.2 1.4 -2
v -0.2 1.5 2
v -0.2 1.5 1.9
v -0.2 1.5 -1.9
v -0.2 1.5 -2
v -0.2 1.7 2
v -0.2 1.7 1.9
v -0.2 1.7 -1.9
v -0.2 1.7 -2
v -0.2 1.8 2
v -0.2 1.8 1.9
v -0.2 1.8 -1.9
v -0.2 1.8 -2
v -0.2 3.1 1.3
v -0.2 3.1 1.2
v -0.2 3.2 1.3
v -0.2 3.2 1.2
v -0.2 3.5 1.6
v -0.2 3.5 1.5
v -0.2 3.5 -1.7
v -0.2 3.5 -1.8
v -0.2 3.6 1.6
v -0.2 3.6 1.5
v -0.2 3.6 1.3
v -0.2 3.6 1.2
v -0.2 3.6 -1.7
v -0.2 3.6 -1.8
v -0.2 3.7 1.3
v -0.2 3.7 1.2
v -0.2 3.7 1.1
v -0.2 3.7 0.9
v -0.2 3.8 1.1
v -0.2 3.8 1
v -0.2 3.9 1
v -0.2 3.9 0.9
v -0.2 3.9 -0.5
v -0.2 3.9 -0.6
v -0.2 4 1.1
v -0.2 4 0.9
v -0.2 4 -0.5
v -0.2 4 -0.6
v -0.2 4.1 -2.38419e-07
v -0.2 4.1 -0.1
v -0.2 4.2 -2.38419e-07
v -0.2 4.2 -0.1
v -0.2 4.3 -2.38419e-07
v -0.2 4.3 -0.1
v -0.0999999 0.2 2
v -0.0999999 0.2 1.9
v -0.0999999 0.2 -1.9
v -0.0999999 0.2 -2
v -0.0999999 0.3 1.9
v -0.0999999 0.3 -1.9
v -0.0999999 0.8 1.9
v -0.0999999 0.8 -1.9
v -0.0999999 1.4 2
v -0.0999999 1.4 1.9
v -0.0999999 1.4 -1.9
v -0.0999999 1.4 -2
v -0.0999999 1.8 2
v -0.0999999 1.8 1.9
v -0.0999999 1.8 -1.9
v -0.0999999 1.8 -2
v -0.0999999 2.4 1.9
v -0.0999999 2.4 -1.9
v -0.0999999 2.8 1.9
v -0.0999999 2.8 -1.6
v -0.0999999 2.8 -1.7
v -0.0999999 2.8 -1.9
v -0.0999999 2.9 -1.6
v -0.0999999 2.9 -1.7
v -0.0999999 3 2
v -0.0999999 3 1.9
v -0.0999999 3 -1.9
v -0.0999999 3 -2
v -0.0999999 3.6 1.4
v -0.0999999 3.6 1.3
v -0.0999999 3.7 1.4
v -0.0999999 3.7 1.3
v -0.0999999 3.7 1.2
v -0.0999999 3.7 1.1
v -0.0999999 3.8 1.1
v -0.0999999 3.9 -0.6
v -0.0999999 3.9 -0.7
v -0.0999999 4 1.2
v -0.0999999 4 1.1
v -0.0999999 4 -0.4
v -0.0999999 4 -0.6
v -0.0999999 4 -0.7
v -0.0999999 4.1 -0.1
v -0.0999999 4.1 -0.2
v -0.0999999 4.1 -0.3
v -0.0999999 4.1 -0.4
v -0.0999999 4.2 -0.1
v -0.0999999 4.2 -0.2
v -0.0999999 4.2 -0.3
v -0.0999999 4.2 -0.7
v -0.0999999 4.3 0.2
v -0.0999999 4.3 0.0999999
v -0.0999999 4.3 -0.1
v -0.0999999 4.3 -0.2
v -0.0999999 4.4 0.2
v -0.0999999 4.4 0.0999999
v 2.38419e-07 2.8 0.6
v 2.38419e-07 2.8 0.4
v 2.38419e-07 2.8 -2.38419e-07
v 2.38419e-07 2.8 -0.2
v 2.38419e-07 2.9 0.6
v 2.38419e-07 2.9 0.4
v 2.38419e-07 2.9 -2.38419e-07
v 2.38419e-07 2.9 -0.2
v 2.38419e-07 3.7 1.3
v 2.38419e-07 3.7 1.2
v 2.38419e-07 3.9 -0.7
v 2.38419e-07 3.9 -0.8
v 2.38419e-07 4 1.2
v 2.38419e-07 4 1.1
v 2.38419e-07 4 1
v 2.38419e-07 4 -0.7
v 2.38419e-07 4 -0.8
v 2.38419e-07 4.1 1.3
v 2.38419e-07 4.1 1.1
v 2.38419e-07 4.1 1
v 2.38419e-07 4.1 -0.2
v 2.38419e-07 4.1 -0.3
v 2.38419e-07 4.2 -0.2
v 2.38419e-07 4.2 -0.3
v 2.38419e-07 4.2 -0.4
v 2.38419e-07 4.2 -0.7
v 2.38419e-07 4.3 0.3
v 2.38419e-07 4.3 0.2
v 2.38419e-07 4.3 0.0999999
v 2.38419e-07 4.3 -2.38419e-07
v 2.38419e-07 4.3 -0.1
v 2.38419e-07 4.3 -0.4
v 2.38419e-07 4.3 -0.7
v 2.38419e-07 4.3 -0.8
v 2.38419e-07 4.4 0.3
v 2.38419e-07 4.4 0.2
v 2.38419e-07 4.4 0.0999999
v 2.38419e-07 4.4 -0.1
v 0.1 3.7 1.4
v 0.1 3.7 1.3
v 0.1 3.8 1.4
v 0.1 3.8 1.3
v 0.1 3.8 -1
v 0.1 3.8 -1.1
v 0.1 3.9 1.4
v 0.1 3.9 1.3
v 0.1 3.9 -0.8
v 0.1 3.9 -0.9
v 0.1 3.9 -1
v 0.1 4 1
v 0.1 4 0.9
v 0.1 4 -0.8
v 0.1 4 -1.1
v 0.1 4.1 1
v 0.1 4.1 0.9
v 0.1 4.1 -0.8
v 0.1 4.1 -0.9
v 0.1 4.1 -1.1
v 0.1 4.2 -0.3
v 0.1 4.2 -0.4
v 0.1 4.2 -0.8
v 0.1 4.2 -0.9
v 0.1 4.3 0.4
v 0.1 4.3 0.3
v 0.1 4.3 -0.1
v 0.1 4.3 -0.2
v 0.1 4.3 -0.3
v 0.1 4.3 -0.4
v 0.1 4.3 -0.5
v 0.1 4.3 -0.6
v 0.1 4.3 -0.8
v 0.1 4.3 -0.9
v 0.1 4.4 0.4
v 0.1 4.4 0.3
v 0.1 4.4 0.2
v 0.1 4.4 0.0999999
v 0.1 4.4 -2.38419e-07
v 0.1 4.4 -0.1
v 0.1 4.4 -0.2
v 0.1 4.4 -0.4
v 0.1 4.4 -0.5
v 0.1 4.4 -0.6
v 0.1 4.5 0.2
v 0.1 4.5 0.0999999
v 0.1 4.5 -2.38419e-07
v 0.1 4.5 -0.1
v 0.2 3 -1.6
v 0.2 3 -1.7
v 0.2 3.1 -1.6
v 0.2 3.1 -1.7
v 0.2 3.8 -1.1
v 0.2 3.8 -1.2
v 0.2 3.9 -1.1
v 0.2 3.9 -1.2
v 0.2 4 -1.1
v 0.2 4.1 -0.9
v 0.2 4.1 -1
v 0.2 4.1 -1.1
v 0.2 4.1 -1.2
v 0.2 4.2 -0.2
v 0.2 4.2 -0.3
v 0.2 4.2 -0.9
v 0.2 4.3 -0.2
v 0.2 4.3 -0.3
v 0.2 4.3 -0.6
v 0.2 4.3 -0.8
v 0.2 4.3 -0.9
v 0.2 4.3 -1
v 0.2 4.4 0.3
v 0.2 4.4 0.2
v 0.2 4.4 0.0999999
v 0.2 4.4 -2.38419e-07
v 0.2 4.4 -0.6
v 0.2 4.4 -0.8
v 0.2 4.5 0.3
v 0.2 4.5 0.2
v 0.2 4.5 0.0999999
v 0.2 4.5 -2.38419e-07
v 0.4 1.4 2
v 0.4 1.4 1.9
v 0.4 1.4 -1.9
v 0.4 1.4 -2
v 0.4 1.5 2
v 0.4 1.5 1.9
v 0.4 1.5 -1.9
v 0.4 1.5 -2
v 0.4 1.7 2
v 0.4 1.7 1.9
v 0.4 1.7 -1.9
v 0.4 1.7 -2
v 0.4 1.8 2
v 0.4 1.8 1.9
v 0.4 1.8 -1.9
v 0.4 1.8 -2
v 0.5 1.3 2
v 0.5 1.3 1.9
v 0.5 1.3 -1.9
v 0.5 1.3 -2
v 0.5 1.4 2
v 0.5 1.4 1.9
v 0.5 1.4 -1.9
v 0.5 1.4 -2
v 0.5 1.8 2
v 0.5 1.8 1.9
v 0.5 1.8 -1.9
v 0.5 1.8 -2
v 0.5 1.9 2
v 0.5 1.9 1.9
v 0.5 1.9 -1.9
v 0.5 1.9 -2
v 0.5 3.2 1.6
v 0.5 3.2 1.5
v 0.5 3.3 1.6
v 0.5 3.3 1.5
v 0.6 1.2 2
v 0.6 1.2 1.9
v 0.6 1.2 -1.9
v 0.6 1.2 -2
v 0.6 1.3 2
v 0.6 1.3 1.9
v 0.6 1.3 -1.9
v 0.6 1.3 -2
v 0.6 1.9 2
v 0.6 1.9 1.9
v 0.6 1.9 -1.9
v 0.6 1.9 -2
v 0.6 2 2
v 0.6 2 1.9
v 0.6 2 -1.9
v 0.6 2 -2
v 0.6 3.2 1.7
v 0.6 3.2 1.6
v 0.6 3.3 1.7
v 0.6 3.3 1.6
v 0.6 3.3 1.5
v 0.6 3.3 1.4
v 0.6 3.4 1.6
v 0.6 3.4 1.5
v 0.6 3.5 1.6
v 0.6 3.5 1.5
v 0.6 3.5 1.4
v 0.6 3.6 0.9
v 0.6 3.6 0.8
v 0.6 3.6 0.7
v 0.6 3.6 0.6
v 0.6 3.7 0.9
v 0.6 3.7 0.6
v 0.7 1.1 2
v 0.7 1.1 1.9
v 0.7 1.1 -1.9
v 0.7 1.1 -2
v 0.7 1.2 2
v 0.7 1.2 1.9
v 0.7 1.2 -1.9
v 0.7 1.2 -2
v 0.7 2 2
v 0.7 2 1.9
v 0.7 2 -1.9
v 0.7 2 -2
v 0.7 2.1 2
v 0.7 2.1 1.9
v 0.7 2.1 -1.9
v 0.7 2.1 -2
v 0.7 3.3 1.7
v 0.7 3.3 1.6
v 0.7 3.3 1.4
v 0.7 3.3 1.3
v 0.7 3.3 1.2
v 0.7 3.4 1.6
v 0.7 3.4 1.3
v 0.7 3.4 1.2
v 0.7 3.5 1.7
v 0.7 3.5 1.6
v 0.7 3.5 1.4
v 0.7 3.5 1.3
v 0.8 1 2
v 0.8 1 1.9
v 0.8 1 -1.9
v 0.8 1 -2
v 0.8 1.1 2
v 0.8 1.1 1.9
v 0.8 1.1 -1.9
v 0.8 1.1 -2
v 0.8 2.1 2
v 0.8 2.1 1.9
v 0.8 2.1 -1.9
v 0.8 2.1 -2
v 0.8 2.2 2
v 0.8 2.2 1.9
v 0.8 2.2 -1.9
v 0.8 2.2 -2
v 0.8 2.9 0.3
v 0.8 2.9 0.0999999
v 0.8 3 0.3
v 0.8 3 0.0999999
v 0.8 3 -1.5
v 0.8 3 -1.6
v 0.8 3 -1.7
v 0.8 3.1 -1.5
v 0.8 3.1 -1.6
v 0.8 3.1 -1.7
v 0.8 3.2 1.8
v 0.8 3.2 1.7
v 0.8 3.2 1.3
v 0.8 3.2 1.2
v 0.8 3.2 -1.4
v 0.8 3.2 -1.5
v 0.8 3.2 -1.6
v 0.8 3.3 1.3
v 0.8 3.3 1.2
v 0.8 3.3 -1.4
v 0.8 3.3 -1.5
v 0.8 3.4 1.8
v 0.8 3.4 1.7
v 0.8 3.4 1.3
v 0.8 3.4 1.2
v 0.8 3.4 1.1
v 0.8 3.5 1.8
v 0.8 3.5 1.7
v 0.8 3.5 1.3
v 0.8 3.5 1.1
v 0.9 0.9 2
v 0.9 0.9 1.9
v 0.9 0.9 -1.9
v 0.9 0.9 -2
v 0.9 1 2
v 0.9 1 1.9
v 0.9 1 -1.9
v 0.9 1 -2
v 0.9 2.2 2
v 0.9 2.2 1.9
v 0.9 2.2 -1.9
v 0.9 2.2 -2
v 0.9 2.3 2
v 0.9 2.3 1.9
v 0.9 2.3 -1.9
v 0.9 2.3 -2
v 0.9 3 0.3
v 0.9 3 0.2
v 0.9 3.1 0.3
v 0.9 3.1 0.2
v 0.9 3.1 -1.6
v 0.9 3.1 -1.7
v 0.9 3.2 1.9
v 0.9 3.2 1.8
v 0.9 3.2 -1.5
v 0.9 3.2 -1.6
v 0.9 3.2 -1.7
v 0.9 3.2 -1.8
v 0.9 3.3 1.9
v 0.9 3.3 1.8
v 0.9 3.3 -1.3
v 0.9 3.3 -1.5
v 0.9 3.3 -1.6
v 0.9 3.3 -1.7
v 0.9 3.3 -1.8
v 0.9 3.4 -1.2
v 0.9 3.4 -1.3
v 0.9 3.4 -1.6
v 0.9 3.4 -1.7
v 0.9 3.5 1.7
v 0.9 3.5 1.6
v 0.9 3.5 1.5
v 0.9 3.5 1.4
v 0.9 3.5 -1.3
v 0.9 3.5 -1.4
v 0.9 3.5 -1.6
v 0.9 3.5 -1.7
v 0.9 3.6 1.7
v 0.9 3.6 1.6
v 0.9 3.6 1.5
v 0.9 3.6 1.4
v 0.9 3.6 0.4
v 0.9 3.6 0.3
v 0.9 3.7 0.4
v 0.9 3.7 0.3
v 0.9 3.7 -0.3
v 0.9 3.7 -0.4
v 0.9 3.7 -1.2
v 0.9 3.7 -1.3
v 0.9 3.8 -0.3
v 0.9 3.8 -0.4
v 0.9 3.8 -1.4
v 0.9 3.8 -1.6
v 1 0.8 2
v 1 0.8 1.9
v 1 0.8 -1.9
v 1 0.8 -2
v 1 0.9 2
v 1 0.9 1.9
v 1 0.9 -1.9
v 1 0.9 -2
v 1 2.3 2
v 1 2.3 1.9
v 1 2.3 -1.9
v 1 2.3 -2
v 1 2.4 2
v 1 2.4 1.9
v 1 2.4 -1.9
v 1 2.4 -2
v 1 2.9 1.6
v 1 2.9 1.3
v 1 3 1.6
v 1 3 1.3
v 1 3.1 0.2
v 1 3.1 0.0999999
v 1 3.2 0.2
v 1 3.2 0.0999999
v 1 3.3 1.9
v 1 3.3 1.8
v 1 3.3 -1.7
v 1 3.3 -1.8
v 1 3.4 1.9
v 1 3.4 1.8
v 1 3.4 -1.7
v 1 3.5 1.4
v 1 3.5 1.3
v 1 3.5 0.3
v 1 3.5 0.2
v 1 3.5 -1.3
v 1 3.5 -1.4
v 1 3.5 -1.6
v 1 3.5 -1.7
v 1 3.5 -1.8
v 1 3.6 1.4
v 1 3.6 1.3
v 1 3.7 0.6
v 1 3.7 0.4
v 1 3.7 0.3
v 1 3.7 0.2
v 1 3.7 -1.3
v 1 3.8 0.6
v 1 3.8 0.4
v 1 3.8 0.3
v 1 3.8 -1.3
v 1 3.8 -1.4
v 1 3.8 -1.6
v 1 3.8 -1.7
v 1.1 0.7 2
v 1.1 0.7 1.9
v 1.1 0.7 -1.9
v 1.1 0.7 -2
v 1.1 0.8 2
v 1.1 0.8 1.9
v 1.1 0.8 -1.9
v 1.1 0.8 -2
v 1.1 2.4 2
v 1.1 2.4 1.9
v 1.1 2.4 -1.9
v 1.1 2.4 -2
v 1.1 2.5 2
v 1.1 2.5 1.9
v 1.1 2.5 -1.9
v 1.1 2.5 -2
v 1.1 2.8 0.4
v 1.1 2.8 0.2
v 1.1 2.9 0.4
v 1.1 2.9 0.2
v 1.1 3.5 1.3
v 1.1 3.5 1.2
v 1.1 3.5 1
v 1.1 3.5 0.8
v 1.1 3.5 0.2
v 1.1 3.5 0.0999999
v 1.1 3.6 1.3
v 1.1 3.6 1.2
v 1.1 3.6 1
v 1.1 3.6 0.8
v 1.1 3.6 0.7
v 1.1 3.7 0.8
v 1.1 3.7 0.7
v 1.1 3.7 0.6
v 1.1 3.7 0.3
v 1.1 3.7 0.2
v 1.1 3.7 0.0999999
v 1.1 3.8 0.7
v 1.1 3.8 0.6
v 1.1 3.8 0.3
v 1.1 3.8 0.2
v 1.2 0.6 2
v 1.2 0.6 1.9
v 1.2 0.6 -1.9
v 1.2 0.6 -2
v 1.2 0.7 2
v 1.2 0.7 1.9
v 1.2 0.7 -1.9
v 1.2 0.7 -2
v 1.2 2.5 2
v 1.2 2.5 1.9
v 1.2 2.5 -1.9
v 1.2 2.5 -2
v 1.2 2.6 2
v 1.2 2.6 1.9
v 1.2 2.6 -1.9
v 1.2 2.6 -2
v 1.2 3.5 1.2
v 1.2 3.5 1.1
v 1.2 3.6 1.5
v 1.2 3.6 1.4
v 1.2 3.6 1.3
v 1.2 3.6 1.2
v 1.2 3.6 1.1
v 1.2 3.7 1.5
v 1.2 3.7 1.4
v 1.2 3.7 1.3
v 1.2 3.7 1.2
v 1.3 0.5 2
v 1.3 0.5 1.9
v 1.3 0.5 -1.9
v 1.3 0.5 -2
v 1.3 0.6 2
v 1.3 0.6 1.9
v 1.3 0.6 -1.9
v 1.3 0.6 -2
v 1.3 2.6 2
v 1.3 2.6 1.9
v 1.3 2.6 -1.9
v 1.3 2.6 -2
v 1.3 2.7 2
v 1.3 2.7 1.9
v 1.3 2.7 -1.9
v 1.3 2.7 -2
v 1.3 2.8 0.2
v 1.3 2.8 0.0999999
v 1.3 2.8 -2.38419e-07
v 1.3 2.8 -0.1
v 1.3 2.9 0.2
v 1.3 2.9 0.0999999
v 1.3 2.9 -2.38419e-07
v 1.3 2.9 -0.1
v 1.4 0.4 2
v 1.4 0.4 1.9
v 1.4 0.4 -1.9
v 1.4 0.4 -2
v 1.4 0.5 2
v 1.4 0.5 1.9
v 1.4 0.5 -1.9
v 1.4 0.5 -2
v 1.4 2.7 2
v 1.4 2.7 1.9
v 1.4 2.7 -1.9
v 1.4 2.7 -2
v 1.4 2.8 2
v 1.4 2.8 1.9
v 1.4 2.8 -1.9
v 1.4 2.8 -2
v 1.4 3.2 -0.9
v 1.4 3.2 -1
v 1.4 3.4 -0.9
v 1.4 3.4 -1
v 1.5 0.3 2
v 1.5 0.3 1.9
v 1.5 0.3 -1.9
v 1.5 0.3 -2
v 1.5 0.4 2
v 1.5 0.4 1.9
v 1.5 0.4 -1.9
v 1.5 0.4 -2
v 1.5 2.8 2
v 1.5 2.8 1.9
v 1.5 2.8 -1.9
v 1.5 2.8 -2
v 1.5 2.9 2
v 1.5 2.9 1.9
v 1.5 2.9 -1.9
v 1.5 2.9 -2
v 1.6 0.2 2
v 1.6 0.2 1.9
v 1.6 0.2 -1.9
v 1.6 0.2 -2
v 1.6 0.3 2
v 1.6 0.3 1.9
v 1.6 0.3 -1.9
v 1.6 0.3 -2
v 1.6 2.9 2
v 1.6 2.9 1.9
v 1.6 2.9 -1.9
v 1.6 2.9 -2
v 1.6 3 2
v 1.6 3 1.9
v 1.6 3 -1.9
v 1.6 3 -2
v 1.7 0.2 1.8
v 1.7 0.2 1.7
v 1.7 1.5 1.8
v 1.7 1.9 1.8
v 1.7 2.8 0.0999999
v 1.7 2.8 -2.38419e-07
v 1.7 2.8 -1
v 1.7 2.8 -1.2
v 1.7 2.8 -1.6
v 1.7 2.8 -1.7
v 1.7 2.9 0.9
v 1.7 2.9 0.8
v 1.7 2.9 0.0999999
v 1.7 2.9 -2.38419e-07
v 1.7 2.9 -1
v 1.7 2.9 -1.2
v 1.7 3 1.8
v 1.7 3 1.7
v 1.7 3 0.9
v 1.7 3 0.8
v 1.7 3 -0.5
v 1.7 3 -0.6
v 1.7 3 -1.6
v 1.7 3 -1.7
v 1.7 3.1 -0.5
v 1.7 3.1 -0.6
v 1.8 0.4 2
v 1.8 0.4 1.9
v 1.8 0.4 -1.9
v 1.8 0.4 -2
v 1.8 2.8 2
v 1.8 2.8 1.9
v 1.8 2.8 -1.9
v 1.8 2.8 -2
v -1.8 0.2 1.8
v -1.8 0.2 1.7
v -1.8 0.4 2
v -1.8 0.4 1.9
v -1.8 0.4 -1.9
v -1.8 0.4 -2
v -1.8 1.2 1.7
v -1.8 2.8 2
v -1.8 2.8 1.9
v -1.8 2.8 -1.9
v -1.8 2.8 -2
v -1.8 3 1.8
v -1.8 3 1.7
v -1.7 2.8 -0.1
v -1.7 2.8 -1.7
v -1.7 2.9 0.9
v -1.7 2.9 0.8
v -1.7 2.9 0.5
v -1.7 2.9 0.4
v -1.7 2.9 -0.1
v -1.7 2.9 -0.9
v -1.7 3 0.8
v -1.7 3 0.7
v -1.7 3 -0.9
v -1.7 3 -1.3
v -1.7 3.1 0.5
v -1.7 3.1 0.4
v -1.7 3.1 -1.3
v -1.7 3.1 -1.7
v -1.7 3.2 0.9
v -1.7 3.2 0.8
v -1.7 3.2 0.7
v -1.6 0.2 2
v -1.6 0.2 1.9
v -1.6 0.2 -1.9
v -1.6 0.2 -2
v -1.6 0.3 2
v -1.6 0.3 1.9
v -1.6 0.3 -1.9
v -1.6 0.3 -2
v -1.6 2.8 -2.38419e-07
v -1.6 2.8 -0.1
v -1.6 2.9 2
v -1.6 2.9 1.9
v -1.6 2.9 0.8
v -1.6 2.9 0.7
v -1.6 2.9 -2.38419e-07
v -1.6 2.9 -0.1
v -1.6 2.9 -1.9
v -1.6 2.9 -2
v -1.6 3 2
v -1.6 3 1.9
v -1.6 3 0.8
v -1.6 3 0.7
v -1.6 3 -1.9
v -1.6 3 -2
v -1.6 3.2 0.5
v -1.6 3.2 0.2
v -1.6 3.3 0.5
v -1.6 3.3 0.2
v -1.5 0.3 2
v -1.5 0.3 1.9
v -1.5 0.3 -1.9
v -1.5 0.3 -2
v -1.5 0.4 2
v -1.5 0.4 1.9
v -1.5 0.4 -1.9
v -1.5 0.4 -2
v -1.5 2.8 2
v -1.5 2.8 1.9
v -1.5 2.8 -1.9
v -1.5 2.8 -2
v -1.5 2.9 2
v -1.5 2.9 1.9
v -1.5 2.9 0.7
v -1.5 2.9 0.6
v -1.5 2.9 -1.9
v -1.5 2.9 -2
v -1.5 3 0.7
v -1.5 3 0.6
v -1.5 3.8 0.0999999
v -1.5 3.8 -2.38419e-07
v -1.5 3.9 0.0999999
v -1.5 3.9 -2.38419e-07
v -1.4 0.4 2
v -1.4 0.4 1.9
v -1.4 0.4 -1.9
v -1.4 0.4 -2
v -1.4 0.5 2
v -1.4 0.5 1.9
v -1.4 0.5 -1.9
v -1.4 0.5 -2
v -1.4 2.7 2
v -1.4 2.7 1.9
v -1.4 2.7 -1.9
v -1.4 2.7 -2
v -1.4 2.8 2
v -1.4 2.8 1.9
v -1.4 2.8 -1.9
v -1.4 2.8 -2
v -1.4 3.2 0.8
v -1.4 3.2 0.7
v -1.4 3.3 0.8
v -1.4 3.3 0.7
v -1.4 3.7 0.3
v -1.4 3.7 0.2
v -1.4 3.8 0.3
v -1.4 3.8 0.2
v -1.4 3.8 0.0999999
v -1.4 3.9 0.3
v -1.4 3.9 0.2
v -1.4 3.9 0.0999999
v -1.3 0.5 2
v -1.3 0.5 1.9
v -1.3 0.5 -1.9
v -1.3 0.5 -2
v -1.3 0.6 2
v -1.3 0.6 1.9
v -1.3 0.6 -1.9
v -1.3 0.6 -2
v -1.3 2.6 2
v -1.3 2.6 1.9
v -1.3 2.6 -1.9
v -1.3 2.6 -2
v -1.3 2.7 2
v -1.3 2.7 1.9
v -1.3 2.7 -1.9
v -1.3 2.7 -2
v -1.3 3.5 1.3
v -1.3 3.5 1.2
v -1.3 3.6 1.6
v -1.3 3.6 1.5
v -1.3 3.6 1.3
v -1.3 3.6 1.2
v -1.3 3.7 1.6
v -1.3 3.7 1.5
v -1.3 3.7 1.3
v -1.3 3.7 1.2
v -1.3 3.7 0.2
v -1.3 3.7 0.0999999
v -1.3 3.8 0.2
v -1.3 3.8 0.0999999
v -1.2 0.6 2
v -1.2 0.6 1.9
v -1.2 0.6 -1.9
v -1.2 0.6 -2
v -1.2 0.7 2
v -1.2 0.7 1.9
v -1.2 0.7 -1.9
v -1.2 0.7 -2
v -1.2 2.5 2
v -1.2 2.5 1.9
v -1.2 2.5 -1.9
v -1.2 2.5 -2
v -1.2 2.6 2
v -1.2 2.6 1.9
v -1.2 2.6 -1.9
v -1.2 2.6 -2
v -1.2 2.9 0.8
v -1.2 2.9 0.7
v -1.2 3 0.8
v -1.2 3 0.7
v -1.2 3 -1.3
v -1.2 3 -1.4
v -1.2 3.1 -1.3
v -1.2 3.1 -1.4
v -1.2 3.2 1.8
v -1.2 3.2 1.7
v -1.2 3.3 1.7
v -1.2 3.4 1.8
v -1.2 3.4 1.7
v -1.2 3.5 1.4
v -1.2 3.5 1.3
v -1.2 3.5 -1.7
v -1.2 3.5 -1.8
v -1.2 3.6 1.8
v -1.2 3.6 1.7
v -1.2 3.6 1.5
v -1.2 3.6 1.4
v -1.2 3.6 1.3
v -1.2 3.6 -1.7
v -1.2 3.6 -1.8
v -1.2 3.7 1.5
v -1.2 3.7 1.4
v -1.2 3.7 1.3
v -1.2 3.7 0.0999999
v -1.2 3.7 -2.38419e-07
v -1.2 3.8 0.0999999
v -1.2 3.8 -2.38419e-07
v -1.1 0.7 2
v -1.1 0.7 1.9
v -1.1 0.7 -1.9
v -1.1 0.7 -2
v -1.1 0.8 2
v -1.1 0.8 1.9
v -1.1 0.8 -1.9
v -1.1 0.8 -2
v -1.1 2.4 2
v -1.1 2.4 1.9
v -1.1 2.4 -1.9
v -1.1 2.4 -2
v -1.1 2.5 2
v -1.1 2.5 1.9
v -1.1 2.5 -1.9
v -1.1 2.5 -2
v -1.1 2.8 -2.38419e-07
v -1.1 2.8 -0.1
v -1.1 2.9 0.9
v -1.1 2.9 0.8
v -1.1 2.9 -2.38419e-07
v -1.1 2.9 -0.1
v -1.1 2.9 -0.9
v -1.1 2.9 -1
v -1.1 3 0.9
v -1.1 3 0.8
v -1.1 3 -0.9
v -1.1 3 -1
v -1.1 3.4 1.5
v -1.1 3.4 1.3
v -1.1 3.5 1.7
v -1.1 3.5 1.5
v -1.1 3.5 1.4
v -1.1 3.5 1.3
v -1.1 3.6 1.7
v -1.1 3.6 1.5
v -1.1 3.6 1.4
v -1.1 3.7 -1.1
v -1.1 3.7 -1.2
v -1.1 3.7 -1.5
v -1.1 3.7 -1.6
v -1.1 3.8 -1.1
v -1.1 3.8 -1.2
v -1.1 3.8 -1.4
v -1.1 3.8 -1.5
v -1.1 3.8 -1.6
v -1.1 3.9 -1.1
v -1.1 3.9 -1.2
v -1.1 3.9 -1.4
v -1.1 3.9 -1.5
v -1 0.8 2
v -1 0.8 1.9
v -1 0.8 -1.9
v -1 0.8 -2
v -1 0.9 2
v -1 0.9 1.9
v -1 0.9 -1.9
v -1 0.9 -2
v -1 2.3 2
v -1 2.3 1.9
v -1 2.3 -1.9
v -1 2.3 -2
v -1 2.4 2
v -1 2.4 1.9
v -1 2.4 -1.9
v -1 2.4 -2
v -1 2.9 -1.2
v -1 2.9 -1.3
v -1 3.1 -1.2
v -1 3.1 -1.3
v -1 3.2 -1.7
v -1 3.2 -1.8
v -1 3.3 1.7
v -1 3.3 1.4
v -1 3.3 -1.7
v -1 3.4 1.5
v -1 3.4 1.4
v -1 3.4 1.3
v -1 3.4 1.2
v -1 3.4 -1.7
v -1 3.4 -1.8
v -1 3.5 1.7
v -1 3.5 1.5
v -1 3.5 1.3
v -1 3.5 1.2
v -1 3.5 -1.7
v -1 3.5 -1.8
v -1 3.6 -1.6
v -1 3.6 -1.7
v -1 3.7 -1.2
v -1 3.7 -1.4
v -1 3.7 -1.5
v -1 3.7 -1.6
v -1 3.7 -1.7
v -1 3.8 -1.2
v -1 3.8 -1.4
v -1 3.8 -1.5
v -0.9 0.9 2
v -0.9 0.9 1.9
v -0.9 0.9 -1.9
v -0.9 0.9 -2
v -0.9 1 2
v -0.9 1 1.9
v -0.9 1 -1.9
v -0.9 1 -2
v -0.9 2.2 2
v -0.9 2.2 1.9
v -0.9 2.2 -1.9
v -0.9 2.2 -2
v -0.9 2.3 2
v -0.9 2.3 1.9
v -0.9 2.3 -1.9
v -0.9 2.3 -2
v -0.9 2.8 0.2
v -0.9 2.8 -2.38419e-07
v -0.9 2.9 0.2
v -0.9 2.9 -2.38419e-07
v -0.9 3.1 -1.5
v -0.9 3.1 -1.6
v -0.9 3.2 1.7
v -0.9 3.2 1.6
v -0.9 3.2 -1.5
v -0.9 3.2 -1.6
v -0.9 3.3 1.7
v -0.9 3.3 1.6
v -0.9 3.3 -1.6
v -0.9 3.3 -1.7
v -0.9 3.4 -1.6
v -0.9 3.6 -1.5
v -0.9 3.6 -1.6
v -0.9 3.6 -1.7
v -0.9 3.7 1
v -0.9 3.7 0.9
v -0.9 3.7 -1.5
v -0.9 3.7 -1.6
v -0.9 3.8 1
v -0.9 3.8 0.9
v -0.9 4 0.8
v -0.9 4 0.7
v -0.9 4.1 0.8
v -0.9 4.1 0.7
v -0.8 1 2
v -0.8 1 1.9
v -0.8 1 -1.9
v -0.8 1 -2
v -0.8 1.1 2
v -0.8 1.1 1.9
v -0.8 1.1 -1.9
v -0.8 1.1 -2
v -0.8 2.1 2
v -0.8 2.1 1.9
v -0.8 2.1 -1.9
v -0.8 2.1 -2
v -0.8 2.2 2
v -0.8 2.2 1.9
v -0.8 2.2 -1.9
v -0.8 2.2 -2
v -0.8 2.8 0.4
v -0.8 2.8 0.2
v -0.8 2.9 0.4
v -0.8 2.9 0.2
v -0.8 2.9 -1
v -0.8 2.9 -1.1
v -0.8 3 -1
v -0.8 3 -1.1
v -0.8 3.1 -1.3
v -0.8 3.1 -1.4
v -0.8 3.1 -1.5
v -0.8 3.2 -1.3
v -0.8 3.2 -1.5
v -0.8 3.3 -1.5
v -0.8 3.3 -1.6
v -0.8 3.4 -1.5
v -0.8 3.4 -1.6
v -0.8 3.5 -1.5
v -0.8 3.6 0.3
v -0.8 3.6 0.2
v -0.8 3.6 -1.2
v -0.8 3.6 -1.3
v -0.8 3.6 -1.4
v -0.8 3.6 -1.5
v -0.8 3.6 -1.6
v -0.8 3.7 0.3
v -0.8 3.7 0.2
v -0.8 3.7 -1.2
v -0.8 3.7 -1.3
v -0.8 3.7 -1.5
v -0.8 3.8 0.9
v -0.8 3.8 0.8
v -0.8 4 0.9
v -0.8 4 0.8
v -0.8 4 0.7
v -0.8 4 0.6
v -0.8 4.2 0.7
v -0.8 4.2 0.6
v -0.7 1.1 2
v -0.7 1.1 1.9
v -0.7 1.1 -1.9
v -0.7 1.1 -2
v -0.7 1.2 2
v -0.7 1.2 1.9
v -0.7 1.2 -1.9
v -0.7 1.2 -2
v -0.7 2 2
v -0.7 2 1.9
v -0.7 2 -1.9
v -0.7 2 -2
v -0.7 2.1 2
v -0.7 2.1 1.9
v -0.7 2.1 -1.9
v -0.7 2.1 -2
v -0.7 3 -1.4
v -0.7 3 -1.5
v -0.7 3.1 -1.4
v -0.7 3.1 -1.5
v -0.7 3.2 -1.6
v -0.7 3.2 -1.7
v -0.7 3.3 -1.4
v -0.7 3.3 -1.5
v -0.7 3.3 -1.6
v -0.7 3.3 -1.7
v -0.7 3.4 -1.3
v -0.7 3.4 -1.4
v -0.7 3.5 -1.2
v -0.7 3.5 -1.3
v -0.7 3.5 -1.4
v -0.7 3.5 -1.5
v -0.7 3.6 -1.2
v -0.7 3.6 -1.4
v -0.7 3.6 -1.5
v -0.7 3.8 0.8
v -0.7 3.8 0.7
v -0.7 3.9 0.7
v -0.7 4 0.8
v -0.7 4 0.7
v -0.7 4.1 -0.3
v -0.7 4.1 -0.4
v -0.7 4.2 -2.38419e-07
v -0.7 4.2 -0.1
v -0.7 4.2 -0.2
v -0.7 4.2 -0.3
v -0.7 4.2 -0.4
v -0.7 4.2 -0.8
v -0.7 4.2 -0.9
v -0.7 4.3 -2.38419e-07
v -0.7 4.3 -0.1
v -0.7 4.3 -0.2
v -0.7 4.3 -0.3
v -0.7 4.3 -0.8
v -0.7 4.3 -0.9
v -0.6 1.2 2
v -0.6 1.2 1.9
v -0.6 1.2 -1.9
v -0.6 1.2 -2
v -0.6 1.3 2
v -0.6 1.3 1.9
v -0.6 1.3 -1.9
v -0.6 1.3 -2
v -0.6 1.9 2
v -0.6 1.9 1.9
v -0.6 1.9 -1.9
v -0.6 1.9 -2
v -0.6 2 2
v -0.6 2 1.9
v -0.6 2 -1.9
v -0.6 2 -2
v -0.6 2.9 -1.1
v -0.6 2.9 -1.6
v -0.6 3 -1.1
v -0.6 3 -1.3
v -0.6 3 -1.4
v -0.6 3 -1.5
v -0.6 3.1 1.7
v -0.6 3.1 1.6
v -0.6 3.1 -1.1
v -0.6 3.1 -1.2
v -0.6 3.1 -1.5
v -0.6 3.1 -1.6
v -0.6 3.2 1.7
v -0.6 3.2 1.6
v -0.6 3.2 -1.1
v -0.6 3.2 -1.2
v -0.6 3.7 0.9
v -0.6 3.7 0.8
v -0.6 3.8 0.9
v -0.6 3.8 0.8
v -0.6 4 -0.2
v -0.6 4 -0.3
v -0.6 4 -0.4
v -0.6 4 -0.5
v -0.6 4 -0.6
v -0.6 4 -0.9
v -0.6 4 -1
v -0.6 4.1 -0.2
v -0.6 4.1 -0.3
v -0.6 4.1 -0.4
v -0.6 4.1 -0.9
v -0.6 4.1 -1
v -0.6 4.2 -0.1
v -0.6 4.2 -0.2
v -0.6 4.2 -0.3
v -0.6 4.2 -0.5
v -0.6 4.2 -0.6
v -0.6 4.2 -0.7
v -0.6 4.2 -0.8
v -0.6 4.2 -0.9
v -0.6 4.2 -1
v -0.6 4.3 -0.1
v -0.6 4.3 -0.2
v -0.6 4.3 -0.6
v -0.6 4.3 -0.7
v -0.6 4.3 -0.8
v -0.5 1.3 2
v -0.5 1.3 1.9
v -0.5 1.3 -1.9
v -0.5 1.3 -2
v -0.5 1.4 2
v -0.5 1.4 1.9
v -0.5 1.4 -1.9
v -0.5 1.4 -2
v -0.5 1.8 2
v -0.5 1.8 1.9
v -0.5 1.8 -1.9
v -0.5 1.8 -2
v -0.5 1.9 2
v -0.5 1.9 1.9
v -0.5 1.9 -1.9
v -0.5 1.9 -2
v -0.5 2.9 -1.6
v -0.5 2.9 -1.7
v -0.5 3 -1.7
v -0.5 3.1 -1.6
v -0.5 3.1 -1.7
v -0.5 3.2 -1.1
v -0.5 3.2 -1.2
v -0.5 3.3 -1.1
v -0.5 3.3 -1.2
v -0.5 3.5 1.4
v -0.5 3.5 1.3
v -0.5 3.5 1.2
v -0.5 3.6 1.4
v -0.5 3.6 1.3
v -0.5 3.6 1.2
v -0.5 3.6 1.1
v -0.5 3.7 1.3
v -0.5 3.7 1.1
v -0.5 3.9 -0.6
v -0.5 3.9 -0.7
v -0.5 4 -0.6
v -0.5 4 -0.7
v -0.5 4 -0.9
v -0.5 4.1 -2.38419e-07
v -0.5 4.1 -0.1
v -0.5 4.1 -0.2
v -0.5 4.1 -0.7
v -0.5 4.1 -0.9
v -0.5 4.2 -2.38419e-07
v -0.5 4.2 -0.1
v -0.5 4.2 -0.2
v -0.5 4.2 -0.6
v -0.5 4.2 -0.7
v -0.5 4.2 -0.9
v -0.4 1.4 2
v -0.4 1.4 1.9
v -0.4 1.4 -1.9
v -0.4 1.4 -2
v -0.4 1.5 2
v -0.4 1.5 1.9
v -0.4 1.5 -1.9
v -0.4 1.5 -2
v -0.4 1.7 2
v -0.4 1.7 1.9
v -0.4 1.7 -1.9
v -0.4 1.7 -2
v -0.4 1.8 2
v -0.4 1.8 1.9
v -0.4 1.8 -1.9
v -0.4 1.8 -2
v -0.4 2.8 -0.9
v -0.4 2.8 -1.1
v -0.4 2.8 -1.5
v -0.4 2.8 -1.7
v -0.4 2.9 -0.9
v -0.4 2.9 -1.1
v -0.4 2.9 -1.5
v -0.4 2.9 -1.7
v -0.4 3.1 1.3
v -0.4 3.1 1.2
v -0.4 3.1 -0.9
v -0.4 3.1 -1
v -0.4 3.2 -0.9
v -0.4 3.2 -1
v -0.4 3.3 1.3
v -0.4 3.3 1.2
v -0.4 3.6 1.1
v -0.4 3.6 0.9
v -0.4 3.7 1.1
v -0.4 3.7 0.9
v -0.4 3.9 -0.5
v -0.4 3.9 -0.6
v -0.4 4 -0.5
v -0.4 4 -0.6
v -0.3 3.9 -0.7
v -0.3 3.9 -0.8
v -0.3 4 -0.7
v -0.3 4 -0.8
v -0.3 4.3 0.3
v -0.3 4.3 0.2
v -0.3 4.4 0.3
v -0.3 4.4 0.2
v -0.2 2.8 -1.6
v -0.2 2.8 -1.7
v -0.2 2.9 -1.6
v -0.2 2.9 -1.7
v -0.2 3.7 -1.5
v -0.2 3.7 -1.6
v -0.2 3.8 -1.1
v -0.2 3.8 -1.2
v -0.2 3.8 -1.5
v -0.2 3.8 -1.6
v -0.2 3.9 -1
v -0.2 3.9 -1.1
v -0.2 3.9 -1.2
v -0.2 4 -1
v -0.2 4 -1.1
v -0.2 4.3 0.5
v -0.2 4.3 0.3
v -0.2 4.4 0.5
v -0.2 4.4 0.3
v -0.0999999 2.8 0.6
v -0.0999999 2.8 0.4
v -0.0999999 2.8 -2.38419e-07
v -0.0999999 2.8 -0.2
v -0.0999999 2.9 0.6
v -0.0999999 2.9 0.4
v -0.0999999 2.9 -2.38419e-07
v -0.0999999 2.9 -0.2
v -0.0999999 3.9 -0.8
v -0.0999999 3.9 -0.9
v -0.0999999 3.9 -1
v -0.0999999 4 0.9
v -0.0999999 4 0.8
v -0.0999999 4 -0.8
v -0.0999999 4 -0.9
v -0.0999999 4 -1
v -0.0999999 4.1 0.9
v -0.0999999 4.1 0.8
v -0.0999999 4.2 0.7
v -0.0999999 4.2 0.5
v -0.0999999 4.3 0.7
v -0.0999999 4.3 0.5
v 2.38419e-07 3.5 -1.6
v 2.38419e-07 3.5 -1.7
v 2.38419e-07 3.5 -1.8
v 2.38419e-07 3.6 -1.7
v 2.38419e-07 3.6 -1.8
v 2.38419e-07 3.7 -1.3
v 2.38419e-07 3.7 -1.4
v 2.38419e-07 3.7 -1.5
v 2.38419e-07 3.7 -1.6
v 2.38419e-07 3.7 -1.7
v 2.38419e-07 3.8 -1
v 2.38419e-07 3.8 -1.1
v 2.38419e-07 3.8 -1.3
v 2.38419e-07 3.8 -1.4
v 2.38419e-07 3.8 -1.5
v 2.38419e-07 3.9 -1
v 2.38419e-07 3.9 -1.1
v 2.38419e-07 4 0.8
v 2.38419e-07 4 0.7
v 2.38419e-07 4.1 0.8
v 2.38419e-07 4.1 0.7
v 2.38419e-07 4.1 0.6
v 2.38419e-07 4.2 0.8
v 2.38419e-07 4.2 0.7
v 2.38419e-07 4.2 0.6
v 2.38419e-07 4.2 0.5
v 2.38419e-07 4.2 0.4
v 2.38419e-07 4.3 0.5
v 2.38419e-07 4.3 0.4
v 0.1 0.2 2
v 0.1 0.2 1.9
v 0.1 0.2 -1.9
v 0.1 0.2 -2
v 0.1 0.3 1.9
v 0.1 0.3 -1.9
v 0.1 0.8 1.9
v 0.1 0.8 -1.9
v 0.1 1.4 2
v 0.1 1.4 1.9
v 0.1 1.4 -1.9
v 0.1 1.4 -2
v 0.1 1.8 2
v 0.1 1.8 1.9
v 0.1 1.8 -1.9
v 0.1 1.8 -2
v 0.1 2.5 1.9
v 0.1 2.5 -1.9
v 0.1 2.8 1.9
v 0.1 2.8 -1.9
v 0.1 3 2
v 0.1 3 1.9
v 0.1 3 -1.6
v 0.1 3 -1.7
v 0.1 3 -1.9
v 0.1 3 -2
v 0.1 3.1 -1.6
v 0.1 3.1 -1.7
v 0.1 3.2 -1.8
v 0.1 3.2 -1.9
v 0.1 3.3 1.8
v 0.1 3.3 1.7
v 0.1 3.3 -1.7
v 0.1 3.3 -1.8
v 0.1 3.3 -1.9
v 0.1 3.4 1.8
v 0.1 3.4 1.7
v 0.1 3.4 -1.7
v 0.1 3.4 -1.8
v 0.1 3.5 1.6
v 0.1 3.5 1.5
v 0.1 3.5 -1.5
v 0.1 3.5 -1.6
v 0.1 3.5 -1.7
v 0.1 3.5 -1.8
v 0.1 3.6 1.6
v 0.1 3.6 1.5
v 0.1 3.7 -1.2
v 0.1 3.7 -1.3
v 0.1 3.7 -1.5
v 0.1 3.7 -1.6
v 0.1 3.8 -1.2
v 0.1 3.8 -1.3
v 0.2 1.4 2
v 0.2 1.4 1.9
v 0.2 1.4 -1.9
v 0.2 1.4 -2
v 0.2 1.5 2
v 0.2 1.5 1.9
v 0.2 1.5 -1.9
v 0.2 1.5 -2
v 0.2 1.7 2
v 0.2 1.7 1.9
v 0.2 1.7 -1.9
v 0.2 1.7 -2
v 0.2 1.8 2
v 0.2 1.8 1.9
v 0.2 1.8 -1.9
v 0.2 1.8 -2
v 0.2 3.2 1.8
v 0.2 3.2 1.7
v 0.2 3.2 -1.7
v 0.2 3.2 -1.8
v 0.2 3.3 1.8
v 0.2 3.3 1.7
v 0.2 3.3 1.5
v 0.2 3.3 -1.5
v 0.2 3.3 -1.6
v 0.2 3.3 -1.7
v 0.2 3.3 -1.8
v 0.2 3.4 1.5
v 0.2 3.4 -1.5
v 0.2 3.4 -1.7
v 0.2 3.5 1.7
v 0.2 3.5 1.5
v 0.2 3.5 -1.5
v 0.2 3.5 -1.7
v 0.2 3.6 -1.3
v 0.2 3.6 -1.4
v 0.2 3.6 -1.5
v 0.2 3.7 1.4
v 0.2 3.7 1.3
v 0.2 3.7 -1.3
v 0.2 3.7 -1.5
v 0.2 3.8 1.4
v 0.2 3.8 1.3
v 0.2 3.9 1.4
v 0.2 3.9 1.3
v 0.2 4 1.3
v 0.2 4 1.2
v 0.2 4 0.7
v 0.2 4 0.6
v 0.2 4.1 1.3
v 0.2 4.1 1.2
v 0.2 4.1 0.7
v 0.2 4.1 0.6
v 0.3 3.2 1.7
v 0.3 3.2 1.5
v 0.3 3.2 -1.6
v 0.3 3.2 -1.7
v 0.3 3.3 1.7
v 0.3 3.3 1.5
v 0.3 3.3 1.4
v 0.3 3.3 -1.6
v 0.3 3.3 -1.7
v 0.3 3.4 1.5
v 0.3 3.4 1.4
v 0.3 3.4 -1.4
v 0.3 3.4 -1.5
v 0.3 3.5 1.4
v 0.3 3.5 -1.3
v 0.3 3.5 -1.4
v 0.3 3.5 -1.5
v 0.3 3.6 1.5
v 0.3 3.6 1.4
v 0.3 3.6 -1.2
v 0.3 3.6 -1.3
v 0.3 3.6 -1.4
v 0.3 3.6 -1.5
v 0.3 3.7 1.3
v 0.3 3.7 1.2
v 0.3 3.7 -1.2
v 0.3 3.7 -1.3
v 0.3 3.8 1.3
v 0.3 3.8 1.2
v 0.3 3.9 1.3
v 0.3 3.9 1.2
v 0.3 4 1.3
v 0.3 4 1.2
v 0.3 4 1.1
v 0.3 4 1
v 0.3 4 0.9
v 0.3 4.1 1.2
v 0.3 4.1 1.1
v 0.3 4.1 0.9
v 0.4 3 -1.6
v 0.4 3 -1.7
v 0.4 3.1 -1.5
v 0.4 3.1 -1.6
v 0.4 3.1 -1.7
v 0.4 3.2 -1.5
v 0.4 3.2 -1.6
v 0.4 3.2 -1.7
v 0.4 3.3 1.4
v 0.4 3.3 1.3
v 0.4 3.3 -1.5
v 0.4 3.3 -1.6
v 0.4 3.4 1.4
v 0.4 3.4 1.3
v 0.4 3.4 -1.2
v 0.4 3.4 -1.4
v 0.4 3.5 1.4
v 0.4 3.5 1.3
v 0.4 3.5 -1.3
v 0.4 3.5 -1.4
v 0.4 3.6 1.4
v 0.4 3.6 1.3
v 0.4 3.6 -1.2
v 0.4 3.6 -1.3
v 0.4 3.7 1.4
v 0.4 3.7 1.3
v 0.4 3.7 1.2
v 0.4 3.7 1.1
v 0.4 3.7 1
v 0.4 3.7 0.9
v 0.4 3.7 0.8
v 0.4 3.8 0.9
v 0.4 3.8 0.8
v 0.4 3.8 0.7
v 0.4 3.8 -1.1
v 0.4 3.8 -1.2
v 0.4 3.9 1.1
v 0.4 3.9 1
v 0.4 3.9 -1.1
v 0.4 3.9 -1.2
v 0.4 4 1.2
v 0.4 4 1
v 0.4 4 0.8
v 0.4 4 0.7
v 0.4 4 -1.1
v 0.4 4 -1.2
v 0.4 4.1 0.6
v 0.4 4.1 0.5
v 0.4 4.1 -0.9
v 0.4 4.1 -1
v 0.4 4.1 -1.1
v 0.4 4.1 -1.2
v 0.4 4.2 0.6
v 0.4 4.2 0.5
v 0.4 4.2 -0.9
v 0.4 4.2 -1
v 0.4 4.3 -0.1
v 0.4 4.3 -0.2
v 0.4 4.3 -0.7
v 0.4 4.3 -0.8
v 0.4 4.3 -0.9
v 0.4 4.3 -1
v 0.4 4.4 0.3
v 0.4 4.4 0.2
v 0.4 4.4 -2.38419e-07
v 0.4 4.4 -0.1
v 0.4 4.4 -0.2
v 0.4 4.4 -0.7
v 0.4 4.4 -0.8
v 0.4 4.5 0.3
v 0.4 4.5 0.2
v 0.4 4.5 -2.38419e-07
v 0.4 4.5 -0.1
v 0.5 3.2 -1.4
v 0.5 3.2 -1.5
v 0.5 3.3 1.3
v 0.5 3.3 1.2
v 0.5 3.3 -1.3
v 0.5 3.3 -1.4
v 0.5 3.4 1.3
v 0.5 3.4 1.2
v 0.5 3.4 -1.3
v 0.5 3.4 -1.5
v 0.5 3.6 1.2
v 0.5 3.6 1.1
v 0.5 3.6 1
v 0.5 3.6 0.9
v 0.5 3.6 0.8
v 0.5 3.6 0.7
v 0.5 3.6 0.6
v 0.5 3.7 1.3
v 0.5 3.7 1.1
v 0.5 3.7 1
v 0.5 3.7 0.8
v 0.5 3.8 0.8
v 0.5 3.8 0.7
v 0.5 3.8 0.6
v 0.5 4 0.7
v 0.5 4 0.6
v 0.5 4.1 -0.8
v 0.5 4.1 -0.9
v 0.5 4.2 0.4
v 0.5 4.2 0.3
v 0.5 4.2 -0.1
v 0.5 4.2 -0.3
v 0.5 4.2 -0.8
v 0.5 4.2 -0.9
v 0.5 4.3 0.4
v 0.5 4.3 0.3
v 0.5 4.3 -0.1
v 0.5 4.3 -0.3
v 0.5 4.3 -0.4
v 0.5 4.3 -0.5
v 0.5 4.3 -0.6
v 0.5 4.3 -0.7
v 0.5 4.3 -0.8
v 0.5 4.3 -0.9
v 0.5 4.4 0.4
v 0.5 4.4 0.3
v 0.5 4.4 0.2
v 0.5 4.4 -2.38419e-07
v 0.5 4.4 -0.4
v 0.5 4.4 -0.5
v 0.5 4.4 -0.6
v 0.5 4.4 -0.7
v 0.5 4.5 0.2
v 0.5 4.5 -2.38419e-07
v 0.6 1.5 2
v 0.6 1.5 1.9
v 0.6 1.5 -1.9
v 0.6 1.5 -2
v 0.6 1.6 2
v 0.6 1.6 1.9
v 0.6 1.6 -1.9
v 0.6 1.6 -2
v 0.6 1.7 2
v 0.6 1.7 1.9
v 0.6 1.7 -1.9
v 0.6 1.7 -2
v 0.6 3 -1.5
v 0.6 3 -1.6
v 0.6 3.1 -1.5
v 0.6 3.1 -1.6
v 0.6 3.4 1.2
v 0.6 3.4 1.1
v 0.6 3.5 1.1
v 0.6 3.5 1
v 0.6 3.6 1.2
v 0.6 3.6 1
v 0.6 3.8 -1
v 0.6 3.8 -1.1
v 0.6 4 0.6
v 0.6 4 0.5
v 0.6 4 -0.8
v 0.6 4 -0.9
v 0.6 4 -1
v 0.6 4.1 0.6
v 0.6 4.1 0.5
v 0.6 4.1 0.4
v 0.6 4.1 -0.2
v 0.6 4.1 -0.3
v 0.6 4.1 -0.6
v 0.6 4.1 -0.8
v 0.6 4.1 -1.1
v 0.6 4.2 0.5
v 0.6 4.2 0.4
v 0.6 4.2 0.3
v 0.6 4.2 0.2
v 0.6 4.2 -2.38419e-07
v 0.6 4.2 -0.1
v 0.6 4.2 -0.2
v 0.6 4.2 -0.3
v 0.6 4.2 -0.4
v 0.6 4.2 -0.5
v 0.6 4.2 -0.6
v 0.6 4.2 -0.8
v 0.6 4.3 0.2
v 0.6 4.3 -2.38419e-07
v 0.6 4.3 -0.3
v 0.6 4.3 -0.4
v 0.6 4.3 -0.5
v 0.6 4.3 -0.6
v 0.6 4.3 -0.8
v 0.6 4.4 0.3
v 0.6 4.4 0.2
v 0.6 4.4 -2.38419e-07
v 0.6 4.4 -0.1
v 0.7 1.4 2
v 0.7 1.4 1.9
v 0.7 1.4 -1.9
v 0.7 1.4 -2
v 0.7 1.5 2
v 0.7 1.5 1.9
v 0.7 1.5 -1.9
v 0.7 1.5 -2
v 0.7 1.7 2
v 0.7 1.7 1.9
v 0.7 1.7 -1.9
v 0.7 1.7 -2
v 0.7 1.8 2
v 0.7 1.8 1.9
v 0.7 1.8 -1.9
v 0.7 1.8 -2
v 0.7 2.9 1.6
v 0.7 2.9 1.4
v 0.7 2.9 0.3
v 0.7 2.9 0.0999999
v 0.7 3 1.6
v 0.7 3 1.4
v 0.7 3 0.3
v 0.7 3 0.0999999
v 0.7 3.2 1.3
v 0.7 3.2 1.2
v 0.7 3.3 1.3
v 0.7 3.3 1.2
v 0.7 3.7 0.6
v 0.7 3.7 0.5
v 0.7 3.7 -0.3
v 0.7 3.7 -0.4
v 0.7 3.7 -1.1
v 0.7 3.7 -1.2
v 0.7 3.8 -0.3
v 0.7 3.8 -0.4
v 0.7 3.8 -0.5
v 0.7 3.8 -1.1
v 0.7 3.8 -1.2
v 0.7 3.9 0.5
v 0.7 3.9 -0.2
v 0.7 3.9 -0.3
v 0.7 4 0.6
v 0.7 4 0.5
v 0.7 4 0.4
v 0.7 4 -0.2
v 0.7 4 -0.3
v 0.7 4 -0.5
v 0.7 4 -0.7
v 0.7 4 -0.8
v 0.7 4.1 0.5
v 0.7 4.1 0.4
v 0.7 4.1 0.2
v 0.7 4.1 -2.38419e-07
v 0.7 4.1 -0.1
v 0.7 4.1 -0.2
v 0.7 4.1 -0.3
v 0.7 4.1 -0.4
v 0.7 4.1 -0.5
v 0.7 4.1 -0.6
v 0.7 4.1 -0.7
v 0.7 4.1 -0.8
v 0.7 4.2 0.4
v 0.7 4.2 0.2
v 0.7 4.2 -2.38419e-07
v 0.7 4.2 -0.1
v 0.7 4.2 -0.2
v 0.7 4.2 -0.3
v 0.7 4.2 -0.4
v 0.7 4.2 -0.5
v 0.7 4.2 -0.6
v 0.7 4.3 0.2
v 0.7 4.3 0.0999999
v 0.7 4.3 -2.38419e-07
v 0.7 4.4 0.2
v 0.7 4.4 0.0999999
v 0.7 4.4 -2.38419e-07
v 0.8 1.3 2
v 0.8 1.3 1.9
v 0.8 1.3 -1.9
v 0.8 1.3 -2
v 0.8 1.4 2
v 0.8 1.4 1.9
v 0.8 1.4 -1.9
v 0.8 1.4 -2
v 0.8 1.8 2
v 0.8 1.8 1.9
v 0.8 1.8 -1.9
v 0.8 1.8 -2
v 0.8 1.9 2
v 0.8 1.9 1.9
v 0.8 1.9 -1.9
v 0.8 1.9 -2
v 0.8 2.9 1.4
v 0.8 2.9 1.3
v 0.8 3 1.4
v 0.8 3 1.3
v 0.8 3 0.3
v 0.8 3 0.2
v 0.8 3.1 0.3
v 0.8 3.1 0.2
v 0.8 3.6 0.4
v 0.8 3.6 0.3
v 0.8 3.7 0.5
v 0.8 3.7 0.4
v 0.8 3.7 0.3
v 0.8 3.7 -0.1
v 0.8 3.7 -0.2
v 0.8 3.7 -0.3
v 0.8 3.8 -0.2
v 0.8 3.8 -0.3
v 0.8 3.8 -0.9
v 0.8 3.8 -1
v 0.8 3.9 0.5
v 0.8 3.9 0.3
v 0.8 3.9 -0.2
v 0.8 3.9 -0.3
v 0.8 3.9 -0.9
v 0.8 3.9 -1
v 0.8 4 0.5
v 0.8 4 0.4
v 0.8 4 0.3
v 0.8 4 -2.38419e-07
v 0.8 4 -0.1
v 0.8 4 -0.5
v 0.8 4 -0.7
v 0.8 4 -0.9
v 0.8 4 -1
v 0.8 4.1 0.4
v 0.8 4.1 0.2
v 0.8 4.1 -2.38419e-07
v 0.8 4.1 -0.2
v 0.8 4.1 -0.5
v 0.8 4.1 -0.7
v 0.8 4.2 0.2
v 0.8 4.2 -2.38419e-07
v 0.9 1.2 2
v 0.9 1.2 1.9
v 0.9 1.2 -1.9
v 0.9 1.2 -2
v 0.9 1.3 2
v 0.9 1.3 1.9
v 0.9 1.3 -1.9
v 0.9 1.3 -2
v 0.9 1.9 2
v 0.9 1.9 1.9
v 0.9 1.9 -1.9
v 0.9 1.9 -2
v 0.9 2 2
v 0.9 2 1.9
v 0.9 2 -1.9
v 0.9 2 -2
v 0.9 3.1 0.2
v 0.9 3.1 0.0999999
v 0.9 3.2 0.2
v 0.9 3.2 0.0999999
v 0.9 3.5 0.3
v 0.9 3.5 0.2
v 0.9 3.5 -2.38419e-07
v 0.9 3.6 0.9
v 0.9 3.6 0.8
v 0.9 3.6 0.7
v 0.9 3.6 0.0999999
v 0.9 3.6 -2.38419e-07
v 0.9 3.6 -0.1
v 0.9 3.7 0.9
v 0.9 3.7 0.8
v 0.9 3.7 0.7
v 0.9 3.7 0.3
v 0.9 3.7 0.2
v 0.9 3.7 0.0999999
v 0.9 3.7 -0.1
v 0.9 3.8 -0.5
v 0.9 3.8 -0.6
v 0.9 3.8 -0.8
v 0.9 3.8 -0.9
v 0.9 3.9 0.3
v 0.9 3.9 0.2
v 0.9 3.9 -0.6
v 0.9 3.9 -0.8
v 0.9 3.9 -0.9
v 0.9 4 0.3
v 0.9 4 -2.38419e-07
v 0.9 4 -0.1
v 0.9 4 -0.5
v 0.9 4 -0.6
v 0.9 4 -0.8
v 0.9 4 -0.9
v 1 1.1 2
v 1 1.1 1.9
v 1 1.1 -1.9
v 1 1.1 -2
v 1 1.2 2
v 1 1.2 1.9
v 1 1.2 -1.9
v 1 1.2 -2
v 1 2 2
v 1 2 1.9
v 1 2 -1.9
v 1 2 -2
v 1 2.1 2
v 1 2.1 1.9
v 1 2.1 -1.9
v 1 2.1 -2
v 1 2.8 0.4
v 1 2.8 0.0999999
v 1 2.8 -2.38419e-07
v 1 2.9 0.4
v 1 2.9 -2.38419e-07
v 1 3.5 1
v 1 3.5 0.9
v 1 3.5 0.8
v 1 3.6 1
v 1 3.6 0.9
v 1 3.6 0.8
v 1 3.7 -0.7
v 1 3.7 -0.8
v 1 3.7 -0.9
v 1 3.7 -1
v 1 3.7 -1.1
v 1 3.8 -0.6
v 1 3.8 -0.7
v 1 3.8 -0.8
v 1 3.8 -0.9
v 1 3.8 -1.1
v 1 3.9 -0.6
v 1 3.9 -0.7
v 1 4 -0.6
v 1 4 -0.8
v 1.1 1 2
v 1.1 1 1.9
v 1.1 1 -1.9
v 1.1 1 -2
v 1.1 1.1 2
v 1.1 1.1 1.9
v 1.1 1.1 -1.9
v 1.1 1.1 -2
v 1.1 2.1 2
v 1.1 2.1 1.9
v 1.1 2.1 -1.9
v 1.1 2.1 -2
v 1.1 2.2 2
v 1.1 2.2 1.9
v 1.1 2.2 -1.9
v 1.1 2.2 -2
v 1.1 3.6 -0.8
v 1.1 3.6 -1
v 1.1 3.7 -0.8
v 1.1 3.7 -1
v 1.2 0.9 2
v 1.2 0.9 1.9
v 1.2 0.9 -1.9
v 1.2 0.9 -2
v 1.2 1 2
v 1.2 1 1.9
v 1.2 1 -1.9
v 1.2 1 -2
v 1.2 2.2 2
v 1.2 2.2 1.9
v 1.2 2.2 -1.9
v 1.2 2.2 -2
v 1.2 2.3 2
v 1.2 2.3 1.9
v 1.2 2.3 -1.9
v 1.2 2.3 -2
v 1.2 2.8 -2.38419e-07
v 1.2 2.8 -0.1
v 1.2 2.9 -2.38419e-07
v 1.2 2.9 -0.1
v 1.2 3.3 -0.9
v 1.2 3.3 -1
v 1.2 3.4 1.8
v 1.2 3.4 1.7
v 1.2 3.4 -1.7
v 1.2 3.4 -1.8
v 1.2 3.5 1.8
v 1.2 3.5 1.7
v 1.2 3.5 1.6
v 1.2 3.5 -0.9
v 1.2 3.5 -1.7
v 1.2 3.5 -1.8
v 1.2 3.6 1.7
v 1.2 3.6 1.6
v 1.2 3.6 -0.1
v 1.2 3.6 -0.2
v 1.2 3.6 -0.9
v 1.2 3.6 -1
v 1.2 3.6 -1.1
v 1.2 3.6 -1.6
v 1.2 3.6 -1.7
v 1.2 3.7 -0.1
v 1.2 3.7 -0.2
v 1.2 3.7 -0.3
v 1.2 3.7 -0.4
v 1.2 3.7 -1
v 1.2 3.7 -1.1
v 1.2 3.7 -1.6
v 1.2 3.8 -0.3
v 1.2 3.8 -0.4
v 1.2 3.8 -1.6
v 1.2 3.8 -1.7
v 1.3 0.8 2
v 1.3 0.8 1.9
v 1.3 0.8 -1.9
v 1.3 0.8 -2
v 1.3 0.9 2
v 1.3 0.9 1.9
v 1.3 0.9 -1.9
v 1.3 0.9 -2
v 1.3 2.3 2
v 1.3 2.3 1.9
v 1.3 2.3 -1.9
v 1.3 2.3 -2
v 1.3 2.4 2
v 1.3 2.4 1.9
v 1.3 2.4 -1.9
v 1.3 2.4 -2
v 1.3 3.2 -0.9
v 1.3 3.2 -1
v 1.3 3.3 1.9
v 1.3 3.3 1.8
v 1.3 3.3 -0.9
v 1.3 3.3 -1
v 1.3 3.4 1.9
v 1.3 3.4 1.8
v 1.3 3.5 -2.38419e-07
v 1.3 3.5 -0.1
v 1.3 3.5 -0.8
v 1.3 3.5 -0.9
v 1.3 3.5 -1.6
v 1.3 3.5 -1.7
v 1.3 3.6 -2.38419e-07
v 1.3 3.6 -0.1
v 1.3 3.6 -0.2
v 1.3 3.6 -0.3
v 1.3 3.6 -0.8
v 1.3 3.6 -0.9
v 1.3 3.6 -1.6
v 1.3 3.6 -1.7
v 1.3 3.7 -0.2
v 1.3 3.7 -0.3
v 1.3 3.7 -0.4
v 1.3 3.7 -0.5
v 1.3 3.7 -0.6
v 1.3 3.7 -0.7
v 1.3 3.7 -1.3
v 1.3 3.7 -1.4
v 1.3 3.7 -1.5
v 1.3 3.7 -1.6
v 1.3 3.8 -0.4
v 1.3 3.8 -0.5
v 1.3 3.8 -0.6
v 1.3 3.8 -0.7
v 1.3 3.8 -1.3
v 1.3 3.8 -1.4
v 1.3 3.8 -1.5
v 1.3 3.8 -1.6
v 1.4 0.7 2
v 1.4 0.7 1.9
v 1.4 0.7 -1.9
v 1.4 0.7 -2
v 1.4 0.8 2
v 1.4 0.8 1.9
v 1.4 0.8 -1.9
v 1.4 0.8 -2
v 1.4 2.4 2
v 1.4 2.4 1.9
v 1.4 2.4 -1.9
v 1.4 2.4 -2
v 1.4 2.5 2
v 1.4 2.5 1.9
v 1.4 2.5 -1.9
v 1.4 2.5 -2
v 1.4 3.2 1.9
v 1.4 3.2 1.8
v 1.4 3.2 -0.8
v 1.4 3.2 -0.9
v 1.4 3.2 -1.7
v 1.4 3.2 -1.8
v 1.4 3.3 1.9
v 1.4 3.3 1.8
v 1.4 3.3 1.7
v 1.4 3.3 -0.1
v 1.4 3.3 -0.2
v 1.4 3.3 -1.7
v 1.4 3.3 -1.8
v 1.4 3.4 1.8
v 1.4 3.4 1.7
v 1.4 3.4 -0.2
v 1.4 3.4 -0.8
v 1.4 3.4 -0.9
v 1.4 3.4 -1
v 1.4 3.4 -1.1
v 1.4 3.4 -1.7
v 1.4 3.4 -1.8
v 1.4 3.5 1
v 1.4 3.5 0.9
v 1.4 3.5 0.8
v 1.4 3.5 -0.1
v 1.4 3.5 -0.2
v 1.4 3.5 -0.8
v 1.4 3.5 -0.9
v 1.4 3.5 -1.1
v 1.4 3.5 -1.2
v 1.4 3.6 1
v 1.4 3.6 0.9
v 1.4 3.6 0.8
v 1.4 3.6 -0.1
v 1.4 3.6 -0.2
v 1.4 3.6 -0.3
v 1.4 3.6 -0.4
v 1.4 3.6 -0.5
v 1.4 3.6 -0.6
v 1.4 3.6 -0.7
v 1.4 3.6 -0.8
v 1.4 3.6 -1
v 1.4 3.6 -1.1
v 1.4 3.6 -1.5
v 1.4 3.6 -1.6
v 1.4 3.7 -0.3
v 1.4 3.7 -0.4
v 1.4 3.7 -0.6
v 1.4 3.7 -0.7
v 1.4 3.7 -0.8
v 1.4 3.7 -1.1
v 1.4 3.7 -1.2
v 1.4 3.7 -1.5
v 1.4 3.7 -1.6
v 1.5 0.6 2
v 1.5 0.6 1.9
v 1.5 0.6 -1.9
v 1.5 0.6 -2
v 1.5 0.7 2
v 1.5 0.7 1.9
v 1.5 0.7 -1.9
v 1.5 0.7 -2
v 1.5 2.5 2
v 1.5 2.5 1.9
v 1.5 2.5 -1.9
v 1.5 2.5 -2
v 1.5 2.6 2
v 1.5 2.6 1.9
v 1.5 2.6 -1.9
v 1.5 2.6 -2
v 1.5 2.9 0.9
v 1.5 2.9 0.8
v 1.5 3 0.9
v 1.5 3 0.8
v 1.5 3 -0.5
v 1.5 3 -0.6
v 1.5 3.1 -0.5
v 1.5 3.1 -0.6
v 1.5 3.2 1.8
v 1.5 3.2 1.7
v 1.5 3.2 -0.2
v 1.5 3.2 -0.3
v 1.5 3.2 -0.9
v 1.5 3.2 -1
v 1.5 3.3 1.8
v 1.5 3.3 1.7
v 1.5 3.3 1
v 1.5 3.3 0.8
v 1.5 3.3 0.7
v 1.5 3.3 -0.2
v 1.5 3.3 -0.3
v 1.5 3.3 -1
v 1.5 3.4 1
v 1.5 3.4 0.9
v 1.5 3.4 0.8
v 1.5 3.4 -0.2
v 1.5 3.4 -0.3
v 1.5 3.4 -0.7
v 1.5 3.4 -0.8
v 1.5 3.4 -0.9
v 1.5 3.4 -1
v 1.5 3.4 -1.1
v 1.5 3.4 -1.2
v 1.5 3.5 1.6
v 1.5 3.5 1.5
v 1.5 3.5 1
v 1.5 3.5 0.9
v 1.5 3.5 0.8
v 1.5 3.5 0.7
v 1.5 3.5 0.2
v 1.5 3.5 0.0999999
v 1.5 3.5 -0.7
v 1.5 3.5 -0.8
v 1.5 3.5 -1.1
v 1.5 3.5 -1.2
v 1.5 3.5 -1.3
v 1.5 3.6 1.6
v 1.5 3.6 1.5
v 1.5 3.6 1.4
v 1.5 3.6 1.3
v 1.5 3.6 0.8
v 1.5 3.6 0.7
v 1.5 3.6 -0.2
v 1.5 3.6 -0.3
v 1.5 3.6 -0.7
v 1.5 3.6 -0.8
v 1.5 3.6 -1.3
v 1.5 3.6 -1.4
v 1.5 3.6 -1.5
v 1.5 3.7 1.5
v 1.5 3.7 1.4
v 1.5 3.7 1.3
v 1.5 3.7 0.8
v 1.5 3.7 0.7
v 1.5 3.7 0.6
v 1.5 3.7 0.3
v 1.5 3.7 0.2
v 1.5 3.7 0.0999999
v 1.5 3.7 -1.2
v 1.5 3.7 -1.3
v 1.5 3.7 -1.4
v 1.5 3.7 -1.5
v 1.5 3.8 0.7
v 1.5 3.8 0.6
v 1.5 3.8 0.3
v 1.5 3.8 0.2
v 1.6 0.5 2
v 1.6 0.5 1.9
v 1.6 0.5 -1.9
v 1.6 0.5 -2
v 1.6 0.6 2
v 1.6 0.6 1.9
v 1.6 0.6 -1.9
v 1.6 0.6 -2
v 1.6 2.6 2
v 1.6 2.6 1.9
v 1.6 2.6 -1.9
v 1.6 2.6 -2
v 1.6 2.7 2
v 1.6 2.7 1.9
v 1.6 2.7 -1.9
v 1.6 2.7 -2
v 1.6 2.8 -1
v 1.6 2.8 -1.2
v 1.6 2.8 -1.6
v 1.6 2.8 -1.7
v 1.6 2.9 -1
v 1.6 2.9 -1.2
v 1.6 3 -1.6
v 1.6 3 -1.7
v 1.6 3.2 1.1
v 1.6 3.2 0.8
v 1.6 3.2 -0.1
v 1.6 3.2 -0.2
v 1.6 3.2 -0.7
v 1.6 3.2 -0.8
v 1.6 3.2 -1.6
v 1.6 3.2 -1.7
v 1.6 3.3 1.7
v 1.6 3.3 1.6
v 1.6 3.3 1.1
v 1.6 3.3 1
v 1.6 3.3 0.8
v 1.6 3.3 -2.38419e-07
v 1.6 3.3 -0.1
v 1.6 3.3 -0.2
v 1.6 3.3 -0.3
v 1.6 3.3 -0.4
v 1.6 3.3 -0.6
v 1.6 3.3 -0.7
v 1.6 3.3 -1.6
v 1.6 3.3 -1.7
v 1.6 3.4 1.6
v 1.6 3.4 1.1
v 1.6 3.4 1
v 1.6 3.4 0.7
v 1.6 3.4 0.6
v 1.6 3.4 -2.38419e-07
v 1.6 3.4 -0.1
v 1.6 3.4 -0.4
v 1.6 3.4 -0.7
v 1.6 3.4 -0.8
v 1.6 3.4 -1.2
v 1.6 3.4 -1.3
v 1.6 3.4 -1.6
v 1.6 3.5 1.7
v 1.6 3.5 1.6
v 1.6 3.5 1.5
v 1.6 3.5 1.4
v 1.6 3.5 1.2
v 1.6 3.5 1.1
v 1.6 3.5 1
v 1.6 3.5 0.7
v 1.6 3.5 0.6
v 1.6 3.5 -2.38419e-07
v 1.6 3.5 -0.1
v 1.6 3.5 -0.4
v 1.6 3.5 -0.6
v 1.6 3.5 -1.2
v 1.6 3.5 -1.3
v 1.6 3.5 -1.4
v 1.6 3.5 -1.5
v 1.6 3.5 -1.6
v 1.6 3.5 -1.7
v 1.6 3.6 1.5
v 1.6 3.6 1.4
v 1.6 3.6 1.3
v 1.6 3.6 1.2
v 1.6 3.6 1.1
v 1.6 3.6 0.6
v 1.6 3.6 0.3
v 1.6 3.6 0.2
v 1.6 3.6 -0.3
v 1.6 3.6 -0.7
v 1.6 3.6 -1.3
v 1.6 3.6 -1.4
v 1.6 3.6 -1.5
v 1.6 3.6 -1.6
v 1.6 3.7 1.3
v 1.6 3.7 1.2
v 1.6 3.7 0.7
v 1.6 3.7 0.6
v 1.6 3.7 0.5
v 1.6 3.7 0.4
v 1.6 3.7 0.3
v 1.6 3.7 0.2
v 1.6 3.8 0.6
v 1.6 3.8 0.4
v 1.6 3.8 0.3
v 1.7 0.4 2
v 1.7 0.4 1.9
v 1.7 0.4 -1.9
v 1.7 0.4 -2
v 1.7 0.5 2
v 1.7 0.5 1.9
v 1.7 0.5 -1.9
v 1.7 0.5 -2
v 1.7 2.7 2
v 1.7 2.7 1.9
v 1.7 2.7 -1.9
v 1.7 2.7 -2
v 1.7 2.8 2
v 1.7 2.8 1.9
v 1.7 2.8 -1.9
v 1.7 2.8 -2
v 1.7 3.2 1.7
v 1.7 3.2 1.6
v 1.7 3.2 1.2
v 1.7 3.2 1.1
v 1.7 3.2 0.8
v 1.7 3.2 0.7
v 1.7 3.2 0.6
v 1.7 3.2 0.0999999
v 1.7 3.2 -0.1
v 1.7 3.2 -0.3
v 1.7 3.2 -0.4
v 1.7 3.2 -0.7
v 1.7 3.2 -1
v 1.7 3.2 -1.1
v 1.7 3.2 -1.6
v 1.7 3.3 1.7
v 1.7 3.3 1.6
v 1.7 3.3 1.5
v 1.7 3.3 1.2
v 1.7 3.3 1.1
v 1.7 3.3 0.8
v 1.7 3.3 0.7
v 1.7 3.3 0.6
v 1.7 3.3 0.5
v 1.7 3.3 0.2
v 1.7 3.3 0.0999999
v 1.7 3.3 -2.38419e-07
v 1.7 3.3 -0.1
v 1.7 3.3 -0.3
v 1.7 3.3 -0.4
v 1.7 3.3 -0.5
v 1.7 3.3 -0.6
v 1.7 3.3 -0.7
v 1.7 3.3 -1
v 1.7 3.3 -1.1
v 1.7 3.3 -1.4
v 1.7 3.4 1.6
v 1.7 3.4 1.5
v 1.7 3.4 1.2
v 1.7 3.4 0.7
v 1.7 3.4 0.6
v 1.7 3.4 0.5
v 1.7 3.4 0.3
v 1.7 3.4 0.2
v 1.7 3.4 -0.4
v 1.7 3.4 -0.5
v 1.7 3.4 -1
v 1.7 3.4 -1.3
v 1.7 3.4 -1.4
v 1.7 3.4 -1.6
v 1.7 3.5 1.6
v 1.7 3.5 1.2
v 1.7 3.5 1.1
v 1.7 3.5 0.6
v 1.7 3.5 0.5
v 1.7 3.5 0.3
v 1.7 3.5 0.2
v 1.7 3.5 -2.38419e-07
v 1.7 3.5 -0.4
v 1.7 3.5 -0.6
v 1.7 3.5 -1.3
v 1.7 3.5 -1.6
v 1.7 3.6 0.6
v 1.7 3.6 0.5
v 1.7 3.6 0.3
v 1.7 3.6 0.2
v 1.7 3.7 0.6
v 1.7 3.7 0.5
v 1.7 3.7 0.3
v 1.8 3.2 1.6
v 1.8 3.2 1.2
v 1.8 3.2 0.6
v 1.8 3.2 0.0999999
v 1.8 3.3 1.6
v 1.8 3.3 1.5
v 1.8 3.3 0.6
v 1.8 3.3 0.5
v 1.8 3.3 0.2
v 1.8 3.3 0.0999999
v 1.8 3.4 1.5
v 1.8 3.4 1.2
v 1.8 3.4 0.5
v 1.8 3.4 0.3
v 1.8 3.4 0.2
v 1.8 3.5 0.5
v 1.8 3.5 0.3
v 1.9 0.2 1.6
v 1.9 0.2 0.0999999
v 1.9 0.2 -0.1
v 1.9 0.2 -1.6
v 1.9 0.3 1.6
v 1.9 0.3 1.5
v 1.9 0.3 1.3
v 1.9 0.3 1.1
v 1.9 0.3 0.2
v 1.9 0.3 0.0999999
v 1.9 0.3 -0.1
v 1.9 0.3 -0.2
v 1.9 0.3 -1
v 1.9 0.3 -1.4
v 1.9 0.3 -1.5
v 1.9 0.3 -1.6
v 1.9 0.4 1.8
v 1.9 0.4 1.7
v 1.9 0.4 1.5
v 1.9 0.4 1.4
v 1.9 0.4 1.3
v 1.9 0.4 1.1
v 1.9 0.4 1
v 1.9 0.4 0.3
v 1.9 0.4 0.2
v 1.9 0.4 -0.2
v 1.9 0.4 -0.3
v 1.9 0.4 -0.9
v 1.9 0.4 -1
v 1.9 0.4 -1.4
v 1.9 0.4 -1.5
v 1.9 0.4 -1.7
v 1.9 0.4 -1.8
v 1.9 0.5 1.7
v 1.9 0.5 1.6
v 1.9 0.5 1.4
v 1.9 0.5 1.3
v 1.9 0.5 -1.3
v 1.9 0.5 -1.4
v 1.9 0.5 -1.6
v 1.9 0.5 -1.7
v 1.9 0.6 1.6
v 1.9 0.6 1.5
v 1.9 0.6 1.3
v 1.9 0.6 1.2
v 1.9 0.6 1.1
v 1.9 0.6 1
v 1.9 0.6 0.9
v 1.9 0.6 -0.3
v 1.9 0.6 -0.4
v 1.9 0.6 -1.1
v 1.9 0.6 -1.2
v 1.9 0.6 -1.3
v 1.9 0.6 -1.5
v 1.9 0.6 -1.6
v 1.9 0.7 1.5
v 1.9 0.7 1.4
v 1.9 0.7 1.2
v 1.9 0.7 1.1
v 1.9 0.7 -1
v 1.9 0.7 -1.1
v 1.9 0.7 -1.2
v 1.9 0.7 -1.4
v 1.9 0.7 -1.5
v 1.9 0.8 1.4
v 1.9 0.8 1.3
v 1.9 0.8 1.1
v 1.9 0.8 1
v 1.9 0.8 0.4
v 1.9 0.8 0.3
v 1.9 0.8 0.2
v 1.9 0.8 0.0999999
v 1.9 0.8 -0.1
v 1.9 0.8 -0.2
v 1.9 0.8 -0.8
v 1.9 0.8 -0.9
v 1.9 0.8 -1
v 1.9 0.8 -1.1
v 1.9 0.8 -1.3
v 1.9 0.8 -1.4
v 1.9 0.9 1.3
v 1.9 0.9 1.2
v 1.9 0.9 1
v 1.9 0.9 0.9
v 1.9 0.9 -0.9
v 1.9 0.9 -1
v 1.9 0.9 -1.2
v 1.9 0.9 -1.3
v 1.9 0.9 -1.6
v 1.9 0.9 -1.7
v 1.9 1 1.6
v 1.9 1 1.5
v 1.9 1 1.2
v 1.9 1 1.1
v 1.9 1 0.9
v 1.9 1 0.8
v 1.9 1 -0.8
v 1.9 1 -0.9
v 1.9 1 -1.1
v 1.9 1 -1.2
v 1.9 1.1 1.1
v 1.9 1.1 1
v 1.9 1.1 0.8
v 1.9 1.1 0.7
v 1.9 1.1 -0.4
v 1.9 1.1 -0.5
v 1.9 1.1 -0.7
v 1.9 1.1 -0.8
v 1.9 1.1 -1
v 1.9 1.1 -1.1
v 1.9 1.1 -1.4
v 1.9 1.1 -1.5
v 1.9 1.2 1.5
v 1.9 1.2 1.4
v 1.9 1.2 1
v 1.9 1.2 0.9
v 1.9 1.2 0.7
v 1.9 1.2 0.6
v 1.9 1.2 0.3
v 1.9 1.2 0.2
v 1.9 1.2 -0.2
v 1.9 1.2 -0.3
v 1.9 1.2 -0.6
v 1.9 1.2 -0.7
v 1.9 1.2 -0.9
v 1.9 1.2 -1
v 1.9 1.3 0.9
v 1.9 1.3 0.8
v 1.9 1.3 0.6
v 1.9 1.3 0.5
v 1.9 1.3 0.4
v 1.9 1.3 -0.5
v 1.9 1.3 -0.6
v 1.9 1.3 -0.8
v 1.9 1.3 -0.9
v 1.9 1.3 -1.6
v 1.9 1.3 -1.7
v 1.9 1.4 0.8
v 1.9 1.4 0.7
v 1.9 1.4 0.5
v 1.9 1.4 0.4
v 1.9 1.4 0.2
v 1.9 1.4 0.0999999
v 1.9 1.4 -0.1
v 1.9 1.4 -0.2
v 1.9 1.4 -0.4
v 1.9 1.4 -0.5
v 1.9 1.4 -0.7
v 1.9 1.4 -0.8
v 1.9 1.5 1.7
v 1.9 1.5 1.6
v 1.9 1.5 0.7
v 1.9 1.5 0.6
v 1.9 1.5 0.4
v 1.9 1.5 0.3
v 1.9 1.5 0.2
v 1.9 1.5 -0.2
v 1.9 1.5 -0.3
v 1.9 1.5 -0.4
v 1.9 1.5 -0.6
v 1.9 1.5 -0.7
v 1.9 1.7 0.7
v 1.9 1.7 0.6
v 1.9 1.7 0.4
v 1.9 1.7 0.3
v 1.9 1.7 0.2
v 1.9 1.7 -0.2
v 1.9 1.7 -0.3
v 1.9 1.7 -0.4
v 1.9 1.7 -0.6
v 1.9 1.7 -0.7
v 1.9 1.8 0.8
v 1.9 1.8 0.7
v 1.9 1.8 0.5
v 1.9 1.8 0.4
v 1.9 1.8 0.2
v 1.9 1.8 0.0999999
v 1.9 1.8 -0.1
v 1.9 1.8 -0.2
v 1.9 1.8 -0.4
v 1.9 1.8 -0.5
v 1.9 1.8 -0.7
v 1.9 1.8 -0.8
v 1.9 1.8 -0.9
v 1.9 1.8 -1
v 1.9 1.9 1.7
v 1.9 1.9 1.6
v 1.9 1.9 0.9
v 1.9 1.9 0.8
v 1.9 1.9 0.6
v 1.9 1.9 0.5
v 1.9 1.9 -0.5
v 1.9 1.9 -0.6
v 1.9 1.9 -0.8
v 1.9 1.9 -0.9
v 1.9 2 1.5
v 1.9 2 1.4
v 1.9 2 1
v 1.9 2 0.9
v 1.9 2 0.7
v 1.9 2 0.6
v 1.9 2 -0.6
v 1.9 2 -0.7
v 1.9 2 -0.9
v 1.9 2 -1
v 1.9 2.1 1.1
v 1.9 2.1 1
v 1.9 2.1 0.8
v 1.9 2.1 0.7
v 1.9 2.1 0.5
v 1.9 2.1 0.4
v 1.9 2.1 0.3
v 1.9 2.1 0.2
v 1.9 2.1 -0.4
v 1.9 2.1 -0.5
v 1.9 2.1 -0.7
v 1.9 2.1 -0.8
v 1.9 2.1 -1
v 1.9 2.1 -1.1
v 1.9 2.1 -1.4
v 1.9 2.1 -1.5
v 1.9 2.2 1.2
v 1.9 2.2 1.1
v 1.9 2.2 0.9
v 1.9 2.2 0.8
v 1.9 2.2 -0.2
v 1.9 2.2 -0.3
v 1.9 2.2 -0.8
v 1.9 2.2 -0.9
v 1.9 2.2 -1.1
v 1.9 2.2 -1.2
v 1.9 2.3 1.6
v 1.9 2.3 1.5
v 1.9 2.3 1.3
v 1.9 2.3 1.2
v 1.9 2.3 1
v 1.9 2.3 0.9
v 1.9 2.3 -0.9
v 1.9 2.3 -1
v 1.9 2.3 -1.2
v 1.9 2.3 -1.3
v 1.9 2.3 -1.5
v 1.9 2.3 -1.6
v 1.9 2.4 1.4
v 1.9 2.4 1.3
v 1.9 2.4 1.1
v 1.9 2.4 1
v 1.9 2.4 -0.1
v 1.9 2.4 -0.2
v 1.9 2.4 -0.3
v 1.9 2.4 -0.4
v 1.9 2.4 -1
v 1.9 2.4 -1.1
v 1.9 2.4 -1.3
v 1.9 2.4 -1.4
v 1.9 2.5 1.5
v 1.9 2.5 1.4
v 1.9 2.5 1.2
v 1.9 2.5 1.1
v 1.9 2.5 0.4
v 1.9 2.5 0.3
v 1.9 2.5 0.2
v 1.9 2.5 0.0999999
v 1.9 2.5 -1.1
v 1.9 2.5 -1.2
v 1.9 2.5 -1.4
v 1.9 2.5 -1.5
v 1.9 2.6 1.6
v 1.9 2.6 1.5
v 1.9 2.6 1.3
v 1.9 2.6 1.2
v 1.9 2.6 1.1
v 1.9 2.6 -1.1
v 1.9 2.6 -1.2
v 1.9 2.6 -1.3
v 1.9 2.6 -1.5
v 1.9 2.6 -1.6
v 1.9 2.7 1.7
v 1.9 2.7 1.6
v 1.9 2.7 1.4
v 1.9 2.7 1.3
v 1.9 2.7 1
v 1.9 2.7 0.9
v 1.9 2.7 -0.9
v 1.9 2.7 -1
v 1.9 2.7 -1.3
v 1.9 2.7 -1.4
v 1.9 2.7 -1.6
v 1.9 2.7 -1.7
v 1.9 2.8 1.8
v 1.9 2.8 1.7
v 1.9 2.8 1.5
v 1.9 2.8 1.4
v 1.9 2.8 0.3
v 1.9 2.8 0.0999999
v 1.9 2.8 -0.1
v 1.9 2.8 -0.3
v 1.9 2.8 -1.4
v 1.9 2.8 -1.5
v 1.9 2.8 -1.7
v 1.9 2.8 -1.8
v 1.9 2.9 1.6
v 1.9 2.9 1.5
v 1.9 2.9 1.4
v 1.9 2.9 1
v 1.9 2.9 -1
v 1.9 2.9 -1.4
v 1.9 2.9 -1.5
v 1.9 2.9 -1.6
v 1.9 3 1.6
v 1.9 3 0.0999999
v 1.9 3 -0.1
v 1.9 3 -1.6
v 2 0 2
v 2 0 -2
v 2 0.1 1.9
v 2 0.1 -1.9
v 2 0.2 2
v 2 0.2 1.9
v 2 0.2 1.7
v 2 0.2 1.6
v 2 0.2 0.0999999
v 2 0.2 -0.1
v 2 0.2 -1.6
v 2 0.2 -1.7
v 2 0.2 -1.9
v 2 0.2 -2
v 2 0.3 1.9
v 2 0.3 1.8
v 2 0.3 1.7
v 2 0.3 1.6
v 2 0.3 1.5
v 2 0.3 -1.5
v 2 0.3 -1.6
v 2 0.3 -1.7
v 2 0.3 -1.8
v 2 0.3 -1.9
v 2 0.4 1.8
v 2 0.4 1.7
v 2 0.4 1.6
v 2 0.4 1.5
v 2 0.4 1.4
v 2 0.4 -1.4
v 2 0.4 -1.5
v 2 0.4 -1.6
v 2 0.4 -1.7
v 2 0.4 -1.8
v 2 0.5 1.7
v 2 0.5 1.6
v 2 0.5 1.5
v 2 0.5 1.4
v 2 0.5 1.3
v 2 0.5 -1.3
v 2 0.5 -1.4
v 2 0.5 -1.5
v 2 0.5 -1.6
v 2 0.5 -1.7
v 2 0.6 1.6
v 2 0.6 1.5
v 2 0.6 1.4
v 2 0.6 1.3
v 2 0.6 1.2
v 2 0.6 -1.2
v 2 0.6 -1.3
v 2 0.6 -1.4
v 2 0.6 -1.5
v 2 0.6 -1.6
v 2 0.7 1.5
v 2 0.7 1.4
v 2 0.7 1.3
v 2 0.7 1.2
v 2 0.7 1.1
v 2 0.7 -1.1
v 2 0.7 -1.2
v 2 0.7 -1.3
v 2 0.7 -1.4
v 2 0.7 -1.5
v 2 0.8 1.4
v 2 0.8 1.3
v 2 0.8 1.2
v 2 0.8 1.1
v 2 0.8 1
v 2 0.8 -1
v 2 0.8 -1.1
v 2 0.8 -1.2
v 2 0.8 -1.3
v 2 0.8 -1.4
v 2 0.9 1.3
v 2 0.9 1.2
v 2 0.9 1.1
v 2 0.9 1
v 2 0.9 0.9
v 2 0.9 -0.9
v 2 0.9 -1
v 2 0.9 -1.1
v 2 0.9 -1.2
v 2 0.9 -1.3
v 2 1 1.2
v 2 1 1.1
v 2 1 1
v 2 1 0.9
v 2 1 0.8
v 2 1 -0.8
v 2 1 -0.9
v 2 1 -1
v 2 1 -1.1
v 2 1 -1.2
v 2 1.1 1.1
v 2 1.1 1
v 2 1.1 0.9
v 2 1.1 0.8
v 2 1.1 0.7
v 2 1.1 -0.7
v 2 1.1 -0.8
v 2 1.1 -0.9
v 2 1.1 -1
v 2 1.1 -1.1
v 2 1.2 1
v 2 1.2 0.9
v 2 1.2 0.8
v 2 1.2 0.7
v 2 1.2 0.6
v 2 1.2 -0.6
v 2 1.2 -0.7
v 2 1.2 -0.8
v 2 1.2 -0.9
v 2 1.2 -1
v 2 1.3 0.9
v 2 1.3 0.8
v 2 1.3 0.7
v 2 1.3 0.6
v 2 1.3 0.5
v 2 1.3 -0.5
v 2 1.3 -0.6
v 2 1.3 -0.7
v 2 1.3 -0.8
v 2 1.3 -0.9
v 2 1.4 0.8
v 2 1.4 0.7
v 2 1.4 0.6
v 2 1.4 0.5
v 2 1.4 0.4
v 2 1.4 0.2
v 2 1.4 0.0999999
v 2 1.4 -0.1
v 2 1.4 -0.2
v 2 1.4 -0.4
v 2 1.4 -0.5
v 2 1.4 -0.6
v 2 1.4 -0.7
v 2 1.4 -0.8
v 2 1.5 0.7
v 2 1.5 0.6
v 2 1.5 0.5
v 2 1.5 0.4
v 2 1.5 0.2
v 2 1.5 0.0999999
v 2 1.5 -0.1
v 2 1.5 -0.2
v 2 1.5 -0.4
v 2 1.5 -0.5
v 2 1.5 -0.6
v 2 1.5 -0.7
v 2 1.6 0.4
v 2 1.6 0.2
v 2 1.6 -0.2
v 2 1.6 -0.4
v 2 1.7 0.7
v 2 1.7 0.6
v 2 1.7 0.5
v 2 1.7 0.4
v 2 1.7 0.2
v 2 1.7 -0.2
v 2 1.7 -0.4
v 2 1.7 -0.5
v 2 1.7 -0.6
v 2 1.7 -0.7
v 2 1.8 0.8
v 2 1.8 0.7
v 2 1.8 0.6
v 2 1.8 0.5
v 2 1.8 0.4
v 2 1.8 0.2
v 2 1.8 0.0999999
v 2 1.8 -0.1
v 2 1.8 -0.2
v 2 1.8 -0.4
v 2 1.8 -0.5
v 2 1.8 -0.6
v 2 1.8 -0.7
v 2 1.8 -0.8
v 2 1.9 0.9
v 2 1.9 0.8
v 2 1.9 0.7
v 2 1.9 0.6
v 2 1.9 0.5
v 2 1.9 -0.5
v 2 1.9 -0.6
v 2 1.9 -0.7
v 2 1.9 -0.8
v 2 1.9 -0.9
v 2 2 1
v 2 2 0.9
v 2 2 0.8
v 2 2 0.7
v 2 2 0.6
v 2 2 -0.6
v 2 2 -0.7
v 2 2 -0.8
v 2 2 -0.9
v 2 2 -1
v 2 2.1 1.1
v 2 2.1 1
v 2 2.1 0.9
v 2 2.1 0.8
v 2 2.1 0.7
v 2 2.1 -0.7
v 2 2.1 -0.8
v 2 2.1 -0.9
v 2 2.1 -1
v 2 2.1 -1.1
v 2 2.2 1.2
v 2 2.2 1.1
v 2 2.2 1
v 2 2.2 0.9
v 2 2.2 0.8
v 2 2.2 -0.8
v 2 2.2 -0.9
v 2 2.2 -1
v 2 2.2 -1.1
v 2 2.2 -1.2
v 2 2.3 1.3
v 2 2.3 1.2
v 2 2.3 1.1
v 2 2.3 1
v 2 2.3 0.9
v 2 2.3 -0.9
v 2 2.3 -1
v 2 2.3 -1.1
v 2 2.3 -1.2
v 2 2.3 -1.3
v 2 2.4 1.4
v 2 2.4 1.3
v 2 2.4 1.2
v 2 2.4 1.1
v 2 2.4 1
v 2 2.4 -1
v 2 2.4 -1.1
v 2 2.4 -1.2
v 2 2.4 -1.3
v 2 2.4 -1.4
v 2 2.5 1.5
v 2 2.5 1.4
v 2 2.5 1.3
v 2 2.5 1.2
v 2 2.5 1.1
v 2 2.5 -1.1
v 2 2.5 -1.2
v 2 2.5 -1.3
v 2 2.5 -1.4
v 2 2.5 -1.5
v 2 2.6 1.6
v 2 2.6 1.5
v 2 2.6 1.4
v 2 2.6 1.3
v 2 2.6 1.2
v 2 2.6 -1.2
v 2 2.6 -1.3
v 2 2.6 -1.4
v 2 2.6 -1.5
v 2 2.6 -1.6
v 2 2.7 1.7
v 2 2.7 1.6
v 2 2.7 1.5
v 2 2.7 1.4
v 2 2.7 1.3
v 2 2.7 -1.3
v 2 2.7 -1.4
v 2 2.7 -1.5
v 2 2.7 -1.6
v 2 2.7 -1.7
v 2 2.8 1.8
v 2 2.8 1.7
v 2 2.8 1.6
v 2 2.8 1.5
v 2 2.8 1.4
v 2 2.8 -1.4
v 2 2.8 -1.5
v 2 2.8 -1.6
v 2 2.8 -1.7
v 2 2.8 -1.8
v 2 2.9 1.8
v 2 2.9 1.7
v 2 2.9 1.6
v 2 2.9 1.5
v 2 2.9 -1.5
v 2 2.9 -1.6
v 2 2.9 -1.7
v 2 2.9 -1.8
v 2 3 1.9
v 2 3 1.8
v 2 3 1.6
v 2 3 0.0999999
v 2 3 -0.1
v 2 3 -1.6
v 2 3 -1.8
v 2 3 -1.9
v 2 3.1 1.6
v 2 3.1 0.0999999
v 2 3.1 -0.1
v 2 3.1 -1.6
v 2 3.2 2
v 2 3.2 -2
v -2 0 2
v -2 0.2 2
v -2 3.2 2
v -1.9 0.1 2
v -1.9 0.2 2
v -1.9 0.3 2
v -1.9 3 2
v -1.8 0.3 2
v -1.8 0.4 2
v -1.8 2.8 2
v -1.8 2.9 2
v -1.8 3 2
v -1.7 0.2 2
v -1.7 0.3 2
v -1.7 0.4 2
v -1.7 0.5 2
v -1.7 2.7 2
v -1.7 2.8 2
v -1.7 2.9 2
v -1.6 0.2 2
v -1.6 0.3 2
v -1.6 0.4 2
v -1.6 0.5 2
v -1.6 0.6 2
v -1.6 2.6 2
v -1.6 2.7 2
v -1.6 2.8 2
v -1.6 2.9 2
v -1.6 3 2
v -1.6 3.1 2
v -1.5 0.3 2
v -1.5 0.4 2
v -1.5 0.5 2
v -1.5 0.6 2
v -1.5 0.7 2
v -1.5 2.5 2
v -1.5 2.6 2
v -1.5 2.7 2
v -1.5 2.8 2
v -1.5 2.9 2
v -1.4 0.4 2
v -1.4 0.5 2
v -1.4 0.6 2
v -1.4 0.7 2
v -1.4 0.8 2
v -1.4 2.4 2
v -1.4 2.5 2
v -1.4 2.6 2
v -1.4 2.7 2
v -1.4 2.8 2
v -1.3 0.5 2
v -1.3 0.6 2
v -1.3 0.7 2
v -1.3 0.8 2
v -1.3 0.9 2
v -1.3 2.3 2
v -1.3 2.4 2
v -1.3 2.5 2
v -1.3 2.6 2
v -1.3 2.7 2
v -1.2 0.6 2
v -1.2 0.7 2
v -1.2 0.8 2
v -1.2 0.9 2
v -1.2 1 2
v -1.2 2.2 2
v -1.2 2.3 2
v -1.2 2.4 2
v -1.2 2.5 2
v -1.2 2.6 2
v -1.1 0.7 2
v -1.1 0.8 2
v -1.1 0.9 2
v -1.1 1 2
v -1.1 1.1 2
v -1.1 2.1 2
v -1.1 2.2 2
v -1.1 2.3 2
v -1.1 2.4 2
v -1.1 2.5 2
v -1 0.8 2
v -1 0.9 2
v -1 1 2
v -1 1.1 2
v -1 1.2 2
v -1 2 2
v -1 2.1 2
v -1 2.2 2
v -1 2.3 2
v -1 2.4 2
v -0.9 0.9 2
v -0.9 1 2
v -0.9 1.1 2
v -0.9 1.2 2
v -0.9 1.3 2
v -0.9 1.9 2
v -0.9 2 2
v -0.9 2.1 2
v -0.9 2.2 2
v -0.9 2.3 2
v -0.8 1 2
v -0.8 1.1 2
v -0.8 1.2 2
v -0.8 1.3 2
v -0.8 1.4 2
v -0.8 1.8 2
v -0.8 1.9 2
v -0.8 2 2
v -0.8 2.1 2
v -0.8 2.2 2
v -0.7 1.1 2
v -0.7 1.2 2
v -0.7 1.3 2
v -0.7 1.4 2
v -0.7 1.5 2
v -0.7 1.7 2
v -0.7 1.8 2
v -0.7 1.9 2
v -0.7 2 2
v -0.7 2.1 2
v -0.6 1.2 2
v -0.6 1.3 2
v -0.6 1.4 2
v -0.6 1.5 2
v -0.6 1.6 2
v -0.6 1.7 2
v -0.6 1.8 2
v -0.6 1.9 2
v -0.6 2 2
v -0.5 1.3 2
v -0.5 1.4 2
v -0.5 1.5 2
v -0.5 1.6 2
v -0.5 1.7 2
v -0.5 1.8 2
v -0.5 1.9 2
v -0.4 1.4 2
v -0.4 1.5 2
v -0.4 1.6 2
v -0.4 1.7 2
v -0.4 1.8 2
v -0.2 1.4 2
v -0.2 1.5 2
v -0.2 1.6 2
v -0.2 1.7 2
v -0.2 1.8 2
v -0.0999999 0.2 2
v -0.0999999 1.4 2
v -0.0999999 1.5 2
v -0.0999999 1.8 2
v -0.0999999 3 2
v -0.0999999 3.1 2
v 0.1 0.2 2
v 0.1 1.4 2
v 0.1 1.5 2
v 0.1 1.8 2
v 0.1 3 2
v 0.1 3.1 2
v 0.2 1.4 2
v 0.2 1.5 2
v 0.2 1.6 2
v 0.2 1.7 2
v 0.2 1.8 2
v 0.4 1.4 2
v 0.4 1.5 2
v 0.4 1.6 2
v 0.4 1.7 2
v 0.4 1.8 2
v 0.5 1.3 2
v 0.5 1.4 2
v 0.5 1.5 2
v 0.5 1.6 2
v 0.5 1.7 2
v 0.5 1.8 2
v 0.5 1.9 2
v 0.6 1.2 2
v 0.6 1.3 2
v 0.6 1.4 2
v 0.6 1.5 2
v 0.6 1.6 2
v 0.6 1.7 2
v 0.6 1.8 2
v 0.6 1.9 2
v 0.6 2 2
v 0.7 1.1 2
v 0.7 1.2 2
v 0.7 1.3 2
v 0.7 1.4 2
v 0.7 1.5 2
v 0.7 1.7 2
v 0.7 1.8 2
v 0.7 1.9 2
v 0.7 2 2
v 0.7 2.1 2
v 0.8 1 2
v 0.8 1.1 2
v 0.8 1.2 2
v 0.8 1.3 2
v 0.8 1.4 2
v 0.8 1.8 2
v 0.8 1.9 2
v 0.8 2 2
v 0.8 2.1 2
v 0.8 2.2 2
v 0.9 0.9 2
v 0.9 1 2
v 0.9 1.1 2
v 0.9 1.2 2
v 0.9 1.3 2
v 0.9 1.9 2
v 0.9 2 2
v 0.9 2.1 2
v 0.9 2.2 2
v 0.9 2.3 2
v 1 0.8 2
v 1 0.9 2
v 1 1 2
v 1 1.1 2
v 1 1.2 2
v 1 2 2
v 1 2.1 2
v 1 2.2 2
v 1 2.3 2
v 1 2.4 2
v 1.1 0.7 2
v 1.1 0.8 2
v 1.1 0.9 2
v 1.1 1 2
v 1.1 1.1 2
v 1.1 2.1 2
v 1.1 2.2 2
v 1.1 2.3 2
v 1.1 2.4 2
v 1.1 2.5 2
v 1.2 0.6 2
v 1.2 0.7 2
v 1.2 0.8 2
v 1.2 0.9 2
v 1.2 1 2
v 1.2 2.2 2
v 1.2 2.3 2
v 1.2 2.4 2
v 1.2 2.5 2
v 1.2 2.6 2
v 1.3 0.5 2
v 1.3 0.6 2
v 1.3 0.7 2
v 1.3 0.8 2
v 1.3 0.9 2
v 1.3 2.3 2
v 1.3 2.4 2
v 1.3 2.5 2
v 1.3 2.6 2
v 1.3 2.7 2
v 1.4 0.4 2
v 1.4 0.5 2
v 1.4 0.6 2
v 1.4 0.7 2
v 1.4 0.8 2
v 1.4 2.4 2
v 1.4 2.5 2
v 1.4 2.6 2
v 1.4 2.7 2
v 1.4 2.8 2
v 1.5 0.3 2
v 1.5 0.4 2
v 1.5 0.5 2
v 1.5 0.6 2
v 1.5 0.7 2
v 1.5 2.5 2
v 1.5 2.6 2
v 1.5 2.7 2
v 1.5 2.8 2
v 1.5 2.9 2
v 1.6 0.2 2
v 1.6 0.3 2
v 1.6 0.4 2
v 1.6 0.5 2
v 1.6 0.6 2
v 1.6 2.6 2
v 1.6 2.7 2
v 1.6 2.8 2
v 1.6 2.9 2
v 1.6 3 2
v 1.6 3.1 2
v 1.7 0.2 2
v 1.7 0.3 2
v 1.7 0.4 2
v 1.7 0.5 2
v 1.7 2.7 2
v 1.7 2.8 2
v 1.7 2.9 2
v 1.8 0.3 2
v 1.8 0.4 2
v 1.8 2.8 2
v 1.8 2.9 2
v 1.8 3 2
v 1.9 0.1 2
v 1.9 0.2 2
v 1.9 0.3 2
v 1.9 3 2
v 2 0 2
v 2 0.2 2
v 2 3.2 2
v -1.8 0.4 1.9
v -1.8 2.8 1.9
v -1.7 0.4 1.9
v -1.7 0.5 1.9
v -1.7 0.9 1.9
v -1.7 1.3 1.9
v -1.7 2.7 1.9
v -1.7 2.8 1.9
v -1.6 0.2 1.9
v -1.6 0.3 1.9
v -1.6 0.5 1.9
v -1.6 0.6 1.9
v -1.6 0.9 1.9
v -1.6 1.3 1.9
v -1.6 2.3 1.9
v -1.6 2.6 1.9
v -1.6 2.7 1.9
v -1.6 2.9 1.9
v -1.6 3 1.9
v -1.5 0.3 1.9
v -1.5 0.4 1.9
v -1.5 0.6 1.9
v -1.5 0.7 1.9
v -1.5 1.1 1.9
v -1.5 2.1 1.9
v -1.5 2.3 1.9
v -1.5 2.5 1.9
v -1.5 2.6 1.9
v -1.5 2.8 1.9
v -1.5 2.9 1.9
v -1.4 0.3 1.9
v -1.4 0.4 1.9
v -1.4 0.5 1.9
v -1.4 0.7 1.9
v -1.4 0.8 1.9
v -1.4 1.1 1.9
v -1.4 2.1 1.9
v -1.4 2.4 1.9
v -1.4 2.5 1.9
v -1.4 2.7 1.9
v -1.4 2.8 1.9
v -1.4 2.9 1.9
v -1.3 0.5 1.9
v -1.3 0.6 1.9
v -1.3 0.8 1.9
v -1.3 0.9 1.9
v -1.3 2.3 1.9
v -1.3 2.4 1.9
v -1.3 2.6 1.9
v -1.3 2.7 1.9
v -1.2 0.6 1.9
v -1.2 0.7 1.9
v -1.2 0.9 1.9
v -1.2 1 1.9
v -1.2 2.2 1.9
v -1.2 2.3 1.9
v -1.2 2.5 1.9
v -1.2 2.6 1.9
v -1.1 0.6 1.9
v -1.1 0.7 1.9
v -1.1 0.8 1.9
v -1.1 1 1.9
v -1.1 1.1 1.9
v -1.1 2.1 1.9
v -1.1 2.2 1.9
v -1.1 2.4 1.9
v -1.1 2.5 1.9
v -1.1 2.6 1.9
v -1 0.3 1.9
v -1 0.4 1.9
v -1 0.7 1.9
v -1 0.8 1.9
v -1 0.9 1.9
v -1 1.1 1.9
v -1 1.2 1.9
v -1 1.8 1.9
v -1 2 1.9
v -1 2.1 1.9
v -1 2.3 1.9
v -1 2.4 1.9
v -1 2.7 1.9
v -1 2.9 1.9
v -0.9 0.4 1.9
v -0.9 0.8 1.9
v -0.9 0.9 1.9
v -0.9 1 1.9
v -0.9 1.2 1.9
v -0.9 1.3 1.9
v -0.9 1.8 1.9
v -0.9 1.9 1.9
v -0.9 2 1.9
v -0.9 2.2 1.9
v -0.9 2.3 1.9
v -0.9 2.7 1.9
v -0.8 0.8 1.9
v -0.8 1 1.9
v -0.8 1.1 1.9
v -0.8 1.3 1.9
v -0.8 1.4 1.9
v -0.8 1.8 1.9
v -0.8 1.9 1.9
v -0.8 2.1 1.9
v -0.8 2.2 1.9
v -0.7 1.1 1.9
v -0.7 1.2 1.9
v -0.7 1.4 1.9
v -0.7 1.5 1.9
v -0.7 1.7 1.9
v -0.7 1.8 1.9
v -0.7 2 1.9
v -0.7 2.1 1.9
v -0.6 1.2 1.9
v -0.6 1.3 1.9
v -0.6 1.5 1.9
v -0.6 1.6 1.9
v -0.6 1.7 1.9
v -0.6 1.9 1.9
v -0.6 2 1.9
v -0.5 1.1 1.9
v -0.5 1.3 1.9
v -0.5 1.4 1.9
v -0.5 1.8 1.9
v -0.5 1.9 1.9
v -0.5 2.1 1.9
v -0.4 0.6 1.9
v -0.4 1.1 1.9
v -0.4 1.4 1.9
v -0.4 1.5 1.9
v -0.4 1.7 1.9
v -0.4 1.8 1.9
v -0.4 2.1 1.9
v -0.4 2.4 1.9
v -0.3 0.4 1.9
v -0.3 0.6 1.9
v -0.3 1.2 1.9
v -0.3 1.5 1.9
v -0.3 1.7 1.9
v -0.3 2.2 1.9
v -0.3 2.4 1.9
v -0.3 2.8 1.9
v -0.2 0.3 1.9
v -0.2 0.4 1.9
v -0.2 0.8 1.9
v -0.2 1.2 1.9
v -0.2 1.4 1.9
v -0.2 1.5 1.9
v -0.2 1.7 1.9
v -0.2 1.8 1.9
v -0.2 2.2 1.9
v -0.2 2.4 1.9
v -0.0999999 0.2 1.9
v -0.0999999 0.3 1.9
v -0.0999999 0.8 1.9
v -0.0999999 1.4 1.9
v -0.0999999 1.8 1.9
v -0.0999999 2.4 1.9
v -0.0999999 2.8 1.9
v -0.0999999 3 1.9
v 0.1 0.2 1.9
v 0.1 0.3 1.9
v 0.1 0.8 1.9
v 0.1 1.4 1.9
v 0.1 1.8 1.9
v 0.1 2.5 1.9
v 0.1 2.8 1.9
v 0.1 3 1.9
v 0.2 0.3 1.9
v 0.2 0.4 1.9
v 0.2 0.8 1.9
v 0.2 1.2 1.9
v 0.2 1.4 1.9
v 0.2 1.5 1.9
v 0.2 1.7 1.9
v 0.2 1.8 1.9
v 0.2 2.1 1.9
v 0.2 2.5 1.9
v 0.3 0.4 1.9
v 0.3 0.8 1.9
v 0.3 1.2 1.9
v 0.3 1.5 1.9
v 0.3 1.7 1.9
v 0.3 2.1 1.9
v 0.3 2.5 1.9
v 0.3 2.8 1.9
v 0.4 0.8 1.9
v 0.4 1.3 1.9
v 0.4 1.4 1.9
v 0.4 1.5 1.9
v 0.4 1.7 1.9
v 0.4 1.8 1.9
v 0.4 2.1 1.9
v 0.4 2.5 1.9
v 0.5 1.3 1.9
v 0.5 1.4 1.9
v 0.5 1.8 1.9
v 0.5 1.9 1.9
v 0.5 2.1 1.9
v 0.6 1.2 1.9
v 0.6 1.3 1.9
v 0.6 1.5 1.9
v 0.6 1.6 1.9
v 0.6 1.7 1.9
v 0.6 1.9 1.9
v 0.6 2 1.9
v 0.7 1.1 1.9
v 0.7 1.2 1.9
v 0.7 1.4 1.9
v 0.7 1.5 1.9
v 0.7 1.7 1.9
v 0.7 1.8 1.9
v 0.7 2 1.9
v 0.7 2.1 1.9
v 0.8 1 1.9
v 0.8 1.1 1.9
v 0.8 1.3 1.9
v 0.8 1.4 1.9
v 0.8 1.8 1.9
v 0.8 1.9 1.9
v 0.8 2.1 1.9
v 0.8 2.2 1.9
v 0.9 0.6 1.9
v 0.9 0.9 1.9
v 0.9 1 1.9
v 0.9 1.2 1.9
v 0.9 1.3 1.9
v 0.9 1.9 1.9
v 0.9 2 1.9
v 0.9 2.2 1.9
v 0.9 2.3 1.9
v 0.9 2.7 1.9
v 0.9 3.2 1.9
v 0.9 3.3 1.9
v 1 0.4 1.9
v 1 0.6 1.9
v 1 0.8 1.9
v 1 0.9 1.9
v 1 1.1 1.9
v 1 1.2 1.9
v 1 2 1.9
v 1 2.1 1.9
v 1 2.3 1.9
v 1 2.4 1.9
v 1 2.7 1.9
v 1 2.9 1.9
v 1 3.3 1.9
v 1 3.4 1.9
v 1.1 0.3 1.9
v 1.1 0.4 1.9
v 1.1 0.6 1.9
v 1.1 0.7 1.9
v 1.1 0.8 1.9
v 1.1 1 1.9
v 1.1 1.1 1.9
v 1.1 2.1 1.9
v 1.1 2.2 1.9
v 1.1 2.4 1.9
v 1.1 2.5 1.9
v 1.1 2.6 1.9
v 1.2 0.6 1.9
v 1.2 0.7 1.9
v 1.2 0.9 1.9
v 1.2 1 1.9
v 1.2 2.2 1.9
v 1.2 2.3 1.9
v 1.2 2.5 1.9
v 1.2 2.6 1.9
v 1.3 0.3 1.9
v 1.3 0.4 1.9
v 1.3 0.5 1.9
v 1.3 0.6 1.9
v 1.3 0.8 1.9
v 1.3 0.9 1.9
v 1.3 2.3 1.9
v 1.3 2.4 1.9
v 1.3 2.6 1.9
v 1.3 2.7 1.9
v 1.3 3.3 1.9
v 1.3 3.4 1.9
v 1.4 0.4 1.9
v 1.4 0.5 1.9
v 1.4 0.7 1.9
v 1.4 0.8 1.9
v 1.4 1.2 1.9
v 1.4 2 1.9
v 1.4 2.4 1.9
v 1.4 2.5 1.9
v 1.4 2.7 1.9
v 1.4 2.8 1.9
v 1.4 2.9 1.9
v 1.4 3.2 1.9
v 1.4 3.3 1.9
v 1.5 0.3 1.9
v 1.5 0.4 1.9
v 1.5 0.6 1.9
v 1.5 0.7 1.9
v 1.5 1 1.9
v 1.5 1.2 1.9
v 1.5 2 1.9
v 1.5 2.3 1.9
v 1.5 2.5 1.9
v 1.5 2.6 1.9
v 1.5 2.8 1.9
v 1.5 2.9 1.9
v 1.6 0.2 1.9
v 1.6 0.3 1.9
v 1.6 0.5 1.9
v 1.6 0.6 1.9
v 1.6 1 1.9
v 1.6 1.5 1.9
v 1.6 1.9 1.9
v 1.6 2.3 1.9
v 1.6 2.6 1.9
v 1.6 2.7 1.9
v 1.6 2.9 1.9
v 1.6 3 1.9
v 1.7 0.4 1.9
v 1.7 0.5 1.9
v 1.7 1.5 1.9
v 1.7 1.9 1.9
v 1.7 2.7 1.9
v 1.7 2.8 1.9
v 1.8 0.4 1.9
v 1.8 2.8 1.9
v -1.6 3.2 1.8
v -1.6 3.3 1.8
v -1.5 3.3 1.8
v -1.5 3.5 1.8
v -1.5 3.6 1.8
v -1.4 3.4 1.8
v -1.4 3.5 1.8
v -1.4 3.6 1.8
v -1.3 3.5 1.8
v -1.3 3.6 1.8
v -1.2 3.2 1.8
v -1.2 3.4 1.8
v -1.2 3.6 1.8
v -0.4 3.2 1.8
v -0.4 3.3 1.8
v -0.3 3.3 1.8
v -0.3 3.4 1.8
v 0.1 3.3 1.8
v 0.1 3.4 1.8
v 0.2 3.2 1.8
v 0.2 3.3 1.8
v 0.8 3.2 1.8
v 0.8 3.4 1.8
v 0.8 3.5 1.8
v 0.9 3.2 1.8
v 0.9 3.3 1.8
v 0.9 3.4 1.8
v 0.9 3.5 1.8
v 1 3.3 1.8
v 1 3.4 1.8
v 1 3.5 1.8
v 1.1 3.4 1.8
v 1.1 3.5 1.8
v 1.2 3.4 1.8
v 1.2 3.5 1.8
v 1.3 3.3 1.8
v 1.3 3.4 1.8
v 1.4 3.2 1.8
v 1.4 3.3 1.8
v 1.4 3.4 1.8
v 1.5 3.2 1.8
v 1.5 3.3 1.8
v -2 0.4 1.7
v -2 0.5 1.7
v -2 2.7 1.7
v -2 2.8 1.7
v -1.9 0.4 1.7
v -1.9 0.5 1.7
v -1.9 2.7 1.7
v -1.9 2.8 1.7
v -1.8 0.2 1.7
v -1.8 1.2 1.7
v -1.8 3 1.7
v -1.7 3.2 1.7
v -1.7 3.3 1.7
v -1.6 3.2 1.7
v -1.6 3.3 1.7
v -1.6 3.5 1.7
v -1.6 3.6 1.7
v -1.5 3.3 1.7
v -1.5 3.5 1.7
v -1.5 3.6 1.7
v -1.2 3.2 1.7
v -1.2 3.3 1.7
v -1.2 3.4 1.7
v -1.2 3.6 1.7
v -1.1 3.3 1.7
v -1.1 3.5 1.7
v -1.1 3.6 1.7
v -1 3.2 1.7
v -1 3.3 1.7
v -1 3.5 1.7
v -0.9 3.2 1.7
v -0.9 3.3 1.7
v -0.7 3.2 1.7
v -0.7 3.3 1.7
v -0.4 3.2 1.7
v -0.4 3.3 1.7
v -0.4 3.4 1.7
v -0.4 3.5 1.7
v -0.3 3.3 1.7
v -0.3 3.4 1.7
v -0.3 3.5 1.7
v -0.2 3.4 1.7
v -0.2 3.5 1.7
v -0.0999999 3.4 1.7
v -0.0999999 3.5 1.7
v 0.1 3 1.7
v 0.1 3.3 1.7
v 0.1 3.4 1.7
v 0.1 3.5 1.7
v 0.2 3.2 1.7
v 0.2 3.3 1.7
v 0.2 3.5 1.7
v 0.3 3 1.7
v 0.3 3.2 1.7
v 0.3 3.3 1.7
v 0.6 3.2 1.7
v 0.6 3.3 1.7
v 0.7 3.2 1.7
v 0.7 3.3 1.7
v 0.7 3.5 1.7
v 0.8 3.2 1.7
v 0.8 3.4 1.7
v 0.8 3.5 1.7
v 0.9 3.5 1.7
v 0.9 3.6 1.7
v 1 3.5 1.7
v 1 3.6 1.7
v 1.1 3.5 1.7
v 1.2 3.4 1.7
v 1.2 3.5 1.7
v 1.2 3.6 1.7
v 1.3 3.4 1.7
v 1.3 3.5 1.7
v 1.4 3.3 1.7
v 1.4 3.4 1.7
v 1.5 3.2 1.7
v 1.5 3.3 1.7
v 1.5 3.4 1.7
v 1.5 3.5 1.7
v 1.6 1.2 1.7
v 1.6 3 1.7
v 1.6 3.3 1.7
v 1.6 3.5 1.7
v 1.7 0.2 1.7
v 1.7 3 1.7
v 1.7 3.2 1.7
v 1.7 3.3 1.7
v 1.9 0.4 1.7
v 1.9 0.5 1.7
v 1.9 2.7 1.7
v 1.9 2.8 1.7
v 2 0.4 1.7
v 2 0.5 1.7
v 2 2.7 1.7
v 2 2.8 1.7
v -2 0.5 1.6
v -2 0.6 1.6
v -2 2.6 1.6
v -2 2.7 1.6
v -1.9 0.5 1.6
v -1.9 0.6 1.6
v -1.9 2.6 1.6
v -1.9 2.7 1.6
v -1.7 3.3 1.6
v -1.7 3.5 1.6
v -1.6 3.3 1.6
v -1.6 3.5 1.6
v -1.5 3.6 1.6
v -1.5 3.7 1.6
v -1.3 3.6 1.6
v -1.3 3.7 1.6
v -0.9 3.2 1.6
v -0.9 3.3 1.6
v -0.7 3.2 1.6
v -0.7 3.3 1.6
v -0.6 3.1 1.6
v -0.6 3.2 1.6
v -0.6 3.3 1.6
v -0.6 3.4 1.6
v -0.5 3.1 1.6
v -0.5 3.2 1.6
v -0.4 3.3 1.6
v -0.4 3.4 1.6
v -0.2 3.5 1.6
v -0.2 3.6 1.6
v -0.0999999 3.5 1.6
v -0.0999999 3.6 1.6
v 2.38419e-07 3.5 1.6
v 2.38419e-07 3.6 1.6
v 0.1 3.5 1.6
v 0.1 3.6 1.6
v 0.5 3.2 1.6
v 0.5 3.3 1.6
v 0.6 3.2 1.6
v 0.6 3.3 1.6
v 0.6 3.4 1.6
v 0.6 3.5 1.6
v 0.7 3.3 1.6
v 0.7 3.4 1.6
v 0.7 3.5 1.6
v 1.2 3.5 1.6
v 1.2 3.6 1.6
v 1.3 3.5 1.6
v 1.4 3.5 1.6
v 1.4 3.6 1.6
v 1.5 3.5 1.6
v 1.5 3.6 1.6
v 1.6 3.3 1.6
v 1.6 3.4 1.6
v 1.6 3.5 1.6
v 1.7 3.2 1.6
v 1.7 3.3 1.6
v 1.7 3.4 1.6
v 1.7 3.5 1.6
v 1.8 3.2 1.6
v 1.8 3.3 1.6
v 1.9 0.5 1.6
v 1.9 0.6 1.6
v 1.9 2.6 1.6
v 1.9 2.7 1.6
v 2 0.5 1.6
v 2 0.6 1.6
v 2 2.6 1.6
v 2 2.7 1.6
v -2 0.6 1.5
v -2 0.7 1.5
v -2 2.5 1.5
v -2 2.6 1.5
v -1.9 0.6 1.5
v -1.9 0.7 1.5
v -1.9 2.5 1.5
v -1.9 2.6 1.5
v -1.6 3.6 1.5
v -1.6 3.7 1.5
v -1.5 3.6 1.5
v -1.5 3.7 1.5
v -1.3 3.6 1.5
v -1.3 3.7 1.5
v -1.2 3.6 1.5
v -1.2 3.7 1.5
v -0.8 3.3 1.5
v -0.8 3.4 1.5
v -0.6 3.3 1.5
v -0.6 3.4 1.5
v -0.3 3.5 1.5
v -0.3 3.6 1.5
v -0.2 3.5 1.5
v -0.2 3.6 1.5
v 0.1 3.5 1.5
v 0.1 3.6 1.5
v 0.2 3.3 1.5
v 0.2 3.4 1.5
v 0.2 3.5 1.5
v 0.3 3.2 1.5
v 0.3 3.3 1.5
v 0.3 3.4 1.5
v 0.3 3.6 1.5
v 0.5 3.2 1.5
v 0.5 3.3 1.5
v 1.2 3.6 1.5
v 1.2 3.7 1.5
v 1.3 3.6 1.5
v 1.3 3.7 1.5
v 1.4 3.6 1.5
v 1.4 3.7 1.5
v 1.5 3.5 1.5
v 1.5 3.6 1.5
v 1.5 3.7 1.5
v 1.6 3.5 1.5
v 1.6 3.6 1.5
v 1.7 3.3 1.5
v 1.7 3.4 1.5
v 1.8 3.3 1.5
v 1.8 3.4 1.5
v 1.9 0.6 1.5
v 1.9 0.7 1.5
v 1.9 2.5 1.5
v 1.9 2.6 1.5
v 2 0.6 1.5
v 2 0.7 1.5
v 2 2.5 1.5
v 2 2.6 1.5
v -2 0.7 1.4
v -2 0.8 1.4
v -2 2.4 1.4
v -2 2.5 1.4
v -1.9 0.7 1.4
v -1.9 0.8 1.4
v -1.9 2.4 1.4
v -1.9 2.5 1.4
v -1 3.3 1.4
v -1 3.4 1.4
v -0.8 3.3 1.4
v -0.8 3.4 1.4
v -0.8 3.6 1.4
v -0.7 3.4 1.4
v -0.7 3.5 1.4
v -0.6 3.5 1.4
v -0.6 3.6 1.4
v -0.5 3.5 1.4
v -0.5 3.6 1.4
v -0.4 3.4 1.4
v -0.4 3.5 1.4
v -0.0999999 3.6 1.4
v -0.0999999 3.7 1.4
v 2.38419e-07 3.6 1.4
v 0.1 3.6 1.4
v 0.1 3.7 1.4
v 0.1 3.8 1.4
v 0.1 3.9 1.4
v 0.2 3.6 1.4
v 0.2 3.7 1.4
v 0.2 3.8 1.4
v 0.2 3.9 1.4
v 0.3 3.3 1.4
v 0.3 3.4 1.4
v 0.3 3.5 1.4
v 0.3 3.6 1.4
v 0.4 3.3 1.4
v 0.4 3.4 1.4
v 0.4 3.5 1.4
v 0.4 3.6 1.4
v 0.4 3.7 1.4
v 0.7 2.9 1.4
v 0.7 3 1.4
v 0.8 2.9 1.4
v 0.8 3 1.4
v 1.9 0.7 1.4
v 1.9 0.8 1.4
v 1.9 2.4 1.4
v 1.9 2.5 1.4
v 2 0.7 1.4
v 2 0.8 1.4
v 2 2.4 1.4
v 2 2.5 1.4
v -2 0.8 1.3
v -2 0.9 1.3
v -2 2.3 1.3
v -2 2.4 1.3
v -1.9 0.8 1.3
v -1.9 0.9 1.3
v -1.9 2.3 1.3
v -1.9 2.4 1.3
v -1.1 3.4 1.3
v -1.1 3.5 1.3
v -1 3.4 1.3
v -1 3.5 1.3
v -0.9 3.4 1.3
v -0.9 3.5 1.3
v -0.9 3.6 1.3
v -0.8 3.4 1.3
v -0.8 3.5 1.3
v -0.8 3.6 1.3
v -0.8 3.7 1.3
v -0.7 3.6 1.3
v -0.7 3.7 1.3
v -0.6 3.6 1.3
v -0.5 3.6 1.3
v -0.5 3.7 1.3
v -0.2 3.6 1.3
v -0.2 3.7 1.3
v -0.0999999 3.6 1.3
v -0.0999999 3.7 1.3
v 2.38419e-07 3.7 1.3
v 2.38419e-07 4.1 1.3
v 0.1 3.7 1.3
v 0.1 3.8 1.3
v 0.1 3.9 1.3
v 0.1 4 1.3
v 0.1 4.1 1.3
v 0.2 3.7 1.3
v 0.2 3.8 1.3
v 0.2 3.9 1.3
v 0.2 4 1.3
v 0.2 4.1 1.3
v 0.3 3.7 1.3
v 0.3 3.8 1.3
v 0.3 3.9 1.3
v 0.3 4 1.3
v 0.4 3.3 1.3
v 0.4 3.4 1.3
v 0.4 3.5 1.3
v 0.4 3.6 1.3
v 0.4 3.7 1.3
v 0.5 3.3 1.3
v 0.5 3.4 1.3
v 0.5 3.7 1.3
v 0.8 2.9 1.3
v 0.8 3 1.3
v 1 2.9 1.3
v 1 3 1.3
v 1.5 3.6 1.3
v 1.5 3.7 1.3
v 1.6 3.6 1.3
v 1.6 3.7 1.3
v 1.9 0.8 1.3
v 1.9 0.9 1.3
v 1.9 2.3 1.3
v 1.9 2.4 1.3
v 2 0.8 1.3
v 2 0.9 1.3
v 2 2.3 1.3
v 2 2.4 1.3
v -2 0.9 1.2
v -2 1 1.2
v -2 2.2 1.2
v -2 2.3 1.2
v -1.9 0.9 1.2
v -1.9 1 1.2
v -1.9 2.2 1.2
v -1.9 2.3 1.2
v -1 3.4 1.2
v -1 3.5 1.2
v -1 3.6 1.2
v -0.9 3.4 1.2
v -0.9 3.5 1.2
v -0.9 3.6 1.2
v -0.9 3.7 1.2
v -0.8 3.6 1.2
v -0.8 3.7 1.2
v -0.5 3.5 1.2
v -0.5 3.6 1.2
v -0.4 3.1 1.2
v -0.4 3.3 1.2
v -0.3 3.2 1.2
v -0.3 3.3 1.2
v -0.3 3.5 1.2
v -0.3 3.6 1.2
v -0.3 3.7 1.2
v -0.2 3.1 1.2
v -0.2 3.2 1.2
v -0.2 3.6 1.2
v -0.2 3.7 1.2
v -0.0999999 3.7 1.2
v -0.0999999 4 1.2
v 2.38419e-07 3.7 1.2
v 2.38419e-07 4 1.2
v 0.2 4 1.2
v 0.2 4.1 1.2
v 0.3 3.7 1.2
v 0.3 3.8 1.2
v 0.3 3.9 1.2
v 0.3 4 1.2
v 0.3 4.1 1.2
v 0.4 3.7 1.2
v 0.4 4 1.2
v 0.5 3.3 1.2
v 0.5 3.4 1.2
v 0.5 3.6 1.2
v 0.6 3.4 1.2
v 0.6 3.6 1.2
v 0.7 3.2 1.2
v 0.7 3.3 1.2
v 0.7 3.4 1.2
v 0.8 3.2 1.2
v 0.8 3.3 1.2
v 1.9 0.9 1.2
v 1.9 1 1.2
v 1.9 2.2 1.2
v 1.9 2.3 1.2
v 2 0.9 1.2
v 2 1 1.2
v 2 2.2 1.2
v 2 2.3 1.2
v -2 1 1.1
v -2 1.1 1.1
v -2 2.1 1.1
v -2 2.2 1.1
v -1.9 1 1.1
v -1.9 1.1 1.1
v -1.9 2.1 1.1
v -1.9 2.2 1.1
v -1.1 3.5 1.1
v -1.1 3.6 1.1
v -1 3.5 1.1
v -1 3.6 1.1
v -1 3.7 1.1
v -0.9 3.6 1.1
v -0.9 3.7 1.1
v -0.5 3.6 1.1
v -0.5 3.7 1.1
v -0.4 3.6 1.1
v -0.4 3.7 1.1
v -0.2 3.7 1.1
v -0.2 3.8 1.1
v -0.2 4 1.1
v -0.0999999 3.7 1.1
v -0.0999999 3.8 1.1
v -0.0999999 4 1.1
v 0.6 3.4 1.1
v 0.6 3.5 1.1
v 0.8 3.4 1.1
v 0.8 3.5 1.1
v 1.9 1 1.1
v 1.9 1.1 1.1
v 1.9 2.1 1.1
v 1.9 2.2 1.1
v 2 1 1.1
v 2 1.1 1.1
v 2 2.1 1.1
v 2 2.2 1.1
v -2 1.1 1
v -2 1.2 1
v -2 2 1
v -2 2.1 1
v -1.9 1.1 1
v -1.9 1.2 1
v -1.9 2 1
v -1.9 2.1 1
v -1.2 3.5 1
v -1.2 3.6 1
v -1.2 3.8 1
v -1.1 3.5 1
v -1.1 3.6 1
v -1 3.6 1
v -1 3.7 1
v -1 3.8 1
v -0.9 3.7 1
v -0.9 3.8 1
v 0.6 3.5 1
v 0.6 3.6 1
v 1 3.5 1
v 1 3.6 1
v 1.1 3.5 1
v 1.1 3.6 1
v 1.3 3.5 1
v 1.3 3.6 1
v 1.4 3.5 1
v 1.4 3.6 1
v 1.9 1.1 1
v 1.9 1.2 1
v 1.9 2 1
v 1.9 2.1 1
v 2 1.1 1
v 2 1.2 1
v 2 2 1
v 2 2.1 1
v -2 1.2 0.9
v -2 1.3 0.9
v -2 1.9 0.9
v -2 2 0.9
v -1.9 1.2 0.9
v -1.9 1.3 0.9
v -1.9 1.9 0.9
v -1.9 2 0.9
v -1.3 3.5 0.9
v -1.3 3.6 0.9
v -1.3 4 0.9
v -1.2 3.5 0.9
v -1.2 3.6 0.9
v -1.2 3.8 0.9
v -1.1 3.9 0.9
v -1.1 4 0.9
v -1 3.8 0.9
v -0.9 3.7 0.9
v -0.9 3.8 0.9
v -0.9 3.9 0.9
v -0.9 4 0.9
v -0.8 3.7 0.9
v -0.8 3.8 0.9
v -0.8 4 0.9
v -0.7 3.7 0.9
v -0.7 3.8 0.9
v -0.6 3.7 0.9
v -0.6 3.8 0.9
v -0.5 3.7 0.9
v -0.5 3.9 0.9
v -0.5 4 0.9
v -0.4 3.6 0.9
v -0.4 3.7 0.9
v -0.4 3.8 0.9
v -0.4 3.9 0.9
v -0.4 4 0.9
v -0.4 4.1 0.9
v -0.3 3.6 0.9
v -0.3 3.7 0.9
v -0.3 3.8 0.9
v -0.3 4 0.9
v -0.3 4.1 0.9
v -0.2 3.7 0.9
v -0.2 3.9 0.9
v -0.2 4 0.9
v -0.2 4.1 0.9
v -0.0999999 4 0.9
v -0.0999999 4.1 0.9
v 0.6 3.6 0.9
v 0.6 3.7 0.9
v 0.9 3.6 0.9
v 0.9 3.7 0.9
v 1.9 1.2 0.9
v 1.9 1.3 0.9
v 1.9 1.9 0.9
v 1.9 2 0.9
v 2 1.2 0.9
v 2 1.3 0.9
v 2 1.9 0.9
v 2 2 0.9
v -2 1.3 0.8
v -2 1.4 0.8
v -2 1.8 0.8
v -2 1.9 0.8
v -1.9 1.3 0.8
v -1.9 1.4 0.8
v -1.9 1.8 0.8
v -1.9 1.9 0.8
v -1.7 2.9 0.8
v -1.7 3 0.8
v -1.6 2.9 0.8
v -1.6 3 0.8
v -1.5 3.5 0.8
v -1.5 3.6 0.8
v -1.4 3.5 0.8
v -1.4 3.6 0.8
v -1.4 3.7 0.8
v -1.4 3.8 0.8
v -1.3 3.5 0.8
v -1.3 3.6 0.8
v -1.3 3.7 0.8
v -1.3 3.8 0.8
v -1.3 4 0.8
v -1.3 4.1 0.8
v -1.2 4 0.8
v -1.2 4.1 0.8
v -1.1 4 0.8
v -1 4 0.8
v -1 4.1 0.8
v -0.9 4 0.8
v -0.9 4.1 0.8
v -0.8 3.8 0.8
v -0.8 4 0.8
v -0.7 3.8 0.8
v -0.7 4 0.8
v -0.6 3.7 0.8
v -0.6 3.8 0.8
v -0.6 4 0.8
v -0.6 4.2 0.8
v -0.5 3.7 0.8
v -0.5 3.9 0.8
v -0.5 4 0.8
v -0.4 4 0.8
v -0.4 4.1 0.8
v -0.4 4.2 0.8
v -0.3 4.1 0.8
v -0.2 4.1 0.8
v -0.2 4.2 0.8
v -0.0999999 4 0.8
v -0.0999999 4.1 0.8
v -0.0999999 4.2 0.8
v 2.38419e-07 4 0.8
v 2.38419e-07 4.1 0.8
v 2.38419e-07 4.2 0.8
v 0.4 3.7 0.8
v 0.4 3.8 0.8
v 0.5 3.7 0.8
v 0.5 3.8 0.8
v 1 3.5 0.8
v 1 3.6 0.8
v 1.1 3.5 0.8
v 1.1 3.6 0.8
v 1.1 3.7 0.8
v 1.2 3.6 0.8
v 1.2 3.7 0.8
v 1.4 3.5 0.8
v 1.4 3.6 0.8
v 1.5 2.9 0.8
v 1.5 3 0.8
v 1.5 3.5 0.8
v 1.5 3.6 0.8
v 1.5 3.7 0.8
v 1.6 3.2 0.8
v 1.6 3.3 0.8
v 1.7 2.9 0.8
v 1.7 3 0.8
v 1.7 3.2 0.8
v 1.7 3.3 0.8
v 1.9 1.3 0.8
v 1.9 1.4 0.8
v 1.9 1.8 0.8
v 1.9 1.9 0.8
v 2 1.3 0.8
v 2 1.4 0.8
v 2 1.8 0.8
v 2 1.9 0.8
v -2 1.4 0.7
v -2 1.5 0.7
v -2 1.7 0.7
v -2 1.8 0.7
v -1.9 1.4 0.7
v -1.9 1.5 0.7
v -1.9 1.7 0.7
v -1.9 1.8 0.7
v -1.8 3.2 0.7
v -1.8 3.3 0.7
v -1.7 3 0.7
v -1.7 3.2 0.7
v -1.7 3.3 0.7
v -1.6 2.9 0.7
v -1.6 3 0.7
v -1.6 3.3 0.7
v -1.6 3.5 0.7
v -1.6 3.6 0.7
v -1.5 2.9 0.7
v -1.5 3.1 0.7
v -1.5 3.2 0.7
v -1.5 3.3 0.7
v -1.5 3.5 0.7
v -1.5 3.6 0.7
v -1.4 3.2 0.7
v -1.4 3.3 0.7
v -1.4 3.8 0.7
v -1.4 4 0.7
v -1.4 4.1 0.7
v -1.3 3.1 0.7
v -1.3 3.3 0.7
v -1.3 3.8 0.7
v -1.3 4 0.7
v -1.3 4.1 0.7
v -1.2 2.9 0.7
v -1.2 3 0.7
v -1.2 4.1 0.7
v -1.2 4.2 0.7
v -1 2.9 0.7
v -1 3 0.7
v -1 4.1 0.7
v -1 4.2 0.7
v -0.9 4 0.7
v -0.9 4.1 0.7
v -0.8 4 0.7
v -0.8 4.2 0.7
v -0.7 3.8 0.7
v -0.7 3.9 0.7
v -0.7 4 0.7
v -0.7 4.1 0.7
v -0.7 4.2 0.7
v -0.6 3.8 0.7
v -0.6 3.9 0.7
v -0.6 4 0.7
v -0.6 4.1 0.7
v -0.6 4.2 0.7
v -0.4 4.2 0.7
v -0.4 4.3 0.7
v -0.3 4.2 0.7
v -0.3 4.3 0.7
v -0.2 4.2 0.7
v -0.0999999 4.2 0.7
v -0.0999999 4.3 0.7
v 2.38419e-07 4 0.7
v 2.38419e-07 4.1 0.7
v 0.2 4 0.7
v 0.2 4.1 0.7
v 0.4 3.8 0.7
v 0.4 4 0.7
v 0.5 3.8 0.7
v 0.5 4 0.7
v 0.9 3.6 0.7
v 0.9 3.7 0.7
v 1.1 3.6 0.7
v 1.1 3.7 0.7
v 1.1 3.8 0.7
v 1.2 3.7 0.7
v 1.2 3.8 0.7
v 1.5 3.3 0.7
v 1.5 3.5 0.7
v 1.5 3.6 0.7
v 1.5 3.7 0.7
v 1.5 3.8 0.7
v 1.6 3.3 0.7
v 1.6 3.4 0.7
v 1.6 3.5 0.7
v 1.6 3.7 0.7
v 1.7 3.3 0.7
v 1.7 3.4 0.7
v 1.9 1.4 0.7
v 1.9 1.5 0.7
v 1.9 1.7 0.7
v 1.9 1.8 0.7
v 2 1.4 0.7
v 2 1.5 0.7
v 2 1.7 0.7
v 2 1.8 0.7
v -2 1.5 0.6
v -2 1.7 0.6
v -1.9 1.5 0.6
v -1.9 1.7 0.6
v -1.9 3.2 0.6
v -1.9 3.3 0.6
v -1.8 3.2 0.6
v -1.8 3.3 0.6
v -1.7 3.3 0.6
v -1.7 3.4 0.6
v -1.7 3.5 0.6
v -1.7 3.6 0.6
v -1.6 3.3 0.6
v -1.6 3.4 0.6
v -1.6 3.5 0.6
v -1.6 3.6 0.6
v -1.5 2.9 0.6
v -1.5 3 0.6
v -1.4 2.9 0.6
v -1.4 3 0.6
v -0.8 4 0.6
v -0.8 4.2 0.6
v -0.7 4 0.6
v -0.7 4.1 0.6
v -0.7 4.2 0.6
v -0.6 4.2 0.6
v -0.6 4.3 0.6
v -0.5 4.2 0.6
v -0.5 4.3 0.6
v -0.4 4.2 0.6
v -0.4 4.3 0.6
v 2.38419e-07 4.1 0.6
v 2.38419e-07 4.2 0.6
v 0.2 4 0.6
v 0.2 4.1 0.6
v 0.3 4 0.6
v 0.3 4.2 0.6
v 0.4 4 0.6
v 0.4 4.1 0.6
v 0.4 4.2 0.6
v 0.5 3.6 0.6
v 0.5 3.8 0.6
v 0.5 4 0.6
v 0.6 3.6 0.6
v 0.6 3.7 0.6
v 0.6 4 0.6
v 0.6 4.1 0.6
v 0.7 3.7 0.6
v 0.7 4 0.6
v 1 3.7 0.6
v 1 3.8 0.6
v 1.1 3.7 0.6
v 1.1 3.8 0.6
v 1.5 3.7 0.6
v 1.5 3.8 0.6
v 1.6 3.4 0.6
v 1.6 3.5 0.6
v 1.6 3.6 0.6
v 1.6 3.7 0.6
v 1.6 3.8 0.6
v 1.7 3.2 0.6
v 1.7 3.3 0.6
v 1.7 3.4 0.6
v 1.7 3.5 0.6
v 1.7 3.6 0.6
v 1.7 3.7 0.6
v 1.8 3.2 0.6
v 1.8 3.3 0.6
v 1.9 1.5 0.6
v 1.9 1.7 0.6
v 2 1.5 0.6
v 2 1.7 0.6
v -1.8 3.3 0.5
v -1.8 3.4 0.5
v -1.8 3.6 0.5
v -1.7 3.3 0.5
v -1.7 3.4 0.5
v -1.7 3.5 0.5
v -1.7 3.6 0.5
v -1.6 3.6 0.5
v -1.6 3.7 0.5
v -1.5 3.6 0.5
v -1.4 3.6 0.5
v -1.4 3.7 0.5
v -0.5 4.3 0.5
v -0.5 4.4 0.5
v -0.4 4.3 0.5
v -0.4 4.4 0.5
v -0.3 4.3 0.5
v -0.3 4.4 0.5
v -0.2 4.3 0.5
v -0.2 4.4 0.5
v -0.0999999 4.2 0.5
v -0.0999999 4.3 0.5
v 2.38419e-07 4.2 0.5
v 2.38419e-07 4.3 0.5
v 0.4 4.1 0.5
v 0.4 4.2 0.5
v 0.6 4 0.5
v 0.6 4.1 0.5
v 0.6 4.2 0.5
v 0.7 3.7 0.5
v 0.7 3.9 0.5
v 0.7 4 0.5
v 0.7 4.1 0.5
v 0.8 3.7 0.5
v 0.8 3.9 0.5
v 0.8 4 0.5
v 1.7 3.3 0.5
v 1.7 3.4 0.5
v 1.7 3.5 0.5
v 1.8 3.3 0.5
v 1.8 3.4 0.5
v 1.8 3.5 0.5
v -1.7 2.9 0.4
v -1.7 3.1 0.4
v -1.6 2.9 0.4
v -1.6 3.1 0.4
v -0.0999999 2.8 0.4
v -0.0999999 2.9 0.4
v 2.38419e-07 2.8 0.4
v 2.38419e-07 2.9 0.4
v 2.38419e-07 4.2 0.4
v 2.38419e-07 4.3 0.4
v 0.1 4.2 0.4
v 0.1 4.3 0.4
v 0.1 4.4 0.4
v 0.2 4.2 0.4
v 0.2 4.3 0.4
v 0.2 4.4 0.4
v 0.3 4.2 0.4
v 0.3 4.3 0.4
v 0.3 4.4 0.4
v 0.5 4.2 0.4
v 0.5 4.3 0.4
v 0.5 4.4 0.4
v 0.6 4.1 0.4
v 0.6 4.2 0.4
v 0.7 4 0.4
v 0.7 4.1 0.4
v 0.7 4.2 0.4
v 0.8 4 0.4
v 0.8 4.1 0.4
v -1.7 3.6 0.3
v -1.7 3.8 0.3
v -1.6 3.6 0.3
v -1.6 3.7 0.3
v -1.6 3.8 0.3
v -1.6 3.9 0.3
v -1.5 3.7 0.3
v -1.5 3.8 0.3
v -1.5 3.9 0.3
v -1.4 3.7 0.3
v -1.4 3.8 0.3
v -1.4 3.9 0.3
v 2.38419e-07 4.3 0.3
v 2.38419e-07 4.4 0.3
v 0.1 4.3 0.3
v 0.1 4.4 0.3
v 0.2 4.4 0.3
v 0.2 4.5 0.3
v 0.3 4.4 0.3
v 0.4 4.4 0.3
v 0.4 4.5 0.3
v 0.5 4.2 0.3
v 0.5 4.3 0.3
v 0.5 4.4 0.3
v 0.6 4.2 0.3
v 0.6 4.4 0.3
v 0.8 3.6 0.3
v 0.8 3.7 0.3
v 0.8 3.9 0.3
v 0.8 4 0.3
v 0.9 3.6 0.3
v 0.9 3.7 0.3
v 0.9 3.9 0.3
v 0.9 4 0.3
v -2 1.4 0.2
v -2 1.5 0.2
v -2 1.7 0.2
v -2 1.8 0.2
v -1.9 1.4 0.2
v -1.9 1.5 0.2
v -1.9 1.7 0.2
v -1.9 1.8 0.2
v -1.7 3.8 0.2
v -1.7 3.9 0.2
v -1.6 3.2 0.2
v -1.6 3.3 0.2
v -1.6 3.8 0.2
v -1.6 3.9 0.2
v -1.5 3.2 0.2
v -1.5 3.3 0.2
v -1.4 3.7 0.2
v -1.4 3.8 0.2
v -1.3 3.7 0.2
v -1.3 3.8 0.2
v -0.8 2.8 0.2
v -0.8 2.9 0.2
v -0.8 3.6 0.2
v -0.8 3.7 0.2
v -0.7 2.8 0.2
v -0.7 2.9 0.2
v -0.7 3.6 0.2
v -0.7 3.7 0.2
v -0.0999999 4.3 0.2
v -0.0999999 4.4 0.2
v 2.38419e-07 4.3 0.2
v 2.38419e-07 4.4 0.2
v 0.1 4.4 0.2
v 0.1 4.5 0.2
v 0.2 4.4 0.2
v 0.2 4.5 0.2
v 0.4 4.4 0.2
v 0.4 4.5 0.2
v 0.5 4.4 0.2
v 0.5 4.5 0.2
v 0.6 4.2 0.2
v 0.6 4.3 0.2
v 0.6 4.4 0.2
v 0.7 4.1 0.2
v 0.7 4.2 0.2
v 0.7 4.3 0.2
v 0.7 4.4 0.2
v 0.8 3 0.2
v 0.8 3.1 0.2
v 0.8 4.1 0.2
v 0.8 4.2 0.2
v 0.9 3 0.2
v 0.9 3.1 0.2
v 1.9 1.4 0.2
v 1.9 1.5 0.2
v 1.9 1.7 0.2
v 1.9 1.8 0.2
v 2 1.4 0.2
v 2 1.5 0.2
v 2 1.7 0.2
v 2 1.8 0.2
v -2 0.2 0.0999999
v -2 1.4 0.0999999
v -2 1.8 0.0999999
v -2 3 0.0999999
v -1.9 0.2 0.0999999
v -1.9 0.3 0.0999999
v -1.9 0.8 0.0999999
v -1.9 1.4 0.0999999
v -1.9 1.8 0.0999999
v -1.9 2.5 0.0999999
v -1.9 2.8 0.0999999
v -1.9 3 0.0999999
v -1.3 3.7 0.0999999
v -1.3 3.8 0.0999999
v -1.2 3.7 0.0999999
v -1.2 3.8 0.0999999
v -1.1 3.7 0.0999999
v -1.1 3.8 0.0999999
v -1 3.7 0.0999999
v -1 3.8 0.0999999
v -1 4 0.0999999
v -0.9 3.8 0.0999999
v -0.9 3.9 0.0999999
v -0.9 4 0.0999999
v -0.8 3.8 0.0999999
v -0.8 3.9 0.0999999
v -0.8 4 0.0999999
v 0.7 2.9 0.0999999
v 0.7 3 0.0999999
v 0.8 2.9 0.0999999
v 0.8 3 0.0999999
v 0.9 3.1 0.0999999
v 0.9 3.2 0.0999999
v 1 3.1 0.0999999
v 1 3.2 0.0999999
v 1.9 0.2 0.0999999
v 1.9 0.3 0.0999999
v 1.9 0.8 0.0999999
v 1.9 1.4 0.0999999
v 1.9 1.8 0.0999999
v 1.9 2.5 0.0999999
v 1.9 2.8 0.0999999
v 1.9 3 0.0999999
v 2 0.2 0.0999999
v 2 1.4 0.0999999
v 2 1.8 0.0999999
v 2 3 0.0999999
v -1.2 3.7 -2.38419e-07
v -1.2 3.8 -2.38419e-07
v -1.1 3.7 -2.38419e-07
v -1.1 3.8 -2.38419e-07
v -1.1 3.9 -2.38419e-07
v -1.1 4.1 -2.38419e-07
v -1 3.8 -2.38419e-07
v -1 3.9 -2.38419e-07
v -1 4 -2.38419e-07
v -1 4.1 -2.38419e-07
v -1 4.2 -2.38419e-07
v -0.9 2.8 -2.38419e-07
v -0.9 2.9 -2.38419e-07
v -0.9 4 -2.38419e-07
v -0.8 2.8 -2.38419e-07
v -0.8 2.9 -2.38419e-07
v -0.8 4 -2.38419e-07
v -0.8 4.1 -2.38419e-07
v -0.8 4.2 -2.38419e-07
v -0.8 4.3 -2.38419e-07
v -0.7 4 -2.38419e-07
v -0.7 4.1 -2.38419e-07
v -0.7 4.2 -2.38419e-07
v -0.7 4.3 -2.38419e-07
v -0.6 4.1 -2.38419e-07
v -0.6 4.2 -2.38419e-07
v -0.5 4.1 -2.38419e-07
v -0.5 4.2 -2.38419e-07
v 0.1 4.4 -2.38419e-07
v 0.1 4.5 -2.38419e-07
v 0.2 4.4 -2.38419e-07
v 0.2 4.5 -2.38419e-07
v 0.9 3.5 -2.38419e-07
v 0.9 3.6 -2.38419e-07
v 1 2.8 -2.38419e-07
v 1 2.9 -2.38419e-07
v 1.1 3.5 -2.38419e-07
v 1.1 3.6 -2.38419e-07
v 1.2 2.8 -2.38419e-07
v 1.2 2.9 -2.38419e-07
v 1.2 3.5 -2.38419e-07
v 1.2 3.6 -2.38419e-07
v 1.3 2.8 -2.38419e-07
v 1.3 2.9 -2.38419e-07
v 1.3 3.5 -2.38419e-07
v 1.3 3.6 -2.38419e-07
v 1.7 2.8 -2.38419e-07
v 1.7 2.9 -2.38419e-07
v -1.1 2.8 -0.1
v -1.1 2.9 -0.1
v -1 2.8 -0.1
v -1 2.9 -0.1
v -0.9 4.2 -0.1
v -0.9 4.3 -0.1
v -0.8 4.2 -0.1
v -0.8 4.3 -0.1
v -0.7 4.2 -0.1
v -0.7 4.3 -0.1
v -0.6 4.2 -0.1
v -0.6 4.3 -0.1
v 0.9 3.6 -0.1
v 0.9 3.7 -0.1
v 1 3.6 -0.1
v 1 3.7 -0.1
v 1.1 3.6 -0.1
v 1.2 2.8 -0.1
v 1.2 2.9 -0.1
v 1.2 3.6 -0.1
v 1.2 3.7 -0.1
v 1.3 2.8 -0.1
v 1.3 2.9 -0.1
v 1.3 3.5 -0.1
v 1.3 3.6 -0.1
v 1.4 3.5 -0.1
v 1.4 3.6 -0.1
v -0.0999999 2.8 -0.2
v -0.0999999 2.9 -0.2
v 2.38419e-07 2.8 -0.2
v 2.38419e-07 2.9 -0.2
v 1.2 3.6 -0.2
v 1.2 3.7 -0.2
v 1.3 3.6 -0.2
v 1.3 3.7 -0.2
v 1.4 3.3 -0.2
v 1.4 3.4 -0.2
v 1.4 3.5 -0.2
v 1.4 3.6 -0.2
v 1.5 3.3 -0.2
v 1.5 3.4 -0.2
v 1.5 3.6 -0.2
v -1.3 2.8 -0.3
v -1.3 2.9 -0.3
v -1.2 2.8 -0.3
v -1.2 2.9 -0.3
v -0.0999999 4.1 -0.3
v -0.0999999 4.2 -0.3
v 2.38419e-07 4.1 -0.3
v 2.38419e-07 4.2 -0.3
v 0.1 4.2 -0.3
v 0.1 4.3 -0.3
v 0.2 4.2 -0.3
v 0.2 4.3 -0.3
v 0.5 4.2 -0.3
v 0.5 4.3 -0.3
v 0.6 4.1 -0.3
v 0.6 4.2 -0.3
v 0.6 4.3 -0.3
v 0.7 4.1 -0.3
v 0.7 4.2 -0.3
v 0.9 3.7 -0.3
v 0.9 3.8 -0.3
v 1 3.7 -0.3
v 1 3.8 -0.3
v 1.1 3.7 -0.3
v 1.1 3.8 -0.3
v 1.2 3.7 -0.3
v 1.2 3.8 -0.3
v 1.3 3.6 -0.3
v 1.3 3.7 -0.3
v 1.4 3.6 -0.3
v 1.4 3.7 -0.3
v 1.5 3.2 -0.3
v 1.5 3.3 -0.3
v 1.5 3.4 -0.3
v 1.5 3.6 -0.3
v 1.6 3.2 -0.3
v 1.6 3.3 -0.3
v 1.6 3.6 -0.3
v 1.7 3.2 -0.3
v 1.7 3.3 -0.3
v -2 1.4 -0.4
v -2 1.5 -0.4
v -2 1.7 -0.4
v -2 1.8 -0.4
v -1.9 1.4 -0.4
v -1.9 1.5 -0.4
v -1.9 1.7 -0.4
v -1.9 1.8 -0.4
v 2.38419e-07 4.2 -0.4
v 2.38419e-07 4.3 -0.4
v 0.1 4.2 -0.4
v 0.1 4.3 -0.4
v 0.1 4.4 -0.4
v 0.2 4.3 -0.4
v 0.2 4.4 -0.4
v 0.4 4.3 -0.4
v 0.4 4.4 -0.4
v 0.5 4.3 -0.4
v 0.5 4.4 -0.4
v 0.7 3.7 -0.4
v 0.7 3.8 -0.4
v 0.8 3.7 -0.4
v 0.8 3.8 -0.4
v 0.9 3.7 -0.4
v 0.9 3.8 -0.4
v 1.2 3.7 -0.4
v 1.2 3.8 -0.4
v 1.3 3.7 -0.4
v 1.3 3.8 -0.4
v 1.6 3.3 -0.4
v 1.6 3.4 -0.4
v 1.6 3.5 -0.4
v 1.7 3.3 -0.4
v 1.7 3.4 -0.4
v 1.7 3.5 -0.4
v 1.9 1.4 -0.4
v 1.9 1.5 -0.4
v 1.9 1.7 -0.4
v 1.9 1.8 -0.4
v 2 1.4 -0.4
v 2 1.5 -0.4
v 2 1.7 -0.4
v 2 1.8 -0.4
v -2 1.3 -0.5
v -2 1.4 -0.5
v -2 1.8 -0.5
v -2 1.9 -0.5
v -1.9 1.3 -0.5
v -1.9 1.4 -0.5
v -1.9 1.8 -0.5
v -1.9 1.9 -0.5
v -1.2 3.6 -0.5
v -1.2 3.7 -0.5
v -1.1 3.6 -0.5
v -1.1 3.7 -0.5
v -0.9 3.8 -0.5
v -0.9 3.9 -0.5
v -0.9 4 -0.5
v -0.8 3.8 -0.5
v -0.8 3.9 -0.5
v -0.8 4 -0.5
v -0.8 4.2 -0.5
v -0.7 4 -0.5
v -0.7 4.2 -0.5
v -0.6 4 -0.5
v -0.6 4.2 -0.5
v 0.7 3.8 -0.5
v 0.7 4 -0.5
v 0.7 4.1 -0.5
v 0.8 3.8 -0.5
v 0.8 4 -0.5
v 0.8 4.1 -0.5
v 0.9 3.8 -0.5
v 0.9 4 -0.5
v 1.9 1.3 -0.5
v 1.9 1.4 -0.5
v 1.9 1.8 -0.5
v 1.9 1.9 -0.5
v 2 1.3 -0.5
v 2 1.4 -0.5
v 2 1.8 -0.5
v 2 1.9 -0.5
v -2 1.2 -0.6
v -2 1.3 -0.6
v -2 1.9 -0.6
v -2 2 -0.6
v -1.9 1.2 -0.6
v -1.9 1.3 -0.6
v -1.9 1.9 -0.6
v -1.9 2 -0.6
v -1.5 3.2 -0.6
v -1.5 3.3 -0.6
v -1.4 3.2 -0.6
v -1.4 3.3 -0.6
v -1.3 3.3 -0.6
v -1.3 3.5 -0.6
v -1.2 3.3 -0.6
v -1.2 3.5 -0.6
v -1.1 3.7 -0.6
v -1.1 3.8 -0.6
v -1 3.7 -0.6
v -1 3.8 -0.6
v -1 3.9 -0.6
v -1 4 -0.6
v -0.9 3.8 -0.6
v -0.9 3.9 -0.6
v -0.9 4 -0.6
v -0.9 4.2 -0.6
v -0.9 4.3 -0.6
v -0.8 4 -0.6
v -0.8 4.2 -0.6
v -0.7 4.2 -0.6
v -0.7 4.3 -0.6
v -0.6 4 -0.6
v -0.6 4.2 -0.6
v -0.6 4.3 -0.6
v -0.5 4 -0.6
v -0.5 4.2 -0.6
v 0.9 3.8 -0.6
v 0.9 3.9 -0.6
v 0.9 4 -0.6
v 1 3.8 -0.6
v 1 3.9 -0.6
v 1 4 -0.6
v 1.5 3 -0.6
v 1.5 3.1 -0.6
v 1.6 3.1 -0.6
v 1.7 3 -0.6
v 1.7 3.1 -0.6
v 1.9 1.2 -0.6
v 1.9 1.3 -0.6
v 1.9 1.9 -0.6
v 1.9 2 -0.6
v 2 1.2 -0.6
v 2 1.3 -0.6
v 2 1.9 -0.6
v 2 2 -0.6
v -2 1.1 -0.7
v -2 1.2 -0.7
v -2 2 -0.7
v -2 2.1 -0.7
v -1.9 1.1 -0.7
v -1.9 1.2 -0.7
v -1.9 2 -0.7
v -1.9 2.1 -0.7
v -1.6 3.2 -0.7
v -1.6 3.3 -0.7
v -1.5 3.2 -0.7
v -1.5 3.3 -0.7
v -1.4 3.3 -0.7
v -1.4 3.5 -0.7
v -1.3 3.3 -0.7
v -1.3 3.5 -0.7
v -0.5 3.9 -0.7
v -0.5 4 -0.7
v -0.4 3.9 -0.7
v -0.3 3.9 -0.7
v -0.3 4 -0.7
v 1.9 1.1 -0.7
v 1.9 1.2 -0.7
v 1.9 2 -0.7
v 1.9 2.1 -0.7
v 2 1.1 -0.7
v 2 1.2 -0.7
v 2 2 -0.7
v 2 2.1 -0.7
v -2 1 -0.8
v -2 1.1 -0.8
v -2 2.1 -0.8
v -2 2.2 -0.8
v -1.9 1 -0.8
v -1.9 1.1 -0.8
v -1.9 2.1 -0.8
v -1.9 2.2 -0.8
v -1.5 3.3 -0.8
v -1.5 3.4 -0.8
v -1.5 3.5 -0.8
v -1.4 3.3 -0.8
v -1.4 3.4 -0.8
v -1.4 3.5 -0.8
v -0.3 3.9 -0.8
v -0.3 4 -0.8
v -0.0999999 3.9 -0.8
v -0.0999999 4 -0.8
v 1.9 1 -0.8
v 1.9 1.1 -0.8
v 1.9 2.1 -0.8
v 1.9 2.2 -0.8
v 2 1 -0.8
v 2 1.1 -0.8
v 2 2.1 -0.8
v 2 2.2 -0.8
v -2 0.9 -0.9
v -2 1 -0.9
v -2 2.2 -0.9
v -2 2.3 -0.9
v -1.9 0.9 -0.9
v -1.9 1 -0.9
v -1.9 2.2 -0.9
v -1.9 2.3 -0.9
v -1.4 3.5 -0.9
v -1.4 3.6 -0.9
v -1.2 3.5 -0.9
v -1.2 3.6 -0.9
v 1.4 3.2 -0.9
v 1.4 3.4 -0.9
v 1.5 3.2 -0.9
v 1.5 3.4 -0.9
v 1.9 0.9 -0.9
v 1.9 1 -0.9
v 1.9 2.2 -0.9
v 1.9 2.3 -0.9
v 2 0.9 -0.9
v 2 1 -0.9
v 2 2.2 -0.9
v 2 2.3 -0.9
v -2 0.8 -1
v -2 0.9 -1
v -2 2.3 -1
v -2 2.4 -1
v -1.9 0.8 -1
v -1.9 0.9 -1
v -1.9 2.3 -1
v -1.9 2.4 -1
v -1.7 3.2 -1
v -1.7 3.3 -1
v -1.6 3.2 -1
v -1.6 3.3 -1
v -1.5 3.5 -1
v -1.5 3.6 -1
v -1.4 3.5 -1
v -1.4 3.6 -1
v -0.4 3.1 -1
v -0.4 3.2 -1
v -0.3 3.1 -1
v -0.3 3.2 -1
v 1.1 3.6 -1
v 1.1 3.7 -1
v 1.2 3.3 -1
v 1.2 3.6 -1
v 1.2 3.7 -1
v 1.3 3.2 -1
v 1.3 3.3 -1
v 1.4 3.2 -1
v 1.4 3.4 -1
v 1.4 3.6 -1
v 1.5 3.2 -1
v 1.5 3.3 -1
v 1.5 3.4 -1
v 1.6 3.3 -1
v 1.6 3.4 -1
v 1.7 3.2 -1
v 1.7 3.3 -1
v 1.7 3.4 -1
v 1.9 0.8 -1
v 1.9 0.9 -1
v 1.9 2.3 -1
v 1.9 2.4 -1
v 2 0.8 -1
v 2 0.9 -1
v 2 2.3 -1
v 2 2.4 -1
v -2 0.7 -1.1
v -2 0.8 -1.1
v -2 2.4 -1.1
v -2 2.5 -1.1
v -1.9 0.7 -1.1
v -1.9 0.8 -1.1
v -1.9 2.4 -1.1
v -1.9 2.5 -1.1
v -1.6 3.3 -1.1
v -1.6 3.6 -1.1
v -1.5 3.3 -1.1
v -1.5 3.6 -1.1
v -1.5 3.8 -1.1
v -1.4 3.6 -1.1
v -1.4 3.7 -1.1
v -1.3 2.8 -1.1
v -1.3 2.9 -1.1
v -1.2 2.8 -1.1
v -1.2 2.9 -1.1
v -1.2 3.7 -1.1
v -1.2 3.8 -1.1
v -1.2 3.9 -1.1
v -1.1 2.9 -1.1
v -1.1 3 -1.1
v -1.1 3.6 -1.1
v -1.1 3.7 -1.1
v -1.1 3.8 -1.1
v -1.1 3.9 -1.1
v -1 2.9 -1.1
v -1 3 -1.1
v -1 3.6 -1.1
v -1 3.7 -1.1
v -0.8 2.9 -1.1
v -0.8 3 -1.1
v -0.6 2.9 -1.1
v -0.6 3 -1.1
v -0.4 2.8 -1.1
v -0.4 2.9 -1.1
v -0.3 2.8 -1.1
v -0.3 2.9 -1.1
v 1.2 3.6 -1.1
v 1.2 3.7 -1.1
v 1.4 3.4 -1.1
v 1.4 3.5 -1.1
v 1.4 3.6 -1.1
v 1.4 3.7 -1.1
v 1.5 3.4 -1.1
v 1.5 3.5 -1.1
v 1.9 0.7 -1.1
v 1.9 0.8 -1.1
v 1.9 2.4 -1.1
v 1.9 2.5 -1.1
v 2 0.7 -1.1
v 2 0.8 -1.1
v 2 2.4 -1.1
v 2 2.5 -1.1
v -2 0.6 -1.2
v -2 0.7 -1.2
v -2 2.5 -1.2
v -2 2.6 -1.2
v -1.9 0.6 -1.2
v -1.9 0.7 -1.2
v -1.9 2.5 -1.2
v -1.9 2.6 -1.2
v -1.8 3.2 -1.2
v -1.8 3.3 -1.2
v -1.7 3.2 -1.2
v -1.7 3.3 -1.2
v -1.7 3.5 -1.2
v -1.6 3.3 -1.2
v -1.6 3.5 -1.2
v -1.6 3.6 -1.2
v -1.6 3.7 -1.2
v -1.5 3.6 -1.2
v -1.5 3.7 -1.2
v -1.5 3.8 -1.2
v -1.5 3.9 -1.2
v -1.3 3.8 -1.2
v -1.3 3.9 -1.2
v -1.2 3.8 -1.2
v -1.2 3.9 -1.2
v -1.1 3.7 -1.2
v -1.1 3.8 -1.2
v -1 3.7 -1.2
v -1 3.8 -1.2
v -0.6 3.1 -1.2
v -0.6 3.2 -1.2
v -0.5 3.1 -1.2
v -0.5 3.2 -1.2
v -0.5 3.3 -1.2
v -0.4 3.2 -1.2
v -0.4 3.3 -1.2
v 1.4 3.5 -1.2
v 1.4 3.7 -1.2
v 1.5 3.4 -1.2
v 1.5 3.5 -1.2
v 1.5 3.7 -1.2
v 1.6 2.8 -1.2
v 1.6 2.9 -1.2
v 1.6 3.4 -1.2
v 1.6 3.5 -1.2
v 1.7 2.8 -1.2
v 1.7 2.9 -1.2
v 1.9 0.6 -1.2
v 1.9 0.7 -1.2
v 1.9 2.5 -1.2
v 1.9 2.6 -1.2
v 2 0.6 -1.2
v 2 0.7 -1.2
v 2 2.5 -1.2
v 2 2.6 -1.2
v -2 0.5 -1.3
v -2 0.6 -1.3
v -2 2.6 -1.3
v -2 2.7 -1.3
v -1.9 0.5 -1.3
v -1.9 0.6 -1.3
v -1.9 2.6 -1.3
v -1.9 2.7 -1.3
v -0.9 2.9 -1.3
v -0.9 3 -1.3
v -0.8 2.9 -1.3
v -0.8 3 -1.3
v 1 3.7 -1.3
v 1 3.8 -1.3
v 1.1 3.7 -1.3
v 1.1 3.8 -1.3
v 1.2 3.7 -1.3
v 1.3 3.7 -1.3
v 1.3 3.8 -1.3
v 1.5 3.5 -1.3
v 1.5 3.6 -1.3
v 1.6 3.4 -1.3
v 1.6 3.5 -1.3
v 1.6 3.6 -1.3
v 1.7 3.4 -1.3
v 1.7 3.5 -1.3
v 1.9 0.5 -1.3
v 1.9 0.6 -1.3
v 1.9 2.6 -1.3
v 1.9 2.7 -1.3
v 2 0.5 -1.3
v 2 0.6 -1.3
v 2 2.6 -1.3
v 2 2.7 -1.3
v -2 0.4 -1.4
v -2 0.5 -1.4
v -2 2.7 -1.4
v -2 2.8 -1.4
v -1.9 0.4 -1.4
v -1.9 0.5 -1.4
v -1.9 2.7 -1.4
v -1.9 2.8 -1.4
v -0.8 3 -1.4
v -0.8 3.1 -1.4
v -0.7 3 -1.4
v -0.7 3.1 -1.4
v 0.9 3.5 -1.4
v 0.9 3.8 -1.4
v 1 3.5 -1.4
v 1 3.8 -1.4
v 1.9 0.4 -1.4
v 1.9 0.5 -1.4
v 1.9 2.7 -1.4
v 1.9 2.8 -1.4
v 2 0.4 -1.4
v 2 0.5 -1.4
v 2 2.7 -1.4
v 2 2.8 -1.4
v -2 0.3 -1.5
v -2 0.4 -1.5
v -2 2.8 -1.5
v -2 2.9 -1.5
v -1.9 0.3 -1.5
v -1.9 0.4 -1.5
v -1.9 2.8 -1.5
v -1.9 2.9 -1.5
v -0.7 3 -1.5
v -0.7 3.1 -1.5
v -0.7 3.2 -1.5
v -0.6 3 -1.5
v -0.6 3.1 -1.5
v -0.6 3.2 -1.5
v 1.9 0.3 -1.5
v 1.9 0.4 -1.5
v 1.9 2.8 -1.5
v 1.9 2.9 -1.5
v 2 0.3 -1.5
v 2 0.4 -1.5
v 2 2.8 -1.5
v 2 2.9 -1.5
v -2 0.2 -1.6
v -2 0.3 -1.6
v -2 2.9 -1.6
v -2 3 -1.6
v -1.9 0.2 -1.6
v -1.9 0.3 -1.6
v -1.9 2.9 -1.6
v -1.9 3 -1.6
v -0.9 3.1 -1.6
v -0.9 3.2 -1.6
v -0.8 3.1 -1.6
v -0.8 3.2 -1.6
v -0.7 3.1 -1.6
v -0.7 3.2 -1.6
v -0.6 2.9 -1.6
v -0.6 3.1 -1.6
v -0.5 2.9 -1.6
v -0.5 3.1 -1.6
v 1.9 0.2 -1.6
v 1.9 0.3 -1.6
v 1.9 2.9 -1.6
v 1.9 3 -1.6
v 2 0.2 -1.6
v 2 0.3 -1.6
v 2 2.9 -1.6
v 2 3 -1.6
v -1.7 2.8 -1.7
v -1.7 3.1 -1.7
v -1.2 2.8 -1.7
v -1.2 2.9 -1.7
v -0.8 2.9 -1.7
v -0.8 3.1 -1.7
v -0.5 2.9 -1.7
v -0.5 3 -1.7
v -0.5 3.1 -1.7
v -0.4 2.8 -1.7
v -0.4 2.9 -1.7
v -0.4 3 -1.7
v -0.4 3.1 -1.7
v -0.3 2.8 -1.7
v -0.3 2.9 -1.7
v -0.3 3 -1.7
v -0.3 3.1 -1.7
v -0.2 2.8 -1.7
v -0.2 2.9 -1.7
v -0.0999999 2.8 -1.7
v -0.0999999 2.9 -1.7
v 0.1 3 -1.7
v 0.1 3.1 -1.7
v 0.2 3 -1.7
v 0.2 3.1 -1.7
v 0.4 3 -1.7
v 0.4 3.1 -1.7
v 0.4 3.2 -1.7
v 0.8 3 -1.7
v 0.8 3.1 -1.7
v 0.9 3.1 -1.7
v 0.9 3.2 -1.7
v 1.6 2.8 -1.7
v 1.6 3 -1.7
v 1.7 2.8 -1.7
v 1.7 3 -1.7
v -2 0.4 -1.8
v -2 2.8 -1.8
v -1.9 0.4 -1.8
v -1.9 2.8 -1.8
v 1.9 0.4 -1.8
v 1.9 2.8 -1.8
v 2 0.4 -1.8
v 2 2.8 -1.8
v -2 0.4 1.8
v -2 2.8 1.8
v -1.9 0.4 1.8
v -1.9 2.8 1.8
v -1.8 0.2 1.8
v -1.8 3 1.8
v -1.7 0.9 1.8
v -1.7 1.3 1.8
v -1.6 0.6 1.8
v -1.6 0.9 1.8
v -1.6 1.3 1.8
v -1.6 2.3 1.8
v -1.5 0.4 1.8
v -1.5 0.6 1.8
v -1.5 1.1 1.8
v -1.5 2.1 1.8
v -1.5 2.3 1.8
v -1.5 2.8 1.8
v -1.4 0.3 1.8
v -1.4 0.4 1.8
v -1.4 0.7 1.8
v -1.4 1.1 1.8
v -1.4 2.1 1.8
v -1.4 2.4 1.8
v -1.4 2.8 1.8
v -1.4 2.9 1.8
v -1.3 0.6 1.8
v -1.3 0.7 1.8
v -1.3 2.4 1.8
v -1.3 2.6 1.8
v -1.1 0.6 1.8
v -1.1 0.7 1.8
v -1.1 2.4 1.8
v -1.1 2.6 1.8
v -1 0.3 1.8
v -1 0.4 1.8
v -1 0.7 1.8
v -1 1.1 1.8
v -1 1.8 1.8
v -1 2.4 1.8
v -1 2.7 1.8
v -1 2.9 1.8
v -0.9 0.4 1.8
v -0.9 0.8 1.8
v -0.9 1.1 1.8
v -0.9 1.8 1.8
v -0.9 2.2 1.8
v -0.9 2.7 1.8
v -0.8 0.8 1.8
v -0.8 2.2 1.8
v -0.5 1.1 1.8
v -0.5 2.1 1.8
v -0.4 0.6 1.8
v -0.4 1.1 1.8
v -0.4 2.1 1.8
v -0.4 2.4 1.8
v -0.3 0.4 1.8
v -0.3 0.6 1.8
v -0.3 1.2 1.8
v -0.3 2.2 1.8
v -0.3 2.4 1.8
v -0.3 2.8 1.8
v -0.2 0.3 1.8
v -0.2 0.4 1.8
v -0.2 0.8 1.8
v -0.2 1.2 1.8
v -0.2 2.2 1.8
v -0.2 2.4 1.8
v -0.0999999 0.7 1.8
v -0.0999999 0.8 1.8
v -0.0999999 2.4 1.8
v -0.0999999 2.7 1.8
v -0.0999999 2.8 1.8
v -0.0999999 2.9 1.8
v 0.1 0.7 1.8
v 0.1 0.8 1.8
v 0.1 2.5 1.8
v 0.1 2.7 1.8
v 0.1 2.8 1.8
v 0.1 2.9 1.8
v 0.1 3 1.8
v 0.2 0.3 1.8
v 0.2 0.4 1.8
v 0.2 0.8 1.8
v 0.2 1.2 1.8
v 0.2 2.1 1.8
v 0.2 2.5 1.8
v 0.3 0.4 1.8
v 0.3 0.8 1.8
v 0.3 1.2 1.8
v 0.3 2.1 1.8
v 0.3 2.5 1.8
v 0.3 2.8 1.8
v 0.3 3 1.8
v 0.4 0.8 1.8
v 0.4 1.3 1.8
v 0.4 2.1 1.8
v 0.4 2.5 1.8
v 0.5 1.3 1.8
v 0.5 2.1 1.8
v 0.8 1 1.8
v 0.8 2.2 1.8
v 0.9 0.6 1.8
v 0.9 1 1.8
v 0.9 2.2 1.8
v 0.9 2.7 1.8
v 1 0.4 1.8
v 1 0.6 1.8
v 1 1.1 1.8
v 1 2.1 1.8
v 1 2.7 1.8
v 1 2.9 1.8
v 1.1 0.3 1.8
v 1.1 0.4 1.8
v 1.1 0.6 1.8
v 1.1 1.1 1.8
v 1.1 2.1 1.8
v 1.1 2.6 1.8
v 1.3 0.3 1.8
v 1.3 0.4 1.8
v 1.3 0.6 1.8
v 1.3 0.7 1.8
v 1.3 2.4 1.8
v 1.3 2.6 1.8
v 1.4 0.4 1.8
v 1.4 0.6 1.8
v 1.4 0.7 1.8
v 1.4 1.2 1.8
v 1.4 2 1.8
v 1.4 2.4 1.8
v 1.4 2.8 1.8
v 1.4 2.9 1.8
v 1.5 0.6 1.8
v 1.5 1 1.8
v 1.5 1.2 1.8
v 1.5 2 1.8
v 1.5 2.3 1.8
v 1.5 2.8 1.8
v 1.6 1 1.8
v 1.6 1.5 1.8
v 1.6 1.9 1.8
v 1.6 2.3 1.8
v 1.7 0.2 1.8
v 1.7 1.5 1.8
v 1.7 1.9 1.8
v 1.7 3 1.8
v 1.9 0.4 1.8
v 1.9 2.8 1.8
v 2 0.4 1.8
v 2 2.8 1.8
v -0.6 3.1 1.7
v -0.6 3.2 1.7
v -0.5 3.1 1.7
v -0.5 3.2 1.7
v -2 0.2 1.6
v -2 0.3 1.6
v -2 2.9 1.6
v -2 3 1.6
v -1.9 0.2 1.6
v -1.9 0.3 1.6
v -1.9 2.9 1.6
v -1.9 3 1.6
v 0.7 2.9 1.6
v 0.7 3 1.6
v 1 2.9 1.6
v 1 3 1.6
v 1.9 0.2 1.6
v 1.9 0.3 1.6
v 1.9 2.9 1.6
v 1.9 3 1.6
v 2 0.2 1.6
v 2 0.3 1.6
v 2 2.9 1.6
v 2 3 1.6
v -2 0.3 1.5
v -2 0.4 1.5
v -2 2.8 1.5
v -2 2.9 1.5
v -1.9 0.3 1.5
v -1.9 0.4 1.5
v -1.9 2.8 1.5
v -1.9 2.9 1.5
v -1.1 3.4 1.5
v -1.1 3.5 1.5
v -1 3.4 1.5
v -1 3.5 1.5
v 1.9 0.3 1.5
v 1.9 0.4 1.5
v 1.9 2.8 1.5
v 1.9 2.9 1.5
v 2 0.3 1.5
v 2 0.4 1.5
v 2 2.8 1.5
v 2 2.9 1.5
v -2 0.4 1.4
v -2 0.5 1.4
v -2 2.7 1.4
v -2 2.8 1.4
v -1.9 0.4 1.4
v -1.9 0.5 1.4
v -1.9 2.7 1.4
v -1.9 2.8 1.4
v -1.6 3.5 1.4
v -1.6 3.6 1.4
v -1.6 3.7 1.4
v -1.5 3.5 1.4
v -1.5 3.6 1.4
v -1.5 3.7 1.4
v -1.2 3.5 1.4
v -1.2 3.6 1.4
v -1.1 3.5 1.4
v -1.1 3.6 1.4
v 0.6 3.3 1.4
v 0.6 3.5 1.4
v 0.7 3.3 1.4
v 0.7 3.5 1.4
v 0.9 3.5 1.4
v 0.9 3.6 1.4
v 1 3.5 1.4
v 1 3.6 1.4
v 1.9 0.4 1.4
v 1.9 0.5 1.4
v 1.9 2.7 1.4
v 1.9 2.8 1.4
v 2 0.4 1.4
v 2 0.5 1.4
v 2 2.7 1.4
v 2 2.8 1.4
v -2 0.5 1.3
v -2 0.6 1.3
v -2 2.6 1.3
v -2 2.7 1.3
v -1.9 0.5 1.3
v -1.9 0.6 1.3
v -1.9 2.6 1.3
v -1.9 2.7 1.3
v -1.5 3.5 1.3
v -1.5 3.6 1.3
v -1.5 3.7 1.3
v -1.4 3.5 1.3
v -1.4 3.6 1.3
v -1.4 3.7 1.3
v -1.3 3.5 1.3
v -1.3 3.6 1.3
v -1.3 3.7 1.3
v -1.2 3.5 1.3
v -1.2 3.6 1.3
v -1.2 3.7 1.3
v -0.4 3.1 1.3
v -0.4 3.3 1.3
v -0.3 3.2 1.3
v -0.3 3.3 1.3
v -0.2 3.1 1.3
v -0.2 3.2 1.3
v 0.7 3.2 1.3
v 0.7 3.3 1.3
v 0.7 3.4 1.3
v 0.7 3.5 1.3
v 0.8 3.2 1.3
v 0.8 3.3 1.3
v 0.8 3.4 1.3
v 0.8 3.5 1.3
v 1 3.5 1.3
v 1 3.6 1.3
v 1.1 3.5 1.3
v 1.1 3.6 1.3
v 1.9 0.5 1.3
v 1.9 0.6 1.3
v 1.9 2.6 1.3
v 1.9 2.7 1.3
v 2 0.5 1.3
v 2 0.6 1.3
v 2 2.6 1.3
v 2 2.7 1.3
v -2 0.6 1.2
v -2 0.7 1.2
v -2 2.5 1.2
v -2 2.6 1.2
v -1.9 0.6 1.2
v -1.9 0.7 1.2
v -1.9 2.5 1.2
v -1.9 2.6 1.2
v -1.7 3.3 1.2
v -1.7 3.4 1.2
v -1.7 3.5 1.2
v -1.6 3.3 1.2
v -1.6 3.4 1.2
v -1.6 3.5 1.2
v -1.4 3.5 1.2
v -1.4 3.6 1.2
v -1.4 3.7 1.2
v -1.3 3.5 1.2
v -1.3 3.6 1.2
v -1.3 3.7 1.2
v 1.1 3.5 1.2
v 1.1 3.6 1.2
v 1.2 3.5 1.2
v 1.2 3.6 1.2
v 1.2 3.7 1.2
v 1.3 3.6 1.2
v 1.4 3.6 1.2
v 1.6 3.6 1.2
v 1.6 3.7 1.2
v 1.7 3.2 1.2
v 1.7 3.3 1.2
v 1.7 3.4 1.2
v 1.8 3.2 1.2
v 1.8 3.4 1.2
v 1.9 0.6 1.2
v 1.9 0.7 1.2
v 1.9 2.5 1.2
v 1.9 2.6 1.2
v 2 0.6 1.2
v 2 0.7 1.2
v 2 2.5 1.2
v 2 2.6 1.2
v -2 0.7 1.1
v -2 0.8 1.1
v -2 2.4 1.1
v -2 2.5 1.1
v -1.9 0.7 1.1
v -1.9 0.8 1.1
v -1.9 2.4 1.1
v -1.9 2.5 1.1
v 1.2 3.5 1.1
v 1.2 3.6 1.1
v 1.3 3.5 1.1
v 1.3 3.6 1.1
v 1.4 3.5 1.1
v 1.4 3.6 1.1
v 1.6 3.2 1.1
v 1.6 3.3 1.1
v 1.6 3.4 1.1
v 1.6 3.5 1.1
v 1.6 3.6 1.1
v 1.7 3.2 1.1
v 1.7 3.3 1.1
v 1.7 3.5 1.1
v 1.9 0.7 1.1
v 1.9 0.8 1.1
v 1.9 2.4 1.1
v 1.9 2.5 1.1
v 2 0.7 1.1
v 2 0.8 1.1
v 2 2.4 1.1
v 2 2.5 1.1
v -2 0.8 1
v -2 0.9 1
v -2 2.3 1
v -2 2.4 1
v -1.9 0.8 1
v -1.9 0.9 1
v -1.9 2.3 1
v -1.9 2.4 1
v -1.6 3.4 1
v -1.6 3.5 1
v -1.5 3.4 1
v -1.5 3.5 1
v 2.38419e-07 4 1
v 2.38419e-07 4.1 1
v 0.1 4 1
v 0.1 4.1 1
v 1.5 3.3 1
v 1.5 3.4 1
v 1.5 3.5 1
v 1.6 3.3 1
v 1.6 3.4 1
v 1.6 3.5 1
v 1.9 0.8 1
v 1.9 0.9 1
v 1.9 2.3 1
v 1.9 2.4 1
v 2 0.8 1
v 2 0.9 1
v 2 2.3 1
v 2 2.4 1
v -2 0.9 0.9
v -2 1 0.9
v -2 2.2 0.9
v -2 2.3 0.9
v -1.9 0.9 0.9
v -1.9 1 0.9
v -1.9 2.2 0.9
v -1.9 2.3 0.9
v -1.7 2.9 0.9
v -1.7 3.2 0.9
v -1.6 3.1 0.9
v -1.6 3.2 0.9
v -1.5 2.9 0.9
v -1.5 3.1 0.9
v -1.1 2.9 0.9
v -1.1 3 0.9
v -1 2.9 0.9
v -1 3 0.9
v 0.1 4 0.9
v 0.1 4.1 0.9
v 0.2 4 0.9
v 0.3 4 0.9
v 0.3 4.1 0.9
v 1.5 2.9 0.9
v 1.5 3 0.9
v 1.7 2.9 0.9
v 1.7 3 0.9
v 1.9 0.9 0.9
v 1.9 1 0.9
v 1.9 2.2 0.9
v 1.9 2.3 0.9
v 2 0.9 0.9
v 2 1 0.9
v 2 2.2 0.9
v 2 2.3 0.9
v -2 1 0.8
v -2 1.1 0.8
v -2 2.1 0.8
v -2 2.2 0.8
v -1.9 1 0.8
v -1.9 1.1 0.8
v -1.9 2.1 0.8
v -1.9 2.2 0.8
v -1.6 3.1 0.8
v -1.6 3.2 0.8
v -1.6 3.3 0.8
v -1.6 3.4 0.8
v -1.5 3.1 0.8
v -1.5 3.2 0.8
v -1.5 3.3 0.8
v -1.5 3.4 0.8
v -1.4 3.2 0.8
v -1.4 3.3 0.8
v -1.3 3.1 0.8
v -1.3 3.3 0.8
v -1.2 2.9 0.8
v -1.2 3 0.8
v -1.1 2.9 0.8
v -1.1 3 0.8
v 1.9 1 0.8
v 1.9 1.1 0.8
v 1.9 2.1 0.8
v 1.9 2.2 0.8
v 2 1 0.8
v 2 1.1 0.8
v 2 2.1 0.8
v 2 2.2 0.8
v -2 1.1 0.7
v -2 1.2 0.7
v -2 2 0.7
v -2 2.1 0.7
v -1.9 1.1 0.7
v -1.9 1.2 0.7
v -1.9 2 0.7
v -1.9 2.1 0.7
v -1.5 2.9 0.7
v -1.5 3 0.7
v -1.4 2.9 0.7
v -1.4 3 0.7
v 1.9 1.1 0.7
v 1.9 1.2 0.7
v 1.9 2 0.7
v 1.9 2.1 0.7
v 2 1.1 0.7
v 2 1.2 0.7
v 2 2 0.7
v 2 2.1 0.7
v -2 1.2 0.6
v -2 1.3 0.6
v -2 1.9 0.6
v -2 2 0.6
v -1.9 1.2 0.6
v -1.9 1.3 0.6
v -1.9 1.9 0.6
v -1.9 2 0.6
v -0.0999999 2.8 0.6
v -0.0999999 2.9 0.6
v 2.38419e-07 2.8 0.6
v 2.38419e-07 2.9 0.6
v 1.9 1.2 0.6
v 1.9 1.3 0.6
v 1.9 1.9 0.6
v 1.9 2 0.6
v 2 1.2 0.6
v 2 1.3 0.6
v 2 1.9 0.6
v 2 2 0.6
v -2 1.3 0.5
v -2 1.4 0.5
v -2 1.8 0.5
v -2 1.9 0.5
v -1.9 1.3 0.5
v -1.9 1.4 0.5
v -1.9 1.8 0.5
v -1.9 1.9 0.5
v -1.7 2.9 0.5
v -1.7 3.1 0.5
v -1.6 2.9 0.5
v -1.6 3.1 0.5
v -1.6 3.2 0.5
v -1.6 3.3 0.5
v -1.5 3.2 0.5
v -1.5 3.3 0.5
v -1.2 4.1 0.5
v -1.2 4.2 0.5
v -1.1 4.1 0.5
v -1.1 4.2 0.5
v 1.9 1.3 0.5
v 1.9 1.4 0.5
v 1.9 1.8 0.5
v 1.9 1.9 0.5
v 2 1.3 0.5
v 2 1.4 0.5
v 2 1.8 0.5
v 2 1.9 0.5
v -2 1.4 0.4
v -2 1.5 0.4
v -2 1.7 0.4
v -2 1.8 0.4
v -1.9 1.4 0.4
v -1.9 1.5 0.4
v -1.9 1.7 0.4
v -1.9 1.8 0.4
v -1.4 3.7 0.4
v -1.4 3.9 0.4
v -1.4 4.1 0.4
v -1.3 3.7 0.4
v -1.3 3.9 0.4
v -1.3 4.1 0.4
v -1.1 4.1 0.4
v -1.1 4.2 0.4
v -1 4.1 0.4
v -1 4.2 0.4
v -0.8 2.8 0.4
v -0.8 2.9 0.4
v -0.8 4.1 0.4
v -0.8 4.2 0.4
v -0.7 2.8 0.4
v -0.7 2.9 0.4
v -0.5 4.3 0.4
v -0.5 4.4 0.4
v -0.4 4.3 0.4
v -0.4 4.4 0.4
v 0.8 3.6 0.4
v 0.8 3.7 0.4
v 0.9 3.6 0.4
v 0.9 3.7 0.4
v 1 2.8 0.4
v 1 2.9 0.4
v 1.1 2.8 0.4
v 1.1 2.9 0.4
v 1.9 1.4 0.4
v 1.9 1.5 0.4
v 1.9 1.7 0.4
v 1.9 1.8 0.4
v 2 1.4 0.4
v 2 1.5 0.4
v 2 1.7 0.4
v 2 1.8 0.4
v -1.3 3.7 0.3
v -1.3 3.9 0.3
v -1.3 4.1 0.3
v -1.2 3.7 0.3
v -1.2 3.8 0.3
v -1.2 3.9 0.3
v -1.1 3.9 0.3
v -1.1 4.1 0.3
v -0.8 3.6 0.3
v -0.8 3.7 0.3
v -0.8 4.1 0.3
v -0.8 4.2 0.3
v -0.7 3.6 0.3
v -0.7 3.7 0.3
v -0.7 4.1 0.3
v -0.7 4.2 0.3
v -0.6 4.1 0.3
v -0.6 4.2 0.3
v -0.3 4.3 0.3
v -0.3 4.4 0.3
v -0.2 4.3 0.3
v -0.2 4.4 0.3
v 0.7 2.9 0.3
v 0.7 3 0.3
v 0.8 2.9 0.3
v 0.8 3 0.3
v 0.8 3.1 0.3
v 0.9 3 0.3
v 0.9 3.1 0.3
v 0.9 3.5 0.3
v 0.9 3.7 0.3
v 1 3.5 0.3
v 1 3.7 0.3
v 1 3.8 0.3
v 1.1 3.7 0.3
v 1.1 3.8 0.3
v 1.5 3.7 0.3
v 1.5 3.8 0.3
v 1.6 3.6 0.3
v 1.6 3.7 0.3
v 1.6 3.8 0.3
v 1.7 3.4 0.3
v 1.7 3.5 0.3
v 1.7 3.6 0.3
v 1.7 3.7 0.3
v 1.8 3.4 0.3
v 1.8 3.5 0.3
v -1.9 3.2 0.2
v -1.9 3.3 0.2
v -1.8 3.2 0.2
v -1.8 3.3 0.2
v -1.8 3.4 0.2
v -1.8 3.5 0.2
v -1.8 3.6 0.2
v -1.7 3.4 0.2
v -1.7 3.5 0.2
v -1.7 3.6 0.2
v -1.2 3.7 0.2
v -1.2 3.8 0.2
v -1.2 3.9 0.2
v -1.1 3.7 0.2
v -1.1 3.8 0.2
v -1.1 3.9 0.2
v -1.1 4.1 0.2
v -1 3.7 0.2
v -1 3.8 0.2
v -0.9 2.8 0.2
v -0.9 2.9 0.2
v -0.9 3.9 0.2
v -0.9 4.1 0.2
v -0.8 2.8 0.2
v -0.8 2.9 0.2
v -0.8 3.8 0.2
v -0.8 3.9 0.2
v -0.8 4 0.2
v -0.7 4 0.2
v -0.7 4.1 0.2
v -0.6 4.1 0.2
v -0.6 4.3 0.2
v -0.5 4.1 0.2
v -0.4 4.1 0.2
v -0.4 4.2 0.2
v -0.4 4.3 0.2
v -0.4 4.4 0.2
v -0.3 4.3 0.2
v -0.3 4.4 0.2
v 0.9 3.1 0.2
v 0.9 3.2 0.2
v 1 3.1 0.2
v 1 3.2 0.2
v 1 3.5 0.2
v 1 3.7 0.2
v 1.1 2.8 0.2
v 1.1 2.9 0.2
v 1.1 3.5 0.2
v 1.1 3.7 0.2
v 1.1 3.8 0.2
v 1.3 2.8 0.2
v 1.3 2.9 0.2
v 1.3 3.7 0.2
v 1.3 3.8 0.2
v 1.4 3.7 0.2
v 1.4 3.8 0.2
v 1.5 3.5 0.2
v 1.5 3.7 0.2
v 1.5 3.8 0.2
v 1.6 3.5 0.2
v 1.6 3.6 0.2
v 1.6 3.7 0.2
v 1.7 3.3 0.2
v 1.7 3.4 0.2
v 1.7 3.5 0.2
v 1.7 3.6 0.2
v 1.8 3.3 0.2
v 1.8 3.4 0.2
v -1.5 3.8 0.0999999
v -1.5 3.9 0.0999999
v -1.4 3.8 0.0999999
v -1.4 3.9 0.0999999
v -0.4 4.1 0.0999999
v -0.4 4.2 0.0999999
v -0.4 4.3 0.0999999
v -0.3 4.1 0.0999999
v -0.3 4.2 0.0999999
v -0.3 4.3 0.0999999
v -0.0999999 4.3 0.0999999
v -0.0999999 4.4 0.0999999
v 2.38419e-07 4.3 0.0999999
v 2.38419e-07 4.4 0.0999999
v 0.1 4.4 0.0999999
v 0.1 4.5 0.0999999
v 0.2 4.4 0.0999999
v 0.2 4.5 0.0999999
v 1.1 3.5 0.0999999
v 1.1 3.7 0.0999999
v 1.3 2.8 0.0999999
v 1.3 2.9 0.0999999
v 1.3 3.5 0.0999999
v 1.3 3.6 0.0999999
v 1.3 3.7 0.0999999
v 1.4 3.5 0.0999999
v 1.4 3.6 0.0999999
v 1.5 3.5 0.0999999
v 1.5 3.7 0.0999999
v 1.7 2.8 0.0999999
v 1.7 2.9 0.0999999
v 1.7 3.2 0.0999999
v 1.7 3.3 0.0999999
v 1.8 3.2 0.0999999
v 1.8 3.3 0.0999999
v -1.8 3.2 -2.38419e-07
v -1.8 3.4 -2.38419e-07
v -1.7 3.2 -2.38419e-07
v -1.7 3.4 -2.38419e-07
v -1.7 3.5 -2.38419e-07
v -1.7 3.6 -2.38419e-07
v -1.7 3.7 -2.38419e-07
v -1.7 3.8 -2.38419e-07
v -1.7 3.9 -2.38419e-07
v -1.6 2.8 -2.38419e-07
v -1.6 2.9 -2.38419e-07
v -1.6 3.4 -2.38419e-07
v -1.6 3.5 -2.38419e-07
v -1.6 3.6 -2.38419e-07
v -1.6 3.7 -2.38419e-07
v -1.6 3.8 -2.38419e-07
v -1.6 3.9 -2.38419e-07
v -1.5 2.8 -2.38419e-07
v -1.5 2.9 -2.38419e-07
v -1.5 3.6 -2.38419e-07
v -1.5 3.7 -2.38419e-07
v -1.5 3.8 -2.38419e-07
v -1.5 3.9 -2.38419e-07
v -1.1 2.8 -2.38419e-07
v -1.1 2.9 -2.38419e-07
v -1 2.8 -2.38419e-07
v -1 2.9 -2.38419e-07
v -0.3 4.1 -2.38419e-07
v -0.3 4.2 -2.38419e-07
v -0.3 4.3 -2.38419e-07
v -0.2 4.1 -2.38419e-07
v -0.2 4.2 -2.38419e-07
v -0.2 4.3 -2.38419e-07
v -0.0999999 2.8 -2.38419e-07
v -0.0999999 2.9 -2.38419e-07
v 2.38419e-07 2.8 -2.38419e-07
v 2.38419e-07 2.9 -2.38419e-07
v 0.4 4.4 -2.38419e-07
v 0.4 4.5 -2.38419e-07
v 0.5 4.4 -2.38419e-07
v 0.5 4.5 -2.38419e-07
v 0.6 4.2 -2.38419e-07
v 0.6 4.3 -2.38419e-07
v 0.6 4.4 -2.38419e-07
v 0.7 4.1 -2.38419e-07
v 0.7 4.2 -2.38419e-07
v 0.7 4.3 -2.38419e-07
v 0.7 4.4 -2.38419e-07
v 0.8 4.1 -2.38419e-07
v 0.8 4.2 -2.38419e-07
v 1.6 3.3 -2.38419e-07
v 1.6 3.4 -2.38419e-07
v 1.6 3.5 -2.38419e-07
v 1.7 3.3 -2.38419e-07
v 1.7 3.5 -2.38419e-07
v -2 0.2 -0.1
v -2 1.4 -0.1
v -2 1.8 -0.1
v -2 3 -0.1
v -1.9 0.2 -0.1
v -1.9 0.3 -0.1
v -1.9 0.8 -0.1
v -1.9 1.4 -0.1
v -1.9 1.8 -0.1
v -1.9 2.4 -0.1
v -1.9 2.8 -0.1
v -1.9 3 -0.1
v -1.7 2.8 -0.1
v -1.7 2.9 -0.1
v -1.7 3.2 -0.1
v -1.7 3.4 -0.1
v -1.6 2.8 -0.1
v -1.6 2.9 -0.1
v -1.6 3.2 -0.1
v -1.6 3.3 -0.1
v -1.6 3.4 -0.1
v -1.6 3.6 -0.1
v -1.5 2.8 -0.1
v -1.5 2.9 -0.1
v -1.5 3.4 -0.1
v -1.5 3.5 -0.1
v -1.5 3.6 -0.1
v -1.5 3.8 -0.1
v -1.4 3.7 -0.1
v -1.4 3.8 -0.1
v -1.3 3.6 -0.1
v -1.3 3.7 -0.1
v -1.3 3.8 -0.1
v -1.2 2.8 -0.1
v -1.2 2.9 -0.1
v -0.2 4.1 -0.1
v -0.2 4.2 -0.1
v -0.2 4.3 -0.1
v -0.0999999 4.1 -0.1
v -0.0999999 4.2 -0.1
v -0.0999999 4.3 -0.1
v 2.38419e-07 4.3 -0.1
v 2.38419e-07 4.4 -0.1
v 0.1 4.3 -0.1
v 0.1 4.4 -0.1
v 0.1 4.5 -0.1
v 0.2 4.4 -0.1
v 0.2 4.5 -0.1
v 0.4 4.3 -0.1
v 0.4 4.4 -0.1
v 0.4 4.5 -0.1
v 0.5 4.2 -0.1
v 0.5 4.3 -0.1
v 0.6 4.2 -0.1
v 0.6 4.4 -0.1
v 0.8 3.7 -0.1
v 0.8 4 -0.1
v 0.9 3.7 -0.1
v 0.9 4 -0.1
v 1.4 3.3 -0.1
v 1.4 3.5 -0.1
v 1.5 3.4 -0.1
v 1.5 3.5 -0.1
v 1.6 3.2 -0.1
v 1.6 3.3 -0.1
v 1.6 3.4 -0.1
v 1.6 3.5 -0.1
v 1.7 3.2 -0.1
v 1.7 3.3 -0.1
v 1.9 0.2 -0.1
v 1.9 0.3 -0.1
v 1.9 0.8 -0.1
v 1.9 1.4 -0.1
v 1.9 1.8 -0.1
v 1.9 2.4 -0.1
v 1.9 2.8 -0.1
v 1.9 3 -0.1
v 2 0.2 -0.1
v 2 1.4 -0.1
v 2 1.8 -0.1
v 2 3 -0.1
v -2 1.4 -0.2
v -2 1.5 -0.2
v -2 1.7 -0.2
v -2 1.8 -0.2
v -1.9 1.4 -0.2
v -1.9 1.5 -0.2
v -1.9 1.7 -0.2
v -1.9 1.8 -0.2
v -1.6 3.2 -0.2
v -1.6 3.3 -0.2
v -1.6 3.4 -0.2
v -1.5 3.2 -0.2
v -1.5 3.3 -0.2
v -1.5 3.4 -0.2
v -1.5 3.5 -0.2
v -1.5 3.6 -0.2
v -1.4 3.4 -0.2
v -1.4 3.5 -0.2
v -1.4 3.6 -0.2
v -1.3 3.6 -0.2
v -1.3 3.8 -0.2
v -1.2 3.6 -0.2
v -1.2 3.7 -0.2
v -1.2 3.8 -0.2
v -1.1 3.8 -0.2
v -1.1 3.9 -0.2
v -1.1 4 -0.2
v -1.1 4.1 -0.2
v -1 3.8 -0.2
v -1 3.9 -0.2
v -1 4 -0.2
v -1 4.1 -0.2
v -1 4.2 -0.2
v -0.9 4.1 -0.2
v -0.9 4.2 -0.2
v -0.7 4.2 -0.2
v -0.7 4.3 -0.2
v -0.6 4 -0.2
v -0.6 4.1 -0.2
v -0.6 4.2 -0.2
v -0.6 4.3 -0.2
v -0.5 4 -0.2
v -0.5 4.1 -0.2
v -0.5 4.2 -0.2
v -0.0999999 4.1 -0.2
v -0.0999999 4.2 -0.2
v -0.0999999 4.3 -0.2
v 2.38419e-07 4.1 -0.2
v 2.38419e-07 4.2 -0.2
v 2.38419e-07 4.3 -0.2
v 0.1 4.3 -0.2
v 0.1 4.4 -0.2
v 0.2 4.2 -0.2
v 0.2 4.3 -0.2
v 0.3 4.3 -0.2
v 0.4 4.3 -0.2
v 0.4 4.4 -0.2
v 0.6 4.1 -0.2
v 0.6 4.2 -0.2
v 0.7 3.9 -0.2
v 0.7 4 -0.2
v 0.7 4.1 -0.2
v 0.7 4.2 -0.2
v 0.8 3.9 -0.2
v 0.8 4.1 -0.2
v 1.5 3.2 -0.2
v 1.5 3.3 -0.2
v 1.6 3.2 -0.2
v 1.6 3.3 -0.2
v 1.9 1.4 -0.2
v 1.9 1.5 -0.2
v 1.9 1.7 -0.2
v 1.9 1.8 -0.2
v 2 1.4 -0.2
v 2 1.5 -0.2
v 2 1.7 -0.2
v 2 1.8 -0.2
v -1.5 3.3 -0.3
v -1.5 3.4 -0.3
v -1.4 3.3 -0.3
v -1.4 3.4 -0.3
v -1.2 3.6 -0.3
v -1.2 3.7 -0.3
v -1.2 3.8 -0.3
v -1.1 3.6 -0.3
v -1.1 3.7 -0.3
v -1 3.7 -0.3
v -1 3.8 -0.3
v -1 3.9 -0.3
v -1 4.1 -0.3
v -0.9 3.8 -0.3
v -0.9 3.9 -0.3
v -0.9 4.1 -0.3
v -0.9 4.2 -0.3
v -0.9 4.3 -0.3
v -0.8 4.1 -0.3
v -0.8 4.2 -0.3
v -0.7 4.1 -0.3
v -0.7 4.2 -0.3
v -0.7 4.3 -0.3
v -0.6 4.1 -0.3
v -0.6 4.2 -0.3
v -0.5 4 -0.3
v -0.5 4.1 -0.3
v -0.3 4 -0.3
v -0.3 4.1 -0.3
v 0.7 3.7 -0.3
v 0.7 3.8 -0.3
v 0.7 3.9 -0.3
v 0.8 3.7 -0.3
v 0.8 3.8 -0.3
v 0.8 3.9 -0.3
v -1.4 3.3 -0.4
v -1.4 3.6 -0.4
v -1.3 3.3 -0.4
v -1.3 3.6 -0.4
v -0.9 3.8 -0.4
v -0.9 3.9 -0.4
v -0.9 4.1 -0.4
v -0.8 3.8 -0.4
v -0.8 3.9 -0.4
v -0.8 4 -0.4
v -0.8 4.1 -0.4
v -0.8 4.2 -0.4
v -0.7 4 -0.4
v -0.7 4.1 -0.4
v -0.7 4.2 -0.4
v -0.6 4 -0.4
v -0.6 4.1 -0.4
v -0.3 4 -0.4
v -0.3 4.1 -0.4
v -0.2 4 -0.4
v -0.0999999 4 -0.4
v -0.0999999 4.1 -0.4
v -1.5 3.2 -0.5
v -1.5 3.3 -0.5
v -1.4 3.2 -0.5
v -1.4 3.3 -0.5
v -1.3 3.3 -0.5
v -1.3 3.6 -0.5
v -1.2 3.3 -0.5
v -1.2 3.6 -0.5
v -0.4 3.9 -0.5
v -0.4 4 -0.5
v -0.2 3.9 -0.5
v -0.2 4 -0.5
v 1.5 3 -0.5
v 1.5 3.1 -0.5
v 1.6 3.1 -0.5
v 1.7 3 -0.5
v 1.7 3.1 -0.5
v -2 1.5 -0.6
v -2 1.7 -0.6
v -1.9 1.5 -0.6
v -1.9 1.7 -0.6
v -0.5 3.9 -0.6
v -0.5 4 -0.6
v -0.4 3.9 -0.6
v -0.4 4 -0.6
v -0.2 3.9 -0.6
v -0.2 4 -0.6
v -0.0999999 3.9 -0.6
v -0.0999999 4 -0.6
v 0.1 4.3 -0.6
v 0.1 4.4 -0.6
v 0.2 4.3 -0.6
v 0.2 4.4 -0.6
v 0.6 4.1 -0.6
v 0.6 4.2 -0.6
v 0.7 4.1 -0.6
v 0.7 4.2 -0.6
v 1.6 3.3 -0.6
v 1.6 3.5 -0.6
v 1.7 3.3 -0.6
v 1.7 3.5 -0.6
v 1.9 1.5 -0.6
v 1.9 1.7 -0.6
v 2 1.5 -0.6
v 2 1.7 -0.6
v -2 1.4 -0.7
v -2 1.5 -0.7
v -2 1.7 -0.7
v -2 1.8 -0.7
v -1.9 1.4 -0.7
v -1.9 1.5 -0.7
v -1.9 1.7 -0.7
v -1.9 1.8 -0.7
v -1.3 2.8 -0.7
v -1.3 2.9 -0.7
v -1.2 2.8 -0.7
v -1.2 2.9 -0.7
v -0.0999999 3.9 -0.7
v -0.0999999 4 -0.7
v -0.0999999 4.2 -0.7
v 2.38419e-07 3.9 -0.7
v 2.38419e-07 4 -0.7
v 2.38419e-07 4.2 -0.7
v 0.4 4.3 -0.7
v 0.4 4.4 -0.7
v 0.5 4.3 -0.7
v 0.5 4.4 -0.7
v 0.7 4 -0.7
v 0.7 4.1 -0.7
v 0.8 4 -0.7
v 0.8 4.1 -0.7
v 1 3.7 -0.7
v 1 3.8 -0.7
v 1.1 3.7 -0.7
v 1.1 3.8 -0.7
v 1.3 3.7 -0.7
v 1.3 3.8 -0.7
v 1.5 3.4 -0.7
v 1.5 3.5 -0.7
v 1.5 3.6 -0.7
v 1.6 3.2 -0.7
v 1.6 3.3 -0.7
v 1.6 3.4 -0.7
v 1.6 3.6 -0.7
v 1.7 3.2 -0.7
v 1.7 3.3 -0.7
v 1.9 1.4 -0.7
v 1.9 1.5 -0.7
v 1.9 1.7 -0.7
v 1.9 1.8 -0.7
v 2 1.4 -0.7
v 2 1.5 -0.7
v 2 1.7 -0.7
v 2 1.8 -0.7
v -2 1.3 -0.8
v -2 1.4 -0.8
v -2 1.8 -0.8
v -2 1.9 -0.8
v -1.9 1.3 -0.8
v -1.9 1.4 -0.8
v -1.9 1.8 -0.8
v -1.9 1.9 -0.8
v -1.2 3.6 -0.8
v -1.2 3.7 -0.8
v -1.1 3.6 -0.8
v -1.1 3.7 -0.8
v -0.9 4.2 -0.8
v -0.9 4.3 -0.8
v -0.8 4.2 -0.8
v -0.8 4.3 -0.8
v -0.7 4.2 -0.8
v -0.7 4.3 -0.8
v -0.6 4.2 -0.8
v -0.6 4.3 -0.8
v 2.38419e-07 3.9 -0.8
v 2.38419e-07 4 -0.8
v 2.38419e-07 4.3 -0.8
v 0.1 3.9 -0.8
v 0.1 4 -0.8
v 0.1 4.1 -0.8
v 0.1 4.2 -0.8
v 0.1 4.3 -0.8
v 0.2 4.3 -0.8
v 0.2 4.4 -0.8
v 0.3 4.3 -0.8
v 0.3 4.4 -0.8
v 0.4 4.3 -0.8
v 0.4 4.4 -0.8
v 0.5 4.1 -0.8
v 0.5 4.2 -0.8
v 0.5 4.3 -0.8
v 0.6 4 -0.8
v 0.6 4.1 -0.8
v 0.6 4.2 -0.8
v 0.6 4.3 -0.8
v 0.7 4 -0.8
v 0.7 4.1 -0.8
v 0.9 3.8 -0.8
v 0.9 3.9 -0.8
v 0.9 4 -0.8
v 1 3.8 -0.8
v 1 4 -0.8
v 1.1 3.6 -0.8
v 1.1 3.7 -0.8
v 1.3 3.5 -0.8
v 1.3 3.6 -0.8
v 1.4 3.2 -0.8
v 1.4 3.4 -0.8
v 1.4 3.5 -0.8
v 1.4 3.6 -0.8
v 1.4 3.7 -0.8
v 1.5 3.4 -0.8
v 1.5 3.5 -0.8
v 1.5 3.6 -0.8
v 1.6 3.2 -0.8
v 1.6 3.4 -0.8
v 1.9 1.3 -0.8
v 1.9 1.4 -0.8
v 1.9 1.8 -0.8
v 1.9 1.9 -0.8
v 2 1.3 -0.8
v 2 1.4 -0.8
v 2 1.8 -0.8
v 2 1.9 -0.8
v -2 1.2 -0.9
v -2 1.3 -0.9
v -2 1.9 -0.9
v -2 2 -0.9
v -1.9 1.2 -0.9
v -1.9 1.3 -0.9
v -1.9 1.9 -0.9
v -1.9 2 -0.9
v -1.7 2.9 -0.9
v -1.7 3 -0.9
v -1.5 2.9 -0.9
v -1.5 3 -0.9
v -1.1 2.9 -0.9
v -1.1 3 -0.9
v -1 2.9 -0.9
v -1 3 -0.9
v -1 3.8 -0.9
v -1 3.9 -0.9
v -1 4 -0.9
v -0.9 3.8 -0.9
v -0.9 3.9 -0.9
v -0.9 4 -0.9
v -0.9 4.2 -0.9
v -0.8 4 -0.9
v -0.8 4.1 -0.9
v -0.8 4.2 -0.9
v -0.8 4.3 -0.9
v -0.7 4.2 -0.9
v -0.7 4.3 -0.9
v -0.6 4 -0.9
v -0.6 4.1 -0.9
v -0.6 4.2 -0.9
v -0.5 4 -0.9
v -0.5 4.1 -0.9
v -0.5 4.2 -0.9
v -0.4 2.8 -0.9
v -0.4 2.9 -0.9
v -0.4 3.1 -0.9
v -0.4 3.2 -0.9
v -0.3 2.8 -0.9
v -0.3 2.9 -0.9
v -0.3 3.1 -0.9
v -0.3 3.2 -0.9
v 0.1 4.1 -0.9
v 0.1 4.2 -0.9
v 0.1 4.3 -0.9
v 0.2 4.1 -0.9
v 0.2 4.2 -0.9
v 0.2 4.3 -0.9
v 0.4 4.1 -0.9
v 0.4 4.2 -0.9
v 0.4 4.3 -0.9
v 0.5 4.1 -0.9
v 0.5 4.2 -0.9
v 0.5 4.3 -0.9
v 0.8 3.8 -0.9
v 0.8 3.9 -0.9
v 0.8 4 -0.9
v 0.9 3.8 -0.9
v 0.9 3.9 -0.9
v 0.9 4 -0.9
v 1.2 3.3 -0.9
v 1.2 3.5 -0.9
v 1.2 3.6 -0.9
v 1.3 3.2 -0.9
v 1.3 3.3 -0.9
v 1.3 3.4 -0.9
v 1.3 3.5 -0.9
v 1.3 3.6 -0.9
v 1.4 3.2 -0.9
v 1.4 3.4 -0.9
v 1.4 3.5 -0.9
v 1.9 1.2 -0.9
v 1.9 1.3 -0.9
v 1.9 1.9 -0.9
v 1.9 2 -0.9
v 2 1.2 -0.9
v 2 1.3 -0.9
v 2 1.9 -0.9
v 2 2 -0.9
v -2 1.1 -1
v -2 1.2 -1
v -2 2 -1
v -2 2.1 -1
v -1.9 1.1 -1
v -1.9 1.2 -1
v -1.9 2 -1
v -1.9 2.1 -1
v -1.5 2.9 -1
v -1.5 3 -1
v -1.2 2.9 -1
v -1.1 2.9 -1
v -1.1 3 -1
v -1.1 3.6 -1
v -1.1 3.8 -1
v -1 3.6 -1
v -1 3.8 -1
v -0.9 3.8 -1
v -0.9 4 -1
v -0.8 2.9 -1
v -0.8 3 -1
v -0.8 3.8 -1
v -0.8 4 -1
v -0.8 4.1 -1
v -0.8 4.2 -1
v -0.7 3.8 -1
v -0.7 3.9 -1
v -0.7 4 -1
v -0.6 4 -1
v -0.6 4.1 -1
v -0.6 4.2 -1
v -0.5 2.9 -1
v -0.5 3 -1
v -0.2 3.9 -1
v -0.2 4 -1
v -0.0999999 3.9 -1
v -0.0999999 4 -1
v 2.38419e-07 3.8 -1
v 2.38419e-07 3.9 -1
v 0.1 3.8 -1
v 0.1 3.9 -1
v 0.2 4.1 -1
v 0.2 4.3 -1
v 0.3 4.2 -1
v 0.3 4.3 -1
v 0.4 4.1 -1
v 0.4 4.2 -1
v 0.4 4.3 -1
v 0.6 3.8 -1
v 0.6 4 -1
v 0.7 3.9 -1
v 0.7 4 -1
v 0.8 3.8 -1
v 0.8 3.9 -1
v 0.8 4 -1
v 1.6 2.8 -1
v 1.6 2.9 -1
v 1.7 2.8 -1
v 1.7 2.9 -1
v 1.9 1.1 -1
v 1.9 1.2 -1
v 1.9 2 -1
v 1.9 2.1 -1
v 2 1.1 -1
v 2 1.2 -1
v 2 2 -1
v 2 2.1 -1
v -2 1 -1.1
v -2 1.1 -1.1
v -2 2.1 -1.1
v -2 2.2 -1.1
v -1.9 1 -1.1
v -1.9 1.1 -1.1
v -1.9 2.1 -1.1
v -1.9 2.2 -1.1
v -1 3.7 -1.1
v -1 3.8 -1.1
v -0.7 3.7 -1.1
v -0.7 3.8 -1.1
v -0.7 3.9 -1.1
v -0.7 4 -1.1
v -0.6 3.1 -1.1
v -0.6 3.2 -1.1
v -0.6 3.7 -1.1
v -0.6 3.8 -1.1
v -0.6 3.9 -1.1
v -0.5 3.1 -1.1
v -0.5 3.2 -1.1
v -0.5 3.3 -1.1
v -0.4 3.2 -1.1
v -0.4 3.3 -1.1
v -0.4 3.9 -1.1
v -0.4 4 -1.1
v -0.3 3.9 -1.1
v -0.2 3.8 -1.1
v -0.2 3.9 -1.1
v -0.2 4 -1.1
v -0.0999999 3.8 -1.1
v -0.0999999 3.9 -1.1
v 2.38419e-07 3.8 -1.1
v 2.38419e-07 3.9 -1.1
v 0.1 3.8 -1.1
v 0.1 4 -1.1
v 0.1 4.1 -1.1
v 0.2 3.8 -1.1
v 0.2 3.9 -1.1
v 0.2 4 -1.1
v 0.2 4.1 -1.1
v 0.4 3.8 -1.1
v 0.4 3.9 -1.1
v 0.4 4 -1.1
v 0.4 4.1 -1.1
v 0.5 4 -1.1
v 0.5 4.1 -1.1
v 0.6 3.8 -1.1
v 0.6 4.1 -1.1
v 0.7 3.7 -1.1
v 0.7 3.8 -1.1
v 0.8 3.7 -1.1
v 0.8 3.8 -1.1
v 0.9 3.7 -1.1
v 1 3.7 -1.1
v 1 3.8 -1.1
v 1.9 1 -1.1
v 1.9 1.1 -1.1
v 1.9 2.1 -1.1
v 1.9 2.2 -1.1
v 2 1 -1.1
v 2 1.1 -1.1
v 2 2.1 -1.1
v 2 2.2 -1.1
v -2 0.9 -1.2
v -2 1 -1.2
v -2 2.2 -1.2
v -2 2.3 -1.2
v -1.9 0.9 -1.2
v -1.9 1 -1.2
v -1.9 2.2 -1.2
v -1.9 2.3 -1.2
v -1 2.9 -1.2
v -1 3.1 -1.2
v -0.8 2.9 -1.2
v -0.8 3 -1.2
v -0.8 3.1 -1.2
v -0.8 3.6 -1.2
v -0.8 3.7 -1.2
v -0.7 3 -1.2
v -0.7 3.1 -1.2
v -0.7 3.5 -1.2
v -0.7 3.6 -1.2
v -0.7 3.7 -1.2
v -0.6 3.5 -1.2
v -0.6 3.6 -1.2
v -0.6 3.7 -1.2
v -0.6 3.8 -1.2
v -0.6 3.9 -1.2
v -0.5 3.5 -1.2
v -0.5 3.6 -1.2
v -0.5 3.7 -1.2
v -0.5 3.8 -1.2
v -0.4 3.8 -1.2
v -0.4 3.9 -1.2
v -0.3 3.8 -1.2
v -0.3 3.9 -1.2
v -0.2 3.8 -1.2
v -0.2 3.9 -1.2
v 0.1 3.7 -1.2
v 0.1 3.8 -1.2
v 0.2 3.7 -1.2
v 0.2 3.8 -1.2
v 0.2 3.9 -1.2
v 0.2 4.1 -1.2
v 0.3 3.6 -1.2
v 0.3 3.7 -1.2
v 0.3 3.9 -1.2
v 0.3 4 -1.2
v 0.4 3.4 -1.2
v 0.4 3.6 -1.2
v 0.4 3.7 -1.2
v 0.4 3.8 -1.2
v 0.4 3.9 -1.2
v 0.4 4 -1.2
v 0.4 4.1 -1.2
v 0.5 3.5 -1.2
v 0.5 3.6 -1.2
v 0.7 3.5 -1.2
v 0.7 3.6 -1.2
v 0.7 3.7 -1.2
v 0.7 3.8 -1.2
v 0.8 3.6 -1.2
v 0.8 3.7 -1.2
v 0.9 3.4 -1.2
v 0.9 3.7 -1.2
v 1.9 0.9 -1.2
v 1.9 1 -1.2
v 1.9 2.2 -1.2
v 1.9 2.3 -1.2
v 2 0.9 -1.2
v 2 1 -1.2
v 2 2.2 -1.2
v 2 2.3 -1.2
v -2 0.8 -1.3
v -2 0.9 -1.3
v -2 2.3 -1.3
v -2 2.4 -1.3
v -1.9 0.8 -1.3
v -1.9 0.9 -1.3
v -1.9 2.3 -1.3
v -1.9 2.4 -1.3
v -1.7 3 -1.3
v -1.7 3.1 -1.3
v -1.6 3 -1.3
v -1.6 3.1 -1.3
v -1.2 3 -1.3
v -1.2 3.1 -1.3
v -1.1 2.9 -1.3
v -1.1 3 -1.3
v -1 2.9 -1.3
v -1 3.1 -1.3
v -0.8 3.1 -1.3
v -0.8 3.2 -1.3
v -0.7 3.1 -1.3
v -0.7 3.2 -1.3
v -0.7 3.4 -1.3
v -0.7 3.5 -1.3
v -0.5 3.4 -1.3
v -0.5 3.5 -1.3
v -0.5 3.8 -1.3
v -0.4 3.5 -1.3
v -0.4 3.7 -1.3
v -0.4 3.8 -1.3
v 2.38419e-07 3.7 -1.3
v 2.38419e-07 3.8 -1.3
v 0.1 3.7 -1.3
v 0.1 3.8 -1.3
v 0.2 3.6 -1.3
v 0.2 3.7 -1.3
v 0.3 3.5 -1.3
v 0.3 3.6 -1.3
v 0.3 3.7 -1.3
v 0.4 3.5 -1.3
v 0.4 3.6 -1.3
v 0.5 3.3 -1.3
v 0.5 3.4 -1.3
v 0.9 3.3 -1.3
v 0.9 3.4 -1.3
v 0.9 3.5 -1.3
v 0.9 3.7 -1.3
v 1 3.5 -1.3
v 1 3.7 -1.3
v 1.9 0.8 -1.3
v 1.9 0.9 -1.3
v 1.9 2.3 -1.3
v 1.9 2.4 -1.3
v 2 0.8 -1.3
v 2 0.9 -1.3
v 2 2.3 -1.3
v 2 2.4 -1.3
v -2 0.7 -1.4
v -2 0.8 -1.4
v -2 2.4 -1.4
v -2 2.5 -1.4
v -1.9 0.7 -1.4
v -1.9 0.8 -1.4
v -1.9 2.4 -1.4
v -1.9 2.5 -1.4
v -1.6 3 -1.4
v -1.6 3.1 -1.4
v -1.5 3.8 -1.4
v -1.5 3.9 -1.4
v -1.4 3.8 -1.4
v -1.4 3.9 -1.4
v -1.2 3 -1.4
v -1.2 3.1 -1.4
v -0.7 3 -1.4
v -0.7 3.1 -1.4
v -0.7 3.2 -1.4
v -0.7 3.3 -1.4
v -0.7 3.4 -1.4
v -0.6 3 -1.4
v -0.6 3.1 -1.4
v -0.6 3.2 -1.4
v -0.5 3 -1.4
v -0.5 3.1 -1.4
v -0.5 3.3 -1.4
v -0.5 3.4 -1.4
v -0.4 3.7 -1.4
v -0.4 3.8 -1.4
v -0.3 3.7 -1.4
v -0.3 3.8 -1.4
v 0.3 3.4 -1.4
v 0.3 3.5 -1.4
v 0.4 3.4 -1.4
v 0.4 3.5 -1.4
v 0.5 3.2 -1.4
v 0.5 3.3 -1.4
v 0.8 3.2 -1.4
v 0.8 3.3 -1.4
v 1.9 0.7 -1.4
v 1.9 0.8 -1.4
v 1.9 2.4 -1.4
v 1.9 2.5 -1.4
v 2 0.7 -1.4
v 2 0.8 -1.4
v 2 2.4 -1.4
v 2 2.5 -1.4
v -2 0.6 -1.5
v -2 0.7 -1.5
v -2 2.5 -1.5
v -2 2.6 -1.5
v -1.9 0.6 -1.5
v -1.9 0.7 -1.5
v -1.9 2.5 -1.5
v -1.9 2.6 -1.5
v -1.5 3.7 -1.5
v -1.5 3.8 -1.5
v -1.4 3.7 -1.5
v -1.4 3.8 -1.5
v -1.4 3.9 -1.5
v -1.3 2.8 -1.5
v -1.3 2.9 -1.5
v -1.2 2.8 -1.5
v -1.2 2.9 -1.5
v -1.2 3.8 -1.5
v -1.2 3.9 -1.5
v -1.1 3.7 -1.5
v -1.1 3.8 -1.5
v -1.1 3.9 -1.5
v -1 3.7 -1.5
v -1 3.8 -1.5
v -0.9 3.1 -1.5
v -0.9 3.2 -1.5
v -0.9 3.6 -1.5
v -0.9 3.7 -1.5
v -0.8 3.1 -1.5
v -0.8 3.2 -1.5
v -0.8 3.3 -1.5
v -0.8 3.4 -1.5
v -0.8 3.5 -1.5
v -0.8 3.6 -1.5
v -0.8 3.7 -1.5
v -0.7 3.3 -1.5
v -0.7 3.5 -1.5
v -0.7 3.6 -1.5
v -0.4 2.8 -1.5
v -0.4 2.9 -1.5
v -0.3 2.8 -1.5
v -0.3 2.9 -1.5
v -0.2 3.7 -1.5
v -0.2 3.8 -1.5
v 2.38419e-07 3.7 -1.5
v 2.38419e-07 3.8 -1.5
v 0.1 3.5 -1.5
v 0.1 3.7 -1.5
v 0.2 3.3 -1.5
v 0.2 3.4 -1.5
v 0.2 3.5 -1.5
v 0.2 3.6 -1.5
v 0.2 3.7 -1.5
v 0.3 3.3 -1.5
v 0.3 3.4 -1.5
v 0.3 3.5 -1.5
v 0.3 3.6 -1.5
v 0.4 3.1 -1.5
v 0.4 3.2 -1.5
v 0.4 3.3 -1.5
v 0.4 3.4 -1.5
v 0.5 3.1 -1.5
v 0.5 3.2 -1.5
v 0.5 3.4 -1.5
v 0.6 3 -1.5
v 0.6 3.1 -1.5
v 0.8 3 -1.5
v 0.8 3.1 -1.5
v 0.8 3.2 -1.5
v 0.8 3.3 -1.5
v 0.9 3.2 -1.5
v 0.9 3.3 -1.5
v 1.4 3.6 -1.5
v 1.4 3.7 -1.5
v 1.5 3.6 -1.5
v 1.5 3.7 -1.5
v 1.9 0.6 -1.5
v 1.9 0.7 -1.5
v 1.9 2.5 -1.5
v 1.9 2.6 -1.5
v 2 0.6 -1.5
v 2 0.7 -1.5
v 2 2.5 -1.5
v 2 2.6 -1.5
v -2 0.5 -1.6
v -2 0.6 -1.6
v -2 2.6 -1.6
v -2 2.7 -1.6
v -1.9 0.5 -1.6
v -1.9 0.6 -1.6
v -1.9 2.6 -1.6
v -1.9 2.7 -1.6
v -1.8 3.2 -1.6
v -1.8 3.3 -1.6
v -1.7 3.2 -1.6
v -1.7 3.3 -1.6
v -1.7 3.4 -1.6
v -1.7 3.5 -1.6
v -1.6 3.3 -1.6
v -1.6 3.4 -1.6
v -1.6 3.5 -1.6
v -1.6 3.6 -1.6
v -1.6 3.7 -1.6
v -1.5 3.6 -1.6
v -1.5 3.7 -1.6
v -1.4 3.7 -1.6
v -1.4 3.8 -1.6
v -1.2 3.7 -1.6
v -1.2 3.8 -1.6
v -1.1 3.7 -1.6
v -1.1 3.8 -1.6
v -1 3.6 -1.6
v -1 3.7 -1.6
v -0.9 2.9 -1.6
v -0.9 3 -1.6
v -0.9 3.3 -1.6
v -0.9 3.4 -1.6
v -0.9 3.6 -1.6
v -0.9 3.7 -1.6
v -0.8 2.9 -1.6
v -0.8 3 -1.6
v -0.8 3.3 -1.6
v -0.8 3.4 -1.6
v -0.8 3.6 -1.6
v -0.7 3.2 -1.6
v -0.7 3.3 -1.6
v -0.5 2.9 -1.6
v -0.5 3.1 -1.6
v -0.5 3.2 -1.6
v -0.5 3.3 -1.6
v -0.5 3.5 -1.6
v -0.4 2.9 -1.6
v -0.4 3 -1.6
v -0.4 3.3 -1.6
v -0.4 3.5 -1.6
v -0.4 3.6 -1.6
v -0.4 3.7 -1.6
v -0.3 3 -1.6
v -0.3 3.1 -1.6
v -0.3 3.5 -1.6
v -0.3 3.6 -1.6
v -0.3 3.7 -1.6
v -0.3 3.8 -1.6
v -0.2 2.8 -1.6
v -0.2 2.9 -1.6
v -0.2 3.7 -1.6
v -0.2 3.8 -1.6
v -0.0999999 2.8 -1.6
v -0.0999999 2.9 -1.6
v 2.38419e-07 3.5 -1.6
v 2.38419e-07 3.7 -1.6
v 0.1 3 -1.6
v 0.1 3.1 -1.6
v 0.1 3.5 -1.6
v 0.1 3.7 -1.6
v 0.2 3 -1.6
v 0.2 3.1 -1.6
v 0.3 3.2 -1.6
v 0.3 3.3 -1.6
v 0.4 3 -1.6
v 0.4 3.1 -1.6
v 0.4 3.2 -1.6
v 0.4 3.3 -1.6
v 0.6 3 -1.6
v 0.6 3.1 -1.6
v 0.8 3.1 -1.6
v 0.8 3.2 -1.6
v 0.9 3.1 -1.6
v 0.9 3.2 -1.6
v 0.9 3.5 -1.6
v 0.9 3.8 -1.6
v 1 3.5 -1.6
v 1 3.8 -1.6
v 1.2 3.6 -1.6
v 1.2 3.7 -1.6
v 1.2 3.8 -1.6
v 1.3 3.5 -1.6
v 1.3 3.6 -1.6
v 1.3 3.7 -1.6
v 1.3 3.8 -1.6
v 1.4 3.5 -1.6
v 1.4 3.6 -1.6
v 1.4 3.7 -1.6
v 1.5 3.5 -1.6
v 1.6 2.8 -1.6
v 1.6 3 -1.6
v 1.6 3.2 -1.6
v 1.6 3.3 -1.6
v 1.6 3.4 -1.6
v 1.6 3.5 -1.6
v 1.6 3.6 -1.6
v 1.7 2.8 -1.6
v 1.7 3 -1.6
v 1.7 3.2 -1.6
v 1.7 3.4 -1.6
v 1.7 3.5 -1.6
v 1.9 0.5 -1.6
v 1.9 0.6 -1.6
v 1.9 2.6 -1.6
v 1.9 2.7 -1.6
v 2 0.5 -1.6
v 2 0.6 -1.6
v 2 2.6 -1.6
v 2 2.7 -1.6
v -2 0.4 -1.7
v -2 0.5 -1.7
v -2 2.7 -1.7
v -2 2.8 -1.7
v -1.9 0.4 -1.7
v -1.9 0.5 -1.7
v -1.9 2.7 -1.7
v -1.9 2.8 -1.7
v -1.7 3.2 -1.7
v -1.7 3.3 -1.7
v -1.6 3.2 -1.7
v -1.6 3.3 -1.7
v -1.6 3.4 -1.7
v -1.6 3.6 -1.7
v -1.5 3.3 -1.7
v -1.5 3.4 -1.7
v -1.5 3.6 -1.7
v -1.5 3.7 -1.7
v -1.4 3.6 -1.7
v -1.2 3.5 -1.7
v -1.2 3.6 -1.7
v -1.2 3.7 -1.7
v -1 3.2 -1.7
v -1 3.3 -1.7
v -1 3.4 -1.7
v -1 3.5 -1.7
v -1 3.6 -1.7
v -1 3.7 -1.7
v -0.9 3.2 -1.7
v -0.9 3.3 -1.7
v -0.9 3.6 -1.7
v -0.7 3.2 -1.7
v -0.7 3.3 -1.7
v -0.5 3.2 -1.7
v -0.5 3.3 -1.7
v -0.4 3.2 -1.7
v -0.4 3.3 -1.7
v -0.4 3.5 -1.7
v -0.3 3.3 -1.7
v -0.3 3.5 -1.7
v -0.3 3.7 -1.7
v -0.2 3.5 -1.7
v -0.2 3.6 -1.7
v -0.0999999 3.6 -1.7
v 2.38419e-07 3.6 -1.7
v 2.38419e-07 3.7 -1.7
v 0.1 3.3 -1.7
v 0.1 3.4 -1.7
v 0.1 3.5 -1.7
v 0.2 3.2 -1.7
v 0.2 3.3 -1.7
v 0.2 3.4 -1.7
v 0.2 3.5 -1.7
v 0.3 3.2 -1.7
v 0.3 3.3 -1.7
v 0.9 3.3 -1.7
v 0.9 3.4 -1.7
v 0.9 3.5 -1.7
v 1 3.3 -1.7
v 1 3.4 -1.7
v 1 3.5 -1.7
v 1 3.8 -1.7
v 1.1 3.5 -1.7
v 1.1 3.6 -1.7
v 1.1 3.8 -1.7
v 1.2 3.4 -1.7
v 1.2 3.5 -1.7
v 1.2 3.6 -1.7
v 1.2 3.8 -1.7
v 1.3 3.4 -1.7
v 1.3 3.5 -1.7
v 1.3 3.6 -1.7
v 1.4 3.2 -1.7
v 1.4 3.3 -1.7
v 1.4 3.4 -1.7
v 1.5 3.4 -1.7
v 1.5 3.5 -1.7
v 1.6 3.2 -1.7
v 1.6 3.3 -1.7
v 1.6 3.5 -1.7
v 1.9 0.4 -1.7
v 1.9 0.5 -1.7
v 1.9 2.7 -1.7
v 1.9 2.8 -1.7
v 2 0.4 -1.7
v 2 0.5 -1.7
v 2 2.7 -1.7
v 2 2.8 -1.7
v -1.6 3.2 -1.8
v -1.6 3.3 -1.8
v -1.5 3.3 -1.8
v -1.5 3.6 -1.8
v -1.4 3.4 -1.8
v -1.4 3.6 -1.8
v -1.2 3.5 -1.8
v -1.2 3.6 -1.8
v -1 3.2 -1.8
v -1 3.4 -1.8
v -1 3.5 -1.8
v -0.4 3.2 -1.8
v -0.4 3.3 -1.8
v -0.3 3.2 -1.8
v -0.3 3.3 -1.8
v -0.3 3.5 -1.8
v -0.2 3.4 -1.8
v -0.2 3.5 -1.8
v -0.2 3.6 -1.8
v -0.0999999 3.3 -1.8
v -0.0999999 3.4 -1.8
v -0.0999999 3.5 -1.8
v -0.0999999 3.6 -1.8
v 2.38419e-07 3.4 -1.8
v 2.38419e-07 3.5 -1.8
v 2.38419e-07 3.6 -1.8
v 0.1 3.2 -1.8
v 0.1 3.3 -1.8
v 0.1 3.4 -1.8
v 0.1 3.5 -1.8
v 0.2 3.2 -1.8
v 0.2 3.3 -1.8
v 0.9 3.2 -1.8
v 0.9 3.3 -1.8
v 1 3.3 -1.8
v 1 3.5 -1.8
v 1.2 3.4 -1.8
v 1.2 3.5 -1.8
v 1.3 3.3 -1.8
v 1.3 3.4 -1.8
v 1.4 3.2 -1.8
v 1.4 3.3 -1.8
v 1.4 3.4 -1.8
v -1.8 0.4 -1.9
v -1.8 2.8 -1.9
v -1.7 0.4 -1.9
v -1.7 0.5 -1.9
v -1.7 0.9 -1.9
v -1.7 1.3 -1.9
v -1.7 2.7 -1.9
v -1.7 2.8 -1.9
v -1.6 0.2 -1.9
v -1.6 0.3 -1.9
v -1.6 0.5 -1.9
v -1.6 0.6 -1.9
v -1.6 0.9 -1.9
v -1.6 1.3 -1.9
v -1.6 2.3 -1.9
v -1.6 2.6 -1.9
v -1.6 2.7 -1.9
v -1.6 2.9 -1.9
v -1.6 3 -1.9
v -1.5 0.3 -1.9
v -1.5 0.4 -1.9
v -1.5 0.6 -1.9
v -1.5 0.7 -1.9
v -1.5 1.1 -1.9
v -1.5 2.1 -1.9
v -1.5 2.3 -1.9
v -1.5 2.5 -1.9
v -1.5 2.6 -1.9
v -1.5 2.8 -1.9
v -1.5 2.9 -1.9
v -1.4 0.3 -1.9
v -1.4 0.4 -1.9
v -1.4 0.5 -1.9
v -1.4 0.7 -1.9
v -1.4 0.8 -1.9
v -1.4 1.1 -1.9
v -1.4 2.1 -1.9
v -1.4 2.4 -1.9
v -1.4 2.5 -1.9
v -1.4 2.7 -1.9
v -1.4 2.8 -1.9
v -1.4 2.9 -1.9
v -1.3 0.5 -1.9
v -1.3 0.6 -1.9
v -1.3 0.8 -1.9
v -1.3 0.9 -1.9
v -1.3 2.3 -1.9
v -1.3 2.4 -1.9
v -1.3 2.6 -1.9
v -1.3 2.7 -1.9
v -1.2 0.6 -1.9
v -1.2 0.7 -1.9
v -1.2 0.9 -1.9
v -1.2 1 -1.9
v -1.2 2.2 -1.9
v -1.2 2.3 -1.9
v -1.2 2.5 -1.9
v -1.2 2.6 -1.9
v -1.1 0.6 -1.9
v -1.1 0.7 -1.9
v -1.1 0.8 -1.9
v -1.1 1 -1.9
v -1.1 1.1 -1.9
v -1.1 2.1 -1.9
v -1.1 2.2 -1.9
v -1.1 2.4 -1.9
v -1.1 2.5 -1.9
v -1.1 2.6 -1.9
v -1 0.3 -1.9
v -1 0.4 -1.9
v -1 0.7 -1.9
v -1 0.8 -1.9
v -1 0.9 -1.9
v -1 1.1 -1.9
v -1 1.2 -1.9
v -1 1.8 -1.9
v -1 2 -1.9
v -1 2.1 -1.9
v -1 2.3 -1.9
v -1 2.4 -1.9
v -1 2.7 -1.9
v -1 2.9 -1.9
v -0.9 0.4 -1.9
v -0.9 0.8 -1.9
v -0.9 0.9 -1.9
v -0.9 1 -1.9
v -0.9 1.2 -1.9
v -0.9 1.3 -1.9
v -0.9 1.8 -1.9
v -0.9 1.9 -1.9
v -0.9 2 -1.9
v -0.9 2.2 -1.9
v -0.9 2.3 -1.9
v -0.9 2.7 -1.9
v -0.8 0.8 -1.9
v -0.8 1 -1.9
v -0.8 1.1 -1.9
v -0.8 1.3 -1.9
v -0.8 1.4 -1.9
v -0.8 1.8 -1.9
v -0.8 1.9 -1.9
v -0.8 2.1 -1.9
v -0.8 2.2 -1.9
v -0.7 1.1 -1.9
v -0.7 1.2 -1.9
v -0.7 1.4 -1.9
v -0.7 1.5 -1.9
v -0.7 1.7 -1.9
v -0.7 1.8 -1.9
v -0.7 2 -1.9
v -0.7 2.1 -1.9
v -0.6 1.2 -1.9
v -0.6 1.3 -1.9
v -0.6 1.5 -1.9
v -0.6 1.6 -1.9
v -0.6 1.7 -1.9
v -0.6 1.9 -1.9
v -0.6 2 -1.9
v -0.5 1.1 -1.9
v -0.5 1.3 -1.9
v -0.5 1.4 -1.9
v -0.5 1.8 -1.9
v -0.5 1.9 -1.9
v -0.5 2.1 -1.9
v -0.4 0.6 -1.9
v -0.4 1.1 -1.9
v -0.4 1.4 -1.9
v -0.4 1.5 -1.9
v -0.4 1.7 -1.9
v -0.4 1.8 -1.9
v -0.4 2.1 -1.9
v -0.4 2.4 -1.9
v -0.3 0.4 -1.9
v -0.3 0.6 -1.9
v -0.3 1.2 -1.9
v -0.3 1.5 -1.9
v -0.3 1.7 -1.9
v -0.3 2.2 -1.9
v -0.3 2.4 -1.9
v -0.3 2.8 -1.9
v -0.3 3.2 -1.9
v -0.3 3.3 -1.9
v -0.2 0.3 -1.9
v -0.2 0.4 -1.9
v -0.2 0.8 -1.9
v -0.2 1.2 -1.9
v -0.2 1.4 -1.9
v -0.2 1.5 -1.9
v -0.2 1.7 -1.9
v -0.2 1.8 -1.9
v -0.2 2.2 -1.9
v -0.2 2.4 -1.9
v -0.0999999 0.2 -1.9
v -0.0999999 0.3 -1.9
v -0.0999999 0.8 -1.9
v -0.0999999 1.4 -1.9
v -0.0999999 1.8 -1.9
v -0.0999999 2.4 -1.9
v -0.0999999 2.8 -1.9
v -0.0999999 3 -1.9
v 0.1 0.2 -1.9
v 0.1 0.3 -1.9
v 0.1 0.8 -1.9
v 0.1 1.4 -1.9
v 0.1 1.8 -1.9
v 0.1 2.5 -1.9
v 0.1 2.8 -1.9
v 0.1 3 -1.9
v 0.1 3.2 -1.9
v 0.1 3.3 -1.9
v 0.2 0.3 -1.9
v 0.2 0.4 -1.9
v 0.2 0.8 -1.9
v 0.2 1.2 -1.9
v 0.2 1.4 -1.9
v 0.2 1.5 -1.9
v 0.2 1.7 -1.9
v 0.2 1.8 -1.9
v 0.2 2.1 -1.9
v 0.2 2.5 -1.9
v 0.3 0.4 -1.9
v 0.3 0.8 -1.9
v 0.3 1.2 -1.9
v 0.3 1.5 -1.9
v 0.3 1.7 -1.9
v 0.3 2.1 -1.9
v 0.3 2.5 -1.9
v 0.3 2.8 -1.9
v 0.4 0.8 -1.9
v 0.4 1.3 -1.9
v 0.4 1.4 -1.9
v 0.4 1.5 -1.9
v 0.4 1.7 -1.9
v 0.4 1.8 -1.9
v 0.4 2.1 -1.9
v 0.4 2.5 -1.9
v 0.5 1.3 -1.9
v 0.5 1.4 -1.9
v 0.5 1.8 -1.9
v 0.5 1.9 -1.9
v 0.5 2.1 -1.9
v 0.6 1.2 -1.9
v 0.6 1.3 -1.9
v 0.6 1.5 -1.9
v 0.6 1.6 -1.9
v 0.6 1.7 -1.9
v 0.6 1.9 -1.9
v 0.6 2 -1.9
v 0.7 1.1 -1.9
v 0.7 1.2 -1.9
v 0.7 1.4 -1.9
v 0.7 1.5 -1.9
v 0.7 1.7 -1.9
v 0.7 1.8 -1.9
v 0.7 2 -1.9
v 0.7 2.1 -1.9
v 0.8 1 -1.9
v 0.8 1.1 -1.9
v 0.8 1.3 -1.9
v 0.8 1.4 -1.9
v 0.8 1.8 -1.9
v 0.8 1.9 -1.9
v 0.8 2.1 -1.9
v 0.8 2.2 -1.9
v 0.9 0.6 -1.9
v 0.9 0.9 -1.9
v 0.9 1 -1.9
v 0.9 1.2 -1.9
v 0.9 1.3 -1.9
v 0.9 1.9 -1.9
v 0.9 2 -1.9
v 0.9 2.2 -1.9
v 0.9 2.3 -1.9
v 0.9 2.7 -1.9
v 1 0.4 -1.9
v 1 0.6 -1.9
v 1 0.8 -1.9
v 1 0.9 -1.9
v 1 1.1 -1.9
v 1 1.2 -1.9
v 1 2 -1.9
v 1 2.1 -1.9
v 1 2.3 -1.9
v 1 2.4 -1.9
v 1 2.7 -1.9
v 1 2.9 -1.9
v 1.1 0.3 -1.9
v 1.1 0.4 -1.9
v 1.1 0.6 -1.9
v 1.1 0.7 -1.9
v 1.1 0.8 -1.9
v 1.1 1 -1.9
v 1.1 1.1 -1.9
v 1.1 2.1 -1.9
v 1.1 2.2 -1.9
v 1.1 2.4 -1.9
v 1.1 2.5 -1.9
v 1.1 2.6 -1.9
v 1.2 0.6 -1.9
v 1.2 0.7 -1.9
v 1.2 0.9 -1.9
v 1.2 1 -1.9
v 1.2 2.2 -1.9
v 1.2 2.3 -1.9
v 1.2 2.5 -1.9
v 1.2 2.6 -1.9
v 1.3 0.3 -1.9
v 1.3 0.4 -1.9
v 1.3 0.5 -1.9
v 1.3 0.6 -1.9
v 1.3 0.8 -1.9
v 1.3 0.9 -1.9
v 1.3 2.3 -1.9
v 1.3 2.4 -1.9
v 1.3 2.6 -1.9
v 1.3 2.7 -1.9
v 1.4 0.4 -1.9
v 1.4 0.5 -1.9
v 1.4 0.7 -1.9
v 1.4 0.8 -1.9
v 1.4 1.2 -1.9
v 1.4 2 -1.9
v 1.4 2.4 -1.9
v 1.4 2.5 -1.9
v 1.4 2.7 -1.9
v 1.4 2.8 -1.9
v 1.4 2.9 -1.9
v 1.5 0.3 -1.9
v 1.5 0.4 -1.9
v 1.5 0.6 -1.9
v 1.5 0.7 -1.9
v 1.5 1 -1.9
v 1.5 1.2 -1.9
v 1.5 2 -1.9
v 1.5 2.3 -1.9
v 1.5 2.5 -1.9
v 1.5 2.6 -1.9
v 1.5 2.8 -1.9
v 1.5 2.9 -1.9
v 1.6 0.2 -1.9
v 1.6 0.3 -1.9
v 1.6 0.5 -1.9
v 1.6 0.6 -1.9
v 1.6 1 -1.9
v 1.6 1.5 -1.9
v 1.6 1.9 -1.9
v 1.6 2.3 -1.9
v 1.6 2.6 -1.9
v 1.6 2.7 -1.9
v 1.6 2.9 -1.9
v 1.6 3 -1.9
v 1.7 0.4 -1.9
v 1.7 0.5 -1.9
v 1.7 1.5 -1.9
v 1.7 1.9 -1.9
v 1.7 2.7 -1.9
v 1.7 2.8 -1.9
v 1.8 0.4 -1.9
v 1.8 2.8 -1.9
v -2 0 -2
v -2 0.2 -2
v -2 3.2 -2
v -1.9 0.1 -2
v -1.9 0.2 -2
v -1.9 0.3 -2
v -1.9 3 -2
v -1.8 0.3 -2
v -1.8 0.4 -2
v -1.8 2.8 -2
v -1.8 2.9 -2
v -1.8 3 -2
v -1.7 0.2 -2
v -1.7 0.3 -2
v -1.7 0.4 -2
v -1.7 0.5 -2
v -1.7 2.7 -2
v -1.7 2.8 -2
v -1.7 2.9 -2
v -1.6 0.2 -2
v -1.6 0.3 -2
v -1.6 0.4 -2
v -1.6 0.5 -2
v -1.6 0.6 -2
v -1.6 2.6 -2
v -1.6 2.7 -2
v -1.6 2.8 -2
v -1.6 2.9 -2
v -1.6 3 -2
v -1.6 3.1 -2
v -1.5 0.3 -2
v -1.5 0.4 -2
v -1.5 0.5 -2
v -1.5 0.6 -2
v -1.5 0.7 -2
v -1.5 2.5 -2
v -1.5 2.6 -2
v -1.5 2.7 -2
v -1.5 2.8 -2
v -1.5 2.9 -2
v -1.4 0.4 -2
v -1.4 0.5 -2
v -1.4 0.6 -2
v -1.4 0.7 -2
v -1.4 0.8 -2
v -1.4 2.4 -2
v -1.4 2.5 -2
v -1.4 2.6 -2
v -1.4 2.7 -2
v -1.4 2.8 -2
v -1.3 0.5 -2
v -1.3 0.6 -2
v -1.3 0.7 -2
v -1.3 0.8 -2
v -1.3 0.9 -2
v -1.3 2.3 -2
v -1.3 2.4 -2
v -1.3 2.5 -2
v -1.3 2.6 -2
v -1.3 2.7 -2
v -1.2 0.6 -2
v -1.2 0.7 -2
v -1.2 0.8 -2
v -1.2 0.9 -2
v -1.2 1 -2
v -1.2 2.2 -2
v -1.2 2.3 -2
v -1.2 2.4 -2
v -1.2 2.5 -2
v -1.2 2.6 -2
v -1.1 0.7 -2
v -1.1 0.8 -2
v -1.1 0.9 -2
v -1.1 1 -2
v -1.1 1.1 -2
v -1.1 2.1 -2
v -1.1 2.2 -2
v -1.1 2.3 -2
v -1.1 2.4 -2
v -1.1 2.5 -2
v -1 0.8 -2
v -1 0.9 -2
v -1 1 -2
v -1 1.1 -2
v -1 1.2 -2
v -1 2 -2
v -1 2.1 -2
v -1 2.2 -2
v -1 2.3 -2
v -1 2.4 -2
v -0.9 0.9 -2
v -0.9 1 -2
v -0.9 1.1 -2
v -0.9 1.2 -2
v -0.9 1.3 -2
v -0.9 1.9 -2
v -0.9 2 -2
v -0.9 2.1 -2
v -0.9 2.2 -2
v -0.9 2.3 -2
v -0.8 1 -2
v -0.8 1.1 -2
v -0.8 1.2 -2
v -0.8 1.3 -2
v -0.8 1.4 -2
v -0.8 1.8 -2
v -0.8 1.9 -2
v -0.8 2 -2
v -0.8 2.1 -2
v -0.8 2.2 -2
v -0.7 1.1 -2
v -0.7 1.2 -2
v -0.7 1.3 -2
v -0.7 1.4 -2
v -0.7 1.5 -2
v -0.7 1.7 -2
v -0.7 1.8 -2
v -0.7 1.9 -2
v -0.7 2 -2
v -0.7 2.1 -2
v -0.6 1.2 -2
v -0.6 1.3 -2
v -0.6 1.4 -2
v -0.6 1.5 -2
v -0.6 1.6 -2
v -0.6 1.7 -2
v -0.6 1.8 -2
v -0.6 1.9 -2
v -0.6 2 -2
v -0.5 1.3 -2
v -0.5 1.4 -2
v -0.5 1.5 -2
v -0.5 1.6 -2
v -0.5 1.7 -2
v -0.5 1.8 -2
v -0.5 1.9 -2
v -0.4 1.4 -2
v -0.4 1.5 -2
v -0.4 1.7 -2
v -0.4 1.8 -2
v -0.2 1.4 -2
v -0.2 1.5 -2
v -0.2 1.7 -2
v -0.2 1.8 -2
v -0.0999999 0.2 -2
v -0.0999999 1.4 -2
v -0.0999999 1.8 -2
v -0.0999999 3 -2
v -0.0999999 3.1 -2
v 0.1 0.2 -2
v 0.1 1.4 -2
v 0.1 1.8 -2
v 0.1 3 -2
v 0.1 3.1 -2
v 0.2 1.4 -2
v 0.2 1.5 -2
v 0.2 1.7 -2
v 0.2 1.8 -2
v 0.4 1.4 -2
v 0.4 1.5 -2
v 0.4 1.7 -2
v 0.4 1.8 -2
v 0.5 1.3 -2
v 0.5 1.4 -2
v 0.5 1.5 -2
v 0.5 1.6 -2
v 0.5 1.7 -2
v 0.5 1.8 -2
v 0.5 1.9 -2
v 0.6 1.2 -2
v 0.6 1.3 -2
v 0.6 1.4 -2
v 0.6 1.5 -2
v 0.6 1.6 -2
v 0.6 1.7 -2
v 0.6 1.8 -2
v 0.6 1.9 -2
v 0.6 2 -2
v 0.7 1.1 -2
v 0.7 1.2 -2
v 0.7 1.3 -2
v 0.7 1.4 -2
v 0.7 1.5 -2
v 0.7 1.7 -2
v 0.7 1.8 -2
v 0.7 1.9 -2
v 0.7 2 -2
v 0.7 2.1 -2
v 0.8 1 -2
v 0.8 1.1 -2
v 0.8 1.2 -2
v 0.8 1.3 -2
v 0.8 1.4 -2
v 0.8 1.8 -2
v 0.8 1.9 -2
v 0.8 2 -2
v 0.8 2.1 -2
v 0.8 2.2 -2
v 0.9 0.9 -2
v 0.9 1 -2
v 0.9 1.1 -2
v 0.9 1.2 -2
v 0.9 1.3 -2
v 0.9 1.9 -2
v 0.9 2 -2
v 0.9 2.1 -2
v 0.9 2.2 -2
v 0.9 2.3 -2
v 1 0.8 -2
v 1 0.9 -2
v 1 1 -2
v 1 1.1 -2
v 1 1.2 -2
v 1 2 -2
v 1 2.1 -2
v 1 2.2 -2
v 1 2.3 -2
v 1 2.4 -2
v 1.1 0.7 -2
v 1.1 0.8 -2
v 1.1 0.9 -2
v 1.1 1 -2
v 1.1 1.1 -2
v 1.1 2.1 -2
v 1.1 2.2 -2
v 1.1 2.3 -2
v 1.1 2.4 -2
v 1.1 2.5 -2
v 1.2 0.6 -2
v 1.2 0.7 -2
v 1.2 0.8 -2
v 1.2 0.9 -2
v 1.2 1 -2
v 1.2 2.2 -2
v 1.2 2.3 -2
v 1.2 2.4 -2
v 1.2 2.5 -2
v 1.2 2.6 -2
v 1.3 0.5 -2
v 1.3 0.6 -2
v 1.3 0.7 -2
v 1.3 0.8 -2
v 1.3 0.9 -2
v 1.3 2.3 -2
v 1.3 2.4 -2
v 1.3 2.5 -2
v 1.3 2.6 -2
v 1.3 2.7 -2
v 1.4 0.4 -2
v 1.4 0.5 -2
v 1.4 0.6 -2
v 1.4 0.7 -2
v 1.4 0.8 -2
v 1.4 2.4 -2
v 1.4 2.5 -2
v 1.4 2.6 -2
v 1.4 2.7 -2
v 1.4 2.8 -2
v 1.5 0.3 -2
v 1.5 0.4 -2
v 1.5 0.5 -2
v 1.5 0.6 -2
v 1.5 0.7 -2
v 1.5 2.5 -2
v 1.5 2.6 -2
v 1.5 2.7 -2
v 1.5 2.8 -2
v 1.5 2.9 -2
v 1.6 0.2 -2
v 1.6 0.3 -2
v 1.6 0.4 -2
v 1.6 0.5 -2
v 1.6 0.6 -2
v 1.6 2.6 -2
v 1.6 2.7 -2
v 1.6 2.8 -2
v 1.6 2.9 -2
v 1.6 3 -2
v 1.6 3.1 -2
v 1.7 0.2 -2
v 1.7 0.3 -2
v 1.7 0.4 -2
v 1.7 0.5 -2
v 1.7 2.7 -2
v 1.7 2.8 -2
v 1.7 2.9 -2
v 1.8 0.3 -2
v 1.8 0.4 -2
v 1.8 2.8 -2
v 1.8 2.9 -2
v 1.8 3 -2
v 1.9 0.1 -2
v 1.9 0.2 -2
v 1.9 0.3 -2
v 1.9 3 -2
v 2 0 -2
v 2 0.2 -2
v 2 3.2 -2
v -2 0 2
v 2 0 2
v -1.9 0 1.9
v 1.9 0 1.9
v -1.9 0 -1.9
v 1.9 0 -1.9
v -2 0 -2
v 2 0 -2
v -1.6 0.3 2
v -1.5 0.3 2
v 1.5 0.3 2
v 1.6 0.3 2
v -1.6 0.3 1.9
v -1.5 0.3 1.9
v 1.5 0.3 1.9
v 1.6 0.3 1.9
v -2 0.3 1.6
v -1.9 0.3 1.6
v 1.9 0.3 1.6
v 2 0.3 1.6
v -2 0.3 1.5
v -1.9 0.3 1.5
v 1.9 0.3 1.5
v 2 0.3 1.5
v -2 0.3 -1.5
v -1.9 0.3 -1.5
v 1.9 0.3 -1.5
v 2 0.3 -1.5
v -2 0.3 -1.6
v -1.9 0.3 -1.6
v 1.9 0.3 -1.6
v 2 0.3 -1.6
v -1.6 0.3 -1.9
v -1.5 0.3 -1.9
v 1.5 0.3 -1.9
v 1.6 0.3 -1.9
v -1.6 0.3 -2
v -1.5 0.3 -2
v 1.5 0.3 -2
v 1.6 0.3 -2
v -1.5 0.4 2
v -1.4 0.4 2
v 1.4 0.4 2
v 1.5 0.4 2
v -1.5 0.4 1.9
v -1.4 0.4 1.9
v 1.4 0.4 1.9
v 1.5 0.4 1.9
v -2 0.4 1.5
v -1.9 0.4 1.5
v 1.9 0.4 1.5
v 2 0.4 1.5
v -2 0.4 1.4
v -1.9 0.4 1.4
v 1.9 0.4 1.4
v 2 0.4 1.4
v -2 0.4 -1.4
v -1.9 0.4 -1.4
v 1.9 0.4 -1.4
v 2 0.4 -1.4
v -2 0.4 -1.5
v -1.9 0.4 -1.5
v 1.9 0.4 -1.5
v 2 0.4 -1.5
v -1.5 0.4 -1.9
v -1.4 0.4 -1.9
v 1.4 0.4 -1.9
v 1.5 0.4 -1.9
v -1.5 0.4 -2
v -1.4 0.4 -2
v 1.4 0.4 -2
v 1.5 0.4 -2
v -1.4 0.5 2
v -1.3 0.5 2
v 1.3 0.5 2
v 1.4 0.5 2
v -1.4 0.5 1.9
v -1.3 0.5 1.9
v 1.3 0.5 1.9
v 1.4 0.5 1.9
v -2 0.5 1.4
v -1.9 0.5 1.4
v 1.9 0.5 1.4
v 2 0.5 1.4
v -2 0.5 1.3
v -1.9 0.5 1.3
v 1.9 0.5 1.3
v 2 0.5 1.3
v -2 0.5 -1.3
v -1.9 0.5 -1.3
v 1.9 0.5 -1.3
v 2 0.5 -1.3
v -2 0.5 -1.4
v -1.9 0.5 -1.4
v 1.9 0.5 -1.4
v 2 0.5 -1.4
v -1.4 0.5 -1.9
v -1.3 0.5 -1.9
v 1.3 0.5 -1.9
v 1.4 0.5 -1.9
v -1.4 0.5 -2
v -1.3 0.5 -2
v 1.3 0.5 -2
v 1.4 0.5 -2
v -1.3 0.6 2
v -1.2 0.6 2
v 1.2 0.6 2
v 1.3 0.6 2
v -1.3 0.6 1.9
v -1.2 0.6 1.9
v 1.2 0.6 1.9
v 1.3 0.6 1.9
v -2 0.6 1.3
v -1.9 0.6 1.3
v 1.9 0.6 1.3
v 2 0.6 1.3
v -2 0.6 1.2
v -1.9 0.6 1.2
v 1.9 0.6 1.2
v 2 0.6 1.2
v -2 0.6 -1.2
v -1.9 0.6 -1.2
v 1.9 0.6 -1.2
v 2 0.6 -1.2
v -2 0.6 -1.3
v -1.9 0.6 -1.3
v 1.9 0.6 -1.3
v 2 0.6 -1.3
v -1.3 0.6 -1.9
v -1.2 0.6 -1.9
v 1.2 0.6 -1.9
v 1.3 0.6 -1.9
v -1.3 0.6 -2
v -1.2 0.6 -2
v 1.2 0.6 -2
v 1.3 0.6 -2
v -1.2 0.7 2
v -1.1 0.7 2
v 1.1 0.7 2
v 1.2 0.7 2
v -1.2 0.7 1.9
v -1.1 0.7 1.9
v 1.1 0.7 1.9
v 1.2 0.7 1.9
v -2 0.7 1.2
v -1.9 0.7 1.2
v 1.9 0.7 1.2
v 2 0.7 1.2
v -2 0.7 1.1
v -1.9 0.7 1.1
v 1.9 0.7 1.1
v 2 0.7 1.1
v -2 0.7 -1.1
v -1.9 0.7 -1.1
v 1.9 0.7 -1.1
v 2 0.7 -1.1
v -2 0.7 -1.2
v -1.9 0.7 -1.2
v 1.9 0.7 -1.2
v 2 0.7 -1.2
v -1.2 0.7 -1.9
v -1.1 0.7 -1.9
v 1.1 0.7 -1.9
v 1.2 0.7 -1.9
v -1.2 0.7 -2
v -1.1 0.7 -2
v 1.1 0.7 -2
v 1.2 0.7 -2
v -1.1 0.8 2
v -1 0.8 2
v 1 0.8 2
v 1.1 0.8 2
v -1.1 0.8 1.9
v -1 0.8 1.9
v 1 0.8 1.9
v 1.1 0.8 1.9
v -2 0.8 1.1
v -1.9 0.8 1.1
v 1.9 0.8 1.1
v 2 0.8 1.1
v -2 0.8 1
v -1.9 0.8 1
v 1.9 0.8 1
v 2 0.8 1
v -2 0.8 -1
v -1.9 0.8 -1
v 1.9 0.8 -1
v 2 0.8 -1
v -2 0.8 -1.1
v -1.9 0.8 -1.1
v 1.9 0.8 -1.1
v 2 0.8 -1.1
v -1.1 0.8 -1.9
v -1 0.8 -1.9
v 1 0.8 -1.9
v 1.1 0.8 -1.9
v -1.1 0.8 -2
v -1 0.8 -2
v 1 0.8 -2
v 1.1 0.8 -2
v -1 0.9 2
v -0.9 0.9 2
v 0.9 0.9 2
v 1 0.9 2
v -1 0.9 1.9
v -0.9 0.9 1.9
v 0.9 0.9 1.9
v 1 0.9 1.9
v -2 0.9 1
v -1.9 0.9 1
v 1.9 0.9 1
v 2 0.9 1
v -2 0.9 0.9
v -1.9 0.9 0.9
v 1.9 0.9 0.9
v 2 0.9 0.9
v -2 0.9 -0.9
v -1.9 0.9 -0.9
v 1.9 0.9 -0.9
v 2 0.9 -0.9
v -2 0.9 -1
v -1.9 0.9 -1
v 1.9 0.9 -1
v 2 0.9 -1
v -1 0.9 -1.9
v -0.9 0.9 -1.9
v 0.9 0.9 -1.9
v 1 0.9 -1.9
v -1 0.9 -2
v -0.9 0.9 -2
v 0.9 0.9 -2
v 1 0.9 -2
v -0.9 1 2
v -0.8 1 2
v 0.8 1 2
v 0.9 1 2
v -0.9 1 1.9
v -0.8 1 1.9
v 0.8 1 1.9
v 0.9 1 1.9
v -2 1 0.9
v -1.9 1 0.9
v 1.9 1 0.9
v 2 1 0.9
v -2 1 0.8
v -1.9 1 0.8
v 1.9 1 0.8
v 2 1 0.8
v -2 1 -0.8
v -1.9 1 -0.8
v 1.9 1 -0.8
v 2 1 -0.8
v -2 1 -0.9
v -1.9 1 -0.9
v 1.9 1 -0.9
v 2 1 -0.9
v -0.9 1 -1.9
v -0.8 1 -1.9
v 0.8 1 -1.9
v 0.9 1 -1.9
v -0.9 1 -2
v -0.8 1 -2
v 0.8 1 -2
v 0.9 1 -2
v -0.8 1.1 2
v -0.7 1.1 2
v 0.7 1.1 2
v 0.8 1.1 2
v -0.8 1.1 1.9
v -0.7 1.1 1.9
v 0.7 1.1 1.9
v 0.8 1.1 1.9
v -2 1.1 0.8
v -1.9 1.1 0.8
v 1.9 1.1 0.8
v 2 1.1 0.8
v -2 1.1 0.7
v -1.9 1.1 0.7
v 1.9 1.1 0.7
v 2 1.1 0.7
v -2 1.1 -0.7
v -1.9 1.1 -0.7
v 1.9 1.1 -0.7
v 2 1.1 -0.7
v -2 1.1 -0.8
v -1.9 1.1 -0.8
v 1.9 1.1 -0.8
v 2 1.1 -0.8
v -0.8 1.1 -1.9
v -0.7 1.1 -1.9
v 0.7 1.1 -1.9
v 0.8 1.1 -1.9
v -0.8 1.1 -2
v -0.7 1.1 -2
v 0.7 1.1 -2
v 0.8 1.1 -2
v -0.7 1.2 2
v -0.6 1.2 2
v 0.6 1.2 2
v 0.7 1.2 2
v -0.7 1.2 1.9
v -0.6 1.2 1.9
v 0.6 1.2 1.9
v 0.7 1.2 1.9
v -2 1.2 0.7
v -1.9 1.2 0.7
v 1.9 1.2 0.7
v 2 1.2 0.7
v -2 1.2 0.6
v -1.9 1.2 0.6
v 1.9 1.2 0.6
v 2 1.2 0.6
v -2 1.2 -0.6
v -1.9 1.2 -0.6
v 1.9 1.2 -0.6
v 2 1.2 -0.6
v -2 1.2 -0.7
v -1.9 1.2 -0.7
v 1.9 1.2 -0.7
v 2 1.2 -0.7
v -0.7 1.2 -1.9
v -0.6 1.2 -1.9
v 0.6 1.2 -1.9
v 0.7 1.2 -1.9
v -0.7 1.2 -2
v -0.6 1.2 -2
v 0.6 1.2 -2
v 0.7 1.2 -2
v -0.6 1.3 2
v -0.5 1.3 2
v 0.5 1.3 2
v 0.6 1.3 2
v -0.6 1.3 1.9
v -0.5 1.3 1.9
v 0.5 1.3 1.9
v 0.6 1.3 1.9
v -2 1.3 0.6
v -1.9 1.3 0.6
v 1.9 1.3 0.6
v 2 1.3 0.6
v -2 1.3 0.5
v -1.9 1.3 0.5
v 1.9 1.3 0.5
v 2 1.3 0.5
v -2 1.3 -0.5
v -1.9 1.3 -0.5
v 1.9 1.3 -0.5
v 2 1.3 -0.5
v -2 1.3 -0.6
v -1.9 1.3 -0.6
v 1.9 1.3 -0.6
v 2 1.3 -0.6
v -0.6 1.3 -1.9
v -0.5 1.3 -1.9
v 0.5 1.3 -1.9
v 0.6 1.3 -1.9
v -0.6 1.3 -2
v -0.5 1.3 -2
v 0.5 1.3 -2
v 0.6 1.3 -2
v -0.5 1.4 2
v -0.4 1.4 2
v -0.2 1.4 2
v -0.0999999 1.4 2
v 0.1 1.4 2
v 0.2 1.4 2
v 0.4 1.4 2
v 0.5 1.4 2
v -0.5 1.4 1.9
v -0.4 1.4 1.9
v -0.2 1.4 1.9
v -0.0999999 1.4 1.9
v 0.1 1.4 1.9
v 0.2 1.4 1.9
v 0.4 1.4 1.9
v 0.5 1.4 1.9
v -2 1.4 0.5
v -1.9 1.4 0.5
v 1.9 1.4 0.5
v 2 1.4 0.5
v -2 1.4 0.4
v -1.9 1.4 0.4
v 1.9 1.4 0.4
v 2 1.4 0.4
v -2 1.4 0.2
v -1.9 1.4 0.2
v 1.9 1.4 0.2
v 2 1.4 0.2
v -2 1.4 0.0999999
v -1.9 1.4 0.0999999
v 1.9 1.4 0.0999999
v 2 1.4 0.0999999
v -2 1.4 -0.1
v -1.9 1.4 -0.1
v 1.9 1.4 -0.1
v 2 1.4 -0.1
v -2 1.4 -0.2
v -1.9 1.4 -0.2
v 1.9 1.4 -0.2
v 2 1.4 -0.2
v -2 1.4 -0.4
v -1.9 1.4 -0.4
v 1.9 1.4 -0.4
v 2 1.4 -0.4
v -2 1.4 -0.5
v -1.9 1.4 -0.5
v 1.9 1.4 -0.5
v 2 1.4 -0.5
v -0.5 1.4 -1.9
v -0.4 1.4 -1.9
v -0.2 1.4 -1.9
v -0.0999999 1.4 -1.9
v 0.1 1.4 -1.9
v 0.2 1.4 -1.9
v 0.4 1.4 -1.9
v 0.5 1.4 -1.9
v -0.5 1.4 -2
v -0.4 1.4 -2
v -0.2 1.4 -2
v -0.0999999 1.4 -2
v 0.1 1.4 -2
v 0.2 1.4 -2
v 0.4 1.4 -2
v 0.5 1.4 -2
v -0.4 1.5 2
v -0.2 1.5 2
v 0.2 1.5 2
v 0.4 1.5 2
v -0.4 1.5 1.9
v -0.3 1.5 1.9
v -0.2 1.5 1.9
v 0.2 1.5 1.9
v 0.3 1.5 1.9
v 0.4 1.5 1.9
v -2 1.5 0.4
v -1.9 1.5 0.4
v 1.9 1.5 0.4
v 2 1.5 0.4
v -1.9 1.5 0.3
v 1.9 1.5 0.3
v -2 1.5 0.2
v -1.9 1.5 0.2
v 1.9 1.5 0.2
v 2 1.5 0.2
v -2 1.5 -0.2
v -1.9 1.5 -0.2
v 1.9 1.5 -0.2
v 2 1.5 -0.2
v -1.9 1.5 -0.3
v 1.9 1.5 -0.3
v -2 1.5 -0.4
v -1.9 1.5 -0.4
v 1.9 1.5 -0.4
v 2 1.5 -0.4
v -0.4 1.5 -1.9
v -0.3 1.5 -1.9
v -0.2 1.5 -1.9
v 0.2 1.5 -1.9
v 0.3 1.5 -1.9
v 0.4 1.5 -1.9
v -0.4 1.5 -2
v -0.2 1.5 -2
v 0.2 1.5 -2
v 0.4 1.5 -2
v -0.7 1.7 2
v -0.6 1.7 2
v 0.6 1.7 2
v 0.7 1.7 2
v -0.7 1.7 1.9
v -0.6 1.7 1.9
v 0.6 1.7 1.9
v 0.7 1.7 1.9
v -2 1.7 0.7
v -1.9 1.7 0.7
v 1.9 1.7 0.7
v 2 1.7 0.7
v -2 1.7 0.6
v -1.9 1.7 0.6
v 1.9 1.7 0.6
v 2 1.7 0.6
v -2 1.7 -0.6
v -1.9 1.7 -0.6
v 1.9 1.7 -0.6
v 2 1.7 -0.6
v -2 1.7 -0.7
v -1.9 1.7 -0.7
v 1.9 1.7 -0.7
v 2 1.7 -0.7
v -0.7 1.7 -1.9
v -0.6 1.7 -1.9
v 0.6 1.7 -1.9
v 0.7 1.7 -1.9
v -0.7 1.7 -2
v -0.6 1.7 -2
v 0.6 1.7 -2
v 0.7 1.7 -2
v -0.8 1.8 2
v -0.7 1.8 2
v 0.7 1.8 2
v 0.8 1.8 2
v -0.8 1.8 1.9
v -0.7 1.8 1.9
v 0.7 1.8 1.9
v 0.8 1.8 1.9
v -2 1.8 0.8
v -1.9 1.8 0.8
v 1.9 1.8 0.8
v 2 1.8 0.8
v -2 1.8 0.7
v -1.9 1.8 0.7
v 1.9 1.8 0.7
v 2 1.8 0.7
v -2 1.8 -0.7
v -1.9 1.8 -0.7
v 1.9 1.8 -0.7
v 2 1.8 -0.7
v -2 1.8 -0.8
v -1.9 1.8 -0.8
v 1.9 1.8 -0.8
v 2 1.8 -0.8
v -0.8 1.8 -1.9
v -0.7 1.8 -1.9
v 0.7 1.8 -1.9
v 0.8 1.8 -1.9
v -0.8 1.8 -2
v -0.7 1.8 -2
v 0.7 1.8 -2
v 0.8 1.8 -2
v -0.9 1.9 2
v -0.8 1.9 2
v 0.8 1.9 2
v 0.9 1.9 2
v -0.9 1.9 1.9
v -0.8 1.9 1.9
v 0.8 1.9 1.9
v 0.9 1.9 1.9
v -2 1.9 0.9
v -1.9 1.9 0.9
v 1.9 1.9 0.9
v 2 1.9 0.9
v -2 1.9 0.8
v -1.9 1.9 0.8
v 1.9 1.9 0.8
v 2 1.9 0.8
v -2 1.9 -0.8
v -1.9 1.9 -0.8
v 1.9 1.9 -0.8
v 2 1.9 -0.8
v -2 1.9 -0.9
v -1.9 1.9 -0.9
v 1.9 1.9 -0.9
v 2 1.9 -0.9
v -0.9 1.9 -1.9
v -0.8 1.9 -1.9
v 0.8 1.9 -1.9
v 0.9 1.9 -1.9
v -0.9 1.9 -2
v -0.8 1.9 -2
v 0.8 1.9 -2
v 0.9 1.9 -2
v -1 2 2
v -0.9 2 2
v 0.9 2 2
v 1 2 2
v -1 2 1.9
v -0.9 2 1.9
v 0.9 2 1.9
v 1 2 1.9
v -2 2 1
v -1.9 2 1
v 1.9 2 1
v 2 2 1
v -2 2 0.9
v -1.9 2 0.9
v 1.9 2 0.9
v 2 2 0.9
v -2 2 -0.9
v -1.9 2 -0.9
v 1.9 2 -0.9
v 2 2 -0.9
v -2 2 -1
v -1.9 2 -1
v 1.9 2 -1
v 2 2 -1
v -1 2 -1.9
v -0.9 2 -1.9
v 0.9 2 -1.9
v 1 2 -1.9
v -1 2 -2
v -0.9 2 -2
v 0.9 2 -2
v 1 2 -2
v -1.1 2.1 2
v -1 2.1 2
v 1 2.1 2
v 1.1 2.1 2
v -1.1 2.1 1.9
v -1 2.1 1.9
v 1 2.1 1.9
v 1.1 2.1 1.9
v -2 2.1 1.1
v -1.9 2.1 1.1
v 1.9 2.1 1.1
v 2 2.1 1.1
v -2 2.1 1
v -1.9 2.1 1
v 1.9 2.1 1
v 2 2.1 1
v -2 2.1 -1
v -1.9 2.1 -1
v 1.9 2.1 -1
v 2 2.1 -1
v -2 2.1 -1.1
v -1.9 2.1 -1.1
v 1.9 2.1 -1.1
v 2 2.1 -1.1
v -1.1 2.1 -1.9
v -1 2.1 -1.9
v 1 2.1 -1.9
v 1.1 2.1 -1.9
v -1.1 2.1 -2
v -1 2.1 -2
v 1 2.1 -2
v 1.1 2.1 -2
v -1.2 2.2 2
v -1.1 2.2 2
v 1.1 2.2 2
v 1.2 2.2 2
v -1.2 2.2 1.9
v -1.1 2.2 1.9
v 1.1 2.2 1.9
v 1.2 2.2 1.9
v -2 2.2 1.2
v -1.9 2.2 1.2
v 1.9 2.2 1.2
v 2 2.2 1.2
v -2 2.2 1.1
v -1.9 2.2 1.1
v 1.9 2.2 1.1
v 2 2.2 1.1
v -2 2.2 -1.1
v -1.9 2.2 -1.1
v 1.9 2.2 -1.1
v 2 2.2 -1.1
v -2 2.2 -1.2
v -1.9 2.2 -1.2
v 1.9 2.2 -1.2
v 2 2.2 -1.2
v -1.2 2.2 -1.9
v -1.1 2.2 -1.9
v 1.1 2.2 -1.9
v 1.2 2.2 -1.9
v -1.2 2.2 -2
v -1.1 2.2 -2
v 1.1 2.2 -2
v 1.2 2.2 -2
v -1.3 2.3 2
v -1.2 2.3 2
v 1.2 2.3 2
v 1.3 2.3 2
v -1.3 2.3 1.9
v -1.2 2.3 1.9
v 1.2 2.3 1.9
v 1.3 2.3 1.9
v -2 2.3 1.3
v -1.9 2.3 1.3
v 1.9 2.3 1.3
v 2 2.3 1.3
v -2 2.3 1.2
v -1.9 2.3 1.2
v 1.9 2.3 1.2
v 2 2.3 1.2
v -2 2.3 -1.2
v -1.9 2.3 -1.2
v 1.9 2.3 -1.2
v 2 2.3 -1.2
v -2 2.3 -1.3
v -1.9 2.3 -1.3
v 1.9 2.3 -1.3
v 2 2.3 -1.3
v -1.3 2.3 -1.9
v -1.2 2.3 -1.9
v 1.2 2.3 -1.9
v 1.3 2.3 -1.9
v -1.3 2.3 -2
v -1.2 2.3 -2
v 1.2 2.3 -2
v 1.3 2.3 -2
v -1.4 2.4 2
v -1.3 2.4 2
v 1.3 2.4 2
v 1.4 2.4 2
v -1.4 2.4 1.9
v -1.3 2.4 1.9
v 1.3 2.4 1.9
v 1.4 2.4 1.9
v -2 2.4 1.4
v -1.9 2.4 1.4
v 1.9 2.4 1.4
v 2 2.4 1.4
v -2 2.4 1.3
v -1.9 2.4 1.3
v 1.9 2.4 1.3
v 2 2.4 1.3
v -2 2.4 -1.3
v -1.9 2.4 -1.3
v 1.9 2.4 -1.3
v 2 2.4 -1.3
v -2 2.4 -1.4
v -1.9 2.4 -1.4
v 1.9 2.4 -1.4
v 2 2.4 -1.4
v -1.4 2.4 -1.9
v -1.3 2.4 -1.9
v 1.3 2.4 -1.9
v 1.4 2.4 -1.9
v -1.4 2.4 -2
v -1.3 2.4 -2
v 1.3 2.4 -2
v 1.4 2.4 -2
v -1.5 2.5 2
v -1.4 2.5 2
v 1.4 2.5 2
v 1.5 2.5 2
v -1.5 2.5 1.9
v -1.4 2.5 1.9
v 1.4 2.5 1.9
v 1.5 2.5 1.9
v -2 2.5 1.5
v -1.9 2.5 1.5
v 1.9 2.5 1.5
v 2 2.5 1.5
v -2 2.5 1.4
v -1.9 2.5 1.4
v 1.9 2.5 1.4
v 2 2.5 1.4
v -2 2.5 -1.4
v -1.9 2.5 -1.4
v 1.9 2.5 -1.4
v 2 2.5 -1.4
v -2 2.5 -1.5
v -1.9 2.5 -1.5
v 1.9 2.5 -1.5
v 2 2.5 -1.5
v -1.5 2.5 -1.9
v -1.4 2.5 -1.9
v 1.4 2.5 -1.9
v 1.5 2.5 -1.9
v -1.5 2.5 -2
v -1.4 2.5 -2
v 1.4 2.5 -2
v 1.5 2.5 -2
v -1.6 2.6 2
v -1.5 2.6 2
v 1.5 2.6 2
v 1.6 2.6 2
v -1.6 2.6 1.9
v -1.5 2.6 1.9
v 1.5 2.6 1.9
v 1.6 2.6 1.9
v -2 2.6 1.6
v -1.9 2.6 1.6
v 1.9 2.6 1.6
v 2 2.6 1.6
v -2 2.6 1.5
v -1.9 2.6 1.5
v 1.9 2.6 1.5
v 2 2.6 1.5
v -2 2.6 -1.5
v -1.9 2.6 -1.5
v 1.9 2.6 -1.5
v 2 2.6 -1.5
v -2 2.6 -1.6
v -1.9 2.6 -1.6
v 1.9 2.6 -1.6
v 2 2.6 -1.6
v -1.6 2.6 -1.9
v -1.5 2.6 -1.9
v 1.5 2.6 -1.9
v 1.6 2.6 -1.9
v -1.6 2.6 -2
v -1.5 2.6 -2
v 1.5 2.6 -2
v 1.6 2.6 -2
v -1.7 2.7 2
v -1.6 2.7 2
v 1.6 2.7 2
v 1.7 2.7 2
v -1.7 2.7 1.9
v -1.6 2.7 1.9
v 1.6 2.7 1.9
v 1.7 2.7 1.9
v -2 2.7 1.7
v -1.9 2.7 1.7
v 1.9 2.7 1.7
v 2 2.7 1.7
v -2 2.7 1.6
v -1.9 2.7 1.6
v 1.9 2.7 1.6
v 2 2.7 1.6
v -2 2.7 -1.6
v -1.9 2.7 -1.6
v 1.9 2.7 -1.6
v 2 2.7 -1.6
v -2 2.7 -1.7
v -1.9 2.7 -1.7
v 1.9 2.7 -1.7
v 2 2.7 -1.7
v -1.7 2.7 -1.9
v -1.6 2.7 -1.9
v 1.6 2.7 -1.9
v 1.7 2.7 -1.9
v -1.7 2.7 -2
v -1.6 2.7 -2
v 1.6 2.7 -2
v 1.7 2.7 -2
v -1.8 2.8 2
v -1.7 2.8 2
v 1.7 2.8 2
v 1.8 2.8 2
v -1.8 2.8 1.9
v -1.7 2.8 1.9
v 1.7 2.8 1.9
v 1.8 2.8 1.9
v -2 2.8 1.8
v -1.9 2.8 1.8
v 1.9 2.8 1.8
v 2 2.8 1.8
v -2 2.8 1.7
v -1.9 2.8 1.7
v 1.9 2.8 1.7
v 2 2.8 1.7
v -2 2.8 -1.7
v -1.9 2.8 -1.7
v 1.9 2.8 -1.7
v 2 2.8 -1.7
v -2 2.8 -1.8
v -1.9 2.8 -1.8
v 1.9 2.8 -1.8
v 2 2.8 -1.8
v -1.8 2.8 -1.9
v -1.7 2.8 -1.9
v 1.7 2.8 -1.9
v 1.8 2.8 -1.9
v -1.8 2.8 -2
v -1.7 2.8 -2
v 1.7 2.8 -2
v 1.8 2.8 -2
v -0.0999999 2.9 0.6
v 2.38419e-07 2.9 0.6
v -0.8 2.9 0.4
v -0.7 2.9 0.4
v -0.0999999 2.9 0.4
v 2.38419e-07 2.9 0.4
v 1 2.9 0.4
v 1.1 2.9 0.4
v -0.9 2.9 0.2
v -0.8 2.9 0.2
v -0.7 2.9 0.2
v 1.1 2.9 0.2
v 1.3 2.9 0.2
v 1.3 2.9 0.0999999
v 1.7 2.9 0.0999999
v -1.6 2.9 -2.38419e-07
v -1.5 2.9 -2.38419e-07
v -1.1 2.9 -2.38419e-07
v -1 2.9 -2.38419e-07
v -0.9 2.9 -2.38419e-07
v -0.8 2.9 -2.38419e-07
v -0.0999999 2.9 -2.38419e-07
v 2.38419e-07 2.9 -2.38419e-07
v 1 2.9 -2.38419e-07
v 1.2 2.9 -2.38419e-07
v 1.3 2.9 -2.38419e-07
v 1.7 2.9 -2.38419e-07
v -1.7 2.9 -0.1
v -1.6 2.9 -0.1
v -1.5 2.9 -0.1
v -1.2 2.9 -0.1
v -1.1 2.9 -0.1
v -1 2.9 -0.1
v 1.2 2.9 -0.1
v 1.3 2.9 -0.1
v -0.0999999 2.9 -0.2
v 2.38419e-07 2.9 -0.2
v -1.3 2.9 -0.3
v -1.2 2.9 -0.3
v -1.3 2.9 -0.7
v -1.2 2.9 -0.7
v -1.7 2.9 -0.9
v -1.5 2.9 -0.9
v -0.4 2.9 -0.9
v -0.3 2.9 -0.9
v -1.5 2.9 -1
v -1.2 2.9 -1
v 1.6 2.9 -1
v 1.7 2.9 -1
v -0.4 2.9 -1.1
v -0.3 2.9 -1.1
v 1.6 2.9 -1.2
v 1.7 2.9 -1.2
v -0.4 2.9 -1.5
v -0.3 2.9 -1.5
v -0.2 2.9 -1.6
v -0.0999999 2.9 -1.6
v -0.4 2.9 -1.7
v -0.3 2.9 -1.7
v -0.2 2.9 -1.7
v -0.0999999 2.9 -1.7
v -1.6 3 2
v -0.0999999 3 2
v 0.1 3 2
v 1.6 3 2
v -1.6 3 1.9
v -0.0999999 3 1.9
v 0.1 3 1.9
v 1.6 3 1.9
v -1.8 3 1.8
v 0.1 3 1.8
v 0.3 3 1.8
v 1.7 3 1.8
v -1.8 3 1.7
v 0.1 3 1.7
v 0.3 3 1.7
v 1.6 3 1.7
v 1.7 3 1.7
v -2 3 1.6
v -1.9 3 1.6
v 0.7 3 1.6
v 1 3 1.6
v 1.9 3 1.6
v 2 3 1.6
v 0.7 3 1.4
v 0.8 3 1.4
v 0.8 3 1.3
v 1 3 1.3
v -1.1 3 0.9
v -1 3 0.9
v 1.5 3 0.9
v 1.7 3 0.9
v -1.2 3 0.8
v -1.1 3 0.8
v 1.5 3 0.8
v 1.7 3 0.8
v -1.5 3 0.7
v -1.4 3 0.7
v -1.2 3 0.7
v -1 3 0.7
v -1.5 3 0.6
v -1.4 3 0.6
v 0.7 3 0.3
v 0.8 3 0.3
v -2 3 0.0999999
v -1.9 3 0.0999999
v 0.7 3 0.0999999
v 0.8 3 0.0999999
v 1.9 3 0.0999999
v 2 3 0.0999999
v -2 3 -0.1
v -1.9 3 -0.1
v 1.9 3 -0.1
v 2 3 -0.1
v -1.7 3 -0.9
v -1.5 3 -0.9
v -1.1 3 -0.9
v -1 3 -0.9
v -1.5 3 -1
v -1.1 3 -1
v -0.8 3 -1
v -0.5 3 -1
v -1.1 3 -1.1
v -1 3 -1.1
v -0.8 3 -1.1
v -0.6 3 -1.1
v -0.5 3 -1.1
v -1.7 3 -1.3
v -1.6 3 -1.3
v -1.2 3 -1.3
v -1.1 3 -1.3
v -0.6 3 -1.3
v -0.5 3 -1.3
v -1.6 3 -1.4
v -1.2 3 -1.4
v -0.6 3 -1.4
v -0.5 3 -1.4
v -2 3 -1.6
v -1.9 3 -1.6
v 1.6 3 -1.6
v 1.7 3 -1.6
v 1.9 3 -1.6
v 2 3 -1.6
v 1.6 3 -1.7
v 1.7 3 -1.7
v -1.6 3 -1.9
v -0.0999999 3 -1.9
v 0.1 3 -1.9
v 1.6 3 -1.9
v -1.6 3 -2
v -0.0999999 3 -2
v 0.1 3 -2
v 1.6 3 -2
v -1.6 3.1 0.9
v -1.5 3.1 0.9
v -1.6 3.1 0.8
v -1.5 3.1 0.8
v -1.7 3.1 0.5
v -1.6 3.1 0.5
v -1.7 3.1 0.4
v -1.6 3.1 0.4
v 0.8 3.1 0.3
v 0.9 3.1 0.3
v 0.8 3.1 0.2
v 0.9 3.1 0.2
v 1.5 3.1 -0.5
v 1.6 3.1 -0.5
v 1.7 3.1 -0.5
v 1.5 3.1 -0.6
v 1.6 3.1 -0.6
v 1.7 3.1 -0.6
v -1 3.1 -1.2
v -0.8 3.1 -1.2
v -0.7 3.1 -1.2
v -1.7 3.1 -1.3
v -1.6 3.1 -1.3
v -1.2 3.1 -1.3
v -1 3.1 -1.3
v -0.8 3.1 -1.3
v -0.7 3.1 -1.3
v -1.6 3.1 -1.4
v -1.2 3.1 -1.4
v -0.8 3.1 -1.4
v -0.6 3.1 -1.4
v -0.5 3.1 -1.4
v -0.9 3.1 -1.5
v -0.8 3.1 -1.5
v -0.6 3.1 -1.5
v -0.9 3.1 -1.6
v -0.8 3.1 -1.6
v -0.6 3.1 -1.6
v -0.5 3.1 -1.6
v -0.3 3.1 -1.6
v 0.1 3.1 -1.6
v 0.2 3.1 -1.6
v -1.7 3.1 -1.7
v -0.8 3.1 -1.7
v -0.5 3.1 -1.7
v -0.4 3.1 -1.7
v -0.3 3.1 -1.7
v 0.1 3.1 -1.7
v 0.2 3.1 -1.7
v -0.6 3.2 1.7
v -0.5 3.2 1.7
v -0.6 3.2 1.6
v -0.5 3.2 1.6
v -0.3 3.2 1.3
v -0.2 3.2 1.3
v -0.3 3.2 1.2
v -0.2 3.2 1.2
v -1.7 3.2 0.9
v -1.6 3.2 0.9
v -1.7 3.2 0.8
v -1.6 3.2 0.8
v -1.5 3.2 0.8
v -1.4 3.2 0.8
v -1.7 3.2 0.7
v -1.5 3.2 0.7
v -1.4 3.2 0.7
v 0.9 3.2 0.2
v 1 3.2 0.2
v 0.9 3.2 0.0999999
v 1 3.2 0.0999999
v -0.4 3.2 -0.9
v -0.3 3.2 -0.9
v -0.4 3.2 -1
v -0.3 3.2 -1
v -0.6 3.2 -1.1
v -0.5 3.2 -1.1
v -0.6 3.2 -1.2
v -0.5 3.2 -1.2
v -0.8 3.2 -1.3
v -0.7 3.2 -1.3
v -0.7 3.2 -1.4
v -0.6 3.2 -1.4
v -0.9 3.2 -1.5
v -0.8 3.2 -1.5
v -0.7 3.2 -1.5
v -0.6 3.2 -1.5
v -0.9 3.2 -1.6
v -0.8 3.2 -1.6
v -0.7 3.2 -1.6
v -0.4 3.3 1.3
v -0.3 3.3 1.3
v 0.7 3.3 1.3
v 0.8 3.3 1.3
v -0.4 3.3 1.2
v -0.3 3.3 1.2
v 0.7 3.3 1.2
v 0.8 3.3 1.2
v -1.4 3.3 0.8
v -1.3 3.3 0.8
v -1.4 3.3 0.7
v -1.3 3.3 0.7
v -1.6 3.3 0.5
v -1.5 3.3 0.5
v -1.6 3.3 0.2
v -1.5 3.3 0.2
v -0.5 3.3 -1.1
v -0.4 3.3 -1.1
v -0.5 3.3 -1.2
v -0.4 3.3 -1.2
v -0.8 3.7 0.3
v -0.7 3.7 0.3
v -0.8 3.7 0.2
v -0.7 3.7 0.2
v -1.6 0.2 2
v -0.0999999 0.2 2
v 0.1 0.2 2
v 1.6 0.2 2
v -1.6 0.2 1.9
v -0.0999999 0.2 1.9
v 0.1 0.2 1.9
v 1.6 0.2 1.9
v -1.8 0.2 1.8
v 1.7 0.2 1.8
v -1.8 0.2 1.7
v 1.7 0.2 1.7
v -2 0.2 1.6
v -1.9 0.2 1.6
v 1.9 0.2 1.6
v 2 0.2 1.6
v -2 0.2 0.0999999
v -1.9 0.2 0.0999999
v 1.9 0.2 0.0999999
v 2 0.2 0.0999999
v -2 0.2 -0.1
v -1.9 0.2 -0.1
v 1.9 0.2 -0.1
v 2 0.2 -0.1
v -2 0.2 -1.6
v -1.9 0.2 -1.6
v 1.9 0.2 -1.6
v 2 0.2 -1.6
v -1.6 0.2 -1.9
v -0.0999999 0.2 -1.9
v 0.1 0.2 -1.9
v 1.6 0.2 -1.9
v -1.6 0.2 -2
v -0.0999999 0.2 -2
v 0.1 0.2 -2
v 1.6 0.2 -2
v -1.8 0.4 2
v -1.7 0.4 2
v 1.7 0.4 2
v 1.8 0.4 2
v -1.8 0.4 1.9
v -1.7 0.4 1.9
v 1.7 0.4 1.9
v 1.8 0.4 1.9
v -2 0.4 1.8
v -1.9 0.4 1.8
v 1.9 0.4 1.8
v 2 0.4 1.8
v -2 0.4 1.7
v -1.9 0.4 1.7
v 1.9 0.4 1.7
v 2 0.4 1.7
v -2 0.4 -1.7
v -1.9 0.4 -1.7
v 1.9 0.4 -1.7
v 2 0.4 -1.7
v -2 0.4 -1.8
v -1.9 0.4 -1.8
v 1.9 0.4 -1.8
v 2 0.4 -1.8
v -1.8 0.4 -1.9
v -1.7 0.4 -1.9
v 1.7 0.4 -1.9
v 1.8 0.4 -1.9
v -1.8 0.4 -2
v -1.7 0.4 -2
v 1.7 0.4 -2
v 1.8 0.4 -2
v -1.7 0.5 2
v -1.6 0.5 2
v 1.6 0.5 2
v 1.7 0.5 2
v -1.7 0.5 1.9
v -1.6 0.5 1.9
v 1.6 0.5 1.9
v 1.7 0.5 1.9
v -2 0.5 1.7
v -1.9 0.5 1.7
v 1.9 0.5 1.7
v 2 0.5 1.7
v -2 0.5 1.6
v -1.9 0.5 1.6
v 1.9 0.5 1.6
v 2 0.5 1.6
v -2 0.5 -1.6
v -1.9 0.5 -1.6
v 1.9 0.5 -1.6
v 2 0.5 -1.6
v -2 0.5 -1.7
v -1.9 0.5 -1.7
v 1.9 0.5 -1.7
v 2 0.5 -1.7
v -1.7 0.5 -1.9
v -1.6 0.5 -1.9
v 1.6 0.5 -1.9
v 1.7 0.5 -1.9
v -1.7 0.5 -2
v -1.6 0.5 -2
v 1.6 0.5 -2
v 1.7 0.5 -2
v -1.6 0.6 2
v -1.5 0.6 2
v 1.5 0.6 2
v 1.6 0.6 2
v -1.6 0.6 1.9
v -1.5 0.6 1.9
v 1.5 0.6 1.9
v 1.6 0.6 1.9
v -2 0.6 1.6
v -1.9 0.6 1.6
v 1.9 0.6 1.6
v 2 0.6 1.6
v -2 0.6 1.5
v -1.9 0.6 1.5
v 1.9 0.6 1.5
v 2 0.6 1.5
v -2 0.6 -1.5
v -1.9 0.6 -1.5
v 1.9 0.6 -1.5
v 2 0.6 -1.5
v -2 0.6 -1.6
v -1.9 0.6 -1.6
v 1.9 0.6 -1.6
v 2 0.6 -1.6
v -1.6 0.6 -1.9
v -1.5 0.6 -1.9
v 1.5 0.6 -1.9
v 1.6 0.6 -1.9
v -1.6 0.6 -2
v -1.5 0.6 -2
v 1.5 0.6 -2
v 1.6 0.6 -2
v -1.5 0.7 2
v -1.4 0.7 2
v 1.4 0.7 2
v 1.5 0.7 2
v -1.5 0.7 1.9
v -1.4 0.7 1.9
v 1.4 0.7 1.9
v 1.5 0.7 1.9
v -2 0.7 1.5
v -1.9 0.7 1.5
v 1.9 0.7 1.5
v 2 0.7 1.5
v -2 0.7 1.4
v -1.9 0.7 1.4
v 1.9 0.7 1.4
v 2 0.7 1.4
v -2 0.7 -1.4
v -1.9 0.7 -1.4
v 1.9 0.7 -1.4
v 2 0.7 -1.4
v -2 0.7 -1.5
v -1.9 0.7 -1.5
v 1.9 0.7 -1.5
v 2 0.7 -1.5
v -1.5 0.7 -1.9
v -1.4 0.7 -1.9
v 1.4 0.7 -1.9
v 1.5 0.7 -1.9
v -1.5 0.7 -2
v -1.4 0.7 -2
v 1.4 0.7 -2
v 1.5 0.7 -2
v -1.4 0.8 2
v -1.3 0.8 2
v 1.3 0.8 2
v 1.4 0.8 2
v -1.4 0.8 1.9
v -1.3 0.8 1.9
v 1.3 0.8 1.9
v 1.4 0.8 1.9
v -2 0.8 1.4
v -1.9 0.8 1.4
v 1.9 0.8 1.4
v 2 0.8 1.4
v -2 0.8 1.3
v -1.9 0.8 1.3
v 1.9 0.8 1.3
v 2 0.8 1.3
v -2 0.8 -1.3
v -1.9 0.8 -1.3
v 1.9 0.8 -1.3
v 2 0.8 -1.3
v -2 0.8 -1.4
v -1.9 0.8 -1.4
v 1.9 0.8 -1.4
v 2 0.8 -1.4
v -1.4 0.8 -1.9
v -1.3 0.8 -1.9
v 1.3 0.8 -1.9
v 1.4 0.8 -1.9
v -1.4 0.8 -2
v -1.3 0.8 -2
v 1.3 0.8 -2
v 1.4 0.8 -2
v -1.3 0.9 2
v -1.2 0.9 2
v 1.2 0.9 2
v 1.3 0.9 2
v -1.3 0.9 1.9
v -1.2 0.9 1.9
v 1.2 0.9 1.9
v 1.3 0.9 1.9
v -2 0.9 1.3
v -1.9 0.9 1.3
v 1.9 0.9 1.3
v 2 0.9 1.3
v -2 0.9 1.2
v -1.9 0.9 1.2
v 1.9 0.9 1.2
v 2 0.9 1.2
v -2 0.9 -1.2
v -1.9 0.9 -1.2
v 1.9 0.9 -1.2
v 2 0.9 -1.2
v -2 0.9 -1.3
v -1.9 0.9 -1.3
v 1.9 0.9 -1.3
v 2 0.9 -1.3
v -1.3 0.9 -1.9
v -1.2 0.9 -1.9
v 1.2 0.9 -1.9
v 1.3 0.9 -1.9
v -1.3 0.9 -2
v -1.2 0.9 -2
v 1.2 0.9 -2
v 1.3 0.9 -2
v -1.2 1 2
v -1.1 1 2
v 1.1 1 2
v 1.2 1 2
v -1.2 1 1.9
v -1.1 1 1.9
v 1.1 1 1.9
v 1.2 1 1.9
v -2 1 1.2
v -1.9 1 1.2
v 1.9 1 1.2
v 2 1 1.2
v -2 1 1.1
v -1.9 1 1.1
v 1.9 1 1.1
v 2 1 1.1
v -2 1 -1.1
v -1.9 1 -1.1
v 1.9 1 -1.1
v 2 1 -1.1
v -2 1 -1.2
v -1.9 1 -1.2
v 1.9 1 -1.2
v 2 1 -1.2
v -1.2 1 -1.9
v -1.1 1 -1.9
v 1.1 1 -1.9
v 1.2 1 -1.9
v -1.2 1 -2
v -1.1 1 -2
v 1.1 1 -2
v 1.2 1 -2
v -1.1 1.1 2
v -1 1.1 2
v 1 1.1 2
v 1.1 1.1 2
v -1.1 1.1 1.9
v -1 1.1 1.9
v 1 1.1 1.9
v 1.1 1.1 1.9
v -2 1.1 1.1
v -1.9 1.1 1.1
v 1.9 1.1 1.1
v 2 1.1 1.1
v -2 1.1 1
v -1.9 1.1 1
v 1.9 1.1 1
v 2 1.1 1
v -2 1.1 -1
v -1.9 1.1 -1
v 1.9 1.1 -1
v 2 1.1 -1
v -2 1.1 -1.1
v -1.9 1.1 -1.1
v 1.9 1.1 -1.1
v 2 1.1 -1.1
v -1.1 1.1 -1.9
v -1 1.1 -1.9
v 1 1.1 -1.9
v 1.1 1.1 -1.9
v -1.1 1.1 -2
v -1 1.1 -2
v 1 1.1 -2
v 1.1 1.1 -2
v -1 1.2 2
v -0.9 1.2 2
v 0.9 1.2 2
v 1 1.2 2
v -1 1.2 1.9
v -0.9 1.2 1.9
v 0.9 1.2 1.9
v 1 1.2 1.9
v -2 1.2 1
v -1.9 1.2 1
v 1.9 1.2 1
v 2 1.2 1
v -2 1.2 0.9
v -1.9 1.2 0.9
v 1.9 1.2 0.9
v 2 1.2 0.9
v -2 1.2 -0.9
v -1.9 1.2 -0.9
v 1.9 1.2 -0.9
v 2 1.2 -0.9
v -2 1.2 -1
v -1.9 1.2 -1
v 1.9 1.2 -1
v 2 1.2 -1
v -1 1.2 -1.9
v -0.9 1.2 -1.9
v 0.9 1.2 -1.9
v 1 1.2 -1.9
v -1 1.2 -2
v -0.9 1.2 -2
v 0.9 1.2 -2
v 1 1.2 -2
v -0.9 1.3 2
v -0.8 1.3 2
v 0.8 1.3 2
v 0.9 1.3 2
v -0.9 1.3 1.9
v -0.8 1.3 1.9
v 0.8 1.3 1.9
v 0.9 1.3 1.9
v -2 1.3 0.9
v -1.9 1.3 0.9
v 1.9 1.3 0.9
v 2 1.3 0.9
v -2 1.3 0.8
v -1.9 1.3 0.8
v 1.9 1.3 0.8
v 2 1.3 0.8
v -2 1.3 -0.8
v -1.9 1.3 -0.8
v 1.9 1.3 -0.8
v 2 1.3 -0.8
v -2 1.3 -0.9
v -1.9 1.3 -0.9
v 1.9 1.3 -0.9
v 2 1.3 -0.9
v -0.9 1.3 -1.9
v -0.8 1.3 -1.9
v 0.8 1.3 -1.9
v 0.9 1.3 -1.9
v -0.9 1.3 -2
v -0.8 1.3 -2
v 0.8 1.3 -2
v 0.9 1.3 -2
v -0.8 1.4 2
v -0.7 1.4 2
v 0.7 1.4 2
v 0.8 1.4 2
v -0.8 1.4 1.9
v -0.7 1.4 1.9
v 0.7 1.4 1.9
v 0.8 1.4 1.9
v -2 1.4 0.8
v -1.9 1.4 0.8
v 1.9 1.4 0.8
v 2 1.4 0.8
v -2 1.4 0.7
v -1.9 1.4 0.7
v 1.9 1.4 0.7
v 2 1.4 0.7
v -2 1.4 -0.7
v -1.9 1.4 -0.7
v 1.9 1.4 -0.7
v 2 1.4 -0.7
v -2 1.4 -0.8
v -1.9 1.4 -0.8
v 1.9 1.4 -0.8
v 2 1.4 -0.8
v -0.8 1.4 -1.9
v -0.7 1.4 -1.9
v 0.7 1.4 -1.9
v 0.8 1.4 -1.9
v -0.8 1.4 -2
v -0.7 1.4 -2
v 0.7 1.4 -2
v 0.8 1.4 -2
v -0.7 1.5 2
v -0.6 1.5 2
v 0.6 1.5 2
v 0.7 1.5 2
v -0.7 1.5 1.9
v -0.6 1.5 1.9
v 0.6 1.5 1.9
v 0.7 1.5 1.9
v -2 1.5 0.7
v -1.9 1.5 0.7
v 1.9 1.5 0.7
v 2 1.5 0.7
v -2 1.5 0.6
v -1.9 1.5 0.6
v 1.9 1.5 0.6
v 2 1.5 0.6
v -2 1.5 -0.6
v -1.9 1.5 -0.6
v 1.9 1.5 -0.6
v 2 1.5 -0.6
v -2 1.5 -0.7
v -1.9 1.5 -0.7
v 1.9 1.5 -0.7
v 2 1.5 -0.7
v -0.7 1.5 -1.9
v -0.6 1.5 -1.9
v 0.6 1.5 -1.9
v 0.7 1.5 -1.9
v -0.7 1.5 -2
v -0.6 1.5 -2
v 0.6 1.5 -2
v 0.7 1.5 -2
v -0.4 1.7 2
v -0.2 1.7 2
v 0.2 1.7 2
v 0.4 1.7 2
v -0.4 1.7 1.9
v -0.3 1.7 1.9
v -0.2 1.7 1.9
v 0.2 1.7 1.9
v 0.3 1.7 1.9
v 0.4 1.7 1.9
v -2 1.7 0.4
v -1.9 1.7 0.4
v 1.9 1.7 0.4
v 2 1.7 0.4
v -1.9 1.7 0.3
v 1.9 1.7 0.3
v -2 1.7 0.2
v -1.9 1.7 0.2
v 1.9 1.7 0.2
v 2 1.7 0.2
v -2 1.7 -0.2
v -1.9 1.7 -0.2
v 1.9 1.7 -0.2
v 2 1.7 -0.2
v -1.9 1.7 -0.3
v 1.9 1.7 -0.3
v -2 1.7 -0.4
v -1.9 1.7 -0.4
v 1.9 1.7 -0.4
v 2 1.7 -0.4
v -0.4 1.7 -1.9
v -0.3 1.7 -1.9
v -0.2 1.7 -1.9
v 0.2 1.7 -1.9
v 0.3 1.7 -1.9
v 0.4 1.7 -1.9
v -0.4 1.7 -2
v -0.2 1.7 -2
v 0.2 1.7 -2
v 0.4 1.7 -2
v -0.5 1.8 2
v -0.4 1.8 2
v -0.2 1.8 2
v -0.0999999 1.8 2
v 0.1 1.8 2
v 0.2 1.8 2
v 0.4 1.8 2
v 0.5 1.8 2
v -0.5 1.8 1.9
v -0.4 1.8 1.9
v -0.2 1.8 1.9
v -0.0999999 1.8 1.9
v 0.1 1.8 1.9
v 0.2 1.8 1.9
v 0.4 1.8 1.9
v 0.5 1.8 1.9
v -2 1.8 0.5
v -1.9 1.8 0.5
v 1.9 1.8 0.5
v 2 1.8 0.5
v -2 1.8 0.4
v -1.9 1.8 0.4
v 1.9 1.8 0.4
v 2 1.8 0.4
v -2 1.8 0.2
v -1.9 1.8 0.2
v 1.9 1.8 0.2
v 2 1.8 0.2
v -2 1.8 0.0999999
v -1.9 1.8 0.0999999
v 1.9 1.8 0.0999999
v 2 1.8 0.0999999
v -2 1.8 -0.1
v -1.9 1.8 -0.1
v 1.9 1.8 -0.1
v 2 1.8 -0.1
v -2 1.8 -0.2
v -1.9 1.8 -0.2
v 1.9 1.8 -0.2
v 2 1.8 -0.2
v -2 1.8 -0.4
v -1.9 1.8 -0.4
v 1.9 1.8 -0.4
v 2 1.8 -0.4
v -2 1.8 -0.5
v -1.9 1.8 -0.5
v 1.9 1.8 -0.5
v 2 1.8 -0.5
v -0.5 1.8 -1.9
v -0.4 1.8 -1.9
v -0.2 1.8 -1.9
v -0.0999999 1.8 -1.9
v 0.1 1.8 -1.9
v 0.2 1.8 -1.9
v 0.4 1.8 -1.9
v 0.5 1.8 -1.9
v -0.5 1.8 -2
v -0.4 1.8 -2
v -0.2 1.8 -2
v -0.0999999 1.8 -2
v 0.1 1.8 -2
v 0.2 1.8 -2
v 0.4 1.8 -2
v 0.5 1.8 -2
v -0.6 1.9 2
v -0.5 1.9 2
v 0.5 1.9 2
v 0.6 1.9 2
v -0.6 1.9 1.9
v -0.5 1.9 1.9
v 0.5 1.9 1.9
v 0.6 1.9 1.9
v -2 1.9 0.6
v -1.9 1.9 0.6
v 1.9 1.9 0.6
v 2 1.9 0.6
v -2 1.9 0.5
v -1.9 1.9 0.5
v 1.9 1.9 0.5
v 2 1.9 0.5
v -2 1.9 -0.5
v -1.9 1.9 -0.5
v 1.9 1.9 -0.5
v 2 1.9 -0.5
v -2 1.9 -0.6
v -1.9 1.9 -0.6
v 1.9 1.9 -0.6
v 2 1.9 -0.6
v -0.6 1.9 -1.9
v -0.5 1.9 -1.9
v 0.5 1.9 -1.9
v 0.6 1.9 -1.9
v -0.6 1.9 -2
v -0.5 1.9 -2
v 0.5 1.9 -2
v 0.6 1.9 -2
v -0.7 2 2
v -0.6 2 2
v 0.6 2 2
v 0.7 2 2
v -0.7 2 1.9
v -0.6 2 1.9
v 0.6 2 1.9
v 0.7 2 1.9
v -2 2 0.7
v -1.9 2 0.7
v 1.9 2 0.7
v 2 2 0.7
v -2 2 0.6
v -1.9 2 0.6
v 1.9 2 0.6
v 2 2 0.6
v -2 2 -0.6
v -1.9 2 -0.6
v 1.9 2 -0.6
v 2 2 -0.6
v -2 2 -0.7
v -1.9 2 -0.7
v 1.9 2 -0.7
v 2 2 -0.7
v -0.7 2 -1.9
v -0.6 2 -1.9
v 0.6 2 -1.9
v 0.7 2 -1.9
v -0.7 2 -2
v -0.6 2 -2
v 0.6 2 -2
v 0.7 2 -2
v -0.8 2.1 2
v -0.7 2.1 2
v 0.7 2.1 2
v 0.8 2.1 2
v -0.8 2.1 1.9
v -0.7 2.1 1.9
v 0.7 2.1 1.9
v 0.8 2.1 1.9
v -2 2.1 0.8
v -1.9 2.1 0.8
v 1.9 2.1 0.8
v 2 2.1 0.8
v -2 2.1 0.7
v -1.9 2.1 0.7
v 1.9 2.1 0.7
v 2 2.1 0.7
v -2 2.1 -0.7
v -1.9 2.1 -0.7
v 1.9 2.1 -0.7
v 2 2.1 -0.7
v -2 2.1 -0.8
v -1.9 2.1 -0.8
v 1.9 2.1 -0.8
v 2 2.1 -0.8
v -0.8 2.1 -1.9
v -0.7 2.1 -1.9
v 0.7 2.1 -1.9
v 0.8 2.1 -1.9
v -0.8 2.1 -2
v -0.7 2.1 -2
v 0.7 2.1 -2
v 0.8 2.1 -2
v -0.9 2.2 2
v -0.8 2.2 2
v 0.8 2.2 2
v 0.9 2.2 2
v -0.9 2.2 1.9
v -0.8 2.2 1.9
v 0.8 2.2 1.9
v 0.9 2.2 1.9
v -2 2.2 0.9
v -1.9 2.2 0.9
v 1.9 2.2 0.9
v 2 2.2 0.9
v -2 2.2 0.8
v -1.9 2.2 0.8
v 1.9 2.2 0.8
v 2 2.2 0.8
v -2 2.2 -0.8
v -1.9 2.2 -0.8
v 1.9 2.2 -0.8
v 2 2.2 -0.8
v -2 2.2 -0.9
v -1.9 2.2 -0.9
v 1.9 2.2 -0.9
v 2 2.2 -0.9
v -0.9 2.2 -1.9
v -0.8 2.2 -1.9
v 0.8 2.2 -1.9
v 0.9 2.2 -1.9
v -0.9 2.2 -2
v -0.8 2.2 -2
v 0.8 2.2 -2
v 0.9 2.2 -2
v -1 2.3 2
v -0.9 2.3 2
v 0.9 2.3 2
v 1 2.3 2
v -1 2.3 1.9
v -0.9 2.3 1.9
v 0.9 2.3 1.9
v 1 2.3 1.9
v -2 2.3 1
v -1.9 2.3 1
v 1.9 2.3 1
v 2 2.3 1
v -2 2.3 0.9
v -1.9 2.3 0.9
v 1.9 2.3 0.9
v 2 2.3 0.9
v -2 2.3 -0.9
v -1.9 2.3 -0.9
v 1.9 2.3 -0.9
v 2 2.3 -0.9
v -2 2.3 -1
v -1.9 2.3 -1
v 1.9 2.3 -1
v 2 2.3 -1
v -1 2.3 -1.9
v -0.9 2.3 -1.9
v 0.9 2.3 -1.9
v 1 2.3 -1.9
v -1 2.3 -2
v -0.9 2.3 -2
v 0.9 2.3 -2
v 1 2.3 -2
v -1.1 2.4 2
v -1 2.4 2
v 1 2.4 2
v 1.1 2.4 2
v -1.1 2.4 1.9
v -1 2.4 1.9
v 1 2.4 1.9
v 1.1 2.4 1.9
v -2 2.4 1.1
v -1.9 2.4 1.1
v 1.9 2.4 1.1
v 2 2.4 1.1
v -2 2.4 1
v -1.9 2.4 1
v 1.9 2.4 1
v 2 2.4 1
v -2 2.4 -1
v -1.9 2.4 -1
v 1.9 2.4 -1
v 2 2.4 -1
v -2 2.4 -1.1
v -1.9 2.4 -1.1
v 1.9 2.4 -1.1
v 2 2.4 -1.1
v -1.1 2.4 -1.9
v -1 2.4 -1.9
v 1 2.4 -1.9
v 1.1 2.4 -1.9
v -1.1 2.4 -2
v -1 2.4 -2
v 1 2.4 -2
v 1.1 2.4 -2
v -1.2 2.5 2
v -1.1 2.5 2
v 1.1 2.5 2
v 1.2 2.5 2
v -1.2 2.5 1.9
v -1.1 2.5 1.9
v 1.1 2.5 1.9
v 1.2 2.5 1.9
v -2 2.5 1.2
v -1.9 2.5 1.2
v 1.9 2.5 1.2
v 2 2.5 1.2
v -2 2.5 1.1
v -1.9 2.5 1.1
v 1.9 2.5 1.1
v 2 2.5 1.1
v -2 2.5 -1.1
v -1.9 2.5 -1.1
v 1.9 2.5 -1.1
v 2 2.5 -1.1
v -2 2.5 -1.2
v -1.9 2.5 -1.2
v 1.9 2.5 -1.2
v 2 2.5 -1.2
v -1.2 2.5 -1.9
v -1.1 2.5 -1.9
v 1.1 2.5 -1.9
v 1.2 2.5 -1.9
v -1.2 2.5 -2
v -1.1 2.5 -2
v 1.1 2.5 -2
v 1.2 2.5 -2
v -1.3 2.6 2
v -1.2 2.6 2
v 1.2 2.6 2
v 1.3 2.6 2
v -1.3 2.6 1.9
v -1.2 2.6 1.9
v 1.2 2.6 1.9
v 1.3 2.6 1.9
v -2 2.6 1.3
v -1.9 2.6 1.3
v 1.9 2.6 1.3
v 2 2.6 1.3
v -2 2.6 1.2
v -1.9 2.6 1.2
v 1.9 2.6 1.2
v 2 2.6 1.2
v -2 2.6 -1.2
v -1.9 2.6 -1.2
v 1.9 2.6 -1.2
v 2 2.6 -1.2
v -2 2.6 -1.3
v -1.9 2.6 -1.3
v 1.9 2.6 -1.3
v 2 2.6 -1.3
v -1.3 2.6 -1.9
v -1.2 2.6 -1.9
v 1.2 2.6 -1.9
v 1.3 2.6 -1.9
v -1.3 2.6 -2
v -1.2 2.6 -2
v 1.2 2.6 -2
v 1.3 2.6 -2
v -1.4 2.7 2
v -1.3 2.7 2
v 1.3 2.7 2
v 1.4 2.7 2
v -1.4 2.7 1.9
v -1.3 2.7 1.9
v 1.3 2.7 1.9
v 1.4 2.7 1.9
v -2 2.7 1.4
v -1.9 2.7 1.4
v 1.9 2.7 1.4
v 2 2.7 1.4
v -2 2.7 1.3
v -1.9 2.7 1.3
v 1.9 2.7 1.3
v 2 2.7 1.3
v -2 2.7 -1.3
v -1.9 2.7 -1.3
v 1.9 2.7 -1.3
v 2 2.7 -1.3
v -2 2.7 -1.4
v -1.9 2.7 -1.4
v 1.9 2.7 -1.4
v 2 2.7 -1.4
v -1.4 2.7 -1.9
v -1.3 2.7 -1.9
v 1.3 2.7 -1.9
v 1.4 2.7 -1.9
v -1.4 2.7 -2
v -1.3 2.7 -2
v 1.3 2.7 -2
v 1.4 2.7 -2
v -1.5 2.8 2
v -1.4 2.8 2
v 1.4 2.8 2
v 1.5 2.8 2
v -1.5 2.8 1.9
v -1.4 2.8 1.9
v 1.4 2.8 1.9
v 1.5 2.8 1.9
v -2 2.8 1.5
v -1.9 2.8 1.5
v 1.9 2.8 1.5
v 2 2.8 1.5
v -2 2.8 1.4
v -1.9 2.8 1.4
v 1.9 2.8 1.4
v 2 2.8 1.4
v -0.0999999 2.8 0.6
v 2.38419e-07 2.8 0.6
v -0.8 2.8 0.4
v -0.7 2.8 0.4
v -0.0999999 2.8 0.4
v 2.38419e-07 2.8 0.4
v 1 2.8 0.4
v 1.1 2.8 0.4
v -0.9 2.8 0.2
v -0.8 2.8 0.2
v -0.7 2.8 0.2
v 1.1 2.8 0.2
v 1.3 2.8 0.2
v 1 2.8 0.0999999
v 1.1 2.8 0.0999999
v 1.3 2.8 0.0999999
v 1.7 2.8 0.0999999
v -1.6 2.8 -2.38419e-07
v -1.5 2.8 -2.38419e-07
v -1.1 2.8 -2.38419e-07
v -1 2.8 -2.38419e-07
v -0.9 2.8 -2.38419e-07
v -0.8 2.8 -2.38419e-07
v -0.0999999 2.8 -2.38419e-07
v 2.38419e-07 2.8 -2.38419e-07
v 1 2.8 -2.38419e-07
v 1.2 2.8 -2.38419e-07
v 1.3 2.8 -2.38419e-07
v 1.7 2.8 -2.38419e-07
v -1.7 2.8 -0.1
v -1.6 2.8 -0.1
v -1.5 2.8 -0.1
v -1.2 2.8 -0.1
v -1.1 2.8 -0.1
v -1 2.8 -0.1
v 1.2 2.8 -0.1
v 1.3 2.8 -0.1
v -0.0999999 2.8 -0.2
v 2.38419e-07 2.8 -0.2
v -1.3 2.8 -0.3
v -1.2 2.8 -0.3
v -1.3 2.8 -0.7
v -1.2 2.8 -0.7
v -0.4 2.8 -0.9
v -0.3 2.8 -0.9
v 1.6 2.8 -1
v 1.7 2.8 -1
v -1.3 2.8 -1.1
v -1.2 2.8 -1.1
v -0.4 2.8 -1.1
v -0.3 2.8 -1.1
v 1.6 2.8 -1.2
v 1.7 2.8 -1.2
v -2 2.8 -1.4
v -1.9 2.8 -1.4
v 1.9 2.8 -1.4
v 2 2.8 -1.4
v -2 2.8 -1.5
v -1.9 2.8 -1.5
v -1.3 2.8 -1.5
v -1.2 2.8 -1.5
v -0.4 2.8 -1.5
v -0.3 2.8 -1.5
v 1.9 2.8 -1.5
v 2 2.8 -1.5
v -0.2 2.8 -1.6
v -0.0999999 2.8 -1.6
v 1.6 2.8 -1.6
v 1.7 2.8 -1.6
v -1.7 2.8 -1.7
v -1.2 2.8 -1.7
v -0.4 2.8 -1.7
v -0.3 2.8 -1.7
v -0.2 2.8 -1.7
v -0.0999999 2.8 -1.7
v 1.6 2.8 -1.7
v 1.7 2.8 -1.7
v -1.5 2.8 -1.9
v -1.4 2.8 -1.9
v 1.4 2.8 -1.9
v 1.5 2.8 -1.9
v -1.5 2.8 -2
v -1.4 2.8 -2
v 1.4 2.8 -2
v 1.5 2.8 -2
v -1.6 2.9 2
v -1.5 2.9 2
v 1.5 2.9 2
v 1.6 2.9 2
v -1.6 2.9 1.9
v -1.5 2.9 1.9
v 1.5 2.9 1.9
v 1.6 2.9 1.9
v -2 2.9 1.6
v -1.9 2.9 1.6
v 0.7 2.9 1.6
v 1 2.9 1.6
v 1.9 2.9 1.6
v 2 2.9 1.6
v -2 2.9 1.5
v -1.9 2.9 1.5
v 1.9 2.9 1.5
v 2 2.9 1.5
v 0.7 2.9 1.4
v 0.8 2.9 1.4
v 0.8 2.9 1.3
v 1 2.9 1.3
v -1.7 2.9 0.9
v -1.5 2.9 0.9
v -1.1 2.9 0.9
v -1 2.9 0.9
v 1.5 2.9 0.9
v 1.7 2.9 0.9
v -1.7 2.9 0.8
v -1.6 2.9 0.8
v -1.2 2.9 0.8
v -1.1 2.9 0.8
v 1.5 2.9 0.8
v 1.7 2.9 0.8
v -1.6 2.9 0.7
v -1.5 2.9 0.7
v -1.4 2.9 0.7
v -1.2 2.9 0.7
v -1 2.9 0.7
v -1.5 2.9 0.6
v -1.4 2.9 0.6
v -1.7 2.9 0.5
v -1.6 2.9 0.5
v -1.7 2.9 0.4
v -1.6 2.9 0.4
v 0.7 2.9 0.3
v 0.8 2.9 0.3
v 0.7 2.9 0.0999999
v 0.8 2.9 0.0999999
v -1.1 2.9 -0.9
v -1 2.9 -0.9
v -1.2 2.9 -1
v -1.1 2.9 -1
v -0.8 2.9 -1
v -0.5 2.9 -1
v -1.3 2.9 -1.1
v -1.2 2.9 -1.1
v -1.1 2.9 -1.1
v -1 2.9 -1.1
v -0.8 2.9 -1.1
v -0.6 2.9 -1.1
v -1 2.9 -1.2
v -0.8 2.9 -1.2
v -1.1 2.9 -1.3
v -1 2.9 -1.3
v -0.9 2.9 -1.3
v -0.8 2.9 -1.3
v -2 2.9 -1.5
v -1.9 2.9 -1.5
v -1.3 2.9 -1.5
v -1.2 2.9 -1.5
v 1.9 2.9 -1.5
v 2 2.9 -1.5
v -2 2.9 -1.6
v -1.9 2.9 -1.6
v -0.9 2.9 -1.6
v -0.8 2.9 -1.6
v -0.6 2.9 -1.6
v -0.5 2.9 -1.6
v -0.4 2.9 -1.6
v 1.9 2.9 -1.6
v 2 2.9 -1.6
v -1.2 2.9 -1.7
v -0.8 2.9 -1.7
v -0.5 2.9 -1.7
v -0.4 2.9 -1.7
v -1.6 2.9 -1.9
v -1.5 2.9 -1.9
v 1.5 2.9 -1.9
v 1.6 2.9 -1.9
v -1.6 2.9 -2
v -1.5 2.9 -2
v 1.5 2.9 -2
v 1.6 2.9 -2
v -1.7 3 0.8
v -1.6 3 0.8
v -1.7 3 0.7
v -1.6 3 0.7
v 0.8 3 0.3
v 0.9 3 0.3
v 0.8 3 0.2
v 0.9 3 0.2
v 1.5 3 -0.5
v 1.7 3 -0.5
v 1.5 3 -0.6
v 1.7 3 -0.6
v -0.8 3 -1.2
v -0.7 3 -1.2
v -0.9 3 -1.3
v -0.8 3 -1.3
v -0.7 3 -1.3
v -0.8 3 -1.4
v -0.7 3 -1.4
v -0.6 3 -1.4
v -0.7 3 -1.5
v -0.6 3 -1.5
v 0.6 3 -1.5
v 0.8 3 -1.5
v -0.9 3 -1.6
v -0.8 3 -1.6
v -0.4 3 -1.6
v -0.3 3 -1.6
v 0.1 3 -1.6
v 0.2 3 -1.6
v 0.4 3 -1.6
v 0.6 3 -1.6
v 0.8 3 -1.6
v -0.4 3 -1.7
v -0.3 3 -1.7
v 0.1 3 -1.7
v 0.2 3 -1.7
v 0.4 3 -1.7
v 0.8 3 -1.7
v -0.6 3.1 1.7
v -0.5 3.1 1.7
v -0.6 3.1 1.6
v -0.5 3.1 1.6
v -0.4 3.1 1.3
v -0.2 3.1 1.3
v -0.4 3.1 1.2
v -0.2 3.1 1.2
v -1.5 3.1 0.8
v -1.3 3.1 0.8
v -1.5 3.1 0.7
v -1.3 3.1 0.7
v 0.9 3.1 0.2
v 1 3.1 0.2
v 0.9 3.1 0.0999999
v 1 3.1 0.0999999
v -0.4 3.1 -0.9
v -0.3 3.1 -0.9
v -0.4 3.1 -1
v -0.3 3.1 -1
v -0.6 3.1 -1.1
v -0.5 3.1 -1.1
v -0.6 3.1 -1.2
v -0.5 3.1 -1.2
v -0.8 3.1 -1.4
v -0.7 3.1 -1.4
v -0.8 3.1 -1.5
v -0.7 3.1 -1.5
v 0.4 3.1 -1.5
v 0.5 3.1 -1.5
v 0.6 3.1 -1.5
v -0.8 3.1 -1.6
v -0.7 3.1 -1.6
v 0.4 3.1 -1.6
v 0.6 3.1 -1.6
v 0.8 3.1 -1.6
v 0.9 3.1 -1.6
v 0.8 3.1 -1.7
v 0.9 3.1 -1.7
v -2 3.2 2
v 2 3.2 2
v 0.9 3.2 1.9
v 1.4 3.2 1.9
v -1.6 3.2 1.8
v -1.2 3.2 1.8
v -0.4 3.2 1.8
v 0.2 3.2 1.8
v 0.8 3.2 1.8
v 0.9 3.2 1.8
v 1.4 3.2 1.8
v 1.5 3.2 1.8
v -1.7 3.2 1.7
v -1.6 3.2 1.7
v -1.2 3.2 1.7
v -1 3.2 1.7
v -0.9 3.2 1.7
v -0.7 3.2 1.7
v -0.4 3.2 1.7
v 0.2 3.2 1.7
v 0.3 3.2 1.7
v 0.6 3.2 1.7
v 0.7 3.2 1.7
v 0.8 3.2 1.7
v 1.5 3.2 1.7
v 1.7 3.2 1.7
v -0.9 3.2 1.6
v -0.7 3.2 1.6
v 0.5 3.2 1.6
v 0.6 3.2 1.6
v 1.7 3.2 1.6
v 1.8 3.2 1.6
v 0.3 3.2 1.5
v 0.5 3.2 1.5
v 0.7 3.2 1.3
v 0.8 3.2 1.3
v 0.7 3.2 1.2
v 0.8 3.2 1.2
v 1.7 3.2 1.2
v 1.8 3.2 1.2
v 1.6 3.2 1.1
v 1.7 3.2 1.1
v -1.7 3.2 0.8
v 1.6 3.2 0.8
v 1.7 3.2 0.8
v -1.8 3.2 0.7
v -1.7 3.2 0.7
v 1.7 3.2 0.7
v -1.9 3.2 0.6
v -1.8 3.2 0.6
v 1.7 3.2 0.6
v 1.8 3.2 0.6
v -1.6 3.2 0.5
v -1.5 3.2 0.5
v -1.9 3.2 0.4
v -1.9 3.2 0.2
v -1.8 3.2 0.2
v -1.6 3.2 0.2
v -1.5 3.2 0.2
v 1.7 3.2 0.0999999
v 1.8 3.2 0.0999999
v -1.8 3.2 -2.38419e-07
v -1.7 3.2 -2.38419e-07
v -1.7 3.2 -0.1
v -1.6 3.2 -0.1
v 1.6 3.2 -0.1
v 1.7 3.2 -0.1
v -1.6 3.2 -0.2
v -1.5 3.2 -0.2
v 1.5 3.2 -0.2
v 1.6 3.2 -0.2
v 1.5 3.2 -0.3
v 1.6 3.2 -0.3
v 1.7 3.2 -0.3
v 1.7 3.2 -0.4
v -1.5 3.2 -0.5
v -1.4 3.2 -0.5
v -1.5 3.2 -0.6
v -1.4 3.2 -0.6
v -1.6 3.2 -0.7
v -1.5 3.2 -0.7
v 1.6 3.2 -0.7
v 1.7 3.2 -0.7
v 1.4 3.2 -0.8
v 1.6 3.2 -0.8
v 1.3 3.2 -0.9
v 1.4 3.2 -0.9
v 1.5 3.2 -0.9
v -1.7 3.2 -1
v -1.6 3.2 -1
v 1.3 3.2 -1
v 1.4 3.2 -1
v 1.5 3.2 -1
v 1.7 3.2 -1
v -0.5 3.2 -1.1
v -0.4 3.2 -1.1
v 1.7 3.2 -1.1
v -1.8 3.2 -1.2
v -1.7 3.2 -1.2
v -0.5 3.2 -1.2
v -0.4 3.2 -1.2
v 0.5 3.2 -1.4
v 0.8 3.2 -1.4
v 0.5 3.2 -1.5
v 0.8 3.2 -1.5
v 0.9 3.2 -1.5
v -1.8 3.2 -1.6
v -1.7 3.2 -1.6
v -0.7 3.2 -1.6
v -0.5 3.2 -1.6
v 0.3 3.2 -1.6
v 0.4 3.2 -1.6
v 0.8 3.2 -1.6
v 0.9 3.2 -1.6
v 1.6 3.2 -1.6
v 1.7 3.2 -1.6
v -1.7 3.2 -1.7
v -1.6 3.2 -1.7
v -1 3.2 -1.7
v -0.9 3.2 -1.7
v -0.7 3.2 -1.7
v -0.5 3.2 -1.7
v -0.4 3.2 -1.7
v 0.2 3.2 -1.7
v 0.3 3.2 -1.7
v 0.4 3.2 -1.7
v 0.9 3.2 -1.7
v 1.4 3.2 -1.7
v 1.6 3.2 -1.7
v 1.7 3.2 -1.7
v -1.6 3.2 -1.8
v -1 3.2 -1.8
v -0.4 3.2 -1.8
v -0.3 3.2 -1.8
v 0.1 3.2 -1.8
v 0.2 3.2 -1.8
v 0.9 3.2 -1.8
v 1.4 3.2 -1.8
v -0.3 3.2 -1.9
v 0.1 3.2 -1.9
v -2 3.2 -2
v 2 3.2 -2
v 0.9 3.3 1.9
v 1 3.3 1.9
v 1.3 3.3 1.9
v 1.4 3.3 1.9
v -1.6 3.3 1.8
v -1.5 3.3 1.8
v -0.4 3.3 1.8
v -0.3 3.3 1.8
v 0.1 3.3 1.8
v 0.2 3.3 1.8
v 0.9 3.3 1.8
v 1 3.3 1.8
v 1.3 3.3 1.8
v 1.4 3.3 1.8
v 1.5 3.3 1.8
v -1.7 3.3 1.7
v -1.6 3.3 1.7
v -1.5 3.3 1.7
v -1 3.3 1.7
v -0.9 3.3 1.7
v -0.7 3.3 1.7
v -0.4 3.3 1.7
v -0.3 3.3 1.7
v 0.1 3.3 1.7
v 0.2 3.3 1.7
v 0.3 3.3 1.7
v 0.6 3.3 1.7
v 0.7 3.3 1.7
v 1.4 3.3 1.7
v 1.5 3.3 1.7
v 1.6 3.3 1.7
v 1.7 3.3 1.7
v -1.7 3.3 1.6
v -1.6 3.3 1.6
v -0.9 3.3 1.6
v -0.7 3.3 1.6
v -0.6 3.3 1.6
v -0.4 3.3 1.6
v 0.5 3.3 1.6
v 0.6 3.3 1.6
v 0.7 3.3 1.6
v 1.6 3.3 1.6
v 1.7 3.3 1.6
v 1.8 3.3 1.6
v -0.8 3.3 1.5
v -0.6 3.3 1.5
v 0.2 3.3 1.5
v 0.3 3.3 1.5
v 0.5 3.3 1.5
v 0.6 3.3 1.5
v 1.7 3.3 1.5
v 1.8 3.3 1.5
v -1 3.3 1.4
v -0.8 3.3 1.4
v 0.3 3.3 1.4
v 0.4 3.3 1.4
v 0.5 3.3 1.4
v 0.6 3.3 1.4
v 0.7 3.3 1.4
v 0.4 3.3 1.3
v 0.5 3.3 1.3
v 0.6 3.3 1.3
v 0.7 3.3 1.3
v -1.7 3.3 1.2
v -1.6 3.3 1.2
v 0.5 3.3 1.2
v 0.7 3.3 1.2
v 1.5 3.3 1
v 1.6 3.3 1
v -1.6 3.3 0.9
v -1.7 3.3 0.8
v -1.6 3.3 0.8
v -1.5 3.3 0.8
v 1.5 3.3 0.8
v 1.6 3.3 0.8
v 1.7 3.3 0.8
v -1.8 3.3 0.7
v -1.7 3.3 0.7
v -1.6 3.3 0.7
v -1.5 3.3 0.7
v 1.5 3.3 0.7
v 1.6 3.3 0.7
v 1.7 3.3 0.7
v -1.9 3.3 0.6
v -1.8 3.3 0.6
v -1.7 3.3 0.6
v -1.6 3.3 0.6
v 1.7 3.3 0.6
v 1.8 3.3 0.6
v -1.8 3.3 0.5
v -1.7 3.3 0.5
v 1.7 3.3 0.5
v 1.8 3.3 0.5
v -1.9 3.3 0.4
v -1.8 3.3 0.4
v -1.8 3.3 0.3
v -1.9 3.3 0.2
v -1.8 3.3 0.2
v 1.7 3.3 0.2
v 1.8 3.3 0.2
v 1.7 3.3 0.0999999
v 1.8 3.3 0.0999999
v 1.6 3.3 -2.38419e-07
v 1.7 3.3 -2.38419e-07
v 1.4 3.3 -0.1
v 1.6 3.3 -0.1
v 1.7 3.3 -0.1
v 1.4 3.3 -0.2
v 1.5 3.3 -0.2
v 1.6 3.3 -0.2
v -1.5 3.3 -0.3
v -1.4 3.3 -0.3
v 1.6 3.3 -0.3
v 1.7 3.3 -0.3
v -1.4 3.3 -0.4
v -1.3 3.3 -0.4
v 1.6 3.3 -0.4
v 1.7 3.3 -0.4
v -1.5 3.3 -0.5
v -1.4 3.3 -0.5
v -1.3 3.3 -0.5
v -1.2 3.3 -0.5
v -1.5 3.3 -0.6
v -1.4 3.3 -0.6
v -1.3 3.3 -0.6
v -1.2 3.3 -0.6
v 1.6 3.3 -0.6
v 1.7 3.3 -0.6
v -1.6 3.3 -0.7
v -1.5 3.3 -0.7
v -1.4 3.3 -0.7
v -1.3 3.3 -0.7
v 1.6 3.3 -0.7
v 1.7 3.3 -0.7
v -1.5 3.3 -0.8
v -1.4 3.3 -0.8
v -1.5 3.3 -0.9
v 1.2 3.3 -0.9
v 1.3 3.3 -0.9
v -1.7 3.3 -1
v -1.6 3.3 -1
v -1.5 3.3 -1
v 1.2 3.3 -1
v 1.3 3.3 -1
v -1.6 3.3 -1.1
v -1.5 3.3 -1.1
v -1.8 3.3 -1.2
v -1.7 3.3 -1.2
v -1.6 3.3 -1.2
v 0.5 3.3 -1.3
v 0.9 3.3 -1.3
v -0.7 3.3 -1.4
v -0.5 3.3 -1.4
v 0.5 3.3 -1.4
v 0.8 3.3 -1.4
v -0.8 3.3 -1.5
v -0.7 3.3 -1.5
v 0.2 3.3 -1.5
v 0.3 3.3 -1.5
v 0.4 3.3 -1.5
v 0.8 3.3 -1.5
v 0.9 3.3 -1.5
v -1.8 3.3 -1.6
v -1.7 3.3 -1.6
v -1.6 3.3 -1.6
v -0.9 3.3 -1.6
v -0.8 3.3 -1.6
v -0.7 3.3 -1.6
v -0.5 3.3 -1.6
v -0.4 3.3 -1.6
v 0.2 3.3 -1.6
v 0.3 3.3 -1.6
v 0.4 3.3 -1.6
v -1.7 3.3 -1.7
v -1.6 3.3 -1.7
v -1.5 3.3 -1.7
v -0.9 3.3 -1.7
v -0.7 3.3 -1.7
v -0.5 3.3 -1.7
v -0.4 3.3 -1.7
v -0.3 3.3 -1.7
v 0.1 3.3 -1.7
v 0.2 3.3 -1.7
v 0.3 3.3 -1.7
v 0.9 3.3 -1.7
v 1 3.3 -1.7
v -1.6 3.3 -1.8
v -1.5 3.3 -1.8
v -0.4 3.3 -1.8
v -0.3 3.3 -1.8
v -0.0999999 3.3 -1.8
v 0.1 3.3 -1.8
v 0.2 3.3 -1.8
v 0.9 3.3 -1.8
v 1 3.3 -1.8
v -0.3 3.3 -1.9
v 0.1 3.3 -1.9
v 1 3.4 1.9
v 1.3 3.4 1.9
v -0.3 3.4 1.8
v 0.1 3.4 1.8
v 1 3.4 1.8
v 1.1 3.4 1.8
v 1.2 3.4 1.8
v 1.3 3.4 1.8
v 1.4 3.4 1.8
v -0.3 3.4 1.7
v -0.2 3.4 1.7
v -0.0999999 3.4 1.7
v 0.1 3.4 1.7
v 1.2 3.4 1.7
v 1.3 3.4 1.7
v 1.4 3.4 1.7
v -0.6 3.4 1.6
v -0.4 3.4 1.6
v -1.1 3.4 1.5
v -1 3.4 1.5
v -0.8 3.4 1.5
v -0.6 3.4 1.5
v -0.4 3.4 1.5
v 1.7 3.4 1.5
v 1.8 3.4 1.5
v -1 3.4 1.4
v -0.8 3.4 1.4
v -0.7 3.4 1.4
v -0.4 3.4 1.4
v -1.1 3.4 1.3
v -1 3.4 1.3
v -0.9 3.4 1.3
v -0.8 3.4 1.3
v 0.7 3.4 1.3
v 0.8 3.4 1.3
v -1 3.4 1.2
v -0.9 3.4 1.2
v 0.6 3.4 1.2
v 0.7 3.4 1.2
v 0.8 3.4 1.2
v 1.7 3.4 1.2
v 1.8 3.4 1.2
v 0.6 3.4 1.1
v 0.8 3.4 1.1
v -1.6 3.4 1
v -1.5 3.4 1
v -1.6 3.4 0.9
v -1.5 3.4 0.9
v -1.6 3.4 0.8
v -1.5 3.4 0.8
v 1.6 3.4 0.7
v 1.7 3.4 0.7
v 1.6 3.4 0.6
v 1.7 3.4 0.6
v 1.7 3.4 0.3
v 1.8 3.4 0.3
v -1.8 3.4 0.2
v -1.7 3.4 0.2
v 1.7 3.4 0.2
v 1.8 3.4 0.2
v -1.8 3.4 -2.38419e-07
v -1.7 3.4 -2.38419e-07
v -1.6 3.4 -2.38419e-07
v -1.7 3.4 -0.1
v -1.6 3.4 -0.1
v -1.5 3.4 -0.1
v -1.6 3.4 -0.2
v -1.5 3.4 -0.2
v -1.4 3.4 -0.2
v -1.5 3.4 -0.3
v -1.4 3.4 -0.3
v 1.5 3.4 -0.7
v 1.6 3.4 -0.7
v 1.5 3.4 -0.8
v 1.6 3.4 -0.8
v 1.4 3.4 -0.9
v 1.5 3.4 -0.9
v 1.4 3.4 -1
v 1.5 3.4 -1
v 1.6 3.4 -1
v 1.7 3.4 -1
v 1.4 3.4 -1.1
v 1.5 3.4 -1.1
v 1.6 3.4 -1.1
v 0.4 3.4 -1.2
v 0.9 3.4 -1.2
v 1.5 3.4 -1.2
v 1.6 3.4 -1.2
v -0.7 3.4 -1.3
v -0.5 3.4 -1.3
v 0.5 3.4 -1.3
v 0.9 3.4 -1.3
v 1.6 3.4 -1.3
v 1.7 3.4 -1.3
v -0.7 3.4 -1.4
v -0.5 3.4 -1.4
v 0.3 3.4 -1.4
v 0.4 3.4 -1.4
v 0.3 3.4 -1.5
v 0.4 3.4 -1.5
v 0.5 3.4 -1.5
v 1.2 3.4 -1.7
v 1.3 3.4 -1.7
v 1.4 3.4 -1.7
v 1.2 3.4 -1.8
v 1.3 3.4 -1.8
v 1.4 3.4 -1.8
v 0.8 3.5 1.8
v 0.9 3.5 1.8
v 1 3.5 1.8
v 1.1 3.5 1.8
v 1.2 3.5 1.8
v -1.1 3.5 1.7
v -1 3.5 1.7
v -0.4 3.5 1.7
v -0.3 3.5 1.7
v -0.2 3.5 1.7
v -0.0999999 3.5 1.7
v 0.1 3.5 1.7
v 0.2 3.5 1.7
v 0.7 3.5 1.7
v 0.8 3.5 1.7
v 0.9 3.5 1.7
v 1 3.5 1.7
v 1.1 3.5 1.7
v 1.2 3.5 1.7
v 1.3 3.5 1.7
v 1.5 3.5 1.7
v 1.6 3.5 1.7
v -1.7 3.5 1.6
v -1.6 3.5 1.6
v -0.3 3.5 1.6
v -0.2 3.5 1.6
v -0.0999999 3.5 1.6
v 2.38419e-07 3.5 1.6
v 0.1 3.5 1.6
v 0.6 3.5 1.6
v 0.7 3.5 1.6
v 0.8 3.5 1.6
v 0.9 3.5 1.6
v 1.2 3.5 1.6
v 1.3 3.5 1.6
v 1.4 3.5 1.6
v 1.5 3.5 1.6
v 1.6 3.5 1.6
v 1.7 3.5 1.6
v -1.7 3.5 1.5
v -1.6 3.5 1.5
v -1.1 3.5 1.5
v -1 3.5 1.5
v -0.4 3.5 1.5
v -0.3 3.5 1.5
v -0.2 3.5 1.5
v 0.1 3.5 1.5
v 0.2 3.5 1.5
v 0.6 3.5 1.5
v 0.8 3.5 1.5
v 0.9 3.5 1.5
v 1.5 3.5 1.5
v 1.6 3.5 1.5
v -1.6 3.5 1.4
v -1.5 3.5 1.4
v -1.2 3.5 1.4
v -1.1 3.5 1.4
v -0.5 3.5 1.4
v -0.4 3.5 1.4
v 0.6 3.5 1.4
v 0.7 3.5 1.4
v 0.8 3.5 1.4
v 0.9 3.5 1.4
v 1 3.5 1.4
v 1.6 3.5 1.4
v -1.6 3.5 1.3
v -1.5 3.5 1.3
v -1.4 3.5 1.3
v -1.3 3.5 1.3
v -1.2 3.5 1.3
v -1.1 3.5 1.3
v -1 3.5 1.3
v -0.5 3.5 1.3
v -0.4 3.5 1.3
v -0.3 3.5 1.3
v 0.7 3.5 1.3
v 0.8 3.5 1.3
v 0.9 3.5 1.3
v 1 3.5 1.3
v 1.1 3.5 1.3
v -1.7 3.5 1.2
v -1.6 3.5 1.2
v -1.4 3.5 1.2
v -1.3 3.5 1.2
v -1.2 3.5 1.2
v -1.1 3.5 1.2
v -1 3.5 1.2
v -0.5 3.5 1.2
v -0.3 3.5 1.2
v 0.9 3.5 1.2
v 1.1 3.5 1.2
v 1.2 3.5 1.2
v 1.6 3.5 1.2
v 1.7 3.5 1.2
v -1.6 3.5 1.1
v -1.5 3.5 1.1
v -1.3 3.5 1.1
v -1.2 3.5 1.1
v -1.1 3.5 1.1
v -1 3.5 1.1
v 0.6 3.5 1.1
v 0.8 3.5 1.1
v 0.9 3.5 1.1
v 1.1 3.5 1.1
v 1.2 3.5 1.1
v 1.3 3.5 1.1
v 1.4 3.5 1.1
v 1.6 3.5 1.1
v 1.7 3.5 1.1
v -1.6 3.5 1
v -1.5 3.5 1
v -1.4 3.5 1
v -1.3 3.5 1
v -1.2 3.5 1
v -1.1 3.5 1
v 0.6 3.5 1
v 1 3.5 1
v 1.1 3.5 1
v 1.3 3.5 1
v 1.4 3.5 1
v 1.5 3.5 1
v 1.6 3.5 1
v -1.5 3.5 0.9
v -1.4 3.5 0.9
v -1.3 3.5 0.9
v -1.2 3.5 0.9
v 1 3.5 0.9
v 1.4 3.5 0.9
v 1.5 3.5 0.9
v -1.5 3.5 0.8
v -1.4 3.5 0.8
v -1.3 3.5 0.8
v 1 3.5 0.8
v 1.1 3.5 0.8
v 1.4 3.5 0.8
v 1.5 3.5 0.8
v 1.7 3.5 0.5
v 1.8 3.5 0.5
v 0.9 3.5 0.3
v 1 3.5 0.3
v 1.7 3.5 0.3
v 1.8 3.5 0.3
v 0.9 3.5 0.2
v 1 3.5 0.2
v 1.1 3.5 0.2
v 1.5 3.5 0.2
v 1.6 3.5 0.2
v 1.7 3.5 0.2
v 1.1 3.5 0.0999999
v 1.3 3.5 0.0999999
v 1.4 3.5 0.0999999
v 1.5 3.5 0.0999999
v 1.6 3.5 0.0999999
v 0.9 3.5 -2.38419e-07
v 1.1 3.5 -2.38419e-07
v 1.2 3.5 -2.38419e-07
v 1.3 3.5 -2.38419e-07
v 1.5 3.5 -2.38419e-07
v 1.6 3.5 -2.38419e-07
v 1.7 3.5 -2.38419e-07
v 1.3 3.5 -0.1
v 1.4 3.5 -0.1
v 1.5 3.5 -0.1
v 1.6 3.5 -0.1
v 1.6 3.5 -0.4
v 1.7 3.5 -0.4
v -1.3 3.5 -0.6
v -1.2 3.5 -0.6
v 1.6 3.5 -0.6
v 1.7 3.5 -0.6
v -1.4 3.5 -0.7
v -1.3 3.5 -0.7
v -1.2 3.5 -0.7
v -1.5 3.5 -0.8
v -1.4 3.5 -0.8
v -1.3 3.5 -0.8
v 1.3 3.5 -0.8
v 1.4 3.5 -0.8
v -1.4 3.5 -0.9
v -1.2 3.5 -0.9
v 1.3 3.5 -0.9
v 1.4 3.5 -0.9
v -1.5 3.5 -1
v -1.4 3.5 -1
v 1.4 3.5 -1.1
v 1.5 3.5 -1.1
v -1.7 3.5 -1.2
v -1.6 3.5 -1.2
v -0.7 3.5 -1.2
v -0.6 3.5 -1.2
v -0.5 3.5 -1.2
v 1.4 3.5 -1.2
v 1.5 3.5 -1.2
v 1.6 3.5 -1.2
v -1.7 3.5 -1.3
v -1.6 3.5 -1.3
v -0.7 3.5 -1.3
v -0.5 3.5 -1.3
v -0.4 3.5 -1.3
v 0.3 3.5 -1.3
v 0.4 3.5 -1.3
v 0.9 3.5 -1.3
v 1 3.5 -1.3
v 1.5 3.5 -1.3
v 1.6 3.5 -1.3
v 1.7 3.5 -1.3
v -1.6 3.5 -1.4
v 0.3 3.5 -1.4
v 0.4 3.5 -1.4
v 0.9 3.5 -1.4
v 1 3.5 -1.4
v 1.6 3.5 -1.4
v 0.1 3.5 -1.5
v 0.2 3.5 -1.5
v 1.6 3.5 -1.5
v -1.7 3.5 -1.6
v -1.6 3.5 -1.6
v -0.5 3.5 -1.6
v -0.4 3.5 -1.6
v -0.3 3.5 -1.6
v 2.38419e-07 3.5 -1.6
v 0.1 3.5 -1.6
v 0.9 3.5 -1.6
v 1 3.5 -1.6
v 1.3 3.5 -1.6
v 1.4 3.5 -1.6
v 1.5 3.5 -1.6
v 1.6 3.5 -1.6
v 1.7 3.5 -1.6
v -1.2 3.5 -1.7
v -1 3.5 -1.7
v -0.4 3.5 -1.7
v -0.3 3.5 -1.7
v -0.2 3.5 -1.7
v 2.38419e-07 3.5 -1.7
v 0.1 3.5 -1.7
v 0.2 3.5 -1.7
v 0.9 3.5 -1.7
v 1 3.5 -1.7
v 1.1 3.5 -1.7
v 1.2 3.5 -1.7
v 1.3 3.5 -1.7
v 1.5 3.5 -1.7
v 1.6 3.5 -1.7
v -1.2 3.5 -1.8
v -1 3.5 -1.8
v -0.3 3.5 -1.8
v -0.2 3.5 -1.8
v 2.38419e-07 3.5 -1.8
v 0.1 3.5 -1.8
v 1 3.5 -1.8
v 1.2 3.5 -1.8
v -1.5 3.6 1.8
v -1.4 3.6 1.8
v -1.3 3.6 1.8
v -1.2 3.6 1.8
v -1.6 3.6 1.7
v -1.5 3.6 1.7
v -1.4 3.6 1.7
v -1.3 3.6 1.7
v -1.2 3.6 1.7
v -1.1 3.6 1.7
v 0.9 3.6 1.7
v 1 3.6 1.7
v 1.2 3.6 1.7
v -1.5 3.6 1.6
v -1.3 3.6 1.6
v -1.2 3.6 1.6
v -0.2 3.6 1.6
v -0.0999999 3.6 1.6
v 2.38419e-07 3.6 1.6
v 0.1 3.6 1.6
v 0.9 3.6 1.6
v 1 3.6 1.6
v 1.1 3.6 1.6
v 1.2 3.6 1.6
v 1.4 3.6 1.6
v 1.5 3.6 1.6
v -1.6 3.6 1.5
v -1.5 3.6 1.5
v -1.3 3.6 1.5
v -1.2 3.6 1.5
v -1.1 3.6 1.5
v -0.3 3.6 1.5
v -0.2 3.6 1.5
v -0.0999999 3.6 1.5
v 2.38419e-07 3.6 1.5
v 0.1 3.6 1.5
v 0.3 3.6 1.5
v 0.9 3.6 1.5
v 1 3.6 1.5
v 1.1 3.6 1.5
v 1.2 3.6 1.5
v 1.3 3.6 1.5
v 1.4 3.6 1.5
v 1.5 3.6 1.5
v 1.6 3.6 1.5
v -1.2 3.6 1.4
v -1.1 3.6 1.4
v -0.8 3.6 1.4
v -0.6 3.6 1.4
v -0.5 3.6 1.4
v -0.2 3.6 1.4
v -0.0999999 3.6 1.4
v 2.38419e-07 3.6 1.4
v 0.1 3.6 1.4
v 0.2 3.6 1.4
v 0.3 3.6 1.4
v 0.9 3.6 1.4
v 1 3.6 1.4
v 1.1 3.6 1.4
v 1.2 3.6 1.4
v 1.5 3.6 1.4
v 1.6 3.6 1.4
v -0.9 3.6 1.3
v -0.8 3.6 1.3
v -0.7 3.6 1.3
v -0.6 3.6 1.3
v -0.5 3.6 1.3
v -0.2 3.6 1.3
v -0.0999999 3.6 1.3
v 1 3.6 1.3
v 1.1 3.6 1.3
v 1.2 3.6 1.3
v 1.5 3.6 1.3
v 1.6 3.6 1.3
v -1 3.6 1.2
v -0.9 3.6 1.2
v -0.8 3.6 1.2
v -0.5 3.6 1.2
v -0.3 3.6 1.2
v -0.2 3.6 1.2
v 0.5 3.6 1.2
v 0.6 3.6 1.2
v 1.1 3.6 1.2
v 1.2 3.6 1.2
v 1.3 3.6 1.2
v 1.4 3.6 1.2
v 1.6 3.6 1.2
v -1.1 3.6 1.1
v -1 3.6 1.1
v -0.9 3.6 1.1
v -0.5 3.6 1.1
v -0.4 3.6 1.1
v -0.3 3.6 1.1
v 0.5 3.6 1.1
v 1.2 3.6 1.1
v 1.3 3.6 1.1
v 1.4 3.6 1.1
v 1.6 3.6 1.1
v -1.1 3.6 1
v -1 3.6 1
v 0.5 3.6 1
v 0.6 3.6 1
v 1 3.6 1
v 1.1 3.6 1
v 1.3 3.6 1
v 1.4 3.6 1
v -0.4 3.6 0.9
v -0.3 3.6 0.9
v 0.5 3.6 0.9
v 0.6 3.6 0.9
v 0.9 3.6 0.9
v 1 3.6 0.9
v 1.3 3.6 0.9
v 1.4 3.6 0.9
v -1.5 3.6 0.8
v -1.4 3.6 0.8
v 0.5 3.6 0.8
v 0.6 3.6 0.8
v 0.9 3.6 0.8
v 1 3.6 0.8
v 1.1 3.6 0.8
v 1.2 3.6 0.8
v 1.4 3.6 0.8
v -1.6 3.6 0.7
v -1.5 3.6 0.7
v 0.5 3.6 0.7
v 0.6 3.6 0.7
v 0.9 3.6 0.7
v 1.1 3.6 0.7
v -1.7 3.6 0.6
v -1.6 3.6 0.6
v -1.5 3.6 0.6
v 0.5 3.6 0.6
v 0.6 3.6 0.6
v -1.8 3.6 0.5
v -1.7 3.6 0.5
v -1.6 3.6 0.5
v -1.5 3.6 0.5
v -1.4 3.6 0.5
v -1.6 3.6 0.4
v 0.8 3.6 0.4
v 0.9 3.6 0.4
v -1.8 3.6 0.3
v -1.7 3.6 0.3
v -1.6 3.6 0.3
v -0.8 3.6 0.3
v -0.7 3.6 0.3
v 0.8 3.6 0.3
v 0.9 3.6 0.3
v 1.6 3.6 0.3
v 1.7 3.6 0.3
v -1.8 3.6 0.2
v -1.7 3.6 0.2
v -0.8 3.6 0.2
v -0.7 3.6 0.2
v 1.6 3.6 0.2
v 1.7 3.6 0.2
v -1.6 3.6 -2.38419e-07
v -1.5 3.6 -2.38419e-07
v 0.9 3.6 -2.38419e-07
v 1.1 3.6 -2.38419e-07
v 1.2 3.6 -2.38419e-07
v 1.3 3.6 -2.38419e-07
v -1.6 3.6 -0.1
v -1.5 3.6 -0.1
v -1.3 3.6 -0.1
v 0.9 3.6 -0.1
v 1 3.6 -0.1
v 1.1 3.6 -0.1
v 1.2 3.6 -0.1
v 1.3 3.6 -0.1
v 1.4 3.6 -0.1
v -1.5 3.6 -0.2
v -1.4 3.6 -0.2
v -1.3 3.6 -0.2
v -1.2 3.6 -0.2
v 1.2 3.6 -0.2
v 1.3 3.6 -0.2
v 1.4 3.6 -0.2
v 1.5 3.6 -0.2
v -1.4 3.6 -0.3
v -1.2 3.6 -0.3
v -1.1 3.6 -0.3
v 1.3 3.6 -0.3
v 1.4 3.6 -0.3
v 1.5 3.6 -0.3
v 1.6 3.6 -0.3
v -1.4 3.6 -0.4
v -1.3 3.6 -0.4
v 1.4 3.6 -0.4
v 1.5 3.6 -0.4
v -1.3 3.6 -0.5
v -1.2 3.6 -0.5
v -1.1 3.6 -0.5
v 1.4 3.6 -0.5
v 1.5 3.6 -0.5
v 1.4 3.6 -0.6
v 1.5 3.6 -0.6
v 1.4 3.6 -0.7
v 1.5 3.6 -0.7
v 1.6 3.6 -0.7
v -1.2 3.6 -0.8
v -1.1 3.6 -0.8
v 1.1 3.6 -0.8
v 1.3 3.6 -0.8
v 1.4 3.6 -0.8
v 1.5 3.6 -0.8
v -1.4 3.6 -0.9
v -1.2 3.6 -0.9
v 1.2 3.6 -0.9
v 1.3 3.6 -0.9
v -1.5 3.6 -1
v -1.4 3.6 -1
v -1.1 3.6 -1
v -1 3.6 -1
v 1.1 3.6 -1
v 1.2 3.6 -1
v 1.4 3.6 -1
v -1.6 3.6 -1.1
v -1.5 3.6 -1.1
v -1.4 3.6 -1.1
v -1.1 3.6 -1.1
v -1 3.6 -1.1
v 1.2 3.6 -1.1
v 1.4 3.6 -1.1
v -1.6 3.6 -1.2
v -1.5 3.6 -1.2
v -0.8 3.6 -1.2
v -0.7 3.6 -1.2
v 0.3 3.6 -1.2
v 0.4 3.6 -1.2
v -0.8 3.6 -1.3
v 0.2 3.6 -1.3
v 0.3 3.6 -1.3
v 0.4 3.6 -1.3
v 1.5 3.6 -1.3
v 1.6 3.6 -1.3
v -0.8 3.6 -1.4
v -0.7 3.6 -1.4
v 0.2 3.6 -1.4
v 0.3 3.6 -1.4
v 1.5 3.6 -1.4
v 1.6 3.6 -1.4
v -0.9 3.6 -1.5
v -0.8 3.6 -1.5
v -0.7 3.6 -1.5
v 0.2 3.6 -1.5
v 0.3 3.6 -1.5
v 1.4 3.6 -1.5
v 1.5 3.6 -1.5
v 1.6 3.6 -1.5
v -1.6 3.6 -1.6
v -1.5 3.6 -1.6
v -1 3.6 -1.6
v -0.9 3.6 -1.6
v -0.8 3.6 -1.6
v 1.2 3.6 -1.6
v 1.3 3.6 -1.6
v 1.4 3.6 -1.6
v 1.6 3.6 -1.6
v -1.6 3.6 -1.7
v -1.5 3.6 -1.7
v -1.4 3.6 -1.7
v -1.2 3.6 -1.7
v -1 3.6 -1.7
v -0.9 3.6 -1.7
v -0.2 3.6 -1.7
v -0.0999999 3.6 -1.7
v 2.38419e-07 3.6 -1.7
v 1.2 3.6 -1.7
v 1.3 3.6 -1.7
v -1.5 3.6 -1.8
v -1.4 3.6 -1.8
v -1.2 3.6 -1.8
v -0.2 3.6 -1.8
v -0.0999999 3.6 -1.8
v 2.38419e-07 3.6 -1.8
v -1.5 3.7 1.6
v -1.3 3.7 1.6
v -1.6 3.7 1.5
v -1.5 3.7 1.5
v -1.3 3.7 1.5
v -1.2 3.7 1.5
v 1.2 3.7 1.5
v 1.3 3.7 1.5
v 1.4 3.7 1.5
v 1.5 3.7 1.5
v -1.6 3.7 1.4
v -1.5 3.7 1.4
v -1.4 3.7 1.4
v -1.3 3.7 1.4
v -1.2 3.7 1.4
v -0.0999999 3.7 1.4
v 0.1 3.7 1.4
v 0.2 3.7 1.4
v 0.4 3.7 1.4
v 1.2 3.7 1.4
v 1.3 3.7 1.4
v 1.4 3.7 1.4
v 1.5 3.7 1.4
v -1.5 3.7 1.3
v -1.4 3.7 1.3
v -1.3 3.7 1.3
v -1.2 3.7 1.3
v -0.8 3.7 1.3
v -0.7 3.7 1.3
v -0.5 3.7 1.3
v -0.2 3.7 1.3
v -0.0999999 3.7 1.3
v 2.38419e-07 3.7 1.3
v 0.1 3.7 1.3
v 0.2 3.7 1.3
v 0.3 3.7 1.3
v 0.4 3.7 1.3
v 0.5 3.7 1.3
v 1.2 3.7 1.3
v 1.4 3.7 1.3
v 1.5 3.7 1.3
v 1.6 3.7 1.3
v -1.4 3.7 1.2
v -1.3 3.7 1.2
v -0.9 3.7 1.2
v -0.8 3.7 1.2
v -0.3 3.7 1.2
v -0.2 3.7 1.2
v -0.0999999 3.7 1.2
v 2.38419e-07 3.7 1.2
v 0.3 3.7 1.2
v 0.4 3.7 1.2
v 1.2 3.7 1.2
v 1.6 3.7 1.2
v -1 3.7 1.1
v -0.9 3.7 1.1
v -0.8 3.7 1.1
v -0.6 3.7 1.1
v -0.5 3.7 1.1
v -0.4 3.7 1.1
v -0.3 3.7 1.1
v -0.2 3.7 1.1
v -0.0999999 3.7 1.1
v 0.4 3.7 1.1
v 0.5 3.7 1.1
v -1 3.7 1
v -0.9 3.7 1
v -0.8 3.7 1
v -0.7 3.7 1
v 0.4 3.7 1
v 0.5 3.7 1
v -0.9 3.7 0.9
v -0.8 3.7 0.9
v -0.7 3.7 0.9
v -0.6 3.7 0.9
v -0.5 3.7 0.9
v -0.4 3.7 0.9
v -0.3 3.7 0.9
v -0.2 3.7 0.9
v 0.4 3.7 0.9
v 0.6 3.7 0.9
v 0.9 3.7 0.9
v -0.6 3.7 0.8
v -0.5 3.7 0.8
v 0.4 3.7 0.8
v 0.5 3.7 0.8
v 0.8 3.7 0.8
v 0.9 3.7 0.8
v 1.1 3.7 0.8
v 1.2 3.7 0.8
v 1.5 3.7 0.8
v 0.8 3.7 0.7
v 0.9 3.7 0.7
v 1.1 3.7 0.7
v 1.2 3.7 0.7
v 1.5 3.7 0.7
v 1.6 3.7 0.7
v 0.6 3.7 0.6
v 0.7 3.7 0.6
v 0.8 3.7 0.6
v 0.9 3.7 0.6
v 1 3.7 0.6
v 1.1 3.7 0.6
v 1.5 3.7 0.6
v 1.6 3.7 0.6
v 1.7 3.7 0.6
v -1.6 3.7 0.5
v -1.4 3.7 0.5
v 0.7 3.7 0.5
v 0.8 3.7 0.5
v 1.6 3.7 0.5
v 1.7 3.7 0.5
v -1.6 3.7 0.4
v -1.5 3.7 0.4
v -1.4 3.7 0.4
v -1.3 3.7 0.4
v 0.8 3.7 0.4
v 0.9 3.7 0.4
v 1 3.7 0.4
v 1.6 3.7 0.4
v -1.6 3.7 0.3
v -1.5 3.7 0.3
v -1.4 3.7 0.3
v -1.3 3.7 0.3
v -1.2 3.7 0.3
v 0.9 3.7 0.3
v 1 3.7 0.3
v 1.1 3.7 0.3
v 1.5 3.7 0.3
v 1.6 3.7 0.3
v 1.7 3.7 0.3
v -1.4 3.7 0.2
v -1.3 3.7 0.2
v -1.2 3.7 0.2
v -1.1 3.7 0.2
v -1 3.7 0.2
v 1 3.7 0.2
v 1.1 3.7 0.2
v 1.3 3.7 0.2
v 1.4 3.7 0.2
v 1.5 3.7 0.2
v 1.6 3.7 0.2
v -1.3 3.7 0.0999999
v -1.2 3.7 0.0999999
v -1.1 3.7 0.0999999
v -1 3.7 0.0999999
v 1.1 3.7 0.0999999
v 1.3 3.7 0.0999999
v 1.5 3.7 0.0999999
v -1.2 3.7 -2.38419e-07
v -1.1 3.7 -2.38419e-07
v 0.8 3.7 -0.1
v 0.9 3.7 -0.1
v 1 3.7 -0.1
v 1.2 3.7 -0.1
v 0.8 3.7 -0.2
v 0.9 3.7 -0.2
v 1 3.7 -0.2
v 1.1 3.7 -0.2
v 1.2 3.7 -0.2
v 1.3 3.7 -0.2
v -1.1 3.7 -0.3
v -1 3.7 -0.3
v 0.7 3.7 -0.3
v 0.8 3.7 -0.3
v 0.9 3.7 -0.3
v 1 3.7 -0.3
v 1.1 3.7 -0.3
v 1.2 3.7 -0.3
v 1.3 3.7 -0.3
v 1.4 3.7 -0.3
v 0.7 3.7 -0.4
v 0.8 3.7 -0.4
v 0.9 3.7 -0.4
v 1.2 3.7 -0.4
v 1.3 3.7 -0.4
v 1.4 3.7 -0.4
v -1.2 3.7 -0.5
v -1.1 3.7 -0.5
v 1.3 3.7 -0.5
v -1.2 3.7 -0.6
v -1.1 3.7 -0.6
v -1 3.7 -0.6
v 1.3 3.7 -0.6
v 1.4 3.7 -0.6
v 1 3.7 -0.7
v 1.1 3.7 -0.7
v 1.3 3.7 -0.7
v 1.4 3.7 -0.7
v -1.2 3.7 -0.8
v -1.1 3.7 -0.8
v 1 3.7 -0.8
v 1.1 3.7 -0.8
v 1.4 3.7 -0.8
v 1 3.7 -0.9
v 1 3.7 -1
v 1.1 3.7 -1
v 1.2 3.7 -1
v -1.1 3.7 -1.1
v -1 3.7 -1.1
v -0.7 3.7 -1.1
v -0.6 3.7 -1.1
v 0.7 3.7 -1.1
v 0.8 3.7 -1.1
v 0.9 3.7 -1.1
v 1 3.7 -1.1
v 1.1 3.7 -1.1
v 1.2 3.7 -1.1
v 1.4 3.7 -1.1
v -1.6 3.7 -1.2
v -1.5 3.7 -1.2
v -1.1 3.7 -1.2
v -1 3.7 -1.2
v -0.9 3.7 -1.2
v -0.8 3.7 -1.2
v -0.7 3.7 -1.2
v -0.6 3.7 -1.2
v 0.1 3.7 -1.2
v 0.2 3.7 -1.2
v 0.3 3.7 -1.2
v 0.7 3.7 -1.2
v 0.8 3.7 -1.2
v 0.9 3.7 -1.2
v 1.2 3.7 -1.2
v 1.3 3.7 -1.2
v 1.4 3.7 -1.2
v 1.5 3.7 -1.2
v -0.9 3.7 -1.3
v -0.8 3.7 -1.3
v 2.38419e-07 3.7 -1.3
v 0.1 3.7 -1.3
v 0.2 3.7 -1.3
v 0.3 3.7 -1.3
v 0.9 3.7 -1.3
v 1 3.7 -1.3
v 1.1 3.7 -1.3
v 1.2 3.7 -1.3
v 1.3 3.7 -1.3
v 1.4 3.7 -1.3
v 1.5 3.7 -1.3
v -1.6 3.7 -1.4
v -1.5 3.7 -1.4
v -1 3.7 -1.4
v -0.9 3.7 -1.4
v -0.4 3.7 -1.4
v -0.3 3.7 -1.4
v 2.38419e-07 3.7 -1.4
v 0.1 3.7 -1.4
v 1.3 3.7 -1.4
v 1.4 3.7 -1.4
v 1.5 3.7 -1.4
v -1.5 3.7 -1.5
v -1.4 3.7 -1.5
v -1.1 3.7 -1.5
v -1 3.7 -1.5
v -0.9 3.7 -1.5
v -0.8 3.7 -1.5
v -0.4 3.7 -1.5
v -0.3 3.7 -1.5
v -0.2 3.7 -1.5
v 2.38419e-07 3.7 -1.5
v 0.1 3.7 -1.5
v 0.2 3.7 -1.5
v 1.3 3.7 -1.5
v 1.4 3.7 -1.5
v 1.5 3.7 -1.5
v -1.6 3.7 -1.6
v -1.5 3.7 -1.6
v -1.4 3.7 -1.6
v -1.2 3.7 -1.6
v -1.1 3.7 -1.6
v -1 3.7 -1.6
v -0.9 3.7 -1.6
v -0.4 3.7 -1.6
v -0.3 3.7 -1.6
v -0.2 3.7 -1.6
v 2.38419e-07 3.7 -1.6
v 0.1 3.7 -1.6
v 1.3 3.7 -1.6
v 1.4 3.7 -1.6
v -1.5 3.7 -1.7
v -1.2 3.7 -1.7
v -1 3.7 -1.7
v -0.3 3.7 -1.7
v 2.38419e-07 3.7 -1.7
v -1.2 3.8 1
v -1 3.8 1
v -0.9 3.8 1
v -1.2 3.8 0.9
v -1 3.8 0.9
v -0.9 3.8 0.9
v -0.8 3.8 0.9
v -0.7 3.8 0.9
v -0.6 3.8 0.9
v -1.4 3.8 0.8
v -1.3 3.8 0.8
v -0.8 3.8 0.8
v -0.7 3.8 0.8
v -0.6 3.8 0.8
v 0.4 3.8 0.8
v 0.5 3.8 0.8
v -1.4 3.8 0.7
v -1.3 3.8 0.7
v -0.7 3.8 0.7
v -0.6 3.8 0.7
v 0.4 3.8 0.7
v 0.5 3.8 0.7
v 1.1 3.8 0.7
v 1.2 3.8 0.7
v 1.5 3.8 0.7
v 1 3.8 0.6
v 1.1 3.8 0.6
v 1.3 3.8 0.6
v 1.5 3.8 0.6
v 1.6 3.8 0.6
v 1.2 3.8 0.5
v 1.3 3.8 0.5
v 1.4 3.8 0.5
v 1 3.8 0.4
v 1.1 3.8 0.4
v 1.2 3.8 0.4
v 1.3 3.8 0.4
v 1.4 3.8 0.4
v 1.6 3.8 0.4
v -1.7 3.8 0.3
v -1.6 3.8 0.3
v 1 3.8 0.3
v 1.1 3.8 0.3
v 1.3 3.8 0.3
v 1.5 3.8 0.3
v 1.6 3.8 0.3
v -1.7 3.8 0.2
v -1.6 3.8 0.2
v -1.4 3.8 0.2
v -1.3 3.8 0.2
v -1 3.8 0.2
v -0.8 3.8 0.2
v 1.1 3.8 0.2
v 1.3 3.8 0.2
v 1.4 3.8 0.2
v 1.5 3.8 0.2
v -1.5 3.8 0.0999999
v -1.4 3.8 0.0999999
v -1.3 3.8 0.0999999
v -1.2 3.8 0.0999999
v -1.1 3.8 0.0999999
v -1 3.8 0.0999999
v -0.9 3.8 0.0999999
v -0.8 3.8 0.0999999
v -1.5 3.8 -2.38419e-07
v -1.4 3.8 -2.38419e-07
v -1.3 3.8 -2.38419e-07
v -1.2 3.8 -2.38419e-07
v -1.1 3.8 -2.38419e-07
v -1 3.8 -2.38419e-07
v -1.5 3.8 -0.1
v -1.4 3.8 -0.1
v -1.3 3.8 -0.1
v -1.3 3.8 -0.2
v -1.2 3.8 -0.2
v -1.1 3.8 -0.2
v -1 3.8 -0.2
v -1.2 3.8 -0.3
v -1 3.8 -0.3
v -0.9 3.8 -0.3
v 0.9 3.8 -0.3
v 1 3.8 -0.3
v 1.1 3.8 -0.3
v 1.2 3.8 -0.3
v -0.9 3.8 -0.4
v -0.8 3.8 -0.4
v 0.7 3.8 -0.4
v 0.8 3.8 -0.4
v 0.9 3.8 -0.4
v 1 3.8 -0.4
v 1.1 3.8 -0.4
v 1.2 3.8 -0.4
v 1.3 3.8 -0.4
v -0.9 3.8 -0.5
v -0.8 3.8 -0.5
v 0.7 3.8 -0.5
v 0.8 3.8 -0.5
v 0.9 3.8 -0.5
v 1 3.8 -0.5
v 1.1 3.8 -0.5
v 1.2 3.8 -0.5
v 1.3 3.8 -0.5
v -1.1 3.8 -0.6
v -1 3.8 -0.6
v -0.9 3.8 -0.6
v 0.9 3.8 -0.6
v 1 3.8 -0.6
v 1.1 3.8 -0.6
v 1.2 3.8 -0.6
v 1.3 3.8 -0.6
v -1 3.8 -0.7
v 1 3.8 -0.7
v 1.1 3.8 -0.7
v 1.3 3.8 -0.7
v -1 3.8 -0.8
v 0.9 3.8 -0.8
v 1 3.8 -0.8
v -1 3.8 -0.9
v -0.9 3.8 -0.9
v 0.8 3.8 -0.9
v 0.9 3.8 -0.9
v 1 3.8 -0.9
v -1.1 3.8 -1
v -1 3.8 -1
v -0.9 3.8 -1
v -0.8 3.8 -1
v -0.7 3.8 -1
v 2.38419e-07 3.8 -1
v 0.1 3.8 -1
v 0.6 3.8 -1
v 0.8 3.8 -1
v 0.9 3.8 -1
v -1.5 3.8 -1.1
v -1.2 3.8 -1.1
v -1 3.8 -1.1
v -0.7 3.8 -1.1
v -0.2 3.8 -1.1
v -0.0999999 3.8 -1.1
v 2.38419e-07 3.8 -1.1
v 0.1 3.8 -1.1
v 0.2 3.8 -1.1
v 0.4 3.8 -1.1
v 0.6 3.8 -1.1
v 0.7 3.8 -1.1
v 0.8 3.8 -1.1
v 1 3.8 -1.1
v -1.5 3.8 -1.2
v -1.3 3.8 -1.2
v -1.2 3.8 -1.2
v -1.1 3.8 -1.2
v -1 3.8 -1.2
v -0.5 3.8 -1.2
v -0.4 3.8 -1.2
v -0.3 3.8 -1.2
v -0.2 3.8 -1.2
v -0.0999999 3.8 -1.2
v 2.38419e-07 3.8 -1.2
v 0.1 3.8 -1.2
v 0.2 3.8 -1.2
v 0.4 3.8 -1.2
v 0.7 3.8 -1.2
v -0.5 3.8 -1.3
v -0.4 3.8 -1.3
v 2.38419e-07 3.8 -1.3
v 0.1 3.8 -1.3
v 1 3.8 -1.3
v 1.1 3.8 -1.3
v 1.3 3.8 -1.3
v -1.5 3.8 -1.4
v -1.4 3.8 -1.4
v -1.1 3.8 -1.4
v -1 3.8 -1.4
v -0.4 3.8 -1.4
v -0.3 3.8 -1.4
v -0.2 3.8 -1.4
v -0.0999999 3.8 -1.4
v 2.38419e-07 3.8 -1.4
v 0.9 3.8 -1.4
v 1 3.8 -1.4
v 1.1 3.8 -1.4
v 1.2 3.8 -1.4
v 1.3 3.8 -1.4
v -1.5 3.8 -1.5
v -1.4 3.8 -1.5
v -1.2 3.8 -1.5
v -1.1 3.8 -1.5
v -1 3.8 -1.5
v -0.2 3.8 -1.5
v 2.38419e-07 3.8 -1.5
v 1.1 3.8 -1.5
v 1.2 3.8 -1.5
v 1.3 3.8 -1.5
v -1.4 3.8 -1.6
v -1.2 3.8 -1.6
v -1.1 3.8 -1.6
v -0.3 3.8 -1.6
v -0.2 3.8 -1.6
v 0.9 3.8 -1.6
v 1 3.8 -1.6
v 1.1 3.8 -1.6
v 1.2 3.8 -1.6
v 1.3 3.8 -1.6
v 1 3.8 -1.7
v 1.1 3.8 -1.7
v 1.2 3.8 -1.7
v 0.1 3.9 1.4
v 0.2 3.9 1.4
v 0.1 3.9 1.3
v 0.2 3.9 1.3
v -1.6 3.9 0.3
v -1.5 3.9 0.3
v -1.4 3.9 0.3
v -1.2 3.9 0.3
v -1.1 3.9 0.3
v -1.7 3.9 0.2
v -1.6 3.9 0.2
v -1.5 3.9 0.2
v -1.4 3.9 0.2
v -1.2 3.9 0.2
v -1.1 3.9 0.2
v -1.7 3.9 0.0999999
v -1.6 3.9 0.0999999
v -1.5 3.9 0.0999999
v -1.4 3.9 0.0999999
v -1.7 3.9 -2.38419e-07
v -1.6 3.9 -2.38419e-07
v -1.5 3.9 -2.38419e-07
v 0.7 3.9 -0.2
v 0.8 3.9 -0.2
v 0.7 3.9 -0.3
v 0.8 3.9 -0.3
v -0.4 3.9 -0.5
v -0.2 3.9 -0.5
v -0.5 3.9 -0.6
v -0.4 3.9 -0.6
v -0.2 3.9 -0.6
v -0.0999999 3.9 -0.6
v -0.5 3.9 -0.7
v -0.4 3.9 -0.7
v -0.3 3.9 -0.7
v -0.0999999 3.9 -0.7
v 2.38419e-07 3.9 -0.7
v -0.3 3.9 -0.8
v -0.0999999 3.9 -0.8
v 2.38419e-07 3.9 -0.8
v 0.1 3.9 -0.8
v -0.0999999 3.9 -0.9
v 2.38419e-07 3.9 -0.9
v 0.1 3.9 -0.9
v -0.2 3.9 -1
v -0.0999999 3.9 -1
v 2.38419e-07 3.9 -1
v 0.1 3.9 -1
v -1.2 3.9 -1.1
v -1.1 3.9 -1.1
v -0.6 3.9 -1.1
v -0.4 3.9 -1.1
v -0.3 3.9 -1.1
v -0.2 3.9 -1.1
v -0.0999999 3.9 -1.1
v 2.38419e-07 3.9 -1.1
v -1.5 3.9 -1.2
v -1.3 3.9 -1.2
v -1.2 3.9 -1.2
v -1.1 3.9 -1.2
v -0.6 3.9 -1.2
v -0.4 3.9 -1.2
v -0.3 3.9 -1.2
v -0.2 3.9 -1.2
v -1.5 3.9 -1.4
v -1.4 3.9 -1.4
v -1.3 3.9 -1.4
v -1.2 3.9 -1.4
v -1.1 3.9 -1.4
v -1.4 3.9 -1.5
v -1.2 3.9 -1.5
v -1.1 3.9 -1.5
v 0.2 4 1.3
v 0.3 4 1.3
v -0.0999999 4 1.2
v 2.38419e-07 4 1.2
v 0.2 4 1.2
v 0.3 4 1.2
v 0.4 4 1.2
v -0.2 4 1.1
v -0.0999999 4 1.1
v 2.38419e-07 4 1.1
v 0.3 4 1.1
v -0.0999999 4 1
v 2.38419e-07 4 1
v 0.1 4 1
v 0.3 4 1
v 0.4 4 1
v -1.3 4 0.9
v -1.1 4 0.9
v -0.9 4 0.9
v -0.8 4 0.9
v -0.5 4 0.9
v -0.4 4 0.9
v -0.2 4 0.9
v -0.0999999 4 0.9
v 0.1 4 0.9
v 0.2 4 0.9
v 0.3 4 0.9
v -1.3 4 0.8
v -1.2 4 0.8
v -1.1 4 0.8
v -1 4 0.8
v -0.9 4 0.8
v -0.8 4 0.8
v -0.7 4 0.8
v -0.5 4 0.8
v -0.4 4 0.8
v -0.0999999 4 0.8
v 2.38419e-07 4 0.8
v 0.1 4 0.8
v 0.2 4 0.8
v 0.4 4 0.8
v -0.9 4 0.7
v -0.8 4 0.7
v -0.7 4 0.7
v 2.38419e-07 4 0.7
v 0.2 4 0.7
v 0.4 4 0.7
v 0.5 4 0.7
v -0.8 4 0.6
v -0.7 4 0.6
v 0.2 4 0.6
v 0.3 4 0.6
v 0.4 4 0.6
v 0.5 4 0.6
v 0.6 4 0.6
v 0.7 4 0.6
v 0.6 4 0.5
v 0.7 4 0.5
v 0.8 4 0.5
v 0.7 4 0.4
v 0.8 4 0.4
v 0.8 4 0.3
v 0.9 4 0.3
v -0.8 4 0.2
v -0.7 4 0.2
v -1 4 0.0999999
v -0.9 4 0.0999999
v -0.8 4 0.0999999
v -1 4 -2.38419e-07
v -0.9 4 -2.38419e-07
v -0.8 4 -2.38419e-07
v -0.7 4 -2.38419e-07
v 0.8 4 -2.38419e-07
v 0.9 4 -2.38419e-07
v 0.8 4 -0.1
v 0.9 4 -0.1
v -0.6 4 -0.2
v -0.5 4 -0.2
v -0.6 4 -0.3
v -0.5 4 -0.3
v -0.3 4 -0.3
v -0.8 4 -0.4
v -0.7 4 -0.4
v -0.6 4 -0.4
v -0.5 4 -0.4
v -0.3 4 -0.4
v -0.2 4 -0.4
v -0.0999999 4 -0.4
v -0.9 4 -0.5
v -0.8 4 -0.5
v -0.7 4 -0.5
v -0.6 4 -0.5
v -0.4 4 -0.5
v -0.2 4 -0.5
v 0.8 4 -0.5
v 0.9 4 -0.5
v -1 4 -0.6
v -0.9 4 -0.6
v -0.8 4 -0.6
v -0.6 4 -0.6
v -0.5 4 -0.6
v -0.4 4 -0.6
v -0.2 4 -0.6
v -0.0999999 4 -0.6
v 0.9 4 -0.6
v 1 4 -0.6
v -1 4 -0.7
v -0.9 4 -0.7
v -0.5 4 -0.7
v -0.3 4 -0.7
v 0.7 4 -0.7
v 0.8 4 -0.7
v -1 4 -0.8
v -0.9 4 -0.8
v -0.3 4 -0.8
v -0.0999999 4 -0.8
v 0.6 4 -0.8
v 0.7 4 -0.8
v 0.9 4 -0.8
v 1 4 -0.8
v -1 4 -0.9
v -0.9 4 -0.9
v -0.8 4 -0.9
v -0.6 4 -0.9
v -0.5 4 -0.9
v -0.3 4 -0.9
v -0.0999999 4 -0.9
v 0.6 4 -0.9
v 0.7 4 -0.9
v 0.8 4 -0.9
v 0.9 4 -0.9
v -0.9 4 -1
v -0.8 4 -1
v -0.7 4 -1
v -0.6 4 -1
v -0.4 4 -1
v -0.2 4 -1
v -0.0999999 4 -1
v 0.6 4 -1
v 0.7 4 -1
v 0.8 4 -1
v -0.7 4 -1.1
v -0.4 4 -1.1
v -0.2 4 -1.1
v 2.38419e-07 4.1 1.3
v 0.1 4.1 1.3
v 0.2 4.1 1.3
v 0.2 4.1 1.2
v 0.3 4.1 1.2
v 2.38419e-07 4.1 1.1
v 0.1 4.1 1.1
v 0.2 4.1 1.1
v 0.3 4.1 1.1
v 2.38419e-07 4.1 1
v 0.1 4.1 1
v 0.2 4.1 1
v -0.4 4.1 0.9
v -0.3 4.1 0.9
v -0.2 4.1 0.9
v -0.0999999 4.1 0.9
v 0.1 4.1 0.9
v 0.3 4.1 0.9
v -1.3 4.1 0.8
v -1.2 4.1 0.8
v -1 4.1 0.8
v -0.9 4.1 0.8
v -0.4 4.1 0.8
v -0.3 4.1 0.8
v -0.2 4.1 0.8
v -0.0999999 4.1 0.8
v -1.4 4.1 0.7
v -1.3 4.1 0.7
v -1.2 4.1 0.7
v -1 4.1 0.7
v -0.9 4.1 0.7
v 2.38419e-07 4.1 0.7
v 0.2 4.1 0.7
v -1.4 4.1 0.6
v -1.3 4.1 0.6
v -1.2 4.1 0.6
v 2.38419e-07 4.1 0.6
v 0.2 4.1 0.6
v 0.4 4.1 0.6
v 0.6 4.1 0.6
v -1.4 4.1 0.5
v -1.3 4.1 0.5
v -1.2 4.1 0.5
v -1.1 4.1 0.5
v 0.4 4.1 0.5
v 0.6 4.1 0.5
v 0.7 4.1 0.5
v -1.4 4.1 0.4
v -1.3 4.1 0.4
v -1.1 4.1 0.4
v -1 4.1 0.4
v -0.8 4.1 0.4
v 0.6 4.1 0.4
v 0.7 4.1 0.4
v 0.8 4.1 0.4
v -1.3 4.1 0.3
v -1.1 4.1 0.3
v -0.9 4.1 0.3
v -0.8 4.1 0.3
v -0.7 4.1 0.3
v -0.6 4.1 0.3
v -1.1 4.1 0.2
v -0.9 4.1 0.2
v -0.7 4.1 0.2
v -0.6 4.1 0.2
v -0.5 4.1 0.2
v -0.4 4.1 0.2
v 0.7 4.1 0.2
v 0.8 4.1 0.2
v -0.6 4.1 0.0999999
v -0.5 4.1 0.0999999
v -0.4 4.1 0.0999999
v -0.3 4.1 0.0999999
v -1.1 4.1 -2.38419e-07
v -1 4.1 -2.38419e-07
v -0.7 4.1 -2.38419e-07
v -0.6 4.1 -2.38419e-07
v -0.5 4.1 -2.38419e-07
v -0.4 4.1 -2.38419e-07
v -0.3 4.1 -2.38419e-07
v -0.2 4.1 -2.38419e-07
v 0.7 4.1 -2.38419e-07
v 0.8 4.1 -2.38419e-07
v -1.1 4.1 -0.1
v -1 4.1 -0.1
v -0.5 4.1 -0.1
v -0.2 4.1 -0.1
v -0.0999999 4.1 -0.1
v 0.7 4.1 -0.1
v -1.1 4.1 -0.2
v -1 4.1 -0.2
v -0.9 4.1 -0.2
v -0.5 4.1 -0.2
v -0.2 4.1 -0.2
v -0.0999999 4.1 -0.2
v 2.38419e-07 4.1 -0.2
v 0.6 4.1 -0.2
v 0.7 4.1 -0.2
v 0.8 4.1 -0.2
v -1 4.1 -0.3
v -0.9 4.1 -0.3
v -0.8 4.1 -0.3
v -0.7 4.1 -0.3
v -0.6 4.1 -0.3
v -0.5 4.1 -0.3
v -0.3 4.1 -0.3
v -0.2 4.1 -0.3
v -0.0999999 4.1 -0.3
v 2.38419e-07 4.1 -0.3
v 0.6 4.1 -0.3
v 0.7 4.1 -0.3
v -0.9 4.1 -0.4
v -0.8 4.1 -0.4
v -0.7 4.1 -0.4
v -0.6 4.1 -0.4
v -0.3 4.1 -0.4
v -0.0999999 4.1 -0.4
v 0.7 4.1 -0.5
v 0.8 4.1 -0.5
v 0.6 4.1 -0.6
v 0.7 4.1 -0.6
v 0.7 4.1 -0.7
v 0.8 4.1 -0.7
v 0.5 4.1 -0.8
v 0.6 4.1 -0.8
v 0.7 4.1 -0.8
v 0.1 4.1 -0.9
v 0.2 4.1 -0.9
v 0.4 4.1 -0.9
v 0.5 4.1 -0.9
v 0.2 4.1 -1
v 0.4 4.1 -1
v 0.5 4.1 -1
v 0.1 4.1 -1.1
v 0.2 4.1 -1.1
v 0.4 4.1 -1.1
v 0.5 4.1 -1.1
v 0.6 4.1 -1.1
v 0.2 4.1 -1.2
v 0.4 4.1 -1.2
v -0.6 4.2 0.8
v -0.4 4.2 0.8
v -0.2 4.2 0.8
v -0.0999999 4.2 0.8
v 2.38419e-07 4.2 0.8
v -1.2 4.2 0.7
v -1 4.2 0.7
v -0.8 4.2 0.7
v -0.7 4.2 0.7
v -0.6 4.2 0.7
v -0.4 4.2 0.7
v -0.3 4.2 0.7
v -0.2 4.2 0.7
v -0.0999999 4.2 0.7
v 2.38419e-07 4.2 0.7
v -1.2 4.2 0.6
v -1 4.2 0.6
v -0.9 4.2 0.6
v -0.8 4.2 0.6
v -0.7 4.2 0.6
v -0.6 4.2 0.6
v -0.5 4.2 0.6
v -0.4 4.2 0.6
v 2.38419e-07 4.2 0.6
v 0.3 4.2 0.6
v 0.4 4.2 0.6
v -1.2 4.2 0.5
v -1.1 4.2 0.5
v -1 4.2 0.5
v -0.9 4.2 0.5
v -0.8 4.2 0.5
v -0.7 4.2 0.5
v -0.6 4.2 0.5
v -0.0999999 4.2 0.5
v 2.38419e-07 4.2 0.5
v 0.1 4.2 0.5
v 0.3 4.2 0.5
v 0.4 4.2 0.5
v 0.6 4.2 0.5
v -1.1 4.2 0.4
v -1 4.2 0.4
v -0.8 4.2 0.4
v -0.6 4.2 0.4
v 2.38419e-07 4.2 0.4
v 0.1 4.2 0.4
v 0.2 4.2 0.4
v 0.3 4.2 0.4
v 0.5 4.2 0.4
v 0.6 4.2 0.4
v 0.7 4.2 0.4
v -0.8 4.2 0.3
v -0.7 4.2 0.3
v -0.6 4.2 0.3
v 0.5 4.2 0.3
v 0.6 4.2 0.3
v 0.6 4.2 0.2
v 0.7 4.2 0.2
v 0.8 4.2 0.2
v -1 4.2 -2.38419e-07
v -0.8 4.2 -2.38419e-07
v -0.7 4.2 -2.38419e-07
v -0.6 4.2 -2.38419e-07
v -0.5 4.2 -2.38419e-07
v 0.6 4.2 -2.38419e-07
v 0.7 4.2 -2.38419e-07
v 0.8 4.2 -2.38419e-07
v -1 4.2 -0.1
v -0.9 4.2 -0.1
v -0.8 4.2 -0.1
v -0.7 4.2 -0.1
v -0.6 4.2 -0.1
v -0.5 4.2 -0.1
v 0.5 4.2 -0.1
v 0.6 4.2 -0.1
v 0.7 4.2 -0.1
v -1 4.2 -0.2
v -0.9 4.2 -0.2
v -0.7 4.2 -0.2
v -0.6 4.2 -0.2
v -0.5 4.2 -0.2
v 2.38419e-07 4.2 -0.2
v 0.2 4.2 -0.2
v 0.6 4.2 -0.2
v 0.7 4.2 -0.2
v -0.8 4.2 -0.3
v -0.7 4.2 -0.3
v -0.6 4.2 -0.3
v -0.0999999 4.2 -0.3
v 2.38419e-07 4.2 -0.3
v 0.1 4.2 -0.3
v 0.2 4.2 -0.3
v 0.5 4.2 -0.3
v 0.6 4.2 -0.3
v 0.7 4.2 -0.3
v -0.8 4.2 -0.4
v -0.7 4.2 -0.4
v 2.38419e-07 4.2 -0.4
v 0.1 4.2 -0.4
v 0.6 4.2 -0.4
v 0.7 4.2 -0.4
v -0.8 4.2 -0.5
v -0.7 4.2 -0.5
v -0.6 4.2 -0.5
v 0.6 4.2 -0.5
v 0.7 4.2 -0.5
v -0.8 4.2 -0.6
v -0.7 4.2 -0.6
v -0.6 4.2 -0.6
v -0.5 4.2 -0.6
v 0.6 4.2 -0.6
v 0.7 4.2 -0.6
v -0.6 4.2 -0.7
v -0.5 4.2 -0.7
v -0.0999999 4.2 -0.7
v 2.38419e-07 4.2 -0.7
v -0.9 4.2 -0.8
v -0.8 4.2 -0.8
v -0.7 4.2 -0.8
v -0.6 4.2 -0.8
v -0.9 4.2 -0.9
v -0.8 4.2 -0.9
v -0.7 4.2 -0.9
v -0.6 4.2 -0.9
v -0.5 4.2 -0.9
v -0.8 4.2 -1
v -0.6 4.2 -1
v -0.4 4.3 0.7
v -0.3 4.3 0.7
v -0.0999999 4.3 0.7
v -0.6 4.3 0.6
v -0.5 4.3 0.6
v -0.4 4.3 0.6
v -0.6 4.3 0.5
v -0.5 4.3 0.5
v -0.4 4.3 0.5
v -0.3 4.3 0.5
v -0.2 4.3 0.5
v -0.0999999 4.3 0.5
v 2.38419e-07 4.3 0.5
v -0.6 4.3 0.4
v -0.5 4.3 0.4
v -0.4 4.3 0.4
v -0.0999999 4.3 0.4
v 2.38419e-07 4.3 0.4
v 0.1 4.3 0.4
v -0.6 4.3 0.3
v -0.5 4.3 0.3
v -0.3 4.3 0.3
v -0.2 4.3 0.3
v -0.0999999 4.3 0.3
v 2.38419e-07 4.3 0.3
v 0.1 4.3 0.3
v -0.6 4.3 0.2
v -0.4 4.3 0.2
v -0.3 4.3 0.2
v -0.2 4.3 0.2
v -0.0999999 4.3 0.2
v 2.38419e-07 4.3 0.2
v -0.4 4.3 0.0999999
v -0.3 4.3 0.0999999
v -0.2 4.3 0.0999999
v -0.0999999 4.3 0.0999999
v 2.38419e-07 4.3 0.0999999
v -0.8 4.3 -2.38419e-07
v -0.7 4.3 -2.38419e-07
v -0.3 4.3 -2.38419e-07
v -0.2 4.3 -2.38419e-07
v 2.38419e-07 4.3 -2.38419e-07
v -0.9 4.3 -0.1
v -0.8 4.3 -0.1
v -0.7 4.3 -0.1
v -0.6 4.3 -0.1
v -0.2 4.3 -0.1
v -0.0999999 4.3 -0.1
v 2.38419e-07 4.3 -0.1
v 0.1 4.3 -0.1
v 0.4 4.3 -0.1
v 0.5 4.3 -0.1
v -0.8 4.3 -0.2
v -0.7 4.3 -0.2
v -0.6 4.3 -0.2
v -0.0999999 4.3 -0.2
v 2.38419e-07 4.3 -0.2
v 0.1 4.3 -0.2
v 0.2 4.3 -0.2
v 0.3 4.3 -0.2
v 0.4 4.3 -0.2
v -0.9 4.3 -0.3
v -0.7 4.3 -0.3
v 0.1 4.3 -0.3
v 0.2 4.3 -0.3
v 0.3 4.3 -0.3
v 0.4 4.3 -0.3
v 0.5 4.3 -0.3
v 0.6 4.3 -0.3
v 2.38419e-07 4.3 -0.4
v 0.1 4.3 -0.4
v 0.2 4.3 -0.4
v 0.4 4.3 -0.4
v 0.5 4.3 -0.4
v 0.6 4.3 -0.4
v 0.1 4.3 -0.5
v 0.5 4.3 -0.5
v 0.6 4.3 -0.5
v -0.9 4.3 -0.6
v -0.7 4.3 -0.6
v -0.6 4.3 -0.6
v 0.1 4.3 -0.6
v 0.2 4.3 -0.6
v 0.5 4.3 -0.6
v 0.6 4.3 -0.6
v -0.9 4.3 -0.7
v -0.7 4.3 -0.7
v -0.6 4.3 -0.7
v 2.38419e-07 4.3 -0.7
v 0.1 4.3 -0.7
v 0.4 4.3 -0.7
v 0.5 4.3 -0.7
v -0.9 4.3 -0.8
v -0.8 4.3 -0.8
v -0.7 4.3 -0.8
v -0.6 4.3 -0.8
v 2.38419e-07 4.3 -0.8
v 0.1 4.3 -0.8
v 0.2 4.3 -0.8
v 0.3 4.3 -0.8
v 0.4 4.3 -0.8
v 0.5 4.3 -0.8
v 0.6 4.3 -0.8
v -0.8 4.3 -0.9
v -0.7 4.3 -0.9
v 0.1 4.3 -0.9
v 0.2 4.3 -0.9
v 0.3 4.3 -0.9
v 0.4 4.3 -0.9
v 0.5 4.3 -0.9
v 0.2 4.3 -1
v 0.3 4.3 -1
v 0.4 4.3 -1
v -0.5 4.4 0.5
v -0.4 4.4 0.5
v -0.3 4.4 0.5
v -0.2 4.4 0.5
v -0.5 4.4 0.4
v -0.4 4.4 0.4
v -0.3 4.4 0.4
v 0.1 4.4 0.4
v 0.2 4.4 0.4
v 0.3 4.4 0.4
v 0.5 4.4 0.4
v -0.3 4.4 0.3
v -0.2 4.4 0.3
v 2.38419e-07 4.4 0.3
v 0.1 4.4 0.3
v 0.2 4.4 0.3
v 0.3 4.4 0.3
v 0.4 4.4 0.3
v 0.5 4.4 0.3
v 0.6 4.4 0.3
v -0.4 4.4 0.2
v -0.3 4.4 0.2
v -0.0999999 4.4 0.2
v 2.38419e-07 4.4 0.2
v 0.1 4.4 0.2
v 0.2 4.4 0.2
v 0.4 4.4 0.2
v 0.5 4.4 0.2
v 0.6 4.4 0.2
v 0.7 4.4 0.2
v -0.0999999 4.4 0.0999999
v 2.38419e-07 4.4 0.0999999
v 0.1 4.4 0.0999999
v 0.2 4.4 0.0999999
v 0.6 4.4 0.0999999
v 0.7 4.4 0.0999999
v 0.1 4.4 -2.38419e-07
v 0.2 4.4 -2.38419e-07
v 0.4 4.4 -2.38419e-07
v 0.5 4.4 -2.38419e-07
v 0.6 4.4 -2.38419e-07
v 0.7 4.4 -2.38419e-07
v 2.38419e-07 4.4 -0.1
v 0.1 4.4 -0.1
v 0.2 4.4 -0.1
v 0.4 4.4 -0.1
v 0.6 4.4 -0.1
v 0.1 4.4 -0.2
v 0.4 4.4 -0.2
v 0.1 4.4 -0.4
v 0.2 4.4 -0.4
v 0.4 4.4 -0.4
v 0.5 4.4 -0.4
v 0.1 4.4 -0.5
v 0.2 4.4 -0.5
v 0.3 4.4 -0.5
v 0.4 4.4 -0.5
v 0.5 4.4 -0.5
v 0.1 4.4 -0.6
v 0.2 4.4 -0.6
v 0.3 4.4 -0.6
v 0.5 4.4 -0.6
v 0.4 4.4 -0.7
v 0.5 4.4 -0.7
v 0.2 4.4 -0.8
v 0.3 4.4 -0.8
v 0.4 4.4 -0.8
v 0.2 4.5 0.3
v 0.4 4.5 0.3
v 0.1 4.5 0.2
v 0.2 4.5 0.2
v 0.4 4.5 0.2
v 0.5 4.5 0.2
v 0.1 4.5 0.0999999
v 0.2 4.5 0.0999999
v 0.3 4.5 0.0999999
v 0.1 4.5 -2.38419e-07
v 0.2 4.5 -2.38419e-07
v 0.3 4.5 -2.38419e-07
v 0.4 4.5 -2.38419e-07
v 0.5 4.5 -2.38419e-07
v 0.1 4.5 -0.1
v 0.2 4.5 -0.1
v 0.4 4.5 -0.1

# faces
f 3/5/1 2/5/1 1/5/1
f 4/5/1 2/5/1 3/5/1
f 5/5/1 3/5/1 1/5/1
f 6/2/1 4/2/1 3/2/1
f 6/5/1 3/5/1 5/5/1
f 7/2/1 4/2/1 6/2/1
f 8/2/1 4/2/1 7/2/1
f 9/2/1 4/2/1 8/2/1
f 10/2/1 4/2/1 9/2/1
f 11/2/1 4/2/1 10/2/1
f 12/2/1 4/2/1 11/2/1
f 13/5/1 2/5/1 4/5/1
f 13/2/1 4/2/1 12/2/1
f 14/5/1 2/5/1 13/5/1
f 15/2/1 6/2/1 5/2/1
f 15/2/1 7/2/1 6/2/1
f 16/2/1 7/2/1 15/2/1
f 17/5/1 8/5/1 7/5/1
f 17/2/1 7/2/1 16/2/1
f 18/5/1 8/5/1 17/5/1
f 21/5/1 12/5/1 11/5/1
f 22/2/1 14/2/1 13/2/1
f 22/2/1 13/2/1 12/2/1
f 22/5/1 12/5/1 21/5/1
f 23/2/1 14/2/1 22/2/1
f 24/2/1 14/2/1 23/2/1
f 25/5/1 16/5/1 15/5/1
f 25/2/1 17/2/1 16/2/1
f 25/2/1 18/2/1 17/2/1
f 26/2/1 18/2/1 25/2/1
f 27/5/1 19/5/1 18/5/1
f 27/2/1 18/2/1 26/2/1
f 28/5/1 19/5/1 27/5/1
f 31/5/1 21/5/1 20/5/1
f 32/2/1 23/2/1 22/2/1
f 32/2/1 22/2/1 21/2/1
f 32/5/1 21/5/1 31/5/1
f 33/2/1 23/2/1 32/2/1
f 34/5/1 24/5/1 23/5/1
f 34/2/1 23/2/1 33/2/1
f 35/2/1 27/2/1 26/2/1
f 35/2/1 28/2/1 27/2/1
f 36/2/1 28/2/1 35/2/1
f 37/5/1 29/5/1 28/5/1
f 37/2/1 28/2/1 36/2/1
f 38/5/1 29/5/1 37/5/1
f 41/5/1 31/5/1 30/5/1
f 42/2/1 33/2/1 32/2/1
f 42/2/1 32/2/1 31/2/1
f 42/5/1 31/5/1 41/5/1
f 43/2/1 33/2/1 42/2/1
f 44/2/1 33/2/1 43/2/1
f 45/2/1 37/2/1 36/2/1
f 45/2/1 38/2/1 37/2/1
f 46/2/1 38/2/1 45/2/1
f 47/5/1 39/5/1 38/5/1
f 47/2/1 38/2/1 46/2/1
f 48/5/1 39/5/1 47/5/1
f 51/5/1 41/5/1 40/5/1
f 52/2/1 43/2/1 42/2/1
f 52/2/1 42/2/1 41/2/1
f 52/5/1 41/5/1 51/5/1
f 53/2/1 43/2/1 52/2/1
f 54/2/1 43/2/1 53/2/1
f 55/2/1 47/2/1 46/2/1
f 55/2/1 48/2/1 47/2/1
f 56/2/1 48/2/1 55/2/1
f 57/5/1 49/5/1 48/5/1
f 57/2/1 48/2/1 56/2/1
f 58/5/1 49/5/1 57/5/1
f 61/5/1 51/5/1 50/5/1
f 62/2/1 53/2/1 52/2/1
f 62/2/1 52/2/1 51/2/1
f 62/5/1 51/5/1 61/5/1
f 63/2/1 53/2/1 62/2/1
f 64/2/1 53/2/1 63/2/1
f 65/2/1 57/2/1 56/2/1
f 65/2/1 58/2/1 57/2/1
f 66/2/1 58/2/1 65/2/1
f 67/5/1 59/5/1 58/5/1
f 67/2/1 58/2/1 66/2/1
f 68/5/1 59/5/1 67/5/1
f 71/5/1 61/5/1 60/5/1
f 72/2/1 63/2/1 62/2/1
f 72/2/1 62/2/1 61/2/1
f 72/5/1 61/5/1 71/5/1
f 73/2/1 63/2/1 72/2/1
f 74/2/1 63/2/1 73/2/1
f 75/2/1 67/2/1 66/2/1
f 75/2/1 68/2/1 67/2/1
f 76/2/1 68/2/1 75/2/1
f 77/5/1 69/5/1 68/5/1
f 77/2/1 68/2/1 76/2/1
f 78/5/1 69/5/1 77/5/1
f 81/5/1 71/5/1 70/5/1
f 82/2/1 73/2/1 72/2/1
f 82/2/1 72/2/1 71/2/1
f 82/5/1 71/5/1 81/5/1
f 83/2/1 73/2/1 82/2/1
f 84/2/1 73/2/1 83/2/1
f 85/2/1 77/2/1 76/2/1
f 85/2/1 78/2/1 77/2/1
f 86/2/1 78/2/1 85/2/1
f 87/5/1 79/5/1 78/5/1
f 87/2/1 78/2/1 86/2/1
f 88/5/1 79/5/1 87/5/1
f 91/5/1 81/5/1 80/5/1
f 92/2/1 83/2/1 82/2/1
f 92/2/1 82/2/1 81/2/1
f 92/5/1 81/5/1 91/5/1
f 93/2/1 83/2/1 92/2/1
f 94/2/1 83/2/1 93/2/1
f 95/2/1 87/2/1 86/2/1
f 95/2/1 88/2/1 87/2/1
f 96/2/1 88/2/1 95/2/1
f 97/5/1 89/5/1 88/5/1
f 97/2/1 88/2/1 96/2/1
f 98/5/1 89/5/1 97/5/1
f 101/5/1 91/5/1 90/5/1
f 102/2/1 93/2/1 92/2/1
f 102/2/1 92/2/1 91/2/1
f 102/5/1 91/5/1 101/5/1
f 103/2/1 93/2/1 102/2/1
f 104/2/1 93/2/1 103/2/1
f 105/2/1 97/2/1 96/2/1
f 105/2/1 98/2/1 97/2/1
f 106/2/1 98/2/1 105/2/1
f 107/5/1 99/5/1 98/5/1
f 107/2/1 98/2/1 106/2/1
f 108/5/1 99/5/1 107/5/1
f 111/5/1 101/5/1 100/5/1
f 112/2/1 103/2/1 102/2/1
f 112/2/1 102/2/1 101/2/1
f 112/5/1 101/5/1 111/5/1
f 113/2/1 103/2/1 112/2/1
f 114/2/1 103/2/1 113/2/1
f 115/2/1 107/2/1 106/2/1
f 115/2/1 108/2/1 107/2/1
f 116/2/1 108/2/1 115/2/1
f 117/5/1 109/5/1 108/5/1
f 117/2/1 108/2/1 116/2/1
f 118/5/1 109/5/1 117/5/1
f 121/5/1 111/5/1 110/5/1
f 122/2/1 113/2/1 112/2/1
f 122/2/1 112/2/1 111/2/1
f 122/5/1 111/5/1 121/5/1
f 123/2/1 113/2/1 122/2/1
f 124/2/1 113/2/1 123/2/1
f 125/2/1 117/2/1 116/2/1
f 125/2/1 118/2/1 117/2/1
f 126/2/1 118/2/1 125/2/1
f 127/5/1 119/5/1 118/5/1
f 127/2/1 118/2/1 126/2/1
f 128/5/1 119/5/1 127/5/1
f 131/2/1 10/2/1 9/2/1
f 132/2/1 10/2/1 131/2/1
f 135/5/1 121/5/1 120/5/1
f 136/2/1 123/2/1 122/2/1
f 136/2/1 122/2/1 121/2/1
f 136/5/1 121/5/1 135/5/1
f 137/2/1 123/2/1 136/2/1
f 138/2/1 123/2/1 137/2/1
f 139/2/1 127/2/1 126/2/1
f 139/2/1 128/2/1 127/2/1
f 140/2/1 128/2/1 139/2/1
f 141/5/1 129/5/1 128/5/1
f 141/2/1 128/2/1 140/2/1
f 142/5/1 129/5/1 141/5/1
f 143/5/1 131/5/1 130/5/1
f 144/2/1 132/2/1 131/2/1
f 144/5/1 131/5/1 143/5/1
f 145/5/1 133/5/1 132/5/1
f 145/2/1 132/2/1 144/2/1
f 146/5/1 133/5/1 145/5/1
f 147/5/1 135/5/1 134/5/1
f 148/2/1 137/2/1 136/2/1
f 148/2/1 136/2/1 135/2/1
f 148/5/1 135/5/1 147/5/1
f 149/2/1 137/2/1 148/2/1
f 150/2/1 137/2/1 149/2/1
f 151/2/1 142/2/1 141/2/1
f 151/5/1 143/5/1 142/5/1
f 152/2/1 144/2/1 143/2/1
f 152/5/1 143/5/1 151/5/1
f 152/2/1 146/2/1 145/2/1
f 152/2/1 145/2/1 144/2/1
f 153/5/1 147/5/1 146/5/1
f 153/2/1 146/2/1 152/2/1
f 154/2/1 148/2/1 147/2/1
f 154/5/1 147/5/1 153/5/1
f 156/5/1 141/5/1 140/5/1
f 157/2/1 151/2/1 141/2/1
f 157/2/1 152/2/1 151/2/1
f 157/5/1 141/5/1 156/5/1
f 157/2/1 153/2/1 152/2/1
f 157/2/1 154/2/1 153/2/1
f 158/2/1 154/2/1 157/2/1
f 159/2/1 154/2/1 158/2/1
f 160/2/1 154/2/1 159/2/1
f 161/2/1 148/2/1 154/2/1
f 161/2/1 154/2/1 160/2/1
f 162/5/1 149/5/1 148/5/1
f 162/2/1 148/2/1 161/2/1
f 163/5/1 149/5/1 162/5/1
f 166/5/1 156/5/1 155/5/1
f 167/2/1 157/2/1 156/2/1
f 167/2/1 158/2/1 157/2/1
f 167/5/1 156/5/1 166/5/1
f 168/2/1 158/2/1 167/2/1
f 169/2/1 158/2/1 168/2/1
f 170/2/1 160/2/1 159/2/1
f 171/2/1 160/2/1 170/2/1
f 172/2/1 160/2/1 171/2/1
f 173/2/1 160/2/1 172/2/1
f 174/2/1 162/2/1 161/2/1
f 174/2/1 163/2/1 162/2/1
f 175/2/1 163/2/1 174/2/1
f 176/5/1 164/5/1 163/5/1
f 176/2/1 163/2/1 175/2/1
f 177/5/1 164/5/1 176/5/1
f 180/5/1 166/5/1 165/5/1
f 181/2/1 167/2/1 166/2/1
f 181/2/1 168/2/1 167/2/1
f 181/5/1 166/5/1 180/5/1
f 182/2/1 168/2/1 181/2/1
f 183/2/1 168/2/1 182/2/1
f 184/2/1 177/2/1 176/2/1
f 184/2/1 176/2/1 175/2/1
f 185/2/1 177/2/1 184/2/1
f 186/5/1 178/5/1 177/5/1
f 186/2/1 177/2/1 185/2/1
f 187/5/1 178/5/1 186/5/1
f 190/5/1 180/5/1 179/5/1
f 191/2/1 182/2/1 181/2/1
f 191/2/1 181/2/1 180/2/1
f 191/5/1 180/5/1 190/5/1
f 192/2/1 182/2/1 191/2/1
f 193/2/1 182/2/1 192/2/1
f 194/2/1 187/2/1 186/2/1
f 194/2/1 186/2/1 185/2/1
f 195/2/1 187/2/1 194/2/1
f 196/5/1 188/5/1 187/5/1
f 196/2/1 187/2/1 195/2/1
f 197/5/1 188/5/1 196/5/1
f 200/5/1 190/5/1 189/5/1
f 201/2/1 192/2/1 191/2/1
f 201/2/1 191/2/1 190/2/1
f 201/5/1 190/5/1 200/5/1
f 202/2/1 192/2/1 201/2/1
f 203/2/1 192/2/1 202/2/1
f 204/2/1 197/2/1 196/2/1
f 204/2/1 196/2/1 195/2/1
f 205/2/1 197/2/1 204/2/1
f 206/5/1 198/5/1 197/5/1
f 206/2/1 197/2/1 205/2/1
f 207/5/1 198/5/1 206/5/1
f 210/5/1 200/5/1 199/5/1
f 211/2/1 202/2/1 201/2/1
f 211/2/1 201/2/1 200/2/1
f 211/5/1 200/5/1 210/5/1
f 212/2/1 202/2/1 211/2/1
f 213/2/1 202/2/1 212/2/1
f 214/2/1 207/2/1 206/2/1
f 214/2/1 206/2/1 205/2/1
f 215/2/1 207/2/1 214/2/1
f 216/5/1 208/5/1 207/5/1
f 216/2/1 207/2/1 215/2/1
f 217/5/1 208/5/1 216/5/1
f 220/5/1 210/5/1 209/5/1
f 221/2/1 212/2/1 211/2/1
f 221/2/1 211/2/1 210/2/1
f 221/5/1 210/5/1 220/5/1
f 222/2/1 212/2/1 221/2/1
f 223/2/1 212/2/1 222/2/1
f 224/2/1 217/2/1 216/2/1
f 224/2/1 216/2/1 215/2/1
f 225/2/1 217/2/1 224/2/1
f 226/5/1 218/5/1 217/5/1
f 226/2/1 217/2/1 225/2/1
f 227/5/1 218/5/1 226/5/1
f 230/5/1 220/5/1 219/5/1
f 231/2/1 222/2/1 221/2/1
f 231/2/1 221/2/1 220/2/1
f 231/5/1 220/5/1 230/5/1
f 232/2/1 222/2/1 231/2/1
f 233/2/1 222/2/1 232/2/1
f 234/2/1 227/2/1 226/2/1
f 234/2/1 226/2/1 225/2/1
f 235/2/1 227/2/1 234/2/1
f 236/5/1 228/5/1 227/5/1
f 236/2/1 227/2/1 235/2/1
f 237/5/1 228/5/1 236/5/1
f 240/5/1 230/5/1 229/5/1
f 241/2/1 232/2/1 231/2/1
f 241/2/1 231/2/1 230/2/1
f 241/5/1 230/5/1 240/5/1
f 242/2/1 232/2/1 241/2/1
f 243/2/1 232/2/1 242/2/1
f 244/2/1 237/2/1 236/2/1
f 244/2/1 236/2/1 235/2/1
f 245/2/1 237/2/1 244/2/1
f 246/5/1 238/5/1 237/5/1
f 246/2/1 237/2/1 245/2/1
f 247/5/1 238/5/1 246/5/1
f 250/5/1 240/5/1 239/5/1
f 251/2/1 242/2/1 241/2/1
f 251/2/1 241/2/1 240/2/1
f 251/5/1 240/5/1 250/5/1
f 252/2/1 242/2/1 251/2/1
f 253/2/1 242/2/1 252/2/1
f 254/2/1 247/2/1 246/2/1
f 254/2/1 246/2/1 245/2/1
f 255/2/1 247/2/1 254/2/1
f 256/5/1 248/5/1 247/5/1
f 256/2/1 247/2/1 255/2/1
f 257/5/1 248/5/1 256/5/1
f 260/5/1 250/5/1 249/5/1
f 261/2/1 252/2/1 251/2/1
f 261/2/1 251/2/1 250/2/1
f 261/5/1 250/5/1 260/5/1
f 262/2/1 252/2/1 261/2/1
f 263/2/1 252/2/1 262/2/1
f 264/2/1 257/2/1 256/2/1
f 264/2/1 256/2/1 255/2/1
f 265/2/1 257/2/1 264/2/1
f 266/5/1 258/5/1 257/5/1
f 266/2/1 257/2/1 265/2/1
f 267/5/1 258/5/1 266/5/1
f 269/5/1 25/5/1 15/5/1
f 270/5/1 260/5/1 259/5/1
f 271/2/1 262/2/1 261/2/1
f 271/2/1 261/2/1 260/2/1
f 271/5/1 260/5/1 270/5/1
f 272/2/1 262/2/1 271/2/1
f 273/2/1 262/2/1 272/2/1
f 274/2/1 266/2/1 265/2/1
f 274/2/1 267/2/1 266/2/1
f 275/2/1 267/2/1 274/2/1
f 276/5/1 268/5/1 267/5/1
f 276/2/1 267/2/1 275/2/1
f 277/5/1 268/5/1 276/5/1
f 278/5/1 24/5/1 34/5/1
f 279/5/1 270/5/1 269/5/1
f 279/5/1 269/5/1 15/5/1
f 280/2/1 272/2/1 271/2/1
f 280/5/1 270/5/1 279/5/1
f 280/2/1 271/2/1 270/2/1
f 281/2/1 272/2/1 280/2/1
f 282/2/1 272/2/1 281/2/1
f 283/2/1 277/2/1 276/2/1
f 283/2/1 276/2/1 275/2/1
f 284/2/1 277/2/1 283/2/1
f 285/5/1 278/5/1 277/5/1
f 285/2/1 277/2/1 284/2/1
f 286/5/1 24/5/1 278/5/1
f 286/5/1 278/5/1 285/5/1
f 287/2/1 15/2/1 5/2/1
f 287/5/1 279/5/1 15/5/1
f 288/2/1 281/2/1 280/2/1
f 288/5/1 279/5/1 287/5/1
f 288/2/1 280/2/1 279/2/1
f 289/2/1 281/2/1 288/2/1
f 290/2/1 172/2/1 171/2/1
f 291/2/1 172/2/1 290/2/1
f 292/2/1 286/2/1 285/2/1
f 292/2/1 285/2/1 284/2/1
f 293/5/1 24/5/1 286/5/1
f 293/2/1 286/2/1 292/2/1
f 294/2/1 14/2/1 24/2/1
f 294/5/1 24/5/1 293/5/1
f 295/5/1 290/5/1 289/5/1
f 295/2/1 289/2/1 288/2/1
f 295/2/1 288/2/1 287/2/1
f 296/2/1 291/2/1 290/2/1
f 296/5/1 290/5/1 295/5/1
f 297/5/1 292/5/1 291/5/1
f 297/2/1 291/2/1 296/2/1
f 298/2/1 293/2/1 292/2/1
f 298/5/1 292/5/1 297/5/1
f 298/2/1 294/2/1 293/2/1
f 299/2/1 296/2/1 295/2/1
f 299/2/1 287/2/1 5/2/1
f 299/2/1 298/2/1 297/2/1
f 299/2/1 297/2/1 296/2/1
f 299/2/1 295/2/1 287/2/1
f 300/2/1 294/2/1 298/2/1
f 300/2/1 298/2/1 299/2/1
f 300/2/1 14/2/1 294/2/1
f 305/3/1 302/3/1 301/3/1
f 306/3/1 302/3/1 305/3/1
f 307/3/1 302/3/1 306/3/1
f 308/3/1 302/3/1 307/3/1
f 309/3/1 302/3/1 308/3/1
f 310/3/1 302/3/1 309/3/1
f 311/3/1 304/3/1 303/3/1
f 312/3/1 304/3/1 311/3/1
f 313/3/1 304/3/1 312/3/1
f 314/3/1 304/3/1 313/3/1
f 315/3/1 304/3/1 314/3/1
f 316/3/1 304/3/1 315/3/1
f 319/3/1 307/3/1 306/3/1
f 320/3/1 307/3/1 319/3/1
f 321/1/1 308/1/1 307/1/1
f 321/3/1 307/3/1 320/3/1
f 322/3/1 309/3/1 308/3/1
f 322/1/1 308/1/1 321/1/1
f 323/3/1 309/3/1 322/3/1
f 324/3/1 309/3/1 323/3/1
f 325/1/1 310/1/1 309/1/1
f 325/3/1 309/3/1 324/3/1
f 326/1/1 312/1/1 311/1/1
f 326/3/1 313/3/1 312/3/1
f 327/3/1 313/3/1 326/3/1
f 328/3/1 313/3/1 327/3/1
f 329/1/1 314/1/1 313/1/1
f 329/3/1 313/3/1 328/3/1
f 330/3/1 315/3/1 314/3/1
f 330/1/1 314/1/1 329/1/1
f 331/3/1 315/3/1 330/3/1
f 334/3/1 318/3/1 317/3/1
f 336/1/1 321/1/1 320/1/1
f 336/1/1 322/1/1 321/1/1
f 336/1/1 323/1/1 322/1/1
f 337/1/1 323/1/1 336/1/1
f 338/1/1 330/1/1 329/1/1
f 338/1/1 329/1/1 328/1/1
f 339/1/1 330/1/1 338/1/1
f 341/3/1 333/3/1 332/3/1
f 342/1/1 335/1/1 334/1/1
f 344/1/1 323/1/1 337/1/1
f 345/1/1 323/1/1 344/1/1
f 346/1/1 323/1/1 345/1/1
f 347/3/1 324/3/1 323/3/1
f 347/1/1 323/1/1 346/1/1
f 348/3/1 324/3/1 347/3/1
f 349/1/1 327/1/1 326/1/1
f 349/3/1 328/3/1 327/3/1
f 350/3/1 328/3/1 349/3/1
f 351/1/1 338/1/1 328/1/1
f 352/1/1 338/1/1 351/1/1
f 353/1/1 338/1/1 352/1/1
f 355/3/1 341/3/1 340/3/1
f 356/3/1 343/3/1 342/3/1
f 358/4/1 346/4/1 345/4/1
f 359/1/1 348/1/1 347/1/1
f 359/4/1 346/4/1 358/4/1
f 359/1/1 347/1/1 346/1/1
f 360/1/1 351/1/1 328/1/1
f 361/4/1 352/4/1 351/4/1
f 361/1/1 351/1/1 360/1/1
f 362/4/1 352/4/1 361/4/1
f 364/1/1 355/1/1 354/1/1
f 365/1/1 357/1/1 356/1/1
f 367/1/1 348/1/1 359/1/1
f 368/1/1 348/1/1 367/1/1
f 369/3/1 324/3/1 348/3/1
f 370/1/1 325/1/1 324/1/1
f 370/3/1 324/3/1 369/3/1
f 371/1/1 310/1/1 325/1/1
f 371/1/1 325/1/1 370/1/1
f 372/1/1 310/1/1 371/1/1
f 373/1/1 326/1/1 311/1/1
f 373/1/1 349/1/1 326/1/1
f 373/1/1 350/1/1 349/1/1
f 374/1/1 350/1/1 373/1/1
f 375/3/1 328/3/1 350/3/1
f 376/1/1 360/1/1 328/1/1
f 376/3/1 328/3/1 375/3/1
f 377/4/1 361/4/1 360/4/1
f 377/1/1 360/1/1 376/1/1
f 378/4/1 361/4/1 377/4/1
f 380/1/1 364/1/1 363/1/1
f 381/4/1 366/4/1 365/4/1
f 383/1/1 348/1/1 368/1/1
f 384/3/1 369/3/1 348/3/1
f 384/1/1 348/1/1 383/1/1
f 385/1/1 376/1/1 375/1/1
f 385/1/1 377/1/1 376/1/1
f 386/1/1 377/1/1 385/1/1
f 388/4/1 380/4/1 379/4/1
f 389/1/1 355/1/1 364/1/1
f 389/3/1 341/3/1 355/3/1
f 389/1/1 364/1/1 380/1/1
f 390/3/1 333/3/1 341/3/1
f 390/3/1 341/3/1 389/3/1
f 391/1/1 342/1/1 334/1/1
f 391/3/1 356/3/1 342/3/1
f 392/1/1 365/1/1 356/1/1
f 392/3/1 356/3/1 391/3/1
f 393/4/1 382/4/1 381/4/1
f 395/3/1 369/3/1 384/3/1
f 396/3/1 369/3/1 395/3/1
f 397/1/1 385/1/1 375/1/1
f 397/3/1 375/3/1 350/3/1
f 398/1/1 385/1/1 397/1/1
f 400/4/1 388/4/1 387/4/1
f 401/4/1 394/4/1 393/4/1
f 403/3/1 369/3/1 396/3/1
f 404/3/1 369/3/1 403/3/1
f 405/1/1 350/1/1 374/1/1
f 405/3/1 397/3/1 350/3/1
f 406/3/1 397/3/1 405/3/1
f 407/3/1 397/3/1 406/3/1
f 408/3/1 397/3/1 407/3/1
f 410/4/1 400/4/1 399/4/1
f 411/4/1 380/4/1 388/4/1
f 411/1/1 389/1/1 380/1/1
f 411/4/1 400/4/1 410/4/1
f 411/1/1 390/1/1 389/1/1
f 411/4/1 388/4/1 400/4/1
f 412/1/1 390/1/1 411/1/1
f 413/1/1 365/1/1 392/1/1
f 413/1/1 392/1/1 391/1/1
f 414/4/1 402/4/1 401/4/1
f 414/1/1 365/1/1 413/1/1
f 414/4/1 381/4/1 365/4/1
f 414/4/1 393/4/1 381/4/1
f 414/4/1 401/4/1 393/4/1
f 415/4/1 402/4/1 414/4/1
f 417/3/1 369/3/1 404/3/1
f 418/3/1 369/3/1 417/3/1
f 419/1/1 370/1/1 369/1/1
f 419/1/1 371/1/1 370/1/1
f 420/4/1 372/4/1 371/4/1
f 420/1/1 371/1/1 419/1/1
f 421/1/1 406/1/1 405/1/1
f 421/4/1 374/4/1 373/4/1
f 421/1/1 405/1/1 374/1/1
f 422/1/1 406/1/1 421/1/1
f 423/3/1 407/3/1 406/3/1
f 424/3/1 407/3/1 423/3/1
f 426/4/1 410/4/1 409/4/1
f 426/4/1 412/4/1 411/4/1
f 426/4/1 411/4/1 410/4/1
f 427/1/1 416/1/1 415/1/1
f 429/3/1 369/3/1 418/3/1
f 430/3/1 369/3/1 429/3/1
f 431/1/1 419/1/1 369/1/1
f 431/3/1 369/3/1 430/3/1
f 432/3/1 423/3/1 406/3/1
f 432/1/1 406/1/1 422/1/1
f 433/3/1 423/3/1 432/3/1
f 435/4/1 426/4/1 425/4/1
f 436/1/1 390/1/1 412/1/1
f 437/3/1 333/3/1 390/3/1
f 437/1/1 390/1/1 436/1/1
f 438/1/1 428/1/1 427/1/1
f 440/1/1 431/1/1 430/1/1
f 441/1/1 419/1/1 431/1/1
f 441/1/1 431/1/1 440/1/1
f 442/4/1 372/4/1 420/4/1
f 442/4/1 420/4/1 419/4/1
f 443/4/1 372/4/1 442/4/1
f 444/4/1 422/4/1 421/4/1
f 444/4/1 421/4/1 373/4/1
f 445/4/1 422/4/1 444/4/1
f 446/1/1 432/1/1 422/1/1
f 447/1/1 432/1/1 446/1/1
f 449/1/1 435/1/1 434/1/1
f 450/3/1 439/3/1 438/3/1
f 452/1/1 419/1/1 441/1/1
f 453/4/1 442/4/1 419/4/1
f 453/1/1 419/1/1 452/1/1
f 454/4/1 442/4/1 453/4/1
f 455/4/1 422/4/1 445/4/1
f 456/1/1 446/1/1 422/1/1
f 456/4/1 422/4/1 455/4/1
f 457/1/1 446/1/1 456/1/1
f 459/3/1 449/3/1 448/3/1
f 460/3/1 451/3/1 450/3/1
f 460/3/1 450/3/1 438/3/1
f 461/3/1 451/3/1 460/3/1
f 468/3/1 459/3/1 458/3/1
f 469/3/1 449/3/1 459/3/1
f 469/3/1 459/3/1 468/3/1
f 470/1/1 438/1/1 427/1/1
f 470/3/1 460/3/1 438/3/1
f 471/3/1 460/3/1 470/3/1
f 473/1/1 463/1/1 462/1/1
f 474/4/1 464/4/1 463/4/1
f 477/4/1 466/4/1 465/4/1
f 478/1/1 467/1/1 466/1/1
f 480/3/1 449/3/1 469/3/1
f 481/1/1 435/1/1 449/1/1
f 481/3/1 449/3/1 480/3/1
f 482/4/1 426/4/1 435/4/1
f 482/1/1 435/1/1 481/1/1
f 483/4/1 412/4/1 426/4/1
f 483/4/1 426/4/1 482/4/1
f 484/1/1 427/1/1 415/1/1
f 484/1/1 470/1/1 427/1/1
f 485/1/1 470/1/1 484/1/1
f 487/1/1 473/1/1 472/1/1
f 488/1/1 479/1/1 478/1/1
f 490/1/1 482/1/1 481/1/1
f 490/1/1 483/1/1 482/1/1
f 491/1/1 483/1/1 490/1/1
f 492/1/1 413/1/1 391/1/1
f 492/4/1 414/4/1 413/4/1
f 492/4/1 415/4/1 414/4/1
f 493/4/1 415/4/1 492/4/1
f 494/1/1 484/1/1 415/1/1
f 494/4/1 415/4/1 493/4/1
f 495/1/1 484/1/1 494/1/1
f 497/3/1 487/3/1 486/3/1
f 498/3/1 489/3/1 488/3/1
f 500/1/1 483/1/1 491/1/1
f 501/4/1 412/4/1 483/4/1
f 501/1/1 483/1/1 500/1/1
f 502/4/1 494/4/1 493/4/1
f 503/4/1 494/4/1 502/4/1
f 505/3/1 497/3/1 496/3/1
f 506/1/1 473/1/1 487/1/1
f 506/3/1 487/3/1 497/3/1
f 506/3/1 497/3/1 505/3/1
f 507/1/1 463/1/1 473/1/1
f 507/1/1 473/1/1 506/1/1
f 508/4/1 475/4/1 474/4/1
f 508/1/1 463/1/1 507/1/1
f 508/4/1 474/4/1 463/4/1
f 509/4/1 475/4/1 508/4/1
f 510/1/1 488/1/1 478/1/1
f 510/1/1 478/1/1 466/1/1
f 511/3/1 499/3/1 498/3/1
f 511/1/1 488/1/1 510/1/1
f 511/3/1 498/3/1 488/3/1
f 512/3/1 499/3/1 511/3/1
f 514/4/1 412/4/1 501/4/1
f 515/4/1 412/4/1 514/4/1
f 516/4/1 412/4/1 515/4/1
f 517/1/1 436/1/1 412/1/1
f 517/4/1 412/4/1 516/4/1
f 518/4/1 502/4/1 493/4/1
f 519/4/1 502/4/1 518/4/1
f 521/3/1 505/3/1 504/3/1
f 521/3/1 507/3/1 506/3/1
f 521/3/1 506/3/1 505/3/1
f 522/4/1 477/4/1 476/4/1
f 522/4/1 466/4/1 477/4/1
f 523/1/1 510/1/1 466/1/1
f 523/4/1 466/4/1 522/4/1
f 524/3/1 513/3/1 512/3/1
f 524/3/1 511/3/1 510/3/1
f 524/3/1 512/3/1 511/3/1
f 526/4/1 516/4/1 515/4/1
f 527/4/1 516/4/1 526/4/1
f 528/1/1 391/1/1 334/1/1
f 528/1/1 493/1/1 492/1/1
f 528/1/1 492/1/1 391/1/1
f 529/1/1 493/1/1 528/1/1
f 530/4/1 518/4/1 493/4/1
f 531/4/1 518/4/1 530/4/1
f 533/3/1 521/3/1 520/3/1
f 534/3/1 525/3/1 524/3/1
f 536/4/1 516/4/1 527/4/1
f 537/4/1 516/4/1 536/4/1
f 538/1/1 436/1/1 517/1/1
f 538/1/1 517/1/1 516/1/1
f 539/3/1 437/3/1 436/3/1
f 539/1/1 436/1/1 538/1/1
f 540/1/1 493/1/1 529/1/1
f 540/4/1 530/4/1 493/4/1
f 541/4/1 530/4/1 540/4/1
f 543/1/1 533/1/1 532/1/1
f 544/4/1 522/4/1 476/4/1
f 545/1/1 523/1/1 522/1/1
f 545/4/1 522/4/1 544/4/1
f 546/1/1 510/1/1 523/1/1
f 546/1/1 523/1/1 545/1/1
f 547/3/1 524/3/1 510/3/1
f 547/1/1 510/1/1 546/1/1
f 547/3/1 534/3/1 524/3/1
f 548/1/1 535/1/1 534/1/1
f 550/4/1 516/4/1 537/4/1
f 551/1/1 538/1/1 516/1/1
f 551/4/1 516/4/1 550/4/1
f 552/3/1 529/3/1 528/3/1
f 552/1/1 540/1/1 529/1/1
f 553/1/1 540/1/1 552/1/1
f 555/1/1 543/1/1 542/1/1
f 556/1/1 509/1/1 508/1/1
f 556/3/1 507/3/1 521/3/1
f 556/1/1 508/1/1 507/1/1
f 556/3/1 521/3/1 533/3/1
f 557/1/1 509/1/1 556/1/1
f 558/4/1 475/4/1 509/4/1
f 558/1/1 509/1/1 557/1/1
f 559/4/1 475/4/1 558/4/1
f 560/1/1 549/1/1 548/1/1
f 562/1/1 538/1/1 551/1/1
f 563/3/1 539/3/1 538/3/1
f 563/1/1 538/1/1 562/1/1
f 564/1/1 528/1/1 334/1/1
f 564/3/1 552/3/1 528/3/1
f 565/3/1 552/3/1 564/3/1
f 567/4/1 555/4/1 554/4/1
f 568/1/1 543/1/1 555/1/1
f 568/4/1 555/4/1 567/4/1
f 569/4/1 561/4/1 560/4/1
f 569/1/1 560/1/1 548/1/1
f 570/4/1 561/4/1 569/4/1
f 572/3/1 539/3/1 563/3/1
f 573/3/1 437/3/1 539/3/1
f 573/3/1 539/3/1 572/3/1
f 574/3/1 334/3/1 317/3/1
f 574/1/1 564/1/1 334/1/1
f 575/1/1 564/1/1 574/1/1
f 577/1/1 567/1/1 566/1/1
f 577/1/1 568/1/1 567/1/1
f 578/1/1 543/1/1 568/1/1
f 578/1/1 533/1/1 543/1/1
f 578/1/1 568/1/1 577/1/1
f 579/3/1 557/3/1 556/3/1
f 579/1/1 533/1/1 578/1/1
f 579/3/1 556/3/1 533/3/1
f 580/1/1 571/1/1 570/1/1
f 580/3/1 534/3/1 547/3/1
f 580/1/1 570/1/1 569/1/1
f 580/1/1 569/1/1 548/1/1
f 580/1/1 548/1/1 534/1/1
f 580/3/1 547/3/1 546/3/1
f 581/1/1 571/1/1 580/1/1
f 582/1/1 571/1/1 581/1/1
f 584/3/1 437/3/1 573/3/1
f 585/3/1 333/3/1 437/3/1
f 585/3/1 437/3/1 584/3/1
f 586/3/1 574/3/1 317/3/1
f 587/3/1 574/3/1 586/3/1
f 589/1/1 577/1/1 576/1/1
f 589/1/1 578/1/1 577/1/1
f 590/1/1 559/1/1 558/1/1
f 590/3/1 557/3/1 579/3/1
f 590/3/1 579/3/1 578/3/1
f 590/1/1 558/1/1 557/1/1
f 591/1/1 559/1/1 590/1/1
f 592/1/1 545/1/1 544/1/1
f 592/1/1 546/1/1 545/1/1
f 593/3/1 581/3/1 580/3/1
f 593/1/1 546/1/1 592/1/1
f 593/3/1 580/3/1 546/3/1
f 594/1/1 583/1/1 582/1/1
f 594/1/1 582/1/1 581/1/1
f 596/3/1 333/3/1 585/3/1
f 597/3/1 333/3/1 596/3/1
f 599/3/1 589/3/1 588/3/1
f 600/1/1 578/1/1 589/1/1
f 600/3/1 589/3/1 599/3/1
f 601/3/1 591/3/1 590/3/1
f 601/1/1 578/1/1 600/1/1
f 601/3/1 590/3/1 578/3/1
f 602/3/1 581/3/1 593/3/1
f 602/3/1 593/3/1 592/3/1
f 602/1/1 594/1/1 581/1/1
f 603/3/1 595/3/1 594/3/1
f 603/1/1 594/1/1 602/1/1
f 604/3/1 595/3/1 603/3/1
f 606/3/1 599/3/1 598/3/1
f 606/3/1 600/3/1 599/3/1
f 606/3/1 601/3/1 600/3/1
f 607/3/1 591/3/1 601/3/1
f 607/3/1 601/3/1 606/3/1
f 608/3/1 605/3/1 604/3/1
f 608/3/1 604/3/1 603/3/1
f 608/3/1 602/3/1 592/3/1
f 608/3/1 603/3/1 602/3/1
f 609/3/1 605/3/1 608/3/1
f 613/8/1 611/8/1 610/8/1
f 614/6/1 612/6/1 611/6/1
f 614/8/1 611/8/1 613/8/1
f 615/6/1 612/6/1 614/6/1
f 622/8/1 617/8/1 616/8/1
f 623/8/1 617/8/1 622/8/1
f 627/6/1 619/6/1 618/6/1
f 628/6/1 621/6/1 620/6/1
f 629/6/1 621/6/1 628/6/1
f 630/6/1 625/6/1 624/6/1
f 631/7/1 626/7/1 625/7/1
f 631/6/1 625/6/1 630/6/1
f 632/6/1 627/6/1 626/6/1
f 632/7/1 626/7/1 631/7/1
f 633/6/1 619/6/1 627/6/1
f 633/6/1 627/6/1 632/6/1
f 634/6/1 619/6/1 633/6/1
f 635/7/1 631/7/1 630/7/1
f 635/7/1 632/7/1 631/7/1
f 635/7/1 633/7/1 632/7/1
f 636/7/1 633/7/1 635/7/1
f 637/7/1 635/7/1 630/7/1
f 638/10/1 636/10/1 635/10/1
f 638/7/1 635/7/1 637/7/1
f 639/10/1 636/10/1 638/10/1
f 644/2/1 641/2/1 640/2/1
f 645/2/1 641/2/1 644/2/1
f 646/2/1 643/2/1 642/2/1
f 647/2/1 643/2/1 646/2/1
f 652/5/1 649/5/1 648/5/1
f 653/5/1 649/5/1 652/5/1
f 654/5/1 651/5/1 650/5/1
f 655/5/1 651/5/1 654/5/1
f 665/6/1 657/6/1 656/6/1
f 666/6/1 657/6/1 665/6/1
f 667/6/1 657/6/1 666/6/1
f 668/8/1 658/8/1 657/8/1
f 668/6/1 657/6/1 667/6/1
f 669/8/1 658/8/1 668/8/1
f 672/6/1 662/6/1 661/6/1
f 673/6/1 662/6/1 672/6/1
f 674/6/1 664/6/1 663/6/1
f 675/6/1 664/6/1 674/6/1
f 676/6/1 667/6/1 666/6/1
f 677/6/1 667/6/1 676/6/1
f 678/6/1 671/6/1 670/6/1
f 679/6/1 671/6/1 678/6/1
f 681/6/1 660/6/1 659/6/1
f 682/6/1 660/6/1 681/6/1
f 683/6/1 674/6/1 673/6/1
f 684/6/1 674/6/1 683/6/1
f 685/6/1 676/6/1 666/6/1
f 686/7/1 677/7/1 676/7/1
f 686/6/1 676/6/1 685/6/1
f 687/7/1 677/7/1 686/7/1
f 688/7/1 679/7/1 678/7/1
f 689/7/1 679/7/1 688/7/1
f 690/6/1 681/6/1 680/6/1
f 691/6/1 681/6/1 690/6/1
f 692/6/1 681/6/1 691/6/1
f 693/6/1 683/6/1 673/6/1
f 694/7/1 684/7/1 683/7/1
f 694/6/1 683/6/1 693/6/1
f 695/7/1 684/7/1 694/7/1
f 696/6/1 689/6/1 688/6/1
f 697/6/1 689/6/1 696/6/1
f 699/10/1 691/10/1 690/10/1
f 700/7/1 692/7/1 691/7/1
f 700/10/1 691/10/1 699/10/1
f 701/7/1 692/7/1 700/7/1
f 702/10/1 699/10/1 698/10/1
f 702/10/1 701/10/1 700/10/1
f 702/10/1 700/10/1 699/10/1
f 703/10/1 701/10/1 702/10/1
f 704/10/1 702/10/1 698/10/1
f 705/11/1 703/11/1 702/11/1
f 705/10/1 702/10/1 704/10/1
f 706/11/1 703/11/1 705/11/1
f 707/11/1 703/11/1 706/11/1
f 708/11/1 706/11/1 705/11/1
f 709/13/1 707/13/1 706/13/1
f 709/11/1 706/11/1 708/11/1
f 710/13/1 707/13/1 709/13/1
f 715/2/1 712/2/1 711/2/1
f 716/2/1 712/2/1 715/2/1
f 717/2/1 714/2/1 713/2/1
f 718/2/1 714/2/1 717/2/1
f 723/5/1 720/5/1 719/5/1
f 724/5/1 720/5/1 723/5/1
f 725/5/1 722/5/1 721/5/1
f 726/5/1 722/5/1 725/5/1
f 733/6/1 728/6/1 727/6/1
f 734/6/1 728/6/1 733/6/1
f 735/6/1 730/6/1 729/6/1
f 736/6/1 730/6/1 735/6/1
f 739/6/1 732/6/1 731/6/1
f 740/6/1 732/6/1 739/6/1
f 747/6/1 738/6/1 737/6/1
f 748/6/1 738/6/1 747/6/1
f 755/8/1 742/8/1 741/8/1
f 756/8/1 742/8/1 755/8/1
f 757/8/1 744/8/1 743/8/1
f 758/8/1 744/8/1 757/8/1
f 762/6/1 746/6/1 745/6/1
f 763/6/1 746/6/1 762/6/1
f 764/6/1 751/6/1 750/6/1
f 765/6/1 751/6/1 764/6/1
f 766/6/1 751/6/1 765/6/1
f 767/8/1 752/8/1 751/8/1
f 767/6/1 751/6/1 766/6/1
f 768/8/1 752/8/1 767/8/1
f 769/6/1 754/6/1 753/6/1
f 771/6/1 756/6/1 755/6/1
f 772/6/1 756/6/1 771/6/1
f 773/6/1 762/6/1 761/6/1
f 774/6/1 762/6/1 773/6/1
f 775/6/1 749/6/1 748/6/1
f 776/6/1 749/6/1 775/6/1
f 779/7/1 765/7/1 764/7/1
f 780/6/1 766/6/1 765/6/1
f 780/7/1 765/7/1 779/7/1
f 781/6/1 766/6/1 780/6/1
f 782/6/1 769/6/1 753/6/1
f 783/6/1 769/6/1 782/6/1
f 784/7/1 771/7/1 770/7/1
f 785/6/1 760/6/1 759/6/1
f 788/7/1 774/7/1 773/7/1
f 789/11/1 776/11/1 775/11/1
f 789/11/1 777/11/1 776/11/1
f 790/6/1 778/6/1 777/6/1
f 790/11/1 777/11/1 789/11/1
f 791/6/1 778/6/1 790/6/1
f 792/8/1 783/8/1 782/8/1
f 793/8/1 783/8/1 792/8/1
f 797/7/1 771/7/1 784/7/1
f 798/7/1 771/7/1 797/7/1
f 799/6/1 785/6/1 759/6/1
f 800/7/1 786/7/1 785/7/1
f 800/6/1 785/6/1 799/6/1
f 801/6/1 787/6/1 786/6/1
f 801/7/1 786/7/1 800/7/1
f 802/7/1 788/7/1 787/7/1
f 802/7/1 774/7/1 788/7/1
f 803/7/1 774/7/1 802/7/1
f 804/11/1 791/11/1 790/11/1
f 805/11/1 791/11/1 804/11/1
f 806/8/1 795/8/1 794/8/1
f 807/6/1 796/6/1 795/6/1
f 807/8/1 795/8/1 806/8/1
f 808/6/1 796/6/1 807/6/1
f 809/6/1 801/6/1 800/6/1
f 810/6/1 787/6/1 801/6/1
f 810/6/1 801/6/1 809/6/1
f 810/7/1 802/7/1 787/7/1
f 811/7/1 802/7/1 810/7/1
f 814/7/1 813/7/1 812/7/1
f 815/7/1 813/7/1 814/7/1
f 820/2/1 817/2/1 816/2/1
f 821/2/1 817/2/1 820/2/1
f 822/2/1 819/2/1 818/2/1
f 823/2/1 819/2/1 822/2/1
f 828/5/1 825/5/1 824/5/1
f 829/5/1 825/5/1 828/5/1
f 830/5/1 827/5/1 826/5/1
f 831/5/1 827/5/1 830/5/1
f 836/6/1 833/6/1 832/6/1
f 837/6/1 833/6/1 836/6/1
f 840/6/1 839/6/1 838/6/1
f 841/6/1 839/6/1 840/6/1
f 842/6/1 835/6/1 834/6/1
f 843/6/1 835/6/1 842/6/1
f 844/6/1 835/6/1 843/6/1
f 855/6/1 846/6/1 845/6/1
f 856/6/1 846/6/1 855/6/1
f 857/8/1 848/8/1 847/8/1
f 858/8/1 848/8/1 857/8/1
f 859/8/1 848/8/1 858/8/1
f 860/8/1 850/8/1 849/8/1
f 861/8/1 850/8/1 860/8/1
f 870/8/1 854/8/1 853/8/1
f 872/6/1 858/6/1 857/6/1
f 873/6/1 858/6/1 872/6/1
f 874/8/1 863/8/1 862/8/1
f 875/6/1 864/6/1 863/6/1
f 875/8/1 863/8/1 874/8/1
f 875/6/1 865/6/1 864/6/1
f 876/6/1 867/6/1 866/6/1
f 877/6/1 852/6/1 851/6/1
f 878/6/1 852/6/1 877/6/1
f 881/6/1 869/6/1 868/6/1
f 882/8/1 870/8/1 869/8/1
f 882/6/1 869/6/1 881/6/1
f 883/8/1 854/8/1 870/8/1
f 883/8/1 870/8/1 882/8/1
f 884/8/1 854/8/1 883/8/1
f 885/6/1 872/6/1 871/6/1
f 886/6/1 872/6/1 885/6/1
f 887/6/1 875/6/1 874/6/1
f 888/6/1 865/6/1 875/6/1
f 888/6/1 875/6/1 887/6/1
f 889/7/1 878/7/1 877/7/1
f 890/7/1 878/7/1 889/7/1
f 893/6/1 880/6/1 879/6/1
f 894/6/1 880/6/1 893/6/1
f 895/8/1 884/8/1 883/8/1
f 896/8/1 884/8/1 895/8/1
f 898/7/1 886/7/1 885/7/1
f 899/7/1 886/7/1 898/7/1
f 900/6/1 865/6/1 888/6/1
f 901/6/1 865/6/1 900/6/1
f 904/6/1 867/6/1 876/6/1
f 905/6/1 867/6/1 904/6/1
f 906/13/1 892/13/1 891/13/1
f 907/13/1 892/13/1 906/13/1
f 908/13/1 894/13/1 893/13/1
f 909/13/1 894/13/1 908/13/1
f 910/7/1 898/7/1 897/7/1
f 911/6/1 902/6/1 901/6/1
f 914/6/1 904/6/1 903/6/1
f 915/6/1 904/6/1 914/6/1
f 916/7/1 898/7/1 910/7/1
f 917/7/1 898/7/1 916/7/1
f 918/6/1 911/6/1 901/6/1
f 919/7/1 913/7/1 912/7/1
f 919/6/1 911/6/1 918/6/1
f 919/7/1 912/7/1 911/7/1
f 920/7/1 913/7/1 919/7/1
f 921/7/1 913/7/1 920/7/1
f 922/7/1 920/7/1 919/7/1
f 923/7/1 920/7/1 922/7/1
f 928/2/1 925/2/1 924/2/1
f 929/2/1 925/2/1 928/2/1
f 930/2/1 927/2/1 926/2/1
f 931/2/1 927/2/1 930/2/1
f 936/5/1 933/5/1 932/5/1
f 937/5/1 933/5/1 936/5/1
f 938/5/1 935/5/1 934/5/1
f 939/5/1 935/5/1 938/5/1
f 942/6/1 941/6/1 940/6/1
f 943/6/1 941/6/1 942/6/1
f 948/8/1 945/8/1 944/8/1
f 949/8/1 945/8/1 948/8/1
f 953/8/1 947/8/1 946/8/1
f 954/8/1 951/8/1 950/8/1
f 957/6/1 953/6/1 952/6/1
f 958/8/1 954/8/1 950/8/1
f 959/8/1 954/8/1 958/8/1
f 962/6/1 956/6/1 955/6/1
f 963/6/1 956/6/1 962/6/1
f 966/6/1 953/6/1 957/6/1
f 967/8/1 947/8/1 953/8/1
f 967/6/1 953/6/1 966/6/1
f 968/8/1 947/8/1 967/8/1
f 969/7/1 961/7/1 960/7/1
f 970/7/1 961/7/1 969/7/1
f 971/7/1 963/7/1 962/7/1
f 972/7/1 963/7/1 971/7/1
f 973/6/1 965/6/1 964/6/1
f 974/6/1 965/6/1 973/6/1
f 975/6/1 965/6/1 974/6/1
f 979/7/1 974/7/1 973/7/1
f 980/7/1 974/7/1 979/7/1
f 981/6/1 976/6/1 975/6/1
f 981/7/1 974/7/1 980/7/1
f 981/6/1 975/6/1 974/6/1
f 982/6/1 976/6/1 981/6/1
f 984/6/1 978/6/1 977/6/1
f 985/6/1 978/6/1 984/6/1
f 986/11/1 981/11/1 980/11/1
f 986/7/1 982/7/1 981/7/1
f 987/6/1 976/6/1 982/6/1
f 987/7/1 982/7/1 986/7/1
f 988/6/1 976/6/1 987/6/1
f 989/7/1 984/7/1 983/7/1
f 990/7/1 984/7/1 989/7/1
f 991/11/1 986/11/1 980/11/1
f 991/11/1 987/11/1 986/11/1
f 992/11/1 987/11/1 991/11/1
f 993/13/1 992/13/1 991/13/1
f 994/11/1 987/11/1 992/11/1
f 994/13/1 992/13/1 993/13/1
f 995/7/1 988/7/1 987/7/1
f 995/11/1 987/11/1 994/11/1
f 996/7/1 988/7/1 995/7/1
f 1001/2/1 998/2/1 997/2/1
f 1002/2/1 998/2/1 1001/2/1
f 1003/2/1 1000/2/1 999/2/1
f 1004/2/1 1000/2/1 1003/2/1
f 1009/5/1 1006/5/1 1005/5/1
f 1010/5/1 1006/5/1 1009/5/1
f 1011/5/1 1008/5/1 1007/5/1
f 1012/5/1 1008/5/1 1011/5/1
f 1017/6/1 1014/6/1 1013/6/1
f 1018/6/1 1014/6/1 1017/6/1
f 1019/6/1 1016/6/1 1015/6/1
f 1020/6/1 1016/6/1 1019/6/1
f 1023/6/1 1022/6/1 1021/6/1
f 1024/6/1 1022/6/1 1023/6/1
f 1031/8/1 1028/8/1 1027/8/1
f 1032/8/1 1028/8/1 1031/8/1
f 1033/6/1 1030/6/1 1029/6/1
f 1034/6/1 1030/6/1 1033/6/1
f 1037/8/1 1026/8/1 1025/8/1
f 1038/8/1 1026/8/1 1037/8/1
f 1039/7/1 1034/7/1 1033/7/1
f 1042/6/1 1036/6/1 1035/6/1
f 1043/7/1 1039/7/1 1033/7/1
f 1045/6/1 1036/6/1 1042/6/1
f 1046/6/1 1036/6/1 1045/6/1
f 1047/6/1 1041/6/1 1040/6/1
f 1048/6/1 1041/6/1 1047/6/1
f 1049/7/1 1043/7/1 1033/7/1
f 1050/11/1 1044/11/1 1043/11/1
f 1050/7/1 1043/7/1 1049/7/1
f 1051/11/1 1044/11/1 1050/11/1
f 1052/11/1 1051/11/1 1050/11/1
f 1053/11/1 1051/11/1 1052/11/1
f 1054/7/1 1048/7/1 1047/7/1
f 1055/7/1 1048/7/1 1054/7/1
f 1060/2/1 1057/2/1 1056/2/1
f 1061/2/1 1057/2/1 1060/2/1
f 1062/2/1 1059/2/1 1058/2/1
f 1063/2/1 1059/2/1 1062/2/1
f 1068/5/1 1065/5/1 1064/5/1
f 1069/5/1 1065/5/1 1068/5/1
f 1070/5/1 1067/5/1 1066/5/1
f 1071/5/1 1067/5/1 1070/5/1
f 1078/6/1 1073/6/1 1072/6/1
f 1079/6/1 1073/6/1 1078/6/1
f 1080/6/1 1075/6/1 1074/6/1
f 1081/6/1 1075/6/1 1080/6/1
f 1082/6/1 1075/6/1 1081/6/1
f 1083/6/1 1077/6/1 1076/6/1
f 1084/6/1 1077/6/1 1083/6/1
f 1089/8/1 1086/8/1 1085/8/1
f 1092/6/1 1088/6/1 1087/6/1
f 1093/6/1 1088/6/1 1092/6/1
f 1096/8/1 1089/8/1 1085/8/1
f 1097/7/1 1091/7/1 1090/7/1
f 1097/6/1 1090/6/1 1089/6/1
f 1098/7/1 1091/7/1 1097/7/1
f 1099/7/1 1091/7/1 1098/7/1
f 1102/6/1 1095/6/1 1094/6/1
f 1103/6/1 1095/6/1 1102/6/1
f 1104/8/1 1089/8/1 1096/8/1
f 1105/6/1 1097/6/1 1089/6/1
f 1105/8/1 1089/8/1 1104/8/1
f 1105/6/1 1098/6/1 1097/6/1
f 1106/6/1 1098/6/1 1105/6/1
f 1107/7/1 1093/7/1 1092/7/1
f 1108/7/1 1093/7/1 1107/7/1
f 1109/8/1 1101/8/1 1100/8/1
f 1110/8/1 1101/8/1 1109/8/1
f 1111/8/1 1103/8/1 1102/8/1
f 1112/8/1 1103/8/1 1111/8/1
f 1115/6/1 1110/6/1 1109/6/1
f 1116/6/1 1110/6/1 1115/6/1
f 1117/11/1 1114/11/1 1113/11/1
f 1118/11/1 1114/11/1 1117/11/1
f 1122/11/1 1120/11/1 1119/11/1
f 1123/13/1 1121/13/1 1120/13/1
f 1123/11/1 1120/11/1 1122/11/1
f 1124/13/1 1121/13/1 1123/13/1
f 1129/2/1 1126/2/1 1125/2/1
f 1130/2/1 1126/2/1 1129/2/1
f 1131/2/1 1128/2/1 1127/2/1
f 1132/2/1 1128/2/1 1131/2/1
f 1137/5/1 1134/5/1 1133/5/1
f 1138/5/1 1134/5/1 1137/5/1
f 1139/5/1 1136/5/1 1135/5/1
f 1140/5/1 1136/5/1 1139/5/1
f 1143/6/1 1142/6/1 1141/6/1
f 1144/6/1 1142/6/1 1143/6/1
f 1147/6/1 1146/6/1 1145/6/1
f 1148/6/1 1146/6/1 1147/6/1
f 1155/8/1 1150/8/1 1149/8/1
f 1156/8/1 1150/8/1 1155/8/1
f 1158/6/1 1152/6/1 1151/6/1
f 1159/8/1 1154/8/1 1153/8/1
f 1160/8/1 1154/8/1 1159/8/1
f 1162/6/1 1158/6/1 1157/6/1
f 1163/6/1 1152/6/1 1158/6/1
f 1163/6/1 1158/6/1 1162/6/1
f 1166/6/1 1161/6/1 1160/6/1
f 1167/6/1 1161/6/1 1166/6/1
f 1168/7/1 1167/7/1 1166/7/1
f 1169/7/1 1167/7/1 1168/7/1
f 1172/7/1 1165/7/1 1164/7/1
f 1173/7/1 1165/7/1 1172/7/1
f 1174/7/1 1168/7/1 1166/7/1
f 1175/10/1 1169/10/1 1168/10/1
f 1175/7/1 1168/7/1 1174/7/1
f 1176/10/1 1169/10/1 1175/10/1
f 1177/7/1 1171/7/1 1170/7/1
f 1178/7/1 1171/7/1 1177/7/1
f 1183/2/1 1180/2/1 1179/2/1
f 1184/2/1 1180/2/1 1183/2/1
f 1185/2/1 1182/2/1 1181/2/1
f 1186/2/1 1182/2/1 1185/2/1
f 1191/5/1 1188/5/1 1187/5/1
f 1192/5/1 1188/5/1 1191/5/1
f 1193/5/1 1190/5/1 1189/5/1
f 1194/5/1 1190/5/1 1193/5/1
f 1199/6/1 1196/6/1 1195/6/1
f 1200/6/1 1196/6/1 1199/6/1
f 1203/6/1 1198/6/1 1197/6/1
f 1204/6/1 1198/6/1 1203/6/1
f 1205/6/1 1202/6/1 1201/6/1
f 1206/6/1 1202/6/1 1205/6/1
f 1209/6/1 1208/6/1 1207/6/1
f 1210/6/1 1208/6/1 1209/6/1
f 1214/7/1 1211/7/1 1210/7/1
f 1215/7/1 1211/7/1 1214/7/1
f 1220/7/1 1213/7/1 1212/7/1
f 1221/8/1 1217/8/1 1216/8/1
f 1222/8/1 1217/8/1 1221/8/1
f 1225/8/1 1219/8/1 1218/8/1
f 1226/8/1 1219/8/1 1225/8/1
f 1230/7/1 1220/7/1 1212/7/1
f 1231/7/1 1220/7/1 1230/7/1
f 1232/7/1 1223/7/1 1222/7/1
f 1233/6/1 1225/6/1 1224/6/1
f 1234/6/1 1225/6/1 1233/6/1
f 1235/7/1 1227/7/1 1226/7/1
f 1236/6/1 1228/6/1 1227/6/1
f 1236/7/1 1227/7/1 1235/7/1
f 1237/10/1 1229/10/1 1228/10/1
f 1237/6/1 1228/6/1 1236/6/1
f 1238/10/1 1229/10/1 1237/10/1
f 1239/7/1 1232/7/1 1222/7/1
f 1240/7/1 1232/7/1 1239/7/1
f 1241/7/1 1234/7/1 1233/7/1
f 1242/6/1 1236/6/1 1235/6/1
f 1243/10/1 1237/10/1 1236/10/1
f 1243/6/1 1236/6/1 1242/6/1
f 1244/11/1 1238/11/1 1237/11/1
f 1244/10/1 1237/10/1 1243/10/1
f 1245/11/1 1238/11/1 1244/11/1
f 1248/7/1 1234/7/1 1241/7/1
f 1249/7/1 1234/7/1 1248/7/1
f 1250/11/1 1247/11/1 1246/11/1
f 1251/7/1 1248/7/1 1247/7/1
f 1251/11/1 1247/11/1 1250/11/1
f 1252/7/1 1248/7/1 1251/7/1
f 1257/2/1 1254/2/1 1253/2/1
f 1258/2/1 1254/2/1 1257/2/1
f 1259/2/1 1256/2/1 1255/2/1
f 1260/2/1 1256/2/1 1259/2/1
f 1265/5/1 1262/5/1 1261/5/1
f 1266/5/1 1262/5/1 1265/5/1
f 1267/5/1 1264/5/1 1263/5/1
f 1268/5/1 1264/5/1 1267/5/1
f 1271/6/1 1270/6/1 1269/6/1
f 1272/6/1 1270/6/1 1271/6/1
f 1275/8/1 1274/8/1 1273/8/1
f 1276/8/1 1274/8/1 1275/8/1
f 1277/7/1 1276/7/1 1275/7/1
f 1278/7/1 1276/7/1 1277/7/1
f 1280/7/1 1279/7/1 1278/7/1
f 1281/7/1 1279/7/1 1280/7/1
f 1288/6/1 1283/6/1 1282/6/1
f 1289/6/1 1283/6/1 1288/6/1
f 1290/7/1 1285/7/1 1284/7/1
f 1291/7/1 1285/7/1 1290/7/1
f 1292/6/1 1287/6/1 1286/6/1
f 1293/6/1 1291/6/1 1290/6/1
f 1294/6/1 1291/6/1 1293/6/1
f 1297/6/1 1287/6/1 1292/6/1
f 1298/6/1 1287/6/1 1297/6/1
f 1300/7/1 1289/7/1 1288/7/1
f 1301/7/1 1289/7/1 1300/7/1
f 1303/7/1 1300/7/1 1299/7/1
f 1304/7/1 1300/7/1 1303/7/1
f 1305/7/1 1295/7/1 1294/7/1
f 1306/11/1 1296/11/1 1295/11/1
f 1306/7/1 1295/7/1 1305/7/1
f 1306/11/1 1297/11/1 1296/11/1
f 1307/11/1 1297/11/1 1306/11/1
f 1308/11/1 1297/11/1 1307/11/1
f 1309/11/1 1304/11/1 1303/11/1
f 1309/11/1 1303/11/1 1302/11/1
f 1310/11/1 1304/11/1 1309/11/1
f 1311/11/1 1306/11/1 1305/11/1
f 1312/13/1 1307/13/1 1306/13/1
f 1312/11/1 1306/11/1 1311/11/1
f 1313/13/1 1307/13/1 1312/13/1
f 1318/2/1 1315/2/1 1314/2/1
f 1319/2/1 1315/2/1 1318/2/1
f 1320/2/1 1317/2/1 1316/2/1
f 1321/2/1 1317/2/1 1320/2/1
f 1326/5/1 1323/5/1 1322/5/1
f 1327/5/1 1323/5/1 1326/5/1
f 1328/5/1 1325/5/1 1324/5/1
f 1329/5/1 1325/5/1 1328/5/1
f 1332/6/1 1331/6/1 1330/6/1
f 1333/6/1 1331/6/1 1332/6/1
f 1338/6/1 1335/6/1 1334/6/1
f 1339/6/1 1335/6/1 1338/6/1
f 1341/6/1 1337/6/1 1336/6/1
f 1342/6/1 1341/6/1 1340/6/1
f 1343/6/1 1341/6/1 1342/6/1
f 1344/6/1 1337/6/1 1341/6/1
f 1344/6/1 1341/6/1 1343/6/1
f 1345/6/1 1337/6/1 1344/6/1
f 1348/8/1 1347/8/1 1346/8/1
f 1349/8/1 1347/8/1 1348/8/1
f 1351/6/1 1350/6/1 1349/6/1
f 1352/6/1 1351/6/1 1349/6/1
f 1353/6/1 1351/6/1 1352/6/1
f 1355/7/1 1354/7/1 1353/7/1
f 1356/7/1 1354/7/1 1355/7/1
f 1361/7/1 1358/7/1 1357/7/1
f 1362/7/1 1358/7/1 1361/7/1
f 1363/7/1 1360/7/1 1359/7/1
f 1364/7/1 1360/7/1 1363/7/1
f 1365/8/1 1362/8/1 1361/8/1
f 1366/8/1 1362/8/1 1365/8/1
f 1367/7/1 1364/7/1 1363/7/1
f 1368/7/1 1364/7/1 1367/7/1
f 1376/7/1 1371/7/1 1370/7/1
f 1377/7/1 1371/7/1 1376/7/1
f 1378/6/1 1373/6/1 1372/6/1
f 1379/6/1 1373/6/1 1378/6/1
f 1382/7/1 1375/7/1 1374/7/1
f 1383/7/1 1375/7/1 1382/7/1
f 1384/6/1 1369/6/1 1368/6/1
f 1385/6/1 1369/6/1 1384/6/1
f 1387/11/1 1377/11/1 1376/11/1
f 1388/11/1 1377/11/1 1387/11/1
f 1389/7/1 1381/7/1 1380/7/1
f 1390/7/1 1381/7/1 1389/7/1
f 1391/13/1 1387/13/1 1386/13/1
f 1392/13/1 1387/13/1 1391/13/1
f 1397/2/1 1394/2/1 1393/2/1
f 1398/2/1 1394/2/1 1397/2/1
f 1399/2/1 1396/2/1 1395/2/1
f 1400/2/1 1396/2/1 1399/2/1
f 1405/5/1 1402/5/1 1401/5/1
f 1406/5/1 1402/5/1 1405/5/1
f 1407/5/1 1404/5/1 1403/5/1
f 1408/5/1 1404/5/1 1407/5/1
f 1411/6/1 1410/6/1 1409/6/1
f 1412/6/1 1410/6/1 1411/6/1
f 1416/7/1 1414/7/1 1413/7/1
f 1417/6/1 1415/6/1 1414/6/1
f 1417/7/1 1414/7/1 1416/7/1
f 1418/6/1 1415/6/1 1417/6/1
f 1423/6/1 1418/6/1 1417/6/1
f 1424/6/1 1418/6/1 1423/6/1
f 1425/6/1 1420/6/1 1419/6/1
f 1426/6/1 1420/6/1 1425/6/1
f 1427/8/1 1422/8/1 1421/8/1
f 1428/8/1 1422/8/1 1427/8/1
f 1431/7/1 1430/7/1 1429/7/1
f 1432/7/1 1430/7/1 1431/7/1
f 1435/7/1 1434/7/1 1433/7/1
f 1436/7/1 1434/7/1 1435/7/1
f 1441/6/1 1436/6/1 1435/6/1
f 1442/6/1 1436/6/1 1441/6/1
f 1443/7/1 1438/7/1 1437/7/1
f 1444/7/1 1438/7/1 1443/7/1
f 1445/8/1 1440/8/1 1439/8/1
f 1446/8/1 1440/8/1 1445/8/1
f 1447/11/1 1444/11/1 1443/11/1
f 1448/11/1 1444/11/1 1447/11/1
f 1453/2/1 1450/2/1 1449/2/1
f 1454/2/1 1450/2/1 1453/2/1
f 1455/2/1 1452/2/1 1451/2/1
f 1456/2/1 1452/2/1 1455/2/1
f 1457/5/1 1454/5/1 1453/5/1
f 1458/5/1 1454/5/1 1457/5/1
f 1459/5/1 1456/5/1 1455/5/1
f 1460/5/1 1456/5/1 1459/5/1
f 1463/6/1 1462/6/1 1461/6/1
f 1464/6/1 1462/6/1 1463/6/1
f 1467/8/1 1466/8/1 1465/8/1
f 1468/8/1 1466/8/1 1467/8/1
f 1473/8/1 1470/8/1 1469/8/1
f 1474/8/1 1470/8/1 1473/8/1
f 1475/6/1 1472/6/1 1471/6/1
f 1476/6/1 1474/6/1 1473/6/1
f 1477/6/1 1474/6/1 1476/6/1
f 1478/6/1 1475/6/1 1471/6/1
f 1479/6/1 1475/6/1 1478/6/1
f 1480/11/1 1479/11/1 1478/11/1
f 1483/11/1 1480/11/1 1478/11/1
f 1484/11/1 1480/11/1 1483/11/1
f 1488/7/1 1482/7/1 1481/7/1
f 1489/11/1 1486/11/1 1485/11/1
f 1490/13/1 1487/13/1 1486/13/1
f 1490/11/1 1486/11/1 1489/11/1
f 1491/11/1 1488/11/1 1487/11/1
f 1491/13/1 1487/13/1 1490/13/1
f 1492/7/1 1482/7/1 1488/7/1
f 1492/11/1 1488/11/1 1491/11/1
f 1493/7/1 1482/7/1 1492/7/1
f 1496/6/1 1495/6/1 1494/6/1
f 1497/6/1 1495/6/1 1496/6/1
f 1498/6/1 1495/6/1 1497/6/1
f 1499/6/1 1495/6/1 1498/6/1
f 1504/6/1 1495/6/1 1499/6/1
f 1505/6/1 1495/6/1 1504/6/1
f 1506/6/1 1501/6/1 1500/6/1
f 1507/6/1 1501/6/1 1506/6/1
f 1508/7/1 1503/7/1 1502/7/1
f 1509/7/1 1503/7/1 1508/7/1
f 1513/8/1 1511/8/1 1510/8/1
f 1514/8/1 1511/8/1 1513/8/1
f 1516/6/1 1513/6/1 1512/6/1
f 1518/6/1 1516/6/1 1515/6/1
f 1519/6/1 1513/6/1 1516/6/1
f 1519/6/1 1516/6/1 1518/6/1
f 1520/6/1 1518/6/1 1517/6/1
f 1523/6/1 1518/6/1 1520/6/1
f 1524/6/1 1518/6/1 1523/6/1
f 1525/6/1 1518/6/1 1524/6/1
f 1526/6/1 1522/6/1 1521/6/1
f 1527/6/1 1522/6/1 1526/6/1
f 1528/7/1 1527/7/1 1526/7/1
f 1529/7/1 1527/7/1 1528/7/1
f 1532/8/1 1531/8/1 1530/8/1
f 1533/8/1 1531/8/1 1532/8/1
f 1536/13/1 1535/13/1 1534/13/1
f 1537/13/1 1535/13/1 1536/13/1
f 1540/6/1 1539/6/1 1538/6/1
f 1541/6/1 1539/6/1 1540/6/1
f 1548/6/1 1543/6/1 1542/6/1
f 1549/6/1 1543/6/1 1548/6/1
f 1551/7/1 1545/7/1 1544/7/1
f 1552/7/1 1545/7/1 1551/7/1
f 1554/6/1 1547/6/1 1546/6/1
f 1555/6/1 1547/6/1 1554/6/1
f 1556/6/1 1550/6/1 1549/6/1
f 1557/6/1 1550/6/1 1556/6/1
f 1560/8/1 1557/8/1 1556/8/1
f 1560/8/1 1558/8/1 1557/8/1
f 1561/6/1 1559/6/1 1558/6/1
f 1561/8/1 1558/8/1 1560/8/1
f 1562/6/1 1559/6/1 1561/6/1
f 1564/6/1 1554/6/1 1553/6/1
f 1565/6/1 1554/6/1 1564/6/1
f 1566/6/1 1564/6/1 1563/6/1
f 1567/6/1 1564/6/1 1566/6/1
f 1568/6/1 1564/6/1 1567/6/1
f 1569/6/1 1566/6/1 1563/6/1
f 1570/11/1 1567/11/1 1566/11/1
f 1570/6/1 1566/6/1 1569/6/1
f 1571/7/1 1568/7/1 1567/7/1
f 1571/11/1 1567/11/1 1570/11/1
f 1572/7/1 1568/7/1 1571/7/1
f 1573/11/1 1570/11/1 1569/11/1
f 1574/11/1 1570/11/1 1573/11/1
f 1577/7/1 1576/7/1 1575/7/1
f 1578/7/1 1576/7/1 1577/7/1
f 1583/7/1 1580/7/1 1579/7/1
f 1584/7/1 1580/7/1 1583/7/1
f 1585/13/1 1582/13/1 1581/13/1
f 1586/13/1 1582/13/1 1585/13/1
f 1588/8/1 1584/8/1 1583/8/1
f 1589/8/1 1584/8/1 1588/8/1
f 1590/7/1 1588/7/1 1587/7/1
f 1591/7/1 1588/7/1 1590/7/1
f 1596/6/1 1593/6/1 1592/6/1
f 1597/6/1 1593/6/1 1596/6/1
f 1598/6/1 1595/6/1 1594/6/1
f 1599/6/1 1595/6/1 1598/6/1
f 1604/6/1 1601/6/1 1600/6/1
f 1605/6/1 1601/6/1 1604/6/1
f 1608/6/1 1603/6/1 1602/6/1
f 1609/6/1 1603/6/1 1608/6/1
f 1614/6/1 1607/6/1 1606/6/1
f 1615/6/1 1607/6/1 1614/6/1
f 1617/6/1 1611/6/1 1610/6/1
f 1618/6/1 1611/6/1 1617/6/1
f 1619/6/1 1613/6/1 1612/6/1
f 1620/6/1 1613/6/1 1619/6/1
f 1625/7/1 1617/7/1 1616/7/1
f 1626/7/1 1617/7/1 1625/7/1
f 1627/6/1 1623/6/1 1622/6/1
f 1627/6/1 1622/6/1 1621/6/1
f 1628/6/1 1623/6/1 1627/6/1
f 1631/11/1 1625/11/1 1624/11/1
f 1632/6/1 1629/6/1 1628/6/1
f 1633/8/1 1630/8/1 1629/8/1
f 1633/6/1 1629/6/1 1632/6/1
f 1634/8/1 1630/8/1 1633/8/1
f 1637/11/1 1625/11/1 1631/11/1
f 1638/11/1 1625/11/1 1637/11/1
f 1639/11/1 1636/11/1 1635/11/1
f 1639/11/1 1637/11/1 1636/11/1
f 1640/11/1 1637/11/1 1639/11/1
f 1645/7/1 1642/7/1 1641/7/1
f 1646/7/1 1642/7/1 1645/7/1
f 1647/7/1 1644/7/1 1643/7/1
f 1648/7/1 1644/7/1 1647/7/1
f 1649/6/1 1648/6/1 1647/6/1
f 1650/6/1 1648/6/1 1649/6/1
f 1655/5/1 1652/5/1 1651/5/1
f 1656/5/1 1652/5/1 1655/5/1
f 1657/2/1 1654/2/1 1653/2/1
f 1658/2/1 1654/2/1 1657/2/1
f 1663/2/1 1660/2/1 1659/2/1
f 1664/2/1 1660/2/1 1663/2/1
f 1665/2/1 1662/2/1 1661/2/1
f 1666/2/1 1662/2/1 1665/2/1
f 1669/6/1 1668/6/1 1667/6/1
f 1670/6/1 1668/6/1 1669/6/1
f 1675/13/1 1672/13/1 1671/13/1
f 1676/13/1 1672/13/1 1675/13/1
f 1679/6/1 1674/6/1 1673/6/1
f 1680/6/1 1674/6/1 1679/6/1
f 1681/6/1 1678/6/1 1677/6/1
f 1682/6/1 1678/6/1 1681/6/1
f 1685/6/1 1684/6/1 1683/6/1
f 1686/6/1 1684/6/1 1685/6/1
f 1687/7/1 1686/7/1 1685/7/1
f 1687/6/1 1684/6/1 1686/6/1
f 1688/6/1 1684/6/1 1687/6/1
f 1691/7/1 1687/7/1 1685/7/1
f 1691/7/1 1688/7/1 1687/7/1
f 1692/7/1 1688/7/1 1691/7/1
f 1693/6/1 1690/6/1 1689/6/1
f 1694/6/1 1690/6/1 1693/6/1
f 1697/7/1 1696/7/1 1695/7/1
f 1698/7/1 1696/7/1 1697/7/1
f 1699/6/1 1698/6/1 1697/6/1
f 1700/6/1 1698/6/1 1699/6/1
f 1705/2/1 1702/2/1 1701/2/1
f 1706/2/1 1704/2/1 1703/2/1
f 1707/2/1 1705/2/1 1701/2/1
f 1708/2/1 1704/2/1 1706/2/1
f 1709/2/1 1707/2/1 1701/2/1
f 1710/2/1 1707/2/1 1709/2/1
f 1711/2/1 1704/2/1 1708/2/1
f 1712/2/1 1704/2/1 1711/2/1
f 1717/2/1 1714/2/1 1713/2/1
f 1718/2/1 1716/2/1 1715/2/1
f 1719/2/1 1717/2/1 1713/2/1
f 1722/2/1 1716/2/1 1718/2/1
f 1723/6/1 1721/6/1 1720/6/1
f 1724/6/1 1721/6/1 1723/6/1
f 1725/2/1 1719/2/1 1713/2/1
f 1726/2/1 1719/2/1 1725/2/1
f 1727/2/1 1716/2/1 1722/2/1
f 1728/2/1 1716/2/1 1727/2/1
f 1731/13/1 1730/13/1 1729/13/1
f 1732/13/1 1730/13/1 1731/13/1
f 1735/11/1 1734/11/1 1733/11/1
f 1738/11/1 1735/11/1 1733/11/1
f 1739/11/1 1735/11/1 1738/11/1
f 1741/6/1 1737/6/1 1736/6/1
f 1742/6/1 1737/6/1 1741/6/1
f 1746/7/1 1741/7/1 1740/7/1
f 1746/7/1 1742/7/1 1741/7/1
f 1747/6/1 1744/6/1 1743/6/1
f 1748/6/1 1744/6/1 1747/6/1
f 1749/7/1 1746/7/1 1745/7/1
f 1750/7/1 1742/7/1 1746/7/1
f 1750/7/1 1746/7/1 1749/7/1
f 1753/8/1 1748/8/1 1747/8/1
f 1754/8/1 1748/8/1 1753/8/1
f 1755/7/1 1752/7/1 1751/7/1
f 1756/7/1 1752/7/1 1755/7/1
f 1761/6/1 1758/6/1 1757/6/1
f 1762/6/1 1758/6/1 1761/6/1
f 1763/6/1 1760/6/1 1759/6/1
f 1764/6/1 1760/6/1 1763/6/1
f 1769/13/1 1766/13/1 1765/13/1
f 1772/6/1 1768/6/1 1767/6/1
f 1773/6/1 1768/6/1 1772/6/1
f 1774/13/1 1769/13/1 1765/13/1
f 1774/13/1 1770/13/1 1769/13/1
f 1775/11/1 1771/11/1 1770/11/1
f 1775/13/1 1770/13/1 1774/13/1
f 1776/11/1 1771/11/1 1775/11/1
f 1779/8/1 1778/8/1 1777/8/1
f 1780/8/1 1778/8/1 1779/8/1
f 1782/7/1 1773/7/1 1772/7/1
f 1788/10/1 1782/10/1 1781/10/1
f 1789/7/1 1773/7/1 1782/7/1
f 1789/10/1 1782/10/1 1788/10/1
f 1790/7/1 1773/7/1 1789/7/1
f 1791/11/1 1784/11/1 1783/11/1
f 1792/11/1 1784/11/1 1791/11/1
f 1793/7/1 1787/7/1 1786/7/1
f 1793/7/1 1786/7/1 1785/7/1
f 1794/7/1 1787/7/1 1793/7/1
f 1797/7/1 1796/7/1 1795/7/1
f 1798/7/1 1796/7/1 1797/7/1
f 1801/11/1 1798/11/1 1797/11/1
f 1802/11/1 1798/11/1 1801/11/1
f 1805/6/1 1800/6/1 1799/6/1
f 1808/6/1 1804/6/1 1803/6/1
f 1808/6/1 1805/6/1 1804/6/1
f 1809/6/1 1800/6/1 1805/6/1
f 1809/6/1 1805/6/1 1808/6/1
f 1810/7/1 1807/7/1 1806/7/1
f 1811/7/1 1807/7/1 1810/7/1
f 1812/7/1 1809/7/1 1808/7/1
f 1813/7/1 1809/7/1 1812/7/1
f 1814/7/1 1809/7/1 1813/7/1
f 1817/6/1 1813/6/1 1812/6/1
f 1818/6/1 1813/6/1 1817/6/1
f 1823/8/1 1816/8/1 1815/8/1
f 1824/8/1 1816/8/1 1823/8/1
f 1827/7/1 1818/7/1 1817/7/1
f 1828/7/1 1818/7/1 1827/7/1
f 1829/11/1 1820/11/1 1819/11/1
f 1830/11/1 1820/11/1 1829/11/1
f 1834/7/1 1822/7/1 1821/7/1
f 1835/7/1 1822/7/1 1834/7/1
f 1836/10/1 1825/10/1 1824/10/1
f 1837/7/1 1826/7/1 1825/7/1
f 1837/10/1 1825/10/1 1836/10/1
f 1838/7/1 1826/7/1 1837/7/1
f 1839/11/1 1832/11/1 1831/11/1
f 1840/11/1 1832/11/1 1839/11/1
f 1841/7/1 1834/7/1 1833/7/1
f 1842/7/1 1834/7/1 1841/7/1
f 1845/6/1 1844/6/1 1843/6/1
f 1846/6/1 1844/6/1 1845/6/1
f 1849/6/1 1848/6/1 1847/6/1
f 1850/6/1 1848/6/1 1849/6/1
f 1851/7/1 1850/7/1 1849/7/1
f 1854/7/1 1850/7/1 1851/7/1
f 1855/7/1 1850/7/1 1854/7/1
f 1858/6/1 1853/6/1 1852/6/1
f 1859/6/1 1857/6/1 1856/6/1
f 1860/6/1 1857/6/1 1859/6/1
f 1863/6/1 1853/6/1 1858/6/1
f 1864/6/1 1853/6/1 1863/6/1
f 1869/11/1 1862/11/1 1861/11/1
f 1870/11/1 1862/11/1 1869/11/1
f 1871/13/1 1866/13/1 1865/13/1
f 1872/13/1 1866/13/1 1871/13/1
f 1873/11/1 1868/11/1 1867/11/1
f 1874/11/1 1868/11/1 1873/11/1
f 1879/5/1 1876/5/1 1875/5/1
f 1880/5/1 1876/5/1 1879/5/1
f 1881/5/1 1878/5/1 1877/5/1
f 1882/5/1 1878/5/1 1881/5/1
f 1887/2/1 1884/2/1 1883/2/1
f 1888/2/1 1884/2/1 1887/2/1
f 1889/2/1 1886/2/1 1885/2/1
f 1890/2/1 1886/2/1 1889/2/1
f 1895/5/1 1892/5/1 1891/5/1
f 1896/5/1 1892/5/1 1895/5/1
f 1897/5/1 1894/5/1 1893/5/1
f 1898/5/1 1894/5/1 1897/5/1
f 1903/2/1 1900/2/1 1899/2/1
f 1904/2/1 1900/2/1 1903/2/1
f 1905/2/1 1902/2/1 1901/2/1
f 1906/2/1 1902/2/1 1905/2/1
f 1909/6/1 1908/6/1 1907/6/1
f 1910/6/1 1908/6/1 1909/6/1
f 1915/5/1 1912/5/1 1911/5/1
f 1916/5/1 1912/5/1 1915/5/1
f 1917/5/1 1914/5/1 1913/5/1
f 1918/5/1 1914/5/1 1917/5/1
f 1923/2/1 1920/2/1 1919/2/1
f 1924/2/1 1920/2/1 1923/2/1
f 1925/2/1 1922/2/1 1921/2/1
f 1926/2/1 1922/2/1 1925/2/1
f 1929/6/1 1928/6/1 1927/6/1
f 1930/6/1 1928/6/1 1929/6/1
f 1933/7/1 1932/7/1 1931/7/1
f 1933/7/1 1931/7/1 1930/7/1
f 1934/7/1 1932/7/1 1933/7/1
f 1935/6/1 1934/6/1 1933/6/1
f 1936/7/1 1932/7/1 1934/7/1
f 1936/6/1 1934/6/1 1935/6/1
f 1937/7/1 1932/7/1 1936/7/1
f 1942/8/1 1939/8/1 1938/8/1
f 1942/8/1 1941/8/1 1940/8/1
f 1942/8/1 1940/8/1 1939/8/1
f 1943/8/1 1941/8/1 1942/8/1
f 1948/5/1 1945/5/1 1944/5/1
f 1949/5/1 1945/5/1 1948/5/1
f 1950/5/1 1947/5/1 1946/5/1
f 1951/5/1 1947/5/1 1950/5/1
f 1956/2/1 1953/2/1 1952/2/1
f 1957/2/1 1953/2/1 1956/2/1
f 1958/2/1 1955/2/1 1954/2/1
f 1959/2/1 1955/2/1 1958/2/1
f 1965/7/1 1961/7/1 1960/7/1
f 1966/7/1 1964/7/1 1963/7/1
f 1966/7/1 1963/7/1 1962/7/1
f 1967/7/1 1964/7/1 1966/7/1
f 1968/7/1 1965/7/1 1960/7/1
f 1969/7/1 1965/7/1 1968/7/1
f 1970/7/1 1966/7/1 1962/7/1
f 1971/7/1 1966/7/1 1970/7/1
f 1976/5/1 1973/5/1 1972/5/1
f 1977/5/1 1973/5/1 1976/5/1
f 1978/5/1 1975/5/1 1974/5/1
f 1979/5/1 1975/5/1 1978/5/1
f 1984/2/1 1981/2/1 1980/2/1
f 1985/2/1 1981/2/1 1984/2/1
f 1986/2/1 1983/2/1 1982/2/1
f 1987/2/1 1983/2/1 1986/2/1
f 1990/6/1 1989/6/1 1988/6/1
f 1991/6/1 1989/6/1 1990/6/1
f 1995/6/1 1993/6/1 1992/6/1
f 1996/8/1 1994/8/1 1993/8/1
f 1996/6/1 1993/6/1 1995/6/1
f 1997/8/1 1994/8/1 1996/8/1
f 2003/8/1 1996/8/1 1995/8/1
f 2004/8/1 1996/8/1 2003/8/1
f 2005/7/1 2001/7/1 2000/7/1
f 2006/7/1 2001/7/1 2005/7/1
f 2007/8/1 2003/8/1 2002/8/1
f 2008/8/1 2003/8/1 2007/8/1
f 2009/6/1 1999/6/1 1998/6/1
f 2010/6/1 1999/6/1 2009/6/1
f 2014/7/1 2010/7/1 2009/7/1
f 2015/7/1 2010/7/1 2014/7/1
f 2016/7/1 2013/7/1 2012/7/1
f 2016/7/1 2012/7/1 2011/7/1
f 2017/7/1 2013/7/1 2016/7/1
f 2022/5/1 2019/5/1 2018/5/1
f 2023/5/1 2019/5/1 2022/5/1
f 2024/5/1 2021/5/1 2020/5/1
f 2025/5/1 2021/5/1 2024/5/1
f 2030/2/1 2027/2/1 2026/2/1
f 2031/2/1 2027/2/1 2030/2/1
f 2032/2/1 2029/2/1 2028/2/1
f 2033/2/1 2029/2/1 2032/2/1
f 2036/6/1 2035/6/1 2034/6/1
f 2037/6/1 2035/6/1 2036/6/1
f 2043/7/1 2039/7/1 2038/7/1
f 2044/7/1 2039/7/1 2043/7/1
f 2046/6/1 2041/6/1 2040/6/1
f 2047/6/1 2041/6/1 2046/6/1
f 2049/6/1 2043/6/1 2042/6/1
f 2050/8/1 2044/8/1 2043/8/1
f 2050/6/1 2043/6/1 2049/6/1
f 2051/6/1 2045/6/1 2044/6/1
f 2051/8/1 2044/8/1 2050/8/1
f 2052/6/1 2045/6/1 2051/6/1
f 2054/7/1 2050/7/1 2049/7/1
f 2054/7/1 2049/7/1 2048/7/1
f 2055/8/1 2051/8/1 2050/8/1
f 2055/7/1 2050/7/1 2054/7/1
f 2056/8/1 2051/8/1 2055/8/1
f 2061/7/1 2054/7/1 2053/7/1
f 2061/7/1 2055/7/1 2054/7/1
f 2061/7/1 2056/7/1 2055/7/1
f 2062/7/1 2056/7/1 2061/7/1
f 2063/7/1 2056/7/1 2062/7/1
f 2064/7/1 2056/7/1 2063/7/1
f 2065/11/1 2058/11/1 2057/11/1
f 2066/10/1 2059/10/1 2058/10/1
f 2066/11/1 2058/11/1 2065/11/1
f 2067/7/1 2060/7/1 2059/7/1
f 2067/10/1 2059/10/1 2066/10/1
f 2068/7/1 2060/7/1 2067/7/1
f 2071/6/1 2070/6/1 2069/6/1
f 2072/6/1 2070/6/1 2071/6/1
f 2075/7/1 2061/7/1 2053/7/1
f 2076/7/1 2061/7/1 2075/7/1
f 2077/6/1 2074/6/1 2073/6/1
f 2078/6/1 2074/6/1 2077/6/1
f 2079/7/1 2063/7/1 2062/7/1
f 2080/7/1 2063/7/1 2079/7/1
f 2085/5/1 2082/5/1 2081/5/1
f 2086/5/1 2082/5/1 2085/5/1
f 2087/5/1 2084/5/1 2083/5/1
f 2088/5/1 2084/5/1 2087/5/1
f 2093/2/1 2090/2/1 2089/2/1
f 2094/2/1 2090/2/1 2093/2/1
f 2095/2/1 2092/2/1 2091/2/1
f 2096/2/1 2092/2/1 2095/2/1
f 2099/6/1 2098/6/1 2097/6/1
f 2100/6/1 2098/6/1 2099/6/1
f 2103/6/1 2102/6/1 2101/6/1
f 2104/6/1 2102/6/1 2103/6/1
f 2109/6/1 2106/6/1 2105/6/1
f 2110/6/1 2106/6/1 2109/6/1
f 2111/6/1 2108/6/1 2107/6/1
f 2119/6/1 2108/6/1 2111/6/1
f 2120/6/1 2108/6/1 2119/6/1
f 2121/7/1 2113/7/1 2112/7/1
f 2122/7/1 2113/7/1 2121/7/1
f 2125/6/1 2115/6/1 2114/6/1
f 2126/6/1 2115/6/1 2125/6/1
f 2127/7/1 2117/7/1 2116/7/1
f 2128/7/1 2124/7/1 2123/7/1
f 2129/6/1 2125/6/1 2124/6/1
f 2129/7/1 2124/7/1 2128/7/1
f 2130/6/1 2125/6/1 2129/6/1
f 2131/7/1 2117/7/1 2127/7/1
f 2132/7/1 2117/7/1 2131/7/1
f 2133/7/1 2119/7/1 2118/7/1
f 2134/7/1 2119/7/1 2133/7/1
f 2139/5/1 2136/5/1 2135/5/1
f 2140/5/1 2136/5/1 2139/5/1
f 2141/5/1 2138/5/1 2137/5/1
f 2142/5/1 2138/5/1 2141/5/1
f 2147/2/1 2144/2/1 2143/2/1
f 2148/2/1 2144/2/1 2147/2/1
f 2149/2/1 2146/2/1 2145/2/1
f 2150/2/1 2146/2/1 2149/2/1
f 2153/6/1 2152/6/1 2151/6/1
f 2154/6/1 2152/6/1 2153/6/1
f 2161/7/1 2156/7/1 2155/7/1
f 2162/7/1 2156/7/1 2161/7/1
f 2163/6/1 2158/6/1 2157/6/1
f 2164/6/1 2158/6/1 2163/6/1
f 2166/10/1 2165/10/1 2164/10/1
f 2167/10/1 2165/10/1 2166/10/1
f 2170/6/1 2160/6/1 2159/6/1
f 2171/6/1 2160/6/1 2170/6/1
f 2172/10/1 2168/10/1 2167/10/1
f 2173/10/1 2168/10/1 2172/10/1
f 2174/7/1 2170/7/1 2169/7/1
f 2175/7/1 2170/7/1 2174/7/1
f 2180/5/1 2177/5/1 2176/5/1
f 2181/5/1 2177/5/1 2180/5/1
f 2182/5/1 2179/5/1 2178/5/1
f 2183/5/1 2179/5/1 2182/5/1
f 2188/2/1 2185/2/1 2184/2/1
f 2189/2/1 2185/2/1 2188/2/1
f 2190/2/1 2187/2/1 2186/2/1
f 2191/2/1 2187/2/1 2190/2/1
f 2197/8/1 2193/8/1 2192/8/1
f 2198/8/1 2193/8/1 2197/8/1
f 2199/11/1 2195/11/1 2194/11/1
f 2200/10/1 2196/10/1 2195/10/1
f 2200/11/1 2195/11/1 2199/11/1
f 2201/7/1 2197/7/1 2196/7/1
f 2201/10/1 2196/10/1 2200/10/1
f 2202/7/1 2197/7/1 2201/7/1
f 2207/5/1 2204/5/1 2203/5/1
f 2208/5/1 2204/5/1 2207/5/1
f 2209/5/1 2206/5/1 2205/5/1
f 2210/5/1 2206/5/1 2209/5/1
f 2215/2/1 2212/2/1 2211/2/1
f 2216/2/1 2212/2/1 2215/2/1
f 2217/2/1 2214/2/1 2213/2/1
f 2218/2/1 2214/2/1 2217/2/1
f 2223/6/1 2220/6/1 2219/6/1
f 2224/6/1 2220/6/1 2223/6/1
f 2225/6/1 2222/6/1 2221/6/1
f 2226/6/1 2222/6/1 2225/6/1
f 2231/5/1 2228/5/1 2227/5/1
f 2232/5/1 2228/5/1 2231/5/1
f 2233/5/1 2230/5/1 2229/5/1
f 2234/5/1 2230/5/1 2233/5/1
f 2239/2/1 2236/2/1 2235/2/1
f 2240/2/1 2236/2/1 2239/2/1
f 2241/2/1 2238/2/1 2237/2/1
f 2242/2/1 2238/2/1 2241/2/1
f 2245/8/1 2244/8/1 2243/8/1
f 2246/8/1 2244/8/1 2245/8/1
f 2251/5/1 2248/5/1 2247/5/1
f 2252/5/1 2248/5/1 2251/5/1
f 2253/5/1 2250/5/1 2249/5/1
f 2254/5/1 2250/5/1 2253/5/1
f 2259/2/1 2256/2/1 2255/2/1
f 2260/2/1 2256/2/1 2259/2/1
f 2261/2/1 2258/2/1 2257/2/1
f 2262/2/1 2258/2/1 2261/2/1
f 2267/5/1 2264/5/1 2263/5/1
f 2268/5/1 2264/5/1 2267/5/1
f 2269/5/1 2266/5/1 2265/5/1
f 2270/5/1 2266/5/1 2269/5/1
f 2275/2/1 2272/2/1 2271/2/1
f 2276/2/1 2272/2/1 2275/2/1
f 2277/2/1 2274/2/1 2273/2/1
f 2278/2/1 2274/2/1 2277/2/1
f 2281/1/1 2280/1/1 2279/1/1
f 2282/1/1 2280/1/1 2281/1/1
f 2291/2/1 2284/2/1 2283/2/1
f 2292/2/1 2284/2/1 2291/2/1
f 2293/2/1 2286/2/1 2285/2/1
f 2294/2/1 2286/2/1 2293/2/1
f 2295/1/1 2280/1/1 2282/1/1
f 2296/1/1 2280/1/1 2295/1/1
f 2297/2/1 2290/2/1 2289/2/1
f 2298/2/1 2290/2/1 2297/2/1
f 2301/2/1 2288/2/1 2287/2/1
f 2302/2/1 2288/2/1 2301/2/1
f 2303/2/1 2300/2/1 2299/2/1
f 2304/2/1 2300/2/1 2303/2/1
f 2309/5/1 2306/5/1 2305/5/1
f 2310/5/1 2306/5/1 2309/5/1
f 2311/5/1 2308/5/1 2307/5/1
f 2312/5/1 2308/5/1 2311/5/1
f 2313/3/2 2314/3/2 2319/3/2
f 2315/5/2 2316/5/2 2320/5/2
f 2320/5/2 2316/5/2 2321/5/2
f 2317/5/2 2318/5/2 2322/5/2
f 2322/5/2 2318/5/2 2323/5/2
f 2313/3/2 2319/3/2 2324/3/2
f 2324/3/2 2319/3/2 2325/3/2
f 2326/2/2 2327/2/2 2332/2/2
f 2332/2/2 2327/2/2 2333/2/2
f 2328/2/2 2329/2/2 2334/2/2
f 2333/2/2 2327/2/2 2336/2/2
f 2336/2/2 2327/2/2 2337/2/2
f 2330/2/2 2331/2/2 2338/2/2
f 2338/2/2 2331/2/2 2339/2/2
f 2337/2/2 2327/2/2 2340/2/2
f 2340/2/2 2327/2/2 2341/2/2
f 2334/2/2 2335/2/2 2342/2/2
f 2328/2/2 2334/2/2 2342/2/2
f 2342/2/2 2335/2/2 2343/2/2
f 2343/2/2 2335/2/2 2344/2/2
f 2345/5/2 2346/5/2 2349/5/2
f 2349/5/2 2346/5/2 2350/5/2
f 2347/5/2 2348/5/2 2351/5/2
f 2351/5/2 2348/5/2 2352/5/2
f 2353/6/2 2354/6/2 2359/6/2
f 2359/6/2 2354/6/2 2360/6/2
f 2355/2/2 2356/2/2 2363/2/2
f 2363/2/2 2356/2/2 2364/2/2
f 2357/6/2 2358/6/2 2365/6/2
f 2365/6/2 2358/6/2 2366/6/2
f 2361/2/2 2362/2/2 2367/2/2
f 2367/2/2 2362/2/2 2368/2/2
f 2369/7/2 2370/7/2 2371/7/2
f 2371/7/2 2370/7/2 2372/7/2
f 2373/5/2 2374/5/2 2377/5/2
f 2377/5/2 2374/5/2 2378/5/2
f 2375/5/2 2376/5/2 2379/5/2
f 2379/5/2 2376/5/2 2380/5/2
f 2381/2/2 2382/2/2 2385/2/2
f 2385/2/2 2382/2/2 2386/2/2
f 2383/2/2 2384/2/2 2389/2/2
f 2389/2/2 2384/2/2 2390/2/2
f 2387/6/2 2388/6/2 2391/6/2
f 2391/6/2 2388/6/2 2392/6/2
f 2393/11/2 2394/11/2 2395/11/2
f 2395/11/2 2394/11/2 2396/11/2
f 2397/5/2 2398/5/2 2401/5/2
f 2401/5/2 2398/5/2 2402/5/2
f 2399/5/2 2400/5/2 2403/5/2
f 2403/5/2 2400/5/2 2404/5/2
f 2405/2/2 2406/2/2 2409/2/2
f 2409/2/2 2406/2/2 2410/2/2
f 2407/2/2 2408/2/2 2411/2/2
f 2411/2/2 2408/2/2 2412/2/2
f 2413/6/2 2414/6/2 2415/6/2
f 2415/6/2 2414/6/2 2416/6/2
f 2417/6/2 2418/6/2 2419/6/2
f 2419/6/2 2418/6/2 2420/6/2
f 2419/8/2 2420/8/2 2422/8/2
f 2420/7/2 2421/7/2 2423/7/2
f 2422/8/2 2420/8/2 2423/8/2
f 2423/7/2 2421/7/2 2424/7/2
f 2425/5/2 2426/5/2 2429/5/2
f 2429/5/2 2426/5/2 2430/5/2
f 2427/5/2 2428/5/2 2431/5/2
f 2431/5/2 2428/5/2 2432/5/2
f 2433/2/2 2434/2/2 2437/2/2
f 2437/2/2 2434/2/2 2438/2/2
f 2435/2/2 2436/2/2 2439/2/2
f 2439/2/2 2436/2/2 2440/2/2
f 2441/6/2 2442/6/2 2445/6/2
f 2445/6/2 2442/6/2 2446/6/2
f 2443/13/2 2444/13/2 2447/13/2
f 2447/13/2 2444/13/2 2448/13/2
f 2445/7/2 2446/7/2 2449/7/2
f 2449/7/2 2446/7/2 2450/7/2
f 2451/6/2 2452/6/2 2453/6/2
f 2453/6/2 2452/6/2 2454/6/2
f 2455/5/2 2456/5/2 2459/5/2
f 2459/5/2 2456/5/2 2460/5/2
f 2457/5/2 2458/5/2 2461/5/2
f 2461/5/2 2458/5/2 2462/5/2
f 2463/2/2 2464/2/2 2467/2/2
f 2467/2/2 2464/2/2 2468/2/2
f 2465/2/2 2466/2/2 2469/2/2
f 2469/2/2 2466/2/2 2470/2/2
f 2471/6/2 2472/6/2 2473/6/2
f 2473/6/2 2472/6/2 2474/6/2
f 2475/6/2 2476/6/2 2477/6/2
f 2477/6/2 2476/6/2 2478/6/2
f 2479/6/2 2480/6/2 2481/6/2
f 2479/6/2 2481/6/2 2482/6/2
f 2482/6/2 2481/6/2 2483/6/2
f 2482/7/2 2483/7/2 2488/7/2
f 2488/7/2 2483/7/2 2489/7/2
f 2484/6/2 2485/6/2 2491/6/2
f 2491/6/2 2485/6/2 2492/6/2
f 2486/7/2 2487/7/2 2493/7/2
f 2493/7/2 2487/7/2 2494/7/2
f 2490/11/2 2491/11/2 2495/11/2
f 2491/10/2 2492/10/2 2496/10/2
f 2495/11/2 2491/11/2 2496/11/2
f 2496/10/2 2492/10/2 2497/10/2
f 2498/6/2 2499/6/2 2500/6/2
f 2500/6/2 2499/6/2 2501/6/2
f 2502/5/2 2503/5/2 2506/5/2
f 2506/5/2 2503/5/2 2507/5/2
f 2504/5/2 2505/5/2 2508/5/2
f 2508/5/2 2505/5/2 2509/5/2
f 2510/2/2 2511/2/2 2514/2/2
f 2514/2/2 2511/2/2 2515/2/2
f 2512/2/2 2513/2/2 2516/2/2
f 2516/2/2 2513/2/2 2517/2/2
f 2518/6/2 2519/6/2 2522/6/2
f 2522/6/2 2519/6/2 2523/6/2
f 2520/6/2 2521/6/2 2526/6/2
f 2526/6/2 2521/6/2 2527/6/2
f 2524/6/2 2525/6/2 2528/6/2
f 2528/6/2 2525/6/2 2529/6/2
f 2530/6/2 2531/6/2 2533/6/2
f 2533/6/2 2531/6/2 2534/6/2
f 2534/6/2 2531/6/2 2535/6/2
f 2532/7/2 2533/7/2 2536/7/2
f 2533/6/2 2534/6/2 2537/6/2
f 2536/7/2 2533/7/2 2537/7/2
f 2537/6/2 2534/6/2 2538/6/2
f 2539/7/2 2540/7/2 2543/7/2
f 2543/7/2 2540/7/2 2544/7/2
f 2541/11/2 2542/11/2 2546/11/2
f 2546/11/2 2542/11/2 2547/11/2
f 2543/11/2 2544/11/2 2548/11/2
f 2544/13/2 2545/13/2 2549/13/2
f 2548/11/2 2544/11/2 2549/11/2
f 2545/11/2 2546/11/2 2550/11/2
f 2549/13/2 2545/13/2 2550/13/2
f 2550/11/2 2546/11/2 2551/11/2
f 2552/5/2 2553/5/2 2556/5/2
f 2556/5/2 2553/5/2 2557/5/2
f 2554/5/2 2555/5/2 2558/5/2
f 2558/5/2 2555/5/2 2559/5/2
f 2560/2/2 2561/2/2 2564/2/2
f 2564/2/2 2561/2/2 2565/2/2
f 2562/2/2 2563/2/2 2566/2/2
f 2566/2/2 2563/2/2 2567/2/2
f 2568/6/2 2569/6/2 2570/6/2
f 2570/6/2 2569/6/2 2571/6/2
f 2572/6/2 2573/6/2 2576/6/2
f 2574/6/2 2575/6/2 2577/6/2
f 2577/6/2 2575/6/2 2578/6/2
f 2576/6/2 2573/6/2 2581/6/2
f 2581/6/2 2573/6/2 2582/6/2
f 2574/6/2 2577/6/2 2583/6/2
f 2583/6/2 2577/6/2 2584/6/2
f 2579/8/2 2580/8/2 2585/8/2
f 2585/8/2 2580/8/2 2586/8/2
f 2581/7/2 2582/7/2 2587/7/2
f 2587/7/2 2582/7/2 2588/7/2
f 2589/7/2 2590/7/2 2594/7/2
f 2594/7/2 2590/7/2 2595/7/2
f 2591/13/2 2592/13/2 2596/13/2
f 2592/11/2 2593/11/2 2597/11/2
f 2596/13/2 2592/13/2 2597/13/2
f 2597/11/2 2593/11/2 2598/11/2
f 2599/5/2 2600/5/2 2603/5/2
f 2603/5/2 2600/5/2 2604/5/2
f 2601/5/2 2602/5/2 2605/5/2
f 2605/5/2 2602/5/2 2606/5/2
f 2607/2/2 2608/2/2 2611/2/2
f 2611/2/2 2608/2/2 2612/2/2
f 2609/2/2 2610/2/2 2613/2/2
f 2613/2/2 2610/2/2 2614/2/2
f 2615/6/2 2616/6/2 2617/6/2
f 2617/6/2 2616/6/2 2618/6/2
f 2619/6/2 2620/6/2 2623/6/2
f 2623/6/2 2620/6/2 2624/6/2
f 2621/8/2 2622/8/2 2625/8/2
f 2625/8/2 2622/8/2 2626/8/2
f 2627/7/2 2628/7/2 2629/7/2
f 2629/7/2 2628/7/2 2631/7/2
f 2631/7/2 2628/7/2 2632/7/2
f 2630/11/2 2631/11/2 2635/11/2
f 2635/11/2 2631/11/2 2636/11/2
f 2633/10/2 2634/10/2 2637/10/2
f 2637/10/2 2634/10/2 2638/10/2
f 2639/7/2 2640/7/2 2641/7/2
f 2641/7/2 2640/7/2 2642/7/2
f 2643/5/2 2644/5/2 2647/5/2
f 2647/5/2 2644/5/2 2648/5/2
f 2645/5/2 2646/5/2 2649/5/2
f 2649/5/2 2646/5/2 2650/5/2
f 2651/2/2 2652/2/2 2655/2/2
f 2655/2/2 2652/2/2 2656/2/2
f 2653/2/2 2654/2/2 2657/2/2
f 2657/2/2 2654/2/2 2658/2/2
f 2659/6/2 2660/6/2 2661/6/2
f 2661/6/2 2660/6/2 2662/6/2
f 2663/6/2 2664/6/2 2665/6/2
f 2665/6/2 2664/6/2 2666/6/2
f 2667/6/2 2668/6/2 2670/6/2
f 2668/6/2 2669/6/2 2670/6/2
f 2670/6/2 2669/6/2 2671/6/2
f 2672/6/2 2673/6/2 2674/6/2
f 2674/6/2 2673/6/2 2675/6/2
f 2674/7/2 2675/7/2 2676/7/2
f 2676/7/2 2675/7/2 2682/7/2
f 2682/7/2 2675/7/2 2683/7/2
f 2677/7/2 2678/7/2 2684/7/2
f 2684/7/2 2678/7/2 2685/7/2
f 2679/7/2 2680/7/2 2686/7/2
f 2680/11/2 2681/11/2 2687/11/2
f 2686/7/2 2680/7/2 2687/7/2
f 2681/11/2 2682/11/2 2687/11/2
f 2687/11/2 2682/11/2 2688/11/2
f 2689/7/2 2690/7/2 2691/7/2
f 2691/7/2 2690/7/2 2692/7/2
f 2693/7/2 2694/7/2 2695/7/2
f 2695/7/2 2694/7/2 2696/7/2
f 2697/5/2 2698/5/2 2701/5/2
f 2701/5/2 2698/5/2 2702/5/2
f 2699/5/2 2700/5/2 2703/5/2
f 2703/5/2 2700/5/2 2704/5/2
f 2705/2/2 2706/2/2 2709/2/2
f 2709/2/2 2706/2/2 2710/2/2
f 2707/2/2 2708/2/2 2711/2/2
f 2711/2/2 2708/2/2 2712/2/2
f 2713/6/2 2714/6/2 2715/6/2
f 2715/6/2 2714/6/2 2716/6/2
f 2717/8/2 2718/8/2 2721/8/2
f 2721/8/2 2718/8/2 2722/8/2
f 2719/6/2 2720/6/2 2724/6/2
f 2723/6/2 2724/6/2 2726/6/2
f 2724/6/2 2720/6/2 2727/6/2
f 2726/6/2 2724/6/2 2727/6/2
f 2727/6/2 2720/6/2 2728/6/2
f 2725/6/2 2726/6/2 2729/6/2
f 2726/6/2 2727/6/2 2729/6/2
f 2727/7/2 2728/7/2 2730/7/2
f 2729/6/2 2727/6/2 2730/6/2
f 2730/7/2 2728/7/2 2731/7/2
f 2732/6/2 2733/6/2 2734/6/2
f 2732/6/2 2734/6/2 2735/6/2
f 2735/6/2 2734/6/2 2736/6/2
f 2737/7/2 2738/7/2 2742/7/2
f 2742/7/2 2738/7/2 2743/7/2
f 2739/7/2 2740/7/2 2746/7/2
f 2746/7/2 2740/7/2 2747/7/2
f 2741/11/2 2742/11/2 2748/11/2
f 2748/11/2 2742/11/2 2749/11/2
f 2744/13/2 2745/13/2 2750/13/2
f 2750/13/2 2745/13/2 2751/13/2
f 2752/5/2 2753/5/2 2756/5/2
f 2756/5/2 2753/5/2 2757/5/2
f 2754/5/2 2755/5/2 2758/5/2
f 2758/5/2 2755/5/2 2759/5/2
f 2760/2/2 2761/2/2 2764/2/2
f 2764/2/2 2761/2/2 2765/2/2
f 2762/2/2 2763/2/2 2766/2/2
f 2766/2/2 2763/2/2 2767/2/2
f 2768/6/2 2769/6/2 2770/6/2
f 2770/6/2 2769/6/2 2771/6/2
f 2771/6/2 2769/6/2 2772/6/2
f 2772/6/2 2769/6/2 2773/6/2
f 2773/6/2 2769/6/2 2778/6/2
f 2778/6/2 2769/6/2 2779/6/2
f 2774/6/2 2775/6/2 2780/6/2
f 2780/6/2 2775/6/2 2781/6/2
f 2776/7/2 2777/7/2 2782/7/2
f 2782/7/2 2777/7/2 2783/7/2
f 2784/8/2 2785/8/2 2786/8/2
f 2786/8/2 2785/8/2 2787/8/2
f 2788/6/2 2789/6/2 2795/6/2
f 2789/6/2 2790/6/2 2795/6/2
f 2795/6/2 2790/6/2 2796/6/2
f 2796/6/2 2790/6/2 2797/6/2
f 2793/7/2 2794/7/2 2798/7/2
f 2798/7/2 2794/7/2 2799/7/2
f 2795/7/2 2796/7/2 2801/7/2
f 2801/7/2 2796/7/2 2802/7/2
f 2791/7/2 2792/7/2 2803/7/2
f 2803/7/2 2792/7/2 2804/7/2
f 2798/11/2 2799/11/2 2807/11/2
f 2807/11/2 2799/11/2 2808/11/2
f 2800/7/2 2801/7/2 2809/7/2
f 2809/7/2 2801/7/2 2810/7/2
f 2804/7/2 2805/7/2 2811/7/2
f 2805/11/2 2806/11/2 2812/11/2
f 2811/7/2 2805/7/2 2812/7/2
f 2812/11/2 2806/11/2 2813/11/2
f 2814/5/2 2815/5/2 2818/5/2
f 2818/5/2 2815/5/2 2819/5/2
f 2816/5/2 2817/5/2 2820/5/2
f 2820/5/2 2817/5/2 2821/5/2
f 2822/2/2 2823/2/2 2826/2/2
f 2826/2/2 2823/2/2 2827/2/2
f 2824/2/2 2825/2/2 2828/2/2
f 2828/2/2 2825/2/2 2829/2/2
f 2830/6/2 2831/6/2 2832/6/2
f 2830/6/2 2832/6/2 2833/6/2
f 2833/6/2 2832/6/2 2834/6/2
f 2835/7/2 2836/7/2 2837/7/2
f 2837/7/2 2836/7/2 2838/7/2
f 2839/8/2 2840/8/2 2842/8/2
f 2840/6/2 2841/6/2 2843/6/2
f 2842/8/2 2840/8/2 2843/8/2
f 2843/6/2 2841/6/2 2844/6/2
f 2844/6/2 2845/6/2 2846/6/2
f 2843/6/2 2844/6/2 2846/6/2
f 2846/6/2 2845/6/2 2847/6/2
f 2848/6/2 2849/6/2 2850/6/2
f 2850/6/2 2849/6/2 2851/6/2
f 2850/7/2 2851/7/2 2856/7/2
f 2851/7/2 2852/7/2 2856/7/2
f 2856/7/2 2852/7/2 2857/7/2
f 2853/8/2 2854/8/2 2858/8/2
f 2854/6/2 2855/6/2 2859/6/2
f 2858/8/2 2854/8/2 2859/8/2
f 2859/6/2 2855/6/2 2860/6/2
f 2850/7/2 2856/7/2 2861/7/2
f 2856/11/2 2857/11/2 2862/11/2
f 2861/7/2 2856/7/2 2862/7/2
f 2862/11/2 2857/11/2 2863/11/2
f 2864/5/2 2865/5/2 2868/5/2
f 2868/5/2 2865/5/2 2869/5/2
f 2866/5/2 2867/5/2 2870/5/2
f 2870/5/2 2867/5/2 2871/5/2
f 2872/2/2 2873/2/2 2876/2/2
f 2876/2/2 2873/2/2 2877/2/2
f 2874/2/2 2875/2/2 2878/2/2
f 2878/2/2 2875/2/2 2879/2/2
f 2880/6/2 2881/6/2 2884/6/2
f 2884/6/2 2881/6/2 2885/6/2
f 2882/6/2 2883/6/2 2886/6/2
f 2886/6/2 2883/6/2 2887/6/2
f 2890/6/2 2891/6/2 2892/6/2
f 2892/6/2 2891/6/2 2893/6/2
f 2888/6/2 2889/6/2 2894/6/2
f 2894/6/2 2889/6/2 2895/6/2
f 2896/8/2 2897/8/2 2898/8/2
f 2898/8/2 2897/8/2 2899/8/2
f 2900/8/2 2901/8/2 2902/8/2
f 2902/8/2 2901/8/2 2903/8/2
f 2904/6/2 2905/6/2 2906/6/2
f 2906/6/2 2905/6/2 2907/6/2
f 2908/7/2 2909/7/2 2910/7/2
f 2910/7/2 2909/7/2 2911/7/2
f 2912/6/2 2913/6/2 2914/6/2
f 2914/6/2 2913/6/2 2915/6/2
f 2916/11/2 2917/11/2 2920/11/2
f 2920/11/2 2917/11/2 2921/11/2
f 2918/13/2 2919/13/2 2923/13/2
f 2923/13/2 2919/13/2 2924/13/2
f 2922/11/2 2923/11/2 2925/11/2
f 2925/11/2 2923/11/2 2926/11/2
f 2927/7/2 2928/7/2 2929/7/2
f 2929/7/2 2928/7/2 2930/7/2
f 2931/6/2 2932/6/2 2935/6/2
f 2935/6/2 2932/6/2 2936/6/2
f 2933/6/2 2934/6/2 2937/6/2
f 2937/6/2 2934/6/2 2938/6/2
f 2939/8/2 2940/8/2 2944/8/2
f 2940/6/2 2941/6/2 2945/6/2
f 2944/8/2 2940/8/2 2945/8/2
f 2945/6/2 2941/6/2 2946/6/2
f 2942/8/2 2943/8/2 2947/8/2
f 2947/8/2 2943/8/2 2948/8/2
f 2949/7/2 2950/7/2 2951/7/2
f 2951/7/2 2950/7/2 2952/7/2
f 2953/11/2 2954/11/2 2956/11/2
f 2954/7/2 2955/7/2 2956/7/2
f 2956/7/2 2955/7/2 2957/7/2
f 2953/11/2 2956/11/2 2961/11/2
f 2961/11/2 2956/11/2 2962/11/2
f 2958/11/2 2959/11/2 2965/11/2
f 2959/13/2 2960/13/2 2966/13/2
f 2965/11/2 2959/11/2 2966/11/2
f 2966/13/2 2960/13/2 2967/13/2
f 2963/6/2 2964/6/2 2968/6/2
f 2968/6/2 2964/6/2 2969/6/2
f 2970/6/2 2971/6/2 2972/6/2
f 2972/6/2 2971/6/2 2973/6/2
f 2972/8/2 2973/8/2 2975/8/2
f 2973/6/2 2974/6/2 2976/6/2
f 2975/8/2 2973/8/2 2976/8/2
f 2976/6/2 2974/6/2 2977/6/2
f 2978/6/2 2979/6/2 2980/6/2
f 2980/6/2 2979/6/2 2981/6/2
f 2982/2/2 2983/2/2 2986/2/2
f 2984/2/2 2985/2/2 2987/2/2
f 2982/2/2 2986/2/2 2988/2/2
f 2987/2/2 2985/2/2 2989/2/2
f 2982/2/2 2988/2/2 2990/2/2
f 2990/2/2 2988/2/2 2991/2/2
f 2989/2/2 2985/2/2 2992/2/2
f 2992/2/2 2985/2/2 2993/2/2
f 2994/2/2 2995/2/2 2998/2/2
f 2996/2/2 2997/2/2 2999/2/2
f 2994/2/2 2998/2/2 3000/2/2
f 2999/2/2 2997/2/2 3001/2/2
f 2994/2/2 3000/2/2 3002/2/2
f 3002/2/2 3000/2/2 3003/2/2
f 3001/2/2 2997/2/2 3006/2/2
f 3006/2/2 2997/2/2 3007/2/2
f 3004/6/2 3005/6/2 3008/6/2
f 3008/6/2 3005/6/2 3009/6/2
f 3010/6/2 3011/6/2 3015/6/2
f 3015/6/2 3011/6/2 3016/6/2
f 3012/6/2 3013/6/2 3017/6/2
f 3017/6/2 3013/6/2 3018/6/2
f 3014/6/2 3015/6/2 3019/6/2
f 3019/6/2 3015/6/2 3020/6/2
f 3019/7/2 3020/7/2 3025/7/2
f 3025/7/2 3020/7/2 3026/7/2
f 3021/6/2 3022/6/2 3027/6/2
f 3027/6/2 3022/6/2 3028/6/2
f 3023/11/2 3024/11/2 3031/11/2
f 3031/11/2 3024/11/2 3032/11/2
f 3029/7/2 3030/7/2 3033/7/2
f 3033/7/2 3030/7/2 3034/7/2
f 3035/5/2 3036/5/2 3039/5/2
f 3039/5/2 3036/5/2 3040/5/2
f 3037/2/2 3038/2/2 3041/2/2
f 3041/2/2 3038/2/2 3042/2/2
f 3043/2/2 3044/2/2 3047/2/2
f 3047/2/2 3044/2/2 3048/2/2
f 3045/2/2 3046/2/2 3049/2/2
f 3049/2/2 3046/2/2 3050/2/2
f 3051/6/2 3052/6/2 3055/6/2
f 3055/6/2 3052/6/2 3056/6/2
f 3053/6/2 3054/6/2 3060/6/2
f 3060/6/2 3054/6/2 3061/6/2
f 3056/6/2 3057/6/2 3062/6/2
f 3058/6/2 3059/6/2 3063/6/2
f 3059/6/2 3060/6/2 3063/6/2
f 3063/6/2 3060/6/2 3064/6/2
f 3056/6/2 3062/6/2 3065/6/2
f 3065/6/2 3062/6/2 3066/6/2
f 3063/7/2 3064/7/2 3067/7/2
f 3067/7/2 3064/7/2 3068/7/2
f 3069/6/2 3070/6/2 3074/6/2
f 3070/6/2 3071/6/2 3074/6/2
f 3074/6/2 3071/6/2 3075/6/2
f 3072/7/2 3073/7/2 3076/7/2
f 3076/7/2 3073/7/2 3077/7/2
f 3076/11/2 3077/11/2 3078/11/2
f 3078/11/2 3077/11/2 3079/11/2
f 3080/11/2 3081/11/2 3084/11/2
f 3084/11/2 3081/11/2 3085/11/2
f 3082/8/2 3083/8/2 3086/8/2
f 3086/8/2 3083/8/2 3087/8/2
f 3088/8/2 3089/8/2 3092/8/2
f 3092/8/2 3089/8/2 3093/8/2
f 3090/8/2 3091/8/2 3095/8/2
f 3095/8/2 3091/8/2 3096/8/2
f 3093/8/2 3094/8/2 3097/8/2
f 3097/8/2 3094/8/2 3098/8/2
f 3097/6/2 3098/6/2 3101/6/2
f 3099/7/2 3100/7/2 3103/7/2
f 3103/7/2 3100/7/2 3104/7/2
f 3097/6/2 3101/6/2 3105/6/2
f 3105/6/2 3101/6/2 3106/6/2
f 3102/8/2 3103/8/2 3108/8/2
f 3103/6/2 3104/6/2 3109/6/2
f 3108/8/2 3103/8/2 3109/8/2
f 3109/6/2 3104/6/2 3110/6/2
f 3107/8/2 3108/8/2 3113/8/2
f 3113/8/2 3108/8/2 3114/8/2
f 3111/6/2 3112/6/2 3115/6/2
f 3115/6/2 3112/6/2 3116/6/2
f 3115/7/2 3116/7/2 3117/7/2
f 3117/7/2 3116/7/2 3118/7/2
f 3117/11/2 3118/11/2 3119/11/2
f 3119/11/2 3118/11/2 3120/11/2
f 3120/11/2 3121/11/2 3124/11/2
f 3122/7/2 3123/7/2 3125/7/2
f 3124/11/2 3121/11/2 3125/11/2
f 3121/7/2 3122/7/2 3125/7/2
f 3125/7/2 3123/7/2 3126/7/2
f 3127/6/2 3128/6/2 3130/6/2
f 3130/6/2 3128/6/2 3131/6/2
f 3129/8/2 3130/8/2 3132/8/2
f 3130/8/2 3131/8/2 3132/8/2
f 3132/8/2 3131/8/2 3133/8/2
f 3133/8/2 3131/8/2 3134/8/2
f 3132/8/2 3133/8/2 3137/8/2
f 3137/8/2 3133/8/2 3138/8/2
f 3135/8/2 3136/8/2 3139/8/2
f 3139/8/2 3136/8/2 3140/8/2
f 3139/6/2 3140/6/2 3143/6/2
f 3143/6/2 3140/6/2 3144/6/2
f 3141/8/2 3142/8/2 3145/8/2
f 3145/8/2 3142/8/2 3146/8/2
f 3143/7/2 3144/7/2 3147/7/2
f 3147/7/2 3144/7/2 3148/7/2
f 3141/8/2 3145/8/2 3149/8/2
f 3149/8/2 3145/8/2 3150/8/2
f 3147/6/2 3148/6/2 3151/6/2
f 3151/6/2 3148/6/2 3152/6/2
f 3156/6/2 3157/6/2 3158/6/2
f 3155/7/2 3156/7/2 3158/7/2
f 3154/7/2 3155/7/2 3158/7/2
f 3158/6/2 3157/6/2 3159/6/2
f 3153/6/2 3154/6/2 3163/6/2
f 3154/7/2 3158/7/2 3163/7/2
f 3158/7/2 3159/7/2 3163/7/2
f 3163/7/2 3159/7/2 3164/7/2
f 3161/6/2 3162/6/2 3165/6/2
f 3165/6/2 3162/6/2 3166/6/2
f 3153/6/2 3163/6/2 3167/6/2
f 3163/6/2 3164/6/2 3167/6/2
f 3164/7/2 3159/7/2 3168/7/2
f 3167/6/2 3164/6/2 3168/6/2
f 3159/6/2 3160/6/2 3169/6/2
f 3168/7/2 3159/7/2 3169/7/2
f 3169/6/2 3160/6/2 3170/6/2
f 3165/10/2 3166/10/2 3171/10/2
f 3171/10/2 3166/10/2 3172/10/2
f 3171/7/2 3172/7/2 3177/7/2
f 3177/7/2 3172/7/2 3178/7/2
f 3173/7/2 3174/7/2 3179/7/2
f 3179/7/2 3174/7/2 3180/7/2
f 3175/6/2 3176/6/2 3181/6/2
f 3181/6/2 3176/6/2 3182/6/2
f 3181/7/2 3182/7/2 3187/7/2
f 3187/7/2 3182/7/2 3188/7/2
f 3183/7/2 3184/7/2 3192/7/2
f 3192/7/2 3184/7/2 3193/7/2
f 3185/13/2 3186/13/2 3194/13/2
f 3194/13/2 3186/13/2 3195/13/2
f 3189/13/2 3190/13/2 3196/13/2
f 3196/13/2 3190/13/2 3197/13/2
f 3191/11/2 3192/11/2 3198/11/2
f 3198/11/2 3192/11/2 3199/11/2
f 3200/8/2 3201/8/2 3205/8/2
f 3202/8/2 3203/8/2 3206/8/2
f 3206/8/2 3203/8/2 3207/8/2
f 3204/8/2 3205/8/2 3208/8/2
f 3205/8/2 3201/8/2 3209/8/2
f 3208/8/2 3205/8/2 3209/8/2
f 3206/6/2 3207/6/2 3210/6/2
f 3206/6/2 3210/6/2 3217/6/2
f 3210/6/2 3211/6/2 3217/6/2
f 3211/7/2 3212/7/2 3218/7/2
f 3217/6/2 3211/6/2 3218/6/2
f 3215/6/2 3216/6/2 3219/6/2
f 3218/7/2 3212/7/2 3219/7/2
f 3214/6/2 3215/6/2 3219/6/2
f 3213/6/2 3214/6/2 3219/6/2
f 3212/6/2 3213/6/2 3219/6/2
f 3219/6/2 3216/6/2 3220/6/2
f 3220/6/2 3216/6/2 3221/6/2
f 3221/6/2 3216/6/2 3222/6/2
f 3222/6/2 3216/6/2 3223/6/2
f 3222/8/2 3223/8/2 3224/8/2
f 3224/8/2 3223/8/2 3225/8/2
f 3226/7/2 3227/7/2 3232/7/2
f 3232/7/2 3227/7/2 3233/7/2
f 3228/7/2 3229/7/2 3234/7/2
f 3234/7/2 3229/7/2 3235/7/2
f 3230/7/2 3231/7/2 3236/7/2
f 3236/7/2 3231/7/2 3237/7/2
f 3232/11/2 3233/11/2 3242/11/2
f 3242/11/2 3233/11/2 3243/11/2
f 3234/11/2 3235/11/2 3244/11/2
f 3244/11/2 3235/11/2 3245/11/2
f 3238/10/2 3239/10/2 3248/10/2
f 3239/11/2 3240/11/2 3249/11/2
f 3248/10/2 3239/10/2 3249/10/2
f 3240/13/2 3241/13/2 3250/13/2
f 3249/11/2 3240/11/2 3250/11/2
f 3250/13/2 3241/13/2 3251/13/2
f 3246/11/2 3247/11/2 3252/11/2
f 3252/11/2 3247/11/2 3253/11/2
f 3254/2/2 3255/2/2 3258/2/2
f 3258/2/2 3255/2/2 3259/2/2
f 3256/2/2 3257/2/2 3260/2/2
f 3260/2/2 3257/2/2 3261/2/2
f 3258/5/2 3259/5/2 3262/5/2
f 3262/5/2 3259/5/2 3263/5/2
f 3260/5/2 3261/5/2 3264/5/2
f 3264/5/2 3261/5/2 3265/5/2
f 3266/8/2 3267/8/2 3268/8/2
f 3268/8/2 3267/8/2 3269/8/2
f 3270/6/2 3271/6/2 3272/6/2
f 3270/6/2 3272/6/2 3274/6/2
f 3272/6/2 3273/6/2 3274/6/2
f 3274/6/2 3273/6/2 3275/6/2
f 3276/6/2 3277/6/2 3282/6/2
f 3278/6/2 3279/6/2 3283/6/2
f 3283/6/2 3279/6/2 3284/6/2
f 3280/6/2 3281/6/2 3289/6/2
f 3281/6/2 3282/6/2 3289/6/2
f 3282/6/2 3277/6/2 3290/6/2
f 3289/6/2 3282/6/2 3290/6/2
f 3284/7/2 3285/7/2 3291/7/2
f 3291/7/2 3285/7/2 3292/7/2
f 3286/6/2 3287/6/2 3297/6/2
f 3297/6/2 3287/6/2 3298/6/2
f 3288/7/2 3289/7/2 3301/7/2
f 3301/7/2 3289/7/2 3302/7/2
f 3293/11/2 3294/11/2 3303/11/2
f 3295/7/2 3296/7/2 3304/7/2
f 3298/7/2 3299/7/2 3305/7/2
f 3299/10/2 3300/10/2 3306/10/2
f 3305/7/2 3299/7/2 3306/7/2
f 3300/7/2 3301/7/2 3307/7/2
f 3306/10/2 3300/10/2 3307/10/2
f 3301/11/2 3302/11/2 3308/11/2
f 3307/7/2 3301/7/2 3308/7/2
f 3308/11/2 3302/11/2 3309/11/2
f 3293/11/2 3303/11/2 3310/11/2
f 3310/11/2 3303/11/2 3311/11/2
f 3304/7/2 3296/7/2 3312/7/2
f 3312/7/2 3296/7/2 3313/7/2
f 3314/2/2 3315/2/2 3318/2/2
f 3318/2/2 3315/2/2 3319/2/2
f 3316/2/2 3317/2/2 3320/2/2
f 3320/2/2 3317/2/2 3321/2/2
f 3322/5/2 3323/5/2 3326/5/2
f 3326/5/2 3323/5/2 3327/5/2
f 3324/5/2 3325/5/2 3328/5/2
f 3328/5/2 3325/5/2 3329/5/2
f 3330/6/2 3331/6/2 3334/6/2
f 3334/6/2 3331/6/2 3335/6/2
f 3332/6/2 3333/6/2 3336/6/2
f 3336/6/2 3333/6/2 3337/6/2
f 3338/8/2 3339/8/2 3340/8/2
f 3340/8/2 3339/8/2 3341/8/2
f 3344/6/2 3345/6/2 3348/6/2
f 3348/6/2 3345/6/2 3349/6/2
f 3346/6/2 3347/6/2 3351/6/2
f 3351/6/2 3347/6/2 3352/6/2
f 3342/8/2 3343/8/2 3353/8/2
f 3349/6/2 3350/6/2 3355/6/2
f 3348/6/2 3349/6/2 3355/6/2
f 3342/8/2 3353/8/2 3356/8/2
f 3356/8/2 3353/8/2 3357/8/2
f 3354/7/2 3355/7/2 3359/7/2
f 3355/6/2 3350/6/2 3360/6/2
f 3359/7/2 3355/7/2 3360/7/2
f 3360/6/2 3350/6/2 3361/6/2
f 3357/7/2 3358/7/2 3364/7/2
f 3364/7/2 3358/7/2 3365/7/2
f 3359/6/2 3360/6/2 3369/6/2
f 3360/7/2 3361/7/2 3370/7/2
f 3369/6/2 3360/6/2 3370/6/2
f 3370/7/2 3361/7/2 3371/7/2
f 3371/7/2 3361/7/2 3372/7/2
f 3362/7/2 3363/7/2 3374/7/2
f 3374/7/2 3363/7/2 3375/7/2
f 3365/11/2 3366/11/2 3376/11/2
f 3376/11/2 3366/11/2 3377/11/2
f 3367/6/2 3368/6/2 3378/6/2
f 3368/8/2 3369/8/2 3379/8/2
f 3378/6/2 3368/6/2 3379/6/2
f 3379/8/2 3369/8/2 3380/8/2
f 3370/7/2 3371/7/2 3381/7/2
f 3371/10/2 3372/10/2 3382/10/2
f 3381/7/2 3371/7/2 3382/7/2
f 3372/7/2 3373/7/2 3383/7/2
f 3382/10/2 3372/10/2 3383/10/2
f 3383/7/2 3373/7/2 3384/7/2
f 3377/6/2 3378/6/2 3385/6/2
f 3385/6/2 3378/6/2 3386/6/2
f 3386/6/2 3378/6/2 3387/6/2
f 3385/11/2 3386/11/2 3388/11/2
f 3386/7/2 3387/7/2 3389/7/2
f 3388/11/2 3386/11/2 3389/11/2
f 3389/7/2 3387/7/2 3390/7/2
f 3391/2/2 3392/2/2 3395/2/2
f 3395/2/2 3392/2/2 3396/2/2
f 3393/2/2 3394/2/2 3397/2/2
f 3397/2/2 3394/2/2 3398/2/2
f 3399/5/2 3400/5/2 3403/5/2
f 3403/5/2 3400/5/2 3404/5/2
f 3401/5/2 3402/5/2 3405/5/2
f 3405/5/2 3402/5/2 3406/5/2
f 3407/6/2 3408/6/2 3409/6/2
f 3409/6/2 3408/6/2 3410/6/2
f 3411/6/2 3412/6/2 3413/6/2
f 3413/6/2 3412/6/2 3414/6/2
f 3415/6/2 3416/6/2 3418/6/2
f 3418/6/2 3416/6/2 3419/6/2
f 3420/8/2 3421/8/2 3423/8/2
f 3421/6/2 3422/6/2 3423/6/2
f 3423/6/2 3422/6/2 3424/6/2
f 3418/8/2 3419/8/2 3427/8/2
f 3417/8/2 3418/8/2 3427/8/2
f 3427/8/2 3419/8/2 3428/8/2
f 3423/8/2 3424/8/2 3429/8/2
f 3420/8/2 3423/8/2 3429/8/2
f 3429/8/2 3424/8/2 3430/8/2
f 3425/6/2 3426/6/2 3431/6/2
f 3431/6/2 3426/6/2 3432/6/2
f 3427/6/2 3428/6/2 3433/6/2
f 3433/6/2 3428/6/2 3434/6/2
f 3434/6/2 3428/6/2 3435/6/2
f 3420/8/2 3429/8/2 3437/8/2
f 3431/7/2 3432/7/2 3440/7/2
f 3440/7/2 3432/7/2 3441/7/2
f 3435/6/2 3436/6/2 3442/6/2
f 3434/6/2 3435/6/2 3442/6/2
f 3442/6/2 3436/6/2 3443/6/2
f 3436/8/2 3437/8/2 3444/8/2
f 3443/6/2 3436/6/2 3444/6/2
f 3437/8/2 3429/8/2 3445/8/2
f 3444/8/2 3437/8/2 3445/8/2
f 3438/7/2 3439/7/2 3446/7/2
f 3446/7/2 3439/7/2 3447/7/2
f 3443/7/2 3444/7/2 3448/7/2
f 3448/7/2 3444/7/2 3449/7/2
f 3450/2/2 3451/2/2 3454/2/2
f 3454/2/2 3451/2/2 3455/2/2
f 3452/2/2 3453/2/2 3456/2/2
f 3456/2/2 3453/2/2 3457/2/2
f 3458/5/2 3459/5/2 3462/5/2
f 3462/5/2 3459/5/2 3463/5/2
f 3460/5/2 3461/5/2 3464/5/2
f 3464/5/2 3461/5/2 3465/5/2
f 3466/6/2 3467/6/2 3468/6/2
f 3468/6/2 3467/6/2 3469/6/2
f 3470/8/2 3471/8/2 3476/8/2
f 3471/8/2 3472/8/2 3476/8/2
f 3476/8/2 3472/8/2 3477/8/2
f 3473/8/2 3474/8/2 3479/8/2
f 3474/7/2 3475/7/2 3480/7/2
f 3479/8/2 3474/8/2 3480/8/2
f 3480/7/2 3475/7/2 3481/7/2
f 3470/8/2 3476/8/2 3482/8/2
f 3482/8/2 3476/8/2 3483/8/2
f 3476/6/2 3477/6/2 3484/6/2
f 3483/8/2 3476/8/2 3484/8/2
f 3477/8/2 3478/8/2 3485/8/2
f 3482/8/2 3483/8/2 3490/8/2
f 3483/6/2 3484/6/2 3491/6/2
f 3490/8/2 3483/8/2 3491/8/2
f 3486/7/2 3487/7/2 3492/7/2
f 3488/6/2 3489/6/2 3493/6/2
f 3493/6/2 3489/6/2 3494/6/2
f 3490/6/2 3491/6/2 3495/6/2
f 3484/6/2 3477/6/2 3496/6/2
f 3495/6/2 3491/6/2 3496/6/2
f 3477/8/2 3485/8/2 3496/8/2
f 3491/6/2 3484/6/2 3496/6/2
f 3496/8/2 3485/8/2 3497/8/2
f 3486/7/2 3492/7/2 3498/7/2
f 3498/7/2 3492/7/2 3499/7/2
f 3493/7/2 3494/7/2 3500/7/2
f 3500/7/2 3494/7/2 3501/7/2
f 3502/2/2 3503/2/2 3506/2/2
f 3506/2/2 3503/2/2 3507/2/2
f 3504/2/2 3505/2/2 3508/2/2
f 3508/2/2 3505/2/2 3509/2/2
f 3510/5/2 3511/5/2 3514/5/2
f 3514/5/2 3511/5/2 3515/5/2
f 3512/5/2 3513/5/2 3516/5/2
f 3516/5/2 3513/5/2 3517/5/2
f 3518/6/2 3519/6/2 3521/6/2
f 3519/6/2 3520/6/2 3521/6/2
f 3521/6/2 3520/6/2 3522/6/2
f 3523/8/2 3524/8/2 3526/8/2
f 3524/6/2 3525/6/2 3527/6/2
f 3526/8/2 3524/8/2 3527/8/2
f 3527/6/2 3525/6/2 3528/6/2
f 3529/7/2 3530/7/2 3535/7/2
f 3530/6/2 3531/6/2 3536/6/2
f 3535/7/2 3530/7/2 3536/7/2
f 3532/8/2 3533/8/2 3537/8/2
f 3536/6/2 3531/6/2 3537/6/2
f 3531/8/2 3532/8/2 3537/8/2
f 3537/8/2 3533/8/2 3538/8/2
f 3534/7/2 3535/7/2 3539/7/2
f 3535/6/2 3536/6/2 3540/6/2
f 3539/7/2 3535/7/2 3540/7/2
f 3539/6/2 3540/6/2 3541/6/2
f 3540/6/2 3536/6/2 3542/6/2
f 3541/6/2 3540/6/2 3542/6/2
f 3543/2/2 3544/2/2 3547/2/2
f 3547/2/2 3544/2/2 3548/2/2
f 3545/2/2 3546/2/2 3549/2/2
f 3549/2/2 3546/2/2 3550/2/2
f 3551/5/2 3552/5/2 3555/5/2
f 3555/5/2 3552/5/2 3556/5/2
f 3553/5/2 3554/5/2 3557/5/2
f 3557/5/2 3554/5/2 3558/5/2
f 3559/8/2 3560/8/2 3561/8/2
f 3561/8/2 3560/8/2 3562/8/2
f 3563/2/2 3564/2/2 3567/2/2
f 3567/2/2 3564/2/2 3568/2/2
f 3565/2/2 3566/2/2 3569/2/2
f 3569/2/2 3566/2/2 3570/2/2
f 3571/5/2 3572/5/2 3575/5/2
f 3575/5/2 3572/5/2 3576/5/2
f 3573/5/2 3574/5/2 3577/5/2
f 3577/5/2 3574/5/2 3578/5/2
f 3579/6/2 3580/6/2 3581/6/2
f 3581/6/2 3580/6/2 3582/6/2
f 3585/11/2 3586/11/2 3589/11/2
f 3589/11/2 3586/11/2 3590/11/2
f 3583/8/2 3584/8/2 3592/8/2
f 3587/6/2 3588/6/2 3593/6/2
f 3593/6/2 3588/6/2 3594/6/2
f 3590/13/2 3591/13/2 3595/13/2
f 3595/13/2 3591/13/2 3596/13/2
f 3592/8/2 3584/8/2 3599/8/2
f 3599/8/2 3584/8/2 3600/8/2
f 3597/6/2 3598/6/2 3604/6/2
f 3604/6/2 3598/6/2 3605/6/2
f 3600/6/2 3601/6/2 3608/6/2
f 3608/6/2 3601/6/2 3609/6/2
f 3602/11/2 3603/11/2 3610/11/2
f 3606/13/2 3607/13/2 3611/13/2
f 3611/13/2 3607/13/2 3612/13/2
f 3610/11/2 3603/11/2 3613/11/2
f 3613/11/2 3603/11/2 3614/11/2
f 3615/2/2 3616/2/2 3619/2/2
f 3619/2/2 3616/2/2 3620/2/2
f 3617/2/2 3618/2/2 3621/2/2
f 3621/2/2 3618/2/2 3622/2/2
f 3623/5/2 3624/5/2 3627/5/2
f 3627/5/2 3624/5/2 3628/5/2
f 3625/5/2 3626/5/2 3629/5/2
f 3629/5/2 3626/5/2 3630/5/2
f 3631/8/2 3632/8/2 3635/8/2
f 3635/8/2 3632/8/2 3636/8/2
f 3633/6/2 3634/6/2 3637/6/2
f 3637/6/2 3634/6/2 3638/6/2
f 3639/8/2 3640/8/2 3645/8/2
f 3645/8/2 3640/8/2 3646/8/2
f 3641/8/2 3642/8/2 3649/8/2
f 3649/8/2 3642/8/2 3650/8/2
f 3643/13/2 3644/13/2 3651/13/2
f 3651/13/2 3644/13/2 3652/13/2
f 3647/6/2 3648/6/2 3653/6/2
f 3653/6/2 3648/6/2 3654/6/2
f 3655/13/2 3656/13/2 3663/13/2
f 3656/11/2 3657/11/2 3664/11/2
f 3663/13/2 3656/13/2 3664/13/2
f 3657/7/2 3658/7/2 3665/7/2
f 3664/11/2 3657/11/2 3665/11/2
f 3665/7/2 3658/7/2 3666/7/2
f 3659/10/2 3660/10/2 3667/10/2
f 3660/11/2 3661/11/2 3668/11/2
f 3667/10/2 3660/10/2 3668/10/2
f 3661/13/2 3662/13/2 3669/13/2
f 3668/11/2 3661/11/2 3669/11/2
f 3669/13/2 3662/13/2 3670/13/2
f 3671/2/2 3672/2/2 3675/2/2
f 3675/2/2 3672/2/2 3676/2/2
f 3673/2/2 3674/2/2 3677/2/2
f 3677/2/2 3674/2/2 3678/2/2
f 3679/5/2 3680/5/2 3683/5/2
f 3683/5/2 3680/5/2 3684/5/2
f 3681/5/2 3682/5/2 3685/5/2
f 3685/5/2 3682/5/2 3686/5/2
f 3687/6/2 3688/6/2 3693/6/2
f 3693/6/2 3688/6/2 3694/6/2
f 3691/6/2 3692/6/2 3698/6/2
f 3698/6/2 3692/6/2 3699/6/2
f 3694/6/2 3695/6/2 3700/6/2
f 3700/6/2 3695/6/2 3701/6/2
f 3696/8/2 3697/8/2 3702/8/2
f 3689/6/2 3690/6/2 3703/6/2
f 3703/6/2 3690/6/2 3704/6/2
f 3698/7/2 3699/7/2 3707/7/2
f 3707/7/2 3699/7/2 3708/7/2
f 3696/8/2 3702/8/2 3712/8/2
f 3712/8/2 3702/8/2 3713/8/2
f 3703/8/2 3704/8/2 3714/8/2
f 3714/8/2 3704/8/2 3715/8/2
f 3705/6/2 3706/6/2 3716/6/2
f 3709/8/2 3710/8/2 3718/8/2
f 3710/6/2 3711/6/2 3719/6/2
f 3718/8/2 3710/8/2 3719/8/2
f 3719/6/2 3711/6/2 3720/6/2
f 3712/6/2 3713/6/2 3721/6/2
f 3721/6/2 3713/6/2 3722/6/2
f 3705/6/2 3716/6/2 3729/6/2
f 3716/7/2 3717/7/2 3730/7/2
f 3729/6/2 3716/6/2 3730/6/2
f 3723/11/2 3724/11/2 3733/11/2
f 3725/13/2 3726/13/2 3734/13/2
f 3733/11/2 3724/11/2 3734/11/2
f 3724/13/2 3725/13/2 3734/13/2
f 3726/11/2 3727/11/2 3735/11/2
f 3734/13/2 3726/13/2 3735/13/2
f 3727/7/2 3728/7/2 3736/7/2
f 3735/11/2 3727/11/2 3736/11/2
f 3736/7/2 3728/7/2 3737/7/2
f 3730/7/2 3717/7/2 3738/7/2
f 3738/7/2 3717/7/2 3739/7/2
f 3731/13/2 3732/13/2 3740/13/2
f 3740/13/2 3732/13/2 3741/13/2
f 3742/2/2 3743/2/2 3746/2/2
f 3746/2/2 3743/2/2 3747/2/2
f 3744/2/2 3745/2/2 3748/2/2
f 3748/2/2 3745/2/2 3749/2/2
f 3750/5/2 3751/5/2 3754/5/2
f 3754/5/2 3751/5/2 3755/5/2
f 3752/5/2 3753/5/2 3756/5/2
f 3756/5/2 3753/5/2 3757/5/2
f 3758/6/2 3759/6/2 3760/6/2
f 3760/6/2 3759/6/2 3761/6/2
f 3762/6/2 3763/6/2 3764/6/2
f 3764/6/2 3763/6/2 3765/6/2
f 3766/6/2 3767/6/2 3772/6/2
f 3772/6/2 3767/6/2 3773/6/2
f 3768/8/2 3769/8/2 3777/8/2
f 3777/8/2 3769/8/2 3778/8/2
f 3770/8/2 3771/8/2 3779/8/2
f 3774/8/2 3775/8/2 3780/8/2
f 3780/8/2 3775/8/2 3781/8/2
f 3775/6/2 3776/6/2 3782/6/2
f 3781/8/2 3775/8/2 3782/8/2
f 3777/8/2 3778/8/2 3783/8/2
f 3783/8/2 3778/8/2 3784/8/2
f 3770/8/2 3779/8/2 3787/8/2
f 3787/8/2 3779/8/2 3788/8/2
f 3780/8/2 3781/8/2 3793/8/2
f 3781/6/2 3782/6/2 3794/6/2
f 3793/8/2 3781/8/2 3794/8/2
f 3782/6/2 3776/6/2 3795/6/2
f 3794/6/2 3782/6/2 3795/6/2
f 3795/6/2 3776/6/2 3796/6/2
f 3785/6/2 3786/6/2 3799/6/2
f 3799/6/2 3786/6/2 3800/6/2
f 3789/6/2 3790/6/2 3801/6/2
f 3801/6/2 3790/6/2 3802/6/2
f 3791/11/2 3792/11/2 3804/11/2
f 3804/11/2 3792/11/2 3805/11/2
f 3795/6/2 3796/6/2 3808/6/2
f 3808/6/2 3796/6/2 3809/6/2
f 3783/6/2 3784/6/2 3810/6/2
f 3810/6/2 3784/6/2 3811/6/2
f 3799/7/2 3800/7/2 3812/7/2
f 3812/7/2 3800/7/2 3813/7/2
f 3802/7/2 3803/7/2 3814/7/2
f 3805/11/2 3806/11/2 3817/11/2
f 3806/7/2 3807/7/2 3818/7/2
f 3817/11/2 3806/11/2 3818/11/2
f 3818/7/2 3807/7/2 3819/7/2
f 3808/7/2 3809/7/2 3820/7/2
f 3820/7/2 3809/7/2 3821/7/2
f 3797/7/2 3798/7/2 3824/7/2
f 3824/7/2 3798/7/2 3825/7/2
f 3802/7/2 3814/7/2 3826/7/2
f 3814/11/2 3815/11/2 3827/11/2
f 3826/7/2 3814/7/2 3827/7/2
f 3815/13/2 3816/13/2 3828/13/2
f 3827/11/2 3815/11/2 3828/11/2
f 3828/13/2 3816/13/2 3829/13/2
f 3821/11/2 3822/11/2 3830/11/2
f 3830/11/2 3822/11/2 3831/11/2
f 3823/11/2 3824/11/2 3832/11/2
f 3832/11/2 3824/11/2 3833/11/2
f 3834/2/2 3835/2/2 3838/2/2
f 3838/2/2 3835/2/2 3839/2/2
f 3836/2/2 3837/2/2 3840/2/2
f 3840/2/2 3837/2/2 3841/2/2
f 3842/5/2 3843/5/2 3846/5/2
f 3846/5/2 3843/5/2 3847/5/2
f 3844/5/2 3845/5/2 3848/5/2
f 3848/5/2 3845/5/2 3849/5/2
f 3850/6/2 3851/6/2 3854/6/2
f 3854/6/2 3851/6/2 3855/6/2
f 3852/6/2 3853/6/2 3856/6/2
f 3856/6/2 3853/6/2 3857/6/2
f 3858/8/2 3859/8/2 3868/8/2
f 3868/8/2 3859/8/2 3869/8/2
f 3869/8/2 3859/8/2 3870/8/2
f 3860/8/2 3861/8/2 3872/8/2
f 3872/8/2 3861/8/2 3873/8/2
f 3862/6/2 3863/6/2 3877/6/2
f 3864/6/2 3865/6/2 3878/6/2
f 3878/6/2 3865/6/2 3879/6/2
f 3866/6/2 3867/6/2 3880/6/2
f 3868/8/2 3869/8/2 3881/8/2
f 3881/8/2 3869/8/2 3882/8/2
f 3871/8/2 3872/8/2 3885/8/2
f 3885/8/2 3872/8/2 3886/8/2
f 3874/6/2 3875/6/2 3887/6/2
f 3876/6/2 3877/6/2 3888/6/2
f 3877/6/2 3863/6/2 3888/6/2
f 3888/6/2 3863/6/2 3889/6/2
f 3878/7/2 3879/7/2 3892/7/2
f 3866/6/2 3880/6/2 3893/6/2
f 3893/6/2 3880/6/2 3894/6/2
f 3881/6/2 3882/6/2 3898/6/2
f 3898/6/2 3882/6/2 3899/6/2
f 3883/6/2 3884/6/2 3900/6/2
f 3900/6/2 3884/6/2 3901/6/2
f 3885/6/2 3886/6/2 3902/6/2
f 3902/6/2 3886/6/2 3903/6/2
f 3874/6/2 3887/6/2 3904/6/2
f 3876/6/2 3888/6/2 3905/6/2
f 3890/7/2 3891/7/2 3906/7/2
f 3906/7/2 3891/7/2 3907/7/2
f 3892/7/2 3879/7/2 3910/7/2
f 3910/7/2 3879/7/2 3911/7/2
f 3895/6/2 3896/6/2 3912/6/2
f 3896/7/2 3897/7/2 3913/7/2
f 3912/6/2 3896/6/2 3913/6/2
f 3897/7/2 3898/7/2 3913/7/2
f 3913/7/2 3898/7/2 3914/7/2
f 3914/7/2 3898/7/2 3915/7/2
f 3915/7/2 3898/7/2 3916/7/2
f 3900/11/2 3901/11/2 3917/11/2
f 3904/6/2 3905/6/2 3920/6/2
f 3874/6/2 3904/6/2 3920/6/2
f 3905/6/2 3888/6/2 3921/6/2
f 3920/6/2 3905/6/2 3921/6/2
f 3907/7/2 3908/7/2 3922/7/2
f 3908/11/2 3909/11/2 3923/11/2
f 3922/7/2 3908/7/2 3923/7/2
f 3909/13/2 3910/13/2 3924/13/2
f 3923/11/2 3909/11/2 3924/11/2
f 3924/13/2 3910/13/2 3925/13/2
f 3914/7/2 3915/7/2 3926/7/2
f 3926/7/2 3915/7/2 3927/7/2
f 3900/11/2 3917/11/2 3928/11/2
f 3928/11/2 3917/11/2 3929/11/2
f 3918/7/2 3919/7/2 3932/7/2
f 3932/7/2 3919/7/2 3933/7/2
f 3930/13/2 3931/13/2 3934/13/2
f 3929/13/2 3930/13/2 3934/13/2
f 3931/11/2 3932/11/2 3935/11/2
f 3934/13/2 3931/13/2 3935/13/2
f 3935/11/2 3932/11/2 3936/11/2
f 3937/2/2 3938/2/2 3941/2/2
f 3941/2/2 3938/2/2 3942/2/2
f 3939/2/2 3940/2/2 3943/2/2
f 3943/2/2 3940/2/2 3944/2/2
f 3945/5/2 3946/5/2 3949/5/2
f 3949/5/2 3946/5/2 3950/5/2
f 3947/5/2 3948/5/2 3951/5/2
f 3951/5/2 3948/5/2 3952/5/2
f 3953/6/2 3954/6/2 3968/6/2
f 3968/6/2 3954/6/2 3969/6/2
f 3955/8/2 3956/8/2 3971/8/2
f 3971/8/2 3956/8/2 3972/8/2
f 3957/8/2 3958/8/2 3973/8/2
f 3958/6/2 3959/6/2 3974/6/2
f 3973/8/2 3958/8/2 3974/8/2
f 3974/6/2 3959/6/2 3975/6/2
f 3960/8/2 3961/8/2 3978/8/2
f 3978/8/2 3961/8/2 3979/8/2
f 3979/8/2 3961/8/2 3980/8/2
f 3962/8/2 3963/8/2 3981/8/2
f 3963/6/2 3964/6/2 3982/6/2
f 3981/8/2 3963/8/2 3982/8/2
f 3982/6/2 3964/6/2 3983/6/2
f 3983/6/2 3964/6/2 3984/6/2
f 3984/6/2 3964/6/2 3985/6/2
f 3965/8/2 3966/8/2 3986/8/2
f 3966/6/2 3967/6/2 3987/6/2
f 3986/8/2 3966/8/2 3987/8/2
f 3987/6/2 3967/6/2 3988/6/2
f 3969/6/2 3970/6/2 3989/6/2
f 3989/6/2 3970/6/2 3990/6/2
f 3971/6/2 3972/6/2 3991/6/2
f 3975/6/2 3976/6/2 3992/6/2
f 3974/6/2 3975/6/2 3992/6/2
f 3992/6/2 3976/6/2 3993/6/2
f 3993/6/2 3976/6/2 3994/6/2
f 3977/6/2 3978/6/2 3996/6/2
f 3978/6/2 3979/6/2 3996/6/2
f 3982/6/2 3983/6/2 3997/6/2
f 3983/7/2 3984/7/2 3998/7/2
f 3997/6/2 3983/6/2 3998/6/2
f 3987/7/2 3988/7/2 3999/7/2
f 3986/7/2 3987/7/2 3999/7/2
f 3999/7/2 3988/7/2 4000/7/2
f 3988/6/2 3967/6/2 4001/6/2
f 4000/7/2 3988/7/2 4001/7/2
f 4001/6/2 3967/6/2 4002/6/2
f 3989/7/2 3990/7/2 4003/7/2
f 3990/7/2 3991/7/2 4003/7/2
f 3991/6/2 3972/6/2 4004/6/2
f 4003/7/2 3991/7/2 4004/7/2
f 4004/6/2 3972/6/2 4005/6/2
f 3993/6/2 3994/6/2 4006/6/2
f 4006/6/2 3994/6/2 4007/6/2
f 3995/7/2 3996/7/2 4008/7/2
f 3996/6/2 3979/6/2 4009/6/2
f 4008/7/2 3996/7/2 4009/7/2
f 4009/6/2 3979/6/2 4010/6/2
f 3997/7/2 3998/7/2 4011/7/2
f 3998/7/2 3984/7/2 4012/7/2
f 4011/7/2 3998/7/2 4012/7/2
f 4001/7/2 4002/7/2 4013/7/2
f 4000/7/2 4001/7/2 4013/7/2
f 4013/7/2 4002/7/2 4014/7/2
f 4006/7/2 4007/7/2 4015/7/2
f 4008/11/2 4009/11/2 4016/11/2
f 4015/7/2 4007/7/2 4016/7/2
f 4007/11/2 4008/11/2 4016/11/2
f 4016/11/2 4009/11/2 4017/11/2
f 4017/11/2 4009/11/2 4018/11/2
f 4015/11/2 4016/11/2 4019/11/2
f 4016/13/2 4017/13/2 4020/13/2
f 4019/11/2 4016/11/2 4020/11/2
f 4020/13/2 4017/13/2 4021/13/2
f 4022/6/2 4023/6/2 4026/6/2
f 4026/6/2 4023/6/2 4027/6/2
f 4024/6/2 4025/6/2 4028/6/2
f 4028/6/2 4025/6/2 4029/6/2
f 4029/6/2 4025/6/2 4030/6/2
f 4030/6/2 4025/6/2 4031/6/2
f 4027/6/2 4023/6/2 4032/6/2
f 4032/6/2 4023/6/2 4033/6/2
f 4029/6/2 4030/6/2 4034/6/2
f 4034/6/2 4030/6/2 4035/6/2
f 4035/6/2 4030/6/2 4036/6/2
f 4034/7/2 4035/7/2 4037/7/2
f 4037/7/2 4035/7/2 4038/7/2
f 4039/3/2 4040/3/2 4043/3/2
f 4043/3/2 4040/3/2 4044/3/2
f 4044/3/2 4040/3/2 4045/3/2
f 4045/3/2 4040/3/2 4046/3/2
f 4046/3/2 4040/3/2 4047/3/2
f 4047/3/2 4040/3/2 4048/3/2
f 4041/3/2 4042/3/2 4049/3/2
f 4049/3/2 4042/3/2 4050/3/2
f 4050/3/2 4042/3/2 4051/3/2
f 4051/3/2 4042/3/2 4052/3/2
f 4052/3/2 4042/3/2 4053/3/2
f 4053/3/2 4042/3/2 4054/3/2
f 4044/3/2 4045/3/2 4057/3/2
f 4057/3/2 4045/3/2 4058/3/2
f 4045/1/2 4046/1/2 4059/1/2
f 4058/3/2 4045/3/2 4059/3/2
f 4046/3/2 4047/3/2 4060/3/2
f 4059/1/2 4046/1/2 4060/1/2
f 4060/3/2 4047/3/2 4061/3/2
f 4061/3/2 4047/3/2 4062/3/2
f 4047/1/2 4048/1/2 4063/1/2
f 4062/3/2 4047/3/2 4063/3/2
f 4049/1/2 4050/1/2 4064/1/2
f 4050/3/2 4051/3/2 4064/3/2
f 4064/3/2 4051/3/2 4065/3/2
f 4065/3/2 4051/3/2 4066/3/2
f 4051/1/2 4052/1/2 4067/1/2
f 4066/3/2 4051/3/2 4067/3/2
f 4052/3/2 4053/3/2 4068/3/2
f 4067/1/2 4052/1/2 4068/1/2
f 4068/3/2 4053/3/2 4069/3/2
f 4055/3/2 4056/3/2 4072/3/2
f 4058/1/2 4059/1/2 4074/1/2
f 4059/1/2 4060/1/2 4074/1/2
f 4060/1/2 4061/1/2 4074/1/2
f 4074/1/2 4061/1/2 4075/1/2
f 4067/1/2 4068/1/2 4076/1/2
f 4066/1/2 4067/1/2 4076/1/2
f 4076/1/2 4068/1/2 4077/1/2
f 4070/3/2 4071/3/2 4079/3/2
f 4072/3/2 4073/3/2 4080/3/2
f 4075/1/2 4061/1/2 4082/1/2
f 4082/1/2 4061/1/2 4083/1/2
f 4083/1/2 4061/1/2 4084/1/2
f 4061/3/2 4062/3/2 4085/3/2
f 4084/1/2 4061/1/2 4085/1/2
f 4085/3/2 4062/3/2 4086/3/2
f 4064/1/2 4065/1/2 4087/1/2
f 4065/3/2 4066/3/2 4087/3/2
f 4087/3/2 4066/3/2 4088/3/2
f 4066/1/2 4076/1/2 4089/1/2
f 4089/1/2 4076/1/2 4090/1/2
f 4090/1/2 4076/1/2 4091/1/2
f 4078/3/2 4079/3/2 4093/3/2
f 4080/3/2 4081/3/2 4094/3/2
f 4083/4/2 4084/4/2 4096/4/2
f 4085/1/2 4086/1/2 4097/1/2
f 4096/4/2 4084/4/2 4097/4/2
f 4084/1/2 4085/1/2 4097/1/2
f 4066/1/2 4089/1/2 4098/1/2
f 4089/4/2 4090/4/2 4099/4/2
f 4098/1/2 4089/1/2 4099/1/2
f 4099/4/2 4090/4/2 4100/4/2
f 4092/1/2 4093/1/2 4102/1/2
f 4094/1/2 4095/1/2 4103/1/2
f 4097/1/2 4086/1/2 4105/1/2
f 4105/1/2 4086/1/2 4106/1/2
f 4086/3/2 4062/3/2 4107/3/2
f 4062/1/2 4063/1/2 4108/1/2
f 4107/3/2 4062/3/2 4108/3/2
f 4063/1/2 4048/1/2 4109/1/2
f 4108/1/2 4063/1/2 4109/1/2
f 4109/1/2 4048/1/2 4110/1/2
f 4049/1/2 4064/1/2 4111/1/2
f 4064/1/2 4087/1/2 4111/1/2
f 4087/1/2 4088/1/2 4111/1/2
f 4111/1/2 4088/1/2 4112/1/2
f 4088/3/2 4066/3/2 4113/3/2
f 4066/1/2 4098/1/2 4114/1/2
f 4113/3/2 4066/3/2 4114/3/2
f 4098/4/2 4099/4/2 4115/4/2
f 4114/1/2 4098/1/2 4115/1/2
f 4115/4/2 4099/4/2 4116/4/2
f 4101/1/2 4102/1/2 4118/1/2
f 4103/4/2 4104/4/2 4119/4/2
f 4106/1/2 4086/1/2 4121/1/2
f 4086/3/2 4107/3/2 4122/3/2
f 4121/1/2 4086/1/2 4122/1/2
f 4113/1/2 4114/1/2 4123/1/2
f 4114/1/2 4115/1/2 4123/1/2
f 4123/1/2 4115/1/2 4124/1/2
f 4117/4/2 4118/4/2 4126/4/2
f 4102/1/2 4093/1/2 4127/1/2
f 4093/3/2 4079/3/2 4127/3/2
f 4118/1/2 4102/1/2 4127/1/2
f 4079/3/2 4071/3/2 4128/3/2
f 4127/3/2 4079/3/2 4128/3/2
f 4072/3/2 4080/3/2 4129/3/2
f 4080/3/2 4094/3/2 4129/3/2
f 4094/1/2 4103/1/2 4130/1/2
f 4129/3/2 4094/3/2 4130/3/2
f 4119/4/2 4120/4/2 4131/4/2
f 4122/3/2 4107/3/2 4133/3/2
f 4133/3/2 4107/3/2 4134/3/2
f 4113/1/2 4123/1/2 4135/1/2
f 4088/3/2 4113/3/2 4135/3/2
f 4135/1/2 4123/1/2 4136/1/2
f 4125/4/2 4126/4/2 4138/4/2
f 4131/4/2 4132/4/2 4139/4/2
f 4134/3/2 4107/3/2 4141/3/2
f 4141/3/2 4107/3/2 4142/3/2
f 4112/1/2 4088/1/2 4143/1/2
f 4088/3/2 4135/3/2 4143/3/2
f 4143/3/2 4135/3/2 4144/3/2
f 4144/3/2 4135/3/2 4145/3/2
f 4145/3/2 4135/3/2 4146/3/2
f 4137/4/2 4138/4/2 4148/4/2
f 4126/4/2 4118/4/2 4149/4/2
f 4118/1/2 4127/1/2 4149/1/2
f 4148/4/2 4138/4/2 4149/4/2
f 4127/1/2 4128/1/2 4149/1/2
f 4138/4/2 4126/4/2 4149/4/2
f 4149/1/2 4128/1/2 4150/1/2
f 4130/1/2 4103/1/2 4151/1/2
f 4129/1/2 4130/1/2 4151/1/2
f 4139/4/2 4140/4/2 4152/4/2
f 4151/1/2 4103/1/2 4152/1/2
f 4103/4/2 4119/4/2 4152/4/2
f 4119/4/2 4131/4/2 4152/4/2
f 4131/4/2 4139/4/2 4152/4/2
f 4152/4/2 4140/4/2 4153/4/2
f 4142/3/2 4107/3/2 4155/3/2
f 4155/3/2 4107/3/2 4156/3/2
f 4107/1/2 4108/1/2 4157/1/2
f 4108/1/2 4109/1/2 4157/1/2
f 4109/4/2 4110/4/2 4158/4/2
f 4157/1/2 4109/1/2 4158/1/2
f 4143/1/2 4144/1/2 4159/1/2
f 4111/4/2 4112/4/2 4159/4/2
f 4112/1/2 4143/1/2 4159/1/2
f 4159/1/2 4144/1/2 4160/1/2
f 4144/3/2 4145/3/2 4161/3/2
f 4161/3/2 4145/3/2 4162/3/2
f 4147/4/2 4148/4/2 4164/4/2
f 4149/4/2 4150/4/2 4164/4/2
f 4148/4/2 4149/4/2 4164/4/2
f 4153/1/2 4154/1/2 4165/1/2
f 4156/3/2 4107/3/2 4167/3/2
f 4167/3/2 4107/3/2 4168/3/2
f 4107/1/2 4157/1/2 4169/1/2
f 4168/3/2 4107/3/2 4169/3/2
f 4144/3/2 4161/3/2 4170/3/2
f 4160/1/2 4144/1/2 4170/1/2
f 4170/3/2 4161/3/2 4171/3/2
f 4163/4/2 4164/4/2 4173/4/2
f 4150/1/2 4128/1/2 4174/1/2
f 4128/3/2 4071/3/2 4175/3/2
f 4174/1/2 4128/1/2 4175/1/2
f 4165/1/2 4166/1/2 4176/1/2
f 4168/1/2 4169/1/2 4178/1/2
f 4169/1/2 4157/1/2 4179/1/2
f 4178/1/2 4169/1/2 4179/1/2
f 4158/4/2 4110/4/2 4180/4/2
f 4157/4/2 4158/4/2 4180/4/2
f 4180/4/2 4110/4/2 4181/4/2
f 4159/4/2 4160/4/2 4182/4/2
f 4111/4/2 4159/4/2 4182/4/2
f 4182/4/2 4160/4/2 4183/4/2
f 4160/1/2 4170/1/2 4184/1/2
f 4184/1/2 4170/1/2 4185/1/2
f 4172/1/2 4173/1/2 4187/1/2
f 4055/3/2 4072/3/2 4188/3/2
f 4072/3/2 4129/3/2 4188/3/2
f 4129/1/2 4151/1/2 4189/1/2
f 4188/3/2 4129/3/2 4189/3/2
f 4176/3/2 4177/3/2 4190/3/2
f 4179/1/2 4157/1/2 4192/1/2
f 4157/4/2 4180/4/2 4193/4/2
f 4192/1/2 4157/1/2 4193/1/2
f 4193/4/2 4180/4/2 4194/4/2
f 4183/4/2 4160/4/2 4195/4/2
f 4160/1/2 4184/1/2 4196/1/2
f 4195/4/2 4160/4/2 4196/4/2
f 4196/1/2 4184/1/2 4197/1/2
f 4186/3/2 4187/3/2 4199/3/2
f 4190/3/2 4191/3/2 4200/3/2
f 4176/3/2 4190/3/2 4200/3/2
f 4200/3/2 4191/3/2 4201/3/2
f 4198/3/2 4199/3/2 4208/3/2
f 4199/3/2 4187/3/2 4209/3/2
f 4208/3/2 4199/3/2 4209/3/2
f 4165/1/2 4176/1/2 4210/1/2
f 4176/3/2 4200/3/2 4210/3/2
f 4210/3/2 4200/3/2 4211/3/2
f 4202/1/2 4203/1/2 4213/1/2
f 4203/4/2 4204/4/2 4214/4/2
f 4205/4/2 4206/4/2 4217/4/2
f 4206/1/2 4207/1/2 4218/1/2
f 4209/3/2 4187/3/2 4220/3/2
f 4187/1/2 4173/1/2 4221/1/2
f 4220/3/2 4187/3/2 4221/3/2
f 4173/4/2 4164/4/2 4222/4/2
f 4221/1/2 4173/1/2 4222/1/2
f 4164/4/2 4150/4/2 4223/4/2
f 4222/4/2 4164/4/2 4223/4/2
f 4055/3/2 4188/3/2 4224/3/2
f 4188/1/2 4189/1/2 4224/1/2
f 4189/1/2 4151/1/2 4225/1/2
f 4224/1/2 4189/1/2 4225/1/2
f 4153/1/2 4165/1/2 4226/1/2
f 4165/1/2 4210/1/2 4226/1/2
f 4226/1/2 4210/1/2 4227/1/2
f 4212/1/2 4213/1/2 4229/1/2
f 4218/1/2 4219/1/2 4230/1/2
f 4221/1/2 4222/1/2 4232/1/2
f 4222/1/2 4223/1/2 4232/1/2
f 4232/1/2 4223/1/2 4233/1/2
f 4151/4/2 4152/4/2 4234/4/2
f 4152/4/2 4153/4/2 4234/4/2
f 4225/1/2 4151/1/2 4234/1/2
f 4234/4/2 4153/4/2 4235/4/2
f 4153/1/2 4226/1/2 4236/1/2
f 4235/4/2 4153/4/2 4236/4/2
f 4236/1/2 4226/1/2 4237/1/2
f 4228/3/2 4229/3/2 4239/3/2
f 4230/3/2 4231/3/2 4240/3/2
f 4233/1/2 4223/1/2 4242/1/2
f 4223/4/2 4150/4/2 4243/4/2
f 4242/1/2 4223/1/2 4243/1/2
f 4235/4/2 4236/4/2 4244/4/2
f 4244/4/2 4236/4/2 4245/4/2
f 4238/3/2 4239/3/2 4247/3/2
f 4229/1/2 4213/1/2 4248/1/2
f 4239/3/2 4229/3/2 4248/3/2
f 4247/3/2 4239/3/2 4248/3/2
f 4213/1/2 4203/1/2 4249/1/2
f 4248/1/2 4213/1/2 4249/1/2
f 4214/4/2 4215/4/2 4250/4/2
f 4249/1/2 4203/1/2 4250/1/2
f 4203/4/2 4214/4/2 4250/4/2
f 4250/4/2 4215/4/2 4251/4/2
f 4218/1/2 4230/1/2 4252/1/2
f 4206/1/2 4218/1/2 4252/1/2
f 4240/3/2 4241/3/2 4253/3/2
f 4252/1/2 4230/1/2 4253/1/2
f 4230/3/2 4240/3/2 4253/3/2
f 4253/3/2 4241/3/2 4254/3/2
f 4243/4/2 4150/4/2 4256/4/2
f 4256/4/2 4150/4/2 4257/4/2
f 4257/4/2 4150/4/2 4258/4/2
f 4150/1/2 4174/1/2 4259/1/2
f 4258/4/2 4150/4/2 4259/4/2
f 4235/4/2 4244/4/2 4260/4/2
f 4260/4/2 4244/4/2 4261/4/2
f 4246/3/2 4247/3/2 4263/3/2
f 4248/3/2 4249/3/2 4263/3/2
f 4247/3/2 4248/3/2 4263/3/2
f 4216/4/2 4217/4/2 4264/4/2
f 4217/4/2 4206/4/2 4264/4/2
f 4206/1/2 4252/1/2 4265/1/2
f 4264/4/2 4206/4/2 4265/4/2
f 4254/3/2 4255/3/2 4266/3/2
f 4252/3/2 4253/3/2 4266/3/2
f 4253/3/2 4254/3/2 4266/3/2
f 4257/4/2 4258/4/2 4268/4/2
f 4268/4/2 4258/4/2 4269/4/2
f 4224/3/2 4225/3/2 4270/3/2
f 4234/1/2 4235/1/2 4270/1/2
f 4225/1/2 4234/1/2 4270/1/2
f 4270/1/2 4235/1/2 4271/1/2
f 4235/4/2 4260/4/2 4272/4/2
f 4272/4/2 4260/4/2 4273/4/2
f 4262/3/2 4263/3/2 4275/3/2
f 4266/3/2 4267/3/2 4276/3/2
f 4269/4/2 4258/4/2 4278/4/2
f 4278/4/2 4258/4/2 4279/4/2
f 4259/1/2 4174/1/2 4280/1/2
f 4258/1/2 4259/1/2 4280/1/2
f 4174/3/2 4175/3/2 4281/3/2
f 4280/1/2 4174/1/2 4281/1/2
f 4271/1/2 4235/1/2 4282/1/2
f 4235/4/2 4272/4/2 4282/4/2
f 4282/4/2 4272/4/2 4283/4/2
f 4274/1/2 4275/1/2 4285/1/2
f 4216/4/2 4264/4/2 4286/4/2
f 4264/1/2 4265/1/2 4287/1/2
f 4286/4/2 4264/4/2 4287/4/2
f 4265/1/2 4252/1/2 4288/1/2
f 4287/1/2 4265/1/2 4288/1/2
f 4252/3/2 4266/3/2 4289/3/2
f 4288/1/2 4252/1/2 4289/1/2
f 4266/3/2 4276/3/2 4289/3/2
f 4276/1/2 4277/1/2 4290/1/2
f 4279/4/2 4258/4/2 4292/4/2
f 4258/1/2 4280/1/2 4293/1/2
f 4292/4/2 4258/4/2 4293/4/2
f 4270/3/2 4271/3/2 4294/3/2
f 4271/1/2 4282/1/2 4294/1/2
f 4294/1/2 4282/1/2 4295/1/2
f 4284/1/2 4285/1/2 4297/1/2
f 4250/1/2 4251/1/2 4298/1/2
f 4263/3/2 4249/3/2 4298/3/2
f 4249/1/2 4250/1/2 4298/1/2
f 4275/3/2 4263/3/2 4298/3/2
f 4298/1/2 4251/1/2 4299/1/2
f 4251/4/2 4215/4/2 4300/4/2
f 4299/1/2 4251/1/2 4300/1/2
f 4300/4/2 4215/4/2 4301/4/2
f 4290/1/2 4291/1/2 4302/1/2
f 4293/1/2 4280/1/2 4304/1/2
f 4280/3/2 4281/3/2 4305/3/2
f 4304/1/2 4280/1/2 4305/1/2
f 4224/3/2 4270/3/2 4306/3/2
f 4270/3/2 4294/3/2 4306/3/2
f 4306/3/2 4294/3/2 4307/3/2
f 4296/4/2 4297/4/2 4309/4/2
f 4297/1/2 4285/1/2 4310/1/2
f 4309/4/2 4297/4/2 4310/4/2
f 4302/4/2 4303/4/2 4311/4/2
f 4290/1/2 4302/1/2 4311/1/2
f 4311/4/2 4303/4/2 4312/4/2
f 4305/3/2 4281/3/2 4314/3/2
f 4281/3/2 4175/3/2 4315/3/2
f 4314/3/2 4281/3/2 4315/3/2
f 4055/3/2 4224/3/2 4316/3/2
f 4224/3/2 4306/3/2 4316/3/2
f 4316/3/2 4306/3/2 4317/3/2
f 4308/1/2 4309/1/2 4319/1/2
f 4309/1/2 4310/1/2 4319/1/2
f 4310/1/2 4285/1/2 4320/1/2
f 4285/1/2 4275/1/2 4320/1/2
f 4319/1/2 4310/1/2 4320/1/2
f 4298/3/2 4299/3/2 4321/3/2
f 4320/1/2 4275/1/2 4321/1/2
f 4275/3/2 4298/3/2 4321/3/2
f 4312/1/2 4313/1/2 4322/1/2
f 4289/3/2 4276/3/2 4322/3/2
f 4311/1/2 4312/1/2 4322/1/2
f 4290/1/2 4311/1/2 4322/1/2
f 4276/1/2 4290/1/2 4322/1/2
f 4288/3/2 4289/3/2 4322/3/2
f 4322/1/2 4313/1/2 4323/1/2
f 4323/1/2 4313/1/2 4324/1/2
f 4315/3/2 4175/3/2 4326/3/2
f 4175/3/2 4071/3/2 4327/3/2
f 4326/3/2 4175/3/2 4327/3/2
f 4055/3/2 4316/3/2 4328/3/2
f 4328/3/2 4316/3/2 4329/3/2
f 4318/1/2 4319/1/2 4331/1/2
f 4319/1/2 4320/1/2 4331/1/2
f 4300/1/2 4301/1/2 4332/1/2
f 4321/3/2 4299/3/2 4332/3/2
f 4320/3/2 4321/3/2 4332/3/2
f 4299/1/2 4300/1/2 4332/1/2
f 4332/1/2 4301/1/2 4333/1/2
f 4286/1/2 4287/1/2 4334/1/2
f 4287/1/2 4288/1/2 4334/1/2
f 4322/3/2 4323/3/2 4335/3/2
f 4334/1/2 4288/1/2 4335/1/2
f 4288/3/2 4322/3/2 4335/3/2
f 4324/1/2 4325/1/2 4336/1/2
f 4323/1/2 4324/1/2 4336/1/2
f 4327/3/2 4071/3/2 4338/3/2
f 4338/3/2 4071/3/2 4339/3/2
f 4330/3/2 4331/3/2 4341/3/2
f 4331/1/2 4320/1/2 4342/1/2
f 4341/3/2 4331/3/2 4342/3/2
f 4332/3/2 4333/3/2 4343/3/2
f 4342/1/2 4320/1/2 4343/1/2
f 4320/3/2 4332/3/2 4343/3/2
f 4335/3/2 4323/3/2 4344/3/2
f 4334/3/2 4335/3/2 4344/3/2
f 4323/1/2 4336/1/2 4344/1/2
f 4336/3/2 4337/3/2 4345/3/2
f 4344/1/2 4336/1/2 4345/1/2
f 4345/3/2 4337/3/2 4346/3/2
f 4340/3/2 4341/3/2 4348/3/2
f 4341/3/2 4342/3/2 4348/3/2
f 4342/3/2 4343/3/2 4348/3/2
f 4343/3/2 4333/3/2 4349/3/2
f 4348/3/2 4343/3/2 4349/3/2
f 4346/3/2 4347/3/2 4350/3/2
f 4345/3/2 4346/3/2 4350/3/2
f 4334/3/2 4344/3/2 4350/3/2
f 4344/3/2 4345/3/2 4350/3/2
f 4350/3/2 4347/3/2 4351/3/2
f 4352/5/2 4353/5/2 4354/5/2
f 4354/5/2 4353/5/2 4355/5/2
f 4352/5/2 4354/5/2 4356/5/2
f 4354/2/2 4355/2/2 4357/2/2
f 4356/5/2 4354/5/2 4357/5/2
f 4357/2/2 4355/2/2 4358/2/2
f 4358/2/2 4355/2/2 4359/2/2
f 4359/2/2 4355/2/2 4360/2/2
f 4360/2/2 4355/2/2 4361/2/2
f 4361/2/2 4355/2/2 4362/2/2
f 4362/2/2 4355/2/2 4363/2/2
f 4355/5/2 4353/5/2 4364/5/2
f 4363/2/2 4355/2/2 4364/2/2
f 4364/5/2 4353/5/2 4365/5/2
f 4356/2/2 4357/2/2 4366/2/2
f 4357/2/2 4358/2/2 4366/2/2
f 4366/2/2 4358/2/2 4367/2/2
f 4358/5/2 4359/5/2 4368/5/2
f 4367/2/2 4358/2/2 4368/2/2
f 4368/5/2 4359/5/2 4369/5/2
f 4362/5/2 4363/5/2 4372/5/2
f 4364/2/2 4365/2/2 4373/2/2
f 4363/2/2 4364/2/2 4373/2/2
f 4372/5/2 4363/5/2 4373/5/2
f 4373/2/2 4365/2/2 4374/2/2
f 4374/2/2 4365/2/2 4375/2/2
f 4366/5/2 4367/5/2 4376/5/2
f 4367/2/2 4368/2/2 4376/2/2
f 4368/2/2 4369/2/2 4376/2/2
f 4376/2/2 4369/2/2 4377/2/2
f 4369/5/2 4370/5/2 4378/5/2
f 4377/2/2 4369/2/2 4378/2/2
f 4378/5/2 4370/5/2 4379/5/2
f 4371/5/2 4372/5/2 4382/5/2
f 4373/2/2 4374/2/2 4383/2/2
f 4372/2/2 4373/2/2 4383/2/2
f 4382/5/2 4372/5/2 4383/5/2
f 4383/2/2 4374/2/2 4384/2/2
f 4374/5/2 4375/5/2 4385/5/2
f 4384/2/2 4374/2/2 4385/2/2
f 4377/2/2 4378/2/2 4386/2/2
f 4378/2/2 4379/2/2 4386/2/2
f 4386/2/2 4379/2/2 4387/2/2
f 4379/5/2 4380/5/2 4388/5/2
f 4387/2/2 4379/2/2 4388/2/2
f 4388/5/2 4380/5/2 4389/5/2
f 4381/5/2 4382/5/2 4392/5/2
f 4383/2/2 4384/2/2 4393/2/2
f 4382/2/2 4383/2/2 4393/2/2
f 4392/5/2 4382/5/2 4393/5/2
f 4393/2/2 4384/2/2 4394/2/2
f 4394/2/2 4384/2/2 4395/2/2
f 4387/2/2 4388/2/2 4396/2/2
f 4388/2/2 4389/2/2 4396/2/2
f 4396/2/2 4389/2/2 4397/2/2
f 4389/5/2 4390/5/2 4398/5/2
f 4397/2/2 4389/2/2 4398/2/2
f 4398/5/2 4390/5/2 4399/5/2
f 4391/5/2 4392/5/2 4402/5/2
f 4393/2/2 4394/2/2 4403/2/2
f 4392/2/2 4393/2/2 4403/2/2
f 4402/5/2 4392/5/2 4403/5/2
f 4403/2/2 4394/2/2 4404/2/2
f 4404/2/2 4394/2/2 4405/2/2
f 4397/2/2 4398/2/2 4406/2/2
f 4398/2/2 4399/2/2 4406/2/2
f 4406/2/2 4399/2/2 4407/2/2
f 4399/5/2 4400/5/2 4408/5/2
f 4407/2/2 4399/2/2 4408/2/2
f 4408/5/2 4400/5/2 4409/5/2
f 4401/5/2 4402/5/2 4412/5/2
f 4403/2/2 4404/2/2 4413/2/2
f 4402/2/2 4403/2/2 4413/2/2
f 4412/5/2 4402/5/2 4413/5/2
f 4413/2/2 4404/2/2 4414/2/2
f 4414/2/2 4404/2/2 4415/2/2
f 4407/2/2 4408/2/2 4416/2/2
f 4408/2/2 4409/2/2 4416/2/2
f 4416/2/2 4409/2/2 4417/2/2
f 4409/5/2 4410/5/2 4418/5/2
f 4417/2/2 4409/2/2 4418/2/2
f 4418/5/2 4410/5/2 4419/5/2
f 4411/5/2 4412/5/2 4422/5/2
f 4413/2/2 4414/2/2 4423/2/2
f 4412/2/2 4413/2/2 4423/2/2
f 4422/5/2 4412/5/2 4423/5/2
f 4423/2/2 4414/2/2 4424/2/2
f 4424/2/2 4414/2/2 4425/2/2
f 4417/2/2 4418/2/2 4426/2/2
f 4418/2/2 4419/2/2 4426/2/2
f 4426/2/2 4419/2/2 4427/2/2
f 4419/5/2 4420/5/2 4428/5/2
f 4427/2/2 4419/2/2 4428/2/2
f 4428/5/2 4420/5/2 4429/5/2
f 4421/5/2 4422/5/2 4432/5/2
f 4423/2/2 4424/2/2 4433/2/2
f 4422/2/2 4423/2/2 4433/2/2
f 4432/5/2 4422/5/2 4433/5/2
f 4433/2/2 4424/2/2 4434/2/2
f 4434/2/2 4424/2/2 4435/2/2
f 4427/2/2 4428/2/2 4436/2/2
f 4428/2/2 4429/2/2 4436/2/2
f 4436/2/2 4429/2/2 4437/2/2
f 4429/5/2 4430/5/2 4438/5/2
f 4437/2/2 4429/2/2 4438/2/2
f 4438/5/2 4430/5/2 4439/5/2
f 4431/5/2 4432/5/2 4442/5/2
f 4433/2/2 4434/2/2 4443/2/2
f 4432/2/2 4433/2/2 4443/2/2
f 4442/5/2 4432/5/2 4443/5/2
f 4443/2/2 4434/2/2 4444/2/2
f 4444/2/2 4434/2/2 4445/2/2
f 4437/2/2 4438/2/2 4446/2/2
f 4438/2/2 4439/2/2 4446/2/2
f 4446/2/2 4439/2/2 4447/2/2
f 4439/5/2 4440/5/2 4448/5/2
f 4447/2/2 4439/2/2 4448/2/2
f 4448/5/2 4440/5/2 4449/5/2
f 4441/5/2 4442/5/2 4452/5/2
f 4443/2/2 4444/2/2 4453/2/2
f 4442/2/2 4443/2/2 4453/2/2
f 4452/5/2 4442/5/2 4453/5/2
f 4453/2/2 4444/2/2 4454/2/2
f 4454/2/2 4444/2/2 4455/2/2
f 4447/2/2 4448/2/2 4456/2/2
f 4448/2/2 4449/2/2 4456/2/2
f 4456/2/2 4449/2/2 4457/2/2
f 4449/5/2 4450/5/2 4458/5/2
f 4457/2/2 4449/2/2 4458/2/2
f 4458/5/2 4450/5/2 4459/5/2
f 4451/5/2 4452/5/2 4462/5/2
f 4453/2/2 4454/2/2 4463/2/2
f 4452/2/2 4453/2/2 4463/2/2
f 4462/5/2 4452/5/2 4463/5/2
f 4463/2/2 4454/2/2 4464/2/2
f 4464/2/2 4454/2/2 4465/2/2
f 4457/2/2 4458/2/2 4466/2/2
f 4458/2/2 4459/2/2 4466/2/2
f 4466/2/2 4459/2/2 4467/2/2
f 4459/5/2 4460/5/2 4468/5/2
f 4467/2/2 4459/2/2 4468/2/2
f 4468/5/2 4460/5/2 4469/5/2
f 4461/5/2 4462/5/2 4472/5/2
f 4463/2/2 4464/2/2 4473/2/2
f 4462/2/2 4463/2/2 4473/2/2
f 4472/5/2 4462/5/2 4473/5/2
f 4473/2/2 4464/2/2 4474/2/2
f 4474/2/2 4464/2/2 4475/2/2
f 4467/2/2 4468/2/2 4476/2/2
f 4468/2/2 4469/2/2 4476/2/2
f 4476/2/2 4469/2/2 4477/2/2
f 4469/5/2 4470/5/2 4478/5/2
f 4477/2/2 4469/2/2 4478/2/2
f 4478/5/2 4470/5/2 4479/5/2
f 4360/2/2 4361/2/2 4482/2/2
f 4482/2/2 4361/2/2 4483/2/2
f 4471/5/2 4472/5/2 4486/5/2
f 4473/2/2 4474/2/2 4487/2/2
f 4472/2/2 4473/2/2 4487/2/2
f 4486/5/2 4472/5/2 4487/5/2
f 4487/2/2 4474/2/2 4488/2/2
f 4488/2/2 4474/2/2 4489/2/2
f 4477/2/2 4478/2/2 4490/2/2
f 4478/2/2 4479/2/2 4490/2/2
f 4490/2/2 4479/2/2 4491/2/2
f 4479/5/2 4480/5/2 4492/5/2
f 4491/2/2 4479/2/2 4492/2/2
f 4492/5/2 4480/5/2 4493/5/2
f 4481/5/2 4482/5/2 4494/5/2
f 4482/2/2 4483/2/2 4495/2/2
f 4494/5/2 4482/5/2 4495/5/2
f 4483/5/2 4484/5/2 4496/5/2
f 4495/2/2 4483/2/2 4496/2/2
f 4496/5/2 4484/5/2 4497/5/2
f 4485/5/2 4486/5/2 4498/5/2
f 4487/2/2 4488/2/2 4499/2/2
f 4486/2/2 4487/2/2 4499/2/2
f 4498/5/2 4486/5/2 4499/5/2
f 4499/2/2 4488/2/2 4500/2/2
f 4500/2/2 4488/2/2 4501/2/2
f 4492/2/2 4493/2/2 4502/2/2
f 4493/5/2 4494/5/2 4502/5/2
f 4494/2/2 4495/2/2 4503/2/2
f 4502/5/2 4494/5/2 4503/5/2
f 4496/2/2 4497/2/2 4503/2/2
f 4495/2/2 4496/2/2 4503/2/2
f 4497/5/2 4498/5/2 4504/5/2
f 4503/2/2 4497/2/2 4504/2/2
f 4498/2/2 4499/2/2 4505/2/2
f 4504/5/2 4498/5/2 4505/5/2
f 4491/5/2 4492/5/2 4507/5/2
f 4492/2/2 4502/2/2 4508/2/2
f 4502/2/2 4503/2/2 4508/2/2
f 4507/5/2 4492/5/2 4508/5/2
f 4503/2/2 4504/2/2 4508/2/2
f 4504/2/2 4505/2/2 4508/2/2
f 4508/2/2 4505/2/2 4509/2/2
f 4509/2/2 4505/2/2 4510/2/2
f 4510/2/2 4505/2/2 4511/2/2
f 4505/2/2 4499/2/2 4512/2/2
f 4511/2/2 4505/2/2 4512/2/2
f 4499/5/2 4500/5/2 4513/5/2
f 4512/2/2 4499/2/2 4513/2/2
f 4513/5/2 4500/5/2 4514/5/2
f 4506/5/2 4507/5/2 4517/5/2
f 4507/2/2 4508/2/2 4518/2/2
f 4508/2/2 4509/2/2 4518/2/2
f 4517/5/2 4507/5/2 4518/5/2
f 4518/2/2 4509/2/2 4519/2/2
f 4519/2/2 4509/2/2 4520/2/2
f 4510/2/2 4511/2/2 4521/2/2
f 4521/2/2 4511/2/2 4522/2/2
f 4522/2/2 4511/2/2 4523/2/2
f 4523/2/2 4511/2/2 4524/2/2
f 4512/2/2 4513/2/2 4525/2/2
f 4513/2/2 4514/2/2 4525/2/2
f 4525/2/2 4514/2/2 4526/2/2
f 4514/5/2 4515/5/2 4527/5/2
f 4526/2/2 4514/2/2 4527/2/2
f 4527/5/2 4515/5/2 4528/5/2
f 4516/5/2 4517/5/2 4531/5/2
f 4517/2/2 4518/2/2 4532/2/2
f 4518/2/2 4519/2/2 4532/2/2
f 4531/5/2 4517/5/2 4532/5/2
f 4532/2/2 4519/2/2 4533/2/2
f 4533/2/2 4519/2/2 4534/2/2
f 4527/2/2 4528/2/2 4535/2/2
f 4526/2/2 4527/2/2 4535/2/2
f 4535/2/2 4528/2/2 4536/2/2
f 4528/5/2 4529/5/2 4537/5/2
f 4536/2/2 4528/2/2 4537/2/2
f 4537/5/2 4529/5/2 4538/5/2
f 4530/5/2 4531/5/2 4541/5/2
f 4532/2/2 4533/2/2 4542/2/2
f 4531/2/2 4532/2/2 4542/2/2
f 4541/5/2 4531/5/2 4542/5/2
f 4542/2/2 4533/2/2 4543/2/2
f 4543/2/2 4533/2/2 4544/2/2
f 4537/2/2 4538/2/2 4545/2/2
f 4536/2/2 4537/2/2 4545/2/2
f 4545/2/2 4538/2/2 4546/2/2
f 4538/5/2 4539/5/2 4547/5/2
f 4546/2/2 4538/2/2 4547/2/2
f 4547/5/2 4539/5/2 4548/5/2
f 4540/5/2 4541/5/2 4551/5/2
f 4542/2/2 4543/2/2 4552/2/2
f 4541/2/2 4542/2/2 4552/2/2
f 4551/5/2 4541/5/2 4552/5/2
f 4552/2/2 4543/2/2 4553/2/2
f 4553/2/2 4543/2/2 4554/2/2
f 4547/2/2 4548/2/2 4555/2/2
f 4546/2/2 4547/2/2 4555/2/2
f 4555/2/2 4548/2/2 4556/2/2
f 4548/5/2 4549/5/2 4557/5/2
f 4556/2/2 4548/2/2 4557/2/2
f 4557/5/2 4549/5/2 4558/5/2
f 4550/5/2 4551/5/2 4561/5/2
f 4552/2/2 4553/2/2 4562/2/2
f 4551/2/2 4552/2/2 4562/2/2
f 4561/5/2 4551/5/2 4562/5/2
f 4562/2/2 4553/2/2 4563/2/2
f 4563/2/2 4553/2/2 4564/2/2
f 4557/2/2 4558/2/2 4565/2/2
f 4556/2/2 4557/2/2 4565/2/2
f 4565/2/2 4558/2/2 4566/2/2
f 4558/5/2 4559/5/2 4567/5/2
f 4566/2/2 4558/2/2 4567/2/2
f 4567/5/2 4559/5/2 4568/5/2
f 4560/5/2 4561/5/2 4571/5/2
f 4562/2/2 4563/2/2 4572/2/2
f 4561/2/2 4562/2/2 4572/2/2
f 4571/5/2 4561/5/2 4572/5/2
f 4572/2/2 4563/2/2 4573/2/2
f 4573/2/2 4563/2/2 4574/2/2
f 4567/2/2 4568/2/2 4575/2/2
f 4566/2/2 4567/2/2 4575/2/2
f 4575/2/2 4568/2/2 4576/2/2
f 4568/5/2 4569/5/2 4577/5/2
f 4576/2/2 4568/2/2 4577/2/2
f 4577/5/2 4569/5/2 4578/5/2
f 4570/5/2 4571/5/2 4581/5/2
f 4572/2/2 4573/2/2 4582/2/2
f 4571/2/2 4572/2/2 4582/2/2
f 4581/5/2 4571/5/2 4582/5/2
f 4582/2/2 4573/2/2 4583/2/2
f 4583/2/2 4573/2/2 4584/2/2
f 4577/2/2 4578/2/2 4585/2/2
f 4576/2/2 4577/2/2 4585/2/2
f 4585/2/2 4578/2/2 4586/2/2
f 4578/5/2 4579/5/2 4587/5/2
f 4586/2/2 4578/2/2 4587/2/2
f 4587/5/2 4579/5/2 4588/5/2
f 4580/5/2 4581/5/2 4591/5/2
f 4582/2/2 4583/2/2 4592/2/2
f 4581/2/2 4582/2/2 4592/2/2
f 4591/5/2 4581/5/2 4592/5/2
f 4592/2/2 4583/2/2 4593/2/2
f 4593/2/2 4583/2/2 4594/2/2
f 4587/2/2 4588/2/2 4595/2/2
f 4586/2/2 4587/2/2 4595/2/2
f 4595/2/2 4588/2/2 4596/2/2
f 4588/5/2 4589/5/2 4597/5/2
f 4596/2/2 4588/2/2 4597/2/2
f 4597/5/2 4589/5/2 4598/5/2
f 4590/5/2 4591/5/2 4601/5/2
f 4592/2/2 4593/2/2 4602/2/2
f 4591/2/2 4592/2/2 4602/2/2
f 4601/5/2 4591/5/2 4602/5/2
f 4602/2/2 4593/2/2 4603/2/2
f 4603/2/2 4593/2/2 4604/2/2
f 4597/2/2 4598/2/2 4605/2/2
f 4596/2/2 4597/2/2 4605/2/2
f 4605/2/2 4598/2/2 4606/2/2
f 4598/5/2 4599/5/2 4607/5/2
f 4606/2/2 4598/2/2 4607/2/2
f 4607/5/2 4599/5/2 4608/5/2
f 4600/5/2 4601/5/2 4611/5/2
f 4602/2/2 4603/2/2 4612/2/2
f 4601/2/2 4602/2/2 4612/2/2
f 4611/5/2 4601/5/2 4612/5/2
f 4612/2/2 4603/2/2 4613/2/2
f 4613/2/2 4603/2/2 4614/2/2
f 4607/2/2 4608/2/2 4615/2/2
f 4606/2/2 4607/2/2 4615/2/2
f 4615/2/2 4608/2/2 4616/2/2
f 4608/5/2 4609/5/2 4617/5/2
f 4616/2/2 4608/2/2 4617/2/2
f 4617/5/2 4609/5/2 4618/5/2
f 4366/5/2 4376/5/2 4620/5/2
f 4610/5/2 4611/5/2 4621/5/2
f 4612/2/2 4613/2/2 4622/2/2
f 4611/2/2 4612/2/2 4622/2/2
f 4621/5/2 4611/5/2 4622/5/2
f 4622/2/2 4613/2/2 4623/2/2
f 4623/2/2 4613/2/2 4624/2/2
f 4616/2/2 4617/2/2 4625/2/2
f 4617/2/2 4618/2/2 4625/2/2
f 4625/2/2 4618/2/2 4626/2/2
f 4618/5/2 4619/5/2 4627/5/2
f 4626/2/2 4618/2/2 4627/2/2
f 4627/5/2 4619/5/2 4628/5/2
f 4385/5/2 4375/5/2 4629/5/2
f 4620/5/2 4621/5/2 4630/5/2
f 4366/5/2 4620/5/2 4630/5/2
f 4622/2/2 4623/2/2 4631/2/2
f 4630/5/2 4621/5/2 4631/5/2
f 4621/2/2 4622/2/2 4631/2/2
f 4631/2/2 4623/2/2 4632/2/2
f 4632/2/2 4623/2/2 4633/2/2
f 4627/2/2 4628/2/2 4634/2/2
f 4626/2/2 4627/2/2 4634/2/2
f 4634/2/2 4628/2/2 4635/2/2
f 4628/5/2 4629/5/2 4636/5/2
f 4635/2/2 4628/2/2 4636/2/2
f 4629/5/2 4375/5/2 4637/5/2
f 4636/5/2 4629/5/2 4637/5/2
f 4356/2/2 4366/2/2 4638/2/2
f 4366/5/2 4630/5/2 4638/5/2
f 4631/2/2 4632/2/2 4639/2/2
f 4638/5/2 4630/5/2 4639/5/2
f 4630/2/2 4631/2/2 4639/2/2
f 4639/2/2 4632/2/2 4640/2/2
f 4522/2/2 4523/2/2 4641/2/2
f 4641/2/2 4523/2/2 4642/2/2
f 4636/2/2 4637/2/2 4643/2/2
f 4635/2/2 4636/2/2 4643/2/2
f 4637/5/2 4375/5/2 4644/5/2
f 4643/2/2 4637/2/2 4644/2/2
f 4375/2/2 4365/2/2 4645/2/2
f 4644/5/2 4375/5/2 4645/5/2
f 4640/5/2 4641/5/2 4646/5/2
f 4639/2/2 4640/2/2 4646/2/2
f 4638/2/2 4639/2/2 4646/2/2
f 4641/2/2 4642/2/2 4647/2/2
f 4646/5/2 4641/5/2 4647/5/2
f 4642/5/2 4643/5/2 4648/5/2
f 4647/2/2 4642/2/2 4648/2/2
f 4643/2/2 4644/2/2 4649/2/2
f 4648/5/2 4643/5/2 4649/5/2
f 4644/2/2 4645/2/2 4649/2/2
f 4646/2/2 4647/2/2 4650/2/2
f 4356/2/2 4638/2/2 4650/2/2
f 4648/2/2 4649/2/2 4650/2/2
f 4647/2/2 4648/2/2 4650/2/2
f 4638/2/2 4646/2/2 4650/2/2
f 4649/2/2 4645/2/2 4651/2/2
f 4650/2/2 4649/2/2 4651/2/2
f 4645/2/2 4365/2/2 4651/2/2
f 4655/5/3 4653/5/3 4652/5/3
f 4656/2/3 4654/2/3 4653/2/3
f 4656/5/3 4653/5/3 4655/5/3
f 4657/2/3 4654/2/3 4656/2/3
f 4658/2/3 4654/2/3 4657/2/3
f 4659/2/3 4656/2/3 4655/2/3
f 4659/2/3 4657/2/3 4656/2/3
f 4659/5/3 4658/5/3 4657/5/3
f 4660/5/3 4658/5/3 4659/5/3
f 4661/5/3 4658/5/3 4660/5/3
f 4662/5/3 4658/5/3 4661/5/3
f 4663/2/3 4654/2/3 4658/2/3
f 4663/5/3 4658/5/3 4662/5/3
f 4664/2/3 4659/2/3 4655/2/3
f 4664/2/3 4660/2/3 4659/2/3
f 4665/2/3 4660/2/3 4664/2/3
f 4666/2/3 4660/2/3 4665/2/3
f 4669/5/3 4662/5/3 4661/5/3
f 4670/2/3 4663/2/3 4662/2/3
f 4670/5/3 4662/5/3 4669/5/3
f 4671/2/3 4664/2/3 4655/2/3
f 4671/5/3 4665/5/3 4664/5/3
f 4672/2/3 4667/2/3 4666/2/3
f 4672/5/3 4665/5/3 4671/5/3
f 4672/2/3 4666/2/3 4665/2/3
f 4673/2/3 4667/2/3 4672/2/3
f 4674/2/3 4667/2/3 4673/2/3
f 4677/5/3 4669/5/3 4668/5/3
f 4678/2/3 4670/2/3 4669/2/3
f 4678/5/3 4669/5/3 4677/5/3
f 4679/2/3 4663/2/3 4670/2/3
f 4679/2/3 4670/2/3 4678/2/3
f 4680/2/3 4654/2/3 4663/2/3
f 4680/2/3 4663/2/3 4679/2/3
f 4681/2/3 4654/2/3 4680/2/3
f 4682/5/3 4673/5/3 4672/5/3
f 4683/2/3 4675/2/3 4674/2/3
f 4683/5/3 4673/5/3 4682/5/3
f 4683/2/3 4674/2/3 4673/2/3
f 4684/2/3 4675/2/3 4683/2/3
f 4685/2/3 4675/2/3 4684/2/3
f 4688/5/3 4677/5/3 4676/5/3
f 4689/2/3 4679/2/3 4678/2/3
f 4689/2/3 4678/2/3 4677/2/3
f 4689/5/3 4677/5/3 4688/5/3
f 4690/2/3 4679/2/3 4689/2/3
f 4691/2/3 4679/2/3 4690/2/3
f 4692/5/3 4684/5/3 4683/5/3
f 4693/2/3 4686/2/3 4685/2/3
f 4693/5/3 4684/5/3 4692/5/3
f 4693/2/3 4685/2/3 4684/2/3
f 4694/2/3 4686/2/3 4693/2/3
f 4695/2/3 4686/2/3 4694/2/3
f 4698/5/3 4688/5/3 4687/5/3
f 4699/2/3 4690/2/3 4689/2/3
f 4699/2/3 4689/2/3 4688/2/3
f 4699/5/3 4688/5/3 4698/5/3
f 4700/2/3 4690/2/3 4699/2/3
f 4701/2/3 4690/2/3 4700/2/3
f 4702/5/3 4694/5/3 4693/5/3
f 4703/2/3 4696/2/3 4695/2/3
f 4703/5/3 4694/5/3 4702/5/3
f 4703/2/3 4695/2/3 4694/2/3
f 4704/2/3 4696/2/3 4703/2/3
f 4705/2/3 4696/2/3 4704/2/3
f 4708/5/3 4698/5/3 4697/5/3
f 4709/2/3 4700/2/3 4699/2/3
f 4709/2/3 4699/2/3 4698/2/3
f 4709/5/3 4698/5/3 4708/5/3
f 4710/2/3 4700/2/3 4709/2/3
f 4711/2/3 4700/2/3 4710/2/3
f 4712/5/3 4704/5/3 4703/5/3
f 4713/2/3 4706/2/3 4705/2/3
f 4713/5/3 4704/5/3 4712/5/3
f 4713/2/3 4705/2/3 4704/2/3
f 4714/2/3 4706/2/3 4713/2/3
f 4715/2/3 4706/2/3 4714/2/3
f 4718/5/3 4708/5/3 4707/5/3
f 4719/2/3 4710/2/3 4709/2/3
f 4719/2/3 4709/2/3 4708/2/3
f 4719/5/3 4708/5/3 4718/5/3
f 4720/2/3 4710/2/3 4719/2/3
f 4721/2/3 4710/2/3 4720/2/3
f 4722/5/3 4714/5/3 4713/5/3
f 4723/2/3 4716/2/3 4715/2/3
f 4723/5/3 4714/5/3 4722/5/3
f 4723/2/3 4715/2/3 4714/2/3
f 4724/2/3 4716/2/3 4723/2/3
f 4725/2/3 4716/2/3 4724/2/3
f 4728/5/3 4718/5/3 4717/5/3
f 4729/2/3 4720/2/3 4719/2/3
f 4729/2/3 4719/2/3 4718/2/3
f 4729/5/3 4718/5/3 4728/5/3
f 4730/2/3 4720/2/3 4729/2/3
f 4731/2/3 4720/2/3 4730/2/3
f 4732/5/3 4724/5/3 4723/5/3
f 4733/2/3 4726/2/3 4725/2/3
f 4733/5/3 4724/5/3 4732/5/3
f 4733/2/3 4725/2/3 4724/2/3
f 4734/2/3 4726/2/3 4733/2/3
f 4735/2/3 4726/2/3 4734/2/3
f 4738/5/3 4728/5/3 4727/5/3
f 4739/2/3 4730/2/3 4729/2/3
f 4739/2/3 4729/2/3 4728/2/3
f 4739/5/3 4728/5/3 4738/5/3
f 4740/2/3 4730/2/3 4739/2/3
f 4741/2/3 4730/2/3 4740/2/3
f 4742/5/3 4734/5/3 4733/5/3
f 4743/2/3 4736/2/3 4735/2/3
f 4743/5/3 4734/5/3 4742/5/3
f 4743/2/3 4735/2/3 4734/2/3
f 4744/2/3 4736/2/3 4743/2/3
f 4745/2/3 4736/2/3 4744/2/3
f 4748/5/3 4738/5/3 4737/5/3
f 4749/2/3 4740/2/3 4739/2/3
f 4749/2/3 4739/2/3 4738/2/3
f 4749/5/3 4738/5/3 4748/5/3
f 4750/2/3 4740/2/3 4749/2/3
f 4751/2/3 4740/2/3 4750/2/3
f 4752/5/3 4744/5/3 4743/5/3
f 4753/2/3 4746/2/3 4745/2/3
f 4753/5/3 4744/5/3 4752/5/3
f 4753/2/3 4745/2/3 4744/2/3
f 4754/2/3 4746/2/3 4753/2/3
f 4755/2/3 4746/2/3 4754/2/3
f 4758/5/3 4748/5/3 4747/5/3
f 4759/2/3 4750/2/3 4749/2/3
f 4759/2/3 4749/2/3 4748/2/3
f 4759/5/3 4748/5/3 4758/5/3
f 4760/2/3 4750/2/3 4759/2/3
f 4761/2/3 4750/2/3 4760/2/3
f 4762/5/3 4754/5/3 4753/5/3
f 4763/2/3 4756/2/3 4755/2/3
f 4763/5/3 4754/5/3 4762/5/3
f 4763/2/3 4755/2/3 4754/2/3
f 4764/2/3 4756/2/3 4763/2/3
f 4765/2/3 4756/2/3 4764/2/3
f 4768/5/3 4758/5/3 4757/5/3
f 4769/2/3 4760/2/3 4759/2/3
f 4769/2/3 4759/2/3 4758/2/3
f 4769/5/3 4758/5/3 4768/5/3
f 4770/2/3 4760/2/3 4769/2/3
f 4771/2/3 4760/2/3 4770/2/3
f 4772/5/3 4764/5/3 4763/5/3
f 4773/2/3 4766/2/3 4765/2/3
f 4773/5/3 4764/5/3 4772/5/3
f 4773/2/3 4765/2/3 4764/2/3
f 4774/2/3 4766/2/3 4773/2/3
f 4775/2/3 4766/2/3 4774/2/3
f 4777/5/3 4768/5/3 4767/5/3
f 4778/2/3 4770/2/3 4769/2/3
f 4778/2/3 4769/2/3 4768/2/3
f 4778/5/3 4768/5/3 4777/5/3
f 4779/2/3 4770/2/3 4778/2/3
f 4780/2/3 4770/2/3 4779/2/3
f 4781/5/3 4774/5/3 4773/5/3
f 4782/2/3 4776/2/3 4775/2/3
f 4782/5/3 4774/5/3 4781/5/3
f 4782/2/3 4775/2/3 4774/2/3
f 4783/2/3 4776/2/3 4782/2/3
f 4784/5/3 4777/5/3 4776/5/3
f 4784/2/3 4776/2/3 4783/2/3
f 4785/2/3 4779/2/3 4778/2/3
f 4785/5/3 4777/5/3 4784/5/3
f 4785/2/3 4778/2/3 4777/2/3
f 4786/2/3 4779/2/3 4785/2/3
f 4787/2/3 4779/2/3 4786/2/3
f 4788/5/3 4783/5/3 4782/5/3
f 4789/2/3 4784/2/3 4783/2/3
f 4789/5/3 4783/5/3 4788/5/3
f 4789/2/3 4786/2/3 4785/2/3
f 4789/2/3 4785/2/3 4784/2/3
f 4790/2/3 4786/2/3 4789/2/3
f 4791/2/3 4786/2/3 4790/2/3
f 4792/2/3 4786/2/3 4791/2/3
f 4794/5/3 4790/5/3 4789/5/3
f 4795/2/3 4791/2/3 4790/2/3
f 4795/5/3 4790/5/3 4794/5/3
f 4796/2/3 4791/2/3 4795/2/3
f 4798/2/3 4671/2/3 4655/2/3
f 4799/5/3 4794/5/3 4793/5/3
f 4800/2/3 4797/2/3 4796/2/3
f 4800/2/3 4795/2/3 4794/2/3
f 4800/5/3 4794/5/3 4799/5/3
f 4800/2/3 4796/2/3 4795/2/3
f 4801/2/3 4797/2/3 4800/2/3
f 4802/5/3 4681/5/3 4680/5/3
f 4803/2/3 4654/2/3 4681/2/3
f 4803/5/3 4681/5/3 4802/5/3
f 4804/2/3 4799/2/3 4798/2/3
f 4804/2/3 4802/2/3 4801/2/3
f 4804/2/3 4803/2/3 4802/2/3
f 4804/2/3 4801/2/3 4800/2/3
f 4804/2/3 4800/2/3 4799/2/3
f 4804/2/3 4798/2/3 4655/2/3
f 4805/2/3 4803/2/3 4804/2/3
f 4806/2/3 4803/2/3 4805/2/3
f 4807/2/3 4803/2/3 4806/2/3
f 4808/2/3 4803/2/3 4807/2/3
f 4809/2/3 4654/2/3 4803/2/3
f 4809/2/3 4803/2/3 4808/2/3
f 4810/5/3 4806/5/3 4805/5/3
f 4811/2/3 4807/2/3 4806/2/3
f 4811/5/3 4806/5/3 4810/5/3
f 4812/2/3 4807/2/3 4811/2/3
f 4813/2/3 4807/2/3 4812/2/3
f 4814/2/3 4807/2/3 4813/2/3
f 4816/5/3 4812/5/3 4811/5/3
f 4817/2/3 4813/2/3 4812/2/3
f 4817/5/3 4812/5/3 4816/5/3
f 4818/2/3 4813/2/3 4817/2/3
f 4821/5/3 4816/5/3 4815/5/3
f 4822/2/3 4819/2/3 4818/2/3
f 4822/2/3 4817/2/3 4816/2/3
f 4822/5/3 4816/5/3 4821/5/3
f 4822/2/3 4818/2/3 4817/2/3
f 4823/2/3 4819/2/3 4822/2/3
f 4824/2/3 4819/2/3 4823/2/3
f 4825/2/3 4819/2/3 4824/2/3
f 4828/5/3 4821/5/3 4820/5/3
f 4829/2/3 4822/2/3 4821/2/3
f 4829/2/3 4823/2/3 4822/2/3
f 4829/5/3 4821/5/3 4828/5/3
f 4830/2/3 4823/2/3 4829/2/3
f 4831/5/3 4824/5/3 4823/5/3
f 4831/2/3 4823/2/3 4830/2/3
f 4832/2/3 4825/2/3 4824/2/3
f 4832/5/3 4824/5/3 4831/5/3
f 4832/2/3 4826/2/3 4825/2/3
f 4833/2/3 4826/2/3 4832/2/3
f 4834/2/3 4826/2/3 4833/2/3
f 4837/5/3 4828/5/3 4827/5/3
f 4838/2/3 4829/2/3 4828/2/3
f 4838/2/3 4830/2/3 4829/2/3
f 4838/5/3 4828/5/3 4837/5/3
f 4839/2/3 4830/2/3 4838/2/3
f 4840/2/3 4830/2/3 4839/2/3
f 4841/5/3 4833/5/3 4832/5/3
f 4842/2/3 4835/2/3 4834/2/3
f 4842/5/3 4833/5/3 4841/5/3
f 4842/2/3 4834/2/3 4833/2/3
f 4843/2/3 4835/2/3 4842/2/3
f 4844/2/3 4835/2/3 4843/2/3
f 4847/5/3 4837/5/3 4836/5/3
f 4848/2/3 4839/2/3 4838/2/3
f 4848/2/3 4838/2/3 4837/2/3
f 4848/5/3 4837/5/3 4847/5/3
f 4849/2/3 4839/2/3 4848/2/3
f 4850/2/3 4839/2/3 4849/2/3
f 4851/5/3 4843/5/3 4842/5/3
f 4852/2/3 4845/2/3 4844/2/3
f 4852/5/3 4843/5/3 4851/5/3
f 4852/2/3 4844/2/3 4843/2/3
f 4853/2/3 4845/2/3 4852/2/3
f 4854/2/3 4845/2/3 4853/2/3
f 4857/5/3 4847/5/3 4846/5/3
f 4858/2/3 4849/2/3 4848/2/3
f 4858/2/3 4848/2/3 4847/2/3
f 4858/5/3 4847/5/3 4857/5/3
f 4859/2/3 4849/2/3 4858/2/3
f 4860/2/3 4849/2/3 4859/2/3
f 4861/5/3 4853/5/3 4852/5/3
f 4862/2/3 4855/2/3 4854/2/3
f 4862/5/3 4853/5/3 4861/5/3
f 4862/2/3 4854/2/3 4853/2/3
f 4863/2/3 4855/2/3 4862/2/3
f 4864/2/3 4855/2/3 4863/2/3
f 4867/5/3 4857/5/3 4856/5/3
f 4868/2/3 4859/2/3 4858/2/3
f 4868/2/3 4858/2/3 4857/2/3
f 4868/5/3 4857/5/3 4867/5/3
f 4869/2/3 4859/2/3 4868/2/3
f 4870/2/3 4859/2/3 4869/2/3
f 4871/5/3 4863/5/3 4862/5/3
f 4872/2/3 4865/2/3 4864/2/3
f 4872/5/3 4863/5/3 4871/5/3
f 4872/2/3 4864/2/3 4863/2/3
f 4873/2/3 4865/2/3 4872/2/3
f 4874/2/3 4865/2/3 4873/2/3
f 4877/5/3 4867/5/3 4866/5/3
f 4878/2/3 4869/2/3 4868/2/3
f 4878/2/3 4868/2/3 4867/2/3
f 4878/5/3 4867/5/3 4877/5/3
f 4879/2/3 4869/2/3 4878/2/3
f 4880/2/3 4869/2/3 4879/2/3
f 4881/5/3 4873/5/3 4872/5/3
f 4882/2/3 4875/2/3 4874/2/3
f 4882/5/3 4873/5/3 4881/5/3
f 4882/2/3 4874/2/3 4873/2/3
f 4883/2/3 4875/2/3 4882/2/3
f 4884/2/3 4875/2/3 4883/2/3
f 4887/5/3 4877/5/3 4876/5/3
f 4888/2/3 4879/2/3 4878/2/3
f 4888/2/3 4878/2/3 4877/2/3
f 4888/5/3 4877/5/3 4887/5/3
f 4889/2/3 4879/2/3 4888/2/3
f 4890/2/3 4879/2/3 4889/2/3
f 4891/5/3 4883/5/3 4882/5/3
f 4892/2/3 4885/2/3 4884/2/3
f 4892/5/3 4883/5/3 4891/5/3
f 4892/2/3 4884/2/3 4883/2/3
f 4893/2/3 4885/2/3 4892/2/3
f 4894/2/3 4885/2/3 4893/2/3
f 4897/5/3 4887/5/3 4886/5/3
f 4898/2/3 4889/2/3 4888/2/3
f 4898/2/3 4888/2/3 4887/2/3
f 4898/5/3 4887/5/3 4897/5/3
f 4899/2/3 4889/2/3 4898/2/3
f 4900/2/3 4889/2/3 4899/2/3
f 4901/5/3 4893/5/3 4892/5/3
f 4902/2/3 4895/2/3 4894/2/3
f 4902/5/3 4893/5/3 4901/5/3
f 4902/2/3 4894/2/3 4893/2/3
f 4903/2/3 4895/2/3 4902/2/3
f 4904/2/3 4895/2/3 4903/2/3
f 4907/5/3 4897/5/3 4896/5/3
f 4908/2/3 4899/2/3 4898/2/3
f 4908/2/3 4898/2/3 4897/2/3
f 4908/5/3 4897/5/3 4907/5/3
f 4909/2/3 4899/2/3 4908/2/3
f 4910/2/3 4899/2/3 4909/2/3
f 4911/5/3 4903/5/3 4902/5/3
f 4912/2/3 4905/2/3 4904/2/3
f 4912/5/3 4903/5/3 4911/5/3
f 4912/2/3 4904/2/3 4903/2/3
f 4913/2/3 4905/2/3 4912/2/3
f 4914/2/3 4905/2/3 4913/2/3
f 4917/5/3 4907/5/3 4906/5/3
f 4918/2/3 4909/2/3 4908/2/3
f 4918/2/3 4908/2/3 4907/2/3
f 4918/5/3 4907/5/3 4917/5/3
f 4919/2/3 4909/2/3 4918/2/3
f 4920/2/3 4909/2/3 4919/2/3
f 4921/5/3 4913/5/3 4912/5/3
f 4922/2/3 4915/2/3 4914/2/3
f 4922/5/3 4913/5/3 4921/5/3
f 4922/2/3 4914/2/3 4913/2/3
f 4923/2/3 4915/2/3 4922/2/3
f 4924/2/3 4915/2/3 4923/2/3
f 4926/2/3 4804/2/3 4655/2/3
f 4927/5/3 4917/5/3 4916/5/3
f 4928/2/3 4919/2/3 4918/2/3
f 4928/2/3 4918/2/3 4917/2/3
f 4928/5/3 4917/5/3 4927/5/3
f 4929/2/3 4919/2/3 4928/2/3
f 4930/2/3 4919/2/3 4929/2/3
f 4931/5/3 4923/5/3 4922/5/3
f 4932/2/3 4925/2/3 4924/2/3
f 4932/5/3 4923/5/3 4931/5/3
f 4932/2/3 4924/2/3 4923/2/3
f 4933/2/3 4925/2/3 4932/2/3
f 4934/2/3 4925/2/3 4933/2/3
f 4935/5/3 4809/5/3 4808/5/3
f 4936/2/3 4654/2/3 4809/2/3
f 4936/5/3 4809/5/3 4935/5/3
f 4937/2/3 4926/2/3 4655/2/3
f 4937/5/3 4927/5/3 4926/5/3
f 4938/2/3 4929/2/3 4928/2/3
f 4938/5/3 4927/5/3 4937/5/3
f 4938/2/3 4928/2/3 4927/2/3
f 4939/2/3 4929/2/3 4938/2/3
f 4940/2/3 4929/2/3 4939/2/3
f 4941/5/3 4933/5/3 4932/5/3
f 4942/2/3 4935/2/3 4934/2/3
f 4942/5/3 4933/5/3 4941/5/3
f 4942/2/3 4934/2/3 4933/2/3
f 4942/2/3 4936/2/3 4935/2/3
f 4943/2/3 4936/2/3 4942/2/3
f 4944/2/3 4939/2/3 4938/2/3
f 4944/2/3 4938/2/3 4937/2/3
f 4945/2/3 4939/2/3 4944/2/3
f 4946/5/3 4943/5/3 4942/5/3
f 4947/2/3 4936/2/3 4943/2/3
f 4947/5/3 4943/5/3 4946/5/3
f 4948/2/3 4936/2/3 4947/2/3
f 4949/5/3 4655/5/3 4652/5/3
f 4949/2/3 4937/2/3 4655/2/3
f 4949/2/3 4944/2/3 4937/2/3
f 4950/2/3 4944/2/3 4949/2/3
f 4951/5/3 4946/5/3 4945/5/3
f 4951/2/3 4944/2/3 4950/2/3
f 4951/5/3 4948/5/3 4947/5/3
f 4951/5/3 4945/5/3 4944/5/3
f 4951/5/3 4947/5/3 4946/5/3
f 4952/2/3 4936/2/3 4948/2/3
f 4952/5/3 4948/5/3 4951/5/3
f 4953/5/3 4950/5/3 4949/5/3
f 4953/5/3 4949/5/3 4652/5/3
f 4954/2/3 4951/2/3 4950/2/3
f 4954/5/3 4950/5/3 4953/5/3
f 4954/2/3 4952/2/3 4951/2/3
f 4955/2/3 4936/2/3 4952/2/3
f 4955/2/3 4952/2/3 4954/2/3
f 4955/2/3 4654/2/3 4936/2/3
f 4958/3/3 4957/3/3 4956/3/3
f 4959/3/3 4957/3/3 4958/3/3
f 4960/3/3 4957/3/3 4959/3/3
f 4961/3/3 4957/3/3 4960/3/3
f 4962/3/3 4957/3/3 4961/3/3
f 4963/3/3 4957/3/3 4962/3/3
f 4966/3/3 4960/3/3 4959/3/3
f 4967/3/3 4960/3/3 4966/3/3
f 4968/1/3 4961/1/3 4960/1/3
f 4968/3/3 4960/3/3 4967/3/3
f 4969/3/3 4962/3/3 4961/3/3
f 4969/1/3 4961/1/3 4968/1/3
f 4970/3/3 4962/3/3 4969/3/3
f 4971/3/3 4962/3/3 4970/3/3
f 4972/3/3 4962/3/3 4971/3/3
f 4975/3/3 4965/3/3 4964/3/3
f 4977/1/3 4970/1/3 4969/1/3
f 4977/1/3 4968/1/3 4967/1/3
f 4977/1/3 4969/1/3 4968/1/3
f 4978/1/3 4970/1/3 4977/1/3
f 4979/1/3 4970/1/3 4978/1/3
f 4980/1/3 4970/1/3 4979/1/3
f 4981/3/3 4971/3/3 4970/3/3
f 4981/1/3 4970/1/3 4980/1/3
f 4982/3/3 4971/3/3 4981/3/3
f 4983/3/3 4971/3/3 4982/3/3
f 4985/3/3 4974/3/3 4973/3/3
f 4986/3/3 4976/3/3 4975/3/3
f 4986/3/3 4975/3/3 4964/3/3
f 4987/3/3 4976/3/3 4986/3/3
f 4989/1/3 4979/1/3 4978/1/3
f 4990/1/3 4979/1/3 4989/1/3
f 4991/4/3 4980/4/3 4979/4/3
f 4991/1/3 4979/1/3 4990/1/3
f 4992/1/3 4982/1/3 4981/1/3
f 4992/4/3 4980/4/3 4991/4/3
f 4992/1/3 4981/1/3 4980/1/3
f 4993/1/3 4982/1/3 4992/1/3
f 4994/1/3 4982/1/3 4993/1/3
f 4996/3/3 4985/3/3 4984/3/3
f 4997/3/3 4974/3/3 4985/3/3
f 4997/3/3 4985/3/3 4996/3/3
f 4998/1/3 4988/1/3 4987/1/3
f 4998/1/3 4987/1/3 4986/1/3
f 5000/4/3 4991/4/3 4990/4/3
f 5000/4/3 4993/4/3 4992/4/3
f 5000/4/3 4992/4/3 4991/4/3
f 5001/4/3 4993/4/3 5000/4/3
f 5002/4/3 4993/4/3 5001/4/3
f 5003/4/3 4993/4/3 5002/4/3
f 5005/1/3 4997/1/3 4996/1/3
f 5005/1/3 4996/1/3 4995/1/3
f 5006/1/3 4999/1/3 4998/1/3
f 5008/4/3 5002/4/3 5001/4/3
f 5009/4/3 5002/4/3 5008/4/3
f 5010/4/3 5002/4/3 5009/4/3
f 5011/4/3 5002/4/3 5010/4/3
f 5013/1/3 5005/1/3 5004/1/3
f 5014/4/3 5007/4/3 5006/4/3
f 5014/1/3 5006/1/3 4998/1/3
f 5015/4/3 5007/4/3 5014/4/3
f 5017/4/3 5010/4/3 5009/4/3
f 5018/4/3 5010/4/3 5017/4/3
f 5019/4/3 5010/4/3 5018/4/3
f 5020/4/3 5010/4/3 5019/4/3
f 5022/4/3 5013/4/3 5012/4/3
f 5023/1/3 5005/1/3 5013/1/3
f 5023/4/3 5013/4/3 5022/4/3
f 5024/3/3 4986/3/3 4964/3/3
f 5024/1/3 4998/1/3 4986/1/3
f 5024/1/3 5014/1/3 4998/1/3
f 5024/1/3 5015/1/3 5014/1/3
f 5025/1/3 5015/1/3 5024/1/3
f 5026/4/3 5016/4/3 5015/4/3
f 5026/1/3 5015/1/3 5025/1/3
f 5027/4/3 5016/4/3 5026/4/3
f 5029/4/3 5019/4/3 5018/4/3
f 5030/4/3 5019/4/3 5029/4/3
f 5031/4/3 5019/4/3 5030/4/3
f 5032/4/3 5019/4/3 5031/4/3
f 5033/4/3 5019/4/3 5032/4/3
f 5035/1/3 5022/1/3 5021/1/3
f 5035/1/3 5023/1/3 5022/1/3
f 5036/1/3 5005/1/3 5023/1/3
f 5036/1/3 4997/1/3 5005/1/3
f 5036/1/3 5023/1/3 5035/1/3
f 5037/3/3 4974/3/3 4997/3/3
f 5037/1/3 4997/1/3 5036/1/3
f 5038/3/3 5025/3/3 5024/3/3
f 5038/1/3 5028/1/3 5027/1/3
f 5038/1/3 5026/1/3 5025/1/3
f 5038/1/3 5027/1/3 5026/1/3
f 5039/1/3 5028/1/3 5038/1/3
f 5040/1/3 5028/1/3 5039/1/3
f 5042/4/3 5031/4/3 5030/4/3
f 5043/4/3 5031/4/3 5042/4/3
f 5044/1/3 5032/1/3 5031/1/3
f 5044/4/3 5031/4/3 5043/4/3
f 5045/1/3 5032/1/3 5044/1/3
f 5046/1/3 5032/1/3 5045/1/3
f 5048/1/3 5036/1/3 5035/1/3
f 5048/1/3 5035/1/3 5034/1/3
f 5049/3/3 5037/3/3 5036/3/3
f 5049/1/3 5036/1/3 5048/1/3
f 5050/1/3 5041/1/3 5040/1/3
f 5050/3/3 5039/3/3 5038/3/3
f 5050/1/3 5040/1/3 5039/1/3
f 5051/1/3 5041/1/3 5050/1/3
f 5053/1/3 5045/1/3 5044/1/3
f 5053/1/3 5044/1/3 5043/1/3
f 5054/1/3 5045/1/3 5053/1/3
f 5055/1/3 5045/1/3 5054/1/3
f 5056/1/3 5045/1/3 5055/1/3
f 5058/3/3 5049/3/3 5048/3/3
f 5058/3/3 5048/3/3 5047/3/3
f 5059/3/3 5052/3/3 5051/3/3
f 5059/3/3 5051/3/3 5050/3/3
f 5061/3/3 5055/3/3 5054/3/3
f 5062/3/3 5055/3/3 5061/3/3
f 5063/3/3 5055/3/3 5062/3/3
f 5064/3/3 5055/3/3 5063/3/3
f 5066/3/3 5058/3/3 5057/3/3
f 5067/3/3 5060/3/3 5059/3/3
f 5069/3/3 5063/3/3 5062/3/3
f 5070/3/3 5063/3/3 5069/3/3
f 5071/3/3 5063/3/3 5070/3/3
f 5073/3/3 5066/3/3 5065/3/3
f 5074/3/3 5059/3/3 5050/3/3
f 5074/3/3 5068/3/3 5067/3/3
f 5074/3/3 5067/3/3 5059/3/3
f 5075/3/3 5068/3/3 5074/3/3
f 5078/3/3 5073/3/3 5072/3/3
f 5079/3/3 5058/3/3 5066/3/3
f 5079/3/3 5066/3/3 5073/3/3
f 5079/3/3 5073/3/3 5078/3/3
f 5080/3/3 5050/3/3 5038/3/3
f 5080/3/3 5074/3/3 5050/3/3
f 5081/1/3 5076/1/3 5075/1/3
f 5081/3/3 5074/3/3 5080/3/3
f 5081/1/3 5075/1/3 5074/1/3
f 5082/1/3 5076/1/3 5081/1/3
f 5085/1/3 5078/1/3 5077/1/3
f 5085/1/3 5079/1/3 5078/1/3
f 5086/3/3 5058/3/3 5079/3/3
f 5086/1/3 5079/1/3 5085/1/3
f 5087/3/3 5049/3/3 5058/3/3
f 5087/3/3 5058/3/3 5086/3/3
f 5088/3/3 5080/3/3 5038/3/3
f 5088/3/3 5038/3/3 5024/3/3
f 5089/1/3 5083/1/3 5082/1/3
f 5089/3/3 5080/3/3 5088/3/3
f 5089/1/3 5082/1/3 5081/1/3
f 5089/1/3 5081/1/3 5080/1/3
f 5090/1/3 5083/1/3 5089/1/3
f 5091/1/3 5083/1/3 5090/1/3
f 5092/1/3 5086/1/3 5085/1/3
f 5092/1/3 5087/1/3 5086/1/3
f 5092/1/3 5085/1/3 5084/1/3
f 5093/1/3 5087/1/3 5092/1/3
f 5094/3/3 5049/3/3 5087/3/3
f 5094/1/3 5087/1/3 5093/1/3
f 5095/3/3 5037/3/3 5049/3/3
f 5095/3/3 5049/3/3 5094/3/3
f 5096/3/3 5088/3/3 5024/3/3
f 5096/3/3 5024/3/3 4964/3/3
f 5097/1/3 5090/1/3 5089/1/3
f 5097/3/3 5088/3/3 5096/3/3
f 5097/1/3 5089/1/3 5088/1/3
f 5098/1/3 5090/1/3 5097/1/3
f 5099/4/3 5091/4/3 5090/4/3
f 5099/1/3 5090/1/3 5098/1/3
f 5100/4/3 5091/4/3 5099/4/3
f 5101/4/3 5091/4/3 5100/4/3
f 5102/4/3 5093/4/3 5092/4/3
f 5103/4/3 5093/4/3 5102/4/3
f 5104/1/3 5094/1/3 5093/1/3
f 5104/4/3 5093/4/3 5103/4/3
f 5104/1/3 5095/1/3 5094/1/3
f 5105/1/3 5095/1/3 5104/1/3
f 5106/3/3 5096/3/3 4964/3/3
f 5107/1/3 5098/1/3 5097/1/3
f 5107/3/3 5096/3/3 5106/3/3
f 5107/1/3 5097/1/3 5096/1/3
f 5108/4/3 5100/4/3 5099/4/3
f 5108/1/3 5098/1/3 5107/1/3
f 5108/4/3 5099/4/3 5098/4/3
f 5109/4/3 5100/4/3 5108/4/3
f 5110/4/3 5105/4/3 5104/4/3
f 5110/4/3 5104/4/3 5103/4/3
f 5111/1/3 5095/1/3 5105/1/3
f 5111/4/3 5105/4/3 5110/4/3
f 5112/3/3 5037/3/3 5095/3/3
f 5112/1/3 5095/1/3 5111/1/3
f 5113/3/3 4974/3/3 5037/3/3
f 5113/3/3 5037/3/3 5112/3/3
f 5122/3/3 5115/3/3 5114/3/3
f 5122/1/3 5116/1/3 5115/1/3
f 5123/1/3 5116/1/3 5122/1/3
f 5124/4/3 5117/4/3 5116/4/3
f 5124/1/3 5116/1/3 5123/1/3
f 5125/4/3 5117/4/3 5124/4/3
f 5126/4/3 5117/4/3 5125/4/3
f 5129/4/3 5119/4/3 5118/4/3
f 5130/4/3 5119/4/3 5129/4/3
f 5131/1/3 5120/1/3 5119/1/3
f 5131/4/3 5119/4/3 5130/4/3
f 5132/3/3 5123/3/3 5122/3/3
f 5132/1/3 5124/1/3 5123/1/3
f 5132/1/3 5125/1/3 5124/1/3
f 5133/1/3 5125/1/3 5132/1/3
f 5134/4/3 5127/4/3 5126/4/3
f 5134/1/3 5125/1/3 5133/1/3
f 5134/4/3 5126/4/3 5125/4/3
f 5135/4/3 5127/4/3 5134/4/3
f 5136/4/3 5130/4/3 5129/4/3
f 5136/4/3 5129/4/3 5128/4/3
f 5137/1/3 5131/1/3 5130/1/3
f 5137/4/3 5130/4/3 5136/4/3
f 5138/1/3 5120/1/3 5131/1/3
f 5138/1/3 5131/1/3 5137/1/3
f 5139/3/3 5121/3/3 5120/3/3
f 5139/1/3 5120/1/3 5138/1/3
f 5140/1/3 5135/1/3 5134/1/3
f 5140/3/3 5133/3/3 5132/3/3
f 5140/1/3 5134/1/3 5133/1/3
f 5141/1/3 5135/1/3 5140/1/3
f 5142/1/3 5135/1/3 5141/1/3
f 5143/1/3 5135/1/3 5142/1/3
f 5144/1/3 5138/1/3 5137/1/3
f 5144/1/3 5137/1/3 5136/1/3
f 5145/1/3 5138/1/3 5144/1/3
f 5146/1/3 5138/1/3 5145/1/3
f 5147/3/3 5139/3/3 5138/3/3
f 5147/1/3 5138/1/3 5146/1/3
f 5148/1/3 5142/1/3 5141/1/3
f 5148/3/3 5141/3/3 5140/3/3
f 5149/1/3 5142/1/3 5148/1/3
f 5150/1/3 5146/1/3 5145/1/3
f 5151/1/3 5146/1/3 5150/1/3
f 5152/3/3 5147/3/3 5146/3/3
f 5152/1/3 5146/1/3 5151/1/3
f 5153/3/3 5148/3/3 5140/3/3
f 5154/3/3 5148/3/3 5153/3/3
f 5158/3/3 5152/3/3 5151/3/3
f 5159/3/3 5152/3/3 5158/3/3
f 5160/3/3 5153/3/3 5140/3/3
f 5161/3/3 5153/3/3 5160/3/3
f 5163/3/3 5157/3/3 5156/3/3
f 5163/3/3 5156/3/3 5155/3/3
f 5164/3/3 5157/3/3 5163/3/3
f 5166/3/3 5152/3/3 5159/3/3
f 5167/3/3 5147/3/3 5152/3/3
f 5167/3/3 5152/3/3 5166/3/3
f 5168/3/3 5160/3/3 5140/3/3
f 5169/3/3 5160/3/3 5168/3/3
f 5171/3/3 5165/3/3 5164/3/3
f 5171/3/3 5164/3/3 5163/3/3
f 5171/3/3 5163/3/3 5162/3/3
f 5172/3/3 5165/3/3 5171/3/3
f 5174/3/3 5147/3/3 5167/3/3
f 5175/3/3 5147/3/3 5174/3/3
f 5176/3/3 5140/3/3 5132/3/3
f 5176/3/3 5168/3/3 5140/3/3
f 5177/3/3 5168/3/3 5176/3/3
f 5178/3/3 5168/3/3 5177/3/3
f 5180/1/3 5173/1/3 5172/1/3
f 5180/1/3 5172/1/3 5171/1/3
f 5180/1/3 5171/1/3 5170/1/3
f 5181/1/3 5173/1/3 5180/1/3
f 5183/3/3 5147/3/3 5175/3/3
f 5184/3/3 5147/3/3 5183/3/3
f 5185/3/3 5139/3/3 5147/3/3
f 5185/3/3 5147/3/3 5184/3/3
f 5188/3/3 5132/3/3 5122/3/3
f 5188/3/3 5176/3/3 5132/3/3
f 5189/1/3 5177/1/3 5176/1/3
f 5189/3/3 5176/3/3 5188/3/3
f 5190/1/3 5177/1/3 5189/1/3
f 5191/1/3 5177/1/3 5190/1/3
f 5193/1/3 5182/1/3 5181/1/3
f 5193/1/3 5181/1/3 5180/1/3
f 5193/1/3 5180/1/3 5179/1/3
f 5194/1/3 5182/1/3 5193/1/3
f 5196/1/3 5185/1/3 5184/1/3
f 5197/1/3 5185/1/3 5196/1/3
f 5198/3/3 5139/3/3 5185/3/3
f 5198/1/3 5185/1/3 5197/1/3
f 5199/3/3 5121/3/3 5139/3/3
f 5199/3/3 5139/3/3 5198/3/3
f 5200/6/3 5187/6/3 5186/6/3
f 5202/3/3 5122/3/3 5114/3/3
f 5202/3/3 5188/3/3 5122/3/3
f 5203/1/3 5190/1/3 5189/1/3
f 5203/3/3 5188/3/3 5202/3/3
f 5203/1/3 5189/1/3 5188/1/3
f 5204/1/3 5190/1/3 5203/1/3
f 5205/1/3 5190/1/3 5204/1/3
f 5206/1/3 5190/1/3 5205/1/3
f 5208/4/3 5195/4/3 5194/4/3
f 5208/4/3 5194/4/3 5193/4/3
f 5208/4/3 5193/4/3 5192/4/3
f 5209/4/3 5195/4/3 5208/4/3
f 5211/1/3 5198/1/3 5197/1/3
f 5211/1/3 5199/1/3 5198/1/3
f 5212/1/3 5199/1/3 5211/1/3
f 5213/1/3 5199/1/3 5212/1/3
f 5214/4/3 5205/4/3 5204/4/3
f 5214/1/3 5204/1/3 5203/1/3
f 5214/1/3 5203/1/3 5202/1/3
f 5215/4/3 5205/4/3 5214/4/3
f 5217/4/3 5210/4/3 5209/4/3
f 5217/4/3 5209/4/3 5208/4/3
f 5217/4/3 5208/4/3 5207/4/3
f 5218/4/3 5210/4/3 5217/4/3
f 5220/4/3 5213/4/3 5212/4/3
f 5221/1/3 5199/1/3 5213/1/3
f 5221/4/3 5213/4/3 5220/4/3
f 5222/1/3 5214/1/3 5202/1/3
f 5222/3/3 5202/3/3 5114/3/3
f 5223/1/3 5214/1/3 5222/1/3
f 5224/1/3 5214/1/3 5223/1/3
f 5225/1/3 5214/1/3 5224/1/3
f 5227/4/3 5218/4/3 5217/4/3
f 5227/4/3 5217/4/3 5216/4/3
f 5227/4/3 5219/4/3 5218/4/3
f 5228/4/3 5219/4/3 5227/4/3
f 5230/1/3 5199/1/3 5221/1/3
f 5231/1/3 5199/1/3 5230/1/3
f 5232/6/3 5201/6/3 5200/6/3
f 5232/6/3 5200/6/3 5186/6/3
f 5233/6/3 5201/6/3 5232/6/3
f 5234/1/3 5224/1/3 5223/1/3
f 5234/3/3 5223/3/3 5222/3/3
f 5235/1/3 5224/1/3 5234/1/3
f 5237/4/3 5229/4/3 5228/4/3
f 5237/4/3 5228/4/3 5227/4/3
f 5237/4/3 5227/4/3 5226/4/3
f 5238/4/3 5229/4/3 5237/4/3
f 5239/4/3 5229/4/3 5238/4/3
f 5240/4/3 5229/4/3 5239/4/3
f 5242/1/3 5199/1/3 5231/1/3
f 5243/1/3 5199/1/3 5242/1/3
f 5244/3/3 5121/3/3 5199/3/3
f 5244/1/3 5199/1/3 5243/1/3
f 5245/6/3 5232/6/3 5186/6/3
f 5246/6/3 5232/6/3 5245/6/3
f 5247/3/3 5234/3/3 5222/3/3
f 5247/3/3 5222/3/3 5114/3/3
f 5248/3/3 5234/3/3 5247/3/3
f 5250/1/3 5237/1/3 5236/1/3
f 5250/1/3 5238/1/3 5237/1/3
f 5251/1/3 5238/1/3 5250/1/3
f 5252/4/3 5239/4/3 5238/4/3
f 5252/1/3 5238/1/3 5251/1/3
f 5253/1/3 5241/1/3 5240/1/3
f 5253/4/3 5239/4/3 5252/4/3
f 5253/1/3 5240/1/3 5239/1/3
f 5254/1/3 5241/1/3 5253/1/3
f 5255/1/3 5241/1/3 5254/1/3
f 5257/3/3 5244/3/3 5243/3/3
f 5258/3/3 5121/3/3 5244/3/3
f 5258/3/3 5244/3/3 5257/3/3
f 5259/3/3 5247/3/3 5114/3/3
f 5260/3/3 5247/3/3 5259/3/3
f 5262/3/3 5251/3/3 5250/3/3
f 5262/3/3 5250/3/3 5249/3/3
f 5263/1/3 5252/1/3 5251/1/3
f 5263/1/3 5253/1/3 5252/1/3
f 5263/3/3 5251/3/3 5262/3/3
f 5263/1/3 5254/1/3 5253/1/3
f 5264/1/3 5254/1/3 5263/1/3
f 5265/1/3 5254/1/3 5264/1/3
f 5266/3/3 5256/3/3 5255/3/3
f 5266/1/3 5254/1/3 5265/1/3
f 5266/3/3 5255/3/3 5254/3/3
f 5267/3/3 5256/3/3 5266/3/3
f 5269/3/3 5121/3/3 5258/3/3
f 5270/3/3 5121/3/3 5269/3/3
f 5272/3/3 5262/3/3 5261/3/3
f 5272/3/3 5264/3/3 5263/3/3
f 5272/3/3 5263/3/3 5262/3/3
f 5273/1/3 5265/1/3 5264/1/3
f 5273/3/3 5264/3/3 5272/3/3
f 5274/3/3 5268/3/3 5267/3/3
f 5274/1/3 5265/1/3 5273/1/3
f 5274/3/3 5267/3/3 5266/3/3
f 5274/3/3 5266/3/3 5265/3/3
f 5275/3/3 5268/3/3 5274/3/3
f 5277/3/3 5272/3/3 5271/3/3
f 5277/3/3 5276/3/3 5275/3/3
f 5277/3/3 5275/3/3 5274/3/3
f 5277/3/3 5274/3/3 5273/3/3
f 5277/3/3 5273/3/3 5272/3/3
f 5278/3/3 5276/3/3 5277/3/3
f 5281/6/3 5280/6/3 5279/6/3
f 5284/6/3 5282/6/3 5281/6/3
f 5285/7/3 5283/7/3 5282/7/3
f 5285/6/3 5282/6/3 5284/6/3
f 5286/7/3 5283/7/3 5285/7/3
f 5287/7/3 5285/7/3 5284/7/3
f 5287/11/3 5286/11/3 5285/11/3
f 5288/11/3 5286/11/3 5287/11/3
f 5289/6/3 5281/6/3 5279/6/3
f 5289/6/3 5284/6/3 5281/6/3
f 5290/7/3 5288/7/3 5287/7/3
f 5290/6/3 5284/6/3 5289/6/3
f 5290/7/3 5287/7/3 5284/7/3
f 5291/7/3 5288/7/3 5290/7/3
f 5294/6/3 5293/6/3 5292/6/3
f 5296/6/3 5294/6/3 5292/6/3
f 5296/6/3 5295/6/3 5294/6/3
f 5297/6/3 5295/6/3 5296/6/3
f 5298/6/3 5296/6/3 5292/6/3
f 5299/6/3 5296/6/3 5298/6/3
f 5303/6/3 5301/6/3 5300/6/3
f 5304/6/3 5301/6/3 5303/6/3
f 5305/7/3 5302/7/3 5301/7/3
f 5305/6/3 5301/6/3 5304/6/3
f 5306/7/3 5302/7/3 5305/7/3
f 5307/7/3 5305/7/3 5304/7/3
f 5308/11/3 5306/11/3 5305/11/3
f 5308/7/3 5305/7/3 5307/7/3
f 5309/11/3 5306/11/3 5308/11/3
f 5310/13/3 5309/13/3 5308/13/3
f 5311/13/3 5309/13/3 5310/13/3
f 5312/11/3 5311/11/3 5310/11/3
f 5313/11/3 5311/11/3 5312/11/3
f 5317/6/3 5315/6/3 5314/6/3
f 5318/6/3 5315/6/3 5317/6/3
f 5319/6/3 5317/6/3 5316/6/3
f 5320/6/3 5317/6/3 5319/6/3
f 5325/2/3 5322/2/3 5321/2/3
f 5326/2/3 5322/2/3 5325/2/3
f 5327/5/3 5324/5/3 5323/5/3
f 5328/5/3 5324/5/3 5327/5/3
f 5334/6/3 5333/6/3 5332/6/3
f 5335/6/3 5333/6/3 5334/6/3
f 5338/6/3 5336/6/3 5335/6/3
f 5339/11/3 5337/11/3 5336/11/3
f 5339/6/3 5336/6/3 5338/6/3
f 5340/11/3 5337/11/3 5339/11/3
f 5345/6/3 5342/6/3 5341/6/3
f 5345/7/3 5344/7/3 5343/7/3
f 5345/7/3 5343/7/3 5342/7/3
f 5346/7/3 5344/7/3 5345/7/3
f 5347/7/3 5344/7/3 5346/7/3
f 5348/6/3 5345/6/3 5341/6/3
f 5348/6/3 5346/6/3 5345/6/3
f 5349/6/3 5346/6/3 5348/6/3
f 5350/6/3 5346/6/3 5349/6/3
f 5351/8/3 5349/8/3 5348/8/3
f 5352/8/3 5349/8/3 5351/8/3
f 5355/8/3 5354/8/3 5353/8/3
f 5356/8/3 5354/8/3 5355/8/3
f 5359/6/3 5357/6/3 5356/6/3
f 5360/8/3 5358/8/3 5357/8/3
f 5360/6/3 5357/6/3 5359/6/3
f 5361/8/3 5358/8/3 5360/8/3
f 5362/13/3 5361/13/3 5360/13/3
f 5363/13/3 5361/13/3 5362/13/3
f 5364/11/3 5363/11/3 5362/11/3
f 5365/11/3 5363/11/3 5364/11/3
f 5366/2/3 5331/2/3 5330/2/3
f 5368/7/3 5365/7/3 5364/7/3
f 5369/7/3 5365/7/3 5368/7/3
f 5371/6/3 5368/6/3 5367/6/3
f 5371/6/3 5369/6/3 5368/6/3
f 5372/6/3 5369/6/3 5371/6/3
f 5373/2/3 5366/2/3 5330/2/3
f 5374/8/3 5371/8/3 5370/8/3
f 5375/8/3 5371/8/3 5374/8/3
f 5378/6/3 5377/6/3 5376/6/3
f 5379/6/3 5377/6/3 5378/6/3
f 5381/7/3 5379/7/3 5378/7/3
f 5381/7/3 5380/7/3 5379/7/3
f 5382/7/3 5380/7/3 5381/7/3
f 5383/7/3 5380/7/3 5382/7/3
f 5386/11/3 5385/11/3 5384/11/3
f 5387/11/3 5385/11/3 5386/11/3
f 5388/13/3 5387/13/3 5386/13/3
f 5390/13/3 5387/13/3 5388/13/3
f 5391/13/3 5387/13/3 5390/13/3
f 5392/13/3 5390/13/3 5389/13/3
f 5393/13/3 5390/13/3 5392/13/3
f 5395/11/3 5393/11/3 5392/11/3
f 5397/6/3 5395/6/3 5394/6/3
f 5398/11/3 5393/11/3 5395/11/3
f 5398/6/3 5395/6/3 5397/6/3
f 5399/11/3 5393/11/3 5398/11/3
f 5400/1/3 5330/1/3 5329/1/3
f 5400/2/3 5373/2/3 5330/2/3
f 5401/2/3 5373/2/3 5400/2/3
f 5402/6/3 5399/6/3 5398/6/3
f 5402/6/3 5397/6/3 5396/6/3
f 5402/6/3 5398/6/3 5397/6/3
f 5403/6/3 5399/6/3 5402/6/3
f 5404/1/3 5401/1/3 5400/1/3
f 5404/1/3 5400/1/3 5329/1/3
f 5405/1/3 5401/1/3 5404/1/3
f 5406/6/3 5402/6/3 5396/6/3
f 5407/6/3 5402/6/3 5406/6/3
f 5412/2/3 5409/2/3 5408/2/3
f 5413/2/3 5409/2/3 5412/2/3
f 5414/5/3 5411/5/3 5410/5/3
f 5415/5/3 5411/5/3 5414/5/3
f 5420/2/3 5417/2/3 5416/2/3
f 5421/2/3 5417/2/3 5420/2/3
f 5422/5/3 5419/5/3 5418/5/3
f 5423/5/3 5419/5/3 5422/5/3
f 5426/6/3 5425/6/3 5424/6/3
f 5427/6/3 5425/6/3 5426/6/3
f 5430/13/3 5429/13/3 5428/13/3
f 5431/13/3 5429/13/3 5430/13/3
f 5434/8/3 5433/8/3 5432/8/3
f 5435/8/3 5433/8/3 5434/8/3
f 5440/6/3 5437/6/3 5436/6/3
f 5441/6/3 5437/6/3 5440/6/3
f 5442/8/3 5439/8/3 5438/8/3
f 5443/8/3 5439/8/3 5442/8/3
f 5446/13/3 5445/13/3 5444/13/3
f 5447/13/3 5445/13/3 5446/13/3
f 5448/11/3 5447/11/3 5446/11/3
f 5449/11/3 5447/11/3 5448/11/3
f 5450/6/3 5449/6/3 5448/6/3
f 5451/6/3 5449/6/3 5450/6/3
f 5454/6/3 5453/6/3 5452/6/3
f 5455/6/3 5453/6/3 5454/6/3
f 5458/7/3 5456/7/3 5455/7/3
f 5459/6/3 5457/6/3 5456/6/3
f 5459/7/3 5456/7/3 5458/7/3
f 5460/6/3 5457/6/3 5459/6/3
f 5463/13/3 5462/13/3 5461/13/3
f 5464/13/3 5462/13/3 5463/13/3
f 5465/13/3 5462/13/3 5464/13/3
f 5466/11/3 5465/11/3 5464/11/3
f 5467/11/3 5465/11/3 5466/11/3
f 5472/6/3 5469/6/3 5468/6/3
f 5473/7/3 5470/7/3 5469/7/3
f 5473/6/3 5469/6/3 5472/6/3
f 5474/7/3 5470/7/3 5473/7/3
f 5475/6/3 5472/6/3 5471/6/3
f 5476/6/3 5472/6/3 5475/6/3
f 5481/2/3 5478/2/3 5477/2/3
f 5482/2/3 5478/2/3 5481/2/3
f 5483/5/3 5480/5/3 5479/5/3
f 5484/5/3 5480/5/3 5483/5/3
f 5489/2/3 5486/2/3 5485/2/3
f 5490/2/3 5486/2/3 5489/2/3
f 5491/5/3 5488/5/3 5487/5/3
f 5492/5/3 5488/5/3 5491/5/3
f 5495/11/3 5494/11/3 5493/11/3
f 5496/11/3 5494/11/3 5495/11/3
f 5499/11/3 5498/11/3 5497/11/3
f 5500/11/3 5498/11/3 5499/11/3
f 5503/8/3 5502/8/3 5501/8/3
f 5504/8/3 5502/8/3 5503/8/3
f 5507/6/3 5506/6/3 5505/6/3
f 5508/6/3 5506/6/3 5507/6/3
f 5513/6/3 5510/6/3 5509/6/3
f 5515/8/3 5512/8/3 5511/8/3
f 5516/6/3 5513/6/3 5512/6/3
f 5516/8/3 5512/8/3 5515/8/3
f 5517/6/3 5510/6/3 5513/6/3
f 5517/6/3 5513/6/3 5516/6/3
f 5518/8/3 5515/8/3 5514/8/3
f 5519/8/3 5515/8/3 5518/8/3
f 5522/11/3 5521/11/3 5520/11/3
f 5523/11/3 5521/11/3 5522/11/3
f 5524/13/3 5523/13/3 5522/13/3
f 5525/13/3 5523/13/3 5524/13/3
f 5527/11/3 5525/11/3 5524/11/3
f 5528/11/3 5525/11/3 5527/11/3
f 5529/6/3 5527/6/3 5526/6/3
f 5530/6/3 5527/6/3 5529/6/3
f 5533/6/3 5532/6/3 5531/6/3
f 5534/6/3 5532/6/3 5533/6/3
f 5539/2/3 5536/2/3 5535/2/3
f 5540/2/3 5536/2/3 5539/2/3
f 5541/5/3 5538/5/3 5537/5/3
f 5542/5/3 5538/5/3 5541/5/3
f 5547/2/3 5544/2/3 5543/2/3
f 5548/2/3 5544/2/3 5547/2/3
f 5549/5/3 5546/5/3 5545/5/3
f 5550/5/3 5546/5/3 5549/5/3
f 5553/8/3 5552/8/3 5551/8/3
f 5554/8/3 5552/8/3 5553/8/3
f 5556/6/3 5555/6/3 5554/6/3
f 5557/6/3 5555/6/3 5556/6/3
f 5558/8/3 5557/8/3 5556/8/3
f 5558/6/3 5555/6/3 5557/6/3
f 5559/6/3 5555/6/3 5558/6/3
f 5560/8/3 5558/8/3 5556/8/3
f 5560/8/3 5559/8/3 5558/8/3
f 5561/8/3 5559/8/3 5560/8/3
f 5562/8/3 5560/8/3 5556/8/3
f 5563/8/3 5560/8/3 5562/8/3
f 5566/13/3 5565/13/3 5564/13/3
f 5567/13/3 5565/13/3 5566/13/3
f 5568/13/3 5565/13/3 5567/13/3
f 5571/7/3 5568/7/3 5567/7/3
f 5571/7/3 5569/7/3 5568/7/3
f 5572/7/3 5569/7/3 5571/7/3
f 5573/11/3 5570/11/3 5569/11/3
f 5573/7/3 5569/7/3 5572/7/3
f 5574/11/3 5570/11/3 5573/11/3
f 5578/6/3 5572/6/3 5571/6/3
f 5579/8/3 5576/8/3 5575/8/3
f 5580/6/3 5577/6/3 5576/6/3
f 5580/8/3 5576/8/3 5579/8/3
f 5581/7/3 5578/7/3 5577/7/3
f 5581/6/3 5577/6/3 5580/6/3
f 5582/6/3 5572/6/3 5578/6/3
f 5582/7/3 5578/7/3 5581/7/3
f 5583/6/3 5572/6/3 5582/6/3
f 5586/6/3 5585/6/3 5584/6/3
f 5587/6/3 5585/6/3 5586/6/3
f 5592/2/3 5589/2/3 5588/2/3
f 5593/2/3 5589/2/3 5592/2/3
f 5594/5/3 5591/5/3 5590/5/3
f 5595/5/3 5591/5/3 5594/5/3
f 5600/2/3 5597/2/3 5596/2/3
f 5601/2/3 5597/2/3 5600/2/3
f 5602/5/3 5599/5/3 5598/5/3
f 5603/5/3 5599/5/3 5602/5/3
f 5606/8/3 5605/8/3 5604/8/3
f 5607/8/3 5605/8/3 5606/8/3
f 5611/8/3 5609/8/3 5608/8/3
f 5612/7/3 5610/7/3 5609/7/3
f 5612/8/3 5609/8/3 5611/8/3
f 5613/7/3 5610/7/3 5612/7/3
f 5615/7/3 5614/7/3 5613/7/3
f 5616/7/3 5614/7/3 5615/7/3
f 5617/6/3 5616/6/3 5615/6/3
f 5618/6/3 5616/6/3 5617/6/3
f 5619/6/3 5616/6/3 5618/6/3
f 5622/6/3 5621/6/3 5620/6/3
f 5623/6/3 5621/6/3 5622/6/3
f 5626/13/3 5625/13/3 5624/13/3
f 5627/13/3 5625/13/3 5626/13/3
f 5628/13/3 5625/13/3 5627/13/3
f 5629/13/3 5625/13/3 5628/13/3
f 5630/13/3 5625/13/3 5629/13/3
f 5633/7/3 5629/7/3 5628/7/3
f 5634/11/3 5630/11/3 5629/11/3
f 5634/7/3 5629/7/3 5633/7/3
f 5635/11/3 5630/11/3 5634/11/3
f 5636/6/3 5632/6/3 5631/6/3
f 5637/7/3 5633/7/3 5632/7/3
f 5637/6/3 5632/6/3 5636/6/3
f 5638/11/3 5634/11/3 5633/11/3
f 5638/7/3 5633/7/3 5637/7/3
f 5639/11/3 5634/11/3 5638/11/3
f 5645/8/3 5641/8/3 5640/8/3
f 5646/6/3 5644/6/3 5643/6/3
f 5646/8/3 5641/8/3 5645/8/3
f 5646/6/3 5642/6/3 5641/6/3
f 5646/6/3 5643/6/3 5642/6/3
f 5647/6/3 5644/6/3 5646/6/3
f 5650/6/3 5649/6/3 5648/6/3
f 5651/6/3 5649/6/3 5650/6/3
f 5654/7/3 5653/7/3 5652/7/3
f 5655/7/3 5653/7/3 5654/7/3
f 5660/2/3 5657/2/3 5656/2/3
f 5661/2/3 5657/2/3 5660/2/3
f 5662/5/3 5659/5/3 5658/5/3
f 5663/5/3 5659/5/3 5662/5/3
f 5668/2/3 5665/2/3 5664/2/3
f 5669/2/3 5665/2/3 5668/2/3
f 5670/5/3 5667/5/3 5666/5/3
f 5671/5/3 5667/5/3 5670/5/3
f 5675/8/3 5673/8/3 5672/8/3
f 5676/6/3 5674/6/3 5673/6/3
f 5676/8/3 5673/8/3 5675/8/3
f 5677/6/3 5674/6/3 5676/6/3
f 5679/7/3 5678/7/3 5677/7/3
f 5680/7/3 5678/7/3 5679/7/3
f 5685/6/3 5684/6/3 5683/6/3
f 5686/6/3 5684/6/3 5685/6/3
f 5687/8/3 5682/8/3 5681/8/3
f 5688/8/3 5682/8/3 5687/8/3
f 5690/6/3 5685/6/3 5683/6/3
f 5691/6/3 5685/6/3 5690/6/3
f 5692/6/3 5689/6/3 5688/6/3
f 5693/6/3 5689/6/3 5692/6/3
f 5696/11/3 5695/11/3 5694/11/3
f 5697/11/3 5695/11/3 5696/11/3
f 5703/11/3 5699/11/3 5698/11/3
f 5704/11/3 5699/11/3 5703/11/3
f 5705/6/3 5702/6/3 5701/6/3
f 5705/6/3 5701/6/3 5700/6/3
f 5705/6/3 5703/6/3 5702/6/3
f 5706/6/3 5703/6/3 5705/6/3
f 5710/8/3 5708/8/3 5707/8/3
f 5710/6/3 5709/6/3 5708/6/3
f 5711/6/3 5709/6/3 5710/6/3
f 5713/8/3 5710/8/3 5707/8/3
f 5714/8/3 5710/8/3 5713/8/3
f 5715/7/3 5713/7/3 5712/7/3
f 5716/7/3 5713/7/3 5715/7/3
f 5721/2/3 5718/2/3 5717/2/3
f 5722/2/3 5718/2/3 5721/2/3
f 5723/5/3 5720/5/3 5719/5/3
f 5724/5/3 5720/5/3 5723/5/3
f 5729/2/3 5726/2/3 5725/2/3
f 5730/2/3 5726/2/3 5729/2/3
f 5731/5/3 5728/5/3 5727/5/3
f 5732/5/3 5728/5/3 5731/5/3
f 5735/6/3 5734/6/3 5733/6/3
f 5736/6/3 5734/6/3 5735/6/3
f 5738/7/3 5737/7/3 5736/7/3
f 5739/7/3 5737/7/3 5738/7/3
f 5742/8/3 5741/8/3 5740/8/3
f 5743/8/3 5741/8/3 5742/8/3
f 5747/6/3 5745/6/3 5744/6/3
f 5748/7/3 5746/7/3 5745/7/3
f 5748/6/3 5745/6/3 5747/6/3
f 5749/7/3 5746/7/3 5748/7/3
f 5752/8/3 5751/8/3 5750/8/3
f 5753/8/3 5751/8/3 5752/8/3
f 5758/2/3 5755/2/3 5754/2/3
f 5759/2/3 5755/2/3 5758/2/3
f 5760/5/3 5757/5/3 5756/5/3
f 5761/5/3 5757/5/3 5760/5/3
f 5766/2/3 5763/2/3 5762/2/3
f 5767/2/3 5763/2/3 5766/2/3
f 5768/5/3 5765/5/3 5764/5/3
f 5769/5/3 5765/5/3 5768/5/3
f 5773/6/3 5771/6/3 5770/6/3
f 5774/7/3 5772/7/3 5771/7/3
f 5774/6/3 5771/6/3 5773/6/3
f 5775/7/3 5772/7/3 5774/7/3
f 5776/7/3 5772/7/3 5775/7/3
f 5777/7/3 5772/7/3 5776/7/3
f 5778/10/3 5777/10/3 5776/10/3
f 5779/10/3 5777/10/3 5778/10/3
f 5782/8/3 5781/8/3 5780/8/3
f 5783/8/3 5781/8/3 5782/8/3
f 5786/6/3 5785/6/3 5784/6/3
f 5787/6/3 5785/6/3 5786/6/3
f 5788/8/3 5787/8/3 5786/8/3
f 5789/8/3 5787/8/3 5788/8/3
f 5794/2/3 5791/2/3 5790/2/3
f 5795/2/3 5791/2/3 5794/2/3
f 5796/5/3 5793/5/3 5792/5/3
f 5797/5/3 5793/5/3 5796/5/3
f 5802/2/3 5799/2/3 5798/2/3
f 5803/2/3 5799/2/3 5802/2/3
f 5804/5/3 5801/5/3 5800/5/3
f 5805/5/3 5801/5/3 5804/5/3
f 5809/6/3 5807/6/3 5806/6/3
f 5810/7/3 5808/7/3 5807/7/3
f 5810/6/3 5807/6/3 5809/6/3
f 5811/7/3 5808/7/3 5810/7/3
f 5812/7/3 5808/7/3 5811/7/3
f 5813/7/3 5808/7/3 5812/7/3
f 5814/7/3 5812/7/3 5811/7/3
f 5816/7/3 5812/7/3 5814/7/3
f 5817/10/3 5813/10/3 5812/10/3
f 5817/7/3 5812/7/3 5816/7/3
f 5818/10/3 5813/10/3 5817/10/3
f 5819/6/3 5816/6/3 5815/6/3
f 5820/7/3 5817/7/3 5816/7/3
f 5820/6/3 5816/6/3 5819/6/3
f 5820/7/3 5818/7/3 5817/7/3
f 5821/7/3 5818/7/3 5820/7/3
f 5822/6/3 5820/6/3 5819/6/3
f 5823/6/3 5820/6/3 5822/6/3
f 5824/8/3 5823/8/3 5822/8/3
f 5825/8/3 5823/8/3 5824/8/3
f 5830/6/3 5827/6/3 5826/6/3
f 5831/6/3 5827/6/3 5830/6/3
f 5832/7/3 5828/7/3 5827/7/3
f 5832/6/3 5827/6/3 5831/6/3
f 5833/7/3 5828/7/3 5832/7/3
f 5835/8/3 5830/8/3 5829/8/3
f 5835/8/3 5831/8/3 5830/8/3
f 5836/8/3 5831/8/3 5835/8/3
f 5837/6/3 5833/6/3 5832/6/3
f 5837/8/3 5831/8/3 5836/8/3
f 5837/6/3 5832/6/3 5831/6/3
f 5838/7/3 5834/7/3 5833/7/3
f 5838/6/3 5833/6/3 5837/6/3
f 5839/7/3 5834/7/3 5838/7/3
f 5840/8/3 5837/8/3 5836/8/3
f 5840/8/3 5838/8/3 5837/8/3
f 5841/8/3 5838/8/3 5840/8/3
f 5842/6/3 5839/6/3 5838/6/3
f 5842/8/3 5838/8/3 5841/8/3
f 5843/6/3 5839/6/3 5842/6/3
f 5844/8/3 5843/8/3 5842/8/3
f 5845/8/3 5843/8/3 5844/8/3
f 5848/8/3 5847/8/3 5846/8/3
f 5849/8/3 5847/8/3 5848/8/3
f 5854/2/3 5851/2/3 5850/2/3
f 5855/2/3 5851/2/3 5854/2/3
f 5856/5/3 5853/5/3 5852/5/3
f 5857/5/3 5853/5/3 5856/5/3
f 5862/2/3 5859/2/3 5858/2/3
f 5863/2/3 5859/2/3 5862/2/3
f 5864/5/3 5861/5/3 5860/5/3
f 5865/5/3 5861/5/3 5864/5/3
f 5868/6/3 5867/6/3 5866/6/3
f 5869/6/3 5867/6/3 5868/6/3
f 5872/8/3 5871/8/3 5870/8/3
f 5873/8/3 5871/8/3 5872/8/3
f 5876/6/3 5873/6/3 5872/6/3
f 5876/6/3 5874/6/3 5873/6/3
f 5877/6/3 5874/6/3 5876/6/3
f 5878/7/3 5875/7/3 5874/7/3
f 5878/6/3 5874/6/3 5877/6/3
f 5879/7/3 5875/7/3 5878/7/3
f 5882/11/3 5881/11/3 5880/11/3
f 5883/11/3 5881/11/3 5882/11/3
f 5884/10/3 5883/10/3 5882/10/3
f 5885/10/3 5883/10/3 5884/10/3
f 5886/10/3 5883/10/3 5885/10/3
f 5887/7/3 5886/7/3 5885/7/3
f 5888/7/3 5886/7/3 5887/7/3
f 5891/6/3 5890/6/3 5889/6/3
f 5892/6/3 5890/6/3 5891/6/3
f 5897/6/3 5895/6/3 5894/6/3
f 5897/6/3 5894/6/3 5893/6/3
f 5898/6/3 5895/6/3 5897/6/3
f 5899/11/3 5896/11/3 5895/11/3
f 5899/6/3 5895/6/3 5898/6/3
f 5900/11/3 5896/11/3 5899/11/3
f 5901/11/3 5896/11/3 5900/11/3
f 5902/11/3 5896/11/3 5901/11/3
f 5903/7/3 5902/7/3 5901/7/3
f 5904/7/3 5902/7/3 5903/7/3
f 5905/7/3 5902/7/3 5904/7/3
f 5907/6/3 5905/6/3 5904/6/3
f 5908/6/3 5905/6/3 5907/6/3
f 5909/6/3 5907/6/3 5906/6/3
f 5910/8/3 5908/8/3 5907/8/3
f 5910/6/3 5907/6/3 5909/6/3
f 5911/8/3 5908/8/3 5910/8/3
f 5914/6/3 5913/6/3 5912/6/3
f 5915/6/3 5913/6/3 5914/6/3
f 5918/7/3 5917/7/3 5916/7/3
f 5919/7/3 5917/7/3 5918/7/3
f 5921/10/3 5920/10/3 5919/10/3
f 5922/10/3 5920/10/3 5921/10/3
f 5924/7/3 5922/7/3 5921/7/3
f 5927/6/3 5924/6/3 5923/6/3
f 5928/7/3 5922/7/3 5924/7/3
f 5928/6/3 5924/6/3 5927/6/3
f 5929/7/3 5922/7/3 5928/7/3
f 5932/6/3 5926/6/3 5925/6/3
f 5933/6/3 5926/6/3 5932/6/3
f 5934/8/3 5931/8/3 5930/8/3
f 5935/8/3 5931/8/3 5934/8/3
f 5940/2/3 5937/2/3 5936/2/3
f 5941/2/3 5937/2/3 5940/2/3
f 5942/5/3 5939/5/3 5938/5/3
f 5943/5/3 5939/5/3 5942/5/3
f 5948/2/3 5945/2/3 5944/2/3
f 5949/2/3 5945/2/3 5948/2/3
f 5950/5/3 5947/5/3 5946/5/3
f 5951/5/3 5947/5/3 5950/5/3
f 5955/8/3 5953/8/3 5952/8/3
f 5956/8/3 5953/8/3 5955/8/3
f 5958/6/3 5955/6/3 5954/6/3
f 5962/6/3 5958/6/3 5957/6/3
f 5963/6/3 5955/6/3 5958/6/3
f 5963/6/3 5958/6/3 5962/6/3
f 5964/6/3 5955/6/3 5963/6/3
f 5965/6/3 5960/6/3 5959/6/3
f 5966/8/3 5961/8/3 5960/8/3
f 5966/6/3 5960/6/3 5965/6/3
f 5967/8/3 5961/8/3 5966/8/3
f 5968/6/3 5964/6/3 5963/6/3
f 5973/6/3 5969/6/3 5968/6/3
f 5973/6/3 5968/6/3 5963/6/3
f 5974/6/3 5969/6/3 5973/6/3
f 5975/11/3 5971/11/3 5970/11/3
f 5976/13/3 5972/13/3 5971/13/3
f 5976/11/3 5971/11/3 5975/11/3
f 5977/13/3 5972/13/3 5976/13/3
f 5982/6/3 5979/6/3 5978/6/3
f 5983/6/3 5979/6/3 5982/6/3
f 5984/11/3 5981/11/3 5980/11/3
f 5985/11/3 5981/11/3 5984/11/3
f 5987/7/3 5985/7/3 5984/7/3
f 5988/7/3 5987/7/3 5986/7/3
f 5989/7/3 5985/7/3 5987/7/3
f 5989/7/3 5987/7/3 5988/7/3
f 5995/8/3 5991/8/3 5990/8/3
f 5996/6/3 5992/6/3 5991/6/3
f 5996/8/3 5991/8/3 5995/8/3
f 5997/7/3 5993/7/3 5992/7/3
f 5997/6/3 5992/6/3 5996/6/3
f 5998/11/3 5994/11/3 5993/11/3
f 5998/7/3 5993/7/3 5997/7/3
f 5999/11/3 5994/11/3 5998/11/3
f 6002/13/3 6001/13/3 6000/13/3
f 6003/13/3 6001/13/3 6002/13/3
f 6004/7/3 6003/7/3 6002/7/3
f 6005/7/3 6003/7/3 6004/7/3
f 6006/7/3 6003/7/3 6005/7/3
f 6009/8/3 6008/8/3 6007/8/3
f 6010/8/3 6008/8/3 6009/8/3
f 6013/8/3 6012/8/3 6011/8/3
f 6014/8/3 6012/8/3 6013/8/3
f 6017/7/3 6016/7/3 6015/7/3
f 6018/7/3 6016/7/3 6017/7/3
f 6020/10/3 6019/10/3 6018/10/3
f 6021/10/3 6019/10/3 6020/10/3
f 6025/11/3 6021/11/3 6020/11/3
f 6026/11/3 6021/11/3 6025/11/3
f 6027/6/3 6023/6/3 6022/6/3
f 6028/6/3 6023/6/3 6027/6/3
f 6029/11/3 6024/11/3 6023/11/3
f 6029/6/3 6023/6/3 6028/6/3
f 6029/11/3 6025/11/3 6024/11/3
f 6030/11/3 6025/11/3 6029/11/3
f 6031/6/3 6028/6/3 6027/6/3
f 6032/6/3 6028/6/3 6031/6/3
f 6037/2/3 6034/2/3 6033/2/3
f 6038/2/3 6034/2/3 6037/2/3
f 6039/5/3 6036/5/3 6035/5/3
f 6040/5/3 6036/5/3 6039/5/3
f 6043/5/3 6042/5/3 6041/5/3
f 6044/5/3 6042/5/3 6043/5/3
f 6047/8/3 6046/8/3 6045/8/3
f 6048/8/3 6046/8/3 6047/8/3
f 6053/6/3 6050/6/3 6049/6/3
f 6054/7/3 6051/7/3 6050/7/3
f 6054/6/3 6050/6/3 6053/6/3
f 6055/6/3 6052/6/3 6051/6/3
f 6055/7/3 6051/7/3 6054/7/3
f 6056/6/3 6052/6/3 6055/6/3
f 6059/6/3 6058/6/3 6057/6/3
f 6060/6/3 6058/6/3 6059/6/3
f 6063/6/3 6062/6/3 6061/6/3
f 6064/6/3 6062/6/3 6063/6/3
f 6065/6/3 6062/6/3 6064/6/3
f 6068/11/3 6067/11/3 6066/11/3
f 6069/11/3 6067/11/3 6068/11/3
f 6070/13/3 6069/13/3 6068/13/3
f 6071/13/3 6069/13/3 6070/13/3
f 6075/8/3 6073/8/3 6072/8/3
f 6076/8/3 6075/8/3 6074/8/3
f 6077/8/3 6073/8/3 6075/8/3
f 6077/8/3 6075/8/3 6076/8/3
f 6078/7/3 6077/7/3 6076/7/3
f 6079/7/3 6077/7/3 6078/7/3
f 6080/7/3 6077/7/3 6079/7/3
f 6083/6/3 6079/6/3 6078/6/3
f 6084/8/3 6082/8/3 6081/8/3
f 6084/8/3 6083/8/3 6082/8/3
f 6085/8/3 6083/8/3 6084/8/3
f 6086/6/3 6079/6/3 6083/6/3
f 6086/8/3 6083/8/3 6085/8/3
f 6087/6/3 6079/6/3 6086/6/3
f 6088/8/3 6086/8/3 6085/8/3
f 6089/8/3 6086/8/3 6088/8/3
f 6092/7/3 6091/7/3 6090/7/3
f 6093/7/3 6091/7/3 6092/7/3
f 6099/13/3 6095/13/3 6094/13/3
f 6100/13/3 6095/13/3 6099/13/3
f 6103/6/3 6097/6/3 6096/6/3
f 6104/7/3 6098/7/3 6097/7/3
f 6104/6/3 6097/6/3 6103/6/3
f 6105/11/3 6099/11/3 6098/11/3
f 6105/7/3 6098/7/3 6104/7/3
f 6106/11/3 6099/11/3 6105/11/3
f 6107/6/3 6102/6/3 6101/6/3
f 6108/6/3 6102/6/3 6107/6/3
f 6111/5/3 6110/5/3 6109/5/3
f 6112/5/3 6110/5/3 6111/5/3
f 6116/6/3 6114/6/3 6113/6/3
f 6117/7/3 6115/7/3 6114/7/3
f 6117/6/3 6114/6/3 6116/6/3
f 6118/7/3 6115/7/3 6117/7/3
f 6119/7/3 6115/7/3 6118/7/3
f 6122/8/3 6121/8/3 6120/8/3
f 6123/8/3 6121/8/3 6122/8/3
f 6124/8/3 6121/8/3 6123/8/3
f 6127/13/3 6126/13/3 6125/13/3
f 6128/13/3 6126/13/3 6127/13/3
f 6129/11/3 6128/11/3 6127/11/3
f 6130/11/3 6128/11/3 6129/11/3
f 6131/7/3 6130/7/3 6129/7/3
f 6132/7/3 6130/7/3 6131/7/3
f 6135/6/3 6134/6/3 6133/6/3
f 6136/6/3 6134/6/3 6135/6/3
f 6140/7/3 6138/7/3 6137/7/3
f 6141/7/3 6138/7/3 6140/7/3
f 6144/7/3 6140/7/3 6139/7/3
f 6145/7/3 6140/7/3 6144/7/3
f 6146/8/3 6143/8/3 6142/8/3
f 6147/6/3 6144/6/3 6143/6/3
f 6147/8/3 6143/8/3 6146/8/3
f 6148/6/3 6144/6/3 6147/6/3
f 6152/6/3 6150/6/3 6149/6/3
f 6153/7/3 6151/7/3 6150/7/3
f 6153/6/3 6150/6/3 6152/6/3
f 6154/7/3 6151/7/3 6153/7/3
f 6157/6/3 6156/6/3 6155/6/3
f 6158/6/3 6156/6/3 6157/6/3
f 6161/6/3 6160/6/3 6159/6/3
f 6162/6/3 6160/6/3 6161/6/3
f 6165/7/3 6164/7/3 6163/7/3
f 6166/7/3 6164/7/3 6165/7/3
f 6168/7/3 6166/7/3 6165/7/3
f 6169/11/3 6167/11/3 6166/11/3
f 6169/7/3 6166/7/3 6168/7/3
f 6170/11/3 6167/11/3 6169/11/3
f 6171/10/3 6169/10/3 6168/10/3
f 6172/13/3 6170/13/3 6169/13/3
f 6172/10/3 6169/10/3 6171/10/3
f 6173/13/3 6170/13/3 6172/13/3
f 6174/7/3 6172/7/3 6171/7/3
f 6175/11/3 6173/11/3 6172/11/3
f 6175/7/3 6172/7/3 6174/7/3
f 6176/11/3 6173/11/3 6175/11/3
f 6180/11/3 6178/11/3 6177/11/3
f 6181/11/3 6178/11/3 6180/11/3
f 6182/6/3 6180/6/3 6179/6/3
f 6183/6/3 6180/6/3 6182/6/3
f 6186/10/3 6185/10/3 6184/10/3
f 6187/10/3 6185/10/3 6186/10/3
f 6188/10/3 6185/10/3 6187/10/3
f 6190/6/3 6188/6/3 6187/6/3
f 6191/7/3 6189/7/3 6188/7/3
f 6191/6/3 6188/6/3 6190/6/3
f 6192/7/3 6189/7/3 6191/7/3
f 6193/6/3 6191/6/3 6190/6/3
f 6194/8/3 6192/8/3 6191/8/3
f 6194/6/3 6191/6/3 6193/6/3
f 6195/8/3 6192/8/3 6194/8/3
f 6198/11/3 6197/11/3 6196/11/3
f 6199/11/3 6197/11/3 6198/11/3
f 6202/13/3 6201/13/3 6200/13/3
f 6203/13/3 6201/13/3 6202/13/3
f 6204/13/3 6201/13/3 6203/13/3
f 6208/11/3 6206/11/3 6205/11/3
f 6208/11/3 6207/11/3 6206/11/3
f 6209/11/3 6207/11/3 6208/11/3
f 6214/8/3 6211/8/3 6210/8/3
f 6214/8/3 6212/8/3 6211/8/3
f 6215/8/3 6212/8/3 6214/8/3
f 6216/6/3 6213/6/3 6212/6/3
f 6216/8/3 6212/8/3 6215/8/3
f 6217/6/3 6213/6/3 6216/6/3
f 6222/5/3 6219/5/3 6218/5/3
f 6223/5/3 6219/5/3 6222/5/3
f 6224/2/3 6221/2/3 6220/2/3
f 6225/2/3 6221/2/3 6224/2/3
f 6230/11/3 6227/11/3 6226/11/3
f 6231/11/3 6227/11/3 6230/11/3
f 6232/7/3 6229/7/3 6228/7/3
f 6233/7/3 6229/7/3 6232/7/3
f 6236/6/3 6235/6/3 6234/6/3
f 6237/6/3 6235/6/3 6236/6/3
f 6242/6/3 6239/6/3 6238/6/3
f 6243/6/3 6239/6/3 6242/6/3
f 6244/8/3 6241/8/3 6240/8/3
f 6245/8/3 6241/8/3 6244/8/3
f 6248/7/3 6247/7/3 6246/7/3
f 6249/7/3 6247/7/3 6248/7/3
f 6252/11/3 6251/11/3 6250/11/3
f 6253/11/3 6251/11/3 6252/11/3
f 6256/11/3 6255/11/3 6254/11/3
f 6257/11/3 6255/11/3 6256/11/3
f 6262/6/3 6259/6/3 6258/6/3
f 6263/11/3 6260/11/3 6259/11/3
f 6263/6/3 6259/6/3 6262/6/3
f 6264/11/3 6260/11/3 6263/11/3
f 6267/7/3 6262/7/3 6261/7/3
f 6268/7/3 6262/7/3 6267/7/3
f 6269/6/3 6266/6/3 6265/6/3
f 6270/6/3 6266/6/3 6269/6/3
f 6275/5/3 6272/5/3 6271/5/3
f 6276/5/3 6272/5/3 6275/5/3
f 6277/2/3 6274/2/3 6273/2/3
f 6278/2/3 6274/2/3 6277/2/3
f 6283/2/3 6280/2/3 6279/2/3
f 6284/2/3 6280/2/3 6283/2/3
f 6285/2/3 6280/2/3 6284/2/3
f 6286/2/3 6280/2/3 6285/2/3
f 6287/2/3 6282/2/3 6281/2/3
f 6288/2/3 6282/2/3 6287/2/3
f 6289/2/3 6282/2/3 6288/2/3
f 6290/2/3 6282/2/3 6289/2/3
f 6293/6/3 6292/6/3 6291/6/3
f 6294/6/3 6292/6/3 6293/6/3
f 6297/8/3 6296/8/3 6295/8/3
f 6298/8/3 6296/8/3 6297/8/3
f 6300/7/3 6299/7/3 6298/7/3
f 6301/7/3 6299/7/3 6300/7/3
f 6302/7/3 6299/7/3 6301/7/3
f 6303/11/3 6301/11/3 6300/11/3
f 6304/6/3 6302/6/3 6301/6/3
f 6304/11/3 6301/11/3 6303/11/3
f 6305/6/3 6302/6/3 6304/6/3
f 6308/6/3 6307/6/3 6306/6/3
f 6309/6/3 6307/6/3 6308/6/3
f 6312/6/3 6311/6/3 6310/6/3
f 6313/6/3 6311/6/3 6312/6/3
f 6322/2/3 6315/2/3 6314/2/3
f 6322/2/3 6316/2/3 6315/2/3
f 6322/2/3 6317/2/3 6316/2/3
f 6323/2/3 6317/2/3 6322/2/3
f 6324/2/3 6321/2/3 6320/2/3
f 6324/2/3 6320/2/3 6319/2/3
f 6324/2/3 6319/2/3 6318/2/3
f 6325/2/3 6321/2/3 6324/2/3
f 6328/6/3 6327/6/3 6326/6/3
f 6329/6/3 6327/6/3 6328/6/3
f 6332/6/3 6330/6/3 6329/6/3
f 6333/7/3 6331/7/3 6330/7/3
f 6333/6/3 6330/6/3 6332/6/3
f 6334/7/3 6331/7/3 6333/7/3
f 6335/7/3 6331/7/3 6334/7/3
f 6339/7/3 6335/7/3 6334/7/3
f 6340/6/3 6338/6/3 6337/6/3
f 6341/6/3 6338/6/3 6340/6/3
f 6342/7/3 6335/7/3 6339/7/3
f 6343/11/3 6336/11/3 6335/11/3
f 6343/7/3 6335/7/3 6342/7/3
f 6344/11/3 6336/11/3 6343/11/3
f 6346/7/3 6345/7/3 6344/7/3
f 6346/7/3 6344/7/3 6343/7/3
f 6346/7/3 6343/7/3 6342/7/3
f 6347/7/3 6345/7/3 6346/7/3
f 6348/7/3 6345/7/3 6347/7/3
f 6349/7/3 6345/7/3 6348/7/3
f 6350/6/3 6348/6/3 6347/6/3
f 6351/6/3 6348/6/3 6350/6/3
f 6352/8/3 6351/8/3 6350/8/3
f 6353/8/3 6351/8/3 6352/8/3
f 6356/7/3 6355/7/3 6354/7/3
f 6357/7/3 6355/7/3 6356/7/3
f 6362/8/3 6359/8/3 6358/8/3
f 6363/8/3 6359/8/3 6362/8/3
f 6364/6/3 6361/6/3 6360/6/3
f 6365/6/3 6361/6/3 6364/6/3
f 6366/6/3 6363/6/3 6362/6/3
f 6367/6/3 6363/6/3 6366/6/3
f 6370/8/3 6367/8/3 6366/8/3
f 6371/8/3 6367/8/3 6370/8/3
f 6372/6/3 6369/6/3 6368/6/3
f 6373/6/3 6369/6/3 6372/6/3
f 6376/6/3 6375/6/3 6374/6/3
f 6377/6/3 6375/6/3 6376/6/3
f 6380/11/3 6379/11/3 6378/11/3
f 6381/11/3 6379/11/3 6380/11/3
f 6384/7/3 6383/7/3 6382/7/3
f 6385/7/3 6383/7/3 6384/7/3
f 6388/8/3 6387/8/3 6386/8/3
f 6389/8/3 6387/8/3 6388/8/3
f 6390/6/3 6389/6/3 6388/6/3
f 6393/6/3 6389/6/3 6390/6/3
f 6394/6/3 6389/6/3 6393/6/3
f 6395/6/3 6392/6/3 6391/6/3
f 6396/6/3 6392/6/3 6395/6/3
f 6399/6/3 6398/6/3 6397/6/3
f 6400/6/3 6398/6/3 6399/6/3
f 6403/6/3 6402/6/3 6401/6/3
f 6404/6/3 6402/6/3 6403/6/3
f 6407/6/3 6406/6/3 6405/6/3
f 6408/6/3 6406/6/3 6407/6/3
f 6413/8/3 6410/8/3 6409/8/3
f 6414/6/3 6412/6/3 6411/6/3
f 6414/8/3 6410/8/3 6413/8/3
f 6414/6/3 6411/6/3 6410/6/3
f 6415/6/3 6412/6/3 6414/6/3
f 6418/6/3 6417/6/3 6416/6/3
f 6419/6/3 6417/6/3 6418/6/3
f 6422/7/3 6421/7/3 6420/7/3
f 6423/7/3 6421/7/3 6422/7/3
f 6426/8/3 6425/8/3 6424/8/3
f 6427/8/3 6425/8/3 6426/8/3
f 6431/7/3 6429/7/3 6428/7/3
f 6432/7/3 6429/7/3 6431/7/3
f 6433/7/3 6431/7/3 6430/7/3
f 6434/7/3 6431/7/3 6433/7/3
f 6437/6/3 6436/6/3 6435/6/3
f 6438/6/3 6436/6/3 6437/6/3
f 6439/11/3 6438/11/3 6437/11/3
f 6440/11/3 6438/11/3 6439/11/3
f 6441/13/3 6440/13/3 6439/13/3
f 6442/13/3 6440/13/3 6441/13/3
f 6445/11/3 6444/11/3 6443/11/3
f 6446/11/3 6444/11/3 6445/11/3
f 6451/7/3 6448/7/3 6447/7/3
f 6452/6/3 6450/6/3 6449/6/3
f 6452/7/3 6448/7/3 6451/7/3
f 6452/6/3 6449/6/3 6448/6/3
f 6453/6/3 6450/6/3 6452/6/3
f 6454/8/3 6452/8/3 6451/8/3
f 6455/8/3 6452/8/3 6454/8/3
f 6460/5/3 6457/5/3 6456/5/3
f 6461/5/3 6457/5/3 6460/5/3
f 6462/2/3 6459/2/3 6458/2/3
f 6463/2/3 6459/2/3 6462/2/3
f 6466/10/3 6465/10/3 6464/10/3
f 6467/10/3 6465/10/3 6466/10/3
f 6469/10/3 6468/10/3 6467/10/3
f 6470/10/3 6468/10/3 6469/10/3
f 6471/7/3 6470/7/3 6469/7/3
f 6472/7/3 6470/7/3 6471/7/3
f 6473/10/3 6472/10/3 6471/10/3
f 6474/10/3 6472/10/3 6473/10/3
f 6477/7/3 6476/7/3 6475/7/3
f 6478/7/3 6476/7/3 6477/7/3
f 6479/6/3 6478/6/3 6477/6/3
f 6480/6/3 6478/6/3 6479/6/3
f 6483/13/3 6482/13/3 6481/13/3
f 6484/13/3 6482/13/3 6483/13/3
f 6488/6/3 6486/6/3 6485/6/3
f 6489/7/3 6487/7/3 6486/7/3
f 6489/6/3 6486/6/3 6488/6/3
f 6490/7/3 6487/7/3 6489/7/3
f 6495/5/3 6492/5/3 6491/5/3
f 6496/5/3 6492/5/3 6495/5/3
f 6497/2/3 6494/2/3 6493/2/3
f 6498/2/3 6494/2/3 6497/2/3
f 6503/5/3 6500/5/3 6499/5/3
f 6504/5/3 6500/5/3 6503/5/3
f 6505/2/3 6502/2/3 6501/2/3
f 6506/2/3 6502/2/3 6505/2/3
f 6509/8/3 6508/8/3 6507/8/3
f 6510/8/3 6508/8/3 6509/8/3
f 6514/7/3 6512/7/3 6511/7/3
f 6515/6/3 6513/6/3 6512/6/3
f 6515/7/3 6512/7/3 6514/7/3
f 6516/6/3 6513/6/3 6515/6/3
f 6518/6/3 6517/6/3 6516/6/3
f 6519/6/3 6517/6/3 6518/6/3
f 6520/7/3 6519/7/3 6518/7/3
f 6521/7/3 6519/7/3 6520/7/3
f 6525/7/3 6523/7/3 6522/7/3
f 6525/7/3 6524/7/3 6523/7/3
f 6526/7/3 6524/7/3 6525/7/3
f 6527/7/3 6524/7/3 6526/7/3
f 6528/7/3 6526/7/3 6525/7/3
f 6529/7/3 6526/7/3 6528/7/3
f 6534/5/3 6531/5/3 6530/5/3
f 6535/5/3 6531/5/3 6534/5/3
f 6536/2/3 6533/2/3 6532/2/3
f 6537/2/3 6533/2/3 6536/2/3
f 6542/5/3 6539/5/3 6538/5/3
f 6543/5/3 6539/5/3 6542/5/3
f 6544/2/3 6541/2/3 6540/2/3
f 6545/2/3 6541/2/3 6544/2/3
f 6548/8/3 6547/8/3 6546/8/3
f 6549/8/3 6547/8/3 6548/8/3
f 6552/8/3 6551/8/3 6550/8/3
f 6553/8/3 6551/8/3 6552/8/3
f 6556/6/3 6555/6/3 6554/6/3
f 6557/6/3 6555/6/3 6556/6/3
f 6560/7/3 6558/7/3 6557/7/3
f 6561/6/3 6559/6/3 6558/6/3
f 6561/7/3 6558/7/3 6560/7/3
f 6562/6/3 6559/6/3 6561/6/3
f 6565/7/3 6563/7/3 6562/7/3
f 6566/11/3 6564/11/3 6563/11/3
f 6566/7/3 6563/7/3 6565/7/3
f 6567/11/3 6564/11/3 6566/11/3
f 6568/11/3 6564/11/3 6567/11/3
f 6570/7/3 6568/7/3 6567/7/3
f 6571/7/3 6568/7/3 6570/7/3
f 6572/7/3 6570/7/3 6569/7/3
f 6573/7/3 6570/7/3 6572/7/3
f 6577/7/3 6575/7/3 6574/7/3
f 6578/6/3 6576/6/3 6575/6/3
f 6578/7/3 6575/7/3 6577/7/3
f 6579/6/3 6576/6/3 6578/6/3
f 6582/7/3 6581/7/3 6580/7/3
f 6583/7/3 6582/7/3 6580/7/3
f 6584/7/3 6582/7/3 6583/7/3
f 6589/5/3 6586/5/3 6585/5/3
f 6590/5/3 6586/5/3 6589/5/3
f 6591/2/3 6588/2/3 6587/2/3
f 6592/2/3 6588/2/3 6591/2/3
f 6597/5/3 6594/5/3 6593/5/3
f 6598/5/3 6594/5/3 6597/5/3
f 6599/2/3 6596/2/3 6595/2/3
f 6600/2/3 6596/2/3 6599/2/3
f 6603/8/3 6602/8/3 6601/8/3
f 6604/8/3 6602/8/3 6603/8/3
f 6607/8/3 6606/8/3 6605/8/3
f 6608/8/3 6606/8/3 6607/8/3
f 6611/6/3 6610/6/3 6609/6/3
f 6612/6/3 6610/6/3 6611/6/3
f 6613/6/3 6610/6/3 6612/6/3
f 6618/5/3 6615/5/3 6614/5/3
f 6619/5/3 6615/5/3 6618/5/3
f 6620/2/3 6617/2/3 6616/2/3
f 6621/2/3 6617/2/3 6620/2/3
f 6626/5/3 6623/5/3 6622/5/3
f 6627/5/3 6623/5/3 6626/5/3
f 6628/2/3 6625/2/3 6624/2/3
f 6629/2/3 6625/2/3 6628/2/3
f 6633/8/3 6631/8/3 6630/8/3
f 6634/6/3 6632/6/3 6631/6/3
f 6634/8/3 6631/8/3 6633/8/3
f 6635/6/3 6632/6/3 6634/6/3
f 6638/8/3 6637/8/3 6636/8/3
f 6639/8/3 6637/8/3 6638/8/3
f 6644/5/3 6641/5/3 6640/5/3
f 6645/5/3 6641/5/3 6644/5/3
f 6646/2/3 6643/2/3 6642/2/3
f 6647/2/3 6643/2/3 6646/2/3
f 6652/5/3 6649/5/3 6648/5/3
f 6653/5/3 6649/5/3 6652/5/3
f 6654/2/3 6651/2/3 6650/2/3
f 6655/2/3 6651/2/3 6654/2/3
f 6658/7/3 6657/7/3 6656/7/3
f 6659/7/3 6657/7/3 6658/7/3
f 6662/8/3 6661/8/3 6660/8/3
f 6663/8/3 6661/8/3 6662/8/3
f 6668/5/3 6665/5/3 6664/5/3
f 6669/5/3 6665/5/3 6668/5/3
f 6670/2/3 6667/2/3 6666/2/3
f 6671/2/3 6667/2/3 6670/2/3
f 6676/5/3 6673/5/3 6672/5/3
f 6677/5/3 6673/5/3 6676/5/3
f 6678/2/3 6675/2/3 6674/2/3
f 6679/2/3 6675/2/3 6678/2/3
f 6682/6/3 6681/6/3 6680/6/3
f 6683/6/3 6681/6/3 6682/6/3
f 6686/6/3 6685/6/3 6684/6/3
f 6687/6/3 6685/6/3 6686/6/3
f 6690/6/3 6689/6/3 6688/6/3
f 6691/6/3 6689/6/3 6690/6/3
f 6695/6/3 6693/6/3 6692/6/3
f 6696/6/3 6693/6/3 6695/6/3
f 6698/6/3 6695/6/3 6694/6/3
f 6699/6/3 6698/6/3 6697/6/3
f 6700/6/3 6695/6/3 6698/6/3
f 6700/6/3 6698/6/3 6699/6/3
f 6701/6/3 6695/6/3 6700/6/3
f 6705/8/3 6703/8/3 6702/8/3
f 6705/6/3 6704/6/3 6703/6/3
f 6706/6/3 6704/6/3 6705/6/3
f 6707/8/3 6705/8/3 6702/8/3
f 6708/7/3 6706/7/3 6705/7/3
f 6708/8/3 6705/8/3 6707/8/3
f 6709/7/3 6706/7/3 6708/7/3
f 6714/5/3 6711/5/3 6710/5/3
f 6715/5/3 6711/5/3 6714/5/3
f 6716/2/3 6713/2/3 6712/2/3
f 6717/2/3 6713/2/3 6716/2/3
f 6722/5/3 6719/5/3 6718/5/3
f 6723/5/3 6719/5/3 6722/5/3
f 6724/2/3 6721/2/3 6720/2/3
f 6725/2/3 6721/2/3 6724/2/3
f 6728/6/3 6727/6/3 6726/6/3
f 6729/6/3 6727/6/3 6728/6/3
f 6731/6/3 6730/6/3 6729/6/3
f 6732/6/3 6730/6/3 6731/6/3
f 6735/6/3 6734/6/3 6733/6/3
f 6736/6/3 6734/6/3 6735/6/3
f 6737/7/3 6732/7/3 6731/7/3
f 6737/6/3 6730/6/3 6732/6/3
f 6738/6/3 6730/6/3 6737/6/3
f 6742/7/3 6737/7/3 6731/7/3
f 6742/7/3 6738/7/3 6737/7/3
f 6743/7/3 6738/7/3 6742/7/3
f 6744/11/3 6739/11/3 6738/11/3
f 6744/7/3 6738/7/3 6743/7/3
f 6745/11/3 6739/11/3 6744/11/3
f 6746/6/3 6741/6/3 6740/6/3
f 6747/6/3 6741/6/3 6746/6/3
f 6748/11/3 6743/11/3 6742/11/3
f 6749/11/3 6743/11/3 6748/11/3
f 6752/6/3 6751/6/3 6750/6/3
f 6753/6/3 6751/6/3 6752/6/3
f 6756/6/3 6755/6/3 6754/6/3
f 6757/6/3 6755/6/3 6756/6/3
f 6762/7/3 6759/7/3 6758/7/3
f 6763/7/3 6759/7/3 6762/7/3
f 6764/6/3 6761/6/3 6760/6/3
f 6765/6/3 6761/6/3 6764/6/3
f 6770/5/3 6767/5/3 6766/5/3
f 6771/5/3 6767/5/3 6770/5/3
f 6772/2/3 6769/2/3 6768/2/3
f 6773/2/3 6769/2/3 6772/2/3
f 6778/5/3 6775/5/3 6774/5/3
f 6779/5/3 6775/5/3 6778/5/3
f 6780/2/3 6777/2/3 6776/2/3
f 6781/2/3 6777/2/3 6780/2/3
f 6784/6/3 6783/6/3 6782/6/3
f 6785/6/3 6783/6/3 6784/6/3
f 6787/6/3 6786/6/3 6785/6/3
f 6788/6/3 6786/6/3 6787/6/3
f 6791/6/3 6790/6/3 6789/6/3
f 6792/6/3 6790/6/3 6791/6/3
f 6795/7/3 6794/7/3 6793/7/3
f 6796/7/3 6794/7/3 6795/7/3
f 6797/11/3 6796/11/3 6795/11/3
f 6798/11/3 6796/11/3 6797/11/3
f 6801/13/3 6800/13/3 6799/13/3
f 6802/13/3 6800/13/3 6801/13/3
f 6805/8/3 6804/8/3 6803/8/3
f 6806/8/3 6804/8/3 6805/8/3
f 6808/7/3 6807/7/3 6806/7/3
f 6809/7/3 6807/7/3 6808/7/3
f 6813/7/3 6811/7/3 6810/7/3
f 6814/7/3 6811/7/3 6813/7/3
f 6817/7/3 6813/7/3 6812/7/3
f 6818/7/3 6813/7/3 6817/7/3
f 6819/6/3 6816/6/3 6815/6/3
f 6820/6/3 6816/6/3 6819/6/3
f 6825/5/3 6822/5/3 6821/5/3
f 6826/5/3 6822/5/3 6825/5/3
f 6827/2/3 6824/2/3 6823/2/3
f 6828/2/3 6824/2/3 6827/2/3
f 6833/5/3 6830/5/3 6829/5/3
f 6834/5/3 6830/5/3 6833/5/3
f 6835/2/3 6832/2/3 6831/2/3
f 6836/2/3 6832/2/3 6835/2/3
f 6839/6/3 6838/6/3 6837/6/3
f 6840/6/3 6838/6/3 6839/6/3
f 6843/7/3 6842/7/3 6841/7/3
f 6844/7/3 6842/7/3 6843/7/3
f 6845/10/3 6844/10/3 6843/10/3
f 6846/10/3 6844/10/3 6845/10/3
f 6847/10/3 6844/10/3 6846/10/3
f 6851/7/3 6849/7/3 6848/7/3
f 6852/7/3 6849/7/3 6851/7/3
f 6853/7/3 6851/7/3 6850/7/3
f 6854/7/3 6851/7/3 6853/7/3
f 6859/5/3 6856/5/3 6855/5/3
f 6860/5/3 6856/5/3 6859/5/3
f 6861/2/3 6858/2/3 6857/2/3
f 6862/2/3 6858/2/3 6861/2/3
f 6867/5/3 6864/5/3 6863/5/3
f 6868/5/3 6864/5/3 6867/5/3
f 6869/2/3 6866/2/3 6865/2/3
f 6870/2/3 6866/2/3 6869/2/3
f 6873/6/3 6872/6/3 6871/6/3
f 6874/6/3 6872/6/3 6873/6/3
f 6877/7/3 6876/7/3 6875/7/3
f 6878/7/3 6876/7/3 6877/7/3
f 6883/5/3 6880/5/3 6879/5/3
f 6884/5/3 6880/5/3 6883/5/3
f 6885/2/3 6882/2/3 6881/2/3
f 6886/2/3 6882/2/3 6885/2/3
f 6891/5/3 6888/5/3 6887/5/3
f 6892/5/3 6888/5/3 6891/5/3
f 6893/2/3 6890/2/3 6889/2/3
f 6894/2/3 6890/2/3 6893/2/3
f 6898/6/3 6896/6/3 6895/6/3
f 6898/6/3 6897/6/3 6896/6/3
f 6899/6/3 6897/6/3 6898/6/3
f 6900/6/3 6897/6/3 6899/6/3
f 6905/5/3 6902/5/3 6901/5/3
f 6906/5/3 6902/5/3 6905/5/3
f 6907/2/3 6904/2/3 6903/2/3
f 6908/2/3 6904/2/3 6907/2/3
f 6913/5/3 6910/5/3 6909/5/3
f 6914/5/3 6910/5/3 6913/5/3
f 6915/2/3 6912/2/3 6911/2/3
f 6916/2/3 6912/2/3 6915/2/3
f 6919/6/3 6918/6/3 6917/6/3
f 6920/6/3 6918/6/3 6919/6/3
f 6921/6/3 6920/6/3 6919/6/3
f 6922/6/3 6920/6/3 6921/6/3
f 6925/6/3 6924/6/3 6923/6/3
f 6926/6/3 6924/6/3 6925/6/3
f 6931/5/3 6928/5/3 6927/5/3
f 6932/5/3 6928/5/3 6931/5/3
f 6933/2/3 6930/2/3 6929/2/3
f 6934/2/3 6930/2/3 6933/2/3
f 6937/2/3 6936/2/3 6935/2/3
f 6938/2/3 6936/2/3 6937/2/3
f 6939/2/3 6936/2/3 6938/2/3
f 6940/2/3 6936/2/3 6939/2/3
f 6945/2/3 6942/2/3 6941/2/3
f 6946/6/3 6943/6/3 6942/6/3
f 6946/2/3 6942/2/3 6945/2/3
f 6947/6/3 6943/6/3 6946/6/3
f 6948/2/3 6945/2/3 6944/2/3
f 6949/2/3 6945/2/3 6948/2/3
f 6950/2/3 6947/2/3 6946/2/3
f 6951/2/3 6947/2/3 6950/2/3
f 6954/2/3 6953/2/3 6952/2/3
f 6955/2/3 6953/2/3 6954/2/3
f 6958/2/3 6957/2/3 6956/2/3
f 6959/2/3 6957/2/3 6958/2/3
f 6963/2/3 6961/2/3 6960/2/3
f 6963/2/3 6962/2/3 6961/2/3
f 6964/2/3 6962/2/3 6963/2/3
f 6965/2/3 6962/2/3 6964/2/3
f 6966/2/3 6962/2/3 6965/2/3
f 6969/2/3 6968/2/3 6967/2/3
f 6970/2/3 6968/2/3 6969/2/3
f 6973/5/3 6972/5/3 6971/5/3
f 6974/5/3 6972/5/3 6973/5/3
f 6977/5/3 6976/5/3 6975/5/3
f 6978/5/3 6976/5/3 6977/5/3
f 6979/5/4 6980/5/4 6981/5/4
f 6981/5/4 6980/5/4 6982/5/4
f 6983/3/4 6984/3/4 6985/3/4
f 6985/3/4 6984/3/4 6986/3/4
f 6983/3/4 6985/3/4 6987/3/4
f 6985/1/4 6986/1/4 6988/1/4
f 6987/3/4 6985/3/4 6988/3/4
f 6986/3/4 6984/3/4 6989/3/4
f 6988/1/4 6986/1/4 6989/1/4
f 6989/3/4 6984/3/4 6990/3/4
f 6983/3/4 6987/3/4 6991/3/4
f 6987/1/4 6988/1/4 6992/1/4
f 6991/3/4 6987/3/4 6992/3/4
f 6988/1/4 6989/1/4 6992/1/4
f 6989/1/4 6990/1/4 6992/1/4
f 6992/1/4 6990/1/4 6993/1/4
f 6993/1/4 6990/1/4 6994/1/4
f 6990/3/4 6984/3/4 6995/3/4
f 6994/1/4 6990/1/4 6995/1/4
f 6995/3/4 6984/3/4 6996/3/4
f 6983/3/4 6991/3/4 6997/3/4
f 6991/1/4 6992/1/4 6998/1/4
f 6997/3/4 6991/3/4 6998/3/4
f 6992/1/4 6993/1/4 6998/1/4
f 6998/1/4 6993/1/4 6999/1/4
f 6993/4/4 6994/4/4 7000/4/4
f 6999/1/4 6993/1/4 7000/1/4
f 6995/1/4 6996/1/4 7001/1/4
f 7000/4/4 6994/4/4 7001/4/4
f 6994/1/4 6995/1/4 7001/1/4
f 7001/1/4 6996/1/4 7002/1/4
f 6996/3/4 6984/3/4 7003/3/4
f 7002/1/4 6996/1/4 7003/1/4
f 7003/3/4 6984/3/4 7004/3/4
f 6998/1/4 6999/1/4 7005/1/4
f 6997/1/4 6998/1/4 7005/1/4
f 7001/4/4 7002/4/4 7006/4/4
f 7005/1/4 6999/1/4 7006/1/4
f 6999/4/4 7000/4/4 7006/4/4
f 7000/4/4 7001/4/4 7006/4/4
f 7002/1/4 7003/1/4 7007/1/4
f 7006/4/4 7002/4/4 7007/4/4
f 7003/1/4 7004/1/4 7007/1/4
f 7007/1/4 7004/1/4 7008/1/4
f 6997/1/4 7005/1/4 7009/1/4
f 7005/4/4 7006/4/4 7009/4/4
f 7007/4/4 7008/4/4 7009/4/4
f 7006/4/4 7007/4/4 7009/4/4
f 7009/4/4 7008/4/4 7010/4/4
f 7010/4/4 7008/4/4 7011/4/4
f 7008/1/4 7004/1/4 7012/1/4
f 7011/4/4 7008/4/4 7012/4/4
f 6983/3/4 6997/3/4 7013/3/4
f 6997/1/4 7009/1/4 7013/1/4
f 7009/1/4 7010/1/4 7013/1/4
f 7013/1/4 7010/1/4 7014/1/4
f 7010/4/4 7011/4/4 7015/4/4
f 7014/1/4 7010/1/4 7015/1/4
f 7015/4/4 7011/4/4 7016/4/4
f 7016/4/4 7011/4/4 7017/4/4
f 7011/1/4 7012/1/4 7018/1/4
f 7017/4/4 7011/4/4 7018/4/4
f 7012/1/4 7004/1/4 7019/1/4
f 7018/1/4 7012/1/4 7019/1/4
f 7004/3/4 6984/3/4 7020/3/4
f 7019/1/4 7004/1/4 7020/1/4
f 7013/3/4 7014/3/4 7021/3/4
f 7014/1/4 7015/1/4 7021/1/4
f 7015/1/4 7016/1/4 7021/1/4
f 7021/1/4 7016/1/4 7022/1/4
f 7016/4/4 7017/4/4 7023/4/4
f 7022/1/4 7016/1/4 7023/1/4
f 7018/1/4 7019/1/4 7024/1/4
f 7023/4/4 7017/4/4 7024/4/4
f 7017/1/4 7018/1/4 7024/1/4
f 7024/1/4 7019/1/4 7025/1/4
f 7019/3/4 7020/3/4 7026/3/4
f 7025/1/4 7019/1/4 7026/1/4
f 7022/1/4 7023/1/4 7027/1/4
f 7021/3/4 7022/3/4 7027/3/4
f 7024/1/4 7025/1/4 7027/1/4
f 7023/1/4 7024/1/4 7027/1/4
f 7025/3/4 7026/3/4 7028/3/4
f 7027/1/4 7025/1/4 7028/1/4
f 7027/3/4 7028/3/4 7029/3/4
f 7029/3/4 7028/3/4 7030/3/4
f 7021/3/4 7027/3/4 7031/3/4
f 7027/3/4 7029/3/4 7031/3/4
f 7029/1/4 7030/1/4 7032/1/4
f 7031/3/4 7029/3/4 7032/3/4
f 7030/3/4 7028/3/4 7033/3/4
f 7032/1/4 7030/1/4 7033/1/4
f 7028/3/4 7026/3/4 7034/3/4
f 7033/3/4 7028/3/4 7034/3/4
f 7013/3/4 7021/3/4 7035/3/4
f 7021/3/4 7031/3/4 7035/3/4
f 7031/1/4 7032/1/4 7036/1/4
f 7035/3/4 7031/3/4 7036/3/4
f 7032/1/4 7033/1/4 7036/1/4
f 7033/1/4 7034/1/4 7036/1/4
f 7036/1/4 7034/1/4 7037/1/4
f 7037/1/4 7034/1/4 7038/1/4
f 7034/3/4 7026/3/4 7039/3/4
f 7038/1/4 7034/1/4 7039/1/4
f 7026/3/4 7020/3/4 7040/3/4
f 7039/3/4 7026/3/4 7040/3/4
f 7013/3/4 7035/3/4 7041/3/4
f 6983/3/4 7013/3/4 7041/3/4
f 7035/1/4 7036/1/4 7042/1/4
f 7041/3/4 7035/3/4 7042/3/4
f 7036/1/4 7037/1/4 7042/1/4
f 7042/1/4 7037/1/4 7043/1/4
f 7037/4/4 7038/4/4 7044/4/4
f 7043/1/4 7037/1/4 7044/1/4
f 7038/1/4 7039/1/4 7045/1/4
f 7044/4/4 7038/4/4 7045/4/4
f 7039/1/4 7040/1/4 7045/1/4
f 7045/1/4 7040/1/4 7046/1/4
f 7042/1/4 7043/1/4 7047/1/4
f 7041/1/4 7042/1/4 7047/1/4
f 7043/4/4 7044/4/4 7048/4/4
f 7047/1/4 7043/1/4 7048/1/4
f 7045/4/4 7046/4/4 7048/4/4
f 7044/4/4 7045/4/4 7048/4/4
f 7046/1/4 7040/1/4 7049/1/4
f 7048/4/4 7046/4/4 7049/4/4
f 7049/1/4 7040/1/4 7050/1/4
f 7040/3/4 7020/3/4 7051/3/4
f 7050/1/4 7040/1/4 7051/1/4
f 7020/3/4 6984/3/4 7052/3/4
f 7051/3/4 7020/3/4 7052/3/4
f 7041/1/4 7047/1/4 7053/1/4
f 7047/4/4 7048/4/4 7053/4/4
f 7049/4/4 7050/4/4 7053/4/4
f 7048/4/4 7049/4/4 7053/4/4
f 7053/4/4 7050/4/4 7054/4/4
f 7054/4/4 7050/4/4 7055/4/4
f 7050/1/4 7051/1/4 7056/1/4
f 7055/4/4 7050/4/4 7056/4/4
f 7051/1/4 7052/1/4 7056/1/4
f 7056/1/4 7052/1/4 7057/1/4
f 7052/3/4 6984/3/4 7058/3/4
f 7057/1/4 7052/1/4 7058/1/4
f 7058/3/4 6984/3/4 7059/3/4
f 7053/1/4 7054/1/4 7060/1/4
f 6983/3/4 7041/3/4 7060/3/4
f 7041/1/4 7053/1/4 7060/1/4
f 7060/1/4 7054/1/4 7061/1/4
f 7054/4/4 7055/4/4 7062/4/4
f 7061/1/4 7054/1/4 7062/1/4
f 7062/4/4 7055/4/4 7063/4/4
f 7063/4/4 7055/4/4 7064/4/4
f 7056/1/4 7057/1/4 7065/1/4
f 7064/4/4 7055/4/4 7065/4/4
f 7055/1/4 7056/1/4 7065/1/4
f 7060/3/4 7061/3/4 7066/3/4
f 7062/1/4 7063/1/4 7066/1/4
f 7061/1/4 7062/1/4 7066/1/4
f 7066/1/4 7063/1/4 7067/1/4
f 7063/4/4 7064/4/4 7068/4/4
f 7067/1/4 7063/1/4 7068/1/4
f 7064/1/4 7065/1/4 7069/1/4
f 7068/4/4 7064/4/4 7069/4/4
f 7065/1/4 7057/1/4 7070/1/4
f 7069/1/4 7065/1/4 7070/1/4
f 7058/3/4 7059/3/4 7071/3/4
f 7070/1/4 7057/1/4 7071/1/4
f 7057/3/4 7058/3/4 7071/3/4
f 7071/3/4 7059/3/4 7072/3/4
f 7068/1/4 7069/1/4 7073/1/4
f 7066/3/4 7067/3/4 7073/3/4
f 7069/1/4 7070/1/4 7073/1/4
f 7067/1/4 7068/1/4 7073/1/4
f 7073/1/4 7070/1/4 7074/1/4
f 7074/1/4 7070/1/4 7075/1/4
f 7071/3/4 7072/3/4 7076/3/4
f 7075/1/4 7070/1/4 7076/1/4
f 7070/3/4 7071/3/4 7076/3/4
f 7074/1/4 7075/1/4 7077/1/4
f 7073/3/4 7074/3/4 7077/3/4
f 7075/3/4 7076/3/4 7078/3/4
f 7077/1/4 7075/1/4 7078/1/4
f 7073/3/4 7077/3/4 7079/3/4
f 7077/3/4 7078/3/4 7079/3/4
f 7078/3/4 7076/3/4 7080/3/4
f 7079/3/4 7078/3/4 7080/3/4
f 7073/3/4 7079/3/4 7081/3/4
f 7066/3/4 7073/3/4 7081/3/4
f 7079/1/4 7080/1/4 7082/1/4
f 7081/3/4 7079/3/4 7082/3/4
f 7080/3/4 7076/3/4 7083/3/4
f 7082/1/4 7080/1/4 7083/1/4
f 7076/3/4 7072/3/4 7084/3/4
f 7083/3/4 7076/3/4 7084/3/4
f 7060/3/4 7066/3/4 7085/3/4
f 7066/3/4 7081/3/4 7085/3/4
f 7082/1/4 7083/1/4 7086/1/4
f 7085/3/4 7081/3/4 7086/3/4
f 7081/1/4 7082/1/4 7086/1/4
f 7083/1/4 7084/1/4 7086/1/4
f 7086/1/4 7084/1/4 7087/1/4
f 7087/1/4 7084/1/4 7088/1/4
f 7084/3/4 7072/3/4 7089/3/4
f 7088/1/4 7084/1/4 7089/1/4
f 7089/3/4 7072/3/4 7090/3/4
f 7060/3/4 7085/3/4 7091/3/4
f 6983/3/4 7060/3/4 7091/3/4
f 7085/1/4 7086/1/4 7092/1/4
f 7091/3/4 7085/3/4 7092/3/4
f 7086/1/4 7087/1/4 7092/1/4
f 7092/1/4 7087/1/4 7093/1/4
f 7087/4/4 7088/4/4 7094/4/4
f 7093/1/4 7087/1/4 7094/1/4
f 7089/1/4 7090/1/4 7095/1/4
f 7094/4/4 7088/4/4 7095/4/4
f 7088/1/4 7089/1/4 7095/1/4
f 7095/1/4 7090/1/4 7096/1/4
f 7092/1/4 7093/1/4 7097/1/4
f 6983/3/4 7091/3/4 7097/3/4
f 7091/1/4 7092/1/4 7097/1/4
f 7097/1/4 7093/1/4 7098/1/4
f 7093/4/4 7094/4/4 7099/4/4
f 7098/1/4 7093/1/4 7099/1/4
f 7095/4/4 7096/4/4 7099/4/4
f 7094/4/4 7095/4/4 7099/4/4
f 7099/4/4 7096/4/4 7100/4/4
f 7100/4/4 7096/4/4 7101/4/4
f 7096/1/4 7090/1/4 7102/1/4
f 7101/4/4 7096/4/4 7102/4/4
f 7097/3/4 7098/3/4 7103/3/4
f 7098/1/4 7099/1/4 7103/1/4
f 7099/1/4 7100/1/4 7103/1/4
f 7103/1/4 7100/1/4 7104/1/4
f 7100/4/4 7101/4/4 7105/4/4
f 7104/1/4 7100/1/4 7105/1/4
f 7105/4/4 7101/4/4 7106/4/4
f 7106/4/4 7101/4/4 7107/4/4
f 7101/1/4 7102/1/4 7108/1/4
f 7107/4/4 7101/4/4 7108/4/4
f 7102/1/4 7090/1/4 7109/1/4
f 7108/1/4 7102/1/4 7109/1/4
f 7090/3/4 7072/3/4 7110/3/4
f 7109/1/4 7090/1/4 7110/1/4
f 7103/3/4 7104/3/4 7111/3/4
f 7104/1/4 7105/1/4 7111/1/4
f 7105/1/4 7106/1/4 7111/1/4
f 7111/1/4 7106/1/4 7112/1/4
f 7106/4/4 7107/4/4 7113/4/4
f 7112/1/4 7106/1/4 7113/1/4
f 7108/1/4 7109/1/4 7114/1/4
f 7113/4/4 7107/4/4 7114/4/4
f 7107/1/4 7108/1/4 7114/1/4
f 7114/1/4 7109/1/4 7115/1/4
f 7109/3/4 7110/3/4 7116/3/4
f 7115/1/4 7109/1/4 7116/1/4
f 7112/1/4 7113/1/4 7117/1/4
f 7111/3/4 7112/3/4 7117/3/4
f 7114/1/4 7115/1/4 7117/1/4
f 7113/1/4 7114/1/4 7117/1/4
f 7117/1/4 7115/1/4 7118/1/4
f 7118/1/4 7115/1/4 7119/1/4
f 7115/3/4 7116/3/4 7120/3/4
f 7119/1/4 7115/1/4 7120/1/4
f 7103/3/4 7111/3/4 7121/3/4
f 6983/3/4 7097/3/4 7121/3/4
f 7097/3/4 7103/3/4 7121/3/4
f 7117/3/4 7118/3/4 7121/3/4
f 7111/3/4 7117/3/4 7121/3/4
f 7118/1/4 7119/1/4 7122/1/4
f 7121/3/4 7118/3/4 7122/3/4
f 7119/3/4 7120/3/4 7123/3/4
f 7122/1/4 7119/1/4 7123/1/4
f 7116/3/4 7110/3/4 7124/3/4
f 7123/3/4 7120/3/4 7124/3/4
f 7120/3/4 7116/3/4 7124/3/4
f 7110/3/4 7072/3/4 7124/3/4
f 7125/5/4 7126/5/4 7127/5/4
f 7127/5/4 7126/5/4 7128/5/4
f 7129/2/4 7130/2/4 7131/2/4
f 7131/2/4 7130/2/4 7132/2/4
f 7133/5/4 7134/5/4 7137/5/4
f 7137/5/4 7134/5/4 7138/5/4
f 7135/2/4 7136/2/4 7139/2/4
f 7139/2/4 7136/2/4 7140/2/4
f 7141/2/4 7142/2/4 7143/2/4
f 7143/2/4 7142/2/4 7144/2/4
f 7145/5/4 7146/5/4 7149/5/4
f 7149/5/4 7146/5/4 7150/5/4
f 7147/2/4 7148/2/4 7151/2/4
f 7151/2/4 7148/2/4 7152/2/4
f 7153/5/4 7154/5/4 7157/5/4
f 7157/5/4 7154/5/4 7158/5/4
f 7155/2/4 7156/2/4 7159/2/4
f 7159/2/4 7156/2/4 7160/2/4
f 7161/6/4 7162/6/4 7163/6/4
f 7163/6/4 7162/6/4 7164/6/4
f 7165/5/4 7166/5/4 7169/5/4
f 7169/5/4 7166/5/4 7170/5/4
f 7167/2/4 7168/2/4 7171/2/4
f 7171/2/4 7168/2/4 7172/2/4
f 7173/5/4 7174/5/4 7177/5/4
f 7177/5/4 7174/5/4 7178/5/4
f 7175/2/4 7176/2/4 7179/2/4
f 7179/2/4 7176/2/4 7180/2/4
f 7181/6/4 7182/6/4 7184/6/4
f 7182/11/4 7183/11/4 7185/11/4
f 7184/6/4 7182/6/4 7185/6/4
f 7185/11/4 7183/11/4 7186/11/4
f 7187/6/4 7188/6/4 7189/6/4
f 7189/6/4 7188/6/4 7190/6/4
f 7191/7/4 7192/7/4 7193/7/4
f 7193/7/4 7192/7/4 7194/7/4
f 7195/7/4 7196/7/4 7197/7/4
f 7197/7/4 7196/7/4 7198/7/4
f 7199/5/4 7200/5/4 7203/5/4
f 7203/5/4 7200/5/4 7204/5/4
f 7201/2/4 7202/2/4 7205/2/4
f 7205/2/4 7202/2/4 7206/2/4
f 7207/5/4 7208/5/4 7211/5/4
f 7211/5/4 7208/5/4 7212/5/4
f 7209/2/4 7210/2/4 7213/2/4
f 7213/2/4 7210/2/4 7214/2/4
f 7215/6/4 7216/6/4 7218/6/4
f 7216/13/4 7217/13/4 7219/13/4
f 7218/6/4 7216/6/4 7219/6/4
f 7219/13/4 7217/13/4 7220/13/4
f 7221/6/4 7222/6/4 7224/6/4
f 7222/10/4 7223/10/4 7225/10/4
f 7224/6/4 7222/6/4 7225/6/4
f 7225/10/4 7223/10/4 7226/10/4
f 7227/6/4 7228/6/4 7229/6/4
f 7229/6/4 7228/6/4 7230/6/4
f 7227/6/4 7229/6/4 7231/6/4
f 7231/6/4 7229/6/4 7232/6/4
f 7233/7/4 7234/7/4 7237/7/4
f 7237/7/4 7234/7/4 7238/7/4
f 7235/7/4 7236/7/4 7239/7/4
f 7239/7/4 7236/7/4 7240/7/4
f 7241/7/4 7242/7/4 7243/7/4
f 7243/7/4 7242/7/4 7244/7/4
f 7245/5/4 7246/5/4 7249/5/4
f 7249/5/4 7246/5/4 7250/5/4
f 7247/2/4 7248/2/4 7251/2/4
f 7251/2/4 7248/2/4 7252/2/4
f 7253/5/4 7254/5/4 7257/5/4
f 7257/5/4 7254/5/4 7258/5/4
f 7255/2/4 7256/2/4 7259/2/4
f 7259/2/4 7256/2/4 7260/2/4
f 7261/6/4 7262/6/4 7264/6/4
f 7262/7/4 7263/7/4 7265/7/4
f 7264/6/4 7262/6/4 7265/6/4
f 7265/7/4 7263/7/4 7266/7/4
f 7267/6/4 7268/6/4 7270/6/4
f 7268/7/4 7269/7/4 7271/7/4
f 7270/6/4 7268/6/4 7271/6/4
f 7271/7/4 7269/7/4 7272/7/4
f 7273/7/4 7274/7/4 7275/7/4
f 7275/7/4 7274/7/4 7276/7/4
f 7276/7/4 7277/7/4 7278/7/4
f 7278/7/4 7277/7/4 7279/7/4
f 7279/7/4 7277/7/4 7280/7/4
f 7280/7/4 7277/7/4 7281/7/4
f 7282/6/4 7283/6/4 7285/6/4
f 7283/6/4 7284/6/4 7285/6/4
f 7285/6/4 7284/6/4 7286/6/4
f 7287/5/4 7288/5/4 7291/5/4
f 7291/5/4 7288/5/4 7292/5/4
f 7289/2/4 7290/2/4 7293/2/4
f 7293/2/4 7290/2/4 7294/2/4
f 7295/5/4 7296/5/4 7299/5/4
f 7299/5/4 7296/5/4 7300/5/4
f 7297/2/4 7298/2/4 7301/2/4
f 7301/2/4 7298/2/4 7302/2/4
f 7303/8/4 7304/8/4 7305/8/4
f 7305/8/4 7304/8/4 7306/8/4
f 7305/6/4 7306/6/4 7307/6/4
f 7307/6/4 7306/6/4 7308/6/4
f 7307/7/4 7308/7/4 7312/7/4
f 7312/7/4 7308/7/4 7313/7/4
f 7309/8/4 7310/8/4 7314/8/4
f 7310/6/4 7311/6/4 7315/6/4
f 7314/8/4 7310/8/4 7315/8/4
f 7311/6/4 7312/6/4 7315/6/4
f 7315/6/4 7312/6/4 7316/6/4
f 7317/5/4 7318/5/4 7321/5/4
f 7321/5/4 7318/5/4 7322/5/4
f 7319/2/4 7320/2/4 7323/2/4
f 7323/2/4 7320/2/4 7324/2/4
f 7325/5/4 7326/5/4 7329/5/4
f 7329/5/4 7326/5/4 7330/5/4
f 7327/2/4 7328/2/4 7331/2/4
f 7331/2/4 7328/2/4 7332/2/4
f 7333/6/4 7334/6/4 7335/6/4
f 7335/6/4 7334/6/4 7336/6/4
f 7337/11/4 7338/11/4 7339/11/4
f 7339/11/4 7338/11/4 7340/11/4
f 7341/8/4 7342/8/4 7344/8/4
f 7342/6/4 7343/6/4 7345/6/4
f 7344/8/4 7342/8/4 7345/8/4
f 7345/6/4 7343/6/4 7346/6/4
f 7347/5/4 7348/5/4 7351/5/4
f 7351/5/4 7348/5/4 7352/5/4
f 7349/2/4 7350/2/4 7353/2/4
f 7353/2/4 7350/2/4 7354/2/4
f 7355/5/4 7356/5/4 7359/5/4
f 7359/5/4 7356/5/4 7360/5/4
f 7357/2/4 7358/2/4 7361/2/4
f 7361/2/4 7358/2/4 7362/2/4
f 7363/6/4 7364/6/4 7365/6/4
f 7365/6/4 7364/6/4 7366/6/4
f 7363/6/4 7365/6/4 7367/6/4
f 7367/6/4 7365/6/4 7368/6/4
f 7369/6/4 7370/6/4 7371/6/4
f 7371/6/4 7370/6/4 7372/6/4
f 7373/7/4 7374/7/4 7375/7/4
f 7375/7/4 7374/7/4 7376/7/4
f 7376/7/4 7374/7/4 7377/7/4
f 7378/6/4 7379/6/4 7380/6/4
f 7380/6/4 7379/6/4 7381/6/4
f 7382/5/4 7383/5/4 7386/5/4
f 7386/5/4 7383/5/4 7387/5/4
f 7384/2/4 7385/2/4 7388/2/4
f 7388/2/4 7385/2/4 7389/2/4
f 7390/5/4 7391/5/4 7394/5/4
f 7394/5/4 7391/5/4 7395/5/4
f 7392/2/4 7393/2/4 7396/2/4
f 7396/2/4 7393/2/4 7397/2/4
f 7398/6/4 7399/6/4 7402/6/4
f 7402/6/4 7399/6/4 7403/6/4
f 7400/8/4 7401/8/4 7404/8/4
f 7404/8/4 7401/8/4 7405/8/4
f 7402/6/4 7403/6/4 7406/6/4
f 7402/6/4 7406/6/4 7408/6/4
f 7406/6/4 7407/6/4 7408/6/4
f 7408/6/4 7407/6/4 7409/6/4
f 7410/6/4 7411/6/4 7412/6/4
f 7412/6/4 7411/6/4 7413/6/4
f 7414/5/4 7415/5/4 7418/5/4
f 7418/5/4 7415/5/4 7419/5/4
f 7416/2/4 7417/2/4 7420/2/4
f 7420/2/4 7417/2/4 7421/2/4
f 7422/5/4 7423/5/4 7426/5/4
f 7426/5/4 7423/5/4 7427/5/4
f 7424/2/4 7425/2/4 7428/2/4
f 7428/2/4 7425/2/4 7429/2/4
f 7430/6/4 7431/6/4 7432/6/4
f 7432/6/4 7431/6/4 7433/6/4
f 7434/5/4 7435/5/4 7438/5/4
f 7438/5/4 7435/5/4 7439/5/4
f 7436/2/4 7437/2/4 7440/2/4
f 7440/2/4 7437/2/4 7441/2/4
f 7442/5/4 7443/5/4 7446/5/4
f 7446/5/4 7443/5/4 7447/5/4
f 7444/2/4 7445/2/4 7448/2/4
f 7448/2/4 7445/2/4 7449/2/4
f 7450/6/4 7451/6/4 7452/6/4
f 7452/6/4 7451/6/4 7453/6/4
f 7454/5/4 7455/5/4 7458/5/4
f 7458/5/4 7455/5/4 7459/5/4
f 7456/2/4 7457/2/4 7460/2/4
f 7460/2/4 7457/2/4 7461/2/4
f 7462/5/4 7463/5/4 7466/5/4
f 7466/5/4 7463/5/4 7467/5/4
f 7464/2/4 7465/2/4 7468/2/4
f 7468/2/4 7465/2/4 7469/2/4
f 7470/6/4 7471/6/4 7472/6/4
f 7472/6/4 7471/6/4 7473/6/4
f 7474/6/4 7475/6/4 7476/6/4
f 7476/6/4 7475/6/4 7477/6/4
f 7478/13/4 7479/13/4 7480/13/4
f 7480/13/4 7479/13/4 7481/13/4
f 7482/5/4 7483/5/4 7486/5/4
f 7486/5/4 7483/5/4 7487/5/4
f 7484/2/4 7485/2/4 7488/2/4
f 7488/2/4 7485/2/4 7489/2/4
f 7490/5/4 7491/5/4 7494/5/4
f 7494/5/4 7491/5/4 7495/5/4
f 7492/2/4 7493/2/4 7496/2/4
f 7496/2/4 7493/2/4 7497/2/4
f 7498/6/4 7499/6/4 7501/6/4
f 7499/7/4 7500/7/4 7502/7/4
f 7501/6/4 7499/6/4 7502/6/4
f 7502/7/4 7500/7/4 7503/7/4
f 7504/7/4 7505/7/4 7506/7/4
f 7506/7/4 7505/7/4 7507/7/4
f 7506/6/4 7507/6/4 7510/6/4
f 7510/6/4 7507/6/4 7511/6/4
f 7508/6/4 7509/6/4 7512/6/4
f 7512/6/4 7509/6/4 7513/6/4
f 7514/13/4 7515/13/4 7516/13/4
f 7516/13/4 7515/13/4 7517/13/4
f 7518/8/4 7519/8/4 7520/8/4
f 7520/8/4 7519/8/4 7521/8/4
f 7522/6/4 7523/6/4 7524/6/4
f 7524/6/4 7523/6/4 7525/6/4
f 7526/5/4 7527/5/4 7530/5/4
f 7530/5/4 7527/5/4 7531/5/4
f 7528/2/4 7529/2/4 7532/2/4
f 7532/2/4 7529/2/4 7533/2/4
f 7534/6/4 7535/6/4 7537/6/4
f 7537/6/4 7535/6/4 7538/6/4
f 7535/7/4 7536/7/4 7539/7/4
f 7538/6/4 7535/6/4 7539/6/4
f 7539/7/4 7536/7/4 7540/7/4
f 7540/7/4 7536/7/4 7541/7/4
f 7542/8/4 7543/8/4 7546/8/4
f 7546/8/4 7543/8/4 7547/8/4
f 7544/6/4 7545/6/4 7548/6/4
f 7548/6/4 7545/6/4 7549/6/4
f 7548/7/4 7549/7/4 7550/7/4
f 7550/7/4 7549/7/4 7551/7/4
f 7552/7/4 7553/7/4 7554/7/4
f 7554/7/4 7553/7/4 7555/7/4
f 7556/6/4 7557/6/4 7558/6/4
f 7558/6/4 7557/6/4 7559/6/4
f 7559/6/4 7560/6/4 7561/6/4
f 7561/6/4 7560/6/4 7562/6/4
f 7563/6/4 7564/6/4 7565/6/4
f 7565/6/4 7564/6/4 7566/6/4
f 7566/6/4 7567/6/4 7568/6/4
f 7568/6/4 7567/6/4 7569/6/4
f 7570/11/4 7571/11/4 7573/11/4
f 7573/11/4 7571/11/4 7574/11/4
f 7572/13/4 7573/13/4 7577/13/4
f 7577/13/4 7573/13/4 7578/13/4
f 7575/7/4 7576/7/4 7579/7/4
f 7579/7/4 7576/7/4 7580/7/4
f 7581/6/4 7582/6/4 7583/6/4
f 7583/6/4 7582/6/4 7584/6/4
f 7585/7/4 7586/7/4 7588/7/4
f 7586/10/4 7587/10/4 7589/10/4
f 7588/7/4 7586/7/4 7589/7/4
f 7589/10/4 7587/10/4 7590/10/4
f 7591/8/4 7592/8/4 7594/8/4
f 7592/6/4 7593/6/4 7595/6/4
f 7594/8/4 7592/8/4 7595/8/4
f 7595/6/4 7593/6/4 7596/6/4
f 7594/6/4 7595/6/4 7598/6/4
f 7595/6/4 7596/6/4 7598/6/4
f 7598/6/4 7596/6/4 7599/6/4
f 7596/7/4 7597/7/4 7602/7/4
f 7599/6/4 7596/6/4 7602/6/4
f 7602/7/4 7597/7/4 7603/7/4
f 7600/6/4 7601/6/4 7604/6/4
f 7604/6/4 7601/6/4 7605/6/4
f 7599/6/4 7602/6/4 7606/6/4
f 7602/6/4 7603/6/4 7606/6/4
f 7606/6/4 7603/6/4 7607/6/4
f 7607/6/4 7603/6/4 7608/6/4
f 7608/6/4 7603/6/4 7609/6/4
f 7609/6/4 7603/6/4 7610/6/4
f 7611/7/4 7612/7/4 7613/7/4
f 7613/7/4 7612/7/4 7614/7/4
f 7614/7/4 7612/7/4 7615/7/4
f 7615/7/4 7612/7/4 7616/7/4
f 7616/7/4 7617/7/4 7618/7/4
f 7618/7/4 7617/7/4 7619/7/4
f 7620/6/4 7621/6/4 7622/6/4
f 7622/6/4 7621/6/4 7623/6/4
f 7624/6/4 7625/6/4 7628/6/4
f 7628/6/4 7625/6/4 7629/6/4
f 7626/6/4 7627/6/4 7631/6/4
f 7631/6/4 7627/6/4 7632/6/4
f 7629/7/4 7630/7/4 7633/7/4
f 7633/7/4 7630/7/4 7634/7/4
f 7633/10/4 7634/10/4 7635/10/4
f 7635/10/4 7634/10/4 7636/10/4
f 7635/11/4 7636/11/4 7638/11/4
f 7638/11/4 7636/11/4 7639/11/4
f 7637/7/4 7638/7/4 7640/7/4
f 7640/7/4 7638/7/4 7641/7/4
f 7641/7/4 7638/7/4 7642/7/4
f 7640/11/4 7641/11/4 7645/11/4
f 7645/11/4 7641/11/4 7646/11/4
f 7643/6/4 7644/6/4 7647/6/4
f 7647/6/4 7644/6/4 7648/6/4
f 7649/7/4 7650/7/4 7651/7/4
f 7651/7/4 7650/7/4 7652/7/4
f 7653/7/4 7654/7/4 7656/7/4
f 7654/8/4 7655/8/4 7657/8/4
f 7656/7/4 7654/7/4 7657/7/4
f 7657/8/4 7655/8/4 7658/8/4
f 7659/7/4 7660/7/4 7661/7/4
f 7661/7/4 7660/7/4 7662/7/4
f 7663/11/4 7664/11/4 7665/11/4
f 7665/11/4 7664/11/4 7666/11/4
f 7667/6/4 7668/6/4 7671/6/4
f 7671/6/4 7668/6/4 7672/6/4
f 7672/6/4 7668/6/4 7673/6/4
f 7671/6/4 7672/6/4 7674/6/4
f 7672/7/4 7673/7/4 7675/7/4
f 7674/6/4 7672/6/4 7675/6/4
f 7674/7/4 7675/7/4 7676/7/4
f 7675/7/4 7673/7/4 7677/7/4
f 7676/7/4 7675/7/4 7677/7/4
f 7669/6/4 7670/6/4 7678/6/4
f 7678/6/4 7670/6/4 7679/6/4
f 7680/6/4 7681/6/4 7682/6/4
f 7682/6/4 7681/6/4 7683/6/4
f 7684/6/4 7685/6/4 7686/6/4
f 7686/6/4 7685/6/4 7687/6/4
f 7687/6/4 7688/6/4 7695/6/4
f 7688/7/4 7689/7/4 7696/7/4
f 7695/6/4 7688/6/4 7696/6/4
f 7689/10/4 7690/10/4 7697/10/4
f 7696/7/4 7689/7/4 7697/7/4
f 7690/11/4 7691/11/4 7698/11/4
f 7697/10/4 7690/10/4 7698/10/4
f 7691/13/4 7692/13/4 7699/13/4
f 7698/11/4 7691/11/4 7699/11/4
f 7699/13/4 7692/13/4 7700/13/4
f 7693/6/4 7694/6/4 7701/6/4
f 7701/6/4 7694/6/4 7702/6/4
f 7697/7/4 7698/7/4 7703/7/4
f 7699/11/4 7700/11/4 7704/11/4
f 7703/7/4 7698/7/4 7704/7/4
f 7698/11/4 7699/11/4 7704/11/4
f 7704/11/4 7700/11/4 7705/11/4
f 7705/11/4 7700/11/4 7706/11/4
f 7707/6/4 7708/6/4 7709/6/4
f 7709/6/4 7708/6/4 7710/6/4
f 7711/7/4 7712/7/4 7714/7/4
f 7712/6/4 7713/6/4 7715/6/4
f 7714/7/4 7712/7/4 7715/7/4
f 7715/6/4 7713/6/4 7716/6/4
f 7717/6/4 7718/6/4 7719/6/4
f 7719/6/4 7718/6/4 7720/6/4
f 7721/11/4 7722/11/4 7723/11/4
f 7723/11/4 7722/11/4 7724/11/4
f 7725/6/4 7726/6/4 7729/6/4
f 7726/7/4 7727/7/4 7730/7/4
f 7729/6/4 7726/6/4 7730/6/4
f 7730/7/4 7727/7/4 7731/7/4
f 7728/7/4 7729/7/4 7732/7/4
f 7732/7/4 7729/7/4 7733/7/4
f 7734/6/4 7735/6/4 7737/6/4
f 7735/6/4 7736/6/4 7737/6/4
f 7737/6/4 7736/6/4 7738/6/4
f 7739/2/4 7740/2/4 7743/2/4
f 7743/2/4 7740/2/4 7744/2/4
f 7744/2/4 7740/2/4 7745/2/4
f 7745/2/4 7740/2/4 7746/2/4
f 7741/2/4 7742/2/4 7747/2/4
f 7747/2/4 7742/2/4 7748/2/4
f 7748/2/4 7742/2/4 7749/2/4
f 7749/2/4 7742/2/4 7750/2/4
f 7751/6/4 7752/6/4 7755/6/4
f 7755/6/4 7752/6/4 7756/6/4
f 7753/6/4 7754/6/4 7757/6/4
f 7757/6/4 7754/6/4 7758/6/4
f 7758/6/4 7754/6/4 7759/6/4
f 7759/7/4 7760/7/4 7763/7/4
f 7763/7/4 7760/7/4 7764/7/4
f 7764/7/4 7760/7/4 7765/7/4
f 7765/7/4 7766/7/4 7767/7/4
f 7767/7/4 7766/7/4 7768/7/4
f 7765/7/4 7767/7/4 7769/7/4
f 7767/6/4 7768/6/4 7770/6/4
f 7769/7/4 7767/7/4 7770/7/4
f 7770/6/4 7768/6/4 7771/6/4
f 7761/6/4 7762/6/4 7772/6/4
f 7772/6/4 7762/6/4 7773/6/4
f 7774/7/4 7775/7/4 7777/7/4
f 7775/6/4 7776/6/4 7778/6/4
f 7777/7/4 7775/7/4 7778/7/4
f 7778/6/4 7776/6/4 7779/6/4
f 7780/7/4 7781/7/4 7782/7/4
f 7782/7/4 7781/7/4 7783/7/4
f 7783/7/4 7784/7/4 7785/7/4
f 7785/7/4 7784/7/4 7786/7/4
f 7785/11/4 7786/11/4 7788/11/4
f 7788/11/4 7786/11/4 7789/11/4
f 7787/7/4 7788/7/4 7791/7/4
f 7790/7/4 7791/7/4 7792/7/4
f 7791/7/4 7788/7/4 7793/7/4
f 7792/7/4 7791/7/4 7793/7/4
f 7794/8/4 7795/8/4 7796/8/4
f 7796/8/4 7795/8/4 7797/8/4
f 7798/8/4 7799/8/4 7800/8/4
f 7800/8/4 7799/8/4 7801/8/4
f 7798/8/4 7800/8/4 7803/8/4
f 7800/6/4 7801/6/4 7804/6/4
f 7803/8/4 7800/8/4 7804/8/4
f 7804/6/4 7801/6/4 7805/6/4
f 7802/8/4 7803/8/4 7806/8/4
f 7806/8/4 7803/8/4 7807/8/4
f 7808/2/4 7809/2/4 7816/2/4
f 7809/2/4 7810/2/4 7816/2/4
f 7810/2/4 7811/2/4 7816/2/4
f 7816/2/4 7811/2/4 7817/2/4
f 7814/2/4 7815/2/4 7818/2/4
f 7813/2/4 7814/2/4 7818/2/4
f 7812/2/4 7813/2/4 7818/2/4
f 7818/2/4 7815/2/4 7819/2/4
f 7820/5/4 7821/5/4 7824/5/4
f 7824/5/4 7821/5/4 7825/5/4
f 7822/2/4 7823/2/4 7826/2/4
f 7826/2/4 7823/2/4 7827/2/4
f 7828/8/4 7829/8/4 7831/8/4
f 7829/6/4 7830/6/4 7832/6/4
f 7831/8/4 7829/8/4 7832/8/4
f 7832/6/4 7830/6/4 7833/6/4
f 7833/6/4 7834/6/4 7836/6/4
f 7834/7/4 7835/7/4 7837/7/4
f 7836/6/4 7834/6/4 7837/6/4
f 7837/7/4 7835/7/4 7838/7/4
f 7839/6/4 7840/6/4 7841/6/4
f 7841/6/4 7840/6/4 7842/6/4
f 7842/6/4 7840/6/4 7843/6/4
f 7844/6/4 7845/6/4 7848/6/4
f 7845/7/4 7846/7/4 7849/7/4
f 7848/6/4 7845/6/4 7849/6/4
f 7846/10/4 7847/10/4 7850/10/4
f 7849/7/4 7846/7/4 7850/7/4
f 7850/10/4 7847/10/4 7851/10/4
f 7851/7/4 7852/7/4 7853/7/4
f 7853/7/4 7852/7/4 7854/7/4
f 7855/7/4 7856/7/4 7859/7/4
f 7859/7/4 7856/7/4 7860/7/4
f 7857/6/4 7858/6/4 7861/6/4
f 7858/6/4 7859/6/4 7861/6/4
f 7861/6/4 7859/6/4 7862/6/4
f 7862/6/4 7859/6/4 7863/6/4
f 7864/6/4 7865/6/4 7867/6/4
f 7865/8/4 7866/8/4 7868/8/4
f 7867/6/4 7865/6/4 7868/6/4
f 7868/8/4 7866/8/4 7869/8/4
f 7868/7/4 7869/7/4 7870/7/4
f 7868/7/4 7870/7/4 7872/7/4
f 7870/7/4 7871/7/4 7872/7/4
f 7872/7/4 7871/7/4 7873/7/4
f 7873/7/4 7871/7/4 7874/7/4
f 7874/7/4 7871/7/4 7875/7/4
f 7875/7/4 7871/7/4 7876/7/4
f 7877/8/4 7878/8/4 7881/8/4
f 7881/8/4 7878/8/4 7882/8/4
f 7879/8/4 7880/8/4 7883/8/4
f 7880/8/4 7881/8/4 7883/8/4
f 7883/8/4 7881/8/4 7884/8/4
f 7885/8/4 7886/8/4 7887/8/4
f 7887/8/4 7886/8/4 7888/8/4
f 7889/5/4 7890/5/4 7893/5/4
f 7893/5/4 7890/5/4 7894/5/4
f 7891/2/4 7892/2/4 7895/2/4
f 7895/2/4 7892/2/4 7896/2/4
f 7897/6/4 7898/6/4 7899/6/4
f 7899/6/4 7898/6/4 7900/6/4
f 7901/6/4 7902/6/4 7904/6/4
f 7902/8/4 7903/8/4 7905/8/4
f 7904/6/4 7902/6/4 7905/6/4
f 7905/8/4 7903/8/4 7906/8/4
f 7906/8/4 7903/8/4 7907/8/4
f 7907/6/4 7908/6/4 7910/6/4
f 7908/7/4 7909/7/4 7911/7/4
f 7910/6/4 7908/6/4 7911/6/4
f 7911/7/4 7909/7/4 7912/7/4
f 7912/7/4 7913/7/4 7915/7/4
f 7913/11/4 7914/11/4 7916/11/4
f 7915/7/4 7913/7/4 7916/7/4
f 7916/11/4 7914/11/4 7918/11/4
f 7918/11/4 7914/11/4 7919/11/4
f 7917/7/4 7918/7/4 7920/7/4
f 7920/7/4 7918/7/4 7921/7/4
f 7922/8/4 7923/8/4 7924/8/4
f 7924/8/4 7923/8/4 7925/8/4
f 7926/6/4 7927/6/4 7929/6/4
f 7927/8/4 7928/8/4 7930/8/4
f 7929/6/4 7927/6/4 7930/6/4
f 7930/8/4 7928/8/4 7931/8/4
f 7932/8/4 7933/8/4 7934/8/4
f 7934/8/4 7933/8/4 7935/8/4
f 7936/6/4 7937/6/4 7939/6/4
f 7937/7/4 7938/7/4 7940/7/4
f 7939/6/4 7937/6/4 7940/6/4
f 7940/7/4 7938/7/4 7941/7/4
f 7941/7/4 7938/7/4 7942/7/4
f 7942/7/4 7943/7/4 7944/7/4
f 7941/7/4 7942/7/4 7944/7/4
f 7944/7/4 7943/7/4 7945/7/4
f 7945/7/4 7943/7/4 7946/7/4
f 7944/6/4 7945/6/4 7947/6/4
f 7947/6/4 7945/6/4 7948/6/4
f 7949/7/4 7950/7/4 7951/7/4
f 7951/7/4 7950/7/4 7952/7/4
f 7952/7/4 7950/7/4 7953/7/4
f 7954/8/4 7955/8/4 7956/8/4
f 7956/8/4 7955/8/4 7957/8/4
f 7958/8/4 7959/8/4 7960/8/4
f 7960/8/4 7959/8/4 7961/8/4
f 7962/8/4 7963/8/4 7964/8/4
f 7964/8/4 7963/8/4 7965/8/4
f 7966/8/4 7967/8/4 7968/8/4
f 7966/8/4 7968/8/4 7969/8/4
f 7969/8/4 7968/8/4 7970/8/4
f 7971/5/4 7972/5/4 7973/5/4
f 7973/5/4 7972/5/4 7974/5/4
f 7975/8/4 7976/8/4 7977/8/4
f 7977/8/4 7976/8/4 7978/8/4
f 7979/6/4 7980/6/4 7981/6/4
f 7981/6/4 7980/6/4 7982/6/4
f 7983/7/4 7984/7/4 7985/7/4
f 7985/7/4 7984/7/4 7986/7/4
f 7987/7/4 7988/7/4 7989/7/4
f 7989/7/4 7988/7/4 7990/7/4
f 7991/7/4 7992/7/4 7993/7/4
f 7993/7/4 7992/7/4 7994/7/4
f 7995/5/4 7996/5/4 7997/5/4
f 7997/5/4 7996/5/4 7998/5/4
f 7999/2/4 8000/2/4 8003/2/4
f 8003/2/4 8000/2/4 8004/2/4
f 8001/5/4 8002/5/4 8005/5/4
f 8005/5/4 8002/5/4 8006/5/4
f 8007/6/4 8008/6/4 8009/6/4
f 8009/6/4 8008/6/4 8010/6/4
f 8011/6/4 8012/6/4 8014/6/4
f 8012/7/4 8013/7/4 8015/7/4
f 8014/6/4 8012/6/4 8015/6/4
f 8015/7/4 8013/7/4 8016/7/4
f 8017/13/4 8018/13/4 8019/13/4
f 8019/13/4 8018/13/4 8020/13/4
f 8021/7/4 8022/7/4 8023/7/4
f 8023/7/4 8022/7/4 8024/7/4
f 8025/8/4 8026/8/4 8027/8/4
f 8027/8/4 8026/8/4 8028/8/4
f 8027/7/4 8028/7/4 8029/7/4
f 8029/7/4 8028/7/4 8030/7/4
f 8031/6/4 8032/6/4 8036/6/4
f 8032/6/4 8033/6/4 8036/6/4
f 8036/6/4 8033/6/4 8037/6/4
f 8034/6/4 8035/6/4 8038/6/4
f 8038/6/4 8035/6/4 8039/6/4
f 8040/2/4 8041/2/4 8044/2/4
f 8044/2/4 8041/2/4 8045/2/4
f 8042/5/4 8043/5/4 8046/5/4
f 8046/5/4 8043/5/4 8047/5/4
f 8048/2/4 8049/2/4 8052/2/4
f 8052/2/4 8049/2/4 8053/2/4
f 8050/5/4 8051/5/4 8054/5/4
f 8054/5/4 8051/5/4 8055/5/4
f 8056/6/4 8057/6/4 8058/6/4
f 8058/6/4 8057/6/4 8059/6/4
f 8060/13/4 8061/13/4 8062/13/4
f 8062/13/4 8061/13/4 8063/13/4
f 8064/11/4 8065/11/4 8066/11/4
f 8066/11/4 8065/11/4 8067/11/4
f 8068/6/4 8069/6/4 8071/6/4
f 8069/7/4 8070/7/4 8072/7/4
f 8071/6/4 8069/6/4 8072/6/4
f 8072/7/4 8070/7/4 8073/7/4
f 8073/7/4 8070/7/4 8074/7/4
f 8074/7/4 8070/7/4 8075/7/4
f 8076/11/4 8077/11/4 8078/11/4
f 8078/11/4 8077/11/4 8079/11/4
f 8078/13/4 8079/13/4 8080/13/4
f 8080/13/4 8079/13/4 8081/13/4
f 8082/7/4 8083/7/4 8086/7/4
f 8083/11/4 8084/11/4 8087/11/4
f 8086/7/4 8083/7/4 8087/7/4
f 8087/11/4 8084/11/4 8088/11/4
f 8085/7/4 8086/7/4 8089/7/4
f 8089/7/4 8086/7/4 8090/7/4
f 8091/6/4 8092/6/4 8094/6/4
f 8092/6/4 8093/6/4 8094/6/4
f 8094/6/4 8093/6/4 8095/6/4
f 8096/7/4 8097/7/4 8099/7/4
f 8098/8/4 8099/8/4 8102/8/4
f 8099/7/4 8097/7/4 8103/7/4
f 8102/8/4 8099/8/4 8103/8/4
f 8103/7/4 8097/7/4 8104/7/4
f 8101/6/4 8102/6/4 8105/6/4
f 8100/6/4 8101/6/4 8105/6/4
f 8102/7/4 8103/7/4 8106/7/4
f 8105/6/4 8102/6/4 8106/6/4
f 8106/7/4 8103/7/4 8107/7/4
f 8100/6/4 8105/6/4 8108/6/4
f 8108/6/4 8105/6/4 8109/6/4
f 8110/2/4 8111/2/4 8114/2/4
f 8114/2/4 8111/2/4 8115/2/4
f 8112/5/4 8113/5/4 8116/5/4
f 8116/5/4 8113/5/4 8117/5/4
f 8118/2/4 8119/2/4 8122/2/4
f 8122/2/4 8119/2/4 8123/2/4
f 8120/5/4 8121/5/4 8124/5/4
f 8124/5/4 8121/5/4 8125/5/4
f 8126/6/4 8127/6/4 8128/6/4
f 8128/6/4 8127/6/4 8129/6/4
f 8130/6/4 8131/6/4 8132/6/4
f 8132/6/4 8131/6/4 8133/6/4
f 8134/10/4 8135/10/4 8137/10/4
f 8135/11/4 8136/11/4 8138/11/4
f 8137/10/4 8135/10/4 8138/10/4
f 8138/11/4 8136/11/4 8139/11/4
f 8139/11/4 8140/11/4 8141/11/4
f 8141/11/4 8140/11/4 8142/11/4
f 8142/11/4 8140/11/4 8143/11/4
f 8143/13/4 8144/13/4 8145/13/4
f 8145/13/4 8144/13/4 8146/13/4
f 8147/7/4 8148/7/4 8150/7/4
f 8148/11/4 8149/11/4 8151/11/4
f 8150/7/4 8148/7/4 8151/7/4
f 8151/11/4 8149/11/4 8152/11/4
f 8153/6/4 8154/6/4 8157/6/4
f 8157/6/4 8154/6/4 8158/6/4
f 8155/6/4 8156/6/4 8159/6/4
f 8159/6/4 8156/6/4 8160/6/4
f 8161/6/4 8162/6/4 8164/6/4
f 8162/7/4 8163/7/4 8165/7/4
f 8164/6/4 8162/6/4 8165/6/4
f 8165/7/4 8163/7/4 8166/7/4
f 8167/7/4 8168/7/4 8170/7/4
f 8168/11/4 8169/11/4 8171/11/4
f 8170/7/4 8168/7/4 8171/7/4
f 8171/11/4 8169/11/4 8172/11/4
f 8173/6/4 8174/6/4 8176/6/4
f 8174/7/4 8175/7/4 8177/7/4
f 8176/6/4 8174/6/4 8177/6/4
f 8177/7/4 8175/7/4 8178/7/4
f 8179/6/4 8180/6/4 8183/6/4
f 8183/6/4 8180/6/4 8184/6/4
f 8180/8/4 8181/8/4 8185/8/4
f 8184/6/4 8180/6/4 8185/6/4
f 8185/8/4 8181/8/4 8186/8/4
f 8183/6/4 8184/6/4 8187/6/4
f 8182/6/4 8183/6/4 8187/6/4
f 8184/8/4 8185/8/4 8188/8/4
f 8187/6/4 8184/6/4 8188/6/4
f 8188/8/4 8185/8/4 8189/8/4
f 8190/2/4 8191/2/4 8194/2/4
f 8194/2/4 8191/2/4 8195/2/4
f 8192/5/4 8193/5/4 8196/5/4
f 8196/5/4 8193/5/4 8197/5/4
f 8198/2/4 8199/2/4 8202/2/4
f 8202/2/4 8199/2/4 8203/2/4
f 8200/5/4 8201/5/4 8204/5/4
f 8204/5/4 8201/5/4 8205/5/4
f 8206/6/4 8207/6/4 8208/6/4
f 8208/6/4 8207/6/4 8209/6/4
f 8209/6/4 8207/6/4 8210/6/4
f 8211/6/4 8212/6/4 8213/6/4
f 8213/6/4 8212/6/4 8214/6/4
f 8215/6/4 8216/6/4 8219/6/4
f 8219/6/4 8216/6/4 8220/6/4
f 8219/7/4 8220/7/4 8223/7/4
f 8220/7/4 8221/7/4 8223/7/4
f 8223/7/4 8221/7/4 8224/7/4
f 8224/7/4 8221/7/4 8225/7/4
f 8225/7/4 8221/7/4 8226/7/4
f 8221/11/4 8222/11/4 8227/11/4
f 8226/7/4 8221/7/4 8227/7/4
f 8227/11/4 8222/11/4 8228/11/4
f 8217/6/4 8218/6/4 8229/6/4
f 8229/6/4 8218/6/4 8230/6/4
f 8231/6/4 8232/6/4 8233/6/4
f 8233/6/4 8232/6/4 8234/6/4
f 8235/8/4 8236/8/4 8237/8/4
f 8237/8/4 8236/8/4 8238/8/4
f 8239/6/4 8240/6/4 8241/6/4
f 8241/6/4 8240/6/4 8242/6/4
f 8239/6/4 8241/6/4 8243/6/4
f 8241/7/4 8242/7/4 8244/7/4
f 8243/6/4 8241/6/4 8244/6/4
f 8244/7/4 8242/7/4 8245/7/4
f 8246/6/4 8247/6/4 8248/6/4
f 8248/6/4 8247/6/4 8249/6/4
f 8246/6/4 8248/6/4 8250/6/4
f 8248/7/4 8249/7/4 8251/7/4
f 8250/6/4 8248/6/4 8251/6/4
f 8251/7/4 8249/7/4 8252/7/4
f 8253/6/4 8254/6/4 8255/6/4
f 8255/6/4 8254/6/4 8256/6/4
f 8257/2/4 8258/2/4 8261/2/4
f 8261/2/4 8258/2/4 8262/2/4
f 8259/5/4 8260/5/4 8263/5/4
f 8263/5/4 8260/5/4 8264/5/4
f 8265/2/4 8266/2/4 8269/2/4
f 8269/2/4 8266/2/4 8270/2/4
f 8267/5/4 8268/5/4 8271/5/4
f 8271/5/4 8268/5/4 8272/5/4
f 8273/7/4 8274/7/4 8275/7/4
f 8275/7/4 8274/7/4 8276/7/4
f 8275/7/4 8276/7/4 8281/7/4
f 8276/7/4 8277/7/4 8281/7/4
f 8281/7/4 8277/7/4 8282/7/4
f 8277/6/4 8278/6/4 8283/6/4
f 8282/7/4 8277/7/4 8283/7/4
f 8279/7/4 8280/7/4 8284/7/4
f 8284/7/4 8280/7/4 8285/7/4
f 8285/7/4 8286/7/4 8287/7/4
f 8287/7/4 8286/7/4 8288/7/4
f 8283/6/4 8278/6/4 8289/6/4
f 8289/6/4 8278/6/4 8290/6/4
f 8289/11/4 8290/11/4 8291/11/4
f 8291/11/4 8290/11/4 8293/11/4
f 8293/11/4 8290/11/4 8294/11/4
f 8292/7/4 8293/7/4 8295/7/4
f 8295/7/4 8293/7/4 8296/7/4
f 8295/6/4 8296/6/4 8297/6/4
f 8297/6/4 8296/6/4 8298/6/4
f 8299/6/4 8300/6/4 8302/6/4
f 8302/6/4 8300/6/4 8303/6/4
f 8300/7/4 8301/7/4 8304/7/4
f 8303/6/4 8300/6/4 8304/6/4
f 8304/7/4 8301/7/4 8305/7/4
f 8306/6/4 8307/6/4 8310/6/4
f 8308/7/4 8309/7/4 8310/7/4
f 8307/6/4 8308/6/4 8310/6/4
f 8310/7/4 8309/7/4 8311/7/4
f 8306/6/4 8310/6/4 8312/6/4
f 8310/6/4 8311/6/4 8312/6/4
f 8312/6/4 8311/6/4 8313/6/4
f 8314/6/4 8315/6/4 8316/6/4
f 8316/6/4 8315/6/4 8317/6/4
f 8316/8/4 8317/8/4 8318/8/4
f 8318/8/4 8317/8/4 8319/8/4
f 8319/8/4 8317/8/4 8320/8/4
f 8321/2/4 8322/2/4 8325/2/4
f 8325/2/4 8322/2/4 8326/2/4
f 8323/5/4 8324/5/4 8327/5/4
f 8327/5/4 8324/5/4 8328/5/4
f 8329/2/4 8330/2/4 8333/2/4
f 8333/2/4 8330/2/4 8334/2/4
f 8331/5/4 8332/5/4 8335/5/4
f 8335/5/4 8332/5/4 8336/5/4
f 8337/6/4 8338/6/4 8339/6/4
f 8339/6/4 8338/6/4 8340/6/4
f 8340/6/4 8338/6/4 8341/6/4
f 8340/6/4 8341/6/4 8344/6/4
f 8344/6/4 8341/6/4 8345/6/4
f 8342/7/4 8343/7/4 8347/7/4
f 8347/7/4 8343/7/4 8348/7/4
f 8346/6/4 8347/6/4 8349/6/4
f 8347/6/4 8348/6/4 8349/6/4
f 8349/6/4 8348/6/4 8350/6/4
f 8350/6/4 8348/6/4 8351/6/4
f 8349/8/4 8350/8/4 8354/8/4
f 8350/6/4 8351/6/4 8355/6/4
f 8354/8/4 8350/8/4 8355/8/4
f 8351/8/4 8352/8/4 8356/8/4
f 8355/6/4 8351/6/4 8356/6/4
f 8352/6/4 8353/6/4 8357/6/4
f 8356/8/4 8352/8/4 8357/8/4
f 8357/6/4 8353/6/4 8358/6/4
f 8358/6/4 8353/6/4 8359/6/4
f 8358/11/4 8359/11/4 8360/11/4
f 8360/11/4 8359/11/4 8361/11/4
f 8360/13/4 8361/13/4 8362/13/4
f 8362/13/4 8361/13/4 8363/13/4
f 8364/8/4 8365/8/4 8366/8/4
f 8366/8/4 8365/8/4 8367/8/4
f 8367/6/4 8368/6/4 8371/6/4
f 8366/6/4 8367/6/4 8371/6/4
f 8368/7/4 8369/7/4 8372/7/4
f 8371/6/4 8368/6/4 8372/6/4
f 8372/7/4 8369/7/4 8373/7/4
f 8370/8/4 8371/8/4 8375/8/4
f 8371/6/4 8372/6/4 8376/6/4
f 8375/8/4 8371/8/4 8376/8/4
f 8376/6/4 8372/6/4 8377/6/4
f 8372/10/4 8373/10/4 8378/10/4
f 8377/6/4 8372/6/4 8378/6/4
f 8373/7/4 8369/7/4 8379/7/4
f 8378/10/4 8373/10/4 8379/10/4
f 8379/7/4 8369/7/4 8380/7/4
f 8374/8/4 8375/8/4 8381/8/4
f 8375/6/4 8376/6/4 8382/6/4
f 8381/8/4 8375/8/4 8382/8/4
f 8376/6/4 8377/6/4 8382/6/4
f 8374/8/4 8381/8/4 8383/8/4
f 8381/6/4 8382/6/4 8383/6/4
f 8382/6/4 8377/6/4 8384/6/4
f 8383/6/4 8382/6/4 8384/6/4
f 8384/6/4 8377/6/4 8385/6/4
f 8385/6/4 8377/6/4 8386/6/4
f 8383/8/4 8384/8/4 8387/8/4
f 8384/6/4 8385/6/4 8387/6/4
f 8387/6/4 8385/6/4 8388/6/4
f 8374/8/4 8383/8/4 8389/8/4
f 8383/8/4 8387/8/4 8389/8/4
f 8387/8/4 8388/8/4 8389/8/4
f 8389/8/4 8388/8/4 8390/8/4
f 8391/2/4 8392/2/4 8395/2/4
f 8395/2/4 8392/2/4 8396/2/4
f 8393/5/4 8394/5/4 8397/5/4
f 8397/5/4 8394/5/4 8398/5/4
f 8399/2/4 8400/2/4 8403/2/4
f 8403/2/4 8400/2/4 8404/2/4
f 8401/5/4 8402/5/4 8405/5/4
f 8405/5/4 8402/5/4 8406/5/4
f 8407/6/4 8408/6/4 8409/6/4
f 8409/6/4 8408/6/4 8410/6/4
f 8411/6/4 8412/6/4 8414/6/4
f 8413/6/4 8414/6/4 8415/6/4
f 8414/6/4 8412/6/4 8416/6/4
f 8415/6/4 8414/6/4 8416/6/4
f 8417/7/4 8418/7/4 8419/7/4
f 8419/7/4 8418/7/4 8420/7/4
f 8421/8/4 8422/8/4 8423/8/4
f 8423/8/4 8422/8/4 8424/8/4
f 8424/6/4 8425/6/4 8426/6/4
f 8426/6/4 8425/6/4 8427/6/4
f 8427/6/4 8425/6/4 8428/6/4
f 8429/7/4 8430/7/4 8431/7/4
f 8431/7/4 8430/7/4 8432/7/4
f 8433/8/4 8434/8/4 8436/8/4
f 8436/8/4 8434/8/4 8437/8/4
f 8435/8/4 8436/8/4 8438/8/4
f 8438/8/4 8436/8/4 8439/8/4
f 8440/8/4 8441/8/4 8442/8/4
f 8442/8/4 8441/8/4 8443/8/4
f 8444/7/4 8445/7/4 8446/7/4
f 8446/7/4 8445/7/4 8447/7/4
f 8448/2/4 8449/2/4 8452/2/4
f 8452/2/4 8449/2/4 8453/2/4
f 8450/5/4 8451/5/4 8454/5/4
f 8454/5/4 8451/5/4 8455/5/4
f 8456/2/4 8457/2/4 8460/2/4
f 8460/2/4 8457/2/4 8461/2/4
f 8458/5/4 8459/5/4 8462/5/4
f 8462/5/4 8459/5/4 8463/5/4
f 8466/7/4 8467/7/4 8468/7/4
f 8468/7/4 8467/7/4 8469/7/4
f 8464/6/4 8465/6/4 8470/6/4
f 8470/6/4 8465/6/4 8471/6/4
f 8472/6/4 8473/6/4 8477/6/4
f 8473/6/4 8474/6/4 8477/6/4
f 8477/6/4 8474/6/4 8478/6/4
f 8478/6/4 8474/6/4 8479/6/4
f 8477/6/4 8478/6/4 8480/6/4
f 8480/6/4 8478/6/4 8481/6/4
f 8475/8/4 8476/8/4 8482/8/4
f 8482/8/4 8476/8/4 8483/8/4
f 8484/11/4 8485/11/4 8486/11/4
f 8486/11/4 8485/11/4 8487/11/4
f 8488/8/4 8489/8/4 8490/8/4
f 8490/8/4 8489/8/4 8491/8/4
f 8492/8/4 8493/8/4 8494/8/4
f 8494/8/4 8493/8/4 8495/8/4
f 8496/2/4 8497/2/4 8500/2/4
f 8500/2/4 8497/2/4 8501/2/4
f 8498/5/4 8499/5/4 8502/5/4
f 8502/5/4 8499/5/4 8503/5/4
f 8504/2/4 8505/2/4 8508/2/4
f 8508/2/4 8505/2/4 8509/2/4
f 8506/5/4 8507/5/4 8510/5/4
f 8510/5/4 8507/5/4 8511/5/4
f 8512/7/4 8513/7/4 8514/7/4
f 8514/7/4 8513/7/4 8515/7/4
f 8517/6/4 8518/6/4 8519/6/4
f 8519/6/4 8518/6/4 8520/6/4
f 8515/7/4 8516/7/4 8521/7/4
f 8521/7/4 8516/7/4 8522/7/4
f 8521/11/4 8522/11/4 8524/11/4
f 8524/11/4 8522/11/4 8525/11/4
f 8523/11/4 8524/11/4 8526/11/4
f 8526/11/4 8524/11/4 8527/11/4
f 8528/6/4 8529/6/4 8532/6/4
f 8532/6/4 8529/6/4 8533/6/4
f 8530/11/4 8531/11/4 8537/11/4
f 8537/11/4 8531/11/4 8538/11/4
f 8535/6/4 8536/6/4 8539/6/4
f 8534/6/4 8535/6/4 8539/6/4
f 8536/7/4 8537/7/4 8540/7/4
f 8539/6/4 8536/6/4 8540/6/4
f 8540/7/4 8537/7/4 8541/7/4
f 8542/6/4 8543/6/4 8544/6/4
f 8544/6/4 8543/6/4 8545/6/4
f 8546/13/4 8547/13/4 8548/13/4
f 8548/13/4 8547/13/4 8549/13/4
f 8550/6/4 8551/6/4 8554/6/4
f 8554/6/4 8551/6/4 8555/6/4
f 8555/6/4 8551/6/4 8556/6/4
f 8552/7/4 8553/7/4 8557/7/4
f 8553/7/4 8554/7/4 8557/7/4
f 8557/7/4 8554/7/4 8558/7/4
f 8554/6/4 8555/6/4 8559/6/4
f 8558/7/4 8554/7/4 8559/7/4
f 8559/6/4 8555/6/4 8560/6/4
f 8557/6/4 8558/6/4 8563/6/4
f 8563/6/4 8558/6/4 8564/6/4
f 8561/6/4 8562/6/4 8565/6/4
f 8562/8/4 8563/8/4 8566/8/4
f 8565/6/4 8562/6/4 8566/6/4
f 8563/8/4 8564/8/4 8566/8/4
f 8566/8/4 8564/8/4 8567/8/4
f 8565/8/4 8566/8/4 8569/8/4
f 8568/8/4 8569/8/4 8570/8/4
f 8569/8/4 8566/8/4 8571/8/4
f 8570/8/4 8569/8/4 8571/8/4
f 8571/8/4 8566/8/4 8572/8/4
f 8572/8/4 8573/8/4 8574/8/4
f 8574/8/4 8573/8/4 8575/8/4
f 8576/13/4 8577/13/4 8578/13/4
f 8578/13/4 8577/13/4 8579/13/4
f 8580/2/4 8581/2/4 8584/2/4
f 8584/2/4 8581/2/4 8585/2/4
f 8582/5/4 8583/5/4 8586/5/4
f 8586/5/4 8583/5/4 8587/5/4
f 8588/2/4 8589/2/4 8592/2/4
f 8592/2/4 8589/2/4 8593/2/4
f 8590/5/4 8591/5/4 8594/5/4
f 8594/5/4 8591/5/4 8595/5/4
f 8596/6/4 8597/6/4 8598/6/4
f 8598/6/4 8597/6/4 8599/6/4
f 8599/6/4 8600/6/4 8602/6/4
f 8600/7/4 8601/7/4 8603/7/4
f 8602/6/4 8600/6/4 8603/6/4
f 8603/7/4 8601/7/4 8604/7/4
f 8605/7/4 8606/7/4 8607/7/4
f 8607/7/4 8606/7/4 8608/7/4
f 8609/6/4 8610/6/4 8611/6/4
f 8611/6/4 8610/6/4 8612/6/4
f 8611/11/4 8612/11/4 8613/11/4
f 8613/11/4 8612/11/4 8614/11/4
f 8615/11/4 8616/11/4 8621/11/4
f 8621/11/4 8616/11/4 8622/11/4
f 8617/6/4 8618/6/4 8623/6/4
f 8623/6/4 8618/6/4 8624/6/4
f 8619/6/4 8620/6/4 8625/6/4
f 8620/7/4 8621/7/4 8626/7/4
f 8625/6/4 8620/6/4 8626/6/4
f 8626/7/4 8621/7/4 8627/7/4
f 8628/8/4 8629/8/4 8632/8/4
f 8632/8/4 8629/8/4 8633/8/4
f 8630/6/4 8631/6/4 8635/6/4
f 8635/6/4 8631/6/4 8636/6/4
f 8633/6/4 8634/6/4 8637/6/4
f 8637/6/4 8634/6/4 8638/6/4
f 8636/6/4 8631/6/4 8641/6/4
f 8641/6/4 8631/6/4 8642/6/4
f 8638/6/4 8639/6/4 8643/6/4
f 8639/7/4 8640/7/4 8644/7/4
f 8643/6/4 8639/6/4 8644/6/4
f 8644/7/4 8640/7/4 8645/7/4
f 8645/11/4 8646/11/4 8649/11/4
f 8649/11/4 8646/11/4 8650/11/4
f 8647/6/4 8648/6/4 8651/6/4
f 8651/6/4 8648/6/4 8652/6/4
f 8653/11/4 8654/11/4 8657/11/4
f 8657/11/4 8654/11/4 8658/11/4
f 8655/6/4 8656/6/4 8659/6/4
f 8659/6/4 8656/6/4 8660/6/4
f 8661/8/4 8662/8/4 8665/8/4
f 8665/8/4 8662/8/4 8666/8/4
f 8663/8/4 8664/8/4 8667/8/4
f 8667/8/4 8664/8/4 8668/8/4
f 8669/8/4 8670/8/4 8671/8/4
f 8671/8/4 8670/8/4 8672/8/4
f 8673/7/4 8674/7/4 8675/7/4
f 8675/7/4 8674/7/4 8676/7/4
f 8677/11/4 8678/11/4 8681/11/4
f 8678/13/4 8679/13/4 8682/13/4
f 8681/11/4 8678/11/4 8682/11/4
f 8682/13/4 8679/13/4 8683/13/4
f 8680/11/4 8681/11/4 8684/11/4
f 8681/13/4 8682/13/4 8685/13/4
f 8684/11/4 8681/11/4 8685/11/4
f 8685/13/4 8682/13/4 8686/13/4
f 8684/13/4 8685/13/4 8687/13/4
f 8687/13/4 8685/13/4 8693/13/4
f 8693/13/4 8685/13/4 8694/13/4
f 8688/6/4 8689/6/4 8695/6/4
f 8695/6/4 8689/6/4 8696/6/4
f 8691/6/4 8692/6/4 8697/6/4
f 8690/6/4 8691/6/4 8697/6/4
f 8692/7/4 8693/7/4 8698/7/4
f 8697/6/4 8692/6/4 8698/6/4
f 8698/7/4 8693/7/4 8699/7/4
f 8700/2/4 8701/2/4 8704/2/4
f 8704/2/4 8701/2/4 8705/2/4
f 8702/5/4 8703/5/4 8706/5/4
f 8706/5/4 8703/5/4 8707/5/4
f 8708/2/4 8709/2/4 8712/2/4
f 8712/2/4 8709/2/4 8713/2/4
f 8710/5/4 8711/5/4 8714/5/4
f 8714/5/4 8711/5/4 8715/5/4
f 8716/6/4 8717/6/4 8718/6/4
f 8718/6/4 8717/6/4 8719/6/4
f 8719/6/4 8720/6/4 8722/6/4
f 8720/7/4 8721/7/4 8723/7/4
f 8722/6/4 8720/6/4 8723/6/4
f 8723/7/4 8721/7/4 8724/7/4
f 8724/6/4 8725/6/4 8726/6/4
f 8726/6/4 8725/6/4 8728/6/4
f 8728/6/4 8725/6/4 8729/6/4
f 8727/7/4 8728/7/4 8733/7/4
f 8728/7/4 8729/7/4 8733/7/4
f 8733/7/4 8729/7/4 8734/7/4
f 8734/7/4 8729/7/4 8735/7/4
f 8730/6/4 8731/6/4 8736/6/4
f 8731/7/4 8732/7/4 8737/7/4
f 8736/6/4 8731/6/4 8737/6/4
f 8732/7/4 8733/7/4 8737/7/4
f 8733/7/4 8734/7/4 8737/7/4
f 8737/7/4 8734/7/4 8738/7/4
f 8736/8/4 8737/8/4 8739/8/4
f 8739/8/4 8737/8/4 8740/8/4
f 8741/8/4 8742/8/4 8743/8/4
f 8743/8/4 8742/8/4 8744/8/4
f 8744/6/4 8745/6/4 8746/6/4
f 8746/6/4 8745/6/4 8747/6/4
f 8747/11/4 8748/11/4 8749/11/4
f 8749/11/4 8748/11/4 8750/11/4
f 8750/11/4 8748/11/4 8751/11/4
f 8751/11/4 8748/11/4 8752/11/4
f 8752/11/4 8748/11/4 8753/11/4
f 8754/6/4 8755/6/4 8758/6/4
f 8755/7/4 8756/7/4 8759/7/4
f 8758/6/4 8755/6/4 8759/6/4
f 8759/7/4 8756/7/4 8760/7/4
f 8757/8/4 8758/8/4 8761/8/4
f 8761/8/4 8758/8/4 8762/8/4
f 8763/8/4 8764/8/4 8766/8/4
f 8764/7/4 8765/7/4 8767/7/4
f 8766/8/4 8764/8/4 8767/8/4
f 8767/7/4 8765/7/4 8768/7/4
f 8768/7/4 8769/7/4 8770/7/4
f 8770/7/4 8769/7/4 8771/7/4
f 8771/7/4 8769/7/4 8772/7/4
f 8770/6/4 8771/6/4 8774/6/4
f 8771/11/4 8772/11/4 8775/11/4
f 8774/6/4 8771/6/4 8775/6/4
f 8775/11/4 8772/11/4 8776/11/4
f 8773/6/4 8774/6/4 8777/6/4
f 8774/13/4 8775/13/4 8778/13/4
f 8777/6/4 8774/6/4 8778/6/4
f 8778/13/4 8775/13/4 8779/13/4
f 8777/13/4 8778/13/4 8782/13/4
f 8782/13/4 8778/13/4 8783/13/4
f 8781/7/4 8782/7/4 8783/7/4
f 8783/13/4 8778/13/4 8784/13/4
f 8780/6/4 8781/6/4 8785/6/4
f 8781/7/4 8783/7/4 8786/7/4
f 8785/6/4 8781/6/4 8786/6/4
f 8783/7/4 8784/7/4 8786/7/4
f 8786/7/4 8784/7/4 8787/7/4
f 8788/2/4 8789/2/4 8792/2/4
f 8792/2/4 8789/2/4 8793/2/4
f 8790/5/4 8791/5/4 8794/5/4
f 8794/5/4 8791/5/4 8795/5/4
f 8796/6/4 8797/6/4 8798/6/4
f 8798/6/4 8799/6/4 8800/6/4
f 8800/6/4 8799/6/4 8801/6/4
f 8800/7/4 8801/7/4 8802/7/4
f 8802/7/4 8801/7/4 8803/7/4
f 8796/6/4 8798/6/4 8804/6/4
f 8798/6/4 8800/6/4 8804/6/4
f 8800/7/4 8802/7/4 8805/7/4
f 8804/6/4 8800/6/4 8805/6/4
f 8805/7/4 8802/7/4 8806/7/4
f 8807/6/4 8808/6/4 8809/6/4
f 8809/6/4 8808/6/4 8810/6/4
f 8810/7/4 8811/7/4 8812/7/4
f 8812/7/4 8811/7/4 8813/7/4
f 8810/7/4 8812/7/4 8815/7/4
f 8812/6/4 8813/6/4 8816/6/4
f 8815/7/4 8812/7/4 8816/7/4
f 8813/6/4 8814/6/4 8816/6/4
f 8816/6/4 8814/6/4 8817/6/4
f 8817/6/4 8814/6/4 8818/6/4
f 8815/6/4 8816/6/4 8819/6/4
f 8816/6/4 8817/6/4 8819/6/4
f 8817/7/4 8818/7/4 8820/7/4
f 8819/6/4 8817/6/4 8820/6/4
f 8820/7/4 8818/7/4 8821/7/4
f 8815/6/4 8819/6/4 8823/6/4
f 8819/7/4 8820/7/4 8824/7/4
f 8823/6/4 8819/6/4 8824/6/4
f 8824/7/4 8820/7/4 8825/7/4
f 8822/6/4 8823/6/4 8826/6/4
f 8826/6/4 8823/6/4 8827/6/4
f 8828/6/4 8829/6/4 8830/6/4
f 8830/6/4 8831/6/4 8832/6/4
f 8832/6/4 8831/6/4 8833/6/4
f 8828/6/4 8830/6/4 8834/6/4
f 8830/6/4 8832/6/4 8834/6/4
f 8834/6/4 8832/6/4 8835/6/4
f 8828/6/4 8834/6/4 8836/6/4
f 8834/7/4 8835/7/4 8837/7/4
f 8836/6/4 8834/6/4 8837/6/4
f 8837/7/4 8835/7/4 8838/7/4
f 8839/3/4 8840/3/4 8841/3/4
f 8841/3/4 8840/3/4 8842/3/4
f 8842/3/4 8840/3/4 8843/3/4
f 8843/3/4 8840/3/4 8844/3/4
f 8844/3/4 8840/3/4 8845/3/4
f 8845/3/4 8840/3/4 8846/3/4
f 8842/3/4 8843/3/4 8849/3/4
f 8849/3/4 8843/3/4 8850/3/4
f 8843/1/4 8844/1/4 8851/1/4
f 8850/3/4 8843/3/4 8851/3/4
f 8844/3/4 8845/3/4 8852/3/4
f 8851/1/4 8844/1/4 8852/1/4
f 8852/3/4 8845/3/4 8853/3/4
f 8853/3/4 8845/3/4 8854/3/4
f 8854/3/4 8845/3/4 8855/3/4
f 8847/3/4 8848/3/4 8858/3/4
f 8852/1/4 8853/1/4 8860/1/4
f 8850/1/4 8851/1/4 8860/1/4
f 8851/1/4 8852/1/4 8860/1/4
f 8860/1/4 8853/1/4 8861/1/4
f 8861/1/4 8853/1/4 8862/1/4
f 8862/1/4 8853/1/4 8863/1/4
f 8853/3/4 8854/3/4 8864/3/4
f 8863/1/4 8853/1/4 8864/1/4
f 8864/3/4 8854/3/4 8865/3/4
f 8865/3/4 8854/3/4 8866/3/4
f 8856/3/4 8857/3/4 8868/3/4
f 8858/3/4 8859/3/4 8869/3/4
f 8847/3/4 8858/3/4 8869/3/4
f 8869/3/4 8859/3/4 8870/3/4
f 8861/1/4 8862/1/4 8872/1/4
f 8872/1/4 8862/1/4 8873/1/4
f 8862/4/4 8863/4/4 8874/4/4
f 8873/1/4 8862/1/4 8874/1/4
f 8864/1/4 8865/1/4 8875/1/4
f 8874/4/4 8863/4/4 8875/4/4
f 8863/1/4 8864/1/4 8875/1/4
f 8875/1/4 8865/1/4 8876/1/4
f 8876/1/4 8865/1/4 8877/1/4
f 8867/3/4 8868/3/4 8879/3/4
f 8868/3/4 8857/3/4 8880/3/4
f 8879/3/4 8868/3/4 8880/3/4
f 8870/1/4 8871/1/4 8881/1/4
f 8869/1/4 8870/1/4 8881/1/4
f 8873/4/4 8874/4/4 8883/4/4
f 8875/4/4 8876/4/4 8883/4/4
f 8874/4/4 8875/4/4 8883/4/4
f 8883/4/4 8876/4/4 8884/4/4
f 8884/4/4 8876/4/4 8885/4/4
f 8885/4/4 8876/4/4 8886/4/4
f 8879/1/4 8880/1/4 8888/1/4
f 8878/1/4 8879/1/4 8888/1/4
f 8881/1/4 8882/1/4 8889/1/4
f 8884/4/4 8885/4/4 8891/4/4
f 8891/4/4 8885/4/4 8892/4/4
f 8892/4/4 8885/4/4 8893/4/4
f 8893/4/4 8885/4/4 8894/4/4
f 8887/1/4 8888/1/4 8896/1/4
f 8889/4/4 8890/4/4 8897/4/4
f 8881/1/4 8889/1/4 8897/1/4
f 8897/4/4 8890/4/4 8898/4/4
f 8892/4/4 8893/4/4 8900/4/4
f 8900/4/4 8893/4/4 8901/4/4
f 8901/4/4 8893/4/4 8902/4/4
f 8902/4/4 8893/4/4 8903/4/4
f 8895/4/4 8896/4/4 8905/4/4
f 8896/1/4 8888/1/4 8906/1/4
f 8905/4/4 8896/4/4 8906/4/4
f 8847/3/4 8869/3/4 8907/3/4
f 8869/1/4 8881/1/4 8907/1/4
f 8881/1/4 8897/1/4 8907/1/4
f 8897/1/4 8898/1/4 8907/1/4
f 8907/1/4 8898/1/4 8908/1/4
f 8898/4/4 8899/4/4 8909/4/4
f 8908/1/4 8898/1/4 8909/1/4
f 8909/4/4 8899/4/4 8910/4/4
f 8901/4/4 8902/4/4 8912/4/4
f 8912/4/4 8902/4/4 8913/4/4
f 8913/4/4 8902/4/4 8914/4/4
f 8914/4/4 8902/4/4 8915/4/4
f 8915/4/4 8902/4/4 8916/4/4
f 8904/1/4 8905/1/4 8918/1/4
f 8905/1/4 8906/1/4 8918/1/4
f 8906/1/4 8888/1/4 8919/1/4
f 8888/1/4 8880/1/4 8919/1/4
f 8918/1/4 8906/1/4 8919/1/4
f 8880/3/4 8857/3/4 8920/3/4
f 8919/1/4 8880/1/4 8920/1/4
f 8907/3/4 8908/3/4 8921/3/4
f 8910/1/4 8911/1/4 8921/1/4
f 8908/1/4 8909/1/4 8921/1/4
f 8909/1/4 8910/1/4 8921/1/4
f 8921/1/4 8911/1/4 8922/1/4
f 8922/1/4 8911/1/4 8923/1/4
f 8913/4/4 8914/4/4 8925/4/4
f 8925/4/4 8914/4/4 8926/4/4
f 8914/1/4 8915/1/4 8927/1/4
f 8926/4/4 8914/4/4 8927/4/4
f 8927/1/4 8915/1/4 8928/1/4
f 8928/1/4 8915/1/4 8929/1/4
f 8918/1/4 8919/1/4 8931/1/4
f 8917/1/4 8918/1/4 8931/1/4
f 8919/3/4 8920/3/4 8932/3/4
f 8931/1/4 8919/1/4 8932/1/4
f 8923/1/4 8924/1/4 8933/1/4
f 8921/3/4 8922/3/4 8933/3/4
f 8922/1/4 8923/1/4 8933/1/4
f 8933/1/4 8924/1/4 8934/1/4
f 8927/1/4 8928/1/4 8936/1/4
f 8926/1/4 8927/1/4 8936/1/4
f 8936/1/4 8928/1/4 8937/1/4
f 8937/1/4 8928/1/4 8938/1/4
f 8938/1/4 8928/1/4 8939/1/4
f 8931/3/4 8932/3/4 8941/3/4
f 8930/3/4 8931/3/4 8941/3/4
f 8934/3/4 8935/3/4 8942/3/4
f 8933/3/4 8934/3/4 8942/3/4
f 8937/3/4 8938/3/4 8944/3/4
f 8944/3/4 8938/3/4 8945/3/4
f 8945/3/4 8938/3/4 8946/3/4
f 8946/3/4 8938/3/4 8947/3/4
f 8940/3/4 8941/3/4 8949/3/4
f 8942/3/4 8943/3/4 8950/3/4
f 8945/3/4 8946/3/4 8952/3/4
f 8952/3/4 8946/3/4 8953/3/4
f 8953/3/4 8946/3/4 8954/3/4
f 8948/3/4 8949/3/4 8956/3/4
f 8933/3/4 8942/3/4 8957/3/4
f 8950/3/4 8951/3/4 8957/3/4
f 8942/3/4 8950/3/4 8957/3/4
f 8957/3/4 8951/3/4 8958/3/4
f 8955/3/4 8956/3/4 8961/3/4
f 8949/3/4 8941/3/4 8962/3/4
f 8956/3/4 8949/3/4 8962/3/4
f 8961/3/4 8956/3/4 8962/3/4
f 8921/3/4 8933/3/4 8963/3/4
f 8933/3/4 8957/3/4 8963/3/4
f 8958/1/4 8959/1/4 8964/1/4
f 8963/3/4 8957/3/4 8964/3/4
f 8957/1/4 8958/1/4 8964/1/4
f 8964/1/4 8959/1/4 8965/1/4
f 8960/1/4 8961/1/4 8968/1/4
f 8961/1/4 8962/1/4 8968/1/4
f 8962/3/4 8941/3/4 8969/3/4
f 8968/1/4 8962/1/4 8969/1/4
f 8941/3/4 8932/3/4 8970/3/4
f 8969/3/4 8941/3/4 8970/3/4
f 8921/3/4 8963/3/4 8971/3/4
f 8907/3/4 8921/3/4 8971/3/4
f 8965/1/4 8966/1/4 8972/1/4
f 8971/3/4 8963/3/4 8972/3/4
f 8964/1/4 8965/1/4 8972/1/4
f 8963/1/4 8964/1/4 8972/1/4
f 8972/1/4 8966/1/4 8973/1/4
f 8973/1/4 8966/1/4 8974/1/4
f 8968/1/4 8969/1/4 8975/1/4
f 8969/1/4 8970/1/4 8975/1/4
f 8967/1/4 8968/1/4 8975/1/4
f 8975/1/4 8970/1/4 8976/1/4
f 8970/3/4 8932/3/4 8977/3/4
f 8976/1/4 8970/1/4 8977/1/4
f 8932/3/4 8920/3/4 8978/3/4
f 8977/3/4 8932/3/4 8978/3/4
f 8907/3/4 8971/3/4 8981/3/4
f 8847/3/4 8907/3/4 8981/3/4
f 8972/1/4 8973/1/4 8982/1/4
f 8981/3/4 8971/3/4 8982/3/4
f 8971/1/4 8972/1/4 8982/1/4
f 8982/1/4 8973/1/4 8983/1/4
f 8973/4/4 8974/4/4 8984/4/4
f 8983/1/4 8973/1/4 8984/1/4
f 8984/4/4 8974/4/4 8985/4/4
f 8985/4/4 8974/4/4 8986/4/4
f 8975/4/4 8976/4/4 8987/4/4
f 8987/4/4 8976/4/4 8988/4/4
f 8976/1/4 8977/1/4 8989/1/4
f 8988/4/4 8976/4/4 8989/4/4
f 8977/1/4 8978/1/4 8989/1/4
f 8989/1/4 8978/1/4 8990/1/4
f 8847/3/4 8981/3/4 8991/3/4
f 8982/1/4 8983/1/4 8992/1/4
f 8991/3/4 8981/3/4 8992/3/4
f 8981/1/4 8982/1/4 8992/1/4
f 8984/4/4 8985/4/4 8993/4/4
f 8992/1/4 8983/1/4 8993/1/4
f 8983/4/4 8984/4/4 8993/4/4
f 8993/4/4 8985/4/4 8994/4/4
f 8989/4/4 8990/4/4 8995/4/4
f 8988/4/4 8989/4/4 8995/4/4
f 8990/1/4 8978/1/4 8996/1/4
f 8995/4/4 8990/4/4 8996/4/4
f 8978/3/4 8920/3/4 8997/3/4
f 8996/1/4 8978/1/4 8997/1/4
f 8920/3/4 8857/3/4 8998/3/4
f 8997/3/4 8920/3/4 8998/3/4
f 8979/6/4 8980/6/4 9007/6/4
f 9007/6/4 8980/6/4 9008/6/4
f 8999/3/4 9000/3/4 9009/3/4
f 9000/1/4 9001/1/4 9009/1/4
f 9009/1/4 9001/1/4 9010/1/4
f 9001/4/4 9002/4/4 9011/4/4
f 9010/1/4 9001/1/4 9011/1/4
f 9011/4/4 9002/4/4 9012/4/4
f 9012/4/4 9002/4/4 9013/4/4
f 9003/4/4 9004/4/4 9016/4/4
f 9016/4/4 9004/4/4 9017/4/4
f 9004/1/4 9005/1/4 9018/1/4
f 9017/4/4 9004/4/4 9018/4/4
f 9009/3/4 9010/3/4 9019/3/4
f 9010/1/4 9011/1/4 9019/1/4
f 9011/1/4 9012/1/4 9019/1/4
f 9019/1/4 9012/1/4 9020/1/4
f 9013/4/4 9014/4/4 9021/4/4
f 9020/1/4 9012/1/4 9021/1/4
f 9012/4/4 9013/4/4 9021/4/4
f 9021/4/4 9014/4/4 9022/4/4
f 9016/4/4 9017/4/4 9023/4/4
f 9015/4/4 9016/4/4 9023/4/4
f 9017/1/4 9018/1/4 9024/1/4
f 9023/4/4 9017/4/4 9024/4/4
f 9018/1/4 9005/1/4 9025/1/4
f 9024/1/4 9018/1/4 9025/1/4
f 9005/3/4 9006/3/4 9026/3/4
f 9025/1/4 9005/1/4 9026/1/4
f 9021/1/4 9022/1/4 9027/1/4
f 9019/3/4 9020/3/4 9027/3/4
f 9020/1/4 9021/1/4 9027/1/4
f 9027/1/4 9022/1/4 9028/1/4
f 9028/1/4 9022/1/4 9029/1/4
f 9029/1/4 9022/1/4 9030/1/4
f 9024/1/4 9025/1/4 9031/1/4
f 9023/1/4 9024/1/4 9031/1/4
f 9031/1/4 9025/1/4 9032/1/4
f 9032/1/4 9025/1/4 9033/1/4
f 9025/3/4 9026/3/4 9034/3/4
f 9033/1/4 9025/1/4 9034/1/4
f 9028/1/4 9029/1/4 9035/1/4
f 9027/3/4 9028/3/4 9035/3/4
f 9035/1/4 9029/1/4 9036/1/4
f 9032/1/4 9033/1/4 9037/1/4
f 9037/1/4 9033/1/4 9038/1/4
f 9033/3/4 9034/3/4 9039/3/4
f 9038/1/4 9033/1/4 9039/1/4
f 9027/3/4 9035/3/4 9040/3/4
f 9040/3/4 9035/3/4 9041/3/4
f 9038/3/4 9039/3/4 9045/3/4
f 9045/3/4 9039/3/4 9046/3/4
f 9027/3/4 9040/3/4 9047/3/4
f 9047/3/4 9040/3/4 9048/3/4
f 9043/3/4 9044/3/4 9050/3/4
f 9042/3/4 9043/3/4 9050/3/4
f 9050/3/4 9044/3/4 9051/3/4
f 9046/3/4 9039/3/4 9053/3/4
f 9039/3/4 9034/3/4 9054/3/4
f 9053/3/4 9039/3/4 9054/3/4
f 9027/3/4 9047/3/4 9055/3/4
f 9055/3/4 9047/3/4 9056/3/4
f 9051/3/4 9052/3/4 9058/3/4
f 9050/3/4 9051/3/4 9058/3/4
f 9049/3/4 9050/3/4 9058/3/4
f 9058/3/4 9052/3/4 9059/3/4
f 9054/3/4 9034/3/4 9061/3/4
f 9061/3/4 9034/3/4 9062/3/4
f 9019/3/4 9027/3/4 9063/3/4
f 9027/3/4 9055/3/4 9063/3/4
f 9063/3/4 9055/3/4 9064/3/4
f 9064/3/4 9055/3/4 9065/3/4
f 9059/1/4 9060/1/4 9067/1/4
f 9058/1/4 9059/1/4 9067/1/4
f 9057/1/4 9058/1/4 9067/1/4
f 9067/1/4 9060/1/4 9068/1/4
f 9062/3/4 9034/3/4 9070/3/4
f 9070/3/4 9034/3/4 9071/3/4
f 9034/3/4 9026/3/4 9072/3/4
f 9071/3/4 9034/3/4 9072/3/4
f 9009/3/4 9019/3/4 9073/3/4
f 9019/3/4 9063/3/4 9073/3/4
f 9063/1/4 9064/1/4 9074/1/4
f 9073/3/4 9063/3/4 9074/3/4
f 9074/1/4 9064/1/4 9075/1/4
f 9075/1/4 9064/1/4 9076/1/4
f 9068/1/4 9069/1/4 9078/1/4
f 9067/1/4 9068/1/4 9078/1/4
f 9066/1/4 9067/1/4 9078/1/4
f 9078/1/4 9069/1/4 9079/1/4
f 9071/1/4 9072/1/4 9081/1/4
f 9081/1/4 9072/1/4 9082/1/4
f 9072/3/4 9026/3/4 9083/3/4
f 9082/1/4 9072/1/4 9083/1/4
f 9026/3/4 9006/3/4 9084/3/4
f 9083/3/4 9026/3/4 9084/3/4
f 8999/3/4 9009/3/4 9085/3/4
f 9009/3/4 9073/3/4 9085/3/4
f 9074/1/4 9075/1/4 9086/1/4
f 9085/3/4 9073/3/4 9086/3/4
f 9073/1/4 9074/1/4 9086/1/4
f 9086/1/4 9075/1/4 9087/1/4
f 9087/1/4 9075/1/4 9088/1/4
f 9088/1/4 9075/1/4 9089/1/4
f 9079/4/4 9080/4/4 9091/4/4
f 9078/4/4 9079/4/4 9091/4/4
f 9077/4/4 9078/4/4 9091/4/4
f 9091/4/4 9080/4/4 9092/4/4
f 9082/1/4 9083/1/4 9094/1/4
f 9083/1/4 9084/1/4 9094/1/4
f 9094/1/4 9084/1/4 9095/1/4
f 9095/1/4 9084/1/4 9096/1/4
f 9087/4/4 9088/4/4 9097/4/4
f 9086/1/4 9087/1/4 9097/1/4
f 9085/1/4 9086/1/4 9097/1/4
f 9097/4/4 9088/4/4 9098/4/4
f 9092/4/4 9093/4/4 9100/4/4
f 9091/4/4 9092/4/4 9100/4/4
f 9090/4/4 9091/4/4 9100/4/4
f 9100/4/4 9093/4/4 9101/4/4
f 9095/4/4 9096/4/4 9103/4/4
f 9096/1/4 9084/1/4 9104/1/4
f 9103/4/4 9096/4/4 9104/4/4
f 9085/1/4 9097/1/4 9105/1/4
f 8999/3/4 9085/3/4 9105/3/4
f 9105/1/4 9097/1/4 9106/1/4
f 9106/1/4 9097/1/4 9107/1/4
f 9107/1/4 9097/1/4 9108/1/4
f 9100/4/4 9101/4/4 9110/4/4
f 9101/4/4 9102/4/4 9110/4/4
f 9099/4/4 9100/4/4 9110/4/4
f 9110/4/4 9102/4/4 9111/4/4
f 9104/1/4 9084/1/4 9113/1/4
f 9113/1/4 9084/1/4 9114/1/4
f 9106/1/4 9107/1/4 9115/1/4
f 9105/3/4 9106/3/4 9115/3/4
f 9115/1/4 9107/1/4 9116/1/4
f 9111/4/4 9112/4/4 9118/4/4
f 9110/4/4 9111/4/4 9118/4/4
f 9109/4/4 9110/4/4 9118/4/4
f 9118/4/4 9112/4/4 9119/4/4
f 9119/4/4 9112/4/4 9120/4/4
f 9120/4/4 9112/4/4 9121/4/4
f 9114/1/4 9084/1/4 9123/1/4
f 9123/1/4 9084/1/4 9124/1/4
f 9084/3/4 9006/3/4 9125/3/4
f 9124/1/4 9084/1/4 9125/1/4
f 9105/3/4 9115/3/4 9126/3/4
f 8999/3/4 9105/3/4 9126/3/4
f 9126/3/4 9115/3/4 9127/3/4
f 9117/1/4 9118/1/4 9129/1/4
f 9118/1/4 9119/1/4 9129/1/4
f 9129/1/4 9119/1/4 9130/1/4
f 9119/4/4 9120/4/4 9131/4/4
f 9130/1/4 9119/1/4 9131/1/4
f 9121/1/4 9122/1/4 9132/1/4
f 9131/4/4 9120/4/4 9132/4/4
f 9120/1/4 9121/1/4 9132/1/4
f 9132/1/4 9122/1/4 9133/1/4
f 9133/1/4 9122/1/4 9134/1/4
f 9124/3/4 9125/3/4 9136/3/4
f 9125/3/4 9006/3/4 9137/3/4
f 9136/3/4 9125/3/4 9137/3/4
f 8999/3/4 9126/3/4 9138/3/4
f 9138/3/4 9126/3/4 9139/3/4
f 9128/3/4 9129/3/4 9141/3/4
f 9129/3/4 9130/3/4 9141/3/4
f 9130/1/4 9131/1/4 9142/1/4
f 9131/1/4 9132/1/4 9142/1/4
f 9141/3/4 9130/3/4 9142/3/4
f 9132/1/4 9133/1/4 9142/1/4
f 9142/1/4 9133/1/4 9143/1/4
f 9143/1/4 9133/1/4 9144/1/4
f 9134/3/4 9135/3/4 9145/3/4
f 9144/1/4 9133/1/4 9145/1/4
f 9133/3/4 9134/3/4 9145/3/4
f 9145/3/4 9135/3/4 9146/3/4
f 9137/3/4 9006/3/4 9148/3/4
f 9148/3/4 9006/3/4 9149/3/4
f 9140/3/4 9141/3/4 9151/3/4
f 9142/3/4 9143/3/4 9151/3/4
f 9141/3/4 9142/3/4 9151/3/4
f 9143/1/4 9144/1/4 9152/1/4
f 9151/3/4 9143/3/4 9152/3/4
f 9146/3/4 9147/3/4 9153/3/4
f 9152/1/4 9144/1/4 9153/1/4
f 9145/3/4 9146/3/4 9153/3/4
f 9144/3/4 9145/3/4 9153/3/4
f 9153/3/4 9147/3/4 9154/3/4
f 9150/3/4 9151/3/4 9156/3/4
f 9154/3/4 9155/3/4 9156/3/4
f 9153/3/4 9154/3/4 9156/3/4
f 9152/3/4 9153/3/4 9156/3/4
f 9151/3/4 9152/3/4 9156/3/4
f 9156/3/4 9155/3/4 9157/3/4
f 9158/5/4 9159/5/4 9161/5/4
f 9159/2/4 9160/2/4 9162/2/4
f 9161/5/4 9159/5/4 9162/5/4
f 9162/2/4 9160/2/4 9163/2/4
f 9163/2/4 9160/2/4 9164/2/4
f 9161/2/4 9162/2/4 9165/2/4
f 9162/2/4 9163/2/4 9165/2/4
f 9163/5/4 9164/5/4 9165/5/4
f 9165/5/4 9164/5/4 9166/5/4
f 9166/5/4 9164/5/4 9167/5/4
f 9167/5/4 9164/5/4 9168/5/4
f 9164/2/4 9160/2/4 9169/2/4
f 9168/5/4 9164/5/4 9169/5/4
f 9161/2/4 9165/2/4 9170/2/4
f 9165/2/4 9166/2/4 9170/2/4
f 9170/2/4 9166/2/4 9171/2/4
f 9171/2/4 9166/2/4 9172/2/4
f 9167/5/4 9168/5/4 9175/5/4
f 9168/2/4 9169/2/4 9176/2/4
f 9175/5/4 9168/5/4 9176/5/4
f 9161/2/4 9170/2/4 9177/2/4
f 9170/5/4 9171/5/4 9177/5/4
f 9172/2/4 9173/2/4 9178/2/4
f 9177/5/4 9171/5/4 9178/5/4
f 9171/2/4 9172/2/4 9178/2/4
f 9178/2/4 9173/2/4 9179/2/4
f 9179/2/4 9173/2/4 9180/2/4
f 9174/5/4 9175/5/4 9183/5/4
f 9175/2/4 9176/2/4 9184/2/4
f 9183/5/4 9175/5/4 9184/5/4
f 9176/2/4 9169/2/4 9185/2/4
f 9184/2/4 9176/2/4 9185/2/4
f 9169/2/4 9160/2/4 9186/2/4
f 9185/2/4 9169/2/4 9186/2/4
f 9186/2/4 9160/2/4 9187/2/4
f 9178/5/4 9179/5/4 9188/5/4
f 9180/2/4 9181/2/4 9189/2/4
f 9188/5/4 9179/5/4 9189/5/4
f 9179/2/4 9180/2/4 9189/2/4
f 9189/2/4 9181/2/4 9190/2/4
f 9190/2/4 9181/2/4 9191/2/4
f 9182/5/4 9183/5/4 9194/5/4
f 9184/2/4 9185/2/4 9195/2/4
f 9183/2/4 9184/2/4 9195/2/4
f 9194/5/4 9183/5/4 9195/5/4
f 9195/2/4 9185/2/4 9196/2/4
f 9196/2/4 9185/2/4 9197/2/4
f 9189/5/4 9190/5/4 9198/5/4
f 9191/2/4 9192/2/4 9199/2/4
f 9198/5/4 9190/5/4 9199/5/4
f 9190/2/4 9191/2/4 9199/2/4
f 9199/2/4 9192/2/4 9200/2/4
f 9200/2/4 9192/2/4 9201/2/4
f 9193/5/4 9194/5/4 9204/5/4
f 9195/2/4 9196/2/4 9205/2/4
f 9194/2/4 9195/2/4 9205/2/4
f 9204/5/4 9194/5/4 9205/5/4
f 9205/2/4 9196/2/4 9206/2/4
f 9206/2/4 9196/2/4 9207/2/4
f 9199/5/4 9200/5/4 9208/5/4
f 9201/2/4 9202/2/4 9209/2/4
f 9208/5/4 9200/5/4 9209/5/4
f 9200/2/4 9201/2/4 9209/2/4
f 9209/2/4 9202/2/4 9210/2/4
f 9210/2/4 9202/2/4 9211/2/4
f 9203/5/4 9204/5/4 9214/5/4
f 9205/2/4 9206/2/4 9215/2/4
f 9204/2/4 9205/2/4 9215/2/4
f 9214/5/4 9204/5/4 9215/5/4
f 9215/2/4 9206/2/4 9216/2/4
f 9216/2/4 9206/2/4 9217/2/4
f 9209/5/4 9210/5/4 9218/5/4
f 9211/2/4 9212/2/4 9219/2/4
f 9218/5/4 9210/5/4 9219/5/4
f 9210/2/4 9211/2/4 9219/2/4
f 9219/2/4 9212/2/4 9220/2/4
f 9220/2/4 9212/2/4 9221/2/4
f 9213/5/4 9214/5/4 9224/5/4
f 9215/2/4 9216/2/4 9225/2/4
f 9214/2/4 9215/2/4 9225/2/4
f 9224/5/4 9214/5/4 9225/5/4
f 9225/2/4 9216/2/4 9226/2/4
f 9226/2/4 9216/2/4 9227/2/4
f 9219/5/4 9220/5/4 9228/5/4
f 9221/2/4 9222/2/4 9229/2/4
f 9228/5/4 9220/5/4 9229/5/4
f 9220/2/4 9221/2/4 9229/2/4
f 9229/2/4 9222/2/4 9230/2/4
f 9230/2/4 9222/2/4 9231/2/4
f 9223/5/4 9224/5/4 9234/5/4
f 9225/2/4 9226/2/4 9235/2/4
f 9224/2/4 9225/2/4 9235/2/4
f 9234/5/4 9224/5/4 9235/5/4
f 9235/2/4 9226/2/4 9236/2/4
f 9236/2/4 9226/2/4 9237/2/4
f 9229/5/4 9230/5/4 9238/5/4
f 9231/2/4 9232/2/4 9239/2/4
f 9238/5/4 9230/5/4 9239/5/4
f 9230/2/4 9231/2/4 9239/2/4
f 9239/2/4 9232/2/4 9240/2/4
f 9240/2/4 9232/2/4 9241/2/4
f 9233/5/4 9234/5/4 9244/5/4
f 9235/2/4 9236/2/4 9245/2/4
f 9234/2/4 9235/2/4 9245/2/4
f 9244/5/4 9234/5/4 9245/5/4
f 9245/2/4 9236/2/4 9246/2/4
f 9246/2/4 9236/2/4 9247/2/4
f 9239/5/4 9240/5/4 9248/5/4
f 9241/2/4 9242/2/4 9249/2/4
f 9248/5/4 9240/5/4 9249/5/4
f 9240/2/4 9241/2/4 9249/2/4
f 9249/2/4 9242/2/4 9250/2/4
f 9250/2/4 9242/2/4 9251/2/4
f 9243/5/4 9244/5/4 9254/5/4
f 9245/2/4 9246/2/4 9255/2/4
f 9244/2/4 9245/2/4 9255/2/4
f 9254/5/4 9244/5/4 9255/5/4
f 9255/2/4 9246/2/4 9256/2/4
f 9256/2/4 9246/2/4 9257/2/4
f 9249/5/4 9250/5/4 9258/5/4
f 9251/2/4 9252/2/4 9259/2/4
f 9258/5/4 9250/5/4 9259/5/4
f 9250/2/4 9251/2/4 9259/2/4
f 9259/2/4 9252/2/4 9260/2/4
f 9260/2/4 9252/2/4 9261/2/4
f 9253/5/4 9254/5/4 9264/5/4
f 9255/2/4 9256/2/4 9265/2/4
f 9254/2/4 9255/2/4 9265/2/4
f 9264/5/4 9254/5/4 9265/5/4
f 9265/2/4 9256/2/4 9266/2/4
f 9266/2/4 9256/2/4 9267/2/4
f 9259/5/4 9260/5/4 9268/5/4
f 9261/2/4 9262/2/4 9269/2/4
f 9268/5/4 9260/5/4 9269/5/4
f 9260/2/4 9261/2/4 9269/2/4
f 9269/2/4 9262/2/4 9270/2/4
f 9270/2/4 9262/2/4 9271/2/4
f 9263/5/4 9264/5/4 9274/5/4
f 9265/2/4 9266/2/4 9275/2/4
f 9264/2/4 9265/2/4 9275/2/4
f 9274/5/4 9264/5/4 9275/5/4
f 9275/2/4 9266/2/4 9276/2/4
f 9276/2/4 9266/2/4 9277/2/4
f 9269/5/4 9270/5/4 9278/5/4
f 9271/2/4 9272/2/4 9279/2/4
f 9278/5/4 9270/5/4 9279/5/4
f 9270/2/4 9271/2/4 9279/2/4
f 9279/2/4 9272/2/4 9280/2/4
f 9280/2/4 9272/2/4 9281/2/4
f 9273/5/4 9274/5/4 9283/5/4
f 9275/2/4 9276/2/4 9284/2/4
f 9274/2/4 9275/2/4 9284/2/4
f 9283/5/4 9274/5/4 9284/5/4
f 9284/2/4 9276/2/4 9285/2/4
f 9285/2/4 9276/2/4 9286/2/4
f 9279/5/4 9280/5/4 9287/5/4
f 9281/2/4 9282/2/4 9288/2/4
f 9287/5/4 9280/5/4 9288/5/4
f 9280/2/4 9281/2/4 9288/2/4
f 9288/2/4 9282/2/4 9289/2/4
f 9282/5/4 9283/5/4 9290/5/4
f 9289/2/4 9282/2/4 9290/2/4
f 9284/2/4 9285/2/4 9291/2/4
f 9290/5/4 9283/5/4 9291/5/4
f 9283/2/4 9284/2/4 9291/2/4
f 9291/2/4 9285/2/4 9292/2/4
f 9292/2/4 9285/2/4 9293/2/4
f 9288/5/4 9289/5/4 9294/5/4
f 9289/2/4 9290/2/4 9295/2/4
f 9294/5/4 9289/5/4 9295/5/4
f 9291/2/4 9292/2/4 9295/2/4
f 9290/2/4 9291/2/4 9295/2/4
f 9295/2/4 9292/2/4 9296/2/4
f 9296/2/4 9292/2/4 9297/2/4
f 9295/2/4 9296/2/4 9299/2/4
f 9299/2/4 9296/2/4 9300/2/4
f 9161/2/4 9177/2/4 9302/2/4
f 9300/2/4 9301/2/4 9303/2/4
f 9298/2/4 9299/2/4 9303/2/4
f 9299/2/4 9300/2/4 9303/2/4
f 9303/2/4 9301/2/4 9304/2/4
f 9186/5/4 9187/5/4 9305/5/4
f 9187/2/4 9160/2/4 9306/2/4
f 9305/5/4 9187/5/4 9306/5/4
f 9161/2/4 9302/2/4 9307/2/4
f 9304/2/4 9305/2/4 9307/2/4
f 9305/2/4 9306/2/4 9307/2/4
f 9303/2/4 9304/2/4 9307/2/4
f 9302/2/4 9303/2/4 9307/2/4
f 9307/2/4 9306/2/4 9308/2/4
f 9308/2/4 9306/2/4 9309/2/4
f 9309/2/4 9306/2/4 9310/2/4
f 9306/2/4 9160/2/4 9311/2/4
f 9310/2/4 9306/2/4 9311/2/4
f 9308/2/4 9309/2/4 9312/2/4
f 9312/2/4 9309/2/4 9313/2/4
f 9313/2/4 9309/2/4 9314/2/4
f 9314/2/4 9309/2/4 9315/2/4
f 9313/2/4 9314/2/4 9317/2/4
f 9317/2/4 9314/2/4 9318/2/4
f 9316/5/4 9317/5/4 9321/5/4
f 9318/2/4 9319/2/4 9322/2/4
f 9317/2/4 9318/2/4 9322/2/4
f 9321/5/4 9317/5/4 9322/5/4
f 9322/2/4 9319/2/4 9323/2/4
f 9323/2/4 9319/2/4 9324/2/4
f 9324/2/4 9319/2/4 9325/2/4
f 9320/5/4 9321/5/4 9328/5/4
f 9321/2/4 9322/2/4 9329/2/4
f 9322/2/4 9323/2/4 9329/2/4
f 9328/5/4 9321/5/4 9329/5/4
f 9329/2/4 9323/2/4 9330/2/4
f 9323/5/4 9324/5/4 9331/5/4
f 9330/2/4 9323/2/4 9331/2/4
f 9324/2/4 9325/2/4 9332/2/4
f 9331/5/4 9324/5/4 9332/5/4
f 9325/2/4 9326/2/4 9332/2/4
f 9332/2/4 9326/2/4 9333/2/4
f 9333/2/4 9326/2/4 9334/2/4
f 9327/5/4 9328/5/4 9337/5/4
f 9328/2/4 9329/2/4 9338/2/4
f 9329/2/4 9330/2/4 9338/2/4
f 9337/5/4 9328/5/4 9338/5/4
f 9338/2/4 9330/2/4 9339/2/4
f 9339/2/4 9330/2/4 9340/2/4
f 9332/5/4 9333/5/4 9341/5/4
f 9334/2/4 9335/2/4 9342/2/4
f 9341/5/4 9333/5/4 9342/5/4
f 9333/2/4 9334/2/4 9342/2/4
f 9342/2/4 9335/2/4 9343/2/4
f 9343/2/4 9335/2/4 9344/2/4
f 9336/5/4 9337/5/4 9347/5/4
f 9338/2/4 9339/2/4 9348/2/4
f 9337/2/4 9338/2/4 9348/2/4
f 9347/5/4 9337/5/4 9348/5/4
f 9348/2/4 9339/2/4 9349/2/4
f 9349/2/4 9339/2/4 9350/2/4
f 9342/5/4 9343/5/4 9351/5/4
f 9344/2/4 9345/2/4 9352/2/4
f 9351/5/4 9343/5/4 9352/5/4
f 9343/2/4 9344/2/4 9352/2/4
f 9352/2/4 9345/2/4 9353/2/4
f 9353/2/4 9345/2/4 9354/2/4
f 9346/5/4 9347/5/4 9357/5/4
f 9348/2/4 9349/2/4 9358/2/4
f 9347/2/4 9348/2/4 9358/2/4
f 9357/5/4 9347/5/4 9358/5/4
f 9358/2/4 9349/2/4 9359/2/4
f 9359/2/4 9349/2/4 9360/2/4
f 9352/5/4 9353/5/4 9361/5/4
f 9354/2/4 9355/2/4 9362/2/4
f 9361/5/4 9353/5/4 9362/5/4
f 9353/2/4 9354/2/4 9362/2/4
f 9362/2/4 9355/2/4 9363/2/4
f 9363/2/4 9355/2/4 9364/2/4
f 9356/5/4 9357/5/4 9367/5/4
f 9358/2/4 9359/2/4 9368/2/4
f 9357/2/4 9358/2/4 9368/2/4
f 9367/5/4 9357/5/4 9368/5/4
f 9368/2/4 9359/2/4 9369/2/4
f 9369/2/4 9359/2/4 9370/2/4
f 9362/5/4 9363/5/4 9371/5/4
f 9364/2/4 9365/2/4 9372/2/4
f 9371/5/4 9363/5/4 9372/5/4
f 9363/2/4 9364/2/4 9372/2/4
f 9372/2/4 9365/2/4 9373/2/4
f 9373/2/4 9365/2/4 9374/2/4
f 9366/5/4 9367/5/4 9377/5/4
f 9368/2/4 9369/2/4 9378/2/4
f 9367/2/4 9368/2/4 9378/2/4
f 9377/5/4 9367/5/4 9378/5/4
f 9378/2/4 9369/2/4 9379/2/4
f 9379/2/4 9369/2/4 9380/2/4
f 9372/5/4 9373/5/4 9381/5/4
f 9374/2/4 9375/2/4 9382/2/4
f 9381/5/4 9373/5/4 9382/5/4
f 9373/2/4 9374/2/4 9382/2/4
f 9382/2/4 9375/2/4 9383/2/4
f 9383/2/4 9375/2/4 9384/2/4
f 9376/5/4 9377/5/4 9387/5/4
f 9378/2/4 9379/2/4 9388/2/4
f 9377/2/4 9378/2/4 9388/2/4
f 9387/5/4 9377/5/4 9388/5/4
f 9388/2/4 9379/2/4 9389/2/4
f 9389/2/4 9379/2/4 9390/2/4
f 9382/5/4 9383/5/4 9391/5/4
f 9384/2/4 9385/2/4 9392/2/4
f 9391/5/4 9383/5/4 9392/5/4
f 9383/2/4 9384/2/4 9392/2/4
f 9392/2/4 9385/2/4 9393/2/4
f 9393/2/4 9385/2/4 9394/2/4
f 9386/5/4 9387/5/4 9397/5/4
f 9388/2/4 9389/2/4 9398/2/4
f 9387/2/4 9388/2/4 9398/2/4
f 9397/5/4 9387/5/4 9398/5/4
f 9398/2/4 9389/2/4 9399/2/4
f 9399/2/4 9389/2/4 9400/2/4
f 9392/5/4 9393/5/4 9401/5/4
f 9394/2/4 9395/2/4 9402/2/4
f 9401/5/4 9393/5/4 9402/5/4
f 9393/2/4 9394/2/4 9402/2/4
f 9402/2/4 9395/2/4 9403/2/4
f 9403/2/4 9395/2/4 9404/2/4
f 9396/5/4 9397/5/4 9407/5/4
f 9398/2/4 9399/2/4 9408/2/4
f 9397/2/4 9398/2/4 9408/2/4
f 9407/5/4 9397/5/4 9408/5/4
f 9408/2/4 9399/2/4 9409/2/4
f 9409/2/4 9399/2/4 9410/2/4
f 9402/5/4 9403/5/4 9411/5/4
f 9404/2/4 9405/2/4 9412/2/4
f 9411/5/4 9403/5/4 9412/5/4
f 9403/2/4 9404/2/4 9412/2/4
f 9412/2/4 9405/2/4 9413/2/4
f 9413/2/4 9405/2/4 9414/2/4
f 9406/5/4 9407/5/4 9417/5/4
f 9408/2/4 9409/2/4 9418/2/4
f 9407/2/4 9408/2/4 9418/2/4
f 9417/5/4 9407/5/4 9418/5/4
f 9418/2/4 9409/2/4 9419/2/4
f 9419/2/4 9409/2/4 9420/2/4
f 9412/5/4 9413/5/4 9421/5/4
f 9414/2/4 9415/2/4 9422/2/4
f 9421/5/4 9413/5/4 9422/5/4
f 9413/2/4 9414/2/4 9422/2/4
f 9422/2/4 9415/2/4 9423/2/4
f 9423/2/4 9415/2/4 9424/2/4
f 9161/2/4 9307/2/4 9426/2/4
f 9416/5/4 9417/5/4 9427/5/4
f 9418/2/4 9419/2/4 9428/2/4
f 9417/2/4 9418/2/4 9428/2/4
f 9427/5/4 9417/5/4 9428/5/4
f 9428/2/4 9419/2/4 9429/2/4
f 9429/2/4 9419/2/4 9430/2/4
f 9422/5/4 9423/5/4 9431/5/4
f 9424/2/4 9425/2/4 9432/2/4
f 9431/5/4 9423/5/4 9432/5/4
f 9423/2/4 9424/2/4 9432/2/4
f 9432/2/4 9425/2/4 9433/2/4
f 9433/2/4 9425/2/4 9434/2/4
f 9310/5/4 9311/5/4 9435/5/4
f 9311/2/4 9160/2/4 9436/2/4
f 9435/5/4 9311/5/4 9436/5/4
f 9161/2/4 9426/2/4 9437/2/4
f 9426/5/4 9427/5/4 9437/5/4
f 9428/2/4 9429/2/4 9438/2/4
f 9437/5/4 9427/5/4 9438/5/4
f 9427/2/4 9428/2/4 9438/2/4
f 9438/2/4 9429/2/4 9439/2/4
f 9439/2/4 9429/2/4 9440/2/4
f 9432/5/4 9433/5/4 9441/5/4
f 9434/2/4 9435/2/4 9442/2/4
f 9441/5/4 9433/5/4 9442/5/4
f 9433/2/4 9434/2/4 9442/2/4
f 9435/2/4 9436/2/4 9442/2/4
f 9442/2/4 9436/2/4 9443/2/4
f 9438/2/4 9439/2/4 9444/2/4
f 9437/2/4 9438/2/4 9444/2/4
f 9444/2/4 9439/2/4 9445/2/4
f 9442/5/4 9443/5/4 9446/5/4
f 9443/2/4 9436/2/4 9447/2/4
f 9446/5/4 9443/5/4 9447/5/4
f 9447/2/4 9436/2/4 9448/2/4
f 9158/5/4 9161/5/4 9449/5/4
f 9161/2/4 9437/2/4 9449/2/4
f 9437/2/4 9444/2/4 9449/2/4
f 9449/2/4 9444/2/4 9450/2/4
f 9445/5/4 9446/5/4 9451/5/4
f 9450/2/4 9444/2/4 9451/2/4
f 9447/5/4 9448/5/4 9451/5/4
f 9444/5/4 9445/5/4 9451/5/4
f 9446/5/4 9447/5/4 9451/5/4
f 9448/2/4 9436/2/4 9452/2/4
f 9451/5/4 9448/5/4 9452/5/4
f 9449/5/4 9450/5/4 9453/5/4
f 9158/5/4 9449/5/4 9453/5/4
f 9450/2/4 9451/2/4 9454/2/4
f 9453/5/4 9450/5/4 9454/5/4
f 9451/2/4 9452/2/4 9454/2/4
f 9452/2/4 9436/2/4 9455/2/4
f 9454/2/4 9452/2/4 9455/2/4
f 9436/2/4 9160/2/4 9455/2/4
f 9458/5/5 9457/5/5 9456/5/5
f 9459/5/5 9457/5/5 9458/5/5
f 9460/5/5 9458/5/5 9456/5/5
f 9460/2/5 9459/2/5 9458/2/5
f 9461/5/5 9457/5/5 9459/5/5
f 9461/2/5 9459/2/5 9460/2/5
f 9462/5/5 9460/5/5 9456/5/5
f 9462/5/5 9461/5/5 9460/5/5
f 9463/5/5 9457/5/5 9461/5/5
f 9463/5/5 9461/5/5 9462/5/5
f 9468/5/5 9465/5/5 9464/5/5
f 9469/5/5 9465/5/5 9468/5/5
f 9470/5/5 9467/5/5 9466/5/5
f 9471/5/5 9467/5/5 9470/5/5
f 9476/5/5 9473/5/5 9472/5/5
f 9477/5/5 9473/5/5 9476/5/5
f 9478/5/5 9475/5/5 9474/5/5
f 9479/5/5 9475/5/5 9478/5/5
f 9484/5/5 9481/5/5 9480/5/5
f 9485/5/5 9481/5/5 9484/5/5
f 9486/5/5 9483/5/5 9482/5/5
f 9487/5/5 9483/5/5 9486/5/5
f 9492/5/5 9489/5/5 9488/5/5
f 9493/5/5 9489/5/5 9492/5/5
f 9494/5/5 9491/5/5 9490/5/5
f 9495/5/5 9491/5/5 9494/5/5
f 9500/5/5 9497/5/5 9496/5/5
f 9501/5/5 9497/5/5 9500/5/5
f 9502/5/5 9499/5/5 9498/5/5
f 9503/5/5 9499/5/5 9502/5/5
f 9508/5/5 9505/5/5 9504/5/5
f 9509/5/5 9505/5/5 9508/5/5
f 9510/5/5 9507/5/5 9506/5/5
f 9511/5/5 9507/5/5 9510/5/5
f 9516/5/5 9513/5/5 9512/5/5
f 9517/5/5 9513/5/5 9516/5/5
f 9518/5/5 9515/5/5 9514/5/5
f 9519/5/5 9515/5/5 9518/5/5
f 9524/5/5 9521/5/5 9520/5/5
f 9525/5/5 9521/5/5 9524/5/5
f 9526/5/5 9523/5/5 9522/5/5
f 9527/5/5 9523/5/5 9526/5/5
f 9532/5/5 9529/5/5 9528/5/5
f 9533/5/5 9529/5/5 9532/5/5
f 9534/5/5 9531/5/5 9530/5/5
f 9535/5/5 9531/5/5 9534/5/5
f 9540/5/5 9537/5/5 9536/5/5
f 9541/5/5 9537/5/5 9540/5/5
f 9542/5/5 9539/5/5 9538/5/5
f 9543/5/5 9539/5/5 9542/5/5
f 9548/5/5 9545/5/5 9544/5/5
f 9549/5/5 9545/5/5 9548/5/5
f 9550/5/5 9547/5/5 9546/5/5
f 9551/5/5 9547/5/5 9550/5/5
f 9556/5/5 9553/5/5 9552/5/5
f 9557/5/5 9553/5/5 9556/5/5
f 9558/5/5 9555/5/5 9554/5/5
f 9559/5/5 9555/5/5 9558/5/5
f 9564/5/5 9561/5/5 9560/5/5
f 9565/5/5 9561/5/5 9564/5/5
f 9566/5/5 9563/5/5 9562/5/5
f 9567/5/5 9563/5/5 9566/5/5
f 9572/5/5 9569/5/5 9568/5/5
f 9573/5/5 9569/5/5 9572/5/5
f 9574/5/5 9571/5/5 9570/5/5
f 9575/5/5 9571/5/5 9574/5/5
f 9580/5/5 9577/5/5 9576/5/5
f 9581/5/5 9577/5/5 9580/5/5
f 9582/5/5 9579/5/5 9578/5/5
f 9583/5/5 9579/5/5 9582/5/5
f 9588/5/5 9585/5/5 9584/5/5
f 9589/5/5 9585/5/5 9588/5/5
f 9590/5/5 9587/5/5 9586/5/5
f 9591/5/5 9587/5/5 9590/5/5
f 9596/5/5 9593/5/5 9592/5/5
f 9597/5/5 9593/5/5 9596/5/5
f 9598/5/5 9595/5/5 9594/5/5
f 9599/5/5 9595/5/5 9598/5/5
f 9604/5/5 9601/5/5 9600/5/5
f 9605/5/5 9601/5/5 9604/5/5
f 9606/5/5 9603/5/5 9602/5/5
f 9607/5/5 9603/5/5 9606/5/5
f 9612/5/5 9609/5/5 9608/5/5
f 9613/5/5 9609/5/5 9612/5/5
f 9614/5/5 9611/5/5 9610/5/5
f 9615/5/5 9611/5/5 9614/5/5
f 9620/5/5 9617/5/5 9616/5/5
f 9621/5/5 9617/5/5 9620/5/5
f 9622/5/5 9619/5/5 9618/5/5
f 9623/5/5 9619/5/5 9622/5/5
f 9628/5/5 9625/5/5 9624/5/5
f 9629/5/5 9625/5/5 9628/5/5
f 9630/5/5 9627/5/5 9626/5/5
f 9631/5/5 9627/5/5 9630/5/5
f 9636/5/5 9633/5/5 9632/5/5
f 9637/5/5 9633/5/5 9636/5/5
f 9638/5/5 9635/5/5 9634/5/5
f 9639/5/5 9635/5/5 9638/5/5
f 9644/5/5 9641/5/5 9640/5/5
f 9645/5/5 9641/5/5 9644/5/5
f 9646/5/5 9643/5/5 9642/5/5
f 9647/5/5 9643/5/5 9646/5/5
f 9652/5/5 9649/5/5 9648/5/5
f 9653/5/5 9649/5/5 9652/5/5
f 9654/5/5 9651/5/5 9650/5/5
f 9655/5/5 9651/5/5 9654/5/5
f 9660/5/5 9657/5/5 9656/5/5
f 9661/5/5 9657/5/5 9660/5/5
f 9662/5/5 9659/5/5 9658/5/5
f 9663/5/5 9659/5/5 9662/5/5
f 9668/5/5 9665/5/5 9664/5/5
f 9669/5/5 9665/5/5 9668/5/5
f 9670/5/5 9667/5/5 9666/5/5
f 9671/5/5 9667/5/5 9670/5/5
f 9676/5/5 9673/5/5 9672/5/5
f 9677/5/5 9673/5/5 9676/5/5
f 9678/5/5 9675/5/5 9674/5/5
f 9679/5/5 9675/5/5 9678/5/5
f 9684/5/5 9681/5/5 9680/5/5
f 9685/5/5 9681/5/5 9684/5/5
f 9686/5/5 9683/5/5 9682/5/5
f 9687/5/5 9683/5/5 9686/5/5
f 9692/5/5 9689/5/5 9688/5/5
f 9693/5/5 9689/5/5 9692/5/5
f 9694/5/5 9691/5/5 9690/5/5
f 9695/5/5 9691/5/5 9694/5/5
f 9700/5/5 9697/5/5 9696/5/5
f 9701/5/5 9697/5/5 9700/5/5
f 9702/5/5 9699/5/5 9698/5/5
f 9703/5/5 9699/5/5 9702/5/5
f 9708/5/5 9705/5/5 9704/5/5
f 9709/5/5 9705/5/5 9708/5/5
f 9710/5/5 9707/5/5 9706/5/5
f 9711/5/5 9707/5/5 9710/5/5
f 9716/5/5 9713/5/5 9712/5/5
f 9717/5/5 9713/5/5 9716/5/5
f 9718/5/5 9715/5/5 9714/5/5
f 9719/5/5 9715/5/5 9718/5/5
f 9724/5/5 9721/5/5 9720/5/5
f 9725/5/5 9721/5/5 9724/5/5
f 9726/5/5 9723/5/5 9722/5/5
f 9727/5/5 9723/5/5 9726/5/5
f 9732/5/5 9729/5/5 9728/5/5
f 9733/5/5 9729/5/5 9732/5/5
f 9734/5/5 9731/5/5 9730/5/5
f 9735/5/5 9731/5/5 9734/5/5
f 9740/5/5 9737/5/5 9736/5/5
f 9741/5/5 9737/5/5 9740/5/5
f 9742/5/5 9739/5/5 9738/5/5
f 9743/5/5 9739/5/5 9742/5/5
f 9748/5/5 9745/5/5 9744/5/5
f 9749/5/5 9745/5/5 9748/5/5
f 9750/5/5 9747/5/5 9746/5/5
f 9751/5/5 9747/5/5 9750/5/5
f 9756/5/5 9753/5/5 9752/5/5
f 9757/5/5 9753/5/5 9756/5/5
f 9758/5/5 9755/5/5 9754/5/5
f 9759/5/5 9755/5/5 9758/5/5
f 9764/5/5 9761/5/5 9760/5/5
f 9765/5/5 9761/5/5 9764/5/5
f 9766/5/5 9763/5/5 9762/5/5
f 9767/5/5 9763/5/5 9766/5/5
f 9772/5/5 9769/5/5 9768/5/5
f 9773/5/5 9769/5/5 9772/5/5
f 9774/5/5 9771/5/5 9770/5/5
f 9775/5/5 9771/5/5 9774/5/5
f 9780/5/5 9777/5/5 9776/5/5
f 9781/5/5 9777/5/5 9780/5/5
f 9782/5/5 9779/5/5 9778/5/5
f 9783/5/5 9779/5/5 9782/5/5
f 9788/5/5 9785/5/5 9784/5/5
f 9789/5/5 9785/5/5 9788/5/5
f 9790/5/5 9787/5/5 9786/5/5
f 9791/5/5 9787/5/5 9790/5/5
f 9796/5/5 9793/5/5 9792/5/5
f 9797/5/5 9793/5/5 9796/5/5
f 9798/5/5 9795/5/5 9794/5/5
f 9799/5/5 9795/5/5 9798/5/5
f 9804/5/5 9801/5/5 9800/5/5
f 9805/5/5 9801/5/5 9804/5/5
f 9806/5/5 9803/5/5 9802/5/5
f 9807/5/5 9803/5/5 9806/5/5
f 9812/5/5 9809/5/5 9808/5/5
f 9813/5/5 9809/5/5 9812/5/5
f 9814/5/5 9811/5/5 9810/5/5
f 9815/5/5 9811/5/5 9814/5/5
f 9824/5/5 9817/5/5 9816/5/5
f 9825/5/5 9817/5/5 9824/5/5
f 9826/5/5 9819/5/5 9818/5/5
f 9827/5/5 9819/5/5 9826/5/5
f 9828/5/5 9821/5/5 9820/5/5
f 9829/5/5 9821/5/5 9828/5/5
f 9830/5/5 9823/5/5 9822/5/5
f 9831/5/5 9823/5/5 9830/5/5
f 9836/5/5 9833/5/5 9832/5/5
f 9837/5/5 9833/5/5 9836/5/5
f 9838/5/5 9835/5/5 9834/5/5
f 9839/5/5 9835/5/5 9838/5/5
f 9844/5/5 9841/5/5 9840/5/5
f 9845/5/5 9841/5/5 9844/5/5
f 9846/5/5 9843/5/5 9842/5/5
f 9847/5/5 9843/5/5 9846/5/5
f 9852/5/5 9849/5/5 9848/5/5
f 9853/5/5 9849/5/5 9852/5/5
f 9854/5/5 9851/5/5 9850/5/5
f 9855/5/5 9851/5/5 9854/5/5
f 9860/5/5 9857/5/5 9856/5/5
f 9861/5/5 9857/5/5 9860/5/5
f 9862/5/5 9859/5/5 9858/5/5
f 9863/5/5 9859/5/5 9862/5/5
f 9872/5/5 9865/5/5 9864/5/5
f 9873/5/5 9865/5/5 9872/5/5
f 9874/2/5 9867/2/5 9866/2/5
f 9875/2/5 9867/2/5 9874/2/5
f 9876/2/5 9869/2/5 9868/2/5
f 9877/2/5 9869/2/5 9876/2/5
f 9878/5/5 9871/5/5 9870/5/5
f 9879/5/5 9871/5/5 9878/5/5
f 9884/5/5 9881/5/5 9880/5/5
f 9885/5/5 9881/5/5 9884/5/5
f 9886/5/5 9881/5/5 9885/5/5
f 9887/5/5 9883/5/5 9882/5/5
f 9888/5/5 9883/5/5 9887/5/5
f 9889/5/5 9883/5/5 9888/5/5
f 9894/5/5 9891/5/5 9890/5/5
f 9895/5/5 9893/5/5 9892/5/5
f 9896/5/5 9894/5/5 9890/5/5
f 9897/5/5 9894/5/5 9896/5/5
f 9898/5/5 9893/5/5 9895/5/5
f 9899/5/5 9893/5/5 9898/5/5
f 9904/5/5 9901/5/5 9900/5/5
f 9905/5/5 9903/5/5 9902/5/5
f 9906/5/5 9904/5/5 9900/5/5
f 9907/5/5 9904/5/5 9906/5/5
f 9908/5/5 9903/5/5 9905/5/5
f 9909/5/5 9903/5/5 9908/5/5
f 9916/2/5 9911/2/5 9910/2/5
f 9916/2/5 9912/2/5 9911/2/5
f 9917/2/5 9912/2/5 9916/2/5
f 9918/2/5 9915/2/5 9914/2/5
f 9918/2/5 9914/2/5 9913/2/5
f 9919/2/5 9915/2/5 9918/2/5
f 9924/5/5 9921/5/5 9920/5/5
f 9925/5/5 9921/5/5 9924/5/5
f 9926/5/5 9923/5/5 9922/5/5
f 9927/5/5 9923/5/5 9926/5/5
f 9932/5/5 9929/5/5 9928/5/5
f 9933/5/5 9929/5/5 9932/5/5
f 9934/5/5 9931/5/5 9930/5/5
f 9935/5/5 9931/5/5 9934/5/5
f 9940/5/5 9937/5/5 9936/5/5
f 9941/5/5 9937/5/5 9940/5/5
f 9942/5/5 9939/5/5 9938/5/5
f 9943/5/5 9939/5/5 9942/5/5
f 9948/5/5 9945/5/5 9944/5/5
f 9949/5/5 9945/5/5 9948/5/5
f 9950/5/5 9947/5/5 9946/5/5
f 9951/5/5 9947/5/5 9950/5/5
f 9956/5/5 9953/5/5 9952/5/5
f 9957/5/5 9953/5/5 9956/5/5
f 9958/5/5 9955/5/5 9954/5/5
f 9959/5/5 9955/5/5 9958/5/5
f 9964/5/5 9961/5/5 9960/5/5
f 9965/5/5 9961/5/5 9964/5/5
f 9966/5/5 9963/5/5 9962/5/5
f 9967/5/5 9963/5/5 9966/5/5
f 9972/5/5 9969/5/5 9968/5/5
f 9973/5/5 9969/5/5 9972/5/5
f 9974/5/5 9971/5/5 9970/5/5
f 9975/5/5 9971/5/5 9974/5/5
f 9980/5/5 9977/5/5 9976/5/5
f 9981/5/5 9977/5/5 9980/5/5
f 9982/5/5 9979/5/5 9978/5/5
f 9983/5/5 9979/5/5 9982/5/5
f 9988/5/5 9985/5/5 9984/5/5
f 9989/5/5 9985/5/5 9988/5/5
f 9990/5/5 9987/5/5 9986/5/5
f 9991/5/5 9987/5/5 9990/5/5
f 9996/5/5 9993/5/5 9992/5/5
f 9997/5/5 9993/5/5 9996/5/5
f 9998/5/5 9995/5/5 9994/5/5
f 9999/5/5 9995/5/5 9998/5/5
f 10004/5/5 10001/5/5 10000/5/5
f 10005/5/5 10001/5/5 10004/5/5
f 10006/5/5 10003/5/5 10002/5/5
f 10007/5/5 10003/5/5 10006/5/5
f 10012/5/5 10009/5/5 10008/5/5
f 10013/5/5 10009/5/5 10012/5/5
f 10014/5/5 10011/5/5 10010/5/5
f 10015/5/5 10011/5/5 10014/5/5
f 10020/5/5 10017/5/5 10016/5/5
f 10021/5/5 10017/5/5 10020/5/5
f 10022/5/5 10019/5/5 10018/5/5
f 10023/5/5 10019/5/5 10022/5/5
f 10028/5/5 10025/5/5 10024/5/5
f 10029/5/5 10025/5/5 10028/5/5
f 10030/5/5 10027/5/5 10026/5/5
f 10031/5/5 10027/5/5 10030/5/5
f 10036/5/5 10033/5/5 10032/5/5
f 10037/5/5 10033/5/5 10036/5/5
f 10038/5/5 10035/5/5 10034/5/5
f 10039/5/5 10035/5/5 10038/5/5
f 10044/5/5 10041/5/5 10040/5/5
f 10045/5/5 10041/5/5 10044/5/5
f 10046/5/5 10043/5/5 10042/5/5
f 10047/5/5 10043/5/5 10046/5/5
f 10052/5/5 10049/5/5 10048/5/5
f 10053/5/5 10049/5/5 10052/5/5
f 10054/5/5 10051/5/5 10050/5/5
f 10055/5/5 10051/5/5 10054/5/5
f 10060/5/5 10057/5/5 10056/5/5
f 10061/5/5 10057/5/5 10060/5/5
f 10062/5/5 10059/5/5 10058/5/5
f 10063/5/5 10059/5/5 10062/5/5
f 10068/5/5 10065/5/5 10064/5/5
f 10069/5/5 10065/5/5 10068/5/5
f 10070/5/5 10067/5/5 10066/5/5
f 10071/5/5 10067/5/5 10070/5/5
f 10076/5/5 10073/5/5 10072/5/5
f 10077/5/5 10073/5/5 10076/5/5
f 10078/5/5 10075/5/5 10074/5/5
f 10079/5/5 10075/5/5 10078/5/5
f 10084/5/5 10081/5/5 10080/5/5
f 10085/5/5 10081/5/5 10084/5/5
f 10086/5/5 10083/5/5 10082/5/5
f 10087/5/5 10083/5/5 10086/5/5
f 10092/5/5 10089/5/5 10088/5/5
f 10093/5/5 10089/5/5 10092/5/5
f 10094/5/5 10091/5/5 10090/5/5
f 10095/5/5 10091/5/5 10094/5/5
f 10100/5/5 10097/5/5 10096/5/5
f 10101/5/5 10097/5/5 10100/5/5
f 10102/5/5 10099/5/5 10098/5/5
f 10103/5/5 10099/5/5 10102/5/5
f 10108/5/5 10105/5/5 10104/5/5
f 10109/5/5 10105/5/5 10108/5/5
f 10110/5/5 10107/5/5 10106/5/5
f 10111/5/5 10107/5/5 10110/5/5
f 10116/5/5 10113/5/5 10112/5/5
f 10117/5/5 10113/5/5 10116/5/5
f 10118/5/5 10115/5/5 10114/5/5
f 10119/5/5 10115/5/5 10118/5/5
f 10124/5/5 10121/5/5 10120/5/5
f 10125/5/5 10121/5/5 10124/5/5
f 10126/5/5 10123/5/5 10122/5/5
f 10127/5/5 10123/5/5 10126/5/5
f 10132/5/5 10129/5/5 10128/5/5
f 10133/5/5 10129/5/5 10132/5/5
f 10134/5/5 10131/5/5 10130/5/5
f 10135/5/5 10131/5/5 10134/5/5
f 10140/5/5 10137/5/5 10136/5/5
f 10141/5/5 10137/5/5 10140/5/5
f 10142/5/5 10139/5/5 10138/5/5
f 10143/5/5 10139/5/5 10142/5/5
f 10148/5/5 10145/5/5 10144/5/5
f 10149/5/5 10145/5/5 10148/5/5
f 10150/5/5 10147/5/5 10146/5/5
f 10151/5/5 10147/5/5 10150/5/5
f 10156/5/5 10153/5/5 10152/5/5
f 10157/5/5 10153/5/5 10156/5/5
f 10158/5/5 10155/5/5 10154/5/5
f 10159/5/5 10155/5/5 10158/5/5
f 10164/5/5 10161/5/5 10160/5/5
f 10165/5/5 10161/5/5 10164/5/5
f 10166/5/5 10163/5/5 10162/5/5
f 10167/5/5 10163/5/5 10166/5/5
f 10172/5/5 10169/5/5 10168/5/5
f 10173/5/5 10169/5/5 10172/5/5
f 10174/5/5 10171/5/5 10170/5/5
f 10175/5/5 10171/5/5 10174/5/5
f 10180/5/5 10177/5/5 10176/5/5
f 10181/5/5 10177/5/5 10180/5/5
f 10182/5/5 10179/5/5 10178/5/5
f 10183/5/5 10179/5/5 10182/5/5
f 10188/5/5 10185/5/5 10184/5/5
f 10189/5/5 10185/5/5 10188/5/5
f 10190/5/5 10187/5/5 10186/5/5
f 10191/5/5 10187/5/5 10190/5/5
f 10196/5/5 10193/5/5 10192/5/5
f 10197/5/5 10193/5/5 10196/5/5
f 10198/5/5 10195/5/5 10194/5/5
f 10199/5/5 10195/5/5 10198/5/5
f 10204/5/5 10201/5/5 10200/5/5
f 10205/5/5 10201/5/5 10204/5/5
f 10206/5/5 10203/5/5 10202/5/5
f 10207/5/5 10203/5/5 10206/5/5
f 10212/5/5 10209/5/5 10208/5/5
f 10213/5/5 10209/5/5 10212/5/5
f 10214/5/5 10211/5/5 10210/5/5
f 10215/5/5 10211/5/5 10214/5/5
f 10220/5/5 10217/5/5 10216/5/5
f 10221/5/5 10217/5/5 10220/5/5
f 10222/5/5 10219/5/5 10218/5/5
f 10223/5/5 10219/5/5 10222/5/5
f 10228/5/5 10225/5/5 10224/5/5
f 10229/5/5 10225/5/5 10228/5/5
f 10230/5/5 10227/5/5 10226/5/5
f 10231/5/5 10227/5/5 10230/5/5
f 10236/5/5 10233/5/5 10232/5/5
f 10237/5/5 10233/5/5 10236/5/5
f 10238/5/5 10235/5/5 10234/5/5
f 10239/5/5 10235/5/5 10238/5/5
f 10244/5/5 10241/5/5 10240/5/5
f 10245/5/5 10241/5/5 10244/5/5
f 10246/5/5 10243/5/5 10242/5/5
f 10247/5/5 10243/5/5 10246/5/5
f 10252/5/5 10249/5/5 10248/5/5
f 10253/5/5 10249/5/5 10252/5/5
f 10254/5/5 10251/5/5 10250/5/5
f 10255/5/5 10251/5/5 10254/5/5
f 10260/5/5 10257/5/5 10256/5/5
f 10261/5/5 10257/5/5 10260/5/5
f 10262/5/5 10259/5/5 10258/5/5
f 10263/5/5 10259/5/5 10262/5/5
f 10268/5/5 10265/5/5 10264/5/5
f 10269/5/5 10265/5/5 10268/5/5
f 10270/5/5 10267/5/5 10266/5/5
f 10271/5/5 10267/5/5 10270/5/5
f 10276/5/5 10273/5/5 10272/5/5
f 10277/5/5 10273/5/5 10276/5/5
f 10278/5/5 10275/5/5 10274/5/5
f 10279/5/5 10275/5/5 10278/5/5
f 10284/5/5 10281/5/5 10280/5/5
f 10285/5/5 10281/5/5 10284/5/5
f 10286/5/5 10283/5/5 10282/5/5
f 10287/5/5 10283/5/5 10286/5/5
f 10292/5/5 10289/5/5 10288/5/5
f 10293/5/5 10289/5/5 10292/5/5
f 10294/5/5 10291/5/5 10290/5/5
f 10295/5/5 10291/5/5 10294/5/5
f 10300/5/5 10297/5/5 10296/5/5
f 10301/5/5 10297/5/5 10300/5/5
f 10302/5/5 10299/5/5 10298/5/5
f 10303/5/5 10299/5/5 10302/5/5
f 10308/6/5 10305/6/5 10304/6/5
f 10309/6/5 10305/6/5 10308/6/5
f 10313/6/5 10307/6/5 10306/6/5
f 10314/6/5 10307/6/5 10313/6/5
f 10315/6/5 10311/6/5 10310/6/5
f 10317/6/5 10316/6/5 10315/6/5
f 10323/6/5 10313/6/5 10312/6/5
f 10324/6/5 10313/6/5 10323/6/5
f 10327/6/5 10315/6/5 10310/6/5
f 10327/6/5 10317/6/5 10315/6/5
f 10327/6/5 10318/6/5 10317/6/5
f 10328/6/5 10318/6/5 10327/6/5
f 10329/6/5 10318/6/5 10328/6/5
f 10330/6/5 10318/6/5 10329/6/5
f 10332/6/5 10320/6/5 10319/6/5
f 10333/6/5 10320/6/5 10332/6/5
f 10335/6/5 10322/6/5 10321/6/5
f 10336/6/5 10322/6/5 10335/6/5
f 10337/6/5 10329/6/5 10328/6/5
f 10338/6/5 10329/6/5 10337/6/5
f 10339/6/5 10326/6/5 10325/6/5
f 10340/6/5 10326/6/5 10339/6/5
f 10341/6/5 10334/6/5 10333/6/5
f 10341/6/5 10332/6/5 10331/6/5
f 10341/6/5 10333/6/5 10332/6/5
f 10342/6/5 10334/6/5 10341/6/5
f 10343/6/5 10341/6/5 10331/6/5
f 10345/6/5 10343/6/5 10331/6/5
f 10345/6/5 10344/6/5 10343/6/5
f 10346/6/5 10344/6/5 10345/6/5
f 10349/6/5 10344/6/5 10346/6/5
f 10350/6/5 10344/6/5 10349/6/5
f 10353/6/5 10348/6/5 10347/6/5
f 10354/6/5 10348/6/5 10353/6/5
f 10355/6/5 10352/6/5 10351/6/5
f 10356/6/5 10352/6/5 10355/6/5
f 10361/6/5 10358/6/5 10357/6/5
f 10362/6/5 10358/6/5 10361/6/5
f 10363/6/5 10360/6/5 10359/6/5
f 10364/6/5 10360/6/5 10363/6/5
f 10369/5/5 10366/5/5 10365/5/5
f 10370/5/5 10366/5/5 10369/5/5
f 10371/5/5 10368/5/5 10367/5/5
f 10372/5/5 10368/5/5 10371/5/5
f 10377/2/5 10374/2/5 10373/2/5
f 10378/6/5 10375/6/5 10374/6/5
f 10378/2/5 10374/2/5 10377/2/5
f 10379/2/5 10376/2/5 10375/2/5
f 10379/6/5 10375/6/5 10378/6/5
f 10380/2/5 10376/2/5 10379/2/5
f 10381/2/5 10376/2/5 10380/2/5
f 10388/6/5 10385/6/5 10384/6/5
f 10389/6/5 10385/6/5 10388/6/5
f 10390/6/5 10385/6/5 10389/6/5
f 10391/6/5 10385/6/5 10390/6/5
f 10397/6/5 10393/6/5 10392/6/5
f 10398/7/5 10395/7/5 10394/7/5
f 10399/7/5 10395/7/5 10398/7/5
f 10402/6/5 10397/6/5 10396/6/5
f 10403/6/5 10393/6/5 10397/6/5
f 10403/6/5 10397/6/5 10402/6/5
f 10404/6/5 10401/6/5 10400/6/5
f 10405/6/5 10401/6/5 10404/6/5
f 10408/5/5 10383/5/5 10382/5/5
f 10409/5/5 10383/5/5 10408/5/5
f 10410/6/5 10407/6/5 10406/6/5
f 10411/6/5 10407/6/5 10410/6/5
f 10412/5/5 10387/5/5 10386/5/5
f 10413/5/5 10387/5/5 10412/5/5
f 10422/6/5 10419/6/5 10418/6/5
f 10423/6/5 10421/6/5 10420/6/5
f 10426/6/5 10421/6/5 10423/6/5
f 10426/6/5 10423/6/5 10422/6/5
f 10427/6/5 10421/6/5 10426/6/5
f 10428/6/5 10425/6/5 10424/6/5
f 10429/6/5 10425/6/5 10428/6/5
f 10430/6/5 10425/6/5 10429/6/5
f 10431/6/5 10422/6/5 10418/6/5
f 10431/6/5 10426/6/5 10422/6/5
f 10432/6/5 10426/6/5 10431/6/5
f 10433/6/5 10426/6/5 10432/6/5
f 10434/6/5 10426/6/5 10433/6/5
f 10435/7/5 10430/7/5 10429/7/5
f 10436/7/5 10430/7/5 10435/7/5
f 10437/6/5 10433/6/5 10432/6/5
f 10438/6/5 10433/6/5 10437/6/5
f 10439/6/5 10436/6/5 10435/6/5
f 10440/6/5 10436/6/5 10439/6/5
f 10441/5/5 10415/5/5 10414/5/5
f 10442/5/5 10415/5/5 10441/5/5
f 10445/5/5 10417/5/5 10416/5/5
f 10446/5/5 10417/5/5 10445/5/5
f 10447/6/5 10444/6/5 10443/6/5
f 10448/6/5 10444/6/5 10447/6/5
f 10453/5/5 10450/5/5 10449/5/5
f 10454/5/5 10450/5/5 10453/5/5
f 10455/5/5 10452/5/5 10451/5/5
f 10456/5/5 10452/5/5 10455/5/5
f 10459/6/5 10458/6/5 10457/6/5
f 10460/6/5 10458/6/5 10459/6/5
f 10463/6/5 10462/6/5 10461/6/5
f 10464/6/5 10462/6/5 10463/6/5
f 10467/6/5 10466/6/5 10465/6/5
f 10468/6/5 10466/6/5 10467/6/5
f 10472/7/5 10470/7/5 10469/7/5
f 10473/6/5 10471/6/5 10470/6/5
f 10473/7/5 10470/7/5 10472/7/5
f 10474/6/5 10471/6/5 10473/6/5
f 10481/6/5 10476/6/5 10475/6/5
f 10482/7/5 10477/7/5 10476/7/5
f 10482/6/5 10476/6/5 10481/6/5
f 10483/7/5 10477/7/5 10482/7/5
f 10484/6/5 10479/6/5 10478/6/5
f 10485/6/5 10481/6/5 10480/6/5
f 10485/6/5 10482/6/5 10481/6/5
f 10486/6/5 10482/6/5 10485/6/5
f 10489/6/5 10486/6/5 10485/6/5
f 10489/6/5 10485/6/5 10484/6/5
f 10490/6/5 10486/6/5 10489/6/5
f 10491/6/5 10488/6/5 10487/6/5
f 10492/6/5 10489/6/5 10484/6/5
f 10494/6/5 10488/6/5 10491/6/5
f 10495/6/5 10488/6/5 10494/6/5
f 10499/6/5 10493/6/5 10492/6/5
f 10499/6/5 10484/6/5 10478/6/5
f 10499/6/5 10492/6/5 10484/6/5
f 10500/6/5 10493/6/5 10499/6/5
f 10501/6/5 10496/6/5 10495/6/5
f 10502/6/5 10496/6/5 10501/6/5
f 10503/6/5 10496/6/5 10502/6/5
f 10504/6/5 10498/6/5 10497/6/5
f 10505/6/5 10498/6/5 10504/6/5
f 10508/8/5 10507/8/5 10506/8/5
f 10509/8/5 10507/8/5 10508/8/5
f 10512/6/5 10511/6/5 10510/6/5
f 10513/6/5 10511/6/5 10512/6/5
f 10516/6/5 10515/6/5 10514/6/5
f 10517/6/5 10515/6/5 10516/6/5
f 10520/8/5 10517/8/5 10516/8/5
f 10520/8/5 10518/8/5 10517/8/5
f 10521/6/5 10519/6/5 10518/6/5
f 10521/8/5 10518/8/5 10520/8/5
f 10522/6/5 10519/6/5 10521/6/5
f 10525/6/5 10524/6/5 10523/6/5
f 10526/6/5 10524/6/5 10525/6/5
f 10529/6/5 10528/6/5 10527/6/5
f 10530/6/5 10528/6/5 10529/6/5
f 10533/7/5 10532/7/5 10531/7/5
f 10534/7/5 10532/7/5 10533/7/5
f 10537/6/5 10536/6/5 10535/6/5
f 10540/6/5 10537/6/5 10535/6/5
f 10541/8/5 10538/8/5 10537/8/5
f 10541/6/5 10537/6/5 10540/6/5
f 10542/8/5 10538/8/5 10541/8/5
f 10543/6/5 10540/6/5 10539/6/5
f 10544/8/5 10541/8/5 10540/8/5
f 10544/6/5 10540/6/5 10543/6/5
f 10545/8/5 10541/8/5 10544/8/5
f 10550/6/5 10547/6/5 10546/6/5
f 10551/6/5 10547/6/5 10550/6/5
f 10552/7/5 10549/7/5 10548/7/5
f 10553/7/5 10549/7/5 10552/7/5
f 10556/6/5 10555/6/5 10554/6/5
f 10557/6/5 10555/6/5 10556/6/5
f 10560/7/5 10559/7/5 10558/7/5
f 10561/7/5 10559/7/5 10560/7/5
f 10564/7/5 10563/7/5 10562/7/5
f 10565/7/5 10563/7/5 10564/7/5
f 10568/7/5 10567/7/5 10566/7/5
f 10569/7/5 10567/7/5 10568/7/5
f 10570/2/6 10571/2/6 10574/2/6
f 10574/2/6 10571/2/6 10575/2/6
f 10572/2/6 10573/2/6 10576/2/6
f 10576/2/6 10573/2/6 10577/2/6
f 10578/2/6 10579/2/6 10580/2/6
f 10580/2/6 10579/2/6 10581/2/6
f 10582/2/6 10583/2/6 10586/2/6
f 10586/2/6 10583/2/6 10587/2/6
f 10584/2/6 10585/2/6 10588/2/6
f 10588/2/6 10585/2/6 10589/2/6
f 10590/2/6 10591/2/6 10594/2/6
f 10594/2/6 10591/2/6 10595/2/6
f 10592/2/6 10593/2/6 10596/2/6
f 10596/2/6 10593/2/6 10597/2/6
f 10598/2/6 10599/2/6 10602/2/6
f 10602/2/6 10599/2/6 10603/2/6
f 10600/2/6 10601/2/6 10604/2/6
f 10604/2/6 10601/2/6 10605/2/6
f 10606/2/6 10607/2/6 10610/2/6
f 10610/2/6 10607/2/6 10611/2/6
f 10608/2/6 10609/2/6 10612/2/6
f 10612/2/6 10609/2/6 10613/2/6
f 10614/2/6 10615/2/6 10618/2/6
f 10618/2/6 10615/2/6 10619/2/6
f 10616/2/6 10617/2/6 10620/2/6
f 10620/2/6 10617/2/6 10621/2/6
f 10622/2/6 10623/2/6 10626/2/6
f 10626/2/6 10623/2/6 10627/2/6
f 10624/2/6 10625/2/6 10628/2/6
f 10628/2/6 10625/2/6 10629/2/6
f 10630/2/6 10631/2/6 10634/2/6
f 10634/2/6 10631/2/6 10635/2/6
f 10632/2/6 10633/2/6 10636/2/6
f 10636/2/6 10633/2/6 10637/2/6
f 10638/2/6 10639/2/6 10642/2/6
f 10642/2/6 10639/2/6 10643/2/6
f 10640/2/6 10641/2/6 10644/2/6
f 10644/2/6 10641/2/6 10645/2/6
f 10646/2/6 10647/2/6 10650/2/6
f 10650/2/6 10647/2/6 10651/2/6
f 10648/2/6 10649/2/6 10652/2/6
f 10652/2/6 10649/2/6 10653/2/6
f 10654/2/6 10655/2/6 10658/2/6
f 10658/2/6 10655/2/6 10659/2/6
f 10656/2/6 10657/2/6 10660/2/6
f 10660/2/6 10657/2/6 10661/2/6
f 10662/2/6 10663/2/6 10666/2/6
f 10666/2/6 10663/2/6 10667/2/6
f 10664/2/6 10665/2/6 10668/2/6
f 10668/2/6 10665/2/6 10669/2/6
f 10670/2/6 10671/2/6 10674/2/6
f 10674/2/6 10671/2/6 10675/2/6
f 10672/2/6 10673/2/6 10676/2/6
f 10676/2/6 10673/2/6 10677/2/6
f 10678/2/6 10679/2/6 10682/2/6
f 10682/2/6 10679/2/6 10683/2/6
f 10680/2/6 10681/2/6 10684/2/6
f 10684/2/6 10681/2/6 10685/2/6
f 10686/2/6 10687/2/6 10690/2/6
f 10690/2/6 10687/2/6 10691/2/6
f 10688/2/6 10689/2/6 10692/2/6
f 10692/2/6 10689/2/6 10693/2/6
f 10694/2/6 10695/2/6 10698/2/6
f 10698/2/6 10695/2/6 10699/2/6
f 10696/2/6 10697/2/6 10700/2/6
f 10700/2/6 10697/2/6 10701/2/6
f 10702/2/6 10703/2/6 10706/2/6
f 10706/2/6 10703/2/6 10707/2/6
f 10704/2/6 10705/2/6 10708/2/6
f 10708/2/6 10705/2/6 10709/2/6
f 10710/2/6 10711/2/6 10714/2/6
f 10714/2/6 10711/2/6 10715/2/6
f 10712/2/6 10713/2/6 10716/2/6
f 10716/2/6 10713/2/6 10717/2/6
f 10718/2/6 10719/2/6 10722/2/6
f 10722/2/6 10719/2/6 10723/2/6
f 10720/2/6 10721/2/6 10724/2/6
f 10724/2/6 10721/2/6 10725/2/6
f 10726/2/6 10727/2/6 10730/2/6
f 10730/2/6 10727/2/6 10731/2/6
f 10728/2/6 10729/2/6 10732/2/6
f 10732/2/6 10729/2/6 10733/2/6
f 10734/2/6 10735/2/6 10738/2/6
f 10738/2/6 10735/2/6 10739/2/6
f 10736/2/6 10737/2/6 10740/2/6
f 10740/2/6 10737/2/6 10741/2/6
f 10742/2/6 10743/2/6 10746/2/6
f 10746/2/6 10743/2/6 10747/2/6
f 10744/2/6 10745/2/6 10748/2/6
f 10748/2/6 10745/2/6 10749/2/6
f 10750/2/6 10751/2/6 10754/2/6
f 10754/2/6 10751/2/6 10755/2/6
f 10752/2/6 10753/2/6 10756/2/6
f 10756/2/6 10753/2/6 10757/2/6
f 10758/2/6 10759/2/6 10762/2/6
f 10762/2/6 10759/2/6 10763/2/6
f 10760/2/6 10761/2/6 10764/2/6
f 10764/2/6 10761/2/6 10765/2/6
f 10766/2/6 10767/2/6 10770/2/6
f 10770/2/6 10767/2/6 10771/2/6
f 10768/2/6 10769/2/6 10772/2/6
f 10772/2/6 10769/2/6 10773/2/6
f 10774/2/6 10775/2/6 10778/2/6
f 10778/2/6 10775/2/6 10779/2/6
f 10776/2/6 10777/2/6 10780/2/6
f 10780/2/6 10777/2/6 10781/2/6
f 10782/2/6 10783/2/6 10786/2/6
f 10786/2/6 10783/2/6 10787/2/6
f 10784/2/6 10785/2/6 10788/2/6
f 10788/2/6 10785/2/6 10789/2/6
f 10790/2/6 10791/2/6 10794/2/6
f 10794/2/6 10791/2/6 10795/2/6
f 10792/2/6 10793/2/6 10796/2/6
f 10796/2/6 10793/2/6 10797/2/6
f 10798/2/6 10799/2/6 10802/2/6
f 10802/2/6 10799/2/6 10803/2/6
f 10800/2/6 10801/2/6 10804/2/6
f 10804/2/6 10801/2/6 10805/2/6
f 10806/2/6 10807/2/6 10810/2/6
f 10810/2/6 10807/2/6 10811/2/6
f 10808/2/6 10809/2/6 10812/2/6
f 10812/2/6 10809/2/6 10813/2/6
f 10814/2/6 10815/2/6 10818/2/6
f 10818/2/6 10815/2/6 10819/2/6
f 10816/2/6 10817/2/6 10820/2/6
f 10820/2/6 10817/2/6 10821/2/6
f 10822/2/6 10823/2/6 10826/2/6
f 10826/2/6 10823/2/6 10827/2/6
f 10824/2/6 10825/2/6 10828/2/6
f 10828/2/6 10825/2/6 10829/2/6
f 10830/2/6 10831/2/6 10834/2/6
f 10834/2/6 10831/2/6 10835/2/6
f 10832/2/6 10833/2/6 10836/2/6
f 10836/2/6 10833/2/6 10837/2/6
f 10838/2/6 10839/2/6 10842/2/6
f 10842/2/6 10839/2/6 10843/2/6
f 10840/2/6 10841/2/6 10844/2/6
f 10844/2/6 10841/2/6 10845/2/6
f 10846/2/6 10847/2/6 10850/2/6
f 10850/2/6 10847/2/6 10851/2/6
f 10848/2/6 10849/2/6 10852/2/6
f 10852/2/6 10849/2/6 10853/2/6
f 10854/2/6 10855/2/6 10858/2/6
f 10858/2/6 10855/2/6 10859/2/6
f 10856/2/6 10857/2/6 10860/2/6
f 10860/2/6 10857/2/6 10861/2/6
f 10862/2/6 10863/2/6 10866/2/6
f 10866/2/6 10863/2/6 10867/2/6
f 10864/2/6 10865/2/6 10868/2/6
f 10868/2/6 10865/2/6 10869/2/6
f 10870/2/6 10871/2/6 10874/2/6
f 10874/2/6 10871/2/6 10875/2/6
f 10872/2/6 10873/2/6 10876/2/6
f 10876/2/6 10873/2/6 10877/2/6
f 10878/2/6 10879/2/6 10882/2/6
f 10882/2/6 10879/2/6 10883/2/6
f 10880/2/6 10881/2/6 10884/2/6
f 10884/2/6 10881/2/6 10885/2/6
f 10886/2/6 10887/2/6 10890/2/6
f 10890/2/6 10887/2/6 10891/2/6
f 10888/2/6 10889/2/6 10892/2/6
f 10892/2/6 10889/2/6 10893/2/6
f 10894/2/6 10895/2/6 10898/2/6
f 10898/2/6 10895/2/6 10899/2/6
f 10896/2/6 10897/2/6 10900/2/6
f 10900/2/6 10897/2/6 10901/2/6
f 10902/2/6 10903/2/6 10906/2/6
f 10906/2/6 10903/2/6 10907/2/6
f 10904/2/6 10905/2/6 10908/2/6
f 10908/2/6 10905/2/6 10909/2/6
f 10910/2/6 10911/2/6 10914/2/6
f 10914/2/6 10911/2/6 10915/2/6
f 10912/2/6 10913/2/6 10916/2/6
f 10916/2/6 10913/2/6 10917/2/6
f 10918/2/6 10919/2/6 10922/2/6
f 10922/2/6 10919/2/6 10923/2/6
f 10920/2/6 10921/2/6 10924/2/6
f 10924/2/6 10921/2/6 10925/2/6
f 10926/2/6 10927/2/6 10930/2/6
f 10930/2/6 10927/2/6 10931/2/6
f 10928/2/6 10929/2/6 10932/2/6
f 10932/2/6 10929/2/6 10933/2/6
f 10934/2/6 10935/2/6 10938/2/6
f 10938/2/6 10935/2/6 10939/2/6
f 10936/2/6 10937/2/6 10940/2/6
f 10940/2/6 10937/2/6 10941/2/6
f 10942/2/6 10943/2/6 10946/2/6
f 10946/2/6 10943/2/6 10947/2/6
f 10944/2/6 10945/2/6 10948/2/6
f 10948/2/6 10945/2/6 10949/2/6
f 10950/2/6 10951/2/6 10954/2/6
f 10954/2/6 10951/2/6 10955/2/6
f 10952/2/6 10953/2/6 10956/2/6
f 10956/2/6 10953/2/6 10957/2/6
f 10958/2/6 10959/2/6 10962/2/6
f 10962/2/6 10959/2/6 10963/2/6
f 10960/2/6 10961/2/6 10964/2/6
f 10964/2/6 10961/2/6 10965/2/6
f 10966/2/6 10967/2/6 10970/2/6
f 10970/2/6 10967/2/6 10971/2/6
f 10968/2/6 10969/2/6 10972/2/6
f 10972/2/6 10969/2/6 10973/2/6
f 10974/2/6 10975/2/6 10978/2/6
f 10978/2/6 10975/2/6 10979/2/6
f 10976/2/6 10977/2/6 10980/2/6
f 10980/2/6 10977/2/6 10981/2/6
f 10982/2/6 10983/2/6 10986/2/6
f 10986/2/6 10983/2/6 10987/2/6
f 10984/2/6 10985/2/6 10988/2/6
f 10988/2/6 10985/2/6 10989/2/6
f 10990/2/6 10991/2/6 10994/2/6
f 10994/2/6 10991/2/6 10995/2/6
f 10995/2/6 10991/2/6 10996/2/6
f 10992/2/6 10993/2/6 10997/2/6
f 10997/2/6 10993/2/6 10998/2/6
f 10998/2/6 10993/2/6 10999/2/6
f 11000/2/6 11001/2/6 11004/2/6
f 11002/2/6 11003/2/6 11005/2/6
f 11000/2/6 11004/2/6 11006/2/6
f 11006/2/6 11004/2/6 11007/2/6
f 11005/2/6 11003/2/6 11008/2/6
f 11008/2/6 11003/2/6 11009/2/6
f 11010/2/6 11011/2/6 11014/2/6
f 11012/2/6 11013/2/6 11015/2/6
f 11010/2/6 11014/2/6 11016/2/6
f 11016/2/6 11014/2/6 11017/2/6
f 11015/2/6 11013/2/6 11018/2/6
f 11018/2/6 11013/2/6 11019/2/6
f 11020/2/6 11021/2/6 11026/2/6
f 11021/2/6 11022/2/6 11026/2/6
f 11026/2/6 11022/2/6 11027/2/6
f 11024/2/6 11025/2/6 11028/2/6
f 11023/2/6 11024/2/6 11028/2/6
f 11028/2/6 11025/2/6 11029/2/6
f 11030/2/6 11031/2/6 11038/2/6
f 11038/2/6 11031/2/6 11039/2/6
f 11032/2/6 11033/2/6 11040/2/6
f 11040/2/6 11033/2/6 11041/2/6
f 11034/2/6 11035/2/6 11042/2/6
f 11042/2/6 11035/2/6 11043/2/6
f 11036/2/6 11037/2/6 11044/2/6
f 11044/2/6 11037/2/6 11045/2/6
f 11046/2/6 11047/2/6 11050/2/6
f 11050/2/6 11047/2/6 11051/2/6
f 11048/2/6 11049/2/6 11052/2/6
f 11052/2/6 11049/2/6 11053/2/6
f 11054/2/6 11055/2/6 11058/2/6
f 11058/2/6 11055/2/6 11059/2/6
f 11056/2/6 11057/2/6 11060/2/6
f 11060/2/6 11057/2/6 11061/2/6
f 11062/2/6 11063/2/6 11066/2/6
f 11066/2/6 11063/2/6 11067/2/6
f 11064/2/6 11065/2/6 11068/2/6
f 11068/2/6 11065/2/6 11069/2/6
f 11070/2/6 11071/2/6 11074/2/6
f 11074/2/6 11071/2/6 11075/2/6
f 11072/2/6 11073/2/6 11076/2/6
f 11076/2/6 11073/2/6 11077/2/6
f 11078/2/6 11079/2/6 11086/2/6
f 11086/2/6 11079/2/6 11087/2/6
f 11080/2/6 11081/2/6 11088/2/6
f 11088/2/6 11081/2/6 11089/2/6
f 11082/2/6 11083/2/6 11090/2/6
f 11090/2/6 11083/2/6 11091/2/6
f 11084/2/6 11085/2/6 11092/2/6
f 11092/2/6 11085/2/6 11093/2/6
f 11094/2/6 11095/2/6 11098/2/6
f 11098/2/6 11095/2/6 11099/2/6
f 11096/2/6 11097/2/6 11100/2/6
f 11100/2/6 11097/2/6 11101/2/6
f 11102/2/6 11103/2/6 11106/2/6
f 11106/2/6 11103/2/6 11107/2/6
f 11104/2/6 11105/2/6 11108/2/6
f 11108/2/6 11105/2/6 11109/2/6
f 11110/2/6 11111/2/6 11114/2/6
f 11114/2/6 11111/2/6 11115/2/6
f 11112/2/6 11113/2/6 11116/2/6
f 11116/2/6 11113/2/6 11117/2/6
f 11118/2/6 11119/2/6 11122/2/6
f 11122/2/6 11119/2/6 11123/2/6
f 11120/2/6 11121/2/6 11124/2/6
f 11124/2/6 11121/2/6 11125/2/6
f 11126/2/6 11127/2/6 11130/2/6
f 11130/2/6 11127/2/6 11131/2/6
f 11128/2/6 11129/2/6 11132/2/6
f 11132/2/6 11129/2/6 11133/2/6
f 11134/2/6 11135/2/6 11138/2/6
f 11138/2/6 11135/2/6 11139/2/6
f 11136/2/6 11137/2/6 11140/2/6
f 11140/2/6 11137/2/6 11141/2/6
f 11142/2/6 11143/2/6 11146/2/6
f 11146/2/6 11143/2/6 11147/2/6
f 11144/2/6 11145/2/6 11148/2/6
f 11148/2/6 11145/2/6 11149/2/6
f 11150/2/6 11151/2/6 11154/2/6
f 11154/2/6 11151/2/6 11155/2/6
f 11152/2/6 11153/2/6 11156/2/6
f 11156/2/6 11153/2/6 11157/2/6
f 11158/2/6 11159/2/6 11162/2/6
f 11162/2/6 11159/2/6 11163/2/6
f 11160/2/6 11161/2/6 11164/2/6
f 11164/2/6 11161/2/6 11165/2/6
f 11166/2/6 11167/2/6 11170/2/6
f 11170/2/6 11167/2/6 11171/2/6
f 11168/2/6 11169/2/6 11172/2/6
f 11172/2/6 11169/2/6 11173/2/6
f 11174/2/6 11175/2/6 11178/2/6
f 11178/2/6 11175/2/6 11179/2/6
f 11176/2/6 11177/2/6 11180/2/6
f 11180/2/6 11177/2/6 11181/2/6
f 11182/2/6 11183/2/6 11186/2/6
f 11186/2/6 11183/2/6 11187/2/6
f 11184/2/6 11185/2/6 11188/2/6
f 11188/2/6 11185/2/6 11189/2/6
f 11190/2/6 11191/2/6 11194/2/6
f 11194/2/6 11191/2/6 11195/2/6
f 11192/2/6 11193/2/6 11196/2/6
f 11196/2/6 11193/2/6 11197/2/6
f 11198/2/6 11199/2/6 11202/2/6
f 11202/2/6 11199/2/6 11203/2/6
f 11200/2/6 11201/2/6 11204/2/6
f 11204/2/6 11201/2/6 11205/2/6
f 11206/2/6 11207/2/6 11210/2/6
f 11210/2/6 11207/2/6 11211/2/6
f 11208/2/6 11209/2/6 11212/2/6
f 11212/2/6 11209/2/6 11213/2/6
f 11214/2/6 11215/2/6 11218/2/6
f 11218/2/6 11215/2/6 11219/2/6
f 11216/2/6 11217/2/6 11220/2/6
f 11220/2/6 11217/2/6 11221/2/6
f 11222/2/6 11223/2/6 11226/2/6
f 11226/2/6 11223/2/6 11227/2/6
f 11224/2/6 11225/2/6 11228/2/6
f 11228/2/6 11225/2/6 11229/2/6
f 11230/2/6 11231/2/6 11234/2/6
f 11234/2/6 11231/2/6 11235/2/6
f 11232/2/6 11233/2/6 11236/2/6
f 11236/2/6 11233/2/6 11237/2/6
f 11238/2/6 11239/2/6 11242/2/6
f 11242/2/6 11239/2/6 11243/2/6
f 11240/2/6 11241/2/6 11244/2/6
f 11244/2/6 11241/2/6 11245/2/6
f 11246/2/6 11247/2/6 11250/2/6
f 11250/2/6 11247/2/6 11251/2/6
f 11248/2/6 11249/2/6 11252/2/6
f 11252/2/6 11249/2/6 11253/2/6
f 11254/2/6 11255/2/6 11258/2/6
f 11258/2/6 11255/2/6 11259/2/6
f 11256/2/6 11257/2/6 11260/2/6
f 11260/2/6 11257/2/6 11261/2/6
f 11262/2/6 11263/2/6 11266/2/6
f 11266/2/6 11263/2/6 11267/2/6
f 11264/2/6 11265/2/6 11268/2/6
f 11268/2/6 11265/2/6 11269/2/6
f 11270/2/6 11271/2/6 11274/2/6
f 11274/2/6 11271/2/6 11275/2/6
f 11272/2/6 11273/2/6 11276/2/6
f 11276/2/6 11273/2/6 11277/2/6
f 11278/2/6 11279/2/6 11282/2/6
f 11282/2/6 11279/2/6 11283/2/6
f 11280/2/6 11281/2/6 11284/2/6
f 11284/2/6 11281/2/6 11285/2/6
f 11286/2/6 11287/2/6 11290/2/6
f 11290/2/6 11287/2/6 11291/2/6
f 11288/2/6 11289/2/6 11292/2/6
f 11292/2/6 11289/2/6 11293/2/6
f 11294/2/6 11295/2/6 11298/2/6
f 11298/2/6 11295/2/6 11299/2/6
f 11296/2/6 11297/2/6 11300/2/6
f 11300/2/6 11297/2/6 11301/2/6
f 11302/2/6 11303/2/6 11306/2/6
f 11306/2/6 11303/2/6 11307/2/6
f 11304/2/6 11305/2/6 11308/2/6
f 11308/2/6 11305/2/6 11309/2/6
f 11310/2/6 11311/2/6 11314/2/6
f 11314/2/6 11311/2/6 11315/2/6
f 11312/2/6 11313/2/6 11316/2/6
f 11316/2/6 11313/2/6 11317/2/6
f 11318/2/6 11319/2/6 11322/2/6
f 11322/2/6 11319/2/6 11323/2/6
f 11320/2/6 11321/2/6 11324/2/6
f 11324/2/6 11321/2/6 11325/2/6
f 11326/2/6 11327/2/6 11330/2/6
f 11330/2/6 11327/2/6 11331/2/6
f 11328/2/6 11329/2/6 11332/2/6
f 11332/2/6 11329/2/6 11333/2/6
f 11334/2/6 11335/2/6 11338/2/6
f 11338/2/6 11335/2/6 11339/2/6
f 11336/2/6 11337/2/6 11340/2/6
f 11340/2/6 11337/2/6 11341/2/6
f 11342/2/6 11343/2/6 11346/2/6
f 11346/2/6 11343/2/6 11347/2/6
f 11344/2/6 11345/2/6 11348/2/6
f 11348/2/6 11345/2/6 11349/2/6
f 11350/2/6 11351/2/6 11354/2/6
f 11354/2/6 11351/2/6 11355/2/6
f 11352/2/6 11353/2/6 11356/2/6
f 11356/2/6 11353/2/6 11357/2/6
f 11358/2/6 11359/2/6 11362/2/6
f 11362/2/6 11359/2/6 11363/2/6
f 11360/2/6 11361/2/6 11364/2/6
f 11364/2/6 11361/2/6 11365/2/6
f 11366/2/6 11367/2/6 11370/2/6
f 11370/2/6 11367/2/6 11371/2/6
f 11368/2/6 11369/2/6 11372/2/6
f 11372/2/6 11369/2/6 11373/2/6
f 11374/2/6 11375/2/6 11378/2/6
f 11378/2/6 11375/2/6 11379/2/6
f 11376/2/6 11377/2/6 11380/2/6
f 11380/2/6 11377/2/6 11381/2/6
f 11382/2/6 11383/2/6 11386/2/6
f 11386/2/6 11383/2/6 11387/2/6
f 11384/2/6 11385/2/6 11388/2/6
f 11388/2/6 11385/2/6 11389/2/6
f 11390/2/6 11391/2/6 11394/2/6
f 11394/2/6 11391/2/6 11395/2/6
f 11392/2/6 11393/2/6 11396/2/6
f 11396/2/6 11393/2/6 11397/2/6
f 11398/12/6 11399/12/6 11402/12/6
f 11402/12/6 11399/12/6 11403/12/6
f 11400/12/6 11401/12/6 11407/12/6
f 11407/12/6 11401/12/6 11408/12/6
f 11404/14/6 11405/14/6 11409/14/6
f 11404/14/6 11409/14/6 11411/14/6
f 11409/12/6 11410/12/6 11412/12/6
f 11411/14/6 11409/14/6 11412/14/6
f 11412/12/6 11410/12/6 11413/12/6
f 11406/12/6 11407/12/6 11419/12/6
f 11419/12/6 11407/12/6 11420/12/6
f 11411/12/6 11412/12/6 11423/12/6
f 11412/12/6 11413/12/6 11423/12/6
f 11413/12/6 11414/12/6 11423/12/6
f 11423/12/6 11414/12/6 11424/12/6
f 11424/12/6 11414/12/6 11425/12/6
f 11425/12/6 11414/12/6 11426/12/6
f 11415/12/6 11416/12/6 11428/12/6
f 11428/12/6 11416/12/6 11429/12/6
f 11417/12/6 11418/12/6 11431/12/6
f 11431/12/6 11418/12/6 11432/12/6
f 11424/12/6 11425/12/6 11433/12/6
f 11433/12/6 11425/12/6 11434/12/6
f 11421/12/6 11422/12/6 11435/12/6
f 11435/12/6 11422/12/6 11436/12/6
f 11429/12/6 11430/12/6 11437/12/6
f 11427/12/6 11428/12/6 11437/12/6
f 11428/12/6 11429/12/6 11437/12/6
f 11437/12/6 11430/12/6 11438/12/6
f 11427/12/6 11437/12/6 11439/12/6
f 11427/12/6 11439/12/6 11445/12/6
f 11439/12/6 11440/12/6 11445/12/6
f 11445/12/6 11440/12/6 11446/12/6
f 11441/12/6 11442/12/6 11447/12/6
f 11447/12/6 11442/12/6 11448/12/6
f 11443/12/6 11444/12/6 11449/12/6
f 11449/12/6 11444/12/6 11450/12/6
f 11451/2/6 11452/2/6 11455/2/6
f 11455/2/6 11452/2/6 11456/2/6
f 11427/12/6 11445/12/6 11457/12/6
f 11453/2/6 11454/2/6 11461/2/6
f 11461/2/6 11454/2/6 11462/2/6
f 11427/12/6 11457/12/6 11467/12/6
f 11457/12/6 11458/12/6 11467/12/6
f 11467/12/6 11458/12/6 11468/12/6
f 11459/12/6 11460/12/6 11469/12/6
f 11469/12/6 11460/12/6 11470/12/6
f 11463/12/6 11464/12/6 11471/12/6
f 11471/12/6 11464/12/6 11472/12/6
f 11465/12/6 11466/12/6 11473/12/6
f 11473/12/6 11466/12/6 11474/12/6
f 11475/2/6 11476/2/6 11479/2/6
f 11479/2/6 11476/2/6 11480/2/6
f 11477/2/6 11478/2/6 11481/2/6
f 11481/2/6 11478/2/6 11482/2/6
f 11483/2/6 11484/2/6 11487/2/6
f 11487/2/6 11484/2/6 11488/2/6
f 11485/2/6 11486/2/6 11489/2/6
f 11489/2/6 11486/2/6 11490/2/6
f 11491/2/6 11492/2/6 11497/2/6
f 11497/2/6 11492/2/6 11498/2/6
f 11495/2/6 11496/2/6 11499/2/6
f 11499/2/6 11496/2/6 11500/2/6
f 11493/6/6 11494/6/6 11501/6/6
f 11501/6/6 11494/6/6 11502/6/6
f 11502/6/6 11494/6/6 11503/6/6
f 11503/6/6 11494/6/6 11504/6/6
f 11505/6/6 11506/6/6 11511/6/6
f 11511/6/6 11506/6/6 11512/6/6
f 11507/6/6 11508/6/6 11514/6/6
f 11509/6/6 11510/6/6 11515/6/6
f 11515/6/6 11510/6/6 11516/6/6
f 11512/6/6 11506/6/6 11517/6/6
f 11517/6/6 11506/6/6 11518/6/6
f 11513/6/6 11514/6/6 11520/6/6
f 11514/6/6 11508/6/6 11521/6/6
f 11520/6/6 11514/6/6 11521/6/6
f 11518/6/6 11519/6/6 11522/6/6
f 11522/6/6 11519/6/6 11523/6/6
f 11524/6/6 11525/6/6 11526/6/6
f 11526/6/6 11525/6/6 11527/6/6
f 11528/6/6 11529/6/6 11530/6/6
f 11530/6/6 11529/6/6 11531/6/6
f 11532/6/6 11533/6/6 11535/6/6
f 11534/6/6 11535/6/6 11539/6/6
f 11535/6/6 11533/6/6 11540/6/6
f 11539/6/6 11535/6/6 11540/6/6
f 11540/6/6 11533/6/6 11541/6/6
f 11536/6/6 11537/6/6 11542/6/6
f 11542/6/6 11537/6/6 11543/6/6
f 11538/6/6 11539/6/6 11546/6/6
f 11539/6/6 11540/6/6 11546/6/6
f 11544/6/6 11545/6/6 11547/6/6
f 11547/6/6 11545/6/6 11548/6/6
f 11548/6/6 11545/6/6 11549/6/6
f 11538/6/6 11546/6/6 11552/6/6
f 11546/6/6 11547/6/6 11552/6/6
f 11547/6/6 11548/6/6 11552/6/6
f 11552/6/6 11548/6/6 11553/6/6
f 11550/2/6 11551/2/6 11556/2/6
f 11556/2/6 11551/2/6 11557/2/6
f 11553/6/6 11548/6/6 11558/6/6
f 11543/6/6 11537/6/6 11560/6/6
f 11560/6/6 11537/6/6 11561/6/6
f 11554/2/6 11555/2/6 11563/2/6
f 11563/2/6 11555/2/6 11564/2/6
f 11558/6/6 11559/6/6 11565/6/6
f 11553/6/6 11558/6/6 11565/6/6
f 11565/6/6 11559/6/6 11566/6/6
f 11561/6/6 11562/6/6 11567/6/6
f 11567/6/6 11562/6/6 11568/6/6
f 11569/2/6 11570/2/6 11573/2/6
f 11573/2/6 11570/2/6 11574/2/6
f 11571/2/6 11572/2/6 11575/2/6
f 11575/2/6 11572/2/6 11576/2/6
f 11577/6/6 11578/6/6 11579/6/6
f 11579/6/6 11578/6/6 11580/6/6
f 11581/6/6 11582/6/6 11583/6/6
f 11583/6/6 11582/6/6 11584/6/6
f 11585/6/6 11586/6/6 11587/6/6
f 11587/6/6 11586/6/6 11588/6/6
f 11589/6/6 11590/6/6 11592/6/6
f 11592/6/6 11590/6/6 11593/6/6
f 11591/6/6 11592/6/6 11594/6/6
f 11592/6/6 11593/6/6 11594/6/6
f 11594/6/6 11593/6/6 11595/6/6
f 11595/6/6 11596/6/6 11597/6/6
f 11597/6/6 11596/6/6 11598/6/6
f 11591/6/6 11594/6/6 11601/6/6
f 11601/6/6 11594/6/6 11602/6/6
f 11599/8/6 11600/8/6 11608/8/6
f 11608/8/6 11600/8/6 11609/8/6
f 11603/6/6 11604/6/6 11610/6/6
f 11610/6/6 11604/6/6 11611/6/6
f 11605/6/6 11606/6/6 11612/6/6
f 11612/6/6 11606/6/6 11613/6/6
f 11608/8/6 11609/8/6 11614/8/6
f 11607/8/6 11608/8/6 11614/8/6
f 11614/8/6 11609/8/6 11615/8/6
f 11616/6/6 11617/6/6 11618/6/6
f 11618/6/6 11617/6/6 11619/6/6
f 11620/6/6 11621/6/6 11622/6/6
f 11622/6/6 11621/6/6 11623/6/6
f 11624/6/6 11625/6/6 11626/6/6
f 11626/6/6 11625/6/6 11627/6/6
f 11628/6/6 11629/6/6 11630/6/6
f 11630/6/6 11629/6/6 11631/6/6
f 11632/6/6 11633/6/6 11634/6/6
f 11634/6/6 11633/6/6 11635/6/6
f 11636/7/6 11637/7/6 11638/7/6
f 11638/7/6 11637/7/6 11639/7/6
f 11640/6/6 11641/6/6 11642/6/6
f 11642/6/6 11641/6/6 11643/6/6
f 11642/6/6 11643/6/6 11647/6/6
f 11647/6/6 11643/6/6 11648/6/6
f 11645/8/6 11646/8/6 11649/8/6
f 11644/8/6 11645/8/6 11649/8/6
f 11649/8/6 11646/8/6 11650/8/6
f 11651/8/6 11652/8/6 11653/8/6
f 11653/8/6 11652/8/6 11654/8/6
f 11655/2/6 11656/2/6 11657/2/6
f 11657/2/6 11656/2/6 11658/2/6
f 11655/2/6 11657/2/6 11659/2/6
f 11659/2/6 11657/2/6 11660/2/6
f 11660/2/6 11657/2/6 11661/2/6
f 11661/2/6 11657/2/6 11662/2/6
f 11662/2/6 11657/2/6 11663/2/6
f 11663/2/6 11657/2/6 11664/2/6
f 11658/2/6 11656/2/6 11665/2/6
f 11665/2/6 11656/2/6 11666/2/6
f 11655/2/6 11659/2/6 11667/2/6
f 11667/2/6 11659/2/6 11668/2/6
f 11660/2/6 11661/2/6 11669/2/6
f 11669/2/6 11661/2/6 11670/2/6
f 11670/2/6 11661/2/6 11671/2/6
f 11671/2/6 11661/2/6 11672/2/6
f 11672/2/6 11661/2/6 11673/2/6
f 11662/2/6 11663/2/6 11674/2/6
f 11674/2/6 11663/2/6 11675/2/6
f 11675/2/6 11663/2/6 11676/2/6
f 11676/2/6 11663/2/6 11677/2/6
f 11677/2/6 11663/2/6 11678/2/6
f 11666/2/6 11656/2/6 11679/2/6
f 11679/2/6 11656/2/6 11680/2/6
f 11671/8/6 11672/8/6 11681/8/6
f 11681/8/6 11672/8/6 11682/8/6
f 11675/8/6 11676/8/6 11683/8/6
f 11683/8/6 11676/8/6 11684/8/6
f 11680/2/6 11656/2/6 11685/2/6
f 11685/2/6 11656/2/6 11686/2/6
f 11675/8/6 11683/8/6 11687/8/6
f 11687/8/6 11683/8/6 11688/8/6
f 11689/7/6 11690/7/6 11691/7/6
f 11691/7/6 11690/7/6 11692/7/6
f 11686/2/6 11656/2/6 11694/2/6
f 11693/2/6 11694/2/6 11696/2/6
f 11655/2/6 11667/2/6 11697/2/6
f 11695/8/6 11696/8/6 11698/8/6
f 11696/2/6 11694/2/6 11699/2/6
f 11698/8/6 11696/8/6 11699/8/6
f 11655/2/6 11697/2/6 11700/2/6
f 11700/2/6 11697/2/6 11701/2/6
f 11699/2/6 11694/2/6 11702/2/6
f 11655/2/6 11700/2/6 11703/2/6
f 11703/2/6 11700/2/6 11704/2/6
f 11702/2/6 11694/2/6 11705/2/6
f 11694/2/6 11656/2/6 11706/2/6
f 11705/2/6 11694/2/6 11706/2/6
f 11655/2/6 11703/2/6 11709/2/6
f 11655/2/6 11709/2/6 11710/2/6
f 11707/6/6 11708/6/6 11712/6/6
f 11712/6/6 11708/6/6 11713/6/6
f 11706/2/6 11656/2/6 11715/2/6
f 11710/2/6 11711/2/6 11716/2/6
f 11716/2/6 11717/2/6 11718/2/6
f 11714/2/6 11715/2/6 11721/2/6
f 11718/8/6 11719/8/6 11722/8/6
f 11720/8/6 11721/8/6 11725/8/6
f 11724/8/6 11725/8/6 11726/8/6
f 11725/8/6 11721/8/6 11727/8/6
f 11726/8/6 11725/8/6 11727/8/6
f 11721/2/6 11715/2/6 11728/2/6
f 11727/8/6 11721/8/6 11728/8/6
f 11728/2/6 11715/2/6 11729/2/6
f 11722/8/6 11723/8/6 11730/8/6
f 11722/8/6 11730/8/6 11732/8/6
f 11730/8/6 11731/8/6 11732/8/6
f 11732/8/6 11731/8/6 11733/8/6
f 11718/8/6 11722/8/6 11734/8/6
f 11722/8/6 11732/8/6 11734/8/6
f 11734/8/6 11732/8/6 11735/8/6
f 11729/2/6 11715/2/6 11737/2/6
f 11736/8/6 11737/8/6 11739/8/6
f 11738/8/6 11739/8/6 11741/8/6
f 11741/8/6 11739/8/6 11742/8/6
f 11718/8/6 11734/8/6 11743/8/6
f 11716/2/6 11718/2/6 11743/2/6
f 11743/8/6 11734/8/6 11744/8/6
f 11740/8/6 11741/8/6 11745/8/6
f 11745/8/6 11741/8/6 11746/8/6
f 11742/8/6 11739/8/6 11747/8/6
f 11737/2/6 11715/2/6 11748/2/6
f 11747/8/6 11739/8/6 11748/8/6
f 11739/8/6 11737/8/6 11748/8/6
f 11748/2/6 11715/2/6 11751/2/6
f 11710/2/6 11716/2/6 11752/2/6
f 11716/2/6 11743/2/6 11752/2/6
f 11752/2/6 11743/2/6 11753/2/6
f 11749/7/6 11750/7/6 11754/7/6
f 11754/7/6 11750/7/6 11755/7/6
f 11756/8/6 11757/8/6 11758/8/6
f 11758/8/6 11757/8/6 11759/8/6
f 11710/2/6 11752/2/6 11761/2/6
f 11759/8/6 11760/8/6 11767/8/6
f 11767/8/6 11760/8/6 11768/8/6
f 11751/2/6 11715/2/6 11770/2/6
f 11761/2/6 11762/2/6 11771/2/6
f 11763/8/6 11764/8/6 11775/8/6
f 11775/8/6 11764/8/6 11776/8/6
f 11765/8/6 11766/8/6 11779/8/6
f 11779/8/6 11766/8/6 11780/8/6
f 11769/6/6 11770/6/6 11783/6/6
f 11770/2/6 11715/2/6 11784/2/6
f 11783/6/6 11770/6/6 11784/6/6
f 11771/2/6 11772/2/6 11785/2/6
f 11776/2/6 11777/2/6 11786/2/6
f 11773/2/6 11774/2/6 11786/2/6
f 11774/2/6 11775/2/6 11786/2/6
f 11775/2/6 11776/2/6 11786/2/6
f 11786/2/6 11777/2/6 11787/2/6
f 11780/2/6 11781/2/6 11790/2/6
f 11779/2/6 11780/2/6 11790/2/6
f 11778/2/6 11779/2/6 11790/2/6
f 11790/2/6 11781/2/6 11791/2/6
f 11782/2/6 11783/2/6 11792/2/6
f 11783/2/6 11784/2/6 11792/2/6
f 11787/2/6 11788/2/6 11793/2/6
f 11786/2/6 11787/2/6 11793/2/6
f 11785/2/6 11786/2/6 11793/2/6
f 11791/2/6 11792/2/6 11794/2/6
f 11790/2/6 11791/2/6 11794/2/6
f 11789/2/6 11790/2/6 11794/2/6
f 11655/2/6 11710/2/6 11795/2/6
f 11793/2/6 11794/2/6 11795/2/6
f 11785/2/6 11793/2/6 11795/2/6
f 11771/2/6 11785/2/6 11795/2/6
f 11710/2/6 11761/2/6 11795/2/6
f 11761/2/6 11771/2/6 11795/2/6
f 11794/2/6 11792/2/6 11796/2/6
f 11795/2/6 11794/2/6 11796/2/6
f 11715/2/6 11656/2/6 11796/2/6
f 11792/2/6 11784/2/6 11796/2/6
f 11784/2/6 11715/2/6 11796/2/6
f 11797/6/6 11798/6/6 11807/6/6
f 11807/6/6 11798/6/6 11808/6/6
f 11799/6/6 11800/6/6 11809/6/6
f 11809/6/6 11800/6/6 11810/6/6
f 11801/6/6 11802/6/6 11813/6/6
f 11813/6/6 11802/6/6 11814/6/6
f 11803/6/6 11804/6/6 11818/6/6
f 11818/6/6 11804/6/6 11819/6/6
f 11805/6/6 11806/6/6 11820/6/6
f 11820/6/6 11806/6/6 11821/6/6
f 11810/6/6 11811/6/6 11825/6/6
f 11825/6/6 11811/6/6 11826/6/6
f 11812/6/6 11813/6/6 11829/6/6
f 11829/6/6 11813/6/6 11830/6/6
f 11815/8/6 11816/8/6 11831/8/6
f 11817/8/6 11818/8/6 11832/8/6
f 11832/8/6 11818/8/6 11833/8/6
f 11833/8/6 11818/8/6 11834/8/6
f 11823/6/6 11824/6/6 11836/6/6
f 11836/6/6 11824/6/6 11837/6/6
f 11827/6/6 11828/6/6 11838/6/6
f 11838/6/6 11828/6/6 11839/6/6
f 11831/8/6 11832/8/6 11841/8/6
f 11832/8/6 11833/8/6 11841/8/6
f 11841/8/6 11833/8/6 11842/8/6
f 11821/8/6 11822/8/6 11843/8/6
f 11843/8/6 11822/8/6 11844/8/6
f 11835/6/6 11836/6/6 11845/6/6
f 11845/6/6 11836/6/6 11846/6/6
f 11839/6/6 11840/6/6 11847/6/6
f 11847/6/6 11840/6/6 11848/6/6
f 11815/8/6 11831/8/6 11849/8/6
f 11831/8/6 11841/8/6 11849/8/6
f 11849/8/6 11841/8/6 11850/8/6
f 11844/8/6 11845/8/6 11851/8/6
f 11851/8/6 11845/8/6 11852/8/6
f 11845/7/6 11846/7/6 11853/7/6
f 11852/8/6 11845/8/6 11853/8/6
f 11853/7/6 11846/7/6 11854/7/6
f 11853/8/6 11854/8/6 11856/8/6
f 11852/8/6 11853/8/6 11856/8/6
f 11856/8/6 11854/8/6 11857/8/6
f 11854/7/6 11855/7/6 11858/7/6
f 11857/8/6 11854/8/6 11858/8/6
f 11858/7/6 11855/7/6 11859/7/6
f 11857/8/6 11858/8/6 11862/8/6
f 11858/8/6 11859/8/6 11862/8/6
f 11862/8/6 11859/8/6 11863/8/6
f 11860/6/6 11861/6/6 11866/6/6
f 11860/6/6 11866/6/6 11867/6/6
f 11867/6/6 11866/6/6 11868/6/6
f 11864/8/6 11865/8/6 11870/8/6
f 11870/8/6 11865/8/6 11871/8/6
f 11868/8/6 11869/8/6 11874/8/6
f 11867/8/6 11868/8/6 11874/8/6
f 11874/8/6 11869/8/6 11875/8/6
f 11875/8/6 11869/8/6 11876/8/6
f 11870/6/6 11871/6/6 11877/6/6
f 11871/8/6 11872/8/6 11878/8/6
f 11877/6/6 11871/6/6 11878/6/6
f 11878/8/6 11872/8/6 11879/8/6
f 11873/8/6 11874/8/6 11881/8/6
f 11874/8/6 11875/8/6 11881/8/6
f 11881/8/6 11875/8/6 11882/8/6
f 11882/8/6 11875/8/6 11883/8/6
f 11880/8/6 11881/8/6 11886/8/6
f 11881/8/6 11882/8/6 11886/8/6
f 11886/8/6 11882/8/6 11887/8/6
f 11884/6/6 11885/6/6 11888/6/6
f 11888/6/6 11885/6/6 11889/6/6
f 11880/8/6 11886/8/6 11890/8/6
f 11890/8/6 11886/8/6 11891/8/6
f 11890/6/6 11891/6/6 11892/6/6
f 11890/6/6 11892/6/6 11893/6/6
f 11893/6/6 11892/6/6 11894/6/6
f 11895/6/6 11896/6/6 11897/6/6
f 11897/6/6 11896/6/6 11898/6/6
f 11899/8/6 11900/8/6 11902/8/6
f 11902/8/6 11900/8/6 11903/8/6
f 11901/8/6 11902/8/6 11904/8/6
f 11904/8/6 11902/8/6 11905/8/6
f 11905/8/6 11902/8/6 11906/8/6
f 11907/8/6 11908/8/6 11911/8/6
f 11909/8/6 11910/8/6 11913/8/6
f 11913/8/6 11910/8/6 11914/8/6
f 11911/8/6 11912/8/6 11915/8/6
f 11907/8/6 11911/8/6 11915/8/6
f 11915/8/6 11912/8/6 11916/8/6
f 11916/8/6 11912/8/6 11917/8/6
f 11917/8/6 11918/8/6 11920/8/6
f 11916/8/6 11917/8/6 11920/8/6
f 11920/8/6 11918/8/6 11921/8/6
f 11921/8/6 11918/8/6 11922/8/6
f 11919/8/6 11920/8/6 11926/8/6
f 11920/8/6 11921/8/6 11926/8/6
f 11926/8/6 11921/8/6 11927/8/6
f 11927/8/6 11921/8/6 11928/8/6
f 11923/6/6 11924/6/6 11929/6/6
f 11929/6/6 11924/6/6 11930/6/6
f 11925/8/6 11926/8/6 11931/8/6
f 11926/8/6 11927/8/6 11931/8/6
f 11931/8/6 11927/8/6 11932/8/6
f 11925/8/6 11931/8/6 11933/8/6
f 11925/8/6 11933/8/6 11937/8/6
f 11937/8/6 11933/8/6 11938/8/6
f 11934/8/6 11935/8/6 11939/8/6
f 11939/8/6 11935/8/6 11940/8/6
f 11937/6/6 11938/6/6 11941/6/6
f 11936/6/6 11937/6/6 11941/6/6
f 11941/6/6 11938/6/6 11942/6/6
f 11936/6/6 11941/6/6 11944/6/6
f 11944/6/6 11941/6/6 11945/6/6
f 11946/8/6 11947/8/6 11950/8/6
f 11950/8/6 11947/8/6 11951/8/6
f 11948/8/6 11949/8/6 11953/8/6
f 11951/8/6 11947/8/6 11957/8/6
f 11957/8/6 11947/8/6 11958/8/6
f 11943/6/6 11944/6/6 11959/6/6
f 11959/6/6 11944/6/6 11960/6/6
f 11952/8/6 11953/8/6 11963/8/6
f 11953/8/6 11949/8/6 11964/8/6
f 11963/8/6 11953/8/6 11964/8/6
f 11964/8/6 11949/8/6 11965/8/6
f 11954/6/6 11955/6/6 11967/6/6
f 11955/8/6 11956/8/6 11968/8/6
f 11967/6/6 11955/6/6 11968/6/6
f 11968/8/6 11956/8/6 11969/8/6
f 11960/6/6 11961/6/6 11970/6/6
f 11970/6/6 11961/6/6 11971/6/6
f 11962/8/6 11963/8/6 11973/8/6
f 11963/8/6 11964/8/6 11973/8/6
f 11973/8/6 11964/8/6 11974/8/6
f 11965/8/6 11966/8/6 11975/8/6
f 11975/8/6 11966/8/6 11976/8/6
f 11967/8/6 11968/8/6 11979/8/6
f 11979/8/6 11968/8/6 11980/8/6
f 11971/6/6 11972/6/6 11983/6/6
f 11983/6/6 11972/6/6 11984/6/6
f 11976/6/6 11977/6/6 11985/6/6
f 11985/6/6 11977/6/6 11986/6/6
f 11978/6/6 11979/6/6 11988/6/6
f 11988/6/6 11979/6/6 11989/6/6
f 11981/6/6 11982/6/6 11990/6/6
f 11990/6/6 11982/6/6 11991/6/6
f 11986/6/6 11987/6/6 11992/6/6
f 11987/6/6 11988/6/6 11992/6/6
f 11992/6/6 11988/6/6 11993/6/6
f 11994/6/6 11995/6/6 11998/6/6
f 11998/6/6 11995/6/6 11999/6/6
f 11999/6/6 11995/6/6 12000/6/6
f 12000/6/6 11995/6/6 12001/6/6
f 11996/6/6 11997/6/6 12003/6/6
f 12003/6/6 11997/6/6 12004/6/6
f 12004/6/6 11997/6/6 12005/6/6
f 12005/6/6 11997/6/6 12006/6/6
f 12001/6/6 12002/6/6 12007/6/6
f 12000/6/6 12001/6/6 12007/6/6
f 12007/6/6 12002/6/6 12008/6/6
f 12008/6/6 12002/6/6 12009/6/6
f 12010/8/6 12011/8/6 12015/8/6
f 12015/8/6 12011/8/6 12016/8/6
f 12012/6/6 12013/6/6 12019/6/6
f 12015/8/6 12016/8/6 12020/8/6
f 12014/8/6 12015/8/6 12020/8/6
f 12020/8/6 12016/8/6 12021/8/6
f 12021/8/6 12016/8/6 12022/8/6
f 12012/6/6 12019/6/6 12023/6/6
f 12019/8/6 12020/8/6 12024/8/6
f 12023/6/6 12019/6/6 12024/6/6
f 12024/8/6 12020/8/6 12025/8/6
f 12025/8/6 12020/8/6 12026/8/6
f 12024/8/6 12025/8/6 12029/8/6
f 12029/8/6 12025/8/6 12030/8/6
f 12027/7/6 12028/7/6 12032/7/6
f 12032/7/6 12028/7/6 12033/7/6
f 12017/6/6 12018/6/6 12034/6/6
f 12034/6/6 12018/6/6 12035/6/6
f 12032/8/6 12033/8/6 12036/8/6
f 12031/8/6 12032/8/6 12036/8/6
f 12036/8/6 12033/8/6 12037/8/6
f 12038/6/6 12039/6/6 12040/6/6
f 12040/6/6 12039/6/6 12041/6/6
f 12040/8/6 12041/8/6 12042/8/6
f 12042/8/6 12041/8/6 12043/8/6
f 12044/6/6 12045/6/6 12046/6/6
f 12046/6/6 12045/6/6 12047/6/6
f 12048/6/6 12049/6/6 12052/6/6
f 12052/6/6 12049/6/6 12053/6/6
f 12050/6/6 12051/6/6 12054/6/6
f 12054/6/6 12051/6/6 12055/6/6
f 12055/6/6 12056/6/6 12057/6/6
f 12057/6/6 12056/6/6 12058/6/6
f 12058/6/6 12059/6/6 12060/6/6
f 12060/6/6 12059/6/6 12061/6/6
f 12061/6/6 12062/6/6 12063/6/6
f 12063/6/6 12062/6/6 12064/6/6
f 12065/6/6 12066/6/6 12067/6/6
f 12067/6/6 12066/6/6 12068/6/6
f 12069/8/6 12070/8/6 12071/8/6
f 12071/8/6 12070/8/6 12072/8/6
f 12072/6/6 12073/6/6 12075/6/6
f 12071/6/6 12072/6/6 12075/6/6
f 12075/6/6 12073/6/6 12076/6/6
f 12073/7/6 12074/7/6 12077/7/6
f 12076/6/6 12073/6/6 12077/6/6
f 12076/7/6 12077/7/6 12080/7/6
f 12077/7/6 12074/7/6 12081/7/6
f 12080/7/6 12077/7/6 12081/7/6
f 12078/8/6 12079/8/6 12084/8/6
f 12084/8/6 12079/8/6 12085/8/6
f 12081/7/6 12074/7/6 12086/7/6
f 12086/7/6 12074/7/6 12087/7/6
f 12082/8/6 12083/8/6 12088/8/6
f 12088/8/6 12083/8/6 12089/8/6
f 12078/8/6 12084/8/6 12091/8/6
f 12090/6/6 12091/6/6 12092/6/6
f 12091/8/6 12084/8/6 12093/8/6
f 12092/6/6 12091/6/6 12093/6/6
f 12093/8/6 12084/8/6 12094/8/6
f 12095/6/6 12096/6/6 12098/6/6
f 12096/7/6 12097/7/6 12099/7/6
f 12098/6/6 12096/6/6 12099/6/6
f 12099/7/6 12097/7/6 12100/7/6
f 12101/7/6 12102/7/6 12115/7/6
f 12102/11/6 12103/11/6 12116/11/6
f 12115/7/6 12102/7/6 12116/7/6
f 12103/13/6 12104/13/6 12117/13/6
f 12116/11/6 12103/11/6 12117/11/6
f 12104/11/6 12105/11/6 12118/11/6
f 12117/13/6 12104/13/6 12118/13/6
f 12118/11/6 12105/11/6 12119/11/6
f 12108/8/6 12109/8/6 12125/8/6
f 12109/13/6 12110/13/6 12125/13/6
f 12110/11/6 12111/11/6 12126/11/6
f 12125/13/6 12110/13/6 12126/13/6
f 12111/7/6 12112/7/6 12127/7/6
f 12126/11/6 12111/11/6 12127/11/6
f 12127/7/6 12112/7/6 12128/7/6
f 12112/6/6 12113/6/6 12129/6/6
f 12128/7/6 12112/7/6 12129/7/6
f 12114/7/6 12115/7/6 12131/7/6
f 12115/7/6 12116/7/6 12131/7/6
f 12131/7/6 12116/7/6 12132/7/6
f 12132/7/6 12116/7/6 12133/7/6
f 12119/13/6 12120/13/6 12134/13/6
f 12120/11/6 12121/11/6 12135/11/6
f 12134/13/6 12120/13/6 12135/13/6
f 12135/11/6 12121/11/6 12136/11/6
f 12121/6/6 12122/6/6 12137/6/6
f 12136/11/6 12121/11/6 12137/11/6
f 12137/6/6 12122/6/6 12138/6/6
f 12123/6/6 12124/6/6 12140/6/6
f 12140/6/6 12124/6/6 12141/6/6
f 12106/6/6 12107/6/6 12142/6/6
f 12142/6/6 12107/6/6 12143/6/6
f 12108/8/6 12125/8/6 12144/8/6
f 12125/7/6 12126/7/6 12145/7/6
f 12144/8/6 12125/8/6 12145/8/6
f 12145/7/6 12126/7/6 12146/7/6
f 12129/6/6 12113/6/6 12147/6/6
f 12147/6/6 12113/6/6 12148/6/6
f 12131/6/6 12132/6/6 12149/6/6
f 12130/6/6 12131/6/6 12149/6/6
f 12132/7/6 12133/7/6 12150/7/6
f 12149/6/6 12132/6/6 12150/6/6
f 12150/7/6 12133/7/6 12151/7/6
f 12137/11/6 12138/11/6 12152/11/6
f 12138/7/6 12139/7/6 12153/7/6
f 12152/11/6 12138/11/6 12153/11/6
f 12140/7/6 12141/7/6 12154/7/6
f 12144/6/6 12145/6/6 12159/6/6
f 12150/7/6 12151/7/6 12160/7/6
f 12149/7/6 12150/7/6 12160/7/6
f 12160/7/6 12151/7/6 12161/7/6
f 12161/7/6 12151/7/6 12162/7/6
f 12162/7/6 12151/7/6 12163/7/6
f 12153/7/6 12139/7/6 12165/7/6
f 12140/7/6 12154/7/6 12166/7/6
f 12154/6/6 12155/6/6 12166/6/6
f 12166/6/6 12155/6/6 12167/6/6
f 12156/6/6 12157/6/6 12170/6/6
f 12170/6/6 12157/6/6 12171/6/6
f 12158/8/6 12159/8/6 12173/8/6
f 12159/6/6 12145/6/6 12174/6/6
f 12173/8/6 12159/8/6 12174/8/6
f 12174/6/6 12145/6/6 12175/6/6
f 12161/7/6 12162/7/6 12176/7/6
f 12163/6/6 12164/6/6 12177/6/6
f 12176/7/6 12162/7/6 12177/7/6
f 12162/6/6 12163/6/6 12177/6/6
f 12177/6/6 12164/6/6 12178/6/6
f 12178/6/6 12164/6/6 12179/6/6
f 12140/7/6 12166/7/6 12181/7/6
f 12166/7/6 12167/7/6 12181/7/6
f 12181/7/6 12167/7/6 12182/7/6
f 12167/6/6 12168/6/6 12183/6/6
f 12169/7/6 12170/7/6 12184/7/6
f 12170/6/6 12171/6/6 12185/6/6
f 12184/7/6 12170/7/6 12185/7/6
f 12171/8/6 12172/8/6 12186/8/6
f 12185/6/6 12171/6/6 12186/6/6
f 12186/8/6 12172/8/6 12187/8/6
f 12173/8/6 12174/8/6 12188/8/6
f 12174/8/6 12175/8/6 12188/8/6
f 12188/8/6 12175/8/6 12189/8/6
f 12179/6/6 12180/6/6 12190/6/6
f 12178/6/6 12179/6/6 12190/6/6
f 12177/7/6 12178/7/6 12190/7/6
f 12190/6/6 12180/6/6 12191/6/6
f 12165/7/6 12139/7/6 12193/7/6
f 12193/7/6 12139/7/6 12194/7/6
f 12182/7/6 12167/7/6 12195/7/6
f 12167/6/6 12183/6/6 12196/6/6
f 12195/7/6 12167/7/6 12196/7/6
f 12183/6/6 12184/6/6 12196/6/6
f 12184/7/6 12185/7/6 12197/7/6
f 12196/6/6 12184/6/6 12197/6/6
f 12186/8/6 12187/8/6 12198/8/6
f 12197/7/6 12185/7/6 12198/7/6
f 12185/8/6 12186/8/6 12198/8/6
f 12198/8/6 12187/8/6 12199/8/6
f 12199/8/6 12187/8/6 12200/8/6
f 12177/7/6 12190/7/6 12202/7/6
f 12190/8/6 12191/8/6 12203/8/6
f 12202/7/6 12190/7/6 12203/7/6
f 12191/6/6 12192/6/6 12204/6/6
f 12203/8/6 12191/8/6 12204/8/6
f 12204/6/6 12192/6/6 12205/6/6
f 12193/6/6 12194/6/6 12208/6/6
f 12208/6/6 12194/6/6 12209/6/6
f 12195/6/6 12196/6/6 12210/6/6
f 12196/7/6 12197/7/6 12211/7/6
f 12210/6/6 12196/6/6 12211/6/6
f 12211/7/6 12197/7/6 12212/7/6
f 12197/8/6 12198/8/6 12213/8/6
f 12212/7/6 12197/7/6 12213/7/6
f 12198/8/6 12199/8/6 12213/8/6
f 12213/8/6 12199/8/6 12214/8/6
f 12214/8/6 12199/8/6 12215/8/6
f 12202/8/6 12203/8/6 12216/8/6
f 12206/8/6 12207/8/6 12216/8/6
f 12201/8/6 12202/8/6 12216/8/6
f 12203/8/6 12204/8/6 12216/8/6
f 12204/8/6 12205/8/6 12216/8/6
f 12205/8/6 12206/8/6 12216/8/6
f 12216/8/6 12207/8/6 12217/8/6
f 12217/8/6 12207/8/6 12218/8/6
f 12218/8/6 12207/8/6 12219/8/6
f 12207/6/6 12208/6/6 12220/6/6
f 12219/8/6 12207/8/6 12220/8/6
f 12220/6/6 12208/6/6 12221/6/6
f 12221/6/6 12208/6/6 12222/6/6
f 12211/6/6 12212/6/6 12223/6/6
f 12213/8/6 12214/8/6 12224/8/6
f 12223/6/6 12212/6/6 12224/6/6
f 12212/8/6 12213/8/6 12224/8/6
f 12224/8/6 12214/8/6 12225/8/6
f 12225/8/6 12214/8/6 12226/8/6
f 12217/6/6 12218/6/6 12227/6/6
f 12220/8/6 12221/8/6 12228/8/6
f 12228/8/6 12221/8/6 12229/8/6
f 12223/8/6 12224/8/6 12230/8/6
f 12224/8/6 12225/8/6 12230/8/6
f 12230/8/6 12225/8/6 12231/8/6
f 12231/8/6 12225/8/6 12232/8/6
f 12227/6/6 12218/6/6 12233/6/6
f 12233/6/6 12218/6/6 12234/6/6
f 12228/6/6 12229/6/6 12235/6/6
f 12235/6/6 12229/6/6 12236/6/6
f 12237/7/6 12238/7/6 12241/7/6
f 12241/7/6 12238/7/6 12242/7/6
f 12239/6/6 12240/6/6 12243/6/6
f 12243/6/6 12240/6/6 12244/6/6
f 12243/8/6 12244/8/6 12249/8/6
f 12244/8/6 12245/8/6 12249/8/6
f 12246/7/6 12247/7/6 12252/7/6
f 12247/6/6 12248/6/6 12253/6/6
f 12252/7/6 12247/7/6 12253/7/6
f 12243/8/6 12249/8/6 12254/8/6
f 12249/8/6 12250/8/6 12254/8/6
f 12254/8/6 12250/8/6 12255/8/6
f 12255/8/6 12250/8/6 12256/8/6
f 12251/6/6 12252/6/6 12257/6/6
f 12256/8/6 12250/8/6 12257/8/6
f 12250/6/6 12251/6/6 12257/6/6
f 12252/6/6 12253/6/6 12257/6/6
f 12257/6/6 12253/6/6 12258/6/6
f 12253/6/6 12248/6/6 12259/6/6
f 12258/6/6 12253/6/6 12259/6/6
f 12259/6/6 12248/6/6 12260/6/6
f 12257/8/6 12258/8/6 12261/8/6
f 12261/8/6 12258/8/6 12262/8/6
f 12258/6/6 12259/6/6 12263/6/6
f 12262/8/6 12258/8/6 12263/8/6
f 12263/6/6 12259/6/6 12264/6/6
f 12265/7/6 12266/7/6 12269/7/6
f 12269/7/6 12266/7/6 12270/7/6
f 12267/8/6 12268/8/6 12272/8/6
f 12272/8/6 12268/8/6 12273/8/6
f 12271/8/6 12272/8/6 12275/8/6
f 12272/6/6 12273/6/6 12276/6/6
f 12275/8/6 12272/8/6 12276/8/6
f 12274/6/6 12275/6/6 12279/6/6
f 12275/6/6 12276/6/6 12279/6/6
f 12276/6/6 12273/6/6 12280/6/6
f 12279/6/6 12276/6/6 12280/6/6
f 12277/8/6 12278/8/6 12281/8/6
f 12281/8/6 12278/8/6 12282/8/6
f 12274/6/6 12279/6/6 12283/6/6
f 12283/6/6 12279/6/6 12284/6/6
f 12285/6/6 12286/6/6 12292/6/6
f 12292/6/6 12286/6/6 12293/6/6
f 12287/6/6 12288/6/6 12295/6/6
f 12295/6/6 12288/6/6 12296/6/6
f 12290/8/6 12291/8/6 12297/8/6
f 12289/8/6 12290/8/6 12297/8/6
f 12297/8/6 12291/8/6 12298/8/6
f 12293/7/6 12294/7/6 12304/7/6
f 12304/7/6 12294/7/6 12305/7/6
f 12295/7/6 12296/7/6 12307/7/6
f 12300/8/6 12301/8/6 12308/8/6
f 12308/8/6 12301/8/6 12309/8/6
f 12302/7/6 12303/7/6 12310/7/6
f 12310/7/6 12303/7/6 12311/7/6
f 12305/7/6 12306/7/6 12312/7/6
f 12312/7/6 12306/7/6 12315/7/6
f 12295/7/6 12307/7/6 12316/7/6
f 12316/7/6 12307/7/6 12317/7/6
f 12298/6/6 12299/6/6 12318/6/6
f 12318/6/6 12299/6/6 12319/6/6
f 12313/7/6 12314/7/6 12322/7/6
f 12315/7/6 12306/7/6 12328/7/6
f 12328/7/6 12306/7/6 12329/7/6
f 12319/6/6 12320/6/6 12332/6/6
f 12332/6/6 12320/6/6 12333/6/6
f 12321/7/6 12322/7/6 12335/7/6
f 12322/7/6 12314/7/6 12336/7/6
f 12335/7/6 12322/7/6 12336/7/6
f 12336/7/6 12314/7/6 12337/7/6
f 12323/7/6 12324/7/6 12338/7/6
f 12338/7/6 12324/7/6 12339/7/6
f 12326/13/6 12327/13/6 12342/13/6
f 12325/13/6 12326/13/6 12342/13/6
f 12327/7/6 12328/7/6 12343/7/6
f 12342/13/6 12327/13/6 12343/13/6
f 12343/7/6 12328/7/6 12344/7/6
f 12330/7/6 12331/7/6 12345/7/6
f 12345/7/6 12331/7/6 12346/7/6
f 12333/7/6 12334/7/6 12347/7/6
f 12347/7/6 12334/7/6 12348/7/6
f 12335/7/6 12336/7/6 12349/7/6
f 12349/7/6 12336/7/6 12350/7/6
f 12340/6/6 12341/6/6 12351/6/6
f 12339/6/6 12340/6/6 12351/6/6
f 12351/6/6 12341/6/6 12352/6/6
f 12353/7/6 12354/7/6 12358/7/6
f 12354/11/6 12355/11/6 12359/11/6
f 12358/7/6 12354/7/6 12359/7/6
f 12355/7/6 12356/7/6 12360/7/6
f 12359/11/6 12355/11/6 12360/11/6
f 12360/7/6 12356/7/6 12361/7/6
f 12358/13/6 12359/13/6 12366/13/6
f 12357/11/6 12358/11/6 12366/11/6
f 12359/13/6 12360/13/6 12366/13/6
f 12360/11/6 12361/11/6 12367/11/6
f 12366/13/6 12360/13/6 12367/13/6
f 12361/7/6 12362/7/6 12368/7/6
f 12367/11/6 12361/11/6 12368/11/6
f 12363/11/6 12364/11/6 12373/11/6
f 12364/13/6 12365/13/6 12374/13/6
f 12373/11/6 12364/11/6 12374/11/6
f 12374/13/6 12365/13/6 12375/13/6
f 12375/13/6 12365/13/6 12376/13/6
f 12357/11/6 12366/11/6 12379/11/6
f 12379/11/6 12366/11/6 12380/11/6
f 12367/7/6 12368/7/6 12381/7/6
f 12368/7/6 12362/7/6 12382/7/6
f 12381/7/6 12368/7/6 12382/7/6
f 12382/7/6 12362/7/6 12383/7/6
f 12369/13/6 12370/13/6 12385/13/6
f 12370/11/6 12371/11/6 12386/11/6
f 12385/13/6 12370/13/6 12386/13/6
f 12371/6/6 12372/6/6 12387/6/6
f 12386/11/6 12371/11/6 12387/11/6
f 12387/6/6 12372/6/6 12388/6/6
f 12373/10/6 12374/10/6 12390/10/6
f 12374/11/6 12375/11/6 12391/11/6
f 12390/10/6 12374/10/6 12391/10/6
f 12376/13/6 12377/13/6 12392/13/6
f 12391/11/6 12375/11/6 12392/11/6
f 12375/13/6 12376/13/6 12392/13/6
f 12392/13/6 12377/13/6 12393/13/6
f 12393/13/6 12377/13/6 12394/13/6
f 12377/11/6 12378/11/6 12395/11/6
f 12394/13/6 12377/13/6 12395/13/6
f 12395/11/6 12378/11/6 12396/11/6
f 12382/6/6 12383/6/6 12398/6/6
f 12398/6/6 12383/6/6 12399/6/6
f 12385/11/6 12386/11/6 12403/11/6
f 12384/6/6 12385/6/6 12403/6/6
f 12386/13/6 12387/13/6 12404/13/6
f 12403/11/6 12386/11/6 12404/11/6
f 12388/6/6 12389/6/6 12405/6/6
f 12404/13/6 12387/13/6 12405/13/6
f 12387/6/6 12388/6/6 12405/6/6
f 12405/6/6 12389/6/6 12406/6/6
f 12406/6/6 12389/6/6 12407/6/6
f 12407/6/6 12389/6/6 12408/6/6
f 12390/7/6 12391/7/6 12409/7/6
f 12391/10/6 12392/10/6 12410/10/6
f 12409/7/6 12391/7/6 12410/7/6
f 12392/11/6 12393/11/6 12411/11/6
f 12410/10/6 12392/10/6 12411/10/6
f 12411/11/6 12393/11/6 12412/11/6
f 12396/6/6 12397/6/6 12413/6/6
f 12413/6/6 12397/6/6 12414/6/6
f 12400/6/6 12401/6/6 12416/6/6
f 12416/6/6 12401/6/6 12417/6/6
f 12401/8/6 12402/8/6 12418/8/6
f 12417/6/6 12401/6/6 12418/6/6
f 12418/8/6 12402/8/6 12419/8/6
f 12403/7/6 12404/7/6 12420/7/6
f 12384/6/6 12403/6/6 12420/6/6
f 12420/7/6 12404/7/6 12421/7/6
f 12411/7/6 12412/7/6 12422/7/6
f 12410/7/6 12411/7/6 12422/7/6
f 12422/7/6 12412/7/6 12423/7/6
f 12423/7/6 12412/7/6 12424/7/6
f 12413/7/6 12414/7/6 12425/7/6
f 12425/7/6 12414/7/6 12426/7/6
f 12415/7/6 12416/7/6 12428/7/6
f 12428/7/6 12416/7/6 12429/7/6
f 12384/6/6 12420/6/6 12431/6/6
f 12431/6/6 12420/6/6 12432/6/6
f 12423/7/6 12424/7/6 12435/7/6
f 12435/7/6 12424/7/6 12436/7/6
f 12427/6/6 12428/6/6 12441/6/6
f 12441/6/6 12428/6/6 12442/6/6
f 12430/8/6 12431/8/6 12443/8/6
f 12443/8/6 12431/8/6 12444/8/6
f 12444/8/6 12431/8/6 12445/8/6
f 12433/6/6 12434/6/6 12446/6/6
f 12436/8/6 12437/8/6 12447/8/6
f 12437/6/6 12438/6/6 12448/6/6
f 12447/8/6 12437/8/6 12448/8/6
f 12438/7/6 12439/7/6 12449/7/6
f 12448/6/6 12438/6/6 12449/6/6
f 12449/7/6 12439/7/6 12450/7/6
f 12440/6/6 12441/6/6 12451/6/6
f 12451/6/6 12441/6/6 12452/6/6
f 12446/6/6 12434/6/6 12453/6/6
f 12453/6/6 12434/6/6 12454/6/6
f 12444/8/6 12445/8/6 12459/8/6
f 12459/8/6 12445/8/6 12460/8/6
f 12453/6/6 12454/6/6 12461/6/6
f 12454/8/6 12455/8/6 12462/8/6
f 12461/6/6 12454/6/6 12462/6/6
f 12462/8/6 12455/8/6 12463/8/6
f 12463/8/6 12455/8/6 12464/8/6
f 12457/8/6 12458/8/6 12465/8/6
f 12456/6/6 12457/6/6 12465/6/6
f 12465/8/6 12458/8/6 12466/8/6
f 12461/7/6 12462/7/6 12469/7/6
f 12469/7/6 12462/7/6 12470/7/6
f 12463/6/6 12464/6/6 12471/6/6
f 12471/6/6 12464/6/6 12472/6/6
f 12465/6/6 12466/6/6 12473/6/6
f 12456/6/6 12465/6/6 12473/6/6
f 12473/6/6 12466/6/6 12474/6/6
f 12474/6/6 12466/6/6 12475/6/6
f 12467/8/6 12468/8/6 12477/8/6
f 12469/6/6 12470/6/6 12478/6/6
f 12478/6/6 12470/6/6 12479/6/6
f 12471/7/6 12472/7/6 12480/7/6
f 12472/7/6 12473/7/6 12480/7/6
f 12480/7/6 12473/7/6 12481/7/6
f 12476/8/6 12477/8/6 12483/8/6
f 12477/8/6 12468/8/6 12484/8/6
f 12483/8/6 12477/8/6 12484/8/6
f 12478/8/6 12479/8/6 12485/8/6
f 12485/8/6 12479/8/6 12486/8/6
f 12482/6/6 12483/6/6 12488/6/6
f 12483/6/6 12484/6/6 12488/6/6
f 12488/6/6 12484/6/6 12489/6/6
f 12484/8/6 12468/8/6 12490/8/6
f 12489/6/6 12484/6/6 12490/6/6
f 12490/8/6 12468/8/6 12491/8/6
f 12488/7/6 12489/7/6 12492/7/6
f 12487/7/6 12488/7/6 12492/7/6
f 12487/7/6 12492/7/6 12495/7/6
f 12495/7/6 12492/7/6 12496/7/6
f 12496/7/6 12492/7/6 12497/7/6
f 12493/8/6 12494/8/6 12500/8/6
f 12500/8/6 12494/8/6 12501/8/6
f 12495/10/6 12496/10/6 12504/10/6
f 12504/10/6 12496/10/6 12505/10/6
f 12498/7/6 12499/7/6 12506/7/6
f 12506/7/6 12499/7/6 12507/7/6
f 12502/11/6 12503/11/6 12508/11/6
f 12508/11/6 12503/11/6 12509/11/6
f 12510/7/6 12511/7/6 12516/7/6
f 12516/7/6 12511/7/6 12517/7/6
f 12512/8/6 12513/8/6 12519/8/6
f 12519/8/6 12513/8/6 12520/8/6
f 12513/6/6 12514/6/6 12521/6/6
f 12520/8/6 12513/8/6 12521/8/6
f 12514/8/6 12515/8/6 12522/8/6
f 12521/6/6 12514/6/6 12522/6/6
f 12522/8/6 12515/8/6 12523/8/6
f 12517/7/6 12518/7/6 12525/7/6
f 12525/7/6 12518/7/6 12526/7/6
f 12526/7/6 12518/7/6 12527/7/6
f 12523/6/6 12524/6/6 12529/6/6
f 12522/6/6 12523/6/6 12529/6/6
f 12529/6/6 12524/6/6 12530/6/6
f 12530/6/6 12524/6/6 12531/6/6
f 12527/6/6 12528/6/6 12533/6/6
f 12526/6/6 12527/6/6 12533/6/6
f 12533/6/6 12528/6/6 12534/6/6
f 12531/6/6 12532/6/6 12536/6/6
f 12530/6/6 12531/6/6 12536/6/6
f 12536/6/6 12532/6/6 12537/6/6
f 12537/6/6 12532/6/6 12538/6/6
f 12534/8/6 12535/8/6 12540/8/6
f 12533/8/6 12534/8/6 12540/8/6
f 12540/8/6 12535/8/6 12541/8/6
f 12538/6/6 12539/6/6 12542/6/6
f 12537/6/6 12538/6/6 12542/6/6
f 12542/6/6 12539/6/6 12543/6/6
f 12541/8/6 12535/8/6 12544/8/6
f 12544/8/6 12535/8/6 12545/8/6
f 12545/8/6 12535/8/6 12546/8/6
f 12542/11/6 12543/11/6 12547/11/6
f 12543/6/6 12539/6/6 12548/6/6
f 12547/11/6 12543/11/6 12548/11/6
f 12547/13/6 12548/13/6 12549/13/6
f 12548/6/6 12539/6/6 12550/6/6
f 12549/13/6 12548/13/6 12550/13/6
f 12549/11/6 12550/11/6 12551/11/6
f 12550/6/6 12539/6/6 12552/6/6
f 12551/11/6 12550/11/6 12552/11/6
f 12552/6/6 12539/6/6 12553/6/6
f 12551/7/6 12552/7/6 12558/7/6
f 12558/7/6 12552/7/6 12559/7/6
f 12554/7/6 12555/7/6 12561/7/6
f 12556/8/6 12557/8/6 12562/8/6
f 12562/8/6 12557/8/6 12563/8/6
f 12560/7/6 12561/7/6 12565/7/6
f 12561/7/6 12555/7/6 12566/7/6
f 12565/7/6 12561/7/6 12566/7/6
f 12556/8/6 12562/8/6 12568/8/6
f 12568/8/6 12562/8/6 12569/8/6
f 12564/6/6 12565/6/6 12572/6/6
f 12566/7/6 12567/7/6 12573/7/6
f 12565/7/6 12566/7/6 12573/7/6
f 12572/6/6 12565/6/6 12573/6/6
f 12573/7/6 12567/7/6 12574/7/6
f 12574/7/6 12567/7/6 12575/7/6
f 12569/6/6 12570/6/6 12576/6/6
f 12576/6/6 12570/6/6 12577/6/6
f 12571/6/6 12572/6/6 12578/6/6
f 12578/6/6 12572/6/6 12579/6/6
f 12580/6/6 12581/6/6 12584/6/6
f 12582/8/6 12583/8/6 12586/8/6
f 12586/8/6 12583/8/6 12587/8/6
f 12584/6/6 12581/6/6 12590/6/6
f 12590/6/6 12581/6/6 12591/6/6
f 12585/8/6 12586/8/6 12592/8/6
f 12592/8/6 12586/8/6 12593/8/6
f 12588/7/6 12589/7/6 12594/7/6
f 12594/7/6 12589/7/6 12595/7/6
f 12590/7/6 12591/7/6 12597/7/6
f 12597/7/6 12591/7/6 12598/7/6
f 12592/6/6 12593/6/6 12599/6/6
f 12599/6/6 12593/6/6 12600/6/6
f 12594/11/6 12595/11/6 12602/11/6
f 12602/11/6 12595/11/6 12603/11/6
f 12596/7/6 12597/7/6 12607/7/6
f 12607/7/6 12597/7/6 12608/7/6
f 12602/13/6 12603/13/6 12611/13/6
f 12601/13/6 12602/13/6 12611/13/6
f 12611/13/6 12603/13/6 12612/13/6
f 12604/7/6 12605/7/6 12613/7/6
f 12613/7/6 12605/7/6 12614/7/6
f 12606/7/6 12607/7/6 12617/7/6
f 12617/7/6 12607/7/6 12618/7/6
f 12609/13/6 12610/13/6 12622/13/6
f 12622/13/6 12610/13/6 12623/13/6
f 12614/6/6 12615/6/6 12624/6/6
f 12615/7/6 12616/7/6 12625/7/6
f 12624/6/6 12615/6/6 12625/6/6
f 12625/7/6 12616/7/6 12626/7/6
f 12619/6/6 12620/6/6 12627/6/6
f 12620/7/6 12621/7/6 12628/7/6
f 12627/6/6 12620/6/6 12628/6/6
f 12628/7/6 12621/7/6 12629/7/6
f 12630/13/6 12631/13/6 12633/13/6
f 12633/13/6 12631/13/6 12634/13/6
f 12632/11/6 12633/11/6 12640/11/6
f 12633/13/6 12634/13/6 12641/13/6
f 12640/11/6 12633/11/6 12641/11/6
f 12641/13/6 12634/13/6 12642/13/6
f 12634/11/6 12635/11/6 12643/11/6
f 12642/13/6 12634/13/6 12643/13/6
f 12643/11/6 12635/11/6 12644/11/6
f 12636/11/6 12637/11/6 12649/11/6
f 12637/13/6 12638/13/6 12650/13/6
f 12649/11/6 12637/11/6 12650/11/6
f 12638/11/6 12639/11/6 12651/11/6
f 12650/13/6 12638/13/6 12651/13/6
f 12651/11/6 12639/11/6 12652/11/6
f 12641/13/6 12642/13/6 12653/13/6
f 12642/11/6 12643/11/6 12654/11/6
f 12653/13/6 12642/13/6 12654/13/6
f 12643/10/6 12644/10/6 12655/10/6
f 12654/11/6 12643/11/6 12655/11/6
f 12655/10/6 12644/10/6 12656/10/6
f 12645/13/6 12646/13/6 12661/13/6
f 12661/13/6 12646/13/6 12662/13/6
f 12662/13/6 12646/13/6 12663/13/6
f 12647/6/6 12648/6/6 12664/6/6
f 12664/6/6 12648/6/6 12665/6/6
f 12665/6/6 12648/6/6 12666/6/6
f 12649/10/6 12650/10/6 12668/10/6
f 12650/10/6 12651/10/6 12668/10/6
f 12651/7/6 12652/7/6 12669/7/6
f 12668/10/6 12651/10/6 12669/10/6
f 12669/7/6 12652/7/6 12670/7/6
f 12654/7/6 12655/7/6 12672/7/6
f 12672/7/6 12655/7/6 12673/7/6
f 12657/7/6 12658/7/6 12675/7/6
f 12660/6/6 12661/6/6 12677/6/6
f 12661/11/6 12662/11/6 12678/11/6
f 12677/6/6 12661/6/6 12678/6/6
f 12678/11/6 12662/11/6 12679/11/6
f 12666/6/6 12667/6/6 12680/6/6
f 12665/6/6 12666/6/6 12680/6/6
f 12680/6/6 12667/6/6 12681/6/6
f 12669/7/6 12670/7/6 12682/7/6
f 12670/7/6 12671/7/6 12682/7/6
f 12668/7/6 12669/7/6 12682/7/6
f 12682/7/6 12671/7/6 12683/7/6
f 12674/7/6 12675/7/6 12685/7/6
f 12675/7/6 12658/7/6 12686/7/6
f 12685/7/6 12675/7/6 12686/7/6
f 12658/6/6 12659/6/6 12687/6/6
f 12687/6/6 12659/6/6 12688/6/6
f 12677/6/6 12678/6/6 12690/6/6
f 12676/6/6 12677/6/6 12690/6/6
f 12690/6/6 12678/6/6 12691/6/6
f 12691/6/6 12678/6/6 12692/6/6
f 12681/6/6 12667/6/6 12693/6/6
f 12693/6/6 12667/6/6 12694/6/6
f 12684/7/6 12685/7/6 12695/7/6
f 12685/10/6 12686/10/6 12696/10/6
f 12695/7/6 12685/7/6 12696/7/6
f 12686/7/6 12658/7/6 12697/7/6
f 12696/10/6 12686/10/6 12697/10/6
f 12658/6/6 12687/6/6 12698/6/6
f 12697/7/6 12658/7/6 12698/7/6
f 12693/7/6 12694/7/6 12699/7/6
f 12699/7/6 12694/7/6 12700/7/6
f 12696/10/6 12697/10/6 12701/10/6
f 12697/6/6 12698/6/6 12702/6/6
f 12701/10/6 12697/10/6 12702/10/6
f 12698/6/6 12687/6/6 12703/6/6
f 12702/6/6 12698/6/6 12703/6/6
f 12688/8/6 12689/8/6 12704/8/6
f 12703/6/6 12687/6/6 12704/6/6
f 12687/8/6 12688/8/6 12704/8/6
f 12704/8/6 12689/8/6 12705/8/6
f 12705/8/6 12689/8/6 12706/8/6
f 12690/8/6 12691/8/6 12707/8/6
f 12707/8/6 12691/8/6 12708/8/6
f 12699/6/6 12700/6/6 12709/6/6
f 12704/8/6 12705/8/6 12712/8/6
f 12712/8/6 12705/8/6 12713/8/6
f 12709/6/6 12700/6/6 12714/6/6
f 12714/6/6 12700/6/6 12715/6/6
f 12710/8/6 12711/8/6 12716/8/6
f 12716/8/6 12711/8/6 12717/8/6
f 12710/8/6 12716/8/6 12721/8/6
f 12716/7/6 12717/7/6 12721/7/6
f 12721/7/6 12717/7/6 12722/7/6
f 12718/10/6 12719/10/6 12723/10/6
f 12719/7/6 12720/7/6 12724/7/6
f 12723/10/6 12719/10/6 12724/10/6
f 12724/7/6 12720/7/6 12725/7/6
f 12710/8/6 12721/8/6 12727/8/6
f 12727/8/6 12721/8/6 12728/8/6
f 12721/6/6 12722/6/6 12729/6/6
f 12728/8/6 12721/8/6 12729/8/6
f 12722/7/6 12723/7/6 12730/7/6
f 12729/6/6 12722/6/6 12730/6/6
f 12730/7/6 12723/7/6 12731/7/6
f 12731/7/6 12723/7/6 12732/7/6
f 12725/11/6 12726/11/6 12733/11/6
f 12733/11/6 12726/11/6 12734/11/6
f 12728/8/6 12729/8/6 12738/8/6
f 12729/8/6 12730/8/6 12738/8/6
f 12738/8/6 12730/8/6 12739/8/6
f 12734/11/6 12735/11/6 12740/11/6
f 12740/11/6 12735/11/6 12741/11/6
f 12736/8/6 12737/8/6 12742/8/6
f 12742/8/6 12737/8/6 12743/8/6
f 12743/8/6 12737/8/6 12744/8/6
f 12739/8/6 12730/8/6 12746/8/6
f 12730/6/6 12731/6/6 12747/6/6
f 12746/8/6 12730/8/6 12747/8/6
f 12747/6/6 12731/6/6 12748/6/6
f 12740/13/6 12741/13/6 12749/13/6
f 12742/6/6 12743/6/6 12750/6/6
f 12744/8/6 12745/8/6 12751/8/6
f 12750/6/6 12743/6/6 12751/6/6
f 12743/8/6 12744/8/6 12751/8/6
f 12751/8/6 12745/8/6 12752/8/6
f 12752/8/6 12745/8/6 12753/8/6
f 12747/6/6 12748/6/6 12755/6/6
f 12755/6/6 12748/6/6 12756/6/6
f 12749/13/6 12741/13/6 12759/13/6
f 12759/13/6 12741/13/6 12760/13/6
f 12753/8/6 12754/8/6 12761/8/6
f 12752/8/6 12753/8/6 12761/8/6
f 12761/8/6 12754/8/6 12762/8/6
f 12762/8/6 12754/8/6 12763/8/6
f 12756/6/6 12757/6/6 12766/6/6
f 12766/6/6 12757/6/6 12767/6/6
f 12758/7/6 12759/7/6 12770/7/6
f 12770/7/6 12759/7/6 12771/7/6
f 12762/6/6 12763/6/6 12772/6/6
f 12764/8/6 12765/8/6 12773/8/6
f 12772/6/6 12763/6/6 12773/6/6
f 12763/8/6 12764/8/6 12773/8/6
f 12773/8/6 12765/8/6 12774/8/6
f 12774/8/6 12765/8/6 12775/8/6
f 12767/6/6 12768/6/6 12776/6/6
f 12768/7/6 12769/7/6 12777/7/6
f 12776/6/6 12768/6/6 12777/6/6
f 12769/7/6 12770/7/6 12777/7/6
f 12777/7/6 12770/7/6 12778/7/6
f 12773/6/6 12774/6/6 12779/6/6
f 12779/6/6 12774/6/6 12780/6/6
f 12781/8/6 12782/8/6 12785/8/6
f 12782/8/6 12783/8/6 12785/8/6
f 12785/8/6 12783/8/6 12786/8/6
f 12783/6/6 12784/6/6 12787/6/6
f 12786/8/6 12783/8/6 12787/8/6
f 12787/6/6 12784/6/6 12788/6/6
f 12788/6/6 12784/6/6 12789/6/6
f 12785/8/6 12786/8/6 12794/8/6
f 12786/6/6 12787/6/6 12795/6/6
f 12794/8/6 12786/8/6 12795/8/6
f 12787/11/6 12788/11/6 12796/11/6
f 12795/6/6 12787/6/6 12796/6/6
f 12788/13/6 12789/13/6 12797/13/6
f 12796/11/6 12788/11/6 12797/11/6
f 12789/6/6 12790/6/6 12798/6/6
f 12797/13/6 12789/13/6 12798/13/6
f 12798/6/6 12790/6/6 12799/6/6
f 12793/6/6 12794/6/6 12801/6/6
f 12794/8/6 12795/8/6 12802/8/6
f 12801/6/6 12794/6/6 12802/6/6
f 12802/8/6 12795/8/6 12803/8/6
f 12798/13/6 12799/13/6 12804/13/6
f 12799/11/6 12800/11/6 12805/11/6
f 12804/13/6 12799/13/6 12805/13/6
f 12805/11/6 12800/11/6 12806/11/6
f 12791/8/6 12792/8/6 12808/8/6
f 12805/13/6 12806/13/6 12809/13/6
f 12807/8/6 12808/8/6 12810/8/6
f 12808/8/6 12792/8/6 12811/8/6
f 12810/8/6 12808/8/6 12811/8/6
f 12811/8/6 12792/8/6 12812/8/6
f 12809/13/6 12806/13/6 12813/13/6
f 12813/13/6 12806/13/6 12814/13/6
f 12813/11/6 12814/11/6 12817/11/6
f 12817/11/6 12814/11/6 12818/11/6
f 12810/6/6 12811/6/6 12819/6/6
f 12819/6/6 12811/6/6 12820/6/6
f 12815/8/6 12816/8/6 12821/8/6
f 12816/7/6 12817/7/6 12822/7/6
f 12821/8/6 12816/8/6 12822/8/6
f 12817/7/6 12818/7/6 12822/7/6
f 12822/7/6 12818/7/6 12823/7/6
f 12821/8/6 12822/8/6 12824/8/6
f 12824/8/6 12822/8/6 12825/8/6
f 12825/8/6 12822/8/6 12826/8/6
f 12825/7/6 12826/7/6 12835/7/6
f 12826/6/6 12827/6/6 12836/6/6
f 12835/7/6 12826/7/6 12836/7/6
f 12836/6/6 12827/6/6 12837/6/6
f 12828/11/6 12829/11/6 12841/11/6
f 12829/7/6 12830/7/6 12842/7/6
f 12841/11/6 12829/11/6 12842/11/6
f 12842/7/6 12830/7/6 12843/7/6
f 12843/7/6 12830/7/6 12844/7/6
f 12830/6/6 12831/6/6 12845/6/6
f 12844/7/6 12830/7/6 12845/7/6
f 12845/6/6 12831/6/6 12846/6/6
f 12832/6/6 12833/6/6 12850/6/6
f 12833/8/6 12834/8/6 12851/8/6
f 12850/6/6 12833/6/6 12851/6/6
f 12834/7/6 12835/7/6 12852/7/6
f 12851/8/6 12834/8/6 12852/8/6
f 12835/7/6 12836/7/6 12852/7/6
f 12836/7/6 12837/7/6 12852/7/6
f 12837/7/6 12838/7/6 12852/7/6
f 12852/7/6 12838/7/6 12853/7/6
f 12853/7/6 12838/7/6 12854/7/6
f 12854/7/6 12838/7/6 12855/7/6
f 12842/13/6 12843/13/6 12857/13/6
f 12843/7/6 12844/7/6 12857/7/6
f 12857/7/6 12844/7/6 12858/7/6
f 12847/8/6 12848/8/6 12860/8/6
f 12848/8/6 12849/8/6 12860/8/6
f 12860/8/6 12849/8/6 12861/8/6
f 12861/8/6 12849/8/6 12862/8/6
f 12852/7/6 12853/7/6 12863/7/6
f 12863/7/6 12853/7/6 12864/7/6
f 12864/7/6 12853/7/6 12865/7/6
f 12853/10/6 12854/10/6 12866/10/6
f 12865/7/6 12853/7/6 12866/7/6
f 12854/7/6 12855/7/6 12867/7/6
f 12866/10/6 12854/10/6 12867/10/6
f 12855/7/6 12856/7/6 12867/7/6
f 12867/7/6 12856/7/6 12868/7/6
f 12868/7/6 12856/7/6 12869/7/6
f 12839/6/6 12840/6/6 12870/6/6
f 12870/6/6 12840/6/6 12871/6/6
f 12842/13/6 12857/13/6 12872/13/6
f 12857/11/6 12858/11/6 12873/11/6
f 12872/13/6 12857/13/6 12873/13/6
f 12860/6/6 12861/6/6 12876/6/6
f 12859/6/6 12860/6/6 12876/6/6
f 12876/6/6 12861/6/6 12877/6/6
f 12867/7/6 12868/7/6 12878/7/6
f 12868/11/6 12869/11/6 12879/11/6
f 12878/7/6 12868/7/6 12879/7/6
f 12879/11/6 12869/11/6 12880/11/6
f 12870/7/6 12871/7/6 12881/7/6
f 12872/11/6 12873/11/6 12884/11/6
f 12873/11/6 12858/11/6 12885/11/6
f 12884/11/6 12873/11/6 12885/11/6
f 12885/11/6 12858/11/6 12886/11/6
f 12874/11/6 12875/11/6 12887/11/6
f 12887/11/6 12875/11/6 12888/11/6
f 12876/7/6 12877/7/6 12890/7/6
f 12877/6/6 12861/6/6 12891/6/6
f 12890/7/6 12877/7/6 12891/7/6
f 12891/6/6 12861/6/6 12892/6/6
f 12878/11/6 12879/11/6 12893/11/6
f 12879/13/6 12880/13/6 12894/13/6
f 12893/11/6 12879/11/6 12894/11/6
f 12894/13/6 12880/13/6 12895/13/6
f 12881/7/6 12882/7/6 12896/7/6
f 12870/7/6 12881/7/6 12896/7/6
f 12896/7/6 12882/7/6 12897/7/6
f 12897/7/6 12882/7/6 12898/7/6
f 12883/11/6 12884/11/6 12900/11/6
f 12884/11/6 12885/11/6 12900/11/6
f 12900/11/6 12885/11/6 12901/11/6
f 12901/11/6 12885/11/6 12902/11/6
f 12887/7/6 12888/7/6 12903/7/6
f 12903/7/6 12888/7/6 12904/7/6
f 12889/11/6 12890/11/6 12905/11/6
f 12890/11/6 12891/11/6 12905/11/6
f 12905/11/6 12891/11/6 12906/11/6
f 12906/11/6 12891/11/6 12907/11/6
f 12893/13/6 12894/13/6 12908/13/6
f 12908/13/6 12894/13/6 12909/13/6
f 12898/6/6 12899/6/6 12910/6/6
f 12897/6/6 12898/6/6 12910/6/6
f 12900/7/6 12901/7/6 12911/7/6
f 12910/6/6 12899/6/6 12911/6/6
f 12899/7/6 12900/7/6 12911/7/6
f 12911/7/6 12901/7/6 12912/7/6
f 12905/11/6 12906/11/6 12913/11/6
f 12904/11/6 12905/11/6 12913/11/6
f 12913/11/6 12906/11/6 12914/11/6
f 12915/7/6 12916/7/6 12918/7/6
f 12916/10/6 12917/10/6 12919/10/6
f 12918/7/6 12916/7/6 12919/7/6
f 12919/10/6 12917/10/6 12920/10/6
f 12921/6/6 12922/6/6 12926/6/6
f 12922/8/6 12923/8/6 12927/8/6
f 12926/6/6 12922/6/6 12927/6/6
f 12927/8/6 12923/8/6 12928/8/6
f 12924/7/6 12925/7/6 12931/7/6
f 12931/7/6 12925/7/6 12932/7/6
f 12927/8/6 12928/8/6 12933/8/6
f 12933/8/6 12928/8/6 12934/8/6
f 12929/6/6 12930/6/6 12935/6/6
f 12935/6/6 12930/6/6 12936/6/6
f 12937/10/6 12938/10/6 12941/10/6
f 12938/11/6 12939/11/6 12942/11/6
f 12942/11/6 12939/11/6 12943/11/6
f 12941/10/6 12938/10/6 12945/10/6
f 12938/11/6 12942/11/6 12945/11/6
f 12943/13/6 12944/13/6 12946/13/6
f 12945/11/6 12942/11/6 12946/11/6
f 12942/13/6 12943/13/6 12946/13/6
f 12946/13/6 12944/13/6 12947/13/6
f 12940/7/6 12941/7/6 12948/7/6
f 12941/10/6 12945/10/6 12949/10/6
f 12948/7/6 12941/7/6 12949/7/6
f 12945/7/6 12946/7/6 12950/7/6
f 12949/10/6 12945/10/6 12950/10/6
f 12946/11/6 12947/11/6 12951/11/6
f 12950/7/6 12946/7/6 12951/7/6
f 12947/13/6 12944/13/6 12952/13/6
f 12951/11/6 12947/11/6 12952/11/6
f 12952/13/6 12944/13/6 12953/13/6
f 12948/6/6 12949/6/6 12956/6/6
f 12950/10/6 12951/10/6 12957/10/6
f 12956/6/6 12949/6/6 12957/6/6
f 12949/10/6 12950/10/6 12957/10/6
f 12951/10/6 12952/10/6 12957/10/6
f 12957/10/6 12952/10/6 12958/10/6
f 12952/11/6 12953/11/6 12959/11/6
f 12959/11/6 12953/11/6 12960/11/6
f 12954/10/6 12955/10/6 12961/10/6
f 12961/10/6 12955/10/6 12962/10/6
f 12957/7/6 12958/7/6 12967/7/6
f 12958/10/6 12952/10/6 12968/10/6
f 12967/7/6 12958/7/6 12968/7/6
f 12952/11/6 12959/11/6 12969/11/6
f 12968/10/6 12952/10/6 12969/10/6
f 12969/11/6 12959/11/6 12970/11/6
f 12963/6/6 12964/6/6 12972/6/6
f 12972/6/6 12964/6/6 12973/6/6
f 12965/8/6 12966/8/6 12976/8/6
f 12976/8/6 12966/8/6 12977/8/6
f 12977/8/6 12966/8/6 12978/8/6
f 12971/7/6 12972/7/6 12979/7/6
f 12972/11/6 12973/11/6 12980/11/6
f 12979/7/6 12972/7/6 12980/7/6
f 12973/6/6 12974/6/6 12981/6/6
f 12980/11/6 12973/11/6 12981/11/6
f 12981/6/6 12974/6/6 12982/6/6
f 12975/8/6 12976/8/6 12983/8/6
f 12983/8/6 12976/8/6 12984/8/6
f 12979/7/6 12980/7/6 12985/7/6
f 12981/6/6 12982/6/6 12986/6/6
f 12985/7/6 12980/7/6 12986/7/6
f 12980/6/6 12981/6/6 12986/6/6
f 12982/6/6 12983/6/6 12986/6/6
f 12986/6/6 12983/6/6 12987/6/6
f 12987/6/6 12983/6/6 12988/6/6
f 12988/6/6 12983/6/6 12989/6/6
f 12989/6/6 12983/6/6 12990/6/6
f 12990/8/6 12991/8/6 12992/8/6
f 12989/8/6 12990/8/6 12992/8/6
f 12992/8/6 12991/8/6 12993/8/6
f 12993/8/6 12994/8/6 12999/8/6
f 12995/6/6 12996/6/6 13003/6/6
f 12996/11/6 12997/11/6 13004/11/6
f 13003/6/6 12996/6/6 13004/6/6
f 12997/13/6 12998/13/6 13005/13/6
f 13004/11/6 12997/11/6 13005/11/6
f 13005/13/6 12998/13/6 13006/13/6
f 12993/8/6 12999/8/6 13008/8/6
f 12999/8/6 13000/8/6 13008/8/6
f 13008/8/6 13000/8/6 13009/8/6
f 13001/7/6 13002/7/6 13010/7/6
f 13002/6/6 13003/6/6 13011/6/6
f 13010/7/6 13002/7/6 13011/7/6
f 13003/8/6 13004/8/6 13012/8/6
f 13011/6/6 13003/6/6 13012/6/6
f 13004/6/6 13005/6/6 13013/6/6
f 13012/8/6 13004/8/6 13013/8/6
f 13005/11/6 13006/11/6 13014/11/6
f 13013/6/6 13005/6/6 13014/6/6
f 13006/13/6 13007/13/6 13015/13/6
f 13014/11/6 13006/11/6 13015/11/6
f 13015/13/6 13007/13/6 13016/13/6
f 12993/8/6 13008/8/6 13018/8/6
f 13018/8/6 13008/8/6 13019/8/6
f 13013/6/6 13014/6/6 13020/6/6
f 13012/6/6 13013/6/6 13020/6/6
f 13020/6/6 13014/6/6 13021/6/6
f 13014/10/6 13015/10/6 13022/10/6
f 13021/6/6 13014/6/6 13022/6/6
f 13015/11/6 13016/11/6 13023/11/6
f 13022/10/6 13015/10/6 13023/10/6
f 13023/11/6 13016/11/6 13024/11/6
f 13017/6/6 13018/6/6 13025/6/6
f 13021/8/6 13022/8/6 13026/8/6
f 13023/7/6 13024/7/6 13027/7/6
f 13026/8/6 13022/8/6 13027/8/6
f 13022/7/6 13023/7/6 13027/7/6
f 13027/7/6 13024/7/6 13028/7/6
f 13017/6/6 13025/6/6 13029/6/6
f 13017/6/6 13029/6/6 13032/6/6
f 13030/6/6 13031/6/6 13035/6/6
f 13035/6/6 13031/6/6 13036/6/6
f 13032/6/6 13033/6/6 13037/6/6
f 13017/6/6 13032/6/6 13037/6/6
f 13037/6/6 13033/6/6 13038/6/6
f 13038/6/6 13033/6/6 13039/6/6
f 13034/6/6 13035/6/6 13045/6/6
f 13035/8/6 13036/8/6 13046/8/6
f 13045/6/6 13035/6/6 13046/6/6
f 13038/7/6 13039/7/6 13049/7/6
f 13039/7/6 13040/7/6 13049/7/6
f 13040/7/6 13041/7/6 13049/7/6
f 13049/7/6 13041/7/6 13050/7/6
f 13042/8/6 13043/8/6 13053/8/6
f 13053/8/6 13043/8/6 13054/8/6
f 13044/6/6 13045/6/6 13057/6/6
f 13057/6/6 13045/6/6 13058/6/6
f 13045/8/6 13046/8/6 13059/8/6
f 13058/6/6 13045/6/6 13059/6/6
f 13046/8/6 13036/8/6 13060/8/6
f 13059/8/6 13046/8/6 13060/8/6
f 13047/6/6 13048/6/6 13061/6/6
f 13061/6/6 13048/6/6 13062/6/6
f 13062/6/6 13048/6/6 13063/6/6
f 13051/11/6 13052/11/6 13069/11/6
f 13052/7/6 13053/7/6 13070/7/6
f 13069/11/6 13052/11/6 13070/11/6
f 13054/8/6 13055/8/6 13071/8/6
f 13070/7/6 13053/7/6 13071/7/6
f 13053/8/6 13054/8/6 13071/8/6
f 13071/8/6 13055/8/6 13072/8/6
f 13072/8/6 13055/8/6 13073/8/6
f 13056/6/6 13057/6/6 13074/6/6
f 13057/6/6 13058/6/6 13074/6/6
f 13074/6/6 13058/6/6 13075/6/6
f 13066/6/6 13067/6/6 13076/6/6
f 13067/11/6 13068/11/6 13077/11/6
f 13076/6/6 13067/6/6 13077/6/6
f 13071/7/6 13072/7/6 13078/7/6
f 13070/11/6 13071/11/6 13078/11/6
f 13078/7/6 13072/7/6 13079/7/6
f 13064/13/6 13065/13/6 13085/13/6
f 13085/13/6 13065/13/6 13086/13/6
f 13077/11/6 13068/11/6 13087/11/6
f 13069/13/6 13070/13/6 13088/13/6
f 13087/11/6 13068/11/6 13088/11/6
f 13068/13/6 13069/13/6 13088/13/6
f 13088/13/6 13070/13/6 13089/13/6
f 13070/11/6 13078/11/6 13090/11/6
f 13089/13/6 13070/13/6 13090/13/6
f 13090/11/6 13078/11/6 13091/11/6
f 13080/7/6 13081/7/6 13093/7/6
f 13081/10/6 13082/10/6 13094/10/6
f 13093/7/6 13081/7/6 13094/7/6
f 13094/10/6 13082/10/6 13095/10/6
f 13095/10/6 13082/10/6 13096/10/6
f 13083/7/6 13084/7/6 13097/7/6
f 13097/7/6 13084/7/6 13098/7/6
f 13085/11/6 13086/11/6 13100/11/6
f 13100/11/6 13086/11/6 13101/11/6
f 13088/11/6 13089/11/6 13102/11/6
f 13090/13/6 13091/13/6 13102/13/6
f 13089/13/6 13090/13/6 13102/13/6
f 13102/13/6 13091/13/6 13103/13/6
f 13093/10/6 13094/10/6 13104/10/6
f 13094/10/6 13095/10/6 13104/10/6
f 13095/11/6 13096/11/6 13105/11/6
f 13104/10/6 13095/10/6 13105/10/6
f 13105/11/6 13096/11/6 13106/11/6
f 13098/6/6 13099/6/6 13107/6/6
f 13099/11/6 13100/11/6 13108/11/6
f 13107/6/6 13099/6/6 13108/6/6
f 13108/11/6 13100/11/6 13109/11/6
f 13088/11/6 13102/11/6 13110/11/6
f 13110/11/6 13102/11/6 13111/11/6
f 13092/7/6 13093/7/6 13112/7/6
f 13093/10/6 13104/10/6 13113/10/6
f 13112/7/6 13093/7/6 13113/7/6
f 13104/11/6 13105/11/6 13114/11/6
f 13113/10/6 13104/10/6 13114/10/6
f 13105/13/6 13106/13/6 13115/13/6
f 13114/11/6 13105/11/6 13115/11/6
f 13115/13/6 13106/13/6 13116/13/6
f 13113/7/6 13114/7/6 13117/7/6
f 13114/11/6 13115/11/6 13118/11/6
f 13117/7/6 13114/7/6 13118/7/6
f 13118/11/6 13115/11/6 13119/11/6
f 13120/11/6 13121/11/6 13122/11/6
f 13122/11/6 13121/11/6 13123/11/6
f 13124/7/6 13125/7/6 13130/7/6
f 13125/8/6 13126/8/6 13131/8/6
f 13130/7/6 13125/7/6 13131/7/6
f 13131/8/6 13126/8/6 13132/8/6
f 13127/6/6 13128/6/6 13133/6/6
f 13133/6/6 13128/6/6 13134/6/6
f 13129/11/6 13130/11/6 13135/11/6
f 13131/7/6 13132/7/6 13136/7/6
f 13135/11/6 13130/11/6 13136/11/6
f 13130/7/6 13131/7/6 13136/7/6
f 13136/7/6 13132/7/6 13137/7/6
f 13137/7/6 13132/7/6 13138/7/6
f 13135/13/6 13136/13/6 13139/13/6
f 13136/11/6 13137/11/6 13140/11/6
f 13139/13/6 13136/13/6 13140/13/6
f 13140/11/6 13137/11/6 13141/11/6
f 13142/8/6 13143/8/6 13144/8/6
f 13144/8/6 13143/8/6 13145/8/6
f 13146/8/6 13147/8/6 13149/8/6
f 13149/8/6 13147/8/6 13150/8/6
f 13148/6/6 13149/6/6 13152/6/6
f 13150/8/6 13151/8/6 13153/8/6
f 13152/6/6 13149/6/6 13153/6/6
f 13149/8/6 13150/8/6 13153/8/6
f 13153/8/6 13151/8/6 13154/8/6
f 13154/8/6 13151/8/6 13155/8/6
f 13155/8/6 13156/8/6 13157/8/6
f 13154/8/6 13155/8/6 13157/8/6
f 13157/8/6 13156/8/6 13158/8/6
f 13158/8/6 13156/8/6 13159/8/6
f 13158/8/6 13159/8/6 13161/8/6
f 13159/6/6 13160/6/6 13162/6/6
f 13161/8/6 13159/8/6 13162/8/6
f 13162/6/6 13160/6/6 13163/6/6
f 13161/8/6 13162/8/6 13165/8/6
f 13162/8/6 13163/8/6 13165/8/6
f 13165/8/6 13163/8/6 13166/8/6
f 13166/8/6 13163/8/6 13167/8/6
f 13164/7/6 13165/7/6 13173/7/6
f 13165/6/6 13166/6/6 13174/6/6
f 13173/7/6 13165/7/6 13174/7/6
f 13174/6/6 13166/6/6 13175/6/6
f 13168/11/6 13169/11/6 13178/11/6
f 13178/11/6 13169/11/6 13179/11/6
f 13170/6/6 13171/6/6 13180/6/6
f 13171/11/6 13172/11/6 13181/11/6
f 13180/6/6 13171/6/6 13181/6/6
f 13172/13/6 13173/13/6 13182/13/6
f 13181/11/6 13172/11/6 13182/11/6
f 13182/13/6 13173/13/6 13183/13/6
f 13176/7/6 13177/7/6 13184/7/6
f 13184/7/6 13177/7/6 13185/7/6
f 13177/11/6 13178/11/6 13186/11/6
f 13185/7/6 13177/7/6 13186/7/6
f 13178/13/6 13179/13/6 13187/13/6
f 13186/11/6 13178/11/6 13187/11/6
f 13187/13/6 13179/13/6 13188/13/6
f 13185/7/6 13186/7/6 13189/7/6
f 13186/7/6 13187/7/6 13189/7/6
f 13187/11/6 13188/11/6 13190/11/6
f 13189/7/6 13187/7/6 13190/7/6
f 13190/11/6 13188/11/6 13191/11/6
f 13192/11/6 13193/11/6 13196/11/6
f 13196/11/6 13193/11/6 13197/11/6
f 13194/11/6 13195/11/6 13200/11/6
f 13200/11/6 13195/11/6 13201/11/6
f 13197/6/6 13198/6/6 13202/6/6
f 13200/11/6 13201/11/6 13203/11/6
f 13199/7/6 13200/7/6 13203/7/6
f 13203/11/6 13201/11/6 13204/11/6
f 13202/6/6 13198/6/6 13206/6/6
f 13206/6/6 13198/6/6 13207/6/6
f 13199/7/6 13203/7/6 13214/7/6
f 13203/7/6 13204/7/6 13214/7/6
f 13214/7/6 13204/7/6 13215/7/6
f 13204/10/6 13205/10/6 13216/10/6
f 13206/7/6 13207/7/6 13218/7/6
f 13208/7/6 13209/7/6 13219/7/6
f 13219/7/6 13209/7/6 13220/7/6
f 13209/10/6 13210/10/6 13221/10/6
f 13220/7/6 13209/7/6 13221/7/6
f 13221/10/6 13210/10/6 13222/10/6
f 13210/7/6 13211/7/6 13223/7/6
f 13222/10/6 13210/10/6 13223/10/6
f 13223/7/6 13211/7/6 13224/7/6
f 13212/7/6 13213/7/6 13226/7/6
f 13226/7/6 13213/7/6 13227/7/6
f 13215/7/6 13204/7/6 13228/7/6
f 13204/10/6 13216/10/6 13229/10/6
f 13228/7/6 13204/7/6 13229/7/6
f 13216/6/6 13217/6/6 13230/6/6
f 13229/10/6 13216/10/6 13230/10/6
f 13217/7/6 13218/7/6 13231/7/6
f 13230/6/6 13217/6/6 13231/6/6
f 13218/7/6 13207/7/6 13232/7/6
f 13231/7/6 13218/7/6 13232/7/6
f 13223/7/6 13224/7/6 13233/7/6
f 13224/6/6 13225/6/6 13234/6/6
f 13233/7/6 13224/7/6 13234/7/6
f 13234/6/6 13225/6/6 13235/6/6
f 13231/6/6 13232/6/6 13236/6/6
f 13229/6/6 13230/6/6 13236/6/6
f 13230/6/6 13231/6/6 13236/6/6
f 13236/6/6 13232/6/6 13237/6/6
f 13237/6/6 13232/6/6 13238/6/6
f 13234/6/6 13235/6/6 13240/6/6
f 13240/6/6 13235/6/6 13241/6/6
f 13237/8/6 13238/8/6 13242/8/6
f 13238/8/6 13239/8/6 13242/8/6
f 13242/8/6 13239/8/6 13243/8/6
f 13243/8/6 13239/8/6 13244/8/6
f 13244/8/6 13239/8/6 13245/8/6
f 13246/8/6 13247/8/6 13248/8/6
f 13248/8/6 13247/8/6 13249/8/6
f 13249/6/6 13250/6/6 13251/6/6
f 13251/6/6 13250/6/6 13252/6/6
f 13255/8/6 13256/8/6 13259/8/6
f 13257/7/6 13258/7/6 13260/7/6
f 13258/6/6 13259/6/6 13261/6/6
f 13260/7/6 13258/7/6 13261/7/6
f 13259/8/6 13256/8/6 13262/8/6
f 13261/6/6 13259/6/6 13262/6/6
f 13262/8/6 13256/8/6 13263/8/6
f 13253/6/6 13254/6/6 13264/6/6
f 13264/6/6 13254/6/6 13265/6/6
f 13264/8/6 13265/8/6 13266/8/6
f 13266/8/6 13265/8/6 13267/8/6
f 13268/6/6 13269/6/6 13270/6/6
f 13270/6/6 13269/6/6 13271/6/6
f 13270/8/6 13271/8/6 13275/8/6
f 13271/8/6 13272/8/6 13275/8/6
f 13275/8/6 13272/8/6 13276/8/6
f 13276/8/6 13272/8/6 13277/8/6
f 13273/7/6 13274/7/6 13281/7/6
f 13274/8/6 13275/8/6 13282/8/6
f 13281/7/6 13274/7/6 13282/7/6
f 13275/6/6 13276/6/6 13283/6/6
f 13282/8/6 13275/8/6 13283/8/6
f 13276/8/6 13277/8/6 13284/8/6
f 13277/8/6 13278/8/6 13284/8/6
f 13278/6/6 13279/6/6 13285/6/6
f 13284/8/6 13278/8/6 13285/8/6
f 13280/6/6 13281/6/6 13289/6/6
f 13289/6/6 13281/6/6 13290/6/6
f 13283/6/6 13276/6/6 13291/6/6
f 13276/8/6 13284/8/6 13292/8/6
f 13291/6/6 13276/6/6 13292/6/6
f 13292/8/6 13284/8/6 13293/8/6
f 13285/6/6 13279/6/6 13294/6/6
f 13294/6/6 13279/6/6 13295/6/6
f 13286/7/6 13287/7/6 13296/7/6
f 13288/6/6 13289/6/6 13298/6/6
f 13298/6/6 13289/6/6 13299/6/6
f 13286/7/6 13296/7/6 13303/7/6
f 13298/10/6 13299/10/6 13304/10/6
f 13304/10/6 13299/10/6 13305/10/6
f 13300/6/6 13301/6/6 13306/6/6
f 13302/7/6 13303/7/6 13309/7/6
f 13296/6/6 13297/6/6 13310/6/6
f 13303/7/6 13296/7/6 13310/7/6
f 13309/7/6 13303/7/6 13310/7/6
f 13310/6/6 13297/6/6 13311/6/6
f 13304/11/6 13305/11/6 13312/11/6
f 13312/11/6 13305/11/6 13313/11/6
f 13300/6/6 13306/6/6 13316/6/6
f 13306/8/6 13307/8/6 13317/8/6
f 13316/6/6 13306/6/6 13317/6/6
f 13317/8/6 13307/8/6 13318/8/6
f 13308/7/6 13309/7/6 13319/7/6
f 13309/7/6 13310/7/6 13319/7/6
f 13319/7/6 13310/7/6 13320/7/6
f 13320/7/6 13310/7/6 13321/7/6
f 13321/7/6 13310/7/6 13322/7/6
f 13313/6/6 13314/6/6 13323/6/6
f 13323/6/6 13314/6/6 13324/6/6
f 13317/6/6 13318/6/6 13326/6/6
f 13315/6/6 13316/6/6 13326/6/6
f 13316/6/6 13317/6/6 13326/6/6
f 13326/6/6 13318/6/6 13327/6/6
f 13327/6/6 13318/6/6 13328/6/6
f 13328/6/6 13318/6/6 13329/6/6
f 13319/6/6 13320/6/6 13330/6/6
f 13320/7/6 13321/7/6 13331/7/6
f 13330/6/6 13320/6/6 13331/6/6
f 13331/7/6 13321/7/6 13332/7/6
f 13325/6/6 13326/6/6 13333/6/6
f 13326/6/6 13327/6/6 13333/6/6
f 13327/11/6 13328/11/6 13334/11/6
f 13333/6/6 13327/6/6 13334/6/6
f 13334/11/6 13328/11/6 13335/11/6
f 13337/11/6 13338/11/6 13339/11/6
f 13336/13/6 13337/13/6 13341/13/6
f 13339/11/6 13340/11/6 13342/11/6
f 13341/13/6 13337/13/6 13342/13/6
f 13337/11/6 13339/11/6 13342/11/6
f 13342/11/6 13340/11/6 13343/11/6
f 13343/11/6 13340/11/6 13344/11/6
f 13341/11/6 13342/11/6 13345/11/6
f 13342/11/6 13343/11/6 13345/11/6
f 13345/11/6 13343/11/6 13346/11/6
f 13343/7/6 13344/7/6 13347/7/6
f 13346/11/6 13343/11/6 13347/11/6
f 13346/7/6 13347/7/6 13352/7/6
f 13347/7/6 13344/7/6 13353/7/6
f 13352/7/6 13347/7/6 13353/7/6
f 13348/7/6 13349/7/6 13358/7/6
f 13349/6/6 13350/6/6 13359/6/6
f 13358/7/6 13349/7/6 13359/7/6
f 13350/8/6 13351/8/6 13360/8/6
f 13359/6/6 13350/6/6 13360/6/6
f 13360/8/6 13351/8/6 13361/8/6
f 13354/11/6 13355/11/6 13363/11/6
f 13355/10/6 13356/10/6 13364/10/6
f 13363/11/6 13355/11/6 13364/11/6
f 13356/7/6 13357/7/6 13365/7/6
f 13364/10/6 13356/10/6 13365/10/6
f 13365/7/6 13357/7/6 13366/7/6
f 13362/13/6 13363/13/6 13369/13/6
f 13363/11/6 13364/11/6 13370/11/6
f 13369/13/6 13363/13/6 13370/13/6
f 13370/11/6 13364/11/6 13371/11/6
f 13367/8/6 13368/8/6 13372/8/6
f 13372/8/6 13368/8/6 13373/8/6
f 13369/11/6 13370/11/6 13376/11/6
f 13370/13/6 13371/13/6 13377/13/6
f 13376/11/6 13370/11/6 13377/11/6
f 13377/13/6 13371/13/6 13378/13/6
f 13374/6/6 13375/6/6 13380/6/6
f 13380/6/6 13375/6/6 13381/6/6
f 13376/7/6 13377/7/6 13383/7/6
f 13378/11/6 13379/11/6 13384/11/6
f 13383/7/6 13377/7/6 13384/7/6
f 13377/11/6 13378/11/6 13384/11/6
f 13384/11/6 13379/11/6 13385/11/6
f 13381/7/6 13382/7/6 13388/7/6
f 13388/7/6 13382/7/6 13389/7/6
f 13384/7/6 13385/7/6 13391/7/6
f 13386/6/6 13387/6/6 13392/6/6
f 13391/7/6 13385/7/6 13392/7/6
f 13385/6/6 13386/6/6 13392/6/6
f 13392/6/6 13387/6/6 13393/6/6
f 13393/6/6 13387/6/6 13394/6/6
f 13392/7/6 13393/7/6 13397/7/6
f 13395/6/6 13396/6/6 13398/6/6
f 13397/7/6 13393/7/6 13398/7/6
f 13394/6/6 13395/6/6 13398/6/6
f 13393/6/6 13394/6/6 13398/6/6
f 13398/6/6 13396/6/6 13399/6/6
f 13399/6/6 13396/6/6 13400/6/6
f 13389/6/6 13390/6/6 13403/6/6
f 13403/6/6 13390/6/6 13404/6/6
f 13399/8/6 13400/8/6 13405/8/6
f 13400/6/6 13401/6/6 13405/6/6
f 13401/7/6 13402/7/6 13406/7/6
f 13405/6/6 13401/6/6 13406/6/6
f 13406/7/6 13402/7/6 13407/7/6
f 13399/8/6 13405/8/6 13411/8/6
f 13405/8/6 13406/8/6 13411/8/6
f 13411/8/6 13406/8/6 13412/8/6
f 13406/6/6 13407/6/6 13413/6/6
f 13412/8/6 13406/8/6 13413/8/6
f 13407/8/6 13408/8/6 13414/8/6
f 13413/6/6 13407/6/6 13414/6/6
f 13414/8/6 13408/8/6 13415/8/6
f 13409/7/6 13410/7/6 13419/7/6
f 13419/7/6 13410/7/6 13420/7/6
f 13415/8/6 13416/8/6 13421/8/6
f 13414/8/6 13415/8/6 13421/8/6
f 13413/8/6 13414/8/6 13421/8/6
f 13421/8/6 13416/8/6 13422/8/6
f 13417/8/6 13418/8/6 13424/8/6
f 13419/10/6 13420/10/6 13425/10/6
f 13425/10/6 13420/10/6 13426/10/6
f 13422/8/6 13423/8/6 13428/8/6
f 13421/8/6 13422/8/6 13428/8/6
f 13428/8/6 13423/8/6 13429/8/6
f 13429/8/6 13423/8/6 13430/8/6
f 13424/8/6 13418/8/6 13433/8/6
f 13433/8/6 13418/8/6 13434/8/6
f 13426/7/6 13427/7/6 13435/7/6
f 13435/7/6 13427/7/6 13436/7/6
f 13428/8/6 13429/8/6 13440/8/6
f 13440/8/6 13429/8/6 13441/8/6
f 13429/6/6 13430/6/6 13442/6/6
f 13441/8/6 13429/8/6 13442/8/6
f 13430/8/6 13431/8/6 13443/8/6
f 13442/6/6 13430/6/6 13443/6/6
f 13443/8/6 13431/8/6 13444/8/6
f 13432/6/6 13433/6/6 13445/6/6
f 13445/6/6 13433/6/6 13446/6/6
f 13436/7/6 13437/7/6 13447/7/6
f 13447/7/6 13437/7/6 13448/7/6
f 13438/6/6 13439/6/6 13449/6/6
f 13449/6/6 13439/6/6 13450/6/6
f 13441/7/6 13442/7/6 13451/7/6
f 13442/7/6 13443/7/6 13451/7/6
f 13451/7/6 13443/7/6 13452/7/6
f 13453/7/6 13454/7/6 13456/7/6
f 13456/7/6 13454/7/6 13457/7/6
f 13455/7/6 13456/7/6 13457/7/6
f 13457/7/6 13454/7/6 13458/7/6
f 13455/7/6 13457/7/6 13460/7/6
f 13460/7/6 13457/7/6 13461/7/6
f 13459/6/6 13460/6/6 13465/6/6
f 13462/7/6 13463/7/6 13466/7/6
f 13464/6/6 13465/6/6 13467/6/6
f 13465/6/6 13460/6/6 13468/6/6
f 13467/6/6 13465/6/6 13468/6/6
f 13462/7/6 13466/7/6 13469/7/6
f 13466/6/6 13467/6/6 13470/6/6
f 13469/7/6 13466/7/6 13470/7/6
f 13467/7/6 13468/7/6 13471/7/6
f 13470/6/6 13467/6/6 13471/6/6
f 13468/6/6 13460/6/6 13472/6/6
f 13471/7/6 13468/7/6 13472/7/6
f 13472/6/6 13460/6/6 13473/6/6
f 13470/7/6 13471/7/6 13474/7/6
f 13474/7/6 13471/7/6 13475/7/6
f 13476/11/6 13477/11/6 13485/11/6
f 13477/7/6 13478/7/6 13486/7/6
f 13485/11/6 13477/11/6 13486/11/6
f 13486/7/6 13478/7/6 13487/7/6
f 13478/6/6 13479/6/6 13488/6/6
f 13487/7/6 13478/7/6 13488/7/6
f 13479/8/6 13480/8/6 13489/8/6
f 13488/6/6 13479/6/6 13489/6/6
f 13489/8/6 13480/8/6 13490/8/6
f 13481/11/6 13482/11/6 13491/11/6
f 13482/7/6 13483/7/6 13492/7/6
f 13491/11/6 13482/11/6 13492/11/6
f 13492/7/6 13483/7/6 13493/7/6
f 13493/7/6 13483/7/6 13494/7/6
f 13484/11/6 13485/11/6 13495/11/6
f 13485/11/6 13486/11/6 13495/11/6
f 13495/11/6 13486/11/6 13496/11/6
f 13496/11/6 13486/11/6 13497/11/6
f 13497/11/6 13486/11/6 13498/11/6
f 13489/6/6 13490/6/6 13499/6/6
f 13491/13/6 13492/13/6 13502/13/6
f 13502/13/6 13492/13/6 13503/13/6
f 13492/11/6 13493/11/6 13504/11/6
f 13503/13/6 13492/13/6 13504/13/6
f 13493/7/6 13494/7/6 13505/7/6
f 13504/11/6 13493/11/6 13505/11/6
f 13494/6/6 13495/6/6 13506/6/6
f 13505/7/6 13494/7/6 13506/7/6
f 13495/6/6 13496/6/6 13506/6/6
f 13506/6/6 13496/6/6 13507/6/6
f 13507/6/6 13496/6/6 13508/6/6
f 13489/6/6 13499/6/6 13509/6/6
f 13499/8/6 13500/8/6 13510/8/6
f 13509/6/6 13499/6/6 13510/6/6
f 13510/8/6 13500/8/6 13511/8/6
f 13500/7/6 13501/7/6 13512/7/6
f 13511/8/6 13500/8/6 13512/8/6
f 13512/7/6 13501/7/6 13513/7/6
f 13503/7/6 13504/7/6 13515/7/6
f 13504/6/6 13505/6/6 13516/6/6
f 13515/7/6 13504/7/6 13516/7/6
f 13505/6/6 13506/6/6 13516/6/6
f 13506/6/6 13507/6/6 13516/6/6
f 13516/6/6 13507/6/6 13517/6/6
f 13507/7/6 13508/7/6 13518/7/6
f 13510/6/6 13511/6/6 13519/6/6
f 13513/7/6 13514/7/6 13520/7/6
f 13519/6/6 13511/6/6 13520/6/6
f 13512/7/6 13513/7/6 13520/7/6
f 13511/7/6 13512/7/6 13520/7/6
f 13520/7/6 13514/7/6 13521/7/6
f 13521/7/6 13514/7/6 13522/7/6
f 13522/7/6 13514/7/6 13523/7/6
f 13523/7/6 13514/7/6 13524/7/6
f 13517/6/6 13507/6/6 13526/6/6
f 13507/7/6 13518/7/6 13527/7/6
f 13526/6/6 13507/6/6 13527/6/6
f 13527/7/6 13518/7/6 13528/7/6
f 13523/7/6 13524/7/6 13529/7/6
f 13524/11/6 13525/11/6 13530/11/6
f 13529/7/6 13524/7/6 13530/7/6
f 13530/11/6 13525/11/6 13531/11/6
f 13531/11/6 13525/11/6 13532/11/6
f 13532/7/6 13533/7/6 13540/7/6
f 13540/7/6 13533/7/6 13541/7/6
f 13534/11/6 13535/11/6 13542/11/6
f 13542/11/6 13535/11/6 13543/11/6
f 13543/11/6 13535/11/6 13544/11/6
f 13536/6/6 13537/6/6 13545/6/6
f 13537/8/6 13538/8/6 13546/8/6
f 13545/6/6 13537/6/6 13546/6/6
f 13546/8/6 13538/8/6 13547/8/6
f 13539/6/6 13540/6/6 13549/6/6
f 13549/6/6 13540/6/6 13550/6/6
f 13542/7/6 13543/7/6 13551/7/6
f 13551/7/6 13543/7/6 13552/7/6
f 13546/6/6 13547/6/6 13554/6/6
f 13554/6/6 13547/6/6 13555/6/6
f 13549/8/6 13550/8/6 13558/8/6
f 13548/6/6 13549/6/6 13558/6/6
f 13558/8/6 13550/8/6 13559/8/6
f 13553/7/6 13554/7/6 13561/7/6
f 13561/7/6 13554/7/6 13562/7/6
f 13556/8/6 13557/8/6 13564/8/6
f 13564/8/6 13557/8/6 13565/8/6
f 13565/8/6 13557/8/6 13566/8/6
f 13548/6/6 13558/6/6 13567/6/6
f 13567/6/6 13558/6/6 13568/6/6
f 13560/7/6 13561/7/6 13570/7/6
f 13570/7/6 13561/7/6 13571/7/6
f 13564/7/6 13565/7/6 13572/7/6
f 13563/7/6 13564/7/6 13572/7/6
f 13572/7/6 13565/7/6 13573/7/6
f 13568/7/6 13569/7/6 13574/7/6
f 13574/7/6 13569/7/6 13575/7/6
f 13574/10/6 13575/10/6 13579/10/6
f 13579/10/6 13575/10/6 13580/10/6
f 13576/6/6 13577/6/6 13581/6/6
f 13577/7/6 13578/7/6 13582/7/6
f 13581/6/6 13577/6/6 13582/6/6
f 13582/7/6 13578/7/6 13583/7/6
f 13579/7/6 13580/7/6 13585/7/6
f 13585/7/6 13580/7/6 13586/7/6
f 13583/7/6 13584/7/6 13587/7/6
f 13587/7/6 13584/7/6 13588/7/6
f 13563/7/6 13572/7/6 13589/7/6
f 13589/7/6 13572/7/6 13590/7/6
f 13587/11/6 13588/11/6 13594/11/6
f 13591/11/6 13592/11/6 13595/11/6
f 13595/11/6 13592/11/6 13596/11/6
f 13593/13/6 13594/13/6 13597/13/6
f 13594/11/6 13588/11/6 13598/11/6
f 13597/13/6 13594/13/6 13598/13/6
f 13598/11/6 13588/11/6 13599/11/6
f 13596/11/6 13597/11/6 13600/11/6
f 13597/11/6 13598/11/6 13600/11/6
f 13600/11/6 13598/11/6 13601/11/6
f 13602/13/6 13603/13/6 13607/13/6
f 13605/11/6 13606/11/6 13608/11/6
f 13606/13/6 13607/13/6 13609/13/6
f 13608/11/6 13606/11/6 13609/11/6
f 13607/13/6 13603/13/6 13610/13/6
f 13609/13/6 13607/13/6 13610/13/6
f 13603/7/6 13604/7/6 13611/7/6
f 13610/13/6 13603/13/6 13611/13/6
f 13611/7/6 13604/7/6 13612/7/6
f 13612/7/6 13604/7/6 13613/7/6
f 13608/13/6 13609/13/6 13615/13/6
f 13615/13/6 13609/13/6 13616/13/6
f 13613/6/6 13614/6/6 13618/6/6
f 13612/6/6 13613/6/6 13618/6/6
f 13618/6/6 13614/6/6 13619/6/6
f 13615/11/6 13616/11/6 13621/11/6
f 13616/7/6 13617/7/6 13622/7/6
f 13621/11/6 13616/11/6 13622/11/6
f 13612/6/6 13618/6/6 13624/6/6
f 13619/7/6 13620/7/6 13625/7/6
f 13618/7/6 13619/7/6 13625/7/6
f 13624/6/6 13618/6/6 13625/6/6
f 13625/7/6 13620/7/6 13626/7/6
f 13626/7/6 13620/7/6 13627/7/6
f 13621/7/6 13622/7/6 13628/7/6
f 13622/7/6 13617/7/6 13629/7/6
f 13628/7/6 13622/7/6 13629/7/6
f 13623/8/6 13624/8/6 13630/8/6
f 13624/8/6 13625/8/6 13630/8/6
f 13630/8/6 13625/8/6 13631/8/6
f 13625/7/6 13626/7/6 13632/7/6
f 13631/8/6 13625/8/6 13632/8/6
f 13632/7/6 13626/7/6 13633/7/6
f 13630/8/6 13631/8/6 13634/8/6
f 13629/8/6 13630/8/6 13634/8/6
f 13634/8/6 13631/8/6 13635/8/6
f 13631/6/6 13632/6/6 13636/6/6
f 13635/8/6 13631/8/6 13636/8/6
f 13636/6/6 13632/6/6 13637/6/6
f 13635/6/6 13636/6/6 13641/6/6
f 13637/7/6 13638/7/6 13642/7/6
f 13641/6/6 13636/6/6 13642/6/6
f 13636/7/6 13637/7/6 13642/7/6
f 13642/7/6 13638/7/6 13643/7/6
f 13639/7/6 13640/7/6 13645/7/6
f 13645/7/6 13640/7/6 13646/7/6
f 13642/6/6 13643/6/6 13648/6/6
f 13648/6/6 13643/6/6 13649/6/6
f 13649/6/6 13643/6/6 13650/6/6
f 13644/11/6 13645/11/6 13654/11/6
f 13645/13/6 13646/13/6 13654/13/6
f 13646/7/6 13647/7/6 13655/7/6
f 13654/13/6 13646/13/6 13655/13/6
f 13655/7/6 13647/7/6 13656/7/6
f 13649/8/6 13650/8/6 13657/8/6
f 13650/7/6 13651/7/6 13658/7/6
f 13657/8/6 13650/8/6 13658/8/6
f 13658/7/6 13651/7/6 13659/7/6
f 13652/7/6 13653/7/6 13662/7/6
f 13644/11/6 13654/11/6 13663/11/6
f 13654/11/6 13655/11/6 13663/11/6
f 13663/11/6 13655/11/6 13664/11/6
f 13660/6/6 13661/6/6 13666/6/6
f 13661/7/6 13662/7/6 13667/7/6
f 13666/6/6 13661/6/6 13667/6/6
f 13662/7/6 13653/7/6 13668/7/6
f 13667/7/6 13662/7/6 13668/7/6
f 13668/7/6 13653/7/6 13669/7/6
f 13665/8/6 13666/8/6 13672/8/6
f 13666/7/6 13667/7/6 13673/7/6
f 13667/7/6 13668/7/6 13673/7/6
f 13672/8/6 13666/8/6 13673/8/6
f 13668/6/6 13669/6/6 13674/6/6
f 13673/7/6 13668/7/6 13674/7/6
f 13669/7/6 13670/7/6 13675/7/6
f 13674/6/6 13669/6/6 13675/6/6
f 13675/7/6 13670/7/6 13676/7/6
f 13671/10/6 13672/10/6 13677/10/6
f 13675/10/6 13676/10/6 13678/10/6
f 13678/10/6 13676/10/6 13679/10/6
f 13671/10/6 13677/10/6 13683/10/6
f 13678/7/6 13679/7/6 13685/7/6
f 13685/7/6 13679/7/6 13686/7/6
f 13680/11/6 13681/11/6 13687/11/6
f 13681/7/6 13682/7/6 13688/7/6
f 13687/11/6 13681/11/6 13688/11/6
f 13688/7/6 13682/7/6 13689/7/6
f 13683/10/6 13684/10/6 13690/10/6
f 13671/10/6 13683/10/6 13690/10/6
f 13690/10/6 13684/10/6 13691/10/6
f 13685/11/6 13686/11/6 13693/11/6
f 13687/13/6 13688/13/6 13694/13/6
f 13694/13/6 13688/13/6 13695/13/6
f 13688/11/6 13689/11/6 13696/11/6
f 13695/13/6 13688/13/6 13696/13/6
f 13696/11/6 13689/11/6 13697/11/6
f 13690/7/6 13691/7/6 13698/7/6
f 13691/10/6 13684/10/6 13699/10/6
f 13698/7/6 13691/7/6 13699/7/6
f 13699/10/6 13684/10/6 13700/10/6
f 13692/13/6 13693/13/6 13702/13/6
f 13693/11/6 13686/11/6 13703/11/6
f 13702/13/6 13693/13/6 13703/13/6
f 13703/11/6 13686/11/6 13704/11/6
f 13695/13/6 13696/13/6 13705/13/6
f 13705/13/6 13696/13/6 13706/13/6
f 13700/7/6 13701/7/6 13707/7/6
f 13699/7/6 13700/7/6 13707/7/6
f 13707/7/6 13701/7/6 13708/7/6
f 13702/11/6 13703/11/6 13709/11/6
f 13708/7/6 13701/7/6 13709/7/6
f 13701/11/6 13702/11/6 13709/11/6
f 13709/11/6 13703/11/6 13710/11/6
f 13710/11/6 13703/11/6 13711/11/6
f 13708/6/6 13709/6/6 13712/6/6
f 13709/7/6 13710/7/6 13713/7/6
f 13712/6/6 13709/6/6 13713/6/6
f 13713/7/6 13710/7/6 13714/7/6
f 13715/13/6 13716/13/6 13719/13/6
f 13716/11/6 13717/11/6 13720/11/6
f 13719/13/6 13716/13/6 13720/13/6
f 13717/7/6 13718/7/6 13721/7/6
f 13720/11/6 13717/11/6 13721/11/6
f 13720/7/6 13721/7/6 13726/7/6
f 13721/7/6 13718/7/6 13726/7/6
f 13726/7/6 13718/7/6 13727/7/6
f 13722/11/6 13723/11/6 13729/11/6
f 13723/13/6 13724/13/6 13730/13/6
f 13729/11/6 13723/11/6 13730/11/6
f 13724/11/6 13725/11/6 13731/11/6
f 13730/13/6 13724/13/6 13731/13/6
f 13731/11/6 13725/11/6 13732/11/6
f 13732/11/6 13725/11/6 13733/11/6
f 13720/7/6 13726/7/6 13735/7/6
f 13735/7/6 13726/7/6 13736/7/6
f 13729/11/6 13730/11/6 13738/11/6
f 13728/11/6 13729/11/6 13738/11/6
f 13738/11/6 13730/11/6 13739/11/6
f 13739/11/6 13730/11/6 13740/11/6
f 13733/11/6 13734/11/6 13741/11/6
f 13732/11/6 13733/11/6 13741/11/6
f 13741/11/6 13734/11/6 13742/11/6
f 13742/11/6 13734/11/6 13743/11/6
f 13738/7/6 13739/7/6 13745/7/6
f 13737/7/6 13738/7/6 13745/7/6
f 13745/7/6 13739/7/6 13746/7/6
f 13746/7/6 13739/7/6 13747/7/6
f 13743/11/6 13744/11/6 13749/11/6
f 13742/11/6 13743/11/6 13749/11/6
f 13749/11/6 13744/11/6 13750/11/6
f 13747/11/6 13748/11/6 13751/11/6
f 13746/7/6 13747/7/6 13751/7/6
f 13751/11/6 13748/11/6 13752/11/6
f 13742/11/6 13749/11/6 13754/11/6
f 13749/7/6 13750/7/6 13755/7/6
f 13754/11/6 13749/11/6 13755/11/6
f 13755/7/6 13750/7/6 13756/7/6
f 13746/7/6 13751/7/6 13757/7/6
f 13757/7/6 13751/7/6 13758/7/6
f 13753/7/6 13754/7/6 13760/7/6
f 13754/7/6 13755/7/6 13760/7/6
f 13760/7/6 13755/7/6 13761/7/6
f 13758/7/6 13759/7/6 13762/7/6
f 13759/7/6 13760/7/6 13762/7/6
f 13762/7/6 13760/7/6 13763/7/6
f 13764/10/6 13765/10/6 13768/10/6
f 13765/7/6 13766/7/6 13769/7/6
f 13768/10/6 13765/10/6 13769/10/6
f 13769/7/6 13766/7/6 13770/7/6
f 13766/10/6 13767/10/6 13771/10/6
f 13770/7/6 13766/7/6 13771/7/6
f 13771/10/6 13767/10/6 13772/10/6
f 13768/7/6 13769/7/6 13773/7/6
f 13769/10/6 13770/10/6 13774/10/6
f 13773/7/6 13769/7/6 13774/7/6
f 13770/11/6 13771/11/6 13775/11/6
f 13774/10/6 13770/10/6 13775/10/6
f 13771/11/6 13772/11/6 13775/11/6
f 13775/11/6 13772/11/6 13776/11/6
f 13775/13/6 13776/13/6 13777/13/6
f 13777/13/6 13776/13/6 13778/13/6
f 13774/11/6 13775/11/6 13779/11/6
f 13775/13/6 13777/13/6 13780/13/6
f 13779/11/6 13775/11/6 13780/11/6
f 13780/13/6 13777/13/6 13781/13/6
f 13782/13/6 13783/13/6 13785/13/6
f 13785/13/6 13783/13/6 13786/13/6
f 13784/11/6 13785/11/6 13788/11/6
f 13785/13/6 13786/13/6 13789/13/6
f 13788/11/6 13785/11/6 13789/11/6
f 13789/13/6 13786/13/6 13790/13/6
f 13789/11/6 13790/11/6 13792/11/6
f 13790/13/6 13786/13/6 13793/13/6
f 13792/11/6 13790/11/6 13793/11/6
f 13786/11/6 13787/11/6 13794/11/6
f 13793/13/6 13786/13/6 13794/13/6
f 13794/11/6 13787/11/6 13795/11/6
f 13791/7/6 13792/7/6 13796/7/6
f 13792/11/6 13793/11/6 13797/11/6
f 13796/7/6 13792/7/6 13797/7/6
f 13793/11/6 13794/11/6 13797/11/6
f 13797/11/6 13794/11/6 13798/11/6
